Year,Month,Longitude,Latitude,Ss1,Ss3,Ss5,Sm,Sn,Ss,Sd,Sht,As1,As3,As5,Am,An,As,Ad,Aht,Qs1,Qs3,Qs5,Qm,Qn,Qs,Qd,Qht,Rs1,Rs3,Rs5,Rm,Rn,Rs,Rd,Rht,Ws1,Ws3,Ws5,Wm,Wn,Ws,Wd,Wht,Us1,Us3,Us5,Um,Un,Us,Ud,Uht,Vs1,Vs3,Vs5,Vm,Vn,Vs,Vd,Vht,Ps1,Ps3,Ps5,Pm,Pn,Ps,Pd,Pht,Cs1,Cs3,Cs5,Cm,Cn,Cs,Cd,Cht,Xs1,Xs3,Xs5,Xm,Xn,Xs,Xd,Xht,Ys1,Ys3,Ys5,Ym,Yn,Ys,Yd,Yht,Ds1,Ds3,Ds5,Dm,Dn,Ds,Dd,Dht,Es1,Es3,Es5,Em,En,Es,Ed,Eht,Fs1,Fs3,Fs5,Fm,Fn,Fs,Fd,Fht,Gs1,Gs3,Gs5,Gm,Gn,Gs,Gd,Ght,Is1,Is3,Is5,Im,In,Is,Id,Iht,Js1,Js3,Js5,Jm,Jn,Js,Jd,Jht,Ks1,Ks3,Ks5,Km,Kn,Ks,Kd,Kht,Ls1,Ls3,Ls5,Lm,Ln,Ls,Ld,Lht,Ms1,Ms3,Ms5,Mm,Mn,Ms,Md,Mht,Ns1,Ns3,Ns5,Nm,Nn,Ns,Nd,Nht,B1s1,B1s3,B1s5,B1m,B1n,B1s,B1d,B1ht,B2s1,B2s3,B2s5,B2m,B2n,B2s,B2d,B2ht
1911,2,-179.7,-51.5,,,,,,,,,,,,,,,,,,,,,,,,,,,,,,,,,6.7,6.7,12.64,9.6,3.0,5.02,12.0,1.0,2.09,6.58,6.58,4.38,3.0,3.8,12.0,1.0,-10.92,-1.28,-1.28,-5.99,3.0,8.15,12.0,1.0,1008.0,1008.0,1008.0,1008.0,1.0,0.0,20.0,1.0,,,,,,,,,,,,,,,,,,,,,,,,,,,,,,,,,,,,,,,,,,,,,,,,,,,,,,,,,,,,,,,,,,,,,,,,,,,,,,,,,,,,,,,,,,,,,,,,,,,,,,,,,,,,,,,,,,,,,,,,
1911,2,-179.7,28.9,19.4,19.4,19.4,19.4,1.0,0.0,14.0,0.0,18.3,18.3,18.3,18.3,1.0,0.0,14.0,0.0,10.38,10.38,10.38,10.38,1.0,0.0,14.0,0.0,80.0,80.0,80.0,80.0,1.0,0.0,14.0,0.0,9.3,9.3,9.3,9.3,1.0,0.0,14.0,0.0,9.16,9.16,9.16,9.16,1.0,0.0,14.0,0.0,1.61,1.61,1.61,1.61,1.0,0.0,14.0,0.0,1019.3,1019.3,1019.3,1019.3,1.0,0.0,14.0,0.0,6.0,6.0,6.0,6.0,1.0,0.0,14.0,0.0,85.2,85.2,85.2,85.2,1.0,0.0,14.0,0.0,15.0,15.0,15.0,15.0,1.0,0.0,14.0,0.0,1.1,1.1,1.1,1.1,1.0,0.0,14.0,0.0,10.2,10.2,10.2,10.2,1.0,0.0,14.0,0.0,3.54,3.54,3.54,3.54,1.0,0.0,14.0,0.0,32.9,32.9,32.9,32.9,1.0,0.0,14.0,0.0,167.6,167.6,167.6,167.6,1.0,0.0,14.0,0.0,29.6,29.6,29.6,29.6,1.0,0.0,14.0,0.0,95.0,95.0,95.0,95.0,1.0,0.0,14.0,0.0,16.8,16.8,16.8,16.8,1.0,0.0,14.0,0.0,32.4,32.4,32.4,32.4,1.0,0.0,14.0,0.0,5.7,5.7,5.7,5.7,1.0,0.0,14.0,0.0,804.5,804.5,804.5,804.5,1.0,0.0,14.0,0.0,805.0,805.0,805.0,805.0,1.0,0.0,14.0,0.0
1911,2,-179.5,50.2,,,,,,,,,,,,,,,,,,,,,,,,,,,,,,,,,6.7,6.7,15.07,9.73,11.0,5.01,16.0,0.5,1.35,5.8,6.64,3.95,11.0,4.25,16.0,0.5,2.29,3.35,14.59,7.04,11.0,6.28,16.0,0.5,995.16,998.8,1017.61,1003.83,9.0,10.78,18.0,0.3,,,,,,,,,,,,,,,,,,,,,,,,,,,,,,,,,,,,,,,,,,,,,,,,,,,,,,,,,,,,,,,,,,,,,,,,,,,,,,,,,,,,,,,,,,,,,,,,,,,,,,,,,,,,,,,,,,,,,,,,
1911,2,-179.4,24.4,,,,,,,,,,,,,,,,,,,,,,,,,,,,,,,,,6.7,6.7,6.7,6.7,2.0,0.0,18.0,0.0,6.3,6.3,6.3,6.3,2.0,0.0,18.0,0.0,-2.29,-2.29,-2.29,-2.29,2.0,0.0,18.0,0.0,1017.32,1017.8,1018.28,1017.8,2.0,0.99,18.0,0.0,,,,,,,,,,,,,,,,,,,,,,,,,,,,,,,,,,,,,,,,,,,,,,,,,,,,,,,,,,,,,,,,,,,,,,,,,,,,,,,,,,,,,,,,,,,,,,,,,,,,,,,,,,,,,,,,,,,,,,,,
1911,2,-179.4,48.5,2.49,2.8,2.8,2.65,4.0,0.3,12.0,0.5,-1.44,0.55,1.96,0.28,4.0,2.05,12.0,0.5,2.94,3.05,3.43,3.18,4.0,0.35,12.0,0.5,76.2,81.2,85.7,80.9,4.0,6.7,12.0,0.5,4.6,6.95,9.3,6.95,4.0,2.71,12.0,0.5,4.6,6.67,8.74,6.67,4.0,2.39,12.0,0.5,0.0,1.59,3.18,1.59,4.0,1.84,12.0,0.5,989.7,994.75,1000.53,995.1,4.0,6.26,12.0,0.5,5.5,6.0,7.0,6.3,4.0,1.3,12.0,0.5,21.2,51.2,81.3,51.2,4.0,34.7,12.0,0.5,0.0,14.8,29.6,14.8,4.0,17.1,12.0,0.5,0.52,2.25,4.24,2.38,4.0,2.25,12.0,0.5,4.9,12.9,19.5,12.2,4.0,9.7,12.0,0.5,1.15,1.65,1.79,1.48,4.0,0.47,12.0,0.5,7.7,8.2,11.5,9.5,4.0,3.2,12.0,0.5,-6.6,6.0,17.1,5.3,4.0,14.0,12.0,0.5,0.0,2.7,6.2,3.1,4.0,3.6,12.0,0.5,13.5,20.5,29.9,21.7,4.0,9.6,12.0,0.5,0.0,5.0,10.9,5.4,4.0,6.3,12.0,0.5,7.5,8.2,11.0,9.2,4.0,2.9,12.0,0.5,0.0,1.3,3.8,1.9,4.0,2.4,12.0,0.5,97.5,451.0,804.5,451.0,4.0,408.0,12.0,0.5,95.0,450.0,805.0,450.0,4.0,410.0,12.0,0.5
1911,2,-179.2,-27.1,,,,,,,,,,,,,,,,,,,,,,,,,,,,,,,,,3.23,4.6,6.03,4.63,3.0,2.05,4.0,0.7,-1.71,0.0,1.25,-0.22,3.0,2.18,4.0,0.7,2.71,4.6,5.7,4.22,3.0,2.21,4.0,0.7,1005.0,1005.0,1006.57,1005.77,3.0,1.33,4.0,0.7,,,,,,,,,,,,,,,,,,,,,,,,,,,,,,,,,,,,,,,,,,,,,,,,,,,,,,,,,,,,,,,,,,,,,,,,,,,,,,,,,,,,,,,,,,,,,,,,,,,,,,,,,,,,,,,,,,,,,,,,
1911,2,-177.7,-51.2,,,,,,,,,,,,,,,,,,,,,,,,,,,,,,,,,19.0,19.0,19.0,19.0,1.0,0.0,22.0,1.0,7.12,7.12,7.12,7.12,1.0,0.0,22.0,1.0,-17.62,-17.62,-17.62,-17.62,1.0,0.0,22.0,1.0,1004.0,1004.0,1004.0,1004.0,1.0,0.0,22.0,1.0,,,,,,,,,,,,,,,,,,,,,,,,,,,,,,,,,,,,,,,,,,,,,,,,,,,,,,,,,,,,,,,,,,,,,,,,,,,,,,,,,,,,,,,,,,,,,,,,,,,,,,,,,,,,,,,,,,,,,,,,
1911,2,-177.6,28.6,19.5,19.7,19.9,19.7,2.0,0.42,14.0,0.0,17.8,17.8,17.8,17.8,2.0,0.0,14.0,0.0,10.07,10.28,10.48,10.28,2.0,0.43,14.0,0.0,80.2,81.8,83.5,81.8,2.0,3.4,14.0,0.0,7.11,8.0,8.89,8.0,2.0,1.84,14.0,0.0,6.75,7.73,8.7,7.73,2.0,2.02,14.0,0.0,-1.67,-0.34,0.99,-0.34,2.0,2.76,14.0,0.0,1019.66,1019.8,1019.94,1019.8,2.0,0.28,14.0,0.0,3.0,5.0,7.0,5.0,2.0,4.2,14.0,0.0,49.0,63.7,78.4,63.7,2.0,30.4,14.0,0.0,-10.5,-0.2,10.2,-0.2,2.0,21.5,14.0,0.0,1.7,1.9,2.1,1.9,2.0,0.42,14.0,0.0,14.8,14.8,14.9,14.8,2.0,0.1,14.0,0.0,3.52,3.9,4.29,3.9,2.0,0.8,14.0,0.0,30.1,30.5,30.9,30.5,2.0,0.8,14.0,0.0,120.2,137.5,154.9,137.5,2.0,36.0,14.0,0.0,-29.8,-6.0,17.7,-6.0,2.0,49.2,14.0,0.0,68.2,79.8,91.5,79.8,2.0,24.1,14.0,0.0,-16.5,-2.9,10.7,-2.9,2.0,28.2,14.0,0.0,28.5,29.4,30.2,29.4,2.0,1.7,14.0,0.0,-7.8,-2.4,2.9,-2.4,2.0,11.1,14.0,0.0,380.5,552.5,724.5,552.5,2.0,356.0,14.0,0.0,380.0,555.0,725.0,555.0,2.0,355.0,14.0,0.0
1911,2,-177.4,24.4,,,,,,,,,,,,,,,,,,,,,,,,,,,,,,,,,4.93,5.65,6.37,5.65,2.0,1.48,18.0,0.5,4.7,5.51,6.32,5.51,2.0,1.68,18.0,0.5,-1.32,-0.79,-0.25,-0.79,2.0,1.11,18.0,0.5,1016.26,1016.6,1016.94,1016.6,2.0,0.71,18.0,0.5,,,,,,,,,,,,,,,,,,,,,,,,,,,,,,,,,,,,,,,,,,,,,,,,,,,,,,,,,,,,,,,,,,,,,,,,,,,,,,,,,,,,,,,,,,,,,,,,,,,,,,,,,,,,,,,,,,,,,,,,
1911,2,-177.4,48.5,2.77,2.8,4.4,3.33,7.0,0.89,10.0,0.3,-0.05,1.7,4.4,1.74,7.0,2.11,10.0,0.3,2.63,2.96,3.22,2.93,4.0,0.39,12.0,0.3,67.5,77.2,80.1,74.0,4.0,8.9,12.0,0.3,4.5,6.7,9.44,6.69,7.0,3.26,10.0,0.3,1.67,5.13,8.91,5.72,7.0,3.84,10.0,0.3,-2.1,1.57,3.23,0.72,7.0,3.04,10.0,0.3,989.68,1003.9,1006.93,1000.79,7.0,7.92,10.0,0.3,3.0,4.0,6.0,4.3,7.0,1.7,10.0,0.3,7.1,34.4,84.6,48.7,7.0,52.2,10.0,0.3,-5.9,7.2,28.9,8.0,7.0,18.1,10.0,0.3,0.0,1.7,2.28,1.59,7.0,1.38,10.0,0.3,0.0,7.8,26.2,12.7,7.0,11.7,10.0,0.3,1.57,1.81,2.06,1.81,4.0,0.33,12.0,0.3,10.2,12.8,20.5,15.3,4.0,8.3,12.0,0.3,-0.3,7.4,9.6,5.2,7.0,5.9,10.0,0.3,-9.3,0.0,3.5,-3.6,7.0,8.1,10.0,0.3,14.6,20.7,28.4,21.5,4.0,8.0,12.0,0.3,2.5,7.5,11.1,6.8,4.0,5.4,12.0,0.3,,,,,,,,,,,,,,,,,,,,,,,,,,,,,,,,
1911,2,-177.4,48.7,,,,,,,,,,,,,,,,,,,,,,,,,,,,,,,,,,,,,,,,,,,,,,,,,,,,,,,,,,,,,,,,,,,,,,,,,,,,,,,,,,,,,,,,,,,,,,,,,,,,,,,,,,,,,,,,,,,,,,,,,,,,,,,,,,,,,,,,,,,,,,,,,,,,,,,,,8.5,11.0,20.2,14.2,4.0,8.9,12.0,0.3,1.3,3.6,6.4,3.8,4.0,3.4,12.0,0.3,93.5,301.0,855.0,497.0,7.0,656.0,10.0,0.3,95.0,300.0,855.0,495.0,7.0,655.0,10.0,0.3
1911,2,-177.4,50.3,,,,,,,,,,,,,,,,,,,,,,,,,,,,,,,,,4.5,9.3,10.07,8.24,7.0,4.15,14.0,0.4,-4.57,3.52,9.17,2.45,7.0,7.2,14.0,0.4,0.85,2.96,7.16,4.19,7.0,4.14,14.0,0.4,993.65,997.1,1015.29,1003.5,7.0,10.89,16.0,0.3,,,,,,,,,,,,,,,,,,,,,,,,,,,,,,,,,,,,,,,,,,,,,,,,,,,,,,,,,,,,,,,,,,,,,,,,,,,,,,,,,,,,,,,,,,,,,,,,,,,,,,,,,,,,,,,,,,,,,,,,
1911,2,-177.0,-49.5,,,,,,,,,,,,,,,,,,,,,,,,,,,,,,,,,26.2,26.2,26.2,26.2,1.0,0.0,22.0,1.0,20.07,20.07,20.07,20.07,1.0,0.0,22.0,1.0,-16.84,-16.84,-16.84,-16.84,1.0,0.0,22.0,1.0,1002.0,1002.0,1002.0,1002.0,1.0,0.0,22.0,1.0,,,,,,,,,,,,,,,,,,,,,,,,,,,,,,,,,,,,,,,,,,,,,,,,,,,,,,,,,,,,,,,,,,,,,,,,,,,,,,,,,,,,,,,,,,,,,,,,,,,,,,,,,,,,,,,,,,,,,,,,
1911,2,-175.5,24.1,,,,,,,,,,,,,,,,,,,,,,,,,,,,,,,,,6.7,6.7,6.7,6.7,1.0,0.0,18.0,1.0,6.7,6.7,6.7,6.7,1.0,0.0,18.0,1.0,0.0,0.0,0.0,0.0,1.0,0.0,18.0,1.0,1016.4,1016.4,1016.4,1016.4,1.0,0.0,18.0,1.0,,,,,,,,,,,,,,,,,,,,,,,,,,,,,,,,,,,,,,,,,,,,,,,,,,,,,,,,,,,,,,,,,,,,,,,,,,,,,,,,,,,,,,,,,,,,,,,,,,,,,,,,,,,,,,,,,,,,,,,,
1911,2,-175.5,48.6,3.12,3.9,4.4,3.76,5.0,0.7,10.0,0.2,1.48,2.2,2.6,2.1,5.0,0.81,10.0,0.2,2.72,2.93,3.61,3.16,3.0,0.68,16.0,0.3,64.3,65.5,82.1,73.0,3.0,14.5,16.0,0.3,5.93,6.7,10.4,7.92,5.0,2.96,10.0,0.2,0.0,4.32,9.01,4.75,5.0,5.19,10.0,0.2,-6.7,0.0,3.18,-1.17,5.0,5.5,10.0,0.2,997.19,1008.6,1009.92,1003.96,5.0,8.72,10.0,0.2,4.3,6.0,8.0,6.0,5.0,2.1,10.0,0.2,0.0,19.9,97.3,47.5,5.0,64.0,10.0,0.2,-44.9,0.0,24.9,-5.4,5.0,41.9,10.0,0.2,1.1,1.7,2.07,1.66,5.0,0.65,10.0,0.2,9.2,11.4,15.5,12.5,5.0,5.1,10.0,0.2,1.54,1.91,1.99,1.77,3.0,0.35,16.0,0.3,10.0,17.8,22.6,16.3,3.0,9.4,16.0,0.3,0.0,7.3,14.3,7.3,5.0,7.3,10.0,0.2,-17.4,0.0,6.5,-4.2,5.0,14.1,10.0,0.2,18.2,20.9,28.6,23.3,3.0,7.9,16.0,0.3,2.0,6.2,13.9,7.9,3.0,8.9,16.0,0.3,,,,,,,,,,,,,,,,,,,,,,,,,,,,,,,,
1911,2,-175.5,48.8,,,,,,,,,,,,,,,,,,,,,,,,,,,,,,,,,,,,,,,,,,,,,,,,,,,,,,,,,,,,,,,,,,,,,,,,,,,,,,,,,,,,,,,,,,,,,,,,,,,,,,,,,,,,,,,,,,,,,,,,,,,,,,,,,,,,,,,,,,,,,,,,,,,,,,,,,8.4,13.6,21.3,14.8,3.0,9.5,16.0,0.3,0.7,2.2,8.5,4.5,3.0,6.1,16.0,0.3,226.5,301.0,1190.0,673.0,5.0,713.5,10.0,0.2,225.0,300.0,1190.0,675.0,5.0,715.0,10.0,0.2
1911,2,-175.4,28.2,20.1,20.3,20.5,20.3,2.0,0.42,14.0,0.5,17.8,17.8,17.8,17.8,2.0,0.0,14.0,0.5,9.97,9.97,9.97,9.97,2.0,0.01,14.0,0.5,79.5,79.5,79.5,79.5,2.0,0.0,14.0,0.5,6.7,6.7,6.7,6.7,2.0,0.0,14.0,0.5,6.3,6.3,6.3,6.3,2.0,0.0,14.0,0.5,-2.29,-2.29,-2.29,-2.29,2.0,0.0,14.0,0.5,1020.16,1020.5,1020.84,1020.5,2.0,0.71,14.0,0.5,6.2,6.5,6.8,6.5,2.0,0.7,14.0,0.5,42.2,42.2,42.2,42.2,2.0,0.0,14.0,0.5,-15.4,-15.4,-15.4,-15.4,2.0,0.0,14.0,0.5,2.3,2.5,2.7,2.5,2.0,0.42,14.0,0.5,15.4,16.8,18.1,16.8,2.0,2.8,14.0,0.5,4.56,4.74,4.93,4.74,2.0,0.39,14.0,0.5,30.5,31.8,33.0,31.8,2.0,2.6,14.0,0.5,112.1,112.1,112.1,112.1,2.0,0.0,14.0,0.5,-40.8,-40.8,-40.8,-40.8,2.0,0.0,14.0,0.5,62.7,62.8,62.8,62.8,2.0,0.0,14.0,0.5,-22.9,-22.8,-22.8,-22.8,2.0,0.0,14.0,0.5,28.7,29.9,31.0,29.9,2.0,2.4,14.0,0.5,-11.3,-10.9,-10.4,-10.9,2.0,0.9,14.0,0.5,301.0,301.0,301.0,301.0,2.0,0.0,14.0,0.5,300.0,300.0,300.0,300.0,2.0,0.0,14.0,0.5
1911,2,-175.4,50.4,,,,,,,,,,,,,,,,,,,,,,,,,,,,,,,,,2.48,4.6,6.7,4.56,7.0,2.53,16.0,0.3,-0.12,3.52,6.22,2.79,7.0,3.4,16.0,0.3,-0.22,2.29,3.02,1.2,7.0,2.89,16.0,0.3,991.49,1007.3,1018.62,1005.77,6.0,13.78,18.0,0.3,,,,,,,,,,,,,,,,,,,,,,,,,,,,,,,,,,,,,,,,,,,,,,,,,,,,,,,,,,,,,,,,,,,,,,,,,,,,,,,,,,,,,,,,,,,,,,,,,,,,,,,,,,,,,,,,,,,,,,,,
1911,2,-175.3,-27.1,,,,,,,,,,,,,,,,,,,,,,,,,,,,,,,,,4.6,5.65,6.7,5.65,4.0,1.21,8.0,0.8,-6.7,-5.65,-3.89,-5.31,4.0,1.69,8.0,0.8,-1.7,0.0,0.0,-0.81,4.0,1.63,8.0,0.8,1007.32,1008.0,1008.0,1007.67,3.0,0.58,4.0,0.3,,,,,,,,,,,,,,,,,,,,,,,,,,,,,,,,,,,,,,,,,,,,,,,,,,,,,,,,,,,,,,,,,,,,,,,,,,,,,,,,,,,,,,,,,,,,,,,,,,,,,,,,,,,,,,,,,,,,,,,,
1911,2,-175.2,-49.5,,,,,,,,,,,,,,,,,,,,,,,,,,,,,,,,,22.6,22.6,22.6,22.6,2.0,0.0,20.0,0.0,21.09,21.7,22.31,21.7,2.0,1.27,20.0,0.0,-7.43,-4.42,-1.4,-4.42,2.0,6.24,20.0,0.0,1002.0,1002.0,1002.0,1002.0,2.0,0.0,20.0,0.0,,,,,,,,,,,,,,,,,,,,,,,,,,,,,,,,,,,,,,,,,,,,,,,,,,,,,,,,,,,,,,,,,,,,,,,,,,,,,,,,,,,,,,,,,,,,,,,,,,,,,,,,,,,,,,,,,,,,,,,,
1911,2,-173.9,28.0,21.1,21.1,21.1,21.1,1.0,0.0,16.0,1.0,20.6,20.6,20.6,20.6,1.0,0.0,16.0,1.0,11.43,11.43,11.43,11.43,1.0,0.0,16.0,1.0,76.4,76.4,76.4,76.4,1.0,0.0,16.0,1.0,2.6,2.6,2.6,2.6,1.0,0.0,16.0,1.0,1.67,1.67,1.67,1.67,1.0,0.0,16.0,1.0,-1.99,-1.99,-1.99,-1.99,1.0,0.0,16.0,1.0,1019.3,1019.3,1019.3,1019.3,1.0,0.0,16.0,1.0,5.0,5.0,5.0,5.0,1.0,0.0,16.0,1.0,4.3,4.3,4.3,4.3,1.0,0.0,16.0,1.0,-5.2,-5.2,-5.2,-5.2,1.0,0.0,16.0,1.0,0.5,0.5,0.5,0.5,1.0,0.0,16.0,1.0,1.3,1.3,1.3,1.3,1.0,0.0,16.0,1.0,4.05,4.05,4.05,4.05,1.0,0.0,16.0,1.0,10.5,10.5,10.5,10.5,1.0,0.0,16.0,1.0,34.4,34.4,34.4,34.4,1.0,0.0,16.0,1.0,-41.0,-41.0,-41.0,-41.0,1.0,0.0,16.0,1.0,19.1,19.1,19.1,19.1,1.0,0.0,16.0,1.0,-22.8,-22.8,-22.8,-22.8,1.0,0.0,16.0,1.0,6.8,6.8,6.8,6.8,1.0,0.0,16.0,1.0,-8.1,-8.1,-8.1,-8.1,1.0,0.0,16.0,1.0,17.5,17.5,17.5,17.5,1.0,0.0,16.0,1.0,20.0,20.0,20.0,20.0,1.0,0.0,16.0,1.0
1911,2,-173.7,24.0,,,,,,,,,,,,,,,,,,,,,,,,,,,,,,,,,4.93,5.65,6.37,5.65,2.0,1.48,18.0,0.5,4.03,5.11,6.2,5.11,2.0,2.25,18.0,0.5,0.47,1.48,2.49,1.48,2.0,2.09,18.0,0.5,1015.85,1015.95,1016.05,1015.95,2.0,0.21,18.0,0.5,,,,,,,,,,,,,,,,,,,,,,,,,,,,,,,,,,,,,,,,,,,,,,,,,,,,,,,,,,,,,,,,,,,,,,,,,,,,,,,,,,,,,,,,,,,,,,,,,,,,,,,,,,,,,,,,,,,,,,,,
1911,2,-173.5,48.8,3.3,3.3,3.3,3.31,8.0,0.29,14.0,0.4,0.19,2.2,4.28,2.2,8.0,1.84,14.0,0.4,3.34,3.54,3.62,3.48,6.0,0.17,16.0,0.5,66.9,78.9,90.4,78.1,6.0,12.1,16.0,0.5,4.83,9.3,12.3,8.93,8.0,3.31,14.0,0.4,-3.13,1.15,8.73,2.06,8.0,5.21,14.0,0.4,-2.8,7.1,8.65,3.66,8.0,7.39,14.0,0.4,988.3,1000.3,1008.4,998.21,8.0,9.33,14.0,0.4,8.0,8.0,8.0,7.9,8.0,0.4,14.0,0.4,-14.4,7.7,106.3,30.1,8.0,55.3,14.0,0.4,-12.9,61.7,97.2,45.2,8.0,77.0,14.0,0.4,-0.44,0.85,3.11,1.11,8.0,1.76,14.0,0.4,-5.5,8.8,14.7,5.2,8.0,10.9,14.0,0.4,1.27,1.44,1.57,1.43,6.0,0.17,16.0,0.5,7.0,9.9,18.6,12.0,6.0,5.9,16.0,0.5,0.0,3.0,38.0,12.4,8.0,18.3,14.0,0.4,0.2,18.9,34.1,14.7,8.0,20.0,14.0,0.4,-12.6,9.9,30.8,9.4,6.0,20.4,16.0,0.5,-6.4,24.0,29.0,15.4,6.0,18.2,16.0,0.5,,,,,,,,,,,,,,,,,,,,,,,,,,,,,,,,
1911,2,-173.5,48.9,,,,,,,,,,,,,,,,,,,,,,,,,,,,,,,,,,,,,,,,,,,,,,,,,,,,,,,,,,,,,,,,,,,,,,,,,,,,,,,,,,,,,,,,,,,,,,,,,,,,,,,,,,,,,,,,,,,,,,,,,,,,,,,,,,,,,,,,,,,,,,,,,,,,,,,,,-5.6,3.4,14.3,4.1,6.0,9.2,16.0,0.5,-2.7,9.3,12.0,6.1,6.0,7.6,16.0,0.5,120.0,804.5,1861.0,961.0,8.0,793.5,14.0,0.4,120.0,805.0,1860.0,960.0,8.0,795.0,14.0,0.4
1911,2,-173.5,50.5,,,,,,,,,,,,,,,,,,,,,,,,,,,,,,,,,3.46,4.6,9.3,6.38,10.0,3.36,16.0,0.4,0.99,4.46,7.12,4.51,10.0,3.69,16.0,0.4,-3.91,-1.22,5.12,-0.24,10.0,4.51,16.0,0.4,990.76,998.8,1014.88,1002.42,9.0,11.44,18.0,0.4,,,,,,,,,,,,,,,,,,,,,,,,,,,,,,,,,,,,,,,,,,,,,,,,,,,,,,,,,,,,,,,,,,,,,,,,,,,,,,,,,,,,,,,,,,,,,,,,,,,,,,,,,,,,,,,,,,,,,,,,
1911,2,-173.4,26.9,21.1,21.1,21.1,21.1,1.0,0.0,16.0,0.0,17.8,17.8,17.8,17.8,1.0,0.0,16.0,0.0,11.87,11.87,11.87,11.87,1.0,0.0,16.0,0.0,94.5,94.5,94.5,94.5,1.0,0.0,16.0,0.0,4.6,4.6,4.6,4.6,1.0,0.0,16.0,0.0,1.57,1.57,1.57,1.57,1.0,0.0,16.0,0.0,-4.32,-4.32,-4.32,-4.32,1.0,0.0,16.0,0.0,1020.0,1020.0,1020.0,1020.0,1.0,0.0,16.0,0.0,2.0,2.0,2.0,2.0,1.0,0.0,16.0,0.0,7.2,7.2,7.2,7.2,1.0,0.0,16.0,0.0,-19.9,-19.9,-19.9,-19.9,1.0,0.0,16.0,0.0,3.3,3.3,3.3,3.3,1.0,0.0,16.0,0.0,15.2,15.2,15.2,15.2,1.0,0.0,16.0,0.0,3.59,3.59,3.59,3.59,1.0,0.0,16.0,0.0,16.5,16.5,16.5,16.5,1.0,0.0,16.0,0.0,28.0,28.0,28.0,28.0,1.0,0.0,16.0,0.0,-76.9,-76.9,-76.9,-76.9,1.0,0.0,16.0,0.0,18.7,18.7,18.7,18.7,1.0,0.0,16.0,0.0,-51.3,-51.3,-51.3,-51.3,1.0,0.0,16.0,0.0,5.7,5.7,5.7,5.7,1.0,0.0,16.0,0.0,-15.5,-15.5,-15.5,-15.5,1.0,0.0,16.0,0.0,97.5,97.5,97.5,97.5,1.0,0.0,16.0,0.0,95.0,95.0,95.0,95.0,1.0,0.0,16.0,0.0
1911,2,-173.3,-27.2,,,,,,,,,,,,,,,,,,,,,,,,,,,,,,,,,9.3,9.3,9.3,9.01,9.0,0.87,6.0,0.7,-9.3,-9.3,-8.81,-8.94,9.0,0.87,6.0,0.7,0.0,0.0,0.0,-0.39,9.0,1.16,6.0,0.7,1010.02,1010.05,1010.08,1010.05,2.0,0.07,2.0,1.0,,,,,,,,,,,,,,,,,,,,,,,,,,,,,,,,,,,,,,,,,,,,,,,,,,,,,,,,,,,,,,,,,,,,,,,,,,,,,,,,,,,,,,,,,,,,,,,,,,,,,,,,,,,,,,,,,,,,,,,,
1911,2,-173.2,-49.5,,,,,,,,,,,,,,,,,,,,,,,,,,,,,,,,,22.6,22.6,22.6,22.6,2.0,0.0,20.0,0.5,22.6,22.6,22.6,22.6,2.0,0.0,20.0,0.5,0.0,0.0,0.0,0.0,2.0,0.0,20.0,0.5,1001.16,1001.5,1001.84,1001.5,2.0,0.71,20.0,0.5,,,,,,,,,,,,,,,,,,,,,,,,,,,,,,,,,,,,,,,,,,,,,,,,,,,,,,,,,,,,,,,,,,,,,,,,,,,,,,,,,,,,,,,,,,,,,,,,,,,,,,,,,,,,,,,,,,,,,,,,
1911,2,-171.6,22.6,,,,,,,,,,,,,,,,,,,,,,,,,,,,,,,,,2.6,2.6,2.6,2.6,2.0,0.0,18.0,0.0,-1.09,0.16,1.41,0.16,2.0,2.59,18.0,0.0,1.72,1.83,1.94,1.83,2.0,0.23,18.0,0.0,1016.4,1016.4,1016.4,1016.4,2.0,0.0,18.0,0.0,,,,,,,,,,,,,,,,,,,,,,,,,,,,,,,,,,,,,,,,,,,,,,,,,,,,,,,,,,,,,,,,,,,,,,,,,,,,,,,,,,,,,,,,,,,,,,,,,,,,,,,,,,,,,,,,,,,,,,,,
1911,2,-171.5,48.6,2.5,3.3,3.52,2.98,5.0,1.08,8.0,0.6,0.59,2.2,4.84,2.44,5.0,2.98,8.0,0.6,4.07,4.21,4.35,4.21,2.0,0.29,10.0,0.5,76.4,76.7,77.0,76.7,2.0,0.5,10.0,0.5,9.3,12.3,13.43,11.72,5.0,2.55,8.0,0.6,0.0,4.21,11.52,5.76,5.0,6.53,8.0,0.6,-10.12,-9.3,4.58,-3.92,5.0,8.65,8.0,0.6,992.0,999.1,1010.56,1000.48,5.0,10.2,8.0,0.6,6.0,8.0,8.0,7.2,5.0,1.1,8.0,0.6,0.0,51.7,158.9,80.2,5.0,98.1,8.0,0.6,-106.8,-86.5,61.7,-35.3,5.0,100.1,8.0,0.6,-1.32,1.1,1.9,0.54,5.0,2.0,8.0,0.6,-18.4,10.2,21.3,4.6,5.0,24.9,8.0,0.6,0.7,0.76,0.83,0.76,2.0,0.13,10.0,0.5,9.1,10.7,12.4,10.7,2.0,3.4,10.0,0.5,-3.4,0.0,57.9,22.0,5.0,35.0,8.0,0.6,-20.5,11.8,32.3,8.1,5.0,28.5,8.0,0.6,44.6,51.1,57.7,51.1,2.0,13.5,10.0,0.5,14.5,22.8,31.1,22.8,2.0,17.1,10.0,0.5,,,,,,,,,,,,,,,,,,,,,,,,,,,,,,,,
1911,2,-171.5,48.9,,,,,,,,,,,,,,,,,,,,,,,,,,,,,,,,,,,,,,,,,,,,,,,,,,,,,,,,,,,,,,,,,,,,,,,,,,,,,,,,,,,,,,,,,,,,,,,,,,,,,,,,,,,,,,,,,,,,,,,,,,,,,,,,,,,,,,,,,,,,,,,,,,,,,,,,,7.4,9.6,11.9,9.6,2.0,4.7,10.0,0.5,2.8,3.8,4.8,3.8,2.0,2.2,10.0,0.5,804.5,1861.0,2515.0,1796.5,5.0,1164.0,8.0,0.6,805.0,1860.0,2515.0,1795.0,5.0,1165.0,8.0,0.6
1911,2,-171.4,26.6,21.2,21.4,21.6,21.4,2.0,0.42,16.0,0.0,18.9,18.9,18.9,18.9,2.0,0.0,16.0,0.0,11.42,11.42,11.43,11.42,2.0,0.01,16.0,0.0,84.9,84.9,84.9,84.9,2.0,0.0,16.0,0.0,4.93,5.65,6.37,5.65,2.0,1.48,16.0,0.0,2.32,3.93,5.55,3.93,2.0,3.34,16.0,0.0,-4.0,-3.31,-2.61,-3.31,2.0,1.44,16.0,0.0,1019.82,1020.3,1020.78,1020.3,2.0,0.99,16.0,0.0,8.0,8.0,8.0,8.0,2.0,0.0,16.0,0.0,12.8,24.7,36.6,24.7,2.0,24.7,16.0,0.0,-19.2,-17.6,-16.1,-17.6,2.0,3.2,16.0,0.0,2.3,2.5,2.7,2.5,2.0,0.42,16.0,0.0,13.2,13.8,14.4,13.8,2.0,1.3,16.0,0.0,4.14,4.33,4.53,4.33,2.0,0.41,16.0,0.0,22.2,24.2,26.2,24.2,2.0,4.1,16.0,0.0,43.9,74.4,104.8,74.4,2.0,63.1,16.0,0.0,-75.6,-62.5,-49.4,-62.5,2.0,27.1,16.0,0.0,26.5,45.0,63.4,45.0,2.0,38.2,16.0,0.0,-45.7,-37.8,-29.9,-37.8,2.0,16.4,16.0,0.0,10.2,16.4,22.6,16.4,2.0,12.9,16.0,0.0,-18.3,-14.6,-11.0,-14.6,2.0,7.6,16.0,0.0,129.5,199.0,268.5,199.0,2.0,144.0,16.0,0.0,130.0,200.0,270.0,200.0,2.0,145.0,16.0,0.0
1911,2,-171.4,50.5,,,,,,,,,,,,,,,,,,,,,,,,,,,,,,,,,4.09,10.8,15.4,10.11,12.0,5.02,16.0,0.3,0.34,5.87,8.14,5.22,12.0,3.89,16.0,0.3,-4.74,5.98,13.34,3.94,12.0,8.65,16.0,0.3,991.4,994.2,1013.8,999.22,12.0,10.38,18.0,0.3,,,,,,,,,,,,,,,,,,,,,,,,,,,,,,,,,,,,,,,,,,,,,,,,,,,,,,,,,0.0,12.5,19.3,11.8,12.0,11.0,16.0,0.3,-15.6,10.1,24.0,8.3,12.0,22.6,16.0,0.3,21.7,23.5,25.3,23.5,2.0,3.7,24.0,0.0,18.2,19.7,21.3,19.7,2.0,3.1,24.0,0.0,,,,,,,,,,,,,,,,,,,,,,,,,,,,,,,,
1911,2,-171.4,50.6,2.2,2.8,3.9,3.03,13.0,0.63,16.0,0.3,0.54,2.2,3.95,2.22,13.0,1.58,16.0,0.3,3.05,3.3,3.56,3.3,2.0,0.53,24.0,0.0,68.2,73.9,79.6,73.9,2.0,11.9,24.0,0.0,,,,,,,,,,,,,,,,,,,,,,,,,,,,,,,,,4.0,6.0,8.0,5.9,13.0,1.8,16.0,0.3,0.9,61.5,118.6,63.4,12.0,59.7,16.0,0.3,-24.5,55.6,205.4,67.0,12.0,115.6,16.0,0.3,-0.51,1.1,2.2,0.81,13.0,1.41,16.0,0.3,-7.5,7.5,21.3,9.1,12.0,15.2,16.0,0.3,1.31,1.64,1.97,1.64,2.0,0.69,24.0,0.0,12.2,15.2,18.3,15.2,2.0,6.4,24.0,0.0,,,,,,,,,,,,,,,,,,,,,,,,,,,,,,,,,,,,,,,,,,,,,,,,,,,,,,,,,,,,,,,,
1911,2,-171.3,50.0,,,,,,,,,,,,,,,,,,,,,,,,,,,,,,,,,,,,,,,,,,,,,,,,,,,,,,,,,,,,,,,,,,,,,,,,,,,,,,,,,,,,,,,,,,,,,,,,,,,,,,,,,,,,,,,,,,,,,,,,,,,,,,,,,,,,,,,,,,,,,,,,,,,,,,,,,9.3,11.7,14.0,11.7,2.0,4.9,24.0,0.0,7.8,9.8,11.8,9.8,2.0,4.1,24.0,0.0,77.0,1332.5,3652.5,1697.5,12.0,1569.5,16.0,0.3,75.0,1335.0,3650.0,1700.0,12.0,1570.0,16.0,0.3
1911,2,-171.2,-27.2,,,,,,,,,,,,,,,,,,,,,,,,,,,,,,,,,4.6,5.65,9.3,6.63,8.0,2.33,4.0,0.3,-9.22,-5.65,-4.6,-6.54,8.0,2.22,4.0,0.3,0.0,0.0,0.0,-0.44,8.0,1.23,4.0,0.3,1011.27,1013.0,1013.18,1012.3,5.0,1.4,2.0,0.4,,,,,,,,,,,,,,,,,,,,,,,,,,,,,,,,,,,,,,,,,,,,,,,,,,,,,,,,,,,,,,,,,,,,,,,,,,,,,,,,,,,,,,,,,,,,,,,,,,,,,,,,,,,,,,,,,,,,,,,,
1911,2,-169.6,22.6,,,,,,,,,,,,,,,,,,,,,,,,,,,,,,,,,4.6,4.6,4.6,4.6,2.0,0.0,16.0,1.0,-2.96,-1.76,-0.56,-1.76,2.0,2.49,16.0,1.0,-1.76,0.82,3.4,0.82,2.0,5.34,16.0,1.0,1016.67,1017.25,1017.83,1017.25,2.0,1.2,16.0,1.0,,,,,,,,,,,,,,,,,,,,,,,,,,,,,,,,,,,,,,,,,,,,,,,,,,,,,,,,,,,,,,,,,,,,,,,,,,,,,,,,,,,,,,,,,,,,,,,,,,,,,,,,,,,,,,,,,,,,,,,,
1911,2,-169.5,48.8,,,,,,,,,,,,,,,,,,,,,,,,,,,,,,,,,,,,,,,,,,,,,,,,,,,,,,,,,,,,,,,,,,,,,,,,,,,,,,,,,,,,,,,,,,,,,,,,,,,,,,,,,,,,,,,,,,,,,,,,,,,,,,,,,,,,,,,,,,,,,,,,,,,,,,,,,3.5,11.1,18.7,11.1,2.0,15.7,12.0,0.5,-15.4,-12.4,-9.5,-12.4,2.0,6.1,12.0,0.5,804.5,1861.0,3652.5,2155.0,5.0,1433.5,8.0,0.2,805.0,1860.0,3650.0,2155.0,5.0,1435.0,8.0,0.2
1911,2,-169.5,50.7,,,,,,,,,,,,,,,,,,,,,,,,,,,,,,,,,6.7,11.05,15.4,11.05,8.0,4.08,12.0,0.3,-3.4,2.57,6.69,2.13,8.0,5.07,12.0,0.3,-8.02,2.74,14.35,3.42,8.0,10.58,12.0,0.3,998.48,1006.6,1015.92,1006.77,6.0,8.33,14.0,0.0,,,,,,,,,,,,,,,,,,,,,,,,,,,,,,,,,,,,,,,,,,,,,,,,,,,,,,,,,,,,,,,,,,,,,,,,,,,,,,,,,,,,,,,,,,,,,,,,,,,,,,,,,,,,,,,,,,,,,,,,
1911,2,-169.5,52.1,,,,,,,,,,,,,,,,,,,,,,,,,,,,,,,,,15.4,15.4,15.4,15.4,2.0,0.0,14.0,0.5,1.37,4.31,7.24,4.31,2.0,6.09,14.0,0.5,13.19,14.08,14.98,14.08,2.0,1.86,14.0,0.5,988.6,988.6,988.6,988.6,1.0,0.0,26.0,0.0,,,,,,,,,,,,,,,,,,,,,,,,,,,,,,,,,,,,,,,,,,,,,,,,,,,,,,,,,,,,,,,,,,,,,,,,,,,,,,,,,,,,,,,,,,,,,,,,,,,,,,,,,,,,,,,,,,,,,,,,
1911,2,-169.4,48.7,2.58,3.3,4.08,3.32,5.0,0.87,8.0,0.2,1.08,2.2,2.8,1.9,5.0,1.16,8.0,0.2,3.11,3.12,3.13,3.12,2.0,0.02,12.0,0.5,73.8,76.4,79.0,76.4,2.0,5.4,12.0,0.5,9.3,12.3,15.4,12.34,5.0,3.05,8.0,0.2,0.0,0.0,11.19,4.75,5.0,6.76,8.0,0.2,-13.43,-9.3,-3.34,-8.45,5.0,6.03,8.0,0.2,997.93,1006.6,1011.77,1004.52,5.0,9.33,8.0,0.2,2.0,6.0,8.0,5.2,5.0,3.0,8.0,0.2,0.0,0.0,136.3,61.9,5.0,97.5,8.0,0.2,-182.6,-86.5,-51.5,-111.2,5.0,88.5,8.0,0.2,0.7,1.1,2.22,1.42,5.0,1.2,8.0,0.2,10.8,16.9,23.7,16.9,5.0,11.0,8.0,0.2,1.58,1.67,1.76,1.67,2.0,0.19,12.0,0.5,17.9,20.2,22.6,20.2,2.0,4.9,12.0,0.5,0.0,0.0,22.0,9.0,5.0,12.4,8.0,0.2,-37.6,-9.0,0.0,-17.3,5.0,20.2,8.0,0.2,7.2,22.6,38.1,22.6,2.0,32.0,12.0,0.5,-26.9,-22.7,-18.4,-22.7,2.0,8.7,12.0,0.5,,,,,,,,,,,,,,,,,,,,,,,,,,,,,,,,
1911,2,-169.3,-27.2,,,,,,,,,,,,,,,,,,,,,,,,,,,,,,,,,3.14,4.6,12.3,7.24,9.0,4.26,4.0,0.6,-11.4,-4.6,-3.14,-6.95,9.0,3.86,4.0,0.6,-4.61,0.0,0.0,-1.54,9.0,2.3,4.0,0.6,1013.63,1014.0,1014.0,1013.8,5.0,0.45,2.0,0.4,,,,,,,,,,,,,,,,,,,,,,,,,,,,,,,,,,,,,,,,,,,,,,,,,,,,,,,,,,,,,,,,,,,,,,,,,,,,,,,,,,,,,,,,,,,,,,,,,,,,,,,,,,,,,,,,,,,,,,,,
1911,2,-169.2,26.3,21.1,21.1,21.1,21.1,1.0,0.0,16.0,0.0,18.3,18.3,18.3,18.3,1.0,0.0,16.0,0.0,11.06,11.06,11.06,11.06,1.0,0.0,16.0,0.0,85.3,85.3,85.3,85.3,1.0,0.0,16.0,0.0,9.3,9.3,9.3,9.3,1.0,0.0,16.0,0.0,8.74,8.74,8.74,8.74,1.0,0.0,16.0,0.0,-3.18,-3.18,-3.18,-3.18,1.0,0.0,16.0,0.0,1020.3,1020.3,1020.3,1020.3,1.0,0.0,16.0,0.0,3.0,3.0,3.0,3.0,1.0,0.0,16.0,0.0,81.3,81.3,81.3,81.3,1.0,0.0,16.0,0.0,-29.6,-29.6,-29.6,-29.6,1.0,0.0,16.0,0.0,2.8,2.8,2.8,2.8,1.0,0.0,16.0,0.0,26.0,26.0,26.0,26.0,1.0,0.0,16.0,0.0,4.4,4.4,4.4,4.4,1.0,0.0,16.0,0.0,40.9,40.9,40.9,40.9,1.0,0.0,16.0,0.0,159.9,159.9,159.9,159.9,1.0,0.0,16.0,0.0,-58.2,-58.2,-58.2,-58.2,1.0,0.0,16.0,0.0,96.7,96.7,96.7,96.7,1.0,0.0,16.0,0.0,-35.2,-35.2,-35.2,-35.2,1.0,0.0,16.0,0.0,38.5,38.5,38.5,38.5,1.0,0.0,16.0,0.0,-14.0,-14.0,-14.0,-14.0,1.0,0.0,16.0,0.0,804.5,804.5,804.5,804.5,1.0,0.0,16.0,0.0,805.0,805.0,805.0,805.0,1.0,0.0,16.0,0.0
1911,2,-167.7,50.1,,,,,,,,,,,,,,,,,,,,,,,,,,,,,,,,,,,,,,,,,,,,,,,,,,,,,,,,,,,,,,,,,,,,,,,,,,,,,,,,,,,,,,,,,,,,,,,,,,,,,,,,,,,,,,,,,,,,,,,,,,,,,,,,,,,,,,,,,,,,,,,,,,,,,,,,,0.0,0.0,0.0,0.0,1.0,0.0,24.0,0.0,11.1,11.1,11.1,11.1,1.0,0.0,24.0,0.0,162.0,301.0,301.0,233.0,3.0,117.5,12.0,0.7,160.0,300.0,300.0,235.0,3.0,115.0,12.0,0.7
1911,2,-167.6,26.0,21.1,21.1,21.1,21.1,1.0,0.0,16.0,1.0,19.4,19.4,19.4,19.4,1.0,0.0,16.0,1.0,10.55,10.55,10.55,10.55,1.0,0.0,16.0,1.0,76.2,76.2,76.2,76.2,1.0,0.0,16.0,1.0,9.3,9.3,9.3,9.3,1.0,0.0,16.0,1.0,8.74,8.74,8.74,8.74,1.0,0.0,16.0,1.0,-3.18,-3.18,-3.18,-3.18,1.0,0.0,16.0,1.0,1022.0,1022.0,1022.0,1022.0,1.0,0.0,16.0,1.0,3.0,3.0,3.0,3.0,1.0,0.0,16.0,1.0,81.3,81.3,81.3,81.3,1.0,0.0,16.0,1.0,-29.6,-29.6,-29.6,-29.6,1.0,0.0,16.0,1.0,1.7,1.7,1.7,1.7,1.0,0.0,16.0,1.0,15.8,15.8,15.8,15.8,1.0,0.0,16.0,1.0,4.88,4.88,4.88,4.88,1.0,0.0,16.0,1.0,45.4,45.4,45.4,45.4,1.0,0.0,16.0,1.0,169.5,169.5,169.5,169.5,1.0,0.0,16.0,1.0,-61.7,-61.7,-61.7,-61.7,1.0,0.0,16.0,1.0,92.2,92.2,92.2,92.2,1.0,0.0,16.0,1.0,-33.6,-33.6,-33.6,-33.6,1.0,0.0,16.0,1.0,42.7,42.7,42.7,42.7,1.0,0.0,16.0,1.0,-15.5,-15.5,-15.5,-15.5,1.0,0.0,16.0,1.0,804.5,804.5,804.5,804.5,1.0,0.0,16.0,1.0,805.0,805.0,805.0,805.0,1.0,0.0,16.0,1.0
1911,2,-167.6,48.9,,,,,,,,,,,,,,,,,,,,,,,,,,,,,,,,,,,,,,,,,,,,,,,,,,,,,,,,,,,,,,,,,,,,,,,,,,,,,,,,,,,,,,,,,,,,,,,,,,,,,,,,,,,,,,,,,,,,,,,,,,,,,,,,,,,,,,,,,,,,,,,,,,,,,,,,,12.8,12.8,12.8,12.8,2.0,0.0,16.0,0.5,-15.3,-15.3,-15.3,-15.3,2.0,0.0,16.0,0.5,700.5,2228.5,4314.5,2679.0,6.0,2532.0,8.0,0.3,700.0,2230.0,4315.0,2680.0,6.0,2530.0,8.0,0.3
1911,2,-167.5,22.4,,,,,,,,,,,,,,,,,,,,,,,,,,,,,,,,,4.93,5.65,6.37,5.65,2.0,1.48,16.0,0.0,-4.88,-4.33,-3.78,-4.33,2.0,1.14,16.0,0.0,-4.09,-3.63,-3.17,-3.63,2.0,0.95,16.0,0.0,1017.48,1018.3,1019.12,1018.3,2.0,1.7,16.0,0.0,,,,,,,,,,,,,,,,,,,,,,,,,,,,,,,,,,,,,,,,,,,,,,,,,,,,,,,,,,,,,,,,,,,,,,,,,,,,,,,,,,,,,,,,,,,,,,,,,,,,,,,,,,,,,,,,,,,,,,,,
1911,2,-167.5,24.7,20.35,21.1,21.85,21.1,2.0,1.56,16.0,0.5,19.67,20.25,20.83,20.25,2.0,1.2,16.0,0.5,10.11,10.55,11.0,10.55,2.0,0.92,16.0,0.5,71.6,72.0,72.4,72.0,2.0,0.9,16.0,0.5,9.78,10.8,11.82,10.8,2.0,2.12,16.0,0.5,-3.54,-2.1,-0.67,-2.1,2.0,2.97,16.0,0.5,-11.2,-10.43,-9.66,-10.43,2.0,1.6,16.0,0.5,1020.16,1020.5,1020.84,1020.5,2.0,0.71,16.0,0.5,0.3,1.0,1.7,1.0,2.0,1.4,16.0,0.5,-43.5,-25.9,-8.2,-25.9,2.0,36.6,16.0,0.5,-133.3,-114.3,-95.3,-114.3,2.0,39.4,16.0,0.5,0.68,0.85,1.02,0.85,2.0,0.35,16.0,0.5,7.8,8.8,9.8,8.8,2.0,2.0,16.0,0.5,4.66,4.94,5.22,4.94,2.0,0.58,16.0,0.5,50.7,52.7,54.8,52.7,2.0,4.2,16.0,0.5,-68.7,-40.8,-13.0,-40.8,2.0,57.7,16.0,0.5,-219.8,-210.2,-200.7,-210.2,2.0,19.8,16.0,0.5,-35.0,-20.8,-6.6,-20.8,2.0,29.4,16.0,0.5,-112.8,-109.3,-105.8,-109.3,2.0,7.2,16.0,0.5,-16.0,-9.5,-3.0,-9.5,2.0,13.5,16.0,0.5,-51.9,-51.1,-50.2,-51.1,2.0,1.8,16.0,0.5,972.0,1332.5,1693.0,1332.5,2.0,747.0,16.0,0.5,970.0,1335.0,1695.0,1335.0,2.0,745.0,16.0,0.5
1911,2,-167.5,48.6,3.55,3.9,3.9,3.62,6.0,0.69,8.0,0.3,1.1,1.95,2.2,1.75,6.0,0.54,8.0,0.3,2.96,2.96,2.96,2.96,2.0,0.0,16.0,0.5,70.8,70.8,70.8,70.8,2.0,0.0,16.0,0.5,8.76,12.35,16.14,12.52,6.0,4.76,8.0,0.3,4.18,5.98,6.54,5.07,6.0,2.53,8.0,0.3,-15.91,-10.8,-5.65,-10.33,6.0,6.73,8.0,0.3,990.49,1005.6,1008.95,1001.75,6.0,9.14,8.0,0.3,4.4,6.5,8.0,6.0,6.0,2.4,8.0,0.3,35.6,55.6,89.9,60.1,6.0,40.8,8.0,0.3,-258.2,-144.6,-52.6,-155.3,6.0,130.4,8.0,0.3,1.45,1.7,2.8,1.87,6.0,0.86,8.0,0.3,21.4,26.1,27.4,23.3,6.0,10.1,8.0,0.3,2.15,2.15,2.15,2.15,2.0,0.0,16.0,0.5,20.0,20.0,20.0,20.0,2.0,0.0,16.0,0.5,5.2,9.0,12.1,8.4,6.0,5.1,8.0,0.3,-35.0,-19.8,-6.2,-20.1,6.0,16.7,8.0,0.3,17.7,17.7,17.7,17.7,2.0,0.0,16.0,0.5,-21.1,-21.1,-21.1,-21.1,2.0,0.0,16.0,0.5,,,,,,,,,,,,,,,,,,,,,,,,,,,,,,,,
1911,2,-167.5,50.4,2.2,2.2,2.95,2.57,3.0,0.64,12.0,0.7,1.29,1.7,2.79,2.03,3.0,1.14,12.0,0.7,3.16,3.16,3.16,3.16,1.0,0.0,24.0,0.0,65.7,65.7,65.7,65.7,1.0,0.0,24.0,0.0,5.27,6.7,6.7,6.0,3.0,1.21,12.0,0.7,1.26,3.98,5.77,3.53,3.0,3.32,12.0,0.7,1.52,2.3,5.3,3.39,3.0,2.92,12.0,0.7,1009.78,1015.1,1015.3,1012.6,3.0,4.59,12.0,0.7,3.3,6.0,7.4,5.3,3.0,3.1,12.0,0.7,5.8,18.3,36.0,20.8,3.0,22.2,12.0,0.7,8.7,10.6,34.0,21.1,3.0,20.7,12.0,0.7,0.16,0.5,0.91,0.53,3.0,0.55,12.0,0.7,1.1,3.4,4.5,2.8,3.0,2.6,12.0,0.7,1.65,1.65,1.65,1.65,1.0,0.0,24.0,0.0,11.1,11.1,11.1,11.1,1.0,0.0,24.0,0.0,1.4,4.4,9.0,5.2,3.0,5.7,12.0,0.7,2.2,2.5,15.9,8.9,3.0,11.5,12.0,0.7,0.0,0.0,0.0,0.0,1.0,0.0,24.0,0.0,21.2,21.2,21.2,21.2,1.0,0.0,24.0,0.0,,,,,,,,,,,,,,,,,,,,,,,,,,,,,,,,
1911,2,-167.4,52.1,,,,,,,,,,,,,,,,,,,,,,,,,,,,,,,,,6.7,9.3,10.56,9.45,6.0,3.18,14.0,0.7,-4.99,0.17,9.92,2.14,6.0,8.45,14.0,0.7,1.55,5.2,7.32,4.0,6.0,4.61,14.0,0.7,992.24,1002.9,1005.35,999.36,5.0,7.43,18.0,0.6,,,,,,,,,,,,,,,,,,,,,,,,,,,,,,,,,,,,,,,,,,,,,,,,,,,,,,,,,,,,,,,,,,,,,,,,,,,,,,,,,,,,,,,,,,,,,,,,,,,,,,,,,,,,,,,,,,,,,,,,
1911,2,-165.5,22.3,,,,,,,,,,,,,,,,,,,,,,,,,,,,,,,,,9.3,9.3,9.3,9.3,2.0,0.0,16.0,0.0,-3.18,-3.18,-3.18,-3.18,2.0,0.0,16.0,0.0,-8.74,-8.74,-8.74,-8.74,2.0,0.0,16.0,0.0,1016.07,1016.65,1017.23,1016.65,2.0,1.2,16.0,0.0,,,,,,,,,,,,,,,,,,,,,,,,,,,,,,,,,,,,,,,,,,,,,,,,,,,,,,,,,,,,,,,,,,,,,,,,,,,,,,,,,,,,,,,,,,,,,,,,,,,,,,,,,,,,,,,,,,,,,,,,
1911,2,-165.5,24.3,21.7,21.7,21.7,21.7,2.0,0.0,16.0,0.0,17.97,18.35,18.73,18.35,2.0,0.78,16.0,0.0,9.36,9.42,9.49,9.42,2.0,0.14,16.0,0.0,71.4,72.7,73.9,72.7,2.0,2.5,16.0,0.0,6.7,6.7,6.7,6.7,2.0,0.0,16.0,0.0,-2.29,-2.29,-2.29,-2.29,2.0,0.0,16.0,0.0,-6.3,-6.3,-6.3,-6.3,2.0,0.0,16.0,0.0,1020.77,1021.15,1021.53,1021.15,2.0,0.78,16.0,0.0,3.5,4.5,5.5,4.5,2.0,2.1,16.0,0.0,-15.4,-15.4,-15.4,-15.4,2.0,0.0,16.0,0.0,-42.2,-42.2,-42.2,-42.2,2.0,0.0,16.0,0.0,2.97,3.35,3.73,3.35,2.0,0.78,16.0,0.0,19.9,22.4,25.0,22.4,2.0,5.2,16.0,0.0,6.55,6.61,6.67,6.61,2.0,0.13,16.0,0.0,43.9,44.3,44.7,44.3,2.0,0.8,16.0,0.0,-42.9,-42.0,-41.2,-42.0,2.0,1.8,16.0,0.0,-117.9,-115.5,-113.2,-115.5,2.0,4.9,16.0,0.0,-21.7,-21.6,-21.4,-21.6,2.0,0.3,16.0,0.0,-59.8,-59.3,-58.9,-59.3,2.0,0.9,16.0,0.0,-15.3,-15.1,-15.0,-15.1,2.0,0.3,16.0,0.0,-42.0,-41.6,-41.2,-41.6,2.0,0.8,16.0,0.0,301.0,301.0,301.0,301.0,2.0,0.0,16.0,0.0,300.0,300.0,300.0,300.0,2.0,0.0,16.0,0.0
1911,2,-165.5,48.7,,,,,,,,,,,,,,,,,,,,,,,,,,,,,,,,,,,,,,,,,,,,,,,,,,,,,,,,,,,,,,,,,3.3,6.0,7.4,5.4,5.0,2.4,8.0,0.6,31.9,42.2,108.6,65.1,6.0,50.0,10.0,0.5,-129.5,-27.1,-6.2,-56.4,6.0,77.7,10.0,0.5,,,,,,,,,,,,,,,,,,,,,,,,,,,,,,,,,,,,,,,,,,,,,,,,,,,,,,,,,,,,,,,,,,,,,,,,,,,,,,,,,,,,,,,,,,,,,,,,
1911,2,-165.5,52.2,,,,,,,,,,,,,,,,,,,,,,,,,,,,,,,,,6.7,8.0,9.3,8.0,4.0,1.5,16.0,0.3,-5.98,-5.36,1.2,-2.52,4.0,6.11,16.0,0.3,-1.93,4.14,7.12,2.67,4.0,5.68,16.0,0.3,1000.04,1001.2,1005.57,1002.77,3.0,4.27,20.0,0.3,,,,,,,,,,,,,,,,,,,,,,,,,,,,,,,,,,,,,,,,,,,,,,,,,,,,,,,,,,,,,,,,,,,,,,,,,,,,,,,,,,,,,,,,,,,,,,,,,,,,,,,,,,,,,,,,,,,,,,,,
1911,2,-165.4,48.7,3.2,3.3,4.0,3.5,6.0,0.56,10.0,0.5,0.75,2.8,3.42,2.22,6.0,1.67,10.0,0.5,3.32,3.47,3.62,3.47,2.0,0.31,14.0,0.5,72.4,83.6,94.8,83.6,2.0,23.2,14.0,0.5,6.7,6.7,12.94,9.08,6.0,3.82,10.0,0.5,4.76,6.3,8.32,6.48,6.0,2.25,10.0,0.5,-9.91,-4.05,-0.93,-4.55,6.0,5.77,10.0,0.5,992.26,1003.05,1014.81,1004.3,6.0,12.04,10.0,0.5,,,,,,,,,,,,,,,,,,,,,,,,,-0.12,0.8,2.67,1.28,6.0,1.9,10.0,0.5,-0.8,7.4,21.8,10.1,6.0,13.6,10.0,0.5,1.44,1.5,1.56,1.5,2.0,0.13,14.0,0.5,9.6,10.0,10.5,10.0,2.0,0.9,14.0,0.5,2.1,20.4,23.3,15.1,6.0,12.3,10.0,0.5,-27.8,-7.0,4.6,-9.2,6.0,18.2,10.0,0.5,20.9,21.9,22.8,21.9,2.0,2.0,14.0,0.5,-8.3,-8.0,-7.6,-8.0,2.0,0.7,14.0,0.5,,,,,,,,,,,,,,,,,,,,,,,,,,,,,,,,
1911,2,-165.4,50.2,,,,,,,,,,,,,,,,,,,,,,,,,,,,,,,,,,,,,,,,,,,,,,,,,,,,,,,,,,,,,,,,,,,,,,,,,,,,,,,,,,,,,,,,,,,,,,,,,,,,,,,,,,,,,,,,,,,,,,,,,,,,,,,,,,,,,,,,,,,,,,,,,,,,,,,,,0.0,0.0,0.0,0.0,2.0,0.0,24.0,1.0,10.8,11.0,11.1,11.0,2.0,0.2,24.0,1.0,97.5,199.0,564.5,325.0,4.0,333.5,14.0,0.5,95.0,200.0,565.0,325.0,4.0,335.0,14.0,0.5
1911,2,-165.4,50.4,2.49,3.35,3.9,3.2,4.0,0.84,14.0,0.5,1.65,3.35,4.79,3.23,4.0,2.1,14.0,0.5,3.42,3.58,3.75,3.58,2.0,0.34,24.0,1.0,67.1,67.5,68.0,67.5,2.0,1.0,24.0,1.0,4.6,5.65,8.06,6.3,4.0,2.23,14.0,0.5,0.0,1.48,3.78,1.87,4.0,2.25,14.0,0.5,-2.23,2.95,8.06,2.92,4.0,6.06,14.0,0.5,1012.48,1013.85,1014.91,1013.7,4.0,1.45,14.0,0.5,7.0,7.5,8.0,7.5,4.0,0.6,14.0,0.5,0.0,6.8,17.4,8.6,4.0,10.4,14.0,0.5,-10.2,20.6,66.7,27.9,4.0,47.1,14.0,0.5,-0.89,0.0,0.84,-0.02,4.0,1.35,14.0,0.5,-8.3,0.0,3.9,-2.1,4.0,9.8,14.0,0.5,1.24,1.41,1.58,1.41,2.0,0.35,24.0,1.0,10.8,11.0,11.1,11.0,2.0,0.2,24.0,1.0,0.0,0.9,7.5,3.6,4.0,6.1,14.0,0.5,-2.2,12.0,39.7,18.5,4.0,26.1,14.0,0.5,0.0,0.0,0.0,0.0,2.0,0.0,24.0,1.0,24.5,29.0,33.5,29.0,2.0,9.3,24.0,1.0,,,,,,,,,,,,,,,,,,,,,,,,,,,,,,,,
1911,2,-165.3,-49.1,,,,,,,,,,,,,,,,,,,,,,,,,,,,,,,,,8.67,12.3,16.71,12.64,5.0,4.78,24.0,0.2,3.39,11.4,16.0,10.23,5.0,6.96,24.0,0.2,2.92,5.77,7.21,5.11,5.0,3.29,24.0,0.2,992.32,993.0,993.68,993.0,2.0,1.41,22.0,0.0,,,,,,,,,,,,,,,,,,,,,,,,,,,,,,,,,,,,,,,,,,,,,,,,,,,,,,,,,,,,,,,,,,,,,,,,,,,,,,,,,,,,,,,,,,,,,,,,,,,,,,,,,,,,,,,,,,,,,,,,
1911,2,-165.1,48.9,,,,,,,,,,,,,,,,,,,,,,,,,,,,,,,,,,,,,,,,,,,,,,,,,,,,,,,,,,,,,,,,,,,,,,,,,,,,,,,,,,,,,,,,,,,,,,,,,,,,,,,,,,,,,,,,,,,,,,,,,,,,,,,,,,,,,,,,,,,,,,,,,,,,,,,,,9.0,9.4,9.8,9.4,2.0,0.8,14.0,0.5,-3.6,-3.4,-3.3,-3.4,2.0,0.3,14.0,0.5,301.0,301.0,2231.0,1119.5,6.0,1389.0,10.0,0.5,300.0,300.0,2230.0,1120.0,6.0,1390.0,10.0,0.5
1911,2,-164.0,24.0,22.2,22.2,22.2,22.2,1.0,0.0,16.0,0.0,20.6,20.6,20.6,20.6,1.0,0.0,16.0,0.0,11.4,11.4,11.4,11.4,1.0,0.0,16.0,0.0,76.4,76.4,76.4,76.4,1.0,0.0,16.0,0.0,9.3,9.3,9.3,9.3,1.0,0.0,16.0,0.0,-3.18,-3.18,-3.18,-3.18,1.0,0.0,16.0,0.0,-8.74,-8.74,-8.74,-8.74,1.0,0.0,16.0,0.0,1022.3,1022.3,1022.3,1022.3,1.0,0.0,16.0,0.0,4.0,4.0,4.0,4.0,1.0,0.0,16.0,0.0,-29.6,-29.6,-29.6,-29.6,1.0,0.0,16.0,0.0,-81.3,-81.3,-81.3,-81.3,1.0,0.0,16.0,0.0,1.6,1.6,1.6,1.6,1.0,0.0,16.0,0.0,14.9,14.9,14.9,14.9,1.0,0.0,16.0,0.0,5.12,5.12,5.12,5.12,1.0,0.0,16.0,0.0,47.6,47.6,47.6,47.6,1.0,0.0,16.0,0.0,-65.5,-65.5,-65.5,-65.5,1.0,0.0,16.0,0.0,-180.0,-180.0,-180.0,-180.0,1.0,0.0,16.0,0.0,-36.3,-36.3,-36.3,-36.3,1.0,0.0,16.0,0.0,-99.6,-99.6,-99.6,-99.6,1.0,0.0,16.0,0.0,-16.3,-16.3,-16.3,-16.3,1.0,0.0,16.0,0.0,-44.7,-44.7,-44.7,-44.7,1.0,0.0,16.0,0.0,804.5,804.5,804.5,804.5,1.0,0.0,16.0,0.0,805.0,805.0,805.0,805.0,1.0,0.0,16.0,0.0
1911,2,-163.6,22.4,22.2,22.2,22.2,22.2,2.0,0.0,16.0,1.0,21.12,22.25,23.38,22.25,2.0,2.33,16.0,1.0,11.4,11.4,11.4,11.4,1.0,0.0,16.0,1.0,76.4,76.4,76.4,76.4,1.0,0.0,16.0,1.0,5.35,6.95,8.55,6.95,2.0,3.32,16.0,1.0,-5.99,-3.56,-1.13,-3.56,2.0,5.04,16.0,1.0,-4.3,-0.69,2.92,-0.69,2.0,7.48,16.0,1.0,1016.83,1019.05,1021.27,1019.05,2.0,4.6,16.0,1.0,,,,,,,,,,,,,,,,,,,,,,,,,-1.18,-0.05,1.08,-0.05,2.0,2.33,16.0,1.0,-4.2,3.5,11.3,3.5,2.0,16.1,16.0,1.0,5.12,5.12,5.12,5.12,1.0,0.0,16.0,1.0,47.6,47.6,47.6,47.6,1.0,0.0,16.0,1.0,-123.5,-73.4,-23.3,-73.4,2.0,103.8,16.0,1.0,-86.2,-6.6,72.9,-6.6,2.0,164.8,16.0,1.0,-81.2,-81.2,-81.2,-81.2,1.0,0.0,16.0,1.0,-68.1,-68.1,-68.1,-68.1,1.0,0.0,16.0,1.0,,,,,,,,,,,,,,,,,,,,,,,,,,,,,,,,
1911,2,-163.6,50.2,,,,,,,,,,,,,,,,,,,,,,,,,,,,,,,,,,,,,,,,,,,,,,,,,,,,,,,,,,,,,,,,,,,,,,,,,,,,,,,,,,,,,,,,,,,,,,,,,,,,,,,,,,,,,,,,,,,,,,,,,,,,,,,,,,,,,,,,,,,,,,,,,,,,,,,,,0.0,0.0,0.0,0.0,2.0,0.0,24.0,0.0,1.0,3.1,5.3,3.1,2.0,4.4,24.0,0.0,1475.0,1861.0,2515.0,2008.0,5.0,1027.0,16.0,0.2,1475.0,1860.0,2515.0,2010.0,5.0,1025.0,16.0,0.2
1911,2,-163.5,22.8,,,,,,,,,,,,,,,,,,,,,,,,,,,,,,,,,,,,,,,,,,,,,,,,,,,,,,,,,,,,,,,,,4.0,4.0,4.0,4.0,1.0,0.0,16.0,1.0,-55.7,-33.1,-10.5,-33.1,2.0,46.8,16.0,1.0,-43.4,-17.2,9.0,-17.2,2.0,54.3,16.0,1.0,,,,,,,,,,,,,,,,,,,,,,,,,,,,,,,,,,,,,,,,,,,,,,,,,,,,,,,,,,,,,,,,,-36.5,-36.5,-36.5,-36.5,1.0,0.0,16.0,1.0,-30.6,-30.6,-30.6,-30.6,1.0,0.0,16.0,1.0,209.5,451.0,692.0,451.0,2.0,500.0,16.0,1.0,210.0,450.0,690.0,450.0,2.0,500.0,16.0,1.0
1911,2,-163.5,50.5,2.5,3.3,4.62,3.42,5.0,1.49,16.0,0.2,3.3,3.9,5.78,4.44,5.0,1.32,16.0,0.2,4.1,4.15,4.21,4.15,2.0,0.11,24.0,0.0,71.2,73.1,75.1,73.1,2.0,4.0,24.0,0.0,11.2,12.3,13.43,12.32,5.0,2.16,16.0,0.2,-3.89,0.0,4.88,-0.15,5.0,6.38,16.0,0.2,7.36,12.3,13.09,10.66,5.0,3.43,16.0,0.2,1002.64,1016.4,1019.66,1011.14,5.0,14.13,16.0,0.2,4.5,6.0,8.0,6.0,5.0,2.4,16.0,0.2,-47.8,0.0,57.1,-1.3,5.0,80.0,16.0,0.2,75.4,151.3,177.4,135.2,5.0,62.0,16.0,0.2,-3.29,-0.6,1.32,-1.02,5.0,2.72,16.0,0.2,-40.4,-7.4,16.1,-12.2,5.0,34.2,16.0,0.2,0.08,0.26,0.43,0.26,2.0,0.36,24.0,0.0,1.0,3.1,5.3,3.1,2.0,4.4,24.0,0.0,-15.2,0.0,16.1,-1.8,5.0,23.7,16.0,0.2,25.6,47.8,71.1,48.4,5.0,23.5,16.0,0.2,0.0,0.0,0.0,0.0,2.0,0.0,24.0,0.0,50.4,51.1,51.7,51.1,2.0,1.4,24.0,0.0,,,,,,,,,,,,,,,,,,,,,,,,,,,,,,,,
1911,2,-163.4,-49.1,,,,,,,,,,,,,,,,,,,,,,,,,,,,,,,,,13.78,15.4,17.29,15.53,4.0,2.74,24.0,0.5,6.69,9.41,13.5,10.06,4.0,4.23,24.0,0.5,2.19,9.39,15.91,9.07,4.0,8.15,24.0,0.5,992.32,993.0,993.68,993.0,2.0,1.41,22.0,0.5,,,,,,,,,,,,,,,,,,,,,,,,,,,,,,,,,,,,,,,,,,,,,,,,,,,,,,,,,,,,,,,,,,,,,,,,,,,,,,,,,,,,,,,,,,,,,,,,,,,,,,,,,,,,,,,,,,,,,,,,
1911,2,-163.4,48.7,,,,,,,,,,,,,,,,,,,,,,,,,,,,,,,,,,,,,,,,,,,,,,,,,,,,,,,,,,,,,,,,,3.0,5.0,7.0,5.0,2.0,4.2,8.0,0.0,12.3,38.9,47.7,30.2,3.0,26.9,10.0,0.0,-104.2,-22.4,7.3,-47.8,3.0,84.6,10.0,0.0,,,,,,,,,,,,,,,,,,,,,,,,,,,,,,,,,,,,,,,,,,,,,,,,,,,,,,,,,,,,,,,,,,,,,,,,,,,,,,,,,,,,,,,,,,,,,,,,
1911,2,-163.4,48.8,2.74,3.9,4.24,3.5,3.0,1.15,10.0,0.0,0.54,1.7,2.04,1.3,3.0,1.15,10.0,0.0,3.2,3.32,3.43,3.32,2.0,0.24,14.0,0.0,75.4,81.4,87.5,81.4,2.0,12.5,14.0,0.0,5.27,6.7,10.52,7.87,3.0,3.98,10.0,0.0,1.34,4.21,5.3,3.34,3.0,3.0,10.0,0.0,-8.95,-3.35,2.08,-3.44,3.0,8.08,10.0,0.0,993.52,996.8,1017.62,1005.37,3.0,19.15,10.0,0.0,,,,,,,,,,,,,,,,,,,,,,,,,1.04,2.2,3.36,2.2,3.0,1.7,10.0,0.0,9.9,26.1,26.8,18.5,3.0,14.0,10.0,0.0,1.39,1.49,1.58,1.49,2.0,0.19,14.0,0.0,7.0,8.5,10.1,8.5,2.0,3.3,14.0,0.0,0.0,0.0,6.3,3.1,3.0,5.3,10.0,0.0,-17.4,0.0,5.3,-5.9,3.0,17.4,10.0,0.0,3.2,10.1,17.0,10.1,2.0,14.3,14.0,0.0,-7.5,1.4,10.3,1.4,2.0,18.5,14.0,0.0,,,,,,,,,,,,,,,,,,,,,,,,,,,,,,,,
1911,2,-163.4,48.9,,,,,,,,,,,,,,,,,,,,,,,,,,,,,,,,,,,,,,,,,,,,,,,,,,,,,,,,,,,,,,,,,,,,,,,,,,,,,,,,,,,,,,,,,,,,,,,,,,,,,,,,,,,,,,,,,,,,,,,,,,,,,,,,,,,,,,,,,,,,,,,,,,,,,,,,,1.5,4.7,7.9,4.7,2.0,6.6,14.0,0.0,-3.6,0.4,4.4,0.4,2.0,8.2,14.0,0.0,162.0,301.0,1365.5,753.0,3.0,965.0,10.0,0.0,160.0,300.0,1365.0,755.0,3.0,965.0,10.0,0.0
1911,2,-163.4,52.2,,,,,,,,,,,,,,,,,,,,,,,,,,,,,,,,,6.27,9.5,12.3,9.15,6.0,3.53,12.0,0.0,-4.97,1.72,7.11,1.12,6.0,7.05,12.0,0.0,-4.38,0.0,9.86,1.51,6.0,7.68,12.0,0.0,998.79,1008.1,1020.3,1009.48,4.0,12.58,18.0,0.0,,,,,,,,,,,,,,,,,,,,,,,,,,,,,,,,,,,,,,,,,,,,,,,,,,,,,,,,,,,,,,,,,,,,,,,,,,,,,,,,,,,,,,,,,,,,,,,,,,,,,,,,,,,,,,,,,,,,,,,,
1911,2,-163.1,20.9,,,,,,,,,,,,,,,,,,,,,,,,,,,,,,,,,1.0,1.0,1.0,1.0,1.0,0.0,16.0,1.0,1.0,1.0,1.0,1.0,1.0,0.0,16.0,1.0,0.0,0.0,0.0,0.0,1.0,0.0,16.0,1.0,1017.1,1017.1,1017.1,1017.1,1.0,0.0,16.0,1.0,,,,,,,,,,,,,,,,,,,,,,,,,,,,,,,,,,,,,,,,,,,,,,,,,,,,,,,,,,,,,,,,,,,,,,,,,,,,,,,,,,,,,,,,,,,,,,,,,,,,,,,,,,,,,,,,,,,,,,,,
1911,2,-161.6,48.8,3.59,3.9,4.16,3.88,4.0,0.45,10.0,0.5,1.62,2.5,2.8,2.23,4.0,0.8,10.0,0.5,4.27,4.45,4.64,4.45,2.0,0.38,16.0,1.0,100.0,100.0,100.0,100.0,2.0,0.0,16.0,1.0,4.6,8.45,12.3,8.45,4.0,4.45,10.0,0.5,0.75,2.89,8.06,4.33,4.0,5.12,10.0,0.5,-8.25,-4.46,-4.26,-6.17,4.0,3.59,10.0,0.5,991.0,1010.5,1030.37,1010.68,4.0,22.72,10.0,0.5,,,,,,,,,,,,,,,,,,,,,,,,,0.79,1.4,2.54,1.65,4.0,1.2,10.0,0.5,7.6,14.4,18.2,13.0,4.0,7.8,10.0,0.5,0.32,0.64,0.96,0.64,2.0,0.66,16.0,1.0,1.5,2.9,4.4,2.9,2.0,3.0,16.0,1.0,0.8,5.5,21.4,10.8,4.0,14.9,10.0,0.5,-19.5,-12.3,-8.1,-13.7,4.0,8.6,10.0,0.5,1.0,3.3,5.5,3.3,2.0,4.7,16.0,1.0,-21.2,-19.9,-18.7,-19.9,2.0,2.6,16.0,1.0,,,,,,,,,,,,,,,,,,,,,,,,,,,,,,,,
1911,2,-161.6,48.9,,,,,,,,,,,,,,,,,,,,,,,,,,,,,,,,,,,,,,,,,,,,,,,,,,,,,,,,,,,,,,,,,,,,,,,,,,,,,,,,,,,,,,,,,,,,,,,,,,,,,,,,,,,,,,,,,,,,,,,,,,,,,,,,,,,,,,,,,,,,,,,,,,,,,,,,,0.3,0.9,1.5,0.9,2.0,1.2,16.0,1.0,-4.2,-2.8,-1.4,-2.8,2.0,2.8,16.0,1.0,97.5,979.0,1861.0,979.0,4.0,1018.0,10.0,0.5,95.0,980.0,1860.0,980.0,4.0,1020.0,10.0,0.5
1911,2,-161.6,50.3,2.68,2.8,3.42,2.97,6.0,0.58,14.0,0.3,0.48,1.65,5.12,2.42,6.0,2.35,14.0,0.3,2.97,3.17,3.53,3.25,4.0,0.4,18.0,0.0,64.4,69.5,75.7,70.0,4.0,7.9,18.0,0.0,5.85,8.0,12.3,8.32,6.0,3.76,14.0,0.3,-2.39,0.0,4.99,0.69,6.0,4.18,14.0,0.3,0.69,5.17,12.3,5.44,6.0,6.6,14.0,0.3,991.3,1022.55,1025.19,1012.82,6.0,17.58,14.0,0.3,5.2,8.0,8.0,6.7,6.0,2.4,14.0,0.3,-10.5,0.0,42.4,7.8,6.0,30.0,14.0,0.3,-1.8,45.1,151.3,61.5,6.0,77.2,14.0,0.3,-1.7,0.85,2.32,0.55,6.0,1.91,14.0,0.3,-20.9,5.7,9.7,-0.7,6.0,16.4,14.0,0.3,1.31,1.56,1.76,1.53,4.0,0.3,18.0,0.0,7.7,12.5,16.3,12.0,4.0,5.6,18.0,0.0,-0.2,0.0,7.6,2.7,6.0,4.7,14.0,0.3,0.9,10.1,63.0,25.3,6.0,31.6,14.0,0.3,-10.6,-2.4,0.0,-5.2,4.0,7.5,18.0,0.0,-4.3,22.8,43.4,19.7,4.0,28.4,18.0,0.0,,,,,,,,,,,,,,,,,,,,,,,,,,,,,,,,
1911,2,-161.5,20.8,,,,,,,,,,,,,,,,,,,,,,,,,,,,,,,,,4.6,4.6,4.6,4.6,1.0,0.0,16.0,0.0,-2.96,-2.96,-2.96,-2.96,1.0,0.0,16.0,0.0,3.52,3.52,3.52,3.52,1.0,0.0,16.0,0.0,1016.4,1016.4,1016.4,1016.4,1.0,0.0,16.0,0.0,,,,,,,,,,,,,,,,,,,,,,,,,,,,,,,,,,,,,,,,,,,,,,,,,,,,,,,,,,,,,,,,,,,,,,,,,,,,,,,,,,,,,,,,,,,,,,,,,,,,,,,,,,,,,,,,,,,,,,,,
1911,2,-161.5,48.7,,,,,,,,,,,,,,,,,,,,,,,,,,,,,,,,,,,,,,,,,,,,,,,,,,,,,,,,,,,,,,,,,1.9,6.0,7.4,4.7,3.0,4.2,8.0,0.3,3.4,29.5,99.1,50.3,4.0,65.4,10.0,0.5,-99.1,-36.5,-20.5,-58.7,4.0,57.5,10.0,0.5,,,,,,,,,,,,,,,,,,,,,,,,,,,,,,,,,,,,,,,,,,,,,,,,,,,,,,,,,,,,,,,,,,,,,,,,,,,,,,,,,,,,,,,,,,,,,,,,
1911,2,-161.5,50.1,,,,,,,,,,,,,,,,,,,,,,,,,,,,,,,,,,,,,,,,,,,,,,,,,,,,,,,,,,,,,,,,,,,,,,,,,,,,,,,,,,,,,,,,,,,,,,,,,,,,,,,,,,,,,,,,,,,,,,,,,,,,,,,,,,,,,,,,,,,,,,,,,,,,,,,,,-5.9,-1.6,0.0,-2.9,4.0,3.9,18.0,0.0,-1.9,8.9,16.3,7.3,4.0,11.3,18.0,0.0,242.5,552.5,1861.0,857.5,6.0,817.5,14.0,0.3,240.0,555.0,1860.0,860.0,6.0,820.0,14.0,0.3
1911,2,-161.5,52.3,,,,,,,,,,,,,,,,,,,,,,,,,,,,,,,,,9.3,10.8,12.3,10.8,4.0,1.73,18.0,0.5,0.0,4.37,9.03,4.51,4.0,5.21,18.0,0.5,1.51,7.74,12.3,6.95,4.0,6.32,18.0,0.5,1000.93,1014.4,1028.08,1014.5,4.0,15.7,18.0,0.5,,,,,,,,,,,,,,,,,,,,,,,,,,,,,,,,,,,,,,,,,,,,,,,,,,,,,,,,,,,,,,,,,,,,,,,,,,,,,,,,,,,,,,,,,,,,,,,,,,,,,,,,,,,,,,,,,,,,,,,,
1911,2,-161.4,22.3,22.96,23.3,23.3,23.13,3.0,0.29,18.0,0.3,21.86,22.2,22.61,22.23,3.0,0.55,18.0,0.3,13.71,14.55,14.86,14.29,3.0,0.87,18.0,0.3,81.8,90.6,90.6,86.3,3.0,7.5,18.0,0.3,3.9,6.7,6.7,5.33,3.0,2.37,18.0,0.3,-5.13,-5.13,-2.99,-4.09,3.0,1.81,18.0,0.3,-4.31,-4.31,-2.51,-3.43,3.0,1.52,18.0,0.3,1019.19,1019.6,1019.6,1019.4,3.0,0.35,18.0,0.3,1.3,2.0,4.0,2.7,3.0,2.1,18.0,0.3,-34.4,-34.4,-14.4,-24.7,3.0,16.9,18.0,0.3,-28.9,-28.9,-12.1,-20.7,3.0,14.2,18.0,0.3,0.35,1.1,1.44,0.9,3.0,0.82,18.0,0.3,0.9,2.9,8.2,4.5,3.0,5.6,18.0,0.3,2.87,3.18,3.65,3.26,3.0,0.58,18.0,0.3,11.6,21.3,24.5,18.1,3.0,9.8,18.0,0.3,-115.2,-111.4,-65.5,-90.9,3.0,40.5,18.0,0.3,-96.7,-93.5,-55.0,-76.2,3.0,34.0,18.0,0.3,-72.7,-68.3,-42.1,-57.6,3.0,24.2,18.0,0.3,-61.0,-57.3,-35.3,-48.4,3.0,20.3,18.0,0.3,-18.7,-16.3,-8.9,-13.9,3.0,7.5,18.0,0.3,-15.7,-13.7,-7.4,-11.6,3.0,6.3,18.0,0.3,107.5,301.0,301.0,206.5,3.0,163.5,18.0,0.3,105.0,300.0,300.0,205.0,3.0,165.0,18.0,0.3
1911,2,-159.6,20.7,21.1,21.7,22.6,21.88,5.0,0.92,24.0,0.4,19.4,20.55,22.78,21.18,6.0,2.16,22.0,0.3,13.94,13.94,13.94,13.94,1.0,0.0,18.0,0.0,90.0,90.0,90.0,90.0,1.0,0.0,18.0,0.0,,,,,,,,,,,,,,,,,,,,,,,,,,,,,,,,,,,,,,,,,,,,,,,,,,,,,,,,,-0.73,2.2,2.48,0.9,5.0,2.75,24.0,0.4,-2.9,10.2,23.1,9.1,5.0,17.2,24.0,0.4,3.81,3.81,3.81,3.81,1.0,0.0,18.0,0.0,9.9,9.9,9.9,9.9,1.0,0.0,18.0,0.0,,,,,,,,,,,,,,,,,,,,,,,,,,,,,,,,,,,,,,,,,,,,,,,,,,,,,,,,,,,,,,,,
1911,2,-159.6,52.2,,,,,,,,,,,,,,,,,,,,,,,,,,,,,,,,,9.3,12.3,15.4,12.34,5.0,3.05,14.0,0.6,4.88,8.61,8.94,7.22,5.0,2.32,14.0,0.6,2.02,11.56,13.39,8.4,5.0,6.4,14.0,0.6,1004.68,1018.3,1031.71,1018.2,4.0,15.6,18.0,0.5,,,,,,,,,,,,,,,,,,,,,,,,,,,,,,,,,,,,,,,,,,,,,,,,,,,,,,,,,,,,,,,,,,,,,,,,,,,,,,,,,,,,,,,,,,,,,,,,,,,,,,,,,,,,,,,,,,,,,,,,
1911,2,-159.5,-47.5,,,,,,,,,,,,,,,,,,,,,,,,,,,,,,,,,7.59,9.5,11.41,9.5,2.0,3.96,20.0,0.0,2.95,4.26,5.56,4.26,2.0,2.7,20.0,0.0,-10.57,-7.35,-4.12,-7.35,2.0,6.69,20.0,0.0,990.32,991.0,991.68,991.0,2.0,1.41,24.0,0.0,,,,,,,,,,,,,,,,,,,,,,,,,,,,,,,,,,,,,,,,,,,,,,,,,,,,,,,,,,,,,,,,,,,,,,,,,,,,,,,,,,,,,,,,,,,,,,,,,,,,,,,,,,,,,,,,,,,,,,,,
1911,2,-159.5,20.7,,,,,,,,,,,,,,,,,,,,,,,,,,,,,,,,,2.6,6.95,9.3,6.28,6.0,3.38,22.0,0.3,-2.24,0.0,2.79,0.16,6.0,2.57,22.0,0.3,-9.3,-5.21,0.61,-4.34,6.0,5.44,22.0,0.3,1016.58,1017.6,1017.94,1017.27,3.0,1.04,16.0,0.0,,,,,,,,,,,,,,,,,,,,,,,,,,,,,,,,,,,,,,,,,,,,,,,,,,,,,,,,,-46.5,0.0,64.0,6.7,6.0,57.7,22.0,0.3,-180.4,-105.0,15.3,-82.8,6.0,110.6,22.0,0.3,-27.8,-27.8,-27.8,-27.8,1.0,0.0,18.0,0.0,-23.3,-23.3,-23.3,-23.3,1.0,0.0,18.0,0.0,,,,,,,,,,,,,,,,,,,,,,,,,,,,,,,,
1911,2,-159.5,20.8,,,,,,,,,,,,,,,,,,,,,,,,,,,,,,,,,,,,,,,,,,,,,,,,,,,,,,,,,,,,,,,,,,,,,,,,,,,,,,,,,,,,,,,,,,,,,,,,,,,,,,,,,,,,,,,,,,,,,,,,,,,,,,,,,,,,,,,,,,,,,,,,,,,,,,,,,-7.6,-7.6,-7.6,-7.6,1.0,0.0,18.0,0.0,-6.4,-6.4,-6.4,-6.4,1.0,0.0,18.0,0.0,17.5,451.0,804.5,424.5,6.0,417.5,22.0,0.3,20.0,450.0,805.0,425.0,6.0,415.0,22.0,0.3
1911,2,-159.5,48.5,,,,,,,,,,,,,,,,,,,,,,,,,,,,,,,,,9.3,9.3,9.3,9.3,2.0,0.0,4.0,1.0,5.98,5.98,5.98,5.98,2.0,0.0,4.0,1.0,-7.12,-7.12,-7.12,-7.12,2.0,0.0,4.0,1.0,1029.63,1030.35,1031.07,1030.35,2.0,1.48,4.0,1.0,,,,,,,,,,,,,,,,,,,,,,,,,,,,,,,,,,,,,,,,,,,,,,,,,,,,,,,,,,,,,,,,,,,,,,,,,,,,,,,,,,,,,,,,,,,,,,,,,,,,,,,,,,,,,,,,,,,,,,,,
1911,2,-159.5,50.1,,,,,,,,,,,,,,,,,,,,,,,,,,,,,,,,,,,,,,,,,,,,,,,,,,,,,,,,,,,,,,,,,,,,,,,,,,,,,,,,,,,,,,,,,,,,,,,,,,,,,,,,,,,,,,,,,,,,,,,,,,,,,,,,,,,,,,,,,,,,,,,,,,,,,,,,,-5.1,5.0,8.0,2.3,5.0,7.6,16.0,0.4,-14.8,-13.7,0.2,-7.1,5.0,15.0,16.0,0.4,780.5,804.5,1861.0,1034.5,7.0,594.0,12.0,0.3,780.0,805.0,1860.0,1035.0,7.0,595.0,12.0,0.3
1911,2,-159.5,50.3,2.18,3.3,3.9,3.17,7.0,0.89,12.0,0.3,0.57,0.6,1.29,1.29,7.0,1.68,12.0,0.3,2.87,3.22,3.47,3.2,5.0,0.43,16.0,0.4,67.1,70.8,84.3,74.9,5.0,11.8,16.0,0.4,9.18,9.3,12.3,9.79,7.0,1.96,12.0,0.3,-3.23,3.18,6.07,2.56,7.0,4.68,12.0,0.3,-8.77,-7.12,-5.44,-5.13,7.0,7.44,12.0,0.3,988.92,993.4,1026.38,1005.6,7.0,19.86,12.0,0.3,5.0,6.0,8.0,6.3,7.0,1.4,12.0,0.3,-30.6,29.6,57.6,24.6,7.0,51.8,12.0,0.3,-82.9,-66.3,-33.4,-44.4,7.0,85.2,12.0,0.3,0.99,2.2,3.3,1.89,7.0,1.56,12.0,0.3,12.2,20.5,26.3,16.3,7.0,14.4,12.0,0.3,1.52,1.9,2.02,1.79,5.0,0.35,16.0,0.4,13.5,17.6,18.9,16.5,5.0,3.5,16.0,0.4,-4.3,1.9,4.8,-1.1,7.0,9.4,12.0,0.3,-7.9,-5.2,2.8,3.6,7.0,24.1,12.0,0.3,-12.8,6.3,13.0,1.6,5.0,14.0,16.0,0.4,-30.2,-21.0,2.8,-12.6,5.0,28.7,16.0,0.4,,,,,,,,,,,,,,,,,,,,,,,,,,,,,,,,
1911,2,-159.4,20.7,,,,,,,,,,,,,,,,,,,,,,,,,,,,,,,,,,,,,,,,,,,,,,,,,,,,,,,,,,,,,,,,,2.0,2.0,2.4,2.2,5.0,0.4,24.0,0.4,-10.2,0.0,8.7,-2.0,6.0,15.4,22.0,0.3,-86.5,-42.8,2.8,-40.8,6.0,48.5,22.0,0.3,,,,,,,,,,,,,,,,,,,,,,,,,,,,,,,,,,,,,,,,,,,,,,,,,,,,,,,,,,,,,,,,,,,,,,,,,,,,,,,,,,,,,,,,,,,,,,,,
1911,2,-157.7,20.7,,,,,,,,,,,,,,,,,,,,,,,,,,,,,,,,,,,,,,,,,,,,,,,,,,,,,,,,,,,,,,,,,,,,,,,,,,,,,,,,,,,,,,,,,,,,,,,,,,,,,,,,,,,,,,,,,,,,,,,,,,,,,,,,,,,,,,,,,,,,,,,,,,,,,,,,,-1.2,-0.7,-0.2,-0.7,2.0,1.0,18.0,1.0,-3.4,-2.0,-0.6,-2.0,2.0,2.8,18.0,1.0,0.5,17.5,171.5,83.5,5.0,128.0,24.0,0.6,0.0,20.0,170.0,85.0,5.0,130.0,24.0,0.6
1911,2,-157.6,50.3,3.3,3.9,3.9,3.7,6.0,0.31,20.0,0.3,-1.89,2.2,4.4,1.8,8.0,2.93,16.0,0.3,3.01,3.24,4.04,3.5,5.0,0.75,20.0,0.4,60.9,63.8,90.5,73.4,5.0,15.9,20.0,0.4,,,,,,,,,,,,,,,,,,,,,,,,,,,,,,,,,,,,,,,,,,,,,,,,,,,,,,,,,-1.1,-0.25,2.9,0.57,6.0,1.97,20.0,0.3,-10.9,-3.8,35.7,7.3,6.0,23.9,20.0,0.3,1.05,1.67,1.97,1.51,5.0,0.8,20.0,0.4,11.2,18.6,24.2,17.8,5.0,9.6,20.0,0.4,,,,,,,,,,,,,,,,,,,,,,,,,,,,,,,,,,,,,,,,,,,,,,,,,,,,,,,,,,,,,,,,
1911,2,-157.6,50.4,,,,,,,,,,,,,,,,,,,,,,,,,,,,,,,,,,,,,,,,,,,,,,,,,,,,,,,,,,,,,,,,,,,,,,,,,,,,,,,,,,,,,,,,,,,,,,,,,,,,,,,,,,,,,,,,,,,,,,,,,-28.1,-19.0,-3.0,-18.8,8.0,23.6,16.0,0.3,-11.8,1.8,29.0,6.8,8.0,30.3,16.0,0.3,-36.5,-15.4,-4.9,-21.3,5.0,30.0,20.0,0.4,-33.6,-27.9,5.7,-14.8,5.0,31.1,20.0,0.4,,,,,,,,,,,,,,,,,,,,,,,,,,,,,,,,
1911,2,-157.5,20.6,22.02,22.2,23.52,22.66,5.0,0.91,24.0,0.6,20.16,21.7,22.1,21.24,5.0,1.29,24.0,0.6,13.16,13.53,13.9,13.53,2.0,0.77,18.0,1.0,81.2,81.6,82.0,81.6,2.0,0.8,18.0,1.0,0.63,2.6,5.37,2.98,5.0,2.71,24.0,0.6,-0.12,1.16,3.13,1.52,5.0,1.91,24.0,0.6,-3.41,-0.94,-0.56,-2.0,5.0,2.63,24.0,0.6,1019.57,1020.15,1020.73,1020.15,2.0,1.2,18.0,1.0,1.0,6.0,7.0,4.4,5.0,3.1,24.0,0.6,-0.1,6.4,12.2,6.7,5.0,8.2,24.0,0.6,-20.7,-2.3,-0.6,-10.9,5.0,18.8,24.0,0.6,0.88,1.1,2.04,1.42,5.0,0.86,24.0,0.6,0.7,3.4,5.9,3.4,5.0,2.9,24.0,0.6,4.35,4.51,4.66,4.51,2.0,0.32,18.0,1.0,0.7,2.1,3.6,2.1,2.0,3.0,18.0,1.0,-2.8,25.2,62.6,30.8,5.0,39.2,24.0,0.6,-72.9,-21.4,-11.0,-42.9,5.0,57.3,24.0,0.6,-4.0,-2.4,-0.8,-2.4,2.0,3.4,18.0,1.0,-11.1,-6.6,-2.1,-6.6,2.0,9.4,18.0,1.0,,,,,,,,,,,,,,,,,,,,,,,,,,,,,,,,
1911,2,-157.5,48.5,,,,,,,,,,,,,,,,,,,,,,,,,,,,,,,,,9.3,9.3,9.3,9.3,2.0,0.0,4.0,0.0,5.98,5.98,5.98,5.98,2.0,0.0,4.0,0.0,-7.12,-7.12,-7.12,-7.12,2.0,0.0,4.0,0.0,1019.72,1023.2,1026.68,1023.2,2.0,7.21,4.0,0.0,,,,,,,,,,,,,,,,,,,,,,,,,,,,,,,,,,,,,,,,,,,,,,,,,,,,,,,,,,,,,,,,,,,,,,,,,,,,,,,,,,,,,,,,,,,,,,,,,,,,,,,,,,,,,,,,,,,,,,,,
1911,2,-157.5,50.2,,,,,,,,,,,,,,,,,,,,,,,,,,,,,,,,,,,,,,,,,,,,,,,,,,,,,,,,,,,,,,,,,,,,,,,,,,,,,,,,,,,,,,,,,,,,,,,,,,,,,,,,,,,,,,,,,,,,,,,,,,,,,,,,,,,,,,,,,,,,,,,,,,,,,,,,,-10.0,-6.4,-0.4,-5.4,5.0,7.4,20.0,0.4,-20.7,-14.6,6.7,-7.9,5.0,17.9,20.0,0.4,1089.0,1861.0,3652.5,2778.5,9.0,1912.5,14.0,0.3,1090.0,1860.0,3650.0,2780.0,9.0,1915.0,14.0,0.3
1911,2,-157.5,50.5,,,,,,,,,,,,,,,,,,,,,,,,,,,,,,,,,10.11,12.3,15.4,13.41,9.0,3.17,14.0,0.3,-8.04,-4.21,9.31,-0.61,9.0,9.31,14.0,0.3,-12.92,-10.65,1.6,-6.51,9.0,8.82,14.0,0.3,986.14,1021.5,1026.03,1010.19,9.0,19.65,14.0,0.3,1.5,6.0,8.0,5.2,9.0,2.9,14.0,0.3,-79.8,-51.7,143.3,4.3,9.0,143.2,14.0,0.3,-199.0,-131.0,10.5,-98.6,9.0,127.9,14.0,0.3,,,,,,,,,,,,,,,,,,,,,,,,,,,,,,,,,,,,,,,,,,,,,,,,,,,,,,,,,,,,,,,,,,,,,,,,,,,,,,,,,,,,,,,,,,,,,,,,
1911,2,-157.4,-47.6,,,,,,,,,,,,,,,,,,,,,,,,,,,,,,,,,15.4,15.4,17.86,16.6,3.0,2.08,22.0,1.0,6.06,12.77,16.08,11.11,3.0,7.48,22.0,1.0,-13.05,-8.61,2.13,-5.54,3.0,11.43,22.0,1.0,1000.37,1001.15,1001.94,1001.15,2.0,1.63,24.0,1.0,,,,,,,,,,,,,,,,,,,,,,,,,,,,,,,,,,,,,,,,,,,,,,,,,,,,,,,,,,,,,,,,,,,,,,,,,,,,,,,,,,,,,,,,,,,,,,,,,,,,,,,,,,,,,,,,,,,,,,,,
1911,2,-157.4,52.3,,,,,,,,,,,,,,,,,,,,,,,,,,,,,,,,,6.6,15.4,15.57,12.69,7.0,5.22,12.0,0.1,5.22,6.02,7.44,7.59,7.0,4.98,12.0,0.1,1.5,10.2,14.47,8.31,7.0,6.5,12.0,0.1,998.54,1001.5,1028.8,1011.42,5.0,16.48,16.0,0.0,,,,,,,,,,,,,,,,,,,,,,,,,,,,,,,,,,,,,,,,,,,,,,,,,,,,,,,,,,,,,,,,,,,,,,,,,,,,,,,,,,,,,,,,,,,,,,,,,,,,,,,,,,,,,,,,,,,,,,,,
1911,2,-157.3,22.2,20.0,20.0,22.66,21.3,3.0,2.25,16.0,0.7,20.0,20.0,22.25,21.1,3.0,1.91,16.0,0.7,14.53,14.53,14.53,14.53,1.0,0.0,20.0,1.0,82.2,82.2,82.2,82.2,1.0,0.0,20.0,1.0,3.9,6.7,6.7,5.33,3.0,2.37,16.0,0.7,-4.31,-4.31,-1.97,-3.17,3.0,1.97,16.0,0.7,-0.04,5.13,5.13,2.61,3.0,4.37,16.0,0.7,1018.6,1018.8,1020.03,1019.3,3.0,1.14,16.0,0.7,3.0,5.0,5.7,4.3,3.0,2.1,16.0,0.7,-28.9,-28.9,-10.7,-20.0,3.0,15.3,16.0,0.7,6.6,34.4,34.4,20.8,3.0,23.5,16.0,0.7,0.0,0.0,0.41,0.2,3.0,0.35,16.0,0.7,0.0,0.0,1.1,0.5,3.0,0.9,16.0,0.7,3.84,3.84,3.84,3.84,1.0,0.0,20.0,1.0,10.0,10.0,10.0,10.0,1.0,0.0,20.0,1.0,-86.1,-86.1,-41.5,-64.3,3.0,37.8,16.0,0.7,-6.3,102.7,102.7,49.5,3.0,92.1,16.0,0.7,-12.9,-12.9,-12.9,-12.9,1.0,0.0,20.0,1.0,-35.5,-35.5,-35.5,-35.5,1.0,0.0,20.0,1.0,,,,,,,,,,,,,,,,,,,,,,,,,,,,,,,,
1911,2,-157.1,22.1,,,,,,,,,,,,,,,,,,,,,,,,,,,,,,,,,,,,,,,,,,,,,,,,,,,,,,,,,,,,,,,,,,,,,,,,,,,,,,,,,,,,,,,,,,,,,,,,,,,,,,,,,,,,,,,,,,,,,,,,,,,,,,,,,,,,,,,,,,,,,,,,,,,,,,,,,-3.4,-3.4,-3.4,-3.4,1.0,0.0,20.0,1.0,-9.4,-9.4,-9.4,-9.4,1.0,0.0,20.0,1.0,107.5,301.0,301.0,206.5,3.0,163.5,16.0,0.7,105.0,300.0,300.0,205.0,3.0,165.0,16.0,0.7
1911,2,-155.5,22.6,20.29,21.7,23.06,21.68,4.0,1.62,16.0,0.0,20.29,20.85,21.1,20.7,4.0,0.52,16.0,0.0,13.71,14.41,15.11,14.41,2.0,1.45,20.0,0.0,91.1,94.7,98.3,94.7,2.0,7.5,20.0,0.0,2.6,4.65,6.7,4.65,4.0,2.37,16.0,0.0,-5.09,-3.15,-1.41,-3.25,4.0,2.22,16.0,0.0,-2.08,0.84,4.28,1.09,4.0,3.72,16.0,0.0,1020.74,1021.45,1022.11,1021.43,4.0,0.82,16.0,0.0,2.5,3.5,4.0,3.3,4.0,1.0,16.0,0.0,-34.1,-17.0,-3.7,-18.8,4.0,17.9,16.0,0.0,-5.4,9.0,28.7,11.5,4.0,20.1,16.0,0.0,-0.26,0.85,2.22,0.98,4.0,1.49,16.0,0.0,-1.8,2.2,5.8,2.0,4.0,4.6,16.0,0.0,2.12,3.01,3.9,3.01,2.0,1.84,20.0,0.0,5.5,7.8,10.1,7.8,2.0,4.8,20.0,0.0,-104.1,-66.0,-29.4,-66.7,4.0,44.6,16.0,0.0,-43.4,16.3,88.6,22.3,4.0,77.6,16.0,0.0,-24.6,-20.2,-15.8,-20.2,2.0,9.1,20.0,0.0,-35.3,-30.0,-24.8,-30.0,2.0,10.8,20.0,0.0,,,,,,,,,,,,,,,,,,,,,,,,,,,,,,,,
1911,2,-155.5,50.2,,,,,,,,,,,,,,,,,,,,,,,,,,,,,,,,,,,,,,,,,,,,,,,,,,,,,,,,,,,,,,,,,,,,,,,,,,,,,,,,,,,,,,,,,,,,,,,,,,,,,,,,,,,,,,,,,,,,,,,,,,,,,,,,,,,,,,,,,,,,,,,,,,,,,,,,,-13.0,-8.6,10.7,-2.3,7.0,13.0,20.0,0.3,-7.4,0.0,5.6,-0.7,7.0,9.3,20.0,0.3,516.5,1861.0,3652.5,2480.5,10.0,2021.0,16.0,0.4,515.0,1860.0,3650.0,2480.0,10.0,2020.0,16.0,0.4
1911,2,-155.5,50.3,2.36,3.9,4.27,3.44,9.0,0.86,18.0,0.3,1.26,3.3,5.44,3.09,9.0,2.49,18.0,0.3,3.1,3.79,4.32,3.91,7.0,1.01,20.0,0.3,68.8,75.9,83.2,77.1,7.0,11.7,20.0,0.3,,,,,,,,,,,,,,,,,,,,,,,,,,,,,,,,,,,,,,,,,,,,,,,,,,,,,,,,,-1.17,-1.1,2.07,0.36,9.0,1.92,18.0,0.3,-16.4,-7.4,20.8,3.7,9.0,26.6,18.0,0.3,0.83,1.25,1.57,1.1,7.0,0.83,20.0,0.3,9.5,15.4,17.5,12.7,7.0,8.7,20.0,0.3,-65.5,-12.0,5.8,-23.9,9.0,33.0,18.0,0.3,-2.6,21.0,56.6,24.0,9.0,33.2,18.0,0.3,-52.1,-23.3,21.0,-20.7,7.0,33.2,20.0,0.3,-9.9,15.4,62.2,17.2,7.0,39.0,20.0,0.3,,,,,,,,,,,,,,,,,,,,,,,,,,,,,,,,
1911,2,-155.5,50.4,,,,,,,,,,,,,,,,,,,,,,,,,,,,,,,,,7.81,12.3,15.4,12.48,10.0,4.02,16.0,0.4,-11.93,-2.21,7.87,-1.62,10.0,9.73,16.0,0.4,-8.35,2.1,9.62,0.82,10.0,9.54,16.0,0.4,986.28,1019.3,1022.0,1008.66,10.0,19.75,16.0,0.4,,,,,,,,,,,,,,,,,,,,,,,,,,,,,,,,,,,,,,,,,,,,,,,,,,,,,,,,,,,,,,,,,,,,,,,,,,,,,,,,,,,,,,,,,,,,,,,,,,,,,,,,,,,,,,,,,,,,,,,,
1911,2,-155.4,-47.2,,,,,,,,,,,,,,,,,,,,,,,,,,,,,,,,,15.4,17.2,19.0,17.2,4.0,2.08,24.0,0.5,10.89,14.25,17.62,14.25,4.0,3.88,24.0,0.5,-2.32,7.12,9.09,3.56,4.0,9.79,24.0,0.5,1006.9,1011.0,1012.37,1009.67,3.0,4.16,24.0,0.3,,,,,,,,,,,,,,,,,,,,,,,,,,,,,,,,,,,,,,,,,,,,,,,,,,,,,,,,,,,,,,,,,,,,,,,,,,,,,,,,,,,,,,,,,,,,,,,,,,,,,,,,,,,,,,,,,,,,,,,,
1911,2,-155.4,22.5,,,,,,,,,,,,,,,,,,,,,,,,,,,,,,,,,,,,,,,,,,,,,,,,,,,,,,,,,,,,,,,,,,,,,,,,,,,,,,,,,,,,,,,,,,,,,,,,,,,,,,,,,,,,,,,,,,,,,,,,,,,,,,,,,,,,,,,,,,,,,,,,,,,,,,,,,-7.5,-5.1,-2.6,-5.1,2.0,5.0,20.0,0.0,-6.7,-5.7,-4.7,-5.7,2.0,2.1,20.0,0.0,17.5,159.0,301.0,159.0,4.0,163.5,16.0,0.0,20.0,160.0,300.0,160.0,4.0,165.0,16.0,0.0
1911,2,-155.4,48.5,,,,,,,,,,,,,,,,,,,,,,,,,,,,,,,,,7.11,8.0,8.89,8.0,2.0,1.84,4.0,0.0,4.57,5.14,5.71,5.14,2.0,1.18,4.0,0.0,-6.81,-6.13,-5.45,-6.13,2.0,1.41,4.0,0.0,1023.53,1024.25,1024.97,1024.25,2.0,1.48,4.0,0.0,,,,,,,,,,,,,,,,,,,,,,,,,,,,,,,,,,,,,,,,,,,,,,,,,,,,,,,,,,,,,,,,,,,,,,,,,,,,,,,,,,,,,,,,,,,,,,,,,,,,,,,,,,,,,,,,,,,,,,,,
1911,2,-155.4,50.4,,,,,,,,,,,,,,,,,,,,,,,,,,,,,,,,,,,,,,,,,,,,,,,,,,,,,,,,,,,,,,,,,3.6,8.0,8.0,6.4,9.0,3.1,14.0,0.4,-188.3,-20.8,65.7,-32.4,10.0,141.4,16.0,0.4,-109.6,21.1,119.9,12.5,10.0,144.3,16.0,0.4,,,,,,,,,,,,,,,,,,,,,,,,,,,,,,,,,,,,,,,,,,,,,,,,,,,,,,,,,,,,,,,,,,,,,,,,,,,,,,,,,,,,,,,,,,,,,,,,
1911,2,-155.4,52.3,,,,,,,,,,,,,,,,,,,,,,,,,,,,,,,,,11.78,17.2,19.0,15.75,6.0,3.98,12.0,0.7,4.13,10.83,18.09,11.09,6.0,7.02,12.0,0.7,-0.55,7.76,12.86,7.04,6.0,7.56,12.0,0.7,996.03,998.8,1025.22,1008.24,5.0,15.79,16.0,0.8,,,,,,,,,,,,,,,,,,,,,,,,,,,,,,,,,,,,,,,,,,,,,,,,,,,,,,,,,,,,,,,,,,,,,,,,,,,,,,,,,,,,,,,,,,,,,,,,,,,,,,,,,,,,,,,,,,,,,,,,
1911,2,-153.9,48.6,,,,,,,,,,,,,,,,,,,,,,,,,,,,,,,,,6.7,6.7,6.7,6.7,1.0,0.0,4.0,1.0,4.31,4.31,4.31,4.31,1.0,0.0,4.0,1.0,-5.13,-5.13,-5.13,-5.13,1.0,0.0,4.0,1.0,1021.9,1021.9,1021.9,1021.9,1.0,0.0,4.0,1.0,,,,,,,,,,,,,,,,,,,,,,,,,,,,,,,,,,,,,,,,,,,,,,,,,,,,,,,,,,,,,,,,,,,,,,,,,,,,,,,,,,,,,,,,,,,,,,,,,,,,,,,,,,,,,,,,,,,,,,,,
1911,2,-153.8,22.9,20.35,21.1,21.85,21.1,2.0,1.56,16.0,0.0,20.68,20.85,21.02,20.85,2.0,0.35,16.0,0.0,13.39,13.39,13.39,13.39,1.0,0.0,20.0,0.0,89.4,89.4,89.4,89.4,1.0,0.0,20.0,0.0,3.25,4.65,6.05,4.65,2.0,2.9,16.0,0.0,-4.01,-3.37,-2.74,-3.37,2.0,1.32,16.0,0.0,0.07,2.12,4.18,2.12,2.0,4.26,16.0,0.0,1020.6,1021.25,1021.9,1021.25,2.0,1.34,16.0,0.0,,,,,,,,,,,,,,,,,,,,,,,,,-0.67,0.25,1.17,0.25,2.0,1.91,16.0,0.0,-5.5,-1.6,2.3,-1.6,2.0,8.2,16.0,0.0,3.16,3.16,3.16,3.16,1.0,0.0,20.0,0.0,8.2,8.2,8.2,8.2,1.0,0.0,20.0,0.0,-84.4,-70.6,-56.8,-70.6,2.0,28.7,16.0,0.0,1.8,45.0,88.2,45.0,2.0,89.5,16.0,0.0,-32.7,-32.7,-32.7,-32.7,1.0,0.0,20.0,0.0,-11.9,-11.9,-11.9,-11.9,1.0,0.0,20.0,0.0,,,,,,,,,,,,,,,,,,,,,,,,,,,,,,,,
1911,2,-153.7,22.9,,,,,,,,,,,,,,,,,,,,,,,,,,,,,,,,,,,,,,,,,,,,,,,,,,,,,,,,,,,,,,,,,3.0,3.0,3.0,3.0,1.0,0.0,20.0,0.0,-25.3,-17.6,-9.9,-17.6,2.0,15.9,16.0,0.0,3.5,16.0,28.6,16.0,2.0,26.0,16.0,0.0,,,,,,,,,,,,,,,,,,,,,,,,,,,,,,,,,,,,,,,,,,,,,,,,,,,,,,,,,,,,,,,,,-7.7,-7.7,-7.7,-7.7,1.0,0.0,20.0,0.0,-2.8,-2.8,-2.8,-2.8,1.0,0.0,20.0,0.0,62.5,159.0,256.0,159.0,2.0,200.0,16.0,0.0,65.0,160.0,255.0,160.0,2.0,200.0,16.0,0.0
1911,2,-153.6,52.2,,,,,,,,,,,,,,,,,,,,,,,,,,,,,,,,,8.35,9.3,11.85,10.1,5.0,3.2,14.0,0.0,6.27,8.74,11.17,8.99,5.0,3.88,14.0,0.0,2.02,3.18,5.26,3.52,5.0,2.49,14.0,0.0,988.29,1005.55,1023.76,1006.0,4.0,20.46,16.0,0.0,,,,,,,,,,,,,,,,,,,,,,,,,,,,,,,,,,,,,,,,,,,,,,,,,,,,,,,,,,,,,,,,,,,,,,,,,,,,,,,,,,,,,,,,,,,,,,,,,,,,,,,,,,,,,,,,,,,,,,,,
1911,2,-153.4,24.2,,,,,,,,,,,,,,,,,,,,,,,,,,,,,,,,,,,,,,,,,,,,,,,,,,,,,,,,,,,,,,,,,,,,,,,,,,,,,,,,,,,,,,,,,,,,,,,,,,,,,,,,,,,,,,,,,,,,,,,,,,,,,,,,,,,,,,,,,,,,,,,,,,,,,,,,,-6.9,-6.9,-6.9,-6.9,1.0,0.0,20.0,1.0,-2.5,-2.5,-2.5,-2.5,1.0,0.0,20.0,1.0,107.5,301.0,301.0,206.5,3.0,163.5,16.0,1.0,105.0,300.0,300.0,205.0,3.0,165.0,16.0,1.0
1911,2,-153.4,50.2,,,,,,,,,,,,,,,,,,,,,,,,,,,,,,,,,,,,,,,,,,,,,,,,,,,,,,,,,,,,,,,,,,,,,,,,,,,,,,,,,,,,,,,,,,,,,,,,,,,,,,,,,,,,,,,,,,,,,,,,,,,,,,,,,,,,,,,,,,,,,,,,,,,,,,,,,-6.9,0.0,16.3,3.6,6.0,13.1,18.0,0.3,0.0,5.1,13.6,6.5,6.0,6.7,18.0,0.3,804.5,1861.0,5994.5,2731.0,9.0,2549.0,16.0,0.2,805.0,1860.0,5995.0,2730.0,9.0,2550.0,16.0,0.2
1911,2,-153.4,50.4,2.8,2.8,4.4,3.46,9.0,0.79,16.0,0.2,1.7,2.2,5.6,3.36,9.0,2.22,16.0,0.2,3.03,4.23,4.84,3.99,6.0,0.9,18.0,0.3,70.5,76.0,83.3,75.6,6.0,7.8,18.0,0.3,9.3,12.3,18.03,12.39,9.0,5.14,16.0,0.2,-5.47,0.0,7.65,0.43,9.0,7.46,16.0,0.2,0.0,8.74,13.95,5.9,9.0,10.2,16.0,0.2,988.35,1008.6,1021.74,1007.19,9.0,16.49,16.0,0.2,3.5,8.0,8.0,6.1,9.0,2.9,16.0,0.2,-101.3,0.0,71.1,-14.2,9.0,111.9,16.0,0.2,0.0,81.3,242.8,85.9,9.0,170.4,16.0,0.2,-1.2,0.6,1.1,0.1,9.0,1.5,16.0,0.2,-22.3,1.6,12.6,-0.8,9.0,22.0,16.0,0.2,0.46,0.89,1.62,1.02,6.0,0.62,18.0,0.3,5.7,15.6,18.5,13.7,6.0,7.5,18.0,0.3,-26.6,0.0,13.4,-6.7,9.0,28.1,16.0,0.2,0.0,19.2,78.1,38.2,9.0,40.9,16.0,0.2,-32.5,0.0,29.8,-2.9,6.0,32.6,18.0,0.3,0.0,59.6,64.5,42.7,6.0,33.6,18.0,0.3,,,,,,,,,,,,,,,,,,,,,,,,,,,,,,,,
1911,2,-153.3,24.2,20.0,20.0,21.91,20.93,3.0,1.62,16.0,1.0,20.29,22.2,22.2,21.27,3.0,1.62,16.0,1.0,14.32,14.32,14.32,14.32,1.0,0.0,20.0,1.0,86.8,86.8,86.8,86.8,1.0,0.0,20.0,1.0,3.9,6.7,6.7,5.33,3.0,2.37,16.0,1.0,-4.31,-4.31,-3.03,-3.69,3.0,1.08,16.0,1.0,1.02,5.13,5.13,3.13,3.0,3.48,16.0,1.0,1022.99,1023.6,1024.97,1023.97,3.0,1.48,16.0,1.0,2.3,3.0,4.4,3.3,3.0,1.5,16.0,1.0,-28.9,-28.9,-13.5,-21.4,3.0,13.0,16.0,1.0,9.3,34.4,34.4,22.2,3.0,21.2,16.0,1.0,-1.31,0.6,0.6,-0.33,3.0,1.62,16.0,1.0,-9.6,1.6,3.2,-3.1,3.0,10.2,16.0,1.0,2.82,2.82,2.82,2.82,1.0,0.0,20.0,1.0,7.3,7.3,7.3,7.3,1.0,0.0,20.0,1.0,-91.8,-83.5,-63.5,-77.8,3.0,21.3,16.0,1.0,18.1,99.6,109.4,64.6,3.0,73.4,16.0,1.0,-35.0,-35.0,-35.0,-35.0,1.0,0.0,20.0,1.0,-12.7,-12.7,-12.7,-12.7,1.0,0.0,20.0,1.0,,,,,,,,,,,,,,,,,,,,,,,,,,,,,,,,
1911,2,-153.2,-47.0,,,,,,,,,,,,,,,,,,,,,,,,,,,,,,,,,9.78,10.8,11.82,10.8,2.0,2.12,24.0,0.5,9.63,10.35,11.07,10.35,2.0,1.49,24.0,0.5,0.73,2.3,3.88,2.3,2.0,3.26,24.0,0.5,1013.32,1014.0,1014.68,1014.0,2.0,1.41,24.0,0.5,,,,,,,,,,,,,,,,,,,,,,,,,,,,,,,,,,,,,,,,,,,,,,,,,,,,,,,,,,,,,,,,,,,,,,,,,,,,,,,,,,,,,,,,,,,,,,,,,,,,,,,,,,,,,,,,,,,,,,,,
1911,2,-151.6,48.5,,,,,,,,,,,,,,,,,,,,,,,,,,,,,,,,,7.11,8.0,8.89,8.0,2.0,1.84,6.0,0.5,5.01,6.52,8.04,6.52,2.0,3.13,6.0,0.5,-4.82,-4.16,-3.49,-4.16,2.0,1.38,6.0,0.5,1018.32,1018.8,1019.28,1018.8,2.0,0.99,6.0,0.5,,,,,,,,,,,,,,,,,,,,,,,,,,,,,,,,,,,,,,,,,,,,,,,,,,,,,,,,,,,,,,,,,,,,,,,,,,,,,,,,,,,,,,,,,,,,,,,,,,,,,,,,,,,,,,,,,,,,,,,,
1911,2,-151.6,52.2,,,,,,,,,,,,,,,,,,,,,,,,,,,,,,,,,4.6,6.7,13.43,8.72,5.0,4.89,14.0,0.2,-2.08,6.7,11.65,5.11,5.0,7.05,14.0,0.2,2.24,4.21,6.36,4.39,5.0,3.55,14.0,0.2,996.81,1003.35,1012.24,1004.48,4.0,9.91,16.0,0.0,,,,,,,,,,,,,,,,,,,,,,,,,,,,,,,,,,,,,,,,,,,,,,,,,,,,,,,,,,,,,,,,,,,,,,,,,,,,,,,,,,,,,,,,,,,,,,,,,,,,,,,,,,,,,,,,,,,,,,,,
1911,2,-151.5,24.7,20.13,21.7,22.45,21.3,3.0,1.73,18.0,0.3,19.11,20.55,21.99,20.55,4.0,1.89,16.0,0.3,12.8,13.31,13.82,13.31,2.0,1.06,20.0,0.5,81.6,81.8,82.0,81.8,2.0,0.5,20.0,0.5,,,,,,,,,,,,,,,,,,,,,,,,,,,,,,,,,,,,,,,,,,,,,,,,,,,,,,,,,-0.41,0.0,0.41,0.0,3.0,0.6,18.0,0.3,-2.7,0.0,1.9,-0.4,3.0,3.4,18.0,0.3,3.15,3.28,3.41,3.28,2.0,0.27,20.0,0.5,21.0,31.8,42.5,31.8,2.0,22.3,20.0,0.5,,,,,,,,,,,,,,,,,,,,,,,,,,,,,,,,,,,,,,,,,,,,,,,,,,,,,,,,,,,,,,,,
1911,2,-151.5,50.2,,,,,,,,,,,,,,,,,,,,,,,,,,,,,,,,,,,,,,,,,,,,,,,,,,,,,,,,,,,,,,,,,,,,,,,,,,,,,,,,,,,,,,,,,,,,,,,,,,,,,,,,,,,,,,,,,,,,,,,,,,,,,,,,,,,,,,,,,,,,,,,,,,,,,,,,,-3.9,-2.4,-0.8,-2.4,3.0,2.3,24.0,0.0,3.6,6.7,10.8,7.2,3.0,5.3,24.0,0.0,1810.5,1861.0,3805.5,2680.0,7.0,2025.5,12.0,0.4,1810.0,1860.0,3805.0,2680.0,7.0,2025.0,12.0,0.4
1911,2,-151.5,50.5,2.2,3.3,3.9,3.17,7.0,0.78,12.0,0.4,2.72,4.4,5.6,4.06,7.0,1.64,12.0,0.4,4.29,4.46,4.81,4.55,3.0,0.38,24.0,0.0,78.5,83.9,90.2,84.4,3.0,8.6,24.0,0.0,12.16,12.3,15.57,13.27,7.0,3.08,12.0,0.4,-5.33,3.18,10.73,2.65,7.0,7.23,12.0,0.4,5.86,11.56,14.63,10.15,7.0,5.85,12.0,0.4,1010.05,1016.8,1026.4,1014.21,7.0,15.07,12.0,0.4,6.0,8.0,8.0,6.8,6.0,2.4,10.0,0.5,-83.1,29.6,132.0,22.7,7.0,101.5,12.0,0.4,72.0,142.2,228.4,144.6,7.0,110.9,12.0,0.4,-1.75,-1.1,0.53,-0.89,7.0,1.36,12.0,0.4,-32.4,-15.8,6.5,-12.3,7.0,18.1,12.0,0.4,0.27,0.47,0.64,0.45,3.0,0.27,24.0,0.0,3.8,7.2,11.5,7.6,3.0,5.7,24.0,0.0,-26.8,11.7,15.1,6.0,7.0,34.0,12.0,0.4,6.4,34.1,73.7,42.8,7.0,35.6,12.0,0.4,-26.2,-23.5,-7.5,-17.0,3.0,14.8,24.0,0.0,62.2,64.5,71.9,67.0,3.0,7.4,24.0,0.0,,,,,,,,,,,,,,,,,,,,,,,,,,,,,,,,
1911,2,-151.4,-47.1,,,,,,,,,,,,,,,,,,,,,,,,,,,,,,,,,9.78,10.8,11.82,10.8,2.0,2.12,24.0,1.0,9.62,10.31,11.0,10.31,2.0,1.43,24.0,1.0,-4.04,-2.4,-0.76,-2.4,2.0,3.4,24.0,1.0,1014.22,1014.7,1015.18,1014.7,2.0,0.99,24.0,1.0,,,,,,,,,,,,,,,,,,,,,,,,,,,,,,,,,,,,,,,,,,,,,,,,,,,,,,,,,,,,,,,,,,,,,,,,,,,,,,,,,,,,,,,,,,,,,,,,,,,,,,,,,,,,,,,,,,,,,,,,
1911,2,-151.4,24.7,,,,,,,,,,,,,,,,,,,,,,,,,,,,,,,,,,,,,,,,,,,,,,,,,,,,,,,,,,,,,,,,,,,,,,,,,,,,,,,,,,,,,,,,,,,,,,,,,,,,,,,,,,,,,,,,,,,,,,,,,,,,,,,,,,,,,,,,,,,,,,,,,,,,,,,,,-39.5,-28.5,-17.4,-28.5,2.0,22.9,20.0,0.5,-15.3,-13.3,-11.2,-13.3,2.0,4.2,20.0,0.5,194.0,301.0,2056.5,1088.0,4.0,1712.5,16.0,0.3,195.0,300.0,2055.0,1090.0,4.0,1710.0,16.0,0.3
1911,2,-151.4,24.8,,,,,,,,,,,,,,,,,,,,,,,,,,,,,,,,,5.6,6.7,11.26,8.35,4.0,4.8,16.0,0.3,-9.63,-4.31,-3.9,-6.65,4.0,5.23,16.0,0.3,-4.17,1.09,5.13,0.51,4.0,5.42,16.0,0.3,1021.49,1023.15,1024.97,1023.23,4.0,2.02,16.0,0.3,6.0,6.0,7.0,6.5,4.0,1.0,16.0,0.3,-130.5,-28.9,-22.2,-74.2,4.0,99.3,16.0,0.3,-49.0,10.4,34.4,-6.5,4.0,54.7,16.0,0.3,,,,,,,,,,,,,,,,,,,,,,,,,,,,,,,,,-213.9,-82.5,-76.5,-142.3,4.0,125.2,16.0,0.3,-92.6,15.8,98.5,3.5,4.0,112.0,16.0,0.3,-178.2,-123.9,-69.5,-123.9,2.0,112.6,20.0,0.5,-68.2,-55.6,-43.0,-55.6,2.0,26.1,20.0,0.5,,,,,,,,,,,,,,,,,,,,,,,,,,,,,,,,
1911,2,-149.7,50.3,,,,,,,,,,,,,,,,,,,,,,,,,,,,,,,,,,,,,,,,,,,,,,,,,,,,,,,,,,,,,,,,,,,,,,,,,,,,,,,,,,,,,,,,,,,,,,,,,,,,,,,,,,,,,,,,,,,,,,,,,,,,,,,,,,,,,,,,,,,,,,,,,,,,,,,,,-3.5,0.3,7.4,1.9,4.0,7.1,22.0,0.3,5.8,11.1,12.7,9.4,4.0,4.9,22.0,0.3,1089.0,3652.5,3652.5,2621.5,9.0,1278.5,18.0,0.4,1090.0,3650.0,3650.0,2620.0,9.0,1280.0,18.0,0.4
1911,2,-149.7,52.2,,,,,,,,,,,,,,,,,,,,,,,,,,,,,,,,,7.59,9.5,11.41,9.5,2.0,3.96,8.0,1.0,7.22,9.2,11.19,9.2,2.0,4.11,8.0,1.0,-1.43,0.08,1.59,0.08,2.0,3.13,8.0,1.0,1006.06,1006.4,1006.74,1006.4,2.0,0.71,8.0,1.0,,,,,,,,,,,,,,,,,,,,,,,,,,,,,,,,,,,,,,,,,,,,,,,,,,,,,,,,,,,,,,,,,,,,,,,,,,,,,,,,,,,,,,,,,,,,,,,,,,,,,,,,,,,,,,,,,,,,,,,,
1911,2,-149.6,48.9,,,,,,,,,,,,,,,,,,,,,,,,,,,,,,,,,,,,,,,,,,,,,,,,,,,,,,,,,,,,,,,,,,,,,,,,,,,,,,,,,,,,,,,,,,,,,,,,,,,,,,,,,,,,,,,,,,,,,,,,,,,,,,,,,,,,,,,,,,,,,,,,,,,,,,,,,-6.3,2.3,11.0,2.3,2.0,17.9,14.0,0.5,-2.2,-1.3,-0.4,-1.3,2.0,1.9,14.0,0.5,301.0,552.5,1358.0,816.5,4.0,735.5,10.0,0.3,300.0,555.0,1360.0,815.0,4.0,735.0,10.0,0.3
1911,2,-149.6,50.6,2.8,3.3,3.74,3.2,9.0,0.54,18.0,0.4,2.36,3.3,4.4,3.56,9.0,1.04,18.0,0.4,3.58,3.96,4.26,3.92,4.0,0.48,22.0,0.3,71.3,76.1,84.4,77.8,4.0,10.2,22.0,0.3,10.11,15.4,15.4,13.36,9.0,2.65,18.0,0.4,-1.56,7.12,11.8,5.91,9.0,6.75,18.0,0.4,6.44,9.9,13.84,9.93,9.0,3.46,18.0,0.4,995.54,1021.2,1029.0,1012.57,9.0,16.94,18.0,0.4,5.3,8.0,8.0,6.8,9.0,1.8,18.0,0.4,-19.2,66.3,181.7,78.9,9.0,101.1,18.0,0.4,66.8,149.0,203.9,137.9,9.0,64.4,18.0,0.4,-1.1,-0.5,0.44,-0.36,9.0,0.69,18.0,0.4,-16.9,-6.1,6.7,-5.1,9.0,10.5,18.0,0.4,0.63,0.96,1.34,0.98,4.0,0.5,22.0,0.3,8.0,13.2,14.4,11.3,4.0,5.1,22.0,0.3,-6.9,23.5,28.5,16.1,9.0,23.7,18.0,0.4,19.7,22.1,63.9,37.5,9.0,22.2,18.0,0.4,-15.1,7.6,27.8,6.4,4.0,25.3,22.0,0.3,23.0,36.9,52.9,37.9,4.0,17.9,22.0,0.3,,,,,,,,,,,,,,,,,,,,,,,,,,,,,,,,
1911,2,-149.5,26.3,17.8,19.2,21.18,19.48,4.0,1.99,16.0,0.0,19.14,19.4,19.71,19.43,4.0,0.45,16.0,0.0,12.31,12.47,12.63,12.47,2.0,0.34,20.0,0.0,86.5,89.7,93.0,89.7,2.0,6.7,20.0,0.0,4.6,4.6,5.7,5.13,4.0,1.05,16.0,0.0,-3.93,-3.52,-3.23,-3.58,4.0,0.55,16.0,0.0,-2.96,0.28,4.37,0.69,4.0,4.26,16.0,0.0,1022.14,1024.1,1026.27,1024.2,4.0,2.39,16.0,0.0,4.0,5.5,6.5,5.3,4.0,1.7,16.0,0.0,-22.8,-16.2,-14.8,-18.7,4.0,6.9,16.0,0.0,-13.6,1.3,25.7,5.8,4.0,23.7,16.0,0.0,-1.6,0.05,1.7,0.05,4.0,1.91,16.0,0.0,-9.1,0.2,7.8,-0.6,4.0,9.8,16.0,0.0,2.5,3.02,3.54,3.02,2.0,1.08,20.0,0.0,11.5,13.9,16.3,13.9,2.0,5.0,20.0,0.0,-77.3,-68.5,-61.8,-69.5,4.0,10.9,16.0,0.0,-57.6,6.2,84.7,13.2,4.0,82.7,16.0,0.0,-44.5,-43.9,-43.4,-43.9,2.0,1.2,20.0,0.0,-37.4,-36.9,-36.4,-36.9,2.0,1.0,20.0,0.0,-12.5,-10.6,-8.8,-10.6,2.0,3.8,20.0,0.0,-10.5,-8.9,-7.4,-8.9,2.0,3.2,20.0,0.0,97.5,97.5,204.0,148.0,4.0,101.5,16.0,0.0,95.0,95.0,205.0,150.0,4.0,100.0,16.0,0.0
1911,2,-149.5,48.8,3.3,3.3,3.61,3.45,4.0,0.3,10.0,0.3,2.72,3.3,6.81,4.7,4.0,3.57,10.0,0.3,3.52,4.37,5.22,4.37,2.0,1.76,14.0,0.5,67.1,69.9,72.8,69.9,2.0,5.9,14.0,0.5,6.7,8.0,10.87,8.75,4.0,2.67,10.0,0.3,6.7,7.93,10.8,8.71,4.0,2.66,10.0,0.3,-0.85,0.0,0.0,-0.4,4.0,0.81,10.0,0.3,1016.05,1017.6,1018.31,1017.2,4.0,1.52,10.0,0.3,3.4,5.5,7.0,5.3,4.0,2.5,10.0,0.3,44.9,65.0,119.8,81.6,4.0,50.2,10.0,0.3,-7.9,0.0,0.0,-3.8,4.0,7.5,10.0,0.3,-3.51,0.3,0.86,-1.25,4.0,3.66,10.0,0.3,-43.2,2.0,5.8,-17.8,4.0,43.2,10.0,0.3,-0.45,0.4,1.24,0.4,2.0,1.75,14.0,0.5,-6.3,2.5,11.2,2.5,2.0,18.0,14.0,0.5,18.2,26.2,78.8,47.5,4.0,50.7,10.0,0.3,-2.8,0.0,0.0,-1.3,4.0,2.7,10.0,0.3,35.1,48.9,62.7,48.9,2.0,28.6,14.0,0.5,-4.2,-2.5,-0.8,-2.5,2.0,3.6,14.0,0.5,,,,,,,,,,,,,,,,,,,,,,,,,,,,,,,,
1911,2,-149.2,-47.0,,,,,,,,,,,,,,,,,,,,,,,,,,,,,,,,,12.3,12.3,12.3,12.3,2.0,0.0,26.0,0.0,11.48,11.81,12.14,11.81,2.0,0.69,26.0,0.0,-4.04,-2.4,-0.76,-2.4,2.0,3.4,26.0,0.0,1012.16,1012.5,1012.84,1012.5,2.0,0.71,26.0,0.0,,,,,,,,,,,,,,,,,,,,,,,,,,,,,,,,,,,,,,,,,,,,,,,,,,,,,,,,,,,,,,,,,,,,,,,,,,,,,,,,,,,,,,,,,,,,,,,,,,,,,,,,,,,,,,,,,,,,,,,,
1911,2,-147.8,26.8,20.0,20.0,20.0,20.0,1.0,0.0,20.0,0.0,18.05,18.6,19.15,18.6,2.0,1.13,16.0,0.5,12.47,12.47,12.47,12.47,1.0,0.0,20.0,0.0,89.9,89.9,89.9,89.9,1.0,0.0,20.0,0.0,,,,,,,,,,,,,,,,,,,,,,,,,,,,,,,,,6.0,6.0,6.0,6.0,1.0,0.0,20.0,0.0,-12.3,-9.4,-6.5,-9.4,2.0,6.0,16.0,0.5,-1.1,5.9,12.9,5.9,2.0,14.5,16.0,0.5,0.6,0.6,0.6,0.6,1.0,0.0,20.0,0.0,1.6,1.6,1.6,1.6,1.0,0.0,20.0,0.0,1.95,1.95,1.95,1.95,1.0,0.0,20.0,0.0,5.1,5.1,5.1,5.1,1.0,0.0,20.0,0.0,,,,,,,,,,,,,,,,,,,,,,,,,,,,,,,,,-3.9,-3.9,-3.9,-3.9,1.0,0.0,20.0,0.0,-3.3,-3.3,-3.3,-3.3,1.0,0.0,20.0,0.0,30.0,57.5,84.5,57.5,2.0,56.5,16.0,0.5,30.0,55.0,85.0,55.0,2.0,55.0,16.0,0.5
1911,2,-147.6,26.8,,,,,,,,,,,,,,,,,,,,,,,,,,,,,,,,,2.92,3.6,4.28,3.6,2.0,1.41,16.0,0.5,-2.8,-2.47,-2.14,-2.47,2.0,0.68,16.0,0.5,-0.85,0.93,2.7,0.93,2.0,3.67,16.0,0.5,1022.62,1023.95,1025.28,1023.95,2.0,2.76,16.0,0.5,,,,,,,,,,,,,,,,,,,,,,,,,,,,,,,,,,,,,,,,,,,,,,,,,,,,,,,,,-50.4,-45.6,-40.9,-45.6,2.0,9.9,16.0,0.5,-17.3,15.2,47.6,15.2,2.0,67.3,16.0,0.5,-24.8,-24.8,-24.8,-24.8,1.0,0.0,20.0,0.0,-20.8,-20.8,-20.8,-20.8,1.0,0.0,20.0,0.0,,,,,,,,,,,,,,,,,,,,,,,,,,,,,,,,
1911,2,-147.5,50.6,3.37,3.9,4.4,3.88,8.0,0.58,16.0,0.5,2.27,4.15,5.53,4.03,8.0,1.51,16.0,0.5,3.4,3.48,3.6,3.5,3.0,0.15,24.0,1.0,67.4,68.4,68.9,68.1,3.0,1.1,24.0,1.0,9.3,12.3,15.4,12.46,8.0,4.02,16.0,0.5,-4.86,2.98,11.13,2.99,8.0,7.49,16.0,0.5,4.4,7.88,14.35,9.22,8.0,5.5,16.0,0.5,988.82,1027.45,1030.3,1016.69,8.0,22.05,16.0,0.5,6.2,8.0,8.0,7.0,8.0,2.1,16.0,0.5,-73.8,29.2,139.6,31.1,8.0,103.7,16.0,0.5,45.0,70.4,220.9,128.8,8.0,113.3,16.0,0.5,-1.19,-0.3,1.04,-0.15,8.0,1.21,16.0,0.5,-17.6,-2.0,13.1,-2.7,8.0,17.5,16.0,0.5,1.29,1.43,1.59,1.44,3.0,0.22,24.0,1.0,10.2,11.4,14.2,12.2,3.0,3.1,24.0,1.0,-27.0,5.6,27.7,2.7,8.0,27.5,16.0,0.5,13.1,31.2,76.5,41.5,8.0,35.7,16.0,0.5,-5.2,-4.3,15.0,4.7,3.0,16.7,24.0,1.0,21.4,24.2,29.4,25.4,3.0,6.0,24.0,1.0,,,,,,,,,,,,,,,,,,,,,,,,,,,,,,,,
1911,2,-147.5,52.2,,,,,,,,,,,,,,,,,,,,,,,,,,,,,,,,,15.97,17.2,18.43,17.2,2.0,2.55,8.0,0.0,15.01,16.16,17.32,16.16,2.0,2.39,8.0,0.0,-6.3,-5.88,-5.46,-5.88,2.0,0.87,8.0,0.0,1002.09,1003.35,1004.61,1003.35,2.0,2.62,8.0,0.0,,,,,,,,,,,,,,,,,,,,,,,,,,,,,,,,,,,,,,,,,,,,,,,,,,,,,,,,,,,,,,,,,,,,,,,,,,,,,,,,,,,,,,,,,,,,,,,,,,,,,,,,,,,,,,,,,,,,,,,,
1911,2,-147.4,50.2,,,,,,,,,,,,,,,,,,,,,,,,,,,,,,,,,,,,,,,,,,,,,,,,,,,,,,,,,,,,,,,,,,,,,,,,,,,,,,,,,,,,,,,,,,,,,,,,,,,,,,,,,,,,,,,,,,,,,,,,,,,,,,,,,,,,,,,,,,,,,,,,,,,,,,,,,-1.9,-1.7,7.6,2.8,3.0,7.9,24.0,1.0,9.6,10.0,10.9,10.2,3.0,0.9,24.0,1.0,804.5,1861.0,3652.5,2474.5,8.0,2173.0,16.0,0.5,805.0,1860.0,3650.0,2475.0,8.0,2175.0,16.0,0.5
1911,2,-147.3,28.0,,,,,,,,,,,,,,,,,,,,,,,,,,,,,,,,,,,,,,,,,,,,,,,,,,,,,,,,,,,,,,,,,,,,,,,,,,,,,,,,,,,,,,,,,,,,,,,,,,,,,,,,,,,,,,,,,,,,,,,,,,,,,,,,,,,,,,,,,,,,,,,,,,,,,,,,,-5.1,-5.1,-5.1,-5.1,1.0,0.0,20.0,1.0,0.0,0.0,0.0,0.0,1.0,0.0,20.0,1.0,30.0,57.5,84.5,57.5,2.0,56.5,16.0,1.0,30.0,55.0,85.0,55.0,2.0,55.0,16.0,1.0
1911,2,-147.3,48.8,3.04,3.6,4.16,3.6,4.0,0.7,10.0,0.3,3.3,3.6,3.9,3.6,4.0,0.35,10.0,0.3,3.41,3.62,3.82,3.62,2.0,0.43,14.0,0.0,69.3,74.7,80.0,74.7,2.0,11.0,14.0,0.0,7.94,9.3,10.87,9.4,4.0,2.29,10.0,0.3,7.94,9.3,10.87,9.4,4.0,2.29,10.0,0.3,0.0,0.0,0.0,0.0,4.0,0.0,10.0,0.3,1015.35,1017.95,1020.39,1017.88,4.0,3.05,10.0,0.3,2.4,5.5,7.5,5.0,4.0,3.2,10.0,0.3,64.7,86.5,120.4,92.3,4.0,44.0,10.0,0.3,0.0,0.0,0.0,0.0,4.0,0.0,10.0,0.3,-0.58,0.25,0.55,0.0,4.0,0.78,10.0,0.3,-7.1,2.0,4.4,-1.2,4.0,8.5,10.0,0.3,0.91,1.06,1.21,1.06,2.0,0.31,14.0,0.0,9.0,11.7,14.4,11.7,2.0,5.6,14.0,0.0,26.2,33.5,42.4,34.3,4.0,10.8,10.0,0.3,0.0,0.0,0.0,0.0,4.0,0.0,10.0,0.3,37.1,38.6,40.0,38.6,2.0,3.0,14.0,0.0,0.0,0.0,0.0,0.0,2.0,0.0,14.0,0.0,,,,,,,,,,,,,,,,,,,,,,,,,,,,,,,,
1911,2,-147.3,48.9,,,,,,,,,,,,,,,,,,,,,,,,,,,,,,,,,,,,,,,,,,,,,,,,,,,,,,,,,,,,,,,,,,,,,,,,,,,,,,,,,,,,,,,,,,,,,,,,,,,,,,,,,,,,,,,,,,,,,,,,,,,,,,,,,,,,,,,,,,,,,,,,,,,,,,,,,9.0,11.7,14.4,11.7,2.0,5.6,14.0,0.0,0.0,0.0,0.0,0.0,2.0,0.0,14.0,0.0,540.5,804.5,1358.0,942.5,4.0,656.5,10.0,0.3,540.0,805.0,1360.0,945.0,4.0,655.0,10.0,0.3
1911,2,-147.2,16.5,,,,,,,,,,,,,,,,,,,,,,,,,,,,,,,,,3.87,6.7,7.65,5.98,5.0,2.52,10.0,0.4,-5.41,-4.74,-3.01,-4.38,5.0,1.54,10.0,0.4,-5.41,-4.74,-2.06,-3.86,5.0,2.46,10.0,0.4,1014.0,1014.0,1014.0,1014.0,1.0,0.0,26.0,0.0,,,,,,,,,,,,,,,,,,,,,,,,,,,,,,,,,,,,,,,,,,,,,,,,,,,,,,,,,,,,,,,,,,,,,,,,,,,,,,,,,,,,,,,,,,,,,,,,,,,,,,,,,,,,,,,,,,,,,,,,
1911,2,-147.2,28.1,17.22,18.35,19.48,18.35,2.0,2.33,16.0,1.0,18.05,18.6,19.15,18.6,2.0,1.13,16.0,1.0,12.46,12.46,12.46,12.46,1.0,0.0,20.0,1.0,89.9,89.9,89.9,89.9,1.0,0.0,20.0,1.0,2.92,3.6,4.28,3.6,2.0,1.41,16.0,1.0,-1.94,-0.51,0.91,-0.51,2.0,2.95,16.0,1.0,0.69,2.16,3.64,2.16,2.0,3.06,16.0,1.0,1024.06,1026.35,1028.64,1026.35,2.0,4.74,16.0,1.0,3.5,4.5,5.5,4.5,2.0,2.1,16.0,1.0,-4.5,0.2,5.0,0.2,2.0,9.9,16.0,1.0,3.2,9.9,16.7,9.9,2.0,14.1,16.0,1.0,-0.83,-0.25,0.33,-0.25,2.0,1.2,16.0,1.0,-4.0,-1.7,0.5,-1.7,2.0,4.7,16.0,1.0,1.94,1.94,1.94,1.94,1.0,0.0,20.0,1.0,5.1,5.1,5.1,5.1,1.0,0.0,20.0,1.0,-38.0,-11.2,15.6,-11.2,2.0,55.5,16.0,1.0,12.2,38.5,64.7,38.5,2.0,54.4,16.0,1.0,-32.4,-32.4,-32.4,-32.4,1.0,0.0,20.0,1.0,0.0,0.0,0.0,0.0,1.0,0.0,20.0,1.0,,,,,,,,,,,,,,,,,,,,,,,,,,,,,,,,
1911,2,-145.6,28.4,18.98,19.15,19.32,19.15,2.0,0.35,22.0,0.5,15.84,17.2,19.5,17.65,4.0,2.29,16.0,0.3,11.3,11.9,12.5,11.9,2.0,1.24,22.0,0.5,85.4,85.5,85.5,85.5,2.0,0.2,22.0,0.5,,,,,,,,,,,,,,,,,,,,,,,,,,,,,,,,,6.3,7.0,7.7,7.0,2.0,1.4,22.0,0.5,-13.4,-3.2,0.0,-6.6,4.0,9.4,16.0,0.3,4.7,14.2,21.2,13.0,4.0,9.7,16.0,0.3,-0.91,-0.3,0.31,-0.3,2.0,1.27,22.0,0.5,-4.4,-2.0,0.4,-2.0,2.0,5.0,22.0,0.5,1.3,1.75,2.2,1.75,2.0,0.93,22.0,0.5,5.2,5.6,6.1,5.6,2.0,0.9,22.0,0.5,,,,,,,,,,,,,,,,,,,,,,,,,,,,,,,,,-5.7,-5.3,-4.9,-5.3,2.0,0.8,22.0,0.5,1.8,1.9,2.1,1.9,2.0,0.3,22.0,0.5,55.5,97.5,97.5,77.5,4.0,40.0,16.0,0.3,55.0,95.0,95.0,75.0,4.0,40.0,16.0,0.3
1911,2,-145.6,50.2,,,,,,,,,,,,,,,,,,,,,,,,,,,,,,,,,,,,,,,,,,,,,,,,,,,,,,,,,,,,,,,,,,,,,,,,,,,,,,,,,,,,,,,,,,,,,,,,,,,,,,,,,,,,,,,,,,,,,,,,,,,,,,,,,,,,,,,,,,,,,,,,,,,,,,,,,-3.0,-1.9,-0.6,-1.8,3.0,1.8,22.0,0.0,-1.1,0.0,6.7,2.7,3.0,6.2,22.0,0.0,291.0,301.0,3652.5,1301.0,7.0,1620.5,16.0,0.1,290.0,300.0,3650.0,1300.0,7.0,1620.0,16.0,0.1
1911,2,-145.5,28.5,,,,,,,,,,,,,,,,,,,,,,,,,,,,,,,,,3.55,4.6,4.6,4.1,4.0,1.0,16.0,0.3,-3.43,-1.22,0.0,-1.69,4.0,2.1,16.0,0.3,1.21,3.09,4.6,2.92,4.0,1.96,16.0,0.3,1023.19,1025.5,1027.6,1025.4,4.0,2.55,16.0,0.3,,,,,,,,,,,,,,,,,,,,,,,,,,,,,,,,,,,,,,,,,,,,,,,,,,,,,,,,,-67.9,-22.4,0.0,-33.4,4.0,42.6,16.0,0.3,24.0,52.1,73.0,48.6,4.0,28.8,16.0,0.3,-50.7,-41.1,-31.4,-41.1,2.0,20.0,22.0,0.5,11.4,15.0,18.5,15.0,2.0,7.3,22.0,0.5,,,,,,,,,,,,,,,,,,,,,,,,,,,,,,,,
1911,2,-145.4,16.5,,,,,,,,,,,,,,,,,,,,,,,,,,,,,,,,,4.6,6.7,9.3,6.87,6.0,2.11,16.0,0.5,-7.0,-4.42,-2.62,-4.88,6.0,2.35,16.0,0.5,-6.25,-4.83,0.37,-3.43,6.0,3.58,16.0,0.5,1012.48,1013.5,1014.52,1013.5,2.0,2.12,28.0,0.5,,,,,,,,,,,,,,,,,,,,,,,,,,,,,,,,,,,,,,,,,,,,,,,,,,,,,,,,,,,,,,,,,,,,,,,,,,,,,,,,,,,,,,,,,,,,,,,,,,,,,,,,,,,,,,,,,,,,,,,,
1911,2,-145.4,18.1,,,,,,,,,,,,,,,,,,,,,,,,,,,,,,,,,3.55,4.6,4.6,4.1,4.0,1.0,28.0,0.5,-4.23,-4.23,-1.05,-2.72,4.0,3.04,28.0,0.5,1.8,1.8,1.82,1.81,4.0,0.02,28.0,0.5,1013.14,1013.65,1014.52,1013.83,4.0,0.89,28.0,0.5,,,,,,,,,,,,,,,,,,,,,,,,,,,,,,,,,,,,,,,,,,,,,,,,,,,,,,,,,,,,,,,,,,,,,,,,,,,,,,,,,,,,,,,,,,,,,,,,,,,,,,,,,,,,,,,,,,,,,,,,
1911,2,-145.4,50.5,3.87,3.9,3.92,3.89,7.0,0.32,16.0,0.1,2.15,2.8,5.6,3.43,7.0,1.7,16.0,0.1,3.75,4.6,4.87,4.32,3.0,0.86,22.0,0.0,82.2,100.0,100.0,91.3,3.0,15.1,22.0,0.0,6.6,6.7,15.4,9.26,7.0,4.41,16.0,0.1,-5.49,-2.29,2.4,-2.01,7.0,5.14,16.0,0.1,-4.31,6.3,11.92,5.47,7.0,7.31,16.0,0.1,1004.45,1016.8,1030.71,1018.23,7.0,12.45,16.0,0.1,2.0,8.0,8.0,5.9,7.0,3.1,16.0,0.1,-84.5,-15.4,16.7,-31.1,7.0,66.6,16.0,0.1,-20.3,42.2,183.6,73.6,7.0,95.9,16.0,0.1,-1.7,1.1,2.2,0.46,7.0,1.65,16.0,0.1,-26.2,7.4,10.6,-1.0,7.0,18.2,16.0,0.1,0.12,0.37,1.18,0.64,3.0,0.81,22.0,0.0,0.8,2.5,7.9,4.3,3.0,5.4,22.0,0.0,-30.7,-6.4,9.0,-12.1,7.0,23.6,16.0,0.1,-5.1,17.7,66.8,27.2,7.0,34.5,16.0,0.1,-18.6,-7.7,5.4,-6.6,3.0,17.6,22.0,0.0,-6.8,21.1,28.2,10.9,3.0,27.1,22.0,0.0,,,,,,,,,,,,,,,,,,,,,,,,,,,,,,,,
1911,2,-145.3,48.9,,,,,,,,,,,,,,,,,,,,,,,,,,,,,,,,,6.09,9.3,9.3,7.73,3.0,2.71,10.0,0.7,5.4,7.12,8.61,7.01,3.0,2.35,10.0,0.7,0.0,0.0,4.08,1.99,3.0,3.45,10.0,0.7,1016.19,1022.2,1024.32,1020.3,3.0,6.17,10.0,0.7,,,,,,,,,,,,,,,,,,,,,,,,,,,,,,,,,,,,,,,,,,,,,,,,,,,,,,,,,,,,,,,,,,,,,,,,,,,,,,,,,,,,,,,,,,,,,,,,,,,,,,,,,,,,,,,,,,,,,,,,
1911,2,-145.3,52.1,,,,,,,,,,,,,,,,,,,,,,,,,,,,,,,,,9.3,9.3,9.3,9.3,2.0,0.0,8.0,0.0,0.95,2.99,5.03,2.99,2.0,4.23,8.0,0.0,-4.52,1.09,6.69,1.09,2.0,11.61,8.0,0.0,996.91,997.15,997.39,997.15,2.0,0.5,8.0,0.0,,,,,,,,,,,,,,,,,,,,,,,,,,,,,,,,,,,,,,,,,,,,,,,,,,,,,,,,,,,,,,,,,,,,,,,,,,,,,,,,,,,,,,,,,,,,,,,,,,,,,,,,,,,,,,,,,,,,,,,,
1911,2,-143.9,28.8,18.9,18.9,18.9,18.9,1.0,0.0,22.0,0.0,16.87,17.25,17.63,17.25,2.0,0.78,16.0,0.0,11.22,11.22,11.22,11.22,1.0,0.0,22.0,0.0,89.8,89.8,89.8,89.8,1.0,0.0,22.0,0.0,,,,,,,,,,,,,,,,,,,,,,,,,,,,,,,,,7.0,7.0,7.0,7.0,1.0,0.0,22.0,0.0,-2.0,7.4,16.8,7.4,2.0,19.5,16.0,0.0,0.4,1.2,1.9,1.2,2.0,1.6,16.0,0.0,1.1,1.1,1.1,1.1,1.0,0.0,22.0,0.0,2.9,2.9,2.9,2.9,1.0,0.0,22.0,0.0,2.19,2.19,2.19,2.19,1.0,0.0,22.0,0.0,5.7,5.7,5.7,5.7,1.0,0.0,22.0,0.0,,,,,,,,,,,,,,,,,,,,,,,,,,,,,,,,,-5.3,-5.3,-5.3,-5.3,1.0,0.0,22.0,0.0,1.9,1.9,1.9,1.9,1.0,0.0,22.0,0.0,30.0,57.5,84.5,57.5,2.0,56.5,16.0,0.0,30.0,55.0,85.0,55.0,2.0,55.0,16.0,0.0
1911,2,-143.8,50.1,,,,,,,,,,,,,,,,,,,,,,,,,,,,,,,,,,,,,,,,,,,,,,,,,,,,,,,,,,,,,,,,,,,,,,,,,,,,,,,,,,,,,,,,,,,,,,,,,,,,,,,,,,,,,,,,,,,,,,,,,,,,,,,,,,,,,,,,,,,,,,,,,,,,,,,,,-2.1,-1.3,-0.4,-1.3,2.0,1.8,24.0,0.0,0.1,0.5,0.8,0.5,2.0,0.6,24.0,0.0,152.0,804.5,3169.5,1276.5,9.0,1456.0,16.0,0.4,150.0,805.0,3170.0,1275.0,9.0,1455.0,16.0,0.4
1911,2,-143.7,28.8,,,,,,,,,,,,,,,,,,,,,,,,,,,,,,,,,2.92,3.6,4.28,3.6,2.0,1.41,16.0,0.0,-1.33,1.08,3.48,1.08,2.0,4.98,16.0,0.0,0.14,0.44,0.75,0.44,2.0,0.63,16.0,0.0,1025.61,1026.7,1027.79,1026.7,2.0,2.26,16.0,0.0,,,,,,,,,,,,,,,,,,,,,,,,,,,,,,,,,,,,,,,,,,,,,,,,,,,,,,,,,-24.4,16.7,57.7,16.7,2.0,85.1,16.0,0.0,2.5,7.9,13.3,7.9,2.0,11.2,16.0,0.0,-27.4,-27.4,-27.4,-27.4,1.0,0.0,22.0,0.0,10.0,10.0,10.0,10.0,1.0,0.0,22.0,0.0,,,,,,,,,,,,,,,,,,,,,,,,,,,,,,,,
1911,2,-143.5,-45.5,,,,,,,,,,,,,,,,,,,,,,,,,,,,,,,,,12.3,12.3,12.3,12.3,1.0,0.0,26.0,0.0,11.32,11.32,11.32,11.32,1.0,0.0,26.0,0.0,-4.81,-4.81,-4.81,-4.81,1.0,0.0,26.0,0.0,1010.16,1010.5,1010.84,1010.5,2.0,0.71,26.0,0.0,,,,,,,,,,,,,,,,,,,,,,,,,,,,,,,,,,,,,,,,,,,,,,,,,,,,,,,,,,,,,,,,,,,,,,,,,,,,,,,,,,,,,,,,,,,,,,,,,,,,,,,,,,,,,,,,,,,,,,,,
1911,2,-143.5,50.4,2.66,3.9,4.4,3.82,9.0,1.07,16.0,0.4,0.9,4.45,5.98,3.75,8.0,2.34,16.0,0.5,4.05,4.43,4.8,4.43,2.0,0.78,24.0,0.0,85.2,91.2,97.2,91.2,2.0,12.4,24.0,0.0,5.17,9.3,14.56,9.14,9.0,4.52,16.0,0.4,-3.73,0.0,1.15,-0.62,9.0,2.97,16.0,0.4,-7.05,0.89,14.36,2.66,9.0,9.86,16.0,0.4,1015.35,1029.0,1032.38,1024.34,9.0,9.08,16.0,0.4,8.0,8.0,8.0,7.3,9.0,2.0,16.0,0.4,-26.8,0.0,5.3,-4.7,9.0,26.5,16.0,0.4,-62.5,2.3,211.5,50.4,9.0,125.6,16.0,0.4,,,,,,,,,,,,,,,,,,,,,,,,,,,,,,,,,,,,,,,,,,,,,,,,,,,,,,,,,,,,,,,,,,,,,,,,,,,,,,,,,,,,,,,,,,,,,,,,
1911,2,-143.5,50.5,,,,,,,,,,,,,,,,,,,,,,,,,,,,,,,,,,,,,,,,,,,,,,,,,,,,,,,,,,,,,,,,,,,,,,,,,,,,,,,,,,,,,,,,,-1.58,0.3,1.49,0.06,8.0,1.52,16.0,0.5,-24.1,0.8,9.4,-4.6,8.0,17.2,16.0,0.5,0.16,0.52,0.87,0.52,2.0,0.73,24.0,0.0,0.4,1.3,2.3,1.3,2.0,1.9,24.0,0.0,-18.7,0.0,0.0,-5.8,8.0,9.6,16.0,0.5,-4.3,18.2,89.9,32.6,8.0,44.6,16.0,0.5,-23.0,-17.5,-12.0,-17.5,2.0,11.4,24.0,0.0,-17.5,-9.0,-0.5,-9.0,2.0,17.6,24.0,0.0,,,,,,,,,,,,,,,,,,,,,,,,,,,,,,,,
1911,2,-143.5,52.0,,,,,,,,,,,,,,,,,,,,,,,,,,,,,,,,,9.3,9.3,9.3,9.3,1.0,0.0,8.0,1.0,-5.98,-5.98,-5.98,-5.98,1.0,0.0,8.0,1.0,7.12,7.12,7.12,7.12,1.0,0.0,8.0,1.0,1004.6,1004.6,1004.6,1004.6,1.0,0.0,8.0,1.0,,,,,,,,,,,,,,,,,,,,,,,,,,,,,,,,,,,,,,,,,,,,,,,,,,,,,,,,,,,,,,,,,,,,,,,,,,,,,,,,,,,,,,,,,,,,,,,,,,,,,,,,,,,,,,,,,,,,,,,,
1911,2,-143.4,48.8,4.14,4.4,4.71,4.43,4.0,0.45,14.0,0.3,4.4,4.7,7.62,5.95,4.0,2.71,14.0,0.3,4.15,4.72,5.29,4.72,2.0,1.18,20.0,0.5,74.4,75.2,76.0,75.2,2.0,1.6,20.0,0.5,3.55,4.6,5.7,4.63,4.0,1.67,14.0,0.3,0.32,4.06,4.88,2.66,4.0,3.57,14.0,0.3,0.0,1.48,3.66,1.82,4.0,2.17,14.0,0.3,1012.18,1019.15,1026.86,1019.5,4.0,8.5,14.0,0.3,0.5,3.5,7.0,3.8,4.0,3.9,14.0,0.3,4.2,18.7,28.1,16.2,4.0,17.2,14.0,0.3,0.0,6.8,21.6,10.6,4.0,13.7,14.0,0.3,-3.2,0.0,0.0,-1.52,4.0,3.05,14.0,0.3,-14.7,0.0,0.0,-7.0,4.0,14.0,14.0,0.3,-0.33,0.29,0.92,0.29,2.0,1.3,20.0,0.5,-1.9,0.1,2.2,0.1,2.0,4.3,20.0,0.5,1.4,20.6,36.3,18.9,4.0,23.9,14.0,0.3,0.0,6.5,17.5,8.6,4.0,10.6,14.0,0.3,-4.4,7.7,19.9,7.7,2.0,25.2,20.0,0.5,0.0,0.0,0.0,0.0,2.0,0.0,20.0,0.5,,,,,,,,,,,,,,,,,,,,,,,,,,,,,,,,
1911,2,-143.3,16.3,,,,,,,,,,,,,,,,,,,,,,,,,,,,,,,,,5.83,6.7,10.54,7.81,11.0,2.67,16.0,0.5,-7.52,-4.6,-2.62,-4.97,11.0,2.71,16.0,0.5,-8.7,-6.17,0.74,-3.92,11.0,4.77,16.0,0.5,1013.0,1014.5,1015.52,1014.4,6.0,1.26,28.0,0.5,,,,,,,,,,,,,,,,,,,,,,,,,,,,,,,,,,,,,,,,,,,,,,,,,,,,,,,,,,,,,,,,,,,,,,,,,,,,,,,,,,,,,,,,,,,,,,,,,,,,,,,,,,,,,,,,,,,,,,,,
1911,2,-143.3,30.0,,,,,,,,,,,,,,,,,,,,,,,,,,,,,,,,,,,,,,,,,,,,,,,,,,,,,,,,,,,,,,,,,,,,,,,,,,,,,,,,,,,,,,,,,,,,,,,,,,,,,,,,,,,,,,,,,,,,,,,,,,,,,,,,,,,,,,,,,,,,,,,,,,,,,,,,,-3.8,-3.8,-3.8,-3.8,1.0,0.0,22.0,0.0,0.0,0.0,0.0,0.0,1.0,0.0,22.0,0.0,62.5,159.0,256.0,159.0,2.0,200.0,16.0,0.0,65.0,160.0,255.0,160.0,2.0,200.0,16.0,0.0
1911,2,-143.3,48.9,,,,,,,,,,,,,,,,,,,,,,,,,,,,,,,,,,,,,,,,,,,,,,,,,,,,,,,,,,,,,,,,,,,,,,,,,,,,,,,,,,,,,,,,,,,,,,,,,,,,,,,,,,,,,,,,,,,,,,,,,,,,,,,,,,,,,,,,,,,,,,,,,,,,,,,,,-3.1,-3.0,-2.9,-3.0,2.0,0.2,20.0,0.5,0.0,0.0,0.0,0.0,2.0,0.0,20.0,0.5,55.5,97.5,204.0,128.5,4.0,121.0,14.0,0.3,55.0,95.0,205.0,130.0,4.0,120.0,14.0,0.3
1911,2,-143.2,30.0,16.45,17.2,17.95,17.2,2.0,1.56,16.0,0.0,16.78,16.95,17.12,16.95,2.0,0.35,16.0,0.0,11.45,11.45,11.45,11.45,1.0,0.0,22.0,0.0,95.0,95.0,95.0,95.0,1.0,0.0,22.0,0.0,3.25,4.65,6.05,4.65,2.0,2.9,16.0,0.0,-1.12,2.05,5.22,2.05,2.0,6.58,16.0,0.0,0.0,0.0,0.0,0.0,2.0,0.0,16.0,0.0,1024.91,1026.0,1027.09,1026.0,2.0,2.26,16.0,0.0,2.1,4.5,6.9,4.5,2.0,4.9,16.0,0.0,1.4,19.1,36.7,19.1,2.0,36.5,16.0,0.0,0.0,0.0,0.0,0.0,2.0,0.0,16.0,0.0,-0.33,0.25,0.83,0.25,2.0,1.2,16.0,0.0,-2.9,-0.6,1.8,-0.6,2.0,4.9,16.0,0.0,1.47,1.47,1.47,1.47,1.0,0.0,22.0,0.0,3.8,3.8,3.8,3.8,1.0,0.0,22.0,0.0,-19.9,33.6,87.0,33.6,2.0,110.7,16.0,0.0,0.0,0.0,0.0,0.0,2.0,0.0,16.0,0.0,-29.8,-29.8,-29.8,-29.8,1.0,0.0,22.0,0.0,0.0,0.0,0.0,0.0,1.0,0.0,22.0,0.0,,,,,,,,,,,,,,,,,,,,,,,,,,,,,,,,
1911,2,-141.6,30.4,,,,,,,,,,,,,,,,,,,,,,,,,,,,,,,,,,,,,,,,,,,,,,,,,,,,,,,,,,,,,,,,,,,,,,,,,,,,,,,,,,,,,,,,,,,,,,,,,,,,,,,,,,,,,,,,,,,,,,,,,,,,,,,,,,,,,,,,,,,,,,,,,,,,,,,,,-2.0,-1.9,-1.8,-1.9,2.0,0.1,22.0,0.5,0.7,0.7,0.7,0.7,2.0,0.1,22.0,0.5,1.0,151.0,564.5,277.0,4.0,379.0,16.0,0.8,0.0,150.0,565.0,275.0,4.0,380.0,16.0,0.8
1911,2,-141.5,48.9,,,,,,,,,,,,,,,,,,,,,,,,,,,,,,,,,,,,,,,,,,,,,,,,,,,,,,,,,,,,,,,,,1.3,2.0,6.1,3.7,3.0,3.8,12.0,0.0,-1.3,0.8,6.6,2.9,5.0,7.7,18.0,0.2,-21.0,0.0,5.4,-5.6,5.0,15.1,18.0,0.2,,,,,,,,,,,,,,,,,,,,,,,,,,,,,,,,,,,,,,,,,,,,,,,,,,,,,,,,,,,,,,,,,,,,,,,,,,,,,,,,,,,,,,,,,,,,,,,,
1911,2,-141.4,16.2,,,,,,,,,,,,,,,,,,,,,,,,,,,,,,,,,2.6,4.6,6.7,4.93,7.0,1.85,22.0,0.7,-6.17,-3.25,-2.39,-3.37,7.0,2.75,22.0,0.7,-3.39,0.0,2.62,-0.86,7.0,3.18,22.0,0.7,1014.38,1015.5,1016.0,1015.0,6.0,1.55,26.0,0.7,,,,,,,,,,,,,,,,,,,,,,,,,,,,,,,,,,,,,,,,,,,,,,,,,,,,,,,,,,,,,,,,,,,,,,,,,,,,,,,,,,,,,,,,,,,,,,,,,,,,,,,,,,,,,,,,,,,,,,,,
1911,2,-141.4,30.4,15.29,16.95,18.3,16.8,4.0,1.75,16.0,0.8,15.6,16.4,17.78,16.68,4.0,1.32,16.0,0.8,10.82,10.89,10.95,10.89,2.0,0.13,22.0,0.5,86.0,87.5,89.0,87.5,2.0,3.1,22.0,0.5,1.0,3.85,8.06,4.5,4.0,4.18,16.0,0.8,-0.94,1.68,5.18,2.1,4.0,3.58,16.0,0.8,-6.18,-2.4,0.34,-2.89,4.0,3.82,16.0,0.8,1026.27,1027.1,1027.56,1026.93,4.0,0.9,16.0,0.8,,,,,,,,,,,,,,,,,,,,,,,,,-0.31,0.0,0.58,0.13,4.0,0.71,16.0,0.8,-2.1,0.0,0.6,-0.7,4.0,2.3,16.0,0.8,1.93,2.01,2.08,2.01,2.0,0.15,22.0,0.5,1.9,2.0,2.1,2.0,2.0,0.2,22.0,0.5,-16.7,25.5,80.8,31.8,4.0,56.9,16.0,0.8,-96.3,-37.1,6.1,-44.8,4.0,60.1,16.0,0.8,-10.3,-10.2,-10.2,-10.2,2.0,0.1,22.0,0.5,3.7,3.7,3.7,3.7,2.0,0.0,22.0,0.5,,,,,,,,,,,,,,,,,,,,,,,,,,,,,,,,
1911,2,-141.4,30.5,,,,,,,,,,,,,,,,,,,,,,,,,,,,,,,,,,,,,,,,,,,,,,,,,,,,,,,,,,,,,,,,,3.3,6.0,6.0,4.7,3.0,2.3,18.0,0.7,-0.9,14.0,42.9,20.6,4.0,27.2,16.0,0.8,-51.1,-17.0,0.3,-25.0,4.0,32.0,16.0,0.8,,,,,,,,,,,,,,,,,,,,,,,,,,,,,,,,,,,,,,,,,,,,,,,,,,,,,,,,,,,,,,,,,,,,,,,,,,,,,,,,,,,,,,,,,,,,,,,,
1911,2,-141.4,48.9,3.9,4.4,5.22,4.56,5.0,0.74,18.0,0.2,4.0,5.0,5.22,4.66,5.0,0.87,18.0,0.2,3.1,3.44,3.9,3.5,4.0,0.47,20.0,0.3,63.2,67.0,72.2,67.7,4.0,6.3,20.0,0.3,1.0,4.6,4.6,3.16,5.0,1.97,18.0,0.2,-0.29,0.77,1.92,0.9,5.0,1.63,18.0,0.2,-4.56,0.0,1.49,-1.11,5.0,3.34,18.0,0.2,1020.24,1026.3,1030.45,1024.66,5.0,8.62,18.0,0.2,,,,,,,,,,,,,,,,,,,,,,,,,-0.54,0.0,0.22,-0.1,5.0,0.48,18.0,0.2,-1.3,0.0,0.2,-0.5,5.0,1.3,18.0,0.2,1.51,1.8,1.83,1.68,4.0,0.26,20.0,0.3,1.8,3.9,7.1,4.4,4.0,3.1,20.0,0.3,-1.5,2.5,9.2,4.1,5.0,8.2,18.0,0.2,-23.8,0.0,6.7,-6.3,5.0,17.3,18.0,0.2,-1.7,1.2,2.8,0.6,4.0,2.8,20.0,0.3,-17.8,-8.7,1.0,-8.4,4.0,10.9,20.0,0.3,-0.5,0.7,1.6,0.6,4.0,1.3,20.0,0.3,-7.0,-2.9,0.6,-3.2,4.0,4.5,20.0,0.3,1.0,97.5,97.5,59.0,5.0,53.0,18.0,0.2,0.0,95.0,95.0,60.0,5.0,55.0,18.0,0.2
1911,2,-141.4,50.4,3.46,3.9,4.84,4.12,9.0,0.63,18.0,0.4,2.36,4.4,5.8,4.07,9.0,1.85,16.0,0.3,3.42,3.51,4.84,4.11,3.0,1.17,26.0,0.7,63.4,67.0,84.9,74.0,3.0,16.9,26.0,0.7,,,,,,,,,,,,,,,,,,,,,,,,,,,,,,,,,,,,,,,,,,,,,,,,,,,,,,,,,,,,,,,,,,,,,,,,,,,,,,,,,,,,,,,,,,,,,,,,,,,,,,,,,,,,,,,,,,,,,,,,,,,,,,,,,,,,,,,,,,,,,,,,,,,,,,,,
1911,2,-141.4,50.5,,,,,,,,,,,,,,,,,,,,,,,,,,,,,,,,,4.6,6.7,9.3,7.15,10.0,2.5,16.0,0.4,-2.46,0.0,2.32,0.73,10.0,4.43,16.0,0.4,-6.97,4.4,5.97,0.51,10.0,6.52,16.0,0.4,1012.16,1020.3,1033.56,1022.23,10.0,10.22,16.0,0.4,4.0,8.0,8.0,6.5,10.0,3.2,16.0,0.4,-16.5,0.0,20.3,12.2,10.0,48.7,16.0,0.4,-55.5,27.8,44.6,2.1,10.0,52.1,16.0,0.4,-1.1,-0.3,0.98,-0.27,8.0,1.26,18.0,0.4,-7.4,-2.5,6.6,-1.8,8.0,6.8,18.0,0.4,0.39,1.3,1.35,0.88,3.0,0.79,26.0,0.7,1.7,6.0,6.2,4.0,3.0,3.7,26.0,0.7,-8.8,0.0,4.3,2.9,9.0,22.7,16.0,0.3,-16.2,14.4,30.7,9.5,9.0,22.6,16.0,0.3,-16.0,0.0,0.0,-7.8,3.0,13.6,26.0,0.7,-15.9,-15.5,14.2,-1.2,3.0,25.3,26.0,0.7,,,,,,,,,,,,,,,,,,,,,,,,,,,,,,,,
1911,2,-141.3,50.4,,,,,,,,,,,,,,,,,,,,,,,,,,,,,,,,,,,,,,,,,,,,,,,,,,,,,,,,,,,,,,,,,,,,,,,,,,,,,,,,,,,,,,,,,,,,,,,,,,,,,,,,,,,,,,,,,,,,,,,,,,,,,,,,,,,,,,,,,,,,,,,,,,,,,,,,,0.0,0.0,0.1,0.1,3.0,0.1,26.0,0.7,-6.2,-6.0,-2.0,-4.2,3.0,3.4,26.0,0.7,97.5,301.0,804.5,496.5,10.0,546.0,16.0,0.4,95.0,300.0,805.0,495.0,10.0,545.0,16.0,0.4
1911,2,-139.7,30.8,,,,,,,,,,,,,,,,,,,,,,,,,,,,,,,,,5.82,8.45,11.08,8.45,2.0,5.44,16.0,0.5,-2.62,1.65,5.92,1.65,2.0,8.84,16.0,0.5,-7.93,-4.71,-1.5,-4.71,2.0,6.66,16.0,0.5,1024.46,1025.65,1026.84,1025.65,2.0,2.47,16.0,0.5,1.3,2.0,2.7,2.0,2.0,1.4,16.0,0.5,-2.4,38.0,78.5,38.0,2.0,83.7,16.0,0.5,-97.5,-57.9,-18.4,-57.9,2.0,82.0,16.0,0.5,,,,,,,,,,,,,,,,,,,,,,,,,,,,,,,,,-55.7,11.5,78.7,11.5,2.0,139.2,16.0,0.5,-110.2,-65.5,-20.8,-65.5,2.0,92.6,16.0,0.5,-49.2,-49.2,-49.2,-49.2,1.0,0.0,22.0,1.0,0.0,0.0,0.0,0.0,1.0,0.0,22.0,1.0,,,,,,,,,,,,,,,,,,,,,,,,,,,,,,,,
1911,2,-139.7,30.9,16.7,16.7,16.7,16.7,1.0,0.0,22.0,1.0,14.69,16.4,18.11,16.4,2.0,3.54,16.0,0.5,10.7,10.7,10.7,10.7,1.0,0.0,22.0,1.0,80.1,80.1,80.1,80.1,1.0,0.0,22.0,1.0,,,,,,,,,,,,,,,,,,,,,,,,,,,,,,,,,,,,,,,,,,,,,,,,,,,,,,,,,-2.2,-2.2,-2.2,-2.2,1.0,0.0,22.0,1.0,-10.1,-10.1,-10.1,-10.1,1.0,0.0,22.0,1.0,0.93,0.93,0.93,0.93,1.0,0.0,22.0,1.0,4.3,4.3,4.3,4.3,1.0,0.0,22.0,1.0,,,,,,,,,,,,,,,,,,,,,,,,,,,,,,,,,-4.3,-4.3,-4.3,-4.3,1.0,0.0,22.0,1.0,0.0,0.0,0.0,0.0,1.0,0.0,22.0,1.0,377.0,979.0,1581.0,979.0,2.0,1247.0,16.0,0.5,375.0,980.0,1580.0,980.0,2.0,1245.0,16.0,0.5
1911,2,-139.7,48.9,,,,,,,,,,,,,,,,,,,,,,,,,,,,,,,,,,,,,,,,,,,,,,,,,,,,,,,,,,,,,,,,,2.0,2.0,6.1,4.0,3.0,3.5,8.0,0.3,1.1,8.0,15.0,8.0,4.0,8.1,14.0,0.5,-18.8,-4.9,10.2,-4.4,4.0,16.9,14.0,0.5,,,,,,,,,,,,,,,,,,,,,,,,,,,,,,,,,,,,,,,,,,,,,,,,,,,,,,,,,,,,,,,,,,,,,,,,,,,,,,,,,,,,,,,,,,,,,,,,
1911,2,-139.6,48.8,3.82,4.7,5.31,4.58,4.0,0.98,14.0,0.5,3.59,4.15,5.29,4.43,4.0,1.2,14.0,0.5,3.31,3.75,4.18,3.75,2.0,0.9,20.0,0.5,67.5,71.2,74.9,71.2,2.0,7.7,20.0,0.5,3.55,4.6,4.6,4.1,4.0,1.0,14.0,0.5,0.42,1.92,3.25,1.84,4.0,1.67,14.0,0.5,-4.09,-0.54,2.71,-0.68,4.0,3.93,14.0,0.5,1009.14,1017.3,1027.92,1018.48,4.0,10.96,14.0,0.5,,,,,,,,,,,,,,,,,,,,,,,,,-0.26,0.25,0.55,0.15,4.0,0.51,14.0,0.5,-1.2,1.2,2.5,0.7,4.0,2.3,14.0,0.5,1.22,1.39,1.55,1.39,2.0,0.34,20.0,0.5,4.4,4.8,5.1,4.8,2.0,0.7,20.0,0.5,1.4,8.0,13.4,7.4,4.0,7.0,14.0,0.5,-22.1,-3.7,9.9,-6.0,4.0,19.0,14.0,0.5,0.4,1.4,2.3,1.4,2.0,2.0,20.0,0.5,-15.8,-6.3,3.2,-6.3,2.0,19.6,20.0,0.5,,,,,,,,,,,,,,,,,,,,,,,,,,,,,,,,
1911,2,-139.5,48.8,,,,,,,,,,,,,,,,,,,,,,,,,,,,,,,,,,,,,,,,,,,,,,,,,,,,,,,,,,,,,,,,,,,,,,,,,,,,,,,,,,,,,,,,,,,,,,,,,,,,,,,,,,,,,,,,,,,,,,,,,,,,,,,,,,,,,,,,,,,,,,,,,,,,,,,,,0.2,0.7,1.2,0.7,2.0,1.0,20.0,0.5,-3.8,-0.7,2.5,-0.7,2.0,6.5,20.0,0.5,55.5,97.5,97.5,77.5,4.0,40.0,14.0,0.5,55.0,95.0,95.0,75.0,4.0,40.0,14.0,0.5
1911,2,-139.4,50.3,3.87,4.4,5.0,4.34,7.0,0.6,18.0,0.0,3.28,4.4,5.6,4.29,7.0,1.07,18.0,0.0,4.14,4.75,5.36,4.75,2.0,1.27,24.0,0.0,80.1,88.2,96.2,88.2,2.0,16.7,24.0,0.0,4.6,6.7,9.44,7.27,7.0,2.73,18.0,0.0,-4.29,0.0,4.39,0.28,7.0,4.64,18.0,0.0,1.18,3.35,7.34,3.54,7.0,5.74,18.0,0.0,986.17,1019.8,1022.69,1011.43,7.0,19.99,18.0,0.0,2.9,4.0,8.0,4.9,7.0,3.2,18.0,0.0,-51.9,0.0,20.8,-6.3,7.0,36.6,18.0,0.0,4.7,22.4,69.9,34.7,7.0,58.6,18.0,0.0,-1.1,0.5,1.1,0.06,7.0,1.0,18.0,0.0,-7.4,2.8,6.2,0.1,7.0,6.8,18.0,0.0,-0.06,0.29,0.65,0.29,2.0,0.74,24.0,0.0,-0.9,1.7,4.3,1.7,2.0,5.4,24.0,0.0,-17.2,0.0,16.4,-1.9,7.0,19.8,18.0,0.0,3.5,9.4,40.1,16.0,7.0,26.1,18.0,0.0,-28.4,-16.9,-5.4,-16.9,2.0,23.9,24.0,0.0,-15.3,7.2,29.7,7.2,2.0,46.7,24.0,0.0,0.2,0.7,1.2,0.7,2.0,1.0,24.0,0.0,-4.9,-3.6,-2.3,-3.6,2.0,2.7,24.0,0.0,97.5,301.0,855.0,537.5,7.0,629.5,18.0,0.0,95.0,300.0,855.0,535.0,7.0,630.0,18.0,0.0
1911,2,-139.2,10.6,,,,,,,,,,,,,,,,,,,,,,,,,,,,,,,,,6.7,6.7,6.7,6.7,3.0,0.0,28.0,0.7,-5.74,-4.74,-4.74,-5.23,3.0,0.85,28.0,0.7,-4.74,-4.74,-3.22,-4.0,3.0,1.29,28.0,0.7,1012.32,1013.0,1013.89,1013.1,3.0,1.15,28.0,0.7,,,,,,,,,,,,,,,,,,,,,,,,,,,,,,,,,,,,,,,,,,,,,,,,,,,,,,,,,,,,,,,,,,,,,,,,,,,,,,,,,,,,,,,,,,,,,,,,,,,,,,,,,,,,,,,,,,,,,,,,
1911,2,-139.2,16.0,,,,,,,,,,,,,,,,,,,,,,,,,,,,,,,,,4.5,4.6,6.7,5.21,7.0,1.56,24.0,0.6,-6.7,-4.6,-4.5,-5.21,7.0,1.56,24.0,0.6,0.0,0.0,0.0,0.0,7.0,0.0,24.0,0.6,1013.0,1015.5,1016.0,1014.93,7.0,1.37,24.0,0.6,,,,,,,,,,,,,,,,,,,,,,,,,,,,,,,,,,,,,,,,,,,,,,,,,,,,,,,,,,,,,,,,,,,,,,,,,,,,,,,,,,,,,,,,,,,,,,,,,,,,,,,,,,,,,,,,,,,,,,,,
1911,2,-139.1,32.1,17.2,17.2,17.2,17.2,1.0,0.0,22.0,0.0,13.09,15.0,16.91,15.0,2.0,3.96,16.0,0.0,10.48,10.48,10.48,10.48,1.0,0.0,22.0,0.0,84.2,84.2,84.2,84.2,1.0,0.0,22.0,0.0,6.31,10.0,13.69,10.0,2.0,7.64,16.0,0.0,-3.03,0.33,3.7,0.33,2.0,6.98,16.0,0.0,-12.17,-7.24,-2.3,-7.24,2.0,10.23,16.0,0.0,1022.45,1025.15,1027.85,1025.15,2.0,5.59,16.0,0.0,3.2,3.5,3.8,3.5,2.0,0.7,16.0,0.0,-4.9,30.0,64.9,30.0,2.0,72.3,16.0,0.0,-187.5,-111.4,-35.4,-111.4,2.0,157.6,16.0,0.0,-0.6,-0.6,-0.6,-0.6,1.0,0.0,22.0,0.0,-2.8,-2.8,-2.8,-2.8,1.0,0.0,22.0,0.0,1.51,1.51,1.51,1.51,1.0,0.0,22.0,0.0,7.0,7.0,7.0,7.0,1.0,0.0,22.0,0.0,-58.7,-8.8,41.1,-8.8,2.0,103.3,16.0,0.0,-148.5,-88.3,-28.0,-88.3,2.0,124.8,16.0,0.0,-48.2,-48.2,-48.2,-48.2,1.0,0.0,22.0,0.0,0.0,0.0,0.0,0.0,1.0,0.0,22.0,0.0,-7.0,-7.0,-7.0,-7.0,1.0,0.0,22.0,0.0,0.0,0.0,0.0,0.0,1.0,0.0,22.0,0.0,661.5,1875.0,3088.0,1875.0,2.0,2513.5,16.0,0.0,660.0,1875.0,3090.0,1875.0,2.0,2515.0,16.0,0.0
1911,2,-137.6,48.9,,,,,,,,,,,,,,,,,,,,,,,,,,,,,,,,,,,,,,,,,,,,,,,,,,,,,,,,,,,,,,,,,4.9,7.0,7.5,6.3,4.0,2.2,12.0,0.8,0.0,0.0,8.5,3.7,6.0,6.3,18.0,0.5,-42.7,3.4,14.6,-4.8,6.0,34.0,18.0,0.5,,,,,,,,,,,,,,,,,,,,,,,,,,,,,,,,,,,,,,,,,,,,,,,,,,,,,,,,,,,,,,,,,,,,,,,,,,,,,,,,,,,,,,,,,,,,,,,,
1911,2,-137.5,16.0,,,,,,,,,,,,,,,,,,,,,,,,,,,,,,,,,2.6,3.6,4.6,3.6,4.0,1.15,24.0,0.3,-3.25,-1.63,0.0,-1.63,4.0,1.88,24.0,0.3,-3.25,-2.93,-2.6,-2.93,4.0,0.38,24.0,0.3,1013.48,1014.0,1014.0,1013.75,4.0,0.5,24.0,0.3,,,,,,,,,,,,,,,,,,,,,,,,,,,,,,,,,,,,,,,,,,,,,,,,,,,,,,,,,,,,,,,,,,,,,,,,,,,,,,,,,,,,,,,,,,,,,,,,,,,,,,,,,,,,,,,,,,,,,,,,
1911,2,-137.5,48.8,,,,,,,,,,,,,,,,,,,,,,,,,,,,,,,,,2.6,4.65,6.7,4.65,6.0,2.25,18.0,0.5,0.0,0.0,2.36,0.82,6.0,1.27,18.0,0.5,-6.38,1.3,3.45,-0.18,6.0,5.34,18.0,0.5,1017.98,1023.55,1029.38,1022.82,6.0,6.93,18.0,0.5,,,,,,,,,,,,,,,,,,,,,,,,,,,,,,,,,,,,,,,,,,,,,,,,,,,,,,,,,0.0,0.0,11.4,3.8,6.0,5.9,18.0,0.5,-33.4,4.3,14.1,-4.0,6.0,26.9,18.0,0.5,0.0,0.0,3.1,1.7,5.0,3.8,20.0,0.4,-23.3,8.1,13.1,-1.8,5.0,20.3,20.0,0.4,,,,,,,,,,,,,,,,,,,,,,,,,,,,,,,,
1911,2,-137.5,50.2,4.4,5.0,5.25,4.74,11.0,0.65,18.0,0.2,3.9,5.0,5.6,4.91,11.0,0.91,18.0,0.2,3.81,4.96,5.25,4.63,5.0,0.78,24.0,0.0,73.4,91.3,92.4,84.2,5.0,11.3,24.0,0.0,4.6,6.7,9.3,7.07,11.0,1.97,18.0,0.2,-5.0,0.0,5.43,-0.36,11.0,4.61,18.0,0.2,-1.9,4.6,7.12,2.49,11.0,5.54,18.0,0.2,1007.48,1013.0,1027.24,1015.68,11.0,13.76,18.0,0.2,2.6,6.0,8.0,5.2,11.0,2.9,18.0,0.2,-40.3,0.0,30.7,-6.9,11.0,34.6,18.0,0.2,-8.7,21.2,66.3,20.0,11.0,47.4,18.0,0.2,-1.2,-0.6,1.1,-0.17,11.0,1.2,18.0,0.2,-9.3,-5.1,6.0,-1.9,11.0,8.4,18.0,0.2,0.01,0.44,1.0,0.51,5.0,0.56,24.0,0.0,0.1,3.8,7.0,4.0,5.0,5.0,24.0,0.0,-27.8,0.0,19.5,-4.8,11.0,20.8,18.0,0.2,-8.4,25.8,37.4,13.4,11.0,29.7,18.0,0.2,-30.1,-23.4,0.0,-16.8,5.0,15.6,24.0,0.0,-23.9,27.9,35.8,9.5,5.0,33.3,24.0,0.0,-1.1,0.0,0.1,-0.5,5.0,1.2,24.0,0.0,-6.8,-0.2,1.3,-2.6,5.0,5.9,24.0,0.0,97.5,301.0,804.5,428.5,11.0,309.5,18.0,0.2,95.0,300.0,805.0,430.0,11.0,310.0,18.0,0.2
1911,2,-137.4,32.4,14.6,16.1,17.26,15.93,3.0,1.96,18.0,0.0,11.91,13.9,15.31,13.63,4.0,2.07,16.0,0.0,9.22,9.32,9.43,9.32,2.0,0.22,22.0,0.0,88.0,88.1,88.3,88.1,2.0,0.4,22.0,0.0,,,,,,,,,,,,,,,,,,,,,,,,,,,,,,,,,,,,,,,,,,,,,,,,,,,,,,,,,1.1,1.1,1.85,1.47,3.0,0.64,18.0,0.0,5.3,5.7,13.4,9.2,3.0,6.7,18.0,0.0,2.13,2.46,2.79,2.46,2.0,0.69,22.0,0.0,7.9,8.4,8.9,8.4,2.0,1.0,22.0,0.0,,,,,,,,,,,,,,,,,,,,,,,,,,,,,,,,,,,,,,,,,,,,,,,,,,,,,,,,,,,,,,,,
1911,2,-137.4,48.7,4.69,5.3,5.6,5.15,4.0,0.57,20.0,0.5,3.78,4.4,5.23,4.52,6.0,0.96,18.0,0.5,3.12,3.3,3.58,3.35,5.0,0.25,20.0,0.4,61.4,65.7,67.7,64.8,5.0,3.5,20.0,0.4,,,,,,,,,,,,,,,,,,,,,,,,,,,,,,,,,,,,,,,,,,,,,,,,,,,,,,,,,-0.26,0.3,0.6,0.18,4.0,0.53,20.0,0.5,-1.8,0.8,2.8,0.6,4.0,3.1,20.0,0.5,1.91,2.0,2.01,1.96,3.0,0.08,24.0,0.3,12.8,13.4,13.5,13.2,3.0,0.5,24.0,0.3,,,,,,,,,,,,,,,,,,,,,,,,,,,,,,,,,,,,,,,,,,,,,,,,,,,,,,,,,,,,,,,,
1911,2,-137.3,10.5,,,,,,,,,,,,,,,,,,,,,,,,,,,,,,,,,4.6,4.6,4.6,4.6,3.0,0.0,28.0,0.3,-3.25,-3.25,-2.26,-2.77,3.0,0.84,28.0,0.3,-3.92,-3.25,-3.25,-3.58,3.0,0.57,28.0,0.3,1011.32,1012.0,1012.68,1012.0,3.0,1.0,28.0,0.3,,,,,,,,,,,,,,,,,,,,,,,,,,,,,,,,,,,,,,,,,,,,,,,,,,,,,,,,,,,,,,,,,,,,,,,,,,,,,,,,,,,,,,,,,,,,,,,,,,,,,,,,,,,,,,,,,,,,,,,,
1911,2,-137.3,32.4,,,,,,,,,,,,,,,,,,,,,,,,,,,,,,,,,3.55,10.0,15.4,9.5,4.0,6.86,16.0,0.0,-3.32,1.33,5.27,0.99,4.0,4.97,16.0,0.0,-14.47,-8.39,-1.1,-7.81,4.0,7.75,16.0,0.0,1018.72,1026.35,1032.36,1025.58,4.0,7.95,16.0,0.0,1.4,4.0,5.5,3.5,4.0,2.6,16.0,0.0,-12.8,37.2,81.1,34.3,4.0,54.3,16.0,0.0,-222.9,-116.7,-5.0,-114.1,4.0,125.7,16.0,0.0,,,,,,,,,,,,,,,,,,,,,,,,,,,,,,,,,-50.6,9.0,63.2,6.4,4.0,65.9,16.0,0.0,-173.5,-97.6,-16.4,-95.1,4.0,91.5,16.0,0.0,-34.6,-30.6,-26.5,-30.6,2.0,8.4,22.0,0.0,-17.7,-10.5,-3.3,-10.5,2.0,14.9,22.0,0.0,-7.8,-7.8,-7.7,-7.8,2.0,0.1,22.0,0.0,-3.8,-2.3,-0.7,-2.3,2.0,3.2,22.0,0.0,55.5,1875.0,3652.5,1855.0,4.0,2075.5,16.0,0.0,55.0,1875.0,3650.0,1855.0,4.0,2075.0,16.0,0.0
1911,2,-137.3,48.6,,,,,,,,,,,,,,,,,,,,,,,,,,,,,,,,,,,,,,,,,,,,,,,,,,,,,,,,,,,,,,,,,,,,,,,,,,,,,,,,,,,,,,,,,,,,,,,,,,,,,,,,,,,,,,,,,,,,,,,,,,,,,,,,,,,,,,,,,,,,,,,,,,,,,,,,,0.0,0.0,2.9,1.4,3.0,2.5,24.0,0.3,-12.9,-11.8,5.5,-3.9,3.0,15.1,24.0,0.3,17.5,159.0,301.0,159.0,6.0,155.0,18.0,0.5,20.0,160.0,300.0,160.0,6.0,155.0,18.0,0.5
1911,2,-137.1,14.3,,,,,,,,,,,,,,,,,,,,,,,,,,,,,,,,,2.6,4.6,6.7,4.34,7.0,1.84,14.0,0.4,-2.62,-1.02,0.0,-1.15,7.0,1.21,14.0,0.4,-6.17,-4.23,-2.59,-4.11,7.0,1.64,14.0,0.4,1013.95,1015.0,1015.21,1014.6,4.0,1.08,24.0,0.5,,,,,,,,,,,,,,,,,,,,,,,,,,,,,,,,,,,,,,,,,,,,,,,,,,,,,,,,,,,,,,,,,,,,,,,,,,,,,,,,,,,,,,,,,,,,,,,,,,,,,,,,,,,,,,,,,,,,,,,,
1911,2,-135.6,10.6,,,,,,,,,,,,,,,,,,,,,,,,,,,,,,,,,4.6,4.6,4.6,4.6,2.0,0.0,28.0,1.0,-1.8,-1.8,-1.8,-1.8,2.0,0.0,28.0,1.0,-4.23,-4.23,-4.23,-4.23,2.0,0.0,28.0,1.0,1013.0,1013.0,1013.0,1013.0,2.0,0.0,28.0,1.0,,,,,,,,,,,,,,,,,,,,,,,,,,,,,,,,,,,,,,,,,,,,,,,,,,,,,,,,,,,,,,,,,,,,,,,,,,,,,,,,,,,,,,,,,,,,,,,,,,,,,,,,,,,,,,,,,,,,,,,,
1911,2,-135.5,12.0,,,,,,,,,,,,,,,,,,,,,,,,,,,,,,,,,4.6,4.6,4.6,4.6,1.0,0.0,28.0,0.0,-1.8,-1.8,-1.8,-1.8,1.0,0.0,28.0,0.0,-4.23,-4.23,-4.23,-4.23,1.0,0.0,28.0,0.0,1011.32,1012.0,1012.68,1012.0,2.0,1.41,28.0,0.0,,,,,,,,,,,,,,,,,,,,,,,,,,,,,,,,,,,,,,,,,,,,,,,,,,,,,,,,,,,,,,,,,,,,,,,,,,,,,,,,,,,,,,,,,,,,,,,,,,,,,,,,,,,,,,,,,,,,,,,,
1911,2,-135.5,32.8,,,,,,,,,,,,,,,,,,,,,,,,,,,,,,,,,,,,,,,,,,,,,,,,,,,,,,,,,,,,,,,,,,,,,,,,,,,,,,,,,,,,,,,,,,,,,,,,,,,,,,,,,,,,,,,,,,,,,,,,,,,,,,,,,,,,,,,,,,,,,,,,,,,,,,,,,-1.5,-1.5,-1.5,-1.5,1.0,0.0,22.0,0.0,-4.2,-4.2,-4.2,-4.2,1.0,0.0,22.0,0.0,1225.5,3652.5,3652.5,2467.5,3.0,2052.5,14.0,0.7,1225.0,3650.0,3650.0,2465.0,3.0,2050.0,14.0,0.7
1911,2,-135.5,48.9,4.77,5.6,5.6,5.22,6.0,0.69,20.0,0.2,4.3,4.4,5.12,4.62,6.0,0.59,20.0,0.2,3.24,3.49,3.68,3.46,3.0,0.33,24.0,0.0,63.2,68.2,68.4,65.8,3.0,4.3,24.0,0.0,4.19,4.6,6.7,4.97,6.0,1.55,20.0,0.2,-3.86,0.0,0.35,-1.16,6.0,2.59,20.0,0.2,-3.24,1.3,5.03,1.11,6.0,4.71,20.0,0.2,1018.65,1023.25,1028.12,1023.0,6.0,5.19,20.0,0.2,6.0,7.5,8.0,7.2,6.0,1.0,20.0,0.2,-20.0,0.0,0.9,-7.7,6.0,14.9,20.0,0.2,-16.8,8.0,26.1,6.6,6.0,27.2,20.0,0.2,-0.1,0.85,1.2,0.6,6.0,0.71,20.0,0.2,-0.5,3.4,5.5,2.6,6.0,3.2,20.0,0.2,1.79,1.84,1.99,1.89,3.0,0.15,24.0,0.0,8.8,9.5,11.1,9.9,3.0,1.7,24.0,0.0,-18.2,0.0,1.3,-6.3,6.0,13.2,20.0,0.2,-15.3,6.2,23.0,4.8,6.0,22.9,20.0,0.2,-17.1,-12.3,-3.9,-10.6,3.0,9.8,24.0,0.0,-14.4,-10.3,6.5,-4.1,3.0,16.2,24.0,0.0,,,,,,,,,,,,,,,,,,,,,,,,,,,,,,,,
1911,2,-135.5,50.2,4.4,5.0,5.6,5.09,7.0,0.54,18.0,1.0,4.97,5.6,6.13,5.49,7.0,0.77,18.0,1.0,3.74,4.35,5.08,4.41,4.0,0.78,24.0,1.0,68.2,76.7,85.5,76.9,4.0,10.0,24.0,1.0,6.6,6.7,6.82,6.77,7.0,1.36,18.0,1.0,-4.31,0.0,6.6,0.43,7.0,4.57,18.0,1.0,-6.82,1.16,5.13,0.13,7.0,5.85,18.0,1.0,1012.52,1014.7,1037.81,1020.26,7.0,12.26,18.0,1.0,3.8,6.0,7.0,5.1,7.0,2.5,18.0,1.0,-28.9,0.0,44.2,3.4,7.0,30.4,18.0,1.0,-46.9,7.8,34.4,-3.9,7.0,45.2,18.0,1.0,-1.1,-0.6,0.6,-0.4,7.0,0.73,18.0,1.0,-7.6,-3.3,4.0,-2.9,7.0,5.6,18.0,1.0,0.53,0.99,1.42,0.98,4.0,0.52,24.0,1.0,3.6,7.3,11.2,7.4,4.0,4.5,24.0,1.0,-26.4,0.0,29.2,-0.1,7.0,24.2,18.0,1.0,-38.2,5.8,31.5,1.2,7.0,33.7,18.0,1.0,-21.9,-10.7,0.0,-10.9,4.0,12.6,24.0,1.0,-30.2,0.2,26.1,-1.9,4.0,32.6,24.0,1.0,,,,,,,,,,,,,,,,,,,,,,,,,,,,,,,,
1911,2,-135.4,-45.6,,,,,,,,,,,,,,,,,,,,,,,,,,,,,,,,,9.78,10.8,11.82,10.8,2.0,2.12,28.0,1.0,9.06,10.01,10.96,10.01,2.0,1.97,28.0,1.0,3.66,4.05,4.43,4.05,2.0,0.79,28.0,1.0,1007.5,1007.5,1007.5,1007.5,1.0,0.0,28.0,1.0,,,,,,,,,,,,,,,,,,,,,,,,,,,,,,,,,,,,,,,,,,,,,,,,,,,,,,,,,,,,,,,,,,,,,,,,,,,,,,,,,,,,,,,,,,,,,,,,,,,,,,,,,,,,,,,,,,,,,,,,
1911,2,-135.4,32.8,12.96,13.3,14.46,13.7,3.0,1.15,14.0,0.7,12.39,12.8,13.89,13.13,3.0,1.14,14.0,0.7,9.41,9.41,9.41,9.41,1.0,0.0,22.0,0.0,94.3,94.3,94.3,94.3,1.0,0.0,22.0,0.0,8.03,15.4,15.4,11.8,3.0,6.24,14.0,0.7,2.07,9.9,9.9,6.07,3.0,6.62,14.0,0.7,-11.8,-11.8,-6.69,-9.31,3.0,4.32,14.0,0.7,1011.06,1012.7,1026.49,1018.63,3.0,12.41,14.0,0.7,1.9,6.0,6.0,4.0,3.0,3.5,14.0,0.7,43.4,152.4,152.4,99.2,3.0,92.2,14.0,0.7,-181.7,-181.7,-71.2,-127.7,3.0,93.4,14.0,0.7,0.53,0.6,0.6,0.57,3.0,0.06,14.0,0.7,4.3,7.7,8.8,6.6,3.0,3.4,14.0,0.7,0.97,0.97,0.97,0.97,1.0,0.0,22.0,0.0,4.4,4.4,4.4,4.4,1.0,0.0,22.0,0.0,22.9,120.8,124.8,74.9,3.0,84.6,14.0,0.7,-148.8,-143.9,-88.2,-119.1,3.0,49.3,14.0,0.7,-14.8,-14.8,-14.8,-14.8,1.0,0.0,22.0,0.0,-40.7,-40.7,-40.7,-40.7,1.0,0.0,22.0,0.0,,,,,,,,,,,,,,,,,,,,,,,,,,,,,,,,
1911,2,-135.4,48.8,,,,,,,,,,,,,,,,,,,,,,,,,,,,,,,,,,,,,,,,,,,,,,,,,,,,,,,,,,,,,,,,,,,,,,,,,,,,,,,,,,,,,,,,,,,,,,,,,,,,,,,,,,,,,,,,,,,,,,,,,,,,,,,,,,,,,,,,,,,,,,,,,,,,,,,,,-8.5,-7.3,-2.3,-5.4,3.0,4.8,24.0,0.0,-7.1,-6.1,3.8,-1.7,3.0,8.9,24.0,0.0,81.0,97.5,301.0,152.0,6.0,119.5,20.0,0.2,80.0,95.0,300.0,150.0,6.0,120.0,20.0,0.2
1911,2,-135.4,50.0,,,,,,,,,,,,,,,,,,,,,,,,,,,,,,,,,,,,,,,,,,,,,,,,,,,,,,,,,,,,,,,,,,,,,,,,,,,,,,,,,,,,,,,,,,,,,,,,,,,,,,,,,,,,,,,,,,,,,,,,,,,,,,,,,,,,,,,,,,,,,,,,,,,,,,,,,-2.4,-0.9,0.0,-1.2,4.0,1.4,24.0,1.0,-11.2,-4.0,2.8,-4.2,4.0,8.1,24.0,1.0,291.0,301.0,325.0,343.5,7.0,217.0,18.0,1.0,290.0,300.0,325.0,345.0,7.0,215.0,18.0,1.0
1911,2,-135.3,14.5,,,,,,,,,,,,,,,,,,,,,,,,,,,,,,,,,4.6,4.6,7.24,5.73,6.0,1.94,22.0,0.5,-5.12,-3.93,-2.58,-3.74,6.0,2.2,22.0,0.5,-5.12,-3.93,-2.58,-3.74,6.0,2.2,22.0,0.5,1014.0,1015.0,1016.52,1015.23,6.0,1.24,22.0,0.5,,,,,,,,,,,,,,,,,,,,,,,,,,,,,,,,,,,,,,,,,,,,,,,,,,,,,,,,,,,,,,,,,,,,,,,,,,,,,,,,,,,,,,,,,,,,,,,,,,,,,,,,,,,,,,,,,,,,,,,,
1911,2,-135.0,38.0,,,,,,,,,,,,,,,,,,,,,,,,,,,,,,,,,4.6,6.7,15.57,9.6,7.0,5.95,4.0,0.4,-5.22,0.0,1.96,-1.66,7.0,6.26,4.0,0.4,-13.53,-4.6,-4.03,-7.61,7.0,5.74,4.0,0.4,1016.86,1019.5,1021.19,1019.21,7.0,3.58,4.0,0.4,,,,,,,,,,,,,,,,,,,,,,,,,,,,,,,,,,,,,,,,,,,,,,,,,,,,,,,,,,,,,,,,,,,,,,,,,,,,,,,,,,,,,,,,,,,,,,,,,,,,,,,,,,,,,,,,,,,,,,,,
1911,2,-134.0,32.9,15.0,15.0,15.0,15.0,1.0,0.0,22.0,1.0,14.4,14.4,14.4,14.4,1.0,0.0,22.0,1.0,7.71,7.71,7.71,7.71,1.0,0.0,22.0,1.0,77.4,77.4,77.4,77.4,1.0,0.0,22.0,1.0,4.6,4.6,4.6,4.6,1.0,0.0,22.0,1.0,-1.57,-1.57,-1.57,-1.57,1.0,0.0,22.0,1.0,-4.32,-4.32,-4.32,-4.32,1.0,0.0,22.0,1.0,1033.5,1033.5,1033.5,1033.5,1.0,0.0,22.0,1.0,8.0,8.0,8.0,8.0,1.0,0.0,22.0,1.0,-7.2,-7.2,-7.2,-7.2,1.0,0.0,22.0,1.0,-19.9,-19.9,-19.9,-19.9,1.0,0.0,22.0,1.0,0.6,0.6,0.6,0.6,1.0,0.0,22.0,1.0,2.8,2.8,2.8,2.8,1.0,0.0,22.0,1.0,2.66,2.66,2.66,2.66,1.0,0.0,22.0,1.0,12.2,12.2,12.2,12.2,1.0,0.0,22.0,1.0,-22.7,-22.7,-22.7,-22.7,1.0,0.0,22.0,1.0,-62.2,-62.2,-62.2,-62.2,1.0,0.0,22.0,1.0,-12.1,-12.1,-12.1,-12.1,1.0,0.0,22.0,1.0,-33.3,-33.3,-33.3,-33.3,1.0,0.0,22.0,1.0,-4.2,-4.2,-4.2,-4.2,1.0,0.0,22.0,1.0,-11.5,-11.5,-11.5,-11.5,1.0,0.0,22.0,1.0,97.5,97.5,97.5,97.5,1.0,0.0,22.0,1.0,95.0,95.0,95.0,95.0,1.0,0.0,22.0,1.0
1911,2,-133.5,34.2,,,,,,,,,,,,,,,,,,,,,,,,,,,,,,,,,,,,,,,,,,,,,,,,,,,,,,,,,,,,,,,,,,,,,,,,,,,,,,,,,,,,,,,,,,,,,,,,,,,,,,,,,,,,,,,,,,,,,,,,,,,,,,,,,,,,,,,,,,,,,,,,,,,,,,,,,-3.5,-3.5,-3.5,-3.5,1.0,0.0,22.0,1.0,-9.5,-9.5,-9.5,-9.5,1.0,0.0,22.0,1.0,11.5,97.5,2515.0,1126.0,5.0,1618.0,16.0,0.6,10.0,95.0,2515.0,1125.0,5.0,1620.0,16.0,0.6
1911,2,-133.5,34.4,12.8,14.5,14.9,14.04,5.0,1.22,16.0,0.6,12.72,15.0,15.49,14.24,5.0,1.73,16.0,0.6,8.57,8.57,8.57,8.57,1.0,0.0,22.0,1.0,82.8,82.8,82.8,82.8,1.0,0.0,22.0,1.0,2.02,4.6,13.43,7.18,5.0,6.32,16.0,0.6,-1.67,-1.0,10.5,3.41,5.0,6.71,16.0,0.6,-7.05,-1.84,1.54,-2.75,5.0,5.94,16.0,0.6,1006.23,1007.6,1025.55,1015.7,3.0,15.79,14.0,0.3,4.9,6.0,7.4,6.0,5.0,1.9,16.0,0.6,-5.7,-1.0,145.9,56.3,5.0,83.2,16.0,0.6,-79.0,-4.8,18.9,-30.9,5.0,88.5,16.0,0.6,-0.99,-0.5,0.78,-0.2,5.0,1.04,16.0,0.6,-3.4,-1.5,7.9,2.0,5.0,8.9,16.0,0.6,2.2,2.2,2.2,2.2,1.0,0.0,22.0,1.0,10.1,10.1,10.1,10.1,1.0,0.0,22.0,1.0,-25.2,-16.0,129.7,40.4,5.0,87.3,16.0,0.6,-91.6,-27.9,20.4,-35.0,5.0,72.5,16.0,0.6,-13.5,-13.5,-13.5,-13.5,1.0,0.0,22.0,1.0,-37.1,-37.1,-37.1,-37.1,1.0,0.0,22.0,1.0,,,,,,,,,,,,,,,,,,,,,,,,,,,,,,,,
1911,2,-133.5,48.7,,,,,,,,,,,,,,,,,,,,,,,,,,,,,,,,,,,,,,,,,,,,,,,,,,,,,,,,,,,,,,,,,,,,,,,,,,,,,,,,,,,,,,,,,,,,,,,,,,,,,,,,,,,,,,,,,,,,,,,,,,,,,,,,,,,,,,,,,,,,,,,,,,,,,,,,,-0.7,0.0,0.0,-0.4,5.0,0.9,22.0,0.2,-7.8,2.3,10.5,1.9,5.0,10.9,22.0,0.2,17.5,17.5,246.0,154.0,9.0,261.0,18.0,0.1,20.0,20.0,245.0,155.0,9.0,260.0,18.0,0.1
1911,2,-133.5,48.8,4.03,5.0,5.6,4.94,9.0,0.82,18.0,0.1,3.46,4.4,5.44,4.5,9.0,1.11,18.0,0.1,3.23,3.52,4.18,3.73,5.0,0.72,22.0,0.2,58.7,68.2,77.0,68.9,5.0,14.0,22.0,0.2,2.6,2.6,6.13,4.24,9.0,2.38,18.0,0.1,-1.22,0.0,0.65,-0.23,9.0,1.35,18.0,0.1,-2.44,2.44,4.31,1.46,9.0,4.65,18.0,0.1,1015.88,1018.5,1028.22,1022.37,9.0,8.22,18.0,0.1,4.3,6.0,8.0,5.6,9.0,2.6,18.0,0.1,-3.2,0.0,1.7,-1.3,9.0,5.2,18.0,0.1,-6.3,6.4,19.8,9.5,9.0,34.6,18.0,0.1,-0.57,0.6,1.54,0.44,9.0,1.0,18.0,0.1,-3.6,2.8,4.0,0.5,9.0,3.6,18.0,0.1,1.16,1.52,2.07,1.59,5.0,0.65,22.0,0.2,5.2,6.7,12.7,8.7,5.0,5.4,22.0,0.2,-4.0,0.0,2.5,-1.3,9.0,5.9,18.0,0.1,-14.5,9.5,19.5,4.8,9.0,22.8,18.0,0.1,-5.3,0.0,0.0,-2.9,5.0,6.5,22.0,0.2,-14.6,16.2,21.7,5.8,5.0,22.1,22.0,0.2,,,,,,,,,,,,,,,,,,,,,,,,,,,,,,,,
1911,2,-133.5,50.2,,,,,,,,,,,,,,,,,,,,,,,,,,,,,,,,,4.6,4.6,6.03,5.3,3.0,1.21,10.0,0.0,0.04,3.52,5.62,2.85,3.0,4.13,10.0,0.0,0.14,2.96,3.89,2.04,3.0,2.86,10.0,0.0,1012.17,1014.7,1014.97,1013.6,3.0,2.26,10.0,0.0,,,,,,,,,,,,,,,,,,,,,,,,,,,,,,,,,,,,,,,,,,,,,,,,,,,,,,,,,,,,,,,,,,,,,,,,,,,,,,,,,,,,,,,,,,,,,,,,,,,,,,,,,,,,,,,,,,,,,,,,
1911,2,-133.4,-51.1,,,,,,,,,,,,,,,,,,,,,,,,,,,,,,,,,12.3,12.3,15.4,13.54,5.0,1.7,10.0,0.2,-6.02,4.61,4.61,0.36,5.0,5.82,10.0,0.2,-14.18,-11.4,-11.4,-12.51,5.0,1.52,10.0,0.2,1012.0,1012.0,1012.0,1012.0,2.0,0.0,2.0,0.5,,,,,,,,,,,,,,,,,,,,,,,,,,,,,,,,,,,,,,,,,,,,,,,,,,,,,,,,,,,,,,,,,,,,,,,,,,,,,,,,,,,,,,,,,,,,,,,,,,,,,,,,,,,,,,,,,,,,,,,,
1911,2,-133.4,14.6,,,,,,,,,,,,,,,,,,,,,,,,,,,,,,,,,7.11,8.0,8.89,8.0,2.0,1.84,22.0,1.0,-6.68,-6.64,-6.6,-6.64,2.0,0.09,22.0,1.0,-5.53,-3.29,-1.04,-3.29,2.0,4.65,22.0,1.0,1013.48,1014.7,1015.71,1014.6,4.0,1.36,22.0,0.8,,,,,,,,,,,,,,,,,,,,,,,,,,,,,,,,,,,,,,,,,,,,,,,,,,,,,,,,,,,,,,,,,,,,,,,,,,,,,,,,,,,,,,,,,,,,,,,,,,,,,,,,,,,,,,,,,,,,,,,,
1911,2,-133.2,-45.5,,,,,,,,,,,,,,,,,,,,,,,,,,,,,,,,,15.4,15.4,15.4,15.4,2.0,0.0,28.0,0.5,11.43,12.58,13.74,12.58,2.0,2.4,28.0,0.5,6.58,8.33,10.08,8.33,2.0,3.62,28.0,0.5,1010.79,1012.5,1014.21,1012.5,2.0,3.54,28.0,0.5,,,,,,,,,,,,,,,,,,,,,,,,,,,,,,,,,,,,,,,,,,,,,,,,,,,,,,,,,,,,,,,,,,,,,,,,,,,,,,,,,,,,,,,,,,,,,,,,,,,,,,,,,,,,,,,,,,,,,,,,
1911,2,-133.2,12.1,,,,,,,,,,,,,,,,,,,,,,,,,,,,,,,,,4.6,4.6,4.6,4.6,4.0,0.0,26.0,0.8,-3.25,-2.53,-1.8,-2.53,4.0,0.84,26.0,0.8,-4.23,-3.74,-3.25,-3.74,4.0,0.57,26.0,0.8,1011.63,1013.0,1013.04,1012.42,5.0,0.91,26.0,0.6,,,,,,,,,,,,,,,,,,,,,,,,,,,,,,,,,,,,,,,,,,,,,,,,,,,,,,,,,,,,,,,,,,,,,,,,,,,,,,,,,,,,,,,,,,,,,,,,,,,,,,,,,,,,,,,,,,,,,,,,
1911,2,-133.2,38.2,,,,,,,,,,,,,,,,,,,,,,,,,,,,,,,,,4.6,6.7,12.3,8.27,9.0,4.19,2.0,0.3,-0.85,4.6,8.16,3.06,9.0,6.24,2.0,0.3,-8.7,-4.23,0.0,-3.72,9.0,5.42,2.0,0.3,1002.54,1011.0,1022.18,1012.14,17.0,8.38,2.0,0.5,,,,,,,,,,,,,,,,,,,,,,,,,,,,,,,,,,,,,,,,,,,,,,,,,,,,,,,,,,,,,,,,,,,,,,,,,,,,,,,,,,,,,,,,,,,,,,,,,,,,,,,,,,,,,,,,,,,,,,,,
1911,2,-133.1,40.1,,,,,,,,,,,,,,,,,,,,,,,,,,,,,,,,,15.4,15.4,15.4,15.4,3.0,0.0,4.0,0.3,14.18,14.18,15.01,14.58,3.0,0.71,4.0,0.3,-6.02,-6.02,-1.91,-4.01,3.0,3.47,4.0,0.3,1009.1,1010.1,1011.0,1010.05,4.0,1.1,4.0,0.5,,,,,,,,,,,,,,,,,,,,,,,,,,,,,,,,,,,,,,,,,,,,,,,,,,,,,,,,,,,,,,,,,,,,,,,,,,,,,,,,,,,,,,,,,,,,,,,,,,,,,,,,,,,,,,,,,,,,,,,,
1911,2,-131.9,50.1,,,,,,,,,,,,,,,,,,,,,,,,,,,,,,,,,6.7,6.7,6.7,6.7,1.0,0.0,6.0,0.0,6.6,6.6,6.6,6.6,1.0,0.0,6.0,0.0,-1.16,-1.16,-1.16,-1.16,1.0,0.0,6.0,0.0,1013.7,1013.7,1013.7,1013.7,1.0,0.0,6.0,0.0,,,,,,,,,,,,,,,,,,,,,,,,,,,,,,,,,,,,,,,,,,,,,,,,,,,,,,,,,,,,,,,,,,,,,,,,,,,,,,,,,,,,,,,,,,,,,,,,,,,,,,,,,,,,,,,,,,,,,,,,
1911,2,-131.6,34.5,,,,,,,,,,,,,,,,,,,,,,,,,,,,,,,,,,,,,,,,,,,,,,,,,,,,,,,,,,,,,,,,,,,,,,,,,,,,,,,,,,,,,,,,,,,,,,,,,,,,,,,,,,,,,,,,,,,,,,,,,,,,,,,,,,,,,,,,,,,,,,,,,,,,,,,,,-7.1,-5.9,-4.7,-5.9,2.0,2.5,24.0,0.0,-10.7,-9.0,-7.3,-9.0,2.0,3.6,24.0,0.0,22.5,804.5,1861.0,875.0,14.0,815.5,10.0,0.4,25.0,805.0,1860.0,875.0,14.0,815.0,10.0,0.4
1911,2,-131.6,48.7,,,,,,,,,,,,,,,,,,,,,,,,,,,,,,,,,,,,,,,,,,,,,,,,,,,,,,,,,,,,,,,,,,,,,,,,,,,,,,,,,,,,,,,,,,,,,,,,,,,,,,,,,,,,,,,,,,,,,,,,,,,,,,,,,,,,,,,,,,,,,,,,,,,,,,,,,-2.8,-0.4,0.4,-0.9,6.0,2.2,22.0,0.3,-7.1,-2.2,11.5,0.5,6.0,9.3,22.0,0.3,17.5,97.5,301.0,139.0,13.0,136.5,18.0,0.3,20.0,95.0,300.0,140.0,13.0,135.0,18.0,0.3
1911,2,-131.6,48.8,4.94,5.6,5.71,5.4,13.0,0.72,18.0,0.3,4.4,5.6,6.16,5.47,13.0,0.83,18.0,0.3,3.41,3.74,4.23,3.89,6.0,0.67,22.0,0.3,60.2,66.1,76.4,69.9,6.0,15.8,22.0,0.3,2.6,4.6,6.7,4.48,13.0,1.96,18.0,0.3,-2.32,-1.57,0.99,-0.53,13.0,2.61,18.0,0.3,-2.62,1.99,6.3,1.59,13.0,3.97,18.0,0.3,1016.48,1017.5,1030.45,1021.64,13.0,8.65,18.0,0.3,1.9,8.0,8.0,5.6,13.0,3.0,18.0,0.3,-15.4,-4.3,2.6,-2.0,13.0,15.9,18.0,0.3,-9.0,5.2,42.2,10.3,13.0,23.7,18.0,0.3,-0.57,0.0,0.65,-0.07,13.0,0.84,18.0,0.3,-3.8,0.0,3.2,-0.8,13.0,4.0,18.0,0.3,1.28,1.8,2.05,1.63,6.0,0.63,22.0,0.3,4.8,8.1,11.7,7.9,6.0,4.2,22.0,0.3,-13.1,-7.4,6.5,-3.2,13.0,12.9,18.0,0.3,-17.3,9.4,35.6,7.9,13.0,23.5,18.0,0.3,-8.5,-3.1,0.7,-3.3,6.0,5.1,22.0,0.3,-15.5,0.5,23.2,2.5,6.0,18.7,22.0,0.3,,,,,,,,,,,,,,,,,,,,,,,,,,,,,,,,
1911,2,-131.4,-51.1,,,,,,,,,,,,,,,,,,,,,,,,,,,,,,,,,8.67,12.3,13.43,11.3,5.0,3.25,6.0,0.4,-5.25,4.61,6.82,1.67,5.0,6.69,6.0,0.4,-12.42,-11.32,-1.06,-7.4,5.0,7.32,6.0,0.4,1011.0,1011.0,1011.0,1011.0,2.0,0.0,2.0,0.0,,,,,,,,,,,,,,,,,,,,,,,,,,,,,,,,,,,,,,,,,,,,,,,,,,,,,,,,,,,,,,,,,,,,,,,,,,,,,,,,,,,,,,,,,,,,,,,,,,,,,,,,,,,,,,,,,,,,,,,,
1911,2,-131.4,34.4,13.0,13.4,14.0,13.61,14.0,0.7,10.0,0.4,11.8,12.9,13.99,12.87,14.0,1.16,10.0,0.4,7.78,7.94,8.11,7.94,2.0,0.34,24.0,0.0,79.1,82.8,86.5,82.8,2.0,7.7,24.0,0.0,2.73,9.3,12.3,7.89,14.0,4.34,10.0,0.4,-3.4,1.43,8.56,2.27,14.0,5.0,10.0,0.4,-11.19,-5.45,2.15,-4.9,14.0,5.43,10.0,0.4,1013.05,1015.0,1024.16,1017.83,11.0,8.28,8.0,0.4,4.1,5.0,7.0,5.5,14.0,1.7,10.0,0.4,-15.6,3.7,80.0,22.9,14.0,54.2,10.0,0.4,-137.2,-40.5,5.8,-54.8,14.0,63.4,10.0,0.4,-0.69,1.0,1.99,0.74,14.0,1.2,10.0,0.4,-1.2,8.6,24.5,9.4,14.0,12.0,10.0,0.4,2.26,2.42,2.58,2.42,2.0,0.34,24.0,0.0,10.4,11.1,11.9,11.1,2.0,1.6,24.0,0.0,-45.3,20.0,94.9,28.0,14.0,62.2,10.0,0.4,-127.9,-72.2,28.6,-58.2,14.0,65.9,10.0,0.4,-26.2,-20.5,-14.8,-20.5,2.0,11.8,24.0,0.0,-31.9,-28.7,-25.6,-28.7,2.0,6.4,24.0,0.0,,,,,,,,,,,,,,,,,,,,,,,,,,,,,,,,
1911,2,-131.3,12.1,,,,,,,,,,,,,,,,,,,,,,,,,,,,,,,,,4.6,5.65,6.7,5.65,4.0,1.21,26.0,0.5,-4.74,-4.0,-3.25,-4.0,4.0,0.86,26.0,0.5,-4.74,-4.0,-3.25,-4.0,4.0,0.86,26.0,0.5,1011.95,1013.0,1013.58,1012.78,4.0,1.29,26.0,0.5,,,,,,,,,,,,,,,,,,,,,,,,,,,,,,,,,,,,,,,,,,,,,,,,,,,,,,,,,,,,,,,,,,,,,,,,,,,,,,,,,,,,,,,,,,,,,,,,,,,,,,,,,,,,,,,,,,,,,,,,
1911,2,-131.2,-45.5,,,,,,,,,,,,,,,,,,,,,,,,,,,,,,,,,9.78,10.8,11.82,10.8,2.0,2.12,28.0,0.0,6.91,7.64,8.36,7.64,2.0,1.5,28.0,0.0,6.91,7.64,8.36,7.64,2.0,1.5,28.0,0.0,1017.32,1018.0,1018.68,1018.0,2.0,1.41,28.0,0.0,,,,,,,,,,,,,,,,,,,,,,,,,,,,,,,,,,,,,,,,,,,,,,,,,,,,,,,,,,,,,,,,,,,,,,,,,,,,,,,,,,,,,,,,,,,,,,,,,,,,,,,,,,,,,,,,,,,,,,,,
1911,2,-131.2,14.0,,,,,,,,,,,,,,,,,,,,,,,,,,,,,,,,,12.3,12.3,12.3,12.3,4.0,0.0,22.0,0.3,-8.7,-8.7,-8.7,-8.7,4.0,0.0,22.0,0.3,-8.7,-8.7,-8.7,-8.7,4.0,0.0,22.0,0.3,1013.0,1014.0,1015.0,1014.0,4.0,1.15,22.0,0.3,,,,,,,,,,,,,,,,,,,,,,,,,,,,,,,,,,,,,,,,,,,,,,,,,,,,,,,,,,,,,,,,,,,,,,,,,,,,,,,,,,,,,,,,,,,,,,,,,,,,,,,,,,,,,,,,,,,,,,,,
1911,2,-131.2,38.5,,,,,,,,,,,,,,,,,,,,,,,,,,,,,,,,,10.73,12.3,13.92,12.33,4.0,2.49,4.0,0.8,10.73,12.3,13.28,12.02,4.0,2.02,4.0,0.8,-3.15,0.0,0.0,-1.5,4.0,3.01,4.0,0.8,1013.0,1013.0,1013.0,1013.0,1.0,0.0,4.0,1.0,,,,,,,,,,,,,,,,,,,,,,,,,,,,,,,,,,,,,,,,,,,,,,,,,,,,,,,,,,,,,,,,,,,,,,,,,,,,,,,,,,,,,,,,,,,,,,,,,,,,,,,,,,,,,,,,,,,,,,,,
1911,2,-131.2,40.5,,,,,,,,,,,,,,,,,,,,,,,,,,,,,,,,,2.6,6.7,12.45,7.79,7.0,5.49,4.0,0.4,0.97,6.7,12.39,6.77,7.0,5.87,4.0,0.4,-4.86,-2.41,0.0,-2.58,7.0,2.24,4.0,0.4,1010.9,1013.0,1017.1,1013.59,7.0,3.62,4.0,0.4,,,,,,,,,,,,,,,,,,,,,,,,,,,,,,,,,,,,,,,,,,,,,,,,,,,,,,,,,,,,,,,,,,,,,,,,,,,,,,,,,,,,,,,,,,,,,,,,,,,,,,,,,,,,,,,,,,,,,,,,
1911,2,-131.1,-33.6,,,,,,,,,,,,,,,,,,,,,,,,,,,,,,,,,4.6,4.6,4.6,4.6,3.0,0.0,8.0,1.0,-3.92,-3.25,-3.25,-3.58,3.0,0.57,8.0,1.0,2.26,3.25,3.25,2.77,3.0,0.84,8.0,1.0,1015.0,1015.0,1015.34,1015.17,3.0,0.29,8.0,1.0,,,,,,,,,,,,,,,,,,,,,,,,,,,,,,,,,,,,,,,,,,,,,,,,,,,,,,,,,,,,,,,,,,,,,,,,,,,,,,,,,,,,,,,,,,,,,,,,,,,,,,,,,,,,,,,,,,,,,,,,
1911,2,-131.1,-17.2,,,,,,,,,,,,,,,,,,,,,,,,,,,,,,,,,5.93,6.7,6.7,6.28,5.0,0.94,16.0,0.2,-6.17,-6.17,-4.55,-5.49,5.0,0.94,16.0,0.2,2.32,2.62,3.39,2.88,5.0,1.1,16.0,0.2,1015.0,1015.0,1015.0,1015.0,1.0,0.0,26.0,0.0,,,,,,,,,,,,,,,,,,,,,,,,,,,,,,,,,,,,,,,,,,,,,,,,,,,,,,,,,,,,,,,,,,,,,,,,,,,,,,,,,,,,,,,,,,,,,,,,,,,,,,,,,,,,,,,,,,,,,,,,
1911,2,-131.1,-15.2,,,,,,,,,,,,,,,,,,,,,,,,,,,,,,,,,4.83,6.7,6.7,5.93,8.0,1.53,18.0,0.6,-6.7,-6.17,-4.45,-5.58,8.0,1.72,18.0,0.6,0.0,1.82,2.62,1.44,8.0,1.23,18.0,0.6,1015.0,1015.0,1015.68,1015.33,3.0,0.58,26.0,0.7,,,,,,,,,,,,,,,,,,,,,,,,,,,,,,,,,,,,,,,,,,,,,,,,,,,,,,,,,,,,,,,,,,,,,,,,,,,,,,,,,,,,,,,,,,,,,,,,,,,,,,,,,,,,,,,,,,,,,,,,
1911,2,-131.1,42.1,,,,,,,,,,,,,,,,,,,,,,,,,,,,,,,,,7.22,13.85,15.4,11.43,4.0,6.06,6.0,0.8,2.19,9.39,14.18,8.24,4.0,7.11,6.0,0.8,-8.84,-6.02,-4.23,-6.51,4.0,3.64,6.0,0.8,1011.38,1012.4,1017.19,1014.2,4.0,4.61,6.0,0.8,,,,,,,,,,,,,,,,,,,,,,,,,,,,,,,,,,,,,,,,,,,,,,,,,,,,,,,,,,,,,,,,,,,,,,,,,,,,,,,,,,,,,,,,,,,,,,,,,,,,,,,,,,,,,,,,,,,,,,,,
1911,2,-131.0,-35.0,,,,,,,,,,,,,,,,,,,,,,,,,,,,,,,,,4.6,4.6,4.6,4.6,1.0,0.0,10.0,0.0,-4.6,-4.6,-4.6,-4.6,1.0,0.0,10.0,0.0,0.0,0.0,0.0,0.0,1.0,0.0,10.0,0.0,1017.0,1017.0,1017.0,1017.0,1.0,0.0,10.0,0.0,,,,,,,,,,,,,,,,,,,,,,,,,,,,,,,,,,,,,,,,,,,,,,,,,,,,,,,,,,,,,,,,,,,,,,,,,,,,,,,,,,,,,,,,,,,,,,,,,,,,,,,,,,,,,,,,,,,,,,,,
1911,2,-131.0,-13.5,,,,,,,,,,,,,,,,,,,,,,,,,,,,,,,,,2.27,6.7,6.7,5.07,6.0,2.58,16.0,0.5,-6.28,-6.17,-2.11,-4.77,6.0,2.43,16.0,0.5,0.0,1.82,2.62,1.48,6.0,1.3,16.0,0.5,1013.16,1013.5,1013.84,1013.5,2.0,0.71,26.0,0.0,,,,,,,,,,,,,,,,,,,,,,,,,,,,,,,,,,,,,,,,,,,,,,,,,,,,,,,,,,,,,,,,,,,,,,,,,,,,,,,,,,,,,,,,,,,,,,,,,,,,,,,,,,,,,,,,,,,,,,,,
1911,2,-131.0,32.5,,,,,,,,,,,,,,,,,,,,,,,,,,,,,,,,,7.94,12.35,15.4,11.7,4.0,4.4,4.0,0.3,-10.89,-8.73,-5.61,-8.27,4.0,3.11,4.0,0.3,-10.89,-8.73,-5.61,-8.27,4.0,3.11,4.0,0.3,1015.0,1015.5,1016.0,1015.5,4.0,0.58,4.0,0.3,,,,,,,,,,,,,,,,,,,,,,,,,,,,,,,,,,,,,,,,,,,,,,,,,,,,,,,,,,,,,,,,,,,,,,,,,,,,,,,,,,,,,,,,,,,,,,,,,,,,,,,,,,,,,,,,,,,,,,,,
1911,2,-129.7,-51.2,,,,,,,,,,,,,,,,,,,,,,,,,,,,,,,,,3.9,6.7,10.52,7.2,3.0,4.87,10.0,1.0,2.13,4.61,5.7,3.93,3.0,2.68,10.0,1.0,-8.55,-2.41,0.95,-3.77,3.0,7.06,10.0,1.0,1010.0,1010.0,1010.0,1010.0,1.0,0.0,2.0,1.0,,,,,,,,,,,,,,,,,,,,,,,,,,,,,,,,,,,,,,,,,,,,,,,,,,,,,,,,,,,,,,,,,,,,,,,,,,,,,,,,,,,,,,,,,,,,,,,,,,,,,,,,,,,,,,,,,,,,,,,,
1911,2,-129.6,-11.3,,,,,,,,,,,,,,,,,,,,,,,,,,,,,,,,,6.7,6.7,6.7,6.47,9.0,0.7,16.0,0.6,-6.7,-6.17,-4.74,-5.85,9.0,0.9,16.0,0.6,0.0,2.62,4.17,1.93,9.0,2.0,16.0,0.6,1012.38,1013.2,1014.43,1013.4,3.0,1.51,24.0,0.7,,,,,,,,,,,,,,,,,,,,,,,,,,,,,,,,,,,,,,,,,,,,,,,,,,,,,,,,,,,,,,,,,,,,,,,,,,,,,,,,,,,,,,,,,,,,,,,,,,,,,,,,,,,,,,,,,,,,,,,,
1911,2,-129.6,32.3,,,,,,,,,,,,,,,,,,,,,,,,,,,,,,,,,1.0,2.6,6.7,3.28,13.0,2.36,4.0,0.5,-1.84,-0.93,4.74,0.22,13.0,3.14,4.0,0.5,-1.97,-0.71,1.09,-0.44,13.0,2.67,4.0,0.5,1010.0,1018.0,1024.0,1017.54,14.0,6.64,4.0,0.6,,,,,,,,,,,,,,,,,,,,,,,,,,,,,,,,,,,,,,,,,,,,,,,,,,,,,,,,,,,,,,,,,,,,,,,,,,,,,,,,,,,,,,,,,,,,,,,,,,,,,,,,,,,,,,,,,,,,,,,,
1911,2,-129.5,-35.2,,,,,,,,,,,,,,,,,,,,,,,,,,,,,,,,,2.6,4.6,6.82,5.0,7.0,2.36,10.0,0.4,-1.83,0.0,0.17,-0.1,7.0,1.88,10.0,0.4,-6.79,-4.6,-2.52,-4.62,7.0,2.51,10.0,0.4,1014.95,1016.0,1016.02,1015.49,7.0,0.85,10.0,0.4,,,,,,,,,,,,,,,,,,,,,,,,,,,,,,,,,,,,,,,,,,,,,,,,,,,,,,,,,,,,,,,,,,,,,,,,,,,,,,,,,,,,,,,,,,,,,,,,,,,,,,,,,,,,,,,,,,,,,,,,
1911,2,-129.5,-33.2,,,,,,,,,,,,,,,,,,,,,,,,,,,,,,,,,2.52,2.6,4.6,3.23,7.0,1.4,8.0,0.4,-3.25,-1.84,-1.78,-2.28,7.0,0.99,8.0,0.4,1.78,1.84,3.25,2.28,7.0,0.99,8.0,0.4,1011.0,1011.5,1013.05,1011.93,7.0,1.17,8.0,0.4,,,,,,,,,,,,,,,,,,,,,,,,,,,,,,,,,,,,,,,,,,,,,,,,,,,,,,,,,,,,,,,,,,,,,,,,,,,,,,,,,,,,,,,,,,,,,,,,,,,,,,,,,,,,,,,,,,,,,,,,
1911,2,-129.5,-13.2,,,,,,,,,,,,,,,,,,,,,,,,,,,,,,,,,6.7,6.7,6.7,6.76,8.0,1.26,18.0,0.4,-6.7,-6.46,-6.17,-6.52,8.0,1.38,18.0,0.4,0.0,0.0,2.53,0.57,8.0,1.72,18.0,0.4,1011.48,1012.5,1013.52,1012.5,2.0,2.12,26.0,0.5,,,,,,,,,,,,,,,,,,,,,,,,,,,,,,,,,,,,,,,,,,,,,,,,,,,,,,,,,,,,,,,,,,,,,,,,,,,,,,,,,,,,,,,,,,,,,,,,,,,,,,,,,,,,,,,,,,,,,,,,
1911,2,-129.5,-9.2,,,,,,,,,,,,,,,,,,,,,,,,,,,,,,,,,6.7,6.7,8.47,7.57,3.0,1.5,14.0,0.0,-6.82,-6.17,-5.19,-6.01,3.0,1.2,14.0,0.0,3.29,4.74,5.58,4.44,3.0,1.7,14.0,0.0,1012.1,1012.3,1012.78,1012.43,3.0,0.51,24.0,0.3,,,,,,,,,,,,,,,,,,,,,,,,,,,,,,,,,,,,,,,,,,,,,,,,,,,,,,,,,,,,,,,,,,,,,,,,,,,,,,,,,,,,,,,,,,,,,,,,,,,,,,,,,,,,,,,,,,,,,,,,
1911,2,-129.5,34.5,13.22,13.65,13.93,13.59,12.0,0.44,10.0,0.5,10.37,12.15,12.35,11.72,12.0,1.26,10.0,0.5,6.55,6.56,6.56,6.56,2.0,0.01,24.0,0.0,76.0,76.0,76.0,76.0,2.0,0.0,24.0,0.0,2.6,4.6,7.36,5.1,12.0,2.54,10.0,0.5,0.0,3.39,6.87,3.23,12.0,3.61,10.0,0.5,-3.88,-2.61,-0.16,-2.03,12.0,2.43,10.0,0.5,1017.75,1020.5,1025.98,1021.88,12.0,5.55,10.0,0.5,4.7,6.0,8.0,6.1,12.0,1.4,10.0,0.5,0.0,15.6,51.7,24.1,12.0,30.3,10.0,0.5,-24.4,-11.6,2.7,-11.2,12.0,15.9,10.0,0.5,0.9,1.95,3.08,1.88,12.0,1.35,10.0,0.5,3.5,8.7,11.7,7.5,12.0,5.7,10.0,0.5,3.15,3.26,3.37,3.26,2.0,0.22,24.0,0.0,14.5,15.0,15.5,15.0,2.0,1.0,24.0,0.0,0.0,38.9,94.4,40.3,12.0,45.1,10.0,0.5,-48.1,-28.1,0.9,-22.9,12.0,30.4,10.0,0.5,0.0,0.0,0.0,0.0,2.0,0.0,24.0,0.0,-30.2,-30.2,-30.2,-30.2,2.0,0.0,24.0,0.0,,,,,,,,,,,,,,,,,,,,,,,,,,,,,,,,
1911,2,-129.5,34.8,,,,,,,,,,,,,,,,,,,,,,,,,,,,,,,,,,,,,,,,,,,,,,,,,,,,,,,,,,,,,,,,,,,,,,,,,,,,,,,,,,,,,,,,,,,,,,,,,,,,,,,,,,,,,,,,,,,,,,,,,,,,,,,,,,,,,,,,,,,,,,,,,,,,,,,,,0.0,0.0,0.0,0.0,2.0,0.0,24.0,0.0,-15.5,-15.0,-14.5,-15.0,2.0,1.0,24.0,0.0,17.5,97.5,429.0,228.0,12.0,286.0,10.0,0.5,20.0,95.0,430.0,230.0,12.0,285.0,10.0,0.5
1911,2,-129.5,38.3,,,,,,,,,,,,,,,,,,,,,,,,,,,,,,,,,5.87,9.3,12.3,9.38,9.0,3.91,8.0,0.6,4.15,8.56,11.33,8.06,9.0,4.03,8.0,0.6,-2.65,0.0,6.58,1.98,9.0,4.52,8.0,0.6,1012.19,1021.0,1024.09,1019.59,7.0,5.56,8.0,0.6,,,,,,,,,,,,,,,,,,,,,,,,,,,,,,,,,,,,,,,,,,,,,,,,,,,,,,,,,,,,,,,,,,,,,,,,,,,,,,,,,,,,,,,,,,,,,,,,,,,,,,,,,,,,,,,,,,,,,,,,
1911,2,-129.5,48.6,5.0,5.6,7.09,5.93,15.0,0.9,16.0,0.6,4.53,5.6,6.7,5.68,15.0,1.21,16.0,0.6,3.27,3.81,4.94,4.06,7.0,0.85,22.0,0.4,54.8,68.2,91.9,71.5,7.0,18.1,22.0,0.4,2.6,4.6,8.72,5.33,15.0,2.74,16.0,0.6,-3.13,-1.57,1.99,-0.58,15.0,3.46,16.0,0.6,-1.78,1.67,6.23,1.58,15.0,4.79,16.0,0.6,1017.32,1019.5,1031.78,1021.13,15.0,9.01,16.0,0.6,2.0,4.0,8.0,4.7,15.0,2.8,16.0,0.6,-19.9,-7.2,5.2,-2.1,15.0,25.6,16.0,0.6,-11.9,4.3,43.8,9.0,15.0,39.2,16.0,0.6,-1.18,0.5,1.51,0.25,15.0,1.47,16.0,0.6,-10.3,0.5,4.4,0.0,15.0,11.0,16.0,0.6,1.06,1.33,2.34,1.59,7.0,0.65,22.0,0.4,2.2,12.4,16.5,9.9,7.0,7.6,22.0,0.4,-17.9,-10.5,11.9,-4.8,15.0,16.5,16.0,0.6,-8.9,9.9,37.7,7.3,15.0,30.3,16.0,0.6,-12.2,-7.5,-5.1,-8.3,7.0,3.5,22.0,0.4,-20.9,0.0,22.2,2.4,7.0,21.9,22.0,0.4,-5.6,-2.9,-1.1,-3.4,7.0,2.1,22.0,0.4,-15.5,0.0,11.8,-0.6,7.0,12.4,22.0,0.4,17.5,97.5,692.5,265.5,15.0,302.0,16.0,0.6,20.0,95.0,695.0,265.0,15.0,300.0,16.0,0.6
1911,2,-129.4,-45.6,,,,,,,,,,,,,,,,,,,,,,,,,,,,,,,,,9.3,9.3,9.3,9.3,2.0,0.0,28.0,1.0,7.01,7.94,8.87,7.94,2.0,1.93,28.0,1.0,1.04,3.29,5.53,3.29,2.0,4.65,28.0,1.0,1020.07,1020.45,1020.83,1020.45,2.0,0.78,28.0,1.0,,,,,,,,,,,,,,,,,,,,,,,,,,,,,,,,,,,,,,,,,,,,,,,,,,,,,,,,,,,,,,,,,,,,,,,,,,,,,,,,,,,,,,,,,,,,,,,,,,,,,,,,,,,,,,,,,,,,,,,,
1911,2,-129.4,-21.0,,,,,,,,,,,,,,,,,,,,,,,,,,,,,,,,,2.6,4.65,6.7,4.65,6.0,2.25,26.0,0.5,-5.14,-3.67,-2.29,-3.84,6.0,1.86,26.0,0.5,-4.74,-1.41,0.0,-2.05,6.0,2.19,26.0,0.5,1014.63,1016.0,1016.11,1015.46,5.0,0.95,28.0,0.4,,,,,,,,,,,,,,,,,,,,,,,,,,,,,,,,,,,,,,,,,,,,,,,,,,,,,,,,,,,,,,,,,,,,,,,,,,,,,,,,,,,,,,,,,,,,,,,,,,,,,,,,,,,,,,,,,,,,,,,,
1911,2,-129.4,-19.2,,,,,,,,,,,,,,,,,,,,,,,,,,,,,,,,,2.6,4.6,6.7,4.41,9.0,1.9,22.0,0.4,-6.17,-4.23,-2.6,-4.13,9.0,1.73,22.0,0.4,0.0,0.0,0.74,-0.21,9.0,1.81,22.0,0.4,1014.48,1015.0,1015.16,1014.83,4.0,0.57,28.0,0.5,,,,,,,,,,,,,,,,,,,,,,,,,,,,,,,,,,,,,,,,,,,,,,,,,,,,,,,,,,,,,,,,,,,,,,,,,,,,,,,,,,,,,,,,,,,,,,,,,,,,,,,,,,,,,,,,,,,,,,,,
1911,2,-129.4,-17.4,,,,,,,,,,,,,,,,,,,,,,,,,,,,,,,,,4.6,4.6,4.6,4.61,10.0,0.97,22.0,0.5,-4.6,-4.23,-4.23,-4.37,10.0,0.86,22.0,0.5,0.0,1.8,1.8,1.16,10.0,1.03,22.0,0.5,1013.63,1015.0,1015.04,1014.42,5.0,0.91,26.0,0.6,,,,,,,,,,,,,,,,,,,,,,,,,,,,,,,,,,,,,,,,,,,,,,,,,,,,,,,,,,,,,,,,,,,,,,,,,,,,,,,,,,,,,,,,,,,,,,,,,,,,,,,,,,,,,,,,,,,,,,,,
1911,2,-129.4,30.3,,,,,,,,,,,,,,,,,,,,,,,,,,,,,,,,,2.6,3.6,6.7,3.99,12.0,1.95,6.0,0.5,-2.6,-2.1,5.11,0.24,12.0,3.96,6.0,0.5,-3.5,0.0,0.26,-0.84,12.0,2.15,6.0,0.5,1009.81,1023.0,1024.16,1017.94,13.0,7.44,4.0,0.5,,,,,,,,,,,,,,,,,,,,,,,,,,,,,,,,,,,,,,,,,,,,,,,,,,,,,,,,,,,,,,,,,,,,,,,,,,,,,,,,,,,,,,,,,,,,,,,,,,,,,,,,,,,,,,,,,,,,,,,,
1911,2,-129.4,40.3,,,,,,,,,,,,,,,,,,,,,,,,,,,,,,,,,6.7,8.0,12.94,9.52,6.0,3.64,10.0,0.5,-0.95,4.42,7.1,3.26,6.0,4.94,10.0,0.5,1.99,4.83,12.23,6.49,6.0,5.84,10.0,0.5,1001.35,1009.0,1015.49,1008.02,6.0,8.12,10.0,0.5,,,,,,,,,,,,,,,,,,,,,,,,,,,,,,,,,,,,,,,,,,,,,,,,,,,,,,,,,,,,,,,,,,,,,,,,,,,,,,,,,,,,,,,,,,,,,,,,,,,,,,,,,,,,,,,,,,,,,,,,
1911,2,-129.3,-7.2,,,,,,,,,,,,,,,,,,,,,,,,,,,,,,,,,7.53,9.3,9.3,8.43,3.0,1.5,14.0,0.7,-8.56,-8.56,-5.95,-7.29,3.0,2.21,14.0,0.7,3.63,3.63,4.39,4.0,3.0,0.64,14.0,0.7,1011.48,1012.5,1013.52,1012.5,2.0,2.12,24.0,0.5,,,,,,,,,,,,,,,,,,,,,,,,,,,,,,,,,,,,,,,,,,,,,,,,,,,,,,,,,,,,,,,,,,,,,,,,,,,,,,,,,,,,,,,,,,,,,,,,,,,,,,,,,,,,,,,,,,,,,,,,
1911,2,-129.3,12.5,,,,,,,,,,,,,,,,,,,,,,,,,,,,,,,,,6.27,9.5,12.3,9.15,6.0,3.53,22.0,0.5,-8.7,-6.72,-4.43,-6.47,6.0,2.5,22.0,0.5,-8.7,-6.72,-4.43,-6.47,6.0,2.5,22.0,0.5,1012.79,1014.0,1014.21,1013.67,6.0,1.03,22.0,0.5,,,,,,,,,,,,,,,,,,,,,,,,,,,,,,,,,,,,,,,,,,,,,,,,,,,,,,,,,,,,,,,,,,,,,,,,,,,,,,,,,,,,,,,,,,,,,,,,,,,,,,,,,,,,,,,,,,,,,,,,
1911,2,-129.3,36.4,,,,,,,,,,,,,,,,,,,,,,,,,,,,,,,,,1.0,4.6,6.7,4.8,27.0,3.02,8.0,0.4,0.0,1.84,6.7,3.2,27.0,3.2,8.0,0.4,-4.56,-2.6,0.0,-2.06,27.0,2.8,8.0,0.4,1018.81,1024.0,1026.0,1022.7,25.0,3.34,6.0,0.4,,,,,,,,,,,,,,,,,,,,,,,,,,,,,,,,,,,,,,,,,,,,,,,,,,,,,,,,,,,,,,,,,,,,,,,,,,,,,,,,,,,,,,,,,,,,,,,,,,,,,,,,,,,,,,,,,,,,,,,,
1911,2,-129.2,42.5,,,,,,,,,,,,,,,,,,,,,,,,,,,,,,,,,1.43,4.6,10.22,5.07,9.0,4.34,6.0,0.3,0.19,2.41,7.23,3.33,9.0,4.01,6.0,0.3,-4.75,-3.25,0.0,-2.85,9.0,3.16,6.0,0.3,1017.27,1020.0,1023.46,1020.09,9.0,3.22,6.0,0.3,,,,,,,,,,,,,,,,,,,,,,,,,,,,,,,,,,,,,,,,,,,,,,,,,,,,,,,,,,,,,,,,,,,,,,,,,,,,,,,,,,,,,,,,,,,,,,,,,,,,,,,,,,,,,,,,,,,,,,,,
1911,2,-129.1,-31.4,,,,,,,,,,,,,,,,,,,,,,,,,,,,,,,,,2.6,4.6,6.7,4.93,7.0,1.85,6.0,0.4,-4.74,-3.25,-1.69,-3.14,7.0,1.64,6.0,0.4,2.38,4.27,4.74,3.71,7.0,1.22,6.0,0.4,1012.0,1013.9,1016.0,1013.84,7.0,1.68,6.0,0.4,,,,,,,,,,,,,,,,,,,,,,,,,,,,,,,,,,,,,,,,,,,,,,,,,,,,,,,,,,,,,,,,,,,,,,,,,,,,,,,,,,,,,,,,,,,,,,,,,,,,,,,,,,,,,,,,,,,,,,,,
1911,2,-129.1,44.1,,,,,,,,,,,,,,,,,,,,,,,,,,,,,,,,,5.27,6.7,8.47,6.87,3.0,2.35,4.0,0.7,2.82,3.48,4.25,3.53,3.0,1.05,4.0,0.7,-7.86,-6.21,-1.97,-4.94,3.0,4.45,4.0,0.7,1021.59,1025.0,1025.2,1023.43,3.0,2.98,4.0,0.7,,,,,,,,,,,,,,,,,,,,,,,,,,,,,,,,,,,,,,,,,,,,,,,,,,,,,,,,,,,,,,,,,,,,,,,,,,,,,,,,,,,,,,,,,,,,,,,,,,,,,,,,,,,,,,,,,,,,,,,,
1911,2,-129.0,-39.0,,,,,,,,,,,,,,,,,,,,,,,,,,,,,,,,,9.3,9.3,9.3,9.3,1.0,0.0,12.0,0.0,6.58,6.58,6.58,6.58,1.0,0.0,12.0,0.0,-6.58,-6.58,-6.58,-6.58,1.0,0.0,12.0,0.0,1010.0,1010.0,1010.0,1010.0,1.0,0.0,12.0,0.0,,,,,,,,,,,,,,,,,,,,,,,,,,,,,,,,,,,,,,,,,,,,,,,,,,,,,,,,,,,,,,,,,,,,,,,,,,,,,,,,,,,,,,,,,,,,,,,,,,,,,,,,,,,,,,,,,,,,,,,,
1911,2,-129.0,-37.5,,,,,,,,,,,,,,,,,,,,,,,,,,,,,,,,,9.3,9.3,9.3,9.3,1.0,0.0,12.0,1.0,6.58,6.58,6.58,6.58,1.0,0.0,12.0,1.0,-6.58,-6.58,-6.58,-6.58,1.0,0.0,12.0,1.0,1009.95,1011.0,1011.05,1010.53,4.0,1.02,10.0,0.8,,,,,,,,,,,,,,,,,,,,,,,,,,,,,,,,,,,,,,,,,,,,,,,,,,,,,,,,,,,,,,,,,,,,,,,,,,,,,,,,,,,,,,,,,,,,,,,,,,,,,,,,,,,,,,,,,,,,,,,,
1911,2,-127.7,26.3,,,,,,,,,,,,,,,,,,,,,,,,,,,,,,,,,2.6,2.6,2.6,2.6,1.0,0.0,10.0,1.0,2.41,2.41,2.41,2.41,1.0,0.0,10.0,1.0,0.97,0.97,0.97,0.97,1.0,0.0,10.0,1.0,1017.7,1017.7,1017.7,1017.7,1.0,0.0,10.0,1.0,,,,,,,,,,,,,,,,,,,,,,,,,,,,,,,,,,,,,,,,,,,,,,,,,,,,,,,,,,,,,,,,,,,,,,,,,,,,,,,,,,,,,,,,,,,,,,,,,,,,,,,,,,,,,,,,,,,,,,,,
1911,2,-127.7,28.3,,,,,,,,,,,,,,,,,,,,,,,,,,,,,,,,,4.6,4.6,4.6,4.6,1.0,0.0,10.0,1.0,-1.8,-1.8,-1.8,-1.8,1.0,0.0,10.0,1.0,-4.23,-4.23,-4.23,-4.23,1.0,0.0,10.0,1.0,1024.4,1024.4,1024.4,1024.4,1.0,0.0,10.0,1.0,,,,,,,,,,,,,,,,,,,,,,,,,,,,,,,,,,,,,,,,,,,,,,,,,,,,,,,,,,,,,,,,,,,,,,,,,,,,,,,,,,,,,,,,,,,,,,,,,,,,,,,,,,,,,,,,,,,,,,,,
1911,2,-127.6,-5.3,,,,,,,,,,,,,,,,,,,,,,,,,,,,,,,,,9.3,9.3,9.3,9.3,6.0,0.0,16.0,0.7,-6.58,-6.58,-6.58,-6.58,6.0,0.0,16.0,0.7,6.58,6.58,6.58,6.58,6.0,0.0,16.0,0.7,1009.92,1011.9,1011.97,1010.97,3.0,1.7,22.0,0.7,,,,,,,,,,,,,,,,,,,,,,,,,,,,,,,,,,,,,,,,,,,,,,,,,,,,,,,,,,,,,,,,,,,,,,,,,,,,,,,,,,,,,,,,,,,,,,,,,,,,,,,,,,,,,,,,,,,,,,,,
1911,2,-127.6,36.2,,,,,,,,,,,,,,,,,,,,,,,,,,,,,,,,,,,,,,,,,,,,,,,,,,,,,,,,,,,,,,,,,,,,,,,,,,,,,,,,,,,,,,,,,,,,,,,,,,,,,,,,,,,,,,,,,,,,,,,,,,,,,,,,,,,,,,,,,,,,,,,,,,,,,,,,,0.0,0.0,0.0,0.0,2.0,0.0,24.0,1.0,-16.5,-11.8,-7.2,-11.8,2.0,9.6,24.0,1.0,68.0,97.5,870.5,475.0,5.0,782.0,18.0,0.8,70.0,95.0,870.0,475.0,5.0,780.0,18.0,0.8
1911,2,-127.5,-51.5,,,,,,,,,,,,,,,,,,,,,,,,,,,,,,,,,4.6,5.65,16.14,9.15,6.0,6.39,10.0,0.5,4.26,5.08,6.05,5.26,6.0,1.12,10.0,0.5,-14.97,-2.77,0.36,-5.95,6.0,8.02,10.0,0.5,1012.33,1012.6,1012.87,1012.6,2.0,0.57,2.0,1.0,,,,,,,,,,,,,,,,,,,,,,,,,,,,,,,,,,,,,,,,,,,,,,,,,,,,,,,,,,,,,,,,,,,,,,,,,,,,,,,,,,,,,,,,,,,,,,,,,,,,,,,,,,,,,,,,,,,,,,,,
1911,2,-127.5,-7.0,,,,,,,,,,,,,,,,,,,,,,,,,,,,,,,,,9.3,9.3,9.3,9.3,1.0,0.0,24.0,0.0,-6.58,-6.58,-6.58,-6.58,1.0,0.0,24.0,0.0,6.58,6.58,6.58,6.58,1.0,0.0,24.0,0.0,1012.0,1012.0,1012.0,1012.0,1.0,0.0,24.0,0.0,,,,,,,,,,,,,,,,,,,,,,,,,,,,,,,,,,,,,,,,,,,,,,,,,,,,,,,,,,,,,,,,,,,,,,,,,,,,,,,,,,,,,,,,,,,,,,,,,,,,,,,,,,,,,,,,,,,,,,,,
1911,2,-127.5,36.2,11.69,12.2,12.8,12.22,5.0,0.58,18.0,0.8,11.44,11.7,14.31,12.9,5.0,2.78,18.0,0.8,6.61,7.43,8.25,7.43,2.0,1.7,24.0,1.0,70.1,71.8,73.6,71.8,2.0,3.6,24.0,1.0,3.87,4.6,8.75,6.16,5.0,3.73,18.0,0.8,0.0,0.0,1.93,0.91,5.0,1.53,18.0,0.8,-8.75,2.39,3.56,-1.81,5.0,7.34,18.0,0.8,1021.89,1026.4,1028.72,1025.33,3.0,5.08,18.0,0.7,4.5,7.0,8.0,6.2,5.0,2.5,18.0,0.8,0.0,0.0,7.6,3.8,5.0,7.0,18.0,0.8,-83.7,6.2,16.4,-31.0,5.0,72.0,18.0,0.8,-2.14,0.5,0.72,-0.68,5.0,2.48,18.0,0.8,-23.9,1.3,4.2,-10.6,5.0,28.7,18.0,0.8,0.79,1.6,2.41,1.6,2.0,1.68,24.0,1.0,7.2,11.8,16.5,11.8,2.0,9.6,24.0,1.0,0.0,0.0,22.2,10.5,5.0,17.9,18.0,0.8,-129.7,26.3,42.6,-36.0,5.0,114.8,18.0,0.8,0.0,0.0,0.0,0.0,2.0,0.0,24.0,1.0,-96.0,-74.0,-51.9,-74.0,2.0,45.6,24.0,1.0,,,,,,,,,,,,,,,,,,,,,,,,,,,,,,,,
1911,2,-127.5,48.4,5.6,6.1,7.2,6.33,13.0,0.88,14.0,0.2,4.85,5.6,6.83,5.52,12.0,1.36,12.0,0.2,3.97,4.72,5.47,4.72,2.0,1.55,18.0,0.5,67.5,78.0,88.5,78.0,2.0,21.7,18.0,0.5,2.6,4.6,9.3,5.11,13.0,2.77,14.0,0.2,-2.98,0.0,3.09,0.07,13.0,2.89,14.0,0.2,-4.02,0.0,4.31,-0.17,13.0,5.25,14.0,0.2,1005.8,1020.8,1030.89,1018.77,13.0,10.72,14.0,0.2,2.8,6.0,8.0,5.5,13.0,2.7,14.0,0.2,-15.1,0.0,14.2,-1.4,13.0,18.1,14.0,0.2,-22.4,0.0,20.7,-2.4,13.0,43.6,14.0,0.2,-0.15,0.85,1.3,0.74,12.0,1.34,12.0,0.2,-1.4,1.9,5.2,2.5,12.0,9.4,12.0,0.2,1.1,1.54,1.97,1.54,2.0,0.9,18.0,0.5,4.0,10.5,17.1,10.5,2.0,13.6,18.0,0.5,-17.3,-3.6,11.7,-2.7,12.0,14.9,12.0,0.2,-27.4,4.4,20.2,-2.7,12.0,33.8,12.0,0.2,-10.6,-8.7,-6.7,-8.7,2.0,4.0,18.0,0.5,5.0,15.8,26.6,15.8,2.0,22.4,18.0,0.5,-6.0,-3.9,-1.9,-3.9,2.0,4.2,18.0,0.5,3.0,9.5,16.0,9.5,2.0,13.4,18.0,0.5,17.5,97.5,804.5,250.5,13.0,324.5,14.0,0.2,20.0,95.0,805.0,250.0,13.0,325.0,14.0,0.2
1911,2,-127.4,-29.4,,,,,,,,,,,,,,,,,,,,,,,,,,,,,,,,,4.6,4.6,6.7,4.76,14.0,2.07,12.0,0.6,-4.64,-2.88,0.0,-2.04,14.0,2.39,12.0,0.6,-4.51,3.25,4.74,1.2,14.0,4.12,12.0,0.6,1014.0,1014.35,1015.0,1014.5,8.0,0.56,6.0,0.6,,,,,,,,,,,,,,,,,,,,,,,,,,,,,,,,,,,,,,,,,,,,,,,,,,,,,,,,,,,,,,,,,,,,,,,,,,,,,,,,,,,,,,,,,,,,,,,,,,,,,,,,,,,,,,,,,,,,,,,,
1911,2,-127.4,12.4,,,,,,,,,,,,,,,,,,,,,,,,,,,,,,,,,4.6,9.3,12.45,8.59,7.0,4.26,22.0,0.6,-8.8,-6.58,-3.25,-6.22,7.0,2.88,22.0,0.6,-8.8,-6.58,-3.18,-5.85,7.0,3.29,22.0,0.6,1012.95,1014.1,1015.05,1014.11,7.0,1.32,22.0,0.6,,,,,,,,,,,,,,,,,,,,,,,,,,,,,,,,,,,,,,,,,,,,,,,,,,,,,,,,,,,,,,,,,,,,,,,,,,,,,,,,,,,,,,,,,,,,,,,,,,,,,,,,,,,,,,,,,,,,,,,,
1911,2,-127.3,42.2,,,,,,,,,,,,,,,,,,,,,,,,,,,,,,,,,4.6,9.3,15.4,10.35,28.0,5.32,8.0,0.5,-1.8,0.0,6.47,0.64,28.0,5.48,8.0,0.5,-15.4,-8.0,-1.19,-7.6,28.0,7.01,8.0,0.5,1002.0,1019.0,1031.72,1018.0,28.0,12.28,8.0,0.5,,,,,,,,,,,,,,,,,,,,,,,,,,,,,,,,,,,,,,,,,,,,,,,,,,,,,,,,,,,,,,,,,,,,,,,,,,,,,,,,,,,,,,,,,,,,,,,,,,,,,,,,,,,,,,,,,,,,,,,,
1911,2,-127.3,44.3,,,,,,,,,,,,,,,,,,,,,,,,,,,,,,,,,2.6,12.3,15.4,9.52,17.0,5.31,12.0,0.5,-1.06,4.27,10.89,4.7,17.0,5.97,12.0,0.5,-5.57,2.39,9.91,2.42,17.0,7.69,12.0,0.5,1014.16,1019.0,1021.92,1018.67,17.0,4.77,12.0,0.5,,,,,,,,,,,,,,,,,,,,,,,,,,,,,,,,,,,,,,,,,,,,,,,,,,,,,,,,,,,,,,,,,,,,,,,,,,,,,,,,,,,,,,,,,,,,,,,,,,,,,,,,,,,,,,,,,,,,,,,,
1911,2,-127.2,-39.3,,,,,,,,,,,,,,,,,,,,,,,,,,,,,,,,,2.6,3.6,4.6,3.6,6.0,1.1,12.0,0.5,1.02,1.41,3.25,1.89,6.0,1.1,12.0,0.5,2.39,2.82,3.46,2.99,6.0,0.74,12.0,0.5,1011.59,1014.95,1016.62,1014.48,6.0,3.2,12.0,0.5,,,,,,,,,,,,,,,,,,,,,,,,,,,,,,,,,,,,,,,,,,,,,,,,,,,,,,,,,,,,,,,,,,,,,,,,,,,,,,,,,,,,,,,,,,,,,,,,,,,,,,,,,,,,,,,,,,,,,,,,
1911,2,-127.2,-31.1,,,,,,,,,,,,,,,,,,,,,,,,,,,,,,,,,0.75,2.6,5.13,2.92,12.0,2.32,22.0,0.4,-3.51,-0.5,0.18,-1.25,12.0,2.06,22.0,0.4,-2.77,-1.35,0.18,-1.12,12.0,2.71,22.0,0.4,1016.0,1016.0,1016.0,1016.0,1.0,0.0,6.0,0.0,,,,,,,,,,,,,,,,,,,,,,,,,,,,,,,,,,,,,,,,,,,,,,,,,,,,,,,,,,,,,,,,,,,,,,,,,,,,,,,,,,,,,,,,,,,,,,,,,,,,,,,,,,,,,,,,,,,,,,,,
1911,2,-127.1,-3.3,,,,,,,,,,,,,,,,,,,,,,,,,,,,,,,,,4.6,9.3,9.3,7.59,7.0,2.25,16.0,0.1,-6.67,-6.58,-3.25,-5.65,7.0,1.97,16.0,0.1,3.25,4.74,6.58,4.94,7.0,1.61,16.0,0.1,1011.48,1012.0,1012.52,1012.0,4.0,0.82,22.0,0.3,,,,,,,,,,,,,,,,,,,,,,,,,,,,,,,,,,,,,,,,,,,,,,,,,,,,,,,,,,,,,,,,,,,,,,,,,,,,,,,,,,,,,,,,,,,,,,,,,,,,,,,,,,,,,,,,,,,,,,,,
1911,2,-127.0,-27.5,,,,,,,,,,,,,,,,,,,,,,,,,,,,,,,,,2.92,3.6,4.28,3.6,2.0,1.41,4.0,0.5,-2.89,-2.11,-1.34,-2.11,2.0,1.61,4.0,0.5,2.54,2.83,3.12,2.83,2.0,0.6,4.0,0.5,1013.32,1014.0,1014.68,1014.0,2.0,1.41,4.0,0.5,,,,,,,,,,,,,,,,,,,,,,,,,,,,,,,,,,,,,,,,,,,,,,,,,,,,,,,,,,,,,,,,,,,,,,,,,,,,,,,,,,,,,,,,,,,,,,,,,,,,,,,,,,,,,,,,,,,,,,,,
1911,2,-127.0,-25.1,,,,,,,,,,,,,,,,,,,,,,,,,,,,,,,,,4.5,6.7,9.3,6.26,7.0,2.51,12.0,0.3,-8.62,-6.21,3.25,-3.05,7.0,5.56,12.0,0.3,-3.48,-2.51,3.25,-0.52,7.0,3.15,12.0,0.3,1011.0,1011.0,1011.0,1011.0,3.0,0.0,2.0,0.3,,,,,,,,,,,,,,,,,,,,,,,,,,,,,,,,,,,,,,,,,,,,,,,,,,,,,,,,,,,,,,,,,,,,,,,,,,,,,,,,,,,,,,,,,,,,,,,,,,,,,,,,,,,,,,,,,,,,,,,,
1911,2,-127.0,14.0,,,,,,,,,,,,,,,,,,,,,,,,,,,,,,,,,4.93,5.65,6.37,5.65,2.0,1.48,24.0,0.5,-5.9,-5.24,-4.57,-5.24,2.0,1.38,24.0,0.5,-2.39,-2.12,-1.85,-2.12,2.0,0.56,24.0,0.5,1013.32,1014.0,1014.68,1014.0,2.0,1.41,24.0,0.5,,,,,,,,,,,,,,,,,,,,,,,,,,,,,,,,,,,,,,,,,,,,,,,,,,,,,,,,,,,,,,,,,,,,,,,,,,,,,,,,,,,,,,,,,,,,,,,,,,,,,,,,,,,,,,,,,,,,,,,,
1911,2,-127.0,40.5,,,,,,,,,,,,,,,,,,,,,,,,,,,,,,,,,2.02,2.6,10.4,5.56,5.0,4.94,8.0,0.2,-1.54,0.0,0.0,-0.84,5.0,1.88,8.0,0.2,-10.12,1.0,2.6,-2.93,5.0,6.92,8.0,0.2,1006.63,1009.0,1025.73,1014.8,5.0,10.31,8.0,0.2,,,,,,,,,,,,,,,,,,,,,,,,,,,,,,,,,,,,,,,,,,,,,,,,,,,,,,,,,,,,,,,,,,,,,,,,,,,,,,,,,,,,,,,,,,,,,,,,,,,,,,,,,,,,,,,,,,,,,,,,
1911,2,-127.0,46.0,,,,,,,,,,,,,,,,,,,,,,,,,,,,,,,,,2.6,2.6,2.6,2.6,1.0,0.0,8.0,0.0,1.84,1.84,1.84,1.84,1.0,0.0,8.0,0.0,1.84,1.84,1.84,1.84,1.0,0.0,8.0,0.0,1021.0,1021.0,1021.0,1021.0,1.0,0.0,8.0,0.0,,,,,,,,,,,,,,,,,,,,,,,,,,,,,,,,,,,,,,,,,,,,,,,,,,,,,,,,,,,,,,,,,,,,,,,,,,,,,,,,,,,,,,,,,,,,,,,,,,,,,,,,,,,,,,,,,,,,,,,,
1911,2,-125.7,-51.7,,,,,,,,,,,,,,,,,,,,,,,,,,,,,,,,,3.9,6.7,12.64,8.23,3.0,6.54,10.0,0.0,3.48,5.77,6.04,4.78,3.0,2.06,10.0,0.0,-10.58,-2.62,-0.17,-5.31,3.0,7.97,10.0,0.0,1014.0,1014.0,1014.0,1014.0,1.0,0.0,2.0,0.0,,,,,,,,,,,,,,,,,,,,,,,,,,,,,,,,,,,,,,,,,,,,,,,,,,,,,,,,,,,,,,,,,,,,,,,,,,,,,,,,,,,,,,,,,,,,,,,,,,,,,,,,,,,,,,,,,,,,,,,,
1911,2,-125.6,36.6,,,,,,,,,,,,,,,,,,,,,,,,,,,,,,,,,,,,,,,,,,,,,,,,,,,,,,,,,,,,,,,,,,,,,,,,,,,,,,,,,,,,,,,,,,,,,,,,,,,,,,,,,,,,,,,,,,,,,,,,,,,,,,,,,,,,,,,,,,,,,,,,,,,,,,,,,3.1,6.8,10.5,6.8,2.0,7.7,24.0,0.0,-28.7,-18.6,-8.4,-18.6,2.0,21.1,24.0,0.0,1.0,17.5,301.0,291.5,17.0,601.0,20.0,0.4,0.0,20.0,300.0,290.0,17.0,600.0,20.0,0.4
1911,2,-125.5,-39.5,,,,,,,,,,,,,,,,,,,,,,,,,,,,,,,,,2.02,2.6,3.33,2.68,5.0,1.28,12.0,0.6,-2.35,0.0,0.62,-0.74,5.0,1.76,12.0,0.6,1.5,2.39,2.84,2.2,5.0,0.88,12.0,0.6,1019.63,1024.0,1024.75,1022.52,5.0,2.8,12.0,0.6,,,,,,,,,,,,,,,,,,,,,,,,,,,,,,,,,,,,,,,,,,,,,,,,,,,,,,,,,,,,,,,,,,,,,,,,,,,,,,,,,,,,,,,,,,,,,,,,,,,,,,,,,,,,,,,,,,,,,,,,
1911,2,-125.5,-27.3,,,,,,,,,,,,,,,,,,,,,,,,,,,,,,,,,2.6,4.6,4.6,3.68,13.0,1.04,14.0,0.5,-3.35,-2.6,-1.83,-2.84,13.0,0.88,14.0,0.5,0.0,1.8,3.35,1.69,13.0,1.77,14.0,0.5,1015.0,1015.5,1016.84,1015.8,6.0,0.94,4.0,0.5,,,,,,,,,,,,,,,,,,,,,,,,,,,,,,,,,,,,,,,,,,,,,,,,,,,,,,,,,,,,,,,,,,,,,,,,,,,,,,,,,,,,,,,,,,,,,,,,,,,,,,,,,,,,,,,,,,,,,,,,
1911,2,-125.5,-1.2,,,,,,,,,,,,,,,,,,,,,,,,,,,,,,,,,4.6,5.65,9.3,6.38,8.0,2.66,16.0,0.4,-7.06,-4.13,-3.28,-4.73,8.0,1.98,16.0,0.4,2.96,4.0,5.98,4.26,8.0,1.8,16.0,0.4,1011.0,1012.0,1012.37,1011.8,5.0,0.84,22.0,0.4,,,,,,,,,,,,,,,,,,,,,,,,,,,,,,,,,,,,,,,,,,,,,,,,,,,,,,,,,,,,,,,,,,,,,,,,,,,,,,,,,,,,,,,,,,,,,,,,,,,,,,,,,,,,,,,,,,,,,,,,
1911,2,-125.5,48.2,,,,,,,,,,,,,,,,,,,,,,,,,,,,,,,,,,,,,,,,,,,,,,,,,,,,,,,,,,,,,,,,,,,,,,,,,,,,,,,,,,,,,,,,,,,,,,,,,,,,,,,,,,,,,,,,,,,,,,,,,-30.2,-12.1,0.0,-14.5,16.0,13.5,16.0,0.3,-21.3,-8.1,20.0,-0.6,16.0,20.8,16.0,0.3,-20.1,-18.6,-10.3,-15.6,6.0,6.6,20.0,0.2,-8.0,-3.5,10.7,-0.4,6.0,9.5,20.0,0.2,,,,,,,,,,,,,,,,,,,,,,,,,,,,,,,,
1911,2,-125.5,48.3,5.0,6.1,7.82,6.19,16.0,1.26,16.0,0.3,4.25,5.85,6.79,5.47,18.0,1.43,16.0,0.3,2.97,3.35,4.46,3.54,6.0,0.85,20.0,0.2,56.9,61.3,76.7,63.1,6.0,13.1,20.0,0.2,,,,,,,,,,,,,,,,,,,,,,,,,,,,,,,,,,,,,,,,,,,,,,,,,,,,,,,,,-0.56,0.25,2.09,0.72,16.0,1.61,16.0,0.3,-2.2,3.8,10.0,3.7,14.0,8.4,16.0,0.3,2.09,2.32,2.61,2.4,6.0,0.4,20.0,0.2,9.5,14.3,15.9,12.8,6.0,4.2,20.0,0.2,,,,,,,,,,,,,,,,,,,,,,,,,,,,,,,,,-13.8,-11.5,-5.3,-10.2,6.0,4.2,20.0,0.2,-6.6,-1.8,8.0,-1.0,6.0,8.3,20.0,0.2,17.5,97.5,301.0,375.5,19.0,816.0,16.0,0.3,20.0,95.0,300.0,375.0,19.0,815.0,16.0,0.3
1911,2,-125.4,-33.4,,,,,,,,,,,,,,,,,,,,,,,,,,,,,,,,,1.0,4.6,6.7,4.28,12.0,2.71,12.0,0.3,-2.54,-0.35,0.99,-0.63,12.0,2.18,12.0,0.3,-4.36,0.71,5.01,0.73,12.0,4.65,12.0,0.3,1007.13,1009.5,1014.27,1010.46,10.0,3.47,2.0,0.5,,,,,,,,,,,,,,,,,,,,,,,,,,,,,,,,,,,,,,,,,,,,,,,,,,,,,,,,,,,,,,,,,,,,,,,,,,,,,,,,,,,,,,,,,,,,,,,,,,,,,,,,,,,,,,,,,,,,,,,,
1911,2,-125.4,36.4,10.4,10.6,11.69,11.06,17.0,0.9,20.0,0.3,8.8,10.3,13.23,10.82,18.0,2.16,20.0,0.3,6.99,7.31,7.64,7.31,2.0,0.67,24.0,0.0,62.6,71.0,79.3,71.0,2.0,17.2,24.0,0.0,1.0,2.6,6.7,4.16,17.0,3.77,20.0,0.4,-0.42,1.84,3.69,1.91,17.0,2.08,20.0,0.4,-6.25,-1.02,0.0,-2.82,17.0,4.0,20.0,0.4,1020.33,1025.0,1028.23,1024.33,15.0,4.05,20.0,0.4,2.0,2.5,4.0,2.8,18.0,1.2,20.0,0.3,-0.4,6.2,29.8,13.5,17.0,18.3,20.0,0.4,-41.9,-2.6,0.0,-24.9,17.0,46.3,20.0,0.4,-1.69,0.4,1.78,0.12,17.0,1.59,20.0,0.3,-3.0,0.2,3.5,-2.5,16.0,11.7,20.0,0.3,0.73,1.61,2.49,1.61,2.0,1.82,24.0,0.0,9.0,19.8,30.6,19.8,2.0,22.4,24.0,0.0,-4.7,22.1,41.6,21.3,17.0,24.7,20.0,0.4,-60.2,-9.8,0.0,-34.7,17.0,57.2,20.0,0.4,29.4,30.8,32.1,30.8,2.0,2.8,24.0,0.0,-88.3,-84.5,-80.8,-84.5,2.0,7.8,24.0,0.0,,,,,,,,,,,,,,,,,,,,,,,,,,,,,,,,
1911,2,-125.4,48.2,,,,,,,,,,,,,,,,,,,,,,,,,,,,,,,,,2.6,4.6,6.7,5.66,19.0,3.06,16.0,0.3,-5.8,-2.51,0.0,-2.84,19.0,2.59,16.0,0.3,-2.83,0.0,6.22,1.56,19.0,5.04,16.0,0.3,1014.02,1022.35,1029.28,1021.15,20.0,7.87,16.0,0.3,1.2,6.0,8.0,5.0,21.0,3.0,16.0,0.3,-39.3,-8.3,0.0,-20.3,19.0,25.2,16.0,0.3,-15.9,0.0,41.7,20.8,19.0,54.1,16.0,0.3,,,,,,,,,,,,,,,,,,,,,,,,,,,,,,,,,,,,,,,,,,,,,,,,,,,,,,,,,,,,,,,,,,,,,,,,,,,,,,,,,,,,,,,,,,,,,,,,
1911,2,-125.3,-25.5,,,,,,,,,,,,,,,,,,,,,,,,,,,,,,,,,0.0,2.6,3.11,2.02,12.0,1.63,4.0,0.5,-2.61,-0.46,0.26,-0.95,12.0,1.8,4.0,0.5,0.0,0.7,2.45,0.9,12.0,1.41,4.0,0.5,1011.75,1013.5,1016.25,1013.83,12.0,2.16,2.0,0.5,,,,,,,,,,,,,,,,,,,,,,,,,,,,,,,,,,,,,,,,,,,,,,,,,,,,,,,,,,,,,,,,,,,,,,,,,,,,,,,,,,,,,,,,,,,,,,,,,,,,,,,,,,,,,,,,,,,,,,,,
1911,2,-125.3,20.3,,,,,,,,,,,,,,,,,,,,,,,,,,,,,,,,,2.6,9.3,9.92,7.57,6.0,4.02,12.0,0.8,-8.75,-8.05,-2.28,-6.63,6.0,3.74,12.0,0.8,-4.65,-4.63,1.19,-2.62,6.0,3.14,12.0,0.8,1023.0,1023.0,1023.0,1023.0,1.0,0.0,12.0,1.0,,,,,,,,,,,,,,,,,,,,,,,,,,,,,,,,,,,,,,,,,,,,,,,,,,,,,,,,,,,,,,,,,,,,,,,,,,,,,,,,,,,,,,,,,,,,,,,,,,,,,,,,,,,,,,,,,,,,,,,,
1911,2,-125.3,38.3,,,,,,,,,,,,,,,,,,,,,,,,,,,,,,,,,4.6,9.3,9.3,7.29,8.0,2.85,18.0,0.6,0.0,0.86,3.48,1.67,8.0,1.95,18.0,0.6,-9.22,-8.34,-4.3,-6.92,8.0,2.66,18.0,0.6,1017.79,1018.5,1021.21,1019.17,6.0,1.94,22.0,0.5,,,,,,,,,,,,,,,,,,,,,,,,,,,,,,,,,,,,,,,,,,,,,,,,,,,,,,,,,,,,,,,,,,,,,,,,,,,,,,,,,,,,,,,,,,,,,,,,,,,,,,,,,,,,,,,,,,,,,,,,
1911,2,-125.3,44.4,,,,,,,,,,,,,,,,,,,,,,,,,,,,,,,,,9.3,12.3,18.94,12.55,20.0,5.26,14.0,0.6,-6.01,0.51,13.42,2.62,20.0,8.16,14.0,0.6,-13.4,1.2,9.29,0.43,20.0,10.92,14.0,0.6,1005.93,1009.0,1020.0,1011.83,21.0,7.51,12.0,0.6,,,,,,,,,,,,,,,,,,,,,,,,,,,,,,,,,,,,,,,,,,,,,,,,,,,,,,,,,,,,,,,,,,,,,,,,,,,,,,,,,,,,,,,,,,,,,,,,,,,,,,,,,,,,,,,,,,,,,,,,
1911,2,-125.2,-41.2,,,,,,,,,,,,,,,,,,,,,,,,,,,,,,,,,4.6,4.6,6.7,5.2,7.0,1.02,14.0,0.4,-4.83,-4.27,0.16,-2.69,7.0,3.41,14.0,0.4,-4.25,-1.72,0.23,-1.3,7.0,3.25,14.0,0.4,1019.0,1023.0,1025.05,1022.66,7.0,2.75,14.0,0.4,,,,,,,,,,,,,,,,,,,,,,,,,,,,,,,,,,,,,,,,,,,,,,,,,,,,,,,,,,,,,,,,,,,,,,,,,,,,,,,,,,,,,,,,,,,,,,,,,,,,,,,,,,,,,,,,,,,,,,,,
1911,2,-125.2,0.1,,,,,,,,,,,,,,,,,,,,,,,,,,,,,,,,,4.41,4.6,9.3,6.26,13.0,2.69,14.0,0.5,-6.58,-3.25,-1.84,-4.31,13.0,2.03,14.0,0.5,3.12,4.27,6.58,4.51,13.0,1.87,14.0,0.5,1010.0,1011.0,1012.0,1010.86,7.0,0.9,20.0,0.4,,,,,,,,,,,,,,,,,,,,,,,,,,,,,,,,,,,,,,,,,,,,,,,,,,,,,,,,,,,,,,,,,,,,,,,,,,,,,,,,,,,,,,,,,,,,,,,,,,,,,,,,,,,,,,,,,,,,,,,,
1911,2,-125.2,42.3,,,,,,,,,,,,,,,,,,,,,,,,,,,,,,,,,5.83,9.3,13.58,9.06,11.0,4.51,16.0,0.4,-2.55,3.48,9.71,3.16,11.0,7.04,16.0,0.4,-8.95,-4.74,3.92,-3.27,11.0,6.2,16.0,0.4,1007.43,1009.15,1019.0,1012.43,10.0,6.07,14.0,0.4,,,,,,,,,,,,,,,,,,,,,,,,,,,,,,,,,,,,,,,,,,,,,,,,,,,,,,,,,,,,,,,,,,,,,,,,,,,,,,,,,,,,,,,,,,,,,,,,,,,,,,,,,,,,,,,,,,,,,,,,
1911,2,-125.2,46.1,,,,,,,,,,,,,,,,,,,,,,,,,,,,,,,,,4.6,9.3,12.3,8.76,15.0,3.45,14.0,0.5,-3.23,0.0,11.63,2.73,15.0,7.44,14.0,0.5,-8.12,0.0,4.6,-1.56,15.0,5.31,14.0,0.5,993.65,1012.5,1021.17,1010.33,24.0,12.95,12.0,0.5,,,,,,,,,,,,,,,,,,,,,,,,,,,,,,,,,,,,,,,,,,,,,,,,,,,,,,,,,,,,,,,,,,,,,,,,,,,,,,,,,,,,,,,,,,,,,,,,,,,,,,,,,,,,,,,,,,,,,,,,
1911,2,-125.1,-35.3,,,,,,,,,,,,,,,,,,,,,,,,,,,,,,,,,1.0,2.6,5.77,3.38,29.0,2.14,22.0,0.5,-3.12,-1.0,0.87,-0.77,29.0,2.68,22.0,0.5,-2.25,0.0,1.84,-0.4,29.0,2.91,22.0,0.5,1012.63,1013.0,1013.79,1013.22,5.0,1.09,4.0,0.6,,,,,,,,,,,,,,,,,,,,,,,,,,,,,,,,,,,,,,,,,,,,,,,,,,,,,,,,,,,,,,,,,,,,,,,,,,,,,,,,,,,,,,,,,,,,,,,,,,,,,,,,,,,,,,,,,,,,,,,,
1911,2,-125.1,12.3,,,,,,,,,,,,,,,,,,,,,,,,,,,,,,,,,6.6,6.7,9.44,7.57,7.0,2.49,8.0,0.4,-6.8,-6.7,-6.09,-6.59,7.0,1.2,8.0,0.4,-6.68,0.0,0.13,-1.81,7.0,4.14,8.0,0.4,1013.48,1014.5,1015.52,1014.5,2.0,2.12,20.0,0.5,,,,,,,,,,,,,,,,,,,,,,,,,,,,,,,,,,,,,,,,,,,,,,,,,,,,,,,,,,,,,,,,,,,,,,,,,,,,,,,,,,,,,,,,,,,,,,,,,,,,,,,,,,,,,,,,,,,,,,,,
1911,2,-125.1,14.3,,,,,,,,,,,,,,,,,,,,,,,,,,,,,,,,,4.6,6.7,6.7,5.86,10.0,1.08,12.0,0.5,-6.7,-6.21,-4.41,-5.55,10.0,1.25,12.0,0.5,-2.51,-0.86,0.0,-1.25,10.0,1.37,12.0,0.5,1014.0,1014.0,1014.73,1014.35,4.0,0.7,24.0,0.5,,,,,,,,,,,,,,,,,,,,,,,,,,,,,,,,,,,,,,,,,,,,,,,,,,,,,,,,,,,,,,,,,,,,,,,,,,,,,,,,,,,,,,,,,,,,,,,,,,,,,,,,,,,,,,,,,,,,,,,,
1911,2,-125.1,40.2,,,,,,,,,,,,,,,,,,,,,,,,,,,,,,,,,5.5,12.3,15.4,10.47,10.0,4.97,24.0,0.6,-2.63,4.05,5.77,1.87,10.0,4.54,24.0,0.6,-14.28,-11.4,0.0,-8.56,10.0,6.38,24.0,0.6,1022.69,1023.5,1025.21,1023.75,6.0,1.6,24.0,0.5,,,,,,,,,,,,,,,,,,,,,,,,,,,,,,,,,,,,,,,,,,,,,,,,,,,,,,,,,,,,,,,,,,,,,,,,,,,,,,,,,,,,,,,,,,,,,,,,,,,,,,,,,,,,,,,,,,,,,,,,
1911,2,-125.0,10.5,,,,,,,,,,,,,,,,,,,,,,,,,,,,,,,,,9.78,10.8,11.82,10.8,2.0,2.12,12.0,0.5,-9.2,-9.0,-8.79,-9.0,2.0,0.43,12.0,0.5,-7.32,-4.35,-1.38,-4.35,2.0,6.15,12.0,0.5,1015.0,1015.0,1015.0,1015.0,1.0,0.0,20.0,0.0,,,,,,,,,,,,,,,,,,,,,,,,,,,,,,,,,,,,,,,,,,,,,,,,,,,,,,,,,,,,,,,,,,,,,,,,,,,,,,,,,,,,,,,,,,,,,,,,,,,,,,,,,,,,,,,,,,,,,,,,
1911,2,-125.0,16.4,,,,,,,,,,,,,,,,,,,,,,,,,,,,,,,,,2.6,3.6,5.8,4.42,10.0,3.2,2.0,0.3,-5.64,-2.5,-0.4,-3.39,10.0,3.46,2.0,0.3,-3.74,0.0,1.46,-0.51,10.0,2.64,2.0,0.3,1017.23,1019.0,1019.68,1018.47,3.0,1.86,14.0,0.7,,,,,,,,,,,,,,,,,,,,,,,,,,,,,,,,,,,,,,,,,,,,,,,,,,,,,,,,,,,,,,,,,,,,,,,,,,,,,,,,,,,,,,,,,,,,,,,,,,,,,,,,,,,,,,,,,,,,,,,,
1911,2,-125.0,18.3,,,,,,,,,,,,,,,,,,,,,,,,,,,,,,,,,3.14,4.6,10.79,6.33,9.0,3.68,6.0,0.4,-10.14,-2.6,0.77,-4.03,9.0,5.14,6.0,0.4,-4.61,-4.23,0.0,-2.86,9.0,2.18,6.0,0.4,1022.0,1022.0,1022.0,1022.0,2.0,0.0,14.0,0.0,,,,,,,,,,,,,,,,,,,,,,,,,,,,,,,,,,,,,,,,,,,,,,,,,,,,,,,,,,,,,,,,,,,,,,,,,,,,,,,,,,,,,,,,,,,,,,,,,,,,,,,,,,,,,,,,,,,,,,,,
1911,2,-125.0,34.4,,,,,,,,,,,,,,,,,,,,,,,,,,,,,,,,,2.6,6.7,7.24,5.77,6.0,2.65,22.0,0.5,-1.02,0.0,0.0,-0.34,6.0,0.52,22.0,0.5,-7.24,-6.7,-2.39,-5.7,6.0,2.75,22.0,0.5,1028.0,1030.0,1031.52,1029.9,6.0,1.78,22.0,0.5,,,,,,,,,,,,,,,,,,,,,,,,,,,,,,,,,,,,,,,,,,,,,,,,,,,,,,,,,,,,,,,,,,,,,,,,,,,,,,,,,,,,,,,,,,,,,,,,,,,,,,,,,,,,,,,,,,,,,,,,
1911,2,-123.7,28.8,,,,,,,,,,,,,,,,,,,,,,,,,,,,,,,,,9.3,9.3,9.3,9.3,1.0,0.0,24.0,1.0,3.48,3.48,3.48,3.48,1.0,0.0,24.0,1.0,-8.62,-8.62,-8.62,-8.62,1.0,0.0,24.0,1.0,1024.2,1024.2,1024.2,1024.2,1.0,0.0,24.0,1.0,,,,,,,,,,,,,,,,,,,,,,,,,,,,,,,,,,,,,,,,,,,,,,,,,,,,,,,,,,,,,,,,,,,,,,,,,,,,,,,,,,,,,,,,,,,,,,,,,,,,,,,,,,,,,,,,,,,,,,,,
1911,2,-123.6,32.3,,,,,,,,,,,,,,,,,,,,,,,,,,,,,,,,,6.7,8.0,9.3,8.0,4.0,1.5,24.0,0.8,1.19,2.51,3.02,2.13,4.0,1.49,24.0,0.8,-8.98,-7.42,-6.21,-7.59,4.0,1.61,24.0,0.8,1023.29,1024.85,1025.0,1024.18,4.0,1.46,24.0,0.8,,,,,,,,,,,,,,,,,,,,,,,,,,,,,,,,,,,,,,,,,,,,,,,,,,,,,,,,,,,,,,,,,,,,,,,,,,,,,,,,,,,,,,,,,,,,,,,,,,,,,,,,,,,,,,,,,,,,,,,,
1911,2,-123.5,-41.5,,,,,,,,,,,,,,,,,,,,,,,,,,,,,,,,,4.6,4.6,4.6,4.6,2.0,0.0,14.0,0.0,3.47,3.93,4.39,3.93,2.0,0.95,14.0,0.0,-2.74,-1.63,-0.52,-1.63,2.0,2.3,14.0,0.0,1016.32,1017.0,1017.68,1017.0,2.0,1.41,14.0,0.0,,,,,,,,,,,,,,,,,,,,,,,,,,,,,,,,,,,,,,,,,,,,,,,,,,,,,,,,,,,,,,,,,,,,,,,,,,,,,,,,,,,,,,,,,,,,,,,,,,,,,,,,,,,,,,,,,,,,,,,,
1911,2,-123.5,-33.4,,,,,,,,,,,,,,,,,,,,,,,,,,,,,,,,,1.0,2.6,9.3,3.91,12.0,3.42,18.0,0.5,-2.68,-1.66,-0.53,-1.92,12.0,1.83,18.0,0.5,-0.55,1.02,7.1,2.56,12.0,3.71,18.0,0.5,1006.63,1007.0,1008.37,1007.4,5.0,1.14,2.0,0.4,,,,,,,,,,,,,,,,,,,,,,,,,,,,,,,,,,,,,,,,,,,,,,,,,,,,,,,,,,,,,,,,,,,,,,,,,,,,,,,,,,,,,,,,,,,,,,,,,,,,,,,,,,,,,,,,,,,,,,,,
1911,2,-123.5,30.3,,,,,,,,,,,,,,,,,,,,,,,,,,,,,,,,,6.7,6.7,6.7,6.7,4.0,0.0,24.0,0.3,2.51,2.51,2.51,2.51,4.0,0.0,24.0,0.3,-6.21,-6.21,-6.21,-6.21,4.0,0.0,24.0,0.3,1022.95,1024.0,1024.0,1023.5,4.0,1.0,24.0,0.3,,,,,,,,,,,,,,,,,,,,,,,,,,,,,,,,,,,,,,,,,,,,,,,,,,,,,,,,,,,,,,,,,,,,,,,,,,,,,,,,,,,,,,,,,,,,,,,,,,,,,,,,,,,,,,,,,,,,,,,,
1911,2,-123.5,36.8,,,,,,,,,,,,,,,,,,,,,,,,,,,,,,,,,,,,,,,,,,,,,,,,,,,,,,,,,,,,,,,,,,,,,,,,,,,,,,,,,,,,,,,,,,,,,,,,,,,,,,,,,,,,,,,,,,,,,,,,,,,,,,,,,,,,,,,,,,,,,,,,,,,,,,,,,2.9,3.2,3.5,3.2,2.0,0.6,24.0,0.0,-9.6,-8.8,-8.0,-8.8,2.0,1.6,24.0,0.0,17.5,97.5,97.5,91.5,9.0,89.0,18.0,0.3,20.0,95.0,95.0,90.0,9.0,90.0,18.0,0.3
1911,2,-123.5,38.0,,,,,,,,,,,,,,,,,,,,,,,,,,,,,,,,,3.23,4.6,4.6,3.93,3.0,1.15,18.0,0.3,1.21,1.72,2.77,1.98,3.0,1.16,18.0,0.3,-3.94,-3.25,-2.68,-3.31,3.0,0.93,18.0,0.3,1021.16,1021.5,1021.84,1021.5,2.0,0.71,24.0,0.5,,,,,,,,,,,,,,,,,,,,,,,,,,,,,,,,,,,,,,,,,,,,,,,,,,,,,,,,,,,,,,,,,,,,,,,,,,,,,,,,,,,,,,,,,,,,,,,,,,,,,,,,,,,,,,,,,,,,,,,,
1911,2,-123.5,48.1,6.13,6.2,6.54,6.33,3.0,0.32,22.0,0.3,5.62,6.1,7.26,6.43,3.0,1.23,22.0,0.3,2.85,3.03,3.22,3.03,2.0,0.39,22.0,0.5,48.5,49.5,50.5,49.5,2.0,2.2,22.0,0.5,,,,,,,,,,,,,,,,,,,,,,,,,,,,,,,,,0.6,2.0,2.0,1.3,3.0,1.2,22.0,0.3,-6.4,-6.4,-6.4,-6.4,1.0,0.0,18.0,0.0,2.3,2.3,2.3,2.3,1.0,0.0,18.0,0.0,-0.75,0.0,0.55,-0.1,3.0,0.95,22.0,0.3,-2.9,-2.9,-2.9,-2.9,1.0,0.0,18.0,0.0,2.76,2.86,2.96,2.86,2.0,0.21,22.0,0.5,7.1,7.1,7.1,7.1,1.0,0.0,18.0,0.0,,,,,,,,,,,,,,,,,,,,,,,,,,,,,,,,,,,,,,,,,,,,,,,,,,,,,,,,,,,,,,,,
1911,2,-123.4,-51.6,,,,,,,,,,,,,,,,,,,,,,,,,,,,,,,,,3.87,9.8,16.71,10.28,5.0,6.96,12.0,0.4,2.95,9.8,11.82,7.96,5.0,4.87,12.0,0.4,-11.82,-3.25,0.36,-5.32,5.0,6.5,12.0,0.4,1016.0,1016.0,1016.0,1016.0,2.0,0.0,2.0,0.0,,,,,,,,,,,,,,,,,,,,,,,,,,,,,,,,,,,,,,,,,,,,,,,,,,,,,,,,,,,,,,,,,,,,,,,,,,,,,,,,,,,,,,,,,,,,,,,,,,,,,,,,,,,,,,,,,,,,,,,,
1911,2,-123.4,48.1,,,,,,,,,,,,,,,,,,,,,,,,,,,,,,,,,2.6,2.6,2.6,2.6,1.0,0.0,18.0,0.0,-2.44,-2.44,-2.44,-2.44,1.0,0.0,18.0,0.0,0.89,0.89,0.89,0.89,1.0,0.0,18.0,0.0,1022.72,1023.2,1023.68,1023.2,2.0,0.99,22.0,0.5,,,,,,,,,,,,,,,,,,,,,,,,,,,,,,,,,,,,,,,,,,,,,,,,,,,,,,,,,-19.1,-19.1,-19.1,-19.1,1.0,0.0,18.0,0.0,6.9,6.9,6.9,6.9,1.0,0.0,18.0,0.0,-8.1,-8.1,-8.1,-8.1,1.0,0.0,18.0,0.0,2.9,2.9,2.9,2.9,1.0,0.0,18.0,0.0,-6.6,-6.6,-6.6,-6.6,1.0,0.0,18.0,0.0,2.4,2.4,2.4,2.4,1.0,0.0,18.0,0.0,17.5,17.5,17.5,17.5,1.0,0.0,18.0,0.0,20.0,20.0,20.0,20.0,1.0,0.0,18.0,0.0
1911,2,-123.3,2.2,,,,,,,,,,,,,,,,,,,,,,,,,,,,,,,,,4.0,4.6,9.3,5.34,18.0,2.47,12.0,0.6,-6.58,-4.23,-2.99,-4.32,18.0,1.75,12.0,0.6,0.0,1.82,6.58,2.66,18.0,2.45,12.0,0.6,1009.59,1010.65,1011.21,1010.38,6.0,1.36,20.0,0.5,,,,,,,,,,,,,,,,,,,,,,,,,,,,,,,,,,,,,,,,,,,,,,,,,,,,,,,,,,,,,,,,,,,,,,,,,,,,,,,,,,,,,,,,,,,,,,,,,,,,,,,,,,,,,,,,,,,,,,,,
1911,2,-123.3,14.3,,,,,,,,,,,,,,,,,,,,,,,,,,,,,,,,,4.6,6.7,9.92,7.37,6.0,2.98,20.0,0.2,-9.2,-4.74,-3.25,-6.0,6.0,3.3,20.0,0.2,-4.74,-4.05,-3.25,-4.01,6.0,0.75,20.0,0.2,1013.0,1016.0,1016.05,1015.14,7.0,1.57,20.0,0.1,,,,,,,,,,,,,,,,,,,,,,,,,,,,,,,,,,,,,,,,,,,,,,,,,,,,,,,,,,,,,,,,,,,,,,,,,,,,,,,,,,,,,,,,,,,,,,,,,,,,,,,,,,,,,,,,,,,,,,,,
1911,2,-123.3,36.5,10.91,11.55,12.2,11.55,8.0,0.67,18.0,0.4,9.05,11.8,12.15,10.83,9.0,1.99,18.0,0.3,5.01,5.79,6.58,5.79,2.0,1.63,24.0,0.0,56.2,62.3,68.5,62.3,2.0,12.7,24.0,0.0,,,,,,,,,,,,,,,,,,,,,,,,,,,,,,,,,,,,,,,,,,,,,,,,,,,,,,,,,0.0,0.7,1.79,0.84,8.0,1.56,18.0,0.4,0.0,2.9,11.6,4.3,8.0,7.6,18.0,0.4,2.14,2.93,3.71,2.93,2.0,1.63,24.0,0.0,8.6,9.4,10.2,9.4,2.0,1.7,24.0,0.0,,,,,,,,,,,,,,,,,,,,,,,,,,,,,,,,,,,,,,,,,,,,,,,,,,,,,,,,,,,,,,,,
1911,2,-123.2,-43.1,,,,,,,,,,,,,,,,,,,,,,,,,,,,,,,,,5.27,6.7,6.7,6.0,3.0,1.21,14.0,1.0,3.13,4.23,5.58,4.35,3.0,1.8,14.0,1.0,-0.43,2.51,5.01,2.29,3.0,3.99,14.0,1.0,1015.86,1016.0,1016.0,1015.93,3.0,0.12,14.0,1.0,,,,,,,,,,,,,,,,,,,,,,,,,,,,,,,,,,,,,,,,,,,,,,,,,,,,,,,,,,,,,,,,,,,,,,,,,,,,,,,,,,,,,,,,,,,,,,,,,,,,,,,,,,,,,,,,,,,,,,,,
1911,2,-123.2,-37.4,,,,,,,,,,,,,,,,,,,,,,,,,,,,,,,,,2.6,4.6,6.82,5.3,7.0,2.43,4.0,0.4,-3.25,-2.62,-1.75,-2.2,7.0,1.13,4.0,0.4,-6.32,-3.25,-1.84,-4.55,7.0,2.76,4.0,0.4,1014.9,1017.9,1019.1,1017.41,7.0,2.7,4.0,0.4,,,,,,,,,,,,,,,,,,,,,,,,,,,,,,,,,,,,,,,,,,,,,,,,,,,,,,,,,,,,,,,,,,,,,,,,,,,,,,,,,,,,,,,,,,,,,,,,,,,,,,,,,,,,,,,,,,,,,,,,
1911,2,-123.2,0.5,,,,,,,,,,,,,,,,,,,,,,,,,,,,,,,,,4.6,4.6,5.57,5.38,6.0,1.92,10.0,0.3,-4.72,-4.23,-3.25,-4.3,6.0,1.22,10.0,0.3,1.8,2.53,3.94,3.08,6.0,1.86,10.0,0.3,1010.32,1011.0,1011.68,1011.0,2.0,1.41,20.0,0.0,,,,,,,,,,,,,,,,,,,,,,,,,,,,,,,,,,,,,,,,,,,,,,,,,,,,,,,,,,,,,,,,,,,,,,,,,,,,,,,,,,,,,,,,,,,,,,,,,,,,,,,,,,,,,,,,,,,,,,,,
1911,2,-123.2,8.4,,,,,,,,,,,,,,,,,,,,,,,,,,,,,,,,,2.6,9.3,12.3,8.11,9.0,4.54,10.0,0.3,-12.3,-8.56,-2.6,-8.03,9.0,4.52,10.0,0.3,0.0,0.0,0.0,0.4,9.0,1.21,10.0,0.3,1011.32,1012.0,1013.37,1012.33,3.0,1.53,16.0,0.3,,,,,,,,,,,,,,,,,,,,,,,,,,,,,,,,,,,,,,,,,,,,,,,,,,,,,,,,,,,,,,,,,,,,,,,,,,,,,,,,,,,,,,,,,,,,,,,,,,,,,,,,,,,,,,,,,,,,,,,,
1911,2,-123.2,10.4,,,,,,,,,,,,,,,,,,,,,,,,,,,,,,,,,4.6,9.3,12.3,8.26,13.0,3.6,12.0,0.5,-9.3,-8.62,-4.6,-7.23,13.0,2.69,12.0,0.5,-8.7,0.0,1.27,-1.55,13.0,4.52,12.0,0.5,1011.91,1012.5,1014.87,1013.0,8.0,1.72,16.0,0.5,,,,,,,,,,,,,,,,,,,,,,,,,,,,,,,,,,,,,,,,,,,,,,,,,,,,,,,,,,,,,,,,,,,,,,,,,,,,,,,,,,,,,,,,,,,,,,,,,,,,,,,,,,,,,,,,,,,,,,,,
1911,2,-123.2,22.3,,,,,,,,,,,,,,,,,,,,,,,,,,,,,,,,,6.7,6.7,6.7,6.7,1.0,0.0,28.0,1.0,-6.21,-6.21,-6.21,-6.21,1.0,0.0,28.0,1.0,-2.51,-2.51,-2.51,-2.51,1.0,0.0,28.0,1.0,1018.6,1018.6,1018.6,1018.6,1.0,0.0,28.0,1.0,,,,,,,,,,,,,,,,,,,,,,,,,,,,,,,,,,,,,,,,,,,,,,,,,,,,,,,,,,,,,,,,,,,,,,,,,,,,,,,,,,,,,,,,,,,,,,,,,,,,,,,,,,,,,,,,,,,,,,,,
1911,2,-123.2,24.5,,,,,,,,,,,,,,,,,,,,,,,,,,,,,,,,,1.57,2.8,4.03,2.8,2.0,2.55,26.0,1.0,-1.66,-1.36,-1.07,-1.36,2.0,0.62,26.0,1.0,-3.62,-2.3,-0.99,-2.3,2.0,2.73,26.0,1.0,1017.51,1017.95,1018.39,1017.95,2.0,0.92,26.0,1.0,,,,,,,,,,,,,,,,,,,,,,,,,,,,,,,,,,,,,,,,,,,,,,,,,,,,,,,,,,,,,,,,,,,,,,,,,,,,,,,,,,,,,,,,,,,,,,,,,,,,,,,,,,,,,,,,,,,,,,,,
1911,2,-123.2,26.8,,,,,,,,,,,,,,,,,,,,,,,,,,,,,,,,,4.6,4.6,4.6,4.6,1.0,0.0,26.0,1.0,-1.8,-1.8,-1.8,-1.8,1.0,0.0,26.0,1.0,-4.23,-4.23,-4.23,-4.23,1.0,0.0,26.0,1.0,1022.6,1022.6,1022.6,1022.6,1.0,0.0,26.0,1.0,,,,,,,,,,,,,,,,,,,,,,,,,,,,,,,,,,,,,,,,,,,,,,,,,,,,,,,,,,,,,,,,,,,,,,,,,,,,,,,,,,,,,,,,,,,,,,,,,,,,,,,,,,,,,,,,,,,,,,,,
1911,2,-123.2,36.5,,,,,,,,,,,,,,,,,,,,,,,,,,,,,,,,,2.6,4.6,4.6,3.99,9.0,1.66,18.0,0.3,0.76,1.72,2.87,1.83,9.0,1.42,18.0,0.3,-4.53,-4.27,-2.0,-3.38,9.0,1.42,18.0,0.3,1017.79,1018.5,1022.76,1019.62,6.0,2.58,22.0,0.3,0.0,2.0,2.0,1.2,9.0,1.0,18.0,0.3,1.1,7.2,13.1,8.6,9.0,9.8,18.0,0.3,-20.8,-19.6,-5.2,-15.4,9.0,9.8,18.0,0.3,,,,,,,,,,,,,,,,,,,,,,,,,,,,,,,,,9.0,16.9,34.2,19.8,9.0,14.0,18.0,0.3,-43.1,-38.4,-24.1,-35.4,9.0,14.5,18.0,0.3,5.2,7.5,9.8,7.5,2.0,4.8,24.0,0.0,-27.1,-20.7,-14.3,-20.7,2.0,13.2,24.0,0.0,,,,,,,,,,,,,,,,,,,,,,,,,,,,,,,,
1911,2,-123.2,46.8,,,,,,,,,,,,,,,,,,,,,,,,,,,,,,,,,2.92,3.6,4.28,3.6,2.0,1.41,20.0,0.0,-1.59,0.26,2.1,0.26,2.0,3.82,20.0,0.0,-3.11,-2.21,-1.31,-2.21,2.0,1.86,20.0,0.0,1025.14,1029.3,1033.46,1029.3,2.0,8.63,20.0,0.0,2.8,4.5,6.2,4.5,2.0,3.5,20.0,0.0,-3.2,3.6,10.4,3.6,2.0,14.1,20.0,0.0,-14.0,-9.3,-4.5,-9.3,2.0,9.8,20.0,0.0,,,,,,,,,,,,,,,,,,,,,,,,,,,,,,,,,-9.4,-0.3,8.8,-0.3,2.0,18.9,20.0,0.0,-13.8,-10.2,-6.7,-10.2,2.0,7.4,20.0,0.0,-4.4,2.0,8.4,2.0,2.0,13.3,20.0,0.0,-11.9,-8.1,-4.4,-8.1,2.0,7.7,20.0,0.0,,,,,,,,,,,,,,,,,,,,,,,,,,,,,,,,
1911,2,-123.1,4.1,,,,,,,,,,,,,,,,,,,,,,,,,,,,,,,,,4.6,4.6,5.7,5.13,4.0,1.05,14.0,0.5,-4.03,-3.25,-3.25,-3.62,4.0,0.74,14.0,0.5,3.25,3.25,4.03,3.62,4.0,0.74,14.0,0.5,1011.22,1011.7,1012.18,1011.7,2.0,0.99,18.0,1.0,,,,,,,,,,,,,,,,,,,,,,,,,,,,,,,,,,,,,,,,,,,,,,,,,,,,,,,,,,,,,,,,,,,,,,,,,,,,,,,,,,,,,,,,,,,,,,,,,,,,,,,,,,,,,,,,,,,,,,,,
1911,2,-123.1,12.3,,,,,,,,,,,,,,,,,,,,,,,,,,,,,,,,,5.93,9.3,10.4,8.44,5.0,2.92,12.0,0.8,-10.4,-8.62,-5.93,-8.3,5.0,2.89,12.0,0.8,-1.27,0.0,0.0,-0.7,5.0,1.56,12.0,0.8,1011.0,1012.0,1014.05,1012.5,4.0,1.91,14.0,0.8,,,,,,,,,,,,,,,,,,,,,,,,,,,,,,,,,,,,,,,,,,,,,,,,,,,,,,,,,,,,,,,,,,,,,,,,,,,,,,,,,,,,,,,,,,,,,,,,,,,,,,,,,,,,,,,,,,,,,,,,
1911,2,-121.7,-51.7,,,,,,,,,,,,,,,,,,,,,,,,,,,,,,,,,2.81,6.7,15.1,8.9,3.0,9.2,10.0,1.0,-0.57,0.0,9.17,4.2,3.0,8.01,10.0,1.0,-11.3,-6.7,-1.74,-6.53,3.0,7.0,10.0,1.0,1019.0,1019.0,1019.0,1019.0,1.0,0.0,2.0,1.0,,,,,,,,,,,,,,,,,,,,,,,,,,,,,,,,,,,,,,,,,,,,,,,,,,,,,,,,,,,,,,,,,,,,,,,,,,,,,,,,,,,,,,,,,,,,,,,,,,,,,,,,,,,,,,,,,,,,,,,,
1911,2,-121.6,8.1,,,,,,,,,,,,,,,,,,,,,,,,,,,,,,,,,3.87,4.6,4.6,4.2,5.0,0.89,12.0,0.8,-4.6,-4.6,-3.66,-4.13,5.0,0.87,12.0,0.8,-0.63,0.0,0.0,-0.34,5.0,0.77,12.0,0.8,1013.03,1013.1,1014.4,1013.7,3.0,1.13,18.0,0.3,,,,,,,,,,,,,,,,,,,,,,,,,,,,,,,,,,,,,,,,,,,,,,,,,,,,,,,,,,,,,,,,,,,,,,,,,,,,,,,,,,,,,,,,,,,,,,,,,,,,,,,,,,,,,,,,,,,,,,,,
1911,2,-121.5,4.4,,,,,,,,,,,,,,,,,,,,,,,,,,,,,,,,,2.6,2.6,3.33,3.0,5.0,0.89,18.0,0.4,-2.35,-1.84,-1.84,-2.12,5.0,0.63,18.0,0.4,1.84,1.84,2.35,2.12,5.0,0.63,18.0,0.4,1011.48,1012.0,1013.05,1012.25,4.0,1.26,18.0,0.3,,,,,,,,,,,,,,,,,,,,,,,,,,,,,,,,,,,,,,,,,,,,,,,,,,,,,,,,,,,,,,,,,,,,,,,,,,,,,,,,,,,,,,,,,,,,,,,,,,,,,,,,,,,,,,,,,,,,,,,,
1911,2,-121.5,6.2,,,,,,,,,,,,,,,,,,,,,,,,,,,,,,,,,2.6,6.7,9.3,6.34,7.0,3.09,14.0,0.4,-8.66,-6.7,-2.41,-6.09,7.0,2.96,14.0,0.4,-1.09,0.0,0.17,-0.26,7.0,2.11,14.0,0.4,1012.32,1013.0,1013.0,1012.67,3.0,0.58,18.0,0.7,,,,,,,,,,,,,,,,,,,,,,,,,,,,,,,,,,,,,,,,,,,,,,,,,,,,,,,,,,,,,,,,,,,,,,,,,,,,,,,,,,,,,,,,,,,,,,,,,,,,,,,,,,,,,,,,,,,,,,,,
1911,2,-121.5,14.5,,,,,,,,,,,,,,,,,,,,,,,,,,,,,,,,,6.7,6.7,6.7,6.7,1.0,0.0,24.0,1.0,-4.74,-4.74,-4.74,-4.74,1.0,0.0,24.0,1.0,-4.74,-4.74,-4.74,-4.74,1.0,0.0,24.0,1.0,1014.0,1014.0,1014.0,1014.0,1.0,0.0,24.0,1.0,,,,,,,,,,,,,,,,,,,,,,,,,,,,,,,,,,,,,,,,,,,,,,,,,,,,,,,,,,,,,,,,,,,,,,,,,,,,,,,,,,,,,,,,,,,,,,,,,,,,,,,,,,,,,,,,,,,,,,,,
1911,2,-121.5,36.0,,,,,,,,,,,,,,,,,,,,,,,,,,,,,,,,,4.6,4.6,4.6,4.6,1.0,0.0,20.0,1.0,3.25,3.25,3.25,3.25,1.0,0.0,20.0,1.0,-3.25,-3.25,-3.25,-3.25,1.0,0.0,20.0,1.0,1019.0,1019.0,1019.0,1019.0,1.0,0.0,20.0,1.0,,,,,,,,,,,,,,,,,,,,,,,,,,,,,,,,,,,,,,,,,,,,,,,,,,,,,,,,,,,,,,,,,,,,,,,,,,,,,,,,,,,,,,,,,,,,,,,,,,,,,,,,,,,,,,,,,,,,,,,,
1911,2,-121.4,-45.2,,,,,,,,,,,,,,,,,,,,,,,,,,,,,,,,,4.6,4.6,4.6,4.6,5.0,0.0,2.0,0.6,-4.6,-4.6,-3.88,-4.26,5.0,0.58,2.0,0.6,0.0,0.0,2.33,1.01,5.0,1.48,2.0,0.6,1026.21,1027.0,1028.0,1026.98,5.0,1.23,2.0,0.6,,,,,,,,,,,,,,,,,,,,,,,,,,,,,,,,,,,,,,,,,,,,,,,,,,,,,,,,,,,,,,,,,,,,,,,,,,,,,,,,,,,,,,,,,,,,,,,,,,,,,,,,,,,,,,,,,,,,,,,,
1911,2,-121.4,-39.2,,,,,,,,,,,,,,,,,,,,,,,,,,,,,,,,,1.69,2.6,7.29,4.12,10.0,3.73,6.0,0.6,-0.58,0.84,6.71,2.48,10.0,4.31,6.0,0.6,-3.19,-2.12,-1.34,-2.3,10.0,1.21,6.0,0.6,1008.27,1015.0,1018.74,1013.86,10.0,5.51,6.0,0.6,,,,,,,,,,,,,,,,,,,,,,,,,,,,,,,,,,,,,,,,,,,,,,,,,,,,,,,,,,,,,,,,,,,,,,,,,,,,,,,,,,,,,,,,,,,,,,,,,,,,,,,,,,,,,,,,,,,,,,,,
1911,2,-121.4,16.1,,,,,,,,,,,,,,,,,,,,,,,,,,,,,,,,,7.11,8.0,8.89,8.0,2.0,1.84,22.0,1.0,-6.28,-5.66,-5.03,-5.66,2.0,1.3,22.0,1.0,-6.28,-5.66,-5.03,-5.66,2.0,1.3,22.0,1.0,1016.65,1017.2,1017.75,1017.2,2.0,1.13,22.0,1.0,,,,,,,,,,,,,,,,,,,,,,,,,,,,,,,,,,,,,,,,,,,,,,,,,,,,,,,,,,,,,,,,,,,,,,,,,,,,,,,,,,,,,,,,,,,,,,,,,,,,,,,,,,,,,,,,,,,,,,,,
1911,2,-121.3,34.3,,,,,,,,,,,,,,,,,,,,,,,,,,,,,,,,,5.27,6.7,8.47,6.87,3.0,2.35,20.0,0.0,3.72,4.74,5.99,4.86,3.0,1.66,20.0,0.0,-5.99,-4.74,-3.72,-4.86,3.0,1.66,20.0,0.0,1018.32,1019.0,1019.0,1018.67,3.0,0.58,20.0,0.0,,,,,,,,,,,,,,,,,,,,,,,,,,,,,,,,,,,,,,,,,,,,,,,,,,,,,,,,,,,,,,,,,,,,,,,,,,,,,,,,,,,,,,,,,,,,,,,,,,,,,,,,,,,,,,,,,,,,,,,,
1911,2,-121.2,-43.4,,,,,,,,,,,,,,,,,,,,,,,,,,,,,,,,,4.6,4.6,6.13,4.84,9.0,1.24,8.0,0.3,-3.05,1.8,3.25,0.31,9.0,3.35,8.0,0.3,2.14,3.25,4.61,3.54,9.0,1.57,8.0,0.3,1015.0,1016.0,1022.73,1018.13,9.0,3.98,8.0,0.3,,,,,,,,,,,,,,,,,,,,,,,,,,,,,,,,,,,,,,,,,,,,,,,,,,,,,,,,,,,,,,,,,,,,,,,,,,,,,,,,,,,,,,,,,,,,,,,,,,,,,,,,,,,,,,,,,,,,,,,,
1911,2,-121.2,10.0,,,,,,,,,,,,,,,,,,,,,,,,,,,,,,,,,12.3,12.3,12.3,12.3,2.0,0.0,18.0,0.5,-8.7,-8.7,-8.7,-8.7,2.0,0.0,18.0,0.5,-8.7,-8.7,-8.7,-8.7,2.0,0.0,18.0,0.5,1015.48,1016.5,1017.52,1016.5,2.0,2.12,18.0,0.5,,,,,,,,,,,,,,,,,,,,,,,,,,,,,,,,,,,,,,,,,,,,,,,,,,,,,,,,,,,,,,,,,,,,,,,,,,,,,,,,,,,,,,,,,,,,,,,,,,,,,,,,,,,,,,,,,,,,,,,,
1911,2,-121.0,32.5,,,,,,,,,,,,,,,,,,,,,,,,,,,,,,,,,9.3,9.3,9.3,9.3,2.0,0.0,18.0,1.0,6.58,6.58,6.58,6.58,2.0,0.0,18.0,1.0,-6.58,-6.58,-6.58,-6.58,2.0,0.0,18.0,1.0,1018.32,1019.0,1019.68,1019.0,2.0,1.41,18.0,1.0,,,,,,,,,,,,,,,,,,,,,,,,,,,,,,,,,,,,,,,,,,,,,,,,,,,,,,,,,,,,,,,,,,,,,,,,,,,,,,,,,,,,,,,,,,,,,,,,,,,,,,,,,,,,,,,,,,,,,,,,
1911,2,-119.7,32.2,,,,,,,,,,,,,,,,,,,,,,,,,,,,,,,,,6.7,6.7,6.7,6.7,3.0,0.0,18.0,0.3,4.74,4.74,4.74,4.74,3.0,0.0,18.0,0.3,-4.74,-4.74,-4.74,-4.74,3.0,0.0,18.0,0.3,1016.03,1017.75,1019.46,1017.83,10.0,1.72,22.0,0.6,,,,,,,,,,,,,,,,,,,,,,,,,,,,,,,,,,,,,,,,,,,,,,,,,,,,,,,,,,,,,,,,,,,,,,,,,,,,,,,,,,,,,,,,,,,,,,,,,,,,,,,,,,,,,,,,,,,,,,,,
1911,2,-119.5,-43.5,,,,,,,,,,,,,,,,,,,,,,,,,,,,,,,,,6.7,6.7,6.7,6.7,1.0,0.0,16.0,1.0,4.74,4.74,4.74,4.74,1.0,0.0,16.0,1.0,-4.74,-4.74,-4.74,-4.74,1.0,0.0,16.0,1.0,1010.0,1010.0,1010.0,1010.0,1.0,0.0,16.0,1.0,,,,,,,,,,,,,,,,,,,,,,,,,,,,,,,,,,,,,,,,,,,,,,,,,,,,,,,,,,,,,,,,,,,,,,,,,,,,,,,,,,,,,,,,,,,,,,,,,,,,,,,,,,,,,,,,,,,,,,,,
1911,2,-119.5,20.2,,,,,,,,,,,,,,,,,,,,,,,,,,,,,,,,,7.58,9.3,9.3,8.36,5.0,2.1,16.0,0.6,-4.42,-3.18,-1.14,-2.95,5.0,2.41,16.0,0.6,-8.94,-8.74,-5.72,-7.52,5.0,2.11,16.0,0.6,1019.48,1020.3,1021.12,1020.3,2.0,1.7,12.0,1.0,,,,,,,,,,,,,,,,,,,,,,,,,,,,,,,,,,,,,,,,,,,,,,,,,,,,,,,,,,,,,,,,,,,,,,,,,,,,,,,,,,,,,,,,,,,,,,,,,,,,,,,,,,,,,,,,,,,,,,,,
1911,2,-119.3,-47.2,,,,,,,,,,,,,,,,,,,,,,,,,,,,,,,,,2.6,2.6,4.6,3.46,7.0,1.07,2.0,0.6,-3.3,-2.41,-1.84,-2.75,7.0,0.88,2.0,0.6,-3.25,-1.84,-0.97,-1.98,7.0,0.95,2.0,0.6,1027.0,1027.0,1027.0,1027.0,1.0,0.0,2.0,1.0,,,,,,,,,,,,,,,,,,,,,,,,,,,,,,,,,,,,,,,,,,,,,,,,,,,,,,,,,,,,,,,,,,,,,,,,,,,,,,,,,,,,,,,,,,,,,,,,,,,,,,,,,,,,,,,,,,,,,,,,
1911,2,-119.3,30.4,,,,,,,,,,,,,,,,,,,,,,,,,,,,,,,,,6.7,6.7,6.7,6.7,5.0,0.0,18.0,0.4,4.74,4.74,4.74,4.74,5.0,0.0,18.0,0.4,-4.74,-4.74,-4.74,-4.74,5.0,0.0,18.0,0.4,1019.46,1020.2,1020.67,1020.14,5.0,0.76,18.0,0.4,,,,,,,,,,,,,,,,,,,,,,,,,,,,,,,,,,,,,,,,,,,,,,,,,,,,,,,,,,,,,,,,,,,,,,,,,,,,,,,,,,,,,,,,,,,,,,,,,,,,,,,,,,,,,,,,,,,,,,,,
1911,2,-119.2,-45.0,,,,,,,,,,,,,,,,,,,,,,,,,,,,,,,,,9.78,10.8,11.82,10.8,2.0,2.12,16.0,0.0,3.66,4.05,4.43,4.05,2.0,0.79,16.0,0.0,-10.96,-10.01,-9.06,-10.01,2.0,1.97,16.0,0.0,1003.63,1005.0,1006.37,1005.0,2.0,2.83,16.0,0.0,,,,,,,,,,,,,,,,,,,,,,,,,,,,,,,,,,,,,,,,,,,,,,,,,,,,,,,,,,,,,,,,,,,,,,,,,,,,,,,,,,,,,,,,,,,,,,,,,,,,,,,,,,,,,,,,,,,,,,,,
1911,2,-119.2,8.2,,,,,,,,,,,,,,,,,,,,,,,,,,,,,,,,,5.93,9.3,9.3,7.84,5.0,2.13,18.0,0.6,-6.58,-6.58,-4.2,-5.54,5.0,1.51,18.0,0.6,-6.58,-6.58,-4.2,-5.54,5.0,1.51,18.0,0.6,1012.0,1013.9,1014.0,1013.18,5.0,1.08,18.0,0.6,,,,,,,,,,,,,,,,,,,,,,,,,,,,,,,,,,,,,,,,,,,,,,,,,,,,,,,,,,,,,,,,,,,,,,,,,,,,,,,,,,,,,,,,,,,,,,,,,,,,,,,,,,,,,,,,,,,,,,,,
1911,2,-119.2,18.3,,,,,,,,,,,,,,,,,,,,,,,,,,,,,,,,,0.0,0.0,0.0,0.0,1.0,0.0,28.0,1.0,0.0,0.0,0.0,0.0,1.0,0.0,28.0,1.0,0.0,0.0,0.0,0.0,1.0,0.0,28.0,1.0,1017.0,1017.0,1017.0,1017.0,1.0,0.0,28.0,1.0,,,,,,,,,,,,,,,,,,,,,,,,,,,,,,,,,,,,,,,,,,,,,,,,,,,,,,,,,,,,,,,,,,,,,,,,,,,,,,,,,,,,,,,,,,,,,,,,,,,,,,,,,,,,,,,,,,,,,,,,
1911,2,-119.1,-41.3,,,,,,,,,,,,,,,,,,,,,,,,,,,,,,,,,3.46,4.6,11.02,6.42,10.0,3.65,10.0,0.5,-3.83,-2.51,10.14,1.8,10.0,6.92,10.0,0.5,-3.47,-1.35,0.0,-1.38,10.0,2.34,10.0,0.5,1001.95,1003.45,1003.95,1002.98,4.0,1.39,8.0,0.5,,,,,,,,,,,,,,,,,,,,,,,,,,,,,,,,,,,,,,,,,,,,,,,,,,,,,,,,,,,,,,,,,,,,,,,,,,,,,,,,,,,,,,,,,,,,,,,,,,,,,,,,,,,,,,,,,,,,,,,,
1911,2,-119.1,16.2,,,,,,,,,,,,,,,,,,,,,,,,,,,,,,,,,4.83,6.7,6.7,5.93,8.0,2.71,26.0,0.3,-6.05,-4.74,-4.29,-4.5,8.0,1.99,26.0,0.3,-4.74,-4.74,-0.28,-3.28,8.0,2.84,26.0,0.3,1015.0,1016.0,1017.0,1015.88,8.0,1.13,26.0,0.3,,,,,,,,,,,,,,,,,,,,,,,,,,,,,,,,,,,,,,,,,,,,,,,,,,,,,,,,,,,,,,,,,,,,,,,,,,,,,,,,,,,,,,,,,,,,,,,,,,,,,,,,,,,,,,,,,,,,,,,,
1911,2,-119.0,6.5,,,,,,,,,,,,,,,,,,,,,,,,,,,,,,,,,2.6,2.6,2.6,2.6,1.0,0.0,18.0,0.0,-1.84,-1.84,-1.84,-1.84,1.0,0.0,18.0,0.0,-1.84,-1.84,-1.84,-1.84,1.0,0.0,18.0,0.0,1012.0,1012.0,1012.0,1012.0,1.0,0.0,18.0,0.0,,,,,,,,,,,,,,,,,,,,,,,,,,,,,,,,,,,,,,,,,,,,,,,,,,,,,,,,,,,,,,,,,,,,,,,,,,,,,,,,,,,,,,,,,,,,,,,,,,,,,,,,,,,,,,,,,,,,,,,,
1911,2,-117.6,-47.6,,,,,,,,,,,,,,,,,,,,,,,,,,,,,,,,,2.6,2.6,2.6,2.6,2.0,0.0,4.0,1.0,-2.6,-2.6,-2.6,-2.6,2.0,0.0,4.0,1.0,0.0,0.0,0.0,0.0,2.0,0.0,4.0,1.0,1029.11,1029.35,1029.59,1029.35,2.0,0.5,4.0,1.0,,,,,,,,,,,,,,,,,,,,,,,,,,,,,,,,,,,,,,,,,,,,,,,,,,,,,,,,,,,,,,,,,,,,,,,,,,,,,,,,,,,,,,,,,,,,,,,,,,,,,,,,,,,,,,,,,,,,,,,,
1911,2,-117.6,30.1,,,,,,,,,,,,,,,,,,,,,,,,,,,,,,,,,4.6,4.6,4.6,4.6,4.0,0.0,18.0,1.0,3.25,3.25,3.25,3.25,4.0,0.0,18.0,1.0,-3.25,-3.25,-3.25,-3.25,4.0,0.0,18.0,1.0,1019.75,1020.2,1020.65,1020.2,4.0,0.52,18.0,1.0,,,,,,,,,,,,,,,,,,,,,,,,,,,,,,,,,,,,,,,,,,,,,,,,,,,,,,,,,,,,,,,,,,,,,,,,,,,,,,,,,,,,,,,,,,,,,,,,,,,,,,,,,,,,,,,,,,,,,,,,
1911,2,-117.5,-41.5,,,,,,,,,,,,,,,,,,,,,,,,,,,,,,,,,9.3,9.3,9.3,9.3,1.0,0.0,8.0,1.0,6.58,6.58,6.58,6.58,1.0,0.0,8.0,1.0,6.58,6.58,6.58,6.58,1.0,0.0,8.0,1.0,1006.0,1006.0,1006.0,1006.0,1.0,0.0,8.0,1.0,,,,,,,,,,,,,,,,,,,,,,,,,,,,,,,,,,,,,,,,,,,,,,,,,,,,,,,,,,,,,,,,,,,,,,,,,,,,,,,,,,,,,,,,,,,,,,,,,,,,,,,,,,,,,,,,,,,,,,,,
1911,2,-117.5,6.5,,,,,,,,,,,,,,,,,,,,,,,,,,,,,,,,,1.69,2.6,6.7,3.51,10.0,2.29,16.0,0.6,0.92,2.39,2.62,1.89,10.0,0.95,16.0,0.6,-1.02,0.19,6.17,1.57,10.0,3.37,16.0,0.6,1010.0,1012.0,1013.0,1011.68,11.0,1.36,16.0,0.5,,,,,,,,,,,,,,,,,,,,,,,,,,,,,,,,,,,,,,,,,,,,,,,,,,,,,,,,,,,,,,,,,,,,,,,,,,,,,,,,,,,,,,,,,,,,,,,,,,,,,,,,,,,,,,,,,,,,,,,,
1911,2,-117.5,16.4,,,,,,,,,,,,,,,,,,,,,,,,,,,,,,,,,4.6,6.7,7.65,6.38,5.0,1.94,24.0,0.8,-7.65,-4.74,-2.72,-5.16,5.0,2.94,24.0,0.8,-4.42,-3.25,0.0,-2.44,5.0,2.29,24.0,0.8,1012.94,1014.0,1017.06,1014.67,6.0,2.09,24.0,0.8,,,,,,,,,,,,,,,,,,,,,,,,,,,,,,,,,,,,,,,,,,,,,,,,,,,,,,,,,,,,,,,,,,,,,,,,,,,,,,,,,,,,,,,,,,,,,,,,,,,,,,,,,,,,,,,,,,,,,,,,
1911,2,-117.5,20.6,,,,,,,,,,,,,,,,,,,,,,,,,,,,,,,,,2.27,4.65,7.24,4.82,6.0,3.21,14.0,1.0,-5.12,-0.51,0.79,-1.59,6.0,3.39,14.0,1.0,-6.6,-3.57,-1.0,-3.73,6.0,2.64,14.0,1.0,1016.69,1018.15,1019.46,1018.17,6.0,2.14,14.0,1.0,,,,,,,,,,,,,,,,,,,,,,,,,,,,,,,,,,,,,,,,,,,,,,,,,,,,,,,,,,,,,,,,,,,,,,,,,,,,,,,,,,,,,,,,,,,,,,,,,,,,,,,,,,,,,,,,,,,,,,,,
1911,2,-117.4,14.3,,,,,,,,,,,,,,,,,,,,,,,,,,,,,,,,,4.6,6.7,7.65,6.38,5.0,1.94,26.0,0.4,-7.09,-6.21,-4.27,-5.92,5.0,1.8,26.0,0.4,-2.87,-2.51,-1.72,-2.39,5.0,0.73,26.0,0.4,1011.0,1013.0,1013.81,1012.54,5.0,1.45,26.0,0.4,,,,,,,,,,,,,,,,,,,,,,,,,,,,,,,,,,,,,,,,,,,,,,,,,,,,,,,,,,,,,,,,,,,,,,,,,,,,,,,,,,,,,,,,,,,,,,,,,,,,,,,,,,,,,,,,,,,,,,,,
1911,2,-117.3,-43.2,,,,,,,,,,,,,,,,,,,,,,,,,,,,,,,,,2.82,4.6,11.68,6.29,8.0,3.93,12.0,0.4,1.07,3.03,8.42,3.83,8.0,3.81,12.0,0.4,-1.44,3.37,8.2,3.23,8.0,4.18,12.0,0.4,1008.32,1009.0,1009.68,1009.0,2.0,1.41,8.0,0.0,,,,,,,,,,,,,,,,,,,,,,,,,,,,,,,,,,,,,,,,,,,,,,,,,,,,,,,,,,,,,,,,,,,,,,,,,,,,,,,,,,,,,,,,,,,,,,,,,,,,,,,,,,,,,,,,,,,,,,,,
1911,2,-117.2,18.4,,,,,,,,,,,,,,,,,,,,,,,,,,,,,,,,,4.6,6.7,6.7,6.05,21.0,1.62,14.0,0.4,-3.14,0.0,0.0,-1.06,21.0,1.94,14.0,0.4,-6.7,-4.74,-4.3,-5.62,21.0,1.73,14.0,0.4,1013.86,1015.0,1016.0,1014.67,19.0,1.4,14.0,0.5,,,,,,,,,,,,,,,,,,,,,,,,,,,,,,,,,,,,,,,,,,,,,,,,,,,,,,,,,,,,,,,,,,,,,,,,,,,,,,,,,,,,,,,,,,,,,,,,,,,,,,,,,,,,,,,,,,,,,,,,
1911,2,-117.2,28.6,,,,,,,,,,,,,,,,,,,,,,,,,,,,,,,,,7.68,9.8,9.8,8.77,3.0,1.79,18.0,0.0,4.01,4.74,6.23,5.11,3.0,1.66,18.0,0.0,-8.4,-6.93,-5.43,-6.92,3.0,2.17,18.0,0.0,1020.18,1021.0,1021.68,1020.93,3.0,1.1,18.0,0.0,,,,,,,,,,,,,,,,,,,,,,,,,,,,,,,,,,,,,,,,,,,,,,,,,,,,,,,,,,,,,,,,,,,,,,,,,,,,,,,,,,,,,,,,,,,,,,,,,,,,,,,,,,,,,,,,,,,,,,,,
1911,2,-117.1,-45.2,,,,,,,,,,,,,,,,,,,,,,,,,,,,,,,,,5.93,6.7,19.0,11.2,5.0,7.17,16.0,0.6,4.57,6.7,13.44,8.51,5.0,4.58,16.0,0.6,-13.44,0.0,2.82,-4.08,5.0,8.7,16.0,0.6,995.48,996.5,997.52,996.5,2.0,2.12,16.0,0.5,,,,,,,,,,,,,,,,,,,,,,,,,,,,,,,,,,,,,,,,,,,,,,,,,,,,,,,,,,,,,,,,,,,,,,,,,,,,,,,,,,,,,,,,,,,,,,,,,,,,,,,,,,,,,,,,,,,,,,,,
1911,2,-117.1,2.6,,,,,,,,,,,,,,,,,,,,,,,,,,,,,,,,,2.6,2.6,2.6,2.6,2.0,0.0,14.0,1.0,-2.39,-2.39,-2.39,-2.39,2.0,0.0,14.0,1.0,1.02,1.02,1.02,1.02,2.0,0.0,14.0,1.0,1010.37,1011.15,1011.94,1011.15,2.0,1.63,14.0,1.0,,,,,,,,,,,,,,,,,,,,,,,,,,,,,,,,,,,,,,,,,,,,,,,,,,,,,,,,,,,,,,,,,,,,,,,,,,,,,,,,,,,,,,,,,,,,,,,,,,,,,,,,,,,,,,,,,,,,,,,,
1911,2,-117.0,4.3,,,,,,,,,,,,,,,,,,,,,,,,,,,,,,,,,4.6,4.6,4.6,4.61,8.0,1.1,14.0,0.4,-3.25,-3.25,-0.2,-2.39,8.0,1.61,14.0,0.4,2.0,3.25,4.45,3.49,8.0,1.57,14.0,0.4,1010.11,1011.65,1012.89,1011.66,8.0,1.39,14.0,0.4,,,,,,,,,,,,,,,,,,,,,,,,,,,,,,,,,,,,,,,,,,,,,,,,,,,,,,,,,,,,,,,,,,,,,,,,,,,,,,,,,,,,,,,,,,,,,,,,,,,,,,,,,,,,,,,,,,,,,,,,
1911,2,-117.0,12.2,,,,,,,,,,,,,,,,,,,,,,,,,,,,,,,,,9.3,9.3,9.3,9.3,3.0,0.0,26.0,0.3,-8.62,-8.62,-8.62,-8.62,3.0,0.0,26.0,0.3,-3.48,-3.48,-3.48,-3.48,3.0,0.0,26.0,0.3,1012.63,1014.0,1014.0,1013.33,3.0,1.15,26.0,0.3,,,,,,,,,,,,,,,,,,,,,,,,,,,,,,,,,,,,,,,,,,,,,,,,,,,,,,,,,,,,,,,,,,,,,,,,,,,,,,,,,,,,,,,,,,,,,,,,,,,,,,,,,,,,,,,,,,,,,,,,
1911,2,-115.7,28.3,,,,,,,,,,,,,,,,,,,,,,,,,,,,,,,,,6.7,6.7,6.7,6.7,1.0,0.0,18.0,1.0,4.74,4.74,4.74,4.74,1.0,0.0,18.0,1.0,-4.74,-4.74,-4.74,-4.74,1.0,0.0,18.0,1.0,1018.8,1018.8,1018.8,1018.8,1.0,0.0,18.0,1.0,,,,,,,,,,,,,,,,,,,,,,,,,,,,,,,,,,,,,,,,,,,,,,,,,,,,,,,,,,,,,,,,,,,,,,,,,,,,,,,,,,,,,,,,,,,,,,,,,,,,,,,,,,,,,,,,,,,,,,,,
1911,2,-115.4,-45.5,,,,,,,,,,,,,,,,,,,,,,,,,,,,,,,,,6.7,15.4,16.71,12.64,5.0,5.62,16.0,0.6,6.7,13.44,15.4,11.53,5.0,4.48,16.0,0.6,-4.91,0.0,0.0,-2.69,5.0,6.01,16.0,0.6,990.32,991.0,991.61,990.97,3.0,0.95,16.0,0.7,,,,,,,,,,,,,,,,,,,,,,,,,,,,,,,,,,,,,,,,,,,,,,,,,,,,,,,,,,,,,,,,,,,,,,,,,,,,,,,,,,,,,,,,,,,,,,,,,,,,,,,,,,,,,,,,,,,,,,,,
1911,2,-115.4,10.3,,,,,,,,,,,,,,,,,,,,,,,,,,,,,,,,,9.3,9.3,9.3,9.3,4.0,0.0,26.0,0.8,-8.62,-8.62,-8.62,-8.62,4.0,0.0,26.0,0.8,-3.48,-3.48,-3.48,-3.48,4.0,0.0,26.0,0.8,1011.48,1012.5,1013.1,1012.3,4.0,1.01,26.0,0.8,,,,,,,,,,,,,,,,,,,,,,,,,,,,,,,,,,,,,,,,,,,,,,,,,,,,,,,,,,,,,,,,,,,,,,,,,,,,,,,,,,,,,,,,,,,,,,,,,,,,,,,,,,,,,,,,,,,,,,,,
1911,2,-115.4,18.3,,,,,,,,,,,,,,,,,,,,,,,,,,,,,,,,,4.6,4.6,6.7,5.29,17.0,1.89,14.0,0.4,-1.84,-1.8,0.0,-1.76,17.0,1.77,14.0,0.4,-6.59,-4.23,-4.23,-4.72,17.0,1.78,14.0,0.4,1013.72,1014.0,1016.0,1014.71,14.0,1.57,14.0,0.5,,,,,,,,,,,,,,,,,,,,,,,,,,,,,,,,,,,,,,,,,,,,,,,,,,,,,,,,,,,,,,,,,,,,,,,,,,,,,,,,,,,,,,,,,,,,,,,,,,,,,,,,,,,,,,,,,,,,,,,,
1911,2,-115.4,26.6,,,,,,,,,,,,,,,,,,,,,,,,,,,,,,,,,9.8,9.8,9.8,9.8,3.0,0.0,16.0,0.7,6.93,6.93,6.93,6.93,3.0,0.0,16.0,0.7,-6.93,-6.93,-6.93,-6.93,3.0,0.0,16.0,0.7,1017.12,1017.8,1018.62,1017.87,3.0,1.1,16.0,0.7,,,,,,,,,,,,,,,,,,,,,,,,,,,,,,,,,,,,,,,,,,,,,,,,,,,,,,,,,,,,,,,,,,,,,,,,,,,,,,,,,,,,,,,,,,,,,,,,,,,,,,,,,,,,,,,,,,,,,,,,
1911,2,-115.3,-43.4,,,,,,,,,,,,,,,,,,,,,,,,,,,,,,,,,5.93,6.7,7.65,6.8,5.0,1.67,6.0,0.6,3.29,6.17,7.06,5.08,5.0,3.95,6.0,0.6,-2.62,-2.62,3.77,-0.02,5.0,3.57,6.0,0.6,1010.63,1012.0,1013.61,1012.18,5.0,1.97,6.0,0.6,,,,,,,,,,,,,,,,,,,,,,,,,,,,,,,,,,,,,,,,,,,,,,,,,,,,,,,,,,,,,,,,,,,,,,,,,,,,,,,,,,,,,,,,,,,,,,,,,,,,,,,,,,,,,,,,,,,,,,,,
1911,2,-115.3,2.2,,,,,,,,,,,,,,,,,,,,,,,,,,,,,,,,,1.18,2.6,2.6,2.45,8.0,1.13,12.0,0.5,-2.6,-2.6,-1.16,-2.39,8.0,1.18,12.0,0.5,0.0,0.0,0.0,-0.03,8.0,0.45,12.0,0.5,1011.11,1013.0,1013.89,1012.54,8.0,1.46,12.0,0.5,,,,,,,,,,,,,,,,,,,,,,,,,,,,,,,,,,,,,,,,,,,,,,,,,,,,,,,,,,,,,,,,,,,,,,,,,,,,,,,,,,,,,,,,,,,,,,,,,,,,,,,,,,,,,,,,,,,,,,,,
1911,2,-115.2,-49.5,,,,,,,,,,,,,,,,,,,,,,,,,,,,,,,,,6.7,6.7,6.7,6.7,2.0,0.0,6.0,0.5,-4.4,-3.68,-2.95,-3.68,2.0,1.5,6.0,0.5,-5.94,-5.45,-4.96,-5.45,2.0,1.01,6.0,0.5,1023.48,1024.5,1025.52,1024.5,2.0,2.12,6.0,0.5,,,,,,,,,,,,,,,,,,,,,,,,,,,,,,,,,,,,,,,,,,,,,,,,,,,,,,,,,,,,,,,,,,,,,,,,,,,,,,,,,,,,,,,,,,,,,,,,,,,,,,,,,,,,,,,,,,,,,,,,
1911,2,-115.2,16.5,,,,,,,,,,,,,,,,,,,,,,,,,,,,,,,,,9.3,9.3,9.3,9.3,5.0,0.0,14.0,0.4,-7.32,-6.58,-6.58,-6.99,5.0,0.92,14.0,0.4,-6.58,-6.58,-5.45,-5.96,5.0,1.38,14.0,0.4,1017.0,1018.0,1018.15,1017.68,5.0,0.64,14.0,0.4,,,,,,,,,,,,,,,,,,,,,,,,,,,,,,,,,,,,,,,,,,,,,,,,,,,,,,,,,,,,,,,,,,,,,,,,,,,,,,,,,,,,,,,,,,,,,,,,,,,,,,,,,,,,,,,,,,,,,,,,
1911,2,-115.2,20.8,,,,,,,,,,,,,,,,,,,,,,,,,,,,,,,,,4.6,4.6,4.6,4.6,1.0,0.0,20.0,1.0,-1.8,-1.8,-1.8,-1.8,1.0,0.0,20.0,1.0,-4.23,-4.23,-4.23,-4.23,1.0,0.0,20.0,1.0,1017.0,1017.0,1017.0,1017.0,1.0,0.0,20.0,1.0,,,,,,,,,,,,,,,,,,,,,,,,,,,,,,,,,,,,,,,,,,,,,,,,,,,,,,,,,,,,,,,,,,,,,,,,,,,,,,,,,,,,,,,,,,,,,,,,,,,,,,,,,,,,,,,,,,,,,,,,
1911,2,-115.0,-47.0,,,,,,,,,,,,,,,,,,,,,,,,,,,,,,,,,9.3,9.3,9.3,9.3,1.0,0.0,18.0,0.0,8.62,8.62,8.62,8.62,1.0,0.0,18.0,0.0,3.48,3.48,3.48,3.48,1.0,0.0,18.0,0.0,993.0,993.0,993.0,993.0,1.0,0.0,18.0,0.0,,,,,,,,,,,,,,,,,,,,,,,,,,,,,,,,,,,,,,,,,,,,,,,,,,,,,,,,,,,,,,,,,,,,,,,,,,,,,,,,,,,,,,,,,,,,,,,,,,,,,,,,,,,,,,,,,,,,,,,,
1911,2,-115.0,8.5,,,,,,,,,,,,,,,,,,,,,,,,,,,,,,,,,9.3,9.3,9.3,9.3,1.0,0.0,26.0,0.0,-8.62,-8.62,-8.62,-8.62,1.0,0.0,26.0,0.0,-3.48,-3.48,-3.48,-3.48,1.0,0.0,26.0,0.0,1012.0,1012.0,1012.0,1012.0,1.0,0.0,26.0,0.0,,,,,,,,,,,,,,,,,,,,,,,,,,,,,,,,,,,,,,,,,,,,,,,,,,,,,,,,,,,,,,,,,,,,,,,,,,,,,,,,,,,,,,,,,,,,,,,,,,,,,,,,,,,,,,,,,,,,,,,,
1911,2,-113.6,20.6,,,,,,,,,,,,,,,,,,,,,,,,,,,,,,,,,2.6,3.6,5.7,4.13,4.0,1.96,18.0,1.0,-2.14,-0.92,1.7,-0.25,4.0,2.55,18.0,1.0,-5.06,-2.55,-1.39,-3.19,4.0,2.52,18.0,1.0,1017.38,1019.5,1019.98,1018.7,3.0,2.02,20.0,1.0,,,,,,,,,,,,,,,,,,,,,,,,,,,,,,,,,,,,,,,,,,,,,,,,,,,,,,,,,,,,,,,,,,,,,,,,,,,,,,,,,,,,,,,,,,,,,,,,,,,,,,,,,,,,,,,,,,,,,,,,
1911,2,-113.5,2.0,,,,,,,,,,,,,,,,,,,,,,,,,,,,,,,,,4.6,4.6,4.6,4.6,1.0,0.0,12.0,0.0,-4.6,-4.6,-4.6,-4.6,1.0,0.0,12.0,0.0,0.0,0.0,0.0,0.0,1.0,0.0,12.0,0.0,1013.0,1013.0,1013.0,1013.0,1.0,0.0,12.0,0.0,,,,,,,,,,,,,,,,,,,,,,,,,,,,,,,,,,,,,,,,,,,,,,,,,,,,,,,,,,,,,,,,,,,,,,,,,,,,,,,,,,,,,,,,,,,,,,,,,,,,,,,,,,,,,,,,,,,,,,,,
1911,2,-113.5,8.0,,,,,,,,,,,,,,,,,,,,,,,,,,,,,,,,,9.3,9.3,9.3,9.3,2.0,0.0,26.0,0.0,-8.62,-8.62,-8.62,-8.62,2.0,0.0,26.0,0.0,-3.48,-3.48,-3.48,-3.48,2.0,0.0,26.0,0.0,1012.16,1012.5,1012.84,1012.5,2.0,0.71,26.0,0.0,,,,,,,,,,,,,,,,,,,,,,,,,,,,,,,,,,,,,,,,,,,,,,,,,,,,,,,,,,,,,,,,,,,,,,,,,,,,,,,,,,,,,,,,,,,,,,,,,,,,,,,,,,,,,,,,,,,,,,,,
1911,2,-113.5,18.7,,,,,,,,,,,,,,,,,,,,,,,,,,,,,,,,,2.27,3.6,4.6,3.33,6.0,1.51,16.0,0.5,0.77,1.96,3.25,1.98,6.0,1.15,16.0,0.5,-3.52,-2.62,-1.19,-2.52,6.0,1.41,16.0,0.5,1014.16,1014.5,1014.84,1014.5,2.0,0.71,20.0,0.5,,,,,,,,,,,,,,,,,,,,,,,,,,,,,,,,,,,,,,,,,,,,,,,,,,,,,,,,,,,,,,,,,,,,,,,,,,,,,,,,,,,,,,,,,,,,,,,,,,,,,,,,,,,,,,,,,,,,,,,,
1911,2,-113.5,26.5,,,,,,,,,,,,,,,,,,,,,,,,,,,,,,,,,1.56,4.9,8.24,4.9,2.0,6.93,20.0,0.5,1.1,3.46,5.83,3.46,2.0,4.9,20.0,0.5,-5.83,-3.46,-1.1,-3.46,2.0,4.9,20.0,0.5,1014.72,1016.05,1017.38,1016.05,2.0,2.76,20.0,0.5,,,,,,,,,,,,,,,,,,,,,,,,,,,,,,,,,,,,,,,,,,,,,,,,,,,,,,,,,,,,,,,,,,,,,,,,,,,,,,,,,,,,,,,,,,,,,,,,,,,,,,,,,,,,,,,,,,,,,,,,
1911,2,-113.4,-51.2,,,,,,,,,,,,,,,,,,,,,,,,,,,,,,,,,7.53,9.3,11.35,9.43,3.0,2.8,6.0,0.3,0.0,0.0,1.71,0.84,3.0,1.45,6.0,0.3,-11.35,-9.3,-7.19,-9.27,3.0,3.04,6.0,0.3,1013.95,1016.0,1018.05,1016.0,2.0,4.24,6.0,0.0,,,,,,,,,,,,,,,,,,,,,,,,,,,,,,,,,,,,,,,,,,,,,,,,,,,,,,,,,,,,,,,,,,,,,,,,,,,,,,,,,,,,,,,,,,,,,,,,,,,,,,,,,,,,,,,,,,,,,,,,
1911,2,-113.4,16.2,,,,,,,,,,,,,,,,,,,,,,,,,,,,,,,,,4.6,4.6,5.47,4.8,11.0,1.11,8.0,0.5,-2.14,-1.8,-0.6,-1.74,11.0,1.28,8.0,0.5,-4.66,-4.23,-4.23,-4.35,11.0,0.87,8.0,0.5,1012.0,1014.0,1015.41,1014.01,11.0,1.91,8.0,0.5,,,,,,,,,,,,,,,,,,,,,,,,,,,,,,,,,,,,,,,,,,,,,,,,,,,,,,,,,,,,,,,,,,,,,,,,,,,,,,,,,,,,,,,,,,,,,,,,,,,,,,,,,,,,,,,,,,,,,,,,
1911,2,-113.4,24.6,,,,,,,,,,,,,,,,,,,,,,,,,,,,,,,,,4.6,4.6,6.03,5.3,3.0,1.21,16.0,1.0,3.25,3.25,4.27,3.75,3.0,0.86,16.0,1.0,-4.27,-3.25,-3.25,-3.75,3.0,0.86,16.0,1.0,1013.23,1013.3,1013.91,1013.57,3.0,0.55,16.0,1.0,,,,,,,,,,,,,,,,,,,,,,,,,,,,,,,,,,,,,,,,,,,,,,,,,,,,,,,,,,,,,,,,,,,,,,,,,,,,,,,,,,,,,,,,,,,,,,,,,,,,,,,,,,,,,,,,,,,,,,,,
1911,2,-113.3,-47.2,,,,,,,,,,,,,,,,,,,,,,,,,,,,,,,,,4.19,10.8,16.14,10.53,6.0,6.3,16.0,0.7,4.19,10.31,13.61,9.26,6.0,4.75,16.0,0.7,-6.59,0.0,1.19,-2.08,6.0,6.5,16.0,0.7,993.0,993.0,994.37,993.67,3.0,1.15,18.0,0.7,,,,,,,,,,,,,,,,,,,,,,,,,,,,,,,,,,,,,,,,,,,,,,,,,,,,,,,,,,,,,,,,,,,,,,,,,,,,,,,,,,,,,,,,,,,,,,,,,,,,,,,,,,,,,,,,,,,,,,,,
1911,2,-113.3,-43.5,,,,,,,,,,,,,,,,,,,,,,,,,,,,,,,,,6.7,6.7,8.47,7.57,3.0,1.5,10.0,0.0,6.17,6.17,7.8,6.97,3.0,1.38,10.0,0.0,-3.31,-2.62,-2.62,-2.96,3.0,0.59,10.0,0.0,1013.0,1013.0,1013.68,1013.33,3.0,0.58,10.0,0.0,,,,,,,,,,,,,,,,,,,,,,,,,,,,,,,,,,,,,,,,,,,,,,,,,,,,,,,,,,,,,,,,,,,,,,,,,,,,,,,,,,,,,,,,,,,,,,,,,,,,,,,,,,,,,,,,,,,,,,,,
1911,2,-113.2,-45.2,,,,,,,,,,,,,,,,,,,,,,,,,,,,,,,,,6.7,6.7,6.7,6.7,3.0,0.0,12.0,0.7,6.17,6.17,6.17,6.17,3.0,0.0,12.0,0.7,-2.62,-2.62,-2.62,-2.62,3.0,0.0,12.0,0.7,1015.91,1016.35,1016.79,1016.35,2.0,0.92,10.0,1.0,,,,,,,,,,,,,,,,,,,,,,,,,,,,,,,,,,,,,,,,,,,,,,,,,,,,,,,,,,,,,,,,,,,,,,,,,,,,,,,,,,,,,,,,,,,,,,,,,,,,,,,,,,,,,,,,,,,,,,,,
1911,2,-113.2,0.5,,,,,,,,,,,,,,,,,,,,,,,,,,,,,,,,,2.6,2.6,2.6,2.6,5.0,0.0,12.0,0.6,-2.6,-2.6,-2.52,-2.56,5.0,0.09,12.0,0.6,0.0,0.0,0.37,0.2,5.0,0.45,12.0,0.6,1010.63,1012.0,1012.37,1011.6,5.0,1.14,12.0,0.6,,,,,,,,,,,,,,,,,,,,,,,,,,,,,,,,,,,,,,,,,,,,,,,,,,,,,,,,,,,,,,,,,,,,,,,,,,,,,,,,,,,,,,,,,,,,,,,,,,,,,,,,,,,,,,,,,,,,,,,,
1911,2,-113.2,6.4,,,,,,,,,,,,,,,,,,,,,,,,,,,,,,,,,8.35,9.3,9.3,8.78,5.0,1.16,24.0,0.6,-8.62,-8.62,-6.44,-7.73,5.0,1.23,24.0,0.6,-4.61,-3.48,-3.13,-3.91,5.0,1.55,24.0,0.6,1011.63,1013.0,1013.49,1012.64,5.0,1.16,24.0,0.6,,,,,,,,,,,,,,,,,,,,,,,,,,,,,,,,,,,,,,,,,,,,,,,,,,,,,,,,,,,,,,,,,,,,,,,,,,,,,,,,,,,,,,,,,,,,,,,,,,,,,,,,,,,,,,,,,,,,,,,,
1911,2,-113.2,22.3,,,,,,,,,,,,,,,,,,,,,,,,,,,,,,,,,1.0,1.0,1.0,1.0,2.0,0.0,24.0,1.0,-0.48,0.0,0.48,0.0,2.0,1.0,24.0,1.0,-0.71,-0.71,-0.71,-0.71,2.0,0.0,24.0,1.0,1018.43,1018.5,1018.57,1018.5,2.0,0.14,24.0,1.0,,,,,,,,,,,,,,,,,,,,,,,,,,,,,,,,,,,,,,,,,,,,,,,,,,,,,,,,,,,,,,,,,,,,,,,,,,,,,,,,,,,,,,,,,,,,,,,,,,,,,,,,,,,,,,,,,,,,,,,,
1911,2,-113.1,14.4,,,,,,,,,,,,,,,,,,,,,,,,,,,,,,,,,3.87,6.7,6.7,5.46,5.0,1.84,12.0,0.4,-4.74,-4.74,-2.74,-3.86,5.0,1.3,12.0,0.4,-4.74,-4.74,-2.74,-3.86,5.0,1.3,12.0,0.4,1010.36,1015.0,1015.37,1013.1,5.0,3.47,12.0,0.4,,,,,,,,,,,,,,,,,,,,,,,,,,,,,,,,,,,,,,,,,,,,,,,,,,,,,,,,,,,,,,,,,,,,,,,,,,,,,,,,,,,,,,,,,,,,,,,,,,,,,,,,,,,,,,,,,,,,,,,,
1911,2,-113.0,4.5,,,,,,,,,,,,,,,,,,,,,,,,,,,,,,,,,4.93,5.65,6.37,5.65,2.0,1.48,24.0,0.5,-5.9,-5.24,-4.57,-5.24,2.0,1.38,24.0,0.5,-2.39,-2.12,-1.85,-2.12,2.0,0.56,24.0,0.5,1010.32,1011.0,1011.68,1011.0,2.0,1.41,24.0,0.5,,,,,,,,,,,,,,,,,,,,,,,,,,,,,,,,,,,,,,,,,,,,,,,,,,,,,,,,,,,,,,,,,,,,,,,,,,,,,,,,,,,,,,,,,,,,,,,,,,,,,,,,,,,,,,,,,,,,,,,,
1911,2,-111.6,4.1,,,,,,,,,,,,,,,,,,,,,,,,,,,,,,,,,4.6,4.6,4.6,4.6,2.0,0.0,24.0,1.0,-4.27,-4.27,-4.27,-4.27,2.0,0.0,24.0,1.0,-1.72,-1.72,-1.72,-1.72,2.0,0.0,24.0,1.0,1011.41,1011.65,1011.89,1011.65,2.0,0.5,24.0,1.0,,,,,,,,,,,,,,,,,,,,,,,,,,,,,,,,,,,,,,,,,,,,,,,,,,,,,,,,,,,,,,,,,,,,,,,,,,,,,,,,,,,,,,,,,,,,,,,,,,,,,,,,,,,,,,,,,,,,,,,,
1911,2,-111.5,24.5,,,,,,,,,,,,,,,,,,,,,,,,,,,,,,,,,4.93,5.65,6.37,5.65,2.0,1.48,16.0,0.5,2.63,2.88,3.13,2.88,2.0,0.53,16.0,0.5,-5.74,-4.73,-3.72,-4.73,2.0,2.09,16.0,0.5,1013.51,1015.05,1016.59,1015.05,2.0,3.18,16.0,0.5,,,,,,,,,,,,,,,,,,,,,,,,,,,,,,,,,,,,,,,,,,,,,,,,,,,,,,,,,,,,,,,,,,,,,,,,,,,,,,,,,,,,,,,,,,,,,,,,,,,,,,,,,,,,,,,,,,,,,,,,
1911,2,-111.4,-51.4,,,,,,,,,,,,,,,,,,,,,,,,,,,,,,,,,9.78,10.8,11.82,10.8,2.0,2.12,6.0,1.0,-3.49,-0.66,2.17,-0.66,2.0,5.86,6.0,1.0,-10.89,-9.97,-9.05,-9.97,2.0,1.91,6.0,1.0,1006.98,1007.8,1008.62,1007.8,2.0,1.7,6.0,1.0,,,,,,,,,,,,,,,,,,,,,,,,,,,,,,,,,,,,,,,,,,,,,,,,,,,,,,,,,,,,,,,,,,,,,,,,,,,,,,,,,,,,,,,,,,,,,,,,,,,,,,,,,,,,,,,,,,,,,,,,
1911,2,-111.4,0.1,,,,,,,,,,,,,,,,,,,,,,,,,,,,,,,,,1.0,2.6,4.6,2.93,13.0,1.81,12.0,0.5,-3.25,-2.39,-0.71,-2.3,13.0,1.27,12.0,0.5,-0.07,1.02,3.25,1.46,13.0,1.71,12.0,0.5,1009.0,1010.0,1011.91,1010.3,13.0,1.79,12.0,0.5,,,,,,,,,,,,,,,,,,,,,,,,,,,,,,,,,,,,,,,,,,,,,,,,,,,,,,,,,,,,,,,,,,,,,,,,,,,,,,,,,,,,,,,,,,,,,,,,,,,,,,,,,,,,,,,,,,,,,,,,
1911,2,-111.4,22.5,,,,,,,,,,,,,,,,,,,,,,,,,,,,,,,,,2.6,4.6,5.37,4.22,5.0,1.71,16.0,0.6,-0.67,2.39,4.98,2.21,5.0,3.22,16.0,0.6,-2.32,1.72,2.08,0.09,5.0,2.95,16.0,0.6,1012.82,1013.2,1016.29,1014.46,5.0,2.54,16.0,0.6,,,,,,,,,,,,,,,,,,,,,,,,,,,,,,,,,,,,,,,,,,,,,,,,,,,,,,,,,,,,,,,,,,,,,,,,,,,,,,,,,,,,,,,,,,,,,,,,,,,,,,,,,,,,,,,,,,,,,,,,
1911,2,-111.4,26.5,,,,,,,,,,,,,,,,,,,,,,,,,,,,,,,,,2.6,4.6,9.3,5.68,5.0,3.4,22.0,1.0,0.22,4.23,6.58,3.33,5.0,3.85,22.0,1.0,-6.58,-1.84,-1.14,-3.36,5.0,3.03,22.0,1.0,1016.1,1018.85,1022.13,1019.1,4.0,3.78,22.0,1.0,,,,,,,,,,,,,,,,,,,,,,,,,,,,,,,,,,,,,,,,,,,,,,,,,,,,,,,,,,,,,,,,,,,,,,,,,,,,,,,,,,,,,,,,,,,,,,,,,,,,,,,,,,,,,,,,,,,,,,,,
1911,2,-111.3,14.5,,,,,,,,,,,,,,,,,,,,,,,,,,,,,,,,,2.6,4.6,4.6,3.69,11.0,1.04,6.0,0.5,-2.05,-1.02,0.0,-1.12,11.0,1.37,6.0,0.5,-4.6,-2.6,-2.12,-3.18,11.0,1.31,6.0,0.5,1010.0,1011.0,1012.65,1011.33,11.0,1.39,6.0,0.5,,,,,,,,,,,,,,,,,,,,,,,,,,,,,,,,,,,,,,,,,,,,,,,,,,,,,,,,,,,,,,,,,,,,,,,,,,,,,,,,,,,,,,,,,,,,,,,,,,,,,,,,,,,,,,,,,,,,,,,,
1911,2,-111.2,-49.0,,,,,,,,,,,,,,,,,,,,,,,,,,,,,,,,,3.23,4.6,4.6,3.93,3.0,1.15,2.0,0.3,1.19,1.57,1.73,1.46,3.0,0.4,2.0,0.3,2.98,4.23,4.29,3.65,3.0,1.09,2.0,0.3,1019.63,1021.0,1022.37,1021.0,3.0,2.0,2.0,0.3,,,,,,,,,,,,,,,,,,,,,,,,,,,,,,,,,,,,,,,,,,,,,,,,,,,,,,,,,,,,,,,,,,,,,,,,,,,,,,,,,,,,,,,,,,,,,,,,,,,,,,,,,,,,,,,,,,,,,,,,
1911,2,-111.2,-47.5,,,,,,,,,,,,,,,,,,,,,,,,,,,,,,,,,14.76,15.4,15.4,14.88,6.0,1.27,18.0,0.3,10.44,10.89,14.28,11.65,6.0,2.2,18.0,0.3,-10.89,-1.46,6.83,-1.34,6.0,9.87,18.0,0.3,995.63,997.0,999.05,997.33,3.0,2.52,18.0,0.3,,,,,,,,,,,,,,,,,,,,,,,,,,,,,,,,,,,,,,,,,,,,,,,,,,,,,,,,,,,,,,,,,,,,,,,,,,,,,,,,,,,,,,,,,,,,,,,,,,,,,,,,,,,,,,,,,,,,,,,,
1911,2,-111.2,-45.2,,,,,,,,,,,,,,,,,,,,,,,,,,,,,,,,,7.53,9.3,9.3,8.43,3.0,1.5,10.0,0.3,6.3,6.58,6.95,6.62,3.0,0.48,10.0,0.3,-6.39,-5.98,-3.68,-5.06,3.0,2.13,10.0,0.3,1017.0,1017.0,1017.0,1017.0,3.0,0.0,10.0,0.3,,,,,,,,,,,,,,,,,,,,,,,,,,,,,,,,,,,,,,,,,,,,,,,,,,,,,,,,,,,,,,,,,,,,,,,,,,,,,,,,,,,,,,,,,,,,,,,,,,,,,,,,,,,,,,,,,,,,,,,,
1911,2,-111.2,-43.7,,,,,,,,,,,,,,,,,,,,,,,,,,,,,,,,,4.6,4.6,4.6,4.6,1.0,0.0,2.0,0.0,-4.23,-4.23,-4.23,-4.23,1.0,0.0,2.0,0.0,1.8,1.8,1.8,1.8,1.0,0.0,2.0,0.0,1018.44,1019.4,1020.29,1019.37,3.0,1.35,2.0,0.3,,,,,,,,,,,,,,,,,,,,,,,,,,,,,,,,,,,,,,,,,,,,,,,,,,,,,,,,,,,,,,,,,,,,,,,,,,,,,,,,,,,,,,,,,,,,,,,,,,,,,,,,,,,,,,,,,,,,,,,,
1911,2,-111.2,-1.2,,,,,,,,,,,,,,,,,,,,,,,,,,,,,,,,,4.6,5.65,6.7,5.65,6.0,1.15,10.0,0.5,-4.82,-4.13,-3.47,-4.15,6.0,0.81,10.0,0.5,2.96,3.78,4.74,3.82,6.0,0.86,10.0,0.5,1006.79,1008.5,1009.92,1008.32,6.0,1.61,10.0,0.5,,,,,,,,,,,,,,,,,,,,,,,,,,,,,,,,,,,,,,,,,,,,,,,,,,,,,,,,,,,,,,,,,,,,,,,,,,,,,,,,,,,,,,,,,,,,,,,,,,,,,,,,,,,,,,,,,,,,,,,,
1911,2,-111.2,2.3,,,,,,,,,,,,,,,,,,,,,,,,,,,,,,,,,2.6,2.6,4.6,3.4,5.0,1.1,22.0,0.4,-4.39,-2.41,-2.41,-3.22,5.0,1.11,22.0,0.4,-1.25,-0.97,-0.62,-0.93,5.0,0.61,22.0,0.4,1009.0,1011.0,1011.51,1010.48,5.0,1.47,22.0,0.4,,,,,,,,,,,,,,,,,,,,,,,,,,,,,,,,,,,,,,,,,,,,,,,,,,,,,,,,,,,,,,,,,,,,,,,,,,,,,,,,,,,,,,,,,,,,,,,,,,,,,,,,,,,,,,,,,,,,,,,,
1911,2,-111.2,12.3,,,,,,,,,,,,,,,,,,,,,,,,,,,,,,,,,4.6,4.6,6.7,5.5,7.0,1.12,10.0,0.4,-4.74,-3.25,-3.25,-3.89,7.0,0.79,10.0,0.4,-4.74,-3.25,-3.25,-3.89,7.0,0.79,10.0,0.4,1010.0,1011.0,1012.81,1011.4,7.0,1.23,10.0,0.4,,,,,,,,,,,,,,,,,,,,,,,,,,,,,,,,,,,,,,,,,,,,,,,,,,,,,,,,,,,,,,,,,,,,,,,,,,,,,,,,,,,,,,,,,,,,,,,,,,,,,,,,,,,,,,,,,,,,,,,,
1911,2,-111.2,20.8,,,,,,,,,,,,,,,,,,,,,,,,,,,,,,,,,6.7,6.7,6.7,6.7,1.0,0.0,18.0,1.0,4.74,4.74,4.74,4.74,1.0,0.0,18.0,1.0,-4.74,-4.74,-4.74,-4.74,1.0,0.0,18.0,1.0,1017.7,1017.7,1017.7,1017.7,1.0,0.0,18.0,1.0,,,,,,,,,,,,,,,,,,,,,,,,,,,,,,,,,,,,,,,,,,,,,,,,,,,,,,,,,,,,,,,,,,,,,,,,,,,,,,,,,,,,,,,,,,,,,,,,,,,,,,,,,,,,,,,,,,,,,,,,
1911,2,-111.0,16.5,,,,,,,,,,,,,,,,,,,,,,,,,,,,,,,,,6.7,6.7,8.47,7.57,3.0,1.5,10.0,0.3,-1.56,0.0,0.0,-0.76,3.0,1.32,10.0,0.3,-8.47,-6.7,-6.42,-7.43,3.0,1.63,10.0,0.3,1011.63,1013.0,1016.41,1014.0,3.0,3.61,10.0,0.3,,,,,,,,,,,,,,,,,,,,,,,,,,,,,,,,,,,,,,,,,,,,,,,,,,,,,,,,,,,,,,,,,,,,,,,,,,,,,,,,,,,,,,,,,,,,,,,,,,,,,,,,,,,,,,,,,,,,,,,,
1911,2,-109.5,-47.5,,,,,,,,,,,,,,,,,,,,,,,,,,,,,,,,,19.0,19.0,19.0,19.0,1.0,0.0,18.0,0.0,13.44,13.44,13.44,13.44,1.0,0.0,18.0,0.0,13.44,13.44,13.44,13.44,1.0,0.0,18.0,0.0,1006.0,1006.0,1006.0,1006.0,1.0,0.0,18.0,0.0,,,,,,,,,,,,,,,,,,,,,,,,,,,,,,,,,,,,,,,,,,,,,,,,,,,,,,,,,,,,,,,,,,,,,,,,,,,,,,,,,,,,,,,,,,,,,,,,,,,,,,,,,,,,,,,,,,,,,,,,
1911,2,-109.5,22.5,,,,,,,,,,,,,,,,,,,,,,,,,,,,,,,,,1.0,2.6,9.8,4.49,7.0,3.83,18.0,0.9,-0.09,2.41,9.09,3.28,7.0,4.41,18.0,0.9,-1.04,1.0,3.67,1.19,7.0,2.1,18.0,0.9,1013.29,1014.1,1015.01,1014.11,7.0,0.86,18.0,0.9,,,,,,,,,,,,,,,,,,,,,,,,,,,,,,,,,,,,,,,,,,,,,,,,,,,,,,,,,,,,,,,,,,,,,,,,,,,,,,,,,,,,,,,,,,,,,,,,,,,,,,,,,,,,,,,,,,,,,,,,
1911,2,-109.5,24.5,,,,,,,,,,,,,,,,,,,,,,,,,,,,,,,,,2.6,4.65,6.7,4.65,4.0,2.37,20.0,1.0,0.97,1.74,3.68,2.3,4.0,1.78,20.0,1.0,-5.51,-3.57,-2.41,-3.94,4.0,1.87,20.0,1.0,1015.54,1016.95,1019.1,1017.3,4.0,2.17,20.0,1.0,,,,,,,,,,,,,,,,,,,,,,,,,,,,,,,,,,,,,,,,,,,,,,,,,,,,,,,,,,,,,,,,,,,,,,,,,,,,,,,,,,,,,,,,,,,,,,,,,,,,,,,,,,,,,,,,,,,,,,,,
1911,2,-109.4,-45.6,,,,,,,,,,,,,,,,,,,,,,,,,,,,,,,,,7.53,9.3,9.3,8.43,3.0,1.5,10.0,0.7,5.32,6.58,6.58,5.96,3.0,1.06,10.0,0.7,-6.58,-6.58,-5.32,-5.96,3.0,1.06,10.0,0.7,1016.63,1018.0,1018.27,1017.47,3.0,1.29,10.0,0.7,,,,,,,,,,,,,,,,,,,,,,,,,,,,,,,,,,,,,,,,,,,,,,,,,,,,,,,,,,,,,,,,,,,,,,,,,,,,,,,,,,,,,,,,,,,,,,,,,,,,,,,,,,,,,,,,,,,,,,,,
1911,2,-109.4,16.2,,,,,,,,,,,,,,,,,,,,,,,,,,,,,,,,,6.7,6.7,6.82,7.07,7.0,0.98,8.0,0.7,-4.74,-2.62,0.0,-2.48,7.0,1.94,8.0,0.7,-6.82,-6.17,-4.74,-6.28,7.0,1.53,8.0,0.7,1011.0,1013.0,1014.19,1013.19,7.0,2.41,8.0,0.7,,,,,,,,,,,,,,,,,,,,,,,,,,,,,,,,,,,,,,,,,,,,,,,,,,,,,,,,,,,,,,,,,,,,,,,,,,,,,,,,,,,,,,,,,,,,,,,,,,,,,,,,,,,,,,,,,,,,,,,,
1911,2,-109.3,-49.2,,,,,,,,,,,,,,,,,,,,,,,,,,,,,,,,,1.0,1.8,4.47,3.15,14.0,3.91,6.0,0.6,-0.93,-0.35,4.12,1.19,14.0,3.69,6.0,0.6,-1.0,0.55,1.02,0.78,14.0,3.19,6.0,0.6,1020.9,1028.5,1030.21,1025.17,6.0,8.33,4.0,0.7,,,,,,,,,,,,,,,,,,,,,,,,,,,,,,,,,,,,,,,,,,,,,,,,,,,,,,,,,,,,,,,,,,,,,,,,,,,,,,,,,,,,,,,,,,,,,,,,,,,,,,,,,,,,,,,,,,,,,,,,
1911,2,-109.3,10.3,,,,,,,,,,,,,,,,,,,,,,,,,,,,,,,,,6.7,6.7,8.06,7.35,4.0,1.3,10.0,0.8,-6.4,-6.21,-5.44,-5.93,4.0,0.82,10.0,0.8,-5.7,-3.62,-2.51,-4.08,4.0,1.97,10.0,0.8,1008.0,1009.0,1010.05,1009.03,4.0,1.18,10.0,0.8,,,,,,,,,,,,,,,,,,,,,,,,,,,,,,,,,,,,,,,,,,,,,,,,,,,,,,,,,,,,,,,,,,,,,,,,,,,,,,,,,,,,,,,,,,,,,,,,,,,,,,,,,,,,,,,,,,,,,,,,
1911,2,-109.3,18.4,,,,,,,,,,,,,,,,,,,,,,,,,,,,,,,,,6.7,6.7,9.3,7.74,5.0,1.42,12.0,0.2,0.0,0.0,1.96,0.9,5.0,1.46,12.0,0.2,-9.3,-6.7,-6.31,-7.54,5.0,1.64,12.0,0.2,1015.0,1015.0,1015.0,1015.0,2.0,0.0,10.0,0.0,,,,,,,,,,,,,,,,,,,,,,,,,,,,,,,,,,,,,,,,,,,,,,,,,,,,,,,,,,,,,,,,,,,,,,,,,,,,,,,,,,,,,,,,,,,,,,,,,,,,,,,,,,,,,,,,,,,,,,,,
1911,2,-109.2,-51.5,,,,,,,,,,,,,,,,,,,,,,,,,,,,,,,,,9.3,9.3,9.3,9.3,2.0,0.0,6.0,0.5,6.9,7.6,8.3,7.6,2.0,1.45,6.0,0.5,-4.98,-1.55,1.89,-1.55,2.0,7.11,6.0,0.5,1003.0,1003.0,1003.0,1003.0,2.0,0.0,6.0,0.5,,,,,,,,,,,,,,,,,,,,,,,,,,,,,,,,,,,,,,,,,,,,,,,,,,,,,,,,,,,,,,,,,,,,,,,,,,,,,,,,,,,,,,,,,,,,,,,,,,,,,,,,,,,,,,,,,,,,,,,,
1911,2,-109.2,-1.2,,,,,,,,,,,,,,,,,,,,,,,,,,,,,,,,,4.6,4.6,6.03,5.3,3.0,1.21,18.0,0.3,-4.35,-3.52,-3.52,-3.93,3.0,0.7,18.0,0.3,2.96,2.96,4.17,3.55,3.0,1.03,18.0,0.3,1008.32,1009.0,1011.05,1009.67,3.0,2.08,18.0,0.3,,,,,,,,,,,,,,,,,,,,,,,,,,,,,,,,,,,,,,,,,,,,,,,,,,,,,,,,,,,,,,,,,,,,,,,,,,,,,,,,,,,,,,,,,,,,,,,,,,,,,,,,,,,,,,,,,,,,,,,,
1911,2,-109.2,12.3,,,,,,,,,,,,,,,,,,,,,,,,,,,,,,,,,3.23,4.6,7.81,5.5,3.0,3.44,4.0,0.3,-5.84,-4.27,-3.0,-4.42,3.0,2.09,4.0,0.3,-5.04,-1.72,-1.21,-3.09,3.0,3.04,4.0,0.3,1011.0,1011.0,1011.0,1011.0,3.0,0.0,4.0,0.3,,,,,,,,,,,,,,,,,,,,,,,,,,,,,,,,,,,,,,,,,,,,,,,,,,,,,,,,,,,,,,,,,,,,,,,,,,,,,,,,,,,,,,,,,,,,,,,,,,,,,,,,,,,,,,,,,,,,,,,,
1911,2,-109.2,14.1,,,,,,,,,,,,,,,,,,,,,,,,,,,,,,,,,1.0,2.6,5.47,3.33,11.0,2.6,4.0,0.4,-3.37,-0.71,0.0,-1.71,11.0,2.17,4.0,0.4,-4.66,-1.84,-0.86,-2.56,11.0,1.95,4.0,0.4,1011.0,1012.0,1013.0,1012.21,11.0,1.22,4.0,0.4,,,,,,,,,,,,,,,,,,,,,,,,,,,,,,,,,,,,,,,,,,,,,,,,,,,,,,,,,,,,,,,,,,,,,,,,,,,,,,,,,,,,,,,,,,,,,,,,,,,,,,,,,,,,,,,,,,,,,,,,
1911,2,-109.1,0.1,,,,,,,,,,,,,,,,,,,,,,,,,,,,,,,,,1.24,3.6,4.6,2.95,4.0,2.18,22.0,0.8,-3.25,-2.55,-0.88,-2.09,4.0,1.54,22.0,0.8,0.88,2.55,3.25,2.09,4.0,1.54,22.0,0.8,1009.79,1011.75,1013.0,1011.42,6.0,1.63,22.0,0.5,,,,,,,,,,,,,,,,,,,,,,,,,,,,,,,,,,,,,,,,,,,,,,,,,,,,,,,,,,,,,,,,,,,,,,,,,,,,,,,,,,,,,,,,,,,,,,,,,,,,,,,,,,,,,,,,,,,,,,,,
1911,2,-109.0,-3.0,,,,,,,,,,,,,,,,,,,,,,,,,,,,,,,,,6.7,6.7,6.7,6.7,1.0,0.0,8.0,1.0,-4.74,-4.74,-4.74,-4.74,1.0,0.0,8.0,1.0,4.74,4.74,4.74,4.74,1.0,0.0,8.0,1.0,1006.0,1008.0,1008.62,1007.48,5.0,1.4,8.0,0.6,,,,,,,,,,,,,,,,,,,,,,,,,,,,,,,,,,,,,,,,,,,,,,,,,,,,,,,,,,,,,,,,,,,,,,,,,,,,,,,,,,,,,,,,,,,,,,,,,,,,,,,,,,,,,,,,,,,,,,,,
1911,2,-107.6,-1.4,,,,,,,,,,,,,,,,,,,,,,,,,,,,,,,,,0.48,1.8,4.75,2.58,4.0,2.95,20.0,0.5,-3.1,-0.84,-0.18,-1.6,4.0,2.16,20.0,0.5,0.44,1.59,3.55,1.98,4.0,2.06,20.0,0.5,1008.95,1010.0,1010.31,1009.65,4.0,1.14,20.0,0.5,,,,,,,,,,,,,,,,,,,,,,,,,,,,,,,,,,,,,,,,,,,,,,,,,,,,,,,,,,,,,,,,,,,,,,,,,,,,,,,,,,,,,,,,,,,,,,,,,,,,,,,,,,,,,,,,,,,,,,,,
1911,2,-107.6,14.2,,,,,,,,,,,,,,,,,,,,,,,,,,,,,,,,,6.7,6.7,6.7,6.7,4.0,0.0,8.0,0.8,-4.74,-4.74,-4.74,-4.74,4.0,0.0,8.0,0.8,-4.74,-4.74,-4.74,-4.74,4.0,0.0,8.0,0.8,1008.48,1009.95,1011.48,1009.98,4.0,1.81,8.0,0.8,,,,,,,,,,,,,,,,,,,,,,,,,,,,,,,,,,,,,,,,,,,,,,,,,,,,,,,,,,,,,,,,,,,,,,,,,,,,,,,,,,,,,,,,,,,,,,,,,,,,,,,,,,,,,,,,,,,,,,,,
1911,2,-107.5,-51.5,,,,,,,,,,,,,,,,,,,,,,,,,,,,,,,,,9.3,9.3,9.3,9.3,1.0,0.0,6.0,0.0,6.58,6.58,6.58,6.58,1.0,0.0,6.0,0.0,6.58,6.58,6.58,6.58,1.0,0.0,6.0,0.0,1003.0,1003.0,1003.0,1003.0,1.0,0.0,6.0,0.0,,,,,,,,,,,,,,,,,,,,,,,,,,,,,,,,,,,,,,,,,,,,,,,,,,,,,,,,,,,,,,,,,,,,,,,,,,,,,,,,,,,,,,,,,,,,,,,,,,,,,,,,,,,,,,,,,,,,,,,,
1911,2,-107.5,0.0,,,,,,,,,,,,,,,,,,,,,,,,,,,,,,,,,2.6,2.6,2.6,2.6,1.0,0.0,22.0,0.0,-0.97,-0.97,-0.97,-0.97,1.0,0.0,22.0,0.0,2.41,2.41,2.41,2.41,1.0,0.0,22.0,0.0,1010.0,1010.0,1010.0,1010.0,1.0,0.0,22.0,0.0,,,,,,,,,,,,,,,,,,,,,,,,,,,,,,,,,,,,,,,,,,,,,,,,,,,,,,,,,,,,,,,,,,,,,,,,,,,,,,,,,,,,,,,,,,,,,,,,,,,,,,,,,,,,,,,,,,,,,,,,
1911,2,-107.5,10.5,,,,,,,,,,,,,,,,,,,,,,,,,,,,,,,,,6.7,6.7,6.7,6.7,1.0,0.0,2.0,0.0,-6.21,-6.21,-6.21,-6.21,1.0,0.0,2.0,0.0,-2.51,-2.51,-2.51,-2.51,1.0,0.0,2.0,0.0,1012.0,1012.0,1012.0,1012.0,1.0,0.0,2.0,0.0,,,,,,,,,,,,,,,,,,,,,,,,,,,,,,,,,,,,,,,,,,,,,,,,,,,,,,,,,,,,,,,,,,,,,,,,,,,,,,,,,,,,,,,,,,,,,,,,,,,,,,,,,,,,,,,,,,,,,,,,
1911,2,-107.4,-53.2,,,,,,,,,,,,,,,,,,,,,,,,,,,,,,,,,6.7,6.7,12.62,10.06,7.0,4.75,12.0,0.7,4.39,4.74,6.26,4.71,7.0,2.27,12.0,0.7,-12.55,-4.74,2.62,-6.08,7.0,8.15,12.0,0.7,1001.32,1002.0,1016.33,1008.67,3.0,12.42,6.0,0.3,,,,,,,,,,,,,,,,,,,,,,,,,,,,,,,,,,,,,,,,,,,,,,,,,,,,,,,,,,,,,,,,,,,,,,,,,,,,,,,,,,,,,,,,,,,,,,,,,,,,,,,,,,,,,,,,,,,,,,,,
1911,2,-107.4,-49.4,,,,,,,,,,,,,,,,,,,,,,,,,,,,,,,,,2.6,4.6,9.3,5.76,10.0,3.58,12.0,0.5,2.39,3.74,8.67,4.92,10.0,3.05,12.0,0.5,-1.46,0.19,3.38,1.26,10.0,3.42,12.0,0.5,1013.39,1014.0,1014.68,1014.03,3.0,0.95,18.0,0.7,,,,,,,,,,,,,,,,,,,,,,,,,,,,,,,,,,,,,,,,,,,,,,,,,,,,,,,,,,,,,,,,,,,,,,,,,,,,,,,,,,,,,,,,,,,,,,,,,,,,,,,,,,,,,,,,,,,,,,,,
1911,2,-107.4,18.3,,,,,,,,,,,,,,,,,,,,,,,,,,,,,,,,,6.99,9.3,9.3,8.65,8.0,1.2,12.0,0.6,0.0,2.74,3.48,2.3,8.0,2.17,12.0,0.6,-9.24,-8.62,-6.75,-8.09,8.0,1.2,12.0,0.6,1012.95,1015.0,1016.0,1014.5,4.0,1.91,10.0,0.8,,,,,,,,,,,,,,,,,,,,,,,,,,,,,,,,,,,,,,,,,,,,,,,,,,,,,,,,,,,,,,,,,,,,,,,,,,,,,,,,,,,,,,,,,,,,,,,,,,,,,,,,,,,,,,,,,,,,,,,,
1911,2,-107.4,22.6,,,,,,,,,,,,,,,,,,,,,,,,,,,,,,,,,4.6,4.6,4.6,4.6,3.0,0.0,14.0,0.0,3.57,4.27,4.27,3.93,3.0,0.58,14.0,0.0,-1.67,1.72,1.72,0.06,3.0,2.87,14.0,0.0,1013.95,1014.5,1014.57,1014.27,3.0,0.49,14.0,0.0,,,,,,,,,,,,,,,,,,,,,,,,,,,,,,,,,,,,,,,,,,,,,,,,,,,,,,,,,,,,,,,,,,,,,,,,,,,,,,,,,,,,,,,,,,,,,,,,,,,,,,,,,,,,,,,,,,,,,,,,
1911,2,-107.3,-47.0,,,,,,,,,,,,,,,,,,,,,,,,,,,,,,,,,7.53,9.3,11.35,9.43,3.0,2.8,10.0,0.3,5.32,6.58,8.02,6.67,3.0,1.98,10.0,0.3,-8.02,-6.58,-5.32,-6.67,3.0,1.98,10.0,0.3,1017.0,1017.0,1017.68,1017.33,3.0,0.58,10.0,0.3,,,,,,,,,,,,,,,,,,,,,,,,,,,,,,,,,,,,,,,,,,,,,,,,,,,,,,,,,,,,,,,,,,,,,,,,,,,,,,,,,,,,,,,,,,,,,,,,,,,,,,,,,,,,,,,,,,,,,,,,
1911,2,-107.3,12.3,,,,,,,,,,,,,,,,,,,,,,,,,,,,,,,,,4.6,4.6,6.7,5.36,11.0,1.06,4.0,0.5,-5.35,-4.27,-3.25,-4.43,11.0,1.04,4.0,0.5,-3.87,-2.51,-1.72,-2.83,11.0,1.14,4.0,0.5,1009.59,1011.0,1013.0,1011.01,11.0,1.78,4.0,0.5,,,,,,,,,,,,,,,,,,,,,,,,,,,,,,,,,,,,,,,,,,,,,,,,,,,,,,,,,,,,,,,,,,,,,,,,,,,,,,,,,,,,,,,,,,,,,,,,,,,,,,,,,,,,,,,,,,,,,,,,
1911,2,-107.2,-3.2,,,,,,,,,,,,,,,,,,,,,,,,,,,,,,,,,2.6,2.6,4.75,3.63,4.0,2.05,20.0,0.3,-2.19,-1.41,-0.97,-1.57,4.0,0.75,20.0,0.3,2.11,2.41,4.4,3.22,4.0,2.01,20.0,0.3,1007.79,1008.5,1010.21,1008.83,6.0,1.47,18.0,0.3,,,,,,,,,,,,,,,,,,,,,,,,,,,,,,,,,,,,,,,,,,,,,,,,,,,,,,,,,,,,,,,,,,,,,,,,,,,,,,,,,,,,,,,,,,,,,,,,,,,,,,,,,,,,,,,,,,,,,,,,
1911,2,-107.2,8.3,,,,,,,,,,,,,,,,,,,,,,,,,,,,,,,,,6.7,6.7,8.47,7.57,3.0,1.5,8.0,0.7,-8.01,-6.7,-6.7,-7.34,3.0,1.11,8.0,0.7,-2.38,0.0,0.0,-1.16,3.0,2.01,8.0,0.7,1008.48,1009.0,1009.31,1008.9,4.0,0.66,8.0,0.5,,,,,,,,,,,,,,,,,,,,,,,,,,,,,,,,,,,,,,,,,,,,,,,,,,,,,,,,,,,,,,,,,,,,,,,,,,,,,,,,,,,,,,,,,,,,,,,,,,,,,,,,,,,,,,,,,,,,,,,,
1911,2,-107.2,20.8,,,,,,,,,,,,,,,,,,,,,,,,,,,,,,,,,4.6,4.6,4.6,4.6,1.0,0.0,14.0,0.0,3.25,3.25,3.25,3.25,1.0,0.0,14.0,0.0,-3.25,-3.25,-3.25,-3.25,1.0,0.0,14.0,0.0,1014.4,1014.4,1014.4,1014.4,1.0,0.0,14.0,0.0,,,,,,,,,,,,,,,,,,,,,,,,,,,,,,,,,,,,,,,,,,,,,,,,,,,,,,,,,,,,,,,,,,,,,,,,,,,,,,,,,,,,,,,,,,,,,,,,,,,,,,,,,,,,,,,,,,,,,,,,
1911,2,-107.1,-5.1,,,,,,,,,,,,,,,,,,,,,,,,,,,,,,,,,6.7,9.3,9.3,8.19,7.0,1.39,12.0,0.7,-6.58,-6.58,-4.63,-5.47,7.0,1.57,12.0,0.7,4.74,6.58,6.58,6.0,7.0,0.87,12.0,0.7,1008.0,1009.0,1010.89,1009.13,8.0,1.89,14.0,0.6,,,,,,,,,,,,,,,,,,,,,,,,,,,,,,,,,,,,,,,,,,,,,,,,,,,,,,,,,,,,,,,,,,,,,,,,,,,,,,,,,,,,,,,,,,,,,,,,,,,,,,,,,,,,,,,,,,,,,,,,
1911,2,-107.0,6.5,,,,,,,,,,,,,,,,,,,,,,,,,,,,,,,,,7.11,8.0,8.89,8.0,2.0,1.84,8.0,0.5,-8.89,-8.0,-7.11,-8.0,2.0,1.84,8.0,0.5,0.0,0.0,0.0,0.0,2.0,0.0,8.0,0.5,1007.32,1008.0,1008.68,1008.0,2.0,1.41,8.0,0.5,,,,,,,,,,,,,,,,,,,,,,,,,,,,,,,,,,,,,,,,,,,,,,,,,,,,,,,,,,,,,,,,,,,,,,,,,,,,,,,,,,,,,,,,,,,,,,,,,,,,,,,,,,,,,,,,,,,,,,,,
1911,2,-105.7,20.5,,,,,,,,,,,,,,,,,,,,,,,,,,,,,,,,,2.92,3.6,4.28,3.6,2.0,1.41,12.0,0.5,2.06,2.55,3.03,2.55,2.0,1.0,12.0,0.5,-3.03,-2.55,-2.06,-2.55,2.0,1.0,12.0,0.5,1013.49,1013.9,1014.31,1013.9,2.0,0.85,12.0,0.5,,,,,,,,,,,,,,,,,,,,,,,,,,,,,,,,,,,,,,,,,,,,,,,,,,,,,,,,,,,,,,,,,,,,,,,,,,,,,,,,,,,,,,,,,,,,,,,,,,,,,,,,,,,,,,,,,,,,,,,,
1911,2,-105.5,-53.3,,,,,,,,,,,,,,,,,,,,,,,,,,,,,,,,,2.6,3.6,9.24,6.35,6.0,6.41,10.0,0.7,1.16,2.6,5.23,2.96,6.0,2.76,10.0,0.7,-7.4,-3.33,0.0,-4.84,6.0,6.58,10.0,0.7,997.43,999.5,1000.84,999.15,4.0,2.36,6.0,0.5,,,,,,,,,,,,,,,,,,,,,,,,,,,,,,,,,,,,,,,,,,,,,,,,,,,,,,,,,,,,,,,,,,,,,,,,,,,,,,,,,,,,,,,,,,,,,,,,,,,,,,,,,,,,,,,,,,,,,,,,
1911,2,-105.5,-5.5,,,,,,,,,,,,,,,,,,,,,,,,,,,,,,,,,6.7,6.7,6.7,6.7,3.0,0.0,6.0,0.3,-4.74,-4.74,-4.74,-4.74,3.0,0.0,6.0,0.3,4.74,4.74,4.74,4.74,3.0,0.0,6.0,0.3,1007.32,1008.0,1008.68,1008.0,3.0,1.0,6.0,0.3,,,,,,,,,,,,,,,,,,,,,,,,,,,,,,,,,,,,,,,,,,,,,,,,,,,,,,,,,,,,,,,,,,,,,,,,,,,,,,,,,,,,,,,,,,,,,,,,,,,,,,,,,,,,,,,,,,,,,,,,
1911,2,-105.4,10.3,,,,,,,,,,,,,,,,,,,,,,,,,,,,,,,,,4.6,6.7,6.7,6.0,6.0,1.08,6.0,0.5,-6.21,-5.47,-4.06,-5.15,6.0,1.26,6.0,0.5,-3.56,-2.51,-2.35,-2.87,6.0,1.03,6.0,0.5,1008.79,1010.0,1010.76,1009.78,6.0,1.11,6.0,0.5,,,,,,,,,,,,,,,,,,,,,,,,,,,,,,,,,,,,,,,,,,,,,,,,,,,,,,,,,,,,,,,,,,,,,,,,,,,,,,,,,,,,,,,,,,,,,,,,,,,,,,,,,,,,,,,,,,,,,,,,
1911,2,-105.4,18.3,,,,,,,,,,,,,,,,,,,,,,,,,,,,,,,,,0.38,1.8,4.6,2.11,16.0,1.74,12.0,0.4,-0.24,0.44,2.28,0.55,16.0,1.67,12.0,0.4,-3.25,-0.92,0.0,-1.5,16.0,1.51,12.0,0.4,1011.9,1014.0,1015.55,1013.73,13.0,1.69,12.0,0.5,,,,,,,,,,,,,,,,,,,,,,,,,,,,,,,,,,,,,,,,,,,,,,,,,,,,,,,,,,,,,,,,,,,,,,,,,,,,,,,,,,,,,,,,,,,,,,,,,,,,,,,,,,,,,,,,,,,,,,,,
1911,2,-105.3,-49.5,,,,,,,,,,,,,,,,,,,,,,,,,,,,,,,,,10.25,12.3,16.87,13.53,3.0,4.97,18.0,0.3,9.44,11.32,16.56,12.96,3.0,5.41,18.0,0.3,-4.43,-3.63,-1.15,-2.81,3.0,2.51,18.0,0.3,1015.0,1015.0,1015.0,1015.0,1.0,0.0,20.0,0.0,,,,,,,,,,,,,,,,,,,,,,,,,,,,,,,,,,,,,,,,,,,,,,,,,,,,,,,,,,,,,,,,,,,,,,,,,,,,,,,,,,,,,,,,,,,,,,,,,,,,,,,,,,,,,,,,,,,,,,,,
1911,2,-105.3,-7.2,,,,,,,,,,,,,,,,,,,,,,,,,,,,,,,,,6.7,6.7,9.3,7.62,9.0,1.72,12.0,0.6,-6.58,-4.74,-4.74,-5.39,9.0,1.22,12.0,0.6,4.74,4.74,6.58,5.39,9.0,1.22,12.0,0.6,1009.0,1010.0,1012.73,1010.5,9.0,1.91,12.0,0.6,,,,,,,,,,,,,,,,,,,,,,,,,,,,,,,,,,,,,,,,,,,,,,,,,,,,,,,,,,,,,,,,,,,,,,,,,,,,,,,,,,,,,,,,,,,,,,,,,,,,,,,,,,,,,,,,,,,,,,,,
1911,2,-105.2,-51.0,,,,,,,,,,,,,,,,,,,,,,,,,,,,,,,,,5.93,6.7,15.4,9.76,5.0,5.22,10.0,0.4,4.2,4.74,14.18,8.22,5.0,5.47,10.0,0.4,-6.02,3.25,4.74,0.14,5.0,5.65,10.0,0.4,1015.0,1015.0,1015.0,1015.0,2.0,0.0,20.0,0.5,,,,,,,,,,,,,,,,,,,,,,,,,,,,,,,,,,,,,,,,,,,,,,,,,,,,,,,,,,,,,,,,,,,,,,,,,,,,,,,,,,,,,,,,,,,,,,,,,,,,,,,,,,,,,,,,,,,,,,,,
1911,2,-105.2,-47.5,,,,,,,,,,,,,,,,,,,,,,,,,,,,,,,,,12.79,13.85,14.91,13.85,2.0,2.19,12.0,0.5,4.79,5.19,5.58,5.19,2.0,0.82,12.0,0.5,-13.82,-12.84,-11.86,-12.84,2.0,2.03,12.0,0.5,1015.0,1015.0,1015.0,1015.0,2.0,0.0,12.0,0.5,,,,,,,,,,,,,,,,,,,,,,,,,,,,,,,,,,,,,,,,,,,,,,,,,,,,,,,,,,,,,,,,,,,,,,,,,,,,,,,,,,,,,,,,,,,,,,,,,,,,,,,,,,,,,,,,,,,,,,,,
1911,2,-105.2,4.2,,,,,,,,,,,,,,,,,,,,,,,,,,,,,,,,,4.6,6.7,6.7,6.0,6.0,1.08,8.0,0.5,-6.7,-6.7,-4.23,-5.88,6.0,1.27,8.0,0.5,0.0,0.0,1.8,0.6,6.0,0.93,8.0,0.5,1005.79,1007.5,1008.14,1007.12,6.0,1.4,8.0,0.5,,,,,,,,,,,,,,,,,,,,,,,,,,,,,,,,,,,,,,,,,,,,,,,,,,,,,,,,,,,,,,,,,,,,,,,,,,,,,,,,,,,,,,,,,,,,,,,,,,,,,,,,,,,,,,,,,,,,,,,,
1911,2,-105.0,-9.4,,,,,,,,,,,,,,,,,,,,,,,,,,,,,,,,,2.6,4.6,7.24,5.07,6.0,2.58,18.0,0.5,-5.12,-3.25,-2.56,-3.8,6.0,1.59,18.0,0.5,0.81,3.25,5.12,3.14,6.0,2.4,18.0,0.5,1012.79,1013.0,1014.08,1013.23,6.0,0.85,18.0,0.5,,,,,,,,,,,,,,,,,,,,,,,,,,,,,,,,,,,,,,,,,,,,,,,,,,,,,,,,,,,,,,,,,,,,,,,,,,,,,,,,,,,,,,,,,,,,,,,,,,,,,,,,,,,,,,,,,,,,,,,,
1911,2,-105.0,2.5,,,,,,,,,,,,,,,,,,,,,,,,,,,,,,,,,1.0,2.6,2.6,2.14,7.0,0.78,6.0,0.6,-1.05,-0.97,-0.91,-1.16,7.0,0.64,6.0,0.6,0.37,2.41,2.41,1.53,7.0,1.11,6.0,0.6,1006.95,1007.9,1008.05,1007.56,7.0,0.97,6.0,0.6,,,,,,,,,,,,,,,,,,,,,,,,,,,,,,,,,,,,,,,,,,,,,,,,,,,,,,,,,,,,,,,,,,,,,,,,,,,,,,,,,,,,,,,,,,,,,,,,,,,,,,,,,,,,,,,,,,,,,,,,
1911,2,-105.0,8.5,,,,,,,,,,,,,,,,,,,,,,,,,,,,,,,,,6.7,6.7,6.7,6.7,1.0,0.0,6.0,0.0,-4.74,-4.74,-4.74,-4.74,1.0,0.0,6.0,0.0,-4.74,-4.74,-4.74,-4.74,1.0,0.0,6.0,0.0,1010.0,1010.0,1010.0,1010.0,1.0,0.0,6.0,0.0,,,,,,,,,,,,,,,,,,,,,,,,,,,,,,,,,,,,,,,,,,,,,,,,,,,,,,,,,,,,,,,,,,,,,,,,,,,,,,,,,,,,,,,,,,,,,,,,,,,,,,,,,,,,,,,,,,,,,,,,
1911,2,-103.7,-47.7,,,,,,,,,,,,,,,,,,,,,,,,,,,,,,,,,15.4,15.4,15.4,15.4,1.0,0.0,12.0,1.0,10.89,10.89,10.89,10.89,1.0,0.0,12.0,1.0,-10.89,-10.89,-10.89,-10.89,1.0,0.0,12.0,1.0,1013.3,1013.3,1013.3,1013.3,1.0,0.0,12.0,1.0,,,,,,,,,,,,,,,,,,,,,,,,,,,,,,,,,,,,,,,,,,,,,,,,,,,,,,,,,,,,,,,,,,,,,,,,,,,,,,,,,,,,,,,,,,,,,,,,,,,,,,,,,,,,,,,,,,,,,,,,
1911,2,-103.60000000000002,2.1,,,,,,,,,,,,,,,,,,,,,,,,,,,,,,,,,1.18,2.6,4.38,2.7,8.0,1.36,4.0,0.6,-0.97,0.0,0.0,-0.64,8.0,1.14,4.0,0.6,1.16,2.6,3.18,2.43,8.0,1.29,4.0,0.6,1008.0,1008.8,1009.18,1008.6,8.0,0.92,4.0,0.6,,,,,,,,,,,,,,,,,,,,,,,,,,,,,,,,,,,,,,,,,,,,,,,,,,,,,,,,,,,,,,,,,,,,,,,,,,,,,,,,,,,,,,,,,,,,,,,,,,,,,,,,,,,,,,,,,,,,,,,,
1911,2,-103.60000000000002,8.4,,,,,,,,,,,,,,,,,,,,,,,,,,,,,,,,,4.6,4.6,6.03,5.3,3.0,1.21,4.0,1.0,-4.27,-3.25,-3.25,-3.75,3.0,0.86,4.0,1.0,-4.27,-3.25,-3.25,-3.75,3.0,0.86,4.0,1.0,1008.48,1009.5,1010.37,1009.43,4.0,1.18,4.0,0.8,,,,,,,,,,,,,,,,,,,,,,,,,,,,,,,,,,,,,,,,,,,,,,,,,,,,,,,,,,,,,,,,,,,,,,,,,,,,,,,,,,,,,,,,,,,,,,,,,,,,,,,,,,,,,,,,,,,,,,,,
1911,2,-103.60000000000002,18.1,,,,,,,,,,,,,,,,,,,,,,,,,,,,,,,,,0.79,2.6,3.01,2.23,6.0,1.58,10.0,0.2,-0.89,0.47,3.01,1.06,6.0,2.17,10.0,0.2,-2.44,0.0,0.07,-0.76,6.0,1.31,10.0,0.2,1011.16,1011.5,1011.84,1011.5,2.0,0.71,12.0,0.0,1.0,1.5,2.6,2.0,6.0,1.5,10.0,0.2,-2.3,0.5,9.7,4.0,6.0,9.0,10.0,0.2,-6.4,0.0,0.1,-2.1,6.0,3.3,10.0,0.2,,,,,,,,,,,,,,,,,,,,,,,,,,,,,,,,,,,,,,,,,,,,,,,,,,,,,,,,,,,,,,,,,,,,,,,,,,,,,,,,,,,,,,,,,,,,,,,,
1911,2,-103.5,-11.4,,,,,,,,,,,,,,,,,,,,,,,,,,,,,,,,,4.6,6.7,7.65,6.38,5.0,1.94,16.0,0.6,-7.04,-4.74,-3.88,-5.39,5.0,2.06,16.0,0.6,2.32,3.25,4.04,3.21,5.0,1.1,16.0,0.6,1012.27,1013.0,1013.81,1012.94,5.0,1.17,16.0,0.6,,,,,,,,,,,,,,,,,,,,,,,,,,,,,,,,,,,,,,,,,,,,,,,,,,,,,,,,,,,,,,,,,,,,,,,,,,,,,,,,,,,,,,,,,,,,,,,,,,,,,,,,,,,,,,,,,,,,,,,,
1911,2,-103.5,-7.5,,,,,,,,,,,,,,,,,,,,,,,,,,,,,,,,,2.6,4.6,4.6,3.93,6.0,1.03,6.0,0.5,-3.25,-3.25,-1.84,-2.78,6.0,0.73,6.0,0.5,1.84,3.25,3.25,2.78,6.0,0.73,6.0,0.5,1008.79,1009.85,1010.21,1009.62,6.0,1.02,6.0,0.5,,,,,,,,,,,,,,,,,,,,,,,,,,,,,,,,,,,,,,,,,,,,,,,,,,,,,,,,,,,,,,,,,,,,,,,,,,,,,,,,,,,,,,,,,,,,,,,,,,,,,,,,,,,,,,,,,,,,,,,,
1911,2,-103.39999999999998,-53.4,,,,,,,,,,,,,,,,,,,,,,,,,,,,,,,,,11.2,12.3,16.71,13.66,5.0,3.68,6.0,0.4,-5.45,0.0,7.66,0.87,5.0,6.84,6.0,0.4,-14.54,-12.3,-9.59,-12.12,5.0,3.94,6.0,0.4,980.84,982.0,986.1,983.43,3.0,4.05,8.0,0.7,,,,,,,,,,,,,,,,,,,,,,,,,,,,,,,,,,,,,,,,,,,,,,,,,,,,,,,,,,,,,,,,,,,,,,,,,,,,,,,,,,,,,,,,,,,,,,,,,,,,,,,,,,,,,,,,,,,,,,,,
1911,2,-103.2,-55.2,,,,,,,,,,,,,,,,,,,,,,,,,,,,,,,,,15.4,15.4,15.4,15.4,1.0,0.0,6.0,1.0,10.89,10.89,10.89,10.89,1.0,0.0,6.0,1.0,-10.89,-10.89,-10.89,-10.89,1.0,0.0,6.0,1.0,1010.3,1010.3,1010.3,1010.3,1.0,0.0,6.0,1.0,,,,,,,,,,,,,,,,,,,,,,,,,,,,,,,,,,,,,,,,,,,,,,,,,,,,,,,,,,,,,,,,,,,,,,,,,,,,,,,,,,,,,,,,,,,,,,,,,,,,,,,,,,,,,,,,,,,,,,,,
1911,2,-103.2,-51.3,,,,,,,,,,,,,,,,,,,,,,,,,,,,,,,,,2.6,6.7,14.56,8.0,9.0,5.48,12.0,0.8,-0.71,6.7,14.3,6.53,9.0,6.7,12.0,0.8,0.0,0.0,2.41,0.8,9.0,2.92,12.0,0.8,1015.14,1015.45,1015.76,1015.45,2.0,0.64,20.0,1.0,,,,,,,,,,,,,,,,,,,,,,,,,,,,,,,,,,,,,,,,,,,,,,,,,,,,,,,,,,,,,,,,,,,,,,,,,,,,,,,,,,,,,,,,,,,,,,,,,,,,,,,,,,,,,,,,,,,,,,,,
1911,2,-103.2,-49.0,,,,,,,,,,,,,,,,,,,,,,,,,,,,,,,,,9.78,10.8,11.82,10.8,2.0,2.12,12.0,0.5,9.0,9.94,10.88,9.94,2.0,1.95,12.0,0.5,-4.62,-4.22,-3.82,-4.22,2.0,0.83,12.0,0.5,1013.0,1013.0,1013.0,1013.0,2.0,0.0,12.0,0.5,,,,,,,,,,,,,,,,,,,,,,,,,,,,,,,,,,,,,,,,,,,,,,,,,,,,,,,,,,,,,,,,,,,,,,,,,,,,,,,,,,,,,,,,,,,,,,,,,,,,,,,,,,,,,,,,,,,,,,,,
1911,2,-103.2,16.8,,,,,,,,,,,,,,,,,,,,,,,,,,,,,,,,,1.24,2.6,3.65,2.45,4.0,1.89,6.0,0.3,0.95,2.3,3.47,2.21,4.0,1.76,6.0,0.3,0.0,0.84,1.7,0.85,4.0,0.98,6.0,0.3,1009.0,1009.0,1009.0,1009.0,1.0,0.0,10.0,1.0,1.6,3.0,3.7,2.7,3.0,1.5,8.0,0.3,2.5,6.0,13.5,7.9,4.0,8.3,6.0,0.3,0.0,2.2,6.2,3.1,4.0,3.8,6.0,0.3,,,,,,,,,,,,,,,,,,,,,,,,,,,,,,,,,,,,,,,,,,,,,,,,,,,,,,,,,,,,,,,,,,,,,,,,,,,,,,,,,,,,,,,,,,,,,,,,
1911,2,-103.10000000000002,-1.1,,,,,,,,,,,,,,,,,,,,,,,,,,,,,,,,,3.9,6.7,6.7,5.33,3.0,2.37,2.0,1.0,-3.08,-2.51,-2.16,-2.62,3.0,0.69,2.0,1.0,2.98,5.8,6.08,4.56,3.0,2.51,2.0,1.0,1009.59,1011.0,1011.44,1010.55,6.0,1.41,2.0,0.5,,,,,,,,,,,,,,,,,,,,,,,,,,,,,,,,,,,,,,,,,,,,,,,,,,,,,,,,,,,,,,,,,,,,,,,,,,,,,,,,,,,,,,,,,,,,,,,,,,,,,,,,,,,,,,,,,,,,,,,,
1911,2,-103.10000000000002,0.2,,,,,,,,,,,,,,,,,,,,,,,,,,,,,,,,,2.6,3.6,4.6,3.44,10.0,1.31,4.0,0.4,-1.84,-1.35,-0.3,-1.21,10.0,0.8,4.0,0.4,1.84,3.2,4.46,3.09,10.0,1.41,4.0,0.4,1007.9,1009.3,1011.0,1009.18,13.0,1.68,2.0,0.5,,,,,,,,,,,,,,,,,,,,,,,,,,,,,,,,,,,,,,,,,,,,,,,,,,,,,,,,,,,,,,,,,,,,,,,,,,,,,,,,,,,,,,,,,,,,,,,,,,,,,,,,,,,,,,,,,,,,,,,,
1911,2,-103.0,-33.0,,,,,,,,,,,,,,,,,,,,,,,,,,,,,,,,,4.6,4.6,4.6,4.6,1.0,0.0,28.0,0.0,-2.96,-2.96,-2.96,-2.96,1.0,0.0,28.0,0.0,-3.52,-3.52,-3.52,-3.52,1.0,0.0,28.0,0.0,1020.27,1023.0,1025.73,1023.0,2.0,5.66,28.0,0.5,,,,,,,,,,,,,,,,,,,,,,,,,,,,,,,,,,,,,,,,,,,,,,,,,,,,,,,,,,,,,,,,,,,,,,,,,,,,,,,,,,,,,,,,,,,,,,,,,,,,,,,,,,,,,,,,,,,,,,,,
1911,2,-103.0,-13.2,,,,,,,,,,,,,,,,,,,,,,,,,,,,,,,,,6.7,9.3,9.3,8.26,5.0,1.42,16.0,0.4,-8.56,-8.56,-6.17,-7.6,5.0,1.31,16.0,0.4,2.62,3.63,3.63,3.23,5.0,0.56,16.0,0.4,1011.63,1012.0,1012.95,1012.32,5.0,1.35,16.0,0.4,,,,,,,,,,,,,,,,,,,,,,,,,,,,,,,,,,,,,,,,,,,,,,,,,,,,,,,,,,,,,,,,,,,,,,,,,,,,,,,,,,,,,,,,,,,,,,,,,,,,,,,,,,,,,,,,,,,,,,,,
1911,2,-103.0,-9.1,,,,,,,,,,,,,,,,,,,,,,,,,,,,,,,,,2.6,4.6,4.6,3.8,5.0,1.1,4.0,0.6,-3.25,-3.25,-1.84,-2.69,5.0,0.77,4.0,0.6,1.84,3.25,3.25,2.69,5.0,0.77,4.0,0.6,1008.63,1010.0,1011.0,1009.8,5.0,1.3,4.0,0.6,,,,,,,,,,,,,,,,,,,,,,,,,,,,,,,,,,,,,,,,,,,,,,,,,,,,,,,,,,,,,,,,,,,,,,,,,,,,,,,,,,,,,,,,,,,,,,,,,,,,,,,,,,,,,,,,,,,,,,,,
1911,2,-101.5,-33.0,,,,,,,,,,,,,,,,,,,,,,,,,,,,,,,,,4.6,4.6,4.6,4.6,1.0,0.0,28.0,0.0,-4.6,-4.6,-4.6,-4.6,1.0,0.0,28.0,0.0,0.0,0.0,0.0,0.0,1.0,0.0,28.0,0.0,1025.32,1026.0,1026.68,1026.0,2.0,1.41,28.0,0.5,,,,,,,,,,,,,,,,,,,,,,,,,,,,,,,,,,,,,,,,,,,,,,,,,,,,,,,,,,,,,,,,,,,,,,,,,,,,,,,,,,,,,,,,,,,,,,,,,,,,,,,,,,,,,,,,,,,,,,,,
1911,2,-101.5,-15.2,,,,,,,,,,,,,,,,,,,,,,,,,,,,,,,,,6.7,6.7,8.06,7.35,4.0,1.3,16.0,0.3,-5.7,-4.74,-4.74,-5.2,4.0,0.92,16.0,0.3,4.74,4.74,5.7,5.2,4.0,0.92,16.0,0.3,1012.95,1014.0,1014.0,1013.5,4.0,1.0,16.0,0.3,,,,,,,,,,,,,,,,,,,,,,,,,,,,,,,,,,,,,,,,,,,,,,,,,,,,,,,,,,,,,,,,,,,,,,,,,,,,,,,,,,,,,,,,,,,,,,,,,,,,,,,,,,,,,,,,,,,,,,,,
1911,2,-101.5,-9.5,,,,,,,,,,,,,,,,,,,,,,,,,,,,,,,,,4.6,4.6,7.65,5.96,5.0,2.08,4.0,0.6,-5.41,-3.25,-3.25,-4.21,5.0,1.47,4.0,0.6,3.25,3.25,5.41,4.21,5.0,1.47,4.0,0.6,1007.63,1009.0,1010.37,1009.0,5.0,1.58,4.0,0.6,,,,,,,,,,,,,,,,,,,,,,,,,,,,,,,,,,,,,,,,,,,,,,,,,,,,,,,,,,,,,,,,,,,,,,,,,,,,,,,,,,,,,,,,,,,,,,,,,,,,,,,,,,,,,,,,,,,,,,,,
1911,2,-101.39999999999998,16.5,,,,,,,,,,,,,,,,,,,,,,,,,,,,,,,,,0.27,1.0,2.6,1.49,9.0,1.12,8.0,0.7,-0.47,0.34,2.28,0.69,9.0,1.3,8.0,0.7,-1.6,0.0,0.84,-0.3,9.0,1.2,8.0,0.7,1010.0,1010.0,1010.0,1010.0,3.0,0.0,10.0,0.7,1.3,2.0,2.0,2.1,9.0,1.2,8.0,0.7,-0.5,0.3,5.9,1.8,9.0,3.3,8.0,0.7,-3.7,0.0,0.8,-0.9,9.0,2.8,8.0,0.7,,,,,,,,,,,,,,,,,,,,,,,,,,,,,,,,,,,,,,,,,,,,,,,,,,,,,,,,,,,,,,,,,,,,,,,,,,,,,,,,,,,,,,,,,,,,,,,,
1911,2,-101.3,-55.0,,,,,,,,,,,,,,,,,,,,,,,,,,,,,,,,,13.28,15.4,17.86,15.57,3.0,3.35,6.0,0.7,6.2,7.12,8.2,7.19,3.0,1.47,6.0,0.7,-16.56,-14.28,-10.47,-13.53,3.0,4.51,6.0,0.7,982.63,984.0,997.65,990.0,3.0,12.17,6.0,0.7,,,,,,,,,,,,,,,,,,,,,,,,,,,,,,,,,,,,,,,,,,,,,,,,,,,,,,,,,,,,,,,,,,,,,,,,,,,,,,,,,,,,,,,,,,,,,,,,,,,,,,,,,,,,,,,,,,,,,,,,
1911,2,-101.3,-51.4,,,,,,,,,,,,,,,,,,,,,,,,,,,,,,,,,1.0,4.6,9.3,4.98,9.0,3.75,12.0,0.2,1.0,3.25,8.56,4.47,9.0,3.61,12.0,0.2,-3.63,0.0,0.0,-1.46,9.0,2.0,12.0,0.2,1015.9,1026.0,1029.05,1023.73,7.0,6.39,10.0,0.3,,,,,,,,,,,,,,,,,,,,,,,,,,,,,,,,,,,,,,,,,,,,,,,,,,,,,,,,,,,,,,,,,,,,,,,,,,,,,,,,,,,,,,,,,,,,,,,,,,,,,,,,,,,,,,,,,,,,,,,,
1911,2,-101.2,-49.3,,,,,,,,,,,,,,,,,,,,,,,,,,,,,,,,,9.3,9.3,11.35,10.3,3.0,1.73,12.0,0.3,8.56,8.56,10.45,9.48,3.0,1.59,12.0,0.3,-4.43,-3.63,-3.63,-4.02,3.0,0.68,12.0,0.3,1009.32,1010.0,1010.0,1009.67,3.0,0.58,12.0,0.3,,,,,,,,,,,,,,,,,,,,,,,,,,,,,,,,,,,,,,,,,,,,,,,,,,,,,,,,,,,,,,,,,,,,,,,,,,,,,,,,,,,,,,,,,,,,,,,,,,,,,,,,,,,,,,,,,,,,,,,,
1911,2,-101.10000000000002,-17.2,,,,,,,,,,,,,,,,,,,,,,,,,,,,,,,,,5.93,6.7,7.65,6.8,5.0,1.67,14.0,0.6,-5.41,-4.74,-4.2,-4.81,5.0,1.18,14.0,0.6,4.2,4.74,5.41,4.81,5.0,1.18,14.0,0.6,1013.08,1014.0,1015.37,1014.14,5.0,1.5,14.0,0.6,,,,,,,,,,,,,,,,,,,,,,,,,,,,,,,,,,,,,,,,,,,,,,,,,,,,,,,,,,,,,,,,,,,,,,,,,,,,,,,,,,,,,,,,,,,,,,,,,,,,,,,,,,,,,,,,,,,,,,,,
1911,2,-101.10000000000002,-11.3,,,,,,,,,,,,,,,,,,,,,,,,,,,,,,,,,6.27,6.7,6.7,6.35,6.0,0.86,2.0,0.5,-4.74,-4.74,-4.43,-4.49,6.0,0.61,2.0,0.5,4.43,4.74,4.74,4.49,6.0,0.61,2.0,0.5,1009.79,1011.5,1013.76,1011.62,6.0,2.0,2.0,0.5,,,,,,,,,,,,,,,,,,,,,,,,,,,,,,,,,,,,,,,,,,,,,,,,,,,,,,,,,,,,,,,,,,,,,,,,,,,,,,,,,,,,,,,,,,,,,,,,,,,,,,,,,,,,,,,,,,,,,,,,
1911,2,-101.0,-19.0,,,,,,,,,,,,,,,,,,,,,,,,,,,,,,,,,6.7,6.7,6.7,6.7,1.0,0.0,14.0,0.0,-4.74,-4.74,-4.74,-4.74,1.0,0.0,14.0,0.0,4.74,4.74,4.74,4.74,1.0,0.0,14.0,0.0,1016.0,1016.0,1016.0,1016.0,1.0,0.0,14.0,0.0,,,,,,,,,,,,,,,,,,,,,,,,,,,,,,,,,,,,,,,,,,,,,,,,,,,,,,,,,,,,,,,,,,,,,,,,,,,,,,,,,,,,,,,,,,,,,,,,,,,,,,,,,,,,,,,,,,,,,,,,
1911,2,-101.0,-5.0,,,,,,,,,,,,,,,,,,,,,,,,,,,,,,,,,6.7,6.7,6.7,6.7,1.0,0.0,2.0,0.0,-6.3,-6.3,-6.3,-6.3,1.0,0.0,2.0,0.0,2.29,2.29,2.29,2.29,1.0,0.0,2.0,0.0,1010.0,1010.0,1010.0,1010.0,1.0,0.0,2.0,0.0,,,,,,,,,,,,,,,,,,,,,,,,,,,,,,,,,,,,,,,,,,,,,,,,,,,,,,,,,,,,,,,,,,,,,,,,,,,,,,,,,,,,,,,,,,,,,,,,,,,,,,,,,,,,,,,,,,,,,,,,
1911,2,-101.0,2.5,,,,,,,,,,,,,,,,,,,,,,,,,,,,,,,,,1.57,2.8,4.03,2.8,2.0,2.55,2.0,0.5,-1.61,-1.36,-1.11,-1.36,2.0,0.51,2.0,0.5,0.68,2.13,3.59,2.13,2.0,3.02,2.0,0.5,1008.27,1010.0,1010.75,1009.52,5.0,1.6,2.0,0.6,,,,,,,,,,,,,,,,,,,,,,,,,,,,,,,,,,,,,,,,,,,,,,,,,,,,,,,,,,,,,,,,,,,,,,,,,,,,,,,,,,,,,,,,,,,,,,,,,,,,,,,,,,,,,,,,,,,,,,,,
1911,2,-101.0,4.0,,,,,,,,,,,,,,,,,,,,,,,,,,,,,,,,,4.6,4.6,4.6,4.6,1.0,0.0,4.0,0.0,-3.25,-3.25,-3.25,-3.25,1.0,0.0,4.0,0.0,-3.25,-3.25,-3.25,-3.25,1.0,0.0,4.0,0.0,1008.32,1009.0,1009.68,1009.0,3.0,1.0,4.0,0.0,,,,,,,,,,,,,,,,,,,,,,,,,,,,,,,,,,,,,,,,,,,,,,,,,,,,,,,,,,,,,,,,,,,,,,,,,,,,,,,,,,,,,,,,,,,,,,,,,,,,,,,,,,,,,,,,,,,,,,,,
1911,2,-99.7,-41.7,,,,,,,,,,,,,,,,,,,,,,,,,,,,,,,,,4.6,4.6,4.6,4.6,2.0,0.0,4.0,0.0,-1.72,-1.72,-1.72,-1.72,2.0,0.0,4.0,0.0,4.27,4.27,4.27,4.27,2.0,0.0,4.0,0.0,1027.59,1028.0,1028.41,1028.0,3.0,0.6,4.0,0.0,,,,,,,,,,,,,,,,,,,,,,,,,,,,,,,,,,,,,,,,,,,,,,,,,,,,,,,,,,,,,,,,,,,,,,,,,,,,,,,,,,,,,,,,,,,,,,,,,,,,,,,,,,,,,,,,,,,,,,,,
1911,2,-99.60000000000002,-33.2,,,,,,,,,,,,,,,,,,,,,,,,,,,,,,,,,5.27,6.7,6.7,6.0,3.0,1.21,28.0,0.7,-6.53,-6.17,-5.1,-5.82,3.0,1.09,28.0,0.7,0.0,0.0,1.79,0.87,3.0,1.51,28.0,0.7,1026.81,1027.9,1028.1,1027.47,3.0,1.02,28.0,0.7,,,,,,,,,,,,,,,,,,,,,,,,,,,,,,,,,,,,,,,,,,,,,,,,,,,,,,,,,,,,,,,,,,,,,,,,,,,,,,,,,,,,,,,,,,,,,,,,,,,,,,,,,,,,,,,,,,,,,,,,
1911,2,-99.60000000000002,2.1,,,,,,,,,,,,,,,,,,,,,,,,,,,,,,,,,4.6,4.6,4.6,4.6,4.0,0.0,2.0,0.8,-2.8,-2.3,-1.1,-1.96,4.0,1.38,2.0,0.8,-0.86,3.62,3.98,1.66,4.0,4.18,2.0,0.8,1009.95,1011.2,1011.71,1010.85,4.0,1.3,2.0,0.8,,,,,,,,,,,,,,,,,,,,,,,,,,,,,,,,,,,,,,,,,,,,,,,,,,,,,,,,,,,,,,,,,,,,,,,,,,,,,,,,,,,,,,,,,,,,,,,,,,,,,,,,,,,,,,,,,,,,,,,,
1911,2,-99.5,-19.4,,,,,,,,,,,,,,,,,,,,,,,,,,,,,,,,,4.6,6.7,6.7,5.86,5.0,1.15,14.0,0.6,-5.13,-4.74,-3.52,-4.41,5.0,0.82,14.0,0.6,2.96,4.31,4.46,3.85,5.0,0.84,14.0,0.6,1015.0,1017.0,1017.49,1016.44,5.0,1.37,14.0,0.6,,,,,,,,,,,,,,,,,,,,,,,,,,,,,,,,,,,,,,,,,,,,,,,,,,,,,,,,,,,,,,,,,,,,,,,,,,,,,,,,,,,,,,,,,,,,,,,,,,,,,,,,,,,,,,,,,,,,,,,,
1911,2,-99.5,-11.5,,,,,,,,,,,,,,,,,,,,,,,,,,,,,,,,,6.7,6.7,6.7,6.7,1.0,0.0,2.0,0.0,-5.13,-5.13,-5.13,-5.13,1.0,0.0,2.0,0.0,4.31,4.31,4.31,4.31,1.0,0.0,2.0,0.0,1012.0,1012.0,1012.0,1012.0,1.0,0.0,2.0,0.0,,,,,,,,,,,,,,,,,,,,,,,,,,,,,,,,,,,,,,,,,,,,,,,,,,,,,,,,,,,,,,,,,,,,,,,,,,,,,,,,,,,,,,,,,,,,,,,,,,,,,,,,,,,,,,,,,,,,,,,,
1911,2,-99.5,0.5,,,,,,,,,,,,,,,,,,,,,,,,,,,,,,,,,4.6,4.6,4.6,4.6,2.0,0.0,2.0,0.0,-2.3,-2.3,-2.3,-2.3,2.0,0.0,2.0,0.0,3.98,3.98,3.98,3.98,2.0,0.0,2.0,0.0,1009.63,1011.0,1011.0,1010.33,3.0,1.15,2.0,0.0,,,,,,,,,,,,,,,,,,,,,,,,,,,,,,,,,,,,,,,,,,,,,,,,,,,,,,,,,,,,,,,,,,,,,,,,,,,,,,,,,,,,,,,,,,,,,,,,,,,,,,,,,,,,,,,,,,,,,,,,
1911,2,-99.5,16.2,,,,,,,,,,,,,,,,,,,,,,,,,,,,,,,,,,,,,,,,,,,,,,,,,,,,,,,,,,,,,,,,,1.0,1.0,1.0,1.0,4.0,0.0,10.0,0.3,0.9,4.3,42.2,15.5,7.0,19.0,8.0,0.3,-6.8,0.0,13.7,0.3,7.0,11.0,8.0,0.3,,,,,,,,,,,,,,,,,,,,,,,,,,,,,,,,,,,,,,,,,,,,,,,,,,,,,,,,,,,,,,,,,,,,,,,,,,,,,,,,,,,,,,,,,,,,,,,,
1911,2,-99.39999999999998,-53.3,,,,,,,,,,,,,,,,,,,,,,,,,,,,,,,,,9.78,12.3,15.57,13.0,7.0,3.7,16.0,0.9,5.49,6.93,9.6,6.83,7.0,3.59,16.0,0.9,-15.45,-6.93,-5.89,-10.03,7.0,5.13,16.0,0.9,1011.63,1013.0,1016.41,1014.0,3.0,3.61,16.0,0.7,,,,,,,,,,,,,,,,,,,,,,,,,,,,,,,,,,,,,,,,,,,,,,,,,,,,,,,,,,,,,,,,,,,,,,,,,,,,,,,,,,,,,,,,,,,,,,,,,,,,,,,,,,,,,,,,,,,,,,,,
1911,2,-99.39999999999998,-49.6,,,,,,,,,,,,,,,,,,,,,,,,,,,,,,,,,4.6,4.6,4.6,4.6,3.0,0.0,12.0,0.7,4.18,4.6,4.6,4.39,3.0,0.36,12.0,0.7,0.0,0.0,1.57,0.77,3.0,1.33,12.0,0.7,1006.32,1007.0,1008.77,1007.53,3.0,1.86,12.0,0.7,,,,,,,,,,,,,,,,,,,,,,,,,,,,,,,,,,,,,,,,,,,,,,,,,,,,,,,,,,,,,,,,,,,,,,,,,,,,,,,,,,,,,,,,,,,,,,,,,,,,,,,,,,,,,,,,,,,,,,,,
1911,2,-99.3,-13.3,,,,,,,,,,,,,,,,,,,,,,,,,,,,,,,,,6.7,6.7,9.3,7.57,6.0,1.34,2.0,0.5,-6.69,-5.13,-5.13,-5.71,6.0,0.9,2.0,0.5,4.31,4.31,6.1,4.96,6.0,1.03,2.0,0.5,1012.79,1013.0,1014.02,1013.18,6.0,0.78,2.0,0.5,,,,,,,,,,,,,,,,,,,,,,,,,,,,,,,,,,,,,,,,,,,,,,,,,,,,,,,,,,,,,,,,,,,,,,,,,,,,,,,,,,,,,,,,,,,,,,,,,,,,,,,,,,,,,,,,,,,,,,,,
1911,2,-99.2,-55.1,,,,,,,,,,,,,,,,,,,,,,,,,,,,,,,,,15.49,19.0,19.0,17.33,4.0,3.35,8.0,0.0,6.93,14.55,14.55,10.92,4.0,7.28,8.0,0.0,-12.26,-12.21,-12.21,-12.23,4.0,0.04,8.0,0.0,979.9,990.0,1000.62,990.25,4.0,12.12,8.0,0.0,,,,,,,,,,,,,,,,,,,,,,,,,,,,,,,,,,,,,,,,,,,,,,,,,,,,,,,,,,,,,,,,,,,,,,,,,,,,,,,,,,,,,,,,,,,,,,,,,,,,,,,,,,,,,,,,,,,,,,,,
1911,2,-99.2,-51.4,,,,,,,,,,,,,,,,,,,,,,,,,,,,,,,,,7.53,9.3,11.35,9.43,3.0,2.8,18.0,0.7,6.73,8.74,10.5,8.62,3.0,2.76,18.0,0.7,-4.29,-3.18,1.28,-1.55,3.0,4.32,18.0,0.7,1006.0,1006.0,1006.0,1006.0,1.0,0.0,14.0,0.0,,,,,,,,,,,,,,,,,,,,,,,,,,,,,,,,,,,,,,,,,,,,,,,,,,,,,,,,,,,,,,,,,,,,,,,,,,,,,,,,,,,,,,,,,,,,,,,,,,,,,,,,,,,,,,,,,,,,,,,,
1911,2,-99.10000000000002,-21.4,,,,,,,,,,,,,,,,,,,,,,,,,,,,,,,,,7.53,9.3,9.3,8.43,3.0,1.5,12.0,0.7,-8.1,-7.12,-5.76,-6.94,3.0,1.72,12.0,0.7,3.85,4.31,5.45,4.64,3.0,1.21,12.0,0.7,1015.95,1017.5,1018.05,1017.03,4.0,1.44,12.0,0.8,,,,,,,,,,,,,,,,,,,,,,,,,,,,,,,,,,,,,,,,,,,,,,,,,,,,,,,,,,,,,,,,,,,,,,,,,,,,,,,,,,,,,,,,,,,,,,,,,,,,,,,,,,,,,,,,,,,,,,,,
1911,2,-99.0,-23.0,,,,,,,,,,,,,,,,,,,,,,,,,,,,,,,,,9.3,9.3,9.3,9.3,1.0,0.0,12.0,0.0,-8.74,-8.74,-8.74,-8.74,1.0,0.0,12.0,0.0,3.18,3.18,3.18,3.18,1.0,0.0,12.0,0.0,1017.0,1017.0,1017.0,1017.0,1.0,0.0,12.0,0.0,,,,,,,,,,,,,,,,,,,,,,,,,,,,,,,,,,,,,,,,,,,,,,,,,,,,,,,,,,,,,,,,,,,,,,,,,,,,,,,,,,,,,,,,,,,,,,,,,,,,,,,,,,,,,,,,,,,,,,,,
1911,2,-99.0,-15.0,,,,,,,,,,,,,,,,,,,,,,,,,,,,,,,,,6.7,6.7,6.7,6.7,1.0,0.0,2.0,0.0,-5.13,-5.13,-5.13,-5.13,1.0,0.0,2.0,0.0,4.31,4.31,4.31,4.31,1.0,0.0,2.0,0.0,1014.0,1014.0,1014.0,1014.0,1.0,0.0,2.0,0.0,,,,,,,,,,,,,,,,,,,,,,,,,,,,,,,,,,,,,,,,,,,,,,,,,,,,,,,,,,,,,,,,,,,,,,,,,,,,,,,,,,,,,,,,,,,,,,,,,,,,,,,,,,,,,,,,,,,,,,,,
1911,2,-97.7,22.3,,,,,,,,,,,,,,,,,,,,,,,,,,,,,,,,,3.55,5.65,8.32,5.93,4.0,3.08,12.0,0.5,-6.98,-4.0,-2.8,-4.85,4.0,2.94,12.0,0.5,-1.22,2.42,4.31,1.58,4.0,3.59,12.0,0.5,1013.64,1014.6,1015.01,1014.33,3.0,1.03,16.0,0.7,,,,,,,,,,,,,,,,,,,,,,,,,,,,,,,,,,,,,,,,,,,,,,,,,,,,,,,,,,,,,,,,,,,,,,,,,,,,,,,,,,,,,,,,,,,,,,,,,,,,,,,,,,,,,,,,,,,,,,,,
1911,2,-97.5,-53.3,,,,,,,,,,,,,,,,,,,,,,,,,,,,,,,,,13.6,17.2,19.74,16.35,6.0,5.44,14.0,0.7,0.0,3.29,11.74,5.22,6.0,6.13,14.0,0.7,-19.12,-15.4,-10.92,-14.01,6.0,6.67,14.0,0.7,1009.67,1011.2,1014.1,1011.85,4.0,3.03,14.0,0.5,,,,,,,,,,,,,,,,,,,,,,,,,,,,,,,,,,,,,,,,,,,,,,,,,,,,,,,,,,,,,,,,,,,,,,,,,,,,,,,,,,,,,,,,,,,,,,,,,,,,,,,,,,,,,,,,,,,,,,,,
1911,2,-97.5,-23.3,,,,,,,,,,,,,,,,,,,,,,,,,,,,,,,,,9.3,9.3,9.3,9.3,3.0,0.0,12.0,0.3,-7.12,-7.12,-7.12,-7.12,3.0,0.0,12.0,0.3,5.98,5.98,5.98,5.98,3.0,0.0,12.0,0.3,1018.0,1018.0,1018.68,1018.33,3.0,0.58,12.0,0.3,,,,,,,,,,,,,,,,,,,,,,,,,,,,,,,,,,,,,,,,,,,,,,,,,,,,,,,,,,,,,,,,,,,,,,,,,,,,,,,,,,,,,,,,,,,,,,,,,,,,,,,,,,,,,,,,,,,,,,,,
1911,2,-97.5,-15.0,,,,,,,,,,,,,,,,,,,,,,,,,,,,,,,,,4.6,4.6,4.6,4.6,1.0,0.0,2.0,0.0,-3.52,-3.52,-3.52,-3.52,1.0,0.0,2.0,0.0,2.96,2.96,2.96,2.96,1.0,0.0,2.0,0.0,1013.0,1013.0,1013.0,1013.0,1.0,0.0,2.0,0.0,,,,,,,,,,,,,,,,,,,,,,,,,,,,,,,,,,,,,,,,,,,,,,,,,,,,,,,,,,,,,,,,,,,,,,,,,,,,,,,,,,,,,,,,,,,,,,,,,,,,,,,,,,,,,,,,,,,,,,,,
1911,2,-97.5,14.8,,,,,,,,,,,,,,,,,,,,,,,,,,,,,,,,,,,,,,,,,,,,,,,,,,,,,,,,,,,,,,,,,1.0,1.0,1.0,1.0,4.0,0.0,8.0,0.3,-1.3,0.0,0.1,-0.5,5.0,1.1,8.0,0.2,-3.0,-0.6,0.3,-1.4,5.0,2.9,8.0,0.2,,,,,,,,,,,,,,,,,,,,,,,,,,,,,,,,,,,,,,,,,,,,,,,,,,,,,,,,,,,,,,,,,,,,,,,,,,,,,,,,,,,,,,,,,,,,,,,,
1911,2,-97.39999999999998,20.6,,,,,,,,,,,,,,,,,,,,,,,,,,,,,,,,,4.6,6.7,6.7,5.66,10.0,1.46,12.0,0.2,-5.86,-4.49,-2.76,-3.7,10.0,3.25,12.0,0.2,0.0,1.8,4.74,1.73,10.0,2.94,12.0,0.2,1010.97,1014.15,1015.46,1013.45,6.0,2.42,16.0,0.0,,,,,,,,,,,,,,,,,,,,,,,,,,,,,,,,,,,,,,,,,,,,,,,,,,,,,,,,,,,,,,,,,,,,,,,,,,,,,,,,,,,,,,,,,,,,,,,,,,,,,,,,,,,,,,,,,,,,,,,,
1911,2,-97.3,-41.0,,,,,,,,,,,,,,,,,,,,,,,,,,,,,,,,,3.23,4.6,6.03,4.63,3.0,2.05,4.0,1.0,-3.47,-3.35,-1.95,-2.72,3.0,1.24,4.0,1.0,2.48,2.96,4.9,3.67,3.0,1.88,4.0,1.0,1026.63,1028.0,1028.0,1027.33,3.0,1.15,4.0,1.0,,,,,,,,,,,,,,,,,,,,,,,,,,,,,,,,,,,,,,,,,,,,,,,,,,,,,,,,,,,,,,,,,,,,,,,,,,,,,,,,,,,,,,,,,,,,,,,,,,,,,,,,,,,,,,,,,,,,,,,,
1911,2,-97.2,-55.5,,,,,,,,,,,,,,,,,,,,,,,,,,,,,,,,,15.97,17.2,18.43,17.2,2.0,2.55,8.0,0.5,12.23,13.18,14.12,13.18,2.0,1.95,8.0,0.5,-11.85,-11.06,-10.27,-11.06,2.0,1.64,8.0,0.5,981.86,988.0,994.14,988.0,2.0,12.73,8.0,0.5,,,,,,,,,,,,,,,,,,,,,,,,,,,,,,,,,,,,,,,,,,,,,,,,,,,,,,,,,,,,,,,,,,,,,,,,,,,,,,,,,,,,,,,,,,,,,,,,,,,,,,,,,,,,,,,,,,,,,,,,
1911,2,-97.2,-51.2,,,,,,,,,,,,,,,,,,,,,,,,,,,,,,,,,9.3,9.3,10.87,10.05,4.0,1.5,16.0,0.5,5.5,8.68,10.48,8.02,4.0,3.54,16.0,0.5,-2.2,2.33,6.79,2.3,4.0,5.62,16.0,0.5,1004.32,1005.0,1005.68,1005.0,2.0,1.41,14.0,0.5,,,,,,,,,,,,,,,,,,,,,,,,,,,,,,,,,,,,,,,,,,,,,,,,,,,,,,,,,,,,,,,,,,,,,,,,,,,,,,,,,,,,,,,,,,,,,,,,,,,,,,,,,,,,,,,,,,,,,,,,
1911,2,-97.2,-33.0,,,,,,,,,,,,,,,,,,,,,,,,,,,,,,,,,6.7,6.7,6.7,6.7,2.0,0.0,28.0,0.0,-6.64,-6.5,-6.36,-6.5,2.0,0.29,28.0,0.0,0.36,1.15,1.93,1.15,2.0,1.62,28.0,0.0,1027.0,1027.0,1027.68,1027.33,3.0,0.58,26.0,0.3,,,,,,,,,,,,,,,,,,,,,,,,,,,,,,,,,,,,,,,,,,,,,,,,,,,,,,,,,,,,,,,,,,,,,,,,,,,,,,,,,,,,,,,,,,,,,,,,,,,,,,,,,,,,,,,,,,,,,,,,
1911,2,-97.2,-25.2,,,,,,,,,,,,,,,,,,,,,,,,,,,,,,,,,6.7,6.7,6.7,6.7,1.0,0.0,12.0,1.0,-4.74,-4.74,-4.74,-4.74,1.0,0.0,12.0,1.0,4.74,4.74,4.74,4.74,1.0,0.0,12.0,1.0,1018.44,1019.4,1019.81,1019.13,3.0,1.03,12.0,0.7,,,,,,,,,,,,,,,,,,,,,,,,,,,,,,,,,,,,,,,,,,,,,,,,,,,,,,,,,,,,,,,,,,,,,,,,,,,,,,,,,,,,,,,,,,,,,,,,,,,,,,,,,,,,,,,,,,,,,,,,
1911,2,-97.10000000000002,18.6,,,,,,,,,,,,,,,,,,,,,,,,,,,,,,,,,5.27,6.7,6.7,6.0,3.0,1.21,14.0,0.3,-4.74,-4.74,-4.42,-4.58,3.0,0.27,14.0,0.3,-2.69,1.72,3.78,0.57,3.0,4.84,14.0,0.3,1009.84,1010.5,1014.3,1012.0,4.0,3.58,14.0,0.5,,,,,,,,,,,,,,,,,,,,,,,,,,,,,,,,,,,,,,,,,,,,,,,,,,,,,,,,,,,,,,,,,,,,,,,,,,,,,,,,,,,,,,,,,,,,,,,,,,,,,,,,,,,,,,,,,,,,,,,,
1911,2,-95.5,-55.7,,,,,,,,,,,,,,,,,,,,,,,,,,,,,,,,,15.4,15.4,20.31,17.8,3.0,4.16,6.0,1.0,6.38,7.7,13.35,9.82,3.0,5.42,6.0,1.0,-15.44,-14.28,-13.64,-14.53,3.0,1.34,6.0,1.0,980.8,988.7,996.24,988.53,4.0,8.94,8.0,1.0,,,,,,,,,,,,,,,,,,,,,,,,,,,,,,,,,,,,,,,,,,,,,,,,,,,,,,,,,,,,,,,,,,,,,,,,,,,,,,,,,,,,,,,,,,,,,,,,,,,,,,,,,,,,,,,,,,,,,,,,
1911,2,-95.5,-33.0,,,,,,,,,,,,,,,,,,,,,,,,,,,,,,,,,6.7,6.7,6.7,6.7,1.0,0.0,26.0,1.0,-5.13,-5.13,-5.13,-5.13,1.0,0.0,26.0,1.0,4.31,4.31,4.31,4.31,1.0,0.0,26.0,1.0,1023.95,1026.0,1026.0,1025.0,3.0,1.73,26.0,0.7,,,,,,,,,,,,,,,,,,,,,,,,,,,,,,,,,,,,,,,,,,,,,,,,,,,,,,,,,,,,,,,,,,,,,,,,,,,,,,,,,,,,,,,,,,,,,,,,,,,,,,,,,,,,,,,,,,,,,,,,
1911,2,-95.5,14.7,,,,,,,,,,,,,,,,,,,,,,,,,,,,,,,,,,,,,,,,,,,,,,,,,,,,,,,,,,,,,,,,,0.6,1.0,1.0,0.8,5.0,0.4,8.0,0.4,-0.9,0.3,6.1,2.5,8.0,5.5,6.0,0.4,-15.2,-3.0,0.0,-5.9,8.0,8.4,6.0,0.4,,,,,,,,,,,,,,,,,,,,,,,,,,,,,,,,,,,,,,,,,,,,,,,,,,,,,,,,,,,,,,,,,,,,,,,,,,,,,,,,,,,,,,,,,,,,,,,,
1911,2,-95.5,16.0,25.68,25.85,26.02,25.85,2.0,0.35,6.0,0.5,24.52,25.85,27.18,25.85,2.0,2.76,6.0,0.5,15.07,15.07,15.07,15.07,1.0,0.0,6.0,1.0,65.3,65.3,65.3,65.3,1.0,0.0,6.0,1.0,3.66,5.95,8.24,5.95,2.0,4.74,6.0,0.5,0.0,0.0,0.0,0.0,2.0,0.0,6.0,0.5,-8.24,-5.95,-3.66,-5.95,2.0,4.74,6.0,0.5,1021.2,1021.2,1021.2,1021.2,1.0,0.0,6.0,1.0,0.0,0.0,0.0,0.0,1.0,0.0,8.0,0.0,0.0,0.0,0.0,0.0,2.0,0.0,6.0,0.5,-73.8,-46.6,-19.4,-46.6,2.0,56.4,6.0,0.5,-1.16,0.0,1.16,0.0,2.0,2.4,6.0,0.5,-1.2,5.7,12.6,5.7,2.0,14.3,6.0,0.5,5.89,5.89,5.89,5.89,1.0,0.0,6.0,1.0,15.3,15.3,15.3,15.3,1.0,0.0,6.0,1.0,0.0,0.0,0.0,0.0,2.0,0.0,6.0,0.5,-198.5,-147.3,-96.1,-147.3,2.0,106.1,6.0,0.5,0.0,0.0,0.0,0.0,1.0,0.0,6.0,1.0,-39.2,-39.2,-39.2,-39.2,1.0,0.0,6.0,1.0,0.0,0.0,0.0,0.0,1.0,0.0,6.0,1.0,-15.3,-15.3,-15.3,-15.3,1.0,0.0,6.0,1.0,142.5,411.0,679.5,411.0,2.0,556.5,6.0,0.5,140.0,410.0,680.0,410.0,2.0,555.0,6.0,0.5
1911,2,-95.39999999999998,-51.4,,,,,,,,,,,,,,,,,,,,,,,,,,,,,,,,,8.48,12.3,14.42,11.47,3.0,4.41,16.0,0.7,7.06,8.7,9.52,8.3,3.0,1.83,16.0,0.7,1.2,8.7,10.81,6.07,3.0,7.4,16.0,0.7,1007.07,1007.45,1007.83,1007.45,2.0,0.78,14.0,1.0,,,,,,,,,,,,,,,,,,,,,,,,,,,,,,,,,,,,,,,,,,,,,,,,,,,,,,,,,,,,,,,,,,,,,,,,,,,,,,,,,,,,,,,,,,,,,,,,,,,,,,,,,,,,,,,,,,,,,,,,
1911,2,-95.39999999999998,-27.3,,,,,,,,,,,,,,,,,,,,,,,,,,,,,,,,,9.3,9.3,9.3,9.3,4.0,0.0,10.0,0.8,-7.12,-7.12,-6.84,-6.99,4.0,0.27,10.0,0.8,5.98,5.98,6.29,6.13,4.0,0.3,10.0,0.8,1018.48,1019.5,1020.1,1019.3,4.0,1.01,10.0,0.8,,,,,,,,,,,,,,,,,,,,,,,,,,,,,,,,,,,,,,,,,,,,,,,,,,,,,,,,,,,,,,,,,,,,,,,,,,,,,,,,,,,,,,,,,,,,,,,,,,,,,,,,,,,,,,,,,,,,,,,,
1911,2,-95.39999999999998,18.4,,,,,,,,,,,,,,,,,,,,,,,,,,,,,,,,,2.6,3.6,8.43,4.5,22.0,2.93,12.0,0.3,-6.7,-1.82,0.0,-2.38,22.0,3.8,12.0,0.3,-2.54,0.0,3.19,-0.01,22.0,3.08,12.0,0.3,1010.72,1012.0,1019.78,1014.62,11.0,6.1,16.0,0.4,,,,,,,,,,,,,,,,,,,,,,,,,,,,,,,,,,,,,,,,,,,,,,,,,,,,,,,,,,,,,,,,,,,,,,,,,,,,,,,,,,,,,,,,,,,,,,,,,,,,,,,,,,,,,,,,,,,,,,,,
1911,2,-95.3,-53.4,,,,,,,,,,,,,,,,,,,,,,,,,,,,,,,,,3.86,8.0,23.34,11.73,6.0,10.24,16.0,0.2,3.77,7.52,17.88,9.6,6.0,7.58,16.0,0.2,-15.0,-2.74,0.17,-6.0,6.0,7.68,16.0,0.2,1008.0,1008.0,1008.0,1008.0,3.0,0.0,16.0,0.0,,,,,,,,,,,,,,,,,,,,,,,,,,,,,,,,,,,,,,,,,,,,,,,,,,,,,,,,,,,,,,,,,,,,,,,,,,,,,,,,,,,,,,,,,,,,,,,,,,,,,,,,,,,,,,,,,,,,,,,,
1911,2,-95.3,-41.0,,,,,,,,,,,,,,,,,,,,,,,,,,,,,,,,,4.6,4.6,7.81,6.17,3.0,2.71,6.0,0.0,-3.14,-2.3,3.35,0.05,3.0,5.17,6.0,0.0,3.28,3.98,6.13,4.69,3.0,2.17,6.0,0.0,1024.63,1026.0,1026.68,1025.67,3.0,1.53,6.0,0.0,,,,,,,,,,,,,,,,,,,,,,,,,,,,,,,,,,,,,,,,,,,,,,,,,,,,,,,,,,,,,,,,,,,,,,,,,,,,,,,,,,,,,,,,,,,,,,,,,,,,,,,,,,,,,,,,,,,,,,,,
1911,2,-95.2,20.3,,,,,,,,,,,,,,,,,,,,,,,,,,,,,,,,,4.55,6.7,6.7,5.68,4.0,2.05,14.0,0.0,-6.7,-5.72,-3.22,-4.99,4.0,2.3,14.0,0.0,-0.96,0.0,2.48,0.72,4.0,2.81,14.0,0.0,1014.34,1019.15,1023.96,1019.15,2.0,9.97,16.0,0.0,,,,,,,,,,,,,,,,,,,,,,,,,,,,,,,,,,,,,,,,,,,,,,,,,,,,,,,,,,,,,,,,,,,,,,,,,,,,,,,,,,,,,,,,,,,,,,,,,,,,,,,,,,,,,,,,,,,,,,,,
1911,2,-94.0,14.0,,,,,,,,,,,,,,,,,,,,,,,,,,,,,,,,,,,,,,,,,,,,,,,,,,,,,,,,,,,,,,,,,1.0,1.0,1.0,1.0,1.0,0.0,6.0,0.0,4.3,4.3,4.3,4.3,1.0,0.0,6.0,0.0,-5.2,-5.2,-5.2,-5.2,1.0,0.0,6.0,0.0,,,,,,,,,,,,,,,,,,,,,,,,,,,,,,,,,,,,,,,,,,,,,,,,,,,,,,,,,,,,,,,,,,,,,,,,,,,,,,,,,,,,,,,,,,,,,,,,
1911,2,-93.7,12.6,,,,,,,,,,,,,,,,,,,,,,,,,,,,,,,,,,,,,,,,,,,,,,,,,,,,,,,,,,,,,,,,,0.6,1.0,1.0,0.8,5.0,0.4,6.0,0.6,0.0,0.0,4.4,1.5,7.0,2.7,6.0,0.6,-7.4,-5.2,0.0,-6.0,7.0,7.3,6.0,0.6,,,,,,,,,,,,,,,,,,,,,,,,,,,,,,,,,,,,,,,,,,,,,,,,,,,,,,,,,,,,,,,,,,,,,,,,,,,,,,,,,,,,,,,,,,,,,,,,
1911,2,-93.5,-53.4,,,,,,,,,,,,,,,,,,,,,,,,,,,,,,,,,5.79,10.8,17.7,11.7,4.0,8.32,18.0,0.5,5.21,10.06,14.57,9.9,4.0,6.31,18.0,0.5,-9.61,-3.92,-2.49,-5.96,4.0,5.84,18.0,0.5,1006.63,1008.0,1008.0,1007.33,3.0,1.15,16.0,0.7,,,,,,,,,,,,,,,,,,,,,,,,,,,,,,,,,,,,,,,,,,,,,,,,,,,,,,,,,,,,,,,,,,,,,,,,,,,,,,,,,,,,,,,,,,,,,,,,,,,,,,,,,,,,,,,,,,,,,,,,
1911,2,-93.5,-29.3,,,,,,,,,,,,,,,,,,,,,,,,,,,,,,,,,4.6,4.6,6.03,5.3,3.0,1.21,10.0,0.3,-5.67,-4.32,-4.32,-4.98,3.0,1.14,10.0,0.3,1.57,1.57,2.06,1.81,3.0,0.41,10.0,0.3,1021.0,1021.0,1021.0,1021.0,3.0,0.0,10.0,0.3,,,,,,,,,,,,,,,,,,,,,,,,,,,,,,,,,,,,,,,,,,,,,,,,,,,,,,,,,,,,,,,,,,,,,,,,,,,,,,,,,,,,,,,,,,,,,,,,,,,,,,,,,,,,,,,,,,,,,,,,
1911,2,-93.39999999999998,20.3,,,,,,,,,,,,,,,,,,,,,,,,,,,,,,,,,4.6,6.7,9.8,7.17,13.0,2.02,14.0,0.6,-6.72,-4.74,-3.25,-5.1,13.0,2.33,14.0,0.6,-6.92,0.0,3.92,-1.21,13.0,4.96,14.0,0.6,1013.29,1014.8,1028.22,1017.97,7.0,7.26,14.0,0.7,,,,,,,,,,,,,,,,,,,,,,,,,,,,,,,,,,,,,,,,,,,,,,,,,,,,,,,,,,,,,,,,,,,,,,,,,,,,,,,,,,,,,,,,,,,,,,,,,,,,,,,,,,,,,,,,,,,,,,,,
1911,2,-93.3,-55.4,,,,,,,,,,,,,,,,,,,,,,,,,,,,,,,,,12.3,17.45,24.8,18.5,4.0,7.36,10.0,0.5,7.71,14.19,20.15,13.94,4.0,7.29,10.0,0.5,-15.0,-9.28,-7.81,-11.31,4.0,5.27,10.0,0.5,991.44,997.0,1005.8,998.14,5.0,8.45,10.0,0.6,,,,,,,,,,,,,,,,,,,,,,,,,,,,,,,,,,,,,,,,,,,,,,,,,,,,,,,,,,,,,,,,,,,,,,,,,,,,,,,,,,,,,,,,,,,,,,,,,,,,,,,,,,,,,,,,,,,,,,,,
1911,2,-93.3,-39.5,,,,,,,,,,,,,,,,,,,,,,,,,,,,,,,,,6.7,6.7,8.47,7.57,3.0,1.5,6.0,1.0,0.0,0.0,0.0,0.0,3.0,0.0,6.0,1.0,6.7,6.7,8.47,7.57,3.0,1.5,6.0,1.0,1021.63,1023.0,1023.68,1022.67,3.0,1.53,6.0,1.0,,,,,,,,,,,,,,,,,,,,,,,,,,,,,,,,,,,,,,,,,,,,,,,,,,,,,,,,,,,,,,,,,,,,,,,,,,,,,,,,,,,,,,,,,,,,,,,,,,,,,,,,,,,,,,,,,,,,,,,,
1911,2,-93.3,-37.2,,,,,,,,,,,,,,,,,,,,,,,,,,,,,,,,,2.12,4.6,6.7,3.86,18.0,2.1,20.0,0.5,-6.3,-2.93,-0.87,-3.2,18.0,2.13,20.0,0.5,-0.64,0.89,2.49,0.74,18.0,2.04,20.0,0.5,1024.79,1027.0,1028.04,1026.53,6.0,1.68,8.0,0.5,,,,,,,,,,,,,,,,,,,,,,,,,,,,,,,,,,,,,,,,,,,,,,,,,,,,,,,,,,,,,,,,,,,,,,,,,,,,,,,,,,,,,,,,,,,,,,,,,,,,,,,,,,,,,,,,,,,,,,,,
1911,2,-93.2,-51.5,,,,,,,,,,,,,,,,,,,,,,,,,,,,,,,,,12.79,13.85,14.91,13.85,2.0,2.19,14.0,0.0,8.22,8.9,9.58,8.9,2.0,1.41,14.0,0.0,9.8,10.61,11.42,10.61,2.0,1.68,14.0,0.0,1009.32,1010.0,1010.68,1010.0,2.0,1.41,14.0,0.0,,,,,,,,,,,,,,,,,,,,,,,,,,,,,,,,,,,,,,,,,,,,,,,,,,,,,,,,,,,,,,,,,,,,,,,,,,,,,,,,,,,,,,,,,,,,,,,,,,,,,,,,,,,,,,,,,,,,,,,,
1911,2,-93.2,-33.0,,,,,,,,,,,,,,,,,,,,,,,,,,,,,,,,,4.6,4.6,4.6,4.6,2.0,0.0,26.0,0.0,0.25,0.79,1.32,0.79,2.0,1.11,26.0,0.0,4.37,4.46,4.56,4.46,2.0,0.2,26.0,0.0,1024.16,1024.5,1024.84,1024.5,2.0,0.71,26.0,0.0,,,,,,,,,,,,,,,,,,,,,,,,,,,,,,,,,,,,,,,,,,,,,,,,,,,,,,,,,,,,,,,,,,,,,,,,,,,,,,,,,,,,,,,,,,,,,,,,,,,,,,,,,,,,,,,,,,,,,,,,
1911,2,-93.2,-31.2,,,,,,,,,,,,,,,,,,,,,,,,,,,,,,,,,3.23,4.6,4.6,3.93,3.0,1.15,10.0,0.7,-4.48,-4.23,-3.01,-3.76,3.0,1.15,10.0,0.7,0.28,0.89,1.51,0.9,3.0,0.9,10.0,0.7,1023.66,1024.0,1024.0,1023.83,3.0,0.29,10.0,0.7,,,,,,,,,,,,,,,,,,,,,,,,,,,,,,,,,,,,,,,,,,,,,,,,,,,,,,,,,,,,,,,,,,,,,,,,,,,,,,,,,,,,,,,,,,,,,,,,,,,,,,,,,,,,,,,,,,,,,,,,
1911,2,-93.10000000000002,10.7,,,,,,,,,,,,,,,,,,,,,,,,,,,,,,,,,,,,,,,,,,,,,,,,,,,,,,,,,,,,,,,,,1.8,3.5,5.2,3.5,2.0,3.5,8.0,0.0,-46.6,-11.1,-3.2,-24.3,4.0,34.3,6.0,0.0,-42.7,-21.1,0.0,-21.4,4.0,24.7,6.0,0.0,,,,,,,,,,,,,,,,,,,,,,,,,,,,,,,,,,,,,,,,,,,,,,,,,,,,,,,,,,,,,,,,,,,,,,,,,,,,,,,,,,,,,,,,,,,,,,,,
1911,2,-91.8,10.2,,,,,,,,,,,,,,,,,,,,,,,,,,,,,,,,,,,,,,,,,,,,,,,,,,,,,,,,,,,,,,,,,1.0,1.0,1.7,1.3,3.0,0.6,6.0,0.7,-86.5,-86.5,-58.1,-72.6,3.0,24.0,6.0,0.7,0.0,0.0,0.0,0.0,3.0,0.0,6.0,0.7,,,,,,,,,,,,,,,,,,,,,,,,,,,,,,,,,,,,,,,,,,,,,,,,,,,,,,,,,,,,,,,,,,,,,,,,,,,,,,,,,,,,,,,,,,,,,,,,
1911,2,-91.5,-51.5,,,,,,,,,,,,,,,,,,,,,,,,,,,,,,,,,12.3,12.3,12.3,12.3,1.0,0.0,14.0,0.0,7.91,7.91,7.91,7.91,1.0,0.0,14.0,0.0,9.42,9.42,9.42,9.42,1.0,0.0,14.0,0.0,1014.0,1014.0,1014.0,1014.0,1.0,0.0,14.0,0.0,,,,,,,,,,,,,,,,,,,,,,,,,,,,,,,,,,,,,,,,,,,,,,,,,,,,,,,,,,,,,,,,,,,,,,,,,,,,,,,,,,,,,,,,,,,,,,,,,,,,,,,,,,,,,,,,,,,,,,,,
1911,2,-91.5,-37.4,,,,,,,,,,,,,,,,,,,,,,,,,,,,,,,,,2.6,4.6,6.7,4.69,10.0,2.28,8.0,0.5,-3.13,0.0,0.74,-0.96,10.0,2.02,8.0,0.5,-3.41,-2.25,6.7,0.52,10.0,4.92,8.0,0.5,1023.0,1028.0,1029.0,1026.25,10.0,3.31,8.0,0.5,,,,,,,,,,,,,,,,,,,,,,,,,,,,,,,,,,,,,,,,,,,,,,,,,,,,,,,,,,,,,,,,,,,,,,,,,,,,,,,,,,,,,,,,,,,,,,,,,,,,,,,,,,,,,,,,,,,,,,,,
1911,2,-91.5,8.5,,,,,,,,,,,,,,,,,,,,,,,,,,,,,,,,,,,,,,,,,,,,,,,,,,,,,,,,,,,,,,,,,0.0,0.0,0.7,0.3,3.0,0.6,6.0,0.0,-44.9,-38.3,-30.6,-36.2,6.0,10.9,6.0,0.3,-28.9,-14.5,0.0,-14.4,6.0,12.9,6.0,0.3,,,,,,,,,,,,,,,,,,,,,,,,,,,,,,,,,,,,,,,,,,,,,,,,,,,,,,,,,,,,,,,,,,,,,,,,,,,,,,,,,,,,,,,,,,,,,,,,
1911,2,-91.5,20.7,,,,,,,,,,,,,,,,,,,,,,,,,,,,,,,,,6.7,6.7,11.35,8.07,16.0,2.6,14.0,0.6,-6.84,-4.81,-1.0,-4.46,16.0,2.77,14.0,0.6,-9.65,-6.43,-1.24,-5.56,16.0,3.79,14.0,0.6,1014.28,1014.55,1019.61,1016.8,6.0,4.48,14.0,0.3,,,,,,,,,,,,,,,,,,,,,,,,,,,,,,,,,,,,,,,,,,,,,,,,,,,,,,,,,,,,,,,,,,,,,,,,,,,,,,,,,,,,,,,,,,,,,,,,,,,,,,,,,,,,,,,,,,,,,,,,
1911,2,-91.39999999999998,-53.4,,,,,,,,,,,,,,,,,,,,,,,,,,,,,,,,,6.7,8.0,9.56,8.13,4.0,1.66,12.0,0.8,1.56,4.28,7.77,4.65,4.0,3.65,12.0,0.8,-8.17,-4.88,-1.51,-4.84,4.0,4.17,12.0,0.8,1014.0,1014.0,1014.0,1014.0,1.0,0.0,14.0,1.0,,,,,,,,,,,,,,,,,,,,,,,,,,,,,,,,,,,,,,,,,,,,,,,,,,,,,,,,,,,,,,,,,,,,,,,,,,,,,,,,,,,,,,,,,,,,,,,,,,,,,,,,,,,,,,,,,,,,,,,,
1911,2,-91.39999999999998,-39.3,,,,,,,,,,,,,,,,,,,,,,,,,,,,,,,,,1.0,4.6,6.7,4.11,21.0,2.78,4.0,0.4,0.0,2.3,4.71,2.28,21.0,2.17,4.0,0.4,-4.25,-0.64,0.0,-0.42,21.0,3.89,4.0,0.4,1021.27,1024.0,1026.73,1024.1,9.0,2.8,8.0,0.3,,,,,,,,,,,,,,,,,,,,,,,,,,,,,,,,,,,,,,,,,,,,,,,,,,,,,,,,,,,,,,,,,,,,,,,,,,,,,,,,,,,,,,,,,,,,,,,,,,,,,,,,,,,,,,,,,,,,,,,,
1911,2,-91.39999999999998,-35.2,,,,,,,,,,,,,,,,,,,,,,,,,,,,,,,,,4.5,4.6,6.7,5.21,7.0,1.56,20.0,0.6,-2.55,0.0,0.0,-1.17,7.0,1.49,20.0,0.6,3.92,4.6,6.24,4.93,7.0,1.42,20.0,0.6,1020.16,1020.5,1020.84,1020.5,2.0,0.71,6.0,0.5,,,,,,,,,,,,,,,,,,,,,,,,,,,,,,,,,,,,,,,,,,,,,,,,,,,,,,,,,,,,,,,,,,,,,,,,,,,,,,,,,,,,,,,,,,,,,,,,,,,,,,,,,,,,,,,,,,,,,,,,
1911,2,-91.39999999999998,-33.3,,,,,,,,,,,,,,,,,,,,,,,,,,,,,,,,,4.6,6.7,8.72,6.24,15.0,1.85,20.0,0.7,-5.13,-4.6,0.67,-3.3,15.0,2.97,20.0,0.7,0.0,4.32,6.21,3.34,15.0,3.56,20.0,0.7,1023.11,1026.0,1027.71,1025.47,8.0,2.24,14.0,0.8,,,,,,,,,,,,,,,,,,,,,,,,,,,,,,,,,,,,,,,,,,,,,,,,,,,,,,,,,,,,,,,,,,,,,,,,,,,,,,,,,,,,,,,,,,,,,,,,,,,,,,,,,,,,,,,,,,,,,,,,
1911,2,-91.3,-55.5,,,,,,,,,,,,,,,,,,,,,,,,,,,,,,,,,2.52,15.4,19.17,12.33,7.0,8.74,8.0,0.1,2.52,9.5,14.63,9.0,7.0,6.14,8.0,0.1,-16.6,-5.27,0.0,-7.15,7.0,7.86,8.0,0.1,994.57,1000.5,1004.57,1000.0,10.0,5.31,10.0,0.3,,,,,,,,,,,,,,,,,,,,,,,,,,,,,,,,,,,,,,,,,,,,,,,,,,,,,,,,,,,,,,,,,,,,,,,,,,,,,,,,,,,,,,,,,,,,,,,,,,,,,,,,,,,,,,,,,,,,,,,,
1911,2,-91.3,6.6,,,,,,,,,,,,,,,,,,,,,,,,,,,,,,,,,,,,,,,,,,,,,,,,,,,,,,,,,,,,,,,,,2.0,3.0,4.0,3.1,7.0,0.9,4.0,0.6,-33.8,-17.5,-15.0,-22.2,7.0,10.7,4.0,0.6,-79.6,-41.3,-19.6,-44.0,7.0,26.5,4.0,0.6,,,,,,,,,,,,,,,,,,,,,,,,,,,,,,,,,,,,,,,,,,,,,,,,,,,,,,,,,,,,,,,,,,,,,,,,,,,,,,,,,,,,,,,,,,,,,,,,
1911,2,-91.2,-41.3,,,,,,,,,,,,,,,,,,,,,,,,,,,,,,,,,6.6,9.3,12.45,9.19,7.0,3.69,6.0,0.3,4.01,6.7,9.44,5.75,7.0,6.43,6.0,0.3,-2.33,0.0,0.64,1.12,7.0,5.54,6.0,0.3,1020.32,1021.0,1021.68,1021.0,3.0,1.0,10.0,0.3,,,,,,,,,,,,,,,,,,,,,,,,,,,,,,,,,,,,,,,,,,,,,,,,,,,,,,,,,,,,,,,,,,,,,,,,,,,,,,,,,,,,,,,,,,,,,,,,,,,,,,,,,,,,,,,,,,,,,,,,
1911,2,-91.2,-31.5,,,,,,,,,,,,,,,,,,,,,,,,,,,,,,,,,5.27,6.7,6.7,6.0,3.0,1.21,20.0,0.0,-4.2,-3.35,-1.06,-2.65,3.0,2.38,20.0,0.0,1.84,5.8,6.42,4.17,3.0,3.64,20.0,0.0,1025.0,1025.0,1025.0,1025.0,1.0,0.0,10.0,0.0,,,,,,,,,,,,,,,,,,,,,,,,,,,,,,,,,,,,,,,,,,,,,,,,,,,,,,,,,,,,,,,,,,,,,,,,,,,,,,,,,,,,,,,,,,,,,,,,,,,,,,,,,,,,,,,,,,,,,,,,
1911,2,-89.69999999999999,6.2,,,,,,,,,,,,,,,,,,,,,,,,,,,,,,,,,,,,,,,,,,,,,,,,,,,,,,,,,,,,,,,,,1.3,2.0,2.7,2.0,3.0,1.0,6.0,0.3,-7.2,-6.8,-5.7,-6.5,4.0,1.0,6.0,0.3,-19.9,-12.1,-3.3,-11.6,4.0,9.6,6.0,0.3,,,,,,,,,,,,,,,,,,,,,,,,,,,,,,,,,,,,,,,,,,,,,,,,,,,,,,,,,,,,,,,,,,,,,,,,,,,,,,,,,,,,,,,,,,,,,,,,
1911,2,-89.60000000000002,-41.6,,,,,,,,,,,,,,,,,,,,,,,,,,,,,,,,,1.76,3.6,5.7,3.73,4.0,2.47,10.0,0.5,0.19,1.11,2.25,1.21,4.0,1.23,10.0,0.5,1.36,3.22,5.42,3.38,4.0,2.43,10.0,0.5,1023.27,1024.5,1025.0,1024.15,4.0,1.14,10.0,0.5,,,,,,,,,,,,,,,,,,,,,,,,,,,,,,,,,,,,,,,,,,,,,,,,,,,,,,,,,,,,,,,,,,,,,,,,,,,,,,,,,,,,,,,,,,,,,,,,,,,,,,,,,,,,,,,,,,,,,,,,
1911,2,-89.39999999999998,-57.1,,,,,,,,,,,,,,,,,,,,,,,,,,,,,,,,,7.59,9.5,11.41,9.5,2.0,3.96,8.0,1.0,-4.46,-3.71,-2.97,-3.71,2.0,1.55,8.0,1.0,-10.5,-8.74,-6.99,-8.74,2.0,3.65,8.0,1.0,997.46,998.45,999.44,998.45,2.0,2.05,8.0,1.0,,,,,,,,,,,,,,,,,,,,,,,,,,,,,,,,,,,,,,,,,,,,,,,,,,,,,,,,,,,,,,,,,,,,,,,,,,,,,,,,,,,,,,,,,,,,,,,,,,,,,,,,,,,,,,,,,,,,,,,,
1911,2,-89.39999999999998,-43.1,,,,,,,,,,,,,,,,,,,,,,,,,,,,,,,,,1.0,2.6,6.7,3.81,10.0,2.9,12.0,0.6,0.8,2.12,4.74,2.94,10.0,2.5,12.0,0.6,-4.26,-0.86,1.45,-1.39,10.0,2.55,12.0,0.6,1026.03,1027.5,1028.0,1027.08,10.0,1.8,12.0,0.6,,,,,,,,,,,,,,,,,,,,,,,,,,,,,,,,,,,,,,,,,,,,,,,,,,,,,,,,,,,,,,,,,,,,,,,,,,,,,,,,,,,,,,,,,,,,,,,,,,,,,,,,,,,,,,,,,,,,,,,,
1911,2,-89.39999999999998,-35.3,,,,,,,,,,,,,,,,,,,,,,,,,,,,,,,,,2.6,4.6,7.36,5.41,12.0,2.37,6.0,0.5,-2.7,-1.78,0.0,-1.52,12.0,1.26,6.0,0.5,-1.84,4.43,7.19,3.49,12.0,4.48,6.0,0.5,1020.75,1022.2,1028.0,1023.55,12.0,3.27,6.0,0.5,,,,,,,,,,,,,,,,,,,,,,,,,,,,,,,,,,,,,,,,,,,,,,,,,,,,,,,,,,,,,,,,,,,,,,,,,,,,,,,,,,,,,,,,,,,,,,,,,,,,,,,,,,,,,,,,,,,,,,,,
1911,2,-89.39999999999998,4.6,,,,,,,,,,,,,,,,,,,,,,,,,,,,,,,,,,,,,,,,,,,,,,,,,,,,,,,,,,,,,,,,,2.0,4.0,6.2,3.9,9.0,2.0,4.0,0.3,-19.3,-11.6,-6.4,-12.3,8.0,6.2,4.0,0.4,-6.7,-1.2,13.6,0.1,8.0,11.3,4.0,0.4,,,,,,,,,,,,,,,,,,,,,,,,,,,,,,,,,,,,,,,,,,,,,,,,,,,,,,,,,,,,,,,,,,,,,,,,,,,,,,,,,,,,,,,,,,,,,,,,
1911,2,-89.39999999999998,22.3,,,,,,,,,,,,,,,,,,,,,,,,,,,,,,,,,4.6,6.7,9.46,7.0,8.0,2.76,16.0,0.5,-4.78,-3.93,0.0,-3.38,8.0,3.39,16.0,0.5,-6.7,-4.98,0.0,-4.33,8.0,4.19,16.0,0.5,1018.05,1024.5,1026.97,1022.6,4.0,6.07,18.0,0.5,,,,,,,,,,,,,,,,,,,,,,,,,,,,,,,,,,,,,,,,,,,,,,,,,,,,,,,,,,,,,,,,,,,,,,,,,,,,,,,,,,,,,,,,,,,,,,,,,,,,,,,,,,,,,,,,,,,,,,,,
1911,2,-89.30000000000001,-53.3,,,,,,,,,,,,,,,,,,,,,,,,,,,,,,,,,9.37,12.3,12.3,10.9,4.0,2.8,18.0,0.5,8.62,11.32,11.32,10.03,4.0,2.58,18.0,0.5,-4.81,-4.81,-3.66,-4.26,4.0,1.09,18.0,0.5,1012.3,1012.95,1013.6,1012.95,2.0,1.34,14.0,1.0,,,,,,,,,,,,,,,,,,,,,,,,,,,,,,,,,,,,,,,,,,,,,,,,,,,,,,,,,,,,,,,,,,,,,,,,,,,,,,,,,,,,,,,,,,,,,,,,,,,,,,,,,,,,,,,,,,,,,,,,
1911,2,-89.30000000000001,20.5,,,,,,,,,,,,,,,,,,,,,,,,,,,,,,,,,4.6,5.65,9.01,6.05,8.0,2.4,14.0,0.1,-8.35,-5.38,-1.96,-5.12,8.0,3.01,14.0,0.1,-3.46,-2.62,-0.27,-2.32,8.0,1.55,14.0,0.1,1017.3,1019.55,1019.96,1018.68,4.0,2.21,16.0,0.0,,,,,,,,,,,,,,,,,,,,,,,,,,,,,,,,,,,,,,,,,,,,,,,,,,,,,,,,,,,,,,,,,,,,,,,,,,,,,,,,,,,,,,,,,,,,,,,,,,,,,,,,,,,,,,,,,,,,,,,,
1911,2,-89.19999999999999,-55.4,,,,,,,,,,,,,,,,,,,,,,,,,,,,,,,,,4.6,12.3,15.57,11.14,7.0,5.84,12.0,0.4,3.1,6.21,14.18,6.88,7.0,5.49,12.0,0.4,-12.55,-6.02,-2.98,-6.56,7.0,6.58,12.0,0.4,993.86,999.0,1004.1,999.0,7.0,5.6,12.0,0.4,,,,,,,,,,,,,,,,,,,,,,,,,,,,,,,,,,,,,,,,,,,,,,,,,,,,,,,,,,,,,,,,,,,,,,,,,,,,,,,,,,,,,,,,,,,,,,,,,,,,,,,,,,,,,,,,,,,,,,,,
1911,2,-89.19999999999999,-39.5,,,,,,,,,,,,,,,,,,,,,,,,,,,,,,,,,4.6,4.6,6.03,5.3,3.0,1.21,6.0,1.0,0.0,0.0,0.0,0.0,3.0,0.0,6.0,1.0,4.6,4.6,6.03,5.3,3.0,1.21,6.0,1.0,1020.32,1021.0,1021.0,1020.67,3.0,0.58,6.0,1.0,,,,,,,,,,,,,,,,,,,,,,,,,,,,,,,,,,,,,,,,,,,,,,,,,,,,,,,,,,,,,,,,,,,,,,,,,,,,,,,,,,,,,,,,,,,,,,,,,,,,,,,,,,,,,,,,,,,,,,,,
1911,2,-89.10000000000002,-33.2,,,,,,,,,,,,,,,,,,,,,,,,,,,,,,,,,0.0,1.0,6.7,2.81,18.0,3.45,18.0,0.4,-2.8,0.0,0.21,-0.61,18.0,2.88,18.0,0.4,0.0,0.0,5.18,1.81,18.0,2.85,18.0,0.4,1016.9,1021.0,1022.05,1019.5,7.0,2.99,10.0,0.4,,,,,,,,,,,,,,,,,,,,,,,,,,,,,,,,,,,,,,,,,,,,,,,,,,,,,,,,,,,,,,,,,,,,,,,,,,,,,,,,,,,,,,,,,,,,,,,,,,,,,,,,,,,,,,,,,,,,,,,,
1911,2,-89.0,-37.0,,,,,,,,,,,,,,,,,,,,,,,,,,,,,,,,,1.0,1.0,2.09,1.53,3.0,0.92,8.0,0.3,-0.89,-0.71,-0.48,-0.69,3.0,0.3,8.0,0.3,-0.19,0.93,1.94,0.88,3.0,1.56,8.0,0.3,1023.32,1024.0,1025.37,1024.33,3.0,1.53,8.0,0.3,,,,,,,,,,,,,,,,,,,,,,,,,,,,,,,,,,,,,,,,,,,,,,,,,,,,,,,,,,,,,,,,,,,,,,,,,,,,,,,,,,,,,,,,,,,,,,,,,,,,,,,,,,,,,,,,,,,,,,,,
1911,2,-87.80000000000001,4.2,,,,,,,,,,,,,,,,,,,,,,,,,,,,,,,,,,,,,,,,,,,,,,,,,,,,,,,,,,,,,,,,,2.0,2.0,2.0,2.0,3.0,0.0,6.0,0.3,-19.2,-15.0,-7.7,-13.5,3.0,8.5,6.0,0.3,1.6,5.2,11.9,6.7,3.0,7.6,6.0,0.3,,,,,,,,,,,,,,,,,,,,,,,,,,,,,,,,,,,,,,,,,,,,,,,,,,,,,,,,,,,,,,,,,,,,,,,,,,,,,,,,,,,,,,,,,,,,,,,,
1911,2,-87.60000000000002,-35.1,,,,,,,,,,,,,,,,,,,,,,,,,,,,,,,,,10.73,12.3,12.3,11.55,4.0,1.5,4.0,0.5,-1.83,2.4,6.84,2.5,4.0,5.35,4.0,0.5,8.66,10.01,11.83,10.24,4.0,1.86,4.0,0.5,1016.0,1017.5,1020.15,1018.05,4.0,2.53,4.0,0.5,,,,,,,,,,,,,,,,,,,,,,,,,,,,,,,,,,,,,,,,,,,,,,,,,,,,,,,,,,,,,,,,,,,,,,,,,,,,,,,,,,,,,,,,,,,,,,,,,,,,,,,,,,,,,,,,,,,,,,,,
1911,2,-87.60000000000002,2.5,,,,,,,,,,,,,,,,,,,,,,,,,,,,,,,,,,,,,,,,,,,,,,,,,,,,,,,,,,,,,,,,,2.0,2.5,6.0,3.6,10.0,2.0,4.0,0.6,-14.4,-4.6,-1.4,-6.7,10.0,5.8,4.0,0.6,5.0,6.3,15.0,8.1,10.0,5.4,4.0,0.6,,,,,,,,,,,,,,,,,,,,,,,,,,,,,,,,,,,,,,,,,,,,,,,,,,,,,,,,,,,,,,,,,,,,,,,,,,,,,,,,,,,,,,,,,,,,,,,,
1911,2,-87.5,-37.5,,,,,,,,,,,,,,,,,,,,,,,,,,,,,,,,,1.25,1.8,2.35,1.8,2.0,1.13,6.0,0.5,-0.82,-0.49,-0.15,-0.49,2.0,0.69,6.0,0.5,1.22,1.71,2.19,1.71,2.0,1.0,6.0,0.5,1019.32,1020.0,1020.68,1020.0,2.0,1.41,6.0,0.5,,,,,,,,,,,,,,,,,,,,,,,,,,,,,,,,,,,,,,,,,,,,,,,,,,,,,,,,,,,,,,,,,,,,,,,,,,,,,,,,,,,,,,,,,,,,,,,,,,,,,,,,,,,,,,,,,,,,,,,,
1911,2,-87.5,22.3,,,,,,,,,,,,,,,,,,,,,,,,,,,,,,,,,4.6,5.65,12.14,7.23,14.0,4.01,10.0,0.9,-6.7,-4.6,-1.8,-4.32,14.0,3.51,10.0,0.9,-10.87,0.0,0.0,-3.44,14.0,5.22,10.0,0.9,1014.39,1020.75,1024.12,1019.9,6.0,4.94,14.0,0.8,,,,,,,,,,,,,,,,,,,,,,,,,,,,,,,,,,,,,,,,,,,,,,,,,,,,,,,,,,,,,,,,,,,,,,,,,,,,,,,,,,,,,,,,,,,,,,,,,,,,,,,,,,,,,,,,,,,,,,,,
1911,2,-87.39999999999998,-55.3,,,,,,,,,,,,,,,,,,,,,,,,,,,,,,,,,4.6,10.8,14.07,9.39,10.0,4.96,16.0,0.8,0.0,10.31,13.37,7.39,10.0,6.57,16.0,0.8,-5.5,-0.5,2.63,-1.39,10.0,4.07,16.0,0.8,991.35,997.0,999.0,996.06,11.0,4.99,16.0,0.5,,,,,,,,,,,,,,,,,,,,,,,,,,,,,,,,,,,,,,,,,,,,,,,,,,,,,,,,,,,,,,,,,,,,,,,,,,,,,,,,,,,,,,,,,,,,,,,,,,,,,,,,,,,,,,,,,,,,,,,,
1911,2,-87.39999999999998,-33.0,,,,,,,,,,,,,,,,,,,,,,,,,,,,,,,,,7.58,9.3,9.3,8.36,5.0,2.1,16.0,0.4,-6.58,-4.6,-3.48,-4.94,5.0,1.56,16.0,0.4,4.17,6.58,8.62,6.08,5.0,3.55,16.0,0.4,1021.0,1022.0,1023.0,1022.0,5.0,1.0,16.0,0.4,,,,,,,,,,,,,,,,,,,,,,,,,,,,,,,,,,,,,,,,,,,,,,,,,,,,,,,,,,,,,,,,,,,,,,,,,,,,,,,,,,,,,,,,,,,,,,,,,,,,,,,,,,,,,,,,,,,,,,,,
1911,2,-87.30000000000001,-53.3,,,,,,,,,,,,,,,,,,,,,,,,,,,,,,,,,12.3,12.3,14.42,13.33,3.0,1.79,18.0,0.3,11.32,11.32,13.27,12.27,3.0,1.65,18.0,0.3,-5.63,-4.81,-4.81,-5.21,3.0,0.7,18.0,0.3,1009.16,1009.5,1009.84,1009.5,2.0,0.71,16.0,0.0,,,,,,,,,,,,,,,,,,,,,,,,,,,,,,,,,,,,,,,,,,,,,,,,,,,,,,,,,,,,,,,,,,,,,,,,,,,,,,,,,,,,,,,,,,,,,,,,,,,,,,,,,,,,,,,,,,,,,,,,
1911,2,-87.30000000000001,-45.1,,,,,,,,,,,,,,,,,,,,,,,,,,,,,,,,,4.41,4.6,9.88,7.08,13.0,4.48,8.0,0.5,-1.72,0.0,8.78,2.17,13.0,5.07,8.0,0.5,-6.99,4.27,4.75,0.69,13.0,6.56,8.0,0.5,1008.38,1013.5,1018.1,1013.25,4.0,6.08,14.0,0.3,,,,,,,,,,,,,,,,,,,,,,,,,,,,,,,,,,,,,,,,,,,,,,,,,,,,,,,,,,,,,,,,,,,,,,,,,,,,,,,,,,,,,,,,,,,,,,,,,,,,,,,,,,,,,,,,,,,,,,,,
1911,2,-87.30000000000001,-31.3,,,,,,,,,,,,,,,,,,,,,,,,,,,,,,,,,4.19,8.0,9.3,6.97,6.0,2.87,12.0,1.0,-6.58,-3.37,-1.46,-3.62,6.0,2.6,12.0,1.0,2.96,6.58,7.1,5.59,6.0,2.53,12.0,1.0,1023.0,1023.0,1023.61,1023.3,3.0,0.52,2.0,1.0,,,,,,,,,,,,,,,,,,,,,,,,,,,,,,,,,,,,,,,,,,,,,,,,,,,,,,,,,,,,,,,,,,,,,,,,,,,,,,,,,,,,,,,,,,,,,,,,,,,,,,,,,,,,,,,,,,,,,,,,
1911,2,-87.19999999999999,0.6,,,,,,,,,,,,,,,,,,,,,,,,,,,,,,,,,,,,,,,,,,,,,,,,,,,,,,,,,,,,,,,,,1.8,2.0,2.6,2.3,6.0,1.4,4.0,0.5,-0.7,0.0,0.0,-0.6,6.0,1.4,4.0,0.5,6.6,6.8,21.2,11.4,6.0,7.6,4.0,0.5,,,,,,,,,,,,,,,,,,,,,,,,,,,,,,,,,,,,,,,,,,,,,,,,,,,,,,,,,,,,,,,,,,,,,,,,,,,,,,,,,,,,,,,,,,,,,,,,
1911,2,-87.10000000000002,-47.1,,,,,,,,,,,,,,,,,,,,,,,,,,,,,,,,,19.0,19.0,19.0,19.0,2.0,0.0,14.0,1.0,17.62,17.62,17.62,17.62,2.0,0.0,14.0,1.0,7.12,7.12,7.12,7.12,2.0,0.0,14.0,1.0,1004.41,1004.65,1004.89,1004.65,2.0,0.49,14.0,1.0,,,,,,,,,,,,,,,,,,,,,,,,,,,,,,,,,,,,,,,,,,,,,,,,,,,,,,,,,,,,,,,,,,,,,,,,,,,,,,,,,,,,,,,,,,,,,,,,,,,,,,,,,,,,,,,,,,,,,,,,
1911,2,-87.10000000000002,-39.2,,,,,,,,,,,,,,,,,,,,,,,,,,,,,,,,,3.46,4.6,6.7,4.67,10.0,1.83,14.0,0.5,-2.17,0.0,0.58,-0.62,10.0,1.89,14.0,0.5,3.18,4.6,5.58,4.33,10.0,1.65,14.0,0.5,1018.43,1021.5,1032.0,1024.53,10.0,6.75,14.0,0.5,,,,,,,,,,,,,,,,,,,,,,,,,,,,,,,,,,,,,,,,,,,,,,,,,,,,,,,,,,,,,,,,,,,,,,,,,,,,,,,,,,,,,,,,,,,,,,,,,,,,,,,,,,,,,,,,,,,,,,,,
1911,2,-87.0,-41.0,,,,,,,,,,,,,,,,,,,,,,,,,,,,,,,,,6.7,6.7,6.7,6.7,1.0,0.0,6.0,0.0,4.74,4.74,4.74,4.74,1.0,0.0,6.0,0.0,4.74,4.74,4.74,4.74,1.0,0.0,6.0,0.0,1018.0,1018.0,1018.0,1018.0,1.0,0.0,6.0,0.0,,,,,,,,,,,,,,,,,,,,,,,,,,,,,,,,,,,,,,,,,,,,,,,,,,,,,,,,,,,,,,,,,,,,,,,,,,,,,,,,,,,,,,,,,,,,,,,,,,,,,,,,,,,,,,,,,,,,,,,,
1911,2,-85.69999999999999,0.3,,,,,,,,,,,,,,,,,,,,,,,,,,,,,,,,,,,,,,,,,,,,,,,,,,,,,,,,,,,,,,,,,5.4,8.0,8.0,6.8,4.0,2.5,8.0,0.3,0.0,0.0,0.0,0.0,4.0,0.0,8.0,0.3,3.7,6.8,6.8,5.3,4.0,2.9,8.0,0.3,,,,,,,,,,,,,,,,,,,,,,,,,,,,,,,,,,,,,,,,,,,,,,,,,,,,,,,,,,,,,,,,,,,,,,,,,,,,,,,,,,,,,,,,,,,,,,,,
1911,2,-85.60000000000002,-35.6,,,,,,,,,,,,,,,,,,,,,,,,,,,,,,,,,9.3,9.3,9.3,9.3,2.0,0.0,28.0,1.0,-6.58,-6.58,-6.58,-6.58,2.0,0.0,28.0,1.0,6.58,6.58,6.58,6.58,2.0,0.0,28.0,1.0,1028.11,1028.35,1028.59,1028.35,2.0,0.5,28.0,1.0,,,,,,,,,,,,,,,,,,,,,,,,,,,,,,,,,,,,,,,,,,,,,,,,,,,,,,,,,,,,,,,,,,,,,,,,,,,,,,,,,,,,,,,,,,,,,,,,,,,,,,,,,,,,,,,,,,,,,,,,
1911,2,-85.5,-47.3,,,,,,,,,,,,,,,,,,,,,,,,,,,,,,,,,8.76,12.3,16.89,13.1,6.0,5.52,10.0,0.2,6.2,8.7,14.63,9.83,6.0,4.4,10.0,0.2,-8.7,-5.66,7.88,-1.16,6.0,9.98,10.0,0.2,1008.32,1009.0,1009.68,1009.0,2.0,1.41,14.0,0.0,,,,,,,,,,,,,,,,,,,,,,,,,,,,,,,,,,,,,,,,,,,,,,,,,,,,,,,,,,,,,,,,,,,,,,,,,,,,,,,,,,,,,,,,,,,,,,,,,,,,,,,,,,,,,,,,,,,,,,,,
1911,2,-85.5,-39.2,,,,,,,,,,,,,,,,,,,,,,,,,,,,,,,,,4.6,4.6,6.03,5.3,3.0,1.21,14.0,0.3,-1.71,0.0,1.23,-0.24,3.0,2.16,14.0,0.3,4.35,4.6,5.7,5.02,3.0,1.05,14.0,0.3,1023.95,1026.0,1029.41,1026.67,3.0,4.04,14.0,0.3,,,,,,,,,,,,,,,,,,,,,,,,,,,,,,,,,,,,,,,,,,,,,,,,,,,,,,,,,,,,,,,,,,,,,,,,,,,,,,,,,,,,,,,,,,,,,,,,,,,,,,,,,,,,,,,,,,,,,,,,
1911,2,-85.5,-31.0,,,,,,,,,,,,,,,,,,,,,,,,,,,,,,,,,12.3,12.3,12.3,12.3,2.0,0.0,2.0,0.0,-4.61,-4.61,-4.61,-4.61,2.0,0.0,2.0,0.0,11.4,11.4,11.4,11.4,2.0,0.0,2.0,0.0,1022.0,1022.0,1022.0,1022.0,2.0,0.0,2.0,0.0,,,,,,,,,,,,,,,,,,,,,,,,,,,,,,,,,,,,,,,,,,,,,,,,,,,,,,,,,,,,,,,,,,,,,,,,,,,,,,,,,,,,,,,,,,,,,,,,,,,,,,,,,,,,,,,,,,,,,,,,
1911,2,-85.39999999999998,-41.2,,,,,,,,,,,,,,,,,,,,,,,,,,,,,,,,,4.6,6.7,6.7,5.86,10.0,1.08,20.0,0.6,2.15,4.0,4.74,3.84,10.0,1.56,20.0,0.6,3.25,4.49,4.74,4.01,10.0,1.64,20.0,0.6,1017.21,1026.0,1029.57,1024.55,10.0,5.51,20.0,0.6,,,,,,,,,,,,,,,,,,,,,,,,,,,,,,,,,,,,,,,,,,,,,,,,,,,,,,,,,,,,,,,,,,,,,,,,,,,,,,,,,,,,,,,,,,,,,,,,,,,,,,,,,,,,,,,,,,,,,,,,
1911,2,-85.39999999999998,-29.2,,,,,,,,,,,,,,,,,,,,,,,,,,,,,,,,,6.7,6.7,8.75,7.82,5.0,2.5,12.0,0.8,-3.28,-2.51,-1.59,-2.43,5.0,1.63,12.0,0.8,6.21,6.21,8.42,7.35,5.0,2.28,12.0,0.8,1021.16,1021.5,1021.84,1021.5,2.0,0.71,2.0,0.5,,,,,,,,,,,,,,,,,,,,,,,,,,,,,,,,,,,,,,,,,,,,,,,,,,,,,,,,,,,,,,,,,,,,,,,,,,,,,,,,,,,,,,,,,,,,,,,,,,,,,,,,,,,,,,,,,,,,,,,,
1911,2,-85.39999999999998,-1.6,,,,,,,,,,,,,,,,,,,,,,,,,,,,,,,,,,,,,,,,,,,,,,,,,,,,,,,,,,,,,,,,,1.0,2.0,4.0,2.6,11.0,2.0,4.0,0.5,-1.5,0.0,0.0,-0.3,11.0,1.3,4.0,0.5,1.0,6.4,6.8,5.8,11.0,5.9,4.0,0.5,,,,,,,,,,,,,,,,,,,,,,,,,,,,,,,,,,,,,,,,,,,,,,,,,,,,,,,,,,,,,,,,,,,,,,,,,,,,,,,,,,,,,,,,,,,,,,,,
1911,2,-85.39999999999998,20.8,,,,,,,,,,,,,,,,,,,,,,,,,,,,,,,,,4.6,4.6,6.7,5.7,9.0,2.77,6.0,0.4,-6.7,-4.6,-2.01,-4.93,9.0,3.33,6.0,0.4,-3.97,0.0,0.0,-1.3,9.0,1.97,6.0,0.4,1015.2,1015.2,1015.2,1015.2,1.0,0.0,6.0,1.0,,,,,,,,,,,,,,,,,,,,,,,,,,,,,,,,,,,,,,,,,,,,,,,,,,,,,,,,,,,,,,,,,,,,,,,,,,,,,,,,,,,,,,,,,,,,,,,,,,,,,,,,,,,,,,,,,,,,,,,,
1911,2,-85.39999999999998,22.3,,,,,,,,,,,,,,,,,,,,,,,,,,,,,,,,,4.41,6.7,12.3,7.75,13.0,3.55,14.0,0.3,-7.0,-3.83,-1.66,-4.61,13.0,3.57,14.0,0.3,-9.33,0.0,0.1,-3.46,13.0,5.38,14.0,0.3,1013.94,1017.65,1024.45,1018.56,8.0,4.93,14.0,0.4,,,,,,,,,,,,,,,,,,,,,,,,,,,,,,,,,,,,,,,,,,,,,,,,,,,,,,,,,,,,,,,,,,,,,,,,,,,,,,,,,,,,,,,,,,,,,,,,,,,,,,,,,,,,,,,,,,,,,,,,
1911,2,-85.30000000000001,-49.2,,,,,,,,,,,,,,,,,,,,,,,,,,,,,,,,,12.3,15.4,15.4,14.37,6.0,1.6,12.0,0.7,8.7,10.89,10.89,10.16,6.0,1.13,12.0,0.7,-10.89,0.0,10.89,0.0,6.0,11.19,12.0,0.7,1012.27,1015.0,1016.71,1014.5,3.0,3.28,14.0,0.7,,,,,,,,,,,,,,,,,,,,,,,,,,,,,,,,,,,,,,,,,,,,,,,,,,,,,,,,,,,,,,,,,,,,,,,,,,,,,,,,,,,,,,,,,,,,,,,,,,,,,,,,,,,,,,,,,,,,,,,,
1911,2,-85.30000000000001,-37.4,,,,,,,,,,,,,,,,,,,,,,,,,,,,,,,,,3.87,6.7,7.65,5.98,5.0,2.52,20.0,0.6,-5.41,-4.74,1.3,-2.65,5.0,3.79,20.0,0.6,3.56,4.74,5.41,4.54,5.0,1.49,20.0,0.6,1027.0,1029.0,1030.1,1028.8,5.0,2.05,20.0,0.6,,,,,,,,,,,,,,,,,,,,,,,,,,,,,,,,,,,,,,,,,,,,,,,,,,,,,,,,,,,,,,,,,,,,,,,,,,,,,,,,,,,,,,,,,,,,,,,,,,,,,,,,,,,,,,,,,,,,,,,,
1911,2,-85.30000000000001,-33.0,,,,,,,,,,,,,,,,,,,,,,,,,,,,,,,,,1.0,1.0,1.0,1.0,3.0,0.0,24.0,0.3,0.92,0.92,0.97,0.95,3.0,0.05,24.0,0.3,-0.39,-0.39,-0.12,-0.26,3.0,0.23,24.0,0.3,1019.32,1020.0,1020.68,1020.0,3.0,1.0,24.0,0.3,,,,,,,,,,,,,,,,,,,,,,,,,,,,,,,,,,,,,,,,,,,,,,,,,,,,,,,,,,,,,,,,,,,,,,,,,,,,,,,,,,,,,,,,,,,,,,,,,,,,,,,,,,,,,,,,,,,,,,,,
1911,2,-85.19999999999999,-57.3,,,,,,,,,,,,,,,,,,,,,,,,,,,,,,,,,9.3,9.3,10.06,10.14,12.0,3.04,14.0,0.6,6.67,8.56,8.85,8.09,12.0,1.04,14.0,0.6,-7.12,-3.63,0.0,-4.21,12.0,5.43,14.0,0.6,995.0,1004.5,1008.25,1002.91,12.0,6.1,14.0,0.6,,,,,,,,,,,,,,,,,,,,,,,,,,,,,,,,,,,,,,,,,,,,,,,,,,,,,,,,,,,,,,,,,,,,,,,,,,,,,,,,,,,,,,,,,,,,,,,,,,,,,,,,,,,,,,,,,,,,,,,,
1911,2,-85.19999999999999,-55.3,,,,,,,,,,,,,,,,,,,,,,,,,,,,,,,,,4.6,8.0,12.3,8.34,8.0,3.64,20.0,0.3,0.47,7.43,11.1,6.38,8.0,4.61,20.0,0.3,-4.81,-1.31,4.28,-1.25,8.0,4.8,20.0,0.3,997.96,999.0,1000.1,999.18,5.0,1.66,18.0,0.4,,,,,,,,,,,,,,,,,,,,,,,,,,,,,,,,,,,,,,,,,,,,,,,,,,,,,,,,,,,,,,,,,,,,,,,,,,,,,,,,,,,,,,,,,,,,,,,,,,,,,,,,,,,,,,,,,,,,,,,,
1911,2,-85.19999999999999,-53.5,,,,,,,,,,,,,,,,,,,,,,,,,,,,,,,,,15.97,17.2,18.43,17.2,2.0,2.55,16.0,0.5,14.7,15.83,16.96,15.83,2.0,2.34,16.0,0.5,-7.2,-6.72,-6.24,-6.72,2.0,0.99,16.0,0.5,1003.32,1004.0,1004.68,1004.0,2.0,1.41,16.0,0.5,,,,,,,,,,,,,,,,,,,,,,,,,,,,,,,,,,,,,,,,,,,,,,,,,,,,,,,,,,,,,,,,,,,,,,,,,,,,,,,,,,,,,,,,,,,,,,,,,,,,,,,,,,,,,,,,,,,,,,,,
1911,2,-85.10000000000002,-43.2,,,,,,,,,,,,,,,,,,,,,,,,,,,,,,,,,6.27,8.0,12.3,8.65,6.0,3.2,12.0,0.3,4.71,6.64,11.59,7.72,6.0,3.33,12.0,0.3,0.0,2.3,5.12,2.65,6.0,2.99,12.0,0.3,1013.59,1015.0,1021.41,1016.67,6.0,4.32,12.0,0.3,,,,,,,,,,,,,,,,,,,,,,,,,,,,,,,,,,,,,,,,,,,,,,,,,,,,,,,,,,,,,,,,,,,,,,,,,,,,,,,,,,,,,,,,,,,,,,,,,,,,,,,,,,,,,,,,,,,,,,,,
1911,2,-85.0,-59.2,,,,,,,,,,,,,,,,,,,,,,,,,,,,,,,,,2.6,8.45,15.4,8.99,8.0,7.32,18.0,0.5,0.0,5.27,13.81,6.65,8.0,7.12,18.0,0.5,-8.4,-3.6,-0.2,-3.44,8.0,5.58,18.0,0.5,987.44,995.85,997.89,994.21,8.0,5.82,18.0,0.5,,,,,,,,,,,,,,,,,,,,,,,,,,,,,,,,,,,,,,,,,,,,,,,,,,,,,,,,,,,,,,,,,,,,,,,,,,,,,,,,,,,,,,,,,,,,,,,,,,,,,,,,,,,,,,,,,,,,,,,,
1911,2,-83.69999999999999,-43.7,,,,,,,,,,,,,,,,,,,,,,,,,,,,,,,,,12.3,12.3,12.3,12.3,1.0,0.0,26.0,1.0,8.7,8.7,8.7,8.7,1.0,0.0,26.0,1.0,8.7,8.7,8.7,8.7,1.0,0.0,26.0,1.0,1021.3,1021.3,1021.3,1021.3,1.0,0.0,26.0,1.0,,,,,,,,,,,,,,,,,,,,,,,,,,,,,,,,,,,,,,,,,,,,,,,,,,,,,,,,,,,,,,,,,,,,,,,,,,,,,,,,,,,,,,,,,,,,,,,,,,,,,,,,,,,,,,,,,,,,,,,,
1911,2,-83.5,-45.3,,,,,,,,,,,,,,,,,,,,,,,,,,,,,,,,,11.68,12.3,15.4,12.83,6.0,2.3,14.0,0.5,8.68,11.15,12.71,11.03,6.0,2.17,14.0,0.5,2.76,5.19,9.15,5.57,6.0,3.86,14.0,0.5,1005.38,1011.55,1015.62,1010.85,6.0,5.63,14.0,0.5,,,,,,,,,,,,,,,,,,,,,,,,,,,,,,,,,,,,,,,,,,,,,,,,,,,,,,,,,,,,,,,,,,,,,,,,,,,,,,,,,,,,,,,,,,,,,,,,,,,,,,,,,,,,,,,,,,,,,,,,
1911,2,-83.5,-5.4,,,,,,,,,,,,,,,,,,,,,,,,,,,,,,,,,,,,,,,,,,,,,,,,,,,,,,,,,,,,,,,,,1.8,2.0,2.8,2.5,6.0,1.8,4.0,0.2,-32.4,-8.4,1.5,-12.4,6.0,17.4,4.0,0.2,15.8,31.4,80.2,40.5,6.0,33.4,4.0,0.2,,,,,,,,,,,,,,,,,,,,,,,,,,,,,,,,,,,,,,,,,,,,,,,,,,,,,,,,,,,,,,,,,,,,,,,,,,,,,,,,,,,,,,,,,,,,,,,,
1911,2,-83.5,-3.5,,,,,,,,,,,,,,,,,,,,,,,,,,,,,,,,,,,,,,,,,,,,,,,,,,,,,,,,,,,,,,,,,1.0,2.0,6.8,3.3,11.0,2.8,12.0,0.5,-2.3,0.0,0.0,-2.4,9.0,5.5,8.0,0.4,6.4,6.8,32.2,14.1,9.0,16.6,8.0,0.4,,,,,,,,,,,,,,,,,,,,,,,,,,,,,,,,,,,,,,,,,,,,,,,,,,,,,,,,,,,,,,,,,,,,,,,,,,,,,,,,,,,,,,,,,,,,,,,,
1911,2,-83.5,20.5,,,,,,,,,,,,,,,,,,,,,,,,,,,,,,,,,4.6,6.7,6.7,5.75,11.0,1.1,6.0,0.5,-6.41,-6.21,-3.85,-5.26,11.0,1.35,6.0,0.5,-2.82,-2.51,0.0,-1.82,11.0,1.26,6.0,0.5,1014.9,1015.1,1015.37,1015.13,3.0,0.35,8.0,0.3,,,,,,,,,,,,,,,,,,,,,,,,,,,,,,,,,,,,,,,,,,,,,,,,,,,,,,,,,,,,,,,,,,,,,,,,,,,,,,,,,,,,,,,,,,,,,,,,,,,,,,,,,,,,,,,,,,,,,,,,
1911,2,-83.39999999999998,-57.1,,,,,,,,,,,,,,,,,,,,,,,,,,,,,,,,,7.94,12.35,19.17,13.5,4.0,7.08,4.0,0.5,2.26,6.68,9.81,6.06,4.0,4.77,4.0,0.5,-17.02,-3.7,4.14,-6.32,4.0,12.97,4.0,0.5,992.6,996.0,1001.46,996.82,5.0,5.39,6.0,0.4,,,,,,,,,,,,,,,,,,,,,,,,,,,,,,,,,,,,,,,,,,,,,,,,,,,,,,,,,,,,,,,,,,,,,,,,,,,,,,,,,,,,,,,,,,,,,,,,,,,,,,,,,,,,,,,,,,,,,,,,
1911,2,-83.39999999999998,-51.4,,,,,,,,,,,,,,,,,,,,,,,,,,,,,,,,,12.3,12.3,19.0,15.51,10.0,6.25,18.0,0.5,9.98,11.81,15.83,13.58,10.0,5.83,18.0,0.5,-7.03,0.0,9.27,-0.22,10.0,8.2,18.0,0.5,1002.28,1005.5,1015.72,1007.35,10.0,7.77,18.0,0.5,,,,,,,,,,,,,,,,,,,,,,,,,,,,,,,,,,,,,,,,,,,,,,,,,,,,,,,,,,,,,,,,,,,,,,,,,,,,,,,,,,,,,,,,,,,,,,,,,,,,,,,,,,,,,,,,,,,,,,,,
1911,2,-83.39999999999998,-49.2,,,,,,,,,,,,,,,,,,,,,,,,,,,,,,,,,6.6,9.3,9.44,8.31,7.0,2.51,16.0,0.4,6.09,8.62,9.4,7.85,7.0,2.31,16.0,0.4,-0.13,2.51,3.54,1.64,7.0,2.58,16.0,0.4,1010.9,1012.0,1019.05,1013.57,7.0,4.24,16.0,0.4,,,,,,,,,,,,,,,,,,,,,,,,,,,,,,,,,,,,,,,,,,,,,,,,,,,,,,,,,,,,,,,,,,,,,,,,,,,,,,,,,,,,,,,,,,,,,,,,,,,,,,,,,,,,,,,,,,,,,,,,
1911,2,-83.39999999999998,-47.4,,,,,,,,,,,,,,,,,,,,,,,,,,,,,,,,,4.6,9.3,12.3,8.87,7.0,3.57,12.0,0.6,4.58,6.58,11.37,8.07,7.0,3.46,12.0,0.6,-4.89,-2.62,0.0,-2.94,7.0,2.55,12.0,0.6,1006.9,1009.0,1011.0,1008.73,7.0,2.23,12.0,0.6,,,,,,,,,,,,,,,,,,,,,,,,,,,,,,,,,,,,,,,,,,,,,,,,,,,,,,,,,,,,,,,,,,,,,,,,,,,,,,,,,,,,,,,,,,,,,,,,,,,,,,,,,,,,,,,,,,,,,,,,
1911,2,-83.39999999999998,-29.4,,,,,,,,,,,,,,,,,,,,,,,,,,,,,,,,,4.6,6.7,7.65,6.38,5.0,1.94,2.0,0.4,-3.34,-2.51,-1.59,-2.35,5.0,1.39,2.0,0.4,4.11,6.21,7.09,5.78,5.0,2.01,2.0,0.4,1021.0,1021.0,1023.29,1021.96,5.0,1.34,2.0,0.4,,,,,,,,,,,,,,,,,,,,,,,,,,,,,,,,,,,,,,,,,,,,,,,,,,,,,,,,,,,,,,,,,,,,,,,,,,,,,,,,,,,,,,,,,,,,,,,,,,,,,,,,,,,,,,,,,,,,,,,,
1911,2,-83.30000000000001,-59.1,,,,,,,,,,,,,,,,,,,,,,,,,,,,,,,,,15.4,15.4,17.29,16.3,4.0,1.8,18.0,0.5,8.21,10.89,12.22,10.25,4.0,3.22,18.0,0.5,-13.88,-12.16,-10.89,-12.37,4.0,1.75,18.0,0.5,998.0,998.0,998.0,998.0,4.0,0.0,18.0,0.5,,,,,,,,,,,,,,,,,,,,,,,,,,,,,,,,,,,,,,,,,,,,,,,,,,,,,,,,,,,,,,,,,,,,,,,,,,,,,,,,,,,,,,,,,,,,,,,,,,,,,,,,,,,,,,,,,,,,,,,,
1911,2,-83.30000000000001,-55.3,,,,,,,,,,,,,,,,,,,,,,,,,,,,,,,,,6.7,13.85,19.0,13.46,10.0,6.39,20.0,0.5,4.25,11.07,17.49,10.79,10.0,6.93,20.0,0.5,-8.77,-7.0,-2.58,-6.0,10.0,4.98,20.0,0.5,1001.0,1003.5,1008.67,1003.95,8.0,5.38,20.0,0.5,,,,,,,,,,,,,,,,,,,,,,,,,,,,,,,,,,,,,,,,,,,,,,,,,,,,,,,,,,,,,,,,,,,,,,,,,,,,,,,,,,,,,,,,,,,,,,,,,,,,,,,,,,,,,,,,,,,,,,,,
1911,2,-83.30000000000001,-37.7,,,,,,,,,,,,,,,,,,,,,,,,,,,,,,,,,4.6,4.6,6.03,5.3,3.0,1.21,8.0,0.0,-4.27,-3.25,-1.03,-2.66,3.0,2.42,8.0,0.0,3.68,4.6,4.69,4.2,3.0,0.82,8.0,0.0,1027.86,1028.0,1028.48,1028.17,3.0,0.47,8.0,0.0,,,,,,,,,,,,,,,,,,,,,,,,,,,,,,,,,,,,,,,,,,,,,,,,,,,,,,,,,,,,,,,,,,,,,,,,,,,,,,,,,,,,,,,,,,,,,,,,,,,,,,,,,,,,,,,,,,,,,,,,
1911,2,-83.30000000000001,-33.2,,,,,,,,,,,,,,,,,,,,,,,,,,,,,,,,,1.0,1.0,1.0,1.0,3.0,0.0,24.0,0.7,0.78,0.93,0.98,0.88,3.0,0.15,24.0,0.7,0.12,0.37,0.6,0.36,3.0,0.35,24.0,0.7,1020.39,1020.8,1020.94,1020.67,3.0,0.42,24.0,0.7,,,,,,,,,,,,,,,,,,,,,,,,,,,,,,,,,,,,,,,,,,,,,,,,,,,,,,,,,,,,,,,,,,,,,,,,,,,,,,,,,,,,,,,,,,,,,,,,,,,,,,,,,,,,,,,,,,,,,,,,
1911,2,-83.19999999999999,-53.2,,,,,,,,,,,,,,,,,,,,,,,,,,,,,,,,,12.3,12.3,18.2,14.38,15.0,4.49,16.0,0.4,0.0,8.7,13.54,8.89,15.0,7.31,16.0,0.4,-12.3,-4.81,8.7,-3.51,15.0,9.51,16.0,0.4,995.97,1004.35,1015.25,1004.71,12.0,10.44,18.0,0.4,,,,,,,,,,,,,,,,,,,,,,,,,,,,,,,,,,,,,,,,,,,,,,,,,,,,,,,,,,,,,,,,,,,,,,,,,,,,,,,,,,,,,,,,,,,,,,,,,,,,,,,,,,,,,,,,,,,,,,,,
1911,2,-83.19999999999999,22.5,,,,,,,,,,,,,,,,,,,,,,,,,,,,,,,,,4.6,6.7,9.3,6.95,30.0,2.74,12.0,0.4,-6.7,-4.74,0.0,-4.51,30.0,3.12,12.0,0.4,-7.73,0.0,0.4,-2.14,30.0,4.69,12.0,0.4,1014.38,1016.3,1023.16,1018.03,16.0,4.22,14.0,0.4,,,,,,,,,,,,,,,,,,,,,,,,,,,,,,,,,,,,,,,,,,,,,,,,,,,,,,,,,,,,,,,,,,,,,,,,,,,,,,,,,,,,,,,,,,,,,,,,,,,,,,,,,,,,,,,,,,,,,,,,
1911,2,-81.89999999999998,-5.6,,,,,,,,,,,,,,,,,,,,,,,,,,,,,,,,,,,,,,,,,,,,,,,,,,,,,,,,,,,,,,,,,1.3,2.0,2.0,1.7,3.0,0.6,8.0,1.0,-6.3,-4.3,-1.4,-3.9,3.0,3.6,8.0,1.0,5.7,6.8,15.7,10.6,3.0,8.1,8.0,1.0,,,,,,,,,,,,,,,,,,,,,,,,,,,,,,,,,,,,,,,,,,,,,,,,,,,,,,,,,,,,,,,,,,,,,,,,,,,,,,,,,,,,,,,,,,,,,,,,
1911,2,-81.60000000000002,-33.2,,,,,,,,,,,,,,,,,,,,,,,,,,,,,,,,,4.6,4.6,4.6,4.6,3.0,0.0,24.0,0.3,2.26,3.25,3.25,2.77,3.0,0.84,24.0,0.3,3.25,3.25,3.92,3.58,3.0,0.57,24.0,0.3,1018.38,1019.2,1019.95,1019.17,3.0,1.15,24.0,0.3,,,,,,,,,,,,,,,,,,,,,,,,,,,,,,,,,,,,,,,,,,,,,,,,,,,,,,,,,,,,,,,,,,,,,,,,,,,,,,,,,,,,,,,,,,,,,,,,,,,,,,,,,,,,,,,,,,,,,,,,
1911,2,-81.60000000000002,22.8,,,,,,,,,,,,,,,,,,,,,,,,,,,,,,,,,4.6,6.7,7.49,6.17,18.0,2.46,10.0,0.7,-6.7,-5.38,-2.24,-4.56,18.0,3.12,10.0,0.7,-3.55,-0.49,0.0,-1.76,18.0,3.37,10.0,0.7,1015.65,1016.9,1021.5,1017.92,9.0,2.99,12.0,0.7,,,,,,,,,,,,,,,,,,,,,,,,,,,,,,,,,,,,,,,,,,,,,,,,,,,,,,,,,,,,,,,,,,,,,,,,,,,,,,,,,,,,,,,,,,,,,,,,,,,,,,,,,,,,,,,,,,,,,,,,
1911,2,-81.5,-49.3,,,,,,,,,,,,,,,,,,,,,,,,,,,,,,,,,6.7,8.0,13.09,9.34,12.0,3.67,22.0,0.4,6.2,7.66,10.89,8.02,12.0,2.19,22.0,0.4,0.0,3.0,9.25,3.5,12.0,4.52,22.0,0.4,1012.9,1023.0,1023.48,1019.63,7.0,5.55,20.0,0.3,,,,,,,,,,,,,,,,,,,,,,,,,,,,,,,,,,,,,,,,,,,,,,,,,,,,,,,,,,,,,,,,,,,,,,,,,,,,,,,,,,,,,,,,,,,,,,,,,,,,,,,,,,,,,,,,,,,,,,,,
1911,2,-81.5,20.8,,,,,,,,,,,,,,,,,,,,,,,,,,,,,,,,,4.6,4.6,6.7,5.39,8.0,1.09,4.0,0.5,-6.05,-3.76,-0.36,-3.49,8.0,2.43,4.0,0.5,-4.6,-2.88,-1.81,-2.59,8.0,2.62,4.0,0.5,1015.85,1016.4,1016.47,1016.17,3.0,0.49,8.0,0.3,,,,,,,,,,,,,,,,,,,,,,,,,,,,,,,,,,,,,,,,,,,,,,,,,,,,,,,,,,,,,,,,,,,,,,,,,,,,,,,,,,,,,,,,,,,,,,,,,,,,,,,,,,,,,,,,,,,,,,,,
1911,2,-81.39999999999998,-37.2,,,,,,,,,,,,,,,,,,,,,,,,,,,,,,,,,6.7,6.7,8.47,7.57,3.0,1.5,8.0,1.0,-2.38,0.0,1.79,-0.29,3.0,3.06,8.0,1.0,6.34,6.7,8.01,7.16,3.0,1.29,8.0,1.0,1026.57,1027.8,1028.21,1027.4,3.0,1.25,8.0,1.0,,,,,,,,,,,,,,,,,,,,,,,,,,,,,,,,,,,,,,,,,,,,,,,,,,,,,,,,,,,,,,,,,,,,,,,,,,,,,,,,,,,,,,,,,,,,,,,,,,,,,,,,,,,,,,,,,,,,,,,,
1911,2,-81.30000000000001,-53.4,,,,,,,,,,,,,,,,,,,,,,,,,,,,,,,,,4.73,9.3,15.2,10.39,14.0,4.93,14.0,0.6,4.36,9.0,12.24,8.49,14.0,3.73,14.0,0.6,-10.75,-2.94,0.0,-4.29,14.0,5.39,14.0,0.6,1001.0,1002.0,1004.62,1002.83,6.0,2.32,8.0,0.7,,,,,,,,,,,,,,,,,,,,,,,,,,,,,,,,,,,,,,,,,,,,,,,,,,,,,,,,,,,,,,,,,,,,,,,,,,,,,,,,,,,,,,,,,,,,,,,,,,,,,,,,,,,,,,,,,,,,,,,,
1911,2,-81.30000000000001,-47.3,,,,,,,,,,,,,,,,,,,,,,,,,,,,,,,,,4.6,6.7,9.3,7.61,14.0,4.06,24.0,0.4,3.67,4.74,9.14,6.43,14.0,4.16,24.0,0.4,0.0,0.86,6.08,2.22,14.0,3.41,24.0,0.4,1022.0,1022.0,1022.68,1022.33,3.0,0.58,28.0,0.3,,,,,,,,,,,,,,,,,,,,,,,,,,,,,,,,,,,,,,,,,,,,,,,,,,,,,,,,,,,,,,,,,,,,,,,,,,,,,,,,,,,,,,,,,,,,,,,,,,,,,,,,,,,,,,,,,,,,,,,,
1911,2,-81.30000000000001,-7.4,,,,,,,,,,,,,,,,,,,,,,,,,,,,,,,,,,,,,,,,,,,,,,,,,,,,,,,,,,,,,,,,,2.0,3.5,6.0,3.8,8.0,2.1,8.0,0.5,-4.1,-0.5,0.0,-3.4,8.0,6.8,8.0,0.5,0.9,5.8,19.6,8.0,8.0,8.5,8.0,0.5,,,,,,,,,,,,,,,,,,,,,,,,,,,,,,,,,,,,,,,,,,,,,,,,,,,,,,,,,,,,,,,,,,,,,,,,,,,,,,,,,,,,,,,,,,,,,,,,
1911,2,-81.19999999999999,-59.4,,,,,,,,,,,,,,,,,,,,,,,,,,,,,,,,,1.35,9.3,15.4,9.28,15.0,6.51,18.0,0.6,0.0,2.51,13.18,5.98,15.0,6.49,18.0,0.6,-11.99,-2.6,-0.09,-4.33,15.0,5.84,18.0,0.6,1001.1,1001.3,1001.5,1001.3,2.0,0.42,18.0,1.0,,,,,,,,,,,,,,,,,,,,,,,,,,,,,,,,,,,,,,,,,,,,,,,,,,,,,,,,,,,,,,,,,,,,,,,,,,,,,,,,,,,,,,,,,,,,,,,,,,,,,,,,,,,,,,,,,,,,,,,,
1911,2,-81.19999999999999,-57.3,,,,,,,,,,,,,,,,,,,,,,,,,,,,,,,,,6.7,12.3,15.4,12.38,11.0,5.77,10.0,0.5,4.68,5.77,9.25,6.32,11.0,3.11,10.0,0.5,-13.12,-8.7,-0.82,-8.45,11.0,8.35,10.0,0.5,991.96,997.0,998.41,995.1,11.0,4.41,10.0,0.5,,,,,,,,,,,,,,,,,,,,,,,,,,,,,,,,,,,,,,,,,,,,,,,,,,,,,,,,,,,,,,,,,,,,,,,,,,,,,,,,,,,,,,,,,,,,,,,,,,,,,,,,,,,,,,,,,,,,,,,,
1911,2,-81.19999999999999,-55.2,,,,,,,,,,,,,,,,,,,,,,,,,,,,,,,,,9.3,12.3,16.49,12.41,18.0,5.49,18.0,0.6,5.98,8.63,14.18,8.74,18.0,4.59,18.0,0.6,-13.28,-6.02,0.0,-6.17,18.0,7.14,18.0,0.6,993.82,998.5,1000.21,997.05,6.0,4.32,16.0,0.3,,,,,,,,,,,,,,,,,,,,,,,,,,,,,,,,,,,,,,,,,,,,,,,,,,,,,,,,,,,,,,,,,,,,,,,,,,,,,,,,,,,,,,,,,,,,,,,,,,,,,,,,,,,,,,,,,,,,,,,,
1911,2,-81.19999999999999,-45.4,,,,,,,,,,,,,,,,,,,,,,,,,,,,,,,,,4.41,6.7,9.59,7.37,13.0,3.1,24.0,0.8,3.17,6.21,8.63,5.96,13.0,2.78,24.0,0.8,-4.91,0.0,3.6,-0.29,13.0,4.71,24.0,0.8,1023.48,1025.0,1026.0,1024.75,4.0,1.5,28.0,0.8,,,,,,,,,,,,,,,,,,,,,,,,,,,,,,,,,,,,,,,,,,,,,,,,,,,,,,,,,,,,,,,,,,,,,,,,,,,,,,,,,,,,,,,,,,,,,,,,,,,,,,,,,,,,,,,,,,,,,,,,
1911,2,-81.10000000000002,-51.3,,,,,,,,,,,,,,,,,,,,,,,,,,,,,,,,,6.7,12.3,15.4,11.3,16.0,4.48,20.0,0.6,4.99,8.63,11.4,9.21,16.0,4.85,20.0,0.6,-3.63,2.49,6.16,1.16,16.0,6.39,20.0,0.6,1007.25,1014.0,1015.51,1012.03,9.0,4.4,18.0,0.7,,,,,,,,,,,,,,,,,,,,,,,,,,,,,,,,,,,,,,,,,,,,,,,,,,,,,,,,,,,,,,,,,,,,,,,,,,,,,,,,,,,,,,,,,,,,,,,,,,,,,,,,,,,,,,,,,,,,,,,,
1911,2,-81.10000000000002,24.1,,,,,,,,,,,,,,,,,,,,,,,,,,,,,,,,,2.6,6.7,6.7,4.96,37.0,2.37,12.0,0.5,-6.7,-4.6,0.0,-3.94,37.0,3.08,12.0,0.5,-3.25,0.0,1.23,-0.62,37.0,2.26,12.0,0.5,1015.65,1017.2,1017.81,1016.82,5.0,1.48,16.0,0.4,,,,,,,,,,,,,,,,,,,,,,,,,,,,,,,,,,,,,,,,,,,,,,,,,,,,,,,,,,,,,,,,,,,,,,,,,,,,,,,,,,,,,,,,,,,,,,,,,,,,,,,,,,,,,,,,,,,,,,,,
1911,2,-79.69999999999999,24.7,,,,,,,,,,,,,,,,,,,,,,,,,,,,,,,,,2.6,4.6,4.6,4.14,15.0,1.85,10.0,0.5,-4.26,-1.84,-0.16,-2.13,15.0,2.6,10.0,0.5,-2.94,0.0,3.9,-0.11,15.0,3.18,10.0,0.5,1020.29,1020.9,1021.24,1020.77,3.0,0.71,20.0,0.3,,,,,,,,,,,,,,,,,,,,,,,,,,,,,,,,,,,,,,,,,,,,,,,,,,,,,,,,,,,,,,,,,,,,,,,,,,,,,,,,,,,,,,,,,,,,,,,,,,,,,,,,,,,,,,,,,,,,,,,,
1911,2,-79.69999999999999,26.4,,,,,,,,,,,,,,,,,,,,,,,,,,,,,,,,,1.0,4.6,6.7,4.22,33.0,3.11,10.0,0.4,-4.27,-1.0,0.0,-1.53,33.0,2.98,10.0,0.4,-4.23,0.0,3.08,-1.02,33.0,3.96,10.0,0.4,1015.77,1017.05,1018.83,1017.22,6.0,1.77,14.0,0.3,,,,,,,,,,,,,,,,,,,,,,,,,,,,,,,,,,,,,,,,,,,,,,,,,,,,,,,,,,,,,,,,,,,,,,,,,,,,,,,,,,,,,,,,,,,,,,,,,,,,,,,,,,,,,,,,,,,,,,,,
1911,2,-79.69999999999999,28.4,,,,,,,,,,,,,,,,,,,,,,,,,,,,,,,,,4.6,4.6,6.7,4.95,14.0,1.69,8.0,0.6,-4.35,2.55,3.25,0.78,14.0,3.62,8.0,0.6,-4.64,-3.25,1.66,-1.61,14.0,3.56,8.0,0.6,1015.3,1015.3,1015.3,1015.3,1.0,0.0,20.0,1.0,,,,,,,,,,,,,,,,,,,,,,,,,,,,,,,,,,,,,,,,,,,,,,,,,,,,,,,,,,,,,,,,,,,,,,,,,,,,,,,,,,,,,,,,,,,,,,,,,,,,,,,,,,,,,,,,,,,,,,,,
1911,2,-79.60000000000002,20.5,,,,,,,,,,,,,,,,,,,,,,,,,,,,,,,,,4.5,4.6,6.85,5.36,7.0,2.29,8.0,0.6,-6.38,-4.6,-4.16,-5.19,7.0,2.29,8.0,0.6,-1.76,0.0,0.09,-0.35,7.0,1.39,8.0,0.6,1014.64,1014.95,1015.94,1015.28,4.0,0.98,10.0,0.5,,,,,,,,,,,,,,,,,,,,,,,,,,,,,,,,,,,,,,,,,,,,,,,,,,,,,,,,,,,,,,,,,,,,,,,,,,,,,,,,,,,,,,,,,,,,,,,,,,,,,,,,,,,,,,,,,,,,,,,,
1911,2,-79.60000000000002,22.6,,,,,,,,,,,,,,,,,,,,,,,,,,,,,,,,,4.6,4.6,6.13,5.81,9.0,3.74,10.0,0.2,-3.99,-1.8,-0.48,-2.65,9.0,3.67,10.0,0.2,-5.74,-4.23,-0.46,-3.65,9.0,3.96,10.0,0.2,1019.7,1021.2,1023.38,1021.53,3.0,2.72,20.0,0.3,,,,,,,,,,,,,,,,,,,,,,,,,,,,,,,,,,,,,,,,,,,,,,,,,,,,,,,,,,,,,,,,,,,,,,,,,,,,,,,,,,,,,,,,,,,,,,,,,,,,,,,,,,,,,,,,,,,,,,,,
1911,2,-79.39999999999998,-59.3,,,,,,,,,,,,,,,,,,,,,,,,,,,,,,,,,4.6,9.3,17.58,11.28,35.0,6.41,20.0,0.4,3.78,6.58,11.32,7.87,35.0,4.79,20.0,0.4,-13.94,-6.02,0.0,-6.47,35.0,6.5,20.0,0.4,994.3,1001.9,1005.32,1000.49,18.0,4.99,20.0,0.4,,,,,,,,,,,,,,,,,,,,,,,,,,,,,,,,,,,,,,,,,,,,,,,,,,,,,,,,,,,,,,,,,,,,,,,,,,,,,,,,,,,,,,,,,,,,,,,,,,,,,,,,,,,,,,,,,,,,,,,,
1911,2,-79.39999999999998,-9.3,,,,,,,,,,,,,,,,,,,,,,,,,,,,,,,,,,,,,,,,,,,,,,,,,,,,,,,,,,,,,,,,,1.9,2.0,7.1,3.6,13.0,2.7,20.0,0.4,-6.5,-2.5,0.0,-2.3,13.0,3.3,20.0,0.4,0.0,6.3,8.0,6.6,13.0,6.4,20.0,0.4,,,,,,,,,,,,,,,,,,,,,,,,,,,,,,,,,,,,,,,,,,,,,,,,,,,,,,,,,,,,,,,,,,,,,,,,,,,,,,,,,,,,,,,,,,,,,,,,
1911,2,-79.30000000000001,-53.4,,,,,,,,,,,,,,,,,,,,,,,,,,,,,,,,,7.98,12.3,19.0,13.43,23.0,5.73,20.0,0.6,6.39,11.32,15.7,11.39,23.0,4.45,20.0,0.6,-5.42,0.0,9.04,1.27,23.0,8.01,20.0,0.6,990.52,999.4,1003.86,998.72,12.0,6.54,16.0,0.6,,,,,,,,,,,,,,,,,,,,,,,,,,,,,,,,,,,,,,,,,,,,,,,,,,,,,,,,,,,,,,,,,,,,,,,,,,,,,,,,,,,,,,,,,,,,,,,,,,,,,,,,,,,,,,,,,,,,,,,,
1911,2,-79.19999999999999,-57.2,,,,,,,,,,,,,,,,,,,,,,,,,,,,,,,,,11.58,12.3,19.0,14.15,31.0,4.6,18.0,0.5,6.67,10.04,13.61,10.13,31.0,3.99,18.0,0.5,-13.9,-4.81,0.0,-5.97,31.0,8.31,18.0,0.5,991.93,995.8,1001.27,994.42,20.0,8.42,14.0,0.5,,,,,,,,,,,,,,,,,,,,,,,,,,,,,,,,,,,,,,,,,,,,,,,,,,,,,,,,,,,,,,,,,,,,,,,,,,,,,,,,,,,,,,,,,,,,,,,,,,,,,,,,,,,,,,,,,,,,,,,,
1911,2,-79.19999999999999,-55.4,,,,,,,,,,,,,,,,,,,,,,,,,,,,,,,,,6.7,12.3,19.0,12.26,47.0,4.73,18.0,0.4,4.6,6.58,12.3,8.1,47.0,4.14,18.0,0.4,-12.83,-4.81,6.95,-3.34,47.0,8.96,18.0,0.4,985.43,999.1,1003.44,996.24,27.0,9.32,16.0,0.5,,,,,,,,,,,,,,,,,,,,,,,,,,,,,,,,,,,,,,,,,,,,,,,,,,,,,,,,,,,,,,,,,,,,,,,,,,,,,,,,,,,,,,,,,,,,,,,,,,,,,,,,,,,,,,,,,,,,,,,,
1911,2,-79.19999999999999,-33.0,,,,,,,,,,,,,,,,,,,,,,,,,,,,,,,,,3.23,4.6,4.6,3.93,3.0,1.15,22.0,0.7,1.8,1.8,2.22,2.0,3.0,0.35,22.0,0.7,2.01,4.23,4.23,3.15,3.0,1.88,22.0,0.7,1017.32,1018.0,1018.0,1017.67,3.0,0.58,22.0,0.7,,,,,,,,,,,,,,,,,,,,,,,,,,,,,,,,,,,,,,,,,,,,,,,,,,,,,,,,,,,,,,,,,,,,,,,,,,,,,,,,,,,,,,,,,,,,,,,,,,,,,,,,,,,,,,,,,,,,,,,,
1911,2,-79.10000000000002,-37.2,,,,,,,,,,,,,,,,,,,,,,,,,,,,,,,,,4.6,6.7,10.4,7.5,5.0,3.31,18.0,0.4,-1.27,4.27,5.19,2.32,5.0,3.97,18.0,0.4,1.09,2.51,9.97,5.03,5.0,5.2,18.0,0.4,1024.16,1024.5,1024.84,1024.5,2.0,0.71,10.0,0.0,,,,,,,,,,,,,,,,,,,,,,,,,,,,,,,,,,,,,,,,,,,,,,,,,,,,,,,,,,,,,,,,,,,,,,,,,,,,,,,,,,,,,,,,,,,,,,,,,,,,,,,,,,,,,,,,,,,,,,,,
1911,2,-79.10000000000002,-11.1,,,,,,,,,,,,,,,,,,,,,,,,,,,,,,,,,,,,,,,,,,,,,,,,,,,,,,,,,,,,,,,,,2.0,5.0,8.0,5.0,7.0,3.0,22.0,0.3,-2.5,0.0,0.0,-0.8,7.0,1.2,22.0,0.3,0.9,6.3,6.8,4.0,7.0,3.2,22.0,0.3,,,,,,,,,,,,,,,,,,,,,,,,,,,,,,,,,,,,,,,,,,,,,,,,,,,,,,,,,,,,,,,,,,,,,,,,,,,,,,,,,,,,,,,,,,,,,,,,
1911,2,-77.69999999999999,22.3,,,,,,,,,,,,,,,,,,,,,,,,,,,,,,,,,6.7,6.7,6.7,6.7,3.0,0.0,26.0,0.7,-6.21,-6.21,-5.21,-5.72,3.0,0.85,26.0,0.7,-4.03,-2.51,-2.51,-3.25,3.0,1.29,26.0,0.7,1019.7,1019.7,1019.7,1019.7,1.0,0.0,22.0,0.0,,,,,,,,,,,,,,,,,,,,,,,,,,,,,,,,,,,,,,,,,,,,,,,,,,,,,,,,,,,,,,,,,,,,,,,,,,,,,,,,,,,,,,,,,,,,,,,,,,,,,,,,,,,,,,,,,,,,,,,,
1911,2,-77.60000000000002,-11.5,,,,,,,,,,,,,,,,,,,,,,,,,,,,,,,,,,,,,,,,,,,,,,,,,,,,,,,,,,,,,,,,,2.3,4.0,8.0,4.8,9.0,2.5,22.0,0.8,-2.5,0.0,2.7,0.2,10.0,2.7,22.0,0.8,0.0,2.9,6.3,2.9,10.0,3.0,22.0,0.8,,,,,,,,,,,,,,,,,,,,,,,,,,,,,,,,,,,,,,,,,,,,,,,,,,,,,,,,,,,,,,,,,,,,,,,,,,,,,,,,,,,,,,,,,,,,,,,,
1911,2,-77.60000000000002,24.8,,,,,,,,,,,,,,,,,,,,,,,,,,,,,,,,,2.27,2.6,4.6,3.0,6.0,1.39,12.0,0.5,-4.31,0.42,1.84,-0.72,6.0,3.07,12.0,0.5,-0.38,0.9,1.84,0.61,6.0,1.49,12.0,0.5,1019.94,1021.1,1022.26,1021.1,2.0,2.4,10.0,1.0,,,,,,,,,,,,,,,,,,,,,,,,,,,,,,,,,,,,,,,,,,,,,,,,,,,,,,,,,,,,,,,,,,,,,,,,,,,,,,,,,,,,,,,,,,,,,,,,,,,,,,,,,,,,,,,,,,,,,,,,
1911,2,-77.5,-35.4,,,,,,,,,,,,,,,,,,,,,,,,,,,,,,,,,4.19,4.6,19.0,9.07,6.0,7.73,20.0,0.7,-2.84,0.0,0.0,-1.47,6.0,2.85,20.0,0.7,3.92,4.6,17.9,8.78,6.0,7.43,20.0,0.7,1014.63,1016.0,1017.37,1016.0,3.0,2.0,10.0,1.0,,,,,,,,,,,,,,,,,,,,,,,,,,,,,,,,,,,,,,,,,,,,,,,,,,,,,,,,,,,,,,,,,,,,,,,,,,,,,,,,,,,,,,,,,,,,,,,,,,,,,,,,,,,,,,,,,,,,,,,,
1911,2,-77.5,-19.4,,,,,,,,,,,,,,,,,,,,,,,,,,,,,,,,,4.6,6.7,6.7,5.86,5.0,1.15,20.0,0.8,-0.63,0.0,0.66,0.01,5.0,1.24,20.0,0.8,4.25,6.7,6.7,5.72,5.0,1.34,20.0,0.8,1014.48,1015.5,1016.42,1015.45,4.0,1.22,28.0,0.8,,,,,,,,,,,,,,,,,,,,,,,,,,,,,,,,,,,,,,,,,,,,,,,,,,,,,,,,,,,,,,,,,,,,,,,,,,,,,,,,,,,,,,,,,,,,,,,,,,,,,,,,,,,,,,,,,,,,,,,,
1911,2,-77.39999999999998,-55.4,,,,,,,,,,,,,,,,,,,,,,,,,,,,,,,,,9.3,15.4,22.6,15.85,33.0,6.34,14.0,0.5,6.73,10.89,18.95,12.03,33.0,5.66,14.0,0.5,-13.28,-4.81,8.7,-3.48,33.0,10.26,14.0,0.5,982.9,990.85,1003.59,991.57,14.0,11.11,12.0,0.4,,,,,,,,,,,,,,,,,,,,,,,,,,,,,,,,,,,,,,,,,,,,,,,,,,,,,,,,,,,,,,,,,,,,,,,,,,,,,,,,,,,,,,,,,,,,,,,,,,,,,,,,,,,,,,,,,,,,,,,,
1911,2,-77.39999999999998,18.8,,,,,,,,,,,,,,,,,,,,,,,,,,,,,,,,,1.18,2.6,12.3,6.23,8.0,6.0,8.0,0.5,-12.3,-2.6,-1.16,-5.94,8.0,5.91,8.0,0.5,-1.0,0.0,0.0,-0.97,8.0,1.99,8.0,0.5,1013.7,1013.7,1013.97,1013.83,3.0,0.23,10.0,0.3,,,,,,,,,,,,,,,,,,,,,,,,,,,,,,,,,,,,,,,,,,,,,,,,,,,,,,,,,,,,,,,,,,,,,,,,,,,,,,,,,,,,,,,,,,,,,,,,,,,,,,,,,,,,,,,,,,,,,,,,
1911,2,-77.39999999999998,20.8,,,,,,,,,,,,,,,,,,,,,,,,,,,,,,,,,6.7,6.7,8.32,7.48,4.0,1.55,22.0,0.5,-8.09,-5.47,-4.74,-6.37,4.0,2.39,22.0,0.5,-4.74,-3.62,-1.19,-3.0,4.0,2.26,22.0,0.5,1017.11,1018.2,1018.75,1017.93,3.0,1.22,20.0,0.7,,,,,,,,,,,,,,,,,,,,,,,,,,,,,,,,,,,,,,,,,,,,,,,,,,,,,,,,,,,,,,,,,,,,,,,,,,,,,,,,,,,,,,,,,,,,,,,,,,,,,,,,,,,,,,,,,,,,,,,,
1911,2,-77.39999999999998,26.5,,,,,,,,,,,,,,,,,,,,,,,,,,,,,,,,,4.6,6.7,9.44,6.97,7.0,2.91,10.0,0.7,-6.68,-4.6,0.16,-3.03,7.0,4.23,10.0,0.7,-6.8,-6.58,0.0,-4.56,7.0,3.5,10.0,0.7,1018.27,1020.35,1022.43,1020.35,2.0,4.31,10.0,1.0,,,,,,,,,,,,,,,,,,,,,,,,,,,,,,,,,,,,,,,,,,,,,,,,,,,,,,,,,,,,,,,,,,,,,,,,,,,,,,,,,,,,,,,,,,,,,,,,,,,,,,,,,,,,,,,,,,,,,,,,
1911,2,-77.39999999999998,28.6,,,,,,,,,,,,,,,,,,,,,,,,,,,,,,,,,2.6,9.3,9.8,6.97,12.0,3.96,14.0,0.4,-8.64,-4.03,0.97,-3.85,12.0,5.04,14.0,0.4,-3.48,0.92,5.0,0.85,12.0,5.12,14.0,0.4,1014.79,1015.4,1020.31,1017.5,3.0,4.44,24.0,0.7,,,,,,,,,,,,,,,,,,,,,,,,,,,,,,,,,,,,,,,,,,,,,,,,,,,,,,,,,,,,,,,,,,,,,,,,,,,,,,,,,,,,,,,,,,,,,,,,,,,,,,,,,,,,,,,,,,,,,,,,
1911,2,-77.39999999999998,30.4,,,,,,,,,,,,,,,,,,,,,,,,,,,,,,,,,2.6,9.3,11.49,7.33,9.0,4.89,10.0,0.3,0.5,2.41,6.58,3.56,9.0,5.23,10.0,0.3,-6.58,0.97,4.71,-0.17,9.0,6.53,10.0,0.3,1015.18,1019.0,1022.82,1019.0,2.0,7.92,14.0,0.5,,,,,,,,,,,,,,,,,,,,,,,,,,,,,,,,,,,,,,,,,,,,,,,,,,,,,,,,,,,,,,,,,,,,,,,,,,,,,,,,,,,,,,,,,,,,,,,,,,,,,,,,,,,,,,,,,,,,,,,,
1911,2,-77.30000000000001,-59.4,,,,,,,,,,,,,,,,,,,,,,,,,,,,,,,,,6.7,9.3,12.3,9.21,14.0,3.3,18.0,0.5,2.56,5.66,8.7,5.66,14.0,3.09,18.0,0.5,-8.7,-6.58,-4.74,-6.81,14.0,2.88,18.0,0.5,1001.13,1002.6,1004.93,1002.72,9.0,2.32,18.0,0.6,,,,,,,,,,,,,,,,,,,,,,,,,,,,,,,,,,,,,,,,,,,,,,,,,,,,,,,,,,,,,,,,,,,,,,,,,,,,,,,,,,,,,,,,,,,,,,,,,,,,,,,,,,,,,,,,,,,,,,,,
1911,2,-77.30000000000001,-57.1,,,,,,,,,,,,,,,,,,,,,,,,,,,,,,,,,9.39,19.0,26.8,17.24,39.0,6.84,16.0,0.4,6.59,11.32,20.89,12.98,39.0,6.8,16.0,0.4,-13.44,-8.7,6.52,-4.84,39.0,10.42,16.0,0.4,984.36,996.2,1005.33,995.08,19.0,9.95,12.0,0.4,,,,,,,,,,,,,,,,,,,,,,,,,,,,,,,,,,,,,,,,,,,,,,,,,,,,,,,,,,,,,,,,,,,,,,,,,,,,,,,,,,,,,,,,,,,,,,,,,,,,,,,,,,,,,,,,,,,,,,,,
1911,2,-77.30000000000001,-13.3,,,,,,,,,,,,,,,,,,,,,,,,,,,,,,,,,1.0,2.6,4.6,3.0,26.0,1.99,22.0,0.4,-1.72,-0.6,0.0,-0.74,26.0,0.95,22.0,0.4,0.86,2.41,4.6,2.81,26.0,1.9,22.0,0.4,1011.0,1013.0,1014.68,1012.93,6.0,1.7,24.0,0.5,0.0,2.5,8.0,3.3,26.0,2.9,22.0,0.4,-7.9,-0.6,0.0,-3.2,26.0,5.1,22.0,0.4,0.9,6.3,21.2,12.0,26.0,12.1,22.0,0.4,,,,,,,,,,,,,,,,,,,,,,,,,,,,,,,,,,,,,,,,,,,,,,,,,,,,,,,,,,,,,,,,,,,,,,,,,,,,,,,,,,,,,,,,,,,,,,,,
1911,2,-77.19999999999999,-33.3,,,,,,,,,,,,,,,,,,,,,,,,,,,,,,,,,5.17,6.7,9.3,7.1,9.0,1.86,26.0,0.4,-3.42,-2.51,0.0,-1.7,9.0,3.12,26.0,0.4,4.39,6.21,8.1,6.21,9.0,1.95,26.0,0.4,1015.63,1017.0,1017.0,1016.33,3.0,1.15,22.0,0.3,,,,,,,,,,,,,,,,,,,,,,,,,,,,,,,,,,,,,,,,,,,,,,,,,,,,,,,,,,,,,,,,,,,,,,,,,,,,,,,,,,,,,,,,,,,,,,,,,,,,,,,,,,,,,,,,,,,,,,,,
1911,2,-77.19999999999999,14.5,,,,,,,,,,,,,,,,,,,,,,,,,,,,,,,,,9.8,9.8,9.8,9.8,2.0,0.0,14.0,0.5,-9.09,-9.09,-9.09,-9.09,2.0,0.0,14.0,0.5,-3.67,-3.67,-3.67,-3.67,2.0,0.0,14.0,0.5,1017.4,1017.4,1017.4,1017.4,1.0,0.0,28.0,1.0,,,,,,,,,,,,,,,,,,,,,,,,,,,,,,,,,,,,,,,,,,,,,,,,,,,,,,,,,,,,,,,,,,,,,,,,,,,,,,,,,,,,,,,,,,,,,,,,,,,,,,,,,,,,,,,,,,,,,,,,
1911,2,-77.19999999999999,16.6,,,,,,,,,,,,,,,,,,,,,,,,,,,,,,,,,3.55,5.65,6.7,5.15,4.0,1.97,26.0,0.3,-6.21,-4.73,-2.81,-4.52,4.0,1.98,26.0,0.3,-2.9,-2.51,-1.71,-2.31,4.0,0.96,26.0,0.3,1017.33,1018.9,1019.45,1018.4,3.0,1.61,28.0,0.0,,,,,,,,,,,,,,,,,,,,,,,,,,,,,,,,,,,,,,,,,,,,,,,,,,,,,,,,,,,,,,,,,,,,,,,,,,,,,,,,,,,,,,,,,,,,,,,,,,,,,,,,,,,,,,,,,,,,,,,,
1911,2,-77.10000000000002,-51.3,,,,,,,,,,,,,,,,,,,,,,,,,,,,,,,,,4.6,9.3,19.0,9.64,27.0,6.46,16.0,0.6,1.84,6.17,15.66,7.31,27.0,6.4,16.0,0.6,-6.34,0.0,6.33,0.23,27.0,6.46,16.0,0.6,990.87,991.25,991.63,991.25,2.0,0.78,2.0,0.0,,,,,,,,,,,,,,,,,,,,,,,,,,,,,,,,,,,,,,,,,,,,,,,,,,,,,,,,,,,,,,,,,,,,,,,,,,,,,,,,,,,,,,,,,,,,,,,,,,,,,,,,,,,,,,,,,,,,,,,,
1911,2,-77.10000000000002,-15.2,,,,,,,,,,,,,,,,,,,,,,,,,,,,,,,,,1.0,2.6,3.84,2.64,16.0,1.62,20.0,0.6,-1.84,-0.97,0.0,-0.86,16.0,1.39,20.0,0.6,0.89,1.92,2.93,2.13,16.0,1.59,20.0,0.6,1013.95,1014.1,1015.0,1014.26,7.0,0.71,22.0,0.7,0.8,2.5,8.0,3.7,16.0,3.0,20.0,0.6,-4.8,-2.5,0.0,-2.4,16.0,6.2,20.0,0.6,0.9,5.0,11.7,7.8,16.0,10.6,20.0,0.6,,,,,,,,,,,,,,,,,,,,,,,,,,,,,,,,,,,,,,,,,,,,,,,,,,,,,,,,,,,,,,,,,,,,,,,,,,,,,,,,,,,,,,,,,,,,,,,,
1911,2,-75.60000000000002,-55.6,,,,,,,,,,,,,,,,,,,,,,,,,,,,,,,,,10.27,12.35,14.43,12.35,2.0,4.31,2.0,0.5,4.79,7.26,9.74,7.26,2.0,5.13,2.0,0.5,8.93,9.73,10.52,9.73,2.0,1.65,2.0,0.5,993.4,997.05,1000.7,997.05,2.0,7.57,2.0,0.5,,,,,,,,,,,,,,,,,,,,,,,,,,,,,,,,,,,,,,,,,,,,,,,,,,,,,,,,,,,,,,,,,,,,,,,,,,,,,,,,,,,,,,,,,,,,,,,,,,,,,,,,,,,,,,,,,,,,,,,,
1911,2,-75.60000000000002,16.8,,,,,,,,,,,,,,,,,,,,,,,,,,,,,,,,,3.55,4.6,5.7,4.63,4.0,1.67,26.0,0.5,-4.27,-3.44,-2.61,-3.44,4.0,0.96,26.0,0.5,-4.05,-1.72,-0.82,-2.4,4.0,2.64,26.0,0.5,1019.32,1020.0,1020.55,1019.93,3.0,0.9,28.0,0.3,,,,,,,,,,,,,,,,,,,,,,,,,,,,,,,,,,,,,,,,,,,,,,,,,,,,,,,,,,,,,,,,,,,,,,,,,,,,,,,,,,,,,,,,,,,,,,,,,,,,,,,,,,,,,,,,,,,,,,,,
1911,2,-75.5,-53.1,,,,,,,,,,,,,,,,,,,,,,,,,,,,,,,,,4.6,6.7,15.4,9.5,22.0,6.24,14.0,0.4,0.87,5.38,13.93,6.71,22.0,5.88,14.0,0.4,-7.14,0.0,5.65,-0.84,22.0,7.15,14.0,0.4,996.4,997.7,999.0,997.7,2.0,2.69,2.0,0.5,,,,,,,,,,,,,,,,,,,,,,,,,,,,,,,,,,,,,,,,,,,,,,,,,,,,,,,,,,,,,,,,,,,,,,,,,,,,,,,,,,,,,,,,,,,,,,,,,,,,,,,,,,,,,,,,,,,,,,,,
1911,2,-75.5,14.0,,,,,,,,,,,,,,,,,,,,,,,,,,,,,,,,,9.3,9.3,9.3,9.3,2.0,0.0,28.0,1.0,-9.3,-9.3,-9.3,-9.3,2.0,0.0,28.0,1.0,0.0,0.0,0.0,0.0,2.0,0.0,28.0,1.0,1015.61,1015.85,1016.09,1015.85,2.0,0.49,28.0,1.0,,,,,,,,,,,,,,,,,,,,,,,,,,,,,,,,,,,,,,,,,,,,,,,,,,,,,,,,,,,,,,,,,,,,,,,,,,,,,,,,,,,,,,,,,,,,,,,,,,,,,,,,,,,,,,,,,,,,,,,,
1911,2,-75.5,18.5,,,,,,,,,,,,,,,,,,,,,,,,,,,,,,,,,2.6,4.6,9.61,5.88,16.0,3.65,12.0,0.4,-7.98,-4.27,-2.4,-5.14,16.0,3.5,12.0,0.4,-3.95,-1.72,0.0,-2.11,16.0,2.25,12.0,0.4,1016.17,1018.0,1019.14,1017.56,5.0,2.04,12.0,0.2,,,,,,,,,,,,,,,,,,,,,,,,,,,,,,,,,,,,,,,,,,,,,,,,,,,,,,,,,,,,,,,,,,,,,,,,,,,,,,,,,,,,,,,,,,,,,,,,,,,,,,,,,,,,,,,,,,,,,,,,
1911,2,-75.39999999999998,-59.1,,,,,,,,,,,,,,,,,,,,,,,,,,,,,,,,,5.83,6.7,9.3,7.35,11.0,2.61,16.0,0.6,4.12,4.74,7.4,5.58,11.0,1.95,16.0,0.6,-6.58,-4.74,-2.99,-4.57,11.0,2.29,16.0,0.6,995.16,998.3,999.97,998.15,10.0,2.73,16.0,0.6,,,,,,,,,,,,,,,,,,,,,,,,,,,,,,,,,,,,,,,,,,,,,,,,,,,,,,,,,,,,,,,,,,,,,,,,,,,,,,,,,,,,,,,,,,,,,,,,,,,,,,,,,,,,,,,,,,,,,,,,
1911,2,-75.39999999999998,-15.5,,,,,,,,,,,,,,,,,,,,,,,,,,,,,,,,,1.0,2.6,4.6,2.25,26.0,1.48,20.0,0.7,-1.84,-0.84,0.0,-0.94,26.0,0.99,20.0,0.7,0.0,1.84,2.64,1.75,26.0,1.55,20.0,0.7,1013.0,1014.95,1015.0,1014.32,6.0,1.02,22.0,0.5,0.1,3.0,5.0,3.1,27.0,2.3,22.0,0.7,-4.8,-0.9,0.0,-2.7,26.0,4.2,20.0,0.7,0.0,5.0,8.6,5.9,26.0,6.9,20.0,0.7,,,,,,,,,,,,,,,,,,,,,,,,,,,,,,,,,,,,,,,,,,,,,,,,,,,,,,,,,,,,,,,,,,,,,,,,,,,,,,,,,,,,,,,,,,,,,,,,
1911,2,-75.39999999999998,20.5,,,,,,,,,,,,,,,,,,,,,,,,,,,,,,,,,6.7,6.7,9.8,7.84,9.0,1.97,16.0,0.4,-9.07,-6.21,-6.17,-7.1,9.0,1.81,16.0,0.4,-3.36,-1.72,2.62,-0.92,9.0,3.5,16.0,0.4,1017.01,1017.25,1017.49,1017.25,2.0,0.49,20.0,0.5,,,,,,,,,,,,,,,,,,,,,,,,,,,,,,,,,,,,,,,,,,,,,,,,,,,,,,,,,,,,,,,,,,,,,,,,,,,,,,,,,,,,,,,,,,,,,,,,,,,,,,,,,,,,,,,,,,,,,,,,
1911,2,-75.39999999999998,26.4,,,,,,,,,,,,,,,,,,,,,,,,,,,,,,,,,2.6,2.6,4.6,3.41,21.0,1.56,12.0,0.5,-4.27,-2.41,0.0,-2.1,21.0,2.48,12.0,0.5,-2.49,-1.0,0.84,-0.9,21.0,1.75,12.0,0.5,1018.04,1020.6,1021.27,1020.23,15.0,2.4,12.0,0.4,,,,,,,,,,,,,,,,,,,,,,,,,,,,,,,,,,,,,,,,,,,,,,,,,,,,,,,,,,,,,,,,,,,,,,,,,,,,,,,,,,,,,,,,,,,,,,,,,,,,,,,,,,,,,,,,,,,,,,,,
1911,2,-75.39999999999998,30.5,,,,,,,,,,,,,,,,,,,,,,,,,,,,,,,,,2.6,5.65,9.3,5.28,34.0,3.88,8.0,0.5,-2.61,0.0,2.43,-0.12,34.0,4.02,8.0,0.5,-5.83,0.0,5.32,0.09,34.0,5.26,8.0,0.5,1018.05,1020.4,1026.71,1021.48,21.0,4.57,8.0,0.4,,,,,,,,,,,,,,,,,,,,,,,,,,,,,,,,,,,,,,,,,,,,,,,,,,,,,,,,,,,,,,,,,,,,,,,,,,,,,,,,,,,,,,,,,,,,,,,,,,,,,,,,,,,,,,,,,,,,,,,,
1911,2,-75.30000000000001,-57.2,,,,,,,,,,,,,,,,,,,,,,,,,,,,,,,,,4.6,12.3,19.0,11.95,39.0,6.12,12.0,0.6,1.86,8.7,17.49,9.49,39.0,6.64,12.0,0.6,-7.4,0.0,7.1,0.08,39.0,6.89,12.0,0.6,993.02,999.55,1007.93,999.24,26.0,7.93,10.0,0.6,,,,,,,,,,,,,,,,,,,,,,,,,,,,,,,,,,,,,,,,,,,,,,,,,,,,,,,,,,,,,,,,,,,,,,,,,,,,,,,,,,,,,,,,,,,,,,,,,,,,,,,,,,,,,,,,,,,,,,,,
1911,2,-75.30000000000001,-35.0,,,,,,,,,,,,,,,,,,,,,,,,,,,,,,,,,19.0,19.0,19.0,19.0,3.0,0.0,10.0,0.0,6.5,6.5,7.13,6.81,3.0,0.53,10.0,0.0,17.61,17.85,17.85,17.73,3.0,0.21,10.0,0.0,1009.95,1012.0,1012.0,1011.0,3.0,1.73,10.0,0.0,,,,,,,,,,,,,,,,,,,,,,,,,,,,,,,,,,,,,,,,,,,,,,,,,,,,,,,,,,,,,,,,,,,,,,,,,,,,,,,,,,,,,,,,,,,,,,,,,,,,,,,,,,,,,,,,,,,,,,,,
1911,2,-75.30000000000001,28.5,,,,,,,,,,,,,,,,,,,,,,,,,,,,,,,,,2.45,2.6,6.95,3.97,13.0,2.98,14.0,0.3,-2.77,-2.39,0.0,-1.85,13.0,2.41,14.0,0.3,-4.42,1.0,1.8,-0.21,13.0,4.05,14.0,0.3,1019.95,1020.45,1024.8,1021.33,12.0,3.01,14.0,0.3,,,,,,,,,,,,,,,,,,,,,,,,,,,,,,,,,,,,,,,,,,,,,,,,,,,,,,,,,,,,,,,,,,,,,,,,,,,,,,,,,,,,,,,,,,,,,,,,,,,,,,,,,,,,,,,,,,,,,,,,
1911,2,-75.30000000000001,34.4,,,,,,,,,,,,,,,,,,,,,,,,,,,,,,,,,2.6,6.7,12.3,7.35,24.0,4.02,10.0,0.5,-7.35,0.0,8.62,-0.1,24.0,6.66,10.0,0.5,-3.87,1.42,6.1,1.38,24.0,5.13,10.0,0.5,1016.54,1021.1,1025.46,1020.79,10.0,4.61,12.0,0.5,,,,,,,,,,,,,,,,,,,,,,,,,,,,,,,,,,,,,,,,,,,,,,,,,,,,,,,,,,,,,,,,,,,,,,,,,,,,,,,,,,,,,,,,,,,,,,,,,,,,,,,,,,,,,,,,,,,,,,,,
1911,2,-75.30000000000001,36.5,,,,,,,,,,,,,,,,,,,,,,,,,,,,,,,,,2.6,6.7,9.3,5.85,63.0,3.19,16.0,0.5,-3.6,1.84,5.03,1.37,63.0,4.52,16.0,0.5,-6.21,0.0,3.25,-1.07,63.0,4.62,16.0,0.5,1007.9,1014.5,1019.91,1014.19,19.0,7.25,18.0,0.5,,,,,,,,,,,,,,,,,,,,,,,,,,,,,,,,,,,,,,,,,,,,,,,,,,,,,,,,,,,,,,,,,,,,,,,,,,,,,,,,,,,,,,,,,,,,,,,,,,,,,,,,,,,,,,,,,,,,,,,,
1911,2,-75.19999999999999,-33.5,,,,,,,,,,,,,,,,,,,,,,,,,,,,,,,,,7.11,8.0,8.89,8.0,2.0,1.84,22.0,0.5,1.04,3.29,5.53,3.29,2.0,4.65,22.0,0.5,6.6,6.64,6.68,6.64,2.0,0.09,22.0,0.5,1016.0,1016.0,1016.0,1016.0,2.0,0.0,22.0,0.5,,,,,,,,,,,,,,,,,,,,,,,,,,,,,,,,,,,,,,,,,,,,,,,,,,,,,,,,,,,,,,,,,,,,,,,,,,,,,,,,,,,,,,,,,,,,,,,,,,,,,,,,,,,,,,,,,,,,,,,,
1911,2,-75.19999999999999,-19.6,,,,,,,,,,,,,,,,,,,,,,,,,,,,,,,,,6.7,6.7,6.7,6.7,3.0,0.0,28.0,0.7,2.62,2.62,2.62,2.62,3.0,0.0,28.0,0.7,6.17,6.17,6.17,6.17,3.0,0.0,28.0,0.7,1016.48,1017.0,1017.0,1016.75,4.0,0.5,28.0,0.5,,,,,,,,,,,,,,,,,,,,,,,,,,,,,,,,,,,,,,,,,,,,,,,,,,,,,,,,,,,,,,,,,,,,,,,,,,,,,,,,,,,,,,,,,,,,,,,,,,,,,,,,,,,,,,,,,,,,,,,,
1911,2,-75.19999999999999,24.5,,,,,,,,,,,,,,,,,,,,,,,,,,,,,,,,,1.0,2.6,4.6,2.54,18.0,1.39,10.0,0.4,-2.8,-1.41,1.0,-1.18,18.0,2.11,10.0,0.4,-2.46,0.0,0.0,-0.88,18.0,1.43,10.0,0.4,1016.6,1018.3,1019.63,1018.11,15.0,1.59,12.0,0.5,,,,,,,,,,,,,,,,,,,,,,,,,,,,,,,,,,,,,,,,,,,,,,,,,,,,,,,,,,,,,,,,,,,,,,,,,,,,,,,,,,,,,,,,,,,,,,,,,,,,,,,,,,,,,,,,,,,,,,,,
1911,2,-75.19999999999999,32.3,,,,,,,,,,,,,,,,,,,,,,,,,,,,,,,,,4.6,8.0,9.3,7.32,14.0,2.79,10.0,0.6,-8.62,-4.67,-0.21,-4.34,14.0,4.78,10.0,0.6,-4.73,-2.49,3.4,-0.94,14.0,4.62,10.0,0.6,1015.0,1023.55,1031.26,1023.2,8.0,7.69,12.0,0.5,,,,,,,,,,,,,,,,,,,,,,,,,,,,,,,,,,,,,,,,,,,,,,,,,,,,,,,,,,,,,,,,,,,,,,,,,,,,,,,,,,,,,,,,,,,,,,,,,,,,,,,,,,,,,,,,,,,,,,,,
1911,2,-75.19999999999999,38.3,,,,,,,,,,,,,,,,,,,,,,,,,,,,,,,,,2.6,6.7,12.3,7.56,32.0,4.49,12.0,0.4,-0.21,0.19,5.8,2.06,32.0,4.5,12.0,0.4,-9.54,-4.6,2.6,-4.13,32.0,6.06,12.0,0.4,1013.69,1016.3,1021.77,1018.01,10.0,5.24,20.0,0.5,,,,,,,,,,,,,,,,,,,,,,,,,,,,,,,,,,,,,,,,,,,,,,,,,,,,,,,,,,,,,,,,,,,,,,,,,,,,,,,,,,,,,,,,,,,,,,,,,,,,,,,,,,,,,,,,,,,,,,,,
1911,2,-75.19999999999999,40.3,,,,,,,,,,,,,,,,,,,,,,,,,,,,,,,,,4.6,4.6,7.81,6.17,3.0,2.71,16.0,0.7,-1.11,3.48,4.0,1.49,3.0,4.12,16.0,0.7,-6.92,-3.25,-2.26,-4.56,3.0,3.59,16.0,0.7,1011.93,1013.5,1013.84,1012.9,3.0,1.49,16.0,0.7,,,,,,,,,,,,,,,,,,,,,,,,,,,,,,,,,,,,,,,,,,,,,,,,,,,,,,,,,,,,,,,,,,,,,,,,,,,,,,,,,,,,,,,,,,,,,,,,,,,,,,,,,,,,,,,,,,,,,,,,
1911,2,-75.10000000000002,-17.0,,,,,,,,,,,,,,,,,,,,,,,,,,,,,,,,,2.6,3.6,4.6,3.6,6.0,1.1,20.0,0.3,-4.23,-2.82,-0.77,-2.51,6.0,1.74,20.0,0.3,1.64,2.1,2.73,2.15,6.0,0.78,20.0,0.3,1009.63,1011.0,1011.04,1010.42,5.0,0.91,20.0,0.4,,,,,,,,,,,,,,,,,,,,,,,,,,,,,,,,,,,,,,,,,,,,,,,,,,,,,,,,,,,,,,,,,,,,,,,,,,,,,,,,,,,,,,,,,,,,,,,,,,,,,,,,,,,,,,,,,,,,,,,,
1911,2,-73.69999999999999,28.8,,,,,,,,,,,,,,,,,,,,,,,,,,,,,,,,,4.6,4.6,4.6,4.6,1.0,0.0,28.0,1.0,-4.27,-4.27,-4.27,-4.27,1.0,0.0,28.0,1.0,-1.72,-1.72,-1.72,-1.72,1.0,0.0,28.0,1.0,1024.1,1024.1,1024.1,1024.1,1.0,0.0,28.0,1.0,,,,,,,,,,,,,,,,,,,,,,,,,,,,,,,,,,,,,,,,,,,,,,,,,,,,,,,,,,,,,,,,,,,,,,,,,,,,,,,,,,,,,,,,,,,,,,,,,,,,,,,,,,,,,,,,,,,,,,,,
1911,2,-73.69999999999999,34.3,,,,,,,,,,,,,,,,,,,,,,,,,,,,,,,,,4.6,5.65,9.3,6.75,8.0,3.27,18.0,0.6,-4.6,-3.63,2.02,-2.06,8.0,3.6,18.0,0.6,-8.3,0.0,0.0,-1.49,8.0,6.51,18.0,0.6,1014.67,1016.2,1021.7,1017.86,5.0,3.93,20.0,0.4,,,,,,,,,,,,,,,,,,,,,,,,,,,,,,,,,,,,,,,,,,,,,,,,,,,,,,,,,,,,,,,,,,,,,,,,,,,,,,,,,,,,,,,,,,,,,,,,,,,,,,,,,,,,,,,,,,,,,,,,
1911,2,-73.60000000000002,32.4,,,,,,,,,,,,,,,,,,,,,,,,,,,,,,,,,4.6,8.0,12.3,8.14,18.0,3.26,16.0,0.4,-4.15,0.0,4.76,0.19,18.0,4.2,16.0,0.4,-6.58,0.43,9.39,0.71,18.0,7.91,16.0,0.4,1014.71,1016.45,1024.04,1017.95,14.0,4.51,16.0,0.6,,,,,,,,,,,,,,,,,,,,,,,,,,,,,,,,,,,,,,,,,,,,,,,,,,,,,,,,,,,,,,,,,,,,,,,,,,,,,,,,,,,,,,,,,,,,,,,,,,,,,,,,,,,,,,,,,,,,,,,,
1911,2,-73.5,18.3,,,,,,,,,,,,,,,,,,,,,,,,,,,,,,,,,2.71,5.65,8.06,5.4,4.0,3.51,16.0,0.8,-1.7,0.35,3.78,1.01,4.0,4.09,16.0,0.8,-6.64,-4.91,-1.92,-4.31,4.0,2.88,16.0,0.8,1015.7,1016.35,1017.0,1016.35,2.0,1.34,12.0,1.0,,,,,,,,,,,,,,,,,,,,,,,,,,,,,,,,,,,,,,,,,,,,,,,,,,,,,,,,,,,,,,,,,,,,,,,,,,,,,,,,,,,,,,,,,,,,,,,,,,,,,,,,,,,,,,,,,,,,,,,,
1911,2,-73.5,20.3,,,,,,,,,,,,,,,,,,,,,,,,,,,,,,,,,9.8,11.05,12.3,11.05,4.0,1.44,24.0,0.5,-11.83,-10.56,-9.8,-10.81,4.0,1.23,24.0,0.5,0.0,0.0,2.52,1.2,4.0,2.4,24.0,0.5,1016.01,1016.9,1017.38,1016.7,3.0,1.01,20.0,0.7,,,,,,,,,,,,,,,,,,,,,,,,,,,,,,,,,,,,,,,,,,,,,,,,,,,,,,,,,,,,,,,,,,,,,,,,,,,,,,,,,,,,,,,,,,,,,,,,,,,,,,,,,,,,,,,,,,,,,,,,
1911,2,-73.5,26.4,,,,,,,,,,,,,,,,,,,,,,,,,,,,,,,,,2.6,2.6,7.57,4.53,10.0,3.64,12.0,0.4,-6.8,1.84,1.84,-0.77,10.0,4.79,12.0,0.4,-2.89,-1.82,1.21,-1.74,10.0,3.02,12.0,0.4,1017.73,1023.6,1027.37,1022.6,4.0,5.85,12.0,0.5,,,,,,,,,,,,,,,,,,,,,,,,,,,,,,,,,,,,,,,,,,,,,,,,,,,,,,,,,,,,,,,,,,,,,,,,,,,,,,,,,,,,,,,,,,,,,,,,,,,,,,,,,,,,,,,,,,,,,,,,
1911,2,-73.5,30.6,,,,,,,,,,,,,,,,,,,,,,,,,,,,,,,,,2.6,4.6,7.49,4.94,18.0,3.07,16.0,0.5,-1.84,0.0,4.27,0.39,18.0,3.08,16.0,0.5,-6.12,1.72,2.41,-1.08,18.0,4.95,16.0,0.5,1015.81,1018.9,1026.3,1019.91,10.0,5.23,22.0,0.6,,,,,,,,,,,,,,,,,,,,,,,,,,,,,,,,,,,,,,,,,,,,,,,,,,,,,,,,,,,,,,,,,,,,,,,,,,,,,,,,,,,,,,,,,,,,,,,,,,,,,,,,,,,,,,,,,,,,,,,,
1911,2,-73.5,36.6,,,,,,,,,,,,,,,,,,,,,,,,,,,,,,,,,4.6,6.7,9.3,6.64,31.0,2.97,14.0,0.6,-4.74,1.72,7.14,1.72,31.0,5.33,14.0,0.6,-6.58,-3.63,0.43,-2.75,31.0,3.88,14.0,0.6,1012.11,1018.2,1023.71,1018.3,6.0,7.24,18.0,0.5,,,,,,,,,,,,,,,,,,,,,,,,,,,,,,,,,,,,,,,,,,,,,,,,,,,,,,,,,,,,,,,,,,,,,,,,,,,,,,,,,,,,,,,,,,,,,,,,,,,,,,,,,,,,,,,,,,,,,,,,
1911,2,-73.5,38.5,,,,,,,,,,,,,,,,,,,,,,,,,,,,,,,,,2.6,6.7,9.3,6.51,64.0,3.1,14.0,0.5,-6.17,2.45,6.7,0.76,64.0,5.85,14.0,0.5,-4.74,0.0,1.72,-1.33,64.0,4.02,14.0,0.5,1012.3,1015.35,1026.68,1018.71,26.0,8.2,14.0,0.4,,,,,,,,,,,,,,,,,,,,,,,,,,,,,,,,,,,,,,,,,,,,,,,,,,,,,,,,,,,,,,,,,,,,,,,,,,,,,,,,,,,,,,,,,,,,,,,,,,,,,,,,,,,,,,,,,,,,,,,,
1911,2,-73.39999999999998,16.6,,,,,,,,,,,,,,,,,,,,,,,,,,,,,,,,,3.87,6.7,12.3,7.7,5.0,4.44,18.0,0.4,-11.68,-4.74,-3.66,-7.04,5.0,4.44,18.0,0.4,-0.63,0.0,4.76,1.56,5.0,3.01,18.0,0.4,1020.37,1020.75,1021.13,1020.75,2.0,0.78,26.0,1.0,,,,,,,,,,,,,,,,,,,,,,,,,,,,,,,,,,,,,,,,,,,,,,,,,,,,,,,,,,,,,,,,,,,,,,,,,,,,,,,,,,,,,,,,,,,,,,,,,,,,,,,,,,,,,,,,,,,,,,,,
1911,2,-73.39999999999998,40.1,,,,,,,,,,,,,,,,,,,,,,,,,,,,,,,,,4.6,6.7,9.3,7.11,86.0,3.47,14.0,0.6,-4.42,3.25,6.64,2.01,86.0,5.86,14.0,0.6,-6.64,-3.25,0.0,-2.66,86.0,4.2,14.0,0.6,1015.52,1019.05,1027.35,1021.82,24.0,6.4,12.0,0.8,,,,,,,,,,,,,,,,,,,,,,,,,,,,,,,,,,,,,,,,,,,,,,,,,,,,,,,,,,,,,,,,,,,,,,,,,,,,,,,,,,,,,,,,,,,,,,,,,,,,,,,,,,,,,,,,,,,,,,,,
1911,2,-73.30000000000001,-59.2,,,,,,,,,,,,,,,,,,,,,,,,,,,,,,,,,6.7,15.4,22.6,14.62,22.0,6.98,12.0,0.5,6.17,13.81,16.99,12.16,22.0,5.79,12.0,0.5,-15.13,-6.3,-0.6,-6.66,22.0,6.16,12.0,0.5,993.34,994.25,995.37,994.35,4.0,1.2,16.0,0.3,,,,,,,,,,,,,,,,,,,,,,,,,,,,,,,,,,,,,,,,,,,,,,,,,,,,,,,,,,,,,,,,,,,,,,,,,,,,,,,,,,,,,,,,,,,,,,,,,,,,,,,,,,,,,,,,,,,,,,,,
1911,2,-73.30000000000001,-57.3,,,,,,,,,,,,,,,,,,,,,,,,,,,,,,,,,1.0,6.7,15.98,7.95,63.0,7.19,10.0,0.5,0.0,3.63,11.73,5.61,63.0,6.22,10.0,0.5,-6.71,0.0,4.9,-1.28,63.0,6.62,10.0,0.5,991.9,1005.8,1013.54,1002.6,46.0,11.17,8.0,0.5,,,,,,,,,,,,,,,,,,,,,,,,,,,,,,,,,,,,,,,,,,,,,,,,,,,,,,,,,,,,,,,,,,,,,,,,,,,,,,,,,,,,,,,,,,,,,,,,,,,,,,,,,,,,,,,,,,,,,,,,
1911,2,-73.30000000000001,-17.2,,,,,,,,,,,,,,,,,,,,,,,,,,,,,,,,,1.0,2.6,4.6,2.24,27.0,1.59,20.0,0.4,-2.6,-1.84,0.0,-1.48,27.0,1.52,20.0,0.4,0.0,0.71,1.84,0.99,27.0,1.46,20.0,0.4,1009.0,1011.0,1012.0,1010.57,7.0,1.27,18.0,0.4,0.3,4.5,6.0,3.9,28.0,2.7,20.0,0.4,-10.6,-4.8,0.0,-5.0,27.0,6.2,20.0,0.4,0.0,0.7,7.8,3.6,27.0,6.6,20.0,0.4,,,,,,,,,,,,,,,,,,,,,,,,,,,,,,,,,,,,,,,,,,,,,,,,,,,,,,,,,,,,,,,,,,,,,,,,,,,,,,,,,,,,,,,,,,,,,,,,
1911,2,-73.19999999999999,-19.5,,,,,,,,,,,,,,,,,,,,,,,,,,,,,,,,,3.55,4.6,4.6,4.1,4.0,1.0,28.0,0.3,1.39,1.8,1.8,1.6,4.0,0.39,28.0,0.3,3.27,4.23,4.23,3.77,4.0,0.92,28.0,0.3,1016.0,1016.5,1017.0,1016.5,4.0,0.58,28.0,0.3,,,,,,,,,,,,,,,,,,,,,,,,,,,,,,,,,,,,,,,,,,,,,,,,,,,,,,,,,,,,,,,,,,,,,,,,,,,,,,,,,,,,,,,,,,,,,,,,,,,,,,,,,,,,,,,,,,,,,,,,
1911,2,-73.10000000000002,-35.4,,,,,,,,,,,,,,,,,,,,,,,,,,,,,,,,,1.0,4.6,9.3,4.22,35.0,3.57,12.0,0.5,0.0,0.77,3.18,1.24,35.0,1.52,12.0,0.5,0.0,2.6,8.67,3.13,35.0,4.13,12.0,0.5,1008.0,1008.0,1008.0,1008.0,1.0,0.0,10.0,1.0,,,,,,,,,,,,,,,,,,,,,,,,,,,,,,,,,,,,,,,,,,,,,,,,,,,,,,,,,,,,,,,,,,,,,,,,,,,,,,,,,,,,,,,,,,,,,,,,,,,,,,,,,,,,,,,,,,,,,,,,
1911,2,-73.10000000000002,-33.5,,,,,,,,,,,,,,,,,,,,,,,,,,,,,,,,,0.43,2.8,4.6,2.81,10.0,2.44,16.0,0.5,0.0,1.5,3.25,1.66,10.0,1.77,16.0,0.5,-0.4,1.36,3.25,1.71,10.0,2.29,16.0,0.5,1009.0,1010.0,1012.62,1010.83,6.0,2.4,16.0,0.7,,,,,,,,,,,,,,,,,,,,,,,,,,,,,,,,,,,,,,,,,,,,,,,,,,,,,,,,,,,,,,,,,,,,,,,,,,,,,,,,,,,,,,,,,,,,,,,,,,,,,,,,,,,,,,,,,,,,,,,,
1911,2,-71.60000000000002,-33.3,,,,,,,,,,,,,,,,,,,,,,,,,,,,,,,,,1.0,2.6,6.7,3.08,30.0,2.84,12.0,0.2,0.0,0.0,1.81,0.66,30.0,1.2,12.0,0.2,-0.82,1.42,5.31,2.24,30.0,3.29,12.0,0.2,1011.0,1011.0,1011.0,1011.0,1.0,0.0,12.0,0.0,,,,,,,,,,,,,,,,,,,,,,,,,,,,,,,,,,,,,,,,,,,,,,,,,,,,,,,,,,,,,,,,,,,,,,,,,,,,,,,,,,,,,,,,,,,,,,,,,,,,,,,,,,,,,,,,,,,,,,,,
1911,2,-71.60000000000002,-31.3,,,,,,,,,,,,,,,,,,,,,,,,,,,,,,,,,,,,,,,,,,,,,,,,,,,,,,,,,,,,,,,,,0.0,3.0,8.0,4.0,28.0,3.3,12.0,0.5,0.0,0.0,0.4,1.3,23.0,8.2,14.0,0.5,0.0,6.8,36.8,21.9,23.0,49.4,14.0,0.5,,,,,,,,,,,,,,,,,,,,,,,,,,,,,,,,,,,,,,,,,,,,,,,,,,,,,,,,,,,,,,,,,,,,,,,,,,,,,,,,,,,,,,,,,,,,,,,,
1911,2,-71.60000000000002,16.6,,,,,,,,,,,,,,,,,,,,,,,,,,,,,,,,,6.7,6.7,12.64,9.6,3.0,5.02,22.0,0.3,-11.87,-6.7,-6.7,-9.23,3.0,4.38,22.0,0.3,-3.94,0.0,0.0,-1.92,3.0,3.33,22.0,0.3,1017.81,1018.9,1018.9,1018.37,3.0,0.92,26.0,0.0,,,,,,,,,,,,,,,,,,,,,,,,,,,,,,,,,,,,,,,,,,,,,,,,,,,,,,,,,,,,,,,,,,,,,,,,,,,,,,,,,,,,,,,,,,,,,,,,,,,,,,,,,,,,,,,,,,,,,,,,
1911,2,-71.60000000000002,20.3,,,,,,,,,,,,,,,,,,,,,,,,,,,,,,,,,8.18,11.05,12.3,10.28,4.0,2.66,18.0,0.5,-11.32,-10.2,-7.58,-9.49,4.0,2.42,18.0,0.5,-3.12,1.15,4.81,0.86,4.0,4.58,18.0,0.5,1014.96,1015.1,1015.24,1015.1,2.0,0.28,10.0,1.0,,,,,,,,,,,,,,,,,,,,,,,,,,,,,,,,,,,,,,,,,,,,,,,,,,,,,,,,,,,,,,,,,,,,,,,,,,,,,,,,,,,,,,,,,,,,,,,,,,,,,,,,,,,,,,,,,,,,,,,,
1911,2,-71.60000000000002,28.6,,,,,,,,,,,,,,,,,,,,,,,,,,,,,,,,,2.02,2.6,4.1,3.1,5.0,2.13,18.0,0.6,-2.49,-0.71,0.95,-0.63,5.0,2.12,18.0,0.6,-3.9,-0.97,-0.45,-2.09,5.0,2.47,18.0,0.6,1022.59,1023.45,1024.68,1023.63,4.0,1.28,18.0,0.5,,,,,,,,,,,,,,,,,,,,,,,,,,,,,,,,,,,,,,,,,,,,,,,,,,,,,,,,,,,,,,,,,,,,,,,,,,,,,,,,,,,,,,,,,,,,,,,,,,,,,,,,,,,,,,,,,,,,,,,,
1911,2,-71.5,-33.3,,,,,,,,,,,,,,,,,,,,,,,,,,,,,,,,,,,,,,,,,,,,,,,,,,,,,,,,,,,,,,,,,0.6,4.5,8.0,4.4,30.0,3.3,12.0,0.1,0.0,0.0,6.0,3.3,30.0,7.2,12.0,0.2,-0.8,2.9,35.6,15.2,30.0,30.1,12.0,0.2,,,,,,,,,,,,,,,,,,,,,,,,,,,,,,,,,,,,,,,,,,,,,,,,,,,,,,,,,,,,,,,,,,,,,,,,,,,,,,,,,,,,,,,,,,,,,,,,
1911,2,-71.5,-29.3,,,,,,,,,,,,,,,,,,,,,,,,,,,,,,,,,,,,,,,,,,,,,,,,,,,,,,,,,,,,,,,,,0.0,2.0,5.8,2.3,33.0,2.7,14.0,0.3,0.0,0.0,7.0,3.0,33.0,6.6,14.0,0.3,0.0,5.2,42.1,16.6,33.0,26.1,14.0,0.3,,,,,,,,,,,,,,,,,,,,,,,,,,,,,,,,,,,,,,,,,,,,,,,,,,,,,,,,,,,,,,,,,,,,,,,,,,,,,,,,,,,,,,,,,,,,,,,,
1911,2,-71.5,-17.5,,,,,,,,,,,,,,,,,,,,,,,,,,,,,,,,,1.0,2.6,2.6,1.91,13.0,0.95,18.0,0.2,-1.84,-0.97,0.0,-0.92,13.0,0.98,18.0,0.2,0.64,1.84,2.41,1.41,13.0,0.89,18.0,0.2,1012.32,1013.0,1013.0,1012.67,3.0,0.58,12.0,0.3,3.0,5.0,6.0,4.5,13.0,1.6,18.0,0.2,-4.8,-2.5,0.0,-2.3,13.0,2.4,18.0,0.2,0.6,4.8,6.3,3.4,13.0,2.6,18.0,0.2,,,,,,,,,,,,,,,,,,,,,,,,,,,,,,,,,,,,,,,,,,,,,,,,,,,,,,,,,,,,,,,,,,,,,,,,,,,,,,,,,,,,,,,,,,,,,,,,
1911,2,-71.5,38.5,,,,,,,,,,,,,,,,,,,,,,,,,,,,,,,,,4.6,8.0,12.3,8.26,56.0,4.04,14.0,0.4,-4.36,2.51,8.7,2.9,56.0,6.59,14.0,0.4,-8.64,-1.84,3.79,-2.0,56.0,5.46,14.0,0.4,1013.1,1017.8,1027.28,1019.72,20.0,7.07,14.0,0.3,,,,,,,,,,,,,,,,,,,,,,,,,,,,,,,,,,,,,,,,,,,,,,,,,,,,,,,,,,,,,,,,,,,,,,,,,,,,,,,,,,,,,,,,,,,,,,,,,,,,,,,,,,,,,,,,,,,,,,,,
1911,2,-71.39999999999998,-59.2,,,,,,,,,,,,,,,,,,,,,,,,,,,,,,,,,9.3,19.0,26.8,18.79,23.0,7.8,10.0,0.5,8.56,15.4,24.67,16.63,23.0,7.36,10.0,0.5,-12.07,-8.7,-3.12,-7.56,23.0,5.19,10.0,0.5,1002.0,1016.4,1016.92,1011.46,9.0,7.87,10.0,0.6,,,,,,,,,,,,,,,,,,,,,,,,,,,,,,,,,,,,,,,,,,,,,,,,,,,,,,,,,,,,,,,,,,,,,,,,,,,,,,,,,,,,,,,,,,,,,,,,,,,,,,,,,,,,,,,,,,,,,,,,
1911,2,-71.39999999999998,-57.3,,,,,,,,,,,,,,,,,,,,,,,,,,,,,,,,,2.6,6.7,15.4,8.93,43.0,7.17,10.0,0.5,0.0,4.6,13.68,6.38,43.0,7.29,10.0,0.5,-4.03,1.0,6.3,0.67,43.0,6.14,10.0,0.5,990.02,998.0,1014.4,1001.77,33.0,11.53,10.0,0.5,,,,,,,,,,,,,,,,,,,,,,,,,,,,,,,,,,,,,,,,,,,,,,,,,,,,,,,,,,,,,,,,,,,,,,,,,,,,,,,,,,,,,,,,,,,,,,,,,,,,,,,,,,,,,,,,,,,,,,,,
1911,2,-71.39999999999998,-27.3,,,,,,,,,,,,,,,,,,,,,,,,,,,,,,,,,,,,,,,,,,,,,,,,,,,,,,,,,,,,,,,,,2.0,4.0,7.0,4.2,28.0,2.5,14.0,0.6,-2.5,0.0,0.7,0.0,28.0,2.7,14.0,0.6,-1.0,6.2,21.1,10.9,28.0,19.9,14.0,0.6,,,,,,,,,,,,,,,,,,,,,,,,,,,,,,,,,,,,,,,,,,,,,,,,,,,,,,,,,,,,,,,,,,,,,,,,,,,,,,,,,,,,,,,,,,,,,,,,
1911,2,-71.39999999999998,26.6,,,,,,,,,,,,,,,,,,,,,,,,,,,,,,,,,2.6,6.7,10.44,6.78,12.0,3.58,14.0,0.7,-8.8,-5.51,-1.62,-5.05,12.0,3.02,14.0,0.7,-4.95,-2.51,2.41,-2.66,12.0,4.27,14.0,0.7,1025.96,1027.0,1028.63,1026.86,7.0,1.98,18.0,0.7,,,,,,,,,,,,,,,,,,,,,,,,,,,,,,,,,,,,,,,,,,,,,,,,,,,,,,,,,,,,,,,,,,,,,,,,,,,,,,,,,,,,,,,,,,,,,,,,,,,,,,,,,,,,,,,,,,,,,,,,
1911,2,-71.39999999999998,32.4,,,,,,,,,,,,,,,,,,,,,,,,,,,,,,,,,4.6,8.0,12.3,8.08,18.0,3.74,10.0,0.5,-9.78,-5.59,0.0,-4.97,18.0,4.95,10.0,0.5,-6.61,-2.49,3.14,-2.2,18.0,5.22,10.0,0.5,1016.96,1018.2,1019.17,1017.97,9.0,1.67,8.0,0.3,,,,,,,,,,,,,,,,,,,,,,,,,,,,,,,,,,,,,,,,,,,,,,,,,,,,,,,,,,,,,,,,,,,,,,,,,,,,,,,,,,,,,,,,,,,,,,,,,,,,,,,,,,,,,,,,,,,,,,,,
1911,2,-71.30000000000001,36.7,,,,,,,,,,,,,,,,,,,,,,,,,,,,,,,,,4.6,6.7,14.02,8.0,29.0,4.6,14.0,0.4,-3.25,1.84,6.7,2.37,29.0,5.53,14.0,0.4,-8.62,-3.25,-0.76,-3.5,29.0,6.19,14.0,0.4,1012.5,1020.2,1020.67,1019.03,9.0,7.15,12.0,0.3,,,,,,,,,,,,,,,,,,,,,,,,,,,,,,,,,,,,,,,,,,,,,,,,,,,,,,,,,,,,,,,,,,,,,,,,,,,,,,,,,,,,,,,,,,,,,,,,,,,,,,,,,,,,,,,,,,,,,,,,
1911,2,-71.30000000000001,40.1,,,,,,,,,,,,,,,,,,,,,,,,,,,,,,,,,2.6,6.7,12.3,7.2,95.0,3.8,14.0,0.4,-4.6,1.84,8.56,2.31,95.0,5.89,14.0,0.4,-6.21,-2.62,1.84,-2.08,95.0,4.73,14.0,0.4,1015.75,1021.1,1033.03,1022.5,26.0,7.41,12.0,0.3,,,,,,,,,,,,,,,,,,,,,,,,,,,,,,,,,,,,,,,,,,,,,,,,,,,,,,,,,,,,,,,,,,,,,,,,,,,,,,,,,,,,,,,,,,,,,,,,,,,,,,,,,,,,,,,,,,,,,,,,
1911,2,-71.19999999999999,-23.3,,,,,,,,,,,,,,,,,,,,,,,,,,,,,,,,,0.0,1.0,2.6,1.51,41.0,1.52,12.0,0.4,-0.43,0.0,0.0,-0.2,41.0,0.63,12.0,0.4,0.0,0.0,2.6,1.09,41.0,1.73,12.0,0.4,1009.45,1011.0,1011.03,1010.48,12.0,0.94,2.0,0.5,2.0,3.0,5.0,3.5,43.0,2.0,12.0,0.4,-0.6,0.0,0.0,-0.4,41.0,1.5,12.0,0.4,0.0,0.0,6.8,3.9,41.0,7.0,12.0,0.4,,,,,,,,,,,,,,,,,,,,,,,,,,,,,,,,,,,,,,,,,,,,,,,,,,,,,,,,,,,,,,,,,,,,,,,,,,,,,,,,,,,,,,,,,,,,,,,,
1911,2,-71.19999999999999,-19.3,,,,,,,,,,,,,,,,,,,,,,,,,,,,,,,,,,,,,,,,,,,,,,,,,,,,,,,,,,,,,,,,,3.0,4.0,6.9,4.4,33.0,2.2,16.0,0.3,-4.8,-0.9,0.0,-1.6,31.0,2.1,16.0,0.3,0.0,0.9,4.8,1.7,31.0,2.4,16.0,0.3,,,,,,,,,,,,,,,,,,,,,,,,,,,,,,,,,,,,,,,,,,,,,,,,,,,,,,,,,,,,,,,,,,,,,,,,,,,,,,,,,,,,,,,,,,,,,,,,
1911,2,-71.19999999999999,18.8,,,,,,,,,,,,,,,,,,,,,,,,,,,,,,,,,5.6,8.25,11.11,8.35,4.0,3.39,18.0,0.3,-10.27,-6.88,-1.31,-5.84,4.0,5.79,18.0,0.3,-4.68,-0.39,4.04,-0.32,4.0,5.03,18.0,0.3,1016.21,1016.45,1016.69,1016.45,2.0,0.49,14.0,0.0,,,,,,,,,,,,,,,,,,,,,,,,,,,,,,,,,,,,,,,,,,,,,,,,,,,,,,,,,,,,,,,,,,,,,,,,,,,,,,,,,,,,,,,,,,,,,,,,,,,,,,,,,,,,,,,,,,,,,,,,
1911,2,-71.10000000000002,-21.2,,,,,,,,,,,,,,,,,,,,,,,,,,,,,,,,,0.0,1.0,4.6,2.34,39.0,2.28,16.0,0.5,-0.76,0.0,0.0,-0.11,39.0,0.92,16.0,0.5,0.0,1.0,4.6,2.17,39.0,2.26,16.0,0.5,1008.0,1012.0,1015.0,1011.61,17.0,3.34,10.0,0.5,2.0,4.0,6.0,3.8,44.0,1.9,14.0,0.5,-0.8,0.0,0.0,0.3,39.0,3.8,16.0,0.5,0.0,1.0,21.2,10.1,39.0,15.0,16.0,0.5,,,,,,,,,,,,,,,,,,,,,,,,,,,,,,,,,,,,,,,,,,,,,,,,,,,,,,,,,,,,,,,,,,,,,,,,,,,,,,,,,,,,,,,,,,,,,,,,
1911,2,-71.10000000000002,-19.3,,,,,,,,,,,,,,,,,,,,,,,,,,,,,,,,,1.0,1.0,2.6,1.39,31.0,0.91,16.0,0.3,-1.84,-0.93,0.0,-0.81,31.0,0.78,16.0,0.3,0.0,0.93,1.84,0.78,31.0,0.95,16.0,0.3,1008.9,1010.0,1013.0,1010.5,13.0,1.93,12.0,0.5,,,,,,,,,,,,,,,,,,,,,,,,,,,,,,,,,,,,,,,,,,,,,,,,,,,,,,,,,,,,,,,,,,,,,,,,,,,,,,,,,,,,,,,,,,,,,,,,,,,,,,,,,,,,,,,,,,,,,,,,
1911,2,-71.0,-25.3,,,,,,,,,,,,,,,,,,,,,,,,,,,,,,,,,,,,,,,,,,,,,,,,,,,,,,,,,,,,,,,,,1.5,2.0,6.0,3.2,23.0,2.6,14.0,0.4,-0.7,0.0,0.0,-0.4,25.0,3.5,16.0,0.4,-0.1,0.7,1.0,1.9,25.0,4.9,16.0,0.4,,,,,,,,,,,,,,,,,,,,,,,,,,,,,,,,,,,,,,,,,,,,,,,,,,,,,,,,,,,,,,,,,,,,,,,,,,,,,,,,,,,,,,,,,,,,,,,,
1911,2,-69.5,-57.5,,,,,,,,,,,,,,,,,,,,,,,,,,,,,,,,,2.6,6.7,15.4,8.6,66.0,6.07,12.0,0.6,1.84,6.21,13.58,7.2,66.0,5.96,12.0,0.6,-3.51,0.0,3.59,-0.06,66.0,4.87,12.0,0.6,988.28,994.1,995.77,993.58,14.0,5.43,14.0,0.5,,,,,,,,,,,,,,,,,,,,,,,,,,,,,,,,,,,,,,,,,,,,,,,,,,,,,,,,,,,,,,,,,,,,,,,,,,,,,,,,,,,,,,,,,,,,,,,,,,,,,,,,,,,,,,,,,,,,,,,,
1911,2,-69.5,18.8,,,,,,,,,,,,,,,,,,,,,,,,,,,,,,,,,5.83,9.8,12.3,8.69,11.0,2.97,14.0,0.4,-8.86,-6.93,-4.68,-7.09,11.0,2.01,14.0,0.4,-8.7,-3.67,-1.01,-4.38,11.0,3.4,14.0,0.4,1016.77,1017.0,1019.81,1017.76,7.0,1.54,14.0,0.3,,,,,,,,,,,,,,,,,,,,,,,,,,,,,,,,,,,,,,,,,,,,,,,,,,,,,,,,,,,,,,,,,,,,,,,,,,,,,,,,,,,,,,,,,,,,,,,,,,,,,,,,,,,,,,,,,,,,,,,,
1911,2,-69.5,32.5,,,,,,,,,,,,,,,,,,,,,,,,,,,,,,,,,3.14,6.7,9.3,6.76,9.0,3.22,14.0,0.8,-2.6,3.25,5.81,1.52,9.0,5.44,14.0,0.8,-4.74,0.0,3.22,-0.82,9.0,5.36,14.0,0.8,1016.07,1016.8,1017.85,1016.95,4.0,1.4,18.0,0.8,,,,,,,,,,,,,,,,,,,,,,,,,,,,,,,,,,,,,,,,,,,,,,,,,,,,,,,,,,,,,,,,,,,,,,,,,,,,,,,,,,,,,,,,,,,,,,,,,,,,,,,,,,,,,,,,,,,,,,,,
1911,2,-69.5,36.5,,,,,,,,,,,,,,,,,,,,,,,,,,,,,,,,,4.22,6.7,12.3,8.33,25.0,4.71,14.0,0.6,-0.82,3.25,9.12,3.63,25.0,5.61,14.0,0.6,-8.64,-1.72,3.51,-1.72,25.0,6.79,14.0,0.6,1011.7,1019.3,1025.25,1019.44,14.0,6.67,16.0,0.9,,,,,,,,,,,,,,,,,,,,,,,,,,,,,,,,,,,,,,,,,,,,,,,,,,,,,,,,,,,,,,,,,,,,,,,,,,,,,,,,,,,,,,,,,,,,,,,,,,,,,,,,,,,,,,,,,,,,,,,,
1911,2,-69.5,38.6,,,,,,,,,,,,,,,,,,,,,,,,,,,,,,,,,4.9,9.3,12.3,9.47,46.0,4.84,14.0,0.5,0.0,3.58,8.7,4.33,46.0,5.98,14.0,0.5,-8.7,-5.47,4.13,-3.47,46.0,6.92,14.0,0.5,1016.35,1020.8,1023.97,1020.3,7.0,5.87,10.0,0.4,,,,,,,,,,,,,,,,,,,,,,,,,,,,,,,,,,,,,,,,,,,,,,,,,,,,,,,,,,,,,,,,,,,,,,,,,,,,,,,,,,,,,,,,,,,,,,,,,,,,,,,,,,,,,,,,,,,,,,,,
1911,2,-69.39999999999998,16.4,,,,,,,,,,,,,,,,,,,,,,,,,,,,,,,,,5.93,9.8,10.71,8.64,5.0,3.01,22.0,0.6,-9.35,-8.7,-5.93,-7.78,5.0,2.12,22.0,0.6,-5.51,0.0,0.0,-2.47,5.0,3.83,22.0,0.6,1018.5,1018.5,1018.5,1018.5,1.0,0.0,26.0,1.0,,,,,,,,,,,,,,,,,,,,,,,,,,,,,,,,,,,,,,,,,,,,,,,,,,,,,,,,,,,,,,,,,,,,,,,,,,,,,,,,,,,,,,,,,,,,,,,,,,,,,,,,,,,,,,,,,,,,,,,,
1911,2,-69.39999999999998,34.5,,,,,,,,,,,,,,,,,,,,,,,,,,,,,,,,,3.14,12.3,12.3,9.18,9.0,5.74,12.0,0.8,-4.24,0.0,2.87,0.84,9.0,7.71,12.0,0.8,-2.38,2.6,12.06,3.53,9.0,7.31,12.0,0.8,1017.39,1018.3,1023.13,1019.49,7.0,4.1,10.0,0.9,,,,,,,,,,,,,,,,,,,,,,,,,,,,,,,,,,,,,,,,,,,,,,,,,,,,,,,,,,,,,,,,,,,,,,,,,,,,,,,,,,,,,,,,,,,,,,,,,,,,,,,,,,,,,,,,,,,,,,,,
1911,2,-69.39999999999998,40.2,,,,,,,,,,,,,,,,,,,,,,,,,,,,,,,,,2.6,6.7,9.8,7.0,120.0,3.81,14.0,0.5,-1.8,2.55,8.57,2.69,120.0,5.2,14.0,0.5,-6.58,-1.8,1.84,-2.1,120.0,5.01,14.0,0.5,993.4,1008.35,1021.83,1009.04,38.0,13.95,12.0,0.5,,,,,,,,,,,,,,,,,,,,,,,,,,,,,,,,,,,,,,,,,,,,,,,,,,,,,,,,,,,,,,,,,,,,,,,,,,,,,,,,,,,,,,,,,,,,,,,,,,,,,,,,,,,,,,,,,,,,,,,,
1911,2,-69.30000000000001,-59.3,,,,,,,,,,,,,,,,,,,,,,,,,,,,,,,,,9.3,22.6,22.6,18.28,20.0,7.74,12.0,0.5,6.58,20.8,22.6,16.14,20.0,7.87,12.0,0.5,-8.83,4.91,8.83,1.66,20.0,8.52,12.0,0.5,978.86,983.6,989.23,984.03,4.0,6.44,12.0,0.5,,,,,,,,,,,,,,,,,,,,,,,,,,,,,,,,,,,,,,,,,,,,,,,,,,,,,,,,,,,,,,,,,,,,,,,,,,,,,,,,,,,,,,,,,,,,,,,,,,,,,,,,,,,,,,,,,,,,,,,,
1911,2,-69.30000000000001,26.5,,,,,,,,,,,,,,,,,,,,,,,,,,,,,,,,,4.6,6.7,12.3,7.43,17.0,3.75,16.0,0.2,-5.25,-4.27,0.0,-3.32,17.0,3.64,16.0,0.2,-11.36,-3.67,-0.93,-4.63,17.0,4.99,16.0,0.2,1018.73,1022.35,1027.1,1022.35,8.0,4.7,16.0,0.1,,,,,,,,,,,,,,,,,,,,,,,,,,,,,,,,,,,,,,,,,,,,,,,,,,,,,,,,,,,,,,,,,,,,,,,,,,,,,,,,,,,,,,,,,,,,,,,,,,,,,,,,,,,,,,,,,,,,,,,,
1911,2,-69.19999999999999,-53.1,,,,,,,,,,,,,,,,,,,,,,,,,,,,,,,,,2.6,6.7,12.3,7.18,28.0,4.8,16.0,0.4,0.2,4.67,11.26,5.02,28.0,4.71,16.0,0.4,0.0,2.61,6.05,3.16,28.0,4.21,16.0,0.4,1012.3,1012.3,1012.3,1012.3,1.0,0.0,4.0,1.0,,,,,,,,,,,,,,,,,,,,,,,,,,,,,,,,,,,,,,,,,,,,,,,,,,,,,,,,,,,,,,,,,,,,,,,,,,,,,,,,,,,,,,,,,,,,,,,,,,,,,,,,,,,,,,,,,,,,,,,,
1911,2,-69.19999999999999,22.0,,,,,,,,,,,,,,,,,,,,,,,,,,,,,,,,,2.92,3.6,4.28,3.6,2.0,1.41,16.0,0.0,-3.94,-3.31,-2.69,-3.31,2.0,1.3,16.0,0.0,-1.67,-1.41,-1.14,-1.41,2.0,0.55,16.0,0.0,1019.02,1019.05,1019.08,1019.05,2.0,0.07,16.0,0.0,,,,,,,,,,,,,,,,,,,,,,,,,,,,,,,,,,,,,,,,,,,,,,,,,,,,,,,,,,,,,,,,,,,,,,,,,,,,,,,,,,,,,,,,,,,,,,,,,,,,,,,,,,,,,,,,,,,,,,,,
1911,2,-69.19999999999999,24.4,,,,,,,,,,,,,,,,,,,,,,,,,,,,,,,,,2.6,4.65,8.06,5.3,4.0,3.29,16.0,0.8,-4.48,0.0,0.53,-1.89,4.0,4.48,16.0,0.8,-5.24,-3.12,-2.49,-3.83,4.0,1.99,16.0,0.8,1019.62,1020.25,1020.56,1020.1,4.0,0.72,16.0,0.8,,,,,,,,,,,,,,,,,,,,,,,,,,,,,,,,,,,,,,,,,,,,,,,,,,,,,,,,,,,,,,,,,,,,,,,,,,,,,,,,,,,,,,,,,,,,,,,,,,,,,,,,,,,,,,,,,,,,,,,,
1911,2,-67.60000000000002,-59.1,,,,,,,,,,,,,,,,,,,,,,,,,,,,,,,,,7.15,19.0,21.97,15.8,21.0,6.61,12.0,0.6,6.6,14.28,20.49,13.48,21.0,7.88,12.0,0.6,-8.81,0.0,3.01,-3.06,21.0,6.58,12.0,0.6,971.08,982.0,988.38,980.12,17.0,8.4,10.0,0.5,,,,,,,,,,,,,,,,,,,,,,,,,,,,,,,,,,,,,,,,,,,,,,,,,,,,,,,,,,,,,,,,,,,,,,,,,,,,,,,,,,,,,,,,,,,,,,,,,,,,,,,,,,,,,,,,,,,,,,,,
1911,2,-67.60000000000002,16.6,,,,,,,,,,,,,,,,,,,,,,,,,,,,,,,,,4.6,5.65,6.7,6.04,8.0,1.84,22.0,0.4,-5.99,-4.43,-3.87,-4.57,8.0,1.18,22.0,0.4,-5.76,-0.86,1.6,-1.88,8.0,3.98,22.0,0.4,1016.97,1018.2,1018.4,1017.7,3.0,1.14,26.0,0.3,,,,,,,,,,,,,,,,,,,,,,,,,,,,,,,,,,,,,,,,,,,,,,,,,,,,,,,,,,,,,,,,,,,,,,,,,,,,,,,,,,,,,,,,,,,,,,,,,,,,,,,,,,,,,,,,,,,,,,,,
1911,2,-67.5,-45.7,,,,,,,,,,,,,,,,,,,,,,,,,,,,,,,,,5.35,6.95,8.55,6.95,2.0,3.32,4.0,0.0,4.63,5.42,6.21,5.42,2.0,1.63,4.0,0.0,2.49,4.15,5.81,4.15,2.0,3.43,4.0,0.0,998.85,999.4,999.95,999.4,2.0,1.13,4.0,0.0,,,,,,,,,,,,,,,,,,,,,,,,,,,,,,,,,,,,,,,,,,,,,,,,,,,,,,,,,,,,,,,,,,,,,,,,,,,,,,,,,,,,,,,,,,,,,,,,,,,,,,,,,,,,,,,,,,,,,,,,
1911,2,-67.5,18.5,,,,,,,,,,,,,,,,,,,,,,,,,,,,,,,,,4.6,6.7,7.34,6.52,6.0,1.91,20.0,0.2,-6.75,-6.7,-4.03,-5.75,6.0,1.59,20.0,0.2,-4.01,0.0,0.37,-1.4,6.0,3.17,20.0,0.2,1017.02,1017.8,1020.14,1018.34,5.0,1.79,14.0,0.4,,,,,,,,,,,,,,,,,,,,,,,,,,,,,,,,,,,,,,,,,,,,,,,,,,,,,,,,,,,,,,,,,,,,,,,,,,,,,,,,,,,,,,,,,,,,,,,,,,,,,,,,,,,,,,,,,,,,,,,,
1911,2,-67.5,34.4,,,,,,,,,,,,,,,,,,,,,,,,,,,,,,,,,4.6,6.7,15.4,8.42,26.0,4.95,12.0,0.3,0.0,4.49,6.76,4.33,26.0,6.15,12.0,0.3,-3.3,2.23,6.65,2.25,26.0,5.97,12.0,0.3,1013.46,1017.2,1025.72,1019.1,21.0,5.34,12.0,0.3,,,,,,,,,,,,,,,,,,,,,,,,,,,,,,,,,,,,,,,,,,,,,,,,,,,,,,,,,,,,,,,,,,,,,,,,,,,,,,,,,,,,,,,,,,,,,,,,,,,,,,,,,,,,,,,,,,,,,,,,
1911,2,-67.5,36.7,,,,,,,,,,,,,,,,,,,,,,,,,,,,,,,,,2.6,6.7,9.59,6.93,7.0,4.82,18.0,0.4,0.93,2.41,8.67,4.75,7.0,4.43,18.0,0.4,-3.78,-2.41,1.45,-0.91,7.0,5.69,18.0,0.4,1008.6,1008.6,1008.6,1008.6,1.0,0.0,26.0,0.0,,,,,,,,,,,,,,,,,,,,,,,,,,,,,,,,,,,,,,,,,,,,,,,,,,,,,,,,,,,,,,,,,,,,,,,,,,,,,,,,,,,,,,,,,,,,,,,,,,,,,,,,,,,,,,,,,,,,,,,,
1911,2,-67.5,38.5,,,,,,,,,,,,,,,,,,,,,,,,,,,,,,,,,2.6,9.3,12.3,8.67,47.0,4.7,14.0,0.6,-0.26,3.25,8.45,3.3,47.0,5.6,14.0,0.6,-8.62,-4.74,0.86,-3.08,47.0,6.83,14.0,0.6,1009.14,1011.3,1017.39,1013.18,4.0,5.64,10.0,0.8,,,,,,,,,,,,,,,,,,,,,,,,,,,,,,,,,,,,,,,,,,,,,,,,,,,,,,,,,,,,,,,,,,,,,,,,,,,,,,,,,,,,,,,,,,,,,,,,,,,,,,,,,,,,,,,,,,,,,,,,
1911,2,-67.39999999999998,-57.5,,,,,,,,,,,,,,,,,,,,,,,,,,,,,,,,,1.0,6.7,15.4,7.72,100.0,6.41,12.0,0.5,0.39,4.74,14.21,6.5,100.0,6.45,12.0,0.5,-4.61,0.0,2.51,-0.01,100.0,4.13,12.0,0.5,991.44,994.3,999.8,995.13,19.0,4.61,12.0,0.4,,,,,,,,,,,,,,,,,,,,,,,,,,,,,,,,,,,,,,,,,,,,,,,,,,,,,,,,,,,,,,,,,,,,,,,,,,,,,,,,,,,,,,,,,,,,,,,,,,,,,,,,,,,,,,,,,,,,,,,,
1911,2,-67.39999999999998,26.4,,,,,,,,,,,,,,,,,,,,,,,,,,,,,,,,,2.6,4.6,13.43,7.5,5.0,5.96,18.0,0.8,-5.03,-4.27,-0.57,-2.89,5.0,3.3,18.0,0.8,-12.45,-1.02,0.63,-5.0,5.0,7.3,18.0,0.8,1020.62,1022.6,1022.8,1021.73,3.0,1.77,20.0,1.0,,,,,,,,,,,,,,,,,,,,,,,,,,,,,,,,,,,,,,,,,,,,,,,,,,,,,,,,,,,,,,,,,,,,,,,,,,,,,,,,,,,,,,,,,,,,,,,,,,,,,,,,,,,,,,,,,,,,,,,,
1911,2,-67.39999999999998,28.2,,,,,,,,,,,,,,,,,,,,,,,,,,,,,,,,,3.55,6.95,12.5,7.98,4.0,5.69,12.0,0.3,-3.56,-1.21,7.43,1.79,4.0,8.47,12.0,0.3,-3.15,0.49,5.34,1.06,4.0,6.3,12.0,0.3,1023.3,1023.3,1023.3,1023.3,1.0,0.0,28.0,1.0,,,,,,,,,,,,,,,,,,,,,,,,,,,,,,,,,,,,,,,,,,,,,,,,,,,,,,,,,,,,,,,,,,,,,,,,,,,,,,,,,,,,,,,,,,,,,,,,,,,,,,,,,,,,,,,,,,,,,,,,
1911,2,-67.39999999999998,32.5,,,,,,,,,,,,,,,,,,,,,,,,,,,,,,,,,5.17,12.3,12.3,9.63,9.0,3.44,16.0,0.1,-4.81,0.0,4.24,0.07,9.0,4.86,16.0,0.1,-12.06,-11.32,-3.36,-7.5,9.0,5.41,16.0,0.1,1015.28,1022.55,1023.43,1019.5,4.0,7.1,16.0,0.0,,,,,,,,,,,,,,,,,,,,,,,,,,,,,,,,,,,,,,,,,,,,,,,,,,,,,,,,,,,,,,,,,,,,,,,,,,,,,,,,,,,,,,,,,,,,,,,,,,,,,,,,,,,,,,,,,,,,,,,,
1911,2,-67.39999999999998,40.2,,,,,,,,,,,,,,,,,,,,,,,,,,,,,,,,,2.6,9.3,12.3,8.11,116.0,4.6,16.0,0.6,-1.52,3.48,9.3,3.91,116.0,5.78,16.0,0.6,-8.7,-2.41,0.63,-2.74,116.0,5.59,16.0,0.6,993.4,1011.25,1022.94,1009.84,40.0,14.25,14.0,0.6,,,,,,,,,,,,,,,,,,,,,,,,,,,,,,,,,,,,,,,,,,,,,,,,,,,,,,,,,,,,,,,,,,,,,,,,,,,,,,,,,,,,,,,,,,,,,,,,,,,,,,,,,,,,,,,,,,,,,,,,
1911,2,-67.30000000000001,-51.3,,,,,,,,,,,,,,,,,,,,,,,,,,,,,,,,,2.6,6.7,12.3,7.37,55.0,5.03,12.0,0.5,0.4,4.6,9.64,5.02,55.0,4.69,12.0,0.5,-2.61,0.71,7.49,1.62,55.0,5.49,12.0,0.5,1010.82,1012.2,1013.1,1011.98,4.0,1.38,4.0,0.3,,,,,,,,,,,,,,,,,,,,,,,,,,,,,,,,,,,,,,,,,,,,,,,,,,,,,,,,,,,,,,,,,,,,,,,,,,,,,,,,,,,,,,,,,,,,,,,,,,,,,,,,,,,,,,,,,,,,,,,,
1911,2,-67.19999999999999,22.1,,,,,,,,,,,,,,,,,,,,,,,,,,,,,,,,,2.52,2.6,4.7,3.24,7.0,1.85,16.0,0.6,-4.33,-1.84,-1.78,-2.64,7.0,1.88,16.0,0.6,-1.88,-1.84,-1.75,-1.78,7.0,0.56,16.0,0.6,1017.44,1017.5,1018.61,1017.8,7.0,0.88,16.0,0.6,,,,,,,,,,,,,,,,,,,,,,,,,,,,,,,,,,,,,,,,,,,,,,,,,,,,,,,,,,,,,,,,,,,,,,,,,,,,,,,,,,,,,,,,,,,,,,,,,,,,,,,,,,,,,,,,,,,,,,,,
1911,2,-65.69999999999999,-45.4,,,,,,,,,,,,,,,,,,,,,,,,,,,,,,,,,4.6,6.7,10.4,7.5,5.0,3.31,4.0,0.6,3.9,4.74,5.45,4.73,5.0,1.21,4.0,0.6,2.69,4.74,8.31,5.52,5.0,3.71,4.0,0.6,998.99,1001.0,1003.7,1001.32,5.0,2.76,4.0,0.6,,,,,,,,,,,,,,,,,,,,,,,,,,,,,,,,,,,,,,,,,,,,,,,,,,,,,,,,,,,,,,,,,,,,,,,,,,,,,,,,,,,,,,,,,,,,,,,,,,,,,,,,,,,,,,,,,,,,,,,,
1911,2,-65.69999999999999,32.4,,,,,,,,,,,,,,,,,,,,,,,,,,,,,,,,,4.6,9.3,12.3,8.62,13.0,3.65,14.0,0.5,-1.89,3.25,5.12,2.29,13.0,5.85,14.0,0.5,-8.97,0.0,5.11,-0.97,13.0,7.26,14.0,0.5,1015.08,1023.1,1024.46,1021.08,11.0,5.32,14.0,0.5,,,,,,,,,,,,,,,,,,,,,,,,,,,,,,,,,,,,,,,,,,,,,,,,,,,,,,,,,,,,,,,,,,,,,,,,,,,,,,,,,,,,,,,,,,,,,,,,,,,,,,,,,,,,,,,,,,,,,,,,
1911,2,-65.60000000000002,-57.3,,,,,,,,,,,,,,,,,,,,,,,,,,,,,,,,,2.6,6.7,19.0,9.94,94.0,7.78,16.0,0.5,0.0,4.74,15.98,7.66,94.0,7.9,16.0,0.5,-3.63,0.0,6.71,1.28,94.0,6.09,16.0,0.5,1000.75,1005.6,1008.85,1005.31,11.0,4.27,14.0,0.6,,,,,,,,,,,,,,,,,,,,,,,,,,,,,,,,,,,,,,,,,,,,,,,,,,,,,,,,,,,,,,,,,,,,,,,,,,,,,,,,,,,,,,,,,,,,,,,,,,,,,,,,,,,,,,,,,,,,,,,,
1911,2,-65.5,-51.5,,,,,,,,,,,,,,,,,,,,,,,,,,,,,,,,,3.71,6.7,15.4,8.32,36.0,4.68,10.0,0.6,-1.61,4.04,9.67,3.92,36.0,5.47,10.0,0.6,-3.25,2.56,10.89,2.86,36.0,6.24,10.0,0.6,998.14,1002.75,1007.36,1002.75,2.0,9.55,6.0,1.0,,,,,,,,,,,,,,,,,,,,,,,,,,,,,,,,,,,,,,,,,,,,,,,,,,,,,,,,,,,,,,,,,,,,,,,,,,,,,,,,,,,,,,,,,,,,,,,,,,,,,,,,,,,,,,,,,,,,,,,,
1911,2,-65.5,16.5,,,,,,,,,,,,,,,,,,,,,,,,,,,,,,,,,4.6,6.7,9.61,6.81,16.0,2.36,18.0,0.4,-6.93,-5.47,-4.27,-5.79,16.0,2.11,18.0,0.4,-4.74,-2.88,-1.72,-3.16,16.0,2.05,18.0,0.4,1018.4,1018.4,1018.4,1018.4,1.0,0.0,26.0,0.0,,,,,,,,,,,,,,,,,,,,,,,,,,,,,,,,,,,,,,,,,,,,,,,,,,,,,,,,,,,,,,,,,,,,,,,,,,,,,,,,,,,,,,,,,,,,,,,,,,,,,,,,,,,,,,,,,,,,,,,,
1911,2,-65.5,34.6,,,,,,,,,,,,,,,,,,,,,,,,,,,,,,,,,9.3,12.3,13.58,11.35,11.0,2.67,14.0,0.5,2.78,8.56,12.54,7.24,11.0,5.72,14.0,0.5,-8.54,-3.83,6.25,-1.16,11.0,7.56,14.0,0.5,1010.19,1013.7,1017.59,1013.82,6.0,3.69,14.0,0.2,,,,,,,,,,,,,,,,,,,,,,,,,,,,,,,,,,,,,,,,,,,,,,,,,,,,,,,,,,,,,,,,,,,,,,,,,,,,,,,,,,,,,,,,,,,,,,,,,,,,,,,,,,,,,,,,,,,,,,,,
1911,2,-65.39999999999998,-55.5,,,,,,,,,,,,,,,,,,,,,,,,,,,,,,,,,1.4,4.6,6.7,4.74,53.0,3.54,10.0,0.5,-1.53,2.39,4.74,2.21,53.0,3.74,10.0,0.5,-4.7,0.0,2.48,-0.97,53.0,3.94,10.0,0.5,988.58,1005.5,1015.81,1002.71,11.0,12.6,8.0,0.5,,,,,,,,,,,,,,,,,,,,,,,,,,,,,,,,,,,,,,,,,,,,,,,,,,,,,,,,,,,,,,,,,,,,,,,,,,,,,,,,,,,,,,,,,,,,,,,,,,,,,,,,,,,,,,,,,,,,,,,,
1911,2,-65.39999999999998,-53.4,,,,,,,,,,,,,,,,,,,,,,,,,,,,,,,,,1.0,4.6,12.3,6.26,66.0,5.84,8.0,0.5,0.0,1.76,9.11,3.78,66.0,5.81,8.0,0.5,-2.37,0.71,6.17,1.53,66.0,4.82,8.0,0.5,999.22,1016.4,1018.16,1011.09,9.0,9.46,4.0,0.4,,,,,,,,,,,,,,,,,,,,,,,,,,,,,,,,,,,,,,,,,,,,,,,,,,,,,,,,,,,,,,,,,,,,,,,,,,,,,,,,,,,,,,,,,,,,,,,,,,,,,,,,,,,,,,,,,,,,,,,,
1911,2,-65.39999999999998,18.4,,,,,,,,,,,,,,,,,,,,,,,,,,,,,,,,,4.6,4.6,6.7,5.65,21.0,2.0,16.0,0.4,-5.87,-3.25,-1.97,-3.81,21.0,2.01,16.0,0.4,-4.23,-3.25,0.0,-2.57,21.0,3.36,16.0,0.4,1016.53,1017.7,1018.07,1017.4,9.0,1.14,16.0,0.4,,,,,,,,,,,,,,,,,,,,,,,,,,,,,,,,,,,,,,,,,,,,,,,,,,,,,,,,,,,,,,,,,,,,,,,,,,,,,,,,,,,,,,,,,,,,,,,,,,,,,,,,,,,,,,,,,,,,,,,,
1911,2,-65.39999999999998,20.3,,,,,,,,,,,,,,,,,,,,,,,,,,,,,,,,,2.6,2.6,4.6,3.27,6.0,1.03,12.0,0.3,-4.23,-2.6,-1.84,-2.89,6.0,1.09,12.0,0.3,-1.84,-1.8,0.0,-1.21,6.0,0.94,12.0,0.3,1015.94,1017.1,1017.1,1016.53,3.0,0.98,16.0,0.3,,,,,,,,,,,,,,,,,,,,,,,,,,,,,,,,,,,,,,,,,,,,,,,,,,,,,,,,,,,,,,,,,,,,,,,,,,,,,,,,,,,,,,,,,,,,,,,,,,,,,,,,,,,,,,,,,,,,,,,,
1911,2,-65.39999999999998,38.6,,,,,,,,,,,,,,,,,,,,,,,,,,,,,,,,,4.6,11.05,15.4,10.65,50.0,5.27,14.0,0.4,-1.84,4.74,12.55,5.59,50.0,6.79,14.0,0.4,-8.7,-4.74,7.0,-1.72,50.0,7.9,14.0,0.4,1006.24,1008.8,1011.18,1009.54,8.0,4.08,8.0,0.4,,,,,,,,,,,,,,,,,,,,,,,,,,,,,,,,,,,,,,,,,,,,,,,,,,,,,,,,,,,,,,,,,,,,,,,,,,,,,,,,,,,,,,,,,,,,,,,,,,,,,,,,,,,,,,,,,,,,,,,,
1911,2,-65.39999999999998,40.3,,,,,,,,,,,,,,,,,,,,,,,,,,,,,,,,,4.6,9.3,12.3,8.94,128.0,4.89,16.0,0.5,-0.97,4.74,10.64,4.81,128.0,5.81,16.0,0.5,-8.7,-3.63,3.25,-3.09,128.0,6.15,16.0,0.5,993.4,1013.55,1025.0,1010.12,44.0,14.02,14.0,0.5,,,,,,,,,,,,,,,,,,,,,,,,,,,,,,,,,,,,,,,,,,,,,,,,,,,,,,,,,,,,,,,,,,,,,,,,,,,,,,,,,,,,,,,,,,,,,,,,,,,,,,,,,,,,,,,,,,,,,,,,
1911,2,-65.30000000000001,-49.4,,,,,,,,,,,,,,,,,,,,,,,,,,,,,,,,,2.6,4.6,11.35,5.98,66.0,4.26,14.0,0.4,-1.49,1.39,5.61,1.6,66.0,4.27,14.0,0.4,-4.78,-0.92,4.23,-0.57,66.0,5.76,14.0,0.4,1007.68,1015.9,1023.54,1014.48,11.0,9.38,6.0,0.4,,,,,,,,,,,,,,,,,,,,,,,,,,,,,,,,,,,,,,,,,,,,,,,,,,,,,,,,,,,,,,,,,,,,,,,,,,,,,,,,,,,,,,,,,,,,,,,,,,,,,,,,,,,,,,,,,,,,,,,,
1911,2,-65.19999999999999,-47.6,,,,,,,,,,,,,,,,,,,,,,,,,,,,,,,,,2.6,2.6,6.23,4.22,15.0,2.76,12.0,0.4,-1.62,1.84,3.85,1.32,15.0,3.19,12.0,0.4,-4.52,-1.84,0.79,-1.41,15.0,3.54,12.0,0.4,1010.65,1017.2,1023.75,1017.2,2.0,13.58,4.0,0.5,,,,,,,,,,,,,,,,,,,,,,,,,,,,,,,,,,,,,,,,,,,,,,,,,,,,,,,,,,,,,,,,,,,,,,,,,,,,,,,,,,,,,,,,,,,,,,,,,,,,,,,,,,,,,,,,,,,,,,,,
1911,2,-65.19999999999999,-43.5,,,,,,,,,,,,,,,,,,,,,,,,,,,,,,,,,2.6,3.6,4.6,3.6,6.0,1.1,6.0,0.5,-3.53,-1.43,1.75,-1.19,6.0,2.61,6.0,0.5,-2.78,-1.84,0.67,-1.18,6.0,2.57,6.0,0.5,1007.53,1010.15,1012.29,1009.95,6.0,2.68,6.0,0.5,,,,,,,,,,,,,,,,,,,,,,,,,,,,,,,,,,,,,,,,,,,,,,,,,,,,,,,,,,,,,,,,,,,,,,,,,,,,,,,,,,,,,,,,,,,,,,,,,,,,,,,,,,,,,,,,,,,,,,,,
1911,2,-65.19999999999999,-41.7,,,,,,,,,,,,,,,,,,,,,,,,,,,,,,,,,9.3,9.3,9.3,9.3,2.0,0.0,8.0,1.0,-8.3,-7.6,-6.9,-7.6,2.0,1.45,8.0,1.0,-6.09,-5.03,-3.97,-5.03,2.0,2.19,8.0,1.0,1011.64,1012.55,1013.3,1012.48,4.0,0.96,8.0,0.5,,,,,,,,,,,,,,,,,,,,,,,,,,,,,,,,,,,,,,,,,,,,,,,,,,,,,,,,,,,,,,,,,,,,,,,,,,,,,,,,,,,,,,,,,,,,,,,,,,,,,,,,,,,,,,,,,,,,,,,,
1911,2,-65.19999999999999,22.2,,,,,,,,,,,,,,,,,,,,,,,,,,,,,,,,,2.6,3.6,4.6,3.4,8.0,1.39,16.0,0.5,-4.23,-2.82,-1.9,-2.98,8.0,1.31,16.0,0.5,-1.83,-1.41,-0.46,-1.39,8.0,1.02,16.0,0.5,1016.89,1017.5,1018.11,1017.5,2.0,1.27,16.0,0.5,,,,,,,,,,,,,,,,,,,,,,,,,,,,,,,,,,,,,,,,,,,,,,,,,,,,,,,,,,,,,,,,,,,,,,,,,,,,,,,,,,,,,,,,,,,,,,,,,,,,,,,,,,,,,,,,,,,,,,,,
1911,2,-65.19999999999999,28.2,,,,,,,,,,,,,,,,,,,,,,,,,,,,,,,,,4.5,4.6,9.44,6.09,7.0,3.41,12.0,0.6,-4.6,-3.25,3.54,-0.19,7.0,5.22,12.0,0.6,-3.64,0.0,1.91,-1.83,7.0,4.86,12.0,0.6,1017.58,1021.2,1024.24,1020.93,4.0,4.03,22.0,0.3,,,,,,,,,,,,,,,,,,,,,,,,,,,,,,,,,,,,,,,,,,,,,,,,,,,,,,,,,,,,,,,,,,,,,,,,,,,,,,,,,,,,,,,,,,,,,,,,,,,,,,,,,,,,,,,,,,,,,,,,
1911,2,-63.69999999999999,-53.7,,,,,,,,,,,,,,,,,,,,,,,,,,,,,,,,,2.14,4.6,7.81,4.97,3.0,4.16,10.0,0.7,1.35,4.27,7.24,4.3,3.0,4.31,10.0,0.7,1.23,1.72,2.93,2.07,3.0,1.28,10.0,0.7,1013.2,1013.2,1013.2,1013.2,1.0,0.0,4.0,1.0,,,,,,,,,,,,,,,,,,,,,,,,,,,,,,,,,,,,,,,,,,,,,,,,,,,,,,,,,,,,,,,,,,,,,,,,,,,,,,,,,,,,,,,,,,,,,,,,,,,,,,,,,,,,,,,,,,,,,,,,
1911,2,-63.69999999999999,-49.5,,,,,,,,,,,,,,,,,,,,,,,,,,,,,,,,,4.6,9.3,12.3,8.49,26.0,3.34,6.0,0.4,0.0,4.7,8.7,4.4,26.0,4.72,6.0,0.4,-6.58,3.37,8.57,1.66,26.0,6.4,6.0,0.4,1001.34,1005.5,1018.26,1009.7,3.0,12.92,4.0,0.3,,,,,,,,,,,,,,,,,,,,,,,,,,,,,,,,,,,,,,,,,,,,,,,,,,,,,,,,,,,,,,,,,,,,,,,,,,,,,,,,,,,,,,,,,,,,,,,,,,,,,,,,,,,,,,,,,,,,,,,,
1911,2,-63.69999999999999,-41.7,,,,,,,,,,,,,,,,,,,,,,,,,,,,,,,,,9.3,9.3,9.3,9.3,3.0,0.0,8.0,0.7,-7.97,-6.58,-6.58,-7.26,3.0,1.18,8.0,0.7,-6.58,-6.58,-4.47,-5.55,3.0,1.79,8.0,0.7,1003.08,1003.5,1008.85,1005.96,7.0,4.08,8.0,0.6,,,,,,,,,,,,,,,,,,,,,,,,,,,,,,,,,,,,,,,,,,,,,,,,,,,,,,,,,,,,,,,,,,,,,,,,,,,,,,,,,,,,,,,,,,,,,,,,,,,,,,,,,,,,,,,,,,,,,,,,
1911,2,-63.60000000000002,-57.2,,,,,,,,,,,,,,,,,,,,,,,,,,,,,,,,,4.6,5.65,9.3,6.39,18.0,2.3,14.0,0.8,4.26,5.38,6.7,5.5,18.0,2.06,14.0,0.8,-3.22,0.0,0.52,-0.71,18.0,3.43,14.0,0.8,1018.0,1019.8,1020.23,1019.17,7.0,1.63,8.0,0.6,,,,,,,,,,,,,,,,,,,,,,,,,,,,,,,,,,,,,,,,,,,,,,,,,,,,,,,,,,,,,,,,,,,,,,,,,,,,,,,,,,,,,,,,,,,,,,,,,,,,,,,,,,,,,,,,,,,,,,,,
1911,2,-63.60000000000002,18.5,,,,,,,,,,,,,,,,,,,,,,,,,,,,,,,,,2.6,4.6,8.28,5.18,23.0,2.98,18.0,0.4,-6.58,-4.23,-1.76,-3.69,23.0,2.93,18.0,0.4,-4.23,-1.72,0.91,-1.37,23.0,3.5,18.0,0.4,1016.31,1017.6,1019.2,1017.76,10.0,1.31,18.0,0.5,,,,,,,,,,,,,,,,,,,,,,,,,,,,,,,,,,,,,,,,,,,,,,,,,,,,,,,,,,,,,,,,,,,,,,,,,,,,,,,,,,,,,,,,,,,,,,,,,,,,,,,,,,,,,,,,,,,,,,,,
1911,2,-63.60000000000002,34.6,,,,,,,,,,,,,,,,,,,,,,,,,,,,,,,,,6.7,10.8,12.3,9.83,8.0,2.78,14.0,0.5,-4.62,1.06,11.03,2.54,8.0,7.26,14.0,0.5,-8.3,-4.81,-4.74,-4.56,8.0,5.86,14.0,0.5,1014.82,1021.4,1022.11,1018.66,5.0,5.2,10.0,0.8,,,,,,,,,,,,,,,,,,,,,,,,,,,,,,,,,,,,,,,,,,,,,,,,,,,,,,,,,,,,,,,,,,,,,,,,,,,,,,,,,,,,,,,,,,,,,,,,,,,,,,,,,,,,,,,,,,,,,,,,
1911,2,-63.5,-55.4,,,,,,,,,,,,,,,,,,,,,,,,,,,,,,,,,1.0,4.6,6.7,5.08,104.0,4.6,10.0,0.5,0.0,1.84,6.21,2.99,104.0,3.43,10.0,0.5,-3.25,0.71,4.6,0.99,104.0,5.04,10.0,0.5,999.06,1013.65,1019.22,1010.15,46.0,8.8,6.0,0.5,,,,,,,,,,,,,,,,,,,,,,,,,,,,,,,,,,,,,,,,,,,,,,,,,,,,,,,,,,,,,,,,,,,,,,,,,,,,,,,,,,,,,,,,,,,,,,,,,,,,,,,,,,,,,,,,,,,,,,,,
1911,2,-63.5,-47.3,,,,,,,,,,,,,,,,,,,,,,,,,,,,,,,,,2.6,4.6,6.7,5.06,64.0,3.01,12.0,0.5,-2.62,1.82,4.61,1.29,64.0,3.67,12.0,0.5,-4.6,0.0,4.6,-0.25,64.0,4.45,12.0,0.5,1015.76,1025.0,1026.04,1021.76,13.0,6.07,6.0,0.5,,,,,,,,,,,,,,,,,,,,,,,,,,,,,,,,,,,,,,,,,,,,,,,,,,,,,,,,,,,,,,,,,,,,,,,,,,,,,,,,,,,,,,,,,,,,,,,,,,,,,,,,,,,,,,,,,,,,,,,,
1911,2,-63.5,-43.1,,,,,,,,,,,,,,,,,,,,,,,,,,,,,,,,,3.71,6.7,8.06,5.93,4.0,3.5,18.0,0.5,-5.7,-2.37,3.51,-1.15,4.0,5.92,18.0,0.5,-5.7,-2.87,-0.48,-3.08,4.0,3.1,18.0,0.5,1007.84,1010.5,1013.27,1010.55,4.0,3.43,18.0,0.5,,,,,,,,,,,,,,,,,,,,,,,,,,,,,,,,,,,,,,,,,,,,,,,,,,,,,,,,,,,,,,,,,,,,,,,,,,,,,,,,,,,,,,,,,,,,,,,,,,,,,,,,,,,,,,,,,,,,,,,,
1911,2,-63.39999999999998,16.6,,,,,,,,,,,,,,,,,,,,,,,,,,,,,,,,,3.87,4.6,9.8,6.28,5.0,3.32,18.0,0.0,-9.09,-3.25,-2.74,-5.3,5.0,3.5,18.0,0.0,-3.67,-3.25,-2.74,-3.14,5.0,0.76,18.0,0.0,1014.1,1014.1,1015.47,1014.77,3.0,1.15,14.0,0.0,,,,,,,,,,,,,,,,,,,,,,,,,,,,,,,,,,,,,,,,,,,,,,,,,,,,,,,,,,,,,,,,,,,,,,,,,,,,,,,,,,,,,,,,,,,,,,,,,,,,,,,,,,,,,,,,,,,,,,,,
1911,2,-63.39999999999998,22.5,,,,,,,,,,,,,,,,,,,,,,,,,,,,,,,,,3.55,5.65,9.63,6.55,4.0,4.18,8.0,0.5,-6.81,-4.49,-2.53,-4.66,4.0,3.17,8.0,0.5,-6.81,-3.57,-2.09,-4.41,4.0,3.13,8.0,0.5,1018.56,1018.9,1019.24,1018.9,2.0,0.71,16.0,0.0,,,,,,,,,,,,,,,,,,,,,,,,,,,,,,,,,,,,,,,,,,,,,,,,,,,,,,,,,,,,,,,,,,,,,,,,,,,,,,,,,,,,,,,,,,,,,,,,,,,,,,,,,,,,,,,,,,,,,,,,
1911,2,-63.39999999999998,38.5,,,,,,,,,,,,,,,,,,,,,,,,,,,,,,,,,6.56,12.3,19.0,11.63,51.0,5.63,14.0,0.6,0.0,4.74,13.56,6.64,51.0,6.82,14.0,0.6,-9.4,-4.74,4.99,-2.81,51.0,8.37,14.0,0.6,1009.81,1013.7,1016.07,1013.06,5.0,3.23,8.0,0.8,,,,,,,,,,,,,,,,,,,,,,,,,,,,,,,,,,,,,,,,,,,,,,,,,,,,,,,,,,,,,,,,,,,,,,,,,,,,,,,,,,,,,,,,,,,,,,,,,,,,,,,,,,,,,,,,,,,,,,,,
1911,2,-63.39999999999998,40.4,,,,,,,,,,,,,,,,,,,,,,,,,,,,,,,,,6.7,12.3,15.4,10.87,120.0,4.43,14.0,0.4,0.0,6.58,13.44,6.53,120.0,6.63,14.0,0.4,-8.7,-4.42,0.0,-3.33,120.0,6.37,14.0,0.4,993.4,1013.0,1021.84,1009.42,39.0,11.88,14.0,0.4,,,,,,,,,,,,,,,,,,,,,,,,,,,,,,,,,,,,,,,,,,,,,,,,,,,,,,,,,,,,,,,,,,,,,,,,,,,,,,,,,,,,,,,,,,,,,,,,,,,,,,,,,,,,,,,,,,,,,,,,
1911,2,-63.39999999999998,42.2,,,,,,,,,,,,,,,,,,,,,,,,,,,,,,,,,6.7,10.8,12.3,10.56,20.0,3.67,16.0,0.6,0.0,1.25,12.3,4.38,20.0,7.11,16.0,0.6,-9.3,0.0,6.19,-1.37,20.0,7.62,16.0,0.6,1017.3,1017.3,1017.3,1017.3,1.0,0.0,20.0,0.0,,,,,,,,,,,,,,,,,,,,,,,,,,,,,,,,,,,,,,,,,,,,,,,,,,,,,,,,,,,,,,,,,,,,,,,,,,,,,,,,,,,,,,,,,,,,,,,,,,,,,,,,,,,,,,,,,,,,,,,,
1911,2,-63.30000000000001,20.1,,,,,,,,,,,,,,,,,,,,,,,,,,,,,,,,,1.1,4.6,9.3,5.04,14.0,3.79,18.0,0.8,-6.58,-2.22,-0.98,-3.59,14.0,3.0,18.0,0.8,-6.46,-3.02,0.0,-3.12,14.0,2.87,18.0,0.8,1017.18,1018.0,1018.75,1017.97,3.0,1.15,14.0,1.0,,,,,,,,,,,,,,,,,,,,,,,,,,,,,,,,,,,,,,,,,,,,,,,,,,,,,,,,,,,,,,,,,,,,,,,,,,,,,,,,,,,,,,,,,,,,,,,,,,,,,,,,,,,,,,,,,,,,,,,,
1911,2,-63.30000000000001,36.2,,,,,,,,,,,,,,,,,,,,,,,,,,,,,,,,,12.3,13.85,19.0,14.63,10.0,3.47,14.0,0.4,9.64,11.36,17.49,12.84,10.0,4.08,14.0,0.4,-7.42,-5.41,-1.97,-4.39,10.0,5.36,14.0,0.4,1009.6,1009.6,1009.6,1009.6,1.0,0.0,24.0,1.0,,,,,,,,,,,,,,,,,,,,,,,,,,,,,,,,,,,,,,,,,,,,,,,,,,,,,,,,,,,,,,,,,,,,,,,,,,,,,,,,,,,,,,,,,,,,,,,,,,,,,,,,,,,,,,,,,,,,,,,,
1911,2,-63.19999999999999,-45.6,,,,,,,,,,,,,,,,,,,,,,,,,,,,,,,,,2.6,4.6,6.7,4.57,33.0,3.2,12.0,0.6,-4.18,0.0,2.37,-0.31,33.0,3.49,12.0,0.6,-0.9,0.93,6.09,2.13,33.0,3.85,12.0,0.6,1019.77,1023.3,1025.36,1022.45,10.0,3.09,6.0,0.6,,,,,,,,,,,,,,,,,,,,,,,,,,,,,,,,,,,,,,,,,,,,,,,,,,,,,,,,,,,,,,,,,,,,,,,,,,,,,,,,,,,,,,,,,,,,,,,,,,,,,,,,,,,,,,,,,,,,,,,,
1911,2,-63.19999999999999,28.3,,,,,,,,,,,,,,,,,,,,,,,,,,,,,,,,,3.05,8.0,9.3,6.98,8.0,2.93,10.0,0.4,0.2,3.29,9.3,3.72,8.0,5.62,10.0,0.4,-5.85,0.0,1.84,-0.61,8.0,4.04,10.0,0.4,1016.68,1017.45,1022.21,1019.35,4.0,4.68,18.0,0.3,,,,,,,,,,,,,,,,,,,,,,,,,,,,,,,,,,,,,,,,,,,,,,,,,,,,,,,,,,,,,,,,,,,,,,,,,,,,,,,,,,,,,,,,,,,,,,,,,,,,,,,,,,,,,,,,,,,,,,,,
1911,2,-61.69999999999999,14.5,,,,,,,,,,,,,,,,,,,,,,,,,,,,,,,,,2.6,4.6,6.7,4.93,7.0,1.85,18.0,0.6,-6.24,-4.6,-2.56,-4.63,7.0,1.89,18.0,0.6,-2.51,-1.72,0.0,-1.23,7.0,1.19,18.0,0.6,1013.84,1015.0,1015.41,1014.63,3.0,1.19,14.0,0.7,,,,,,,,,,,,,,,,,,,,,,,,,,,,,,,,,,,,,,,,,,,,,,,,,,,,,,,,,,,,,,,,,,,,,,,,,,,,,,,,,,,,,,,,,,,,,,,,,,,,,,,,,,,,,,,,,,,,,,,,
1911,2,-61.69999999999999,16.3,,,,,,,,,,,,,,,,,,,,,,,,,,,,,,,,,3.23,4.6,6.03,4.63,3.0,2.05,20.0,0.7,-5.55,-4.23,-2.6,-4.08,3.0,2.17,20.0,0.7,-0.68,1.8,2.36,0.86,3.0,2.37,20.0,0.7,1012.6,1012.6,1012.6,1012.6,1.0,0.0,14.0,1.0,,,,,,,,,,,,,,,,,,,,,,,,,,,,,,,,,,,,,,,,,,,,,,,,,,,,,,,,,,,,,,,,,,,,,,,,,,,,,,,,,,,,,,,,,,,,,,,,,,,,,,,,,,,,,,,,,,,,,,,,
1911,2,-61.60000000000002,34.5,,,,,,,,,,,,,,,,,,,,,,,,,,,,,,,,,5.83,9.3,10.54,8.89,11.0,4.07,12.0,0.5,-9.7,-4.74,8.56,-3.13,11.0,8.01,12.0,0.5,-3.63,0.0,4.12,0.8,11.0,5.28,12.0,0.5,1024.2,1024.65,1025.51,1024.74,8.0,0.66,8.0,0.4,,,,,,,,,,,,,,,,,,,,,,,,,,,,,,,,,,,,,,,,,,,,,,,,,,,,,,,,,,,,,,,,,,,,,,,,,,,,,,,,,,,,,,,,,,,,,,,,,,,,,,,,,,,,,,,,,,,,,,,,
1911,2,-61.5,-55.4,,,,,,,,,,,,,,,,,,,,,,,,,,,,,,,,,4.6,6.7,9.3,6.78,32.0,3.69,12.0,0.5,0.0,3.25,4.82,2.68,32.0,2.82,12.0,0.5,-8.62,0.0,6.21,-0.64,32.0,6.73,12.0,0.5,997.64,998.6,999.49,998.57,3.0,1.35,22.0,1.0,,,,,,,,,,,,,,,,,,,,,,,,,,,,,,,,,,,,,,,,,,,,,,,,,,,,,,,,,,,,,,,,,,,,,,,,,,,,,,,,,,,,,,,,,,,,,,,,,,,,,,,,,,,,,,,,,,,,,,,,
1911,2,-61.5,-45.3,,,,,,,,,,,,,,,,,,,,,,,,,,,,,,,,,2.6,6.7,15.4,7.91,48.0,4.86,10.0,0.5,-5.28,1.84,9.88,2.72,48.0,6.51,10.0,0.5,-5.43,0.0,6.58,0.84,48.0,6.07,10.0,0.5,1002.34,1011.8,1022.59,1012.26,20.0,8.21,6.0,0.5,,,,,,,,,,,,,,,,,,,,,,,,,,,,,,,,,,,,,,,,,,,,,,,,,,,,,,,,,,,,,,,,,,,,,,,,,,,,,,,,,,,,,,,,,,,,,,,,,,,,,,,,,,,,,,,,,,,,,,,,
1911,2,-61.5,18.7,,,,,,,,,,,,,,,,,,,,,,,,,,,,,,,,,2.82,4.6,4.6,5.06,8.0,3.06,18.0,0.8,-4.6,-3.76,1.53,-2.73,8.0,3.65,18.0,0.8,-4.15,-0.86,1.63,-1.69,8.0,3.68,18.0,0.8,1016.34,1016.7,1017.11,1016.73,4.0,0.48,16.0,0.8,,,,,,,,,,,,,,,,,,,,,,,,,,,,,,,,,,,,,,,,,,,,,,,,,,,,,,,,,,,,,,,,,,,,,,,,,,,,,,,,,,,,,,,,,,,,,,,,,,,,,,,,,,,,,,,,,,,,,,,,
1911,2,-61.39999999999998,20.3,,,,,,,,,,,,,,,,,,,,,,,,,,,,,,,,,1.61,4.6,9.3,5.37,16.0,3.51,18.0,0.4,-6.58,-2.88,0.0,-3.26,16.0,3.46,18.0,0.4,-6.44,-1.0,0.97,-1.68,16.0,4.09,18.0,0.4,1018.32,1020.05,1020.78,1019.72,6.0,1.3,20.0,0.2,,,,,,,,,,,,,,,,,,,,,,,,,,,,,,,,,,,,,,,,,,,,,,,,,,,,,,,,,,,,,,,,,,,,,,,,,,,,,,,,,,,,,,,,,,,,,,,,,,,,,,,,,,,,,,,,,,,,,,,,
1911,2,-61.39999999999998,28.4,,,,,,,,,,,,,,,,,,,,,,,,,,,,,,,,,2.6,4.6,9.3,5.72,11.0,2.71,14.0,0.6,-2.87,0.0,5.55,1.05,11.0,4.33,14.0,0.6,-5.75,0.0,1.92,-1.69,11.0,4.5,14.0,0.6,1017.77,1022.15,1026.9,1022.33,4.0,5.3,22.0,1.0,,,,,,,,,,,,,,,,,,,,,,,,,,,,,,,,,,,,,,,,,,,,,,,,,,,,,,,,,,,,,,,,,,,,,,,,,,,,,,,,,,,,,,,,,,,,,,,,,,,,,,,,,,,,,,,,,,,,,,,,
1911,2,-61.39999999999998,36.1,,,,,,,,,,,,,,,,,,,,,,,,,,,,,,,,,9.3,13.85,17.46,13.67,10.0,3.75,14.0,0.6,7.13,10.09,13.44,10.19,10.0,3.37,14.0,0.6,-1.99,7.19,13.44,5.86,10.0,7.53,14.0,0.6,1010.0,1010.0,1010.0,1010.0,2.0,0.0,24.0,0.5,,,,,,,,,,,,,,,,,,,,,,,,,,,,,,,,,,,,,,,,,,,,,,,,,,,,,,,,,,,,,,,,,,,,,,,,,,,,,,,,,,,,,,,,,,,,,,,,,,,,,,,,,,,,,,,,,,,,,,,,
1911,2,-61.39999999999998,38.5,,,,,,,,,,,,,,,,,,,,,,,,,,,,,,,,,6.7,12.3,19.0,12.6,40.0,5.11,14.0,0.5,0.0,6.75,13.04,5.55,40.0,7.71,14.0,0.5,-10.89,-6.64,8.4,-3.4,40.0,9.28,14.0,0.5,1012.35,1017.6,1023.7,1018.1,6.0,5.92,10.0,0.2,,,,,,,,,,,,,,,,,,,,,,,,,,,,,,,,,,,,,,,,,,,,,,,,,,,,,,,,,,,,,,,,,,,,,,,,,,,,,,,,,,,,,,,,,,,,,,,,,,,,,,,,,,,,,,,,,,,,,,,,
1911,2,-61.39999999999998,40.4,,,,,,,,,,,,,,,,,,,,,,,,,,,,,,,,,9.3,12.3,15.4,12.65,142.0,4.45,14.0,0.6,3.34,9.3,14.18,8.6,142.0,6.52,14.0,0.6,-10.89,-4.67,3.48,-3.23,142.0,7.3,14.0,0.6,993.4,1005.7,1017.04,1006.03,49.0,10.54,14.0,0.6,,,,,,,,,,,,,,,,,,,,,,,,,,,,,,,,,,,,,,,,,,,,,,,,,,,,,,,,,,,,,,,,,,,,,,,,,,,,,,,,,,,,,,,,,,,,,,,,,,,,,,,,,,,,,,,,,,,,,,,,
1911,2,-61.39999999999998,42.1,,,,,,,,,,,,,,,,,,,,,,,,,,,,,,,,,3.17,6.7,9.3,7.2,28.0,4.21,12.0,0.4,-2.57,1.71,6.17,2.24,28.0,4.8,12.0,0.4,-9.11,-2.62,2.15,-3.4,28.0,5.59,12.0,0.4,1020.15,1020.7,1021.25,1020.7,2.0,1.13,12.0,0.5,,,,,,,,,,,,,,,,,,,,,,,,,,,,,,,,,,,,,,,,,,,,,,,,,,,,,,,,,,,,,,,,,,,,,,,,,,,,,,,,,,,,,,,,,,,,,,,,,,,,,,,,,,,,,,,,,,,,,,,,
1911,2,-61.30000000000001,-43.5,,,,,,,,,,,,,,,,,,,,,,,,,,,,,,,,,2.6,4.6,12.3,6.43,41.0,4.53,12.0,0.4,-2.53,0.97,6.38,1.78,41.0,4.54,12.0,0.4,-4.47,0.0,8.7,1.4,41.0,6.08,12.0,0.4,1009.67,1016.8,1023.51,1016.35,12.0,5.95,6.0,0.6,,,,,,,,,,,,,,,,,,,,,,,,,,,,,,,,,,,,,,,,,,,,,,,,,,,,,,,,,,,,,,,,,,,,,,,,,,,,,,,,,,,,,,,,,,,,,,,,,,,,,,,,,,,,,,,,,,,,,,,,
1911,2,-61.19999999999999,-41.5,,,,,,,,,,,,,,,,,,,,,,,,,,,,,,,,,6.6,9.3,15.4,10.06,7.0,4.38,16.0,0.3,-5.77,2.51,6.19,0.48,7.0,5.65,16.0,0.3,2.58,6.58,14.28,8.17,7.0,5.21,16.0,0.3,1004.46,1007.75,1010.94,1007.72,6.0,3.28,18.0,0.3,,,,,,,,,,,,,,,,,,,,,,,,,,,,,,,,,,,,,,,,,,,,,,,,,,,,,,,,,,,,,,,,,,,,,,,,,,,,,,,,,,,,,,,,,,,,,,,,,,,,,,,,,,,,,,,,,,,,,,,,
1911,2,-61.10000000000002,22.2,,,,,,,,,,,,,,,,,,,,,,,,,,,,,,,,,1.81,9.3,9.3,6.99,9.0,4.29,18.0,0.7,-6.08,-3.48,0.0,-2.75,9.0,3.69,18.0,0.7,-8.62,-6.58,-1.28,-5.7,9.0,3.84,18.0,0.7,1016.92,1017.6,1017.8,1017.37,3.0,0.68,14.0,0.7,,,,,,,,,,,,,,,,,,,,,,,,,,,,,,,,,,,,,,,,,,,,,,,,,,,,,,,,,,,,,,,,,,,,,,,,,,,,,,,,,,,,,,,,,,,,,,,,,,,,,,,,,,,,,,,,,,,,,,,,
1911,2,-59.60000000000002,38.7,,,,,,,,,,,,,,,,,,,,,,,,,,,,,,,,,6.7,12.3,17.97,12.1,28.0,4.69,14.0,0.4,0.0,8.7,14.25,7.15,28.0,7.2,14.0,0.4,-8.7,-6.11,6.55,-2.97,28.0,7.75,14.0,0.4,997.46,1007.7,1017.94,1007.7,2.0,21.21,4.0,0.0,,,,,,,,,,,,,,,,,,,,,,,,,,,,,,,,,,,,,,,,,,,,,,,,,,,,,,,,,,,,,,,,,,,,,,,,,,,,,,,,,,,,,,,,,,,,,,,,,,,,,,,,,,,,,,,,,,,,,,,,
1911,2,-59.5,-55.4,,,,,,,,,,,,,,,,,,,,,,,,,,,,,,,,,1.86,6.7,9.3,6.51,17.0,3.74,16.0,0.6,-2.04,0.0,6.58,1.86,17.0,4.43,16.0,0.6,-7.59,-4.6,2.49,-3.12,17.0,5.02,16.0,0.6,1009.71,1011.45,1012.86,1011.54,14.0,1.93,18.0,0.6,,,,,,,,,,,,,,,,,,,,,,,,,,,,,,,,,,,,,,,,,,,,,,,,,,,,,,,,,,,,,,,,,,,,,,,,,,,,,,,,,,,,,,,,,,,,,,,,,,,,,,,,,,,,,,,,,,,,,,,,
1911,2,-59.5,36.5,,,,,,,,,,,,,,,,,,,,,,,,,,,,,,,,,9.05,12.3,15.74,11.98,13.0,4.34,14.0,0.5,0.0,9.02,12.41,6.72,13.0,7.51,14.0,0.5,-3.83,6.21,11.02,4.42,13.0,6.91,14.0,0.5,1011.66,1022.7,1024.13,1018.9,5.0,6.84,14.0,0.4,,,,,,,,,,,,,,,,,,,,,,,,,,,,,,,,,,,,,,,,,,,,,,,,,,,,,,,,,,,,,,,,,,,,,,,,,,,,,,,,,,,,,,,,,,,,,,,,,,,,,,,,,,,,,,,,,,,,,,,,
1911,2,-59.39999999999998,-53.7,,,,,,,,,,,,,,,,,,,,,,,,,,,,,,,,,2.6,4.6,14.22,7.17,16.0,5.55,10.0,0.4,-1.77,0.92,7.89,2.68,16.0,4.84,10.0,0.4,-7.89,0.99,2.53,-1.32,16.0,7.26,10.0,0.4,988.39,1012.45,1014.96,1005.28,18.0,12.15,10.0,0.5,,,,,,,,,,,,,,,,,,,,,,,,,,,,,,,,,,,,,,,,,,,,,,,,,,,,,,,,,,,,,,,,,,,,,,,,,,,,,,,,,,,,,,,,,,,,,,,,,,,,,,,,,,,,,,,,,,,,,,,,
1911,2,-59.39999999999998,-43.3,,,,,,,,,,,,,,,,,,,,,,,,,,,,,,,,,1.0,2.6,8.52,4.59,47.0,4.24,8.0,0.5,-1.98,0.92,4.7,1.23,47.0,3.91,8.0,0.5,-2.23,0.71,3.94,0.41,47.0,4.74,8.0,0.5,1006.98,1010.0,1018.13,1011.19,16.0,5.14,4.0,0.4,,,,,,,,,,,,,,,,,,,,,,,,,,,,,,,,,,,,,,,,,,,,,,,,,,,,,,,,,,,,,,,,,,,,,,,,,,,,,,,,,,,,,,,,,,,,,,,,,,,,,,,,,,,,,,,,,,,,,,,,
1911,2,-59.39999999999998,-41.4,,,,,,,,,,,,,,,,,,,,,,,,,,,,,,,,,2.6,6.7,9.3,6.19,57.0,3.28,12.0,0.6,-4.74,-0.97,3.74,-0.79,57.0,4.16,12.0,0.6,-4.6,1.0,6.7,1.52,57.0,5.42,12.0,0.6,1004.57,1006.3,1020.97,1010.23,16.0,7.42,8.0,0.6,,,,,,,,,,,,,,,,,,,,,,,,,,,,,,,,,,,,,,,,,,,,,,,,,,,,,,,,,,,,,,,,,,,,,,,,,,,,,,,,,,,,,,,,,,,,,,,,,,,,,,,,,,,,,,,,,,,,,,,,
1911,2,-59.39999999999998,12.3,,,,,,,,,,,,,,,,,,,,,,,,,,,,,,,,,4.6,8.0,9.3,7.21,8.0,2.34,20.0,0.4,-3.48,-3.48,-3.25,-3.73,8.0,0.99,20.0,0.4,-8.62,-5.94,-3.25,-5.86,8.0,2.96,20.0,0.4,1012.57,1014.0,1014.86,1013.73,4.0,1.42,12.0,0.0,,,,,,,,,,,,,,,,,,,,,,,,,,,,,,,,,,,,,,,,,,,,,,,,,,,,,,,,,,,,,,,,,,,,,,,,,,,,,,,,,,,,,,,,,,,,,,,,,,,,,,,,,,,,,,,,,,,,,,,,
1911,2,-59.39999999999998,40.4,,,,,,,,,,,,,,,,,,,,,,,,,,,,,,,,,6.7,12.3,15.4,11.31,127.0,4.98,14.0,0.4,-1.84,6.17,12.3,5.49,127.0,6.99,14.0,0.4,-11.32,-4.61,4.81,-3.06,127.0,8.06,14.0,0.4,1005.37,1012.65,1015.96,1010.79,36.0,8.4,12.0,0.4,,,,,,,,,,,,,,,,,,,,,,,,,,,,,,,,,,,,,,,,,,,,,,,,,,,,,,,,,,,,,,,,,,,,,,,,,,,,,,,,,,,,,,,,,,,,,,,,,,,,,,,,,,,,,,,,,,,,,,,,
1911,2,-59.39999999999998,42.2,,,,,,,,,,,,,,,,,,,,,,,,,,,,,,,,,6.7,9.3,12.3,9.26,37.0,3.94,14.0,0.5,0.0,6.17,9.47,5.35,37.0,4.92,14.0,0.5,-8.6,-4.74,0.28,-4.59,37.0,5.33,14.0,0.5,1004.54,1008.2,1017.25,1010.76,7.0,6.24,22.0,0.6,,,,,,,,,,,,,,,,,,,,,,,,,,,,,,,,,,,,,,,,,,,,,,,,,,,,,,,,,,,,,,,,,,,,,,,,,,,,,,,,,,,,,,,,,,,,,,,,,,,,,,,,,,,,,,,,,,,,,,,,
1911,2,-59.30000000000001,10.2,,,,,,,,,,,,,,,,,,,,,,,,,,,,,,,,,4.6,4.6,6.82,5.87,7.0,1.81,20.0,0.7,-4.83,-4.23,-3.25,-4.29,7.0,1.22,20.0,0.7,-4.83,-3.25,-3.18,-3.94,7.0,1.54,20.0,0.7,1012.21,1012.65,1013.09,1012.65,2.0,0.92,12.0,1.0,,,,,,,,,,,,,,,,,,,,,,,,,,,,,,,,,,,,,,,,,,,,,,,,,,,,,,,,,,,,,,,,,,,,,,,,,,,,,,,,,,,,,,,,,,,,,,,,,,,,,,,,,,,,,,,,,,,,,,,,
1911,2,-59.30000000000001,20.3,,,,,,,,,,,,,,,,,,,,,,,,,,,,,,,,,4.6,4.6,6.7,5.49,10.0,1.6,16.0,0.4,-4.74,-4.27,-1.39,-3.67,10.0,2.1,16.0,0.4,-3.4,1.72,4.74,1.18,10.0,3.89,16.0,0.4,1020.83,1021.1,1021.37,1021.1,2.0,0.57,22.0,1.0,,,,,,,,,,,,,,,,,,,,,,,,,,,,,,,,,,,,,,,,,,,,,,,,,,,,,,,,,,,,,,,,,,,,,,,,,,,,,,,,,,,,,,,,,,,,,,,,,,,,,,,,,,,,,,,,,,,,,,,,
1911,2,-59.30000000000001,28.6,,,,,,,,,,,,,,,,,,,,,,,,,,,,,,,,,2.6,6.7,9.01,5.86,8.0,3.98,12.0,0.3,-8.35,-1.84,2.33,-2.63,8.0,5.99,12.0,0.3,-4.5,-0.92,0.0,-1.8,8.0,2.76,12.0,0.3,1017.18,1021.85,1026.94,1022.05,4.0,5.65,22.0,0.3,,,,,,,,,,,,,,,,,,,,,,,,,,,,,,,,,,,,,,,,,,,,,,,,,,,,,,,,,,,,,,,,,,,,,,,,,,,,,,,,,,,,,,,,,,,,,,,,,,,,,,,,,,,,,,,,,,,,,,,,
1911,2,-59.19999999999999,-39.5,,,,,,,,,,,,,,,,,,,,,,,,,,,,,,,,,4.6,6.7,12.3,7.86,22.0,3.58,16.0,0.3,-4.69,-0.92,5.32,-0.42,22.0,4.86,16.0,0.3,-7.94,-0.92,7.78,-0.07,22.0,7.33,16.0,0.3,1000.13,1003.3,1005.29,1004.24,8.0,5.26,14.0,0.6,,,,,,,,,,,,,,,,,,,,,,,,,,,,,,,,,,,,,,,,,,,,,,,,,,,,,,,,,,,,,,,,,,,,,,,,,,,,,,,,,,,,,,,,,,,,,,,,,,,,,,,,,,,,,,,,,,,,,,,,
1911,2,-59.19999999999999,18.5,,,,,,,,,,,,,,,,,,,,,,,,,,,,,,,,,3.23,4.6,4.6,3.93,3.0,1.15,16.0,0.0,-4.23,-4.23,-2.6,-3.44,3.0,1.38,16.0,0.0,-1.83,-1.8,-1.8,-1.81,3.0,0.02,16.0,0.0,1015.96,1016.3,1017.19,1016.57,3.0,0.93,16.0,0.0,,,,,,,,,,,,,,,,,,,,,,,,,,,,,,,,,,,,,,,,,,,,,,,,,,,,,,,,,,,,,,,,,,,,,,,,,,,,,,,,,,,,,,,,,,,,,,,,,,,,,,,,,,,,,,,,,,,,,,,,
1911,2,-59.19999999999999,22.3,,,,,,,,,,,,,,,,,,,,,,,,,,,,,,,,,1.8,6.7,8.72,5.66,15.0,2.86,16.0,0.6,-4.41,-0.71,3.41,-0.36,15.0,3.74,16.0,0.6,-6.5,-4.74,-0.16,-4.19,15.0,3.1,16.0,0.6,1014.53,1018.9,1020.78,1017.9,7.0,3.43,16.0,0.7,,,,,,,,,,,,,,,,,,,,,,,,,,,,,,,,,,,,,,,,,,,,,,,,,,,,,,,,,,,,,,,,,,,,,,,,,,,,,,,,,,,,,,,,,,,,,,,,,,,,,,,,,,,,,,,,,,,,,,,,
1911,2,-59.10000000000002,24.1,,,,,,,,,,,,,,,,,,,,,,,,,,,,,,,,,0.95,4.6,6.82,4.41,7.0,3.39,18.0,0.4,-4.83,-3.25,0.0,-2.76,7.0,2.75,18.0,0.4,-4.83,-3.25,-0.95,-3.27,7.0,2.29,18.0,0.4,1020.0,1020.0,1020.0,1020.0,1.0,0.0,16.0,0.0,,,,,,,,,,,,,,,,,,,,,,,,,,,,,,,,,,,,,,,,,,,,,,,,,,,,,,,,,,,,,,,,,,,,,,,,,,,,,,,,,,,,,,,,,,,,,,,,,,,,,,,,,,,,,,,,,,,,,,,,
1911,2,-57.69999999999999,-55.3,,,,,,,,,,,,,,,,,,,,,,,,,,,,,,,,,2.52,9.3,9.3,6.49,7.0,3.66,18.0,0.6,0.92,6.58,9.3,5.3,7.0,4.19,18.0,0.6,-3.77,0.0,2.43,-0.71,7.0,3.4,18.0,0.6,1007.7,1007.9,1008.54,1008.08,5.0,0.44,22.0,0.6,,,,,,,,,,,,,,,,,,,,,,,,,,,,,,,,,,,,,,,,,,,,,,,,,,,,,,,,,,,,,,,,,,,,,,,,,,,,,,,,,,,,,,,,,,,,,,,,,,,,,,,,,,,,,,,,,,,,,,,,
1911,2,-57.69999999999999,-43.2,,,,,,,,,,,,,,,,,,,,,,,,,,,,,,,,,0.95,2.6,4.97,3.44,7.0,4.18,2.0,0.6,-0.71,0.0,1.91,0.79,7.0,1.53,2.0,0.6,-1.91,0.0,1.26,0.97,7.0,5.21,2.0,0.6,1004.12,1006.2,1009.59,1006.74,5.0,2.86,2.0,0.6,,,,,,,,,,,,,,,,,,,,,,,,,,,,,,,,,,,,,,,,,,,,,,,,,,,,,,,,,,,,,,,,,,,,,,,,,,,,,,,,,,,,,,,,,,,,,,,,,,,,,,,,,,,,,,,,,,,,,,,,
1911,2,-57.5,-53.5,,,,,,,,,,,,,,,,,,,,,,,,,,,,,,,,,2.6,6.7,9.3,7.38,33.0,4.31,14.0,0.4,0.06,4.74,6.58,4.02,33.0,3.72,14.0,0.4,-6.43,1.84,6.43,0.94,33.0,6.58,14.0,0.4,1000.14,1009.45,1015.52,1006.84,32.0,10.46,14.0,0.4,,,,,,,,,,,,,,,,,,,,,,,,,,,,,,,,,,,,,,,,,,,,,,,,,,,,,,,,,,,,,,,,,,,,,,,,,,,,,,,,,,,,,,,,,,,,,,,,,,,,,,,,,,,,,,,,,,,,,,,,
1911,2,-57.5,-41.4,,,,,,,,,,,,,,,,,,,,,,,,,,,,,,,,,1.0,4.6,6.7,4.15,25.0,3.12,10.0,0.5,-3.33,0.0,1.81,-1.04,25.0,2.69,10.0,0.5,-3.63,1.0,4.24,0.55,25.0,4.36,10.0,0.5,1005.19,1007.95,1013.13,1008.84,8.0,3.73,2.0,0.4,,,,,,,,,,,,,,,,,,,,,,,,,,,,,,,,,,,,,,,,,,,,,,,,,,,,,,,,,,,,,,,,,,,,,,,,,,,,,,,,,,,,,,,,,,,,,,,,,,,,,,,,,,,,,,,,,,,,,,,,
1911,2,-57.5,30.5,,,,,,,,,,,,,,,,,,,,,,,,,,,,,,,,,2.6,4.6,6.7,5.05,11.0,2.12,14.0,0.5,-2.88,0.0,1.92,-0.59,11.0,2.43,14.0,0.5,-6.17,-3.25,0.82,-2.38,11.0,4.48,14.0,0.5,1026.7,1026.7,1026.7,1026.7,1.0,0.0,28.0,0.0,,,,,,,,,,,,,,,,,,,,,,,,,,,,,,,,,,,,,,,,,,,,,,,,,,,,,,,,,,,,,,,,,,,,,,,,,,,,,,,,,,,,,,,,,,,,,,,,,,,,,,,,,,,,,,,,,,,,,,,,
1911,2,-57.5,36.5,,,,,,,,,,,,,,,,,,,,,,,,,,,,,,,,,6.7,9.3,19.0,11.39,7.0,5.58,8.0,0.4,0.0,2.62,13.44,5.54,7.0,5.84,8.0,0.4,-13.44,0.0,6.32,-2.51,7.0,10.25,8.0,0.4,1016.38,1021.6,1022.31,1019.45,4.0,5.0,12.0,0.5,,,,,,,,,,,,,,,,,,,,,,,,,,,,,,,,,,,,,,,,,,,,,,,,,,,,,,,,,,,,,,,,,,,,,,,,,,,,,,,,,,,,,,,,,,,,,,,,,,,,,,,,,,,,,,,,,,,,,,,,
1911,2,-57.5,38.6,,,,,,,,,,,,,,,,,,,,,,,,,,,,,,,,,6.7,9.8,15.4,11.7,29.0,7.51,16.0,0.4,-2.61,6.7,14.18,6.64,29.0,8.31,16.0,0.4,-7.91,-3.25,5.25,-1.0,29.0,9.07,16.0,0.4,1002.97,1028.3,1029.67,1017.66,5.0,17.63,8.0,0.6,,,,,,,,,,,,,,,,,,,,,,,,,,,,,,,,,,,,,,,,,,,,,,,,,,,,,,,,,,,,,,,,,,,,,,,,,,,,,,,,,,,,,,,,,,,,,,,,,,,,,,,,,,,,,,,,,,,,,,,,
1911,2,-57.39999999999998,-39.3,,,,,,,,,,,,,,,,,,,,,,,,,,,,,,,,,2.6,6.7,9.3,6.5,41.0,3.89,14.0,0.6,-7.73,-0.97,1.84,-2.31,41.0,4.41,14.0,0.6,-6.51,-1.8,4.69,-1.27,41.0,5.64,14.0,0.6,1002.49,1005.35,1008.66,1006.01,12.0,3.79,8.0,0.3,,,,,,,,,,,,,,,,,,,,,,,,,,,,,,,,,,,,,,,,,,,,,,,,,,,,,,,,,,,,,,,,,,,,,,,,,,,,,,,,,,,,,,,,,,,,,,,,,,,,,,,,,,,,,,,,,,,,,,,,
1911,2,-57.39999999999998,40.4,,,,,,,,,,,,,,,,,,,,,,,,,,,,,,,,,4.6,9.3,15.4,9.75,103.0,5.11,14.0,0.5,-3.13,4.27,10.89,4.0,103.0,6.51,14.0,0.5,-8.7,-3.25,4.71,-1.97,103.0,7.73,14.0,0.5,999.6,1012.5,1019.03,1010.85,28.0,9.33,14.0,0.6,,,,,,,,,,,,,,,,,,,,,,,,,,,,,,,,,,,,,,,,,,,,,,,,,,,,,,,,,,,,,,,,,,,,,,,,,,,,,,,,,,,,,,,,,,,,,,,,,,,,,,,,,,,,,,,,,,,,,,,,
1911,2,-57.39999999999998,42.3,,,,,,,,,,,,,,,,,,,,,,,,,,,,,,,,,6.7,9.3,12.3,10.86,39.0,4.17,16.0,0.5,-4.69,8.56,11.32,5.16,39.0,7.25,16.0,0.5,-8.7,-4.74,0.0,-4.74,39.0,5.96,16.0,0.5,1003.01,1005.25,1014.78,1008.05,6.0,6.91,22.0,0.3,,,,,,,,,,,,,,,,,,,,,,,,,,,,,,,,,,,,,,,,,,,,,,,,,,,,,,,,,,,,,,,,,,,,,,,,,,,,,,,,,,,,,,,,,,,,,,,,,,,,,,,,,,,,,,,,,,,,,,,,
1911,2,-57.30000000000001,-51.6,,,,,,,,,,,,,,,,,,,,,,,,,,,,,,,,,2.82,6.7,9.3,6.39,8.0,2.87,14.0,0.8,2.62,6.21,8.4,5.68,8.0,2.69,14.0,0.8,1.06,2.17,3.38,2.45,8.0,1.97,14.0,0.8,1001.79,1019.95,1023.06,1012.93,8.0,12.7,14.0,0.8,,,,,,,,,,,,,,,,,,,,,,,,,,,,,,,,,,,,,,,,,,,,,,,,,,,,,,,,,,,,,,,,,,,,,,,,,,,,,,,,,,,,,,,,,,,,,,,,,,,,,,,,,,,,,,,,,,,,,,,,
1911,2,-57.30000000000001,22.4,,,,,,,,,,,,,,,,,,,,,,,,,,,,,,,,,3.46,4.6,6.7,4.93,10.0,2.28,14.0,0.5,-5.58,-3.25,0.0,-2.63,10.0,2.75,14.0,0.5,-4.6,-2.82,2.93,-1.15,10.0,3.94,14.0,0.5,1013.22,1021.2,1022.85,1018.56,5.0,5.28,18.0,0.2,,,,,,,,,,,,,,,,,,,,,,,,,,,,,,,,,,,,,,,,,,,,,,,,,,,,,,,,,,,,,,,,,,,,,,,,,,,,,,,,,,,,,,,,,,,,,,,,,,,,,,,,,,,,,,,,,,,,,,,,
1911,2,-57.19999999999999,8.8,,,,,,,,,,,,,,,,,,,,,,,,,,,,,,,,,4.6,4.6,4.6,4.6,1.0,0.0,12.0,0.0,-4.27,-4.27,-4.27,-4.27,1.0,0.0,12.0,0.0,-1.72,-1.72,-1.72,-1.72,1.0,0.0,12.0,0.0,1010.2,1010.2,1010.2,1010.2,1.0,0.0,12.0,0.0,,,,,,,,,,,,,,,,,,,,,,,,,,,,,,,,,,,,,,,,,,,,,,,,,,,,,,,,,,,,,,,,,,,,,,,,,,,,,,,,,,,,,,,,,,,,,,,,,,,,,,,,,,,,,,,,,,,,,,,,
1911,2,-57.19999999999999,10.4,,,,,,,,,,,,,,,,,,,,,,,,,,,,,,,,,4.6,6.7,7.65,6.38,5.0,1.94,24.0,0.8,-3.94,-3.25,-2.98,-3.45,5.0,0.81,24.0,0.8,-7.09,-4.74,-3.25,-5.22,5.0,2.27,24.0,0.8,1013.3,1013.3,1013.3,1013.3,1.0,0.0,12.0,1.0,,,,,,,,,,,,,,,,,,,,,,,,,,,,,,,,,,,,,,,,,,,,,,,,,,,,,,,,,,,,,,,,,,,,,,,,,,,,,,,,,,,,,,,,,,,,,,,,,,,,,,,,,,,,,,,,,,,,,,,,
1911,2,-57.19999999999999,20.1,,,,,,,,,,,,,,,,,,,,,,,,,,,,,,,,,3.86,6.7,6.7,5.4,6.0,2.31,18.0,1.0,-6.17,-2.12,0.98,-1.97,6.0,4.32,18.0,1.0,-5.14,-2.62,-1.63,-3.25,6.0,2.1,18.0,1.0,1015.35,1015.9,1016.45,1015.9,3.0,0.8,14.0,1.0,,,,,,,,,,,,,,,,,,,,,,,,,,,,,,,,,,,,,,,,,,,,,,,,,,,,,,,,,,,,,,,,,,,,,,,,,,,,,,,,,,,,,,,,,,,,,,,,,,,,,,,,,,,,,,,,,,,,,,,,
1911,2,-57.19999999999999,24.3,,,,,,,,,,,,,,,,,,,,,,,,,,,,,,,,,0.0,1.8,3.74,2.01,10.0,2.28,18.0,0.4,-2.65,0.0,1.05,-0.65,10.0,2.08,18.0,0.4,-2.65,-0.46,0.0,-1.08,10.0,1.9,18.0,0.4,1018.48,1019.5,1019.5,1019.0,3.0,0.87,16.0,0.3,,,,,,,,,,,,,,,,,,,,,,,,,,,,,,,,,,,,,,,,,,,,,,,,,,,,,,,,,,,,,,,,,,,,,,,,,,,,,,,,,,,,,,,,,,,,,,,,,,,,,,,,,,,,,,,,,,,,,,,,
1911,2,-57.19999999999999,28.5,,,,,,,,,,,,,,,,,,,,,,,,,,,,,,,,,7.11,8.0,8.89,8.0,2.0,1.84,14.0,0.5,2.78,3.13,3.47,3.13,2.0,0.72,14.0,0.5,-8.18,-7.36,-6.55,-7.36,2.0,1.69,14.0,0.5,1016.59,1017.0,1017.41,1017.0,2.0,0.85,14.0,0.5,,,,,,,,,,,,,,,,,,,,,,,,,,,,,,,,,,,,,,,,,,,,,,,,,,,,,,,,,,,,,,,,,,,,,,,,,,,,,,,,,,,,,,,,,,,,,,,,,,,,,,,,,,,,,,,,,,,,,,,,
1911,2,-57.10000000000002,-37.3,,,,,,,,,,,,,,,,,,,,,,,,,,,,,,,,,2.6,6.7,9.3,6.35,47.0,3.71,14.0,0.4,-4.74,-1.84,2.38,-1.49,47.0,4.63,14.0,0.4,-5.77,-2.41,5.41,-1.3,47.0,5.44,14.0,0.4,1001.67,1007.4,1008.14,1005.55,11.0,3.11,14.0,0.5,,,,,,,,,,,,,,,,,,,,,,,,,,,,,,,,,,,,,,,,,,,,,,,,,,,,,,,,,,,,,,,,,,,,,,,,,,,,,,,,,,,,,,,,,,,,,,,,,,,,,,,,,,,,,,,,,,,,,,,,
1911,2,-57.10000000000002,-35.5,,,,,,,,,,,,,,,,,,,,,,,,,,,,,,,,,1.0,4.6,4.9,3.92,19.0,2.63,12.0,0.6,-3.51,-1.8,0.26,-1.52,19.0,2.64,12.0,0.6,-3.25,0.0,3.25,-0.21,19.0,3.7,12.0,0.6,1009.11,1009.7,1012.4,1010.78,5.0,2.83,10.0,0.8,,,,,,,,,,,,,,,,,,,,,,,,,,,,,,,,,,,,,,,,,,,,,,,,,,,,,,,,,,,,,,,,,,,,,,,,,,,,,,,,,,,,,,,,,,,,,,,,,,,,,,,,,,,,,,,,,,,,,,,,
1911,2,-55.60000000000002,-53.4,,,,,,,,,,,,,,,,,,,,,,,,,,,,,,,,,5.07,6.7,11.63,8.3,15.0,4.17,14.0,0.5,0.56,4.74,10.33,5.33,15.0,4.97,14.0,0.5,-7.24,-4.6,4.61,-2.05,15.0,5.62,14.0,0.5,1001.72,1006.55,1019.08,1009.03,12.0,8.31,14.0,0.6,,,,,,,,,,,,,,,,,,,,,,,,,,,,,,,,,,,,,,,,,,,,,,,,,,,,,,,,,,,,,,,,,,,,,,,,,,,,,,,,,,,,,,,,,,,,,,,,,,,,,,,,,,,,,,,,,,,,,,,,
1911,2,-55.5,-51.6,,,,,,,,,,,,,,,,,,,,,,,,,,,,,,,,,2.6,6.7,9.73,6.61,19.0,4.07,10.0,0.5,2.41,4.74,6.88,5.04,19.0,2.7,10.0,0.5,-0.15,1.72,6.88,2.51,19.0,4.68,10.0,0.5,992.38,1019.5,1023.51,1010.16,19.0,14.93,10.0,0.5,,,,,,,,,,,,,,,,,,,,,,,,,,,,,,,,,,,,,,,,,,,,,,,,,,,,,,,,,,,,,,,,,,,,,,,,,,,,,,,,,,,,,,,,,,,,,,,,,,,,,,,,,,,,,,,,,,,,,,,,
1911,2,-55.5,8.5,,,,,,,,,,,,,,,,,,,,,,,,,,,,,,,,,4.6,4.6,4.6,4.6,4.0,0.0,16.0,0.3,-3.25,-3.25,-3.25,-3.25,4.0,0.0,16.0,0.3,-3.25,-3.25,-3.25,-3.25,4.0,0.0,16.0,0.3,1010.6,1010.8,1011.21,1010.9,3.0,0.46,12.0,0.3,,,,,,,,,,,,,,,,,,,,,,,,,,,,,,,,,,,,,,,,,,,,,,,,,,,,,,,,,,,,,,,,,,,,,,,,,,,,,,,,,,,,,,,,,,,,,,,,,,,,,,,,,,,,,,,,,,,,,,,,
1911,2,-55.5,30.3,,,,,,,,,,,,,,,,,,,,,,,,,,,,,,,,,4.6,4.6,12.3,6.71,13.0,3.38,16.0,0.5,-4.81,0.0,3.25,-0.44,13.0,3.6,16.0,0.5,-11.32,-3.25,4.31,-1.97,13.0,6.55,16.0,0.5,1014.32,1019.6,1023.88,1019.13,4.0,5.64,20.0,0.8,,,,,,,,,,,,,,,,,,,,,,,,,,,,,,,,,,,,,,,,,,,,,,,,,,,,,,,,,,,,,,,,,,,,,,,,,,,,,,,,,,,,,,,,,,,,,,,,,,,,,,,,,,,,,,,,,,,,,,,,
1911,2,-55.39999999999998,-39.3,,,,,,,,,,,,,,,,,,,,,,,,,,,,,,,,,1.86,4.6,6.7,4.65,17.0,3.01,6.0,0.5,-3.88,0.0,1.8,-0.84,17.0,2.89,6.0,0.5,-4.23,0.71,4.25,0.09,17.0,4.79,6.0,0.5,1002.43,1002.7,1002.97,1002.7,2.0,0.57,2.0,0.5,,,,,,,,,,,,,,,,,,,,,,,,,,,,,,,,,,,,,,,,,,,,,,,,,,,,,,,,,,,,,,,,,,,,,,,,,,,,,,,,,,,,,,,,,,,,,,,,,,,,,,,,,,,,,,,,,,,,,,,,
1911,2,-55.39999999999998,-37.2,,,,,,,,,,,,,,,,,,,,,,,,,,,,,,,,,2.6,6.7,8.72,5.67,15.0,3.13,14.0,0.5,-3.38,-1.84,2.41,-0.63,15.0,4.66,14.0,0.5,-4.63,-1.02,6.06,-0.12,15.0,4.7,14.0,0.5,995.78,998.2,1001.6,998.66,5.0,3.46,6.0,0.6,,,,,,,,,,,,,,,,,,,,,,,,,,,,,,,,,,,,,,,,,,,,,,,,,,,,,,,,,,,,,,,,,,,,,,,,,,,,,,,,,,,,,,,,,,,,,,,,,,,,,,,,,,,,,,,,,,,,,,,,
1911,2,-55.39999999999998,6.5,,,,,,,,,,,,,,,,,,,,,,,,,,,,,,,,,1.94,6.7,6.7,5.15,11.0,2.66,16.0,0.6,-6.7,-4.74,-1.82,-4.43,11.0,2.27,16.0,0.6,-4.74,-0.71,0.0,-1.9,11.0,2.35,16.0,0.6,1011.5,1012.7,1014.14,1012.73,11.0,1.21,16.0,0.6,,,,,,,,,,,,,,,,,,,,,,,,,,,,,,,,,,,,,,,,,,,,,,,,,,,,,,,,,,,,,,,,,,,,,,,,,,,,,,,,,,,,,,,,,,,,,,,,,,,,,,,,,,,,,,,,,,,,,,,,
1911,2,-55.39999999999998,36.3,,,,,,,,,,,,,,,,,,,,,,,,,,,,,,,,,6.7,8.0,11.97,9.14,8.0,3.23,6.0,0.8,-3.1,2.37,4.74,1.11,8.0,4.4,6.0,0.8,-11.89,-0.92,4.74,-2.99,8.0,8.65,6.0,0.8,1020.49,1021.1,1021.61,1021.05,4.0,0.7,10.0,0.8,,,,,,,,,,,,,,,,,,,,,,,,,,,,,,,,,,,,,,,,,,,,,,,,,,,,,,,,,,,,,,,,,,,,,,,,,,,,,,,,,,,,,,,,,,,,,,,,,,,,,,,,,,,,,,,,,,,,,,,,
1911,2,-55.39999999999998,38.6,,,,,,,,,,,,,,,,,,,,,,,,,,,,,,,,,4.6,9.3,12.55,9.9,32.0,5.65,14.0,0.4,-1.86,5.47,11.38,4.65,32.0,6.21,14.0,0.4,-6.72,-4.42,3.84,-1.57,32.0,8.34,14.0,0.4,1009.32,1019.7,1028.84,1019.5,6.0,10.56,12.0,0.3,,,,,,,,,,,,,,,,,,,,,,,,,,,,,,,,,,,,,,,,,,,,,,,,,,,,,,,,,,,,,,,,,,,,,,,,,,,,,,,,,,,,,,,,,,,,,,,,,,,,,,,,,,,,,,,,,,,,,,,,
1911,2,-55.39999999999998,40.4,,,,,,,,,,,,,,,,,,,,,,,,,,,,,,,,,4.6,9.3,12.3,9.31,95.0,4.6,14.0,0.5,-1.73,6.17,9.3,4.95,95.0,5.9,14.0,0.5,-8.7,-3.48,2.52,-3.12,95.0,6.28,14.0,0.5,1000.8,1009.0,1025.38,1012.41,20.0,12.82,14.0,0.3,,,,,,,,,,,,,,,,,,,,,,,,,,,,,,,,,,,,,,,,,,,,,,,,,,,,,,,,,,,,,,,,,,,,,,,,,,,,,,,,,,,,,,,,,,,,,,,,,,,,,,,,,,,,,,,,,,,,,,,,
1911,2,-55.39999999999998,42.3,,,,,,,,,,,,,,,,,,,,,,,,,,,,,,,,,4.6,9.3,15.4,10.34,37.0,5.27,14.0,0.4,0.0,4.81,11.01,4.59,37.0,7.29,14.0,0.4,-8.87,-4.61,0.0,-3.95,37.0,6.83,14.0,0.4,1000.64,1005.5,1016.41,1008.5,11.0,9.87,18.0,0.5,,,,,,,,,,,,,,,,,,,,,,,,,,,,,,,,,,,,,,,,,,,,,,,,,,,,,,,,,,,,,,,,,,,,,,,,,,,,,,,,,,,,,,,,,,,,,,,,,,,,,,,,,,,,,,,,,,,,,,,,
1911,2,-55.30000000000001,-35.4,,,,,,,,,,,,,,,,,,,,,,,,,,,,,,,,,2.6,4.6,9.3,5.85,100.0,3.42,14.0,0.5,-6.32,-2.12,0.0,-2.37,100.0,3.89,14.0,0.5,-2.6,1.76,6.58,2.05,100.0,4.61,14.0,0.5,1006.2,1011.4,1013.95,1010.87,31.0,5.65,12.0,0.5,,,,,,,,,,,,,,,,,,,,,,,,,,,,,,,,,,,,,,,,,,,,,,,,,,,,,,,,,,,,,,,,,,,,,,,,,,,,,,,,,,,,,,,,,,,,,,,,,,,,,,,,,,,,,,,,,,,,,,,,
1911,2,-55.30000000000001,22.5,,,,,,,,,,,,,,,,,,,,,,,,,,,,,,,,,3.23,4.6,6.03,4.63,3.0,2.05,10.0,1.0,-4.57,0.0,0.0,-2.23,3.0,3.87,10.0,1.0,-3.14,0.0,1.77,-0.67,3.0,3.65,10.0,1.0,1014.43,1014.5,1014.57,1014.5,2.0,0.14,14.0,1.0,,,,,,,,,,,,,,,,,,,,,,,,,,,,,,,,,,,,,,,,,,,,,,,,,,,,,,,,,,,,,,,,,,,,,,,,,,,,,,,,,,,,,,,,,,,,,,,,,,,,,,,,,,,,,,,,,,,,,,,,
1911,2,-55.30000000000001,26.2,,,,,,,,,,,,,,,,,,,,,,,,,,,,,,,,,0.0,4.6,9.88,5.57,13.0,5.12,20.0,0.5,0.0,1.02,5.11,2.58,13.0,3.58,20.0,0.5,-5.2,-3.25,0.31,-3.14,13.0,5.39,20.0,0.5,1016.28,1016.95,1017.62,1016.95,4.0,0.88,16.0,0.5,,,,,,,,,,,,,,,,,,,,,,,,,,,,,,,,,,,,,,,,,,,,,,,,,,,,,,,,,,,,,,,,,,,,,,,,,,,,,,,,,,,,,,,,,,,,,,,,,,,,,,,,,,,,,,,,,,,,,,,,
1911,2,-55.30000000000001,44.1,,,,,,,,,,,,,,,,,,,,,,,,,,,,,,,,,2.82,9.3,12.3,8.16,8.0,4.28,22.0,0.8,1.9,4.61,8.34,4.42,8.0,4.82,22.0,0.8,-10.65,0.51,3.43,-1.79,8.0,6.72,22.0,0.8,1016.8,1016.8,1016.8,1016.8,1.0,0.0,20.0,0.0,,,,,,,,,,,,,,,,,,,,,,,,,,,,,,,,,,,,,,,,,,,,,,,,,,,,,,,,,,,,,,,,,,,,,,,,,,,,,,,,,,,,,,,,,,,,,,,,,,,,,,,,,,,,,,,,,,,,,,,,
1911,2,-55.19999999999999,-49.7,,,,,,,,,,,,,,,,,,,,,,,,,,,,,,,,,2.6,2.6,2.6,2.6,1.0,0.0,10.0,0.0,1.02,1.02,1.02,1.02,1.0,0.0,10.0,0.0,2.39,2.39,2.39,2.39,1.0,0.0,10.0,0.0,1021.8,1021.8,1021.8,1021.8,1.0,0.0,10.0,0.0,,,,,,,,,,,,,,,,,,,,,,,,,,,,,,,,,,,,,,,,,,,,,,,,,,,,,,,,,,,,,,,,,,,,,,,,,,,,,,,,,,,,,,,,,,,,,,,,,,,,,,,,,,,,,,,,,,,,,,,,
1911,2,-55.19999999999999,20.3,,,,,,,,,,,,,,,,,,,,,,,,,,,,,,,,,6.7,6.7,8.06,7.35,4.0,1.3,18.0,0.0,-4.74,-2.37,3.45,-0.72,4.0,5.36,18.0,0.0,-6.64,-5.66,-4.74,-5.69,4.0,1.1,18.0,0.0,1013.93,1014.0,1014.27,1014.1,3.0,0.26,14.0,0.0,,,,,,,,,,,,,,,,,,,,,,,,,,,,,,,,,,,,,,,,,,,,,,,,,,,,,,,,,,,,,,,,,,,,,,,,,,,,,,,,,,,,,,,,,,,,,,,,,,,,,,,,,,,,,,,,,,,,,,,,
1911,2,-55.19999999999999,24.1,,,,,,,,,,,,,,,,,,,,,,,,,,,,,,,,,1.0,4.6,9.01,4.69,8.0,3.53,16.0,0.4,-6.13,-1.72,-0.08,-2.69,8.0,3.49,16.0,0.4,-4.27,-0.85,0.0,-1.23,8.0,3.92,16.0,0.4,1021.5,1021.5,1021.5,1021.5,3.0,0.0,22.0,1.0,,,,,,,,,,,,,,,,,,,,,,,,,,,,,,,,,,,,,,,,,,,,,,,,,,,,,,,,,,,,,,,,,,,,,,,,,,,,,,,,,,,,,,,,,,,,,,,,,,,,,,,,,,,,,,,,,,,,,,,,
1911,2,-55.19999999999999,28.3,,,,,,,,,,,,,,,,,,,,,,,,,,,,,,,,,2.82,4.6,6.7,5.59,8.0,3.12,12.0,0.8,-6.0,-3.76,2.6,-2.36,8.0,4.42,12.0,0.8,-5.48,0.86,2.42,-0.71,8.0,4.35,12.0,0.8,1017.1,1017.1,1017.1,1017.1,1.0,0.0,14.0,1.0,,,,,,,,,,,,,,,,,,,,,,,,,,,,,,,,,,,,,,,,,,,,,,,,,,,,,,,,,,,,,,,,,,,,,,,,,,,,,,,,,,,,,,,,,,,,,,,,,,,,,,,,,,,,,,,,,,,,,,,,
1911,2,-53.60000000000002,-39.6,,,,,,,,,,,,,,,,,,,,,,,,,,,,,,,,,6.7,13.85,18.6,13.1,8.0,6.08,14.0,0.5,-1.95,5.02,10.89,5.4,8.0,7.12,14.0,0.5,-4.84,8.55,11.35,5.11,8.0,10.92,14.0,0.5,1005.4,1005.4,1005.4,1005.4,1.0,0.0,2.0,0.0,,,,,,,,,,,,,,,,,,,,,,,,,,,,,,,,,,,,,,,,,,,,,,,,,,,,,,,,,,,,,,,,,,,,,,,,,,,,,,,,,,,,,,,,,,,,,,,,,,,,,,,,,,,,,,,,,,,,,,,,
1911,2,-53.60000000000002,8.4,,,,,,,,,,,,,,,,,,,,,,,,,,,,,,,,,2.6,4.6,6.7,5.03,18.0,2.15,18.0,0.7,-6.7,-3.76,-1.84,-4.12,18.0,2.36,18.0,0.7,-3.25,-1.84,0.0,-1.81,18.0,2.11,18.0,0.7,1011.52,1011.9,1014.8,1012.86,15.0,1.55,16.0,0.6,,,,,,,,,,,,,,,,,,,,,,,,,,,,,,,,,,,,,,,,,,,,,,,,,,,,,,,,,,,,,,,,,,,,,,,,,,,,,,,,,,,,,,,,,,,,,,,,,,,,,,,,,,,,,,,,,,,,,,,,
1911,2,-53.5,-53.2,,,,,,,,,,,,,,,,,,,,,,,,,,,,,,,,,6.7,12.3,15.4,11.6,7.0,4.02,16.0,0.6,4.1,5.77,6.78,4.25,7.0,6.09,16.0,0.6,-14.28,4.74,8.8,1.01,7.0,10.67,16.0,0.6,1003.02,1003.7,1004.11,1003.57,3.0,0.81,22.0,1.0,,,,,,,,,,,,,,,,,,,,,,,,,,,,,,,,,,,,,,,,,,,,,,,,,,,,,,,,,,,,,,,,,,,,,,,,,,,,,,,,,,,,,,,,,,,,,,,,,,,,,,,,,,,,,,,,,,,,,,,,
1911,2,-53.5,-51.5,,,,,,,,,,,,,,,,,,,,,,,,,,,,,,,,,2.6,5.65,15.4,7.97,18.0,5.44,10.0,0.4,1.83,2.94,8.65,4.38,18.0,3.61,10.0,0.4,-2.27,3.25,10.89,3.83,18.0,6.92,10.0,0.4,1003.47,1017.95,1022.11,1012.83,18.0,10.76,10.0,0.4,,,,,,,,,,,,,,,,,,,,,,,,,,,,,,,,,,,,,,,,,,,,,,,,,,,,,,,,,,,,,,,,,,,,,,,,,,,,,,,,,,,,,,,,,,,,,,,,,,,,,,,,,,,,,,,,,,,,,,,,
1911,2,-53.5,6.7,,,,,,,,,,,,,,,,,,,,,,,,,,,,,,,,,4.5,4.6,4.7,4.61,7.0,1.18,14.0,0.3,-4.7,-4.27,-3.21,-4.25,7.0,1.33,14.0,0.3,-1.8,-1.72,0.05,-1.06,7.0,1.45,14.0,0.3,1009.95,1011.0,1012.52,1011.0,6.0,1.69,12.0,0.3,,,,,,,,,,,,,,,,,,,,,,,,,,,,,,,,,,,,,,,,,,,,,,,,,,,,,,,,,,,,,,,,,,,,,,,,,,,,,,,,,,,,,,,,,,,,,,,,,,,,,,,,,,,,,,,,,,,,,,,,
1911,2,-53.39999999999998,-49.7,,,,,,,,,,,,,,,,,,,,,,,,,,,,,,,,,4.19,4.6,10.56,6.85,6.0,4.74,10.0,0.5,3.12,4.27,10.33,6.33,6.0,4.56,10.0,0.5,0.0,1.72,3.77,2.08,6.0,2.19,10.0,0.5,1006.32,1016.8,1019.25,1013.4,6.0,8.45,10.0,0.5,,,,,,,,,,,,,,,,,,,,,,,,,,,,,,,,,,,,,,,,,,,,,,,,,,,,,,,,,,,,,,,,,,,,,,,,,,,,,,,,,,,,,,,,,,,,,,,,,,,,,,,,,,,,,,,,,,,,,,,,
1911,2,-53.39999999999998,-37.5,,,,,,,,,,,,,,,,,,,,,,,,,,,,,,,,,2.6,5.65,9.14,5.81,14.0,3.58,2.0,0.5,0.0,1.84,6.55,2.86,14.0,3.38,2.0,0.5,-6.7,-3.76,-1.84,-4.07,14.0,3.32,2.0,0.5,1009.76,1010.8,1012.63,1011.18,4.0,2.21,2.0,0.8,,,,,,,,,,,,,,,,,,,,,,,,,,,,,,,,,,,,,,,,,,,,,,,,,,,,,,,,,,,,,,,,,,,,,,,,,,,,,,,,,,,,,,,,,,,,,,,,,,,,,,,,,,,,,,,,,,,,,,,,
1911,2,-53.39999999999998,-35.1,,,,,,,,,,,,,,,,,,,,,,,,,,,,,,,,,2.6,4.6,6.79,5.53,89.0,2.56,14.0,0.5,-4.74,-1.8,1.73,-1.77,89.0,3.32,14.0,0.5,-3.29,2.51,6.17,1.67,89.0,4.52,14.0,0.5,1011.49,1013.6,1015.67,1013.8,26.0,3.84,14.0,0.4,,,,,,,,,,,,,,,,,,,,,,,,,,,,,,,,,,,,,,,,,,,,,,,,,,,,,,,,,,,,,,,,,,,,,,,,,,,,,,,,,,,,,,,,,,,,,,,,,,,,,,,,,,,,,,,,,,,,,,,,
1911,2,-53.39999999999998,30.4,,,,,,,,,,,,,,,,,,,,,,,,,,,,,,,,,0.0,2.6,6.7,3.65,11.0,3.19,12.0,0.5,0.0,1.02,3.25,1.02,11.0,3.07,12.0,0.5,-5.35,0.0,2.39,-1.1,11.0,3.6,12.0,0.5,1014.78,1016.25,1019.34,1017.03,4.0,3.04,20.0,0.3,,,,,,,,,,,,,,,,,,,,,,,,,,,,,,,,,,,,,,,,,,,,,,,,,,,,,,,,,,,,,,,,,,,,,,,,,,,,,,,,,,,,,,,,,,,,,,,,,,,,,,,,,,,,,,,,,,,,,,,,
1911,2,-53.39999999999998,36.3,,,,,,,,,,,,,,,,,,,,,,,,,,,,,,,,,1.18,4.65,9.01,5.28,8.0,4.15,8.0,0.3,-0.9,2.37,6.54,2.84,8.0,4.14,8.0,0.3,-1.71,1.06,6.37,2.12,8.0,4.18,8.0,0.3,1020.89,1021.3,1021.66,1021.28,4.0,0.48,10.0,0.3,,,,,,,,,,,,,,,,,,,,,,,,,,,,,,,,,,,,,,,,,,,,,,,,,,,,,,,,,,,,,,,,,,,,,,,,,,,,,,,,,,,,,,,,,,,,,,,,,,,,,,,,,,,,,,,,,,,,,,,,
1911,2,-53.39999999999998,38.5,,,,,,,,,,,,,,,,,,,,,,,,,,,,,,,,,5.63,9.3,15.4,9.73,23.0,5.17,14.0,0.5,-2.23,1.72,9.97,3.23,23.0,6.3,14.0,0.5,-7.68,-3.63,5.5,-2.29,23.0,8.34,14.0,0.5,1006.7,1016.5,1026.3,1016.27,6.0,10.78,12.0,0.3,,,,,,,,,,,,,,,,,,,,,,,,,,,,,,,,,,,,,,,,,,,,,,,,,,,,,,,,,,,,,,,,,,,,,,,,,,,,,,,,,,,,,,,,,,,,,,,,,,,,,,,,,,,,,,,,,,,,,,,,
1911,2,-53.39999999999998,40.4,,,,,,,,,,,,,,,,,,,,,,,,,,,,,,,,,4.6,9.3,12.3,8.89,111.0,5.07,16.0,0.4,0.0,4.27,8.7,4.44,111.0,5.51,16.0,0.4,-8.59,-0.97,6.58,-1.07,111.0,7.36,16.0,0.4,1004.73,1014.4,1019.97,1013.09,28.0,9.67,14.0,0.4,,,,,,,,,,,,,,,,,,,,,,,,,,,,,,,,,,,,,,,,,,,,,,,,,,,,,,,,,,,,,,,,,,,,,,,,,,,,,,,,,,,,,,,,,,,,,,,,,,,,,,,,,,,,,,,,,,,,,,,,
1911,2,-53.39999999999998,42.2,,,,,,,,,,,,,,,,,,,,,,,,,,,,,,,,,4.6,9.3,12.3,8.93,49.0,3.86,12.0,0.5,0.77,4.74,8.7,5.04,49.0,4.65,12.0,0.5,-8.7,-4.74,3.48,-2.89,49.0,6.34,12.0,0.5,1004.54,1007.35,1023.13,1011.66,12.0,10.94,18.0,0.3,,,,,,,,,,,,,,,,,,,,,,,,,,,,,,,,,,,,,,,,,,,,,,,,,,,,,,,,,,,,,,,,,,,,,,,,,,,,,,,,,,,,,,,,,,,,,,,,,,,,,,,,,,,,,,,,,,,,,,,,
1911,2,-53.30000000000001,10.3,,,,,,,,,,,,,,,,,,,,,,,,,,,,,,,,,4.6,6.7,6.7,5.99,11.0,1.77,20.0,0.5,-4.74,-3.25,-2.51,-3.88,11.0,2.06,20.0,0.5,-6.21,-4.74,-2.67,-4.04,11.0,1.97,20.0,0.5,1011.49,1011.7,1012.1,1011.76,7.0,0.32,16.0,0.4,,,,,,,,,,,,,,,,,,,,,,,,,,,,,,,,,,,,,,,,,,,,,,,,,,,,,,,,,,,,,,,,,,,,,,,,,,,,,,,,,,,,,,,,,,,,,,,,,,,,,,,,,,,,,,,,,,,,,,,,
1911,2,-53.30000000000001,20.5,,,,,,,,,,,,,,,,,,,,,,,,,,,,,,,,,5.27,6.7,8.47,6.87,3.0,2.35,16.0,0.7,-2.33,-1.72,3.94,0.75,3.0,5.07,16.0,0.7,-5.84,-4.27,2.86,-1.56,3.0,6.79,16.0,0.7,1015.18,1016.2,1017.63,1016.4,3.0,1.81,14.0,1.0,,,,,,,,,,,,,,,,,,,,,,,,,,,,,,,,,,,,,,,,,,,,,,,,,,,,,,,,,,,,,,,,,,,,,,,,,,,,,,,,,,,,,,,,,,,,,,,,,,,,,,,,,,,,,,,,,,,,,,,,
1911,2,-53.30000000000001,24.3,,,,,,,,,,,,,,,,,,,,,,,,,,,,,,,,,1.0,2.6,8.6,4.18,9.0,3.8,14.0,0.3,-7.47,0.0,0.9,-2.13,9.0,4.21,14.0,0.3,-4.73,0.0,0.0,-1.32,9.0,3.05,14.0,0.3,1015.93,1017.7,1019.52,1017.58,5.0,2.35,16.0,0.0,,,,,,,,,,,,,,,,,,,,,,,,,,,,,,,,,,,,,,,,,,,,,,,,,,,,,,,,,,,,,,,,,,,,,,,,,,,,,,,,,,,,,,,,,,,,,,,,,,,,,,,,,,,,,,,,,,,,,,,,
1911,2,-53.30000000000001,26.3,,,,,,,,,,,,,,,,,,,,,,,,,,,,,,,,,2.02,6.7,7.65,5.26,5.0,3.38,20.0,0.2,-0.92,0.0,2.45,0.84,5.0,3.45,20.0,0.2,-7.34,-2.6,-0.63,-3.82,5.0,3.87,20.0,0.2,1016.75,1017.5,1018.25,1017.5,2.0,1.56,20.0,0.0,,,,,,,,,,,,,,,,,,,,,,,,,,,,,,,,,,,,,,,,,,,,,,,,,,,,,,,,,,,,,,,,,,,,,,,,,,,,,,,,,,,,,,,,,,,,,,,,,,,,,,,,,,,,,,,,,,,,,,,,
1911,2,-53.30000000000001,44.1,,,,,,,,,,,,,,,,,,,,,,,,,,,,,,,,,2.6,6.7,9.43,6.88,12.0,3.24,20.0,0.2,-0.46,2.45,6.67,2.14,12.0,3.85,20.0,0.2,-3.67,3.8,7.53,2.88,12.0,5.76,20.0,0.2,1005.7,1005.7,1005.7,1005.7,1.0,0.0,18.0,0.0,,,,,,,,,,,,,,,,,,,,,,,,,,,,,,,,,,,,,,,,,,,,,,,,,,,,,,,,,,,,,,,,,,,,,,,,,,,,,,,,,,,,,,,,,,,,,,,,,,,,,,,,,,,,,,,,,,,,,,,,
1911,2,-53.19999999999999,-41.3,,,,,,,,,,,,,,,,,,,,,,,,,,,,,,,,,7.94,9.3,10.87,9.4,4.0,2.29,18.0,0.5,1.19,3.0,4.07,2.65,4.0,1.96,18.0,0.5,7.36,8.96,10.4,8.88,4.0,2.14,18.0,0.5,1011.3,1011.3,1011.3,1011.3,1.0,0.0,22.0,0.0,,,,,,,,,,,,,,,,,,,,,,,,,,,,,,,,,,,,,,,,,,,,,,,,,,,,,,,,,,,,,,,,,,,,,,,,,,,,,,,,,,,,,,,,,,,,,,,,,,,,,,,,,,,,,,,,,,,,,,,,
1911,2,-53.19999999999999,28.2,,,,,,,,,,,,,,,,,,,,,,,,,,,,,,,,,4.6,8.0,12.3,7.97,14.0,3.57,20.0,0.6,-8.56,-0.92,2.62,-1.5,14.0,5.42,20.0,0.6,-8.7,-6.21,-0.22,-5.46,14.0,4.16,20.0,0.6,1017.76,1018.1,1018.44,1018.1,3.0,0.5,18.0,1.0,,,,,,,,,,,,,,,,,,,,,,,,,,,,,,,,,,,,,,,,,,,,,,,,,,,,,,,,,,,,,,,,,,,,,,,,,,,,,,,,,,,,,,,,,,,,,,,,,,,,,,,,,,,,,,,,,,,,,,,,
1911,2,-53.10000000000002,-33.6,,,,,,,,,,,,,,,,,,,,,,,,,,,,,,,,,2.6,4.6,8.77,5.07,59.0,2.81,12.0,0.4,-4.74,-1.84,0.64,-1.63,59.0,3.27,12.0,0.4,-3.25,0.0,5.87,0.93,59.0,4.45,12.0,0.4,1009.9,1013.7,1015.14,1012.85,19.0,3.9,12.0,0.4,,,,,,,,,,,,,,,,,,,,,,,,,,,,,,,,,,,,,,,,,,,,,,,,,,,,,,,,,,,,,,,,,,,,,,,,,,,,,,,,,,,,,,,,,,,,,,,,,,,,,,,,,,,,,,,,,,,,,,,,
1911,2,-51.69999999999999,8.7,,,,,,,,,,,,,,,,,,,,,,,,,,,,,,,,,2.6,2.6,2.6,2.6,1.0,0.0,20.0,0.0,-2.6,-2.6,-2.6,-2.6,1.0,0.0,20.0,0.0,0.0,0.0,0.0,0.0,1.0,0.0,20.0,0.0,1012.6,1012.6,1012.6,1012.6,1.0,0.0,20.0,0.0,,,,,,,,,,,,,,,,,,,,,,,,,,,,,,,,,,,,,,,,,,,,,,,,,,,,,,,,,,,,,,,,,,,,,,,,,,,,,,,,,,,,,,,,,,,,,,,,,,,,,,,,,,,,,,,,,,,,,,,,
1911,2,-51.60000000000002,-51.4,,,,,,,,,,,,,,,,,,,,,,,,,,,,,,,,,4.0,5.65,9.3,6.14,18.0,3.28,12.0,0.6,3.06,4.25,6.58,4.48,18.0,2.2,12.0,0.6,-4.74,0.0,5.29,0.63,18.0,4.92,12.0,0.6,1004.13,1008.45,1018.66,1010.51,14.0,8.29,14.0,0.5,,,,,,,,,,,,,,,,,,,,,,,,,,,,,,,,,,,,,,,,,,,,,,,,,,,,,,,,,,,,,,,,,,,,,,,,,,,,,,,,,,,,,,,,,,,,,,,,,,,,,,,,,,,,,,,,,,,,,,,,
1911,2,-51.60000000000002,-37.1,,,,,,,,,,,,,,,,,,,,,,,,,,,,,,,,,3.25,4.65,6.05,4.65,2.0,2.9,2.0,0.0,1.25,1.76,2.27,1.76,2.0,1.06,2.0,0.0,-5.61,-4.3,-3.0,-4.3,2.0,2.7,2.0,0.0,1014.81,1015.25,1015.69,1015.25,2.0,0.92,2.0,0.0,,,,,,,,,,,,,,,,,,,,,,,,,,,,,,,,,,,,,,,,,,,,,,,,,,,,,,,,,,,,,,,,,,,,,,,,,,,,,,,,,,,,,,,,,,,,,,,,,,,,,,,,,,,,,,,,,,,,,,,,
1911,2,-51.60000000000002,10.5,,,,,,,,,,,,,,,,,,,,,,,,,,,,,,,,,2.6,2.6,6.7,4.24,10.0,2.12,20.0,0.2,-4.94,-2.45,-1.84,-3.13,10.0,1.9,20.0,0.2,-4.34,-0.92,0.58,-1.59,10.0,2.67,20.0,0.2,1012.52,1013.15,1014.14,1013.26,8.0,0.75,18.0,0.3,,,,,,,,,,,,,,,,,,,,,,,,,,,,,,,,,,,,,,,,,,,,,,,,,,,,,,,,,,,,,,,,,,,,,,,,,,,,,,,,,,,,,,,,,,,,,,,,,,,,,,,,,,,,,,,,,,,,,,,,
1911,2,-51.5,-49.5,,,,,,,,,,,,,,,,,,,,,,,,,,,,,,,,,2.6,6.7,11.78,7.06,21.0,4.08,12.0,0.4,2.53,4.74,10.61,6.21,21.0,3.94,12.0,0.4,-1.52,0.0,2.6,0.73,21.0,3.53,12.0,0.4,1000.72,1008.7,1012.39,1007.83,21.0,5.35,12.0,0.4,,,,,,,,,,,,,,,,,,,,,,,,,,,,,,,,,,,,,,,,,,,,,,,,,,,,,,,,,,,,,,,,,,,,,,,,,,,,,,,,,,,,,,,,,,,,,,,,,,,,,,,,,,,,,,,,,,,,,,,,
1911,2,-51.5,6.4,,,,,,,,,,,,,,,,,,,,,,,,,,,,,,,,,4.6,4.6,5.37,5.02,5.0,0.94,24.0,0.4,-4.44,-3.25,-3.25,-3.75,5.0,0.7,24.0,0.4,-3.79,-3.25,-2.69,-3.24,5.0,1.07,24.0,0.4,1008.2,1008.2,1008.2,1008.2,1.0,0.0,10.0,0.0,,,,,,,,,,,,,,,,,,,,,,,,,,,,,,,,,,,,,,,,,,,,,,,,,,,,,,,,,,,,,,,,,,,,,,,,,,,,,,,,,,,,,,,,,,,,,,,,,,,,,,,,,,,,,,,,,,,,,,,,
1911,2,-51.5,30.5,,,,,,,,,,,,,,,,,,,,,,,,,,,,,,,,,1.0,5.65,9.8,5.63,16.0,3.97,12.0,0.6,-6.93,0.35,4.09,-0.27,16.0,4.71,12.0,0.6,-6.93,-1.21,2.28,-1.8,16.0,4.87,12.0,0.6,1014.38,1016.0,1017.67,1016.03,4.0,1.94,18.0,0.8,,,,,,,,,,,,,,,,,,,,,,,,,,,,,,,,,,,,,,,,,,,,,,,,,,,,,,,,,,,,,,,,,,,,,,,,,,,,,,,,,,,,,,,,,,,,,,,,,,,,,,,,,,,,,,,,,,,,,,,,
1911,2,-51.39999999999998,-33.2,,,,,,,,,,,,,,,,,,,,,,,,,,,,,,,,,2.6,4.6,6.7,4.41,149.0,2.72,14.0,0.4,-4.27,-1.84,0.97,-1.63,149.0,3.24,14.0,0.4,-2.6,0.0,4.6,0.93,149.0,3.6,14.0,0.4,1009.85,1014.3,1016.24,1013.59,44.0,3.87,14.0,0.6,,,,,,,,,,,,,,,,,,,,,,,,,,,,,,,,,,,,,,,,,,,,,,,,,,,,,,,,,,,,,,,,,,,,,,,,,,,,,,,,,,,,,,,,,,,,,,,,,,,,,,,,,,,,,,,,,,,,,,,,
1911,2,-51.39999999999998,4.6,,,,,,,,,,,,,,,,,,,,,,,,,,,,,,,,,5.27,6.7,6.7,6.0,3.0,1.21,10.0,1.0,-6.21,-6.21,-4.19,-5.23,3.0,1.71,10.0,1.0,-3.02,-2.51,-2.51,-2.76,3.0,0.43,10.0,1.0,1007.73,1009.3,1009.85,1008.8,3.0,1.61,10.0,1.0,,,,,,,,,,,,,,,,,,,,,,,,,,,,,,,,,,,,,,,,,,,,,,,,,,,,,,,,,,,,,,,,,,,,,,,,,,,,,,,,,,,,,,,,,,,,,,,,,,,,,,,,,,,,,,,,,,,,,,,,
1911,2,-51.39999999999998,12.4,,,,,,,,,,,,,,,,,,,,,,,,,,,,,,,,,2.6,3.6,7.36,4.6,12.0,2.8,12.0,0.8,-7.19,-2.55,-1.84,-3.93,12.0,2.97,12.0,0.8,-2.2,-1.84,0.67,-0.9,12.0,2.09,12.0,0.8,1012.52,1014.45,1016.13,1014.3,12.0,1.88,12.0,0.8,,,,,,,,,,,,,,,,,,,,,,,,,,,,,,,,,,,,,,,,,,,,,,,,,,,,,,,,,,,,,,,,,,,,,,,,,,,,,,,,,,,,,,,,,,,,,,,,,,,,,,,,,,,,,,,,,,,,,,,,
1911,2,-51.39999999999998,20.6,,,,,,,,,,,,,,,,,,,,,,,,,,,,,,,,,2.71,4.6,4.6,3.7,4.0,1.8,14.0,0.0,-0.6,1.98,3.25,1.35,4.0,2.42,14.0,0.0,1.92,3.25,3.77,2.86,4.0,1.51,14.0,0.0,1017.36,1018.25,1018.61,1018.0,4.0,0.98,14.0,0.0,,,,,,,,,,,,,,,,,,,,,,,,,,,,,,,,,,,,,,,,,,,,,,,,,,,,,,,,,,,,,,,,,,,,,,,,,,,,,,,,,,,,,,,,,,,,,,,,,,,,,,,,,,,,,,,,,,,,,,,,
1911,2,-51.39999999999998,38.5,,,,,,,,,,,,,,,,,,,,,,,,,,,,,,,,,6.7,9.3,12.3,9.65,22.0,4.16,16.0,0.5,-4.24,1.25,8.03,1.79,22.0,7.15,16.0,0.5,-5.55,4.0,10.45,2.7,22.0,7.27,16.0,0.5,1004.06,1019.65,1021.59,1015.17,6.0,8.84,12.0,0.7,,,,,,,,,,,,,,,,,,,,,,,,,,,,,,,,,,,,,,,,,,,,,,,,,,,,,,,,,,,,,,,,,,,,,,,,,,,,,,,,,,,,,,,,,,,,,,,,,,,,,,,,,,,,,,,,,,,,,,,,
1911,2,-51.39999999999998,40.4,,,,,,,,,,,,,,,,,,,,,,,,,,,,,,,,,4.02,6.7,12.3,8.03,100.0,4.38,16.0,0.6,-1.74,1.84,7.24,2.67,100.0,4.72,16.0,0.6,-8.7,-2.94,4.74,-1.43,100.0,7.27,16.0,0.6,1000.55,1010.8,1024.94,1011.33,24.0,11.44,12.0,0.5,,,,,,,,,,,,,,,,,,,,,,,,,,,,,,,,,,,,,,,,,,,,,,,,,,,,,,,,,,,,,,,,,,,,,,,,,,,,,,,,,,,,,,,,,,,,,,,,,,,,,,,,,,,,,,,,,,,,,,,,
1911,2,-51.39999999999998,42.2,,,,,,,,,,,,,,,,,,,,,,,,,,,,,,,,,4.6,6.7,12.3,8.12,62.0,4.06,12.0,0.5,0.0,2.51,6.62,3.02,62.0,3.95,12.0,0.5,-6.77,0.0,8.62,-0.21,62.0,7.66,12.0,0.5,1003.74,1005.8,1013.6,1007.81,15.0,7.74,18.0,0.7,,,,,,,,,,,,,,,,,,,,,,,,,,,,,,,,,,,,,,,,,,,,,,,,,,,,,,,,,,,,,,,,,,,,,,,,,,,,,,,,,,,,,,,,,,,,,,,,,,,,,,,,,,,,,,,,,,,,,,,,
1911,2,-51.39999999999998,44.3,,,,,,,,,,,,,,,,,,,,,,,,,,,,,,,,,4.6,6.7,12.3,7.36,19.0,3.67,18.0,0.5,2.6,4.6,8.72,5.19,19.0,3.77,18.0,0.5,-2.53,0.0,3.25,0.71,19.0,5.24,18.0,0.5,1017.3,1017.3,1017.3,1017.3,1.0,0.0,18.0,0.0,,,,,,,,,,,,,,,,,,,,,,,,,,,,,,,,,,,,,,,,,,,,,,,,,,,,,,,,,,,,,,,,,,,,,,,,,,,,,,,,,,,,,,,,,,,,,,,,,,,,,,,,,,,,,,,,,,,,,,,,
1911,2,-51.30000000000001,28.5,,,,,,,,,,,,,,,,,,,,,,,,,,,,,,,,,4.6,9.3,9.51,7.86,11.0,2.58,22.0,0.3,-6.72,-3.25,1.07,-2.99,11.0,5.52,22.0,0.3,-6.72,-6.21,-0.83,-4.1,11.0,3.99,22.0,0.3,1016.61,1018.55,1018.65,1017.68,4.0,1.85,18.0,0.0,,,,,,,,,,,,,,,,,,,,,,,,,,,,,,,,,,,,,,,,,,,,,,,,,,,,,,,,,,,,,,,,,,,,,,,,,,,,,,,,,,,,,,,,,,,,,,,,,,,,,,,,,,,,,,,,,,,,,,,,
1911,2,-51.30000000000001,36.5,,,,,,,,,,,,,,,,,,,,,,,,,,,,,,,,,8.48,12.3,12.3,10.43,3.0,3.23,8.0,1.0,2.76,8.7,8.7,5.8,3.0,5.02,8.0,1.0,-1.81,8.7,8.7,3.56,3.0,8.89,8.0,1.0,1020.14,1020.65,1021.16,1020.65,2.0,1.06,10.0,1.0,,,,,,,,,,,,,,,,,,,,,,,,,,,,,,,,,,,,,,,,,,,,,,,,,,,,,,,,,,,,,,,,,,,,,,,,,,,,,,,,,,,,,,,,,,,,,,,,,,,,,,,,,,,,,,,,,,,,,,,,
1911,2,-51.19999999999999,-47.7,,,,,,,,,,,,,,,,,,,,,,,,,,,,,,,,,2.6,2.6,2.6,2.6,1.0,0.0,10.0,1.0,2.6,2.6,2.6,2.6,1.0,0.0,10.0,1.0,0.0,0.0,0.0,0.0,1.0,0.0,10.0,1.0,1008.3,1008.3,1008.3,1008.3,1.0,0.0,10.0,1.0,,,,,,,,,,,,,,,,,,,,,,,,,,,,,,,,,,,,,,,,,,,,,,,,,,,,,,,,,,,,,,,,,,,,,,,,,,,,,,,,,,,,,,,,,,,,,,,,,,,,,,,,,,,,,,,,,,,,,,,,
1911,2,-51.19999999999999,-31.6,,,,,,,,,,,,,,,,,,,,,,,,,,,,,,,,,1.0,3.6,6.7,3.79,66.0,2.39,14.0,0.4,-4.74,-1.84,0.0,-2.16,66.0,2.55,14.0,0.4,-3.25,0.0,2.57,-0.54,66.0,2.97,14.0,0.4,1007.91,1014.7,1015.7,1012.86,39.0,3.96,14.0,0.3,,,,,,,,,,,,,,,,,,,,,,,,,,,,,,,,,,,,,,,,,,,,,,,,,,,,,,,,,,,,,,,,,,,,,,,,,,,,,,,,,,,,,,,,,,,,,,,,,,,,,,,,,,,,,,,,,,,,,,,,
1911,2,-51.19999999999999,24.0,,,,,,,,,,,,,,,,,,,,,,,,,,,,,,,,,4.6,4.6,4.6,4.6,2.0,0.0,12.0,1.0,4.6,4.6,4.6,4.6,2.0,0.0,12.0,1.0,0.0,0.0,0.0,0.0,2.0,0.0,12.0,1.0,1016.87,1017.45,1018.03,1017.45,2.0,1.2,12.0,1.0,,,,,,,,,,,,,,,,,,,,,,,,,,,,,,,,,,,,,,,,,,,,,,,,,,,,,,,,,,,,,,,,,,,,,,,,,,,,,,,,,,,,,,,,,,,,,,,,,,,,,,,,,,,,,,,,,,,,,,,,
1911,2,-51.19999999999999,26.2,,,,,,,,,,,,,,,,,,,,,,,,,,,,,,,,,4.6,8.0,12.3,8.18,12.0,3.97,18.0,0.5,-7.21,-5.45,0.0,-4.49,12.0,3.7,18.0,0.5,-9.7,-5.66,-0.75,-5.5,12.0,4.5,18.0,0.5,1011.71,1014.1,1014.99,1013.37,3.0,2.48,20.0,1.0,,,,,,,,,,,,,,,,,,,,,,,,,,,,,,,,,,,,,,,,,,,,,,,,,,,,,,,,,,,,,,,,,,,,,,,,,,,,,,,,,,,,,,,,,,,,,,,,,,,,,,,,,,,,,,,,,,,,,,,,
1911,2,-49.69999999999999,-35.7,,,,,,,,,,,,,,,,,,,,,,,,,,,,,,,,,6.7,6.7,6.7,6.7,1.0,0.0,2.0,0.0,-4.74,-4.74,-4.74,-4.74,1.0,0.0,2.0,0.0,-4.74,-4.74,-4.74,-4.74,1.0,0.0,2.0,0.0,1016.8,1016.8,1016.8,1016.8,1.0,0.0,2.0,0.0,,,,,,,,,,,,,,,,,,,,,,,,,,,,,,,,,,,,,,,,,,,,,,,,,,,,,,,,,,,,,,,,,,,,,,,,,,,,,,,,,,,,,,,,,,,,,,,,,,,,,,,,,,,,,,,,,,,,,,,,
1911,2,-49.69999999999999,12.7,,,,,,,,,,,,,,,,,,,,,,,,,,,,,,,,,2.27,6.7,7.24,5.5,6.0,3.08,18.0,0.2,-5.68,-4.74,-1.6,-4.34,6.0,2.98,18.0,0.2,-0.94,2.37,4.74,1.94,6.0,3.12,18.0,0.2,1012.68,1013.3,1014.3,1013.47,6.0,0.91,18.0,0.2,,,,,,,,,,,,,,,,,,,,,,,,,,,,,,,,,,,,,,,,,,,,,,,,,,,,,,,,,,,,,,,,,,,,,,,,,,,,,,,,,,,,,,,,,,,,,,,,,,,,,,,,,,,,,,,,,,,,,,,,
1911,2,-49.60000000000002,-51.2,,,,,,,,,,,,,,,,,,,,,,,,,,,,,,,,,4.19,8.0,9.92,7.47,6.0,3.54,16.0,0.7,-0.21,1.74,4.36,1.91,6.0,2.52,16.0,0.7,-9.92,-6.68,-1.54,-5.94,6.0,5.13,16.0,0.7,1008.87,1009.25,1009.63,1009.25,2.0,0.78,24.0,1.0,,,,,,,,,,,,,,,,,,,,,,,,,,,,,,,,,,,,,,,,,,,,,,,,,,,,,,,,,,,,,,,,,,,,,,,,,,,,,,,,,,,,,,,,,,,,,,,,,,,,,,,,,,,,,,,,,,,,,,,,
1911,2,-49.5,-49.4,,,,,,,,,,,,,,,,,,,,,,,,,,,,,,,,,2.6,6.7,9.3,6.41,26.0,3.63,12.0,0.5,2.38,4.25,6.76,4.75,26.0,3.17,12.0,0.5,-6.22,-0.71,4.74,-0.46,26.0,4.71,12.0,0.5,998.33,1006.2,1010.26,1005.13,25.0,6.07,12.0,0.5,,,,,,,,,,,,,,,,,,,,,,,,,,,,,,,,,,,,,,,,,,,,,,,,,,,,,,,,,,,,,,,,,,,,,,,,,,,,,,,,,,,,,,,,,,,,,,,,,,,,,,,,,,,,,,,,,,,,,,,,
1911,2,-49.5,4.5,,,,,,,,,,,,,,,,,,,,,,,,,,,,,,,,,4.6,6.7,6.7,5.86,5.0,1.15,22.0,0.2,-4.74,-4.74,-3.25,-4.14,5.0,0.81,22.0,0.2,-4.74,-4.74,-3.25,-4.14,5.0,0.81,22.0,0.2,1006.2,1006.2,1006.2,1006.2,1.0,0.0,10.0,0.0,,,,,,,,,,,,,,,,,,,,,,,,,,,,,,,,,,,,,,,,,,,,,,,,,,,,,,,,,,,,,,,,,,,,,,,,,,,,,,,,,,,,,,,,,,,,,,,,,,,,,,,,,,,,,,,,,,,,,,,,
1911,2,-49.5,20.5,,,,,,,,,,,,,,,,,,,,,,,,,,,,,,,,,1.0,1.0,1.0,1.0,1.0,0.0,12.0,1.0,0.71,0.71,0.71,0.71,1.0,0.0,12.0,1.0,0.71,0.71,0.71,0.71,1.0,0.0,12.0,1.0,1017.9,1017.9,1017.9,1017.9,1.0,0.0,12.0,1.0,,,,,,,,,,,,,,,,,,,,,,,,,,,,,,,,,,,,,,,,,,,,,,,,,,,,,,,,,,,,,,,,,,,,,,,,,,,,,,,,,,,,,,,,,,,,,,,,,,,,,,,,,,,,,,,,,,,,,,,,
1911,2,-49.5,22.4,,,,,,,,,,,,,,,,,,,,,,,,,,,,,,,,,4.6,5.65,9.63,7.05,4.0,3.64,16.0,0.8,-0.55,2.49,6.11,2.76,4.0,4.67,16.0,0.8,-6.59,-0.51,4.78,-0.89,4.0,6.81,16.0,0.8,1017.84,1018.15,1018.46,1018.15,2.0,0.64,12.0,1.0,,,,,,,,,,,,,,,,,,,,,,,,,,,,,,,,,,,,,,,,,,,,,,,,,,,,,,,,,,,,,,,,,,,,,,,,,,,,,,,,,,,,,,,,,,,,,,,,,,,,,,,,,,,,,,,,,,,,,,,,
1911,2,-49.5,26.5,,,,,,,,,,,,,,,,,,,,,,,,,,,,,,,,,2.82,6.7,6.7,5.21,8.0,2.27,16.0,0.4,-6.01,-1.31,0.0,-2.37,8.0,2.95,16.0,0.4,-6.01,-1.95,2.62,-1.71,8.0,4.21,16.0,0.4,1008.16,1008.5,1008.84,1008.5,2.0,0.71,20.0,0.0,,,,,,,,,,,,,,,,,,,,,,,,,,,,,,,,,,,,,,,,,,,,,,,,,,,,,,,,,,,,,,,,,,,,,,,,,,,,,,,,,,,,,,,,,,,,,,,,,,,,,,,,,,,,,,,,,,,,,,,,
1911,2,-49.5,36.4,,,,,,,,,,,,,,,,,,,,,,,,,,,,,,,,,4.73,8.0,12.3,8.59,14.0,4.17,16.0,0.4,-0.46,4.67,8.56,3.92,14.0,4.53,16.0,0.4,-8.44,-0.35,8.45,-0.39,14.0,7.72,16.0,0.4,1019.19,1019.6,1020.01,1019.6,2.0,0.85,10.0,0.0,,,,,,,,,,,,,,,,,,,,,,,,,,,,,,,,,,,,,,,,,,,,,,,,,,,,,,,,,,,,,,,,,,,,,,,,,,,,,,,,,,,,,,,,,,,,,,,,,,,,,,,,,,,,,,,,,,,,,,,,
1911,2,-49.39999999999998,-47.7,,,,,,,,,,,,,,,,,,,,,,,,,,,,,,,,,2.19,6.7,9.3,6.39,12.0,3.98,14.0,0.4,1.63,4.19,5.97,3.86,12.0,2.04,14.0,0.4,-4.74,0.0,6.78,1.11,12.0,6.22,14.0,0.4,1001.72,1004.7,1008.02,1004.77,11.0,3.58,14.0,0.4,,,,,,,,,,,,,,,,,,,,,,,,,,,,,,,,,,,,,,,,,,,,,,,,,,,,,,,,,,,,,,,,,,,,,,,,,,,,,,,,,,,,,,,,,,,,,,,,,,,,,,,,,,,,,,,,,,,,,,,,
1911,2,-49.39999999999998,-31.3,,,,,,,,,,,,,,,,,,,,,,,,,,,,,,,,,1.93,4.6,6.7,4.63,137.0,2.82,14.0,0.5,-4.74,-2.6,0.0,-2.55,137.0,2.65,14.0,0.5,-4.74,-0.39,2.51,-1.18,137.0,3.82,14.0,0.5,1009.26,1015.2,1016.11,1013.56,51.0,3.49,14.0,0.5,,,,,,,,,,,,,,,,,,,,,,,,,,,,,,,,,,,,,,,,,,,,,,,,,,,,,,,,,,,,,,,,,,,,,,,,,,,,,,,,,,,,,,,,,,,,,,,,,,,,,,,,,,,,,,,,,,,,,,,,
1911,2,-49.39999999999998,14.4,,,,,,,,,,,,,,,,,,,,,,,,,,,,,,,,,1.0,4.6,7.36,4.84,12.0,3.01,16.0,0.5,-7.36,-3.25,-0.71,-4.2,12.0,3.16,16.0,0.5,-3.25,-0.71,0.0,-0.75,12.0,2.18,16.0,0.5,1012.85,1014.2,1015.45,1014.15,12.0,1.19,16.0,0.5,,,,,,,,,,,,,,,,,,,,,,,,,,,,,,,,,,,,,,,,,,,,,,,,,,,,,,,,,,,,,,,,,,,,,,,,,,,,,,,,,,,,,,,,,,,,,,,,,,,,,,,,,,,,,,,,,,,,,,,,
1911,2,-49.39999999999998,40.4,,,,,,,,,,,,,,,,,,,,,,,,,,,,,,,,,4.21,8.0,12.9,8.92,88.0,5.86,16.0,0.5,0.0,4.61,8.7,4.26,88.0,4.94,16.0,0.5,-6.58,-1.02,8.81,1.04,88.0,8.43,16.0,0.5,1002.0,1009.0,1019.3,1011.84,21.0,10.92,10.0,0.5,,,,,,,,,,,,,,,,,,,,,,,,,,,,,,,,,,,,,,,,,,,,,,,,,,,,,,,,,,,,,,,,,,,,,,,,,,,,,,,,,,,,,,,,,,,,,,,,,,,,,,,,,,,,,,,,,,,,,,,,
1911,2,-49.39999999999998,42.3,,,,,,,,,,,,,,,,,,,,,,,,,,,,,,,,,4.6,6.7,12.3,8.4,73.0,4.61,14.0,0.4,0.0,2.51,8.6,3.47,73.0,5.07,14.0,0.4,-6.58,0.0,6.47,-0.81,73.0,7.35,14.0,0.4,1000.56,1012.0,1018.77,1009.56,16.0,9.59,18.0,0.3,,,,,,,,,,,,,,,,,,,,,,,,,,,,,,,,,,,,,,,,,,,,,,,,,,,,,,,,,,,,,,,,,,,,,,,,,,,,,,,,,,,,,,,,,,,,,,,,,,,,,,,,,,,,,,,,,,,,,,,,
1911,2,-49.30000000000001,-29.5,,,,,,,,,,,,,,,,,,,,,,,,,,,,,,,,,2.42,4.6,6.7,4.39,57.0,2.37,14.0,0.4,-4.32,-1.8,0.04,-1.82,57.0,2.66,14.0,0.4,-4.6,-0.97,3.25,-0.58,57.0,3.8,14.0,0.4,1009.05,1015.5,1016.01,1013.6,32.0,4.0,14.0,0.5,,,,,,,,,,,,,,,,,,,,,,,,,,,,,,,,,,,,,,,,,,,,,,,,,,,,,,,,,,,,,,,,,,,,,,,,,,,,,,,,,,,,,,,,,,,,,,,,,,,,,,,,,,,,,,,,,,,,,,,,
1911,2,-49.30000000000001,10.6,,,,,,,,,,,,,,,,,,,,,,,,,,,,,,,,,6.7,6.7,6.7,6.7,1.0,0.0,2.0,1.0,-6.7,-6.7,-6.7,-6.7,1.0,0.0,2.0,1.0,0.0,0.0,0.0,0.0,1.0,0.0,2.0,1.0,1015.2,1015.2,1015.2,1015.2,1.0,0.0,2.0,1.0,,,,,,,,,,,,,,,,,,,,,,,,,,,,,,,,,,,,,,,,,,,,,,,,,,,,,,,,,,,,,,,,,,,,,,,,,,,,,,,,,,,,,,,,,,,,,,,,,,,,,,,,,,,,,,,,,,,,,,,,
1911,2,-49.30000000000001,30.3,,,,,,,,,,,,,,,,,,,,,,,,,,,,,,,,,4.6,6.7,12.3,7.84,16.0,3.62,16.0,0.6,-4.74,-1.35,8.6,0.29,16.0,7.23,16.0,0.6,-5.65,-3.87,-1.75,-3.79,16.0,3.32,16.0,0.6,1009.37,1010.6,1017.6,1013.14,7.0,4.25,18.0,0.4,,,,,,,,,,,,,,,,,,,,,,,,,,,,,,,,,,,,,,,,,,,,,,,,,,,,,,,,,,,,,,,,,,,,,,,,,,,,,,,,,,,,,,,,,,,,,,,,,,,,,,,,,,,,,,,,,,,,,,,,
1911,2,-49.30000000000001,38.3,,,,,,,,,,,,,,,,,,,,,,,,,,,,,,,,,4.6,8.0,12.79,8.95,10.0,4.83,12.0,0.4,0.0,2.12,7.29,3.18,10.0,5.34,12.0,0.4,-5.58,0.9,7.89,2.01,10.0,8.25,12.0,0.4,1016.45,1017.0,1017.68,1017.07,3.0,0.9,6.0,0.0,,,,,,,,,,,,,,,,,,,,,,,,,,,,,,,,,,,,,,,,,,,,,,,,,,,,,,,,,,,,,,,,,,,,,,,,,,,,,,,,,,,,,,,,,,,,,,,,,,,,,,,,,,,,,,,,,,,,,,,,
1911,2,-49.19999999999999,2.8,,,,,,,,,,,,,,,,,,,,,,,,,,,,,,,,,4.6,4.6,4.6,4.6,1.0,0.0,10.0,0.0,-3.25,-3.25,-3.25,-3.25,1.0,0.0,10.0,0.0,-3.25,-3.25,-3.25,-3.25,1.0,0.0,10.0,0.0,1010.4,1010.4,1010.4,1010.4,1.0,0.0,10.0,0.0,,,,,,,,,,,,,,,,,,,,,,,,,,,,,,,,,,,,,,,,,,,,,,,,,,,,,,,,,,,,,,,,,,,,,,,,,,,,,,,,,,,,,,,,,,,,,,,,,,,,,,,,,,,,,,,,,,,,,,,,
1911,2,-49.19999999999999,16.3,,,,,,,,,,,,,,,,,,,,,,,,,,,,,,,,,2.6,2.6,2.6,2.6,1.0,0.0,16.0,1.0,-1.84,-1.84,-1.84,-1.84,1.0,0.0,16.0,1.0,-1.84,-1.84,-1.84,-1.84,1.0,0.0,16.0,1.0,1013.5,1013.5,1013.5,1013.5,1.0,0.0,16.0,1.0,,,,,,,,,,,,,,,,,,,,,,,,,,,,,,,,,,,,,,,,,,,,,,,,,,,,,,,,,,,,,,,,,,,,,,,,,,,,,,,,,,,,,,,,,,,,,,,,,,,,,,,,,,,,,,,,,,,,,,,,
1911,2,-49.19999999999999,24.3,,,,,,,,,,,,,,,,,,,,,,,,,,,,,,,,,3.23,4.6,6.03,4.63,3.0,2.05,18.0,0.3,-4.21,0.0,0.66,-1.73,3.0,3.87,18.0,0.3,2.48,2.62,3.97,3.21,3.0,1.21,18.0,0.3,1017.86,1018.2,1018.54,1018.2,2.0,0.71,12.0,0.5,,,,,,,,,,,,,,,,,,,,,,,,,,,,,,,,,,,,,,,,,,,,,,,,,,,,,,,,,,,,,,,,,,,,,,,,,,,,,,,,,,,,,,,,,,,,,,,,,,,,,,,,,,,,,,,,,,,,,,,,
1911,2,-49.19999999999999,32.1,,,,,,,,,,,,,,,,,,,,,,,,,,,,,,,,,2.82,5.65,9.3,5.8,8.0,3.47,16.0,0.5,-2.89,0.0,3.1,0.39,8.0,3.16,16.0,0.5,-2.89,2.61,9.22,3.24,8.0,5.32,16.0,0.5,1017.0,1017.0,1017.0,1017.0,1.0,0.0,26.0,1.0,,,,,,,,,,,,,,,,,,,,,,,,,,,,,,,,,,,,,,,,,,,,,,,,,,,,,,,,,,,,,,,,,,,,,,,,,,,,,,,,,,,,,,,,,,,,,,,,,,,,,,,,,,,,,,,,,,,,,,,,
1911,2,-49.10000000000002,-27.4,,,,,,,,,,,,,,,,,,,,,,,,,,,,,,,,,3.55,4.6,4.6,4.1,4.0,1.0,14.0,0.5,-1.7,0.0,1.7,0.0,4.0,2.66,14.0,0.5,2.91,3.25,3.96,3.43,4.0,0.84,14.0,0.5,1014.9,1014.9,1014.9,1014.9,1.0,0.0,18.0,0.0,,,,,,,,,,,,,,,,,,,,,,,,,,,,,,,,,,,,,,,,,,,,,,,,,,,,,,,,,,,,,,,,,,,,,,,,,,,,,,,,,,,,,,,,,,,,,,,,,,,,,,,,,,,,,,,,,,,,,,,,
1911,2,-49.10000000000002,28.1,,,,,,,,,,,,,,,,,,,,,,,,,,,,,,,,,3.66,5.95,8.24,5.95,2.0,4.74,16.0,0.5,0.58,1.82,3.06,1.82,2.0,2.57,16.0,0.5,-6.79,-2.98,0.83,-2.98,2.0,7.89,16.0,0.5,1010.8,1010.8,1010.8,1010.8,1.0,0.0,20.0,0.0,,,,,,,,,,,,,,,,,,,,,,,,,,,,,,,,,,,,,,,,,,,,,,,,,,,,,,,,,,,,,,,,,,,,,,,,,,,,,,,,,,,,,,,,,,,,,,,,,,,,,,,,,,,,,,,,,,,,,,,,
1911,2,-49.0,-1.0,,,,,,,,,,,,,,,,,,,,,,,,,,,,,,,,,2.92,3.6,4.28,3.6,2.0,1.41,10.0,0.5,-1.61,-1.37,-1.13,-1.37,2.0,0.5,10.0,0.5,-3.21,-0.94,1.34,-0.94,2.0,4.71,10.0,0.5,1008.91,1009.35,1009.79,1009.35,2.0,0.92,10.0,0.5,,,,,,,,,,,,,,,,,,,,,,,,,,,,,,,,,,,,,,,,,,,,,,,,,,,,,,,,,,,,,,,,,,,,,,,,,,,,,,,,,,,,,,,,,,,,,,,,,,,,,,,,,,,,,,,,,,,,,,,,
1911,2,-49.0,46.0,,,,,,,,,,,,,,,,,,,,,,,,,,,,,,,,,12.3,12.3,12.3,12.3,2.0,0.0,12.0,0.0,11.55,11.85,12.16,11.85,2.0,0.63,12.0,0.0,-3.88,-2.3,-0.73,-2.3,2.0,3.26,12.0,0.0,1009.6,1009.6,1009.6,1009.6,1.0,0.0,18.0,0.0,,,,,,,,,,,,,,,,,,,,,,,,,,,,,,,,,,,,,,,,,,,,,,,,,,,,,,,,,,,,,,,,,,,,,,,,,,,,,,,,,,,,,,,,,,,,,,,,,,,,,,,,,,,,,,,,,,,,,,,,
1911,2,-47.69999999999999,14.8,,,,,,,,,,,,,,,,,,,,,,,,,,,,,,,,,3.71,6.7,8.06,5.93,4.0,3.5,16.0,1.0,-7.71,-6.7,-3.56,-5.68,4.0,3.44,16.0,1.0,-2.16,-0.35,0.0,-1.05,4.0,1.66,16.0,1.0,1013.93,1015.7,1016.31,1015.15,4.0,1.77,16.0,1.0,,,,,,,,,,,,,,,,,,,,,,,,,,,,,,,,,,,,,,,,,,,,,,,,,,,,,,,,,,,,,,,,,,,,,,,,,,,,,,,,,,,,,,,,,,,,,,,,,,,,,,,,,,,,,,,,,,,,,,,,
1911,2,-47.60000000000002,-49.4,,,,,,,,,,,,,,,,,,,,,,,,,,,,,,,,,4.26,9.3,15.4,9.36,13.0,5.1,14.0,0.5,1.0,4.74,6.78,4.49,13.0,2.74,14.0,0.5,-11.68,0.0,8.7,-0.96,13.0,9.52,14.0,0.5,1002.05,1006.3,1007.66,1005.43,8.0,2.7,16.0,0.6,,,,,,,,,,,,,,,,,,,,,,,,,,,,,,,,,,,,,,,,,,,,,,,,,,,,,,,,,,,,,,,,,,,,,,,,,,,,,,,,,,,,,,,,,,,,,,,,,,,,,,,,,,,,,,,,,,,,,,,,
1911,2,-47.5,-47.5,,,,,,,,,,,,,,,,,,,,,,,,,,,,,,,,,2.6,8.0,12.3,7.85,30.0,4.57,16.0,0.6,1.49,5.77,7.44,4.87,30.0,3.19,16.0,0.6,-6.58,1.42,6.33,1.08,30.0,6.98,16.0,0.6,999.4,1002.5,1009.3,1003.6,23.0,5.66,14.0,0.7,,,,,,,,,,,,,,,,,,,,,,,,,,,,,,,,,,,,,,,,,,,,,,,,,,,,,,,,,,,,,,,,,,,,,,,,,,,,,,,,,,,,,,,,,,,,,,,,,,,,,,,,,,,,,,,,,,,,,,,,
1911,2,-47.5,-31.2,,,,,,,,,,,,,,,,,,,,,,,,,,,,,,,,,2.63,4.6,9.26,5.63,20.0,2.78,12.0,0.5,-4.26,-2.94,0.0,-2.22,20.0,2.57,12.0,0.5,-8.53,-2.12,1.7,-3.04,20.0,4.42,12.0,0.5,1003.74,1004.2,1008.7,1006.22,10.0,3.64,4.0,0.6,,,,,,,,,,,,,,,,,,,,,,,,,,,,,,,,,,,,,,,,,,,,,,,,,,,,,,,,,,,,,,,,,,,,,,,,,,,,,,,,,,,,,,,,,,,,,,,,,,,,,,,,,,,,,,,,,,,,,,,,
1911,2,-47.5,-1.0,,,,,,,,,,,,,,,,,,,,,,,,,,,,,,,,,3.55,4.6,5.7,4.63,4.0,1.67,6.0,0.3,-4.67,-3.6,-2.14,-3.42,4.0,1.49,6.0,0.3,-4.51,-2.13,0.0,-2.25,4.0,2.61,6.0,0.3,1008.69,1009.3,1009.98,1009.33,3.0,0.95,8.0,0.3,,,,,,,,,,,,,,,,,,,,,,,,,,,,,,,,,,,,,,,,,,,,,,,,,,,,,,,,,,,,,,,,,,,,,,,,,,,,,,,,,,,,,,,,,,,,,,,,,,,,,,,,,,,,,,,,,,,,,,,,
1911,2,-47.5,2.6,,,,,,,,,,,,,,,,,,,,,,,,,,,,,,,,,4.6,4.6,6.7,5.44,5.0,1.15,18.0,0.8,-4.74,-3.25,-3.25,-3.85,5.0,0.81,18.0,0.8,-4.74,-3.25,-3.25,-3.85,5.0,0.81,18.0,0.8,1009.83,1010.75,1011.67,1010.75,2.0,1.91,8.0,0.5,,,,,,,,,,,,,,,,,,,,,,,,,,,,,,,,,,,,,,,,,,,,,,,,,,,,,,,,,,,,,,,,,,,,,,,,,,,,,,,,,,,,,,,,,,,,,,,,,,,,,,,,,,,,,,,,,,,,,,,,
1911,2,-47.5,16.4,,,,,,,,,,,,,,,,,,,,,,,,,,,,,,,,,4.6,4.6,6.13,4.67,9.0,1.65,14.0,0.1,-4.7,-3.25,-3.25,-3.61,9.0,1.5,14.0,0.1,-3.25,-3.25,-0.19,-1.97,9.0,2.43,14.0,0.1,1013.25,1015.1,1015.9,1014.87,9.0,1.63,14.0,0.1,,,,,,,,,,,,,,,,,,,,,,,,,,,,,,,,,,,,,,,,,,,,,,,,,,,,,,,,,,,,,,,,,,,,,,,,,,,,,,,,,,,,,,,,,,,,,,,,,,,,,,,,,,,,,,,,,,,,,,,,
1911,2,-47.5,36.6,,,,,,,,,,,,,,,,,,,,,,,,,,,,,,,,,9.3,10.8,15.4,11.64,8.0,3.46,14.0,0.4,0.4,5.38,6.51,3.71,8.0,4.68,14.0,0.4,-9.22,5.66,13.57,2.04,8.0,11.15,14.0,0.4,1016.59,1017.0,1017.41,1017.0,2.0,0.85,12.0,0.5,,,,,,,,,,,,,,,,,,,,,,,,,,,,,,,,,,,,,,,,,,,,,,,,,,,,,,,,,,,,,,,,,,,,,,,,,,,,,,,,,,,,,,,,,,,,,,,,,,,,,,,,,,,,,,,,,,,,,,,,
1911,2,-47.39999999999998,-29.3,,,,,,,,,,,,,,,,,,,,,,,,,,,,,,,,,2.6,4.6,9.3,5.6,119.0,2.77,14.0,0.6,-6.21,-2.6,0.0,-2.57,119.0,3.36,14.0,0.6,-6.58,0.0,3.94,-0.73,119.0,4.57,14.0,0.6,1011.93,1014.4,1016.27,1013.84,33.0,2.27,14.0,0.4,,,,,,,,,,,,,,,,,,,,,,,,,,,,,,,,,,,,,,,,,,,,,,,,,,,,,,,,,,,,,,,,,,,,,,,,,,,,,,,,,,,,,,,,,,,,,,,,,,,,,,,,,,,,,,,,,,,,,,,,
1911,2,-47.39999999999998,0.4,,,,,,,,,,,,,,,,,,,,,,,,,,,,,,,,,4.6,4.6,5.8,5.02,10.0,0.89,10.0,0.5,-5.35,-4.23,-3.25,-4.14,10.0,1.44,10.0,0.5,-3.25,-1.72,1.8,-1.12,10.0,2.5,10.0,0.5,1010.08,1010.6,1011.69,1010.87,6.0,1.11,12.0,0.7,,,,,,,,,,,,,,,,,,,,,,,,,,,,,,,,,,,,,,,,,,,,,,,,,,,,,,,,,,,,,,,,,,,,,,,,,,,,,,,,,,,,,,,,,,,,,,,,,,,,,,,,,,,,,,,,,,,,,,,,
1911,2,-47.39999999999998,30.5,,,,,,,,,,,,,,,,,,,,,,,,,,,,,,,,,3.14,6.7,9.3,6.71,9.0,2.85,14.0,0.1,-3.48,0.0,3.25,0.11,9.0,3.88,14.0,0.1,-7.96,0.0,6.48,0.07,9.0,6.61,14.0,0.1,1012.61,1018.0,1018.61,1015.67,3.0,4.84,14.0,0.0,,,,,,,,,,,,,,,,,,,,,,,,,,,,,,,,,,,,,,,,,,,,,,,,,,,,,,,,,,,,,,,,,,,,,,,,,,,,,,,,,,,,,,,,,,,,,,,,,,,,,,,,,,,,,,,,,,,,,,,,
1911,2,-47.39999999999998,40.5,,,,,,,,,,,,,,,,,,,,,,,,,,,,,,,,,4.6,6.7,12.3,8.29,78.0,4.47,16.0,0.5,0.0,3.95,8.56,3.88,78.0,4.63,16.0,0.5,-6.67,0.0,8.61,0.57,78.0,7.25,16.0,0.5,1003.78,1006.0,1013.14,1009.58,19.0,9.78,12.0,0.4,,,,,,,,,,,,,,,,,,,,,,,,,,,,,,,,,,,,,,,,,,,,,,,,,,,,,,,,,,,,,,,,,,,,,,,,,,,,,,,,,,,,,,,,,,,,,,,,,,,,,,,,,,,,,,,,,,,,,,,,
1911,2,-47.39999999999998,42.3,,,,,,,,,,,,,,,,,,,,,,,,,,,,,,,,,4.6,12.3,19.0,11.74,76.0,6.72,14.0,0.5,0.0,5.49,11.49,5.48,76.0,6.35,14.0,0.5,-8.63,-3.37,6.26,-1.6,76.0,10.56,14.0,0.5,995.97,1012.0,1017.2,1010.04,17.0,9.22,20.0,0.5,,,,,,,,,,,,,,,,,,,,,,,,,,,,,,,,,,,,,,,,,,,,,,,,,,,,,,,,,,,,,,,,,,,,,,,,,,,,,,,,,,,,,,,,,,,,,,,,,,,,,,,,,,,,,,,,,,,,,,,,
1911,2,-47.30000000000001,-27.5,,,,,,,,,,,,,,,,,,,,,,,,,,,,,,,,,2.6,4.6,6.7,4.91,57.0,2.41,16.0,0.6,-4.74,-2.51,0.0,-2.44,57.0,2.65,16.0,0.6,-4.6,0.0,4.74,-0.01,57.0,4.15,16.0,0.6,1013.38,1014.9,1015.81,1014.72,32.0,1.65,16.0,0.6,,,,,,,,,,,,,,,,,,,,,,,,,,,,,,,,,,,,,,,,,,,,,,,,,,,,,,,,,,,,,,,,,,,,,,,,,,,,,,,,,,,,,,,,,,,,,,,,,,,,,,,,,,,,,,,,,,,,,,,,
1911,2,-47.30000000000001,-25.4,,,,,,,,,,,,,,,,,,,,,,,,,,,,,,,,,2.6,2.6,6.7,3.64,20.0,2.13,12.0,0.1,-4.71,-1.41,0.0,-1.41,20.0,2.73,12.0,0.1,-2.51,-1.82,1.81,-0.88,20.0,2.84,12.0,0.1,1012.08,1013.2,1014.68,1013.28,11.0,1.31,14.0,0.1,,,,,,,,,,,,,,,,,,,,,,,,,,,,,,,,,,,,,,,,,,,,,,,,,,,,,,,,,,,,,,,,,,,,,,,,,,,,,,,,,,,,,,,,,,,,,,,,,,,,,,,,,,,,,,,,,,,,,,,,
1911,2,-47.30000000000001,28.3,,,,,,,,,,,,,,,,,,,,,,,,,,,,,,,,,3.14,4.6,6.7,4.97,9.0,2.42,12.0,0.8,0.0,1.8,4.34,2.1,9.0,2.34,12.0,0.8,-6.08,-2.6,4.23,-1.12,9.0,4.67,12.0,0.8,1011.24,1012.2,1012.47,1011.87,3.0,0.95,20.0,1.0,,,,,,,,,,,,,,,,,,,,,,,,,,,,,,,,,,,,,,,,,,,,,,,,,,,,,,,,,,,,,,,,,,,,,,,,,,,,,,,,,,,,,,,,,,,,,,,,,,,,,,,,,,,,,,,,,,,,,,,,
1911,2,-47.30000000000001,38.5,,,,,,,,,,,,,,,,,,,,,,,,,,,,,,,,,3.68,12.3,15.4,10.18,17.0,5.67,14.0,0.6,-5.07,1.72,9.71,1.84,17.0,7.5,14.0,0.6,-7.62,1.84,11.13,0.93,17.0,9.03,14.0,0.6,1010.11,1013.9,1014.91,1012.58,4.0,3.56,6.0,0.8,,,,,,,,,,,,,,,,,,,,,,,,,,,,,,,,,,,,,,,,,,,,,,,,,,,,,,,,,,,,,,,,,,,,,,,,,,,,,,,,,,,,,,,,,,,,,,,,,,,,,,,,,,,,,,,,,,,,,,,,
1911,2,-47.30000000000001,44.4,,,,,,,,,,,,,,,,,,,,,,,,,,,,,,,,,4.41,6.7,12.3,7.35,13.0,4.06,14.0,0.4,0.0,3.48,7.14,4.51,13.0,4.32,14.0,0.4,-4.74,1.02,6.59,0.4,13.0,5.85,14.0,0.4,1014.8,1014.8,1014.8,1014.8,1.0,0.0,10.0,0.0,,,,,,,,,,,,,,,,,,,,,,,,,,,,,,,,,,,,,,,,,,,,,,,,,,,,,,,,,,,,,,,,,,,,,,,,,,,,,,,,,,,,,,,,,,,,,,,,,,,,,,,,,,,,,,,,,,,,,,,,
1911,2,-47.19999999999999,-45.7,,,,,,,,,,,,,,,,,,,,,,,,,,,,,,,,,3.55,5.65,11.26,7.33,4.0,5.64,18.0,0.3,1.71,2.88,8.98,5.23,4.0,6.04,18.0,0.3,-6.12,-4.63,-2.81,-4.47,4.0,1.93,18.0,0.3,992.29,1005.05,1014.25,1003.35,4.0,12.9,18.0,0.3,,,,,,,,,,,,,,,,,,,,,,,,,,,,,,,,,,,,,,,,,,,,,,,,,,,,,,,,,,,,,,,,,,,,,,,,,,,,,,,,,,,,,,,,,,,,,,,,,,,,,,,,,,,,,,,,,,,,,,,,
1911,2,-47.19999999999999,18.4,,,,,,,,,,,,,,,,,,,,,,,,,,,,,,,,,4.6,4.6,5.7,5.13,4.0,1.05,12.0,0.8,-5.29,-4.27,-3.73,-4.5,4.0,1.24,12.0,0.8,-2.9,-2.12,-1.72,-2.3,4.0,0.73,12.0,0.8,1015.38,1015.85,1016.06,1015.73,4.0,0.51,12.0,0.8,,,,,,,,,,,,,,,,,,,,,,,,,,,,,,,,,,,,,,,,,,,,,,,,,,,,,,,,,,,,,,,,,,,,,,,,,,,,,,,,,,,,,,,,,,,,,,,,,,,,,,,,,,,,,,,,,,,,,,,,
1911,2,-47.19999999999999,22.0,,,,,,,,,,,,,,,,,,,,,,,,,,,,,,,,,4.6,4.6,6.03,5.3,3.0,1.21,12.0,0.0,-1.23,0.0,1.71,0.24,3.0,2.16,12.0,0.0,4.35,4.6,5.7,5.02,3.0,1.05,12.0,0.0,1019.26,1021.1,1021.24,1020.27,3.0,1.62,12.0,0.0,,,,,,,,,,,,,,,,,,,,,,,,,,,,,,,,,,,,,,,,,,,,,,,,,,,,,,,,,,,,,,,,,,,,,,,,,,,,,,,,,,,,,,,,,,,,,,,,,,,,,,,,,,,,,,,,,,,,,,,,
1911,2,-47.19999999999999,24.0,,,,,,,,,,,,,,,,,,,,,,,,,,,,,,,,,7.59,9.5,11.41,9.5,2.0,3.96,16.0,0.0,-0.82,3.04,6.9,3.04,2.0,8.0,16.0,0.0,6.57,7.43,8.3,7.43,2.0,1.79,16.0,0.0,1021.0,1021.0,1021.0,1021.0,1.0,0.0,12.0,0.0,,,,,,,,,,,,,,,,,,,,,,,,,,,,,,,,,,,,,,,,,,,,,,,,,,,,,,,,,,,,,,,,,,,,,,,,,,,,,,,,,,,,,,,,,,,,,,,,,,,,,,,,,,,,,,,,,,,,,,,,
1911,2,-47.19999999999999,32.1,,,,,,,,,,,,,,,,,,,,,,,,,,,,,,,,,2.6,6.7,6.7,5.67,15.0,3.13,16.0,0.6,-1.65,0.0,2.45,-0.1,15.0,2.85,16.0,0.6,-6.49,-1.84,5.62,-0.95,15.0,5.93,16.0,0.6,1010.64,1014.75,1017.65,1014.18,4.0,4.13,22.0,0.8,,,,,,,,,,,,,,,,,,,,,,,,,,,,,,,,,,,,,,,,,,,,,,,,,,,,,,,,,,,,,,,,,,,,,,,,,,,,,,,,,,,,,,,,,,,,,,,,,,,,,,,,,,,,,,,,,,,,,,,,
1911,2,-45.69999999999999,16.8,,,,,,,,,,,,,,,,,,,,,,,,,,,,,,,,,4.6,4.6,4.6,4.6,2.0,0.0,16.0,0.5,-3.01,-2.49,-1.97,-2.49,2.0,1.08,16.0,0.5,3.41,3.76,4.1,3.76,2.0,0.72,16.0,0.5,1016.83,1017.1,1017.37,1017.1,2.0,0.57,16.0,0.5,,,,,,,,,,,,,,,,,,,,,,,,,,,,,,,,,,,,,,,,,,,,,,,,,,,,,,,,,,,,,,,,,,,,,,,,,,,,,,,,,,,,,,,,,,,,,,,,,,,,,,,,,,,,,,,,,,,,,,,,
1911,2,-45.60000000000002,8.5,,,,,,,,,,,,,,,,,,,,,,,,,,,,,,,,,6.7,6.7,6.7,6.7,1.0,0.0,4.0,1.0,-4.74,-4.74,-4.74,-4.74,1.0,0.0,4.0,1.0,-4.74,-4.74,-4.74,-4.74,1.0,0.0,4.0,1.0,1014.5,1014.5,1014.5,1014.5,1.0,0.0,4.0,1.0,,,,,,,,,,,,,,,,,,,,,,,,,,,,,,,,,,,,,,,,,,,,,,,,,,,,,,,,,,,,,,,,,,,,,,,,,,,,,,,,,,,,,,,,,,,,,,,,,,,,,,,,,,,,,,,,,,,,,,,,
1911,2,-45.60000000000002,28.7,,,,,,,,,,,,,,,,,,,,,,,,,,,,,,,,,1.0,2.8,7.32,4.1,4.0,4.16,10.0,0.3,0.34,0.82,2.45,1.37,4.0,1.69,10.0,0.3,-2.59,0.17,5.06,1.19,4.0,5.7,10.0,0.3,1012.4,1012.4,1012.4,1012.4,1.0,0.0,20.0,0.0,,,,,,,,,,,,,,,,,,,,,,,,,,,,,,,,,,,,,,,,,,,,,,,,,,,,,,,,,,,,,,,,,,,,,,,,,,,,,,,,,,,,,,,,,,,,,,,,,,,,,,,,,,,,,,,,,,,,,,,,
1911,2,-45.5,-47.5,,,,,,,,,,,,,,,,,,,,,,,,,,,,,,,,,6.7,9.3,12.74,10.4,19.0,3.46,14.0,0.2,0.0,4.74,8.63,4.5,19.0,4.01,14.0,0.2,-11.53,-8.62,3.66,-6.31,19.0,6.83,14.0,0.2,996.47,1000.3,1007.63,1001.36,17.0,4.79,14.0,0.2,,,,,,,,,,,,,,,,,,,,,,,,,,,,,,,,,,,,,,,,,,,,,,,,,,,,,,,,,,,,,,,,,,,,,,,,,,,,,,,,,,,,,,,,,,,,,,,,,,,,,,,,,,,,,,,,,,,,,,,,
1911,2,-45.5,-29.3,,,,,,,,,,,,,,,,,,,,,,,,,,,,,,,,,4.6,6.7,8.43,6.24,22.0,2.73,12.0,0.5,-4.78,-4.67,-2.07,-3.98,22.0,2.27,12.0,0.5,-4.74,-2.53,4.48,-1.7,22.0,4.84,12.0,0.5,1007.04,1010.6,1014.99,1010.73,9.0,3.7,6.0,0.6,,,,,,,,,,,,,,,,,,,,,,,,,,,,,,,,,,,,,,,,,,,,,,,,,,,,,,,,,,,,,,,,,,,,,,,,,,,,,,,,,,,,,,,,,,,,,,,,,,,,,,,,,,,,,,,,,,,,,,,,
1911,2,-45.5,0.7,,,,,,,,,,,,,,,,,,,,,,,,,,,,,,,,,4.6,4.6,6.7,5.64,9.0,1.8,10.0,0.4,-4.74,-4.27,-4.23,-4.9,9.0,1.89,10.0,0.4,-4.34,-1.72,1.31,-1.4,9.0,2.51,10.0,0.4,1009.03,1010.2,1010.55,1009.84,5.0,0.95,6.0,0.2,,,,,,,,,,,,,,,,,,,,,,,,,,,,,,,,,,,,,,,,,,,,,,,,,,,,,,,,,,,,,,,,,,,,,,,,,,,,,,,,,,,,,,,,,,,,,,,,,,,,,,,,,,,,,,,,,,,,,,,,
1911,2,-45.5,2.4,,,,,,,,,,,,,,,,,,,,,,,,,,,,,,,,,4.6,5.65,6.7,5.59,14.0,1.92,16.0,0.3,-6.67,-4.67,-3.25,-5.03,14.0,2.1,16.0,0.3,-3.21,-1.78,0.0,-1.79,14.0,1.47,16.0,0.3,1010.93,1012.0,1012.62,1011.78,5.0,1.11,22.0,0.4,,,,,,,,,,,,,,,,,,,,,,,,,,,,,,,,,,,,,,,,,,,,,,,,,,,,,,,,,,,,,,,,,,,,,,,,,,,,,,,,,,,,,,,,,,,,,,,,,,,,,,,,,,,,,,,,,,,,,,,,
1911,2,-45.5,18.5,,,,,,,,,,,,,,,,,,,,,,,,,,,,,,,,,4.6,4.6,4.7,4.9,7.0,0.79,10.0,0.7,-3.39,-3.25,-1.72,-3.24,7.0,1.5,10.0,0.7,-3.25,-3.25,4.27,-1.0,7.0,3.61,10.0,0.7,1015.7,1018.1,1018.9,1017.43,7.0,1.46,10.0,0.7,,,,,,,,,,,,,,,,,,,,,,,,,,,,,,,,,,,,,,,,,,,,,,,,,,,,,,,,,,,,,,,,,,,,,,,,,,,,,,,,,,,,,,,,,,,,,,,,,,,,,,,,,,,,,,,,,,,,,,,,
1911,2,-45.39999999999998,-49.2,,,,,,,,,,,,,,,,,,,,,,,,,,,,,,,,,7.4,15.4,15.4,12.21,9.0,4.3,18.0,0.8,-3.36,0.0,13.36,3.52,9.0,7.66,18.0,0.8,3.93,6.17,11.21,5.75,9.0,8.75,18.0,0.8,1007.5,1007.5,1007.5,1007.5,1.0,0.0,24.0,1.0,,,,,,,,,,,,,,,,,,,,,,,,,,,,,,,,,,,,,,,,,,,,,,,,,,,,,,,,,,,,,,,,,,,,,,,,,,,,,,,,,,,,,,,,,,,,,,,,,,,,,,,,,,,,,,,,,,,,,,,,
1911,2,-45.39999999999998,-45.6,,,,,,,,,,,,,,,,,,,,,,,,,,,,,,,,,6.7,9.3,9.59,9.75,13.0,4.19,18.0,0.5,2.27,4.74,8.88,6.12,13.0,4.66,18.0,0.5,-9.3,-4.81,3.63,-3.54,13.0,6.69,18.0,0.5,990.18,1000.7,1014.86,1002.08,9.0,10.96,16.0,0.6,,,,,,,,,,,,,,,,,,,,,,,,,,,,,,,,,,,,,,,,,,,,,,,,,,,,,,,,,,,,,,,,,,,,,,,,,,,,,,,,,,,,,,,,,,,,,,,,,,,,,,,,,,,,,,,,,,,,,,,,
1911,2,-45.39999999999998,20.4,,,,,,,,,,,,,,,,,,,,,,,,,,,,,,,,,5.93,6.7,7.65,6.8,5.0,1.67,14.0,0.4,-7.07,-6.17,-5.1,-6.07,5.0,1.88,14.0,0.4,-2.78,2.62,2.99,0.62,5.0,3.23,14.0,0.4,1016.6,1016.8,1017.64,1017.12,5.0,0.76,14.0,0.4,,,,,,,,,,,,,,,,,,,,,,,,,,,,,,,,,,,,,,,,,,,,,,,,,,,,,,,,,,,,,,,,,,,,,,,,,,,,,,,,,,,,,,,,,,,,,,,,,,,,,,,,,,,,,,,,,,,,,,,,
1911,2,-45.39999999999998,36.4,,,,,,,,,,,,,,,,,,,,,,,,,,,,,,,,,8.76,14.15,19.0,13.72,6.0,5.86,8.0,0.8,0.0,6.72,17.62,8.11,6.0,9.02,8.0,0.8,-9.3,0.21,8.42,0.4,6.0,9.99,8.0,0.8,1012.7,1012.7,1013.79,1013.23,3.0,0.92,12.0,0.7,,,,,,,,,,,,,,,,,,,,,,,,,,,,,,,,,,,,,,,,,,,,,,,,,,,,,,,,,,,,,,,,,,,,,,,,,,,,,,,,,,,,,,,,,,,,,,,,,,,,,,,,,,,,,,,,,,,,,,,,
1911,2,-45.39999999999998,38.5,,,,,,,,,,,,,,,,,,,,,,,,,,,,,,,,,2.6,9.3,17.23,9.52,23.0,7.25,14.0,0.5,-2.56,2.39,12.18,4.63,23.0,7.07,14.0,0.5,-7.44,0.0,10.89,2.03,23.0,8.41,14.0,0.5,1009.75,1013.1,1014.35,1012.1,4.0,3.09,6.0,0.8,,,,,,,,,,,,,,,,,,,,,,,,,,,,,,,,,,,,,,,,,,,,,,,,,,,,,,,,,,,,,,,,,,,,,,,,,,,,,,,,,,,,,,,,,,,,,,,,,,,,,,,,,,,,,,,,,,,,,,,,
1911,2,-45.39999999999998,40.6,,,,,,,,,,,,,,,,,,,,,,,,,,,,,,,,,4.6,10.8,15.4,10.94,38.0,5.99,16.0,0.6,0.0,5.89,8.7,5.04,38.0,4.79,16.0,0.6,-8.7,-2.17,9.16,-0.19,38.0,10.47,16.0,0.6,1005.0,1006.5,1011.02,1007.87,12.0,3.54,12.0,0.8,,,,,,,,,,,,,,,,,,,,,,,,,,,,,,,,,,,,,,,,,,,,,,,,,,,,,,,,,,,,,,,,,,,,,,,,,,,,,,,,,,,,,,,,,,,,,,,,,,,,,,,,,,,,,,,,,,,,,,,,
1911,2,-45.39999999999998,42.4,,,,,,,,,,,,,,,,,,,,,,,,,,,,,,,,,6.7,12.3,22.6,13.56,118.0,6.97,14.0,0.6,-0.42,8.51,14.28,7.01,118.0,7.72,14.0,0.6,-13.8,-3.37,8.62,-2.61,118.0,10.86,14.0,0.6,997.86,1006.65,1020.37,1008.54,24.0,11.95,14.0,0.6,,,,,,,,,,,,,,,,,,,,,,,,,,,,,,,,,,,,,,,,,,,,,,,,,,,,,,,,,,,,,,,,,,,,,,,,,,,,,,,,,,,,,,,,,,,,,,,,,,,,,,,,,,,,,,,,,,,,,,,,
1911,2,-45.39999999999998,44.4,,,,,,,,,,,,,,,,,,,,,,,,,,,,,,,,,5.3,9.3,15.4,11.19,22.0,5.52,14.0,0.5,-4.16,6.09,14.37,5.31,22.0,8.33,14.0,0.5,-4.28,0.0,11.23,2.5,22.0,7.49,14.0,0.5,996.81,1009.3,1011.21,1004.13,3.0,11.46,14.0,0.0,,,,,,,,,,,,,,,,,,,,,,,,,,,,,,,,,,,,,,,,,,,,,,,,,,,,,,,,,,,,,,,,,,,,,,,,,,,,,,,,,,,,,,,,,,,,,,,,,,,,,,,,,,,,,,,,,,,,,,,,
1911,2,-45.30000000000001,-27.3,,,,,,,,,,,,,,,,,,,,,,,,,,,,,,,,,2.6,4.6,9.3,5.43,109.0,3.13,14.0,0.5,-6.02,-2.62,0.0,-2.78,109.0,2.98,14.0,0.5,-6.17,-1.0,4.1,-1.34,109.0,4.59,14.0,0.5,1010.82,1014.0,1015.4,1013.51,30.0,2.43,14.0,0.6,,,,,,,,,,,,,,,,,,,,,,,,,,,,,,,,,,,,,,,,,,,,,,,,,,,,,,,,,,,,,,,,,,,,,,,,,,,,,,,,,,,,,,,,,,,,,,,,,,,,,,,,,,,,,,,,,,,,,,,,
1911,2,-45.30000000000001,-25.3,,,,,,,,,,,,,,,,,,,,,,,,,,,,,,,,,1.0,4.6,6.7,3.98,63.0,2.4,16.0,0.4,-4.74,-3.25,0.0,-2.7,63.0,2.66,16.0,0.4,-2.62,0.0,1.93,-0.37,63.0,2.69,16.0,0.4,1011.39,1014.8,1016.71,1014.27,26.0,2.86,20.0,0.5,,,,,,,,,,,,,,,,,,,,,,,,,,,,,,,,,,,,,,,,,,,,,,,,,,,,,,,,,,,,,,,,,,,,,,,,,,,,,,,,,,,,,,,,,,,,,,,,,,,,,,,,,,,,,,,,,,,,,,,,
1911,2,-45.30000000000001,22.5,,,,,,,,,,,,,,,,,,,,,,,,,,,,,,,,,5.27,6.7,6.7,6.0,3.0,1.21,12.0,1.0,-4.74,-4.74,-3.72,-4.24,3.0,0.86,12.0,1.0,3.72,4.74,4.74,4.24,3.0,0.86,12.0,1.0,1020.12,1020.8,1021.14,1020.63,3.0,0.76,12.0,1.0,,,,,,,,,,,,,,,,,,,,,,,,,,,,,,,,,,,,,,,,,,,,,,,,,,,,,,,,,,,,,,,,,,,,,,,,,,,,,,,,,,,,,,,,,,,,,,,,,,,,,,,,,,,,,,,,,,,,,,,,
1911,2,-45.19999999999999,-23.6,,,,,,,,,,,,,,,,,,,,,,,,,,,,,,,,,2.04,4.6,6.7,4.31,24.0,2.72,12.0,0.2,-6.38,-2.12,1.84,-2.2,24.0,4.15,12.0,0.2,-1.09,0.0,2.33,0.51,24.0,2.05,12.0,0.2,1011.79,1013.7,1014.38,1013.16,11.0,1.86,14.0,0.1,,,,,,,,,,,,,,,,,,,,,,,,,,,,,,,,,,,,,,,,,,,,,,,,,,,,,,,,,,,,,,,,,,,,,,,,,,,,,,,,,,,,,,,,,,,,,,,,,,,,,,,,,,,,,,,,,,,,,,,,
1911,2,-45.19999999999999,30.1,,,,,,,,,,,,,,,,,,,,,,,,,,,,,,,,,6.84,10.8,12.3,9.63,4.0,3.64,16.0,0.5,-2.52,0.0,2.41,-0.05,4.0,3.84,16.0,0.5,-7.06,3.36,11.37,2.21,4.0,10.75,16.0,0.5,1013.69,1014.1,1015.87,1014.77,3.0,1.7,16.0,0.3,,,,,,,,,,,,,,,,,,,,,,,,,,,,,,,,,,,,,,,,,,,,,,,,,,,,,,,,,,,,,,,,,,,,,,,,,,,,,,,,,,,,,,,,,,,,,,,,,,,,,,,,,,,,,,,,,,,,,,,,
1911,2,-45.19999999999999,32.3,,,,,,,,,,,,,,,,,,,,,,,,,,,,,,,,,2.6,6.7,6.7,6.17,19.0,3.32,14.0,0.6,-2.04,0.71,4.74,1.67,19.0,4.17,14.0,0.6,-6.7,-0.71,4.74,-1.03,19.0,5.46,14.0,0.6,1011.39,1016.3,1017.97,1015.11,7.0,3.36,18.0,0.6,,,,,,,,,,,,,,,,,,,,,,,,,,,,,,,,,,,,,,,,,,,,,,,,,,,,,,,,,,,,,,,,,,,,,,,,,,,,,,,,,,,,,,,,,,,,,,,,,,,,,,,,,,,,,,,,,,,,,,,,
1911,2,-45.19999999999999,46.2,,,,,,,,,,,,,,,,,,,,,,,,,,,,,,,,,2.27,5.95,12.94,7.2,6.0,5.97,16.0,0.2,-1.96,0.46,7.01,1.99,6.0,4.59,16.0,0.2,0.85,4.21,10.08,5.65,6.0,5.82,16.0,0.2,1015.2,1015.2,1015.2,1015.2,1.0,0.0,18.0,0.0,,,,,,,,,,,,,,,,,,,,,,,,,,,,,,,,,,,,,,,,,,,,,,,,,,,,,,,,,,,,,,,,,,,,,,,,,,,,,,,,,,,,,,,,,,,,,,,,,,,,,,,,,,,,,,,,,,,,,,,,
1911,2,-43.60000000000002,0.4,,,,,,,,,,,,,,,,,,,,,,,,,,,,,,,,,4.6,5.65,6.7,5.65,4.0,1.21,20.0,0.5,-4.74,-4.49,-3.72,-4.24,4.0,0.7,20.0,0.5,-4.74,-4.0,-0.61,-2.73,4.0,3.1,20.0,0.5,1010.6,1010.6,1010.6,1010.6,1.0,0.0,8.0,0.0,,,,,,,,,,,,,,,,,,,,,,,,,,,,,,,,,,,,,,,,,,,,,,,,,,,,,,,,,,,,,,,,,,,,,,,,,,,,,,,,,,,,,,,,,,,,,,,,,,,,,,,,,,,,,,,,,,,,,,,,
1911,2,-43.5,-47.4,,,,,,,,,,,,,,,,,,,,,,,,,,,,,,,,,9.3,12.3,15.4,12.11,12.0,2.66,16.0,0.5,4.61,6.58,9.61,7.13,12.0,3.78,16.0,0.5,-12.14,-8.7,5.97,-4.58,12.0,8.63,16.0,0.5,994.45,999.7,1010.65,1001.7,8.0,8.07,18.0,0.5,,,,,,,,,,,,,,,,,,,,,,,,,,,,,,,,,,,,,,,,,,,,,,,,,,,,,,,,,,,,,,,,,,,,,,,,,,,,,,,,,,,,,,,,,,,,,,,,,,,,,,,,,,,,,,,,,,,,,,,,
1911,2,-43.5,-45.5,,,,,,,,,,,,,,,,,,,,,,,,,,,,,,,,,6.7,9.3,19.0,12.44,15.0,6.49,18.0,0.6,3.3,4.74,14.97,7.63,15.0,5.71,18.0,0.6,-15.98,-6.7,4.71,-5.74,15.0,8.81,18.0,0.6,986.9,1003.2,1014.9,1000.99,16.0,11.61,18.0,0.6,,,,,,,,,,,,,,,,,,,,,,,,,,,,,,,,,,,,,,,,,,,,,,,,,,,,,,,,,,,,,,,,,,,,,,,,,,,,,,,,,,,,,,,,,,,,,,,,,,,,,,,,,,,,,,,,,,,,,,,,
1911,2,-43.5,-29.4,,,,,,,,,,,,,,,,,,,,,,,,,,,,,,,,,5.5,6.7,6.7,6.84,10.0,2.11,4.0,0.6,-6.49,-6.21,-4.47,-5.83,10.0,1.37,4.0,0.6,-2.51,-2.12,2.71,-0.48,10.0,4.07,4.0,0.6,1011.87,1013.15,1013.72,1012.82,6.0,1.09,2.0,0.5,,,,,,,,,,,,,,,,,,,,,,,,,,,,,,,,,,,,,,,,,,,,,,,,,,,,,,,,,,,,,,,,,,,,,,,,,,,,,,,,,,,,,,,,,,,,,,,,,,,,,,,,,,,,,,,,,,,,,,,,
1911,2,-43.5,-27.2,,,,,,,,,,,,,,,,,,,,,,,,,,,,,,,,,1.8,6.7,6.7,5.31,15.0,2.52,16.0,0.3,-4.74,-4.6,-1.3,-3.5,15.0,2.21,16.0,0.3,-4.74,-0.39,4.41,-0.75,15.0,4.24,16.0,0.3,1014.3,1015.0,1016.49,1015.38,4.0,1.38,12.0,0.3,,,,,,,,,,,,,,,,,,,,,,,,,,,,,,,,,,,,,,,,,,,,,,,,,,,,,,,,,,,,,,,,,,,,,,,,,,,,,,,,,,,,,,,,,,,,,,,,,,,,,,,,,,,,,,,,,,,,,,,,
1911,2,-43.5,2.8,,,,,,,,,,,,,,,,,,,,,,,,,,,,,,,,,6.7,6.7,6.7,6.7,2.0,0.0,12.0,0.0,-4.74,-4.74,-4.74,-4.74,2.0,0.0,12.0,0.0,-4.74,-4.74,-4.74,-4.74,2.0,0.0,12.0,0.0,1010.9,1010.9,1010.9,1010.9,1.0,0.0,22.0,0.0,,,,,,,,,,,,,,,,,,,,,,,,,,,,,,,,,,,,,,,,,,,,,,,,,,,,,,,,,,,,,,,,,,,,,,,,,,,,,,,,,,,,,,,,,,,,,,,,,,,,,,,,,,,,,,,,,,,,,,,,
1911,2,-43.5,4.5,,,,,,,,,,,,,,,,,,,,,,,,,,,,,,,,,6.7,6.7,9.8,7.55,11.0,1.45,12.0,0.7,-6.93,-6.7,-5.6,-6.47,11.0,1.17,12.0,0.7,-5.64,-2.51,0.0,-3.14,11.0,2.55,12.0,0.7,1011.3,1011.7,1012.73,1012.0,4.0,0.99,16.0,0.8,,,,,,,,,,,,,,,,,,,,,,,,,,,,,,,,,,,,,,,,,,,,,,,,,,,,,,,,,,,,,,,,,,,,,,,,,,,,,,,,,,,,,,,,,,,,,,,,,,,,,,,,,,,,,,,,,,,,,,,,
1911,2,-43.5,6.3,,,,,,,,,,,,,,,,,,,,,,,,,,,,,,,,,10.2,11.05,11.9,11.05,2.0,1.77,8.0,1.0,-11.45,-9.61,-7.78,-9.61,2.0,3.8,8.0,1.0,-5.83,-3.46,-1.1,-3.46,2.0,4.9,8.0,1.0,1015.2,1015.2,1015.2,1015.2,1.0,0.0,4.0,1.0,,,,,,,,,,,,,,,,,,,,,,,,,,,,,,,,,,,,,,,,,,,,,,,,,,,,,,,,,,,,,,,,,,,,,,,,,,,,,,,,,,,,,,,,,,,,,,,,,,,,,,,,,,,,,,,,,,,,,,,,
1911,2,-43.5,20.5,,,,,,,,,,,,,,,,,,,,,,,,,,,,,,,,,4.6,6.7,6.7,6.1,7.0,1.02,10.0,0.4,-6.21,-3.25,0.0,-3.38,7.0,2.61,10.0,0.4,-6.7,-3.25,-2.51,-4.24,7.0,1.84,10.0,0.4,1017.76,1019.1,1020.22,1019.07,7.0,1.34,10.0,0.4,,,,,,,,,,,,,,,,,,,,,,,,,,,,,,,,,,,,,,,,,,,,,,,,,,,,,,,,,,,,,,,,,,,,,,,,,,,,,,,,,,,,,,,,,,,,,,,,,,,,,,,,,,,,,,,,,,,,,,,,
1911,2,-43.5,24.5,,,,,,,,,,,,,,,,,,,,,,,,,,,,,,,,,6.7,6.7,6.7,6.7,1.0,0.0,12.0,1.0,-6.17,-6.17,-6.17,-6.17,1.0,0.0,12.0,1.0,-2.62,-2.62,-2.62,-2.62,1.0,0.0,12.0,1.0,1023.0,1023.0,1023.0,1023.0,1.0,0.0,12.0,1.0,,,,,,,,,,,,,,,,,,,,,,,,,,,,,,,,,,,,,,,,,,,,,,,,,,,,,,,,,,,,,,,,,,,,,,,,,,,,,,,,,,,,,,,,,,,,,,,,,,,,,,,,,,,,,,,,,,,,,,,,
1911,2,-43.39999999999998,22.4,,,,,,,,,,,,,,,,,,,,,,,,,,,,,,,,,4.6,6.7,9.3,6.92,9.0,2.12,10.0,0.4,-8.12,-6.21,-4.24,-5.8,9.0,2.11,10.0,0.4,-1.72,1.8,5.52,1.81,9.0,3.52,10.0,0.4,1017.0,1022.5,1022.96,1020.55,10.0,2.96,10.0,0.4,,,,,,,,,,,,,,,,,,,,,,,,,,,,,,,,,,,,,,,,,,,,,,,,,,,,,,,,,,,,,,,,,,,,,,,,,,,,,,,,,,,,,,,,,,,,,,,,,,,,,,,,,,,,,,,,,,,,,,,,
1911,2,-43.39999999999998,32.3,,,,,,,,,,,,,,,,,,,,,,,,,,,,,,,,,2.6,4.6,6.13,4.22,9.0,1.89,10.0,0.1,-0.68,0.0,2.33,0.89,9.0,2.0,10.0,0.1,-3.86,0.37,4.7,0.81,9.0,4.24,10.0,0.1,1017.61,1021.4,1023.77,1020.73,4.0,3.81,12.0,0.0,,,,,,,,,,,,,,,,,,,,,,,,,,,,,,,,,,,,,,,,,,,,,,,,,,,,,,,,,,,,,,,,,,,,,,,,,,,,,,,,,,,,,,,,,,,,,,,,,,,,,,,,,,,,,,,,,,,,,,,,
1911,2,-43.39999999999998,34.4,,,,,,,,,,,,,,,,,,,,,,,,,,,,,,,,,4.31,9.3,23.2,12.43,19.0,9.22,8.0,0.5,-2.62,3.48,16.41,6.75,19.0,8.52,8.0,0.5,-16.41,-1.84,6.26,-4.61,19.0,10.25,8.0,0.5,1012.37,1021.2,1026.13,1019.8,6.0,7.31,12.0,0.3,,,,,,,,,,,,,,,,,,,,,,,,,,,,,,,,,,,,,,,,,,,,,,,,,,,,,,,,,,,,,,,,,,,,,,,,,,,,,,,,,,,,,,,,,,,,,,,,,,,,,,,,,,,,,,,,,,,,,,,,
1911,2,-43.39999999999998,38.6,,,,,,,,,,,,,,,,,,,,,,,,,,,,,,,,,2.37,4.6,12.74,7.66,19.0,5.53,14.0,0.5,-2.51,0.0,9.01,2.2,19.0,5.48,14.0,0.5,-6.57,-0.71,10.96,-0.24,19.0,7.58,14.0,0.5,1010.43,1016.3,1016.77,1013.73,4.0,5.77,8.0,0.3,,,,,,,,,,,,,,,,,,,,,,,,,,,,,,,,,,,,,,,,,,,,,,,,,,,,,,,,,,,,,,,,,,,,,,,,,,,,,,,,,,,,,,,,,,,,,,,,,,,,,,,,,,,,,,,,,,,,,,,,
1911,2,-43.39999999999998,42.4,,,,,,,,,,,,,,,,,,,,,,,,,,,,,,,,,6.7,12.3,19.0,13.05,122.0,7.21,14.0,0.5,-2.56,7.99,15.4,7.17,122.0,8.1,14.0,0.5,-13.44,-3.37,8.61,-2.42,122.0,10.03,14.0,0.5,997.88,1003.0,1013.33,1005.64,31.0,9.42,12.0,0.5,,,,,,,,,,,,,,,,,,,,,,,,,,,,,,,,,,,,,,,,,,,,,,,,,,,,,,,,,,,,,,,,,,,,,,,,,,,,,,,,,,,,,,,,,,,,,,,,,,,,,,,,,,,,,,,,,,,,,,,,
1911,2,-43.39999999999998,44.3,,,,,,,,,,,,,,,,,,,,,,,,,,,,,,,,,9.3,9.8,19.0,13.22,39.0,7.1,16.0,0.5,-1.78,6.7,15.37,7.44,39.0,9.65,16.0,0.5,-3.6,3.48,11.38,3.31,39.0,8.28,16.0,0.5,994.06,1000.5,1010.39,1001.51,14.0,9.03,12.0,0.5,,,,,,,,,,,,,,,,,,,,,,,,,,,,,,,,,,,,,,,,,,,,,,,,,,,,,,,,,,,,,,,,,,,,,,,,,,,,,,,,,,,,,,,,,,,,,,,,,,,,,,,,,,,,,,,,,,,,,,,,
1911,2,-43.39999999999998,48.8,,,,,,,,,,,,,,,,,,,,,,,,,,,,,,,,,6.09,9.3,13.46,9.77,3.0,5.42,24.0,0.7,-2.48,4.6,7.3,2.46,3.0,7.4,24.0,0.7,-2.48,0.0,9.75,3.55,3.0,9.47,24.0,0.7,1011.2,1011.2,1011.2,1011.2,1.0,0.0,18.0,0.0,,,,,,,,,,,,,,,,,,,,,,,,,,,,,,,,,,,,,,,,,,,,,,,,,,,,,,,,,,,,,,,,,,,,,,,,,,,,,,,,,,,,,,,,,,,,,,,,,,,,,,,,,,,,,,,,,,,,,,,,
1911,2,-43.30000000000001,-25.3,,,,,,,,,,,,,,,,,,,,,,,,,,,,,,,,,1.0,6.7,9.3,6.19,123.0,3.69,14.0,0.5,-8.7,-3.25,0.0,-3.78,123.0,3.49,14.0,0.5,-6.58,-2.41,1.8,-2.3,123.0,4.52,14.0,0.5,1010.0,1013.9,1015.38,1013.23,30.0,2.61,16.0,0.4,,,,,,,,,,,,,,,,,,,,,,,,,,,,,,,,,,,,,,,,,,,,,,,,,,,,,,,,,,,,,,,,,,,,,,,,,,,,,,,,,,,,,,,,,,,,,,,,,,,,,,,,,,,,,,,,,,,,,,,,
1911,2,-43.30000000000001,-23.6,,,,,,,,,,,,,,,,,,,,,,,,,,,,,,,,,1.0,4.6,6.7,4.44,83.0,3.32,14.0,0.4,-6.21,-2.6,0.0,-3.06,83.0,3.54,14.0,0.4,-3.25,0.0,1.72,-0.96,83.0,2.83,14.0,0.4,1010.82,1013.3,1015.39,1013.36,33.0,1.98,16.0,0.4,,,,,,,,,,,,,,,,,,,,,,,,,,,,,,,,,,,,,,,,,,,,,,,,,,,,,,,,,,,,,,,,,,,,,,,,,,,,,,,,,,,,,,,,,,,,,,,,,,,,,,,,,,,,,,,,,,,,,,,,
1911,2,-43.30000000000001,36.3,,,,,,,,,,,,,,,,,,,,,,,,,,,,,,,,,1.18,3.6,11.97,5.71,8.0,4.85,16.0,0.4,-0.71,0.0,11.02,3.6,8.0,5.7,16.0,0.4,-4.78,-3.12,-0.9,-3.03,8.0,1.71,16.0,0.4,1013.73,1015.1,1015.99,1014.87,3.0,1.66,12.0,0.3,,,,,,,,,,,,,,,,,,,,,,,,,,,,,,,,,,,,,,,,,,,,,,,,,,,,,,,,,,,,,,,,,,,,,,,,,,,,,,,,,,,,,,,,,,,,,,,,,,,,,,,,,,,,,,,,,,,,,,,,
1911,2,-43.30000000000001,40.3,,,,,,,,,,,,,,,,,,,,,,,,,,,,,,,,,4.6,6.7,13.58,9.19,11.0,5.84,16.0,0.6,3.85,4.74,9.89,6.35,11.0,3.62,16.0,0.6,-3.87,-1.72,7.49,2.16,11.0,8.03,16.0,0.6,1008.06,1009.25,1010.44,1009.25,2.0,2.47,24.0,0.5,,,,,,,,,,,,,,,,,,,,,,,,,,,,,,,,,,,,,,,,,,,,,,,,,,,,,,,,,,,,,,,,,,,,,,,,,,,,,,,,,,,,,,,,,,,,,,,,,,,,,,,,,,,,,,,,,,,,,,,,
1911,2,-43.19999999999999,-43.6,,,,,,,,,,,,,,,,,,,,,,,,,,,,,,,,,9.3,9.3,12.5,10.83,4.0,3.05,18.0,0.3,3.48,3.48,9.14,6.18,4.0,5.4,18.0,0.3,7.13,8.62,8.62,7.91,4.0,1.43,18.0,0.3,987.7,987.7,987.7,987.7,1.0,0.0,14.0,0.0,,,,,,,,,,,,,,,,,,,,,,,,,,,,,,,,,,,,,,,,,,,,,,,,,,,,,,,,,,,,,,,,,,,,,,,,,,,,,,,,,,,,,,,,,,,,,,,,,,,,,,,,,,,,,,,,,,,,,,,,
1911,2,-43.19999999999999,30.2,,,,,,,,,,,,,,,,,,,,,,,,,,,,,,,,,2.82,9.3,9.3,7.41,8.0,3.63,12.0,0.8,0.0,0.92,6.05,1.65,8.0,3.48,12.0,0.8,-1.84,6.58,9.22,4.38,8.0,6.23,12.0,0.8,1014.34,1015.3,1015.91,1015.13,3.0,1.16,18.0,1.0,,,,,,,,,,,,,,,,,,,,,,,,,,,,,,,,,,,,,,,,,,,,,,,,,,,,,,,,,,,,,,,,,,,,,,,,,,,,,,,,,,,,,,,,,,,,,,,,,,,,,,,,,,,,,,,,,,,,,,,,
1911,2,-43.0,-1.0,,,,,,,,,,,,,,,,,,,,,,,,,,,,,,,,,4.6,4.6,4.6,4.6,2.0,0.0,8.0,1.0,-4.27,-4.27,-4.27,-4.27,2.0,0.0,8.0,1.0,1.72,1.72,1.72,1.72,2.0,0.0,8.0,1.0,1010.13,1010.2,1010.27,1010.2,2.0,0.14,8.0,1.0,,,,,,,,,,,,,,,,,,,,,,,,,,,,,,,,,,,,,,,,,,,,,,,,,,,,,,,,,,,,,,,,,,,,,,,,,,,,,,,,,,,,,,,,,,,,,,,,,,,,,,,,,,,,,,,,,,,,,,,,
1911,2,-41.69999999999999,-29.2,,,,,,,,,,,,,,,,,,,,,,,,,,,,,,,,,5.35,6.95,8.55,6.95,2.0,3.32,2.0,0.0,-7.98,-6.61,-5.24,-6.61,2.0,2.84,2.0,0.0,-2.93,-1.74,-0.55,-1.74,2.0,2.46,2.0,0.0,1013.74,1014.25,1014.76,1014.25,2.0,1.06,2.0,0.0,,,,,,,,,,,,,,,,,,,,,,,,,,,,,,,,,,,,,,,,,,,,,,,,,,,,,,,,,,,,,,,,,,,,,,,,,,,,,,,,,,,,,,,,,,,,,,,,,,,,,,,,,,,,,,,,,,,,,,,,
1911,2,-41.69999999999999,4.8,,,,,,,,,,,,,,,,,,,,,,,,,,,,,,,,,6.7,6.7,6.7,6.7,1.0,0.0,22.0,0.0,-4.74,-4.74,-4.74,-4.74,1.0,0.0,22.0,0.0,-4.74,-4.74,-4.74,-4.74,1.0,0.0,22.0,0.0,1012.4,1012.4,1012.4,1012.4,1.0,0.0,22.0,0.0,,,,,,,,,,,,,,,,,,,,,,,,,,,,,,,,,,,,,,,,,,,,,,,,,,,,,,,,,,,,,,,,,,,,,,,,,,,,,,,,,,,,,,,,,,,,,,,,,,,,,,,,,,,,,,,,,,,,,,,,
1911,2,-41.69999999999999,22.7,,,,,,,,,,,,,,,,,,,,,,,,,,,,,,,,,6.27,6.7,6.7,6.35,6.0,0.86,10.0,0.7,-6.31,-5.41,-1.01,-3.58,6.0,4.36,10.0,0.7,-2.97,-1.25,1.28,-0.59,6.0,3.78,10.0,0.7,1015.28,1017.8,1023.23,1019.08,9.0,3.88,12.0,0.4,,,,,,,,,,,,,,,,,,,,,,,,,,,,,,,,,,,,,,,,,,,,,,,,,,,,,,,,,,,,,,,,,,,,,,,,,,,,,,,,,,,,,,,,,,,,,,,,,,,,,,,,,,,,,,,,,,,,,,,,
1911,2,-41.60000000000002,-43.5,,,,,,,,,,,,,,,,,,,,,,,,,,,,,,,,,9.3,9.3,19.0,12.1,8.0,6.15,18.0,0.8,0.0,3.48,13.44,5.91,8.0,6.4,18.0,0.8,-8.56,8.62,13.44,4.54,8.0,10.03,18.0,0.8,993.68,997.05,1018.73,1003.07,6.0,12.67,18.0,0.8,,,,,,,,,,,,,,,,,,,,,,,,,,,,,,,,,,,,,,,,,,,,,,,,,,,,,,,,,,,,,,,,,,,,,,,,,,,,,,,,,,,,,,,,,,,,,,,,,,,,,,,,,,,,,,,,,,,,,,,,
1911,2,-41.60000000000002,6.5,,,,,,,,,,,,,,,,,,,,,,,,,,,,,,,,,6.7,6.7,9.8,8.36,9.0,2.11,14.0,0.3,-9.61,-6.7,-6.21,-7.72,9.0,2.19,14.0,0.3,-4.36,-2.51,-0.68,-2.69,9.0,1.75,14.0,0.3,1012.7,1012.9,1013.17,1012.93,3.0,0.35,22.0,0.3,,,,,,,,,,,,,,,,,,,,,,,,,,,,,,,,,,,,,,,,,,,,,,,,,,,,,,,,,,,,,,,,,,,,,,,,,,,,,,,,,,,,,,,,,,,,,,,,,,,,,,,,,,,,,,,,,,,,,,,,
1911,2,-41.60000000000002,14.4,,,,,,,,,,,,,,,,,,,,,,,,,,,,,,,,,4.6,6.7,6.7,5.91,8.0,1.09,28.0,0.5,-6.21,-6.21,-4.6,-5.57,8.0,0.9,28.0,0.5,-2.51,-2.51,-0.19,-1.78,8.0,1.13,28.0,0.5,1013.17,1014.1,1014.86,1014.01,8.0,1.04,28.0,0.5,,,,,,,,,,,,,,,,,,,,,,,,,,,,,,,,,,,,,,,,,,,,,,,,,,,,,,,,,,,,,,,,,,,,,,,,,,,,,,,,,,,,,,,,,,,,,,,,,,,,,,,,,,,,,,,,,,,,,,,,
1911,2,-41.5,-47.2,,,,,,,,,,,,,,,,,,,,,,,,,,,,,,,,,4.55,6.7,8.06,6.33,4.0,2.77,22.0,0.5,1.19,3.62,5.7,3.46,4.0,2.84,22.0,0.5,-6.4,-5.47,-3.62,-5.03,4.0,1.81,22.0,0.5,1015.33,1017.1,1018.94,1017.13,3.0,2.65,26.0,0.3,,,,,,,,,,,,,,,,,,,,,,,,,,,,,,,,,,,,,,,,,,,,,,,,,,,,,,,,,,,,,,,,,,,,,,,,,,,,,,,,,,,,,,,,,,,,,,,,,,,,,,,,,,,,,,,,,,,,,,,,
1911,2,-41.5,-45.4,,,,,,,,,,,,,,,,,,,,,,,,,,,,,,,,,8.93,15.4,19.0,14.57,19.0,5.42,14.0,0.3,0.0,10.89,19.0,9.97,19.0,7.91,14.0,0.3,-13.44,-8.83,0.37,-6.1,19.0,6.83,14.0,0.3,986.62,990.2,1000.33,992.25,17.0,7.09,14.0,0.4,,,,,,,,,,,,,,,,,,,,,,,,,,,,,,,,,,,,,,,,,,,,,,,,,,,,,,,,,,,,,,,,,,,,,,,,,,,,,,,,,,,,,,,,,,,,,,,,,,,,,,,,,,,,,,,,,,,,,,,,
1911,2,-41.5,-25.2,,,,,,,,,,,,,,,,,,,,,,,,,,,,,,,,,4.6,6.7,9.3,7.55,12.0,3.02,18.0,0.4,-6.3,-5.38,-2.6,-4.77,12.0,2.58,18.0,0.4,-7.19,-4.04,2.51,-3.45,12.0,5.18,18.0,0.4,1014.74,1015.7,1015.77,1015.27,3.0,0.84,16.0,0.0,,,,,,,,,,,,,,,,,,,,,,,,,,,,,,,,,,,,,,,,,,,,,,,,,,,,,,,,,,,,,,,,,,,,,,,,,,,,,,,,,,,,,,,,,,,,,,,,,,,,,,,,,,,,,,,,,,,,,,,,
1911,2,-41.5,2.8,,,,,,,,,,,,,,,,,,,,,,,,,,,,,,,,,12.3,12.3,12.3,12.3,1.0,0.0,6.0,1.0,-6.88,-6.88,-6.88,-6.88,1.0,0.0,6.0,1.0,-10.2,-10.2,-10.2,-10.2,1.0,0.0,6.0,1.0,1014.2,1014.2,1014.2,1014.2,1.0,0.0,6.0,1.0,,,,,,,,,,,,,,,,,,,,,,,,,,,,,,,,,,,,,,,,,,,,,,,,,,,,,,,,,,,,,,,,,,,,,,,,,,,,,,,,,,,,,,,,,,,,,,,,,,,,,,,,,,,,,,,,,,,,,,,,
1911,2,-41.5,28.3,,,,,,,,,,,,,,,,,,,,,,,,,,,,,,,,,1.0,2.6,6.7,3.1,42.0,2.57,6.0,0.5,-4.27,0.0,1.84,-0.32,42.0,3.25,6.0,0.5,-1.8,0.0,1.72,-0.38,42.0,2.37,6.0,0.5,1019.17,1020.8,1022.46,1021.08,37.0,2.21,4.0,0.6,,,,,,,,,,,,,,,,,,,,,,,,,,,,,,,,,,,,,,,,,,,,,,,,,,,,,,,,,,,,,,,,,,,,,,,,,,,,,,,,,,,,,,,,,,,,,,,,,,,,,,,,,,,,,,,,,,,,,,,,
1911,2,-41.39999999999998,-23.2,,,,,,,,,,,,,,,,,,,,,,,,,,,,,,,,,1.0,4.6,6.7,4.38,180.0,2.6,16.0,0.5,-4.6,-1.82,0.0,-2.06,180.0,2.49,16.0,0.5,-6.19,-2.41,1.0,-2.09,180.0,3.35,16.0,0.5,1010.96,1013.9,1015.9,1013.67,69.0,2.32,16.0,0.6,,,,,,,,,,,,,,,,,,,,,,,,,,,,,,,,,,,,,,,,,,,,,,,,,,,,,,,,,,,,,,,,,,,,,,,,,,,,,,,,,,,,,,,,,,,,,,,,,,,,,,,,,,,,,,,,,,,,,,,,
1911,2,-41.39999999999998,26.4,,,,,,,,,,,,,,,,,,,,,,,,,,,,,,,,,3.68,4.6,9.3,5.66,17.0,2.6,6.0,0.4,-6.41,-4.6,-2.14,-4.08,17.0,2.35,6.0,0.4,-2.14,0.0,4.94,0.93,17.0,4.08,6.0,0.4,1021.52,1022.6,1023.73,1022.6,12.0,1.82,4.0,0.5,,,,,,,,,,,,,,,,,,,,,,,,,,,,,,,,,,,,,,,,,,,,,,,,,,,,,,,,,,,,,,,,,,,,,,,,,,,,,,,,,,,,,,,,,,,,,,,,,,,,,,,,,,,,,,,,,,,,,,,,
1911,2,-41.39999999999998,34.6,,,,,,,,,,,,,,,,,,,,,,,,,,,,,,,,,5.3,9.3,14.37,9.87,22.0,5.86,10.0,0.5,0.0,3.87,10.16,5.22,22.0,5.49,10.0,0.5,-8.03,3.37,9.07,0.2,22.0,8.81,10.0,0.5,1012.14,1021.7,1024.99,1019.47,9.0,6.04,12.0,0.8,,,,,,,,,,,,,,,,,,,,,,,,,,,,,,,,,,,,,,,,,,,,,,,,,,,,,,,,,,,,,,,,,,,,,,,,,,,,,,,,,,,,,,,,,,,,,,,,,,,,,,,,,,,,,,,,,,,,,,,,
1911,2,-41.39999999999998,38.4,,,,,,,,,,,,,,,,,,,,,,,,,,,,,,,,,4.6,9.3,15.4,10.53,18.0,5.29,12.0,0.4,-2.19,1.74,10.89,3.57,18.0,6.66,12.0,0.4,-6.83,0.0,10.89,1.49,18.0,9.23,12.0,0.4,999.74,1016.55,1017.79,1010.88,8.0,10.0,10.0,0.4,,,,,,,,,,,,,,,,,,,,,,,,,,,,,,,,,,,,,,,,,,,,,,,,,,,,,,,,,,,,,,,,,,,,,,,,,,,,,,,,,,,,,,,,,,,,,,,,,,,,,,,,,,,,,,,,,,,,,,,,
1911,2,-41.39999999999998,42.6,,,,,,,,,,,,,,,,,,,,,,,,,,,,,,,,,6.7,9.3,15.4,11.19,73.0,5.72,16.0,0.5,0.0,6.58,11.92,6.02,73.0,6.66,16.0,0.5,-6.42,-1.8,6.58,-0.12,73.0,8.86,16.0,0.5,998.57,1006.6,1021.71,1008.78,16.0,10.91,12.0,0.4,,,,,,,,,,,,,,,,,,,,,,,,,,,,,,,,,,,,,,,,,,,,,,,,,,,,,,,,,,,,,,,,,,,,,,,,,,,,,,,,,,,,,,,,,,,,,,,,,,,,,,,,,,,,,,,,,,,,,,,,
1911,2,-41.39999999999998,44.3,,,,,,,,,,,,,,,,,,,,,,,,,,,,,,,,,6.7,12.3,19.0,13.51,67.0,6.6,14.0,0.5,1.19,8.7,18.32,9.66,67.0,8.11,14.0,0.5,-6.4,2.51,8.7,1.87,67.0,8.05,14.0,0.5,997.53,1008.0,1016.57,1007.98,19.0,9.81,16.0,0.7,,,,,,,,,,,,,,,,,,,,,,,,,,,,,,,,,,,,,,,,,,,,,,,,,,,,,,,,,,,,,,,,,,,,,,,,,,,,,,,,,,,,,,,,,,,,,,,,,,,,,,,,,,,,,,,,,,,,,,,,
1911,2,-41.39999999999998,50.3,,,,,,,,,,,,,,,,,,,,,,,,,,,,,,,,,15.4,15.4,20.31,17.8,3.0,4.16,24.0,0.3,14.63,15.4,20.31,17.43,3.0,4.52,24.0,0.3,0.0,0.0,3.94,1.92,3.0,3.33,24.0,0.3,1009.94,1011.1,1012.26,1011.1,2.0,2.4,18.0,0.0,,,,,,,,,,,,,,,,,,,,,,,,,,,,,,,,,,,,,,,,,,,,,,,,,,,,,,,,,,,,,,,,,,,,,,,,,,,,,,,,,,,,,,,,,,,,,,,,,,,,,,,,,,,,,,,,,,,,,,,,
1911,2,-41.30000000000001,40.4,,,,,,,,,,,,,,,,,,,,,,,,,,,,,,,,,2.19,6.7,15.4,8.13,12.0,6.44,20.0,0.3,-0.99,2.4,8.44,3.85,12.0,5.49,20.0,0.3,-2.54,0.0,12.36,2.92,12.0,7.62,20.0,0.3,1010.56,1015.0,1015.68,1013.17,3.0,4.07,26.0,0.0,,,,,,,,,,,,,,,,,,,,,,,,,,,,,,,,,,,,,,,,,,,,,,,,,,,,,,,,,,,,,,,,,,,,,,,,,,,,,,,,,,,,,,,,,,,,,,,,,,,,,,,,,,,,,,,,,,,,,,,,
1911,2,-41.30000000000001,46.3,,,,,,,,,,,,,,,,,,,,,,,,,,,,,,,,,6.7,12.3,15.4,11.8,27.0,4.8,14.0,0.6,2.88,8.62,14.18,8.32,27.0,5.68,14.0,0.6,-7.33,-3.48,6.51,-0.08,27.0,7.96,14.0,0.6,1004.38,1007.5,1010.1,1007.25,4.0,4.11,4.0,0.8,,,,,,,,,,,,,,,,,,,,,,,,,,,,,,,,,,,,,,,,,,,,,,,,,,,,,,,,,,,,,,,,,,,,,,,,,,,,,,,,,,,,,,,,,,,,,,,,,,,,,,,,,,,,,,,,,,,,,,,,
1911,2,-41.19999999999999,-49.2,,,,,,,,,,,,,,,,,,,,,,,,,,,,,,,,,6.7,6.7,6.7,6.7,2.0,0.0,22.0,1.0,4.74,4.74,4.74,4.74,2.0,0.0,22.0,1.0,4.74,4.74,4.74,4.74,2.0,0.0,22.0,1.0,1007.8,1008.0,1008.2,1008.0,2.0,0.42,22.0,1.0,,,,,,,,,,,,,,,,,,,,,,,,,,,,,,,,,,,,,,,,,,,,,,,,,,,,,,,,,,,,,,,,,,,,,,,,,,,,,,,,,,,,,,,,,,,,,,,,,,,,,,,,,,,,,,,,,,,,,,,,
1911,2,-41.19999999999999,-1.2,,,,,,,,,,,,,,,,,,,,,,,,,,,,,,,,,4.19,4.6,4.6,4.27,6.0,0.82,18.0,0.5,-4.27,-4.23,-3.85,-3.94,6.0,0.76,18.0,0.5,-1.8,-1.41,1.72,-0.49,6.0,1.74,18.0,0.5,1009.24,1009.55,1009.86,1009.55,2.0,0.64,8.0,0.5,,,,,,,,,,,,,,,,,,,,,,,,,,,,,,,,,,,,,,,,,,,,,,,,,,,,,,,,,,,,,,,,,,,,,,,,,,,,,,,,,,,,,,,,,,,,,,,,,,,,,,,,,,,,,,,,,,,,,,,,
1911,2,-41.19999999999999,0.8,,,,,,,,,,,,,,,,,,,,,,,,,,,,,,,,,4.6,4.6,4.6,4.6,1.0,0.0,2.0,0.0,-3.25,-3.25,-3.25,-3.25,1.0,0.0,2.0,0.0,3.25,3.25,3.25,3.25,1.0,0.0,2.0,0.0,1010.0,1010.0,1010.0,1010.0,1.0,0.0,2.0,0.0,,,,,,,,,,,,,,,,,,,,,,,,,,,,,,,,,,,,,,,,,,,,,,,,,,,,,,,,,,,,,,,,,,,,,,,,,,,,,,,,,,,,,,,,,,,,,,,,,,,,,,,,,,,,,,,,,,,,,,,,
1911,2,-41.19999999999999,8.3,,,,,,,,,,,,,,,,,,,,,,,,,,,,,,,,,6.7,8.25,11.11,8.88,4.0,2.71,12.0,0.8,-10.3,-7.65,-6.21,-8.23,4.0,2.51,12.0,0.8,-4.16,-3.09,-2.51,-3.32,4.0,1.02,12.0,0.8,1014.0,1014.0,1014.0,1014.0,1.0,0.0,22.0,1.0,,,,,,,,,,,,,,,,,,,,,,,,,,,,,,,,,,,,,,,,,,,,,,,,,,,,,,,,,,,,,,,,,,,,,,,,,,,,,,,,,,,,,,,,,,,,,,,,,,,,,,,,,,,,,,,,,,,,,,,,
1911,2,-41.19999999999999,12.8,,,,,,,,,,,,,,,,,,,,,,,,,,,,,,,,,6.7,6.7,6.7,6.7,3.0,0.0,28.0,0.7,-6.21,-6.21,-6.21,-6.21,3.0,0.0,28.0,0.7,-2.51,-2.51,-2.51,-2.51,3.0,0.0,28.0,0.7,1015.75,1016.3,1016.64,1016.2,3.0,0.66,28.0,0.7,,,,,,,,,,,,,,,,,,,,,,,,,,,,,,,,,,,,,,,,,,,,,,,,,,,,,,,,,,,,,,,,,,,,,,,,,,,,,,,,,,,,,,,,,,,,,,,,,,,,,,,,,,,,,,,,,,,,,,,,
1911,2,-41.19999999999999,32.1,,,,,,,,,,,,,,,,,,,,,,,,,,,,,,,,,4.6,4.6,6.7,5.3,6.0,1.08,12.0,0.5,0.0,1.72,3.56,1.91,6.0,1.85,12.0,0.5,2.71,4.43,5.14,3.55,6.0,3.46,12.0,0.5,1021.08,1022.6,1023.8,1022.45,4.0,1.59,14.0,0.3,,,,,,,,,,,,,,,,,,,,,,,,,,,,,,,,,,,,,,,,,,,,,,,,,,,,,,,,,,,,,,,,,,,,,,,,,,,,,,,,,,,,,,,,,,,,,,,,,,,,,,,,,,,,,,,,,,,,,,,,
1911,2,-41.19999999999999,36.2,,,,,,,,,,,,,,,,,,,,,,,,,,,,,,,,,2.82,6.7,6.7,5.74,8.0,2.31,14.0,0.5,0.0,1.25,4.74,1.73,8.0,3.64,14.0,0.5,-4.72,-2.6,6.05,-0.22,8.0,5.12,14.0,0.5,1018.8,1018.8,1018.8,1018.8,1.0,0.0,14.0,0.0,,,,,,,,,,,,,,,,,,,,,,,,,,,,,,,,,,,,,,,,,,,,,,,,,,,,,,,,,,,,,,,,,,,,,,,,,,,,,,,,,,,,,,,,,,,,,,,,,,,,,,,,,,,,,,,,,,,,,,,,
1911,2,-41.10000000000002,-21.6,,,,,,,,,,,,,,,,,,,,,,,,,,,,,,,,,2.6,4.6,6.7,5.38,84.0,2.51,14.0,0.5,-4.74,-2.46,0.0,-2.35,84.0,2.52,14.0,0.5,-6.51,-3.25,1.84,-2.59,84.0,4.11,14.0,0.5,1012.21,1014.1,1015.97,1013.9,27.0,2.09,12.0,0.5,,,,,,,,,,,,,,,,,,,,,,,,,,,,,,,,,,,,,,,,,,,,,,,,,,,,,,,,,,,,,,,,,,,,,,,,,,,,,,,,,,,,,,,,,,,,,,,,,,,,,,,,,,,,,,,,,,,,,,,,
1911,2,-41.10000000000002,24.3,,,,,,,,,,,,,,,,,,,,,,,,,,,,,,,,,6.7,6.7,9.3,7.62,9.0,1.72,10.0,0.6,-8.06,-6.58,-3.78,-5.98,9.0,2.09,10.0,0.6,-3.63,0.0,4.54,-0.18,9.0,4.86,10.0,0.6,1018.22,1020.55,1024.21,1020.61,8.0,3.69,12.0,0.6,,,,,,,,,,,,,,,,,,,,,,,,,,,,,,,,,,,,,,,,,,,,,,,,,,,,,,,,,,,,,,,,,,,,,,,,,,,,,,,,,,,,,,,,,,,,,,,,,,,,,,,,,,,,,,,,,,,,,,,,
1911,2,-41.10000000000002,30.3,,,,,,,,,,,,,,,,,,,,,,,,,,,,,,,,,4.6,6.7,6.7,6.44,20.0,1.34,10.0,0.5,0.0,2.12,4.73,1.59,20.0,3.36,10.0,0.5,-3.63,4.5,6.7,2.16,20.0,5.15,10.0,0.5,1019.5,1021.0,1022.84,1021.05,11.0,2.24,10.0,0.5,,,,,,,,,,,,,,,,,,,,,,,,,,,,,,,,,,,,,,,,,,,,,,,,,,,,,,,,,,,,,,,,,,,,,,,,,,,,,,,,,,,,,,,,,,,,,,,,,,,,,,,,,,,,,,,,,,,,,,,,
1911,2,-39.69999999999999,-27.7,,,,,,,,,,,,,,,,,,,,,,,,,,,,,,,,,4.6,4.6,4.6,4.6,1.0,0.0,2.0,0.0,-4.27,-4.27,-4.27,-4.27,1.0,0.0,2.0,0.0,-1.72,-1.72,-1.72,-1.72,1.0,0.0,2.0,0.0,1014.8,1014.8,1014.8,1014.8,1.0,0.0,2.0,0.0,,,,,,,,,,,,,,,,,,,,,,,,,,,,,,,,,,,,,,,,,,,,,,,,,,,,,,,,,,,,,,,,,,,,,,,,,,,,,,,,,,,,,,,,,,,,,,,,,,,,,,,,,,,,,,,,,,,,,,,,
1911,2,-39.69999999999999,8.6,,,,,,,,,,,,,,,,,,,,,,,,,,,,,,,,,6.7,6.7,9.46,7.53,8.0,2.39,16.0,0.3,-6.69,-4.74,-4.74,-5.66,8.0,2.53,16.0,0.3,-4.74,-4.74,-4.62,-4.81,8.0,1.0,16.0,0.3,1013.18,1014.4,1015.25,1014.23,4.0,1.23,24.0,0.3,,,,,,,,,,,,,,,,,,,,,,,,,,,,,,,,,,,,,,,,,,,,,,,,,,,,,,,,,,,,,,,,,,,,,,,,,,,,,,,,,,,,,,,,,,,,,,,,,,,,,,,,,,,,,,,,,,,,,,,,
1911,2,-39.69999999999999,16.5,,,,,,,,,,,,,,,,,,,,,,,,,,,,,,,,,4.5,4.6,4.85,5.06,7.0,2.22,24.0,0.4,-4.5,-4.27,-4.15,-4.61,7.0,2.17,24.0,0.4,-1.93,-1.72,-1.72,-2.02,7.0,0.73,24.0,0.4,1010.97,1012.15,1013.32,1012.0,6.0,1.41,28.0,0.5,,,,,,,,,,,,,,,,,,,,,,,,,,,,,,,,,,,,,,,,,,,,,,,,,,,,,,,,,,,,,,,,,,,,,,,,,,,,,,,,,,,,,,,,,,,,,,,,,,,,,,,,,,,,,,,,,,,,,,,,
1911,2,-39.69999999999999,18.5,,,,,,,,,,,,,,,,,,,,,,,,,,,,,,,,,6.7,6.7,9.3,7.81,7.0,1.39,16.0,0.6,-9.3,-6.7,-6.68,-7.74,7.0,1.47,16.0,0.6,-0.12,0.0,0.0,-0.36,7.0,0.95,16.0,0.6,1011.78,1011.95,1012.12,1011.95,2.0,0.35,28.0,1.0,,,,,,,,,,,,,,,,,,,,,,,,,,,,,,,,,,,,,,,,,,,,,,,,,,,,,,,,,,,,,,,,,,,,,,,,,,,,,,,,,,,,,,,,,,,,,,,,,,,,,,,,,,,,,,,,,,,,,,,,
1911,2,-39.69999999999999,30.8,,,,,,,,,,,,,,,,,,,,,,,,,,,,,,,,,9.38,9.55,9.72,9.55,2.0,0.35,4.0,0.5,8.64,8.82,9.0,8.82,2.0,0.37,4.0,0.5,-2.47,0.02,2.51,0.02,2.0,5.17,4.0,0.5,1013.5,1013.5,1013.5,1013.5,1.0,0.0,6.0,1.0,,,,,,,,,,,,,,,,,,,,,,,,,,,,,,,,,,,,,,,,,,,,,,,,,,,,,,,,,,,,,,,,,,,,,,,,,,,,,,,,,,,,,,,,,,,,,,,,,,,,,,,,,,,,,,,,,,,,,,,,
1911,2,-39.60000000000002,-45.4,,,,,,,,,,,,,,,,,,,,,,,,,,,,,,,,,6.7,9.3,19.0,12.15,11.0,5.68,20.0,0.7,3.82,7.12,8.62,7.15,11.0,4.47,20.0,0.7,-17.62,-6.21,-2.13,-6.93,11.0,8.1,20.0,0.7,992.12,1024.5,1026.92,1015.58,8.0,17.39,22.0,0.6,,,,,,,,,,,,,,,,,,,,,,,,,,,,,,,,,,,,,,,,,,,,,,,,,,,,,,,,,,,,,,,,,,,,,,,,,,,,,,,,,,,,,,,,,,,,,,,,,,,,,,,,,,,,,,,,,,,,,,,,
1911,2,-39.60000000000002,-21.2,,,,,,,,,,,,,,,,,,,,,,,,,,,,,,,,,4.6,6.7,9.3,6.26,144.0,2.59,14.0,0.4,-4.74,-3.25,-0.97,-3.0,144.0,2.55,14.0,0.4,-6.93,-4.25,1.84,-3.18,144.0,4.52,14.0,0.4,1011.9,1014.5,1015.87,1014.21,46.0,2.03,14.0,0.3,,,,,,,,,,,,,,,,,,,,,,,,,,,,,,,,,,,,,,,,,,,,,,,,,,,,,,,,,,,,,,,,,,,,,,,,,,,,,,,,,,,,,,,,,,,,,,,,,,,,,,,,,,,,,,,,,,,,,,,,
1911,2,-39.60000000000002,20.3,,,,,,,,,,,,,,,,,,,,,,,,,,,,,,,,,4.73,6.7,9.3,7.36,14.0,1.91,10.0,0.4,-9.14,-6.58,-4.61,-6.6,14.0,1.7,10.0,0.4,-6.16,0.0,0.0,-0.88,14.0,3.38,10.0,0.4,1011.6,1011.6,1011.6,1011.6,1.0,0.0,28.0,0.0,,,,,,,,,,,,,,,,,,,,,,,,,,,,,,,,,,,,,,,,,,,,,,,,,,,,,,,,,,,,,,,,,,,,,,,,,,,,,,,,,,,,,,,,,,,,,,,,,,,,,,,,,,,,,,,,,,,,,,,,
1911,2,-39.60000000000002,32.4,,,,,,,,,,,,,,,,,,,,,,,,,,,,,,,,,2.6,4.6,9.01,5.69,11.0,3.68,8.0,0.5,0.0,3.25,7.46,3.56,11.0,4.44,8.0,0.5,0.0,3.25,4.66,2.34,11.0,3.07,8.0,0.5,1009.32,1020.8,1026.87,1018.52,5.0,9.28,10.0,0.6,,,,,,,,,,,,,,,,,,,,,,,,,,,,,,,,,,,,,,,,,,,,,,,,,,,,,,,,,,,,,,,,,,,,,,,,,,,,,,,,,,,,,,,,,,,,,,,,,,,,,,,,,,,,,,,,,,,,,,,,
1911,2,-39.5,-43.6,,,,,,,,,,,,,,,,,,,,,,,,,,,,,,,,,6.7,12.3,19.0,11.84,23.0,5.57,18.0,0.5,-1.65,8.7,16.46,6.88,23.0,8.36,18.0,0.5,-6.7,4.74,8.7,2.18,23.0,7.29,18.0,0.5,991.87,1003.2,1025.36,1006.25,24.0,13.87,18.0,0.5,,,,,,,,,,,,,,,,,,,,,,,,,,,,,,,,,,,,,,,,,,,,,,,,,,,,,,,,,,,,,,,,,,,,,,,,,,,,,,,,,,,,,,,,,,,,,,,,,,,,,,,,,,,,,,,,,,,,,,,,
1911,2,-39.5,-23.3,,,,,,,,,,,,,,,,,,,,,,,,,,,,,,,,,3.77,6.7,6.7,5.47,11.0,2.3,18.0,0.6,-5.35,-2.51,2.42,-1.92,11.0,3.68,18.0,0.6,-5.35,-3.25,2.05,-2.51,11.0,3.7,18.0,0.6,1009.94,1010.95,1011.85,1010.9,4.0,1.1,20.0,0.5,,,,,,,,,,,,,,,,,,,,,,,,,,,,,,,,,,,,,,,,,,,,,,,,,,,,,,,,,,,,,,,,,,,,,,,,,,,,,,,,,,,,,,,,,,,,,,,,,,,,,,,,,,,,,,,,,,,,,,,,
1911,2,-39.5,14.5,,,,,,,,,,,,,,,,,,,,,,,,,,,,,,,,,4.6,4.6,6.7,5.3,6.0,1.08,26.0,0.5,-4.74,-3.25,-3.25,-3.75,6.0,0.77,26.0,0.5,-4.74,-3.25,-3.25,-3.75,6.0,0.77,26.0,0.5,1012.2,1013.7,1014.2,1013.37,6.0,1.09,26.0,0.5,,,,,,,,,,,,,,,,,,,,,,,,,,,,,,,,,,,,,,,,,,,,,,,,,,,,,,,,,,,,,,,,,,,,,,,,,,,,,,,,,,,,,,,,,,,,,,,,,,,,,,,,,,,,,,,,,,,,,,,,
1911,2,-39.5,22.5,,,,,,,,,,,,,,,,,,,,,,,,,,,,,,,,,2.6,4.6,6.7,4.72,18.0,2.3,8.0,0.6,-5.18,-3.25,-2.39,-3.57,18.0,1.63,8.0,0.6,-3.25,1.02,5.17,1.19,18.0,3.35,8.0,0.6,1023.17,1024.05,1024.46,1023.83,4.0,0.88,8.0,0.5,,,,,,,,,,,,,,,,,,,,,,,,,,,,,,,,,,,,,,,,,,,,,,,,,,,,,,,,,,,,,,,,,,,,,,,,,,,,,,,,,,,,,,,,,,,,,,,,,,,,,,,,,,,,,,,,,,,,,,,,
1911,2,-39.5,34.6,,,,,,,,,,,,,,,,,,,,,,,,,,,,,,,,,4.73,6.7,9.3,7.73,14.0,3.48,8.0,0.3,0.0,2.2,8.38,3.25,14.0,4.29,8.0,0.3,-9.14,0.92,4.73,-0.95,14.0,6.75,8.0,0.3,1022.08,1023.55,1025.91,1023.98,4.0,2.46,14.0,0.0,,,,,,,,,,,,,,,,,,,,,,,,,,,,,,,,,,,,,,,,,,,,,,,,,,,,,,,,,,,,,,,,,,,,,,,,,,,,,,,,,,,,,,,,,,,,,,,,,,,,,,,,,,,,,,,,,,,,,,,,
1911,2,-39.5,36.4,,,,,,,,,,,,,,,,,,,,,,,,,,,,,,,,,5.2,6.7,11.59,8.56,28.0,4.18,12.0,0.5,-6.16,2.61,6.86,0.89,28.0,6.99,12.0,0.5,-6.73,0.0,4.6,-1.21,28.0,6.51,12.0,0.5,1006.34,1012.6,1020.17,1013.42,21.0,7.05,12.0,0.4,,,,,,,,,,,,,,,,,,,,,,,,,,,,,,,,,,,,,,,,,,,,,,,,,,,,,,,,,,,,,,,,,,,,,,,,,,,,,,,,,,,,,,,,,,,,,,,,,,,,,,,,,,,,,,,,,,,,,,,,
1911,2,-39.5,38.6,,,,,,,,,,,,,,,,,,,,,,,,,,,,,,,,,9.3,11.05,15.2,11.71,14.0,4.11,12.0,0.4,0.0,3.63,8.7,4.33,14.0,7.2,12.0,0.4,-8.82,7.63,9.73,3.65,14.0,8.85,12.0,0.4,1006.64,1011.3,1017.8,1011.42,5.0,7.87,12.0,0.6,,,,,,,,,,,,,,,,,,,,,,,,,,,,,,,,,,,,,,,,,,,,,,,,,,,,,,,,,,,,,,,,,,,,,,,,,,,,,,,,,,,,,,,,,,,,,,,,,,,,,,,,,,,,,,,,,,,,,,,,
1911,2,-39.5,42.5,,,,,,,,,,,,,,,,,,,,,,,,,,,,,,,,,4.6,9.3,15.4,10.31,27.0,5.21,14.0,0.4,-4.03,6.58,11.34,4.57,27.0,6.72,14.0,0.4,-11.27,-3.25,4.17,-2.9,27.0,7.88,14.0,0.4,998.14,1002.1,1017.05,1006.33,7.0,8.69,14.0,0.4,,,,,,,,,,,,,,,,,,,,,,,,,,,,,,,,,,,,,,,,,,,,,,,,,,,,,,,,,,,,,,,,,,,,,,,,,,,,,,,,,,,,,,,,,,,,,,,,,,,,,,,,,,,,,,,,,,,,,,,,
1911,2,-39.39999999999998,-1.5,,,,,,,,,,,,,,,,,,,,,,,,,,,,,,,,,4.6,6.7,6.7,5.86,5.0,1.15,8.0,0.2,-6.17,-6.17,-4.6,-5.54,5.0,0.86,8.0,0.2,-0.96,0.0,2.62,0.52,5.0,2.19,8.0,0.2,1010.4,1010.4,1010.4,1010.4,2.0,0.0,8.0,0.0,,,,,,,,,,,,,,,,,,,,,,,,,,,,,,,,,,,,,,,,,,,,,,,,,,,,,,,,,,,,,,,,,,,,,,,,,,,,,,,,,,,,,,,,,,,,,,,,,,,,,,,,,,,,,,,,,,,,,,,,
1911,2,-39.39999999999998,10.3,,,,,,,,,,,,,,,,,,,,,,,,,,,,,,,,,5.83,6.7,9.51,7.12,11.0,1.81,20.0,0.5,-8.81,-4.74,-4.54,-5.97,11.0,2.07,20.0,0.5,-4.74,-3.67,-2.51,-3.62,11.0,1.06,20.0,0.5,1014.18,1015.0,1016.11,1015.21,7.0,0.99,26.0,0.4,,,,,,,,,,,,,,,,,,,,,,,,,,,,,,,,,,,,,,,,,,,,,,,,,,,,,,,,,,,,,,,,,,,,,,,,,,,,,,,,,,,,,,,,,,,,,,,,,,,,,,,,,,,,,,,,,,,,,,,,
1911,2,-39.39999999999998,12.4,,,,,,,,,,,,,,,,,,,,,,,,,,,,,,,,,4.6,4.6,6.7,5.08,9.0,1.38,26.0,0.4,-6.21,-3.25,-3.25,-4.08,9.0,1.66,26.0,0.4,-3.25,-3.25,-2.51,-2.85,9.0,0.52,26.0,0.4,1010.95,1013.0,1015.87,1013.22,9.0,2.37,26.0,0.4,,,,,,,,,,,,,,,,,,,,,,,,,,,,,,,,,,,,,,,,,,,,,,,,,,,,,,,,,,,,,,,,,,,,,,,,,,,,,,,,,,,,,,,,,,,,,,,,,,,,,,,,,,,,,,,,,,,,,,,,
1911,2,-39.39999999999998,24.3,,,,,,,,,,,,,,,,,,,,,,,,,,,,,,,,,1.0,6.7,7.32,4.82,31.0,3.17,8.0,0.4,-7.14,-2.62,0.17,-3.22,31.0,3.89,8.0,0.4,-3.25,0.0,0.47,-0.77,31.0,2.77,8.0,0.4,1015.55,1024.1,1025.17,1021.97,14.0,4.17,12.0,0.4,,,,,,,,,,,,,,,,,,,,,,,,,,,,,,,,,,,,,,,,,,,,,,,,,,,,,,,,,,,,,,,,,,,,,,,,,,,,,,,,,,,,,,,,,,,,,,,,,,,,,,,,,,,,,,,,,,,,,,,,
1911,2,-39.39999999999998,44.3,,,,,,,,,,,,,,,,,,,,,,,,,,,,,,,,,4.6,12.3,15.4,10.95,110.0,5.71,16.0,0.5,0.0,6.19,14.25,7.38,110.0,6.68,16.0,0.5,-7.42,0.0,9.12,0.83,110.0,7.3,16.0,0.5,1001.97,1009.8,1014.61,1008.98,26.0,7.57,16.0,0.3,,,,,,,,,,,,,,,,,,,,,,,,,,,,,,,,,,,,,,,,,,,,,,,,,,,,,,,,,,,,,,,,,,,,,,,,,,,,,,,,,,,,,,,,,,,,,,,,,,,,,,,,,,,,,,,,,,,,,,,,
1911,2,-39.30000000000001,-41.4,,,,,,,,,,,,,,,,,,,,,,,,,,,,,,,,,6.7,6.7,19.0,10.21,7.0,6.0,18.0,0.3,-4.81,0.0,13.63,2.55,7.0,9.44,18.0,0.3,4.63,6.21,7.42,6.49,7.0,3.43,18.0,0.3,996.63,1002.5,1009.6,1003.1,3.0,9.51,16.0,0.3,,,,,,,,,,,,,,,,,,,,,,,,,,,,,,,,,,,,,,,,,,,,,,,,,,,,,,,,,,,,,,,,,,,,,,,,,,,,,,,,,,,,,,,,,,,,,,,,,,,,,,,,,,,,,,,,,,,,,,,,
1911,2,-39.30000000000001,0.5,,,,,,,,,,,,,,,,,,,,,,,,,,,,,,,,,9.3,9.3,9.3,9.3,1.0,0.0,6.0,1.0,-8.56,-8.56,-8.56,-8.56,1.0,0.0,6.0,1.0,3.63,3.63,3.63,3.63,1.0,0.0,6.0,1.0,1014.9,1014.9,1014.9,1014.9,1.0,0.0,6.0,1.0,,,,,,,,,,,,,,,,,,,,,,,,,,,,,,,,,,,,,,,,,,,,,,,,,,,,,,,,,,,,,,,,,,,,,,,,,,,,,,,,,,,,,,,,,,,,,,,,,,,,,,,,,,,,,,,,,,,,,,,,
1911,2,-39.30000000000001,26.3,,,,,,,,,,,,,,,,,,,,,,,,,,,,,,,,,5.73,9.3,9.3,7.71,17.0,1.89,14.0,0.5,-8.59,-3.48,0.0,-3.89,17.0,3.63,14.0,0.5,0.0,4.74,8.93,4.51,17.0,3.97,14.0,0.5,1019.64,1021.15,1021.93,1020.61,8.0,1.49,12.0,0.5,,,,,,,,,,,,,,,,,,,,,,,,,,,,,,,,,,,,,,,,,,,,,,,,,,,,,,,,,,,,,,,,,,,,,,,,,,,,,,,,,,,,,,,,,,,,,,,,,,,,,,,,,,,,,,,,,,,,,,,,
1911,2,-39.30000000000001,46.2,,,,,,,,,,,,,,,,,,,,,,,,,,,,,,,,,7.85,15.4,22.6,16.25,29.0,6.91,16.0,0.5,2.67,10.89,20.8,10.66,29.0,8.8,16.0,0.5,-5.29,4.61,13.91,4.77,29.0,10.12,16.0,0.5,994.27,995.9,1006.65,999.98,5.0,8.2,8.0,0.0,,,,,,,,,,,,,,,,,,,,,,,,,,,,,,,,,,,,,,,,,,,,,,,,,,,,,,,,,,,,,,,,,,,,,,,,,,,,,,,,,,,,,,,,,,,,,,,,,,,,,,,,,,,,,,,,,,,,,,,,
1911,2,-39.19999999999999,-19.4,,,,,,,,,,,,,,,,,,,,,,,,,,,,,,,,,2.6,4.6,6.7,5.26,201.0,2.28,14.0,0.5,-4.74,-3.25,-1.54,-2.99,201.0,1.88,14.0,0.5,-6.21,-2.51,1.72,-2.05,201.0,4.03,14.0,0.5,1012.73,1014.65,1015.87,1014.5,66.0,1.55,12.0,0.6,,,,,,,,,,,,,,,,,,,,,,,,,,,,,,,,,,,,,,,,,,,,,,,,,,,,,,,,,,,,,,,,,,,,,,,,,,,,,,,,,,,,,,,,,,,,,,,,,,,,,,,,,,,,,,,,,,,,,,,,
1911,2,-39.10000000000002,-17.5,,,,,,,,,,,,,,,,,,,,,,,,,,,,,,,,,2.6,4.6,6.7,4.65,75.0,2.34,12.0,0.5,-5.1,-2.6,-1.54,-3.21,75.0,2.09,12.0,0.5,-4.35,-0.39,2.51,-0.87,75.0,3.44,12.0,0.5,1012.93,1014.1,1015.9,1014.29,22.0,1.51,12.0,0.4,,,,,,,,,,,,,,,,,,,,,,,,,,,,,,,,,,,,,,,,,,,,,,,,,,,,,,,,,,,,,,,,,,,,,,,,,,,,,,,,,,,,,,,,,,,,,,,,,,,,,,,,,,,,,,,,,,,,,,,,
1911,2,-39.10000000000002,-15.4,,,,,,,,,,,,,,,,,,,,,,,,,,,,,,,,,2.6,4.6,6.7,5.08,36.0,1.96,14.0,0.5,-4.66,-3.25,-1.82,-3.24,36.0,2.25,14.0,0.5,-5.37,0.0,3.25,-0.8,36.0,3.73,14.0,0.5,1011.35,1014.3,1015.51,1013.73,11.0,2.28,14.0,0.5,,,,,,,,,,,,,,,,,,,,,,,,,,,,,,,,,,,,,,,,,,,,,,,,,,,,,,,,,,,,,,,,,,,,,,,,,,,,,,,,,,,,,,,,,,,,,,,,,,,,,,,,,,,,,,,,,,,,,,,,
1911,2,-39.10000000000002,-13.6,,,,,,,,,,,,,,,,,,,,,,,,,,,,,,,,,2.6,4.6,6.7,4.46,24.0,2.24,14.0,0.3,-4.65,-2.93,-1.55,-3.22,24.0,2.49,14.0,0.3,-2.33,0.0,3.25,0.41,24.0,2.93,14.0,0.3,1011.96,1013.85,1014.66,1013.26,8.0,2.12,10.0,0.0,,,,,,,,,,,,,,,,,,,,,,,,,,,,,,,,,,,,,,,,,,,,,,,,,,,,,,,,,,,,,,,,,,,,,,,,,,,,,,,,,,,,,,,,,,,,,,,,,,,,,,,,,,,,,,,,,,,,,,,,
1911,2,-39.10000000000002,-3.1,,,,,,,,,,,,,,,,,,,,,,,,,,,,,,,,,4.6,4.6,4.6,4.6,6.0,0.0,18.0,0.2,-4.6,-4.27,-4.03,-4.2,6.0,0.5,18.0,0.2,-2.1,0.0,1.72,-0.27,6.0,1.97,18.0,0.2,1008.63,1010.0,1010.96,1009.8,3.0,1.71,12.0,0.3,,,,,,,,,,,,,,,,,,,,,,,,,,,,,,,,,,,,,,,,,,,,,,,,,,,,,,,,,,,,,,,,,,,,,,,,,,,,,,,,,,,,,,,,,,,,,,,,,,,,,,,,,,,,,,,,,,,,,,,,
1911,2,-37.60000000000002,-45.2,,,,,,,,,,,,,,,,,,,,,,,,,,,,,,,,,4.19,4.6,5.03,4.62,6.0,1.3,28.0,0.5,-0.37,0.0,0.0,-0.3,6.0,0.73,28.0,0.5,-5.03,-4.6,-3.9,-4.56,6.0,1.31,28.0,0.5,1026.89,1027.5,1028.67,1027.66,5.0,1.12,28.0,0.6,,,,,,,,,,,,,,,,,,,,,,,,,,,,,,,,,,,,,,,,,,,,,,,,,,,,,,,,,,,,,,,,,,,,,,,,,,,,,,,,,,,,,,,,,,,,,,,,,,,,,,,,,,,,,,,,,,,,,,,,
1911,2,-37.60000000000002,10.5,,,,,,,,,,,,,,,,,,,,,,,,,,,,,,,,,4.6,6.7,8.62,6.65,16.0,2.27,20.0,0.6,-7.75,-4.74,-3.25,-5.02,16.0,2.32,20.0,0.6,-4.74,-3.95,-3.25,-3.99,16.0,1.76,20.0,0.6,1010.97,1013.8,1016.24,1013.48,13.0,2.85,22.0,0.7,,,,,,,,,,,,,,,,,,,,,,,,,,,,,,,,,,,,,,,,,,,,,,,,,,,,,,,,,,,,,,,,,,,,,,,,,,,,,,,,,,,,,,,,,,,,,,,,,,,,,,,,,,,,,,,,,,,,,,,,
1911,2,-37.5,-43.4,,,,,,,,,,,,,,,,,,,,,,,,,,,,,,,,,4.6,15.4,15.4,11.47,17.0,5.28,18.0,0.5,0.0,10.89,12.73,8.09,17.0,6.24,18.0,0.5,-4.4,4.61,10.89,2.86,17.0,7.11,18.0,0.5,1000.19,1013.6,1028.53,1014.78,12.0,11.7,20.0,0.5,,,,,,,,,,,,,,,,,,,,,,,,,,,,,,,,,,,,,,,,,,,,,,,,,,,,,,,,,,,,,,,,,,,,,,,,,,,,,,,,,,,,,,,,,,,,,,,,,,,,,,,,,,,,,,,,,,,,,,,,
1911,2,-37.5,-19.3,,,,,,,,,,,,,,,,,,,,,,,,,,,,,,,,,2.73,4.6,4.6,4.21,14.0,1.34,18.0,0.8,-4.6,-3.25,-1.8,-3.1,14.0,1.57,18.0,0.8,-4.17,-0.86,0.0,-1.29,14.0,2.5,18.0,0.8,1013.5,1013.6,1013.9,1013.61,8.0,0.7,18.0,0.6,,,,,,,,,,,,,,,,,,,,,,,,,,,,,,,,,,,,,,,,,,,,,,,,,,,,,,,,,,,,,,,,,,,,,,,,,,,,,,,,,,,,,,,,,,,,,,,,,,,,,,,,,,,,,,,,,,,,,,,,
1911,2,-37.5,-17.3,,,,,,,,,,,,,,,,,,,,,,,,,,,,,,,,,2.6,4.6,6.7,4.45,118.0,1.95,14.0,0.4,-4.66,-2.55,-0.92,-2.94,118.0,2.21,14.0,0.4,-3.89,-0.71,1.76,-0.9,118.0,3.06,14.0,0.4,1012.89,1014.1,1015.4,1014.08,38.0,1.33,14.0,0.4,,,,,,,,,,,,,,,,,,,,,,,,,,,,,,,,,,,,,,,,,,,,,,,,,,,,,,,,,,,,,,,,,,,,,,,,,,,,,,,,,,,,,,,,,,,,,,,,,,,,,,,,,,,,,,,,,,,,,,,,
1911,2,-37.5,8.5,,,,,,,,,,,,,,,,,,,,,,,,,,,,,,,,,6.7,6.7,7.36,6.96,12.0,1.25,22.0,0.4,-6.3,-4.74,-3.09,-4.94,12.0,1.48,22.0,0.4,-6.27,-4.74,-2.51,-4.6,12.0,1.59,22.0,0.4,1012.09,1014.8,1015.53,1014.05,12.0,2.0,22.0,0.4,,,,,,,,,,,,,,,,,,,,,,,,,,,,,,,,,,,,,,,,,,,,,,,,,,,,,,,,,,,,,,,,,,,,,,,,,,,,,,,,,,,,,,,,,,,,,,,,,,,,,,,,,,,,,,,,,,,,,,,,
1911,2,-37.5,34.7,,,,,,,,,,,,,,,,,,,,,,,,,,,,,,,,,2.29,9.3,15.4,8.89,25.0,6.14,6.0,0.4,-0.97,3.25,10.89,3.91,25.0,5.18,6.0,0.4,-9.6,1.8,11.32,1.01,25.0,8.73,6.0,0.4,1025.76,1027.6,1028.62,1027.2,3.0,2.13,8.0,0.0,,,,,,,,,,,,,,,,,,,,,,,,,,,,,,,,,,,,,,,,,,,,,,,,,,,,,,,,,,,,,,,,,,,,,,,,,,,,,,,,,,,,,,,,,,,,,,,,,,,,,,,,,,,,,,,,,,,,,,,,
1911,2,-37.5,36.5,,,,,,,,,,,,,,,,,,,,,,,,,,,,,,,,,2.6,6.7,12.3,7.15,34.0,4.68,8.0,0.6,-0.97,2.17,8.68,3.17,34.0,5.07,8.0,0.6,-2.34,2.41,8.22,2.47,34.0,5.67,8.0,0.6,1010.53,1024.3,1026.3,1020.93,19.0,7.64,8.0,0.7,,,,,,,,,,,,,,,,,,,,,,,,,,,,,,,,,,,,,,,,,,,,,,,,,,,,,,,,,,,,,,,,,,,,,,,,,,,,,,,,,,,,,,,,,,,,,,,,,,,,,,,,,,,,,,,,,,,,,,,,
1911,2,-37.39999999999998,-41.5,,,,,,,,,,,,,,,,,,,,,,,,,,,,,,,,,4.44,6.7,15.4,9.28,32.0,5.43,18.0,0.5,-1.14,4.0,11.64,5.11,32.0,7.26,18.0,0.5,-2.9,2.56,7.24,1.73,32.0,5.98,18.0,0.5,1005.34,1014.95,1021.17,1013.72,32.0,8.12,18.0,0.5,,,,,,,,,,,,,,,,,,,,,,,,,,,,,,,,,,,,,,,,,,,,,,,,,,,,,,,,,,,,,,,,,,,,,,,,,,,,,,,,,,,,,,,,,,,,,,,,,,,,,,,,,,,,,,,,,,,,,,,,
1911,2,-37.39999999999998,-21.4,,,,,,,,,,,,,,,,,,,,,,,,,,,,,,,,,4.6,4.6,6.47,5.2,8.0,1.99,8.0,0.5,-4.27,-4.23,-2.8,-4.03,8.0,1.39,8.0,0.5,-1.83,0.04,1.8,0.06,8.0,3.78,8.0,0.5,1007.78,1009.25,1010.72,1009.25,2.0,3.04,24.0,0.5,,,,,,,,,,,,,,,,,,,,,,,,,,,,,,,,,,,,,,,,,,,,,,,,,,,,,,,,,,,,,,,,,,,,,,,,,,,,,,,,,,,,,,,,,,,,,,,,,,,,,,,,,,,,,,,,,,,,,,,,
1911,2,-37.39999999999998,12.5,,,,,,,,,,,,,,,,,,,,,,,,,,,,,,,,,4.6,5.65,8.47,6.27,10.0,2.09,18.0,0.5,-6.62,-4.5,-3.69,-5.03,10.0,1.42,18.0,0.5,-5.99,-2.88,-1.72,-3.53,10.0,2.02,18.0,0.5,1014.9,1016.0,1016.65,1015.84,5.0,1.24,24.0,0.4,,,,,,,,,,,,,,,,,,,,,,,,,,,,,,,,,,,,,,,,,,,,,,,,,,,,,,,,,,,,,,,,,,,,,,,,,,,,,,,,,,,,,,,,,,,,,,,,,,,,,,,,,,,,,,,,,,,,,,,,
1911,2,-37.39999999999998,32.6,,,,,,,,,,,,,,,,,,,,,,,,,,,,,,,,,2.6,9.3,11.75,7.27,15.0,4.55,10.0,0.5,0.0,1.8,8.67,3.41,15.0,4.24,10.0,0.5,-4.55,1.84,9.14,1.8,15.0,6.6,10.0,0.5,1003.38,1004.7,1027.43,1012.69,7.0,12.12,10.0,0.4,,,,,,,,,,,,,,,,,,,,,,,,,,,,,,,,,,,,,,,,,,,,,,,,,,,,,,,,,,,,,,,,,,,,,,,,,,,,,,,,,,,,,,,,,,,,,,,,,,,,,,,,,,,,,,,,,,,,,,,,
1911,2,-37.39999999999998,38.6,,,,,,,,,,,,,,,,,,,,,,,,,,,,,,,,,8.8,12.3,15.4,11.68,25.0,4.28,10.0,0.5,0.0,4.81,11.16,5.09,25.0,6.41,10.0,0.5,-0.91,6.58,11.32,4.52,25.0,8.44,10.0,0.5,1008.59,1014.6,1019.03,1014.39,12.0,5.24,8.0,0.3,,,,,,,,,,,,,,,,,,,,,,,,,,,,,,,,,,,,,,,,,,,,,,,,,,,,,,,,,,,,,,,,,,,,,,,,,,,,,,,,,,,,,,,,,,,,,,,,,,,,,,,,,,,,,,,,,,,,,,,,
1911,2,-37.39999999999998,44.4,,,,,,,,,,,,,,,,,,,,,,,,,,,,,,,,,4.6,9.3,19.0,10.95,114.0,6.14,16.0,0.5,0.0,4.74,13.48,5.3,114.0,7.45,16.0,0.5,-4.74,2.12,12.3,3.15,114.0,8.05,16.0,0.5,999.67,1007.4,1012.44,1007.02,32.0,7.86,12.0,0.5,,,,,,,,,,,,,,,,,,,,,,,,,,,,,,,,,,,,,,,,,,,,,,,,,,,,,,,,,,,,,,,,,,,,,,,,,,,,,,,,,,,,,,,,,,,,,,,,,,,,,,,,,,,,,,,,,,,,,,,,
1911,2,-37.30000000000001,-15.3,,,,,,,,,,,,,,,,,,,,,,,,,,,,,,,,,2.6,4.6,6.7,4.57,137.0,1.66,14.0,0.5,-4.74,-3.48,-1.82,-3.51,137.0,1.98,14.0,0.5,-3.25,0.0,1.84,-0.29,137.0,2.72,14.0,0.5,1011.9,1013.55,1015.02,1013.54,44.0,1.46,14.0,0.5,,,,,,,,,,,,,,,,,,,,,,,,,,,,,,,,,,,,,,,,,,,,,,,,,,,,,,,,,,,,,,,,,,,,,,,,,,,,,,,,,,,,,,,,,,,,,,,,,,,,,,,,,,,,,,,,,,,,,,,,
1911,2,-37.30000000000001,-3.4,,,,,,,,,,,,,,,,,,,,,,,,,,,,,,,,,4.83,6.7,6.7,6.18,8.0,0.97,10.0,0.9,-6.01,-4.74,-4.32,-4.98,8.0,0.76,10.0,0.9,1.82,3.68,4.74,3.45,8.0,1.41,10.0,0.9,1010.48,1010.65,1010.82,1010.65,2.0,0.35,6.0,1.0,,,,,,,,,,,,,,,,,,,,,,,,,,,,,,,,,,,,,,,,,,,,,,,,,,,,,,,,,,,,,,,,,,,,,,,,,,,,,,,,,,,,,,,,,,,,,,,,,,,,,,,,,,,,,,,,,,,,,,,,
1911,2,-37.30000000000001,26.4,,,,,,,,,,,,,,,,,,,,,,,,,,,,,,,,,2.6,4.6,7.32,4.71,31.0,2.52,14.0,0.6,-4.6,-1.84,1.52,-1.86,31.0,3.72,14.0,0.6,-1.84,0.0,3.25,0.63,31.0,3.38,14.0,0.6,1019.58,1020.7,1021.18,1020.49,8.0,0.75,12.0,0.6,,,,,,,,,,,,,,,,,,,,,,,,,,,,,,,,,,,,,,,,,,,,,,,,,,,,,,,,,,,,,,,,,,,,,,,,,,,,,,,,,,,,,,,,,,,,,,,,,,,,,,,,,,,,,,,,,,,,,,,,
1911,2,-37.30000000000001,28.4,,,,,,,,,,,,,,,,,,,,,,,,,,,,,,,,,1.0,2.6,7.07,4.12,19.0,3.26,14.0,0.4,-3.45,-2.41,0.0,-2.55,19.0,3.3,14.0,0.4,-0.97,0.0,4.63,1.56,19.0,2.87,14.0,0.4,1021.34,1021.75,1021.92,1021.65,6.0,0.35,20.0,0.3,,,,,,,,,,,,,,,,,,,,,,,,,,,,,,,,,,,,,,,,,,,,,,,,,,,,,,,,,,,,,,,,,,,,,,,,,,,,,,,,,,,,,,,,,,,,,,,,,,,,,,,,,,,,,,,,,,,,,,,,
1911,2,-37.30000000000001,42.2,,,,,,,,,,,,,,,,,,,,,,,,,,,,,,,,,4.6,9.8,12.3,9.16,13.0,4.08,18.0,0.7,-5.01,-1.02,8.95,1.13,13.0,8.67,18.0,0.7,-7.1,-1.8,4.27,-1.94,13.0,5.2,18.0,0.7,1018.32,1019.0,1019.14,1018.73,3.0,0.64,28.0,1.0,,,,,,,,,,,,,,,,,,,,,,,,,,,,,,,,,,,,,,,,,,,,,,,,,,,,,,,,,,,,,,,,,,,,,,,,,,,,,,,,,,,,,,,,,,,,,,,,,,,,,,,,,,,,,,,,,,,,,,,,
1911,2,-37.30000000000001,46.3,,,,,,,,,,,,,,,,,,,,,,,,,,,,,,,,,8.8,15.4,19.69,14.86,25.0,6.07,18.0,0.6,-0.5,8.7,17.49,7.51,25.0,9.25,18.0,0.6,-10.89,2.51,8.36,0.33,25.0,11.08,18.0,0.6,1001.95,1008.0,1013.43,1008.4,7.0,5.88,12.0,0.9,,,,,,,,,,,,,,,,,,,,,,,,,,,,,,,,,,,,,,,,,,,,,,,,,,,,,,,,,,,,,,,,,,,,,,,,,,,,,,,,,,,,,,,,,,,,,,,,,,,,,,,,,,,,,,,,,,,,,,,,
1911,2,-37.19999999999999,-39.7,,,,,,,,,,,,,,,,,,,,,,,,,,,,,,,,,6.66,15.4,15.4,11.13,3.0,7.39,14.0,0.3,5.79,14.28,14.28,10.13,3.0,7.18,14.0,0.3,0.58,5.77,5.77,3.23,3.0,4.39,14.0,0.3,1004.77,1007.5,1011.32,1008.03,3.0,4.82,14.0,0.3,,,,,,,,,,,,,,,,,,,,,,,,,,,,,,,,,,,,,,,,,,,,,,,,,,,,,,,,,,,,,,,,,,,,,,,,,,,,,,,,,,,,,,,,,,,,,,,,,,,,,,,,,,,,,,,,,,,,,,,,
1911,2,-37.19999999999999,-13.3,,,,,,,,,,,,,,,,,,,,,,,,,,,,,,,,,4.6,4.6,6.7,4.96,99.0,1.5,12.0,0.5,-6.19,-4.27,-2.6,-4.23,99.0,1.74,12.0,0.5,-1.8,0.0,3.25,0.34,99.0,2.41,12.0,0.5,1012.54,1013.6,1014.82,1013.67,35.0,1.21,12.0,0.5,,,,,,,,,,,,,,,,,,,,,,,,,,,,,,,,,,,,,,,,,,,,,,,,,,,,,,,,,,,,,,,,,,,,,,,,,,,,,,,,,,,,,,,,,,,,,,,,,,,,,,,,,,,,,,,,,,,,,,,,
1911,2,-37.19999999999999,-1.2,,,,,,,,,,,,,,,,,,,,,,,,,,,,,,,,,4.19,4.6,5.03,4.62,6.0,1.3,2.0,0.5,-4.67,-4.27,-3.12,-4.14,6.0,1.22,2.0,0.5,1.37,1.72,2.66,1.82,6.0,1.08,2.0,0.5,1009.5,1010.75,1011.84,1010.72,6.0,1.18,2.0,0.5,,,,,,,,,,,,,,,,,,,,,,,,,,,,,,,,,,,,,,,,,,,,,,,,,,,,,,,,,,,,,,,,,,,,,,,,,,,,,,,,,,,,,,,,,,,,,,,,,,,,,,,,,,,,,,,,,,,,,,,,
1911,2,-37.19999999999999,6.8,,,,,,,,,,,,,,,,,,,,,,,,,,,,,,,,,7.11,8.0,8.89,8.0,2.0,1.84,24.0,0.5,-3.47,-3.13,-2.78,-3.13,2.0,0.72,24.0,0.5,-8.18,-7.36,-6.55,-7.36,2.0,1.69,24.0,0.5,1013.0,1013.65,1014.3,1013.65,2.0,1.34,24.0,0.5,,,,,,,,,,,,,,,,,,,,,,,,,,,,,,,,,,,,,,,,,,,,,,,,,,,,,,,,,,,,,,,,,,,,,,,,,,,,,,,,,,,,,,,,,,,,,,,,,,,,,,,,,,,,,,,,,,,,,,,,
1911,2,-37.19999999999999,16.8,,,,,,,,,,,,,,,,,,,,,,,,,,,,,,,,,6.7,6.7,6.7,6.7,1.0,0.0,26.0,0.0,-6.21,-6.21,-6.21,-6.21,1.0,0.0,26.0,0.0,-2.51,-2.51,-2.51,-2.51,1.0,0.0,26.0,0.0,1017.5,1017.5,1017.5,1017.5,1.0,0.0,26.0,0.0,,,,,,,,,,,,,,,,,,,,,,,,,,,,,,,,,,,,,,,,,,,,,,,,,,,,,,,,,,,,,,,,,,,,,,,,,,,,,,,,,,,,,,,,,,,,,,,,,,,,,,,,,,,,,,,,,,,,,,,,
1911,2,-37.19999999999999,18.5,,,,,,,,,,,,,,,,,,,,,,,,,,,,,,,,,6.7,6.7,6.7,6.7,5.0,0.0,26.0,0.6,-6.21,-6.21,-6.21,-6.21,5.0,0.0,26.0,0.6,-2.51,-2.51,-2.51,-2.51,5.0,0.0,26.0,0.6,1019.75,1020.3,1021.07,1020.38,5.0,0.72,26.0,0.6,,,,,,,,,,,,,,,,,,,,,,,,,,,,,,,,,,,,,,,,,,,,,,,,,,,,,,,,,,,,,,,,,,,,,,,,,,,,,,,,,,,,,,,,,,,,,,,,,,,,,,,,,,,,,,,,,,,,,,,,
1911,2,-37.19999999999999,20.3,,,,,,,,,,,,,,,,,,,,,,,,,,,,,,,,,6.3,6.7,12.3,8.46,25.0,2.98,18.0,0.5,-10.97,-6.7,-5.87,-7.9,25.0,2.53,18.0,0.5,-3.48,0.0,0.0,-1.94,25.0,2.82,18.0,0.5,1018.67,1020.15,1021.28,1019.98,12.0,1.39,18.0,0.4,,,,,,,,,,,,,,,,,,,,,,,,,,,,,,,,,,,,,,,,,,,,,,,,,,,,,,,,,,,,,,,,,,,,,,,,,,,,,,,,,,,,,,,,,,,,,,,,,,,,,,,,,,,,,,,,,,,,,,,,
1911,2,-37.19999999999999,22.2,,,,,,,,,,,,,,,,,,,,,,,,,,,,,,,,,4.6,6.7,12.06,6.96,33.0,3.66,16.0,0.5,-9.3,-6.17,-1.84,-5.86,33.0,3.86,16.0,0.5,-4.74,-1.84,0.0,-2.01,33.0,3.0,16.0,0.5,1018.56,1020.4,1021.28,1020.03,25.0,1.59,12.0,0.5,,,,,,,,,,,,,,,,,,,,,,,,,,,,,,,,,,,,,,,,,,,,,,,,,,,,,,,,,,,,,,,,,,,,,,,,,,,,,,,,,,,,,,,,,,,,,,,,,,,,,,,,,,,,,,,,,,,,,,,,
1911,2,-37.19999999999999,24.4,,,,,,,,,,,,,,,,,,,,,,,,,,,,,,,,,3.8,4.6,6.7,6.06,30.0,3.51,18.0,0.6,-6.7,-4.43,-1.84,-4.92,30.0,4.03,18.0,0.6,-2.45,-0.46,3.25,0.16,30.0,3.0,18.0,0.6,1020.61,1023.0,1025.07,1022.76,14.0,2.08,18.0,0.6,,,,,,,,,,,,,,,,,,,,,,,,,,,,,,,,,,,,,,,,,,,,,,,,,,,,,,,,,,,,,,,,,,,,,,,,,,,,,,,,,,,,,,,,,,,,,,,,,,,,,,,,,,,,,,,,,,,,,,,,
1911,2,-37.10000000000002,-11.5,,,,,,,,,,,,,,,,,,,,,,,,,,,,,,,,,4.6,5.65,6.7,5.7,26.0,1.67,12.0,0.7,-6.7,-4.67,-3.25,-5.18,26.0,1.89,12.0,0.7,-1.72,0.51,3.25,0.68,26.0,2.13,12.0,0.7,1012.99,1013.7,1014.4,1013.96,9.0,1.16,8.0,0.6,,,,,,,,,,,,,,,,,,,,,,,,,,,,,,,,,,,,,,,,,,,,,,,,,,,,,,,,,,,,,,,,,,,,,,,,,,,,,,,,,,,,,,,,,,,,,,,,,,,,,,,,,,,,,,,,,,,,,,,,
1911,2,-37.10000000000002,-5.0,,,,,,,,,,,,,,,,,,,,,,,,,,,,,,,,,4.6,4.6,4.6,4.6,5.0,0.0,18.0,0.2,-4.6,-4.27,-3.88,-4.19,5.0,0.55,18.0,0.2,-2.33,0.0,0.63,-0.67,5.0,1.91,18.0,0.2,1009.31,1011.3,1011.81,1010.68,5.0,1.4,18.0,0.2,,,,,,,,,,,,,,,,,,,,,,,,,,,,,,,,,,,,,,,,,,,,,,,,,,,,,,,,,,,,,,,,,,,,,,,,,,,,,,,,,,,,,,,,,,,,,,,,,,,,,,,,,,,,,,,,,,,,,,,,
1911,2,-35.69999999999999,-43.6,,,,,,,,,,,,,,,,,,,,,,,,,,,,,,,,,9.3,9.3,11.35,10.3,3.0,1.73,28.0,0.7,0.0,0.0,3.15,1.54,3.0,2.66,28.0,0.7,-10.74,-9.3,-9.3,-10.0,3.0,1.21,28.0,0.7,1013.93,1015.3,1017.89,1015.9,3.0,2.95,28.0,0.7,,,,,,,,,,,,,,,,,,,,,,,,,,,,,,,,,,,,,,,,,,,,,,,,,,,,,,,,,,,,,,,,,,,,,,,,,,,,,,,,,,,,,,,,,,,,,,,,,,,,,,,,,,,,,,,,,,,,,,,,
1911,2,-35.69999999999999,-21.2,,,,,,,,,,,,,,,,,,,,,,,,,,,,,,,,,4.93,5.65,6.37,5.65,2.0,1.48,28.0,1.0,-4.27,-3.27,-2.26,-3.27,2.0,2.08,28.0,1.0,-4.66,-4.49,-4.31,-4.49,2.0,0.36,28.0,1.0,1008.35,1008.9,1011.63,1009.97,3.0,2.57,28.0,1.0,,,,,,,,,,,,,,,,,,,,,,,,,,,,,,,,,,,,,,,,,,,,,,,,,,,,,,,,,,,,,,,,,,,,,,,,,,,,,,,,,,,,,,,,,,,,,,,,,,,,,,,,,,,,,,,,,,,,,,,,
1911,2,-35.69999999999999,8.4,,,,,,,,,,,,,,,,,,,,,,,,,,,,,,,,,5.83,6.7,7.77,6.79,11.0,1.49,18.0,0.5,-6.36,-4.74,-4.12,-4.94,11.0,1.14,18.0,0.5,-5.5,-4.74,-3.25,-4.6,11.0,1.26,18.0,0.5,1010.1,1013.2,1013.84,1012.32,11.0,1.99,18.0,0.5,,,,,,,,,,,,,,,,,,,,,,,,,,,,,,,,,,,,,,,,,,,,,,,,,,,,,,,,,,,,,,,,,,,,,,,,,,,,,,,,,,,,,,,,,,,,,,,,,,,,,,,,,,,,,,,,,,,,,,,,
1911,2,-35.69999999999999,16.4,,,,,,,,,,,,,,,,,,,,,,,,,,,,,,,,,5.6,6.7,6.7,6.18,4.0,1.05,24.0,0.5,-6.21,-6.21,-5.19,-5.73,4.0,0.97,24.0,0.5,-2.51,-2.51,-2.1,-2.31,4.0,0.39,24.0,0.5,1017.54,1018.95,1019.15,1018.38,4.0,1.33,24.0,0.5,,,,,,,,,,,,,,,,,,,,,,,,,,,,,,,,,,,,,,,,,,,,,,,,,,,,,,,,,,,,,,,,,,,,,,,,,,,,,,,,,,,,,,,,,,,,,,,,,,,,,,,,,,,,,,,,,,,,,,,,
1911,2,-35.69999999999999,52.8,,,,,,,,,,,,,,,,,,,,,,,,,,,,,,,,,23.27,24.7,26.13,24.7,2.0,2.97,22.0,0.5,21.88,23.88,25.87,23.88,2.0,4.13,22.0,0.5,1.34,4.23,7.12,4.23,2.0,5.99,22.0,0.5,1005.7,1005.7,1005.7,1005.7,1.0,0.0,16.0,0.0,,,,,,,,,,,,,,,,,,,,,,,,,,,,,,,,,,,,,,,,,,,,,,,,,,,,,,,,,,,,,,,,,,,,,,,,,,,,,,,,,,,,,,,,,,,,,,,,,,,,,,,,,,,,,,,,,,,,,,,,
1911,2,-35.60000000000002,-17.4,,,,,,,,,,,,,,,,,,,,,,,,,,,,,,,,,4.6,4.6,6.7,5.37,11.0,1.4,14.0,0.6,-6.17,-4.23,-2.95,-4.52,11.0,1.46,14.0,0.6,-0.75,1.8,2.62,0.84,11.0,2.88,14.0,0.6,1014.75,1015.1,1015.3,1015.02,5.0,0.33,18.0,0.6,,,,,,,,,,,,,,,,,,,,,,,,,,,,,,,,,,,,,,,,,,,,,,,,,,,,,,,,,,,,,,,,,,,,,,,,,,,,,,,,,,,,,,,,,,,,,,,,,,,,,,,,,,,,,,,,,,,,,,,,
1911,2,-35.60000000000002,12.6,,,,,,,,,,,,,,,,,,,,,,,,,,,,,,,,,2.82,4.6,6.7,4.89,8.0,1.71,22.0,0.4,-4.74,-3.25,-2.5,-3.71,8.0,1.42,22.0,0.4,-4.57,-3.25,-1.91,-3.07,8.0,1.3,22.0,0.4,1016.29,1017.8,1018.8,1017.2,7.0,1.65,24.0,0.3,,,,,,,,,,,,,,,,,,,,,,,,,,,,,,,,,,,,,,,,,,,,,,,,,,,,,,,,,,,,,,,,,,,,,,,,,,,,,,,,,,,,,,,,,,,,,,,,,,,,,,,,,,,,,,,,,,,,,,,,
1911,2,-35.60000000000002,28.6,,,,,,,,,,,,,,,,,,,,,,,,,,,,,,,,,4.6,6.7,6.7,5.86,10.0,1.08,20.0,0.5,-6.17,-2.12,0.0,-2.77,10.0,2.58,20.0,0.5,2.62,4.27,6.49,4.38,10.0,1.66,20.0,0.5,1021.86,1023.0,1023.67,1022.97,7.0,1.3,22.0,0.6,,,,,,,,,,,,,,,,,,,,,,,,,,,,,,,,,,,,,,,,,,,,,,,,,,,,,,,,,,,,,,,,,,,,,,,,,,,,,,,,,,,,,,,,,,,,,,,,,,,,,,,,,,,,,,,,,,,,,,,,
1911,2,-35.60000000000002,32.8,,,,,,,,,,,,,,,,,,,,,,,,,,,,,,,,,1.0,1.0,2.09,1.53,3.0,0.92,6.0,0.0,0.0,0.0,1.77,0.87,3.0,1.5,6.0,0.0,-1.0,-1.0,-0.32,-0.67,3.0,0.58,6.0,0.0,1028.2,1028.2,1028.2,1028.2,1.0,0.0,10.0,0.0,,,,,,,,,,,,,,,,,,,,,,,,,,,,,,,,,,,,,,,,,,,,,,,,,,,,,,,,,,,,,,,,,,,,,,,,,,,,,,,,,,,,,,,,,,,,,,,,,,,,,,,,,,,,,,,,,,,,,,,,
1911,2,-35.5,-41.5,,,,,,,,,,,,,,,,,,,,,,,,,,,,,,,,,6.17,8.0,9.3,7.9,12.0,2.27,16.0,0.3,6.07,6.7,8.64,7.03,12.0,1.53,16.0,0.3,0.0,0.0,4.27,1.31,12.0,3.88,16.0,0.3,1012.92,1016.7,1017.9,1015.53,7.0,2.6,16.0,0.3,,,,,,,,,,,,,,,,,,,,,,,,,,,,,,,,,,,,,,,,,,,,,,,,,,,,,,,,,,,,,,,,,,,,,,,,,,,,,,,,,,,,,,,,,,,,,,,,,,,,,,,,,,,,,,,,,,,,,,,,
1911,2,-35.5,-19.5,,,,,,,,,,,,,,,,,,,,,,,,,,,,,,,,,2.52,6.7,9.3,5.74,7.0,3.18,18.0,0.3,-8.56,-6.17,-2.3,-5.08,7.0,3.15,18.0,0.3,-1.04,2.62,3.27,1.25,7.0,2.6,18.0,0.3,1009.62,1010.25,1011.66,1010.63,4.0,1.61,28.0,0.3,,,,,,,,,,,,,,,,,,,,,,,,,,,,,,,,,,,,,,,,,,,,,,,,,,,,,,,,,,,,,,,,,,,,,,,,,,,,,,,,,,,,,,,,,,,,,,,,,,,,,,,,,,,,,,,,,,,,,,,,
1911,2,-35.5,-13.2,,,,,,,,,,,,,,,,,,,,,,,,,,,,,,,,,2.6,4.6,6.7,4.93,70.0,1.73,14.0,0.4,-6.17,-4.27,-1.84,-3.94,70.0,1.82,14.0,0.4,-2.62,0.0,2.62,0.3,70.0,2.93,14.0,0.4,1011.95,1013.0,1013.9,1012.81,17.0,1.1,16.0,0.4,,,,,,,,,,,,,,,,,,,,,,,,,,,,,,,,,,,,,,,,,,,,,,,,,,,,,,,,,,,,,,,,,,,,,,,,,,,,,,,,,,,,,,,,,,,,,,,,,,,,,,,,,,,,,,,,,,,,,,,,
1911,2,-35.5,-3.2,,,,,,,,,,,,,,,,,,,,,,,,,,,,,,,,,4.6,4.6,4.6,4.6,5.0,0.0,2.0,0.4,-3.25,-3.25,-3.25,-3.25,5.0,0.0,2.0,0.4,3.25,3.25,3.25,3.25,5.0,0.0,2.0,0.4,1011.15,1011.3,1011.61,1011.36,5.0,0.33,2.0,0.4,,,,,,,,,,,,,,,,,,,,,,,,,,,,,,,,,,,,,,,,,,,,,,,,,,,,,,,,,,,,,,,,,,,,,,,,,,,,,,,,,,,,,,,,,,,,,,,,,,,,,,,,,,,,,,,,,,,,,,,,
1911,2,-35.5,14.5,,,,,,,,,,,,,,,,,,,,,,,,,,,,,,,,,4.6,6.7,9.3,6.55,19.0,2.23,18.0,0.5,-6.59,-4.74,-4.27,-5.49,19.0,1.64,18.0,0.5,-5.0,-2.51,-1.72,-3.17,19.0,2.25,18.0,0.5,1016.32,1017.6,1018.88,1017.53,12.0,1.4,24.0,0.7,,,,,,,,,,,,,,,,,,,,,,,,,,,,,,,,,,,,,,,,,,,,,,,,,,,,,,,,,,,,,,,,,,,,,,,,,,,,,,,,,,,,,,,,,,,,,,,,,,,,,,,,,,,,,,,,,,,,,,,,
1911,2,-35.5,20.0,,,,,,,,,,,,,,,,,,,,,,,,,,,,,,,,,6.7,6.7,8.47,7.57,3.0,1.5,4.0,0.7,-7.8,-6.17,-6.17,-6.97,3.0,1.38,4.0,0.7,-3.31,-2.62,-2.62,-2.96,3.0,0.59,4.0,0.7,1018.8,1019.0,1020.57,1019.67,3.0,1.42,4.0,0.7,,,,,,,,,,,,,,,,,,,,,,,,,,,,,,,,,,,,,,,,,,,,,,,,,,,,,,,,,,,,,,,,,,,,,,,,,,,,,,,,,,,,,,,,,,,,,,,,,,,,,,,,,,,,,,,,,,,,,,,,
1911,2,-35.5,26.4,,,,,,,,,,,,,,,,,,,,,,,,,,,,,,,,,2.6,4.6,9.3,5.85,15.0,3.19,18.0,0.5,-6.58,-4.6,-0.96,-4.29,15.0,2.97,18.0,0.5,-1.84,0.0,6.58,1.99,15.0,3.75,18.0,0.5,1021.59,1023.3,1023.41,1022.66,7.0,0.99,18.0,0.6,,,,,,,,,,,,,,,,,,,,,,,,,,,,,,,,,,,,,,,,,,,,,,,,,,,,,,,,,,,,,,,,,,,,,,,,,,,,,,,,,,,,,,,,,,,,,,,,,,,,,,,,,,,,,,,,,,,,,,,,
1911,2,-35.5,34.5,,,,,,,,,,,,,,,,,,,,,,,,,,,,,,,,,4.73,6.7,12.11,8.05,14.0,4.22,6.0,0.4,1.07,5.45,8.69,5.38,14.0,3.44,6.0,0.4,-4.74,-2.61,6.19,-0.44,14.0,6.66,6.0,0.4,1009.04,1010.7,1018.44,1013.9,5.0,8.0,8.0,0.4,,,,,,,,,,,,,,,,,,,,,,,,,,,,,,,,,,,,,,,,,,,,,,,,,,,,,,,,,,,,,,,,,,,,,,,,,,,,,,,,,,,,,,,,,,,,,,,,,,,,,,,,,,,,,,,,,,,,,,,,
1911,2,-35.5,36.4,,,,,,,,,,,,,,,,,,,,,,,,,,,,,,,,,6.07,9.3,15.4,10.05,18.0,4.52,6.0,0.5,0.71,5.69,11.66,6.01,18.0,5.33,6.0,0.5,-1.82,5.25,9.36,3.87,18.0,6.69,6.0,0.5,1006.78,1012.5,1019.3,1013.23,8.0,6.97,6.0,0.5,,,,,,,,,,,,,,,,,,,,,,,,,,,,,,,,,,,,,,,,,,,,,,,,,,,,,,,,,,,,,,,,,,,,,,,,,,,,,,,,,,,,,,,,,,,,,,,,,,,,,,,,,,,,,,,,,,,,,,,,
1911,2,-35.39999999999998,-39.5,,,,,,,,,,,,,,,,,,,,,,,,,,,,,,,,,2.6,6.7,9.79,7.46,32.0,4.84,16.0,0.5,-0.8,3.86,9.63,4.66,32.0,5.93,16.0,0.5,-6.31,-0.81,1.89,-2.13,32.0,4.31,16.0,0.5,1011.28,1015.0,1016.77,1014.77,32.0,2.71,16.0,0.5,,,,,,,,,,,,,,,,,,,,,,,,,,,,,,,,,,,,,,,,,,,,,,,,,,,,,,,,,,,,,,,,,,,,,,,,,,,,,,,,,,,,,,,,,,,,,,,,,,,,,,,,,,,,,,,,,,,,,,,,
1911,2,-35.39999999999998,-11.3,,,,,,,,,,,,,,,,,,,,,,,,,,,,,,,,,4.6,4.6,6.7,5.34,160.0,1.83,14.0,0.5,-6.58,-4.27,-2.53,-4.48,160.0,1.81,14.0,0.5,-1.8,1.02,3.25,0.82,160.0,2.81,14.0,0.5,1011.5,1013.1,1014.45,1012.97,48.0,1.5,14.0,0.5,,,,,,,,,,,,,,,,,,,,,,,,,,,,,,,,,,,,,,,,,,,,,,,,,,,,,,,,,,,,,,,,,,,,,,,,,,,,,,,,,,,,,,,,,,,,,,,,,,,,,,,,,,,,,,,,,,,,,,,,
1911,2,-35.39999999999998,-5.3,,,,,,,,,,,,,,,,,,,,,,,,,,,,,,,,,4.6,6.7,6.7,6.17,13.0,2.28,10.0,0.4,-6.22,-4.74,-3.25,-4.9,13.0,1.7,10.0,0.4,0.0,3.25,4.74,3.28,13.0,2.43,10.0,0.4,1009.52,1009.7,1011.39,1010.41,8.0,1.27,10.0,0.5,,,,,,,,,,,,,,,,,,,,,,,,,,,,,,,,,,,,,,,,,,,,,,,,,,,,,,,,,,,,,,,,,,,,,,,,,,,,,,,,,,,,,,,,,,,,,,,,,,,,,,,,,,,,,,,,,,,,,,,,
1911,2,-35.39999999999998,6.6,,,,,,,,,,,,,,,,,,,,,,,,,,,,,,,,,4.6,6.7,9.3,6.51,20.0,1.9,18.0,0.6,-4.72,-3.25,-2.62,-3.48,20.0,1.04,18.0,0.6,-8.56,-4.74,-3.25,-5.3,20.0,2.2,18.0,0.6,1010.31,1013.1,1014.99,1013.04,20.0,2.33,18.0,0.6,,,,,,,,,,,,,,,,,,,,,,,,,,,,,,,,,,,,,,,,,,,,,,,,,,,,,,,,,,,,,,,,,,,,,,,,,,,,,,,,,,,,,,,,,,,,,,,,,,,,,,,,,,,,,,,,,,,,,,,,
1911,2,-35.39999999999998,10.5,,,,,,,,,,,,,,,,,,,,,,,,,,,,,,,,,5.93,6.7,9.3,7.32,5.0,2.0,14.0,0.6,-6.58,-4.74,-4.2,-5.18,5.0,1.41,14.0,0.6,-6.58,-4.74,-4.2,-5.18,5.0,1.41,14.0,0.6,1009.13,1011.3,1016.84,1012.6,5.0,4.23,14.0,0.6,,,,,,,,,,,,,,,,,,,,,,,,,,,,,,,,,,,,,,,,,,,,,,,,,,,,,,,,,,,,,,,,,,,,,,,,,,,,,,,,,,,,,,,,,,,,,,,,,,,,,,,,,,,,,,,,,,,,,,,,
1911,2,-35.39999999999998,30.3,,,,,,,,,,,,,,,,,,,,,,,,,,,,,,,,,4.19,6.7,6.7,5.67,6.0,1.72,20.0,0.5,0.0,0.0,0.38,0.31,6.0,0.75,20.0,0.5,4.03,6.7,6.7,5.54,6.0,2.0,20.0,0.5,1021.76,1022.3,1023.54,1022.77,6.0,1.49,20.0,0.5,,,,,,,,,,,,,,,,,,,,,,,,,,,,,,,,,,,,,,,,,,,,,,,,,,,,,,,,,,,,,,,,,,,,,,,,,,,,,,,,,,,,,,,,,,,,,,,,,,,,,,,,,,,,,,,,,,,,,,,,
1911,2,-35.39999999999998,38.5,,,,,,,,,,,,,,,,,,,,,,,,,,,,,,,,,4.6,12.3,19.0,11.54,28.0,5.71,12.0,0.6,0.0,3.95,8.68,4.25,28.0,5.55,12.0,0.6,-7.02,5.2,11.32,3.31,28.0,10.48,12.0,0.6,1007.55,1016.1,1020.57,1014.62,13.0,6.61,14.0,0.5,,,,,,,,,,,,,,,,,,,,,,,,,,,,,,,,,,,,,,,,,,,,,,,,,,,,,,,,,,,,,,,,,,,,,,,,,,,,,,,,,,,,,,,,,,,,,,,,,,,,,,,,,,,,,,,,,,,,,,,,
1911,2,-35.39999999999998,40.3,,,,,,,,,,,,,,,,,,,,,,,,,,,,,,,,,12.3,15.4,19.0,15.32,18.0,3.94,18.0,0.3,-7.12,4.05,16.03,4.59,18.0,10.33,18.0,0.3,-4.76,8.66,17.62,6.61,18.0,9.41,18.0,0.3,1001.76,1004.05,1006.34,1004.05,2.0,4.74,2.0,0.0,,,,,,,,,,,,,,,,,,,,,,,,,,,,,,,,,,,,,,,,,,,,,,,,,,,,,,,,,,,,,,,,,,,,,,,,,,,,,,,,,,,,,,,,,,,,,,,,,,,,,,,,,,,,,,,,,,,,,,,,
1911,2,-35.39999999999998,42.4,,,,,,,,,,,,,,,,,,,,,,,,,,,,,,,,,5.17,9.3,12.3,10.16,9.0,5.65,22.0,0.3,-2.32,3.63,8.7,2.41,9.0,6.04,22.0,0.3,-8.7,4.23,7.93,1.53,9.0,10.11,22.0,0.3,1020.0,1020.0,1020.0,1020.0,1.0,0.0,28.0,0.0,,,,,,,,,,,,,,,,,,,,,,,,,,,,,,,,,,,,,,,,,,,,,,,,,,,,,,,,,,,,,,,,,,,,,,,,,,,,,,,,,,,,,,,,,,,,,,,,,,,,,,,,,,,,,,,,,,,,,,,,
1911,2,-35.39999999999998,44.6,,,,,,,,,,,,,,,,,,,,,,,,,,,,,,,,,6.7,12.3,15.4,12.17,70.0,5.49,16.0,0.5,0.0,8.56,13.47,6.22,70.0,8.06,16.0,0.5,-3.26,0.0,13.44,3.97,70.0,7.76,16.0,0.5,1003.15,1005.9,1011.62,1006.54,16.0,4.56,12.0,0.6,,,,,,,,,,,,,,,,,,,,,,,,,,,,,,,,,,,,,,,,,,,,,,,,,,,,,,,,,,,,,,,,,,,,,,,,,,,,,,,,,,,,,,,,,,,,,,,,,,,,,,,,,,,,,,,,,,,,,,,,
1911,2,-35.39999999999998,46.2,,,,,,,,,,,,,,,,,,,,,,,,,,,,,,,,,6.7,12.3,16.55,12.77,62.0,6.72,14.0,0.4,-4.81,6.19,14.18,5.41,62.0,9.46,14.0,0.4,-7.21,1.11,11.32,2.03,62.0,9.35,14.0,0.4,1002.04,1007.0,1021.88,1010.79,15.0,9.33,14.0,0.5,,,,,,,,,,,,,,,,,,,,,,,,,,,,,,,,,,,,,,,,,,,,,,,,,,,,,,,,,,,,,,,,,,,,,,,,,,,,,,,,,,,,,,,,,,,,,,,,,,,,,,,,,,,,,,,,,,,,,,,,
1911,2,-35.30000000000001,-15.4,,,,,,,,,,,,,,,,,,,,,,,,,,,,,,,,,4.6,4.6,6.7,5.5,14.0,1.08,14.0,0.5,-6.17,-4.23,-1.77,-3.75,14.0,2.49,14.0,0.5,-4.26,2.21,2.62,0.41,14.0,3.49,14.0,0.5,1013.88,1014.65,1015.1,1014.53,6.0,0.57,16.0,0.5,,,,,,,,,,,,,,,,,,,,,,,,,,,,,,,,,,,,,,,,,,,,,,,,,,,,,,,,,,,,,,,,,,,,,,,,,,,,,,,,,,,,,,,,,,,,,,,,,,,,,,,,,,,,,,,,,,,,,,,,
1911,2,-35.19999999999999,-9.3,,,,,,,,,,,,,,,,,,,,,,,,,,,,,,,,,2.6,4.6,6.7,5.17,159.0,1.88,12.0,0.5,-6.17,-4.27,-2.42,-4.15,159.0,1.68,12.0,0.5,0.0,1.84,4.74,2.03,159.0,2.46,12.0,0.5,1011.18,1013.0,1014.26,1012.82,54.0,1.33,14.0,0.5,,,,,,,,,,,,,,,,,,,,,,,,,,,,,,,,,,,,,,,,,,,,,,,,,,,,,,,,,,,,,,,,,,,,,,,,,,,,,,,,,,,,,,,,,,,,,,,,,,,,,,,,,,,,,,,,,,,,,,,,
1911,2,-35.19999999999999,4.8,,,,,,,,,,,,,,,,,,,,,,,,,,,,,,,,,6.7,6.7,6.7,6.7,2.0,0.0,24.0,0.0,-2.62,-2.62,-2.62,-2.62,2.0,0.0,24.0,0.0,-6.17,-6.17,-6.17,-6.17,2.0,0.0,24.0,0.0,1012.89,1013.95,1015.01,1013.95,2.0,2.19,24.0,0.0,,,,,,,,,,,,,,,,,,,,,,,,,,,,,,,,,,,,,,,,,,,,,,,,,,,,,,,,,,,,,,,,,,,,,,,,,,,,,,,,,,,,,,,,,,,,,,,,,,,,,,,,,,,,,,,,,,,,,,,,
1911,2,-35.19999999999999,24.5,,,,,,,,,,,,,,,,,,,,,,,,,,,,,,,,,2.6,2.6,3.65,3.1,4.0,1.0,8.0,0.0,-3.11,-0.92,0.0,-1.53,4.0,2.02,8.0,0.0,-2.6,-2.22,0.03,-1.33,4.0,2.07,8.0,0.0,1024.44,1024.9,1025.36,1024.9,4.0,0.55,8.0,0.0,,,,,,,,,,,,,,,,,,,,,,,,,,,,,,,,,,,,,,,,,,,,,,,,,,,,,,,,,,,,,,,,,,,,,,,,,,,,,,,,,,,,,,,,,,,,,,,,,,,,,,,,,,,,,,,,,,,,,,,,
1911,2,-35.10000000000002,-37.4,,,,,,,,,,,,,,,,,,,,,,,,,,,,,,,,,8.08,11.05,14.02,11.05,2.0,6.15,18.0,0.0,6.43,10.07,13.71,10.07,2.0,7.54,18.0,0.0,0.75,2.37,3.99,2.37,2.0,3.35,18.0,0.0,1013.9,1013.9,1013.9,1013.9,1.0,0.0,14.0,0.0,,,,,,,,,,,,,,,,,,,,,,,,,,,,,,,,,,,,,,,,,,,,,,,,,,,,,,,,,,,,,,,,,,,,,,,,,,,,,,,,,,,,,,,,,,,,,,,,,,,,,,,,,,,,,,,,,,,,,,,,
1911,2,-35.10000000000002,-7.4,,,,,,,,,,,,,,,,,,,,,,,,,,,,,,,,,2.6,6.7,8.36,5.84,60.0,2.28,12.0,0.5,-6.58,-4.74,-2.6,-4.43,60.0,1.75,12.0,0.5,0.0,3.25,5.91,3.07,60.0,2.68,12.0,0.5,1011.26,1012.4,1013.17,1012.35,19.0,1.1,10.0,0.4,,,,,,,,,,,,,,,,,,,,,,,,,,,,,,,,,,,,,,,,,,,,,,,,,,,,,,,,,,,,,,,,,,,,,,,,,,,,,,,,,,,,,,,,,,,,,,,,,,,,,,,,,,,,,,,,,,,,,,,,
1911,2,-33.69999999999999,8.5,,,,,,,,,,,,,,,,,,,,,,,,,,,,,,,,,4.6,6.7,9.3,6.96,11.0,2.7,14.0,0.5,-6.58,-4.74,-3.25,-5.15,11.0,1.88,14.0,0.5,-6.58,-3.25,-2.95,-4.58,11.0,2.2,14.0,0.5,1009.72,1013.1,1015.79,1012.69,11.0,3.11,14.0,0.5,,,,,,,,,,,,,,,,,,,,,,,,,,,,,,,,,,,,,,,,,,,,,,,,,,,,,,,,,,,,,,,,,,,,,,,,,,,,,,,,,,,,,,,,,,,,,,,,,,,,,,,,,,,,,,,,,,,,,,,,
1911,2,-33.69999999999999,10.3,,,,,,,,,,,,,,,,,,,,,,,,,,,,,,,,,4.6,4.6,4.6,4.6,3.0,0.0,22.0,0.7,-3.94,-3.25,-3.25,-3.59,3.0,0.58,22.0,0.7,-3.25,-3.25,-2.21,-2.74,3.0,0.88,22.0,0.7,1014.9,1014.9,1015.86,1015.37,3.0,0.81,22.0,0.7,,,,,,,,,,,,,,,,,,,,,,,,,,,,,,,,,,,,,,,,,,,,,,,,,,,,,,,,,,,,,,,,,,,,,,,,,,,,,,,,,,,,,,,,,,,,,,,,,,,,,,,,,,,,,,,,,,,,,,,,
1911,2,-33.69999999999999,14.8,,,,,,,,,,,,,,,,,,,,,,,,,,,,,,,,,4.6,4.6,4.6,4.6,1.0,0.0,24.0,0.0,-3.25,-3.25,-3.25,-3.25,1.0,0.0,24.0,0.0,-3.25,-3.25,-3.25,-3.25,1.0,0.0,24.0,0.0,1016.4,1016.4,1016.4,1016.4,1.0,0.0,24.0,0.0,,,,,,,,,,,,,,,,,,,,,,,,,,,,,,,,,,,,,,,,,,,,,,,,,,,,,,,,,,,,,,,,,,,,,,,,,,,,,,,,,,,,,,,,,,,,,,,,,,,,,,,,,,,,,,,,,,,,,,,,
1911,2,-33.60000000000002,-39.4,,,,,,,,,,,,,,,,,,,,,,,,,,,,,,,,,4.6,6.7,9.3,7.21,16.0,2.35,18.0,0.5,4.23,6.37,9.3,6.37,16.0,2.56,18.0,0.5,-4.17,0.0,0.0,-1.21,16.0,3.08,18.0,0.5,1011.32,1016.3,1017.6,1014.86,11.0,3.17,18.0,0.5,,,,,,,,,,,,,,,,,,,,,,,,,,,,,,,,,,,,,,,,,,,,,,,,,,,,,,,,,,,,,,,,,,,,,,,,,,,,,,,,,,,,,,,,,,,,,,,,,,,,,,,,,,,,,,,,,,,,,,,,
1911,2,-33.60000000000002,-17.3,,,,,,,,,,,,,,,,,,,,,,,,,,,,,,,,,4.6,4.6,6.7,4.94,8.0,1.9,12.0,0.6,-4.74,-4.23,-3.36,-3.95,8.0,1.79,12.0,0.6,-4.57,-2.21,-1.8,-2.72,8.0,1.41,12.0,0.6,1010.24,1011.1,1012.27,1011.3,5.0,1.88,26.0,0.4,,,,,,,,,,,,,,,,,,,,,,,,,,,,,,,,,,,,,,,,,,,,,,,,,,,,,,,,,,,,,,,,,,,,,,,,,,,,,,,,,,,,,,,,,,,,,,,,,,,,,,,,,,,,,,,,,,,,,,,,
1911,2,-33.60000000000002,30.6,,,,,,,,,,,,,,,,,,,,,,,,,,,,,,,,,2.48,4.6,4.7,3.67,7.0,2.14,20.0,0.4,0.0,1.8,2.65,1.5,7.0,1.24,20.0,0.4,1.75,3.25,4.67,3.21,7.0,2.02,20.0,0.4,1023.16,1023.5,1027.21,1024.7,7.0,2.07,20.0,0.4,,,,,,,,,,,,,,,,,,,,,,,,,,,,,,,,,,,,,,,,,,,,,,,,,,,,,,,,,,,,,,,,,,,,,,,,,,,,,,,,,,,,,,,,,,,,,,,,,,,,,,,,,,,,,,,,,,,,,,,,
1911,2,-33.60000000000002,54.3,,,,,,,,,,,,,,,,,,,,,,,,,,,,,,,,,13.28,15.4,20.31,16.77,3.0,5.28,22.0,0.3,12.32,14.28,18.84,15.55,3.0,4.9,22.0,0.3,4.98,5.77,7.61,6.28,3.0,1.98,22.0,0.3,1005.7,1005.7,1005.7,1005.7,1.0,0.0,16.0,0.0,,,,,,,,,,,,,,,,,,,,,,,,,,,,,,,,,,,,,,,,,,,,,,,,,,,,,,,,,,,,,,,,,,,,,,,,,,,,,,,,,,,,,,,,,,,,,,,,,,,,,,,,,,,,,,,,,,,,,,,,
1911,2,-33.5,-37.6,,,,,,,,,,,,,,,,,,,,,,,,,,,,,,,,,2.6,4.6,8.68,5.9,34.0,3.25,14.0,0.4,1.15,3.25,6.07,3.48,34.0,3.01,14.0,0.4,-4.74,-2.41,2.51,-1.91,34.0,4.6,14.0,0.4,1010.2,1016.2,1018.25,1014.73,32.0,3.96,14.0,0.5,,,,,,,,,,,,,,,,,,,,,,,,,,,,,,,,,,,,,,,,,,,,,,,,,,,,,,,,,,,,,,,,,,,,,,,,,,,,,,,,,,,,,,,,,,,,,,,,,,,,,,,,,,,,,,,,,,,,,,,,
1911,2,-33.5,-15.3,,,,,,,,,,,,,,,,,,,,,,,,,,,,,,,,,4.83,6.7,6.7,6.18,8.0,0.97,16.0,0.4,-6.17,-5.2,-2.62,-4.5,8.0,1.92,16.0,0.4,-5.95,-2.62,-2.52,-3.59,8.0,1.73,16.0,0.4,1011.03,1012.5,1012.64,1011.96,5.0,0.88,26.0,0.4,,,,,,,,,,,,,,,,,,,,,,,,,,,,,,,,,,,,,,,,,,,,,,,,,,,,,,,,,,,,,,,,,,,,,,,,,,,,,,,,,,,,,,,,,,,,,,,,,,,,,,,,,,,,,,,,,,,,,,,,
1911,2,-33.5,-13.4,,,,,,,,,,,,,,,,,,,,,,,,,,,,,,,,,4.63,6.7,9.3,7.51,20.0,2.5,20.0,0.5,-9.29,-6.19,-4.23,-6.57,20.0,2.46,20.0,0.5,-4.74,-0.9,2.62,-0.96,20.0,3.62,20.0,0.5,1011.44,1012.2,1013.57,1012.35,10.0,1.36,22.0,0.5,,,,,,,,,,,,,,,,,,,,,,,,,,,,,,,,,,,,,,,,,,,,,,,,,,,,,,,,,,,,,,,,,,,,,,,,,,,,,,,,,,,,,,,,,,,,,,,,,,,,,,,,,,,,,,,,,,,,,,,,
1911,2,-33.5,-7.3,,,,,,,,,,,,,,,,,,,,,,,,,,,,,,,,,4.6,4.6,6.7,5.72,147.0,1.9,16.0,0.5,-6.21,-4.27,-3.25,-4.43,147.0,1.46,16.0,0.5,0.97,3.25,4.74,2.99,147.0,2.37,16.0,0.5,1010.79,1012.2,1014.21,1012.38,48.0,1.65,16.0,0.5,,,,,,,,,,,,,,,,,,,,,,,,,,,,,,,,,,,,,,,,,,,,,,,,,,,,,,,,,,,,,,,,,,,,,,,,,,,,,,,,,,,,,,,,,,,,,,,,,,,,,,,,,,,,,,,,,,,,,,,,
1911,2,-33.5,16.4,,,,,,,,,,,,,,,,,,,,,,,,,,,,,,,,,4.6,4.6,9.8,6.48,13.0,2.59,16.0,0.5,-8.73,-4.6,-4.17,-5.63,13.0,2.09,16.0,0.5,-3.77,-2.51,0.0,-2.62,13.0,2.46,16.0,0.5,1016.88,1018.1,1018.4,1017.78,6.0,0.74,26.0,0.3,,,,,,,,,,,,,,,,,,,,,,,,,,,,,,,,,,,,,,,,,,,,,,,,,,,,,,,,,,,,,,,,,,,,,,,,,,,,,,,,,,,,,,,,,,,,,,,,,,,,,,,,,,,,,,,,,,,,,,,,
1911,2,-33.5,32.3,,,,,,,,,,,,,,,,,,,,,,,,,,,,,,,,,1.24,3.6,5.7,3.48,4.0,2.86,14.0,0.5,-0.96,0.0,0.0,-0.46,4.0,0.92,14.0,0.5,-0.96,2.3,5.7,2.37,4.0,3.96,14.0,0.5,1022.61,1023.5,1026.3,1024.43,3.0,2.82,18.0,0.7,,,,,,,,,,,,,,,,,,,,,,,,,,,,,,,,,,,,,,,,,,,,,,,,,,,,,,,,,,,,,,,,,,,,,,,,,,,,,,,,,,,,,,,,,,,,,,,,,,,,,,,,,,,,,,,,,,,,,,,,
1911,2,-33.5,34.6,,,,,,,,,,,,,,,,,,,,,,,,,,,,,,,,,1.0,2.6,6.7,3.6,17.0,2.25,8.0,0.5,0.0,1.84,5.4,2.38,17.0,2.44,8.0,0.5,-2.51,0.0,3.35,0.5,17.0,2.57,8.0,0.5,1014.79,1015.8,1028.11,1018.39,7.0,8.31,10.0,0.6,,,,,,,,,,,,,,,,,,,,,,,,,,,,,,,,,,,,,,,,,,,,,,,,,,,,,,,,,,,,,,,,,,,,,,,,,,,,,,,,,,,,,,,,,,,,,,,,,,,,,,,,,,,,,,,,,,,,,,,,
1911,2,-33.5,36.5,,,,,,,,,,,,,,,,,,,,,,,,,,,,,,,,,4.6,8.25,14.22,9.69,16.0,5.88,8.0,0.4,0.7,4.67,13.0,6.69,16.0,6.59,8.0,0.4,-8.94,-4.0,1.07,-3.8,16.0,5.31,8.0,0.4,1008.94,1016.55,1024.48,1016.45,8.0,6.62,10.0,0.5,,,,,,,,,,,,,,,,,,,,,,,,,,,,,,,,,,,,,,,,,,,,,,,,,,,,,,,,,,,,,,,,,,,,,,,,,,,,,,,,,,,,,,,,,,,,,,,,,,,,,,,,,,,,,,,,,,,,,,,,
1911,2,-33.5,44.6,,,,,,,,,,,,,,,,,,,,,,,,,,,,,,,,,6.7,9.3,14.32,9.82,41.0,3.81,16.0,0.3,0.87,6.21,11.38,5.81,41.0,6.34,16.0,0.3,-3.03,1.84,8.65,2.79,41.0,5.52,16.0,0.3,1003.49,1008.0,1010.94,1007.43,8.0,4.67,12.0,0.4,,,,,,,,,,,,,,,,,,,,,,,,,,,,,,,,,,,,,,,,,,,,,,,,,,,,,,,,,,,,,,,,,,,,,,,,,,,,,,,,,,,,,,,,,,,,,,,,,,,,,,,,,,,,,,,,,,,,,,,,
1911,2,-33.39999999999998,-11.3,,,,,,,,,,,,,,,,,,,,,,,,,,,,,,,,,4.6,6.7,9.3,6.55,33.0,2.12,22.0,0.7,-8.62,-6.17,-4.23,-6.12,33.0,2.2,22.0,0.7,-1.8,0.0,3.42,0.74,33.0,2.17,22.0,0.7,1010.46,1012.3,1013.74,1012.0,13.0,1.62,22.0,0.6,,,,,,,,,,,,,,,,,,,,,,,,,,,,,,,,,,,,,,,,,,,,,,,,,,,,,,,,,,,,,,,,,,,,,,,,,,,,,,,,,,,,,,,,,,,,,,,,,,,,,,,,,,,,,,,,,,,,,,,,
1911,2,-33.39999999999998,-9.3,,,,,,,,,,,,,,,,,,,,,,,,,,,,,,,,,4.6,4.6,6.7,5.01,65.0,1.64,20.0,0.4,-6.17,-4.27,-3.25,-4.49,65.0,1.48,20.0,0.4,0.0,1.72,3.25,1.45,65.0,1.84,20.0,0.4,1010.88,1012.35,1013.1,1012.08,30.0,1.25,20.0,0.4,,,,,,,,,,,,,,,,,,,,,,,,,,,,,,,,,,,,,,,,,,,,,,,,,,,,,,,,,,,,,,,,,,,,,,,,,,,,,,,,,,,,,,,,,,,,,,,,,,,,,,,,,,,,,,,,,,,,,,,,
1911,2,-33.39999999999998,4.6,,,,,,,,,,,,,,,,,,,,,,,,,,,,,,,,,4.6,6.7,6.7,6.1,22.0,1.64,18.0,0.5,-4.37,-2.94,-1.8,-2.84,22.0,1.32,18.0,0.5,-6.17,-4.74,-3.25,-5.15,22.0,1.91,18.0,0.5,1009.13,1011.9,1013.73,1011.61,22.0,2.27,18.0,0.5,,,,,,,,,,,,,,,,,,,,,,,,,,,,,,,,,,,,,,,,,,,,,,,,,,,,,,,,,,,,,,,,,,,,,,,,,,,,,,,,,,,,,,,,,,,,,,,,,,,,,,,,,,,,,,,,,,,,,,,,
1911,2,-33.39999999999998,6.4,,,,,,,,,,,,,,,,,,,,,,,,,,,,,,,,,4.6,5.65,9.3,6.3,16.0,2.0,14.0,0.6,-5.88,-3.44,-3.25,-4.33,16.0,1.64,14.0,0.6,-6.42,-3.37,-3.25,-4.38,16.0,1.78,14.0,0.6,1009.37,1012.2,1014.22,1011.97,15.0,2.17,14.0,0.6,,,,,,,,,,,,,,,,,,,,,,,,,,,,,,,,,,,,,,,,,,,,,,,,,,,,,,,,,,,,,,,,,,,,,,,,,,,,,,,,,,,,,,,,,,,,,,,,,,,,,,,,,,,,,,,,,,,,,,,,
1911,2,-33.39999999999998,38.6,,,,,,,,,,,,,,,,,,,,,,,,,,,,,,,,,6.7,12.3,15.4,11.35,23.0,4.37,12.0,0.4,2.93,4.74,10.89,6.4,23.0,4.86,12.0,0.4,-10.89,4.74,9.97,1.39,23.0,9.24,12.0,0.4,1017.17,1019.0,1022.0,1018.29,7.0,4.55,16.0,0.4,,,,,,,,,,,,,,,,,,,,,,,,,,,,,,,,,,,,,,,,,,,,,,,,,,,,,,,,,,,,,,,,,,,,,,,,,,,,,,,,,,,,,,,,,,,,,,,,,,,,,,,,,,,,,,,,,,,,,,,,
1911,2,-33.30000000000001,-19.1,,,,,,,,,,,,,,,,,,,,,,,,,,,,,,,,,2.6,3.6,6.7,3.98,18.0,2.31,8.0,0.5,-5.17,-1.84,-1.2,-2.59,18.0,2.38,8.0,0.5,-4.27,-2.61,-1.59,-2.56,18.0,1.54,8.0,0.5,1011.11,1011.35,1011.59,1011.35,2.0,0.49,28.0,1.0,,,,,,,,,,,,,,,,,,,,,,,,,,,,,,,,,,,,,,,,,,,,,,,,,,,,,,,,,,,,,,,,,,,,,,,,,,,,,,,,,,,,,,,,,,,,,,,,,,,,,,,,,,,,,,,,,,,,,,,,
1911,2,-33.30000000000001,-5.3,,,,,,,,,,,,,,,,,,,,,,,,,,,,,,,,,4.6,6.7,8.69,6.09,160.0,2.12,14.0,0.5,-6.58,-4.74,-2.62,-4.51,160.0,1.69,14.0,0.5,1.72,3.25,6.21,3.65,160.0,2.23,14.0,0.5,1011.1,1012.2,1013.64,1012.38,47.0,1.44,16.0,0.5,,,,,,,,,,,,,,,,,,,,,,,,,,,,,,,,,,,,,,,,,,,,,,,,,,,,,,,,,,,,,,,,,,,,,,,,,,,,,,,,,,,,,,,,,,,,,,,,,,,,,,,,,,,,,,,,,,,,,,,,
1911,2,-33.30000000000001,40.2,,,,,,,,,,,,,,,,,,,,,,,,,,,,,,,,,9.3,15.4,19.0,15.61,25.0,5.07,14.0,0.5,3.48,10.89,14.2,8.89,25.0,8.19,14.0,0.5,-13.44,8.62,11.38,3.12,25.0,10.95,14.0,0.5,996.71,1009.45,1011.14,1005.18,10.0,7.42,6.0,0.4,,,,,,,,,,,,,,,,,,,,,,,,,,,,,,,,,,,,,,,,,,,,,,,,,,,,,,,,,,,,,,,,,,,,,,,,,,,,,,,,,,,,,,,,,,,,,,,,,,,,,,,,,,,,,,,,,,,,,,,,
1911,2,-33.30000000000001,42.5,,,,,,,,,,,,,,,,,,,,,,,,,,,,,,,,,7.36,19.0,22.6,14.99,11.0,7.14,24.0,0.5,-7.67,0.0,12.95,2.95,11.0,10.03,24.0,0.5,-8.95,0.0,19.81,3.59,11.0,13.19,24.0,0.5,1020.0,1020.0,1020.0,1020.0,2.0,0.0,28.0,0.0,,,,,,,,,,,,,,,,,,,,,,,,,,,,,,,,,,,,,,,,,,,,,,,,,,,,,,,,,,,,,,,,,,,,,,,,,,,,,,,,,,,,,,,,,,,,,,,,,,,,,,,,,,,,,,,,,,,,,,,,
1911,2,-33.30000000000001,46.2,,,,,,,,,,,,,,,,,,,,,,,,,,,,,,,,,6.7,12.3,15.4,11.35,87.0,4.82,16.0,0.6,-3.98,5.77,12.3,4.82,87.0,7.38,16.0,0.6,-3.63,4.74,11.4,3.92,87.0,7.74,16.0,0.6,1001.59,1009.0,1014.91,1008.13,23.0,6.19,16.0,0.4,,,,,,,,,,,,,,,,,,,,,,,,,,,,,,,,,,,,,,,,,,,,,,,,,,,,,,,,,,,,,,,,,,,,,,,,,,,,,,,,,,,,,,,,,,,,,,,,,,,,,,,,,,,,,,,,,,,,,,,,
1911,2,-33.30000000000001,48.4,,,,,,,,,,,,,,,,,,,,,,,,,,,,,,,,,5.83,12.3,15.4,10.78,11.0,4.79,12.0,0.6,-2.88,6.02,8.7,3.54,11.0,5.01,12.0,0.6,-8.7,6.17,11.31,3.36,11.0,9.97,12.0,0.6,1025.32,1026.0,1028.05,1026.67,3.0,2.08,2.0,0.7,,,,,,,,,,,,,,,,,,,,,,,,,,,,,,,,,,,,,,,,,,,,,,,,,,,,,,,,,,,,,,,,,,,,,,,,,,,,,,,,,,,,,,,,,,,,,,,,,,,,,,,,,,,,,,,,,,,,,,,,
1911,2,-33.19999999999999,2.8,,,,,,,,,,,,,,,,,,,,,,,,,,,,,,,,,6.7,6.7,6.7,6.7,2.0,0.0,22.0,0.0,-4.4,-3.68,-2.95,-3.68,2.0,1.5,22.0,0.0,-5.94,-5.45,-4.96,-5.45,2.0,1.01,22.0,0.0,1013.55,1013.65,1013.75,1013.65,2.0,0.21,22.0,0.0,,,,,,,,,,,,,,,,,,,,,,,,,,,,,,,,,,,,,,,,,,,,,,,,,,,,,,,,,,,,,,,,,,,,,,,,,,,,,,,,,,,,,,,,,,,,,,,,,,,,,,,,,,,,,,,,,,,,,,,,
1911,2,-33.19999999999999,22.8,,,,,,,,,,,,,,,,,,,,,,,,,,,,,,,,,2.6,2.6,2.6,2.6,1.0,0.0,22.0,1.0,-2.39,-2.39,-2.39,-2.39,1.0,0.0,22.0,1.0,1.02,1.02,1.02,1.02,1.0,0.0,22.0,1.0,1017.7,1017.7,1017.7,1017.7,1.0,0.0,22.0,1.0,,,,,,,,,,,,,,,,,,,,,,,,,,,,,,,,,,,,,,,,,,,,,,,,,,,,,,,,,,,,,,,,,,,,,,,,,,,,,,,,,,,,,,,,,,,,,,,,,,,,,,,,,,,,,,,,,,,,,,,,
1911,2,-33.10000000000002,-35.6,,,,,,,,,,,,,,,,,,,,,,,,,,,,,,,,,4.6,6.7,6.7,6.0,6.0,1.08,20.0,0.8,0.45,4.0,6.18,2.9,6.0,4.12,20.0,0.8,-4.34,2.56,3.56,0.69,6.0,4.09,20.0,0.8,1017.91,1019.0,1020.64,1019.27,3.0,2.01,16.0,1.0,,,,,,,,,,,,,,,,,,,,,,,,,,,,,,,,,,,,,,,,,,,,,,,,,,,,,,,,,,,,,,,,,,,,,,,,,,,,,,,,,,,,,,,,,,,,,,,,,,,,,,,,,,,,,,,,,,,,,,,,
1911,2,-33.10000000000002,-3.4,,,,,,,,,,,,,,,,,,,,,,,,,,,,,,,,,4.6,4.6,6.7,5.77,94.0,2.29,14.0,0.5,-6.21,-4.27,-2.41,-4.17,94.0,1.9,14.0,0.5,1.72,3.25,4.74,3.62,94.0,2.12,14.0,0.5,1010.1,1011.8,1013.1,1011.75,25.0,1.55,16.0,0.5,,,,,,,,,,,,,,,,,,,,,,,,,,,,,,,,,,,,,,,,,,,,,,,,,,,,,,,,,,,,,,,,,,,,,,,,,,,,,,,,,,,,,,,,,,,,,,,,,,,,,,,,,,,,,,,,,,,,,,,,
1911,2,-33.10000000000002,26.1,,,,,,,,,,,,,,,,,,,,,,,,,,,,,,,,,2.6,6.7,6.82,5.6,7.0,2.46,8.0,0.7,-1.87,0.0,2.67,0.13,7.0,2.26,8.0,0.7,-6.79,-6.17,-2.21,-4.69,7.0,3.45,8.0,0.7,1023.69,1024.3,1024.7,1024.26,7.0,0.5,8.0,0.7,,,,,,,,,,,,,,,,,,,,,,,,,,,,,,,,,,,,,,,,,,,,,,,,,,,,,,,,,,,,,,,,,,,,,,,,,,,,,,,,,,,,,,,,,,,,,,,,,,,,,,,,,,,,,,,,,,,,,,,,
1911,2,-33.10000000000002,28.4,,,,,,,,,,,,,,,,,,,,,,,,,,,,,,,,,6.7,9.3,9.48,8.36,5.0,1.53,12.0,0.6,0.0,0.0,3.93,1.77,5.0,2.73,12.0,0.6,-3.85,9.3,9.48,3.94,5.0,7.67,12.0,0.6,1020.44,1021.6,1022.76,1021.6,2.0,2.4,8.0,0.5,,,,,,,,,,,,,,,,,,,,,,,,,,,,,,,,,,,,,,,,,,,,,,,,,,,,,,,,,,,,,,,,,,,,,,,,,,,,,,,,,,,,,,,,,,,,,,,,,,,,,,,,,,,,,,,,,,,,,,,,
1911,2,-31.69999999999999,6.3,,,,,,,,,,,,,,,,,,,,,,,,,,,,,,,,,9.3,9.3,9.3,9.3,1.0,0.0,4.0,0.0,-6.58,-6.58,-6.58,-6.58,1.0,0.0,4.0,0.0,-6.58,-6.58,-6.58,-6.58,1.0,0.0,4.0,0.0,1007.1,1007.1,1007.1,1007.1,1.0,0.0,4.0,0.0,,,,,,,,,,,,,,,,,,,,,,,,,,,,,,,,,,,,,,,,,,,,,,,,,,,,,,,,,,,,,,,,,,,,,,,,,,,,,,,,,,,,,,,,,,,,,,,,,,,,,,,,,,,,,,,,,,,,,,,,
1911,2,-31.600000000000023,4.4,,,,,,,,,,,,,,,,,,,,,,,,,,,,,,,,,4.6,4.6,6.7,5.57,31.0,1.44,10.0,0.5,-4.74,-4.6,-1.83,-3.94,31.0,1.42,10.0,0.5,-4.74,-4.23,-2.35,-3.56,31.0,1.74,10.0,0.5,1008.18,1010.5,1013.31,1010.75,29.0,2.34,10.0,0.5,,,,,,,,,,,,,,,,,,,,,,,,,,,,,,,,,,,,,,,,,,,,,,,,,,,,,,,,,,,,,,,,,,,,,,,,,,,,,,,,,,,,,,,,,,,,,,,,,,,,,,,,,,,,,,,,,,,,,,,,
1911,2,-31.600000000000023,54.8,,,,,,,,,,,,,,,,,,,,,,,,,,,,,,,,,22.6,22.6,28.27,25.37,3.0,4.79,20.0,0.7,15.98,15.98,19.99,17.94,3.0,3.39,20.0,0.7,15.98,15.98,19.99,17.94,3.0,3.39,20.0,0.7,1009.4,1009.4,1009.4,1009.4,1.0,0.0,16.0,0.0,,,,,,,,,,,,,,,,,,,,,,,,,,,,,,,,,,,,,,,,,,,,,,,,,,,,,,,,,,,,,,,,,,,,,,,,,,,,,,,,,,,,,,,,,,,,,,,,,,,,,,,,,,,,,,,,,,,,,,,,
1911,2,-31.5,-37.3,,,,,,,,,,,,,,,,,,,,,,,,,,,,,,,,,2.6,6.7,11.92,6.44,27.0,3.67,18.0,0.5,1.84,3.25,4.74,3.62,27.0,2.27,18.0,0.5,-8.69,-4.74,-1.84,-5.17,27.0,3.16,18.0,0.5,1008.31,1010.25,1016.59,1011.67,20.0,4.26,18.0,0.5,,,,,,,,,,,,,,,,,,,,,,,,,,,,,,,,,,,,,,,,,,,,,,,,,,,,,,,,,,,,,,,,,,,,,,,,,,,,,,,,,,,,,,,,,,,,,,,,,,,,,,,,,,,,,,,,,,,,,,,,
1911,2,-31.5,-35.5,,,,,,,,,,,,,,,,,,,,,,,,,,,,,,,,,2.6,6.7,12.3,7.55,29.0,5.11,16.0,0.5,-2.39,1.72,7.76,2.13,29.0,4.99,16.0,0.5,-9.03,-3.25,1.0,-3.96,29.0,6.26,16.0,0.5,1010.79,1016.95,1020.74,1016.4,24.0,4.56,16.0,0.5,,,,,,,,,,,,,,,,,,,,,,,,,,,,,,,,,,,,,,,,,,,,,,,,,,,,,,,,,,,,,,,,,,,,,,,,,,,,,,,,,,,,,,,,,,,,,,,,,,,,,,,,,,,,,,,,,,,,,,,,
1911,2,-31.5,-9.2,,,,,,,,,,,,,,,,,,,,,,,,,,,,,,,,,6.5,9.3,12.3,8.52,13.0,2.98,26.0,0.4,-12.3,-9.3,-6.46,-8.47,13.0,3.05,26.0,0.4,-0.1,0.0,0.0,-0.22,13.0,0.55,26.0,0.4,1011.24,1013.2,1014.16,1012.87,6.0,1.53,26.0,0.3,,,,,,,,,,,,,,,,,,,,,,,,,,,,,,,,,,,,,,,,,,,,,,,,,,,,,,,,,,,,,,,,,,,,,,,,,,,,,,,,,,,,,,,,,,,,,,,,,,,,,,,,,,,,,,,,,,,,,,,,
1911,2,-31.5,-7.3,,,,,,,,,,,,,,,,,,,,,,,,,,,,,,,,,4.6,4.6,6.7,5.44,25.0,1.05,24.0,0.5,-6.7,-4.27,-3.25,-4.73,25.0,1.36,24.0,0.5,0.0,2.51,3.25,2.07,25.0,1.54,24.0,0.5,1010.9,1012.25,1013.24,1012.14,18.0,1.17,22.0,0.5,,,,,,,,,,,,,,,,,,,,,,,,,,,,,,,,,,,,,,,,,,,,,,,,,,,,,,,,,,,,,,,,,,,,,,,,,,,,,,,,,,,,,,,,,,,,,,,,,,,,,,,,,,,,,,,,,,,,,,,,
1911,2,-31.5,-3.3,,,,,,,,,,,,,,,,,,,,,,,,,,,,,,,,,4.6,5.65,6.7,5.58,94.0,1.76,16.0,0.5,-4.74,-3.25,-2.51,-3.8,94.0,1.54,16.0,0.5,1.83,3.25,5.08,3.76,94.0,1.8,16.0,0.5,1011.08,1012.25,1013.41,1012.17,32.0,1.15,18.0,0.5,,,,,,,,,,,,,,,,,,,,,,,,,,,,,,,,,,,,,,,,,,,,,,,,,,,,,,,,,,,,,,,,,,,,,,,,,,,,,,,,,,,,,,,,,,,,,,,,,,,,,,,,,,,,,,,,,,,,,,,,
1911,2,-31.5,18.5,,,,,,,,,,,,,,,,,,,,,,,,,,,,,,,,,4.6,4.6,6.7,4.96,12.0,1.19,18.0,0.6,-6.21,-4.6,-4.01,-4.67,12.0,1.22,18.0,0.6,-2.51,-1.35,0.0,-1.2,12.0,1.2,18.0,0.6,1017.37,1018.9,1019.32,1018.51,7.0,1.04,24.0,0.7,,,,,,,,,,,,,,,,,,,,,,,,,,,,,,,,,,,,,,,,,,,,,,,,,,,,,,,,,,,,,,,,,,,,,,,,,,,,,,,,,,,,,,,,,,,,,,,,,,,,,,,,,,,,,,,,,,,,,,,,
1911,2,-31.5,32.5,,,,,,,,,,,,,,,,,,,,,,,,,,,,,,,,,3.14,6.7,9.3,6.01,9.0,3.04,20.0,0.6,0.0,1.0,4.34,1.84,9.0,2.06,20.0,0.6,0.0,4.74,9.1,4.8,9.0,3.99,20.0,0.6,1023.53,1025.4,1027.89,1025.54,9.0,2.09,20.0,0.6,,,,,,,,,,,,,,,,,,,,,,,,,,,,,,,,,,,,,,,,,,,,,,,,,,,,,,,,,,,,,,,,,,,,,,,,,,,,,,,,,,,,,,,,,,,,,,,,,,,,,,,,,,,,,,,,,,,,,,,,
1911,2,-31.5,34.5,,,,,,,,,,,,,,,,,,,,,,,,,,,,,,,,,1.94,2.6,6.7,3.79,11.0,2.19,8.0,0.5,0.0,0.0,0.82,0.16,11.0,0.87,8.0,0.5,-4.29,-1.0,4.4,-0.48,11.0,4.42,8.0,0.5,1027.0,1027.2,1027.5,1027.25,4.0,0.3,16.0,0.0,,,,,,,,,,,,,,,,,,,,,,,,,,,,,,,,,,,,,,,,,,,,,,,,,,,,,,,,,,,,,,,,,,,,,,,,,,,,,,,,,,,,,,,,,,,,,,,,,,,,,,,,,,,,,,,,,,,,,,,,
1911,2,-31.5,38.4,,,,,,,,,,,,,,,,,,,,,,,,,,,,,,,,,5.3,12.3,17.8,12.78,22.0,7.26,14.0,0.4,0.12,6.93,12.59,8.15,22.0,7.8,14.0,0.4,-10.47,6.55,9.8,2.71,22.0,9.26,14.0,0.4,1008.89,1013.3,1021.38,1014.8,6.0,6.92,12.0,0.5,,,,,,,,,,,,,,,,,,,,,,,,,,,,,,,,,,,,,,,,,,,,,,,,,,,,,,,,,,,,,,,,,,,,,,,,,,,,,,,,,,,,,,,,,,,,,,,,,,,,,,,,,,,,,,,,,,,,,,,,
1911,2,-31.399999999999977,-1.3,,,,,,,,,,,,,,,,,,,,,,,,,,,,,,,,,2.6,4.6,6.7,4.8,151.0,2.3,14.0,0.5,-4.74,-3.25,-1.84,-3.54,151.0,1.81,14.0,0.5,0.97,3.25,4.74,2.81,151.0,2.15,14.0,0.5,1009.98,1011.85,1012.84,1011.32,50.0,1.82,16.0,0.4,,,,,,,,,,,,,,,,,,,,,,,,,,,,,,,,,,,,,,,,,,,,,,,,,,,,,,,,,,,,,,,,,,,,,,,,,,,,,,,,,,,,,,,,,,,,,,,,,,,,,,,,,,,,,,,,,,,,,,,,
1911,2,-31.399999999999977,28.5,,,,,,,,,,,,,,,,,,,,,,,,,,,,,,,,,9.3,9.3,12.5,10.83,4.0,3.05,12.0,0.5,0.0,4.65,12.5,6.18,4.0,7.55,12.0,0.5,0.0,4.65,9.3,4.65,4.0,5.37,12.0,0.5,1013.34,1015.0,1017.24,1015.28,4.0,2.33,8.0,0.5,,,,,,,,,,,,,,,,,,,,,,,,,,,,,,,,,,,,,,,,,,,,,,,,,,,,,,,,,,,,,,,,,,,,,,,,,,,,,,,,,,,,,,,,,,,,,,,,,,,,,,,,,,,,,,,,,,,,,,,,
1911,2,-31.399999999999977,36.5,,,,,,,,,,,,,,,,,,,,,,,,,,,,,,,,,4.6,6.7,9.55,7.12,23.0,3.0,8.0,0.6,0.0,2.51,4.74,2.58,23.0,4.08,8.0,0.6,-7.72,-4.74,1.87,-3.64,23.0,4.95,8.0,0.6,1016.31,1021.95,1025.29,1021.19,14.0,4.97,10.0,0.5,,,,,,,,,,,,,,,,,,,,,,,,,,,,,,,,,,,,,,,,,,,,,,,,,,,,,,,,,,,,,,,,,,,,,,,,,,,,,,,,,,,,,,,,,,,,,,,,,,,,,,,,,,,,,,,,,,,,,,,,
1911,2,-31.399999999999977,46.3,,,,,,,,,,,,,,,,,,,,,,,,,,,,,,,,,6.7,9.3,15.4,11.07,122.0,5.6,16.0,0.5,-3.6,6.21,12.3,5.54,122.0,7.88,16.0,0.5,-0.78,4.6,9.3,4.28,122.0,6.59,16.0,0.5,1003.73,1012.7,1017.72,1010.38,32.0,7.63,16.0,0.5,,,,,,,,,,,,,,,,,,,,,,,,,,,,,,,,,,,,,,,,,,,,,,,,,,,,,,,,,,,,,,,,,,,,,,,,,,,,,,,,,,,,,,,,,,,,,,,,,,,,,,,,,,,,,,,,,,,,,,,,
1911,2,-31.30000000000001,-5.3,,,,,,,,,,,,,,,,,,,,,,,,,,,,,,,,,4.6,5.65,9.3,6.31,44.0,2.42,22.0,0.5,-6.6,-4.27,-3.25,-5.09,44.0,2.33,22.0,0.5,1.8,3.25,4.74,3.36,44.0,1.74,22.0,0.5,1010.96,1011.9,1013.04,1011.99,24.0,1.17,20.0,0.5,,,,,,,,,,,,,,,,,,,,,,,,,,,,,,,,,,,,,,,,,,,,,,,,,,,,,,,,,,,,,,,,,,,,,,,,,,,,,,,,,,,,,,,,,,,,,,,,,,,,,,,,,,,,,,,,,,,,,,,,
1911,2,-31.30000000000001,40.3,,,,,,,,,,,,,,,,,,,,,,,,,,,,,,,,,4.6,9.3,12.3,9.21,35.0,5.59,12.0,0.5,0.0,4.61,8.7,4.37,35.0,4.74,12.0,0.5,-10.28,0.0,8.56,-0.85,35.0,8.71,12.0,0.5,1009.3,1017.0,1020.86,1014.86,21.0,6.81,12.0,0.5,,,,,,,,,,,,,,,,,,,,,,,,,,,,,,,,,,,,,,,,,,,,,,,,,,,,,,,,,,,,,,,,,,,,,,,,,,,,,,,,,,,,,,,,,,,,,,,,,,,,,,,,,,,,,,,,,,,,,,,,
1911,2,-31.19999999999999,-43.7,,,,,,,,,,,,,,,,,,,,,,,,,,,,,,,,,6.7,6.7,6.7,6.7,1.0,0.0,26.0,0.0,0.0,0.0,0.0,0.0,1.0,0.0,26.0,0.0,-6.7,-6.7,-6.7,-6.7,1.0,0.0,26.0,0.0,1021.4,1021.4,1021.4,1021.4,1.0,0.0,26.0,0.0,,,,,,,,,,,,,,,,,,,,,,,,,,,,,,,,,,,,,,,,,,,,,,,,,,,,,,,,,,,,,,,,,,,,,,,,,,,,,,,,,,,,,,,,,,,,,,,,,,,,,,,,,,,,,,,,,,,,,,,,
1911,2,-31.19999999999999,0.3,,,,,,,,,,,,,,,,,,,,,,,,,,,,,,,,,2.6,4.6,5.17,3.98,119.0,1.93,14.0,0.6,-4.36,-3.25,-1.78,-3.09,119.0,1.7,14.0,0.6,-1.8,1.72,3.25,1.07,119.0,2.45,14.0,0.6,1010.15,1011.4,1012.27,1011.18,53.0,1.7,14.0,0.6,,,,,,,,,,,,,,,,,,,,,,,,,,,,,,,,,,,,,,,,,,,,,,,,,,,,,,,,,,,,,,,,,,,,,,,,,,,,,,,,,,,,,,,,,,,,,,,,,,,,,,,,,,,,,,,,,,,,,,,,
1911,2,-31.19999999999999,2.4,,,,,,,,,,,,,,,,,,,,,,,,,,,,,,,,,2.6,4.6,6.7,4.39,72.0,1.86,14.0,0.5,-4.51,-2.94,-1.8,-3.06,72.0,1.56,14.0,0.5,-4.27,-1.84,0.71,-2.0,72.0,2.66,14.0,0.5,1008.36,1011.85,1013.09,1011.17,46.0,2.36,14.0,0.4,,,,,,,,,,,,,,,,,,,,,,,,,,,,,,,,,,,,,,,,,,,,,,,,,,,,,,,,,,,,,,,,,,,,,,,,,,,,,,,,,,,,,,,,,,,,,,,,,,,,,,,,,,,,,,,,,,,,,,,,
1911,2,-31.19999999999999,26.0,,,,,,,,,,,,,,,,,,,,,,,,,,,,,,,,,1.25,1.8,2.35,1.8,2.0,1.13,10.0,0.0,0.0,0.0,0.0,0.0,2.0,0.0,10.0,0.0,-2.35,-1.8,-1.25,-1.8,2.0,1.13,10.0,0.0,1023.41,1023.65,1023.89,1023.65,2.0,0.5,10.0,0.0,,,,,,,,,,,,,,,,,,,,,,,,,,,,,,,,,,,,,,,,,,,,,,,,,,,,,,,,,,,,,,,,,,,,,,,,,,,,,,,,,,,,,,,,,,,,,,,,,,,,,,,,,,,,,,,,,,,,,,,,
1911,2,-31.19999999999999,42.3,,,,,,,,,,,,,,,,,,,,,,,,,,,,,,,,,6.7,9.5,19.0,11.5,8.0,6.74,20.0,0.6,0.11,4.67,16.19,6.29,8.0,7.28,20.0,0.6,-6.85,1.17,10.88,2.56,8.0,9.53,20.0,0.6,1020.16,1020.5,1020.84,1020.5,2.0,0.71,28.0,1.0,,,,,,,,,,,,,,,,,,,,,,,,,,,,,,,,,,,,,,,,,,,,,,,,,,,,,,,,,,,,,,,,,,,,,,,,,,,,,,,,,,,,,,,,,,,,,,,,,,,,,,,,,,,,,,,,,,,,,,,,
1911,2,-31.19999999999999,48.3,,,,,,,,,,,,,,,,,,,,,,,,,,,,,,,,,4.6,4.6,7.12,6.74,7.0,3.94,8.0,0.4,-1.87,1.72,4.55,2.04,7.0,4.66,8.0,0.4,1.19,4.23,6.24,2.22,7.0,6.02,8.0,0.4,1033.32,1034.0,1034.68,1034.0,2.0,1.41,2.0,0.5,,,,,,,,,,,,,,,,,,,,,,,,,,,,,,,,,,,,,,,,,,,,,,,,,,,,,,,,,,,,,,,,,,,,,,,,,,,,,,,,,,,,,,,,,,,,,,,,,,,,,,,,,,,,,,,,,,,,,,,,
1911,2,-31.100000000000023,-33.6,,,,,,,,,,,,,,,,,,,,,,,,,,,,,,,,,4.5,6.7,6.82,5.89,7.0,2.15,22.0,0.6,-6.33,-4.6,1.05,-3.63,7.0,4.05,22.0,0.6,-3.39,0.0,2.56,-0.48,7.0,3.61,22.0,0.6,1009.35,1010.35,1013.4,1011.33,4.0,2.81,18.0,0.8,,,,,,,,,,,,,,,,,,,,,,,,,,,,,,,,,,,,,,,,,,,,,,,,,,,,,,,,,,,,,,,,,,,,,,,,,,,,,,,,,,,,,,,,,,,,,,,,,,,,,,,,,,,,,,,,,,,,,,,,
1911,2,-31.100000000000023,-11.2,,,,,,,,,,,,,,,,,,,,,,,,,,,,,,,,,9.3,9.3,9.3,9.3,5.0,0.0,26.0,0.8,-9.3,-9.3,-9.03,-9.15,5.0,0.33,26.0,0.8,-1.33,0.0,0.0,-0.73,5.0,1.63,26.0,0.8,1013.5,1013.5,1013.5,1013.5,1.0,0.0,28.0,1.0,,,,,,,,,,,,,,,,,,,,,,,,,,,,,,,,,,,,,,,,,,,,,,,,,,,,,,,,,,,,,,,,,,,,,,,,,,,,,,,,,,,,,,,,,,,,,,,,,,,,,,,,,,,,,,,,,,,,,,,,
1911,2,-31.0,20.0,,,,,,,,,,,,,,,,,,,,,,,,,,,,,,,,,1.9,3.85,5.8,3.85,2.0,4.03,16.0,0.0,-5.33,-3.54,-1.75,-3.54,2.0,3.71,16.0,0.0,-2.26,-1.5,-0.74,-1.5,2.0,1.57,16.0,0.0,1019.9,1019.9,1019.9,1019.9,1.0,0.0,26.0,0.0,,,,,,,,,,,,,,,,,,,,,,,,,,,,,,,,,,,,,,,,,,,,,,,,,,,,,,,,,,,,,,,,,,,,,,,,,,,,,,,,,,,,,,,,,,,,,,,,,,,,,,,,,,,,,,,,,,,,,,,,
1911,2,-29.69999999999999,-37.2,,,,,,,,,,,,,,,,,,,,,,,,,,,,,,,,,1.0,1.0,1.0,1.0,1.0,0.0,24.0,1.0,0.71,0.71,0.71,0.71,1.0,0.0,24.0,1.0,0.71,0.71,0.71,0.71,1.0,0.0,24.0,1.0,1013.4,1013.4,1013.4,1013.4,1.0,0.0,24.0,1.0,,,,,,,,,,,,,,,,,,,,,,,,,,,,,,,,,,,,,,,,,,,,,,,,,,,,,,,,,,,,,,,,,,,,,,,,,,,,,,,,,,,,,,,,,,,,,,,,,,,,,,,,,,,,,,,,,,,,,,,,
1911,2,-29.69999999999999,26.3,,,,,,,,,,,,,,,,,,,,,,,,,,,,,,,,,2.6,2.6,2.6,2.6,1.0,0.0,8.0,0.0,0.0,0.0,0.0,0.0,1.0,0.0,8.0,0.0,-2.6,-2.6,-2.6,-2.6,1.0,0.0,8.0,0.0,1024.4,1024.4,1024.4,1024.4,1.0,0.0,8.0,0.0,,,,,,,,,,,,,,,,,,,,,,,,,,,,,,,,,,,,,,,,,,,,,,,,,,,,,,,,,,,,,,,,,,,,,,,,,,,,,,,,,,,,,,,,,,,,,,,,,,,,,,,,,,,,,,,,,,,,,,,,
1911,2,-29.600000000000023,-35.5,,,,,,,,,,,,,,,,,,,,,,,,,,,,,,,,,2.6,4.6,9.3,5.86,38.0,3.53,16.0,0.5,-3.25,0.0,4.74,0.22,38.0,4.0,16.0,0.5,-6.7,-2.4,3.38,-1.95,38.0,5.27,16.0,0.5,1012.92,1016.05,1019.28,1016.13,30.0,3.37,16.0,0.5,,,,,,,,,,,,,,,,,,,,,,,,,,,,,,,,,,,,,,,,,,,,,,,,,,,,,,,,,,,,,,,,,,,,,,,,,,,,,,,,,,,,,,,,,,,,,,,,,,,,,,,,,,,,,,,,,,,,,,,,
1911,2,-29.5,-23.5,,,,,,,,,,,,,,,,,,,,,,,,,,,,,,,,,4.6,9.3,9.3,7.59,15.0,2.63,24.0,0.6,-8.62,-6.21,-3.63,-5.77,15.0,2.17,24.0,0.6,-8.12,-3.48,-1.9,-4.39,15.0,2.77,24.0,0.6,1010.67,1013.4,1017.1,1014.14,15.0,2.82,24.0,0.6,,,,,,,,,,,,,,,,,,,,,,,,,,,,,,,,,,,,,,,,,,,,,,,,,,,,,,,,,,,,,,,,,,,,,,,,,,,,,,,,,,,,,,,,,,,,,,,,,,,,,,,,,,,,,,,,,,,,,,,,
1911,2,-29.5,20.5,,,,,,,,,,,,,,,,,,,,,,,,,,,,,,,,,3.68,6.7,6.7,5.23,12.0,2.18,18.0,0.5,-6.7,-5.47,-3.41,-4.91,12.0,2.04,18.0,0.5,-2.51,0.0,0.0,-0.87,12.0,1.79,18.0,0.5,1019.66,1020.8,1021.2,1020.41,7.0,0.87,24.0,0.6,,,,,,,,,,,,,,,,,,,,,,,,,,,,,,,,,,,,,,,,,,,,,,,,,,,,,,,,,,,,,,,,,,,,,,,,,,,,,,,,,,,,,,,,,,,,,,,,,,,,,,,,,,,,,,,,,,,,,,,,
1911,2,-29.399999999999977,-33.6,,,,,,,,,,,,,,,,,,,,,,,,,,,,,,,,,1.3,4.6,8.81,5.22,40.0,3.64,20.0,0.5,-3.25,0.0,4.21,0.5,40.0,4.58,20.0,0.5,-6.21,0.0,2.51,-1.44,40.0,4.22,20.0,0.5,1008.3,1011.3,1019.49,1013.02,33.0,5.62,20.0,0.5,,,,,,,,,,,,,,,,,,,,,,,,,,,,,,,,,,,,,,,,,,,,,,,,,,,,,,,,,,,,,,,,,,,,,,,,,,,,,,,,,,,,,,,,,,,,,,,,,,,,,,,,,,,,,,,,,,,,,,,,
1911,2,-29.399999999999977,-27.4,,,,,,,,,,,,,,,,,,,,,,,,,,,,,,,,,4.6,4.6,11.02,6.41,10.0,3.53,28.0,0.5,-8.64,-3.25,-3.25,-4.83,10.0,2.7,28.0,0.5,-6.53,-3.25,-2.44,-3.74,10.0,3.05,28.0,0.5,1017.62,1018.5,1018.86,1018.25,4.0,0.88,28.0,0.8,,,,,,,,,,,,,,,,,,,,,,,,,,,,,,,,,,,,,,,,,,,,,,,,,,,,,,,,,,,,,,,,,,,,,,,,,,,,,,,,,,,,,,,,,,,,,,,,,,,,,,,,,,,,,,,,,,,,,,,,
1911,2,-29.399999999999977,-15.4,,,,,,,,,,,,,,,,,,,,,,,,,,,,,,,,,4.22,4.6,9.3,5.97,25.0,2.69,10.0,0.5,-8.56,-4.6,-3.13,-5.57,25.0,2.43,10.0,0.5,-3.63,0.0,0.0,-1.38,25.0,2.05,10.0,0.5,1013.0,1014.1,1015.87,1014.33,21.0,1.35,6.0,0.5,,,,,,,,,,,,,,,,,,,,,,,,,,,,,,,,,,,,,,,,,,,,,,,,,,,,,,,,,,,,,,,,,,,,,,,,,,,,,,,,,,,,,,,,,,,,,,,,,,,,,,,,,,,,,,,,,,,,,,,,
1911,2,-29.399999999999977,-13.5,,,,,,,,,,,,,,,,,,,,,,,,,,,,,,,,,4.6,6.7,9.3,6.03,21.0,2.3,10.0,0.5,-8.56,-6.17,-4.6,-5.84,21.0,2.09,10.0,0.5,-2.07,0.0,0.0,-0.34,21.0,1.78,10.0,0.5,1010.81,1013.7,1015.67,1013.39,18.0,2.38,6.0,0.5,,,,,,,,,,,,,,,,,,,,,,,,,,,,,,,,,,,,,,,,,,,,,,,,,,,,,,,,,,,,,,,,,,,,,,,,,,,,,,,,,,,,,,,,,,,,,,,,,,,,,,,,,,,,,,,,,,,,,,,,
1911,2,-29.399999999999977,-11.5,,,,,,,,,,,,,,,,,,,,,,,,,,,,,,,,,6.07,6.7,9.3,7.53,18.0,2.07,8.0,0.5,-8.56,-6.7,-5.69,-7.14,18.0,1.87,8.0,0.5,0.0,2.21,3.63,1.91,18.0,1.72,8.0,0.5,1010.33,1012.85,1015.03,1012.68,18.0,2.39,8.0,0.5,,,,,,,,,,,,,,,,,,,,,,,,,,,,,,,,,,,,,,,,,,,,,,,,,,,,,,,,,,,,,,,,,,,,,,,,,,,,,,,,,,,,,,,,,,,,,,,,,,,,,,,,,,,,,,,,,,,,,,,,
1911,2,-29.399999999999977,-9.6,,,,,,,,,,,,,,,,,,,,,,,,,,,,,,,,,4.6,9.3,9.3,7.54,9.0,2.95,8.0,0.6,-8.56,-8.56,-4.24,-6.88,9.0,2.81,8.0,0.6,1.74,3.63,3.63,2.9,9.0,1.45,8.0,0.6,1010.6,1013.4,1014.71,1012.86,7.0,2.33,6.0,0.6,,,,,,,,,,,,,,,,,,,,,,,,,,,,,,,,,,,,,,,,,,,,,,,,,,,,,,,,,,,,,,,,,,,,,,,,,,,,,,,,,,,,,,,,,,,,,,,,,,,,,,,,,,,,,,,,,,,,,,,,
1911,2,-29.399999999999977,-3.3,,,,,,,,,,,,,,,,,,,,,,,,,,,,,,,,,4.6,6.7,6.7,6.54,37.0,1.42,16.0,0.4,-6.32,-4.74,-3.25,-5.29,37.0,1.65,16.0,0.4,2.51,3.25,4.74,3.53,37.0,1.3,16.0,0.4,1010.77,1011.95,1013.4,1012.0,22.0,1.38,14.0,0.5,,,,,,,,,,,,,,,,,,,,,,,,,,,,,,,,,,,,,,,,,,,,,,,,,,,,,,,,,,,,,,,,,,,,,,,,,,,,,,,,,,,,,,,,,,,,,,,,,,,,,,,,,,,,,,,,,,,,,,,,
1911,2,-29.399999999999977,0.4,,,,,,,,,,,,,,,,,,,,,,,,,,,,,,,,,1.0,4.6,4.6,3.44,118.0,1.87,14.0,0.4,-4.27,-2.41,-0.83,-2.57,118.0,1.56,14.0,0.4,-1.02,0.0,3.25,0.6,118.0,2.44,14.0,0.4,1007.61,1010.95,1012.99,1010.64,58.0,2.51,16.0,0.4,,,,,,,,,,,,,,,,,,,,,,,,,,,,,,,,,,,,,,,,,,,,,,,,,,,,,,,,,,,,,,,,,,,,,,,,,,,,,,,,,,,,,,,,,,,,,,,,,,,,,,,,,,,,,,,,,,,,,,,,
1911,2,-29.399999999999977,2.3,,,,,,,,,,,,,,,,,,,,,,,,,,,,,,,,,1.0,4.6,6.7,4.0,152.0,2.12,14.0,0.5,-4.6,-2.6,-0.93,-2.76,152.0,1.72,14.0,0.5,-4.74,-1.8,0.97,-1.68,152.0,2.67,14.0,0.5,1010.15,1011.9,1013.4,1011.62,65.0,1.88,14.0,0.5,,,,,,,,,,,,,,,,,,,,,,,,,,,,,,,,,,,,,,,,,,,,,,,,,,,,,,,,,,,,,,,,,,,,,,,,,,,,,,,,,,,,,,,,,,,,,,,,,,,,,,,,,,,,,,,,,,,,,,,,
1911,2,-29.399999999999977,34.4,,,,,,,,,,,,,,,,,,,,,,,,,,,,,,,,,4.6,6.7,6.7,6.51,20.0,4.22,12.0,0.6,-2.58,0.0,4.57,0.18,20.0,3.27,12.0,0.6,-6.69,0.0,6.7,1.57,20.0,7.0,12.0,0.6,1026.14,1026.95,1027.99,1027.0,14.0,1.11,16.0,0.6,,,,,,,,,,,,,,,,,,,,,,,,,,,,,,,,,,,,,,,,,,,,,,,,,,,,,,,,,,,,,,,,,,,,,,,,,,,,,,,,,,,,,,,,,,,,,,,,,,,,,,,,,,,,,,,,,,,,,,,,
1911,2,-29.399999999999977,36.3,,,,,,,,,,,,,,,,,,,,,,,,,,,,,,,,,2.6,4.6,9.87,6.11,25.0,4.63,12.0,0.3,-0.98,0.0,4.53,1.33,25.0,4.03,12.0,0.3,-4.3,1.02,7.07,2.13,25.0,6.13,12.0,0.3,1022.61,1026.1,1027.76,1024.58,18.0,5.02,14.0,0.4,,,,,,,,,,,,,,,,,,,,,,,,,,,,,,,,,,,,,,,,,,,,,,,,,,,,,,,,,,,,,,,,,,,,,,,,,,,,,,,,,,,,,,,,,,,,,,,,,,,,,,,,,,,,,,,,,,,,,,,,
1911,2,-29.399999999999977,40.4,,,,,,,,,,,,,,,,,,,,,,,,,,,,,,,,,2.6,6.7,12.3,7.49,30.0,4.61,14.0,0.6,-2.11,0.46,8.7,3.05,30.0,5.0,14.0,0.6,-5.25,0.0,7.49,1.2,30.0,6.58,14.0,0.6,1009.42,1020.0,1022.81,1018.08,12.0,6.03,14.0,0.6,,,,,,,,,,,,,,,,,,,,,,,,,,,,,,,,,,,,,,,,,,,,,,,,,,,,,,,,,,,,,,,,,,,,,,,,,,,,,,,,,,,,,,,,,,,,,,,,,,,,,,,,,,,,,,,,,,,,,,,,
1911,2,-29.399999999999977,46.5,,,,,,,,,,,,,,,,,,,,,,,,,,,,,,,,,6.7,9.3,15.4,11.55,109.0,5.92,16.0,0.4,-4.74,6.02,12.3,4.56,109.0,8.25,16.0,0.4,0.0,4.61,12.17,5.11,109.0,7.36,16.0,0.4,1004.06,1013.0,1021.7,1012.01,30.0,8.76,14.0,0.6,,,,,,,,,,,,,,,,,,,,,,,,,,,,,,,,,,,,,,,,,,,,,,,,,,,,,,,,,,,,,,,,,,,,,,,,,,,,,,,,,,,,,,,,,,,,,,,,,,,,,,,,,,,,,,,,,,,,,,,,
1911,2,-29.30000000000001,-31.6,,,,,,,,,,,,,,,,,,,,,,,,,,,,,,,,,2.6,6.7,9.3,6.08,19.0,3.13,22.0,0.4,-9.3,0.0,2.74,-1.84,19.0,6.04,22.0,0.4,-4.27,0.0,0.14,-0.88,19.0,2.83,22.0,0.4,1011.49,1013.7,1020.1,1014.0,16.0,5.2,22.0,0.5,,,,,,,,,,,,,,,,,,,,,,,,,,,,,,,,,,,,,,,,,,,,,,,,,,,,,,,,,,,,,,,,,,,,,,,,,,,,,,,,,,,,,,,,,,,,,,,,,,,,,,,,,,,,,,,,,,,,,,,,
1911,2,-29.30000000000001,-25.5,,,,,,,,,,,,,,,,,,,,,,,,,,,,,,,,,4.6,4.6,9.3,5.9,15.0,2.58,28.0,0.6,-5.89,-3.25,-1.18,-3.32,15.0,2.42,28.0,0.6,-6.67,-3.48,-2.67,-4.29,15.0,2.56,28.0,0.6,1012.63,1013.55,1016.56,1014.24,8.0,2.09,26.0,0.5,,,,,,,,,,,,,,,,,,,,,,,,,,,,,,,,,,,,,,,,,,,,,,,,,,,,,,,,,,,,,,,,,,,,,,,,,,,,,,,,,,,,,,,,,,,,,,,,,,,,,,,,,,,,,,,,,,,,,,,,
1911,2,-29.30000000000001,-21.5,,,,,,,,,,,,,,,,,,,,,,,,,,,,,,,,,4.6,4.6,4.6,5.12,9.0,1.57,8.0,0.6,-4.6,-4.6,-4.27,-4.94,9.0,1.39,8.0,0.6,-1.72,0.0,0.0,-0.96,9.0,1.26,8.0,0.6,1013.97,1014.7,1016.67,1015.3,9.0,1.8,8.0,0.6,,,,,,,,,,,,,,,,,,,,,,,,,,,,,,,,,,,,,,,,,,,,,,,,,,,,,,,,,,,,,,,,,,,,,,,,,,,,,,,,,,,,,,,,,,,,,,,,,,,,,,,,,,,,,,,,,,,,,,,,
1911,2,-29.30000000000001,-7.4,,,,,,,,,,,,,,,,,,,,,,,,,,,,,,,,,6.7,6.7,10.4,8.34,5.0,2.48,4.0,0.4,-10.4,-6.7,-6.17,-8.13,5.0,2.67,4.0,0.4,0.0,0.0,2.62,1.05,5.0,1.43,4.0,0.4,1014.15,1014.45,1014.91,1014.53,4.0,0.46,6.0,0.5,,,,,,,,,,,,,,,,,,,,,,,,,,,,,,,,,,,,,,,,,,,,,,,,,,,,,,,,,,,,,,,,,,,,,,,,,,,,,,,,,,,,,,,,,,,,,,,,,,,,,,,,,,,,,,,,,,,,,,,,
1911,2,-29.30000000000001,-5.2,,,,,,,,,,,,,,,,,,,,,,,,,,,,,,,,,5.4,6.7,11.16,8.01,16.0,2.67,8.0,0.6,-10.35,-6.7,-4.99,-7.47,16.0,2.45,8.0,0.6,1.72,2.62,4.24,2.71,16.0,1.44,8.0,0.6,1010.62,1011.9,1013.91,1012.13,9.0,1.62,6.0,0.4,,,,,,,,,,,,,,,,,,,,,,,,,,,,,,,,,,,,,,,,,,,,,,,,,,,,,,,,,,,,,,,,,,,,,,,,,,,,,,,,,,,,,,,,,,,,,,,,,,,,,,,,,,,,,,,,,,,,,,,,
1911,2,-29.30000000000001,4.3,,,,,,,,,,,,,,,,,,,,,,,,,,,,,,,,,2.6,4.6,6.7,4.91,117.0,2.12,14.0,0.5,-4.74,-3.25,-1.72,-3.44,117.0,1.72,14.0,0.5,-4.74,-3.25,-0.71,-3.04,117.0,2.14,14.0,0.5,1010.39,1011.9,1013.2,1011.71,37.0,1.51,16.0,0.5,,,,,,,,,,,,,,,,,,,,,,,,,,,,,,,,,,,,,,,,,,,,,,,,,,,,,,,,,,,,,,,,,,,,,,,,,,,,,,,,,,,,,,,,,,,,,,,,,,,,,,,,,,,,,,,,,,,,,,,,
1911,2,-29.30000000000001,38.5,,,,,,,,,,,,,,,,,,,,,,,,,,,,,,,,,2.6,6.7,14.32,8.7,41.0,6.23,12.0,0.6,1.76,3.48,8.53,5.12,41.0,5.2,12.0,0.6,-11.17,-1.02,3.25,-3.18,41.0,7.22,12.0,0.6,1012.3,1023.7,1025.8,1020.75,19.0,6.38,10.0,0.7,,,,,,,,,,,,,,,,,,,,,,,,,,,,,,,,,,,,,,,,,,,,,,,,,,,,,,,,,,,,,,,,,,,,,,,,,,,,,,,,,,,,,,,,,,,,,,,,,,,,,,,,,,,,,,,,,,,,,,,,
1911,2,-29.30000000000001,42.3,,,,,,,,,,,,,,,,,,,,,,,,,,,,,,,,,6.7,9.3,12.3,8.71,27.0,3.95,12.0,0.4,-4.74,0.0,6.47,0.59,27.0,6.17,12.0,0.4,0.63,4.81,10.89,5.52,27.0,4.92,12.0,0.4,1007.58,1010.7,1019.0,1012.5,16.0,5.31,10.0,0.5,,,,,,,,,,,,,,,,,,,,,,,,,,,,,,,,,,,,,,,,,,,,,,,,,,,,,,,,,,,,,,,,,,,,,,,,,,,,,,,,,,,,,,,,,,,,,,,,,,,,,,,,,,,,,,,,,,,,,,,,
1911,2,-29.30000000000001,48.1,,,,,,,,,,,,,,,,,,,,,,,,,,,,,,,,,7.69,10.8,14.22,11.61,16.0,4.9,14.0,0.3,-3.63,2.3,11.93,4.32,16.0,8.61,14.0,0.3,0.0,6.58,10.03,5.67,16.0,6.28,14.0,0.3,1021.39,1026.1,1030.81,1026.1,2.0,9.76,6.0,0.5,,,,,,,,,,,,,,,,,,,,,,,,,,,,,,,,,,,,,,,,,,,,,,,,,,,,,,,,,,,,,,,,,,,,,,,,,,,,,,,,,,,,,,,,,,,,,,,,,,,,,,,,,,,,,,,,,,,,,,,,
1911,2,-29.19999999999999,-29.3,,,,,,,,,,,,,,,,,,,,,,,,,,,,,,,,,4.6,6.7,12.3,8.5,7.0,3.66,26.0,0.4,-11.4,-4.74,-2.58,-6.85,7.0,4.38,26.0,0.4,-4.81,0.0,4.61,-0.19,7.0,4.86,26.0,0.4,1015.61,1017.0,1017.81,1016.73,4.0,1.39,28.0,0.3,,,,,,,,,,,,,,,,,,,,,,,,,,,,,,,,,,,,,,,,,,,,,,,,,,,,,,,,,,,,,,,,,,,,,,,,,,,,,,,,,,,,,,,,,,,,,,,,,,,,,,,,,,,,,,,,,,,,,,,,
1911,2,-29.19999999999999,-19.4,,,,,,,,,,,,,,,,,,,,,,,,,,,,,,,,,2.63,4.6,6.7,4.83,20.0,1.48,6.0,0.4,-6.21,-4.6,-2.61,-4.51,20.0,1.28,6.0,0.4,-2.51,0.0,0.0,-1.2,20.0,1.48,6.0,0.4,1014.27,1016.8,1018.0,1016.27,18.0,1.84,6.0,0.4,,,,,,,,,,,,,,,,,,,,,,,,,,,,,,,,,,,,,,,,,,,,,,,,,,,,,,,,,,,,,,,,,,,,,,,,,,,,,,,,,,,,,,,,,,,,,,,,,,,,,,,,,,,,,,,,,,,,,,,,
1911,2,-29.19999999999999,-17.4,,,,,,,,,,,,,,,,,,,,,,,,,,,,,,,,,2.6,2.6,8.02,4.58,23.0,2.68,10.0,0.5,-7.41,-2.6,-2.41,-4.19,23.0,2.48,10.0,0.5,-3.37,-0.97,-0.19,-1.66,23.0,1.31,10.0,0.5,1013.45,1015.7,1017.29,1015.43,17.0,1.99,6.0,0.5,,,,,,,,,,,,,,,,,,,,,,,,,,,,,,,,,,,,,,,,,,,,,,,,,,,,,,,,,,,,,,,,,,,,,,,,,,,,,,,,,,,,,,,,,,,,,,,,,,,,,,,,,,,,,,,,,,,,,,,,
1911,2,-29.19999999999999,-1.3,,,,,,,,,,,,,,,,,,,,,,,,,,,,,,,,,4.6,4.6,6.7,5.41,71.0,1.94,16.0,0.5,-6.17,-3.25,-1.84,-3.86,71.0,1.85,16.0,0.5,1.73,3.25,4.74,3.31,71.0,1.95,16.0,0.5,1010.06,1011.3,1012.92,1011.49,44.0,1.54,16.0,0.5,,,,,,,,,,,,,,,,,,,,,,,,,,,,,,,,,,,,,,,,,,,,,,,,,,,,,,,,,,,,,,,,,,,,,,,,,,,,,,,,,,,,,,,,,,,,,,,,,,,,,,,,,,,,,,,,,,,,,,,,
1911,2,-29.19999999999999,6.3,,,,,,,,,,,,,,,,,,,,,,,,,,,,,,,,,2.6,4.6,6.7,5.46,69.0,2.23,16.0,0.5,-5.04,-3.25,-1.84,-3.98,69.0,2.11,16.0,0.5,-4.74,-3.25,-1.63,-3.24,69.0,2.01,16.0,0.5,1011.4,1012.9,1013.68,1012.56,34.0,1.26,16.0,0.6,,,,,,,,,,,,,,,,,,,,,,,,,,,,,,,,,,,,,,,,,,,,,,,,,,,,,,,,,,,,,,,,,,,,,,,,,,,,,,,,,,,,,,,,,,,,,,,,,,,,,,,,,,,,,,,,,,,,,,,,
1911,2,-29.19999999999999,8.3,,,,,,,,,,,,,,,,,,,,,,,,,,,,,,,,,4.6,6.7,9.22,5.83,39.0,2.31,14.0,0.6,-6.56,-4.74,-2.44,-4.46,39.0,2.17,14.0,0.6,-4.74,-3.48,-1.84,-3.4,39.0,1.82,14.0,0.6,1011.9,1012.6,1013.85,1012.82,17.0,0.97,14.0,0.6,,,,,,,,,,,,,,,,,,,,,,,,,,,,,,,,,,,,,,,,,,,,,,,,,,,,,,,,,,,,,,,,,,,,,,,,,,,,,,,,,,,,,,,,,,,,,,,,,,,,,,,,,,,,,,,,,,,,,,,,
1911,2,-29.19999999999999,10.3,,,,,,,,,,,,,,,,,,,,,,,,,,,,,,,,,4.6,6.7,6.7,5.8,7.0,1.12,2.0,0.4,-4.81,-4.74,-4.26,-4.73,7.0,0.68,2.0,0.4,-4.74,-2.62,-1.72,-3.15,7.0,1.51,2.0,0.4,1013.4,1013.6,1014.15,1013.77,3.0,0.57,4.0,0.7,,,,,,,,,,,,,,,,,,,,,,,,,,,,,,,,,,,,,,,,,,,,,,,,,,,,,,,,,,,,,,,,,,,,,,,,,,,,,,,,,,,,,,,,,,,,,,,,,,,,,,,,,,,,,,,,,,,,,,,,
1911,2,-29.19999999999999,22.3,,,,,,,,,,,,,,,,,,,,,,,,,,,,,,,,,1.57,2.8,4.03,2.8,2.0,2.55,16.0,0.5,-2.85,-1.98,-1.11,-1.98,2.0,1.8,16.0,0.5,-2.62,-1.27,0.08,-1.27,2.0,2.8,16.0,0.5,1021.4,1021.4,1021.4,1021.4,1.0,0.0,26.0,0.0,,,,,,,,,,,,,,,,,,,,,,,,,,,,,,,,,,,,,,,,,,,,,,,,,,,,,,,,,,,,,,,,,,,,,,,,,,,,,,,,,,,,,,,,,,,,,,,,,,,,,,,,,,,,,,,,,,,,,,,,
1911,2,-29.19999999999999,30.3,,,,,,,,,,,,,,,,,,,,,,,,,,,,,,,,,8.76,12.3,12.94,11.38,6.0,3.0,8.0,0.5,0.0,8.0,12.71,7.1,6.0,6.07,8.0,0.5,-1.19,0.0,12.3,3.14,6.0,7.44,8.0,0.5,1011.33,1011.75,1011.8,1011.58,4.0,0.39,6.0,0.3,,,,,,,,,,,,,,,,,,,,,,,,,,,,,,,,,,,,,,,,,,,,,,,,,,,,,,,,,,,,,,,,,,,,,,,,,,,,,,,,,,,,,,,,,,,,,,,,,,,,,,,,,,,,,,,,,,,,,,,,
1911,2,-27.69999999999999,-33.3,,,,,,,,,,,,,,,,,,,,,,,,,,,,,,,,,6.4,9.3,12.3,8.83,19.0,3.8,16.0,0.6,0.61,6.17,8.58,4.71,19.0,3.97,16.0,0.6,-9.01,-6.58,-2.62,-6.55,19.0,3.51,16.0,0.6,1009.9,1014.95,1016.63,1013.75,18.0,3.33,16.0,0.6,,,,,,,,,,,,,,,,,,,,,,,,,,,,,,,,,,,,,,,,,,,,,,,,,,,,,,,,,,,,,,,,,,,,,,,,,,,,,,,,,,,,,,,,,,,,,,,,,,,,,,,,,,,,,,,,,,,,,,,,
1911,2,-27.600000000000023,-31.4,,,,,,,,,,,,,,,,,,,,,,,,,,,,,,,,,1.0,4.6,9.3,5.21,57.0,3.76,20.0,0.5,0.0,2.51,4.74,2.82,57.0,2.67,20.0,0.5,-6.25,-2.41,1.02,-2.65,57.0,4.4,20.0,0.5,1010.55,1013.75,1017.5,1013.95,44.0,3.18,18.0,0.5,,,,,,,,,,,,,,,,,,,,,,,,,,,,,,,,,,,,,,,,,,,,,,,,,,,,,,,,,,,,,,,,,,,,,,,,,,,,,,,,,,,,,,,,,,,,,,,,,,,,,,,,,,,,,,,,,,,,,,,,
1911,2,-27.600000000000023,-29.5,,,,,,,,,,,,,,,,,,,,,,,,,,,,,,,,,1.0,2.6,8.68,4.32,34.0,3.63,24.0,0.5,-2.59,0.0,1.64,-1.07,34.0,3.31,24.0,0.5,-4.61,-0.92,2.26,-1.64,34.0,4.18,24.0,0.5,1009.76,1012.2,1015.15,1012.11,27.0,2.38,24.0,0.5,,,,,,,,,,,,,,,,,,,,,,,,,,,,,,,,,,,,,,,,,,,,,,,,,,,,,,,,,,,,,,,,,,,,,,,,,,,,,,,,,,,,,,,,,,,,,,,,,,,,,,,,,,,,,,,,,,,,,,,,
1911,2,-27.600000000000023,-27.4,,,,,,,,,,,,,,,,,,,,,,,,,,,,,,,,,2.04,4.6,9.3,5.32,24.0,3.56,18.0,0.5,-8.62,-3.74,-0.9,-4.52,24.0,3.71,18.0,0.5,-3.48,-2.06,0.0,-1.4,24.0,2.25,18.0,0.5,1014.91,1016.3,1017.64,1016.21,18.0,1.48,14.0,0.5,,,,,,,,,,,,,,,,,,,,,,,,,,,,,,,,,,,,,,,,,,,,,,,,,,,,,,,,,,,,,,,,,,,,,,,,,,,,,,,,,,,,,,,,,,,,,,,,,,,,,,,,,,,,,,,,,,,,,,,,
1911,2,-27.600000000000023,-23.5,,,,,,,,,,,,,,,,,,,,,,,,,,,,,,,,,2.6,4.6,7.07,4.98,19.0,2.52,10.0,0.5,-6.58,-4.6,-2.33,-4.39,19.0,2.04,10.0,0.5,-2.65,-0.97,0.0,-1.32,19.0,2.49,10.0,0.5,1016.66,1018.2,1019.94,1018.26,19.0,1.82,10.0,0.5,,,,,,,,,,,,,,,,,,,,,,,,,,,,,,,,,,,,,,,,,,,,,,,,,,,,,,,,,,,,,,,,,,,,,,,,,,,,,,,,,,,,,,,,,,,,,,,,,,,,,,,,,,,,,,,,,,,,,,,,
1911,2,-27.600000000000023,-13.5,,,,,,,,,,,,,,,,,,,,,,,,,,,,,,,,,6.7,6.7,9.3,7.39,15.0,1.19,6.0,0.5,-9.3,-6.7,-6.7,-7.33,15.0,1.24,6.0,0.5,0.0,0.0,0.0,0.01,15.0,0.97,6.0,0.5,1014.31,1015.7,1016.3,1015.31,15.0,1.17,6.0,0.5,,,,,,,,,,,,,,,,,,,,,,,,,,,,,,,,,,,,,,,,,,,,,,,,,,,,,,,,,,,,,,,,,,,,,,,,,,,,,,,,,,,,,,,,,,,,,,,,,,,,,,,,,,,,,,,,,,,,,,,,
1911,2,-27.600000000000023,34.7,,,,,,,,,,,,,,,,,,,,,,,,,,,,,,,,,6.27,8.0,9.3,7.65,6.0,1.96,12.0,0.3,-2.75,-1.25,0.0,-1.4,6.0,1.55,12.0,0.3,-6.85,-4.71,9.3,-1.06,6.0,8.25,12.0,0.3,1020.66,1024.5,1027.61,1024.15,4.0,4.05,18.0,0.5,,,,,,,,,,,,,,,,,,,,,,,,,,,,,,,,,,,,,,,,,,,,,,,,,,,,,,,,,,,,,,,,,,,,,,,,,,,,,,,,,,,,,,,,,,,,,,,,,,,,,,,,,,,,,,,,,,,,,,,,
1911,2,-27.5,-25.5,,,,,,,,,,,,,,,,,,,,,,,,,,,,,,,,,1.0,2.6,5.44,3.58,30.0,2.39,10.0,0.5,-4.27,-2.6,-0.71,-2.76,30.0,1.81,10.0,0.5,-3.25,-0.92,0.0,-1.46,30.0,2.38,10.0,0.5,1014.39,1016.3,1019.86,1016.52,29.0,2.85,10.0,0.5,,,,,,,,,,,,,,,,,,,,,,,,,,,,,,,,,,,,,,,,,,,,,,,,,,,,,,,,,,,,,,,,,,,,,,,,,,,,,,,,,,,,,,,,,,,,,,,,,,,,,,,,,,,,,,,,,,,,,,,,
1911,2,-27.5,-21.5,,,,,,,,,,,,,,,,,,,,,,,,,,,,,,,,,2.6,4.6,6.7,4.8,15.0,1.9,6.0,0.4,-6.59,-4.6,-2.6,-4.62,15.0,2.02,6.0,0.4,-1.81,0.0,0.0,-0.64,15.0,0.96,6.0,0.4,1017.22,1019.55,1020.75,1019.06,14.0,1.64,4.0,0.4,,,,,,,,,,,,,,,,,,,,,,,,,,,,,,,,,,,,,,,,,,,,,,,,,,,,,,,,,,,,,,,,,,,,,,,,,,,,,,,,,,,,,,,,,,,,,,,,,,,,,,,,,,,,,,,,,,,,,,,,
1911,2,-27.5,-7.4,,,,,,,,,,,,,,,,,,,,,,,,,,,,,,,,,4.6,6.7,9.3,6.88,31.0,2.64,8.0,0.5,-9.3,-6.17,-4.23,-6.51,31.0,2.73,8.0,0.5,0.0,1.72,2.77,1.42,31.0,1.6,8.0,0.5,1009.5,1012.5,1013.87,1011.77,22.0,2.23,8.0,0.5,,,,,,,,,,,,,,,,,,,,,,,,,,,,,,,,,,,,,,,,,,,,,,,,,,,,,,,,,,,,,,,,,,,,,,,,,,,,,,,,,,,,,,,,,,,,,,,,,,,,,,,,,,,,,,,,,,,,,,,,
1911,2,-27.5,-3.4,,,,,,,,,,,,,,,,,,,,,,,,,,,,,,,,,1.0,6.7,6.7,4.82,30.0,2.5,12.0,0.5,-6.41,-3.74,-0.71,-3.68,30.0,2.52,12.0,0.5,0.23,2.55,4.74,2.4,30.0,1.99,12.0,0.5,1008.19,1010.2,1013.19,1010.51,17.0,2.56,10.0,0.5,,,,,,,,,,,,,,,,,,,,,,,,,,,,,,,,,,,,,,,,,,,,,,,,,,,,,,,,,,,,,,,,,,,,,,,,,,,,,,,,,,,,,,,,,,,,,,,,,,,,,,,,,,,,,,,,,,,,,,,,
1911,2,-27.5,-1.3,,,,,,,,,,,,,,,,,,,,,,,,,,,,,,,,,1.0,2.6,6.7,3.17,52.0,2.33,16.0,0.5,-4.6,-1.84,0.0,-2.39,52.0,2.16,16.0,0.5,0.0,0.82,3.19,1.41,52.0,1.79,16.0,0.5,1008.3,1010.7,1013.07,1010.41,27.0,2.35,14.0,0.5,,,,,,,,,,,,,,,,,,,,,,,,,,,,,,,,,,,,,,,,,,,,,,,,,,,,,,,,,,,,,,,,,,,,,,,,,,,,,,,,,,,,,,,,,,,,,,,,,,,,,,,,,,,,,,,,,,,,,,,,
1911,2,-27.5,10.4,,,,,,,,,,,,,,,,,,,,,,,,,,,,,,,,,3.36,6.7,9.3,6.35,79.0,2.85,16.0,0.5,-6.58,-4.74,-2.06,-4.74,79.0,2.5,16.0,0.5,-6.21,-3.25,-1.84,-3.92,79.0,2.09,16.0,0.5,1013.26,1014.3,1015.1,1014.13,38.0,1.26,18.0,0.5,,,,,,,,,,,,,,,,,,,,,,,,,,,,,,,,,,,,,,,,,,,,,,,,,,,,,,,,,,,,,,,,,,,,,,,,,,,,,,,,,,,,,,,,,,,,,,,,,,,,,,,,,,,,,,,,,,,,,,,,
1911,2,-27.5,20.5,,,,,,,,,,,,,,,,,,,,,,,,,,,,,,,,,7.59,9.5,11.41,9.5,2.0,3.96,14.0,1.0,-10.66,-9.05,-7.45,-9.05,2.0,3.33,14.0,1.0,-3.88,-2.3,-0.73,-2.3,2.0,3.26,14.0,1.0,1017.6,1017.6,1017.6,1017.6,1.0,0.0,14.0,1.0,,,,,,,,,,,,,,,,,,,,,,,,,,,,,,,,,,,,,,,,,,,,,,,,,,,,,,,,,,,,,,,,,,,,,,,,,,,,,,,,,,,,,,,,,,,,,,,,,,,,,,,,,,,,,,,,,,,,,,,,
1911,2,-27.5,22.6,,,,,,,,,,,,,,,,,,,,,,,,,,,,,,,,,2.54,4.6,4.6,3.78,10.0,1.74,20.0,0.4,-4.6,-4.27,-1.8,-3.38,10.0,1.68,20.0,0.4,-2.6,-1.22,0.0,-1.24,10.0,1.3,20.0,0.4,1021.56,1022.25,1022.85,1022.32,6.0,0.86,26.0,0.5,,,,,,,,,,,,,,,,,,,,,,,,,,,,,,,,,,,,,,,,,,,,,,,,,,,,,,,,,,,,,,,,,,,,,,,,,,,,,,,,,,,,,,,,,,,,,,,,,,,,,,,,,,,,,,,,,,,,,,,,
1911,2,-27.5,40.3,,,,,,,,,,,,,,,,,,,,,,,,,,,,,,,,,2.76,6.7,9.3,6.6,33.0,2.96,14.0,0.5,-6.54,2.39,3.63,-0.13,33.0,5.35,14.0,0.5,-4.62,1.84,4.8,0.55,33.0,4.97,14.0,0.5,1016.88,1021.95,1022.79,1020.92,14.0,3.65,12.0,0.5,,,,,,,,,,,,,,,,,,,,,,,,,,,,,,,,,,,,,,,,,,,,,,,,,,,,,,,,,,,,,,,,,,,,,,,,,,,,,,,,,,,,,,,,,,,,,,,,,,,,,,,,,,,,,,,,,,,,,,,,
1911,2,-27.5,56.3,,,,,,,,,,,,,,,,,,,,,,,,,,,,,,,,,8.65,12.85,17.05,12.85,2.0,8.7,20.0,0.0,-5.57,-2.25,1.07,-2.25,2.0,6.88,20.0,0.0,7.98,11.89,15.8,11.89,2.0,8.1,20.0,0.0,1009.6,1009.6,1009.6,1009.6,1.0,0.0,16.0,0.0,,,,,,,,,,,,,,,,,,,,,,,,,,,,,,,,,,,,,,,,,,,,,,,,,,,,,,,,,,,,,,,,,,,,,,,,,,,,,,,,,,,,,,,,,,,,,,,,,,,,,,,,,,,,,,,,,,,,,,,,
1911,2,-27.399999999999977,-17.4,,,,,,,,,,,,,,,,,,,,,,,,,,,,,,,,,5.07,6.7,9.3,7.01,15.0,2.03,4.0,0.5,-9.3,-6.7,-5.07,-7.0,15.0,2.07,4.0,0.5,0.0,0.0,0.0,-0.07,15.0,0.26,4.0,0.5,1015.55,1016.8,1017.97,1016.74,14.0,1.1,4.0,0.5,,,,,,,,,,,,,,,,,,,,,,,,,,,,,,,,,,,,,,,,,,,,,,,,,,,,,,,,,,,,,,,,,,,,,,,,,,,,,,,,,,,,,,,,,,,,,,,,,,,,,,,,,,,,,,,,,,,,,,,,
1911,2,-27.399999999999977,-11.5,,,,,,,,,,,,,,,,,,,,,,,,,,,,,,,,,6.7,6.7,9.3,7.91,15.0,1.34,8.0,0.5,-9.3,-6.7,-6.7,-7.88,15.0,1.38,8.0,0.5,0.0,0.0,0.0,0.17,15.0,0.68,8.0,0.5,1013.32,1014.1,1016.29,1014.66,15.0,1.4,8.0,0.5,,,,,,,,,,,,,,,,,,,,,,,,,,,,,,,,,,,,,,,,,,,,,,,,,,,,,,,,,,,,,,,,,,,,,,,,,,,,,,,,,,,,,,,,,,,,,,,,,,,,,,,,,,,,,,,,,,,,,,,,
1911,2,-27.399999999999977,-9.4,,,,,,,,,,,,,,,,,,,,,,,,,,,,,,,,,4.6,6.7,9.3,7.46,22.0,2.43,8.0,0.5,-8.56,-6.64,-4.36,-6.77,22.0,2.51,8.0,0.5,0.0,2.94,3.63,2.43,22.0,1.93,8.0,0.5,1010.15,1013.15,1015.36,1012.73,18.0,2.52,8.0,0.4,,,,,,,,,,,,,,,,,,,,,,,,,,,,,,,,,,,,,,,,,,,,,,,,,,,,,,,,,,,,,,,,,,,,,,,,,,,,,,,,,,,,,,,,,,,,,,,,,,,,,,,,,,,,,,,,,,,,,,,,
1911,2,-27.399999999999977,-5.4,,,,,,,,,,,,,,,,,,,,,,,,,,,,,,,,,4.6,6.7,6.7,5.89,28.0,2.03,10.0,0.5,-6.7,-4.74,-2.24,-4.83,28.0,2.36,10.0,0.5,0.0,2.62,4.59,2.42,28.0,2.04,10.0,0.5,1009.18,1011.55,1013.5,1011.15,16.0,2.28,10.0,0.4,,,,,,,,,,,,,,,,,,,,,,,,,,,,,,,,,,,,,,,,,,,,,,,,,,,,,,,,,,,,,,,,,,,,,,,,,,,,,,,,,,,,,,,,,,,,,,,,,,,,,,,,,,,,,,,,,,,,,,,,
1911,2,-27.399999999999977,4.3,,,,,,,,,,,,,,,,,,,,,,,,,,,,,,,,,2.6,4.6,6.7,5.6,84.0,2.43,16.0,0.5,-6.17,-4.23,-1.84,-4.0,84.0,2.11,16.0,0.5,-5.96,-3.25,-1.8,-3.55,84.0,2.06,16.0,0.5,1010.48,1012.25,1013.9,1012.24,30.0,1.75,20.0,0.5,,,,,,,,,,,,,,,,,,,,,,,,,,,,,,,,,,,,,,,,,,,,,,,,,,,,,,,,,,,,,,,,,,,,,,,,,,,,,,,,,,,,,,,,,,,,,,,,,,,,,,,,,,,,,,,,,,,,,,,,
1911,2,-27.399999999999977,8.4,,,,,,,,,,,,,,,,,,,,,,,,,,,,,,,,,4.6,6.7,9.3,6.35,91.0,2.58,14.0,0.5,-6.58,-4.27,-1.84,-4.45,91.0,2.32,14.0,0.5,-6.17,-4.23,-1.81,-4.06,91.0,2.3,14.0,0.5,1012.28,1013.6,1014.92,1013.6,31.0,1.3,16.0,0.4,,,,,,,,,,,,,,,,,,,,,,,,,,,,,,,,,,,,,,,,,,,,,,,,,,,,,,,,,,,,,,,,,,,,,,,,,,,,,,,,,,,,,,,,,,,,,,,,,,,,,,,,,,,,,,,,,,,,,,,,
1911,2,-27.399999999999977,36.4,,,,,,,,,,,,,,,,,,,,,,,,,,,,,,,,,2.52,6.7,15.4,7.9,26.0,5.83,14.0,0.5,-2.78,0.0,4.74,-0.6,26.0,6.46,14.0,0.5,-4.28,4.74,10.94,3.63,26.0,6.55,14.0,0.5,1025.07,1027.1,1028.53,1024.61,15.0,7.51,16.0,0.4,,,,,,,,,,,,,,,,,,,,,,,,,,,,,,,,,,,,,,,,,,,,,,,,,,,,,,,,,,,,,,,,,,,,,,,,,,,,,,,,,,,,,,,,,,,,,,,,,,,,,,,,,,,,,,,,,,,,,,,,
1911,2,-27.399999999999977,38.4,,,,,,,,,,,,,,,,,,,,,,,,,,,,,,,,,3.17,4.6,9.3,6.34,28.0,3.54,12.0,0.6,0.0,3.25,6.46,3.49,28.0,4.24,12.0,0.6,-1.8,1.82,4.79,1.93,28.0,4.44,12.0,0.6,1014.83,1020.8,1025.71,1021.14,15.0,4.93,12.0,0.5,,,,,,,,,,,,,,,,,,,,,,,,,,,,,,,,,,,,,,,,,,,,,,,,,,,,,,,,,,,,,,,,,,,,,,,,,,,,,,,,,,,,,,,,,,,,,,,,,,,,,,,,,,,,,,,,,,,,,,,,
1911,2,-27.399999999999977,44.3,,,,,,,,,,,,,,,,,,,,,,,,,,,,,,,,,9.3,12.3,15.4,11.88,20.0,4.26,8.0,0.6,-15.4,-11.32,-4.29,-9.71,20.0,6.87,8.0,0.6,-0.7,0.0,6.0,2.27,20.0,3.85,8.0,0.6,1019.37,1020.25,1021.83,1020.43,10.0,1.51,6.0,0.6,,,,,,,,,,,,,,,,,,,,,,,,,,,,,,,,,,,,,,,,,,,,,,,,,,,,,,,,,,,,,,,,,,,,,,,,,,,,,,,,,,,,,,,,,,,,,,,,,,,,,,,,,,,,,,,,,,,,,,,,
1911,2,-27.399999999999977,46.6,,,,,,,,,,,,,,,,,,,,,,,,,,,,,,,,,6.7,9.3,15.4,10.33,80.0,5.27,16.0,0.5,-6.36,4.61,11.13,2.88,80.0,8.24,16.0,0.5,-4.42,4.05,8.76,3.21,80.0,7.0,16.0,0.5,1008.33,1015.1,1023.86,1016.16,19.0,6.97,14.0,0.3,,,,,,,,,,,,,,,,,,,,,,,,,,,,,,,,,,,,,,,,,,,,,,,,,,,,,,,,,,,,,,,,,,,,,,,,,,,,,,,,,,,,,,,,,,,,,,,,,,,,,,,,,,,,,,,,,,,,,,,,
1911,2,-27.30000000000001,-19.4,,,,,,,,,,,,,,,,,,,,,,,,,,,,,,,,,6.7,6.7,6.7,6.95,16.0,1.75,10.0,0.6,-6.7,-6.46,-6.17,-6.76,16.0,1.8,10.0,0.6,-2.51,0.0,0.0,-0.95,16.0,1.27,10.0,0.6,1017.45,1018.35,1019.6,1018.45,12.0,1.31,4.0,0.5,,,,,,,,,,,,,,,,,,,,,,,,,,,,,,,,,,,,,,,,,,,,,,,,,,,,,,,,,,,,,,,,,,,,,,,,,,,,,,,,,,,,,,,,,,,,,,,,,,,,,,,,,,,,,,,,,,,,,,,,
1911,2,-27.30000000000001,-15.5,,,,,,,,,,,,,,,,,,,,,,,,,,,,,,,,,4.6,6.7,7.07,6.35,19.0,1.9,6.0,0.4,-7.07,-6.7,-4.55,-6.23,19.0,2.0,6.0,0.4,0.0,0.0,0.0,0.01,19.0,1.05,6.0,0.4,1014.81,1016.55,1017.56,1016.36,16.0,1.3,6.0,0.4,,,,,,,,,,,,,,,,,,,,,,,,,,,,,,,,,,,,,,,,,,,,,,,,,,,,,,,,,,,,,,,,,,,,,,,,,,,,,,,,,,,,,,,,,,,,,,,,,,,,,,,,,,,,,,,,,,,,,,,,
1911,2,-27.30000000000001,0.3,,,,,,,,,,,,,,,,,,,,,,,,,,,,,,,,,1.0,2.6,4.6,2.59,99.0,2.25,16.0,0.5,-4.27,-1.0,0.0,-1.91,99.0,2.05,16.0,0.5,-0.83,0.0,2.45,0.47,99.0,1.92,16.0,0.5,1011.0,1012.0,1013.88,1012.22,84.0,1.86,18.0,0.5,,,,,,,,,,,,,,,,,,,,,,,,,,,,,,,,,,,,,,,,,,,,,,,,,,,,,,,,,,,,,,,,,,,,,,,,,,,,,,,,,,,,,,,,,,,,,,,,,,,,,,,,,,,,,,,,,,,,,,,,
1911,2,-27.30000000000001,6.3,,,,,,,,,,,,,,,,,,,,,,,,,,,,,,,,,4.56,6.7,9.3,6.05,108.0,2.38,14.0,0.5,-6.58,-4.23,-2.38,-4.26,108.0,2.18,14.0,0.5,-6.21,-3.63,-1.8,-3.83,108.0,2.17,14.0,0.5,1010.95,1013.1,1014.4,1012.77,34.0,1.67,18.0,0.5,,,,,,,,,,,,,,,,,,,,,,,,,,,,,,,,,,,,,,,,,,,,,,,,,,,,,,,,,,,,,,,,,,,,,,,,,,,,,,,,,,,,,,,,,,,,,,,,,,,,,,,,,,,,,,,,,,,,,,,,
1911,2,-27.30000000000001,30.2,,,,,,,,,,,,,,,,,,,,,,,,,,,,,,,,,6.7,6.7,9.3,7.74,5.0,1.42,10.0,0.4,-5.41,-3.63,3.32,-1.54,5.0,4.89,10.0,0.4,1.28,6.21,7.3,4.27,5.0,5.22,10.0,0.4,1011.38,1012.4,1013.42,1012.4,2.0,2.12,6.0,1.0,,,,,,,,,,,,,,,,,,,,,,,,,,,,,,,,,,,,,,,,,,,,,,,,,,,,,,,,,,,,,,,,,,,,,,,,,,,,,,,,,,,,,,,,,,,,,,,,,,,,,,,,,,,,,,,,,,,,,,,,
1911,2,-27.30000000000001,42.4,,,,,,,,,,,,,,,,,,,,,,,,,,,,,,,,,9.3,12.3,15.4,12.04,31.0,3.05,12.0,0.5,-14.2,0.0,4.61,-3.65,31.0,8.09,12.0,0.5,-4.71,5.77,12.3,4.42,31.0,7.72,12.0,0.5,1015.14,1018.15,1022.51,1018.7,12.0,4.19,14.0,0.3,,,,,,,,,,,,,,,,,,,,,,,,,,,,,,,,,,,,,,,,,,,,,,,,,,,,,,,,,,,,,,,,,,,,,,,,,,,,,,,,,,,,,,,,,,,,,,,,,,,,,,,,,,,,,,,,,,,,,,,,
1911,2,-27.30000000000001,48.2,,,,,,,,,,,,,,,,,,,,,,,,,,,,,,,,,6.7,12.3,19.0,13.64,46.0,6.22,16.0,0.6,-5.97,5.89,15.9,5.14,46.0,9.55,16.0,0.6,0.0,5.51,14.18,5.93,46.0,8.65,16.0,0.6,1001.51,1010.95,1017.98,1011.08,14.0,7.39,18.0,0.4,,,,,,,,,,,,,,,,,,,,,,,,,,,,,,,,,,,,,,,,,,,,,,,,,,,,,,,,,,,,,,,,,,,,,,,,,,,,,,,,,,,,,,,,,,,,,,,,,,,,,,,,,,,,,,,,,,,,,,,,
1911,2,-27.19999999999999,2.3,,,,,,,,,,,,,,,,,,,,,,,,,,,,,,,,,1.0,2.6,6.7,4.1,58.0,3.13,22.0,0.5,-6.17,-1.84,-0.37,-2.74,58.0,2.72,22.0,0.5,-3.25,-1.43,0.88,-1.52,58.0,3.08,22.0,0.5,1009.8,1011.9,1013.19,1011.75,39.0,1.49,24.0,0.4,,,,,,,,,,,,,,,,,,,,,,,,,,,,,,,,,,,,,,,,,,,,,,,,,,,,,,,,,,,,,,,,,,,,,,,,,,,,,,,,,,,,,,,,,,,,,,,,,,,,,,,,,,,,,,,,,,,,,,,,
1911,2,-27.19999999999999,12.4,,,,,,,,,,,,,,,,,,,,,,,,,,,,,,,,,4.6,6.7,6.7,6.43,63.0,2.03,16.0,0.5,-6.27,-4.74,-3.25,-4.95,63.0,2.27,16.0,0.5,-4.74,-3.63,-1.83,-3.6,63.0,1.69,16.0,0.5,1012.95,1014.6,1015.5,1014.41,31.0,1.16,16.0,0.6,,,,,,,,,,,,,,,,,,,,,,,,,,,,,,,,,,,,,,,,,,,,,,,,,,,,,,,,,,,,,,,,,,,,,,,,,,,,,,,,,,,,,,,,,,,,,,,,,,,,,,,,,,,,,,,,,,,,,,,,
1911,2,-27.19999999999999,14.3,,,,,,,,,,,,,,,,,,,,,,,,,,,,,,,,,4.6,6.7,12.3,8.17,26.0,3.12,16.0,0.5,-9.37,-6.21,-3.25,-6.78,26.0,3.09,16.0,0.5,-4.78,-4.14,-2.51,-4.1,26.0,2.06,16.0,0.5,1014.22,1015.4,1016.15,1015.37,11.0,1.02,18.0,0.5,,,,,,,,,,,,,,,,,,,,,,,,,,,,,,,,,,,,,,,,,,,,,,,,,,,,,,,,,,,,,,,,,,,,,,,,,,,,,,,,,,,,,,,,,,,,,,,,,,,,,,,,,,,,,,,,,,,,,,,,
1911,2,-27.19999999999999,18.4,,,,,,,,,,,,,,,,,,,,,,,,,,,,,,,,,12.3,12.3,12.3,12.3,3.0,0.0,14.0,0.0,-12.3,-12.3,-11.69,-12.0,3.0,0.52,14.0,0.0,-3.15,0.0,0.0,-1.54,3.0,2.66,14.0,0.0,1016.5,1018.0,1018.14,1017.33,3.0,1.33,14.0,0.0,,,,,,,,,,,,,,,,,,,,,,,,,,,,,,,,,,,,,,,,,,,,,,,,,,,,,,,,,,,,,,,,,,,,,,,,,,,,,,,,,,,,,,,,,,,,,,,,,,,,,,,,,,,,,,,,,,,,,,,,
1911,2,-27.19999999999999,24.3,,,,,,,,,,,,,,,,,,,,,,,,,,,,,,,,,1.51,2.6,2.6,2.07,3.0,0.92,12.0,0.3,-1.33,1.0,1.57,0.14,3.0,2.25,12.0,0.3,-1.56,-0.97,-0.31,-0.94,3.0,0.92,12.0,0.3,1024.4,1024.4,1024.4,1024.4,1.0,0.0,24.0,0.0,,,,,,,,,,,,,,,,,,,,,,,,,,,,,,,,,,,,,,,,,,,,,,,,,,,,,,,,,,,,,,,,,,,,,,,,,,,,,,,,,,,,,,,,,,,,,,,,,,,,,,,,,,,,,,,,,,,,,,,,
1911,2,-27.100000000000023,16.4,,,,,,,,,,,,,,,,,,,,,,,,,,,,,,,,,6.7,8.0,12.3,9.05,12.0,2.94,16.0,0.8,-11.34,-6.64,-6.17,-7.64,12.0,3.13,16.0,0.8,-6.58,-3.71,0.0,-3.33,12.0,3.53,16.0,0.8,1014.26,1016.85,1017.74,1016.1,6.0,2.24,16.0,0.8,,,,,,,,,,,,,,,,,,,,,,,,,,,,,,,,,,,,,,,,,,,,,,,,,,,,,,,,,,,,,,,,,,,,,,,,,,,,,,,,,,,,,,,,,,,,,,,,,,,,,,,,,,,,,,,,,,,,,,,,
1911,2,-27.0,32.2,,,,,,,,,,,,,,,,,,,,,,,,,,,,,,,,,6.7,6.7,8.47,7.57,3.0,1.5,6.0,0.3,5.21,6.21,6.46,5.84,3.0,0.97,6.0,0.3,-5.99,-4.74,-3.22,-4.61,3.0,2.04,6.0,0.3,1014.08,1014.9,1015.04,1014.57,3.0,0.76,6.0,0.3,,,,,,,,,,,,,,,,,,,,,,,,,,,,,,,,,,,,,,,,,,,,,,,,,,,,,,,,,,,,,,,,,,,,,,,,,,,,,,,,,,,,,,,,,,,,,,,,,,,,,,,,,,,,,,,,,,,,,,,,
1911,2,-25.69999999999999,-23.6,,,,,,,,,,,,,,,,,,,,,,,,,,,,,,,,,2.37,4.6,6.7,4.55,19.0,2.55,4.0,0.4,-6.7,-3.25,-1.72,-3.88,19.0,2.4,4.0,0.4,-3.48,-1.72,0.0,-1.82,19.0,1.77,4.0,0.4,1018.54,1019.8,1020.83,1019.61,19.0,1.15,4.0,0.4,,,,,,,,,,,,,,,,,,,,,,,,,,,,,,,,,,,,,,,,,,,,,,,,,,,,,,,,,,,,,,,,,,,,,,,,,,,,,,,,,,,,,,,,,,,,,,,,,,,,,,,,,,,,,,,,,,,,,,,,
1911,2,-25.69999999999999,-21.4,,,,,,,,,,,,,,,,,,,,,,,,,,,,,,,,,4.6,4.6,6.47,5.13,8.0,0.97,2.0,0.5,-6.03,-4.27,-4.27,-4.85,8.0,1.01,2.0,0.5,-1.72,-1.72,0.0,-0.95,8.0,1.42,2.0,0.5,1018.29,1019.5,1020.69,1019.41,8.0,1.34,2.0,0.5,,,,,,,,,,,,,,,,,,,,,,,,,,,,,,,,,,,,,,,,,,,,,,,,,,,,,,,,,,,,,,,,,,,,,,,,,,,,,,,,,,,,,,,,,,,,,,,,,,,,,,,,,,,,,,,,,,,,,,,,
1911,2,-25.69999999999999,-19.5,,,,,,,,,,,,,,,,,,,,,,,,,,,,,,,,,6.27,6.7,7.24,6.78,6.0,1.49,2.0,0.5,-7.24,-6.46,-5.88,-6.62,6.0,1.52,2.0,0.5,-2.51,0.0,0.0,-0.84,6.0,1.3,2.0,0.5,1014.98,1016.1,1017.02,1016.03,6.0,0.95,2.0,0.5,,,,,,,,,,,,,,,,,,,,,,,,,,,,,,,,,,,,,,,,,,,,,,,,,,,,,,,,,,,,,,,,,,,,,,,,,,,,,,,,,,,,,,,,,,,,,,,,,,,,,,,,,,,,,,,,,,,,,,,,
1911,2,-25.69999999999999,-17.4,,,,,,,,,,,,,,,,,,,,,,,,,,,,,,,,,9.3,9.3,9.3,9.3,5.0,0.0,2.0,0.4,-9.3,-9.3,-9.05,-9.16,5.0,0.3,2.0,0.4,-1.27,0.0,0.0,-0.7,5.0,1.56,2.0,0.4,1016.2,1016.2,1016.82,1016.48,5.0,0.44,2.0,0.4,,,,,,,,,,,,,,,,,,,,,,,,,,,,,,,,,,,,,,,,,,,,,,,,,,,,,,,,,,,,,,,,,,,,,,,,,,,,,,,,,,,,,,,,,,,,,,,,,,,,,,,,,,,,,,,,,,,,,,,,
1911,2,-25.69999999999999,-15.7,,,,,,,,,,,,,,,,,,,,,,,,,,,,,,,,,9.3,9.3,9.3,9.3,1.0,0.0,4.0,1.0,-9.3,-9.3,-9.3,-9.3,1.0,0.0,4.0,1.0,0.0,0.0,0.0,0.0,1.0,0.0,4.0,1.0,1014.7,1014.7,1016.07,1015.37,3.0,1.15,12.0,1.0,,,,,,,,,,,,,,,,,,,,,,,,,,,,,,,,,,,,,,,,,,,,,,,,,,,,,,,,,,,,,,,,,,,,,,,,,,,,,,,,,,,,,,,,,,,,,,,,,,,,,,,,,,,,,,,,,,,,,,,,
1911,2,-25.600000000000023,-3.4,,,,,,,,,,,,,,,,,,,,,,,,,,,,,,,,,4.6,4.6,6.7,5.5,14.0,1.08,18.0,0.6,-4.27,-3.39,-2.51,-3.36,14.0,1.02,18.0,0.6,1.72,2.99,6.21,3.71,14.0,2.41,18.0,0.6,1011.01,1012.3,1012.6,1012.11,14.0,1.24,18.0,0.6,,,,,,,,,,,,,,,,,,,,,,,,,,,,,,,,,,,,,,,,,,,,,,,,,,,,,,,,,,,,,,,,,,,,,,,,,,,,,,,,,,,,,,,,,,,,,,,,,,,,,,,,,,,,,,,,,,,,,,,,
1911,2,-25.600000000000023,-1.4,,,,,,,,,,,,,,,,,,,,,,,,,,,,,,,,,1.1,5.65,6.7,4.66,14.0,2.51,18.0,0.5,-6.57,-2.51,0.0,-3.11,14.0,2.55,18.0,0.5,0.0,1.0,6.21,2.23,14.0,2.73,18.0,0.5,1010.87,1011.95,1012.6,1011.47,10.0,1.7,20.0,0.4,,,,,,,,,,,,,,,,,,,,,,,,,,,,,,,,,,,,,,,,,,,,,,,,,,,,,,,,,,,,,,,,,,,,,,,,,,,,,,,,,,,,,,,,,,,,,,,,,,,,,,,,,,,,,,,,,,,,,,,,
1911,2,-25.600000000000023,8.6,,,,,,,,,,,,,,,,,,,,,,,,,,,,,,,,,4.6,6.7,9.8,6.78,59.0,2.19,16.0,0.5,-6.93,-4.74,-2.62,-4.76,59.0,1.86,16.0,0.5,-6.93,-4.74,-2.51,-4.58,59.0,1.9,16.0,0.5,1011.61,1012.15,1013.68,1012.51,14.0,1.21,16.0,0.4,,,,,,,,,,,,,,,,,,,,,,,,,,,,,,,,,,,,,,,,,,,,,,,,,,,,,,,,,,,,,,,,,,,,,,,,,,,,,,,,,,,,,,,,,,,,,,,,,,,,,,,,,,,,,,,,,,,,,,,,
1911,2,-25.600000000000023,14.5,,,,,,,,,,,,,,,,,,,,,,,,,,,,,,,,,6.7,8.0,9.8,8.13,60.0,2.26,16.0,0.6,-6.93,-4.74,-4.44,-5.83,60.0,2.21,16.0,0.6,-6.93,-4.74,-3.67,-5.21,60.0,2.29,16.0,0.6,1013.49,1015.2,1016.33,1015.0,29.0,1.57,14.0,0.7,,,,,,,,,,,,,,,,,,,,,,,,,,,,,,,,,,,,,,,,,,,,,,,,,,,,,,,,,,,,,,,,,,,,,,,,,,,,,,,,,,,,,,,,,,,,,,,,,,,,,,,,,,,,,,,,,,,,,,,,
1911,2,-25.600000000000023,20.6,,,,,,,,,,,,,,,,,,,,,,,,,,,,,,,,,4.6,5.65,9.3,6.75,8.0,3.27,10.0,0.4,-8.62,-5.24,-3.36,-6.06,8.0,3.25,10.0,0.4,-3.48,-2.88,-1.74,-2.83,8.0,1.05,10.0,0.4,1019.85,1020.35,1021.74,1020.78,4.0,1.3,14.0,0.5,,,,,,,,,,,,,,,,,,,,,,,,,,,,,,,,,,,,,,,,,,,,,,,,,,,,,,,,,,,,,,,,,,,,,,,,,,,,,,,,,,,,,,,,,,,,,,,,,,,,,,,,,,,,,,,,,,,,,,,,
1911,2,-25.600000000000023,22.6,,,,,,,,,,,,,,,,,,,,,,,,,,,,,,,,,5.6,8.0,9.3,7.48,4.0,2.28,12.0,0.5,-8.62,-7.42,-5.19,-6.93,4.0,2.11,12.0,0.5,-3.48,-3.0,-2.1,-2.8,4.0,0.85,12.0,0.5,1019.93,1020.2,1021.84,1020.87,3.0,1.51,12.0,0.7,,,,,,,,,,,,,,,,,,,,,,,,,,,,,,,,,,,,,,,,,,,,,,,,,,,,,,,,,,,,,,,,,,,,,,,,,,,,,,,,,,,,,,,,,,,,,,,,,,,,,,,,,,,,,,,,,,,,,,,,
1911,2,-25.5,-31.5,,,,,,,,,,,,,,,,,,,,,,,,,,,,,,,,,2.6,4.6,6.7,4.93,7.0,1.85,18.0,0.7,0.0,0.97,2.51,1.24,7.0,1.05,18.0,0.7,-6.24,-4.6,-2.41,-4.69,7.0,1.79,18.0,0.7,1014.87,1015.5,1016.22,1015.47,7.0,0.78,18.0,0.7,,,,,,,,,,,,,,,,,,,,,,,,,,,,,,,,,,,,,,,,,,,,,,,,,,,,,,,,,,,,,,,,,,,,,,,,,,,,,,,,,,,,,,,,,,,,,,,,,,,,,,,,,,,,,,,,,,,,,,,,
1911,2,-25.5,-29.5,,,,,,,,,,,,,,,,,,,,,,,,,,,,,,,,,6.7,9.3,12.3,8.47,30.0,2.87,18.0,0.5,0.0,3.48,4.74,3.31,30.0,2.21,18.0,0.5,-11.4,-6.7,-4.74,-7.32,30.0,3.3,18.0,0.5,1011.25,1013.9,1018.52,1014.6,31.0,3.52,18.0,0.5,,,,,,,,,,,,,,,,,,,,,,,,,,,,,,,,,,,,,,,,,,,,,,,,,,,,,,,,,,,,,,,,,,,,,,,,,,,,,,,,,,,,,,,,,,,,,,,,,,,,,,,,,,,,,,,,,,,,,,,,
1911,2,-25.5,-27.7,,,,,,,,,,,,,,,,,,,,,,,,,,,,,,,,,1.11,3.6,9.3,4.7,10.0,3.73,10.0,0.6,-2.27,0.0,0.0,-1.05,10.0,1.51,10.0,0.6,-9.3,-0.92,1.03,-3.28,10.0,4.79,10.0,0.6,1014.72,1017.8,1018.76,1017.03,15.0,1.82,8.0,0.5,,,,,,,,,,,,,,,,,,,,,,,,,,,,,,,,,,,,,,,,,,,,,,,,,,,,,,,,,,,,,,,,,,,,,,,,,,,,,,,,,,,,,,,,,,,,,,,,,,,,,,,,,,,,,,,,,,,,,,,,
1911,2,-25.5,-25.5,,,,,,,,,,,,,,,,,,,,,,,,,,,,,,,,,1.0,3.6,6.7,4.05,22.0,2.92,10.0,0.5,-5.72,-1.8,0.0,-2.81,22.0,3.01,10.0,0.5,-4.6,-0.54,0.0,-1.53,22.0,2.41,10.0,0.5,1017.66,1019.0,1019.6,1018.72,24.0,1.42,10.0,0.5,,,,,,,,,,,,,,,,,,,,,,,,,,,,,,,,,,,,,,,,,,,,,,,,,,,,,,,,,,,,,,,,,,,,,,,,,,,,,,,,,,,,,,,,,,,,,,,,,,,,,,,,,,,,,,,,,,,,,,,,
1911,2,-25.5,24.5,,,,,,,,,,,,,,,,,,,,,,,,,,,,,,,,,4.6,4.6,6.7,5.45,13.0,1.69,18.0,0.7,-4.88,-4.27,-2.02,-3.13,13.0,3.45,18.0,0.7,-4.74,-2.62,-1.65,-2.93,13.0,1.8,18.0,0.7,1020.02,1021.9,1024.82,1022.26,8.0,2.16,22.0,0.6,,,,,,,,,,,,,,,,,,,,,,,,,,,,,,,,,,,,,,,,,,,,,,,,,,,,,,,,,,,,,,,,,,,,,,,,,,,,,,,,,,,,,,,,,,,,,,,,,,,,,,,,,,,,,,,,,,,,,,,,
1911,2,-25.5,32.5,,,,,,,,,,,,,,,,,,,,,,,,,,,,,,,,,6.7,6.7,6.7,6.7,1.0,0.0,4.0,0.0,4.74,4.74,4.74,4.74,1.0,0.0,4.0,0.0,-4.74,-4.74,-4.74,-4.74,1.0,0.0,4.0,0.0,1013.6,1013.6,1013.6,1013.6,1.0,0.0,4.0,0.0,,,,,,,,,,,,,,,,,,,,,,,,,,,,,,,,,,,,,,,,,,,,,,,,,,,,,,,,,,,,,,,,,,,,,,,,,,,,,,,,,,,,,,,,,,,,,,,,,,,,,,,,,,,,,,,,,,,,,,,,
1911,2,-25.5,40.3,,,,,,,,,,,,,,,,,,,,,,,,,,,,,,,,,4.6,6.7,9.59,7.92,13.0,3.18,12.0,0.5,-4.46,1.72,3.29,-1.02,13.0,6.29,12.0,0.5,-6.88,3.25,6.26,1.49,13.0,5.91,12.0,0.5,1019.44,1023.5,1026.31,1022.99,10.0,3.4,14.0,0.6,,,,,,,,,,,,,,,,,,,,,,,,,,,,,,,,,,,,,,,,,,,,,,,,,,,,,,,,,,,,,,,,,,,,,,,,,,,,,,,,,,,,,,,,,,,,,,,,,,,,,,,,,,,,,,,,,,,,,,,,
1911,2,-25.5,56.3,,,,,,,,,,,,,,,,,,,,,,,,,,,,,,,,,9.78,10.8,11.82,10.8,2.0,2.12,20.0,1.0,9.01,9.98,10.95,9.98,2.0,2.01,20.0,1.0,-2.33,0.49,3.3,0.49,2.0,5.83,20.0,1.0,1011.2,1011.2,1011.2,1011.2,1.0,0.0,16.0,0.0,,,,,,,,,,,,,,,,,,,,,,,,,,,,,,,,,,,,,,,,,,,,,,,,,,,,,,,,,,,,,,,,,,,,,,,,,,,,,,,,,,,,,,,,,,,,,,,,,,,,,,,,,,,,,,,,,,,,,,,,
1911,2,-25.399999999999977,0.3,,,,,,,,,,,,,,,,,,,,,,,,,,,,,,,,,1.02,2.6,4.6,3.29,20.0,1.93,22.0,0.5,-4.6,-2.51,-0.01,-2.91,20.0,2.13,22.0,0.5,0.0,0.95,1.84,0.86,20.0,0.92,22.0,0.5,1010.75,1011.8,1012.63,1011.68,12.0,0.95,20.0,0.4,,,,,,,,,,,,,,,,,,,,,,,,,,,,,,,,,,,,,,,,,,,,,,,,,,,,,,,,,,,,,,,,,,,,,,,,,,,,,,,,,,,,,,,,,,,,,,,,,,,,,,,,,,,,,,,,,,,,,,,,
1911,2,-25.399999999999977,6.3,,,,,,,,,,,,,,,,,,,,,,,,,,,,,,,,,2.6,4.6,6.7,4.85,20.0,2.49,20.0,0.5,-6.15,-4.23,-1.72,-3.92,20.0,2.11,20.0,0.5,-4.25,-1.82,-0.01,-2.34,20.0,2.13,20.0,0.5,1010.57,1011.7,1012.78,1011.68,4.0,1.41,8.0,0.8,,,,,,,,,,,,,,,,,,,,,,,,,,,,,,,,,,,,,,,,,,,,,,,,,,,,,,,,,,,,,,,,,,,,,,,,,,,,,,,,,,,,,,,,,,,,,,,,,,,,,,,,,,,,,,,,,,,,,,,,
1911,2,-25.399999999999977,10.4,,,,,,,,,,,,,,,,,,,,,,,,,,,,,,,,,4.6,6.7,9.3,7.44,91.0,2.37,14.0,0.5,-6.83,-4.74,-2.62,-4.99,91.0,2.08,14.0,0.5,-6.93,-4.74,-2.62,-5.16,91.0,2.27,14.0,0.5,1012.53,1014.05,1015.77,1014.01,22.0,1.62,16.0,0.5,,,,,,,,,,,,,,,,,,,,,,,,,,,,,,,,,,,,,,,,,,,,,,,,,,,,,,,,,,,,,,,,,,,,,,,,,,,,,,,,,,,,,,,,,,,,,,,,,,,,,,,,,,,,,,,,,,,,,,,,
1911,2,-25.399999999999977,16.5,,,,,,,,,,,,,,,,,,,,,,,,,,,,,,,,,4.6,6.7,9.8,7.48,72.0,2.61,14.0,0.4,-8.17,-4.74,-3.25,-5.66,72.0,2.39,14.0,0.4,-6.83,-4.74,-2.51,-4.63,72.0,1.92,14.0,0.4,1015.93,1017.4,1018.36,1017.3,27.0,1.31,14.0,0.3,,,,,,,,,,,,,,,,,,,,,,,,,,,,,,,,,,,,,,,,,,,,,,,,,,,,,,,,,,,,,,,,,,,,,,,,,,,,,,,,,,,,,,,,,,,,,,,,,,,,,,,,,,,,,,,,,,,,,,,,
1911,2,-25.399999999999977,36.3,,,,,,,,,,,,,,,,,,,,,,,,,,,,,,,,,4.6,8.0,15.02,8.41,14.0,4.36,12.0,0.5,0.0,3.56,10.79,4.95,14.0,5.47,12.0,0.5,-4.47,1.25,6.64,0.85,14.0,6.18,12.0,0.5,1009.89,1019.1,1030.82,1020.63,7.0,9.83,12.0,0.6,,,,,,,,,,,,,,,,,,,,,,,,,,,,,,,,,,,,,,,,,,,,,,,,,,,,,,,,,,,,,,,,,,,,,,,,,,,,,,,,,,,,,,,,,,,,,,,,,,,,,,,,,,,,,,,,,,,,,,,,
1911,2,-25.399999999999977,44.4,,,,,,,,,,,,,,,,,,,,,,,,,,,,,,,,,7.85,15.4,15.4,12.85,29.0,4.91,8.0,0.4,-15.4,-6.7,0.0,-6.37,29.0,8.42,8.0,0.4,-10.7,0.0,10.08,-1.12,29.0,9.0,8.0,0.4,1017.94,1020.45,1024.93,1020.78,16.0,4.12,8.0,0.4,,,,,,,,,,,,,,,,,,,,,,,,,,,,,,,,,,,,,,,,,,,,,,,,,,,,,,,,,,,,,,,,,,,,,,,,,,,,,,,,,,,,,,,,,,,,,,,,,,,,,,,,,,,,,,,,,,,,,,,,
1911,2,-25.399999999999977,46.5,,,,,,,,,,,,,,,,,,,,,,,,,,,,,,,,,6.7,9.3,15.4,10.99,69.0,4.53,12.0,0.5,-10.89,0.0,8.7,-0.76,69.0,9.68,12.0,0.5,-6.05,0.0,8.56,1.36,69.0,6.84,12.0,0.5,1012.4,1020.7,1025.92,1019.54,27.0,6.39,10.0,0.4,,,,,,,,,,,,,,,,,,,,,,,,,,,,,,,,,,,,,,,,,,,,,,,,,,,,,,,,,,,,,,,,,,,,,,,,,,,,,,,,,,,,,,,,,,,,,,,,,,,,,,,,,,,,,,,,,,,,,,,,
1911,2,-25.30000000000001,-5.3,,,,,,,,,,,,,,,,,,,,,,,,,,,,,,,,,4.6,6.7,6.7,6.25,13.0,1.35,18.0,0.5,-6.21,-4.74,-3.18,-4.77,13.0,1.44,18.0,0.5,1.72,2.51,6.21,3.61,13.0,1.84,18.0,0.5,1012.59,1013.1,1013.66,1013.22,13.0,0.73,18.0,0.5,,,,,,,,,,,,,,,,,,,,,,,,,,,,,,,,,,,,,,,,,,,,,,,,,,,,,,,,,,,,,,,,,,,,,,,,,,,,,,,,,,,,,,,,,,,,,,,,,,,,,,,,,,,,,,,,,,,,,,,,
1911,2,-25.30000000000001,12.3,,,,,,,,,,,,,,,,,,,,,,,,,,,,,,,,,6.7,6.7,9.3,7.37,67.0,2.17,14.0,0.5,-6.76,-4.74,-2.56,-4.93,67.0,2.2,14.0,0.5,-6.58,-4.74,-3.25,-5.01,67.0,2.22,14.0,0.5,1013.05,1014.9,1016.3,1014.51,23.0,1.61,12.0,0.5,,,,,,,,,,,,,,,,,,,,,,,,,,,,,,,,,,,,,,,,,,,,,,,,,,,,,,,,,,,,,,,,,,,,,,,,,,,,,,,,,,,,,,,,,,,,,,,,,,,,,,,,,,,,,,,,,,,,,,,,
1911,2,-25.30000000000001,18.3,,,,,,,,,,,,,,,,,,,,,,,,,,,,,,,,,5.3,6.7,9.63,7.37,22.0,2.41,14.0,0.5,-8.67,-4.74,-2.83,-5.64,22.0,2.5,14.0,0.5,-6.17,-4.2,-2.51,-4.22,22.0,2.15,14.0,0.5,1016.64,1017.7,1018.6,1017.47,7.0,1.16,12.0,0.4,,,,,,,,,,,,,,,,,,,,,,,,,,,,,,,,,,,,,,,,,,,,,,,,,,,,,,,,,,,,,,,,,,,,,,,,,,,,,,,,,,,,,,,,,,,,,,,,,,,,,,,,,,,,,,,,,,,,,,,,
1911,2,-25.30000000000001,38.3,,,,,,,,,,,,,,,,,,,,,,,,,,,,,,,,,2.6,4.6,8.4,5.38,41.0,3.77,16.0,0.4,0.0,1.02,4.03,0.98,41.0,3.6,16.0,0.4,-3.25,1.72,5.97,1.6,41.0,5.22,16.0,0.4,1022.14,1025.2,1029.0,1025.42,23.0,3.42,14.0,0.3,,,,,,,,,,,,,,,,,,,,,,,,,,,,,,,,,,,,,,,,,,,,,,,,,,,,,,,,,,,,,,,,,,,,,,,,,,,,,,,,,,,,,,,,,,,,,,,,,,,,,,,,,,,,,,,,,,,,,,,,
1911,2,-25.30000000000001,42.3,,,,,,,,,,,,,,,,,,,,,,,,,,,,,,,,,4.6,6.7,12.3,8.5,23.0,4.3,16.0,0.5,-1.28,3.25,4.74,1.5,23.0,4.14,16.0,0.5,-4.67,4.74,11.86,3.33,23.0,7.94,16.0,0.5,1019.23,1021.2,1023.91,1021.46,13.0,2.52,12.0,0.4,,,,,,,,,,,,,,,,,,,,,,,,,,,,,,,,,,,,,,,,,,,,,,,,,,,,,,,,,,,,,,,,,,,,,,,,,,,,,,,,,,,,,,,,,,,,,,,,,,,,,,,,,,,,,,,,,,,,,,,,
1911,2,-25.30000000000001,48.2,,,,,,,,,,,,,,,,,,,,,,,,,,,,,,,,,4.6,11.05,19.0,11.16,86.0,5.86,14.0,0.5,-6.58,3.66,11.36,2.54,86.0,9.33,14.0,0.5,0.0,3.63,11.11,4.15,86.0,7.04,14.0,0.5,1005.41,1015.6,1025.35,1015.21,27.0,10.73,12.0,0.7,,,,,,,,,,,,,,,,,,,,,,,,,,,,,,,,,,,,,,,,,,,,,,,,,,,,,,,,,,,,,,,,,,,,,,,,,,,,,,,,,,,,,,,,,,,,,,,,,,,,,,,,,,,,,,,,,,,,,,,,
1911,2,-25.19999999999999,-13.4,,,,,,,,,,,,,,,,,,,,,,,,,,,,,,,,,9.3,9.3,9.3,9.3,4.0,0.0,18.0,0.8,-8.56,-8.56,-8.56,-8.56,4.0,0.0,18.0,0.8,3.63,3.63,3.63,3.63,4.0,0.0,18.0,0.8,1013.55,1014.8,1015.58,1014.57,6.0,1.2,18.0,0.5,,,,,,,,,,,,,,,,,,,,,,,,,,,,,,,,,,,,,,,,,,,,,,,,,,,,,,,,,,,,,,,,,,,,,,,,,,,,,,,,,,,,,,,,,,,,,,,,,,,,,,,,,,,,,,,,,,,,,,,,
1911,2,-25.19999999999999,-11.5,,,,,,,,,,,,,,,,,,,,,,,,,,,,,,,,,8.35,9.3,9.3,8.78,5.0,1.16,18.0,0.4,-8.56,-8.56,-7.69,-8.08,5.0,1.07,18.0,0.4,3.26,3.63,3.63,3.43,5.0,0.45,18.0,0.4,1013.23,1013.7,1014.96,1014.04,5.0,0.98,18.0,0.4,,,,,,,,,,,,,,,,,,,,,,,,,,,,,,,,,,,,,,,,,,,,,,,,,,,,,,,,,,,,,,,,,,,,,,,,,,,,,,,,,,,,,,,,,,,,,,,,,,,,,,,,,,,,,,,,,,,,,,,,
1911,2,-25.19999999999999,2.3,,,,,,,,,,,,,,,,,,,,,,,,,,,,,,,,,1.0,2.6,2.6,2.04,30.0,1.5,16.0,0.5,-1.84,-0.97,0.0,-0.99,30.0,0.99,16.0,0.5,-2.41,-0.81,0.62,-1.02,30.0,1.87,16.0,0.5,1010.25,1011.0,1012.35,1011.21,17.0,1.15,8.0,0.5,,,,,,,,,,,,,,,,,,,,,,,,,,,,,,,,,,,,,,,,,,,,,,,,,,,,,,,,,,,,,,,,,,,,,,,,,,,,,,,,,,,,,,,,,,,,,,,,,,,,,,,,,,,,,,,,,,,,,,,,
1911,2,-25.19999999999999,4.4,,,,,,,,,,,,,,,,,,,,,,,,,,,,,,,,,4.41,4.6,6.7,5.21,13.0,2.44,14.0,0.5,-4.27,-2.51,0.0,-2.78,13.0,2.57,14.0,0.5,-6.26,-2.6,-1.72,-3.7,13.0,2.35,14.0,0.5,1009.86,1011.3,1011.83,1010.9,7.0,1.15,6.0,0.6,,,,,,,,,,,,,,,,,,,,,,,,,,,,,,,,,,,,,,,,,,,,,,,,,,,,,,,,,,,,,,,,,,,,,,,,,,,,,,,,,,,,,,,,,,,,,,,,,,,,,,,,,,,,,,,,,,,,,,,,
1911,2,-25.19999999999999,34.3,,,,,,,,,,,,,,,,,,,,,,,,,,,,,,,,,3.14,4.6,9.3,6.4,9.0,3.76,16.0,0.7,0.0,1.84,6.58,2.75,9.0,3.9,16.0,0.7,-8.03,0.71,4.24,-1.71,9.0,5.76,16.0,0.7,1012.54,1028.0,1030.62,1021.92,9.0,9.22,16.0,0.7,,,,,,,,,,,,,,,,,,,,,,,,,,,,,,,,,,,,,,,,,,,,,,,,,,,,,,,,,,,,,,,,,,,,,,,,,,,,,,,,,,,,,,,,,,,,,,,,,,,,,,,,,,,,,,,,,,,,,,,,
1911,2,-25.100000000000023,-7.2,,,,,,,,,,,,,,,,,,,,,,,,,,,,,,,,,6.7,6.7,6.7,6.7,7.0,0.0,20.0,0.6,-6.7,-6.7,-6.14,-6.35,7.0,0.73,20.0,0.6,0.0,0.0,2.62,1.04,7.0,1.88,20.0,0.6,1011.9,1012.6,1012.77,1012.41,9.0,0.64,18.0,0.6,,,,,,,,,,,,,,,,,,,,,,,,,,,,,,,,,,,,,,,,,,,,,,,,,,,,,,,,,,,,,,,,,,,,,,,,,,,,,,,,,,,,,,,,,,,,,,,,,,,,,,,,,,,,,,,,,,,,,,,,
1911,2,-25.0,-9.3,,,,,,,,,,,,,,,,,,,,,,,,,,,,,,,,,6.7,9.3,9.3,8.26,5.0,1.42,20.0,0.4,-8.56,-8.56,-6.17,-7.6,5.0,1.31,20.0,0.4,-3.63,-3.63,-2.62,-3.23,5.0,0.56,20.0,0.4,1012.76,1012.8,1013.18,1012.96,5.0,0.32,20.0,0.4,,,,,,,,,,,,,,,,,,,,,,,,,,,,,,,,,,,,,,,,,,,,,,,,,,,,,,,,,,,,,,,,,,,,,,,,,,,,,,,,,,,,,,,,,,,,,,,,,,,,,,,,,,,,,,,,,,,,,,,,
1911,2,-23.69999999999999,-25.6,,,,,,,,,,,,,,,,,,,,,,,,,,,,,,,,,2.6,2.6,4.6,3.15,8.0,1.32,16.0,0.6,-1.6,0.0,0.9,-0.17,8.0,1.37,16.0,0.6,-4.56,0.01,2.33,-0.82,8.0,3.22,16.0,0.6,1014.56,1015.3,1018.42,1016.3,11.0,1.86,14.0,0.5,,,,,,,,,,,,,,,,,,,,,,,,,,,,,,,,,,,,,,,,,,,,,,,,,,,,,,,,,,,,,,,,,,,,,,,,,,,,,,,,,,,,,,,,,,,,,,,,,,,,,,,,,,,,,,,,,,,,,,,,
1911,2,-23.69999999999999,-23.4,,,,,,,,,,,,,,,,,,,,,,,,,,,,,,,,,0.0,0.5,1.0,0.6,16.0,0.73,10.0,0.5,0.0,0.0,0.23,-0.15,16.0,0.72,10.0,0.5,-0.97,0.0,0.0,-0.34,16.0,0.51,10.0,0.5,1016.03,1016.7,1017.86,1016.84,16.0,1.01,10.0,0.5,,,,,,,,,,,,,,,,,,,,,,,,,,,,,,,,,,,,,,,,,,,,,,,,,,,,,,,,,,,,,,,,,,,,,,,,,,,,,,,,,,,,,,,,,,,,,,,,,,,,,,,,,,,,,,,,,,,,,,,,
1911,2,-23.69999999999999,-21.6,,,,,,,,,,,,,,,,,,,,,,,,,,,,,,,,,0.0,2.6,4.8,2.94,13.0,2.24,16.0,0.5,-4.75,-2.41,0.0,-2.77,13.0,2.13,16.0,0.5,-1.12,0.0,0.1,-0.53,13.0,1.11,16.0,0.5,1016.66,1017.5,1018.03,1017.44,13.0,0.76,16.0,0.5,,,,,,,,,,,,,,,,,,,,,,,,,,,,,,,,,,,,,,,,,,,,,,,,,,,,,,,,,,,,,,,,,,,,,,,,,,,,,,,,,,,,,,,,,,,,,,,,,,,,,,,,,,,,,,,,,,,,,,,,
1911,2,-23.69999999999999,-19.5,,,,,,,,,,,,,,,,,,,,,,,,,,,,,,,,,4.6,4.6,4.6,4.86,8.0,0.74,14.0,0.6,-4.6,-4.42,-4.23,-4.61,8.0,0.65,14.0,0.6,0.0,1.8,1.8,1.23,8.0,1.05,14.0,0.6,1015.93,1016.5,1016.96,1016.41,8.0,0.58,14.0,0.6,,,,,,,,,,,,,,,,,,,,,,,,,,,,,,,,,,,,,,,,,,,,,,,,,,,,,,,,,,,,,,,,,,,,,,,,,,,,,,,,,,,,,,,,,,,,,,,,,,,,,,,,,,,,,,,,,,,,,,,,
1911,2,-23.69999999999999,-17.5,,,,,,,,,,,,,,,,,,,,,,,,,,,,,,,,,4.6,6.7,6.7,5.8,7.0,1.12,16.0,0.4,-4.81,-4.74,-3.25,-4.31,7.0,1.11,16.0,0.4,3.22,3.25,4.74,3.8,7.0,0.91,16.0,0.4,1015.86,1016.3,1017.52,1016.44,7.0,0.98,16.0,0.4,,,,,,,,,,,,,,,,,,,,,,,,,,,,,,,,,,,,,,,,,,,,,,,,,,,,,,,,,,,,,,,,,,,,,,,,,,,,,,,,,,,,,,,,,,,,,,,,,,,,,,,,,,,,,,,,,,,,,,,,
1911,2,-23.600000000000023,-29.4,,,,,,,,,,,,,,,,,,,,,,,,,,,,,,,,,6.7,9.3,12.3,8.42,17.0,2.85,22.0,0.4,-3.09,0.0,2.96,-0.07,17.0,3.45,22.0,0.4,-11.82,-6.7,-6.19,-7.19,17.0,4.08,22.0,0.4,1013.09,1016.95,1019.65,1016.91,18.0,3.5,22.0,0.4,,,,,,,,,,,,,,,,,,,,,,,,,,,,,,,,,,,,,,,,,,,,,,,,,,,,,,,,,,,,,,,,,,,,,,,,,,,,,,,,,,,,,,,,,,,,,,,,,,,,,,,,,,,,,,,,,,,,,,,,
1911,2,-23.600000000000023,-27.6,,,,,,,,,,,,,,,,,,,,,,,,,,,,,,,,,2.6,4.6,7.07,5.12,19.0,2.83,24.0,0.4,-1.12,0.0,2.71,0.53,19.0,1.97,24.0,0.4,-7.07,-4.27,2.69,-2.47,19.0,5.01,24.0,0.4,1013.69,1016.4,1018.08,1015.8,21.0,2.17,24.0,0.4,,,,,,,,,,,,,,,,,,,,,,,,,,,,,,,,,,,,,,,,,,,,,,,,,,,,,,,,,,,,,,,,,,,,,,,,,,,,,,,,,,,,,,,,,,,,,,,,,,,,,,,,,,,,,,,,,,,,,,,,
1911,2,-23.600000000000023,12.6,,,,,,,,,,,,,,,,,,,,,,,,,,,,,,,,,5.9,6.7,9.8,7.55,49.0,2.36,16.0,0.5,-6.71,-4.74,-2.62,-4.72,49.0,2.58,16.0,0.5,-7.55,-4.74,-3.25,-5.4,49.0,2.14,16.0,0.5,1012.71,1014.6,1015.34,1014.5,8.0,1.5,24.0,0.3,,,,,,,,,,,,,,,,,,,,,,,,,,,,,,,,,,,,,,,,,,,,,,,,,,,,,,,,,,,,,,,,,,,,,,,,,,,,,,,,,,,,,,,,,,,,,,,,,,,,,,,,,,,,,,,,,,,,,,,,
1911,2,-23.5,-31.2,,,,,,,,,,,,,,,,,,,,,,,,,,,,,,,,,8.35,12.3,13.43,11.2,5.0,3.31,20.0,0.4,2.21,4.61,5.03,3.69,5.0,2.22,20.0,0.4,-12.45,-11.4,-7.92,-10.48,5.0,2.91,20.0,0.4,1014.48,1015.9,1018.45,1016.4,5.0,2.22,20.0,0.4,,,,,,,,,,,,,,,,,,,,,,,,,,,,,,,,,,,,,,,,,,,,,,,,,,,,,,,,,,,,,,,,,,,,,,,,,,,,,,,,,,,,,,,,,,,,,,,,,,,,,,,,,,,,,,,,,,,,,,,,
1911,2,-23.5,18.5,,,,,,,,,,,,,,,,,,,,,,,,,,,,,,,,,4.6,6.7,9.8,7.43,58.0,2.94,16.0,0.6,-8.62,-4.74,-2.62,-5.05,58.0,2.4,16.0,0.6,-8.55,-4.74,-3.25,-5.19,58.0,2.38,16.0,0.6,1015.5,1017.85,1019.0,1017.2,20.0,1.84,18.0,0.7,,,,,,,,,,,,,,,,,,,,,,,,,,,,,,,,,,,,,,,,,,,,,,,,,,,,,,,,,,,,,,,,,,,,,,,,,,,,,,,,,,,,,,,,,,,,,,,,,,,,,,,,,,,,,,,,,,,,,,,,
1911,2,-23.5,26.5,,,,,,,,,,,,,,,,,,,,,,,,,,,,,,,,,4.6,4.6,6.7,5.69,17.0,1.99,16.0,0.4,-4.66,-3.25,-0.25,-2.31,17.0,3.54,16.0,0.4,-6.19,-3.25,0.0,-3.22,17.0,3.02,16.0,0.4,1022.2,1023.3,1025.48,1023.63,12.0,2.0,18.0,0.5,,,,,,,,,,,,,,,,,,,,,,,,,,,,,,,,,,,,,,,,,,,,,,,,,,,,,,,,,,,,,,,,,,,,,,,,,,,,,,,,,,,,,,,,,,,,,,,,,,,,,,,,,,,,,,,,,,,,,,,,
1911,2,-23.5,30.3,,,,,,,,,,,,,,,,,,,,,,,,,,,,,,,,,2.6,4.6,6.7,4.86,20.0,1.82,12.0,0.6,-4.71,0.0,0.0,-1.59,20.0,2.25,12.0,0.6,-6.19,-4.6,-2.6,-4.12,20.0,1.59,12.0,0.6,1024.35,1025.2,1025.99,1025.18,17.0,0.8,10.0,0.6,,,,,,,,,,,,,,,,,,,,,,,,,,,,,,,,,,,,,,,,,,,,,,,,,,,,,,,,,,,,,,,,,,,,,,,,,,,,,,,,,,,,,,,,,,,,,,,,,,,,,,,,,,,,,,,,,,,,,,,,
1911,2,-23.5,66.1,,,,,,,,,,,,,,,,,,,,,,,,,,,,,,,,,12.3,12.3,12.3,12.3,1.0,0.0,12.0,0.0,12.3,12.3,12.3,12.3,1.0,0.0,12.0,0.0,0.0,0.0,0.0,0.0,1.0,0.0,12.0,0.0,975.3,975.3,975.3,975.3,1.0,0.0,12.0,0.0,,,,,,,,,,,,,,,,,,,,,,,,,,,,,,,,,,,,,,,,,,,,,,,,,,,,,,,,,,,,,,,,,,,,,,,,,,,,,,,,,,,,,,,,,,,,,,,,,,,,,,,,,,,,,,,,,,,,,,,,
1911,2,-23.399999999999977,0.3,,,,,,,,,,,,,,,,,,,,,,,,,,,,,,,,,0.0,2.6,3.33,1.96,5.0,1.97,16.0,0.6,0.0,0.0,0.37,0.2,5.0,0.45,16.0,0.6,0.0,2.39,3.33,1.92,5.0,1.95,16.0,0.6,1015.6,1015.6,1015.6,1015.6,1.0,0.0,10.0,0.0,,,,,,,,,,,,,,,,,,,,,,,,,,,,,,,,,,,,,,,,,,,,,,,,,,,,,,,,,,,,,,,,,,,,,,,,,,,,,,,,,,,,,,,,,,,,,,,,,,,,,,,,,,,,,,,,,,,,,,,,
1911,2,-23.399999999999977,14.4,,,,,,,,,,,,,,,,,,,,,,,,,,,,,,,,,4.6,6.7,9.3,7.23,99.0,2.37,14.0,0.4,-6.58,-3.83,-2.61,-4.31,99.0,2.04,14.0,0.4,-8.62,-4.74,-3.25,-5.43,99.0,2.39,14.0,0.4,1014.32,1015.8,1016.97,1015.75,21.0,1.17,16.0,0.4,,,,,,,,,,,,,,,,,,,,,,,,,,,,,,,,,,,,,,,,,,,,,,,,,,,,,,,,,,,,,,,,,,,,,,,,,,,,,,,,,,,,,,,,,,,,,,,,,,,,,,,,,,,,,,,,,,,,,,,,
1911,2,-23.399999999999977,16.4,,,,,,,,,,,,,,,,,,,,,,,,,,,,,,,,,6.7,6.7,12.3,8.35,55.0,3.02,14.0,0.5,-8.65,-4.74,-2.62,-5.49,55.0,2.33,14.0,0.5,-8.7,-6.17,-3.25,-5.92,55.0,2.86,14.0,0.5,1016.2,1017.15,1018.3,1017.17,20.0,1.35,16.0,0.4,,,,,,,,,,,,,,,,,,,,,,,,,,,,,,,,,,,,,,,,,,,,,,,,,,,,,,,,,,,,,,,,,,,,,,,,,,,,,,,,,,,,,,,,,,,,,,,,,,,,,,,,,,,,,,,,,,,,,,,,
1911,2,-23.399999999999977,20.4,,,,,,,,,,,,,,,,,,,,,,,,,,,,,,,,,4.6,6.7,9.3,6.9,36.0,2.6,16.0,0.3,-6.58,-4.74,-2.62,-5.13,36.0,2.22,16.0,0.3,-6.58,-3.67,-1.84,-4.25,36.0,2.26,16.0,0.3,1018.1,1018.8,1020.32,1018.8,13.0,1.66,12.0,0.2,,,,,,,,,,,,,,,,,,,,,,,,,,,,,,,,,,,,,,,,,,,,,,,,,,,,,,,,,,,,,,,,,,,,,,,,,,,,,,,,,,,,,,,,,,,,,,,,,,,,,,,,,,,,,,,,,,,,,,,,
1911,2,-23.399999999999977,24.6,,,,,,,,,,,,,,,,,,,,,,,,,,,,,,,,,0.0,0.0,5.37,2.26,5.0,3.18,10.0,0.4,-4.65,0.0,0.0,-1.87,5.0,2.56,10.0,0.4,-1.73,0.0,0.0,-0.95,5.0,2.12,10.0,0.4,1022.7,1022.7,1022.7,1022.7,1.0,0.0,12.0,0.0,,,,,,,,,,,,,,,,,,,,,,,,,,,,,,,,,,,,,,,,,,,,,,,,,,,,,,,,,,,,,,,,,,,,,,,,,,,,,,,,,,,,,,,,,,,,,,,,,,,,,,,,,,,,,,,,,,,,,,,,
1911,2,-23.399999999999977,34.4,,,,,,,,,,,,,,,,,,,,,,,,,,,,,,,,,2.6,4.6,9.1,5.92,33.0,5.96,16.0,0.5,0.0,2.41,6.7,3.3,33.0,5.1,16.0,0.5,-0.97,1.0,4.6,2.23,33.0,5.42,16.0,0.5,1016.84,1021.4,1031.22,1022.62,32.0,6.79,16.0,0.5,,,,,,,,,,,,,,,,,,,,,,,,,,,,,,,,,,,,,,,,,,,,,,,,,,,,,,,,,,,,,,,,,,,,,,,,,,,,,,,,,,,,,,,,,,,,,,,,,,,,,,,,,,,,,,,,,,,,,,,,
1911,2,-23.399999999999977,40.3,,,,,,,,,,,,,,,,,,,,,,,,,,,,,,,,,5.17,6.7,8.6,6.81,9.0,1.67,14.0,0.6,-4.44,1.8,4.17,0.32,9.0,4.4,14.0,0.6,-4.17,4.6,6.2,1.85,9.0,5.63,14.0,0.6,1022.27,1025.0,1027.07,1024.37,6.0,4.86,18.0,0.5,,,,,,,,,,,,,,,,,,,,,,,,,,,,,,,,,,,,,,,,,,,,,,,,,,,,,,,,,,,,,,,,,,,,,,,,,,,,,,,,,,,,,,,,,,,,,,,,,,,,,,,,,,,,,,,,,,,,,,,,
1911,2,-23.399999999999977,42.5,,,,,,,,,,,,,,,,,,,,,,,,,,,,,,,,,4.6,6.7,12.6,8.94,13.0,4.69,14.0,0.4,-0.82,2.51,3.39,0.6,13.0,5.11,14.0,0.4,1.32,6.21,12.6,5.99,13.0,6.57,14.0,0.4,1024.24,1025.1,1026.13,1025.23,6.0,1.1,16.0,0.3,,,,,,,,,,,,,,,,,,,,,,,,,,,,,,,,,,,,,,,,,,,,,,,,,,,,,,,,,,,,,,,,,,,,,,,,,,,,,,,,,,,,,,,,,,,,,,,,,,,,,,,,,,,,,,,,,,,,,,,,
1911,2,-23.399999999999977,46.4,,,,,,,,,,,,,,,,,,,,,,,,,,,,,,,,,6.3,9.3,15.4,10.17,25.0,4.88,10.0,0.3,-9.14,4.6,6.02,0.0,25.0,8.8,10.0,0.3,-11.32,0.0,4.63,-2.71,25.0,6.82,10.0,0.3,1008.34,1009.6,1021.44,1013.76,7.0,8.63,10.0,0.4,,,,,,,,,,,,,,,,,,,,,,,,,,,,,,,,,,,,,,,,,,,,,,,,,,,,,,,,,,,,,,,,,,,,,,,,,,,,,,,,,,,,,,,,,,,,,,,,,,,,,,,,,,,,,,,,,,,,,,,,
1911,2,-23.399999999999977,48.2,,,,,,,,,,,,,,,,,,,,,,,,,,,,,,,,,5.13,9.3,15.4,11.26,116.0,6.22,16.0,0.5,-5.81,3.44,11.4,3.23,116.0,8.95,16.0,0.5,-2.61,4.74,10.89,3.73,116.0,7.87,16.0,0.5,1007.52,1014.6,1027.39,1015.57,33.0,9.04,12.0,0.6,,,,,,,,,,,,,,,,,,,,,,,,,,,,,,,,,,,,,,,,,,,,,,,,,,,,,,,,,,,,,,,,,,,,,,,,,,,,,,,,,,,,,,,,,,,,,,,,,,,,,,,,,,,,,,,,,,,,,,,,
1911,2,-23.30000000000001,22.5,,,,,,,,,,,,,,,,,,,,,,,,,,,,,,,,,1.0,6.7,9.3,5.49,18.0,3.69,14.0,0.7,-6.68,-4.19,-0.86,-4.02,18.0,2.8,14.0,0.7,-6.93,-2.51,-0.61,-3.37,18.0,2.93,14.0,0.7,1018.7,1020.25,1021.86,1020.28,4.0,1.82,14.0,1.0,,,,,,,,,,,,,,,,,,,,,,,,,,,,,,,,,,,,,,,,,,,,,,,,,,,,,,,,,,,,,,,,,,,,,,,,,,,,,,,,,,,,,,,,,,,,,,,,,,,,,,,,,,,,,,,,,,,,,,,,
1911,2,-23.30000000000001,36.3,,,,,,,,,,,,,,,,,,,,,,,,,,,,,,,,,4.6,12.3,16.66,11.1,24.0,5.65,8.0,0.7,0.0,5.97,14.18,7.17,24.0,6.61,8.0,0.7,-3.25,2.94,9.7,3.82,24.0,6.93,8.0,0.7,1009.99,1012.4,1015.8,1012.61,19.0,2.77,6.0,0.7,,,,,,,,,,,,,,,,,,,,,,,,,,,,,,,,,,,,,,,,,,,,,,,,,,,,,,,,,,,,,,,,,,,,,,,,,,,,,,,,,,,,,,,,,,,,,,,,,,,,,,,,,,,,,,,,,,,,,,,,
1911,2,-23.30000000000001,38.4,,,,,,,,,,,,,,,,,,,,,,,,,,,,,,,,,4.6,6.7,9.3,6.52,30.0,3.11,16.0,0.3,0.0,1.3,5.32,1.76,30.0,3.56,16.0,0.3,-4.65,0.9,6.7,1.63,30.0,5.92,16.0,0.3,1014.07,1025.6,1030.2,1023.92,17.0,8.28,16.0,0.4,,,,,,,,,,,,,,,,,,,,,,,,,,,,,,,,,,,,,,,,,,,,,,,,,,,,,,,,,,,,,,,,,,,,,,,,,,,,,,,,,,,,,,,,,,,,,,,,,,,,,,,,,,,,,,,,,,,,,,,,
1911,2,-23.30000000000001,50.0,,,,,,,,,,,,,,,,,,,,,,,,,,,,,,,,,6.7,9.3,11.53,9.48,5.0,3.56,4.0,0.6,-9.8,-4.74,-4.33,-7.02,5.0,4.8,4.0,0.6,3.01,4.74,7.3,4.92,5.0,3.17,4.0,0.6,1028.0,1028.0,1028.68,1028.33,3.0,0.58,2.0,0.0,,,,,,,,,,,,,,,,,,,,,,,,,,,,,,,,,,,,,,,,,,,,,,,,,,,,,,,,,,,,,,,,,,,,,,,,,,,,,,,,,,,,,,,,,,,,,,,,,,,,,,,,,,,,,,,,,,,,,,,,
1911,2,-23.19999999999999,-37.2,,,,,,,,,,,,,,,,,,,,,,,,,,,,,,,,,15.4,15.4,15.4,15.4,1.0,0.0,20.0,1.0,5.77,5.77,5.77,5.77,1.0,0.0,20.0,1.0,-14.28,-14.28,-14.28,-14.28,1.0,0.0,20.0,1.0,1017.4,1017.4,1017.4,1017.4,1.0,0.0,20.0,1.0,,,,,,,,,,,,,,,,,,,,,,,,,,,,,,,,,,,,,,,,,,,,,,,,,,,,,,,,,,,,,,,,,,,,,,,,,,,,,,,,,,,,,,,,,,,,,,,,,,,,,,,,,,,,,,,,,,,,,,,,
1911,2,-23.19999999999999,28.3,,,,,,,,,,,,,,,,,,,,,,,,,,,,,,,,,9.3,9.3,9.56,9.43,4.0,0.25,8.0,0.8,0.0,0.0,4.76,2.27,4.0,4.54,8.0,0.8,-9.3,-9.3,-2.5,-6.06,4.0,6.49,8.0,0.8,1022.12,1022.6,1023.56,1022.83,3.0,1.07,10.0,0.7,,,,,,,,,,,,,,,,,,,,,,,,,,,,,,,,,,,,,,,,,,,,,,,,,,,,,,,,,,,,,,,,,,,,,,,,,,,,,,,,,,,,,,,,,,,,,,,,,,,,,,,,,,,,,,,,,,,,,,,,
1911,2,-23.19999999999999,32.3,,,,,,,,,,,,,,,,,,,,,,,,,,,,,,,,,4.6,5.65,6.7,5.65,8.0,1.12,10.0,0.3,0.0,0.0,3.18,1.33,8.0,1.92,10.0,0.3,-6.64,-4.67,-4.6,-5.17,8.0,1.23,10.0,0.3,1022.19,1022.95,1023.79,1023.01,8.0,1.12,10.0,0.3,,,,,,,,,,,,,,,,,,,,,,,,,,,,,,,,,,,,,,,,,,,,,,,,,,,,,,,,,,,,,,,,,,,,,,,,,,,,,,,,,,,,,,,,,,,,,,,,,,,,,,,,,,,,,,,,,,,,,,,,
1911,2,-23.19999999999999,44.2,,,,,,,,,,,,,,,,,,,,,,,,,,,,,,,,,6.7,12.3,15.4,11.88,24.0,3.98,12.0,0.6,-9.46,4.67,7.29,1.41,24.0,7.66,12.0,0.6,-10.89,0.39,9.64,-0.4,24.0,10.11,12.0,0.6,1018.75,1023.5,1027.85,1023.15,12.0,4.15,14.0,0.8,,,,,,,,,,,,,,,,,,,,,,,,,,,,,,,,,,,,,,,,,,,,,,,,,,,,,,,,,,,,,,,,,,,,,,,,,,,,,,,,,,,,,,,,,,,,,,,,,,,,,,,,,,,,,,,,,,,,,,,,
1911,2,-21.69999999999999,-29.6,,,,,,,,,,,,,,,,,,,,,,,,,,,,,,,,,4.6,6.7,6.7,6.33,10.0,1.44,20.0,0.5,-2.62,-2.21,0.0,-1.59,10.0,1.44,20.0,0.5,-6.7,-6.17,-4.6,-6.01,10.0,1.28,20.0,0.5,1019.23,1020.3,1021.37,1020.36,10.0,1.1,20.0,0.5,,,,,,,,,,,,,,,,,,,,,,,,,,,,,,,,,,,,,,,,,,,,,,,,,,,,,,,,,,,,,,,,,,,,,,,,,,,,,,,,,,,,,,,,,,,,,,,,,,,,,,,,,,,,,,,,,,,,,,,,
1911,2,-21.69999999999999,-23.4,,,,,,,,,,,,,,,,,,,,,,,,,,,,,,,,,7.53,9.3,9.3,8.43,3.0,1.5,28.0,0.3,-8.62,-8.62,-6.98,-7.82,3.0,1.39,28.0,0.3,-3.48,-3.48,-2.82,-3.16,3.0,0.56,28.0,0.3,1017.25,1017.8,1018.69,1017.97,3.0,1.06,28.0,0.3,,,,,,,,,,,,,,,,,,,,,,,,,,,,,,,,,,,,,,,,,,,,,,,,,,,,,,,,,,,,,,,,,,,,,,,,,,,,,,,,,,,,,,,,,,,,,,,,,,,,,,,,,,,,,,,,,,,,,,,,
1911,2,-21.69999999999999,-21.7,,,,,,,,,,,,,,,,,,,,,,,,,,,,,,,,,6.7,6.7,6.7,6.7,1.0,0.0,28.0,1.0,-6.21,-6.21,-6.21,-6.21,1.0,0.0,28.0,1.0,-2.51,-2.51,-2.51,-2.51,1.0,0.0,28.0,1.0,1017.2,1017.2,1017.2,1017.2,1.0,0.0,28.0,1.0,,,,,,,,,,,,,,,,,,,,,,,,,,,,,,,,,,,,,,,,,,,,,,,,,,,,,,,,,,,,,,,,,,,,,,,,,,,,,,,,,,,,,,,,,,,,,,,,,,,,,,,,,,,,,,,,,,,,,,,,
1911,2,-21.69999999999999,14.6,,,,,,,,,,,,,,,,,,,,,,,,,,,,,,,,,5.5,8.0,12.3,8.53,10.0,3.09,18.0,0.4,-10.24,-6.57,-3.25,-6.71,10.0,3.27,18.0,0.4,-6.6,-4.61,-3.25,-4.82,10.0,1.93,18.0,0.4,1016.5,1016.5,1016.5,1016.5,1.0,0.0,2.0,0.0,,,,,,,,,,,,,,,,,,,,,,,,,,,,,,,,,,,,,,,,,,,,,,,,,,,,,,,,,,,,,,,,,,,,,,,,,,,,,,,,,,,,,,,,,,,,,,,,,,,,,,,,,,,,,,,,,,,,,,,,
1911,2,-21.600000000000023,24.5,,,,,,,,,,,,,,,,,,,,,,,,,,,,,,,,,4.22,6.7,7.77,6.27,25.0,3.28,16.0,0.4,-7.2,-4.74,-0.57,-4.8,25.0,3.67,16.0,0.4,-4.74,-3.25,-1.53,-3.16,25.0,1.95,16.0,0.4,1018.43,1020.2,1023.49,1020.84,11.0,2.39,14.0,0.4,,,,,,,,,,,,,,,,,,,,,,,,,,,,,,,,,,,,,,,,,,,,,,,,,,,,,,,,,,,,,,,,,,,,,,,,,,,,,,,,,,,,,,,,,,,,,,,,,,,,,,,,,,,,,,,,,,,,,,,,
1911,2,-21.600000000000023,64.8,,,,,,,,,,,,,,,,,,,,,,,,,,,,,,,,,6.84,9.3,10.87,8.88,4.0,3.18,10.0,0.5,-1.83,0.0,1.7,-0.06,4.0,2.75,10.0,0.5,5.81,8.96,10.87,8.37,4.0,3.77,10.0,0.5,994.63,998.85,1001.45,998.08,4.0,4.44,10.0,0.5,,,,,,,,,,,,,,,,,,,,,,,,,,,,,,,,,,,,,,,,,,,,,,,,,,,,,,,,,,,,,,,,,,,,,,,,,,,,,,,,,,,,,,,,,,,,,,,,,,,,,,,,,,,,,,,,,,,,,,,,
1911,2,-21.5,-27.3,,,,,,,,,,,,,,,,,,,,,,,,,,,,,,,,,6.7,9.3,9.3,8.43,6.0,1.34,24.0,0.7,0.0,3.0,3.48,2.16,6.0,1.72,24.0,0.7,-8.76,-8.62,-6.6,-8.01,6.0,1.24,24.0,0.7,1012.1,1014.1,1015.48,1013.84,12.0,1.66,24.0,0.7,,,,,,,,,,,,,,,,,,,,,,,,,,,,,,,,,,,,,,,,,,,,,,,,,,,,,,,,,,,,,,,,,,,,,,,,,,,,,,,,,,,,,,,,,,,,,,,,,,,,,,,,,,,,,,,,,,,,,,,,
1911,2,-21.5,16.5,,,,,,,,,,,,,,,,,,,,,,,,,,,,,,,,,4.6,9.3,9.8,7.99,63.0,2.37,16.0,0.6,-8.56,-4.74,-3.25,-5.3,63.0,2.15,16.0,0.6,-8.62,-4.74,-2.62,-5.47,63.0,2.63,16.0,0.6,1015.67,1016.1,1017.37,1016.35,10.0,1.4,20.0,0.5,,,,,,,,,,,,,,,,,,,,,,,,,,,,,,,,,,,,,,,,,,,,,,,,,,,,,,,,,,,,,,,,,,,,,,,,,,,,,,,,,,,,,,,,,,,,,,,,,,,,,,,,,,,,,,,,,,,,,,,,
1911,2,-21.5,18.5,,,,,,,,,,,,,,,,,,,,,,,,,,,,,,,,,4.6,6.7,9.8,7.71,100.0,3.12,16.0,0.4,-7.44,-4.74,-2.62,-5.08,100.0,2.65,16.0,0.4,-8.58,-4.74,-3.25,-5.51,100.0,2.47,16.0,0.4,1015.97,1017.8,1019.14,1017.56,24.0,1.88,18.0,0.4,,,,,,,,,,,,,,,,,,,,,,,,,,,,,,,,,,,,,,,,,,,,,,,,,,,,,,,,,,,,,,,,,,,,,,,,,,,,,,,,,,,,,,,,,,,,,,,,,,,,,,,,,,,,,,,,,,,,,,,,
1911,2,-21.5,20.5,,,,,,,,,,,,,,,,,,,,,,,,,,,,,,,,,4.6,6.7,9.8,6.93,73.0,2.78,16.0,0.6,-6.93,-4.74,-2.62,-5.04,73.0,2.57,16.0,0.6,-6.93,-4.74,-2.51,-4.42,73.0,2.09,16.0,0.6,1015.68,1018.3,1019.31,1017.87,26.0,1.93,16.0,0.6,,,,,,,,,,,,,,,,,,,,,,,,,,,,,,,,,,,,,,,,,,,,,,,,,,,,,,,,,,,,,,,,,,,,,,,,,,,,,,,,,,,,,,,,,,,,,,,,,,,,,,,,,,,,,,,,,,,,,,,,
1911,2,-21.5,28.5,,,,,,,,,,,,,,,,,,,,,,,,,,,,,,,,,2.6,4.6,7.9,5.54,17.0,2.77,16.0,0.6,-4.6,-2.6,4.0,-0.94,17.0,4.27,16.0,0.6,-5.64,-1.72,1.16,-2.18,17.0,4.01,16.0,0.6,1020.67,1023.0,1027.59,1023.97,9.0,3.33,18.0,0.6,,,,,,,,,,,,,,,,,,,,,,,,,,,,,,,,,,,,,,,,,,,,,,,,,,,,,,,,,,,,,,,,,,,,,,,,,,,,,,,,,,,,,,,,,,,,,,,,,,,,,,,,,,,,,,,,,,,,,,,,
1911,2,-21.399999999999977,0.4,,,,,,,,,,,,,,,,,,,,,,,,,,,,,,,,,2.45,4.6,4.6,3.51,13.0,1.6,18.0,0.8,-2.07,0.0,3.25,-0.41,13.0,2.57,18.0,0.8,0.64,1.84,4.6,2.42,13.0,1.65,18.0,0.8,1008.65,1009.4,1012.74,1010.67,3.0,3.19,8.0,0.3,,,,,,,,,,,,,,,,,,,,,,,,,,,,,,,,,,,,,,,,,,,,,,,,,,,,,,,,,,,,,,,,,,,,,,,,,,,,,,,,,,,,,,,,,,,,,,,,,,,,,,,,,,,,,,,,,,,,,,,,
1911,2,-21.399999999999977,22.4,,,,,,,,,,,,,,,,,,,,,,,,,,,,,,,,,2.6,4.6,6.91,5.21,32.0,2.85,14.0,0.5,-4.74,-3.25,-1.02,-3.35,32.0,1.99,14.0,0.5,-6.23,-3.25,-1.66,-3.74,32.0,2.48,14.0,0.5,1017.87,1019.3,1020.29,1019.24,13.0,1.67,10.0,0.5,,,,,,,,,,,,,,,,,,,,,,,,,,,,,,,,,,,,,,,,,,,,,,,,,,,,,,,,,,,,,,,,,,,,,,,,,,,,,,,,,,,,,,,,,,,,,,,,,,,,,,,,,,,,,,,,,,,,,,,,
1911,2,-21.399999999999977,40.3,,,,,,,,,,,,,,,,,,,,,,,,,,,,,,,,,4.6,9.3,15.4,9.1,32.0,3.98,14.0,0.6,-6.58,0.0,4.89,-0.29,32.0,6.2,14.0,0.6,-0.48,4.67,9.43,4.35,32.0,6.57,14.0,0.6,1010.11,1025.0,1031.08,1022.78,21.0,8.91,16.0,0.7,,,,,,,,,,,,,,,,,,,,,,,,,,,,,,,,,,,,,,,,,,,,,,,,,,,,,,,,,,,,,,,,,,,,,,,,,,,,,,,,,,,,,,,,,,,,,,,,,,,,,,,,,,,,,,,,,,,,,,,,
1911,2,-21.399999999999977,46.3,,,,,,,,,,,,,,,,,,,,,,,,,,,,,,,,,9.3,12.3,15.4,12.72,24.0,4.63,8.0,0.6,-11.72,3.63,6.93,-0.02,24.0,9.74,8.0,0.6,-14.18,-4.7,3.88,-4.68,24.0,8.51,8.0,0.6,1011.75,1030.0,1030.0,1023.2,9.0,9.24,6.0,0.7,,,,,,,,,,,,,,,,,,,,,,,,,,,,,,,,,,,,,,,,,,,,,,,,,,,,,,,,,,,,,,,,,,,,,,,,,,,,,,,,,,,,,,,,,,,,,,,,,,,,,,,,,,,,,,,,,,,,,,,,
1911,2,-21.399999999999977,48.3,,,,,,,,,,,,,,,,,,,,,,,,,,,,,,,,,4.6,12.3,19.0,11.44,136.0,6.81,14.0,0.4,-6.65,0.0,10.89,2.38,136.0,9.54,14.0,0.4,-2.65,3.37,12.3,3.44,136.0,8.34,14.0,0.4,1012.07,1021.5,1029.82,1020.69,46.0,9.06,10.0,0.5,,,,,,,,,,,,,,,,,,,,,,,,,,,,,,,,,,,,,,,,,,,,,,,,,,,,,,,,,,,,,,,,,,,,,,,,,,,,,,,,,,,,,,,,,,,,,,,,,,,,,,,,,,,,,,,,,,,,,,,,
1911,2,-21.30000000000001,-25.6,,,,,,,,,,,,,,,,,,,,,,,,,,,,,,,,,6.7,8.0,9.3,7.74,8.0,1.81,26.0,0.5,-6.58,-4.74,-0.29,-4.02,8.0,3.51,26.0,0.5,-6.58,-5.45,-4.32,-5.73,8.0,1.83,26.0,0.5,1015.22,1018.7,1019.91,1017.93,8.0,2.53,26.0,0.5,,,,,,,,,,,,,,,,,,,,,,,,,,,,,,,,,,,,,,,,,,,,,,,,,,,,,,,,,,,,,,,,,,,,,,,,,,,,,,,,,,,,,,,,,,,,,,,,,,,,,,,,,,,,,,,,,,,,,,,,
1911,2,-21.30000000000001,26.4,,,,,,,,,,,,,,,,,,,,,,,,,,,,,,,,,2.6,6.7,6.7,5.43,18.0,2.44,18.0,0.6,-6.21,-4.67,-1.4,-3.93,18.0,2.89,18.0,0.6,-4.74,-2.88,0.21,-2.36,18.0,2.57,18.0,0.6,1018.74,1021.6,1023.97,1021.32,5.0,3.11,20.0,0.8,,,,,,,,,,,,,,,,,,,,,,,,,,,,,,,,,,,,,,,,,,,,,,,,,,,,,,,,,,,,,,,,,,,,,,,,,,,,,,,,,,,,,,,,,,,,,,,,,,,,,,,,,,,,,,,,,,,,,,,,
1911,2,-21.30000000000001,36.4,,,,,,,,,,,,,,,,,,,,,,,,,,,,,,,,,2.6,4.6,13.89,6.0,21.0,5.61,8.0,0.3,0.0,1.02,5.97,2.07,21.0,4.11,8.0,0.3,-1.52,2.39,12.18,3.76,21.0,5.75,8.0,0.3,1010.51,1015.2,1015.89,1013.59,14.0,2.94,6.0,0.2,,,,,,,,,,,,,,,,,,,,,,,,,,,,,,,,,,,,,,,,,,,,,,,,,,,,,,,,,,,,,,,,,,,,,,,,,,,,,,,,,,,,,,,,,,,,,,,,,,,,,,,,,,,,,,,,,,,,,,,,
1911,2,-21.30000000000001,42.4,,,,,,,,,,,,,,,,,,,,,,,,,,,,,,,,,9.3,9.55,12.3,10.88,8.0,2.26,14.0,0.1,0.0,1.74,4.48,0.66,8.0,5.1,14.0,0.1,8.62,9.3,11.23,7.2,8.0,7.39,14.0,0.1,1027.0,1027.5,1028.52,1027.75,4.0,0.96,14.0,0.3,,,,,,,,,,,,,,,,,,,,,,,,,,,,,,,,,,,,,,,,,,,,,,,,,,,,,,,,,,,,,,,,,,,,,,,,,,,,,,,,,,,,,,,,,,,,,,,,,,,,,,,,,,,,,,,,,,,,,,,,
1911,2,-21.30000000000001,44.4,,,,,,,,,,,,,,,,,,,,,,,,,,,,,,,,,6.7,9.3,12.3,10.2,24.0,2.89,14.0,0.5,-6.34,3.63,8.7,1.69,24.0,7.07,14.0,0.5,-7.27,3.56,9.64,2.24,24.0,7.66,14.0,0.5,1020.9,1025.0,1028.71,1024.48,13.0,3.63,14.0,0.2,,,,,,,,,,,,,,,,,,,,,,,,,,,,,,,,,,,,,,,,,,,,,,,,,,,,,,,,,,,,,,,,,,,,,,,,,,,,,,,,,,,,,,,,,,,,,,,,,,,,,,,,,,,,,,,,,,,,,,,,
1911,2,-21.19999999999999,-17.2,,,,,,,,,,,,,,,,,,,,,,,,,,,,,,,,,6.7,6.7,6.7,6.7,2.0,0.0,28.0,0.5,-6.62,-6.43,-6.25,-6.43,2.0,0.38,28.0,0.5,0.42,1.31,2.2,1.31,2.0,1.85,28.0,0.5,1013.25,1013.8,1014.35,1013.8,2.0,1.13,28.0,0.5,,,,,,,,,,,,,,,,,,,,,,,,,,,,,,,,,,,,,,,,,,,,,,,,,,,,,,,,,,,,,,,,,,,,,,,,,,,,,,,,,,,,,,,,,,,,,,,,,,,,,,,,,,,,,,,,,,,,,,,,
1911,2,-21.19999999999999,30.3,,,,,,,,,,,,,,,,,,,,,,,,,,,,,,,,,6.7,6.7,9.3,6.92,19.0,1.62,14.0,0.4,-6.97,-4.74,6.21,-0.89,19.0,6.41,14.0,0.4,-4.74,-2.51,0.15,-1.89,19.0,2.74,14.0,0.4,1019.98,1020.15,1020.32,1020.15,2.0,0.35,10.0,0.5,,,,,,,,,,,,,,,,,,,,,,,,,,,,,,,,,,,,,,,,,,,,,,,,,,,,,,,,,,,,,,,,,,,,,,,,,,,,,,,,,,,,,,,,,,,,,,,,,,,,,,,,,,,,,,,,,,,,,,,,
1911,2,-21.19999999999999,38.1,,,,,,,,,,,,,,,,,,,,,,,,,,,,,,,,,1.0,4.6,12.3,5.55,36.0,4.89,8.0,0.6,-2.47,0.0,4.6,0.42,36.0,4.57,8.0,0.6,-3.7,0.0,4.51,0.64,36.0,5.84,8.0,0.6,1009.93,1011.7,1023.87,1014.96,22.0,7.26,8.0,0.5,,,,,,,,,,,,,,,,,,,,,,,,,,,,,,,,,,,,,,,,,,,,,,,,,,,,,,,,,,,,,,,,,,,,,,,,,,,,,,,,,,,,,,,,,,,,,,,,,,,,,,,,,,,,,,,,,,,,,,,,
1911,2,-21.100000000000023,32.3,,,,,,,,,,,,,,,,,,,,,,,,,,,,,,,,,2.6,5.65,9.3,5.54,20.0,2.87,16.0,0.6,-6.7,-2.3,2.39,-2.39,20.0,4.44,16.0,0.6,-3.62,0.0,3.22,0.44,20.0,3.83,16.0,0.6,1024.78,1025.6,1026.28,1025.53,3.0,1.1,28.0,0.7,,,,,,,,,,,,,,,,,,,,,,,,,,,,,,,,,,,,,,,,,,,,,,,,,,,,,,,,,,,,,,,,,,,,,,,,,,,,,,,,,,,,,,,,,,,,,,,,,,,,,,,,,,,,,,,,,,,,,,,,
1911,2,-21.100000000000023,34.3,,,,,,,,,,,,,,,,,,,,,,,,,,,,,,,,,4.6,9.3,11.02,8.18,10.0,4.13,6.0,0.5,-1.92,0.0,3.48,0.47,10.0,2.62,6.0,0.5,3.83,8.62,10.5,7.67,10.0,4.36,6.0,0.5,1011.7,1013.0,1013.96,1012.83,3.0,1.66,8.0,0.7,,,,,,,,,,,,,,,,,,,,,,,,,,,,,,,,,,,,,,,,,,,,,,,,,,,,,,,,,,,,,,,,,,,,,,,,,,,,,,,,,,,,,,,,,,,,,,,,,,,,,,,,,,,,,,,,,,,,,,,,
1911,2,-21.0,52.5,,,,,,,,,,,,,,,,,,,,,,,,,,,,,,,,,15.4,15.4,15.4,15.4,1.0,0.0,4.0,1.0,-15.4,-15.4,-15.4,-15.4,1.0,0.0,4.0,1.0,0.0,0.0,0.0,0.0,1.0,0.0,4.0,1.0,1028.63,1030.0,1030.68,1029.67,3.0,1.53,4.0,1.0,,,,,,,,,,,,,,,,,,,,,,,,,,,,,,,,,,,,,,,,,,,,,,,,,,,,,,,,,,,,,,,,,,,,,,,,,,,,,,,,,,,,,,,,,,,,,,,,,,,,,,,,,,,,,,,,,,,,,,,,
1911,2,-19.69999999999999,-27.2,,,,,,,,,,,,,,,,,,,,,,,,,,,,,,,,,0.83,2.6,2.6,1.73,3.0,1.5,26.0,1.0,0.31,0.97,0.97,0.65,3.0,0.56,26.0,1.0,-2.41,-2.41,-0.77,-1.61,3.0,1.39,26.0,1.0,1018.63,1018.7,1019.31,1018.97,3.0,0.55,26.0,1.0,,,,,,,,,,,,,,,,,,,,,,,,,,,,,,,,,,,,,,,,,,,,,,,,,,,,,,,,,,,,,,,,,,,,,,,,,,,,,,,,,,,,,,,,,,,,,,,,,,,,,,,,,,,,,,,,,,,,,,,,
1911,2,-19.69999999999999,-25.6,,,,,,,,,,,,,,,,,,,,,,,,,,,,,,,,,1.0,4.6,9.3,4.85,17.0,3.41,24.0,0.4,-0.17,2.51,3.48,1.97,17.0,1.83,24.0,0.4,-8.62,-4.27,0.92,-3.41,17.0,4.09,24.0,0.4,1014.03,1015.4,1016.3,1015.37,22.0,1.28,24.0,0.4,,,,,,,,,,,,,,,,,,,,,,,,,,,,,,,,,,,,,,,,,,,,,,,,,,,,,,,,,,,,,,,,,,,,,,,,,,,,,,,,,,,,,,,,,,,,,,,,,,,,,,,,,,,,,,,,,,,,,,,,
1911,2,-19.69999999999999,-17.2,,,,,,,,,,,,,,,,,,,,,,,,,,,,,,,,,6.7,6.7,6.7,6.7,2.0,0.0,28.0,1.0,-6.21,-6.21,-6.21,-6.21,2.0,0.0,28.0,1.0,-2.51,-2.51,-2.51,-2.51,2.0,0.0,28.0,1.0,1012.98,1014.4,1015.12,1014.12,5.0,1.2,28.0,0.8,,,,,,,,,,,,,,,,,,,,,,,,,,,,,,,,,,,,,,,,,,,,,,,,,,,,,,,,,,,,,,,,,,,,,,,,,,,,,,,,,,,,,,,,,,,,,,,,,,,,,,,,,,,,,,,,,,,,,,,,
1911,2,-19.69999999999999,-15.7,,,,,,,,,,,,,,,,,,,,,,,,,,,,,,,,,4.6,4.6,4.6,4.6,1.0,0.0,28.0,0.0,-4.23,-4.23,-4.23,-4.23,1.0,0.0,28.0,0.0,1.8,1.8,1.8,1.8,1.0,0.0,28.0,0.0,1014.3,1014.3,1014.3,1014.3,1.0,0.0,28.0,0.0,,,,,,,,,,,,,,,,,,,,,,,,,,,,,,,,,,,,,,,,,,,,,,,,,,,,,,,,,,,,,,,,,,,,,,,,,,,,,,,,,,,,,,,,,,,,,,,,,,,,,,,,,,,,,,,,,,,,,,,,
1911,2,-19.69999999999999,18.6,,,,,,,,,,,,,,,,,,,,,,,,,,,,,,,,,6.5,9.3,9.8,7.69,13.0,2.67,14.0,0.4,-7.14,-4.74,-1.71,-4.8,13.0,2.96,14.0,0.4,-7.09,-6.17,-3.56,-5.39,13.0,2.46,14.0,0.4,1016.02,1016.5,1016.98,1016.5,2.0,0.99,2.0,0.0,,,,,,,,,,,,,,,,,,,,,,,,,,,,,,,,,,,,,,,,,,,,,,,,,,,,,,,,,,,,,,,,,,,,,,,,,,,,,,,,,,,,,,,,,,,,,,,,,,,,,,,,,,,,,,,,,,,,,,,,
1911,2,-19.600000000000023,-19.4,,,,,,,,,,,,,,,,,,,,,,,,,,,,,,,,,9.3,9.8,9.8,9.6,5.0,0.27,28.0,0.4,-9.8,-9.3,-8.85,-9.3,5.0,0.53,28.0,0.4,0.0,0.0,3.71,1.49,5.0,2.04,28.0,0.4,1013.68,1015.3,1015.86,1015.0,7.0,1.33,28.0,0.4,,,,,,,,,,,,,,,,,,,,,,,,,,,,,,,,,,,,,,,,,,,,,,,,,,,,,,,,,,,,,,,,,,,,,,,,,,,,,,,,,,,,,,,,,,,,,,,,,,,,,,,,,,,,,,,,,,,,,,,,
1911,2,-19.600000000000023,20.6,,,,,,,,,,,,,,,,,,,,,,,,,,,,,,,,,4.6,6.7,9.8,7.12,72.0,2.67,16.0,0.6,-6.93,-4.74,-2.62,-4.93,72.0,2.45,16.0,0.6,-6.93,-4.74,-2.39,-4.68,72.0,2.36,16.0,0.6,1016.01,1019.1,1020.53,1018.76,17.0,2.03,18.0,0.6,,,,,,,,,,,,,,,,,,,,,,,,,,,,,,,,,,,,,,,,,,,,,,,,,,,,,,,,,,,,,,,,,,,,,,,,,,,,,,,,,,,,,,,,,,,,,,,,,,,,,,,,,,,,,,,,,,,,,,,,
1911,2,-19.600000000000023,26.6,,,,,,,,,,,,,,,,,,,,,,,,,,,,,,,,,4.6,4.6,6.7,5.49,13.0,1.97,14.0,0.4,-6.21,0.0,3.25,-0.55,13.0,3.96,14.0,0.4,-6.21,-3.25,-2.51,-3.83,13.0,2.17,14.0,0.4,1016.44,1020.2,1024.06,1020.21,10.0,3.6,14.0,0.3,,,,,,,,,,,,,,,,,,,,,,,,,,,,,,,,,,,,,,,,,,,,,,,,,,,,,,,,,,,,,,,,,,,,,,,,,,,,,,,,,,,,,,,,,,,,,,,,,,,,,,,,,,,,,,,,,,,,,,,,
1911,2,-19.5,2.2,,,,,,,,,,,,,,,,,,,,,,,,,,,,,,,,,0.79,1.8,6.7,3.0,6.0,2.98,18.0,0.5,0.56,1.56,2.62,1.51,6.0,1.17,18.0,0.5,-0.15,0.84,6.17,2.22,6.0,3.11,18.0,0.5,1014.7,1014.7,1014.7,1014.7,1.0,0.0,8.0,0.0,,,,,,,,,,,,,,,,,,,,,,,,,,,,,,,,,,,,,,,,,,,,,,,,,,,,,,,,,,,,,,,,,,,,,,,,,,,,,,,,,,,,,,,,,,,,,,,,,,,,,,,,,,,,,,,,,,,,,,,,
1911,2,-19.5,22.5,,,,,,,,,,,,,,,,,,,,,,,,,,,,,,,,,2.6,6.7,9.8,6.41,105.0,2.98,16.0,0.5,-6.93,-4.74,-1.8,-4.26,105.0,2.5,16.0,0.5,-6.75,-4.61,-2.39,-4.4,105.0,2.5,16.0,0.5,1018.0,1019.5,1021.71,1019.85,29.0,1.88,16.0,0.4,,,,,,,,,,,,,,,,,,,,,,,,,,,,,,,,,,,,,,,,,,,,,,,,,,,,,,,,,,,,,,,,,,,,,,,,,,,,,,,,,,,,,,,,,,,,,,,,,,,,,,,,,,,,,,,,,,,,,,,,
1911,2,-19.5,28.5,,,,,,,,,,,,,,,,,,,,,,,,,,,,,,,,,3.27,5.65,9.3,6.21,22.0,3.21,16.0,0.5,-7.9,-2.51,2.51,-2.56,22.0,4.6,16.0,0.5,-6.21,-3.25,-1.22,-3.44,22.0,3.21,16.0,0.5,1014.98,1020.6,1025.82,1020.5,9.0,4.93,12.0,0.7,,,,,,,,,,,,,,,,,,,,,,,,,,,,,,,,,,,,,,,,,,,,,,,,,,,,,,,,,,,,,,,,,,,,,,,,,,,,,,,,,,,,,,,,,,,,,,,,,,,,,,,,,,,,,,,,,,,,,,,,
1911,2,-19.5,32.5,,,,,,,,,,,,,,,,,,,,,,,,,,,,,,,,,2.6,6.7,12.3,7.53,20.0,4.37,10.0,0.6,-4.74,0.0,4.24,0.22,20.0,4.0,10.0,0.6,-2.47,1.72,12.29,4.33,20.0,6.56,10.0,0.6,1019.44,1020.25,1021.23,1020.26,12.0,1.15,8.0,0.5,,,,,,,,,,,,,,,,,,,,,,,,,,,,,,,,,,,,,,,,,,,,,,,,,,,,,,,,,,,,,,,,,,,,,,,,,,,,,,,,,,,,,,,,,,,,,,,,,,,,,,,,,,,,,,,,,,,,,,,,
1911,2,-19.399999999999977,34.3,,,,,,,,,,,,,,,,,,,,,,,,,,,,,,,,,1.0,2.6,8.43,4.41,22.0,3.69,14.0,0.5,-5.68,-0.99,1.93,-1.62,22.0,3.65,14.0,0.5,-0.98,0.0,5.3,1.67,22.0,3.88,14.0,0.5,1020.03,1020.3,1020.57,1020.3,2.0,0.57,8.0,0.5,,,,,,,,,,,,,,,,,,,,,,,,,,,,,,,,,,,,,,,,,,,,,,,,,,,,,,,,,,,,,,,,,,,,,,,,,,,,,,,,,,,,,,,,,,,,,,,,,,,,,,,,,,,,,,,,,,,,,,,,
1911,2,-19.399999999999977,46.3,,,,,,,,,,,,,,,,,,,,,,,,,,,,,,,,,5.92,9.3,15.4,9.75,25.0,5.4,12.0,0.5,-7.6,2.6,6.12,-0.22,25.0,7.38,12.0,0.5,-6.18,4.61,8.57,1.51,25.0,8.44,12.0,0.5,1018.51,1021.5,1027.25,1022.11,12.0,5.3,16.0,0.7,,,,,,,,,,,,,,,,,,,,,,,,,,,,,,,,,,,,,,,,,,,,,,,,,,,,,,,,,,,,,,,,,,,,,,,,,,,,,,,,,,,,,,,,,,,,,,,,,,,,,,,,,,,,,,,,,,,,,,,,
1911,2,-19.399999999999977,48.4,,,,,,,,,,,,,,,,,,,,,,,,,,,,,,,,,6.7,9.3,19.0,11.25,113.0,6.08,16.0,0.5,-6.29,4.27,10.89,3.07,113.0,8.94,16.0,0.5,-2.53,4.74,10.99,4.25,113.0,7.56,16.0,0.5,1010.74,1020.25,1031.43,1021.22,28.0,9.3,12.0,0.3,,,,,,,,,,,,,,,,,,,,,,,,,,,,,,,,,,,,,,,,,,,,,,,,,,,,,,,,,,,,,,,,,,,,,,,,,,,,,,,,,,,,,,,,,,,,,,,,,,,,,,,,,,,,,,,,,,,,,,,,
1911,2,-19.30000000000001,24.4,,,,,,,,,,,,,,,,,,,,,,,,,,,,,,,,,4.6,4.6,6.7,5.59,57.0,2.17,14.0,0.6,-4.9,-3.25,0.0,-2.92,57.0,2.64,14.0,0.6,-6.17,-4.23,-2.39,-4.1,57.0,1.95,14.0,0.6,1018.12,1019.9,1021.18,1019.82,15.0,1.95,10.0,0.7,,,,,,,,,,,,,,,,,,,,,,,,,,,,,,,,,,,,,,,,,,,,,,,,,,,,,,,,,,,,,,,,,,,,,,,,,,,,,,,,,,,,,,,,,,,,,,,,,,,,,,,,,,,,,,,,,,,,,,,,
1911,2,-19.30000000000001,36.3,,,,,,,,,,,,,,,,,,,,,,,,,,,,,,,,,1.0,2.6,6.7,4.13,47.0,3.72,8.0,0.5,0.0,1.72,4.26,1.26,47.0,3.14,8.0,0.5,-0.97,0.0,4.74,2.04,47.0,3.94,8.0,0.5,1010.03,1012.7,1015.1,1012.58,19.0,2.36,4.0,0.5,,,,,,,,,,,,,,,,,,,,,,,,,,,,,,,,,,,,,,,,,,,,,,,,,,,,,,,,,,,,,,,,,,,,,,,,,,,,,,,,,,,,,,,,,,,,,,,,,,,,,,,,,,,,,,,,,,,,,,,,
1911,2,-19.30000000000001,40.3,,,,,,,,,,,,,,,,,,,,,,,,,,,,,,,,,2.6,6.7,14.17,7.48,35.0,5.64,14.0,0.5,-6.26,0.0,4.74,-1.1,35.0,6.35,14.0,0.5,0.0,2.6,6.19,1.73,35.0,6.7,14.0,0.5,1007.95,1024.2,1027.8,1019.41,16.0,9.09,14.0,0.5,,,,,,,,,,,,,,,,,,,,,,,,,,,,,,,,,,,,,,,,,,,,,,,,,,,,,,,,,,,,,,,,,,,,,,,,,,,,,,,,,,,,,,,,,,,,,,,,,,,,,,,,,,,,,,,,,,,,,,,,
1911,2,-19.30000000000001,54.2,,,,,,,,,,,,,,,,,,,,,,,,,,,,,,,,,13.28,15.4,15.4,14.37,3.0,1.79,4.0,0.0,-13.37,-11.4,-7.73,-10.57,3.0,4.19,4.0,0.0,4.98,5.77,11.51,8.18,3.0,5.22,4.0,0.0,1031.95,1034.0,1034.0,1033.0,3.0,1.73,4.0,0.0,,,,,,,,,,,,,,,,,,,,,,,,,,,,,,,,,,,,,,,,,,,,,,,,,,,,,,,,,,,,,,,,,,,,,,,,,,,,,,,,,,,,,,,,,,,,,,,,,,,,,,,,,,,,,,,,,,,,,,,,
1911,2,-19.19999999999999,-21.5,,,,,,,,,,,,,,,,,,,,,,,,,,,,,,,,,2.71,6.95,9.3,6.05,4.0,4.03,28.0,0.3,-8.95,-6.4,-2.5,-5.75,4.0,3.92,28.0,0.3,0.19,1.09,2.76,1.46,4.0,1.64,28.0,0.3,1016.85,1017.9,1018.16,1017.6,5.0,0.8,28.0,0.4,,,,,,,,,,,,,,,,,,,,,,,,,,,,,,,,,,,,,,,,,,,,,,,,,,,,,,,,,,,,,,,,,,,,,,,,,,,,,,,,,,,,,,,,,,,,,,,,,,,,,,,,,,,,,,,,,,,,,,,,
1911,2,-19.19999999999999,30.3,,,,,,,,,,,,,,,,,,,,,,,,,,,,,,,,,2.6,4.6,6.7,5.0,26.0,2.65,16.0,0.4,-6.21,-2.17,0.0,-2.44,26.0,3.72,16.0,0.4,-4.61,-2.17,2.62,-1.63,26.0,3.21,16.0,0.4,1022.77,1026.45,1027.86,1025.47,10.0,2.77,18.0,0.3,,,,,,,,,,,,,,,,,,,,,,,,,,,,,,,,,,,,,,,,,,,,,,,,,,,,,,,,,,,,,,,,,,,,,,,,,,,,,,,,,,,,,,,,,,,,,,,,,,,,,,,,,,,,,,,,,,,,,,,,
1911,2,-19.19999999999999,38.2,,,,,,,,,,,,,,,,,,,,,,,,,,,,,,,,,1.0,2.6,6.7,4.01,30.0,3.7,12.0,0.5,-2.62,0.0,1.84,-0.22,30.0,3.06,12.0,0.5,-1.34,0.0,6.17,1.49,30.0,4.31,12.0,0.5,1008.0,1011.9,1022.06,1014.67,13.0,7.25,6.0,0.7,,,,,,,,,,,,,,,,,,,,,,,,,,,,,,,,,,,,,,,,,,,,,,,,,,,,,,,,,,,,,,,,,,,,,,,,,,,,,,,,,,,,,,,,,,,,,,,,,,,,,,,,,,,,,,,,,,,,,,,,
1911,2,-19.19999999999999,42.2,,,,,,,,,,,,,,,,,,,,,,,,,,,,,,,,,6.7,9.3,19.0,12.35,19.0,6.6,12.0,0.6,-16.2,-4.74,4.94,-5.17,19.0,9.17,12.0,0.6,-8.29,4.74,6.7,1.49,19.0,9.48,12.0,0.6,1015.22,1025.0,1029.13,1023.14,8.0,6.67,14.0,0.4,,,,,,,,,,,,,,,,,,,,,,,,,,,,,,,,,,,,,,,,,,,,,,,,,,,,,,,,,,,,,,,,,,,,,,,,,,,,,,,,,,,,,,,,,,,,,,,,,,,,,,,,,,,,,,,,,,,,,,,,
1911,2,-19.19999999999999,44.4,,,,,,,,,,,,,,,,,,,,,,,,,,,,,,,,,2.63,9.3,12.3,9.15,20.0,5.04,14.0,0.4,-4.23,2.55,11.24,1.36,20.0,8.01,14.0,0.4,-3.24,1.3,8.56,2.46,20.0,6.4,14.0,0.4,1024.0,1028.0,1028.37,1026.6,5.0,2.41,20.0,0.6,,,,,,,,,,,,,,,,,,,,,,,,,,,,,,,,,,,,,,,,,,,,,,,,,,,,,,,,,,,,,,,,,,,,,,,,,,,,,,,,,,,,,,,,,,,,,,,,,,,,,,,,,,,,,,,,,,,,,,,,
1911,2,-19.19999999999999,50.0,,,,,,,,,,,,,,,,,,,,,,,,,,,,,,,,,6.7,9.3,12.3,9.19,8.0,2.99,4.0,0.5,-8.7,-5.66,-3.76,-5.95,8.0,2.63,4.0,0.5,4.74,7.57,8.7,6.87,8.0,2.04,4.0,0.5,1027.63,1029.0,1029.0,1028.4,5.0,0.89,4.0,0.6,,,,,,,,,,,,,,,,,,,,,,,,,,,,,,,,,,,,,,,,,,,,,,,,,,,,,,,,,,,,,,,,,,,,,,,,,,,,,,,,,,,,,,,,,,,,,,,,,,,,,,,,,,,,,,,,,,,,,,,,
1911,2,-19.19999999999999,66.0,,,,,,,,,,,,,,,,,,,,,,,,,,,,,,,,,3.23,4.6,4.6,3.93,3.0,1.15,6.0,0.7,-2.33,1.84,3.49,0.61,3.0,4.4,6.0,0.7,-1.8,-1.72,0.63,-0.61,3.0,2.02,6.0,0.7,1008.13,1013.05,1021.84,1014.9,4.0,8.47,6.0,0.5,,,,,,,,,,,,,,,,,,,,,,,,,,,,,,,,,,,,,,,,,,,,,,,,,,,,,,,,,,,,,,,,,,,,,,,,,,,,,,,,,,,,,,,,,,,,,,,,,,,,,,,,,,,,,,,,,,,,,,,,
1911,2,-17.69999999999999,-21.7,,,,,,,,,,,,,,,,,,,,,,,,,,,,,,,,,4.6,6.7,6.7,6.0,6.0,1.08,26.0,0.5,-6.18,-6.17,-4.03,-5.37,6.0,1.3,26.0,0.5,0.91,2.62,2.75,1.73,6.0,2.13,26.0,0.5,1017.5,1018.35,1019.01,1018.33,6.0,0.97,26.0,0.5,,,,,,,,,,,,,,,,,,,,,,,,,,,,,,,,,,,,,,,,,,,,,,,,,,,,,,,,,,,,,,,,,,,,,,,,,,,,,,,,,,,,,,,,,,,,,,,,,,,,,,,,,,,,,,,,,,,,,,,,
1911,2,-17.69999999999999,12.5,,,,,,,,,,,,,,,,,,,,,,,,,,,,,,,,,2.6,4.6,9.3,5.5,40.0,2.69,14.0,0.6,-2.46,0.0,0.0,-0.81,40.0,1.67,14.0,0.6,-9.3,-4.6,-1.84,-4.79,40.0,3.35,14.0,0.6,1012.11,1012.7,1013.8,1012.73,19.0,1.01,14.0,0.7,,,,,,,,,,,,,,,,,,,,,,,,,,,,,,,,,,,,,,,,,,,,,,,,,,,,,,,,,,,,,,,,,,,,,,,,,,,,,,,,,,,,,,,,,,,,,,,,,,,,,,,,,,,,,,,,,,,,,,,,
1911,2,-17.69999999999999,14.5,,,,,,,,,,,,,,,,,,,,,,,,,,,,,,,,,4.6,6.7,9.3,6.23,40.0,2.75,14.0,0.3,-4.42,-2.62,0.0,-2.13,40.0,2.11,14.0,0.3,-8.21,-4.74,-2.11,-5.36,40.0,2.96,14.0,0.3,1012.92,1014.3,1015.18,1014.17,17.0,1.12,14.0,0.2,,,,,,,,,,,,,,,,,,,,,,,,,,,,,,,,,,,,,,,,,,,,,,,,,,,,,,,,,,,,,,,,,,,,,,,,,,,,,,,,,,,,,,,,,,,,,,,,,,,,,,,,,,,,,,,,,,,,,,,,
1911,2,-17.69999999999999,16.5,,,,,,,,,,,,,,,,,,,,,,,,,,,,,,,,,4.6,6.7,9.3,7.31,35.0,2.73,16.0,0.7,-4.78,-3.63,-1.81,-3.33,35.0,1.77,16.0,0.7,-9.3,-6.17,-1.84,-5.77,35.0,3.7,16.0,0.7,1013.68,1015.0,1017.31,1015.28,16.0,1.76,16.0,0.6,,,,,,,,,,,,,,,,,,,,,,,,,,,,,,,,,,,,,,,,,,,,,,,,,,,,,,,,,,,,,,,,,,,,,,,,,,,,,,,,,,,,,,,,,,,,,,,,,,,,,,,,,,,,,,,,,,,,,,,,
1911,2,-17.69999999999999,18.5,,,,,,,,,,,,,,,,,,,,,,,,,,,,,,,,,4.6,6.7,9.3,7.35,38.0,3.15,16.0,0.4,-6.09,-4.23,-2.22,-3.86,38.0,2.37,16.0,0.4,-8.66,-6.17,-1.63,-5.46,38.0,3.71,16.0,0.4,1015.28,1016.8,1017.55,1016.43,18.0,1.36,14.0,0.6,,,,,,,,,,,,,,,,,,,,,,,,,,,,,,,,,,,,,,,,,,,,,,,,,,,,,,,,,,,,,,,,,,,,,,,,,,,,,,,,,,,,,,,,,,,,,,,,,,,,,,,,,,,,,,,,,,,,,,,,
1911,2,-17.69999999999999,20.5,,,,,,,,,,,,,,,,,,,,,,,,,,,,,,,,,4.6,6.7,12.3,7.81,46.0,3.32,18.0,0.5,-6.58,-3.63,-0.14,-3.92,46.0,2.75,18.0,0.5,-8.7,-6.17,-2.6,-6.26,46.0,3.15,18.0,0.5,1016.89,1017.9,1020.06,1018.2,16.0,1.54,14.0,0.3,,,,,,,,,,,,,,,,,,,,,,,,,,,,,,,,,,,,,,,,,,,,,,,,,,,,,,,,,,,,,,,,,,,,,,,,,,,,,,,,,,,,,,,,,,,,,,,,,,,,,,,,,,,,,,,,,,,,,,,,
1911,2,-17.600000000000023,2.7,,,,,,,,,,,,,,,,,,,,,,,,,,,,,,,,,1.0,1.0,3.45,2.22,6.0,2.29,14.0,0.5,0.56,1.0,2.0,1.19,6.0,0.91,14.0,0.5,0.0,0.85,2.73,1.62,6.0,2.33,14.0,0.5,1019.27,1019.85,1020.43,1019.85,2.0,1.2,8.0,0.0,,,,,,,,,,,,,,,,,,,,,,,,,,,,,,,,,,,,,,,,,,,,,,,,,,,,,,,,,,,,,,,,,,,,,,,,,,,,,,,,,,,,,,,,,,,,,,,,,,,,,,,,,,,,,,,,,,,,,,,,
1911,2,-17.600000000000023,22.6,,,,,,,,,,,,,,,,,,,,,,,,,,,,,,,,,4.6,6.7,9.3,6.63,72.0,3.06,16.0,0.5,-6.58,-3.63,-1.84,-4.04,72.0,2.62,16.0,0.5,-6.58,-4.74,-1.72,-4.59,72.0,3.03,16.0,0.5,1017.18,1020.0,1021.0,1019.18,26.0,1.96,16.0,0.6,,,,,,,,,,,,,,,,,,,,,,,,,,,,,,,,,,,,,,,,,,,,,,,,,,,,,,,,,,,,,,,,,,,,,,,,,,,,,,,,,,,,,,,,,,,,,,,,,,,,,,,,,,,,,,,,,,,,,,,,
1911,2,-17.600000000000023,66.1,,,,,,,,,,,,,,,,,,,,,,,,,,,,,,,,,3.25,4.65,6.05,4.65,2.0,2.9,4.0,0.5,0.75,2.37,3.99,2.37,2.0,3.35,4.0,0.5,2.94,3.67,4.4,3.67,2.0,1.51,4.0,0.5,1011.4,1012.7,1014.0,1012.7,2.0,2.69,4.0,0.5,,,,,,,,,,,,,,,,,,,,,,,,,,,,,,,,,,,,,,,,,,,,,,,,,,,,,,,,,,,,,,,,,,,,,,,,,,,,,,,,,,,,,,,,,,,,,,,,,,,,,,,,,,,,,,,,,,,,,,,,
1911,2,-17.5,10.5,,,,,,,,,,,,,,,,,,,,,,,,,,,,,,,,,1.81,4.6,6.7,4.39,42.0,2.35,16.0,0.5,-1.84,0.0,2.51,0.32,42.0,2.14,16.0,0.5,-6.21,-4.27,0.0,-3.38,42.0,2.98,16.0,0.5,1009.99,1012.0,1013.1,1011.71,19.0,1.3,16.0,0.4,,,,,,,,,,,,,,,,,,,,,,,,,,,,,,,,,,,,,,,,,,,,,,,,,,,,,,,,,,,,,,,,,,,,,,,,,,,,,,,,,,,,,,,,,,,,,,,,,,,,,,,,,,,,,,,,,,,,,,,,
1911,2,-17.5,24.5,,,,,,,,,,,,,,,,,,,,,,,,,,,,,,,,,2.6,6.7,9.3,5.59,136.0,3.04,16.0,0.5,-6.21,-2.94,0.0,-3.15,136.0,2.8,16.0,0.5,-6.17,-4.23,-0.71,-3.83,136.0,2.86,16.0,0.5,1018.54,1020.65,1022.74,1020.55,44.0,2.19,18.0,0.5,,,,,,,,,,,,,,,,,,,,,,,,,,,,,,,,,,,,,,,,,,,,,,,,,,,,,,,,,,,,,,,,,,,,,,,,,,,,,,,,,,,,,,,,,,,,,,,,,,,,,,,,,,,,,,,,,,,,,,,,
1911,2,-17.5,30.4,,,,,,,,,,,,,,,,,,,,,,,,,,,,,,,,,2.6,5.65,6.7,5.26,14.0,2.12,16.0,0.5,-4.27,-1.84,2.57,-1.57,14.0,3.32,16.0,0.5,-6.17,-4.04,-1.84,-3.94,14.0,2.0,16.0,0.5,1017.0,1021.9,1024.57,1021.08,9.0,4.15,12.0,0.6,,,,,,,,,,,,,,,,,,,,,,,,,,,,,,,,,,,,,,,,,,,,,,,,,,,,,,,,,,,,,,,,,,,,,,,,,,,,,,,,,,,,,,,,,,,,,,,,,,,,,,,,,,,,,,,,,,,,,,,,
1911,2,-17.399999999999977,-23.5,,,,,,,,,,,,,,,,,,,,,,,,,,,,,,,,,0.59,1.0,5.47,2.65,11.0,2.56,26.0,0.5,-5.27,-0.71,0.29,-1.82,11.0,2.79,26.0,0.5,-2.51,-0.71,0.16,-0.95,11.0,1.35,26.0,0.5,1018.0,1018.5,1019.45,1018.6,12.0,0.85,26.0,0.5,,,,,,,,,,,,,,,,,,,,,,,,,,,,,,,,,,,,,,,,,,,,,,,,,,,,,,,,,,,,,,,,,,,,,,,,,,,,,,,,,,,,,,,,,,,,,,,,,,,,,,,,,,,,,,,,,,,,,,,,
1911,2,-17.399999999999977,26.4,,,,,,,,,,,,,,,,,,,,,,,,,,,,,,,,,2.6,6.7,9.3,5.68,123.0,3.07,16.0,0.4,-6.21,-3.63,0.0,-3.1,123.0,3.11,16.0,0.4,-6.58,-4.23,-0.71,-3.72,123.0,2.93,16.0,0.4,1019.17,1021.1,1024.11,1021.37,38.0,2.32,14.0,0.4,,,,,,,,,,,,,,,,,,,,,,,,,,,,,,,,,,,,,,,,,,,,,,,,,,,,,,,,,,,,,,,,,,,,,,,,,,,,,,,,,,,,,,,,,,,,,,,,,,,,,,,,,,,,,,,,,,,,,,,,
1911,2,-17.399999999999977,36.5,,,,,,,,,,,,,,,,,,,,,,,,,,,,,,,,,1.0,2.6,5.3,3.69,43.0,2.6,12.0,0.4,-2.83,0.0,4.23,0.49,43.0,2.81,12.0,0.4,-2.83,0.0,2.39,-0.32,43.0,3.52,12.0,0.4,1009.27,1017.1,1028.0,1018.18,25.0,8.31,8.0,0.5,,,,,,,,,,,,,,,,,,,,,,,,,,,,,,,,,,,,,,,,,,,,,,,,,,,,,,,,,,,,,,,,,,,,,,,,,,,,,,,,,,,,,,,,,,,,,,,,,,,,,,,,,,,,,,,,,,,,,,,,
1911,2,-17.399999999999977,46.4,,,,,,,,,,,,,,,,,,,,,,,,,,,,,,,,,6.7,9.3,12.3,9.58,37.0,3.74,14.0,0.5,-7.16,-0.71,6.73,-0.56,37.0,6.61,14.0,0.5,-0.69,4.74,9.76,4.24,37.0,6.78,14.0,0.5,1019.64,1025.0,1028.62,1023.77,15.0,6.4,16.0,0.3,,,,,,,,,,,,,,,,,,,,,,,,,,,,,,,,,,,,,,,,,,,,,,,,,,,,,,,,,,,,,,,,,,,,,,,,,,,,,,,,,,,,,,,,,,,,,,,,,,,,,,,,,,,,,,,,,,,,,,,,
1911,2,-17.399999999999977,48.5,,,,,,,,,,,,,,,,,,,,,,,,,,,,,,,,,4.6,9.3,15.4,10.35,125.0,5.36,14.0,0.5,-6.62,0.92,8.7,1.65,125.0,8.2,14.0,0.5,-2.54,3.25,12.3,3.99,125.0,7.12,14.0,0.5,1015.69,1023.6,1033.92,1022.94,33.0,10.2,14.0,0.6,,,,,,,,,,,,,,,,,,,,,,,,,,,,,,,,,,,,,,,,,,,,,,,,,,,,,,,,,,,,,,,,,,,,,,,,,,,,,,,,,,,,,,,,,,,,,,,,,,,,,,,,,,,,,,,,,,,,,,,,
1911,2,-17.399999999999977,56.5,,,,,,,,,,,,,,,,,,,,,,,,,,,,,,,,,4.6,9.3,21.06,12.23,10.0,7.67,12.0,0.6,0.0,4.27,16.92,7.18,10.0,9.0,12.0,0.6,2.96,7.79,11.66,7.64,10.0,4.68,12.0,0.6,1033.0,1033.0,1033.52,1033.25,4.0,0.5,4.0,0.8,,,,,,,,,,,,,,,,,,,,,,,,,,,,,,,,,,,,,,,,,,,,,,,,,,,,,,,,,,,,,,,,,,,,,,,,,,,,,,,,,,,,,,,,,,,,,,,,,,,,,,,,,,,,,,,,,,,,,,,,
1911,2,-17.30000000000001,32.4,,,,,,,,,,,,,,,,,,,,,,,,,,,,,,,,,1.0,4.6,6.7,4.32,45.0,2.66,18.0,0.5,-3.48,0.0,2.52,-0.38,45.0,3.31,18.0,0.5,-4.76,-1.84,0.0,-2.23,45.0,3.15,18.0,0.5,1020.27,1025.55,1027.63,1024.19,18.0,3.6,18.0,0.6,,,,,,,,,,,,,,,,,,,,,,,,,,,,,,,,,,,,,,,,,,,,,,,,,,,,,,,,,,,,,,,,,,,,,,,,,,,,,,,,,,,,,,,,,,,,,,,,,,,,,,,,,,,,,,,,,,,,,,,,
1911,2,-17.30000000000001,34.3,,,,,,,,,,,,,,,,,,,,,,,,,,,,,,,,,1.0,2.6,6.7,3.7,46.0,3.5,16.0,0.5,-2.5,0.0,3.16,0.21,46.0,3.14,16.0,0.5,-1.83,-0.37,3.25,0.54,46.0,4.01,16.0,0.5,1012.24,1020.3,1027.62,1020.18,35.0,6.39,16.0,0.5,,,,,,,,,,,,,,,,,,,,,,,,,,,,,,,,,,,,,,,,,,,,,,,,,,,,,,,,,,,,,,,,,,,,,,,,,,,,,,,,,,,,,,,,,,,,,,,,,,,,,,,,,,,,,,,,,,,,,,,,
1911,2,-17.30000000000001,38.4,,,,,,,,,,,,,,,,,,,,,,,,,,,,,,,,,1.96,4.6,6.7,4.73,30.0,3.61,10.0,0.5,-3.4,-0.66,1.32,-1.68,30.0,3.69,10.0,0.5,-4.38,-0.7,4.38,-0.03,30.0,4.43,10.0,0.5,1007.14,1021.2,1025.86,1017.78,23.0,8.15,10.0,0.5,,,,,,,,,,,,,,,,,,,,,,,,,,,,,,,,,,,,,,,,,,,,,,,,,,,,,,,,,,,,,,,,,,,,,,,,,,,,,,,,,,,,,,,,,,,,,,,,,,,,,,,,,,,,,,,,,,,,,,,,
1911,2,-17.30000000000001,40.4,,,,,,,,,,,,,,,,,,,,,,,,,,,,,,,,,2.6,5.65,15.4,7.78,24.0,5.97,12.0,0.3,-6.26,0.0,2.6,-1.57,24.0,4.64,12.0,0.3,-1.93,2.53,10.57,4.08,24.0,7.57,12.0,0.3,1012.86,1017.0,1023.14,1017.47,19.0,5.06,10.0,0.3,,,,,,,,,,,,,,,,,,,,,,,,,,,,,,,,,,,,,,,,,,,,,,,,,,,,,,,,,,,,,,,,,,,,,,,,,,,,,,,,,,,,,,,,,,,,,,,,,,,,,,,,,,,,,,,,,,,,,,,,
1911,2,-17.30000000000001,42.4,,,,,,,,,,,,,,,,,,,,,,,,,,,,,,,,,5.53,12.3,15.4,10.75,29.0,5.08,10.0,0.5,-12.93,-4.81,2.62,-4.75,29.0,8.62,10.0,0.5,-6.63,4.27,7.76,1.39,29.0,6.76,10.0,0.5,1018.7,1021.05,1027.27,1022.64,18.0,4.71,12.0,0.6,,,,,,,,,,,,,,,,,,,,,,,,,,,,,,,,,,,,,,,,,,,,,,,,,,,,,,,,,,,,,,,,,,,,,,,,,,,,,,,,,,,,,,,,,,,,,,,,,,,,,,,,,,,,,,,,,,,,,,,,
1911,2,-17.19999999999999,8.6,,,,,,,,,,,,,,,,,,,,,,,,,,,,,,,,,1.0,4.6,4.6,3.26,19.0,2.12,16.0,0.6,-2.71,0.0,2.62,-0.51,19.0,2.47,16.0,0.6,-4.23,-1.72,1.0,-1.62,19.0,2.56,16.0,0.6,1011.13,1011.2,1012.3,1011.66,5.0,0.82,18.0,0.8,,,,,,,,,,,,,,,,,,,,,,,,,,,,,,,,,,,,,,,,,,,,,,,,,,,,,,,,,,,,,,,,,,,,,,,,,,,,,,,,,,,,,,,,,,,,,,,,,,,,,,,,,,,,,,,,,,,,,,,,
1911,2,-17.19999999999999,28.3,,,,,,,,,,,,,,,,,,,,,,,,,,,,,,,,,2.6,4.6,6.7,4.63,43.0,2.62,12.0,0.5,-4.74,-1.02,2.09,-1.24,43.0,3.33,12.0,0.5,-5.22,-2.41,0.0,-2.46,43.0,3.15,12.0,0.5,1019.3,1021.5,1023.03,1020.87,16.0,3.37,12.0,0.6,,,,,,,,,,,,,,,,,,,,,,,,,,,,,,,,,,,,,,,,,,,,,,,,,,,,,,,,,,,,,,,,,,,,,,,,,,,,,,,,,,,,,,,,,,,,,,,,,,,,,,,,,,,,,,,,,,,,,,,,
1911,2,-17.19999999999999,44.2,,,,,,,,,,,,,,,,,,,,,,,,,,,,,,,,,8.35,12.3,15.4,11.82,5.0,3.82,14.0,0.4,-6.8,2.51,5.77,-0.38,5.0,7.69,14.0,0.4,3.94,8.56,14.28,8.67,5.0,6.0,14.0,0.4,1022.17,1029.0,1029.0,1025.67,3.0,5.77,10.0,0.0,,,,,,,,,,,,,,,,,,,,,,,,,,,,,,,,,,,,,,,,,,,,,,,,,,,,,,,,,,,,,,,,,,,,,,,,,,,,,,,,,,,,,,,,,,,,,,,,,,,,,,,,,,,,,,,,,,,,,,,,
1911,2,-17.100000000000023,50.4,,,,,,,,,,,,,,,,,,,,,,,,,,,,,,,,,1.23,4.6,9.14,5.29,14.0,2.93,6.0,0.6,-6.46,-3.25,-0.78,-3.6,14.0,2.46,6.0,0.6,0.77,3.86,6.08,3.65,14.0,2.09,6.0,0.6,1031.0,1033.5,1037.57,1033.8,10.0,3.16,6.0,0.4,,,,,,,,,,,,,,,,,,,,,,,,,,,,,,,,,,,,,,,,,,,,,,,,,,,,,,,,,,,,,,,,,,,,,,,,,,,,,,,,,,,,,,,,,,,,,,,,,,,,,,,,,,,,,,,,,,,,,,,,
1911,2,-17.0,52.0,,,,,,,,,,,,,,,,,,,,,,,,,,,,,,,,,1.0,1.8,3.65,2.3,4.0,1.71,6.0,0.8,-3.11,-1.38,-0.07,-1.58,4.0,2.08,6.0,0.8,0.53,1.22,1.78,1.16,4.0,0.73,6.0,0.8,1035.95,1037.0,1037.52,1036.75,4.0,1.26,6.0,0.8,,,,,,,,,,,,,,,,,,,,,,,,,,,,,,,,,,,,,,,,,,,,,,,,,,,,,,,,,,,,,,,,,,,,,,,,,,,,,,,,,,,,,,,,,,,,,,,,,,,,,,,,,,,,,,,,,,,,,,,,
1911,2,-15.699999999999989,10.3,,,,,,,,,,,,,,,,,,,,,,,,,,,,,,,,,2.6,2.6,5.4,3.97,3.0,2.37,10.0,0.3,0.31,0.97,2.08,1.19,3.0,1.31,10.0,0.3,-5.34,-2.41,-0.77,-3.04,3.0,3.39,10.0,0.3,1004.14,1006.6,1009.06,1006.6,2.0,5.09,14.0,0.5,,,,,,,,,,,,,,,,,,,,,,,,,,,,,,,,,,,,,,,,,,,,,,,,,,,,,,,,,,,,,,,,,,,,,,,,,,,,,,,,,,,,,,,,,,,,,,,,,,,,,,,,,,,,,,,,,,,,,,,,
1911,2,-15.699999999999989,26.6,,,,,,,,,,,,,,,,,,,,,,,,,,,,,,,,,2.6,6.7,9.3,5.94,71.0,3.37,16.0,0.5,-6.02,-2.62,1.72,-2.14,71.0,3.33,16.0,0.5,-8.56,-4.27,0.0,-3.91,71.0,3.99,16.0,0.5,1019.95,1021.55,1024.55,1021.84,16.0,2.84,20.0,0.4,,,,,,,,,,,,,,,,,,,,,,,,,,,,,,,,,,,,,,,,,,,,,,,,,,,,,,,,,,,,,,,,,,,,,,,,,,,,,,,,,,,,,,,,,,,,,,,,,,,,,,,,,,,,,,,,,,,,,,,,
1911,2,-15.600000000000025,28.5,,,,,,,,,,,,,,,,,,,,,,,,,,,,,,,,,2.6,6.7,9.3,5.87,181.0,3.29,16.0,0.4,-6.08,-1.84,0.97,-2.02,181.0,3.57,16.0,0.4,-6.93,-3.25,0.0,-3.7,181.0,3.85,16.0,0.4,1019.48,1022.9,1026.2,1022.35,54.0,3.81,16.0,0.4,,,,,,,,,,,,,,,,,,,,,,,,,,,,,,,,,,,,,,,,,,,,,,,,,,,,,,,,,,,,,,,,,,,,,,,,,,,,,,,,,,,,,,,,,,,,,,,,,,,,,,,,,,,,,,,,,,,,,,,,
1911,2,-15.600000000000025,66.1,,,,,,,,,,,,,,,,,,,,,,,,,,,,,,,,,4.6,4.6,4.6,4.6,1.0,0.0,4.0,0.0,4.23,4.23,4.23,4.23,1.0,0.0,4.0,0.0,-1.8,-1.8,-1.8,-1.8,1.0,0.0,4.0,0.0,1021.0,1021.0,1021.0,1021.0,1.0,0.0,4.0,0.0,,,,,,,,,,,,,,,,,,,,,,,,,,,,,,,,,,,,,,,,,,,,,,,,,,,,,,,,,,,,,,,,,,,,,,,,,,,,,,,,,,,,,,,,,,,,,,,,,,,,,,,,,,,,,,,,,,,,,,,,
1911,2,-15.5,8.4,,,,,,,,,,,,,,,,,,,,,,,,,,,,,,,,,1.0,2.6,4.6,3.01,29.0,1.63,12.0,0.4,-0.71,1.0,2.52,0.89,29.0,2.14,12.0,0.4,-4.27,0.0,0.97,-0.94,29.0,2.39,12.0,0.4,1009.09,1011.2,1012.4,1010.75,17.0,1.74,14.0,0.3,,,,,,,,,,,,,,,,,,,,,,,,,,,,,,,,,,,,,,,,,,,,,,,,,,,,,,,,,,,,,,,,,,,,,,,,,,,,,,,,,,,,,,,,,,,,,,,,,,,,,,,,,,,,,,,,,,,,,,,,
1911,2,-15.5,34.4,,,,,,,,,,,,,,,,,,,,,,,,,,,,,,,,,1.0,2.6,5.07,3.7,50.0,3.07,20.0,0.5,-3.25,-0.71,1.17,-0.98,50.0,2.71,20.0,0.5,-4.27,-0.97,0.0,-1.7,50.0,3.47,20.0,0.5,1020.94,1026.95,1029.74,1025.8,28.0,4.41,22.0,0.4,,,,,,,,,,,,,,,,,,,,,,,,,,,,,,,,,,,,,,,,,,,,,,,,,,,,,,,,,,,,,,,,,,,,,,,,,,,,,,,,,,,,,,,,,,,,,,,,,,,,,,,,,,,,,,,,,,,,,,,,
1911,2,-15.399999999999975,6.5,,,,,,,,,,,,,,,,,,,,,,,,,,,,,,,,,0.0,2.6,4.6,2.44,20.0,1.93,14.0,0.5,-1.77,0.0,1.8,0.35,20.0,1.83,14.0,0.5,-2.41,0.0,2.38,-0.05,20.0,2.55,14.0,0.5,1009.46,1009.9,1011.51,1010.23,7.0,1.12,18.0,0.3,,,,,,,,,,,,,,,,,,,,,,,,,,,,,,,,,,,,,,,,,,,,,,,,,,,,,,,,,,,,,,,,,,,,,,,,,,,,,,,,,,,,,,,,,,,,,,,,,,,,,,,,,,,,,,,,,,,,,,,,
1911,2,-15.399999999999975,40.2,,,,,,,,,,,,,,,,,,,,,,,,,,,,,,,,,4.6,9.3,15.74,10.35,13.0,5.82,8.0,0.6,-14.44,-8.56,-4.17,-7.87,13.0,5.86,8.0,0.6,-7.27,-3.25,2.19,-2.46,13.0,6.49,8.0,0.6,1008.15,1010.6,1022.0,1014.51,7.0,6.81,6.0,0.7,,,,,,,,,,,,,,,,,,,,,,,,,,,,,,,,,,,,,,,,,,,,,,,,,,,,,,,,,,,,,,,,,,,,,,,,,,,,,,,,,,,,,,,,,,,,,,,,,,,,,,,,,,,,,,,,,,,,,,,,
1911,2,-15.399999999999975,42.3,,,,,,,,,,,,,,,,,,,,,,,,,,,,,,,,,1.0,4.6,12.3,6.57,31.0,5.54,12.0,0.5,-8.7,-1.84,1.11,-2.64,31.0,6.23,12.0,0.5,-1.84,1.84,5.86,1.28,31.0,5.25,12.0,0.5,1021.0,1023.0,1026.41,1022.96,11.0,5.38,12.0,0.4,,,,,,,,,,,,,,,,,,,,,,,,,,,,,,,,,,,,,,,,,,,,,,,,,,,,,,,,,,,,,,,,,,,,,,,,,,,,,,,,,,,,,,,,,,,,,,,,,,,,,,,,,,,,,,,,,,,,,,,,
1911,2,-15.399999999999975,48.5,,,,,,,,,,,,,,,,,,,,,,,,,,,,,,,,,4.6,9.3,15.4,9.98,131.0,4.64,14.0,0.5,-7.41,0.0,7.87,0.54,131.0,7.6,14.0,0.5,-1.12,4.74,11.4,4.9,131.0,6.3,14.0,0.5,1015.19,1022.35,1034.13,1022.47,40.0,8.53,14.0,0.6,,,,,,,,,,,,,,,,,,,,,,,,,,,,,,,,,,,,,,,,,,,,,,,,,,,,,,,,,,,,,,,,,,,,,,,,,,,,,,,,,,,,,,,,,,,,,,,,,,,,,,,,,,,,,,,,,,,,,,,,
1911,2,-15.399999999999975,56.6,,,,,,,,,,,,,,,,,,,,,,,,,,,,,,,,,6.7,9.3,28.3,16.08,5.0,11.79,14.0,0.6,4.25,6.7,22.94,12.02,5.0,10.75,14.0,0.6,-3.67,0.0,13.88,4.22,5.0,12.0,14.0,0.6,1033.0,1033.0,1033.0,1033.0,1.0,0.0,6.0,0.0,,,,,,,,,,,,,,,,,,,,,,,,,,,,,,,,,,,,,,,,,,,,,,,,,,,,,,,,,,,,,,,,,,,,,,,,,,,,,,,,,,,,,,,,,,,,,,,,,,,,,,,,,,,,,,,,,,,,,,,,
1911,2,-15.300000000000011,36.4,,,,,,,,,,,,,,,,,,,,,,,,,,,,,,,,,1.0,2.6,4.74,3.6,51.0,2.37,20.0,0.5,-3.28,-0.93,0.71,-1.42,51.0,2.4,20.0,0.5,-4.27,-1.84,0.77,-1.66,51.0,2.87,20.0,0.5,1022.87,1030.8,1031.8,1028.1,15.0,7.33,22.0,0.5,,,,,,,,,,,,,,,,,,,,,,,,,,,,,,,,,,,,,,,,,,,,,,,,,,,,,,,,,,,,,,,,,,,,,,,,,,,,,,,,,,,,,,,,,,,,,,,,,,,,,,,,,,,,,,,,,,,,,,,,
1911,2,-15.300000000000011,38.3,,,,,,,,,,,,,,,,,,,,,,,,,,,,,,,,,2.6,4.6,6.7,4.79,35.0,2.8,14.0,0.5,-5.63,0.0,1.82,-1.59,35.0,3.67,14.0,0.5,0.51,2.39,4.6,1.77,35.0,3.49,14.0,0.5,1021.52,1028.4,1029.94,1026.05,13.0,6.47,18.0,0.5,,,,,,,,,,,,,,,,,,,,,,,,,,,,,,,,,,,,,,,,,,,,,,,,,,,,,,,,,,,,,,,,,,,,,,,,,,,,,,,,,,,,,,,,,,,,,,,,,,,,,,,,,,,,,,,,,,,,,,,,
1911,2,-15.300000000000011,46.5,,,,,,,,,,,,,,,,,,,,,,,,,,,,,,,,,6.57,9.3,12.4,9.55,26.0,4.91,16.0,0.6,-4.81,0.92,8.72,2.01,26.0,6.17,16.0,0.6,-0.39,6.64,11.32,6.33,26.0,5.92,16.0,0.6,1024.38,1026.5,1029.0,1026.01,16.0,3.79,18.0,0.7,,,,,,,,,,,,,,,,,,,,,,,,,,,,,,,,,,,,,,,,,,,,,,,,,,,,,,,,,,,,,,,,,,,,,,,,,,,,,,,,,,,,,,,,,,,,,,,,,,,,,,,,,,,,,,,,,,,,,,,,
1911,2,-15.300000000000011,58.1,,,,,,,,,,,,,,,,,,,,,,,,,,,,,,,,,7.32,15.4,22.2,15.61,8.0,7.13,14.0,0.5,0.96,14.28,20.57,12.55,8.0,9.08,14.0,0.5,5.77,6.7,8.56,5.38,8.0,5.81,14.0,0.5,1031.32,1032.0,1032.68,1032.0,2.0,1.41,6.0,0.5,,,,,,,,,,,,,,,,,,,,,,,,,,,,,,,,,,,,,,,,,,,,,,,,,,,,,,,,,,,,,,,,,,,,,,,,,,,,,,,,,,,,,,,,,,,,,,,,,,,,,,,,,,,,,,,,,,,,,,,,
1911,2,-15.199999999999989,30.3,,,,,,,,,,,,,,,,,,,,,,,,,,,,,,,,,2.6,6.7,9.3,6.03,176.0,3.09,16.0,0.5,-6.21,-1.72,1.96,-1.68,176.0,4.06,16.0,0.5,-6.7,-3.48,0.0,-3.43,176.0,3.87,16.0,0.5,1018.08,1023.5,1027.51,1023.14,50.0,3.82,16.0,0.5,,,,,,,,,,,,,,,,,,,,,,,,,,,,,,,,,,,,,,,,,,,,,,,,,,,,,,,,,,,,,,,,,,,,,,,,,,,,,,,,,,,,,,,,,,,,,,,,,,,,,,,,,,,,,,,,,,,,,,,,
1911,2,-15.199999999999989,32.3,,,,,,,,,,,,,,,,,,,,,,,,,,,,,,,,,4.6,6.7,9.3,6.65,53.0,3.19,16.0,0.4,-6.21,-1.84,3.25,-1.68,53.0,4.51,16.0,0.4,-6.67,-3.48,0.0,-3.32,53.0,4.56,16.0,0.4,1016.27,1020.65,1025.47,1019.62,22.0,7.16,16.0,0.5,,,,,,,,,,,,,,,,,,,,,,,,,,,,,,,,,,,,,,,,,,,,,,,,,,,,,,,,,,,,,,,,,,,,,,,,,,,,,,,,,,,,,,,,,,,,,,,,,,,,,,,,,,,,,,,,,,,,,,,,
1911,2,-15.199999999999989,44.2,,,,,,,,,,,,,,,,,,,,,,,,,,,,,,,,,4.31,6.7,12.3,7.6,19.0,4.26,14.0,0.5,-11.33,-3.25,2.71,-2.9,19.0,6.95,14.0,0.5,-4.64,3.25,6.17,1.91,19.0,4.25,14.0,0.5,1021.0,1023.0,1028.81,1024.27,9.0,3.76,12.0,0.3,,,,,,,,,,,,,,,,,,,,,,,,,,,,,,,,,,,,,,,,,,,,,,,,,,,,,,,,,,,,,,,,,,,,,,,,,,,,,,,,,,,,,,,,,,,,,,,,,,,,,,,,,,,,,,,,,,,,,,,,
1911,2,-15.199999999999989,50.3,,,,,,,,,,,,,,,,,,,,,,,,,,,,,,,,,4.6,9.3,16.32,10.88,12.0,6.06,6.0,0.5,-9.35,-6.3,-2.88,-6.27,12.0,3.62,6.0,0.5,3.43,4.74,15.02,7.92,12.0,6.44,6.0,0.5,1024.55,1031.0,1036.89,1031.13,8.0,5.72,8.0,0.6,,,,,,,,,,,,,,,,,,,,,,,,,,,,,,,,,,,,,,,,,,,,,,,,,,,,,,,,,,,,,,,,,,,,,,,,,,,,,,,,,,,,,,,,,,,,,,,,,,,,,,,,,,,,,,,,,,,,,,,,
1911,2,-15.199999999999989,64.9,,,,,,,,,,,,,,,,,,,,,,,,,,,,,,,,,6.7,6.7,6.7,6.7,1.0,0.0,2.0,1.0,6.21,6.21,6.21,6.21,1.0,0.0,2.0,1.0,2.51,2.51,2.51,2.51,1.0,0.0,2.0,1.0,1015.2,1015.2,1015.2,1015.2,1.0,0.0,2.0,1.0,,,,,,,,,,,,,,,,,,,,,,,,,,,,,,,,,,,,,,,,,,,,,,,,,,,,,,,,,,,,,,,,,,,,,,,,,,,,,,,,,,,,,,,,,,,,,,,,,,,,,,,,,,,,,,,,,,,,,,,,
1911,2,-13.699999999999989,8.6,,,,,,,,,,,,,,,,,,,,,,,,,,,,,,,,,1.69,2.6,4.6,2.98,10.0,1.63,12.0,0.3,0.42,2.22,3.25,1.89,10.0,1.9,12.0,0.3,-3.25,-1.84,0.0,-1.58,10.0,1.46,12.0,0.3,1007.72,1008.2,1009.48,1008.62,5.0,1.4,18.0,0.6,,,,,,,,,,,,,,,,,,,,,,,,,,,,,,,,,,,,,,,,,,,,,,,,,,,,,,,,,,,,,,,,,,,,,,,,,,,,,,,,,,,,,,,,,,,,,,,,,,,,,,,,,,,,,,,,,,,,,,,,
1911,2,-13.600000000000025,6.5,,,,,,,,,,,,,,,,,,,,,,,,,,,,,,,,,1.0,2.6,4.6,2.56,25.0,1.76,12.0,0.6,-1.84,0.0,2.56,0.11,25.0,2.29,12.0,0.6,-2.72,0.0,0.76,-0.57,25.0,2.08,12.0,0.6,1010.09,1011.4,1012.61,1011.26,15.0,1.43,12.0,0.7,,,,,,,,,,,,,,,,,,,,,,,,,,,,,,,,,,,,,,,,,,,,,,,,,,,,,,,,,,,,,,,,,,,,,,,,,,,,,,,,,,,,,,,,,,,,,,,,,,,,,,,,,,,,,,,,,,,,,,,,
1911,2,-13.600000000000025,28.6,,,,,,,,,,,,,,,,,,,,,,,,,,,,,,,,,2.27,2.6,4.6,3.0,6.0,1.39,16.0,0.8,-3.25,-0.46,1.95,-0.53,6.0,2.56,16.0,0.8,-3.25,-1.43,0.07,-1.32,6.0,1.93,16.0,0.8,1015.0,1015.0,1015.0,1015.0,2.0,0.0,10.0,1.0,,,,,,,,,,,,,,,,,,,,,,,,,,,,,,,,,,,,,,,,,,,,,,,,,,,,,,,,,,,,,,,,,,,,,,,,,,,,,,,,,,,,,,,,,,,,,,,,,,,,,,,,,,,,,,,,,,,,,,,,
1911,2,-13.5,4.6,,,,,,,,,,,,,,,,,,,,,,,,,,,,,,,,,0.97,2.6,4.6,2.72,26.0,2.24,16.0,0.5,0.0,0.0,3.3,1.12,26.0,2.44,16.0,0.5,-0.77,0.0,2.6,0.38,26.0,2.31,16.0,0.5,1009.01,1009.9,1010.82,1011.06,7.0,4.55,20.0,0.6,,,,,,,,,,,,,,,,,,,,,,,,,,,,,,,,,,,,,,,,,,,,,,,,,,,,,,,,,,,,,,,,,,,,,,,,,,,,,,,,,,,,,,,,,,,,,,,,,,,,,,,,,,,,,,,,,,,,,,,,
1911,2,-13.5,30.5,,,,,,,,,,,,,,,,,,,,,,,,,,,,,,,,,2.47,4.6,6.7,4.78,32.0,3.31,14.0,0.6,-1.89,0.0,3.25,0.48,32.0,3.53,14.0,0.6,-6.7,-1.43,1.04,-2.27,32.0,4.06,14.0,0.6,1015.21,1019.4,1026.0,1020.68,19.0,5.09,12.0,0.5,,,,,,,,,,,,,,,,,,,,,,,,,,,,,,,,,,,,,,,,,,,,,,,,,,,,,,,,,,,,,,,,,,,,,,,,,,,,,,,,,,,,,,,,,,,,,,,,,,,,,,,,,,,,,,,,,,,,,,,,
1911,2,-13.5,32.4,,,,,,,,,,,,,,,,,,,,,,,,,,,,,,,,,2.6,4.6,9.3,5.74,161.0,3.25,16.0,0.5,-6.01,-1.84,1.84,-1.9,161.0,3.79,16.0,0.5,-6.7,-3.25,0.43,-3.19,161.0,3.93,16.0,0.5,1017.05,1024.65,1029.31,1022.59,48.0,6.6,18.0,0.5,,,,,,,,,,,,,,,,,,,,,,,,,,,,,,,,,,,,,,,,,,,,,,,,,,,,,,,,,,,,,,,,,,,,,,,,,,,,,,,,,,,,,,,,,,,,,,,,,,,,,,,,,,,,,,,,,,,,,,,,
1911,2,-13.5,52.0,,,,,,,,,,,,,,,,,,,,,,,,,,,,,,,,,22.6,22.6,22.6,22.6,3.0,0.0,10.0,0.3,0.0,0.0,0.0,0.0,3.0,0.0,10.0,0.3,22.6,22.6,22.6,22.6,3.0,0.0,10.0,0.3,1003.38,1012.5,1017.62,1011.17,6.0,7.52,10.0,0.5,,,,,,,,,,,,,,,,,,,,,,,,,,,,,,,,,,,,,,,,,,,,,,,,,,,,,,,,,,,,,,,,,,,,,,,,,,,,,,,,,,,,,,,,,,,,,,,,,,,,,,,,,,,,,,,,,,,,,,,,
1911,2,-13.399999999999975,34.4,,,,,,,,,,,,,,,,,,,,,,,,,,,,,,,,,2.6,4.6,6.7,5.09,180.0,3.2,16.0,0.5,-4.74,-1.72,1.84,-1.8,180.0,3.88,16.0,0.5,-6.21,-2.46,0.97,-2.45,180.0,3.45,16.0,0.5,1017.15,1024.3,1029.1,1022.4,47.0,7.69,18.0,0.4,,,,,,,,,,,,,,,,,,,,,,,,,,,,,,,,,,,,,,,,,,,,,,,,,,,,,,,,,,,,,,,,,,,,,,,,,,,,,,,,,,,,,,,,,,,,,,,,,,,,,,,,,,,,,,,,,,,,,,,,
1911,2,-13.399999999999975,48.5,,,,,,,,,,,,,,,,,,,,,,,,,,,,,,,,,6.7,9.3,12.3,9.8,143.0,4.15,14.0,0.5,-6.7,0.0,6.58,0.85,143.0,7.16,14.0,0.5,0.0,6.17,11.32,5.52,143.0,5.6,14.0,0.5,1016.09,1024.3,1032.16,1023.41,52.0,9.79,14.0,0.5,,,,,,,,,,,,,,,,,,,,,,,,,,,,,,,,,,,,,,,,,,,,,,,,,,,,,,,,,,,,,,,,,,,,,,,,,,,,,,,,,,,,,,,,,,,,,,,,,,,,,,,,,,,,,,,,,,,,,,,,
1911,2,-13.399999999999975,58.2,,,,,,,,,,,,,,,,,,,,,,,,,,,,,,,,,7.36,15.4,24.33,15.05,11.0,7.86,16.0,0.5,0.0,14.18,18.95,9.58,11.0,8.85,16.0,0.5,0.02,6.02,16.21,6.96,11.0,8.86,16.0,0.5,1030.32,1031.0,1031.68,1031.0,2.0,1.41,6.0,1.0,,,,,,,,,,,,,,,,,,,,,,,,,,,,,,,,,,,,,,,,,,,,,,,,,,,,,,,,,,,,,,,,,,,,,,,,,,,,,,,,,,,,,,,,,,,,,,,,,,,,,,,,,,,,,,,,,,,,,,,,
1911,2,-13.300000000000011,2.6,,,,,,,,,,,,,,,,,,,,,,,,,,,,,,,,,1.69,4.6,4.6,3.38,10.0,1.74,14.0,0.4,-1.82,0.0,0.0,-0.68,10.0,1.44,14.0,0.4,0.43,2.93,4.46,2.22,10.0,2.77,14.0,0.4,1008.8,1008.8,1008.8,1008.8,1.0,0.0,28.0,0.0,,,,,,,,,,,,,,,,,,,,,,,,,,,,,,,,,,,,,,,,,,,,,,,,,,,,,,,,,,,,,,,,,,,,,,,,,,,,,,,,,,,,,,,,,,,,,,,,,,,,,,,,,,,,,,,,,,,,,,,,
1911,2,-13.300000000000011,38.4,,,,,,,,,,,,,,,,,,,,,,,,,,,,,,,,,2.04,4.6,6.7,4.55,87.0,3.03,16.0,0.4,-4.36,0.0,2.48,-1.08,87.0,3.91,16.0,0.4,-3.25,0.0,4.23,0.36,87.0,3.68,16.0,0.4,1017.64,1029.1,1030.89,1025.65,36.0,6.12,16.0,0.4,,,,,,,,,,,,,,,,,,,,,,,,,,,,,,,,,,,,,,,,,,,,,,,,,,,,,,,,,,,,,,,,,,,,,,,,,,,,,,,,,,,,,,,,,,,,,,,,,,,,,,,,,,,,,,,,,,,,,,,,
1911,2,-13.300000000000011,40.4,,,,,,,,,,,,,,,,,,,,,,,,,,,,,,,,,2.6,4.6,6.7,4.77,61.0,2.25,14.0,0.5,-3.25,-0.92,4.43,0.02,61.0,4.54,14.0,0.5,0.0,1.84,4.23,1.87,61.0,2.02,14.0,0.5,1016.76,1020.4,1026.92,1021.48,35.0,4.37,12.0,0.5,,,,,,,,,,,,,,,,,,,,,,,,,,,,,,,,,,,,,,,,,,,,,,,,,,,,,,,,,,,,,,,,,,,,,,,,,,,,,,,,,,,,,,,,,,,,,,,,,,,,,,,,,,,,,,,,,,,,,,,,
1911,2,-13.300000000000011,42.3,,,,,,,,,,,,,,,,,,,,,,,,,,,,,,,,,2.6,4.6,9.3,6.14,43.0,3.49,14.0,0.5,-9.3,1.84,4.24,-1.45,43.0,6.04,14.0,0.5,0.0,1.8,3.25,1.4,43.0,3.19,14.0,0.5,1019.96,1023.0,1024.76,1022.33,25.0,3.1,12.0,0.6,,,,,,,,,,,,,,,,,,,,,,,,,,,,,,,,,,,,,,,,,,,,,,,,,,,,,,,,,,,,,,,,,,,,,,,,,,,,,,,,,,,,,,,,,,,,,,,,,,,,,,,,,,,,,,,,,,,,,,,,
1911,2,-13.300000000000011,44.3,,,,,,,,,,,,,,,,,,,,,,,,,,,,,,,,,2.6,6.7,9.3,6.16,36.0,3.55,16.0,0.6,-7.46,-2.55,2.9,-1.52,36.0,5.76,16.0,0.6,0.0,3.25,5.41,2.45,36.0,3.15,16.0,0.6,1022.07,1025.85,1032.0,1026.62,16.0,4.31,16.0,0.6,,,,,,,,,,,,,,,,,,,,,,,,,,,,,,,,,,,,,,,,,,,,,,,,,,,,,,,,,,,,,,,,,,,,,,,,,,,,,,,,,,,,,,,,,,,,,,,,,,,,,,,,,,,,,,,,,,,,,,,,
1911,2,-13.300000000000011,46.4,,,,,,,,,,,,,,,,,,,,,,,,,,,,,,,,,6.4,9.3,12.3,8.99,19.0,3.44,18.0,0.5,0.0,4.74,7.34,4.25,19.0,4.87,18.0,0.5,2.79,6.58,8.78,5.79,19.0,4.36,18.0,0.5,1025.0,1028.5,1029.57,1026.74,10.0,4.25,18.0,0.5,,,,,,,,,,,,,,,,,,,,,,,,,,,,,,,,,,,,,,,,,,,,,,,,,,,,,,,,,,,,,,,,,,,,,,,,,,,,,,,,,,,,,,,,,,,,,,,,,,,,,,,,,,,,,,,,,,,,,,,,
1911,2,-13.199999999999989,36.4,,,,,,,,,,,,,,,,,,,,,,,,,,,,,,,,,1.0,4.6,6.7,4.4,144.0,2.68,16.0,0.5,-4.74,-1.02,1.72,-1.6,144.0,3.12,16.0,0.5,-5.17,-1.84,1.0,-1.85,144.0,3.3,16.0,0.5,1017.95,1025.3,1030.55,1023.53,42.0,7.53,18.0,0.6,,,,,,,,,,,,,,,,,,,,,,,,,,,,,,,,,,,,,,,,,,,,,,,,,,,,,,,,,,,,,,,,,,,,,,,,,,,,,,,,,,,,,,,,,,,,,,,,,,,,,,,,,,,,,,,,,,,,,,,,
1911,2,-13.199999999999989,50.1,,,,,,,,,,,,,,,,,,,,,,,,,,,,,,,,,5.6,9.5,17.7,11.55,4.0,8.05,6.0,0.0,-9.63,-4.98,6.82,-1.57,4.0,12.28,6.0,0.0,-8.37,0.0,1.7,-3.18,4.0,8.67,6.0,0.0,1009.0,1009.0,1009.0,1009.0,1.0,0.0,10.0,0.0,,,,,,,,,,,,,,,,,,,,,,,,,,,,,,,,,,,,,,,,,,,,,,,,,,,,,,,,,,,,,,,,,,,,,,,,,,,,,,,,,,,,,,,,,,,,,,,,,,,,,,,,,,,,,,,,,,,,,,,,
1911,2,-11.600000000000025,6.3,,,,,,,,,,,,,,,,,,,,,,,,,,,,,,,,,1.0,1.0,4.6,2.5,23.0,2.3,12.0,0.5,-0.82,0.71,2.61,0.5,23.0,2.22,12.0,0.5,-0.55,0.71,2.93,0.81,23.0,2.43,12.0,0.5,1008.03,1009.6,1011.47,1009.7,11.0,1.82,16.0,0.4,,,,,,,,,,,,,,,,,,,,,,,,,,,,,,,,,,,,,,,,,,,,,,,,,,,,,,,,,,,,,,,,,,,,,,,,,,,,,,,,,,,,,,,,,,,,,,,,,,,,,,,,,,,,,,,,,,,,,,,,
1911,2,-11.600000000000025,34.4,,,,,,,,,,,,,,,,,,,,,,,,,,,,,,,,,2.6,4.6,6.7,5.14,58.0,2.57,18.0,0.6,-3.25,-0.49,1.02,-1.01,58.0,2.93,18.0,0.6,-6.21,-3.25,3.21,-1.99,58.0,4.46,18.0,0.6,1015.36,1022.75,1027.92,1020.94,32.0,6.36,18.0,0.5,,,,,,,,,,,,,,,,,,,,,,,,,,,,,,,,,,,,,,,,,,,,,,,,,,,,,,,,,,,,,,,,,,,,,,,,,,,,,,,,,,,,,,,,,,,,,,,,,,,,,,,,,,,,,,,,,,,,,,,,
1911,2,-11.5,32.4,,,,,,,,,,,,,,,,,,,,,,,,,,,,,,,,,1.0,2.6,12.3,5.2,7.0,5.0,14.0,0.7,-0.09,0.71,4.61,1.76,7.0,2.67,14.0,0.7,-1.87,-1.0,11.4,2.13,7.0,6.36,14.0,0.7,1018.53,1019.7,1021.0,1019.67,6.0,1.25,16.0,0.8,,,,,,,,,,,,,,,,,,,,,,,,,,,,,,,,,,,,,,,,,,,,,,,,,,,,,,,,,,,,,,,,,,,,,,,,,,,,,,,,,,,,,,,,,,,,,,,,,,,,,,,,,,,,,,,,,,,,,,,,
1911,2,-11.5,38.4,,,,,,,,,,,,,,,,,,,,,,,,,,,,,,,,,2.6,4.6,6.7,4.34,179.0,2.7,14.0,0.5,-4.74,-1.72,2.39,-1.51,179.0,3.68,14.0,0.5,-4.23,0.0,2.61,-0.35,179.0,3.2,14.0,0.5,1020.02,1026.7,1029.48,1024.87,77.0,5.75,16.0,0.4,,,,,,,,,,,,,,,,,,,,,,,,,,,,,,,,,,,,,,,,,,,,,,,,,,,,,,,,,,,,,,,,,,,,,,,,,,,,,,,,,,,,,,,,,,,,,,,,,,,,,,,,,,,,,,,,,,,,,,,,
1911,2,-11.399999999999975,2.4,,,,,,,,,,,,,,,,,,,,,,,,,,,,,,,,,1.0,4.6,6.7,4.42,20.0,2.77,14.0,0.6,0.0,0.0,2.5,0.94,20.0,2.04,14.0,0.6,0.02,4.6,6.7,3.95,20.0,2.6,14.0,0.6,1008.8,1011.4,1011.42,1010.46,7.0,1.37,10.0,0.4,,,,,,,,,,,,,,,,,,,,,,,,,,,,,,,,,,,,,,,,,,,,,,,,,,,,,,,,,,,,,,,,,,,,,,,,,,,,,,,,,,,,,,,,,,,,,,,,,,,,,,,,,,,,,,,,,,,,,,,,
1911,2,-11.399999999999975,4.6,,,,,,,,,,,,,,,,,,,,,,,,,,,,,,,,,1.0,2.6,5.57,3.55,17.0,2.71,14.0,0.4,-1.39,0.0,3.43,0.74,17.0,2.15,14.0,0.4,-1.37,0.0,5.57,1.57,17.0,3.59,14.0,0.4,1010.83,1011.4,1013.02,1011.79,9.0,2.06,16.0,0.4,,,,,,,,,,,,,,,,,,,,,,,,,,,,,,,,,,,,,,,,,,,,,,,,,,,,,,,,,,,,,,,,,,,,,,,,,,,,,,,,,,,,,,,,,,,,,,,,,,,,,,,,,,,,,,,,,,,,,,,,
1911,2,-11.399999999999975,30.3,,,,,,,,,,,,,,,,,,,,,,,,,,,,,,,,,2.6,6.7,9.3,5.88,10.0,3.06,16.0,0.2,-5.79,-4.0,0.62,-2.31,10.0,4.62,16.0,0.2,-5.79,-4.0,1.84,-2.33,10.0,3.8,16.0,0.2,1011.44,1012.4,1012.4,1011.93,3.0,0.81,8.0,0.0,,,,,,,,,,,,,,,,,,,,,,,,,,,,,,,,,,,,,,,,,,,,,,,,,,,,,,,,,,,,,,,,,,,,,,,,,,,,,,,,,,,,,,,,,,,,,,,,,,,,,,,,,,,,,,,,,,,,,,,,
1911,2,-11.399999999999975,44.5,,,,,,,,,,,,,,,,,,,,,,,,,,,,,,,,,6.7,9.3,15.4,9.89,42.0,4.08,16.0,0.4,-12.82,4.74,8.7,1.76,42.0,9.1,16.0,0.4,-3.05,2.88,8.63,2.44,42.0,4.99,16.0,0.4,1020.6,1023.8,1028.4,1024.04,30.0,4.74,16.0,0.5,,,,,,,,,,,,,,,,,,,,,,,,,,,,,,,,,,,,,,,,,,,,,,,,,,,,,,,,,,,,,,,,,,,,,,,,,,,,,,,,,,,,,,,,,,,,,,,,,,,,,,,,,,,,,,,,,,,,,,,,
1911,2,-11.399999999999975,48.5,,,,,,,,,,,,,,,,,,,,,,,,,,,,,,,,,4.6,9.3,12.3,9.19,153.0,4.43,14.0,0.5,-6.7,0.37,8.7,1.41,153.0,7.82,14.0,0.5,0.0,4.6,8.7,4.17,153.0,4.89,14.0,0.5,1015.0,1026.9,1035.01,1024.84,54.0,9.85,14.0,0.4,,,,,,,,,,,,,,,,,,,,,,,,,,,,,,,,,,,,,,,,,,,,,,,,,,,,,,,,,,,,,,,,,,,,,,,,,,,,,,,,,,,,,,,,,,,,,,,,,,,,,,,,,,,,,,,,,,,,,,,,
1911,2,-11.399999999999975,58.2,,,,,,,,,,,,,,,,,,,,,,,,,,,,,,,,,9.75,12.3,19.0,13.75,13.0,5.39,16.0,0.4,3.33,9.8,14.49,9.64,13.0,6.52,16.0,0.4,-0.58,8.62,13.44,5.42,13.0,7.67,16.0,0.4,1030.16,1030.5,1030.84,1030.5,2.0,0.71,6.0,0.0,,,,,,,,,,,,,,,,,,,,,,,,,,,,,,,,,,,,,,,,,,,,,,,,,,,,,,,,,,,,,,,,,,,,,,,,,,,,,,,,,,,,,,,,,,,,,,,,,,,,,,,,,,,,,,,,,,,,,,,,
1911,2,-11.300000000000011,36.4,,,,,,,,,,,,,,,,,,,,,,,,,,,,,,,,,2.6,4.6,6.7,4.55,134.0,2.66,14.0,0.5,-4.6,-1.76,0.0,-1.74,134.0,2.99,14.0,0.5,-4.6,-1.84,1.84,-1.48,134.0,3.71,14.0,0.5,1016.03,1023.5,1029.9,1023.37,38.0,6.51,16.0,0.6,,,,,,,,,,,,,,,,,,,,,,,,,,,,,,,,,,,,,,,,,,,,,,,,,,,,,,,,,,,,,,,,,,,,,,,,,,,,,,,,,,,,,,,,,,,,,,,,,,,,,,,,,,,,,,,,,,,,,,,,
1911,2,-11.300000000000011,40.4,,,,,,,,,,,,,,,,,,,,,,,,,,,,,,,,,1.0,4.6,6.7,4.17,181.0,2.81,16.0,0.5,-4.6,0.0,2.61,-0.78,181.0,3.96,16.0,0.5,-1.84,0.0,3.89,0.64,181.0,2.96,16.0,0.5,1020.39,1026.0,1029.31,1025.12,67.0,5.71,20.0,0.6,,,,,,,,,,,,,,,,,,,,,,,,,,,,,,,,,,,,,,,,,,,,,,,,,,,,,,,,,,,,,,,,,,,,,,,,,,,,,,,,,,,,,,,,,,,,,,,,,,,,,,,,,,,,,,,,,,,,,,,,
1911,2,-11.300000000000011,46.2,,,,,,,,,,,,,,,,,,,,,,,,,,,,,,,,,4.6,6.7,12.3,9.44,35.0,5.73,16.0,0.5,-5.04,3.48,11.4,3.55,35.0,8.99,16.0,0.5,-3.25,3.25,6.65,1.93,35.0,5.18,16.0,0.5,1016.3,1021.0,1033.95,1023.48,17.0,7.58,16.0,0.4,,,,,,,,,,,,,,,,,,,,,,,,,,,,,,,,,,,,,,,,,,,,,,,,,,,,,,,,,,,,,,,,,,,,,,,,,,,,,,,,,,,,,,,,,,,,,,,,,,,,,,,,,,,,,,,,,,,,,,,,
1911,2,-11.199999999999989,42.3,,,,,,,,,,,,,,,,,,,,,,,,,,,,,,,,,2.6,4.6,9.3,5.98,65.0,4.21,18.0,0.5,-6.62,1.0,6.21,0.17,65.0,6.25,18.0,0.5,-3.25,0.0,4.27,0.66,65.0,3.82,18.0,0.5,1021.0,1028.0,1031.64,1026.96,26.0,4.85,22.0,0.4,,,,,,,,,,,,,,,,,,,,,,,,,,,,,,,,,,,,,,,,,,,,,,,,,,,,,,,,,,,,,,,,,,,,,,,,,,,,,,,,,,,,,,,,,,,,,,,,,,,,,,,,,,,,,,,,,,,,,,,,
1911,2,-11.199999999999989,50.2,,,,,,,,,,,,,,,,,,,,,,,,,,,,,,,,,4.6,9.3,12.3,8.46,23.0,3.41,12.0,0.7,-0.91,3.48,8.7,3.79,23.0,5.28,12.0,0.7,-5.26,4.81,8.62,3.11,23.0,5.78,12.0,0.7,1015.0,1018.6,1023.0,1018.31,16.0,5.19,12.0,0.4,,,,,,,,,,,,,,,,,,,,,,,,,,,,,,,,,,,,,,,,,,,,,,,,,,,,,,,,,,,,,,,,,,,,,,,,,,,,,,,,,,,,,,,,,,,,,,,,,,,,,,,,,,,,,,,,,,,,,,,,
1911,2,-9.800000000000011,38.4,,,,,,,,,,,,,,,,,,,,,,,,,,,,,,,,,,,,,,,,,,,,,,,,,,,,,,,,,,,,,,,,,,,,,,,,,,,,,,,,,,,,,,,,,,,,,,,,,,,,,,,,,,,,,,,,,,,,,,,,,,,,,,,,,,,,,,,,,,,,,,,,,,,,,,,,,0.0,0.0,0.0,0.0,3.0,0.0,14.0,0.0,-17.5,-5.1,-3.9,-10.6,3.0,11.0,14.0,0.0,1.0,97.5,804.5,363.5,311.0,737.0,14.0,0.4,0.0,95.0,805.0,365.0,311.0,735.0,14.0,0.4
1911,2,-9.800000000000011,40.5,,,,,,,,,,,,,,,,,,,,,,,,,,,,,,,,,,,,,,,,,,,,,,,,,,,,,,,,,,,,,,,,,,,,,,,,,,,,,,,,,,,,,,,,,,,,,,,,,,,,,,,,,,,,,,,,,,,,,,,,,,,,,,,,,,,,,,,,,,,,,,,,,,,,,,,,,0.0,0.0,0.0,0.0,2.0,0.0,14.0,0.5,-9.4,-7.6,-5.7,-7.6,2.0,3.8,14.0,0.5,1.0,17.5,301.0,263.0,365.0,664.5,14.0,0.4,0.0,20.0,300.0,265.0,365.0,665.0,14.0,0.4
1911,2,-9.699999999999989,2.5,,,,,,,,,,,,,,,,,,,,,,,,,,,,,,,,,0.02,3.6,6.67,3.34,20.0,2.43,16.0,0.5,-1.84,0.0,2.62,0.29,20.0,2.67,16.0,0.5,-0.7,0.2,4.74,1.44,20.0,2.87,16.0,0.5,1010.52,1011.2,1011.88,1011.2,2.0,1.41,22.0,0.0,,,,,,,,,,,,,,,,,,,,,,,,,,,,,,,,,,,,,,,,,,,,,,,,,,,,,,,,,,,,,,,,,,,,,,,,,,,,,,,,,,,,,,,,,,,,,,,,,,,,,,,,,,,,,,,,,,,,,,,,
1911,2,-9.699999999999989,30.8,,,,,,,,,,,,,,,,,,,,,,,,,,,,,,,,,1.0,1.0,1.0,1.0,1.0,0.0,8.0,1.0,1.0,1.0,1.0,1.0,1.0,0.0,8.0,1.0,0.0,0.0,0.0,0.0,1.0,0.0,8.0,1.0,1013.8,1013.8,1013.8,1013.8,1.0,0.0,8.0,1.0,,,,,,,,,,,,,,,,,,,,,,,,,,,,,,,,,,,,,,,,,,,,,,,,,,,,,,,,,,,,,,,,,,,,,,,,,,,,,,,,,,,,,,,,,,,,,,,,,,,,,,,,,,,,,,,,,,,,,,,,
1911,2,-9.699999999999989,38.5,12.5,13.2,14.0,13.31,316.0,0.82,14.0,0.4,11.03,13.0,14.2,12.76,299.0,1.69,14.0,0.4,6.62,8.24,8.76,7.7,3.0,1.63,14.0,0.0,67.6,82.9,86.5,77.2,3.0,14.7,14.0,0.0,1.0,4.6,9.3,4.93,311.0,3.65,14.0,0.4,-6.2,-1.72,0.0,-2.25,311.0,3.69,14.0,0.4,-4.31,-0.93,2.6,-0.84,311.0,4.27,14.0,0.4,1018.98,1024.2,1030.62,1024.2,107.0,6.24,14.0,0.5,0.0,2.0,7.0,3.1,214.0,3.0,14.0,0.5,-41.6,-4.8,0.0,-19.3,311.0,38.0,14.0,0.4,-21.2,-0.9,8.3,-2.9,311.0,47.8,14.0,0.4,-0.71,0.5,1.8,0.51,290.0,1.4,14.0,0.4,-2.7,1.0,10.1,3.5,275.0,9.7,14.0,0.4,0.85,1.1,2.72,1.77,3.0,1.49,14.0,0.0,3.9,5.1,17.5,10.6,3.0,11.0,14.0,0.0,-75.1,-19.1,0.0,-26.8,284.0,44.3,14.0,0.4,-60.2,-9.9,31.8,-11.7,284.0,57.2,14.0,0.4,0.0,0.0,0.0,0.0,3.0,0.0,14.0,0.0,-40.7,-39.3,-38.4,-39.5,3.0,1.8,14.0,0.0,,,,,,,,,,,,,,,,,,,,,,,,,,,,,,,,
1911,2,-9.699999999999989,42.5,,,,,,,,,,,,,,,,,,,,,,,,,,,,,,,,,,,,,,,,,,,,,,,,,,,,,,,,,,,,,,,,,,,,,,,,,,,,,,,,,,,,,,,,,,,,,,,,,,,,,,,,,,,,,,,,,,,,,,,,,,,,,,,,,,,,,,,,,,,,,,,,,,,,,,,,,-8.6,-6.5,-6.1,-7.4,3.0,2.0,14.0,0.3,-13.8,-8.1,-4.2,-9.0,3.0,7.1,14.0,0.3,1.0,97.5,804.5,625.5,586.0,1379.5,14.0,0.4,0.0,95.0,805.0,625.0,586.0,1380.0,14.0,0.4
1911,2,-9.600000000000025,0.4,,,,,,,,,,,,,,,,,,,,,,,,,,,,,,,,,2.29,4.6,6.7,3.81,25.0,2.15,12.0,0.5,-1.94,0.0,1.84,0.01,25.0,2.06,12.0,0.5,0.0,3.25,5.02,2.89,25.0,2.6,12.0,0.5,1008.15,1010.0,1010.76,1009.64,7.0,1.58,8.0,0.7,,,,,,,,,,,,,,,,,,,,,,,,,,,,,,,,,,,,,,,,,,,,,,,,,,,,,,,,,,,,,,,,,,,,,,,,,,,,,,,,,,,,,,,,,,,,,,,,,,,,,,,,,,,,,,,,,,,,,,,,
1911,2,-9.600000000000025,40.4,12.1,13.0,13.6,12.9,350.0,0.81,14.0,0.4,11.0,12.5,14.0,12.44,349.0,1.57,14.0,0.4,7.14,7.15,7.15,7.15,2.0,0.0,14.0,0.5,76.7,76.7,76.7,76.7,2.0,0.0,14.0,0.5,1.0,2.6,6.7,4.1,365.0,3.38,14.0,0.4,-4.6,-0.71,0.97,-1.62,365.0,3.92,14.0,0.4,-2.6,0.0,3.25,0.14,365.0,3.2,14.0,0.4,1018.09,1026.75,1031.01,1025.03,114.0,6.44,14.0,0.4,0.0,3.0,8.0,3.6,211.0,3.0,14.0,0.4,-21.2,-0.7,1.0,-14.7,365.0,43.6,14.0,0.4,-6.8,0.0,15.0,3.8,365.0,28.8,14.0,0.4,-0.8,0.4,1.7,0.45,330.0,1.32,14.0,0.4,-2.1,0.8,7.2,3.1,325.0,9.3,14.0,0.4,1.59,1.71,1.83,1.71,2.0,0.25,14.0,0.5,5.7,7.6,9.4,7.6,2.0,3.8,14.0,0.5,-56.6,-11.2,11.9,-18.5,344.0,46.5,14.0,0.4,-36.7,0.0,36.5,0.7,344.0,38.8,14.0,0.4,0.0,0.0,0.0,0.0,2.0,0.0,14.0,0.5,-43.2,-33.2,-23.2,-33.2,2.0,20.7,14.0,0.5,,,,,,,,,,,,,,,,,,,,,,,,,,,,,,,,
1911,2,-9.600000000000025,42.4,11.4,12.0,12.8,12.09,575.0,0.76,14.0,0.4,10.0,11.7,13.0,11.62,560.0,1.47,14.0,0.4,6.87,7.13,7.14,7.01,3.0,0.22,14.0,0.3,76.7,76.7,79.5,78.1,3.0,2.3,14.0,0.3,1.0,4.6,9.3,5.98,586.0,4.33,14.0,0.4,-6.7,-0.93,3.48,-1.71,586.0,5.68,14.0,0.4,-3.48,0.0,4.6,0.36,586.0,4.39,14.0,0.4,1020.86,1025.9,1031.24,1025.9,175.0,5.72,14.0,0.4,,,,,,,,,,,,,,,,,,,,,,,,,-0.7,0.4,1.7,0.47,544.0,1.21,14.0,0.4,-2.9,0.9,11.1,3.4,537.0,9.8,14.0,0.4,1.3,1.88,1.88,1.59,3.0,0.49,14.0,0.3,8.7,12.6,15.9,12.3,3.0,5.3,14.0,0.3,-75.6,-10.1,46.1,-15.7,553.0,64.6,14.0,0.4,-41.5,0.0,52.9,6.0,553.0,52.8,14.0,0.4,-40.6,-36.6,-27.1,-33.9,3.0,10.2,14.0,0.3,-52.3,-30.7,-20.3,-36.2,3.0,23.9,14.0,0.3,,,,,,,,,,,,,,,,,,,,,,,,,,,,,,,,
1911,2,-9.5,34.6,,,,,,,,,,,,,,,,,,,,,,,,,,,,,,,,,1.43,2.6,4.6,3.13,9.0,1.52,20.0,0.3,0.0,0.0,1.53,0.31,9.0,1.08,20.0,0.3,-3.82,-2.6,3.09,-1.02,9.0,3.31,20.0,0.3,1022.9,1025.0,1025.0,1024.0,5.0,1.73,26.0,0.6,,,,,,,,,,,,,,,,,,,,,,,,,,,,,,,,,,,,,,,,,,,,,,,,,,,,,,,,,,,,,,,,,,,,,,,,,,,,,,,,,,,,,,,,,,,,,,,,,,,,,,,,,,,,,,,,,,,,,,,,
1911,2,-9.5,36.5,13.8,14.5,15.2,14.5,257.0,0.77,14.0,0.5,12.6,14.0,15.5,13.95,239.0,1.63,14.0,0.4,9.01,9.03,9.06,9.03,2.0,0.04,14.0,1.0,78.6,80.3,82.1,80.3,2.0,3.6,14.0,1.0,1.0,4.6,9.3,4.83,259.0,3.72,14.0,0.5,-4.74,-0.71,0.98,-1.8,259.0,3.85,14.0,0.5,-4.6,-0.97,1.84,-1.15,259.0,4.24,14.0,0.5,1017.0,1020.5,1029.08,1021.86,97.0,6.08,14.0,0.4,0.0,2.0,6.0,2.7,158.0,2.7,14.0,0.4,-33.8,-0.7,2.5,-16.4,259.0,44.0,14.0,0.5,-21.2,-1.0,8.3,-6.3,259.0,44.7,14.0,0.5,-0.62,0.6,1.7,0.51,233.0,1.36,14.0,0.4,-2.7,1.4,8.6,3.2,228.0,9.1,14.0,0.4,1.07,1.23,1.39,1.23,2.0,0.32,14.0,1.0,3.3,4.7,6.1,4.7,2.0,2.9,14.0,1.0,-64.6,-8.8,19.9,-23.0,233.0,50.2,14.0,0.4,-62.4,-12.0,27.0,-15.2,233.0,58.7,14.0,0.4,-32.7,-19.5,-6.2,-19.5,2.0,27.5,14.0,1.0,-22.1,-18.9,-15.7,-18.9,2.0,6.6,14.0,1.0,,,,,,,,,,,,,,,,,,,,,,,,,,,,,,,,
1911,2,-9.5,42.4,,,,,,,,,,,,,,,,,,,,,,,,,,,,,,,,,,,,,,,,,,,,,,,,,,,,,,,,,,,,,,,,,0.0,3.0,8.0,3.7,337.0,3.0,14.0,0.4,-61.2,-0.9,19.5,-20.2,586.0,73.8,14.0,0.4,-21.2,0.0,31.7,2.5,586.0,51.5,14.0,0.4,,,,,,,,,,,,,,,,,,,,,,,,,,,,,,,,,,,,,,,,,,,,,,,,,,,,,,,,,,,,,,,,,,,,,,,,,,,,,,,,,,,,,,,,,,,,,,,,
1911,2,-9.399999999999975,-1.5,,,,,,,,,,,,,,,,,,,,,,,,,,,,,,,,,4.6,4.6,6.7,5.34,18.0,1.66,12.0,0.5,-2.73,-1.72,0.0,-1.45,18.0,1.92,12.0,0.5,3.25,4.43,6.21,4.79,18.0,1.66,12.0,0.5,1009.56,1009.7,1010.79,1010.17,3.0,0.99,8.0,0.3,,,,,,,,,,,,,,,,,,,,,,,,,,,,,,,,,,,,,,,,,,,,,,,,,,,,,,,,,,,,,,,,,,,,,,,,,,,,,,,,,,,,,,,,,,,,,,,,,,,,,,,,,,,,,,,,,,,,,,,,
1911,2,-9.399999999999975,4.4,,,,,,,,,,,,,,,,,,,,,,,,,,,,,,,,,1.0,2.6,4.6,2.98,30.0,1.8,12.0,0.5,0.0,0.95,3.25,1.26,30.0,2.34,12.0,0.5,-1.81,0.71,3.25,0.9,30.0,2.12,12.0,0.5,1009.59,1010.4,1011.16,1010.48,15.0,1.42,16.0,0.5,,,,,,,,,,,,,,,,,,,,,,,,,,,,,,,,,,,,,,,,,,,,,,,,,,,,,,,,,,,,,,,,,,,,,,,,,,,,,,,,,,,,,,,,,,,,,,,,,,,,,,,,,,,,,,,,,,,,,,,,
1911,2,-9.399999999999975,36.5,,,,,,,,,,,,,,,,,,,,,,,,,,,,,,,,,,,,,,,,,,,,,,,,,,,,,,,,,,,,,,,,,,,,,,,,,,,,,,,,,,,,,,,,,,,,,,,,,,,,,,,,,,,,,,,,,,,,,,,,,,,,,,,,,,,,,,,,,,,,,,,,,,,,,,,,,-5.3,-3.2,-1.0,-3.2,2.0,4.5,14.0,1.0,-2.6,-2.5,-2.3,-2.5,2.0,0.2,14.0,1.0,1.0,97.5,804.5,366.0,259.0,785.0,14.0,0.5,0.0,95.0,805.0,365.0,259.0,785.0,14.0,0.5
1911,2,-9.399999999999975,46.4,,,,,,,,,,,,,,,,,,,,,,,,,,,,,,,,,4.6,9.3,15.4,10.93,52.0,5.9,18.0,0.6,-3.25,4.27,14.28,4.99,52.0,9.4,18.0,0.6,-4.81,2.15,8.41,2.31,52.0,6.12,18.0,0.6,1017.57,1025.6,1031.9,1024.87,21.0,7.23,16.0,0.5,,,,,,,,,,,,,,,,,,,,,,,,,,,,,,,,,,,,,,,,,,,,,,,,,,,,,,,,,,,,,,,,,,,,,,,,,,,,,,,,,,,,,,,,,,,,,,,,,,,,,,,,,,,,,,,,,,,,,,,,
1911,2,-9.399999999999975,48.6,,,,,,,,,,,,,,,,,,,,,,,,,,,,,,,,,4.6,9.3,12.3,9.45,144.0,4.6,14.0,0.6,-6.7,3.63,10.89,2.23,144.0,8.68,14.0,0.6,0.0,3.48,6.99,3.17,144.0,4.55,14.0,0.6,1020.14,1030.6,1037.5,1028.64,45.0,9.21,12.0,0.5,,,,,,,,,,,,,,,,,,,,,,,,,,,,,,,,,,,,,,,,,,,,,,,,,,,,,,,,,,,,,,,,,,,,,,,,,,,,,,,,,,,,,,,,,,,,,,,,,,,,,,,,,,,,,,,,,,,,,,,,
1911,2,-9.399999999999975,50.3,,,,,,,,,,,,,,,,,,,,,,,,,,,,,,,,,1.0,3.6,4.6,3.38,12.0,1.84,10.0,0.6,-4.27,1.32,1.98,0.02,12.0,2.72,10.0,0.6,-1.75,-0.16,2.46,0.21,12.0,2.89,10.0,0.6,1022.11,1023.0,1024.0,1021.39,8.0,5.84,12.0,0.5,,,,,,,,,,,,,,,,,,,,,,,,,,,,,,,,,,,,,,,,,,,,,,,,,,,,,,,,,,,,,,,,,,,,,,,,,,,,,,,,,,,,,,,,,,,,,,,,,,,,,,,,,,,,,,,,,,,,,,,,
1911,2,-9.199999999999989,44.2,,,,,,,,,,,,,,,,,,,,,,,,,,,,,,,,,,,,,,,,,,,,,,,,,,,,,,,,,,,,,,,,,2.0,4.0,8.0,4.4,214.0,2.6,14.0,0.5,-151.3,-15.0,61.2,-42.9,373.0,125.4,14.0,0.5,-14.7,1.0,61.2,20.8,373.0,58.7,14.0,0.5,,,,,,,,,,,,,,,,,,,,,,,,,,,,,,,,,,,,,,,,,,,,,,,,,,,,,,,,,,,,,,,,,,,,,,,,,,,,,,,,,,,,,,,,,,,,,,,,
1911,2,-9.199999999999989,44.3,10.6,11.4,12.1,11.39,367.0,0.79,14.0,0.5,9.0,10.5,12.53,10.66,371.0,1.59,14.0,0.5,6.92,6.92,6.92,6.92,1.0,0.0,16.0,0.0,92.9,92.9,92.9,92.9,1.0,0.0,16.0,0.0,4.6,9.3,15.4,8.88,373.0,4.94,14.0,0.5,-11.4,-3.25,6.58,-2.86,373.0,8.56,14.0,0.5,-2.51,0.97,6.21,1.73,373.0,4.37,14.0,0.5,1020.21,1026.35,1032.89,1026.13,102.0,6.23,14.0,0.5,,,,,,,,,,,,,,,,,,,,,,,,,-0.75,0.8,2.0,0.7,357.0,1.26,14.0,0.5,-5.6,3.8,21.3,7.3,350.0,14.7,14.0,0.5,0.84,0.84,0.84,0.84,1.0,0.0,16.0,0.0,5.6,5.6,5.6,5.6,1.0,0.0,16.0,0.0,-115.5,-30.9,81.8,-21.9,363.0,91.2,14.0,0.5,-28.7,10.0,71.9,19.2,363.0,48.4,14.0,0.5,-35.5,-35.5,-35.5,-35.5,1.0,0.0,16.0,0.0,-29.8,-29.8,-29.8,-29.8,1.0,0.0,16.0,0.0,-4.3,-4.3,-4.3,-4.3,1.0,0.0,16.0,0.0,-3.6,-3.6,-3.6,-3.6,1.0,0.0,16.0,0.0,97.5,804.5,3652.5,1404.5,373.0,2075.5,14.0,0.5,95.0,805.0,3650.0,1405.0,373.0,2075.0,14.0,0.5
1911,2,-9.199999999999989,60.0,,,,,,,,,,,,,,,,,,,,,,,,,,,,,,,,,12.79,13.85,14.91,13.85,2.0,2.19,6.0,0.5,11.11,11.59,12.08,11.59,2.0,1.0,6.0,0.5,1.73,5.44,9.16,5.44,2.0,7.7,6.0,0.5,1032.16,1032.5,1032.84,1032.5,2.0,0.71,6.0,0.5,,,,,,,,,,,,,,,,,,,,,,,,,,,,,,,,,,,,,,,,,,,,,,,,,,,,,,,,,,,,,,,,,,,,,,,,,,,,,,,,,,,,,,,,,,,,,,,,,,,,,,,,,,,,,,,,,,,,,,,,
1911,2,-8.0,44.6,,,,,,,,,,,,,,,,,,,,,,,,,,,,,,,,,,,,,,,,,,,,,,,,,,,,,,,,,,,,,,,,,,,,,,,,,,,,,,,,,,,,,,,,,,,,,,,,,,,,,,,,,,,,,,,,,,,,,,,,,,,,,,,,,,,,,,,,,,,,,,,,,,,,,,,,,-1.4,-1.4,-1.4,-1.4,1.0,0.0,16.0,0.0,1.7,1.7,1.7,1.7,1.0,0.0,16.0,0.0,97.5,301.0,1861.0,1058.5,216.0,1758.0,14.0,0.4,95.0,300.0,1860.0,1060.0,216.0,1760.0,14.0,0.4
1911,2,-7.699999999999989,-39.2,,,,,,,,,,,,,,,,,,,,,,,,,,,,,,,,,1.0,1.0,1.0,1.0,1.0,0.0,10.0,0.0,1.0,1.0,1.0,1.0,1.0,0.0,10.0,0.0,0.0,0.0,0.0,0.0,1.0,0.0,10.0,0.0,1004.7,1004.7,1004.7,1004.7,1.0,0.0,10.0,0.0,,,,,,,,,,,,,,,,,,,,,,,,,,,,,,,,,,,,,,,,,,,,,,,,,,,,,,,,,,,,,,,,,,,,,,,,,,,,,,,,,,,,,,,,,,,,,,,,,,,,,,,,,,,,,,,,,,,,,,,,
1911,2,-7.699999999999989,44.6,10.3,11.0,11.6,10.98,211.0,0.79,14.0,0.4,8.5,10.0,12.0,10.17,213.0,1.7,14.0,0.4,6.91,6.91,6.91,6.91,1.0,0.0,16.0,0.0,92.9,92.9,92.9,92.9,1.0,0.0,16.0,0.0,4.6,6.7,12.3,8.12,216.0,4.35,14.0,0.4,-9.3,-1.7,6.58,-1.63,216.0,7.95,14.0,0.4,-2.51,0.97,5.77,1.54,216.0,4.11,14.0,0.4,1017.8,1025.7,1034.6,1025.6,83.0,7.64,14.0,0.4,2.0,6.0,8.0,4.9,211.0,2.6,14.0,0.4,-86.5,-5.5,57.4,-22.4,216.0,109.3,14.0,0.4,-15.0,2.5,56.7,15.9,216.0,50.4,14.0,0.4,-0.7,0.9,2.05,0.78,206.0,1.36,14.0,0.4,-4.5,4.0,18.5,6.6,204.0,13.9,14.0,0.4,0.84,0.84,0.84,0.84,1.0,0.0,16.0,0.0,2.2,2.2,2.2,2.2,1.0,0.0,16.0,0.0,-83.1,-15.7,80.1,-5.9,211.0,81.7,14.0,0.4,-25.6,11.1,57.0,16.9,211.0,43.7,14.0,0.4,-11.5,-11.5,-11.5,-11.5,1.0,0.0,16.0,0.0,13.8,13.8,13.8,13.8,1.0,0.0,16.0,0.0,,,,,,,,,,,,,,,,,,,,,,,,,,,,,,,,
1911,2,-7.600000000000023,0.4,,,,,,,,,,,,,,,,,,,,,,,,,,,,,,,,,3.55,4.6,4.6,4.1,4.0,1.0,20.0,0.8,0.48,1.41,2.56,1.52,4.0,1.37,20.0,0.8,2.8,3.74,4.43,3.62,4.0,1.0,20.0,0.8,1010.84,1012.0,1012.14,1011.5,3.0,1.04,22.0,0.7,,,,,,,,,,,,,,,,,,,,,,,,,,,,,,,,,,,,,,,,,,,,,,,,,,,,,,,,,,,,,,,,,,,,,,,,,,,,,,,,,,,,,,,,,,,,,,,,,,,,,,,,,,,,,,,,,,,,,,,,
1911,2,-7.5,-3.6,,,,,,,,,,,,,,,,,,,,,,,,,,,,,,,,,4.6,6.7,9.3,6.34,18.0,1.88,12.0,0.4,-3.32,-2.12,0.0,-1.74,18.0,1.51,12.0,0.4,4.27,6.21,8.62,5.93,18.0,1.86,12.0,0.4,1009.49,1009.9,1010.38,1009.93,3.0,0.65,12.0,0.0,,,,,,,,,,,,,,,,,,,,,,,,,,,,,,,,,,,,,,,,,,,,,,,,,,,,,,,,,,,,,,,,,,,,,,,,,,,,,,,,,,,,,,,,,,,,,,,,,,,,,,,,,,,,,,,,,,,,,,,,
1911,2,-7.5,-1.5,,,,,,,,,,,,,,,,,,,,,,,,,,,,,,,,,4.6,6.7,6.7,6.0,9.0,1.05,12.0,0.6,-1.83,0.0,3.08,0.66,9.0,2.24,12.0,0.6,3.52,6.21,6.7,5.49,9.0,1.48,12.0,0.6,1008.54,1009.85,1011.35,1010.1,6.0,1.77,8.0,0.5,,,,,,,,,,,,,,,,,,,,,,,,,,,,,,,,,,,,,,,,,,,,,,,,,,,,,,,,,,,,,,,,,,,,,,,,,,,,,,,,,,,,,,,,,,,,,,,,,,,,,,,,,,,,,,,,,,,,,,,,
1911,2,-7.5,4.3,,,,,,,,,,,,,,,,,,,,,,,,,,,,,,,,,1.0,2.6,4.6,3.5,27.0,2.38,12.0,0.5,0.0,1.0,3.59,1.04,27.0,3.1,12.0,0.5,0.0,0.71,2.6,1.35,27.0,2.41,12.0,0.5,1009.53,1011.1,1011.71,1011.15,11.0,2.13,18.0,0.4,,,,,,,,,,,,,,,,,,,,,,,,,,,,,,,,,,,,,,,,,,,,,,,,,,,,,,,,,,,,,,,,,,,,,,,,,,,,,,,,,,,,,,,,,,,,,,,,,,,,,,,,,,,,,,,,,,,,,,,,
1911,2,-7.5,36.3,14.1,14.8,15.5,14.84,237.0,0.73,14.0,0.4,12.8,14.2,15.6,14.07,230.0,1.61,14.0,0.4,9.0,9.2,9.41,9.2,2.0,0.43,14.0,0.0,89.3,91.3,93.4,91.3,2.0,4.2,14.0,0.0,2.6,4.6,12.3,6.32,243.0,4.88,14.0,0.4,-9.3,-2.41,1.0,-3.88,243.0,5.76,14.0,0.4,-3.25,0.0,4.25,0.07,243.0,3.94,14.0,0.4,1017.0,1020.45,1027.83,1021.55,82.0,5.38,14.0,0.4,0.0,2.0,6.0,2.9,154.0,2.7,14.0,0.5,-102.5,-6.8,1.9,-48.4,243.0,87.5,14.0,0.4,-17.2,0.0,31.7,3.5,243.0,43.2,14.0,0.4,-0.46,0.6,1.91,0.68,218.0,1.32,14.0,0.4,-1.6,2.6,12.3,5.2,210.0,10.8,14.0,0.4,1.01,1.08,1.15,1.08,2.0,0.14,14.0,0.0,3.3,3.8,4.3,3.8,2.0,1.0,14.0,0.0,-129.0,-38.8,13.5,-56.7,222.0,81.9,14.0,0.4,-48.6,0.0,52.7,0.5,222.0,55.2,14.0,0.4,-31.9,-28.3,-24.8,-28.3,2.0,7.3,14.0,0.0,-23.6,-14.1,-4.5,-14.1,2.0,19.9,14.0,0.0,,,,,,,,,,,,,,,,,,,,,,,,,,,,,,,,
1911,2,-7.399999999999977,34.7,,,,,,,,,,,,,,,,,,,,,,,,,,,,,,,,,1.94,2.6,6.54,4.35,11.0,3.5,14.0,0.6,-4.12,0.0,1.84,-0.81,11.0,3.74,14.0,0.6,-0.76,1.84,5.42,2.45,11.0,3.42,14.0,0.6,1019.5,1020.8,1027.7,1023.16,7.0,4.79,12.0,0.7,,,,,,,,,,,,,,,,,,,,,,,,,,,,,,,,,,,,,,,,,,,,,,,,,,,,,,,,,,,,,,,,,,,,,,,,,,,,,,,,,,,,,,,,,,,,,,,,,,,,,,,,,,,,,,,,,,,,,,,,
1911,2,-7.399999999999977,36.1,,,,,,,,,,,,,,,,,,,,,,,,,,,,,,,,,,,,,,,,,,,,,,,,,,,,,,,,,,,,,,,,,,,,,,,,,,,,,,,,,,,,,,,,,,,,,,,,,,,,,,,,,,,,,,,,,,,,,,,,,,,,,,,,,,,,,,,,,,,,,,,,,,,,,,,,,-3.4,-3.3,-3.1,-3.3,2.0,0.3,14.0,0.0,-2.4,-1.4,-0.5,-1.4,2.0,2.0,14.0,0.0,17.5,97.5,1861.0,811.5,243.0,1568.0,14.0,0.4,20.0,95.0,1860.0,810.0,243.0,1570.0,14.0,0.4
1911,2,-7.399999999999977,42.6,,,,,,,,,,,,,,,,,,,,,,,,,,,,,,,,,1.35,6.7,11.63,6.72,15.0,4.88,12.0,0.5,-10.37,-6.17,2.23,-4.24,15.0,6.08,12.0,0.5,-2.34,0.0,3.41,-0.07,15.0,3.99,12.0,0.5,1022.35,1025.0,1033.36,1026.81,9.0,5.17,14.0,0.3,,,,,,,,,,,,,,,,,,,,,,,,,,,,,,,,,,,,,,,,,,,,,,,,,,,,,,,,,,,,,,,,,,,,,,,,,,,,,,,,,,,,,,,,,,,,,,,,,,,,,,,,,,,,,,,,,,,,,,,,
1911,2,-7.399999999999977,46.3,,,,,,,,,,,,,,,,,,,,,,,,,,,,,,,,,,,,,,,,,,,,,,,,,,,,,,,,,,,,,,,,,,,,,,,,,,,,,,,,,,,,,,,,,,,,,,,,,,,,,,,,,,,,,,,,,,,,,,,,,,,,,,,,,,,,,,,,,,,,,,,,,,,,,,,,,0.3,0.8,1.2,0.8,3.0,0.7,16.0,0.7,0.9,1.2,1.7,1.3,3.0,0.6,16.0,0.7,17.5,301.0,1861.0,1301.5,514.0,2458.5,14.0,0.5,20.0,300.0,1860.0,1300.0,514.0,2460.0,14.0,0.5
1911,2,-7.399999999999977,48.5,,,,,,,,,,,,,,,,,,,,,,,,,,,,,,,,,4.6,9.3,15.4,9.68,247.0,5.2,14.0,0.5,-6.7,3.48,11.4,2.4,247.0,9.18,14.0,0.5,-2.51,0.0,6.58,2.02,247.0,5.18,14.0,0.5,1014.39,1032.4,1037.0,1028.0,64.0,10.55,10.0,0.5,,,,,,,,,,,,,,,,,,,,,,,,,,,,,,,,,,,,,,,,,,,,,,,,,,,,,,,,,,,,,,,,,,,,,,,,,,,,,,,,,,,,,,,,,,,,,,,,,,,,,,,,,,,,,,,,,,,,,,,,
1911,2,-7.300000000000011,46.3,,,,,,,,,,,,,,,,,,,,,,,,,,,,,,,,,,,,,,,,,,,,,,,,,,,,,,,,,,,,,,,,,2.0,6.0,8.0,5.0,475.0,2.8,14.0,0.5,-61.2,0.0,86.5,1.3,514.0,130.0,14.0,0.5,-15.0,4.8,56.7,11.6,514.0,65.9,14.0,0.5,,,,,,,,,,,,,,,,,,,,,,,,,,,,,,,,,,,,,,,,,,,,,,,,,,,,,,,,,,,,,,,,,,,,,,,,,,,,,,,,,,,,,,,,,,,,,,,,
1911,2,-7.300000000000011,46.4,9.8,10.5,11.2,10.5,500.0,0.8,14.0,0.5,7.4,9.4,12.0,9.55,510.0,2.02,14.0,0.5,7.28,7.29,7.49,7.38,3.0,0.18,16.0,0.7,83.4,87.5,88.0,85.7,3.0,3.7,16.0,0.7,2.6,6.7,12.3,8.2,514.0,5.04,14.0,0.5,-6.7,0.0,8.67,-0.12,514.0,8.28,14.0,0.5,-2.61,1.8,6.02,1.53,514.0,4.67,14.0,0.5,1016.2,1024.6,1035.72,1025.42,157.0,9.01,16.0,0.5,,,,,,,,,,,,,,,,,,,,,,,,,-0.9,1.0,2.6,0.92,493.0,1.64,14.0,0.5,-6.6,4.7,18.9,6.5,490.0,15.4,14.0,0.5,0.51,0.72,0.72,0.62,3.0,0.17,16.0,0.7,1.3,1.9,1.9,1.6,3.0,0.4,16.0,0.7,-60.3,0.0,100.2,10.0,505.0,80.8,14.0,0.5,-25.9,14.1,56.9,15.8,505.0,48.6,14.0,0.5,4.6,14.5,14.9,9.9,3.0,8.6,16.0,0.7,12.3,12.7,16.9,14.6,3.0,3.8,16.0,0.7,,,,,,,,,,,,,,,,,,,,,,,,,,,,,,,,
1911,2,-7.199999999999989,60.0,,,,,,,,,,,,,,,,,,,,,,,,,,,,,,,,,9.78,10.8,11.82,10.8,2.0,2.12,6.0,1.0,6.91,7.64,8.36,7.64,2.0,1.5,6.0,1.0,-8.36,-7.64,-6.91,-7.64,2.0,1.5,6.0,1.0,1033.32,1034.0,1034.68,1034.0,2.0,1.41,6.0,1.0,,,,,,,,,,,,,,,,,,,,,,,,,,,,,,,,,,,,,,,,,,,,,,,,,,,,,,,,,,,,,,,,,,,,,,,,,,,,,,,,,,,,,,,,,,,,,,,,,,,,,,,,,,,,,,,,,,,,,,,,
1911,2,-7.100000000000023,50.2,,,,,,,,,,,,,,,,,,,,,,,,,,,,,,,,,4.6,15.4,22.6,14.38,38.0,6.9,16.0,0.6,-3.71,12.16,17.62,10.31,38.0,8.58,16.0,0.6,-3.63,3.13,13.44,3.8,38.0,7.88,16.0,0.6,1010.04,1019.2,1027.97,1019.57,39.0,9.61,12.0,0.4,,,,,,,,,,,,,,,,,,,,,,,,,,,,,,,,,,,,,,,,,,,,,,,,,,,,,,,,,,,,,,,,,,,,,,,,,,,,,,,,,,,,,,,,,,,,,,,,,,,,,,,,,,,,,,,,,,,,,,,,
1911,2,-5.699999999999989,-5.6,,,,,,,,,,,,,,,,,,,,,,,,,,,,,,,,,5.83,6.7,6.7,6.37,11.0,1.64,14.0,0.5,-4.74,-2.51,-1.01,-2.68,11.0,1.7,14.0,0.5,4.54,6.21,6.41,5.57,11.0,1.58,14.0,0.5,1009.75,1010.45,1011.83,1010.78,4.0,1.31,10.0,0.8,,,,,,,,,,,,,,,,,,,,,,,,,,,,,,,,,,,,,,,,,,,,,,,,,,,,,,,,,,,,,,,,,,,,,,,,,,,,,,,,,,,,,,,,,,,,,,,,,,,,,,,,,,,,,,,,,,,,,,,,
1911,2,-5.699999999999989,-1.7,,,,,,,,,,,,,,,,,,,,,,,,,,,,,,,,,4.6,4.6,6.03,5.3,3.0,1.21,20.0,0.3,0.83,2.62,3.05,1.96,3.0,1.72,20.0,0.3,3.68,4.6,5.67,4.67,3.0,1.46,20.0,0.3,1011.29,1011.7,1012.11,1011.7,2.0,0.85,22.0,0.5,,,,,,,,,,,,,,,,,,,,,,,,,,,,,,,,,,,,,,,,,,,,,,,,,,,,,,,,,,,,,,,,,,,,,,,,,,,,,,,,,,,,,,,,,,,,,,,,,,,,,,,,,,,,,,,,,,,,,,,,
1911,2,-5.699999999999989,34.8,13.94,14.4,15.12,14.5,35.0,0.72,14.0,0.5,13.05,14.2,15.38,14.1,34.0,1.54,14.0,0.5,9.25,9.25,9.25,9.25,1.0,0.0,12.0,0.0,88.4,88.4,88.4,88.4,1.0,0.0,12.0,0.0,2.6,4.6,15.4,7.17,37.0,6.1,16.0,0.5,-15.4,-1.84,2.6,-4.35,37.0,7.88,16.0,0.5,-1.8,0.0,2.44,0.57,37.0,2.86,16.0,0.5,1019.59,1025.8,1028.17,1024.56,13.0,4.27,16.0,0.6,0.0,3.0,6.0,3.3,27.0,2.8,16.0,0.5,-237.2,-4.8,6.8,-71.2,37.0,124.3,16.0,0.5,-5.2,0.0,9.3,7.8,37.0,42.5,16.0,0.5,-0.6,0.25,1.45,0.35,32.0,1.32,14.0,0.5,-4.1,1.0,4.6,0.2,29.0,6.6,14.0,0.5,0.82,0.82,0.82,0.82,1.0,0.0,12.0,0.0,0.8,0.8,0.8,0.8,1.0,0.0,12.0,0.0,-218.5,-35.9,31.9,-74.3,31.0,114.7,14.0,0.5,-24.7,0.0,36.2,8.6,31.0,43.8,14.0,0.5,8.7,8.7,8.7,8.7,1.0,0.0,12.0,0.0,3.2,3.2,3.2,3.2,1.0,0.0,12.0,0.0,,,,,,,,,,,,,,,,,,,,,,,,,,,,,,,,
1911,2,-5.699999999999989,34.9,,,,,,,,,,,,,,,,,,,,,,,,,,,,,,,,,,,,,,,,,,,,,,,,,,,,,,,,,,,,,,,,,,,,,,,,,,,,,,,,,,,,,,,,,,,,,,,,,,,,,,,,,,,,,,,,,,,,,,,,,,,,,,,,,,,,,,,,,,,,,,,,,,,,,,,,,0.8,0.8,0.8,0.8,1.0,0.0,12.0,0.0,0.3,0.3,0.3,0.3,1.0,0.0,12.0,0.0,17.5,97.5,3652.5,1325.5,37.0,2256.0,16.0,0.5,20.0,95.0,3650.0,1325.0,37.0,2255.0,16.0,0.5
1911,2,-5.600000000000023,46.6,,,,,,,,,,,,,,,,,,,,,,,,,,,,,,,,,4.6,9.3,15.4,8.87,95.0,5.09,14.0,0.5,-9.3,0.0,10.89,0.88,95.0,9.19,14.0,0.5,-1.12,0.0,4.74,1.4,95.0,4.26,14.0,0.5,1012.97,1030.65,1036.22,1023.33,32.0,15.25,14.0,0.6,,,,,,,,,,,,,,,,,,,,,,,,,,,,,,,,,,,,,,,,,,,,,,,,,,,,,,,,,,,,,,,,,,,,,,,,,,,,,,,,,,,,,,,,,,,,,,,,,,,,,,,,,,,,,,,,,,,,,,,,
1911,2,-5.5,-3.4,,,,,,,,,,,,,,,,,,,,,,,,,,,,,,,,,4.5,6.7,6.7,5.81,7.0,1.62,12.0,0.6,-0.23,0.0,2.65,0.53,7.0,2.73,12.0,0.6,3.1,6.17,6.7,4.89,7.0,2.52,12.0,0.6,1008.59,1010.9,1011.65,1010.28,5.0,1.9,10.0,0.8,,,,,,,,,,,,,,,,,,,,,,,,,,,,,,,,,,,,,,,,,,,,,,,,,,,,,,,,,,,,,,,,,,,,,,,,,,,,,,,,,,,,,,,,,,,,,,,,,,,,,,,,,,,,,,,,,,,,,,,,
1911,2,-5.5,36.2,13.4,14.0,14.8,14.11,168.0,0.76,14.0,0.5,12.2,13.5,14.92,13.48,157.0,1.53,14.0,0.5,9.26,9.26,9.26,9.26,1.0,0.0,12.0,0.0,88.4,88.4,88.4,88.4,1.0,0.0,12.0,0.0,,,,,,,,,,,,,,,,,,,,,,,,,,,,,,,,,0.0,3.0,6.0,3.3,103.0,2.7,14.0,0.4,-218.3,-4.8,6.8,-58.8,167.0,105.7,14.0,0.5,-0.2,0.0,20.6,9.9,167.0,35.5,14.0,0.5,-0.52,0.6,1.82,0.59,151.0,1.32,14.0,0.4,-1.6,2.4,10.5,4.0,144.0,9.7,14.0,0.4,0.5,0.5,0.5,0.5,1.0,0.0,12.0,0.0,0.5,0.5,0.5,0.5,1.0,0.0,12.0,0.0,-178.7,-31.8,28.2,-56.3,150.0,92.6,14.0,0.5,-5.0,0.0,56.1,12.7,150.0,38.8,14.0,0.5,-9.3,-9.3,-9.3,-9.3,1.0,0.0,12.0,0.0,0.0,0.0,0.0,0.0,1.0,0.0,12.0,0.0,,,,,,,,,,,,,,,,,,,,,,,,,,,,,,,,
1911,2,-5.5,48.4,,,,,,,,,,,,,,,,,,,,,,,,,,,,,,,,,,,,,,,,,,,,,,,,,,,,,,,,,,,,,,,,,,,,,,,,,,,,,,,,,,,,,,,,,,,,,,,,,,,,,,,,,,,,,,,,,,,,,,,,,,,,,,,,,,,,,,,,,,,,,,,,,,,,,,,,,-0.6,-0.2,-0.1,-0.4,3.0,0.3,16.0,0.0,-0.6,-0.6,-0.4,-0.5,3.0,0.2,16.0,0.0,17.5,301.0,3652.5,1328.5,506.0,2466.0,16.0,0.5,20.0,300.0,3650.0,1330.0,506.0,2465.0,16.0,0.5
1911,2,-5.5,54.1,,,,,,,,,,,,,,,,,,,,,,,,,,,,,,,,,1.0,1.8,4.6,2.3,10.0,1.77,2.0,1.0,-0.95,-0.37,0.0,-0.31,10.0,0.91,2.0,1.0,-4.25,-1.67,-0.62,-2.13,10.0,1.74,2.0,1.0,1039.75,1041.0,1042.0,1037.54,7.0,10.04,2.0,0.0,,,,,,,,,,,,,,,,,,,,,,,,,,,,,,,,,,,,,,,,,,,,,,,,,,,,,,,,,,,,,,,,,,,,,,,,,,,,,,,,,,,,,,,,,,,,,,,,,,,,,,,,,,,,,,,,,,,,,,,,
1911,2,-5.399999999999977,-7.4,,,,,,,,,,,,,,,,,,,,,,,,,,,,,,,,,4.6,6.7,9.3,6.62,14.0,2.54,10.0,0.4,-6.46,-3.37,-1.72,-3.57,14.0,2.01,10.0,0.4,4.27,5.47,6.58,5.42,14.0,2.07,10.0,0.4,1010.5,1010.5,1010.5,1010.5,1.0,0.0,14.0,0.0,,,,,,,,,,,,,,,,,,,,,,,,,,,,,,,,,,,,,,,,,,,,,,,,,,,,,,,,,,,,,,,,,,,,,,,,,,,,,,,,,,,,,,,,,,,,,,,,,,,,,,,,,,,,,,,,,,,,,,,,
1911,2,-5.399999999999977,4.3,,,,,,,,,,,,,,,,,,,,,,,,,,,,,,,,,2.6,2.6,4.6,3.66,27.0,1.5,12.0,0.4,0.0,1.84,3.17,1.64,27.0,2.06,12.0,0.4,0.0,2.41,4.23,2.15,27.0,2.09,12.0,0.4,1010.21,1011.2,1011.99,1011.14,14.0,1.08,14.0,0.5,,,,,,,,,,,,,,,,,,,,,,,,,,,,,,,,,,,,,,,,,,,,,,,,,,,,,,,,,,,,,,,,,,,,,,,,,,,,,,,,,,,,,,,,,,,,,,,,,,,,,,,,,,,,,,,,,,,,,,,,
1911,2,-5.399999999999977,36.2,,,,,,,,,,,,,,,,,,,,,,,,,,,,,,,,,1.0,4.6,15.4,6.35,167.0,5.63,14.0,0.5,-14.18,-1.84,2.6,-4.04,167.0,6.87,14.0,0.5,-0.25,0.0,3.63,0.85,167.0,2.81,14.0,0.5,1018.33,1023.3,1027.77,1023.34,53.0,5.27,14.0,0.4,,,,,,,,,,,,,,,,,,,,,,,,,,,,,,,,,,,,,,,,,,,,,,,,,,,,,,,,,,,,,,,,,,,,,,,,,,,,,,,,,,,,,,,,,,,,,,,,,,,,,,,,,,,,,,,,,,,,,,,,
1911,2,-5.399999999999977,42.6,,,,,,,,,,,,,,,,,,,,,,,,,,,,,,,,,4.6,4.6,9.3,5.9,14.0,3.55,12.0,0.4,-8.56,-4.23,-0.11,-4.38,14.0,4.87,12.0,0.4,-1.61,1.41,3.52,0.93,14.0,2.2,12.0,0.4,1025.84,1026.4,1031.81,1027.41,7.0,3.36,14.0,0.4,,,,,,,,,,,,,,,,,,,,,,,,,,,,,,,,,,,,,,,,,,,,,,,,,,,,,,,,,,,,,,,,,,,,,,,,,,,,,,,,,,,,,,,,,,,,,,,,,,,,,,,,,,,,,,,,,,,,,,,,
1911,2,-5.399999999999977,48.3,,,,,,,,,,,,,,,,,,,,,,,,,,,,,,,,,,,,,,,,,,,,,,,,,,,,,,,,,,,,,,,,,2.0,6.0,8.0,5.6,377.0,2.7,16.0,0.5,-31.7,6.3,140.3,43.1,506.0,118.9,16.0,0.5,-16.5,0.7,56.7,10.1,506.0,77.4,16.0,0.5,,,,,,,,,,,,,,,,,,,,,,,,,,,,,,,,,,,,,,,,,,,,,,,,,,,,,,,,,,,,,,,,,,,,,,,,,,,,,,,,,,,,,,,,,,,,,,,,
1911,2,-5.399999999999977,48.4,8.5,9.2,10.0,9.28,499.0,0.81,16.0,0.5,6.3,8.8,10.9,8.59,501.0,2.09,16.0,0.5,7.3,7.31,7.46,7.38,3.0,0.13,16.0,0.0,87.5,87.5,92.1,89.7,3.0,3.8,16.0,0.0,2.6,6.7,15.4,7.94,506.0,5.4,16.0,0.5,-4.72,2.12,10.89,2.59,506.0,7.7,16.0,0.5,-2.62,0.71,6.01,1.28,506.0,4.98,16.0,0.5,1012.09,1022.4,1035.63,1023.25,126.0,11.31,16.0,0.4,,,,,,,,,,,,,,,,,,,,,,,,,-1.07,0.5,2.6,0.64,482.0,1.78,16.0,0.5,-10.2,1.3,13.4,1.8,482.0,15.0,16.0,0.5,-0.15,-0.15,-0.12,-0.13,3.0,0.03,16.0,0.0,-0.9,-0.7,-0.4,-0.6,3.0,0.4,16.0,0.0,-32.2,17.9,112.8,33.0,500.0,70.3,16.0,0.5,-21.1,4.2,54.3,13.1,500.0,48.7,16.0,0.5,8.2,11.5,29.3,18.6,3.0,16.6,16.0,0.0,22.6,31.5,31.5,27.2,3.0,7.6,16.0,0.0,,,,,,,,,,,,,,,,,,,,,,,,,,,,,,,,
1911,2,-5.399999999999977,50.3,,,,,,,,,,,,,,,,,,,,,,,,,,,,,,,,,2.6,6.7,13.64,8.08,118.0,5.47,16.0,0.5,-4.23,3.48,10.89,3.81,118.0,7.33,16.0,0.5,-2.62,0.0,6.58,1.15,118.0,5.09,16.0,0.5,1014.11,1020.0,1034.95,1022.42,9.0,10.57,14.0,0.6,,,,,,,,,,,,,,,,,,,,,,,,,,,,,,,,,,,,,,,,,,,,,,,,,,,,,,,,,,,,,,,,,,,,,,,,,,,,,,,,,,,,,,,,,,,,,,,,,,,,,,,,,,,,,,,,,,,,,,,,
1911,2,-5.399999999999977,58.3,,,,,,,,,,,,,,,,,,,,,,,,,,,,,,,,,6.7,9.3,18.2,11.18,15.0,5.66,16.0,0.1,-0.62,6.7,13.18,6.55,15.0,6.01,16.0,0.1,-2.94,3.48,8.56,2.48,15.0,8.79,16.0,0.1,982.0,982.0,982.0,982.0,1.0,0.0,28.0,0.0,,,,,,,,,,,,,,,,,,,,,,,,,,,,,,,,,,,,,,,,,,,,,,,,,,,,,,,,,,,,,,,,,,,,,,,,,,,,,,,,,,,,,,,,,,,,,,,,,,,,,,,,,,,,,,,,,,,,,,,,
1911,2,-5.300000000000011,44.5,,,,,,,,,,,,,,,,,,,,,,,,,,,,,,,,,6.7,9.3,15.4,10.4,22.0,4.73,8.0,0.3,-14.37,-7.63,5.88,-5.56,22.0,10.01,8.0,0.3,-3.16,0.0,0.0,-0.98,22.0,1.46,8.0,0.3,983.52,1028.1,1031.96,1016.9,12.0,20.94,12.0,0.1,,,,,,,,,,,,,,,,,,,,,,,,,,,,,,,,,,,,,,,,,,,,,,,,,,,,,,,,,,,,,,,,,,,,,,,,,,,,,,,,,,,,,,,,,,,,,,,,,,,,,,,,,,,,,,,,,,,,,,,,
1911,2,-5.199999999999989,36.3,,,,,,,,,,,,,,,,,,,,,,,,,,,,,,,,,,,,,,,,,,,,,,,,,,,,,,,,,,,,,,,,,,,,,,,,,,,,,,,,,,,,,,,,,,,,,,,,,,,,,,,,,,,,,,,,,,,,,,,,,,,,,,,,,,,,,,,,,,,,,,,,,,,,,,,,,-0.5,-0.5,-0.5,-0.5,1.0,0.0,12.0,0.0,0.0,0.0,0.0,0.0,1.0,0.0,12.0,0.0,1.0,97.5,3652.5,1015.5,167.0,1865.0,14.0,0.5,0.0,95.0,3650.0,1015.0,167.0,1865.0,14.0,0.5
1911,2,-5.199999999999989,60.0,,,,,,,,,,,,,,,,,,,,,,,,,,,,,,,,,9.3,9.3,9.3,9.3,2.0,0.0,6.0,0.0,-5.53,-3.29,-1.04,-3.29,2.0,4.65,6.0,0.0,-8.87,-7.94,-7.01,-7.94,2.0,1.93,6.0,0.0,1035.32,1036.0,1036.68,1036.0,2.0,1.41,6.0,0.0,,,,,,,,,,,,,,,,,,,,,,,,,,,,,,,,,,,,,,,,,,,,,,,,,,,,,,,,,,,,,,,,,,,,,,,,,,,,,,,,,,,,,,,,,,,,,,,,,,,,,,,,,,,,,,,,,,,,,,,,
1911,2,-3.6999999999999886,-3.7,,,,,,,,,,,,,,,,,,,,,,,,,,,,,,,,,2.71,5.65,6.7,4.75,4.0,2.69,18.0,0.5,-1.31,0.35,2.04,0.36,4.0,2.37,18.0,0.5,1.92,4.73,6.47,4.22,4.0,2.79,18.0,0.5,1012.68,1012.85,1013.02,1012.85,2.0,0.35,22.0,0.0,,,,,,,,,,,,,,,,,,,,,,,,,,,,,,,,,,,,,,,,,,,,,,,,,,,,,,,,,,,,,,,,,,,,,,,,,,,,,,,,,,,,,,,,,,,,,,,,,,,,,,,,,,,,,,,,,,,,,,,,
1911,2,-3.6999999999999886,42.7,,,,,,,,,,,,,,,,,,,,,,,,,,,,,,,,,1.0,1.8,4.75,2.83,4.0,2.69,12.0,0.0,-0.55,-0.19,1.36,0.38,4.0,1.51,12.0,0.0,-3.51,0.35,0.82,-1.27,4.0,3.64,12.0,0.0,1030.8,1030.8,1030.8,1030.8,1.0,0.0,18.0,0.0,,,,,,,,,,,,,,,,,,,,,,,,,,,,,,,,,,,,,,,,,,,,,,,,,,,,,,,,,,,,,,,,,,,,,,,,,,,,,,,,,,,,,,,,,,,,,,,,,,,,,,,,,,,,,,,,,,,,,,,,
1911,2,-3.6000000000000227,-7.6,,,,,,,,,,,,,,,,,,,,,,,,,,,,,,,,,6.6,6.7,9.3,7.14,7.0,1.66,16.0,0.7,-3.63,-2.51,-2.47,-3.12,7.0,1.61,16.0,0.7,6.12,6.21,6.67,6.33,7.0,1.27,16.0,0.7,1009.73,1010.55,1011.16,1010.45,4.0,0.87,12.0,0.5,,,,,,,,,,,,,,,,,,,,,,,,,,,,,,,,,,,,,,,,,,,,,,,,,,,,,,,,,,,,,,,,,,,,,,,,,,,,,,,,,,,,,,,,,,,,,,,,,,,,,,,,,,,,,,,,,,,,,,,,
1911,2,-3.5,4.4,,,,,,,,,,,,,,,,,,,,,,,,,,,,,,,,,2.6,4.6,4.6,3.54,21.0,1.39,14.0,0.4,-0.97,1.8,3.25,1.6,21.0,2.11,14.0,0.4,0.0,2.41,4.23,2.22,21.0,1.68,14.0,0.4,1009.7,1010.8,1011.83,1010.72,12.0,1.23,16.0,0.5,,,,,,,,,,,,,,,,,,,,,,,,,,,,,,,,,,,,,,,,,,,,,,,,,,,,,,,,,,,,,,,,,,,,,,,,,,,,,,,,,,,,,,,,,,,,,,,,,,,,,,,,,,,,,,,,,,,,,,,,
1911,2,-3.5,36.2,13.1,13.7,14.5,13.77,185.0,0.7,14.0,0.4,12.0,13.3,15.0,13.4,182.0,1.61,14.0,0.4,9.05,9.41,9.77,9.41,2.0,0.74,12.0,1.0,80.9,83.9,86.9,83.9,2.0,6.3,12.0,1.0,1.0,4.6,12.3,5.99,187.0,5.5,14.0,0.4,-11.4,-1.8,2.39,-3.91,187.0,6.65,14.0,0.4,-2.51,0.0,0.99,-0.46,187.0,2.56,14.0,0.4,1018.52,1023.6,1028.3,1023.31,68.0,4.76,16.0,0.4,0.0,2.0,6.0,3.0,123.0,2.6,16.0,0.4,-145.6,-6.2,6.2,-54.5,187.0,98.7,14.0,0.4,-16.8,0.0,2.6,-5.6,187.0,34.0,14.0,0.4,-1.0,0.5,1.5,0.33,171.0,1.38,14.0,0.4,-5.6,0.5,7.4,1.4,163.0,11.3,14.0,0.4,-0.09,0.14,0.37,0.14,2.0,0.48,12.0,1.0,-0.1,0.1,0.4,0.1,2.0,0.5,12.0,1.0,-150.5,-20.7,30.3,-49.5,173.0,91.2,14.0,0.4,-31.4,0.0,12.7,-5.0,173.0,33.8,14.0,0.4,-4.0,1.3,6.5,1.3,2.0,10.8,12.0,1.0,1.2,3.8,6.4,3.8,2.0,5.4,12.0,1.0,,,,,,,,,,,,,,,,,,,,,,,,,,,,,,,,
1911,2,-3.5,48.7,,,,,,,,,,,,,,,,,,,,,,,,,,,,,,,,,2.6,6.7,12.3,7.25,317.0,5.25,14.0,0.5,-4.27,0.71,10.65,2.45,317.0,7.21,14.0,0.5,-3.25,0.0,4.61,0.24,317.0,4.72,14.0,0.5,1011.12,1021.2,1034.84,1021.64,88.0,11.34,14.0,0.3,,,,,,,,,,,,,,,,,,,,,,,,,-0.9,0.8,2.84,0.86,301.0,1.72,14.0,0.5,-7.4,2.6,12.4,2.7,298.0,13.3,14.0,0.5,-0.91,-0.91,-0.91,-0.91,1.0,0.0,16.0,1.0,-6.1,-6.1,-6.1,-6.1,1.0,0.0,16.0,1.0,-24.4,4.9,96.9,28.2,312.0,60.7,14.0,0.5,-22.8,0.0,42.1,5.4,312.0,40.8,14.0,0.5,38.9,38.9,38.9,38.9,1.0,0.0,16.0,1.0,32.6,32.6,32.6,32.6,1.0,0.0,16.0,1.0,,,,,,,,,,,,,,,,,,,,,,,,,,,,,,,,
1911,2,-3.5,48.9,,,,,,,,,,,,,,,,,,,,,,,,,,,,,,,,,,,,,,,,,,,,,,,,,,,,,,,,,,,,,,,,,,,,,,,,,,,,,,,,,,,,,,,,,,,,,,,,,,,,,,,,,,,,,,,,,,,,,,,,,,,,,,,,,,,,,,,,,,,,,,,,,,,,,,,,,-4.7,-4.7,-4.7,-4.7,1.0,0.0,16.0,1.0,-3.9,-3.9,-3.9,-3.9,1.0,0.0,16.0,1.0,17.5,301.0,1861.0,1128.5,317.0,2411.0,14.0,0.5,20.0,300.0,1860.0,1130.0,317.0,2410.0,14.0,0.5
1911,2,-3.3999999999999773,-9.5,,,,,,,,,,,,,,,,,,,,,,,,,,,,,,,,,4.6,6.7,9.3,6.44,19.0,2.46,10.0,0.4,-6.58,-3.25,-3.15,-4.28,19.0,1.93,10.0,0.4,3.25,4.74,6.58,4.74,19.0,1.77,10.0,0.4,1010.7,1010.7,1010.7,1010.7,1.0,0.0,14.0,1.0,,,,,,,,,,,,,,,,,,,,,,,,,,,,,,,,,,,,,,,,,,,,,,,,,,,,,,,,,,,,,,,,,,,,,,,,,,,,,,,,,,,,,,,,,,,,,,,,,,,,,,,,,,,,,,,,,,,,,,,,
1911,2,-3.3999999999999773,-5.3,,,,,,,,,,,,,,,,,,,,,,,,,,,,,,,,,2.06,2.6,6.7,3.53,6.0,2.65,14.0,0.7,-2.51,-0.49,0.0,-1.0,6.0,1.23,14.0,0.7,1.91,2.6,6.21,3.34,6.0,2.43,14.0,0.7,1010.51,1011.85,1012.72,1011.63,4.0,1.46,14.0,0.5,,,,,,,,,,,,,,,,,,,,,,,,,,,,,,,,,,,,,,,,,,,,,,,,,,,,,,,,,,,,,,,,,,,,,,,,,,,,,,,,,,,,,,,,,,,,,,,,,,,,,,,,,,,,,,,,,,,,,,,,
1911,2,-3.3999999999999773,36.3,,,,,,,,,,,,,,,,,,,,,,,,,,,,,,,,,,,,,,,,,,,,,,,,,,,,,,,,,,,,,,,,,,,,,,,,,,,,,,,,,,,,,,,,,,,,,,,,,,,,,,,,,,,,,,,,,,,,,,,,,,,,,,,,,,,,,,,,,,,,,,,,,,,,,,,,,0.2,0.3,0.4,0.3,2.0,0.3,12.0,1.0,-0.1,-0.1,0.0,-0.1,2.0,0.1,12.0,1.0,1.0,97.5,1861.0,906.5,187.0,1720.5,14.0,0.4,0.0,95.0,1860.0,905.0,187.0,1720.0,14.0,0.4
1911,2,-3.3999999999999773,48.6,,,,,,,,,,,,,,,,,,,,,,,,,,,,,,,,,,,,,,,,,,,,,,,,,,,,,,,,,,,,,,,,,3.0,8.0,8.0,6.0,223.0,2.5,14.0,0.5,-19.6,0.7,139.3,41.2,317.0,107.7,14.0,0.5,-17.5,0.0,33.8,2.6,317.0,74.1,14.0,0.5,,,,,,,,,,,,,,,,,,,,,,,,,,,,,,,,,,,,,,,,,,,,,,,,,,,,,,,,,,,,,,,,,,,,,,,,,,,,,,,,,,,,,,,,,,,,,,,,
1911,2,-3.3999999999999773,48.7,7.8,8.5,9.2,8.52,326.0,0.82,14.0,0.5,5.3,7.5,9.82,7.6,315.0,1.99,14.0,0.5,7.57,7.57,7.57,7.57,1.0,0.0,16.0,1.0,94.2,94.2,94.2,94.2,1.0,0.0,16.0,1.0,,,,,,,,,,,,,,,,,,,,,,,,,,,,,,,,,,,,,,,,,,,,,,,,,,,,,,,,,,,,,,,,,,,,,,,,,,,,,,,,,,,,,,,,,,,,,,,,,,,,,,,,,,,,,,,,,,,,,,,,,,,,,,,,,,,,,,,,,,,,,,,,,,,,,,,,
1911,2,-3.3999999999999773,50.2,7.0,8.0,9.0,8.02,174.0,1.05,14.0,0.4,5.0,7.8,9.84,7.46,181.0,2.22,16.0,0.4,7.24,7.24,7.24,7.24,1.0,0.0,16.0,1.0,92.9,92.9,92.9,92.9,1.0,0.0,16.0,1.0,,,,,,,,,,,,,,,,,,,,,,,,,,,,,,,,,,,,,,,,,,,,,,,,,,,,,,,,,,,,,,,,,,,,,,,,,,,,,,,,,,,,,,,,,,,,,,,,,,,,,,,,,,,,,,,,,,,,,,,,,,,,,,,,,,,,,,,,,,,,,,,,,,,,,,,,
1911,2,-3.3999999999999773,58.2,,,,,,,,,,,,,,,,,,,,,,,,,,,,,,,,,6.5,12.3,19.0,12.69,13.0,6.43,16.0,0.7,2.94,7.12,13.68,7.35,13.0,5.75,16.0,0.7,1.66,8.56,13.82,6.57,13.0,8.8,16.0,0.7,974.9,1034.5,1035.73,1011.1,5.0,33.44,20.0,1.0,,,,,,,,,,,,,,,,,,,,,,,,,,,,,,,,,,,,,,,,,,,,,,,,,,,,,,,,,,,,,,,,,,,,,,,,,,,,,,,,,,,,,,,,,,,,,,,,,,,,,,,,,,,,,,,,,,,,,,,,
1911,2,-3.300000000000012,50.2,,,,,,,,,,,,,,,,,,,,,,,,,,,,,,,,,2.6,6.7,12.3,7.26,181.0,4.86,16.0,0.4,-2.62,3.25,9.3,3.51,181.0,6.56,16.0,0.4,-3.35,0.0,4.61,0.46,181.0,4.58,16.0,0.4,1011.0,1020.5,1035.44,1021.25,22.0,11.09,16.0,0.3,2.0,7.0,8.0,5.6,182.0,2.7,16.0,0.4,-17.1,15.0,107.0,48.1,181.0,98.7,16.0,0.4,-18.4,0.0,33.8,9.7,181.0,60.7,16.0,0.4,-1.4,0.3,2.8,0.54,169.0,2.1,14.0,0.4,-13.5,0.0,13.2,0.5,167.0,17.2,14.0,0.4,-0.79,-0.79,-0.79,-0.79,1.0,0.0,16.0,1.0,-5.3,-5.3,-5.3,-5.3,1.0,0.0,16.0,1.0,-13.3,19.2,91.4,34.6,179.0,53.6,14.0,0.4,-22.8,0.0,39.8,7.8,179.0,37.4,14.0,0.4,37.2,37.2,37.2,37.2,1.0,0.0,16.0,1.0,31.2,31.2,31.2,31.2,1.0,0.0,16.0,1.0,,,,,,,,,,,,,,,,,,,,,,,,,,,,,,,,
1911,2,-3.1999999999999886,56.3,,,,,,,,,,,,,,,,,,,,,,,,,,,,,,,,,2.6,6.7,9.3,6.47,20.0,5.31,12.0,0.5,1.84,4.74,7.11,4.39,20.0,2.88,12.0,0.5,-1.02,0.0,6.55,2.74,20.0,5.98,12.0,0.5,1002.59,1021.4,1033.78,1016.61,8.0,19.75,12.0,0.5,,,,,,,,,,,,,,,,,,,,,,,,,,,,,,,,,,,,,,,,,,,,,,,,,,,,,,,,,,,,,,,,,,,,,,,,,,,,,,,,,,,,,,,,,,,,,,,,,,,,,,,,,,,,,,,,,,,,,,,,
1911,2,-3.1999999999999886,60.0,,,,,,,,,,,,,,,,,,,,,,,,,,,,,,,,,7.11,8.0,8.89,8.0,2.0,1.84,8.0,0.5,-3.47,-3.13,-2.78,-3.13,2.0,0.72,8.0,0.5,-8.18,-7.36,-6.55,-7.36,2.0,1.69,8.0,0.5,1038.16,1038.5,1038.84,1038.5,2.0,0.71,8.0,0.5,,,,,,,,,,,,,,,,,,,,,,,,,,,,,,,,,,,,,,,,,,,,,,,,,,,,,,,,,,,,,,,,,,,,,,,,,,,,,,,,,,,,,,,,,,,,,,,,,,,,,,,,,,,,,,,,,,,,,,,,
1911,2,-3.0,50.0,,,,,,,,,,,,,,,,,,,,,,,,,,,,,,,,,,,,,,,,,,,,,,,,,,,,,,,,,,,,,,,,,,,,,,,,,,,,,,,,,,,,,,,,,,,,,,,,,,,,,,,,,,,,,,,,,,,,,,,,,,,,,,,,,,,,,,,,,,,,,,,,,,,,,,,,,-4.1,-4.1,-4.1,-4.1,1.0,0.0,16.0,1.0,-3.4,-3.4,-3.4,-3.4,1.0,0.0,16.0,1.0,17.5,301.0,1861.0,1009.5,181.0,2048.0,16.0,0.4,20.0,300.0,1860.0,1010.0,181.0,2050.0,16.0,0.4
1911,2,-1.6999999999999886,-5.7,,,,,,,,,,,,,,,,,,,,,,,,,,,,,,,,,4.6,4.6,4.6,4.6,3.0,0.0,18.0,0.3,-1.72,-1.72,-1.72,-1.72,3.0,0.0,18.0,0.3,4.27,4.27,4.27,4.27,3.0,0.0,18.0,0.3,1012.9,1012.9,1012.9,1012.9,1.0,0.0,24.0,1.0,,,,,,,,,,,,,,,,,,,,,,,,,,,,,,,,,,,,,,,,,,,,,,,,,,,,,,,,,,,,,,,,,,,,,,,,,,,,,,,,,,,,,,,,,,,,,,,,,,,,,,,,,,,,,,,,,,,,,,,,
1911,2,-1.6000000000000227,-11.5,,,,,,,,,,,,,,,,,,,,,,,,,,,,,,,,,4.6,6.7,6.7,6.3,21.0,1.97,12.0,0.5,-4.74,-4.74,-3.25,-4.34,21.0,1.52,12.0,0.5,3.25,4.74,5.92,4.45,21.0,1.63,12.0,0.5,1008.98,1009.8,1011.17,1010.07,3.0,1.62,16.0,0.3,,,,,,,,,,,,,,,,,,,,,,,,,,,,,,,,,,,,,,,,,,,,,,,,,,,,,,,,,,,,,,,,,,,,,,,,,,,,,,,,,,,,,,,,,,,,,,,,,,,,,,,,,,,,,,,,,,,,,,,,
1911,2,-1.6000000000000227,-9.6,,,,,,,,,,,,,,,,,,,,,,,,,,,,,,,,,7.53,9.3,9.3,8.43,3.0,1.5,10.0,0.3,-3.48,-3.48,-2.82,-3.16,3.0,0.56,10.0,0.3,6.98,8.62,8.62,7.82,3.0,1.39,10.0,0.3,1008.47,1009.9,1010.17,1009.33,3.0,1.34,10.0,0.3,,,,,,,,,,,,,,,,,,,,,,,,,,,,,,,,,,,,,,,,,,,,,,,,,,,,,,,,,,,,,,,,,,,,,,,,,,,,,,,,,,,,,,,,,,,,,,,,,,,,,,,,,,,,,,,,,,,,,,,,
1911,2,-1.6000000000000227,56.4,,,,,,,,,,,,,,,,,,,,,,,,,,,,,,,,,6.7,9.3,15.4,10.82,20.0,5.36,18.0,0.4,2.41,6.64,14.16,7.4,20.0,6.58,18.0,0.4,-0.96,4.6,8.56,3.11,20.0,6.4,18.0,0.4,990.71,1031.0,1032.05,1017.34,7.0,24.56,16.0,0.0,,,,,,,,,,,,,,,,,,,,,,,,,,,,,,,,,,,,,,,,,,,,,,,,,,,,,,,,,,,,,,,,,,,,,,,,,,,,,,,,,,,,,,,,,,,,,,,,,,,,,,,,,,,,,,,,,,,,,,,,
1911,2,-1.5,4.7,,,,,,,,,,,,,,,,,,,,,,,,,,,,,,,,,2.6,4.6,4.6,3.85,20.0,1.43,14.0,0.5,-0.97,2.93,4.59,1.85,20.0,2.63,14.0,0.5,0.0,2.12,3.25,1.97,20.0,1.73,14.0,0.5,1010.72,1011.4,1012.3,1011.29,11.0,1.14,14.0,0.5,,,,,,,,,,,,,,,,,,,,,,,,,,,,,,,,,,,,,,,,,,,,,,,,,,,,,,,,,,,,,,,,,,,,,,,,,,,,,,,,,,,,,,,,,,,,,,,,,,,,,,,,,,,,,,,,,,,,,,,,
1911,2,-1.5,36.4,13.0,13.8,14.5,13.71,195.0,0.73,14.0,0.5,12.0,13.5,14.85,13.46,187.0,1.62,14.0,0.5,7.56,7.61,7.66,7.61,2.0,0.11,12.0,0.0,79.0,82.7,86.4,82.7,2.0,7.7,12.0,0.0,1.0,4.6,9.3,5.43,198.0,3.87,14.0,0.5,-6.7,-1.82,2.44,-2.2,198.0,4.85,14.0,0.5,-6.17,-0.93,1.0,-1.89,198.0,3.55,14.0,0.5,1018.34,1023.25,1027.45,1022.66,72.0,4.73,14.0,0.5,0.0,3.0,6.3,3.3,125.0,2.8,14.0,0.5,-61.2,-6.2,6.8,-24.5,198.0,52.6,14.0,0.5,-53.6,-1.0,2.5,-19.0,198.0,36.4,14.0,0.5,-1.0,0.2,1.4,0.23,180.0,1.41,14.0,0.5,-4.3,0.0,8.8,2.2,175.0,9.5,14.0,0.5,1.41,1.47,1.52,1.47,2.0,0.11,12.0,0.0,1.4,1.5,1.5,1.5,2.0,0.1,12.0,0.0,-100.7,-25.2,34.0,-29.4,182.0,64.9,14.0,0.5,-78.0,-13.6,14.6,-24.8,182.0,46.4,14.0,0.5,-6.5,-3.8,-1.2,-3.8,2.0,5.4,12.0,0.0,-6.3,-3.8,-1.2,-3.8,2.0,5.3,12.0,0.0,,,,,,,,,,,,,,,,,,,,,,,,,,,,,,,,
1911,2,-1.5,48.7,,,,,,,,,,,,,,,,,,,,,,,,,,,,,,,,,2.6,6.7,12.3,7.89,44.0,5.0,18.0,0.6,-0.32,3.95,11.4,4.89,44.0,6.55,18.0,0.6,-2.41,0.0,6.6,1.81,44.0,4.24,18.0,0.6,1014.61,1018.75,1022.39,1020.0,20.0,9.43,14.0,0.3,,,,,,,,,,,,,,,,,,,,,,,,,,,,,,,,,,,,,,,,,,,,,,,,,,,,,,,,,,,,,,,,,,,,,,,,,,,,,,,,,,,,,,,,,,,,,,,,,,,,,,,,,,,,,,,,,,,,,,,,
1911,2,-1.3999999999999773,-7.5,,,,,,,,,,,,,,,,,,,,,,,,,,,,,,,,,4.6,4.6,6.7,5.46,8.0,2.03,14.0,0.4,-2.51,-1.72,0.0,-1.49,8.0,1.35,14.0,0.4,4.27,4.6,6.21,5.17,8.0,1.81,14.0,0.4,1010.44,1011.6,1013.06,1011.47,6.0,1.79,14.0,0.3,,,,,,,,,,,,,,,,,,,,,,,,,,,,,,,,,,,,,,,,,,,,,,,,,,,,,,,,,,,,,,,,,,,,,,,,,,,,,,,,,,,,,,,,,,,,,,,,,,,,,,,,,,,,,,,,,,,,,,,,
1911,2,-1.3999999999999773,36.7,,,,,,,,,,,,,,,,,,,,,,,,,,,,,,,,,,,,,,,,,,,,,,,,,,,,,,,,,,,,,,,,,,,,,,,,,,,,,,,,,,,,,,,,,,,,,,,,,,,,,,,,,,,,,,,,,,,,,,,,,,,,,,,,,,,,,,,,,,,,,,,,,,,,,,,,,-1.2,-0.7,-0.2,-0.7,2.0,1.0,12.0,0.0,-1.3,-0.8,-0.2,-0.8,2.0,1.1,12.0,0.0,1.0,97.5,804.5,443.0,198.0,787.5,14.0,0.5,0.0,95.0,805.0,445.0,198.0,790.0,14.0,0.5
1911,2,-1.3999999999999773,50.1,6.4,7.45,8.2,7.36,422.0,0.98,14.0,0.5,4.4,7.0,9.0,6.8,419.0,2.05,14.0,0.5,6.96,6.96,6.96,6.96,1.0,0.0,16.0,0.0,92.9,92.9,92.9,92.9,1.0,0.0,16.0,0.0,2.6,6.7,12.3,7.45,421.0,5.11,14.0,0.5,-2.6,2.62,11.4,4.0,421.0,6.77,14.0,0.5,-4.6,0.0,4.74,-0.14,421.0,4.46,14.0,0.5,1005.0,1020.0,1034.22,1020.12,91.0,12.16,16.0,0.5,3.0,7.0,8.0,5.9,421.0,2.6,14.0,0.5,-8.3,15.0,144.1,58.1,421.0,107.9,14.0,0.5,-21.2,0.0,32.4,3.8,421.0,58.5,14.0,0.5,-1.3,0.4,2.5,0.56,405.0,1.85,14.0,0.5,-12.7,1.9,11.3,0.3,401.0,13.8,14.0,0.5,-0.97,-0.97,-0.97,-0.97,1.0,0.0,16.0,0.0,-9.0,-9.0,-9.0,-9.0,1.0,0.0,16.0,0.0,-11.9,16.3,98.4,35.4,415.0,53.9,14.0,0.5,-24.0,0.0,38.1,2.7,415.0,33.8,14.0,0.5,60.8,60.8,60.8,60.8,1.0,0.0,16.0,0.0,22.1,22.1,22.1,22.1,1.0,0.0,16.0,0.0,,,,,,,,,,,,,,,,,,,,,,,,,,,,,,,,
1911,2,-1.3999999999999773,50.3,,,,,,,,,,,,,,,,,,,,,,,,,,,,,,,,,,,,,,,,,,,,,,,,,,,,,,,,,,,,,,,,,,,,,,,,,,,,,,,,,,,,,,,,,,,,,,,,,,,,,,,,,,,,,,,,,,,,,,,,,,,,,,,,,,,,,,,,,,,,,,,,,,,,,,,,,-8.5,-8.5,-8.5,-8.5,1.0,0.0,16.0,0.0,-3.1,-3.1,-3.1,-3.1,1.0,0.0,16.0,0.0,17.5,301.0,1861.0,1137.0,421.0,2215.0,14.0,0.5,20.0,300.0,1860.0,1135.0,421.0,2215.0,14.0,0.5
1911,2,-1.3999999999999773,54.5,,,,,,,,,,,,,,,,,,,,,,,,,,,,,,,,,4.6,9.3,12.3,8.59,62.0,3.68,14.0,0.4,-0.32,4.43,8.71,3.67,62.0,4.89,14.0,0.4,-6.7,-1.41,6.62,-0.21,62.0,7.13,14.0,0.4,998.69,999.05,1001.67,1000.13,4.0,2.6,28.0,0.5,,,,,,,,,,,,,,,,,,,,,,,,,,,,,,,,,,,,,,,,,,,,,,,,,,,,,,,,,,,,,,,,,,,,,,,,,,,,,,,,,,,,,,,,,,,,,,,,,,,,,,,,,,,,,,,,,,,,,,,,
1911,2,-1.3999999999999773,58.3,,,,,,,,,,,,,,,,,,,,,,,,,,,,,,,,,6.7,10.8,16.32,12.08,12.0,5.14,14.0,0.7,2.07,5.99,10.12,6.14,12.0,5.57,14.0,0.7,-8.26,4.63,9.36,1.71,12.0,10.5,14.0,0.7,1037.63,1039.0,1040.37,1039.0,3.0,2.0,8.0,1.0,,,,,,,,,,,,,,,,,,,,,,,,,,,,,,,,,,,,,,,,,,,,,,,,,,,,,,,,,,,,,,,,,,,,,,,,,,,,,,,,,,,,,,,,,,,,,,,,,,,,,,,,,,,,,,,,,,,,,,,,
1911,2,-1.1999999999999886,38.3,,,,,,,,,,,,,,,,,,,,,,,,,,,,,,,,,2.37,4.6,12.3,5.78,19.0,4.49,10.0,0.5,-8.75,-1.84,2.37,-2.26,19.0,5.2,10.0,0.5,-4.63,-0.97,1.93,-1.61,19.0,4.5,10.0,0.5,1013.88,1021.7,1023.08,1019.35,6.0,4.93,12.0,0.7,,,,,,,,,,,,,,,,,,,,,,,,,,,,,,,,,,,,,,,,,,,,,,,,,,,,,,,,,,,,,,,,,,,,,,,,,,,,,,,,,,,,,,,,,,,,,,,,,,,,,,,,,,,,,,,,,,,,,,,,
1911,2,0.3,-13.6,,,,,,,,,,,,,,,,,,,,,,,,,,,,,,,,,4.6,6.7,6.7,6.22,13.0,0.92,12.0,0.2,-4.74,-4.74,-3.11,-4.17,13.0,1.13,12.0,0.2,4.23,4.74,4.74,4.55,13.0,0.43,12.0,0.2,1010.15,1012.15,1013.05,1011.63,4.0,1.88,16.0,0.3,,,,,,,,,,,,,,,,,,,,,,,,,,,,,,,,,,,,,,,,,,,,,,,,,,,,,,,,,,,,,,,,,,,,,,,,,,,,,,,,,,,,,,,,,,,,,,,,,,,,,,,,,,,,,,,,,,,,,,,,
1911,2,0.3,-11.7,,,,,,,,,,,,,,,,,,,,,,,,,,,,,,,,,6.7,6.7,6.7,6.7,1.0,0.0,16.0,1.0,-4.74,-4.74,-4.74,-4.74,1.0,0.0,16.0,1.0,4.74,4.74,4.74,4.74,1.0,0.0,16.0,1.0,1010.4,1010.4,1010.4,1010.4,1.0,0.0,16.0,1.0,,,,,,,,,,,,,,,,,,,,,,,,,,,,,,,,,,,,,,,,,,,,,,,,,,,,,,,,,,,,,,,,,,,,,,,,,,,,,,,,,,,,,,,,,,,,,,,,,,,,,,,,,,,,,,,,,,,,,,,,
1911,2,0.3,-7.7,,,,,,,,,,,,,,,,,,,,,,,,,,,,,,,,,4.93,5.65,6.37,5.65,2.0,1.48,20.0,0.5,0.52,1.63,2.74,1.63,2.0,2.3,20.0,0.5,3.8,4.98,6.15,4.98,2.0,2.44,20.0,0.5,1011.4,1011.4,1011.4,1011.4,1.0,0.0,24.0,0.0,,,,,,,,,,,,,,,,,,,,,,,,,,,,,,,,,,,,,,,,,,,,,,,,,,,,,,,,,,,,,,,,,,,,,,,,,,,,,,,,,,,,,,,,,,,,,,,,,,,,,,,,,,,,,,,,,,,,,,,,
1911,2,0.3,4.7,,,,,,,,,,,,,,,,,,,,,,,,,,,,,,,,,1.0,4.6,5.47,3.64,11.0,2.13,20.0,0.4,0.71,2.6,3.67,2.35,11.0,1.6,20.0,0.4,0.42,1.72,3.87,2.18,11.0,2.28,20.0,0.4,1008.53,1009.7,1010.39,1009.6,5.0,1.27,20.0,0.2,,,,,,,,,,,,,,,,,,,,,,,,,,,,,,,,,,,,,,,,,,,,,,,,,,,,,,,,,,,,,,,,,,,,,,,,,,,,,,,,,,,,,,,,,,,,,,,,,,,,,,,,,,,,,,,,,,,,,,,,
1911,2,0.3,48.8,,,,,,,,,,,,,,,,,,,,,,,,,,,,,,,,,2.54,6.7,11.02,6.83,10.0,4.56,14.0,0.8,-4.02,1.66,6.34,1.89,10.0,5.73,14.0,0.8,-1.86,0.35,6.4,2.56,10.0,5.35,14.0,0.8,1036.0,1036.0,1036.0,1036.0,1.0,0.0,14.0,0.0,,,,,,,,,,,,,,,,,,,,,,,,,,,,,,,,,,,,,,,,,,,,,,,,,,,,,,,,,,,,,,,,,,,,,,,,,,,,,,,,,,,,,,,,,,,,,,,,,,,,,,,,,,,,,,,,,,,,,,,,
1911,2,0.4,38.5,12.0,12.9,13.58,12.83,90.0,0.82,14.0,0.4,11.0,12.35,13.59,12.42,90.0,1.79,14.0,0.4,8.08,8.27,9.28,8.67,3.0,0.94,12.0,0.3,85.0,88.2,88.2,86.7,3.0,2.7,12.0,0.3,1.0,4.6,12.3,5.17,87.0,4.74,14.0,0.4,-6.21,0.0,2.39,-1.6,87.0,4.39,14.0,0.4,-7.53,-0.93,2.41,-2.14,87.0,4.8,14.0,0.4,1015.86,1022.95,1027.2,1022.43,36.0,5.86,16.0,0.4,0.0,3.0,8.0,3.4,93.0,3.0,14.0,0.4,-42.8,0.0,6.2,-21.7,87.0,54.7,14.0,0.4,-82.4,-0.9,6.4,-28.8,87.0,61.5,14.0,0.4,-0.5,0.4,1.8,0.42,86.0,1.38,14.0,0.4,-2.3,0.9,6.6,3.5,79.0,9.9,14.0,0.4,-0.23,0.72,0.78,0.28,3.0,0.83,12.0,0.3,-0.2,0.7,0.8,0.3,3.0,0.8,12.0,0.3,-78.9,0.0,31.6,-18.1,83.0,49.9,14.0,0.4,-97.2,-12.0,29.4,-23.7,83.0,54.1,14.0,0.4,-4.3,0.0,5.5,0.6,3.0,7.2,12.0,0.3,-8.3,-5.3,-1.7,-5.0,3.0,4.9,12.0,0.3,-0.4,0.0,0.5,0.0,3.0,0.7,12.0,0.3,-0.4,0.0,0.5,0.1,3.0,0.6,12.0,0.3,1.0,97.5,1861.0,592.5,87.0,1149.0,14.0,0.4,0.0,95.0,1860.0,595.0,87.0,1150.0,14.0,0.4
1911,2,0.4,50.4,5.0,6.1,7.5,6.23,547.0,1.15,14.0,0.5,4.0,6.0,8.5,6.12,546.0,2.16,14.0,0.5,6.5,6.77,7.13,6.81,4.0,0.38,18.0,0.3,92.2,92.5,96.6,94.3,4.0,3.8,18.0,0.3,2.6,6.7,12.3,7.82,544.0,5.14,14.0,0.5,-1.8,3.25,11.32,4.44,544.0,6.32,14.0,0.5,-4.6,0.0,6.14,0.1,544.0,5.28,14.0,0.5,1006.0,1017.3,1035.0,1019.39,113.0,13.06,14.0,0.4,2.0,6.0,8.0,5.5,540.0,2.8,14.0,0.5,-4.8,16.8,151.3,60.9,544.0,103.1,14.0,0.5,-31.7,0.0,61.2,10.8,544.0,70.2,14.0,0.5,-1.7,0.1,1.93,0.09,522.0,1.76,14.0,0.5,-18.5,0.2,9.3,-3.1,513.0,15.9,14.0,0.5,-1.57,-0.93,-0.77,-1.16,4.0,0.65,18.0,0.3,-11.8,-8.6,-7.2,-9.4,4.0,3.4,18.0,0.3,-6.5,16.7,89.8,34.8,536.0,48.2,14.0,0.5,-23.9,0.0,48.0,5.9,536.0,37.4,14.0,0.5,46.2,51.5,58.8,52.5,4.0,7.5,18.0,0.3,18.5,21.4,31.1,24.6,4.0,9.9,18.0,0.3,,,,,,,,,,,,,,,,,,,,,,,,,,,,,,,,
1911,2,0.4,50.6,,,,,,,,,,,,,,,,,,,,,,,,,,,,,,,,,,,,,,,,,,,,,,,,,,,,,,,,,,,,,,,,,,,,,,,,,,,,,,,,,,,,,,,,,,,,,,,,,,,,,,,,,,,,,,,,,,,,,,,,,,,,,,,,,,,,,,,,,,,,,,,,,,,,,,,,,-11.0,-7.4,-6.1,-8.5,4.0,3.4,18.0,0.3,-5.1,-4.0,-2.6,-3.8,4.0,1.5,18.0,0.3,17.5,301.0,1861.0,1215.5,544.0,2189.5,14.0,0.5,20.0,300.0,1860.0,1215.0,544.0,2190.0,14.0,0.5
1911,2,0.4,52.7,,,,,,,,,,,,,,,,,,,,,,,,,,,,,,,,,,,,,,,,,,,,,,,,,,,,,,,,,,,,,,,,,,,,,,,,,,,,,,,,,,,,,,,,,,,,,,,,,,,,,,,,,,,,,,,,,,,,,,,,,,,,,,,,,,,,,,,,,,,,,,,,,,,,,,,,,-4.8,-4.2,-3.6,-4.2,2.0,1.2,28.0,0.0,-4.0,-3.5,-3.0,-3.5,2.0,1.0,28.0,0.0,97.5,301.0,1644.5,764.5,59.0,1200.5,12.0,0.5,95.0,300.0,1645.0,765.0,59.0,1200.0,12.0,0.5
1911,2,0.4,58.2,,,,,,,,,,,,,,,,,,,,,,,,,,,,,,,,,6.7,12.3,18.37,12.29,11.0,6.37,16.0,0.0,-0.76,5.77,9.02,4.59,11.0,4.89,16.0,0.0,-7.49,2.51,17.63,4.33,11.0,11.79,16.0,0.0,1038.63,1039.8,1040.0,1039.36,5.0,0.86,10.0,0.0,,,,,,,,,,,,,,,,,,,,,,,,,,,,,,,,,,,,,,,,,,,,,,,,,,,,,,,,,,,,,,,,,,,,,,,,,,,,,,,,,,,,,,,,,,,,,,,,,,,,,,,,,,,,,,,,,,,,,,,,
1911,2,0.5,-19.5,,,,,,,,,,,,,,,,,,,,,,,,,,,,,,,,,9.8,9.8,9.8,9.8,2.0,0.0,8.0,0.5,-3.67,-3.67,-3.67,-3.67,2.0,0.0,8.0,0.5,9.09,9.09,9.09,9.09,2.0,0.0,8.0,0.5,1013.02,1013.7,1013.7,1013.37,3.0,0.58,8.0,0.7,,,,,,,,,,,,,,,,,,,,,,,,,,,,,,,,,,,,,,,,,,,,,,,,,,,,,,,,,,,,,,,,,,,,,,,,,,,,,,,,,,,,,,,,,,,,,,,,,,,,,,,,,,,,,,,,,,,,,,,,
1911,2,0.5,36.3,,,,,,,,,,,,,,,,,,,,,,,,,,,,,,,,,1.0,4.6,6.7,4.58,147.0,3.37,14.0,0.4,-4.74,-0.92,2.57,-1.29,147.0,4.16,14.0,0.4,-4.74,0.0,1.6,-1.48,147.0,3.37,14.0,0.4,1019.8,1023.45,1026.04,1023.15,42.0,2.85,14.0,0.4,,,,,,,,,,,,,,,,,,,,,,,,,,,,,,,,,,,,,,,,,,,,,,,,,,,,,,,,,,,,,,,,,,,,,,,,,,,,,,,,,,,,,,,,,,,,,,,,,,,,,,,,,,,,,,,,,,,,,,,,
1911,2,0.5,54.5,,,,,,,,,,,,,,,,,,,,,,,,,,,,,,,,,4.6,6.7,12.3,8.54,79.0,4.41,14.0,0.5,-0.44,1.72,6.7,3.04,79.0,4.94,14.0,0.5,-9.02,-0.71,8.65,-0.59,79.0,7.69,14.0,0.5,993.35,994.75,996.15,994.75,2.0,2.9,26.0,0.5,,,,,,,,,,,,,,,,,,,,,,,,,,,,,,,,,,,,,,,,,,,,,,,,,,,,,,,,,,,,,,,,,,,,,,,,,,,,,,,,,,,,,,,,,,,,,,,,,,,,,,,,,,,,,,,,,,,,,,,,
1911,2,0.5,56.3,,,,,,,,,,,,,,,,,,,,,,,,,,,,,,,,,9.3,13.85,19.92,14.51,12.0,6.35,18.0,0.4,8.66,11.36,16.4,11.86,12.0,5.14,18.0,0.4,-5.8,2.66,13.44,2.98,12.0,8.97,18.0,0.4,1028.61,1035.0,1037.73,1032.7,5.0,8.66,14.0,0.0,,,,,,,,,,,,,,,,,,,,,,,,,,,,,,,,,,,,,,,,,,,,,,,,,,,,,,,,,,,,,,,,,,,,,,,,,,,,,,,,,,,,,,,,,,,,,,,,,,,,,,,,,,,,,,,,,,,,,,,,
1911,2,0.6,-9.4,,,,,,,,,,,,,,,,,,,,,,,,,,,,,,,,,4.5,6.7,9.3,6.26,7.0,2.51,12.0,0.9,-3.48,-2.51,0.0,-1.96,7.0,1.47,12.0,0.9,4.19,6.21,8.62,5.88,7.0,2.25,12.0,0.9,1010.89,1012.3,1012.75,1011.74,5.0,1.78,12.0,1.0,,,,,,,,,,,,,,,,,,,,,,,,,,,,,,,,,,,,,,,,,,,,,,,,,,,,,,,,,,,,,,,,,,,,,,,,,,,,,,,,,,,,,,,,,,,,,,,,,,,,,,,,,,,,,,,,,,,,,,,,
1911,2,0.6,52.5,4.4,5.2,5.99,5.18,71.0,0.76,12.0,0.4,3.5,5.8,7.8,5.72,55.0,2.06,12.0,0.5,7.17,7.24,7.31,7.24,2.0,0.15,28.0,0.0,100.0,100.0,100.0,100.0,2.0,0.0,28.0,0.0,4.6,6.7,11.69,7.24,59.0,4.05,12.0,0.5,0.0,2.62,6.58,2.78,59.0,4.16,12.0,0.5,-6.7,-2.62,5.87,-1.24,59.0,6.55,12.0,0.5,1012.78,1016.25,1020.79,1017.25,18.0,8.32,18.0,0.0,4.0,8.0,8.0,6.2,58.0,3.0,12.0,0.5,0.0,15.0,61.2,27.0,59.0,52.6,12.0,0.5,-61.2,-15.0,41.3,-9.2,59.0,78.9,12.0,0.5,-2.2,-0.3,1.18,-0.47,52.0,1.72,12.0,0.5,-24.2,-1.9,7.5,-5.2,51.0,14.3,12.0,0.5,-1.65,-1.57,-1.49,-1.57,2.0,0.17,28.0,0.0,-6.3,-5.5,-4.7,-5.5,2.0,1.6,28.0,0.0,0.0,13.0,47.6,19.3,53.0,28.6,12.0,0.5,-47.9,-12.4,39.0,-4.4,53.0,41.5,12.0,0.5,16.3,19.9,23.5,19.9,2.0,7.4,28.0,0.0,13.7,16.7,19.7,16.7,2.0,6.2,28.0,0.0,,,,,,,,,,,,,,,,,,,,,,,,,,,,,,,,
1911,2,0.8,6.3,,,,,,,,,,,,,,,,,,,,,,,,,,,,,,,,,2.6,3.6,4.6,3.4,8.0,1.39,18.0,0.5,1.02,1.84,3.1,1.84,8.0,1.08,18.0,0.5,1.84,2.55,4.13,2.65,8.0,1.42,18.0,0.5,1008.13,1009.8,1010.6,1009.44,5.0,1.54,18.0,0.6,,,,,,,,,,,,,,,,,,,,,,,,,,,,,,,,,,,,,,,,,,,,,,,,,,,,,,,,,,,,,,,,,,,,,,,,,,,,,,,,,,,,,,,,,,,,,,,,,,,,,,,,,,,,,,,,,,,,,,,,
1911,2,0.8,40.2,,,,,,,,,,,,,,,,,,,,,,,,,,,,,,,,,2.6,6.7,15.4,8.37,28.0,5.34,14.0,0.4,-10.89,-2.6,1.81,-4.26,28.0,5.74,14.0,0.4,-10.89,-3.05,1.31,-4.29,28.0,5.5,14.0,0.4,1017.54,1024.0,1027.21,1022.81,11.0,4.94,14.0,0.5,,,,,,,,,,,,,,,,,,,,,,,,,,,,,,,,,,,,,,,,,,,,,,,,,,,,,,,,,,,,,,,,,,,,,,,,,,,,,,,,,,,,,,,,,,,,,,,,,,,,,,,,,,,,,,,,,,,,,,,,
1911,2,2.0,52.3,,,,,,,,,,,,,,,,,,,,,,,,,,,,,,,,,,,,,,,,,,,,,,,,,,,,,,,,,,,,,,,,,,,,,,,,,,,,,,,,,,,,,,,,,,,,,,,,,,,,,,,,,,,,,,,,,,,,,,,,,,,,,,,,,,,,,,,,,,,,,,,,,,,,,,,,,-1.4,-1.4,-1.4,-1.4,1.0,0.0,28.0,0.0,-1.2,-1.2,-1.2,-1.2,1.0,0.0,28.0,0.0,17.5,804.5,3652.5,1598.5,543.0,2381.0,14.0,0.5,20.0,805.0,3650.0,1600.0,543.0,2380.0,14.0,0.5
1911,2,2.3,-15.5,,,,,,,,,,,,,,,,,,,,,,,,,,,,,,,,,4.19,5.65,6.7,5.32,6.0,1.68,12.0,0.7,-4.74,-4.0,-1.83,-3.52,6.0,1.44,12.0,0.7,2.96,4.49,4.74,3.92,6.0,1.17,12.0,0.7,1012.74,1013.9,1014.65,1013.7,3.0,1.41,16.0,0.7,,,,,,,,,,,,,,,,,,,,,,,,,,,,,,,,,,,,,,,,,,,,,,,,,,,,,,,,,,,,,,,,,,,,,,,,,,,,,,,,,,,,,,,,,,,,,,,,,,,,,,,,,,,,,,,,,,,,,,,,
1911,2,2.3,-9.6,,,,,,,,,,,,,,,,,,,,,,,,,,,,,,,,,2.6,2.6,3.97,3.27,3.0,1.15,16.0,0.3,-0.59,1.84,1.84,0.65,3.0,2.06,16.0,0.3,1.84,1.84,3.49,2.65,3.0,1.4,16.0,0.3,1010.74,1011.7,1012.66,1011.7,2.0,1.98,24.0,0.5,,,,,,,,,,,,,,,,,,,,,,,,,,,,,,,,,,,,,,,,,,,,,,,,,,,,,,,,,,,,,,,,,,,,,,,,,,,,,,,,,,,,,,,,,,,,,,,,,,,,,,,,,,,,,,,,,,,,,,,,
1911,2,2.4,-17.4,,,,,,,,,,,,,,,,,,,,,,,,,,,,,,,,,4.6,6.7,6.7,5.74,25.0,1.69,8.0,0.5,-4.74,-3.25,-2.51,-3.56,25.0,1.31,8.0,0.5,3.25,4.74,6.21,4.28,25.0,1.77,8.0,0.5,1012.3,1012.3,1012.3,1012.3,1.0,0.0,16.0,1.0,,,,,,,,,,,,,,,,,,,,,,,,,,,,,,,,,,,,,,,,,,,,,,,,,,,,,,,,,,,,,,,,,,,,,,,,,,,,,,,,,,,,,,,,,,,,,,,,,,,,,,,,,,,,,,,,,,,,,,,,
1911,2,2.4,40.5,,,,,,,,,,,,,,,,,,,,,,,,,,,,,,,,,,,,,,,,,,,,,,,,,,,,,,,,,,,,,,,,,,,,,,,,,,,,,,,,,,,,,,,,,-0.6,0.6,2.0,0.75,70.0,1.49,16.0,0.5,-2.8,1.6,8.0,3.7,66.0,11.3,16.0,0.5,-0.06,0.45,0.63,0.29,3.0,0.53,12.0,0.3,0.2,1.2,2.6,1.4,3.0,1.8,12.0,0.3,,,,,,,,,,,,,,,,,,,,,,,,,,,,,,,,,,,,,,,,,,,,,,,,,,,,,,,,,,,,,,,,
1911,2,2.4,40.6,12.0,12.8,13.3,12.64,74.0,0.66,16.0,0.5,10.26,12.2,13.34,11.87,74.0,1.76,16.0,0.5,8.07,8.26,9.01,8.53,3.0,0.73,12.0,0.3,85.0,88.2,88.2,86.6,3.0,2.8,12.0,0.3,2.6,4.6,6.7,5.42,76.0,4.7,16.0,0.5,-4.74,1.65,4.27,-0.14,76.0,5.13,16.0,0.5,-6.21,0.0,2.99,-1.41,76.0,4.84,16.0,0.5,1016.21,1023.9,1030.23,1023.59,37.0,6.85,18.0,0.4,1.0,3.0,6.0,3.3,77.0,2.4,16.0,0.5,-33.0,4.8,19.6,-16.3,76.0,74.3,16.0,0.5,-41.6,0.0,15.0,-23.7,76.0,71.2,16.0,0.5,,,,,,,,,,,,,,,,,,,,,,,,,,,,,,,,,-53.2,15.9,51.4,0.1,70.0,60.7,16.0,0.5,-55.8,0.0,36.3,-13.8,70.0,57.0,16.0,0.5,0.0,0.0,6.0,2.9,3.0,5.1,12.0,0.3,9.0,21.5,31.9,20.5,3.0,16.8,12.0,0.3,,,,,,,,,,,,,,,,,,,,,,,,,,,,,,,,
1911,2,2.4,50.7,4.8,5.6,6.3,5.61,634.0,0.89,14.0,0.5,3.8,5.5,7.4,5.48,632.0,1.95,14.0,0.5,6.28,6.47,7.2,6.73,4.0,0.68,26.0,0.5,93.1,96.7,100.0,96.6,4.0,4.0,26.0,0.5,2.6,6.7,12.3,6.94,622.0,4.55,14.0,0.5,-0.97,3.25,10.01,3.87,622.0,5.29,14.0,0.5,-4.74,0.0,4.77,-0.09,622.0,5.09,14.0,0.5,1004.93,1020.7,1035.5,1021.14,400.0,14.03,14.0,0.5,2.0,6.0,8.0,5.5,630.0,2.6,14.0,0.5,-2.5,15.0,121.4,46.6,622.0,75.4,14.0,0.5,-31.7,0.0,56.7,4.3,622.0,61.0,14.0,0.5,-1.6,0.0,1.7,0.11,618.0,1.68,14.0,0.5,-13.5,0.0,7.3,-2.5,600.0,12.7,14.0,0.5,-1.05,-0.72,-0.68,-0.86,4.0,0.32,26.0,0.5,-9.8,-5.0,-3.1,-6.4,4.0,4.4,26.0,0.5,-2.0,14.4,68.4,26.4,614.0,36.0,14.0,0.5,-25.8,0.0,33.7,1.9,614.0,32.5,14.0,0.5,21.6,22.1,23.4,22.5,4.0,1.5,26.0,0.5,18.6,38.3,62.9,40.6,4.0,25.7,26.0,0.5,,,,,,,,,,,,,,,,,,,,,,,,,,,,,,,,
1911,2,2.4,54.4,,,,,,,,,,,,,,,,,,,,,,,,,,,,,,,,,4.6,9.3,15.4,9.35,46.0,4.8,14.0,0.5,0.0,1.84,7.42,3.08,46.0,5.46,14.0,0.5,-8.69,-1.84,9.3,-0.58,46.0,8.52,14.0,0.5,995.4,995.4,995.4,995.4,1.0,0.0,26.0,1.0,,,,,,,,,,,,,,,,,,,,,,,,,,,,,,,,,,,,,,,,,,,,,,,,,,,,,,,,,,,,,,,,,,,,,,,,,,,,,,,,,,,,,,,,,,,,,,,,,,,,,,,,,,,,,,,,,,,,,,,,
1911,2,2.5,-11.4,,,,,,,,,,,,,,,,,,,,,,,,,,,,,,,,,2.6,4.6,8.96,5.27,9.0,3.32,14.0,0.1,-6.34,0.0,1.84,-1.58,9.0,3.87,14.0,0.1,1.84,4.6,6.74,4.04,9.0,2.47,14.0,0.1,1011.38,1011.5,1013.0,1011.93,7.0,0.82,14.0,0.0,,,,,,,,,,,,,,,,,,,,,,,,,,,,,,,,,,,,,,,,,,,,,,,,,,,,,,,,,,,,,,,,,,,,,,,,,,,,,,,,,,,,,,,,,,,,,,,,,,,,,,,,,,,,,,,,,,,,,,,,
1911,2,2.5,36.5,,,,,,,,,,,,,,,,,,,,,,,,,,,,,,,,,1.0,4.6,6.7,4.07,147.0,3.4,14.0,0.5,-4.6,0.0,4.07,-0.91,147.0,4.61,14.0,0.5,-3.61,0.0,0.31,-0.93,147.0,2.3,14.0,0.5,1020.19,1023.0,1026.71,1023.08,45.0,3.38,14.0,0.6,,,,,,,,,,,,,,,,,,,,,,,,,,,,,,,,,,,,,,,,,,,,,,,,,,,,,,,,,,,,,,,,,,,,,,,,,,,,,,,,,,,,,,,,,,,,,,,,,,,,,,,,,,,,,,,,,,,,,,,,
1911,2,2.5,50.7,,,,,,,,,,,,,,,,,,,,,,,,,,,,,,,,,,,,,,,,,,,,,,,,,,,,,,,,,,,,,,,,,,,,,,,,,,,,,,,,,,,,,,,,,,,,,,,,,,,,,,,,,,,,,,,,,,,,,,,,,,,,,,,,,,,,,,,,,,,,,,,,,,,,,,,,,-3.4,-2.4,-2.3,-2.8,4.0,0.9,26.0,0.5,-9.2,-4.2,-2.0,-5.5,4.0,4.6,26.0,0.5,17.5,301.0,1861.0,838.5,622.0,1431.5,14.0,0.5,20.0,300.0,1860.0,840.0,622.0,1430.0,14.0,0.5
1911,2,2.5,56.3,,,,,,,,,,,,,,,,,,,,,,,,,,,,,,,,,5.76,9.3,15.4,9.23,36.0,4.5,16.0,0.6,0.0,4.74,10.89,5.06,36.0,5.24,16.0,0.6,-8.97,-4.0,6.17,-2.95,36.0,6.72,16.0,0.6,1005.87,1018.5,1031.13,1018.5,2.0,26.16,16.0,1.0,,,,,,,,,,,,,,,,,,,,,,,,,,,,,,,,,,,,,,,,,,,,,,,,,,,,,,,,,,,,,,,,,,,,,,,,,,,,,,,,,,,,,,,,,,,,,,,,,,,,,,,,,,,,,,,,,,,,,,,,
1911,2,2.6,-19.3,,,,,,,,,,,,,,,,,,,,,,,,,,,,,,,,,5.17,6.7,9.3,7.39,9.0,1.99,16.0,0.2,-6.08,-4.23,-3.32,-4.4,9.0,1.43,16.0,0.2,3.65,6.21,8.07,5.68,9.0,2.29,16.0,0.2,1012.3,1012.3,1012.3,1012.3,1.0,0.0,8.0,1.0,,,,,,,,,,,,,,,,,,,,,,,,,,,,,,,,,,,,,,,,,,,,,,,,,,,,,,,,,,,,,,,,,,,,,,,,,,,,,,,,,,,,,,,,,,,,,,,,,,,,,,,,,,,,,,,,,,,,,,,,
1911,2,2.6,6.2,,,,,,,,,,,,,,,,,,,,,,,,,,,,,,,,,2.6,2.6,6.7,4.0,16.0,1.79,18.0,0.3,1.84,2.6,4.56,2.89,16.0,1.22,18.0,0.3,0.0,2.12,4.74,2.32,16.0,2.04,18.0,0.3,1007.05,1009.2,1011.88,1009.34,9.0,2.31,16.0,0.0,,,,,,,,,,,,,,,,,,,,,,,,,,,,,,,,,,,,,,,,,,,,,,,,,,,,,,,,,,,,,,,,,,,,,,,,,,,,,,,,,,,,,,,,,,,,,,,,,,,,,,,,,,,,,,,,,,,,,,,,
1911,2,2.6,40.6,,,,,,,,,,,,,,,,,,,,,,,,,,,,,,,,,,,,,,,,,,,,,,,,,,,,,,,,,,,,,,,,,,,,,,,,,,,,,,,,,,,,,,,,,,,,,,,,,,,,,,,,,,,,,,,,,,,,,,,,,,,,,,,,,,,,,,,,,,,,,,,,,,,,,,,,,-0.2,0.0,0.0,-0.1,3.0,0.2,12.0,0.3,0.3,1.2,2.6,1.5,3.0,1.7,12.0,0.3,17.5,97.5,301.0,695.0,76.0,1768.5,16.0,0.5,20.0,95.0,300.0,695.0,76.0,1770.0,16.0,0.5
1911,2,2.6,52.2,4.5,5.2,6.2,5.34,563.0,0.95,14.0,0.5,3.5,5.6,7.1,5.36,544.0,1.88,14.0,0.5,6.56,6.56,6.56,6.56,1.0,0.0,28.0,0.0,100.0,100.0,100.0,100.0,1.0,0.0,28.0,0.0,2.6,9.3,15.4,8.93,543.0,5.47,14.0,0.5,0.0,4.27,12.3,5.47,543.0,6.31,14.0,0.5,-6.58,0.0,6.02,-0.46,543.0,6.31,14.0,0.5,1004.23,1019.8,1035.0,1020.02,232.0,14.03,14.0,0.4,2.0,6.0,8.0,5.5,548.0,2.6,14.0,0.5,0.0,31.7,167.7,77.5,543.0,108.2,14.0,0.5,-61.2,0.0,61.2,0.6,543.0,90.6,14.0,0.5,-1.6,-0.2,1.5,-0.07,526.0,1.62,14.0,0.5,-19.7,-0.9,7.5,-4.2,514.0,15.6,14.0,0.5,-0.72,-0.72,-0.72,-0.72,1.0,0.0,28.0,0.0,-1.9,-1.9,-1.9,-1.9,1.0,0.0,28.0,0.0,0.0,21.3,81.6,35.3,531.0,40.9,14.0,0.5,-35.1,0.0,36.9,-0.7,531.0,38.4,14.0,0.5,13.1,13.1,13.1,13.1,1.0,0.0,28.0,0.0,11.0,11.0,11.0,11.0,1.0,0.0,28.0,0.0,,,,,,,,,,,,,,,,,,,,,,,,,,,,,,,,
1911,2,2.6,58.3,,,,,,,,,,,,,,,,,,,,,,,,,,,,,,,,,2.6,9.5,13.24,8.87,18.0,5.44,16.0,0.5,-1.25,1.72,13.24,4.28,18.0,7.41,16.0,0.5,-4.27,0.0,6.73,1.37,18.0,6.05,16.0,0.5,1036.0,1036.0,1036.0,1036.0,1.0,0.0,8.0,0.0,,,,,,,,,,,,,,,,,,,,,,,,,,,,,,,,,,,,,,,,,,,,,,,,,,,,,,,,,,,,,,,,,,,,,,,,,,,,,,,,,,,,,,,,,,,,,,,,,,,,,,,,,,,,,,,,,,,,,,,,
1911,2,2.7,38.4,,,,,,,,,,,,,,,,,,,,,,,,,,,,,,,,,0.0,1.3,4.6,2.05,8.0,2.29,18.0,0.4,-3.0,0.0,0.0,-0.53,8.0,2.72,18.0,0.4,-2.14,0.0,0.0,-0.71,8.0,1.33,18.0,0.4,1018.6,1020.55,1029.05,1023.68,4.0,8.36,18.0,0.0,,,,,,,,,,,,,,,,,,,,,,,,,,,,,,,,,,,,,,,,,,,,,,,,,,,,,,,,,,,,,,,,,,,,,,,,,,,,,,,,,,,,,,,,,,,,,,,,,,,,,,,,,,,,,,,,,,,,,,,,
1911,2,2.8,-13.2,,,,,,,,,,,,,,,,,,,,,,,,,,,,,,,,,4.6,4.6,4.6,4.6,1.0,0.0,6.0,1.0,-1.72,-1.72,-1.72,-1.72,1.0,0.0,6.0,1.0,4.27,4.27,4.27,4.27,1.0,0.0,6.0,1.0,1013.7,1013.7,1013.7,1013.7,1.0,0.0,6.0,1.0,,,,,,,,,,,,,,,,,,,,,,,,,,,,,,,,,,,,,,,,,,,,,,,,,,,,,,,,,,,,,,,,,,,,,,,,,,,,,,,,,,,,,,,,,,,,,,,,,,,,,,,,,,,,,,,,,,,,,,,,
1911,2,2.8,42.2,,,,,,,,,,,,,,,,,,,,,,,,,,,,,,,,,2.63,9.55,19.0,11.18,20.0,8.18,14.0,0.5,0.0,1.57,8.45,2.88,20.0,5.49,14.0,0.5,-17.61,-9.16,-0.02,-9.14,20.0,8.46,14.0,0.5,1014.71,1019.3,1022.26,1018.53,4.0,4.95,18.0,0.0,,,,,,,,,,,,,,,,,,,,,,,,,,,,,,,,,,,,,,,,,,,,,,,,,,,,,,,,,,,,,,,,,,,,,,,,,,,,,,,,,,,,,,,,,,,,,,,,,,,,,,,,,,,,,,,,,,,,,,,,
1911,2,4.3,-19.5,,,,,,,,,,,,,,,,,,,,,,,,,,,,,,,,,6.7,6.7,9.3,7.48,18.0,1.47,8.0,0.5,-6.58,-4.74,-2.51,-4.48,18.0,1.99,8.0,0.5,4.74,6.21,6.61,5.69,18.0,1.37,8.0,0.5,1015.1,1015.1,1015.1,1015.1,1.0,0.0,18.0,1.0,,,,,,,,,,,,,,,,,,,,,,,,,,,,,,,,,,,,,,,,,,,,,,,,,,,,,,,,,,,,,,,,,,,,,,,,,,,,,,,,,,,,,,,,,,,,,,,,,,,,,,,,,,,,,,,,,,,,,,,,
1911,2,4.3,-17.6,,,,,,,,,,,,,,,,,,,,,,,,,,,,,,,,,4.6,6.7,7.83,6.48,5.0,2.13,14.0,0.2,-5.54,-4.74,-3.25,-4.58,5.0,1.51,14.0,0.2,3.25,4.74,5.54,4.58,5.0,1.51,14.0,0.2,1014.13,1014.7,1014.85,1014.5,4.0,0.55,18.0,0.0,,,,,,,,,,,,,,,,,,,,,,,,,,,,,,,,,,,,,,,,,,,,,,,,,,,,,,,,,,,,,,,,,,,,,,,,,,,,,,,,,,,,,,,,,,,,,,,,,,,,,,,,,,,,,,,,,,,,,,,,
1911,2,4.3,-11.7,,,,,,,,,,,,,,,,,,,,,,,,,,,,,,,,,1.57,2.8,4.03,2.8,2.0,2.55,20.0,1.0,0.0,0.0,0.0,0.0,2.0,0.0,20.0,1.0,1.57,2.8,4.03,2.8,2.0,2.55,20.0,1.0,1011.9,1011.9,1011.9,1011.9,1.0,0.0,26.0,1.0,,,,,,,,,,,,,,,,,,,,,,,,,,,,,,,,,,,,,,,,,,,,,,,,,,,,,,,,,,,,,,,,,,,,,,,,,,,,,,,,,,,,,,,,,,,,,,,,,,,,,,,,,,,,,,,,,,,,,,,,
1911,2,4.3,52.6,,,,,,,,,,,,,,,,,,,,,,,,,,,,,,,,,2.6,9.3,15.4,9.65,863.0,5.89,14.0,0.5,0.0,4.74,14.18,6.26,863.0,6.42,14.0,0.5,-8.57,0.0,6.58,-0.4,863.0,6.88,14.0,0.5,996.2,1011.8,1030.0,1013.14,273.0,15.17,16.0,0.5,,,,,,,,,,,,,,,,,,,,,,,,,,,,,,,,,,,,,,,,,,,,,,,,,,,,,,,,,,,,,,,,,,,,,,,,,,,,,,,,,,,,,,,,,,,,,,,,,,,,,,,,,,,,,,,,,,,,,,,,
1911,2,4.5,4.5,,,,,,,,,,,,,,,,,,,,,,,,,,,,,,,,,1.0,2.6,4.49,2.83,17.0,2.06,14.0,0.6,0.0,2.41,2.61,1.83,17.0,1.56,14.0,0.6,0.0,0.0,3.59,1.39,17.0,2.18,14.0,0.6,1005.39,1006.95,1009.32,1007.03,6.0,2.18,12.0,0.7,,,,,,,,,,,,,,,,,,,,,,,,,,,,,,,,,,,,,,,,,,,,,,,,,,,,,,,,,,,,,,,,,,,,,,,,,,,,,,,,,,,,,,,,,,,,,,,,,,,,,,,,,,,,,,,,,,,,,,,,
1911,2,4.5,36.7,,,,,,,,,,,,,,,,,,,,,,,,,,,,,,,,,0.0,2.6,6.7,3.55,123.0,3.07,14.0,0.3,-3.88,0.0,3.02,-0.47,123.0,3.99,14.0,0.3,-2.47,0.0,0.71,-0.62,123.0,2.37,14.0,0.3,1020.0,1023.1,1027.0,1023.69,39.0,3.74,14.0,0.3,,,,,,,,,,,,,,,,,,,,,,,,,,,,,,,,,,,,,,,,,,,,,,,,,,,,,,,,,,,,,,,,,,,,,,,,,,,,,,,,,,,,,,,,,,,,,,,,,,,,,,,,,,,,,,,,,,,,,,,,
1911,2,4.5,38.5,,,,,,,,,,,,,,,,,,,,,,,,,,,,,,,,,2.6,4.6,6.7,5.19,20.0,3.02,18.0,0.3,-4.25,0.35,4.58,-0.36,20.0,4.98,18.0,0.3,-4.71,0.0,2.59,-0.92,20.0,3.42,18.0,0.3,1018.75,1020.1,1022.64,1020.67,9.0,2.31,16.0,0.0,,,,,,,,,,,,,,,,,,,,,,,,,,,,,,,,,,,,,,,,,,,,,,,,,,,,,,,,,,,,,,,,,,,,,,,,,,,,,,,,,,,,,,,,,,,,,,,,,,,,,,,,,,,,,,,,,,,,,,,,
1911,2,4.5,40.5,,,,,,,,,,,,,,,,,,,,,,,,,,,,,,,,,4.6,6.7,15.4,8.55,17.0,5.53,18.0,0.6,-3.38,1.8,10.03,2.01,17.0,6.57,18.0,0.6,-10.89,-4.6,0.0,-5.14,17.0,5.73,18.0,0.6,1018.22,1019.55,1026.33,1021.92,6.0,6.1,18.0,1.0,,,,,,,,,,,,,,,,,,,,,,,,,,,,,,,,,,,,,,,,,,,,,,,,,,,,,,,,,,,,,,,,,,,,,,,,,,,,,,,,,,,,,,,,,,,,,,,,,,,,,,,,,,,,,,,,,,,,,,,,
1911,2,4.5,42.4,,,,,,,,,,,,,,,,,,,,,,,,,,,,,,,,,,,,,,,,,,,,,,,,,,,,,,,,,,,,,,,,,,,,,,,,,,,,,,,,,,,,,,,,,-0.73,0.8,3.93,1.24,62.0,2.37,16.0,0.4,-3.6,2.7,36.7,16.4,58.0,35.8,18.0,0.4,1.15,1.29,1.97,1.55,3.0,0.64,10.0,0.0,6.4,7.3,8.2,7.3,3.0,1.3,10.0,0.0,0.0,43.0,89.8,47.1,61.0,65.4,18.0,0.4,-109.8,-33.1,9.2,-42.7,61.0,65.0,18.0,0.4,-15.6,-11.5,-3.7,-9.7,3.0,8.9,10.0,0.0,8.6,47.9,49.1,29.3,3.0,33.8,10.0,0.0,-3.9,-2.5,-0.8,-2.3,3.0,2.3,10.0,0.0,-0.4,6.8,8.1,3.9,3.0,6.7,10.0,0.0,17.5,301.0,3652.5,1721.5,63.0,2955.0,18.0,0.4,20.0,300.0,3650.0,1720.0,63.0,2955.0,18.0,0.4
1911,2,4.5,54.4,,,,,,,,,,,,,,,,,,,,,,,,,,,,,,,,,4.6,9.3,15.4,10.99,90.0,5.62,16.0,0.5,0.0,4.6,14.28,6.15,90.0,6.68,16.0,0.5,-8.81,-3.37,6.12,-1.85,90.0,8.21,16.0,0.5,1030.16,1030.5,1030.84,1030.5,2.0,0.71,10.0,1.0,,,,,,,,,,,,,,,,,,,,,,,,,,,,,,,,,,,,,,,,,,,,,,,,,,,,,,,,,,,,,,,,,,,,,,,,,,,,,,,,,,,,,,,,,,,,,,,,,,,,,,,,,,,,,,,,,,,,,,,,
1911,2,4.5,56.4,,,,,,,,,,,,,,,,,,,,,,,,,,,,,,,,,4.6,12.3,19.0,11.35,91.0,6.16,16.0,0.4,0.0,6.17,13.44,6.76,91.0,6.69,16.0,0.4,-12.05,-3.63,4.38,-3.79,91.0,7.92,16.0,0.4,995.44,1033.0,1035.73,1020.33,9.0,20.57,14.0,0.3,,,,,,,,,,,,,,,,,,,,,,,,,,,,,,,,,,,,,,,,,,,,,,,,,,,,,,,,,,,,,,,,,,,,,,,,,,,,,,,,,,,,,,,,,,,,,,,,,,,,,,,,,,,,,,,,,,,,,,,,
1911,2,4.6,-13.4,,,,,,,,,,,,,,,,,,,,,,,,,,,,,,,,,2.6,5.65,8.19,5.42,10.0,2.82,10.0,0.5,-4.28,-2.17,-0.16,-2.26,10.0,2.47,10.0,0.5,1.84,4.5,6.42,4.5,10.0,2.52,10.0,0.5,1011.43,1013.2,1013.5,1012.6,5.0,1.1,14.0,0.8,,,,,,,,,,,,,,,,,,,,,,,,,,,,,,,,,,,,,,,,,,,,,,,,,,,,,,,,,,,,,,,,,,,,,,,,,,,,,,,,,,,,,,,,,,,,,,,,,,,,,,,,,,,,,,,,,,,,,,,,
1911,2,4.6,42.4,11.5,12.5,13.0,12.39,64.0,0.71,16.0,0.4,8.03,11.8,13.57,11.23,65.0,2.6,16.0,0.4,6.3,7.41,7.54,6.93,3.0,1.0,10.0,0.0,80.9,82.0,90.3,85.5,3.0,7.5,10.0,0.0,2.6,6.7,15.4,8.41,63.0,6.17,18.0,0.4,0.0,3.63,8.63,4.03,63.0,5.29,18.0,0.4,-13.44,-2.51,0.3,-4.36,63.0,6.8,18.0,0.4,1015.0,1020.9,1026.85,1020.82,33.0,6.7,18.0,0.5,0.0,2.0,3.0,1.9,65.0,2.0,16.0,0.4,0.0,19.6,111.5,50.0,63.0,88.5,18.0,0.4,-219.9,-15.0,0.8,-69.0,63.0,126.3,18.0,0.4,,,,,,,,,,,,,,,,,,,,,,,,,,,,,,,,,,,,,,,,,,,,,,,,,,,,,,,,,,,,,,,,,,,,,,,,,,,,,,,,,,,,,,,,,,,,,,,,
1911,2,6.3,-21.5,,,,,,,,,,,,,,,,,,,,,,,,,,,,,,,,,6.7,8.0,9.3,7.77,18.0,1.7,8.0,0.4,-6.58,-4.74,-2.59,-4.58,18.0,1.74,8.0,0.4,4.74,6.39,7.18,6.1,18.0,1.45,8.0,0.4,1013.74,1014.25,1014.76,1014.25,2.0,1.06,18.0,0.0,,,,,,,,,,,,,,,,,,,,,,,,,,,,,,,,,,,,,,,,,,,,,,,,,,,,,,,,,,,,,,,,,,,,,,,,,,,,,,,,,,,,,,,,,,,,,,,,,,,,,,,,,,,,,,,,,,,,,,,,
1911,2,6.3,-19.5,,,,,,,,,,,,,,,,,,,,,,,,,,,,,,,,,6.7,6.7,6.7,6.7,2.0,0.0,18.0,1.0,-4.74,-4.74,-4.74,-4.74,2.0,0.0,18.0,1.0,4.74,4.74,4.74,4.74,2.0,0.0,18.0,1.0,1013.68,1014.5,1015.32,1014.5,2.0,1.7,18.0,1.0,,,,,,,,,,,,,,,,,,,,,,,,,,,,,,,,,,,,,,,,,,,,,,,,,,,,,,,,,,,,,,,,,,,,,,,,,,,,,,,,,,,,,,,,,,,,,,,,,,,,,,,,,,,,,,,,,,,,,,,,
1911,2,6.3,-13.7,,,,,,,,,,,,,,,,,,,,,,,,,,,,,,,,,3.55,5.65,6.7,5.15,4.0,1.97,14.0,0.5,-3.36,-1.78,0.55,-1.42,4.0,3.03,14.0,0.5,2.99,4.5,5.49,4.25,4.0,1.8,14.0,0.5,1013.61,1013.85,1014.09,1013.85,2.0,0.5,26.0,0.0,,,,,,,,,,,,,,,,,,,,,,,,,,,,,,,,,,,,,,,,,,,,,,,,,,,,,,,,,,,,,,,,,,,,,,,,,,,,,,,,,,,,,,,,,,,,,,,,,,,,,,,,,,,,,,,,,,,,,,,,
1911,2,6.4,4.3,,,,,,,,,,,,,,,,,,,,,,,,,,,,,,,,,1.94,2.6,4.6,2.76,11.0,1.45,14.0,0.4,0.0,2.41,4.4,2.22,11.0,1.79,14.0,0.4,0.0,0.0,1.3,0.44,11.0,1.28,14.0,0.4,1004.53,1006.45,1009.11,1006.8,4.0,2.79,12.0,0.3,,,,,,,,,,,,,,,,,,,,,,,,,,,,,,,,,,,,,,,,,,,,,,,,,,,,,,,,,,,,,,,,,,,,,,,,,,,,,,,,,,,,,,,,,,,,,,,,,,,,,,,,,,,,,,,,,,,,,,,,
1911,2,6.4,40.7,,,,,,,,,,,,,,,,,,,,,,,,,,,,,,,,,4.41,4.6,15.4,7.62,13.0,5.55,16.0,0.6,-2.03,2.41,11.13,3.44,13.0,6.38,16.0,0.6,-9.45,-1.0,1.72,-3.39,13.0,5.26,16.0,0.6,1016.21,1020.4,1025.16,1019.81,7.0,4.97,18.0,0.9,,,,,,,,,,,,,,,,,,,,,,,,,,,,,,,,,,,,,,,,,,,,,,,,,,,,,,,,,,,,,,,,,,,,,,,,,,,,,,,,,,,,,,,,,,,,,,,,,,,,,,,,,,,,,,,,,,,,,,,,
1911,2,6.4,52.7,,,,,,,,,,,,,,,,,,,,,,,,,,,,,,,,,3.78,9.3,15.4,9.3,408.0,5.35,14.0,0.5,0.0,6.17,12.3,6.31,408.0,5.89,14.0,0.5,-6.21,0.0,7.12,0.61,408.0,6.35,14.0,0.5,996.89,1011.0,1029.6,1013.3,57.0,14.75,16.0,0.5,,,,,,,,,,,,,,,,,,,,,,,,,,,,,,,,,,,,,,,,,,,,,,,,,,,,,,,,,,,,,,,,,,,,,,,,,,,,,,,,,,,,,,,,,,,,,,,,,,,,,,,,,,,,,,,,,,,,,,,,
1911,2,6.4,54.4,,,,,,,,,,,,,,,,,,,,,,,,,,,,,,,,,4.6,9.3,15.4,10.48,92.0,5.74,14.0,0.5,0.0,4.74,13.44,6.88,92.0,6.18,14.0,0.5,-10.89,0.0,6.17,-1.24,92.0,7.51,14.0,0.5,994.55,1027.0,1030.38,1018.51,7.0,19.88,12.0,0.3,,,,,,,,,,,,,,,,,,,,,,,,,,,,,,,,,,,,,,,,,,,,,,,,,,,,,,,,,,,,,,,,,,,,,,,,,,,,,,,,,,,,,,,,,,,,,,,,,,,,,,,,,,,,,,,,,,,,,,,,
1911,2,6.5,2.8,,,,,,,,,,,,,,,,,,,,,,,,,,,,,,,,,3.55,4.6,4.6,4.1,4.0,1.0,16.0,0.5,2.06,3.25,3.25,2.68,4.0,1.14,16.0,0.5,0.29,3.25,3.25,1.84,4.0,2.83,16.0,0.5,1009.8,1009.8,1009.8,1009.8,1.0,0.0,14.0,0.0,,,,,,,,,,,,,,,,,,,,,,,,,,,,,,,,,,,,,,,,,,,,,,,,,,,,,,,,,,,,,,,,,,,,,,,,,,,,,,,,,,,,,,,,,,,,,,,,,,,,,,,,,,,,,,,,,,,,,,,,
1911,2,6.5,36.8,,,,,,,,,,,,,,,,,,,,,,,,,,,,,,,,,1.0,4.6,9.06,4.78,115.0,3.8,14.0,0.5,-4.74,0.0,4.6,-0.27,115.0,5.31,14.0,0.5,-3.6,0.0,1.84,-0.75,115.0,2.94,14.0,0.5,1019.54,1022.2,1027.18,1023.25,34.0,4.69,14.0,0.6,,,,,,,,,,,,,,,,,,,,,,,,,,,,,,,,,,,,,,,,,,,,,,,,,,,,,,,,,,,,,,,,,,,,,,,,,,,,,,,,,,,,,,,,,,,,,,,,,,,,,,,,,,,,,,,,,,,,,,,,
1911,2,6.5,42.4,11.98,12.65,13.0,12.46,88.0,0.78,16.0,0.4,10.2,11.5,13.7,11.58,83.0,2.32,16.0,0.4,5.96,6.66,7.35,6.66,2.0,1.44,8.0,0.0,68.6,76.5,84.5,76.5,2.0,16.4,8.0,0.0,2.6,4.6,12.3,6.92,85.0,6.27,16.0,0.4,-2.6,1.02,8.56,1.9,85.0,6.89,16.0,0.4,-8.12,-0.89,2.29,-2.34,85.0,5.57,16.0,0.4,1011.6,1021.1,1031.02,1021.13,45.0,8.69,16.0,0.3,0.0,2.0,6.0,2.4,88.0,2.4,16.0,0.4,-7.1,2.6,79.6,21.3,85.0,122.2,16.0,0.4,-107.0,-0.9,6.1,-42.0,85.0,101.7,16.0,0.4,-0.73,0.9,2.1,0.84,81.0,1.94,16.0,0.4,-2.7,2.2,14.2,7.5,76.0,24.5,16.0,0.4,1.31,1.91,2.5,1.91,2.0,1.23,8.0,0.0,3.4,5.0,6.5,5.0,2.0,3.2,8.0,0.0,-32.6,11.0,108.2,28.6,78.0,79.9,16.0,0.4,-96.0,-10.8,22.3,-27.6,78.0,59.9,16.0,0.4,14.6,16.3,18.0,16.3,2.0,3.5,8.0,0.0,-6.5,-5.9,-5.3,-5.9,2.0,1.3,8.0,0.0,,,,,,,,,,,,,,,,,,,,,,,,,,,,,,,,
1911,2,6.6,-15.3,,,,,,,,,,,,,,,,,,,,,,,,,,,,,,,,,2.6,6.95,9.8,6.32,12.0,3.59,12.0,0.3,-3.67,0.0,0.0,-1.2,12.0,1.94,12.0,0.3,2.6,6.44,9.14,6.02,12.0,3.39,12.0,0.3,1012.55,1013.2,1014.17,1013.32,5.0,0.87,14.0,0.4,,,,,,,,,,,,,,,,,,,,,,,,,,,,,,,,,,,,,,,,,,,,,,,,,,,,,,,,,,,,,,,,,,,,,,,,,,,,,,,,,,,,,,,,,,,,,,,,,,,,,,,,,,,,,,,,,,,,,,,,
1911,2,6.6,38.3,,,,,,,,,,,,,,,,,,,,,,,,,,,,,,,,,2.6,4.6,6.95,4.52,13.0,2.67,18.0,0.4,-2.48,1.84,4.91,1.74,13.0,3.96,18.0,0.4,-4.61,-1.84,0.0,-2.28,13.0,2.14,18.0,0.4,1018.7,1018.7,1018.7,1018.7,1.0,0.0,28.0,0.0,,,,,,,,,,,,,,,,,,,,,,,,,,,,,,,,,,,,,,,,,,,,,,,,,,,,,,,,,,,,,,,,,,,,,,,,,,,,,,,,,,,,,,,,,,,,,,,,,,,,,,,,,,,,,,,,,,,,,,,,
1911,2,6.6,42.6,,,,,,,,,,,,,,,,,,,,,,,,,,,,,,,,,,,,,,,,,,,,,,,,,,,,,,,,,,,,,,,,,,,,,,,,,,,,,,,,,,,,,,,,,,,,,,,,,,,,,,,,,,,,,,,,,,,,,,,,,,,,,,,,,,,,,,,,,,,,,,,,,,,,,,,,,3.2,4.7,6.1,4.7,2.0,3.0,8.0,0.0,-2.2,-1.7,-1.2,-1.7,2.0,1.1,8.0,0.0,17.5,97.5,1861.0,1440.5,85.0,3058.5,16.0,0.4,20.0,95.0,1860.0,1440.0,85.0,3060.0,16.0,0.4
1911,2,6.6,56.5,,,,,,,,,,,,,,,,,,,,,,,,,,,,,,,,,4.6,9.3,15.4,9.1,82.0,5.25,16.0,0.5,-2.51,3.56,10.89,3.58,82.0,5.94,16.0,0.5,-9.02,0.35,6.59,-0.55,82.0,7.92,16.0,0.5,970.43,973.5,976.57,973.5,2.0,6.36,24.0,1.0,,,,,,,,,,,,,,,,,,,,,,,,,,,,,,,,,,,,,,,,,,,,,,,,,,,,,,,,,,,,,,,,,,,,,,,,,,,,,,,,,,,,,,,,,,,,,,,,,,,,,,,,,,,,,,,,,,,,,,,,
1911,2,8.1,-15.6,,,,,,,,,,,,,,,,,,,,,,,,,,,,,,,,,2.6,3.6,7.32,4.9,4.0,3.4,22.0,1.0,-1.92,0.0,0.0,-0.92,4.0,1.84,22.0,1.0,2.6,3.6,6.95,4.72,4.0,3.06,22.0,1.0,1013.97,1014.55,1015.13,1014.55,2.0,1.2,16.0,1.0,,,,,,,,,,,,,,,,,,,,,,,,,,,,,,,,,,,,,,,,,,,,,,,,,,,,,,,,,,,,,,,,,,,,,,,,,,,,,,,,,,,,,,,,,,,,,,,,,,,,,,,,,,,,,,,,,,,,,,,,
1911,2,8.1,54.1,,,,,,,,,,,,,,,,,,,,,,,,,,,,,,,,,4.6,6.7,12.3,8.4,21.0,4.91,14.0,0.5,2.51,4.74,10.99,6.69,21.0,5.19,14.0,0.5,-6.2,-3.25,0.0,-2.43,21.0,4.24,14.0,0.5,1008.33,1015.5,1022.67,1015.5,2.0,14.85,12.0,0.5,,,,,,,,,,,,,,,,,,,,,,,,,,,,,,,,,,,,,,,,,,,,,,,,,,,,,,,,,,,,,,,,,,,,,,,,,,,,,,,,,,,,,,,,,,,,,,,,,,,,,,,,,,,,,,,,,,,,,,,,
1911,2,8.2,52.6,,,,,,,,,,,,,,,,,,,,,,,,,,,,,,,,,4.6,9.3,15.4,10.18,88.0,6.11,18.0,0.5,0.0,6.58,15.4,7.8,88.0,6.58,18.0,0.5,-5.92,0.0,8.59,0.7,88.0,6.06,18.0,0.5,988.19,998.0,1010.81,998.83,52.0,9.98,24.0,0.5,,,,,,,,,,,,,,,,,,,,,,,,,,,,,,,,,,,,,,,,,,,,,,,,,,,,,,,,,,,,,,,,,,,,,,,,,,,,,,,,,,,,,,,,,,,,,,,,,,,,,,,,,,,,,,,,,,,,,,,,
1911,2,8.3,-23.5,,,,,,,,,,,,,,,,,,,,,,,,,,,,,,,,,6.7,9.3,9.3,8.8,14.0,1.93,10.0,0.6,-6.46,-4.61,-3.48,-4.44,14.0,1.38,10.0,0.6,4.83,6.58,8.62,7.4,14.0,2.22,10.0,0.6,1012.63,1012.7,1013.79,1013.2,3.0,0.95,18.0,0.7,,,,,,,,,,,,,,,,,,,,,,,,,,,,,,,,,,,,,,,,,,,,,,,,,,,,,,,,,,,,,,,,,,,,,,,,,,,,,,,,,,,,,,,,,,,,,,,,,,,,,,,,,,,,,,,,,,,,,,,,
1911,2,8.3,-21.7,,,,,,,,,,,,,,,,,,,,,,,,,,,,,,,,,9.3,9.3,9.3,9.3,2.0,0.0,18.0,0.5,-6.58,-6.58,-6.58,-6.58,2.0,0.0,18.0,0.5,6.58,6.58,6.58,6.58,2.0,0.0,18.0,0.5,1013.39,1014.0,1014.61,1014.0,2.0,1.27,18.0,0.5,,,,,,,,,,,,,,,,,,,,,,,,,,,,,,,,,,,,,,,,,,,,,,,,,,,,,,,,,,,,,,,,,,,,,,,,,,,,,,,,,,,,,,,,,,,,,,,,,,,,,,,,,,,,,,,,,,,,,,,,
1911,2,8.3,2.8,,,,,,,,,,,,,,,,,,,,,,,,,,,,,,,,,1.76,3.6,4.6,3.2,4.0,1.74,16.0,0.5,1.02,1.78,2.58,1.8,4.0,1.18,16.0,0.5,-2.68,0.46,2.58,-0.03,4.0,3.32,16.0,0.5,1007.46,1008.45,1009.44,1008.45,2.0,2.05,14.0,1.0,,,,,,,,,,,,,,,,,,,,,,,,,,,,,,,,,,,,,,,,,,,,,,,,,,,,,,,,,,,,,,,,,,,,,,,,,,,,,,,,,,,,,,,,,,,,,,,,,,,,,,,,,,,,,,,,,,,,,,,,
1911,2,8.4,4.3,,,,,,,,,,,,,,,,,,,,,,,,,,,,,,,,,3.23,4.6,6.03,4.63,3.0,2.05,14.0,0.3,1.46,4.6,5.7,3.6,3.0,3.22,14.0,0.3,0.8,2.51,2.57,1.7,3.0,1.48,14.0,0.3,1003.88,1004.05,1004.22,1004.05,2.0,0.35,10.0,0.0,,,,,,,,,,,,,,,,,,,,,,,,,,,,,,,,,,,,,,,,,,,,,,,,,,,,,,,,,,,,,,,,,,,,,,,,,,,,,,,,,,,,,,,,,,,,,,,,,,,,,,,,,,,,,,,,,,,,,,,,
1911,2,8.5,36.7,,,,,,,,,,,,,,,,,,,,,,,,,,,,,,,,,1.0,4.6,7.16,5.17,107.0,3.65,16.0,0.4,-4.99,0.0,4.24,-0.63,107.0,5.34,16.0,0.4,-4.61,-0.92,1.14,-1.26,107.0,3.12,16.0,0.4,1018.58,1023.0,1027.27,1023.09,35.0,4.93,14.0,0.5,,,,,,,,,,,,,,,,,,,,,,,,,,,,,,,,,,,,,,,,,,,,,,,,,,,,,,,,,,,,,,,,,,,,,,,,,,,,,,,,,,,,,,,,,,,,,,,,,,,,,,,,,,,,,,,,,,,,,,,,
1911,2,8.5,40.7,,,,,,,,,,,,,,,,,,,,,,,,,,,,,,,,,2.6,4.6,9.3,5.85,42.0,4.05,16.0,0.6,-3.25,0.0,8.62,1.81,42.0,5.57,16.0,0.6,-2.44,1.29,3.42,0.88,42.0,4.03,16.0,0.6,1009.13,1017.0,1022.2,1016.42,20.0,7.27,18.0,0.6,,,,,,,,,,,,,,,,,,,,,,,,,,,,,,,,,,,,,,,,,,,,,,,,,,,,,,,,,,,,,,,,,,,,,,,,,,,,,,,,,,,,,,,,,,,,,,,,,,,,,,,,,,,,,,,,,,,,,,,,
1911,2,8.5,44.0,,,,,,,,,,,,,,,,,,,,,,,,,,,,,,,,,,,,,,,,,,,,,,,,,,,,,,,,,,,,,,,,,,,,,,,,,,,,,,,,,,,,,,,,,,,,,,,,,,,,,,,,,,,,,,,,,,,,,,,,,,,,,,,,,,,,,,,,,,,,,,,,,,,,,,,,,0.0,0.0,0.0,0.0,1.0,0.0,8.0,0.0,-20.4,-20.4,-20.4,-20.4,1.0,0.0,8.0,0.0,1.0,97.5,97.5,102.5,26.0,163.5,10.0,0.2,0.0,95.0,95.0,100.0,26.0,165.0,10.0,0.2
1911,2,8.5,44.2,11.89,12.5,13.01,12.51,26.0,0.7,10.0,0.2,7.7,10.85,12.03,10.24,24.0,2.17,10.0,0.2,3.98,3.98,3.98,3.98,1.0,0.0,8.0,0.0,64.2,64.2,64.2,64.2,1.0,0.0,8.0,0.0,0.97,4.6,4.6,3.57,26.0,2.32,10.0,0.2,-3.25,0.0,0.44,-0.6,26.0,2.71,10.0,0.2,-4.23,0.0,3.3,-0.33,26.0,3.29,10.0,0.2,1019.11,1023.65,1029.96,1024.13,10.0,5.77,10.0,0.4,2.0,2.0,7.0,3.5,20.0,2.6,8.0,0.3,-15.0,0.0,0.6,-3.1,26.0,19.6,10.0,0.2,-19.5,0.0,15.2,-1.0,26.0,17.0,10.0,0.2,0.4,1.9,4.5,2.31,24.0,1.97,10.0,0.2,0.0,5.8,17.4,9.0,24.0,11.8,10.0,0.2,4.43,4.43,4.43,4.43,1.0,0.0,8.0,0.0,20.4,20.4,20.4,20.4,1.0,0.0,8.0,0.0,-25.0,0.0,10.5,-3.6,24.0,27.3,10.0,0.2,-35.3,0.0,27.8,-5.3,24.0,33.0,10.0,0.2,0.0,0.0,0.0,0.0,1.0,0.0,8.0,0.0,-18.3,-18.3,-18.3,-18.3,1.0,0.0,8.0,0.0,,,,,,,,,,,,,,,,,,,,,,,,,,,,,,,,
1911,2,8.5,56.7,,,,,,,,,,,,,,,,,,,,,,,,,,,,,,,,,2.6,6.7,12.3,7.03,103.0,4.4,16.0,0.5,-1.83,2.6,6.7,3.19,103.0,4.9,16.0,0.5,-5.95,1.0,8.56,1.14,103.0,5.8,16.0,0.5,965.32,966.0,966.68,966.0,2.0,1.41,24.0,0.5,,,,,,,,,,,,,,,,,,,,,,,,,,,,,,,,,,,,,,,,,,,,,,,,,,,,,,,,,,,,,,,,,,,,,,,,,,,,,,,,,,,,,,,,,,,,,,,,,,,,,,,,,,,,,,,,,,,,,,,,
1911,2,8.6,-17.4,,,,,,,,,,,,,,,,,,,,,,,,,,,,,,,,,4.6,9.3,9.8,7.25,15.0,2.77,14.0,0.3,-3.67,1.8,4.09,0.0,15.0,3.73,14.0,0.3,4.23,6.58,9.09,6.31,15.0,2.74,14.0,0.3,1011.88,1012.4,1012.5,1012.17,7.0,0.43,16.0,0.3,,,,,,,,,,,,,,,,,,,,,,,,,,,,,,,,,,,,,,,,,,,,,,,,,,,,,,,,,,,,,,,,,,,,,,,,,,,,,,,,,,,,,,,,,,,,,,,,,,,,,,,,,,,,,,,,,,,,,,,,
1911,2,8.6,38.4,,,,,,,,,,,,,,,,,,,,,,,,,,,,,,,,,2.6,4.6,11.73,6.33,40.0,4.99,14.0,0.4,-1.67,1.82,8.81,2.98,40.0,6.3,14.0,0.4,-5.9,-1.41,0.81,-2.12,40.0,3.53,14.0,0.4,1018.76,1019.1,1019.44,1019.1,2.0,0.71,28.0,1.0,,,,,,,,,,,,,,,,,,,,,,,,,,,,,,,,,,,,,,,,,,,,,,,,,,,,,,,,,,,,,,,,,,,,,,,,,,,,,,,,,,,,,,,,,,,,,,,,,,,,,,,,,,,,,,,,,,,,,,,,
1911,2,8.6,42.6,12.3,12.8,13.1,12.74,49.0,0.55,14.0,0.3,8.65,11.8,13.0,11.01,48.0,2.56,14.0,0.3,6.7,6.99,7.29,6.99,2.0,0.61,6.0,0.0,82.8,84.7,86.5,84.7,2.0,3.8,6.0,0.0,1.0,4.6,6.7,4.31,49.0,3.14,14.0,0.3,-3.25,0.0,3.64,-0.25,49.0,3.28,14.0,0.3,-4.28,0.0,3.25,-0.28,49.0,4.23,14.0,0.3,1015.85,1021.5,1030.93,1021.99,19.0,8.68,14.0,0.3,0.0,2.0,6.0,2.5,44.0,2.8,14.0,0.3,-17.1,0.0,16.7,0.3,49.0,21.5,14.0,0.3,-23.2,0.0,15.0,-6.8,49.0,44.6,14.0,0.3,0.0,1.2,4.01,1.71,47.0,2.5,14.0,0.3,0.0,2.6,20.5,5.7,46.0,11.1,14.0,0.3,1.72,1.89,2.06,1.89,2.0,0.35,6.0,0.0,10.0,10.4,10.8,10.4,2.0,0.8,6.0,0.0,-39.1,0.0,41.3,-1.1,47.0,37.6,14.0,0.3,-45.1,0.0,33.8,-5.1,47.0,51.6,14.0,0.3,-36.8,-34.1,-31.4,-34.1,2.0,5.6,6.0,0.0,-26.9,-16.0,-5.1,-16.0,2.0,22.6,6.0,0.0,,,,,,,,,,,,,,,,,,,,,,,,,,,,,,,,
1911,2,8.8,42.4,,,,,,,,,,,,,,,,,,,,,,,,,,,,,,,,,,,,,,,,,,,,,,,,,,,,,,,,,,,,,,,,,,,,,,,,,,,,,,,,,,,,,,,,,,,,,,,,,,,,,,,,,,,,,,,,,,,,,,,,,,,,,,,,,,,,,,,,,,,,,,,,,,,,,,,,,-9.6,-9.1,-8.7,-9.1,2.0,1.0,6.0,0.0,-5.9,-3.5,-1.1,-3.5,2.0,5.0,6.0,0.0,1.0,97.5,301.0,237.0,49.0,583.0,14.0,0.3,0.0,95.0,300.0,235.0,49.0,585.0,14.0,0.3
1911,2,10.3,-25.6,,,,,,,,,,,,,,,,,,,,,,,,,,,,,,,,,7.81,10.8,14.07,10.9,10.0,3.15,12.0,0.4,-4.13,-1.31,0.0,-1.91,10.0,2.21,12.0,0.4,7.22,10.35,13.43,10.52,10.0,3.15,12.0,0.4,1013.1,1013.3,1013.37,1013.23,3.0,0.21,20.0,0.7,,,,,,,,,,,,,,,,,,,,,,,,,,,,,,,,,,,,,,,,,,,,,,,,,,,,,,,,,,,,,,,,,,,,,,,,,,,,,,,,,,,,,,,,,,,,,,,,,,,,,,,,,,,,,,,,,,,,,,,,
1911,2,10.3,-23.7,,,,,,,,,,,,,,,,,,,,,,,,,,,,,,,,,9.3,9.3,9.3,9.3,1.0,0.0,18.0,0.0,-3.48,-3.48,-3.48,-3.48,1.0,0.0,18.0,0.0,8.62,8.62,8.62,8.62,1.0,0.0,18.0,0.0,1014.9,1014.9,1014.9,1014.9,1.0,0.0,18.0,0.0,,,,,,,,,,,,,,,,,,,,,,,,,,,,,,,,,,,,,,,,,,,,,,,,,,,,,,,,,,,,,,,,,,,,,,,,,,,,,,,,,,,,,,,,,,,,,,,,,,,,,,,,,,,,,,,,,,,,,,,,
1911,2,10.3,-17.7,,,,,,,,,,,,,,,,,,,,,,,,,,,,,,,,,3.87,6.7,7.65,5.98,5.0,2.52,14.0,0.2,-0.92,1.8,3.38,1.33,5.0,2.74,14.0,0.2,2.69,4.74,7.34,4.9,5.0,3.37,14.0,0.2,1010.1,1010.1,1010.1,1010.1,1.0,0.0,28.0,0.0,,,,,,,,,,,,,,,,,,,,,,,,,,,,,,,,,,,,,,,,,,,,,,,,,,,,,,,,,,,,,,,,,,,,,,,,,,,,,,,,,,,,,,,,,,,,,,,,,,,,,,,,,,,,,,,,,,,,,,,,
1911,2,10.4,42.4,,,,,,,,,,,,,,,,,,,,,,,,,,,,,,,,,2.6,4.6,8.15,5.27,29.0,3.5,14.0,0.3,-6.58,-3.25,0.0,-3.23,29.0,3.38,14.0,0.3,-4.0,0.0,3.25,-0.04,29.0,4.33,14.0,0.3,1011.22,1020.2,1032.11,1021.09,12.0,9.94,14.0,0.3,,,,,,,,,,,,,,,,,,,,,,,,,,,,,,,,,,,,,,,,,,,,,,,,,,,,,,,,,,,,,,,,,,,,,,,,,,,,,,,,,,,,,,,,,,,,,,,,,,,,,,,,,,,,,,,,,,,,,,,,
1911,2,10.4,58.1,,,,,,,,,,,,,,,,,,,,,,,,,,,,,,,,,1.06,3.35,5.64,3.35,2.0,4.74,16.0,0.0,0.98,3.08,5.19,3.08,2.0,4.36,16.0,0.0,-2.2,-1.31,-0.42,-1.31,2.0,1.85,16.0,0.0,1022.7,1022.7,1022.7,1022.7,1.0,0.0,22.0,0.0,,,,,,,,,,,,,,,,,,,,,,,,,,,,,,,,,,,,,,,,,,,,,,,,,,,,,,,,,,,,,,,,,,,,,,,,,,,,,,,,,,,,,,,,,,,,,,,,,,,,,,,,,,,,,,,,,,,,,,,,
1911,2,10.5,36.7,,,,,,,,,,,,,,,,,,,,,,,,,,,,,,,,,2.6,4.6,9.3,5.95,105.0,3.58,16.0,0.5,-4.6,0.0,4.6,0.38,105.0,4.74,16.0,0.5,-6.21,-2.41,2.45,-2.11,105.0,4.63,16.0,0.5,1017.06,1022.55,1030.94,1022.67,36.0,6.09,14.0,0.5,,,,,,,,,,,,,,,,,,,,,,,,,,,,,,,,,,,,,,,,,,,,,,,,,,,,,,,,,,,,,,,,,,,,,,,,,,,,,,,,,,,,,,,,,,,,,,,,,,,,,,,,,,,,,,,,,,,,,,,,
1911,2,10.5,38.5,,,,,,,,,,,,,,,,,,,,,,,,,,,,,,,,,1.89,6.7,9.3,6.66,36.0,4.75,14.0,0.6,-0.17,1.82,8.56,3.67,36.0,6.2,14.0,0.6,-6.58,-0.81,1.33,-1.77,36.0,3.56,14.0,0.6,1008.43,1014.4,1019.01,1013.75,4.0,6.19,16.0,0.8,,,,,,,,,,,,,,,,,,,,,,,,,,,,,,,,,,,,,,,,,,,,,,,,,,,,,,,,,,,,,,,,,,,,,,,,,,,,,,,,,,,,,,,,,,,,,,,,,,,,,,,,,,,,,,,,,,,,,,,,
1911,2,10.5,40.5,12.8,13.2,14.0,13.29,53.0,0.56,14.0,0.6,8.96,12.5,14.06,11.71,54.0,2.83,14.0,0.6,8.35,8.49,8.63,8.49,2.0,0.28,6.0,0.5,83.7,85.5,87.4,85.5,2.0,3.9,6.0,0.5,2.6,4.6,9.3,6.02,55.0,3.31,14.0,0.6,-4.39,0.0,4.66,-0.29,55.0,4.75,14.0,0.6,-6.63,0.0,3.41,-1.32,55.0,4.84,14.0,0.6,1009.28,1016.85,1027.9,1017.49,30.0,7.99,16.0,0.6,0.0,2.0,7.0,3.1,55.0,2.7,14.0,0.6,-36.0,0.0,25.7,-4.4,55.0,43.3,14.0,0.6,-58.6,0.0,19.7,-16.5,55.0,46.7,14.0,0.6,-0.5,1.0,4.81,1.72,51.0,2.67,14.0,0.6,-2.6,4.0,24.1,10.9,50.0,20.2,14.0,0.6,0.73,0.76,0.79,0.76,2.0,0.06,6.0,0.5,1.9,2.0,2.1,2.0,2.0,0.2,6.0,0.5,-34.0,0.0,64.9,4.7,53.0,54.8,14.0,0.6,-65.4,0.0,43.1,-9.2,53.0,56.7,14.0,0.6,-12.2,-7.3,-2.3,-7.3,2.0,10.3,6.0,0.5,-15.4,-2.1,11.1,-2.1,2.0,27.5,6.0,0.5,,,,,,,,,,,,,,,,,,,,,,,,,,,,,,,,
1911,2,10.5,40.9,,,,,,,,,,,,,,,,,,,,,,,,,,,,,,,,,,,,,,,,,,,,,,,,,,,,,,,,,,,,,,,,,,,,,,,,,,,,,,,,,,,,,,,,,,,,,,,,,,,,,,,,,,,,,,,,,,,,,,,,,,,,,,,,,,,,,,,,,,,,,,,,,,,,,,,,,-1.0,-0.6,-0.2,-0.6,2.0,0.8,6.0,0.5,-1.5,-0.3,0.9,-0.3,2.0,2.5,6.0,0.5,17.5,97.5,804.5,427.0,55.0,574.0,14.0,0.6,20.0,95.0,805.0,425.0,55.0,575.0,14.0,0.6
1911,2,10.6,-19.4,,,,,,,,,,,,,,,,,,,,,,,,,,,,,,,,,1.0,4.6,6.7,4.38,11.0,4.35,18.0,0.8,0.0,0.39,3.25,1.01,11.0,2.02,18.0,0.8,0.54,3.25,5.35,3.76,11.0,4.39,18.0,0.8,1009.24,1010.4,1010.81,1010.03,3.0,1.19,28.0,1.0,,,,,,,,,,,,,,,,,,,,,,,,,,,,,,,,,,,,,,,,,,,,,,,,,,,,,,,,,,,,,,,,,,,,,,,,,,,,,,,,,,,,,,,,,,,,,,,,,,,,,,,,,,,,,,,,,,,,,,,,
1911,2,10.6,56.6,,,,,,,,,,,,,,,,,,,,,,,,,,,,,,,,,2.6,6.7,12.3,7.51,127.0,4.95,14.0,0.5,-1.84,1.84,9.3,3.33,127.0,6.08,14.0,0.5,-2.62,1.72,6.58,1.3,127.0,5.61,14.0,0.5,969.43,976.5,986.4,977.85,4.0,10.31,24.0,0.5,,,,,,,,,,,,,,,,,,,,,,,,,,,,,,,,,,,,,,,,,,,,,,,,,,,,,,,,,,,,,,,,,,,,,,,,,,,,,,,,,,,,,,,,,,,,,,,,,,,,,,,,,,,,,,,,,,,,,,,,
1911,2,12.3,-27.6,,,,,,,,,,,,,,,,,,,,,,,,,,,,,,,,,7.81,12.3,14.07,11.35,10.0,4.14,12.0,0.4,-4.68,-4.05,0.0,-2.61,10.0,2.72,12.0,0.4,6.4,11.4,13.43,10.67,10.0,4.33,12.0,0.4,1010.53,1012.3,1012.85,1011.7,3.0,1.78,20.0,0.3,,,,,,,,,,,,,,,,,,,,,,,,,,,,,,,,,,,,,,,,,,,,,,,,,,,,,,,,,,,,,,,,,,,,,,,,,,,,,,,,,,,,,,,,,,,,,,,,,,,,,,,,,,,,,,,,,,,,,,,,
1911,2,12.3,-25.7,,,,,,,,,,,,,,,,,,,,,,,,,,,,,,,,,12.3,12.3,12.3,12.3,1.0,0.0,20.0,1.0,0.0,0.0,0.0,0.0,1.0,0.0,20.0,1.0,12.3,12.3,12.3,12.3,1.0,0.0,20.0,1.0,1011.3,1011.3,1011.3,1011.3,1.0,0.0,20.0,1.0,,,,,,,,,,,,,,,,,,,,,,,,,,,,,,,,,,,,,,,,,,,,,,,,,,,,,,,,,,,,,,,,,,,,,,,,,,,,,,,,,,,,,,,,,,,,,,,,,,,,,,,,,,,,,,,,,,,,,,,,
1911,2,12.5,-21.5,,,,,,,,,,,,,,,,,,,,,,,,,,,,,,,,,2.6,4.6,9.3,5.84,12.0,3.32,16.0,0.1,-3.48,0.0,0.0,-0.72,12.0,1.75,16.0,0.1,1.37,4.6,8.8,5.18,12.0,3.92,16.0,0.1,1010.27,1012.35,1013.58,1012.0,6.0,1.79,18.0,0.0,,,,,,,,,,,,,,,,,,,,,,,,,,,,,,,,,,,,,,,,,,,,,,,,,,,,,,,,,,,,,,,,,,,,,,,,,,,,,,,,,,,,,,,,,,,,,,,,,,,,,,,,,,,,,,,,,,,,,,,,
1911,2,12.5,36.3,,,,,,,,,,,,,,,,,,,,,,,,,,,,,,,,,2.6,6.7,12.17,6.83,121.0,4.31,16.0,0.4,-4.74,0.0,4.74,0.02,121.0,5.7,16.0,0.4,-6.7,-3.25,0.0,-3.29,121.0,4.72,16.0,0.4,1015.77,1020.6,1030.0,1021.75,43.0,7.13,14.0,0.5,,,,,,,,,,,,,,,,,,,,,,,,,,,,,,,,,,,,,,,,,,,,,,,,,,,,,,,,,,,,,,,,,,,,,,,,,,,,,,,,,,,,,,,,,,,,,,,,,,,,,,,,,,,,,,,,,,,,,,,,
1911,2,12.5,38.5,,,,,,,,,,,,,,,,,,,,,,,,,,,,,,,,,1.0,3.6,6.7,4.07,46.0,2.68,14.0,0.4,-1.84,0.55,4.72,1.31,46.0,3.64,14.0,0.4,-3.16,0.0,3.25,-0.16,46.0,3.02,14.0,0.4,1010.9,1020.15,1025.9,1018.64,16.0,7.17,16.0,0.1,,,,,,,,,,,,,,,,,,,,,,,,,,,,,,,,,,,,,,,,,,,,,,,,,,,,,,,,,,,,,,,,,,,,,,,,,,,,,,,,,,,,,,,,,,,,,,,,,,,,,,,,,,,,,,,,,,,,,,,,
1911,2,12.5,38.6,12.8,13.35,13.85,13.34,42.0,0.63,14.0,0.4,8.47,11.8,13.83,11.5,43.0,2.37,14.0,0.3,8.28,8.28,8.28,8.28,1.0,0.0,6.0,0.0,88.3,88.3,88.3,88.3,1.0,0.0,6.0,0.0,,,,,,,,,,,,,,,,,,,,,,,,,,,,,,,,,0.0,2.0,5.0,2.7,46.0,2.2,14.0,0.4,-4.8,0.5,30.2,10.5,46.0,31.2,14.0,0.4,-13.8,0.0,15.0,-0.9,46.0,17.8,14.0,0.4,-0.1,1.6,4.7,1.88,39.0,2.26,14.0,0.3,-0.1,3.3,14.6,6.4,38.0,10.3,14.0,0.3,1.48,1.48,1.48,1.48,1.0,0.0,6.0,0.0,3.9,3.9,3.9,3.9,1.0,0.0,6.0,0.0,-23.1,2.5,57.5,17.4,42.0,46.7,14.0,0.3,-29.9,0.0,39.2,-1.4,42.0,35.7,14.0,0.3,13.8,13.8,13.8,13.8,1.0,0.0,6.0,0.0,-16.5,-16.5,-16.5,-16.5,1.0,0.0,6.0,0.0,,,,,,,,,,,,,,,,,,,,,,,,,,,,,,,,
1911,2,12.5,40.3,,,,,,,,,,,,,,,,,,,,,,,,,,,,,,,,,,,,,,,,,,,,,,,,,,,,,,,,,,,,,,,,,,,,,,,,,,,,,,,,,,,,,,,,,-0.18,1.5,4.3,1.98,65.0,2.09,14.0,0.4,-1.2,3.9,34.0,12.0,60.0,17.6,14.0,0.4,0.82,0.94,1.06,0.94,2.0,0.24,6.0,0.5,2.0,2.0,2.0,2.0,1.0,0.0,6.0,0.0,-58.0,0.0,57.4,2.2,62.0,54.5,14.0,0.4,-61.0,0.0,27.6,-18.6,62.0,46.9,14.0,0.4,22.4,22.4,22.4,22.4,1.0,0.0,6.0,0.0,0.0,0.0,0.0,0.0,1.0,0.0,6.0,0.0,,,,,,,,,,,,,,,,,,,,,,,,,,,,,,,,
1911,2,12.5,40.4,12.19,13.0,13.8,12.99,70.0,0.77,14.0,0.4,8.2,11.5,13.5,11.14,67.0,2.54,14.0,0.4,8.34,8.45,8.56,8.45,2.0,0.23,6.0,0.5,88.3,88.3,88.3,88.3,2.0,0.0,6.0,0.5,2.6,4.6,9.3,5.66,68.0,3.68,14.0,0.4,-6.32,0.0,4.37,-0.51,68.0,5.04,14.0,0.4,-6.35,0.0,2.04,-1.78,68.0,4.14,14.0,0.4,1010.31,1013.9,1028.47,1017.36,27.0,8.57,16.0,0.6,0.0,2.0,8.0,3.5,72.0,2.8,14.0,0.4,-61.2,0.0,21.2,-10.8,68.0,48.3,14.0,0.4,-59.1,0.0,6.4,-19.7,68.0,44.9,14.0,0.4,,,,,,,,,,,,,,,,,,,,,,,,,,,,,,,,,,,,,,,,,,,,,,,,,,,,,,,,,,,,,,,,,,,,,,,,,,,,,,,,,,,,,,,,,,,,,,,,
1911,2,12.5,54.4,,,,,,,,,,,,,,,,,,,,,,,,,,,,,,,,,2.6,6.7,12.3,8.13,306.0,4.91,14.0,0.4,-2.39,3.25,10.89,4.11,306.0,6.45,14.0,0.4,-6.7,0.0,4.6,-1.13,306.0,5.53,14.0,0.4,997.9,997.9,998.51,998.2,3.0,0.52,22.0,0.3,,,,,,,,,,,,,,,,,,,,,,,,,,,,,,,,,,,,,,,,,,,,,,,,,,,,,,,,,,,,,,,,,,,,,,,,,,,,,,,,,,,,,,,,,,,,,,,,,,,,,,,,,,,,,,,,,,,,,,,,
1911,2,12.6,40.1,,,,,,,,,,,,,,,,,,,,,,,,,,,,,,,,,,,,,,,,,,,,,,,,,,,,,,,,,,,,,,,,,,,,,,,,,,,,,,,,,,,,,,,,,,,,,,,,,,,,,,,,,,,,,,,,,,,,,,,,,,,,,,,,,,,,,,,,,,,,,,,,,,,,,,,,,2.0,2.0,2.0,2.0,1.0,0.0,6.0,0.0,0.0,0.0,0.0,0.0,1.0,0.0,6.0,0.0,17.5,97.5,804.5,439.5,68.0,711.0,14.0,0.4,20.0,95.0,805.0,440.0,68.0,710.0,14.0,0.4
1911,2,12.9,38.9,,,,,,,,,,,,,,,,,,,,,,,,,,,,,,,,,,,,,,,,,,,,,,,,,,,,,,,,,,,,,,,,,,,,,,,,,,,,,,,,,,,,,,,,,,,,,,,,,,,,,,,,,,,,,,,,,,,,,,,,,,,,,,,,,,,,,,,,,,,,,,,,,,,,,,,,,2.5,2.5,2.5,2.5,1.0,0.0,6.0,0.0,-3.0,-3.0,-3.0,-3.0,1.0,0.0,6.0,0.0,1.0,57.5,301.0,167.5,46.0,315.0,14.0,0.4,0.0,55.0,300.0,165.0,46.0,315.0,14.0,0.4
1911,2,14.2,-23.4,,,,,,,,,,,,,,,,,,,,,,,,,,,,,,,,,1.0,5.65,7.36,4.93,12.0,3.18,16.0,0.4,-0.18,1.25,3.62,1.8,12.0,2.56,16.0,0.4,-0.18,4.42,6.3,3.04,12.0,4.06,16.0,0.4,1011.07,1012.3,1013.0,1011.96,7.0,1.04,20.0,0.3,,,,,,,,,,,,,,,,,,,,,,,,,,,,,,,,,,,,,,,,,,,,,,,,,,,,,,,,,,,,,,,,,,,,,,,,,,,,,,,,,,,,,,,,,,,,,,,,,,,,,,,,,,,,,,,,,,,,,,,,
1911,2,14.3,-25.4,,,,,,,,,,,,,,,,,,,,,,,,,,,,,,,,,3.14,9.3,9.3,6.59,9.0,3.39,8.0,0.2,0.0,0.0,6.58,2.6,9.0,3.21,8.0,0.2,3.14,6.58,8.03,5.6,9.0,2.68,8.0,0.2,1009.45,1009.55,1009.65,1009.55,2.0,0.21,10.0,0.5,,,,,,,,,,,,,,,,,,,,,,,,,,,,,,,,,,,,,,,,,,,,,,,,,,,,,,,,,,,,,,,,,,,,,,,,,,,,,,,,,,,,,,,,,,,,,,,,,,,,,,,,,,,,,,,,,,,,,,,,
1911,2,14.3,38.4,,,,,,,,,,,,,,,,,,,,,,,,,,,,,,,,,,,,,,,,,,,,,,,,,,,,,,,,,,,,,,,,,,,,,,,,,,,,,,,,,,,,,,,,,,,,,,,,,,,,,,,,,,,,,,,,,,,,,,,,,,,,,,,,,,,,,,,,,,,,,,,,,,,,,,,,,0.2,0.5,0.8,0.5,2.0,0.7,6.0,0.0,-1.0,-0.6,-0.2,-0.6,2.0,0.8,6.0,0.0,1.0,17.5,301.0,178.5,76.0,313.5,12.0,0.4,0.0,20.0,300.0,180.0,76.0,315.0,12.0,0.4
1911,2,14.3,40.3,,,,,,,,,,,,,,,,,,,,,,,,,,,,,,,,,1.79,4.6,5.67,3.93,23.0,2.14,16.0,0.4,-3.25,0.71,3.75,0.35,23.0,3.74,16.0,0.4,-2.51,0.0,2.84,0.04,23.0,2.58,16.0,0.4,1021.18,1025.0,1026.37,1023.8,3.0,3.94,18.0,0.7,,,,,,,,,,,,,,,,,,,,,,,,,,,,,,,,,,,,,,,,,,,,,,,,,,,,,,,,,,,,,,,,,,,,,,,,,,,,,,,,,,,,,,,,,,,,,,,,,,,,,,,,,,,,,,,,,,,,,,,,
1911,2,14.5,-31.4,,,,,,,,,,,,,,,,,,,,,,,,,,,,,,,,,4.6,6.7,11.3,7.6,22.0,3.45,10.0,0.5,-3.2,0.0,1.47,-0.52,22.0,2.3,10.0,0.5,4.38,6.21,10.65,7.26,22.0,3.42,10.0,0.5,1012.3,1012.3,1012.3,1012.3,1.0,0.0,22.0,1.0,,,,,,,,,,,,,,,,,,,,,,,,,,,,,,,,,,,,,,,,,,,,,,,,,,,,,,,,,,,,,,,,,,,,,,,,,,,,,,,,,,,,,,,,,,,,,,,,,,,,,,,,,,,,,,,,,,,,,,,,
1911,2,14.5,-29.5,,,,,,,,,,,,,,,,,,,,,,,,,,,,,,,,,5.07,9.3,12.3,8.67,15.0,3.29,12.0,0.7,-4.36,0.0,2.44,-0.63,15.0,3.06,12.0,0.7,4.69,8.56,11.4,8.17,15.0,3.17,12.0,0.7,1009.22,1010.5,1013.65,1011.03,9.0,2.19,16.0,0.6,,,,,,,,,,,,,,,,,,,,,,,,,,,,,,,,,,,,,,,,,,,,,,,,,,,,,,,,,,,,,,,,,,,,,,,,,,,,,,,,,,,,,,,,,,,,,,,,,,,,,,,,,,,,,,,,,,,,,,,,
1911,2,14.5,-27.4,,,,,,,,,,,,,,,,,,,,,,,,,,,,,,,,,6.7,9.3,11.97,8.56,8.0,3.21,10.0,0.6,0.0,0.0,3.43,0.97,8.0,2.34,10.0,0.6,6.27,8.93,11.1,8.19,8.0,3.29,10.0,0.6,1008.06,1011.0,1011.27,1009.7,3.0,2.61,10.0,0.7,,,,,,,,,,,,,,,,,,,,,,,,,,,,,,,,,,,,,,,,,,,,,,,,,,,,,,,,,,,,,,,,,,,,,,,,,,,,,,,,,,,,,,,,,,,,,,,,,,,,,,,,,,,,,,,,,,,,,,,,
1911,2,14.5,36.4,12.5,13.75,14.6,13.62,70.0,0.97,16.0,0.4,10.0,12.0,14.06,12.19,69.0,2.13,16.0,0.4,10.2,10.2,10.2,10.2,1.0,0.0,6.0,1.0,93.8,93.8,93.8,93.8,1.0,0.0,6.0,1.0,2.6,6.7,9.3,6.23,74.0,4.32,16.0,0.4,-4.74,0.0,4.39,-0.5,74.0,5.02,16.0,0.4,-8.65,-3.25,0.0,-3.65,74.0,4.36,16.0,0.4,1015.89,1023.6,1026.33,1022.25,25.0,5.6,12.0,0.5,0.0,3.0,6.8,3.4,78.0,2.5,16.0,0.4,-31.7,0.0,25.8,-2.0,74.0,58.7,16.0,0.4,-82.8,-16.8,0.0,-38.0,74.0,59.6,16.0,0.4,-0.18,1.0,3.67,1.36,65.0,1.87,16.0,0.4,-0.4,4.0,17.0,7.0,62.0,13.3,16.0,0.4,-1.13,-1.13,-1.13,-1.13,1.0,0.0,6.0,1.0,0.0,0.0,0.0,0.0,1.0,0.0,6.0,1.0,-65.6,0.0,52.1,-7.6,66.0,66.4,16.0,0.4,-85.4,-31.2,0.0,-40.6,66.0,52.9,16.0,0.4,0.0,0.0,0.0,0.0,1.0,0.0,6.0,1.0,0.0,0.0,0.0,0.0,1.0,0.0,6.0,1.0,,,,,,,,,,,,,,,,,,,,,,,,,,,,,,,,
1911,2,14.5,54.5,,,,,,,,,,,,,,,,,,,,,,,,,,,,,,,,,4.6,6.7,12.3,8.81,203.0,4.81,14.0,0.6,-4.23,3.25,9.3,3.19,203.0,7.05,14.0,0.6,-8.7,0.0,4.74,-0.67,203.0,6.38,14.0,0.6,994.6,994.6,994.6,994.6,1.0,0.0,22.0,0.0,,,,,,,,,,,,,,,,,,,,,,,,,,,,,,,,,,,,,,,,,,,,,,,,,,,,,,,,,,,,,,,,,,,,,,,,,,,,,,,,,,,,,,,,,,,,,,,,,,,,,,,,,,,,,,,,,,,,,,,,
1911,2,14.6,34.8,,,,,,,,,,,,,,,,,,,,,,,,,,,,,,,,,2.6,4.6,9.3,6.21,59.0,5.03,16.0,0.4,-4.74,-1.72,4.53,-0.22,59.0,6.03,16.0,0.4,-4.74,-1.84,1.83,-2.08,59.0,4.87,16.0,0.4,1016.96,1023.0,1029.29,1023.01,25.0,6.21,14.0,0.3,,,,,,,,,,,,,,,,,,,,,,,,,,,,,,,,,,,,,,,,,,,,,,,,,,,,,,,,,,,,,,,,,,,,,,,,,,,,,,,,,,,,,,,,,,,,,,,,,,,,,,,,,,,,,,,,,,,,,,,,
1911,2,14.6,38.4,12.3,13.3,13.9,13.14,70.0,0.75,14.0,0.4,7.5,11.1,13.3,10.87,71.0,2.48,14.0,0.4,8.09,8.16,8.23,8.16,2.0,0.15,6.0,0.0,83.5,85.5,87.4,85.5,2.0,4.0,6.0,0.0,1.0,2.6,6.7,3.98,76.0,2.91,12.0,0.4,-2.41,0.0,2.6,0.07,76.0,2.93,12.0,0.4,-4.61,-0.84,1.08,-1.4,76.0,3.74,12.0,0.4,1011.92,1020.7,1026.0,1019.87,34.0,6.74,16.0,0.4,0.0,2.0,4.0,2.3,75.0,2.0,14.0,0.4,-6.3,0.0,6.9,0.4,76.0,22.0,12.0,0.4,-22.2,-0.8,2.8,-9.4,76.0,30.6,12.0,0.4,0.1,2.25,5.0,2.36,64.0,2.08,14.0,0.4,0.0,6.9,19.0,9.0,62.0,10.0,14.0,0.4,1.52,1.59,1.67,1.59,2.0,0.15,6.0,0.0,0.2,0.7,1.2,0.7,2.0,1.0,6.0,0.0,-21.0,0.0,32.2,2.5,69.0,38.3,14.0,0.4,-46.6,-12.1,25.5,-12.8,69.0,42.2,14.0,0.4,0.8,2.7,4.5,2.7,2.0,3.8,6.0,0.0,-5.3,-3.2,-1.0,-3.2,2.0,4.5,6.0,0.0,,,,,,,,,,,,,,,,,,,,,,,,,,,,,,,,
1911,2,14.9,36.9,,,,,,,,,,,,,,,,,,,,,,,,,,,,,,,,,,,,,,,,,,,,,,,,,,,,,,,,,,,,,,,,,,,,,,,,,,,,,,,,,,,,,,,,,,,,,,,,,,,,,,,,,,,,,,,,,,,,,,,,,,,,,,,,,,,,,,,,,,,,,,,,,,,,,,,,,0.0,0.0,0.0,0.0,1.0,0.0,6.0,1.0,0.0,0.0,0.0,0.0,1.0,0.0,6.0,1.0,17.5,301.0,804.5,644.5,74.0,1191.5,16.0,0.4,20.0,300.0,805.0,645.0,74.0,1190.0,16.0,0.4
1911,2,16.3,-31.6,,,,,,,,,,,,,,,,,,,,,,,,,,,,,,,,,2.6,6.7,9.3,5.93,16.0,3.28,10.0,0.3,-0.63,0.0,2.62,0.58,16.0,2.04,10.0,0.3,2.05,6.17,8.6,5.46,16.0,3.45,10.0,0.3,1012.93,1014.5,1014.85,1014.08,6.0,1.57,16.0,0.3,,,,,,,,,,,,,,,,,,,,,,,,,,,,,,,,,,,,,,,,,,,,,,,,,,,,,,,,,,,,,,,,,,,,,,,,,,,,,,,,,,,,,,,,,,,,,,,,,,,,,,,,,,,,,,,,,,,,,,,,
1911,2,16.5,34.7,,,,,,,,,,,,,,,,,,,,,,,,,,,,,,,,,2.6,6.7,9.3,6.59,72.0,3.86,16.0,0.5,-3.25,0.0,2.51,-0.04,72.0,4.47,16.0,0.5,-6.58,-3.25,3.25,-2.82,72.0,5.56,16.0,0.5,1017.87,1022.45,1029.14,1022.83,38.0,5.84,14.0,0.5,,,,,,,,,,,,,,,,,,,,,,,,,,,,,,,,,,,,,,,,,,,,,,,,,,,,,,,,,,,,,,,,,,,,,,,,,,,,,,,,,,,,,,,,,,,,,,,,,,,,,,,,,,,,,,,,,,,,,,,,
1911,2,16.5,36.6,12.8,14.0,14.5,13.78,90.0,0.85,16.0,0.5,10.03,12.0,13.97,11.91,91.0,2.24,16.0,0.5,8.1,8.21,8.32,8.21,2.0,0.23,6.0,0.5,82.8,83.0,83.2,83.0,2.0,0.4,6.0,0.5,2.29,6.7,9.3,6.03,88.0,4.69,16.0,0.5,-3.75,0.0,4.38,0.72,88.0,4.57,16.0,0.5,-8.57,-2.55,0.71,-3.46,88.0,5.03,16.0,0.5,1013.38,1022.5,1026.36,1020.67,36.0,6.34,14.0,0.6,0.0,4.0,7.0,3.9,95.0,2.7,16.0,0.5,-21.2,0.0,35.2,14.8,88.0,70.1,16.0,0.5,-79.7,-8.1,0.7,-39.3,88.0,75.3,16.0,0.5,-0.21,1.8,3.4,1.67,82.0,2.01,16.0,0.5,-0.7,6.0,23.2,10.9,71.0,16.8,16.0,0.5,1.33,1.35,1.36,1.35,2.0,0.03,6.0,0.5,4.0,4.8,5.7,4.8,2.0,1.8,6.0,0.5,-47.9,0.0,56.0,9.7,80.0,57.8,16.0,0.5,-80.0,-31.5,11.7,-36.8,80.0,59.1,16.0,0.5,-6.3,-3.7,-1.2,-3.7,2.0,5.3,6.0,0.5,-34.4,-28.7,-23.1,-28.7,2.0,11.7,6.0,0.5,,,,,,,,,,,,,,,,,,,,,,,,,,,,,,,,
1911,2,16.5,36.7,,,,,,,,,,,,,,,,,,,,,,,,,,,,,,,,,,,,,,,,,,,,,,,,,,,,,,,,,,,,,,,,,,,,,,,,,,,,,,,,,,,,,,,,,,,,,,,,,,,,,,,,,,,,,,,,,,,,,,,,,,,,,,,,,,,,,,,,,,,,,,,,,,,,,,,,,-1.0,-0.6,-0.2,-0.6,2.0,0.9,6.0,0.5,-5.7,-4.7,-3.8,-4.7,2.0,1.9,6.0,0.5,14.5,301.0,804.5,756.0,88.0,1999.0,16.0,0.5,15.0,300.0,805.0,755.0,88.0,2000.0,16.0,0.5
1911,2,16.6,-33.4,,,,,,,,,,,,,,,,,,,,,,,,,,,,,,,,,2.6,4.6,6.7,4.57,27.0,2.54,14.0,0.4,-0.9,0.0,2.62,0.51,27.0,1.6,14.0,0.4,1.91,4.27,6.7,4.26,27.0,2.54,14.0,0.4,1014.13,1015.7,1017.75,1015.93,3.0,2.66,18.0,0.3,,,,,,,,,,,,,,,,,,,,,,,,,,,,,,,,,,,,,,,,,,,,,,,,,,,,,,,,,,,,,,,,,,,,,,,,,,,,,,,,,,,,,,,,,,,,,,,,,,,,,,,,,,,,,,,,,,,,,,,,
1911,2,18.2,-33.7,,,,,,,,,,,,,,,,,,,,,,,,,,,,,,,,,2.6,4.6,7.77,5.42,11.0,3.22,8.0,0.5,0.0,0.0,2.4,0.77,11.0,1.46,8.0,0.5,2.51,4.6,7.49,5.13,11.0,3.32,8.0,0.5,1010.43,1011.15,1011.87,1011.15,2.0,1.48,12.0,1.0,,,,,,,,,,,,,,,,,,,,,,,,,,,,,,,,,,,,,,,,,,,,,,,,,,,,,,,,,,,,,,,,,,,,,,,,,,,,,,,,,,,,,,,,,,,,,,,,,,,,,,,,,,,,,,,,,,,,,,,,
1911,2,18.5,-35.2,,,,,,,,,,,,,,,,,,,,,,,,,,,,,,,,,2.6,4.6,9.3,6.24,25.0,3.78,14.0,0.5,-6.97,0.0,3.33,-0.48,25.0,5.27,14.0,0.5,1.0,3.25,6.6,3.55,25.0,3.69,14.0,0.5,1011.72,1014.05,1015.12,1013.45,4.0,2.33,20.0,0.5,,,,,,,,,,,,,,,,,,,,,,,,,,,,,,,,,,,,,,,,,,,,,,,,,,,,,,,,,,,,,,,,,,,,,,,,,,,,,,,,,,,,,,,,,,,,,,,,,,,,,,,,,,,,,,,,,,,,,,,,
1911,2,18.5,34.5,,,,,,,,,,,,,,,,,,,,,,,,,,,,,,,,,4.6,6.7,11.78,7.34,84.0,3.51,14.0,0.6,-1.8,1.22,5.97,1.56,84.0,4.02,14.0,0.6,-9.3,-4.43,3.12,-3.83,84.0,5.78,14.0,0.6,1019.0,1023.1,1026.91,1021.86,40.0,5.65,14.0,0.6,,,,,,,,,,,,,,,,,,,,,,,,,,,,,,,,,,,,,,,,,,,,,,,,,,,,,,,,,,,,,,,,,,,,,,,,,,,,,,,,,,,,,,,,,,,,,,,,,,,,,,,,,,,,,,,,,,,,,,,,
1911,2,18.5,36.3,13.3,14.0,14.7,14.02,84.0,0.77,16.0,0.5,9.96,11.9,13.82,11.82,88.0,1.88,14.0,0.4,8.4,8.48,8.55,8.48,2.0,0.16,4.0,0.0,84.1,85.8,87.5,85.8,2.0,3.6,4.0,0.0,1.96,4.6,9.3,6.24,93.0,4.74,14.0,0.4,-3.25,0.93,5.77,1.24,93.0,4.84,14.0,0.4,-8.94,-2.41,0.81,-3.44,93.0,4.99,14.0,0.4,1015.04,1022.8,1025.3,1021.14,34.0,5.12,14.0,0.3,2.0,5.0,8.0,4.6,93.0,2.6,16.0,0.4,-16.8,0.9,44.9,8.7,93.0,66.9,14.0,0.4,-86.5,-7.9,0.8,-39.2,93.0,70.0,14.0,0.4,0.42,1.85,3.88,2.09,78.0,1.79,14.0,0.4,0.0,7.8,33.9,14.7,77.0,17.3,14.0,0.4,1.38,1.42,1.45,1.42,2.0,0.07,4.0,0.0,4.2,5.1,5.9,5.1,2.0,1.8,4.0,0.0,-39.4,4.5,66.2,13.1,86.0,56.8,14.0,0.4,-102.3,-31.9,11.0,-39.2,86.0,55.7,14.0,0.4,20.5,27.8,35.1,27.8,2.0,15.1,4.0,0.0,2.3,7.2,12.1,7.2,2.0,10.1,4.0,0.0,3.5,4.6,5.8,4.6,2.0,2.4,4.0,0.0,0.4,1.2,2.1,1.2,2.0,1.7,4.0,0.0,11.0,97.5,804.5,753.0,93.0,1608.0,14.0,0.4,10.0,95.0,805.0,755.0,93.0,1610.0,14.0,0.4
1911,2,20.1,36.0,,,,,,,,,,,,,,,,,,,,,,,,,,,,,,,,,,,,,,,,,,,,,,,,,,,,,,,,,,,,,,,,,,,,,,,,,,,,,,,,,,,,,,,,,,,,,,,,,,,,,,,,,,,,,,,,,,,,,,,,,,,,,,,,,,,,,,,,,,,,,,,,,,,,,,,,,1.3,1.3,1.3,1.3,1.0,0.0,4.0,0.0,1.1,1.1,1.1,1.1,1.0,0.0,4.0,0.0,6.0,97.5,804.5,744.5,47.0,2350.0,16.0,0.4,5.0,95.0,805.0,745.0,47.0,2350.0,16.0,0.4
1911,2,20.4,36.3,13.4,14.2,14.9,14.11,42.0,0.7,16.0,0.4,10.2,12.8,14.2,12.36,43.0,2.36,16.0,0.4,8.04,8.04,8.04,8.04,1.0,0.0,4.0,0.0,82.7,82.7,82.7,82.7,1.0,0.0,4.0,0.0,1.48,4.6,9.3,5.34,47.0,4.84,16.0,0.4,-0.7,1.99,4.61,2.17,47.0,4.42,16.0,0.4,-7.96,-0.71,1.72,-2.29,47.0,4.78,16.0,0.4,1014.53,1021.75,1024.88,1020.16,8.0,5.57,14.0,0.6,2.0,5.0,8.0,4.6,33.0,2.7,16.0,0.5,-0.7,5.2,33.2,22.7,47.0,77.9,16.0,0.4,-74.1,-0.7,4.8,-31.7,47.0,79.1,16.0,0.4,-0.03,1.2,3.03,1.42,37.0,1.73,18.0,0.4,-0.1,2.9,9.8,7.0,37.0,13.1,18.0,0.4,1.7,1.7,1.7,1.7,1.0,0.0,4.0,0.0,1.7,1.7,1.7,1.7,1.0,0.0,4.0,0.0,0.0,26.9,70.4,32.5,42.0,44.1,16.0,0.5,-67.4,-11.0,24.8,-23.2,42.0,51.5,16.0,0.5,6.2,6.2,6.2,6.2,1.0,0.0,4.0,0.0,5.2,5.2,5.2,5.2,1.0,0.0,4.0,0.0,,,,,,,,,,,,,,,,,,,,,,,,,,,,,,,,
1911,2,20.5,-35.3,,,,,,,,,,,,,,,,,,,,,,,,,,,,,,,,,2.6,6.7,9.3,6.17,21.0,3.39,14.0,0.4,-4.37,1.84,4.74,1.23,21.0,5.21,14.0,0.4,1.09,4.74,6.5,3.84,21.0,2.67,14.0,0.4,1010.26,1014.45,1015.43,1013.52,6.0,2.72,18.0,0.5,,,,,,,,,,,,,,,,,,,,,,,,,,,,,,,,,,,,,,,,,,,,,,,,,,,,,,,,,,,,,,,,,,,,,,,,,,,,,,,,,,,,,,,,,,,,,,,,,,,,,,,,,,,,,,,,,,,,,,,,
1911,2,20.5,34.4,13.68,14.5,15.0,14.38,132.0,0.71,14.0,0.4,9.96,12.0,14.6,12.17,131.0,2.19,14.0,0.4,9.99,9.99,9.99,9.99,1.0,0.0,4.0,1.0,89.1,89.1,89.1,89.1,1.0,0.0,4.0,1.0,,,,,,,,,,,,,,,,,,,,,,,,,,,,,,,,,2.0,5.0,7.0,4.7,98.0,2.1,14.0,0.3,-4.8,6.5,60.3,24.1,136.0,56.1,14.0,0.4,-83.8,-20.4,1.9,-41.5,136.0,66.0,14.0,0.4,,,,,,,,,,,,,,,,,,,,,,,,,,,,,,,,,,,,,,,,,,,,,,,,,,,,,,,,,,,,,,,,,,,,,,,,,,,,,,,,,,,,,,,,,,,,,,,,
1911,2,20.5,34.5,,,,,,,,,,,,,,,,,,,,,,,,,,,,,,,,,2.6,6.7,12.3,6.88,136.0,4.24,14.0,0.4,-1.82,1.84,6.42,2.27,136.0,4.44,14.0,0.4,-8.67,-3.93,1.0,-3.9,136.0,5.05,14.0,0.4,1017.11,1021.85,1027.1,1021.81,58.0,5.03,12.0,0.4,,,,,,,,,,,,,,,,,,,,,,,,,0.08,2.15,4.5,2.26,126.0,2.02,14.0,0.4,0.0,10.2,39.9,17.6,125.0,20.0,14.0,0.4,0.46,0.46,0.46,0.46,1.0,0.0,4.0,1.0,0.5,0.5,0.5,0.5,1.0,0.0,4.0,1.0,-19.4,26.0,81.6,27.5,130.0,52.1,14.0,0.4,-97.5,-43.1,14.1,-41.2,130.0,59.6,14.0,0.4,-3.4,-3.4,-3.4,-3.4,1.0,0.0,4.0,1.0,9.4,9.4,9.4,9.4,1.0,0.0,4.0,1.0,,,,,,,,,,,,,,,,,,,,,,,,,,,,,,,,
1911,2,20.6,34.8,,,,,,,,,,,,,,,,,,,,,,,,,,,,,,,,,,,,,,,,,,,,,,,,,,,,,,,,,,,,,,,,,,,,,,,,,,,,,,,,,,,,,,,,,,,,,,,,,,,,,,,,,,,,,,,,,,,,,,,,,,,,,,,,,,,,,,,,,,,,,,,,,,,,,,,,,-0.2,-0.2,-0.2,-0.2,1.0,0.0,4.0,1.0,0.4,0.4,0.4,0.4,1.0,0.0,4.0,1.0,17.5,301.0,1861.0,742.5,136.0,1358.5,14.0,0.4,20.0,300.0,1860.0,740.0,136.0,1360.0,14.0,0.4
1911,2,20.8,32.8,,,,,,,,,,,,,,,,,,,,,,,,,,,,,,,,,9.18,9.3,9.92,9.43,7.0,1.63,16.0,0.4,5.92,6.58,7.14,6.31,7.0,3.31,16.0,0.4,-6.71,-4.81,6.59,-2.32,7.0,6.53,16.0,0.4,1019.95,1022.0,1024.05,1022.0,3.0,3.0,18.0,0.7,,,,,,,,,,,,,,,,,,,,,,,,,,,,,,,,,,,,,,,,,,,,,,,,,,,,,,,,,,,,,,,,,,,,,,,,,,,,,,,,,,,,,,,,,,,,,,,,,,,,,,,,,,,,,,,,,,,,,,,,
1911,2,22.4,34.5,,,,,,,,,,,,,,,,,,,,,,,,,,,,,,,,,,,,,,,,,,,,,,,,,,,,,,,,,,,,,,,,,,,,,,,,,,,,,,,,,,,,,,,,,,,,,,,,,,,,,,,,,,,,,,,,,,,,,,,,,,,,,,,,,,,,,,,,,,,,,,,,,,,,,,,,,0.5,1.5,2.6,1.5,2.0,2.1,4.0,0.5,0.0,0.0,0.0,0.0,2.0,0.0,4.0,0.5,17.5,97.5,301.0,354.0,98.0,847.0,14.0,0.5,20.0,95.0,300.0,355.0,98.0,845.0,14.0,0.5
1911,2,22.5,-35.2,,,,,,,,,,,,,,,,,,,,,,,,,,,,,,,,,2.6,4.6,6.7,5.22,26.0,2.59,14.0,0.5,-4.74,1.84,4.28,0.81,26.0,4.63,14.0,0.5,0.0,2.12,4.74,2.27,26.0,2.75,14.0,0.5,1008.3,1009.55,1017.7,1011.71,8.0,4.46,18.0,0.5,,,,,,,,,,,,,,,,,,,,,,,,,,,,,,,,,,,,,,,,,,,,,,,,,,,,,,,,,,,,,,,,,,,,,,,,,,,,,,,,,,,,,,,,,,,,,,,,,,,,,,,,,,,,,,,,,,,,,,,,
1911,2,22.5,34.4,13.91,14.5,15.0,14.49,96.0,0.75,14.0,0.5,10.14,12.5,14.8,12.57,98.0,2.28,14.0,0.5,7.16,7.41,7.66,7.41,2.0,0.52,4.0,0.5,78.9,82.1,85.4,82.1,2.0,6.7,4.0,0.5,2.6,4.6,6.7,5.19,98.0,3.32,14.0,0.5,-0.71,1.72,4.74,1.78,98.0,3.55,14.0,0.5,-5.63,-2.4,1.82,-2.37,98.0,4.1,14.0,0.5,1011.56,1019.0,1024.94,1018.59,49.0,7.41,14.0,0.6,2.0,3.0,6.0,3.9,83.0,2.4,14.0,0.5,-0.7,4.8,31.7,11.3,98.0,39.0,14.0,0.5,-43.6,-7.6,5.0,-20.5,98.0,45.2,14.0,0.5,0.1,1.8,4.02,2.02,94.0,2.07,14.0,0.5,0.2,7.3,22.9,11.6,92.0,17.0,14.0,0.5,2.74,2.86,2.98,2.86,2.0,0.25,4.0,0.5,0.5,1.5,2.6,1.5,2.0,2.1,4.0,0.5,-8.6,18.0,63.4,23.8,96.0,44.4,14.0,0.5,-63.4,-24.2,26.3,-23.6,96.0,47.8,14.0,0.5,1.1,3.5,5.9,3.5,2.0,5.0,4.0,0.5,0.0,0.0,0.0,0.0,2.0,0.0,4.0,0.5,,,,,,,,,,,,,,,,,,,,,,,,,,,,,,,,
1911,2,22.6,32.8,,,,,,,,,,,,,,,,,,,,,,,,,,,,,,,,,2.6,6.7,12.3,7.13,54.0,5.2,16.0,0.5,-1.43,2.56,8.7,3.75,54.0,5.02,16.0,0.5,-7.83,-3.25,2.4,-3.37,54.0,5.27,16.0,0.5,1009.0,1019.05,1024.07,1018.54,22.0,7.66,14.0,0.5,,,,,,,,,,,,,,,,,,,,,,,,,,,,,,,,,,,,,,,,,,,,,,,,,,,,,,,,,,,,,,,,,,,,,,,,,,,,,,,,,,,,,,,,,,,,,,,,,,,,,,,,,,,,,,,,,,,,,,,,
1911,2,24.4,34.1,,,,,,,,,,,,,,,,,,,,,,,,,,,,,,,,,,,,,,,,,,,,,,,,,,,,,,,,,,,,,,,,,,,,,,,,,,,,,,,,,,,,,,,,,,,,,,,,,,,,,,,,,,,,,,,,,,,,,,,,,,,,,,,,,,,,,,,,,,,,,,,,,,,,,,,,,1.4,4.4,7.4,4.4,2.0,6.2,4.0,0.0,-13.2,-9.1,-5.1,-9.1,2.0,8.4,4.0,0.0,17.5,97.5,301.0,278.0,48.0,597.5,14.0,0.4,20.0,95.0,300.0,280.0,48.0,600.0,14.0,0.4
1911,2,24.5,-35.2,,,,,,,,,,,,,,,,,,,,,,,,,,,,,,,,,2.6,4.6,7.61,5.21,24.0,2.99,14.0,0.3,-4.43,0.0,5.25,0.57,24.0,4.99,14.0,0.3,-1.28,1.37,3.77,1.29,24.0,3.21,14.0,0.3,1007.95,1008.6,1019.39,1012.74,5.0,6.35,18.0,0.4,,,,,,,,,,,,,,,,,,,,,,,,,,,,,,,,,,,,,,,,,,,,,,,,,,,,,,,,,,,,,,,,,,,,,,,,,,,,,,,,,,,,,,,,,,,,,,,,,,,,,,,,,,,,,,,,,,,,,,,,
1911,2,24.5,32.7,,,,,,,,,,,,,,,,,,,,,,,,,,,,,,,,,2.6,4.6,12.3,6.9,96.0,5.18,16.0,0.6,0.0,3.25,8.7,4.32,96.0,5.06,16.0,0.6,-6.0,-1.42,3.25,-0.77,96.0,5.47,16.0,0.6,1003.51,1020.0,1028.73,1018.23,37.0,10.02,16.0,0.5,,,,,,,,,,,,,,,,,,,,,,,,,,,,,,,,,,,,,,,,,,,,,,,,,,,,,,,,,,,,,,,,,,,,,,,,,,,,,,,,,,,,,,,,,,,,,,,,,,,,,,,,,,,,,,,,,,,,,,,,
1911,2,24.5,34.3,14.16,14.8,15.4,14.73,47.0,0.7,14.0,0.4,10.0,13.15,15.8,13.04,48.0,2.71,14.0,0.4,6.55,6.66,6.77,6.66,2.0,0.23,4.0,0.0,82.3,87.1,91.9,87.1,2.0,9.9,4.0,0.0,2.6,4.6,6.7,4.71,48.0,3.22,14.0,0.4,0.0,1.92,6.19,2.28,48.0,3.71,14.0,0.4,-3.78,0.0,2.57,-0.6,48.0,3.68,14.0,0.4,1009.86,1018.0,1023.27,1017.43,27.0,7.21,14.0,0.5,2.0,4.0,7.0,4.3,49.0,2.4,14.0,0.4,0.0,5.0,41.5,14.6,48.0,30.9,14.0,0.4,-18.3,0.0,16.8,-7.6,48.0,41.0,14.0,0.4,-0.5,1.65,4.49,1.9,46.0,2.27,14.0,0.4,-0.5,6.7,18.5,9.8,45.0,18.5,14.0,0.4,3.33,3.44,3.54,3.44,2.0,0.22,4.0,0.0,10.3,12.2,14.2,12.2,2.0,4.1,4.0,0.0,0.0,29.4,83.2,32.6,47.0,48.6,14.0,0.4,-40.7,0.0,35.8,-4.7,47.0,43.3,14.0,0.4,2.5,7.9,13.4,7.9,2.0,11.2,4.0,0.0,-27.3,-18.6,-9.8,-18.6,2.0,18.1,4.0,0.0,,,,,,,,,,,,,,,,,,,,,,,,,,,,,,,,
1911,2,24.8,-33.7,,,,,,,,,,,,,,,,,,,,,,,,,,,,,,,,,3.23,4.6,7.81,5.5,3.0,3.44,18.0,0.0,-4.8,-0.97,2.6,-1.1,3.0,5.42,18.0,0.0,1.94,2.41,5.25,3.57,3.0,2.63,18.0,0.0,1011.0,1011.0,1011.0,1011.0,1.0,0.0,14.0,0.0,,,,,,,,,,,,,,,,,,,,,,,,,,,,,,,,,,,,,,,,,,,,,,,,,,,,,,,,,,,,,,,,,,,,,,,,,,,,,,,,,,,,,,,,,,,,,,,,,,,,,,,,,,,,,,,,,,,,,,,,
1911,2,26.2,34.2,,,,,,,,,,,,,,,,,,,,,,,,,,,,,,,,,1.65,4.6,6.7,4.12,5.0,2.86,16.0,0.4,-1.29,0.0,5.45,1.58,5.0,4.1,16.0,0.4,-3.61,0.0,0.95,-1.02,5.0,2.86,16.0,0.4,1015.03,1019.95,1025.34,1020.18,4.0,6.19,12.0,0.3,,,,,,,,,,,,,,,,,,,,,,,,,,,,,,,,,,,,,,,,,,,,,,,,,,,,,,,,,,,,,,,,,,,,,,,,,,,,,,,,,,,,,,,,,,,,,,,,,,,,,,,,,,,,,,,,,,,,,,,,
1911,2,26.3,32.8,,,,,,,,,,,,,,,,,,,,,,,,,,,,,,,,,,,,,,,,,,,,,,,,,,,,,,,,,,,,,,,,,,,,,,,,,,,,,,,,,,,,,,,,,,,,,,,,,,,,,,,,,,,,,,,,,,,,,,,,,,,,,,,,,,,,,,,,,,,,,,,,,,,,,,,,,-16.4,-15.1,-13.8,-15.1,2.0,2.7,4.0,0.5,-9.3,-5.5,-1.8,-5.5,2.0,7.8,4.0,0.5,17.5,97.5,804.5,587.5,131.0,1227.0,16.0,0.4,20.0,95.0,805.0,590.0,131.0,1225.0,16.0,0.4
1911,2,26.5,-33.7,,,,,,,,,,,,,,,,,,,,,,,,,,,,,,,,,2.6,4.6,6.7,4.6,21.0,2.54,12.0,0.5,-6.33,-1.72,3.11,-1.84,21.0,4.41,12.0,0.5,0.0,1.72,3.57,1.75,21.0,1.59,12.0,0.5,1004.85,1006.4,1008.48,1006.65,4.0,2.13,14.0,0.5,,,,,,,,,,,,,,,,,,,,,,,,,,,,,,,,,,,,,,,,,,,,,,,,,,,,,,,,,,,,,,,,,,,,,,,,,,,,,,,,,,,,,,,,,,,,,,,,,,,,,,,,,,,,,,,,,,,,,,,,
1911,2,26.5,32.5,15.0,15.8,16.5,15.69,136.0,0.86,16.0,0.4,11.5,13.9,15.9,13.69,127.0,2.12,16.0,0.4,6.8,6.81,6.82,6.81,2.0,0.03,4.0,0.5,87.5,90.2,92.9,90.2,2.0,5.6,4.0,0.5,2.6,4.6,9.3,5.89,131.0,4.21,16.0,0.4,0.0,2.51,6.7,3.17,131.0,4.55,16.0,0.4,-4.74,-0.71,3.34,-1.03,131.0,4.56,16.0,0.4,1003.35,1020.2,1025.29,1017.18,65.0,9.38,16.0,0.5,2.0,4.0,7.0,4.3,139.0,2.5,16.0,0.4,0.0,15.0,61.2,33.2,131.0,61.0,16.0,0.4,-35.7,-0.7,18.3,-10.2,131.0,54.0,16.0,0.4,0.44,1.7,4.3,2.04,123.0,1.93,16.0,0.4,0.0,7.8,23.1,10.8,114.0,15.5,14.0,0.4,3.69,3.71,3.73,3.71,2.0,0.04,4.0,0.5,17.0,17.1,17.1,17.1,2.0,0.2,4.0,0.5,-4.2,26.3,109.4,42.4,118.0,64.7,16.0,0.4,-59.0,0.0,59.9,-6.0,118.0,61.7,16.0,0.4,-30.2,-27.7,-25.1,-27.7,2.0,5.3,4.0,0.5,-16.9,-10.0,-3.2,-10.0,2.0,14.2,4.0,0.5,,,,,,,,,,,,,,,,,,,,,,,,,,,,,,,,
1911,2,28.4,32.5,,,,,,,,,,,,,,,,,,,,,,,,,,,,,,,,,,,,,,,,,,,,,,,,,,,,,,,,,,,,,,,,,,,,,,,,,,,,,,,,,,,,,,,,,,,,,,,,,,,,,,,,,,,,,,,,,,,,,,,,,,,,,,,,,,,,,,,,,,,,,,,,,,,,,,,,,0.0,0.0,5.4,2.7,3.0,4.6,4.0,0.3,-31.1,-31.1,-24.8,-28.0,3.0,5.3,4.0,0.3,1.0,97.5,804.5,772.5,121.0,1700.0,14.0,0.6,0.0,95.0,805.0,775.0,121.0,1700.0,14.0,0.6
1911,2,28.5,30.8,,,,,,,,,,,,,,,,,,,,,,,,,,,,,,,,,2.6,4.6,6.7,4.5,21.0,2.61,16.0,0.4,-2.47,1.8,4.74,0.97,21.0,3.34,16.0,0.4,-4.74,-2.41,0.0,-2.52,21.0,3.04,16.0,0.4,1022.0,1022.0,1022.0,1022.0,1.0,0.0,20.0,1.0,,,,,,,,,,,,,,,,,,,,,,,,,,,,,,,,,,,,,,,,,,,,,,,,,,,,,,,,,,,,,,,,,,,,,,,,,,,,,,,,,,,,,,,,,,,,,,,,,,,,,,,,,,,,,,,,,,,,,,,,
1911,2,28.5,32.3,15.0,15.8,16.3,15.71,124.0,0.77,16.0,0.6,11.43,14.2,15.47,13.71,116.0,1.96,16.0,0.5,6.41,6.66,7.46,6.93,3.0,0.8,4.0,0.3,74.9,76.0,80.9,77.8,3.0,4.6,4.0,0.3,1.0,4.6,9.3,5.76,121.0,5.0,14.0,0.6,0.0,1.8,6.7,3.23,121.0,5.22,14.0,0.6,-4.81,0.0,3.25,-1.01,121.0,4.43,14.0,0.6,1002.54,1018.2,1022.81,1015.09,81.0,8.8,16.0,0.5,2.0,4.0,7.0,4.3,137.0,2.5,16.0,0.6,0.0,6.8,61.2,38.8,121.0,82.6,14.0,0.6,-44.8,0.0,16.8,-12.2,121.0,59.5,14.0,0.6,0.2,1.4,4.07,1.94,106.0,1.92,16.0,0.5,0.0,4.2,24.0,10.6,99.0,17.8,16.0,0.5,3.85,4.64,4.65,4.26,3.0,0.68,4.0,0.3,25.8,31.1,31.1,28.5,3.0,4.5,4.0,0.3,0.0,25.7,99.7,38.3,107.0,67.7,14.0,0.5,-59.3,0.0,52.0,-5.7,107.0,55.1,14.0,0.5,0.0,0.0,12.2,6.0,3.0,10.4,4.0,0.3,-47.8,-44.6,-42.9,-45.3,3.0,3.6,4.0,0.3,,,,,,,,,,,,,,,,,,,,,,,,,,,,,,,,
1911,2,28.8,-31.7,,,,,,,,,,,,,,,,,,,,,,,,,,,,,,,,,1.4,5.65,6.7,5.08,8.0,2.91,12.0,0.3,-5.48,0.71,3.25,0.17,8.0,4.5,12.0,0.3,-2.31,0.96,3.25,0.63,8.0,4.14,12.0,0.3,1009.59,1010.85,1012.11,1010.85,2.0,2.62,16.0,0.0,,,,,,,,,,,,,,,,,,,,,,,,,,,,,,,,,,,,,,,,,,,,,,,,,,,,,,,,,,,,,,,,,,,,,,,,,,,,,,,,,,,,,,,,,,,,,,,,,,,,,,,,,,,,,,,,,,,,,,,,
1911,2,30.3,-31.4,,,,,,,,,,,,,,,,,,,,,,,,,,,,,,,,,2.6,4.6,9.3,5.84,17.0,3.37,12.0,0.5,-4.48,1.02,7.56,0.93,17.0,5.6,12.0,0.5,-5.42,0.0,1.48,-1.75,17.0,3.47,12.0,0.5,1013.34,1013.85,1014.36,1013.85,2.0,1.06,16.0,0.5,,,,,,,,,,,,,,,,,,,,,,,,,,,,,,,,,,,,,,,,,,,,,,,,,,,,,,,,,,,,,,,,,,,,,,,,,,,,,,,,,,,,,,,,,,,,,,,,,,,,,,,,,,,,,,,,,,,,,,,,
1911,2,30.3,32.1,,,,,,,,,,,,,,,,,,,,,,,,,,,,,,,,,,,,,,,,,,,,,,,,,,,,,,,,,,,,,,,,,,,,,,,,,,,,,,,,,,,,,,,,,,,,,,,,,,,,,,,,,,,,,,,,,,,,,,,,,,,,,,,,,,,,,,,,,,,,,,,,,,,,,,,,,4.7,4.7,4.7,4.7,1.0,0.0,2.0,0.0,-12.9,-12.9,-12.9,-12.9,1.0,0.0,2.0,0.0,1.0,97.5,2176.0,965.5,44.0,1756.5,16.0,0.4,0.0,95.0,2175.0,965.0,44.0,1755.0,16.0,0.4
1911,2,30.3,32.2,14.84,16.0,16.7,15.82,48.0,0.93,14.0,0.4,11.5,13.3,15.61,13.46,48.0,1.98,16.0,0.4,8.3,8.3,8.3,8.3,1.0,0.0,2.0,0.0,88.3,88.3,88.3,88.3,1.0,0.0,2.0,0.0,1.0,4.6,12.85,6.36,44.0,5.52,16.0,0.4,0.0,2.41,9.08,4.55,44.0,5.27,16.0,0.4,-4.4,0.0,4.23,-0.4,44.0,4.77,16.0,0.4,1002.84,1008.1,1021.56,1011.73,30.0,8.92,16.0,0.5,1.1,3.5,7.0,4.2,46.0,2.7,16.0,0.3,0.0,8.3,117.7,55.8,44.0,92.2,16.0,0.4,-22.0,0.0,19.5,-1.0,44.0,58.1,16.0,0.4,0.51,2.25,4.47,2.34,46.0,1.89,16.0,0.4,1.3,5.8,42.5,16.7,40.0,24.6,16.0,0.4,2.99,2.99,2.99,2.99,1.0,0.0,2.0,0.0,13.7,13.7,13.7,13.7,1.0,0.0,2.0,0.0,4.7,35.8,139.1,61.0,42.0,64.0,16.0,0.4,-59.2,0.0,61.6,-0.9,42.0,67.3,16.0,0.4,13.1,13.1,13.1,13.1,1.0,0.0,2.0,0.0,-35.9,-35.9,-35.9,-35.9,1.0,0.0,2.0,0.0,,,,,,,,,,,,,,,,,,,,,,,,,,,,,,,,
1911,2,30.6,30.8,15.0,16.0,16.63,15.88,81.0,0.81,14.0,0.3,12.59,14.0,15.66,14.09,82.0,1.62,16.0,0.4,7.71,7.71,7.71,7.71,1.0,0.0,2.0,0.0,88.2,88.2,88.2,88.2,1.0,0.0,2.0,0.0,1.0,4.6,9.3,4.69,78.0,3.79,14.0,0.4,0.0,1.02,5.89,2.39,78.0,3.78,14.0,0.4,-4.13,0.0,3.43,-0.2,78.0,4.06,14.0,0.4,1005.92,1019.55,1025.16,1016.59,40.0,8.15,14.0,0.4,2.0,3.0,6.0,3.8,85.0,2.6,16.0,0.4,0.0,2.6,39.6,21.2,78.0,43.4,14.0,0.4,-29.1,0.0,18.9,-5.7,78.0,38.9,14.0,0.4,0.42,1.8,3.26,1.83,78.0,1.62,16.0,0.3,0.0,5.7,15.4,8.7,71.0,10.5,14.0,0.4,3.57,3.57,3.57,3.57,1.0,0.0,2.0,0.0,9.3,9.3,9.3,9.3,1.0,0.0,2.0,0.0,0.0,16.7,74.5,33.3,75.0,52.4,14.0,0.4,-52.0,0.0,50.2,-1.4,75.0,57.1,14.0,0.4,6.9,6.9,6.9,6.9,1.0,0.0,2.0,0.0,-18.8,-18.8,-18.8,-18.8,1.0,0.0,2.0,0.0,,,,,,,,,,,,,,,,,,,,,,,,,,,,,,,,
1911,2,30.8,-29.7,,,,,,,,,,,,,,,,,,,,,,,,,,,,,,,,,4.6,6.7,12.6,8.27,13.0,4.01,14.0,0.5,-5.15,-2.62,6.78,-0.49,13.0,7.41,14.0,0.5,-4.84,-2.57,6.78,0.01,13.0,5.91,14.0,0.5,1007.34,1010.25,1013.11,1010.23,4.0,4.18,18.0,1.0,,,,,,,,,,,,,,,,,,,,,,,,,,,,,,,,,,,,,,,,,,,,,,,,,,,,,,,,,,,,,,,,,,,,,,,,,,,,,,,,,,,,,,,,,,,,,,,,,,,,,,,,,,,,,,,,,,,,,,,,
1911,2,30.8,30.9,,,,,,,,,,,,,,,,,,,,,,,,,,,,,,,,,,,,,,,,,,,,,,,,,,,,,,,,,,,,,,,,,,,,,,,,,,,,,,,,,,,,,,,,,,,,,,,,,,,,,,,,,,,,,,,,,,,,,,,,,,,,,,,,,,,,,,,,,,,,,,,,,,,,,,,,,3.2,3.2,3.2,3.2,1.0,0.0,2.0,0.0,-8.7,-8.7,-8.7,-8.7,1.0,0.0,2.0,0.0,1.0,97.5,804.5,346.5,78.0,701.0,14.0,0.4,0.0,95.0,805.0,345.0,78.0,700.0,14.0,0.4
1911,2,32.3,30.7,,,,,,,,,,,,,,,,,,,,,,,,,,,,,,,,,1.0,2.6,6.7,4.26,33.0,3.3,14.0,0.3,-2.58,0.89,6.09,1.44,33.0,3.93,14.0,0.3,-3.2,0.0,0.92,-1.2,33.0,3.25,14.0,0.3,1011.9,1015.3,1020.13,1015.76,21.0,5.61,14.0,0.2,,,,,,,,,,,,,,,,,,,,,,,,,,,,,,,,,,,,,,,,,,,,,,,,,,,,,,,,,,,,,,,,,,,,,,,,,,,,,,,,,,,,,,,,,,,,,,,,,,,,,,,,,,,,,,,,,,,,,,,,
1911,2,32.4,28.4,15.36,16.5,17.8,16.61,150.0,1.36,16.0,0.5,12.3,15.5,17.8,15.09,160.0,2.76,16.0,0.5,10.17,10.38,10.59,10.38,2.0,0.43,2.0,0.0,71.9,81.3,90.7,81.3,2.0,19.4,2.0,0.0,2.6,4.6,9.8,5.78,173.0,3.59,16.0,0.5,0.0,2.29,4.74,2.26,173.0,3.04,16.0,0.5,-7.34,-3.52,0.0,-3.56,173.0,4.4,16.0,0.5,1013.27,1017.4,1023.9,1018.38,81.0,5.53,14.0,0.4,0.0,2.0,6.0,2.4,151.0,2.6,16.0,0.5,0.0,7.9,37.1,18.8,173.0,32.2,16.0,0.5,-71.9,-17.5,0.0,-31.2,173.0,53.5,16.0,0.5,-0.4,1.5,3.8,1.48,142.0,2.24,14.0,0.5,-1.2,7.8,22.5,9.7,141.0,15.4,14.0,0.5,2.27,2.86,3.45,2.86,2.0,1.22,2.0,0.0,10.4,13.1,15.9,13.1,2.0,5.6,2.0,0.0,0.0,32.9,73.9,32.3,159.0,43.2,16.0,0.5,-114.0,-60.2,0.0,-53.3,159.0,67.3,16.0,0.5,33.9,39.0,44.0,39.0,2.0,10.4,2.0,0.0,-31.7,-18.8,-6.0,-18.8,2.0,26.6,2.0,0.0,9.5,10.1,10.7,10.1,2.0,1.3,2.0,0.0,-11.0,-6.6,-2.1,-6.6,2.0,9.3,2.0,0.0,17.5,97.5,941.0,451.5,173.0,894.5,16.0,0.5,20.0,95.0,940.0,450.0,173.0,895.0,16.0,0.5
1911,2,32.5,-27.6,,,,,,,,,,,,,,,,,,,,,,,,,,,,,,,,,4.6,6.7,9.3,7.26,12.0,1.98,16.0,0.4,-6.58,-2.94,2.63,-1.86,12.0,4.73,16.0,0.4,-6.58,-2.88,6.58,-0.35,12.0,5.93,16.0,0.4,1013.82,1014.5,1015.18,1014.5,2.0,1.41,18.0,0.0,,,,,,,,,,,,,,,,,,,,,,,,,,,,,,,,,,,,,,,,,,,,,,,,,,,,,,,,,,,,,,,,,,,,,,,,,,,,,,,,,,,,,,,,,,,,,,,,,,,,,,,,,,,,,,,,,,,,,,,,
1911,2,32.6,-25.7,,,,,,,,,,,,,,,,,,,,,,,,,,,,,,,,,2.6,4.6,6.7,5.31,16.0,2.88,16.0,0.5,-4.74,-3.42,0.0,-3.15,16.0,3.21,16.0,0.5,-3.15,0.0,4.74,1.01,16.0,4.04,16.0,0.5,1015.33,1015.4,1015.47,1015.4,2.0,0.14,20.0,0.0,,,,,,,,,,,,,,,,,,,,,,,,,,,,,,,,,,,,,,,,,,,,,,,,,,,,,,,,,,,,,,,,,,,,,,,,,,,,,,,,,,,,,,,,,,,,,,,,,,,,,,,,,,,,,,,,,,,,,,,,
1911,2,32.7,26.7,,,,,,,,,,,,,,,,,,,,,,,,,,,,,,,,,2.6,6.7,9.8,6.66,40.0,3.85,16.0,0.6,0.18,2.51,6.86,3.54,40.0,3.34,16.0,0.6,-8.3,-4.77,-1.17,-4.64,40.0,3.78,16.0,0.6,1013.09,1018.4,1022.54,1017.63,15.0,5.34,14.0,0.6,,,,,,,,,,,,,,,,,,,,,,,,,,,,,,,,,,,,,,,,,,,,,,,,,,,,,,,,,,,,,,,,,,,,,,,,,,,,,,,,,,,,,,,,,,,,,,,,,,,,,,,,,,,,,,,,,,,,,,,,
1911,2,34.3,26.4,,,,,,,,,,,,,,,,,,,,,,,,,,,,,,,,,2.6,6.7,9.8,6.62,149.0,3.43,16.0,0.5,0.0,2.51,6.58,3.13,149.0,3.05,16.0,0.5,-8.62,-4.53,-1.76,-4.89,149.0,3.56,16.0,0.5,1013.22,1016.9,1021.13,1017.02,75.0,4.28,16.0,0.5,,,,,,,,,,,,,,,,,,,,,,,,,,,,,,,,,,,,,,,,,,,,,,,,,,,,,,,,,,,,,,,,,,,,,,,,,,,,,,,,,,,,,,,,,,,,,,,,,,,,,,,,,,,,,,,,,,,,,,,,
1911,2,34.5,-25.5,,,,,,,,,,,,,,,,,,,,,,,,,,,,,,,,,2.6,6.7,7.07,5.67,19.0,2.57,16.0,0.3,-6.23,-4.6,-2.6,-4.72,19.0,2.01,16.0,0.3,-0.61,0.71,3.96,1.72,19.0,3.14,16.0,0.3,1012.0,1012.0,1012.0,1012.0,1.0,0.0,22.0,0.0,,,,,,,,,,,,,,,,,,,,,,,,,,,,,,,,,,,,,,,,,,,,,,,,,,,,,,,,,,,,,,,,,,,,,,,,,,,,,,,,,,,,,,,,,,,,,,,,,,,,,,,,,,,,,,,,,,,,,,,,
1911,2,34.7,-21.5,,,,,,,,,,,,,,,,,,,,,,,,,,,,,,,,,4.6,6.7,6.7,5.95,20.0,2.29,16.0,0.4,-4.74,-3.37,-0.02,-2.72,20.0,2.84,16.0,0.4,-2.5,3.44,6.7,2.84,20.0,4.26,16.0,0.4,1008.49,1011.9,1012.04,1010.3,3.0,2.95,22.0,0.0,,,,,,,,,,,,,,,,,,,,,,,,,,,,,,,,,,,,,,,,,,,,,,,,,,,,,,,,,,,,,,,,,,,,,,,,,,,,,,,,,,,,,,,,,,,,,,,,,,,,,,,,,,,,,,,,,,,,,,,,
1911,2,34.7,-19.6,,,,,,,,,,,,,,,,,,,,,,,,,,,,,,,,,2.6,4.6,5.8,4.62,10.0,3.14,16.0,0.4,-1.84,-0.5,3.25,-0.4,10.0,3.78,16.0,0.4,0.79,2.55,4.6,1.73,10.0,3.97,16.0,0.4,1010.0,1012.35,1012.86,1011.48,4.0,2.29,26.0,0.5,,,,,,,,,,,,,,,,,,,,,,,,,,,,,,,,,,,,,,,,,,,,,,,,,,,,,,,,,,,,,,,,,,,,,,,,,,,,,,,,,,,,,,,,,,,,,,,,,,,,,,,,,,,,,,,,,,,,,,,,
1911,2,34.7,24.6,,,,,,,,,,,,,,,,,,,,,,,,,,,,,,,,,2.6,4.6,9.3,5.53,108.0,2.9,16.0,0.5,0.0,1.72,3.76,1.82,108.0,2.45,16.0,0.5,-6.72,-4.27,-1.84,-4.4,108.0,3.21,16.0,0.5,1013.56,1016.1,1019.0,1015.98,50.0,3.59,14.0,0.4,,,,,,,,,,,,,,,,,,,,,,,,,,,,,,,,,,,,,,,,,,,,,,,,,,,,,,,,,,,,,,,,,,,,,,,,,,,,,,,,,,,,,,,,,,,,,,,,,,,,,,,,,,,,,,,,,,,,,,,,
1911,2,34.8,-23.5,,,,,,,,,,,,,,,,,,,,,,,,,,,,,,,,,1.61,4.6,9.3,5.31,16.0,3.29,18.0,0.7,-4.52,-3.0,0.44,-1.67,16.0,3.95,18.0,0.7,-1.45,0.35,6.93,1.86,16.0,4.32,18.0,0.7,1010.29,1012.0,1013.37,1011.83,3.0,2.25,22.0,1.0,,,,,,,,,,,,,,,,,,,,,,,,,,,,,,,,,,,,,,,,,,,,,,,,,,,,,,,,,,,,,,,,,,,,,,,,,,,,,,,,,,,,,,,,,,,,,,,,,,,,,,,,,,,,,,,,,,,,,,,,
1911,2,36.2,24.2,,,,,,,,,,,,,,,,,,,,,,,,,,,,,,,,,1.23,4.6,6.7,5.29,46.0,3.33,16.0,0.5,0.0,0.19,2.6,1.15,46.0,1.95,16.0,0.5,-6.28,-4.43,-0.94,-4.17,46.0,4.09,16.0,0.5,1012.0,1015.9,1019.32,1015.23,30.0,4.41,16.0,0.5,,,,,,,,,,,,,,,,,,,,,,,,,,,,,,,,,,,,,,,,,,,,,,,,,,,,,,,,,,,,,,,,,,,,,,,,,,,,,,,,,,,,,,,,,,,,,,,,,,,,,,,,,,,,,,,,,,,,,,,,
1911,2,36.5,22.5,,,,,,,,,,,,,,,,,,,,,,,,,,,,,,,,,2.6,4.6,9.3,5.31,160.0,3.11,16.0,0.5,-0.71,0.84,2.51,0.95,160.0,1.86,16.0,0.5,-8.62,-4.27,-1.64,-4.77,160.0,3.28,16.0,0.5,1012.37,1015.2,1018.06,1015.13,78.0,3.42,16.0,0.6,,,,,,,,,,,,,,,,,,,,,,,,,,,,,,,,,,,,,,,,,,,,,,,,,,,,,,,,,,,,,,,,,,,,,,,,,,,,,,,,,,,,,,,,,,,,,,,,,,,,,,,,,,,,,,,,,,,,,,,,
1911,2,36.6,-19.4,,,,,,,,,,,,,,,,,,,,,,,,,,,,,,,,,1.69,3.6,4.6,3.18,10.0,1.7,18.0,0.7,-1.05,0.0,1.03,0.08,10.0,1.59,18.0,0.7,1.01,2.93,4.6,2.77,10.0,1.74,18.0,0.7,1009.07,1009.85,1010.64,1009.85,2.0,1.63,28.0,0.5,,,,,,,,,,,,,,,,,,,,,,,,,,,,,,,,,,,,,,,,,,,,,,,,,,,,,,,,,,,,,,,,,,,,,,,,,,,,,,,,,,,,,,,,,,,,,,,,,,,,,,,,,,,,,,,,,,,,,,,,
1911,2,36.8,-27.2,,,,,,,,,,,,,,,,,,,,,,,,,,,,,,,,,4.93,5.65,6.37,5.65,2.0,1.48,2.0,0.5,-3.13,-2.88,-2.63,-2.88,2.0,0.53,2.0,0.5,3.72,4.73,5.74,4.73,2.0,2.09,2.0,0.5,1010.09,1010.5,1010.91,1010.5,2.0,0.85,2.0,0.5,,,,,,,,,,,,,,,,,,,,,,,,,,,,,,,,,,,,,,,,,,,,,,,,,,,,,,,,,,,,,,,,,,,,,,,,,,,,,,,,,,,,,,,,,,,,,,,,,,,,,,,,,,,,,,,,,,,,,,,,
1911,2,36.8,20.7,,,,,,,,,,,,,,,,,,,,,,,,,,,,,,,,,2.6,6.7,9.3,5.75,51.0,3.08,14.0,0.5,-0.88,0.0,2.51,0.43,51.0,1.74,14.0,0.5,-9.3,-4.74,-2.31,-5.3,51.0,3.37,14.0,0.5,1012.05,1014.9,1016.25,1014.44,23.0,2.24,16.0,0.3,,,,,,,,,,,,,,,,,,,,,,,,,,,,,,,,,,,,,,,,,,,,,,,,,,,,,,,,,,,,,,,,,,,,,,,,,,,,,,,,,,,,,,,,,,,,,,,,,,,,,,,,,,,,,,,,,,,,,,,,
1911,2,38.2,20.4,,,,,,,,,,,,,,,,,,,,,,,,,,,,,,,,,2.6,6.7,9.3,5.93,108.0,3.45,16.0,0.5,-2.62,0.0,0.99,-0.61,108.0,2.0,16.0,0.5,-9.3,-4.67,-1.82,-5.16,108.0,4.02,16.0,0.5,1011.58,1014.1,1017.22,1014.41,53.0,2.81,16.0,0.4,,,,,,,,,,,,,,,,,,,,,,,,,,,,,,,,,,,,,,,,,,,,,,,,,,,,,,,,,,,,,,,,,,,,,,,,,,,,,,,,,,,,,,,,,,,,,,,,,,,,,,,,,,,,,,,,,,,,,,,,
1911,2,38.4,-25.6,,,,,,,,,,,,,,,,,,,,,,,,,,,,,,,,,6.7,10.8,12.3,9.83,8.0,2.78,6.0,0.4,-11.32,-8.03,-2.62,-7.0,8.0,4.8,6.0,0.4,4.81,4.81,6.65,5.69,8.0,1.41,6.0,0.4,1010.36,1010.5,1011.32,1010.83,3.0,0.76,2.0,0.7,,,,,,,,,,,,,,,,,,,,,,,,,,,,,,,,,,,,,,,,,,,,,,,,,,,,,,,,,,,,,,,,,,,,,,,,,,,,,,,,,,,,,,,,,,,,,,,,,,,,,,,,,,,,,,,,,,,,,,,,
1911,2,38.4,-17.6,,,,,,,,,,,,,,,,,,,,,,,,,,,,,,,,,3.11,4.6,6.7,4.71,11.0,2.08,14.0,0.2,0.0,0.0,1.8,0.56,11.0,0.99,14.0,0.2,2.9,4.6,6.7,4.59,11.0,2.05,14.0,0.2,1008.79,1009.65,1011.35,1010.05,4.0,1.67,28.0,0.3,,,,,,,,,,,,,,,,,,,,,,,,,,,,,,,,,,,,,,,,,,,,,,,,,,,,,,,,,,,,,,,,,,,,,,,,,,,,,,,,,,,,,,,,,,,,,,,,,,,,,,,,,,,,,,,,,,,,,,,,
1911,2,38.6,-23.4,,,,,,,,,,,,,,,,,,,,,,,,,,,,,,,,,1.0,1.0,9.3,3.77,6.0,4.29,18.0,0.3,-4.12,-0.77,-0.19,-2.0,6.0,2.56,18.0,0.3,0.68,0.98,7.0,3.07,6.0,3.57,18.0,0.3,1006.31,1006.75,1007.19,1006.75,2.0,0.92,2.0,0.5,,,,,,,,,,,,,,,,,,,,,,,,,,,,,,,,,,,,,,,,,,,,,,,,,,,,,,,,,,,,,,,,,,,,,,,,,,,,,,,,,,,,,,,,,,,,,,,,,,,,,,,,,,,,,,,,,,,,,,,,
1911,2,38.7,18.5,,,,,,,,,,,,,,,,,,,,,,,,,,,,,,,,,1.0,4.6,9.3,5.09,150.0,3.71,16.0,0.5,-3.25,0.0,1.72,-0.69,150.0,2.71,16.0,0.5,-6.78,-2.55,1.84,-2.79,150.0,4.92,16.0,0.5,1011.66,1014.25,1016.64,1014.1,74.0,2.52,16.0,0.5,,,,,,,,,,,,,,,,,,,,,,,,,,,,,,,,,,,,,,,,,,,,,,,,,,,,,,,,,,,,,,,,,,,,,,,,,,,,,,,,,,,,,,,,,,,,,,,,,,,,,,,,,,,,,,,,,,,,,,,,
1911,2,38.8,-7.5,,,,,,,,,,,,,,,,,,,,,,,,,,,,,,,,,4.19,5.65,6.7,5.32,6.0,1.68,14.0,0.3,-4.74,-3.74,-0.81,-3.0,6.0,2.03,14.0,0.3,-5.14,-2.82,2.4,-1.76,6.0,4.26,14.0,0.3,1009.27,1009.65,1010.03,1009.65,2.0,0.78,28.0,0.5,,,,,,,,,,,,,,,,,,,,,,,,,,,,,,,,,,,,,,,,,,,,,,,,,,,,,,,,,,,,,,,,,,,,,,,,,,,,,,,,,,,,,,,,,,,,,,,,,,,,,,,,,,,,,,,,,,,,,,,,
1911,2,38.8,-5.4,,,,,,,,,,,,,,,,,,,,,,,,,,,,,,,,,1.0,2.6,5.37,3.18,5.0,2.46,20.0,0.0,-3.61,-1.8,-0.84,-2.39,5.0,2.46,20.0,0.0,0.25,0.71,2.71,1.43,5.0,1.71,20.0,0.0,1011.23,1011.5,1011.7,1011.47,3.0,0.35,22.0,0.0,,,,,,,,,,,,,,,,,,,,,,,,,,,,,,,,,,,,,,,,,,,,,,,,,,,,,,,,,,,,,,,,,,,,,,,,,,,,,,,,,,,,,,,,,,,,,,,,,,,,,,,,,,,,,,,,,,,,,,,,
1911,2,40.2,18.3,,,,,,,,,,,,,,,,,,,,,,,,,,,,,,,,,0.86,4.6,6.7,3.87,19.0,2.7,16.0,0.5,-3.25,0.0,1.9,-0.39,19.0,2.33,16.0,0.5,-6.21,-1.0,2.53,-1.19,19.0,4.0,16.0,0.5,1008.16,1012.2,1014.62,1011.72,9.0,3.64,16.0,0.8,,,,,,,,,,,,,,,,,,,,,,,,,,,,,,,,,,,,,,,,,,,,,,,,,,,,,,,,,,,,,,,,,,,,,,,,,,,,,,,,,,,,,,,,,,,,,,,,,,,,,,,,,,,,,,,,,,,,,,,,
1911,2,40.3,-23.5,,,,,,,,,,,,,,,,,,,,,,,,,,,,,,,,,3.55,5.65,8.06,5.8,4.0,2.87,16.0,1.0,-4.57,-2.82,-1.93,-3.23,4.0,1.72,16.0,1.0,2.55,4.01,6.55,4.52,4.0,2.99,16.0,1.0,1005.58,1005.75,1005.92,1005.75,2.0,0.35,2.0,1.0,,,,,,,,,,,,,,,,,,,,,,,,,,,,,,,,,,,,,,,,,,,,,,,,,,,,,,,,,,,,,,,,,,,,,,,,,,,,,,,,,,,,,,,,,,,,,,,,,,,,,,,,,,,,,,,,,,,,,,,,
1911,2,40.3,-21.5,,,,,,,,,,,,,,,,,,,,,,,,,,,,,,,,,0.41,1.3,2.19,1.3,2.0,1.84,2.0,0.0,-2.01,-1.2,-0.38,-1.2,2.0,1.69,2.0,0.0,0.16,0.51,0.85,0.51,2.0,0.72,2.0,0.0,1005.43,1005.5,1005.57,1005.5,2.0,0.14,2.0,0.0,,,,,,,,,,,,,,,,,,,,,,,,,,,,,,,,,,,,,,,,,,,,,,,,,,,,,,,,,,,,,,,,,,,,,,,,,,,,,,,,,,,,,,,,,,,,,,,,,,,,,,,,,,,,,,,,,,,,,,,,
1911,2,40.3,-15.5,,,,,,,,,,,,,,,,,,,,,,,,,,,,,,,,,2.82,4.6,6.47,4.63,8.0,1.55,18.0,0.8,0.0,0.0,2.33,0.93,8.0,1.34,18.0,0.8,2.67,4.42,6.47,3.96,8.0,2.48,18.0,0.8,1009.81,1010.9,1011.31,1010.58,4.0,1.1,28.0,0.5,,,,,,,,,,,,,,,,,,,,,,,,,,,,,,,,,,,,,,,,,,,,,,,,,,,,,,,,,,,,,,,,,,,,,,,,,,,,,,,,,,,,,,,,,,,,,,,,,,,,,,,,,,,,,,,,,,,,,,,,
1911,2,40.3,-13.5,,,,,,,,,,,,,,,,,,,,,,,,,,,,,,,,,2.52,4.6,4.7,4.1,7.0,1.81,14.0,0.9,-0.22,0.0,2.57,0.62,7.0,3.22,14.0,0.9,-2.71,0.0,4.6,0.27,7.0,3.46,14.0,0.9,1013.3,1013.3,1013.3,1013.3,2.0,0.0,30.0,1.0,,,,,,,,,,,,,,,,,,,,,,,,,,,,,,,,,,,,,,,,,,,,,,,,,,,,,,,,,,,,,,,,,,,,,,,,,,,,,,,,,,,,,,,,,,,,,,,,,,,,,,,,,,,,,,,,,,,,,,,,
1911,2,40.3,-11.4,,,,,,,,,,,,,,,,,,,,,,,,,,,,,,,,,2.82,5.65,6.7,5.15,8.0,1.82,12.0,0.1,-1.84,0.0,4.09,0.48,8.0,3.27,12.0,0.1,-6.7,-2.94,1.63,-2.79,8.0,3.72,12.0,0.1,1011.0,1011.2,1011.4,1011.2,2.0,0.42,28.0,0.0,,,,,,,,,,,,,,,,,,,,,,,,,,,,,,,,,,,,,,,,,,,,,,,,,,,,,,,,,,,,,,,,,,,,,,,,,,,,,,,,,,,,,,,,,,,,,,,,,,,,,,,,,,,,,,,,,,,,,,,,
1911,2,40.3,-9.6,,,,,,,,,,,,,,,,,,,,,,,,,,,,,,,,,2.6,4.6,6.7,4.44,8.0,2.2,16.0,0.8,-3.1,-1.27,0.0,-1.36,8.0,1.39,16.0,0.8,-6.7,-3.25,1.71,-2.78,8.0,3.81,16.0,0.8,1010.09,1010.5,1012.68,1011.37,3.0,2.04,28.0,0.7,,,,,,,,,,,,,,,,,,,,,,,,,,,,,,,,,,,,,,,,,,,,,,,,,,,,,,,,,,,,,,,,,,,,,,,,,,,,,,,,,,,,,,,,,,,,,,,,,,,,,,,,,,,,,,,,,,,,,,,,
1911,2,40.4,16.5,,,,,,,,,,,,,,,,,,,,,,,,,,,,,,,,,1.0,4.6,6.7,4.44,179.0,3.12,16.0,0.5,-4.26,-0.97,0.71,-1.43,179.0,2.58,16.0,0.5,-4.27,0.71,5.35,0.75,179.0,4.5,16.0,0.5,1011.0,1013.5,1016.49,1013.32,77.0,3.1,16.0,0.5,,,,,,,,,,,,,,,,,,,,,,,,,,,,,,,,,,,,,,,,,,,,,,,,,,,,,,,,,,,,,,,,,,,,,,,,,,,,,,,,,,,,,,,,,,,,,,,,,,,,,,,,,,,,,,,,,,,,,,,,
1911,2,40.5,-17.4,,,,,,,,,,,,,,,,,,,,,,,,,,,,,,,,,2.6,3.6,4.6,3.86,8.0,1.51,8.0,0.8,-2.39,0.0,3.0,0.41,8.0,3.07,8.0,0.8,1.02,2.45,4.45,2.55,8.0,1.51,8.0,0.8,1003.94,1007.25,1010.56,1007.25,2.0,6.86,16.0,0.5,,,,,,,,,,,,,,,,,,,,,,,,,,,,,,,,,,,,,,,,,,,,,,,,,,,,,,,,,,,,,,,,,,,,,,,,,,,,,,,,,,,,,,,,,,,,,,,,,,,,,,,,,,,,,,,,,,,,,,,,
1911,2,40.5,-3.5,,,,,,,,,,,,,,,,,,,,,,,,,,,,,,,,,2.6,4.6,6.7,4.62,20.0,2.77,14.0,0.6,-6.19,-3.25,-1.84,-3.72,20.0,2.59,14.0,0.6,-4.71,-0.86,1.84,-1.19,20.0,2.71,14.0,0.6,1008.11,1011.0,1012.79,1010.8,8.0,2.36,12.0,0.6,,,,,,,,,,,,,,,,,,,,,,,,,,,,,,,,,,,,,,,,,,,,,,,,,,,,,,,,,,,,,,,,,,,,,,,,,,,,,,,,,,,,,,,,,,,,,,,,,,,,,,,,,,,,,,,,,,,,,,,,
1911,2,40.6,-19.6,,,,,,,,,,,,,,,,,,,,,,,,,,,,,,,,,2.6,2.6,2.6,2.6,3.0,0.0,4.0,0.7,-2.53,-2.39,-2.39,-2.46,3.0,0.12,4.0,0.7,0.32,1.02,1.02,0.68,3.0,0.59,4.0,0.7,1004.76,1004.9,1005.04,1004.9,3.0,0.2,4.0,0.7,,,,,,,,,,,,,,,,,,,,,,,,,,,,,,,,,,,,,,,,,,,,,,,,,,,,,,,,,,,,,,,,,,,,,,,,,,,,,,,,,,,,,,,,,,,,,,,,,,,,,,,,,,,,,,,,,,,,,,,,
1911,2,40.8,14.7,24.6,25.0,25.5,25.06,78.0,0.57,14.0,0.6,24.8,25.6,26.56,25.67,79.0,1.03,14.0,0.5,16.14,16.14,16.14,16.14,1.0,0.0,2.0,1.0,71.9,71.9,71.9,71.9,1.0,0.0,2.0,1.0,1.0,6.7,9.8,6.34,85.0,4.23,14.0,0.5,-4.61,-1.28,0.0,-1.75,85.0,2.8,14.0,0.5,0.0,4.74,9.23,4.29,85.0,5.38,14.0,0.5,1010.43,1013.8,1016.53,1013.43,43.0,3.18,14.0,0.5,0.0,0.0,7.0,2.2,83.0,2.9,16.0,0.5,-51.7,-4.8,0.0,-16.2,85.0,26.2,14.0,0.5,0.0,31.7,89.0,42.8,85.0,63.5,14.0,0.5,-1.59,-0.5,0.1,-0.65,71.0,1.01,14.0,0.5,-14.2,-1.9,0.0,-6.4,69.0,10.4,14.0,0.5,3.61,3.61,3.61,3.61,1.0,0.0,2.0,1.0,16.6,16.6,16.6,16.6,1.0,0.0,2.0,1.0,-129.4,-42.2,0.0,-48.5,77.0,75.3,14.0,0.5,0.0,124.1,239.1,116.1,77.0,141.4,14.0,0.5,68.3,68.3,68.3,68.3,1.0,0.0,2.0,1.0,-29.0,-29.0,-29.0,-29.0,1.0,0.0,2.0,1.0,,,,,,,,,,,,,,,,,,,,,,,,,,,,,,,,
1911,2,40.9,14.8,,,,,,,,,,,,,,,,,,,,,,,,,,,,,,,,,,,,,,,,,,,,,,,,,,,,,,,,,,,,,,,,,,,,,,,,,,,,,,,,,,,,,,,,,,,,,,,,,,,,,,,,,,,,,,,,,,,,,,,,,,,,,,,,,,,,,,,,,,,,,,,,,,,,,,,,,15.3,15.3,15.3,15.3,1.0,0.0,2.0,1.0,-6.5,-6.5,-6.5,-6.5,1.0,0.0,2.0,1.0,1.0,301.0,941.0,599.0,85.0,821.5,14.0,0.5,0.0,300.0,940.0,600.0,85.0,820.0,14.0,0.5
1911,2,42.3,-3.2,,,,,,,,,,,,,,,,,,,,,,,,,,,,,,,,,6.84,9.3,9.3,8.13,4.0,2.35,14.0,0.3,-8.0,-6.58,-4.83,-6.43,4.0,2.47,14.0,0.3,-6.58,-3.29,1.7,-2.47,4.0,4.92,14.0,0.3,1009.83,1011.6,1013.37,1011.6,2.0,3.68,14.0,0.5,,,,,,,,,,,,,,,,,,,,,,,,,,,,,,,,,,,,,,,,,,,,,,,,,,,,,,,,,,,,,,,,,,,,,,,,,,,,,,,,,,,,,,,,,,,,,,,,,,,,,,,,,,,,,,,,,,,,,,,,
1911,2,42.3,14.3,,,,,,,,,,,,,,,,,,,,,,,,,,,,,,,,,4.6,9.3,12.3,9.11,98.0,4.1,16.0,0.4,-4.61,0.0,2.11,-1.43,98.0,3.18,16.0,0.4,1.23,8.56,12.3,7.04,98.0,6.2,16.0,0.4,1008.0,1014.0,1016.4,1013.09,44.0,3.47,16.0,0.4,,,,,,,,,,,,,,,,,,,,,,,,,,,,,,,,,,,,,,,,,,,,,,,,,,,,,,,,,,,,,,,,,,,,,,,,,,,,,,,,,,,,,,,,,,,,,,,,,,,,,,,,,,,,,,,,,,,,,,,,
1911,2,42.4,-15.6,,,,,,,,,,,,,,,,,,,,,,,,,,,,,,,,,6.7,6.7,10.52,8.57,3.0,3.23,4.0,0.7,5.1,6.17,6.2,5.66,3.0,0.91,4.0,0.7,-8.62,-2.62,0.88,-3.84,3.0,7.04,4.0,0.7,1002.29,1002.7,1003.72,1003.0,3.0,1.08,4.0,0.7,,,,,,,,,,,,,,,,,,,,,,,,,,,,,,,,,,,,,,,,,,,,,,,,,,,,,,,,,,,,,,,,,,,,,,,,,,,,,,,,,,,,,,,,,,,,,,,,,,,,,,,,,,,,,,,,,,,,,,,,
1911,2,42.5,-41.6,,,,,,,,,,,,,,,,,,,,,,,,,,,,,,,,,7.58,9.3,12.3,9.56,5.0,3.15,20.0,0.6,-9.64,-4.27,1.76,-3.9,5.0,6.51,20.0,0.6,1.58,4.61,10.04,5.4,5.0,5.13,20.0,0.6,1018.3,1018.3,1018.3,1018.3,1.0,0.0,14.0,0.0,,,,,,,,,,,,,,,,,,,,,,,,,,,,,,,,,,,,,,,,,,,,,,,,,,,,,,,,,,,,,,,,,,,,,,,,,,,,,,,,,,,,,,,,,,,,,,,,,,,,,,,,,,,,,,,,,,,,,,,,
1911,2,42.5,-1.6,,,,,,,,,,,,,,,,,,,,,,,,,,,,,,,,,4.6,8.0,12.3,7.87,16.0,3.39,14.0,0.7,-8.94,-6.39,-3.64,-6.45,16.0,2.63,14.0,0.7,-7.89,-2.51,1.72,-2.78,16.0,4.23,14.0,0.7,1009.79,1011.0,1013.58,1011.4,6.0,1.93,12.0,0.5,,,,,,,,,,,,,,,,,,,,,,,,,,,,,,,,,,,,,,,,,,,,,,,,,,,,,,,,,,,,,,,,,,,,,,,,,,,,,,,,,,,,,,,,,,,,,,,,,,,,,,,,,,,,,,,,,,,,,,,,
1911,2,42.6,12.5,,,,,,,,,,,,,,,,,,,,,,,,,,,,,,,,,4.6,9.3,12.3,9.13,165.0,4.0,16.0,0.5,-6.57,-3.48,0.0,-3.25,165.0,3.41,16.0,0.5,1.8,6.93,12.3,7.1,165.0,5.19,16.0,0.5,1010.0,1014.4,1017.0,1013.57,73.0,3.33,16.0,0.5,,,,,,,,,,,,,,,,,,,,,,,,,,,,,,,,,,,,,,,,,,,,,,,,,,,,,,,,,,,,,,,,,,,,,,,,,,,,,,,,,,,,,,,,,,,,,,,,,,,,,,,,,,,,,,,,,,,,,,,,
1911,2,42.8,-13.7,,,,,,,,,,,,,,,,,,,,,,,,,,,,,,,,,9.3,9.3,9.3,9.3,1.0,0.0,4.0,0.0,8.56,8.56,8.56,8.56,1.0,0.0,4.0,0.0,-3.63,-3.63,-3.63,-3.63,1.0,0.0,4.0,0.0,1006.4,1006.4,1006.4,1006.4,1.0,0.0,4.0,0.0,,,,,,,,,,,,,,,,,,,,,,,,,,,,,,,,,,,,,,,,,,,,,,,,,,,,,,,,,,,,,,,,,,,,,,,,,,,,,,,,,,,,,,,,,,,,,,,,,,,,,,,,,,,,,,,,,,,,,,,,
1911,2,42.8,0.3,,,,,,,,,,,,,,,,,,,,,,,,,,,,,,,,,6.7,6.7,6.7,6.7,1.0,0.0,22.0,0.0,-4.74,-4.74,-4.74,-4.74,1.0,0.0,22.0,0.0,4.74,4.74,4.74,4.74,1.0,0.0,22.0,0.0,1014.2,1014.2,1014.2,1014.2,1.0,0.0,22.0,0.0,,,,,,,,,,,,,,,,,,,,,,,,,,,,,,,,,,,,,,,,,,,,,,,,,,,,,,,,,,,,,,,,,,,,,,,,,,,,,,,,,,,,,,,,,,,,,,,,,,,,,,,,,,,,,,,,,,,,,,,,
1911,2,44.3,-1.4,,,,,,,,,,,,,,,,,,,,,,,,,,,,,,,,,12.3,12.3,12.3,12.3,3.0,0.0,12.0,0.3,-8.7,-8.7,-8.7,-8.7,3.0,0.0,12.0,0.3,-8.7,-8.7,-8.7,-8.7,3.0,0.0,12.0,0.3,1010.0,1010.0,1010.0,1010.0,1.0,0.0,6.0,0.0,,,,,,,,,,,,,,,,,,,,,,,,,,,,,,,,,,,,,,,,,,,,,,,,,,,,,,,,,,,,,,,,,,,,,,,,,,,,,,,,,,,,,,,,,,,,,,,,,,,,,,,,,,,,,,,,,,,,,,,,
1911,2,44.5,-13.2,,,,,,,,,,,,,,,,,,,,,,,,,,,,,,,,,9.3,9.3,9.3,9.3,2.0,0.0,6.0,1.0,6.58,6.58,6.58,6.58,2.0,0.0,6.0,1.0,-6.58,-6.58,-6.58,-6.58,2.0,0.0,6.0,1.0,1007.42,1007.45,1007.48,1007.45,2.0,0.07,6.0,1.0,,,,,,,,,,,,,,,,,,,,,,,,,,,,,,,,,,,,,,,,,,,,,,,,,,,,,,,,,,,,,,,,,,,,,,,,,,,,,,,,,,,,,,,,,,,,,,,,,,,,,,,,,,,,,,,,,,,,,,,,
1911,2,44.5,0.5,,,,,,,,,,,,,,,,,,,,,,,,,,,,,,,,,4.6,6.7,11.63,7.5,15.0,3.06,16.0,0.5,-9.17,-6.21,-3.25,-6.55,15.0,2.91,16.0,0.5,-4.55,-3.25,-0.4,-2.76,15.0,2.65,16.0,0.5,1011.0,1011.4,1014.0,1012.04,8.0,1.94,10.0,0.8,,,,,,,,,,,,,,,,,,,,,,,,,,,,,,,,,,,,,,,,,,,,,,,,,,,,,,,,,,,,,,,,,,,,,,,,,,,,,,,,,,,,,,,,,,,,,,,,,,,,,,,,,,,,,,,,,,,,,,,,
1911,2,44.5,12.2,,,,,,,,,,,,,,,,,,,,,,,,,,,,,,,,,4.6,4.6,9.3,5.95,159.0,2.65,16.0,0.5,-8.42,-4.6,-2.6,-5.44,159.0,2.8,16.0,0.5,-2.51,0.0,1.87,0.25,159.0,2.24,16.0,0.5,1012.0,1015.0,1017.9,1014.96,70.0,2.8,16.0,0.5,,,,,,,,,,,,,,,,,,,,,,,,,,,,,,,,,,,,,,,,,,,,,,,,,,,,,,,,,,,,,,,,,,,,,,,,,,,,,,,,,,,,,,,,,,,,,,,,,,,,,,,,,,,,,,,,,,,,,,,,
1911,2,44.8,2.3,,,,,,,,,,,,,,,,,,,,,,,,,,,,,,,,,4.6,4.6,4.6,4.6,1.0,0.0,22.0,0.0,-4.27,-4.27,-4.27,-4.27,1.0,0.0,22.0,0.0,-1.72,-1.72,-1.72,-1.72,1.0,0.0,22.0,0.0,1013.5,1013.5,1013.5,1013.5,1.0,0.0,22.0,0.0,,,,,,,,,,,,,,,,,,,,,,,,,,,,,,,,,,,,,,,,,,,,,,,,,,,,,,,,,,,,,,,,,,,,,,,,,,,,,,,,,,,,,,,,,,,,,,,,,,,,,,,,,,,,,,,,,,,,,,,,
1911,2,46.3,-11.7,,,,,,,,,,,,,,,,,,,,,,,,,,,,,,,,,9.3,9.3,9.3,9.3,1.0,0.0,6.0,0.0,6.58,6.58,6.58,6.58,1.0,0.0,6.0,0.0,-6.58,-6.58,-6.58,-6.58,1.0,0.0,6.0,0.0,1006.78,1007.85,1008.87,1007.83,4.0,1.3,6.0,0.3,,,,,,,,,,,,,,,,,,,,,,,,,,,,,,,,,,,,,,,,,,,,,,,,,,,,,,,,,,,,,,,,,,,,,,,,,,,,,,,,,,,,,,,,,,,,,,,,,,,,,,,,,,,,,,,,,,,,,,,,
1911,2,46.5,2.4,,,,,,,,,,,,,,,,,,,,,,,,,,,,,,,,,4.6,6.7,9.3,6.96,17.0,3.2,18.0,0.5,-6.63,-4.74,-4.27,-5.35,17.0,2.12,18.0,0.5,-6.58,-4.74,-0.93,-4.14,17.0,2.94,18.0,0.5,1011.93,1013.0,1013.8,1012.72,9.0,1.34,14.0,0.4,,,,,,,,,,,,,,,,,,,,,,,,,,,,,,,,,,,,,,,,,,,,,,,,,,,,,,,,,,,,,,,,,,,,,,,,,,,,,,,,,,,,,,,,,,,,,,,,,,,,,,,,,,,,,,,,,,,,,,,,
1911,2,46.5,12.3,,,,,,,,,,,,,,,,,,,,,,,,,,,,,,,,,2.6,4.6,6.7,5.19,146.0,2.53,16.0,0.4,-6.7,-4.6,-2.56,-4.88,146.0,2.55,16.0,0.4,-2.51,0.0,0.0,-0.97,146.0,1.44,16.0,0.4,1013.0,1015.4,1017.86,1015.1,67.0,2.88,16.0,0.5,,,,,,,,,,,,,,,,,,,,,,,,,,,,,,,,,,,,,,,,,,,,,,,,,,,,,,,,,,,,,,,,,,,,,,,,,,,,,,,,,,,,,,,,,,,,,,,,,,,,,,,,,,,,,,,,,,,,,,,,
1911,2,48.3,-11.2,,,,,,,,,,,,,,,,,,,,,,,,,,,,,,,,,9.3,9.3,9.3,9.3,1.0,0.0,6.0,1.0,3.48,3.48,3.48,3.48,1.0,0.0,6.0,1.0,-8.62,-8.62,-8.62,-8.62,1.0,0.0,6.0,1.0,1008.4,1008.4,1008.4,1008.4,1.0,0.0,6.0,1.0,,,,,,,,,,,,,,,,,,,,,,,,,,,,,,,,,,,,,,,,,,,,,,,,,,,,,,,,,,,,,,,,,,,,,,,,,,,,,,,,,,,,,,,,,,,,,,,,,,,,,,,,,,,,,,,,,,,,,,,,
1911,2,48.3,-9.7,,,,,,,,,,,,,,,,,,,,,,,,,,,,,,,,,4.6,4.6,4.6,4.6,1.0,0.0,6.0,0.0,1.72,1.72,1.72,1.72,1.0,0.0,6.0,0.0,-4.27,-4.27,-4.27,-4.27,1.0,0.0,6.0,0.0,1009.36,1010.4,1011.02,1010.2,4.0,1.18,6.0,0.3,,,,,,,,,,,,,,,,,,,,,,,,,,,,,,,,,,,,,,,,,,,,,,,,,,,,,,,,,,,,,,,,,,,,,,,,,,,,,,,,,,,,,,,,,,,,,,,,,,,,,,,,,,,,,,,,,,,,,,,,
1911,2,48.5,4.5,,,,,,,,,,,,,,,,,,,,,,,,,,,,,,,,,4.6,6.7,11.63,7.2,15.0,3.64,18.0,0.5,-8.23,-6.21,-3.25,-5.36,15.0,2.55,18.0,0.5,-8.23,-4.74,-1.9,-4.45,15.0,3.22,18.0,0.5,1012.9,1014.0,1014.03,1013.49,7.0,1.19,14.0,0.4,,,,,,,,,,,,,,,,,,,,,,,,,,,,,,,,,,,,,,,,,,,,,,,,,,,,,,,,,,,,,,,,,,,,,,,,,,,,,,,,,,,,,,,,,,,,,,,,,,,,,,,,,,,,,,,,,,,,,,,,
1911,2,48.5,12.3,,,,,,,,,,,,,,,,,,,,,,,,,,,,,,,,,2.6,4.6,9.3,5.5,140.0,2.56,16.0,0.5,-6.7,-4.6,-2.6,-5.06,140.0,2.49,16.0,0.5,-2.62,-1.57,0.0,-1.39,140.0,1.73,16.0,0.5,1013.0,1015.1,1017.92,1015.25,57.0,2.37,16.0,0.5,,,,,,,,,,,,,,,,,,,,,,,,,,,,,,,,,,,,,,,,,,,,,,,,,,,,,,,,,,,,,,,,,,,,,,,,,,,,,,,,,,,,,,,,,,,,,,,,,,,,,,,,,,,,,,,,,,,,,,,,
1911,2,48.5,14.3,,,,,,,,,,,,,,,,,,,,,,,,,,,,,,,,,2.6,2.6,2.6,2.6,2.0,0.0,6.0,1.0,-2.31,-2.12,-1.93,-2.12,2.0,0.39,6.0,1.0,1.15,1.43,1.71,1.43,2.0,0.58,6.0,1.0,1015.3,1015.5,1015.7,1015.5,2.0,0.42,6.0,1.0,,,,,,,,,,,,,,,,,,,,,,,,,,,,,,,,,,,,,,,,,,,,,,,,,,,,,,,,,,,,,,,,,,,,,,,,,,,,,,,,,,,,,,,,,,,,,,,,,,,,,,,,,,,,,,,,,,,,,,,,
1911,2,48.8,6.3,,,,,,,,,,,,,,,,,,,,,,,,,,,,,,,,,3.9,6.7,10.52,7.2,3.0,4.87,20.0,0.3,-7.91,-6.21,-1.97,-4.97,3.0,4.48,20.0,0.3,-6.73,-2.51,0.98,-2.87,3.0,5.66,20.0,0.3,1013.9,1013.9,1013.9,1013.9,1.0,0.0,20.0,0.0,,,,,,,,,,,,,,,,,,,,,,,,,,,,,,,,,,,,,,,,,,,,,,,,,,,,,,,,,,,,,,,,,,,,,,,,,,,,,,,,,,,,,,,,,,,,,,,,,,,,,,,,,,,,,,,,,,,,,,,,
1911,2,48.8,10.8,,,,,,,,,,,,,,,,,,,,,,,,,,,,,,,,,3.25,4.65,6.05,4.65,2.0,2.9,18.0,0.0,-5.6,-4.38,-3.17,-4.38,2.0,2.52,18.0,0.0,-2.2,-1.31,-0.42,-1.31,2.0,1.85,18.0,0.0,1012.9,1012.9,1012.9,1012.9,1.0,0.0,20.0,0.0,,,,,,,,,,,,,,,,,,,,,,,,,,,,,,,,,,,,,,,,,,,,,,,,,,,,,,,,,,,,,,,,,,,,,,,,,,,,,,,,,,,,,,,,,,,,,,,,,,,,,,,,,,,,,,,,,,,,,,,,
1911,2,50.3,4.6,,,,,,,,,,,,,,,,,,,,,,,,,,,,,,,,,5.27,6.7,8.47,6.87,3.0,2.35,16.0,0.7,-4.27,-3.25,-1.03,-2.66,3.0,2.42,16.0,0.7,-7.85,-4.74,-3.72,-5.76,3.0,3.15,16.0,0.7,1013.0,1013.0,1013.0,1013.0,1.0,0.0,10.0,0.0,,,,,,,,,,,,,,,,,,,,,,,,,,,,,,,,,,,,,,,,,,,,,,,,,,,,,,,,,,,,,,,,,,,,,,,,,,,,,,,,,,,,,,,,,,,,,,,,,,,,,,,,,,,,,,,,,,,,,,,,
1911,2,50.3,6.5,,,,,,,,,,,,,,,,,,,,,,,,,,,,,,,,,4.6,6.7,10.54,6.82,11.0,3.22,16.0,0.6,-4.81,-4.27,-2.25,-3.8,11.0,1.61,16.0,0.6,-8.54,-4.74,-2.62,-5.0,11.0,3.95,16.0,0.6,1012.38,1013.7,1016.0,1014.0,5.0,2.02,14.0,1.0,,,,,,,,,,,,,,,,,,,,,,,,,,,,,,,,,,,,,,,,,,,,,,,,,,,,,,,,,,,,,,,,,,,,,,,,,,,,,,,,,,,,,,,,,,,,,,,,,,,,,,,,,,,,,,,,,,,,,,,,
1911,2,50.4,12.3,,,,,,,,,,,,,,,,,,,,,,,,,,,,,,,,,2.6,4.6,6.7,4.49,89.0,2.19,18.0,0.4,-6.21,-3.25,-1.79,-3.63,89.0,2.32,18.0,0.4,-3.25,-0.89,0.4,-1.19,89.0,2.23,18.0,0.4,1013.51,1015.85,1018.17,1015.74,44.0,2.51,18.0,0.5,,,,,,,,,,,,,,,,,,,,,,,,,,,,,,,,,,,,,,,,,,,,,,,,,,,,,,,,,,,,,,,,,,,,,,,,,,,,,,,,,,,,,,,,,,,,,,,,,,,,,,,,,,,,,,,,,,,,,,,,
1911,2,50.5,-9.2,,,,,,,,,,,,,,,,,,,,,,,,,,,,,,,,,6.7,6.7,6.7,6.7,2.0,0.0,8.0,1.0,0.0,0.0,0.0,0.0,2.0,0.0,8.0,1.0,-6.7,-6.7,-6.7,-6.7,2.0,0.0,8.0,1.0,1013.02,1013.05,1013.08,1013.05,2.0,0.07,8.0,1.0,,,,,,,,,,,,,,,,,,,,,,,,,,,,,,,,,,,,,,,,,,,,,,,,,,,,,,,,,,,,,,,,,,,,,,,,,,,,,,,,,,,,,,,,,,,,,,,,,,,,,,,,,,,,,,,,,,,,,,,,
1911,2,50.6,8.5,,,,,,,,,,,,,,,,,,,,,,,,,,,,,,,,,2.6,4.6,11.81,5.39,14.0,3.85,18.0,0.4,-4.79,-2.82,-1.8,-3.12,14.0,1.51,18.0,0.4,-10.87,-2.12,0.82,-3.36,14.0,4.61,18.0,0.4,1015.45,1016.0,1017.3,1016.38,5.0,1.72,14.0,0.2,,,,,,,,,,,,,,,,,,,,,,,,,,,,,,,,,,,,,,,,,,,,,,,,,,,,,,,,,,,,,,,,,,,,,,,,,,,,,,,,,,,,,,,,,,,,,,,,,,,,,,,,,,,,,,,,,,,,,,,,
1911,2,50.6,14.3,,,,,,,,,,,,,,,,,,,,,,,,,,,,,,,,,0.63,2.6,3.33,2.16,5.0,1.76,10.0,0.8,-1.4,0.0,0.37,-0.46,5.0,1.35,10.0,0.8,-1.68,0.0,1.32,-0.3,5.0,2.6,10.0,0.8,1016.71,1016.95,1017.19,1016.95,2.0,0.49,6.0,1.0,,,,,,,,,,,,,,,,,,,,,,,,,,,,,,,,,,,,,,,,,,,,,,,,,,,,,,,,,,,,,,,,,,,,,,,,,,,,,,,,,,,,,,,,,,,,,,,,,,,,,,,,,,,,,,,,,,,,,,,,
1911,2,50.7,10.7,,,,,,,,,,,,,,,,,,,,,,,,,,,,,,,,,2.6,4.6,6.7,4.56,38.0,2.18,18.0,0.5,-6.17,-3.44,-1.83,-3.66,38.0,1.88,18.0,0.5,-3.38,-0.86,0.9,-1.29,38.0,2.67,18.0,0.5,1013.45,1015.15,1016.64,1014.72,18.0,2.51,18.0,0.7,,,,,,,,,,,,,,,,,,,,,,,,,,,,,,,,,,,,,,,,,,,,,,,,,,,,,,,,,,,,,,,,,,,,,,,,,,,,,,,,,,,,,,,,,,,,,,,,,,,,,,,,,,,,,,,,,,,,,,,,
1911,2,50.8,-7.7,,,,,,,,,,,,,,,,,,,,,,,,,,,,,,,,,6.7,6.7,6.7,6.7,1.0,0.0,8.0,1.0,0.0,0.0,0.0,0.0,1.0,0.0,8.0,1.0,-6.7,-6.7,-6.7,-6.7,1.0,0.0,8.0,1.0,1010.3,1010.3,1010.3,1010.3,1.0,0.0,8.0,1.0,,,,,,,,,,,,,,,,,,,,,,,,,,,,,,,,,,,,,,,,,,,,,,,,,,,,,,,,,,,,,,,,,,,,,,,,,,,,,,,,,,,,,,,,,,,,,,,,,,,,,,,,,,,,,,,,,,,,,,,,
1911,2,52.4,14.4,,,,,,,,,,,,,,,,,,,,,,,,,,,,,,,,,1.0,2.6,4.47,2.31,14.0,1.57,10.0,0.5,-2.6,-1.33,0.0,-1.43,14.0,1.42,10.0,0.5,-0.94,0.0,0.98,0.06,14.0,2.0,10.0,0.5,1014.36,1014.7,1015.04,1014.7,2.0,0.71,4.0,0.0,,,,,,,,,,,,,,,,,,,,,,,,,,,,,,,,,,,,,,,,,,,,,,,,,,,,,,,,,,,,,,,,,,,,,,,,,,,,,,,,,,,,,,,,,,,,,,,,,,,,,,,,,,,,,,,,,,,,,,,,
1911,2,52.5,10.7,,,,,,,,,,,,,,,,,,,,,,,,,,,,,,,,,2.6,4.6,6.7,4.88,82.0,1.99,16.0,0.5,-4.74,-4.23,-2.19,-3.76,82.0,1.74,16.0,0.5,-4.74,-2.07,0.73,-1.99,82.0,2.6,16.0,0.5,1013.6,1015.3,1017.8,1015.55,42.0,1.93,16.0,0.4,,,,,,,,,,,,,,,,,,,,,,,,,,,,,,,,,,,,,,,,,,,,,,,,,,,,,,,,,,,,,,,,,,,,,,,,,,,,,,,,,,,,,,,,,,,,,,,,,,,,,,,,,,,,,,,,,,,,,,,,
1911,2,52.5,12.4,,,,,,,,,,,,,,,,,,,,,,,,,,,,,,,,,3.68,4.6,9.53,5.99,17.0,2.97,18.0,0.6,-6.81,-4.27,-2.6,-4.65,17.0,2.03,18.0,0.6,-6.74,-1.72,0.0,-2.76,17.0,3.43,18.0,0.6,1008.9,1015.0,1015.74,1013.47,7.0,3.25,18.0,0.6,,,,,,,,,,,,,,,,,,,,,,,,,,,,,,,,,,,,,,,,,,,,,,,,,,,,,,,,,,,,,,,,,,,,,,,,,,,,,,,,,,,,,,,,,,,,,,,,,,,,,,,,,,,,,,,,,,,,,,,,
1911,2,52.6,-7.6,,,,,,,,,,,,,,,,,,,,,,,,,,,,,,,,,4.6,4.6,4.6,4.6,5.0,0.0,8.0,0.4,0.0,0.0,1.19,0.65,5.0,1.45,8.0,0.4,-4.6,-4.6,-4.11,-4.33,5.0,0.6,8.0,0.4,1012.62,1013.3,1013.98,1013.3,3.0,1.0,8.0,0.7,,,,,,,,,,,,,,,,,,,,,,,,,,,,,,,,,,,,,,,,,,,,,,,,,,,,,,,,,,,,,,,,,,,,,,,,,,,,,,,,,,,,,,,,,,,,,,,,,,,,,,,,,,,,,,,,,,,,,,,,
1911,2,54.3,-7.2,,,,,,,,,,,,,,,,,,,,,,,,,,,,,,,,,2.92,3.6,4.28,3.6,2.0,1.41,8.0,0.5,-1.51,-0.9,-0.29,-0.9,2.0,1.27,8.0,0.5,-3.97,-3.42,-2.86,-3.42,2.0,1.16,8.0,0.5,1013.4,1013.4,1013.4,1013.4,1.0,0.0,8.0,0.0,,,,,,,,,,,,,,,,,,,,,,,,,,,,,,,,,,,,,,,,,,,,,,,,,,,,,,,,,,,,,,,,,,,,,,,,,,,,,,,,,,,,,,,,,,,,,,,,,,,,,,,,,,,,,,,,,,,,,,,,
1911,2,54.5,-5.7,,,,,,,,,,,,,,,,,,,,,,,,,,,,,,,,,2.6,2.6,2.6,2.6,2.0,0.0,8.0,0.0,-0.85,-0.51,-0.16,-0.51,2.0,0.72,8.0,0.0,-2.57,-2.5,-2.43,-2.5,2.0,0.15,8.0,0.0,1013.0,1013.0,1013.0,1013.0,1.0,0.0,10.0,0.0,,,,,,,,,,,,,,,,,,,,,,,,,,,,,,,,,,,,,,,,,,,,,,,,,,,,,,,,,,,,,,,,,,,,,,,,,,,,,,,,,,,,,,,,,,,,,,,,,,,,,,,,,,,,,,,,,,,,,,,,
1911,2,54.5,10.7,,,,,,,,,,,,,,,,,,,,,,,,,,,,,,,,,4.6,4.6,9.3,6.02,72.0,2.41,16.0,0.5,-6.58,-4.6,-3.25,-4.75,72.0,1.91,16.0,0.5,-6.47,-2.51,0.0,-2.9,72.0,2.73,16.0,0.5,1013.6,1015.1,1017.4,1015.19,42.0,2.18,18.0,0.6,,,,,,,,,,,,,,,,,,,,,,,,,,,,,,,,,,,,,,,,,,,,,,,,,,,,,,,,,,,,,,,,,,,,,,,,,,,,,,,,,,,,,,,,,,,,,,,,,,,,,,,,,,,,,,,,,,,,,,,,
1911,2,54.5,12.4,,,,,,,,,,,,,,,,,,,,,,,,,,,,,,,,,4.6,4.6,6.33,5.01,21.0,2.1,14.0,0.4,-4.67,-3.25,-2.41,-3.82,21.0,1.86,14.0,0.4,-4.23,-3.25,-1.57,-2.87,21.0,1.83,14.0,0.4,1011.99,1014.2,1015.77,1013.84,14.0,2.13,14.0,0.5,,,,,,,,,,,,,,,,,,,,,,,,,,,,,,,,,,,,,,,,,,,,,,,,,,,,,,,,,,,,,,,,,,,,,,,,,,,,,,,,,,,,,,,,,,,,,,,,,,,,,,,,,,,,,,,,,,,,,,,,
1911,2,56.4,-5.2,,,,,,,,,,,,,,,,,,,,,,,,,,,,,,,,,2.14,4.6,4.6,3.4,3.0,2.08,14.0,0.0,1.23,1.72,2.77,1.99,3.0,1.15,14.0,0.0,-3.94,-3.25,-1.03,-2.51,3.0,2.23,14.0,0.0,1010.05,1012.3,1012.71,1011.4,3.0,2.1,14.0,0.0,,,,,,,,,,,,,,,,,,,,,,,,,,,,,,,,,,,,,,,,,,,,,,,,,,,,,,,,,,,,,,,,,,,,,,,,,,,,,,,,,,,,,,,,,,,,,,,,,,,,,,,,,,,,,,,,,,,,,,,,
1911,2,56.5,10.6,,,,,,,,,,,,,,,,,,,,,,,,,,,,,,,,,2.6,4.6,7.78,5.56,74.0,2.71,16.0,0.5,-6.21,-4.27,-2.41,-4.09,74.0,2.1,16.0,0.5,-6.34,-2.51,-0.42,-3.21,74.0,2.61,16.0,0.5,1013.33,1015.1,1016.3,1014.98,41.0,1.53,16.0,0.3,,,,,,,,,,,,,,,,,,,,,,,,,,,,,,,,,,,,,,,,,,,,,,,,,,,,,,,,,,,,,,,,,,,,,,,,,,,,,,,,,,,,,,,,,,,,,,,,,,,,,,,,,,,,,,,,,,,,,,,,
1911,2,56.5,12.4,,,,,,,,,,,,,,,,,,,,,,,,,,,,,,,,,4.22,4.6,6.7,4.97,25.0,2.06,14.0,0.4,-5.02,-3.25,0.0,-3.14,25.0,2.63,14.0,0.4,-4.6,-3.25,-1.57,-3.18,25.0,1.5,14.0,0.4,1010.79,1013.4,1014.63,1012.98,12.0,2.28,10.0,0.3,,,,,,,,,,,,,,,,,,,,,,,,,,,,,,,,,,,,,,,,,,,,,,,,,,,,,,,,,,,,,,,,,,,,,,,,,,,,,,,,,,,,,,,,,,,,,,,,,,,,,,,,,,,,,,,,,,,,,,,,
1911,2,58.5,10.4,,,,,,,,,,,,,,,,,,,,,,,,,,,,,,,,,3.9,6.7,9.3,6.05,87.0,2.8,16.0,0.6,-6.58,-4.32,-2.41,-4.45,87.0,2.22,16.0,0.6,-6.58,-3.25,0.0,-3.49,87.0,2.75,16.0,0.6,1013.2,1014.7,1016.45,1014.57,48.0,2.1,16.0,0.7,,,,,,,,,,,,,,,,,,,,,,,,,,,,,,,,,,,,,,,,,,,,,,,,,,,,,,,,,,,,,,,,,,,,,,,,,,,,,,,,,,,,,,,,,,,,,,,,,,,,,,,,,,,,,,,,,,,,,,,,
1911,2,58.5,12.4,,,,,,,,,,,,,,,,,,,,,,,,,,,,,,,,,2.6,4.6,7.82,5.13,16.0,2.99,16.0,0.6,-5.53,-1.84,-1.12,-3.07,16.0,2.9,16.0,0.6,-4.6,-3.74,-1.3,-3.56,16.0,2.24,16.0,0.6,1011.86,1014.6,1015.39,1013.86,5.0,1.89,12.0,0.6,,,,,,,,,,,,,,,,,,,,,,,,,,,,,,,,,,,,,,,,,,,,,,,,,,,,,,,,,,,,,,,,,,,,,,,,,,,,,,,,,,,,,,,,,,,,,,,,,,,,,,,,,,,,,,,,,,,,,,,,
1911,2,58.6,-5.2,,,,,,,,,,,,,,,,,,,,,,,,,,,,,,,,,3.23,4.6,6.03,4.63,3.0,2.05,14.0,1.0,0.0,0.0,0.0,0.0,3.0,0.0,14.0,1.0,-6.03,-4.6,-3.23,-4.63,3.0,2.05,14.0,1.0,1009.57,1012.1,1013.81,1011.7,3.0,3.12,14.0,1.0,,,,,,,,,,,,,,,,,,,,,,,,,,,,,,,,,,,,,,,,,,,,,,,,,,,,,,,,,,,,,,,,,,,,,,,,,,,,,,,,,,,,,,,,,,,,,,,,,,,,,,,,,,,,,,,,,,,,,,,,
1911,2,60.5,10.4,,,,,,,,,,,,,,,,,,,,,,,,,,,,,,,,,2.6,4.6,6.7,5.53,105.0,2.49,14.0,0.4,-6.17,-3.48,-1.72,-3.71,105.0,2.16,14.0,0.4,-6.17,-3.67,-1.72,-3.72,105.0,2.13,14.0,0.4,1012.26,1014.0,1016.02,1014.01,50.0,2.43,16.0,0.3,,,,,,,,,,,,,,,,,,,,,,,,,,,,,,,,,,,,,,,,,,,,,,,,,,,,,,,,,,,,,,,,,,,,,,,,,,,,,,,,,,,,,,,,,,,,,,,,,,,,,,,,,,,,,,,,,,,,,,,,
1911,2,60.5,12.4,,,,,,,,,,,,,,,,,,,,,,,,,,,,,,,,,2.6,4.6,5.8,4.88,12.0,2.24,14.0,0.4,-4.6,-1.8,-0.76,-2.8,12.0,3.01,14.0,0.4,-4.33,-3.93,-1.62,-3.19,12.0,1.54,14.0,0.4,1012.72,1013.4,1014.63,1013.67,3.0,1.42,12.0,0.7,,,,,,,,,,,,,,,,,,,,,,,,,,,,,,,,,,,,,,,,,,,,,,,,,,,,,,,,,,,,,,,,,,,,,,,,,,,,,,,,,,,,,,,,,,,,,,,,,,,,,,,,,,,,,,,,,,,,,,,,
1911,2,60.6,-5.2,,,,,,,,,,,,,,,,,,,,,,,,,,,,,,,,,2.6,2.6,3.97,3.27,3.0,1.15,14.0,0.0,-1.55,-1.02,-1.02,-1.28,3.0,0.45,14.0,0.0,-3.65,-2.39,-2.39,-3.01,3.0,1.06,14.0,0.0,1011.29,1013.0,1013.27,1012.3,3.0,1.57,14.0,0.0,,,,,,,,,,,,,,,,,,,,,,,,,,,,,,,,,,,,,,,,,,,,,,,,,,,,,,,,,,,,,,,,,,,,,,,,,,,,,,,,,,,,,,,,,,,,,,,,,,,,,,,,,,,,,,,,,,,,,,,,
1911,2,60.7,8.8,,,,,,,,,,,,,,,,,,,,,,,,,,,,,,,,,4.6,4.6,5.8,5.58,10.0,2.45,10.0,0.4,-5.5,-3.74,-3.25,-4.28,10.0,1.93,10.0,0.4,-3.81,-3.25,-1.75,-3.21,10.0,2.26,10.0,0.4,1012.98,1013.2,1015.51,1014.08,6.0,1.69,12.0,0.2,,,,,,,,,,,,,,,,,,,,,,,,,,,,,,,,,,,,,,,,,,,,,,,,,,,,,,,,,,,,,,,,,,,,,,,,,,,,,,,,,,,,,,,,,,,,,,,,,,,,,,,,,,,,,,,,,,,,,,,,
1911,2,62.5,-5.2,,,,,,,,,,,,,,,,,,,,,,,,,,,,,,,,,2.6,2.6,2.6,2.6,2.0,0.0,16.0,1.0,-1.02,-1.02,-1.02,-1.02,2.0,0.0,16.0,1.0,-2.39,-2.39,-2.39,-2.39,2.0,0.0,16.0,1.0,1012.65,1012.75,1012.85,1012.75,2.0,0.21,16.0,1.0,,,,,,,,,,,,,,,,,,,,,,,,,,,,,,,,,,,,,,,,,,,,,,,,,,,,,,,,,,,,,,,,,,,,,,,,,,,,,,,,,,,,,,,,,,,,,,,,,,,,,,,,,,,,,,,,,,,,,,,,
1911,2,62.5,10.3,,,,,,,,,,,,,,,,,,,,,,,,,,,,,,,,,2.6,4.6,6.7,5.0,74.0,2.01,14.0,0.5,-4.74,-2.56,-1.66,-2.89,74.0,1.76,14.0,0.5,-4.74,-4.23,-1.82,-3.75,74.0,1.9,14.0,0.5,1012.01,1014.0,1015.09,1013.34,27.0,2.75,14.0,0.5,,,,,,,,,,,,,,,,,,,,,,,,,,,,,,,,,,,,,,,,,,,,,,,,,,,,,,,,,,,,,,,,,,,,,,,,,,,,,,,,,,,,,,,,,,,,,,,,,,,,,,,,,,,,,,,,,,,,,,,,
1911,2,62.6,8.7,,,,,,,,,,,,,,,,,,,,,,,,,,,,,,,,,4.6,4.6,6.7,5.77,47.0,2.07,14.0,0.7,-5.74,-3.25,-2.44,-3.74,47.0,1.72,14.0,0.7,-6.2,-3.25,-1.8,-3.94,47.0,2.27,14.0,0.7,1011.91,1013.8,1015.27,1013.65,27.0,1.74,18.0,0.7,,,,,,,,,,,,,,,,,,,,,,,,,,,,,,,,,,,,,,,,,,,,,,,,,,,,,,,,,,,,,,,,,,,,,,,,,,,,,,,,,,,,,,,,,,,,,,,,,,,,,,,,,,,,,,,,,,,,,,,,
1911,2,62.8,0.3,,,,,,,,,,,,,,,,,,,,,,,,,,,,,,,,,6.7,6.7,6.7,6.7,1.0,0.0,12.0,1.0,-4.74,-4.74,-4.74,-4.74,1.0,0.0,12.0,1.0,-4.74,-4.74,-4.74,-4.74,1.0,0.0,12.0,1.0,1014.8,1014.8,1014.8,1014.8,1.0,0.0,12.0,1.0,,,,,,,,,,,,,,,,,,,,,,,,,,,,,,,,,,,,,,,,,,,,,,,,,,,,,,,,,,,,,,,,,,,,,,,,,,,,,,,,,,,,,,,,,,,,,,,,,,,,,,,,,,,,,,,,,,,,,,,,
1911,2,64.5,-5.2,,,,,,,,,,,,,,,,,,,,,,,,,,,,,,,,,2.92,3.6,4.28,3.6,2.0,1.41,18.0,1.0,-1.22,0.02,1.26,0.02,2.0,2.57,18.0,1.0,-3.85,-3.04,-2.22,-3.04,2.0,1.69,18.0,1.0,1010.1,1010.1,1010.1,1010.1,1.0,0.0,16.0,1.0,,,,,,,,,,,,,,,,,,,,,,,,,,,,,,,,,,,,,,,,,,,,,,,,,,,,,,,,,,,,,,,,,,,,,,,,,,,,,,,,,,,,,,,,,,,,,,,,,,,,,,,,,,,,,,,,,,,,,,,,
1911,2,64.5,8.7,,,,,,,,,,,,,,,,,,,,,,,,,,,,,,,,,4.6,4.6,6.7,5.13,80.0,1.84,14.0,0.4,-4.74,-2.62,-1.02,-2.72,80.0,1.59,14.0,0.4,-6.17,-4.23,-2.46,-4.1,80.0,1.71,14.0,0.4,1012.5,1013.55,1014.9,1013.69,40.0,1.39,16.0,0.4,,,,,,,,,,,,,,,,,,,,,,,,,,,,,,,,,,,,,,,,,,,,,,,,,,,,,,,,,,,,,,,,,,,,,,,,,,,,,,,,,,,,,,,,,,,,,,,,,,,,,,,,,,,,,,,,,,,,,,,,
1911,2,64.5,10.3,,,,,,,,,,,,,,,,,,,,,,,,,,,,,,,,,3.93,4.6,6.7,5.18,43.0,1.69,14.0,0.7,-4.32,-1.8,0.0,-2.26,43.0,1.72,14.0,0.7,-6.21,-4.27,-2.41,-4.28,43.0,1.83,14.0,0.7,1009.02,1012.6,1015.09,1012.24,14.0,3.3,12.0,0.6,,,,,,,,,,,,,,,,,,,,,,,,,,,,,,,,,,,,,,,,,,,,,,,,,,,,,,,,,,,,,,,,,,,,,,,,,,,,,,,,,,,,,,,,,,,,,,,,,,,,,,,,,,,,,,,,,,,,,,,,
1911,2,64.6,-3.6,,,,,,,,,,,,,,,,,,,,,,,,,,,,,,,,,2.6,2.6,2.6,2.6,5.0,0.0,18.0,0.4,-1.02,0.0,1.29,0.16,5.0,1.25,18.0,0.4,-2.48,-2.39,-2.19,-2.33,5.0,0.29,18.0,0.4,1012.62,1012.65,1012.68,1012.65,2.0,0.07,16.0,0.0,,,,,,,,,,,,,,,,,,,,,,,,,,,,,,,,,,,,,,,,,,,,,,,,,,,,,,,,,,,,,,,,,,,,,,,,,,,,,,,,,,,,,,,,,,,,,,,,,,,,,,,,,,,,,,,,,,,,,,,,
1911,2,66.4,10.3,,,,,,,,,,,,,,,,,,,,,,,,,,,,,,,,,4.6,6.7,6.7,5.72,17.0,1.3,10.0,0.3,-2.91,-2.51,-0.48,-2.12,17.0,1.49,10.0,0.3,-6.44,-6.17,-3.25,-5.04,17.0,1.55,10.0,0.3,1010.63,1012.1,1014.52,1012.04,7.0,2.73,12.0,0.1,,,,,,,,,,,,,,,,,,,,,,,,,,,,,,,,,,,,,,,,,,,,,,,,,,,,,,,,,,,,,,,,,,,,,,,,,,,,,,,,,,,,,,,,,,,,,,,,,,,,,,,,,,,,,,,,,,,,,,,,
1911,2,66.5,-3.7,,,,,,,,,,,,,,,,,,,,,,,,,,,,,,,,,2.6,2.6,2.6,2.6,2.0,0.0,16.0,0.5,-1.02,-1.02,-1.02,-1.02,2.0,0.0,16.0,0.5,-2.39,-2.39,-2.39,-2.39,2.0,0.0,16.0,0.5,1010.9,1011.75,1012.6,1011.75,2.0,1.77,16.0,0.5,,,,,,,,,,,,,,,,,,,,,,,,,,,,,,,,,,,,,,,,,,,,,,,,,,,,,,,,,,,,,,,,,,,,,,,,,,,,,,,,,,,,,,,,,,,,,,,,,,,,,,,,,,,,,,,,,,,,,,,,
1911,2,66.5,8.7,,,,,,,,,,,,,,,,,,,,,,,,,,,,,,,,,2.6,4.6,6.7,4.84,111.0,1.74,14.0,0.6,-3.82,-2.51,0.0,-2.01,111.0,1.85,14.0,0.6,-6.17,-4.23,-2.05,-3.95,111.0,1.85,14.0,0.6,1011.46,1013.1,1015.1,1013.22,49.0,2.21,14.0,0.6,,,,,,,,,,,,,,,,,,,,,,,,,,,,,,,,,,,,,,,,,,,,,,,,,,,,,,,,,,,,,,,,,,,,,,,,,,,,,,,,,,,,,,,,,,,,,,,,,,,,,,,,,,,,,,,,,,,,,,,,
1911,2,68.4,-5.2,,,,,,,,,,,,,,,,,,,,,,,,,,,,,,,,,2.6,2.6,5.4,3.97,3.0,2.37,16.0,0.7,-1.02,-1.02,1.39,0.16,3.0,2.04,16.0,0.7,-5.0,-2.39,-2.39,-3.67,3.0,2.2,16.0,0.7,1010.95,1011.5,1012.18,1011.57,3.0,0.9,16.0,0.7,,,,,,,,,,,,,,,,,,,,,,,,,,,,,,,,,,,,,,,,,,,,,,,,,,,,,,,,,,,,,,,,,,,,,,,,,,,,,,,,,,,,,,,,,,,,,,,,,,,,,,,,,,,,,,,,,,,,,,,,
1911,2,68.5,8.5,,,,,,,,,,,,,,,,,,,,,,,,,,,,,,,,,2.6,4.6,6.7,4.36,121.0,1.79,14.0,0.5,-3.25,-1.72,0.0,-1.68,121.0,1.67,14.0,0.5,-6.17,-4.23,-1.84,-3.68,121.0,1.76,14.0,0.5,1011.28,1013.0,1014.77,1012.78,53.0,2.29,16.0,0.5,,,,,,,,,,,,,,,,,,,,,,,,,,,,,,,,,,,,,,,,,,,,,,,,,,,,,,,,,,,,,,,,,,,,,,,,,,,,,,,,,,,,,,,,,,,,,,,,,,,,,,,,,,,,,,,,,,,,,,,,
1911,2,68.8,6.8,,,,,,,,,,,,,,,,,,,,,,,,,,,,,,,,,1.0,1.0,1.0,1.0,1.0,0.0,16.0,0.0,-0.39,-0.39,-0.39,-0.39,1.0,0.0,16.0,0.0,-0.92,-0.92,-0.92,-0.92,1.0,0.0,16.0,0.0,1012.8,1012.8,1012.8,1012.8,1.0,0.0,16.0,0.0,,,,,,,,,,,,,,,,,,,,,,,,,,,,,,,,,,,,,,,,,,,,,,,,,,,,,,,,,,,,,,,,,,,,,,,,,,,,,,,,,,,,,,,,,,,,,,,,,,,,,,,,,,,,,,,,,,,,,,,,
1911,2,68.8,10.3,,,,,,,,,,,,,,,,,,,,,,,,,,,,,,,,,9.3,9.3,9.3,9.3,1.0,0.0,8.0,1.0,-6.58,-6.58,-6.58,-6.58,1.0,0.0,8.0,1.0,-6.58,-6.58,-6.58,-6.58,1.0,0.0,8.0,1.0,1015.4,1015.4,1015.4,1015.4,1.0,0.0,8.0,1.0,,,,,,,,,,,,,,,,,,,,,,,,,,,,,,,,,,,,,,,,,,,,,,,,,,,,,,,,,,,,,,,,,,,,,,,,,,,,,,,,,,,,,,,,,,,,,,,,,,,,,,,,,,,,,,,,,,,,,,,,
1911,2,70.5,8.3,,,,,,,,,,,,,,,,,,,,,,,,,,,,,,,,,1.0,4.6,4.6,3.65,117.0,1.98,14.0,0.5,-2.61,-0.97,0.0,-1.07,117.0,1.64,14.0,0.5,-4.6,-3.25,-0.92,-3.11,117.0,1.93,14.0,0.5,1010.82,1012.9,1014.54,1012.46,52.0,2.44,14.0,0.5,,,,,,,,,,,,,,,,,,,,,,,,,,,,,,,,,,,,,,,,,,,,,,,,,,,,,,,,,,,,,,,,,,,,,,,,,,,,,,,,,,,,,,,,,,,,,,,,,,,,,,,,,,,,,,,,,,,,,,,,
1911,2,70.6,-3.5,,,,,,,,,,,,,,,,,,,,,,,,,,,,,,,,,1.0,2.6,4.6,2.76,5.0,1.8,18.0,0.6,-0.92,-0.39,1.19,0.13,5.0,1.88,18.0,0.6,-3.74,-1.84,-0.92,-2.31,5.0,1.6,18.0,0.6,1010.79,1011.4,1011.95,1011.37,3.0,0.85,16.0,0.3,,,,,,,,,,,,,,,,,,,,,,,,,,,,,,,,,,,,,,,,,,,,,,,,,,,,,,,,,,,,,,,,,,,,,,,,,,,,,,,,,,,,,,,,,,,,,,,,,,,,,,,,,,,,,,,,,,,,,,,,
1911,2,70.6,6.8,,,,,,,,,,,,,,,,,,,,,,,,,,,,,,,,,1.0,1.0,1.84,1.4,4.0,0.8,18.0,0.5,-0.72,-0.39,-0.19,-0.45,4.0,0.42,18.0,0.5,-1.73,-0.96,-0.92,-1.31,4.0,0.72,18.0,0.5,1013.04,1013.4,1014.6,1013.8,4.0,1.24,18.0,0.5,,,,,,,,,,,,,,,,,,,,,,,,,,,,,,,,,,,,,,,,,,,,,,,,,,,,,,,,,,,,,,,,,,,,,,,,,,,,,,,,,,,,,,,,,,,,,,,,,,,,,,,,,,,,,,,,,,,,,,,,
1911,2,72.3,18.2,,,,,,,,,,,,,,,,,,,,,,,,,,,,,,,,,1.0,2.6,4.6,2.85,13.0,1.62,14.0,0.3,-0.12,0.34,2.05,0.5,13.0,1.47,14.0,0.3,-3.63,-2.41,-0.63,-2.07,13.0,2.09,14.0,0.3,1010.21,1013.75,1015.32,1013.16,8.0,2.33,16.0,0.3,,,,,,,,,,,,,,,,,,,,,,,,,,,,,,,,,,,,,,,,,,,,,,,,,,,,,,,,,,,,,,,,,,,,,,,,,,,,,,,,,,,,,,,,,,,,,,,,,,,,,,,,,,,,,,,,,,,,,,,,
1911,2,72.5,-3.7,,,,,,,,,,,,,,,,,,,,,,,,,,,,,,,,,1.0,1.0,3.33,2.04,5.0,1.59,18.0,0.4,-0.36,0.0,0.26,-0.05,5.0,0.6,18.0,0.4,-3.21,-1.0,-0.89,-1.94,5.0,1.63,18.0,0.4,1010.4,1011.9,1012.45,1011.43,3.0,1.55,18.0,0.7,,,,,,,,,,,,,,,,,,,,,,,,,,,,,,,,,,,,,,,,,,,,,,,,,,,,,,,,,,,,,,,,,,,,,,,,,,,,,,,,,,,,,,,,,,,,,,,,,,,,,,,,,,,,,,,,,,,,,,,,
1911,2,72.5,8.2,,,,,,,,,,,,,,,,,,,,,,,,,,,,,,,,,1.0,2.6,4.6,2.81,96.0,1.81,14.0,0.4,-2.16,0.0,0.0,-0.59,96.0,1.51,14.0,0.4,-4.32,-2.41,0.0,-2.31,96.0,1.79,14.0,0.4,1011.17,1013.2,1014.83,1012.93,38.0,2.18,14.0,0.4,,,,,,,,,,,,,,,,,,,,,,,,,,,,,,,,,,,,,,,,,,,,,,,,,,,,,,,,,,,,,,,,,,,,,,,,,,,,,,,,,,,,,,,,,,,,,,,,,,,,,,,,,,,,,,,,,,,,,,,,
1911,2,72.5,16.4,,,,,,,,,,,,,,,,,,,,,,,,,,,,,,,,,1.53,2.6,4.6,2.95,22.0,1.3,14.0,0.3,0.0,0.45,1.55,0.45,22.0,1.49,14.0,0.3,-3.52,-2.56,-0.82,-2.18,22.0,1.84,14.0,0.3,1010.34,1014.0,1015.07,1013.21,14.0,2.33,16.0,0.4,,,,,,,,,,,,,,,,,,,,,,,,,,,,,,,,,,,,,,,,,,,,,,,,,,,,,,,,,,,,,,,,,,,,,,,,,,,,,,,,,,,,,,,,,,,,,,,,,,,,,,,,,,,,,,,,,,,,,,,,
1911,2,72.7,6.8,,,,,,,,,,,,,,,,,,,,,,,,,,,,,,,,,1.0,1.8,4.6,2.52,18.0,1.8,14.0,0.6,-1.75,-0.2,0.12,-0.47,18.0,1.15,14.0,0.6,-4.27,-1.01,-0.64,-2.19,18.0,1.82,14.0,0.6,1012.7,1013.2,1014.62,1013.45,11.0,1.24,14.0,0.5,,,,,,,,,,,,,,,,,,,,,,,,,,,,,,,,,,,,,,,,,,,,,,,,,,,,,,,,,,,,,,,,,,,,,,,,,,,,,,,,,,,,,,,,,,,,,,,,,,,,,,,,,,,,,,,,,,,,,,,,
1911,2,72.7,14.6,,,,,,,,,,,,,,,,,,,,,,,,,,,,,,,,,1.0,2.6,4.6,2.79,24.0,1.66,14.0,0.4,-1.2,0.0,2.33,0.18,24.0,1.64,14.0,0.4,-4.42,-1.92,0.0,-1.95,24.0,2.05,14.0,0.4,1011.12,1013.2,1014.88,1013.13,12.0,2.03,16.0,0.3,,,,,,,,,,,,,,,,,,,,,,,,,,,,,,,,,,,,,,,,,,,,,,,,,,,,,,,,,,,,,,,,,,,,,,,,,,,,,,,,,,,,,,,,,,,,,,,,,,,,,,,,,,,,,,,,,,,,,,,,
1911,2,74.0,14.0,,,,,,,,,,,,,,,,,,,,,,,,,,,,,,,,,1.0,1.0,3.46,2.2,3.0,2.08,18.0,0.3,0.66,1.0,3.27,1.94,3.0,2.08,18.0,0.3,-1.07,0.0,0.59,-0.24,3.0,1.24,18.0,0.3,1013.43,1013.7,1013.7,1013.57,3.0,0.23,18.0,0.3,,,,,,,,,,,,,,,,,,,,,,,,,,,,,,,,,,,,,,,,,,,,,,,,,,,,,,,,,,,,,,,,,,,,,,,,,,,,,,,,,,,,,,,,,,,,,,,,,,,,,,,,,,,,,,,,,,,,,,,,
1911,2,74.3,12.4,,,,,,,,,,,,,,,,,,,,,,,,,,,,,,,,,1.0,2.6,4.6,2.78,27.0,2.25,18.0,0.3,-0.99,0.5,2.58,0.81,27.0,2.39,18.0,0.3,-3.3,-0.34,0.0,-1.44,27.0,2.12,18.0,0.3,1010.64,1013.9,1015.29,1013.2,16.0,2.03,16.0,0.4,,,,,,,,,,,,,,,,,,,,,,,,,,,,,,,,,,,,,,,,,,,,,,,,,,,,,,,,,,,,,,,,,,,,,,,,,,,,,,,,,,,,,,,,,,,,,,,,,,,,,,,,,,,,,,,,,,,,,,,,
1911,2,74.4,8.3,,,,,,,,,,,,,,,,,,,,,,,,,,,,,,,,,1.0,2.6,4.6,2.38,23.0,1.72,16.0,0.7,-0.89,0.0,1.65,0.28,23.0,1.6,16.0,0.7,-4.27,-1.8,0.0,-1.82,23.0,1.67,16.0,0.7,1009.83,1013.55,1014.8,1012.61,10.0,3.21,20.0,0.7,,,,,,,,,,,,,,,,,,,,,,,,,,,,,,,,,,,,,,,,,,,,,,,,,,,,,,,,,,,,,,,,,,,,,,,,,,,,,,,,,,,,,,,,,,,,,,,,,,,,,,,,,,,,,,,,,,,,,,,,
1911,2,74.5,6.7,,,,,,,,,,,,,,,,,,,,,,,,,,,,,,,,,1.0,2.6,4.6,2.99,83.0,2.1,14.0,0.5,-1.8,0.0,0.37,-0.68,83.0,2.02,14.0,0.5,-4.6,-2.16,0.0,-2.0,83.0,2.2,14.0,0.5,1011.0,1012.1,1014.1,1012.12,38.0,2.4,14.0,0.4,,,,,,,,,,,,,,,,,,,,,,,,,,,,,,,,,,,,,,,,,,,,,,,,,,,,,,,,,,,,,,,,,,,,,,,,,,,,,,,,,,,,,,,,,,,,,,,,,,,,,,,,,,,,,,,,,,,,,,,,
1911,2,74.6,-3.7,,,,,,,,,,,,,,,,,,,,,,,,,,,,,,,,,0.0,0.0,0.68,0.33,3.0,0.58,18.0,0.3,0.0,0.0,0.0,0.0,3.0,0.0,18.0,0.3,0.0,0.0,0.68,0.33,3.0,0.58,18.0,0.3,1011.57,1013.0,1013.0,1012.3,3.0,1.21,18.0,0.3,,,,,,,,,,,,,,,,,,,,,,,,,,,,,,,,,,,,,,,,,,,,,,,,,,,,,,,,,,,,,,,,,,,,,,,,,,,,,,,,,,,,,,,,,,,,,,,,,,,,,,,,,,,,,,,,,,,,,,,,
1911,2,74.7,10.5,,,,,,,,,,,,,,,,,,,,,,,,,,,,,,,,,1.0,2.6,6.7,3.37,23.0,2.45,14.0,0.3,-1.81,0.77,2.3,0.19,23.0,2.74,14.0,0.3,-4.94,-1.8,0.0,-2.08,23.0,2.41,14.0,0.3,1010.2,1012.7,1014.07,1012.55,16.0,1.94,14.0,0.3,,,,,,,,,,,,,,,,,,,,,,,,,,,,,,,,,,,,,,,,,,,,,,,,,,,,,,,,,,,,,,,,,,,,,,,,,,,,,,,,,,,,,,,,,,,,,,,,,,,,,,,,,,,,,,,,,,,,,,,,
1911,2,76.3,8.4,,,,,,,,,,,,,,,,,,,,,,,,,,,,,,,,,0.0,2.6,4.6,2.61,25.0,2.28,16.0,0.4,-1.83,0.0,1.95,0.02,25.0,2.35,16.0,0.4,-4.33,-0.77,0.0,-1.55,25.0,2.07,16.0,0.4,1011.33,1012.7,1014.46,1012.9,13.0,1.54,18.0,0.5,,,,,,,,,,,,,,,,,,,,,,,,,,,,,,,,,,,,,,,,,,,,,,,,,,,,,,,,,,,,,,,,,,,,,,,,,,,,,,,,,,,,,,,,,,,,,,,,,,,,,,,,,,,,,,,,,,,,,,,,
1911,2,76.5,-3.7,,,,,,,,,,,,,,,,,,,,,,,,,,,,,,,,,1.0,1.0,1.0,1.0,2.0,0.0,18.0,1.0,0.11,0.35,0.59,0.35,2.0,0.5,18.0,1.0,0.75,0.85,0.95,0.85,2.0,0.21,18.0,1.0,1010.62,1011.3,1011.98,1011.3,2.0,1.41,18.0,1.0,,,,,,,,,,,,,,,,,,,,,,,,,,,,,,,,,,,,,,,,,,,,,,,,,,,,,,,,,,,,,,,,,,,,,,,,,,,,,,,,,,,,,,,,,,,,,,,,,,,,,,,,,,,,,,,,,,,,,,,,
1911,2,76.5,6.6,,,,,,,,,,,,,,,,,,,,,,,,,,,,,,,,,2.6,4.6,6.7,4.73,114.0,2.53,16.0,0.4,-4.74,-2.45,0.0,-2.39,114.0,2.66,16.0,0.4,-6.17,-3.25,0.0,-3.21,114.0,2.4,16.0,0.4,1010.97,1012.45,1014.46,1012.26,60.0,2.54,14.0,0.5,,,,,,,,,,,,,,,,,,,,,,,,,,,,,,,,,,,,,,,,,,,,,,,,,,,,,,,,,,,,,,,,,,,,,,,,,,,,,,,,,,,,,,,,,,,,,,,,,,,,,,,,,,,,,,,,,,,,,,,,
1911,2,78.4,-3.7,,,,,,,,,,,,,,,,,,,,,,,,,,,,,,,,,1.0,1.0,2.09,1.53,3.0,0.92,18.0,0.0,-0.78,-0.37,0.36,-0.21,3.0,0.85,18.0,0.0,0.78,0.93,1.94,1.35,3.0,0.93,18.0,0.0,1011.4,1012.9,1012.97,1012.2,3.0,1.3,18.0,0.0,,,,,,,,,,,,,,,,,,,,,,,,,,,,,,,,,,,,,,,,,,,,,,,,,,,,,,,,,,,,,,,,,,,,,,,,,,,,,,,,,,,,,,,,,,,,,,,,,,,,,,,,,,,,,,,,,,,,,,,,
1911,2,78.5,6.4,,,,,,,,,,,,,,,,,,,,,,,,,,,,,,,,,2.6,4.6,9.3,5.63,158.0,3.43,14.0,0.5,-4.81,-1.02,1.0,-1.63,158.0,3.18,14.0,0.5,-8.7,-4.23,0.0,-4.17,158.0,3.66,14.0,0.5,1010.58,1012.15,1014.0,1012.15,70.0,2.05,14.0,0.5,,,,,,,,,,,,,,,,,,,,,,,,,,,,,,,,,,,,,,,,,,,,,,,,,,,,,,,,,,,,,,,,,,,,,,,,,,,,,,,,,,,,,,,,,,,,,,,,,,,,,,,,,,,,,,,,,,,,,,,,
1911,2,78.7,4.8,,,,,,,,,,,,,,,,,,,,,,,,,,,,,,,,,2.52,6.7,6.82,5.09,7.0,3.02,20.0,0.6,-2.67,0.0,1.88,-0.2,7.0,2.24,20.0,0.6,-6.79,-6.17,1.87,-3.44,7.0,4.52,20.0,0.6,1010.19,1012.1,1013.23,1011.73,4.0,2.09,18.0,0.5,,,,,,,,,,,,,,,,,,,,,,,,,,,,,,,,,,,,,,,,,,,,,,,,,,,,,,,,,,,,,,,,,,,,,,,,,,,,,,,,,,,,,,,,,,,,,,,,,,,,,,,,,,,,,,,,,,,,,,,,
1911,2,80.5,2.8,,,,,,,,,,,,,,,,,,,,,,,,,,,,,,,,,1.06,3.35,5.64,3.35,2.0,4.74,6.0,0.5,-3.99,-2.37,-0.75,-2.37,2.0,3.35,6.0,0.5,-3.99,-2.37,-0.75,-2.37,2.0,3.35,6.0,0.5,1011.0,1011.0,1011.0,1011.0,1.0,0.0,8.0,1.0,,,,,,,,,,,,,,,,,,,,,,,,,,,,,,,,,,,,,,,,,,,,,,,,,,,,,,,,,,,,,,,,,,,,,,,,,,,,,,,,,,,,,,,,,,,,,,,,,,,,,,,,,,,,,,,,,,,,,,,,
1911,2,80.5,4.7,,,,,,,,,,,,,,,,,,,,,,,,,,,,,,,,,2.6,4.6,9.3,5.6,123.0,3.14,16.0,0.5,-6.58,-3.25,0.0,-3.29,123.0,3.08,16.0,0.5,-6.3,-3.25,0.0,-3.25,123.0,3.23,16.0,0.5,1010.13,1012.0,1014.3,1012.33,58.0,1.98,14.0,0.5,,,,,,,,,,,,,,,,,,,,,,,,,,,,,,,,,,,,,,,,,,,,,,,,,,,,,,,,,,,,,,,,,,,,,,,,,,,,,,,,,,,,,,,,,,,,,,,,,,,,,,,,,,,,,,,,,,,,,,,,
1911,2,80.6,-3.7,,,,,,,,,,,,,,,,,,,,,,,,,,,,,,,,,1.51,2.6,2.6,2.07,3.0,0.92,20.0,1.0,0.1,1.84,1.84,0.99,3.0,1.47,20.0,1.0,1.07,1.84,1.84,1.46,3.0,0.65,20.0,1.0,1008.68,1009.7,1011.88,1010.27,3.0,2.4,20.0,1.0,,,,,,,,,,,,,,,,,,,,,,,,,,,,,,,,,,,,,,,,,,,,,,,,,,,,,,,,,,,,,,,,,,,,,,,,,,,,,,,,,,,,,,,,,,,,,,,,,,,,,,,,,,,,,,,,,,,,,,,,
1911,2,80.6,6.4,,,,,,,,,,,,,,,,,,,,,,,,,,,,,,,,,2.6,5.65,9.3,5.76,34.0,2.46,14.0,0.4,-4.74,-3.48,0.0,-3.03,34.0,2.83,14.0,0.4,-6.58,-4.25,-0.37,-3.68,34.0,2.97,14.0,0.4,1009.24,1010.8,1013.15,1011.18,4.0,2.38,12.0,0.3,,,,,,,,,,,,,,,,,,,,,,,,,,,,,,,,,,,,,,,,,,,,,,,,,,,,,,,,,,,,,,,,,,,,,,,,,,,,,,,,,,,,,,,,,,,,,,,,,,,,,,,,,,,,,,,,,,,,,,,,
1911,2,82.4,6.5,,,,,,,,,,,,,,,,,,,,,,,,,,,,,,,,,4.6,6.7,6.7,6.39,27.0,1.46,16.0,0.4,-5.08,-3.25,-2.51,-3.55,27.0,1.48,16.0,0.4,-6.21,-4.74,-3.25,-5.09,27.0,1.52,16.0,0.4,1010.86,1012.35,1013.08,1012.07,6.0,1.21,10.0,0.5,,,,,,,,,,,,,,,,,,,,,,,,,,,,,,,,,,,,,,,,,,,,,,,,,,,,,,,,,,,,,,,,,,,,,,,,,,,,,,,,,,,,,,,,,,,,,,,,,,,,,,,,,,,,,,,,,,,,,,,,
1911,2,82.5,4.7,,,,,,,,,,,,,,,,,,,,,,,,,,,,,,,,,4.6,5.65,9.3,6.13,90.0,2.79,16.0,0.5,-4.81,-3.25,-0.98,-3.16,90.0,2.09,16.0,0.5,-8.56,-4.27,-1.73,-4.72,90.0,2.96,16.0,0.5,1010.6,1013.0,1014.23,1012.46,56.0,1.87,14.0,0.6,,,,,,,,,,,,,,,,,,,,,,,,,,,,,,,,,,,,,,,,,,,,,,,,,,,,,,,,,,,,,,,,,,,,,,,,,,,,,,,,,,,,,,,,,,,,,,,,,,,,,,,,,,,,,,,,,,,,,,,,
1911,2,82.6,-3.7,,,,,,,,,,,,,,,,,,,,,,,,,,,,,,,,,1.51,2.6,3.97,2.73,3.0,1.8,20.0,0.0,-1.25,0.0,0.0,-0.61,3.0,1.06,20.0,0.0,1.27,1.84,3.72,2.48,3.0,1.88,20.0,0.0,1010.82,1011.5,1012.25,1011.53,3.0,1.05,20.0,0.0,,,,,,,,,,,,,,,,,,,,,,,,,,,,,,,,,,,,,,,,,,,,,,,,,,,,,,,,,,,,,,,,,,,,,,,,,,,,,,,,,,,,,,,,,,,,,,,,,,,,,,,,,,,,,,,,,,,,,,,,
1911,2,84.5,-3.7,,,,,,,,,,,,,,,,,,,,,,,,,,,,,,,,,2.6,2.6,2.6,2.6,2.0,0.0,20.0,1.0,1.84,1.84,1.84,1.84,2.0,0.0,20.0,1.0,1.84,1.84,1.84,1.84,2.0,0.0,20.0,1.0,1013.76,1013.9,1014.04,1013.9,2.0,0.28,20.0,1.0,,,,,,,,,,,,,,,,,,,,,,,,,,,,,,,,,,,,,,,,,,,,,,,,,,,,,,,,,,,,,,,,,,,,,,,,,,,,,,,,,,,,,,,,,,,,,,,,,,,,,,,,,,,,,,,,,,,,,,,,
1911,2,84.5,4.7,,,,,,,,,,,,,,,,,,,,,,,,,,,,,,,,,4.6,6.7,9.3,6.02,80.0,2.25,14.0,0.4,-4.92,-3.25,-1.8,-3.46,80.0,2.21,14.0,0.4,-6.58,-4.31,-1.76,-4.35,80.0,2.35,14.0,0.4,1010.08,1011.7,1013.24,1011.81,50.0,1.9,12.0,0.5,,,,,,,,,,,,,,,,,,,,,,,,,,,,,,,,,,,,,,,,,,,,,,,,,,,,,,,,,,,,,,,,,,,,,,,,,,,,,,,,,,,,,,,,,,,,,,,,,,,,,,,,,,,,,,,,,,,,,,,,
1911,2,84.5,6.2,,,,,,,,,,,,,,,,,,,,,,,,,,,,,,,,,4.6,6.7,8.13,6.51,17.0,1.85,18.0,0.6,-6.59,-4.32,-2.57,-4.23,17.0,2.17,18.0,0.6,-6.81,-3.75,-2.3,-4.29,17.0,2.26,18.0,0.6,1010.19,1012.2,1014.44,1012.28,10.0,2.07,16.0,0.6,,,,,,,,,,,,,,,,,,,,,,,,,,,,,,,,,,,,,,,,,,,,,,,,,,,,,,,,,,,,,,,,,,,,,,,,,,,,,,,,,,,,,,,,,,,,,,,,,,,,,,,,,,,,,,,,,,,,,,,,
1911,2,84.8,-11.5,,,,,,,,,,,,,,,,,,,,,,,,,,,,,,,,,1.25,1.8,2.35,1.8,2.0,1.13,4.0,1.0,-0.62,0.03,0.67,0.03,2.0,1.34,4.0,1.0,-1.97,-1.01,-0.05,-1.01,2.0,1.98,4.0,1.0,1011.15,1011.25,1011.35,1011.25,2.0,0.21,4.0,1.0,,,,,,,,,,,,,,,,,,,,,,,,,,,,,,,,,,,,,,,,,,,,,,,,,,,,,,,,,,,,,,,,,,,,,,,,,,,,,,,,,,,,,,,,,,,,,,,,,,,,,,,,,,,,,,,,,,,,,,,,
1911,2,84.8,-9.4,,,,,,,,,,,,,,,,,,,,,,,,,,,,,,,,,1.0,4.6,7.24,4.53,6.0,3.24,6.0,0.5,0.81,4.27,6.71,4.11,6.0,3.13,6.0,0.5,-2.71,-1.72,-0.81,-1.79,6.0,1.11,6.0,0.5,1009.79,1011.0,1011.84,1010.8,6.0,1.13,6.0,0.5,,,,,,,,,,,,,,,,,,,,,,,,,,,,,,,,,,,,,,,,,,,,,,,,,,,,,,,,,,,,,,,,,,,,,,,,,,,,,,,,,,,,,,,,,,,,,,,,,,,,,,,,,,,,,,,,,,,,,,,,
1911,2,84.8,-7.7,,,,,,,,,,,,,,,,,,,,,,,,,,,,,,,,,4.6,4.6,4.6,4.6,1.0,0.0,6.0,0.0,4.27,4.27,4.27,4.27,1.0,0.0,6.0,0.0,-1.72,-1.72,-1.72,-1.72,1.0,0.0,6.0,0.0,1012.0,1012.0,1012.0,1012.0,1.0,0.0,6.0,0.0,,,,,,,,,,,,,,,,,,,,,,,,,,,,,,,,,,,,,,,,,,,,,,,,,,,,,,,,,,,,,,,,,,,,,,,,,,,,,,,,,,,,,,,,,,,,,,,,,,,,,,,,,,,,,,,,,,,,,,,,
1911,2,84.8,2.8,,,,,,,,,,,,,,,,,,,,,,,,,,,,,,,,,3.55,5.65,6.7,5.15,4.0,1.97,20.0,0.0,-3.73,-2.21,-1.39,-2.54,4.0,1.6,20.0,0.0,-5.49,-4.49,-3.27,-4.38,4.0,1.56,20.0,0.0,1011.26,1012.15,1012.99,1012.13,4.0,1.31,20.0,0.0,,,,,,,,,,,,,,,,,,,,,,,,,,,,,,,,,,,,,,,,,,,,,,,,,,,,,,,,,,,,,,,,,,,,,,,,,,,,,,,,,,,,,,,,,,,,,,,,,,,,,,,,,,,,,,,,,,,,,,,,
1911,2,86.3,-13.2,,,,,,,,,,,,,,,,,,,,,,,,,,,,,,,,,3.25,4.65,6.05,4.65,2.0,2.9,2.0,1.0,-1.55,-0.92,-0.29,-0.92,2.0,1.3,2.0,1.0,-5.93,-4.27,-2.61,-4.27,2.0,3.44,2.0,1.0,1006.26,1007.45,1008.64,1007.45,2.0,2.47,2.0,1.0,,,,,,,,,,,,,,,,,,,,,,,,,,,,,,,,,,,,,,,,,,,,,,,,,,,,,,,,,,,,,,,,,,,,,,,,,,,,,,,,,,,,,,,,,,,,,,,,,,,,,,,,,,,,,,,,,,,,,,,,
1911,2,86.3,-11.7,,,,,,,,,,,,,,,,,,,,,,,,,,,,,,,,,0.0,0.0,0.0,0.0,1.0,0.0,4.0,1.0,0.0,0.0,0.0,0.0,1.0,0.0,4.0,1.0,0.0,0.0,0.0,0.0,1.0,0.0,4.0,1.0,1009.7,1009.7,1009.7,1009.7,1.0,0.0,4.0,1.0,,,,,,,,,,,,,,,,,,,,,,,,,,,,,,,,,,,,,,,,,,,,,,,,,,,,,,,,,,,,,,,,,,,,,,,,,,,,,,,,,,,,,,,,,,,,,,,,,,,,,,,,,,,,,,,,,,,,,,,,
1911,2,86.3,-7.4,,,,,,,,,,,,,,,,,,,,,,,,,,,,,,,,,1.76,2.6,3.65,2.7,4.0,1.47,6.0,0.5,1.63,2.41,3.37,2.49,4.0,1.36,6.0,0.5,-1.41,-0.97,-0.26,-0.84,4.0,0.91,6.0,0.5,1010.67,1011.7,1012.52,1011.6,4.0,1.25,6.0,0.5,,,,,,,,,,,,,,,,,,,,,,,,,,,,,,,,,,,,,,,,,,,,,,,,,,,,,,,,,,,,,,,,,,,,,,,,,,,,,,,,,,,,,,,,,,,,,,,,,,,,,,,,,,,,,,,,,,,,,,,,
1911,2,86.5,-5.5,,,,,,,,,,,,,,,,,,,,,,,,,,,,,,,,,2.6,3.6,5.03,3.95,6.0,1.67,8.0,0.5,2.6,3.43,4.63,3.57,6.0,1.07,8.0,0.5,-2.35,0.0,0.0,-1.08,6.0,1.92,8.0,0.5,1010.0,1011.0,1011.0,1010.6,5.0,0.55,8.0,0.4,,,,,,,,,,,,,,,,,,,,,,,,,,,,,,,,,,,,,,,,,,,,,,,,,,,,,,,,,,,,,,,,,,,,,,,,,,,,,,,,,,,,,,,,,,,,,,,,,,,,,,,,,,,,,,,,,,,,,,,,
1911,2,86.5,4.7,,,,,,,,,,,,,,,,,,,,,,,,,,,,,,,,,4.6,4.6,9.3,5.85,69.0,2.2,14.0,0.5,-6.58,-4.23,-1.83,-4.05,69.0,2.15,14.0,0.5,-6.23,-3.48,-1.72,-3.61,69.0,2.26,14.0,0.5,1010.1,1012.0,1013.7,1011.92,39.0,1.85,12.0,0.5,,,,,,,,,,,,,,,,,,,,,,,,,,,,,,,,,,,,,,,,,,,,,,,,,,,,,,,,,,,,,,,,,,,,,,,,,,,,,,,,,,,,,,,,,,,,,,,,,,,,,,,,,,,,,,,,,,,,,,,,
1911,2,86.5,6.2,,,,,,,,,,,,,,,,,,,,,,,,,,,,,,,,,4.54,4.6,6.7,5.1,26.0,1.85,18.0,0.5,-4.76,-3.67,-1.98,-3.74,26.0,1.7,18.0,0.5,-4.74,-2.96,-1.67,-3.12,26.0,1.68,18.0,0.5,1010.14,1012.0,1014.01,1012.19,15.0,2.21,16.0,0.5,,,,,,,,,,,,,,,,,,,,,,,,,,,,,,,,,,,,,,,,,,,,,,,,,,,,,,,,,,,,,,,,,,,,,,,,,,,,,,,,,,,,,,,,,,,,,,,,,,,,,,,,,,,,,,,,,,,,,,,,
1911,2,86.6,-3.5,,,,,,,,,,,,,,,,,,,,,,,,,,,,,,,,,1.0,2.6,6.7,3.25,15.0,2.51,16.0,0.4,-0.55,1.0,4.74,2.12,15.0,2.68,16.0,0.4,-2.57,-0.97,0.94,-1.12,15.0,2.08,16.0,0.4,1010.38,1011.4,1015.1,1012.0,6.0,2.73,14.0,0.5,,,,,,,,,,,,,,,,,,,,,,,,,,,,,,,,,,,,,,,,,,,,,,,,,,,,,,,,,,,,,,,,,,,,,,,,,,,,,,,,,,,,,,,,,,,,,,,,,,,,,,,,,,,,,,,,,,,,,,,,
1911,2,86.6,2.7,,,,,,,,,,,,,,,,,,,,,,,,,,,,,,,,,2.19,4.6,6.7,4.2,12.0,2.21,18.0,0.6,-4.39,-2.51,-0.71,-2.58,12.0,1.58,18.0,0.6,-5.1,-1.35,-0.06,-2.13,12.0,3.07,18.0,0.6,1009.65,1011.7,1013.79,1011.79,11.0,1.88,18.0,0.5,,,,,,,,,,,,,,,,,,,,,,,,,,,,,,,,,,,,,,,,,,,,,,,,,,,,,,,,,,,,,,,,,,,,,,,,,,,,,,,,,,,,,,,,,,,,,,,,,,,,,,,,,,,,,,,,,,,,,,,,
1911,2,88.3,-3.5,,,,,,,,,,,,,,,,,,,,,,,,,,,,,,,,,4.6,4.6,6.7,5.14,8.0,1.46,10.0,0.8,3.25,4.21,6.17,4.18,8.0,2.12,10.0,0.8,-3.18,-2.56,2.29,-1.13,8.0,2.51,10.0,0.8,1009.63,1011.0,1011.68,1010.67,3.0,1.53,8.0,0.3,,,,,,,,,,,,,,,,,,,,,,,,,,,,,,,,,,,,,,,,,,,,,,,,,,,,,,,,,,,,,,,,,,,,,,,,,,,,,,,,,,,,,,,,,,,,,,,,,,,,,,,,,,,,,,,,,,,,,,,,
1911,2,88.3,14.8,,,,,,,,,,,,,,,,,,,,,,,,,,,,,,,,,1.0,1.0,1.0,1.0,1.0,0.0,28.0,0.0,-0.71,-0.71,-0.71,-0.71,1.0,0.0,28.0,0.0,-0.71,-0.71,-0.71,-0.71,1.0,0.0,28.0,0.0,1013.0,1013.0,1013.0,1013.0,1.0,0.0,28.0,0.0,,,,,,,,,,,,,,,,,,,,,,,,,,,,,,,,,,,,,,,,,,,,,,,,,,,,,,,,,,,,,,,,,,,,,,,,,,,,,,,,,,,,,,,,,,,,,,,,,,,,,,,,,,,,,,,,,,,,,,,,
1911,2,88.3,20.5,,,,,,,,,,,,,,,,,,,,,,,,,,,,,,,,,2.6,2.6,4.6,3.46,7.0,1.07,18.0,0.6,-0.09,1.84,4.24,1.71,7.0,2.2,18.0,0.6,-1.91,1.72,2.4,0.22,7.0,2.6,18.0,0.6,1015.83,1015.9,1015.97,1015.9,2.0,0.14,22.0,1.0,,,,,,,,,,,,,,,,,,,,,,,,,,,,,,,,,,,,,,,,,,,,,,,,,,,,,,,,,,,,,,,,,,,,,,,,,,,,,,,,,,,,,,,,,,,,,,,,,,,,,,,,,,,,,,,,,,,,,,,,
1911,2,88.4,6.2,,,,,,,,,,,,,,,,,,,,,,,,,,,,,,,,,4.6,4.6,6.7,5.81,20.0,2.4,18.0,0.4,-6.21,-4.25,-2.51,-4.42,20.0,2.26,18.0,0.4,-6.16,-2.79,-1.72,-3.39,20.0,1.87,18.0,0.4,1009.94,1012.0,1014.59,1012.26,14.0,2.32,18.0,0.3,,,,,,,,,,,,,,,,,,,,,,,,,,,,,,,,,,,,,,,,,,,,,,,,,,,,,,,,,,,,,,,,,,,,,,,,,,,,,,,,,,,,,,,,,,,,,,,,,,,,,,,,,,,,,,,,,,,,,,,,
1911,2,88.5,2.4,,,,,,,,,,,,,,,,,,,,,,,,,,,,,,,,,1.0,2.6,4.6,3.38,19.0,1.89,20.0,0.6,-3.25,-1.8,0.26,-1.4,19.0,2.02,20.0,0.6,-4.29,-0.71,0.26,-1.56,19.0,2.63,20.0,0.6,1010.5,1011.6,1013.3,1011.88,16.0,1.66,20.0,0.6,,,,,,,,,,,,,,,,,,,,,,,,,,,,,,,,,,,,,,,,,,,,,,,,,,,,,,,,,,,,,,,,,,,,,,,,,,,,,,,,,,,,,,,,,,,,,,,,,,,,,,,,,,,,,,,,,,,,,,,,
1911,2,88.5,4.8,,,,,,,,,,,,,,,,,,,,,,,,,,,,,,,,,2.6,6.7,6.7,5.71,74.0,2.1,14.0,0.5,-6.21,-4.27,-1.27,-3.83,74.0,2.4,14.0,0.5,-5.77,-3.25,-1.72,-3.5,74.0,2.11,14.0,0.5,1009.6,1012.5,1013.7,1011.92,39.0,2.02,14.0,0.5,,,,,,,,,,,,,,,,,,,,,,,,,,,,,,,,,,,,,,,,,,,,,,,,,,,,,,,,,,,,,,,,,,,,,,,,,,,,,,,,,,,,,,,,,,,,,,,,,,,,,,,,,,,,,,,,,,,,,,,,
1911,2,88.6,-5.4,,,,,,,,,,,,,,,,,,,,,,,,,,,,,,,,,1.0,2.6,6.7,4.0,13.0,3.06,16.0,0.4,-0.74,0.0,6.7,2.32,13.0,3.75,16.0,0.4,-4.28,-0.71,0.18,-1.09,13.0,2.33,16.0,0.4,1013.73,1013.8,1014.0,1013.87,3.0,0.21,20.0,0.7,,,,,,,,,,,,,,,,,,,,,,,,,,,,,,,,,,,,,,,,,,,,,,,,,,,,,,,,,,,,,,,,,,,,,,,,,,,,,,,,,,,,,,,,,,,,,,,,,,,,,,,,,,,,,,,,,,,,,,,,
1911,2,88.8,-1.5,,,,,,,,,,,,,,,,,,,,,,,,,,,,,,,,,2.6,4.6,4.6,3.8,5.0,1.1,10.0,0.4,1.84,3.25,3.25,2.69,5.0,0.77,10.0,0.4,-3.25,-3.25,-1.84,-2.69,5.0,0.77,10.0,0.4,1010.21,1011.0,1011.37,1010.78,5.0,1.09,10.0,0.4,,,,,,,,,,,,,,,,,,,,,,,,,,,,,,,,,,,,,,,,,,,,,,,,,,,,,,,,,,,,,,,,,,,,,,,,,,,,,,,,,,,,,,,,,,,,,,,,,,,,,,,,,,,,,,,,,,,,,,,,
1911,2,88.8,12.3,,,,,,,,,,,,,,,,,,,,,,,,,,,,,,,,,2.6,2.6,3.97,3.27,3.0,1.15,22.0,0.3,-1.83,-1.8,-1.24,-1.54,3.0,0.49,22.0,0.3,-3.66,-2.41,-2.02,-2.83,3.0,1.25,22.0,0.3,1015.0,1015.0,1015.0,1015.0,1.0,0.0,22.0,0.0,,,,,,,,,,,,,,,,,,,,,,,,,,,,,,,,,,,,,,,,,,,,,,,,,,,,,,,,,,,,,,,,,,,,,,,,,,,,,,,,,,,,,,,,,,,,,,,,,,,,,,,,,,,,,,,,,,,,,,,,
1911,2,90.3,-1.2,,,,,,,,,,,,,,,,,,,,,,,,,,,,,,,,,0.48,1.0,1.0,0.75,4.0,0.5,10.0,0.3,0.19,0.7,1.0,0.6,4.0,0.49,10.0,0.3,-0.48,0.0,0.0,-0.23,4.0,0.46,10.0,0.3,1010.59,1012.6,1013.0,1011.85,11.0,1.4,10.0,0.5,,,,,,,,,,,,,,,,,,,,,,,,,,,,,,,,,,,,,,,,,,,,,,,,,,,,,,,,,,,,,,,,,,,,,,,,,,,,,,,,,,,,,,,,,,,,,,,,,,,,,,,,,,,,,,,,,,,,,,,,
1911,2,90.3,10.3,,,,,,,,,,,,,,,,,,,,,,,,,,,,,,,,,3.87,4.6,4.6,4.2,5.0,0.89,20.0,0.6,-3.25,-3.25,-2.74,-2.97,5.0,0.63,20.0,0.6,-3.25,-3.25,-2.74,-2.97,5.0,0.63,20.0,0.6,1013.63,1015.0,1015.37,1014.6,5.0,1.14,20.0,0.6,,,,,,,,,,,,,,,,,,,,,,,,,,,,,,,,,,,,,,,,,,,,,,,,,,,,,,,,,,,,,,,,,,,,,,,,,,,,,,,,,,,,,,,,,,,,,,,,,,,,,,,,,,,,,,,,,,,,,,,,
1911,2,90.4,2.3,,,,,,,,,,,,,,,,,,,,,,,,,,,,,,,,,2.6,2.6,2.6,2.28,8.0,0.92,18.0,0.3,-2.52,0.0,0.0,-0.55,8.0,1.74,18.0,0.3,-2.6,-0.92,0.0,-1.2,8.0,1.31,18.0,0.3,1010.89,1011.8,1012.39,1011.63,7.0,1.65,18.0,0.3,,,,,,,,,,,,,,,,,,,,,,,,,,,,,,,,,,,,,,,,,,,,,,,,,,,,,,,,,,,,,,,,,,,,,,,,,,,,,,,,,,,,,,,,,,,,,,,,,,,,,,,,,,,,,,,,,,,,,,,,
1911,2,90.5,-43.5,,,,,,,,,,,,,,,,,,,,,,,,,,,,,,,,,9.3,9.3,9.3,9.3,4.0,0.0,2.0,0.5,7.52,8.56,8.59,8.08,4.0,1.0,2.0,0.5,3.56,3.63,5.18,4.33,4.0,1.5,2.0,0.5,1008.6,1009.9,1011.2,1009.9,2.0,2.69,2.0,1.0,,,,,,,,,,,,,,,,,,,,,,,,,,,,,,,,,,,,,,,,,,,,,,,,,,,,,,,,,,,,,,,,,,,,,,,,,,,,,,,,,,,,,,,,,,,,,,,,,,,,,,,,,,,,,,,,,,,,,,,,
1911,2,90.5,-27.2,,,,,,,,,,,,,,,,,,,,,,,,,,,,,,,,,7.11,8.0,8.89,8.0,2.0,1.84,10.0,0.5,-8.18,-7.36,-6.55,-7.36,2.0,1.69,10.0,0.5,2.78,3.13,3.47,3.13,2.0,0.72,10.0,0.5,1015.8,1015.8,1015.8,1015.8,1.0,0.0,10.0,0.0,,,,,,,,,,,,,,,,,,,,,,,,,,,,,,,,,,,,,,,,,,,,,,,,,,,,,,,,,,,,,,,,,,,,,,,,,,,,,,,,,,,,,,,,,,,,,,,,,,,,,,,,,,,,,,,,,,,,,,,,
1911,2,90.5,-5.4,,,,,,,,,,,,,,,,,,,,,,,,,,,,,,,,,0.63,2.6,4.6,2.56,5.0,2.08,16.0,0.4,0.0,1.84,3.74,1.94,5.0,2.02,16.0,0.4,-1.31,0.0,1.19,0.08,5.0,1.93,16.0,0.4,1012.53,1014.3,1014.78,1013.67,3.0,1.74,22.0,0.3,,,,,,,,,,,,,,,,,,,,,,,,,,,,,,,,,,,,,,,,,,,,,,,,,,,,,,,,,,,,,,,,,,,,,,,,,,,,,,,,,,,,,,,,,,,,,,,,,,,,,,,,,,,,,,,,,,,,,,,,
1911,2,90.5,4.8,,,,,,,,,,,,,,,,,,,,,,,,,,,,,,,,,4.41,6.7,6.7,5.55,76.0,2.09,16.0,0.5,-6.32,-4.27,-1.55,-4.1,76.0,2.19,16.0,0.5,-4.74,-2.62,-0.83,-2.99,76.0,2.15,16.0,0.5,1010.65,1012.0,1013.9,1012.2,42.0,1.64,14.0,0.5,,,,,,,,,,,,,,,,,,,,,,,,,,,,,,,,,,,,,,,,,,,,,,,,,,,,,,,,,,,,,,,,,,,,,,,,,,,,,,,,,,,,,,,,,,,,,,,,,,,,,,,,,,,,,,,,,,,,,,,,
1911,2,90.5,6.3,,,,,,,,,,,,,,,,,,,,,,,,,,,,,,,,,4.6,6.7,9.3,7.08,12.0,2.26,20.0,0.5,-6.58,-4.74,-3.51,-4.86,12.0,1.72,20.0,0.5,-6.58,-4.74,-2.36,-4.93,12.0,2.11,20.0,0.5,1009.3,1010.9,1011.49,1010.57,9.0,1.19,20.0,0.6,,,,,,,,,,,,,,,,,,,,,,,,,,,,,,,,,,,,,,,,,,,,,,,,,,,,,,,,,,,,,,,,,,,,,,,,,,,,,,,,,,,,,,,,,,,,,,,,,,,,,,,,,,,,,,,,,,,,,,,,
1911,2,90.6,0.5,,,,,,,,,,,,,,,,,,,,,,,,,,,,,,,,,1.0,2.6,4.6,2.69,20.0,2.22,14.0,0.6,-1.0,0.0,1.84,0.44,20.0,1.59,14.0,0.6,-4.26,-0.35,1.02,-1.07,20.0,2.94,14.0,0.6,1009.21,1011.2,1012.86,1011.11,18.0,1.71,14.0,0.6,,,,,,,,,,,,,,,,,,,,,,,,,,,,,,,,,,,,,,,,,,,,,,,,,,,,,,,,,,,,,,,,,,,,,,,,,,,,,,,,,,,,,,,,,,,,,,,,,,,,,,,,,,,,,,,,,,,,,,,,
1911,2,90.8,8.8,,,,,,,,,,,,,,,,,,,,,,,,,,,,,,,,,3.55,5.65,8.06,5.8,4.0,2.87,20.0,0.5,-5.7,-3.29,-1.78,-3.72,4.0,2.36,20.0,0.5,-5.7,-4.5,-2.99,-4.35,4.0,1.95,20.0,0.5,1012.48,1013.5,1014.52,1013.5,4.0,1.29,20.0,0.5,,,,,,,,,,,,,,,,,,,,,,,,,,,,,,,,,,,,,,,,,,,,,,,,,,,,,,,,,,,,,,,,,,,,,,,,,,,,,,,,,,,,,,,,,,,,,,,,,,,,,,,,,,,,,,,,,,,,,,,,
1911,2,92.3,8.3,,,,,,,,,,,,,,,,,,,,,,,,,,,,,,,,,5.27,6.7,6.7,6.0,3.0,1.21,18.0,0.3,-6.17,-6.17,-4.85,-5.52,3.0,1.12,18.0,0.3,-2.62,-2.62,-2.06,-2.34,3.0,0.47,18.0,0.3,1011.48,1012.5,1013.52,1012.5,2.0,2.12,18.0,0.5,,,,,,,,,,,,,,,,,,,,,,,,,,,,,,,,,,,,,,,,,,,,,,,,,,,,,,,,,,,,,,,,,,,,,,,,,,,,,,,,,,,,,,,,,,,,,,,,,,,,,,,,,,,,,,,,,,,,,,,,
1911,2,92.4,0.6,,,,,,,,,,,,,,,,,,,,,,,,,,,,,,,,,0.81,2.6,4.6,2.52,25.0,1.9,16.0,0.4,-0.76,0.71,2.72,0.72,25.0,2.07,16.0,0.4,-2.41,0.0,1.89,-0.07,25.0,2.33,16.0,0.4,1009.9,1011.0,1012.8,1011.37,23.0,1.64,16.0,0.4,,,,,,,,,,,,,,,,,,,,,,,,,,,,,,,,,,,,,,,,,,,,,,,,,,,,,,,,,,,,,,,,,,,,,,,,,,,,,,,,,,,,,,,,,,,,,,,,,,,,,,,,,,,,,,,,,,,,,,,,
1911,2,92.4,6.3,,,,,,,,,,,,,,,,,,,,,,,,,,,,,,,,,2.6,4.6,6.7,4.73,23.0,1.64,16.0,0.6,-5.66,-3.25,-2.32,-3.84,23.0,1.63,16.0,0.6,-3.25,-2.57,-1.16,-2.47,23.0,1.29,16.0,0.6,1009.97,1011.8,1013.09,1011.47,18.0,1.79,16.0,0.4,,,,,,,,,,,,,,,,,,,,,,,,,,,,,,,,,,,,,,,,,,,,,,,,,,,,,,,,,,,,,,,,,,,,,,,,,,,,,,,,,,,,,,,,,,,,,,,,,,,,,,,,,,,,,,,,,,,,,,,,
1911,2,92.5,-43.5,,,,,,,,,,,,,,,,,,,,,,,,,,,,,,,,,9.3,9.3,10.87,10.05,4.0,1.5,2.0,0.5,4.96,7.57,10.01,7.49,4.0,3.3,2.0,0.5,4.19,5.69,7.65,5.91,4.0,2.18,2.0,0.5,1011.16,1011.5,1011.84,1011.5,2.0,0.71,2.0,0.5,,,,,,,,,,,,,,,,,,,,,,,,,,,,,,,,,,,,,,,,,,,,,,,,,,,,,,,,,,,,,,,,,,,,,,,,,,,,,,,,,,,,,,,,,,,,,,,,,,,,,,,,,,,,,,,,,,,,,,,,
1911,2,92.5,-27.2,,,,,,,,,,,,,,,,,,,,,,,,,,,,,,,,,9.3,9.3,9.3,9.3,4.0,0.0,8.0,0.3,-8.62,-8.59,-7.52,-8.1,4.0,1.01,8.0,0.3,3.48,3.56,5.18,4.29,4.0,1.52,8.0,0.3,1016.8,1016.8,1016.8,1016.8,1.0,0.0,8.0,0.0,,,,,,,,,,,,,,,,,,,,,,,,,,,,,,,,,,,,,,,,,,,,,,,,,,,,,,,,,,,,,,,,,,,,,,,,,,,,,,,,,,,,,,,,,,,,,,,,,,,,,,,,,,,,,,,,,,,,,,,,
1911,2,92.5,-5.2,,,,,,,,,,,,,,,,,,,,,,,,,,,,,,,,,1.0,1.0,1.0,1.0,2.0,0.0,22.0,0.5,-0.83,-0.65,-0.46,-0.65,2.0,0.39,22.0,0.5,0.48,0.66,0.84,0.66,2.0,0.38,22.0,0.5,1012.31,1013.2,1014.09,1013.2,2.0,1.84,22.0,0.5,,,,,,,,,,,,,,,,,,,,,,,,,,,,,,,,,,,,,,,,,,,,,,,,,,,,,,,,,,,,,,,,,,,,,,,,,,,,,,,,,,,,,,,,,,,,,,,,,,,,,,,,,,,,,,,,,,,,,,,,
1911,2,92.5,4.7,,,,,,,,,,,,,,,,,,,,,,,,,,,,,,,,,2.6,6.7,6.7,5.52,81.0,2.12,16.0,0.5,-6.21,-3.81,-1.8,-4.02,81.0,2.27,16.0,0.5,-4.74,-2.62,-1.72,-3.1,81.0,2.02,16.0,0.5,1009.7,1011.0,1012.8,1011.2,51.0,1.6,14.0,0.5,,,,,,,,,,,,,,,,,,,,,,,,,,,,,,,,,,,,,,,,,,,,,,,,,,,,,,,,,,,,,,,,,,,,,,,,,,,,,,,,,,,,,,,,,,,,,,,,,,,,,,,,,,,,,,,,,,,,,,,,
1911,2,92.7,2.4,,,,,,,,,,,,,,,,,,,,,,,,,,,,,,,,,2.27,3.6,4.6,3.33,6.0,1.51,16.0,0.7,-4.24,-2.2,0.8,-1.69,6.0,2.64,16.0,0.7,-0.37,0.97,2.24,1.02,6.0,1.99,16.0,0.7,1010.59,1011.0,1012.0,1011.0,6.0,1.1,16.0,0.7,,,,,,,,,,,,,,,,,,,,,,,,,,,,,,,,,,,,,,,,,,,,,,,,,,,,,,,,,,,,,,,,,,,,,,,,,,,,,,,,,,,,,,,,,,,,,,,,,,,,,,,,,,,,,,,,,,,,,,,,
1911,2,94.3,6.1,,,,,,,,,,,,,,,,,,,,,,,,,,,,,,,,,2.6,4.6,6.7,4.59,12.0,2.24,10.0,0.8,-6.21,-4.43,-0.76,-3.6,12.0,2.79,10.0,0.8,-2.97,-2.01,0.0,-1.76,12.0,1.65,10.0,0.8,1010.84,1012.6,1014.14,1012.65,8.0,1.63,8.0,0.8,,,,,,,,,,,,,,,,,,,,,,,,,,,,,,,,,,,,,,,,,,,,,,,,,,,,,,,,,,,,,,,,,,,,,,,,,,,,,,,,,,,,,,,,,,,,,,,,,,,,,,,,,,,,,,,,,,,,,,,,
1911,2,94.4,-5.7,,,,,,,,,,,,,,,,,,,,,,,,,,,,,,,,,1.0,1.0,2.09,1.53,3.0,0.92,22.0,0.7,-1.37,-0.37,-0.37,-0.86,3.0,0.85,22.0,0.7,0.93,0.93,1.55,1.23,3.0,0.53,22.0,0.7,1010.93,1012.5,1012.77,1011.87,3.0,1.46,22.0,0.7,,,,,,,,,,,,,,,,,,,,,,,,,,,,,,,,,,,,,,,,,,,,,,,,,,,,,,,,,,,,,,,,,,,,,,,,,,,,,,,,,,,,,,,,,,,,,,,,,,,,,,,,,,,,,,,,,,,,,,,,
1911,2,94.5,0.3,,,,,,,,,,,,,,,,,,,,,,,,,,,,,,,,,0.0,2.6,4.47,2.17,14.0,1.73,16.0,0.4,0.0,1.41,3.21,1.52,14.0,1.3,16.0,0.4,-0.66,0.0,3.16,0.56,14.0,1.88,16.0,0.4,1010.21,1011.5,1012.82,1011.5,11.0,1.21,16.0,0.4,,,,,,,,,,,,,,,,,,,,,,,,,,,,,,,,,,,,,,,,,,,,,,,,,,,,,,,,,,,,,,,,,,,,,,,,,,,,,,,,,,,,,,,,,,,,,,,,,,,,,,,,,,,,,,,,,,,,,,,,
1911,2,94.5,4.8,,,,,,,,,,,,,,,,,,,,,,,,,,,,,,,,,2.6,4.6,6.7,4.45,74.0,2.21,16.0,0.4,-6.21,-3.52,0.0,-3.25,74.0,2.92,16.0,0.4,-3.35,-1.8,0.0,-1.43,74.0,1.92,16.0,0.4,1010.07,1011.6,1013.1,1011.6,43.0,1.54,16.0,0.5,,,,,,,,,,,,,,,,,,,,,,,,,,,,,,,,,,,,,,,,,,,,,,,,,,,,,,,,,,,,,,,,,,,,,,,,,,,,,,,,,,,,,,,,,,,,,,,,,,,,,,,,,,,,,,,,,,,,,,,,
1911,2,94.6,-43.5,,,,,,,,,,,,,,,,,,,,,,,,,,,,,,,,,8.76,9.3,9.92,9.37,6.0,1.77,2.0,0.5,5.61,6.58,9.13,7.11,6.0,2.63,2.0,0.5,3.42,5.69,7.0,5.47,6.0,2.21,2.0,0.5,1015.0,1015.0,1017.05,1016.0,3.0,1.73,2.0,0.3,,,,,,,,,,,,,,,,,,,,,,,,,,,,,,,,,,,,,,,,,,,,,,,,,,,,,,,,,,,,,,,,,,,,,,,,,,,,,,,,,,,,,,,,,,,,,,,,,,,,,,,,,,,,,,,,,,,,,,,,
1911,2,94.8,-1.2,,,,,,,,,,,,,,,,,,,,,,,,,,,,,,,,,1.0,1.0,1.0,1.0,1.0,0.0,22.0,1.0,0.0,0.0,0.0,0.0,1.0,0.0,22.0,1.0,1.0,1.0,1.0,1.0,1.0,0.0,22.0,1.0,1006.3,1006.3,1006.3,1006.3,1.0,0.0,22.0,1.0,,,,,,,,,,,,,,,,,,,,,,,,,,,,,,,,,,,,,,,,,,,,,,,,,,,,,,,,,,,,,,,,,,,,,,,,,,,,,,,,,,,,,,,,,,,,,,,,,,,,,,,,,,,,,,,,,,,,,,,,
1911,2,94.8,2.5,,,,,,,,,,,,,,,,,,,,,,,,,,,,,,,,,0.0,1.0,2.6,1.24,5.0,1.31,16.0,0.4,0.0,0.0,1.59,0.72,5.0,1.14,16.0,0.4,0.0,0.0,1.51,0.68,5.0,1.05,16.0,0.4,1010.12,1012.3,1012.44,1011.3,3.0,1.91,12.0,0.3,,,,,,,,,,,,,,,,,,,,,,,,,,,,,,,,,,,,,,,,,,,,,,,,,,,,,,,,,,,,,,,,,,,,,,,,,,,,,,,,,,,,,,,,,,,,,,,,,,,,,,,,,,,,,,,,,,,,,,,,
1911,2,96.4,-5.7,,,,,,,,,,,,,,,,,,,,,,,,,,,,,,,,,0.83,2.6,2.6,1.73,3.0,1.5,22.0,0.3,-2.39,-2.39,-0.76,-1.6,3.0,1.38,22.0,0.3,0.32,1.02,1.02,0.68,3.0,0.59,22.0,0.3,1010.96,1012.8,1013.07,1012.03,3.0,1.69,22.0,0.3,,,,,,,,,,,,,,,,,,,,,,,,,,,,,,,,,,,,,,,,,,,,,,,,,,,,,,,,,,,,,,,,,,,,,,,,,,,,,,,,,,,,,,,,,,,,,,,,,,,,,,,,,,,,,,,,,,,,,,,,
1911,2,96.5,-27.5,,,,,,,,,,,,,,,,,,,,,,,,,,,,,,,,,6.99,9.8,15.4,11.06,8.0,3.79,16.0,0.1,-10.89,-6.93,-5.67,-7.8,8.0,2.75,16.0,0.1,5.67,6.93,10.89,7.8,8.0,2.75,16.0,0.1,1017.2,1017.2,1017.2,1017.2,1.0,0.0,8.0,0.0,,,,,,,,,,,,,,,,,,,,,,,,,,,,,,,,,,,,,,,,,,,,,,,,,,,,,,,,,,,,,,,,,,,,,,,,,,,,,,,,,,,,,,,,,,,,,,,,,,,,,,,,,,,,,,,,,,,,,,,,
1911,2,96.5,0.4,,,,,,,,,,,,,,,,,,,,,,,,,,,,,,,,,0.27,1.0,2.6,1.53,9.0,1.48,16.0,0.4,-0.29,0.0,1.31,0.25,9.0,0.94,16.0,0.4,-0.98,0.0,1.61,0.01,9.0,1.97,16.0,0.4,1010.21,1011.15,1011.6,1010.85,6.0,1.16,14.0,0.7,,,,,,,,,,,,,,,,,,,,,,,,,,,,,,,,,,,,,,,,,,,,,,,,,,,,,,,,,,,,,,,,,,,,,,,,,,,,,,,,,,,,,,,,,,,,,,,,,,,,,,,,,,,,,,,,,,,,,,,,
1911,2,96.5,4.7,,,,,,,,,,,,,,,,,,,,,,,,,,,,,,,,,1.0,2.6,4.6,2.65,75.0,1.86,16.0,0.4,-3.25,-0.97,0.1,-1.25,75.0,2.14,16.0,0.4,-2.53,-0.45,0.97,-0.66,75.0,2.0,16.0,0.4,1010.24,1011.25,1013.56,1011.76,40.0,1.75,14.0,0.4,,,,,,,,,,,,,,,,,,,,,,,,,,,,,,,,,,,,,,,,,,,,,,,,,,,,,,,,,,,,,,,,,,,,,,,,,,,,,,,,,,,,,,,,,,,,,,,,,,,,,,,,,,,,,,,,,,,,,,,,
1911,2,96.6,-43.5,,,,,,,,,,,,,,,,,,,,,,,,,,,,,,,,,6.7,6.7,9.3,7.57,6.0,1.34,2.0,0.5,6.6,6.7,9.3,7.49,6.0,1.42,2.0,0.5,0.0,0.0,0.52,0.42,6.0,1.02,2.0,0.5,1018.29,1018.9,1018.97,1018.63,3.0,0.55,2.0,0.7,,,,,,,,,,,,,,,,,,,,,,,,,,,,,,,,,,,,,,,,,,,,,,,,,,,,,,,,,,,,,,,,,,,,,,,,,,,,,,,,,,,,,,,,,,,,,,,,,,,,,,,,,,,,,,,,,,,,,,,,
1911,2,96.7,-1.2,,,,,,,,,,,,,,,,,,,,,,,,,,,,,,,,,0.59,2.6,2.6,1.69,11.0,1.1,18.0,0.5,0.0,0.92,2.39,0.95,11.0,1.18,18.0,0.5,-1.02,0.0,1.4,0.04,11.0,1.4,18.0,0.5,1008.73,1010.6,1012.73,1010.88,9.0,1.96,18.0,0.4,,,,,,,,,,,,,,,,,,,,,,,,,,,,,,,,,,,,,,,,,,,,,,,,,,,,,,,,,,,,,,,,,,,,,,,,,,,,,,,,,,,,,,,,,,,,,,,,,,,,,,,,,,,,,,,,,,,,,,,,
1911,2,98.4,-5.7,,,,,,,,,,,,,,,,,,,,,,,,,,,,,,,,,2.6,2.6,2.6,2.6,3.0,0.0,24.0,0.7,-2.39,-2.39,-2.01,-2.21,3.0,0.32,24.0,0.7,1.02,1.02,1.58,1.29,3.0,0.47,24.0,0.7,1010.67,1012.1,1012.1,1011.4,3.0,1.21,24.0,0.7,,,,,,,,,,,,,,,,,,,,,,,,,,,,,,,,,,,,,,,,,,,,,,,,,,,,,,,,,,,,,,,,,,,,,,,,,,,,,,,,,,,,,,,,,,,,,,,,,,,,,,,,,,,,,,,,,,,,,,,,
1911,2,98.5,-43.5,,,,,,,,,,,,,,,,,,,,,,,,,,,,,,,,,6.27,8.0,9.3,7.65,6.0,1.96,2.0,0.5,6.27,7.63,8.71,7.4,6.0,1.74,2.0,0.5,0.0,0.0,3.63,1.21,6.0,1.88,2.0,0.5,1016.32,1017.0,1017.68,1017.0,3.0,1.0,2.0,0.3,,,,,,,,,,,,,,,,,,,,,,,,,,,,,,,,,,,,,,,,,,,,,,,,,,,,,,,,,,,,,,,,,,,,,,,,,,,,,,,,,,,,,,,,,,,,,,,,,,,,,,,,,,,,,,,,,,,,,,,,
1911,2,98.5,-1.2,,,,,,,,,,,,,,,,,,,,,,,,,,,,,,,,,0.0,2.6,4.6,2.27,17.0,1.7,16.0,0.5,-0.99,0.0,2.5,0.56,17.0,1.91,16.0,0.5,0.0,0.0,2.9,1.05,17.0,1.79,16.0,0.5,1008.72,1010.7,1012.99,1010.85,11.0,2.02,14.0,0.5,,,,,,,,,,,,,,,,,,,,,,,,,,,,,,,,,,,,,,,,,,,,,,,,,,,,,,,,,,,,,,,,,,,,,,,,,,,,,,,,,,,,,,,,,,,,,,,,,,,,,,,,,,,,,,,,,,,,,,,,
1911,2,98.5,4.4,,,,,,,,,,,,,,,,,,,,,,,,,,,,,,,,,1.0,2.6,4.6,2.69,79.0,1.92,14.0,0.5,-1.84,0.0,1.84,0.06,79.0,2.12,14.0,0.5,-3.42,-1.84,0.0,-1.6,79.0,1.99,14.0,0.5,1009.68,1011.05,1012.98,1011.41,40.0,1.97,12.0,0.6,,,,,,,,,,,,,,,,,,,,,,,,,,,,,,,,,,,,,,,,,,,,,,,,,,,,,,,,,,,,,,,,,,,,,,,,,,,,,,,,,,,,,,,,,,,,,,,,,,,,,,,,,,,,,,,,,,,,,,,,
1911,2,98.8,2.8,,,,,,,,,,,,,,,,,,,,,,,,,,,,,,,,,1.0,2.6,4.6,2.48,16.0,1.57,16.0,0.4,-0.4,1.02,2.74,1.11,16.0,1.73,16.0,0.4,-2.93,-1.23,0.21,-1.3,16.0,1.71,16.0,0.4,1010.3,1012.15,1012.96,1011.7,10.0,1.26,14.0,0.5,,,,,,,,,,,,,,,,,,,,,,,,,,,,,,,,,,,,,,,,,,,,,,,,,,,,,,,,,,,,,,,,,,,,,,,,,,,,,,,,,,,,,,,,,,,,,,,,,,,,,,,,,,,,,,,,,,,,,,,,
1911,2,100.1,4.3,,,,,,,,,,,,,,,,,,,,,,,,,,,,,,,,,1.0,2.6,4.6,2.65,20.0,1.63,14.0,0.4,-1.28,0.0,2.6,0.51,20.0,1.99,14.0,0.4,-2.95,-0.32,1.0,-0.81,20.0,2.26,14.0,0.4,1008.9,1011.0,1013.92,1011.38,5.0,3.45,10.0,0.2,,,,,,,,,,,,,,,,,,,,,,,,,,,,,,,,,,,,,,,,,,,,,,,,,,,,,,,,,,,,,,,,,,,,,,,,,,,,,,,,,,,,,,,,,,,,,,,,,,,,,,,,,,,,,,,,,,,,,,,,
1911,2,100.3,-1.7,,,,,,,,,,,,,,,,,,,,,,,,,,,,,,,,,2.6,2.6,2.6,2.6,2.0,0.0,14.0,0.5,-0.82,-0.49,-0.15,-0.49,2.0,0.69,14.0,0.5,2.44,2.51,2.57,2.51,2.0,0.13,14.0,0.5,1008.78,1009.8,1010.82,1009.8,2.0,2.12,14.0,0.5,,,,,,,,,,,,,,,,,,,,,,,,,,,,,,,,,,,,,,,,,,,,,,,,,,,,,,,,,,,,,,,,,,,,,,,,,,,,,,,,,,,,,,,,,,,,,,,,,,,,,,,,,,,,,,,,,,,,,,,,
1911,2,100.4,-5.7,,,,,,,,,,,,,,,,,,,,,,,,,,,,,,,,,1.51,2.6,2.6,2.07,3.0,0.92,24.0,0.3,-2.39,-2.39,-1.39,-1.9,3.0,0.85,24.0,0.3,0.59,1.02,1.02,0.81,3.0,0.36,24.0,0.3,1012.05,1012.6,1012.74,1012.4,3.0,0.53,24.0,0.3,,,,,,,,,,,,,,,,,,,,,,,,,,,,,,,,,,,,,,,,,,,,,,,,,,,,,,,,,,,,,,,,,,,,,,,,,,,,,,,,,,,,,,,,,,,,,,,,,,,,,,,,,,,,,,,,,,,,,,,,
1911,2,100.4,2.4,,,,,,,,,,,,,,,,,,,,,,,,,,,,,,,,,1.0,2.6,4.6,2.66,87.0,1.83,14.0,0.6,-1.0,0.0,2.54,0.5,87.0,2.24,14.0,0.6,-3.25,-0.92,0.89,-0.98,87.0,2.07,14.0,0.6,1009.29,1011.7,1015.0,1011.78,45.0,2.61,12.0,0.6,,,,,,,,,,,,,,,,,,,,,,,,,,,,,,,,,,,,,,,,,,,,,,,,,,,,,,,,,,,,,,,,,,,,,,,,,,,,,,,,,,,,,,,,,,,,,,,,,,,,,,,,,,,,,,,,,,,,,,,,
1911,2,100.5,-43.2,,,,,,,,,,,,,,,,,,,,,,,,,,,,,,,,,7.94,9.3,9.3,8.65,4.0,1.3,4.0,0.5,7.36,8.96,9.3,8.36,4.0,1.47,4.0,0.5,-1.83,0.0,1.31,-0.24,4.0,2.46,4.0,0.5,1014.3,1014.95,1015.6,1014.95,2.0,1.34,4.0,1.0,,,,,,,,,,,,,,,,,,,,,,,,,,,,,,,,,,,,,,,,,,,,,,,,,,,,,,,,,,,,,,,,,,,,,,,,,,,,,,,,,,,,,,,,,,,,,,,,,,,,,,,,,,,,,,,,,,,,,,,,
1911,2,100.6,-3.6,,,,,,,,,,,,,,,,,,,,,,,,,,,,,,,,,1.0,2.6,2.79,2.34,13.0,1.34,16.0,0.6,-1.84,0.0,1.84,-0.35,13.0,1.67,16.0,0.6,-1.84,0.0,1.97,0.2,13.0,2.18,16.0,0.6,1010.83,1011.5,1012.31,1011.36,7.0,1.07,14.0,0.4,,,,,,,,,,,,,,,,,,,,,,,,,,,,,,,,,,,,,,,,,,,,,,,,,,,,,,,,,,,,,,,,,,,,,,,,,,,,,,,,,,,,,,,,,,,,,,,,,,,,,,,,,,,,,,,,,,,,,,,,
1911,2,102.4,-7.2,,,,,,,,,,,,,,,,,,,,,,,,,,,,,,,,,2.6,2.6,2.6,2.6,3.0,0.0,24.0,0.7,-2.22,-1.84,-1.84,-2.02,3.0,0.32,24.0,0.7,1.28,1.84,1.84,1.56,3.0,0.47,24.0,0.7,1010.99,1012.05,1013.11,1012.05,2.0,2.19,24.0,1.0,,,,,,,,,,,,,,,,,,,,,,,,,,,,,,,,,,,,,,,,,,,,,,,,,,,,,,,,,,,,,,,,,,,,,,,,,,,,,,,,,,,,,,,,,,,,,,,,,,,,,,,,,,,,,,,,,,,,,,,,
1911,2,102.4,0.6,,,,,,,,,,,,,,,,,,,,,,,,,,,,,,,,,1.0,2.6,6.7,3.6,63.0,2.11,12.0,0.5,-2.67,0.0,2.57,-0.24,63.0,2.77,12.0,0.5,-4.37,-2.6,0.0,-2.45,63.0,1.96,12.0,0.5,1008.74,1010.2,1012.96,1010.69,27.0,2.11,10.0,0.6,,,,,,,,,,,,,,,,,,,,,,,,,,,,,,,,,,,,,,,,,,,,,,,,,,,,,,,,,,,,,,,,,,,,,,,,,,,,,,,,,,,,,,,,,,,,,,,,,,,,,,,,,,,,,,,,,,,,,,,,
1911,2,102.4,2.2,,,,,,,,,,,,,,,,,,,,,,,,,,,,,,,,,2.73,4.6,6.7,5.4,14.0,2.54,16.0,0.1,-5.72,-0.5,0.0,-1.77,14.0,3.29,16.0,0.1,-6.7,-3.81,-0.85,-3.69,14.0,3.0,16.0,0.1,1009.62,1011.6,1014.6,1011.95,6.0,2.6,16.0,0.2,,,,,,,,,,,,,,,,,,,,,,,,,,,,,,,,,,,,,,,,,,,,,,,,,,,,,,,,,,,,,,,,,,,,,,,,,,,,,,,,,,,,,,,,,,,,,,,,,,,,,,,,,,,,,,,,,,,,,,,,
1911,2,102.5,-43.4,,,,,,,,,,,,,,,,,,,,,,,,,,,,,,,,,9.18,9.3,9.44,9.36,7.0,1.62,4.0,0.6,8.44,9.3,9.44,8.88,7.0,2.22,4.0,0.6,-3.54,0.0,0.0,-1.67,7.0,2.13,4.0,0.6,1012.0,1012.0,1013.37,1012.67,3.0,1.15,4.0,0.0,,,,,,,,,,,,,,,,,,,,,,,,,,,,,,,,,,,,,,,,,,,,,,,,,,,,,,,,,,,,,,,,,,,,,,,,,,,,,,,,,,,,,,,,,,,,,,,,,,,,,,,,,,,,,,,,,,,,,,,,
1911,2,102.5,-5.5,,,,,,,,,,,,,,,,,,,,,,,,,,,,,,,,,0.75,3.6,9.3,4.89,12.0,4.32,16.0,0.5,-0.99,2.47,6.58,2.93,12.0,3.89,16.0,0.5,-6.58,-1.25,0.99,-2.43,12.0,3.72,16.0,0.5,1009.99,1011.0,1011.28,1010.6,5.0,1.26,14.0,0.8,,,,,,,,,,,,,,,,,,,,,,,,,,,,,,,,,,,,,,,,,,,,,,,,,,,,,,,,,,,,,,,,,,,,,,,,,,,,,,,,,,,,,,,,,,,,,,,,,,,,,,,,,,,,,,,,,,,,,,,,
1911,2,104.3,0.6,,,,,,,,,,,,,,,,,,,,,,,,,,,,,,,,,4.6,6.7,6.7,5.72,55.0,2.04,14.0,0.4,-3.86,-0.89,1.94,-0.97,55.0,2.76,14.0,0.4,-6.7,-4.6,-2.42,-4.66,55.0,2.61,14.0,0.4,1009.39,1010.65,1012.9,1010.8,26.0,1.64,12.0,0.3,,,,,,,,,,,,,,,,,,,,,,,,,,,,,,,,,,,,,,,,,,,,,,,,,,,,,,,,,,,,,,,,,,,,,,,,,,,,,,,,,,,,,,,,,,,,,,,,,,,,,,,,,,,,,,,,,,,,,,,,
1911,2,104.5,-43.4,,,,,,,,,,,,,,,,,,,,,,,,,,,,,,,,,9.18,9.3,9.44,9.36,7.0,1.62,4.0,0.4,4.68,6.58,9.3,6.7,7.0,2.37,4.0,0.4,-8.69,-4.74,0.0,-4.98,7.0,4.22,4.0,0.4,1013.0,1013.0,1013.2,1013.1,3.0,0.17,4.0,1.0,,,,,,,,,,,,,,,,,,,,,,,,,,,,,,,,,,,,,,,,,,,,,,,,,,,,,,,,,,,,,,,,,,,,,,,,,,,,,,,,,,,,,,,,,,,,,,,,,,,,,,,,,,,,,,,,,,,,,,,,
1911,2,104.6,-7.3,,,,,,,,,,,,,,,,,,,,,,,,,,,,,,,,,1.86,4.6,9.53,6.02,17.0,3.92,14.0,0.5,-1.8,3.25,8.81,3.72,17.0,5.11,14.0,0.5,-4.41,-3.48,-0.55,-2.95,17.0,1.97,14.0,0.5,1010.25,1010.8,1011.35,1010.8,3.0,0.8,12.0,0.0,,,,,,,,,,,,,,,,,,,,,,,,,,,,,,,,,,,,,,,,,,,,,,,,,,,,,,,,,,,,,,,,,,,,,,,,,,,,,,,,,,,,,,,,,,,,,,,,,,,,,,,,,,,,,,,,,,,,,,,,
1911,2,104.6,-1.5,,,,,,,,,,,,,,,,,,,,,,,,,,,,,,,,,4.6,6.7,6.7,5.84,17.0,1.28,14.0,0.5,0.0,0.0,2.51,0.48,17.0,2.2,14.0,0.5,-6.7,-6.17,-4.6,-5.41,17.0,1.3,14.0,0.5,1008.99,1011.5,1012.71,1011.17,15.0,1.89,14.0,0.5,,,,,,,,,,,,,,,,,,,,,,,,,,,,,,,,,,,,,,,,,,,,,,,,,,,,,,,,,,,,,,,,,,,,,,,,,,,,,,,,,,,,,,,,,,,,,,,,,,,,,,,,,,,,,,,,,,,,,,,,
1911,2,104.6,2.5,,,,,,,,,,,,,,,,,,,,,,,,,,,,,,,,,4.6,4.6,6.7,5.32,65.0,1.75,12.0,0.6,-3.48,-1.84,1.82,-1.34,65.0,2.42,12.0,0.6,-6.3,-4.31,-2.47,-4.39,65.0,2.13,12.0,0.6,1009.06,1011.3,1013.02,1011.2,31.0,2.01,14.0,0.7,,,,,,,,,,,,,,,,,,,,,,,,,,,,,,,,,,,,,,,,,,,,,,,,,,,,,,,,,,,,,,,,,,,,,,,,,,,,,,,,,,,,,,,,,,,,,,,,,,,,,,,,,,,,,,,,,,,,,,,,
1911,2,104.7,4.2,,,,,,,,,,,,,,,,,,,,,,,,,,,,,,,,,4.6,5.65,7.36,6.08,12.0,1.79,16.0,0.5,-4.63,-3.22,-2.17,-3.24,12.0,1.57,16.0,0.5,-6.81,-4.49,-2.64,-4.65,12.0,2.47,16.0,0.5,1013.08,1014.0,1014.52,1013.58,6.0,1.46,18.0,0.3,,,,,,,,,,,,,,,,,,,,,,,,,,,,,,,,,,,,,,,,,,,,,,,,,,,,,,,,,,,,,,,,,,,,,,,,,,,,,,,,,,,,,,,,,,,,,,,,,,,,,,,,,,,,,,,,,,,,,,,,
1911,2,106.3,0.6,,,,,,,,,,,,,,,,,,,,,,,,,,,,,,,,,4.6,6.7,9.3,7.16,9.0,2.19,18.0,0.4,-3.08,0.0,0.0,-0.98,9.0,1.59,18.0,0.4,-9.1,-6.7,-4.6,-6.96,9.0,2.07,18.0,0.4,1010.32,1010.55,1012.96,1011.03,8.0,1.88,20.0,0.5,,,,,,,,,,,,,,,,,,,,,,,,,,,,,,,,,,,,,,,,,,,,,,,,,,,,,,,,,,,,,,,,,,,,,,,,,,,,,,,,,,,,,,,,,,,,,,,,,,,,,,,,,,,,,,,,,,,,,,,,
1911,2,106.4,2.4,,,,,,,,,,,,,,,,,,,,,,,,,,,,,,,,,4.6,6.7,6.7,5.99,24.0,1.92,12.0,0.6,-2.31,0.0,2.43,-0.27,24.0,2.22,12.0,0.6,-6.7,-6.21,-3.89,-5.55,24.0,1.98,12.0,0.6,1009.89,1011.7,1012.81,1011.63,19.0,1.71,12.0,0.5,,,,,,,,,,,,,,,,,,,,,,,,,,,,,,,,,,,,,,,,,,,,,,,,,,,,,,,,,,,,,,,,,,,,,,,,,,,,,,,,,,,,,,,,,,,,,,,,,,,,,,,,,,,,,,,,,,,,,,,,
1911,2,106.4,4.5,,,,,,,,,,,,,,,,,,,,,,,,,,,,,,,,,2.6,6.7,7.12,5.8,63.0,2.16,14.0,0.4,-4.74,-2.96,0.0,-2.69,63.0,2.49,14.0,0.4,-6.6,-4.31,-2.38,-4.47,63.0,2.23,14.0,0.4,1010.0,1011.0,1013.23,1011.49,43.0,1.87,12.0,0.3,,,,,,,,,,,,,,,,,,,,,,,,,,,,,,,,,,,,,,,,,,,,,,,,,,,,,,,,,,,,,,,,,,,,,,,,,,,,,,,,,,,,,,,,,,,,,,,,,,,,,,,,,,,,,,,,,,,,,,,,
1911,2,106.5,-43.4,,,,,,,,,,,,,,,,,,,,,,,,,,,,,,,,,9.3,12.3,15.4,12.33,6.0,2.73,4.0,0.3,4.81,6.02,9.3,6.71,6.0,2.08,4.0,0.3,-14.18,-11.32,0.0,-8.5,6.0,6.71,4.0,0.3,1013.0,1013.0,1013.0,1013.0,2.0,0.0,4.0,0.0,,,,,,,,,,,,,,,,,,,,,,,,,,,,,,,,,,,,,,,,,,,,,,,,,,,,,,,,,,,,,,,,,,,,,,,,,,,,,,,,,,,,,,,,,,,,,,,,,,,,,,,,,,,,,,,,,,,,,,,,
1911,2,106.6,-3.4,,,,,,,,,,,,,,,,,,,,,,,,,,,,,,,,,4.6,4.6,4.6,4.6,5.0,0.0,4.0,0.6,3.25,3.25,3.61,3.45,5.0,0.44,4.0,0.6,-3.25,-3.25,-2.72,-2.96,5.0,0.65,4.0,0.6,1007.8,1007.8,1007.8,1007.8,1.0,0.0,4.0,0.0,,,,,,,,,,,,,,,,,,,,,,,,,,,,,,,,,,,,,,,,,,,,,,,,,,,,,,,,,,,,,,,,,,,,,,,,,,,,,,,,,,,,,,,,,,,,,,,,,,,,,,,,,,,,,,,,,,,,,,,,
1911,2,106.6,6.3,,,,,,,,,,,,,,,,,,,,,,,,,,,,,,,,,4.6,6.7,9.3,7.24,46.0,2.83,14.0,0.6,-6.54,-3.63,-1.82,-4.05,46.0,2.5,14.0,0.6,-8.56,-5.13,-1.76,-5.28,46.0,3.18,14.0,0.6,1010.0,1011.7,1013.64,1012.06,27.0,2.06,12.0,0.6,,,,,,,,,,,,,,,,,,,,,,,,,,,,,,,,,,,,,,,,,,,,,,,,,,,,,,,,,,,,,,,,,,,,,,,,,,,,,,,,,,,,,,,,,,,,,,,,,,,,,,,,,,,,,,,,,,,,,,,,
1911,2,106.7,8.4,,,,,,,,,,,,,,,,,,,,,,,,,,,,,,,,,6.7,6.7,12.3,9.1,7.0,2.99,20.0,0.3,-8.7,-6.7,-6.49,-6.93,7.0,2.27,20.0,0.3,-8.7,-6.3,0.0,-4.63,7.0,4.41,20.0,0.3,1009.76,1011.5,1012.49,1011.24,5.0,1.77,16.0,0.6,,,,,,,,,,,,,,,,,,,,,,,,,,,,,,,,,,,,,,,,,,,,,,,,,,,,,,,,,,,,,,,,,,,,,,,,,,,,,,,,,,,,,,,,,,,,,,,,,,,,,,,,,,,,,,,,,,,,,,,,
1911,2,106.8,-1.5,,,,,,,,,,,,,,,,,,,,,,,,,,,,,,,,,2.6,2.6,6.7,4.06,7.0,1.95,2.0,0.3,0.0,0.97,2.59,1.6,7.0,1.55,2.0,0.3,-6.21,-2.6,-2.38,-3.46,7.0,1.9,2.0,0.3,1008.33,1009.7,1010.52,1009.43,3.0,1.62,4.0,0.3,,,,,,,,,,,,,,,,,,,,,,,,,,,,,,,,,,,,,,,,,,,,,,,,,,,,,,,,,,,,,,,,,,,,,,,,,,,,,,,,,,,,,,,,,,,,,,,,,,,,,,,,,,,,,,,,,,,,,,,,
1911,2,106.8,18.8,,,,,,,,,,,,,,,,,,,,,,,,,,,,,,,,,2.6,2.6,2.6,2.6,1.0,0.0,16.0,1.0,-2.6,-2.6,-2.6,-2.6,1.0,0.0,16.0,1.0,0.0,0.0,0.0,0.0,1.0,0.0,16.0,1.0,1017.8,1017.8,1017.8,1017.8,1.0,0.0,16.0,1.0,,,,,,,,,,,,,,,,,,,,,,,,,,,,,,,,,,,,,,,,,,,,,,,,,,,,,,,,,,,,,,,,,,,,,,,,,,,,,,,,,,,,,,,,,,,,,,,,,,,,,,,,,,,,,,,,,,,,,,,,
1911,2,108.1,0.4,,,,,,,,,,,,,,,,,,,,,,,,,,,,,,,,,2.48,2.6,4.6,2.8,7.0,1.55,2.0,0.6,0.0,0.0,1.84,0.53,7.0,0.9,2.0,0.6,-4.6,-2.6,0.09,-2.06,7.0,2.34,2.0,0.6,1009.9,1010.1,1010.37,1010.13,3.0,0.35,2.0,0.7,,,,,,,,,,,,,,,,,,,,,,,,,,,,,,,,,,,,,,,,,,,,,,,,,,,,,,,,,,,,,,,,,,,,,,,,,,,,,,,,,,,,,,,,,,,,,,,,,,,,,,,,,,,,,,,,,,,,,,,,
1911,2,108.3,2.4,,,,,,,,,,,,,,,,,,,,,,,,,,,,,,,,,0.16,4.6,4.6,3.77,14.0,2.26,12.0,0.4,-3.25,-0.79,0.0,-1.08,14.0,2.3,12.0,0.4,-4.58,-3.1,-0.15,-3.0,14.0,2.05,12.0,0.4,1009.01,1011.0,1012.77,1010.87,6.0,2.04,14.0,0.5,,,,,,,,,,,,,,,,,,,,,,,,,,,,,,,,,,,,,,,,,,,,,,,,,,,,,,,,,,,,,,,,,,,,,,,,,,,,,,,,,,,,,,,,,,,,,,,,,,,,,,,,,,,,,,,,,,,,,,,,
1911,2,108.3,6.6,,,,,,,,,,,,,,,,,,,,,,,,,,,,,,,,,4.6,9.3,12.3,8.39,42.0,3.66,12.0,0.6,-8.3,-5.64,0.0,-4.83,42.0,3.35,12.0,0.6,-8.99,-6.58,-1.99,-5.8,42.0,4.0,12.0,0.6,1009.32,1011.7,1013.88,1011.64,33.0,2.33,12.0,0.5,,,,,,,,,,,,,,,,,,,,,,,,,,,,,,,,,,,,,,,,,,,,,,,,,,,,,,,,,,,,,,,,,,,,,,,,,,,,,,,,,,,,,,,,,,,,,,,,,,,,,,,,,,,,,,,,,,,,,,,,
1911,2,108.3,18.3,,,,,,,,,,,,,,,,,,,,,,,,,,,,,,,,,2.6,2.6,2.6,2.6,2.0,0.0,16.0,0.5,-2.48,-2.22,-1.96,-2.22,2.0,0.54,16.0,0.5,0.29,0.92,1.55,0.92,2.0,1.3,16.0,0.5,1016.42,1016.9,1017.38,1016.9,2.0,0.99,16.0,0.5,,,,,,,,,,,,,,,,,,,,,,,,,,,,,,,,,,,,,,,,,,,,,,,,,,,,,,,,,,,,,,,,,,,,,,,,,,,,,,,,,,,,,,,,,,,,,,,,,,,,,,,,,,,,,,,,,,,,,,,,
1911,2,108.5,-43.2,,,,,,,,,,,,,,,,,,,,,,,,,,,,,,,,,11.68,15.4,19.0,15.07,6.0,3.8,4.0,0.8,5.97,7.27,8.64,7.27,6.0,1.24,4.0,0.8,-17.52,-14.23,-7.62,-12.62,6.0,5.53,4.0,0.8,1013.16,1013.5,1013.84,1013.5,2.0,0.71,4.0,0.5,,,,,,,,,,,,,,,,,,,,,,,,,,,,,,,,,,,,,,,,,,,,,,,,,,,,,,,,,,,,,,,,,,,,,,,,,,,,,,,,,,,,,,,,,,,,,,,,,,,,,,,,,,,,,,,,,,,,,,,,
1911,2,108.5,4.5,,,,,,,,,,,,,,,,,,,,,,,,,,,,,,,,,0.95,2.6,4.7,3.16,7.0,2.31,14.0,0.6,-3.32,-1.84,0.02,-1.95,7.0,1.89,14.0,0.6,-3.32,-1.84,0.99,-1.39,7.0,2.58,14.0,0.6,1010.31,1011.0,1012.93,1011.36,7.0,1.71,14.0,0.6,,,,,,,,,,,,,,,,,,,,,,,,,,,,,,,,,,,,,,,,,,,,,,,,,,,,,,,,,,,,,,,,,,,,,,,,,,,,,,,,,,,,,,,,,,,,,,,,,,,,,,,,,,,,,,,,,,,,,,,,
1911,2,108.5,8.4,,,,,,,,,,,,,,,,,,,,,,,,,,,,,,,,,6.7,9.3,12.3,9.57,70.0,3.2,12.0,0.5,-8.7,-5.8,-3.15,-5.45,70.0,3.13,12.0,0.5,-10.91,-6.85,-3.35,-6.96,70.0,3.75,12.0,0.5,1009.85,1012.2,1014.19,1012.13,44.0,2.4,10.0,0.5,,,,,,,,,,,,,,,,,,,,,,,,,,,,,,,,,,,,,,,,,,,,,,,,,,,,,,,,,,,,,,,,,,,,,,,,,,,,,,,,,,,,,,,,,,,,,,,,,,,,,,,,,,,,,,,,,,,,,,,,
1911,2,108.5,10.3,,,,,,,,,,,,,,,,,,,,,,,,,,,,,,,,,6.7,9.3,15.4,9.83,25.0,3.75,16.0,0.5,-9.12,-4.21,-0.94,-4.53,25.0,3.91,16.0,0.5,-10.97,-8.56,-4.55,-8.17,25.0,2.89,16.0,0.5,1010.05,1013.2,1017.38,1013.57,14.0,3.27,12.0,0.4,,,,,,,,,,,,,,,,,,,,,,,,,,,,,,,,,,,,,,,,,,,,,,,,,,,,,,,,,,,,,,,,,,,,,,,,,,,,,,,,,,,,,,,,,,,,,,,,,,,,,,,,,,,,,,,,,,,,,,,,
1911,2,108.5,14.2,,,,,,,,,,,,,,,,,,,,,,,,,,,,,,,,,4.5,4.6,6.82,5.59,7.0,2.16,18.0,0.6,-4.39,-4.27,1.44,-2.31,7.0,3.71,18.0,0.6,-5.23,-3.52,-1.72,-3.78,7.0,2.1,18.0,0.6,1018.0,1018.0,1018.0,1018.0,1.0,0.0,6.0,0.0,,,,,,,,,,,,,,,,,,,,,,,,,,,,,,,,,,,,,,,,,,,,,,,,,,,,,,,,,,,,,,,,,,,,,,,,,,,,,,,,,,,,,,,,,,,,,,,,,,,,,,,,,,,,,,,,,,,,,,,,
1911,2,108.5,20.3,,,,,,,,,,,,,,,,,,,,,,,,,,,,,,,,,4.19,4.6,7.24,5.4,6.0,2.31,16.0,0.2,-7.24,-4.43,-3.9,-5.28,6.0,2.36,16.0,0.2,-0.36,0.0,0.37,0.01,6.0,1.11,16.0,0.2,1017.35,1018.1,1018.92,1017.97,6.0,1.31,16.0,0.2,,,,,,,,,,,,,,,,,,,,,,,,,,,,,,,,,,,,,,,,,,,,,,,,,,,,,,,,,,,,,,,,,,,,,,,,,,,,,,,,,,,,,,,,,,,,,,,,,,,,,,,,,,,,,,,,,,,,,,,,
1911,2,108.6,16.5,,,,,,,,,,,,,,,,,,,,,,,,,,,,,,,,,4.6,4.6,4.6,4.6,4.0,0.0,16.0,0.5,-3.25,-3.25,-2.49,-2.89,4.0,0.73,16.0,0.5,-3.77,-3.25,-3.25,-3.5,4.0,0.49,16.0,0.5,1016.19,1016.65,1017.59,1016.88,4.0,1.02,16.0,0.5,,,,,,,,,,,,,,,,,,,,,,,,,,,,,,,,,,,,,,,,,,,,,,,,,,,,,,,,,,,,,,,,,,,,,,,,,,,,,,,,,,,,,,,,,,,,,,,,,,,,,,,,,,,,,,,,,,,,,,,,
1911,2,108.7,12.4,,,,,,,,,,,,,,,,,,,,,,,,,,,,,,,,,5.83,6.7,7.77,7.06,11.0,2.13,12.0,0.5,-6.59,-4.31,0.95,-3.64,11.0,3.86,12.0,0.5,-6.46,-5.13,-3.0,-4.91,11.0,1.83,12.0,0.5,1014.96,1018.5,1018.88,1017.44,7.0,2.32,6.0,0.7,,,,,,,,,,,,,,,,,,,,,,,,,,,,,,,,,,,,,,,,,,,,,,,,,,,,,,,,,,,,,,,,,,,,,,,,,,,,,,,,,,,,,,,,,,,,,,,,,,,,,,,,,,,,,,,,,,,,,,,,
1911,2,110.2,14.5,,,,,,,,,,,,,,,,,,,,,,,,,,,,,,,,,5.3,6.7,9.3,7.07,22.0,2.67,14.0,0.5,-6.58,-2.62,0.0,-3.23,22.0,3.35,14.0,0.5,-6.7,-6.17,-3.6,-5.32,22.0,2.78,14.0,0.5,1015.26,1017.8,1019.75,1017.53,17.0,2.16,14.0,0.5,,,,,,,,,,,,,,,,,,,,,,,,,,,,,,,,,,,,,,,,,,,,,,,,,,,,,,,,,,,,,,,,,,,,,,,,,,,,,,,,,,,,,,,,,,,,,,,,,,,,,,,,,,,,,,,,,,,,,,,,
1911,2,110.3,8.6,,,,,,,,,,,,,,,,,,,,,,,,,,,,,,,,,5.63,9.3,13.88,10.23,23.0,3.65,16.0,0.4,-8.7,-4.21,-1.68,-5.37,23.0,3.37,16.0,0.4,-11.11,-8.7,-5.23,-8.42,23.0,2.65,16.0,0.4,1011.46,1012.9,1014.41,1012.81,11.0,1.83,14.0,0.4,,,,,,,,,,,,,,,,,,,,,,,,,,,,,,,,,,,,,,,,,,,,,,,,,,,,,,,,,,,,,,,,,,,,,,,,,,,,,,,,,,,,,,,,,,,,,,,,,,,,,,,,,,,,,,,,,,,,,,,,
1911,2,110.4,-43.2,,,,,,,,,,,,,,,,,,,,,,,,,,,,,,,,,13.28,15.4,15.4,14.37,3.0,1.79,6.0,0.3,5.06,6.02,6.02,5.55,3.0,0.81,6.0,0.3,-14.18,-14.18,-12.28,-13.25,3.0,1.6,6.0,0.3,1014.1,1014.1,1014.1,1014.1,1.0,0.0,6.0,1.0,,,,,,,,,,,,,,,,,,,,,,,,,,,,,,,,,,,,,,,,,,,,,,,,,,,,,,,,,,,,,,,,,,,,,,,,,,,,,,,,,,,,,,,,,,,,,,,,,,,,,,,,,,,,,,,,,,,,,,,,
1911,2,110.4,10.5,,,,,,,,,,,,,,,,,,,,,,,,,,,,,,,,,6.7,9.8,12.3,10.33,44.0,3.1,14.0,0.6,-7.12,-4.02,-2.2,-4.18,44.0,2.69,14.0,0.6,-11.32,-8.7,-6.17,-8.81,44.0,3.77,14.0,0.6,1010.73,1013.5,1016.17,1013.31,24.0,2.42,12.0,0.5,,,,,,,,,,,,,,,,,,,,,,,,,,,,,,,,,,,,,,,,,,,,,,,,,,,,,,,,,,,,,,,,,,,,,,,,,,,,,,,,,,,,,,,,,,,,,,,,,,,,,,,,,,,,,,,,,,,,,,,,
1911,2,110.5,16.5,,,,,,,,,,,,,,,,,,,,,,,,,,,,,,,,,4.6,9.3,9.3,7.44,17.0,3.1,14.0,0.4,-7.12,-4.65,-2.96,-4.83,17.0,2.8,14.0,0.4,-8.05,-5.98,-1.75,-5.02,17.0,3.01,14.0,0.4,1015.19,1018.5,1019.55,1016.81,13.0,4.59,12.0,0.2,,,,,,,,,,,,,,,,,,,,,,,,,,,,,,,,,,,,,,,,,,,,,,,,,,,,,,,,,,,,,,,,,,,,,,,,,,,,,,,,,,,,,,,,,,,,,,,,,,,,,,,,,,,,,,,,,,,,,,,,
1911,2,110.6,-41.4,,,,,,,,,,,,,,,,,,,,,,,,,,,,,,,,,9.8,9.8,11.51,10.63,3.0,1.44,16.0,0.7,6.14,9.02,9.02,7.62,3.0,2.43,16.0,0.7,-8.94,-3.83,-3.83,-6.33,3.0,4.33,16.0,0.7,1013.0,1013.0,1013.0,1013.0,1.0,0.0,6.0,1.0,,,,,,,,,,,,,,,,,,,,,,,,,,,,,,,,,,,,,,,,,,,,,,,,,,,,,,,,,,,,,,,,,,,,,,,,,,,,,,,,,,,,,,,,,,,,,,,,,,,,,,,,,,,,,,,,,,,,,,,,
1911,2,110.6,12.5,,,,,,,,,,,,,,,,,,,,,,,,,,,,,,,,,6.7,9.3,12.3,9.03,31.0,2.52,14.0,0.5,-6.36,-3.63,-1.75,-3.78,31.0,2.16,14.0,0.5,-11.32,-6.7,-5.8,-7.89,31.0,2.6,14.0,0.5,1012.11,1014.5,1016.61,1014.48,17.0,2.28,14.0,0.5,,,,,,,,,,,,,,,,,,,,,,,,,,,,,,,,,,,,,,,,,,,,,,,,,,,,,,,,,,,,,,,,,,,,,,,,,,,,,,,,,,,,,,,,,,,,,,,,,,,,,,,,,,,,,,,,,,,,,,,,
1911,2,110.6,20.3,,,,,,,,,,,,,,,,,,,,,,,,,,,,,,,,,9.3,12.3,13.43,11.72,5.0,2.55,18.0,0.6,-12.45,-8.7,-8.6,-10.31,5.0,2.52,18.0,0.6,-6.84,-4.61,-0.88,-3.78,5.0,4.58,18.0,0.6,1020.83,1023.2,1025.81,1023.2,5.0,3.06,18.0,0.6,,,,,,,,,,,,,,,,,,,,,,,,,,,,,,,,,,,,,,,,,,,,,,,,,,,,,,,,,,,,,,,,,,,,,,,,,,,,,,,,,,,,,,,,,,,,,,,,,,,,,,,,,,,,,,,,,,,,,,,,
1911,2,110.7,18.3,,,,,,,,,,,,,,,,,,,,,,,,,,,,,,,,,4.6,9.3,9.77,8.01,14.0,3.64,14.0,0.8,-8.74,-7.32,-2.35,-5.73,14.0,4.1,14.0,0.8,-6.56,-3.73,-3.19,-4.46,14.0,2.96,14.0,0.8,1015.47,1018.5,1020.0,1017.95,11.0,2.37,14.0,0.7,,,,,,,,,,,,,,,,,,,,,,,,,,,,,,,,,,,,,,,,,,,,,,,,,,,,,,,,,,,,,,,,,,,,,,,,,,,,,,,,,,,,,,,,,,,,,,,,,,,,,,,,,,,,,,,,,,,,,,,,
1911,2,112.3,12.6,,,,,,,,,,,,,,,,,,,,,,,,,,,,,,,,,6.7,10.8,15.4,9.9,18.0,4.33,16.0,0.6,-6.02,-4.77,-2.37,-4.41,18.0,2.51,16.0,0.6,-14.18,-8.7,-4.74,-8.52,18.0,4.33,16.0,0.6,1012.61,1013.7,1014.27,1013.39,8.0,1.09,14.0,0.5,,,,,,,,,,,,,,,,,,,,,,,,,,,,,,,,,,,,,,,,,,,,,,,,,,,,,,,,,,,,,,,,,,,,,,,,,,,,,,,,,,,,,,,,,,,,,,,,,,,,,,,,,,,,,,,,,,,,,,,,
1911,2,112.4,10.6,,,,,,,,,,,,,,,,,,,,,,,,,,,,,,,,,6.7,9.3,12.45,10.29,7.0,3.21,12.0,0.3,-6.68,-3.63,0.0,-3.75,7.0,3.24,12.0,0.3,-12.45,-8.56,-6.1,-8.92,7.0,3.75,12.0,0.3,1012.23,1012.5,1013.32,1012.77,3.0,0.83,12.0,0.3,,,,,,,,,,,,,,,,,,,,,,,,,,,,,,,,,,,,,,,,,,,,,,,,,,,,,,,,,,,,,,,,,,,,,,,,,,,,,,,,,,,,,,,,,,,,,,,,,,,,,,,,,,,,,,,,,,,,,,,,
1911,2,112.4,14.5,,,,,,,,,,,,,,,,,,,,,,,,,,,,,,,,,5.86,9.3,10.79,8.76,30.0,2.56,14.0,0.5,-7.12,-4.77,-1.71,-4.38,30.0,2.68,14.0,0.5,-10.41,-6.58,-4.45,-7.06,30.0,2.71,14.0,0.5,1012.46,1013.7,1016.32,1014.31,11.0,2.53,12.0,0.6,,,,,,,,,,,,,,,,,,,,,,,,,,,,,,,,,,,,,,,,,,,,,,,,,,,,,,,,,,,,,,,,,,,,,,,,,,,,,,,,,,,,,,,,,,,,,,,,,,,,,,,,,,,,,,,,,,,,,,,,
1911,2,112.5,18.4,,,,,,,,,,,,,,,,,,,,,,,,,,,,,,,,,4.6,6.7,12.3,7.91,44.0,3.94,14.0,0.5,-8.17,-4.52,0.0,-4.27,44.0,3.66,14.0,0.5,-8.58,-4.94,-3.1,-5.8,44.0,3.61,14.0,0.5,1013.83,1015.9,1018.2,1015.64,22.0,3.78,12.0,0.6,,,,,,,,,,,,,,,,,,,,,,,,,,,,,,,,,,,,,,,,,,,,,,,,,,,,,,,,,,,,,,,,,,,,,,,,,,,,,,,,,,,,,,,,,,,,,,,,,,,,,,,,,,,,,,,,,,,,,,,,
1911,2,112.6,-41.6,,,,,,,,,,,,,,,,,,,,,,,,,,,,,,,,,7.68,9.8,11.51,9.6,3.0,2.81,10.0,0.3,0.41,1.28,6.56,3.43,3.0,4.88,10.0,0.3,-10.48,-6.58,-4.7,-7.57,3.0,4.32,10.0,0.3,1014.0,1014.0,1014.0,1014.0,2.0,0.0,6.0,0.0,,,,,,,,,,,,,,,,,,,,,,,,,,,,,,,,,,,,,,,,,,,,,,,,,,,,,,,,,,,,,,,,,,,,,,,,,,,,,,,,,,,,,,,,,,,,,,,,,,,,,,,,,,,,,,,,,,,,,,,,
1911,2,112.6,20.4,,,,,,,,,,,,,,,,,,,,,,,,,,,,,,,,,4.6,6.7,12.3,7.61,61.0,3.8,14.0,0.4,-8.7,-4.6,-2.35,-5.16,61.0,3.29,14.0,0.4,-8.7,-4.65,-1.65,-4.96,61.0,3.23,14.0,0.4,1015.07,1018.8,1024.26,1018.7,37.0,5.12,14.0,0.4,,,,,,,,,,,,,,,,,,,,,,,,,,,,,,,,,,,,,,,,,,,,,,,,,,,,,,,,,,,,,,,,,,,,,,,,,,,,,,,,,,,,,,,,,,,,,,,,,,,,,,,,,,,,,,,,,,,,,,,,
1911,2,112.7,16.5,,,,,,,,,,,,,,,,,,,,,,,,,,,,,,,,,6.3,9.3,10.28,8.2,25.0,3.32,14.0,0.5,-6.68,-4.74,0.0,-3.97,25.0,3.19,14.0,0.5,-8.91,-6.58,-4.13,-6.56,25.0,3.09,14.0,0.5,1012.63,1013.4,1016.95,1014.71,11.0,3.18,14.0,0.3,,,,,,,,,,,,,,,,,,,,,,,,,,,,,,,,,,,,,,,,,,,,,,,,,,,,,,,,,,,,,,,,,,,,,,,,,,,,,,,,,,,,,,,,,,,,,,,,,,,,,,,,,,,,,,,,,,,,,,,,
1911,2,114.3,20.4,19.88,21.0,21.62,20.49,25.0,1.67,14.0,0.3,17.0,18.9,20.6,18.86,28.0,1.98,14.0,0.3,11.67,12.08,12.68,12.17,3.0,0.75,18.0,0.7,91.5,95.0,98.4,95.0,3.0,5.1,18.0,0.7,,,,,,,,,,,,,,,,,,,,,,,,,,,,,,,,,0.0,6.0,8.0,4.7,25.0,3.2,16.0,0.4,-107.0,-61.2,-11.9,-62.6,30.0,46.4,14.0,0.4,-107.0,-49.4,-18.1,-59.0,30.0,41.6,14.0,0.4,0.16,1.1,3.72,1.24,25.0,2.58,14.0,0.3,2.0,10.2,34.8,13.2,25.0,23.6,14.0,0.3,1.05,2.01,3.33,2.19,3.0,1.68,18.0,0.7,10.6,24.8,41.0,25.8,3.0,22.3,18.0,0.7,,,,,,,,,,,,,,,,,,,,,,,,,,,,,,,,,,,,,,,,,,,,,,,,,,,,,,,,,,,,,,,,
1911,2,114.3,20.5,,,,,,,,,,,,,,,,,,,,,,,,,,,,,,,,,,,,,,,,,,,,,,,,,,,,,,,,,,,,,,,,,,,,,,,,,,,,,,,,,,,,,,,,,,,,,,,,,,,,,,,,,,,,,,,,,,,,,,,,,-172.9,-113.7,-36.3,-112.0,28.0,58.5,14.0,0.3,-176.8,-109.7,-67.6,-113.5,28.0,51.2,14.0,0.3,-119.5,-113.8,-85.4,-102.7,3.0,26.7,18.0,0.7,-100.3,-95.5,-48.3,-74.8,3.0,42.1,18.0,0.7,,,,,,,,,,,,,,,,,,,,,,,,,,,,,,,,
1911,2,114.4,-33.6,,,,,,,,,,,,,,,,,,,,,,,,,,,,,,,,,4.6,6.7,12.3,7.29,26.0,3.83,14.0,0.5,-6.18,-0.86,1.88,-1.83,26.0,4.63,14.0,0.5,1.84,4.74,8.57,5.39,26.0,3.86,14.0,0.5,1003.32,1004.0,1005.37,1004.33,3.0,1.53,2.0,0.7,,,,,,,,,,,,,,,,,,,,,,,,,,,,,,,,,,,,,,,,,,,,,,,,,,,,,,,,,,,,,,,,,,,,,,,,,,,,,,,,,,,,,,,,,,,,,,,,,,,,,,,,,,,,,,,,,,,,,,,,
1911,2,114.4,20.5,,,,,,,,,,,,,,,,,,,,,,,,,,,,,,,,,4.6,9.3,12.3,8.69,30.0,3.55,14.0,0.4,-8.7,-6.58,-2.11,-6.07,30.0,3.13,14.0,0.4,-8.7,-5.56,-3.39,-5.93,30.0,2.53,14.0,0.4,1016.6,1018.5,1022.98,1019.34,17.0,3.21,16.0,0.5,,,,,,,,,,,,,,,,,,,,,,,,,,,,,,,,,,,,,,,,,,,,,,,,,,,,,,,,,,,,,,,,,,,,,,,,,,,,,,,,,,,,,,,,,,,,,,,,,,,,,,,,,,,,,,,,,,,,,,,,
1911,2,114.4,20.7,,,,,,,,,,,,,,,,,,,,,,,,,,,,,,,,,,,,,,,,,,,,,,,,,,,,,,,,,,,,,,,,,,,,,,,,,,,,,,,,,,,,,,,,,,,,,,,,,,,,,,,,,,,,,,,,,,,,,,,,,,,,,,,,,,,,,,,,,,,,,,,,,,,,,,,,,-31.4,-19.0,-8.6,-20.0,3.0,16.7,18.0,0.7,-26.3,-15.9,-6.0,-16.2,3.0,14.9,18.0,0.7,97.5,804.5,1861.0,961.5,30.0,880.0,14.0,0.4,95.0,805.0,1860.0,960.0,30.0,880.0,14.0,0.4
1911,2,114.5,14.6,,,,,,,,,,,,,,,,,,,,,,,,,,,,,,,,,6.7,6.7,7.65,7.22,5.0,1.16,14.0,0.4,-2.99,-2.62,-2.62,-2.82,5.0,0.45,14.0,0.4,-7.04,-6.17,-6.17,-6.65,5.0,1.07,14.0,0.4,1013.64,1014.2,1014.87,1014.22,5.0,0.72,14.0,0.4,,,,,,,,,,,,,,,,,,,,,,,,,,,,,,,,,,,,,,,,,,,,,,,,,,,,,,,,,,,,,,,,,,,,,,,,,,,,,,,,,,,,,,,,,,,,,,,,,,,,,,,,,,,,,,,,,,,,,,,,
1911,2,114.5,22.1,,,,,,,,,,,,,,,,,,,,,,,,,,,,,,,,,,,,,,,,,,,,,,,,,,,,,,,,,,,,,,,,,,,,,,,,,,,,,,,,,,,,,,,,,,,,,,,,,,,,,,,,,,,,,,,,,,,,,,,,,,,,,,,,,,,,,,,,,,,,,,,,,,,,,,,,,-16.3,-3.4,-0.8,-6.7,11.0,8.3,16.0,0.3,-8.5,-2.7,-0.1,-3.3,11.0,6.5,16.0,0.3,17.5,97.5,804.5,449.5,119.0,682.5,16.0,0.4,20.0,95.0,805.0,450.0,119.0,685.0,16.0,0.4
1911,2,114.5,22.2,13.93,15.6,18.75,15.99,116.0,2.27,16.0,0.3,13.0,15.6,17.81,15.56,120.0,2.48,16.0,0.4,9.51,10.77,11.99,10.85,12.0,1.79,14.0,0.3,81.7,89.0,94.7,87.9,12.0,8.7,14.0,0.3,2.6,4.6,9.3,6.01,119.0,3.42,16.0,0.4,-8.7,-4.31,-0.86,-4.49,119.0,3.69,16.0,0.4,-4.67,-2.51,0.0,-2.8,119.0,2.52,16.0,0.4,1015.68,1021.5,1026.33,1020.95,100.0,5.47,16.0,0.3,1.0,4.0,8.0,4.2,109.0,2.9,16.0,0.3,-81.3,-19.9,-1.1,-37.1,119.0,46.1,16.0,0.4,-43.5,-13.6,0.0,-22.0,119.0,28.3,16.0,0.4,-1.1,0.1,2.2,0.5,115.0,2.16,16.0,0.3,-6.7,0.0,15.3,3.6,113.0,14.4,16.0,0.3,0.34,1.61,3.39,1.95,11.0,2.0,16.0,0.3,0.9,7.4,19.0,8.7,11.0,9.4,16.0,0.3,-127.8,-61.2,-9.9,-70.7,118.0,58.8,16.0,0.4,-77.0,-37.7,0.0,-43.3,118.0,39.8,16.0,0.4,-60.1,-31.0,-19.5,-39.0,12.0,30.1,14.0,0.3,-36.6,-17.6,0.0,-16.6,12.0,22.4,14.0,0.3,,,,,,,,,,,,,,,,,,,,,,,,,,,,,,,,
1911,2,114.6,-41.4,,,,,,,,,,,,,,,,,,,,,,,,,,,,,,,,,4.6,9.8,10.71,8.22,5.0,3.46,10.0,0.8,-1.39,0.88,9.02,3.02,5.0,5.75,10.0,0.8,-7.36,-3.83,-3.37,-5.41,5.0,3.92,10.0,0.8,1015.32,1016.0,1016.68,1016.0,2.0,1.41,6.0,0.5,,,,,,,,,,,,,,,,,,,,,,,,,,,,,,,,,,,,,,,,,,,,,,,,,,,,,,,,,,,,,,,,,,,,,,,,,,,,,,,,,,,,,,,,,,,,,,,,,,,,,,,,,,,,,,,,,,,,,,,,
1911,2,114.6,-35.3,,,,,,,,,,,,,,,,,,,,,,,,,,,,,,,,,4.6,6.7,9.5,6.9,30.0,3.03,16.0,0.7,-8.56,-3.25,3.25,-2.8,30.0,4.71,16.0,0.7,2.18,4.28,6.63,4.27,30.0,3.03,16.0,0.7,1005.16,1005.5,1005.84,1005.5,2.0,0.71,2.0,0.5,,,,,,,,,,,,,,,,,,,,,,,,,,,,,,,,,,,,,,,,,,,,,,,,,,,,,,,,,,,,,,,,,,,,,,,,,,,,,,,,,,,,,,,,,,,,,,,,,,,,,,,,,,,,,,,,,,,,,,,,
1911,2,114.6,16.6,,,,,,,,,,,,,,,,,,,,,,,,,,,,,,,,,8.35,9.3,9.3,8.78,5.0,1.16,14.0,0.4,-5.41,-3.63,-3.63,-4.44,5.0,1.28,14.0,0.4,-8.56,-8.56,-5.9,-7.4,5.0,1.72,14.0,0.4,1012.7,1014.7,1017.74,1015.2,4.0,3.34,18.0,0.5,,,,,,,,,,,,,,,,,,,,,,,,,,,,,,,,,,,,,,,,,,,,,,,,,,,,,,,,,,,,,,,,,,,,,,,,,,,,,,,,,,,,,,,,,,,,,,,,,,,,,,,,,,,,,,,,,,,,,,,,
1911,2,114.6,18.6,,,,,,,,,,,,,,,,,,,,,,,,,,,,,,,,,9.3,10.8,14.07,10.95,10.0,3.27,14.0,0.7,-9.95,-8.38,-5.25,-7.7,10.0,2.46,14.0,0.7,-9.95,-8.63,-5.47,-7.6,10.0,2.82,14.0,0.7,1013.41,1016.35,1023.13,1017.75,6.0,5.04,18.0,0.7,,,,,,,,,,,,,,,,,,,,,,,,,,,,,,,,,,,,,,,,,,,,,,,,,,,,,,,,,,,,,,,,,,,,,,,,,,,,,,,,,,,,,,,,,,,,,,,,,,,,,,,,,,,,,,,,,,,,,,,,
1911,2,116.0,20.0,,,,,,,,,,,,,,,,,,,,,,,,,,,,,,,,,,,,,,,,,,,,,,,,,,,,,,,,,,,,,,,,,,,,,,,,,,,,,,,,,,,,,,,,,,,,,,,,,,,,,,,,,,,,,,,,,,,,,,,,,,,,,,,,,,,,,,,,,,,,,,,,,,,,,,,,,-35.2,-35.2,-35.2,-35.2,1.0,0.0,18.0,0.0,-29.5,-29.5,-29.5,-29.5,1.0,0.0,18.0,0.0,804.5,804.5,1743.5,1068.5,8.0,489.0,14.0,0.1,805.0,805.0,1745.0,1070.0,8.0,490.0,14.0,0.1
1911,2,116.1,20.3,,,,,,,,,,,,,,,,,,,,,,,,,,,,,,,,,,,,,,,,,,,,,,,,,,,,,,,,,,,,,,,,,5.0,6.0,8.0,6.4,5.0,1.5,14.0,0.2,-103.4,-66.3,-61.2,-76.0,8.0,22.7,14.0,0.1,-93.8,-61.2,-55.6,-68.4,8.0,22.0,14.0,0.1,,,,,,,,,,,,,,,,,,,,,,,,,,,,,,,,,,,,,,,,,,,,,,,,,,,,,,,,,,,,,,,,,,,,,,,,,,,,,,,,,,,,,,,,,,,,,,,,
1911,2,116.1,20.4,,,,,,,,,,,,,,,,,,,,,,,,,,,,,,,,,9.3,9.3,11.97,10.05,8.0,1.39,14.0,0.1,-8.63,-7.12,-6.58,-7.44,8.0,1.18,14.0,0.1,-7.82,-6.58,-5.98,-6.69,8.0,1.25,14.0,0.1,1016.11,1021.9,1026.64,1021.34,5.0,5.54,18.0,0.0,,,,,,,,,,,,,,,,,,,,,,,,,,,,,,,,,,,,,,,,,,,,,,,,,,,,,,,,,-162.3,-143.0,-109.1,-140.8,8.0,32.1,14.0,0.1,-136.2,-127.9,-103.0,-124.7,8.0,22.1,14.0,0.1,-120.5,-120.5,-120.5,-120.5,1.0,0.0,18.0,0.0,-101.1,-101.1,-101.1,-101.1,1.0,0.0,18.0,0.0,,,,,,,,,,,,,,,,,,,,,,,,,,,,,,,,
1911,2,116.2,20.4,21.23,22.2,22.4,21.82,6.0,1.06,16.0,0.0,15.76,19.1,21.04,18.85,8.0,2.69,14.0,0.1,12.79,12.79,12.79,12.79,1.0,0.0,18.0,0.0,85.6,85.6,85.6,85.6,1.0,0.0,18.0,0.0,,,,,,,,,,,,,,,,,,,,,,,,,,,,,,,,,,,,,,,,,,,,,,,,,,,,,,,,,0.87,2.9,5.47,3.05,6.0,2.49,16.0,0.0,8.1,34.5,52.7,31.3,6.0,24.3,16.0,0.0,3.73,3.73,3.73,3.73,1.0,0.0,18.0,0.0,45.9,45.9,45.9,45.9,1.0,0.0,18.0,0.0,,,,,,,,,,,,,,,,,,,,,,,,,,,,,,,,,,,,,,,,,,,,,,,,,,,,,,,,,,,,,,,,
1911,2,116.4,18.3,,,,,,,,,,,,,,,,,,,,,,,,,,,,,,,,,,,,,,,,,,,,,,,,,,,,,,,,,,,,,,,,,,,,,,,,,,,,,,,,,,,,,,,,,,,,,,,,,,,,,,,,,,,,,,,,,,,,,,,,,,,,,,,,,,,,,,,,,,,,,,,,,,,,,,,,,-22.9,-21.9,-21.1,-22.0,3.0,1.3,18.0,0.7,-19.2,-18.4,-17.7,-18.5,3.0,1.1,18.0,0.7,249.0,941.0,3652.5,1513.5,12.0,1416.5,14.0,0.8,250.0,940.0,3650.0,1515.0,12.0,1415.0,14.0,0.8
1911,2,116.4,18.4,,,,,,,,,,,,,,,,,,,,,,,,,,,,,,,,,6.17,9.8,15.4,10.19,12.0,4.03,14.0,0.8,-11.8,-6.93,-4.62,-7.81,12.0,2.97,14.0,0.8,-9.9,-6.54,-2.15,-6.29,12.0,3.33,14.0,0.8,1014.48,1016.25,1019.58,1016.69,8.0,2.25,14.0,0.6,,,,,,,,,,,,,,,,,,,,,,,,,,,,,,,,,,,,,,,,,,,,,,,,,,,,,,,,,-263.7,-155.6,-103.0,-179.0,12.0,69.3,14.0,0.8,-227.0,-148.7,-50.3,-144.3,12.0,77.3,14.0,0.8,-202.1,-200.9,-191.5,-196.9,3.0,8.5,18.0,0.7,-169.6,-168.6,-160.7,-165.2,3.0,7.2,18.0,0.7,,,,,,,,,,,,,,,,,,,,,,,,,,,,,,,,
1911,2,116.4,18.5,23.09,23.3,24.22,23.52,13.0,0.62,14.0,0.8,21.79,23.3,23.91,23.03,13.0,1.11,14.0,0.8,16.23,17.03,17.13,16.69,3.0,0.72,18.0,0.7,95.8,95.8,98.7,97.2,3.0,2.4,18.0,0.7,,,,,,,,,,,,,,,,,,,,,,,,,,,,,,,,,2.0,6.0,6.1,4.8,13.0,2.2,14.0,0.8,-181.7,-71.4,-28.7,-89.6,12.0,63.2,14.0,0.8,-152.4,-67.9,-13.5,-75.5,12.0,57.7,14.0,0.8,-0.65,1.0,1.64,0.48,13.0,1.22,14.0,0.8,-3.6,9.0,17.9,7.2,12.0,11.3,14.0,0.8,1.79,1.86,1.94,1.87,3.0,0.11,18.0,0.7,27.6,28.6,29.9,28.7,3.0,1.7,18.0,0.7,,,,,,,,,,,,,,,,,,,,,,,,,,,,,,,,,,,,,,,,,,,,,,,,,,,,,,,,,,,,,,,,
1911,2,116.5,-41.7,,,,,,,,,,,,,,,,,,,,,,,,,,,,,,,,,6.7,9.3,9.44,8.61,7.0,2.08,6.0,0.6,-0.27,0.0,4.74,0.56,7.0,3.5,6.0,0.6,-9.44,-9.3,4.74,-4.92,7.0,7.07,6.0,0.6,1015.48,1016.0,1016.68,1016.08,4.0,0.94,6.0,0.5,,,,,,,,,,,,,,,,,,,,,,,,,,,,,,,,,,,,,,,,,,,,,,,,,,,,,,,,,,,,,,,,,,,,,,,,,,,,,,,,,,,,,,,,,,,,,,,,,,,,,,,,,,,,,,,,,,,,,,,,
1911,2,116.5,-35.7,,,,,,,,,,,,,,,,,,,,,,,,,,,,,,,,,4.6,6.7,9.42,6.87,31.0,3.0,18.0,0.2,-7.32,-3.25,2.69,-2.96,31.0,5.44,18.0,0.2,-3.61,0.88,6.21,1.13,31.0,4.22,18.0,0.2,1003.16,1003.5,1003.84,1003.5,2.0,0.71,2.0,0.0,,,,,,,,,,,,,,,,,,,,,,,,,,,,,,,,,,,,,,,,,,,,,,,,,,,,,,,,,,,,,,,,,,,,,,,,,,,,,,,,,,,,,,,,,,,,,,,,,,,,,,,,,,,,,,,,,,,,,,,,
1911,2,116.5,22.5,12.2,13.9,15.6,13.94,190.0,1.96,16.0,0.3,11.7,13.6,15.77,13.74,191.0,2.04,16.0,0.3,7.5,9.74,10.93,9.44,18.0,1.48,12.0,0.3,83.1,88.1,94.4,87.4,18.0,5.4,12.0,0.3,2.6,6.7,12.3,7.74,193.0,4.59,16.0,0.3,-9.42,-5.13,-1.99,-5.92,193.0,3.85,16.0,0.3,-7.91,-3.52,0.0,-4.15,193.0,3.72,16.0,0.3,1017.8,1021.9,1026.12,1021.69,158.0,4.9,16.0,0.3,0.0,3.0,7.1,3.5,177.0,2.8,16.0,0.3,-115.9,-41.6,-6.0,-61.6,193.0,66.5,16.0,0.3,-97.2,-28.9,0.0,-45.9,193.0,60.8,16.0,0.3,-1.66,0.0,1.66,0.08,186.0,1.61,16.0,0.3,-7.8,0.0,15.8,3.5,184.0,15.4,16.0,0.3,-0.27,0.85,2.18,0.97,18.0,1.2,12.0,0.3,-0.7,3.7,15.2,6.4,18.0,8.8,12.0,0.3,-126.7,-79.1,-26.3,-79.7,189.0,50.5,16.0,0.3,-101.5,-49.7,0.0,-55.3,189.0,46.8,16.0,0.3,-68.9,-42.6,-20.0,-44.6,18.0,26.1,12.0,0.3,-44.3,-31.0,-14.0,-30.9,18.0,19.2,12.0,0.3,-13.9,-2.6,0.6,-5.2,18.0,7.8,12.0,0.3,-8.4,-2.1,0.3,-3.2,18.0,4.6,12.0,0.3,17.5,301.0,1861.0,1000.5,193.0,1588.0,16.0,0.3,20.0,300.0,1860.0,1000.0,193.0,1590.0,16.0,0.3
1911,2,116.8,16.8,,,,,,,,,,,,,,,,,,,,,,,,,,,,,,,,,6.09,9.3,9.64,7.9,3.0,2.87,14.0,0.7,-7.7,-6.93,-4.42,-6.08,3.0,2.51,14.0,0.7,-6.21,-4.65,-3.7,-4.94,3.0,1.86,14.0,0.7,1017.1,1017.1,1017.1,1017.1,1.0,0.0,12.0,1.0,,,,,,,,,,,,,,,,,,,,,,,,,,,,,,,,,,,,,,,,,,,,,,,,,,,,,,,,,,,,,,,,,,,,,,,,,,,,,,,,,,,,,,,,,,,,,,,,,,,,,,,,,,,,,,,,,,,,,,,,
1911,2,116.9,38.4,,,,,,,,,,,,,,,,,,,,,,,,,,,,,,,,,1.0,1.8,5.33,2.84,24.0,2.44,26.0,0.3,-1.67,0.0,3.16,0.39,24.0,2.69,26.0,0.3,-3.9,0.0,0.77,-0.81,24.0,2.51,26.0,0.3,1017.1,1021.1,1024.25,1021.0,24.0,4.06,26.0,0.3,,,,,,,,,,,,,,,,,,,,,,,,,,,,,,,,,,,,,,,,,,,,,,,,,,,,,,,,,,,,,,,,,,,,,,,,,,,,,,,,,,,,,,,,,,,,,,,,,,,,,,,,,,,,,,,,,,,,,,,,
1911,2,118.2,16.4,,,,,,,,,,,,,,,,,,,,,,,,,,,,,,,,,,,,,,,,,,,,,,,,,,,,,,,,,,,,,,,,,,,,,,,,,,,,,,,,,,,,,,,,,,,,,,,,,,,,,,,,,,,,,,,,,,,,,,,,,,,,,,,,,,,,,,,,,,,,,,,,,,,,,,,,,-14.6,-7.4,1.4,-6.6,3.0,11.7,18.0,0.0,-14.3,-12.8,2.3,-6.2,3.0,13.5,18.0,0.0,44.0,804.5,2750.5,1150.0,22.0,1744.5,14.0,0.1,45.0,805.0,2750.0,1150.0,22.0,1745.0,14.0,0.1
1911,2,118.3,22.8,,,,,,,,,,,,,,,,,,,,,,,,,,,,,,,,,,,,,,,,,,,,,,,,,,,,,,,,,,,,,,,,,,,,,,,,,,,,,,,,,,,,,,,,,,,,,,,,,,,,,,,,,,,,,,,,,,,,,,,,,,,,,,,,,,,,,,,,,,,,,,,,,,,,,,,,,-22.9,-5.5,-2.3,-12.6,7.0,14.8,14.0,0.4,-19.2,-3.1,1.6,-7.9,7.0,15.4,14.0,0.4,206.5,1861.0,3652.5,1734.5,80.0,1925.5,16.0,0.5,205.0,1860.0,3650.0,1735.0,80.0,1925.0,16.0,0.5
1911,2,118.5,-41.7,,,,,,,,,,,,,,,,,,,,,,,,,,,,,,,,,2.6,4.6,9.3,5.78,13.0,2.89,8.0,0.6,1.75,3.25,4.91,3.14,13.0,2.63,8.0,0.6,0.0,3.25,6.58,2.67,13.0,4.38,8.0,0.6,1017.59,1021.0,1022.37,1020.0,3.0,3.61,6.0,0.7,,,,,,,,,,,,,,,,,,,,,,,,,,,,,,,,,,,,,,,,,,,,,,,,,,,,,,,,,,,,,,,,,,,,,,,,,,,,,,,,,,,,,,,,,,,,,,,,,,,,,,,,,,,,,,,,,,,,,,,,
1911,2,118.5,-35.7,,,,,,,,,,,,,,,,,,,,,,,,,,,,,,,,,4.6,5.65,12.3,7.06,20.0,4.59,16.0,0.9,-6.7,-2.13,3.25,-1.15,20.0,6.54,16.0,0.9,0.0,1.8,5.73,2.49,20.0,4.78,16.0,0.9,1003.0,1003.0,1003.0,1003.0,1.0,0.0,4.0,1.0,,,,,,,,,,,,,,,,,,,,,,,,,,,,,,,,,,,,,,,,,,,,,,,,,,,,,,,,,,,,,,,,,,,,,,,,,,,,,,,,,,,,,,,,,,,,,,,,,,,,,,,,,,,,,,,,,,,,,,,,
1911,2,118.5,12.9,,,,,,,,,,,,,,,,,,,,,,,,,,,,,,,,,,,,,,,,,,,,,,,,,,,,,,,,,,,,,,,,,,,,,,,,,,,,,,,,,,,,,,,,,,,,,,,,,,,,,,,,,,,,,,,,,,,,,,,,,,,,,,,,,,,,,,,,,,,,,,,,,,,,,,,,,-26.7,-26.7,-26.7,-26.7,1.0,0.0,20.0,0.0,-9.7,-9.7,-9.7,-9.7,1.0,0.0,20.0,0.0,170.5,301.0,3652.5,1197.5,17.0,1470.5,14.0,0.5,170.0,300.0,3650.0,1195.0,17.0,1470.0,14.0,0.5
1911,2,118.5,16.4,,,,,,,,,,,,,,,,,,,,,,,,,,,,,,,,,3.27,9.3,13.54,8.02,22.0,5.0,14.0,0.1,-7.12,-3.8,0.0,-4.13,22.0,3.88,14.0,0.1,-11.24,-5.98,-0.85,-5.87,22.0,4.83,14.0,0.1,1011.23,1012.4,1014.81,1012.89,11.0,1.66,12.0,0.1,2.0,4.5,6.7,4.2,22.0,2.4,14.0,0.2,-84.4,-28.4,0.0,-48.7,22.0,63.6,14.0,0.1,-165.8,-55.6,-2.2,-67.8,22.0,78.3,14.0,0.1,,,,,,,,,,,,,,,,,,,,,,,,,,,,,,,,,-183.3,-97.4,0.0,-103.0,22.0,95.1,14.0,0.1,-270.3,-150.9,-21.8,-146.4,22.0,122.8,14.0,0.1,-225.0,-151.9,-110.1,-167.2,3.0,85.2,18.0,0.0,-248.6,-217.3,-176.2,-212.5,3.0,53.1,18.0,0.0,,,,,,,,,,,,,,,,,,,,,,,,,,,,,,,,
1911,2,118.5,18.2,,,,,,,,,,,,,,,,,,,,,,,,,,,,,,,,,3.63,9.3,9.3,6.53,3.0,4.79,6.0,0.7,-5.87,-3.18,-1.64,-3.74,3.0,3.14,6.0,0.7,-7.86,-5.98,-2.15,-5.03,3.0,4.26,6.0,0.7,1013.19,1014.25,1015.31,1014.25,2.0,2.19,10.0,0.5,,,,,,,,,,,,,,,,,,,,,,,,,,,,,,,,,,,,,,,,,,,,,,,,,,,,,,,,,,,,,,,,,,,,,,,,,,,,,,,,,,,,,,,,,,,,,,,,,,,,,,,,,,,,,,,,,,,,,,,,
1911,2,118.5,22.7,,,,,,,,,,,,,,,,,,,,,,,,,,,,,,,,,5.73,12.3,15.4,10.39,80.0,4.44,16.0,0.5,-8.7,-4.69,0.0,-4.77,80.0,3.7,16.0,0.5,-13.17,-7.98,-4.31,-8.5,80.0,4.37,16.0,0.5,1017.03,1020.5,1026.11,1020.87,72.0,5.08,16.0,0.5,2.0,6.0,8.0,5.4,78.0,2.6,16.0,0.5,-111.1,-43.7,0.0,-58.1,80.0,62.2,16.0,0.5,-182.9,-97.2,-21.2,-105.7,80.0,85.2,16.0,0.5,,,,,,,,,,,,,,,,,,,,,,,,,,,,,,,,,-109.8,-65.2,0.0,-65.0,80.0,50.6,16.0,0.5,-184.4,-114.0,-63.0,-116.7,80.0,58.1,16.0,0.5,-63.1,-44.7,-33.3,-48.5,7.0,28.4,14.0,0.4,-77.8,-37.5,-27.4,-43.7,7.0,31.8,14.0,0.4,,,,,,,,,,,,,,,,,,,,,,,,,,,,,,,,
1911,2,118.5,24.3,10.6,12.2,13.44,12.19,194.0,1.78,16.0,0.3,9.4,11.5,14.49,11.91,197.0,2.47,16.0,0.3,5.82,8.14,9.64,7.9,23.0,1.89,10.0,0.3,71.6,85.3,97.3,84.1,23.0,12.1,10.0,0.3,5.35,9.3,12.3,9.87,186.0,4.21,16.0,0.3,-8.7,-4.81,0.0,-4.82,186.0,3.37,16.0,0.3,-11.56,-7.91,-4.31,-7.99,186.0,4.1,16.0,0.3,1018.77,1023.2,1027.3,1023.1,163.0,4.55,16.0,0.3,2.0,6.0,8.0,5.4,178.0,2.7,16.0,0.3,-115.9,-43.7,0.0,-55.8,186.0,53.0,16.0,0.3,-151.3,-81.3,-21.2,-94.7,186.0,79.6,16.0,0.3,-1.25,0.5,2.2,0.26,193.0,1.95,16.0,0.3,-10.6,2.5,20.9,5.0,183.0,20.6,16.0,0.3,-0.16,1.27,3.08,1.36,23.0,1.46,10.0,0.3,-1.2,9.4,40.3,15.6,23.0,17.7,10.0,0.3,-95.4,-54.7,0.0,-54.7,185.0,38.7,16.0,0.3,-137.0,-92.0,-47.8,-92.5,185.0,46.1,16.0,0.3,-72.2,-22.3,0.0,-30.3,23.0,32.8,10.0,0.3,-71.9,-62.1,-45.5,-58.5,23.0,17.9,10.0,0.3,,,,,,,,,,,,,,,,,,,,,,,,,,,,,,,,
1911,2,118.5,38.4,,,,,,,,,,,,,,,,,,,,,,,,,,,,,,,,,1.0,2.6,2.7,2.2,7.0,1.33,22.0,0.3,-0.05,0.0,1.97,0.92,7.0,1.85,22.0,0.3,0.0,1.0,2.6,1.15,7.0,1.2,22.0,0.3,1015.66,1025.55,1036.77,1026.15,6.0,12.04,24.0,0.3,,,,,,,,,,,,,,,,,,,,,,,,,,,,,,,,,,,,,,,,,,,,,,,,,,,,,,,,,,,,,,,,,,,,,,,,,,,,,,,,,,,,,,,,,,,,,,,,,,,,,,,,,,,,,,,,,,,,,,,,
1911,2,118.6,12.5,26.0,26.5,27.23,26.57,18.0,0.6,14.0,0.4,26.03,26.5,27.49,26.73,14.0,0.86,16.0,0.3,16.8,16.8,16.8,16.8,1.0,0.0,20.0,0.0,82.5,82.5,82.5,82.5,1.0,0.0,20.0,0.0,4.81,6.7,15.4,8.59,17.0,4.71,14.0,0.5,-10.89,-4.74,-2.18,-6.0,17.0,3.47,14.0,0.5,-10.89,-4.74,-2.35,-6.04,17.0,3.41,14.0,0.5,1017.5,1017.5,1017.5,1017.5,1.0,0.0,20.0,0.0,,,,,,,,,,,,,,,,,,,,,,,,,,,,,,,,,,,,,,,,,,,,,,,,,,,,,,,,,,,,,,,,,,,,,,,,,,,,,,,,,,,,,,,,,,,,,,,,,,,,,,,,,,,,,,,,,,,,,,,,
1911,2,118.6,16.4,24.4,26.0,26.39,25.41,28.0,1.16,14.0,0.3,23.61,25.7,26.86,25.46,28.0,1.56,14.0,0.3,18.34,19.51,19.66,19.01,3.0,1.06,18.0,0.0,96.8,100.0,100.0,98.4,3.0,2.7,18.0,0.0,,,,,,,,,,,,,,,,,,,,,,,,,,,,,,,,,,,,,,,,,,,,,,,,,,,,,,,,,-1.0,0.0,0.81,-0.05,28.0,1.01,14.0,0.3,-4.9,0.5,7.2,0.8,22.0,9.4,14.0,0.1,-0.09,1.23,1.48,0.71,3.0,1.23,18.0,0.0,-2.7,14.8,20.7,9.1,3.0,17.8,18.0,0.0,,,,,,,,,,,,,,,,,,,,,,,,,,,,,,,,,,,,,,,,,,,,,,,,,,,,,,,,,,,,,,,,
1911,2,118.6,22.7,13.24,15.0,18.9,15.71,73.0,2.6,14.0,0.5,11.29,14.4,16.7,14.13,82.0,2.57,16.0,0.5,8.56,8.71,9.94,9.2,7.0,1.72,14.0,0.4,82.4,88.4,94.4,88.2,7.0,8.3,14.0,0.4,,,,,,,,,,,,,,,,,,,,,,,,,,,,,,,,,,,,,,,,,,,,,,,,,,,,,,,,,-1.06,1.1,3.3,1.2,73.0,2.16,14.0,0.5,-7.2,9.2,40.1,13.9,71.0,24.2,14.0,0.5,0.35,0.83,2.73,1.54,7.0,2.41,14.0,0.4,2.4,5.5,29.9,14.3,7.0,21.8,14.0,0.4,,,,,,,,,,,,,,,,,,,,,,,,,,,,,,,,,,,,,,,,,,,,,,,,,,,,,,,,,,,,,,,,
1911,2,118.6,24.3,,,,,,,,,,,,,,,,,,,,,,,,,,,,,,,,,,,,,,,,,,,,,,,,,,,,,,,,,,,,,,,,,,,,,,,,,,,,,,,,,,,,,,,,,,,,,,,,,,,,,,,,,,,,,,,,,,,,,,,,,,,,,,,,,,,,,,,,,,,,,,,,,,,,,,,,,-9.5,-1.6,0.0,-5.9,23.0,9.5,10.0,0.3,-36.4,-9.4,1.2,-13.0,23.0,16.3,10.0,0.3,170.5,804.5,1861.0,1498.0,186.0,1688.5,16.0,0.3,170.0,805.0,1860.0,1500.0,186.0,1690.0,16.0,0.3
1911,2,118.7,12.5,,,,,,,,,,,,,,,,,,,,,,,,,,,,,,,,,,,,,,,,,,,,,,,,,,,,,,,,,,,,,,,,,2.1,3.5,5.0,3.7,14.0,1.6,14.0,0.5,-167.7,-31.7,-11.5,-66.7,17.0,63.2,14.0,0.5,-167.7,-31.7,-11.1,-66.7,17.0,63.1,14.0,0.5,,,,,,,,,,,,,,,,,,,,,,,,,,,,,,,,,,,,,,,,,,,,,,,,,,,,,,,,,,,,,,,,,,,,,,,,,,,,,,,,,,,,,,,,,,,,,,,,
1911,2,118.7,12.6,,,,,,,,,,,,,,,,,,,,,,,,,,,,,,,,,,,,,,,,,,,,,,,,,,,,,,,,,,,,,,,,,,,,,,,,,,,,,,,,,,,,,,,,,-1.0,-0.25,0.5,-0.34,14.0,0.88,16.0,0.3,-13.6,-3.3,3.4,-5.2,13.0,9.6,16.0,0.3,4.23,4.23,4.23,4.23,1.0,0.0,20.0,0.0,28.4,28.4,28.4,28.4,1.0,0.0,20.0,0.0,-289.6,-174.3,-125.5,-190.3,13.0,87.4,16.0,0.3,-289.6,-174.3,-119.2,-181.3,13.0,96.7,16.0,0.3,-105.8,-105.8,-105.8,-105.8,1.0,0.0,20.0,0.0,-38.5,-38.5,-38.5,-38.5,1.0,0.0,20.0,0.0,,,,,,,,,,,,,,,,,,,,,,,,,,,,,,,,
1911,2,118.7,14.6,25.6,26.2,27.0,26.18,14.0,1.0,12.0,0.5,25.01,25.7,26.67,25.95,14.0,1.1,12.0,0.5,18.03,18.03,18.03,18.03,1.0,0.0,18.0,0.0,91.4,91.4,91.4,91.4,1.0,0.0,18.0,0.0,4.6,6.7,9.8,6.76,14.0,2.91,12.0,0.5,-6.2,-2.1,0.66,-2.26,14.0,3.21,12.0,0.5,-8.89,-4.67,-0.81,-4.83,14.0,4.09,12.0,0.5,1010.68,1012.4,1014.58,1012.96,7.0,2.78,10.0,0.3,2.0,4.0,6.0,4.4,13.0,2.0,12.0,0.5,-41.9,-10.4,0.7,-16.1,14.0,26.5,12.0,0.5,-87.1,-26.5,-1.6,-41.1,14.0,44.8,12.0,0.5,-0.57,0.4,1.17,0.23,14.0,1.03,12.0,0.5,-2.7,2.5,8.0,2.8,14.0,7.2,12.0,0.5,2.45,2.45,2.45,2.45,1.0,0.0,18.0,0.0,16.4,16.4,16.4,16.4,1.0,0.0,18.0,0.0,-151.4,-56.0,18.5,-56.8,14.0,81.3,12.0,0.5,-233.3,-120.5,-22.1,-125.4,14.0,106.0,12.0,0.5,-120.8,-120.8,-120.8,-120.8,1.0,0.0,18.0,0.0,0.0,0.0,0.0,0.0,1.0,0.0,18.0,0.0,,,,,,,,,,,,,,,,,,,,,,,,,,,,,,,,
1911,2,118.9,14.5,,,,,,,,,,,,,,,,,,,,,,,,,,,,,,,,,,,,,,,,,,,,,,,,,,,,,,,,,,,,,,,,,,,,,,,,,,,,,,,,,,,,,,,,,,,,,,,,,,,,,,,,,,,,,,,,,,,,,,,,,,,,,,,,,,,,,,,,,,,,,,,,,,,,,,,,,-16.4,-16.4,-16.4,-16.4,1.0,0.0,18.0,0.0,0.0,0.0,0.0,0.0,1.0,0.0,18.0,0.0,97.5,301.0,941.0,470.0,14.0,520.5,12.0,0.5,95.0,300.0,940.0,470.0,14.0,520.0,12.0,0.5
1911,2,118.9,26.1,,,,,,,,,,,,,,,,,,,,,,,,,,,,,,,,,1.76,4.65,6.7,4.25,4.0,2.9,18.0,0.3,-5.13,-2.57,0.34,-2.41,4.0,3.16,18.0,0.3,-4.31,-3.45,-1.64,-2.99,4.0,1.69,18.0,0.3,1022.93,1027.45,1032.13,1027.53,4.0,5.99,18.0,0.3,,,,,,,,,,,,,,,,,,,,,,,,,,,,,,,,,,,,,,,,,,,,,,,,,,,,,,,,,,,,,,,,,,,,,,,,,,,,,,,,,,,,,,,,,,,,,,,,,,,,,,,,,,,,,,,,,,,,,,,,
1911,2,120.1,12.4,,,,,,,,,,,,,,,,,,,,,,,,,,,,,,,,,,,,,,,,,,,,,,,,,,,,,,,,,,,,,,,,,,,,,,,,,,,,,,,,,,,,,,,,,,,,,,,,,,,,,,,,,,,,,,,,,,,,,,,,,,,,,,,,,,,,,,,,,,,,,,,,,,,,,,,,,-12.5,-7.5,-2.4,-7.5,2.0,10.5,20.0,0.0,-22.9,-16.6,-10.3,-16.6,2.0,13.1,20.0,0.0,17.5,97.5,301.0,173.0,13.0,219.5,16.0,0.4,20.0,95.0,300.0,175.0,13.0,220.0,16.0,0.4
1911,2,120.1,14.1,25.55,26.3,27.0,26.2,23.0,0.77,16.0,0.7,25.25,26.3,27.35,26.2,23.0,1.33,16.0,0.7,18.71,20.48,22.25,20.48,2.0,3.67,20.0,0.5,82.3,87.9,93.4,87.9,2.0,11.5,20.0,0.5,3.27,4.6,6.7,4.9,22.0,2.18,16.0,0.7,-4.33,-2.07,0.0,-1.8,22.0,2.95,16.0,0.7,-4.6,-3.62,-1.8,-3.3,22.0,2.53,16.0,0.7,1013.19,1013.7,1016.4,1013.9,7.0,2.5,12.0,0.7,2.0,2.0,5.8,3.2,21.0,2.0,16.0,0.7,-26.6,-9.4,0.0,-12.9,22.0,25.2,16.0,0.7,-28.9,-16.6,-6.3,-20.5,22.0,22.5,16.0,0.7,-1.1,-0.2,1.15,0.0,23.0,1.26,16.0,0.7,-4.9,-0.3,4.9,-0.1,22.0,6.5,16.0,0.7,0.05,1.32,2.58,1.32,2.0,2.63,20.0,0.5,-0.7,5.5,11.7,5.5,2.0,12.9,20.0,0.5,-111.2,-52.9,0.0,-47.4,22.0,79.4,16.0,0.7,-123.2,-97.3,-47.4,-86.7,22.0,67.7,16.0,0.7,-106.1,-79.8,-53.4,-79.8,2.0,54.6,20.0,0.5,-94.9,-85.3,-75.7,-85.3,2.0,19.9,20.0,0.5,,,,,,,,,,,,,,,,,,,,,,,,,,,,,,,,
1911,2,120.1,18.4,,,,,,,,,,,,,,,,,,,,,,,,,,,,,,,,,5.83,19.0,20.49,14.29,11.0,7.8,14.0,0.4,-14.49,-13.44,-3.01,-9.62,11.0,6.76,14.0,0.4,-14.49,-13.44,-1.87,-9.46,11.0,6.29,14.0,0.4,1016.26,1016.6,1016.94,1016.6,2.0,0.71,6.0,0.0,,,,,,,,,,,,,,,,,,,,,,,,,,,,,,,,,,,,,,,,,,,,,,,,,,,,,,,,,,,,,,,,,,,,,,,,,,,,,,,,,,,,,,,,,,,,,,,,,,,,,,,,,,,,,,,,,,,,,,,,
1911,2,120.2,-41.2,,,,,,,,,,,,,,,,,,,,,,,,,,,,,,,,,2.6,4.6,6.7,4.3,14.0,2.42,8.0,0.4,-4.44,1.41,2.62,0.32,14.0,3.33,8.0,0.4,0.06,2.82,4.74,2.96,14.0,2.27,8.0,0.4,1022.95,1025.0,1025.68,1024.33,3.0,2.08,8.0,0.3,,,,,,,,,,,,,,,,,,,,,,,,,,,,,,,,,,,,,,,,,,,,,,,,,,,,,,,,,,,,,,,,,,,,,,,,,,,,,,,,,,,,,,,,,,,,,,,,,,,,,,,,,,,,,,,,,,,,,,,,
1911,2,120.2,12.5,26.11,26.6,26.79,26.46,14.0,0.56,14.0,0.4,25.63,26.7,27.53,26.46,13.0,1.1,14.0,0.4,17.02,17.84,18.66,17.84,2.0,1.7,20.0,0.0,80.4,83.2,85.9,83.2,2.0,5.7,20.0,0.0,2.6,4.6,6.7,4.71,13.0,2.24,16.0,0.4,-3.26,-1.8,0.31,-0.99,13.0,2.66,16.0,0.4,-5.89,-3.25,0.18,-2.72,13.0,3.59,16.0,0.4,1005.9,1009.0,1014.85,1010.12,5.0,4.55,14.0,0.2,1.0,2.5,7.9,3.6,14.0,3.0,14.0,0.4,-15.7,-4.8,1.4,-5.0,13.0,14.3,16.0,0.4,-39.5,-15.0,0.5,-18.5,13.0,26.9,16.0,0.4,-1.1,0.0,0.78,-0.02,13.0,1.15,14.0,0.4,-5.6,0.0,4.2,0.5,12.0,6.0,14.0,0.4,3.08,3.64,4.19,3.64,2.0,1.15,20.0,0.0,10.9,18.6,26.2,18.6,2.0,15.9,20.0,0.0,-87.9,-36.0,21.7,-22.8,12.0,74.2,14.0,0.4,-156.9,-97.0,11.3,-76.7,12.0,94.2,14.0,0.4,-46.9,-27.9,-8.8,-27.9,2.0,39.4,20.0,0.0,-89.1,-73.0,-57.0,-73.0,2.0,33.3,20.0,0.0,,,,,,,,,,,,,,,,,,,,,,,,,,,,,,,,
1911,2,120.2,14.2,,,,,,,,,,,,,,,,,,,,,,,,,,,,,,,,,,,,,,,,,,,,,,,,,,,,,,,,,,,,,,,,,,,,,,,,,,,,,,,,,,,,,,,,,,,,,,,,,,,,,,,,,,,,,,,,,,,,,,,,,,,,,,,,,,,,,,,,,,,,,,,,,,,,,,,,,-5.7,-2.3,1.2,-2.3,2.0,7.1,20.0,0.5,-10.3,-5.2,0.0,-5.2,2.0,10.6,20.0,0.5,44.0,97.5,301.0,199.0,22.0,382.5,16.0,0.7,45.0,95.0,300.0,200.0,22.0,385.0,16.0,0.7
1911,2,120.3,-45.5,,,,,,,,,,,,,,,,,,,,,,,,,,,,,,,,,4.6,6.7,6.7,6.12,10.0,1.53,16.0,0.7,2.51,3.37,4.68,3.61,10.0,1.5,16.0,0.7,-6.21,-3.03,2.71,-2.14,10.0,4.7,16.0,0.7,1013.7,1013.7,1013.7,1013.7,1.0,0.0,2.0,0.0,,,,,,,,,,,,,,,,,,,,,,,,,,,,,,,,,,,,,,,,,,,,,,,,,,,,,,,,,,,,,,,,,,,,,,,,,,,,,,,,,,,,,,,,,,,,,,,,,,,,,,,,,,,,,,,,,,,,,,,,
1911,2,120.3,24.7,,,,,,,,,,,,,,,,,,,,,,,,,,,,,,,,,,,,,,,,,,,,,,,,,,,,,,,,,,,,,,,,,,,,,,,,,,,,,,,,,,,,,,,,,,,,,,,,,,,,,,,,,,,,,,,,,,,,,,,,,,,,,,,,,,,,,,,,,,,,,,,,,,,,,,,,,-21.0,-8.8,0.0,-10.6,16.0,10.5,14.0,0.2,-36.9,-23.0,-6.7,-23.3,16.0,17.5,14.0,0.2,97.5,804.5,1861.0,1352.0,150.0,2033.5,16.0,0.3,95.0,805.0,1860.0,1350.0,150.0,2035.0,16.0,0.3
1911,2,120.4,-39.7,,,,,,,,,,,,,,,,,,,,,,,,,,,,,,,,,6.7,8.25,9.8,8.25,4.0,1.79,8.0,0.5,-8.63,-6.43,0.23,-4.3,4.0,6.31,8.0,0.5,-4.62,0.53,4.74,0.08,4.0,5.43,8.0,0.5,1025.0,1025.0,1025.0,1025.0,1.0,0.0,8.0,0.0,,,,,,,,,,,,,,,,,,,,,,,,,,,,,,,,,,,,,,,,,,,,,,,,,,,,,,,,,,,,,,,,,,,,,,,,,,,,,,,,,,,,,,,,,,,,,,,,,,,,,,,,,,,,,,,,,,,,,,,,
1911,2,120.4,-35.6,,,,,,,,,,,,,,,,,,,,,,,,,,,,,,,,,2.29,6.7,9.8,6.38,25.0,3.91,14.0,0.3,-9.19,-0.93,0.91,-2.32,25.0,5.44,14.0,0.3,-0.76,2.51,4.74,2.18,25.0,4.19,14.0,0.3,1003.95,1006.0,1008.05,1006.0,2.0,4.24,4.0,1.0,,,,,,,,,,,,,,,,,,,,,,,,,,,,,,,,,,,,,,,,,,,,,,,,,,,,,,,,,,,,,,,,,,,,,,,,,,,,,,,,,,,,,,,,,,,,,,,,,,,,,,,,,,,,,,,,,,,,,,,,
1911,2,120.4,10.3,,,,,,,,,,,,,,,,,,,,,,,,,,,,,,,,,6.7,9.3,10.4,8.86,5.0,2.32,22.0,0.6,-4.93,-3.18,0.0,-2.62,5.0,2.51,22.0,0.6,-10.04,-8.74,-5.83,-8.07,5.0,2.67,22.0,0.6,1008.91,1013.0,1014.1,1011.58,4.0,4.36,18.0,0.5,,,,,,,,,,,,,,,,,,,,,,,,,,,,,,,,,,,,,,,,,,,,,,,,,,,,,,,,,,,,,,,,,,,,,,,,,,,,,,,,,,,,,,,,,,,,,,,,,,,,,,,,,,,,,,,,,,,,,,,,
1911,2,120.4,20.7,,,,,,,,,,,,,,,,,,,,,,,,,,,,,,,,,4.31,6.7,9.37,7.37,19.0,3.9,8.0,0.2,-6.76,-3.18,1.76,-2.99,19.0,4.43,8.0,0.2,-8.89,-5.8,0.0,-5.01,19.0,4.13,8.0,0.2,1017.46,1018.1,1025.4,1019.57,13.0,4.12,8.0,0.2,,,,,,,,,,,,,,,,,,,,,,,,,,,,,,,,,,,,,,,,,,,,,,,,,,,,,,,,,,,,,,,,,,,,,,,,,,,,,,,,,,,,,,,,,,,,,,,,,,,,,,,,,,,,,,,,,,,,,,,,
1911,2,120.4,22.4,,,,,,,,,,,,,,,,,,,,,,,,,,,,,,,,,2.6,6.7,9.64,6.6,66.0,3.47,14.0,0.4,-4.21,-1.57,0.98,-1.42,66.0,2.95,14.0,0.4,-8.98,-6.14,-1.91,-5.6,66.0,3.7,14.0,0.4,1018.58,1024.2,1029.7,1023.95,63.0,4.93,14.0,0.4,,,,,,,,,,,,,,,,,,,,,,,,,,,,,,,,,,,,,,,,,,,,,,,,,,,,,,,,,-77.6,-29.3,17.6,-30.3,65.0,58.2,14.0,0.4,-188.8,-113.5,-36.4,-108.3,65.0,75.2,14.0,0.4,-15.5,0.0,0.0,-7.4,4.0,14.8,14.0,0.5,-136.0,-118.5,-65.6,-101.6,4.0,53.0,14.0,0.5,,,,,,,,,,,,,,,,,,,,,,,,,,,,,,,,
1911,2,120.5,10.2,,,,,,,,,,,,,,,,,,,,,,,,,,,,,,,,,,,,,,,,,,,,,,,,,,,,,,,,,,,,,,,,,5.0,7.5,8.0,6.3,6.0,2.7,20.0,0.5,-43.4,-29.6,0.0,-24.6,5.0,25.1,22.0,0.6,-105.8,-81.3,-39.0,-76.2,5.0,42.8,22.0,0.6,,,,,,,,,,,,,,,,,,,,,,,,,,,,,,,,,,,,,,,,,,,,,,,,,,,,,,,,,,,,,,,,,,,,,,,,,,,,,,,,,,,,,,,,,,,,,,,,
1911,2,120.5,22.3,,,,,,,,,,,,,,,,,,,,,,,,,,,,,,,,,,,,,,,,,,,,,,,,,,,,,,,,,,,,,,,,,,,,,,,,,,,,,,,,,,,,,,,,,,,,,,,,,,,,,,,,,,,,,,,,,,,,,,,,,,,,,,,,,,,,,,,,,,,,,,,,,,,,,,,,,-1.8,0.0,0.0,-0.9,4.0,1.7,14.0,0.5,-17.0,-6.6,-2.1,-9.4,4.0,10.0,14.0,0.5,17.5,301.0,898.0,529.0,66.0,630.0,14.0,0.4,20.0,300.0,900.0,530.0,66.0,630.0,14.0,0.4
1911,2,120.5,22.4,20.09,22.2,23.81,22.11,65.0,1.78,14.0,0.4,16.78,20.0,22.2,19.49,65.0,2.73,14.0,0.4,14.22,15.21,16.03,15.13,4.0,1.2,14.0,0.5,88.4,95.5,98.0,93.3,4.0,7.8,14.0,0.5,,,,,,,,,,,,,,,,,,,,,,,,,,,,,,,,,2.0,5.0,8.0,4.6,64.0,2.4,14.0,0.4,-34.4,-6.2,1.9,-13.5,66.0,29.8,14.0,0.4,-88.2,-42.2,-5.0,-48.7,66.0,45.5,14.0,0.4,0.6,2.5,4.4,2.58,64.0,2.02,14.0,0.4,2.9,12.2,30.2,15.6,64.0,13.3,14.0,0.4,0.63,1.42,2.14,1.39,4.0,0.98,14.0,0.5,2.9,7.4,17.0,9.8,4.0,9.6,14.0,0.5,,,,,,,,,,,,,,,,,,,,,,,,,,,,,,,,,,,,,,,,,,,,,,,,,,,,,,,,,,,,,,,,
1911,2,120.5,24.5,12.36,15.0,20.6,16.02,143.0,3.61,16.0,0.3,10.62,14.4,17.8,14.63,153.0,3.68,16.0,0.3,6.28,7.99,11.37,8.42,16.0,2.5,14.0,0.2,77.2,81.3,94.6,83.6,16.0,10.9,14.0,0.2,,,,,,,,,,,,,,,,,,,,,,,,,,,,,,,,,3.0,8.0,8.0,6.2,146.0,2.3,16.0,0.3,-97.7,-34.4,-0.2,-48.9,150.0,53.0,16.0,0.3,-142.2,-55.6,-13.6,-83.0,150.0,90.2,16.0,0.3,-1.1,1.1,2.8,1.13,143.0,2.41,16.0,0.3,-6.9,6.9,29.8,12.0,142.0,23.2,16.0,0.3,0.8,2.69,3.48,2.22,16.0,1.37,14.0,0.2,8.7,25.5,46.3,26.4,16.0,19.3,14.0,0.2,,,,,,,,,,,,,,,,,,,,,,,,,,,,,,,,,,,,,,,,,,,,,,,,,,,,,,,,,,,,,,,,
1911,2,120.5,24.6,,,,,,,,,,,,,,,,,,,,,,,,,,,,,,,,,4.6,9.3,12.3,9.14,150.0,4.41,16.0,0.3,-7.12,-4.21,-0.22,-4.31,150.0,3.38,16.0,0.3,-11.56,-6.3,-2.96,-7.03,150.0,4.86,16.0,0.3,1018.1,1023.2,1028.3,1022.84,144.0,5.06,16.0,0.3,,,,,,,,,,,,,,,,,,,,,,,,,,,,,,,,,,,,,,,,,,,,,,,,,,,,,,,,,-106.5,-59.2,-4.6,-59.6,150.0,50.3,16.0,0.3,-147.9,-93.3,-48.1,-92.1,150.0,64.8,16.0,0.3,-57.5,-32.8,-5.5,-37.8,16.0,42.3,14.0,0.2,-94.3,-74.2,-56.2,-81.9,16.0,33.9,14.0,0.2,,,,,,,,,,,,,,,,,,,,,,,,,,,,,,,,
1911,2,120.5,26.4,10.0,12.8,15.6,12.79,118.0,2.66,16.0,0.4,7.8,10.0,13.3,10.52,121.0,2.85,16.0,0.4,5.33,6.77,9.05,7.05,23.0,2.04,10.0,0.4,71.0,86.1,93.5,82.2,23.0,12.5,10.0,0.4,6.7,9.3,12.3,9.51,121.0,3.74,16.0,0.4,-6.02,-3.18,0.0,-3.19,121.0,3.13,16.0,0.4,-11.56,-8.7,-4.6,-8.37,121.0,3.81,16.0,0.4,1018.76,1025.4,1030.7,1024.8,101.0,5.14,16.0,0.4,5.0,8.0,8.0,6.9,94.0,2.2,16.0,0.4,-66.3,-29.6,0.0,-35.7,121.0,41.5,16.0,0.4,-148.7,-81.3,-29.0,-92.8,121.0,71.9,16.0,0.4,-0.5,2.2,5.0,2.22,118.0,2.41,16.0,0.4,-2.5,18.6,61.5,25.1,118.0,28.8,16.0,0.4,0.92,2.65,4.24,2.69,23.0,1.63,10.0,0.4,6.2,24.7,48.9,26.9,23.0,19.5,10.0,0.4,-60.2,-33.7,0.0,-32.7,121.0,33.6,16.0,0.4,-123.6,-93.0,-42.6,-86.1,121.0,40.3,16.0,0.4,-34.5,-20.1,0.0,-21.5,23.0,21.9,10.0,0.4,-70.7,-59.1,-41.9,-57.3,23.0,15.8,10.0,0.4,,,,,,,,,,,,,,,,,,,,,,,,,,,,,,,,
1911,2,120.5,34.5,,,,,,,,,,,,,,,,,,,,,,,,,,,,,,,,,1.1,2.6,6.57,3.68,14.0,2.57,18.0,0.1,-0.94,0.0,1.84,0.58,14.0,2.64,18.0,0.1,-4.73,-1.3,1.72,-1.87,14.0,3.18,18.0,0.1,1024.27,1028.4,1031.76,1028.65,8.0,3.84,16.0,0.1,,,,,,,,,,,,,,,,,,,,,,,,,,,,,,,,,,,,,,,,,,,,,,,,,,,,,,,,,,,,,,,,,,,,,,,,,,,,,,,,,,,,,,,,,,,,,,,,,,,,,,,,,,,,,,,,,,,,,,,,
1911,2,120.6,10.3,25.02,25.6,26.32,25.6,5.0,1.0,20.0,0.6,26.1,26.4,26.7,26.4,4.0,0.35,18.0,0.5,18.13,18.39,18.85,18.49,3.0,0.53,22.0,0.7,84.1,87.2,87.2,85.7,3.0,2.6,22.0,0.7,,,,,,,,,,,,,,,,,,,,,,,,,,,,,,,,,,,,,,,,,,,,,,,,,,,,,,,,,,,,,,,,,,,,,,,,,,,,,,,,,,,,,,,,,,,,,,,,,,,,,,,,,,,,,,,,,,,,,,,,,,,,,,,,,,,,,,,,,,,,,,,,,,,,,,,,
1911,2,120.6,26.4,,,,,,,,,,,,,,,,,,,,,,,,,,,,,,,,,,,,,,,,,,,,,,,,,,,,,,,,,,,,,,,,,,,,,,,,,,,,,,,,,,,,,,,,,,,,,,,,,,,,,,,,,,,,,,,,,,,,,,,,,,,,,,,,,,,,,,,,,,,,,,,,,,,,,,,,,-17.9,-6.9,0.0,-8.1,23.0,9.2,10.0,0.4,-46.9,-22.0,-5.0,-25.0,23.0,18.1,10.0,0.4,301.0,804.5,1861.0,1268.0,121.0,1379.5,16.0,0.4,300.0,805.0,1860.0,1270.0,121.0,1380.0,16.0,0.4
1911,2,120.6,38.4,,,,,,,,,,,,,,,,,,,,,,,,,,,,,,,,,1.0,2.6,4.74,3.28,51.0,2.8,18.0,0.3,-1.59,0.0,1.69,0.2,51.0,2.19,18.0,0.3,-4.63,-0.94,0.05,-1.94,51.0,3.19,18.0,0.3,1029.97,1034.5,1037.57,1033.61,43.0,4.65,20.0,0.3,,,,,,,,,,,,,,,,,,,,,,,,,,,,,,,,,,,,,,,,,,,,,,,,,,,,,,,,,,,,,,,,,,,,,,,,,,,,,,,,,,,,,,,,,,,,,,,,,,,,,,,,,,,,,,,,,,,,,,,,
1911,2,120.7,10.4,,,,,,,,,,,,,,,,,,,,,,,,,,,,,,,,,,,,,,,,,,,,,,,,,,,,,,,,,,,,,,,,,,,,,,,,,,,,,,,,,,,,,,,,,-0.55,-0.5,-0.24,-0.4,4.0,0.27,18.0,0.5,-4.4,-4.0,-1.3,-2.9,3.0,2.5,22.0,0.7,2.08,2.12,3.29,2.67,3.0,1.01,22.0,0.7,15.7,19.7,23.8,19.7,3.0,6.0,22.0,0.7,,,,,,,,,,,,,,,,,,,,,,,,,,,,,,,,,,,,,,,,,,,,,,,,,,,,,,,,,,,,,,,,
1911,2,120.7,10.5,,,,,,,,,,,,,,,,,,,,,,,,,,,,,,,,,,,,,,,,,,,,,,,,,,,,,,,,,,,,,,,,,,,,,,,,,,,,,,,,,,,,,,,,,,,,,,,,,,,,,,,,,,,,,,,,,,,,,,,,,-119.9,-83.0,-26.4,-73.4,3.0,69.0,22.0,0.7,-212.5,-178.9,-135.3,-174.0,3.0,56.7,22.0,0.7,-81.7,-58.5,-18.6,-50.3,3.0,46.8,22.0,0.7,-150.2,-127.8,-93.5,-122.0,3.0,41.8,22.0,0.7,-15.6,-6.7,-2.1,-8.8,3.0,10.0,22.0,0.7,-17.9,-16.5,-14.7,-16.3,3.0,2.4,22.0,0.7,301.0,804.5,1190.0,814.0,5.0,637.0,22.0,0.6,300.0,805.0,1190.0,815.0,5.0,635.0,22.0,0.6
1911,2,120.7,36.7,,,,,,,,,,,,,,,,,,,,,,,,,,,,,,,,,2.52,2.6,2.7,2.66,7.0,1.04,20.0,0.3,-0.85,0.0,0.97,0.02,7.0,1.58,20.0,0.3,-2.7,-2.44,0.0,-1.84,7.0,1.7,20.0,0.3,1020.46,1034.95,1037.86,1030.82,6.0,8.89,20.0,0.3,,,,,,,,,,,,,,,,,,,,,,,,,,,,,,,,,,,,,,,,,,,,,,,,,,,,,,,,,,,,,,,,,,,,,,,,,,,,,,,,,,,,,,,,,,,,,,,,,,,,,,,,,,,,,,,,,,,,,,,,
1911,2,120.8,8.4,,,,,,,,,,,,,,,,,,,,,,,,,,,,,,,,,,,,,,,,,,,,,,,,,,,,,,,,,,,,,,,,,,,,,,,,,,,,,,,,,,,,,,,,,,,,,,,,,,,,,,,,,,,,,,,,,,,,,,,,,,,,,,,,,,,,,,,,,,,,,,,,,,,,,,,,,0.0,0.0,0.0,0.0,2.0,0.0,22.0,0.0,-17.4,-15.3,-13.2,-15.3,2.0,4.3,22.0,0.0,301.0,301.0,644.5,468.5,3.0,291.0,16.0,0.0,300.0,300.0,645.0,470.0,3.0,290.0,16.0,0.0
1911,2,120.8,28.1,,,,,,,,,,,,,,,,,,,,,,,,,,,,,,,,,4.73,6.7,9.3,7.29,14.0,3.0,18.0,0.7,-2.62,-1.15,0.0,-1.64,14.0,2.54,18.0,0.7,-9.14,-6.3,-4.69,-6.62,14.0,3.09,18.0,0.7,1023.62,1027.1,1031.32,1026.78,14.0,4.77,20.0,0.7,,,,,,,,,,,,,,,,,,,,,,,,,,,,,,,,,,,,,,,,,,,,,,,,,,,,,,,,,-31.4,-7.7,0.0,-14.4,14.0,21.3,18.0,0.7,-73.2,-54.5,-42.5,-57.1,14.0,28.7,18.0,0.7,0.0,0.0,0.0,0.0,1.0,0.0,12.0,0.0,-43.7,-43.7,-43.7,-43.7,1.0,0.0,12.0,0.0,,,,,,,,,,,,,,,,,,,,,,,,,,,,,,,,
1911,2,120.8,30.6,5.6,7.2,11.1,8.2,54.0,2.79,12.0,0.4,3.9,6.7,8.68,6.76,60.0,3.42,12.0,0.5,3.46,4.6,5.74,4.6,2.0,2.36,16.0,0.5,57.0,74.4,91.9,74.4,2.0,36.2,16.0,0.5,1.0,2.6,4.6,2.64,57.0,1.94,12.0,0.5,-1.86,0.0,0.54,-0.24,57.0,1.78,12.0,0.5,-4.02,-1.0,0.71,-1.54,57.0,2.28,12.0,0.5,1024.41,1031.5,1034.1,1029.61,56.0,5.45,12.0,0.4,1.0,6.0,8.0,4.8,60.0,3.1,12.0,0.5,-5.2,0.0,1.4,0.3,57.0,8.0,12.0,0.5,-18.5,-1.0,0.7,-7.6,57.0,12.9,12.0,0.5,-1.1,1.35,3.36,1.21,54.0,2.39,12.0,0.4,-2.8,2.8,7.4,2.4,52.0,6.0,12.0,0.4,0.64,1.45,2.26,1.45,2.0,1.68,16.0,0.5,2.5,6.4,10.3,6.4,2.0,8.1,16.0,0.5,-12.2,0.0,2.0,-2.3,57.0,10.5,12.0,0.5,-23.1,-4.6,5.6,-7.3,57.0,15.1,12.0,0.5,-7.4,-0.9,5.6,-0.9,2.0,13.5,16.0,0.5,-6.7,1.1,8.9,1.1,2.0,16.1,16.0,0.5,0.9,3.7,6.5,3.7,2.0,5.8,16.0,0.5,-7.7,-4.4,-1.0,-4.4,2.0,6.9,16.0,0.5,1.0,17.5,97.5,52.0,57.0,86.0,12.0,0.5,0.0,20.0,95.0,50.0,57.0,85.0,12.0,0.5
1911,2,120.8,32.8,,,,,,,,,,,,,,,,,,,,,,,,,,,,,,,,,2.14,4.6,6.03,4.1,3.0,2.88,18.0,0.7,-2.01,-0.71,2.69,0.31,3.0,3.55,18.0,0.7,-4.43,-0.71,0.95,-1.72,3.0,4.04,18.0,0.7,1028.2,1028.2,1028.2,1028.2,1.0,0.0,14.0,1.0,,,,,,,,,,,,,,,,,,,,,,,,,,,,,,,,,,,,,,,,,,,,,,,,,,,,,,,,,,,,,,,,,,,,,,,,,,,,,,,,,,,,,,,,,,,,,,,,,,,,,,,,,,,,,,,,,,,,,,,,
1911,2,120.9,6.8,26.7,26.7,26.7,26.7,2.0,0.0,14.0,1.0,26.7,26.7,26.7,26.7,2.0,0.0,14.0,1.0,19.07,19.07,19.07,19.07,1.0,0.0,22.0,1.0,87.2,87.2,87.2,87.2,1.0,0.0,22.0,1.0,6.7,6.7,6.7,6.7,1.0,0.0,22.0,1.0,0.0,0.0,0.0,0.0,1.0,0.0,22.0,1.0,-6.7,-6.7,-6.7,-6.7,1.0,0.0,22.0,1.0,1005.09,1008.3,1011.51,1008.3,2.0,6.65,14.0,1.0,5.5,6.5,7.5,6.5,2.0,2.1,14.0,1.0,0.0,0.0,0.0,0.0,1.0,0.0,22.0,1.0,-44.9,-44.9,-44.9,-44.9,1.0,0.0,22.0,1.0,0.0,0.0,0.0,0.0,2.0,0.0,14.0,1.0,0.0,0.0,0.0,0.0,1.0,0.0,22.0,1.0,2.83,2.83,2.83,2.83,1.0,0.0,22.0,1.0,19.0,19.0,19.0,19.0,1.0,0.0,22.0,1.0,0.0,0.0,0.0,0.0,1.0,0.0,22.0,1.0,-178.9,-178.9,-178.9,-178.9,1.0,0.0,22.0,1.0,0.0,0.0,0.0,0.0,1.0,0.0,22.0,1.0,-127.8,-127.8,-127.8,-127.8,1.0,0.0,22.0,1.0,0.0,0.0,0.0,0.0,1.0,0.0,22.0,1.0,-19.0,-19.0,-19.0,-19.0,1.0,0.0,22.0,1.0,301.0,301.0,301.0,301.0,1.0,0.0,22.0,1.0,300.0,300.0,300.0,300.0,1.0,0.0,22.0,1.0
1911,2,120.9,8.3,,,,,,,,,,,,,,,,,,,,,,,,,,,,,,,,,6.7,6.7,8.47,7.57,3.0,1.5,16.0,0.0,-5.97,0.0,0.0,-2.91,3.0,5.05,16.0,0.0,-6.7,-6.7,-4.3,-5.53,3.0,2.03,16.0,0.0,1005.04,1009.85,1013.92,1009.5,4.0,5.19,14.0,0.0,,,,,,,,,,,,,,,,,,,,,,,,,,,,,,,,,,,,,,,,,,,,,,,,,,,,,,,,,-159.3,0.0,0.0,-77.8,3.0,134.7,16.0,0.0,-174.9,-174.9,-113.5,-144.9,3.0,51.9,16.0,0.0,0.0,0.0,0.0,0.0,2.0,0.0,22.0,0.0,-128.2,-126.1,-124.1,-126.1,2.0,4.2,22.0,0.0,,,,,,,,,,,,,,,,,,,,,,,,,,,,,,,,
1911,2,120.9,8.4,26.1,26.1,26.41,26.25,4.0,0.3,14.0,0.0,26.1,26.4,26.7,26.4,4.0,0.35,14.0,0.0,18.52,18.83,19.13,18.83,2.0,0.63,22.0,0.0,87.8,89.3,90.8,89.3,2.0,3.0,22.0,0.0,,,,,,,,,,,,,,,,,,,,,,,,,,,,,,,,,4.4,7.5,8.0,6.3,4.0,2.9,14.0,0.0,-55.5,0.0,0.0,-27.1,3.0,46.9,16.0,0.0,-44.9,-44.9,-34.4,-39.8,3.0,8.8,16.0,0.0,-0.31,0.0,0.0,-0.15,4.0,0.3,14.0,0.0,0.0,0.0,0.0,0.0,3.0,0.0,16.0,0.0,1.97,2.28,2.6,2.28,2.0,0.65,22.0,0.0,13.2,15.3,17.4,15.3,2.0,4.3,22.0,0.0,,,,,,,,,,,,,,,,,,,,,,,,,,,,,,,,,,,,,,,,,,,,,,,,,,,,,,,,,,,,,,,,
1911,2,120.9,28.1,8.51,10.0,13.12,10.45,15.0,2.75,18.0,0.7,7.31,8.6,12.2,9.32,15.0,2.92,18.0,0.7,9.49,9.49,9.49,9.49,1.0,0.0,12.0,0.0,94.3,94.3,94.3,94.3,1.0,0.0,12.0,0.0,,,,,,,,,,,,,,,,,,,,,,,,,,,,,,,,,2.0,6.0,8.0,5.1,13.0,2.5,20.0,0.7,-17.4,-3.4,0.0,-15.3,14.0,29.1,18.0,0.7,-84.5,-42.2,-22.4,-56.4,14.0,51.9,18.0,0.7,-0.5,1.1,2.92,1.13,15.0,2.15,18.0,0.7,-2.2,6.0,21.7,14.1,14.0,28.4,18.0,0.7,0.57,0.57,0.57,0.57,1.0,0.0,12.0,0.0,2.6,2.6,2.6,2.6,1.0,0.0,12.0,0.0,,,,,,,,,,,,,,,,,,,,,,,,,,,,,,,,,0.0,0.0,0.0,0.0,1.0,0.0,12.0,0.0,-2.6,-2.6,-2.6,-2.6,1.0,0.0,12.0,0.0,110.0,301.0,804.5,599.0,14.0,916.0,18.0,0.7,110.0,300.0,805.0,600.0,14.0,915.0,18.0,0.7
1911,2,122.0,6.4,,,,,,,,,,,,,,,,,,,,,,,,,,,,,,,,,,,,,,,,,,,,,,,,,,,,,,,,,,,,,,,,,,,,,,,,,,,,,,,,,,,,,,,,,,,,,,,,,,,,,,,,,,,,,,,,,,,,,,,,,-36.8,15.4,67.7,15.4,2.0,108.2,16.0,1.0,31.0,49.7,68.5,49.7,2.0,38.8,16.0,1.0,64.8,64.8,64.8,64.8,1.0,0.0,22.0,1.0,54.3,54.3,54.3,54.3,1.0,0.0,22.0,1.0,12.4,12.4,12.4,12.4,1.0,0.0,22.0,1.0,10.4,10.4,10.4,10.4,1.0,0.0,22.0,1.0,6.5,17.5,72.0,38.5,3.0,51.5,12.0,1.0,5.0,20.0,70.0,40.0,3.0,50.0,12.0,1.0
1911,2,122.1,6.2,26.7,26.7,27.28,26.98,4.0,0.55,14.0,1.0,25.35,26.1,27.6,26.47,3.0,1.68,18.0,1.0,18.69,19.34,20.0,19.34,2.0,1.36,22.0,1.0,84.8,85.7,86.7,85.7,2.0,2.0,22.0,1.0,,,,,,,,,,,,,,,,,,,,,,,,,,,,,,,,,6.0,7.0,8.0,7.0,4.0,1.2,14.0,1.0,-4.2,0.5,11.2,3.5,3.0,11.6,12.0,1.0,0.1,2.3,10.0,5.0,3.0,7.6,12.0,1.0,,,,,,,,,,,,,,,,,,,,,,,,,,,,,,,,,,,,,,,,,,,,,,,,,,,,,,,,,,,,,,,,,,,,,,,,,,,,,,,,,,,,,,,,,,,,,,,,
1911,2,122.1,6.3,,,,,,,,,,,,,,,,,,,,,,,,,,,,,,,,,1.51,2.6,3.97,2.73,3.0,1.8,12.0,1.0,-1.51,0.5,2.56,0.53,3.0,2.98,12.0,1.0,-0.31,0.89,2.3,0.99,3.0,1.91,12.0,1.0,1005.87,1008.65,1012.11,1008.98,4.0,3.76,14.0,1.0,,,,,,,,,,,,,,,,,,,,,,,,,-0.15,0.6,1.35,0.6,3.0,1.1,18.0,1.0,3.0,3.6,4.2,3.6,2.0,1.2,16.0,1.0,3.19,3.32,3.45,3.32,2.0,0.27,22.0,1.0,16.2,16.2,16.2,16.2,1.0,0.0,22.0,1.0,,,,,,,,,,,,,,,,,,,,,,,,,,,,,,,,,,,,,,,,,,,,,,,,,,,,,,,,,,,,,,,,
1911,2,122.1,24.8,18.3,21.1,22.2,20.4,33.0,2.11,14.0,0.4,14.4,17.8,20.0,17.53,34.0,2.66,14.0,0.4,10.23,10.95,12.61,10.97,8.0,1.62,14.0,0.3,82.5,90.7,94.3,88.3,8.0,8.2,14.0,0.3,4.6,9.3,12.3,8.29,34.0,3.37,14.0,0.4,-9.39,-4.4,-2.06,-5.03,34.0,3.31,14.0,0.4,-8.74,-5.98,-0.21,-5.4,34.0,3.89,14.0,0.4,1019.1,1024.2,1029.98,1023.97,33.0,5.27,14.0,0.4,6.0,8.0,8.0,7.2,34.0,1.1,14.0,0.4,-108.9,-42.2,-6.6,-48.4,34.0,44.4,14.0,0.4,-97.2,-50.2,-0.5,-54.1,34.0,49.5,14.0,0.4,0.52,2.8,4.95,2.69,33.0,2.4,14.0,0.4,3.4,17.5,47.6,22.6,33.0,23.9,14.0,0.4,1.56,3.33,5.92,3.46,8.0,2.08,14.0,0.3,15.0,26.7,50.0,33.1,8.0,24.7,14.0,0.3,-154.9,-71.6,-33.7,-89.6,34.0,62.7,14.0,0.4,-159.0,-104.3,-3.8,-89.8,34.0,66.9,14.0,0.4,-119.8,-100.0,-57.4,-91.4,8.0,39.6,14.0,0.3,-91.5,-63.9,-11.0,-58.4,8.0,44.9,14.0,0.3,,,,,,,,,,,,,,,,,,,,,,,,,,,,,,,,
1911,2,122.2,32.4,,,,,,,,,,,,,,,,,,,,,,,,,,,,,,,,,2.12,4.6,6.7,4.54,18.0,2.25,12.0,0.6,-2.61,0.0,2.73,0.34,18.0,2.52,12.0,0.6,-6.21,-4.25,0.0,-3.52,18.0,2.7,12.0,0.6,1024.82,1027.9,1029.95,1027.1,5.0,4.13,16.0,0.8,,,,,,,,,,,,,,,,,,,,,,,,,,,,,,,,,,,,,,,,,,,,,,,,,,,,,,,,,,,,,,,,,,,,,,,,,,,,,,,,,,,,,,,,,,,,,,,,,,,,,,,,,,,,,,,,,,,,,,,,
1911,2,122.2,38.2,,,,,,,,,,,,,,,,,,,,,,,,,,,,,,,,,2.6,4.6,9.3,5.6,37.0,3.95,12.0,0.5,-0.18,0.64,5.0,1.87,37.0,3.35,12.0,0.5,-7.75,-3.52,1.72,-3.32,37.0,4.66,12.0,0.5,1017.93,1028.3,1036.64,1027.96,35.0,8.01,12.0,0.5,,,,,,,,,,,,,,,,,,,,,,,,,,,,,,,,,,,,,,,,,,,,,,,,,,,,,,,,,,,,,,,,,,,,,,,,,,,,,,,,,,,,,,,,,,,,,,,,,,,,,,,,,,,,,,,,,,,,,,,,
1911,2,122.3,-45.4,,,,,,,,,,,,,,,,,,,,,,,,,,,,,,,,,4.36,6.7,6.7,5.88,10.0,1.73,14.0,0.5,2.44,4.74,6.26,4.47,10.0,1.85,14.0,0.5,-4.53,-0.51,3.78,-0.23,10.0,3.96,14.0,0.5,1019.35,1019.9,1020.45,1019.9,2.0,1.13,2.0,1.0,,,,,,,,,,,,,,,,,,,,,,,,,,,,,,,,,,,,,,,,,,,,,,,,,,,,,,,,,,,,,,,,,,,,,,,,,,,,,,,,,,,,,,,,,,,,,,,,,,,,,,,,,,,,,,,,,,,,,,,,
1911,2,122.3,-39.5,,,,,,,,,,,,,,,,,,,,,,,,,,,,,,,,,5.66,6.7,7.49,6.61,12.0,2.86,10.0,0.6,-5.84,-0.9,4.74,-1.12,12.0,5.63,10.0,0.6,-4.64,2.02,5.11,0.92,12.0,4.67,10.0,0.6,1025.48,1026.0,1026.52,1026.0,4.0,0.82,8.0,0.8,,,,,,,,,,,,,,,,,,,,,,,,,,,,,,,,,,,,,,,,,,,,,,,,,,,,,,,,,,,,,,,,,,,,,,,,,,,,,,,,,,,,,,,,,,,,,,,,,,,,,,,,,,,,,,,,,,,,,,,,
1911,2,122.3,-35.6,,,,,,,,,,,,,,,,,,,,,,,,,,,,,,,,,2.6,5.65,9.32,6.13,26.0,3.73,14.0,0.4,-6.23,-1.78,3.3,-1.66,26.0,4.61,14.0,0.4,-1.86,0.9,4.8,1.81,26.0,5.05,14.0,0.4,1003.16,1003.5,1003.84,1003.5,2.0,0.71,4.0,0.0,,,,,,,,,,,,,,,,,,,,,,,,,,,,,,,,,,,,,,,,,,,,,,,,,,,,,,,,,,,,,,,,,,,,,,,,,,,,,,,,,,,,,,,,,,,,,,,,,,,,,,,,,,,,,,,,,,,,,,,,
1911,2,122.3,24.8,,,,,,,,,,,,,,,,,,,,,,,,,,,,,,,,,,,,,,,,,,,,,,,,,,,,,,,,,,,,,,,,,,,,,,,,,,,,,,,,,,,,,,,,,,,,,,,,,,,,,,,,,,,,,,,,,,,,,,,,,,,,,,,,,,,,,,,,,,,,,,,,,,,,,,,,,-38.3,-21.0,-13.9,-26.3,8.0,18.1,14.0,0.3,-32.1,-17.1,-5.1,-19.6,8.0,17.6,14.0,0.3,97.5,804.5,1861.0,845.0,34.0,841.5,14.0,0.4,95.0,805.0,1860.0,845.0,34.0,840.0,14.0,0.4
1911,2,122.3,28.5,8.9,10.6,14.91,11.53,92.0,2.7,14.0,0.3,5.88,8.9,11.1,8.91,91.0,2.98,14.0,0.3,3.33,6.48,7.84,6.03,21.0,1.88,12.0,0.3,58.2,80.1,98.6,77.3,21.0,16.6,12.0,0.3,4.6,6.7,9.3,7.01,94.0,2.94,14.0,0.3,-3.55,0.0,0.0,-1.22,94.0,2.38,14.0,0.3,-9.3,-6.3,-2.58,-6.32,94.0,3.29,14.0,0.3,1018.14,1025.9,1031.49,1025.26,77.0,6.07,16.0,0.3,,,,,,,,,,,,,,,,,,,,,,,,,-0.1,2.9,4.5,2.48,88.0,2.19,14.0,0.3,-0.5,18.1,34.1,19.5,87.0,19.5,14.0,0.3,2.52,3.24,4.33,3.35,21.0,1.14,12.0,0.3,13.9,20.0,37.7,23.4,21.0,12.6,12.0,0.3,-37.1,0.0,0.0,-13.2,90.0,26.7,14.0,0.3,-92.0,-48.0,-27.6,-54.4,90.0,30.1,14.0,0.3,-25.2,0.0,7.9,-6.9,21.0,20.7,12.0,0.3,-39.4,-29.7,-16.2,-32.2,21.0,17.0,12.0,0.3,,,,,,,,,,,,,,,,,,,,,,,,,,,,,,,,
1911,2,122.3,30.5,,,,,,,,,,,,,,,,,,,,,,,,,,,,,,,,,,,,,,,,,,,,,,,,,,,,,,,,,,,,,,,,,,,,,,,,,,,,,,,,,,,,,,,,,,,,,,,,,,,,,,,,,,,,,,,,,,,,,,,,,,,,,,,,,,,,,,,,,,,,,,,,,,,,,,,,,-0.7,0.4,4.6,2.0,18.0,4.9,8.0,0.3,-9.0,-0.6,0.0,-3.1,18.0,5.8,8.0,0.3,17.5,97.5,301.0,186.0,175.0,300.0,14.0,0.3,20.0,95.0,300.0,185.0,175.0,300.0,14.0,0.3
1911,2,122.4,28.4,,,,,,,,,,,,,,,,,,,,,,,,,,,,,,,,,,,,,,,,,,,,,,,,,,,,,,,,,,,,,,,,,,,,,,,,,,,,,,,,,,,,,,,,,,,,,,,,,,,,,,,,,,,,,,,,,,,,,,,,,,,,,,,,,,,,,,,,,,,,,,,,,,,,,,,,,-14.5,0.0,7.3,-3.8,21.0,10.3,12.0,0.3,-37.3,-17.7,-7.1,-20.2,21.0,13.7,12.0,0.3,97.5,301.0,804.5,529.5,94.0,639.5,14.0,0.3,95.0,300.0,805.0,530.0,94.0,640.0,14.0,0.3
1911,2,122.4,28.5,,,,,,,,,,,,,,,,,,,,,,,,,,,,,,,,,,,,,,,,,,,,,,,,,,,,,,,,,,,,,,,,,3.0,8.0,8.0,6.4,70.0,2.3,16.0,0.3,-29.6,0.0,0.0,-8.7,94.0,17.8,14.0,0.3,-86.5,-42.2,-13.6,-53.2,94.0,46.2,14.0,0.3,,,,,,,,,,,,,,,,,,,,,,,,,,,,,,,,,,,,,,,,,,,,,,,,,,,,,,,,,,,,,,,,,,,,,,,,,,,,,,,,,,,,,,,,,,,,,,,,
1911,2,122.4,30.5,6.1,8.25,10.6,8.39,164.0,2.25,14.0,0.3,4.4,6.9,9.4,7.0,178.0,2.88,14.0,0.3,3.03,4.46,6.4,4.77,18.0,1.71,8.0,0.3,55.0,73.0,95.4,74.6,18.0,17.5,8.0,0.3,2.6,4.6,6.7,4.52,175.0,2.5,14.0,0.3,-2.96,0.0,1.67,-0.62,175.0,2.5,14.0,0.3,-6.3,-2.96,0.0,-3.11,175.0,3.23,14.0,0.3,1018.43,1027.3,1032.05,1025.75,131.0,7.59,14.0,0.3,2.0,6.0,8.0,5.3,177.0,2.8,14.0,0.3,-15.0,0.0,6.5,-2.9,175.0,16.0,14.0,0.3,-43.2,-15.0,0.0,-20.2,175.0,28.5,14.0,0.3,-1.1,1.1,3.3,1.15,164.0,2.2,14.0,0.3,-2.8,4.0,17.5,6.4,161.0,11.3,14.0,0.3,0.36,1.16,2.93,1.52,18.0,1.24,8.0,0.3,0.4,1.3,10.3,4.7,18.0,7.0,8.0,0.3,-20.0,0.0,10.5,-5.1,175.0,18.2,14.0,0.3,-40.3,-17.6,0.0,-19.4,175.0,23.9,14.0,0.3,-6.8,2.4,7.6,0.0,18.0,8.6,8.0,0.3,-10.2,-2.6,3.5,-2.0,18.0,9.6,8.0,0.3,,,,,,,,,,,,,,,,,,,,,,,,,,,,,,,,
1911,2,122.5,4.6,,,,,,,,,,,,,,,,,,,,,,,,,,,,,,,,,,,,,,,,,,,,,,,,,,,,,,,,,,,,,,,,,,,,,,,,,,,,,,,,,,,,,,,,,-0.57,-0.5,1.75,0.57,3.0,1.93,18.0,0.0,-2.6,-2.3,8.1,2.6,3.0,8.9,18.0,0.0,2.14,2.16,2.18,2.16,2.0,0.04,22.0,0.0,9.8,9.9,10.0,9.9,2.0,0.2,22.0,0.0,11.3,120.2,121.6,67.7,3.0,92.7,18.0,0.0,-44.3,-43.7,59.9,6.6,3.0,87.9,18.0,0.0,88.7,90.1,91.4,90.1,2.0,2.8,22.0,0.0,-33.3,-32.8,-32.3,-32.8,2.0,1.0,22.0,0.0,9.3,9.3,9.4,9.3,2.0,0.2,22.0,0.0,-3.4,-3.4,-3.4,-3.4,2.0,0.1,22.0,0.0,55.5,97.5,97.5,77.5,4.0,40.0,14.0,0.0,55.0,95.0,95.0,75.0,4.0,40.0,14.0,0.0
1911,2,122.5,26.4,15.9,18.0,20.39,18.11,104.0,2.25,16.0,0.3,11.05,15.0,18.2,14.65,105.0,3.53,16.0,0.3,7.11,8.34,10.05,8.55,17.0,1.45,16.0,0.3,79.6,87.4,90.3,85.7,17.0,5.7,16.0,0.3,4.6,8.0,12.3,8.26,104.0,3.51,16.0,0.3,-6.3,-4.21,0.0,-3.57,104.0,2.89,16.0,0.3,-11.56,-6.3,-1.67,-6.53,104.0,4.12,16.0,0.3,1018.87,1024.65,1030.06,1024.25,100.0,5.49,16.0,0.3,5.9,8.0,8.0,6.8,101.0,1.9,16.0,0.3,-66.3,-27.9,0.0,-31.5,104.0,35.9,16.0,0.3,-142.2,-50.2,-7.2,-67.2,104.0,62.2,16.0,0.3,1.1,3.35,5.6,3.39,104.0,2.48,16.0,0.3,5.1,26.1,60.9,31.6,103.0,31.3,16.0,0.3,2.25,2.95,4.41,3.23,17.0,1.06,16.0,0.3,13.2,27.0,41.0,26.5,17.0,15.8,16.0,0.3,-97.0,-50.9,0.0,-54.0,104.0,43.5,16.0,0.3,-130.2,-90.2,-30.0,-87.1,104.0,49.4,16.0,0.3,-58.7,-24.4,-19.3,-34.0,17.0,21.2,16.0,0.3,-65.7,-50.2,-39.0,-49.6,17.0,19.5,16.0,0.3,,,,,,,,,,,,,,,,,,,,,,,,,,,,,,,,
1911,2,122.5,26.5,,,,,,,,,,,,,,,,,,,,,,,,,,,,,,,,,,,,,,,,,,,,,,,,,,,,,,,,,,,,,,,,,,,,,,,,,,,,,,,,,,,,,,,,,,,,,,,,,,,,,,,,,,,,,,,,,,,,,,,,,,,,,,,,,,,,,,,,,,,,,,,,,,,,,,,,,-23.4,-12.2,-4.5,-13.7,17.0,9.7,16.0,0.3,-35.0,-17.4,-10.1,-21.2,17.0,15.1,16.0,0.3,97.5,552.5,1861.0,883.5,104.0,1051.5,16.0,0.3,95.0,555.0,1860.0,885.0,104.0,1050.0,16.0,0.3
1911,2,122.5,36.6,,,,,,,,,,,,,,,,,,,,,,,,,,,,,,,,,1.0,4.6,6.7,4.39,62.0,2.65,14.0,0.3,-2.29,0.0,4.31,0.86,62.0,3.04,14.0,0.3,-6.3,-1.99,0.66,-2.5,62.0,3.21,14.0,0.3,1022.69,1029.3,1035.86,1029.52,51.0,6.3,14.0,0.2,,,,,,,,,,,,,,,,,,,,,,,,,,,,,,,,,,,,,,,,,,,,,,,,,,,,,,,,,,,,,,,,,,,,,,,,,,,,,,,,,,,,,,,,,,,,,,,,,,,,,,,,,,,,,,,,,,,,,,,,
1911,2,122.6,4.5,27.2,27.5,27.8,27.5,4.0,0.35,14.0,0.0,25.89,27.8,28.14,27.03,3.0,1.78,18.0,0.0,20.52,20.84,21.15,20.84,2.0,0.65,22.0,0.0,87.5,87.9,88.2,87.9,2.0,0.8,22.0,0.0,3.55,4.6,4.6,4.1,4.0,1.0,14.0,0.0,-1.25,1.72,4.32,1.55,4.0,3.22,14.0,0.0,-1.57,0.43,3.43,0.9,4.0,2.96,14.0,0.0,1005.01,1008.45,1012.26,1008.63,4.0,4.3,14.0,0.0,1.0,5.0,8.0,4.5,4.0,4.1,14.0,0.0,-4.9,8.8,19.9,7.6,4.0,14.4,14.0,0.0,-7.2,-0.4,13.4,2.9,4.0,13.0,14.0,0.0,,,,,,,,,,,,,,,,,,,,,,,,,,,,,,,,,,,,,,,,,,,,,,,,,,,,,,,,,,,,,,,,,,,,,,,,,,,,,,,,,,,,,,,,,,,,,,,,
1911,2,122.9,2.9,27.2,27.2,27.2,27.2,1.0,0.0,22.0,0.0,27.8,27.8,27.8,27.8,1.0,0.0,22.0,0.0,20.4,20.4,20.4,20.4,1.0,0.0,22.0,0.0,87.3,87.3,87.3,87.3,1.0,0.0,22.0,0.0,4.6,4.6,4.6,4.6,1.0,0.0,22.0,0.0,4.32,4.32,4.32,4.32,1.0,0.0,22.0,0.0,-1.57,-1.57,-1.57,-1.57,1.0,0.0,22.0,0.0,1012.0,1012.0,1012.0,1012.0,1.0,0.0,22.0,0.0,2.0,2.0,2.0,2.0,1.0,0.0,22.0,0.0,19.9,19.9,19.9,19.9,1.0,0.0,22.0,0.0,-7.2,-7.2,-7.2,-7.2,1.0,0.0,22.0,0.0,-0.6,-0.6,-0.6,-0.6,1.0,0.0,22.0,0.0,-2.8,-2.8,-2.8,-2.8,1.0,0.0,22.0,0.0,2.19,2.19,2.19,2.19,1.0,0.0,22.0,0.0,10.1,10.1,10.1,10.1,1.0,0.0,22.0,0.0,120.2,120.2,120.2,120.2,1.0,0.0,22.0,0.0,-43.7,-43.7,-43.7,-43.7,1.0,0.0,22.0,0.0,88.2,88.2,88.2,88.2,1.0,0.0,22.0,0.0,-32.1,-32.1,-32.1,-32.1,1.0,0.0,22.0,0.0,9.5,9.5,9.5,9.5,1.0,0.0,22.0,0.0,-3.4,-3.4,-3.4,-3.4,1.0,0.0,22.0,0.0,97.5,97.5,97.5,97.5,1.0,0.0,22.0,0.0,95.0,95.0,95.0,95.0,1.0,0.0,22.0,0.0
1911,2,124.0,4.0,,,,,,,,,,,,,,,,,,,,,,,,,,,,,,,,,2.6,2.6,2.6,2.6,1.0,0.0,8.0,0.0,0.0,0.0,0.0,0.0,1.0,0.0,8.0,0.0,-2.6,-2.6,-2.6,-2.6,1.0,0.0,8.0,0.0,1004.2,1004.2,1004.2,1004.2,1.0,0.0,8.0,0.0,,,,,,,,,,,,,,,,,,,,,,,,,,,,,,,,,,,,,,,,,,,,,,,,,,,,,,,,,,,,,,,,,,,,,,,,,,,,,,,,,,,,,,,,,,,,,,,,,,,,,,,,,,,,,,,,,,,,,,,,
1911,2,124.2,2.4,,,,,,,,,,,,,,,,,,,,,,,,,,,,,,,,,,,,,,,,,,,,,,,,,,,,,,,,,,,,,,,,,,,,,,,,,,,,,,,,,,,,,,,,,,,,,,,,,,,,,,,,,,,,,,,,,,,,,,,,,,,,,,,,,,,,,,,,,,,,,,,,,,,,,,,,,7.3,7.8,8.2,7.8,2.0,0.9,22.0,1.0,-3.0,-2.8,-2.7,-2.8,2.0,0.3,22.0,1.0,68.0,97.5,97.5,81.5,5.0,35.5,14.0,1.0,70.0,95.0,95.0,80.0,5.0,35.0,14.0,1.0
1911,2,124.3,-39.2,,,,,,,,,,,,,,,,,,,,,,,,,,,,,,,,,5.5,8.0,9.3,7.88,10.0,2.43,10.0,0.4,-3.67,3.27,7.71,1.57,10.0,6.35,10.0,0.4,-3.18,4.49,6.42,2.2,10.0,5.14,10.0,0.4,1025.0,1025.0,1025.0,1025.0,3.0,0.0,8.0,0.3,,,,,,,,,,,,,,,,,,,,,,,,,,,,,,,,,,,,,,,,,,,,,,,,,,,,,,,,,,,,,,,,,,,,,,,,,,,,,,,,,,,,,,,,,,,,,,,,,,,,,,,,,,,,,,,,,,,,,,,,
1911,2,124.3,2.3,26.7,27.2,27.6,27.22,5.0,0.65,14.0,1.0,25.16,26.1,28.22,26.66,5.0,2.12,14.0,1.0,20.92,21.51,22.11,21.51,2.0,1.23,22.0,1.0,85.6,88.0,90.4,88.0,2.0,5.0,22.0,1.0,3.87,4.6,4.6,4.2,5.0,0.89,14.0,1.0,1.55,4.32,4.4,3.12,5.0,1.94,14.0,1.0,-2.68,-1.57,-0.18,-1.53,5.0,1.99,14.0,1.0,1003.79,1005.6,1013.39,1008.12,5.0,5.28,14.0,1.0,2.6,8.0,8.0,5.8,5.0,3.0,14.0,1.0,4.0,19.9,20.2,13.4,5.0,9.6,14.0,1.0,-12.3,-7.2,-1.5,-7.4,5.0,8.6,14.0,1.0,-0.62,1.1,1.54,0.56,5.0,1.5,14.0,1.0,-2.9,2.9,7.1,2.1,5.0,6.8,14.0,1.0,1.7,1.8,1.89,1.8,2.0,0.2,22.0,1.0,7.8,8.3,8.7,8.3,2.0,0.9,22.0,1.0,39.7,117.6,122.4,85.6,5.0,54.5,14.0,1.0,-71.0,-42.8,-4.9,-40.1,5.0,49.0,14.0,1.0,90.4,93.0,95.6,93.0,2.0,5.3,22.0,1.0,-34.8,-33.8,-32.9,-33.8,2.0,1.9,22.0,1.0,,,,,,,,,,,,,,,,,,,,,,,,,,,,,,,,
1911,2,124.3,26.4,,,,,,,,,,,,,,,,,,,,,,,,,,,,,,,,,,,,,,,,,,,,,,,,,,,,,,,,,,,,,,,,,,,,,,,,,,,,,,,,,,,,,,,,,,,,,,,,,,,,,,,,,,,,,,,,,,,,,,,,,,,,,,,,,,,,,,,,,,,,,,,,,,,,,,,,,-47.2,-24.5,-6.3,-26.3,6.0,21.9,14.0,0.3,-52.6,-41.1,-26.3,-42.1,6.0,18.4,14.0,0.3,97.5,804.5,1861.0,922.0,37.0,950.5,16.0,0.4,95.0,805.0,1860.0,920.0,37.0,950.0,16.0,0.4
1911,2,124.3,26.7,14.83,18.3,20.74,18.1,37.0,2.66,16.0,0.4,11.1,14.4,18.3,14.65,37.0,3.27,16.0,0.4,8.09,10.16,11.29,9.52,6.0,2.37,14.0,0.3,69.5,92.3,100.0,86.9,6.0,14.9,14.0,0.3,4.6,9.3,12.3,8.53,37.0,3.43,16.0,0.4,-6.7,-2.62,0.0,-2.77,37.0,3.87,16.0,0.4,-10.37,-6.7,-2.96,-7.04,37.0,3.57,16.0,0.4,1017.97,1022.65,1029.42,1022.98,34.0,4.95,16.0,0.4,2.0,8.0,8.0,6.2,37.0,2.6,16.0,0.4,-46.9,-17.5,0.0,-26.9,37.0,49.2,16.0,0.4,-142.2,-75.6,-13.6,-69.8,37.0,54.6,16.0,0.4,0.96,3.4,5.74,3.45,37.0,2.4,16.0,0.4,4.1,28.1,54.9,31.9,37.0,26.2,16.0,0.4,3.28,4.76,4.86,4.23,6.0,1.02,14.0,0.3,38.8,53.0,73.4,53.2,6.0,19.5,14.0,0.3,-89.1,-35.0,0.0,-41.7,37.0,58.0,16.0,0.4,-146.1,-104.5,-47.0,-102.5,37.0,59.5,16.0,0.4,-113.1,-67.0,-13.4,-65.3,6.0,56.6,14.0,0.3,-117.1,-89.8,-70.7,-92.3,6.0,31.5,14.0,0.3,,,,,,,,,,,,,,,,,,,,,,,,,,,,,,,,
1911,2,124.4,-45.2,,,,,,,,,,,,,,,,,,,,,,,,,,,,,,,,,1.97,6.7,6.7,5.26,9.0,2.78,16.0,0.4,0.95,3.48,5.78,3.48,9.0,2.24,16.0,0.4,-5.24,-1.0,2.38,-1.56,9.0,4.18,16.0,0.4,1022.05,1022.6,1023.15,1022.6,2.0,1.13,2.0,0.5,,,,,,,,,,,,,,,,,,,,,,,,,,,,,,,,,,,,,,,,,,,,,,,,,,,,,,,,,,,,,,,,,,,,,,,,,,,,,,,,,,,,,,,,,,,,,,,,,,,,,,,,,,,,,,,,,,,,,,,,
1911,2,124.4,-35.6,,,,,,,,,,,,,,,,,,,,,,,,,,,,,,,,,1.0,4.6,6.7,4.28,23.0,2.6,14.0,0.7,-4.51,-1.0,2.94,-1.29,23.0,3.43,14.0,0.7,-2.5,0.0,4.49,0.97,23.0,3.38,14.0,0.7,1003.32,1004.0,1004.68,1004.0,2.0,1.41,4.0,0.5,,,,,,,,,,,,,,,,,,,,,,,,,,,,,,,,,,,,,,,,,,,,,,,,,,,,,,,,,,,,,,,,,,,,,,,,,,,,,,,,,,,,,,,,,,,,,,,,,,,,,,,,,,,,,,,,,,,,,,,,
1911,2,124.4,28.5,,,,,,,,,,,,,,,,,,,,,,,,,,,,,,,,,,,,,,,,,,,,,,,,,,,,,,,,,,,,,,,,,,,,,,,,,,,,,,,,,,,,,,,,,,,,,,,,,,,,,,,,,,,,,,,,,,,,,,,,,,,,,,,,,,,,,,,,,,,,,,,,,,,,,,,,,-10.2,0.0,3.0,-2.4,20.0,7.2,16.0,0.3,-28.3,-16.1,-5.3,-18.8,20.0,15.5,16.0,0.3,17.5,301.0,804.5,460.5,92.0,443.0,14.0,0.3,20.0,300.0,805.0,460.0,92.0,445.0,14.0,0.3
1911,2,124.4,30.6,,,,,,,,,,,,,,,,,,,,,,,,,,,,,,,,,,,,,,,,,,,,,,,,,,,,,,,,,,,,,,,,,,,,,,,,,,,,,,,,,,,,,,,,,,,,,,,,,,,,,,,,,,,,,,,,,,,,,,,,,,,,,,,,,,,,,,,,,,,,,,,,,,,,,,,,,-4.8,-0.4,3.4,-0.5,14.0,4.0,12.0,0.4,-8.6,-4.7,0.6,-6.3,14.0,11.5,12.0,0.4,17.5,97.5,804.5,366.5,130.0,513.0,14.0,0.5,20.0,95.0,805.0,365.0,130.0,515.0,14.0,0.5
1911,2,124.4,30.7,7.8,10.0,12.45,10.1,128.0,2.47,14.0,0.5,4.4,8.3,11.7,8.38,133.0,3.22,14.0,0.5,4.97,6.43,7.5,6.14,14.0,1.4,12.0,0.4,72.3,78.2,86.2,78.5,14.0,10.7,12.0,0.4,2.6,4.6,9.3,5.66,130.0,3.19,14.0,0.5,-3.4,0.0,1.67,-0.79,130.0,3.01,14.0,0.5,-8.39,-4.6,-0.21,-4.36,130.0,3.68,14.0,0.5,1016.86,1025.9,1031.97,1025.19,115.0,7.18,16.0,0.5,2.0,6.0,8.0,5.6,130.0,2.6,14.0,0.5,-19.7,0.0,7.2,-4.9,130.0,26.4,14.0,0.5,-80.2,-21.2,-0.3,-34.7,130.0,40.3,14.0,0.5,-1.58,1.7,4.48,1.53,128.0,2.97,14.0,0.5,-4.0,7.8,31.8,11.4,124.0,20.5,16.0,0.5,0.71,1.65,3.38,1.8,14.0,1.34,12.0,0.4,1.9,5.6,9.9,8.4,14.0,10.7,12.0,0.4,-29.3,0.0,10.1,-7.6,129.0,25.6,14.0,0.5,-57.8,-31.1,-1.4,-32.5,129.0,29.1,14.0,0.5,-13.2,-3.7,8.9,-2.6,14.0,14.6,12.0,0.4,-28.5,-15.4,2.2,-17.7,14.0,21.7,12.0,0.4,,,,,,,,,,,,,,,,,,,,,,,,,,,,,,,,
1911,2,124.4,36.3,,,,,,,,,,,,,,,,,,,,,,,,,,,,,,,,,1.0,2.6,9.3,4.51,56.0,3.41,14.0,0.3,-1.99,0.0,3.74,0.9,56.0,3.25,14.0,0.3,-6.7,-1.62,0.8,-2.54,56.0,3.79,14.0,0.3,1018.2,1029.15,1034.08,1027.38,60.0,7.49,14.0,0.3,,,,,,,,,,,,,,,,,,,,,,,,,,,,,,,,,,,,,,,,,,,,,,,,,,,,,,,,,,,,,,,,,,,,,,,,,,,,,,,,,,,,,,,,,,,,,,,,,,,,,,,,,,,,,,,,,,,,,,,,
1911,2,124.5,28.5,13.04,14.4,16.1,14.45,93.0,1.88,14.0,0.3,8.9,12.0,15.6,12.05,93.0,3.1,14.0,0.3,6.09,7.26,9.49,7.53,20.0,1.61,16.0,0.3,76.7,87.9,90.1,85.4,21.0,8.0,14.0,0.3,2.6,6.7,9.3,6.69,92.0,2.89,14.0,0.3,-3.18,0.0,2.09,-0.87,92.0,2.52,14.0,0.3,-9.24,-6.3,-2.11,-5.94,92.0,3.29,14.0,0.3,1020.74,1025.25,1031.08,1025.47,88.0,4.93,14.0,0.3,3.0,8.0,8.0,6.2,91.0,2.4,14.0,0.3,-29.6,0.0,9.4,-6.4,92.0,21.1,14.0,0.3,-85.9,-44.2,-5.5,-48.5,92.0,37.7,14.0,0.3,0.0,2.2,5.0,2.4,93.0,2.2,14.0,0.3,0.0,15.3,37.6,19.6,92.0,18.7,14.0,0.3,1.32,3.01,3.9,2.71,20.0,1.32,16.0,0.3,5.5,16.7,30.1,19.7,20.0,16.1,16.0,0.3,-39.8,0.0,17.0,-11.1,92.0,30.5,14.0,0.3,-106.7,-69.4,-29.3,-65.9,92.0,37.1,14.0,0.3,-22.2,0.0,8.9,-4.0,20.0,14.2,16.0,0.3,-67.4,-43.1,-24.4,-43.9,20.0,22.3,16.0,0.3,,,,,,,,,,,,,,,,,,,,,,,,,,,,,,,,
1911,2,124.7,32.2,,,,,,,,,,,,,,,,,,,,,,,,,,,,,,,,,4.6,6.7,9.3,6.99,29.0,3.98,16.0,0.5,-2.85,0.0,0.88,-0.32,29.0,2.42,16.0,0.5,-9.3,-6.7,-0.94,-6.05,29.0,4.75,16.0,0.5,1007.09,1021.35,1028.45,1018.42,18.0,10.14,16.0,0.4,,,,,,,,,,,,,,,,,,,,,,,,,,,,,,,,,,,,,,,,,,,,,,,,,,,,,,,,,,,,,,,,,,,,,,,,,,,,,,,,,,,,,,,,,,,,,,,,,,,,,,,,,,,,,,,,,,,,,,,,
1911,2,124.7,34.6,,,,,,,,,,,,,,,,,,,,,,,,,,,,,,,,,2.6,4.6,9.3,5.14,97.0,3.58,14.0,0.4,-2.34,0.0,3.13,0.61,97.0,3.5,14.0,0.4,-6.7,-2.96,-0.15,-3.53,97.0,3.77,14.0,0.4,1020.94,1027.45,1035.61,1027.22,96.0,7.43,14.0,0.4,,,,,,,,,,,,,,,,,,,,,,,,,,,,,,,,,,,,,,,,,,,,,,,,,,,,,,,,,,,,,,,,,,,,,,,,,,,,,,,,,,,,,,,,,,,,,,,,,,,,,,,,,,,,,,,,,,,,,,,,
1911,2,124.8,0.5,27.2,27.8,27.98,27.66,5.0,0.47,16.0,0.2,27.2,28.9,29.3,28.44,5.0,1.22,16.0,0.2,19.89,19.92,21.64,20.75,3.0,1.47,24.0,0.3,80.0,80.0,83.1,81.5,3.0,2.6,24.0,0.3,2.02,2.6,4.6,3.08,5.0,1.53,16.0,0.2,-0.93,0.89,3.46,1.26,5.0,2.35,16.0,0.2,-2.84,-2.44,-1.0,-2.0,5.0,1.31,16.0,0.2,1004.23,1011.7,1012.87,1009.2,5.0,4.72,16.0,0.2,1.6,5.0,6.4,4.2,5.0,2.6,16.0,0.2,-1.5,2.3,15.9,6.5,5.0,9.8,16.0,0.2,-10.5,-6.4,-4.0,-7.2,5.0,5.8,16.0,0.2,-1.5,-0.6,0.0,-0.78,5.0,0.92,16.0,0.2,-6.9,-0.6,0.0,-3.2,5.0,4.4,16.0,0.2,1.76,3.49,3.97,2.88,3.0,1.7,24.0,0.3,4.3,4.4,12.4,8.2,3.0,6.8,24.0,0.3,-25.9,24.2,101.6,37.2,5.0,69.3,16.0,0.2,-79.4,-66.5,-30.0,-56.4,5.0,37.2,16.0,0.2,5.1,58.9,84.9,45.3,3.0,59.6,24.0,0.3,-59.1,-35.3,-11.2,-35.2,3.0,35.1,24.0,0.3,,,,,,,,,,,,,,,,,,,,,,,,,,,,,,,,
1911,2,124.8,0.6,,,,,,,,,,,,,,,,,,,,,,,,,,,,,,,,,,,,,,,,,,,,,,,,,,,,,,,,,,,,,,,,,,,,,,,,,,,,,,,,,,,,,,,,,,,,,,,,,,,,,,,,,,,,,,,,,,,,,,,,,,,,,,,,,,,,,,,,,,,,,,,,,,,,,,,,,-1.6,4.1,8.4,3.4,3.0,7.3,24.0,0.3,-8.9,-1.5,-0.5,-4.6,3.0,6.7,24.0,0.3,11.5,17.5,97.5,46.0,5.0,47.0,16.0,0.2,10.0,20.0,95.0,45.0,5.0,45.0,16.0,0.2
1911,2,126.1,22.9,,,,,,,,,,,,,,,,,,,,,,,,,,,,,,,,,6.7,6.7,6.7,6.7,1.0,0.0,2.0,1.0,-1.16,-1.16,-1.16,-1.16,1.0,0.0,2.0,1.0,6.6,6.6,6.6,6.6,1.0,0.0,2.0,1.0,1003.9,1003.9,1003.9,1003.9,1.0,0.0,2.0,1.0,,,,,,,,,,,,,,,,,,,,,,,,,,,,,,,,,,,,,,,,,,,,,,,,,,,,,,,,,,,,,,,,,,,,,,,,,,,,,,,,,,,,,,,,,,,,,,,,,,,,,,,,,,,,,,,,,,,,,,,,
1911,2,126.1,28.8,,,,,,,,,,,,,,,,,,,,,,,,,,,,,,,,,,,,,,,,,,,,,,,,,,,,,,,,,,,,,,,,,,,,,,,,,,,,,,,,,,,,,,,,,,,,,,,,,,,,,,,,,,,,,,,,,,,,,,,,,,,,,,,,,,,,,,,,,,,,,,,,,,,,,,,,,-5.6,-3.4,-1.1,-3.4,2.0,4.7,10.0,0.0,-38.0,-30.0,-22.1,-30.0,2.0,16.4,10.0,0.0,97.5,301.0,1861.0,843.0,29.0,1037.5,12.0,0.3,95.0,300.0,1860.0,845.0,29.0,1035.0,12.0,0.3
1911,2,126.1,36.5,,,,,,,,,,,,,,,,,,,,,,,,,,,,,,,,,1.0,2.6,4.6,2.75,55.0,2.05,16.0,0.3,-0.82,0.0,1.62,0.39,55.0,1.56,16.0,0.3,-4.6,-1.0,0.77,-1.57,55.0,2.61,16.0,0.3,1019.5,1027.8,1036.8,1027.35,55.0,7.4,16.0,0.3,,,,,,,,,,,,,,,,,,,,,,,,,,,,,,,,,,,,,,,,,,,,,,,,,,,,,,,,,,,,,,,,,,,,,,,,,,,,,,,,,,,,,,,,,,,,,,,,,,,,,,,,,,,,,,,,,,,,,,,,
1911,2,126.2,-1.4,,,,,,,,,,,,,,,,,,,,,,,,,,,,,,,,,,,,,,,,,,,,,,,,,,,,,,,,,,,,,,,,,,,,,,,,,,,,,,,,,,,,,,,,,,,,,,,,,,,,,,,,,,,,,,,,,,,,,,,,,,,,,,,,,,,,,,,,,,,,,,,,,,,,,,,,,-2.0,-1.2,-0.4,-1.2,2.0,1.7,24.0,0.5,2.5,2.6,2.8,2.6,2.0,0.3,24.0,0.5,1.0,17.5,34.0,25.5,6.0,36.0,14.0,0.7,0.0,20.0,35.0,25.0,6.0,35.0,14.0,0.7
1911,2,126.3,-45.2,,,,,,,,,,,,,,,,,,,,,,,,,,,,,,,,,4.6,4.6,9.67,6.11,9.0,3.02,12.0,0.6,1.94,3.48,6.21,3.74,9.0,2.18,12.0,0.6,-6.93,-4.27,-1.16,-4.13,9.0,3.37,12.0,0.6,1022.8,1022.8,1022.8,1022.8,1.0,0.0,2.0,0.0,,,,,,,,,,,,,,,,,,,,,,,,,,,,,,,,,,,,,,,,,,,,,,,,,,,,,,,,,,,,,,,,,,,,,,,,,,,,,,,,,,,,,,,,,,,,,,,,,,,,,,,,,,,,,,,,,,,,,,,,
1911,2,126.3,-39.3,,,,,,,,,,,,,,,,,,,,,,,,,,,,,,,,,4.6,5.65,7.86,6.58,6.0,2.98,14.0,0.3,-2.51,2.53,4.64,1.57,6.0,3.34,14.0,0.3,2.58,5.22,7.27,5.21,6.0,3.78,14.0,0.3,1023.0,1023.0,1024.77,1023.87,3.0,1.5,10.0,0.7,,,,,,,,,,,,,,,,,,,,,,,,,,,,,,,,,,,,,,,,,,,,,,,,,,,,,,,,,,,,,,,,,,,,,,,,,,,,,,,,,,,,,,,,,,,,,,,,,,,,,,,,,,,,,,,,,,,,,,,,
1911,2,126.3,-35.6,,,,,,,,,,,,,,,,,,,,,,,,,,,,,,,,,4.6,6.7,9.3,6.79,21.0,3.21,12.0,0.4,-6.7,-2.16,3.25,-2.34,21.0,4.81,12.0,0.4,-1.2,2.62,5.84,2.41,21.0,4.87,12.0,0.4,1004.0,1004.0,1004.0,1004.0,1.0,0.0,4.0,1.0,,,,,,,,,,,,,,,,,,,,,,,,,,,,,,,,,,,,,,,,,,,,,,,,,,,,,,,,,,,,,,,,,,,,,,,,,,,,,,,,,,,,,,,,,,,,,,,,,,,,,,,,,,,,,,,,,,,,,,,,
1911,2,126.3,-1.5,27.2,27.8,27.8,27.6,6.0,0.31,14.0,0.7,27.8,28.05,28.42,28.15,6.0,0.44,14.0,0.7,19.74,19.9,20.06,19.9,2.0,0.33,24.0,0.5,83.8,83.8,84.1,84.0,3.0,0.3,24.0,0.7,1.0,2.6,3.01,2.4,6.0,1.33,14.0,0.7,-0.13,1.67,2.55,1.35,6.0,1.4,14.0,0.7,-2.31,-0.61,0.91,-0.81,6.0,1.94,14.0,0.7,1011.33,1012.7,1013.18,1012.27,3.0,1.4,18.0,0.7,1.6,3.0,7.2,3.8,6.0,3.1,14.0,0.7,-0.1,4.3,7.8,4.7,6.0,5.2,14.0,0.7,-7.5,-2.2,1.3,-3.7,6.0,6.9,14.0,0.7,-1.1,-0.55,0.0,-0.55,6.0,0.49,14.0,0.7,-2.3,-1.2,0.0,-1.5,6.0,1.9,14.0,0.7,2.63,3.08,3.52,3.08,2.0,0.92,24.0,0.5,2.6,3.1,3.5,3.1,2.0,0.9,24.0,0.5,-3.7,46.5,72.5,38.3,6.0,39.8,14.0,0.7,-65.0,-17.0,25.8,-23.0,6.0,55.2,14.0,0.7,-10.6,-6.3,-2.0,-6.3,2.0,8.9,24.0,0.5,15.9,17.6,19.3,17.6,2.0,3.6,24.0,0.5,,,,,,,,,,,,,,,,,,,,,,,,,,,,,,,,
1911,2,126.3,28.5,14.4,19.0,20.82,17.86,29.0,3.16,12.0,0.3,10.27,15.0,17.22,14.03,29.0,3.41,12.0,0.3,5.7,5.71,5.72,5.71,2.0,0.02,10.0,0.0,78.3,81.6,85.0,81.6,2.0,7.0,10.0,0.0,4.6,6.7,12.3,7.82,29.0,3.89,12.0,0.3,-6.35,-2.6,0.0,-2.97,29.0,3.74,12.0,0.3,-9.16,-6.17,0.0,-5.51,29.0,4.88,12.0,0.3,1018.53,1024.4,1028.61,1024.02,26.0,4.78,14.0,0.3,5.4,7.0,8.0,6.5,29.0,1.9,12.0,0.3,-83.7,-15.0,0.0,-28.8,29.0,47.2,12.0,0.3,-97.2,-42.2,0.0,-57.7,29.0,63.8,12.0,0.3,1.92,3.3,6.16,3.82,29.0,2.22,12.0,0.3,9.3,30.2,54.2,32.2,29.0,25.6,12.0,0.3,3.0,3.16,3.31,3.16,2.0,0.33,10.0,0.0,23.1,30.6,38.2,30.6,2.0,15.6,10.0,0.0,-105.6,-33.0,0.0,-47.7,29.0,56.7,12.0,0.3,-110.7,-85.6,0.0,-69.7,29.0,67.0,12.0,0.3,-11.0,-6.6,-2.1,-6.6,2.0,9.3,10.0,0.0,-64.7,-53.1,-41.4,-53.1,2.0,24.1,10.0,0.0,,,,,,,,,,,,,,,,,,,,,,,,,,,,,,,,
1911,2,126.3,34.3,,,,,,,,,,,,,,,,,,,,,,,,,,,,,,,,,1.0,4.6,6.7,4.27,134.0,2.78,16.0,0.3,-0.94,0.0,4.1,0.82,134.0,2.55,16.0,0.3,-6.66,-2.52,0.0,-3.08,134.0,3.05,16.0,0.3,1017.21,1027.5,1034.17,1026.41,135.0,7.28,16.0,0.3,,,,,,,,,,,,,,,,,,,,,,,,,,,,,,,,,,,,,,,,,,,,,,,,,,,,,,,,,,,,,,,,,,,,,,,,,,,,,,,,,,,,,,,,,,,,,,,,,,,,,,,,,,,,,,,,,,,,,,,,
1911,2,126.4,-37.3,,,,,,,,,,,,,,,,,,,,,,,,,,,,,,,,,4.0,6.7,10.21,6.68,18.0,4.15,12.0,0.6,-4.98,0.0,7.88,0.94,18.0,6.23,12.0,0.6,-4.0,-0.2,5.05,0.59,18.0,4.93,12.0,0.6,1020.32,1021.0,1021.68,1021.0,2.0,1.41,10.0,0.0,,,,,,,,,,,,,,,,,,,,,,,,,,,,,,,,,,,,,,,,,,,,,,,,,,,,,,,,,,,,,,,,,,,,,,,,,,,,,,,,,,,,,,,,,,,,,,,,,,,,,,,,,,,,,,,,,,,,,,,,
1911,2,126.4,26.7,,,,,,,,,,,,,,,,,,,,,,,,,,,,,,,,,,,,,,,,,,,,,,,,,,,,,,,,,,,,,,,,,,,,,,,,,,,,,,,,,,,,,,,,,,,,,,,,,,,,,,,,,,,,,,,,,,,,,,,,,,,,,,,,,,,,,,,,,,,,,,,,,,,,,,,,,-18.8,-18.1,-17.4,-18.1,3.0,1.0,18.0,0.7,-51.6,-49.9,-47.9,-49.7,3.0,2.7,18.0,0.7,1861.0,1861.0,1861.0,1861.0,4.0,0.0,18.0,0.5,1860.0,1860.0,1860.0,1860.0,4.0,0.0,18.0,0.5
1911,2,126.4,30.5,12.8,15.0,17.25,14.9,107.0,2.43,14.0,0.4,8.3,12.2,14.4,11.9,108.0,3.51,14.0,0.5,5.68,7.02,10.62,7.94,21.0,2.78,16.0,0.6,75.0,84.2,89.9,81.9,21.0,9.7,16.0,0.6,2.6,6.7,9.3,5.94,107.0,3.15,14.0,0.4,-3.24,0.0,2.96,-0.01,107.0,3.18,14.0,0.4,-8.14,-4.32,0.0,-4.55,107.0,3.8,14.0,0.4,1016.1,1025.3,1031.79,1024.27,100.0,6.99,14.0,0.5,2.0,6.0,8.0,5.4,105.0,2.6,14.0,0.5,-16.2,0.0,15.4,0.4,107.0,27.3,14.0,0.4,-76.4,-21.2,0.0,-37.5,107.0,44.0,14.0,0.4,0.0,3.3,5.6,2.85,106.0,3.22,14.0,0.5,0.0,16.3,40.3,19.7,104.0,25.4,14.0,0.5,-0.57,2.13,5.36,2.11,21.0,2.86,16.0,0.6,-1.7,8.9,35.8,17.1,21.0,25.0,16.0,0.6,-38.1,0.0,29.7,-1.9,106.0,37.4,14.0,0.5,-88.2,-50.7,0.0,-48.3,106.0,43.7,14.0,0.5,-11.1,9.1,20.8,7.4,21.0,19.4,16.0,0.6,-56.2,-35.8,12.9,-27.5,21.0,31.4,16.0,0.6,-6.8,0.0,9.7,3.5,21.0,12.8,16.0,0.6,-27.2,-8.1,1.0,-15.2,21.0,22.6,16.0,0.6,17.5,301.0,804.5,403.5,107.0,603.5,14.0,0.4,20.0,300.0,805.0,405.0,107.0,605.0,14.0,0.4
1911,2,126.5,26.7,20.6,20.85,21.41,21.0,4.0,0.52,18.0,0.5,15.6,15.6,16.18,15.88,4.0,0.55,18.0,0.5,10.89,10.89,11.42,11.15,3.0,0.45,18.0,0.7,100.0,100.0,100.0,100.0,3.0,0.0,18.0,0.7,12.3,12.3,12.3,12.3,4.0,0.0,18.0,0.5,-4.21,-4.21,-4.21,-4.21,4.0,0.0,18.0,0.5,-11.56,-11.56,-11.56,-11.56,4.0,0.0,18.0,0.5,1022.68,1023.2,1023.72,1023.2,4.0,0.82,18.0,0.5,6.0,6.0,6.5,6.3,4.0,0.5,18.0,0.5,-51.7,-51.7,-51.7,-51.7,4.0,0.0,18.0,0.5,-142.2,-142.2,-142.2,-142.2,4.0,0.0,18.0,0.5,5.0,5.0,5.26,5.13,4.0,0.25,18.0,0.5,61.5,61.5,64.7,63.0,4.0,3.1,18.0,0.5,4.14,4.31,4.46,4.3,3.0,0.24,18.0,0.7,50.9,53.1,54.9,52.9,3.0,2.9,18.0,0.7,-68.1,-65.6,-65.6,-66.8,4.0,2.3,18.0,0.5,-187.0,-180.3,-180.3,-183.5,4.0,6.4,18.0,0.5,-48.1,-45.8,-45.8,-46.9,3.0,1.9,18.0,0.7,-132.0,-125.8,-125.8,-128.9,3.0,5.2,18.0,0.7,,,,,,,,,,,,,,,,,,,,,,,,,,,,,,,,
1911,2,126.5,32.3,10.0,13.9,15.6,13.07,136.0,2.89,14.0,0.3,5.0,9.4,12.2,8.95,142.0,3.31,14.0,0.3,4.24,5.26,7.58,5.68,16.0,1.6,10.0,0.5,55.3,69.6,76.4,67.9,16.0,14.2,10.0,0.5,2.6,6.7,9.3,6.62,138.0,3.33,14.0,0.3,-4.61,0.0,4.31,-0.01,138.0,4.34,14.0,0.3,-8.74,-4.32,0.0,-4.67,138.0,3.81,14.0,0.3,1016.91,1025.9,1031.75,1024.6,119.0,7.77,14.0,0.3,2.0,6.0,8.0,5.0,133.0,2.6,14.0,0.3,-34.4,0.0,28.9,-3.3,138.0,40.8,14.0,0.3,-82.6,-28.9,0.0,-40.8,138.0,46.5,14.0,0.3,1.64,3.9,6.66,4.04,136.0,3.0,14.0,0.3,4.4,26.1,56.7,29.4,132.0,26.7,14.0,0.3,2.31,4.01,5.72,3.82,16.0,1.94,10.0,0.5,10.5,16.0,44.6,24.9,16.0,19.9,10.0,0.5,-45.9,0.0,38.9,-1.6,138.0,43.0,14.0,0.3,-64.3,-38.4,0.0,-38.2,138.0,33.4,14.0,0.3,-16.9,15.4,19.8,7.3,16.0,18.0,10.0,0.5,-53.6,-21.3,2.8,-22.4,16.0,24.9,10.0,0.5,,,,,,,,,,,,,,,,,,,,,,,,,,,,,,,,
1911,2,126.6,-43.6,,,,,,,,,,,,,,,,,,,,,,,,,,,,,,,,,2.92,3.6,4.28,3.6,2.0,1.41,14.0,0.5,-0.18,1.62,3.43,1.62,2.0,3.73,14.0,0.5,-1.74,-0.34,1.07,-0.34,2.0,2.91,14.0,0.5,1022.6,1022.6,1022.6,1022.6,1.0,0.0,2.0,0.0,,,,,,,,,,,,,,,,,,,,,,,,,,,,,,,,,,,,,,,,,,,,,,,,,,,,,,,,,,,,,,,,,,,,,,,,,,,,,,,,,,,,,,,,,,,,,,,,,,,,,,,,,,,,,,,,,,,,,,,,
1911,2,126.6,24.5,,,,,,,,,,,,,,,,,,,,,,,,,,,,,,,,,4.6,4.6,9.3,5.94,7.0,2.29,16.0,0.4,-3.25,-3.25,-1.32,-1.89,7.0,2.95,16.0,0.4,-3.53,-3.25,-2.71,-2.48,7.0,5.14,16.0,0.4,1002.85,1003.6,1007.29,1005.03,3.0,3.48,2.0,0.3,,,,,,,,,,,,,,,,,,,,,,,,,,,,,,,,,,,,,,,,,,,,,,,,,,,,,,,,,,,,,,,,,,,,,,,,,,,,,,,,,,,,,,,,,,,,,,,,,,,,,,,,,,,,,,,,,,,,,,,,
1911,2,126.6,32.1,,,,,,,,,,,,,,,,,,,,,,,,,,,,,,,,,,,,,,,,,,,,,,,,,,,,,,,,,,,,,,,,,,,,,,,,,,,,,,,,,,,,,,,,,,,,,,,,,,,,,,,,,,,,,,,,,,,,,,,,,,,,,,,,,,,,,,,,,,,,,,,,,,,,,,,,,-13.6,6.1,21.9,4.4,16.0,17.1,10.0,0.5,-40.5,-6.3,3.3,-14.7,16.0,22.5,10.0,0.5,17.5,301.0,804.5,522.5,138.0,679.5,14.0,0.3,20.0,300.0,805.0,525.0,138.0,680.0,14.0,0.3
1911,2,126.7,-3.5,27.58,27.8,28.38,28.0,5.0,0.82,16.0,0.4,27.18,28.3,29.08,28.1,5.0,1.27,16.0,0.4,20.03,20.33,20.64,20.33,2.0,0.64,24.0,0.5,80.1,80.5,80.8,80.5,2.0,0.7,24.0,0.5,2.02,2.6,2.6,2.28,5.0,0.72,16.0,0.4,0.78,1.99,2.5,1.59,5.0,1.37,16.0,0.4,-1.29,-0.64,0.61,-0.37,5.0,1.35,16.0,0.4,1003.98,1011.4,1012.43,1008.92,5.0,4.67,16.0,0.4,1.0,2.0,3.5,2.4,5.0,2.1,16.0,0.4,2.5,5.2,6.5,4.4,5.0,3.0,16.0,0.4,-3.4,-0.6,1.6,-0.8,5.0,3.5,16.0,0.4,-1.1,0.0,0.62,-0.1,5.0,1.15,16.0,0.4,-2.9,0.0,0.6,-0.8,5.0,2.0,16.0,0.4,3.72,4.22,4.72,4.22,2.0,1.04,24.0,0.5,9.7,11.0,12.3,11.0,2.0,2.7,24.0,0.5,22.7,57.6,71.0,45.8,5.0,38.4,16.0,0.4,-36.3,-16.8,17.6,-9.9,5.0,38.4,16.0,0.4,41.9,46.8,51.8,46.8,2.0,10.2,24.0,0.5,5.3,16.6,28.0,16.6,2.0,23.5,24.0,0.5,,,,,,,,,,,,,,,,,,,,,,,,,,,,,,,,
1911,2,126.8,-3.5,,,,,,,,,,,,,,,,,,,,,,,,,,,,,,,,,,,,,,,,,,,,,,,,,,,,,,,,,,,,,,,,,,,,,,,,,,,,,,,,,,,,,,,,,,,,,,,,,,,,,,,,,,,,,,,,,,,,,,,,,,,,,,,,,,,,,,,,,,,,,,,,,,,,,,,,,7.9,9.9,11.9,9.9,2.0,4.2,24.0,0.5,0.9,2.9,4.9,2.9,2.0,4.1,24.0,0.5,11.5,17.5,17.5,14.5,5.0,7.5,16.0,0.4,10.0,20.0,20.0,15.0,5.0,5.0,16.0,0.4
1911,2,126.8,38.7,,,,,,,,,,,,,,,,,,,,,,,,,,,,,,,,,1.0,2.6,6.78,3.74,26.0,3.25,6.0,0.2,-0.77,1.28,5.16,2.3,26.0,3.53,6.0,0.2,-2.6,0.0,2.46,0.18,26.0,2.66,6.0,0.2,1015.75,1023.35,1026.53,1021.48,26.0,6.63,6.0,0.2,,,,,,,,,,,,,,,,,,,,,,,,,,,,,,,,,,,,,,,,,,,,,,,,,,,,,,,,,,,,,,,,,,,,,,,,,,,,,,,,,,,,,,,,,,,,,,,,,,,,,,,,,,,,,,,,,,,,,,,,
1911,2,128.0,24.8,,,,,,,,,,,,,,,,,,,,,,,,,,,,,,,,,9.3,9.3,9.3,9.3,1.0,0.0,2.0,0.0,-7.12,-7.12,-7.12,-7.12,1.0,0.0,2.0,0.0,-5.98,-5.98,-5.98,-5.98,1.0,0.0,2.0,0.0,1003.2,1003.2,1003.2,1003.2,1.0,0.0,2.0,0.0,,,,,,,,,,,,,,,,,,,,,,,,,,,,,,,,,,,,,,,,,,,,,,,,,,,,,,,,,,,,,,,,,,,,,,,,,,,,,,,,,,,,,,,,,,,,,,,,,,,,,,,,,,,,,,,,,,,,,,,,
1911,2,128.1,30.8,,,,,,,,,,,,,,,,,,,,,,,,,,,,,,,,,,,,,,,,,,,,,,,,,,,,,,,,,,,,,,,,,,,,,,,,,,,,,,,,,,,,,,,,,,,,,,,,,,,,,,,,,,,,,,,,,,,,,,,,,,,,,,,,,,,,,,,,,,,,,,,,,,,,,,,,,0.0,0.0,0.0,0.0,2.0,0.0,6.0,0.5,-56.0,-29.2,-2.4,-29.2,2.0,55.5,6.0,0.5,97.5,301.0,1861.0,574.5,32.0,667.5,14.0,0.3,95.0,300.0,1860.0,575.0,32.0,665.0,14.0,0.3
1911,2,128.2,26.9,,,,,,,,,,,,,,,,,,,,,,,,,,,,,,,,,,,,,,,,,,,,,,,,,,,,,,,,,,,,,,,,,,,,,,,,,,,,,,,,,,,,,,,,,,,,,,,,,,,,,,,,,,,,,,,,,,,,,,,,,,,,,,,,,,,,,,,,,,,,,,,,,,,,,,,,,-15.1,-15.1,-15.1,-15.1,1.0,0.0,18.0,0.0,-41.4,-41.4,-41.4,-41.4,1.0,0.0,18.0,0.0,16.5,804.5,804.5,464.5,7.0,423.5,12.0,0.4,15.0,805.0,805.0,465.0,7.0,425.0,12.0,0.4
1911,2,128.3,-43.5,,,,,,,,,,,,,,,,,,,,,,,,,,,,,,,,,4.6,4.6,4.6,4.6,6.0,0.0,10.0,0.8,-1.8,1.22,4.6,1.34,6.0,3.44,10.0,0.8,-4.23,-3.02,0.0,-2.42,6.0,2.1,10.0,0.8,1022.18,1023.0,1023.0,1022.6,3.0,0.69,2.0,1.0,,,,,,,,,,,,,,,,,,,,,,,,,,,,,,,,,,,,,,,,,,,,,,,,,,,,,,,,,,,,,,,,,,,,,,,,,,,,,,,,,,,,,,,,,,,,,,,,,,,,,,,,,,,,,,,,,,,,,,,,
1911,2,128.3,-37.3,,,,,,,,,,,,,,,,,,,,,,,,,,,,,,,,,1.79,4.6,9.3,5.9,23.0,4.6,14.0,0.3,-3.7,0.0,5.61,1.28,23.0,5.62,14.0,0.3,-4.25,0.0,5.19,0.63,23.0,4.89,14.0,0.3,1010.17,1013.0,1019.0,1013.67,6.0,4.72,10.0,0.5,,,,,,,,,,,,,,,,,,,,,,,,,,,,,,,,,,,,,,,,,,,,,,,,,,,,,,,,,,,,,,,,,,,,,,,,,,,,,,,,,,,,,,,,,,,,,,,,,,,,,,,,,,,,,,,,,,,,,,,,
1911,2,128.3,-35.6,,,,,,,,,,,,,,,,,,,,,,,,,,,,,,,,,4.6,6.7,9.71,7.38,21.0,4.03,12.0,0.4,-6.7,-1.02,2.62,-1.65,21.0,5.73,12.0,0.4,-1.42,0.0,9.09,3.16,21.0,5.21,12.0,0.4,1005.16,1005.5,1005.84,1005.5,2.0,0.71,4.0,0.5,,,,,,,,,,,,,,,,,,,,,,,,,,,,,,,,,,,,,,,,,,,,,,,,,,,,,,,,,,,,,,,,,,,,,,,,,,,,,,,,,,,,,,,,,,,,,,,,,,,,,,,,,,,,,,,,,,,,,,,,
1911,2,128.3,30.6,14.31,16.75,19.45,16.74,32.0,2.59,14.0,0.3,7.95,12.25,15.69,12.17,32.0,3.98,14.0,0.2,6.42,7.98,9.55,7.98,2.0,3.24,6.0,0.5,81.1,83.3,85.5,83.3,2.0,4.6,6.0,0.5,4.6,6.7,12.3,7.11,32.0,3.13,14.0,0.3,-3.65,0.0,3.98,-0.31,32.0,4.55,14.0,0.3,-8.11,-4.6,0.0,-4.56,32.0,4.44,14.0,0.3,1018.79,1024.5,1030.76,1024.77,25.0,6.44,12.0,0.2,1.0,5.0,8.0,4.9,32.0,3.0,14.0,0.3,-17.7,0.0,29.6,-5.9,32.0,47.8,14.0,0.3,-81.3,-25.6,0.0,-37.6,32.0,49.1,14.0,0.3,1.58,4.4,7.85,4.39,31.0,3.59,14.0,0.2,10.1,20.2,57.4,34.4,30.0,32.6,14.0,0.2,2.72,3.87,5.03,3.87,2.0,2.39,6.0,0.5,19.3,39.2,59.1,39.2,2.0,41.3,6.0,0.5,-46.1,0.0,46.9,-10.1,31.0,67.7,14.0,0.2,-91.4,-56.1,0.0,-41.2,31.0,52.9,14.0,0.2,0.0,0.0,0.0,0.0,2.0,0.0,6.0,0.5,-51.4,-11.4,28.6,-11.4,2.0,83.0,6.0,0.5,,,,,,,,,,,,,,,,,,,,,,,,,,,,,,,,
1911,2,128.4,26.4,,,,,,,,,,,,,,,,,,,,,,,,,,,,,,,,,2.48,9.3,9.3,6.06,7.0,4.14,12.0,0.4,-4.65,-3.18,-1.75,-3.05,7.0,1.77,12.0,0.4,-8.09,-8.05,1.06,-4.29,7.0,4.94,12.0,0.4,1005.64,1006.3,1013.0,1009.52,5.0,7.52,4.0,0.4,,,,,,,,,,,,,,,,,,,,,,,,,,,,,,,,,,,,,,,,,,,,,,,,,,,,,,,,,-90.6,-52.7,-35.0,-58.2,7.0,35.2,12.0,0.4,-156.9,-121.5,23.0,-76.6,7.0,91.8,12.0,0.4,-29.1,-29.1,-29.1,-29.1,1.0,0.0,18.0,0.0,-79.8,-79.8,-79.8,-79.8,1.0,0.0,18.0,0.0,,,,,,,,,,,,,,,,,,,,,,,,,,,,,,,,
1911,2,128.4,28.2,,,,,,,,,,,,,,,,,,,,,,,,,,,,,,,,,,,,,,,,,,,,,,,,,,,,,,,,,,,,,,,,,,,,,,,,,,,,,,,,,,,,,,,,,,,,,,,,,,,,,,,,,,,,,,,,,,,,,,,,,,,,,,,,,,,,,,,,,,,,,,,,,,,,,,,,,-9.8,0.0,0.0,-4.8,3.0,8.3,18.0,0.3,-60.3,-40.0,-39.5,-49.7,3.0,17.4,18.0,0.3,17.5,552.5,1861.0,712.0,12.0,760.0,16.0,0.7,20.0,555.0,1860.0,710.0,12.0,760.0,16.0,0.7
1911,2,128.4,28.5,18.97,20.0,21.25,20.28,12.0,1.38,16.0,0.7,13.9,16.75,18.93,16.58,12.0,2.52,16.0,0.7,9.2,9.38,9.63,9.41,3.0,0.32,18.0,0.3,95.7,100.0,100.0,97.9,3.0,3.6,18.0,0.3,2.6,8.0,12.3,7.38,12.0,3.91,16.0,0.7,-6.37,-2.61,0.0,-3.71,12.0,3.95,16.0,0.7,-9.3,-3.58,0.0,-4.23,12.0,4.96,16.0,0.7,1016.43,1023.6,1029.18,1023.21,11.0,7.15,16.0,0.6,0.7,4.5,6.0,3.8,12.0,2.7,16.0,0.7,-58.2,-11.5,0.0,-32.3,12.0,52.1,16.0,0.7,-86.5,-27.5,0.0,-38.8,12.0,55.3,16.0,0.7,1.52,3.9,6.1,3.71,12.0,2.2,16.0,0.7,4.0,36.0,56.7,33.7,12.0,28.2,16.0,0.7,4.36,4.5,5.3,4.82,3.0,0.74,18.0,0.3,40.6,41.8,60.9,50.5,3.0,16.7,18.0,0.3,-110.7,-44.8,0.0,-63.4,12.0,65.1,16.0,0.7,-129.3,-67.4,0.0,-62.7,12.0,69.6,16.0,0.7,-20.4,0.0,0.0,-9.9,3.0,17.2,18.0,0.3,-108.7,-84.7,-82.9,-95.5,3.0,21.1,18.0,0.3,,,,,,,,,,,,,,,,,,,,,,,,,,,,,,,,
1911,2,128.4,38.4,,,,,,,,,,,,,,,,,,,,,,,,,,,,,,,,,2.6,3.6,9.3,5.03,18.0,3.61,12.0,0.2,-0.1,1.99,7.32,3.12,18.0,4.15,12.0,0.2,-2.78,0.0,1.16,-1.1,18.0,3.34,12.0,0.2,1017.17,1025.4,1033.0,1024.39,18.0,7.6,12.0,0.2,,,,,,,,,,,,,,,,,,,,,,,,,,,,,,,,,,,,,,,,,,,,,,,,,,,,,,,,,,,,,,,,,,,,,,,,,,,,,,,,,,,,,,,,,,,,,,,,,,,,,,,,,,,,,,,,,,,,,,,,
1911,2,128.4,40.2,,,,,,,,,,,,,,,,,,,,,,,,,,,,,,,,,1.0,2.6,4.67,3.36,26.0,2.21,10.0,0.3,0.0,0.97,2.98,1.14,26.0,2.04,10.0,0.3,-3.52,0.0,2.46,-0.62,26.0,3.27,10.0,0.3,1021.1,1024.2,1030.22,1025.62,27.0,5.32,12.0,0.3,,,,,,,,,,,,,,,,,,,,,,,,,,,,,,,,,,,,,,,,,,,,,,,,,,,,,,,,,,,,,,,,,,,,,,,,,,,,,,,,,,,,,,,,,,,,,,,,,,,,,,,,,,,,,,,,,,,,,,,,
1911,2,128.5,-5.3,27.8,27.8,28.9,28.17,6.0,0.57,14.0,0.5,28.2,28.85,30.6,29.17,6.0,1.23,14.0,0.5,21.83,23.09,23.09,22.48,3.0,1.06,24.0,0.3,84.1,84.1,87.0,85.5,3.0,2.5,24.0,0.3,2.6,4.6,5.03,4.28,6.0,1.54,14.0,0.5,2.35,4.32,4.79,4.0,6.0,1.64,14.0,0.5,-1.57,1.03,1.59,0.36,6.0,1.52,14.0,0.5,1003.52,1009.65,1013.7,1008.92,6.0,5.21,14.0,0.5,1.8,3.0,5.6,3.7,6.0,2.6,14.0,0.5,6.1,19.9,24.9,19.2,6.0,14.1,14.0,0.5,-7.2,3.3,7.4,1.2,6.0,6.8,14.0,0.5,-1.7,-1.05,-0.4,-1.0,6.0,0.75,14.0,0.5,-8.4,-3.4,-1.0,-4.4,6.0,4.1,14.0,0.5,1.85,1.85,2.04,1.94,3.0,0.16,24.0,0.3,5.0,5.5,7.5,6.3,3.0,2.0,24.0,0.3,71.0,121.2,145.0,116.6,6.0,48.3,14.0,0.5,-43.9,30.7,47.5,11.4,6.0,43.8,14.0,0.5,46.8,56.4,86.0,66.2,3.0,30.0,24.0,0.3,25.3,35.5,36.1,30.8,3.0,8.9,24.0,0.3,4.3,4.5,6.9,5.6,3.0,2.1,24.0,0.3,2.0,2.9,3.3,2.7,3.0,1.0,24.0,0.3,17.5,97.5,139.5,104.5,6.0,103.5,14.0,0.5,20.0,95.0,140.0,105.0,6.0,105.0,14.0,0.5
1911,2,128.5,26.5,20.06,21.4,22.18,21.21,8.0,1.17,12.0,0.4,17.86,19.7,20.98,19.06,8.0,2.49,12.0,0.4,9.13,9.13,9.13,9.13,1.0,0.0,18.0,0.0,93.7,93.7,93.7,93.7,1.0,0.0,18.0,0.0,,,,,,,,,,,,,,,,,,,,,,,,,,,,,,,,,7.3,8.0,8.0,7.6,5.0,0.9,4.0,0.4,-43.2,-29.6,-4.6,-24.3,7.0,20.0,12.0,0.4,-75.2,-74.9,2.7,-42.7,7.0,42.3,12.0,0.4,0.0,1.95,4.29,2.15,8.0,2.27,12.0,0.4,0.0,0.0,32.6,16.3,7.0,21.4,12.0,0.4,4.74,4.74,4.74,4.74,1.0,0.0,18.0,0.0,44.1,44.1,44.1,44.1,1.0,0.0,18.0,0.0,,,,,,,,,,,,,,,,,,,,,,,,,,,,,,,,,,,,,,,,,,,,,,,,,,,,,,,,,,,,,,,,
1911,2,128.5,32.5,,,,,,,,,,,,,,,,,,,,,,,,,,,,,,,,,,,,,,,,,,,,,,,,,,,,,,,,,,,,,,,,,,,,,,,,,,,,,,,,,,,,,,,,,,,,,,,,,,,,,,,,,,,,,,,,,,,,,,,,,,,,,,,,,,,,,,,,,,,,,,,,,,,,,,,,,-17.5,0.0,13.3,-3.5,37.0,22.4,14.0,0.1,-36.6,-12.5,5.3,-14.5,37.0,20.7,14.0,0.1,1.0,97.5,804.5,312.0,365.0,522.0,14.0,0.2,0.0,95.0,805.0,310.0,365.0,520.0,14.0,0.2
1911,2,128.5,34.2,,,,,,,,,,,,,,,,,,,,,,,,,,,,,,,,,,,,,,,,,,,,,,,,,,,,,,,,,,,,,,,,,0.0,2.0,8.0,3.4,129.0,3.0,14.0,0.2,-34.4,0.0,19.9,-5.3,141.0,40.8,14.0,0.2,-35.6,-6.4,0.0,-17.3,141.0,34.1,14.0,0.2,,,,,,,,,,,,,,,,,,,,,,,,,,,,,,,,,,,,,,,,,,,,,,,,,,,,,,,,,,,,,,,,,,,,,,,,,,,,,,,,,,,,,,,,,,,,,,,,
1911,2,128.5,34.3,9.4,12.2,13.9,11.45,145.0,2.56,14.0,0.2,3.31,7.2,10.6,7.23,146.0,3.67,14.0,0.2,7.32,7.32,7.32,7.32,1.0,0.0,26.0,0.0,72.4,72.4,72.4,72.4,1.0,0.0,26.0,0.0,2.6,4.6,6.7,4.87,141.0,3.27,14.0,0.2,-4.96,0.0,4.31,-0.09,141.0,4.28,14.0,0.2,-5.13,-1.99,0.0,-2.31,141.0,3.29,14.0,0.2,1018.19,1026.6,1033.0,1025.83,139.0,6.73,14.0,0.2,,,,,,,,,,,,,,,,,,,,,,,,,1.1,4.4,7.8,4.27,145.0,3.43,14.0,0.2,2.2,15.2,44.7,22.7,140.0,22.9,14.0,0.2,2.48,2.48,2.48,2.48,1.0,0.0,26.0,0.0,11.4,11.4,11.4,11.4,1.0,0.0,26.0,0.0,-31.6,0.0,18.5,-3.1,141.0,32.9,14.0,0.2,-42.0,-11.2,0.0,-14.4,141.0,28.8,14.0,0.2,21.6,21.6,21.6,21.6,1.0,0.0,26.0,0.0,-25.8,-25.8,-25.8,-25.8,1.0,0.0,26.0,0.0,,,,,,,,,,,,,,,,,,,,,,,,,,,,,,,,
1911,2,128.6,32.5,10.6,13.3,15.0,12.94,364.0,2.49,14.0,0.2,5.0,8.3,12.2,8.62,366.0,3.47,14.0,0.2,4.15,4.91,7.18,5.36,37.0,1.52,14.0,0.1,59.2,71.1,85.8,71.9,38.0,11.6,14.0,0.1,1.0,4.6,9.3,5.08,365.0,3.24,14.0,0.2,-3.52,0.0,4.04,0.02,365.0,3.92,14.0,0.2,-6.7,-2.6,0.0,-3.01,365.0,3.45,14.0,0.2,1017.15,1026.55,1031.4,1025.09,342.0,6.75,14.0,0.2,1.0,3.0,7.0,4.0,325.0,2.7,14.0,0.2,-16.2,0.0,19.9,-0.6,365.0,37.1,14.0,0.2,-46.5,-13.6,0.0,-23.2,365.0,33.7,14.0,0.2,1.13,4.4,7.3,4.28,362.0,3.04,14.0,0.2,1.7,15.8,48.2,24.0,359.0,25.3,14.0,0.2,2.89,4.0,5.47,3.92,37.0,1.37,14.0,0.1,9.9,20.5,47.1,26.7,37.0,20.6,14.0,0.1,-29.2,0.0,24.8,-0.7,363.0,33.7,14.0,0.2,-47.7,-20.5,0.0,-21.5,363.0,30.5,14.0,0.2,-25.2,0.0,18.5,-0.8,37.0,23.6,14.0,0.1,-35.2,-19.8,8.1,-15.2,37.0,25.7,14.0,0.1,,,,,,,,,,,,,,,,,,,,,,,,,,,,,,,,
1911,2,128.7,36.5,,,,,,,,,,,,,,,,,,,,,,,,,,,,,,,,,2.6,4.6,9.3,5.81,31.0,2.97,10.0,0.5,-3.69,1.99,5.98,1.49,31.0,4.07,10.0,0.5,-5.51,-1.57,2.96,-1.65,31.0,4.69,10.0,0.5,1015.7,1021.2,1034.17,1023.22,31.0,9.64,10.0,0.5,,,,,,,,,,,,,,,,,,,,,,,,,,,,,,,,,,,,,,,,,,,,,,,,,,,,,,,,,,,,,,,,,,,,,,,,,,,,,,,,,,,,,,,,,,,,,,,,,,,,,,,,,,,,,,,,,,,,,,,,
1911,2,128.9,34.0,,,,,,,,,,,,,,,,,,,,,,,,,,,,,,,,,,,,,,,,,,,,,,,,,,,,,,,,,,,,,,,,,,,,,,,,,,,,,,,,,,,,,,,,,,,,,,,,,,,,,,,,,,,,,,,,,,,,,,,,,,,,,,,,,,,,,,,,,,,,,,,,,,,,,,,,,7.3,7.3,7.3,7.3,1.0,0.0,26.0,0.0,-8.7,-8.7,-8.7,-8.7,1.0,0.0,26.0,0.0,17.5,97.5,301.0,304.0,141.0,593.5,14.0,0.2,20.0,95.0,300.0,305.0,141.0,595.0,14.0,0.2
1911,2,130.2,34.1,,,,,,,,,,,,,,,,,,,,,,,,,,,,,,,,,,,,,,,,,,,,,,,,,,,,,,,,,,,,,,,,,1.0,5.0,7.0,4.3,91.0,2.8,14.0,0.3,-19.9,0.0,13.6,-3.2,97.0,31.0,14.0,0.3,-28.9,-5.2,1.0,-14.0,97.0,33.8,14.0,0.3,0.5,2.8,5.6,3.0,97.0,2.74,14.0,0.3,1.0,7.8,30.2,15.1,95.0,19.6,14.0,0.3,2.38,2.93,4.64,3.28,8.0,1.25,16.0,0.1,6.2,13.0,18.9,12.6,8.0,6.6,16.0,0.1,,,,,,,,,,,,,,,,,,,,,,,,,,,,,,,,,,,,,,,,,,,,,,,,,,,,,,,,,,,,,,,,
1911,2,130.3,-37.3,,,,,,,,,,,,,,,,,,,,,,,,,,,,,,,,,3.68,6.7,9.3,7.42,17.0,4.56,12.0,0.9,-3.94,0.0,7.49,1.22,17.0,5.94,12.0,0.9,-2.85,4.74,7.49,3.62,17.0,5.34,12.0,0.9,1001.63,1003.0,1004.37,1003.0,3.0,2.0,10.0,1.0,,,,,,,,,,,,,,,,,,,,,,,,,,,,,,,,,,,,,,,,,,,,,,,,,,,,,,,,,,,,,,,,,,,,,,,,,,,,,,,,,,,,,,,,,,,,,,,,,,,,,,,,,,,,,,,,,,,,,,,,
1911,2,130.3,-5.7,27.39,27.8,28.14,27.77,3.0,0.55,12.0,0.7,27.75,29.45,30.31,29.05,4.0,1.72,14.0,0.8,22.24,22.34,22.43,22.34,2.0,0.2,26.0,1.0,81.3,82.6,83.9,82.6,2.0,2.7,26.0,1.0,2.6,5.95,9.3,5.95,4.0,3.87,14.0,0.8,2.52,5.67,8.96,5.74,4.0,3.72,14.0,0.8,-2.44,-0.81,0.47,-0.98,4.0,1.8,14.0,0.8,1004.7,1008.45,1011.37,1008.05,4.0,3.93,14.0,0.8,2.0,3.5,5.5,3.8,4.0,2.1,14.0,0.8,6.5,44.0,83.3,44.9,4.0,44.3,14.0,0.8,-22.6,-7.5,1.2,-10.6,4.0,14.8,14.0,0.8,-2.11,-1.7,0.21,-0.97,3.0,1.81,12.0,0.7,-12.7,-6.0,5.1,-3.9,3.0,13.1,12.0,0.7,1.92,1.92,1.92,1.92,1.0,0.0,26.0,1.0,5.0,5.0,5.0,5.0,1.0,0.0,26.0,1.0,76.3,162.0,248.7,162.5,4.0,99.5,14.0,0.8,-68.7,-21.6,14.0,-27.1,4.0,51.9,14.0,0.8,55.4,56.3,57.3,56.3,2.0,2.0,26.0,1.0,3.2,10.0,16.8,10.0,2.0,14.1,26.0,1.0,,,,,,,,,,,,,,,,,,,,,,,,,,,,,,,,
1911,2,130.3,-5.6,,,,,,,,,,,,,,,,,,,,,,,,,,,,,,,,,,,,,,,,,,,,,,,,,,,,,,,,,,,,,,,,,,,,,,,,,,,,,,,,,,,,,,,,,,,,,,,,,,,,,,,,,,,,,,,,,,,,,,,,,,,,,,,,,,,,,,,,,,,,,,,,,,,,,,,,,5.0,5.0,5.0,5.0,1.0,0.0,26.0,1.0,0.0,0.0,0.0,0.0,1.0,0.0,26.0,1.0,17.5,411.0,804.5,411.0,4.0,454.0,14.0,0.8,20.0,410.0,805.0,410.0,4.0,455.0,14.0,0.8
1911,2,130.3,30.5,13.9,15.7,19.44,16.56,36.0,2.37,12.0,0.4,8.67,12.2,15.46,12.09,34.0,3.3,12.0,0.4,6.8,7.09,7.37,7.09,2.0,0.59,18.0,0.5,100.0,100.0,100.0,100.0,2.0,0.0,18.0,0.5,1.0,5.65,9.3,5.64,36.0,3.62,12.0,0.4,-6.42,-0.77,1.12,-1.61,36.0,4.0,12.0,0.4,-6.89,-4.6,-0.36,-3.84,36.0,3.45,12.0,0.4,1014.14,1026.6,1029.3,1021.85,27.0,8.03,10.0,0.4,,,,,,,,,,,,,,,,,,,,,,,,,1.1,4.55,8.08,4.37,34.0,3.38,12.0,0.4,1.1,23.0,60.3,31.0,34.0,29.5,12.0,0.4,4.15,5.03,5.91,5.03,2.0,1.82,18.0,0.5,51.1,61.9,72.7,61.9,2.0,22.4,18.0,0.5,-40.4,-9.0,14.5,-16.7,34.0,47.7,12.0,0.4,-79.3,-45.0,-1.6,-39.9,34.0,38.7,12.0,0.4,-52.9,-31.4,-10.0,-31.4,2.0,44.5,18.0,0.5,-86.0,-72.5,-59.0,-72.5,2.0,28.0,18.0,0.5,,,,,,,,,,,,,,,,,,,,,,,,,,,,,,,,
1911,2,130.3,34.0,,,,,,,,,,,,,,,,,,,,,,,,,,,,,,,,,,,,,,,,,,,,,,,,,,,,,,,,,,,,,,,,,,,,,,,,,,,,,,,,,,,,,,,,,,,,,,,,,,,,,,,,,,,,,,,,,,,,,,,,,,,,,,,,,,,,,,,,,,,,,,,,,,,,,,,,,-13.3,5.1,9.0,0.3,8.0,12.8,16.0,0.1,-10.7,-4.8,0.0,-5.4,8.0,5.3,16.0,0.1,1.0,97.5,301.0,233.0,97.0,507.0,14.0,0.3,0.0,95.0,300.0,235.0,97.0,505.0,14.0,0.3
1911,2,130.3,34.1,8.94,12.2,13.3,11.4,98.0,2.12,14.0,0.3,6.1,8.6,11.1,8.41,98.0,2.76,14.0,0.3,3.62,4.78,5.3,4.78,8.0,1.1,16.0,0.1,55.9,68.1,75.5,66.3,8.0,10.1,16.0,0.1,1.0,4.6,6.7,4.42,97.0,2.99,14.0,0.3,-4.12,0.0,2.96,-0.24,97.0,3.76,14.0,0.3,-4.53,-1.57,0.98,-1.79,97.0,3.34,14.0,0.3,1018.38,1026.1,1031.72,1025.16,89.0,6.88,14.0,0.2,,,,,,,,,,,,,,,,,,,,,,,,,,,,,,,,,,,,,,,,,,,,,,,,,,,,,,,,,-31.7,0.0,25.8,-1.1,96.0,29.9,14.0,0.3,-38.1,-13.5,6.6,-14.5,96.0,27.2,14.0,0.3,-20.9,5.8,13.1,1.1,8.0,16.8,16.0,0.1,-20.2,-8.5,0.0,-9.5,8.0,9.6,16.0,0.1,,,,,,,,,,,,,,,,,,,,,,,,,,,,,,,,
1911,2,130.4,-43.5,,,,,,,,,,,,,,,,,,,,,,,,,,,,,,,,,2.6,6.7,6.82,5.6,7.0,2.46,12.0,0.1,-1.84,1.84,6.33,2.64,7.0,4.4,12.0,0.1,-4.33,-1.84,2.56,-0.91,7.0,3.77,12.0,0.1,1020.38,1020.55,1020.72,1020.55,2.0,0.35,2.0,0.0,,,,,,,,,,,,,,,,,,,,,,,,,,,,,,,,,,,,,,,,,,,,,,,,,,,,,,,,,,,,,,,,,,,,,,,,,,,,,,,,,,,,,,,,,,,,,,,,,,,,,,,,,,,,,,,,,,,,,,,,
1911,2,130.4,-35.6,,,,,,,,,,,,,,,,,,,,,,,,,,,,,,,,,2.6,6.7,9.37,6.32,19.0,3.03,12.0,0.5,-9.3,-1.84,2.79,-2.47,19.0,5.78,12.0,0.5,-0.25,0.0,4.03,1.47,19.0,3.04,12.0,0.5,1007.0,1007.0,1007.0,1007.0,2.0,0.0,4.0,0.0,,,,,,,,,,,,,,,,,,,,,,,,,,,,,,,,,,,,,,,,,,,,,,,,,,,,,,,,,,,,,,,,,,,,,,,,,,,,,,,,,,,,,,,,,,,,,,,,,,,,,,,,,,,,,,,,,,,,,,,,
1911,2,130.4,30.3,,,,,,,,,,,,,,,,,,,,,,,,,,,,,,,,,,,,,,,,,,,,,,,,,,,,,,,,,,,,,,,,,,,,,,,,,,,,,,,,,,,,,,,,,,,,,,,,,,,,,,,,,,,,,,,,,,,,,,,,,,,,,,,,,,,,,,,,,,,,,,,,,,,,,,,,,-29.7,-17.6,-5.6,-17.6,2.0,24.9,18.0,0.5,-70.1,-53.6,-37.2,-53.6,2.0,34.0,18.0,0.5,1.0,199.0,804.5,400.5,36.0,533.0,12.0,0.4,0.0,200.0,805.0,400.0,36.0,535.0,12.0,0.4
1911,2,130.4,30.5,,,,,,,,,,,,,,,,,,,,,,,,,,,,,,,,,,,,,,,,,,,,,,,,,,,,,,,,,,,,,,,,,1.0,4.0,6.0,3.8,26.0,2.5,14.0,0.4,-50.6,-0.8,6.1,-14.6,36.0,38.3,12.0,0.4,-63.4,-21.2,-0.4,-30.9,36.0,36.8,12.0,0.4,,,,,,,,,,,,,,,,,,,,,,,,,,,,,,,,,,,,,,,,,,,,,,,,,,,,,,,,,,,,,,,,,,,,,,,,,,,,,,,,,,,,,,,,,,,,,,,,
1911,2,130.4,32.8,8.3,10.0,12.8,10.4,255.0,2.22,12.0,0.3,4.4,7.8,10.0,7.65,281.0,2.95,14.0,0.3,3.44,4.5,5.7,4.65,12.0,1.26,12.0,0.2,60.1,70.4,80.5,70.1,13.0,14.3,12.0,0.2,1.0,2.6,5.78,3.4,281.0,2.5,14.0,0.3,-1.67,0.0,3.41,0.76,281.0,3.34,14.0,0.3,-2.96,-0.64,0.58,-1.1,281.0,2.21,14.0,0.3,1015.8,1024.9,1033.0,1024.34,271.0,7.21,14.0,0.3,1.0,2.0,7.0,3.5,252.0,2.7,14.0,0.3,-5.2,0.0,16.2,5.8,281.0,27.7,14.0,0.3,-15.4,-0.6,0.6,-5.9,281.0,14.3,14.0,0.3,0.0,2.2,5.5,2.47,253.0,2.94,12.0,0.3,0.0,5.0,18.7,9.0,252.0,13.8,12.0,0.3,2.3,3.42,4.19,3.22,12.0,1.52,12.0,0.2,4.0,11.5,28.6,16.3,12.0,15.8,12.0,0.2,-12.2,0.0,28.8,5.6,279.0,26.7,14.0,0.3,-22.8,-3.9,3.3,-7.6,279.0,18.3,14.0,0.3,-4.4,7.9,22.6,7.5,12.0,16.1,12.0,0.2,-27.6,-3.5,0.0,-9.8,12.0,15.1,12.0,0.2,,,,,,,,,,,,,,,,,,,,,,,,,,,,,,,,
1911,2,130.4,36.3,,,,,,,,,,,,,,,,,,,,,,,,,,,,,,,,,1.0,8.0,12.3,7.39,10.0,5.13,10.0,0.3,0.0,7.57,11.46,6.16,10.0,5.08,10.0,0.3,-4.55,-0.64,1.0,-1.45,10.0,4.09,10.0,0.3,1013.1,1013.1,1013.1,1013.1,1.0,0.0,6.0,0.0,,,,,,,,,,,,,,,,,,,,,,,,,,,,,,,,,,,,,,,,,,,,,,,,,,,,,,,,,,,,,,,,,,,,,,,,,,,,,,,,,,,,,,,,,,,,,,,,,,,,,,,,,,,,,,,,,,,,,,,,
1911,2,130.5,28.7,,,,,,,,,,,,,,,,,,,,,,,,,,,,,,,,,2.6,4.6,15.4,8.39,9.0,6.04,16.0,0.6,-1.34,0.0,7.95,2.09,9.0,4.62,16.0,0.6,-12.16,-1.84,4.06,-4.77,9.0,7.99,16.0,0.6,1007.3,1008.5,1016.3,1011.5,8.0,6.79,10.0,0.3,,,,,,,,,,,,,,,,,,,,,,,,,,,,,,,,,,,,,,,,,,,,,,,,,,,,,,,,,,,,,,,,,,,,,,,,,,,,,,,,,,,,,,,,,,,,,,,,,,,,,,,,,,,,,,,,,,,,,,,,
1911,2,130.5,40.5,,,,,,,,,,,,,,,,,,,,,,,,,,,,,,,,,5.83,6.7,9.3,7.91,11.0,3.97,12.0,0.5,-1.46,0.0,5.24,1.94,11.0,5.06,12.0,0.5,-7.77,-6.3,-4.48,-6.53,11.0,2.82,12.0,0.5,1024.21,1025.9,1028.0,1024.77,7.0,3.95,14.0,0.3,,,,,,,,,,,,,,,,,,,,,,,,,,,,,,,,,,,,,,,,,,,,,,,,,,,,,,,,,,,,,,,,,,,,,,,,,,,,,,,,,,,,,,,,,,,,,,,,,,,,,,,,,,,,,,,,,,,,,,,,
1911,2,130.6,32.9,,,,,,,,,,,,,,,,,,,,,,,,,,,,,,,,,,,,,,,,,,,,,,,,,,,,,,,,,,,,,,,,,,,,,,,,,,,,,,,,,,,,,,,,,,,,,,,,,,,,,,,,,,,,,,,,,,,,,,,,,,,,,,,,,,,,,,,,,,,,,,,,,,,,,,,,,-3.1,1.7,12.7,0.4,12.0,19.0,12.0,0.2,-21.2,-2.1,0.0,-7.7,12.0,10.7,12.0,0.2,1.0,17.5,212.0,122.5,281.0,316.0,14.0,0.3,0.0,20.0,210.0,125.0,281.0,315.0,14.0,0.3
1911,2,130.8,42.3,,,,,,,,,,,,,,,,,,,,,,,,,,,,,,,,,2.82,8.0,9.3,6.51,8.0,3.39,14.0,0.0,0.0,0.47,5.44,1.76,8.0,2.65,14.0,0.0,-9.06,-6.86,-2.82,-5.79,8.0,3.34,14.0,0.0,1020.18,1029.0,1031.23,1026.9,7.0,6.12,14.0,0.0,,,,,,,,,,,,,,,,,,,,,,,,,,,,,,,,,,,,,,,,,,,,,,,,,,,,,,,,,,,,,,,,,,,,,,,,,,,,,,,,,,,,,,,,,,,,,,,,,,,,,,,,,,,,,,,,,,,,,,,,
1911,2,132.0,30.8,,,,,,,,,,,,,,,,,,,,,,,,,,,,,,,,,,,,,,,,,,,,,,,,,,,,,,,,,,,,,,,,,,,,,,,,,,,,,,,,,,,,,,,,,,,,,,,,,,,,,,,,,,,,,,,,,,,,,,,,,,,,,,,,,,,,,,,,,,,,,,,,,,,,,,,,,-38.4,-22.8,-7.2,-22.8,2.0,32.2,20.0,0.0,-74.9,-60.0,-45.2,-60.0,2.0,30.8,20.0,0.0,142.5,301.0,1626.5,700.0,15.0,660.0,16.0,0.5,140.0,300.0,1625.0,700.0,15.0,660.0,16.0,0.5
1911,2,132.1,28.9,,,,,,,,,,,,,,,,,,,,,,,,,,,,,,,,,15.4,15.4,15.4,15.4,1.0,0.0,4.0,0.0,9.9,9.9,9.9,9.9,1.0,0.0,4.0,0.0,-11.8,-11.8,-11.8,-11.8,1.0,0.0,4.0,0.0,1009.3,1009.3,1009.3,1009.3,1.0,0.0,4.0,0.0,,,,,,,,,,,,,,,,,,,,,,,,,,,,,,,,,,,,,,,,,,,,,,,,,,,,,,,,,,,,,,,,,,,,,,,,,,,,,,,,,,,,,,,,,,,,,,,,,,,,,,,,,,,,,,,,,,,,,,,,
1911,2,132.2,32.7,,,,,,,,,,,,,,,,,,,,,,,,,,,,,,,,,,,,,,,,,,,,,,,,,,,,,,,,,,,,,,,,,,,,,,,,,,,,,,,,,,,,,,,,,0.0,2.45,5.6,2.69,94.0,2.75,12.0,0.2,0.0,8.6,29.5,13.6,93.0,18.3,12.0,0.2,2.71,3.21,4.23,3.34,8.0,1.57,14.0,0.3,2.8,7.8,27.5,15.7,8.0,19.6,14.0,0.3,-18.5,6.9,48.6,11.8,109.0,35.6,12.0,0.2,-31.4,-5.0,0.0,-11.0,109.0,29.3,12.0,0.2,-2.7,3.7,12.4,2.2,9.0,17.7,14.0,0.2,-15.0,-3.1,3.6,-6.2,9.0,12.2,14.0,0.2,,,,,,,,,,,,,,,,,,,,,,,,,,,,,,,,
1911,2,132.2,42.2,,,,,,,,,,,,,,,,,,,,,,,,,,,,,,,,,2.29,6.7,7.2,5.74,25.0,3.21,14.0,0.4,0.0,2.29,4.31,2.11,25.0,2.12,14.0,0.4,-6.96,-5.13,-0.62,-4.71,25.0,3.53,14.0,0.4,1019.97,1026.6,1032.16,1026.15,21.0,6.79,16.0,0.4,,,,,,,,,,,,,,,,,,,,,,,,,,,,,,,,,,,,,,,,,,,,,,,,,,,,,,,,,,,,,,,,,,,,,,,,,,,,,,,,,,,,,,,,,,,,,,,,,,,,,,,,,,,,,,,,,,,,,,,,
1911,2,132.3,-37.4,,,,,,,,,,,,,,,,,,,,,,,,,,,,,,,,,4.6,6.7,12.3,8.28,21.0,3.9,12.0,0.3,-3.44,0.0,8.61,1.26,21.0,6.74,12.0,0.3,0.0,4.23,8.61,3.9,21.0,4.92,12.0,0.3,998.32,999.0,999.68,999.0,2.0,1.41,12.0,0.0,,,,,,,,,,,,,,,,,,,,,,,,,,,,,,,,,,,,,,,,,,,,,,,,,,,,,,,,,,,,,,,,,,,,,,,,,,,,,,,,,,,,,,,,,,,,,,,,,,,,,,,,,,,,,,,,,,,,,,,,
1911,2,132.3,-35.6,,,,,,,,,,,,,,,,,,,,,,,,,,,,,,,,,4.6,6.7,10.6,7.74,19.0,4.55,12.0,0.5,-8.63,-1.84,7.3,0.23,19.0,7.54,12.0,0.5,-1.84,1.72,6.17,1.95,19.0,4.79,12.0,0.5,1009.32,1010.0,1010.68,1010.0,2.0,1.41,4.0,1.0,,,,,,,,,,,,,,,,,,,,,,,,,,,,,,,,,,,,,,,,,,,,,,,,,,,,,,,,,,,,,,,,,,,,,,,,,,,,,,,,,,,,,,,,,,,,,,,,,,,,,,,,,,,,,,,,,,,,,,,,
1911,2,132.3,30.5,18.95,19.5,20.0,19.24,17.0,1.07,16.0,0.5,9.44,12.2,17.73,13.51,17.0,4.27,16.0,0.5,5.72,6.21,6.71,6.21,2.0,1.02,20.0,0.0,82.5,89.6,96.7,89.6,2.0,14.7,20.0,0.0,,,,,,,,,,,,,,,,,,,,,,,,,,,,,,,,,1.5,6.0,8.0,5.5,17.0,2.8,16.0,0.5,-60.7,0.0,15.3,-22.7,15.0,59.6,16.0,0.5,-85.0,-41.3,0.0,-41.9,15.0,42.9,16.0,0.5,1.09,7.8,9.68,5.73,17.0,4.49,16.0,0.5,8.6,43.6,91.8,50.5,15.0,38.7,16.0,0.5,6.78,7.6,8.41,7.6,2.0,1.69,20.0,0.0,63.0,70.6,78.2,70.6,2.0,15.8,20.0,0.0,,,,,,,,,,,,,,,,,,,,,,,,,,,,,,,,,,,,,,,,,,,,,,,,,,,,,,,,,,,,,,,,
1911,2,132.3,30.6,,,,,,,,,,,,,,,,,,,,,,,,,,,,,,,,,5.07,6.7,11.63,7.79,15.0,3.35,16.0,0.5,-6.91,0.0,3.04,-1.87,15.0,5.46,16.0,0.5,-9.14,-5.98,0.0,-4.9,15.0,4.11,16.0,0.5,1010.73,1014.45,1029.68,1017.8,8.0,8.76,12.0,0.4,,,,,,,,,,,,,,,,,,,,,,,,,,,,,,,,,,,,,,,,,,,,,,,,,,,,,,,,,-91.8,0.0,41.7,-30.1,15.0,85.0,16.0,0.5,-93.9,-53.0,0.0,-53.3,15.0,49.9,16.0,0.5,-41.6,-24.7,-7.8,-24.7,2.0,34.9,20.0,0.0,-49.5,-46.3,-43.0,-46.3,2.0,6.8,20.0,0.0,,,,,,,,,,,,,,,,,,,,,,,,,,,,,,,,
1911,2,132.3,32.7,9.77,11.1,15.6,11.97,95.0,2.92,12.0,0.2,5.0,8.9,11.1,8.55,110.0,3.85,12.0,0.2,3.86,4.88,5.24,4.78,9.0,0.96,14.0,0.2,57.6,68.0,87.7,70.9,9.0,14.6,14.0,0.2,1.0,4.6,6.7,4.51,110.0,3.32,12.0,0.2,-2.6,1.57,4.97,1.31,110.0,4.31,12.0,0.2,-4.52,-0.83,0.0,-1.61,110.0,2.93,12.0,0.2,1018.4,1023.85,1030.5,1023.81,104.0,6.23,12.0,0.2,0.0,3.0,8.0,3.9,103.0,2.9,12.0,0.2,-6.8,4.3,32.7,11.2,110.0,44.2,12.0,0.2,-21.2,-0.9,0.0,-11.8,110.0,30.5,12.0,0.2,,,,,,,,,,,,,,,,,,,,,,,,,,,,,,,,,,,,,,,,,,,,,,,,,,,,,,,,,,,,,,,,,-2.2,1.0,6.9,-0.7,8.0,20.1,14.0,0.3,-15.5,-4.2,0.6,-8.7,8.0,13.2,14.0,0.3,1.0,97.5,301.0,284.0,110.0,665.5,12.0,0.2,0.0,95.0,300.0,285.0,110.0,665.0,12.0,0.2
1911,2,132.4,-43.3,,,,,,,,,,,,,,,,,,,,,,,,,,,,,,,,,2.82,5.65,9.01,5.48,8.0,3.21,12.0,0.5,-1.8,3.11,8.36,2.93,8.0,4.93,12.0,0.5,-3.76,1.25,3.38,0.44,8.0,3.19,12.0,0.5,1017.43,1017.5,1017.57,1017.5,2.0,0.14,2.0,0.5,,,,,,,,,,,,,,,,,,,,,,,,,,,,,,,,,,,,,,,,,,,,,,,,,,,,,,,,,,,,,,,,,,,,,,,,,,,,,,,,,,,,,,,,,,,,,,,,,,,,,,,,,,,,,,,,,,,,,,,,
1911,2,132.4,-7.4,26.67,27.2,27.85,27.23,7.0,0.91,16.0,0.4,26.65,27.2,29.43,27.86,7.0,1.6,16.0,0.4,20.51,21.34,23.16,21.81,4.0,1.93,26.0,0.3,84.4,88.0,91.9,88.1,4.0,4.3,26.0,0.3,2.52,4.6,12.3,6.67,7.0,4.61,16.0,0.4,2.52,4.32,12.12,6.48,7.0,4.58,16.0,0.4,-2.19,0.0,0.4,-0.71,7.0,1.64,16.0,0.4,1004.1,1011.7,1012.7,1009.27,6.0,4.63,18.0,0.3,2.9,7.0,8.0,5.7,7.0,2.8,16.0,0.4,6.5,19.9,149.1,61.3,7.0,66.1,16.0,0.4,-26.4,0.0,0.7,-7.9,7.0,14.3,16.0,0.4,-1.15,-0.6,0.05,-0.63,7.0,1.03,16.0,0.4,-5.1,-2.2,0.6,-0.9,7.0,6.7,16.0,0.4,0.67,1.02,1.78,1.22,4.0,0.83,26.0,0.3,1.4,2.5,7.1,4.2,4.0,4.6,26.0,0.3,67.4,129.7,315.6,176.2,7.0,118.9,16.0,0.4,-59.5,0.0,11.8,-19.0,7.0,46.1,16.0,0.4,35.5,71.5,98.8,67.3,4.0,38.7,26.0,0.3,-17.3,3.7,23.7,3.2,4.0,29.4,26.0,0.3,,,,,,,,,,,,,,,,,,,,,,,,,,,,,,,,
1911,2,132.5,-7.4,,,,,,,,,,,,,,,,,,,,,,,,,,,,,,,,,,,,,,,,,,,,,,,,,,,,,,,,,,,,,,,,,,,,,,,,,,,,,,,,,,,,,,,,,,,,,,,,,,,,,,,,,,,,,,,,,,,,,,,,,,,,,,,,,,,,,,,,,,,,,,,,,,,,,,,,,1.4,2.4,6.8,4.0,4.0,4.3,26.0,0.3,-2.0,0.2,0.5,-0.7,4.0,2.1,26.0,0.3,17.0,97.5,1861.0,677.0,7.0,854.5,16.0,0.4,15.0,95.0,1860.0,675.0,7.0,855.0,16.0,0.4
1911,2,132.6,34.1,7.8,8.9,11.1,9.31,164.0,2.03,14.0,0.2,4.4,7.8,10.6,7.49,165.0,3.07,14.0,0.2,4.1,4.66,5.24,4.62,10.0,0.69,12.0,0.3,57.2,73.9,92.0,74.5,10.0,17.1,12.0,0.3,1.0,2.6,6.7,3.24,162.0,2.72,14.0,0.2,-0.97,0.64,4.32,1.45,162.0,3.31,14.0,0.2,-2.29,0.0,0.89,-0.59,162.0,2.13,14.0,0.2,1014.7,1022.2,1029.7,1022.04,164.0,7.04,14.0,0.2,0.4,3.0,7.6,3.6,142.0,2.8,14.0,0.2,-1.0,0.7,21.2,10.4,162.0,29.2,14.0,0.2,-7.2,0.0,0.9,-2.7,162.0,14.4,14.0,0.2,-0.6,1.7,4.4,1.72,162.0,2.43,14.0,0.2,-1.3,2.9,18.1,6.8,157.0,12.4,14.0,0.2,1.48,2.23,3.55,2.36,10.0,1.02,12.0,0.3,0.3,1.8,8.2,3.4,9.0,3.8,12.0,0.3,-7.9,4.0,34.2,11.6,160.0,26.1,14.0,0.2,-15.6,0.0,7.2,-2.3,160.0,17.2,14.0,0.2,0.0,1.5,6.1,3.0,9.0,4.8,12.0,0.3,-7.4,-4.3,0.0,-2.9,9.0,4.3,12.0,0.3,,,,,,,,,,,,,,,,,,,,,,,,,,,,,,,,
1911,2,132.6,40.5,,,,,,,,,,,,,,,,,,,,,,,,,,,,,,,,,6.63,10.8,12.4,10.44,26.0,3.97,12.0,0.2,-2.5,2.56,4.65,2.07,26.0,4.1,12.0,0.2,-12.16,-9.36,-6.12,-9.01,26.0,4.84,12.0,0.2,1017.53,1026.9,1030.76,1023.88,25.0,10.42,14.0,0.2,,,,,,,,,,,,,,,,,,,,,,,,,,,,,,,,,,,,,,,,,,,,,,,,,,,,,,,,,,,,,,,,,,,,,,,,,,,,,,,,,,,,,,,,,,,,,,,,,,,,,,,,,,,,,,,,,,,,,,,,
1911,2,132.7,34.1,,,,,,,,,,,,,,,,,,,,,,,,,,,,,,,,,,,,,,,,,,,,,,,,,,,,,,,,,,,,,,,,,,,,,,,,,,,,,,,,,,,,,,,,,,,,,,,,,,,,,,,,,,,,,,,,,,,,,,,,,,,,,,,,,,,,,,,,,,,,,,,,,,,,,,,,,0.0,0.6,3.6,1.5,9.0,2.2,12.0,0.3,-5.8,-0.7,0.0,-2.0,9.0,3.9,12.0,0.3,1.0,17.5,301.0,132.0,162.0,326.0,14.0,0.2,0.0,20.0,300.0,130.0,162.0,325.0,14.0,0.2
1911,2,132.9,38.8,,,,,,,,,,,,,,,,,,,,,,,,,,,,,,,,,4.62,6.7,12.3,7.8,5.0,4.72,8.0,0.4,-2.41,-1.0,4.24,0.83,5.0,4.38,8.0,0.4,-10.41,-6.3,-3.92,-6.8,5.0,4.53,8.0,0.4,1007.18,1022.05,1026.97,1017.3,4.0,13.75,8.0,0.3,,,,,,,,,,,,,,,,,,,,,,,,,,,,,,,,,,,,,,,,,,,,,,,,,,,,,,,,,,,,,,,,,,,,,,,,,,,,,,,,,,,,,,,,,,,,,,,,,,,,,,,,,,,,,,,,,,,,,,,,
1911,2,134.1,-7.7,,,,,,,,,,,,,,,,,,,,,,,,,,,,,,,,,9.3,9.3,9.3,9.3,1.0,0.0,4.0,1.0,9.16,9.16,9.16,9.16,1.0,0.0,4.0,1.0,-1.61,-1.61,-1.61,-1.61,1.0,0.0,4.0,1.0,1001.63,1002.55,1003.47,1002.55,2.0,1.91,4.0,1.0,,,,,,,,,,,,,,,,,,,,,,,,,,,,,,,,,,,,,,,,,,,,,,,,,,,,,,,,,,,,,,,,,,,,,,,,,,,,,,,,,,,,,,,,,,,,,,,,,,,,,,,,,,,,,,,,,,,,,,,,
1911,2,134.2,38.4,,,,,,,,,,,,,,,,,,,,,,,,,,,,,,,,,2.6,5.65,10.35,6.2,24.0,4.61,14.0,0.5,-0.8,1.14,4.74,2.49,24.0,5.53,14.0,0.5,-6.35,-2.27,0.0,-2.98,24.0,3.88,14.0,0.5,1013.05,1023.25,1027.6,1021.22,20.0,9.68,14.0,0.5,,,,,,,,,,,,,,,,,,,,,,,,,,,,,,,,,,,,,,,,,,,,,,,,,,,,,,,,,,,,,,,,,,,,,,,,,,,,,,,,,,,,,,,,,,,,,,,,,,,,,,,,,,,,,,,,,,,,,,,,
1911,2,134.3,-37.4,,,,,,,,,,,,,,,,,,,,,,,,,,,,,,,,,4.6,6.7,11.02,7.71,10.0,2.97,14.0,0.5,-6.79,0.0,2.62,-1.22,10.0,6.18,14.0,0.5,0.77,5.2,7.84,4.63,10.0,3.34,14.0,0.5,998.0,998.0,998.0,998.0,1.0,0.0,12.0,1.0,,,,,,,,,,,,,,,,,,,,,,,,,,,,,,,,,,,,,,,,,,,,,,,,,,,,,,,,,,,,,,,,,,,,,,,,,,,,,,,,,,,,,,,,,,,,,,,,,,,,,,,,,,,,,,,,,,,,,,,,
1911,2,134.4,-43.1,,,,,,,,,,,,,,,,,,,,,,,,,,,,,,,,,3.14,6.7,8.6,5.78,9.0,2.89,14.0,0.8,-4.24,1.84,7.97,1.72,9.0,5.76,14.0,0.8,-2.87,0.0,3.25,0.27,9.0,3.05,14.0,0.8,1013.66,1014.85,1016.04,1014.85,2.0,2.47,4.0,1.0,,,,,,,,,,,,,,,,,,,,,,,,,,,,,,,,,,,,,,,,,,,,,,,,,,,,,,,,,,,,,,,,,,,,,,,,,,,,,,,,,,,,,,,,,,,,,,,,,,,,,,,,,,,,,,,,,,,,,,,,
1911,2,134.4,-35.6,,,,,,,,,,,,,,,,,,,,,,,,,,,,,,,,,2.6,4.6,9.4,6.01,25.0,3.86,12.0,0.5,-5.36,-0.97,8.62,-0.1,25.0,6.54,12.0,0.5,-2.02,0.97,3.67,0.77,25.0,3.02,12.0,0.5,1002.49,1010.0,1012.05,1007.33,3.0,7.37,8.0,0.7,,,,,,,,,,,,,,,,,,,,,,,,,,,,,,,,,,,,,,,,,,,,,,,,,,,,,,,,,,,,,,,,,,,,,,,,,,,,,,,,,,,,,,,,,,,,,,,,,,,,,,,,,,,,,,,,,,,,,,,,
1911,2,134.4,34.2,,,,,,,,,,,,,,,,,,,,,,,,,,,,,,,,,,,,,,,,,,,,,,,,,,,,,,,,,,,,,,,,,,,,,,,,,,,,,,,,,,,,,,,,,,,,,,,,,,,,,,,,,,,,,,,,,,,,,,,,,,,,,,,,,,,,,,,,,,,,,,,,,,,,,,,,,-3.1,0.3,7.5,2.6,14.0,7.0,10.0,0.4,-18.0,-2.1,0.0,-6.9,14.0,10.5,10.0,0.4,1.0,17.5,301.0,154.0,303.0,366.0,16.0,0.4,0.0,20.0,300.0,155.0,303.0,365.0,16.0,0.4
1911,2,134.4,34.3,,,,,,,,,,,,,,,,,,,,,,,,,,,,,,,,,1.0,2.6,6.7,3.47,303.0,2.84,16.0,0.4,-1.0,0.0,4.32,1.07,303.0,3.01,16.0,0.4,-4.31,-0.77,0.0,-1.56,303.0,2.75,16.0,0.4,1013.7,1021.3,1027.8,1021.05,294.0,7.36,16.0,0.4,,,,,,,,,,,,,,,,,,,,,,,,,,,,,,,,,,,,,,,,,,,,,,,,,,,,,,,,,-9.4,0.0,28.9,7.5,301.0,24.3,16.0,0.4,-26.1,-5.0,0.0,-9.5,301.0,21.6,16.0,0.4,-3.2,1.8,14.5,7.2,15.0,13.2,10.0,0.5,-17.3,-6.0,0.0,-15.3,15.0,24.9,10.0,0.5,,,,,,,,,,,,,,,,,,,,,,,,,,,,,,,,
1911,2,134.5,-9.3,27.53,28.0,28.9,28.1,5.0,0.9,18.0,0.4,26.67,28.0,29.3,28.0,5.0,1.53,18.0,0.4,21.46,22.27,23.08,22.27,2.0,1.68,26.0,1.0,84.9,86.2,87.4,86.2,2.0,2.6,26.0,1.0,2.6,4.6,6.32,4.74,5.0,2.74,18.0,0.4,2.44,4.23,6.08,4.53,5.0,2.81,18.0,0.4,-1.8,0.0,0.89,-0.36,5.0,1.36,18.0,0.4,1003.77,1009.3,1009.57,1006.73,3.0,4.8,18.0,0.7,,,,,,,,,,,,,,,,,,,,,,,,,-0.4,0.0,0.75,0.1,5.0,0.79,18.0,0.4,-1.0,0.0,5.0,1.5,5.0,3.5,18.0,0.4,1.96,2.77,3.59,2.77,2.0,1.69,26.0,1.0,5.1,7.2,9.3,7.2,2.0,4.4,26.0,1.0,72.3,114.3,163.9,123.9,5.0,70.1,18.0,0.4,-49.2,0.0,26.1,-9.3,5.0,38.2,18.0,0.4,52.4,54.4,56.4,54.4,2.0,4.1,26.0,1.0,19.1,19.8,20.5,19.8,2.0,1.5,26.0,1.0,,,,,,,,,,,,,,,,,,,,,,,,,,,,,,,,
1911,2,134.5,-9.2,,,,,,,,,,,,,,,,,,,,,,,,,,,,,,,,,,,,,,,,,,,,,,,,,,,,,,,,,,,,,,,,,3.0,4.5,6.6,4.8,4.0,2.5,18.0,0.5,6.4,19.5,44.0,27.6,5.0,33.6,18.0,0.4,-8.3,0.0,2.3,-2.4,5.0,5.5,18.0,0.4,,,,,,,,,,,,,,,,,,,,,,,,,,,,,,,,,,,,,,,,,,,,,,,,,,,,,,,,,,,,,,,,,,,,,,,,,,,,,,,,,,,,,,,,,,,,,,,,
1911,2,134.5,-9.1,,,,,,,,,,,,,,,,,,,,,,,,,,,,,,,,,,,,,,,,,,,,,,,,,,,,,,,,,,,,,,,,,,,,,,,,,,,,,,,,,,,,,,,,,,,,,,,,,,,,,,,,,,,,,,,,,,,,,,,,,,,,,,,,,,,,,,,,,,,,,,,,,,,,,,,,,4.8,6.8,8.8,6.8,2.0,4.1,26.0,1.0,1.7,2.5,3.2,2.5,2.0,1.5,26.0,1.0,17.5,97.5,355.5,207.0,5.0,336.5,18.0,0.4,20.0,95.0,355.0,205.0,5.0,335.0,18.0,0.4
1911,2,134.5,34.3,7.2,8.9,11.7,9.26,294.0,2.44,16.0,0.4,4.4,7.2,10.6,7.45,305.0,3.49,16.0,0.4,3.12,4.65,7.08,4.94,15.0,1.89,10.0,0.5,54.2,71.0,87.2,71.2,15.0,16.8,10.0,0.5,,,,,,,,,,,,,,,,,,,,,,,,,,,,,,,,,2.0,4.0,8.0,4.2,276.0,2.7,16.0,0.4,-2.3,0.0,21.2,8.4,303.0,24.2,16.0,0.4,-21.2,-0.8,0.0,-9.7,303.0,25.5,16.0,0.4,-1.1,1.7,4.5,1.62,293.0,3.21,16.0,0.4,-1.9,2.8,17.6,7.1,289.0,17.7,16.0,0.4,0.97,2.75,4.32,2.42,14.0,1.85,10.0,0.4,0.1,2.9,23.3,8.4,14.0,11.8,10.0,0.4,,,,,,,,,,,,,,,,,,,,,,,,,,,,,,,,,,,,,,,,,,,,,,,,,,,,,,,,,,,,,,,,
1911,2,134.5,42.2,,,,,,,,,,,,,,,,,,,,,,,,,,,,,,,,,2.6,6.7,6.7,5.06,5.0,2.25,22.0,0.0,2.6,6.3,6.44,4.9,5.0,2.1,22.0,0.0,0.0,0.0,2.29,0.92,5.0,1.26,22.0,0.0,1024.28,1026.9,1029.62,1026.94,5.0,3.02,22.0,0.0,,,,,,,,,,,,,,,,,,,,,,,,,,,,,,,,,,,,,,,,,,,,,,,,,,,,,,,,,,,,,,,,,,,,,,,,,,,,,,,,,,,,,,,,,,,,,,,,,,,,,,,,,,,,,,,,,,,,,,,,
1911,2,134.6,32.7,11.1,14.4,16.1,14.03,151.0,2.51,14.0,0.2,5.6,9.4,12.2,9.26,153.0,3.21,14.0,0.2,3.65,5.05,7.63,5.39,12.0,2.02,10.0,0.2,59.6,73.1,95.7,76.0,12.0,17.1,10.0,0.2,2.6,4.6,9.3,5.69,151.0,3.28,14.0,0.2,-1.87,0.64,4.31,0.87,151.0,3.51,14.0,0.2,-7.12,-4.31,-0.62,-4.32,151.0,3.39,14.0,0.2,1015.8,1022.4,1029.04,1022.42,137.0,6.68,14.0,0.2,1.0,4.0,8.0,4.1,149.0,2.8,14.0,0.2,-5.2,0.6,28.9,4.8,151.0,31.7,14.0,0.2,-66.6,-19.9,-0.6,-33.9,151.0,41.6,14.0,0.2,1.85,4.4,7.75,4.58,149.0,2.94,14.0,0.2,4.8,22.1,49.1,28.0,145.0,26.1,14.0,0.2,2.58,4.8,6.33,4.28,12.0,2.45,10.0,0.2,11.9,22.9,41.3,25.6,12.0,18.6,10.0,0.2,-10.7,3.2,38.2,7.4,148.0,36.8,14.0,0.2,-68.4,-30.8,-2.2,-37.8,148.0,34.9,14.0,0.2,-23.3,3.2,23.8,-0.8,12.0,27.2,10.0,0.2,-37.0,-16.8,2.2,-22.7,12.0,27.6,10.0,0.2,,,,,,,,,,,,,,,,,,,,,,,,,,,,,,,,
1911,2,134.6,36.5,,,,,,,,,,,,,,,,,,,,,,,,,,,,,,,,,2.6,4.6,11.92,6.23,27.0,4.83,12.0,0.2,-0.93,0.0,5.0,1.85,27.0,5.11,12.0,0.2,-8.74,-2.6,0.0,-3.67,27.0,4.48,12.0,0.2,1012.05,1021.5,1029.8,1019.65,31.0,11.5,14.0,0.2,,,,,,,,,,,,,,,,,,,,,,,,,,,,,,,,,,,,,,,,,,,,,,,,,,,,,,,,,,,,,,,,,,,,,,,,,,,,,,,,,,,,,,,,,,,,,,,,,,,,,,,,,,,,,,,,,,,,,,,,
1911,2,134.7,32.7,,,,,,,,,,,,,,,,,,,,,,,,,,,,,,,,,,,,,,,,,,,,,,,,,,,,,,,,,,,,,,,,,,,,,,,,,,,,,,,,,,,,,,,,,,,,,,,,,,,,,,,,,,,,,,,,,,,,,,,,,,,,,,,,,,,,,,,,,,,,,,,,,,,,,,,,,-17.9,0.0,18.8,-1.3,12.0,21.9,10.0,0.2,-32.3,-17.7,6.7,-15.6,12.0,17.7,10.0,0.2,17.5,97.5,804.5,384.5,151.0,617.0,14.0,0.2,20.0,95.0,805.0,385.0,151.0,615.0,14.0,0.2
1911,2,136.2,32.8,13.0,14.4,16.7,14.54,114.0,1.81,14.0,0.3,6.7,10.0,12.98,9.83,115.0,2.91,14.0,0.3,3.78,5.13,6.19,4.96,8.0,1.48,6.0,0.0,58.5,76.5,93.4,76.1,8.0,18.8,6.0,0.0,2.6,6.7,9.3,5.93,117.0,3.41,14.0,0.3,-0.82,1.57,4.31,1.49,117.0,3.6,14.0,0.3,-8.05,-4.53,0.0,-4.14,117.0,3.82,14.0,0.3,1013.79,1022.2,1028.46,1021.51,97.0,7.23,14.0,0.2,0.0,2.0,6.0,3.0,110.0,2.7,14.0,0.3,-1.0,4.3,32.4,10.8,117.0,37.2,14.0,0.3,-78.0,-21.2,0.0,-34.7,117.0,43.8,14.0,0.3,1.96,4.95,7.2,4.62,112.0,2.49,14.0,0.3,6.1,24.3,48.5,27.7,112.0,24.2,14.0,0.3,3.73,4.46,5.77,4.58,8.0,1.11,6.0,0.0,5.6,18.3,37.3,20.1,8.0,14.4,6.0,0.0,-3.5,12.8,46.2,15.7,115.0,37.9,14.0,0.3,-73.6,-38.5,0.0,-38.7,115.0,39.9,14.0,0.3,1.4,11.2,24.5,12.2,8.0,12.6,6.0,0.0,-28.6,-11.4,-0.6,-13.9,8.0,14.0,6.0,0.0,1.5,10.8,24.4,11.9,8.0,11.0,6.0,0.0,-28.8,-12.8,-0.5,-13.8,8.0,12.9,6.0,0.0,17.5,301.0,804.5,432.5,117.0,761.5,14.0,0.3,20.0,300.0,805.0,435.0,117.0,760.0,14.0,0.3
1911,2,136.3,-41.6,,,,,,,,,,,,,,,,,,,,,,,,,,,,,,,,,2.19,4.6,7.36,4.55,12.0,3.0,14.0,0.3,-5.33,-0.46,3.63,-0.62,12.0,4.87,14.0,0.3,-3.25,0.0,2.8,0.0,12.0,2.72,14.0,0.3,1008.13,1009.5,1012.23,1010.17,3.0,3.06,4.0,0.0,,,,,,,,,,,,,,,,,,,,,,,,,,,,,,,,,,,,,,,,,,,,,,,,,,,,,,,,,,,,,,,,,,,,,,,,,,,,,,,,,,,,,,,,,,,,,,,,,,,,,,,,,,,,,,,,,,,,,,,,
1911,2,136.4,-35.6,,,,,,,,,,,,,,,,,,,,,,,,,,,,,,,,,1.0,4.6,6.7,4.93,30.0,2.92,18.0,0.4,-4.6,-0.82,5.31,0.19,30.0,4.91,18.0,0.4,-0.51,1.14,4.65,1.42,30.0,2.73,18.0,0.4,1004.17,1011.0,1012.37,1008.33,3.0,6.43,8.0,0.0,,,,,,,,,,,,,,,,,,,,,,,,,,,,,,,,,,,,,,,,,,,,,,,,,,,,,,,,,,,,,,,,,,,,,,,,,,,,,,,,,,,,,,,,,,,,,,,,,,,,,,,,,,,,,,,,,,,,,,,,
1911,2,136.4,-9.5,27.75,28.0,28.3,27.89,7.0,0.57,16.0,0.4,26.0,27.25,28.3,27.13,6.0,1.16,14.0,0.3,18.51,19.37,20.01,19.26,3.0,1.1,26.0,0.3,81.1,82.6,83.8,82.4,3.0,2.0,26.0,0.3,2.52,4.6,4.82,4.19,7.0,2.64,16.0,0.4,-0.08,4.23,4.53,2.98,7.0,3.49,16.0,0.4,-1.86,-1.57,2.02,-0.46,7.0,2.15,16.0,0.4,1005.74,1009.8,1010.67,1008.28,4.0,3.91,20.0,0.3,1.8,5.0,8.0,4.8,6.0,3.5,14.0,0.3,-0.2,19.5,22.8,19.6,7.0,29.2,16.0,0.4,-9.3,-7.2,5.3,-5.7,7.0,12.2,16.0,0.4,0.0,0.55,1.62,0.73,6.0,0.83,14.0,0.3,0.0,2.1,8.3,3.7,6.0,4.5,14.0,0.3,4.14,4.8,5.65,4.9,3.0,1.11,26.0,0.3,6.6,12.5,14.7,10.7,3.0,6.1,26.0,0.3,-9.2,69.7,141.6,73.1,6.0,97.8,14.0,0.3,-51.5,-15.7,57.4,-5.0,6.0,60.7,14.0,0.3,-20.7,0.0,13.0,-3.7,3.0,24.9,26.0,0.3,16.2,36.1,45.8,31.1,3.0,22.1,26.0,0.3,-6.9,0.0,2.5,-2.2,3.0,7.1,26.0,0.3,4.7,12.0,12.3,8.6,3.0,6.3,26.0,0.3,17.0,97.5,131.0,162.0,7.0,286.5,16.0,0.4,15.0,95.0,130.0,160.0,7.0,285.0,16.0,0.4
1911,2,136.4,36.6,,,,,,,,,,,,,,,,,,,,,,,,,,,,,,,,,2.6,6.7,12.3,7.34,21.0,4.66,10.0,0.4,-0.74,5.13,11.76,5.53,21.0,5.76,10.0,0.4,-4.09,0.0,2.28,-0.37,21.0,3.59,10.0,0.4,1014.97,1018.65,1024.57,1016.92,22.0,9.96,12.0,0.4,,,,,,,,,,,,,,,,,,,,,,,,,,,,,,,,,,,,,,,,,,,,,,,,,,,,,,,,,,,,,,,,,,,,,,,,,,,,,,,,,,,,,,,,,,,,,,,,,,,,,,,,,,,,,,,,,,,,,,,,
1911,2,136.4,42.5,,,,,,,,,,,,,,,,,,,,,,,,,,,,,,,,,3.23,4.6,7.81,5.5,3.0,3.44,22.0,0.3,2.78,3.18,3.96,3.37,3.0,0.88,22.0,0.3,-6.46,-1.57,-0.5,-3.44,3.0,4.66,22.0,0.3,1019.4,1022.2,1023.16,1021.3,3.0,2.86,22.0,0.3,,,,,,,,,,,,,,,,,,,,,,,,,,,,,,,,,,,,,,,,,,,,,,,,,,,,,,,,,,,,,,,,,,,,,,,,,,,,,,,,,,,,,,,,,,,,,,,,,,,,,,,,,,,,,,,,,,,,,,,,
1911,2,136.5,40.6,,,,,,,,,,,,,,,,,,,,,,,,,,,,,,,,,6.7,6.7,6.7,6.7,5.0,0.0,18.0,0.8,5.55,5.55,6.3,5.85,5.0,0.41,18.0,0.8,-3.75,-3.75,2.29,-1.33,5.0,3.31,18.0,0.8,1022.9,1024.4,1025.9,1024.4,2.0,3.11,26.0,1.0,,,,,,,,,,,,,,,,,,,,,,,,,,,,,,,,,,,,,,,,,,,,,,,,,,,,,,,,,,,,,,,,,,,,,,,,,,,,,,,,,,,,,,,,,,,,,,,,,,,,,,,,,,,,,,,,,,,,,,,,
1911,2,136.6,34.2,8.3,13.3,15.6,12.28,182.0,3.26,12.0,0.4,5.6,7.8,11.7,8.37,183.0,3.36,12.0,0.4,4.04,5.71,7.44,5.68,16.0,1.64,8.0,0.3,64.5,81.2,94.0,78.4,16.0,16.1,8.0,0.3,2.6,6.7,12.3,7.01,181.0,3.93,12.0,0.4,0.0,2.96,6.6,3.26,181.0,3.99,12.0,0.4,-8.98,-4.6,-0.77,-4.83,181.0,3.85,12.0,0.4,1015.1,1021.9,1027.8,1020.85,175.0,6.9,12.0,0.4,0.1,2.0,6.0,3.0,172.0,2.6,12.0,0.4,0.0,15.4,75.2,31.4,181.0,49.2,12.0,0.4,-86.5,-28.9,-0.8,-45.6,181.0,53.9,12.0,0.4,1.17,4.4,6.7,3.96,182.0,2.91,12.0,0.4,1.9,29.5,53.3,29.4,180.0,27.0,12.0,0.4,1.55,3.47,5.09,3.38,16.0,1.56,8.0,0.3,4.2,24.1,33.9,21.4,15.0,14.2,8.0,0.3,0.0,23.1,55.4,27.3,181.0,40.6,12.0,0.4,-84.1,-31.5,-4.5,-42.3,181.0,39.1,12.0,0.4,-5.5,17.2,29.9,4.9,15.0,37.7,8.0,0.3,-41.8,-11.3,-0.6,-17.7,15.0,19.9,8.0,0.3,-1.6,9.0,25.6,7.1,15.0,20.9,8.0,0.3,-19.0,-10.8,-0.2,-9.6,15.0,10.3,8.0,0.3,17.5,301.0,1861.0,694.5,181.0,1021.0,12.0,0.4,20.0,300.0,1860.0,695.0,181.0,1020.0,12.0,0.4
1911,2,136.7,38.4,,,,,,,,,,,,,,,,,,,,,,,,,,,,,,,,,8.35,12.3,12.3,10.58,5.0,2.53,8.0,0.4,2.22,8.7,11.56,6.53,5.0,7.42,8.0,0.4,-5.85,-4.21,3.64,-1.77,5.0,5.84,8.0,0.4,992.84,1000.5,1012.4,1002.53,4.0,11.69,8.0,0.3,,,,,,,,,,,,,,,,,,,,,,,,,,,,,,,,,,,,,,,,,,,,,,,,,,,,,,,,,,,,,,,,,,,,,,,,,,,,,,,,,,,,,,,,,,,,,,,,,,,,,,,,,,,,,,,,,,,,,,,,
1911,2,136.8,26.8,,,,,,,,,,,,,,,,,,,,,,,,,,,,,,,,,4.6,4.6,4.6,4.6,1.0,0.0,10.0,0.0,4.53,4.53,4.53,4.53,1.0,0.0,10.0,0.0,-0.8,-0.8,-0.8,-0.8,1.0,0.0,10.0,0.0,1027.3,1027.3,1027.3,1027.3,1.0,0.0,10.0,0.0,,,,,,,,,,,,,,,,,,,,,,,,,,,,,,,,,,,,,,,,,,,,,,,,,,,,,,,,,,,,,,,,,,,,,,,,,,,,,,,,,,,,,,,,,,,,,,,,,,,,,,,,,,,,,,,,,,,,,,,,
1911,2,138.1,-35.6,,,,,,,,,,,,,,,,,,,,,,,,,,,,,,,,,2.6,4.6,6.7,4.92,17.0,2.86,14.0,0.6,-3.48,-1.02,2.91,-0.45,17.0,3.75,14.0,0.6,-0.17,3.25,5.84,2.8,17.0,3.36,14.0,0.6,1009.32,1010.0,1012.73,1011.0,3.0,2.65,6.0,0.7,,,,,,,,,,,,,,,,,,,,,,,,,,,,,,,,,,,,,,,,,,,,,,,,,,,,,,,,,,,,,,,,,,,,,,,,,,,,,,,,,,,,,,,,,,,,,,,,,,,,,,,,,,,,,,,,,,,,,,,,
1911,2,138.2,36.9,,,,,,,,,,,,,,,,,,,,,,,,,,,,,,,,,15.4,15.4,15.4,15.4,1.0,0.0,6.0,0.0,14.47,14.47,14.47,14.47,1.0,0.0,6.0,0.0,-5.27,-5.27,-5.27,-5.27,1.0,0.0,6.0,0.0,1013.4,1013.4,1013.4,1013.4,1.0,0.0,6.0,0.0,,,,,,,,,,,,,,,,,,,,,,,,,,,,,,,,,,,,,,,,,,,,,,,,,,,,,,,,,,,,,,,,,,,,,,,,,,,,,,,,,,,,,,,,,,,,,,,,,,,,,,,,,,,,,,,,,,,,,,,,
1911,2,138.3,-41.2,,,,,,,,,,,,,,,,,,,,,,,,,,,,,,,,,1.0,2.6,6.13,3.31,9.0,2.47,14.0,0.6,-1.87,0.37,4.34,1.22,9.0,2.86,14.0,0.6,-2.64,-0.92,3.46,0.02,9.0,2.93,14.0,0.6,1007.27,1007.65,1008.03,1007.65,2.0,0.78,4.0,1.0,,,,,,,,,,,,,,,,,,,,,,,,,,,,,,,,,,,,,,,,,,,,,,,,,,,,,,,,,,,,,,,,,,,,,,,,,,,,,,,,,,,,,,,,,,,,,,,,,,,,,,,,,,,,,,,,,,,,,,,,
1911,2,138.3,38.4,,,,,,,,,,,,,,,,,,,,,,,,,,,,,,,,,2.6,4.6,13.73,7.37,17.0,4.96,10.0,0.4,-1.98,3.52,12.9,4.53,17.0,6.43,10.0,0.4,-5.27,0.0,2.76,-1.06,17.0,4.23,10.0,0.4,992.96,1018.8,1024.83,1013.48,19.0,13.81,10.0,0.4,,,,,,,,,,,,,,,,,,,,,,,,,,,,,,,,,,,,,,,,,,,,,,,,,,,,,,,,,,,,,,,,,,,,,,,,,,,,,,,,,,,,,,,,,,,,,,,,,,,,,,,,,,,,,,,,,,,,,,,,
1911,2,138.4,-37.3,,,,,,,,,,,,,,,,,,,,,,,,,,,,,,,,,3.49,6.7,9.3,6.3,29.0,3.06,16.0,0.4,-4.74,-2.29,4.78,-0.67,29.0,4.77,16.0,0.4,2.02,3.83,6.21,3.79,29.0,3.52,16.0,0.4,1007.63,1009.0,1020.33,1013.87,3.0,10.21,12.0,1.0,,,,,,,,,,,,,,,,,,,,,,,,,,,,,,,,,,,,,,,,,,,,,,,,,,,,,,,,,,,,,,,,,,,,,,,,,,,,,,,,,,,,,,,,,,,,,,,,,,,,,,,,,,,,,,,,,,,,,,,,
1911,2,138.4,-11.0,,,,,,,,,,,,,,,,,,,,,,,,,,,,,,,,,,,,,,,,,,,,,,,,,,,,,,,,,,,,,,,,,3.0,3.0,3.0,3.0,2.0,0.0,22.0,0.0,-2.4,6.2,15.3,6.4,3.0,12.9,22.0,0.0,-6.5,-2.6,0.7,-2.9,3.0,5.3,22.0,0.0,,,,,,,,,,,,,,,,,,,,,,,,,,,,,,,,,,,,,,,,,,,,,,,,,,,,,,,,,,,,,,,,,,,,,,,,,,,,,,,,,,,,,,,,,,,,,,,,
1911,2,138.4,28.4,,,,,,,,,,,,,,,,,,,,,,,,,,,,,,,,,2.92,3.6,4.28,3.6,2.0,1.41,8.0,0.5,0.73,2.3,3.87,2.3,2.0,3.25,8.0,0.5,-2.19,-1.3,-0.41,-1.3,2.0,1.84,8.0,0.5,1014.81,1015.05,1015.29,1015.05,2.0,0.5,8.0,0.5,,,,,,,,,,,,,,,,,,,,,,,,,,,,,,,,,,,,,,,,,,,,,,,,,,,,,,,,,,,,,,,,,,,,,,,,,,,,,,,,,,,,,,,,,,,,,,,,,,,,,,,,,,,,,,,,,,,,,,,,
1911,2,138.5,-11.1,27.6,27.8,27.8,27.7,3.0,0.17,22.0,0.0,26.75,27.3,27.64,27.2,3.0,0.66,22.0,0.0,20.45,20.45,20.45,20.45,1.0,0.0,28.0,0.0,87.3,87.3,87.3,87.3,1.0,0.0,28.0,0.0,2.6,2.6,3.97,3.27,3.0,1.15,22.0,0.0,-0.91,2.39,3.65,1.39,3.0,3.45,22.0,0.0,-1.55,-1.02,0.28,-0.64,3.0,1.38,22.0,0.0,1009.7,1009.7,1009.7,1009.7,1.0,0.0,28.0,0.0,,,,,,,,,,,,,,,,,,,,,,,,,0.06,0.2,0.95,0.5,3.0,0.7,22.0,0.0,0.2,0.5,4.2,2.2,3.0,3.3,22.0,0.0,3.01,3.01,3.01,3.01,1.0,0.0,28.0,0.0,7.8,7.8,7.8,7.8,1.0,0.0,28.0,0.0,-25.6,65.3,97.3,36.5,3.0,93.5,22.0,0.0,-41.3,-27.7,8.1,-16.9,3.0,37.4,22.0,0.0,-50.0,-50.0,-50.0,-50.0,1.0,0.0,28.0,0.0,18.2,18.2,18.2,18.2,1.0,0.0,28.0,0.0,,,,,,,,,,,,,,,,,,,,,,,,,,,,,,,,
1911,2,138.5,-9.9,,,,,,,,,,,,,,,,,,,,,,,,,,,,,,,,,,,,,,,,,,,,,,,,,,,,,,,,,,,,,,,,,,,,,,,,,,,,,,,,,,,,,,,,,,,,,,,,,,,,,,,,,,,,,,,,,,,,,,,,,,,,,,,,,,,,,,,,,,,,,,,,,,,,,,,,,-11.1,-8.2,-5.4,-8.2,2.0,5.9,28.0,1.0,11.8,13.0,14.2,13.0,2.0,2.5,28.0,1.0,55.5,97.5,97.5,77.5,4.0,40.0,14.0,1.0,55.0,95.0,95.0,75.0,4.0,40.0,14.0,1.0
1911,2,138.5,-9.8,27.2,27.75,28.61,27.9,4.0,0.84,14.0,1.0,26.64,27.8,28.55,27.6,3.0,1.41,18.0,1.0,20.01,20.2,20.38,20.2,2.0,0.38,28.0,1.0,81.1,83.6,86.2,83.6,2.0,5.2,28.0,1.0,3.55,4.6,4.6,4.1,4.0,1.0,14.0,1.0,-1.97,1.72,4.43,1.25,4.0,3.76,14.0,1.0,-1.2,0.82,3.01,0.9,4.0,2.47,14.0,1.0,1001.31,1005.6,1010.26,1005.78,4.0,5.25,14.0,1.0,3.5,6.0,8.0,5.8,4.0,2.6,14.0,1.0,-8.2,8.8,20.4,6.2,4.0,17.0,14.0,1.0,-5.5,1.3,11.5,2.9,4.0,10.6,14.0,1.0,,,,,,,,,,,,,,,,,,,,,,,,,,,,,,,,,,,,,,,,,,,,,,,,,,,,,,,,,,,,,,,,,,,,,,,,,,,,,,,,,,,,,,,,,,,,,,,,
1911,2,138.5,34.4,8.9,13.9,15.6,12.85,317.0,2.99,14.0,0.3,5.0,8.9,12.2,8.67,353.0,3.61,12.0,0.3,4.36,5.8,6.85,5.77,18.0,1.26,10.0,0.3,59.9,73.9,86.8,73.8,18.0,14.1,10.0,0.3,,,,,,,,,,,,,,,,,,,,,,,,,,,,,,,,,,,,,,,,,,,,,,,,,,,,,,,,,1.1,3.9,6.7,3.76,317.0,2.97,14.0,0.3,2.9,22.1,51.7,27.9,315.0,29.8,14.0,0.3,2.5,4.02,5.59,3.93,18.0,1.59,10.0,0.3,10.8,22.7,36.8,25.1,17.0,15.0,10.0,0.2,,,,,,,,,,,,,,,,,,,,,,,,,,,,,,,,,-19.0,8.2,29.1,5.9,17.0,25.5,10.0,0.2,-16.8,-2.9,0.7,-4.3,17.0,13.7,10.0,0.2,17.5,301.0,1861.0,656.0,354.0,1048.5,12.0,0.3,20.0,300.0,1860.0,655.0,354.0,1050.0,12.0,0.3
1911,2,138.6,-9.9,,,,,,,,,,,,,,,,,,,,,,,,,,,,,,,,,,,,,,,,,,,,,,,,,,,,,,,,,,,,,,,,,,,,,,,,,,,,,,,,,,,,,,,,,-0.06,1.1,1.1,0.53,3.0,0.98,18.0,1.0,-1.0,2.9,4.4,1.7,3.0,4.0,18.0,1.0,4.26,4.4,4.53,4.4,2.0,0.28,28.0,1.0,13.1,15.6,18.1,15.6,2.0,5.2,28.0,1.0,-66.2,-24.7,72.9,2.7,3.0,104.6,18.0,1.0,7.3,67.9,91.1,49.6,3.0,63.4,18.0,1.0,-52.5,-38.6,-24.7,-38.6,2.0,28.8,28.0,1.0,53.2,60.1,67.0,60.1,2.0,14.3,28.0,1.0,,,,,,,,,,,,,,,,,,,,,,,,,,,,,,,,
1911,2,138.6,34.4,,,,,,,,,,,,,,,,,,,,,,,,,,,,,,,,,2.6,6.7,12.3,6.46,354.0,4.24,12.0,0.3,-3.52,0.0,8.74,1.96,354.0,5.94,12.0,0.3,-6.3,-1.67,0.0,-2.28,354.0,3.95,12.0,0.3,1008.42,1017.8,1027.57,1017.75,323.0,8.91,12.0,0.3,1.0,2.0,7.0,3.2,333.0,2.7,12.0,0.3,-17.5,0.0,86.5,26.6,354.0,71.5,12.0,0.3,-51.7,-4.3,0.0,-18.2,354.0,44.0,12.0,0.3,,,,,,,,,,,,,,,,,,,,,,,,,,,,,,,,,-29.3,0.0,80.0,21.0,351.0,62.3,12.0,0.3,-50.8,-10.6,0.0,-17.0,351.0,39.7,12.0,0.3,-25.4,12.6,42.0,8.4,17.0,35.8,10.0,0.2,-18.6,-9.1,5.3,-6.7,17.0,25.0,10.0,0.2,,,,,,,,,,,,,,,,,,,,,,,,,,,,,,,,
1911,2,138.7,42.3,,,,,,,,,,,,,,,,,,,,,,,,,,,,,,,,,4.6,8.0,9.3,8.17,40.0,3.61,16.0,0.3,2.6,4.67,9.3,5.67,40.0,4.25,16.0,0.3,-7.12,-3.46,2.86,-1.92,40.0,5.15,16.0,0.3,1013.78,1019.5,1024.9,1019.49,37.0,6.81,16.0,0.2,,,,,,,,,,,,,,,,,,,,,,,,,,,,,,,,,,,,,,,,,,,,,,,,,,,,,,,,,,,,,,,,,,,,,,,,,,,,,,,,,,,,,,,,,,,,,,,,,,,,,,,,,,,,,,,,,,,,,,,,
1911,2,138.8,32.6,13.82,14.4,18.9,15.79,7.0,2.82,14.0,0.1,9.35,11.1,12.39,11.26,7.0,2.48,14.0,0.1,7.22,7.22,7.22,7.22,1.0,0.0,16.0,0.0,63.6,63.6,63.6,63.6,1.0,0.0,16.0,0.0,4.6,12.3,12.45,10.11,7.0,4.16,14.0,0.1,-0.21,7.91,11.56,6.08,7.0,6.1,14.0,0.1,-9.54,-4.6,-1.3,-4.93,7.0,5.28,14.0,0.1,1012.6,1017.1,1018.68,1016.04,7.0,4.05,14.0,0.1,1.9,2.0,3.1,2.4,7.0,1.8,14.0,0.1,-1.0,97.2,142.7,81.4,7.0,71.0,14.0,0.1,-119.0,-51.7,-4.4,-56.0,7.0,76.1,14.0,0.1,0.94,5.6,7.85,4.53,7.0,3.94,14.0,0.1,3.5,58.5,70.2,43.5,7.0,41.7,14.0,0.1,2.65,2.65,2.65,2.65,1.0,0.0,16.0,0.0,32.6,32.6,32.6,32.6,1.0,0.0,16.0,0.0,-1.9,87.8,108.8,72.4,7.0,73.9,14.0,0.1,-105.6,-51.1,-10.8,-49.9,7.0,64.9,14.0,0.1,83.5,83.5,83.5,83.5,1.0,0.0,16.0,0.0,30.4,30.4,30.4,30.4,1.0,0.0,16.0,0.0,,,,,,,,,,,,,,,,,,,,,,,,,,,,,,,,
1911,2,138.8,40.6,,,,,,,,,,,,,,,,,,,,,,,,,,,,,,,,,4.6,6.7,10.97,7.51,29.0,3.33,16.0,0.2,2.39,6.3,8.74,5.71,29.0,4.3,16.0,0.2,-5.21,-1.57,2.29,-1.46,29.0,3.87,16.0,0.2,1016.8,1022.2,1028.43,1021.58,28.0,7.33,18.0,0.2,,,,,,,,,,,,,,,,,,,,,,,,,,,,,,,,,,,,,,,,,,,,,,,,,,,,,,,,,,,,,,,,,,,,,,,,,,,,,,,,,,,,,,,,,,,,,,,,,,,,,,,,,,,,,,,,,,,,,,,,
1911,2,138.9,-11.1,,,,,,,,,,,,,,,,,,,,,,,,,,,,,,,,,,,,,,,,,,,,,,,,,,,,,,,,,,,,,,,,,,,,,,,,,,,,,,,,,,,,,,,,,,,,,,,,,,,,,,,,,,,,,,,,,,,,,,,,,,,,,,,,,,,,,,,,,,,,,,,,,,,,,,,,,-7.4,-7.4,-7.4,-7.4,1.0,0.0,28.0,0.0,2.7,2.7,2.7,2.7,1.0,0.0,28.0,0.0,17.5,17.5,72.0,44.0,3.0,46.0,22.0,0.0,20.0,20.0,70.0,45.0,3.0,45.0,22.0,0.0
1911,2,138.9,32.5,,,,,,,,,,,,,,,,,,,,,,,,,,,,,,,,,,,,,,,,,,,,,,,,,,,,,,,,,,,,,,,,,,,,,,,,,,,,,,,,,,,,,,,,,,,,,,,,,,,,,,,,,,,,,,,,,,,,,,,,,,,,,,,,,,,,,,,,,,,,,,,,,,,,,,,,,30.6,30.6,30.6,30.6,1.0,0.0,16.0,0.0,11.1,11.1,11.1,11.1,1.0,0.0,16.0,0.0,97.5,1861.0,1946.5,1462.0,7.0,1254.0,14.0,0.1,95.0,1860.0,1945.0,1460.0,7.0,1255.0,14.0,0.1
1911,2,140.0,-41.0,,,,,,,,,,,,,,,,,,,,,,,,,,,,,,,,,1.51,2.6,2.6,2.07,3.0,0.92,12.0,0.7,-2.09,-1.0,0.94,-0.59,3.0,2.25,12.0,0.7,-1.25,0.0,0.0,-0.61,3.0,1.06,12.0,0.7,1006.0,1006.0,1006.0,1006.0,1.0,0.0,4.0,1.0,,,,,,,,,,,,,,,,,,,,,,,,,,,,,,,,,,,,,,,,,,,,,,,,,,,,,,,,,,,,,,,,,,,,,,,,,,,,,,,,,,,,,,,,,,,,,,,,,,,,,,,,,,,,,,,,,,,,,,,,
1911,2,140.0,-37.5,,,,,,,,,,,,,,,,,,,,,,,,,,,,,,,,,3.25,4.65,6.05,4.65,2.0,2.9,6.0,0.5,-5.6,-4.38,-3.17,-4.38,2.0,2.52,6.0,0.5,0.42,1.31,2.2,1.31,2.0,1.85,6.0,0.5,1009.0,1009.0,1009.0,1009.0,1.0,0.0,8.0,0.0,,,,,,,,,,,,,,,,,,,,,,,,,,,,,,,,,,,,,,,,,,,,,,,,,,,,,,,,,,,,,,,,,,,,,,,,,,,,,,,,,,,,,,,,,,,,,,,,,,,,,,,,,,,,,,,,,,,,,,,,
1911,2,140.0,14.3,,,,,,,,,,,,,,,,,,,,,,,,,,,,,,,,,7.11,8.0,8.89,8.0,2.0,1.84,2.0,0.0,-8.89,-8.0,-7.11,-8.0,2.0,1.84,2.0,0.0,0.0,0.0,0.0,0.0,2.0,0.0,2.0,0.0,1019.1,1019.1,1019.1,1019.1,1.0,0.0,2.0,0.0,,,,,,,,,,,,,,,,,,,,,,,,,,,,,,,,,,,,,,,,,,,,,,,,,,,,,,,,,,,,,,,,,,,,,,,,,,,,,,,,,,,,,,,,,,,,,,,,,,,,,,,,,,,,,,,,,,,,,,,,
1911,2,140.1,32.0,,,,,,,,,,,,,,,,,,,,,,,,,,,,,,,,,6.7,9.3,10.4,8.86,5.0,2.32,14.0,0.6,2.26,6.17,6.32,4.14,5.0,4.67,14.0,0.6,-8.74,-6.58,-2.62,-6.1,5.0,3.72,14.0,0.6,1019.02,1019.5,1019.98,1019.5,2.0,0.99,14.0,0.0,,,,,,,,,,,,,,,,,,,,,,,,,,,,,,,,,,,,,,,,,,,,,,,,,,,,,,,,,,,,,,,,,,,,,,,,,,,,,,,,,,,,,,,,,,,,,,,,,,,,,,,,,,,,,,,,,,,,,,,,
1911,2,140.2,42.6,,,,,,,,,,,,,,,,,,,,,,,,,,,,,,,,,2.6,6.7,9.3,6.56,34.0,4.19,16.0,0.3,-1.67,4.31,8.36,3.86,34.0,5.81,16.0,0.3,-4.94,0.0,2.56,-0.56,34.0,3.53,16.0,0.3,1009.57,1020.8,1028.06,1019.28,34.0,8.2,16.0,0.3,,,,,,,,,,,,,,,,,,,,,,,,,,,,,,,,,,,,,,,,,,,,,,,,,,,,,,,,,,,,,,,,,,,,,,,,,,,,,,,,,,,,,,,,,,,,,,,,,,,,,,,,,,,,,,,,,,,,,,,,
1911,2,140.3,-39.2,,,,,,,,,,,,,,,,,,,,,,,,,,,,,,,,,1.0,4.6,6.7,4.24,24.0,2.34,12.0,0.5,-4.65,-2.2,-0.46,-2.0,24.0,3.47,12.0,0.5,-2.23,0.0,2.84,0.41,24.0,2.79,12.0,0.5,1004.29,1009.0,1017.41,1011.5,5.0,10.87,8.0,0.2,,,,,,,,,,,,,,,,,,,,,,,,,,,,,,,,,,,,,,,,,,,,,,,,,,,,,,,,,,,,,,,,,,,,,,,,,,,,,,,,,,,,,,,,,,,,,,,,,,,,,,,,,,,,,,,,,,,,,,,,
1911,2,140.3,30.5,,,,,,,,,,,,,,,,,,,,,,,,,,,,,,,,,6.99,10.8,12.3,10.15,8.0,2.5,16.0,0.5,-12.22,-8.27,5.79,-4.52,8.0,8.51,16.0,0.5,-7.0,-4.67,-0.25,-4.08,8.0,3.05,16.0,0.5,1017.83,1018.6,1020.39,1018.84,8.0,1.39,16.0,0.5,,,,,,,,,,,,,,,,,,,,,,,,,,,,,,,,,,,,,,,,,,,,,,,,,,,,,,,,,,,,,,,,,,,,,,,,,,,,,,,,,,,,,,,,,,,,,,,,,,,,,,,,,,,,,,,,,,,,,,,,
1911,2,140.3,34.6,11.94,13.9,15.6,13.68,67.0,2.12,12.0,0.3,7.48,9.4,13.3,10.13,67.0,3.07,12.0,0.3,4.6,5.77,6.87,5.83,11.0,1.11,8.0,0.0,60.5,66.0,69.3,66.6,11.0,7.6,8.0,0.0,2.6,6.7,9.3,6.29,67.0,3.46,12.0,0.3,-2.44,0.77,5.19,1.12,67.0,5.13,12.0,0.3,-6.3,-2.6,0.34,-3.01,67.0,3.91,12.0,0.3,1003.05,1018.3,1027.51,1017.48,66.0,10.48,14.0,0.3,1.0,2.0,8.0,3.7,66.0,3.0,14.0,0.3,-15.4,0.8,51.7,9.5,67.0,54.2,12.0,0.3,-55.6,-7.2,0.3,-24.4,67.0,39.8,12.0,0.3,0.78,3.4,6.41,3.55,67.0,2.93,12.0,0.3,3.1,14.9,37.5,20.8,67.0,24.0,12.0,0.3,3.27,4.44,6.13,4.64,11.0,1.68,8.0,0.0,11.5,18.6,49.8,28.2,11.0,18.3,8.0,0.0,-29.6,5.0,57.3,15.2,67.0,64.8,12.0,0.3,-59.0,-22.6,1.7,-28.7,67.0,42.1,12.0,0.3,-10.8,11.6,58.6,17.4,11.0,37.3,8.0,0.0,-25.7,-9.7,8.4,-8.8,11.0,20.3,8.0,0.0,,,,,,,,,,,,,,,,,,,,,,,,,,,,,,,,
1911,2,140.4,-11.1,27.2,27.5,27.8,27.49,9.0,0.26,12.0,0.3,27.25,27.8,28.22,27.67,9.0,0.78,12.0,0.3,20.03,20.19,20.34,20.19,2.0,0.32,28.0,0.0,87.5,87.8,88.2,87.8,2.0,0.7,28.0,0.0,4.6,6.7,6.7,5.77,9.0,1.11,12.0,0.3,-1.92,6.3,6.6,3.67,9.0,4.69,12.0,0.3,-1.16,0.0,0.0,-0.47,9.0,1.11,12.0,0.3,999.42,1000.7,1010.05,1003.52,6.0,5.52,10.0,0.2,4.3,6.0,6.0,5.4,9.0,1.7,12.0,0.3,-8.8,42.2,44.2,24.6,9.0,27.3,12.0,0.3,-7.8,0.0,0.0,-3.5,9.0,6.7,12.0,0.3,-0.97,0.0,0.07,-0.18,9.0,0.94,12.0,0.3,-6.5,0.0,0.3,-1.2,9.0,6.3,12.0,0.3,2.73,2.84,2.96,2.84,2.0,0.23,28.0,0.0,12.6,13.1,13.6,13.1,2.0,1.1,28.0,0.0,-53.8,172.2,185.8,102.1,9.0,129.7,12.0,0.3,-32.8,0.0,0.0,-13.1,9.0,31.2,12.0,0.3,-91.3,-90.0,-88.8,-90.0,2.0,2.5,28.0,0.0,5.1,16.1,27.0,16.1,2.0,22.7,28.0,0.0,,,,,,,,,,,,,,,,,,,,,,,,,,,,,,,,
1911,2,140.5,-11.3,,,,,,,,,,,,,,,,,,,,,,,,,,,,,,,,,,,,,,,,,,,,,,,,,,,,,,,,,,,,,,,,,,,,,,,,,,,,,,,,,,,,,,,,,,,,,,,,,,,,,,,,,,,,,,,,,,,,,,,,,,,,,,,,,,,,,,,,,,,,,,,,,,,,,,,,,-12.9,-12.7,-12.4,-12.7,2.0,0.5,28.0,0.0,0.8,2.4,4.0,2.4,2.0,3.3,28.0,0.0,97.5,301.0,301.0,210.5,9.0,107.0,12.0,0.3,95.0,300.0,300.0,210.0,9.0,105.0,12.0,0.3
1911,2,140.5,34.6,,,,,,,,,,,,,,,,,,,,,,,,,,,,,,,,,,,,,,,,,,,,,,,,,,,,,,,,,,,,,,,,,,,,,,,,,,,,,,,,,,,,,,,,,,,,,,,,,,,,,,,,,,,,,,,,,,,,,,,,,,,,,,,,,,,,,,,,,,,,,,,,,,,,,,,,,-6.8,14.3,41.2,14.4,11.0,25.9,8.0,0.0,-18.8,-8.6,4.9,-7.7,11.0,15.6,8.0,0.0,17.5,301.0,804.5,489.0,67.0,672.0,12.0,0.3,20.0,300.0,805.0,490.0,67.0,670.0,12.0,0.3
1911,2,140.6,36.4,10.92,13.3,14.4,12.91,87.0,2.11,14.0,0.2,4.79,7.2,10.0,7.66,87.0,2.91,14.0,0.2,4.32,4.32,4.32,4.32,1.0,0.0,2.0,0.0,60.6,60.6,60.6,60.6,1.0,0.0,2.0,0.0,2.6,5.65,11.78,6.38,84.0,3.6,14.0,0.2,-0.63,1.67,5.98,2.24,84.0,4.16,14.0,0.2,-7.12,-4.31,0.0,-3.63,84.0,4.29,14.0,0.2,1003.54,1019.8,1030.7,1018.12,86.0,12.4,14.0,0.2,2.0,5.0,8.0,4.6,85.0,2.7,14.0,0.2,-0.6,7.2,55.6,19.7,84.0,47.2,14.0,0.2,-66.3,-19.9,0.0,-31.1,84.0,49.7,14.0,0.2,2.2,5.5,7.98,5.25,87.0,2.83,14.0,0.2,10.1,27.6,59.6,35.6,84.0,29.7,14.0,0.2,3.96,3.96,3.96,3.96,1.0,0.0,2.0,0.0,26.5,26.5,26.5,26.5,1.0,0.0,2.0,0.0,-4.9,12.0,37.7,14.7,84.0,40.5,14.0,0.2,-53.6,-26.0,0.0,-24.1,84.0,36.4,14.0,0.2,9.9,9.9,9.9,9.9,1.0,0.0,2.0,0.0,-27.2,-27.2,-27.2,-27.2,1.0,0.0,2.0,0.0,,,,,,,,,,,,,,,,,,,,,,,,,,,,,,,,
1911,2,140.6,40.6,,,,,,,,,,,,,,,,,,,,,,,,,,,,,,,,,2.6,6.7,12.3,7.05,123.0,3.96,16.0,0.4,0.32,4.6,9.3,5.13,123.0,4.29,16.0,0.4,-6.12,-1.57,0.0,-2.27,123.0,3.96,16.0,0.4,1002.97,1019.8,1028.59,1017.9,121.0,11.97,16.0,0.4,,,,,,,,,,,,,,,,,,,,,,,,,,,,,,,,,,,,,,,,,,,,,,,,,,,,,,,,,,,,,,,,,,,,,,,,,,,,,,,,,,,,,,,,,,,,,,,,,,,,,,,,,,,,,,,,,,,,,,,,
1911,2,140.7,28.5,,,,,,,,,,,,,,,,,,,,,,,,,,,,,,,,,2.54,6.7,12.3,7.3,9.0,4.41,16.0,0.2,-0.47,0.0,4.21,1.06,9.0,3.39,16.0,0.2,-11.56,-6.7,-1.18,-6.16,9.0,4.9,16.0,0.2,1012.83,1013.55,1017.84,1014.81,10.0,2.44,14.0,0.2,,,,,,,,,,,,,,,,,,,,,,,,,,,,,,,,,,,,,,,,,,,,,,,,,,,,,,,,,,,,,,,,,,,,,,,,,,,,,,,,,,,,,,,,,,,,,,,,,,,,,,,,,,,,,,,,,,,,,,,,
1911,2,140.8,36.4,,,,,,,,,,,,,,,,,,,,,,,,,,,,,,,,,,,,,,,,,,,,,,,,,,,,,,,,,,,,,,,,,,,,,,,,,,,,,,,,,,,,,,,,,,,,,,,,,,,,,,,,,,,,,,,,,,,,,,,,,,,,,,,,,,,,,,,,,,,,,,,,,,,,,,,,,9.1,9.1,9.1,9.1,1.0,0.0,2.0,0.0,-24.9,-24.9,-24.9,-24.9,1.0,0.0,2.0,0.0,17.5,199.0,1679.0,536.0,84.0,790.5,14.0,0.2,20.0,200.0,1680.0,535.0,84.0,790.0,14.0,0.2
1911,2,140.8,38.2,,,,,,,,,,,,,,,,,,,,,,,,,,,,,,,,,2.6,6.7,10.45,6.29,49.0,3.88,16.0,0.4,1.63,4.31,6.7,4.27,49.0,3.59,16.0,0.4,-5.13,-2.29,0.0,-3.26,49.0,3.62,16.0,0.4,1001.2,1022.2,1029.3,1018.33,49.0,11.9,16.0,0.4,,,,,,,,,,,,,,,,,,,,,,,,,,,,,,,,,,,,,,,,,,,,,,,,,,,,,,,,,,,,,,,,,,,,,,,,,,,,,,,,,,,,,,,,,,,,,,,,,,,,,,,,,,,,,,,,,,,,,,,,
1911,2,142.0,26.6,,,,,,,,,,,,,,,,,,,,,,,,,,,,,,,,,3.25,4.65,6.05,4.65,2.0,2.9,16.0,0.0,-4.98,-2.15,0.68,-2.15,2.0,5.86,16.0,0.0,-1.66,-0.31,1.04,-0.31,2.0,2.8,16.0,0.0,1013.02,1013.7,1014.18,1013.6,3.0,0.85,14.0,0.3,,,,,,,,,,,,,,,,,,,,,,,,,,,,,,,,,,,,,,,,,,,,,,,,,,,,,,,,,,,,,,,,,,,,,,,,,,,,,,,,,,,,,,,,,,,,,,,,,,,,,,,,,,,,,,,,,,,,,,,,
1911,2,142.1,38.7,,,,,,,,,,,,,,,,,,,,,,,,,,,,,,,,,2.6,4.6,9.22,5.04,39.0,3.48,14.0,0.2,0.0,2.6,6.69,3.24,39.0,3.67,14.0,0.2,-5.12,-1.0,1.0,-1.55,39.0,3.39,14.0,0.2,1010.56,1022.5,1028.5,1019.24,41.0,11.19,14.0,0.2,,,,,,,,,,,,,,,,,,,,,,,,,,,,,,,,,,,,,,,,,,,,,,,,,,,,,,,,,,,,,,,,,,,,,,,,,,,,,,,,,,,,,,,,,,,,,,,,,,,,,,,,,,,,,,,,,,,,,,,,
1911,2,142.2,34.6,,,,,,,,,,,,,,,,,,,,,,,,,,,,,,,,,,,,,,,,,,,,,,,,,,,,,,,,,,,,,,,,,,,,,,,,,,,,,,,,,,,,,,,,,,,,,,,,,,,,,,,,,,,,,,,,,,,,,,,,,,,,,,,,,,,,,,,,,,,,,,,,,,,,,,,,,-12.1,-7.2,-2.3,-7.2,2.0,10.2,12.0,0.0,-38.4,-35.7,-33.0,-35.7,2.0,5.5,12.0,0.0,804.5,804.5,804.5,804.5,5.0,0.0,16.0,0.4,805.0,805.0,805.0,805.0,5.0,0.0,16.0,0.4
1911,2,142.2,40.7,,,,,,,,,,,,,,,,,,,,,,,,,,,,,,,,,2.6,6.7,10.02,6.55,31.0,3.77,16.0,0.1,-0.18,4.21,6.68,3.35,31.0,3.47,16.0,0.1,-7.67,-3.52,0.74,-3.72,31.0,4.55,16.0,0.1,1006.18,1017.5,1026.44,1015.78,31.0,11.22,16.0,0.1,,,,,,,,,,,,,,,,,,,,,,,,,,,,,,,,,,,,,,,,,,,,,,,,,,,,,,,,,,,,,,,,,,,,,,,,,,,,,,,,,,,,,,,,,,,,,,,,,,,,,,,,,,,,,,,,,,,,,,,,
1911,2,142.3,-39.3,,,,,,,,,,,,,,,,,,,,,,,,,,,,,,,,,2.6,4.6,9.3,5.61,23.0,3.59,14.0,0.6,-6.21,-2.6,3.59,-1.97,23.0,5.29,14.0,0.6,-4.74,-1.67,0.0,-2.12,23.0,3.01,14.0,0.6,1003.42,1010.0,1018.29,1011.72,5.0,12.31,8.0,0.8,,,,,,,,,,,,,,,,,,,,,,,,,,,,,,,,,,,,,,,,,,,,,,,,,,,,,,,,,,,,,,,,,,,,,,,,,,,,,,,,,,,,,,,,,,,,,,,,,,,,,,,,,,,,,,,,,,,,,,,,
1911,2,142.3,-11.5,27.43,27.8,28.3,27.9,11.0,0.53,16.0,0.5,26.99,27.9,28.38,27.69,11.0,0.89,16.0,0.5,20.18,20.31,20.9,20.53,4.0,0.62,28.0,0.5,84.3,87.9,91.5,87.9,4.0,4.2,28.0,0.5,3.77,4.6,6.7,4.81,11.0,1.44,16.0,0.5,-2.96,2.96,4.31,1.36,11.0,3.41,16.0,0.5,-4.9,-1.8,3.52,-1.18,11.0,3.51,16.0,0.5,1001.29,1010.3,1010.44,1007.32,6.0,4.91,20.0,0.3,3.4,6.5,8.0,5.8,10.0,2.2,16.0,0.4,-13.6,13.6,28.9,8.8,11.0,18.0,16.0,0.5,-32.8,-8.3,16.2,-8.3,11.0,19.9,16.0,0.5,-0.54,0.0,0.81,0.21,11.0,1.01,16.0,0.5,-2.3,0.0,4.1,1.5,11.0,6.1,16.0,0.5,2.54,3.25,4.08,3.31,4.0,1.11,28.0,0.5,10.7,13.3,15.0,12.9,4.0,2.8,28.0,0.5,-80.3,80.4,120.1,37.4,11.0,94.5,16.0,0.5,-133.1,-51.2,95.7,-32.3,11.0,96.4,16.0,0.5,-61.8,-59.7,-55.9,-58.9,4.0,4.4,28.0,0.5,33.7,71.1,73.6,54.5,4.0,36.4,28.0,0.5,,,,,,,,,,,,,,,,,,,,,,,,,,,,,,,,
1911,2,142.3,32.9,,,,,,,,,,,,,,,,,,,,,,,,,,,,,,,,,,,,,,,,,,,,,,,,,,,,,,,,,,,,,,,,,,,,,,,,,,,,,,,,,,,,,,,,,,,,,,,,,,,,,,,,,,,,,,,,,,,,,,,,,,,,,,,,,,,,,,,,,,,,,,,,,,,,,,,,,89.5,89.5,89.5,89.5,1.0,0.0,4.0,0.0,-15.8,-15.8,-15.8,-15.8,1.0,0.0,4.0,0.0,301.0,804.5,1861.0,988.5,6.0,712.0,12.0,0.0,300.0,805.0,1860.0,990.0,6.0,710.0,12.0,0.0
1911,2,142.3,34.6,15.16,16.1,17.42,16.22,5.0,1.34,16.0,0.4,5.92,10.0,15.64,10.78,5.0,5.29,16.0,0.4,6.1,7.16,8.21,7.16,2.0,2.18,12.0,0.0,70.0,71.7,73.3,71.7,2.0,3.4,12.0,0.0,9.3,9.3,9.3,9.3,5.0,0.0,16.0,0.4,-6.4,-3.18,0.0,-3.26,5.0,3.3,16.0,0.4,-9.3,-8.74,-1.19,-5.24,5.0,7.05,16.0,0.4,1017.69,1022.9,1023.27,1020.88,5.0,3.37,16.0,0.4,6.6,8.0,8.0,7.4,5.0,0.9,16.0,0.4,-59.5,-29.6,0.0,-30.3,5.0,30.7,16.0,0.4,-86.5,-81.3,-11.1,-48.7,5.0,65.5,16.0,0.4,0.86,4.4,10.49,5.44,5.0,5.33,16.0,0.4,8.0,40.9,97.5,50.6,5.0,49.6,16.0,0.4,3.6,3.98,4.36,3.98,2.0,0.79,12.0,0.0,33.4,37.0,40.5,37.0,2.0,7.3,12.0,0.0,-59.0,-31.8,0.0,-32.3,5.0,35.7,16.0,0.4,-115.9,-52.1,14.3,-47.8,5.0,97.7,16.0,0.4,-15.0,-8.9,-2.8,-8.9,2.0,12.6,12.0,0.0,-75.9,-65.0,-54.1,-65.0,2.0,22.5,12.0,0.0,,,,,,,,,,,,,,,,,,,,,,,,,,,,,,,,
1911,2,142.4,-11.6,,,,,,,,,,,,,,,,,,,,,,,,,,,,,,,,,,,,,,,,,,,,,,,,,,,,,,,,,,,,,,,,,,,,,,,,,,,,,,,,,,,,,,,,,,,,,,,,,,,,,,,,,,,,,,,,,,,,,,,,,,,,,,,,,,,,,,,,,,,,,,,,,,,,,,,,,-11.2,-9.6,-7.5,-9.4,4.0,2.6,28.0,0.5,3.4,9.1,11.5,7.5,4.0,5.4,28.0,0.5,64.5,97.5,301.0,138.5,11.0,109.0,16.0,0.5,65.0,95.0,300.0,140.0,11.0,110.0,16.0,0.5
1911,2,142.4,32.4,,,,,,,,,,,,,,,,,,,,,,,,,,,,,,,,,,,,,,,,,,,,,,,,,,,,,,,,,,,,,,,,,,,,,,,,,,,,,,,,,,,,,,,,,-0.25,0.8,3.0,1.36,5.0,1.99,14.0,0.0,-2.1,5.4,32.8,14.9,5.0,23.9,14.0,0.0,7.39,7.39,7.39,7.39,1.0,0.0,4.0,0.0,90.9,90.9,90.9,90.9,1.0,0.0,4.0,0.0,23.5,109.9,133.9,77.8,5.0,93.5,14.0,0.0,-7.8,63.1,90.0,45.1,5.0,53.1,14.0,0.0,34.9,34.9,34.9,34.9,1.0,0.0,4.0,0.0,-6.2,-6.2,-6.2,-6.2,1.0,0.0,4.0,0.0,,,,,,,,,,,,,,,,,,,,,,,,,,,,,,,,
1911,2,142.5,32.4,15.75,16.65,17.64,16.53,6.0,1.27,12.0,0.0,12.48,16.4,17.97,15.26,5.0,3.39,14.0,0.0,2.88,2.88,2.88,2.88,1.0,0.0,4.0,0.0,37.6,37.6,37.6,37.6,1.0,0.0,4.0,0.0,6.7,9.3,12.3,9.43,6.0,2.51,12.0,0.0,2.52,7.66,12.15,6.42,6.0,6.76,12.0,0.0,-0.44,1.74,5.23,2.2,6.0,3.49,12.0,0.0,1001.83,1003.2,1018.29,1009.9,3.0,13.37,10.0,0.0,3.6,6.0,8.0,5.7,6.0,2.7,12.0,0.0,13.7,62.5,149.5,66.9,6.0,78.4,12.0,0.0,-5.4,15.9,39.4,17.4,6.0,32.7,12.0,0.0,,,,,,,,,,,,,,,,,,,,,,,,,,,,,,,,,,,,,,,,,,,,,,,,,,,,,,,,,,,,,,,,,,,,,,,,,,,,,,,,,,,,,,,,,,,,,,,,
1911,2,142.5,36.5,14.4,15.6,16.05,15.42,11.0,0.98,10.0,0.6,7.55,8.9,10.45,9.03,11.0,1.57,10.0,0.6,3.62,4.27,5.14,4.36,7.0,0.77,8.0,0.7,53.0,53.6,72.9,60.0,7.0,9.7,8.0,0.7,4.6,6.7,9.51,7.21,11.0,2.78,10.0,0.6,1.29,4.31,5.87,2.61,11.0,5.03,10.0,0.6,-7.12,-5.13,-1.43,-4.14,11.0,3.64,10.0,0.6,1003.86,1013.2,1016.5,1010.95,10.0,5.68,10.0,0.6,3.6,7.0,7.4,5.9,11.0,2.0,10.0,0.6,5.2,22.4,54.5,14.5,11.0,55.3,10.0,0.6,-66.3,-34.4,-3.7,-29.5,11.0,36.9,10.0,0.6,5.35,6.7,7.8,6.39,11.0,1.73,10.0,0.6,27.9,48.2,54.1,44.5,11.0,18.3,10.0,0.6,5.32,7.05,7.91,6.73,7.0,1.29,8.0,0.7,29.1,49.8,55.2,45.3,7.0,19.4,8.0,0.7,11.9,35.9,53.0,19.3,11.0,56.2,10.0,0.6,-63.8,-41.8,-12.8,-35.2,11.0,36.3,10.0,0.6,6.9,16.4,25.9,16.6,7.0,10.7,8.0,0.7,-30.9,-19.6,-12.5,-22.4,7.0,10.0,8.0,0.7,,,,,,,,,,,,,,,,,,,,,,,,,,,,,,,,
1911,2,142.6,36.4,,,,,,,,,,,,,,,,,,,,,,,,,,,,,,,,,,,,,,,,,,,,,,,,,,,,,,,,,,,,,,,,,,,,,,,,,,,,,,,,,,,,,,,,,,,,,,,,,,,,,,,,,,,,,,,,,,,,,,,,,,,,,,,,,,,,,,,,,,,,,,,,,,,,,,,,,10.0,32.0,43.5,26.9,7.0,16.8,8.0,0.7,-45.0,-38.1,-24.4,-35.0,7.0,14.7,8.0,0.7,97.5,301.0,861.0,529.5,11.0,542.0,10.0,0.6,95.0,300.0,860.0,530.0,11.0,540.0,10.0,0.6
1911,2,142.7,-13.6,,,,,,,,,,,,,,,,,,,,,,,,,,,,,,,,,,,,,,,,,,,,,,,,,,,,,,,,,,,,,,,,,3.6,6.0,7.2,5.5,6.0,2.2,10.0,0.7,-0.2,7.2,15.3,6.6,7.0,9.2,14.0,0.6,-21.0,-4.3,6.8,-10.0,7.0,18.2,14.0,0.6,,,,,,,,,,,,,,,,,,,,,,,,,,,,,,,,,,,,,,,,,,,,,,,,,,,,,,,,,,,,,,,,,,,,,,,,,,,,,,,,,,,,,,,,,,,,,,,,
1911,2,142.7,-13.5,26.76,27.3,27.8,27.19,8.0,0.75,12.0,0.6,25.07,26.6,27.2,26.36,8.0,1.32,12.0,0.6,20.69,20.69,20.69,20.69,1.0,0.0,28.0,0.0,91.5,91.5,91.5,91.5,1.0,0.0,28.0,0.0,2.6,4.6,4.7,4.04,7.0,1.54,14.0,0.6,-0.1,1.16,3.32,1.23,7.0,2.2,14.0,0.6,-4.43,-1.67,2.6,-1.52,7.0,3.49,14.0,0.6,998.88,1001.9,1005.24,1002.4,5.0,4.59,12.0,0.6,,,,,,,,,,,,,,,,,,,,,,,,,0.0,0.85,1.38,0.83,8.0,1.04,12.0,0.6,-0.2,2.9,6.7,3.7,7.0,5.2,14.0,0.6,2.76,2.76,2.76,2.76,1.0,0.0,28.0,0.0,7.2,7.2,7.2,7.2,1.0,0.0,28.0,0.0,-2.6,32.9,86.0,31.0,7.0,56.5,14.0,0.6,-109.4,-45.5,66.8,-40.7,7.0,94.0,14.0,0.6,0.0,0.0,0.0,0.0,1.0,0.0,28.0,0.0,53.8,53.8,53.8,53.8,1.0,0.0,28.0,0.0,,,,,,,,,,,,,,,,,,,,,,,,,,,,,,,,
1911,2,142.7,-13.2,,,,,,,,,,,,,,,,,,,,,,,,,,,,,,,,,,,,,,,,,,,,,,,,,,,,,,,,,,,,,,,,,,,,,,,,,,,,,,,,,,,,,,,,,,,,,,,,,,,,,,,,,,,,,,,,,,,,,,,,,,,,,,,,,,,,,,,,,,,,,,,,,,,,,,,,,0.0,0.0,0.0,0.0,1.0,0.0,28.0,0.0,7.2,7.2,7.2,7.2,1.0,0.0,28.0,0.0,17.5,97.5,107.0,92.0,7.0,100.0,14.0,0.6,20.0,95.0,105.0,90.0,7.0,100.0,14.0,0.6
1911,2,142.8,42.1,,,,,,,,,,,,,,,,,,,,,,,,,,,,,,,,,1.0,2.6,6.7,3.8,16.0,2.81,14.0,0.1,-0.84,0.44,6.1,1.95,16.0,3.61,14.0,0.1,-2.9,-1.0,0.0,-1.09,16.0,2.23,14.0,0.1,1006.21,1014.4,1023.52,1012.84,15.0,11.97,14.0,0.1,,,,,,,,,,,,,,,,,,,,,,,,,,,,,,,,,,,,,,,,,,,,,,,,,,,,,,,,,,,,,,,,,,,,,,,,,,,,,,,,,,,,,,,,,,,,,,,,,,,,,,,,,,,,,,,,,,,,,,,,
1911,2,142.9,-15.0,,,,,,,,,,,,,,,,,,,,,,,,,,,,,,,,,2.6,2.6,2.6,2.6,1.0,0.0,28.0,0.0,1.99,1.99,1.99,1.99,1.0,0.0,28.0,0.0,1.67,1.67,1.67,1.67,1.0,0.0,28.0,0.0,1003.6,1003.6,1003.6,1003.6,1.0,0.0,28.0,0.0,,,,,,,,,,,,,,,,,,,,,,,,,,,,,,,,,,,,,,,,,,,,,,,,,,,,,,,,,,,,,,,,,,,,,,,,,,,,,,,,,,,,,,,,,,,,,,,,,,,,,,,,,,,,,,,,,,,,,,,,
1911,2,144.3,-39.2,,,,,,,,,,,,,,,,,,,,,,,,,,,,,,,,,2.14,6.7,12.3,6.72,37.0,4.01,14.0,0.4,-9.3,-0.39,4.36,-2.06,37.0,6.19,14.0,0.4,-3.81,0.0,3.54,-0.07,37.0,4.47,14.0,0.4,998.8,1004.9,1011.36,1008.18,13.0,12.09,14.0,0.4,,,,,,,,,,,,,,,,,,,,,,,,,,,,,,,,,,,,,,,,,,,,,,,,,,,,,,,,,,,,,,,,,,,,,,,,,,,,,,,,,,,,,,,,,,,,,,,,,,,,,,,,,,,,,,,,,,,,,,,,
1911,2,144.3,34.4,15.95,16.7,17.45,16.7,2.0,1.56,10.0,1.0,15.27,15.85,16.43,15.85,2.0,1.2,10.0,1.0,6.56,6.69,6.81,6.69,2.0,0.26,10.0,1.0,59.3,60.4,61.5,60.4,2.0,2.3,10.0,1.0,9.78,10.8,11.82,10.8,2.0,2.12,10.0,1.0,2.03,2.91,3.8,2.91,2.0,1.83,10.0,1.0,-11.18,-10.36,-9.54,-10.36,2.0,1.7,10.0,1.0,1020.05,1020.15,1020.25,1020.15,2.0,0.21,10.0,1.0,6.3,7.0,7.7,7.0,2.0,1.4,10.0,1.0,20.8,33.4,45.9,33.4,2.0,26.0,10.0,1.0,-133.1,-113.7,-94.2,-113.7,2.0,40.3,10.0,1.0,-0.48,0.85,2.18,0.85,2.0,2.76,10.0,1.0,-3.1,12.1,27.4,12.1,2.0,31.6,10.0,1.0,4.37,5.06,5.75,5.06,2.0,1.42,10.0,1.0,43.5,56.1,68.8,56.1,2.0,26.1,10.0,1.0,32.7,45.0,57.4,45.0,2.0,25.6,10.0,1.0,-170.1,-163.2,-156.2,-163.2,2.0,14.4,10.0,1.0,13.7,19.2,24.8,19.2,2.0,11.5,10.0,1.0,-73.2,-69.0,-64.9,-69.0,2.0,8.7,10.0,1.0,9.6,16.0,22.5,16.0,2.0,13.4,10.0,1.0,-64.9,-53.6,-42.3,-53.6,2.0,23.3,10.0,1.0,972.0,1332.5,1693.0,1332.5,2.0,747.0,10.0,1.0,970.0,1335.0,1695.0,1335.0,2.0,745.0,10.0,1.0
1911,2,144.3,36.6,,,,,,,,,,,,,,,,,,,,,,,,,,,,,,,,,,,,,,,,,,,,,,,,,,,,,,,,,,,,,,,,,,,,,,,,,,,,,,,,,,,,,,,,,,,,,,,,,,,,,,,,,,,,,,,,,,,,,,,,,,,,,,,,,,,,,,,,,,,,,,,,,,,,,,,,,4.7,19.0,34.9,19.8,4.0,18.4,12.0,0.3,-45.9,-37.9,-30.3,-38.1,4.0,9.6,12.0,0.3,301.0,552.5,804.5,544.0,8.0,324.5,14.0,0.3,300.0,555.0,805.0,545.0,8.0,325.0,14.0,0.3
1911,2,144.4,32.3,15.6,17.1,17.8,16.86,7.0,0.93,14.0,1.0,13.9,16.7,18.01,16.21,7.0,1.75,14.0,1.0,8.48,8.61,8.74,8.61,2.0,0.27,4.0,1.0,73.3,73.5,73.7,73.5,2.0,0.4,4.0,1.0,9.18,9.3,15.4,11.1,7.0,3.35,14.0,1.0,-6.72,6.02,9.38,3.76,7.0,7.58,14.0,1.0,-1.82,0.0,11.46,4.11,7.0,7.83,14.0,1.0,999.47,1013.4,1027.33,1013.4,4.0,16.07,14.0,1.0,4.0,6.0,8.0,5.6,7.0,2.0,14.0,1.0,-45.9,85.2,96.3,54.3,7.0,82.4,14.0,1.0,-17.0,0.0,170.1,65.0,7.0,107.2,14.0,1.0,-0.9,1.1,1.7,0.64,7.0,1.2,14.0,1.0,-13.9,10.2,15.8,3.8,7.0,13.0,14.0,1.0,4.09,4.22,4.36,4.22,2.0,0.29,4.0,1.0,38.0,39.3,40.6,39.3,2.0,2.7,4.0,1.0,-93.4,108.3,157.4,71.1,7.0,120.0,14.0,1.0,-28.7,0.0,200.9,76.2,7.0,133.6,14.0,1.0,77.8,79.5,81.1,79.5,2.0,3.4,4.0,1.0,-11.4,-6.8,-2.2,-6.8,2.0,9.6,4.0,1.0,,,,,,,,,,,,,,,,,,,,,,,,,,,,,,,,
1911,2,144.4,36.4,,,,,,,,,,,,,,,,,,,,,,,,,,,,,,,,,6.7,8.0,9.3,7.8,8.0,1.88,14.0,0.3,-1.61,0.79,5.79,1.66,8.0,3.65,14.0,0.3,-8.93,-6.81,-5.26,-6.85,8.0,1.71,14.0,0.3,1014.13,1017.1,1023.82,1018.26,8.0,4.77,14.0,0.1,,,,,,,,,,,,,,,,,,,,,,,,,,,,,,,,,,,,,,,,,,,,,,,,,,,,,,,,,-5.0,7.0,40.3,17.6,8.0,26.6,14.0,0.3,-58.4,-38.6,-26.8,-42.0,8.0,19.3,14.0,0.3,3.5,12.3,22.2,12.8,4.0,11.6,12.0,0.3,-31.4,-25.9,-20.3,-25.9,4.0,6.4,12.0,0.3,,,,,,,,,,,,,,,,,,,,,,,,,,,,,,,,
1911,2,144.4,36.5,10.15,15.0,15.6,13.77,9.0,2.72,12.0,0.2,3.1,7.8,9.27,6.68,9.0,3.12,12.0,0.2,4.29,4.65,4.83,4.58,5.0,0.41,12.0,0.2,56.0,66.0,70.6,64.5,5.0,9.4,12.0,0.2,,,,,,,,,,,,,,,,,,,,,,,,,,,,,,,,,6.0,6.0,7.7,6.3,9.0,1.2,12.0,0.2,-15.0,3.6,52.6,14.3,8.0,33.0,14.0,0.3,-83.3,-55.6,-35.3,-55.7,8.0,24.0,14.0,0.3,5.53,6.7,9.25,7.09,9.0,1.76,12.0,0.2,38.3,51.2,66.4,55.2,8.0,20.9,14.0,0.3,6.01,6.34,6.65,6.3,5.0,0.53,12.0,0.2,35.5,43.0,54.3,44.8,4.0,14.4,12.0,0.3,,,,,,,,,,,,,,,,,,,,,,,,,,,,,,,,,,,,,,,,,,,,,,,,,,,,,,,,,,,,,,,,
1911,2,144.4,42.5,,,,,,,,,,,,,,,,,,,,,,,,,,,,,,,,,1.0,2.6,6.7,3.64,37.0,2.55,18.0,0.3,-1.6,0.0,2.17,0.61,37.0,2.65,18.0,0.3,-4.6,0.0,2.08,-1.1,37.0,3.38,18.0,0.3,1007.38,1018.1,1026.72,1016.72,33.0,9.6,18.0,0.4,,,,,,,,,,,,,,,,,,,,,,,,,,,,,,,,,,,,,,,,,,,,,,,,,,,,,,,,,,,,,,,,,,,,,,,,,,,,,,,,,,,,,,,,,,,,,,,,,,,,,,,,,,,,,,,,,,,,,,,,
1911,2,144.5,-15.3,,,,,,,,,,,,,,,,,,,,,,,,,,,,,,,,,2.6,6.7,6.82,5.31,7.0,2.7,20.0,0.9,-5.99,-2.39,1.2,-2.14,7.0,3.49,20.0,0.9,-2.61,1.02,5.23,0.67,7.0,4.71,20.0,0.9,999.59,1002.55,1004.25,1001.95,4.0,3.26,22.0,0.8,,,,,,,,,,,,,,,,,,,,,,,,,,,,,,,,,,,,,,,,,,,,,,,,,,,,,,,,,,,,,,,,,,,,,,,,,,,,,,,,,,,,,,,,,,,,,,,,,,,,,,,,,,,,,,,,,,,,,,,,
1911,2,144.5,4.4,,,,,,,,,,,,,,,,,,,,,,,,,,,,,,,,,5.2,6.7,6.7,5.88,5.0,1.83,4.0,0.4,-6.7,-6.7,-5.2,-5.88,5.0,1.83,4.0,0.4,0.0,0.0,0.0,0.0,5.0,0.0,4.0,0.4,1009.7,1009.7,1009.7,1009.7,1.0,0.0,6.0,1.0,,,,,,,,,,,,,,,,,,,,,,,,,,,,,,,,,,,,,,,,,,,,,,,,,,,,,,,,,,,,,,,,,,,,,,,,,,,,,,,,,,,,,,,,,,,,,,,,,,,,,,,,,,,,,,,,,,,,,,,,
1911,2,144.5,32.6,,,,,,,,,,,,,,,,,,,,,,,,,,,,,,,,,,,,,,,,,,,,,,,,,,,,,,,,,,,,,,,,,,,,,,,,,,,,,,,,,,,,,,,,,,,,,,,,,,,,,,,,,,,,,,,,,,,,,,,,,,,,,,,,,,,,,,,,,,,,,,,,,,,,,,,,,37.9,39.0,40.1,39.0,2.0,2.2,4.0,1.0,-6.0,-3.6,-1.1,-3.6,2.0,5.1,4.0,1.0,780.5,804.5,3652.5,1697.0,7.0,1415.0,14.0,1.0,780.0,805.0,3650.0,1695.0,7.0,1415.0,14.0,1.0
1911,2,144.5,38.5,8.77,12.2,15.65,11.91,7.0,3.81,6.0,0.3,1.96,2.8,5.73,3.24,7.0,3.45,6.0,0.3,2.92,3.3,3.68,3.3,2.0,0.79,4.0,0.0,55.2,60.5,65.8,60.5,2.0,10.9,4.0,0.0,6.7,9.3,15.57,10.87,7.0,4.89,6.0,0.3,4.31,8.05,9.52,7.22,7.0,2.39,6.0,0.3,-12.02,-5.13,-4.59,-7.89,7.0,4.75,6.0,0.3,1007.74,1010.45,1014.61,1010.77,6.0,3.76,6.0,0.3,4.9,6.0,7.0,5.6,7.0,1.7,6.0,0.3,28.9,74.9,153.8,87.3,7.0,61.4,6.0,0.3,-187.9,-43.2,-33.8,-105.1,7.0,107.7,6.0,0.3,6.65,8.9,11.1,8.67,7.0,2.22,6.0,0.3,66.3,75.0,127.8,88.8,7.0,31.7,6.0,0.3,8.07,8.17,8.26,8.17,2.0,0.2,4.0,0.0,54.1,54.7,55.4,54.7,2.0,1.3,4.0,0.0,10.8,20.9,26.4,20.0,7.0,27.6,6.0,0.3,-36.3,-24.4,-5.4,-17.8,7.0,24.7,6.0,0.3,12.6,14.2,15.9,14.2,2.0,3.4,4.0,0.0,-18.9,-16.9,-15.0,-16.9,2.0,4.1,4.0,0.0,,,,,,,,,,,,,,,,,,,,,,,,,,,,,,,,
1911,2,144.5,40.2,,,,,,,,,,,,,,,,,,,,,,,,,,,,,,,,,7.58,9.3,11.53,9.58,5.0,3.84,14.0,0.2,5.37,8.05,9.16,7.4,5.0,2.23,14.0,0.2,-8.83,1.57,3.72,-1.9,5.0,7.18,14.0,0.2,1005.99,1026.3,1029.62,1019.58,5.0,12.72,14.0,0.2,,,,,,,,,,,,,,,,,,,,,,,,,,,,,,,,,,,,,,,,,,,,,,,,,,,,,,,,,,,,,,,,,,,,,,,,,,,,,,,,,,,,,,,,,,,,,,,,,,,,,,,,,,,,,,,,,,,,,,,,
1911,2,144.7,38.3,,,,,,,,,,,,,,,,,,,,,,,,,,,,,,,,,,,,,,,,,,,,,,,,,,,,,,,,,,,,,,,,,,,,,,,,,,,,,,,,,,,,,,,,,,,,,,,,,,,,,,,,,,,,,,,,,,,,,,,,,,,,,,,,,,,,,,,,,,,,,,,,,,,,,,,,,34.8,35.2,35.6,35.2,2.0,0.9,4.0,0.0,-42.4,-41.9,-41.4,-41.9,2.0,1.0,4.0,0.0,301.0,804.5,3805.5,2011.5,7.0,2465.0,6.0,0.3,300.0,805.0,3805.0,2010.0,7.0,2465.0,6.0,0.3
1911,2,144.8,-17.2,,,,,,,,,,,,,,,,,,,,,,,,,,,,,,,,,2.6,2.6,5.4,3.97,3.0,2.37,14.0,0.7,-0.41,2.29,2.5,1.07,3.0,2.38,14.0,0.7,-4.3,0.0,1.36,-1.43,3.0,4.33,14.0,0.7,1004.2,1004.2,1004.2,1004.2,1.0,0.0,28.0,1.0,,,,,,,,,,,,,,,,,,,,,,,,,,,,,,,,,,,,,,,,,,,,,,,,,,,,,,,,,,,,,,,,,,,,,,,,,,,,,,,,,,,,,,,,,,,,,,,,,,,,,,,,,,,,,,,,,,,,,,,,
1911,2,146.1,-17.7,,,,,,,,,,,,,,,,,,,,,,,,,,,,,,,,,2.6,4.65,6.7,4.65,4.0,2.37,12.0,0.5,-0.27,2.29,2.45,1.15,4.0,2.5,12.0,0.5,-6.3,-3.15,0.0,-3.15,4.0,3.63,12.0,0.5,1005.9,1005.9,1005.9,1005.9,1.0,0.0,28.0,0.0,,,,,,,,,,,,,,,,,,,,,,,,,,,,,,,,,,,,,,,,,,,,,,,,,,,,,,,,,,,,,,,,,,,,,,,,,,,,,,,,,,,,,,,,,,,,,,,,,,,,,,,,,,,,,,,,,,,,,,,,
1911,2,146.3,32.1,16.29,16.5,17.1,16.7,5.0,0.65,10.0,0.0,15.16,16.0,16.93,16.12,6.0,1.03,12.0,0.0,8.83,8.87,8.91,8.87,2.0,0.08,2.0,0.0,70.4,71.7,73.1,71.7,2.0,2.9,2.0,0.0,6.7,8.0,9.3,8.0,6.0,1.42,12.0,0.0,1.41,5.66,6.62,3.52,6.0,5.36,12.0,0.0,-1.23,2.95,6.99,2.51,6.0,5.26,12.0,0.0,999.23,999.5,1017.32,1008.07,3.0,15.19,10.0,0.0,1.8,3.0,8.0,4.2,6.0,3.1,12.0,0.0,11.5,39.0,48.2,24.9,6.0,45.9,12.0,0.0,-11.5,19.8,65.0,20.8,6.0,48.3,12.0,0.0,-0.22,0.5,1.45,0.58,5.0,0.94,10.0,0.0,-1.5,4.7,11.6,4.8,5.0,7.0,10.0,0.0,2.89,3.31,3.72,3.31,2.0,0.85,2.0,0.0,19.4,22.1,24.9,22.1,2.0,5.7,2.0,0.0,22.2,85.5,112.1,57.3,6.0,87.4,12.0,0.0,-19.9,45.2,107.4,38.4,6.0,82.9,12.0,0.0,58.4,59.0,59.5,59.0,2.0,1.2,2.0,0.0,1.6,5.1,8.6,5.1,2.0,7.2,2.0,0.0,,,,,,,,,,,,,,,,,,,,,,,,,,,,,,,,
1911,2,146.4,-39.3,,,,,,,,,,,,,,,,,,,,,,,,,,,,,,,,,2.6,6.7,9.3,6.09,33.0,3.27,14.0,0.6,-5.8,-1.84,5.83,-1.46,33.0,5.69,14.0,0.6,-4.51,-1.84,3.63,-0.7,33.0,3.73,14.0,0.6,1002.12,1004.0,1007.53,1004.65,11.0,2.92,14.0,0.7,,,,,,,,,,,,,,,,,,,,,,,,,,,,,,,,,,,,,,,,,,,,,,,,,,,,,,,,,,,,,,,,,,,,,,,,,,,,,,,,,,,,,,,,,,,,,,,,,,,,,,,,,,,,,,,,,,,,,,,,
1911,2,146.4,-19.4,,,,,,,,,,,,,,,,,,,,,,,,,,,,,,,,,1.18,2.6,6.47,3.48,8.0,2.29,16.0,0.5,-0.79,0.0,0.4,-0.3,8.0,1.19,16.0,0.5,-2.55,-1.71,3.02,-0.74,8.0,4.11,16.0,0.5,1005.74,1006.9,1006.9,1006.33,3.0,0.98,28.0,0.7,,,,,,,,,,,,,,,,,,,,,,,,,,,,,,,,,,,,,,,,,,,,,,,,,,,,,,,,,,,,,,,,,,,,,,,,,,,,,,,,,,,,,,,,,,,,,,,,,,,,,,,,,,,,,,,,,,,,,,,,
1911,2,146.4,32.2,,,,,,,,,,,,,,,,,,,,,,,,,,,,,,,,,,,,,,,,,,,,,,,,,,,,,,,,,,,,,,,,,,,,,,,,,,,,,,,,,,,,,,,,,,,,,,,,,,,,,,,,,,,,,,,,,,,,,,,,,,,,,,,,,,,,,,,,,,,,,,,,,,,,,,,,,19.2,22.0,24.9,22.0,2.0,5.9,2.0,0.0,0.5,1.6,2.6,1.6,2.0,2.2,2.0,0.0,301.0,552.5,804.5,552.5,6.0,276.0,12.0,0.0,300.0,555.0,805.0,555.0,6.0,275.0,12.0,0.0
1911,2,146.4,38.5,7.46,8.9,9.74,8.61,10.0,1.11,10.0,0.1,1.91,3.3,4.74,3.33,10.0,1.62,10.0,0.1,3.19,3.44,3.78,3.51,6.0,0.51,10.0,0.2,60.7,64.7,73.3,68.4,6.0,12.0,10.0,0.2,5.5,9.3,12.3,9.46,10.0,4.34,10.0,0.1,2.58,6.14,8.72,6.03,10.0,3.42,10.0,0.1,-9.28,-6.71,-3.33,-6.85,10.0,3.75,10.0,0.1,1008.68,1010.85,1018.1,1012.83,8.0,4.58,10.0,0.1,3.0,5.5,7.1,5.1,10.0,2.1,10.0,0.1,14.4,48.9,102.8,68.7,10.0,67.3,10.0,0.1,-112.1,-54.2,-17.8,-77.8,10.0,79.4,10.0,0.1,4.16,5.0,6.66,5.28,10.0,1.3,10.0,0.1,23.0,51.7,73.1,53.2,10.0,33.2,10.0,0.1,3.44,3.67,3.74,3.59,6.0,0.21,10.0,0.2,16.6,25.1,30.8,24.6,6.0,7.2,10.0,0.2,8.4,17.7,22.9,16.3,10.0,7.7,10.0,0.1,-25.1,-21.1,-9.6,-19.1,10.0,8.3,10.0,0.1,7.1,15.9,25.3,16.0,6.0,9.2,10.0,0.2,-22.8,-14.0,-8.8,-16.1,6.0,8.8,10.0,0.2,,,,,,,,,,,,,,,,,,,,,,,,,,,,,,,,
1911,2,146.4,40.3,,,,,,,,,,,,,,,,,,,,,,,,,,,,,,,,,9.3,9.3,12.3,10.5,5.0,1.64,8.0,0.4,4.52,7.91,9.3,6.73,5.0,3.87,8.0,0.4,-10.47,0.0,2.18,-3.15,5.0,7.52,8.0,0.4,1005.58,1006.9,1015.97,1011.1,5.0,11.05,8.0,0.4,,,,,,,,,,,,,,,,,,,,,,,,,,,,,,,,,,,,,,,,,,,,,,,,,,,,,,,,,,,,,,,,,,,,,,,,,,,,,,,,,,,,,,,,,,,,,,,,,,,,,,,,,,,,,,,,,,,,,,,,
1911,2,146.5,34.4,17.3,17.5,17.7,17.5,2.0,0.42,10.0,0.0,12.88,13.05,13.22,13.05,2.0,0.35,10.0,0.0,6.59,7.07,7.55,7.07,2.0,1.0,10.0,0.0,72.2,76.6,81.1,76.6,2.0,9.2,10.0,0.0,9.78,10.8,11.82,10.8,2.0,2.12,10.0,0.0,-1.7,1.48,4.67,1.48,2.0,6.6,10.0,0.0,-10.35,-9.7,-9.04,-9.7,2.0,1.35,10.0,0.0,1021.54,1022.7,1023.86,1022.7,2.0,2.4,10.0,0.0,6.3,7.0,7.7,7.0,2.0,1.4,10.0,0.0,-12.9,23.0,58.9,23.0,2.0,74.4,10.0,0.0,-123.1,-106.1,-89.2,-106.1,2.0,35.2,10.0,0.0,4.07,4.45,4.83,4.45,2.0,0.78,10.0,0.0,40.3,48.9,57.5,48.9,2.0,17.8,10.0,0.0,4.58,5.23,5.89,5.23,2.0,1.36,10.0,0.0,45.5,58.0,70.4,58.0,2.0,25.8,10.0,0.0,-23.1,18.2,59.5,18.2,2.0,85.6,10.0,0.0,-133.2,-126.3,-119.4,-126.3,2.0,14.2,10.0,0.0,-14.6,7.2,29.0,7.2,2.0,45.2,10.0,0.0,-67.9,-67.9,-67.8,-67.9,2.0,0.1,10.0,0.0,-5.4,12.3,29.9,12.3,2.0,36.6,10.0,0.0,-61.4,-51.7,-41.9,-51.7,2.0,20.2,10.0,0.0,972.0,1332.5,1693.0,1332.5,2.0,747.0,10.0,0.0,970.0,1335.0,1695.0,1335.0,2.0,745.0,10.0,0.0
1911,2,146.5,38.4,,,,,,,,,,,,,,,,,,,,,,,,,,,,,,,,,,,,,,,,,,,,,,,,,,,,,,,,,,,,,,,,,,,,,,,,,,,,,,,,,,,,,,,,,,,,,,,,,,,,,,,,,,,,,,,,,,,,,,,,,,,,,,,,,,,,,,,,,,,,,,,,,,,,,,,,,8.0,15.0,25.4,16.7,6.0,10.2,10.0,0.2,-23.0,-14.0,-11.1,-15.8,6.0,6.2,10.0,0.2,184.5,804.5,1861.0,1392.5,10.0,2026.5,10.0,0.1,185.0,805.0,1860.0,1395.0,10.0,2025.0,10.0,0.1
1911,2,146.6,36.4,,,,,,,,,,,,,,,,,,,,,,,,,,,,,,,,,2.81,6.7,10.52,6.67,3.0,5.65,18.0,0.7,-1.46,0.0,0.0,-0.71,3.0,1.23,18.0,0.7,-10.4,-6.7,-2.81,-6.6,3.0,5.56,18.0,0.7,1021.34,1022.5,1023.25,1022.3,3.0,1.41,18.0,0.7,,,,,,,,,,,,,,,,,,,,,,,,,,,,,,,,,,,,,,,,,,,,,,,,,,,,,,,,,,,,,,,,,,,,,,,,,,,,,,,,,,,,,,,,,,,,,,,,,,,,,,,,,,,,,,,,,,,,,,,,
1911,2,146.6,42.4,,,,,,,,,,,,,,,,,,,,,,,,,,,,,,,,,2.92,3.6,4.28,3.6,2.0,1.41,20.0,1.0,2.74,3.38,4.02,3.38,2.0,1.33,20.0,1.0,1.0,1.23,1.46,1.23,2.0,0.48,20.0,1.0,1032.33,1033.05,1033.77,1033.05,2.0,1.48,20.0,1.0,,,,,,,,,,,,,,,,,,,,,,,,,,,,,,,,,,,,,,,,,,,,,,,,,,,,,,,,,,,,,,,,,,,,,,,,,,,,,,,,,,,,,,,,,,,,,,,,,,,,,,,,,,,,,,,,,,,,,,,,
1911,2,148.0,-19.8,,,,,,,,,,,,,,,,,,,,,,,,,,,,,,,,,3.25,4.65,6.05,4.65,2.0,2.9,14.0,1.0,0.27,0.84,1.41,0.84,2.0,1.18,14.0,1.0,-0.61,2.35,5.32,2.35,2.0,6.15,14.0,1.0,1006.6,1006.6,1006.6,1006.6,1.0,0.0,26.0,1.0,,,,,,,,,,,,,,,,,,,,,,,,,,,,,,,,,,,,,,,,,,,,,,,,,,,,,,,,,,,,,,,,,,,,,,,,,,,,,,,,,,,,,,,,,,,,,,,,,,,,,,,,,,,,,,,,,,,,,,,,
1911,2,148.2,-39.1,,,,,,,,,,,,,,,,,,,,,,,,,,,,,,,,,1.0,4.6,4.6,3.32,23.0,1.97,14.0,0.4,-3.25,-1.8,0.0,-1.99,23.0,1.92,14.0,0.4,-2.93,0.0,3.25,0.01,23.0,2.75,14.0,0.4,1003.8,1006.5,1029.23,1012.81,8.0,12.14,16.0,0.5,,,,,,,,,,,,,,,,,,,,,,,,,,,,,,,,,,,,,,,,,,,,,,,,,,,,,,,,,,,,,,,,,,,,,,,,,,,,,,,,,,,,,,,,,,,,,,,,,,,,,,,,,,,,,,,,,,,,,,,,
1911,2,148.4,0.4,,,,,,,,,,,,,,,,,,,,,,,,,,,,,,,,,4.6,4.6,5.7,5.13,4.0,1.05,6.0,0.3,-4.37,-3.52,-3.52,-3.93,4.0,0.8,6.0,0.3,-3.66,-2.96,-2.96,-3.29,4.0,0.67,6.0,0.3,1014.4,1014.4,1014.4,1014.4,1.0,0.0,6.0,0.0,,,,,,,,,,,,,,,,,,,,,,,,,,,,,,,,,,,,,,,,,,,,,,,,,,,,,,,,,,,,,,,,,,,,,,,,,,,,,,,,,,,,,,,,,,,,,,,,,,,,,,,,,,,,,,,,,,,,,,,,
1911,2,148.4,30.8,,,,,,,,,,,,,,,,,,,,,,,,,,,,,,,,,6.7,9.3,9.3,8.26,5.0,1.42,14.0,0.0,0.0,1.61,4.32,2.22,5.0,2.63,14.0,0.0,-8.94,-6.7,4.8,-2.66,5.0,8.09,14.0,0.0,1000.58,1018.5,1023.44,1013.46,5.0,12.1,14.0,0.0,8.0,8.0,8.0,8.0,5.0,0.0,14.0,0.0,0.0,15.0,34.2,17.4,5.0,18.5,14.0,0.0,-83.2,-44.9,40.9,-22.4,5.0,72.6,14.0,0.0,,,,,,,,,,,,,,,,,,,,,,,,,,,,,,,,,0.0,30.5,74.6,39.1,5.0,46.5,14.0,0.0,-147.3,-115.2,89.1,-39.4,5.0,142.2,14.0,0.0,29.0,48.1,67.3,48.1,2.0,39.7,2.0,0.0,41.4,70.7,100.1,70.7,2.0,60.8,2.0,0.0,,,,,,,,,,,,,,,,,,,,,,,,,,,,,,,,
1911,2,148.4,30.9,,,,,,,,,,,,,,,,,,,,,,,,,,,,,,,,,,,,,,,,,,,,,,,,,,,,,,,,,,,,,,,,,,,,,,,,,,,,,,,,,,,,,,,,,,,,,,,,,,,,,,,,,,,,,,,,,,,,,,,,,,,,,,,,,,,,,,,,,,,,,,,,,,,,,,,,,3.4,6.2,9.0,6.2,2.0,5.8,2.0,0.0,5.1,7.9,10.8,7.9,2.0,5.9,2.0,0.0,301.0,804.5,804.5,603.0,5.0,276.0,14.0,0.0,300.0,805.0,805.0,605.0,5.0,275.0,14.0,0.0
1911,2,148.4,34.4,17.8,17.8,17.8,17.8,1.0,0.0,10.0,0.0,13.3,13.3,13.3,13.3,1.0,0.0,10.0,0.0,8.26,8.26,8.26,8.26,1.0,0.0,10.0,0.0,88.3,88.3,88.3,88.3,1.0,0.0,10.0,0.0,12.3,12.3,12.3,12.3,1.0,0.0,10.0,0.0,0.0,0.0,0.0,0.0,1.0,0.0,10.0,0.0,-12.3,-12.3,-12.3,-12.3,1.0,0.0,10.0,0.0,1024.7,1024.7,1024.7,1024.7,1.0,0.0,10.0,0.0,8.0,8.0,8.0,8.0,1.0,0.0,10.0,0.0,0.0,0.0,0.0,0.0,1.0,0.0,10.0,0.0,-151.3,-151.3,-151.3,-151.3,1.0,0.0,10.0,0.0,4.5,4.5,4.5,4.5,1.0,0.0,10.0,0.0,55.4,55.4,55.4,55.4,1.0,0.0,10.0,0.0,4.26,4.26,4.26,4.26,1.0,0.0,10.0,0.0,52.4,52.4,52.4,52.4,1.0,0.0,10.0,0.0,0.0,0.0,0.0,0.0,1.0,0.0,10.0,0.0,-163.6,-163.6,-163.6,-163.6,1.0,0.0,10.0,0.0,0.0,0.0,0.0,0.0,1.0,0.0,10.0,0.0,-101.5,-101.5,-101.5,-101.5,1.0,0.0,10.0,0.0,0.0,0.0,0.0,0.0,1.0,0.0,10.0,0.0,-52.4,-52.4,-52.4,-52.4,1.0,0.0,10.0,0.0,1861.0,1861.0,1861.0,1861.0,1.0,0.0,10.0,0.0,1860.0,1860.0,1860.0,1860.0,1.0,0.0,10.0,0.0
1911,2,148.4,36.7,,,,,,,,,,,,,,,,,,,,,,,,,,,,,,,,,3.9,6.7,8.47,6.2,3.0,3.38,16.0,0.0,0.0,0.0,0.0,0.0,3.0,0.0,16.0,0.0,-8.47,-6.7,-3.9,-6.2,3.0,3.38,16.0,0.0,1020.3,1020.5,1021.46,1020.87,3.0,0.91,16.0,0.0,,,,,,,,,,,,,,,,,,,,,,,,,,,,,,,,,,,,,,,,,,,,,,,,,,,,,,,,,,,,,,,,,,,,,,,,,,,,,,,,,,,,,,,,,,,,,,,,,,,,,,,,,,,,,,,,,,,,,,,,
1911,2,148.4,38.6,8.79,9.4,10.0,9.13,7.0,1.18,12.0,0.6,0.6,2.8,3.35,2.31,7.0,1.42,12.0,0.6,2.99,3.47,3.63,3.34,6.0,0.43,12.0,0.5,66.0,74.4,80.9,73.7,6.0,11.0,12.0,0.5,6.6,9.3,9.3,7.89,7.0,1.9,12.0,0.6,2.28,3.18,5.98,3.07,7.0,2.77,12.0,0.6,-8.74,-7.12,-6.08,-6.82,7.0,1.78,12.0,0.6,1013.87,1015.75,1016.4,1015.23,6.0,1.4,12.0,0.5,3.8,6.0,7.2,5.7,6.0,1.9,10.0,0.7,12.2,29.6,55.6,26.5,7.0,24.9,12.0,0.6,-81.3,-66.3,-40.4,-56.4,7.0,24.0,12.0,0.6,6.08,7.2,7.25,6.81,7.0,0.93,12.0,0.6,40.1,56.7,67.0,54.3,7.0,15.7,12.0,0.6,3.6,4.0,4.36,4.02,6.0,0.59,12.0,0.5,24.8,32.2,40.5,32.5,6.0,9.7,12.0,0.5,1.4,10.2,13.2,8.5,7.0,6.3,12.0,0.6,-24.7,-15.5,-3.8,-15.5,7.0,9.7,12.0,0.6,5.1,10.9,20.9,11.0,6.0,10.6,12.0,0.5,-28.1,-23.5,-18.0,-22.9,6.0,6.5,12.0,0.5,7.5,13.9,20.4,12.5,6.0,11.7,12.0,0.5,-34.7,-27.4,-21.1,-28.0,6.0,9.9,12.0,0.5,291.0,804.5,804.5,559.5,7.0,313.0,12.0,0.6,290.0,805.0,805.0,560.0,7.0,315.0,12.0,0.6
1911,2,148.4,40.5,1.36,3.3,8.09,4.6,10.0,3.32,6.0,0.5,-0.89,1.4,3.64,1.33,10.0,2.04,6.0,0.5,2.65,2.75,2.85,2.75,2.0,0.21,4.0,1.0,53.2,55.2,57.1,55.2,2.0,4.1,4.0,1.0,9.3,12.3,12.3,11.35,10.0,3.64,6.0,0.5,5.49,9.02,11.56,9.36,10.0,4.19,6.0,0.5,-9.28,-4.21,-1.36,-4.73,10.0,4.09,6.0,0.5,1003.09,1009.2,1011.97,1007.69,9.0,4.66,6.0,0.4,4.0,6.0,6.0,5.2,10.0,1.1,6.0,0.5,55.4,97.2,142.2,118.0,10.0,88.8,6.0,0.5,-115.9,-51.7,-12.7,-61.6,10.0,48.6,6.0,0.5,1.86,3.35,5.07,3.27,10.0,1.99,6.0,0.5,15.8,40.0,55.6,36.3,10.0,22.4,6.0,0.5,4.21,4.29,4.37,4.29,2.0,0.17,4.0,1.0,51.8,52.8,53.8,52.8,2.0,2.1,4.0,1.0,-5.9,17.7,38.1,15.8,10.0,21.0,6.0,0.5,-13.9,-3.6,8.3,-2.6,10.0,11.1,6.0,0.5,30.7,31.8,33.0,31.8,2.0,2.4,4.0,1.0,-12.0,-11.6,-11.2,-11.6,2.0,0.9,4.0,1.0,,,,,,,,,,,,,,,,,,,,,,,,,,,,,,,,
1911,2,148.4,42.5,,,,,,,,,,,,,,,,,,,,,,,,,,,,,,,,,3.23,4.6,6.03,4.63,3.0,2.05,22.0,0.0,0.33,2.96,3.88,2.12,3.0,2.7,22.0,0.0,-4.62,-3.52,-2.79,-3.7,3.0,1.35,22.0,0.0,1025.38,1030.7,1031.59,1028.53,3.0,4.92,22.0,0.0,,,,,,,,,,,,,,,,,,,,,,,,,,,,,,,,,,,,,,,,,,,,,,,,,,,,,,,,,,,,,,,,,,,,,,,,,,,,,,,,,,,,,,,,,,,,,,,,,,,,,,,,,,,,,,,,,,,,,,,,
1911,2,148.5,-21.2,,,,,,,,,,,,,,,,,,,,,,,,,,,,,,,,,2.6,4.6,4.6,3.8,5.0,1.1,14.0,0.0,-4.42,-2.6,-1.26,-2.7,5.0,1.87,14.0,0.0,-2.74,0.0,0.57,-0.94,5.0,2.35,14.0,0.0,1007.07,1007.45,1007.83,1007.45,2.0,0.78,26.0,0.0,,,,,,,,,,,,,,,,,,,,,,,,,,,,,,,,,,,,,,,,,,,,,,,,,,,,,,,,,,,,,,,,,,,,,,,,,,,,,,,,,,,,,,,,,,,,,,,,,,,,,,,,,,,,,,,,,,,,,,,,
1911,2,148.5,30.8,16.1,17.5,18.9,17.5,4.0,1.62,12.0,0.0,16.48,17.2,18.2,17.34,5.0,1.07,14.0,0.0,12.15,12.26,12.37,12.26,2.0,0.23,2.0,0.0,91.1,92.4,93.8,92.4,2.0,2.9,2.0,0.0,,,,,,,,,,,,,,,,,,,,,,,,,,,,,,,,,,,,,,,,,,,,,,,,,,,,,,,,,-0.86,-0.3,0.58,-0.15,4.0,0.95,12.0,0.0,-6.5,-2.8,3.9,-1.4,4.0,6.6,12.0,0.0,1.38,1.48,1.59,1.48,2.0,0.22,2.0,0.0,11.2,11.7,12.1,11.7,2.0,1.0,2.0,0.0,,,,,,,,,,,,,,,,,,,,,,,,,,,,,,,,,,,,,,,,,,,,,,,,,,,,,,,,,,,,,,,,
1911,2,148.5,40.1,,,,,,,,,,,,,,,,,,,,,,,,,,,,,,,,,,,,,,,,,,,,,,,,,,,,,,,,,,,,,,,,,,,,,,,,,,,,,,,,,,,,,,,,,,,,,,,,,,,,,,,,,,,,,,,,,,,,,,,,,,,,,,,,,,,,,,,,,,,,,,,,,,,,,,,,,48.7,49.6,50.5,49.6,2.0,1.9,4.0,1.0,-18.4,-18.1,-17.7,-18.1,2.0,0.7,4.0,1.0,804.5,1861.0,1861.0,1881.0,10.0,1861.0,6.0,0.5,805.0,1860.0,1860.0,1880.0,10.0,1860.0,6.0,0.5
1911,2,148.7,-37.7,,,,,,,,,,,,,,,,,,,,,,,,,,,,,,,,,4.6,4.6,6.7,5.03,10.0,1.31,14.0,0.4,-3.25,-0.9,2.8,-0.67,10.0,3.11,14.0,0.4,-3.25,2.4,5.86,1.72,10.0,4.05,14.0,0.4,1002.83,1005.1,1010.14,1006.43,4.0,4.81,16.0,0.8,,,,,,,,,,,,,,,,,,,,,,,,,,,,,,,,,,,,,,,,,,,,,,,,,,,,,,,,,,,,,,,,,,,,,,,,,,,,,,,,,,,,,,,,,,,,,,,,,,,,,,,,,,,,,,,,,,,,,,,,
1911,2,150.1,-37.3,,,,,,,,,,,,,,,,,,,,,,,,,,,,,,,,,2.6,6.7,9.3,6.14,30.0,3.05,14.0,0.5,-2.87,0.0,4.89,0.97,30.0,3.76,14.0,0.5,-4.38,0.65,8.56,1.64,30.0,5.52,14.0,0.5,1001.09,1006.0,1010.24,1005.87,11.0,4.35,14.0,0.3,,,,,,,,,,,,,,,,,,,,,,,,,,,,,,,,,,,,,,,,,,,,,,,,,,,,,,,,,,,,,,,,,,,,,,,,,,,,,,,,,,,,,,,,,,,,,,,,,,,,,,,,,,,,,,,,,,,,,,,,
1911,2,150.1,-21.7,,,,,,,,,,,,,,,,,,,,,,,,,,,,,,,,,2.92,3.6,4.28,3.6,2.0,1.41,14.0,1.0,-4.05,-3.46,-2.87,-3.46,2.0,1.22,14.0,1.0,0.25,0.79,1.32,0.79,2.0,1.11,14.0,1.0,1006.3,1006.3,1006.3,1006.3,1.0,0.0,26.0,1.0,,,,,,,,,,,,,,,,,,,,,,,,,,,,,,,,,,,,,,,,,,,,,,,,,,,,,,,,,,,,,,,,,,,,,,,,,,,,,,,,,,,,,,,,,,,,,,,,,,,,,,,,,,,,,,,,,,,,,,,,
1911,2,150.3,34.4,17.37,17.75,18.13,17.75,2.0,0.78,10.0,0.5,12.97,13.35,13.73,13.35,2.0,0.78,10.0,0.5,7.43,7.46,7.49,7.46,2.0,0.06,10.0,0.5,78.1,79.6,81.2,79.6,2.0,3.3,10.0,0.5,9.3,9.3,9.3,9.3,2.0,0.0,10.0,0.5,0.0,0.0,0.0,0.0,2.0,0.0,10.0,0.5,-9.3,-9.3,-9.3,-9.3,2.0,0.0,10.0,0.5,1025.62,1026.1,1026.58,1026.1,2.0,0.99,10.0,0.5,6.0,6.0,6.0,6.0,2.0,0.0,10.0,0.5,0.0,0.0,0.0,0.0,2.0,0.0,10.0,0.5,-86.5,-86.5,-86.5,-86.5,2.0,0.0,10.0,0.5,3.65,4.4,5.15,4.4,2.0,1.56,10.0,0.5,33.9,40.9,47.9,40.9,2.0,14.5,10.0,0.5,4.68,5.01,5.34,5.01,2.0,0.69,10.0,0.5,43.5,46.6,49.7,46.6,2.0,6.4,10.0,0.5,0.0,0.0,0.0,0.0,2.0,0.0,10.0,0.5,-127.6,-124.2,-120.7,-124.2,2.0,7.2,10.0,0.5,0.0,0.0,0.0,0.0,2.0,0.0,10.0,0.5,-69.6,-69.3,-69.1,-69.3,2.0,0.6,10.0,0.5,0.0,0.0,0.0,0.0,2.0,0.0,10.0,0.5,-49.7,-46.6,-43.5,-46.6,2.0,6.4,10.0,0.5,804.5,804.5,804.5,804.5,2.0,0.0,10.0,0.5,805.0,805.0,805.0,805.0,2.0,0.0,10.0,0.5
1911,2,150.3,36.9,,,,,,,,,,,,,,,,,,,,,,,,,,,,,,,,,12.3,12.3,12.3,12.3,2.0,0.0,16.0,0.5,6.43,7.03,7.63,7.03,2.0,1.24,16.0,0.5,-10.46,-10.04,-9.62,-10.04,2.0,0.87,16.0,0.5,1013.72,1014.4,1015.08,1014.4,2.0,1.41,16.0,0.5,,,,,,,,,,,,,,,,,,,,,,,,,,,,,,,,,,,,,,,,,,,,,,,,,,,,,,,,,,,,,,,,,,,,,,,,,,,,,,,,,,,,,,,,,,,,,,,,,,,,,,,,,,,,,,,,,,,,,,,,
1911,2,150.4,-35.3,,,,,,,,,,,,,,,,,,,,,,,,,,,,,,,,,2.6,9.3,15.4,8.6,42.0,5.23,16.0,0.5,-4.6,0.0,4.44,-0.48,42.0,4.06,16.0,0.5,-3.74,1.38,14.28,4.12,42.0,8.31,16.0,0.5,1001.58,1009.0,1018.28,1010.45,17.0,7.59,16.0,0.6,,,,,,,,,,,,,,,,,,,,,,,,,,,,,,,,,,,,,,,,,,,,,,,,,,,,,,,,,,,,,,,,,,,,,,,,,,,,,,,,,,,,,,,,,,,,,,,,,,,,,,,,,,,,,,,,,,,,,,,,
1911,2,150.4,40.4,3.56,8.05,8.9,6.66,10.0,2.6,10.0,0.2,-0.89,0.85,1.99,0.49,10.0,1.41,10.0,0.2,2.88,3.27,3.32,3.11,7.0,0.27,12.0,0.0,72.1,80.1,91.3,80.5,7.0,12.1,12.0,0.0,5.5,8.0,12.3,8.48,10.0,3.07,10.0,0.2,0.08,3.74,10.2,4.5,10.0,4.78,10.0,0.2,-8.72,-5.71,-4.26,-5.88,10.0,2.36,10.0,0.2,1012.66,1015.25,1017.61,1013.48,8.0,6.61,10.0,0.1,4.0,6.0,6.0,5.6,10.0,1.3,10.0,0.2,2.4,29.2,125.4,48.9,10.0,58.3,10.0,0.2,-81.3,-47.0,-26.1,-52.6,10.0,30.4,10.0,0.2,1.64,7.5,9.24,6.17,10.0,3.55,10.0,0.2,9.1,61.6,76.3,50.9,10.0,31.2,10.0,0.2,1.7,3.75,3.98,3.26,7.0,1.11,12.0,0.0,11.2,25.2,37.0,23.5,7.0,12.6,12.0,0.0,-0.2,3.5,8.6,4.9,10.0,9.0,10.0,0.2,-9.6,-2.8,5.8,-2.1,10.0,7.8,10.0,0.2,-5.3,8.3,13.4,5.8,7.0,8.7,12.0,0.0,-23.0,-18.3,-13.9,-18.1,7.0,7.5,12.0,0.0,,,,,,,,,,,,,,,,,,,,,,,,,,,,,,,,
1911,2,150.5,-1.6,,,,,,,,,,,,,,,,,,,,,,,,,,,,,,,,,6.7,6.7,6.7,6.7,4.0,0.0,8.0,0.3,-1.6,2.29,2.29,0.44,4.0,3.71,8.0,0.3,-6.3,-6.3,-5.25,-5.8,4.0,0.99,8.0,0.3,1013.7,1013.7,1013.7,1013.7,1.0,0.0,8.0,0.0,,,,,,,,,,,,,,,,,,,,,,,,,,,,,,,,,,,,,,,,,,,,,,,,,,,,,,,,,,,,,,,,,,,,,,,,,,,,,,,,,,,,,,,,,,,,,,,,,,,,,,,,,,,,,,,,,,,,,,,,
1911,2,150.5,40.4,,,,,,,,,,,,,,,,,,,,,,,,,,,,,,,,,,,,,,,,,,,,,,,,,,,,,,,,,,,,,,,,,,,,,,,,,,,,,,,,,,,,,,,,,,,,,,,,,,,,,,,,,,,,,,,,,,,,,,,,,,,,,,,,,,,,,,,,,,,,,,,,,,,,,,,,,-5.5,7.3,12.7,5.2,7.0,8.8,12.0,0.0,-34.8,-23.6,-8.5,-21.1,7.0,13.2,12.0,0.0,184.5,552.5,1861.0,829.0,10.0,753.0,10.0,0.2,185.0,555.0,1860.0,830.0,10.0,755.0,10.0,0.2
1911,2,150.5,44.2,,,,,,,,,,,,,,,,,,,,,,,,,,,,,,,,,7.11,8.0,8.89,8.0,2.0,1.84,20.0,0.0,2.88,4.13,5.39,4.13,2.0,2.61,20.0,0.0,-6.99,-6.71,-6.43,-6.71,2.0,0.59,20.0,0.0,1026.98,1027.8,1028.62,1027.8,2.0,1.7,20.0,0.0,,,,,,,,,,,,,,,,,,,,,,,,,,,,,,,,,,,,,,,,,,,,,,,,,,,,,,,,,,,,,,,,,,,,,,,,,,,,,,,,,,,,,,,,,,,,,,,,,,,,,,,,,,,,,,,,,,,,,,,,
1911,2,150.6,-23.2,,,,,,,,,,,,,,,,,,,,,,,,,,,,,,,,,4.6,4.6,6.7,5.44,5.0,1.15,14.0,1.0,-6.7,-4.32,-3.14,-4.79,5.0,1.82,14.0,1.0,-1.19,0.0,2.29,0.37,5.0,2.49,14.0,1.0,999.62,1003.75,1007.98,1003.8,4.0,4.84,16.0,1.0,,,,,,,,,,,,,,,,,,,,,,,,,,,,,,,,,,,,,,,,,,,,,,,,,,,,,,,,,,,,,,,,,,,,,,,,,,,,,,,,,,,,,,,,,,,,,,,,,,,,,,,,,,,,,,,,,,,,,,,,
1911,2,150.6,30.5,,,,,,,,,,,,,,,,,,,,,,,,,,,,,,,,,,,,,,,,,,,,,,,,,,,,,,,,,,,,,,,,,,,,,,,,,,,,,,,,,,,,,,,,,,,,,,,,,,,,,,,,,,,,,,,,,,,,,,,,,,,,,,,,,,,,,,,,,,,,,,,,,,,,,,,,,4.5,5.6,6.8,5.6,2.0,2.4,2.0,1.0,12.3,15.5,18.7,15.5,2.0,6.6,2.0,1.0,301.0,552.5,804.5,552.5,4.0,291.0,12.0,1.0,300.0,555.0,805.0,555.0,4.0,290.0,12.0,1.0
1911,2,150.6,42.3,,,,,,,,,,,,,,,,,,,,,,,,,,,,,,,,,2.52,4.6,4.7,3.81,7.0,1.87,14.0,0.1,-0.04,2.44,4.68,2.27,7.0,2.7,14.0,0.1,-0.04,2.29,3.04,1.7,7.0,1.94,14.0,0.1,1002.69,1013.9,1020.8,1012.9,7.0,9.09,14.0,0.1,,,,,,,,,,,,,,,,,,,,,,,,,,,,,,,,,,,,,,,,,,,,,,,,,,,,,,,,,,,,,,,,,,,,,,,,,,,,,,,,,,,,,,,,,,,,,,,,,,,,,,,,,,,,,,,,,,,,,,,,
1911,2,150.7,-33.7,,,,,,,,,,,,,,,,,,,,,,,,,,,,,,,,,2.45,2.6,9.88,5.46,13.0,4.97,14.0,0.5,-5.82,-1.84,0.07,-2.29,13.0,2.7,14.0,0.5,-2.58,-0.71,3.03,1.11,13.0,6.53,14.0,0.5,1007.08,1010.75,1014.74,1011.48,6.0,5.0,14.0,0.5,,,,,,,,,,,,,,,,,,,,,,,,,,,,,,,,,,,,,,,,,,,,,,,,,,,,,,,,,,,,,,,,,,,,,,,,,,,,,,,,,,,,,,,,,,,,,,,,,,,,,,,,,,,,,,,,,,,,,,,,
1911,2,150.7,30.4,16.1,17.5,18.9,17.5,4.0,1.62,12.0,1.0,18.9,19.45,20.58,19.73,4.0,1.05,12.0,1.0,11.54,11.88,12.22,11.88,2.0,0.7,2.0,1.0,74.6,78.8,83.0,78.8,2.0,8.7,2.0,1.0,6.7,8.0,9.3,8.0,4.0,1.5,12.0,1.0,3.18,4.74,6.3,4.74,4.0,1.8,12.0,1.0,2.29,5.52,8.74,5.52,4.0,3.72,12.0,1.0,1006.96,1014.05,1018.83,1012.95,4.0,7.18,12.0,1.0,2.0,2.0,6.1,4.0,3.0,3.5,10.0,1.0,29.6,35.9,42.2,35.9,4.0,7.3,12.0,1.0,15.4,48.3,81.3,48.3,4.0,38.1,12.0,1.0,-2.8,-2.5,-1.62,-2.22,4.0,0.8,12.0,1.0,-19.7,-18.8,-14.3,-17.1,4.0,4.6,12.0,1.0,1.4,1.77,2.14,1.77,2.0,0.76,2.0,1.0,13.1,16.5,19.9,16.5,2.0,7.1,2.0,1.0,65.3,93.1,119.0,92.2,4.0,31.0,12.0,1.0,43.3,109.0,179.8,111.4,4.0,78.8,12.0,1.0,36.7,37.8,38.9,37.8,2.0,2.2,2.0,1.0,100.9,103.8,106.8,103.8,2.0,6.2,2.0,1.0,,,,,,,,,,,,,,,,,,,,,,,,,,,,,,,,
1911,2,150.8,38.1,,,,,,,,,,,,,,,,,,,,,,,,,,,,,,,,,9.78,10.8,11.82,10.8,2.0,2.12,16.0,0.5,8.61,9.81,11.0,9.81,2.0,2.48,16.0,0.5,-4.58,-4.43,-4.28,-4.43,2.0,0.31,16.0,0.5,1010.9,1012.2,1013.5,1012.2,2.0,2.69,16.0,0.5,,,,,,,,,,,,,,,,,,,,,,,,,,,,,,,,,,,,,,,,,,,,,,,,,,,,,,,,,,,,,,,,,,,,,,,,,,,,,,,,,,,,,,,,,,,,,,,,,,,,,,,,,,,,,,,,,,,,,,,,
1911,2,152.1,-23.6,,,,,,,,,,,,,,,,,,,,,,,,,,,,,,,,,5.27,6.7,8.47,6.87,3.0,2.35,14.0,0.7,-7.96,-6.3,-4.91,-6.43,3.0,2.24,14.0,0.7,-2.72,-1.72,1.02,-0.87,3.0,2.83,14.0,0.7,1007.6,1007.6,1007.6,1007.6,1.0,0.0,26.0,1.0,,,,,,,,,,,,,,,,,,,,,,,,,,,,,,,,,,,,,,,,,,,,,,,,,,,,,,,,,,,,,,,,,,,,,,,,,,,,,,,,,,,,,,,,,,,,,,,,,,,,,,,,,,,,,,,,,,,,,,,,
1911,2,152.2,-33.2,,,,,,,,,,,,,,,,,,,,,,,,,,,,,,,,,4.34,5.65,9.68,6.73,38.0,3.78,12.0,0.5,-6.58,-3.44,0.0,-3.47,38.0,3.57,12.0,0.5,-4.74,0.0,6.58,0.01,38.0,5.99,12.0,0.5,1007.9,1012.4,1015.29,1011.97,13.0,3.94,14.0,0.5,,,,,,,,,,,,,,,,,,,,,,,,,,,,,,,,,,,,,,,,,,,,,,,,,,,,,,,,,,,,,,,,,,,,,,,,,,,,,,,,,,,,,,,,,,,,,,,,,,,,,,,,,,,,,,,,,,,,,,,,
1911,2,152.3,-35.2,,,,,,,,,,,,,,,,,,,,,,,,,,,,,,,,,9.3,9.3,9.3,9.3,5.0,0.0,10.0,0.6,-8.62,-8.62,-2.71,-5.47,5.0,6.74,10.0,0.6,-3.91,-3.48,0.19,-1.71,5.0,4.66,10.0,0.6,1015.42,1016.0,1016.52,1015.98,4.0,0.86,8.0,0.5,,,,,,,,,,,,,,,,,,,,,,,,,,,,,,,,,,,,,,,,,,,,,,,,,,,,,,,,,,,,,,,,,,,,,,,,,,,,,,,,,,,,,,,,,,,,,,,,,,,,,,,,,,,,,,,,,,,,,,,,
1911,2,152.3,-5.3,,,,,,,,,,,,,,,,,,,,,,,,,,,,,,,,,2.27,4.6,5.57,4.45,6.0,2.79,12.0,0.2,0.39,2.49,3.82,2.24,6.0,2.58,12.0,0.2,-4.86,-3.25,0.1,-2.72,6.0,3.16,12.0,0.2,1013.7,1013.7,1013.7,1013.7,2.0,0.0,8.0,0.5,,,,,,,,,,,,,,,,,,,,,,,,,,,,,,,,,,,,,,,,,,,,,,,,,,,,,,,,,,,,,,,,,,,,,,,,,,,,,,,,,,,,,,,,,,,,,,,,,,,,,,,,,,,,,,,,,,,,,,,,
1911,2,152.3,38.5,,,,,,,,,,,,,,,,,,,,,,,,,,,,,,,,,12.3,15.65,19.0,15.65,4.0,3.87,16.0,0.3,1.36,15.13,18.86,10.34,4.0,12.64,16.0,0.3,-1.73,2.1,6.94,2.58,4.0,5.5,16.0,0.3,999.89,1006.25,1009.26,1004.65,4.0,7.08,16.0,0.3,,,,,,,,,,,,,,,,,,,,,,,,,,,,,,,,,,,,,,,,,,,,,,,,,,,,,,,,,,,,,,,,,,,,,,,,,,,,,,,,,,,,,,,,,,,,,,,,,,,,,,,,,,,,,,,,,,,,,,,,
1911,2,152.4,30.0,,,,,,,,,,,,,,,,,,,,,,,,,,,,,,,,,,,,,,,,,,,,,,,,,,,,,,,,,,,,,,,,,,,,,,,,,,,,,,,,,,,,,,,,,,,,,,,,,,,,,,,,,,,,,,,,,,,,,,,,,,,,,,,,,,,,,,,,,,,,,,,,,,,,,,,,,0.0,0.0,0.0,0.0,1.0,0.0,2.0,0.0,30.9,30.9,30.9,30.9,1.0,0.0,2.0,0.0,129.5,199.0,268.5,199.0,2.0,144.0,12.0,0.0,130.0,200.0,270.0,200.0,2.0,145.0,12.0,0.0
1911,2,152.4,34.3,16.87,17.25,17.63,17.25,2.0,0.78,10.0,0.5,13.05,13.6,14.15,13.6,2.0,1.13,10.0,0.5,5.93,6.26,6.59,6.26,2.0,0.67,10.0,0.5,64.6,65.7,66.7,65.7,2.0,2.2,10.0,0.5,9.3,9.3,9.3,9.3,2.0,0.0,10.0,0.5,0.0,0.0,0.0,0.0,2.0,0.0,10.0,0.5,-9.3,-9.3,-9.3,-9.3,2.0,0.0,10.0,0.5,1026.37,1026.95,1027.53,1026.95,2.0,1.2,10.0,0.5,2.0,2.0,2.0,2.0,2.0,0.0,10.0,0.5,0.0,0.0,0.0,0.0,2.0,0.0,10.0,0.5,-86.5,-86.5,-86.5,-86.5,2.0,0.0,10.0,0.5,2.73,3.65,4.57,3.65,2.0,1.91,10.0,0.5,25.4,33.9,42.5,33.9,2.0,17.8,10.0,0.5,5.2,5.81,6.41,5.81,2.0,1.26,10.0,0.5,48.3,54.0,59.6,54.0,2.0,11.7,10.0,0.5,0.0,0.0,0.0,0.0,2.0,0.0,10.0,0.5,-131.6,-126.5,-121.4,-126.5,2.0,10.5,10.0,0.5,0.0,0.0,0.0,0.0,2.0,0.0,10.0,0.5,-61.2,-58.2,-55.2,-58.2,2.0,6.3,10.0,0.5,0.0,0.0,0.0,0.0,2.0,0.0,10.0,0.5,-59.6,-54.0,-48.3,-54.0,2.0,11.7,10.0,0.5,804.5,804.5,804.5,804.5,2.0,0.0,10.0,0.5,805.0,805.0,805.0,805.0,2.0,0.0,10.0,0.5
1911,2,152.4,40.7,4.67,5.85,7.32,5.57,6.0,2.36,10.0,0.5,-1.1,0.0,1.8,0.28,6.0,1.39,10.0,0.5,2.93,3.28,3.32,3.13,5.0,0.27,10.0,0.6,70.0,88.3,88.5,80.5,5.0,11.8,10.0,0.6,4.6,6.7,7.34,6.52,6.0,1.91,10.0,0.5,4.31,4.31,5.29,5.1,6.0,1.92,10.0,0.5,-5.13,-4.48,-1.57,-3.73,6.0,1.74,10.0,0.5,1013.98,1018.1,1019.17,1016.62,5.0,3.78,10.0,0.6,5.2,7.0,7.0,6.0,6.0,2.0,10.0,0.5,19.9,28.9,41.2,35.8,6.0,26.1,10.0,0.5,-35.0,-34.4,-7.2,-25.9,6.0,14.5,10.0,0.5,4.14,6.15,7.32,5.28,6.0,3.25,10.0,0.5,27.4,37.2,50.2,36.8,6.0,24.3,10.0,0.5,1.74,2.52,3.36,2.48,5.0,1.08,10.0,0.6,10.7,15.2,19.6,15.0,5.0,7.4,10.0,0.6,-5.8,0.0,7.8,0.4,6.0,7.3,10.0,0.5,-4.5,0.0,4.5,-0.4,6.0,5.2,10.0,0.5,12.6,14.2,14.3,13.5,5.0,1.2,10.0,0.6,-16.2,-13.7,-5.2,-11.4,5.0,5.8,10.0,0.6,7.5,10.8,14.5,10.7,5.0,4.7,10.0,0.6,-15.0,-11.7,-3.7,-9.9,5.0,6.8,10.0,0.6,97.5,301.0,433.0,339.5,6.0,311.0,10.0,0.5,95.0,300.0,435.0,340.0,6.0,310.0,10.0,0.5
1911,2,152.5,30.1,16.95,17.5,18.05,17.5,2.0,1.13,12.0,0.0,17.47,18.05,18.63,18.05,2.0,1.2,12.0,0.0,8.47,8.47,8.47,8.47,1.0,0.0,2.0,0.0,69.6,69.6,69.6,69.6,1.0,0.0,2.0,0.0,4.93,5.65,6.37,5.65,2.0,1.48,12.0,0.0,0.69,2.16,3.64,2.16,2.0,3.06,12.0,0.0,2.39,4.14,5.89,4.14,2.0,3.63,12.0,0.0,1013.19,1015.75,1018.31,1015.75,2.0,5.3,12.0,0.0,2.8,4.5,6.2,4.5,2.0,3.5,12.0,0.0,3.2,9.9,16.7,9.9,2.0,14.1,12.0,0.0,13.2,26.1,38.9,26.1,2.0,26.6,12.0,0.0,-1.68,-0.55,0.58,-0.55,2.0,2.33,12.0,0.0,-7.3,-1.4,4.6,-1.4,2.0,12.4,12.0,0.0,4.61,4.61,4.61,4.61,1.0,0.0,2.0,0.0,30.9,30.9,30.9,30.9,1.0,0.0,2.0,0.0,13.0,40.8,68.7,40.8,2.0,57.8,12.0,0.0,43.3,72.5,101.7,72.5,2.0,60.5,12.0,0.0,0.0,0.0,0.0,0.0,1.0,0.0,2.0,0.0,56.8,56.8,56.8,56.8,1.0,0.0,2.0,0.0,,,,,,,,,,,,,,,,,,,,,,,,,,,,,,,,
1911,2,152.5,42.4,2.8,3.6,5.09,3.83,10.0,1.57,8.0,0.3,-0.89,1.4,2.8,1.0,10.0,1.98,8.0,0.3,3.13,3.22,3.31,3.22,2.0,0.18,12.0,0.5,74.0,77.1,80.1,77.1,2.0,6.4,12.0,0.5,4.6,6.95,11.23,7.4,10.0,3.58,8.0,0.3,3.82,4.43,9.3,5.84,10.0,4.2,8.0,0.3,-2.86,0.0,1.28,-1.07,10.0,4.11,8.0,0.3,1008.08,1010.0,1015.02,1011.23,9.0,3.75,8.0,0.3,3.0,4.5,6.0,4.6,10.0,1.6,8.0,0.3,17.8,36.3,87.6,53.5,10.0,48.6,8.0,0.3,-24.6,0.0,5.7,-16.0,10.0,46.4,8.0,0.3,0.47,2.45,4.46,2.83,10.0,2.98,8.0,0.3,2.2,19.5,49.2,27.9,10.0,30.6,8.0,0.3,1.64,1.91,2.17,1.91,2.0,0.55,12.0,0.5,10.4,17.6,24.9,17.6,2.0,15.0,12.0,0.5,-8.2,6.0,11.9,0.9,10.0,12.3,8.0,0.3,-1.5,1.0,7.5,1.4,10.0,6.6,8.0,0.3,13.5,13.7,14.0,13.7,2.0,0.5,12.0,0.5,-33.3,-21.8,-10.2,-21.8,2.0,23.9,12.0,0.5,,,,,,,,,,,,,,,,,,,,,,,,,,,,,,,,
1911,2,152.6,-31.4,,,,,,,,,,,,,,,,,,,,,,,,,,,,,,,,,2.6,5.65,9.3,5.73,30.0,3.1,12.0,0.7,-6.79,-4.43,0.0,-3.85,30.0,3.56,12.0,0.7,-2.48,0.0,4.8,1.11,30.0,3.78,12.0,0.7,1007.62,1012.55,1017.98,1012.34,12.0,4.99,16.0,0.8,,,,,,,,,,,,,,,,,,,,,,,,,,,,,,,,,,,,,,,,,,,,,,,,,,,,,,,,,,,,,,,,,,,,,,,,,,,,,,,,,,,,,,,,,,,,,,,,,,,,,,,,,,,,,,,,,,,,,,,,
1911,2,152.6,-25.4,,,,,,,,,,,,,,,,,,,,,,,,,,,,,,,,,4.6,6.7,11.49,7.31,9.0,3.39,14.0,0.3,-10.91,-4.31,-2.44,-5.74,9.0,3.91,14.0,0.3,-3.95,0.0,5.92,0.74,9.0,4.32,14.0,0.3,1002.82,1006.25,1008.06,1005.7,6.0,2.62,14.0,0.3,,,,,,,,,,,,,,,,,,,,,,,,,,,,,,,,,,,,,,,,,,,,,,,,,,,,,,,,,,,,,,,,,,,,,,,,,,,,,,,,,,,,,,,,,,,,,,,,,,,,,,,,,,,,,,,,,,,,,,,,
1911,2,152.6,44.4,,,,,,,,,,,,,,,,,,,,,,,,,,,,,,,,,5.27,6.7,6.7,6.0,3.0,1.21,22.0,1.0,-1.58,4.31,5.94,2.23,3.0,5.8,22.0,1.0,-3.5,0.0,1.07,-1.19,3.0,3.51,22.0,1.0,1020.7,1026.3,1026.3,1023.57,3.0,4.73,22.0,1.0,,,,,,,,,,,,,,,,,,,,,,,,,,,,,,,,,,,,,,,,,,,,,,,,,,,,,,,,,,,,,,,,,,,,,,,,,,,,,,,,,,,,,,,,,,,,,,,,,,,,,,,,,,,,,,,,,,,,,,,,
1911,2,152.7,-29.4,,,,,,,,,,,,,,,,,,,,,,,,,,,,,,,,,2.6,6.7,9.3,6.82,25.0,3.01,12.0,0.4,-7.08,-4.74,-0.82,-4.06,25.0,4.05,12.0,0.4,-2.51,1.8,6.58,2.35,25.0,4.27,12.0,0.4,1006.21,1008.8,1015.59,1010.19,10.0,4.66,16.0,0.4,,,,,,,,,,,,,,,,,,,,,,,,,,,,,,,,,,,,,,,,,,,,,,,,,,,,,,,,,,,,,,,,,,,,,,,,,,,,,,,,,,,,,,,,,,,,,,,,,,,,,,,,,,,,,,,,,,,,,,,,
1911,2,152.7,-27.5,,,,,,,,,,,,,,,,,,,,,,,,,,,,,,,,,2.6,4.6,6.7,5.18,25.0,2.67,16.0,0.8,-5.11,-1.84,0.0,-2.83,25.0,3.21,16.0,0.8,-1.62,3.18,4.81,2.42,25.0,3.22,16.0,0.8,1005.85,1006.9,1009.38,1007.9,13.0,3.24,18.0,0.8,,,,,,,,,,,,,,,,,,,,,,,,,,,,,,,,,,,,,,,,,,,,,,,,,,,,,,,,,,,,,,,,,,,,,,,,,,,,,,,,,,,,,,,,,,,,,,,,,,,,,,,,,,,,,,,,,,,,,,,,
1911,2,152.7,42.1,,,,,,,,,,,,,,,,,,,,,,,,,,,,,,,,,,,,,,,,,,,,,,,,,,,,,,,,,,,,,,,,,,,,,,,,,,,,,,,,,,,,,,,,,,,,,,,,,,,,,,,,,,,,,,,,,,,,,,,,,,,,,,,,,,,,,,,,,,,,,,,,,,,,,,,,,7.1,8.1,9.2,8.1,2.0,2.2,12.0,0.5,-22.7,-14.5,-6.2,-14.5,2.0,17.1,12.0,0.5,97.5,451.0,1467.0,668.0,10.0,721.5,8.0,0.3,95.0,450.0,1465.0,670.0,10.0,720.0,8.0,0.3
1911,2,152.8,-7.2,,,,,,,,,,,,,,,,,,,,,,,,,,,,,,,,,5.6,8.0,9.3,7.48,4.0,2.28,10.0,0.8,2.05,5.14,5.98,4.07,4.0,2.82,10.0,0.8,-7.12,-6.13,-4.85,-6.0,4.0,1.32,10.0,0.8,1013.5,1013.7,1013.97,1013.73,3.0,0.35,10.0,0.7,,,,,,,,,,,,,,,,,,,,,,,,,,,,,,,,,,,,,,,,,,,,,,,,,,,,,,,,,,,,,,,,,,,,,,,,,,,,,,,,,,,,,,,,,,,,,,,,,,,,,,,,,,,,,,,,,,,,,,,,
1911,2,153.0,28.9,17.2,17.2,17.2,17.2,1.0,0.0,2.0,0.0,15.6,15.6,15.6,15.6,1.0,0.0,2.0,0.0,7.96,7.96,7.96,7.96,1.0,0.0,2.0,0.0,72.6,72.6,72.6,72.6,1.0,0.0,2.0,0.0,2.6,2.6,2.6,2.6,1.0,0.0,2.0,0.0,-0.89,-0.89,-0.89,-0.89,1.0,0.0,2.0,0.0,2.44,2.44,2.44,2.44,1.0,0.0,2.0,0.0,1013.7,1013.7,1013.7,1013.7,1.0,0.0,2.0,0.0,8.0,8.0,8.0,8.0,1.0,0.0,2.0,0.0,-2.3,-2.3,-2.3,-2.3,1.0,0.0,2.0,0.0,6.4,6.4,6.4,6.4,1.0,0.0,2.0,0.0,1.6,1.6,1.6,1.6,1.0,0.0,2.0,0.0,4.2,4.2,4.2,4.2,1.0,0.0,2.0,0.0,4.21,4.21,4.21,4.21,1.0,0.0,2.0,0.0,11.0,11.0,11.0,11.0,1.0,0.0,2.0,0.0,-13.9,-13.9,-13.9,-13.9,1.0,0.0,2.0,0.0,38.1,38.1,38.1,38.1,1.0,0.0,2.0,0.0,-7.1,-7.1,-7.1,-7.1,1.0,0.0,2.0,0.0,19.5,19.5,19.5,19.5,1.0,0.0,2.0,0.0,-3.7,-3.7,-3.7,-3.7,1.0,0.0,2.0,0.0,10.3,10.3,10.3,10.3,1.0,0.0,2.0,0.0,17.5,17.5,17.5,17.5,1.0,0.0,2.0,0.0,20.0,20.0,20.0,20.0,1.0,0.0,2.0,0.0
1911,2,154.0,-25.4,,,,,,,,,,,,,,,,,,,,,,,,,,,,,,,,,3.23,4.6,4.6,3.93,3.0,1.15,16.0,0.3,-4.6,-4.6,-3.09,-3.86,3.0,1.27,16.0,0.3,0.0,0.0,0.69,0.34,3.0,0.59,16.0,0.3,1018.6,1018.8,1019.0,1018.8,2.0,0.42,14.0,0.5,,,,,,,,,,,,,,,,,,,,,,,,,,,,,,,,,,,,,,,,,,,,,,,,,,,,,,,,,,,,,,,,,,,,,,,,,,,,,,,,,,,,,,,,,,,,,,,,,,,,,,,,,,,,,,,,,,,,,,,,
1911,2,154.1,-39.2,,,,,,,,,,,,,,,,,,,,,,,,,,,,,,,,,4.6,6.7,7.24,6.43,6.0,1.74,24.0,0.5,-1.36,0.0,1.8,-0.5,6.0,3.11,24.0,0.5,2.0,5.47,6.7,3.67,6.0,5.16,24.0,0.5,1014.0,1014.0,1014.0,1014.0,1.0,0.0,10.0,1.0,,,,,,,,,,,,,,,,,,,,,,,,,,,,,,,,,,,,,,,,,,,,,,,,,,,,,,,,,,,,,,,,,,,,,,,,,,,,,,,,,,,,,,,,,,,,,,,,,,,,,,,,,,,,,,,,,,,,,,,,
1911,2,154.1,-27.3,,,,,,,,,,,,,,,,,,,,,,,,,,,,,,,,,4.6,4.6,4.6,4.6,2.0,0.0,14.0,1.0,-4.6,-4.6,-4.6,-4.6,2.0,0.0,14.0,1.0,0.0,0.0,0.0,0.0,2.0,0.0,14.0,1.0,1017.71,1018.15,1018.59,1018.15,2.0,0.92,14.0,1.0,,,,,,,,,,,,,,,,,,,,,,,,,,,,,,,,,,,,,,,,,,,,,,,,,,,,,,,,,,,,,,,,,,,,,,,,,,,,,,,,,,,,,,,,,,,,,,,,,,,,,,,,,,,,,,,,,,,,,,,,
1911,2,154.1,-23.5,,,,,,,,,,,,,,,,,,,,,,,,,,,,,,,,,4.6,6.7,6.7,5.86,5.0,1.15,16.0,0.4,-6.44,-6.3,-4.23,-5.55,5.0,1.21,16.0,0.4,1.14,1.8,2.29,1.64,5.0,0.95,16.0,0.4,1016.85,1016.95,1017.05,1016.95,2.0,0.21,14.0,1.0,,,,,,,,,,,,,,,,,,,,,,,,,,,,,,,,,,,,,,,,,,,,,,,,,,,,,,,,,,,,,,,,,,,,,,,,,,,,,,,,,,,,,,,,,,,,,,,,,,,,,,,,,,,,,,,,,,,,,,,,
1911,2,154.1,-11.5,,,,,,,,,,,,,,,,,,,,,,,,,,,,,,,,,5.93,6.7,7.65,6.8,5.0,1.67,12.0,0.6,4.31,4.31,6.32,5.36,5.0,2.2,12.0,0.6,-5.13,-5.13,0.0,-3.08,5.0,2.81,12.0,0.6,1014.7,1014.7,1014.7,1014.7,1.0,0.0,10.0,0.0,,,,,,,,,,,,,,,,,,,,,,,,,,,,,,,,,,,,,,,,,,,,,,,,,,,,,,,,,,,,,,,,,,,,,,,,,,,,,,,,,,,,,,,,,,,,,,,,,,,,,,,,,,,,,,,,,,,,,,,,
1911,2,154.2,-33.1,,,,,,,,,,,,,,,,,,,,,,,,,,,,,,,,,4.0,4.6,13.24,7.42,18.0,5.19,20.0,0.6,-6.58,-3.3,-1.48,-3.97,18.0,2.97,20.0,0.6,-6.58,1.25,6.27,1.31,18.0,7.61,20.0,0.6,1008.92,1010.9,1010.97,1009.97,3.0,1.7,10.0,1.0,,,,,,,,,,,,,,,,,,,,,,,,,,,,,,,,,,,,,,,,,,,,,,,,,,,,,,,,,,,,,,,,,,,,,,,,,,,,,,,,,,,,,,,,,,,,,,,,,,,,,,,,,,,,,,,,,,,,,,,,
1911,2,154.2,-21.4,,,,,,,,,,,,,,,,,,,,,,,,,,,,,,,,,4.6,6.7,6.7,6.1,7.0,1.02,14.0,0.7,-6.7,-6.7,-3.25,-5.64,7.0,1.64,14.0,0.7,0.0,0.0,3.25,1.3,7.0,1.64,14.0,0.7,1016.1,1016.1,1016.1,1016.1,1.0,0.0,14.0,0.0,,,,,,,,,,,,,,,,,,,,,,,,,,,,,,,,,,,,,,,,,,,,,,,,,,,,,,,,,,,,,,,,,,,,,,,,,,,,,,,,,,,,,,,,,,,,,,,,,,,,,,,,,,,,,,,,,,,,,,,,
1911,2,154.2,-17.5,,,,,,,,,,,,,,,,,,,,,,,,,,,,,,,,,2.06,2.6,5.03,3.18,6.0,2.26,14.0,0.3,-2.73,0.84,1.94,-0.28,6.0,3.32,14.0,0.3,-2.31,-1.0,2.0,-0.51,6.0,2.41,14.0,0.3,1014.81,1015.05,1015.29,1015.05,2.0,0.5,12.0,0.0,,,,,,,,,,,,,,,,,,,,,,,,,,,,,,,,,,,,,,,,,,,,,,,,,,,,,,,,,,,,,,,,,,,,,,,,,,,,,,,,,,,,,,,,,,,,,,,,,,,,,,,,,,,,,,,,,,,,,,,,
1911,2,154.2,-15.3,,,,,,,,,,,,,,,,,,,,,,,,,,,,,,,,,2.6,4.6,4.7,4.33,7.0,1.41,12.0,0.4,2.6,2.96,4.7,3.82,7.0,1.51,12.0,0.4,-3.52,0.0,0.0,-1.23,7.0,1.67,12.0,0.4,1014.7,1014.7,1014.7,1014.7,1.0,0.0,12.0,0.0,,,,,,,,,,,,,,,,,,,,,,,,,,,,,,,,,,,,,,,,,,,,,,,,,,,,,,,,,,,,,,,,,,,,,,,,,,,,,,,,,,,,,,,,,,,,,,,,,,,,,,,,,,,,,,,,,,,,,,,,
1911,2,154.2,-13.4,,,,,,,,,,,,,,,,,,,,,,,,,,,,,,,,,4.6,6.7,6.7,5.86,5.0,1.15,12.0,0.6,4.31,4.32,5.37,4.85,5.0,1.04,12.0,0.6,-5.13,-1.57,0.0,-2.37,5.0,2.6,12.0,0.6,1016.1,1016.1,1016.1,1016.1,1.0,0.0,12.0,0.0,,,,,,,,,,,,,,,,,,,,,,,,,,,,,,,,,,,,,,,,,,,,,,,,,,,,,,,,,,,,,,,,,,,,,,,,,,,,,,,,,,,,,,,,,,,,,,,,,,,,,,,,,,,,,,,,,,,,,,,,
1911,2,154.2,30.1,,,,,,,,,,,,,,,,,,,,,,,,,,,,,,,,,6.7,6.7,6.7,6.7,1.0,0.0,22.0,0.0,6.7,6.7,6.7,6.7,1.0,0.0,22.0,0.0,0.0,0.0,0.0,0.0,1.0,0.0,22.0,0.0,1019.5,1019.5,1019.5,1019.5,1.0,0.0,22.0,0.0,,,,,,,,,,,,,,,,,,,,,,,,,,,,,,,,,,,,,,,,,,,,,,,,,,,,,,,,,,,,,,,,,,,,,,,,,,,,,,,,,,,,,,,,,,,,,,,,,,,,,,,,,,,,,,,,,,,,,,,,
1911,2,154.2,38.8,,,,,,,,,,,,,,,,,,,,,,,,,,,,,,,,,6.7,6.7,6.7,6.7,1.0,0.0,16.0,1.0,-4.31,-4.31,-4.31,-4.31,1.0,0.0,16.0,1.0,5.13,5.13,5.13,5.13,1.0,0.0,16.0,1.0,1023.9,1023.9,1023.9,1023.9,1.0,0.0,16.0,1.0,,,,,,,,,,,,,,,,,,,,,,,,,,,,,,,,,,,,,,,,,,,,,,,,,,,,,,,,,,,,,,,,,,,,,,,,,,,,,,,,,,,,,,,,,,,,,,,,,,,,,,,,,,,,,,,,,,,,,,,,
1911,2,154.3,-37.2,,,,,,,,,,,,,,,,,,,,,,,,,,,,,,,,,9.3,9.3,9.3,9.3,3.0,0.0,10.0,0.0,-7.97,-6.58,-6.58,-7.26,3.0,1.18,10.0,0.0,-6.58,-6.58,-4.47,-5.55,3.0,1.79,10.0,0.0,1012.32,1013.0,1013.0,1012.67,3.0,0.58,10.0,0.0,,,,,,,,,,,,,,,,,,,,,,,,,,,,,,,,,,,,,,,,,,,,,,,,,,,,,,,,,,,,,,,,,,,,,,,,,,,,,,,,,,,,,,,,,,,,,,,,,,,,,,,,,,,,,,,,,,,,,,,,
1911,2,154.3,-35.2,,,,,,,,,,,,,,,,,,,,,,,,,,,,,,,,,7.11,8.0,8.89,8.0,2.0,1.84,18.0,0.5,-7.94,-6.46,-4.99,-6.46,2.0,3.05,18.0,0.5,-4.87,-4.31,-3.75,-4.31,2.0,1.17,18.0,0.5,1013.0,1013.0,1013.0,1013.0,1.0,0.0,10.0,1.0,,,,,,,,,,,,,,,,,,,,,,,,,,,,,,,,,,,,,,,,,,,,,,,,,,,,,,,,,,,,,,,,,,,,,,,,,,,,,,,,,,,,,,,,,,,,,,,,,,,,,,,,,,,,,,,,,,,,,,,,
1911,2,154.3,-19.5,,,,,,,,,,,,,,,,,,,,,,,,,,,,,,,,,4.6,5.65,6.7,5.65,6.0,1.15,14.0,0.5,-6.7,-4.6,-3.1,-4.73,6.0,1.73,14.0,0.5,0.0,0.0,3.86,1.58,6.0,2.62,14.0,0.5,1014.7,1014.7,1015.18,1014.93,3.0,0.4,12.0,0.7,,,,,,,,,,,,,,,,,,,,,,,,,,,,,,,,,,,,,,,,,,,,,,,,,,,,,,,,,,,,,,,,,,,,,,,,,,,,,,,,,,,,,,,,,,,,,,,,,,,,,,,,,,,,,,,,,,,,,,,,
1911,2,154.5,42.4,,,,,,,,,,,,,,,,,,,,,,,,,,,,,,,,,,,,,,,,,,,,,,,,,,,,,,,,,,,,,,,,,,,,,,,,,,,,,,,,,,,,,,,,,,,,,,,,,,,,,,,,,,,,,,,,,,,,,,,,,,,,,,,,,,,,,,,,,,,,,,,,,,,,,,,,,13.7,14.2,21.9,18.1,6.0,8.6,12.0,0.3,-13.3,-4.6,0.0,-6.2,6.0,6.6,12.0,0.3,281.5,301.0,1861.0,926.0,13.0,1072.0,8.0,0.5,280.0,300.0,1860.0,925.0,13.0,1070.0,8.0,0.5
1911,2,154.5,42.5,2.8,4.4,5.65,4.41,13.0,1.32,8.0,0.5,-0.81,0.0,2.8,0.47,13.0,2.26,8.0,0.5,2.85,3.02,3.14,3.03,6.0,0.29,12.0,0.3,67.9,75.4,80.2,74.2,6.0,6.7,12.0,0.3,6.5,6.7,12.3,8.54,13.0,3.43,8.0,0.5,4.59,6.7,11.56,8.0,13.0,3.22,8.0,0.5,-4.84,0.0,0.94,-1.26,13.0,3.07,8.0,0.5,1005.09,1010.7,1016.09,1010.9,11.0,5.16,8.0,0.5,4.0,7.0,8.0,6.3,13.0,1.7,8.0,0.5,28.1,44.9,142.2,78.3,13.0,62.3,8.0,0.5,-52.4,0.0,4.8,-14.6,13.0,36.9,8.0,0.5,1.14,3.9,6.75,3.94,13.0,2.69,8.0,0.5,7.5,30.7,83.0,39.5,13.0,37.2,8.0,0.5,2.12,2.54,2.97,2.55,6.0,0.47,12.0,0.3,14.2,17.0,23.4,19.9,6.0,9.0,12.0,0.3,-7.2,0.0,17.7,-0.3,13.0,20.8,8.0,0.5,0.0,0.0,7.4,3.2,13.0,6.8,8.0,0.5,16.8,20.1,26.0,21.4,6.0,7.8,12.0,0.3,-13.0,-5.1,0.0,-6.1,6.0,6.0,12.0,0.3,,,,,,,,,,,,,,,,,,,,,,,,,,,,,,,,
1911,2,154.6,28.8,,,,,,,,,,,,,,,,,,,,,,,,,,,,,,,,,,,,,,,,,,,,,,,,,,,,,,,,,,,,,,,,,,,,,,,,,,,,,,,,,,,,,,,,,,,,,,,,,,,,,,,,,,,,,,,,,,,,,,,,,,,,,,,,,,,,,,,,,,,,,,,,,,,,,,,,,7.6,7.6,7.6,7.6,1.0,0.0,2.0,0.0,-1.3,-1.3,-1.3,-1.3,1.0,0.0,2.0,0.0,3.5,9.5,15.0,9.5,2.0,11.5,12.0,0.0,5.0,10.0,15.0,10.0,2.0,10.0,12.0,0.0
1911,2,154.6,44.6,,,,,,,,,,,,,,,,,,,,,,,,,,,,,,,,,2.6,4.65,6.7,4.65,4.0,2.37,16.0,0.0,-0.55,2.99,5.56,2.53,4.0,3.97,16.0,0.0,-3.64,-1.0,0.24,-1.67,4.0,2.54,16.0,0.0,1013.94,1019.85,1023.46,1018.75,4.0,6.12,16.0,0.0,,,,,,,,,,,,,,,,,,,,,,,,,,,,,,,,,,,,,,,,,,,,,,,,,,,,,,,,,,,,,,,,,,,,,,,,,,,,,,,,,,,,,,,,,,,,,,,,,,,,,,,,,,,,,,,,,,,,,,,,
1911,2,154.7,28.9,17.22,18.35,19.48,18.35,2.0,2.33,12.0,0.0,15.19,16.9,18.61,16.9,2.0,3.54,12.0,0.0,6.81,6.81,6.81,6.81,1.0,0.0,2.0,0.0,67.2,67.2,67.2,67.2,1.0,0.0,2.0,0.0,1.25,1.8,2.35,1.8,2.0,1.13,12.0,0.0,1.22,1.71,2.21,1.71,2.0,1.03,12.0,0.0,-0.78,-0.53,-0.29,-0.53,2.0,0.51,12.0,0.0,1016.59,1018.3,1020.01,1018.3,2.0,3.54,12.0,0.0,4.0,4.0,4.0,4.0,2.0,0.0,12.0,0.0,1.8,3.7,5.5,3.7,2.0,3.8,12.0,0.0,-2.0,-1.2,-0.5,-1.2,2.0,1.5,12.0,0.0,-1.38,1.45,4.28,1.45,2.0,5.87,12.0,0.0,-5.0,-0.7,3.6,-0.7,2.0,8.9,12.0,0.0,7.7,7.7,7.7,7.7,1.0,0.0,2.0,0.0,7.7,7.7,7.7,7.7,1.0,0.0,2.0,0.0,19.5,30.8,42.1,30.8,2.0,23.5,12.0,0.0,-14.9,-9.9,-4.8,-9.9,2.0,10.4,12.0,0.0,6.7,6.7,6.7,6.7,1.0,0.0,2.0,0.0,-1.2,-1.2,-1.2,-1.2,1.0,0.0,2.0,0.0,,,,,,,,,,,,,,,,,,,,,,,,,,,,,,,,
1911,2,154.7,34.2,16.37,16.95,17.53,16.95,2.0,1.2,10.0,0.0,10.1,10.3,10.5,10.3,2.0,0.42,10.0,0.0,5.19,5.61,6.03,5.61,2.0,0.88,10.0,0.0,68.8,73.4,77.9,73.4,2.0,9.4,10.0,0.0,6.7,6.7,6.7,6.7,2.0,0.0,10.0,0.0,-1.93,-1.15,-0.36,-1.15,2.0,1.62,10.0,0.0,-6.64,-6.5,-6.36,-6.5,2.0,0.29,10.0,0.0,1028.85,1028.95,1029.05,1028.95,2.0,0.21,10.0,0.0,3.2,3.5,3.8,3.5,2.0,0.7,10.0,0.0,-12.9,-7.7,-2.4,-7.7,2.0,10.9,10.0,0.0,-44.5,-43.5,-42.6,-43.5,2.0,1.9,10.0,0.0,6.27,6.65,7.03,6.65,2.0,0.78,10.0,0.0,42.0,44.6,47.1,44.6,2.0,5.2,10.0,0.0,6.2,6.21,6.23,6.21,2.0,0.03,10.0,0.0,41.5,41.6,41.7,41.6,2.0,0.2,10.0,0.0,-19.3,-11.5,-3.6,-11.5,2.0,16.2,10.0,0.0,-69.7,-67.0,-64.2,-67.0,2.0,5.7,10.0,0.0,-9.6,-5.7,-1.8,-5.7,2.0,8.1,10.0,0.0,-40.1,-36.6,-33.1,-36.6,2.0,7.3,10.0,0.0,-11.9,-7.1,-2.3,-7.1,2.0,10.0,10.0,0.0,-41.3,-40.4,-39.4,-40.4,2.0,2.0,10.0,0.0,301.0,301.0,301.0,301.0,2.0,0.0,10.0,0.0,300.0,300.0,300.0,300.0,2.0,0.0,10.0,0.0
1911,2,154.8,40.0,,,,,,,,,,,,,,,,,,,,,,,,,,,,,,,,,2.6,2.6,2.6,2.6,1.0,0.0,14.0,0.0,2.6,2.6,2.6,2.6,1.0,0.0,14.0,0.0,0.0,0.0,0.0,0.0,1.0,0.0,14.0,0.0,1025.6,1025.6,1025.6,1025.6,1.0,0.0,14.0,0.0,,,,,,,,,,,,,,,,,,,,,,,,,,,,,,,,,,,,,,,,,,,,,,,,,,,,,,,,,,,,,,,,,,,,,,,,,,,,,,,,,,,,,,,,,,,,,,,,,,,,,,,,,,,,,,,,,,,,,,,,
1911,2,156.2,-33.0,,,,,,,,,,,,,,,,,,,,,,,,,,,,,,,,,12.22,15.4,19.0,15.1,5.0,5.03,18.0,0.2,-11.82,-10.89,-7.76,-9.89,5.0,3.21,18.0,0.2,5.18,10.89,14.54,9.39,5.0,8.22,18.0,0.2,1010.0,1010.0,1010.0,1010.0,1.0,0.0,10.0,0.0,,,,,,,,,,,,,,,,,,,,,,,,,,,,,,,,,,,,,,,,,,,,,,,,,,,,,,,,,,,,,,,,,,,,,,,,,,,,,,,,,,,,,,,,,,,,,,,,,,,,,,,,,,,,,,,,,,,,,,,,
1911,2,156.3,-39.4,,,,,,,,,,,,,,,,,,,,,,,,,,,,,,,,,6.7,8.0,9.3,8.0,4.0,1.5,14.0,0.8,-5.7,-4.52,-0.23,-3.03,4.0,4.46,14.0,0.8,-7.65,-5.85,-4.93,-6.27,4.0,1.76,14.0,0.8,1013.0,1013.0,1014.91,1013.93,3.0,1.62,10.0,0.7,,,,,,,,,,,,,,,,,,,,,,,,,,,,,,,,,,,,,,,,,,,,,,,,,,,,,,,,,,,,,,,,,,,,,,,,,,,,,,,,,,,,,,,,,,,,,,,,,,,,,,,,,,,,,,,,,,,,,,,,
1911,2,156.3,-31.4,,,,,,,,,,,,,,,,,,,,,,,,,,,,,,,,,6.7,8.0,9.3,8.0,8.0,1.39,6.0,0.5,-9.3,-7.63,-6.7,-7.84,8.0,1.39,6.0,0.5,0.0,0.0,2.33,0.78,8.0,1.47,6.0,0.5,1013.0,1013.0,1013.0,1013.0,1.0,0.0,10.0,0.0,,,,,,,,,,,,,,,,,,,,,,,,,,,,,,,,,,,,,,,,,,,,,,,,,,,,,,,,,,,,,,,,,,,,,,,,,,,,,,,,,,,,,,,,,,,,,,,,,,,,,,,,,,,,,,,,,,,,,,,,
1911,2,156.3,42.7,3.3,4.7,5.7,4.62,6.0,1.17,12.0,0.2,-1.78,0.0,1.22,-0.45,6.0,2.2,12.0,0.2,2.81,3.1,3.6,3.18,5.0,0.44,12.0,0.0,73.7,88.9,90.2,82.4,5.0,11.9,12.0,0.0,4.19,6.7,7.86,6.6,6.0,3.24,12.0,0.2,1.81,5.3,7.65,4.83,6.0,4.62,12.0,0.2,-4.87,-1.76,0.47,-1.86,6.0,3.04,12.0,0.2,1011.89,1013.4,1014.13,1013.18,5.0,1.47,12.0,0.0,5.4,7.0,8.0,6.5,6.0,2.0,12.0,0.2,9.4,35.5,64.4,43.7,6.0,50.6,12.0,0.2,-39.5,-8.1,3.2,-15.7,6.0,27.2,12.0,0.2,4.05,4.45,6.91,5.07,6.0,1.81,12.0,0.2,24.8,29.8,44.0,36.9,6.0,29.8,12.0,0.2,1.8,1.9,2.66,2.18,5.0,0.52,12.0,0.0,9.6,12.4,13.0,11.3,5.0,2.8,12.0,0.0,-14.0,-3.1,4.5,-8.3,6.0,20.9,12.0,0.2,0.0,1.7,8.8,5.0,6.0,8.2,12.0,0.2,2.9,13.4,23.2,12.4,5.0,12.7,12.0,0.0,-12.3,0.0,3.0,-3.6,5.0,9.5,12.0,0.0,2.2,8.7,12.1,6.8,5.0,7.7,12.0,0.0,-9.3,0.0,1.6,-3.0,5.0,6.3,12.0,0.0,81.0,301.0,623.0,479.5,6.0,687.5,12.0,0.2,80.0,300.0,625.0,480.0,6.0,690.0,12.0,0.2
1911,2,156.4,28.7,,,,,,,,,,,,,,,,,,,,,,,,,,,,,,,,,,,,,,,,,,,,,,,,,,,,,,,,,,,,,,,,,5.3,8.0,8.0,6.7,3.0,2.3,8.0,0.3,-2.3,1.0,9.2,3.3,4.0,7.5,12.0,0.5,-11.5,-6.4,-5.7,-8.5,4.0,5.2,12.0,0.5,,,,,,,,,,,,,,,,,,,,,,,,,,,,,,,,,,,,,,,,,,,,,,,,,,,,,,,,,,,,,,,,,,,,,,,,,,,,,,,,,,,,,,,,,,,,,,,,
1911,2,156.5,28.6,,,,,,,,,,,,,,,,,,,,,,,,,,,,,,,,,,,,,,,,,,,,,,,,,,,,,,,,,,,,,,,,,,,,,,,,,,,,,,,,,,,,,,,,,,,,,,,,,,,,,,,,,,,,,,,,,,,,,,,,,,,,,,,,,,,,,,,,,,,,,,,,,,,,,,,,,-5.7,-5.7,-5.7,-5.7,2.0,0.0,2.0,0.5,-15.8,-15.8,-15.8,-15.8,2.0,0.0,2.0,0.5,17.5,17.5,59.5,37.5,4.0,40.0,12.0,0.5,20.0,20.0,60.0,40.0,4.0,40.0,12.0,0.5
1911,2,156.5,46.2,,,,,,,,,,,,,,,,,,,,,,,,,,,,,,,,,2.92,3.6,4.28,3.6,2.0,1.41,18.0,0.0,1.0,1.23,1.46,1.23,2.0,0.48,18.0,0.0,-4.02,-3.38,-2.74,-3.38,2.0,1.33,18.0,0.0,1018.12,1018.8,1019.48,1018.8,2.0,1.41,18.0,0.0,,,,,,,,,,,,,,,,,,,,,,,,,,,,,,,,,,,,,,,,,,,,,,,,,,,,,,,,,,,,,,,,,,,,,,,,,,,,,,,,,,,,,,,,,,,,,,,,,,,,,,,,,,,,,,,,,,,,,,,,
1911,2,156.6,-41.3,,,,,,,,,,,,,,,,,,,,,,,,,,,,,,,,,4.6,4.6,5.7,5.13,4.0,1.05,10.0,0.5,-3.8,-3.25,-3.25,-3.52,4.0,0.53,10.0,0.5,-4.24,-3.25,-3.25,-3.72,4.0,0.94,10.0,0.5,1013.48,1014.5,1015.05,1014.28,4.0,0.98,10.0,0.5,,,,,,,,,,,,,,,,,,,,,,,,,,,,,,,,,,,,,,,,,,,,,,,,,,,,,,,,,,,,,,,,,,,,,,,,,,,,,,,,,,,,,,,,,,,,,,,,,,,,,,,,,,,,,,,,,,,,,,,,
1911,2,156.6,28.7,16.7,17.8,19.16,17.93,4.0,1.43,12.0,0.5,15.81,18.05,19.4,17.63,4.0,2.16,12.0,0.5,7.16,7.32,7.48,7.32,2.0,0.33,2.0,0.5,64.7,65.7,66.8,65.7,2.0,2.2,2.0,0.5,2.6,2.6,3.65,3.1,4.0,1.0,12.0,0.5,-0.89,0.39,2.34,0.71,4.0,1.92,12.0,0.5,-3.01,-2.44,-2.21,-2.6,4.0,0.65,12.0,0.5,1014.7,1018.0,1020.51,1017.63,4.0,3.44,12.0,0.5,,,,,,,,,,,,,,,,,,,,,,,,,-2.7,0.0,3.33,0.3,4.0,3.5,12.0,0.5,-9.8,0.0,8.7,-0.6,4.0,10.9,12.0,0.5,6.45,6.45,6.45,6.45,2.0,0.0,2.0,0.5,16.8,16.8,16.8,16.8,2.0,0.0,2.0,0.5,-14.1,9.5,45.5,15.4,4.0,35.6,12.0,0.5,-55.2,-39.7,-37.6,-46.1,4.0,14.9,12.0,0.5,-6.6,-6.5,-6.4,-6.5,2.0,0.3,2.0,0.5,-18.3,-17.9,-17.5,-17.9,2.0,0.8,2.0,0.5,,,,,,,,,,,,,,,,,,,,,,,,,,,,,,,,
1911,2,156.6,40.3,,,,,,,,,,,,,,,,,,,,,,,,,,,,,,,,,5.6,9.5,17.7,11.55,4.0,8.05,14.0,0.3,2.3,3.25,7.92,5.02,4.0,4.28,14.0,0.3,-15.76,-8.93,-5.08,-10.35,4.0,6.92,14.0,0.3,1020.91,1024.6,1026.82,1023.9,4.0,3.71,14.0,0.3,,,,,,,,,,,,,,,,,,,,,,,,,,,,,,,,,,,,,,,,,,,,,,,,,,,,,,,,,,,,,,,,,,,,,,,,,,,,,,,,,,,,,,,,,,,,,,,,,,,,,,,,,,,,,,,,,,,,,,,,
1911,2,156.6,44.2,1.17,2.2,3.24,1.8,8.0,1.79,8.0,0.0,-3.97,0.0,0.8,-1.17,9.0,2.18,10.0,0.0,2.9,2.9,2.9,2.9,1.0,0.0,6.0,0.0,70.8,70.8,70.8,70.8,1.0,0.0,6.0,0.0,2.6,4.65,11.97,6.56,8.0,5.3,8.0,0.0,-0.61,3.3,8.89,4.65,8.0,5.67,8.0,0.0,-0.3,0.81,1.67,-0.6,8.0,4.46,8.0,0.0,999.73,1010.7,1015.85,1006.96,7.0,8.76,10.0,0.0,,,,,,,,,,,,,,,,,,,,,,,,,0.19,2.5,6.23,2.76,8.0,2.8,8.0,0.0,8.2,11.4,82.2,32.5,7.0,41.0,4.0,0.0,1.2,1.2,1.2,1.2,1.0,0.0,6.0,0.0,3.1,3.1,3.1,3.1,1.0,0.0,6.0,0.0,-18.2,0.0,2.3,-9.6,8.0,25.0,8.0,0.0,0.0,0.5,2.1,6.9,8.0,17.5,8.0,0.0,-4.9,-4.9,-4.9,-4.9,1.0,0.0,6.0,0.0,5.8,5.8,5.8,5.8,1.0,0.0,6.0,0.0,,,,,,,,,,,,,,,,,,,,,,,,,,,,,,,,
1911,2,156.6,44.3,,,,,,,,,,,,,,,,,,,,,,,,,,,,,,,,,,,,,,,,,,,,,,,,,,,,,,,,,,,,,,,,,3.8,8.0,8.0,6.4,9.0,2.4,10.0,0.0,-0.3,25.0,82.0,53.6,8.0,80.9,8.0,0.0,-0.3,2.2,5.1,-14.0,8.0,51.3,8.0,0.0,,,,,,,,,,,,,,,,,,,,,,,,,,,,,,,,,,,,,,,,,,,,,,,,,,,,,,,,,,,,,,,,,,,,,,,,,,,,,,,,,,,,,,,,,,,,,,,,
1911,2,156.7,34.1,16.78,16.95,17.12,16.95,2.0,0.35,10.0,0.5,10.68,10.85,11.02,10.85,2.0,0.35,10.0,0.5,5.35,5.42,5.48,5.42,2.0,0.13,10.0,0.5,68.3,68.3,68.4,68.3,2.0,0.1,10.0,0.5,6.7,6.7,6.7,6.7,2.0,0.0,10.0,0.5,-2.29,-2.29,-2.29,-2.29,2.0,0.0,10.0,0.5,-6.3,-6.3,-6.3,-6.3,2.0,0.0,10.0,0.5,1027.21,1027.45,1027.69,1027.45,2.0,0.5,10.0,0.5,3.0,3.0,3.0,3.0,2.0,0.0,10.0,0.5,-15.4,-15.4,-15.4,-15.4,2.0,0.0,10.0,0.5,-42.2,-42.2,-42.2,-42.2,2.0,0.0,10.0,0.5,6.1,6.1,6.1,6.1,2.0,0.0,10.0,0.5,40.9,40.9,40.9,40.9,2.0,0.0,10.0,0.5,6.35,6.41,6.47,6.41,2.0,0.13,10.0,0.5,42.5,42.9,43.4,42.9,2.0,0.9,10.0,0.5,-25.3,-24.9,-24.5,-24.9,2.0,0.8,10.0,0.5,-69.4,-68.3,-67.2,-68.3,2.0,2.2,10.0,0.5,-12.6,-12.4,-12.3,-12.4,2.0,0.3,10.0,0.5,-34.5,-34.1,-33.7,-34.1,2.0,0.8,10.0,0.5,-14.8,-14.7,-14.5,-14.7,2.0,0.3,10.0,0.5,-40.8,-40.4,-40.0,-40.4,2.0,0.8,10.0,0.5,301.0,301.0,301.0,301.0,2.0,0.0,10.0,0.5,300.0,300.0,300.0,300.0,2.0,0.0,10.0,0.5
1911,2,156.7,44.0,,,,,,,,,,,,,,,,,,,,,,,,,,,,,,,,,,,,,,,,,,,,,,,,,,,,,,,,,,,,,,,,,,,,,,,,,,,,,,,,,,,,,,,,,,,,,,,,,,,,,,,,,,,,,,,,,,,,,,,,,,,,,,,,,,,,,,,,,,,,,,,,,,,,,,,,,-2.0,-2.0,-2.0,-2.0,1.0,0.0,6.0,0.0,2.4,2.4,2.4,2.4,1.0,0.0,6.0,0.0,17.5,159.0,1743.5,834.0,8.0,1308.0,8.0,0.0,20.0,160.0,1745.0,835.0,8.0,1310.0,8.0,0.0
1911,2,158.3,-43.3,,,,,,,,,,,,,,,,,,,,,,,,,,,,,,,,,2.6,4.6,6.7,4.63,7.0,1.67,10.0,0.3,-4.74,-3.25,-1.84,-3.27,7.0,1.18,10.0,0.3,-4.74,-3.25,-1.84,-3.27,7.0,1.18,10.0,0.3,1014.63,1016.0,1016.37,1015.6,5.0,1.14,12.0,0.4,,,,,,,,,,,,,,,,,,,,,,,,,,,,,,,,,,,,,,,,,,,,,,,,,,,,,,,,,,,,,,,,,,,,,,,,,,,,,,,,,,,,,,,,,,,,,,,,,,,,,,,,,,,,,,,,,,,,,,,,
1911,2,158.3,-31.3,,,,,,,,,,,,,,,,,,,,,,,,,,,,,,,,,6.7,9.3,12.3,9.47,10.0,3.02,10.0,0.5,-8.7,-7.63,0.07,-5.37,10.0,5.98,10.0,0.5,-2.71,3.13,8.7,2.69,10.0,5.74,10.0,0.5,1012.0,1012.0,1013.37,1012.67,3.0,1.15,10.0,0.7,,,,,,,,,,,,,,,,,,,,,,,,,,,,,,,,,,,,,,,,,,,,,,,,,,,,,,,,,,,,,,,,,,,,,,,,,,,,,,,,,,,,,,,,,,,,,,,,,,,,,,,,,,,,,,,,,,,,,,,,
1911,2,158.3,42.9,,,,,,,,,,,,,,,,,,,,,,,,,,,,,,,,,,,,,,,,,,,,,,,,,,,,,,,,,,,,,,,,,,,,,,,,,,,,,,,,,,,,,,,,,,,,,,,,,,,,,,,,,,,,,,,,,,,,,,,,,,,,,,,,,,,,,,,,,,,,,,,,,,,,,,,,,6.1,6.1,6.1,6.1,1.0,0.0,10.0,1.0,0.0,0.0,0.0,0.0,1.0,0.0,10.0,1.0,1170.5,3478.0,5786.0,3478.0,2.0,4781.0,12.0,0.5,1170.0,3480.0,5785.0,3480.0,2.0,4780.0,12.0,0.5
1911,2,158.4,44.4,1.45,2.8,3.3,2.52,11.0,0.99,8.0,0.5,-0.28,1.95,2.93,1.2,12.0,1.95,8.0,0.5,3.03,3.42,3.79,3.41,4.0,0.59,10.0,0.5,72.2,73.9,83.6,77.7,4.0,9.9,10.0,0.5,1.94,4.6,6.7,5.23,11.0,3.2,8.0,0.5,0.31,3.98,6.46,3.82,11.0,2.92,8.0,0.5,-1.2,2.29,3.51,0.88,11.0,3.86,8.0,0.5,1001.11,1006.9,1012.7,1006.94,11.0,5.42,10.0,0.5,3.0,5.0,8.0,5.2,12.0,2.2,8.0,0.5,0.3,19.9,43.3,27.7,11.0,30.8,8.0,0.5,-3.5,6.7,20.9,-0.1,11.0,38.0,8.0,0.5,-0.45,1.6,2.2,0.95,11.0,1.45,8.0,0.5,-2.5,5.1,10.5,5.4,10.0,9.7,6.0,0.5,0.77,0.89,1.27,1.02,4.0,0.41,10.0,0.5,2.5,4.2,5.3,3.9,3.0,2.0,8.0,0.3,-0.5,8.8,11.4,5.7,11.0,8.2,8.0,0.5,0.0,5.1,9.6,6.1,11.0,5.8,8.0,0.5,4.2,16.4,20.9,12.6,3.0,12.7,8.0,0.3,2.8,8.8,9.2,6.1,3.0,5.3,8.0,0.3,,,,,,,,,,,,,,,,,,,,,,,,,,,,,,,,
1911,2,158.4,46.3,,,,,,,,,,,,,,,,,,,,,,,,,,,,,,,,,2.6,2.6,3.97,3.27,3.0,1.15,20.0,1.0,1.11,1.57,1.64,1.38,3.0,0.43,20.0,1.0,-3.73,-2.44,-2.14,-2.92,3.0,1.24,20.0,1.0,1014.08,1016.4,1017.15,1015.63,3.0,2.35,20.0,1.0,,,,,,,,,,,,,,,,,,,,,,,,,,,,,,,,,,,,,,,,,,,,,,,,,,,,,,,,,,,,,,,,,,,,,,,,,,,,,,,,,,,,,,,,,,,,,,,,,,,,,,,,,,,,,,,,,,,,,,,,
1911,2,158.5,34.1,17.8,17.8,17.8,17.8,2.0,0.0,12.0,0.5,12.37,12.75,13.13,12.75,2.0,0.78,12.0,0.5,6.22,6.6,6.98,6.6,2.0,0.79,12.0,0.5,70.7,73.1,75.6,73.1,2.0,5.1,12.0,0.5,1.0,1.0,1.0,1.0,2.0,0.0,12.0,0.5,0.0,0.0,0.0,0.0,2.0,0.0,12.0,0.5,-0.68,0.0,0.68,0.0,2.0,1.41,12.0,0.5,1025.81,1026.05,1026.29,1026.05,2.0,0.49,12.0,0.5,3.0,3.0,3.0,3.0,2.0,0.0,12.0,0.5,0.0,0.0,0.0,0.0,2.0,0.0,12.0,0.5,-0.7,0.0,0.7,0.0,2.0,1.4,12.0,0.5,4.67,5.05,5.43,5.05,2.0,0.78,12.0,0.5,4.7,5.1,5.4,5.1,2.0,0.8,12.0,0.5,5.51,5.9,6.28,5.9,2.0,0.8,12.0,0.5,5.5,5.9,6.3,5.9,2.0,0.8,12.0,0.5,0.0,0.0,0.0,0.0,2.0,0.0,12.0,0.5,-9.3,-0.5,8.2,-0.5,2.0,18.0,12.0,0.5,0.0,0.0,0.0,0.0,2.0,0.0,12.0,0.5,-5.1,-0.6,3.9,-0.6,2.0,9.3,12.0,0.5,0.0,0.0,0.0,0.0,2.0,0.0,12.0,0.5,-3.5,0.6,4.6,0.6,2.0,8.3,12.0,0.5,1.0,1.0,1.0,1.0,2.0,0.0,12.0,0.5,0.0,0.0,0.0,0.0,2.0,0.0,12.0,0.5
1911,2,158.5,40.8,,,,,,,,,,,,,,,,,,,,,,,,,,,,,,,,,19.57,20.8,22.03,20.8,2.0,2.55,14.0,0.5,7.26,8.9,10.54,8.9,2.0,3.4,14.0,0.5,-19.3,-18.71,-18.13,-18.71,2.0,1.21,14.0,0.5,1012.62,1014.6,1016.58,1014.6,2.0,4.1,14.0,0.5,,,,,,,,,,,,,,,,,,,,,,,,,,,,,,,,,,,,,,,,,,,,,,,,,,,,,,,,,,,,,,,,,,,,,,,,,,,,,,,,,,,,,,,,,,,,,,,,,,,,,,,,,,,,,,,,,,,,,,,,
1911,2,158.5,44.2,,,,,,,,,,,,,,,,,,,,,,,,,,,,,,,,,,,,,,,,,,,,,,,,,,,,,,,,,,,,,,,,,,,,,,,,,,,,,,,,,,,,,,,,,,,,,,,,,,,,,,,,,,,,,,,,,,,,,,,,,,,,,,,,,,,,,,,,,,,,,,,,,,,,,,,,,0.9,3.6,5.1,3.0,3.0,3.1,8.0,0.3,0.6,1.7,2.0,1.3,3.0,1.1,8.0,0.3,10.5,97.5,301.0,307.0,11.0,531.0,8.0,0.5,10.0,95.0,300.0,305.0,11.0,530.0,8.0,0.5
1911,2,158.6,42.4,1.03,1.95,2.87,1.95,2.0,1.91,12.0,0.5,-3.94,-1.65,0.64,-1.65,2.0,4.74,12.0,0.5,3.47,3.47,3.47,3.47,1.0,0.0,10.0,1.0,81.1,81.1,81.1,81.1,1.0,0.0,10.0,1.0,6.89,11.8,16.71,11.8,2.0,10.18,12.0,0.5,4.9,5.55,6.2,5.55,2.0,1.34,12.0,0.5,-15.02,-8.93,-2.83,-8.93,2.0,12.62,12.0,0.5,1010.81,1011.05,1011.29,1011.05,2.0,0.5,12.0,0.5,6.3,7.0,7.7,7.0,2.0,1.4,12.0,0.5,37.4,72.3,107.2,72.3,2.0,72.3,12.0,0.5,-285.4,-169.6,-53.8,-169.6,2.0,239.9,12.0,0.5,2.23,3.6,4.97,3.6,2.0,2.83,12.0,0.5,23.1,56.9,90.7,56.9,2.0,70.0,12.0,0.5,1.33,1.33,1.33,1.33,1.0,0.0,10.0,1.0,6.1,6.1,6.1,6.1,1.0,0.0,10.0,1.0,-26.1,-12.3,1.4,-12.3,2.0,28.5,12.0,0.5,14.2,44.6,75.1,44.6,2.0,63.1,12.0,0.5,15.9,15.9,15.9,15.9,1.0,0.0,10.0,1.0,0.0,0.0,0.0,0.0,1.0,0.0,10.0,1.0,,,,,,,,,,,,,,,,,,,,,,,,,,,,,,,,
1911,2,158.7,28.6,,,,,,,,,,,,,,,,,,,,,,,,,,,,,,,,,6.7,6.7,6.7,6.7,2.0,0.0,22.0,0.5,0.68,2.15,3.62,2.15,2.0,3.05,22.0,0.5,-6.45,-5.92,-5.38,-5.92,2.0,1.11,22.0,0.5,1018.37,1018.95,1019.53,1018.95,2.0,1.2,22.0,0.5,,,,,,,,,,,,,,,,,,,,,,,,,,,,,,,,,,,,,,,,,,,,,,,,,,,,,,,,,,,,,,,,,,,,,,,,,,,,,,,,,,,,,,,,,,,,,,,,,,,,,,,,,,,,,,,,,,,,,,,,
1911,2,158.9,-67.8,,,,,,,,,,,,,,,,,,,,,,,,,,,,,,,,,5.5,5.5,5.5,5.5,2.0,0.0,28.0,0.5,-5.06,-5.06,-5.06,-5.06,2.0,0.0,28.0,0.5,2.15,2.15,2.15,2.15,2.0,0.0,28.0,0.5,975.34,976.5,977.66,976.5,2.0,2.4,28.0,0.5,,,,,,,,,,,,,,,,,,,,,,,,,,,,,,,,,,,,,,,,,,,,,,,,,,,,,,,,,12.9,13.4,13.9,13.4,2.0,1.1,28.0,0.5,-5.9,-5.7,-5.5,-5.7,2.0,0.5,28.0,0.5,-14.3,-13.6,-12.9,-13.6,2.0,1.4,28.0,0.5,5.5,5.8,6.0,5.8,2.0,0.6,28.0,0.5,,,,,,,,,,,,,,,,,,,,,,,,,,,,,,,,
1911,2,160.0,-67.6,,,,,,,,,,,,,,,,,,,,,,,,,,,,,,,,,2.59,4.6,4.7,4.26,7.0,1.44,28.0,0.7,-4.36,-1.8,1.7,-2.09,7.0,3.05,28.0,0.7,-3.97,-1.72,1.84,-1.29,7.0,2.62,28.0,0.7,978.14,980.6,980.9,979.44,7.0,2.18,28.0,0.7,,,,,,,,,,,,,,,,,,,,,,,,,,,,,,,,,,,,,,,,,,,,,,,,,,,,,,,,,,,,,,,,,,,,,,,,,,,,,,,,,,,,,,,,,,,,,,,,,,,,,,,,,,,,,,,,,,,,,,,,
1911,2,160.0,-67.5,,,,,,,,,,,,,,,,,,,,,,,,,,,,,,,,,,,,,,,,,,,,,,,,,,,,,,,,,,,,,,,,,5.2,7.0,8.0,6.4,5.0,2.5,28.0,0.6,-20.7,-8.3,4.1,-12.4,7.0,16.1,28.0,0.7,-17.1,-4.8,8.7,-3.9,7.0,13.2,28.0,0.7,,,,,,,,,,,,,,,,,,,,,,,,,,,,,,,,,11.6,13.9,16.2,13.9,2.0,4.7,28.0,0.5,-6.9,-5.9,-4.9,-5.9,2.0,2.0,28.0,0.5,-14.3,-13.4,-12.4,-13.4,2.0,1.9,28.0,0.5,5.3,5.7,6.1,5.7,2.0,0.8,28.0,0.5,,,,,,,,,,,,,,,,,,,,,,,,,,,,,,,,
1911,2,160.1,-67.7,-1.1,-1.1,-1.1,-1.1,2.0,0.0,28.0,1.0,-2.75,-2.65,-2.55,-2.65,2.0,0.21,28.0,0.5,2.46,2.61,2.76,2.61,2.0,0.31,28.0,0.5,76.9,80.9,84.9,80.9,2.0,8.3,28.0,0.5,,,,,,,,,,,,,,,,,,,,,,,,,,,,,,,,,,,,,,,,,,,,,,,,,,,,,,,,,,,,,,,,,,,,,,,,,,,,,,,,,,,,,,,,,,,,,,,,,,,,,,,,,,,,,,,,,,,,,,,,,,,,,,,,,,,,,,,,,,,,,,,,,,,,,,,,
1911,2,160.3,-69.3,,,,,,,,,,,,,,,,,,,,,,,,,,,,,,,,,6.7,9.3,11.25,8.38,18.0,2.81,24.0,0.7,-7.3,-4.0,6.17,-2.64,18.0,5.92,24.0,0.7,-0.79,4.13,8.7,3.54,18.0,5.15,24.0,0.7,976.9,989.6,992.05,986.81,18.0,6.78,24.0,0.7,,,,,,,,,,,,,,,,,,,,,,,,,,,,,,,,,,,,,,,,,,,,,,,,,,,,,,,,,,,,,,,,,,,,,,,,,,,,,,,,,,,,,,,,,,,,,,,,,,,,,,,,,,,,,,,,,,,,,,,,
1911,2,160.3,-45.3,,,,,,,,,,,,,,,,,,,,,,,,,,,,,,,,,4.6,6.7,6.7,6.0,6.0,1.08,12.0,0.7,-5.04,-3.68,1.72,-2.48,6.0,3.45,12.0,0.7,-5.03,-4.5,-3.9,-4.45,6.0,1.18,12.0,0.7,1015.0,1016.0,1016.17,1015.8,6.0,0.69,12.0,0.7,,,,,,,,,,,,,,,,,,,,,,,,,,,,,,,,,,,,,,,,,,,,,,,,,,,,,,,,,,,,,,,,,,,,,,,,,,,,,,,,,,,,,,,,,,,,,,,,,,,,,,,,,,,,,,,,,,,,,,,,
1911,2,160.3,-31.2,,,,,,,,,,,,,,,,,,,,,,,,,,,,,,,,,7.4,9.3,12.3,9.6,9.0,3.29,10.0,0.6,-8.7,-8.56,-0.95,-5.96,9.0,4.75,10.0,0.6,-1.05,3.63,8.7,3.74,9.0,6.02,10.0,0.6,1013.48,1014.5,1015.0,1014.25,4.0,0.96,8.0,0.3,,,,,,,,,,,,,,,,,,,,,,,,,,,,,,,,,,,,,,,,,,,,,,,,,,,,,,,,,,,,,,,,,,,,,,,,,,,,,,,,,,,,,,,,,,,,,,,,,,,,,,,,,,,,,,,,,,,,,,,,
1911,2,160.4,44.5,,,,,,,,,,,,,,,,,,,,,,,,,,,,,,,,,,,,,,,,,,,,,,,,,,,,,,,,,,,,,,,,,,,,,,,,,,,,,,,,,,,,,,,,,,,,,,,,,,,,,,,,,,,,,,,,,,,,,,,,,,,,,,,,,,,,,,,,,,,,,,,,,,,,,,,,,-3.0,0.0,2.2,-0.3,5.0,4.6,10.0,0.4,-3.6,0.0,3.4,-0.3,5.0,4.6,10.0,0.4,97.5,301.0,3652.5,1629.5,11.0,2211.5,6.0,0.4,95.0,300.0,3650.0,1630.0,11.0,2210.0,6.0,0.4
1911,2,160.4,44.6,,,,,,,,,,,,,,,,,,,,,,,,,,,,,,,,,4.6,6.7,15.4,9.25,11.0,5.58,6.0,0.4,-4.88,0.0,7.82,2.09,11.0,7.77,6.0,0.4,-0.41,4.32,10.33,4.64,11.0,6.02,6.0,0.4,997.79,1000.5,1010.58,1002.79,11.0,6.48,8.0,0.3,,,,,,,,,,,,,,,,,,,,,,,,,,,,,,,,,,,,,,,,,,,,,,,,,,,,,,,,,-28.1,0.0,19.6,-4.0,11.0,24.1,6.0,0.4,-4.7,7.6,36.8,12.8,11.0,23.5,6.0,0.4,-10.1,0.0,4.5,-2.0,5.0,10.2,10.0,0.4,-7.2,0.0,27.1,8.4,5.0,21.6,10.0,0.4,,,,,,,,,,,,,,,,,,,,,,,,,,,,,,,,
1911,2,160.4,44.7,2.07,3.3,4.55,3.43,12.0,1.22,8.0,0.3,-0.6,2.5,3.9,2.03,12.0,2.1,8.0,0.3,2.89,3.32,4.36,3.54,6.0,0.71,12.0,0.3,66.4,85.5,100.0,83.7,6.0,15.8,12.0,0.3,,,,,,,,,,,,,,,,,,,,,,,,,,,,,,,,,3.0,7.0,8.0,6.2,12.0,2.2,8.0,0.3,-45.9,0.0,74.2,27.7,11.0,123.3,6.0,0.4,-0.4,19.9,154.4,65.8,11.0,84.9,6.0,0.4,0.25,1.15,2.95,1.4,12.0,1.4,8.0,0.3,0.5,7.8,17.6,13.6,11.0,21.4,6.0,0.4,0.57,1.38,1.48,1.14,6.0,0.46,12.0,0.3,2.2,4.9,7.7,5.1,5.0,3.2,10.0,0.4,,,,,,,,,,,,,,,,,,,,,,,,,,,,,,,,,,,,,,,,,,,,,,,,,,,,,,,,,,,,,,,,
1911,2,160.5,42.3,,,,,,,,,,,,,,,,,,,,,,,,,,,,,,,,,12.3,12.3,13.92,13.08,4.0,1.55,12.0,0.5,5.13,6.15,8.11,6.6,4.0,2.38,12.0,0.5,-11.68,-11.11,-10.65,-11.16,4.0,0.6,12.0,0.5,1006.53,1008.0,1008.52,1007.55,4.0,1.64,12.0,0.5,,,,,,,,,,,,,,,,,,,,,,,,,,,,,,,,,,,,,,,,,,,,,,,,,,,,,,,,,,,,,,,,,,,,,,,,,,,,,,,,,,,,,,,,,,,,,,,,,,,,,,,,,,,,,,,,,,,,,,,,
1911,2,160.6,46.4,,,,,,,,,,,,,,,,,,,,,,,,,,,,,,,,,3.87,6.7,12.51,8.64,5.0,7.99,16.0,0.4,3.34,4.6,11.65,7.57,5.0,7.67,16.0,0.4,-3.33,-1.99,3.09,-0.19,5.0,5.17,16.0,0.4,1000.38,1009.0,1013.69,1007.13,4.0,9.46,18.0,0.3,,,,,,,,,,,,,,,,,,,,,,,,,,,,,,,,,,,,,,,,,,,,,,,,,,,,,,,,,,,,,,,,,,,,,,,,,,,,,,,,,,,,,,,,,,,,,,,,,,,,,,,,,,,,,,,,,,,,,,,,
1911,2,160.9,28.4,,,,,,,,,,,,,,,,,,,,,,,,,,,,,,,,,6.7,6.7,6.7,6.7,1.0,0.0,22.0,0.0,-2.29,-2.29,-2.29,-2.29,1.0,0.0,22.0,0.0,-6.3,-6.3,-6.3,-6.3,1.0,0.0,22.0,0.0,1016.8,1016.8,1016.8,1016.8,1.0,0.0,22.0,0.0,,,,,,,,,,,,,,,,,,,,,,,,,,,,,,,,,,,,,,,,,,,,,,,,,,,,,,,,,,,,,,,,,,,,,,,,,,,,,,,,,,,,,,,,,,,,,,,,,,,,,,,,,,,,,,,,,,,,,,,,
1911,2,160.9,34.0,16.7,16.7,16.7,16.7,1.0,0.0,12.0,0.0,11.1,11.1,11.1,11.1,1.0,0.0,12.0,0.0,6.47,6.47,6.47,6.47,1.0,0.0,12.0,0.0,80.1,80.1,80.1,80.1,1.0,0.0,12.0,0.0,1.0,1.0,1.0,1.0,1.0,0.0,12.0,0.0,0.0,0.0,0.0,0.0,1.0,0.0,12.0,0.0,1.0,1.0,1.0,1.0,1.0,0.0,12.0,0.0,1025.1,1025.1,1025.1,1025.1,1.0,0.0,12.0,0.0,5.0,5.0,5.0,5.0,1.0,0.0,12.0,0.0,0.0,0.0,0.0,0.0,1.0,0.0,12.0,0.0,1.0,1.0,1.0,1.0,1.0,0.0,12.0,0.0,5.6,5.6,5.6,5.6,1.0,0.0,12.0,0.0,5.6,5.6,5.6,5.6,1.0,0.0,12.0,0.0,5.19,5.19,5.19,5.19,1.0,0.0,12.0,0.0,5.2,5.2,5.2,5.2,1.0,0.0,12.0,0.0,0.0,0.0,0.0,0.0,1.0,0.0,12.0,0.0,11.1,11.1,11.1,11.1,1.0,0.0,12.0,0.0,0.0,0.0,0.0,0.0,1.0,0.0,12.0,0.0,6.5,6.5,6.5,6.5,1.0,0.0,12.0,0.0,0.0,0.0,0.0,0.0,1.0,0.0,12.0,0.0,5.2,5.2,5.2,5.2,1.0,0.0,12.0,0.0,1.0,1.0,1.0,1.0,1.0,0.0,12.0,0.0,0.0,0.0,0.0,0.0,1.0,0.0,12.0,0.0
1911,2,162.1,-45.6,,,,,,,,,,,,,,,,,,,,,,,,,,,,,,,,,2.92,3.6,4.28,3.6,2.0,1.41,14.0,1.0,1.74,1.78,1.82,1.78,2.0,0.08,14.0,1.0,-3.88,-3.05,-2.22,-3.05,2.0,1.72,14.0,1.0,1015.22,1015.7,1016.18,1015.7,2.0,0.99,14.0,1.0,,,,,,,,,,,,,,,,,,,,,,,,,,,,,,,,,,,,,,,,,,,,,,,,,,,,,,,,,,,,,,,,,,,,,,,,,,,,,,,,,,,,,,,,,,,,,,,,,,,,,,,,,,,,,,,,,,,,,,,,
1911,2,162.3,-29.5,,,,,,,,,,,,,,,,,,,,,,,,,,,,,,,,,12.79,13.85,14.91,13.85,2.0,2.19,8.0,0.5,-10.54,-9.79,-9.05,-9.79,2.0,1.55,8.0,0.5,9.05,9.79,10.54,9.79,2.0,1.55,8.0,0.5,1015.0,1015.0,1015.0,1015.0,1.0,0.0,8.0,1.0,,,,,,,,,,,,,,,,,,,,,,,,,,,,,,,,,,,,,,,,,,,,,,,,,,,,,,,,,,,,,,,,,,,,,,,,,,,,,,,,,,,,,,,,,,,,,,,,,,,,,,,,,,,,,,,,,,,,,,,,
1911,2,162.3,44.8,2.72,3.3,3.61,3.18,4.0,0.71,12.0,0.0,-0.08,1.95,2.51,1.25,4.0,2.02,12.0,0.0,3.25,3.39,3.61,3.43,4.0,0.24,12.0,0.0,73.2,78.1,91.6,82.2,4.0,12.6,12.0,0.0,,,,,,,,,,,,,,,,,,,,,,,,,,,,,,,,,7.0,8.0,8.0,7.5,4.0,1.0,12.0,0.0,-10.5,0.0,45.2,17.0,3.0,43.4,10.0,0.0,43.0,44.9,52.2,47.6,3.0,7.1,10.0,0.0,1.02,1.65,2.85,1.93,4.0,1.42,12.0,0.0,5.7,10.7,14.2,10.0,3.0,6.3,10.0,0.0,1.23,1.39,1.57,1.4,4.0,0.26,12.0,0.0,10.0,11.6,12.5,11.3,3.0,1.9,10.0,0.0,,,,,,,,,,,,,,,,,,,,,,,,,,,,,,,,,,,,,,,,,,,,,,,,,,,,,,,,,,,,,,,,
1911,2,162.4,-69.6,,,,,,,,,,,,,,,,,,,,,,,,,,,,,,,,,1.0,2.5,3.63,2.46,12.0,1.27,22.0,0.8,-0.79,1.77,2.71,1.27,12.0,2.3,22.0,0.8,-0.54,0.0,1.72,0.2,12.0,1.04,22.0,0.8,990.39,993.85,995.35,993.13,12.0,2.4,22.0,0.8,,,,,,,,,,,,,,,,,,,,,,,,,,,,,,,,,,,,,,,,,,,,,,,,,,,,,,,,,,,,,,,,,,,,,,,,,,,,,,,,,,,,,,,,,,,,,,,,,,,,,,,,,,,,,,,,,,,,,,,,
1911,2,162.4,-47.2,,,,,,,,,,,,,,,,,,,,,,,,,,,,,,,,,1.0,2.6,2.6,2.0,8.0,0.83,14.0,0.4,0.92,2.12,2.41,1.77,8.0,0.8,14.0,0.4,-1.02,-0.55,0.33,-0.45,8.0,0.89,14.0,0.4,1014.11,1015.5,1016.0,1015.25,8.0,0.89,14.0,0.4,,,,,,,,,,,,,,,,,,,,,,,,,,,,,,,,,,,,,,,,,,,,,,,,,,,,,,,,,,,,,,,,,,,,,,,,,,,,,,,,,,,,,,,,,,,,,,,,,,,,,,,,,,,,,,,,,,,,,,,,
1911,2,162.4,32.4,16.23,16.6,17.03,16.62,5.0,0.71,10.0,0.2,10.97,12.2,12.55,11.82,5.0,0.97,10.0,0.2,5.55,6.54,7.54,6.54,2.0,2.06,12.0,0.0,63.2,73.3,83.5,73.3,2.0,21.0,12.0,0.0,2.6,12.3,13.43,9.04,5.0,6.01,10.0,0.2,0.0,0.0,2.95,1.32,5.0,2.03,10.0,0.2,-13.43,-11.4,2.01,-6.97,5.0,8.45,10.0,0.2,1022.81,1023.05,1023.29,1023.05,2.0,0.5,12.0,0.0,4.9,7.0,8.0,6.4,5.0,2.1,10.0,0.2,0.0,0.0,24.0,12.4,5.0,24.9,10.0,0.2,-182.6,-140.3,5.2,-103.5,5.0,106.4,10.0,0.2,3.72,4.2,6.24,4.8,5.0,1.35,10.0,0.2,9.7,51.7,83.8,48.8,5.0,39.3,10.0,0.2,4.02,4.74,5.46,4.74,2.0,1.49,12.0,0.0,10.5,12.3,14.2,12.3,2.0,3.9,12.0,0.0,0.0,0.0,37.0,16.5,5.0,25.2,10.0,0.2,-153.3,-127.9,25.2,-78.0,5.0,97.0,10.0,0.2,2.5,8.0,13.4,8.0,2.0,11.3,12.0,0.0,13.2,13.3,13.3,13.3,2.0,0.1,12.0,0.0,,,,,,,,,,,,,,,,,,,,,,,,,,,,,,,,
1911,2,162.4,44.7,,,,,,,,,,,,,,,,,,,,,,,,,,,,,,,,,6.7,6.7,8.47,7.57,3.0,1.5,10.0,0.0,-1.56,0.0,4.86,1.61,3.0,4.91,10.0,0.0,6.08,6.3,6.57,6.32,3.0,0.36,10.0,0.0,984.61,996.4,1008.76,996.68,4.0,14.24,12.0,0.0,,,,,,,,,,,,,,,,,,,,,,,,,,,,,,,,,,,,,,,,,,,,,,,,,,,,,,,,,-2.7,0.0,10.7,3.9,3.0,10.4,10.0,0.0,11.5,13.2,17.0,14.2,3.0,4.1,10.0,0.0,-5.0,0.0,18.3,6.5,3.0,17.9,10.0,0.0,20.8,22.5,22.9,21.8,3.0,1.6,10.0,0.0,-2.7,0.0,6.8,2.0,3.0,7.2,10.0,0.0,8.6,9.3,10.4,9.5,3.0,1.3,10.0,0.0,301.0,301.0,644.5,468.5,3.0,291.0,10.0,0.0,300.0,300.0,645.0,470.0,3.0,290.0,10.0,0.0
1911,2,162.4,46.4,,,,,,,,,,,,,,,,,,,,,,,,,,,,,,,,,4.6,6.7,10.54,8.04,11.0,4.41,10.0,0.2,-2.66,1.57,6.3,2.14,11.0,6.74,10.0,0.2,-1.87,4.6,8.71,3.93,11.0,4.8,10.0,0.2,1001.7,1007.55,1014.3,1008.0,10.0,6.09,12.0,0.2,,,,,,,,,,,,,,,,,,,,,,,,,,,,,,,,,,,,,,,,,,,,,,,,,,,,,,,,,-7.3,0.0,8.4,1.5,11.0,12.8,10.0,0.2,-4.0,13.9,26.2,9.8,11.0,15.8,10.0,0.2,0.0,0.0,0.0,0.0,1.0,0.0,6.0,0.0,33.8,33.8,33.8,33.8,1.0,0.0,6.0,0.0,,,,,,,,,,,,,,,,,,,,,,,,,,,,,,,,
1911,2,162.5,28.3,,,,,,,,,,,,,,,,,,,,,,,,,,,,,,,,,12.3,12.3,12.3,12.3,2.0,0.0,22.0,0.0,-4.21,-4.21,-4.21,-4.21,2.0,0.0,22.0,0.0,-11.56,-11.56,-11.56,-11.56,2.0,0.0,22.0,0.0,1014.13,1015.05,1015.97,1015.05,2.0,1.91,22.0,0.0,,,,,,,,,,,,,,,,,,,,,,,,,,,,,,,,,,,,,,,,,,,,,,,,,,,,,,,,,,,,,,,,,,,,,,,,,,,,,,,,,,,,,,,,,,,,,,,,,,,,,,,,,,,,,,,,,,,,,,,,
1911,2,162.5,42.8,,,,,,,,,,,,,,,,,,,,,,,,,,,,,,,,,12.3,12.3,14.42,13.33,3.0,1.79,12.0,0.0,6.71,7.91,9.27,7.99,3.0,1.88,12.0,0.0,-11.43,-10.65,-9.81,-10.62,3.0,1.19,12.0,0.0,1001.72,1002.2,1003.16,1002.43,3.0,1.07,12.0,0.0,,,,,,,,,,,,,,,,,,,,,,,,,,,,,,,,,,,,,,,,,,,,,,,,,,,,,,,,,,,,,,,,,,,,,,,,,,,,,,,,,,,,,,,,,,,,,,,,,,,,,,,,,,,,,,,,,,,,,,,,
1911,2,162.5,46.4,-1.35,2.2,3.3,1.6,11.0,2.13,12.0,0.1,0.45,3.05,4.03,2.49,12.0,2.03,12.0,0.2,2.93,3.21,3.5,3.21,2.0,0.59,12.0,0.0,75.8,77.5,79.3,77.5,2.0,3.6,12.0,0.0,,,,,,,,,,,,,,,,,,,,,,,,,,,,,,,,,6.0,8.0,8.0,6.9,12.0,1.8,12.0,0.2,-21.2,7.2,42.2,27.4,11.0,109.7,10.0,0.2,-10.6,21.2,95.0,42.4,11.0,52.5,10.0,0.2,-2.65,0.0,1.64,-0.82,11.0,2.98,12.0,0.1,-15.0,-1.4,6.5,-3.8,10.0,17.6,12.0,0.1,1.28,1.43,1.57,1.43,2.0,0.3,12.0,0.0,11.3,11.3,11.3,11.3,1.0,0.0,6.0,0.0,,,,,,,,,,,,,,,,,,,,,,,,,,,,,,,,,,,,,,,,,,,,,,,,,,,,,,,,,,,,,,,,
1911,2,162.6,32.9,,,,,,,,,,,,,,,,,,,,,,,,,,,,,,,,,,,,,,,,,,,,,,,,,,,,,,,,,,,,,,,,,,,,,,,,,,,,,,,,,,,,,,,,,,,,,,,,,,,,,,,,,,,,,,,,,,,,,,,,,,,,,,,,,,,,,,,,,,,,,,,,,,,,,,,,,1.2,3.7,6.2,3.7,2.0,5.2,12.0,0.0,7.6,10.6,13.7,10.6,2.0,6.3,12.0,0.0,17.5,1861.0,2515.0,1482.0,5.0,1523.5,10.0,0.2,20.0,1860.0,2515.0,1480.0,5.0,1525.0,10.0,0.2
1911,2,162.6,46.0,,,,,,,,,,,,,,,,,,,,,,,,,,,,,,,,,,,,,,,,,,,,,,,,,,,,,,,,,,,,,,,,,,,,,,,,,,,,,,,,,,,,,,,,,,,,,,,,,,,,,,,,,,,,,,,,,,,,,,,,,,,,,,,,,,,,,,,,,,,,,,,,,,,,,,,,,0.0,0.0,0.0,0.0,1.0,0.0,6.0,0.0,11.3,11.3,11.3,11.3,1.0,0.0,6.0,0.0,97.5,301.0,1240.5,1056.5,11.0,1996.0,10.0,0.2,95.0,300.0,1240.0,1055.0,11.0,1995.0,10.0,0.2
1911,2,163.0,48.0,,,,,,,,,,,,,,,,,,,,,,,,,,,,,,,,,6.7,6.7,6.7,6.7,1.0,0.0,18.0,0.0,2.29,2.29,2.29,2.29,1.0,0.0,18.0,0.0,-6.3,-6.3,-6.3,-6.3,1.0,0.0,18.0,0.0,1013.0,1013.0,1013.0,1013.0,1.0,0.0,18.0,0.0,,,,,,,,,,,,,,,,,,,,,,,,,,,,,,,,,,,,,,,,,,,,,,,,,,,,,,,,,,,,,,,,,,,,,,,,,,,,,,,,,,,,,,,,,,,,,,,,,,,,,,,,,,,,,,,,,,,,,,,,
1911,2,164.0,-47.5,,,,,,,,,,,,,,,,,,,,,,,,,,,,,,,,,1.0,2.6,4.6,2.73,6.0,1.61,14.0,0.5,0.0,0.0,0.19,0.15,6.0,0.38,14.0,0.5,-4.6,-2.6,-0.87,-2.63,6.0,1.76,14.0,0.5,1008.59,1010.95,1013.0,1010.65,6.0,2.41,14.0,0.5,,,,,,,,,,,,,,,,,,,,,,,,,,,,,,,,,,,,,,,,,,,,,,,,,,,,,,,,,,,,,,,,,,,,,,,,,,,,,,,,,,,,,,,,,,,,,,,,,,,,,,,,,,,,,,,,,,,,,,,,
1911,2,164.3,-29.5,,,,,,,,,,,,,,,,,,,,,,,,,,,,,,,,,4.6,10.8,15.4,10.27,6.0,4.94,10.0,0.3,-10.89,-7.64,-4.06,-7.43,6.0,3.28,10.0,0.3,-2.04,7.64,10.89,5.35,6.0,6.29,10.0,0.3,1014.32,1015.0,1015.68,1015.0,2.0,1.41,8.0,0.5,,,,,,,,,,,,,,,,,,,,,,,,,,,,,,,,,,,,,,,,,,,,,,,,,,,,,,,,,,,,,,,,,,,,,,,,,,,,,,,,,,,,,,,,,,,,,,,,,,,,,,,,,,,,,,,,,,,,,,,,
1911,2,164.3,44.9,,,,,,,,,,,,,,,,,,,,,,,,,,,,,,,,,,,,,,,,,,,,,,,,,,,,,,,,,,,,,,,,,,,,,,,,,,,,,,,,,,,,,,,,,,,,,,,,,,,,,,,,,,,,,,,,,,,,,,,,,,,,,,,,,,,,,,,,,,,,,,,,,,,,,,,,,17.7,17.7,17.7,17.7,1.0,0.0,12.0,1.0,-6.4,-6.4,-6.4,-6.4,1.0,0.0,12.0,1.0,511.0,1861.0,4823.5,2635.5,5.0,2728.0,12.0,0.4,510.0,1860.0,4825.0,2635.0,5.0,2730.0,12.0,0.4
1911,2,164.4,-49.2,,,,,,,,,,,,,,,,,,,,,,,,,,,,,,,,,5.93,6.7,6.7,6.28,5.0,0.94,16.0,0.6,2.25,4.74,6.21,4.29,5.0,2.06,16.0,0.6,-0.68,2.51,4.42,1.56,5.0,4.46,16.0,0.6,1006.9,1008.8,1010.73,1008.76,5.0,2.59,16.0,0.6,,,,,,,,,,,,,,,,,,,,,,,,,,,,,,,,,,,,,,,,,,,,,,,,,,,,,,,,,,,,,,,,,,,,,,,,,,,,,,,,,,,,,,,,,,,,,,,,,,,,,,,,,,,,,,,,,,,,,,,,
1911,2,164.4,32.3,17.23,17.5,17.7,17.47,3.0,0.35,10.0,0.7,14.25,15.0,15.07,14.67,3.0,0.67,10.0,0.7,6.96,6.96,6.96,6.96,1.0,0.0,12.0,1.0,71.3,71.3,71.3,71.3,1.0,0.0,12.0,1.0,2.6,2.6,2.6,2.6,3.0,0.0,10.0,0.7,-0.11,1.84,1.94,0.94,3.0,1.69,10.0,0.7,-2.22,-1.84,0.56,-0.85,3.0,2.2,10.0,0.7,1020.3,1020.3,1020.3,1020.3,1.0,0.0,12.0,1.0,6.6,8.0,8.0,7.3,3.0,1.2,10.0,0.7,-0.3,4.8,5.1,2.4,3.0,4.4,10.0,0.7,-5.8,-4.8,1.4,-2.2,3.0,5.7,10.0,0.7,2.2,2.4,3.42,2.8,3.0,0.96,10.0,0.7,5.7,6.2,8.9,7.3,3.0,2.5,10.0,0.7,5.61,5.61,5.61,5.61,1.0,0.0,12.0,1.0,14.6,14.6,14.6,14.6,1.0,0.0,12.0,1.0,-1.7,27.6,27.7,13.3,3.0,24.8,10.0,0.7,-33.4,-27.6,7.1,-13.5,3.0,32.1,10.0,0.7,13.9,13.9,13.9,13.9,1.0,0.0,12.0,1.0,11.6,11.6,11.6,11.6,1.0,0.0,12.0,1.0,,,,,,,,,,,,,,,,,,,,,,,,,,,,,,,,
1911,2,164.4,44.4,1.0,1.1,2.15,1.58,6.0,1.19,12.0,0.5,-2.69,2.2,2.8,0.34,5.0,3.25,12.0,0.6,3.12,3.12,3.12,3.12,1.0,0.0,12.0,1.0,90.8,90.8,90.8,90.8,1.0,0.0,12.0,1.0,6.27,12.3,16.71,11.4,5.0,6.84,12.0,0.4,0.41,7.7,12.07,6.99,5.0,7.26,12.0,0.4,-6.89,-0.77,8.62,0.3,5.0,9.77,12.0,0.4,991.71,996.1,999.88,995.13,6.0,5.5,12.0,0.5,3.8,6.0,8.0,5.8,6.0,2.0,12.0,0.5,0.4,81.3,199.2,107.9,5.0,139.2,12.0,0.4,-93.8,-0.8,133.6,7.8,5.0,142.2,12.0,0.4,,,,,,,,,,,,,,,,,,,,,,,,,,,,,,,,,,,,,,,,,,,,,,,,,,,,,,,,,,,,,,,,,,,,,,,,,,,,,,,,,,,,,,,,,,,,,,,,
1911,2,164.4,46.5,,,,,,,,,,,,,,,,,,,,,,,,,,,,,,,,,,,,,,,,,,,,,,,,,,,,,,,,,,,,,,,,,,,,,,,,,,,,,,,,,,,,,,,,,,,,,,,,,,,,,,,,,,,,,,,,,,,,,,,,,-1.7,2.1,11.4,5.1,12.0,8.0,10.0,0.5,0.0,11.1,32.4,17.3,12.0,20.3,10.0,0.5,0.0,3.5,7.5,3.7,4.0,4.3,12.0,0.5,2.8,23.5,44.8,23.8,4.0,24.4,12.0,0.5,,,,,,,,,,,,,,,,,,,,,,,,,,,,,,,,
1911,2,164.5,44.4,,,,,,,,,,,,,,,,,,,,,,,,,,,,,,,,,,,,,,,,,,,,,,,,,,,,,,,,,,,,,,,,,,,,,,,,,,,,,,,,,,,,,,,,,-1.7,-0.5,5.22,1.34,5.0,3.65,12.0,0.6,-15.5,-2.2,29.7,6.7,4.0,32.1,12.0,0.5,2.02,2.02,2.02,2.02,1.0,0.0,12.0,1.0,18.8,18.8,18.8,18.8,1.0,0.0,12.0,1.0,,,,,,,,,,,,,,,,,,,,,,,,,,,,,,,,,,,,,,,,,,,,,,,,,,,,,,,,,,,,,,,,
1911,2,164.5,44.5,,,,,,,,,,,,,,,,,,,,,,,,,,,,,,,,,,,,,,,,,,,,,,,,,,,,,,,,,,,,,,,,,,,,,,,,,,,,,,,,,,,,,,,,,,,,,,,,,,,,,,,,,,,,,,,,,,,,,,,,,-9.1,-1.4,20.6,5.4,4.0,23.5,12.0,0.5,4.3,9.9,24.8,14.4,4.0,14.2,12.0,0.5,27.2,27.2,27.2,27.2,1.0,0.0,12.0,1.0,-9.9,-9.9,-9.9,-9.9,1.0,0.0,12.0,1.0,,,,,,,,,,,,,,,,,,,,,,,,,,,,,,,,
1911,2,164.5,46.3,,,,,,,,,,,,,,,,,,,,,,,,,,,,,,,,,,,,,,,,,,,,,,,,,,,,,,,,,,,,,,,,,,,,,,,,,,,,,,,,,,,,,,,,,,,,,,,,,,,,,,,,,,,,,,,,,,,,,,,,,,,,,,,,,,,,,,,,,,,,,,,,,,,,,,,,,0.0,0.8,2.7,1.3,4.0,1.7,12.0,0.5,0.6,2.3,6.8,3.7,4.0,4.5,12.0,0.5,17.5,804.5,1861.0,1024.0,13.0,1125.5,10.0,0.5,20.0,805.0,1860.0,1025.0,13.0,1125.0,10.0,0.5
1911,2,164.5,46.4,1.1,2.5,3.3,2.22,10.0,1.23,8.0,0.5,-0.73,1.65,3.21,1.63,12.0,2.17,10.0,0.5,3.18,3.42,3.71,3.45,4.0,0.36,12.0,0.5,77.1,81.6,91.9,84.4,4.0,11.0,12.0,0.5,,,,,,,,,,,,,,,,,,,,,,,,,,,,,,,,,,,,,,,,,,,,,,,,,,,,,,,,,-0.94,0.5,3.24,1.11,9.0,2.04,8.0,0.4,-10.5,5.7,8.4,0.7,9.0,10.9,8.0,0.4,0.51,0.8,1.12,0.82,4.0,0.47,12.0,0.5,2.6,3.4,7.0,4.7,4.0,3.6,12.0,0.5,,,,,,,,,,,,,,,,,,,,,,,,,,,,,,,,,,,,,,,,,,,,,,,,,,,,,,,,,,,,,,,,
1911,2,164.5,46.5,,,,,,,,,,,,,,,,,,,,,,,,,,,,,,,,,2.6,9.3,12.3,8.11,13.0,4.68,10.0,0.5,1.8,2.6,5.32,3.97,13.0,3.72,10.0,0.5,0.0,4.31,11.63,5.17,13.0,5.77,10.0,0.5,994.98,1007.3,1012.9,1004.31,11.0,9.68,12.0,0.5,7.8,8.0,8.0,7.4,13.0,1.7,10.0,0.5,4.7,10.6,59.8,39.1,13.0,60.0,10.0,0.5,0.0,28.9,143.0,53.7,13.0,74.5,10.0,0.5,,,,,,,,,,,,,,,,,,,,,,,,,,,,,,,,,,,,,,,,,,,,,,,,,,,,,,,,,,,,,,,,,,,,,,,,,,,,,,,,,,,,,,,,,,,,,,,,
1911,2,164.5,48.1,,,,,,,,,,,,,,,,,,,,,,,,,,,,,,,,,9.3,9.3,9.3,9.3,1.0,0.0,18.0,1.0,5.98,5.98,5.98,5.98,1.0,0.0,18.0,1.0,-7.12,-7.12,-7.12,-7.12,1.0,0.0,18.0,1.0,1011.0,1011.0,1011.0,1011.0,1.0,0.0,18.0,1.0,,,,,,,,,,,,,,,,,,,,,,,,,,,,,,,,,,,,,,,,,,,,,,,,,,,,,,,,,,,,,,,,,,,,,,,,,,,,,,,,,,,,,,,,,,,,,,,,,,,,,,,,,,,,,,,,,,,,,,,,
1911,2,164.6,-69.3,,,,,,,,,,,,,,,,,,,,,,,,,,,,,,,,,2.41,6.1,6.7,4.97,10.0,2.33,22.0,0.7,-3.3,-0.34,4.94,0.44,10.0,4.02,22.0,0.7,-1.42,2.51,5.58,2.14,10.0,3.38,22.0,0.7,989.23,990.15,991.37,990.26,10.0,1.03,22.0,0.7,,,,,,,,,,,,,,,,,,,,,,,,,,,,,,,,,,,,,,,,,,,,,,,,,,,,,,,,,,,,,,,,,,,,,,,,,,,,,,,,,,,,,,,,,,,,,,,,,,,,,,,,,,,,,,,,,,,,,,,,
1911,2,164.6,28.1,,,,,,,,,,,,,,,,,,,,,,,,,,,,,,,,,12.3,12.3,12.3,12.3,2.0,0.0,20.0,1.0,0.0,0.0,0.0,0.0,2.0,0.0,20.0,1.0,-12.3,-12.3,-12.3,-12.3,2.0,0.0,20.0,1.0,1003.96,1007.1,1010.24,1007.1,2.0,6.51,20.0,1.0,,,,,,,,,,,,,,,,,,,,,,,,,,,,,,,,,,,,,,,,,,,,,,,,,,,,,,,,,,,,,,,,,,,,,,,,,,,,,,,,,,,,,,,,,,,,,,,,,,,,,,,,,,,,,,,,,,,,,,,,
1911,2,164.6,32.8,,,,,,,,,,,,,,,,,,,,,,,,,,,,,,,,,,,,,,,,,,,,,,,,,,,,,,,,,,,,,,,,,,,,,,,,,,,,,,,,,,,,,,,,,,,,,,,,,,,,,,,,,,,,,,,,,,,,,,,,,,,,,,,,,,,,,,,,,,,,,,,,,,,,,,,,,11.2,11.2,11.2,11.2,1.0,0.0,12.0,1.0,9.4,9.4,9.4,9.4,1.0,0.0,12.0,1.0,17.5,17.5,17.5,17.5,3.0,0.0,10.0,0.7,20.0,20.0,20.0,20.0,3.0,0.0,10.0,0.7
1911,2,166.3,-49.5,,,,,,,,,,,,,,,,,,,,,,,,,,,,,,,,,4.6,4.6,4.6,4.6,3.0,0.0,16.0,0.3,4.24,4.27,4.49,4.37,3.0,0.2,16.0,0.3,-1.23,0.0,1.18,-0.02,3.0,1.76,16.0,0.3,1011.32,1012.0,1012.68,1012.0,3.0,1.0,16.0,0.3,,,,,,,,,,,,,,,,,,,,,,,,,,,,,,,,,,,,,,,,,,,,,,,,,,,,,,,,,,,,,,,,,,,,,,,,,,,,,,,,,,,,,,,,,,,,,,,,,,,,,,,,,,,,,,,,,,,,,,,,
1911,2,166.3,-29.3,,,,,,,,,,,,,,,,,,,,,,,,,,,,,,,,,4.6,5.65,11.97,7.76,8.0,4.18,12.0,0.5,-8.46,-4.6,-4.23,-5.79,8.0,2.76,12.0,0.5,0.2,4.0,8.46,4.5,8.0,4.15,12.0,0.5,1015.29,1015.9,1015.97,1015.63,3.0,0.55,8.0,0.3,,,,,,,,,,,,,,,,,,,,,,,,,,,,,,,,,,,,,,,,,,,,,,,,,,,,,,,,,,,,,,,,,,,,,,,,,,,,,,,,,,,,,,,,,,,,,,,,,,,,,,,,,,,,,,,,,,,,,,,,
1911,2,166.3,32.2,17.03,17.2,17.61,17.3,5.0,0.35,10.0,0.6,15.85,16.7,17.24,16.56,5.0,0.74,10.0,0.6,8.06,8.33,8.6,8.33,2.0,0.56,12.0,0.5,72.8,73.2,73.6,73.2,2.0,0.8,12.0,0.5,4.6,4.6,5.37,5.02,5.0,0.94,10.0,0.6,0.0,1.72,4.11,2.08,5.0,2.25,10.0,0.6,0.32,4.31,4.6,2.44,5.0,3.81,10.0,0.6,1010.09,1012.85,1015.61,1012.85,2.0,5.73,12.0,0.5,6.6,7.0,8.0,7.2,5.0,0.8,10.0,0.6,0.0,7.9,22.8,11.7,5.0,14.3,10.0,0.6,1.5,21.2,24.0,13.0,5.0,19.0,10.0,0.6,0.12,0.5,1.37,0.74,5.0,0.91,10.0,0.6,0.5,2.3,8.0,4.3,5.0,6.1,10.0,0.6,3.69,4.09,4.49,4.09,2.0,0.82,12.0,0.5,18.6,23.7,28.9,23.7,2.0,10.7,12.0,0.5,0.0,27.6,66.6,33.3,5.0,35.7,10.0,0.6,6.4,67.2,79.3,41.4,5.0,62.5,10.0,0.6,32.3,35.7,39.2,35.7,2.0,7.1,12.0,0.5,27.1,30.0,32.9,30.0,2.0,5.9,12.0,0.5,,,,,,,,,,,,,,,,,,,,,,,,,,,,,,,,
1911,2,166.4,28.0,,,,,,,,,,,,,,,,,,,,,,,,,,,,,,,,,12.3,12.3,12.3,12.3,1.0,0.0,20.0,0.0,0.0,0.0,0.0,0.0,1.0,0.0,20.0,0.0,-12.3,-12.3,-12.3,-12.3,1.0,0.0,20.0,0.0,1005.9,1005.9,1005.9,1005.9,1.0,0.0,20.0,0.0,,,,,,,,,,,,,,,,,,,,,,,,,,,,,,,,,,,,,,,,,,,,,,,,,,,,,,,,,,,,,,,,,,,,,,,,,,,,,,,,,,,,,,,,,,,,,,,,,,,,,,,,,,,,,,,,,,,,,,,,
1911,2,166.4,32.6,,,,,,,,,,,,,,,,,,,,,,,,,,,,,,,,,,,,,,,,,,,,,,,,,,,,,,,,,,,,,,,,,,,,,,,,,,,,,,,,,,,,,,,,,,,,,,,,,,,,,,,,,,,,,,,,,,,,,,,,,,,,,,,,,,,,,,,,,,,,,,,,,,,,,,,,,14.2,18.2,22.1,18.2,2.0,8.2,12.0,0.5,11.9,15.3,18.6,15.3,2.0,6.9,12.0,0.5,97.5,97.5,171.5,138.0,5.0,91.0,10.0,0.6,95.0,95.0,170.0,140.0,5.0,90.0,10.0,0.6
1911,2,166.4,46.6,0.73,2.2,3.09,2.05,10.0,1.25,8.0,0.2,-2.7,-0.3,3.09,0.17,10.0,3.1,8.0,0.2,2.49,2.54,2.68,2.58,5.0,0.16,14.0,0.2,70.0,70.7,87.2,77.2,5.0,9.6,14.0,0.2,4.6,11.05,17.46,10.63,10.0,5.98,8.0,0.2,-3.01,4.46,14.24,4.93,10.0,8.47,8.0,0.2,-4.7,-0.44,10.82,2.47,10.0,7.47,8.0,0.2,990.59,1009.7,1013.91,1003.87,9.0,10.84,8.0,0.1,5.4,7.5,8.0,6.6,10.0,2.0,8.0,0.2,-31.8,20.5,243.6,70.3,10.0,153.8,8.0,0.2,-77.2,-1.2,126.8,26.9,10.0,108.2,8.0,0.2,0.0,2.5,3.64,1.88,10.0,1.96,8.0,0.2,0.0,12.9,48.7,19.4,10.0,33.7,8.0,0.2,1.4,1.51,1.9,1.61,5.0,0.28,14.0,0.2,8.8,18.6,25.6,17.7,5.0,8.8,14.0,0.2,-58.3,-4.9,-1.1,-21.1,10.0,31.0,8.0,0.2,0.4,15.0,35.1,20.1,10.0,24.2,8.0,0.2,11.4,26.8,44.1,27.7,5.0,16.7,14.0,0.2,-16.1,-4.0,8.2,-2.8,5.0,15.9,14.0,0.2,,,,,,,,,,,,,,,,,,,,,,,,,,,,,,,,
1911,2,166.4,48.2,,,,,,,,,,,,,,,,,,,,,,,,,,,,,,,,,4.6,6.7,9.3,6.9,5.0,2.35,18.0,0.6,4.43,5.98,7.65,6.15,5.0,2.03,18.0,0.6,-3.11,0.0,0.63,-1.24,5.0,3.42,18.0,0.6,1008.62,1010.35,1011.4,1010.03,4.0,1.67,20.0,0.5,,,,,,,,,,,,,,,,,,,,,,,,,,,,,,,,,,,,,,,,,,,,,,,,,,,,,,,,,,,,,,,,,,,,,,,,,,,,,,,,,,,,,,,,,,,,,,,,,,,,,,,,,,,,,,,,,,,,,,,,
1911,2,166.5,44.8,,,,,,,,,,,,,,,,,,,,,,,,,,,,,,,,,5.27,6.7,8.47,6.87,3.0,2.35,12.0,0.3,3.2,5.13,7.88,5.53,3.0,3.45,12.0,0.3,2.37,3.98,4.2,3.3,3.0,1.47,12.0,0.3,1009.76,1011.4,1012.49,1011.13,3.0,2.01,12.0,0.3,,,,,,,,,,,,,,,,,,,,,,,,,,,,,,,,,,,,,,,,,,,,,,,,,,,,,,,,,,,,,,,,,,,,,,,,,,,,,,,,,,,,,,,,,,,,,,,,,,,,,,,,,,,,,,,,,,,,,,,,
1911,2,166.5,46.5,,,,,,,,,,,,,,,,,,,,,,,,,,,,,,,,,,,,,,,,,,,,,,,,,,,,,,,,,,,,,,,,,,,,,,,,,,,,,,,,,,,,,,,,,,,,,,,,,,,,,,,,,,,,,,,,,,,,,,,,,,,,,,,,,,,,,,,,,,,,,,,,,,,,,,,,,8.6,14.2,24.1,16.1,5.0,8.2,14.0,0.2,-8.8,-3.0,4.4,-1.8,5.0,8.6,14.0,0.2,97.5,1401.0,5485.5,2254.5,10.0,2677.5,8.0,0.2,95.0,1400.0,5485.0,2255.0,10.0,2675.0,8.0,0.2
1911,2,166.6,-75.6,,,,,,,,,,,,,,,,,,,,,,,,,,,,,,,,,4.44,5.05,6.13,5.28,4.0,1.08,10.0,0.5,4.09,4.65,5.92,4.99,4.0,1.23,10.0,0.5,-1.98,-1.74,-0.8,-1.41,4.0,0.96,10.0,0.5,991.64,991.85,992.0,991.83,4.0,0.25,10.0,0.5,,,,,,,,,,,,,,,,,,,,,,,,,,,,,,,,,,,,,,,,,,,,,,,,,,,,,,,,,,,,,,,,,,,,,,,,,,,,,,,,,,,,,,,,,,,,,,,,,,,,,,,,,,,,,,,,,,,,,,,,
1911,2,167.0,26.9,,,,,,,,,,,,,,,,,,,,,,,,,,,,,,,,,12.3,12.3,12.3,12.3,1.0,0.0,20.0,0.0,11.56,11.56,11.56,11.56,1.0,0.0,20.0,0.0,-4.21,-4.21,-4.21,-4.21,1.0,0.0,20.0,0.0,1005.2,1005.2,1005.2,1005.2,1.0,0.0,20.0,0.0,,,,,,,,,,,,,,,,,,,,,,,,,,,,,,,,,,,,,,,,,,,,,,,,,,,,,,,,,,,,,,,,,,,,,,,,,,,,,,,,,,,,,,,,,,,,,,,,,,,,,,,,,,,,,,,,,,,,,,,,
1911,2,168.0,-69.0,,,,,,,,,,,,,,,,,,,,,,,,,,,,,,,,,,,,,,,,,,,,,,,,,,,,,,,,,,,,,,,,,8.0,8.0,8.0,8.0,2.0,0.0,20.0,1.0,-107.0,-96.7,-66.7,-84.0,6.0,34.9,20.0,0.8,-1.4,70.4,107.0,58.0,6.0,55.4,20.0,0.8,,,,,,,,,,,,,,,,,,,,,,,,,,,,,,,,,,,,,,,,,,,,,,,,,,,,,,,,,,,,,,,,,,,,,,,,,,,,,,,,,,,,,,,,,,,,,,,,
1911,2,168.0,32.4,,,,,,,,,,,,,,,,,,,,,,,,,,,,,,,,,,,,,,,,,,,,,,,,,,,,,,,,,,,,,,,,,,,,,,,,,,,,,,,,,,,,,,,,,,,,,,,,,,,,,,,,,,,,,,,,,,,,,,,,,,,,,,,,,,,,,,,,,,,,,,,,,,,,,,,,,21.9,21.9,21.9,21.9,1.0,0.0,12.0,0.0,18.4,18.4,18.4,18.4,1.0,0.0,12.0,0.0,97.5,97.5,580.0,333.0,3.0,408.0,10.0,0.0,95.0,95.0,580.0,335.0,3.0,410.0,10.0,0.0
1911,2,168.1,-71.2,,,,,,,,,,,,,,,,,,,,,,,,,,,,,,,,,,,,,,,,,,,,,,,,,,,,,,,,,,,,,,,,,1.0,2.0,3.0,2.4,8.0,1.7,16.0,0.9,-41.3,0.0,7.0,-20.7,14.0,41.4,16.0,0.9,0.0,17.5,31.1,25.9,14.0,36.1,16.0,0.9,,,,,,,,,,,,,,,,,,,,,,,,,,,,,,,,,,,,,,,,,,,,,,,,,,,,,,,,,,,,,,,,,,,,,,,,,,,,,,,,,,,,,,,,,,,,,,,,
1911,2,168.1,-29.1,,,,,,,,,,,,,,,,,,,,,,,,,,,,,,,,,6.7,6.7,15.4,10.18,5.0,4.77,12.0,0.8,-10.89,-2.51,-2.51,-5.86,5.0,4.59,12.0,0.8,6.21,6.21,10.89,8.08,5.0,2.56,12.0,0.8,1014.5,1014.7,1014.9,1014.7,2.0,0.42,8.0,1.0,,,,,,,,,,,,,,,,,,,,,,,,,,,,,,,,,,,,,,,,,,,,,,,,,,,,,,,,,,,,,,,,,,,,,,,,,,,,,,,,,,,,,,,,,,,,,,,,,,,,,,,,,,,,,,,,,,,,,,,,
1911,2,168.2,32.1,16.73,17.0,17.14,16.93,3.0,0.31,10.0,0.0,15.85,16.4,16.4,16.13,3.0,0.46,10.0,0.0,9.09,9.09,9.09,9.09,1.0,0.0,12.0,0.0,82.9,82.9,82.9,82.9,1.0,0.0,12.0,0.0,4.6,4.6,7.81,6.17,3.0,2.71,10.0,0.0,-3.25,-3.25,3.83,0.21,3.0,5.99,10.0,0.0,3.25,3.25,5.11,4.16,3.0,1.57,10.0,0.0,1014.2,1014.2,1014.2,1014.2,1.0,0.0,12.0,0.0,6.0,6.0,7.4,6.7,3.0,1.2,10.0,0.0,-15.0,-15.0,40.5,12.1,3.0,46.9,10.0,0.0,15.0,15.0,42.7,28.5,3.0,23.5,10.0,0.0,0.33,0.6,1.28,0.8,3.0,0.72,10.0,0.0,1.5,2.8,11.0,6.2,3.0,7.6,10.0,0.0,3.08,3.08,3.08,3.08,1.0,0.0,12.0,0.0,28.6,28.6,28.6,28.6,1.0,0.0,12.0,0.0,-53.3,-53.3,58.9,1.5,3.0,95.0,10.0,0.0,53.3,53.3,80.6,66.6,3.0,23.0,10.0,0.0,64.8,64.8,64.8,64.8,1.0,0.0,12.0,0.0,54.3,54.3,54.3,54.3,1.0,0.0,12.0,0.0,,,,,,,,,,,,,,,,,,,,,,,,,,,,,,,,
1911,2,168.3,-71.3,,,,,,,,,,,,,,,,,,,,,,,,,,,,,,,,,,,,,,,,,,,,,,,,,,,,,,,,,,,,,,,,,,,,,,,,,,,,,,,,,,,,,,,,,,,,,,,,,,,,,,,,,,,,,,,,,,,,,,,,,,,,,,,,,,,,,,,,,,,,,,,,,,,,,,,,,-5.5,-3.6,0.5,-2.5,3.0,4.5,16.0,0.7,4.3,5.7,6.2,5.2,3.0,1.5,16.0,0.7,1.0,97.5,301.0,367.0,14.0,652.0,16.0,0.9,0.0,95.0,300.0,365.0,14.0,650.0,16.0,0.9
1911,2,168.3,-69.4,-1.7,-1.7,-1.6,-1.69,7.0,0.07,20.0,0.9,-2.86,-2.55,-2.2,-2.58,10.0,0.32,20.0,0.8,2.72,2.9,3.07,2.85,8.0,0.29,20.0,0.8,85.8,89.0,99.1,88.8,8.0,9.8,20.0,0.8,,,,,,,,,,,,,,,,,,,,,,,,,,,,,,,,,,,,,,,,,,,,,,,,,,,,,,,,,0.5,0.8,1.2,0.84,7.0,0.31,20.0,0.9,6.2,6.2,7.0,6.6,3.0,0.7,20.0,1.0,0.45,0.53,0.62,0.52,6.0,0.18,20.0,0.8,5.3,6.4,6.9,6.1,3.0,1.2,20.0,1.0,,,,,,,,,,,,,,,,,,,,,,,,,,,,,,,,,-4.9,-4.5,-4.4,-4.7,3.0,0.4,20.0,1.0,2.7,4.5,4.9,3.8,3.0,1.7,20.0,1.0,654.5,1332.5,1861.0,1212.0,6.0,758.5,20.0,0.8,655.0,1335.0,1860.0,1210.0,6.0,760.0,20.0,0.8
1911,2,168.3,46.6,,,,,,,,,,,,,,,,,,,,,,,,,,,,,,,,,,,,,,,,,,,,,,,,,,,,,,,,,,,,,,,,,,,,,,,,,,,,,,,,,,,,,,,,,-0.98,1.95,2.74,1.26,8.0,1.75,10.0,0.4,-12.0,14.0,27.0,10.8,8.0,19.3,10.0,0.4,1.17,1.2,1.35,1.26,4.0,0.16,10.0,0.3,10.6,16.1,18.0,14.4,4.0,5.3,10.0,0.3,-9.2,-3.9,6.0,-4.8,8.0,13.6,10.0,0.4,0.0,1.6,11.6,4.7,8.0,5.7,10.0,0.4,14.1,18.7,26.5,20.3,4.0,8.4,10.0,0.3,12.6,27.4,32.6,22.8,4.0,15.8,10.0,0.3,,,,,,,,,,,,,,,,,,,,,,,,,,,,,,,,
1911,2,168.4,-75.2,,,,,,,,,,,,,,,,,,,,,,,,,,,,,,,,,4.54,4.6,5.5,4.85,6.0,0.52,10.0,1.0,1.33,3.03,5.18,3.06,6.0,2.21,10.0,1.0,1.37,3.01,4.31,2.76,6.0,1.8,10.0,1.0,990.58,991.0,991.32,990.92,6.0,0.48,10.0,1.0,,,,,,,,,,,,,,,,,,,,,,,,,,,,,,,,,,,,,,,,,,,,,,,,,,,,,,,,,,,,,,,,,,,,,,,,,,,,,,,,,,,,,,,,,,,,,,,,,,,,,,,,,,,,,,,,,,,,,,,,
1911,2,168.4,-71.4,,,,,,,,,,,,,,,,,,,,,,,,,,,,,,,,,0.15,4.6,6.7,4.97,14.0,3.92,16.0,0.9,-6.17,0.0,1.7,-1.77,14.0,4.27,16.0,0.9,0.0,3.29,4.73,3.3,14.0,2.94,16.0,0.9,986.9,989.85,992.61,989.77,24.0,2.8,16.0,0.9,,,,,,,,,,,,,,,,,,,,,,,,,,,,,,,,,,,,,,,,,,,,,,,,,,,,,,,,,-7.4,0.0,16.9,4.2,13.0,11.9,16.0,0.8,-19.0,-16.5,0.0,-11.4,13.0,9.3,16.0,0.8,-25.1,-4.9,0.7,-9.7,6.0,13.2,16.0,0.7,9.3,11.7,25.1,15.4,6.0,8.2,16.0,0.7,,,,,,,,,,,,,,,,,,,,,,,,,,,,,,,,
1911,2,168.4,-71.3,-1.7,-1.3,-1.1,-1.33,17.0,0.29,16.0,0.9,-4.2,-2.1,-1.77,-2.46,24.0,1.3,16.0,0.9,2.21,2.76,2.92,2.65,16.0,0.37,16.0,0.8,73.2,86.2,91.4,83.7,16.0,8.5,16.0,0.8,,,,,,,,,,,,,,,,,,,,,,,,,,,,,,,,,,,,,,,,,,,,,,,,,,,,,,,,,0.6,1.0,2.11,1.02,17.0,1.14,16.0,0.9,0.7,7.0,11.9,8.1,8.0,6.9,16.0,0.9,0.55,0.73,1.11,0.82,11.0,0.38,16.0,0.8,5.5,6.2,8.2,6.8,3.0,2.0,16.0,0.7,,,,,,,,,,,,,,,,,,,,,,,,,,,,,,,,,,,,,,,,,,,,,,,,,,,,,,,,,,,,,,,,
1911,2,168.4,-69.6,,,,,,,,,,,,,,,,,,,,,,,,,,,,,,,,,8.27,10.8,12.3,9.97,6.0,3.14,20.0,0.8,-8.82,-8.7,-7.62,-7.99,6.0,1.98,20.0,0.8,-0.33,6.17,8.7,4.69,6.0,4.71,20.0,0.8,985.04,985.55,988.67,986.6,10.0,2.03,20.0,0.8,,,,,,,,,,,,,,,,,,,,,,,,,,,,,,,,,,,,,,,,,,,,,,,,,,,,,,,,,17.5,19.8,23.2,19.9,6.0,5.2,20.0,0.8,-20.8,-14.3,0.9,-11.7,6.0,12.2,20.0,0.8,-25.9,-24.8,-23.3,-24.5,5.0,2.2,20.0,0.8,6.7,24.8,25.9,17.5,5.0,11.8,20.0,0.8,,,,,,,,,,,,,,,,,,,,,,,,,,,,,,,,
1911,2,168.4,-51.1,,,,,,,,,,,,,,,,,,,,,,,,,,,,,,,,,6.7,6.7,6.7,6.7,2.0,0.0,18.0,1.0,6.29,6.46,6.62,6.46,2.0,0.34,18.0,1.0,0.4,1.25,2.11,1.25,2.0,1.77,18.0,1.0,1009.25,1009.8,1010.35,1009.8,2.0,1.13,18.0,1.0,,,,,,,,,,,,,,,,,,,,,,,,,,,,,,,,,,,,,,,,,,,,,,,,,,,,,,,,,,,,,,,,,,,,,,,,,,,,,,,,,,,,,,,,,,,,,,,,,,,,,,,,,,,,,,,,,,,,,,,,
1911,2,168.4,46.5,0.0,0.6,1.54,0.8,9.0,1.18,10.0,0.3,-1.58,-0.3,0.98,-0.44,8.0,1.33,10.0,0.4,2.64,2.67,2.7,2.67,4.0,0.05,10.0,0.3,63.8,67.2,74.6,69.1,4.0,6.9,10.0,0.3,6.61,12.3,15.4,11.4,10.0,4.31,10.0,0.3,5.26,9.02,13.33,9.27,10.0,4.09,10.0,0.3,-3.91,0.0,10.33,1.77,10.0,6.88,10.0,0.3,989.6,999.6,1013.0,1000.55,10.0,11.76,10.0,0.3,2.4,4.5,6.6,4.6,10.0,1.9,10.0,0.3,44.5,102.5,205.2,118.1,10.0,77.6,10.0,0.3,-42.3,0.0,143.3,31.0,10.0,96.2,10.0,0.3,,,,,,,,,,,,,,,,,,,,,,,,,,,,,,,,,,,,,,,,,,,,,,,,,,,,,,,,,,,,,,,,,,,,,,,,,,,,,,,,,,,,,,,,,,,,,,,,
1911,2,168.4,46.7,,,,,,,,,,,,,,,,,,,,,,,,,,,,,,,,,,,,,,,,,,,,,,,,,,,,,,,,,,,,,,,,,,,,,,,,,,,,,,,,,,,,,,,,,,,,,,,,,,,,,,,,,,,,,,,,,,,,,,,,,,,,,,,,,,,,,,,,,,,,,,,,,,,,,,,,,7.1,8.1,11.6,9.3,4.0,3.4,10.0,0.3,5.7,12.3,14.0,10.0,4.0,6.8,10.0,0.3,400.0,1861.0,3652.5,2013.5,10.0,1529.5,10.0,0.3,400.0,1860.0,3650.0,2015.0,10.0,1530.0,10.0,0.3
1911,2,168.4,48.3,,,,,,,,,,,,,,,,,,,,,,,,,,,,,,,,,6.7,8.0,9.3,8.5,8.0,3.26,12.0,0.1,2.39,5.25,6.3,5.26,8.0,4.79,12.0,0.1,-6.59,-0.75,5.92,-0.16,8.0,6.21,12.0,0.1,1006.55,1010.7,1015.4,1011.16,7.0,4.08,12.0,0.1,,,,,,,,,,,,,,,,,,,,,,,,,,,,,,,,,,,,,,,,,,,,,,,,,,,,,,,,,,,,,,,,,,,,,,,,,,,,,,,,,,,,,,,,,,,,,,,,,,,,,,,,,,,,,,,,,,,,,,,,
1911,2,168.5,26.8,,,,,,,,,,,,,,,,,,,,,,,,,,,,,,,,,12.3,12.3,12.3,12.3,1.0,0.0,20.0,0.0,12.11,12.11,12.11,12.11,1.0,0.0,20.0,0.0,-2.14,-2.14,-2.14,-2.14,1.0,0.0,20.0,0.0,1006.9,1006.9,1006.9,1006.9,1.0,0.0,20.0,0.0,,,,,,,,,,,,,,,,,,,,,,,,,,,,,,,,,,,,,,,,,,,,,,,,,,,,,,,,,,,,,,,,,,,,,,,,,,,,,,,,,,,,,,,,,,,,,,,,,,,,,,,,,,,,,,,,,,,,,,,,
1911,2,168.9,-73.9,,,,,,,,,,,,,,,,,,,,,,,,,,,,,,,,,4.3,4.3,4.3,4.3,1.0,0.0,12.0,1.0,0.0,0.0,0.0,0.0,1.0,0.0,12.0,1.0,4.3,4.3,4.3,4.3,1.0,0.0,12.0,1.0,990.1,990.1,990.1,990.1,1.0,0.0,12.0,1.0,,,,,,,,,,,,,,,,,,,,,,,,,,,,,,,,,,,,,,,,,,,,,,,,,,,,,,,,,,,,,,,,,,,,,,,,,,,,,,,,,,,,,,,,,,,,,,,,,,,,,,,,,,,,,,,,,,,,,,,,
1911,2,170.0,-29.0,,,,,,,,,,,,,,,,,,,,,,,,,,,,,,,,,15.4,15.4,15.4,15.4,1.0,0.0,6.0,1.0,-10.89,-10.89,-10.89,-10.89,1.0,0.0,6.0,1.0,10.89,10.89,10.89,10.89,1.0,0.0,6.0,1.0,1013.0,1013.0,1013.0,1013.0,1.0,0.0,6.0,1.0,,,,,,,,,,,,,,,,,,,,,,,,,,,,,,,,,,,,,,,,,,,,,,,,,,,,,,,,,,,,,,,,,,,,,,,,,,,,,,,,,,,,,,,,,,,,,,,,,,,,,,,,,,,,,,,,,,,,,,,,
1911,2,170.2,-73.4,,,,,,,,,,,,,,,,,,,,,,,,,,,,,,,,,,,,,,,,,,,,,,,,,,,,,,,,,,,,,,,,,8.0,8.0,8.0,8.0,5.0,0.0,12.0,0.8,12.1,17.5,32.2,20.6,10.0,11.9,12.0,0.8,11.7,18.2,41.3,25.0,10.0,14.6,12.0,0.8,,,,,,,,,,,,,,,,,,,,,,,,,,,,,,,,,,,,,,,,,,,,,,,,,,,,,,,,,,,,,,,,,,,,,,,,,,,,,,,,,,,,,,,,,,,,,,,,
1911,2,170.2,-51.0,,,,,,,,,,,,,,,,,,,,,,,,,,,,,,,,,7.53,9.3,9.3,8.43,3.0,1.5,18.0,0.0,7.53,9.3,9.3,8.43,3.0,1.5,18.0,0.0,0.0,0.0,0.0,0.0,3.0,0.0,18.0,0.0,1010.0,1010.0,1010.68,1010.33,3.0,0.58,18.0,0.0,,,,,,,,,,,,,,,,,,,,,,,,,,,,,,,,,,,,,,,,,,,,,,,,,,,,,,,,,,,,,,,,,,,,,,,,,,,,,,,,,,,,,,,,,,,,,,,,,,,,,,,,,,,,,,,,,,,,,,,,
1911,2,170.3,-73.4,-1.86,-1.2,-0.93,-1.36,10.0,0.45,12.0,0.8,-4.08,-3.5,-2.64,-3.42,8.0,0.67,12.0,0.8,2.9,3.02,3.04,2.98,5.0,0.08,12.0,0.8,93.7,95.6,98.6,96.1,5.0,2.9,12.0,0.8,4.43,6.7,6.7,5.8,10.0,1.17,12.0,0.8,2.15,2.62,5.38,3.46,10.0,1.66,12.0,0.8,2.06,4.1,6.17,4.12,10.0,1.94,12.0,0.8,984.83,986.75,988.49,986.67,10.0,1.72,12.0,0.8,,,,,,,,,,,,,,,,,,,,,,,,,1.47,2.1,2.3,2.0,8.0,0.4,12.0,0.8,9.2,9.9,14.3,11.0,8.0,2.6,12.0,0.8,0.48,0.54,0.69,0.58,5.0,0.13,12.0,0.8,2.8,3.6,4.6,3.7,5.0,1.2,12.0,0.8,-16.7,-12.1,-7.1,-12.0,8.0,5.0,12.0,0.8,-18.3,-11.3,-6.6,-12.1,8.0,5.8,12.0,0.8,6.6,7.9,18.9,11.6,5.0,6.8,12.0,0.8,7.7,11.5,18.1,12.6,5.0,5.3,12.0,0.8,,,,,,,,,,,,,,,,,,,,,,,,,,,,,,,,
1911,2,170.3,-73.2,,,,,,,,,,,,,,,,,,,,,,,,,,,,,,,,,,,,,,,,,,,,,,,,,,,,,,,,,,,,,,,,,,,,,,,,,,,,,,,,,,,,,,,,,,,,,,,,,,,,,,,,,,,,,,,,,,,,,,,,,,,,,,,,,,,,,,,,,,,,,,,,,,,,,,,,,1.4,2.0,3.1,2.2,5.0,1.0,12.0,0.8,1.3,1.8,4.2,2.6,5.0,1.6,12.0,0.8,87.0,301.0,301.0,216.0,10.0,110.0,12.0,0.8,85.0,300.0,300.0,215.0,10.0,110.0,12.0,0.8
1911,2,170.3,-69.7,-1.2,-1.2,-1.2,-1.2,2.0,0.0,16.0,0.0,-2.68,-2.5,-2.3,-2.52,5.0,0.29,16.0,0.4,2.59,2.76,2.91,2.75,4.0,0.19,16.0,0.3,80.7,85.2,89.2,84.9,4.0,5.0,16.0,0.3,,,,,,,,,,,,,,,,,,,,,,,,,,,,,,,,,,,,,,,,,,,,,,,,,,,,,,,,,,,,,,,,,,,,,,,,,,,,,,,,,,,,,,,,,,,,,,,,,,,,,,,,,,,,,,,,,,,,,,,,,,,,,,,,,,,,,,,,,,,,,,,,,,,,,,,,
1911,2,170.3,-27.5,,,,,,,,,,,,,,,,,,,,,,,,,,,,,,,,,7.94,9.3,9.3,8.65,4.0,1.3,14.0,0.3,-3.48,-3.48,-2.97,-3.24,4.0,0.49,14.0,0.3,7.36,8.62,8.62,8.02,4.0,1.21,14.0,0.3,1011.0,1011.0,1011.0,1011.0,1.0,0.0,6.0,0.0,,,,,,,,,,,,,,,,,,,,,,,,,,,,,,,,,,,,,,,,,,,,,,,,,,,,,,,,,,,,,,,,,,,,,,,,,,,,,,,,,,,,,,,,,,,,,,,,,,,,,,,,,,,,,,,,,,,,,,,,
1911,2,170.3,26.5,,,,,,,,,,,,,,,,,,,,,,,,,,,,,,,,,9.3,9.3,9.3,9.3,2.0,0.0,20.0,0.5,7.12,7.12,7.12,7.12,2.0,0.0,20.0,0.5,5.98,5.98,5.98,5.98,2.0,0.0,20.0,0.5,1007.12,1007.6,1008.08,1007.6,2.0,0.99,20.0,0.5,,,,,,,,,,,,,,,,,,,,,,,,,,,,,,,,,,,,,,,,,,,,,,,,,,,,,,,,,,,,,,,,,,,,,,,,,,,,,,,,,,,,,,,,,,,,,,,,,,,,,,,,,,,,,,,,,,,,,,,,
1911,2,170.3,32.2,16.65,17.1,17.42,17.06,5.0,0.52,10.0,0.6,14.3,15.6,16.35,15.33,3.0,1.52,10.0,0.3,8.51,8.59,8.67,8.59,2.0,0.17,12.0,0.0,74.3,75.4,76.6,75.4,2.0,2.3,12.0,0.0,2.6,4.6,7.65,5.16,5.0,2.87,10.0,0.6,-1.59,1.72,5.86,2.07,5.0,4.07,10.0,0.6,-3.08,0.0,4.92,0.73,5.0,4.35,10.0,0.6,1010.96,1011.3,1011.64,1011.3,2.0,0.71,12.0,0.0,1.6,6.0,6.7,4.6,5.0,3.0,10.0,0.6,-4.1,7.9,46.0,19.8,5.0,30.5,10.0,0.6,-11.1,0.0,38.6,11.7,5.0,30.2,10.0,0.6,,,,,,,,,,,,,,,,,,,,,,,,,,,,,,,,,,,,,,,,,,,,,,,,,,,,,,,,,,,,,,,,,,,,,,,,,,,,,,,,,,,,,,,,,,,,,,,,
1911,2,170.3,32.4,,,,,,,,,,,,,,,,,,,,,,,,,,,,,,,,,,,,,,,,,,,,,,,,,,,,,,,,,,,,,,,,,,,,,,,,,,,,,,,,,,,,,,,,,,,,,,,,,,,,,,,,,,,,,,,,,,,,,,,,,,,,,,,,,,,,,,,,,,,,,,,,,,,,,,,,,21.4,23.5,25.6,23.5,2.0,4.3,12.0,0.0,18.0,19.7,21.5,19.7,2.0,3.6,12.0,0.0,17.5,97.5,484.5,247.5,5.0,332.0,10.0,0.6,20.0,95.0,485.0,250.0,5.0,330.0,10.0,0.6
1911,2,170.3,48.1,,,,,,,,,,,,,,,,,,,,,,,,,,,,,,,,,,,,,,,,,,,,,,,,,,,,,,,,,,,,,,,,,,,,,,,,,,,,,,,,,,,,,,,,,,,,,,,,,,,,,,,,,,,,,,,,,,,,,,,,,,,,,,,,,,,,,,,,,,,,,,,,,,,,,,,,,6.1,8.2,10.2,8.2,2.0,4.2,20.0,0.5,-3.7,-3.0,-2.2,-3.0,2.0,1.5,20.0,0.5,301.0,301.0,3169.5,1196.5,9.0,1488.5,14.0,0.4,300.0,300.0,3170.0,1195.0,9.0,1490.0,14.0,0.4
1911,2,170.4,32.3,,,,,,,,,,,,,,,,,,,,,,,,,,,,,,,,,,,,,,,,,,,,,,,,,,,,,,,,,,,,,,,,,,,,,,,,,,,,,,,,,,,,,,,,,1.26,1.6,2.35,1.8,3.0,0.82,10.0,0.3,9.0,12.4,14.1,11.6,3.0,3.8,10.0,0.3,3.77,3.85,3.94,3.85,2.0,0.18,12.0,0.0,27.9,30.7,33.4,30.7,2.0,5.7,12.0,0.0,43.3,85.7,103.1,73.5,3.0,45.0,10.0,0.3,-17.1,71.9,86.5,35.6,3.0,82.1,10.0,0.3,47.2,52.5,57.9,52.5,2.0,11.1,12.0,0.0,39.6,44.1,48.6,44.1,2.0,9.3,12.0,0.0,,,,,,,,,,,,,,,,,,,,,,,,,,,,,,,,
1911,2,170.4,46.7,,,,,,,,,,,,,,,,,,,,,,,,,,,,,,,,,9.3,15.4,15.4,13.37,6.0,3.15,10.0,0.5,9.3,14.82,15.4,13.17,6.0,3.02,10.0,0.5,-0.55,0.0,1.09,0.43,6.0,2.6,10.0,0.5,989.65,1001.55,1013.54,1001.48,6.0,12.98,10.0,0.5,4.4,6.5,8.0,6.0,6.0,2.3,10.0,0.5,86.5,228.2,237.2,184.0,6.0,75.7,10.0,0.5,-8.5,0.0,16.8,6.7,6.0,40.0,10.0,0.5,,,,,,,,,,,,,,,,,,,,,,,,,,,,,,,,,,,,,,,,,,,,,,,,,,,,,,,,,,,,,,,,,,,,,,,,,,,,,,,,,,,,,,,,,,,,,,,,
1911,2,170.4,48.4,0.66,2.2,2.8,2.03,8.0,1.18,14.0,0.5,-0.44,0.6,3.17,0.99,9.0,1.7,14.0,0.4,2.72,2.79,2.87,2.79,2.0,0.16,20.0,0.5,72.1,75.4,78.6,75.4,2.0,6.7,20.0,0.5,6.7,6.7,14.56,9.02,9.0,4.16,14.0,0.4,4.31,6.3,13.17,7.6,9.0,4.46,14.0,0.4,-5.13,-2.29,2.15,-2.53,9.0,4.11,14.0,0.4,1004.58,1007.6,1008.93,1007.7,7.0,3.89,18.0,0.6,3.0,5.0,6.0,4.7,9.0,1.5,14.0,0.4,28.9,42.2,196.3,84.0,9.0,87.3,14.0,0.4,-34.4,-15.4,33.1,-16.8,9.0,48.5,14.0,0.4,0.6,1.7,2.2,1.26,8.0,1.16,14.0,0.5,4.4,9.6,31.8,13.2,8.0,14.3,14.0,0.5,1.29,1.48,1.68,1.48,2.0,0.4,20.0,0.5,6.5,8.7,10.8,8.7,2.0,4.5,20.0,0.5,-1.9,9.1,13.6,6.6,9.0,8.9,14.0,0.4,-10.5,0.0,1.8,-2.4,9.0,7.8,14.0,0.4,13.3,14.7,16.2,14.7,2.0,3.0,20.0,0.5,-5.9,-5.4,-4.8,-5.4,2.0,1.1,20.0,0.5,,,,,,,,,,,,,,,,,,,,,,,,,,,,,,,,
1911,2,170.5,-71.5,,,,,,,,,,,,,,,,,,,,,,,,,,,,,,,,,,,,,,,,,,,,,,,,,,,,,,,,,,,,,,,,,8.0,8.0,8.0,8.0,11.0,0.0,12.0,0.6,33.8,33.8,33.8,33.8,2.0,0.0,12.0,1.0,79.6,79.6,79.6,79.6,2.0,0.0,12.0,1.0,,,,,,,,,,,,,,,,,,,,,,,,,,,,,,,,,,,,,,,,,,,,,,,,,,,,,,,,,,,,,,,,,,,,,,,,,,,,,,,,,,,,,,,,,,,,,,,,
1911,2,170.5,46.7,,,,,,,,,,,,,,,,,,,,,,,,,,,,,,,,,,,,,,,,,,,,,,,,,,,,,,,,,,,,,,,,,,,,,,,,,,,,,,,,,,,,,,,,,,,,,,,,,,,,,,,,,,,,,,,,,,,,,,,,,-14.0,0.0,10.9,-1.5,3.0,18.2,10.0,0.7,0.0,0.0,4.0,1.9,3.0,3.3,10.0,0.7,23.8,27.2,37.9,30.8,3.0,10.8,10.0,0.7,0.0,0.0,10.7,5.2,3.0,9.0,10.0,0.7,,,,,,,,,,,,,,,,,,,,,,,,,,,,,,,,
1911,2,170.5,46.8,0.6,1.1,3.3,1.78,5.0,1.4,10.0,0.4,-1.5,0.0,0.75,-0.37,3.0,1.68,10.0,0.7,2.56,2.92,2.95,2.76,3.0,0.32,10.0,0.7,64.9,70.8,83.1,73.9,3.0,13.6,10.0,0.7,,,,,,,,,,,,,,,,,,,,,,,,,,,,,,,,,,,,,,,,,,,,,,,,,,,,,,,,,,,,,,,,,,,,,,,,,,,,,,,,,,,,,,,,,,,,,,,,,,,,,,,,,,,,,,,,,,,,,,,,,,,,,,,,,,,,,,,,,,,,,,,,,,,,,,,,
1911,2,170.6,46.8,,,,,,,,,,,,,,,,,,,,,,,,,,,,,,,,,,,,,,,,,,,,,,,,,,,,,,,,,,,,,,,,,,,,,,,,,,,,,,,,,,,,,,,,,2.72,3.85,4.98,3.85,2.0,2.33,10.0,0.5,36.6,42.5,48.4,42.5,2.0,12.2,10.0,0.5,1.95,1.96,1.97,1.96,2.0,0.03,10.0,0.5,20.2,24.1,28.0,24.1,2.0,8.1,10.0,0.5,,,,,,,,,,,,,,,,,,,,,,,,,,,,,,,,,19.9,23.2,26.5,23.2,2.0,6.8,10.0,0.5,1.6,5.1,8.6,5.1,2.0,7.2,10.0,0.5,804.5,3652.5,3652.5,2703.0,6.0,1470.5,10.0,0.5,805.0,3650.0,3650.0,2705.0,6.0,1470.0,10.0,0.5
1911,2,170.7,-71.7,,,,,,,,,,,,,,,,,,,,,,,,,,,,,,,,,9.3,9.3,9.3,9.3,2.0,0.0,12.0,1.0,3.63,3.63,3.63,3.63,2.0,0.0,12.0,1.0,8.56,8.56,8.56,8.56,2.0,0.0,12.0,1.0,981.05,982.3,982.68,982.68,21.0,2.41,12.0,0.7,,,,,,,,,,,,,,,,,,,,,,,,,,,,,,,,,,,,,,,,,,,,,,,,,,,,,,,,,-12.0,-12.0,-12.0,-12.0,2.0,0.0,12.0,1.0,-28.3,-28.3,-28.3,-28.3,2.0,0.0,12.0,1.0,9.6,9.7,9.9,9.7,2.0,0.3,12.0,1.0,22.6,22.9,23.2,22.9,2.0,0.6,12.0,1.0,3.1,3.2,3.4,3.2,2.0,0.3,12.0,1.0,7.3,7.6,7.9,7.6,2.0,0.6,12.0,1.0,804.5,804.5,804.5,804.5,2.0,0.0,12.0,1.0,805.0,805.0,805.0,805.0,2.0,0.0,12.0,1.0
1911,2,170.7,-71.6,-1.8,-1.7,-1.6,-1.67,15.0,0.2,12.0,0.7,-2.9,-2.5,-1.7,-2.39,21.0,0.57,12.0,0.7,2.77,2.89,3.04,2.9,18.0,0.15,12.0,0.8,83.5,87.8,92.8,88.5,18.0,5.8,12.0,0.8,,,,,,,,,,,,,,,,,,,,,,,,,,,,,,,,,,,,,,,,,,,,,,,,,,,,,,,,,0.0,0.7,1.1,0.7,15.0,0.72,12.0,0.7,19.5,19.5,19.5,19.5,2.0,0.0,12.0,1.0,0.43,0.52,0.65,0.56,13.0,0.17,12.0,0.8,8.0,8.3,8.6,8.3,2.0,0.7,12.0,1.0,,,,,,,,,,,,,,,,,,,,,,,,,,,,,,,,,,,,,,,,,,,,,,,,,,,,,,,,,,,,,,,,
1911,2,172.1,-71.0,,,,,,,,,,,,,,,,,,,,,,,,,,,,,,,,,,,,,,,,,,,,,,,,,,,,,,,,,,,,,,,,,3.9,6.0,6.7,5.4,5.0,2.2,14.0,0.6,12.0,37.7,63.5,37.7,2.0,53.4,14.0,0.5,155.5,164.6,173.6,164.6,2.0,18.8,14.0,0.5,,,,,,,,,,,,,,,,,,,,,,,,,,,,,,,,,,,,,,,,,,,,,,,,,,,,,,,,,,,,,,,,,,,,,,,,,,,,,,,,,,,,,,,,,,,,,,,,
1911,2,172.3,-69.5,,,,,,,,,,,,,,,,,,,,,,,,,,,,,,,,,,,,,,,,,,,,,,,,,,,,,,,,,,,,,,,,,4.3,5.0,6.4,5.3,3.0,1.5,14.0,1.0,0.0,0.0,0.0,0.0,6.0,0.0,14.0,1.0,60.1,75.2,161.9,101.1,6.0,59.0,14.0,1.0,,,,,,,,,,,,,,,,,,,,,,,,,,,,,,,,,,,,,,,,,,,,,,,,,,,,,,,,,,,,,,,,,,,,,,,,,,,,,,,,,,,,,,,,,,,,,,,,
1911,2,172.3,-51.1,,,,,,,,,,,,,,,,,,,,,,,,,,,,,,,,,6.7,6.7,8.47,7.57,3.0,1.5,18.0,1.0,6.21,6.21,7.86,7.02,3.0,1.39,18.0,1.0,2.51,2.51,3.17,2.83,3.0,0.56,18.0,1.0,1012.22,1012.7,1014.27,1013.23,3.0,1.57,18.0,1.0,,,,,,,,,,,,,,,,,,,,,,,,,,,,,,,,,,,,,,,,,,,,,,,,,,,,,,,,,,,,,,,,,,,,,,,,,,,,,,,,,,,,,,,,,,,,,,,,,,,,,,,,,,,,,,,,,,,,,,,,
1911,2,172.3,-27.4,,,,,,,,,,,,,,,,,,,,,,,,,,,,,,,,,6.7,6.7,6.7,6.7,5.0,0.0,14.0,0.4,-2.51,-2.51,-2.51,-2.51,5.0,0.0,14.0,0.4,6.21,6.21,6.21,6.21,5.0,0.0,14.0,0.4,1010.16,1010.5,1010.84,1010.5,2.0,0.71,6.0,0.0,,,,,,,,,,,,,,,,,,,,,,,,,,,,,,,,,,,,,,,,,,,,,,,,,,,,,,,,,,,,,,,,,,,,,,,,,,,,,,,,,,,,,,,,,,,,,,,,,,,,,,,,,,,,,,,,,,,,,,,,
1911,2,172.3,32.0,16.59,17.6,18.3,17.45,4.0,1.01,10.0,0.5,14.53,16.65,18.88,16.7,4.0,2.55,10.0,0.5,10.72,11.25,11.78,11.25,2.0,1.1,12.0,1.0,80.9,82.7,84.6,82.7,2.0,3.8,12.0,1.0,5.6,8.0,10.87,8.23,4.0,3.33,10.0,0.5,2.86,5.19,8.33,5.58,4.0,3.27,10.0,0.5,-4.8,1.36,6.99,1.1,4.0,6.89,10.0,0.5,1007.83,1008.75,1009.67,1008.75,2.0,1.91,12.0,1.0,1.5,2.0,3.0,2.3,4.0,1.3,10.0,0.5,15.8,41.5,92.3,53.5,4.0,47.9,10.0,0.5,-28.9,20.3,77.4,24.1,4.0,63.7,10.0,0.5,-0.58,0.65,2.09,0.75,4.0,1.68,10.0,0.5,-7.1,3.0,12.7,2.8,4.0,13.4,10.0,0.5,1.36,1.88,2.39,1.88,2.0,1.07,12.0,1.0,15.5,19.1,22.8,19.1,2.0,7.6,12.0,1.0,41.8,89.6,157.8,99.3,4.0,69.7,10.0,0.5,-69.1,30.3,132.4,31.6,4.0,117.7,10.0,0.5,80.7,93.9,107.1,93.9,2.0,27.3,12.0,1.0,67.8,78.8,89.9,78.8,2.0,22.9,12.0,1.0,,,,,,,,,,,,,,,,,,,,,,,,,,,,,,,,
1911,2,172.3,32.1,,,,,,,,,,,,,,,,,,,,,,,,,,,,,,,,,,,,,,,,,,,,,,,,,,,,,,,,,,,,,,,,,,,,,,,,,,,,,,,,,,,,,,,,,,,,,,,,,,,,,,,,,,,,,,,,,,,,,,,,,,,,,,,,,,,,,,,,,,,,,,,,,,,,,,,,,11.9,14.7,17.5,14.7,2.0,5.8,12.0,1.0,9.9,12.3,14.7,12.3,2.0,4.9,12.0,1.0,194.0,552.5,1358.0,766.0,4.0,788.0,10.0,0.5,195.0,555.0,1360.0,765.0,4.0,790.0,10.0,0.5
1911,2,172.3,46.7,,,,,,,,,,,,,,,,,,,,,,,,,,,,,,,,,,,,,,,,,,,,,,,,,,,,,,,,,,,,,,,,,,,,,,,,,,,,,,,,,,,,,,,,,5.6,5.6,5.6,5.6,1.0,0.0,14.0,0.0,52.1,52.1,52.1,52.1,1.0,0.0,14.0,0.0,1.87,1.87,1.87,1.87,1.0,0.0,14.0,0.0,17.4,17.4,17.4,17.4,1.0,0.0,14.0,0.0,-24.5,-24.5,-24.5,-24.5,1.0,0.0,14.0,0.0,8.9,8.9,8.9,8.9,1.0,0.0,14.0,0.0,25.0,25.0,25.0,25.0,1.0,0.0,14.0,0.0,-9.1,-9.1,-9.1,-9.1,1.0,0.0,14.0,0.0,16.4,16.4,16.4,16.4,1.0,0.0,14.0,0.0,-6.0,-6.0,-6.0,-6.0,1.0,0.0,14.0,0.0,209.5,451.0,692.0,451.0,2.0,500.0,14.0,0.0,210.0,450.0,690.0,450.0,2.0,500.0,14.0,0.0
1911,2,172.3,48.5,0.97,2.5,3.08,2.33,12.0,1.1,12.0,0.6,0.35,1.7,3.3,1.67,11.0,1.58,12.0,0.5,2.89,3.26,3.57,3.23,4.0,0.44,14.0,0.5,74.4,80.1,82.0,78.3,4.0,5.3,14.0,0.5,,,,,,,,,,,,,,,,,,,,,,,,,,,,,,,,,,,,,,,,,,,,,,,,,,,,,,,,,,,,,,,,,,,,,,,,,,,,,,,,,,,,,,,,,,,,,,,,,,,,,,,,,,,,,,,,,,,,,,,,,,,,,,,,,,,,,,,,,,,,,,,,,,,,,,,,
1911,2,172.4,-71.3,-1.8,-1.8,-1.8,-1.8,1.0,0.0,14.0,1.0,-2.2,-2.0,-1.79,-2.03,10.0,0.25,14.0,0.7,2.86,3.04,3.1,2.98,9.0,0.12,14.0,0.7,85.8,90.1,92.2,89.3,9.0,4.0,14.0,0.7,,,,,,,,,,,,,,,,,,,,,,,,,,,,,,,,,,,,,,,,,,,,,,,,,,,,,,,,,,,,,,,,,,,,,,,,,,,,,,,,,,,,,,,,,,,,,,,,,,,,,,,,,,,,,,,,,,,,,,,,,,,,,,,,,,,,,,,,,,,,,,,,,,,,,,,,
1911,2,172.4,-71.1,,,,,,,,,,,,,,,,,,,,,,,,,,,,,,,,,12.55,13.1,13.65,13.1,2.0,1.13,14.0,0.5,0.86,2.72,4.57,2.72,2.0,3.84,14.0,0.5,12.38,12.55,12.72,12.55,2.0,0.35,14.0,0.5,986.37,988.1,988.4,987.57,10.0,1.29,14.0,0.7,,,,,,,,,,,,,,,,,,,,,,,,,,,,,,,,,,,,,,,,,,,,,,,,,,,,,,,,,-10.1,-6.0,-1.9,-6.0,2.0,8.4,14.0,0.5,-27.4,-25.8,-24.1,-25.8,2.0,3.4,14.0,0.5,16.9,16.9,16.9,16.9,1.0,0.0,14.0,0.0,39.7,39.7,39.7,39.7,1.0,0.0,14.0,0.0,,,,,,,,,,,,,,,,,,,,,,,,,,,,,,,,
1911,2,172.4,48.4,,,,,,,,,,,,,,,,,,,,,,,,,,,,,,,,,4.73,10.8,15.2,10.01,14.0,4.86,12.0,0.5,1.75,7.52,14.15,8.08,14.0,5.77,12.0,0.5,-5.1,0.0,5.09,-1.03,14.0,5.17,12.0,0.5,993.89,1006.25,1009.4,1003.53,12.0,7.22,12.0,0.4,4.0,5.5,6.9,5.4,14.0,1.7,12.0,0.5,8.6,81.8,215.6,105.9,14.0,104.0,12.0,0.5,-60.9,0.0,53.9,-7.8,14.0,62.3,12.0,0.5,,,,,,,,,,,,,,,,,,,,,,,,,,,,,,,,,,,,,,,,,,,,,,,,,,,,,,,,,,,,,,,,,,,,,,,,,,,,,,,,,,,,,,,,,,,,,,,,
1911,2,172.4,48.5,,,,,,,,,,,,,,,,,,,,,,,,,,,,,,,,,,,,,,,,,,,,,,,,,,,,,,,,,,,,,,,,,,,,,,,,,,,,,,,,,,,,,,,,,0.0,0.6,1.91,0.76,11.0,1.15,12.0,0.5,0.0,4.0,16.9,6.8,11.0,9.2,12.0,0.5,0.95,1.32,1.76,1.35,4.0,0.51,14.0,0.5,8.0,9.4,13.7,10.8,4.0,4.4,14.0,0.5,0.6,15.9,26.5,14.6,11.0,13.6,12.0,0.5,-3.9,0.0,7.9,0.7,11.0,7.8,12.0,0.5,2.3,25.3,47.7,25.0,4.0,26.2,14.0,0.5,-12.9,-6.2,9.4,-2.0,4.0,14.6,14.0,0.5,,,,,,,,,,,,,,,,,,,,,,,,,,,,,,,,
1911,2,172.5,-69.7,-1.4,-1.1,-1.1,-1.2,6.0,0.15,14.0,1.0,-1.71,-1.7,-1.7,-1.73,7.0,0.08,14.0,1.0,3.08,3.15,3.38,3.21,6.0,0.15,14.0,1.0,90.2,92.2,100.0,94.1,6.0,4.6,14.0,1.0,,,,,,,,,,,,,,,,,,,,,,,,,,,,,,,,,,,,,,,,,,,,,,,,,,,,,,,,,0.3,0.6,0.6,0.5,6.0,0.15,14.0,1.0,2.6,4.0,6.1,4.5,5.0,2.4,14.0,1.0,0.3,0.42,0.49,0.38,5.0,0.17,14.0,1.0,1.9,3.3,4.7,3.3,4.0,2.1,14.0,1.0,,,,,,,,,,,,,,,,,,,,,,,,,,,,,,,,,,,,,,,,,,,,,,,,,,,,,,,,,,,,,,,,
1911,2,172.5,26.4,,,,,,,,,,,,,,,,,,,,,,,,,,,,,,,,,5.35,6.95,8.55,6.95,2.0,3.32,20.0,0.5,4.77,5.72,6.68,5.72,2.0,1.98,20.0,0.5,2.27,3.78,5.28,3.78,2.0,3.11,20.0,0.5,1011.32,1012.0,1012.68,1012.0,2.0,1.41,20.0,0.5,,,,,,,,,,,,,,,,,,,,,,,,,,,,,,,,,,,,,,,,,,,,,,,,,,,,,,,,,,,,,,,,,,,,,,,,,,,,,,,,,,,,,,,,,,,,,,,,,,,,,,,,,,,,,,,,,,,,,,,,
1911,2,172.5,48.2,,,,,,,,,,,,,,,,,,,,,,,,,,,,,,,,,,,,,,,,,,,,,,,,,,,,,,,,,,,,,,,,,,,,,,,,,,,,,,,,,,,,,,,,,,,,,,,,,,,,,,,,,,,,,,,,,,,,,,,,,,,,,,,,,,,,,,,,,,,,,,,,,,,,,,,,,1.1,6.1,13.2,7.1,4.0,7.4,14.0,0.5,-7.9,-3.3,3.1,-2.4,4.0,6.7,14.0,0.5,110.0,1332.5,3539.0,1680.5,14.0,1941.0,12.0,0.5,110.0,1335.0,3540.0,1680.0,14.0,1940.0,12.0,0.5
1911,2,172.6,-69.8,,,,,,,,,,,,,,,,,,,,,,,,,,,,,,,,,7.73,8.65,12.71,9.72,6.0,2.82,14.0,1.0,0.0,0.0,0.0,0.0,6.0,0.0,14.0,1.0,7.73,8.65,12.71,9.72,6.0,2.82,14.0,1.0,987.1,987.5,988.7,987.74,7.0,0.73,14.0,1.0,,,,,,,,,,,,,,,,,,,,,,,,,,,,,,,,,,,,,,,,,,,,,,,,,,,,,,,,,0.0,0.0,0.0,0.0,6.0,0.0,14.0,1.0,-23.6,-14.7,-13.1,-16.9,6.0,5.3,14.0,1.0,0.0,0.0,0.0,0.0,5.0,0.0,14.0,1.0,23.6,27.4,42.5,31.8,5.0,10.4,14.0,1.0,0.0,0.0,0.0,0.0,4.0,0.0,14.0,1.0,1.9,3.3,4.7,3.3,4.0,2.1,14.0,1.0,468.5,658.0,2067.5,1120.0,6.0,957.0,14.0,1.0,470.0,660.0,2065.0,1120.0,6.0,955.0,14.0,1.0
1911,2,172.6,46.7,1.87,2.25,2.63,2.25,2.0,0.78,14.0,0.0,-2.8,-2.8,-2.8,-2.8,1.0,0.0,14.0,0.0,2.85,2.85,2.85,2.85,1.0,0.0,14.0,0.0,90.7,90.7,90.7,90.7,1.0,0.0,14.0,0.0,5.35,6.95,8.55,6.95,2.0,3.32,14.0,0.0,5.02,6.53,8.04,6.53,2.0,3.12,14.0,0.0,-2.93,-2.38,-1.83,-2.38,2.0,1.14,14.0,0.0,990.0,990.0,990.0,990.0,2.0,0.0,14.0,0.0,2.5,3.5,4.5,3.5,2.0,2.1,14.0,0.0,29.6,50.6,71.5,50.6,2.0,43.4,14.0,0.0,-26.0,-18.4,-10.8,-18.4,2.0,15.8,14.0,0.0,,,,,,,,,,,,,,,,,,,,,,,,,,,,,,,,,,,,,,,,,,,,,,,,,,,,,,,,,,,,,,,,,,,,,,,,,,,,,,,,,,,,,,,,,,,,,,,,
1911,2,174.0,26.1,,,,,,,,,,,,,,,,,,,,,,,,,,,,,,,,,6.7,6.7,6.7,6.7,1.0,0.0,20.0,0.0,5.13,5.13,5.13,5.13,1.0,0.0,20.0,0.0,4.31,4.31,4.31,4.31,1.0,0.0,20.0,0.0,1014.1,1014.1,1014.1,1014.1,1.0,0.0,20.0,0.0,,,,,,,,,,,,,,,,,,,,,,,,,,,,,,,,,,,,,,,,,,,,,,,,,,,,,,,,,,,,,,,,,,,,,,,,,,,,,,,,,,,,,,,,,,,,,,,,,,,,,,,,,,,,,,,,,,,,,,,,
1911,2,174.3,-51.1,,,,,,,,,,,,,,,,,,,,,,,,,,,,,,,,,2.6,3.6,5.7,4.13,4.0,1.96,16.0,0.3,2.6,3.43,5.29,3.92,4.0,1.72,16.0,0.3,0.0,0.86,2.14,1.06,4.0,1.26,16.0,0.3,1016.32,1017.0,1017.0,1016.67,3.0,0.58,18.0,0.0,,,,,,,,,,,,,,,,,,,,,,,,,,,,,,,,,,,,,,,,,,,,,,,,,,,,,,,,,,,,,,,,,,,,,,,,,,,,,,,,,,,,,,,,,,,,,,,,,,,,,,,,,,,,,,,,,,,,,,,,
1911,2,174.3,-27.2,,,,,,,,,,,,,,,,,,,,,,,,,,,,,,,,,2.52,6.7,9.3,5.74,7.0,3.18,12.0,0.6,0.0,0.71,1.88,0.99,7.0,1.08,12.0,0.6,1.78,6.17,9.3,5.46,7.0,3.38,12.0,0.6,1008.21,1008.65,1009.09,1008.65,2.0,0.92,6.0,1.0,,,,,,,,,,,,,,,,,,,,,,,,,,,,,,,,,,,,,,,,,,,,,,,,,,,,,,,,,,,,,,,,,,,,,,,,,,,,,,,,,,,,,,,,,,,,,,,,,,,,,,,,,,,,,,,,,,,,,,,,
1911,2,174.4,46.9,2.2,2.2,2.2,2.2,1.0,0.0,14.0,0.0,-2.8,-2.8,-2.8,-2.8,1.0,0.0,14.0,0.0,3.15,3.15,3.15,3.15,1.0,0.0,14.0,0.0,100.0,100.0,100.0,100.0,1.0,0.0,14.0,0.0,6.7,6.7,6.7,6.7,1.0,0.0,14.0,0.0,6.7,6.7,6.7,6.7,1.0,0.0,14.0,0.0,0.0,0.0,0.0,0.0,1.0,0.0,14.0,0.0,989.3,989.3,989.3,989.3,1.0,0.0,14.0,0.0,6.0,6.0,6.0,6.0,1.0,0.0,14.0,0.0,44.9,44.9,44.9,44.9,1.0,0.0,14.0,0.0,0.0,0.0,0.0,0.0,1.0,0.0,14.0,0.0,5.0,5.0,5.0,5.0,1.0,0.0,14.0,0.0,33.5,33.5,33.5,33.5,1.0,0.0,14.0,0.0,1.39,1.39,1.39,1.39,1.0,0.0,14.0,0.0,9.3,9.3,9.3,9.3,1.0,0.0,14.0,0.0,-18.8,-18.8,-18.8,-18.8,1.0,0.0,14.0,0.0,0.0,0.0,0.0,0.0,1.0,0.0,14.0,0.0,21.1,21.1,21.1,21.1,1.0,0.0,14.0,0.0,0.0,0.0,0.0,0.0,1.0,0.0,14.0,0.0,9.3,9.3,9.3,9.3,1.0,0.0,14.0,0.0,0.0,0.0,0.0,0.0,1.0,0.0,14.0,0.0,301.0,301.0,301.0,301.0,1.0,0.0,14.0,0.0,300.0,300.0,300.0,300.0,1.0,0.0,14.0,0.0
1911,2,174.5,30.7,16.95,17.5,18.05,17.5,2.0,1.13,14.0,0.0,16.87,17.25,17.63,17.25,2.0,0.78,14.0,0.0,8.7,8.7,8.7,8.7,1.0,0.0,14.0,0.0,73.8,73.8,73.8,73.8,1.0,0.0,14.0,0.0,12.3,12.3,12.3,12.3,2.0,0.0,14.0,0.0,12.3,12.3,12.3,12.3,2.0,0.0,14.0,0.0,0.0,0.0,0.0,0.0,2.0,0.0,14.0,0.0,1008.94,1010.1,1011.26,1010.1,2.0,2.4,14.0,0.0,8.0,8.0,8.0,8.0,2.0,0.0,14.0,0.0,151.3,151.3,151.3,151.3,2.0,0.0,14.0,0.0,0.0,0.0,0.0,0.0,2.0,0.0,14.0,0.0,-0.67,0.25,1.17,0.25,2.0,1.91,14.0,0.0,-8.3,3.1,14.4,3.1,2.0,23.5,14.0,0.0,4.38,4.38,4.38,4.38,1.0,0.0,14.0,0.0,53.9,53.9,53.9,53.9,1.0,0.0,14.0,0.0,207.6,212.2,216.8,212.2,2.0,9.6,14.0,0.0,0.0,0.0,0.0,0.0,2.0,0.0,14.0,0.0,107.0,107.0,107.0,107.0,1.0,0.0,14.0,0.0,0.0,0.0,0.0,0.0,1.0,0.0,14.0,0.0,,,,,,,,,,,,,,,,,,,,,,,,,,,,,,,,
1911,2,174.5,48.7,,,,,,,,,,,,,,,,,,,,,,,,,,,,,,,,,6.7,9.3,15.4,9.71,17.0,4.53,14.0,0.3,1.72,6.58,13.52,7.0,17.0,6.03,14.0,0.3,-8.74,0.0,2.47,-2.01,17.0,5.29,14.0,0.3,988.25,1005.75,1006.9,1000.77,16.0,12.25,14.0,0.3,3.0,4.0,6.9,4.6,17.0,1.9,14.0,0.3,10.7,44.1,189.8,86.5,17.0,104.2,14.0,0.3,-81.3,0.0,33.1,-20.4,17.0,67.0,14.0,0.3,-0.34,0.85,2.33,0.84,10.0,1.52,16.0,0.3,-2.3,7.1,16.1,5.9,10.0,11.4,16.0,0.3,0.37,1.54,1.7,1.05,3.0,1.06,16.0,0.3,1.1,7.1,10.3,5.8,3.0,6.8,16.0,0.3,-3.4,8.9,25.9,11.7,12.0,16.7,16.0,0.3,-13.5,0.5,5.2,-5.1,12.0,17.2,16.0,0.3,15.1,20.4,38.6,26.7,3.0,18.1,16.0,0.3,-3.1,0.0,0.0,-1.5,3.0,2.7,16.0,0.3,,,,,,,,,,,,,,,,,,,,,,,,,,,,,,,,
1911,2,174.6,24.9,,,,,,,,,,,,,,,,,,,,,,,,,,,,,,,,,2.6,2.6,2.6,2.6,1.0,0.0,20.0,0.0,1.99,1.99,1.99,1.99,1.0,0.0,20.0,0.0,1.67,1.67,1.67,1.67,1.0,0.0,20.0,0.0,1015.1,1015.1,1015.1,1015.1,1.0,0.0,20.0,0.0,,,,,,,,,,,,,,,,,,,,,,,,,,,,,,,,,,,,,,,,,,,,,,,,,,,,,,,,,,,,,,,,,,,,,,,,,,,,,,,,,,,,,,,,,,,,,,,,,,,,,,,,,,,,,,,,,,,,,,,,
1911,2,174.6,48.4,,,,,,,,,,,,,,,,,,,,,,,,,,,,,,,,,,,,,,,,,,,,,,,,,,,,,,,,,,,,,,,,,,,,,,,,,,,,,,,,,,,,,,,,,,,,,,,,,,,,,,,,,,,,,,,,,,,,,,,,,,,,,,,,,,,,,,,,,,,,,,,,,,,,,,,,,1.0,6.7,10.2,5.6,3.0,6.8,16.0,0.3,-1.7,0.0,0.0,-0.8,3.0,1.4,16.0,0.3,301.0,804.5,3652.5,1522.0,17.0,1889.5,14.0,0.3,300.0,805.0,3650.0,1520.0,17.0,1890.0,14.0,0.3
1911,2,174.6,48.7,0.6,2.2,3.36,2.18,13.0,1.58,14.0,0.4,-0.15,2.8,5.15,2.41,12.0,2.46,16.0,0.3,2.96,3.05,4.42,3.68,3.0,1.2,16.0,0.3,80.2,80.2,88.2,84.1,3.0,6.8,16.0,0.3,,,,,,,,,,,,,,,,,,,,,,,,,,,,,,,,,,,,,,,,,,,,,,,,,,,,,,,,,,,,,,,,,,,,,,,,,,,,,,,,,,,,,,,,,,,,,,,,,,,,,,,,,,,,,,,,,,,,,,,,,,,,,,,,,,,,,,,,,,,,,,,,,,,,,,,,
1911,2,174.8,30.6,,,,,,,,,,,,,,,,,,,,,,,,,,,,,,,,,,,,,,,,,,,,,,,,,,,,,,,,,,,,,,,,,,,,,,,,,,,,,,,,,,,,,,,,,,,,,,,,,,,,,,,,,,,,,,,,,,,,,,,,,,,,,,,,,,,,,,,,,,,,,,,,,,,,,,,,,53.9,53.9,53.9,53.9,1.0,0.0,14.0,0.0,0.0,0.0,0.0,0.0,1.0,0.0,14.0,0.0,1861.0,1861.0,1861.0,1861.0,2.0,0.0,14.0,0.0,1860.0,1860.0,1860.0,1860.0,2.0,0.0,14.0,0.0
1911,2,176.3,-27.4,,,,,,,,,,,,,,,,,,,,,,,,,,,,,,,,,3.71,9.3,9.3,7.52,9.0,2.92,8.0,0.3,0.0,0.0,5.3,1.48,9.0,3.27,8.0,0.3,3.12,6.7,9.3,6.67,9.0,2.98,8.0,0.3,1007.32,1008.0,1008.68,1008.0,2.0,1.41,6.0,0.5,,,,,,,,,,,,,,,,,,,,,,,,,,,,,,,,,,,,,,,,,,,,,,,,,,,,,,,,,,,,,,,,,,,,,,,,,,,,,,,,,,,,,,,,,,,,,,,,,,,,,,,,,,,,,,,,,,,,,,,,
1911,2,176.3,30.6,,,,,,,,,,,,,,,,,,,,,,,,,,,,,,,,,,,,,,,,,,,,,,,,,,,,,,,,,,,,,,,,,,,,,,,,,,,,,,,,,,,,,,,,,2.2,2.2,2.2,2.2,1.0,0.0,14.0,0.0,27.1,27.1,27.1,27.1,1.0,0.0,14.0,0.0,4.2,4.2,4.2,4.2,1.0,0.0,14.0,0.0,51.7,51.7,51.7,51.7,1.0,0.0,14.0,0.0,191.9,191.9,191.9,191.9,1.0,0.0,14.0,0.0,0.0,0.0,0.0,0.0,1.0,0.0,14.0,0.0,104.1,104.1,104.1,104.1,1.0,0.0,14.0,0.0,0.0,0.0,0.0,0.0,1.0,0.0,14.0,0.0,51.7,51.7,51.7,51.7,1.0,0.0,14.0,0.0,0.0,0.0,0.0,0.0,1.0,0.0,14.0,0.0,1861.0,1861.0,1861.0,1861.0,2.0,0.0,20.0,0.5,1860.0,1860.0,1860.0,1860.0,2.0,0.0,20.0,0.5
1911,2,176.4,-51.1,,,,,,,,,,,,,,,,,,,,,,,,,,,,,,,,,2.92,3.6,4.28,3.6,2.0,1.41,14.0,0.5,2.92,3.6,4.28,3.6,2.0,1.41,14.0,0.5,0.0,0.0,0.0,0.0,2.0,0.0,14.0,0.5,1019.0,1019.0,1019.0,1019.0,1.0,0.0,18.0,1.0,,,,,,,,,,,,,,,,,,,,,,,,,,,,,,,,,,,,,,,,,,,,,,,,,,,,,,,,,,,,,,,,,,,,,,,,,,,,,,,,,,,,,,,,,,,,,,,,,,,,,,,,,,,,,,,,,,,,,,,,
1911,2,176.4,-49.6,,,,,,,,,,,,,,,,,,,,,,,,,,,,,,,,,3.23,4.6,6.03,4.63,3.0,2.05,20.0,0.7,2.75,3.52,4.35,3.55,3.0,1.17,20.0,0.7,-4.17,-2.96,-1.63,-2.9,3.0,1.86,20.0,0.7,1017.32,1018.0,1018.75,1018.03,3.0,1.05,20.0,0.7,,,,,,,,,,,,,,,,,,,,,,,,,,,,,,,,,,,,,,,,,,,,,,,,,,,,,,,,,,,,,,,,,,,,,,,,,,,,,,,,,,,,,,,,,,,,,,,,,,,,,,,,,,,,,,,,,,,,,,,,
1911,2,176.4,24.8,,,,,,,,,,,,,,,,,,,,,,,,,,,,,,,,,1.57,2.8,4.03,2.8,2.0,2.55,20.0,0.5,1.2,2.14,3.09,2.14,2.0,1.95,20.0,0.5,1.01,1.8,2.59,1.8,2.0,1.64,20.0,0.5,1015.8,1015.8,1015.8,1015.8,2.0,0.0,20.0,0.5,,,,,,,,,,,,,,,,,,,,,,,,,,,,,,,,,,,,,,,,,,,,,,,,,,,,,,,,,,,,,,,,,,,,,,,,,,,,,,,,,,,,,,,,,,,,,,,,,,,,,,,,,,,,,,,,,,,,,,,,
1911,2,176.4,48.6,2.07,2.2,2.93,2.49,12.0,0.75,16.0,0.3,0.0,1.4,3.58,1.63,12.0,2.04,16.0,0.3,2.84,2.92,3.1,2.97,5.0,0.15,12.0,0.4,70.7,72.6,83.3,76.6,5.0,7.8,12.0,0.4,4.09,6.7,9.3,6.75,12.0,2.48,16.0,0.3,3.03,6.14,7.29,5.72,12.0,2.32,16.0,0.3,-3.52,0.0,1.45,-0.99,12.0,3.71,16.0,0.3,992.05,1001.9,1024.01,1004.49,11.0,13.74,16.0,0.3,3.7,5.0,6.3,5.1,12.0,1.7,16.0,0.3,17.3,42.2,63.5,42.3,12.0,27.4,16.0,0.3,-28.3,0.0,9.7,-10.2,12.0,32.1,16.0,0.3,-0.73,0.8,2.35,0.87,12.0,1.88,16.0,0.3,-5.6,4.7,17.6,4.9,12.0,14.8,16.0,0.3,1.52,1.61,1.74,1.62,5.0,0.18,12.0,0.4,10.2,11.2,13.4,11.7,5.0,2.2,12.0,0.4,0.0,5.4,26.6,9.3,12.0,13.5,16.0,0.3,-10.2,0.0,3.2,-4.0,12.0,12.4,16.0,0.3,16.7,18.4,23.1,19.9,5.0,5.2,12.0,0.4,-6.9,0.0,8.6,1.0,5.0,8.4,12.0,0.4,,,,,,,,,,,,,,,,,,,,,,,,,,,,,,,,
1911,2,176.5,30.4,17.13,17.4,17.67,17.4,2.0,0.57,20.0,0.5,15.6,15.6,15.6,15.6,1.0,0.0,14.0,0.0,8.47,8.47,8.47,8.47,1.0,0.0,14.0,0.0,77.1,77.1,77.1,77.1,1.0,0.0,14.0,0.0,12.3,12.3,12.3,12.3,2.0,0.0,20.0,0.5,9.27,10.5,11.73,10.5,2.0,2.55,20.0,0.5,1.38,4.35,7.32,4.35,2.0,6.15,20.0,0.5,1012.5,1012.5,1012.5,1012.5,1.0,0.0,14.0,0.0,6.3,7.0,7.7,7.0,2.0,1.4,20.0,0.5,114.0,129.1,144.3,129.1,2.0,31.3,20.0,0.5,17.0,53.5,90.0,53.5,2.0,75.6,20.0,0.5,,,,,,,,,,,,,,,,,,,,,,,,,,,,,,,,,,,,,,,,,,,,,,,,,,,,,,,,,,,,,,,,,,,,,,,,,,,,,,,,,,,,,,,,,,,,,,,,
1911,2,176.5,48.3,,,,,,,,,,,,,,,,,,,,,,,,,,,,,,,,,,,,,,,,,,,,,,,,,,,,,,,,,,,,,,,,,,,,,,,,,,,,,,,,,,,,,,,,,,,,,,,,,,,,,,,,,,,,,,,,,,,,,,,,,,,,,,,,,,,,,,,,,,,,,,,,,,,,,,,,,9.2,10.1,12.1,10.8,5.0,2.5,12.0,0.4,-3.3,0.0,5.4,1.0,5.0,4.9,12.0,0.4,77.0,301.0,804.5,416.0,12.0,332.0,16.0,0.3,75.0,300.0,805.0,415.0,12.0,330.0,16.0,0.3
1911,2,176.6,50.1,,,,,,,,,,,,,,,,,,,,,,,,,,,,,,,,,9.3,9.3,10.4,9.9,5.0,1.34,14.0,0.4,1.92,8.7,9.16,5.4,5.0,7.05,14.0,0.4,-1.16,1.61,6.97,2.39,5.0,5.57,14.0,0.4,979.54,992.0,1000.06,989.9,4.0,12.51,16.0,0.5,,,,,,,,,,,,,,,,,,,,,,,,,,,,,,,,,,,,,,,,,,,,,,,,,,,,,,,,,,,,,,,,,,,,,,,,,,,,,,,,,,,,,,,,,,,,,,,,,,,,,,,,,,,,,,,,,,,,,,,,
1911,2,178.3,-27.3,,,,,,,,,,,,,,,,,,,,,,,,,,,,,,,,,2.6,4.6,8.72,5.08,15.0,2.85,8.0,0.5,-3.43,2.39,4.52,0.99,15.0,4.08,8.0,0.5,-1.02,1.0,5.37,1.68,15.0,3.89,8.0,0.5,1006.32,1007.0,1007.68,1007.0,3.0,1.0,4.0,0.3,,,,,,,,,,,,,,,,,,,,,,,,,,,,,,,,,,,,,,,,,,,,,,,,,,,,,,,,,,,,,,,,,,,,,,,,,,,,,,,,,,,,,,,,,,,,,,,,,,,,,,,,,,,,,,,,,,,,,,,,
1911,2,178.4,-51.4,,,,,,,,,,,,,,,,,,,,,,,,,,,,,,,,,5.6,8.0,10.87,8.23,4.0,3.33,14.0,0.0,-4.52,2.12,5.46,0.55,4.0,6.69,14.0,0.0,-8.1,-2.64,-1.53,-4.71,4.0,5.14,14.0,0.0,1012.48,1013.5,1014.52,1013.5,2.0,2.12,20.0,0.0,,,,,,,,,,,,,,,,,,,,,,,,,,,,,,,,,,,,,,,,,,,,,,,,,,,,,,,,,,,,,,,,,,,,,,,,,,,,,,,,,,,,,,,,,,,,,,,,,,,,,,,,,,,,,,,,,,,,,,,,
1911,2,178.4,24.6,,,,,,,,,,,,,,,,,,,,,,,,,,,,,,,,,4.6,4.6,4.6,4.6,2.0,0.0,18.0,0.5,-2.25,0.5,3.25,0.5,2.0,5.69,18.0,0.5,-2.36,-1.08,0.2,-1.08,2.0,2.66,18.0,0.5,1016.51,1016.75,1016.99,1016.75,2.0,0.5,18.0,0.5,,,,,,,,,,,,,,,,,,,,,,,,,,,,,,,,,,,,,,,,,,,,,,,,,,,,,,,,,,,,,,,,,,,,,,,,,,,,,,,,,,,,,,,,,,,,,,,,,,,,,,,,,,,,,,,,,,,,,,,,
1911,2,178.4,30.3,15.9,18.05,19.65,17.93,6.0,2.13,20.0,0.3,16.66,16.85,18.17,17.43,6.0,1.33,20.0,0.3,8.08,8.09,9.68,8.86,3.0,1.35,14.0,0.7,68.6,68.6,70.9,69.7,3.0,2.0,14.0,0.7,8.76,10.8,12.3,10.37,6.0,2.32,20.0,0.3,6.2,9.07,12.3,9.01,6.0,3.41,20.0,0.3,0.0,4.47,6.58,3.68,6.0,3.01,20.0,0.3,1011.56,1013.2,1014.84,1013.2,3.0,2.4,14.0,0.7,5.4,7.0,8.0,6.5,6.0,2.0,20.0,0.3,55.1,101.7,151.3,99.8,6.0,54.3,20.0,0.3,0.0,41.7,61.2,34.3,6.0,28.7,20.0,0.3,-1.0,-0.2,2.7,0.5,6.0,1.81,20.0,0.3,-9.3,0.3,33.2,8.1,6.0,20.4,20.0,0.3,5.05,5.93,5.94,5.5,3.0,0.75,14.0,0.7,62.1,72.9,73.0,67.7,3.0,9.2,14.0,0.7,104.9,160.9,210.7,158.1,6.0,63.4,20.0,0.3,0.0,81.2,112.7,65.1,6.0,52.6,20.0,0.3,99.4,99.6,113.8,106.4,3.0,12.1,14.0,0.7,0.0,0.0,29.9,14.6,3.0,25.3,14.0,0.7,59.8,72.9,73.0,66.6,3.0,11.2,14.0,0.7,0.0,0.0,13.3,6.5,3.0,11.3,14.0,0.7,700.5,1332.5,1861.0,1248.5,6.0,695.5,20.0,0.3,700.0,1335.0,1860.0,1250.0,6.0,695.0,20.0,0.3
1911,2,178.5,48.5,,,,,,,,,,,,,,,,,,,,,,,,,,,,,,,,,,,,,,,,,,,,,,,,,,,,,,,,,,,,,,,,,,,,,,,,,,,,,,,,,,,,,,,,,,,,,,,,,,,,,,,,,,,,,,,,,,,,,,,,,,,,,,,,,,,,,,,,,,,,,,,,,,,,,,,,,6.5,13.0,16.0,11.4,5.0,5.4,14.0,0.4,-1.6,0.0,2.5,0.2,5.0,2.9,14.0,0.4,81.0,552.5,804.5,471.5,6.0,376.0,16.0,0.3,80.0,555.0,805.0,470.0,6.0,375.0,16.0,0.3
1911,2,178.5,48.6,2.2,2.5,3.3,2.67,6.0,0.54,16.0,0.3,-0.35,0.85,1.7,0.57,6.0,1.29,16.0,0.3,2.86,3.08,3.15,3.01,5.0,0.19,14.0,0.4,71.9,79.7,80.1,76.7,5.0,4.6,14.0,0.4,4.19,8.0,9.3,6.97,6.0,2.87,16.0,0.3,3.94,7.73,9.3,6.71,6.0,3.15,16.0,0.3,-0.41,0.4,1.75,0.45,6.0,1.5,16.0,0.3,994.4,999.8,1006.57,1001.52,6.0,11.3,16.0,0.3,4.8,6.0,7.2,6.0,6.0,1.4,16.0,0.3,17.4,63.7,86.5,54.3,6.0,36.8,16.0,0.3,-1.1,1.8,15.1,4.8,6.0,8.5,16.0,0.3,1.37,1.65,2.78,2.1,6.0,1.53,16.0,0.3,9.0,13.9,16.8,12.9,6.0,6.1,16.0,0.3,1.38,1.71,1.9,1.67,5.0,0.34,14.0,0.4,7.6,13.2,16.0,11.9,5.0,4.6,14.0,0.4,-0.6,5.7,11.4,5.8,6.0,6.9,16.0,0.3,0.0,0.7,1.8,1.0,6.0,1.3,16.0,0.3,14.4,27.2,28.6,21.8,5.0,10.3,14.0,0.4,-2.0,0.0,5.8,1.4,5.0,5.0,14.0,0.4,,,,,,,,,,,,,,,,,,,,,,,,,,,,,,,,
1911,2,178.6,50.1,,,,,,,,,,,,,,,,,,,,,,,,,,,,,,,,,4.83,6.7,9.3,8.11,8.0,4.93,12.0,0.4,0.22,4.38,8.51,4.42,8.0,3.63,12.0,0.4,-4.44,0.81,4.01,1.47,8.0,7.84,12.0,0.4,996.1,997.1,999.12,997.54,7.0,1.54,14.0,0.4,,,,,,,,,,,,,,,,,,,,,,,,,,,,,,,,,,,,,,,,,,,,,,,,,,,,,,,,,,,,,,,,,,,,,,,,,,,,,,,,,,,,,,,,,,,,,,,,,,,,,,,,,,,,,,,,,,,,,,,,
