Year,Month,Longitude,Latitude,Ss1,Ss3,Ss5,Sm,Sn,Ss,Sd,Sht,Sx,Sy,As1,As3,As5,Am,An,As,Ad,Aht,Ax,Ay,Qs1,Qs3,Qs5,Qm,Qn,Qs,Qd,Qht,Qx,Qy,Rs1,Rs3,Rs5,Rm,Rn,Rs,Rd,Rht,Ry,Ws1,Ws3,Ws5,Wm,Wn,Ws,Wd,Wht,Wx,Wy,Us1,Us3,Us5,Um,Un,Us,Ud,Uht,Ux,Uy,Vs1,Vs3,Vs5,Vm,Vn,Vs,Vd,Vht,Vx,Vy,Ps1,Ps3,Ps5,Pm,Pn,Ps,Pd,Pht,Px,Py,Cs1,Cs3,Cs5,Cm,Cn,Cs,Cd,Cht,Cx,Cy,Xs1,Xs3,Xs5,Xm,Xn,Xs,Xd,Xht,Xx,Xy,Ys1,Ys3,Ys5,Ym,Yn,Ys,Yd,Yht,Yx,Yy,Ds1,Ds3,Ds5,Dm,Dn,Ds,Dd,Dht,Dx,Dy,Es1,Es3,Es5,Em,En,Es,Ed,Eht,Ex,Ey,Fs1,Fs3,Fs5,Fm,Fn,Fs,Fd,Fht,Fx,Fy,Gs1,Gs3,Gs5,Gm,Gn,Gs,Gd,Ght,Gx,Gy,Is1,Is3,Is5,Im,In,Is,Id,Iht,Ix,Iy,Js1,Js3,Js5,Jm,Jn,Js,Jd,Jht,Jx,Jy,Ks1,Ks3,Ks5,Km,Kn,Ks,Kd,Kht,Kx,Ky,Ls1,Ls3,Ls5,Lm,Ln,Ls,Ld,Lht,Lx,Ly,Ms1,Ms3,Ms5,Mm,Mn,Ms,Md,Mht,Mx,My,Ns1,Ns3,Ns5,Nm,Nn,Ns,Nd,Nht,Nx,Ny,B1s1,B1s3,B1s5,B1m,B1n,B1s,B1d,B1ht,B1x,B1y,B2s1,B2s3,B2s5,B2m,B2n,B2s,B2d,B2ht,B2x,B2y
1895,12,0.0,-42.0,,,,,,,,,,,,,,,,,,,,,,,,,,,,,,,,,,,,,,,,12.16,19.0,22.6,18.2,7,5.38,16,0.4,0.3,0.7,4.75,17.49,20.89,13.89,7,8.35,16,0.4,0.3,0.7,-8.69,7.42,9.25,3.26,7,10.4,16,0.4,0.3,0.7,1004.3,1007.45,1014.13,1008.55,6,5.25,16,0.3,0.3,0.8,,,,,,,,,,,,,,,,,,,,,,,,,,,,,,,,,,,,,,,,,,,,,,,,,,,,,,,,,,,,,,,,,,,,,,,,,,,,,,,,,,,,,,,,,,,,,,,,,,,,,,,,,,,,,,,,,,,,,,,,,,,,,,,,,,,,,,,,,,,,,,,,,,,,,,
1895,12,0.0,-40.0,,,,,,,,,,,,,,,,,,,,,,,,,,,,,,,,,,,,,,,,1.0,9.3,13.09,9.08,12,5.81,24,0.6,0.2,0.6,-1.91,0.0,5.15,0.64,12,3.91,24,0.6,0.2,0.6,-9.3,0.0,12.78,1.49,12,10.27,24,0.6,0.2,0.6,1011.15,1019.5,1020.42,1016.36,7,4.88,20,0.6,0.3,0.7,,,,,,,,,,,,,,,,,,,,,,,,,,,,,,,,,,,,,,,,,,,,,,,,,,,,,,,,,,,,,,,,,,,,,,,,,,,,,,,,,,,,,,,,,,,,,,,,,,,,,,,,,,,,,,,,,,,,,,,,,,,,,,,,,,,,,,,,,,,,,,,,,,,,,,
1895,12,0.0,-38.0,,,,,,,,,,,,,,,,,,,,,,,,,,,,,,,,,,,,,,,,19.0,19.0,19.0,19.0,1,0.0,24,1.0,0.0,0.5,13.44,13.44,13.44,13.44,1,0.0,24,1.0,0.0,0.5,13.44,13.44,13.44,13.44,1,0.0,24,1.0,0.0,0.5,1018.0,1018.0,1018.0,1018.0,1,0.0,24,1.0,0.0,0.5,,,,,,,,,,,,,,,,,,,,,,,,,,,,,,,,,,,,,,,,,,,,,,,,,,,,,,,,,,,,,,,,,,,,,,,,,,,,,,,,,,,,,,,,,,,,,,,,,,,,,,,,,,,,,,,,,,,,,,,,,,,,,,,,,,,,,,,,,,,,,,,,,,,,,,
1895,12,0.0,36.0,,,,,,,,,,,,,,,,,,,,,,,,,,,,,,,,,,,,,,,,5.85,10.8,15.4,10.28,6,5.08,24,0.5,0.6,0.3,5.39,10.35,14.51,9.82,6,4.95,24,0.5,0.6,0.3,-1.35,0.0,4.85,1.12,6,3.31,24,0.5,0.6,0.3,997.58,998.6,1000.03,998.8,3,1.81,18,0.7,0.6,0.3,,,,,,,,,,,,,,,,,,,,,,,,,,,,,,,,,,,,,,,,,,,,,,,,,,,,,,,,,,,,,,,,,,,,,,,,,,,,,,,,,,,,,,,,,,,,,,,,,,,,,,,,,,,,,,,,,,,,,,,,,,,,,,,,,,,,,,,,,,,,,,,,,,,,,,
1895,12,0.0,38.0,,,,,,,,,,,,,,,,,,,,,,,,,,,,,,,,,,,,,,,,1.46,4.6,8.56,4.89,28,3.23,16,0.5,0.5,0.5,-2.41,1.21,6.7,2.05,28,4.5,16,0.5,0.5,0.5,-3.63,-0.95,0.51,-1.2,28,3.03,16,0.5,0.5,0.5,1005.93,1016.4,1025.19,1014.61,28,9.58,16,0.5,0.5,0.5,,,,,,,,,,,,,,,,,,,,,,,,,,,,,,,,,,,,,,,,,,,,,,,,,,,,,,,,,,,,,,,,,,,,,,,,,,,,,,,,,,,,,,,,,,,,,,,,,,,,,,,,,,,,,,,,,,,,,,,,,,,,,,,,,,,,,,,,,,,,,,,,,,,,,,
1895,12,0.0,40.0,,,,,,,,,,,,,,,,,,,,,,,,,,,,,,,,,,,,,,,,2.79,6.65,10.51,6.65,2,7.99,2,1.0,0.8,0.3,-7.43,-4.7,-1.98,-4.7,2,5.65,2,1.0,0.8,0.3,1.98,4.7,7.43,4.7,2,5.65,2,1.0,0.8,0.3,1012.47,1015.2,1017.93,1015.2,2,5.66,2,1.0,0.8,0.3,,,,,,,,,,,,,,,,,,,,,,,,,,,,,,,,,,,,,,,,,,,,,,,,,,,,,,,,,,,,,,,,,,,,,,,,,,,,,,,,,,,,,,,,,,,,,,,,,,,,,,,,,,,,,,,,,,,,,,,,,,,,,,,,,,,,,,,,,,,,,,,,,,,,,,
1895,12,2.0,-42.0,,,,,,,,,,,,,,,,,,,,,,,,,,,,,,,,,,,,,,,,6.7,13.85,15.4,11.78,14,6.04,22,0.5,0.4,0.6,2.62,6.02,14.0,8.15,14,5.92,22,0.5,0.4,0.6,-8.66,-2.4,7.34,-1.49,14,8.77,22,0.5,0.4,0.6,996.49,1009.5,1010.44,1005.91,8,6.99,18,0.6,0.4,0.6,,,,,,,,,,,,,,,,,,,,,,,,,,,,,,,,,,,,,,,,,,,,,,,,,,,,,,,,,,,,,,,,,,,,,,,,,,,,,,,,,,,,,,,,,,,,,,,,,,,,,,,,,,,,,,,,,,,,,,,,,,,,,,,,,,,,,,,,,,,,,,,,,,,,,,
1895,12,2.0,-40.0,,,,,,,,,,,,,,,,,,,,,,,,,,,,,,,,,,,,,,,,5.83,9.3,13.58,9.68,11,4.43,22,0.4,0.3,0.8,-3.52,3.48,5.42,1.78,11,4.48,22,0.4,0.3,0.8,-8.62,6.17,12.5,3.5,11,9.26,22,0.4,0.3,0.8,1017.4,1020.2,1021.13,1019.28,11,2.42,22,0.4,0.3,0.8,,,,,,,,,,,,,,,,,,,,,,,,,,,,,,,,,,,,,,,,,,,,,,,,,,,,,,,,,,,,,,,,,,,,,,,,,,,,,,,,,,,,,,,,,,,,,,,,,,,,,,,,,,,,,,,,,,,,,,,,,,,,,,,,,,,,,,,,,,,,,,,,,,,,,,
1895,12,2.0,36.0,,,,,,,,,,,,,,,,,,,,,,,,,,,,,,,,,,,,,,,,10.25,12.3,13.43,11.8,5,3.15,24,0.4,0.6,0.6,9.63,11.4,12.86,11.25,5,3.08,24,0.4,0.6,0.6,-1.76,0.0,4.61,0.88,5,3.93,24,0.4,0.6,0.6,1000.79,1001.2,1001.61,1001.2,2,0.85,20,0.0,0.5,0.8,,,,,,,,,,,,,,,,,,,,,,,,,,,,,,,,,,,,,,,,,,,,,,,,,,,,,,,,,,,,,,,,,,,,,,,,,,,,,,,,,,,,,,,,,,,,,,,,,,,,,,,,,,,,,,,,,,,,,,,,,,,,,,,,,,,,,,,,,,,,,,,,,,,,,,
1895,12,2.0,38.0,,,,,,,,,,,,,,,,,,,,,,,,,,,,,,,,,,,,,,,,1.76,3.6,5.7,3.73,4,2.47,22,0.5,0.2,0.8,0.13,1.39,4.37,2.21,4,3.16,22,0.5,0.2,0.8,-1.63,-0.38,2.22,0.26,4,2.83,22,0.5,0.2,0.8,1010.19,1017.85,1023.62,1016.95,4,9.22,22,0.5,0.2,0.8,,,,,,,,,,,,,,,,,,,,,,,,,,,,,,,,,,,,,,,,,,,,,,,,,,,,,,,,,,,,,,,,,,,,,,,,,,,,,,,,,,,,,,,,,,,,,,,,,,,,,,,,,,,,,,,,,,,,,,,,,,,,,,,,,,,,,,,,,,,,,,,,,,,,,,
1895,12,2.0,40.0,,,,,,,,,,,,,,,,,,,,,,,,,,,,,,,,,,,,,,,,0.0,4.6,6.7,4.11,25,3.25,16,0.4,0.5,0.4,0.0,1.72,4.91,1.93,25,3.08,16,0.4,0.5,0.4,-4.24,0.0,2.65,-0.59,25,3.8,16,0.4,0.5,0.4,1002.8,1017.1,1024.63,1013.12,25,10.04,16,0.4,0.5,0.4,,,,,,,,,,,,,,,,,,,,,,,,,,,,,,,,,,,,,,,,,,,,,,,,,,,,,,,,,,,,,,,,,,,,,,,,,,,,,,,,,,,,,,,,,,,,,,,,,,,,,,,,,,,,,,,,,,,,,,,,,,,,,,,,,,,,,,,,,,,,,,,,,,,,,,
1895,12,2.0,42.0,,,,,,,,,,,,,,,,,,,,,,,,,,,,,,,,,,,,,,,,4.6,4.6,4.6,4.6,1,0.0,2,0.0,0.8,0.3,0.0,0.0,0.0,0.0,1,0.0,2,0.0,0.8,0.3,-4.6,-4.6,-4.6,-4.6,1,0.0,2,0.0,0.8,0.3,1019.5,1019.5,1019.5,1019.5,1,0.0,2,0.0,0.8,0.3,,,,,,,,,,,,,,,,,,,,,,,,,,,,,,,,,,,,,,,,,,,,,,,,,,,,,,,,,,,,,,,,,,,,,,,,,,,,,,,,,,,,,,,,,,,,,,,,,,,,,,,,,,,,,,,,,,,,,,,,,,,,,,,,,,,,,,,,,,,,,,,,,,,,,,
1895,12,4.0,-46.0,,,,,,,,,,,,,,,,,,,,,,,,,,,,,,,,,,,,,,,,7.11,8.0,8.89,8.0,2,1.84,22,1.0,0.8,0.8,-2.66,-0.56,1.53,-0.56,2,4.34,22,1.0,0.8,0.8,-8.19,-7.39,-6.58,-7.39,2,1.66,22,1.0,0.8,0.8,993.9,993.9,993.9,993.9,1,0.0,22,1.0,0.8,0.8,,,,,,,,,,,,,,,,,,,,,,,,,,,,,,,,,,,,,,,,,,,,,,,,,,,,,,,,,,,,,,,,,,,,,,,,,,,,,,,,,,,,,,,,,,,,,,,,,,,,,,,,,,,,,,,,,,,,,,,,,,,,,,,,,,,,,,,,,,,,,,,,,,,,,,
1895,12,4.0,-44.0,,,,,,,,,,,,,,,,,,,,,,,,,,,,,,,,,,,,,,,,8.35,19.0,20.31,15.32,5,6.9,20,0.6,0.4,0.5,1.66,8.83,18.12,9.61,5,8.58,20,0.6,0.4,0.5,-13.5,-7.12,2.25,-6.21,5,10.19,20,0.6,0.4,0.5,990.45,996.15,1001.85,996.15,2,11.81,22,0.5,0.5,0.5,,,,,,,,,,,,,,,,,,,,,,,,,,,,,,,,,,,,,,,,,,,,,,,,,,,,,,,,,,,,,,,,,,,,,,,,,,,,,,,,,,,,,,,,,,,,,,,,,,,,,,,,,,,,,,,,,,,,,,,,,,,,,,,,,,,,,,,,,,,,,,,,,,,,,,
1895,12,4.0,-42.0,,,,,,,,,,,,,,,,,,,,,,,,,,,,,,,,,,,,,,,,6.86,12.3,15.4,10.86,14,4.8,20,0.6,0.3,0.6,0.15,6.3,11.29,6.45,14,4.74,20,0.6,0.3,0.6,-8.44,4.81,10.79,1.5,14,8.96,20,0.6,0.3,0.6,1002.07,1008.55,1012.05,1007.03,12,5.48,18,0.6,0.3,0.5,,,,,,,,,,,,,,,,,,,,,,,,,,,,,,,,,,,,,,,,,,,,,,,,,,,,,,,,,,,,,,,,,,,,,,,,,,,,,,,,,,,,,,,,,,,,,,,,,,,,,,,,,,,,,,,,,,,,,,,,,,,,,,,,,,,,,,,,,,,,,,,,,,,,,,
1895,12,4.0,-40.0,,,,,,,,,,,,,,,,,,,,,,,,,,,,,,,,,,,,,,,,5.83,6.7,9.3,7.5,11,1.89,22,0.6,0.3,0.7,0.47,4.74,7.77,4.25,11,4.31,22,0.6,0.3,0.7,0.0,2.62,6.34,1.99,11,4.76,22,0.6,0.3,0.7,1018.82,1021.8,1023.19,1021.15,11,2.21,22,0.6,0.3,0.7,,,,,,,,,,,,,,,,,,,,,,,,,,,,,,,,,,,,,,,,,,,,,,,,,,,,,,,,,,,,,,,,,,,,,,,,,,,,,,,,,,,,,,,,,,,,,,,,,,,,,,,,,,,,,,,,,,,,,,,,,,,,,,,,,,,,,,,,,,,,,,,,,,,,,,
1895,12,4.0,36.0,,,,,,,,,,,,,,,,,,,,,,,,,,,,,,,,,,,,,,,,8.35,9.3,13.43,10.6,5,3.34,22,0.8,0.6,0.8,6.65,9.3,12.86,9.88,5,3.68,22,0.8,0.6,0.8,0.0,0.0,5.33,2.24,5,3.14,22,0.8,0.6,0.8,1000.72,1001.4,1001.67,1001.2,3,0.72,20,1.0,0.6,0.8,,,,,,,,,,,,,,,,,,,,,,,,,,,,,,,,,,,,,,,,,,,,,,,,,,,,,,,,,,,,,,,,,,,,,,,,,,,,,,,,,,,,,,,,,,,,,,,,,,,,,,,,,,,,,,,,,,,,,,,,,,,,,,,,,,,,,,,,,,,,,,,,,,,,,,
1895,12,4.0,40.0,,,,,,,,,,,,,,,,,,,,,,,,,,,,,,,,,,,,,,,,4.43,6.7,9.3,6.7,7,3.09,22,0.7,0.3,0.8,0.91,2.62,3.63,2.39,7,1.4,22,0.7,0.3,0.8,-3.54,6.17,8.56,2.37,7,6.84,22,0.7,0.3,0.8,1002.27,1003.9,1017.55,1009.1,7,8.02,22,0.7,0.3,0.8,,,,,,,,,,,,,,,,,,,,,,,,,,,,,,,,,,,,,,,,,,,,,,,,,,,,,,,,,,,,,,,,,,,,,,,,,,,,,,,,,,,,,,,,,,,,,,,,,,,,,,,,,,,,,,,,,,,,,,,,,,,,,,,,,,,,,,,,,,,,,,,,,,,,,,
1895,12,4.0,42.0,,,,,,,,,,,,,,,,,,,,,,,,,,,,,,,,,,,,,,,,2.6,6.7,8.31,6.22,16,2.74,14,0.6,0.6,0.3,-5.62,2.17,4.01,0.61,16,4.51,14,0.6,0.6,0.3,-6.2,-1.82,3.93,-1.12,16,5.17,14,0.6,0.6,0.3,1000.48,1015.85,1025.65,1013.06,16,11.22,14,0.6,0.6,0.3,,,,,,,,,,,,,,,,,,,,,,,,,,,,,,,,,,,,,,,,,,,,,,,,,,,,,,,,,,,,,,,,,,,,,,,,,,,,,,,,,,,,,,,,,,,,,,,,,,,,,,,,,,,,,,,,,,,,,,,,,,,,,,,,,,,,,,,,,,,,,,,,,,,,,,
1895,12,6.0,-44.0,,,,,,,,,,,,,,,,,,,,,,,,,,,,,,,,,,,,,,,,4.5,6.7,15.57,10.06,7,6.39,22,0.7,0.4,0.8,2.56,6.02,6.72,5.17,7,2.09,22,0.7,0.4,0.8,-0.68,2.51,14.44,3.49,7,10.44,22,0.7,0.4,0.8,1006.28,1008.1,1012.6,1009.64,5,5.52,24,0.8,0.5,0.9,,,,,,,,,,,,,,,,,,,,,,,,,,,,,,,,,,,,,,,,,,,,,,,,,,,,,,,,,,,,,,,,,,,,,,,,,,,,,,,,,,,,,,,,,,,,,,,,,,,,,,,,,,,,,,,,,,,,,,,,,,,,,,,,,,,,,,,,,,,,,,,,,,,,,,
1895,12,6.0,-42.0,,,,,,,,,,,,,,,,,,,,,,,,,,,,,,,,,,,,,,,,4.6,9.3,12.3,8.21,9,3.62,20,0.6,0.3,0.8,4.23,6.58,10.61,6.83,9,2.98,20,0.6,0.3,0.8,1.8,4.81,6.58,4.29,9,2.63,20,0.6,0.3,0.8,1007.92,1017.3,1019.87,1014.77,9,5.66,20,0.6,0.3,0.8,,,,,,,,,,,,,,,,,,,,,,,,,,,,,,,,,,,,,,,,,,,,,,,,,,,,,,,,,,,,,,,,,,,,,,,,,,,,,,,,,,,,,,,,,,,,,,,,,,,,,,,,,,,,,,,,,,,,,,,,,,,,,,,,,,,,,,,,,,,,,,,,,,,,,,
1895,12,6.0,-40.0,,,,,,,,,,,,,,,,,,,,,,,,,,,,,,,,,,,,,,,,3.46,4.6,8.19,5.35,10,2.38,20,0.5,0.4,0.6,-3.07,1.14,4.6,0.57,10,4.22,20,0.5,0.4,0.6,0.0,1.71,6.42,2.81,10,3.24,20,0.5,0.4,0.6,1021.14,1021.9,1025.59,1022.64,10,2.42,20,0.5,0.4,0.6,,,,,,,,,,,,,,,,,,,,,,,,,,,,,,,,,,,,,,,,,,,,,,,,,,,,,,,,,,,,,,,,,,,,,,,,,,,,,,,,,,,,,,,,,,,,,,,,,,,,,,,,,,,,,,,,,,,,,,,,,,,,,,,,,,,,,,,,,,,,,,,,,,,,,,
1895,12,6.0,-38.0,,,,,,,,,,,,,,,,,,,,,,,,,,,,,,,,,,,,,,,,0.0,0.0,0.68,0.33,3,0.58,16,0.0,0.8,0.3,0.0,0.0,0.0,0.0,3,0.0,16,0.0,0.8,0.3,-0.68,0.0,0.0,-0.33,3,0.58,16,0.0,0.8,0.3,1014.06,1017.0,1018.77,1016.43,3,3.48,16,0.0,0.8,0.3,,,,,,,,,,,,,,,,,,,,,,,,,,,,,,,,,,,,,,,,,,,,,,,,,,,,,,,,,,,,,,,,,,,,,,,,,,,,,,,,,,,,,,,,,,,,,,,,,,,,,,,,,,,,,,,,,,,,,,,,,,,,,,,,,,,,,,,,,,,,,,,,,,,,,,
1895,12,6.0,36.0,,,,,,,,,,,,,,,,,,,,,,,,,,,,,,,,,,,,,,,,5.2,6.7,10.4,7.52,5,3.59,24,0.2,0.5,0.8,4.86,6.7,10.04,7.22,5,3.31,24,0.2,0.5,0.8,-3.42,0.0,0.0,-1.48,5,2.18,24,0.2,0.5,0.8,1004.68,1004.85,1005.02,1004.85,2,0.35,20,0.0,0.5,0.8,,,,,,,,,,,,,,,,,,,,,,,,,,,,,,,,,,,,,,,,,,,,,,,,,,,,,,,,,,,,,,,,,,,,,,,,,,,,,,,,,,,,,,,,,,,,,,,,,,,,,,,,,,,,,,,,,,,,,,,,,,,,,,,,,,,,,,,,,,,,,,,,,,,,,,
1895,12,6.0,40.0,,,,,,,,,,,,,,,,,,,,,,,,,,,,,,,,,,,,,,,,6.31,10.0,13.69,10.0,2,7.64,24,0.5,0.8,0.8,5.6,7.74,9.89,7.74,2,4.45,24,0.5,0.8,0.8,-9.16,-5.44,-1.73,-5.44,2,7.7,24,0.5,0.8,0.8,1002.29,1006.35,1010.41,1006.35,2,8.41,24,0.5,0.8,0.8,,,,,,,,,,,,,,,,,,,,,,,,,,,,,,,,,,,,,,,,,,,,,,,,,,,,,,,,,,,,,,,,,,,,,,,,,,,,,,,,,,,,,,,,,,,,,,,,,,,,,,,,,,,,,,,,,,,,,,,,,,,,,,,,,,,,,,,,,,,,,,,,,,,,,,
1895,12,6.0,42.0,,,,,,,,,,,,,,,,,,,,,,,,,,,,,,,,,,,,,,,,1.0,4.6,15.35,7.22,20,6.86,18,0.4,0.4,0.4,-1.71,1.27,11.28,3.28,20,7.61,18,0.4,0.4,0.4,-7.38,-0.54,0.0,-1.47,20,5.51,18,0.4,0.4,0.4,1000.65,1011.9,1021.34,1011.49,20,8.84,18,0.4,0.4,0.4,,,,,,,,,,,,,,,,,,,,,,,,,,,,,,,,,,,,,,,,,,,,,,,,,,,,,,,,,,,,,,,,,,,,,,,,,,,,,,,,,,,,,,,,,,,,,,,,,,,,,,,,,,,,,,,,,,,,,,,,,,,,,,,,,,,,,,,,,,,,,,,,,,,,,,
1895,12,8.0,-44.0,,,,,,,,,,,,,,,,,,,,,,,,,,,,,,,,,,,,,,,,7.81,12.3,15.4,11.97,10,4.49,22,0.6,0.3,0.7,5.21,7.0,9.95,7.9,10,3.27,22,0.6,0.3,0.7,-9.6,0.0,9.95,-0.01,10,9.96,22,0.6,0.3,0.7,1007.05,1013.7,1015.9,1011.73,7,5.2,24,0.4,0.4,0.8,,,,,,,,,,,,,,,,,,,,,,,,,,,,,,,,,,,,,,,,,,,,,,,,,,,,,,,,,,,,,,,,,,,,,,,,,,,,,,,,,,,,,,,,,,,,,,,,,,,,,,,,,,,,,,,,,,,,,,,,,,,,,,,,,,,,,,,,,,,,,,,,,,,,,,
1895,12,8.0,-42.0,,,,,,,,,,,,,,,,,,,,,,,,,,,,,,,,,,,,,,,,6.27,9.5,12.94,9.67,6,4.24,16,0.5,0.3,1.0,5.77,7.43,9.15,7.48,6,2.39,16,0.5,0.3,1.0,2.45,5.66,9.15,5.89,6,3.97,16,0.5,0.3,1.0,1005.05,1013.2,1020.72,1012.88,6,8.28,16,0.5,0.3,1.0,,,,,,,,,,,,,,,,,,,,,,,,,,,,,,,,,,,,,,,,,,,,,,,,,,,,,,,,,,,,,,,,,,,,,,,,,,,,,,,,,,,,,,,,,,,,,,,,,,,,,,,,,,,,,,,,,,,,,,,,,,,,,,,,,,,,,,,,,,,,,,,,,,,,,,
1895,12,8.0,-40.0,,,,,,,,,,,,,,,,,,,,,,,,,,,,,,,,,,,,,,,,6.7,6.7,8.47,7.57,3,1.5,28,0.3,0.2,0.5,5.21,6.21,6.46,5.84,3,0.97,28,0.3,0.2,0.5,-5.99,-4.74,-3.22,-4.61,3,2.04,28,0.3,0.2,0.5,1021.65,1022.2,1022.47,1022.07,3,0.61,28,0.3,0.2,0.5,,,,,,,,,,,,,,,,,,,,,,,,,,,,,,,,,,,,,,,,,,,,,,,,,,,,,,,,,,,,,,,,,,,,,,,,,,,,,,,,,,,,,,,,,,,,,,,,,,,,,,,,,,,,,,,,,,,,,,,,,,,,,,,,,,,,,,,,,,,,,,,,,,,,,,
1895,12,8.0,-38.0,,,,,,,,,,,,,,,,,,,,,,,,,,,,,,,,,,,,,,,,3.55,5.65,9.63,6.55,4,4.18,16,0.8,0.4,0.3,2.02,4.49,6.81,4.42,4,3.56,16,0.8,0.4,0.3,-3.72,-2.2,3.7,-0.11,4,6.0,16,0.8,0.4,0.3,1010.8,1010.8,1010.8,1010.8,1,0.0,16,1.0,0.3,0.3,,,,,,,,,,,,,,,,,,,,,,,,,,,,,,,,,,,,,,,,,,,,,,,,,,,,,,,,,,,,,,,,,,,,,,,,,,,,,,,,,,,,,,,,,,,,,,,,,,,,,,,,,,,,,,,,,,,,,,,,,,,,,,,,,,,,,,,,,,,,,,,,,,,,,,
1895,12,8.0,36.0,,,,,,,,,,,,,,,,,,,,,,,,,,,,,,,,,,,,,,,,6.7,9.3,10.4,8.86,5,2.32,24,0.6,0.6,0.8,6.17,8.7,9.3,7.93,5,1.62,24,0.6,0.6,0.8,-2.62,0.0,3.18,0.69,5,4.66,24,0.6,0.6,0.8,1004.26,1004.4,1004.54,1004.4,2,0.28,20,0.5,0.5,0.8,,,,,,,,,,,,,,,,,,,,,,,,,,,,,,,,,,,,,,,,,,,,,,,,,,,,,,,,,,,,,,,,,,,,,,,,,,,,,,,,,,,,,,,,,,,,,,,,,,,,,,,,,,,,,,,,,,,,,,,,,,,,,,,,,,,,,,,,,,,,,,,,,,,,,,
1895,12,8.0,40.0,,,,,,,,,,,,,,,,,,,,,,,,,,,,,,,,,,,,,,,,1.97,9.3,12.3,8.17,9,5.26,18,0.3,0.5,0.8,0.27,3.63,11.33,5.49,9,5.76,18,0.3,0.5,0.8,-8.07,0.0,3.12,-1.23,9,5.82,18,0.3,0.5,0.8,1000.7,1002.1,1016.48,1008.69,9,9.33,18,0.3,0.5,0.8,,,,,,,,,,,,,,,,,,,,,,,,,,,,,,,,,,,,,,,,,,,,,,,,,,,,,,,,,,,,,,,,,,,,,,,,,,,,,,,,,,,,,,,,,,,,,,,,,,,,,,,,,,,,,,,,,,,,,,,,,,,,,,,,,,,,,,,,,,,,,,,,,,,,,,
1895,12,8.0,42.0,,,,,,,,,,,,,,,,,,,,,,,,,,,,,,,,,,,,,,,,1.11,2.6,6.7,3.87,10,3.73,18,0.3,0.5,0.7,0.0,0.92,3.73,1.84,10,4.41,18,0.3,0.5,0.7,-1.84,0.0,3.82,0.48,10,2.66,18,0.3,0.5,0.7,1009.69,1013.55,1015.51,1012.67,10,3.53,18,0.3,0.5,0.7,,,,,,,,,,,,,,,,,,,,,,,,,,,,,,,,,,,,,,,,,,,,,,,,,,,,,,,,,,,,,,,,,,,,,,,,,,,,,,,,,,,,,,,,,,,,,,,,,,,,,,,,,,,,,,,,,,,,,,,,,,,,,,,,,,,,,,,,,,,,,,,,,,,,,,
1895,12,10.0,-46.0,,,,,,,,,,,,,,,,,,,,,,,,,,,,,,,,,,,,,,,,0.0,2.6,3.01,2.07,6,1.78,22,0.7,0.5,0.8,0.0,2.4,3.01,2.0,6,1.76,22,0.7,0.5,0.8,-0.21,0.0,0.2,-0.01,6,0.63,22,0.7,0.5,0.8,997.93,1001.4,1005.29,1001.6,4,4.29,22,0.5,0.6,0.8,,,,,,,,,,,,,,,,,,,,,,,,,,,,,,,,,,,,,,,,,,,,,,,,,,,,,,,,,,,,,,,,,,,,,,,,,,,,,,,,,,,,,,,,,,,,,,,,,,,,,,,,,,,,,,,,,,,,,,,,,,,,,,,,,,,,,,,,,,,,,,,,,,,,,,
1895,12,10.0,-44.0,,,,,,,,,,,,,,,,,,,,,,,,,,,,,,,,,,,,,,,,7.81,10.8,15.4,11.31,10,4.03,24,0.4,0.3,0.6,3.81,6.09,11.7,6.75,10,5.26,24,0.4,0.3,0.6,-12.77,-7.57,-0.77,-6.74,10,5.45,24,0.4,0.3,0.6,1008.59,1015.3,1016.59,1013.44,8,3.82,24,0.5,0.3,0.6,,,,,,,,,,,,,,,,,,,,,,,,,,,,,,,,,,,,,,,,,,,,,,,,,,,,,,,,,,,,,,,,,,,,,,,,,,,,,,,,,,,,,,,,,,,,,,,,,,,,,,,,,,,,,,,,,,,,,,,,,,,,,,,,,,,,,,,,,,,,,,,,,,,,,,
1895,12,10.0,-42.0,,,,,,,,,,,,,,,,,,,,,,,,,,,,,,,,,,,,,,,,6.7,9.3,15.4,10.7,5,4.42,18,0.8,0.2,1.0,6.51,9.3,10.89,8.79,5,2.25,18,0.8,0.2,1.0,0.0,2.62,10.89,4.88,5,5.59,18,0.8,0.2,1.0,1003.39,1019.5,1019.97,1013.18,5,9.13,18,0.8,0.2,1.0,,,,,,,,,,,,,,,,,,,,,,,,,,,,,,,,,,,,,,,,,,,,,,,,,,,,,,,,,,,,,,,,,,,,,,,,,,,,,,,,,,,,,,,,,,,,,,,,,,,,,,,,,,,,,,,,,,,,,,,,,,,,,,,,,,,,,,,,,,,,,,,,,,,,,,
1895,12,10.0,-40.0,,,,,,,,,,,,,,,,,,,,,,,,,,,,,,,,,,,,,,,,9.3,9.3,9.3,9.3,3,0.0,28,0.7,0.3,0.5,6.58,6.58,8.44,7.48,3,1.57,28,0.7,0.3,0.5,-6.58,-6.58,-2.09,-4.38,3,3.8,28,0.7,0.3,0.5,1020.44,1021.4,1021.74,1021.1,3,0.98,28,0.7,0.3,0.5,,,,,,,,,,,,,,,,,,,,,,,,,,,,,,,,,,,,,,,,,,,,,,,,,,,,,,,,,,,,,,,,,,,,,,,,,,,,,,,,,,,,,,,,,,,,,,,,,,,,,,,,,,,,,,,,,,,,,,,,,,,,,,,,,,,,,,,,,,,,,,,,,,,,,,
1895,12,10.0,-38.0,,,,,,,,,,,,,,,,,,,,,,,,,,,,,,,,,,,,,,,,12.3,12.3,14.42,13.33,3,1.79,16,0.3,0.4,0.3,11.05,11.4,11.4,11.23,3,0.3,16,0.3,0.4,0.3,4.61,4.61,8.9,6.7,3,3.63,16,0.3,0.4,0.3,1007.26,1007.6,1009.17,1008.2,3,1.49,16,0.3,0.4,0.3,,,,,,,,,,,,,,,,,,,,,,,,,,,,,,,,,,,,,,,,,,,,,,,,,,,,,,,,,,,,,,,,,,,,,,,,,,,,,,,,,,,,,,,,,,,,,,,,,,,,,,,,,,,,,,,,,,,,,,,,,,,,,,,,,,,,,,,,,,,,,,,,,,,,,,
1895,12,10.0,-6.0,,,,,,,,,,,,,,,,,,,,,,,,,,,,,,,,,,,,,,,,0.0,0.5,1.0,0.5,8,0.53,28,0.4,0.7,0.5,-0.63,0.0,0.63,0.0,8,0.53,28,0.4,0.7,0.5,0.0,0.35,0.71,0.35,8,0.38,28,0.4,0.7,0.5,1011.0,1012.05,1013.47,1012.16,8,1.08,28,0.4,0.7,0.5,,,,,,,,,,,,,,,,,,,,,,,,,,,,,,,,,,,,,,,,,,,,,,,,,,,,,,,,,,,,,,,,,,,,,,,,,,,,,,,,,,,,,,,,,,,,,,,,,,,,,,,,,,,,,,,,,,,,,,,,,,,,,,,,,,,,,,,,,,,,,,,,,,,,,,
1895,12,10.0,36.0,,,,,,,,,,,,,,,,,,,,,,,,,,,,,,,,,,,,,,,,5.2,9.3,12.3,8.64,5,4.11,22,0.4,0.6,0.6,4.29,8.62,11.4,7.72,5,4.34,22,0.4,0.6,0.6,0.56,3.48,4.61,2.49,5,3.0,22,0.4,0.6,0.6,1003.3,1003.5,1004.87,1004.07,3,1.25,20,0.7,0.6,0.6,,,,,,,,,,,,,,,,,,,,,,,,,,,,,,,,,,,,,,,,,,,,,,,,,,,,,,,,,,,,,,,,,,,,,,,,,,,,,,,,,,,,,,,,,,,,,,,,,,,,,,,,,,,,,,,,,,,,,,,,,,,,,,,,,,,,,,,,,,,,,,,,,,,,,,
1895,12,10.0,40.0,,,,,,,,,,,,,,,,,,,,,,,,,,,,,,,,,,,,,,,,1.0,4.6,6.7,4.31,16,2.97,18,0.8,0.5,0.5,-1.07,0.5,5.39,1.98,16,3.59,18,0.8,0.5,0.5,-2.4,0.0,3.88,0.75,16,3.3,18,0.8,0.5,0.5,1004.22,1011.6,1018.47,1011.84,15,7.77,18,0.8,0.6,0.5,,,,,,,,,,,,,,,,,,,,,,,,,,,,,,,,,,,,,,,,,,,,,,,,,,,,,,,,,,,,,,,,,,,,,,,,,,,,,,,,,,,,,,,,,,,,,,,,,,,,,,,,,,,,,,,,,,,,,,,,,,,,,,,,,,,,,,,,,,,,,,,,,,,,,,
1895,12,10.0,42.0,,,,,,,,,,,,,,,,,,,,,,,,,,,,,,,,,,,,,,,,2.6,3.6,4.6,3.6,6,1.1,20,0.2,0.3,0.3,-1.81,-1.35,2.73,-0.08,6,2.36,20,0.2,0.3,0.3,-2.33,1.21,3.46,0.64,6,3.27,20,0.2,0.3,0.3,1011.07,1012.1,1015.6,1013.38,6,3.61,20,0.2,0.3,0.3,,,,,,,,,,,,,,,,,,,,,,,,,,,,,,,,,,,,,,,,,,,,,,,,,,,,,,,,,,,,,,,,,,,,,,,,,,,,,,,,,,,,,,,,,,,,,,,,,,,,,,,,,,,,,,,,,,,,,,,,,,,,,,,,,,,,,,,,,,,,,,,,,,,,,,
1895,12,12.0,-46.0,,,,,,,,,,,,,,,,,,,,,,,,,,,,,,,,,,,,,,,,1.46,4.6,6.03,3.77,3,3.43,24,0.3,0.4,0.8,-2.89,0.0,0.0,-1.41,3,2.44,24,0.3,0.4,0.8,0.57,1.8,5.14,2.83,3,3.47,24,0.3,0.4,0.8,1001.08,1001.9,1002.72,1001.9,2,1.7,24,0.0,0.3,0.8,,,,,,,,,,,,,,,,,,,,,,,,,,,,,,,,,,,,,,,,,,,,,,,,,,,,,,,,,,,,,,,,,,,,,,,,,,,,,,,,,,,,,,,,,,,,,,,,,,,,,,,,,,,,,,,,,,,,,,,,,,,,,,,,,,,,,,,,,,,,,,,,,,,,,,
1895,12,12.0,-44.0,,,,,,,,,,,,,,,,,,,,,,,,,,,,,,,,,,,,,,,,10.94,15.4,21.63,16.16,9,5.45,24,0.7,0.3,0.5,1.28,9.3,15.98,9.31,9,6.94,24,0.7,0.3,0.5,-15.82,-5.77,5.42,-5.74,9,11.85,24,0.7,0.3,0.5,1008.12,1011.7,1015.8,1011.61,7,3.88,24,0.7,0.3,0.5,,,,,,,,,,,,,,,,,,,,,,,,,,,,,,,,,,,,,,,,,,,,,,,,,,,,,,,,,,,,,,,,,,,,,,,,,,,,,,,,,,,,,,,,,,,,,,,,,,,,,,,,,,,,,,,,,,,,,,,,,,,,,,,,,,,,,,,,,,,,,,,,,,,,,,
1895,12,12.0,-42.0,,,,,,,,,,,,,,,,,,,,,,,,,,,,,,,,,,,,,,,,8.76,13.85,15.4,12.42,6,3.72,20,0.2,0.3,0.9,5.32,10.09,11.59,8.68,6,4.91,20,0.2,0.3,0.9,-7.12,0.0,10.89,0.62,6,9.16,20,0.2,0.3,0.9,1004.47,1018.6,1019.3,1014.2,6,7.98,20,0.2,0.3,0.9,,,,,,,,,,,,,,,,,,,,,,,,,,,,,,,,,,,,,,,,,,,,,,,,,,,,,,,,,,,,,,,,,,,,,,,,,,,,,,,,,,,,,,,,,,,,,,,,,,,,,,,,,,,,,,,,,,,,,,,,,,,,,,,,,,,,,,,,,,,,,,,,,,,,,,
1895,12,12.0,-38.0,,,,,,,,,,,,,,,,,,,,,,,,,,,,,,,,,,,,,,,,9.3,9.3,11.35,10.3,3,1.73,18,0.7,0.4,0.3,8.8,9.3,10.68,9.73,3,1.43,18,0.7,0.4,0.3,-4.43,-3.63,-1.15,-2.81,3,2.51,18,0.7,0.4,0.3,1007.38,1008.2,1009.84,1008.6,3,1.83,18,0.7,0.4,0.3,,,,,,,,,,,,,,,,,,,,,,,,,,,,,,,,,,,,,,,,,,,,,,,,,,,,,,,,,,,,,,,,,,,,,,,,,,,,,,,,,,,,,,,,,,,,,,,,,,,,,,,,,,,,,,,,,,,,,,,,,,,,,,,,,,,,,,,,,,,,,,,,,,,,,,
1895,12,12.0,-8.0,,,,,,,,,,,,,,,,,,,,,,,,,,,,,,,,,,,,,,,,4.6,4.6,4.6,4.6,2,0.0,30,1.0,0.2,0.8,3.25,3.25,3.25,3.25,2,0.0,30,1.0,0.2,0.8,3.25,3.25,3.25,3.25,2,0.0,30,1.0,0.2,0.8,1009.52,1009.55,1009.58,1009.55,2,0.07,30,1.0,0.2,0.8,,,,,,,,,,,,,,,,,,,,,,,,,,,,,,,,,,,,,,,,,,,,,,,,,,,,,,,,,,,,,,,,,,,,,,,,,,,,,,,,,,,,,,,,,,,,,,,,,,,,,,,,,,,,,,,,,,,,,,,,,,,,,,,,,,,,,,,,,,,,,,,,,,,,,,
1895,12,12.0,-6.0,,,,,,,,,,,,,,,,,,,,,,,,,,,,,,,,,,,,,,,,1.0,1.0,1.0,1.0,5,0.0,22,0.4,0.2,0.3,-0.26,0.0,0.39,0.01,5,0.45,22,0.4,0.2,0.3,0.84,0.92,1.0,0.91,5,0.12,22,0.4,0.2,0.3,1009.4,1011.2,1011.3,1010.52,5,1.02,22,0.4,0.2,0.3,,,,,,,,,,,,,,,,,,,,,,,,,,,,,,,,,,,,,,,,,,,,,,,,,,,,,,,,,,,,,,,,,,,,,,,,,,,,,,,,,,,,,,,,,,,,,,,,,,,,,,,,,,,,,,,,,,,,,,,,,,,,,,,,,,,,,,,,,,,,,,,,,,,,,,
1895,12,12.0,36.0,,,,,,,,,,,,,,,,,,,,,,,,,,,,,,,,,,,,,,,,5.2,9.3,12.3,8.64,5,4.11,24,0.6,0.6,0.3,3.38,4.81,9.64,6.12,5,4.0,24,0.6,0.6,0.3,3.09,4.61,7.14,5.31,5,3.49,24,0.6,0.6,0.3,1005.78,1005.95,1006.12,1005.95,2,0.35,20,0.0,0.5,0.3,,,,,,,,,,,,,,,,,,,,,,,,,,,,,,,,,,,,,,,,,,,,,,,,,,,,,,,,,,,,,,,,,,,,,,,,,,,,,,,,,,,,,,,,,,,,,,,,,,,,,,,,,,,,,,,,,,,,,,,,,,,,,,,,,,,,,,,,,,,,,,,,,,,,,,
1895,12,12.0,38.0,,,,,,,,,,,,,,,,,,,,,,,,,,,,,,,,,,,,,,,,3.14,6.7,13.76,7.54,9,4.93,14,0.1,0.6,0.7,0.5,4.6,9.76,4.87,9,5.77,14,0.1,0.6,0.7,-7.49,0.0,1.84,-1.98,9,4.88,14,0.1,0.6,0.7,1003.03,1013.1,1018.09,1010.16,9,7.83,14,0.1,0.6,0.7,,,,,,,,,,,,,,,,,,,,,,,,,,,,,,,,,,,,,,,,,,,,,,,,,,,,,,,,,,,,,,,,,,,,,,,,,,,,,,,,,,,,,,,,,,,,,,,,,,,,,,,,,,,,,,,,,,,,,,,,,,,,,,,,,,,,,,,,,,,,,,,,,,,,,,
1895,12,12.0,40.0,,,,,,,,,,,,,,,,,,,,,,,,,,,,,,,,,,,,,,,,2.6,6.7,15.4,8.3,13,5.41,20,0.5,0.4,0.3,0.0,4.6,10.89,4.71,13,4.38,20,0.5,0.4,0.3,-10.89,-2.6,0.59,-2.92,13,7.17,20,0.5,0.4,0.3,1003.09,1007.9,1018.16,1009.94,13,7.7,20,0.5,0.4,0.3,,,,,,,,,,,,,,,,,,,,,,,,,,,,,,,,,,,,,,,,,,,,,,,,,,,,,,,,,,,,,,,,,,,,,,,,,,,,,,,,,,,,,,,,,,,,,,,,,,,,,,,,,,,,,,,,,,,,,,,,,,,,,,,,,,,,,,,,,,,,,,,,,,,,,,
1895,12,14.0,-46.0,,,,,,,,,,,,,,,,,,,,,,,,,,,,,,,,,,,,,,,,19.0,19.0,19.0,19.0,2,0.0,24,1.0,0.5,0.8,14.1,15.53,16.95,15.53,2,2.96,24,1.0,0.5,0.8,8.12,10.28,12.43,10.28,2,4.47,24,1.0,0.5,0.8,994.72,997.35,999.98,997.35,2,5.44,24,1.0,0.5,0.8,,,,,,,,,,,,,,,,,,,,,,,,,,,,,,,,,,,,,,,,,,,,,,,,,,,,,,,,,,,,,,,,,,,,,,,,,,,,,,,,,,,,,,,,,,,,,,,,,,,,,,,,,,,,,,,,,,,,,,,,,,,,,,,,,,,,,,,,,,,,,,,,,,,,,,
1895,12,14.0,-44.0,,,,,,,,,,,,,,,,,,,,,,,,,,,,,,,,,,,,,,,,12.3,15.4,15.4,14.52,10,2.2,24,0.4,0.3,0.4,3.73,9.79,11.7,8.45,10,4.72,24,0.4,0.3,0.4,-13.47,-8.7,6.23,-5.43,10,10.23,24,0.4,0.3,0.4,1006.58,1007.8,1017.5,1011.24,7,5.41,26,0.3,0.3,0.4,,,,,,,,,,,,,,,,,,,,,,,,,,,,,,,,,,,,,,,,,,,,,,,,,,,,,,,,,,,,,,,,,,,,,,,,,,,,,,,,,,,,,,,,,,,,,,,,,,,,,,,,,,,,,,,,,,,,,,,,,,,,,,,,,,,,,,,,,,,,,,,,,,,,,,
1895,12,14.0,-42.0,,,,,,,,,,,,,,,,,,,,,,,,,,,,,,,,,,,,,,,,9.3,9.3,12.3,10.36,9,2.55,20,0.7,0.3,0.8,4.1,8.62,10.84,7.36,9,3.87,20,0.7,0.3,0.8,-3.48,0.0,9.12,2.29,9,6.74,20,0.7,0.3,0.8,1009.15,1016.1,1018.7,1014.44,9,4.87,20,0.7,0.3,0.8,,,,,,,,,,,,,,,,,,,,,,,,,,,,,,,,,,,,,,,,,,,,,,,,,,,,,,,,,,,,,,,,,,,,,,,,,,,,,,,,,,,,,,,,,,,,,,,,,,,,,,,,,,,,,,,,,,,,,,,,,,,,,,,,,,,,,,,,,,,,,,,,,,,,,,
1895,12,14.0,-40.0,,,,,,,,,,,,,,,,,,,,,,,,,,,,,,,,,,,,,,,,20.14,22.6,25.47,22.8,3,3.9,18,0.3,0.6,0.8,18.54,20.8,23.44,20.99,3,3.59,18,0.3,0.6,0.8,-9.95,-8.83,-7.87,-8.91,3,1.53,18,0.3,0.6,0.8,1001.25,1002.0,1004.53,1002.87,3,2.51,18,0.3,0.6,0.8,,,,,,,,,,,,,,,,,,,,,,,,,,,,,,,,,,,,,,,,,,,,,,,,,,,,,,,,,,,,,,,,,,,,,,,,,,,,,,,,,,,,,,,,,,,,,,,,,,,,,,,,,,,,,,,,,,,,,,,,,,,,,,,,,,,,,,,,,,,,,,,,,,,,,,
1895,12,14.0,34.0,,,,,,,,,,,,,,,,,,,,,,,,,,,,,,,,,,,,,,,,4.6,8.45,13.92,9.23,4,5.49,22,0.5,0.6,0.8,0.0,5.66,13.46,6.68,4,7.89,22,0.5,0.6,0.8,-2.52,2.3,4.6,1.1,4,4.49,22,0.5,0.6,0.8,1007.18,1007.35,1007.52,1007.35,2,0.35,22,1.0,0.8,0.8,,,,,,,,,,,,,,,,,,,,,,,,,,,,,,,,,,,,,,,,,,,,,,,,,,,,,,,,,,,,,,,,,,,,,,,,,,,,,,,,,,,,,,,,,,,,,,,,,,,,,,,,,,,,,,,,,,,,,,,,,,,,,,,,,,,,,,,,,,,,,,,,,,,,,,
1895,12,14.0,36.0,,,,,,,,,,,,,,,,,,,,,,,,,,,,,,,,,,,,,,,,6.09,9.3,18.38,12.17,3,9.34,20,0.7,0.6,0.6,0.04,9.3,13.86,7.01,3,10.32,20,0.7,0.6,0.6,-11.46,-1.72,-0.55,-5.9,3,8.77,20,0.7,0.6,0.6,1003.73,1005.1,1006.12,1004.93,3,1.76,20,0.7,0.6,0.6,,,,,,,,,,,,,,,,,,,,,,,,,,,,,,,,,,,,,,,,,,,,,,,,,,,,,,,,,,,,,,,,,,,,,,,,,,,,,,,,,,,,,,,,,,,,,,,,,,,,,,,,,,,,,,,,,,,,,,,,,,,,,,,,,,,,,,,,,,,,,,,,,,,,,,
1895,12,14.0,38.0,,,,,,,,,,,,,,,,,,,,,,,,,,,,,,,,,,,,,,,,3.9,9.3,15.4,9.62,24,5.54,18,0.6,0.5,0.5,1.12,7.2,11.72,6.36,24,5.62,18,0.6,0.5,0.5,-9.27,-0.9,3.88,-2.29,24,6.93,18,0.6,0.5,0.5,998.71,1004.0,1014.85,1005.84,27,7.06,18,0.6,0.5,0.5,,,,,,,,,,,,,,,,,,,,,,,,,,,,,,,,,,,,,,,,,,,,,,,,,,,,,,,,,,,,,,,,,,,,,,,,,,,,,,,,,,,,,,,,,,,,,,,,,,,,,,,,,,,,,,,,,,,,,,,,,,,,,,,,,,,,,,,,,,,,,,,,,,,,,,
1895,12,16.0,-46.0,,,,,,,,,,,,,,,,,,,,,,,,,,,,,,,,,,,,,,,,5.79,10.8,13.92,9.9,4,5.47,24,0.0,0.6,0.8,3.4,6.3,9.11,6.25,4,4.25,24,0.0,0.6,0.8,-6.29,3.5,5.64,-0.15,4,9.51,24,0.0,0.6,0.8,1004.99,1006.6,1008.21,1006.6,4,2.37,24,0.0,0.6,0.8,,,,,,,,,,,,,,,,,,,,,,,,,,,,,,,,,,,,,,,,,,,,,,,,,,,,,,,,,,,,,,,,,,,,,,,,,,,,,,,,,,,,,,,,,,,,,,,,,,,,,,,,,,,,,,,,,,,,,,,,,,,,,,,,,,,,,,,,,,,,,,,,,,,,,,
1895,12,16.0,-44.0,,,,,,,,,,,,,,,,,,,,,,,,,,,,,,,,,,,,,,,,6.7,9.3,11.02,9.22,10,3.01,24,0.5,0.3,0.5,0.0,4.0,9.01,4.04,10,4.38,24,0.5,0.3,0.5,-11.02,-5.45,-1.39,-6.2,10,4.85,24,0.5,0.3,0.5,1006.59,1017.5,1018.7,1013.17,7,6.23,26,0.6,0.4,0.5,,,,,,,,,,,,,,,,,,,,,,,,,,,,,,,,,,,,,,,,,,,,,,,,,,,,,,,,,,,,,,,,,,,,,,,,,,,,,,,,,,,,,,,,,,,,,,,,,,,,,,,,,,,,,,,,,,,,,,,,,,,,,,,,,,,,,,,,,,,,,,,,,,,,,,
1895,12,16.0,-42.0,,,,,,,,,,,,,,,,,,,,,,,,,,,,,,,,,,,,,,,,2.6,4.6,8.19,5.2,10,2.8,20,0.4,0.2,0.9,0.0,0.0,4.94,1.88,10,3.3,20,0.4,0.2,0.9,-4.12,-1.75,3.74,-0.89,10,4.71,20,0.4,0.2,0.9,1013.1,1014.3,1015.61,1014.4,10,1.62,20,0.4,0.2,0.9,,,,,,,,,,,,,,,,,,,,,,,,,,,,,,,,,,,,,,,,,,,,,,,,,,,,,,,,,,,,,,,,,,,,,,,,,,,,,,,,,,,,,,,,,,,,,,,,,,,,,,,,,,,,,,,,,,,,,,,,,,,,,,,,,,,,,,,,,,,,,,,,,,,,,,
1895,12,16.0,-40.0,,,,,,,,,,,,,,,,,,,,,,,,,,,,,,,,,,,,,,,,22.6,22.6,22.6,22.6,1,0.0,18,1.0,0.3,0.8,22.6,22.6,22.6,22.6,1,0.0,18,1.0,0.3,0.8,0.0,0.0,0.0,0.0,1,0.0,18,1.0,0.3,0.8,999.7,999.7,999.7,999.7,1,0.0,18,1.0,0.3,0.8,,,,,,,,,,,,,,,,,,,,,,,,,,,,,,,,,,,,,,,,,,,,,,,,,,,,,,,,,,,,,,,,,,,,,,,,,,,,,,,,,,,,,,,,,,,,,,,,,,,,,,,,,,,,,,,,,,,,,,,,,,,,,,,,,,,,,,,,,,,,,,,,,,,,,,
1895,12,16.0,-38.0,,,,,,,,,,,,,,,,,,,,,,,,,,,,,,,,,,,,,,,,22.6,22.6,22.6,22.6,2,0.0,18,0.5,0.8,0.3,22.6,22.6,22.6,22.6,2,0.0,18,0.5,0.8,0.3,0.0,0.0,0.0,0.0,2,0.0,18,0.5,0.8,0.3,1002.8,1002.8,1002.8,1002.8,1,0.0,18,0.0,0.8,0.3,,,,,,,,,,,,,,,,,,,,,,,,,,,,,,,,,,,,,,,,,,,,,,,,,,,,,,,,,,,,,,,,,,,,,,,,,,,,,,,,,,,,,,,,,,,,,,,,,,,,,,,,,,,,,,,,,,,,,,,,,,,,,,,,,,,,,,,,,,,,,,,,,,,,,,
1895,12,16.0,34.0,,,,,,,,,,,,,,,,,,,,,,,,,,,,,,,,,,,,,,,,3.65,6.7,9.92,6.6,6,4.18,22,0.3,0.6,0.8,3.36,6.37,7.11,5.4,6,3.0,22,0.3,0.6,0.8,-7.01,-2.21,0.0,-3.28,6,3.59,22,0.3,0.6,0.8,1009.1,1009.1,1010.33,1009.7,3,1.04,22,0.0,0.6,0.8,,,,,,,,,,,,,,,,,,,,,,,,,,,,,,,,,,,,,,,,,,,,,,,,,,,,,,,,,,,,,,,,,,,,,,,,,,,,,,,,,,,,,,,,,,,,,,,,,,,,,,,,,,,,,,,,,,,,,,,,,,,,,,,,,,,,,,,,,,,,,,,,,,,,,,
1895,12,16.0,36.0,,,,,,,,,,,,,,,,,,,,,,,,,,,,,,,,,,,,,,,,6.7,12.3,15.4,11.66,20,4.82,16,0.5,0.5,0.8,-5.9,5.69,14.15,5.46,20,8.28,16,0.5,0.5,0.8,-10.82,-0.92,6.56,-1.51,20,8.0,16,0.5,0.5,0.8,1001.17,1005.25,1019.54,1008.52,22,9.05,18,0.5,0.5,0.8,,,,,,,,,,,,,,,,,,,,,,,,,,,,,,,,,,,,,,,,,,,,,,,,,,,,,,,,,,,,,,,,,,,,,,,,,,,,,,,,,,,,,,,,,,,,,,,,,,,,,,,,,,,,,,,,,,,,,,,,,,,,,,,,,,,,,,,,,,,,,,,,,,,,,,
1895,12,16.0,38.0,,,,,,,,,,,,,,,,,,,,,,,,,,,,,,,,,,,,,,,,0.0,0.0,0.0,0.0,1,0.0,14,0.0,0.3,0.3,0.0,0.0,0.0,0.0,1,0.0,14,0.0,0.3,0.3,0.0,0.0,0.0,0.0,1,0.0,14,0.0,0.3,0.3,1001.3,1001.3,1001.3,1001.3,1,0.0,14,0.0,0.3,0.3,,,,,,,,,,,,,,,,,,,,,,,,,,,,,,,,,,,,,,,,,,,,,,,,,,,,,,,,,,,,,,,,,,,,,,,,,,,,,,,,,,,,,,,,,,,,,,,,,,,,,,,,,,,,,,,,,,,,,,,,,,,,,,,,,,,,,,,,,,,,,,,,,,,,,,
1895,12,18.0,-46.0,,,,,,,,,,,,,,,,,,,,,,,,,,,,,,,,,,,,,,,,2.06,4.6,12.3,6.07,6,5.12,24,0.7,0.5,0.8,1.91,4.27,4.81,3.43,6,1.9,24,0.7,0.5,0.8,-11.32,0.49,1.72,-3.04,6,6.45,24,0.7,0.5,0.8,1005.1,1013.1,1014.11,1011.15,6,4.94,24,0.7,0.5,0.8,,,,,,,,,,,,,,,,,,,,,,,,,,,,,,,,,,,,,,,,,,,,,,,,,,,,,,,,,,,,,,,,,,,,,,,,,,,,,,,,,,,,,,,,,,,,,,,,,,,,,,,,,,,,,,,,,,,,,,,,,,,,,,,,,,,,,,,,,,,,,,,,,,,,,,
1895,12,18.0,-44.0,,,,,,,,,,,,,,,,,,,,,,,,,,,,,,,,,,,,,,,,6.7,8.0,9.3,7.85,14,1.6,26,0.4,0.3,0.6,-3.26,0.0,2.62,0.26,14,2.44,26,0.4,0.3,0.6,-8.62,-7.63,-6.2,-7.5,14,1.5,26,0.4,0.3,0.6,1006.26,1010.9,1019.68,1012.87,11,6.06,28,0.4,0.3,0.6,,,,,,,,,,,,,,,,,,,,,,,,,,,,,,,,,,,,,,,,,,,,,,,,,,,,,,,,,,,,,,,,,,,,,,,,,,,,,,,,,,,,,,,,,,,,,,,,,,,,,,,,,,,,,,,,,,,,,,,,,,,,,,,,,,,,,,,,,,,,,,,,,,,,,,
1895,12,18.0,-42.0,,,,,,,,,,,,,,,,,,,,,,,,,,,,,,,,,,,,,,,,2.6,4.6,9.3,6.02,9,3.2,18,0.6,0.2,0.8,-3.42,-2.41,0.0,-1.87,9,1.66,18,0.6,0.2,0.8,-9.12,0.97,2.84,-1.49,9,6.47,18,0.6,0.2,0.8,1007.97,1012.7,1014.56,1011.43,9,3.5,18,0.6,0.2,0.8,,,,,,,,,,,,,,,,,,,,,,,,,,,,,,,,,,,,,,,,,,,,,,,,,,,,,,,,,,,,,,,,,,,,,,,,,,,,,,,,,,,,,,,,,,,,,,,,,,,,,,,,,,,,,,,,,,,,,,,,,,,,,,,,,,,,,,,,,,,,,,,,,,,,,,
1895,12,18.0,-38.0,,,,,,,,,,,,,,,,,,,,,,,,,,,,,,,,,,,,,,,,19.0,20.8,22.6,20.8,4,2.08,18,0.5,0.5,0.5,17.62,19.29,21.82,19.7,4,2.49,18,0.5,0.5,0.5,3.39,7.12,7.82,5.68,4,3.84,18,0.5,0.5,0.5,1004.54,1007.65,1012.22,1008.35,4,4.57,18,0.5,0.5,0.5,,,,,,,,,,,,,,,,,,,,,,,,,,,,,,,,,,,,,,,,,,,,,,,,,,,,,,,,,,,,,,,,,,,,,,,,,,,,,,,,,,,,,,,,,,,,,,,,,,,,,,,,,,,,,,,,,,,,,,,,,,,,,,,,,,,,,,,,,,,,,,,,,,,,,,
1895,12,18.0,34.0,,,,,,,,,,,,,,,,,,,,,,,,,,,,,,,,,,,,,,,,5.93,12.3,15.4,10.88,5,4.99,22,0.8,0.6,0.5,5.21,6.21,9.5,7.16,5,2.63,22,0.8,0.6,0.5,-12.13,-8.7,-0.22,-6.63,5,6.85,22,0.8,0.6,0.5,1010.33,1010.4,1010.6,1010.47,3,0.21,22,1.0,0.6,0.3,,,,,,,,,,,,,,,,,,,,,,,,,,,,,,,,,,,,,,,,,,,,,,,,,,,,,,,,,,,,,,,,,,,,,,,,,,,,,,,,,,,,,,,,,,,,,,,,,,,,,,,,,,,,,,,,,,,,,,,,,,,,,,,,,,,,,,,,,,,,,,,,,,,,,,
1895,12,18.0,36.0,,,,,,,,,,,,,,,,,,,,,,,,,,,,,,,,,,,,,,,,6.4,9.3,12.3,8.67,19,2.95,16,0.5,0.5,0.3,-2.01,6.21,9.3,4.51,19,5.48,16,0.5,0.5,0.3,-5.0,0.0,8.57,0.43,19,6.04,16,0.5,0.5,0.3,1006.09,1008.5,1013.66,1009.27,23,3.73,16,0.5,0.5,0.3,,,,,,,,,,,,,,,,,,,,,,,,,,,,,,,,,,,,,,,,,,,,,,,,,,,,,,,,,,,,,,,,,,,,,,,,,,,,,,,,,,,,,,,,,,,,,,,,,,,,,,,,,,,,,,,,,,,,,,,,,,,,,,,,,,,,,,,,,,,,,,,,,,,,,,
1895,12,20.0,-46.0,,,,,,,,,,,,,,,,,,,,,,,,,,,,,,,,,,,,,,,,2.6,3.6,4.6,3.6,4,1.15,28,1.0,0.5,0.8,0.82,1.72,2.07,1.46,4,1.02,28,1.0,0.5,0.8,-4.27,-3.43,-1.77,-3.04,4,1.56,28,1.0,0.5,0.8,1009.06,1018.4,1019.57,1014.5,4,8.92,28,1.0,0.5,0.8,,,,,,,,,,,,,,,,,,,,,,,,,,,,,,,,,,,,,,,,,,,,,,,,,,,,,,,,,,,,,,,,,,,,,,,,,,,,,,,,,,,,,,,,,,,,,,,,,,,,,,,,,,,,,,,,,,,,,,,,,,,,,,,,,,,,,,,,,,,,,,,,,,,,,,
1895,12,20.0,-44.0,,,,,,,,,,,,,,,,,,,,,,,,,,,,,,,,,,,,,,,,9.3,9.3,11.35,10.3,3,1.73,28,1.0,0.6,0.4,0.0,0.0,4.49,2.19,3,3.8,28,1.0,0.6,0.4,-11.35,-9.3,-7.44,-9.39,3,2.86,28,1.0,0.6,0.4,1009.01,1020.0,1020.27,1014.77,3,9.41,28,1.0,0.6,0.4,,,,,,,,,,,,,,,,,,,,,,,,,,,,,,,,,,,,,,,,,,,,,,,,,,,,,,,,,,,,,,,,,,,,,,,,,,,,,,,,,,,,,,,,,,,,,,,,,,,,,,,,,,,,,,,,,,,,,,,,,,,,,,,,,,,,,,,,,,,,,,,,,,,,,,
1895,12,20.0,-40.0,,,,,,,,,,,,,,,,,,,,,,,,,,,,,,,,,,,,,,,,9.3,9.3,9.3,9.3,1,0.0,10,1.0,0.8,0.3,0.0,0.0,0.0,0.0,1,0.0,10,1.0,0.8,0.3,9.3,9.3,9.3,9.3,1,0.0,10,1.0,0.8,0.3,1020.7,1020.7,1020.7,1020.7,1,0.0,10,1.0,0.8,0.3,,,,,,,,,,,,,,,,,,,,,,,,,,,,,,,,,,,,,,,,,,,,,,,,,,,,,,,,,,,,,,,,,,,,,,,,,,,,,,,,,,,,,,,,,,,,,,,,,,,,,,,,,,,,,,,,,,,,,,,,,,,,,,,,,,,,,,,,,,,,,,,,,,,,,,
1895,12,20.0,-38.0,,,,,,,,,,,,,,,,,,,,,,,,,,,,,,,,,,,,,,,,2.6,4.6,13.43,7.5,5,5.96,24,0.6,0.6,0.8,-3.33,-1.84,12.45,3.33,5,8.8,24,0.6,0.6,0.8,-0.67,0.0,5.03,1.71,5,3.29,24,0.6,0.6,0.8,1016.16,1017.15,1018.14,1017.15,2,2.05,20,0.5,0.5,0.8,,,,,,,,,,,,,,,,,,,,,,,,,,,,,,,,,,,,,,,,,,,,,,,,,,,,,,,,,,,,,,,,,,,,,,,,,,,,,,,,,,,,,,,,,,,,,,,,,,,,,,,,,,,,,,,,,,,,,,,,,,,,,,,,,,,,,,,,,,,,,,,,,,,,,,
1895,12,20.0,-36.0,,,,,,,,,,,,,,,,,,,,,,,,,,,,,,,,,,,,,,,,4.5,6.7,9.3,6.26,7,2.51,22,0.1,0.7,0.5,-8.66,-4.6,4.36,-2.33,7,6.47,22,0.1,0.7,0.5,-0.17,0.0,1.76,0.25,7,1.91,22,0.1,0.7,0.5,1010.54,1011.55,1016.99,1013.42,6,4.02,20,0.2,0.8,0.5,,,,,,,,,,,,,,,,,,,,,,,,,,,,,,,,,,,,,,,,,,,,,,,,,,,,,,,,,,,,,,,,,,,,,,,,,,,,,,,,,,,,,,,,,,,,,,,,,,,,,,,,,,,,,,,,,,,,,,,,,,,,,,,,,,,,,,,,,,,,,,,,,,,,,,
1895,12,20.0,34.0,,,,,,,,,,,,,,,,,,,,,,,,,,,,,,,,,,,,,,,,6.7,8.0,12.3,8.86,22,3.64,20,0.5,0.5,0.6,-6.7,4.67,8.65,1.88,22,8.42,20,0.5,0.5,0.6,-5.43,0.0,0.0,-1.57,22,4.27,20,0.5,0.5,0.6,1007.94,1011.75,1016.0,1012.22,20,3.65,18,0.5,0.6,0.7,,,,,,,,,,,,,,,,,,,,,,,,,,,,,,,,,,,,,,,,,,,,,,,,,,,,,,,,,,,,,,,,,,,,,,,,,,,,,,,,,,,,,,,,,,,,,,,,,,,,,,,,,,,,,,,,,,,,,,,,,,,,,,,,,,,,,,,,,,,,,,,,,,,,,,
1895,12,20.0,36.0,,,,,,,,,,,,,,,,,,,,,,,,,,,,,,,,,,,,,,,,2.6,6.95,9.92,6.78,6,4.07,18,0.8,0.3,0.3,-2.18,0.06,8.59,2.01,6,5.41,18,0.8,0.3,0.3,-4.68,0.0,5.16,0.09,6,6.13,18,0.8,0.3,0.3,1007.98,1011.0,1013.46,1011.38,8,3.34,16,0.9,0.3,0.3,,,,,,,,,,,,,,,,,,,,,,,,,,,,,,,,,,,,,,,,,,,,,,,,,,,,,,,,,,,,,,,,,,,,,,,,,,,,,,,,,,,,,,,,,,,,,,,,,,,,,,,,,,,,,,,,,,,,,,,,,,,,,,,,,,,,,,,,,,,,,,,,,,,,,,
1895,12,22.0,-46.0,,,,,,,,,,,,,,,,,,,,,,,,,,,,,,,,,,,,,,,,5.6,6.7,8.06,6.83,4,1.92,20,0.5,0.4,0.8,-1.37,0.86,5.34,1.93,4,4.8,20,0.5,0.4,0.8,-6.45,-5.22,-0.21,-3.41,4,4.71,20,0.5,0.4,0.8,1016.15,1018.6,1019.06,1017.65,4,2.4,20,0.5,0.4,0.8,,,,,,,,,,,,,,,,,,,,,,,,,,,,,,,,,,,,,,,,,,,,,,,,,,,,,,,,,,,,,,,,,,,,,,,,,,,,,,,,,,,,,,,,,,,,,,,,,,,,,,,,,,,,,,,,,,,,,,,,,,,,,,,,,,,,,,,,,,,,,,,,,,,,,,
1895,12,22.0,-44.0,,,,,,,,,,,,,,,,,,,,,,,,,,,,,,,,,,,,,,,,6.27,9.3,10.56,9.1,6,3.63,28,0.5,0.5,0.3,-0.75,0.0,0.0,-0.61,6,1.48,28,0.5,0.5,0.3,-10.56,-8.93,-6.27,-8.98,6,3.63,28,0.5,0.5,0.3,1012.6,1018.0,1018.07,1015.1,5,6.54,28,0.4,0.5,0.4,,,,,,,,,,,,,,,,,,,,,,,,,,,,,,,,,,,,,,,,,,,,,,,,,,,,,,,,,,,,,,,,,,,,,,,,,,,,,,,,,,,,,,,,,,,,,,,,,,,,,,,,,,,,,,,,,,,,,,,,,,,,,,,,,,,,,,,,,,,,,,,,,,,,,,
1895,12,22.0,-40.0,,,,,,,,,,,,,,,,,,,,,,,,,,,,,,,,,,,,,,,,0.0,0.0,0.0,0.0,1,0.0,10,1.0,0.8,0.8,0.0,0.0,0.0,0.0,1,0.0,10,1.0,0.8,0.8,0.0,0.0,0.0,0.0,1,0.0,10,1.0,0.8,0.8,1026.9,1026.9,1026.9,1026.9,1,0.0,10,1.0,0.8,0.8,,,,,,,,,,,,,,,,,,,,,,,,,,,,,,,,,,,,,,,,,,,,,,,,,,,,,,,,,,,,,,,,,,,,,,,,,,,,,,,,,,,,,,,,,,,,,,,,,,,,,,,,,,,,,,,,,,,,,,,,,,,,,,,,,,,,,,,,,,,,,,,,,,,,,,
1895,12,22.0,-36.0,,,,,,,,,,,,,,,,,,,,,,,,,,,,,,,,,,,,,,,,1.94,4.6,4.6,3.77,11,1.76,24,0.4,0.5,0.6,-3.67,-0.92,4.27,0.01,11,3.76,24,0.4,0.5,0.6,0.22,1.72,2.35,1.51,11,1.45,24,0.4,0.5,0.6,1010.04,1012.1,1013.1,1011.48,6,2.06,22,0.3,0.5,0.8,,,,,,,,,,,,,,,,,,,,,,,,,,,,,,,,,,,,,,,,,,,,,,,,,,,,,,,,,,,,,,,,,,,,,,,,,,,,,,,,,,,,,,,,,,,,,,,,,,,,,,,,,,,,,,,,,,,,,,,,,,,,,,,,,,,,,,,,,,,,,,,,,,,,,,
1895,12,22.0,32.0,,,,,,,,,,,,,,,,,,,,,,,,,,,,,,,,,,,,,,,,6.7,6.7,8.47,7.57,3,1.5,24,0.7,0.6,0.8,0.8,2.51,2.51,1.67,3,1.45,24,0.7,0.6,0.8,-8.32,-6.21,-6.21,-7.24,3,1.78,24,0.7,0.6,0.8,1012.12,1012.6,1012.67,1012.4,3,0.44,24,0.7,0.6,0.8,,,,,,,,,,,,,,,,,,,,,,,,,,,,,,,,,,,,,,,,,,,,,,,,,,,,,,,,,,,,,,,,,,,,,,,,,,,,,,,,,,,,,,,,,,,,,,,,,,,,,,,,,,,,,,,,,,,,,,,,,,,,,,,,,,,,,,,,,,,,,,,,,,,,,,
1895,12,22.0,34.0,,,,,,,,,,,,,,,,,,,,,,,,,,,,,,,,,,,,,,,,5.3,9.3,12.3,8.9,22,4.42,18,0.4,0.5,0.5,-1.23,5.66,12.0,5.68,22,6.22,18,0.4,0.5,0.5,-6.21,-2.74,5.43,-1.36,22,5.3,18,0.4,0.5,0.5,1009.59,1014.8,1018.15,1014.18,23,4.01,18,0.3,0.5,0.6,,,,,,,,,,,,,,,,,,,,,,,,,,,,,,,,,,,,,,,,,,,,,,,,,,,,,,,,,,,,,,,,,,,,,,,,,,,,,,,,,,,,,,,,,,,,,,,,,,,,,,,,,,,,,,,,,,,,,,,,,,,,,,,,,,,,,,,,,,,,,,,,,,,,,,
1895,12,22.0,38.0,,,,,,,,,,,,,,,,,,,,,,,,,,,,,,,,,,,,,,,,6.7,6.7,6.7,6.7,1,0.0,24,1.0,0.3,0.3,0.0,0.0,0.0,0.0,1,0.0,24,1.0,0.3,0.3,-6.7,-6.7,-6.7,-6.7,1,0.0,24,1.0,0.3,0.3,1012.8,1012.8,1012.8,1012.8,1,0.0,24,1.0,0.3,0.3,,,,,,,,,,,,,,,,,,,,,,,,,,,,,,,,,,,,,,,,,,,,,,,,,,,,,,,,,,,,,,,,,,,,,,,,,,,,,,,,,,,,,,,,,,,,,,,,,,,,,,,,,,,,,,,,,,,,,,,,,,,,,,,,,,,,,,,,,,,,,,,,,,,,,,
1895,12,24.0,-46.0,,,,,,,,,,,,,,,,,,,,,,,,,,,,,,,,,,,,,,,,4.6,6.7,7.24,6.43,6,1.74,26,0.8,0.4,0.7,1.99,3.74,6.28,3.81,6,2.47,26,0.8,0.4,0.7,-6.85,-2.94,-1.43,-3.86,6,3.35,26,0.8,0.4,0.7,1009.88,1020.0,1020.81,1016.52,6,6.8,26,0.8,0.4,0.7,,,,,,,,,,,,,,,,,,,,,,,,,,,,,,,,,,,,,,,,,,,,,,,,,,,,,,,,,,,,,,,,,,,,,,,,,,,,,,,,,,,,,,,,,,,,,,,,,,,,,,,,,,,,,,,,,,,,,,,,,,,,,,,,,,,,,,,,,,,,,,,,,,,,,,
1895,12,24.0,-44.0,,,,,,,,,,,,,,,,,,,,,,,,,,,,,,,,,,,,,,,,3.87,6.7,9.3,6.5,5,2.94,30,1.0,0.6,0.5,-0.96,0.0,2.85,0.76,5,2.67,30,1.0,0.6,0.5,-9.3,-6.17,0.67,-4.59,5,5.23,30,1.0,0.6,0.5,1011.91,1016.7,1018.64,1015.52,5,3.72,30,1.0,0.6,0.5,,,,,,,,,,,,,,,,,,,,,,,,,,,,,,,,,,,,,,,,,,,,,,,,,,,,,,,,,,,,,,,,,,,,,,,,,,,,,,,,,,,,,,,,,,,,,,,,,,,,,,,,,,,,,,,,,,,,,,,,,,,,,,,,,,,,,,,,,,,,,,,,,,,,,,
1895,12,24.0,-40.0,,,,,,,,,,,,,,,,,,,,,,,,,,,,,,,,,,,,,,,,1.0,1.0,1.0,1.0,1,0.0,12,1.0,0.3,0.8,0.0,0.0,0.0,0.0,1,0.0,12,1.0,0.3,0.8,1.0,1.0,1.0,1.0,1,0.0,12,1.0,0.3,0.8,1025.1,1025.1,1025.1,1025.1,1,0.0,12,1.0,0.3,0.8,,,,,,,,,,,,,,,,,,,,,,,,,,,,,,,,,,,,,,,,,,,,,,,,,,,,,,,,,,,,,,,,,,,,,,,,,,,,,,,,,,,,,,,,,,,,,,,,,,,,,,,,,,,,,,,,,,,,,,,,,,,,,,,,,,,,,,,,,,,,,,,,,,,,,,
1895,12,24.0,-36.0,,,,,,,,,,,,,,,,,,,,,,,,,,,,,,,,,,,,,,,,3.77,6.7,12.3,7.62,11,4.22,26,0.5,0.5,0.7,-4.04,0.0,6.7,1.61,11,5.38,26,0.5,0.5,0.7,0.0,2.6,9.74,3.57,11,5.99,26,0.5,0.5,0.7,1012.16,1013.25,1013.9,1013.08,6,0.83,24,0.2,0.5,0.8,,,,,,,,,,,,,,,,,,,,,,,,,,,,,,,,,,,,,,,,,,,,,,,,,,,,,,,,,,,,,,,,,,,,,,,,,,,,,,,,,,,,,,,,,,,,,,,,,,,,,,,,,,,,,,,,,,,,,,,,,,,,,,,,,,,,,,,,,,,,,,,,,,,,,,
1895,12,24.0,32.0,,,,,,,,,,,,,,,,,,,,,,,,,,,,,,,,,,,,,,,,3.46,6.7,15.4,8.54,10,5.14,20,0.7,0.6,0.8,1.03,4.67,11.77,5.42,10,5.55,20,0.7,0.6,0.8,-6.47,-4.83,-0.44,-4.01,10,5.12,20,0.7,0.6,0.8,1012.37,1014.1,1016.18,1014.16,7,4.21,18,0.6,0.7,0.8,,,,,,,,,,,,,,,,,,,,,,,,,,,,,,,,,,,,,,,,,,,,,,,,,,,,,,,,,,,,,,,,,,,,,,,,,,,,,,,,,,,,,,,,,,,,,,,,,,,,,,,,,,,,,,,,,,,,,,,,,,,,,,,,,,,,,,,,,,,,,,,,,,,,,,
1895,12,24.0,34.0,,,,,,,,,,,,,,,,,,,,,,,,,,,,,,,,,,,,,,,,4.6,6.7,9.3,6.52,24,2.37,18,0.6,0.5,0.3,-0.36,3.37,6.62,2.88,24,4.23,18,0.6,0.5,0.3,-5.25,-2.51,4.6,-1.29,24,4.66,18,0.6,0.5,0.3,1011.3,1015.45,1019.33,1015.2,22,4.23,16,0.7,0.5,0.3,,,,,,,,,,,,,,,,,,,,,,,,,,,,,,,,,,,,,,,,,,,,,,,,,,,,,,,,,,,,,,,,,,,,,,,,,,,,,,,,,,,,,,,,,,,,,,,,,,,,,,,,,,,,,,,,,,,,,,,,,,,,,,,,,,,,,,,,,,,,,,,,,,,,,,
1895,12,26.0,-46.0,,,,,,,,,,,,,,,,,,,,,,,,,,,,,,,,,,,,,,,,3.46,5.65,6.7,5.51,10,2.09,26,0.4,0.6,0.6,-1.5,0.0,2.11,0.21,10,2.1,26,0.4,0.6,0.6,-6.7,-5.38,-2.77,-5.04,10,2.33,26,0.4,0.6,0.6,1015.26,1017.0,1022.98,1018.87,9,3.85,26,0.3,0.5,0.5,,,,,,,,,,,,,,,,,,,,,,,,,,,,,,,,,,,,,,,,,,,,,,,,,,,,,,,,,,,,,,,,,,,,,,,,,,,,,,,,,,,,,,,,,,,,,,,,,,,,,,,,,,,,,,,,,,,,,,,,,,,,,,,,,,,,,,,,,,,,,,,,,,,,,,
1895,12,26.0,-40.0,,,,,,,,,,,,,,,,,,,,,,,,,,,,,,,,,,,,,,,,6.7,6.7,6.7,6.7,1,0.0,12,1.0,0.8,0.8,2.62,2.62,2.62,2.62,1,0.0,12,1.0,0.8,0.8,6.17,6.17,6.17,6.17,1,0.0,12,1.0,0.8,0.8,1025.3,1025.3,1025.3,1025.3,1,0.0,12,1.0,0.8,0.8,,,,,,,,,,,,,,,,,,,,,,,,,,,,,,,,,,,,,,,,,,,,,,,,,,,,,,,,,,,,,,,,,,,,,,,,,,,,,,,,,,,,,,,,,,,,,,,,,,,,,,,,,,,,,,,,,,,,,,,,,,,,,,,,,,,,,,,,,,,,,,,,,,,,,,
1895,12,26.0,32.0,,,,,,,,,,,,,,,,,,,,,,,,,,,,,,,,,,,,,,,,1.0,4.6,10.49,5.95,30,4.41,18,0.3,0.5,0.7,0.0,2.41,6.21,2.74,30,3.52,18,0.3,0.5,0.7,-9.3,-0.71,0.98,-3.08,30,5.11,18,0.3,0.5,0.7,1010.19,1014.2,1020.41,1015.03,29,5.32,18,0.3,0.5,0.7,,,,,,,,,,,,,,,,,,,,,,,,,,,,,,,,,,,,,,,,,,,,,,,,,,,,,,,,,,,,,,,,,,,,,,,,,,,,,,,,,,,,,,,,,,,,,,,,,,,,,,,,,,,,,,,,,,,,,,,,,,,,,,,,,,,,,,,,,,,,,,,,,,,,,,
1895,12,28.0,-46.0,,,,,,,,,,,,,,,,,,,,,,,,,,,,,,,,,,,,,,,,6.7,9.3,15.4,10.47,6,3.99,28,1.0,0.5,0.5,-7.02,-1.82,1.78,-1.99,6,6.61,28,1.0,0.5,0.5,-11.57,-7.63,-4.6,-7.26,6,5.98,28,1.0,0.5,0.5,1010.64,1014.5,1022.42,1014.65,6,7.95,28,1.0,0.5,0.5,,,,,,,,,,,,,,,,,,,,,,,,,,,,,,,,,,,,,,,,,,,,,,,,,,,,,,,,,,,,,,,,,,,,,,,,,,,,,,,,,,,,,,,,,,,,,,,,,,,,,,,,,,,,,,,,,,,,,,,,,,,,,,,,,,,,,,,,,,,,,,,,,,,,,,
1895,12,28.0,-36.0,,,,,,,,,,,,,,,,,,,,,,,,,,,,,,,,,,,,,,,,5.27,6.7,10.52,7.87,3,3.98,24,1.0,0.4,0.8,-7.78,0.0,2.91,-2.38,3,8.1,24,1.0,0.4,0.8,-2.6,1.72,5.12,1.27,3,5.67,24,1.0,0.4,0.8,1009.2,1009.2,1009.2,1009.2,1,0.0,24,1.0,0.8,0.8,,,,,,,,,,,,,,,,,,,,,,,,,,,,,,,,,,,,,,,,,,,,,,,,,,,,,,,,,,,,,,,,,,,,,,,,,,,,,,,,,,,,,,,,,,,,,,,,,,,,,,,,,,,,,,,,,,,,,,,,,,,,,,,,,,,,,,,,,,,,,,,,,,,,,,
1895,12,28.0,30.0,,,,,,,,,,,,,,,,,,,,,,,,,,,,,,,,,,,,,,,,9.3,9.3,9.3,9.3,1,0.0,30,1.0,0.8,0.8,6.58,6.58,6.58,6.58,1,0.0,30,1.0,0.8,0.8,-6.58,-6.58,-6.58,-6.58,1,0.0,30,1.0,0.8,0.8,1010.8,1010.8,1010.8,1010.8,1,0.0,30,1.0,0.8,0.8,,,,,,,,,,,,,,,,,,,,,,,,,,,,,,,,,,,,,,,,,,,,,,,,,,,,,,,,,,,,,,,,,,,,,,,,,,,,,,,,,,,,,,,,,,,,,,,,,,,,,,,,,,,,,,,,,,,,,,,,,,,,,,,,,,,,,,,,,,,,,,,,,,,,,,
1895,12,28.0,32.0,,,,,,,,,,,,,,,,,,,,,,,,,,,,,,,,,,,,,,,,1.0,4.6,9.3,5.05,28,4.25,18,0.6,0.5,0.3,0.0,2.5,6.47,2.86,28,4.31,18,0.6,0.5,0.3,-3.07,0.0,3.21,-0.5,28,4.15,18,0.6,0.5,0.3,1007.2,1014.5,1023.47,1014.57,27,6.68,18,0.6,0.5,0.3,,,,,,,,,,,,,,,,,,,,,,,,,,,,,,,,,,,,,,,,,,,,,,,,,,,,,,,,,,,,,,,,,,,,,,,,,,,,,,,,,,,,,,,,,,,,,,,,,,,,,,,,,,,,,,,,,,,,,,,,,,,,,,,,,,,,,,,,,,,,,,,,,,,,,,
1895,12,30.0,-46.0,,,,,,,,,,,,,,,,,,,,,,,,,,,,,,,,,,,,,,,,4.6,9.3,19.0,10.97,6,6.57,24,0.3,0.5,0.4,0.0,0.0,3.65,1.29,6,2.02,24,0.3,0.5,0.4,-19.0,-8.96,-3.29,-9.8,6,8.13,24,0.3,0.5,0.4,1005.58,1010.6,1023.49,1013.35,6,8.57,26,0.2,0.6,0.5,,,,,,,,,,,,,,,,,,,,,,,,,,,,,,,,,,,,,,,,,,,,,,,,,,,,,,,,,,,,,,,,,,,,,,,,,,,,,,,,,,,,,,,,,,,,,,,,,,,,,,,,,,,,,,,,,,,,,,,,,,,,,,,,,,,,,,,,,,,,,,,,,,,,,,
1895,12,30.0,-42.0,,,,,,,,,,,,,,,,,,,,,,,,,,,,,,,,,,,,,,,,6.7,6.7,6.7,6.7,1,0.0,14,1.0,0.3,0.8,2.62,2.62,2.62,2.62,1,0.0,14,1.0,0.3,0.8,6.17,6.17,6.17,6.17,1,0.0,14,1.0,0.3,0.8,1024.0,1024.0,1024.0,1024.0,1,0.0,14,1.0,0.3,0.8,,,,,,,,,,,,,,,,,,,,,,,,,,,,,,,,,,,,,,,,,,,,,,,,,,,,,,,,,,,,,,,,,,,,,,,,,,,,,,,,,,,,,,,,,,,,,,,,,,,,,,,,,,,,,,,,,,,,,,,,,,,,,,,,,,,,,,,,,,,,,,,,,,,,,,
1895,12,30.0,-30.0,,,,,,,,,,,,,,,,,,,,,,,,,,,,,,,,,,,,,,,,12.3,12.3,12.3,12.3,1,0.0,30,1.0,0.8,0.3,8.7,8.7,8.7,8.7,1,0.0,30,1.0,0.8,0.3,8.7,8.7,8.7,8.7,1,0.0,30,1.0,0.8,0.3,1012.6,1012.6,1012.6,1012.6,1,0.0,30,1.0,0.8,0.3,,,,,,,,,,,,,,,,,,,,,,,,,,,,,,,,,,,,,,,,,,,,,,,,,,,,,,,,,,,,,,,,,,,,,,,,,,,,,,,,,,,,,,,,,,,,,,,,,,,,,,,,,,,,,,,,,,,,,,,,,,,,,,,,,,,,,,,,,,,,,,,,,,,,,,
1895,12,30.0,30.0,,,,,,,,,,,,,,,,,,,,,,,,,,,,,,,,,,,,,,,,1.0,4.6,8.31,4.72,16,3.47,18,0.6,0.7,0.8,0.0,2.1,5.7,2.42,16,3.87,18,0.6,0.7,0.8,-4.78,-1.01,2.67,-1.49,16,3.49,18,0.6,0.7,0.8,1010.61,1017.3,1021.59,1015.9,14,5.72,18,0.6,0.7,0.8,,,,,,,,,,,,,,,,,,,,,,,,,,,,,,,,,,,,,,,,,,,,,,,,,,,,,,,,,,,,,,,,,,,,,,,,,,,,,,,,,,,,,,,,,,,,,,,,,,,,,,,,,,,,,,,,,,,,,,,,,,,,,,,,,,,,,,,,,,,,,,,,,,,,,,
1895,12,30.0,32.0,,,,,,,,,,,,,,,,,,,,,,,,,,,,,,,,,,,,,,,,2.6,4.6,6.7,5.22,13,2.71,16,0.4,0.3,0.3,-1.09,3.25,4.88,2.69,13,4.31,16,0.4,0.3,0.3,-4.28,-1.02,2.58,-0.78,13,3.13,16,0.4,0.3,0.3,1008.3,1015.85,1023.65,1015.99,12,6.93,16,0.4,0.3,0.3,,,,,,,,,,,,,,,,,,,,,,,,,,,,,,,,,,,,,,,,,,,,,,,,,,,,,,,,,,,,,,,,,,,,,,,,,,,,,,,,,,,,,,,,,,,,,,,,,,,,,,,,,,,,,,,,,,,,,,,,,,,,,,,,,,,,,,,,,,,,,,,,,,,,,,
1895,12,32.0,-46.0,,,,,,,,,,,,,,,,,,,,,,,,,,,,,,,,,,,,,,,,3.86,8.0,9.3,6.7,6,3.38,30,0.8,0.6,0.5,0.0,0.46,3.77,2.01,6,3.38,30,0.8,0.6,0.5,-9.3,-3.3,3.71,-2.85,6,6.26,30,0.8,0.6,0.5,1007.45,1011.4,1023.84,1014.18,6,7.92,30,0.8,0.5,0.6,,,,,,,,,,,,,,,,,,,,,,,,,,,,,,,,,,,,,,,,,,,,,,,,,,,,,,,,,,,,,,,,,,,,,,,,,,,,,,,,,,,,,,,,,,,,,,,,,,,,,,,,,,,,,,,,,,,,,,,,,,,,,,,,,,,,,,,,,,,,,,,,,,,,,,
1895,12,32.0,-38.0,,,,,,,,,,,,,,,,,,,,,,,,,,,,,,,,,,,,,,,,9.3,9.3,9.3,9.3,1,0.0,26,1.0,0.8,0.8,-6.58,-6.58,-6.58,-6.58,1,0.0,26,1.0,0.8,0.8,-6.58,-6.58,-6.58,-6.58,1,0.0,26,1.0,0.8,0.8,1012.4,1012.4,1012.4,1012.4,1,0.0,26,1.0,0.8,0.8,,,,,,,,,,,,,,,,,,,,,,,,,,,,,,,,,,,,,,,,,,,,,,,,,,,,,,,,,,,,,,,,,,,,,,,,,,,,,,,,,,,,,,,,,,,,,,,,,,,,,,,,,,,,,,,,,,,,,,,,,,,,,,,,,,,,,,,,,,,,,,,,,,,,,,
1895,12,32.0,-28.0,,,,,,,,,,,,,,,,,,,,,,,,,,,,,,,,,,,,,,,,4.6,4.6,6.7,5.71,8,1.73,2,0.6,0.6,0.7,-6.7,-4.6,-3.25,-4.93,8,2.24,2,0.6,0.6,0.7,-3.25,0.0,0.0,-0.89,8,2.56,2,0.6,0.6,0.7,1009.79,1012.6,1019.25,1013.74,7,4.27,2,0.6,0.5,0.7,,,,,,,,,,,,,,,,,,,,,,,,,,,,,,,,,,,,,,,,,,,,,,,,,,,,,,,,,,,,,,,,,,,,,,,,,,,,,,,,,,,,,,,,,,,,,,,,,,,,,,,,,,,,,,,,,,,,,,,,,,,,,,,,,,,,,,,,,,,,,,,,,,,,,,
1895,12,32.0,-26.0,,,,,,,,,,,,,,,,,,,,,,,,,,,,,,,,,,,,,,,,7.11,8.0,8.89,8.0,2,1.84,18,1.0,0.8,0.3,-5.53,-3.29,-1.04,-3.29,2,4.65,18,1.0,0.8,0.3,6.6,6.64,6.68,6.64,2,0.09,18,1.0,0.8,0.3,1017.7,1017.7,1017.7,1017.7,1,0.0,26,1.0,0.8,0.3,,,,,,,,,,,,,,,,,,,,,,,,,,,,,,,,,,,,,,,,,,,,,,,,,,,,,,,,,,,,,,,,,,,,,,,,,,,,,,,,,,,,,,,,,,,,,,,,,,,,,,,,,,,,,,,,,,,,,,,,,,,,,,,,,,,,,,,,,,,,,,,,,,,,,,
1895,12,32.0,26.0,,,,,,,,,,,,,,,,,,,,,,,,,,,,,,,,,,,,,,,,2.6,5.65,6.7,4.95,10,2.66,16,0.8,0.8,0.8,0.82,1.84,3.78,2.08,10,2.43,16,0.8,0.8,0.8,-6.21,-4.5,-1.84,-4.1,10,2.22,16,0.8,0.8,0.8,1016.0,1017.8,1020.39,1017.98,9,3.07,16,0.8,0.8,0.8,,,,,,,,,,,,,,,,,,,,,,,,,,,,,,,,,,,,,,,,,,,,,,,,,,,,,,,,,,,,,,,,,,,,,,,,,,,,,,,,,,,,,,,,,,,,,,,,,,,,,,,,,,,,,,,,,,,,,,,,,,,,,,,,,,,,,,,,,,,,,,,,,,,,,,
1895,12,32.0,28.0,,,,,,,,,,,,,,,,,,,,,,,,,,,,,,,,,,,,,,,,1.63,4.6,6.7,5.07,35,2.8,14,0.5,0.4,0.5,0.0,1.72,4.74,2.13,35,2.75,14,0.5,0.4,0.5,-6.21,-2.6,1.38,-2.63,35,3.87,14,0.5,0.4,0.5,1014.64,1017.55,1021.31,1017.69,32,3.33,14,0.6,0.4,0.5,,,,,,,,,,,,,,,,,,,,,,,,,,,,,,,,,,,,,,,,,,,,,,,,,,,,,,,,,,,,,,,,,,,,,,,,,,,,,,,,,,,,,,,,,,,,,,,,,,,,,,,,,,,,,,,,,,,,,,,,,,,,,,,,,,,,,,,,,,,,,,,,,,,,,,
1895,12,32.0,30.0,,,,,,,,,,,,,,,,,,,,,,,,,,,,,,,,,,,,,,,,0.11,3.6,4.6,2.75,8,2.13,18,0.3,0.3,0.8,-2.89,0.19,2.51,0.14,8,2.92,18,0.3,0.3,0.8,-1.7,0.0,0.0,-0.22,8,2.15,18,0.3,0.3,0.8,1011.52,1012.2,1016.95,1014.13,7,4.09,18,0.1,0.3,0.8,,,,,,,,,,,,,,,,,,,,,,,,,,,,,,,,,,,,,,,,,,,,,,,,,,,,,,,,,,,,,,,,,,,,,,,,,,,,,,,,,,,,,,,,,,,,,,,,,,,,,,,,,,,,,,,,,,,,,,,,,,,,,,,,,,,,,,,,,,,,,,,,,,,,,,
1895,12,34.0,-46.0,,,,,,,,,,,,,,,,,,,,,,,,,,,,,,,,,,,,,,,,6.27,6.7,9.92,7.72,6,2.7,22,0.7,0.6,0.4,-3.86,0.0,4.35,0.11,6,3.91,22,0.7,0.6,0.4,-7.08,-5.72,0.91,-2.86,6,7.32,22,0.7,0.6,0.4,1016.82,1024.45,1024.95,1021.05,4,7.18,24,0.5,0.6,0.3,,,,,,,,,,,,,,,,,,,,,,,,,,,,,,,,,,,,,,,,,,,,,,,,,,,,,,,,,,,,,,,,,,,,,,,,,,,,,,,,,,,,,,,,,,,,,,,,,,,,,,,,,,,,,,,,,,,,,,,,,,,,,,,,,,,,,,,,,,,,,,,,,,,,,,
1895,12,34.0,-44.0,,,,,,,,,,,,,,,,,,,,,,,,,,,,,,,,,,,,,,,,10.25,12.3,12.3,11.3,3,1.73,14,1.0,0.4,0.4,4.81,4.81,7.41,6.08,3,2.2,14,1.0,0.4,0.4,5.97,11.32,11.32,8.71,3,4.53,14,1.0,0.4,0.4,1015.7,1015.7,1015.7,1015.7,1,0.0,14,1.0,0.3,0.8,,,,,,,,,,,,,,,,,,,,,,,,,,,,,,,,,,,,,,,,,,,,,,,,,,,,,,,,,,,,,,,,,,,,,,,,,,,,,,,,,,,,,,,,,,,,,,,,,,,,,,,,,,,,,,,,,,,,,,,,,,,,,,,,,,,,,,,,,,,,,,,,,,,,,,
1895,12,34.0,-24.0,,,,,,,,,,,,,,,,,,,,,,,,,,,,,,,,,,,,,,,,4.6,4.6,7.06,5.78,4,2.35,12,1.0,0.8,0.4,-4.43,-2.12,0.0,-2.21,4,2.55,12,1.0,0.8,0.4,-2.41,0.9,5.73,1.62,4,5.78,12,1.0,0.8,0.4,1006.71,1009.1,1014.08,1010.37,3,5.51,12,1.0,0.8,0.3,,,,,,,,,,,,,,,,,,,,,,,,,,,,,,,,,,,,,,,,,,,,,,,,,,,,,,,,,,,,,,,,,,,,,,,,,,,,,,,,,,,,,,,,,,,,,,,,,,,,,,,,,,,,,,,,,,,,,,,,,,,,,,,,,,,,,,,,,,,,,,,,,,,,,,
1895,12,34.0,24.0,,,,,,,,,,,,,,,,,,,,,,,,,,,,,,,,,,,,,,,,2.55,3.6,6.7,4.02,26,2.44,16,0.4,0.8,0.6,0.0,0.0,1.82,0.41,26,1.26,16,0.4,0.8,0.6,-6.7,-2.6,-0.68,-3.15,26,3.26,16,0.4,0.8,0.6,1013.69,1016.2,1018.96,1016.11,23,2.68,16,0.4,0.8,0.6,,,,,,,,,,,,,,,,,,,,,,,,,,,,,,,,,,,,,,,,,,,,,,,,,,,,,,,,,,,,,,,,,,,,,,,,,,,,,,,,,,,,,,,,,,,,,,,,,,,,,,,,,,,,,,,,,,,,,,,,,,,,,,,,,,,,,,,,,,,,,,,,,,,,,,
1895,12,34.0,26.0,,,,,,,,,,,,,,,,,,,,,,,,,,,,,,,,,,,,,,,,1.0,3.6,6.7,4.0,32,3.04,16,0.4,0.3,0.4,0.0,0.84,2.51,0.95,32,1.79,16,0.4,0.3,0.4,-6.21,-3.42,0.0,-3.43,32,3.08,16,0.4,0.3,0.4,1014.38,1017.5,1020.26,1017.18,29,2.87,16,0.4,0.3,0.4,,,,,,,,,,,,,,,,,,,,,,,,,,,,,,,,,,,,,,,,,,,,,,,,,,,,,,,,,,,,,,,,,,,,,,,,,,,,,,,,,,,,,,,,,,,,,,,,,,,,,,,,,,,,,,,,,,,,,,,,,,,,,,,,,,,,,,,,,,,,,,,,,,,,,,
1895,12,36.0,-46.0,,,,,,,,,,,,,,,,,,,,,,,,,,,,,,,,,,,,,,,,4.6,6.7,7.34,6.52,6,1.91,22,0.7,0.6,0.5,-0.54,1.91,6.17,2.26,6,3.66,22,0.7,0.6,0.5,-4.92,-3.61,-0.21,-1.93,6,5.53,22,0.7,0.6,0.5,1023.53,1023.8,1023.94,1023.73,3,0.31,30,1.0,0.6,0.3,,,,,,,,,,,,,,,,,,,,,,,,,,,,,,,,,,,,,,,,,,,,,,,,,,,,,,,,,,,,,,,,,,,,,,,,,,,,,,,,,,,,,,,,,,,,,,,,,,,,,,,,,,,,,,,,,,,,,,,,,,,,,,,,,,,,,,,,,,,,,,,,,,,,,,
1895,12,36.0,-40.0,,,,,,,,,,,,,,,,,,,,,,,,,,,,,,,,,,,,,,,,6.7,6.7,6.7,6.7,1,0.0,26,1.0,0.3,0.8,-4.74,-4.74,-4.74,-4.74,1,0.0,26,1.0,0.3,0.8,-4.74,-4.74,-4.74,-4.74,1,0.0,26,1.0,0.3,0.8,1013.6,1013.6,1013.6,1013.6,1,0.0,26,1.0,0.3,0.8,,,,,,,,,,,,,,,,,,,,,,,,,,,,,,,,,,,,,,,,,,,,,,,,,,,,,,,,,,,,,,,,,,,,,,,,,,,,,,,,,,,,,,,,,,,,,,,,,,,,,,,,,,,,,,,,,,,,,,,,,,,,,,,,,,,,,,,,,,,,,,,,,,,,,,
1895,12,36.0,20.0,,,,,,,,,,,,,,,,,,,,,,,,,,,,,,,,,,,,,,,,1.0,1.8,3.65,2.3,4,1.71,10,0.0,0.8,0.8,-0.2,0.0,0.0,-0.09,4,0.19,10,0.0,0.8,0.8,-1.84,-0.04,2.85,0.48,4,3.1,10,0.0,0.8,0.8,1014.24,1015.85,1016.15,1015.23,4,1.51,10,0.0,0.8,0.8,,,,,,,,,,,,,,,,,,,,,,,,,,,,,,,,,,,,,,,,,,,,,,,,,,,,,,,,,,,,,,,,,,,,,,,,,,,,,,,,,,,,,,,,,,,,,,,,,,,,,,,,,,,,,,,,,,,,,,,,,,,,,,,,,,,,,,,,,,,,,,,,,,,,,,
1895,12,36.0,22.0,,,,,,,,,,,,,,,,,,,,,,,,,,,,,,,,,,,,,,,,0.71,2.6,4.6,2.88,37,1.9,16,0.4,0.6,0.5,-1.76,0.0,0.97,-0.25,37,1.89,16,0.4,0.6,0.5,-2.79,-1.0,1.74,-0.76,37,2.8,16,0.4,0.6,0.5,1012.0,1014.7,1017.58,1014.85,34,2.46,16,0.4,0.6,0.5,,,,,,,,,,,,,,,,,,,,,,,,,,,,,,,,,,,,,,,,,,,,,,,,,,,,,,,,,,,,,,,,,,,,,,,,,,,,,,,,,,,,,,,,,,,,,,,,,,,,,,,,,,,,,,,,,,,,,,,,,,,,,,,,,,,,,,,,,,,,,,,,,,,,,,
1895,12,36.0,24.0,,,,,,,,,,,,,,,,,,,,,,,,,,,,,,,,,,,,,,,,2.19,4.6,6.7,4.33,12,2.56,16,0.8,0.3,0.3,-0.44,0.0,1.92,0.62,12,2.06,16,0.8,0.3,0.3,-5.11,-3.76,-0.75,-3.19,12,3.35,16,0.8,0.3,0.3,1012.7,1015.8,1018.37,1015.6,10,2.85,14,0.8,0.3,0.3,,,,,,,,,,,,,,,,,,,,,,,,,,,,,,,,,,,,,,,,,,,,,,,,,,,,,,,,,,,,,,,,,,,,,,,,,,,,,,,,,,,,,,,,,,,,,,,,,,,,,,,,,,,,,,,,,,,,,,,,,,,,,,,,,,,,,,,,,,,,,,,,,,,,,,
1895,12,38.0,-46.0,,,,,,,,,,,,,,,,,,,,,,,,,,,,,,,,,,,,,,,,6.7,9.3,9.3,8.19,7,1.39,22,0.7,0.6,0.5,-3.69,0.0,6.17,0.54,7,4.74,22,0.7,0.6,0.5,-8.66,-8.56,-2.62,-6.43,7,3.0,22,0.7,0.6,0.5,1008.72,1021.95,1022.66,1015.98,4,12.53,24,0.5,0.6,0.3,,,,,,,,,,,,,,,,,,,,,,,,,,,,,,,,,,,,,,,,,,,,,,,,,,,,,,,,,,,,,,,,,,,,,,,,,,,,,,,,,,,,,,,,,,,,,,,,,,,,,,,,,,,,,,,,,,,,,,,,,,,,,,,,,,,,,,,,,,,,,,,,,,,,,,
1895,12,38.0,-44.0,,,,,,,,,,,,,,,,,,,,,,,,,,,,,,,,,,,,,,,,12.3,12.3,12.3,12.3,1,0.0,16,1.0,0.8,0.3,8.7,8.7,8.7,8.7,1,0.0,16,1.0,0.8,0.3,8.7,8.7,8.7,8.7,1,0.0,16,1.0,0.8,0.3,1005.3,1005.3,1005.3,1005.3,1,0.0,16,1.0,0.8,0.3,,,,,,,,,,,,,,,,,,,,,,,,,,,,,,,,,,,,,,,,,,,,,,,,,,,,,,,,,,,,,,,,,,,,,,,,,,,,,,,,,,,,,,,,,,,,,,,,,,,,,,,,,,,,,,,,,,,,,,,,,,,,,,,,,,,,,,,,,,,,,,,,,,,,,,
1895,12,38.0,-40.0,,,,,,,,,,,,,,,,,,,,,,,,,,,,,,,,,,,,,,,,12.79,13.85,14.91,13.85,2,2.19,28,1.0,0.8,0.8,-12.08,-11.59,-11.11,-11.59,2,1.0,28,1.0,0.8,0.8,1.73,5.44,9.16,5.44,2,7.7,28,1.0,0.8,0.8,1015.27,1018.0,1020.73,1018.0,2,5.66,28,1.0,0.8,0.8,,,,,,,,,,,,,,,,,,,,,,,,,,,,,,,,,,,,,,,,,,,,,,,,,,,,,,,,,,,,,,,,,,,,,,,,,,,,,,,,,,,,,,,,,,,,,,,,,,,,,,,,,,,,,,,,,,,,,,,,,,,,,,,,,,,,,,,,,,,,,,,,,,,,,,
1895,12,38.0,-18.0,,,,,,,,,,,,,,,,,,,,,,,,,,,,,,,,,,,,,,,,3.9,6.7,8.47,6.2,3,3.38,12,1.0,0.6,0.6,-5.99,-4.74,-2.2,-4.11,3,2.83,12,1.0,0.6,0.6,-3.99,-2.39,3.73,-0.18,3,5.97,12,1.0,0.6,0.6,1009.21,1010.1,1010.99,1010.1,2,1.84,12,1.0,0.8,0.8,,,,,,,,,,,,,,,,,,,,,,,,,,,,,,,,,,,,,,,,,,,,,,,,,,,,,,,,,,,,,,,,,,,,,,,,,,,,,,,,,,,,,,,,,,,,,,,,,,,,,,,,,,,,,,,,,,,,,,,,,,,,,,,,,,,,,,,,,,,,,,,,,,,,,,
1895,12,38.0,-8.0,,,,,,,,,,,,,,,,,,,,,,,,,,,,,,,,,,,,,,,,4.93,5.65,6.37,5.65,2,1.48,16,1.0,0.8,0.8,-6.37,-5.65,-4.93,-5.65,2,1.48,16,1.0,0.8,0.8,0.0,0.0,0.0,0.0,2,0.0,16,1.0,0.8,0.8,1010.3,1010.3,1010.3,1010.3,1,0.0,18,1.0,0.8,0.8,,,,,,,,,,,,,,,,,,,,,,,,,,,,,,,,,,,,,,,,,,,,,,,,,,,,,,,,,,,,,,,,,,,,,,,,,,,,,,,,,,,,,,,,,,,,,,,,,,,,,,,,,,,,,,,,,,,,,,,,,,,,,,,,,,,,,,,,,,,,,,,,,,,,,,
1895,12,38.0,18.0,,,,,,,,,,,,,,,,,,,,,,,,,,,,,,,,,,,,,,,,1.0,2.6,6.7,4.06,30,3.5,18,0.6,0.8,0.6,-3.25,-1.72,-0.57,-1.85,30,1.44,18,0.6,0.8,0.6,0.0,2.41,6.21,3.06,30,3.75,18,0.6,0.8,0.6,1009.89,1013.45,1014.94,1013.03,28,2.22,18,0.6,0.8,0.5,,,,,,,,,,,,,,,,,,,,,,,,,,,,,,,,,,,,,,,,,,,,,,,,,,,,,,,,,,,,,,,,,,,,,,,,,,,,,,,,,,,,,,,,,,,,,,,,,,,,,,,,,,,,,,,,,,,,,,,,,,,,,,,,,,,,,,,,,,,,,,,,,,,,,,
1895,12,38.0,20.0,,,,,,,,,,,,,,,,,,,,,,,,,,,,,,,,,,,,,,,,1.0,2.6,4.6,2.77,36,2.76,16,0.6,0.3,0.5,-2.09,-0.37,0.0,-0.7,36,1.56,16,0.6,0.3,0.5,-1.37,0.55,3.7,1.17,36,3.34,16,0.6,0.3,0.5,1011.37,1014.05,1015.4,1013.48,32,2.18,16,0.6,0.3,0.5,,,,,,,,,,,,,,,,,,,,,,,,,,,,,,,,,,,,,,,,,,,,,,,,,,,,,,,,,,,,,,,,,,,,,,,,,,,,,,,,,,,,,,,,,,,,,,,,,,,,,,,,,,,,,,,,,,,,,,,,,,,,,,,,,,,,,,,,,,,,,,,,,,,,,,
1895,12,38.0,22.0,,,,,,,,,,,,,,,,,,,,,,,,,,,,,,,,,,,,,,,,2.6,3.6,4.6,3.6,4,1.15,18,0.5,0.3,0.3,-1.37,-0.49,1.7,0.14,4,2.19,18,0.5,0.3,0.3,-0.56,2.51,3.47,1.51,4,3.28,18,0.5,0.3,0.3,1011.53,1011.6,1014.88,1013.17,3,2.8,18,0.7,0.3,0.3,,,,,,,,,,,,,,,,,,,,,,,,,,,,,,,,,,,,,,,,,,,,,,,,,,,,,,,,,,,,,,,,,,,,,,,,,,,,,,,,,,,,,,,,,,,,,,,,,,,,,,,,,,,,,,,,,,,,,,,,,,,,,,,,,,,,,,,,,,,,,,,,,,,,,,
1895,12,40.0,-46.0,,,,,,,,,,,,,,,,,,,,,,,,,,,,,,,,,,,,,,,,6.7,6.7,12.3,8.94,5,3.07,20,0.8,0.5,0.6,-4.81,6.17,6.17,1.78,5,6.01,20,0.8,0.5,0.6,-11.32,-2.62,-2.62,-6.1,5,4.77,20,0.8,0.5,0.6,1017.79,1018.85,1019.91,1018.85,2,2.19,30,1.0,0.5,0.3,,,,,,,,,,,,,,,,,,,,,,,,,,,,,,,,,,,,,,,,,,,,,,,,,,,,,,,,,,,,,,,,,,,,,,,,,,,,,,,,,,,,,,,,,,,,,,,,,,,,,,,,,,,,,,,,,,,,,,,,,,,,,,,,,,,,,,,,,,,,,,,,,,,,,,
1895,12,40.0,-42.0,,,,,,,,,,,,,,,,,,,,,,,,,,,,,,,,,,,,,,,,7.68,9.8,11.51,9.6,3,2.81,26,1.0,0.6,0.4,-5.32,-2.35,-2.02,-3.64,3,2.66,26,1.0,0.6,0.4,-11.3,-9.62,-3.05,-7.23,3,6.38,26,1.0,0.6,0.4,1027.1,1027.1,1027.1,1027.1,1,0.0,30,1.0,0.8,0.8,,,,,,,,,,,,,,,,,,,,,,,,,,,,,,,,,,,,,,,,,,,,,,,,,,,,,,,,,,,,,,,,,,,,,,,,,,,,,,,,,,,,,,,,,,,,,,,,,,,,,,,,,,,,,,,,,,,,,,,,,,,,,,,,,,,,,,,,,,,,,,,,,,,,,,
1895,12,40.0,-40.0,,,,,,,,,,,,,,,,,,,,,,,,,,,,,,,,,,,,,,,,9.3,9.3,9.3,9.3,1,0.0,30,1.0,0.3,0.8,-8.56,-8.56,-8.56,-8.56,1,0.0,30,1.0,0.3,0.8,3.63,3.63,3.63,3.63,1,0.0,30,1.0,0.3,0.8,1025.3,1025.3,1025.3,1025.3,1,0.0,30,1.0,0.3,0.8,,,,,,,,,,,,,,,,,,,,,,,,,,,,,,,,,,,,,,,,,,,,,,,,,,,,,,,,,,,,,,,,,,,,,,,,,,,,,,,,,,,,,,,,,,,,,,,,,,,,,,,,,,,,,,,,,,,,,,,,,,,,,,,,,,,,,,,,,,,,,,,,,,,,,,
1895,12,40.0,-18.0,,,,,,,,,,,,,,,,,,,,,,,,,,,,,,,,,,,,,,,,4.6,4.6,4.6,4.6,1,0.0,22,1.0,0.3,0.8,-4.6,-4.6,-4.6,-4.6,1,0.0,22,1.0,0.3,0.8,0.0,0.0,0.0,0.0,1,0.0,22,1.0,0.3,0.8,1009.0,1009.0,1009.0,1009.0,1,0.0,22,1.0,0.3,0.8,,,,,,,,,,,,,,,,,,,,,,,,,,,,,,,,,,,,,,,,,,,,,,,,,,,,,,,,,,,,,,,,,,,,,,,,,,,,,,,,,,,,,,,,,,,,,,,,,,,,,,,,,,,,,,,,,,,,,,,,,,,,,,,,,,,,,,,,,,,,,,,,,,,,,,
1895,12,40.0,-12.0,,,,,,,,,,,,,,,,,,,,,,,,,,,,,,,,,,,,,,,,1.46,4.6,7.81,4.63,3,4.65,12,1.0,0.3,0.6,-2.89,0.0,2.38,-0.25,3,3.87,12,1.0,0.3,0.6,-5.89,0.0,1.23,-2.28,3,5.57,12,1.0,0.3,0.6,1010.4,1010.4,1010.4,1010.4,1,0.0,14,1.0,0.3,0.3,,,,,,,,,,,,,,,,,,,,,,,,,,,,,,,,,,,,,,,,,,,,,,,,,,,,,,,,,,,,,,,,,,,,,,,,,,,,,,,,,,,,,,,,,,,,,,,,,,,,,,,,,,,,,,,,,,,,,,,,,,,,,,,,,,,,,,,,,,,,,,,,,,,,,,
1895,12,40.0,-4.0,,,,,,,,,,,,,,,,,,,,,,,,,,,,,,,,,,,,,,,,3.71,8.0,9.3,6.58,4,3.91,14,1.0,0.5,0.5,-6.58,-5.66,-2.05,-4.37,4,3.29,14,1.0,0.5,0.5,-6.58,-5.66,-1.77,-4.24,4,3.55,14,1.0,0.5,0.5,1010.0,1010.0,1010.0,1010.0,1,0.0,18,1.0,0.8,0.8,,,,,,,,,,,,,,,,,,,,,,,,,,,,,,,,,,,,,,,,,,,,,,,,,,,,,,,,,,,,,,,,,,,,,,,,,,,,,,,,,,,,,,,,,,,,,,,,,,,,,,,,,,,,,,,,,,,,,,,,,,,,,,,,,,,,,,,,,,,,,,,,,,,,,,
1895,12,40.0,14.0,,,,,,,,,,,,,,,,,,,,,,,,,,,,,,,,,,,,,,,,0.38,4.6,12.3,5.68,16,4.93,18,0.7,0.8,0.8,-4.61,-1.72,0.0,-1.93,16,2.06,18,0.7,0.8,0.8,0.35,4.27,11.4,5.27,16,4.57,18,0.7,0.8,0.8,1010.93,1012.4,1014.2,1012.69,15,2.09,18,0.7,0.8,0.8,,,,,,,,,,,,,,,,,,,,,,,,,,,,,,,,,,,,,,,,,,,,,,,,,,,,,,,,,,,,,,,,,,,,,,,,,,,,,,,,,,,,,,,,,,,,,,,,,,,,,,,,,,,,,,,,,,,,,,,,,,,,,,,,,,,,,,,,,,,,,,,,,,,,,,
1895,12,40.0,16.0,,,,,,,,,,,,,,,,,,,,,,,,,,,,,,,,,,,,,,,,2.6,4.6,9.3,5.49,40,3.44,18,0.5,0.4,0.5,-4.09,-2.51,0.0,-2.19,40,2.06,18,0.5,0.4,0.5,0.0,2.62,8.62,3.63,40,4.47,18,0.5,0.4,0.5,1011.22,1013.1,1015.08,1013.1,36,1.92,18,0.5,0.4,0.5,,,,,,,,,,,,,,,,,,,,,,,,,,,,,,,,,,,,,,,,,,,,,,,,,,,,,,,,,,,,,,,,,,,,,,,,,,,,,,,,,,,,,,,,,,,,,,,,,,,,,,,,,,,,,,,,,,,,,,,,,,,,,,,,,,,,,,,,,,,,,,,,,,,,,,
1895,12,40.0,18.0,,,,,,,,,,,,,,,,,,,,,,,,,,,,,,,,,,,,,,,,1.51,2.6,2.6,2.07,3,0.92,10,0.0,0.3,0.3,-0.97,-0.97,-0.05,-0.52,3,0.78,10,0.0,0.3,0.3,0.13,2.41,2.41,1.3,3,1.93,10,0.0,0.3,0.3,1013.78,1014.6,1015.21,1014.5,3,1.05,10,0.0,0.3,0.3,,,,,,,,,,,,,,,,,,,,,,,,,,,,,,,,,,,,,,,,,,,,,,,,,,,,,,,,,,,,,,,,,,,,,,,,,,,,,,,,,,,,,,,,,,,,,,,,,,,,,,,,,,,,,,,,,,,,,,,,,,,,,,,,,,,,,,,,,,,,,,,,,,,,,,
1895,12,42.0,-48.0,,,,,,,,,,,,,,,,,,,,,,,,,,,,,,,,,,,,,,,,9.3,9.3,9.3,9.3,1,0.0,26,1.0,0.3,0.8,8.62,8.62,8.62,8.62,1,0.0,26,1.0,0.3,0.8,3.48,3.48,3.48,3.48,1,0.0,26,1.0,0.3,0.8,1017.7,1017.7,1017.7,1017.7,1,0.0,26,1.0,0.3,0.8,,,,,,,,,,,,,,,,,,,,,,,,,,,,,,,,,,,,,,,,,,,,,,,,,,,,,,,,,,,,,,,,,,,,,,,,,,,,,,,,,,,,,,,,,,,,,,,,,,,,,,,,,,,,,,,,,,,,,,,,,,,,,,,,,,,,,,,,,,,,,,,,,,,,,,
1895,12,42.0,-46.0,,,,,,,,,,,,,,,,,,,,,,,,,,,,,,,,,,,,,,,,9.55,12.3,12.3,10.84,7,2.91,26,0.6,0.5,0.3,0.0,0.0,9.74,3.56,7,5.16,26,0.6,0.5,0.3,-12.3,-12.3,2.39,-5.96,7,7.92,26,0.6,0.5,0.3,1014.59,1014.85,1015.69,1015.13,4,0.88,30,0.5,0.5,0.3,,,,,,,,,,,,,,,,,,,,,,,,,,,,,,,,,,,,,,,,,,,,,,,,,,,,,,,,,,,,,,,,,,,,,,,,,,,,,,,,,,,,,,,,,,,,,,,,,,,,,,,,,,,,,,,,,,,,,,,,,,,,,,,,,,,,,,,,,,,,,,,,,,,,,,
1895,12,42.0,12.0,,,,,,,,,,,,,,,,,,,,,,,,,,,,,,,,,,,,,,,,4.6,6.7,12.3,7.3,34,4.28,14,0.4,0.6,0.5,-4.74,-3.25,0.0,-2.97,34,2.27,14,0.4,0.6,0.5,0.17,4.74,11.4,5.95,34,4.75,14,0.4,0.6,0.5,1012.0,1014.05,1017.14,1014.06,30,2.15,14,0.4,0.6,0.5,,,,,,,,,,,,,,,,,,,,,,,,,,,,,,,,,,,,,,,,,,,,,,,,,,,,,,,,,,,,,,,,,,,,,,,,,,,,,,,,,,,,,,,,,,,,,,,,,,,,,,,,,,,,,,,,,,,,,,,,,,,,,,,,,,,,,,,,,,,,,,,,,,,,,,
1895,12,42.0,14.0,,,,,,,,,,,,,,,,,,,,,,,,,,,,,,,,,,,,,,,,4.6,9.3,12.3,8.65,26,4.57,16,0.3,0.3,0.3,-4.61,-2.12,0.0,-2.01,26,2.21,16,0.3,0.3,0.3,4.16,8.62,11.43,7.91,26,4.96,16,0.3,0.3,0.3,1011.1,1013.2,1014.37,1013.12,21,2.15,14,0.4,0.3,0.3,,,,,,,,,,,,,,,,,,,,,,,,,,,,,,,,,,,,,,,,,,,,,,,,,,,,,,,,,,,,,,,,,,,,,,,,,,,,,,,,,,,,,,,,,,,,,,,,,,,,,,,,,,,,,,,,,,,,,,,,,,,,,,,,,,,,,,,,,,,,,,,,,,,,,,
1895,12,44.0,-46.0,,,,,,,,,,,,,,,,,,,,,,,,,,,,,,,,,,,,,,,,9.55,12.3,12.62,11.44,7,4.31,18,0.6,0.5,0.5,0.0,9.8,12.14,6.69,7,5.89,18,0.6,0.5,0.5,-12.3,0.0,2.88,-1.87,7,8.97,18,0.6,0.5,0.5,997.09,1004.1,1009.75,1003.45,4,7.5,20,0.5,0.4,0.6,,,,,,,,,,,,,,,,,,,,,,,,,,,,,,,,,,,,,,,,,,,,,,,,,,,,,,,,,,,,,,,,,,,,,,,,,,,,,,,,,,,,,,,,,,,,,,,,,,,,,,,,,,,,,,,,,,,,,,,,,,,,,,,,,,,,,,,,,,,,,,,,,,,,,,
1895,12,44.0,-44.0,,,,,,,,,,,,,,,,,,,,,,,,,,,,,,,,,,,,,,,,6.7,6.7,7.65,7.22,5,1.16,12,0.8,0.6,0.6,-4.04,6.17,6.17,2.03,5,5.68,12,0.8,0.6,0.6,-4.79,-2.62,0.07,-2.34,5,4.72,12,0.8,0.6,0.6,1016.55,1016.95,1020.34,1018.38,4,3.17,8,0.8,0.5,0.8,,,,,,,,,,,,,,,,,,,,,,,,,,,,,,,,,,,,,,,,,,,,,,,,,,,,,,,,,,,,,,,,,,,,,,,,,,,,,,,,,,,,,,,,,,,,,,,,,,,,,,,,,,,,,,,,,,,,,,,,,,,,,,,,,,,,,,,,,,,,,,,,,,,,,,
1895,12,44.0,-2.0,,,,,,,,,,,,,,,,,,,,,,,,,,,,,,,,,,,,,,,,7.11,8.0,8.89,8.0,2,1.84,20,1.0,0.3,0.8,-6.28,-5.66,-5.03,-5.66,2,1.3,20,1.0,0.3,0.8,-6.28,-5.66,-5.03,-5.66,2,1.3,20,1.0,0.3,0.8,1011.0,1011.0,1011.0,1011.0,1,0.0,18,1.0,0.3,0.8,,,,,,,,,,,,,,,,,,,,,,,,,,,,,,,,,,,,,,,,,,,,,,,,,,,,,,,,,,,,,,,,,,,,,,,,,,,,,,,,,,,,,,,,,,,,,,,,,,,,,,,,,,,,,,,,,,,,,,,,,,,,,,,,,,,,,,,,,,,,,,,,,,,,,,
1895,12,44.0,12.0,,,,,,,,,,,,,,,,,,,,,,,,,,,,,,,,,,,,,,,,2.6,4.6,5.1,3.87,31,1.67,16,0.5,0.5,0.3,-4.63,-2.6,-2.26,-3.38,31,1.59,16,0.5,0.5,0.3,-1.91,0.0,1.02,-0.45,31,1.91,16,0.5,0.5,0.3,1013.59,1015.35,1016.16,1014.93,28,1.39,16,0.5,0.5,0.3,,,,,,,,,,,,,,,,,,,,,,,,,,,,,,,,,,,,,,,,,,,,,,,,,,,,,,,,,,,,,,,,,,,,,,,,,,,,,,,,,,,,,,,,,,,,,,,,,,,,,,,,,,,,,,,,,,,,,,,,,,,,,,,,,,,,,,,,,,,,,,,,,,,,,,
1895,12,46.0,-46.0,,,,,,,,,,,,,,,,,,,,,,,,,,,,,,,,,,,,,,,,10.25,12.3,14.42,12.33,3,3.05,12,0.3,0.6,0.3,10.25,12.3,14.42,12.33,3,3.05,12,0.3,0.6,0.3,0.0,0.0,0.0,0.0,3,0.0,12,0.3,0.6,0.3,980.4,980.4,980.4,980.4,1,0.0,8,1.0,0.8,0.3,,,,,,,,,,,,,,,,,,,,,,,,,,,,,,,,,,,,,,,,,,,,,,,,,,,,,,,,,,,,,,,,,,,,,,,,,,,,,,,,,,,,,,,,,,,,,,,,,,,,,,,,,,,,,,,,,,,,,,,,,,,,,,,,,,,,,,,,,,,,,,,,,,,,,,
1895,12,46.0,-44.0,,,,,,,,,,,,,,,,,,,,,,,,,,,,,,,,,,,,,,,,4.6,5.65,6.7,5.65,4,1.21,8,0.5,0.5,0.8,2.02,4.42,5.42,3.75,4,2.64,8,0.5,0.5,0.8,-2.23,-0.9,3.51,0.57,4,4.23,8,0.5,0.5,0.8,1016.36,1016.5,1017.18,1016.77,3,0.64,2,0.3,0.4,0.8,,,,,,,,,,,,,,,,,,,,,,,,,,,,,,,,,,,,,,,,,,,,,,,,,,,,,,,,,,,,,,,,,,,,,,,,,,,,,,,,,,,,,,,,,,,,,,,,,,,,,,,,,,,,,,,,,,,,,,,,,,,,,,,,,,,,,,,,,,,,,,,,,,,,,,
1895,12,46.0,12.0,,,,,,,,,,,,,,,,,,,,,,,,,,,,,,,,,,,,,,,,2.6,4.6,6.7,4.34,32,1.75,16,0.6,0.5,0.3,-6.21,-4.27,-2.41,-3.92,32,1.93,16,0.6,0.5,0.3,-1.78,-0.97,0.0,-0.82,32,1.49,16,0.6,0.5,0.3,1013.5,1015.2,1017.1,1015.16,29,1.84,16,0.6,0.5,0.3,,,,,,,,,,,,,,,,,,,,,,,,,,,,,,,,,,,,,,,,,,,,,,,,,,,,,,,,,,,,,,,,,,,,,,,,,,,,,,,,,,,,,,,,,,,,,,,,,,,,,,,,,,,,,,,,,,,,,,,,,,,,,,,,,,,,,,,,,,,,,,,,,,,,,,
1895,12,48.0,-46.0,,,,,,,,,,,,,,,,,,,,,,,,,,,,,,,,,,,,,,,,15.4,15.4,15.4,15.4,3,0.0,12,1.0,0.6,0.3,14.56,15.4,15.4,14.99,3,0.71,12,1.0,0.6,0.3,-4.11,0.0,0.0,-2.01,3,3.47,12,1.0,0.6,0.3,1002.0,1002.0,1002.0,1002.0,1,0.0,2,1.0,0.8,0.3,,,,,,,,,,,,,,,,,,,,,,,,,,,,,,,,,,,,,,,,,,,,,,,,,,,,,,,,,,,,,,,,,,,,,,,,,,,,,,,,,,,,,,,,,,,,,,,,,,,,,,,,,,,,,,,,,,,,,,,,,,,,,,,,,,,,,,,,,,,,,,,,,,,,,,
1895,12,48.0,-44.0,,,,,,,,,,,,,,,,,,,,,,,,,,,,,,,,,,,,,,,,4.93,5.65,6.37,5.65,2,1.48,2,0.5,0.3,0.8,4.31,4.49,4.66,4.49,2,0.36,2,0.5,0.3,0.8,-4.27,-3.27,-2.26,-3.27,2,2.08,2,0.5,0.3,0.8,1016.31,1016.55,1016.79,1016.55,2,0.49,2,0.5,0.3,0.8,,,,,,,,,,,,,,,,,,,,,,,,,,,,,,,,,,,,,,,,,,,,,,,,,,,,,,,,,,,,,,,,,,,,,,,,,,,,,,,,,,,,,,,,,,,,,,,,,,,,,,,,,,,,,,,,,,,,,,,,,,,,,,,,,,,,,,,,,,,,,,,,,,,,,,
1895,12,48.0,-42.0,,,,,,,,,,,,,,,,,,,,,,,,,,,,,,,,,,,,,,,,4.6,4.6,4.6,4.6,4,0.0,18,0.3,0.5,0.6,3.52,3.81,4.23,3.87,4,0.55,18,0.3,0.5,0.6,-2.93,-2.57,-1.22,-2.1,4,1.44,18,0.3,0.5,0.6,1018.4,1018.4,1018.4,1018.4,1,0.0,2,1.0,0.8,0.3,,,,,,,,,,,,,,,,,,,,,,,,,,,,,,,,,,,,,,,,,,,,,,,,,,,,,,,,,,,,,,,,,,,,,,,,,,,,,,,,,,,,,,,,,,,,,,,,,,,,,,,,,,,,,,,,,,,,,,,,,,,,,,,,,,,,,,,,,,,,,,,,,,,,,,
1895,12,48.0,12.0,,,,,,,,,,,,,,,,,,,,,,,,,,,,,,,,,,,,,,,,2.6,4.6,6.7,4.33,30,1.96,16,0.3,0.5,0.3,-6.21,-3.44,-2.41,-3.86,30,1.88,16,0.3,0.5,0.3,-2.51,-0.97,0.0,-1.26,30,1.63,16,0.3,0.5,0.3,1013.55,1015.1,1016.65,1015.15,27,1.75,16,0.3,0.5,0.3,,,,,,,,,,,,,,,,,,,,,,,,,,,,,,,,,,,,,,,,,,,,,,,,,,,,,,,,,,,,,,,,,,,,,,,,,,,,,,,,,,,,,,,,,,,,,,,,,,,,,,,,,,,,,,,,,,,,,,,,,,,,,,,,,,,,,,,,,,,,,,,,,,,,,,
1895,12,50.0,-46.0,,,,,,,,,,,,,,,,,,,,,,,,,,,,,,,,,,,,,,,,10.25,15.4,15.4,13.04,5,3.79,18,0.6,0.4,0.4,6.01,15.12,15.12,11.37,5,5.17,18,0.6,0.4,0.4,1.87,2.94,6.0,4.03,5,4.27,18,0.6,0.4,0.4,1010.8,1014.25,1017.7,1014.25,2,7.14,22,1.0,0.3,0.5,,,,,,,,,,,,,,,,,,,,,,,,,,,,,,,,,,,,,,,,,,,,,,,,,,,,,,,,,,,,,,,,,,,,,,,,,,,,,,,,,,,,,,,,,,,,,,,,,,,,,,,,,,,,,,,,,,,,,,,,,,,,,,,,,,,,,,,,,,,,,,,,,,,,,,
1895,12,50.0,-42.0,,,,,,,,,,,,,,,,,,,,,,,,,,,,,,,,,,,,,,,,4.6,6.7,6.7,6.1,7,1.02,12,0.6,0.4,0.5,4.26,6.21,6.58,5.76,7,1.04,12,0.6,0.4,0.5,-1.3,1.72,2.51,0.7,7,2.04,12,0.6,0.4,0.5,1020.08,1021.0,1022.34,1021.2,4,1.47,2,0.3,0.4,0.3,,,,,,,,,,,,,,,,,,,,,,,,,,,,,,,,,,,,,,,,,,,,,,,,,,,,,,,,,,,,,,,,,,,,,,,,,,,,,,,,,,,,,,,,,,,,,,,,,,,,,,,,,,,,,,,,,,,,,,,,,,,,,,,,,,,,,,,,,,,,,,,,,,,,,,
1895,12,50.0,10.0,,,,,,,,,,,,,,,,,,,,,,,,,,,,,,,,,,,,,,,,3.55,5.65,8.06,5.8,4,2.87,18,1.0,0.8,0.8,-4.99,-2.94,-2.51,-3.71,4,1.94,18,1.0,0.8,0.8,-6.38,-4.71,-2.06,-4.24,4,2.63,18,1.0,0.8,0.8,1012.2,1013.0,1014.54,1013.35,4,1.48,18,1.0,0.8,0.8,,,,,,,,,,,,,,,,,,,,,,,,,,,,,,,,,,,,,,,,,,,,,,,,,,,,,,,,,,,,,,,,,,,,,,,,,,,,,,,,,,,,,,,,,,,,,,,,,,,,,,,,,,,,,,,,,,,,,,,,,,,,,,,,,,,,,,,,,,,,,,,,,,,,,,
1895,12,50.0,12.0,,,,,,,,,,,,,,,,,,,,,,,,,,,,,,,,,,,,,,,,2.6,4.6,6.43,4.37,27,1.84,14,0.6,0.4,0.3,-4.56,-3.25,-1.8,-3.23,27,1.79,14,0.6,0.4,0.3,-4.23,-1.72,0.0,-2.3,27,1.92,14,0.6,0.4,0.3,1014.12,1015.65,1017.58,1015.82,24,1.91,16,0.6,0.4,0.3,,,,,,,,,,,,,,,,,,,,,,,,,,,,,,,,,,,,,,,,,,,,,,,,,,,,,,,,,,,,,,,,,,,,,,,,,,,,,,,,,,,,,,,,,,,,,,,,,,,,,,,,,,,,,,,,,,,,,,,,,,,,,,,,,,,,,,,,,,,,,,,,,,,,,,
1895,12,52.0,-46.0,,,,,,,,,,,,,,,,,,,,,,,,,,,,,,,,,,,,,,,,9.37,13.85,17.29,13.35,4,5.21,12,1.0,0.5,0.4,7.35,10.46,14.11,10.72,4,4.19,12,1.0,0.5,0.4,1.19,6.57,11.75,6.48,4,6.18,12,1.0,0.5,0.4,996.9,1001.2,1005.5,1001.2,2,8.91,6,1.0,0.5,0.5,,,,,,,,,,,,,,,,,,,,,,,,,,,,,,,,,,,,,,,,,,,,,,,,,,,,,,,,,,,,,,,,,,,,,,,,,,,,,,,,,,,,,,,,,,,,,,,,,,,,,,,,,,,,,,,,,,,,,,,,,,,,,,,,,,,,,,,,,,,,,,,,,,,,,,
1895,12,52.0,-44.0,,,,,,,,,,,,,,,,,,,,,,,,,,,,,,,,,,,,,,,,12.3,12.3,12.3,12.3,1,0.0,2,1.0,0.8,0.3,12.3,12.3,12.3,12.3,1,0.0,2,1.0,0.8,0.3,0.0,0.0,0.0,0.0,1,0.0,2,1.0,0.8,0.3,1012.2,1012.2,1012.2,1012.2,1,0.0,2,1.0,0.8,0.3,,,,,,,,,,,,,,,,,,,,,,,,,,,,,,,,,,,,,,,,,,,,,,,,,,,,,,,,,,,,,,,,,,,,,,,,,,,,,,,,,,,,,,,,,,,,,,,,,,,,,,,,,,,,,,,,,,,,,,,,,,,,,,,,,,,,,,,,,,,,,,,,,,,,,,
1895,12,52.0,-42.0,,,,,,,,,,,,,,,,,,,,,,,,,,,,,,,,,,,,,,,,4.6,6.7,6.7,5.86,5,1.15,12,0.6,0.6,0.4,4.27,6.21,6.58,5.58,5,1.21,12,0.6,0.6,0.4,-1.28,1.72,2.01,0.68,5,1.82,12,0.6,0.6,0.4,1023.36,1023.7,1023.9,1023.63,3,0.4,4,1.0,0.6,0.3,,,,,,,,,,,,,,,,,,,,,,,,,,,,,,,,,,,,,,,,,,,,,,,,,,,,,,,,,,,,,,,,,,,,,,,,,,,,,,,,,,,,,,,,,,,,,,,,,,,,,,,,,,,,,,,,,,,,,,,,,,,,,,,,,,,,,,,,,,,,,,,,,,,,,,
1895,12,52.0,10.0,,,,,,,,,,,,,,,,,,,,,,,,,,,,,,,,,,,,,,,,4.6,6.7,6.7,6.5,25,2.31,12,0.3,0.5,0.7,-4.74,-4.27,-3.13,-4.46,25,1.9,12,0.3,0.5,0.7,-6.17,-4.74,-3.25,-4.52,25,1.94,12,0.3,0.5,0.7,1013.27,1014.95,1015.81,1014.75,24,1.45,12,0.3,0.5,0.7,,,,,,,,,,,,,,,,,,,,,,,,,,,,,,,,,,,,,,,,,,,,,,,,,,,,,,,,,,,,,,,,,,,,,,,,,,,,,,,,,,,,,,,,,,,,,,,,,,,,,,,,,,,,,,,,,,,,,,,,,,,,,,,,,,,,,,,,,,,,,,,,,,,,,,
1895,12,52.0,12.0,25.4,25.55,26.61,25.77,10.0,0.67,18.0,0.2,0.4,0.4,24.43,24.8,25.63,25.2,10.0,1.15,18.0,0.2,0.4,0.4,15.26,15.26,15.26,15.26,2.0,0.0,30.0,0.0,0.4,0.7,80.8,80.8,80.8,80.8,2.0,0.0,30.0,0.0,0.7,3.46,4.6,8.19,5.56,10,2.4,18,0.2,0.4,0.4,-3.86,-2.51,-1.8,-3.02,10,2.26,18,0.2,0.4,0.4,-5.72,-3.88,-1.95,-4.13,10,2.44,18,0.2,0.4,0.4,1014.4,1014.7,1016.53,1015.24,7,1.12,22,0.1,0.4,0.5,0.0,2.0,3.0,2.1,10.0,2.1,18.0,0.2,0.4,0.4,-24.0,-10.9,-6.3,-18.4,10.0,23.1,18.0,0.2,0.4,0.4,-38.4,-19.5,-7.9,-27.0,10.0,24.5,18.0,0.2,0.4,0.4,0.14,0.95,1.26,0.57,10.0,1.22,18.0,0.2,0.4,0.4,0.1,3.5,6.6,1.2,10.0,9.3,18.0,0.2,0.4,0.4,5.09,5.09,5.09,5.09,2.0,0.0,30.0,0.0,0.4,0.7,25.1,28.7,32.4,28.7,2.0,7.5,30.0,0.0,0.4,0.7,-95.8,-62.9,-44.4,-77.9,10.0,64.3,18.0,0.2,0.4,0.4,-140.5,-101.2,-50.1,-103.4,10.0,59.8,18.0,0.2,0.4,0.4,-62.5,-55.4,-48.4,-55.4,2.0,14.6,30.0,0.0,0.4,0.7,-74.4,-66.1,-57.7,-66.1,2.0,17.4,30.0,0.0,0.4,0.7,-20.8,-18.5,-16.1,-18.5,2.0,4.9,30.0,0.0,0.4,0.7,-24.8,-22.0,-19.2,-22.0,2.0,5.8,30.0,0.0,0.4,0.7,51.5,97.5,588.5,263.5,10.0,301.5,18.0,0.2,0.4,0.4,50.0,95.0,590.0,265.0,10.0,300.0,18.0,0.2,0.4,0.4
1895,12,54.0,-46.0,,,,,,,,,,,,,,,,,,,,,,,,,,,,,,,,,,,,,,,,5.6,9.5,12.3,8.98,4,3.93,20,1.0,0.5,0.5,3.19,6.79,6.88,5.11,4,3.41,20,1.0,0.5,0.5,2.19,7.4,10.2,6.25,4,4.93,20,1.0,0.5,0.5,1018.75,1018.85,1018.95,1018.85,2,0.21,24,1.0,0.5,0.8,,,,,,,,,,,,,,,,,,,,,,,,,,,,,,,,,,,,,,,,,,,,,,,,,,,,,,,,,,,,,,,,,,,,,,,,,,,,,,,,,,,,,,,,,,,,,,,,,,,,,,,,,,,,,,,,,,,,,,,,,,,,,,,,,,,,,,,,,,,,,,,,,,,,,,
1895,12,54.0,-42.0,,,,,,,,,,,,,,,,,,,,,,,,,,,,,,,,,,,,,,,,1.0,5.65,6.7,4.45,6,2.79,10,0.3,0.4,0.3,0.94,4.67,6.58,4.03,6,2.61,10,0.3,0.4,0.3,-1.99,-0.35,0.26,-0.91,6,2.06,10,0.3,0.4,0.3,1020.95,1022.05,1023.1,1022.03,4,1.63,4,0.3,0.4,0.3,,,,,,,,,,,,,,,,,,,,,,,,,,,,,,,,,,,,,,,,,,,,,,,,,,,,,,,,,,,,,,,,,,,,,,,,,,,,,,,,,,,,,,,,,,,,,,,,,,,,,,,,,,,,,,,,,,,,,,,,,,,,,,,,,,,,,,,,,,,,,,,,,,,,,,
1895,12,54.0,10.0,,,,,,,,,,,,,,,,,,,,,,,,,,,,,,,,,,,,,,,,6.7,6.7,9.3,7.96,29,3.08,14,0.6,0.5,0.7,-6.41,-4.74,-3.25,-5.06,29,2.45,14,0.6,0.5,0.7,-8.56,-4.74,-2.51,-5.77,29,2.85,14,0.6,0.5,0.7,1012.1,1013.6,1016.11,1014.12,29,2.14,14,0.6,0.5,0.7,,,,,,,,,,,,,,,,,,,,,,,,,,,,,,,,,,,,,,,,,,,,,,,,,,,,,,,,,,,,,,,,,,,,,,,,,,,,,,,,,,,,,,,,,,,,,,,,,,,,,,,,,,,,,,,,,,,,,,,,,,,,,,,,,,,,,,,,,,,,,,,,,,,,,,
1895,12,54.0,12.0,25.2,25.5,26.66,25.74,8.0,0.73,18.0,0.9,0.5,0.6,24.86,25.3,26.67,25.71,8.0,1.13,18.0,0.9,0.5,0.6,15.16,15.69,16.21,15.69,2.0,1.09,30.0,1.0,0.4,0.7,75.5,78.1,80.7,78.1,2.0,5.4,30.0,1.0,0.7,4.6,5.65,6.7,5.4,8,1.54,18,0.9,0.5,0.6,-4.71,-3.78,-1.87,-3.62,8,1.58,18,0.9,0.5,0.6,-4.95,-4.23,-2.59,-3.76,8,1.43,18,0.9,0.5,0.6,1013.21,1016.3,1017.51,1015.58,5,2.4,22,1.0,0.4,0.6,2.0,4.5,6.0,4.1,8.0,2.2,18.0,0.9,0.5,0.6,-31.6,-21.9,-8.3,-21.3,8.0,13.4,18.0,0.9,0.5,0.6,-33.2,-19.5,-15.2,-21.6,8.0,11.0,18.0,0.9,0.5,0.6,-1.17,0.1,0.64,0.03,8.0,1.15,18.0,0.9,0.5,0.6,-5.4,0.7,1.8,-0.4,8.0,6.0,18.0,0.9,0.5,0.6,4.16,4.69,5.22,4.69,2.0,1.1,30.0,1.0,0.4,0.7,27.9,31.4,35.0,31.4,2.0,7.4,30.0,1.0,0.4,0.7,-125.5,-100.0,-46.5,-93.5,8.0,40.8,18.0,0.9,0.5,0.6,-126.9,-104.6,-66.6,-96.4,8.0,36.4,18.0,0.9,0.5,0.6,-72.3,-69.0,-65.8,-69.0,2.0,6.8,30.0,1.0,0.4,0.7,-81.1,-79.3,-77.4,-79.3,2.0,3.8,30.0,1.0,0.4,0.7,-22.6,-20.6,-18.5,-20.6,2.0,4.3,30.0,1.0,0.4,0.7,-26.7,-23.8,-20.8,-23.8,2.0,6.1,30.0,1.0,0.4,0.7,97.5,199.0,301.0,189.0,8.0,122.0,18.0,0.9,0.5,0.6,95.0,200.0,300.0,190.0,8.0,120.0,18.0,0.9,0.5,0.6
1895,12,56.0,-46.0,,,,,,,,,,,,,,,,,,,,,,,,,,,,,,,,,,,,,,,,12.3,12.3,14.42,13.33,3,1.79,12,0.3,0.6,0.3,6.88,6.88,11.93,9.34,3,4.27,12,0.3,0.6,0.3,7.17,10.2,10.2,8.72,3,2.56,12,0.3,0.6,0.3,1010.6,1010.6,1010.6,1010.6,1,0.0,4,1.0,0.8,0.3,,,,,,,,,,,,,,,,,,,,,,,,,,,,,,,,,,,,,,,,,,,,,,,,,,,,,,,,,,,,,,,,,,,,,,,,,,,,,,,,,,,,,,,,,,,,,,,,,,,,,,,,,,,,,,,,,,,,,,,,,,,,,,,,,,,,,,,,,,,,,,,,,,,,,,
1895,12,56.0,-42.0,,,,,,,,,,,,,,,,,,,,,,,,,,,,,,,,,,,,,,,,6.7,8.0,10.87,8.75,4,2.67,16,1.0,0.5,0.3,2.97,5.03,9.46,6.16,4,4.31,16,1.0,0.5,0.3,-7.48,-3.75,0.62,-3.44,4,4.92,16,1.0,0.5,0.3,1017.07,1017.65,1018.23,1017.65,2,1.2,4,1.0,0.5,0.3,,,,,,,,,,,,,,,,,,,,,,,,,,,,,,,,,,,,,,,,,,,,,,,,,,,,,,,,,,,,,,,,,,,,,,,,,,,,,,,,,,,,,,,,,,,,,,,,,,,,,,,,,,,,,,,,,,,,,,,,,,,,,,,,,,,,,,,,,,,,,,,,,,,,,,
1895,12,56.0,8.0,,,,,,,,,,,,,,,,,,,,,,,,,,,,,,,,,,,,,,,,12.3,12.3,12.3,12.3,2,0.0,4,0.0,0.5,0.8,-8.7,-8.7,-8.7,-8.7,2,0.0,4,0.0,0.5,0.8,-8.7,-8.7,-8.7,-8.7,2,0.0,4,0.0,0.5,0.8,1014.33,1014.6,1014.74,1014.53,3,0.31,4,0.0,0.6,0.8,,,,,,,,,,,,,,,,,,,,,,,,,,,,,,,,,,,,,,,,,,,,,,,,,,,,,,,,,,,,,,,,,,,,,,,,,,,,,,,,,,,,,,,,,,,,,,,,,,,,,,,,,,,,,,,,,,,,,,,,,,,,,,,,,,,,,,,,,,,,,,,,,,,,,,
1895,12,56.0,10.0,,,,,,,,,,,,,,,,,,,,,,,,,,,,,,,,,,,,,,,,5.63,9.3,9.3,8.07,23,2.25,14,0.5,0.5,0.4,-6.58,-4.74,-3.63,-4.97,23,1.83,14,0.5,0.5,0.4,-8.56,-6.58,-2.87,-5.96,23,2.61,14,0.5,0.5,0.4,1011.35,1013.3,1015.27,1013.42,21,2.2,14,0.6,0.5,0.5,,,,,,,,,,,,,,,,,,,,,,,,,,,,,,,,,,,,,,,,,,,,,,,,,,,,,,,,,,,,,,,,,,,,,,,,,,,,,,,,,,,,,,,,,,,,,,,,,,,,,,,,,,,,,,,,,,,,,,,,,,,,,,,,,,,,,,,,,,,,,,,,,,,,,,
1895,12,56.0,12.0,25.32,25.5,26.69,25.85,8.0,0.7,18.0,0.3,0.5,0.3,25.12,25.3,25.78,25.53,8.0,0.76,18.0,0.3,0.5,0.3,15.73,15.75,15.76,15.75,2.0,0.03,30.0,0.5,0.3,0.5,78.5,78.5,78.5,78.5,2.0,0.0,30.0,0.5,0.5,6.7,6.7,6.7,6.76,8,1.26,18,0.3,0.5,0.3,-4.74,-3.55,-2.62,-3.73,8,1.52,18,0.3,0.5,0.3,-6.17,-5.57,-4.74,-5.51,8,0.95,18,0.3,0.5,0.3,1014.69,1015.6,1016.88,1015.64,5,1.58,22,0.2,0.5,0.4,1.1,2.5,3.0,2.3,8.0,0.9,18.0,0.3,0.5,0.3,-31.7,-23.8,-17.5,-26.5,8.0,15.2,18.0,0.3,0.5,0.3,-41.3,-37.3,-31.7,-38.1,8.0,12.9,18.0,0.3,0.5,0.3,-0.09,0.2,0.7,0.33,8.0,0.5,18.0,0.3,0.5,0.3,-0.6,1.6,4.5,2.1,8.0,3.2,18.0,0.3,0.5,0.3,4.6,4.61,4.61,4.61,2.0,0.01,30.0,0.5,0.3,0.5,32.8,36.8,40.9,36.8,2.0,8.4,30.0,0.5,0.3,0.5,-122.0,-92.3,-65.9,-95.1,8.0,38.5,18.0,0.3,0.5,0.3,-166.7,-140.4,-120.1,-140.9,8.0,26.0,18.0,0.3,0.5,0.3,-93.6,-84.3,-75.0,-84.3,2.0,19.2,30.0,0.5,0.3,0.5,-103.9,-93.6,-83.3,-93.6,2.0,21.4,30.0,0.5,0.3,0.5,-27.4,-24.6,-21.9,-24.6,2.0,5.6,30.0,0.5,0.3,0.5,-30.4,-27.4,-24.4,-27.4,2.0,6.2,30.0,0.5,0.3,0.5,301.0,301.0,301.0,338.5,8.0,201.5,18.0,0.3,0.5,0.3,300.0,300.0,300.0,340.0,8.0,200.0,18.0,0.3,0.5,0.3
1895,12,58.0,-46.0,,,,,,,,,,,,,,,,,,,,,,,,,,,,,,,,,,,,,,,,4.6,8.45,12.3,8.45,4,4.45,14,0.8,0.5,0.5,-2.35,-0.31,3.23,0.41,4,3.39,14,0.8,0.5,0.5,-2.23,6.04,12.07,4.97,4,8.38,14,0.8,0.5,0.5,1009.86,1011.7,1013.54,1011.7,2,3.82,10,1.0,0.5,0.8,,,,,,,,,,,,,,,,,,,,,,,,,,,,,,,,,,,,,,,,,,,,,,,,,,,,,,,,,,,,,,,,,,,,,,,,,,,,,,,,,,,,,,,,,,,,,,,,,,,,,,,,,,,,,,,,,,,,,,,,,,,,,,,,,,,,,,,,,,,,,,,,,,,,,,
1895,12,58.0,-44.0,,,,,,,,,,,,,,,,,,,,,,,,,,,,,,,,,,,,,,,,10.27,12.35,14.43,12.35,2,4.31,6,1.0,0.5,0.5,9.5,11.4,13.29,11.4,2,3.93,6,1.0,0.5,0.5,-4.51,-1.27,1.98,-1.27,2,6.72,6,1.0,0.5,0.5,1006.22,1008.85,1011.48,1008.85,2,5.44,6,1.0,0.5,0.5,,,,,,,,,,,,,,,,,,,,,,,,,,,,,,,,,,,,,,,,,,,,,,,,,,,,,,,,,,,,,,,,,,,,,,,,,,,,,,,,,,,,,,,,,,,,,,,,,,,,,,,,,,,,,,,,,,,,,,,,,,,,,,,,,,,,,,,,,,,,,,,,,,,,,,
1895,12,58.0,-42.0,,,,,,,,,,,,,,,,,,,,,,,,,,,,,,,,,,,,,,,,8.35,12.3,12.3,10.58,5,2.53,14,0.0,0.5,0.3,5.9,8.7,10.88,8.46,5,2.9,14,0.0,0.5,0.3,-7.35,-4.74,4.0,-2.16,5,6.54,14,0.0,0.5,0.3,1013.49,1013.9,1014.58,1014.03,3,0.81,4,0.0,0.4,0.3,,,,,,,,,,,,,,,,,,,,,,,,,,,,,,,,,,,,,,,,,,,,,,,,,,,,,,,,,,,,,,,,,,,,,,,,,,,,,,,,,,,,,,,,,,,,,,,,,,,,,,,,,,,,,,,,,,,,,,,,,,,,,,,,,,,,,,,,,,,,,,,,,,,,,,
1895,12,58.0,6.0,,,,,,,,,,,,,,,,,,,,,,,,,,,,,,,,,,,,,,,,6.7,6.7,6.7,6.7,1,0.0,6,1.0,0.8,0.8,-4.74,-4.74,-4.74,-4.74,1,0.0,6,1.0,0.8,0.8,-4.74,-4.74,-4.74,-4.74,1,0.0,6,1.0,0.8,0.8,1012.4,1012.4,1012.4,1012.4,1,0.0,6,1.0,0.8,0.8,,,,,,,,,,,,,,,,,,,,,,,,,,,,,,,,,,,,,,,,,,,,,,,,,,,,,,,,,,,,,,,,,,,,,,,,,,,,,,,,,,,,,,,,,,,,,,,,,,,,,,,,,,,,,,,,,,,,,,,,,,,,,,,,,,,,,,,,,,,,,,,,,,,,,,
1895,12,58.0,8.0,,,,,,,,,,,,,,,,,,,,,,,,,,,,,,,,,,,,,,,,4.6,6.7,7.65,6.38,5,1.94,10,1.0,0.6,0.6,-5.41,-4.74,-3.25,-4.51,5,1.37,10,1.0,0.6,0.6,-5.41,-4.74,-3.25,-4.51,5,1.37,10,1.0,0.6,0.6,1012.48,1014.1,1014.3,1013.43,4,1.56,6,1.0,0.6,0.5,,,,,,,,,,,,,,,,,,,,,,,,,,,,,,,,,,,,,,,,,,,,,,,,,,,,,,,,,,,,,,,,,,,,,,,,,,,,,,,,,,,,,,,,,,,,,,,,,,,,,,,,,,,,,,,,,,,,,,,,,,,,,,,,,,,,,,,,,,,,,,,,,,,,,,
1895,12,58.0,10.0,,,,,,,,,,,,,,,,,,,,,,,,,,,,,,,,,,,,,,,,4.6,6.7,9.3,7.11,20,2.1,16,0.5,0.5,0.3,-6.57,-4.19,-3.25,-4.49,20,1.68,16,0.5,0.5,0.3,-6.58,-4.74,-3.25,-5.33,20,1.92,16,0.5,0.5,0.3,1011.75,1013.2,1015.07,1013.32,21,2.06,16,0.5,0.5,0.3,,,,,,,,,,,,,,,,,,,,,,,,,,,,,,,,,,,,,,,,,,,,,,,,,,,,,,,,,,,,,,,,,,,,,,,,,,,,,,,,,,,,,,,,,,,,,,,,,,,,,,,,,,,,,,,,,,,,,,,,,,,,,,,,,,,,,,,,,,,,,,,,,,,,,,
1895,12,58.0,12.0,25.5,25.85,26.46,25.98,4.0,0.59,20.0,0.5,0.4,0.3,25.3,25.65,26.26,25.78,4.0,0.59,20.0,0.5,0.4,0.3,16.46,16.47,16.47,16.47,2.0,0.02,30.0,0.0,0.3,0.4,82.0,82.0,82.0,82.0,2.0,0.0,30.0,0.0,0.4,6.7,6.7,6.7,6.7,4,0.0,20,0.5,0.4,0.3,-4.66,-4.57,-2.18,-3.47,4,2.31,20,0.5,0.4,0.3,-5.84,-4.9,-4.81,-5.31,4,0.93,20,0.5,0.4,0.3,1012.51,1012.95,1013.39,1012.95,2,0.92,30,0.0,0.3,0.4,1.0,2.5,3.0,2.0,4.0,1.4,20.0,0.5,0.4,0.3,-31.2,-30.6,-14.6,-23.2,4.0,15.5,20.0,0.5,0.4,0.3,-39.1,-32.8,-32.3,-35.6,4.0,6.2,20.0,0.5,0.4,0.3,0.2,0.2,0.2,0.2,4.0,0.0,20.0,0.5,0.4,0.3,1.3,1.3,1.3,1.3,4.0,0.0,20.0,0.5,0.4,0.3,3.91,3.91,3.92,3.91,2.0,0.0,30.0,0.0,0.3,0.4,26.2,26.2,26.2,26.2,2.0,0.0,30.0,0.0,0.3,0.4,-120.8,-115.6,-55.0,-89.2,4.0,59.6,20.0,0.5,0.4,0.3,-151.0,-124.8,-124.0,-136.9,4.0,24.9,20.0,0.5,0.4,0.3,-75.3,-75.2,-75.2,-75.2,2.0,0.1,30.0,0.0,0.3,0.4,-80.7,-80.7,-80.7,-80.7,2.0,0.1,30.0,0.0,0.3,0.4,-17.9,-17.9,-17.9,-17.9,2.0,0.0,30.0,0.0,0.3,0.4,-19.2,-19.2,-19.2,-19.2,2.0,0.0,30.0,0.0,0.3,0.4,301.0,301.0,301.0,301.0,4.0,0.0,20.0,0.5,0.4,0.3,300.0,300.0,300.0,300.0,4.0,0.0,20.0,0.5,0.4,0.3
1895,12,60.0,-44.0,,,,,,,,,,,,,,,,,,,,,,,,,,,,,,,,,,,,,,,,13.36,15.65,17.94,15.65,2,4.74,16,1.0,0.3,0.8,1.38,4.35,7.32,4.35,2,6.15,16,1.0,0.3,0.8,10.33,13.85,17.36,13.85,2,7.29,16,1.0,0.3,0.8,1008.7,1008.7,1008.7,1008.7,1,0.0,2,1.0,0.3,0.8,,,,,,,,,,,,,,,,,,,,,,,,,,,,,,,,,,,,,,,,,,,,,,,,,,,,,,,,,,,,,,,,,,,,,,,,,,,,,,,,,,,,,,,,,,,,,,,,,,,,,,,,,,,,,,,,,,,,,,,,,,,,,,,,,,,,,,,,,,,,,,,,,,,,,,
1895,12,60.0,-42.0,,,,,,,,,,,,,,,,,,,,,,,,,,,,,,,,,,,,,,,,6.27,8.25,12.3,8.73,6,3.22,16,0.8,0.5,0.3,4.63,5.81,8.94,6.8,6,2.99,16,0.8,0.5,0.3,-4.74,0.27,6.45,1.13,6,6.0,16,0.8,0.5,0.3,1011.89,1012.3,1013.12,1012.5,3,0.92,6,1.0,0.4,0.3,,,,,,,,,,,,,,,,,,,,,,,,,,,,,,,,,,,,,,,,,,,,,,,,,,,,,,,,,,,,,,,,,,,,,,,,,,,,,,,,,,,,,,,,,,,,,,,,,,,,,,,,,,,,,,,,,,,,,,,,,,,,,,,,,,,,,,,,,,,,,,,,,,,,,,
1895,12,60.0,6.0,,,,,,,,,,,,,,,,,,,,,,,,,,,,,,,,,,,,,,,,5.35,6.95,8.55,6.95,2,3.32,6,0.0,0.5,0.8,-6.05,-4.91,-3.78,-4.91,2,2.35,6,0.0,0.5,0.8,-6.05,-4.91,-3.78,-4.91,2,2.35,6,0.0,0.5,0.8,1013.9,1013.9,1013.9,1013.9,2,0.0,6,0.0,0.5,0.8,,,,,,,,,,,,,,,,,,,,,,,,,,,,,,,,,,,,,,,,,,,,,,,,,,,,,,,,,,,,,,,,,,,,,,,,,,,,,,,,,,,,,,,,,,,,,,,,,,,,,,,,,,,,,,,,,,,,,,,,,,,,,,,,,,,,,,,,,,,,,,,,,,,,,,
1895,12,60.0,8.0,,,,,,,,,,,,,,,,,,,,,,,,,,,,,,,,,,,,,,,,4.6,4.6,6.7,5.7,9,2.77,14,0.3,0.6,0.8,-4.74,-3.25,-3.25,-4.44,9,2.76,14,0.3,0.6,0.8,-4.7,-3.25,-2.22,-3.41,9,1.14,14,0.3,0.6,0.8,1010.92,1012.1,1012.87,1012.49,9,2.2,12,0.4,0.5,0.8,,,,,,,,,,,,,,,,,,,,,,,,,,,,,,,,,,,,,,,,,,,,,,,,,,,,,,,,,,,,,,,,,,,,,,,,,,,,,,,,,,,,,,,,,,,,,,,,,,,,,,,,,,,,,,,,,,,,,,,,,,,,,,,,,,,,,,,,,,,,,,,,,,,,,,
1895,12,60.0,10.0,26.19,26.5,27.3,26.66,19.0,0.53,16.0,0.4,0.5,0.4,25.77,26.7,27.5,26.61,19.0,0.83,16.0,0.4,0.5,0.4,16.47,16.47,16.47,16.47,1.0,0.0,30.0,1.0,0.9,1.0,82.0,82.0,82.0,82.0,1.0,0.0,30.0,1.0,1.0,4.6,4.6,6.7,5.87,19,1.57,16,0.4,0.5,0.4,-4.95,-4.27,-1.8,-4.18,19,1.79,16,0.4,0.5,0.4,-4.74,-4.23,-2.4,-3.84,19,1.28,16,0.4,0.5,0.4,1011.03,1012.85,1014.31,1012.64,16,1.63,18,0.5,0.5,0.4,0.0,2.0,4.0,2.4,19.0,1.8,16.0,0.4,0.5,0.4,-33.2,-19.6,-8.3,-26.8,19.0,18.8,16.0,0.4,0.5,0.4,-31.7,-19.5,-14.0,-23.6,19.0,12.8,16.0,0.4,0.5,0.4,-0.6,0.1,0.93,0.05,19.0,0.84,16.0,0.4,0.5,0.4,-2.8,0.5,5.6,0.8,19.0,4.7,16.0,0.4,0.5,0.4,5.18,5.18,5.18,5.18,1.0,0.0,30.0,1.0,0.9,1.0,23.8,23.8,23.8,23.8,1.0,0.0,30.0,1.0,0.9,1.0,-132.9,-119.0,-49.4,-111.1,19.0,47.8,16.0,0.4,0.5,0.4,-122.8,-112.2,-66.0,-101.7,19.0,32.8,16.0,0.4,0.5,0.4,-25.9,-25.9,-25.9,-25.9,1.0,0.0,30.0,1.0,0.9,1.0,-71.2,-71.2,-71.2,-71.2,1.0,0.0,30.0,1.0,0.9,1.0,-8.1,-8.1,-8.1,-8.1,1.0,0.0,30.0,1.0,0.9,1.0,-22.4,-22.4,-22.4,-22.4,1.0,0.0,30.0,1.0,0.9,1.0,97.5,97.5,301.0,246.5,19.0,219.5,16.0,0.4,0.5,0.4,95.0,95.0,300.0,245.0,19.0,220.0,16.0,0.4,0.5,0.4
1895,12,60.0,12.0,25.66,26.0,26.34,26.0,2.0,0.71,30.0,1.0,0.2,0.2,25.8,25.8,25.8,25.8,2.0,0.0,30.0,1.0,0.2,0.2,15.72,15.96,16.19,15.96,2.0,0.48,30.0,1.0,0.2,0.2,75.8,76.9,78.1,76.9,2.0,2.3,30.0,1.0,0.2,4.93,5.65,6.37,5.65,2,1.48,30,1.0,0.2,0.2,-4.33,-3.82,-3.31,-3.82,2,1.05,30,1.0,0.2,0.2,-4.66,-4.16,-3.65,-4.16,2,1.05,30,1.0,0.2,0.2,1010.5,1010.7,1010.9,1010.7,2,0.42,30,1.0,0.2,0.2,0.5,1.5,2.5,1.5,2.0,2.1,30.0,1.0,0.2,0.2,-28.0,-22.4,-16.8,-22.4,2.0,11.6,30.0,1.0,0.2,0.2,-30.1,-24.3,-18.4,-24.3,2.0,12.1,30.0,1.0,0.2,0.2,-0.14,0.2,0.54,0.2,2.0,0.71,30.0,1.0,0.2,0.2,-0.4,1.7,3.7,1.7,2.0,4.3,30.0,1.0,0.2,0.2,4.44,5.1,5.77,5.1,2.0,1.38,30.0,1.0,0.2,0.2,22.4,29.9,37.3,29.9,2.0,15.4,30.0,1.0,0.2,0.2,-111.8,-98.7,-85.5,-98.7,2.0,27.2,30.0,1.0,0.2,0.2,-120.4,-107.3,-94.3,-107.3,2.0,27.0,30.0,1.0,0.2,0.2,-68.0,-60.8,-53.5,-60.8,2.0,15.0,30.0,1.0,0.2,0.2,-73.2,-66.1,-59.0,-66.1,2.0,14.7,30.0,1.0,0.2,0.2,-25.4,-20.2,-15.1,-20.2,2.0,10.7,30.0,1.0,0.2,0.2,-27.3,-22.0,-16.6,-22.0,2.0,11.1,30.0,1.0,0.2,0.2,129.5,199.0,268.5,199.0,2.0,144.0,30.0,1.0,0.2,0.2,130.0,200.0,270.0,200.0,2.0,145.0,30.0,1.0,0.2,0.2
1895,12,62.0,-46.0,,,,,,,,,,,,,,,,,,,,,,,,,,,,,,,,,,,,,,,,3.87,9.3,10.71,7.72,5,3.99,16,0.6,0.6,0.4,-5.99,-2.57,2.48,-1.48,5,6.07,16,0.6,0.6,0.4,-2.85,3.81,8.88,3.22,5,6.16,16,0.6,0.6,0.4,1013.59,1016.35,1019.11,1016.35,2,5.73,12,1.0,0.5,0.5,,,,,,,,,,,,,,,,,,,,,,,,,,,,,,,,,,,,,,,,,,,,,,,,,,,,,,,,,,,,,,,,,,,,,,,,,,,,,,,,,,,,,,,,,,,,,,,,,,,,,,,,,,,,,,,,,,,,,,,,,,,,,,,,,,,,,,,,,,,,,,,,,,,,,,
1895,12,62.0,-44.0,,,,,,,,,,,,,,,,,,,,,,,,,,,,,,,,,,,,,,,,9.3,9.3,9.3,9.3,1,0.0,10,1.0,0.8,0.8,8.56,8.56,8.56,8.56,1,0.0,10,1.0,0.8,0.8,-3.63,-3.63,-3.63,-3.63,1,0.0,10,1.0,0.8,0.8,1005.9,1005.9,1005.9,1005.9,1,0.0,10,1.0,0.8,0.8,,,,,,,,,,,,,,,,,,,,,,,,,,,,,,,,,,,,,,,,,,,,,,,,,,,,,,,,,,,,,,,,,,,,,,,,,,,,,,,,,,,,,,,,,,,,,,,,,,,,,,,,,,,,,,,,,,,,,,,,,,,,,,,,,,,,,,,,,,,,,,,,,,,,,,
1895,12,62.0,-42.0,,,,,,,,,,,,,,,,,,,,,,,,,,,,,,,,,,,,,,,,4.6,6.7,9.8,7.03,6,2.34,12,0.3,0.5,0.3,3.88,4.67,6.03,4.95,6,1.84,12,0.3,0.5,0.3,-5.04,-0.9,6.03,0.14,6,5.66,12,0.3,0.5,0.3,1010.94,1011.25,1011.88,1011.4,4,0.72,6,0.3,0.5,0.3,,,,,,,,,,,,,,,,,,,,,,,,,,,,,,,,,,,,,,,,,,,,,,,,,,,,,,,,,,,,,,,,,,,,,,,,,,,,,,,,,,,,,,,,,,,,,,,,,,,,,,,,,,,,,,,,,,,,,,,,,,,,,,,,,,,,,,,,,,,,,,,,,,,,,,
1895,12,62.0,6.0,,,,,,,,,,,,,,,,,,,,,,,,,,,,,,,,,,,,,,,,4.6,4.6,4.6,4.6,3,0.0,6,0.7,0.4,0.3,-3.25,-3.25,-3.25,-3.25,3,0.0,6,0.7,0.4,0.3,-3.25,-3.25,-3.25,-3.25,3,0.0,6,0.7,0.4,0.3,1013.3,1013.3,1013.57,1013.43,3,0.23,6,0.7,0.4,0.3,,,,,,,,,,,,,,,,,,,,,,,,,,,,,,,,,,,,,,,,,,,,,,,,,,,,,,,,,,,,,,,,,,,,,,,,,,,,,,,,,,,,,,,,,,,,,,,,,,,,,,,,,,,,,,,,,,,,,,,,,,,,,,,,,,,,,,,,,,,,,,,,,,,,,,
1895,12,62.0,8.0,,,,,,,,,,,,,,,,,,,,,,,,,,,,,,,,,,,,,,,,2.6,4.6,6.7,4.23,19,1.83,18,0.5,0.6,0.6,-4.74,-2.62,-1.02,-2.96,19,1.64,18,0.5,0.6,0.6,-4.74,-2.39,-1.62,-2.71,19,1.6,18,0.5,0.6,0.6,1010.87,1012.6,1013.78,1012.54,17,1.99,18,0.5,0.6,0.7,,,,,,,,,,,,,,,,,,,,,,,,,,,,,,,,,,,,,,,,,,,,,,,,,,,,,,,,,,,,,,,,,,,,,,,,,,,,,,,,,,,,,,,,,,,,,,,,,,,,,,,,,,,,,,,,,,,,,,,,,,,,,,,,,,,,,,,,,,,,,,,,,,,,,,
1895,12,62.0,10.0,26.5,26.8,27.54,27.02,13.0,0.55,14.0,0.7,0.5,0.4,26.07,26.4,27.72,26.65,13.0,0.84,14.0,0.7,0.5,0.4,16.36,16.89,17.42,16.89,2.0,1.1,30.0,0.0,0.6,0.8,76.5,79.0,81.4,79.0,2.0,5.1,30.0,0.0,0.8,2.6,4.6,4.6,4.15,13,1.22,14,0.7,0.5,0.4,-3.35,-2.62,-1.83,-2.74,13,0.98,14,0.7,0.5,0.4,-4.24,-3.25,-1.65,-2.78,13,1.63,14,0.7,0.5,0.4,1010.57,1012.6,1013.89,1012.35,10,1.48,16,0.6,0.5,0.4,0.0,1.0,2.0,1.2,13.0,0.8,14.0,0.7,0.5,0.4,-17.7,-14.2,-4.8,-11.8,13.0,6.0,14.0,0.7,0.5,0.4,-19.5,-15.0,-4.6,-12.8,13.0,10.9,14.0,0.7,0.5,0.4,-0.36,0.5,0.99,0.37,13.0,0.92,14.0,0.7,0.5,0.4,-1.6,1.3,4.7,1.1,13.0,3.6,14.0,0.7,0.5,0.4,4.28,4.81,5.35,4.81,2.0,1.1,30.0,0.0,0.6,0.8,19.7,22.1,24.6,22.1,2.0,5.1,30.0,0.0,0.6,0.8,-93.8,-69.1,-48.0,-73.2,13.0,26.5,14.0,0.7,0.5,0.4,-114.0,-87.2,-42.6,-74.4,13.0,43.9,14.0,0.7,0.5,0.4,-49.8,-39.9,-30.0,-39.9,2.0,20.5,30.0,0.0,0.6,0.8,-68.2,-65.0,-61.9,-65.0,2.0,6.5,30.0,0.0,0.6,0.8,-11.8,-10.6,-9.4,-10.6,2.0,2.6,30.0,0.0,0.6,0.8,-22.5,-19.0,-15.4,-19.0,2.0,7.3,30.0,0.0,0.6,0.8,17.5,97.5,97.5,88.5,13.0,74.0,14.0,0.7,0.5,0.4,20.0,95.0,95.0,90.0,13.0,75.0,14.0,0.7,0.5,0.4
1895,12,64.0,-44.0,,,,,,,,,,,,,,,,,,,,,,,,,,,,,,,,,,,,,,,,7.53,9.3,11.35,9.43,3,2.8,12,1.0,0.6,0.6,-0.42,6.17,9.69,4.67,3,7.52,12,1.0,0.6,0.6,-4.11,-2.62,5.06,0.4,3,7.21,12,1.0,0.6,0.6,1009.05,1009.6,1014.79,1011.87,3,4.64,12,1.0,0.6,0.6,,,,,,,,,,,,,,,,,,,,,,,,,,,,,,,,,,,,,,,,,,,,,,,,,,,,,,,,,,,,,,,,,,,,,,,,,,,,,,,,,,,,,,,,,,,,,,,,,,,,,,,,,,,,,,,,,,,,,,,,,,,,,,,,,,,,,,,,,,,,,,,,,,,,,,
1895,12,64.0,-42.0,,,,,,,,,,,,,,,,,,,,,,,,,,,,,,,,,,,,,,,,6.27,8.25,10.96,8.83,6,3.8,12,0.5,0.4,0.3,4.43,5.11,7.3,6.33,6,3.98,12,0.5,0.4,0.3,-4.74,1.26,8.12,1.55,6,6.42,12,0.5,0.4,0.3,1012.2,1012.5,1012.75,1012.48,4,0.33,6,0.8,0.4,0.3,,,,,,,,,,,,,,,,,,,,,,,,,,,,,,,,,,,,,,,,,,,,,,,,,,,,,,,,,,,,,,,,,,,,,,,,,,,,,,,,,,,,,,,,,,,,,,,,,,,,,,,,,,,,,,,,,,,,,,,,,,,,,,,,,,,,,,,,,,,,,,,,,,,,,,
1895,12,64.0,4.0,,,,,,,,,,,,,,,,,,,,,,,,,,,,,,,,,,,,,,,,4.6,4.6,4.6,4.6,3,0.0,6,0.3,0.4,0.8,-3.25,-3.25,-3.25,-3.25,3,0.0,6,0.3,0.4,0.8,-3.25,-3.25,-3.25,-3.25,3,0.0,6,0.3,0.4,0.8,1011.22,1011.7,1011.97,1011.6,3,0.56,6,0.3,0.4,0.8,,,,,,,,,,,,,,,,,,,,,,,,,,,,,,,,,,,,,,,,,,,,,,,,,,,,,,,,,,,,,,,,,,,,,,,,,,,,,,,,,,,,,,,,,,,,,,,,,,,,,,,,,,,,,,,,,,,,,,,,,,,,,,,,,,,,,,,,,,,,,,,,,,,,,,
1895,12,64.0,8.0,,,,,,,,,,,,,,,,,,,,,,,,,,,,,,,,,,,,,,,,2.63,4.6,9.26,5.56,20,2.33,16,0.4,0.5,0.5,-6.57,-2.94,-1.8,-3.64,20,1.99,16,0.4,0.5,0.5,-6.57,-4.23,-1.84,-3.98,20,1.84,16,0.4,0.5,0.5,1010.93,1012.1,1013.91,1012.47,19,2.3,16,0.4,0.5,0.5,,,,,,,,,,,,,,,,,,,,,,,,,,,,,,,,,,,,,,,,,,,,,,,,,,,,,,,,,,,,,,,,,,,,,,,,,,,,,,,,,,,,,,,,,,,,,,,,,,,,,,,,,,,,,,,,,,,,,,,,,,,,,,,,,,,,,,,,,,,,,,,,,,,,,,
1895,12,64.0,10.0,26.48,27.0,27.51,26.94,7.0,0.6,16.0,0.3,0.5,0.3,26.3,26.3,26.52,26.46,7.0,0.26,16.0,0.3,0.5,0.3,15.43,15.44,15.45,15.44,2.0,0.02,30.0,0.5,0.5,0.5,72.2,72.2,72.2,72.2,2.0,0.0,30.0,0.5,0.5,4.5,4.6,4.7,4.61,7,1.18,16,0.3,0.5,0.3,-3.25,-3.25,-1.83,-2.67,7,0.75,16,0.3,0.5,0.3,-4.42,-3.25,-3.19,-3.64,7,1.38,16,0.3,0.5,0.3,1009.4,1011.55,1013.18,1011.3,4,2.35,22,0.5,0.5,0.4,1.0,2.0,2.1,2.0,7.0,1.0,16.0,0.3,0.5,0.3,-15.0,-15.0,-7.1,-12.5,7.0,4.5,16.0,0.3,0.5,0.3,-20.9,-15.0,-14.5,-18.1,7.0,11.5,16.0,0.3,0.5,0.3,0.18,0.5,0.82,0.49,7.0,0.48,16.0,0.3,0.5,0.3,1.2,2.3,3.8,2.4,7.0,2.0,16.0,0.3,0.5,0.3,6.49,6.95,7.41,6.95,2.0,0.95,30.0,0.5,0.5,0.5,36.2,38.6,40.9,38.6,2.0,4.9,30.0,0.5,0.5,0.5,-86.3,-85.5,-48.0,-70.8,7.0,20.3,16.0,0.3,0.5,0.3,-116.2,-86.2,-83.8,-96.2,7.0,36.0,16.0,0.3,0.5,0.3,-33.6,-29.8,-26.1,-29.8,2.0,7.8,30.0,0.5,0.5,0.5,-92.3,-81.9,-71.6,-81.9,2.0,21.4,30.0,0.5,0.5,0.5,-14.0,-13.2,-12.4,-13.2,2.0,1.7,30.0,0.5,0.5,0.5,-38.5,-36.2,-34.0,-36.2,2.0,4.6,30.0,0.5,0.5,0.5,93.5,97.5,107.0,115.0,7.0,87.0,16.0,0.3,0.5,0.3,95.0,95.0,105.0,115.0,7.0,85.0,16.0,0.3,0.5,0.3
1895,12,66.0,-46.0,,,,,,,,,,,,,,,,,,,,,,,,,,,,,,,,,,,,,,,,2.02,2.6,5.37,3.5,5,2.2,16,0.6,0.6,0.4,-1.86,-0.5,2.15,0.3,5,3.43,16,0.6,0.6,0.4,1.73,2.51,3.01,2.4,5,1.01,16,0.6,0.6,0.4,1004.4,1004.4,1004.4,1004.4,1,0.0,6,1.0,0.8,0.3,,,,,,,,,,,,,,,,,,,,,,,,,,,,,,,,,,,,,,,,,,,,,,,,,,,,,,,,,,,,,,,,,,,,,,,,,,,,,,,,,,,,,,,,,,,,,,,,,,,,,,,,,,,,,,,,,,,,,,,,,,,,,,,,,,,,,,,,,,,,,,,,,,,,,,
1895,12,66.0,-44.0,,,,,,,,,,,,,,,,,,,,,,,,,,,,,,,,,,,,,,,,6.7,6.7,6.7,6.7,1,0.0,4,1.0,0.8,0.8,6.21,6.21,6.21,6.21,1,0.0,4,1.0,0.8,0.8,2.51,2.51,2.51,2.51,1,0.0,4,1.0,0.8,0.8,1010.6,1010.6,1010.6,1010.6,1,0.0,4,1.0,0.8,0.8,,,,,,,,,,,,,,,,,,,,,,,,,,,,,,,,,,,,,,,,,,,,,,,,,,,,,,,,,,,,,,,,,,,,,,,,,,,,,,,,,,,,,,,,,,,,,,,,,,,,,,,,,,,,,,,,,,,,,,,,,,,,,,,,,,,,,,,,,,,,,,,,,,,,,,
1895,12,66.0,-42.0,,,,,,,,,,,,,,,,,,,,,,,,,,,,,,,,,,,,,,,,6.7,9.3,9.4,8.52,6,1.42,14,0.7,0.5,0.5,1.75,5.66,6.99,4.93,6,2.88,14,0.7,0.5,0.5,-6.58,0.55,7.21,0.69,6,7.14,14,0.7,0.5,0.5,1012.73,1013.0,1013.07,1012.9,3,0.26,6,0.3,0.4,0.8,,,,,,,,,,,,,,,,,,,,,,,,,,,,,,,,,,,,,,,,,,,,,,,,,,,,,,,,,,,,,,,,,,,,,,,,,,,,,,,,,,,,,,,,,,,,,,,,,,,,,,,,,,,,,,,,,,,,,,,,,,,,,,,,,,,,,,,,,,,,,,,,,,,,,,
1895,12,66.0,2.0,,,,,,,,,,,,,,,,,,,,,,,,,,,,,,,,,,,,,,,,4.6,4.6,4.6,4.6,1,0.0,8,1.0,0.8,0.8,-1.8,-1.8,-1.8,-1.8,1,0.0,8,1.0,0.8,0.8,-4.23,-4.23,-4.23,-4.23,1,0.0,8,1.0,0.8,0.8,1013.0,1013.0,1013.0,1013.0,1,0.0,8,1.0,0.8,0.8,,,,,,,,,,,,,,,,,,,,,,,,,,,,,,,,,,,,,,,,,,,,,,,,,,,,,,,,,,,,,,,,,,,,,,,,,,,,,,,,,,,,,,,,,,,,,,,,,,,,,,,,,,,,,,,,,,,,,,,,,,,,,,,,,,,,,,,,,,,,,,,,,,,,,,
1895,12,66.0,4.0,,,,,,,,,,,,,,,,,,,,,,,,,,,,,,,,,,,,,,,,1.57,2.8,4.03,2.8,2,2.55,8,0.5,0.5,0.3,-3.7,-2.49,-1.27,-2.49,2,2.52,8,0.5,0.5,0.3,-1.56,-1.22,-0.87,-1.22,2,0.72,8,0.5,0.5,0.3,1012.18,1012.35,1012.52,1012.35,2,0.35,8,0.5,0.5,0.3,,,,,,,,,,,,,,,,,,,,,,,,,,,,,,,,,,,,,,,,,,,,,,,,,,,,,,,,,,,,,,,,,,,,,,,,,,,,,,,,,,,,,,,,,,,,,,,,,,,,,,,,,,,,,,,,,,,,,,,,,,,,,,,,,,,,,,,,,,,,,,,,,,,,,,
1895,12,66.0,6.0,,,,,,,,,,,,,,,,,,,,,,,,,,,,,,,,,,,,,,,,4.6,4.6,4.6,4.6,2,0.0,22,0.5,0.8,0.8,-4.27,-4.27,-4.27,-4.27,2,0.0,22,0.5,0.8,0.8,-1.72,-1.72,-1.72,-1.72,2,0.0,22,0.5,0.8,0.8,1014.3,1014.95,1015.6,1014.95,2,1.34,22,0.5,0.8,0.8,,,,,,,,,,,,,,,,,,,,,,,,,,,,,,,,,,,,,,,,,,,,,,,,,,,,,,,,,,,,,,,,,,,,,,,,,,,,,,,,,,,,,,,,,,,,,,,,,,,,,,,,,,,,,,,,,,,,,,,,,,,,,,,,,,,,,,,,,,,,,,,,,,,,,,
1895,12,66.0,8.0,,,,,,,,,,,,,,,,,,,,,,,,,,,,,,,,,,,,,,,,2.6,4.6,6.7,5.0,26,2.04,16,0.6,0.5,0.5,-4.28,-3.25,-1.84,-3.13,26,1.4,16,0.6,0.5,0.5,-6.17,-3.25,-1.72,-3.58,26,2.18,16,0.6,0.5,0.5,1009.82,1011.5,1013.48,1011.72,25,2.0,16,0.6,0.5,0.5,,,,,,,,,,,,,,,,,,,,,,,,,,,,,,,,,,,,,,,,,,,,,,,,,,,,,,,,,,,,,,,,,,,,,,,,,,,,,,,,,,,,,,,,,,,,,,,,,,,,,,,,,,,,,,,,,,,,,,,,,,,,,,,,,,,,,,,,,,,,,,,,,,,,,,
1895,12,66.0,10.0,27.5,28.05,28.65,28.08,4.0,0.67,18.0,0.8,0.3,0.2,26.78,27.8,28.62,27.7,3.0,1.35,14.0,0.7,0.2,0.3,16.11,16.11,16.11,16.11,1.0,0.0,30.0,1.0,0.2,0.3,75.4,75.4,75.4,75.4,1.0,0.0,30.0,1.0,0.3,3.55,5.65,6.7,5.15,4,1.97,18,0.8,0.3,0.2,-3.57,-2.07,-1.7,-2.61,4,1.45,18,0.8,0.3,0.2,-5.55,-4.53,-3.02,-4.3,4,1.85,18,0.8,0.3,0.2,1010.61,1011.05,1011.49,1011.05,2,0.92,30,1.0,0.4,0.2,2.0,3.0,3.5,2.8,4.0,1.3,18.0,0.8,0.3,0.2,-23.9,-11.3,-5.9,-14.8,4.0,12.2,18.0,0.8,0.3,0.2,-37.2,-25.8,-12.0,-24.6,4.0,16.1,18.0,0.8,0.3,0.2,0.01,0.9,1.1,0.57,3.0,0.85,14.0,0.7,0.2,0.3,1.2,6.0,7.4,4.3,3.0,4.8,14.0,0.7,0.2,0.3,6.92,6.92,6.92,6.92,1.0,0.0,30.0,1.0,0.2,0.3,46.4,46.4,46.4,46.4,1.0,0.0,30.0,1.0,0.2,0.3,-109.0,-60.3,-55.5,-81.8,3.0,43.4,14.0,0.7,0.2,0.3,-154.8,-131.7,-78.2,-116.9,3.0,57.6,14.0,0.7,0.2,0.3,-36.9,-36.9,-36.9,-36.9,1.0,0.0,30.0,1.0,0.2,0.3,-101.4,-101.4,-101.4,-101.4,1.0,0.0,30.0,1.0,0.2,0.3,-15.9,-15.9,-15.9,-15.9,1.0,0.0,30.0,1.0,0.2,0.3,-43.6,-43.6,-43.6,-43.6,1.0,0.0,30.0,1.0,0.2,0.3,55.5,199.0,301.0,179.0,4.0,144.0,18.0,0.8,0.3,0.2,55.0,200.0,300.0,180.0,4.0,145.0,18.0,0.8,0.3,0.2
1895,12,68.0,-46.0,,,,,,,,,,,,,,,,,,,,,,,,,,,,,,,,,,,,,,,,2.6,4.6,7.41,5.34,5,4.02,20,0.8,0.4,0.6,-0.88,-0.5,0.93,0.06,5,1.44,20,0.8,0.4,0.6,-4.18,2.55,4.52,-0.04,5,7.05,20,0.8,0.4,0.6,1013.2,1013.2,1013.2,1013.2,1,0.0,22,1.0,0.3,0.8,,,,,,,,,,,,,,,,,,,,,,,,,,,,,,,,,,,,,,,,,,,,,,,,,,,,,,,,,,,,,,,,,,,,,,,,,,,,,,,,,,,,,,,,,,,,,,,,,,,,,,,,,,,,,,,,,,,,,,,,,,,,,,,,,,,,,,,,,,,,,,,,,,,,,,
1895,12,68.0,-44.0,,,,,,,,,,,,,,,,,,,,,,,,,,,,,,,,,,,,,,,,12.3,12.3,12.3,12.3,1,0.0,4,1.0,0.8,0.8,11.4,11.4,11.4,11.4,1,0.0,4,1.0,0.8,0.8,4.61,4.61,4.61,4.61,1,0.0,4,1.0,0.8,0.8,1007.9,1007.9,1007.9,1007.9,1,0.0,4,1.0,0.8,0.8,,,,,,,,,,,,,,,,,,,,,,,,,,,,,,,,,,,,,,,,,,,,,,,,,,,,,,,,,,,,,,,,,,,,,,,,,,,,,,,,,,,,,,,,,,,,,,,,,,,,,,,,,,,,,,,,,,,,,,,,,,,,,,,,,,,,,,,,,,,,,,,,,,,,,,
1895,12,68.0,-42.0,,,,,,,,,,,,,,,,,,,,,,,,,,,,,,,,,,,,,,,,4.6,8.0,9.92,7.8,6,3.05,18,0.7,0.6,0.5,3.92,5.42,7.01,5.5,6,2.19,18,0.7,0.6,0.5,-7.01,1.72,6.25,0.15,6,6.42,18,0.7,0.6,0.5,1010.37,1011.6,1016.86,1013.57,3,5.05,6,1.0,0.6,0.8,,,,,,,,,,,,,,,,,,,,,,,,,,,,,,,,,,,,,,,,,,,,,,,,,,,,,,,,,,,,,,,,,,,,,,,,,,,,,,,,,,,,,,,,,,,,,,,,,,,,,,,,,,,,,,,,,,,,,,,,,,,,,,,,,,,,,,,,,,,,,,,,,,,,,,
1895,12,68.0,2.0,,,,,,,,,,,,,,,,,,,,,,,,,,,,,,,,,,,,,,,,1.51,2.6,3.97,2.73,3,1.8,8,0.3,0.6,0.6,-2.09,-1.0,-0.32,-1.2,3,1.31,8,0.3,0.6,0.6,-3.14,0.0,0.0,-1.53,3,2.66,8,0.3,0.6,0.6,1011.04,1012.2,1012.81,1011.93,3,1.32,8,0.3,0.6,0.6,,,,,,,,,,,,,,,,,,,,,,,,,,,,,,,,,,,,,,,,,,,,,,,,,,,,,,,,,,,,,,,,,,,,,,,,,,,,,,,,,,,,,,,,,,,,,,,,,,,,,,,,,,,,,,,,,,,,,,,,,,,,,,,,,,,,,,,,,,,,,,,,,,,,,,
1895,12,68.0,6.0,,,,,,,,,,,,,,,,,,,,,,,,,,,,,,,,,,,,,,,,2.27,2.6,4.6,3.0,6,1.39,12,0.5,0.6,0.8,-3.46,-2.51,-1.65,-2.55,6,1.15,12,0.5,0.6,0.8,-2.13,-1.35,-0.3,-1.36,6,1.18,12,0.5,0.6,0.8,1009.57,1010.95,1012.16,1011.0,6,2.02,12,0.5,0.6,0.8,,,,,,,,,,,,,,,,,,,,,,,,,,,,,,,,,,,,,,,,,,,,,,,,,,,,,,,,,,,,,,,,,,,,,,,,,,,,,,,,,,,,,,,,,,,,,,,,,,,,,,,,,,,,,,,,,,,,,,,,,,,,,,,,,,,,,,,,,,,,,,,,,,,,,,
1895,12,68.0,8.0,27.13,27.5,27.9,27.58,21.0,0.5,16.0,0.4,0.5,0.4,26.62,27.3,27.98,27.24,21.0,0.58,16.0,0.4,0.5,0.4,15.96,16.48,17.0,16.48,2.0,1.08,28.0,0.0,0.8,0.8,70.4,72.7,74.9,72.7,2.0,4.7,28.0,0.0,0.8,2.6,4.6,6.33,3.9,21,1.8,16,0.4,0.5,0.4,-2.61,-1.8,-0.93,-1.75,21,1.54,16,0.4,0.5,0.4,-4.71,-2.39,-0.37,-2.84,21,2.27,16,0.4,0.5,0.4,1009.74,1012.1,1013.55,1011.69,18,2.17,18,0.4,0.5,0.4,2.0,3.0,6.0,3.7,21.0,2.0,16.0,0.4,0.5,0.4,-13.8,-6.3,-0.9,-6.7,21.0,9.3,16.0,0.4,0.5,0.4,-29.9,-7.9,-0.4,-14.5,21.0,14.9,16.0,0.4,0.5,0.4,-0.1,0.3,0.87,0.34,21.0,0.51,16.0,0.4,0.5,0.4,-0.5,1.3,3.2,1.2,21.0,1.8,16.0,0.4,0.5,0.4,6.04,6.56,7.08,6.56,2.0,1.08,28.0,0.0,0.8,0.8,27.8,30.2,32.6,30.2,2.0,5.0,28.0,0.0,0.8,0.8,-71.3,-48.7,-25.2,-47.7,21.0,42.1,16.0,0.4,0.5,0.4,-128.4,-67.5,-10.2,-77.7,21.0,61.6,16.0,0.4,0.5,0.4,-26.9,-26.5,-26.1,-26.5,2.0,0.9,28.0,0.0,0.8,0.8,-73.4,-71.0,-68.6,-71.0,2.0,5.0,28.0,0.0,0.8,0.8,-11.6,-10.6,-9.6,-10.6,2.0,2.1,28.0,0.0,0.8,0.8,-30.4,-28.2,-26.1,-28.2,2.0,4.5,28.0,0.0,0.8,0.8,17.5,97.5,265.5,96.5,21.0,108.5,16.0,0.4,0.5,0.4,20.0,95.0,265.0,95.0,21.0,110.0,16.0,0.4,0.5,0.4
1895,12,68.0,10.0,27.5,27.5,27.5,27.5,1.0,0.0,28.0,0.0,0.1,0.0,26.3,26.3,26.3,26.3,1.0,0.0,28.0,0.0,0.1,0.0,17.7,17.7,17.7,17.7,1.0,0.0,28.0,0.0,0.1,0.0,82.6,82.6,82.6,82.6,1.0,0.0,28.0,0.0,0.0,2.6,2.6,2.6,2.6,1,0.0,28,0.0,0.1,0.0,-0.89,-0.89,-0.89,-0.89,1,0.0,28,0.0,0.1,0.0,-2.44,-2.44,-2.44,-2.44,1,0.0,28,0.0,0.1,0.0,1008.2,1008.2,1008.2,1008.2,1,0.0,28,0.0,0.1,0.0,2.0,2.0,2.0,2.0,1.0,0.0,28.0,0.0,0.1,0.0,-2.3,-2.3,-2.3,-2.3,1.0,0.0,28.0,0.0,0.1,0.0,-6.4,-6.4,-6.4,-6.4,1.0,0.0,28.0,0.0,0.1,0.0,1.2,1.2,1.2,1.2,1.0,0.0,28.0,0.0,0.1,0.0,3.1,3.1,3.1,3.1,1.0,0.0,28.0,0.0,0.1,0.0,5.38,5.38,5.38,5.38,1.0,0.0,28.0,0.0,0.1,0.0,14.0,14.0,14.0,14.0,1.0,0.0,28.0,0.0,0.1,0.0,-23.4,-23.4,-23.4,-23.4,1.0,0.0,28.0,0.0,0.1,0.0,-64.3,-64.3,-64.3,-64.3,1.0,0.0,28.0,0.0,0.1,0.0,-15.7,-15.7,-15.7,-15.7,1.0,0.0,28.0,0.0,0.1,0.0,-43.3,-43.3,-43.3,-43.3,1.0,0.0,28.0,0.0,0.1,0.0,-4.8,-4.8,-4.8,-4.8,1.0,0.0,28.0,0.0,0.1,0.0,-13.1,-13.1,-13.1,-13.1,1.0,0.0,28.0,0.0,0.1,0.0,17.5,17.5,17.5,17.5,1.0,0.0,28.0,0.0,0.1,0.0,20.0,20.0,20.0,20.0,1.0,0.0,28.0,0.0,0.1,0.0
1895,12,70.0,-46.0,,,,,,,,,,,,,,,,,,,,,,,,,,,,,,,,,,,,,,,,3.87,4.6,7.83,5.66,5,2.73,18,0.8,0.5,0.3,0.56,1.28,3.05,1.78,5,1.76,18,0.8,0.5,0.3,-7.75,-4.52,-0.92,-4.47,5,3.93,18,0.8,0.5,0.3,1007.3,1007.3,1007.3,1007.3,1,0.0,6,1.0,0.3,0.3,,,,,,,,,,,,,,,,,,,,,,,,,,,,,,,,,,,,,,,,,,,,,,,,,,,,,,,,,,,,,,,,,,,,,,,,,,,,,,,,,,,,,,,,,,,,,,,,,,,,,,,,,,,,,,,,,,,,,,,,,,,,,,,,,,,,,,,,,,,,,,,,,,,,,,
1895,12,70.0,-42.0,,,,,,,,,,,,,,,,,,,,,,,,,,,,,,,,,,,,,,,,4.83,9.5,15.4,10.14,8,4.97,16,0.5,0.6,0.6,3.4,4.74,5.77,4.77,8,1.08,16,0.5,0.6,0.6,-13.96,-0.74,4.57,-2.41,8,10.41,16,0.5,0.6,0.6,1002.14,1007.4,1008.49,1005.5,5,4.15,6,0.4,0.6,0.8,,,,,,,,,,,,,,,,,,,,,,,,,,,,,,,,,,,,,,,,,,,,,,,,,,,,,,,,,,,,,,,,,,,,,,,,,,,,,,,,,,,,,,,,,,,,,,,,,,,,,,,,,,,,,,,,,,,,,,,,,,,,,,,,,,,,,,,,,,,,,,,,,,,,,,
1895,12,70.0,2.0,,,,,,,,,,,,,,,,,,,,,,,,,,,,,,,,,,,,,,,,2.92,3.6,4.28,3.6,2,1.41,8,0.5,0.5,0.3,0.52,1.63,2.74,1.63,2,2.3,8,0.5,0.5,0.3,-3.15,-2.93,-2.7,-2.93,2,0.46,8,0.5,0.5,0.3,1012.24,1012.55,1012.86,1012.55,2,0.64,8,0.5,0.5,0.3,,,,,,,,,,,,,,,,,,,,,,,,,,,,,,,,,,,,,,,,,,,,,,,,,,,,,,,,,,,,,,,,,,,,,,,,,,,,,,,,,,,,,,,,,,,,,,,,,,,,,,,,,,,,,,,,,,,,,,,,,,,,,,,,,,,,,,,,,,,,,,,,,,,,,,
1895,12,70.0,6.0,,,,,,,,,,,,,,,,,,,,,,,,,,,,,,,,,,,,,,,,2.6,2.6,5.8,3.82,10,1.72,18,0.2,0.5,0.8,-4.94,-2.41,-0.79,-2.85,10,2.22,18,0.2,0.5,0.8,-2.97,-2.17,-0.97,-1.9,10,1.12,18,0.2,0.5,0.8,1008.04,1011.75,1013.07,1010.87,10,2.49,18,0.2,0.5,0.8,,,,,,,,,,,,,,,,,,,,,,,,,,,,,,,,,,,,,,,,,,,,,,,,,,,,,,,,,,,,,,,,,,,,,,,,,,,,,,,,,,,,,,,,,,,,,,,,,,,,,,,,,,,,,,,,,,,,,,,,,,,,,,,,,,,,,,,,,,,,,,,,,,,,,,
1895,12,70.0,8.0,27.4,27.65,28.47,27.85,22.0,0.67,14.0,0.6,0.5,0.3,26.6,27.5,28.77,27.64,22.0,1.02,14.0,0.6,0.5,0.3,15.77,15.83,15.88,15.83,2.0,0.12,28.0,1.0,0.6,0.5,69.8,70.8,71.8,70.8,2.0,2.1,28.0,1.0,0.5,2.6,4.6,6.7,4.37,22,1.66,14,0.6,0.5,0.3,-3.25,-2.22,-0.31,-2.11,22,1.33,14,0.6,0.5,0.3,-6.17,-3.25,-0.86,-3.22,22,2.34,14,0.6,0.5,0.3,1009.34,1011.1,1013.1,1011.14,18,1.86,18,0.6,0.5,0.3,2.0,2.5,4.7,3.0,22.0,1.9,14.0,0.6,0.5,0.3,-17.5,-7.2,-0.3,-9.6,22.0,7.4,14.0,0.6,0.5,0.3,-41.3,-15.0,-1.8,-16.8,22.0,16.0,14.0,0.6,0.5,0.3,-0.4,0.2,0.7,0.22,22.0,0.68,14.0,0.6,0.5,0.3,-2.5,0.9,3.2,0.9,22.0,2.8,14.0,0.6,0.5,0.3,7.16,7.23,7.3,7.23,2.0,0.15,28.0,1.0,0.6,0.5,32.9,33.2,33.6,33.2,2.0,0.7,28.0,1.0,0.6,0.5,-88.8,-63.1,-8.1,-57.8,22.0,36.1,14.0,0.6,0.5,0.3,-172.3,-88.6,-22.9,-89.8,22.0,66.2,14.0,0.6,0.5,0.3,-25.6,-24.9,-24.2,-24.9,2.0,1.5,28.0,1.0,0.6,0.5,-68.9,-68.4,-67.9,-68.4,2.0,1.1,28.0,1.0,0.6,0.5,-11.9,-11.4,-10.9,-11.4,2.0,1.0,28.0,1.0,0.6,0.5,-31.4,-31.2,-31.1,-31.2,2.0,0.4,28.0,1.0,0.6,0.5,17.5,97.5,301.0,117.5,22.0,108.0,14.0,0.6,0.5,0.3,20.0,95.0,300.0,115.0,22.0,110.0,14.0,0.6,0.5,0.3
1895,12,72.0,-42.0,,,,,,,,,,,,,,,,,,,,,,,,,,,,,,,,,,,,,,,,4.6,4.6,11.53,7.7,5,4.76,20,0.6,0.5,0.5,1.8,4.27,6.06,4.04,5,2.21,20,0.6,0.5,0.5,-4.12,4.23,5.09,0.5,5,8.44,20,0.6,0.5,0.5,1006.87,1010.45,1014.03,1010.45,2,7.42,6,1.0,0.3,0.8,,,,,,,,,,,,,,,,,,,,,,,,,,,,,,,,,,,,,,,,,,,,,,,,,,,,,,,,,,,,,,,,,,,,,,,,,,,,,,,,,,,,,,,,,,,,,,,,,,,,,,,,,,,,,,,,,,,,,,,,,,,,,,,,,,,,,,,,,,,,,,,,,,,,,,
1895,12,72.0,-40.0,,,,,,,,,,,,,,,,,,,,,,,,,,,,,,,,,,,,,,,,9.3,9.3,9.3,9.3,1,0.0,6,1.0,0.8,0.3,8.56,8.56,8.56,8.56,1,0.0,6,1.0,0.8,0.3,-3.63,-3.63,-3.63,-3.63,1,0.0,6,1.0,0.8,0.3,1021.9,1021.9,1021.9,1021.9,1,0.0,6,1.0,0.8,0.3,,,,,,,,,,,,,,,,,,,,,,,,,,,,,,,,,,,,,,,,,,,,,,,,,,,,,,,,,,,,,,,,,,,,,,,,,,,,,,,,,,,,,,,,,,,,,,,,,,,,,,,,,,,,,,,,,,,,,,,,,,,,,,,,,,,,,,,,,,,,,,,,,,,,,,
1895,12,72.0,0.0,,,,,,,,,,,,,,,,,,,,,,,,,,,,,,,,,,,,,,,,3.9,6.7,6.7,5.33,3,2.37,8,0.7,0.4,0.8,0.31,0.97,4.52,2.38,3,3.32,8,0.7,0.4,0.8,-5.4,-2.62,-2.48,-3.91,3,2.42,8,0.7,0.4,0.8,1011.03,1011.1,1011.78,1011.4,3,0.61,8,0.7,0.4,0.8,,,,,,,,,,,,,,,,,,,,,,,,,,,,,,,,,,,,,,,,,,,,,,,,,,,,,,,,,,,,,,,,,,,,,,,,,,,,,,,,,,,,,,,,,,,,,,,,,,,,,,,,,,,,,,,,,,,,,,,,,,,,,,,,,,,,,,,,,,,,,,,,,,,,,,
1895,12,72.0,6.0,,,,,,,,,,,,,,,,,,,,,,,,,,,,,,,,,,,,,,,,1.61,2.6,4.6,2.99,16,1.68,16,0.6,0.6,0.7,-3.88,-0.97,0.0,-1.53,16,2.09,16,0.6,0.6,0.7,-2.6,-2.4,-0.37,-1.93,16,1.24,16,0.6,0.6,0.7,1007.23,1010.0,1013.35,1010.14,16,2.69,16,0.6,0.6,0.7,,,,,,,,,,,,,,,,,,,,,,,,,,,,,,,,,,,,,,,,,,,,,,,,,,,,,,,,,,,,,,,,,,,,,,,,,,,,,,,,,,,,,,,,,,,,,,,,,,,,,,,,,,,,,,,,,,,,,,,,,,,,,,,,,,,,,,,,,,,,,,,,,,,,,,
1895,12,72.0,8.0,27.16,27.5,28.26,27.66,13.0,0.64,16.0,0.6,0.4,0.3,26.19,27.4,27.91,27.11,13.0,0.77,16.0,0.6,0.4,0.3,16.18,16.79,17.41,16.79,2.0,1.27,28.0,0.5,0.5,0.3,73.9,77.4,80.9,77.4,2.0,7.3,28.0,0.5,0.3,1.0,4.6,4.6,3.62,13,1.8,16,0.6,0.4,0.3,-4.27,-1.65,0.07,-1.77,13,2.01,16,0.6,0.4,0.3,-4.3,-0.97,0.0,-2.0,13,2.38,16,0.6,0.4,0.3,1010.3,1011.2,1013.54,1011.76,11,1.94,18,0.7,0.4,0.3,1.8,2.0,6.2,3.2,13.0,2.8,16.0,0.6,0.4,0.3,-19.6,-6.3,0.1,-7.3,13.0,9.3,16.0,0.6,0.4,0.3,-19.8,-2.5,0.0,-9.3,13.0,14.1,16.0,0.6,0.4,0.3,-0.02,0.7,1.2,0.55,13.0,0.68,16.0,0.6,0.4,0.3,-0.1,1.4,3.9,2.0,13.0,2.2,16.0,0.6,0.4,0.3,5.65,6.25,6.84,6.25,2.0,1.23,28.0,0.5,0.5,0.3,26.0,28.7,31.5,28.7,2.0,5.7,28.0,0.5,0.5,0.3,-111.5,-43.4,1.9,-47.6,13.0,54.4,16.0,0.6,0.4,0.3,-116.8,-27.2,0.0,-54.5,13.0,64.5,16.0,0.6,0.4,0.3,-28.3,-26.5,-24.7,-26.5,2.0,3.8,28.0,0.5,0.5,0.3,-74.9,-72.6,-70.2,-72.6,2.0,4.8,28.0,0.5,0.5,0.3,-10.4,-9.8,-9.1,-9.8,2.0,1.3,28.0,0.5,0.5,0.3,-29.7,-27.0,-24.3,-27.0,2.0,5.6,28.0,0.5,0.5,0.3,1.0,97.5,97.5,78.5,13.0,80.5,16.0,0.6,0.4,0.3,0.0,95.0,95.0,80.0,13.0,80.0,16.0,0.6,0.4,0.3
1895,12,74.0,-46.0,,,,,,,,,,,,,,,,,,,,,,,,,,,,,,,,,,,,,,,,9.37,12.3,15.81,12.58,4,5.03,18,0.8,0.4,0.4,3.19,9.5,15.81,9.5,4,8.09,18,0.8,0.4,0.4,-6.44,0.0,0.0,-3.07,4,6.15,18,0.8,0.4,0.4,1001.15,1004.7,1008.25,1004.7,2,7.35,14,1.0,0.3,0.5,,,,,,,,,,,,,,,,,,,,,,,,,,,,,,,,,,,,,,,,,,,,,,,,,,,,,,,,,,,,,,,,,,,,,,,,,,,,,,,,,,,,,,,,,,,,,,,,,,,,,,,,,,,,,,,,,,,,,,,,,,,,,,,,,,,,,,,,,,,,,,,,,,,,,,
1895,12,74.0,-44.0,,,,,,,,,,,,,,,,,,,,,,,,,,,,,,,,,,,,,,,,19.0,19.0,19.0,19.0,1,0.0,4,1.0,0.3,0.8,13.44,13.44,13.44,13.44,1,0.0,4,1.0,0.3,0.8,13.44,13.44,13.44,13.44,1,0.0,4,1.0,0.3,0.8,1008.2,1008.2,1008.2,1008.2,1,0.0,4,1.0,0.3,0.8,,,,,,,,,,,,,,,,,,,,,,,,,,,,,,,,,,,,,,,,,,,,,,,,,,,,,,,,,,,,,,,,,,,,,,,,,,,,,,,,,,,,,,,,,,,,,,,,,,,,,,,,,,,,,,,,,,,,,,,,,,,,,,,,,,,,,,,,,,,,,,,,,,,,,,
1895,12,74.0,-42.0,,,,,,,,,,,,,,,,,,,,,,,,,,,,,,,,,,,,,,,,6.7,9.55,19.74,12.35,6,6.77,18,0.7,0.5,0.5,3.66,6.17,7.4,5.87,6,1.91,18,0.7,0.5,0.5,-18.31,-5.85,-0.31,-7.39,6,10.88,18,0.7,0.5,0.5,999.29,999.9,1001.4,1000.33,3,1.59,6,0.7,0.4,0.8,,,,,,,,,,,,,,,,,,,,,,,,,,,,,,,,,,,,,,,,,,,,,,,,,,,,,,,,,,,,,,,,,,,,,,,,,,,,,,,,,,,,,,,,,,,,,,,,,,,,,,,,,,,,,,,,,,,,,,,,,,,,,,,,,,,,,,,,,,,,,,,,,,,,,,
1895,12,74.0,0.0,,,,,,,,,,,,,,,,,,,,,,,,,,,,,,,,,,,,,,,,4.6,4.6,4.6,4.6,2,0.0,8,0.0,0.5,0.5,0.52,1.63,2.74,1.63,2,2.3,8,0.0,0.5,0.5,-4.39,-3.93,-3.47,-3.93,2,0.95,8,0.0,0.5,0.5,1011.4,1011.4,1011.4,1011.4,2,0.0,8,0.0,0.5,0.5,,,,,,,,,,,,,,,,,,,,,,,,,,,,,,,,,,,,,,,,,,,,,,,,,,,,,,,,,,,,,,,,,,,,,,,,,,,,,,,,,,,,,,,,,,,,,,,,,,,,,,,,,,,,,,,,,,,,,,,,,,,,,,,,,,,,,,,,,,,,,,,,,,,,,,
1895,12,74.0,6.0,26.9,27.6,27.92,27.56,32.0,0.63,16.0,0.3,0.5,0.6,26.58,27.3,27.72,27.14,32.0,0.66,16.0,0.3,0.5,0.6,15.89,15.89,15.89,15.89,1.0,0.0,28.0,0.0,0.6,1.0,72.3,72.3,72.3,72.3,1.0,0.0,28.0,0.0,1.0,1.0,2.6,6.7,3.55,29,2.32,14,0.3,0.5,0.6,-5.56,-1.0,0.97,-1.65,29,3.14,14,0.3,0.5,0.6,-2.6,-1.84,0.0,-1.83,29,1.51,14,0.3,0.5,0.6,1008.58,1011.2,1013.26,1010.89,29,2.28,18,0.2,0.5,0.6,2.0,4.0,6.0,4.1,32.0,2.1,16.0,0.3,0.5,0.6,-37.2,-1.0,2.5,-10.5,29.0,19.7,14.0,0.3,0.5,0.6,-16.8,-6.3,0.0,-8.9,29.0,12.5,14.0,0.3,0.5,0.6,-0.31,0.35,0.92,0.43,32.0,0.75,16.0,0.3,0.5,0.6,-0.7,1.3,3.3,1.4,29.0,3.5,14.0,0.3,0.5,0.6,6.44,6.44,6.44,6.44,1.0,0.0,28.0,0.0,0.6,1.0,16.7,16.7,16.7,16.7,1.0,0.0,28.0,0.0,0.6,1.0,-145.8,-27.5,26.4,-44.7,29.0,85.5,14.0,0.3,0.5,0.6,-68.8,-50.4,0.0,-49.6,29.0,41.4,14.0,0.3,0.5,0.6,1.4,1.4,1.4,1.4,1.0,0.0,28.0,0.0,0.6,1.0,-41.3,-41.3,-41.3,-41.3,1.0,0.0,28.0,0.0,0.6,1.0,0.6,0.6,0.6,0.6,1.0,0.0,28.0,0.0,0.6,1.0,-16.7,-16.7,-16.7,-16.7,1.0,0.0,28.0,0.0,0.6,1.0,1.0,17.5,301.0,106.5,29.0,172.0,14.0,0.3,0.5,0.6,0.0,20.0,300.0,105.0,29.0,170.0,14.0,0.3,0.5,0.6
1895,12,74.0,8.0,26.5,26.5,26.5,26.5,1.0,0.0,28.0,0.0,0.2,0.1,26.3,26.3,26.3,26.3,1.0,0.0,28.0,0.0,0.2,0.1,17.65,17.65,17.65,17.65,1.0,0.0,28.0,0.0,0.2,0.1,82.6,82.6,82.6,82.6,1.0,0.0,28.0,0.0,0.1,2.6,2.6,2.6,2.6,1,0.0,28,0.0,0.2,0.1,0.09,0.09,0.09,0.09,1,0.0,28,0.0,0.2,0.1,-2.6,-2.6,-2.6,-2.6,1,0.0,28,0.0,0.2,0.1,1011.1,1011.1,1011.1,1011.1,1,0.0,28,0.0,0.2,0.1,6.0,6.0,6.0,6.0,1.0,0.0,28.0,0.0,0.2,0.1,0.2,0.2,0.2,0.2,1.0,0.0,28.0,0.0,0.2,0.1,-6.8,-6.8,-6.8,-6.8,1.0,0.0,28.0,0.0,0.2,0.1,0.2,0.2,0.2,0.2,1.0,0.0,28.0,0.0,0.2,0.1,0.5,0.5,0.5,0.5,1.0,0.0,28.0,0.0,0.2,0.1,4.03,4.03,4.03,4.03,1.0,0.0,28.0,0.0,0.2,0.1,10.5,10.5,10.5,10.5,1.0,0.0,28.0,0.0,0.2,0.1,2.4,2.4,2.4,2.4,1.0,0.0,28.0,0.0,0.2,0.1,-68.3,-68.3,-68.3,-68.3,1.0,0.0,28.0,0.0,0.2,0.1,1.6,1.6,1.6,1.6,1.0,0.0,28.0,0.0,0.2,0.1,-45.9,-45.9,-45.9,-45.9,1.0,0.0,28.0,0.0,0.2,0.1,0.4,0.4,0.4,0.4,1.0,0.0,28.0,0.0,0.2,0.1,-10.5,-10.5,-10.5,-10.5,1.0,0.0,28.0,0.0,0.2,0.1,17.5,17.5,17.5,17.5,1.0,0.0,28.0,0.0,0.2,0.1,20.0,20.0,20.0,20.0,1.0,0.0,28.0,0.0,0.2,0.1
1895,12,76.0,-42.0,,,,,,,,,,,,,,,,,,,,,,,,,,,,,,,,,,,,,,,,8.03,15.4,17.86,13.0,3,7.49,22,0.7,0.6,0.4,4.97,5.77,6.69,5.83,3,1.26,22,0.7,0.6,0.4,-16.56,-14.28,-4.53,-10.63,3,9.36,22,0.7,0.6,0.4,1011.3,1011.3,1011.3,1011.3,1,0.0,4,1.0,0.8,0.8,,,,,,,,,,,,,,,,,,,,,,,,,,,,,,,,,,,,,,,,,,,,,,,,,,,,,,,,,,,,,,,,,,,,,,,,,,,,,,,,,,,,,,,,,,,,,,,,,,,,,,,,,,,,,,,,,,,,,,,,,,,,,,,,,,,,,,,,,,,,,,,,,,,,,,
1895,12,76.0,-40.0,,,,,,,,,,,,,,,,,,,,,,,,,,,,,,,,,,,,,,,,6.27,6.7,7.86,7.28,6,2.6,8,0.8,0.5,0.3,5.77,6.17,7.27,6.72,6,2.38,8,0.8,0.5,0.3,-3.07,-2.62,1.89,-1.4,6,2.87,8,0.8,0.5,0.3,1003.85,1008.9,1012.69,1009.3,6,6.46,8,0.8,0.5,0.3,,,,,,,,,,,,,,,,,,,,,,,,,,,,,,,,,,,,,,,,,,,,,,,,,,,,,,,,,,,,,,,,,,,,,,,,,,,,,,,,,,,,,,,,,,,,,,,,,,,,,,,,,,,,,,,,,,,,,,,,,,,,,,,,,,,,,,,,,,,,,,,,,,,,,,
1895,12,76.0,0.0,,,,,,,,,,,,,,,,,,,,,,,,,,,,,,,,,,,,,,,,4.6,4.6,4.6,4.6,2,0.0,10,1.0,0.5,0.3,4.23,4.23,4.23,4.23,2,0.0,10,1.0,0.5,0.3,-1.8,-1.8,-1.8,-1.8,2,0.0,10,1.0,0.5,0.3,1011.43,1011.5,1011.57,1011.5,2,0.14,10,1.0,0.5,0.3,,,,,,,,,,,,,,,,,,,,,,,,,,,,,,,,,,,,,,,,,,,,,,,,,,,,,,,,,,,,,,,,,,,,,,,,,,,,,,,,,,,,,,,,,,,,,,,,,,,,,,,,,,,,,,,,,,,,,,,,,,,,,,,,,,,,,,,,,,,,,,,,,,,,,,
1895,12,76.0,4.0,,,,,,,,,,,,,,,,,,,,,,,,,,,,,,,,,,,,,,,,2.6,5.65,9.3,5.85,6,3.07,24,0.8,0.6,0.8,-5.12,-2.74,-0.79,-2.56,6,3.37,24,0.8,0.6,0.8,-6.99,-4.0,-1.84,-4.47,6,2.7,24,0.8,0.6,0.8,1009.63,1011.55,1015.22,1011.92,6,3.0,24,0.8,0.6,0.8,,,,,,,,,,,,,,,,,,,,,,,,,,,,,,,,,,,,,,,,,,,,,,,,,,,,,,,,,,,,,,,,,,,,,,,,,,,,,,,,,,,,,,,,,,,,,,,,,,,,,,,,,,,,,,,,,,,,,,,,,,,,,,,,,,,,,,,,,,,,,,,,,,,,,,
1895,12,76.0,6.0,27.11,27.5,27.9,27.52,27.0,0.59,14.0,0.8,0.5,0.4,26.3,27.2,27.7,26.96,27.0,0.74,14.0,0.8,0.5,0.4,16.24,16.48,19.17,17.68,3.0,2.39,28.0,1.0,0.5,0.7,77.5,82.0,87.4,82.4,3.0,7.3,28.0,1.0,0.7,2.6,6.7,9.4,6.52,26,4.01,14,0.8,0.5,0.4,-6.64,-3.93,0.0,-3.66,26,3.59,14,0.8,0.5,0.4,-8.7,-3.87,-0.36,-4.35,26,3.71,14,0.8,0.5,0.4,1008.76,1010.95,1012.6,1010.84,24,2.3,14,0.8,0.5,0.4,4.1,6.0,7.0,5.4,27.0,2.0,14.0,0.8,0.5,0.4,-61.8,-25.6,0.0,-34.7,26.0,38.2,14.0,0.8,0.5,0.4,-87.2,-25.7,-0.4,-40.2,26.0,43.8,14.0,0.8,0.5,0.4,-0.1,0.3,1.29,0.56,27.0,0.79,14.0,0.8,0.5,0.4,-0.9,1.5,6.3,3.8,26.0,7.2,14.0,0.8,0.5,0.4,3.42,5.18,6.38,4.9,3.0,2.18,28.0,1.0,0.5,0.7,13.9,18.0,49.2,31.2,3.0,28.3,28.0,1.0,0.5,0.7,-184.2,-105.9,0.0,-98.8,26.0,97.1,14.0,0.8,0.5,0.4,-228.1,-105.8,-9.7,-116.3,26.0,98.1,14.0,0.8,0.5,0.4,-63.0,-35.2,-10.2,-36.6,3.0,38.7,28.0,1.0,0.5,0.7,-156.0,-87.1,-56.3,-105.7,3.0,74.8,28.0,1.0,0.5,0.7,-17.7,-4.5,-1.0,-9.2,3.0,12.9,28.0,1.0,0.5,0.7,-46.0,-18.0,-13.3,-29.4,3.0,25.9,28.0,1.0,0.5,0.7,17.5,301.0,838.5,575.5,26.0,652.5,14.0,0.8,0.5,0.4,20.0,300.0,840.0,575.0,26.0,650.0,14.0,0.8,0.5,0.4
1895,12,78.0,-46.0,,,,,,,,,,,,,,,,,,,,,,,,,,,,,,,,,,,,,,,,3.19,8.25,12.73,7.98,4,6.42,18,0.5,0.4,0.4,2.26,7.18,10.29,6.31,4,4.97,18,0.5,0.4,0.4,-7.96,-3.3,-0.89,-4.37,4,4.76,18,0.5,0.4,0.4,991.62,998.75,1005.88,998.75,2,14.78,16,1.0,0.5,0.5,,,,,,,,,,,,,,,,,,,,,,,,,,,,,,,,,,,,,,,,,,,,,,,,,,,,,,,,,,,,,,,,,,,,,,,,,,,,,,,,,,,,,,,,,,,,,,,,,,,,,,,,,,,,,,,,,,,,,,,,,,,,,,,,,,,,,,,,,,,,,,,,,,,,,,
1895,12,78.0,-40.0,,,,,,,,,,,,,,,,,,,,,,,,,,,,,,,,,,,,,,,,0.79,2.6,4.6,2.57,6,1.86,10,0.3,0.5,0.8,0.73,2.12,4.33,2.34,6,1.82,10,0.3,0.5,0.8,-0.69,0.0,1.13,0.08,6,1.22,10,0.3,0.5,0.8,1012.57,1014.2,1014.72,1013.73,6,1.42,10,0.3,0.5,0.8,,,,,,,,,,,,,,,,,,,,,,,,,,,,,,,,,,,,,,,,,,,,,,,,,,,,,,,,,,,,,,,,,,,,,,,,,,,,,,,,,,,,,,,,,,,,,,,,,,,,,,,,,,,,,,,,,,,,,,,,,,,,,,,,,,,,,,,,,,,,,,,,,,,,,,
1895,12,78.0,-38.0,,,,,,,,,,,,,,,,,,,,,,,,,,,,,,,,,,,,,,,,9.3,9.3,9.3,9.3,1,0.0,6,1.0,0.3,0.3,9.3,9.3,9.3,9.3,1,0.0,6,1.0,0.3,0.3,0.0,0.0,0.0,0.0,1,0.0,6,1.0,0.3,0.3,1020.3,1020.3,1020.3,1020.3,1,0.0,6,1.0,0.3,0.3,,,,,,,,,,,,,,,,,,,,,,,,,,,,,,,,,,,,,,,,,,,,,,,,,,,,,,,,,,,,,,,,,,,,,,,,,,,,,,,,,,,,,,,,,,,,,,,,,,,,,,,,,,,,,,,,,,,,,,,,,,,,,,,,,,,,,,,,,,,,,,,,,,,,,,
1895,12,78.0,0.0,,,,,,,,,,,,,,,,,,,,,,,,,,,,,,,,,,,,,,,,4.6,4.6,4.6,4.6,1,0.0,10,1.0,0.3,0.3,4.23,4.23,4.23,4.23,1,0.0,10,1.0,0.3,0.3,-1.8,-1.8,-1.8,-1.8,1,0.0,10,1.0,0.3,0.3,1009.83,1010.1,1010.37,1010.1,2,0.57,10,0.5,0.5,0.3,,,,,,,,,,,,,,,,,,,,,,,,,,,,,,,,,,,,,,,,,,,,,,,,,,,,,,,,,,,,,,,,,,,,,,,,,,,,,,,,,,,,,,,,,,,,,,,,,,,,,,,,,,,,,,,,,,,,,,,,,,,,,,,,,,,,,,,,,,,,,,,,,,,,,,
1895,12,78.0,4.0,,,,,,,,,,,,,,,,,,,,,,,,,,,,,,,,,,,,,,,,2.6,4.6,6.7,4.81,18,2.18,18,0.2,0.5,0.6,-6.32,-2.6,1.84,-2.64,18,3.75,18,0.2,0.5,0.6,-3.55,-1.84,0.0,-2.06,18,1.81,18,0.2,0.5,0.6,1008.74,1009.45,1013.39,1010.68,18,2.31,18,0.2,0.5,0.6,,,,,,,,,,,,,,,,,,,,,,,,,,,,,,,,,,,,,,,,,,,,,,,,,,,,,,,,,,,,,,,,,,,,,,,,,,,,,,,,,,,,,,,,,,,,,,,,,,,,,,,,,,,,,,,,,,,,,,,,,,,,,,,,,,,,,,,,,,,,,,,,,,,,,,
1895,12,78.0,6.0,26.5,27.2,28.2,27.38,20.0,0.77,12.0,0.4,0.5,0.3,25.7,26.4,27.0,26.4,20.0,1.01,12.0,0.4,0.5,0.3,16.66,17.15,17.63,17.15,2.0,1.01,26.0,0.5,0.6,0.4,67.9,75.3,82.7,75.3,2.0,15.3,26.0,0.5,0.4,6.7,6.7,9.3,7.81,18,2.21,12,0.3,0.5,0.3,-4.81,-2.9,0.0,-1.99,18,4.08,12,0.3,0.5,0.3,-8.66,-6.17,-2.42,-5.16,18,4.52,12,0.3,0.5,0.3,1008.39,1010.9,1013.9,1010.86,17,2.78,14,0.4,0.5,0.3,2.0,7.0,8.0,5.6,20.0,2.9,12.0,0.4,0.5,0.3,-46.7,-23.6,0.0,-16.1,18.0,37.4,12.0,0.3,0.5,0.3,-80.5,-41.3,-9.5,-44.5,18.0,47.4,12.0,0.3,0.5,0.3,0.1,0.7,2.1,0.98,20.0,1.27,12.0,0.4,0.5,0.3,0.3,5.7,16.6,5.9,18.0,8.9,12.0,0.3,0.5,0.3,4.26,5.22,6.19,5.22,2.0,2.0,26.0,0.5,0.6,0.4,39.6,48.6,57.5,48.6,2.0,18.6,26.0,0.5,0.6,0.4,-127.9,-76.5,0.0,-54.1,18.0,108.0,12.0,0.3,0.5,0.3,-233.7,-164.7,-62.4,-136.5,18.0,119.4,12.0,0.3,0.5,0.3,-57.2,-57.0,-56.9,-57.0,2.0,0.3,26.0,0.5,0.6,0.4,-153.8,-148.9,-144.0,-148.9,2.0,10.2,26.0,0.5,0.6,0.4,-21.4,-17.6,-13.9,-17.6,2.0,7.8,26.0,0.5,0.6,0.4,-53.4,-45.3,-37.1,-45.3,2.0,16.9,26.0,0.5,0.6,0.4,301.0,301.0,804.5,591.5,18.0,525.5,12.0,0.3,0.5,0.3,300.0,300.0,805.0,590.0,18.0,525.0,12.0,0.3,0.5,0.3
1895,12,80.0,-44.0,,,,,,,,,,,,,,,,,,,,,,,,,,,,,,,,,,,,,,,,12.3,12.3,12.3,12.3,1,0.0,6,1.0,0.3,0.8,11.4,11.4,11.4,11.4,1,0.0,6,1.0,0.3,0.8,4.61,4.61,4.61,4.61,1,0.0,6,1.0,0.3,0.8,1013.1,1013.1,1013.1,1013.1,1,0.0,6,1.0,0.3,0.8,,,,,,,,,,,,,,,,,,,,,,,,,,,,,,,,,,,,,,,,,,,,,,,,,,,,,,,,,,,,,,,,,,,,,,,,,,,,,,,,,,,,,,,,,,,,,,,,,,,,,,,,,,,,,,,,,,,,,,,,,,,,,,,,,,,,,,,,,,,,,,,,,,,,,,
1895,12,80.0,-42.0,,,,,,,,,,,,,,,,,,,,,,,,,,,,,,,,,,,,,,,,9.46,9.8,9.8,9.63,3,0.29,22,1.0,0.6,0.4,8.75,9.02,9.02,8.89,3,0.23,22,1.0,0.6,0.4,-3.83,-3.83,1.16,-1.39,3,4.22,22,1.0,0.6,0.4,1003.9,1003.9,1003.9,1003.9,1,0.0,4,1.0,0.8,0.8,,,,,,,,,,,,,,,,,,,,,,,,,,,,,,,,,,,,,,,,,,,,,,,,,,,,,,,,,,,,,,,,,,,,,,,,,,,,,,,,,,,,,,,,,,,,,,,,,,,,,,,,,,,,,,,,,,,,,,,,,,,,,,,,,,,,,,,,,,,,,,,,,,,,,,
1895,12,80.0,-40.0,,,,,,,,,,,,,,,,,,,,,,,,,,,,,,,,,,,,,,,,0.0,0.0,0.0,0.0,1,0.0,10,0.0,0.3,0.8,0.0,0.0,0.0,0.0,1,0.0,10,0.0,0.3,0.8,0.0,0.0,0.0,0.0,1,0.0,10,0.0,0.3,0.8,1016.1,1016.1,1016.1,1016.1,1,0.0,10,0.0,0.3,0.8,,,,,,,,,,,,,,,,,,,,,,,,,,,,,,,,,,,,,,,,,,,,,,,,,,,,,,,,,,,,,,,,,,,,,,,,,,,,,,,,,,,,,,,,,,,,,,,,,,,,,,,,,,,,,,,,,,,,,,,,,,,,,,,,,,,,,,,,,,,,,,,,,,,,,,
1895,12,80.0,-38.0,,,,,,,,,,,,,,,,,,,,,,,,,,,,,,,,,,,,,,,,1.65,4.6,7.65,4.64,5,3.59,10,0.8,0.5,0.3,-1.83,0.0,4.99,1.51,5,4.82,10,0.8,0.5,0.3,-4.33,-2.39,0.0,-2.37,5,2.59,10,0.8,0.5,0.3,1012.98,1014.3,1017.08,1015.1,5,2.94,10,0.8,0.5,0.3,,,,,,,,,,,,,,,,,,,,,,,,,,,,,,,,,,,,,,,,,,,,,,,,,,,,,,,,,,,,,,,,,,,,,,,,,,,,,,,,,,,,,,,,,,,,,,,,,,,,,,,,,,,,,,,,,,,,,,,,,,,,,,,,,,,,,,,,,,,,,,,,,,,,,,
1895,12,80.0,-2.0,,,,,,,,,,,,,,,,,,,,,,,,,,,,,,,,,,,,,,,,3.66,5.95,8.24,5.95,2,4.74,16,0.5,0.3,0.5,2.91,5.2,7.49,5.2,2,4.75,16,0.5,0.3,0.5,-3.35,-2.74,-2.12,-2.74,2,1.27,16,0.5,0.3,0.5,1009.69,1010.1,1010.37,1010.03,3,0.5,10,0.3,0.4,0.8,,,,,,,,,,,,,,,,,,,,,,,,,,,,,,,,,,,,,,,,,,,,,,,,,,,,,,,,,,,,,,,,,,,,,,,,,,,,,,,,,,,,,,,,,,,,,,,,,,,,,,,,,,,,,,,,,,,,,,,,,,,,,,,,,,,,,,,,,,,,,,,,,,,,,,
1895,12,80.0,2.0,26.83,27.2,27.37,27.12,5.0,0.32,22.0,0.8,0.7,0.8,26.86,27.2,27.52,27.22,5.0,0.43,22.0,0.8,0.7,0.8,17.47,17.47,17.47,17.47,1.0,0.0,24.0,1.0,0.9,0.9,79.2,79.2,79.2,79.2,1.0,0.0,24.0,1.0,0.9,5.93,6.7,9.3,7.32,5,2.0,22,0.8,0.7,0.8,-3.63,-2.62,-0.13,-1.74,5,2.87,22,0.8,0.7,0.8,-8.56,-6.37,-5.1,-6.58,5,2.19,22,0.8,0.7,0.8,1008.53,1011.9,1013.32,1011.1,5,2.57,22,0.8,0.7,0.8,4.9,6.0,6.7,5.8,5.0,1.8,22.0,0.8,0.7,0.8,-33.8,-17.5,-3.3,-16.8,5.0,20.0,22.0,0.8,0.7,0.8,-79.6,-42.7,-31.7,-51.6,5.0,27.8,22.0,0.8,0.7,0.8,-0.45,-0.2,0.26,-0.1,5.0,0.51,22.0,0.8,0.7,0.8,-3.5,-0.9,1.7,-0.7,5.0,3.5,22.0,0.8,0.7,0.8,5.59,5.59,5.59,5.59,1.0,0.0,24.0,1.0,0.9,0.9,37.5,37.5,37.5,37.5,1.0,0.0,24.0,1.0,0.9,0.9,-99.0,-73.0,-3.3,-47.8,5.0,77.9,22.0,0.8,0.7,0.8,-233.2,-172.1,-140.4,-179.4,5.0,60.0,22.0,0.8,0.7,0.8,-36.2,-36.2,-36.2,-36.2,1.0,0.0,24.0,1.0,0.9,0.9,-111.3,-111.3,-111.3,-111.3,1.0,0.0,24.0,1.0,0.9,0.9,-11.6,-11.6,-11.6,-11.6,1.0,0.0,24.0,1.0,0.9,0.9,-35.6,-35.6,-35.6,-35.6,1.0,0.0,24.0,1.0,0.9,0.9,226.5,301.0,804.5,461.5,5.0,324.0,22.0,0.8,0.7,0.8,225.0,300.0,805.0,460.0,5.0,325.0,22.0,0.8,0.7,0.8
1895,12,80.0,4.0,26.89,27.3,27.81,27.32,26.0,0.61,14.0,0.6,0.5,0.6,26.3,26.85,27.4,26.82,26.0,0.56,14.0,0.6,0.5,0.6,17.66,17.66,17.83,17.74,3.0,0.14,24.0,0.0,0.4,0.6,82.6,82.6,85.0,83.8,3.0,2.0,24.0,0.0,0.6,2.55,4.6,6.7,4.78,26,2.55,14,0.6,0.5,0.6,-4.6,-1.65,0.08,-1.38,26,2.95,14,0.6,0.5,0.6,-6.38,-3.25,0.0,-3.3,26,2.87,14,0.6,0.5,0.6,1007.86,1010.6,1013.04,1010.4,24,2.53,14,0.7,0.5,0.6,4.0,6.0,7.0,5.2,26.0,2.0,14.0,0.6,0.5,0.6,-21.3,-7.6,0.2,-8.3,26.0,17.4,14.0,0.6,0.5,0.6,-42.8,-15.9,0.0,-21.3,26.0,24.0,14.0,0.6,0.5,0.6,-0.11,0.35,1.3,0.5,26.0,0.73,14.0,0.6,0.5,0.6,-0.5,1.3,5.5,2.2,26.0,3.8,14.0,0.6,0.5,0.6,4.18,4.48,5.09,4.63,3.0,0.68,24.0,0.0,0.4,0.6,25.5,36.0,37.0,31.4,3.0,9.3,24.0,0.0,0.4,0.6,-123.8,-42.9,2.2,-37.0,26.0,79.8,14.0,0.6,0.5,0.6,-170.5,-89.9,0.0,-88.1,26.0,75.8,14.0,0.6,0.5,0.6,-46.2,-36.6,-29.9,-38.0,3.0,12.0,24.0,0.0,0.4,0.6,-142.3,-112.5,-88.9,-115.5,3.0,39.2,24.0,0.0,0.4,0.6,-11.4,-11.1,-8.1,-9.8,3.0,2.7,24.0,0.0,0.4,0.6,-35.2,-34.2,-24.2,-29.8,3.0,8.9,24.0,0.0,0.4,0.6,17.0,97.5,301.0,193.0,26.0,213.5,14.0,0.6,0.5,0.6,15.0,95.0,300.0,195.0,26.0,215.0,14.0,0.6,0.5,0.6
1895,12,80.0,6.0,,,,,,,,,,,,,,,,,,,,,,,,,,,,,,,,,,,,,,,,4.14,7.45,10.76,7.45,2,6.86,14,0.5,0.5,0.3,0.38,1.2,2.01,1.2,2,1.69,14,0.5,0.5,0.3,-10.51,-6.66,-2.81,-6.66,2,7.98,14,0.5,0.5,0.3,1009.5,1009.5,1009.5,1009.5,1,0.0,24,0.0,0.3,0.3,,,,,,,,,,,,,,,,,,,,,,,,,,,,,,,,,,,,,,,,,,,,,,,,,,,,,,,,,,,,,,,,,,,,,,,,,,,,,,,,,,,,,,,,,,,,,,,,,,,,,,,,,,,,,,,,,,,,,,,,,,,,,,,,,,,,,,,,,,,,,,,,,,,,,,
1895,12,82.0,-46.0,,,,,,,,,,,,,,,,,,,,,,,,,,,,,,,,,,,,,,,,6.7,6.7,6.7,6.7,2,0.0,24,1.0,0.3,0.5,2.62,2.62,2.62,2.62,2,0.0,24,1.0,0.3,0.5,6.17,6.17,6.17,6.17,2,0.0,24,1.0,0.3,0.5,1014.6,1014.6,1014.6,1014.6,1,0.0,24,1.0,0.3,0.8,,,,,,,,,,,,,,,,,,,,,,,,,,,,,,,,,,,,,,,,,,,,,,,,,,,,,,,,,,,,,,,,,,,,,,,,,,,,,,,,,,,,,,,,,,,,,,,,,,,,,,,,,,,,,,,,,,,,,,,,,,,,,,,,,,,,,,,,,,,,,,,,,,,,,,
1895,12,82.0,-38.0,,,,,,,,,,,,,,,,,,,,,,,,,,,,,,,,,,,,,,,,6.84,9.3,9.3,8.13,4,2.35,12,0.3,0.5,0.4,0.82,2.6,3.48,2.17,4,1.67,12,0.3,0.5,0.4,-8.98,-8.62,-6.34,-7.7,4,2.31,12,0.3,0.5,0.4,1010.01,1010.9,1011.26,1010.65,4,0.95,12,0.3,0.5,0.4,,,,,,,,,,,,,,,,,,,,,,,,,,,,,,,,,,,,,,,,,,,,,,,,,,,,,,,,,,,,,,,,,,,,,,,,,,,,,,,,,,,,,,,,,,,,,,,,,,,,,,,,,,,,,,,,,,,,,,,,,,,,,,,,,,,,,,,,,,,,,,,,,,,,,,
1895,12,82.0,-36.0,,,,,,,,,,,,,,,,,,,,,,,,,,,,,,,,,,,,,,,,6.7,6.7,6.7,6.7,2,0.0,8,1.0,0.5,0.3,6.29,6.46,6.62,6.46,2,0.34,8,1.0,0.5,0.3,0.4,1.25,2.11,1.25,2,1.77,8,1.0,0.5,0.3,1018.16,1018.5,1018.84,1018.5,2,0.71,8,1.0,0.5,0.3,,,,,,,,,,,,,,,,,,,,,,,,,,,,,,,,,,,,,,,,,,,,,,,,,,,,,,,,,,,,,,,,,,,,,,,,,,,,,,,,,,,,,,,,,,,,,,,,,,,,,,,,,,,,,,,,,,,,,,,,,,,,,,,,,,,,,,,,,,,,,,,,,,,,,,
1895,12,82.0,-20.0,,,,,,,,,,,,,,,,,,,,,,,,,,,,,,,,,,,,,,,,2.92,3.6,4.28,3.6,2,1.41,8,1.0,0.5,0.5,0.16,0.51,0.85,0.51,2,0.72,8,1.0,0.5,0.5,-3.49,-1.1,1.28,-1.1,2,4.95,8,1.0,0.5,0.5,1013.84,1014.15,1014.46,1014.15,2,0.64,16,1.0,0.8,0.5,,,,,,,,,,,,,,,,,,,,,,,,,,,,,,,,,,,,,,,,,,,,,,,,,,,,,,,,,,,,,,,,,,,,,,,,,,,,,,,,,,,,,,,,,,,,,,,,,,,,,,,,,,,,,,,,,,,,,,,,,,,,,,,,,,,,,,,,,,,,,,,,,,,,,,
1895,12,82.0,-18.0,,,,,,,,,,,,,,,,,,,,,,,,,,,,,,,,,,,,,,,,4.6,4.6,4.6,4.6,1,0.0,20,1.0,0.3,0.8,-4.6,-4.6,-4.6,-4.6,1,0.0,20,1.0,0.3,0.8,0.0,0.0,0.0,0.0,1,0.0,20,1.0,0.3,0.8,1013.4,1014.25,1015.1,1014.25,2,1.77,18,1.0,0.3,0.5,,,,,,,,,,,,,,,,,,,,,,,,,,,,,,,,,,,,,,,,,,,,,,,,,,,,,,,,,,,,,,,,,,,,,,,,,,,,,,,,,,,,,,,,,,,,,,,,,,,,,,,,,,,,,,,,,,,,,,,,,,,,,,,,,,,,,,,,,,,,,,,,,,,,,,
1895,12,82.0,-14.0,,,,,,,,,,,,,,,,,,,,,,,,,,,,,,,,,,,,,,,,6.7,6.7,6.7,6.7,1,0.0,20,1.0,0.8,0.3,-6.17,-6.17,-6.17,-6.17,1,0.0,20,1.0,0.8,0.3,2.62,2.62,2.62,2.62,1,0.0,20,1.0,0.8,0.3,1015.3,1015.3,1015.3,1015.3,1,0.0,20,1.0,0.8,0.3,,,,,,,,,,,,,,,,,,,,,,,,,,,,,,,,,,,,,,,,,,,,,,,,,,,,,,,,,,,,,,,,,,,,,,,,,,,,,,,,,,,,,,,,,,,,,,,,,,,,,,,,,,,,,,,,,,,,,,,,,,,,,,,,,,,,,,,,,,,,,,,,,,,,,,
1895,12,82.0,0.0,26.5,26.5,26.5,26.5,2.0,0.0,24.0,0.0,0.8,0.8,26.3,26.3,26.3,26.3,2.0,0.0,24.0,0.0,0.8,0.8,17.66,17.68,17.7,17.68,2.0,0.04,24.0,0.0,0.8,0.8,82.6,82.6,82.6,82.6,2.0,0.0,24.0,0.0,0.8,1.57,2.8,4.03,2.8,2,2.55,24,0.0,0.8,0.8,1.17,2.06,2.95,2.06,2,1.85,24,0.0,0.8,0.8,-2.74,-1.9,-1.05,-1.9,2,1.75,24,0.0,0.8,0.8,1008.39,1009.45,1010.51,1009.45,2,2.19,24,0.0,0.8,0.8,2.0,2.0,2.0,2.0,2.0,0.0,24.0,0.0,0.8,0.8,3.1,8.1,13.1,8.1,2.0,10.4,24.0,0.0,0.8,0.8,-12.2,-7.5,-2.8,-7.5,2.0,9.7,24.0,0.0,0.8,0.8,0.2,0.2,0.2,0.2,2.0,0.0,24.0,0.0,0.8,0.8,0.3,0.6,0.8,0.6,2.0,0.5,24.0,0.0,0.8,0.8,4.03,4.04,4.04,4.04,2.0,0.01,24.0,0.0,0.8,0.8,6.3,11.3,16.2,11.3,2.0,10.3,24.0,0.0,0.8,0.8,30.7,54.2,77.6,54.2,2.0,48.5,24.0,0.0,0.8,0.8,-72.2,-49.9,-27.6,-49.9,2.0,46.1,24.0,0.0,0.8,0.8,20.7,36.4,52.1,36.4,2.0,32.5,24.0,0.0,0.8,0.8,-48.4,-33.5,-18.6,-33.5,2.0,30.9,24.0,0.0,0.8,0.8,4.7,8.3,11.9,8.3,2.0,7.4,24.0,0.0,0.8,0.8,-11.1,-7.7,-4.2,-7.7,2.0,7.1,24.0,0.0,0.8,0.8,16.5,49.0,82.0,49.0,2.0,68.0,24.0,0.0,0.8,0.8,15.0,50.0,80.0,50.0,2.0,70.0,24.0,0.0,0.8,0.8
1895,12,82.0,2.0,26.83,27.5,27.59,27.33,14.0,0.35,18.0,0.4,0.5,0.5,26.8,27.7,27.9,27.6,14.0,0.91,18.0,0.4,0.5,0.5,17.3,17.44,17.58,17.44,2.0,0.29,24.0,1.0,0.3,0.4,77.0,79.3,81.5,79.3,2.0,4.7,24.0,1.0,0.4,4.6,6.7,6.7,5.85,14,1.83,18,0.4,0.5,0.5,-1.8,0.0,6.08,0.86,14,3.64,18,0.4,0.5,0.5,-6.68,-4.49,-2.62,-4.63,14,1.76,18,0.4,0.5,0.5,1008.91,1010.15,1011.99,1010.41,14,1.78,18,0.4,0.5,0.5,3.1,6.0,6.9,5.1,14.0,2.1,18.0,0.4,0.5,0.5,-8.3,0.0,40.7,8.3,14.0,25.7,18.0,0.4,0.5,0.5,-44.9,-25.6,-15.1,-29.0,14.0,16.9,18.0,0.4,0.5,0.5,-0.6,-0.15,0.19,-0.27,14.0,0.8,18.0,0.4,0.5,0.5,-3.3,-0.8,1.3,-0.9,14.0,3.5,18.0,0.4,0.5,0.5,5.43,5.58,5.73,5.58,2.0,0.31,24.0,1.0,0.3,0.4,36.4,37.4,38.4,37.4,2.0,2.0,24.0,1.0,0.3,0.4,-50.1,0.0,168.6,22.8,14.0,100.5,18.0,0.4,0.5,0.5,-177.5,-122.6,-73.4,-126.7,14.0,45.8,18.0,0.4,0.5,0.5,8.1,8.2,8.2,8.2,2.0,0.1,24.0,1.0,0.3,0.4,-117.5,-116.6,-115.6,-116.6,2.0,2.0,24.0,1.0,0.3,0.4,2.5,2.6,2.7,2.6,2.0,0.1,24.0,1.0,0.3,0.4,-38.3,-37.3,-36.3,-37.3,2.0,2.0,24.0,1.0,0.3,0.4,97.5,301.0,301.0,252.5,14.0,197.0,18.0,0.4,0.5,0.5,95.0,300.0,300.0,255.0,14.0,195.0,18.0,0.4,0.5,0.5
1895,12,82.0,4.0,,,,,,,,,,,,,,,,,,,,,,,,,,,,,,,,,,,,,,,,2.6,4.6,9.3,5.53,23,2.73,12,0.4,0.5,0.6,-4.67,0.0,2.56,-0.55,23,4.09,12,0.4,0.5,0.6,-5.49,-3.48,2.06,-2.14,23,4.19,12,0.4,0.5,0.6,1007.33,1010.0,1013.25,1010.21,21,3.15,14,0.4,0.5,0.6,,,,,,,,,,,,,,,,,,,,,,,,,,,,,,,,,,,,,,,,,,,,,,,,,,,,,,,,,,,,,,,,,,,,,,,,,,,,,,,,,,,,,,,,,,,,,,,,,,,,,,,,,,,,,,,,,,,,,,,,,,,,,,,,,,,,,,,,,,,,,,,,,,,,,,
1895,12,84.0,-46.0,,,,,,,,,,,,,,,,,,,,,,,,,,,,,,,,,,,,,,,,6.7,8.25,12.73,9.65,4,4.1,20,0.5,0.5,0.3,6.44,8.25,12.73,9.53,4,4.22,20,0.5,0.5,0.3,0.0,0.0,1.31,0.63,4,1.25,20,0.5,0.5,0.3,988.4,988.4,988.4,988.4,1,0.0,10,1.0,0.3,0.3,,,,,,,,,,,,,,,,,,,,,,,,,,,,,,,,,,,,,,,,,,,,,,,,,,,,,,,,,,,,,,,,,,,,,,,,,,,,,,,,,,,,,,,,,,,,,,,,,,,,,,,,,,,,,,,,,,,,,,,,,,,,,,,,,,,,,,,,,,,,,,,,,,,,,,
1895,12,84.0,-44.0,,,,,,,,,,,,,,,,,,,,,,,,,,,,,,,,,,,,,,,,12.3,12.3,12.3,12.3,1,0.0,6,1.0,0.3,0.8,11.4,11.4,11.4,11.4,1,0.0,6,1.0,0.3,0.8,4.61,4.61,4.61,4.61,1,0.0,6,1.0,0.3,0.8,1005.1,1005.1,1005.1,1005.1,1,0.0,6,1.0,0.3,0.8,,,,,,,,,,,,,,,,,,,,,,,,,,,,,,,,,,,,,,,,,,,,,,,,,,,,,,,,,,,,,,,,,,,,,,,,,,,,,,,,,,,,,,,,,,,,,,,,,,,,,,,,,,,,,,,,,,,,,,,,,,,,,,,,,,,,,,,,,,,,,,,,,,,,,,
1895,12,84.0,-40.0,,,,,,,,,,,,,,,,,,,,,,,,,,,,,,,,,,,,,,,,6.7,6.7,6.7,6.7,1,0.0,6,1.0,0.8,0.3,2.62,2.62,2.62,2.62,1,0.0,6,1.0,0.8,0.3,6.17,6.17,6.17,6.17,1,0.0,6,1.0,0.8,0.3,1011.4,1011.4,1011.4,1011.4,1,0.0,6,1.0,0.8,0.3,,,,,,,,,,,,,,,,,,,,,,,,,,,,,,,,,,,,,,,,,,,,,,,,,,,,,,,,,,,,,,,,,,,,,,,,,,,,,,,,,,,,,,,,,,,,,,,,,,,,,,,,,,,,,,,,,,,,,,,,,,,,,,,,,,,,,,,,,,,,,,,,,,,,,,
1895,12,84.0,-38.0,,,,,,,,,,,,,,,,,,,,,,,,,,,,,,,,,,,,,,,,9.3,9.3,11.35,10.3,3,1.73,14,1.0,0.4,0.8,3.84,4.61,7.31,5.55,3,2.67,14,1.0,0.4,0.8,-10.52,-8.62,-5.22,-7.89,3,3.94,14,1.0,0.4,0.8,1006.71,1009.1,1009.37,1008.07,3,2.15,14,1.0,0.4,0.8,,,,,,,,,,,,,,,,,,,,,,,,,,,,,,,,,,,,,,,,,,,,,,,,,,,,,,,,,,,,,,,,,,,,,,,,,,,,,,,,,,,,,,,,,,,,,,,,,,,,,,,,,,,,,,,,,,,,,,,,,,,,,,,,,,,,,,,,,,,,,,,,,,,,,,
1895,12,84.0,-26.0,,,,,,,,,,,,,,,,,,,,,,,,,,,,,,,,,,,,,,,,4.6,4.6,4.6,4.6,1,0.0,14,1.0,0.8,0.8,-3.25,-3.25,-3.25,-3.25,1,0.0,14,1.0,0.8,0.8,-3.25,-3.25,-3.25,-3.25,1,0.0,14,1.0,0.8,0.8,1021.7,1021.7,1021.7,1021.7,1,0.0,14,1.0,0.8,0.8,,,,,,,,,,,,,,,,,,,,,,,,,,,,,,,,,,,,,,,,,,,,,,,,,,,,,,,,,,,,,,,,,,,,,,,,,,,,,,,,,,,,,,,,,,,,,,,,,,,,,,,,,,,,,,,,,,,,,,,,,,,,,,,,,,,,,,,,,,,,,,,,,,,,,,
1895,12,84.0,-24.0,,,,,,,,,,,,,,,,,,,,,,,,,,,,,,,,,,,,,,,,4.6,4.6,4.6,4.6,1,0.0,14,1.0,0.8,0.8,-4.27,-4.27,-4.27,-4.27,1,0.0,14,1.0,0.8,0.8,-1.72,-1.72,-1.72,-1.72,1,0.0,14,1.0,0.8,0.8,1017.9,1017.9,1017.9,1017.9,1,0.0,14,1.0,0.8,0.8,,,,,,,,,,,,,,,,,,,,,,,,,,,,,,,,,,,,,,,,,,,,,,,,,,,,,,,,,,,,,,,,,,,,,,,,,,,,,,,,,,,,,,,,,,,,,,,,,,,,,,,,,,,,,,,,,,,,,,,,,,,,,,,,,,,,,,,,,,,,,,,,,,,,,,
1895,12,84.0,-22.0,,,,,,,,,,,,,,,,,,,,,,,,,,,,,,,,,,,,,,,,5.35,6.95,8.55,6.95,2,3.32,12,1.0,0.3,0.8,-7.88,-6.41,-4.95,-6.41,2,3.04,12,1.0,0.3,0.8,-0.87,0.96,2.78,0.96,2,3.79,12,1.0,0.3,0.8,1015.5,1015.5,1015.5,1015.5,1,0.0,16,1.0,0.3,0.8,,,,,,,,,,,,,,,,,,,,,,,,,,,,,,,,,,,,,,,,,,,,,,,,,,,,,,,,,,,,,,,,,,,,,,,,,,,,,,,,,,,,,,,,,,,,,,,,,,,,,,,,,,,,,,,,,,,,,,,,,,,,,,,,,,,,,,,,,,,,,,,,,,,,,,
1895,12,84.0,-12.0,,,,,,,,,,,,,,,,,,,,,,,,,,,,,,,,,,,,,,,,4.6,4.6,4.6,4.6,1,0.0,22,1.0,0.3,0.8,-4.6,-4.6,-4.6,-4.6,1,0.0,22,1.0,0.3,0.8,0.0,0.0,0.0,0.0,1,0.0,22,1.0,0.3,0.8,1012.4,1012.4,1012.4,1012.4,1,0.0,22,1.0,0.3,0.8,,,,,,,,,,,,,,,,,,,,,,,,,,,,,,,,,,,,,,,,,,,,,,,,,,,,,,,,,,,,,,,,,,,,,,,,,,,,,,,,,,,,,,,,,,,,,,,,,,,,,,,,,,,,,,,,,,,,,,,,,,,,,,,,,,,,,,,,,,,,,,,,,,,,,,
1895,12,84.0,-10.0,,,,,,,,,,,,,,,,,,,,,,,,,,,,,,,,,,,,,,,,4.6,4.6,4.6,4.6,1,0.0,22,1.0,0.8,0.8,-1.72,-1.72,-1.72,-1.72,1,0.0,22,1.0,0.8,0.8,4.27,4.27,4.27,4.27,1,0.0,22,1.0,0.8,0.8,1013.2,1013.2,1013.2,1013.2,1,0.0,22,1.0,0.8,0.8,,,,,,,,,,,,,,,,,,,,,,,,,,,,,,,,,,,,,,,,,,,,,,,,,,,,,,,,,,,,,,,,,,,,,,,,,,,,,,,,,,,,,,,,,,,,,,,,,,,,,,,,,,,,,,,,,,,,,,,,,,,,,,,,,,,,,,,,,,,,,,,,,,,,,,
1895,12,84.0,-2.0,26.5,27.0,27.5,27.0,7.0,0.5,18.0,0.7,0.6,0.6,25.49,25.8,26.69,26.24,7.0,1.05,18.0,0.7,0.6,0.6,17.74,17.86,18.02,17.88,3.0,0.2,24.0,1.0,0.7,0.6,83.7,86.1,88.6,86.1,3.0,3.6,24.0,1.0,0.6,2.6,3.6,7.06,4.78,4,3.16,24,1.0,0.7,0.6,2.41,3.35,6.9,4.6,4,3.25,24,1.0,0.7,0.6,-1.39,-0.97,-0.36,-0.88,4,0.78,24,1.0,0.7,0.6,1008.41,1009.0,1010.75,1009.29,7,1.68,18,0.7,0.6,0.6,6.0,8.0,8.0,7.1,7.0,1.1,18.0,0.7,0.6,0.6,6.3,13.0,54.6,29.7,4.0,38.4,24.0,1.0,0.7,0.6,-5.4,-2.5,-0.4,-2.9,4.0,3.9,24.0,1.0,0.7,0.6,0.62,1.0,1.2,0.76,7.0,0.75,18.0,0.7,0.6,0.6,2.8,4.3,6.0,4.4,4.0,1.9,24.0,1.0,0.7,0.6,3.66,3.81,4.88,4.26,3.0,0.97,24.0,1.0,0.7,0.6,14.8,16.5,29.5,22.0,3.0,11.7,24.0,1.0,0.7,0.6,62.4,85.9,177.1,118.2,4.0,83.9,24.0,1.0,0.7,0.6,-35.2,-25.2,-9.5,-22.5,4.0,19.8,24.0,1.0,0.7,0.6,53.8,77.2,137.8,95.4,3.0,63.5,24.0,1.0,0.7,0.6,-26.5,-16.5,-3.3,-14.9,3.0,17.1,24.0,1.0,0.7,0.6,13.8,15.3,29.1,21.3,3.0,12.3,24.0,1.0,0.7,0.6,-5.8,-5.0,-1.2,-3.5,3.0,3.6,24.0,1.0,0.7,0.6,17.5,57.5,467.5,234.0,4.0,382.0,24.0,1.0,0.7,0.6,20.0,55.0,470.0,235.0,4.0,380.0,24.0,1.0,0.7,0.6
1895,12,84.0,0.0,27.5,27.75,28.1,27.8,4.0,0.36,26.0,0.5,0.5,0.6,26.97,27.75,28.06,27.53,4.0,0.86,26.0,0.5,0.5,0.6,17.65,17.65,17.65,17.65,1.0,0.0,24.0,0.0,0.2,0.3,82.6,82.6,82.6,82.6,1.0,0.0,24.0,0.0,0.3,0.48,1.8,3.65,2.05,4,2.01,26,0.5,0.5,0.6,-0.53,0.35,2.59,1.0,4,2.31,26,0.5,0.5,0.6,-2.04,-0.82,0.37,-0.83,4,1.43,26,0.5,0.5,0.6,1008.7,1010.1,1010.97,1009.85,4,1.53,26,0.5,0.5,0.6,2.0,2.5,4.6,3.3,4.0,1.9,26.0,0.5,0.5,0.6,-1.4,0.4,10.7,4.5,4.0,10.3,26.0,0.5,0.5,0.6,-6.9,-3.1,0.4,-3.3,4.0,4.2,26.0,0.5,0.5,0.6,-0.32,0.35,0.87,0.28,4.0,0.83,26.0,0.5,0.5,0.6,-1.1,0.3,3.1,1.0,4.0,3.2,26.0,0.5,0.5,0.6,5.36,5.36,5.36,5.36,1.0,0.0,24.0,0.0,0.2,0.3,24.7,24.7,24.7,24.7,1.0,0.0,24.0,0.0,0.2,0.3,-15.1,9.8,68.5,25.9,4.0,61.3,26.0,0.5,0.5,0.6,-56.1,-21.7,10.3,-22.9,4.0,39.8,26.0,0.5,0.5,0.6,75.8,75.8,75.8,75.8,1.0,0.0,24.0,0.0,0.2,0.3,-29.1,-29.1,-29.1,-29.1,1.0,0.0,24.0,0.0,0.2,0.3,23.0,23.0,23.0,23.0,1.0,0.0,24.0,0.0,0.2,0.3,-8.8,-8.8,-8.8,-8.8,1.0,0.0,24.0,0.0,0.2,0.3,0.5,9.5,59.5,29.0,4.0,46.5,26.0,0.5,0.5,0.6,0.0,10.0,60.0,30.0,4.0,45.0,26.0,0.5,0.5,0.6
1895,12,84.0,2.0,,,,,,,,,,,,,,,,,,,,,,,,,,,,,,,,,,,,,,,,6.7,8.0,9.3,7.86,8,2.87,12,0.6,0.4,0.5,-4.21,5.72,8.69,3.34,8,6.33,12,0.6,0.4,0.5,-6.37,-3.67,0.0,-2.98,8,3.99,12,0.6,0.4,0.5,1008.44,1010.05,1011.47,1009.99,10,1.78,12,0.7,0.5,0.5,,,,,,,,,,,,,,,,,,,,,,,,,,,,,,,,,,,,,,,,,,,,,,,,,,,,,,,,,,,,,,,,,,,,,,,,,,,,,,,,,,,,,,,,,,,,,,,,,,,,,,,,,,,,,,,,,,,,,,,,,,,,,,,,,,,,,,,,,,,,,,,,,,,,,,
1895,12,84.0,4.0,,,,,,,,,,,,,,,,,,,,,,,,,,,,,,,,,,,,,,,,2.6,4.6,6.7,4.97,21,2.61,14,0.4,0.4,0.6,-2.48,0.0,3.96,-0.18,21,3.99,14,0.4,0.4,0.6,-5.89,-3.48,1.49,-2.39,21,3.28,14,0.4,0.4,0.6,1006.36,1009.8,1012.67,1009.71,19,2.92,14,0.4,0.5,0.5,,,,,,,,,,,,,,,,,,,,,,,,,,,,,,,,,,,,,,,,,,,,,,,,,,,,,,,,,,,,,,,,,,,,,,,,,,,,,,,,,,,,,,,,,,,,,,,,,,,,,,,,,,,,,,,,,,,,,,,,,,,,,,,,,,,,,,,,,,,,,,,,,,,,,,
1895,12,86.0,-46.0,,,,,,,,,,,,,,,,,,,,,,,,,,,,,,,,,,,,,,,,6.7,6.7,8.82,7.73,3,1.79,26,1.0,0.4,0.3,6.7,6.7,8.28,7.47,3,1.34,26,1.0,0.4,0.3,-2.61,0.0,0.0,-1.28,3,2.21,26,1.0,0.4,0.3,1005.0,1005.0,1005.0,1005.0,1,0.0,26,1.0,0.3,0.3,,,,,,,,,,,,,,,,,,,,,,,,,,,,,,,,,,,,,,,,,,,,,,,,,,,,,,,,,,,,,,,,,,,,,,,,,,,,,,,,,,,,,,,,,,,,,,,,,,,,,,,,,,,,,,,,,,,,,,,,,,,,,,,,,,,,,,,,,,,,,,,,,,,,,,
1895,12,86.0,-38.0,,,,,,,,,,,,,,,,,,,,,,,,,,,,,,,,,,,,,,,,9.78,10.8,11.82,10.8,2,2.12,12,0.5,0.3,0.8,3.66,4.05,4.43,4.05,2,0.79,12,0.5,0.3,0.8,-10.96,-10.01,-9.06,-10.01,2,1.97,12,0.5,0.3,0.8,1009.24,1009.75,1010.26,1009.75,2,1.06,12,0.5,0.3,0.8,,,,,,,,,,,,,,,,,,,,,,,,,,,,,,,,,,,,,,,,,,,,,,,,,,,,,,,,,,,,,,,,,,,,,,,,,,,,,,,,,,,,,,,,,,,,,,,,,,,,,,,,,,,,,,,,,,,,,,,,,,,,,,,,,,,,,,,,,,,,,,,,,,,,,,
1895,12,86.0,-36.0,,,,,,,,,,,,,,,,,,,,,,,,,,,,,,,,,,,,,,,,4.55,8.0,9.3,6.98,4,3.16,12,0.5,0.5,0.5,2.91,3.48,4.91,3.89,4,1.63,12,0.5,0.5,0.5,-8.62,-4.82,0.83,-3.94,4,5.6,12,0.5,0.5,0.5,1010.8,1010.95,1015.5,1013.05,4,4.3,12,0.5,0.5,0.5,,,,,,,,,,,,,,,,,,,,,,,,,,,,,,,,,,,,,,,,,,,,,,,,,,,,,,,,,,,,,,,,,,,,,,,,,,,,,,,,,,,,,,,,,,,,,,,,,,,,,,,,,,,,,,,,,,,,,,,,,,,,,,,,,,,,,,,,,,,,,,,,,,,,,,
1895,12,86.0,-34.0,,,,,,,,,,,,,,,,,,,,,,,,,,,,,,,,,,,,,,,,4.6,4.6,4.6,4.6,2,0.0,12,1.0,0.3,0.3,-3.07,-0.51,2.06,-0.51,2,5.32,12,1.0,0.3,0.3,-0.93,0.76,2.46,0.76,2,3.52,12,1.0,0.3,0.3,1016.31,1018.05,1019.79,1018.05,2,3.61,12,1.0,0.3,0.3,,,,,,,,,,,,,,,,,,,,,,,,,,,,,,,,,,,,,,,,,,,,,,,,,,,,,,,,,,,,,,,,,,,,,,,,,,,,,,,,,,,,,,,,,,,,,,,,,,,,,,,,,,,,,,,,,,,,,,,,,,,,,,,,,,,,,,,,,,,,,,,,,,,,,,
1895,12,86.0,-32.0,,,,,,,,,,,,,,,,,,,,,,,,,,,,,,,,,,,,,,,,2.92,3.6,4.28,3.6,2,1.41,14,1.0,0.3,0.3,2.53,2.82,3.12,2.82,2,0.61,14,1.0,0.3,0.3,-2.9,-2.13,-1.37,-2.13,2,1.58,14,1.0,0.3,0.3,1020.3,1020.3,1020.3,1020.3,1,0.0,10,1.0,0.3,0.3,,,,,,,,,,,,,,,,,,,,,,,,,,,,,,,,,,,,,,,,,,,,,,,,,,,,,,,,,,,,,,,,,,,,,,,,,,,,,,,,,,,,,,,,,,,,,,,,,,,,,,,,,,,,,,,,,,,,,,,,,,,,,,,,,,,,,,,,,,,,,,,,,,,,,,
1895,12,86.0,-30.0,,,,,,,,,,,,,,,,,,,,,,,,,,,,,,,,,,,,,,,,2.92,3.6,4.28,3.6,2,1.41,12,1.0,0.8,0.8,-2.03,-1.21,-0.38,-1.21,2,1.7,12,1.0,0.8,0.8,-4.02,-2.79,-1.55,-2.79,2,2.56,12,1.0,0.8,0.8,1018.56,1019.55,1020.54,1019.55,2,2.05,12,1.0,0.8,0.8,,,,,,,,,,,,,,,,,,,,,,,,,,,,,,,,,,,,,,,,,,,,,,,,,,,,,,,,,,,,,,,,,,,,,,,,,,,,,,,,,,,,,,,,,,,,,,,,,,,,,,,,,,,,,,,,,,,,,,,,,,,,,,,,,,,,,,,,,,,,,,,,,,,,,,
1895,12,86.0,-28.0,,,,,,,,,,,,,,,,,,,,,,,,,,,,,,,,,,,,,,,,2.6,2.6,2.6,2.6,1,0.0,12,1.0,0.8,0.8,-1.84,-1.84,-1.84,-1.84,1,0.0,12,1.0,0.8,0.8,-1.84,-1.84,-1.84,-1.84,1,0.0,12,1.0,0.8,0.8,1016.75,1016.85,1016.95,1016.85,2,0.21,14,1.0,0.8,0.8,,,,,,,,,,,,,,,,,,,,,,,,,,,,,,,,,,,,,,,,,,,,,,,,,,,,,,,,,,,,,,,,,,,,,,,,,,,,,,,,,,,,,,,,,,,,,,,,,,,,,,,,,,,,,,,,,,,,,,,,,,,,,,,,,,,,,,,,,,,,,,,,,,,,,,
1895,12,86.0,-8.0,,,,,,,,,,,,,,,,,,,,,,,,,,,,,,,,,,,,,,,,2.6,2.6,2.6,2.6,1,0.0,24,1.0,0.3,0.8,1.84,1.84,1.84,1.84,1,0.0,24,1.0,0.3,0.8,1.84,1.84,1.84,1.84,1,0.0,24,1.0,0.3,0.8,1010.1,1010.1,1010.1,1010.1,1,0.0,24,1.0,0.3,0.8,,,,,,,,,,,,,,,,,,,,,,,,,,,,,,,,,,,,,,,,,,,,,,,,,,,,,,,,,,,,,,,,,,,,,,,,,,,,,,,,,,,,,,,,,,,,,,,,,,,,,,,,,,,,,,,,,,,,,,,,,,,,,,,,,,,,,,,,,,,,,,,,,,,,,,
1895,12,86.0,-6.0,,,,,,,,,,,,,,,,,,,,,,,,,,,,,,,,,,,,,,,,3.25,4.65,6.05,4.65,2,2.9,24,1.0,0.3,0.3,3.25,4.65,6.05,4.65,2,2.9,24,1.0,0.3,0.3,0.0,0.0,0.0,0.0,2,0.0,24,1.0,0.3,0.3,1010.36,1010.5,1010.64,1010.5,2,0.28,24,1.0,0.3,0.3,,,,,,,,,,,,,,,,,,,,,,,,,,,,,,,,,,,,,,,,,,,,,,,,,,,,,,,,,,,,,,,,,,,,,,,,,,,,,,,,,,,,,,,,,,,,,,,,,,,,,,,,,,,,,,,,,,,,,,,,,,,,,,,,,,,,,,,,,,,,,,,,,,,,,,
1895,12,86.0,-4.0,26.5,26.5,27.44,26.95,4.0,0.9,16.0,0.3,0.6,0.7,25.78,26.3,27.56,26.65,4.0,1.45,16.0,0.3,0.6,0.7,18.49,19.25,19.25,18.88,3.0,0.64,22.0,0.0,0.5,0.7,89.8,89.8,89.8,89.8,3.0,0.0,22.0,0.0,0.7,6.7,8.0,9.3,8.0,4,1.5,16,0.3,0.6,0.7,6.17,7.33,8.5,7.33,4,1.34,16,0.3,0.6,0.7,-0.13,3.2,3.78,1.89,4,3.06,16,0.3,0.6,0.7,1008.55,1009.3,1009.71,1009.13,3,0.86,22,0.0,0.5,0.7,5.0,6.5,7.5,6.3,4.0,1.7,16.0,0.3,0.6,0.7,41.3,60.2,79.0,60.2,4.0,21.8,16.0,0.3,0.6,0.7,-0.8,26.4,35.2,17.6,4.0,24.9,16.0,0.3,0.6,0.7,-0.11,0.2,0.72,0.3,4.0,0.66,16.0,0.3,0.6,0.7,-0.5,1.9,5.1,2.3,4.0,4.4,16.0,0.3,0.6,0.7,2.46,2.46,3.24,2.84,3.0,0.66,22.0,0.0,0.5,0.7,22.9,22.9,23.8,23.3,3.0,0.7,22.0,0.0,0.5,0.7,166.0,200.2,223.4,195.0,4.0,34.0,16.0,0.3,0.6,0.7,-7.8,82.9,99.5,47.5,4.0,83.3,16.0,0.3,0.6,0.7,128.3,163.5,163.6,146.3,3.0,29.8,22.0,0.0,0.5,0.7,55.5,72.8,72.8,64.4,3.0,14.6,22.0,0.0,0.5,0.7,20.9,20.9,21.8,21.4,3.0,0.8,22.0,0.0,0.5,0.7,9.3,9.3,9.4,9.4,3.0,0.1,22.0,0.0,0.5,0.7,301.0,552.5,804.5,552.5,4.0,291.0,16.0,0.3,0.6,0.7,300.0,555.0,805.0,555.0,4.0,290.0,16.0,0.3,0.6,0.7
1895,12,86.0,-2.0,,,,,,,,,,,,,,,,,,,,,,,,,,,,,,,,,,,,,,,,3.23,4.6,4.6,3.93,3,1.15,22,1.0,0.6,0.4,-1.55,-1.02,2.82,0.6,3,3.49,22,1.0,0.6,0.4,-3.65,-2.39,-0.76,-2.21,3,2.12,22,1.0,0.6,0.4,1008.26,1010.3,1011.96,1010.24,5,2.08,18,0.8,0.6,0.4,,,,,,,,,,,,,,,,,,,,,,,,,,,,,,,,,,,,,,,,,,,,,,,,,,,,,,,,,,,,,,,,,,,,,,,,,,,,,,,,,,,,,,,,,,,,,,,,,,,,,,,,,,,,,,,,,,,,,,,,,,,,,,,,,,,,,,,,,,,,,,,,,,,,,,
1895,12,86.0,0.0,,,,,,,,,,,,,,,,,,,,,,,,,,,,,,,,,,,,,,,,2.02,2.6,10.4,5.56,5,4.94,20,0.4,0.6,0.5,0.0,1.02,10.07,4.34,5,5.55,20,0.4,0.6,0.5,0.63,2.39,3.33,2.12,5,1.75,20,0.4,0.6,0.5,1008.27,1009.0,1011.04,1009.41,7,1.52,16,0.4,0.5,0.5,,,,,,,,,,,,,,,,,,,,,,,,,,,,,,,,,,,,,,,,,,,,,,,,,,,,,,,,,,,,,,,,,,,,,,,,,,,,,,,,,,,,,,,,,,,,,,,,,,,,,,,,,,,,,,,,,,,,,,,,,,,,,,,,,,,,,,,,,,,,,,,,,,,,,,
1895,12,86.0,2.0,,,,,,,,,,,,,,,,,,,,,,,,,,,,,,,,,,,,,,,,3.04,6.7,6.7,5.35,15,2.49,16,0.7,0.6,0.6,-4.27,-1.8,3.85,-0.38,15,4.19,16,0.7,0.6,0.6,-6.17,-4.23,1.34,-2.66,15,3.41,16,0.7,0.6,0.6,1008.84,1010.6,1011.46,1010.4,15,1.17,16,0.7,0.6,0.6,,,,,,,,,,,,,,,,,,,,,,,,,,,,,,,,,,,,,,,,,,,,,,,,,,,,,,,,,,,,,,,,,,,,,,,,,,,,,,,,,,,,,,,,,,,,,,,,,,,,,,,,,,,,,,,,,,,,,,,,,,,,,,,,,,,,,,,,,,,,,,,,,,,,,,
1895,12,86.0,4.0,,,,,,,,,,,,,,,,,,,,,,,,,,,,,,,,,,,,,,,,2.19,4.6,9.3,5.16,12,3.51,10,0.4,0.4,0.5,-8.62,0.0,2.77,-2.17,12,5.02,10,0.4,0.4,0.5,-3.48,-3.25,0.0,-2.2,12,2.38,10,0.4,0.4,0.5,1008.42,1010.4,1013.99,1011.06,9,2.8,14,0.4,0.4,0.6,,,,,,,,,,,,,,,,,,,,,,,,,,,,,,,,,,,,,,,,,,,,,,,,,,,,,,,,,,,,,,,,,,,,,,,,,,,,,,,,,,,,,,,,,,,,,,,,,,,,,,,,,,,,,,,,,,,,,,,,,,,,,,,,,,,,,,,,,,,,,,,,,,,,,,
1895,12,88.0,-46.0,,,,,,,,,,,,,,,,,,,,,,,,,,,,,,,,,,,,,,,,9.46,9.8,11.51,10.47,3,1.61,20,0.3,0.4,0.4,7.49,8.7,9.11,8.31,3,1.23,20,0.3,0.4,0.4,-8.14,-6.93,-2.2,-5.21,3,4.6,20,0.3,0.4,0.4,1000.3,1000.3,1000.3,1000.3,1,0.0,10,1.0,0.3,0.8,,,,,,,,,,,,,,,,,,,,,,,,,,,,,,,,,,,,,,,,,,,,,,,,,,,,,,,,,,,,,,,,,,,,,,,,,,,,,,,,,,,,,,,,,,,,,,,,,,,,,,,,,,,,,,,,,,,,,,,,,,,,,,,,,,,,,,,,,,,,,,,,,,,,,,
1895,12,88.0,-40.0,,,,,,,,,,,,,,,,,,,,,,,,,,,,,,,,,,,,,,,,6.7,6.7,6.7,6.7,1,0.0,6,1.0,0.8,0.8,6.21,6.21,6.21,6.21,1,0.0,6,1.0,0.8,0.8,2.51,2.51,2.51,2.51,1,0.0,6,1.0,0.8,0.8,1012.4,1012.4,1012.4,1012.4,1,0.0,6,1.0,0.8,0.8,,,,,,,,,,,,,,,,,,,,,,,,,,,,,,,,,,,,,,,,,,,,,,,,,,,,,,,,,,,,,,,,,,,,,,,,,,,,,,,,,,,,,,,,,,,,,,,,,,,,,,,,,,,,,,,,,,,,,,,,,,,,,,,,,,,,,,,,,,,,,,,,,,,,,,
1895,12,88.0,-36.0,,,,,,,,,,,,,,,,,,,,,,,,,,,,,,,,,,,,,,,,7.94,9.3,9.3,8.65,4,1.3,14,1.0,0.5,0.5,3.48,3.48,4.14,3.8,4,0.63,14,1.0,0.5,0.5,-8.62,-8.62,-6.59,-7.65,4,1.94,14,1.0,0.5,0.5,1010.95,1011.45,1012.06,1011.5,4,0.65,14,1.0,0.5,0.5,,,,,,,,,,,,,,,,,,,,,,,,,,,,,,,,,,,,,,,,,,,,,,,,,,,,,,,,,,,,,,,,,,,,,,,,,,,,,,,,,,,,,,,,,,,,,,,,,,,,,,,,,,,,,,,,,,,,,,,,,,,,,,,,,,,,,,,,,,,,,,,,,,,,,,
1895,12,88.0,-34.0,,,,,,,,,,,,,,,,,,,,,,,,,,,,,,,,,,,,,,,,6.7,6.7,6.7,6.7,1,0.0,10,1.0,0.3,0.8,6.17,6.17,6.17,6.17,1,0.0,10,1.0,0.3,0.8,-2.62,-2.62,-2.62,-2.62,1,0.0,10,1.0,0.3,0.8,1020.7,1020.7,1020.7,1020.7,1,0.0,10,1.0,0.3,0.8,,,,,,,,,,,,,,,,,,,,,,,,,,,,,,,,,,,,,,,,,,,,,,,,,,,,,,,,,,,,,,,,,,,,,,,,,,,,,,,,,,,,,,,,,,,,,,,,,,,,,,,,,,,,,,,,,,,,,,,,,,,,,,,,,,,,,,,,,,,,,,,,,,,,,,
1895,12,88.0,-32.0,,,,,,,,,,,,,,,,,,,,,,,,,,,,,,,,,,,,,,,,1.25,1.8,2.35,1.8,2,1.13,10,1.0,0.5,0.5,0.15,0.46,0.78,0.46,2,0.66,10,1.0,0.5,0.5,0.73,1.49,2.25,1.49,2,1.57,10,1.0,0.5,0.5,1022.03,1022.1,1022.1,1022.07,3,0.06,10,1.0,0.6,0.6,,,,,,,,,,,,,,,,,,,,,,,,,,,,,,,,,,,,,,,,,,,,,,,,,,,,,,,,,,,,,,,,,,,,,,,,,,,,,,,,,,,,,,,,,,,,,,,,,,,,,,,,,,,,,,,,,,,,,,,,,,,,,,,,,,,,,,,,,,,,,,,,,,,,,,
1895,12,88.0,-30.0,,,,,,,,,,,,,,,,,,,,,,,,,,,,,,,,,,,,,,,,2.92,3.6,4.28,3.6,2,1.41,16,1.0,0.3,0.5,-0.18,1.61,3.4,1.61,2,3.71,16,1.0,0.3,0.5,-2.3,-2.1,-1.89,-2.1,2,0.42,16,1.0,0.3,0.5,1014.7,1016.85,1019.0,1016.85,2,4.45,16,1.0,0.3,0.5,,,,,,,,,,,,,,,,,,,,,,,,,,,,,,,,,,,,,,,,,,,,,,,,,,,,,,,,,,,,,,,,,,,,,,,,,,,,,,,,,,,,,,,,,,,,,,,,,,,,,,,,,,,,,,,,,,,,,,,,,,,,,,,,,,,,,,,,,,,,,,,,,,,,,,
1895,12,88.0,-28.0,,,,,,,,,,,,,,,,,,,,,,,,,,,,,,,,,,,,,,,,1.06,3.35,5.64,3.35,2,4.74,18,1.0,0.3,0.5,-3.99,-2.37,-0.75,-2.37,2,3.35,18,1.0,0.3,0.5,0.75,2.37,3.99,2.37,2,3.35,18,1.0,0.3,0.5,1018.36,1018.5,1018.64,1018.5,2,0.28,18,1.0,0.3,0.5,,,,,,,,,,,,,,,,,,,,,,,,,,,,,,,,,,,,,,,,,,,,,,,,,,,,,,,,,,,,,,,,,,,,,,,,,,,,,,,,,,,,,,,,,,,,,,,,,,,,,,,,,,,,,,,,,,,,,,,,,,,,,,,,,,,,,,,,,,,,,,,,,,,,,,
1895,12,88.0,-24.0,,,,,,,,,,,,,,,,,,,,,,,,,,,,,,,,,,,,,,,,3.66,5.95,8.24,5.95,2,4.74,20,1.0,0.5,0.3,-6.91,-3.36,0.19,-3.36,2,7.35,20,1.0,0.5,0.3,-0.97,0.9,2.77,0.9,2,3.87,20,1.0,0.5,0.3,1015.29,1015.7,1016.38,1015.83,3,0.81,20,1.0,0.6,0.3,,,,,,,,,,,,,,,,,,,,,,,,,,,,,,,,,,,,,,,,,,,,,,,,,,,,,,,,,,,,,,,,,,,,,,,,,,,,,,,,,,,,,,,,,,,,,,,,,,,,,,,,,,,,,,,,,,,,,,,,,,,,,,,,,,,,,,,,,,,,,,,,,,,,,,
1895,12,88.0,-20.0,,,,,,,,,,,,,,,,,,,,,,,,,,,,,,,,,,,,,,,,9.3,9.3,9.3,9.3,1,0.0,22,1.0,0.8,0.8,-8.56,-8.56,-8.56,-8.56,1,0.0,22,1.0,0.8,0.8,3.63,3.63,3.63,3.63,1,0.0,22,1.0,0.8,0.8,1014.3,1014.3,1014.3,1014.3,1,0.0,22,1.0,0.8,0.8,,,,,,,,,,,,,,,,,,,,,,,,,,,,,,,,,,,,,,,,,,,,,,,,,,,,,,,,,,,,,,,,,,,,,,,,,,,,,,,,,,,,,,,,,,,,,,,,,,,,,,,,,,,,,,,,,,,,,,,,,,,,,,,,,,,,,,,,,,,,,,,,,,,,,,
1895,12,88.0,-16.0,,,,,,,,,,,,,,,,,,,,,,,,,,,,,,,,,,,,,,,,9.3,9.3,9.3,9.3,1,0.0,24,1.0,0.8,0.8,-8.56,-8.56,-8.56,-8.56,1,0.0,24,1.0,0.8,0.8,3.63,3.63,3.63,3.63,1,0.0,24,1.0,0.8,0.8,1011.0,1011.0,1011.0,1011.0,1,0.0,24,1.0,0.8,0.8,,,,,,,,,,,,,,,,,,,,,,,,,,,,,,,,,,,,,,,,,,,,,,,,,,,,,,,,,,,,,,,,,,,,,,,,,,,,,,,,,,,,,,,,,,,,,,,,,,,,,,,,,,,,,,,,,,,,,,,,,,,,,,,,,,,,,,,,,,,,,,,,,,,,,,
1895,12,88.0,-14.0,,,,,,,,,,,,,,,,,,,,,,,,,,,,,,,,,,,,,,,,5.27,6.7,6.7,6.0,3,1.21,20,1.0,0.4,0.8,-3.94,-2.51,-0.8,-2.37,3,2.3,20,1.0,0.4,0.8,1.97,6.21,6.55,4.3,3,3.74,20,1.0,0.4,0.8,1010.42,1011.55,1012.68,1011.55,2,2.33,28,1.0,0.5,0.8,,,,,,,,,,,,,,,,,,,,,,,,,,,,,,,,,,,,,,,,,,,,,,,,,,,,,,,,,,,,,,,,,,,,,,,,,,,,,,,,,,,,,,,,,,,,,,,,,,,,,,,,,,,,,,,,,,,,,,,,,,,,,,,,,,,,,,,,,,,,,,,,,,,,,,
1895,12,88.0,-12.0,,,,,,,,,,,,,,,,,,,,,,,,,,,,,,,,,,,,,,,,2.6,2.6,3.97,3.27,3,1.15,26,1.0,0.8,0.6,-2.99,-2.41,-0.77,-1.89,3,1.69,26,1.0,0.8,0.6,0.16,2.6,3.05,1.63,3,2.28,26,1.0,0.8,0.6,1009.02,1009.7,1010.59,1009.8,3,1.15,26,1.0,0.8,0.6,,,,,,,,,,,,,,,,,,,,,,,,,,,,,,,,,,,,,,,,,,,,,,,,,,,,,,,,,,,,,,,,,,,,,,,,,,,,,,,,,,,,,,,,,,,,,,,,,,,,,,,,,,,,,,,,,,,,,,,,,,,,,,,,,,,,,,,,,,,,,,,,,,,,,,
1895,12,88.0,-10.0,,,,,,,,,,,,,,,,,,,,,,,,,,,,,,,,,,,,,,,,1.57,2.8,4.03,2.8,2,2.55,26,1.0,0.8,0.8,1.45,2.58,3.71,2.58,2,2.34,26,1.0,0.8,0.8,-1.57,-1.09,-0.61,-1.09,2,0.99,26,1.0,0.8,0.8,1008.15,1008.7,1009.25,1008.7,2,1.13,26,1.0,0.8,0.8,,,,,,,,,,,,,,,,,,,,,,,,,,,,,,,,,,,,,,,,,,,,,,,,,,,,,,,,,,,,,,,,,,,,,,,,,,,,,,,,,,,,,,,,,,,,,,,,,,,,,,,,,,,,,,,,,,,,,,,,,,,,,,,,,,,,,,,,,,,,,,,,,,,,,,
1895,12,88.0,-8.0,27.53,27.6,27.67,27.6,2.0,0.14,24.0,0.5,0.8,0.6,26.47,26.85,27.23,26.85,2.0,0.78,24.0,0.5,0.8,0.6,16.13,16.13,16.13,16.13,1.0,0.0,22.0,0.0,0.9,1.0,75.4,75.4,75.4,75.4,1.0,0.0,22.0,0.0,1.0,2.92,3.6,4.28,3.6,2,1.41,24,0.5,0.8,0.6,1.64,1.95,2.27,1.95,2,0.65,24,0.5,0.8,0.6,1.51,2.66,3.81,2.66,2,2.39,24,0.5,0.8,0.6,1008.83,1008.9,1008.97,1008.9,2,0.14,24,0.5,0.8,0.6,3.0,5.0,7.0,5.0,2.0,4.2,24.0,0.5,0.8,0.6,6.4,6.6,6.8,6.6,2.0,0.4,24.0,0.5,0.8,0.6,5.3,11.3,17.2,11.3,2.0,12.4,24.0,0.5,0.8,0.6,0.44,0.75,1.06,0.75,2.0,0.64,24.0,0.5,0.8,0.6,1.5,3.2,4.8,3.2,2.0,3.4,24.0,0.5,0.8,0.6,6.93,6.93,6.93,6.93,1.0,0.0,22.0,0.0,0.9,1.0,31.9,31.9,31.9,31.9,1.0,0.0,22.0,0.0,0.9,1.0,43.6,52.7,61.8,52.7,2.0,18.9,24.0,0.5,0.8,0.6,40.6,70.5,100.5,70.5,2.0,62.0,24.0,0.5,0.8,0.6,24.2,24.2,24.2,24.2,1.0,0.0,22.0,0.0,0.9,1.0,70.2,70.2,70.2,70.2,1.0,0.0,22.0,0.0,0.9,1.0,10.4,10.4,10.4,10.4,1.0,0.0,22.0,0.0,0.9,1.0,30.2,30.2,30.2,30.2,1.0,0.0,22.0,0.0,0.9,1.0,30.0,57.5,84.5,57.5,2.0,56.5,24.0,0.5,0.8,0.6,30.0,55.0,85.0,55.0,2.0,55.0,24.0,0.5,0.8,0.6
1895,12,88.0,-6.0,26.9,27.5,27.81,27.45,6.0,0.7,24.0,1.0,0.6,0.5,27.08,27.5,28.15,27.58,5.0,0.65,24.0,1.0,0.6,0.5,18.78,18.78,18.78,18.78,1.0,0.0,22.0,1.0,0.3,0.7,82.7,82.7,82.7,82.7,1.0,0.0,22.0,1.0,0.7,4.6,6.7,6.7,6.1,7,1.02,24,1.0,0.5,0.5,4.58,6.02,6.24,5.72,7,0.91,24,1.0,0.5,0.5,0.0,2.51,2.94,1.8,7,1.3,24,1.0,0.5,0.5,1009.21,1009.85,1010.09,1010.13,8,2.22,24,1.0,0.5,0.5,3.8,6.0,8.0,5.8,6.0,2.0,24.0,1.0,0.6,0.5,21.1,40.3,41.8,35.7,7.0,10.5,24.0,1.0,0.5,0.5,0.0,16.8,19.7,11.6,7.0,8.8,24.0,1.0,0.5,0.5,-0.37,0.2,0.46,0.06,5.0,0.68,24.0,1.0,0.6,0.5,-2.4,0.5,1.1,-0.6,4.0,2.7,24.0,1.0,0.5,0.5,4.26,4.26,4.26,4.26,1.0,0.0,22.0,1.0,0.3,0.7,28.5,28.5,28.5,28.5,1.0,0.0,22.0,1.0,0.3,0.7,124.8,147.5,167.8,146.3,4.0,25.1,24.0,1.0,0.5,0.5,23.0,58.6,74.9,49.4,4.0,35.5,24.0,1.0,0.5,0.5,113.1,113.1,113.1,113.1,1.0,0.0,22.0,1.0,0.3,0.7,55.2,55.2,55.2,55.2,1.0,0.0,22.0,1.0,0.3,0.7,25.6,25.6,25.6,25.6,1.0,0.0,22.0,1.0,0.3,0.7,12.5,12.5,12.5,12.5,1.0,0.0,22.0,1.0,0.3,0.7,97.5,301.0,301.0,242.5,7.0,99.5,24.0,1.0,0.5,0.5,95.0,300.0,300.0,245.0,7.0,100.0,24.0,1.0,0.5,0.5
1895,12,88.0,-4.0,27.61,27.85,28.09,27.85,2.0,0.49,24.0,1.0,0.1,0.4,27.6,28.25,28.9,28.25,2.0,1.34,24.0,1.0,0.1,0.4,18.82,18.82,18.82,18.82,1.0,0.0,22.0,1.0,0.0,0.0,82.7,82.7,82.7,82.7,1.0,0.0,22.0,1.0,0.0,6.7,6.7,8.47,7.57,3,1.5,24,1.0,0.2,0.5,6.18,6.21,7.77,6.96,3,1.33,24,1.0,0.2,0.5,-0.99,2.51,3.38,1.22,3,3.39,24,1.0,0.2,0.5,1008.53,1010.1,1010.24,1009.4,3,1.39,24,1.0,0.2,0.5,6.3,7.0,7.7,7.0,2.0,1.4,24.0,1.0,0.1,0.4,41.4,41.6,67.1,54.0,3.0,21.7,24.0,1.0,0.2,0.5,-6.6,16.8,29.4,11.5,3.0,26.8,24.0,1.0,0.2,0.5,-0.81,-0.4,0.01,-0.4,2.0,0.85,24.0,1.0,0.1,0.4,-5.3,-2.4,0.5,-2.4,2.0,6.1,24.0,1.0,0.1,0.4,4.27,4.27,4.27,4.27,1.0,0.0,22.0,1.0,0.0,0.0,39.7,39.7,39.7,39.7,1.0,0.0,22.0,1.0,0.0,0.0,188.3,206.0,223.7,206.0,2.0,36.7,24.0,1.0,0.1,0.4,-47.9,13.4,74.7,13.4,2.0,127.1,24.0,1.0,0.1,0.4,159.9,159.9,159.9,159.9,1.0,0.0,22.0,1.0,0.0,0.0,71.2,71.2,71.2,71.2,1.0,0.0,22.0,1.0,0.0,0.0,36.3,36.3,36.3,36.3,1.0,0.0,22.0,1.0,0.0,0.0,16.1,16.1,16.1,16.1,1.0,0.0,22.0,1.0,0.0,0.0,301.0,301.0,644.5,468.5,3.0,291.0,24.0,1.0,0.2,0.5,300.0,300.0,645.0,470.0,3.0,290.0,24.0,1.0,0.2,0.5
1895,12,88.0,-2.0,,,,,,,,,,,,,,,,,,,,,,,,,,,,,,,,,,,,,,,,4.6,4.6,4.6,4.6,1,0.0,28,1.0,0.8,0.8,4.6,4.6,4.6,4.6,1,0.0,28,1.0,0.8,0.8,0.0,0.0,0.0,0.0,1,0.0,28,1.0,0.8,0.8,1008.46,1008.8,1009.0,1008.73,3,0.4,16,1.0,0.6,0.4,,,,,,,,,,,,,,,,,,,,,,,,,,,,,,,,,,,,,,,,,,,,,,,,,,,,,,,,,,,,,,,,,,,,,,,,,,,,,,,,,,,,,,,,,,,,,,,,,,,,,,,,,,,,,,,,,,,,,,,,,,,,,,,,,,,,,,,,,,,,,,,,,,,,,,
1895,12,88.0,0.0,,,,,,,,,,,,,,,,,,,,,,,,,,,,,,,,,,,,,,,,0.95,9.3,9.3,6.11,7,4.21,18,0.7,0.6,0.4,-0.31,4.6,8.66,3.61,7,5.9,18,0.7,0.6,0.4,-0.31,0.0,3.48,0.16,7,3.36,18,0.7,0.6,0.4,1007.88,1009.2,1010.41,1009.13,8,1.72,18,0.8,0.6,0.4,,,,,,,,,,,,,,,,,,,,,,,,,,,,,,,,,,,,,,,,,,,,,,,,,,,,,,,,,,,,,,,,,,,,,,,,,,,,,,,,,,,,,,,,,,,,,,,,,,,,,,,,,,,,,,,,,,,,,,,,,,,,,,,,,,,,,,,,,,,,,,,,,,,,,,
1895,12,88.0,2.0,,,,,,,,,,,,,,,,,,,,,,,,,,,,,,,,,,,,,,,,0.0,2.6,6.7,3.08,19,2.51,16,0.3,0.5,0.4,0.0,0.97,4.94,2.25,19,2.47,16,0.3,0.5,0.4,-2.62,-1.0,0.25,-0.9,19,2.01,16,0.3,0.5,0.4,1008.7,1010.35,1011.21,1009.91,16,1.61,20,0.1,0.5,0.4,,,,,,,,,,,,,,,,,,,,,,,,,,,,,,,,,,,,,,,,,,,,,,,,,,,,,,,,,,,,,,,,,,,,,,,,,,,,,,,,,,,,,,,,,,,,,,,,,,,,,,,,,,,,,,,,,,,,,,,,,,,,,,,,,,,,,,,,,,,,,,,,,,,,,,
1895,12,88.0,4.0,,,,,,,,,,,,,,,,,,,,,,,,,,,,,,,,,,,,,,,,2.6,4.65,9.01,5.1,8,3.29,16,0.5,0.5,0.8,-6.54,-3.61,-1.02,-3.88,8,3.33,16,0.5,0.5,0.8,-3.38,-2.45,-2.39,-2.9,8,1.64,16,0.5,0.5,0.8,1007.82,1010.8,1014.41,1010.95,8,3.27,16,0.5,0.5,0.8,,,,,,,,,,,,,,,,,,,,,,,,,,,,,,,,,,,,,,,,,,,,,,,,,,,,,,,,,,,,,,,,,,,,,,,,,,,,,,,,,,,,,,,,,,,,,,,,,,,,,,,,,,,,,,,,,,,,,,,,,,,,,,,,,,,,,,,,,,,,,,,,,,,,,,
1895,12,90.0,-46.0,,,,,,,,,,,,,,,,,,,,,,,,,,,,,,,,,,,,,,,,7.11,8.0,8.89,8.0,2,1.84,28,1.0,0.5,0.5,-1.16,1.98,5.12,1.98,2,6.5,28,1.0,0.5,0.5,-4.14,0.2,4.55,0.2,2,9.01,28,1.0,0.5,0.5,1023.59,1024.2,1024.81,1024.2,2,1.27,28,1.0,0.5,0.5,,,,,,,,,,,,,,,,,,,,,,,,,,,,,,,,,,,,,,,,,,,,,,,,,,,,,,,,,,,,,,,,,,,,,,,,,,,,,,,,,,,,,,,,,,,,,,,,,,,,,,,,,,,,,,,,,,,,,,,,,,,,,,,,,,,,,,,,,,,,,,,,,,,,,,
1895,12,90.0,-42.0,,,,,,,,,,,,,,,,,,,,,,,,,,,,,,,,,,,,,,,,15.4,15.4,15.4,15.4,1,0.0,8,1.0,0.3,0.3,6.02,6.02,6.02,6.02,1,0.0,8,1.0,0.3,0.3,14.18,14.18,14.18,14.18,1,0.0,8,1.0,0.3,0.3,1004.8,1004.8,1004.8,1004.8,1,0.0,8,1.0,0.3,0.3,,,,,,,,,,,,,,,,,,,,,,,,,,,,,,,,,,,,,,,,,,,,,,,,,,,,,,,,,,,,,,,,,,,,,,,,,,,,,,,,,,,,,,,,,,,,,,,,,,,,,,,,,,,,,,,,,,,,,,,,,,,,,,,,,,,,,,,,,,,,,,,,,,,,,,
1895,12,90.0,-36.0,,,,,,,,,,,,,,,,,,,,,,,,,,,,,,,,,,,,,,,,1.51,2.6,2.6,2.07,3,0.92,14,0.0,0.3,0.8,-1.25,0.0,1.77,0.25,3,2.23,14,0.0,0.3,0.8,0.32,1.0,1.57,0.95,3,0.92,14,0.0,0.3,0.8,1013.91,1014.8,1015.48,1014.7,3,1.15,14,0.0,0.3,0.8,,,,,,,,,,,,,,,,,,,,,,,,,,,,,,,,,,,,,,,,,,,,,,,,,,,,,,,,,,,,,,,,,,,,,,,,,,,,,,,,,,,,,,,,,,,,,,,,,,,,,,,,,,,,,,,,,,,,,,,,,,,,,,,,,,,,,,,,,,,,,,,,,,,,,,
1895,12,90.0,-34.0,,,,,,,,,,,,,,,,,,,,,,,,,,,,,,,,,,,,,,,,1.0,1.0,2.09,1.53,3,0.92,14,1.0,0.8,0.3,-1.75,-0.37,-0.37,-1.05,3,1.17,14,1.0,0.8,0.3,0.93,0.93,0.99,0.96,3,0.05,14,1.0,0.8,0.3,1017.95,1018.05,1018.15,1018.05,2,0.21,14,1.0,0.8,0.3,,,,,,,,,,,,,,,,,,,,,,,,,,,,,,,,,,,,,,,,,,,,,,,,,,,,,,,,,,,,,,,,,,,,,,,,,,,,,,,,,,,,,,,,,,,,,,,,,,,,,,,,,,,,,,,,,,,,,,,,,,,,,,,,,,,,,,,,,,,,,,,,,,,,,,
1895,12,90.0,-26.0,,,,,,,,,,,,,,,,,,,,,,,,,,,,,,,,,,,,,,,,6.7,6.7,6.7,6.7,2,0.0,16,1.0,0.5,0.3,-1.8,-0.05,1.7,-0.05,2,3.63,16,1.0,0.5,0.3,-6.21,-6.19,-6.17,-6.19,2,0.03,16,1.0,0.5,0.3,1016.3,1016.3,1016.3,1016.3,2,0.0,16,1.0,0.5,0.3,,,,,,,,,,,,,,,,,,,,,,,,,,,,,,,,,,,,,,,,,,,,,,,,,,,,,,,,,,,,,,,,,,,,,,,,,,,,,,,,,,,,,,,,,,,,,,,,,,,,,,,,,,,,,,,,,,,,,,,,,,,,,,,,,,,,,,,,,,,,,,,,,,,,,,
1895,12,90.0,-22.0,,,,,,,,,,,,,,,,,,,,,,,,,,,,,,,,,,,,,,,,6.7,6.7,6.7,6.7,1,0.0,20,1.0,0.3,0.8,-6.17,-6.17,-6.17,-6.17,1,0.0,20,1.0,0.3,0.8,2.62,2.62,2.62,2.62,1,0.0,20,1.0,0.3,0.8,1016.8,1016.8,1016.8,1016.8,1,0.0,20,1.0,0.3,0.8,,,,,,,,,,,,,,,,,,,,,,,,,,,,,,,,,,,,,,,,,,,,,,,,,,,,,,,,,,,,,,,,,,,,,,,,,,,,,,,,,,,,,,,,,,,,,,,,,,,,,,,,,,,,,,,,,,,,,,,,,,,,,,,,,,,,,,,,,,,,,,,,,,,,,,
1895,12,90.0,-20.0,,,,,,,,,,,,,,,,,,,,,,,,,,,,,,,,,,,,,,,,6.7,8.0,9.92,8.5,6,2.26,10,0.7,0.4,0.3,-7.57,-5.66,-4.74,-6.46,6,2.58,10,0.7,0.4,0.3,4.71,4.74,6.58,5.33,6,0.97,10,0.7,0.4,0.3,1010.4,1010.4,1010.4,1010.4,1,0.0,22,1.0,0.3,0.3,,,,,,,,,,,,,,,,,,,,,,,,,,,,,,,,,,,,,,,,,,,,,,,,,,,,,,,,,,,,,,,,,,,,,,,,,,,,,,,,,,,,,,,,,,,,,,,,,,,,,,,,,,,,,,,,,,,,,,,,,,,,,,,,,,,,,,,,,,,,,,,,,,,,,,
1895,12,90.0,-18.0,,,,,,,,,,,,,,,,,,,,,,,,,,,,,,,,,,,,,,,,9.3,9.3,9.3,9.3,1,0.0,22,1.0,0.3,0.8,-8.56,-8.56,-8.56,-8.56,1,0.0,22,1.0,0.3,0.8,3.63,3.63,3.63,3.63,1,0.0,22,1.0,0.3,0.8,1012.6,1012.6,1012.6,1012.6,1,0.0,22,1.0,0.3,0.8,,,,,,,,,,,,,,,,,,,,,,,,,,,,,,,,,,,,,,,,,,,,,,,,,,,,,,,,,,,,,,,,,,,,,,,,,,,,,,,,,,,,,,,,,,,,,,,,,,,,,,,,,,,,,,,,,,,,,,,,,,,,,,,,,,,,,,,,,,,,,,,,,,,,,,
1895,12,90.0,-12.0,,,,,,,,,,,,,,,,,,,,,,,,,,,,,,,,,,,,,,,,0.83,2.6,5.4,3.1,3,3.38,20,1.0,0.4,0.6,-1.71,0.0,1.77,0.03,3,2.56,20,1.0,0.4,0.6,0.0,0.0,4.24,2.07,3,3.59,20,1.0,0.4,0.6,1006.5,1007.35,1008.2,1007.35,2,1.77,28,1.0,0.3,0.8,,,,,,,,,,,,,,,,,,,,,,,,,,,,,,,,,,,,,,,,,,,,,,,,,,,,,,,,,,,,,,,,,,,,,,,,,,,,,,,,,,,,,,,,,,,,,,,,,,,,,,,,,,,,,,,,,,,,,,,,,,,,,,,,,,,,,,,,,,,,,,,,,,,,,,
1895,12,90.0,-10.0,27.5,27.5,27.5,27.5,1.0,0.0,22.0,1.0,0.8,0.9,26.8,26.8,26.8,26.8,1.0,0.0,22.0,1.0,0.8,0.9,15.16,15.16,15.16,15.16,1.0,0.0,22.0,1.0,0.8,0.9,68.8,68.8,68.8,68.8,1.0,0.0,22.0,1.0,0.9,4.6,4.6,4.6,4.6,2,0.0,24,1.0,0.8,0.6,1.99,3.05,4.11,3.05,2,2.19,24,1.0,0.8,0.6,0.69,2.17,3.66,2.17,2,3.08,24,1.0,0.8,0.6,1007.6,1007.8,1008.62,1008.1,3,0.79,24,1.0,0.8,0.6,0.0,0.0,0.0,0.0,1.0,0.0,22.0,1.0,0.8,0.9,9.2,14.0,18.9,14.0,2.0,10.1,24.0,1.0,0.8,0.6,3.2,10.0,16.8,10.0,2.0,14.1,24.0,1.0,0.8,0.6,0.7,0.7,0.7,0.7,1.0,0.0,22.0,1.0,0.8,0.9,3.2,3.2,3.2,3.2,1.0,0.0,22.0,1.0,0.8,0.9,7.91,7.91,7.91,7.91,1.0,0.0,22.0,1.0,0.8,0.9,36.4,36.4,36.4,36.4,1.0,0.0,22.0,1.0,0.8,0.9,40.1,40.1,40.1,40.1,1.0,0.0,22.0,1.0,0.8,0.9,116.6,116.6,116.6,116.6,1.0,0.0,22.0,1.0,0.8,0.9,22.7,22.7,22.7,22.7,1.0,0.0,22.0,1.0,0.8,0.9,65.9,65.9,65.9,65.9,1.0,0.0,22.0,1.0,0.8,0.9,11.8,11.8,11.8,11.8,1.0,0.0,22.0,1.0,0.8,0.9,34.4,34.4,34.4,34.4,1.0,0.0,22.0,1.0,0.8,0.9,97.5,97.5,97.5,97.5,2.0,0.0,24.0,1.0,0.8,0.6,95.0,95.0,95.0,95.0,2.0,0.0,24.0,1.0,0.8,0.6
1895,12,90.0,-8.0,27.5,27.5,27.5,27.5,2.0,0.0,22.0,0.0,0.3,0.4,26.3,26.3,26.3,26.3,2.0,0.0,22.0,0.0,0.3,0.4,16.34,16.88,17.42,16.88,2.0,1.11,22.0,0.0,0.3,0.4,76.5,79.0,81.4,79.0,2.0,5.1,22.0,0.0,0.4,4.6,4.6,6.03,5.3,3,1.21,22,0.3,0.3,0.5,2.33,4.13,4.55,3.46,3,1.72,22,0.3,0.3,0.5,2.76,4.35,4.61,3.7,3,1.47,22,0.3,0.3,0.5,1009.41,1010.3,1011.12,1010.27,3,1.25,22,0.3,0.3,0.5,0.0,0.0,0.0,0.0,2.0,0.0,22.0,0.0,0.3,0.4,10.7,19.0,27.7,19.2,3.0,12.4,22.0,0.3,0.3,0.5,12.7,20.0,28.0,20.3,3.0,11.2,22.0,0.3,0.3,0.5,1.2,1.2,1.2,1.2,2.0,0.0,22.0,0.0,0.3,0.4,5.5,5.5,5.5,5.5,2.0,0.0,22.0,0.0,0.3,0.4,5.61,6.14,6.67,6.14,2.0,1.1,22.0,0.0,0.3,0.4,25.8,28.3,30.7,28.3,2.0,5.0,22.0,0.0,0.3,0.4,50.4,74.1,97.7,74.1,2.0,49.0,22.0,0.0,0.3,0.4,62.8,83.7,104.7,83.7,2.0,43.4,22.0,0.0,0.3,0.4,32.8,46.5,60.2,46.5,2.0,28.3,22.0,0.0,0.3,0.4,39.5,54.6,69.8,54.6,2.0,31.4,22.0,0.0,0.3,0.4,11.3,18.3,25.3,18.3,2.0,14.5,22.0,0.0,0.3,0.4,15.4,18.6,21.9,18.6,2.0,6.6,22.0,0.0,0.3,0.4,97.5,97.5,236.0,165.0,3.0,117.5,22.0,0.3,0.3,0.5,95.0,95.0,235.0,165.0,3.0,115.0,22.0,0.3,0.3,0.5
1895,12,90.0,-4.0,,,,,,,,,,,,,,,,,,,,,,,,,,,,,,,,,,,,,,,,4.93,5.65,6.37,5.65,2,1.48,20,0.5,0.5,0.5,0.4,1.25,2.11,1.25,2,1.77,20,0.5,0.5,0.5,-5.96,-5.41,-4.86,-5.41,2,1.14,20,0.5,0.5,0.5,1008.48,1009.0,1009.0,1008.75,4,0.5,16,0.3,0.5,0.6,,,,,,,,,,,,,,,,,,,,,,,,,,,,,,,,,,,,,,,,,,,,,,,,,,,,,,,,,,,,,,,,,,,,,,,,,,,,,,,,,,,,,,,,,,,,,,,,,,,,,,,,,,,,,,,,,,,,,,,,,,,,,,,,,,,,,,,,,,,,,,,,,,,,,,
1895,12,90.0,-2.0,,,,,,,,,,,,,,,,,,,,,,,,,,,,,,,,,,,,,,,,1.0,4.6,4.6,3.84,8,2.84,22,0.5,0.6,0.6,0.71,3.25,3.25,2.5,8,2.32,22,0.5,0.6,0.6,-3.25,0.35,2.97,0.19,8,3.51,22,0.5,0.6,0.6,1006.72,1008.0,1009.24,1008.08,8,1.13,22,0.5,0.6,0.6,,,,,,,,,,,,,,,,,,,,,,,,,,,,,,,,,,,,,,,,,,,,,,,,,,,,,,,,,,,,,,,,,,,,,,,,,,,,,,,,,,,,,,,,,,,,,,,,,,,,,,,,,,,,,,,,,,,,,,,,,,,,,,,,,,,,,,,,,,,,,,,,,,,,,,
1895,12,90.0,0.0,,,,,,,,,,,,,,,,,,,,,,,,,,,,,,,,,,,,,,,,1.53,4.6,5.47,3.84,11,2.73,20,0.8,0.5,0.5,-3.25,2.39,4.4,1.29,11,4.11,20,0.8,0.5,0.5,-3.25,0.0,0.97,-0.78,11,2.07,20,0.8,0.5,0.5,1008.16,1008.9,1010.6,1009.35,11,1.19,20,0.8,0.5,0.5,,,,,,,,,,,,,,,,,,,,,,,,,,,,,,,,,,,,,,,,,,,,,,,,,,,,,,,,,,,,,,,,,,,,,,,,,,,,,,,,,,,,,,,,,,,,,,,,,,,,,,,,,,,,,,,,,,,,,,,,,,,,,,,,,,,,,,,,,,,,,,,,,,,,,,
1895,12,90.0,2.0,,,,,,,,,,,,,,,,,,,,,,,,,,,,,,,,,,,,,,,,0.59,2.6,4.6,2.75,11,2.17,16,0.5,0.4,0.3,0.54,1.72,3.27,1.87,11,1.48,16,0.5,0.4,0.3,-3.18,-1.02,0.0,-1.63,11,2.03,16,0.5,0.4,0.3,1008.53,1010.1,1011.11,1009.89,11,1.27,16,0.5,0.4,0.3,,,,,,,,,,,,,,,,,,,,,,,,,,,,,,,,,,,,,,,,,,,,,,,,,,,,,,,,,,,,,,,,,,,,,,,,,,,,,,,,,,,,,,,,,,,,,,,,,,,,,,,,,,,,,,,,,,,,,,,,,,,,,,,,,,,,,,,,,,,,,,,,,,,,,,
1895,12,90.0,4.0,,,,,,,,,,,,,,,,,,,,,,,,,,,,,,,,,,,,,,,,0.0,6.15,12.3,6.15,8,6.57,16,0.5,0.6,0.8,-8.7,-4.35,0.0,-4.35,8,4.65,16,0.5,0.6,0.8,-8.7,-4.35,0.0,-4.35,8,4.65,16,0.5,0.6,0.8,1007.76,1010.05,1013.64,1010.51,8,2.78,16,0.5,0.6,0.8,,,,,,,,,,,,,,,,,,,,,,,,,,,,,,,,,,,,,,,,,,,,,,,,,,,,,,,,,,,,,,,,,,,,,,,,,,,,,,,,,,,,,,,,,,,,,,,,,,,,,,,,,,,,,,,,,,,,,,,,,,,,,,,,,,,,,,,,,,,,,,,,,,,,,,
1895,12,92.0,-44.0,,,,,,,,,,,,,,,,,,,,,,,,,,,,,,,,,,,,,,,,9.3,9.3,9.3,9.3,1,0.0,12,1.0,0.3,0.3,8.56,8.56,8.56,8.56,1,0.0,12,1.0,0.3,0.3,-3.63,-3.63,-3.63,-3.63,1,0.0,12,1.0,0.3,0.3,1009.3,1009.3,1009.3,1009.3,1,0.0,12,1.0,0.3,0.3,,,,,,,,,,,,,,,,,,,,,,,,,,,,,,,,,,,,,,,,,,,,,,,,,,,,,,,,,,,,,,,,,,,,,,,,,,,,,,,,,,,,,,,,,,,,,,,,,,,,,,,,,,,,,,,,,,,,,,,,,,,,,,,,,,,,,,,,,,,,,,,,,,,,,,
1895,12,92.0,-38.0,,,,,,,,,,,,,,,,,,,,,,,,,,,,,,,,,,,,,,,,9.3,9.3,9.3,9.3,1,0.0,8,1.0,0.8,0.8,9.3,9.3,9.3,9.3,1,0.0,8,1.0,0.8,0.8,0.0,0.0,0.0,0.0,1,0.0,8,1.0,0.8,0.8,1008.3,1008.3,1008.3,1008.3,1,0.0,8,1.0,0.8,0.8,,,,,,,,,,,,,,,,,,,,,,,,,,,,,,,,,,,,,,,,,,,,,,,,,,,,,,,,,,,,,,,,,,,,,,,,,,,,,,,,,,,,,,,,,,,,,,,,,,,,,,,,,,,,,,,,,,,,,,,,,,,,,,,,,,,,,,,,,,,,,,,,,,,,,,
1895,12,92.0,-34.0,,,,,,,,,,,,,,,,,,,,,,,,,,,,,,,,,,,,,,,,0.48,1.8,2.6,1.55,4,1.28,14,0.3,0.5,0.6,-2.14,-1.27,-0.34,-1.24,4,1.09,14,0.3,0.5,0.6,-1.43,-0.84,-0.34,-0.88,4,0.76,14,0.3,0.5,0.6,1018.74,1019.05,1019.67,1019.2,4,0.65,14,0.3,0.5,0.6,,,,,,,,,,,,,,,,,,,,,,,,,,,,,,,,,,,,,,,,,,,,,,,,,,,,,,,,,,,,,,,,,,,,,,,,,,,,,,,,,,,,,,,,,,,,,,,,,,,,,,,,,,,,,,,,,,,,,,,,,,,,,,,,,,,,,,,,,,,,,,,,,,,,,,
1895,12,92.0,-32.0,,,,,,,,,,,,,,,,,,,,,,,,,,,,,,,,,,,,,,,,1.0,1.0,1.0,1.0,1,0.0,16,1.0,0.8,0.3,-0.71,-0.71,-0.71,-0.71,1,0.0,16,1.0,0.8,0.3,-0.71,-0.71,-0.71,-0.71,1,0.0,16,1.0,0.8,0.3,1020.0,1020.0,1020.0,1020.0,1,0.0,16,1.0,0.8,0.3,,,,,,,,,,,,,,,,,,,,,,,,,,,,,,,,,,,,,,,,,,,,,,,,,,,,,,,,,,,,,,,,,,,,,,,,,,,,,,,,,,,,,,,,,,,,,,,,,,,,,,,,,,,,,,,,,,,,,,,,,,,,,,,,,,,,,,,,,,,,,,,,,,,,,,
1895,12,92.0,-12.0,25.5,25.5,25.5,25.5,2.0,0.0,20.0,0.0,0.8,0.6,24.62,25.3,25.98,25.3,2.0,1.41,20.0,0.0,0.8,0.6,14.62,14.9,15.19,14.9,2.0,0.59,20.0,0.0,0.8,0.6,69.9,74.4,78.8,74.4,2.0,9.2,20.0,0.0,0.6,1.25,1.8,2.35,1.8,2,1.13,20,0.0,0.8,0.6,-0.66,-0.47,-0.27,-0.47,2,0.41,20,0.0,0.8,0.6,0.96,1.62,2.29,1.62,2,1.37,20,0.0,0.8,0.6,1010.65,1010.75,1010.85,1010.75,2,0.21,20,0.0,0.8,0.6,0.0,0.0,0.0,0.0,2.0,0.0,20.0,0.0,0.8,0.6,-0.7,-0.6,-0.5,-0.6,2.0,0.2,20.0,0.0,0.8,0.6,1.6,3.7,5.8,3.7,2.0,4.3,20.0,0.0,0.8,0.6,-0.48,0.2,0.88,0.2,2.0,1.41,20.0,0.0,0.8,0.6,-0.2,1.2,2.5,1.2,2.0,2.8,20.0,0.0,0.8,0.6,5.24,5.52,5.81,5.52,2.0,0.59,20.0,0.0,0.8,0.6,7.1,9.6,12.1,9.6,2.0,5.2,20.0,0.0,0.8,0.6,-17.4,-12.1,-6.9,-12.1,2.0,10.9,20.0,0.0,0.8,0.6,24.5,40.1,55.8,40.1,2.0,32.4,20.0,0.0,0.8,0.6,-9.6,-6.9,-4.1,-6.9,2.0,5.8,20.0,0.0,0.8,0.6,14.3,24.6,34.9,24.6,2.0,21.4,20.0,0.0,0.8,0.6,-3.9,-2.7,-1.5,-2.7,2.0,2.5,20.0,0.0,0.8,0.6,5.4,8.6,11.8,8.6,2.0,6.6,20.0,0.0,0.8,0.6,3.5,9.5,15.0,9.5,2.0,11.5,20.0,0.0,0.8,0.6,5.0,10.0,15.0,10.0,2.0,10.0,20.0,0.0,0.8,0.6
1895,12,92.0,-10.0,26.5,26.5,26.5,26.5,4.0,0.0,22.0,1.0,0.2,0.4,25.62,26.3,26.44,26.03,3.0,0.64,22.0,1.0,0.2,0.5,15.62,17.09,18.56,17.09,2.0,3.04,22.0,1.0,0.2,0.3,76.8,82.1,87.4,82.1,2.0,11.0,22.0,1.0,0.3,2.6,2.6,2.6,2.6,4,0.0,22,1.0,0.2,0.4,0.72,1.77,2.24,1.49,4,1.18,22,1.0,0.2,0.4,0.88,1.9,2.29,1.6,4,1.12,22,1.0,0.2,0.4,1009.03,1009.85,1010.78,1009.9,4,1.14,22,1.0,0.2,0.4,0.0,0.0,2.1,1.0,4.0,2.0,22.0,1.0,0.2,0.4,1.9,4.6,5.8,3.9,4.0,3.1,22.0,1.0,0.2,0.4,2.3,4.9,6.0,4.2,4.0,2.9,22.0,1.0,0.2,0.4,0.06,0.2,0.88,0.47,3.0,0.64,22.0,1.0,0.2,0.5,0.2,0.5,2.3,1.2,3.0,1.7,22.0,1.0,0.2,0.5,3.14,4.6,6.06,4.6,2.0,3.03,22.0,1.0,0.2,0.3,8.2,12.0,15.8,12.0,2.0,7.9,22.0,1.0,0.2,0.3,11.1,44.9,47.5,29.7,3.0,29.7,22.0,1.0,0.2,0.5,49.6,51.6,61.2,55.3,3.0,9.0,22.0,1.0,0.2,0.5,2.9,15.1,27.2,15.1,2.0,25.1,22.0,1.0,0.2,0.3,37.9,38.2,38.6,38.2,2.0,0.7,22.0,1.0,0.2,0.3,-0.4,1.5,3.3,1.5,2.0,3.8,22.0,1.0,0.2,0.3,6.8,11.2,15.5,11.2,2.0,8.9,22.0,1.0,0.2,0.3,17.5,17.5,17.5,17.5,4.0,0.0,22.0,1.0,0.2,0.4,20.0,20.0,20.0,20.0,4.0,0.0,22.0,1.0,0.2,0.4
1895,12,92.0,-4.0,,,,,,,,,,,,,,,,,,,,,,,,,,,,,,,,,,,,,,,,2.6,2.6,5.4,3.97,3,2.37,18,0.7,0.6,0.8,0.0,0.0,1.63,0.8,3,1.38,18,0.7,0.6,0.8,0.13,2.6,5.4,2.76,3,3.86,18,0.7,0.6,0.8,1007.53,1009.3,1009.71,1008.63,3,1.7,18,0.7,0.6,0.8,,,,,,,,,,,,,,,,,,,,,,,,,,,,,,,,,,,,,,,,,,,,,,,,,,,,,,,,,,,,,,,,,,,,,,,,,,,,,,,,,,,,,,,,,,,,,,,,,,,,,,,,,,,,,,,,,,,,,,,,,,,,,,,,,,,,,,,,,,,,,,,,,,,,,,
1895,12,92.0,-2.0,,,,,,,,,,,,,,,,,,,,,,,,,,,,,,,,,,,,,,,,0.75,2.6,4.6,2.71,12,1.92,12,0.7,0.5,0.5,-0.25,0.0,3.25,1.06,12,1.99,12,0.7,0.5,0.5,-2.77,0.0,2.46,0.19,12,2.55,12,0.7,0.5,0.5,1007.7,1009.4,1011.08,1009.35,11,1.86,12,0.6,0.4,0.5,,,,,,,,,,,,,,,,,,,,,,,,,,,,,,,,,,,,,,,,,,,,,,,,,,,,,,,,,,,,,,,,,,,,,,,,,,,,,,,,,,,,,,,,,,,,,,,,,,,,,,,,,,,,,,,,,,,,,,,,,,,,,,,,,,,,,,,,,,,,,,,,,,,,,,
1895,12,92.0,0.0,,,,,,,,,,,,,,,,,,,,,,,,,,,,,,,,,,,,,,,,0.0,1.0,4.6,2.41,17,2.41,18,0.3,0.5,0.6,-1.16,0.37,2.49,0.69,17,2.54,18,0.3,0.5,0.6,-0.43,0.0,2.49,0.47,17,2.19,18,0.3,0.5,0.6,1008.2,1009.4,1011.04,1009.54,17,1.25,18,0.3,0.5,0.6,,,,,,,,,,,,,,,,,,,,,,,,,,,,,,,,,,,,,,,,,,,,,,,,,,,,,,,,,,,,,,,,,,,,,,,,,,,,,,,,,,,,,,,,,,,,,,,,,,,,,,,,,,,,,,,,,,,,,,,,,,,,,,,,,,,,,,,,,,,,,,,,,,,,,,
1895,12,92.0,4.0,,,,,,,,,,,,,,,,,,,,,,,,,,,,,,,,,,,,,,,,2.48,6.7,12.3,6.54,7,4.96,18,0.6,0.5,0.8,-8.7,-4.74,-0.93,-4.5,7,3.64,18,0.6,0.5,0.8,-8.7,-4.74,1.87,-3.49,7,4.84,18,0.6,0.5,0.8,1010.03,1010.2,1012.27,1010.64,7,2.21,18,0.6,0.5,0.8,,,,,,,,,,,,,,,,,,,,,,,,,,,,,,,,,,,,,,,,,,,,,,,,,,,,,,,,,,,,,,,,,,,,,,,,,,,,,,,,,,,,,,,,,,,,,,,,,,,,,,,,,,,,,,,,,,,,,,,,,,,,,,,,,,,,,,,,,,,,,,,,,,,,,,
1895,12,94.0,-44.0,,,,,,,,,,,,,,,,,,,,,,,,,,,,,,,,,,,,,,,,13.36,15.65,17.94,15.65,2,4.74,6,1.0,0.3,0.8,7.63,8.06,8.5,8.06,2,0.9,6,1.0,0.3,0.8,-4.54,4.4,13.33,4.4,2,18.52,6,1.0,0.3,0.8,1005.3,1005.3,1005.3,1005.3,1,0.0,8,1.0,0.3,0.8,,,,,,,,,,,,,,,,,,,,,,,,,,,,,,,,,,,,,,,,,,,,,,,,,,,,,,,,,,,,,,,,,,,,,,,,,,,,,,,,,,,,,,,,,,,,,,,,,,,,,,,,,,,,,,,,,,,,,,,,,,,,,,,,,,,,,,,,,,,,,,,,,,,,,,
1895,12,94.0,-32.0,,,,,,,,,,,,,,,,,,,,,,,,,,,,,,,,,,,,,,,,1.0,1.8,2.6,1.8,4,0.92,16,0.3,0.4,0.6,-1.84,-1.27,-0.54,-1.19,4,0.76,16,0.3,0.4,0.6,-1.84,-1.38,-0.81,-1.33,4,0.6,16,0.3,0.4,0.6,1017.99,1018.3,1018.5,1018.25,4,0.34,16,0.3,0.4,0.6,,,,,,,,,,,,,,,,,,,,,,,,,,,,,,,,,,,,,,,,,,,,,,,,,,,,,,,,,,,,,,,,,,,,,,,,,,,,,,,,,,,,,,,,,,,,,,,,,,,,,,,,,,,,,,,,,,,,,,,,,,,,,,,,,,,,,,,,,,,,,,,,,,,,,,
1895,12,94.0,-30.0,,,,,,,,,,,,,,,,,,,,,,,,,,,,,,,,,,,,,,,,4.93,5.65,6.37,5.65,2,1.48,16,1.0,0.8,0.3,-3.99,-2.37,-0.75,-2.37,2,3.35,16,1.0,0.8,0.3,-4.72,-4.67,-4.62,-4.67,2,0.1,16,1.0,0.8,0.3,1018.33,1018.4,1018.47,1018.4,2,0.14,16,1.0,0.8,0.3,,,,,,,,,,,,,,,,,,,,,,,,,,,,,,,,,,,,,,,,,,,,,,,,,,,,,,,,,,,,,,,,,,,,,,,,,,,,,,,,,,,,,,,,,,,,,,,,,,,,,,,,,,,,,,,,,,,,,,,,,,,,,,,,,,,,,,,,,,,,,,,,,,,,,,
1895,12,94.0,-14.0,25.98,26.5,27.02,26.5,4.0,0.82,22.0,1.0,0.7,0.5,25.78,26.4,28.33,27.03,4.0,2.05,22.0,1.0,0.7,0.5,17.04,17.93,18.83,17.93,2.0,1.85,20.0,1.0,0.7,0.6,83.6,86.2,88.7,86.2,2.0,5.2,20.0,1.0,0.6,1.76,2.6,3.65,2.7,4,1.47,22,1.0,0.7,0.5,-1.92,-0.95,-0.03,-0.97,4,1.09,22,1.0,0.7,0.5,-1.93,1.33,1.76,-0.02,4,3.07,22,1.0,0.7,0.5,1007.86,1009.95,1011.1,1009.5,4,2.47,22,1.0,0.7,0.5,0.5,1.0,2.6,1.5,4.0,1.7,22.0,1.0,0.7,0.5,-5.0,-2.4,0.0,-2.5,4.0,2.9,22.0,1.0,0.7,0.5,-10.6,2.7,4.6,-2.8,4.0,12.4,22.0,1.0,0.7,0.5,-1.31,0.1,0.2,-0.52,4.0,1.32,22.0,1.0,0.7,0.5,-6.0,0.1,0.4,-2.7,4.0,5.9,22.0,1.0,0.7,0.5,2.68,3.14,3.61,3.14,2.0,0.96,20.0,1.0,0.7,0.6,4.2,5.1,6.0,5.1,2.0,1.8,20.0,1.0,0.7,0.6,-50.6,-25.2,-0.8,-25.7,4.0,28.7,22.0,1.0,0.7,0.5,-60.3,34.6,46.5,-5.0,4.0,89.2,22.0,1.0,0.7,0.5,-32.4,-19.7,-7.1,-19.7,2.0,26.3,20.0,1.0,0.7,0.6,19.1,24.4,29.7,24.4,2.0,11.0,20.0,1.0,0.7,0.6,-4.2,-2.6,-1.0,-2.6,2.0,3.3,20.0,1.0,0.7,0.6,3.9,4.0,4.1,4.0,2.0,0.2,20.0,1.0,0.7,0.6,9.0,17.5,59.5,33.5,4.0,43.5,22.0,1.0,0.7,0.5,10.0,20.0,60.0,35.0,4.0,45.0,22.0,1.0,0.7,0.5
1895,12,94.0,-12.0,26.55,26.65,26.75,26.65,2.0,0.21,12.0,0.5,0.3,0.4,26.13,27.9,29.67,27.9,2.0,3.68,12.0,0.5,0.3,0.4,13.5,13.5,13.5,13.5,1.0,0.0,20.0,0.0,0.3,0.1,67.3,67.3,67.3,67.3,1.0,0.0,20.0,0.0,0.1,3.25,4.65,6.05,4.65,2,2.9,12,0.5,0.3,0.4,-5.22,-3.17,-1.13,-3.17,2,4.23,12,0.5,0.3,0.4,2.6,2.61,2.61,2.61,2,0.02,12,0.5,0.3,0.4,1012.0,1012.0,1012.0,1012.0,1,0.0,20,0.0,0.3,0.1,0.6,2.0,3.4,2.0,2.0,2.8,12.0,0.5,0.3,0.4,-34.8,-20.9,-7.0,-20.9,2.0,28.9,12.0,0.5,0.3,0.4,8.5,12.1,15.8,12.1,2.0,7.6,12.0,0.5,0.3,0.4,-2.92,-1.25,0.42,-1.25,2.0,3.46,12.0,0.5,0.3,0.4,-20.4,-10.8,-1.3,-10.8,2.0,19.7,12.0,0.5,0.3,0.4,8.16,8.16,8.16,8.16,1.0,0.0,20.0,0.0,0.3,0.1,21.2,21.2,21.2,21.2,1.0,0.0,20.0,0.0,0.3,0.1,-159.0,-96.3,-33.7,-96.3,2.0,129.8,12.0,0.5,0.3,0.4,67.9,72.7,77.6,72.7,2.0,10.1,12.0,0.5,0.3,0.4,-2.4,-2.4,-2.4,-2.4,1.0,0.0,20.0,0.0,0.3,0.1,35.0,35.0,35.0,35.0,1.0,0.0,20.0,0.0,0.3,0.1,-1.5,-1.5,-1.5,-1.5,1.0,0.0,20.0,0.0,0.3,0.1,21.2,21.2,21.2,21.2,1.0,0.0,20.0,0.0,0.3,0.1,62.5,159.0,256.0,159.0,2.0,200.0,12.0,0.5,0.3,0.4,65.0,160.0,255.0,160.0,2.0,200.0,12.0,0.5,0.3,0.4
1895,12,94.0,-4.0,,,,,,,,,,,,,,,,,,,,,,,,,,,,,,,,,,,,,,,,0.29,3.6,6.7,3.74,8,2.87,12,0.3,0.6,0.6,-4.49,0.0,2.58,-0.47,8,3.22,12,0.3,0.6,0.6,-0.9,0.0,4.74,1.43,8,3.36,12,0.3,0.6,0.6,1006.02,1009.3,1010.38,1008.71,8,2.14,12,0.3,0.6,0.6,,,,,,,,,,,,,,,,,,,,,,,,,,,,,,,,,,,,,,,,,,,,,,,,,,,,,,,,,,,,,,,,,,,,,,,,,,,,,,,,,,,,,,,,,,,,,,,,,,,,,,,,,,,,,,,,,,,,,,,,,,,,,,,,,,,,,,,,,,,,,,,,,,,,,,
1895,12,94.0,-2.0,,,,,,,,,,,,,,,,,,,,,,,,,,,,,,,,,,,,,,,,2.6,3.6,4.6,3.86,8,1.51,14,0.5,0.4,0.4,0.11,1.84,3.25,2.05,8,2.23,14,0.5,0.4,0.4,-2.69,2.12,2.5,0.8,8,2.97,14,0.5,0.4,0.4,1008.6,1009.3,1010.64,1009.44,8,1.08,14,0.5,0.4,0.4,,,,,,,,,,,,,,,,,,,,,,,,,,,,,,,,,,,,,,,,,,,,,,,,,,,,,,,,,,,,,,,,,,,,,,,,,,,,,,,,,,,,,,,,,,,,,,,,,,,,,,,,,,,,,,,,,,,,,,,,,,,,,,,,,,,,,,,,,,,,,,,,,,,,,,
1895,12,94.0,0.0,,,,,,,,,,,,,,,,,,,,,,,,,,,,,,,,,,,,,,,,1.0,2.6,4.8,3.2,13,2.68,20,0.7,0.5,0.3,-0.04,1.8,4.45,2.2,13,2.36,20,0.7,0.5,0.3,-0.92,0.0,2.58,0.52,13,2.68,20,0.7,0.5,0.3,1007.79,1008.6,1010.81,1009.18,13,1.6,20,0.7,0.5,0.3,,,,,,,,,,,,,,,,,,,,,,,,,,,,,,,,,,,,,,,,,,,,,,,,,,,,,,,,,,,,,,,,,,,,,,,,,,,,,,,,,,,,,,,,,,,,,,,,,,,,,,,,,,,,,,,,,,,,,,,,,,,,,,,,,,,,,,,,,,,,,,,,,,,,,,
1895,12,94.0,2.0,,,,,,,,,,,,,,,,,,,,,,,,,,,,,,,,,,,,,,,,1.51,2.6,3.97,2.73,3,1.8,16,1.0,0.6,0.4,0.0,0.0,0.68,0.33,3,0.58,16,1.0,0.6,0.4,-3.97,-2.6,-0.83,-2.4,3,2.31,16,1.0,0.6,0.4,1010.07,1011.5,1011.64,1010.87,3,1.27,16,1.0,0.6,0.4,,,,,,,,,,,,,,,,,,,,,,,,,,,,,,,,,,,,,,,,,,,,,,,,,,,,,,,,,,,,,,,,,,,,,,,,,,,,,,,,,,,,,,,,,,,,,,,,,,,,,,,,,,,,,,,,,,,,,,,,,,,,,,,,,,,,,,,,,,,,,,,,,,,,,,
1895,12,94.0,4.0,,,,,,,,,,,,,,,,,,,,,,,,,,,,,,,,,,,,,,,,0.7,2.6,4.06,2.47,9,1.63,18,0.3,0.4,0.6,-3.76,-1.84,-0.26,-1.93,9,1.56,18,0.3,0.4,0.6,-1.26,1.02,1.84,0.61,9,1.56,18,0.3,0.4,0.6,1010.71,1011.7,1012.57,1011.44,9,1.33,18,0.3,0.4,0.6,,,,,,,,,,,,,,,,,,,,,,,,,,,,,,,,,,,,,,,,,,,,,,,,,,,,,,,,,,,,,,,,,,,,,,,,,,,,,,,,,,,,,,,,,,,,,,,,,,,,,,,,,,,,,,,,,,,,,,,,,,,,,,,,,,,,,,,,,,,,,,,,,,,,,,
1895,12,96.0,-42.0,,,,,,,,,,,,,,,,,,,,,,,,,,,,,,,,,,,,,,,,15.4,15.4,15.4,15.4,1,0.0,12,1.0,0.3,0.3,5.77,5.77,5.77,5.77,1,0.0,12,1.0,0.3,0.3,-14.28,-14.28,-14.28,-14.28,1,0.0,12,1.0,0.3,0.3,994.6,994.6,994.6,994.6,1,0.0,12,1.0,0.3,0.3,,,,,,,,,,,,,,,,,,,,,,,,,,,,,,,,,,,,,,,,,,,,,,,,,,,,,,,,,,,,,,,,,,,,,,,,,,,,,,,,,,,,,,,,,,,,,,,,,,,,,,,,,,,,,,,,,,,,,,,,,,,,,,,,,,,,,,,,,,,,,,,,,,,,,,
1895,12,96.0,-36.0,,,,,,,,,,,,,,,,,,,,,,,,,,,,,,,,,,,,,,,,6.7,6.7,6.7,6.7,1,0.0,8,1.0,0.3,0.3,6.21,6.21,6.21,6.21,1,0.0,8,1.0,0.3,0.3,2.51,2.51,2.51,2.51,1,0.0,8,1.0,0.3,0.3,1013.6,1013.6,1013.6,1013.6,1,0.0,8,1.0,0.3,0.3,,,,,,,,,,,,,,,,,,,,,,,,,,,,,,,,,,,,,,,,,,,,,,,,,,,,,,,,,,,,,,,,,,,,,,,,,,,,,,,,,,,,,,,,,,,,,,,,,,,,,,,,,,,,,,,,,,,,,,,,,,,,,,,,,,,,,,,,,,,,,,,,,,,,,,
1895,12,96.0,-30.0,,,,,,,,,,,,,,,,,,,,,,,,,,,,,,,,,,,,,,,,0.48,1.8,3.65,2.05,4,2.01,16,0.3,0.4,0.6,-0.37,0.0,0.0,-0.18,4,0.35,16,0.3,0.4,0.6,-3.65,-1.65,-0.34,-1.98,4,2.06,16,0.3,0.4,0.6,1016.95,1018.1,1018.31,1017.65,4,1.18,16,0.3,0.4,0.6,,,,,,,,,,,,,,,,,,,,,,,,,,,,,,,,,,,,,,,,,,,,,,,,,,,,,,,,,,,,,,,,,,,,,,,,,,,,,,,,,,,,,,,,,,,,,,,,,,,,,,,,,,,,,,,,,,,,,,,,,,,,,,,,,,,,,,,,,,,,,,,,,,,,,,
1895,12,96.0,-28.0,,,,,,,,,,,,,,,,,,,,,,,,,,,,,,,,,,,,,,,,0.0,0.0,1.77,0.87,3,1.5,18,1.0,0.8,0.3,-1.65,0.0,0.0,-0.8,3,1.39,18,1.0,0.8,0.3,-0.66,0.0,0.0,-0.32,3,0.56,18,1.0,0.8,0.3,1016.98,1018.0,1018.41,1017.7,3,1.08,18,1.0,0.8,0.3,,,,,,,,,,,,,,,,,,,,,,,,,,,,,,,,,,,,,,,,,,,,,,,,,,,,,,,,,,,,,,,,,,,,,,,,,,,,,,,,,,,,,,,,,,,,,,,,,,,,,,,,,,,,,,,,,,,,,,,,,,,,,,,,,,,,,,,,,,,,,,,,,,,,,,
1895,12,96.0,-16.0,25.5,25.5,25.5,25.5,2.0,0.0,20.0,0.0,0.6,0.5,23.62,24.3,24.98,24.3,2.0,1.41,20.0,0.0,0.6,0.5,17.55,17.77,17.99,17.77,2.0,0.45,20.0,0.0,0.6,0.5,91.0,93.7,96.4,93.7,2.0,5.5,20.0,0.0,0.5,0.16,0.5,0.84,0.5,2,0.71,20,0.0,0.6,0.5,-0.07,-0.04,-0.01,-0.04,2,0.06,20,0.0,0.6,0.5,0.16,0.5,0.84,0.5,2,0.7,20,0.0,0.6,0.5,1010.38,1010.55,1010.72,1010.55,2,0.35,20,0.0,0.6,0.5,0.0,0.0,0.0,0.0,2.0,0.0,20.0,0.0,0.6,0.5,-0.1,0.0,0.0,0.0,2.0,0.1,20.0,0.0,0.6,0.5,0.2,0.5,0.8,0.5,2.0,0.7,20.0,0.0,0.6,0.5,0.52,1.2,1.88,1.2,2.0,1.41,20.0,0.0,0.6,0.5,0.3,1.1,1.9,1.1,2.0,1.6,20.0,0.0,0.6,0.5,2.44,2.66,2.88,2.66,2.0,0.46,20.0,0.0,0.6,0.5,0.5,1.5,2.5,1.5,2.0,2.1,20.0,0.0,0.6,0.5,-1.7,-1.0,-0.3,-1.0,2.0,1.4,20.0,0.0,0.6,0.5,3.7,11.6,19.5,11.6,2.0,16.4,20.0,0.0,0.6,0.5,-1.3,-0.8,-0.2,-0.8,2.0,1.1,20.0,0.0,0.6,0.5,2.8,8.7,14.6,8.7,2.0,12.3,20.0,0.0,0.6,0.5,-0.2,-0.1,0.0,-0.1,2.0,0.2,20.0,0.0,0.6,0.5,0.5,1.5,2.5,1.5,2.0,2.1,20.0,0.0,0.6,0.5,0.0,0.5,1.0,0.5,2.0,0.5,20.0,0.0,0.6,0.5,0.0,0.0,0.0,0.0,2.0,0.0,20.0,0.0,0.6,0.5
1895,12,96.0,-14.0,25.5,25.5,25.5,25.5,1.0,0.0,20.0,1.0,0.2,0.0,25.3,25.3,25.3,25.3,1.0,0.0,20.0,1.0,0.2,0.0,18.09,18.09,18.09,18.09,1.0,0.0,20.0,1.0,0.2,0.0,89.8,89.8,89.8,89.8,1.0,0.0,20.0,1.0,0.0,2.6,2.6,2.6,2.6,1,0.0,20,1.0,0.2,0.0,-0.23,-0.23,-0.23,-0.23,1,0.0,20,1.0,0.2,0.0,2.59,2.59,2.59,2.59,1,0.0,20,1.0,0.2,0.0,1011.0,1011.0,1011.0,1011.0,1,0.0,20,1.0,0.2,0.0,0.0,0.0,0.0,0.0,1.0,0.0,20.0,1.0,0.2,0.0,-0.6,-0.6,-0.6,-0.6,1.0,0.0,20.0,1.0,0.2,0.0,6.7,6.7,6.7,6.7,1.0,0.0,20.0,1.0,0.2,0.0,0.2,0.2,0.2,0.2,1.0,0.0,20.0,1.0,0.2,0.0,0.5,0.5,0.5,0.5,1.0,0.0,20.0,1.0,0.2,0.0,2.33,2.33,2.33,2.33,1.0,0.0,20.0,1.0,0.2,0.0,6.1,6.1,6.1,6.1,1.0,0.0,20.0,1.0,0.2,0.0,-5.7,-5.7,-5.7,-5.7,1.0,0.0,20.0,1.0,0.2,0.0,65.5,65.5,65.5,65.5,1.0,0.0,20.0,1.0,0.2,0.0,-4.1,-4.1,-4.1,-4.1,1.0,0.0,20.0,1.0,0.2,0.0,46.9,46.9,46.9,46.9,1.0,0.0,20.0,1.0,0.2,0.0,-0.5,-0.5,-0.5,-0.5,1.0,0.0,20.0,1.0,0.2,0.0,6.0,6.0,6.0,6.0,1.0,0.0,20.0,1.0,0.2,0.0,17.5,17.5,17.5,17.5,1.0,0.0,20.0,1.0,0.2,0.0,20.0,20.0,20.0,20.0,1.0,0.0,20.0,1.0,0.2,0.0
1895,12,96.0,-6.0,,,,,,,,,,,,,,,,,,,,,,,,,,,,,,,,,,,,,,,,4.6,4.6,4.6,4.6,1,0.0,14,1.0,0.8,0.8,1.8,1.8,1.8,1.8,1,0.0,14,1.0,0.8,0.8,4.23,4.23,4.23,4.23,1,0.0,14,1.0,0.8,0.8,1010.5,1010.5,1010.5,1010.5,1,0.0,14,1.0,0.8,0.8,,,,,,,,,,,,,,,,,,,,,,,,,,,,,,,,,,,,,,,,,,,,,,,,,,,,,,,,,,,,,,,,,,,,,,,,,,,,,,,,,,,,,,,,,,,,,,,,,,,,,,,,,,,,,,,,,,,,,,,,,,,,,,,,,,,,,,,,,,,,,,,,,,,,,,
1895,12,96.0,-4.0,,,,,,,,,,,,,,,,,,,,,,,,,,,,,,,,,,,,,,,,2.6,4.6,5.13,4.07,12,1.87,14,0.7,0.5,0.5,-1.8,0.9,4.39,1.51,12,2.94,14,0.7,0.5,0.5,-4.23,0.86,2.53,-0.35,12,3.21,14,0.7,0.5,0.5,1007.39,1009.4,1010.3,1008.97,12,1.69,12,0.6,0.5,0.5,,,,,,,,,,,,,,,,,,,,,,,,,,,,,,,,,,,,,,,,,,,,,,,,,,,,,,,,,,,,,,,,,,,,,,,,,,,,,,,,,,,,,,,,,,,,,,,,,,,,,,,,,,,,,,,,,,,,,,,,,,,,,,,,,,,,,,,,,,,,,,,,,,,,,,
1895,12,96.0,-2.0,,,,,,,,,,,,,,,,,,,,,,,,,,,,,,,,,,,,,,,,1.0,2.6,4.6,3.01,13,1.69,18,0.4,0.6,0.7,0.83,1.84,4.24,1.93,13,1.58,18,0.4,0.6,0.7,-1.8,1.0,2.39,0.46,13,2.43,18,0.4,0.6,0.7,1008.18,1009.5,1010.93,1009.88,13,2.15,18,0.4,0.6,0.7,,,,,,,,,,,,,,,,,,,,,,,,,,,,,,,,,,,,,,,,,,,,,,,,,,,,,,,,,,,,,,,,,,,,,,,,,,,,,,,,,,,,,,,,,,,,,,,,,,,,,,,,,,,,,,,,,,,,,,,,,,,,,,,,,,,,,,,,,,,,,,,,,,,,,,
1895,12,96.0,0.0,,,,,,,,,,,,,,,,,,,,,,,,,,,,,,,,,,,,,,,,1.0,3.6,4.6,3.07,6,1.78,22,0.5,0.3,0.3,-3.46,-0.2,1.26,-0.48,6,3.12,22,0.5,0.3,0.3,-1.27,0.46,2.1,0.41,6,2.06,22,0.5,0.3,0.3,1008.62,1010.25,1011.83,1010.3,6,1.78,22,0.5,0.3,0.3,,,,,,,,,,,,,,,,,,,,,,,,,,,,,,,,,,,,,,,,,,,,,,,,,,,,,,,,,,,,,,,,,,,,,,,,,,,,,,,,,,,,,,,,,,,,,,,,,,,,,,,,,,,,,,,,,,,,,,,,,,,,,,,,,,,,,,,,,,,,,,,,,,,,,,
1895,12,96.0,4.0,,,,,,,,,,,,,,,,,,,,,,,,,,,,,,,,,,,,,,,,0.0,0.5,1.0,0.5,4,0.58,22,0.5,0.5,0.8,-0.82,-0.35,0.0,-0.41,4,0.48,22,0.5,0.5,0.8,-0.55,-0.19,0.0,-0.27,4,0.34,22,0.5,0.5,0.8,1011.27,1012.25,1012.55,1011.93,4,0.92,22,0.5,0.5,0.8,,,,,,,,,,,,,,,,,,,,,,,,,,,,,,,,,,,,,,,,,,,,,,,,,,,,,,,,,,,,,,,,,,,,,,,,,,,,,,,,,,,,,,,,,,,,,,,,,,,,,,,,,,,,,,,,,,,,,,,,,,,,,,,,,,,,,,,,,,,,,,,,,,,,,,
1895,12,98.0,-42.0,,,,,,,,,,,,,,,,,,,,,,,,,,,,,,,,,,,,,,,,15.4,15.4,15.4,15.4,1,0.0,10,1.0,0.8,0.3,14.18,14.18,14.18,14.18,1,0.0,10,1.0,0.8,0.3,-6.02,-6.02,-6.02,-6.02,1,0.0,10,1.0,0.8,0.3,1000.4,1000.4,1000.4,1000.4,1,0.0,10,1.0,0.8,0.3,,,,,,,,,,,,,,,,,,,,,,,,,,,,,,,,,,,,,,,,,,,,,,,,,,,,,,,,,,,,,,,,,,,,,,,,,,,,,,,,,,,,,,,,,,,,,,,,,,,,,,,,,,,,,,,,,,,,,,,,,,,,,,,,,,,,,,,,,,,,,,,,,,,,,,
1895,12,98.0,-34.0,,,,,,,,,,,,,,,,,,,,,,,,,,,,,,,,,,,,,,,,6.7,6.7,6.7,6.7,1,0.0,10,1.0,0.8,0.3,4.74,4.74,4.74,4.74,1,0.0,10,1.0,0.8,0.3,-4.74,-4.74,-4.74,-4.74,1,0.0,10,1.0,0.8,0.3,1017.7,1017.7,1017.7,1017.7,1,0.0,10,1.0,0.8,0.3,,,,,,,,,,,,,,,,,,,,,,,,,,,,,,,,,,,,,,,,,,,,,,,,,,,,,,,,,,,,,,,,,,,,,,,,,,,,,,,,,,,,,,,,,,,,,,,,,,,,,,,,,,,,,,,,,,,,,,,,,,,,,,,,,,,,,,,,,,,,,,,,,,,,,,
1895,12,98.0,-28.0,,,,,,,,,,,,,,,,,,,,,,,,,,,,,,,,,,,,,,,,4.6,4.6,4.6,4.6,3,0.0,18,0.0,0.3,0.8,-4.6,-4.6,-4.35,-4.48,3,0.21,18,0.0,0.3,0.8,0.0,0.0,1.23,0.6,3,1.04,18,0.0,0.3,0.8,1017.05,1017.6,1019.1,1018.07,3,1.55,18,0.0,0.3,0.8,,,,,,,,,,,,,,,,,,,,,,,,,,,,,,,,,,,,,,,,,,,,,,,,,,,,,,,,,,,,,,,,,,,,,,,,,,,,,,,,,,,,,,,,,,,,,,,,,,,,,,,,,,,,,,,,,,,,,,,,,,,,,,,,,,,,,,,,,,,,,,,,,,,,,,
1895,12,98.0,-26.0,,,,,,,,,,,,,,,,,,,,,,,,,,,,,,,,,,,,,,,,4.6,4.6,5.37,5.02,5,0.94,18,0.6,0.3,0.6,-5.17,-4.6,-4.47,-4.84,5,0.76,18,0.6,0.3,0.6,0.0,0.0,2.1,0.88,5,1.24,18,0.6,0.3,0.6,1015.0,1015.8,1016.49,1015.74,5,1.0,18,0.6,0.3,0.6,,,,,,,,,,,,,,,,,,,,,,,,,,,,,,,,,,,,,,,,,,,,,,,,,,,,,,,,,,,,,,,,,,,,,,,,,,,,,,,,,,,,,,,,,,,,,,,,,,,,,,,,,,,,,,,,,,,,,,,,,,,,,,,,,,,,,,,,,,,,,,,,,,,,,,
1895,12,98.0,-24.0,,,,,,,,,,,,,,,,,,,,,,,,,,,,,,,,,,,,,,,,4.5,6.7,6.7,5.81,7,1.62,18,0.4,0.5,0.5,-6.7,-6.7,-4.49,-5.71,7,1.65,18,0.4,0.5,0.5,0.0,0.0,1.09,0.52,7,1.0,18,0.4,0.5,0.5,1013.43,1014.2,1014.95,1014.13,7,1.24,18,0.4,0.5,0.5,,,,,,,,,,,,,,,,,,,,,,,,,,,,,,,,,,,,,,,,,,,,,,,,,,,,,,,,,,,,,,,,,,,,,,,,,,,,,,,,,,,,,,,,,,,,,,,,,,,,,,,,,,,,,,,,,,,,,,,,,,,,,,,,,,,,,,,,,,,,,,,,,,,,,,
1895,12,98.0,-22.0,,,,,,,,,,,,,,,,,,,,,,,,,,,,,,,,,,,,,,,,2.6,5.65,6.7,4.69,10,2.28,12,0.5,0.8,0.4,-5.56,-4.0,1.49,-2.56,10,3.38,12,0.5,0.8,0.4,-1.05,2.23,4.74,1.87,10,2.65,12,0.5,0.8,0.4,1012.36,1012.95,1014.26,1013.2,6,0.99,20,0.5,0.8,0.5,,,,,,,,,,,,,,,,,,,,,,,,,,,,,,,,,,,,,,,,,,,,,,,,,,,,,,,,,,,,,,,,,,,,,,,,,,,,,,,,,,,,,,,,,,,,,,,,,,,,,,,,,,,,,,,,,,,,,,,,,,,,,,,,,,,,,,,,,,,,,,,,,,,,,,
1895,12,98.0,-20.0,24.5,24.75,25.18,24.71,8.0,0.51,8.0,0.6,0.5,0.3,24.8,24.8,24.8,24.8,1.0,0.0,20.0,1.0,0.9,0.9,15.98,15.98,15.98,15.98,1.0,0.0,20.0,1.0,0.9,0.9,81.9,81.9,81.9,81.9,1.0,0.0,20.0,1.0,0.9,2.52,2.6,6.7,3.54,7,2.23,8,0.6,0.6,0.3,-2.72,-2.39,-1.71,-2.15,7,1.62,8,0.6,0.6,0.3,-0.65,1.84,4.81,1.99,7,2.64,8,0.6,0.6,0.3,1012.43,1012.5,1012.57,1012.5,2,0.14,20,1.0,0.8,0.6,2.9,5.0,6.1,4.6,7.0,2.4,8.0,0.6,0.6,0.3,-18.2,-6.2,-4.5,-10.1,7.0,11.0,8.0,0.6,0.6,0.3,-0.7,4.8,32.2,11.7,7.0,17.4,8.0,0.6,0.6,0.3,-0.3,-0.3,-0.3,-0.3,1.0,0.0,20.0,1.0,0.9,0.9,-0.3,-0.3,-0.3,-0.3,1.0,0.0,20.0,1.0,0.9,0.9,3.22,3.22,3.22,3.22,1.0,0.0,20.0,1.0,0.9,0.9,3.2,3.2,3.2,3.2,1.0,0.0,20.0,1.0,0.9,0.9,19.3,19.3,19.3,19.3,1.0,0.0,20.0,1.0,0.9,0.9,-15.6,-15.6,-15.6,-15.6,1.0,0.0,20.0,1.0,0.9,0.9,12.4,12.4,12.4,12.4,1.0,0.0,20.0,1.0,0.9,0.9,-10.1,-10.1,-10.1,-10.1,1.0,0.0,20.0,1.0,0.9,0.9,2.5,2.5,2.5,2.5,1.0,0.0,20.0,1.0,0.9,0.9,-2.0,-2.0,-2.0,-2.0,1.0,0.0,20.0,1.0,0.9,0.9,17.0,17.5,301.0,96.0,7.0,140.0,8.0,0.6,0.6,0.3,15.0,20.0,300.0,95.0,7.0,140.0,8.0,0.6,0.6,0.3
1895,12,98.0,-18.0,25.5,25.5,26.5,25.9,5.0,0.55,20.0,0.8,0.4,0.6,25.3,25.3,26.41,25.88,5.0,1.19,20.0,0.8,0.4,0.6,16.49,16.5,17.6,17.03,3.0,0.93,20.0,0.7,0.3,0.6,82.0,82.0,87.3,84.6,3.0,4.5,20.0,0.7,0.6,2.02,2.6,2.6,2.28,5,0.72,20,0.8,0.4,0.6,-2.59,-2.32,-1.52,-2.04,5,0.79,20,0.8,0.4,0.6,-0.57,0.0,1.06,0.19,5,1.07,20,0.8,0.4,0.6,1009.47,1010.3,1011.23,1010.28,5,1.33,20,0.8,0.4,0.6,0.0,0.0,0.0,0.0,3.0,0.0,20.0,0.7,0.3,0.6,-6.7,-6.0,-3.5,-5.1,5.0,2.5,20.0,0.8,0.4,0.6,-1.5,0.0,2.0,0.3,5.0,2.7,20.0,0.8,0.4,0.6,-0.91,0.2,1.2,0.02,5.0,1.51,20.0,0.8,0.4,0.6,-2.4,0.5,3.1,0.1,5.0,3.9,20.0,0.8,0.4,0.6,3.7,3.92,4.78,4.23,3.0,0.84,20.0,0.7,0.3,0.6,9.6,10.2,12.4,11.0,3.0,2.2,20.0,0.7,0.3,0.6,-68.2,-58.6,-38.6,-53.1,5.0,21.3,20.0,0.8,0.4,0.6,-14.5,0.0,26.9,4.9,5.0,27.0,20.0,0.8,0.4,0.6,-44.1,-38.2,-34.6,-39.3,3.0,7.1,20.0,0.7,0.3,0.6,-14.6,-4.1,17.5,1.3,3.0,24.0,20.0,0.7,0.3,0.6,-11.2,-9.3,-8.3,-9.7,3.0,2.1,20.0,0.7,0.3,0.6,-4.4,-0.8,4.2,-0.1,3.0,6.4,20.0,0.7,0.3,0.6,11.5,17.5,17.5,14.5,5.0,7.5,20.0,0.8,0.4,0.6,10.0,20.0,20.0,15.0,5.0,5.0,20.0,0.8,0.4,0.6
1895,12,98.0,-6.0,,,,,,,,,,,,,,,,,,,,,,,,,,,,,,,,,,,,,,,,1.0,2.6,6.47,3.15,8,2.59,16,0.5,0.6,0.8,-0.71,1.3,2.62,1.09,8,1.83,16,0.5,0.6,0.8,0.0,0.71,5.75,1.61,8,3.22,16,0.5,0.6,0.8,1006.53,1009.85,1010.0,1008.55,8,2.0,16,0.5,0.6,0.8,,,,,,,,,,,,,,,,,,,,,,,,,,,,,,,,,,,,,,,,,,,,,,,,,,,,,,,,,,,,,,,,,,,,,,,,,,,,,,,,,,,,,,,,,,,,,,,,,,,,,,,,,,,,,,,,,,,,,,,,,,,,,,,,,,,,,,,,,,,,,,,,,,,,,,
1895,12,98.0,-4.0,,,,,,,,,,,,,,,,,,,,,,,,,,,,,,,,,,,,,,,,1.69,2.6,4.6,2.98,10,1.63,12,0.4,0.5,0.3,0.96,1.84,4.02,2.23,10,1.53,12,0.4,0.5,0.3,-0.75,0.0,2.16,0.56,10,2.08,12,0.4,0.5,0.3,1009.11,1010.25,1012.07,1010.54,10,1.46,12,0.4,0.5,0.3,,,,,,,,,,,,,,,,,,,,,,,,,,,,,,,,,,,,,,,,,,,,,,,,,,,,,,,,,,,,,,,,,,,,,,,,,,,,,,,,,,,,,,,,,,,,,,,,,,,,,,,,,,,,,,,,,,,,,,,,,,,,,,,,,,,,,,,,,,,,,,,,,,,,,,
1895,12,98.0,-2.0,,,,,,,,,,,,,,,,,,,,,,,,,,,,,,,,,,,,,,,,1.0,2.6,4.6,3.18,16,2.42,22,0.5,0.5,0.7,0.27,0.97,4.09,1.78,16,2.66,22,0.5,0.5,0.7,-0.39,0.19,2.47,0.56,16,2.42,22,0.5,0.5,0.7,1007.77,1009.95,1011.16,1009.64,16,1.8,22,0.5,0.5,0.7,,,,,,,,,,,,,,,,,,,,,,,,,,,,,,,,,,,,,,,,,,,,,,,,,,,,,,,,,,,,,,,,,,,,,,,,,,,,,,,,,,,,,,,,,,,,,,,,,,,,,,,,,,,,,,,,,,,,,,,,,,,,,,,,,,,,,,,,,,,,,,,,,,,,,,
1895,12,98.0,2.0,,,,,,,,,,,,,,,,,,,,,,,,,,,,,,,,,,,,,,,,1.0,1.0,1.0,1.0,1,0.0,24,1.0,0.8,0.8,0.71,0.71,0.71,0.71,1,0.0,24,1.0,0.8,0.8,-0.71,-0.71,-0.71,-0.71,1,0.0,24,1.0,0.8,0.8,1009.1,1009.1,1009.1,1009.1,1,0.0,24,1.0,0.8,0.8,,,,,,,,,,,,,,,,,,,,,,,,,,,,,,,,,,,,,,,,,,,,,,,,,,,,,,,,,,,,,,,,,,,,,,,,,,,,,,,,,,,,,,,,,,,,,,,,,,,,,,,,,,,,,,,,,,,,,,,,,,,,,,,,,,,,,,,,,,,,,,,,,,,,,,
1895,12,98.0,4.0,,,,,,,,,,,,,,,,,,,,,,,,,,,,,,,,,,,,,,,,0.32,1.0,4.89,2.57,3,3.61,22,0.7,0.4,0.3,-2.1,-1.0,-0.32,-1.21,3,1.32,22,0.7,0.4,0.3,-4.21,0.0,0.0,-2.06,3,3.56,22,0.7,0.4,0.3,1011.3,1011.3,1012.8,1012.03,3,1.27,22,0.7,0.4,0.3,,,,,,,,,,,,,,,,,,,,,,,,,,,,,,,,,,,,,,,,,,,,,,,,,,,,,,,,,,,,,,,,,,,,,,,,,,,,,,,,,,,,,,,,,,,,,,,,,,,,,,,,,,,,,,,,,,,,,,,,,,,,,,,,,,,,,,,,,,,,,,,,,,,,,,
1895,12,100.0,-42.0,,,,,,,,,,,,,,,,,,,,,,,,,,,,,,,,,,,,,,,,6.7,6.7,6.7,6.7,1,0.0,14,1.0,0.3,0.8,4.74,4.74,4.74,4.74,1,0.0,14,1.0,0.3,0.8,-4.74,-4.74,-4.74,-4.74,1,0.0,14,1.0,0.3,0.8,1002.9,1002.9,1002.9,1002.9,1,0.0,14,1.0,0.3,0.8,,,,,,,,,,,,,,,,,,,,,,,,,,,,,,,,,,,,,,,,,,,,,,,,,,,,,,,,,,,,,,,,,,,,,,,,,,,,,,,,,,,,,,,,,,,,,,,,,,,,,,,,,,,,,,,,,,,,,,,,,,,,,,,,,,,,,,,,,,,,,,,,,,,,,,
1895,12,100.0,-34.0,,,,,,,,,,,,,,,,,,,,,,,,,,,,,,,,,,,,,,,,2.6,2.6,2.6,2.6,1,0.0,10,1.0,0.8,0.8,2.6,2.6,2.6,2.6,1,0.0,10,1.0,0.8,0.8,0.0,0.0,0.0,0.0,1,0.0,10,1.0,0.8,0.8,1020.7,1020.7,1020.7,1020.7,1,0.0,10,1.0,0.8,0.8,,,,,,,,,,,,,,,,,,,,,,,,,,,,,,,,,,,,,,,,,,,,,,,,,,,,,,,,,,,,,,,,,,,,,,,,,,,,,,,,,,,,,,,,,,,,,,,,,,,,,,,,,,,,,,,,,,,,,,,,,,,,,,,,,,,,,,,,,,,,,,,,,,,,,,
1895,12,100.0,-32.0,,,,,,,,,,,,,,,,,,,,,,,,,,,,,,,,,,,,,,,,1.0,1.0,1.0,1.0,1,0.0,12,1.0,0.8,0.3,0.93,0.93,0.93,0.93,1,0.0,12,1.0,0.8,0.3,0.37,0.37,0.37,0.37,1,0.0,12,1.0,0.8,0.3,1021.3,1021.3,1021.3,1021.3,1,0.0,12,1.0,0.8,0.3,,,,,,,,,,,,,,,,,,,,,,,,,,,,,,,,,,,,,,,,,,,,,,,,,,,,,,,,,,,,,,,,,,,,,,,,,,,,,,,,,,,,,,,,,,,,,,,,,,,,,,,,,,,,,,,,,,,,,,,,,,,,,,,,,,,,,,,,,,,,,,,,,,,,,,
1895,12,100.0,-22.0,23.0,23.9,25.11,23.92,19.0,0.97,4.0,0.6,0.4,0.5,25.21,25.65,26.09,25.65,2.0,0.92,10.0,0.5,0.8,0.8,16.09,16.09,16.09,16.09,1.0,0.0,18.0,0.0,0.8,0.9,75.4,75.4,75.4,75.4,1.0,0.0,18.0,0.0,0.9,2.6,2.6,4.6,3.09,13,1.13,4,0.6,0.3,0.7,-3.64,-1.84,-1.84,-2.37,13,1.35,4,0.6,0.3,0.7,-0.07,1.84,1.94,1.4,13,1.27,4,0.6,0.3,0.7,1012.28,1013.75,1015.22,1013.75,2,3.04,10,0.5,0.8,0.8,2.0,4.0,6.0,3.9,19.0,2.2,4.0,0.6,0.4,0.5,-16.7,-4.8,-4.8,-8.7,13.0,6.9,4.0,0.6,0.3,0.7,-0.1,4.8,8.4,4.9,13.0,5.0,4.0,0.6,0.3,0.7,-1.67,-1.4,-1.13,-1.4,2.0,0.57,10.0,0.5,0.8,0.8,-7.7,-6.4,-5.2,-6.4,2.0,2.6,10.0,0.5,0.8,0.8,3.13,3.13,3.13,3.13,1.0,0.0,18.0,0.0,0.8,0.9,14.4,14.4,14.4,14.4,1.0,0.0,18.0,0.0,0.8,0.9,-111.7,-104.5,-97.3,-104.5,2.0,14.8,10.0,0.5,0.8,0.8,12.1,38.1,64.1,38.1,2.0,53.8,10.0,0.5,0.8,0.8,-57.5,-57.5,-57.5,-57.5,1.0,0.0,18.0,0.0,0.8,0.9,46.6,46.6,46.6,46.6,1.0,0.0,18.0,0.0,0.8,0.9,-11.2,-11.2,-11.2,-11.2,1.0,0.0,18.0,0.0,0.8,0.9,9.0,9.0,9.0,9.0,1.0,0.0,18.0,0.0,0.8,0.9,17.5,17.5,97.5,41.0,13.0,39.5,4.0,0.6,0.3,0.7,20.0,20.0,95.0,40.0,13.0,40.0,4.0,0.6,0.3,0.7
1895,12,100.0,-20.0,24.48,24.5,24.7,24.55,6.0,0.12,20.0,0.3,0.3,0.5,24.3,24.3,24.3,24.3,2.0,0.0,18.0,0.0,0.3,0.4,15.58,16.17,16.75,16.17,2.0,1.21,18.0,0.0,0.3,0.4,82.2,85.3,88.3,85.3,2.0,6.3,18.0,0.0,0.4,4.19,4.6,6.7,4.97,6,1.55,20,0.3,0.3,0.5,-4.74,-3.41,-2.92,-3.53,6,1.15,20,0.3,0.3,0.5,1.88,3.25,4.74,2.81,6,2.5,20,0.3,0.3,0.5,1010.19,1010.85,1011.44,1010.7,6,0.93,20,0.3,0.3,0.5,2.0,4.0,7.2,4.5,6.0,2.8,20.0,0.3,0.3,0.5,-31.7,-15.7,-12.8,-19.0,6.0,10.8,20.0,0.3,0.3,0.5,9.5,15.0,31.7,16.9,6.0,13.8,20.0,0.3,0.3,0.5,0.2,0.2,0.2,0.2,2.0,0.0,18.0,0.0,0.3,0.4,0.6,0.7,0.9,0.7,2.0,0.3,18.0,0.0,0.3,0.4,2.48,3.06,3.64,3.06,2.0,1.2,18.0,0.0,0.3,0.4,7.7,11.9,16.0,11.9,2.0,8.6,18.0,0.0,0.3,0.4,-79.4,-63.3,-47.2,-63.3,2.0,33.3,18.0,0.0,0.3,0.4,-30.1,10.6,51.4,10.6,2.0,84.5,18.0,0.0,0.3,0.4,-50.5,-41.3,-32.1,-41.3,2.0,19.0,18.0,0.0,0.3,0.4,-21.9,5.0,31.8,5.0,2.0,55.7,18.0,0.0,0.3,0.4,-12.3,-8.8,-5.3,-8.8,2.0,7.3,18.0,0.0,0.3,0.4,-2.0,3.4,8.8,3.4,2.0,11.2,18.0,0.0,0.3,0.4,81.0,97.5,301.0,152.0,6.0,119.5,20.0,0.3,0.3,0.5,80.0,95.0,300.0,150.0,6.0,120.0,20.0,0.3,0.3,0.5
1895,12,100.0,-18.0,,,,,,,,,,,,,,,,,,,,,,,,,,,,,,,,,,,,,,,,4.43,4.6,4.6,4.09,7,1.36,22,0.4,0.3,0.5,-4.6,-3.25,-1.67,-2.98,7,1.59,22,0.4,0.3,0.5,0.0,1.8,4.27,2.04,7,1.89,22,0.4,0.3,0.5,1009.84,1010.4,1010.54,1010.17,7,0.83,22,0.4,0.3,0.5,,,,,,,,,,,,,,,,,,,,,,,,,,,,,,,,,,,,,,,,,,,,,,,,,,,,,,,,,,,,,,,,,,,,,,,,,,,,,,,,,,,,,,,,,,,,,,,,,,,,,,,,,,,,,,,,,,,,,,,,,,,,,,,,,,,,,,,,,,,,,,,,,,,,,,
1895,12,100.0,-16.0,,,,,,,,,,,,,,,,,,,,,,,,,,,,,,,,,,,,,,,,3.55,4.6,4.6,4.1,4,1.0,24,0.8,0.8,0.5,-3.46,-2.16,-1.72,-2.57,4,1.18,24,0.8,0.8,0.5,0.86,3.03,4.27,2.58,4,2.08,24,0.8,0.8,0.5,1006.92,1008.15,1009.59,1008.25,4,1.74,24,0.8,0.8,0.5,,,,,,,,,,,,,,,,,,,,,,,,,,,,,,,,,,,,,,,,,,,,,,,,,,,,,,,,,,,,,,,,,,,,,,,,,,,,,,,,,,,,,,,,,,,,,,,,,,,,,,,,,,,,,,,,,,,,,,,,,,,,,,,,,,,,,,,,,,,,,,,,,,,,,,
1895,12,100.0,-14.0,,,,,,,,,,,,,,,,,,,,,,,,,,,,,,,,,,,,,,,,4.93,5.65,6.37,5.65,2,1.48,24,0.0,0.8,0.3,-2.74,-1.63,-0.52,-1.63,2,2.3,24,0.0,0.8,0.3,3.8,4.98,6.15,4.98,2,2.44,24,0.0,0.8,0.3,1006.75,1007.5,1008.25,1007.5,2,1.56,24,0.0,0.8,0.3,,,,,,,,,,,,,,,,,,,,,,,,,,,,,,,,,,,,,,,,,,,,,,,,,,,,,,,,,,,,,,,,,,,,,,,,,,,,,,,,,,,,,,,,,,,,,,,,,,,,,,,,,,,,,,,,,,,,,,,,,,,,,,,,,,,,,,,,,,,,,,,,,,,,,,
1895,12,100.0,-6.0,,,,,,,,,,,,,,,,,,,,,,,,,,,,,,,,,,,,,,,,1.0,4.6,4.8,3.71,13,2.11,14,0.5,0.6,0.7,-2.63,2.6,4.24,0.96,13,3.68,14,0.5,0.6,0.7,-1.8,0.0,1.87,0.36,13,2.16,14,0.5,0.6,0.7,1007.67,1009.3,1010.15,1009.05,13,1.68,14,0.5,0.6,0.7,,,,,,,,,,,,,,,,,,,,,,,,,,,,,,,,,,,,,,,,,,,,,,,,,,,,,,,,,,,,,,,,,,,,,,,,,,,,,,,,,,,,,,,,,,,,,,,,,,,,,,,,,,,,,,,,,,,,,,,,,,,,,,,,,,,,,,,,,,,,,,,,,,,,,,
1895,12,100.0,-4.0,,,,,,,,,,,,,,,,,,,,,,,,,,,,,,,,,,,,,,,,1.0,2.6,6.23,3.06,15,2.68,20,0.6,0.6,0.5,-0.72,0.97,2.43,1.13,15,3.33,20,0.6,0.6,0.5,-2.56,-0.37,0.0,-0.88,15,1.98,20,0.6,0.6,0.5,1007.65,1008.9,1010.94,1009.2,17,1.62,20,0.6,0.5,0.5,,,,,,,,,,,,,,,,,,,,,,,,,,,,,,,,,,,,,,,,,,,,,,,,,,,,,,,,,,,,,,,,,,,,,,,,,,,,,,,,,,,,,,,,,,,,,,,,,,,,,,,,,,,,,,,,,,,,,,,,,,,,,,,,,,,,,,,,,,,,,,,,,,,,,,
1895,12,100.0,-2.0,,,,,,,,,,,,,,,,,,,,,,,,,,,,,,,,,,,,,,,,0.95,2.6,4.82,3.24,7,3.04,18,0.4,0.3,0.3,-0.09,0.92,2.2,1.73,7,3.57,18,0.4,0.3,0.3,-2.68,-0.39,0.09,-1.03,7,2.01,18,0.4,0.3,0.3,1008.87,1009.3,1011.0,1009.87,7,1.62,18,0.4,0.3,0.3,,,,,,,,,,,,,,,,,,,,,,,,,,,,,,,,,,,,,,,,,,,,,,,,,,,,,,,,,,,,,,,,,,,,,,,,,,,,,,,,,,,,,,,,,,,,,,,,,,,,,,,,,,,,,,,,,,,,,,,,,,,,,,,,,,,,,,,,,,,,,,,,,,,,,,
1895,12,100.0,2.0,,,,,,,,,,,,,,,,,,,,,,,,,,,,,,,,,,,,,,,,2.27,3.6,5.03,3.68,6,2.02,20,0.5,0.5,0.4,-0.98,1.49,2.73,0.68,6,2.96,20,0.5,0.5,0.4,-1.71,0.0,3.53,0.36,6,3.29,20,0.5,0.5,0.4,1009.31,1011.0,1013.17,1011.05,6,2.2,20,0.5,0.5,0.4,,,,,,,,,,,,,,,,,,,,,,,,,,,,,,,,,,,,,,,,,,,,,,,,,,,,,,,,,,,,,,,,,,,,,,,,,,,,,,,,,,,,,,,,,,,,,,,,,,,,,,,,,,,,,,,,,,,,,,,,,,,,,,,,,,,,,,,,,,,,,,,,,,,,,,
1895,12,102.0,-40.0,,,,,,,,,,,,,,,,,,,,,,,,,,,,,,,,,,,,,,,,4.6,4.6,4.6,4.6,1,0.0,14,1.0,0.3,0.8,4.6,4.6,4.6,4.6,1,0.0,14,1.0,0.3,0.8,0.0,0.0,0.0,0.0,1,0.0,14,1.0,0.3,0.8,1009.7,1009.7,1009.7,1009.7,1,0.0,14,1.0,0.3,0.8,,,,,,,,,,,,,,,,,,,,,,,,,,,,,,,,,,,,,,,,,,,,,,,,,,,,,,,,,,,,,,,,,,,,,,,,,,,,,,,,,,,,,,,,,,,,,,,,,,,,,,,,,,,,,,,,,,,,,,,,,,,,,,,,,,,,,,,,,,,,,,,,,,,,,,
1895,12,102.0,-32.0,,,,,,,,,,,,,,,,,,,,,,,,,,,,,,,,,,,,,,,,1.0,1.0,1.0,1.0,3,0.0,14,1.0,0.4,0.6,0.0,0.0,0.26,0.12,3,0.22,14,1.0,0.4,0.6,-0.32,1.0,1.0,0.36,3,1.11,14,1.0,0.4,0.6,1020.41,1021.3,1021.44,1020.93,3,0.81,14,1.0,0.4,0.6,,,,,,,,,,,,,,,,,,,,,,,,,,,,,,,,,,,,,,,,,,,,,,,,,,,,,,,,,,,,,,,,,,,,,,,,,,,,,,,,,,,,,,,,,,,,,,,,,,,,,,,,,,,,,,,,,,,,,,,,,,,,,,,,,,,,,,,,,,,,,,,,,,,,,,
1895,12,102.0,-24.0,22.5,22.5,22.5,22.5,1.0,0.0,18.0,1.0,0.7,0.8,22.8,22.8,22.8,22.8,1.0,0.0,18.0,1.0,0.7,0.8,14.52,14.52,14.52,14.52,1.0,0.0,18.0,1.0,0.7,0.8,84.2,84.2,84.2,84.2,1.0,0.0,18.0,1.0,0.8,6.7,6.7,6.7,6.7,1,0.0,18,1.0,0.7,0.8,1.96,1.96,1.96,1.96,1,0.0,18,1.0,0.7,0.8,6.41,6.41,6.41,6.41,1,0.0,18,1.0,0.7,0.8,1014.4,1014.4,1014.4,1014.4,1,0.0,18,1.0,0.7,0.8,4.0,4.0,4.0,4.0,1.0,0.0,18.0,1.0,0.7,0.8,13.1,13.1,13.1,13.1,1.0,0.0,18.0,1.0,0.7,0.8,42.9,42.9,42.9,42.9,1.0,0.0,18.0,1.0,0.7,0.8,-0.3,-0.3,-0.3,-0.3,1.0,0.0,18.0,1.0,0.7,0.8,-2.0,-2.0,-2.0,-2.0,1.0,0.0,18.0,1.0,0.7,0.8,2.43,2.43,2.43,2.43,1.0,0.0,18.0,1.0,0.7,0.8,16.3,16.3,16.3,16.3,1.0,0.0,18.0,1.0,0.7,0.8,44.7,44.7,44.7,44.7,1.0,0.0,18.0,1.0,0.7,0.8,146.1,146.1,146.1,146.1,1.0,0.0,18.0,1.0,0.7,0.8,28.4,28.4,28.4,28.4,1.0,0.0,18.0,1.0,0.7,0.8,93.1,93.1,93.1,93.1,1.0,0.0,18.0,1.0,0.7,0.8,4.8,4.8,4.8,4.8,1.0,0.0,18.0,1.0,0.7,0.8,15.6,15.6,15.6,15.6,1.0,0.0,18.0,1.0,0.7,0.8,301.0,301.0,301.0,301.0,1.0,0.0,18.0,1.0,0.7,0.8,300.0,300.0,300.0,300.0,1.0,0.0,18.0,1.0,0.7,0.8
1895,12,102.0,-22.0,23.5,24.0,25.02,24.25,4.0,0.96,20.0,1.0,0.2,0.4,23.4,23.9,25.71,24.53,4.0,1.71,20.0,1.0,0.2,0.4,16.09,16.77,17.45,16.77,2.0,1.41,18.0,1.0,0.2,0.3,89.3,91.1,92.8,91.1,2.0,3.6,18.0,1.0,0.3,2.71,4.6,5.7,4.23,4,2.37,20,1.0,0.2,0.4,-3.69,-0.59,-0.23,-1.9,4,3.02,20,1.0,0.2,0.4,1.3,3.27,4.59,2.96,4,1.95,20,1.0,0.2,0.4,1010.89,1011.45,1012.11,1011.5,4,0.75,20,1.0,0.2,0.4,2.4,5.0,6.6,4.5,4.0,3.3,20.0,1.0,0.2,0.4,-23.5,-1.5,-0.3,-11.5,4.0,21.0,20.0,1.0,0.2,0.4,6.6,17.1,21.1,14.0,4.0,9.6,20.0,1.0,0.2,0.4,-0.79,0.1,0.2,-0.27,4.0,0.82,20.0,1.0,0.2,0.4,-0.8,0.5,1.1,0.2,4.0,1.3,20.0,1.0,0.2,0.4,1.59,1.87,2.16,1.87,2.0,0.58,18.0,1.0,0.2,0.3,9.9,10.2,10.4,10.2,2.0,0.5,18.0,1.0,0.2,0.3,-90.7,-15.1,-5.3,-46.5,4.0,73.2,20.0,1.0,0.2,0.4,32.7,77.1,107.4,70.3,4.0,44.3,20.0,1.0,0.2,0.4,-97.0,-60.7,-24.4,-60.7,2.0,75.1,18.0,1.0,0.2,0.3,40.7,53.5,66.3,53.5,2.0,26.4,18.0,1.0,0.2,0.3,-8.1,-5.2,-2.4,-5.2,2.0,5.9,18.0,1.0,0.2,0.3,4.1,6.7,9.3,6.7,2.0,5.4,18.0,1.0,0.2,0.3,47.0,97.5,204.0,124.0,4.0,126.0,20.0,1.0,0.2,0.4,45.0,95.0,205.0,125.0,4.0,125.0,20.0,1.0,0.2,0.4
1895,12,102.0,-14.0,,,,,,,,,,,,,,,,,,,,,,,,,,,,,,,,,,,,,,,,5.27,6.7,8.47,6.87,3,2.35,24,1.0,0.3,0.8,2.06,2.62,5.32,3.66,3,2.56,24,1.0,0.3,0.8,4.85,6.17,6.45,5.66,3,1.25,24,1.0,0.3,0.8,1006.2,1006.2,1006.2,1006.2,1,0.0,24,1.0,0.3,0.8,,,,,,,,,,,,,,,,,,,,,,,,,,,,,,,,,,,,,,,,,,,,,,,,,,,,,,,,,,,,,,,,,,,,,,,,,,,,,,,,,,,,,,,,,,,,,,,,,,,,,,,,,,,,,,,,,,,,,,,,,,,,,,,,,,,,,,,,,,,,,,,,,,,,,,
1895,12,102.0,-12.0,,,,,,,,,,,,,,,,,,,,,,,,,,,,,,,,,,,,,,,,4.6,5.65,8.06,6.3,4,2.23,24,0.3,0.3,0.5,0.82,3.23,6.74,3.76,4,3.75,24,0.3,0.3,0.5,-4.67,-4.43,-3.93,-4.31,4,0.49,24,0.3,0.3,0.5,1006.6,1006.6,1006.6,1006.6,1,0.0,26,1.0,0.3,0.8,,,,,,,,,,,,,,,,,,,,,,,,,,,,,,,,,,,,,,,,,,,,,,,,,,,,,,,,,,,,,,,,,,,,,,,,,,,,,,,,,,,,,,,,,,,,,,,,,,,,,,,,,,,,,,,,,,,,,,,,,,,,,,,,,,,,,,,,,,,,,,,,,,,,,,
1895,12,102.0,-10.0,,,,,,,,,,,,,,,,,,,,,,,,,,,,,,,,,,,,,,,,1.76,3.6,4.6,3.2,4,1.74,26,0.5,0.8,0.5,0.83,2.11,3.25,2.05,4,1.4,26,0.5,0.8,0.5,-3.25,-2.83,-1.52,-2.41,4,1.2,26,0.5,0.8,0.5,1005.65,1007.05,1008.13,1006.9,4,1.71,26,0.5,0.8,0.5,,,,,,,,,,,,,,,,,,,,,,,,,,,,,,,,,,,,,,,,,,,,,,,,,,,,,,,,,,,,,,,,,,,,,,,,,,,,,,,,,,,,,,,,,,,,,,,,,,,,,,,,,,,,,,,,,,,,,,,,,,,,,,,,,,,,,,,,,,,,,,,,,,,,,,
1895,12,102.0,-6.0,,,,,,,,,,,,,,,,,,,,,,,,,,,,,,,,,,,,,,,,0.76,4.6,7.32,4.79,31,4.19,18,0.5,0.4,0.5,-0.17,2.51,4.97,2.44,31,3.93,18,0.5,0.4,0.5,-6.21,-1.02,0.0,-2.56,31,3.58,18,0.5,0.4,0.5,1008.22,1009.6,1010.6,1009.47,33,1.68,18,0.5,0.5,0.5,,,,,,,,,,,,,,,,,,,,,,,,,,,,,,,,,,,,,,,,,,,,,,,,,,,,,,,,,,,,,,,,,,,,,,,,,,,,,,,,,,,,,,,,,,,,,,,,,,,,,,,,,,,,,,,,,,,,,,,,,,,,,,,,,,,,,,,,,,,,,,,,,,,,,,
1895,12,102.0,-4.0,,,,,,,,,,,,,,,,,,,,,,,,,,,,,,,,,,,,,,,,2.6,2.6,2.6,2.6,1,0.0,12,1.0,0.3,0.3,2.6,2.6,2.6,2.6,1,0.0,12,1.0,0.3,0.3,0.0,0.0,0.0,0.0,1,0.0,12,1.0,0.3,0.3,1008.1,1008.1,1008.1,1008.1,1,0.0,12,1.0,0.3,0.3,,,,,,,,,,,,,,,,,,,,,,,,,,,,,,,,,,,,,,,,,,,,,,,,,,,,,,,,,,,,,,,,,,,,,,,,,,,,,,,,,,,,,,,,,,,,,,,,,,,,,,,,,,,,,,,,,,,,,,,,,,,,,,,,,,,,,,,,,,,,,,,,,,,,,,
1895,12,102.0,0.0,,,,,,,,,,,,,,,,,,,,,,,,,,,,,,,,,,,,,,,,1.51,2.6,2.6,2.07,3,0.92,16,0.7,0.6,0.8,-0.94,1.0,1.95,0.52,3,2.16,16,0.7,0.6,0.8,-1.58,-1.02,-0.32,-0.95,3,0.92,16,0.7,0.6,0.8,1009.36,1009.5,1010.59,1009.97,3,0.99,16,0.7,0.6,0.8,,,,,,,,,,,,,,,,,,,,,,,,,,,,,,,,,,,,,,,,,,,,,,,,,,,,,,,,,,,,,,,,,,,,,,,,,,,,,,,,,,,,,,,,,,,,,,,,,,,,,,,,,,,,,,,,,,,,,,,,,,,,,,,,,,,,,,,,,,,,,,,,,,,,,,
1895,12,102.0,2.0,,,,,,,,,,,,,,,,,,,,,,,,,,,,,,,,,,,,,,,,4.6,4.6,4.6,4.6,1,0.0,24,1.0,0.3,0.3,4.6,4.6,4.6,4.6,1,0.0,24,1.0,0.3,0.3,0.0,0.0,0.0,0.0,1,0.0,24,1.0,0.3,0.3,1012.5,1012.5,1012.5,1012.5,1,0.0,24,1.0,0.3,0.3,,,,,,,,,,,,,,,,,,,,,,,,,,,,,,,,,,,,,,,,,,,,,,,,,,,,,,,,,,,,,,,,,,,,,,,,,,,,,,,,,,,,,,,,,,,,,,,,,,,,,,,,,,,,,,,,,,,,,,,,,,,,,,,,,,,,,,,,,,,,,,,,,,,,,,
1895,12,104.0,-48.0,,,,,,,,,,,,,,,,,,,,,,,,,,,,,,,,,,,,,,,,15.4,15.4,15.4,15.4,1,0.0,30,1.0,0.8,0.8,15.4,15.4,15.4,15.4,1,0.0,30,1.0,0.8,0.8,0.0,0.0,0.0,0.0,1,0.0,30,1.0,0.8,0.8,990.1,990.1,990.1,990.1,1,0.0,30,1.0,0.8,0.8,,,,,,,,,,,,,,,,,,,,,,,,,,,,,,,,,,,,,,,,,,,,,,,,,,,,,,,,,,,,,,,,,,,,,,,,,,,,,,,,,,,,,,,,,,,,,,,,,,,,,,,,,,,,,,,,,,,,,,,,,,,,,,,,,,,,,,,,,,,,,,,,,,,,,,
1895,12,104.0,-42.0,,,,,,,,,,,,,,,,,,,,,,,,,,,,,,,,,,,,,,,,7.53,9.3,9.3,8.43,3,1.5,10,1.0,0.6,0.3,6.93,8.56,8.6,7.78,3,1.4,10,1.0,0.6,0.3,-3.31,-2.62,1.55,-0.92,3,3.85,10,1.0,0.6,0.3,1008.16,1008.5,1008.84,1008.5,2,0.71,10,1.0,0.5,0.3,,,,,,,,,,,,,,,,,,,,,,,,,,,,,,,,,,,,,,,,,,,,,,,,,,,,,,,,,,,,,,,,,,,,,,,,,,,,,,,,,,,,,,,,,,,,,,,,,,,,,,,,,,,,,,,,,,,,,,,,,,,,,,,,,,,,,,,,,,,,,,,,,,,,,,
1895,12,104.0,-38.0,,,,,,,,,,,,,,,,,,,,,,,,,,,,,,,,,,,,,,,,1.0,1.0,1.0,1.0,1,0.0,16,1.0,0.3,0.3,1.0,1.0,1.0,1.0,1,0.0,16,1.0,0.3,0.3,0.0,0.0,0.0,0.0,1,0.0,16,1.0,0.3,0.3,1020.3,1020.3,1020.3,1020.3,1,0.0,16,1.0,0.3,0.3,,,,,,,,,,,,,,,,,,,,,,,,,,,,,,,,,,,,,,,,,,,,,,,,,,,,,,,,,,,,,,,,,,,,,,,,,,,,,,,,,,,,,,,,,,,,,,,,,,,,,,,,,,,,,,,,,,,,,,,,,,,,,,,,,,,,,,,,,,,,,,,,,,,,,,
1895,12,104.0,-30.0,,,,,,,,,,,,,,,,,,,,,,,,,,,,,,,,,,,,,,,,2.6,2.6,2.6,2.6,1,0.0,16,1.0,0.3,0.3,-0.97,-0.97,-0.97,-0.97,1,0.0,16,1.0,0.3,0.3,2.41,2.41,2.41,2.41,1,0.0,16,1.0,0.3,0.3,1021.2,1021.2,1021.2,1021.2,1,0.0,16,1.0,0.3,0.3,,,,,,,,,,,,,,,,,,,,,,,,,,,,,,,,,,,,,,,,,,,,,,,,,,,,,,,,,,,,,,,,,,,,,,,,,,,,,,,,,,,,,,,,,,,,,,,,,,,,,,,,,,,,,,,,,,,,,,,,,,,,,,,,,,,,,,,,,,,,,,,,,,,,,,
1895,12,104.0,-28.0,,,,,,,,,,,,,,,,,,,,,,,,,,,,,,,,,,,,,,,,4.6,4.6,4.6,4.6,1,0.0,16,1.0,0.3,0.3,-3.25,-3.25,-3.25,-3.25,1,0.0,16,1.0,0.3,0.3,3.25,3.25,3.25,3.25,1,0.0,16,1.0,0.3,0.3,1020.4,1020.4,1020.4,1020.4,1,0.0,16,1.0,0.3,0.3,,,,,,,,,,,,,,,,,,,,,,,,,,,,,,,,,,,,,,,,,,,,,,,,,,,,,,,,,,,,,,,,,,,,,,,,,,,,,,,,,,,,,,,,,,,,,,,,,,,,,,,,,,,,,,,,,,,,,,,,,,,,,,,,,,,,,,,,,,,,,,,,,,,,,,
1895,12,104.0,-26.0,21.58,21.75,21.92,21.75,2.0,0.35,10.0,0.5,0.5,0.7,21.73,22.65,23.57,22.65,2.0,1.91,10.0,0.5,0.5,0.7,13.82,13.82,13.82,13.82,1.0,0.0,18.0,0.0,0.7,0.7,87.8,87.8,87.8,87.8,1.0,0.0,18.0,0.0,0.7,3.23,4.6,6.03,4.63,3,2.05,16,0.7,0.6,0.7,-0.59,1.85,2.22,0.84,3,2.24,16,0.7,0.6,0.7,0.66,4.27,5.75,3.23,3,3.83,16,0.7,0.6,0.7,1012.68,1013.5,1014.73,1013.7,3,1.51,16,0.7,0.6,0.7,0.0,0.0,1.4,0.7,3.0,1.2,16.0,0.7,0.6,0.7,-3.4,6.2,10.4,3.6,3.0,10.4,16.0,0.7,0.6,0.7,4.4,19.6,35.7,20.0,3.0,22.9,16.0,0.7,0.6,0.7,-1.65,-0.9,-0.15,-0.9,2.0,1.56,10.0,0.5,0.5,0.7,-4.2,-1.9,0.3,-1.9,2.0,4.6,10.0,0.5,0.5,0.7,2.13,2.13,2.13,2.13,1.0,0.0,18.0,0.0,0.7,0.7,14.3,14.3,14.3,14.3,1.0,0.0,18.0,0.0,0.7,0.7,42.2,48.4,54.6,48.4,2.0,12.8,10.0,0.5,0.5,0.7,1.3,56.4,111.5,56.4,2.0,114.2,10.0,0.5,0.5,0.7,25.5,25.5,25.5,25.5,1.0,0.0,18.0,0.0,0.7,0.7,89.0,89.0,89.0,89.0,1.0,0.0,18.0,0.0,0.7,0.7,3.9,3.9,3.9,3.9,1.0,0.0,18.0,0.0,0.7,0.7,13.7,13.7,13.7,13.7,1.0,0.0,18.0,0.0,0.7,0.7,43.0,97.5,236.0,138.5,3.0,146.0,16.0,0.7,0.6,0.7,45.0,95.0,235.0,140.0,3.0,145.0,16.0,0.7,0.6,0.7
1895,12,104.0,-24.0,21.5,21.5,21.5,21.5,2.0,0.0,18.0,0.0,0.2,0.2,21.3,21.3,21.3,21.3,2.0,0.0,18.0,0.0,0.2,0.2,13.83,13.83,13.84,13.83,2.0,0.01,18.0,0.0,0.2,0.2,87.8,87.8,87.8,87.8,2.0,0.0,18.0,0.0,0.2,6.7,6.7,6.7,6.7,2,0.0,18,0.0,0.2,0.2,1.96,1.96,1.96,1.96,2,0.0,18,0.0,0.2,0.2,6.41,6.41,6.41,6.41,2,0.0,18,0.0,0.2,0.2,1012.54,1012.85,1013.16,1012.85,2,0.64,18,0.0,0.2,0.2,0.6,2.0,3.4,2.0,2.0,2.8,18.0,0.0,0.2,0.2,13.1,13.1,13.1,13.1,2.0,0.0,18.0,0.0,0.2,0.2,42.9,42.9,42.9,42.9,2.0,0.0,18.0,0.0,0.2,0.2,0.2,0.2,0.2,0.2,2.0,0.0,18.0,0.0,0.2,0.2,1.3,1.3,1.3,1.3,2.0,0.0,18.0,0.0,0.2,0.2,2.13,2.13,2.13,2.13,2.0,0.0,18.0,0.0,0.2,0.2,14.3,14.3,14.3,14.3,2.0,0.0,18.0,0.0,0.2,0.2,41.7,41.7,41.7,41.7,2.0,0.0,18.0,0.0,0.2,0.2,136.5,136.5,136.5,136.5,2.0,0.0,18.0,0.0,0.2,0.2,27.1,27.1,27.1,27.1,2.0,0.0,18.0,0.0,0.2,0.2,88.6,88.6,88.7,88.6,2.0,0.1,18.0,0.0,0.2,0.2,4.2,4.2,4.2,4.2,2.0,0.0,18.0,0.0,0.2,0.2,13.7,13.7,13.7,13.7,2.0,0.0,18.0,0.0,0.2,0.2,301.0,301.0,301.0,301.0,2.0,0.0,18.0,0.0,0.2,0.2,300.0,300.0,300.0,300.0,2.0,0.0,18.0,0.0,0.2,0.2
1895,12,104.0,-8.0,,,,,,,,,,,,,,,,,,,,,,,,,,,,,,,,,,,,,,,,3.55,6.95,9.3,6.45,4,3.39,26,0.5,0.4,0.5,1.78,4.21,6.58,4.18,4,2.77,26,0.5,0.4,0.5,-6.58,-5.42,-2.99,-4.81,4,2.26,26,0.5,0.4,0.5,1007.42,1008.25,1009.44,1008.43,4,1.42,26,0.5,0.4,0.5,,,,,,,,,,,,,,,,,,,,,,,,,,,,,,,,,,,,,,,,,,,,,,,,,,,,,,,,,,,,,,,,,,,,,,,,,,,,,,,,,,,,,,,,,,,,,,,,,,,,,,,,,,,,,,,,,,,,,,,,,,,,,,,,,,,,,,,,,,,,,,,,,,,,,,
1895,12,104.0,-6.0,,,,,,,,,,,,,,,,,,,,,,,,,,,,,,,,,,,,,,,,2.6,4.6,6.7,4.64,8,2.93,18,0.5,0.3,0.3,0.19,2.17,4.57,2.35,8,2.62,18,0.5,0.3,0.3,-6.05,-3.76,-0.2,-3.13,8,2.96,18,0.5,0.3,0.3,1007.06,1008.85,1010.97,1008.86,10,2.34,18,0.4,0.3,0.3,,,,,,,,,,,,,,,,,,,,,,,,,,,,,,,,,,,,,,,,,,,,,,,,,,,,,,,,,,,,,,,,,,,,,,,,,,,,,,,,,,,,,,,,,,,,,,,,,,,,,,,,,,,,,,,,,,,,,,,,,,,,,,,,,,,,,,,,,,,,,,,,,,,,,,
1895,12,104.0,0.0,,,,,,,,,,,,,,,,,,,,,,,,,,,,,,,,,,,,,,,,5.35,6.95,8.55,6.95,2,3.32,18,1.0,0.3,0.8,0.0,0.0,0.0,0.0,2,0.0,18,1.0,0.3,0.8,-8.55,-6.95,-5.35,-6.95,2,3.32,18,1.0,0.3,0.8,1008.81,1009.9,1010.99,1009.9,2,2.26,18,1.0,0.3,0.8,,,,,,,,,,,,,,,,,,,,,,,,,,,,,,,,,,,,,,,,,,,,,,,,,,,,,,,,,,,,,,,,,,,,,,,,,,,,,,,,,,,,,,,,,,,,,,,,,,,,,,,,,,,,,,,,,,,,,,,,,,,,,,,,,,,,,,,,,,,,,,,,,,,,,,
1895,12,104.0,2.0,,,,,,,,,,,,,,,,,,,,,,,,,,,,,,,,,,,,,,,,2.6,2.6,2.6,2.6,1,0.0,14,1.0,0.3,0.3,-1.84,-1.84,-1.84,-1.84,1,0.0,14,1.0,0.3,0.3,-1.84,-1.84,-1.84,-1.84,1,0.0,14,1.0,0.3,0.3,1011.9,1011.9,1011.9,1011.9,1,0.0,14,1.0,0.3,0.3,,,,,,,,,,,,,,,,,,,,,,,,,,,,,,,,,,,,,,,,,,,,,,,,,,,,,,,,,,,,,,,,,,,,,,,,,,,,,,,,,,,,,,,,,,,,,,,,,,,,,,,,,,,,,,,,,,,,,,,,,,,,,,,,,,,,,,,,,,,,,,,,,,,,,,
1895,12,106.0,-38.0,,,,,,,,,,,,,,,,,,,,,,,,,,,,,,,,,,,,,,,,6.7,6.7,6.7,6.7,1,0.0,16,1.0,0.3,0.8,0.0,0.0,0.0,0.0,1,0.0,16,1.0,0.3,0.8,-6.7,-6.7,-6.7,-6.7,1,0.0,16,1.0,0.3,0.8,1019.7,1019.7,1019.7,1019.7,1,0.0,16,1.0,0.3,0.8,,,,,,,,,,,,,,,,,,,,,,,,,,,,,,,,,,,,,,,,,,,,,,,,,,,,,,,,,,,,,,,,,,,,,,,,,,,,,,,,,,,,,,,,,,,,,,,,,,,,,,,,,,,,,,,,,,,,,,,,,,,,,,,,,,,,,,,,,,,,,,,,,,,,,,
1895,12,106.0,-28.0,20.5,20.5,20.5,20.5,3.0,0.0,18.0,1.0,0.4,0.8,19.93,21.3,21.44,20.7,3.0,1.22,18.0,1.0,0.4,0.8,12.34,12.94,13.53,12.94,2.0,1.23,18.0,1.0,0.5,0.8,87.2,87.5,87.7,87.5,2.0,0.5,18.0,1.0,0.8,6.7,6.7,6.7,6.7,3,0.0,18,1.0,0.4,0.8,-0.82,-0.82,-0.26,-0.54,3,0.47,18,1.0,0.4,0.8,6.65,6.65,6.68,6.67,3,0.03,18,1.0,0.4,0.8,1014.22,1014.7,1015.93,1015.07,3,1.29,18,1.0,0.4,0.8,0.0,0.0,0.0,0.0,3.0,0.0,18.0,1.0,0.4,0.8,-5.5,-5.5,-1.7,-3.6,3.0,3.2,18.0,1.0,0.4,0.8,44.6,44.6,44.8,44.7,3.0,0.2,18.0,1.0,0.4,0.8,-0.94,-0.8,0.57,-0.2,3.0,1.22,18.0,1.0,0.4,0.8,-6.3,-5.4,3.8,-1.3,3.0,8.2,18.0,1.0,0.4,0.8,1.44,2.03,2.61,2.03,2.0,1.21,18.0,1.0,0.5,0.8,9.7,13.6,17.5,13.6,2.0,8.1,18.0,1.0,0.5,0.8,-16.9,-15.8,-5.0,-11.1,3.0,9.6,18.0,1.0,0.4,0.8,132.6,141.6,143.3,138.0,3.0,8.5,18.0,1.0,0.4,0.8,-11.0,-10.6,-10.1,-10.6,2.0,1.0,18.0,1.0,0.5,0.8,82.1,86.0,90.0,86.0,2.0,8.2,18.0,1.0,0.5,0.8,-2.1,-1.7,-1.2,-1.7,2.0,1.0,18.0,1.0,0.5,0.8,9.6,13.5,17.4,13.5,2.0,8.1,18.0,1.0,0.5,0.8,301.0,301.0,301.0,301.0,3.0,0.0,18.0,1.0,0.4,0.8,300.0,300.0,300.0,300.0,3.0,0.0,18.0,1.0,0.4,0.8
1895,12,106.0,-26.0,20.57,20.95,21.33,20.95,2.0,0.78,18.0,1.0,0.1,0.5,20.78,21.8,22.82,21.8,2.0,2.12,18.0,1.0,0.1,0.5,14.35,14.35,14.35,14.35,1.0,0.0,18.0,1.0,0.0,0.3,80.7,80.7,80.7,80.7,1.0,0.0,18.0,1.0,0.3,6.7,6.7,6.7,6.7,2,0.0,18,1.0,0.1,0.5,-3.69,-1.45,0.8,-1.45,2,4.66,18,1.0,0.1,0.5,5.01,5.59,6.17,5.59,2,1.2,18,1.0,0.1,0.5,1013.93,1014.65,1015.37,1014.65,2,1.48,18,1.0,0.1,0.5,0.6,2.0,3.4,2.0,2.0,2.8,18.0,1.0,0.1,0.5,-24.7,-9.7,5.4,-9.7,2.0,31.2,18.0,1.0,0.1,0.5,33.6,37.4,41.3,37.4,2.0,8.1,18.0,1.0,0.1,0.5,-1.5,-0.85,-0.2,-0.85,2.0,1.34,18.0,1.0,0.1,0.5,-10.0,-5.7,-1.4,-5.7,2.0,9.0,18.0,1.0,0.1,0.5,1.6,1.6,1.6,1.6,1.0,0.0,18.0,1.0,0.0,0.3,10.7,10.7,10.7,10.7,1.0,0.0,18.0,1.0,0.0,0.3,-74.1,-26.6,20.9,-26.6,2.0,98.4,18.0,1.0,0.1,0.5,104.7,123.1,141.5,123.1,2.0,38.1,18.0,1.0,0.1,0.5,26.5,26.5,26.5,26.5,1.0,0.0,18.0,1.0,0.0,0.3,92.4,92.4,92.4,92.4,1.0,0.0,18.0,1.0,0.0,0.3,3.0,3.0,3.0,3.0,1.0,0.0,18.0,1.0,0.0,0.3,10.3,10.3,10.3,10.3,1.0,0.0,18.0,1.0,0.0,0.3,301.0,301.0,301.0,301.0,2.0,0.0,18.0,1.0,0.1,0.5,300.0,300.0,300.0,300.0,2.0,0.0,18.0,1.0,0.1,0.5
1895,12,106.0,-22.0,,,,,,,,,,,,,,,,,,,,,,,,,,,,,,,,,,,,,,,,6.7,6.7,6.7,6.7,1,0.0,18,1.0,0.8,0.3,-4.74,-4.74,-4.74,-4.74,1,0.0,18,1.0,0.8,0.3,4.74,4.74,4.74,4.74,1,0.0,18,1.0,0.8,0.3,1011.7,1011.7,1011.7,1011.7,1,0.0,18,1.0,0.8,0.3,,,,,,,,,,,,,,,,,,,,,,,,,,,,,,,,,,,,,,,,,,,,,,,,,,,,,,,,,,,,,,,,,,,,,,,,,,,,,,,,,,,,,,,,,,,,,,,,,,,,,,,,,,,,,,,,,,,,,,,,,,,,,,,,,,,,,,,,,,,,,,,,,,,,,,
1895,12,106.0,2.0,,,,,,,,,,,,,,,,,,,,,,,,,,,,,,,,,,,,,,,,2.92,3.6,4.28,3.6,2,1.41,6,1.0,0.5,0.8,-3.03,-2.55,-2.06,-2.55,2,1.0,6,1.0,0.5,0.8,-3.03,-2.55,-2.06,-2.55,2,1.0,6,1.0,0.5,0.8,1007.82,1008.5,1009.18,1008.5,2,1.41,6,1.0,0.5,0.8,,,,,,,,,,,,,,,,,,,,,,,,,,,,,,,,,,,,,,,,,,,,,,,,,,,,,,,,,,,,,,,,,,,,,,,,,,,,,,,,,,,,,,,,,,,,,,,,,,,,,,,,,,,,,,,,,,,,,,,,,,,,,,,,,,,,,,,,,,,,,,,,,,,,,,
1895,12,106.0,4.0,,,,,,,,,,,,,,,,,,,,,,,,,,,,,,,,,,,,,,,,7.59,9.5,11.41,9.5,2,3.96,18,1.0,0.3,0.8,-2.2,-1.31,-0.42,-1.31,2,1.85,18,1.0,0.3,0.8,-11.33,-9.23,-7.14,-9.23,2,4.34,18,1.0,0.3,0.8,1009.29,1010.35,1011.41,1010.35,2,2.19,18,1.0,0.3,0.8,,,,,,,,,,,,,,,,,,,,,,,,,,,,,,,,,,,,,,,,,,,,,,,,,,,,,,,,,,,,,,,,,,,,,,,,,,,,,,,,,,,,,,,,,,,,,,,,,,,,,,,,,,,,,,,,,,,,,,,,,,,,,,,,,,,,,,,,,,,,,,,,,,,,,,
1895,12,108.0,-42.0,,,,,,,,,,,,,,,,,,,,,,,,,,,,,,,,,,,,,,,,12.3,12.3,12.3,12.3,1,0.0,12,1.0,0.8,0.8,11.4,11.4,11.4,11.4,1,0.0,12,1.0,0.8,0.8,4.61,4.61,4.61,4.61,1,0.0,12,1.0,0.8,0.8,1011.5,1011.5,1011.5,1011.5,1,0.0,12,1.0,0.8,0.8,,,,,,,,,,,,,,,,,,,,,,,,,,,,,,,,,,,,,,,,,,,,,,,,,,,,,,,,,,,,,,,,,,,,,,,,,,,,,,,,,,,,,,,,,,,,,,,,,,,,,,,,,,,,,,,,,,,,,,,,,,,,,,,,,,,,,,,,,,,,,,,,,,,,,,
1895,12,108.0,-36.0,,,,,,,,,,,,,,,,,,,,,,,,,,,,,,,,,,,,,,,,6.7,6.7,6.7,6.7,1,0.0,18,1.0,0.8,0.8,6.17,6.17,6.17,6.17,1,0.0,18,1.0,0.8,0.8,-2.62,-2.62,-2.62,-2.62,1,0.0,18,1.0,0.8,0.8,1013.6,1013.6,1013.6,1013.6,1,0.0,18,1.0,0.8,0.8,,,,,,,,,,,,,,,,,,,,,,,,,,,,,,,,,,,,,,,,,,,,,,,,,,,,,,,,,,,,,,,,,,,,,,,,,,,,,,,,,,,,,,,,,,,,,,,,,,,,,,,,,,,,,,,,,,,,,,,,,,,,,,,,,,,,,,,,,,,,,,,,,,,,,,
1895,12,108.0,-30.0,20.24,20.5,21.02,20.63,4.0,0.63,16.0,0.5,0.4,0.7,18.78,19.4,21.86,20.28,4.0,2.54,16.0,0.5,0.4,0.7,12.14,12.31,12.47,12.31,2.0,0.35,16.0,0.0,0.5,0.7,88.6,91.7,94.8,91.7,2.0,6.5,16.0,0.0,0.7,3.55,5.65,6.7,5.15,4,1.97,16,0.5,0.4,0.7,-2.95,-2.4,-0.13,-1.58,4,2.32,16,0.5,0.4,0.7,2.86,4.89,6.02,4.46,4,2.0,16,0.5,0.4,0.7,1014.37,1015.15,1016.3,1015.33,4,1.48,16,0.5,0.4,0.7,0.0,0.0,1.0,0.5,4.0,1.0,16.0,0.5,0.4,0.7,-19.8,-13.7,-2.5,-11.3,4.0,11.7,16.0,0.5,0.4,0.7,11.2,28.6,40.3,25.9,4.0,17.5,16.0,0.5,0.4,0.7,-1.07,0.85,1.72,0.35,4.0,2.02,16.0,0.5,0.4,0.7,-8.2,4.7,9.1,0.7,4.0,12.2,16.0,0.5,0.4,0.7,2.49,2.65,2.81,2.65,2.0,0.33,16.0,0.0,0.5,0.7,12.4,15.2,18.0,15.2,2.0,5.8,16.0,0.0,0.5,0.7,-62.6,-51.2,-1.3,-32.8,4.0,46.8,16.0,0.5,0.4,0.7,53.5,92.4,131.4,92.5,4.0,48.9,16.0,0.5,0.4,0.7,-38.6,-34.6,-30.7,-34.6,2.0,8.1,16.0,0.0,0.5,0.7,53.2,60.0,66.8,60.0,2.0,14.1,16.0,0.0,0.5,0.7,-9.0,-7.6,-6.2,-7.6,2.0,2.9,16.0,0.0,0.5,0.7,10.8,13.2,15.6,13.2,2.0,5.0,16.0,0.0,0.5,0.7,55.5,199.0,301.0,179.0,4.0,144.0,16.0,0.5,0.4,0.7,55.0,200.0,300.0,180.0,4.0,145.0,16.0,0.5,0.4,0.7
1895,12,108.0,-28.0,20.5,20.5,20.5,20.5,1.0,0.0,16.0,0.0,0.0,0.3,18.3,18.3,18.3,18.3,1.0,0.0,16.0,0.0,0.0,0.3,12.56,12.56,12.56,12.56,1.0,0.0,16.0,0.0,0.0,0.3,96.3,96.3,96.3,96.3,1.0,0.0,16.0,0.0,0.3,4.6,4.6,4.6,4.6,1,0.0,16,0.0,0.0,0.3,-2.23,-2.23,-2.23,-2.23,1,0.0,16,0.0,0.0,0.3,4.02,4.02,4.02,4.02,1,0.0,16,0.0,0.0,0.3,1014.5,1014.5,1014.5,1014.5,1,0.0,16,0.0,0.0,0.3,0.0,0.0,0.0,0.0,1.0,0.0,16.0,0.0,0.0,0.3,-10.3,-10.3,-10.3,-10.3,1.0,0.0,16.0,0.0,0.0,0.3,18.5,18.5,18.5,18.5,1.0,0.0,16.0,0.0,0.0,0.3,2.2,2.2,2.2,2.2,1.0,0.0,16.0,0.0,0.0,0.3,10.1,10.1,10.1,10.1,1.0,0.0,16.0,0.0,0.0,0.3,2.42,2.42,2.42,2.42,1.0,0.0,16.0,0.0,0.0,0.3,11.1,11.1,11.1,11.1,1.0,0.0,16.0,0.0,0.0,0.3,-40.8,-40.8,-40.8,-40.8,1.0,0.0,16.0,0.0,0.0,0.3,73.6,73.6,73.6,73.6,1.0,0.0,16.0,0.0,0.0,0.3,-28.0,-28.0,-28.0,-28.0,1.0,0.0,16.0,0.0,0.0,0.3,50.5,50.5,50.5,50.5,1.0,0.0,16.0,0.0,0.0,0.3,-5.4,-5.4,-5.4,-5.4,1.0,0.0,16.0,0.0,0.0,0.3,9.7,9.7,9.7,9.7,1.0,0.0,16.0,0.0,0.0,0.3,97.5,97.5,97.5,97.5,1.0,0.0,16.0,0.0,0.0,0.3,95.0,95.0,95.0,95.0,1.0,0.0,16.0,0.0,0.0,0.3
1895,12,108.0,-20.0,,,,,,,,,,,,,,,,,,,,,,,,,,,,,,,,,,,,,,,,2.92,3.6,4.28,3.6,2,1.41,20,1.0,0.8,0.5,-1.29,-0.35,0.58,-0.35,2,1.94,20,1.0,0.8,0.5,2.69,3.33,3.97,3.33,2,1.32,20,1.0,0.8,0.5,1008.25,1009.0,1009.75,1009.0,2,1.56,20,1.0,0.8,0.5,,,,,,,,,,,,,,,,,,,,,,,,,,,,,,,,,,,,,,,,,,,,,,,,,,,,,,,,,,,,,,,,,,,,,,,,,,,,,,,,,,,,,,,,,,,,,,,,,,,,,,,,,,,,,,,,,,,,,,,,,,,,,,,,,,,,,,,,,,,,,,,,,,,,,,
1895,12,108.0,4.0,,,,,,,,,,,,,,,,,,,,,,,,,,,,,,,,,,,,,,,,6.7,6.7,6.7,6.7,1,0.0,4,1.0,0.3,0.8,-4.74,-4.74,-4.74,-4.74,1,0.0,4,1.0,0.3,0.8,-4.74,-4.74,-4.74,-4.74,1,0.0,4,1.0,0.3,0.8,1007.1,1007.1,1007.1,1007.1,1,0.0,4,1.0,0.3,0.8,,,,,,,,,,,,,,,,,,,,,,,,,,,,,,,,,,,,,,,,,,,,,,,,,,,,,,,,,,,,,,,,,,,,,,,,,,,,,,,,,,,,,,,,,,,,,,,,,,,,,,,,,,,,,,,,,,,,,,,,,,,,,,,,,,,,,,,,,,,,,,,,,,,,,,
1895,12,108.0,6.0,,,,,,,,,,,,,,,,,,,,,,,,,,,,,,,,,,,,,,,,7.11,8.0,8.89,8.0,2,1.84,10,1.0,0.5,0.5,-6.28,-5.66,-5.03,-5.66,2,1.3,10,1.0,0.5,0.5,-6.28,-5.66,-5.03,-5.66,2,1.3,10,1.0,0.5,0.5,1009.55,1010.1,1010.65,1010.1,2,1.13,10,1.0,0.5,0.5,,,,,,,,,,,,,,,,,,,,,,,,,,,,,,,,,,,,,,,,,,,,,,,,,,,,,,,,,,,,,,,,,,,,,,,,,,,,,,,,,,,,,,,,,,,,,,,,,,,,,,,,,,,,,,,,,,,,,,,,,,,,,,,,,,,,,,,,,,,,,,,,,,,,,,
1895,12,108.0,8.0,,,,,,,,,,,,,,,,,,,,,,,,,,,,,,,,,,,,,,,,12.3,12.3,12.3,12.3,2,0.0,18,1.0,0.5,0.5,-4.81,-4.81,-4.81,-4.81,2,0.0,18,1.0,0.5,0.5,-11.32,-11.32,-11.32,-11.32,2,0.0,18,1.0,0.5,0.5,1008.96,1010.6,1012.24,1010.6,2,3.39,18,1.0,0.5,0.5,,,,,,,,,,,,,,,,,,,,,,,,,,,,,,,,,,,,,,,,,,,,,,,,,,,,,,,,,,,,,,,,,,,,,,,,,,,,,,,,,,,,,,,,,,,,,,,,,,,,,,,,,,,,,,,,,,,,,,,,,,,,,,,,,,,,,,,,,,,,,,,,,,,,,,
1895,12,108.0,12.0,,,,,,,,,,,,,,,,,,,,,,,,,,,,,,,,,,,,,,,,9.3,9.3,9.3,9.3,1,0.0,12,1.0,0.8,0.3,-6.58,-6.58,-6.58,-6.58,1,0.0,12,1.0,0.8,0.3,-6.58,-6.58,-6.58,-6.58,1,0.0,12,1.0,0.8,0.3,1013.2,1013.2,1013.2,1013.2,1,0.0,12,1.0,0.8,0.3,,,,,,,,,,,,,,,,,,,,,,,,,,,,,,,,,,,,,,,,,,,,,,,,,,,,,,,,,,,,,,,,,,,,,,,,,,,,,,,,,,,,,,,,,,,,,,,,,,,,,,,,,,,,,,,,,,,,,,,,,,,,,,,,,,,,,,,,,,,,,,,,,,,,,,
1895,12,110.0,-46.0,,,,,,,,,,,,,,,,,,,,,,,,,,,,,,,,,,,,,,,,6.7,6.7,10.52,8.57,3,3.23,12,1.0,0.6,0.6,0.41,1.28,8.13,4.2,3,6.2,12,1.0,0.6,0.6,-1.19,6.58,6.66,2.82,3,6.61,12,1.0,0.6,0.6,1005.6,1005.6,1005.6,1005.6,1,0.0,30,1.0,0.8,0.3,,,,,,,,,,,,,,,,,,,,,,,,,,,,,,,,,,,,,,,,,,,,,,,,,,,,,,,,,,,,,,,,,,,,,,,,,,,,,,,,,,,,,,,,,,,,,,,,,,,,,,,,,,,,,,,,,,,,,,,,,,,,,,,,,,,,,,,,,,,,,,,,,,,,,,
1895,12,110.0,-34.0,,,,,,,,,,,,,,,,,,,,,,,,,,,,,,,,,,,,,,,,5.35,6.95,8.55,6.95,2,3.32,10,0.5,0.8,0.8,-4.82,-1.03,2.76,-1.03,2,7.84,10,0.5,0.8,0.8,1.78,3.73,5.67,3.73,2,4.03,10,0.5,0.8,0.8,1015.8,1015.8,1015.8,1015.8,1,0.0,18,1.0,0.8,0.8,,,,,,,,,,,,,,,,,,,,,,,,,,,,,,,,,,,,,,,,,,,,,,,,,,,,,,,,,,,,,,,,,,,,,,,,,,,,,,,,,,,,,,,,,,,,,,,,,,,,,,,,,,,,,,,,,,,,,,,,,,,,,,,,,,,,,,,,,,,,,,,,,,,,,,
1895,12,110.0,-32.0,18.85,19.4,20.5,19.43,7.0,0.93,10.0,0.7,0.5,0.5,17.77,18.3,23.31,19.53,7.0,2.69,10.0,0.7,0.5,0.5,11.14,11.32,11.49,11.32,2.0,0.37,16.0,1.0,0.6,0.7,68.3,74.2,80.0,74.2,2.0,12.1,16.0,1.0,0.7,6.6,6.7,9.8,7.73,7,2.08,10,0.7,0.5,0.5,-3.35,6.58,9.8,3.83,7,6.33,10,0.7,0.5,0.5,-0.06,3.67,5.8,2.61,7,2.97,10,0.7,0.5,0.5,1018.95,1019.5,1020.46,1019.7,3,1.11,16,1.0,0.5,0.7,0.0,3.0,4.2,2.5,6.0,2.2,10.0,0.7,0.5,0.5,-22.4,44.1,96.0,38.9,7.0,56.0,10.0,0.7,0.5,0.5,-0.4,19.6,38.9,17.8,7.0,20.6,10.0,0.7,0.5,0.5,-2.81,0.7,1.6,-0.1,7.0,2.0,10.0,0.7,0.5,0.5,-14.0,4.7,15.7,2.2,7.0,14.0,10.0,0.7,0.5,0.5,3.0,3.13,3.27,3.13,2.0,0.28,16.0,1.0,0.6,0.7,20.1,21.0,21.9,21.0,2.0,1.9,16.0,1.0,0.6,0.7,-63.7,117.1,174.7,63.7,7.0,118.4,10.0,0.7,0.5,0.5,-1.1,63.1,110.3,55.0,7.0,62.7,10.0,0.7,0.5,0.5,-38.5,-37.9,-37.3,-37.9,2.0,1.2,16.0,1.0,0.6,0.7,64.6,65.7,66.7,65.7,2.0,2.2,16.0,1.0,0.6,0.7,-10.9,-10.5,-10.0,-10.5,2.0,0.9,16.0,1.0,0.6,0.7,17.4,18.2,19.0,18.2,2.0,1.6,16.0,1.0,0.6,0.7,291.0,301.0,941.0,546.0,7.0,376.5,10.0,0.7,0.5,0.5,290.0,300.0,940.0,545.0,7.0,375.0,10.0,0.7,0.5,0.5
1895,12,110.0,-30.0,21.5,21.5,21.5,21.5,1.0,0.0,16.0,1.0,0.1,0.2,23.3,23.3,23.3,23.3,1.0,0.0,16.0,1.0,0.1,0.2,12.92,12.92,12.92,12.92,1.0,0.0,16.0,1.0,0.1,0.2,73.0,73.0,73.0,73.0,1.0,0.0,16.0,1.0,0.2,6.7,6.7,6.7,6.7,1,0.0,16,1.0,0.1,0.2,-3.35,-3.35,-3.35,-3.35,1,0.0,16,1.0,0.1,0.2,5.8,5.8,5.8,5.8,1,0.0,16,1.0,0.1,0.2,1018.4,1018.4,1018.4,1018.4,1,0.0,16,1.0,0.1,0.2,0.0,0.0,0.0,0.0,1.0,0.0,16.0,1.0,0.1,0.2,-22.4,-22.4,-22.4,-22.4,1.0,0.0,16.0,1.0,0.1,0.2,38.9,38.9,38.9,38.9,1.0,0.0,16.0,1.0,0.1,0.2,-1.8,-1.8,-1.8,-1.8,1.0,0.0,16.0,1.0,0.1,0.2,-12.1,-12.1,-12.1,-12.1,1.0,0.0,16.0,1.0,0.1,0.2,2.96,2.96,2.96,2.96,1.0,0.0,16.0,1.0,0.1,0.2,19.9,19.9,19.9,19.9,1.0,0.0,16.0,1.0,0.1,0.2,-78.1,-78.1,-78.1,-78.1,1.0,0.0,16.0,1.0,0.1,0.2,135.2,135.2,135.2,135.2,1.0,0.0,16.0,1.0,0.1,0.2,-43.3,-43.3,-43.3,-43.3,1.0,0.0,16.0,1.0,0.1,0.2,74.9,74.9,74.9,74.9,1.0,0.0,16.0,1.0,0.1,0.2,-9.9,-9.9,-9.9,-9.9,1.0,0.0,16.0,1.0,0.1,0.2,17.2,17.2,17.2,17.2,1.0,0.0,16.0,1.0,0.1,0.2,301.0,301.0,301.0,301.0,1.0,0.0,16.0,1.0,0.1,0.2,300.0,300.0,300.0,300.0,1.0,0.0,16.0,1.0,0.1,0.2
1895,12,110.0,-18.0,,,,,,,,,,,,,,,,,,,,,,,,,,,,,,,,,,,,,,,,1.0,1.0,1.0,1.0,1,0.0,22,1.0,0.3,0.3,-0.37,-0.37,-0.37,-0.37,1,0.0,22,1.0,0.3,0.3,0.93,0.93,0.93,0.93,1,0.0,22,1.0,0.3,0.3,1008.0,1008.0,1008.0,1008.0,1,0.0,22,1.0,0.3,0.3,,,,,,,,,,,,,,,,,,,,,,,,,,,,,,,,,,,,,,,,,,,,,,,,,,,,,,,,,,,,,,,,,,,,,,,,,,,,,,,,,,,,,,,,,,,,,,,,,,,,,,,,,,,,,,,,,,,,,,,,,,,,,,,,,,,,,,,,,,,,,,,,,,,,,,
1895,12,110.0,-16.0,,,,,,,,,,,,,,,,,,,,,,,,,,,,,,,,,,,,,,,,1.0,1.0,1.0,1.0,1,0.0,22,1.0,0.8,0.3,0.93,0.93,0.93,0.93,1,0.0,22,1.0,0.8,0.3,0.37,0.37,0.37,0.37,1,0.0,22,1.0,0.8,0.3,1006.47,1007.25,1008.04,1007.25,2,1.63,22,1.0,0.8,0.5,,,,,,,,,,,,,,,,,,,,,,,,,,,,,,,,,,,,,,,,,,,,,,,,,,,,,,,,,,,,,,,,,,,,,,,,,,,,,,,,,,,,,,,,,,,,,,,,,,,,,,,,,,,,,,,,,,,,,,,,,,,,,,,,,,,,,,,,,,,,,,,,,,,,,,
1895,12,110.0,-14.0,,,,,,,,,,,,,,,,,,,,,,,,,,,,,,,,,,,,,,,,0.83,2.6,3.97,2.4,3,2.31,26,1.0,0.8,0.4,-2.8,-1.84,-0.58,-1.7,3,1.63,26,1.0,0.8,0.4,-2.22,0.0,1.25,-0.47,3,2.58,26,1.0,0.8,0.4,1006.83,1008.4,1008.67,1007.77,3,1.46,26,1.0,0.8,0.4,,,,,,,,,,,,,,,,,,,,,,,,,,,,,,,,,,,,,,,,,,,,,,,,,,,,,,,,,,,,,,,,,,,,,,,,,,,,,,,,,,,,,,,,,,,,,,,,,,,,,,,,,,,,,,,,,,,,,,,,,,,,,,,,,,,,,,,,,,,,,,,,,,,,,,
1895,12,110.0,8.0,,,,,,,,,,,,,,,,,,,,,,,,,,,,,,,,,,,,,,,,9.3,9.3,9.3,9.3,2,0.0,8,1.0,0.8,0.5,-6.58,-6.58,-6.58,-6.58,2,0.0,8,1.0,0.8,0.5,-6.58,-6.58,-6.58,-6.58,2,0.0,8,1.0,0.8,0.5,1009.02,1009.7,1010.38,1009.7,2,1.41,8,1.0,0.8,0.5,,,,,,,,,,,,,,,,,,,,,,,,,,,,,,,,,,,,,,,,,,,,,,,,,,,,,,,,,,,,,,,,,,,,,,,,,,,,,,,,,,,,,,,,,,,,,,,,,,,,,,,,,,,,,,,,,,,,,,,,,,,,,,,,,,,,,,,,,,,,,,,,,,,,,,
1895,12,110.0,10.0,,,,,,,,,,,,,,,,,,,,,,,,,,,,,,,,,,,,,,,,15.4,15.4,15.4,15.4,1,0.0,18,1.0,0.8,0.8,-6.02,-6.02,-6.02,-6.02,1,0.0,18,1.0,0.8,0.8,-14.18,-14.18,-14.18,-14.18,1,0.0,18,1.0,0.8,0.8,1014.0,1014.0,1014.0,1014.0,1,0.0,18,1.0,0.8,0.8,,,,,,,,,,,,,,,,,,,,,,,,,,,,,,,,,,,,,,,,,,,,,,,,,,,,,,,,,,,,,,,,,,,,,,,,,,,,,,,,,,,,,,,,,,,,,,,,,,,,,,,,,,,,,,,,,,,,,,,,,,,,,,,,,,,,,,,,,,,,,,,,,,,,,,
1895,12,110.0,12.0,,,,,,,,,,,,,,,,,,,,,,,,,,,,,,,,,,,,,,,,12.3,12.3,12.3,12.3,1,0.0,20,1.0,0.8,0.3,-8.7,-8.7,-8.7,-8.7,1,0.0,20,1.0,0.8,0.3,-8.7,-8.7,-8.7,-8.7,1,0.0,20,1.0,0.8,0.3,1013.2,1013.2,1013.2,1013.2,1,0.0,20,1.0,0.8,0.3,,,,,,,,,,,,,,,,,,,,,,,,,,,,,,,,,,,,,,,,,,,,,,,,,,,,,,,,,,,,,,,,,,,,,,,,,,,,,,,,,,,,,,,,,,,,,,,,,,,,,,,,,,,,,,,,,,,,,,,,,,,,,,,,,,,,,,,,,,,,,,,,,,,,,,
1895,12,110.0,18.0,,,,,,,,,,,,,,,,,,,,,,,,,,,,,,,,,,,,,,,,12.3,12.3,12.3,12.3,1,0.0,10,1.0,0.8,0.3,-8.7,-8.7,-8.7,-8.7,1,0.0,10,1.0,0.8,0.3,-8.7,-8.7,-8.7,-8.7,1,0.0,10,1.0,0.8,0.3,1016.2,1016.2,1016.2,1016.2,1,0.0,10,1.0,0.8,0.3,,,,,,,,,,,,,,,,,,,,,,,,,,,,,,,,,,,,,,,,,,,,,,,,,,,,,,,,,,,,,,,,,,,,,,,,,,,,,,,,,,,,,,,,,,,,,,,,,,,,,,,,,,,,,,,,,,,,,,,,,,,,,,,,,,,,,,,,,,,,,,,,,,,,,,
1895,12,112.0,-34.0,17.8,18.3,19.29,18.4,10.0,1.18,6.0,0.5,0.5,0.6,16.36,17.1,18.64,17.44,10.0,1.33,6.0,0.5,0.5,0.6,9.54,9.59,9.63,9.59,2.0,0.09,16.0,0.0,0.6,0.6,80.2,80.9,81.6,80.9,2.0,1.5,16.0,0.0,0.6,3.14,9.8,15.4,9.42,9,5.47,6,0.4,0.5,0.5,1.85,9.62,14.18,8.34,9,5.6,6,0.4,0.5,0.5,-6.02,1.28,3.79,-0.51,9,4.44,6,0.4,0.5,0.5,1013.57,1020.4,1020.4,1017.07,3,5.77,12,0.3,0.5,0.6,0.8,4.0,6.5,3.9,9.0,2.8,8.0,0.4,0.5,0.5,6.6,94.3,218.3,105.5,9.0,95.8,6.0,0.4,0.5,0.5,-92.7,6.3,19.4,-19.0,9.0,57.6,6.0,0.4,0.5,0.5,-0.34,0.85,2.16,0.96,10.0,1.41,6.0,0.5,0.5,0.6,-1.9,7.7,15.5,8.1,9.0,9.7,6.0,0.4,0.5,0.5,4.59,4.86,5.12,4.86,2.0,0.55,16.0,0.0,0.6,0.6,14.7,17.1,19.5,17.1,2.0,4.9,16.0,0.0,0.6,0.6,33.4,171.2,226.3,142.4,9.0,90.9,6.0,0.4,0.5,0.5,-96.1,24.2,64.3,-6.2,9.0,74.3,6.0,0.4,0.5,0.5,10.1,12.3,14.6,12.3,2.0,4.7,16.0,0.0,0.6,0.6,26.2,32.2,38.1,32.2,2.0,12.4,16.0,0.0,0.6,0.6,5.3,6.1,7.0,6.1,2.0,1.8,16.0,0.0,0.6,0.6,13.8,16.0,18.2,16.0,2.0,4.6,16.0,0.0,0.6,0.6,39.0,941.0,3652.5,1577.0,9.0,1661.5,6.0,0.4,0.5,0.5,40.0,940.0,3650.0,1575.0,9.0,1660.0,6.0,0.4,0.5,0.5
1895,12,112.0,-32.0,18.5,18.5,18.5,18.5,1.0,0.0,16.0,0.0,0.1,0.1,17.3,17.3,17.3,17.3,1.0,0.0,16.0,0.0,0.1,0.1,11.73,11.73,11.73,11.73,1.0,0.0,16.0,0.0,0.1,0.1,96.3,96.3,96.3,96.3,1.0,0.0,16.0,0.0,0.1,6.7,6.7,6.7,6.7,1,0.0,16,0.0,0.1,0.1,-0.93,-0.93,-0.93,-0.93,1,0.0,16,0.0,0.1,0.1,6.63,6.63,6.63,6.63,1,0.0,16,0.0,0.1,0.1,1019.0,1019.0,1019.0,1019.0,1,0.0,16,0.0,0.1,0.1,0.0,0.0,0.0,0.0,1.0,0.0,16.0,0.0,0.1,0.1,-6.2,-6.2,-6.2,-6.2,1.0,0.0,16.0,0.0,0.1,0.1,44.5,44.5,44.5,44.5,1.0,0.0,16.0,0.0,0.1,0.1,1.2,1.2,1.2,1.2,1.0,0.0,16.0,0.0,0.1,0.1,8.0,8.0,8.0,8.0,1.0,0.0,16.0,0.0,0.1,0.1,1.42,1.42,1.42,1.42,1.0,0.0,16.0,0.0,0.1,0.1,9.5,9.5,9.5,9.5,1.0,0.0,16.0,0.0,0.1,0.1,-16.1,-16.1,-16.1,-16.1,1.0,0.0,16.0,0.0,0.1,0.1,114.8,114.8,114.8,114.8,1.0,0.0,16.0,0.0,0.1,0.1,-10.9,-10.9,-10.9,-10.9,1.0,0.0,16.0,0.0,0.1,0.1,77.8,77.8,77.8,77.8,1.0,0.0,16.0,0.0,0.1,0.1,-1.3,-1.3,-1.3,-1.3,1.0,0.0,16.0,0.0,0.1,0.1,9.4,9.4,9.4,9.4,1.0,0.0,16.0,0.0,0.1,0.1,301.0,301.0,301.0,301.0,1.0,0.0,16.0,0.0,0.1,0.1,300.0,300.0,300.0,300.0,1.0,0.0,16.0,0.0,0.1,0.1
1895,12,112.0,-12.0,,,,,,,,,,,,,,,,,,,,,,,,,,,,,,,,,,,,,,,,1.0,1.0,1.0,1.0,2,0.0,28,1.0,0.5,0.3,0.0,0.0,0.0,0.0,2,0.0,28,1.0,0.5,0.3,-1.0,-1.0,-1.0,-1.0,2,0.0,28,1.0,0.5,0.3,1008.4,1008.4,1008.4,1008.4,2,0.0,28,1.0,0.5,0.3,,,,,,,,,,,,,,,,,,,,,,,,,,,,,,,,,,,,,,,,,,,,,,,,,,,,,,,,,,,,,,,,,,,,,,,,,,,,,,,,,,,,,,,,,,,,,,,,,,,,,,,,,,,,,,,,,,,,,,,,,,,,,,,,,,,,,,,,,,,,,,,,,,,,,,
1895,12,112.0,10.0,,,,,,,,,,,,,,,,,,,,,,,,,,,,,,,,,,,,,,,,6.7,6.7,6.7,6.7,1,0.0,6,1.0,0.3,0.8,-4.74,-4.74,-4.74,-4.74,1,0.0,6,1.0,0.3,0.8,-4.74,-4.74,-4.74,-4.74,1,0.0,6,1.0,0.3,0.8,1007.8,1007.8,1007.8,1007.8,1,0.0,6,1.0,0.3,0.8,,,,,,,,,,,,,,,,,,,,,,,,,,,,,,,,,,,,,,,,,,,,,,,,,,,,,,,,,,,,,,,,,,,,,,,,,,,,,,,,,,,,,,,,,,,,,,,,,,,,,,,,,,,,,,,,,,,,,,,,,,,,,,,,,,,,,,,,,,,,,,,,,,,,,,
1895,12,112.0,12.0,,,,,,,,,,,,,,,,,,,,,,,,,,,,,,,,,,,,,,,,9.3,9.3,9.3,9.3,1,0.0,12,1.0,0.8,0.8,-6.58,-6.58,-6.58,-6.58,1,0.0,12,1.0,0.8,0.8,-6.58,-6.58,-6.58,-6.58,1,0.0,12,1.0,0.8,0.8,1011.5,1011.5,1011.5,1011.5,1,0.0,12,1.0,0.8,0.8,,,,,,,,,,,,,,,,,,,,,,,,,,,,,,,,,,,,,,,,,,,,,,,,,,,,,,,,,,,,,,,,,,,,,,,,,,,,,,,,,,,,,,,,,,,,,,,,,,,,,,,,,,,,,,,,,,,,,,,,,,,,,,,,,,,,,,,,,,,,,,,,,,,,,,
1895,12,112.0,14.0,,,,,,,,,,,,,,,,,,,,,,,,,,,,,,,,,,,,,,,,8.08,11.05,14.02,11.05,2,6.15,10,1.0,0.5,0.5,-5.81,-5.38,-4.94,-5.38,2,0.9,10,1.0,0.5,0.5,-12.68,-9.46,-6.24,-9.46,2,6.67,10,1.0,0.5,0.5,1013.29,1014.55,1015.81,1014.55,2,2.62,10,1.0,0.5,0.5,,,,,,,,,,,,,,,,,,,,,,,,,,,,,,,,,,,,,,,,,,,,,,,,,,,,,,,,,,,,,,,,,,,,,,,,,,,,,,,,,,,,,,,,,,,,,,,,,,,,,,,,,,,,,,,,,,,,,,,,,,,,,,,,,,,,,,,,,,,,,,,,,,,,,,
1895,12,112.0,16.0,,,,,,,,,,,,,,,,,,,,,,,,,,,,,,,,,,,,,,,,9.3,9.3,18.38,13.73,3,7.68,10,1.0,0.8,0.4,-13.0,-6.58,-6.58,-9.71,3,5.43,10,1.0,0.8,0.4,-13.0,-6.58,-6.58,-9.71,3,5.43,10,1.0,0.8,0.4,1013.57,1016.3,1016.5,1015.07,3,2.4,10,1.0,0.8,0.4,,,,,,,,,,,,,,,,,,,,,,,,,,,,,,,,,,,,,,,,,,,,,,,,,,,,,,,,,,,,,,,,,,,,,,,,,,,,,,,,,,,,,,,,,,,,,,,,,,,,,,,,,,,,,,,,,,,,,,,,,,,,,,,,,,,,,,,,,,,,,,,,,,,,,,
1895,12,112.0,18.0,,,,,,,,,,,,,,,,,,,,,,,,,,,,,,,,,,,,,,,,4.6,4.6,4.6,4.6,1,0.0,14,1.0,0.8,0.8,-1.8,-1.8,-1.8,-1.8,1,0.0,14,1.0,0.8,0.8,-4.23,-4.23,-4.23,-4.23,1,0.0,14,1.0,0.8,0.8,1019.3,1019.3,1019.3,1019.3,1,0.0,14,1.0,0.8,0.8,,,,,,,,,,,,,,,,,,,,,,,,,,,,,,,,,,,,,,,,,,,,,,,,,,,,,,,,,,,,,,,,,,,,,,,,,,,,,,,,,,,,,,,,,,,,,,,,,,,,,,,,,,,,,,,,,,,,,,,,,,,,,,,,,,,,,,,,,,,,,,,,,,,,,,
1895,12,112.0,20.0,,,,,,,,,,,,,,,,,,,,,,,,,,,,,,,,,,,,,,,,6.7,6.7,6.7,6.7,1,0.0,4,1.0,0.8,0.8,-4.74,-4.74,-4.74,-4.74,1,0.0,4,1.0,0.8,0.8,-4.74,-4.74,-4.74,-4.74,1,0.0,4,1.0,0.8,0.8,1013.6,1013.6,1013.6,1013.6,1,0.0,4,1.0,0.8,0.8,,,,,,,,,,,,,,,,,,,,,,,,,,,,,,,,,,,,,,,,,,,,,,,,,,,,,,,,,,,,,,,,,,,,,,,,,,,,,,,,,,,,,,,,,,,,,,,,,,,,,,,,,,,,,,,,,,,,,,,,,,,,,,,,,,,,,,,,,,,,,,,,,,,,,,
1895,12,114.0,-36.0,18.37,19.4,19.5,19.06,8.0,0.81,8.0,0.5,0.6,0.7,17.86,18.6,19.39,18.54,8.0,0.93,8.0,0.5,0.6,0.7,10.88,10.88,10.88,10.88,1.0,0.0,16.0,1.0,0.5,0.8,78.6,78.6,78.6,78.6,1.0,0.0,16.0,1.0,0.8,5.6,9.5,12.3,8.98,4,3.93,8,0.5,0.7,0.7,4.57,8.67,11.32,7.98,4,4.02,8,0.5,0.7,0.7,-4.81,-0.93,3.1,-0.86,4,4.56,8,0.5,0.7,0.7,1016.62,1017.1,1017.17,1016.9,3,0.44,16,1.0,0.7,0.7,4.0,5.0,8.0,5.9,7.0,2.1,8.0,0.6,0.6,0.7,27.0,89.8,139.3,83.5,4.0,65.3,8.0,0.5,0.7,0.7,-59.1,-22.1,17.4,-20.9,4.0,44.2,8.0,0.5,0.7,0.7,,,,,,,,,,,,,,,,,,,,,,,,,,,,,,,,,,,,,,,,,,,,,,,,,,,,,,,,,,,,,,,,,,,,,,,,,,,,,,,,,,,,,,,,,,,,,,,,,,,,,,,,,,,,,,,,,,,,,,,,
1895,12,114.0,-34.0,17.2,17.75,19.45,18.3,4.0,1.56,8.0,0.8,0.2,0.2,16.7,17.5,19.61,18.13,4.0,1.94,8.0,0.8,0.2,0.2,10.8,10.8,10.8,10.8,1.0,0.0,16.0,1.0,0.1,0.1,71.2,71.2,71.2,71.2,1.0,0.0,16.0,1.0,0.1,7.59,9.5,11.41,9.5,2,3.96,8,0.5,0.2,0.2,3.75,7.13,10.5,7.13,2,7.0,8,0.5,0.2,0.2,-0.97,1.99,4.96,1.99,2,6.14,8,0.5,0.2,0.2,1018.4,1018.4,1018.4,1018.4,1,0.0,16,1.0,0.1,0.1,3.5,4.5,5.0,4.3,4.0,1.0,8.0,0.8,0.2,0.2,35.9,81.6,127.3,81.6,2.0,94.7,8.0,0.5,0.2,0.2,-17.6,6.8,31.1,6.8,2.0,50.4,8.0,0.5,0.2,0.2,-0.16,0.25,0.5,0.18,4.0,0.39,8.0,0.8,0.2,0.2,-1.7,-1.0,-0.3,-1.0,2.0,1.4,8.0,0.5,0.2,0.2,4.13,4.13,4.13,4.13,1.0,0.0,16.0,1.0,0.1,0.1,27.6,27.6,27.6,27.6,1.0,0.0,16.0,1.0,0.1,0.1,73.2,133.2,193.1,133.2,2.0,124.2,8.0,0.5,0.2,0.2,-15.2,44.4,104.0,44.4,2.0,123.5,8.0,0.5,0.2,0.2,23.6,23.6,23.6,23.6,1.0,0.0,16.0,1.0,0.1,0.1,68.4,68.4,68.4,68.4,1.0,0.0,16.0,1.0,0.1,0.1,9.0,9.0,9.0,9.0,1.0,0.0,16.0,1.0,0.1,0.1,26.1,26.1,26.1,26.1,1.0,0.0,16.0,1.0,0.1,0.1,548.5,1081.0,1613.5,1081.0,2.0,1103.0,8.0,0.5,0.2,0.2,550.0,1080.0,1615.0,1080.0,2.0,1105.0,8.0,0.5,0.2,0.2
1895,12,114.0,-32.0,,,,,,,,,,,,,,,,,,,,,,,,,,,,,,,,,,,,,,,,9.3,9.3,9.3,9.3,1,0.0,20,1.0,0.3,0.8,-3.48,-3.48,-3.48,-3.48,1,0.0,20,1.0,0.3,0.8,8.62,8.62,8.62,8.62,1,0.0,20,1.0,0.3,0.8,1011.7,1011.7,1011.7,1011.7,1,0.0,20,1.0,0.3,0.8,,,,,,,,,,,,,,,,,,,,,,,,,,,,,,,,,,,,,,,,,,,,,,,,,,,,,,,,,,,,,,,,,,,,,,,,,,,,,,,,,,,,,,,,,,,,,,,,,,,,,,,,,,,,,,,,,,,,,,,,,,,,,,,,,,,,,,,,,,,,,,,,,,,,,,
1895,12,114.0,-12.0,,,,,,,,,,,,,,,,,,,,,,,,,,,,,,,,,,,,,,,,2.6,2.6,2.6,2.6,1,0.0,30,1.0,0.3,0.8,1.84,1.84,1.84,1.84,1,0.0,30,1.0,0.3,0.8,-1.84,-1.84,-1.84,-1.84,1,0.0,30,1.0,0.3,0.8,1009.2,1009.2,1009.2,1009.2,1,0.0,30,1.0,0.3,0.8,,,,,,,,,,,,,,,,,,,,,,,,,,,,,,,,,,,,,,,,,,,,,,,,,,,,,,,,,,,,,,,,,,,,,,,,,,,,,,,,,,,,,,,,,,,,,,,,,,,,,,,,,,,,,,,,,,,,,,,,,,,,,,,,,,,,,,,,,,,,,,,,,,,,,,
1895,12,114.0,-10.0,,,,,,,,,,,,,,,,,,,,,,,,,,,,,,,,,,,,,,,,1.0,1.0,1.0,1.0,1,0.0,30,1.0,0.8,0.3,0.92,0.92,0.92,0.92,1,0.0,30,1.0,0.8,0.3,-0.39,-0.39,-0.39,-0.39,1,0.0,30,1.0,0.8,0.3,1007.9,1007.9,1007.9,1007.9,1,0.0,30,1.0,0.8,0.3,,,,,,,,,,,,,,,,,,,,,,,,,,,,,,,,,,,,,,,,,,,,,,,,,,,,,,,,,,,,,,,,,,,,,,,,,,,,,,,,,,,,,,,,,,,,,,,,,,,,,,,,,,,,,,,,,,,,,,,,,,,,,,,,,,,,,,,,,,,,,,,,,,,,,,
1895,12,114.0,-8.0,,,,,,,,,,,,,,,,,,,,,,,,,,,,,,,,,,,,,,,,4.6,4.6,4.6,4.6,1,0.0,30,1.0,0.8,0.3,-3.25,-3.25,-3.25,-3.25,1,0.0,30,1.0,0.8,0.3,-3.25,-3.25,-3.25,-3.25,1,0.0,30,1.0,0.8,0.3,1007.9,1007.9,1007.9,1007.9,1,0.0,30,1.0,0.8,0.3,,,,,,,,,,,,,,,,,,,,,,,,,,,,,,,,,,,,,,,,,,,,,,,,,,,,,,,,,,,,,,,,,,,,,,,,,,,,,,,,,,,,,,,,,,,,,,,,,,,,,,,,,,,,,,,,,,,,,,,,,,,,,,,,,,,,,,,,,,,,,,,,,,,,,,
1895,12,114.0,14.0,,,,,,,,,,,,,,,,,,,,,,,,,,,,,,,,,,,,,,,,4.6,4.6,4.6,4.6,1,0.0,6,1.0,0.3,0.3,-3.25,-3.25,-3.25,-3.25,1,0.0,6,1.0,0.3,0.3,-3.25,-3.25,-3.25,-3.25,1,0.0,6,1.0,0.3,0.3,1010.1,1010.1,1010.1,1010.1,1,0.0,6,1.0,0.3,0.3,,,,,,,,,,,,,,,,,,,,,,,,,,,,,,,,,,,,,,,,,,,,,,,,,,,,,,,,,,,,,,,,,,,,,,,,,,,,,,,,,,,,,,,,,,,,,,,,,,,,,,,,,,,,,,,,,,,,,,,,,,,,,,,,,,,,,,,,,,,,,,,,,,,,,,
1895,12,114.0,18.0,,,,,,,,,,,,,,,,,,,,,,,,,,,,,,,,,,,,,,,,6.31,10.0,13.69,10.0,2,7.64,14,1.0,0.3,0.3,-9.45,-6.34,-3.24,-6.34,2,6.43,14,1.0,0.3,0.3,-9.83,-7.56,-5.29,-7.56,2,4.71,14,1.0,0.3,0.3,1011.98,1014.1,1016.22,1014.1,2,4.38,14,1.0,0.3,0.3,,,,,,,,,,,,,,,,,,,,,,,,,,,,,,,,,,,,,,,,,,,,,,,,,,,,,,,,,,,,,,,,,,,,,,,,,,,,,,,,,,,,,,,,,,,,,,,,,,,,,,,,,,,,,,,,,,,,,,,,,,,,,,,,,,,,,,,,,,,,,,,,,,,,,,
1895,12,114.0,20.0,,,,,,,,,,,,,,,,,,,,,,,,,,,,,,,,,,,,,,,,6.7,6.7,6.7,6.7,1,0.0,18,1.0,0.8,0.3,-6.21,-6.21,-6.21,-6.21,1,0.0,18,1.0,0.8,0.3,-2.51,-2.51,-2.51,-2.51,1,0.0,18,1.0,0.8,0.3,1017.2,1017.2,1017.2,1017.2,1,0.0,18,1.0,0.8,0.3,,,,,,,,,,,,,,,,,,,,,,,,,,,,,,,,,,,,,,,,,,,,,,,,,,,,,,,,,,,,,,,,,,,,,,,,,,,,,,,,,,,,,,,,,,,,,,,,,,,,,,,,,,,,,,,,,,,,,,,,,,,,,,,,,,,,,,,,,,,,,,,,,,,,,,
1895,12,114.0,22.0,,,,,,,,,,,,,,,,,,,,,,,,,,,,,,,,,,,,,,,,4.6,4.6,4.6,4.6,1,0.0,8,1.0,0.3,0.3,-4.6,-4.6,-4.6,-4.6,1,0.0,8,1.0,0.3,0.3,0.0,0.0,0.0,0.0,1,0.0,8,1.0,0.3,0.3,1013.5,1013.5,1013.5,1013.5,1,0.0,8,1.0,0.3,0.3,,,,,,,,,,,,,,,,,,,,,,,,,,,,,,,,,,,,,,,,,,,,,,,,,,,,,,,,,,,,,,,,,,,,,,,,,,,,,,,,,,,,,,,,,,,,,,,,,,,,,,,,,,,,,,,,,,,,,,,,,,,,,,,,,,,,,,,,,,,,,,,,,,,,,,
1895,12,116.0,-44.0,,,,,,,,,,,,,,,,,,,,,,,,,,,,,,,,,,,,,,,,6.7,6.7,6.7,6.7,1,0.0,30,1.0,0.3,0.3,6.21,6.21,6.21,6.21,1,0.0,30,1.0,0.3,0.3,2.51,2.51,2.51,2.51,1,0.0,30,1.0,0.3,0.3,1013.5,1013.5,1013.5,1013.5,1,0.0,30,1.0,0.3,0.3,,,,,,,,,,,,,,,,,,,,,,,,,,,,,,,,,,,,,,,,,,,,,,,,,,,,,,,,,,,,,,,,,,,,,,,,,,,,,,,,,,,,,,,,,,,,,,,,,,,,,,,,,,,,,,,,,,,,,,,,,,,,,,,,,,,,,,,,,,,,,,,,,,,,,,
1895,12,116.0,-36.0,17.5,18.3,18.9,18.24,7.0,0.57,6.0,0.6,0.5,0.4,17.3,18.3,19.46,18.43,7.0,1.29,6.0,0.6,0.5,0.4,10.63,10.64,10.65,10.64,2.0,0.02,14.0,0.0,0.7,0.4,86.9,86.9,86.9,86.9,2.0,0.0,14.0,0.0,0.4,6.7,6.7,12.3,8.74,7,2.68,6,0.6,0.5,0.4,5.94,6.58,11.36,8.03,7,2.96,6,0.6,0.5,0.4,-2.72,-1.87,3.04,-0.34,7,3.51,6,0.6,0.5,0.4,1012.83,1013.55,1014.27,1013.55,2,1.48,14,0.0,0.7,0.4,2.0,4.0,8.0,4.9,7.0,2.5,6.0,0.6,0.5,0.4,39.8,44.1,139.7,76.7,7.0,50.4,6.0,0.6,0.5,0.4,-30.3,-17.5,20.4,-8.8,7.0,31.7,6.0,0.6,0.5,0.4,-0.65,0.0,0.24,-0.19,7.0,0.87,6.0,0.6,0.5,0.4,-7.8,0.0,1.6,-2.5,7.0,7.7,6.0,0.6,0.5,0.4,1.77,1.77,1.77,1.77,2.0,0.0,14.0,0.0,0.7,0.4,11.9,11.9,11.9,11.9,2.0,0.0,14.0,0.0,0.7,0.4,102.8,127.6,214.3,149.6,7.0,59.8,6.0,0.6,0.5,0.4,-47.2,-38.5,52.6,-7.7,7.0,63.3,6.0,0.6,0.5,0.4,49.5,55.4,61.4,55.4,2.0,12.3,14.0,0.0,0.7,0.4,34.9,42.5,50.2,42.5,2.0,15.9,14.0,0.0,0.7,0.4,8.2,9.2,10.2,9.2,2.0,2.1,14.0,0.0,0.7,0.4,5.8,7.1,8.4,7.1,2.0,2.6,14.0,0.0,0.7,0.4,301.0,301.0,1861.0,838.0,7.0,737.0,6.0,0.6,0.5,0.4,300.0,300.0,1860.0,840.0,7.0,735.0,6.0,0.6,0.5,0.4
1895,12,116.0,22.0,,,,,,,,,,,,,,,,,,,,,,,,,,,,,,,,,,,,,,,,3.55,5.65,6.7,5.15,4,1.97,12,1.0,0.5,0.6,-4.51,-3.44,-1.78,-3.16,4,1.69,12,1.0,0.5,0.6,-5.49,-3.57,-2.04,-3.76,4,2.06,12,1.0,0.5,0.6,1013.43,1017.45,1021.16,1017.3,4,4.46,12,1.0,0.5,0.6,,,,,,,,,,,,,,,,,,,,,,,,,,,,,,,,,,,,,,,,,,,,,,,,,,,,,,,,,,,,,,,,,,,,,,,,,,,,,,,,,,,,,,,,,,,,,,,,,,,,,,,,,,,,,,,,,,,,,,,,,,,,,,,,,,,,,,,,,,,,,,,,,,,,,,
1895,12,118.0,-42.0,,,,,,,,,,,,,,,,,,,,,,,,,,,,,,,,,,,,,,,,19.0,19.0,19.0,19.0,1,0.0,14,1.0,0.3,0.8,17.49,17.49,17.49,17.49,1,0.0,14,1.0,0.3,0.8,-7.42,-7.42,-7.42,-7.42,1,0.0,14,1.0,0.3,0.8,1009.1,1009.1,1009.1,1009.1,1,0.0,14,1.0,0.3,0.8,,,,,,,,,,,,,,,,,,,,,,,,,,,,,,,,,,,,,,,,,,,,,,,,,,,,,,,,,,,,,,,,,,,,,,,,,,,,,,,,,,,,,,,,,,,,,,,,,,,,,,,,,,,,,,,,,,,,,,,,,,,,,,,,,,,,,,,,,,,,,,,,,,,,,,
1895,12,118.0,-36.0,17.5,17.8,18.3,17.86,8.0,0.69,6.0,0.5,0.5,0.3,16.7,17.8,18.35,17.7,7.0,0.92,6.0,0.4,0.5,0.3,11.35,11.66,11.97,11.66,2.0,0.64,14.0,0.5,0.7,0.3,87.8,89.3,90.8,89.3,2.0,3.1,14.0,0.5,0.3,4.83,6.7,9.74,7.59,8,2.68,6,0.5,0.5,0.3,3.14,5.36,6.65,5.01,8,4.19,6,0.5,0.5,0.3,-5.58,0.0,3.32,-0.41,8,5.15,6,0.5,0.5,0.3,1006.93,1012.8,1013.21,1010.13,3,5.15,12,0.7,0.5,0.3,4.0,7.0,8.0,5.9,8.0,2.6,6.0,0.5,0.5,0.3,14.9,38.8,56.4,43.6,8.0,49.3,6.0,0.5,0.5,0.3,-37.2,0.0,16.7,-4.7,8.0,44.9,6.0,0.5,0.5,0.3,-0.56,0.0,0.55,0.0,7.0,1.03,6.0,0.4,0.5,0.3,-6.3,0.0,3.5,-0.3,7.0,5.4,6.0,0.4,0.5,0.3,0.45,0.76,1.07,0.76,2.0,0.63,14.0,0.5,0.7,0.3,3.0,6.3,9.7,6.3,2.0,6.9,14.0,0.5,0.7,0.3,54.3,75.4,116.0,84.7,7.0,81.1,6.0,0.4,0.5,0.3,-111.8,0.0,68.5,-6.6,7.0,96.3,6.0,0.4,0.5,0.3,42.4,53.5,64.6,53.5,2.0,23.0,14.0,0.5,0.7,0.3,47.1,59.4,71.7,59.4,2.0,25.5,14.0,0.5,0.7,0.3,2.0,4.2,6.5,4.2,2.0,4.6,14.0,0.5,0.7,0.3,2.2,4.7,7.2,4.7,2.0,5.2,14.0,0.5,0.7,0.3,120.0,301.0,926.0,588.0,8.0,600.0,6.0,0.5,0.5,0.3,120.0,300.0,925.0,590.0,8.0,600.0,6.0,0.5,0.5,0.3
1895,12,118.0,24.0,,,,,,,,,,,,,,,,,,,,,,,,,,,,,,,,,,,,,,,,1.95,6.15,10.35,6.15,2,8.7,12,1.0,0.5,0.5,-7.32,-4.35,-1.38,-4.35,2,6.15,12,1.0,0.5,0.5,-7.32,-4.35,-1.38,-4.35,2,6.15,12,1.0,0.5,0.5,1015.55,1019.75,1023.95,1019.75,2,8.7,12,1.0,0.5,0.5,,,,,,,,,,,,,,,,,,,,,,,,,,,,,,,,,,,,,,,,,,,,,,,,,,,,,,,,,,,,,,,,,,,,,,,,,,,,,,,,,,,,,,,,,,,,,,,,,,,,,,,,,,,,,,,,,,,,,,,,,,,,,,,,,,,,,,,,,,,,,,,,,,,,,,
1895,12,120.0,-36.0,17.2,17.5,17.51,17.41,7.0,0.23,8.0,0.6,0.6,0.3,17.18,17.3,18.31,17.64,7.0,0.71,8.0,0.6,0.6,0.3,10.73,10.98,11.22,10.98,2.0,0.52,14.0,1.0,0.7,0.3,86.9,87.0,87.0,87.0,2.0,0.1,14.0,1.0,0.3,2.6,4.6,6.7,4.34,7,1.84,8,0.6,0.6,0.3,-0.09,3.25,6.17,2.71,7,2.99,8,0.6,0.6,0.3,-3.2,-1.84,2.51,-1.09,7,2.55,8,0.6,0.6,0.3,1013.95,1014.5,1015.87,1014.9,3,1.44,14,1.0,0.7,0.3,0.0,5.0,8.0,4.3,7.0,3.9,8.0,0.6,0.6,0.3,-0.2,15.0,41.3,16.2,7.0,18.8,8.0,0.6,0.6,0.3,-15.1,-4.8,7.2,-4.7,7.0,12.7,8.0,0.6,0.6,0.3,-1.0,0.0,0.5,-0.23,7.0,0.72,8.0,0.6,0.6,0.3,-4.7,0.0,1.4,-1.4,7.0,3.9,8.0,0.6,0.6,0.3,1.17,1.42,1.66,1.42,2.0,0.5,14.0,1.0,0.7,0.3,4.6,4.7,4.8,4.7,2.0,0.2,14.0,1.0,0.7,0.3,-1.5,60.2,107.1,48.7,7.0,53.0,8.0,0.6,0.6,0.3,-58.6,-31.6,43.2,-20.4,7.0,45.0,8.0,0.6,0.6,0.3,22.7,28.7,34.7,28.7,2.0,12.5,14.0,1.0,0.7,0.3,-33.5,-27.7,-21.9,-27.7,2.0,12.1,14.0,1.0,0.7,0.3,3.3,3.4,3.5,3.4,2.0,0.1,14.0,1.0,0.7,0.3,-3.4,-3.3,-3.2,-3.3,2.0,0.1,14.0,1.0,0.7,0.3,17.5,97.5,301.0,121.5,7.0,127.5,8.0,0.6,0.6,0.3,20.0,95.0,300.0,120.0,7.0,130.0,8.0,0.6,0.6,0.3
1895,12,120.0,24.0,,,,,,,,,,,,,,,,,,,,,,,,,,,,,,,,,,,,,,,,6.7,9.5,15.81,11.18,4,5.85,20,1.0,0.4,0.8,-8.09,-6.8,-4.31,-6.23,4,2.62,20,1.0,0.4,0.8,-13.3,-7.43,-1.56,-7.43,4,8.27,20,1.0,0.4,0.8,1017.32,1022.3,1024.21,1020.8,3,5.21,16,1.0,0.4,0.8,,,,,,,,,,,,,,,,,,,,,,,,,,,,,,,,,,,,,,,,,,,,,,,,,,,,,,,,,,,,,,,,,,,,,,,,,,,,,,,,,,,,,,,,,,,,,,,,,,,,,,,,,,,,,,,,,,,,,,,,,,,,,,,,,,,,,,,,,,,,,,,,,,,,,,
1895,12,120.0,26.0,,,,,,,,,,,,,,,,,,,,,,,,,,,,,,,,,,,,,,,,5.27,6.7,8.82,7.03,3,2.62,22,1.0,0.6,0.4,-5.3,-1.8,-0.57,-2.91,3,3.6,22,1.0,0.6,0.4,-6.86,-6.7,-5.02,-5.95,3,1.49,22,1.0,0.6,0.4,1016.12,1018.3,1020.48,1018.3,2,4.53,18,1.0,0.8,0.5,,,,,,,,,,,,,,,,,,,,,,,,,,,,,,,,,,,,,,,,,,,,,,,,,,,,,,,,,,,,,,,,,,,,,,,,,,,,,,,,,,,,,,,,,,,,,,,,,,,,,,,,,,,,,,,,,,,,,,,,,,,,,,,,,,,,,,,,,,,,,,,,,,,,,,
1895,12,122.0,-40.0,,,,,,,,,,,,,,,,,,,,,,,,,,,,,,,,,,,,,,,,10.27,12.35,14.43,12.35,2,4.31,12,1.0,0.3,0.5,9.47,11.42,13.37,11.42,2,4.04,12,1.0,0.3,0.5,-2.14,1.07,4.28,1.07,2,6.65,12,1.0,0.3,0.5,1009.9,1009.9,1009.9,1009.9,1,0.0,14,1.0,0.3,0.3,,,,,,,,,,,,,,,,,,,,,,,,,,,,,,,,,,,,,,,,,,,,,,,,,,,,,,,,,,,,,,,,,,,,,,,,,,,,,,,,,,,,,,,,,,,,,,,,,,,,,,,,,,,,,,,,,,,,,,,,,,,,,,,,,,,,,,,,,,,,,,,,,,,,,,
1895,12,122.0,-36.0,16.91,17.8,18.14,17.53,3.0,0.93,6.0,0.7,0.3,0.3,17.25,17.8,18.14,17.7,3.0,0.66,6.0,0.7,0.3,0.3,9.56,9.56,9.56,9.56,1.0,0.0,14.0,0.0,0.5,0.3,79.9,79.9,79.9,79.9,1.0,0.0,14.0,0.0,0.3,2.14,4.6,4.6,3.4,3,2.08,6,0.7,0.3,0.3,1.82,4.23,4.43,3.15,3,2.13,6,0.7,0.3,0.3,-1.51,-0.88,0.21,-0.65,3,1.27,6,0.7,0.3,0.3,1016.4,1016.4,1016.4,1016.4,1,0.0,14,0.0,0.5,0.3,3.0,5.0,7.0,5.0,2.0,4.2,8.0,0.5,0.4,0.3,6.7,19.5,20.4,13.6,3.0,11.2,6.0,0.7,0.3,0.3,-6.9,-4.0,-0.8,-3.9,3.0,4.5,6.0,0.7,0.3,0.3,-0.5,-0.5,0.18,-0.17,3.0,0.58,6.0,0.7,0.3,0.3,-1.7,-0.5,1.4,-0.2,3.0,2.3,6.0,0.7,0.3,0.3,2.05,2.05,2.05,2.05,1.0,0.0,14.0,0.0,0.5,0.3,2.1,2.1,2.1,2.1,1.0,0.0,14.0,0.0,0.5,0.3,32.7,77.5,79.5,56.6,3.0,38.8,6.0,0.7,0.3,0.3,-27.4,-15.6,3.4,-12.1,3.0,22.8,6.0,0.7,0.3,0.3,6.6,6.6,6.6,6.6,1.0,0.0,14.0,0.0,0.5,0.3,6.9,6.9,6.9,6.9,1.0,0.0,14.0,0.0,0.5,0.3,1.4,1.4,1.4,1.4,1.0,0.0,14.0,0.0,0.5,0.3,1.5,1.5,1.5,1.5,1.0,0.0,14.0,0.0,0.5,0.3,31.5,97.5,97.5,65.0,3.0,55.5,6.0,0.7,0.3,0.3,30.0,95.0,95.0,65.0,3.0,55.0,6.0,0.7,0.3,0.3
1895,12,122.0,26.0,,,,,,,,,,,,,,,,,,,,,,,,,,,,,,,,,,,,,,,,9.8,9.8,13.62,11.67,3,3.23,22,0.3,0.4,0.3,-9.63,-6.93,-6.93,-8.25,3,2.29,22,0.3,0.4,0.3,-9.63,-6.93,-6.93,-8.25,3,2.29,22,0.3,0.4,0.3,1014.0,1014.0,1014.0,1014.0,1,0.0,10,1.0,0.3,0.3,,,,,,,,,,,,,,,,,,,,,,,,,,,,,,,,,,,,,,,,,,,,,,,,,,,,,,,,,,,,,,,,,,,,,,,,,,,,,,,,,,,,,,,,,,,,,,,,,,,,,,,,,,,,,,,,,,,,,,,,,,,,,,,,,,,,,,,,,,,,,,,,,,,,,,
1895,12,122.0,28.0,,,,,,,,,,,,,,,,,,,,,,,,,,,,,,,,,,,,,,,,4.6,4.6,4.6,4.6,1,0.0,24,1.0,0.3,0.8,0.0,0.0,0.0,0.0,1,0.0,24,1.0,0.3,0.8,-4.6,-4.6,-4.6,-4.6,1,0.0,24,1.0,0.3,0.8,1023.0,1023.0,1023.0,1023.0,1,0.0,24,1.0,0.3,0.8,,,,,,,,,,,,,,,,,,,,,,,,,,,,,,,,,,,,,,,,,,,,,,,,,,,,,,,,,,,,,,,,,,,,,,,,,,,,,,,,,,,,,,,,,,,,,,,,,,,,,,,,,,,,,,,,,,,,,,,,,,,,,,,,,,,,,,,,,,,,,,,,,,,,,,
1895,12,124.0,-36.0,16.5,16.5,17.52,17.0,3.0,0.87,10.0,0.3,0.3,0.3,16.66,17.0,18.71,17.67,3.0,1.61,10.0,0.3,0.3,0.3,9.29,9.4,9.5,9.4,2.0,0.22,14.0,0.0,0.3,0.3,79.8,79.8,79.8,79.8,2.0,0.0,14.0,0.0,0.3,1.51,2.6,3.97,2.73,3,1.8,10,0.3,0.3,0.3,0.29,2.44,3.67,1.99,3,2.5,10,0.3,0.3,0.3,-0.2,0.89,1.51,0.66,3,1.27,10,0.3,0.3,0.3,1010.43,1017.6,1017.6,1014.1,3,6.06,10,0.3,0.3,0.3,0.6,2.0,2.0,1.3,3.0,1.2,10.0,0.3,0.3,0.3,1.5,6.4,15.3,8.4,3.0,10.2,10.0,0.3,0.3,0.3,0.3,2.3,6.4,3.3,3.0,4.6,10.0,0.3,0.3,0.3,-1.18,-0.5,-0.16,-0.67,3.0,0.76,10.0,0.3,0.3,0.3,-2.0,-1.5,-0.5,-1.3,3.0,1.2,10.0,0.3,0.3,0.3,2.1,2.2,2.31,2.2,2.0,0.22,14.0,0.0,0.3,0.3,6.7,7.8,8.9,7.8,2.0,2.3,14.0,0.0,0.3,0.3,3.4,40.3,61.9,32.8,3.0,43.4,10.0,0.3,0.3,0.3,-4.8,14.7,25.5,10.5,3.0,22.5,10.0,0.3,0.3,0.3,25.4,31.5,37.6,31.5,2.0,12.6,14.0,0.0,0.3,0.3,9.6,12.7,15.7,12.7,2.0,6.3,14.0,0.0,0.3,0.3,6.2,7.2,8.2,7.2,2.0,2.1,14.0,0.0,0.3,0.3,2.3,2.9,3.4,2.9,2.0,1.1,14.0,0.0,0.3,0.3,6.5,17.5,72.0,38.5,3.0,51.5,10.0,0.3,0.3,0.3,5.0,20.0,70.0,40.0,3.0,50.0,10.0,0.3,0.3,0.3
1895,12,124.0,26.0,,,,,,,,,,,,,,,,,,,,,,,,,,,,,,,,,,,,,,,,3.19,8.25,11.11,7.2,4,5.32,22,1.0,0.6,0.6,-5.45,-1.57,-0.61,-2.96,4,3.9,22,1.0,0.6,0.6,-9.18,-7.64,-3.13,-6.22,4,4.34,22,1.0,0.6,0.6,1017.43,1017.7,1017.97,1017.7,2,0.57,16,1.0,0.5,0.5,,,,,,,,,,,,,,,,,,,,,,,,,,,,,,,,,,,,,,,,,,,,,,,,,,,,,,,,,,,,,,,,,,,,,,,,,,,,,,,,,,,,,,,,,,,,,,,,,,,,,,,,,,,,,,,,,,,,,,,,,,,,,,,,,,,,,,,,,,,,,,,,,,,,,,
1895,12,124.0,28.0,,,,,,,,,,,,,,,,,,,,,,,,,,,,,,,,,,,,,,,,1.25,1.8,2.35,1.8,2,1.13,18,1.0,0.5,0.3,0.98,0.99,1.0,0.99,2,0.02,18,1.0,0.5,0.3,-2.03,-1.21,-0.38,-1.21,2,1.7,18,1.0,0.5,0.3,1016.87,1021.1,1025.33,1021.1,2,8.77,18,1.0,0.5,0.3,,,,,,,,,,,,,,,,,,,,,,,,,,,,,,,,,,,,,,,,,,,,,,,,,,,,,,,,,,,,,,,,,,,,,,,,,,,,,,,,,,,,,,,,,,,,,,,,,,,,,,,,,,,,,,,,,,,,,,,,,,,,,,,,,,,,,,,,,,,,,,,,,,,,,,
1895,12,126.0,-40.0,,,,,,,,,,,,,,,,,,,,,,,,,,,,,,,,,,,,,,,,12.3,12.3,12.3,12.3,1,0.0,16,1.0,0.8,0.8,11.32,11.32,11.32,11.32,1,0.0,16,1.0,0.8,0.8,-4.81,-4.81,-4.81,-4.81,1,0.0,16,1.0,0.8,0.8,1007.4,1007.4,1007.4,1007.4,1,0.0,16,1.0,0.8,0.8,,,,,,,,,,,,,,,,,,,,,,,,,,,,,,,,,,,,,,,,,,,,,,,,,,,,,,,,,,,,,,,,,,,,,,,,,,,,,,,,,,,,,,,,,,,,,,,,,,,,,,,,,,,,,,,,,,,,,,,,,,,,,,,,,,,,,,,,,,,,,,,,,,,,,,
1895,12,126.0,-36.0,17.5,17.5,17.5,17.5,3.0,0.0,14.0,1.0,0.5,0.3,16.66,17.0,17.55,17.1,3.0,0.66,14.0,1.0,0.5,0.3,8.76,8.87,8.97,8.87,2.0,0.21,14.0,1.0,0.3,0.3,70.2,72.3,74.3,72.3,2.0,4.3,14.0,1.0,0.3,3.23,4.6,4.6,3.93,3,1.15,14,1.0,0.5,0.3,2.34,3.42,4.04,3.19,3,1.26,14,1.0,0.5,0.3,1.66,1.84,2.68,2.16,3,0.8,14,1.0,0.5,0.3,1015.19,1015.6,1016.42,1015.8,3,0.92,14,1.0,0.5,0.3,2.2,2.5,2.8,2.5,2.0,0.7,14.0,1.0,0.3,0.3,8.3,15.7,18.6,13.5,3.0,7.8,14.0,1.0,0.5,0.3,5.6,7.2,12.0,8.7,3.0,4.9,14.0,1.0,0.5,0.3,-0.05,0.5,0.84,0.4,3.0,0.66,14.0,1.0,0.5,0.3,-0.2,2.3,2.5,1.2,3.0,2.2,14.0,1.0,0.5,0.3,3.42,3.51,3.61,3.51,2.0,0.2,14.0,1.0,0.3,0.3,15.7,16.2,16.6,16.2,2.0,0.9,14.0,1.0,0.3,0.3,39.2,58.1,71.0,55.1,3.0,23.4,14.0,1.0,0.5,0.3,28.7,30.3,45.3,36.9,3.0,13.4,14.0,1.0,0.5,0.3,31.9,34.3,36.6,34.3,2.0,4.8,14.0,1.0,0.3,0.3,15.9,20.7,25.5,20.7,2.0,9.9,14.0,1.0,0.3,0.3,12.2,13.7,15.1,13.7,2.0,3.0,14.0,1.0,0.3,0.3,6.5,8.1,9.6,8.1,2.0,3.3,14.0,1.0,0.3,0.3,43.0,97.5,97.5,70.5,3.0,46.0,14.0,1.0,0.5,0.3,45.0,95.0,95.0,70.0,3.0,45.0,14.0,1.0,0.5,0.3
1895,12,126.0,28.0,,,,,,,,,,,,,,,,,,,,,,,,,,,,,,,,,,,,,,,,7.68,9.8,11.51,9.6,3,2.81,24,0.3,0.8,0.3,0.0,0.0,5.94,2.9,3,5.02,24,0.3,0.8,0.3,-9.45,-8.7,-7.33,-8.4,3,1.57,24,0.3,0.8,0.3,1015.4,1015.4,1015.4,1015.4,1,0.0,12,1.0,0.8,0.3,,,,,,,,,,,,,,,,,,,,,,,,,,,,,,,,,,,,,,,,,,,,,,,,,,,,,,,,,,,,,,,,,,,,,,,,,,,,,,,,,,,,,,,,,,,,,,,,,,,,,,,,,,,,,,,,,,,,,,,,,,,,,,,,,,,,,,,,,,,,,,,,,,,,,,
1895,12,128.0,-36.0,16.5,16.5,16.5,16.5,2.0,0.0,12.0,0.5,0.4,0.3,15.24,15.75,16.26,15.75,2.0,1.06,12.0,0.5,0.4,0.3,8.42,8.55,8.68,8.55,2.0,0.27,12.0,0.5,0.4,0.3,75.8,77.1,78.4,77.1,2.0,2.7,12.0,0.5,0.3,4.93,5.65,6.37,5.65,2,1.48,12,0.5,0.4,0.3,3.67,4.2,4.73,4.2,2,1.1,12,0.5,0.4,0.3,3.3,3.78,4.26,3.78,2,0.99,12,0.5,0.4,0.3,1012.72,1013.4,1014.08,1013.4,2,1.41,12,0.5,0.4,0.3,4.2,4.5,4.8,4.5,2.0,0.7,12.0,0.5,0.4,0.3,18.5,24.5,30.6,24.5,2.0,12.5,12.0,0.5,0.4,0.3,16.7,22.1,27.5,22.1,2.0,11.2,12.0,0.5,0.4,0.3,0.24,0.75,1.26,0.75,2.0,1.06,12.0,0.5,0.4,0.3,1.6,5.0,8.5,5.0,2.0,7.1,12.0,0.5,0.4,0.3,2.96,3.1,3.24,3.1,2.0,0.29,12.0,0.5,0.4,0.3,14.7,17.7,20.7,17.7,2.0,6.2,12.0,0.5,0.4,0.3,59.3,65.5,71.8,65.5,2.0,12.9,12.0,0.5,0.4,0.3,53.4,59.0,64.6,59.0,2.0,11.6,12.0,0.5,0.4,0.3,31.7,35.7,39.7,35.7,2.0,8.3,12.0,0.5,0.4,0.3,28.6,32.2,35.8,32.2,2.0,7.5,12.0,0.5,0.4,0.3,11.0,13.2,15.4,13.2,2.0,4.6,12.0,0.5,0.4,0.3,9.9,11.9,13.9,11.9,2.0,4.2,12.0,0.5,0.4,0.3,129.5,199.0,268.5,199.0,2.0,144.0,12.0,0.5,0.4,0.3,130.0,200.0,270.0,200.0,2.0,145.0,12.0,0.5,0.4,0.3
1895,12,128.0,28.0,,,,,,,,,,,,,,,,,,,,,,,,,,,,,,,,,,,,,,,,7.59,9.5,11.41,9.5,2,3.96,26,1.0,0.6,0.6,0.73,2.3,3.88,2.3,2,3.26,26,1.0,0.6,0.6,-10.66,-9.05,-7.45,-9.05,2,3.33,26,1.0,0.6,0.6,1017.0,1017.0,1017.0,1017.0,1,0.0,22,1.0,0.5,0.5,,,,,,,,,,,,,,,,,,,,,,,,,,,,,,,,,,,,,,,,,,,,,,,,,,,,,,,,,,,,,,,,,,,,,,,,,,,,,,,,,,,,,,,,,,,,,,,,,,,,,,,,,,,,,,,,,,,,,,,,,,,,,,,,,,,,,,,,,,,,,,,,,,,,,,
1895,12,128.0,30.0,,,,,,,,,,,,,,,,,,,,,,,,,,,,,,,,,,,,,,,,6.7,6.7,6.7,6.7,1,0.0,30,1.0,0.5,0.0,4.74,4.74,4.74,4.74,1,0.0,30,1.0,0.5,0.0,-4.74,-4.74,-4.74,-4.74,1,0.0,30,1.0,0.5,0.0,1022.0,1022.0,1022.0,1022.0,1,0.0,30,1.0,0.5,0.0,,,,,,,,,,,,,,,,,,,,,,,,,,,,,,,,,,,,,,,,,,,,,,,,,,,,,,,,,,,,,,,,,,,,,,,,,,,,,,,,,,,,,,,,,,,,,,,,,,,,,,,,,,,,,,,,,,,,,,,,,,,,,,,,,,,,,,,,,,,,,,,,,,,,,,
1895,12,128.0,32.0,,,,,,,,,,,,,,,,,,,,,,,,,,,,,,,,,,,,,,,,4.6,4.6,4.6,4.6,2,0.0,4,1.0,0.3,0.3,0.52,1.63,2.74,1.63,2,2.3,4,1.0,0.3,0.3,-2.01,0.67,3.35,0.67,2,5.55,4,1.0,0.3,0.3,1015.32,1016.0,1016.68,1016.0,2,1.41,4,1.0,0.3,0.3,,,,,,,,,,,,,,,,,,,,,,,,,,,,,,,,,,,,,,,,,,,,,,,,,,,,,,,,,,,,,,,,,,,,,,,,,,,,,,,,,,,,,,,,,,,,,,,,,,,,,,,,,,,,,,,,,,,,,,,,,,,,,,,,,,,,,,,,,,,,,,,,,,,,,,
1895,12,130.0,-38.0,,,,,,,,,,,,,,,,,,,,,,,,,,,,,,,,,,,,,,,,2.6,2.6,3.97,3.27,3,1.15,2,0.3,0.6,0.4,2.46,2.6,3.97,3.2,3,1.22,2,0.3,0.6,0.4,-0.69,0.0,0.0,-0.34,3,0.59,2,0.3,0.6,0.4,1005.9,1005.9,1005.9,1005.9,1,0.0,16,1.0,0.8,0.3,,,,,,,,,,,,,,,,,,,,,,,,,,,,,,,,,,,,,,,,,,,,,,,,,,,,,,,,,,,,,,,,,,,,,,,,,,,,,,,,,,,,,,,,,,,,,,,,,,,,,,,,,,,,,,,,,,,,,,,,,,,,,,,,,,,,,,,,,,,,,,,,,,,,,,
1895,12,130.0,-36.0,17.16,17.5,17.5,17.33,3.0,0.29,10.0,0.3,0.3,0.2,17.1,17.3,19.14,18.1,3.0,1.65,10.0,0.3,0.3,0.2,10.68,10.7,10.73,10.7,2.0,0.05,12.0,0.0,0.4,0.2,87.3,88.0,88.8,88.0,2.0,1.6,12.0,0.0,0.2,2.14,4.6,6.03,4.1,3,2.88,10,0.3,0.3,0.2,0.91,4.37,5.74,3.35,3,3.65,10,0.3,0.3,0.2,-0.03,1.42,1.86,0.93,3,1.45,10,0.3,0.3,0.2,1007.59,1010.8,1011.0,1009.33,3,2.8,10,0.3,0.3,0.2,1.3,4.0,5.4,3.3,3.0,3.1,10.0,0.3,0.3,0.2,5.9,20.1,35.5,20.7,3.0,21.7,10.0,0.3,0.3,0.2,1.6,6.5,11.5,6.6,3.0,7.3,10.0,0.3,0.3,0.2,-1.98,0.2,0.4,-0.77,3.0,1.94,10.0,0.3,0.3,0.2,-1.6,1.3,2.0,0.2,3.0,2.8,10.0,0.3,0.3,0.2,1.72,1.74,1.77,1.74,2.0,0.05,12.0,0.0,0.4,0.2,8.5,9.9,11.3,9.9,2.0,2.9,12.0,0.0,0.4,0.2,14.0,74.4,98.9,56.8,3.0,64.0,10.0,0.3,0.3,0.2,-2.0,24.2,32.1,15.3,3.0,26.1,10.0,0.3,0.3,0.2,50.3,57.5,64.6,57.5,2.0,14.8,12.0,0.0,0.4,0.2,16.3,18.7,21.0,18.7,2.0,4.8,12.0,0.0,0.4,0.2,8.1,9.4,10.7,9.4,2.0,2.7,12.0,0.0,0.4,0.2,2.6,3.1,3.5,3.1,2.0,0.9,12.0,0.0,0.4,0.2,31.5,97.5,236.0,133.0,3.0,153.0,10.0,0.3,0.3,0.2,30.0,95.0,235.0,135.0,3.0,155.0,10.0,0.3,0.3,0.2
1895,12,130.0,30.0,,,,,,,,,,,,,,,,,,,,,,,,,,,,,,,,,,,,,,,,7.11,8.0,8.89,8.0,2,1.84,22,0.5,0.5,0.3,5.46,7.02,8.58,7.02,2,3.23,22,0.5,0.5,0.3,-3.99,-2.37,-0.75,-2.37,2,3.35,22,0.5,0.5,0.3,1008.8,1008.8,1008.8,1008.8,1,0.0,12,1.0,0.3,0.3,,,,,,,,,,,,,,,,,,,,,,,,,,,,,,,,,,,,,,,,,,,,,,,,,,,,,,,,,,,,,,,,,,,,,,,,,,,,,,,,,,,,,,,,,,,,,,,,,,,,,,,,,,,,,,,,,,,,,,,,,,,,,,,,,,,,,,,,,,,,,,,,,,,,,,
1895,12,130.0,32.0,,,,,,,,,,,,,,,,,,,,,,,,,,,,,,,,,,,,,,,,4.93,5.65,6.37,5.65,2,1.48,26,0.0,0.7,0.9,0.73,2.3,3.87,2.3,2,3.25,26,0.0,0.7,0.9,-5.64,-3.35,-1.06,-3.35,2,4.74,26,0.0,0.7,0.9,1030.54,1031.7,1032.86,1031.7,2,2.4,26,0.0,0.7,0.9,,,,,,,,,,,,,,,,,,,,,,,,,,,,,,,,,,,,,,,,,,,,,,,,,,,,,,,,,,,,,,,,,,,,,,,,,,,,,,,,,,,,,,,,,,,,,,,,,,,,,,,,,,,,,,,,,,,,,,,,,,,,,,,,,,,,,,,,,,,,,,,,,,,,,,
1895,12,132.0,-44.0,,,,,,,,,,,,,,,,,,,,,,,,,,,,,,,,,,,,,,,,4.6,4.6,6.03,5.3,3,1.21,4,0.3,0.5,0.8,-3.55,-1.28,-1.0,-2.25,3,2.04,4,0.3,0.5,0.8,-5.92,-4.52,-1.43,-3.7,3,3.36,4,0.3,0.5,0.8,1011.0,1011.0,1011.0,1011.0,1,0.0,2,1.0,0.5,1.0,,,,,,,,,,,,,,,,,,,,,,,,,,,,,,,,,,,,,,,,,,,,,,,,,,,,,,,,,,,,,,,,,,,,,,,,,,,,,,,,,,,,,,,,,,,,,,,,,,,,,,,,,,,,,,,,,,,,,,,,,,,,,,,,,,,,,,,,,,,,,,,,,,,,,,
1895,12,132.0,-36.0,17.5,17.5,17.76,17.63,4.0,0.25,12.0,1.0,0.4,0.3,17.36,17.5,18.05,17.7,3.0,0.53,12.0,1.0,0.5,0.2,10.27,10.43,10.59,10.43,2.0,0.33,12.0,1.0,0.4,0.2,79.4,82.4,85.5,82.4,2.0,6.3,12.0,1.0,0.2,3.55,5.65,6.7,5.15,4,1.97,12,1.0,0.4,0.3,3.54,5.37,6.27,4.93,4,1.75,12,1.0,0.4,0.3,-1.6,-0.24,1.08,-0.26,4,1.92,12,1.0,0.4,0.3,1011.0,1011.2,1011.4,1011.2,3,0.3,12,1.0,0.5,0.2,2.5,4.5,6.0,4.3,4.0,2.1,12.0,1.0,0.4,0.3,13.6,31.2,42.0,28.0,4.0,17.3,12.0,1.0,0.4,0.3,-10.2,-1.1,7.3,-1.5,4.0,12.9,12.0,1.0,0.4,0.3,-0.55,0.0,0.14,-0.2,3.0,0.53,12.0,1.0,0.5,0.2,-3.7,0.0,0.6,-1.5,3.0,3.4,12.0,1.0,0.5,0.2,1.85,2.01,2.18,2.01,2.0,0.34,12.0,1.0,0.4,0.2,9.3,11.6,14.0,11.6,2.0,4.9,12.0,1.0,0.4,0.2,56.2,79.1,104.7,80.4,3.0,35.6,12.0,1.0,0.5,0.2,-5.7,0.0,25.9,9.9,3.0,24.6,12.0,1.0,0.5,0.2,51.3,56.9,62.4,56.9,2.0,11.4,12.0,1.0,0.4,0.2,-1.0,8.0,16.9,8.0,2.0,18.5,12.0,1.0,0.4,0.2,9.1,11.2,13.4,11.2,2.0,4.4,12.0,1.0,0.4,0.2,0.0,1.9,3.8,1.9,2.0,3.9,12.0,1.0,0.4,0.2,55.5,199.0,301.0,179.0,4.0,144.0,12.0,1.0,0.4,0.3,55.0,200.0,300.0,180.0,4.0,145.0,12.0,1.0,0.4,0.3
1895,12,132.0,32.0,,,,,,,,,,,,,,,,,,,,,,,,,,,,,,,,,,,,,,,,8.03,15.4,15.4,11.8,3,6.24,26,0.7,0.4,0.5,1.83,5.77,11.51,6.65,3,7.13,26,0.7,0.4,0.5,-11.66,-6.02,-5.05,-8.3,3,5.23,26,0.7,0.4,0.5,1017.45,1021.2,1027.21,1022.3,3,7.21,26,0.7,0.4,0.5,,,,,,,,,,,,,,,,,,,,,,,,,,,,,,,,,,,,,,,,,,,,,,,,,,,,,,,,,,,,,,,,,,,,,,,,,,,,,,,,,,,,,,,,,,,,,,,,,,,,,,,,,,,,,,,,,,,,,,,,,,,,,,,,,,,,,,,,,,,,,,,,,,,,,,
1895,12,132.0,34.0,11.03,12.8,14.27,12.79,9.0,1.66,22.0,0.8,0.5,0.1,7.8,10.0,11.1,9.51,9.0,1.99,22.0,0.8,0.5,0.1,4.08,4.62,5.24,4.6,7.0,1.08,22.0,0.7,0.5,0.1,63.8,68.1,71.5,64.5,8.0,11.3,22.0,0.8,0.1,1.0,1.0,2.17,1.58,9,1.25,22,0.8,0.5,0.1,-0.9,0.17,0.89,-0.08,9,1.67,22,0.8,0.5,0.1,0.09,0.64,0.86,0.23,9,1.23,22,0.8,0.5,0.1,1023.97,1027.45,1032.63,1027.66,8,5.12,22,0.8,0.5,0.1,2.0,6.0,8.0,5.2,9.0,2.9,22.0,0.8,0.5,0.1,-0.9,0.2,0.9,-1.1,9.0,6.1,22.0,0.8,0.5,0.1,0.1,0.6,0.9,-0.8,9.0,4.8,22.0,0.8,0.5,0.1,1.56,2.8,4.47,3.28,9.0,1.96,22.0,0.8,0.5,0.1,2.8,3.3,4.9,3.8,9.0,1.7,22.0,0.8,0.5,0.1,3.97,4.53,5.04,4.53,7.0,0.76,22.0,0.7,0.5,0.1,4.0,4.5,5.9,5.7,7.0,3.3,22.0,0.7,0.5,0.1,-7.4,1.2,10.3,-0.4,9.0,17.7,22.0,0.8,0.5,0.1,1.0,6.0,7.8,1.5,9.0,13.1,22.0,0.8,0.5,0.1,-2.7,3.8,5.0,2.2,7.0,3.9,22.0,0.7,0.5,0.1,2.5,3.2,4.1,3.2,7.0,0.8,22.0,0.7,0.5,0.1,-2.1,3.1,5.0,2.8,7.0,5.0,22.0,0.7,0.5,0.1,2.4,2.9,4.5,3.3,7.0,1.3,22.0,0.7,0.5,0.1,1.0,1.0,13.0,13.5,9.0,32.0,22.0,0.8,0.5,0.1,0.0,0.0,15.0,15.0,9.0,30.0,22.0,0.8,0.5,0.1
1895,12,134.0,-44.0,,,,,,,,,,,,,,,,,,,,,,,,,,,,,,,,,,,,,,,,0.0,0.0,0.0,0.0,1,0.0,2,1.0,0.0,1.0,0.0,0.0,0.0,0.0,1,0.0,2,1.0,0.0,1.0,0.0,0.0,0.0,0.0,1,0.0,2,1.0,0.0,1.0,999.0,999.0,999.0,999.0,1,0.0,2,1.0,0.0,1.0,,,,,,,,,,,,,,,,,,,,,,,,,,,,,,,,,,,,,,,,,,,,,,,,,,,,,,,,,,,,,,,,,,,,,,,,,,,,,,,,,,,,,,,,,,,,,,,,,,,,,,,,,,,,,,,,,,,,,,,,,,,,,,,,,,,,,,,,,,,,,,,,,,,,,,
1895,12,134.0,-36.0,16.2,17.5,17.5,16.87,3.0,1.1,14.0,0.7,0.3,0.2,15.86,16.0,16.55,16.2,3.0,0.53,14.0,0.7,0.3,0.2,9.03,9.09,9.15,9.09,2.0,0.12,12.0,0.5,0.4,0.2,77.7,78.5,79.3,78.5,2.0,1.7,12.0,0.5,0.2,6.7,6.7,10.52,8.57,3,3.23,14,0.7,0.3,0.2,6.53,6.66,8.05,7.28,3,1.23,14,0.7,0.3,0.2,0.07,1.73,6.49,3.24,3,4.88,14,0.7,0.3,0.2,1010.1,1010.3,1011.46,1010.77,3,1.08,14,0.7,0.3,0.2,8.0,8.0,8.0,8.0,2.0,0.0,12.0,0.5,0.4,0.2,43.8,44.6,87.2,65.0,3.0,36.4,14.0,0.7,0.3,0.2,0.5,11.6,76.7,38.0,3.0,60.3,14.0,0.7,0.3,0.2,0.09,0.7,1.25,0.67,3.0,0.85,14.0,0.7,0.3,0.2,-0.2,4.7,8.3,4.1,3.0,6.3,14.0,0.7,0.3,0.2,3.29,3.36,3.42,3.36,2.0,0.13,12.0,0.5,0.4,0.2,22.1,22.5,22.9,22.5,2.0,0.9,12.0,0.5,0.4,0.2,106.2,111.9,129.3,117.6,3.0,17.6,14.0,0.7,0.3,0.2,0.8,27.7,102.6,51.1,3.0,77.3,14.0,0.7,0.3,0.2,58.7,59.7,60.7,59.7,2.0,2.0,12.0,0.5,0.4,0.2,-2.9,4.6,12.1,4.6,2.0,15.6,12.0,0.5,0.4,0.2,21.8,22.0,22.2,22.0,2.0,0.4,12.0,0.5,0.4,0.2,-1.0,1.8,4.7,1.8,2.0,5.8,12.0,0.5,0.4,0.2,301.0,301.0,1365.5,821.0,3.0,900.5,14.0,0.7,0.3,0.2,300.0,300.0,1365.0,820.0,3.0,900.0,14.0,0.7,0.3,0.2
1895,12,134.0,32.0,14.4,15.0,16.7,15.51,10.0,1.81,22.0,0.3,0.6,0.7,8.01,9.4,13.83,10.66,10.0,3.91,24.0,0.3,0.6,0.7,3.82,5.19,6.77,5.32,8.0,1.47,22.0,0.4,0.7,0.7,57.4,63.2,73.7,64.9,8.0,9.7,22.0,0.4,0.7,4.6,4.6,6.7,5.37,9,1.92,22,0.4,0.6,0.7,2.02,4.31,4.6,3.84,9,2.52,22,0.4,0.6,0.7,-4.99,-3.52,-0.44,-2.84,9,2.03,22,0.4,0.6,0.7,1018.26,1024.55,1029.84,1022.89,10,8.5,22,0.4,0.6,0.7,2.0,3.0,3.4,3.0,11.0,1.8,22.0,0.4,0.6,0.7,6.8,21.2,28.9,24.1,9.0,25.0,22.0,0.4,0.6,0.7,-30.8,-16.2,-1.4,-15.8,9.0,12.9,22.0,0.4,0.6,0.7,-0.49,5.0,7.67,4.01,9.0,4.48,22.0,0.2,0.6,0.7,-20.7,21.8,34.4,15.9,7.0,27.4,22.0,0.3,0.7,0.7,3.19,4.71,7.22,5.08,7.0,2.11,22.0,0.3,0.7,0.7,18.2,26.6,32.3,26.7,7.0,11.8,22.0,0.3,0.7,0.7,30.0,37.0,54.8,50.7,8.0,43.1,22.0,0.4,0.7,0.7,-47.3,-31.1,-1.8,-29.2,8.0,23.3,22.0,0.4,0.7,0.7,16.3,21.5,23.3,24.0,8.0,16.7,22.0,0.4,0.7,0.7,-26.4,-15.2,-0.8,-14.1,8.0,11.2,22.0,0.4,0.7,0.7,11.7,20.3,29.7,20.0,7.0,9.4,22.0,0.3,0.7,0.7,-24.8,-14.2,-5.0,-15.0,7.0,12.4,22.0,0.3,0.7,0.7,97.5,97.5,301.0,212.0,9.0,242.5,22.0,0.4,0.6,0.7,95.0,95.0,300.0,210.0,9.0,240.0,22.0,0.4,0.6,0.7
1895,12,134.0,34.0,11.1,11.7,13.3,12.05,10.0,0.93,24.0,0.6,0.4,0.2,5.65,8.9,11.51,8.58,11.0,2.88,24.0,0.5,0.4,0.2,4.76,4.97,5.79,5.07,9.0,0.96,24.0,0.6,0.4,0.2,64.2,68.0,79.8,71.9,9.0,11.5,24.0,0.6,0.2,1.0,4.6,6.7,4.25,11,2.69,24,0.5,0.4,0.2,-0.77,2.96,4.6,2.19,11,2.91,24,0.5,0.4,0.2,-4.62,0.0,0.32,-1.51,11,3.29,24,0.5,0.4,0.2,1021.11,1028.35,1034.34,1027.4,10,7.67,24,0.6,0.4,0.2,2.0,4.0,7.4,4.5,11.0,2.5,24.0,0.5,0.4,0.2,-0.8,13.6,24.6,12.4,11.0,16.9,24.0,0.5,0.4,0.2,-26.6,0.0,0.3,-11.3,11.0,27.2,24.0,0.5,0.4,0.2,0.76,3.6,5.97,3.33,10.0,2.59,24.0,0.6,0.4,0.2,1.6,9.5,35.1,15.6,10.0,17.2,24.0,0.6,0.4,0.2,2.6,3.64,4.4,3.66,8.0,1.13,24.0,0.6,0.4,0.2,2.8,11.6,19.5,13.3,8.0,11.8,24.0,0.6,0.4,0.2,-7.4,21.3,51.3,19.4,11.0,27.2,24.0,0.5,0.4,0.2,-30.4,0.0,3.0,-10.9,11.0,22.3,24.0,0.5,0.4,0.2,-3.9,14.5,25.5,12.1,9.0,13.0,24.0,0.6,0.4,0.2,-3.9,0.0,2.7,-1.6,9.0,6.7,24.0,0.6,0.4,0.2,-1.9,11.6,19.5,11.0,8.0,13.2,24.0,0.6,0.4,0.2,-1.2,0.0,3.0,1.7,8.0,4.8,24.0,0.6,0.4,0.2,1.0,97.5,301.0,165.0,11.0,238.0,24.0,0.5,0.4,0.2,0.0,95.0,300.0,165.0,11.0,240.0,24.0,0.5,0.4,0.2
1895,12,136.0,-44.0,,,,,,,,,,,,,,,,,,,,,,,,,,,,,,,,,,,,,,,,9.3,9.3,9.3,9.3,1,0.0,4,1.0,0.3,0.8,3.48,3.48,3.48,3.48,1,0.0,4,1.0,0.3,0.8,-8.62,-8.62,-8.62,-8.62,1,0.0,4,1.0,0.3,0.8,1001.2,1001.2,1001.2,1001.2,1,0.0,4,1.0,0.3,0.8,,,,,,,,,,,,,,,,,,,,,,,,,,,,,,,,,,,,,,,,,,,,,,,,,,,,,,,,,,,,,,,,,,,,,,,,,,,,,,,,,,,,,,,,,,,,,,,,,,,,,,,,,,,,,,,,,,,,,,,,,,,,,,,,,,,,,,,,,,,,,,,,,,,,,,
1895,12,136.0,-36.0,17.82,18.5,18.84,18.33,3.0,0.76,10.0,0.3,0.5,0.3,16.25,16.8,19.67,17.93,3.0,2.69,10.0,0.3,0.5,0.3,9.13,9.37,9.62,9.37,2.0,0.51,12.0,0.0,0.4,0.3,80.1,80.8,81.6,80.8,2.0,1.6,12.0,0.0,0.3,2.81,6.7,6.7,4.8,3,3.29,10,0.3,0.5,0.3,1.23,6.02,6.35,3.84,3,4.2,10,0.3,0.5,0.3,0.51,1.62,2.52,1.52,3,1.47,10,0.3,0.5,0.3,1008.13,1009.9,1010.79,1009.47,3,1.99,10,0.3,0.5,0.3,5.0,5.0,6.4,5.7,3.0,1.2,10.0,0.3,0.5,0.3,12.1,40.3,42.5,27.6,3.0,24.9,10.0,0.3,0.5,0.3,3.4,10.9,16.9,10.2,3.0,9.9,10.0,0.3,0.5,0.3,-0.89,1.5,1.64,0.4,3.0,2.08,10.0,0.3,0.5,0.3,1.8,10.1,11.0,6.5,3.0,7.4,10.0,0.3,0.5,0.3,3.46,3.49,3.51,3.49,2.0,0.05,12.0,0.0,0.4,0.3,23.2,23.4,23.5,23.4,2.0,0.3,12.0,0.0,0.4,0.3,17.8,101.2,103.1,61.4,3.0,71.4,10.0,0.3,0.5,0.3,8.2,25.9,41.9,25.1,3.0,24.7,10.0,0.3,0.5,0.3,58.6,58.6,58.6,58.6,2.0,0.0,12.0,0.0,0.4,0.3,16.8,21.6,26.4,21.6,2.0,9.9,12.0,0.0,0.4,0.3,21.4,21.8,22.2,21.8,2.0,0.9,12.0,0.0,0.4,0.3,6.3,8.0,9.6,8.0,2.0,3.4,12.0,0.0,0.4,0.3,96.0,301.0,301.0,201.0,3.0,173.0,10.0,0.3,0.5,0.3,95.0,300.0,300.0,200.0,3.0,175.0,10.0,0.3,0.5,0.3
1895,12,136.0,32.0,15.07,15.85,17.23,16.06,8.0,1.15,24.0,0.3,0.3,0.8,9.47,10.6,14.69,11.46,8.0,3.08,24.0,0.3,0.3,0.8,4.67,5.7,6.65,5.62,6.0,1.1,24.0,0.2,0.2,0.8,57.1,60.3,69.9,63.0,6.0,7.8,24.0,0.2,0.8,1.18,4.6,6.7,4.56,8,2.95,24,0.3,0.3,0.8,0.64,2.31,6.38,2.96,8,2.68,24,0.3,0.3,0.8,-3.35,-1.16,-0.77,-2.33,8,3.0,24,0.3,0.3,0.8,1018.21,1023.35,1026.76,1022.69,8,4.96,24,0.3,0.3,0.8,1.1,2.0,2.9,2.0,8.0,1.2,24.0,0.3,0.3,0.8,0.6,9.0,41.7,16.1,8.0,18.8,24.0,0.3,0.3,0.8,-15.3,-6.5,-0.8,-15.6,8.0,29.1,24.0,0.3,0.3,0.8,-0.1,5.0,7.29,4.6,8.0,3.87,24.0,0.3,0.3,0.8,-3.1,13.1,23.0,19.8,8.0,32.1,24.0,0.3,0.3,0.8,4.09,5.33,7.29,5.62,6.0,1.6,24.0,0.2,0.2,0.8,6.6,23.6,27.5,19.0,6.0,10.6,24.0,0.2,0.2,0.8,6.9,22.6,93.4,39.7,8.0,43.0,24.0,0.3,0.3,0.8,-33.5,-18.1,-8.3,-21.9,8.0,20.9,24.0,0.3,0.3,0.8,4.1,14.5,41.1,20.3,6.0,18.7,24.0,0.2,0.2,0.8,-8.0,-6.1,-3.2,-5.4,6.0,3.1,24.0,0.2,0.2,0.8,4.3,19.8,27.2,17.0,6.0,11.7,24.0,0.2,0.2,0.8,-7.5,-4.7,-2.8,-5.6,6.0,5.2,24.0,0.2,0.2,0.8,3.0,97.5,301.0,202.5,8.0,272.5,24.0,0.3,0.3,0.8,5.0,95.0,300.0,205.0,8.0,270.0,24.0,0.3,0.3,0.8
1895,12,136.0,34.0,14.53,15.6,16.04,15.36,8.0,1.05,22.0,0.6,0.7,0.1,9.47,10.0,11.7,10.49,8.0,1.97,22.0,0.6,0.7,0.1,4.78,5.45,6.15,5.42,6.0,0.91,22.0,0.7,0.8,0.1,64.3,68.3,79.2,69.6,6.0,9.1,22.0,0.7,0.1,4.83,9.3,12.3,8.93,8,3.31,22,0.6,0.7,0.1,3.11,6.94,11.8,6.83,8,4.34,22,0.6,0.7,0.1,-6.9,-4.06,-2.14,-4.26,8,3.01,22,0.6,0.7,0.1,1010.83,1018.3,1026.76,1019.11,8,7.17,22,0.6,0.7,0.1,1.1,3.5,4.0,3.1,8.0,1.7,22.0,0.6,0.7,0.1,15.3,71.0,143.3,72.5,8.0,57.8,22.0,0.6,0.7,0.1,-62.7,-26.3,-16.8,-38.3,8.0,36.6,22.0,0.6,0.7,0.1,3.37,4.75,6.7,4.88,8.0,1.97,22.0,0.6,0.7,0.1,21.0,39.4,61.2,42.8,8.0,24.7,22.0,0.6,0.7,0.1,4.24,5.15,6.13,5.21,6.0,1.31,22.0,0.7,0.8,0.1,23.1,43.9,56.8,42.1,6.0,18.0,22.0,0.7,0.8,0.1,35.5,73.5,92.9,72.3,8.0,50.6,22.0,0.6,0.7,0.1,-69.0,-42.2,-17.0,-45.3,8.0,34.1,22.0,0.6,0.7,0.1,13.6,36.8,64.3,38.4,6.0,29.5,22.0,0.7,0.8,0.1,-22.6,-16.2,-8.4,-15.8,6.0,10.4,22.0,0.7,0.8,0.1,11.5,34.5,56.1,33.5,6.0,26.7,22.0,0.7,0.8,0.1,-21.1,-14.3,-7.6,-14.9,6.0,11.2,22.0,0.7,0.8,0.1,120.0,804.5,1861.0,961.0,8.0,793.5,22.0,0.6,0.7,0.1,120.0,805.0,1860.0,960.0,8.0,795.0,22.0,0.6,0.7,0.1
1895,12,138.0,-42.0,,,,,,,,,,,,,,,,,,,,,,,,,,,,,,,,,,,,,,,,2.14,4.6,4.6,3.4,3,2.08,6,0.7,0.5,0.8,-2.1,0.37,2.34,0.12,3,3.26,6,0.7,0.5,0.8,-3.25,-3.25,-1.67,-2.48,3,1.34,6,0.7,0.5,0.8,1001.0,1001.0,1001.0,1001.0,1,0.0,4,1.0,0.5,1.0,,,,,,,,,,,,,,,,,,,,,,,,,,,,,,,,,,,,,,,,,,,,,,,,,,,,,,,,,,,,,,,,,,,,,,,,,,,,,,,,,,,,,,,,,,,,,,,,,,,,,,,,,,,,,,,,,,,,,,,,,,,,,,,,,,,,,,,,,,,,,,,,,,,,,,
1895,12,138.0,-38.0,18.5,18.5,18.76,18.63,4.0,0.25,8.0,0.8,0.7,0.5,17.78,18.8,19.4,18.6,4.0,1.01,8.0,0.8,0.7,0.5,11.94,12.17,12.48,12.21,3.0,0.4,8.0,0.7,0.6,0.6,90.0,96.3,96.3,93.2,3.0,5.3,8.0,0.7,0.6,1.76,3.6,4.6,3.2,4,1.74,8,0.8,0.7,0.5,-1.19,-0.15,0.4,-0.39,4,0.98,8,0.8,0.7,0.5,1.33,3.3,4.58,2.97,4,1.93,8,0.8,0.7,0.5,1007.69,1008.7,1010.03,1008.85,4,1.44,8,0.8,0.7,0.5,6.4,8.0,8.0,7.3,4.0,1.5,8.0,0.8,0.7,0.5,-2.6,0.6,1.8,-0.3,4.0,2.9,8.0,0.8,0.7,0.5,2.9,13.2,21.1,12.0,4.0,10.6,8.0,0.8,0.7,0.5,-0.9,-0.05,0.96,0.03,4.0,1.09,8.0,0.8,0.7,0.5,-1.6,1.1,4.4,1.4,4.0,3.6,8.0,0.8,0.7,0.5,1.1,1.13,1.34,1.22,3.0,0.19,8.0,0.7,0.6,0.6,3.6,5.0,6.1,4.8,3.0,1.8,8.0,0.7,0.6,0.6,-23.1,-3.4,7.1,-7.8,4.0,18.7,8.0,0.8,0.7,0.5,25.8,59.1,81.7,54.0,4.0,33.5,8.0,0.8,0.7,0.5,-12.1,4.7,5.0,-3.4,3.0,14.3,8.0,0.7,0.6,0.6,34.0,54.2,56.7,45.6,3.0,18.2,8.0,0.7,0.6,0.6,-1.1,0.4,0.5,-0.3,3.0,1.4,8.0,0.7,0.6,0.6,3.1,5.0,6.1,4.6,3.0,2.2,8.0,0.7,0.6,0.6,9.0,57.5,97.5,53.5,4.0,51.5,8.0,0.8,0.7,0.5,10.0,55.0,95.0,55.0,4.0,50.0,8.0,0.8,0.7,0.5
1895,12,138.0,-36.0,17.74,18.25,18.76,18.25,2.0,1.06,10.0,0.5,0.1,0.4,17.46,17.8,18.14,17.8,2.0,0.71,10.0,0.5,0.1,0.4,9.56,10.49,11.41,10.49,2.0,1.92,10.0,0.5,0.1,0.4,74.0,83.0,92.1,83.0,2.0,18.7,10.0,0.5,0.4,5.35,6.95,8.55,6.95,2,3.32,10,0.5,0.1,0.4,1.07,2.69,4.31,2.69,2,3.35,10,0.5,0.1,0.4,5.1,6.19,7.29,6.19,2,2.27,10,0.5,0.1,0.4,1009.72,1009.75,1009.78,1009.75,2,0.07,10,0.5,0.1,0.4,2.5,3.5,4.5,3.5,2.0,2.1,10.0,0.5,0.1,0.4,8.7,24.3,39.9,24.3,2.0,32.3,10.0,0.5,0.1,0.4,29.3,46.8,64.4,46.8,2.0,36.4,10.0,0.5,0.1,0.4,0.28,0.45,0.62,0.45,2.0,0.35,10.0,0.5,0.1,0.4,1.8,3.7,5.6,3.7,2.0,4.0,10.0,0.5,0.1,0.4,1.25,2.6,3.94,2.6,2.0,2.79,10.0,0.5,0.1,0.4,9.1,22.7,36.2,22.7,2.0,28.0,10.0,0.5,0.1,0.4,19.4,49.1,78.9,49.1,2.0,61.6,10.0,0.5,0.1,0.4,89.4,111.1,132.7,111.1,2.0,44.8,10.0,0.5,0.1,0.4,10.5,25.0,39.5,25.0,2.0,30.0,10.0,0.5,0.1,0.4,57.0,62.8,68.5,62.8,2.0,11.9,10.0,0.5,0.1,0.4,3.8,11.7,19.5,11.7,2.0,16.2,10.0,0.5,0.1,0.4,8.1,19.3,30.5,19.3,2.0,23.2,10.0,0.5,0.1,0.4,209.5,451.0,692.0,451.0,2.0,500.0,10.0,0.5,0.1,0.4,210.0,450.0,690.0,450.0,2.0,500.0,10.0,0.5,0.1,0.4
1895,12,138.0,34.0,13.17,13.9,15.6,14.17,12.0,1.28,20.0,0.3,0.5,0.4,9.27,11.4,15.73,11.71,12.0,3.13,20.0,0.3,0.5,0.4,4.89,6.05,8.55,6.52,11.0,2.4,20.0,0.2,0.5,0.3,61.1,78.1,96.3,78.1,12.0,19.2,20.0,0.3,0.4,5.01,9.3,12.3,8.28,11,3.78,20,0.2,0.5,0.3,0.87,8.74,11.79,6.51,11,5.04,20,0.2,0.5,0.3,-2.89,0.0,3.6,0.11,11,4.22,20,0.2,0.5,0.3,1002.9,1009.0,1016.8,1009.42,11,6.64,20,0.2,0.5,0.3,1.5,3.0,6.5,3.7,12.0,2.8,20.0,0.3,0.5,0.4,5.1,81.3,145.0,69.0,11.0,60.3,20.0,0.2,0.5,0.3,-24.0,0.0,38.7,6.0,11.0,36.9,20.0,0.2,0.5,0.3,-0.13,2.5,4.93,2.46,12.0,3.12,20.0,0.3,0.5,0.4,2.3,10.2,50.7,23.6,11.0,26.7,20.0,0.2,0.5,0.3,2.2,3.76,5.53,3.68,11.0,1.92,20.0,0.2,0.5,0.3,5.9,31.0,51.3,28.4,11.0,19.6,20.0,0.2,0.5,0.3,12.7,102.2,113.6,71.2,11.0,56.2,20.0,0.2,0.5,0.3,-23.1,0.0,46.0,5.8,11.0,62.4,20.0,0.2,0.5,0.3,8.3,48.4,72.2,41.0,11.0,30.1,20.0,0.2,0.5,0.3,-17.0,0.0,21.5,2.2,11.0,41.0,20.0,0.2,0.5,0.3,0.6,29.2,49.3,25.0,11.0,22.3,20.0,0.2,0.5,0.3,-10.4,0.0,7.5,-0.6,11.0,9.5,20.0,0.2,0.5,0.3,184.0,804.5,1861.0,856.5,11.0,713.5,20.0,0.2,0.5,0.3,185.0,805.0,1860.0,855.0,11.0,715.0,20.0,0.2,0.5,0.3
1895,12,140.0,-42.0,,,,,,,,,,,,,,,,,,,,,,,,,,,,,,,,,,,,,,,,2.6,2.6,2.6,2.6,1,0.0,6,1.0,0.5,1.0,2.39,2.39,2.39,2.39,1,0.0,6,1.0,0.5,1.0,-1.02,-1.02,-1.02,-1.02,1,0.0,6,1.0,0.5,1.0,1012.0,1012.0,1012.0,1012.0,1,0.0,6,1.0,0.5,1.0,,,,,,,,,,,,,,,,,,,,,,,,,,,,,,,,,,,,,,,,,,,,,,,,,,,,,,,,,,,,,,,,,,,,,,,,,,,,,,,,,,,,,,,,,,,,,,,,,,,,,,,,,,,,,,,,,,,,,,,,,,,,,,,,,,,,,,,,,,,,,,,,,,,,,,
1895,12,140.0,-40.0,16.48,17.5,17.5,17.0,3.0,0.87,8.0,0.7,0.6,0.9,18.05,19.25,19.67,18.88,4.0,1.3,8.0,0.8,0.4,0.8,10.83,10.9,10.96,10.9,2.0,0.14,8.0,0.5,0.6,0.8,80.3,83.9,87.5,83.9,2.0,7.4,8.0,0.5,0.8,4.6,5.65,8.06,6.3,4,2.23,8,0.8,0.6,0.8,-6.6,0.47,5.41,-0.55,4,7.24,8,0.8,0.6,0.8,-2.73,-1.55,-0.23,-1.48,4,1.45,8,0.8,0.6,0.8,1003.67,1006.9,1018.94,1010.78,5,9.81,8,0.8,0.5,0.8,3.0,5.0,6.0,4.5,4.0,1.9,8.0,0.8,0.6,0.8,-53.3,2.2,31.7,-10.2,4.0,56.3,8.0,0.8,0.6,0.8,-15.4,-7.6,-1.1,-8.2,4.0,8.4,8.0,0.8,0.6,0.8,-1.43,-0.65,0.13,-0.65,2.0,1.63,8.0,0.5,0.6,0.8,-6.6,-3.0,0.6,-3.0,2.0,7.5,8.0,0.5,0.6,0.8,1.54,1.61,1.68,1.61,2.0,0.15,8.0,0.5,0.6,0.8,7.1,7.4,7.7,7.4,2.0,0.7,8.0,0.5,0.6,0.8,-141.4,-61.6,40.7,-50.6,3.0,133.8,6.0,0.7,0.6,0.7,-35.8,-9.3,-2.9,-19.1,3.0,25.5,6.0,0.7,0.6,0.7,-25.0,5.6,36.1,5.6,2.0,63.2,8.0,0.5,0.6,0.8,-26.6,-17.9,-9.3,-17.9,2.0,17.9,8.0,0.5,0.6,0.8,-4.1,0.3,4.8,0.3,2.0,9.3,8.0,0.5,0.6,0.8,-4.2,-2.8,-1.4,-2.8,2.0,2.9,8.0,0.5,0.6,0.8,97.5,199.0,564.5,325.0,4.0,333.5,8.0,0.8,0.6,0.8,95.0,200.0,565.0,325.0,4.0,335.0,8.0,0.8,0.6,0.8
1895,12,142.0,-40.0,15.7,16.1,16.61,16.16,5.0,0.89,20.0,0.4,0.7,0.3,16.1,17.4,19.81,17.18,8.0,3.01,18.0,0.5,0.6,0.3,10.76,10.76,10.76,10.76,1.0,0.0,8.0,0.0,0.5,0.6,89.1,89.1,89.1,89.1,1.0,0.0,8.0,0.0,0.6,4.6,4.6,9.01,6.16,8,3.17,18,0.5,0.6,0.3,-5.93,1.04,4.38,0.46,8,6.69,18,0.5,0.6,0.3,-2.8,-1.69,2.89,-0.65,8,2.82,18,0.5,0.6,0.3,1007.5,1008.8,1011.67,1009.57,3,3.12,8,0.7,0.4,0.4,0.0,3.0,4.0,2.6,7.0,1.9,16.0,0.4,0.5,0.3,-38.9,5.3,20.1,7.4,8.0,67.3,18.0,0.5,0.6,0.3,-16.4,-5.3,13.3,-5.1,8.0,16.4,18.0,0.5,0.6,0.3,-1.88,-1.1,0.18,-0.9,5.0,1.13,20.0,0.4,0.7,0.3,-6.5,-5.1,0.8,-3.3,5.0,4.2,20.0,0.4,0.7,0.3,1.71,1.71,1.71,1.71,1.0,0.0,8.0,0.0,0.5,0.6,7.9,7.9,7.9,7.9,1.0,0.0,8.0,0.0,0.5,0.6,-122.8,16.2,77.3,-7.9,8.0,106.7,18.0,0.5,0.6,0.3,-52.2,-31.2,46.6,-14.9,8.0,49.4,18.0,0.5,0.6,0.3,-39.0,-39.0,-39.0,-39.0,1.0,0.0,8.0,0.0,0.5,0.6,-30.5,-30.5,-30.5,-30.5,1.0,0.0,8.0,0.0,0.5,0.6,-6.2,-6.2,-6.2,-6.2,1.0,0.0,8.0,0.0,0.5,0.6,-4.8,-4.8,-4.8,-4.8,1.0,0.0,8.0,0.0,0.5,0.6,97.5,97.5,748.5,421.5,8.0,634.5,18.0,0.5,0.6,0.3,95.0,95.0,750.0,420.0,8.0,635.0,18.0,0.5,0.6,0.3
1895,12,144.0,-40.0,16.08,17.2,17.73,17.01,8.0,0.95,16.0,0.6,0.5,0.7,16.51,17.7,19.53,17.81,10.0,1.82,16.0,0.7,0.5,0.6,9.48,10.42,11.37,10.42,2.0,1.96,6.0,0.0,0.3,0.6,82.3,88.0,93.6,88.0,2.0,11.7,6.0,0.0,0.6,1.43,2.6,4.6,3.13,9,1.52,16,0.7,0.5,0.7,-3.41,0.39,2.17,-0.38,9,2.82,16,0.7,0.5,0.7,-1.7,0.92,2.52,0.24,9,2.27,16,0.7,0.5,0.7,1006.95,1009.6,1015.51,1011.3,5,5.62,8,0.6,0.5,0.5,0.0,3.5,5.0,2.9,8.0,2.5,14.0,0.8,0.5,0.7,-15.7,0.4,5.6,-2.4,9.0,11.9,16.0,0.7,0.5,0.7,-7.1,0.9,10.3,0.2,9.0,9.6,16.0,0.7,0.5,0.7,-1.97,-0.8,1.13,-0.5,8.0,1.96,16.0,0.6,0.5,0.7,-8.5,-3.7,2.8,-2.7,8.0,6.0,16.0,0.6,0.5,0.7,1.52,1.69,1.87,1.69,2.0,0.37,6.0,0.0,0.3,0.6,4.6,6.4,8.2,6.4,2.0,3.7,6.0,0.0,0.3,0.6,-61.0,6.7,41.9,-6.6,9.0,51.5,16.0,0.7,0.5,0.7,-30.4,15.8,43.7,4.5,9.0,38.5,16.0,0.7,0.5,0.7,-24.7,-23.1,-21.5,-23.1,2.0,3.3,6.0,0.0,0.3,0.6,-33.0,-26.6,-20.2,-26.6,2.0,13.3,6.0,0.0,0.3,0.6,-4.3,-3.8,-3.3,-3.8,2.0,1.0,6.0,0.0,0.3,0.6,-6.9,-4.9,-3.0,-4.9,2.0,4.0,6.0,0.0,0.3,0.6,5.5,17.5,97.5,49.5,9.0,46.0,16.0,0.7,0.5,0.7,5.0,20.0,95.0,50.0,9.0,45.0,16.0,0.7,0.5,0.7
1895,12,146.0,-42.0,,,,,,,,,,,,,,,,,,,,,,,,,,,,,,,,,,,,,,,,6.7,6.7,6.7,6.7,1,0.0,10,1.0,0.0,1.0,0.0,0.0,0.0,0.0,1,0.0,10,1.0,0.0,1.0,-6.7,-6.7,-6.7,-6.7,1,0.0,10,1.0,0.0,1.0,1000.0,1000.0,1000.0,1000.0,1,0.0,10,1.0,0.0,1.0,,,,,,,,,,,,,,,,,,,,,,,,,,,,,,,,,,,,,,,,,,,,,,,,,,,,,,,,,,,,,,,,,,,,,,,,,,,,,,,,,,,,,,,,,,,,,,,,,,,,,,,,,,,,,,,,,,,,,,,,,,,,,,,,,,,,,,,,,,,,,,,,,,,,,,
1895,12,146.0,-40.0,15.54,16.05,16.1,15.88,10.0,0.47,18.0,0.2,0.5,0.5,15.0,16.05,16.33,15.86,10.0,0.95,18.0,0.2,0.5,0.5,9.07,9.17,9.28,9.17,2.0,0.22,4.0,0.0,0.4,0.5,79.7,79.8,79.8,79.8,2.0,0.0,4.0,0.0,0.5,2.6,4.6,6.7,4.63,10,1.67,18,0.2,0.5,0.5,2.35,3.45,6.49,3.95,10,2.05,18,0.2,0.5,0.5,0.0,1.59,3.23,1.56,10,1.53,18,0.2,0.5,0.5,1008.36,1008.5,1008.64,1008.5,2,0.28,4,0.0,0.4,0.5,2.0,4.5,5.6,4.0,10.0,1.9,18.0,0.2,0.5,0.5,6.1,15.9,43.5,21.1,10.0,16.7,18.0,0.2,0.5,0.5,0.0,5.0,17.1,6.9,10.0,7.6,18.0,0.2,0.5,0.5,-0.5,0.0,0.6,0.02,10.0,0.91,18.0,0.2,0.5,0.5,-2.3,0.0,3.3,-0.5,10.0,4.5,18.0,0.2,0.5,0.5,1.96,1.98,2.0,1.98,2.0,0.04,4.0,0.0,0.4,0.5,9.0,9.1,9.2,9.1,2.0,0.2,4.0,0.0,0.4,0.5,36.4,56.1,104.7,63.4,10.0,33.9,18.0,0.2,0.5,0.5,0.0,24.8,53.6,25.1,10.0,25.0,18.0,0.2,0.5,0.5,23.9,24.2,24.5,24.2,2.0,0.6,4.0,0.0,0.4,0.5,34.2,34.6,35.0,34.6,2.0,0.8,4.0,0.0,0.4,0.5,5.2,5.2,5.3,5.2,2.0,0.1,4.0,0.0,0.4,0.5,7.4,7.5,7.5,7.5,2.0,0.2,4.0,0.0,0.4,0.5,17.5,97.5,301.0,134.5,10.0,120.0,18.0,0.2,0.5,0.5,20.0,95.0,300.0,135.0,10.0,120.0,18.0,0.2,0.5,0.5
1895,12,148.0,-40.0,16.25,17.2,17.8,17.07,11.0,0.9,22.0,0.5,0.3,0.5,16.55,17.2,18.51,17.44,12.0,1.37,20.0,0.5,0.3,0.5,9.53,9.53,9.53,9.53,1.0,0.0,4.0,1.0,0.1,0.8,77.3,77.3,77.3,77.3,1.0,0.0,4.0,1.0,0.8,1.0,4.6,4.6,3.53,10,2.0,20,0.6,0.3,0.6,-4.27,0.87,2.3,-0.22,10,3.69,20,0.6,0.3,0.6,-1.72,-0.39,1.29,-0.3,10,2.02,20,0.6,0.3,0.6,1000.2,1002.55,1004.91,1002.55,2,4.88,8,1.0,0.2,0.8,2.0,3.0,4.5,3.3,12.0,1.7,20.0,0.5,0.3,0.5,-19.6,0.9,9.0,-0.9,10.0,19.9,20.0,0.6,0.3,0.6,-7.9,-0.4,3.0,-1.7,10.0,8.9,20.0,0.6,0.3,0.6,-1.74,0.0,0.81,-0.32,11.0,1.28,22.0,0.5,0.3,0.5,-8.2,0.0,1.0,-3.2,9.0,5.2,20.0,0.6,0.3,0.5,1.47,1.47,1.47,1.47,1.0,0.0,4.0,1.0,0.1,0.8,6.8,6.8,6.8,6.8,1.0,0.0,4.0,1.0,0.1,0.8,-81.3,14.4,38.4,-6.2,10.0,67.5,20.0,0.6,0.3,0.6,-34.5,-6.5,20.3,-6.4,10.0,35.1,20.0,0.6,0.3,0.6,25.2,25.2,25.2,25.2,1.0,0.0,4.0,1.0,0.1,0.8,35.9,35.9,35.9,35.9,1.0,0.0,4.0,1.0,0.1,0.8,3.9,3.9,3.9,3.9,1.0,0.0,4.0,1.0,0.1,0.8,5.5,5.5,5.5,5.5,1.0,0.0,4.0,1.0,0.1,0.8,1.0,97.5,97.5,81.0,10.0,90.0,20.0,0.6,0.3,0.6,0.0,95.0,95.0,80.0,10.0,90.0,20.0,0.6,0.3,0.6
1895,12,148.0,-38.0,16.35,16.5,16.81,16.56,5.0,0.33,14.0,1.0,0.7,0.3,16.54,17.0,17.47,17.04,5.0,0.8,14.0,1.0,0.7,0.3,10.3,10.3,10.3,10.3,1.0,0.0,4.0,1.0,0.5,0.0,86.3,86.3,86.3,86.3,1.0,0.0,4.0,1.0,0.0,4.6,4.6,8.75,6.56,5,3.34,14,1.0,0.7,0.3,0.49,3.25,6.7,3.38,5,4.4,14,1.0,0.7,0.3,0.88,3.75,5.57,3.24,5,4.26,14,1.0,0.7,0.3,1006.62,1007.1,1011.81,1009.17,3,4.2,12,1.0,0.6,0.3,2.0,2.0,4.5,3.2,5.0,2.2,14.0,1.0,0.7,0.3,2.2,15.0,62.7,31.3,5.0,46.2,14.0,1.0,0.7,0.3,4.0,17.3,55.0,29.9,5.0,45.7,14.0,1.0,0.7,0.3,-1.12,-0.3,0.22,-0.48,5.0,1.05,14.0,1.0,0.7,0.3,-5.2,-1.4,1.5,-2.0,5.0,5.2,14.0,1.0,0.7,0.3,1.42,1.42,1.42,1.42,1.0,0.0,4.0,1.0,0.5,0.0,6.5,6.5,6.5,6.5,1.0,0.0,4.0,1.0,0.5,0.0,6.4,55.3,110.8,55.5,5.0,75.9,14.0,1.0,0.7,0.3,13.4,60.3,94.2,53.5,5.0,73.9,14.0,1.0,0.7,0.3,27.2,27.2,27.2,27.2,1.0,0.0,4.0,1.0,0.5,0.0,38.8,38.8,38.8,38.8,1.0,0.0,4.0,1.0,0.5,0.0,3.7,3.7,3.7,3.7,1.0,0.0,4.0,1.0,0.5,0.0,5.4,5.4,5.4,5.4,1.0,0.0,4.0,1.0,0.5,0.0,97.5,97.5,870.5,490.5,5.0,771.0,14.0,1.0,0.7,0.3,95.0,95.0,870.0,490.0,5.0,770.0,14.0,1.0,0.7,0.3
1895,12,150.0,-38.0,17.32,18.0,19.71,18.5,3.0,1.8,6.0,0.7,0.2,0.6,18.4,18.5,19.44,18.9,4.0,0.94,8.0,0.8,0.3,0.5,11.51,11.64,11.78,11.64,2.0,0.27,2.0,0.5,0.1,0.5,80.5,83.1,85.8,83.1,2.0,5.4,2.0,0.5,0.5,4.6,5.65,9.63,7.05,4,3.64,8,0.8,0.3,0.5,1.79,3.81,4.35,3.11,4,2.12,8,0.8,0.3,0.5,-0.06,4.67,9.12,4.54,4,5.89,8,0.8,0.3,0.5,1004.27,1007.7,1013.01,1008.7,5,5.22,8,0.8,0.3,0.5,1.6,3.0,5.0,3.3,3.0,2.5,6.0,0.7,0.3,0.4,8.3,17.5,39.4,23.5,4.0,25.1,8.0,0.8,0.3,0.5,-0.3,28.5,94.3,46.2,4.0,66.2,8.0,0.8,0.3,0.5,-1.05,-0.5,-0.02,-0.53,3.0,0.75,6.0,0.7,0.2,0.6,-5.1,-3.3,-0.4,-2.8,3.0,3.5,6.0,0.7,0.2,0.6,1.1,1.99,2.89,1.99,2.0,1.86,2.0,0.5,0.1,0.5,5.0,9.2,13.3,9.2,2.0,8.5,2.0,0.5,0.1,0.5,32.8,73.6,83.9,59.0,4.0,40.2,8.0,0.8,0.3,0.5,-3.7,86.1,168.7,82.7,4.0,110.7,8.0,0.8,0.3,0.5,43.6,44.4,45.3,44.4,2.0,1.8,2.0,0.5,0.1,0.5,-20.2,0.3,20.7,0.3,2.0,42.3,2.0,0.5,0.1,0.5,4.2,7.7,11.1,7.7,2.0,7.2,2.0,0.5,0.1,0.5,-6.7,-3.2,0.2,-3.2,2.0,7.1,2.0,0.5,0.1,0.5,97.5,199.0,1118.0,589.0,4.0,853.5,8.0,0.8,0.3,0.5,95.0,200.0,1120.0,590.0,4.0,855.0,8.0,0.8,0.3,0.5
1895,12,150.0,-36.0,19.5,19.5,19.5,19.5,1.0,0.0,2.0,0.0,0.4,0.2,19.73,20.65,21.57,20.65,2.0,1.91,8.0,0.5,0.6,0.2,12.28,12.28,12.28,12.28,1.0,0.0,2.0,0.0,0.4,0.2,87.6,87.6,87.6,87.6,1.0,0.0,2.0,0.0,0.2,5.35,6.95,8.55,6.95,2,3.32,8,0.5,0.6,0.2,-2.78,0.4,3.58,0.4,2,6.6,8,0.5,0.6,0.2,-0.21,3.04,6.29,3.04,2,6.73,8,0.5,0.6,0.2,1005.52,1006.0,1006.48,1006.0,2,0.99,8,0.5,0.6,0.2,3.8,5.5,7.2,5.5,2.0,3.5,8.0,0.5,0.6,0.2,-9.0,13.7,36.5,13.7,2.0,47.2,8.0,0.5,0.6,0.2,4.8,32.3,59.8,32.3,2.0,56.9,8.0,0.5,0.6,0.2,0.2,0.2,0.2,0.2,1.0,0.0,2.0,0.0,0.4,0.2,1.9,1.9,1.9,1.9,1.0,0.0,2.0,0.0,0.4,0.2,1.92,1.92,1.92,1.92,1.0,0.0,2.0,0.0,0.4,0.2,17.9,17.9,17.9,17.9,1.0,0.0,2.0,0.0,0.4,0.2,-63.4,2.0,67.4,2.0,2.0,135.5,8.0,0.5,0.6,0.2,-8.0,56.3,120.6,56.3,2.0,133.2,8.0,0.5,0.6,0.2,62.2,62.2,62.2,62.2,1.0,0.0,2.0,0.0,0.4,0.2,95.8,95.8,95.8,95.8,1.0,0.0,2.0,0.0,0.4,0.2,9.7,9.7,9.7,9.7,1.0,0.0,2.0,0.0,0.4,0.2,15.0,15.0,15.0,15.0,1.0,0.0,2.0,0.0,0.4,0.2,209.5,451.0,692.0,451.0,2.0,500.0,8.0,0.5,0.6,0.2,210.0,450.0,690.0,450.0,2.0,500.0,8.0,0.5,0.6,0.2
1895,12,152.0,-32.0,,,,,,,,,,,,,,,,,,,,,,,,,,,,,,,,,,,,,,,,2.6,2.6,6.7,4.24,5,2.25,8,0.6,0.8,0.4,-2.62,-0.5,-0.31,-1.25,5,1.27,8,0.6,0.8,0.4,-6.17,2.55,2.57,-0.93,5,4.78,8,0.6,0.8,0.4,1022.5,1022.5,1022.5,1022.5,1,0.0,20,1.0,0.5,1.0,,,,,,,,,,,,,,,,,,,,,,,,,,,,,,,,,,,,,,,,,,,,,,,,,,,,,,,,,,,,,,,,,,,,,,,,,,,,,,,,,,,,,,,,,,,,,,,,,,,,,,,,,,,,,,,,,,,,,,,,,,,,,,,,,,,,,,,,,,,,,,,,,,,,,,
1895,12,186.0,-28.0,,,,,,,,,,,,,,,,,,,,,,,,,,,,,,,,,,,,,,,,1.57,2.8,4.03,2.8,2,2.55,4,1.0,0.8,0.5,-4.03,-2.8,-1.57,-2.8,2,2.55,4,1.0,0.8,0.5,0.0,0.0,0.0,0.0,2,0.0,4,1.0,0.8,0.5,1014.3,1014.95,1015.6,1014.95,2,1.34,4,1.0,0.8,0.5,,,,,,,,,,,,,,,,,,,,,,,,,,,,,,,,,,,,,,,,,,,,,,,,,,,,,,,,,,,,,,,,,,,,,,,,,,,,,,,,,,,,,,,,,,,,,,,,,,,,,,,,,,,,,,,,,,,,,,,,,,,,,,,,,,,,,,,,,,,,,,,,,,,,,,
1895,12,186.0,-26.0,,,,,,,,,,,,,,,,,,,,,,,,,,,,,,,,,,,,,,,,4.6,4.6,4.6,4.6,1,0.0,6,1.0,0.8,0.8,-3.25,-3.25,-3.25,-3.25,1,0.0,6,1.0,0.8,0.8,3.25,3.25,3.25,3.25,1,0.0,6,1.0,0.8,0.8,1010.9,1010.9,1010.9,1010.9,1,0.0,6,1.0,0.8,0.8,,,,,,,,,,,,,,,,,,,,,,,,,,,,,,,,,,,,,,,,,,,,,,,,,,,,,,,,,,,,,,,,,,,,,,,,,,,,,,,,,,,,,,,,,,,,,,,,,,,,,,,,,,,,,,,,,,,,,,,,,,,,,,,,,,,,,,,,,,,,,,,,,,,,,,
1895,12,186.0,-24.0,,,,,,,,,,,,,,,,,,,,,,,,,,,,,,,,,,,,,,,,6.7,6.7,6.7,6.7,1,0.0,8,1.0,0.3,0.8,-4.74,-4.74,-4.74,-4.74,1,0.0,8,1.0,0.3,0.8,4.74,4.74,4.74,4.74,1,0.0,8,1.0,0.3,0.8,1009.7,1009.7,1009.7,1009.7,1,0.0,8,1.0,0.3,0.8,,,,,,,,,,,,,,,,,,,,,,,,,,,,,,,,,,,,,,,,,,,,,,,,,,,,,,,,,,,,,,,,,,,,,,,,,,,,,,,,,,,,,,,,,,,,,,,,,,,,,,,,,,,,,,,,,,,,,,,,,,,,,,,,,,,,,,,,,,,,,,,,,,,,,,
1895,12,186.0,-22.0,,,,,,,,,,,,,,,,,,,,,,,,,,,,,,,,,,,,,,,,6.7,6.7,6.7,6.7,1,0.0,8,1.0,0.3,0.8,-6.17,-6.17,-6.17,-6.17,1,0.0,8,1.0,0.3,0.8,2.62,2.62,2.62,2.62,1,0.0,8,1.0,0.3,0.8,1007.4,1007.4,1007.4,1007.4,1,0.0,8,1.0,0.3,0.8,,,,,,,,,,,,,,,,,,,,,,,,,,,,,,,,,,,,,,,,,,,,,,,,,,,,,,,,,,,,,,,,,,,,,,,,,,,,,,,,,,,,,,,,,,,,,,,,,,,,,,,,,,,,,,,,,,,,,,,,,,,,,,,,,,,,,,,,,,,,,,,,,,,,,,
1895,12,188.0,-32.0,,,,,,,,,,,,,,,,,,,,,,,,,,,,,,,,,,,,,,,,2.6,2.6,2.6,2.6,1,0.0,2,1.0,0.5,1.0,0.0,0.0,0.0,0.0,1,0.0,2,1.0,0.5,1.0,2.6,2.6,2.6,2.6,1,0.0,2,1.0,0.5,1.0,1021.0,1021.0,1021.0,1021.0,1,0.0,2,1.0,0.5,1.0,,,,,,,,,,,,,,,,,,,,,,,,,,,,,,,,,,,,,,,,,,,,,,,,,,,,,,,,,,,,,,,,,,,,,,,,,,,,,,,,,,,,,,,,,,,,,,,,,,,,,,,,,,,,,,,,,,,,,,,,,,,,,,,,,,,,,,,,,,,,,,,,,,,,,,
1895,12,204.0,-12.0,,,,,,,,,,,,,,,,,,,,,,,,,,,,,,,,,,,,,,,,4.6,4.6,4.6,4.6,1,0.0,30,1.0,0.8,0.8,-3.25,-3.25,-3.25,-3.25,1,0.0,30,1.0,0.8,0.8,-3.25,-3.25,-3.25,-3.25,1,0.0,30,1.0,0.8,0.8,1009.7,1009.7,1009.7,1009.7,1,0.0,30,1.0,0.8,0.8,,,,,,,,,,,,,,,,,,,,,,,,,,,,,,,,,,,,,,,,,,,,,,,,,,,,,,,,,,,,,,,,,,,,,,,,,,,,,,,,,,,,,,,,,,,,,,,,,,,,,,,,,,,,,,,,,,,,,,,,,,,,,,,,,,,,,,,,,,,,,,,,,,,,,,
1895,12,206.0,-10.0,,,,,,,,,,,,,,,,,,,,,,,,,,,,,,,,,,,,,,,,2.6,2.6,2.6,2.6,1,0.0,30,1.0,0.8,0.3,-1.02,-1.02,-1.02,-1.02,1,0.0,30,1.0,0.8,0.3,-2.39,-2.39,-2.39,-2.39,1,0.0,30,1.0,0.8,0.3,1009.2,1009.2,1009.2,1009.2,1,0.0,30,1.0,0.8,0.3,,,,,,,,,,,,,,,,,,,,,,,,,,,,,,,,,,,,,,,,,,,,,,,,,,,,,,,,,,,,,,,,,,,,,,,,,,,,,,,,,,,,,,,,,,,,,,,,,,,,,,,,,,,,,,,,,,,,,,,,,,,,,,,,,,,,,,,,,,,,,,,,,,,,,,
1895,12,208.0,-8.0,,,,,,,,,,,,,,,,,,,,,,,,,,,,,,,,,,,,,,,,4.6,4.6,4.6,4.6,1,0.0,30,1.0,0.3,0.3,-4.27,-4.27,-4.27,-4.27,1,0.0,30,1.0,0.3,0.3,-1.72,-1.72,-1.72,-1.72,1,0.0,30,1.0,0.3,0.3,1009.1,1009.1,1009.1,1009.1,1,0.0,30,1.0,0.3,0.3,,,,,,,,,,,,,,,,,,,,,,,,,,,,,,,,,,,,,,,,,,,,,,,,,,,,,,,,,,,,,,,,,,,,,,,,,,,,,,,,,,,,,,,,,,,,,,,,,,,,,,,,,,,,,,,,,,,,,,,,,,,,,,,,,,,,,,,,,,,,,,,,,,,,,,
1895,12,210.0,-6.0,,,,,,,,,,,,,,,,,,,,,,,,,,,,,,,,,,,,,,,,4.6,4.6,4.6,4.6,1,0.0,28,1.0,0.3,0.3,-4.6,-4.6,-4.6,-4.6,1,0.0,28,1.0,0.3,0.3,0.0,0.0,0.0,0.0,1,0.0,28,1.0,0.3,0.3,1010.7,1010.7,1010.7,1010.7,1,0.0,28,1.0,0.3,0.3,,,,,,,,,,,,,,,,,,,,,,,,,,,,,,,,,,,,,,,,,,,,,,,,,,,,,,,,,,,,,,,,,,,,,,,,,,,,,,,,,,,,,,,,,,,,,,,,,,,,,,,,,,,,,,,,,,,,,,,,,,,,,,,,,,,,,,,,,,,,,,,,,,,,,,
1895,12,212.0,-4.0,,,,,,,,,,,,,,,,,,,,,,,,,,,,,,,,,,,,,,,,4.6,4.6,4.6,4.6,1,0.0,28,1.0,0.3,0.8,-4.23,-4.23,-4.23,-4.23,1,0.0,28,1.0,0.3,0.8,1.8,1.8,1.8,1.8,1,0.0,28,1.0,0.3,0.8,1010.3,1010.3,1010.3,1010.3,1,0.0,28,1.0,0.3,0.8,,,,,,,,,,,,,,,,,,,,,,,,,,,,,,,,,,,,,,,,,,,,,,,,,,,,,,,,,,,,,,,,,,,,,,,,,,,,,,,,,,,,,,,,,,,,,,,,,,,,,,,,,,,,,,,,,,,,,,,,,,,,,,,,,,,,,,,,,,,,,,,,,,,,,,
1895,12,214.0,0.0,,,,,,,,,,,,,,,,,,,,,,,,,,,,,,,,,,,,,,,,4.6,4.6,4.6,4.6,1,0.0,26,1.0,0.3,0.3,-3.25,-3.25,-3.25,-3.25,1,0.0,26,1.0,0.3,0.3,3.25,3.25,3.25,3.25,1,0.0,26,1.0,0.3,0.3,1009.6,1009.6,1009.6,1009.6,1,0.0,26,1.0,0.3,0.3,,,,,,,,,,,,,,,,,,,,,,,,,,,,,,,,,,,,,,,,,,,,,,,,,,,,,,,,,,,,,,,,,,,,,,,,,,,,,,,,,,,,,,,,,,,,,,,,,,,,,,,,,,,,,,,,,,,,,,,,,,,,,,,,,,,,,,,,,,,,,,,,,,,,,,
1895,12,216.0,2.0,,,,,,,,,,,,,,,,,,,,,,,,,,,,,,,,,,,,,,,,6.7,6.7,6.7,6.7,1,0.0,26,1.0,0.8,0.3,-4.74,-4.74,-4.74,-4.74,1,0.0,26,1.0,0.8,0.3,4.74,4.74,4.74,4.74,1,0.0,26,1.0,0.8,0.3,1009.9,1009.9,1009.9,1009.9,1,0.0,26,1.0,0.8,0.3,,,,,,,,,,,,,,,,,,,,,,,,,,,,,,,,,,,,,,,,,,,,,,,,,,,,,,,,,,,,,,,,,,,,,,,,,,,,,,,,,,,,,,,,,,,,,,,,,,,,,,,,,,,,,,,,,,,,,,,,,,,,,,,,,,,,,,,,,,,,,,,,,,,,,,
1895,12,218.0,4.0,,,,,,,,,,,,,,,,,,,,,,,,,,,,,,,,,,,,,,,,4.6,4.6,4.6,4.6,1,0.0,24,1.0,0.3,0.8,-3.25,-3.25,-3.25,-3.25,1,0.0,24,1.0,0.3,0.8,3.25,3.25,3.25,3.25,1,0.0,24,1.0,0.3,0.8,1010.0,1010.0,1010.0,1010.0,1,0.0,24,1.0,0.3,0.8,,,,,,,,,,,,,,,,,,,,,,,,,,,,,,,,,,,,,,,,,,,,,,,,,,,,,,,,,,,,,,,,,,,,,,,,,,,,,,,,,,,,,,,,,,,,,,,,,,,,,,,,,,,,,,,,,,,,,,,,,,,,,,,,,,,,,,,,,,,,,,,,,,,,,,
1895,12,218.0,6.0,,,,,,,,,,,,,,,,,,,,,,,,,,,,,,,,,,,,,,,,6.7,6.7,6.7,6.7,1,0.0,24,1.0,0.8,0.3,-6.7,-6.7,-6.7,-6.7,1,0.0,24,1.0,0.8,0.3,0.0,0.0,0.0,0.0,1,0.0,24,1.0,0.8,0.3,1012.8,1012.8,1012.8,1012.8,1,0.0,24,1.0,0.8,0.3,,,,,,,,,,,,,,,,,,,,,,,,,,,,,,,,,,,,,,,,,,,,,,,,,,,,,,,,,,,,,,,,,,,,,,,,,,,,,,,,,,,,,,,,,,,,,,,,,,,,,,,,,,,,,,,,,,,,,,,,,,,,,,,,,,,,,,,,,,,,,,,,,,,,,,
1895,12,220.0,12.0,,,,,,,,,,,,,,,,,,,,,,,,,,,,,,,,,,,,,,,,9.3,9.3,9.3,9.3,1,0.0,22,1.0,0.8,0.3,-6.58,-6.58,-6.58,-6.58,1,0.0,22,1.0,0.8,0.3,-6.58,-6.58,-6.58,-6.58,1,0.0,22,1.0,0.8,0.3,1013.3,1013.3,1013.3,1013.3,1,0.0,22,1.0,0.8,0.3,,,,,,,,,,,,,,,,,,,,,,,,,,,,,,,,,,,,,,,,,,,,,,,,,,,,,,,,,,,,,,,,,,,,,,,,,,,,,,,,,,,,,,,,,,,,,,,,,,,,,,,,,,,,,,,,,,,,,,,,,,,,,,,,,,,,,,,,,,,,,,,,,,,,,,
1895,12,220.0,14.0,,,,,,,,,,,,,,,,,,,,,,,,,,,,,,,,,,,,,,,,6.7,6.7,6.7,6.7,1,0.0,20,1.0,0.8,0.8,-4.74,-4.74,-4.74,-4.74,1,0.0,20,1.0,0.8,0.8,-4.74,-4.74,-4.74,-4.74,1,0.0,20,1.0,0.8,0.8,1015.9,1015.9,1015.9,1015.9,1,0.0,20,1.0,0.8,0.8,,,,,,,,,,,,,,,,,,,,,,,,,,,,,,,,,,,,,,,,,,,,,,,,,,,,,,,,,,,,,,,,,,,,,,,,,,,,,,,,,,,,,,,,,,,,,,,,,,,,,,,,,,,,,,,,,,,,,,,,,,,,,,,,,,,,,,,,,,,,,,,,,,,,,,
1895,12,222.0,18.0,,,,,,,,,,,,,,,,,,,,,,,,,,,,,,,,,,,,,,,,9.3,9.3,9.3,9.3,1,0.0,20,1.0,0.3,0.8,-8.62,-8.62,-8.62,-8.62,1,0.0,20,1.0,0.3,0.8,-3.48,-3.48,-3.48,-3.48,1,0.0,20,1.0,0.3,0.8,1017.3,1017.3,1017.3,1017.3,1,0.0,20,1.0,0.3,0.8,,,,,,,,,,,,,,,,,,,,,,,,,,,,,,,,,,,,,,,,,,,,,,,,,,,,,,,,,,,,,,,,,,,,,,,,,,,,,,,,,,,,,,,,,,,,,,,,,,,,,,,,,,,,,,,,,,,,,,,,,,,,,,,,,,,,,,,,,,,,,,,,,,,,,,
1895,12,222.0,40.0,,,,,,,,,,,,,,,,,,,,,,,,,,,,,,,,,,,,,,,,13.78,17.2,19.0,16.43,4,3.23,8,0.8,0.8,0.5,-3.63,-1.81,1.54,-1.08,4,3.18,8,0.8,0.8,0.5,0.75,16.88,18.65,10.03,4,14.98,8,0.8,0.8,0.5,1027.3,1027.3,1027.3,1027.3,1,0.0,26,1.0,0.8,0.8,,,,,,,,,,,,,,,,,,,,,,,,,,,,,,,,,,,,,,,,,,,,,,,,,,,,,,,,,,,,,,,,,,,,,,,,,,,,,,,,,,,,,,,,,,,,,,,,,,,,,,,,,,,,,,,,,,,,,,,,,,,,,,,,,,,,,,,,,,,,,,,,,,,,,,
1895,12,224.0,22.0,,,,,,,,,,,,,,,,,,,,,,,,,,,,,,,,,,,,,,,,9.3,9.3,9.3,9.3,1,0.0,18,1.0,0.3,0.8,-8.62,-8.62,-8.62,-8.62,1,0.0,18,1.0,0.3,0.8,-3.48,-3.48,-3.48,-3.48,1,0.0,18,1.0,0.3,0.8,1023.8,1023.8,1023.8,1023.8,1,0.0,18,1.0,0.3,0.8,,,,,,,,,,,,,,,,,,,,,,,,,,,,,,,,,,,,,,,,,,,,,,,,,,,,,,,,,,,,,,,,,,,,,,,,,,,,,,,,,,,,,,,,,,,,,,,,,,,,,,,,,,,,,,,,,,,,,,,,,,,,,,,,,,,,,,,,,,,,,,,,,,,,,,
1895,12,224.0,26.0,,,,,,,,,,,,,,,,,,,,,,,,,,,,,,,,,,,,,,,,6.7,6.7,6.7,6.7,1,0.0,18,1.0,0.3,0.8,-6.21,-6.21,-6.21,-6.21,1,0.0,18,1.0,0.3,0.8,-2.51,-2.51,-2.51,-2.51,1,0.0,18,1.0,0.3,0.8,1024.7,1024.7,1024.7,1024.7,1,0.0,18,1.0,0.3,0.8,,,,,,,,,,,,,,,,,,,,,,,,,,,,,,,,,,,,,,,,,,,,,,,,,,,,,,,,,,,,,,,,,,,,,,,,,,,,,,,,,,,,,,,,,,,,,,,,,,,,,,,,,,,,,,,,,,,,,,,,,,,,,,,,,,,,,,,,,,,,,,,,,,,,,,
1895,12,224.0,28.0,,,,,,,,,,,,,,,,,,,,,,,,,,,,,,,,,,,,,,,,4.6,4.6,4.6,4.6,1,0.0,16,1.0,0.8,0.8,0.0,0.0,0.0,0.0,1,0.0,16,1.0,0.8,0.8,-4.6,-4.6,-4.6,-4.6,1,0.0,16,1.0,0.8,0.8,1022.6,1022.6,1022.6,1022.6,1,0.0,16,1.0,0.8,0.8,,,,,,,,,,,,,,,,,,,,,,,,,,,,,,,,,,,,,,,,,,,,,,,,,,,,,,,,,,,,,,,,,,,,,,,,,,,,,,,,,,,,,,,,,,,,,,,,,,,,,,,,,,,,,,,,,,,,,,,,,,,,,,,,,,,,,,,,,,,,,,,,,,,,,,
1895,12,224.0,30.0,,,,,,,,,,,,,,,,,,,,,,,,,,,,,,,,,,,,,,,,1.76,3.6,7.06,4.38,4,3.6,16,1.0,0.5,0.6,-0.37,0.51,2.31,0.95,4,1.83,16,1.0,0.5,0.6,-6.71,-2.65,0.92,-2.88,4,4.78,16,1.0,0.5,0.6,1023.1,1024.95,1026.54,1024.83,4,2.27,16,1.0,0.5,0.6,,,,,,,,,,,,,,,,,,,,,,,,,,,,,,,,,,,,,,,,,,,,,,,,,,,,,,,,,,,,,,,,,,,,,,,,,,,,,,,,,,,,,,,,,,,,,,,,,,,,,,,,,,,,,,,,,,,,,,,,,,,,,,,,,,,,,,,,,,,,,,,,,,,,,,
1895,12,224.0,34.0,,,,,,,,,,,,,,,,,,,,,,,,,,,,,,,,,,,,,,,,9.8,9.8,11.11,10.43,4,1.25,6,1.0,0.8,0.4,0.84,3.83,6.38,3.62,4,4.32,6,1.0,0.8,0.4,8.85,9.02,9.33,9.09,4,0.38,6,1.0,0.8,0.4,1019.9,1019.9,1019.9,1019.9,1,0.0,20,1.0,0.8,0.3,,,,,,,,,,,,,,,,,,,,,,,,,,,,,,,,,,,,,,,,,,,,,,,,,,,,,,,,,,,,,,,,,,,,,,,,,,,,,,,,,,,,,,,,,,,,,,,,,,,,,,,,,,,,,,,,,,,,,,,,,,,,,,,,,,,,,,,,,,,,,,,,,,,,,,
1895,12,226.0,28.0,,,,,,,,,,,,,,,,,,,,,,,,,,,,,,,,,,,,,,,,5.82,8.45,11.08,8.45,2,5.44,24,1.0,0.3,0.8,-9.59,-5.7,-1.81,-5.7,2,8.06,24,1.0,0.3,0.8,-4.61,-4.6,-4.6,-4.6,2,0.01,24,1.0,0.3,0.8,1023.3,1023.3,1023.3,1023.3,1,0.0,16,1.0,0.3,0.8,,,,,,,,,,,,,,,,,,,,,,,,,,,,,,,,,,,,,,,,,,,,,,,,,,,,,,,,,,,,,,,,,,,,,,,,,,,,,,,,,,,,,,,,,,,,,,,,,,,,,,,,,,,,,,,,,,,,,,,,,,,,,,,,,,,,,,,,,,,,,,,,,,,,,,
1895,12,226.0,32.0,,,,,,,,,,,,,,,,,,,,,,,,,,,,,,,,,,,,,,,,2.6,4.6,5.47,4.44,11,1.43,18,0.5,0.6,0.6,-4.14,-3.25,-2.16,-2.87,11,1.58,18,0.5,0.6,0.6,-3.66,-2.57,-0.57,-1.71,11,2.98,18,0.5,0.6,0.6,1027.5,1027.5,1027.5,1027.5,1,0.0,14,1.0,0.8,0.3,,,,,,,,,,,,,,,,,,,,,,,,,,,,,,,,,,,,,,,,,,,,,,,,,,,,,,,,,,,,,,,,,,,,,,,,,,,,,,,,,,,,,,,,,,,,,,,,,,,,,,,,,,,,,,,,,,,,,,,,,,,,,,,,,,,,,,,,,,,,,,,,,,,,,,
1895,12,226.0,34.0,,,,,,,,,,,,,,,,,,,,,,,,,,,,,,,,,,,,,,,,6.7,6.7,9.8,8.18,8,2.18,22,0.5,0.3,0.6,-6.65,-3.75,3.4,-2.52,8,5.48,22,0.5,0.3,0.6,-5.55,-1.25,2.23,-1.8,8,6.34,22,0.5,0.3,0.6,1022.44,1025.1,1027.76,1025.1,2,5.52,18,1.0,0.5,0.8,,,,,,,,,,,,,,,,,,,,,,,,,,,,,,,,,,,,,,,,,,,,,,,,,,,,,,,,,,,,,,,,,,,,,,,,,,,,,,,,,,,,,,,,,,,,,,,,,,,,,,,,,,,,,,,,,,,,,,,,,,,,,,,,,,,,,,,,,,,,,,,,,,,,,,
1895,12,226.0,36.0,,,,,,,,,,,,,,,,,,,,,,,,,,,,,,,,,,,,,,,,1.0,2.6,3.64,2.67,12,2.09,28,0.5,0.6,0.3,-3.35,-0.97,0.1,-1.75,12,2.3,28,0.5,0.6,0.3,0.0,0.97,2.41,1.04,12,1.52,28,0.5,0.6,0.3,1036.0,1036.0,1036.0,1036.0,1,0.0,14,1.0,0.3,0.3,,,,,,,,,,,,,,,,,,,,,,,,,,,,,,,,,,,,,,,,,,,,,,,,,,,,,,,,,,,,,,,,,,,,,,,,,,,,,,,,,,,,,,,,,,,,,,,,,,,,,,,,,,,,,,,,,,,,,,,,,,,,,,,,,,,,,,,,,,,,,,,,,,,,,,
1895,12,226.0,38.0,,,,,,,,,,,,,,,,,,,,,,,,,,,,,,,,,,,,,,,,9.3,9.3,9.3,9.3,1,0.0,12,1.0,0.8,0.8,8.56,8.56,8.56,8.56,1,0.0,12,1.0,0.8,0.8,-3.63,-3.63,-3.63,-3.63,1,0.0,12,1.0,0.8,0.8,1031.7,1031.7,1031.7,1031.7,1,0.0,12,1.0,0.8,0.8,,,,,,,,,,,,,,,,,,,,,,,,,,,,,,,,,,,,,,,,,,,,,,,,,,,,,,,,,,,,,,,,,,,,,,,,,,,,,,,,,,,,,,,,,,,,,,,,,,,,,,,,,,,,,,,,,,,,,,,,,,,,,,,,,,,,,,,,,,,,,,,,,,,,,,
1895,12,226.0,40.0,,,,,,,,,,,,,,,,,,,,,,,,,,,,,,,,,,,,,,,,12.3,12.3,12.3,12.3,1,0.0,12,1.0,0.8,0.8,0.0,0.0,0.0,0.0,1,0.0,12,1.0,0.8,0.8,12.3,12.3,12.3,12.3,1,0.0,12,1.0,0.8,0.8,1018.9,1018.9,1018.9,1018.9,1,0.0,12,1.0,0.8,0.8,,,,,,,,,,,,,,,,,,,,,,,,,,,,,,,,,,,,,,,,,,,,,,,,,,,,,,,,,,,,,,,,,,,,,,,,,,,,,,,,,,,,,,,,,,,,,,,,,,,,,,,,,,,,,,,,,,,,,,,,,,,,,,,,,,,,,,,,,,,,,,,,,,,,,,
1895,12,228.0,28.0,,,,,,,,,,,,,,,,,,,,,,,,,,,,,,,,,,,,,,,,6.7,6.7,9.48,7.84,5,1.57,20,0.6,0.6,0.8,-5.88,-3.75,-3.33,-4.43,5,1.58,20,0.6,0.6,0.8,-7.14,-6.17,-5.55,-6.4,5,1.06,20,0.6,0.6,0.8,1026.22,1026.7,1027.18,1026.7,2,0.99,14,1.0,0.3,0.8,,,,,,,,,,,,,,,,,,,,,,,,,,,,,,,,,,,,,,,,,,,,,,,,,,,,,,,,,,,,,,,,,,,,,,,,,,,,,,,,,,,,,,,,,,,,,,,,,,,,,,,,,,,,,,,,,,,,,,,,,,,,,,,,,,,,,,,,,,,,,,,,,,,,,,
1895,12,228.0,30.0,,,,,,,,,,,,,,,,,,,,,,,,,,,,,,,,,,,,,,,,4.6,5.65,6.7,5.4,8,1.54,22,0.6,0.4,0.4,-3.75,-3.75,-1.26,-2.48,8,2.5,22,0.6,0.4,0.4,-5.55,-4.4,-2.65,-4.21,8,1.47,22,0.6,0.4,0.4,1023.31,1025.9,1028.15,1025.73,3,3.55,14,1.0,0.3,0.4,,,,,,,,,,,,,,,,,,,,,,,,,,,,,,,,,,,,,,,,,,,,,,,,,,,,,,,,,,,,,,,,,,,,,,,,,,,,,,,,,,,,,,,,,,,,,,,,,,,,,,,,,,,,,,,,,,,,,,,,,,,,,,,,,,,,,,,,,,,,,,,,,,,,,,
1895,12,228.0,36.0,,,,,,,,,,,,,,,,,,,,,,,,,,,,,,,,,,,,,,,,2.6,3.6,4.6,4.21,10,3.1,28,0.7,0.6,0.8,-2.6,0.7,2.6,0.37,10,2.89,28,0.7,0.6,0.8,-0.53,0.86,3.83,0.4,10,4.55,28,0.7,0.6,0.8,1022.09,1023.8,1025.51,1023.8,2,3.54,22,1.0,0.8,0.8,,,,,,,,,,,,,,,,,,,,,,,,,,,,,,,,,,,,,,,,,,,,,,,,,,,,,,,,,,,,,,,,,,,,,,,,,,,,,,,,,,,,,,,,,,,,,,,,,,,,,,,,,,,,,,,,,,,,,,,,,,,,,,,,,,,,,,,,,,,,,,,,,,,,,,
1895,12,228.0,38.0,,,,,,,,,,,,,,,,,,,,,,,,,,,,,,,,,,,,,,,,2.79,6.65,10.51,6.65,2,7.99,24,1.0,0.5,0.5,-0.33,-0.2,-0.06,-0.2,2,0.28,24,1.0,0.5,0.5,-10.49,-6.61,-2.73,-6.61,2,8.05,24,1.0,0.5,0.5,1031.87,1033.1,1034.33,1033.1,2,2.55,24,1.0,0.5,0.5,,,,,,,,,,,,,,,,,,,,,,,,,,,,,,,,,,,,,,,,,,,,,,,,,,,,,,,,,,,,,,,,,,,,,,,,,,,,,,,,,,,,,,,,,,,,,,,,,,,,,,,,,,,,,,,,,,,,,,,,,,,,,,,,,,,,,,,,,,,,,,,,,,,,,,
1895,12,228.0,40.0,,,,,,,,,,,,,,,,,,,,,,,,,,,,,,,,,,,,,,,,13.28,15.4,17.86,15.57,3,3.35,10,1.0,0.4,0.8,-6.32,-4.61,5.97,-0.28,3,9.75,10,1.0,0.4,0.8,11.05,11.4,15.64,13.3,3,3.74,10,1.0,0.4,0.8,1014.83,1017.7,1019.54,1017.2,3,3.48,10,1.0,0.4,0.8,,,,,,,,,,,,,,,,,,,,,,,,,,,,,,,,,,,,,,,,,,,,,,,,,,,,,,,,,,,,,,,,,,,,,,,,,,,,,,,,,,,,,,,,,,,,,,,,,,,,,,,,,,,,,,,,,,,,,,,,,,,,,,,,,,,,,,,,,,,,,,,,,,,,,,
1895,12,230.0,26.0,,,,,,,,,,,,,,,,,,,,,,,,,,,,,,,,,,,,,,,,2.6,9.8,9.92,7.66,7,3.82,18,0.6,0.5,0.5,-6.93,-4.81,-1.02,-4.62,7,2.65,18,0.6,0.5,0.5,-7.14,-6.93,-2.39,-5.95,7,3.12,18,0.6,0.5,0.5,1023.89,1024.3,1024.37,1024.13,3,0.38,12,1.0,0.4,0.6,,,,,,,,,,,,,,,,,,,,,,,,,,,,,,,,,,,,,,,,,,,,,,,,,,,,,,,,,,,,,,,,,,,,,,,,,,,,,,,,,,,,,,,,,,,,,,,,,,,,,,,,,,,,,,,,,,,,,,,,,,,,,,,,,,,,,,,,,,,,,,,,,,,,,,
1895,12,230.0,28.0,,,,,,,,,,,,,,,,,,,,,,,,,,,,,,,,,,,,,,,,4.5,6.7,6.7,5.51,7,1.62,16,0.9,0.3,0.4,-4.81,-4.74,0.0,-3.18,7,2.53,16,0.9,0.3,0.4,-4.74,-4.6,-2.48,-3.97,7,1.24,16,0.9,0.3,0.4,1024.51,1025.6,1026.62,1025.57,3,1.55,12,1.0,0.4,0.4,,,,,,,,,,,,,,,,,,,,,,,,,,,,,,,,,,,,,,,,,,,,,,,,,,,,,,,,,,,,,,,,,,,,,,,,,,,,,,,,,,,,,,,,,,,,,,,,,,,,,,,,,,,,,,,,,,,,,,,,,,,,,,,,,,,,,,,,,,,,,,,,,,,,,,
1895,12,230.0,30.0,,,,,,,,,,,,,,,,,,,,,,,,,,,,,,,,,,,,,,,,2.92,3.6,4.28,3.6,2,1.41,10,1.0,0.5,0.3,-1.61,-1.37,-1.13,-1.37,2,0.5,10,1.0,0.5,0.3,-1.34,0.94,3.21,0.94,2,4.71,10,1.0,0.5,0.3,1020.4,1020.4,1020.4,1020.4,1,0.0,16,1.0,0.8,0.3,,,,,,,,,,,,,,,,,,,,,,,,,,,,,,,,,,,,,,,,,,,,,,,,,,,,,,,,,,,,,,,,,,,,,,,,,,,,,,,,,,,,,,,,,,,,,,,,,,,,,,,,,,,,,,,,,,,,,,,,,,,,,,,,,,,,,,,,,,,,,,,,,,,,,,
1895,12,230.0,34.0,,,,,,,,,,,,,,,,,,,,,,,,,,,,,,,,,,,,,,,,15.4,15.4,15.4,15.4,1,0.0,16,1.0,0.3,0.3,5.77,5.77,5.77,5.77,1,0.0,16,1.0,0.3,0.3,-14.28,-14.28,-14.28,-14.28,1,0.0,16,1.0,0.3,0.3,1019.5,1019.5,1019.5,1019.5,1,0.0,16,1.0,0.3,0.3,,,,,,,,,,,,,,,,,,,,,,,,,,,,,,,,,,,,,,,,,,,,,,,,,,,,,,,,,,,,,,,,,,,,,,,,,,,,,,,,,,,,,,,,,,,,,,,,,,,,,,,,,,,,,,,,,,,,,,,,,,,,,,,,,,,,,,,,,,,,,,,,,,,,,,
1895,12,230.0,42.0,,,,,,,,,,,,,,,,,,,,,,,,,,,,,,,,,,,,,,,,9.78,10.8,11.82,10.8,2,2.12,16,1.0,0.5,0.5,-1.12,3.96,9.04,3.96,2,10.53,16,1.0,0.5,0.5,5.24,6.62,7.99,6.62,2,2.84,16,1.0,0.5,0.5,1024.12,1024.6,1025.08,1024.6,2,0.99,16,1.0,0.5,0.5,,,,,,,,,,,,,,,,,,,,,,,,,,,,,,,,,,,,,,,,,,,,,,,,,,,,,,,,,,,,,,,,,,,,,,,,,,,,,,,,,,,,,,,,,,,,,,,,,,,,,,,,,,,,,,,,,,,,,,,,,,,,,,,,,,,,,,,,,,,,,,,,,,,,,,
1895,12,230.0,44.0,,,,,,,,,,,,,,,,,,,,,,,,,,,,,,,,,,,,,,,,4.6,12.3,19.17,11.73,7,7.05,12,0.9,0.5,0.5,-0.76,0.0,5.41,1.37,7,9.85,12,0.9,0.5,0.5,2.74,6.7,12.48,6.68,7,7.69,12,0.9,0.5,0.5,1006.24,1012.2,1030.56,1017.32,5,14.91,14,1.0,0.6,0.5,,,,,,,,,,,,,,,,,,,,,,,,,,,,,,,,,,,,,,,,,,,,,,,,,,,,,,,,,,,,,,,,,,,,,,,,,,,,,,,,,,,,,,,,,,,,,,,,,,,,,,,,,,,,,,,,,,,,,,,,,,,,,,,,,,,,,,,,,,,,,,,,,,,,,,
1895,12,232.0,-26.0,,,,,,,,,,,,,,,,,,,,,,,,,,,,,,,,,,,,,,,,6.7,6.7,6.7,6.7,1,0.0,18,1.0,0.8,0.3,-4.74,-4.74,-4.74,-4.74,1,0.0,18,1.0,0.8,0.3,-4.74,-4.74,-4.74,-4.74,1,0.0,18,1.0,0.8,0.3,1015.9,1015.9,1015.9,1015.9,1,0.0,18,1.0,0.8,0.3,,,,,,,,,,,,,,,,,,,,,,,,,,,,,,,,,,,,,,,,,,,,,,,,,,,,,,,,,,,,,,,,,,,,,,,,,,,,,,,,,,,,,,,,,,,,,,,,,,,,,,,,,,,,,,,,,,,,,,,,,,,,,,,,,,,,,,,,,,,,,,,,,,,,,,
1895,12,232.0,-24.0,,,,,,,,,,,,,,,,,,,,,,,,,,,,,,,,,,,,,,,,6.7,6.7,6.7,6.7,1,0.0,16,1.0,0.3,0.8,-6.7,-6.7,-6.7,-6.7,1,0.0,16,1.0,0.3,0.8,0.0,0.0,0.0,0.0,1,0.0,16,1.0,0.3,0.8,1018.3,1018.3,1018.3,1018.3,1,0.0,16,1.0,0.3,0.8,,,,,,,,,,,,,,,,,,,,,,,,,,,,,,,,,,,,,,,,,,,,,,,,,,,,,,,,,,,,,,,,,,,,,,,,,,,,,,,,,,,,,,,,,,,,,,,,,,,,,,,,,,,,,,,,,,,,,,,,,,,,,,,,,,,,,,,,,,,,,,,,,,,,,,
1895,12,232.0,-22.0,,,,,,,,,,,,,,,,,,,,,,,,,,,,,,,,,,,,,,,,6.7,6.7,6.7,6.7,1,0.0,16,1.0,0.3,0.8,-6.7,-6.7,-6.7,-6.7,1,0.0,16,1.0,0.3,0.8,0.0,0.0,0.0,0.0,1,0.0,16,1.0,0.3,0.8,1018.4,1018.4,1018.4,1018.4,1,0.0,16,1.0,0.3,0.8,,,,,,,,,,,,,,,,,,,,,,,,,,,,,,,,,,,,,,,,,,,,,,,,,,,,,,,,,,,,,,,,,,,,,,,,,,,,,,,,,,,,,,,,,,,,,,,,,,,,,,,,,,,,,,,,,,,,,,,,,,,,,,,,,,,,,,,,,,,,,,,,,,,,,,
1895,12,232.0,-18.0,,,,,,,,,,,,,,,,,,,,,,,,,,,,,,,,,,,,,,,,4.6,4.6,4.6,4.6,1,0.0,14,1.0,0.3,0.3,-4.23,-4.23,-4.23,-4.23,1,0.0,14,1.0,0.3,0.3,1.8,1.8,1.8,1.8,1,0.0,14,1.0,0.3,0.3,1015.5,1015.5,1015.5,1015.5,1,0.0,14,1.0,0.3,0.3,,,,,,,,,,,,,,,,,,,,,,,,,,,,,,,,,,,,,,,,,,,,,,,,,,,,,,,,,,,,,,,,,,,,,,,,,,,,,,,,,,,,,,,,,,,,,,,,,,,,,,,,,,,,,,,,,,,,,,,,,,,,,,,,,,,,,,,,,,,,,,,,,,,,,,
1895,12,232.0,-16.0,,,,,,,,,,,,,,,,,,,,,,,,,,,,,,,,,,,,,,,,4.6,4.6,4.6,4.6,2,0.0,12,1.0,0.3,0.5,-4.6,-4.6,-4.6,-4.6,2,0.0,12,1.0,0.3,0.5,0.0,0.0,0.0,0.0,2,0.0,12,1.0,0.3,0.5,1015.53,1015.8,1016.07,1015.8,2,0.57,12,1.0,0.3,0.5,,,,,,,,,,,,,,,,,,,,,,,,,,,,,,,,,,,,,,,,,,,,,,,,,,,,,,,,,,,,,,,,,,,,,,,,,,,,,,,,,,,,,,,,,,,,,,,,,,,,,,,,,,,,,,,,,,,,,,,,,,,,,,,,,,,,,,,,,,,,,,,,,,,,,,
1895,12,232.0,-14.0,,,,,,,,,,,,,,,,,,,,,,,,,,,,,,,,,,,,,,,,4.6,4.6,4.6,4.6,1,0.0,12,1.0,0.3,0.8,-4.6,-4.6,-4.6,-4.6,1,0.0,12,1.0,0.3,0.8,0.0,0.0,0.0,0.0,1,0.0,12,1.0,0.3,0.8,1014.0,1014.0,1014.0,1014.0,1,0.0,12,1.0,0.3,0.8,,,,,,,,,,,,,,,,,,,,,,,,,,,,,,,,,,,,,,,,,,,,,,,,,,,,,,,,,,,,,,,,,,,,,,,,,,,,,,,,,,,,,,,,,,,,,,,,,,,,,,,,,,,,,,,,,,,,,,,,,,,,,,,,,,,,,,,,,,,,,,,,,,,,,,
1895,12,232.0,-12.0,,,,,,,,,,,,,,,,,,,,,,,,,,,,,,,,,,,,,,,,6.7,6.7,6.7,6.7,1,0.0,10,1.0,0.3,0.8,-6.7,-6.7,-6.7,-6.7,1,0.0,10,1.0,0.3,0.8,0.0,0.0,0.0,0.0,1,0.0,10,1.0,0.3,0.8,1012.6,1012.6,1012.6,1012.6,1,0.0,10,1.0,0.3,0.8,,,,,,,,,,,,,,,,,,,,,,,,,,,,,,,,,,,,,,,,,,,,,,,,,,,,,,,,,,,,,,,,,,,,,,,,,,,,,,,,,,,,,,,,,,,,,,,,,,,,,,,,,,,,,,,,,,,,,,,,,,,,,,,,,,,,,,,,,,,,,,,,,,,,,,
1895,12,232.0,-8.0,,,,,,,,,,,,,,,,,,,,,,,,,,,,,,,,,,,,,,,,6.7,6.7,6.7,6.7,1,0.0,10,1.0,0.3,0.8,-6.7,-6.7,-6.7,-6.7,1,0.0,10,1.0,0.3,0.8,0.0,0.0,0.0,0.0,1,0.0,10,1.0,0.3,0.8,1011.8,1011.8,1011.8,1011.8,1,0.0,10,1.0,0.3,0.8,,,,,,,,,,,,,,,,,,,,,,,,,,,,,,,,,,,,,,,,,,,,,,,,,,,,,,,,,,,,,,,,,,,,,,,,,,,,,,,,,,,,,,,,,,,,,,,,,,,,,,,,,,,,,,,,,,,,,,,,,,,,,,,,,,,,,,,,,,,,,,,,,,,,,,
1895,12,232.0,-4.0,,,,,,,,,,,,,,,,,,,,,,,,,,,,,,,,,,,,,,,,6.7,6.7,6.7,6.7,1,0.0,8,1.0,0.8,0.3,-4.74,-4.74,-4.74,-4.74,1,0.0,8,1.0,0.8,0.3,4.74,4.74,4.74,4.74,1,0.0,8,1.0,0.8,0.3,1010.3,1010.3,1010.3,1010.3,1,0.0,8,1.0,0.8,0.3,,,,,,,,,,,,,,,,,,,,,,,,,,,,,,,,,,,,,,,,,,,,,,,,,,,,,,,,,,,,,,,,,,,,,,,,,,,,,,,,,,,,,,,,,,,,,,,,,,,,,,,,,,,,,,,,,,,,,,,,,,,,,,,,,,,,,,,,,,,,,,,,,,,,,,
1895,12,232.0,24.0,,,,,,,,,,,,,,,,,,,,,,,,,,,,,,,,,,,,,,,,9.36,9.8,9.8,9.15,8,2.8,20,0.6,0.4,0.5,-6.93,-6.93,-2.24,-5.03,8,3.98,20,0.6,0.4,0.5,-8.57,-6.93,-6.93,-6.88,8,2.18,20,0.6,0.4,0.5,1021.37,1021.75,1022.13,1021.75,2,0.78,12,1.0,0.5,0.5,,,,,,,,,,,,,,,,,,,,,,,,,,,,,,,,,,,,,,,,,,,,,,,,,,,,,,,,,,,,,,,,,,,,,,,,,,,,,,,,,,,,,,,,,,,,,,,,,,,,,,,,,,,,,,,,,,,,,,,,,,,,,,,,,,,,,,,,,,,,,,,,,,,,,,
1895,12,232.0,26.0,,,,,,,,,,,,,,,,,,,,,,,,,,,,,,,,,,,,,,,,5.82,8.45,11.08,8.45,2,5.44,16,1.0,0.3,0.3,-7.83,-5.98,-4.12,-5.98,2,3.85,16,1.0,0.3,0.3,-7.83,-5.98,-4.12,-5.98,2,3.85,16,1.0,0.3,0.3,1021.6,1021.6,1021.6,1021.6,1,0.0,10,1.0,0.3,0.3,,,,,,,,,,,,,,,,,,,,,,,,,,,,,,,,,,,,,,,,,,,,,,,,,,,,,,,,,,,,,,,,,,,,,,,,,,,,,,,,,,,,,,,,,,,,,,,,,,,,,,,,,,,,,,,,,,,,,,,,,,,,,,,,,,,,,,,,,,,,,,,,,,,,,,
1895,12,232.0,30.0,,,,,,,,,,,,,,,,,,,,,,,,,,,,,,,,,,,,,,,,2.6,2.6,2.6,2.6,1,0.0,18,1.0,0.8,0.3,0.0,0.0,0.0,0.0,1,0.0,18,1.0,0.8,0.3,-2.6,-2.6,-2.6,-2.6,1,0.0,18,1.0,0.8,0.3,1023.9,1023.9,1023.9,1023.9,1,0.0,18,1.0,0.8,0.3,,,,,,,,,,,,,,,,,,,,,,,,,,,,,,,,,,,,,,,,,,,,,,,,,,,,,,,,,,,,,,,,,,,,,,,,,,,,,,,,,,,,,,,,,,,,,,,,,,,,,,,,,,,,,,,,,,,,,,,,,,,,,,,,,,,,,,,,,,,,,,,,,,,,,,
1895,12,232.0,34.0,,,,,,,,,,,,,,,,,,,,,,,,,,,,,,,,,,,,,,,,6.7,6.7,6.7,6.7,1,0.0,16,1.0,0.3,0.8,2.51,2.51,2.51,2.51,1,0.0,16,1.0,0.3,0.8,-6.21,-6.21,-6.21,-6.21,1,0.0,16,1.0,0.3,0.8,1021.5,1021.5,1021.5,1021.5,1,0.0,16,1.0,0.3,0.8,,,,,,,,,,,,,,,,,,,,,,,,,,,,,,,,,,,,,,,,,,,,,,,,,,,,,,,,,,,,,,,,,,,,,,,,,,,,,,,,,,,,,,,,,,,,,,,,,,,,,,,,,,,,,,,,,,,,,,,,,,,,,,,,,,,,,,,,,,,,,,,,,,,,,,
1895,12,232.0,36.0,,,,,,,,,,,,,,,,,,,,,,,,,,,,,,,,,,,,,,,,9.3,9.3,9.3,9.3,1,0.0,14,1.0,0.3,0.8,9.3,9.3,9.3,9.3,1,0.0,14,1.0,0.3,0.8,0.0,0.0,0.0,0.0,1,0.0,14,1.0,0.3,0.8,1032.4,1032.4,1032.4,1032.4,1,0.0,28,1.0,0.8,0.3,,,,,,,,,,,,,,,,,,,,,,,,,,,,,,,,,,,,,,,,,,,,,,,,,,,,,,,,,,,,,,,,,,,,,,,,,,,,,,,,,,,,,,,,,,,,,,,,,,,,,,,,,,,,,,,,,,,,,,,,,,,,,,,,,,,,,,,,,,,,,,,,,,,,,,
1895,12,232.0,40.0,,,,,,,,,,,,,,,,,,,,,,,,,,,,,,,,,,,,,,,,12.3,12.3,12.3,12.3,1,0.0,28,1.0,0.8,0.8,11.32,11.32,11.32,11.32,1,0.0,28,1.0,0.8,0.8,-4.81,-4.81,-4.81,-4.81,1,0.0,28,1.0,0.8,0.8,1028.3,1028.3,1028.3,1028.3,1,0.0,28,1.0,0.8,0.8,,,,,,,,,,,,,,,,,,,,,,,,,,,,,,,,,,,,,,,,,,,,,,,,,,,,,,,,,,,,,,,,,,,,,,,,,,,,,,,,,,,,,,,,,,,,,,,,,,,,,,,,,,,,,,,,,,,,,,,,,,,,,,,,,,,,,,,,,,,,,,,,,,,,,,
1895,12,232.0,42.0,,,,,,,,,,,,,,,,,,,,,,,,,,,,,,,,,,,,,,,,3.66,5.95,8.24,5.95,2,4.74,6,1.0,0.5,0.5,-2.93,-1.74,-0.55,-1.74,2,2.46,6,1.0,0.5,0.5,3.56,5.61,7.67,5.61,2,4.26,6,1.0,0.5,0.5,1018.7,1018.7,1018.7,1018.7,1,0.0,6,1.0,0.3,0.3,,,,,,,,,,,,,,,,,,,,,,,,,,,,,,,,,,,,,,,,,,,,,,,,,,,,,,,,,,,,,,,,,,,,,,,,,,,,,,,,,,,,,,,,,,,,,,,,,,,,,,,,,,,,,,,,,,,,,,,,,,,,,,,,,,,,,,,,,,,,,,,,,,,,,,
1895,12,232.0,44.0,,,,,,,,,,,,,,,,,,,,,,,,,,,,,,,,,,,,,,,,9.78,10.8,11.82,10.8,2,2.12,16,1.0,0.3,0.5,1.38,4.35,7.32,4.35,2,6.15,16,1.0,0.3,0.5,8.79,9.0,9.2,9.0,2,0.43,16,1.0,0.3,0.5,1025.7,1025.7,1025.7,1025.7,1,0.0,26,1.0,0.3,0.3,,,,,,,,,,,,,,,,,,,,,,,,,,,,,,,,,,,,,,,,,,,,,,,,,,,,,,,,,,,,,,,,,,,,,,,,,,,,,,,,,,,,,,,,,,,,,,,,,,,,,,,,,,,,,,,,,,,,,,,,,,,,,,,,,,,,,,,,,,,,,,,,,,,,,,
1895,12,232.0,46.0,,,,,,,,,,,,,,,,,,,,,,,,,,,,,,,,,,,,,,,,6.6,9.8,10.07,9.41,7,3.34,6,0.7,0.5,0.4,-0.74,0.0,0.09,-1.94,7,5.97,6,0.7,0.5,0.4,4.03,9.8,9.8,7.16,7,3.83,6,0.7,0.5,0.4,1025.3,1025.3,1025.3,1025.3,1,0.0,2,1.0,0.3,0.3,,,,,,,,,,,,,,,,,,,,,,,,,,,,,,,,,,,,,,,,,,,,,,,,,,,,,,,,,,,,,,,,,,,,,,,,,,,,,,,,,,,,,,,,,,,,,,,,,,,,,,,,,,,,,,,,,,,,,,,,,,,,,,,,,,,,,,,,,,,,,,,,,,,,,,
1895,12,234.0,-30.0,,,,,,,,,,,,,,,,,,,,,,,,,,,,,,,,,,,,,,,,4.6,4.6,4.6,4.6,1,0.0,20,1.0,0.8,0.3,4.23,4.23,4.23,4.23,1,0.0,20,1.0,0.8,0.3,-1.8,-1.8,-1.8,-1.8,1,0.0,20,1.0,0.8,0.3,1015.0,1015.0,1015.0,1015.0,1,0.0,20,1.0,0.8,0.3,,,,,,,,,,,,,,,,,,,,,,,,,,,,,,,,,,,,,,,,,,,,,,,,,,,,,,,,,,,,,,,,,,,,,,,,,,,,,,,,,,,,,,,,,,,,,,,,,,,,,,,,,,,,,,,,,,,,,,,,,,,,,,,,,,,,,,,,,,,,,,,,,,,,,,
1895,12,234.0,-28.0,,,,,,,,,,,,,,,,,,,,,,,,,,,,,,,,,,,,,,,,9.3,9.3,9.3,9.3,1,0.0,18,1.0,0.3,0.3,0.0,0.0,0.0,0.0,1,0.0,18,1.0,0.3,0.3,-9.3,-9.3,-9.3,-9.3,1,0.0,18,1.0,0.3,0.3,1014.4,1014.4,1014.4,1014.4,1,0.0,18,1.0,0.3,0.3,,,,,,,,,,,,,,,,,,,,,,,,,,,,,,,,,,,,,,,,,,,,,,,,,,,,,,,,,,,,,,,,,,,,,,,,,,,,,,,,,,,,,,,,,,,,,,,,,,,,,,,,,,,,,,,,,,,,,,,,,,,,,,,,,,,,,,,,,,,,,,,,,,,,,,
1895,12,234.0,-2.0,,,,,,,,,,,,,,,,,,,,,,,,,,,,,,,,,,,,,,,,6.7,6.7,6.7,6.7,1,0.0,8,1.0,0.3,0.8,-4.74,-4.74,-4.74,-4.74,1,0.0,8,1.0,0.3,0.8,4.74,4.74,4.74,4.74,1,0.0,8,1.0,0.3,0.8,1010.1,1010.1,1010.1,1010.1,1,0.0,8,1.0,0.3,0.8,,,,,,,,,,,,,,,,,,,,,,,,,,,,,,,,,,,,,,,,,,,,,,,,,,,,,,,,,,,,,,,,,,,,,,,,,,,,,,,,,,,,,,,,,,,,,,,,,,,,,,,,,,,,,,,,,,,,,,,,,,,,,,,,,,,,,,,,,,,,,,,,,,,,,,
1895,12,234.0,0.0,,,,,,,,,,,,,,,,,,,,,,,,,,,,,,,,,,,,,,,,6.7,6.7,6.7,6.7,1,0.0,8,1.0,0.5,0.0,-4.74,-4.74,-4.74,-4.74,1,0.0,8,1.0,0.5,0.0,4.74,4.74,4.74,4.74,1,0.0,8,1.0,0.5,0.0,1010.0,1010.0,1010.0,1010.0,2,0.0,6,1.0,0.6,0.4,,,,,,,,,,,,,,,,,,,,,,,,,,,,,,,,,,,,,,,,,,,,,,,,,,,,,,,,,,,,,,,,,,,,,,,,,,,,,,,,,,,,,,,,,,,,,,,,,,,,,,,,,,,,,,,,,,,,,,,,,,,,,,,,,,,,,,,,,,,,,,,,,,,,,,
1895,12,234.0,22.0,,,,,,,,,,,,,,,,,,,,,,,,,,,,,,,,,,,,,,,,4.6,4.6,6.85,5.94,7,1.97,18,0.6,0.5,0.3,-4.74,-2.57,-1.75,-3.02,7,1.47,18,0.6,0.5,0.3,-4.94,-4.52,-3.81,-4.98,7,1.82,18,0.6,0.5,0.3,1018.62,1019.3,1019.98,1019.3,2,1.41,8,1.0,0.5,0.3,,,,,,,,,,,,,,,,,,,,,,,,,,,,,,,,,,,,,,,,,,,,,,,,,,,,,,,,,,,,,,,,,,,,,,,,,,,,,,,,,,,,,,,,,,,,,,,,,,,,,,,,,,,,,,,,,,,,,,,,,,,,,,,,,,,,,,,,,,,,,,,,,,,,,,
1895,12,234.0,24.0,,,,,,,,,,,,,,,,,,,,,,,,,,,,,,,,,,,,,,,,6.7,6.7,6.7,6.7,1,0.0,8,1.0,0.3,0.3,-4.74,-4.74,-4.74,-4.74,1,0.0,8,1.0,0.3,0.3,-4.74,-4.74,-4.74,-4.74,1,0.0,8,1.0,0.3,0.3,1021.2,1021.2,1021.2,1021.2,1,0.0,8,1.0,0.3,0.3,,,,,,,,,,,,,,,,,,,,,,,,,,,,,,,,,,,,,,,,,,,,,,,,,,,,,,,,,,,,,,,,,,,,,,,,,,,,,,,,,,,,,,,,,,,,,,,,,,,,,,,,,,,,,,,,,,,,,,,,,,,,,,,,,,,,,,,,,,,,,,,,,,,,,,
1895,12,234.0,28.0,,,,,,,,,,,,,,,,,,,,,,,,,,,,,,,,,,,,,,,,3.66,5.95,8.24,5.95,2,4.74,24,1.0,0.3,0.8,-8.12,-5.57,-3.02,-5.57,2,5.28,24,1.0,0.3,0.8,-1.55,-0.92,-0.29,-0.92,2,1.3,24,1.0,0.3,0.8,1026.49,1026.9,1027.31,1026.9,2,0.85,24,1.0,0.3,0.8,,,,,,,,,,,,,,,,,,,,,,,,,,,,,,,,,,,,,,,,,,,,,,,,,,,,,,,,,,,,,,,,,,,,,,,,,,,,,,,,,,,,,,,,,,,,,,,,,,,,,,,,,,,,,,,,,,,,,,,,,,,,,,,,,,,,,,,,,,,,,,,,,,,,,,
1895,12,234.0,30.0,,,,,,,,,,,,,,,,,,,,,,,,,,,,,,,,,,,,,,,,2.71,4.6,4.6,3.7,4,1.8,18,1.0,0.5,0.5,-3.25,-2.09,0.46,-1.43,4,2.37,18,1.0,0.5,0.5,-3.78,-1.43,1.89,-0.97,4,3.45,18,1.0,0.5,0.5,1018.23,1020.65,1023.07,1020.65,2,5.02,20,1.0,0.5,0.5,,,,,,,,,,,,,,,,,,,,,,,,,,,,,,,,,,,,,,,,,,,,,,,,,,,,,,,,,,,,,,,,,,,,,,,,,,,,,,,,,,,,,,,,,,,,,,,,,,,,,,,,,,,,,,,,,,,,,,,,,,,,,,,,,,,,,,,,,,,,,,,,,,,,,,
1895,12,234.0,36.0,,,,,,,,,,,,,,,,,,,,,,,,,,,,,,,,,,,,,,,,6.7,6.7,6.7,6.7,1,0.0,18,1.0,0.8,0.3,2.51,2.51,2.51,2.51,1,0.0,18,1.0,0.8,0.3,-6.21,-6.21,-6.21,-6.21,1,0.0,18,1.0,0.8,0.3,1022.0,1022.0,1022.0,1022.0,1,0.0,18,1.0,0.8,0.3,,,,,,,,,,,,,,,,,,,,,,,,,,,,,,,,,,,,,,,,,,,,,,,,,,,,,,,,,,,,,,,,,,,,,,,,,,,,,,,,,,,,,,,,,,,,,,,,,,,,,,,,,,,,,,,,,,,,,,,,,,,,,,,,,,,,,,,,,,,,,,,,,,,,,,
1895,12,234.0,48.0,,,,,,,,,,,,,,,,,,,,,,,,,,,,,,,,,,,,,,,,6.7,9.8,10.44,9.27,12,2.24,10,0.3,0.5,0.3,-4.93,-3.67,-2.31,-2.82,12,4.78,10,0.3,0.5,0.3,4.62,8.89,9.09,6.81,12,4.07,10,0.3,0.5,0.3,1018.7,1018.7,1018.7,1018.7,1,0.0,30,1.0,0.3,0.3,,,,,,,,,,,,,,,,,,,,,,,,,,,,,,,,,,,,,,,,,,,,,,,,,,,,,,,,,,,,,,,,,,,,,,,,,,,,,,,,,,,,,,,,,,,,,,,,,,,,,,,,,,,,,,,,,,,,,,,,,,,,,,,,,,,,,,,,,,,,,,,,,,,,,,
1895,12,236.0,-36.0,,,,,,,,,,,,,,,,,,,,,,,,,,,,,,,,,,,,,,,,2.6,2.6,5.03,3.62,6,1.71,6,0.7,0.3,0.3,-0.88,0.5,1.59,0.03,6,3.3,6,0.7,0.3,0.3,2.52,2.55,2.58,2.54,6,0.08,6,0.7,0.3,0.3,1025.1,1025.1,1025.1,1025.1,1,0.0,22,1.0,0.8,0.8,,,,,,,,,,,,,,,,,,,,,,,,,,,,,,,,,,,,,,,,,,,,,,,,,,,,,,,,,,,,,,,,,,,,,,,,,,,,,,,,,,,,,,,,,,,,,,,,,,,,,,,,,,,,,,,,,,,,,,,,,,,,,,,,,,,,,,,,,,,,,,,,,,,,,,
1895,12,236.0,-34.0,,,,,,,,,,,,,,,,,,,,,,,,,,,,,,,,,,,,,,,,1.0,1.0,1.0,1.0,1,0.0,22,1.0,0.8,0.3,-0.39,-0.39,-0.39,-0.39,1,0.0,22,1.0,0.8,0.3,-0.92,-0.92,-0.92,-0.92,1,0.0,22,1.0,0.8,0.3,1019.8,1019.8,1019.8,1019.8,1,0.0,22,1.0,0.8,0.3,,,,,,,,,,,,,,,,,,,,,,,,,,,,,,,,,,,,,,,,,,,,,,,,,,,,,,,,,,,,,,,,,,,,,,,,,,,,,,,,,,,,,,,,,,,,,,,,,,,,,,,,,,,,,,,,,,,,,,,,,,,,,,,,,,,,,,,,,,,,,,,,,,,,,,
1895,12,236.0,-32.0,,,,,,,,,,,,,,,,,,,,,,,,,,,,,,,,,,,,,,,,6.7,6.7,6.7,6.7,1,0.0,20,1.0,0.3,0.3,-2.62,-2.62,-2.62,-2.62,1,0.0,20,1.0,0.3,0.3,-6.17,-6.17,-6.17,-6.17,1,0.0,20,1.0,0.3,0.3,1017.0,1017.0,1017.0,1017.0,1,0.0,20,1.0,0.3,0.3,,,,,,,,,,,,,,,,,,,,,,,,,,,,,,,,,,,,,,,,,,,,,,,,,,,,,,,,,,,,,,,,,,,,,,,,,,,,,,,,,,,,,,,,,,,,,,,,,,,,,,,,,,,,,,,,,,,,,,,,,,,,,,,,,,,,,,,,,,,,,,,,,,,,,,
1895,12,236.0,18.0,,,,,,,,,,,,,,,,,,,,,,,,,,,,,,,,,,,,,,,,6.7,6.7,6.7,6.7,1,0.0,8,1.0,0.3,0.8,-2.62,-2.62,-2.62,-2.62,1,0.0,8,1.0,0.3,0.8,-6.17,-6.17,-6.17,-6.17,1,0.0,8,1.0,0.3,0.8,1016.2,1016.2,1016.2,1016.2,1,0.0,8,1.0,0.3,0.8,,,,,,,,,,,,,,,,,,,,,,,,,,,,,,,,,,,,,,,,,,,,,,,,,,,,,,,,,,,,,,,,,,,,,,,,,,,,,,,,,,,,,,,,,,,,,,,,,,,,,,,,,,,,,,,,,,,,,,,,,,,,,,,,,,,,,,,,,,,,,,,,,,,,,,
1895,12,236.0,24.0,,,,,,,,,,,,,,,,,,,,,,,,,,,,,,,,,,,,,,,,9.3,9.3,9.3,9.3,2,0.0,16,1.0,0.3,0.8,-7.82,-4.65,-1.48,-4.65,2,6.58,16,1.0,0.3,0.8,-7.82,-4.65,-1.48,-4.65,2,6.58,16,1.0,0.3,0.8,1021.2,1021.2,1021.2,1021.2,1,0.0,12,1.0,0.3,0.8,,,,,,,,,,,,,,,,,,,,,,,,,,,,,,,,,,,,,,,,,,,,,,,,,,,,,,,,,,,,,,,,,,,,,,,,,,,,,,,,,,,,,,,,,,,,,,,,,,,,,,,,,,,,,,,,,,,,,,,,,,,,,,,,,,,,,,,,,,,,,,,,,,,,,,
1895,12,236.0,30.0,,,,,,,,,,,,,,,,,,,,,,,,,,,,,,,,,,,,,,,,1.0,1.0,1.0,1.0,1,0.0,22,1.0,0.8,0.8,0.71,0.71,0.71,0.71,1,0.0,22,1.0,0.8,0.8,-0.71,-0.71,-0.71,-0.71,1,0.0,22,1.0,0.8,0.8,1016.6,1016.6,1016.6,1016.6,1,0.0,22,1.0,0.8,0.8,,,,,,,,,,,,,,,,,,,,,,,,,,,,,,,,,,,,,,,,,,,,,,,,,,,,,,,,,,,,,,,,,,,,,,,,,,,,,,,,,,,,,,,,,,,,,,,,,,,,,,,,,,,,,,,,,,,,,,,,,,,,,,,,,,,,,,,,,,,,,,,,,,,,,,
1895,12,236.0,36.0,,,,,,,,,,,,,,,,,,,,,,,,,,,,,,,,,,,,,,,,6.7,6.7,6.7,6.7,1,0.0,18,1.0,0.3,0.8,-4.74,-4.74,-4.74,-4.74,1,0.0,18,1.0,0.3,0.8,4.74,4.74,4.74,4.74,1,0.0,18,1.0,0.3,0.8,1026.6,1026.6,1026.6,1026.6,1,0.0,18,1.0,0.3,0.8,,,,,,,,,,,,,,,,,,,,,,,,,,,,,,,,,,,,,,,,,,,,,,,,,,,,,,,,,,,,,,,,,,,,,,,,,,,,,,,,,,,,,,,,,,,,,,,,,,,,,,,,,,,,,,,,,,,,,,,,,,,,,,,,,,,,,,,,,,,,,,,,,,,,,,
1895,12,238.0,-38.0,,,,,,,,,,,,,,,,,,,,,,,,,,,,,,,,,,,,,,,,4.6,4.6,4.6,4.6,3,0.0,18,1.0,0.4,0.3,-3.73,-2.57,-2.04,-2.88,3,1.26,18,1.0,0.4,0.3,-4.1,-3.81,-2.39,-3.26,3,1.34,18,1.0,0.4,0.3,1026.85,1027.4,1027.95,1027.4,2,1.13,24,1.0,0.5,0.3,,,,,,,,,,,,,,,,,,,,,,,,,,,,,,,,,,,,,,,,,,,,,,,,,,,,,,,,,,,,,,,,,,,,,,,,,,,,,,,,,,,,,,,,,,,,,,,,,,,,,,,,,,,,,,,,,,,,,,,,,,,,,,,,,,,,,,,,,,,,,,,,,,,,,,
1895,12,238.0,-36.0,,,,,,,,,,,,,,,,,,,,,,,,,,,,,,,,,,,,,,,,4.6,4.6,4.6,4.6,1,0.0,24,1.0,0.3,0.3,-4.27,-4.27,-4.27,-4.27,1,0.0,24,1.0,0.3,0.3,-1.72,-1.72,-1.72,-1.72,1,0.0,24,1.0,0.3,0.3,1028.3,1028.3,1028.3,1028.3,1,0.0,24,1.0,0.3,0.3,,,,,,,,,,,,,,,,,,,,,,,,,,,,,,,,,,,,,,,,,,,,,,,,,,,,,,,,,,,,,,,,,,,,,,,,,,,,,,,,,,,,,,,,,,,,,,,,,,,,,,,,,,,,,,,,,,,,,,,,,,,,,,,,,,,,,,,,,,,,,,,,,,,,,,
1895,12,238.0,2.0,,,,,,,,,,,,,,,,,,,,,,,,,,,,,,,,,,,,,,,,6.7,6.7,6.7,6.7,1,0.0,6,1.0,0.3,0.8,-2.51,-2.51,-2.51,-2.51,1,0.0,6,1.0,0.3,0.8,6.21,6.21,6.21,6.21,1,0.0,6,1.0,0.3,0.8,1012.0,1012.0,1012.0,1012.0,1,0.0,6,1.0,0.3,0.8,,,,,,,,,,,,,,,,,,,,,,,,,,,,,,,,,,,,,,,,,,,,,,,,,,,,,,,,,,,,,,,,,,,,,,,,,,,,,,,,,,,,,,,,,,,,,,,,,,,,,,,,,,,,,,,,,,,,,,,,,,,,,,,,,,,,,,,,,,,,,,,,,,,,,,
1895,12,238.0,4.0,,,,,,,,,,,,,,,,,,,,,,,,,,,,,,,,,,,,,,,,6.7,6.7,6.7,6.7,1,0.0,4,1.0,0.8,0.8,-4.74,-4.74,-4.74,-4.74,1,0.0,4,1.0,0.8,0.8,4.74,4.74,4.74,4.74,1,0.0,4,1.0,0.8,0.8,1012.3,1012.3,1012.3,1012.3,1,0.0,4,1.0,0.8,0.8,,,,,,,,,,,,,,,,,,,,,,,,,,,,,,,,,,,,,,,,,,,,,,,,,,,,,,,,,,,,,,,,,,,,,,,,,,,,,,,,,,,,,,,,,,,,,,,,,,,,,,,,,,,,,,,,,,,,,,,,,,,,,,,,,,,,,,,,,,,,,,,,,,,,,,
1895,12,238.0,12.0,,,,,,,,,,,,,,,,,,,,,,,,,,,,,,,,,,,,,,,,7.59,9.5,11.41,9.5,2,3.96,16,1.0,0.5,0.8,-4.8,-4.77,-4.75,-4.77,2,0.05,16,1.0,0.5,0.8,-10.28,-8.03,-5.78,-8.03,2,4.66,16,1.0,0.5,0.8,1011.9,1011.9,1011.9,1011.9,1,0.0,6,1.0,0.8,0.8,,,,,,,,,,,,,,,,,,,,,,,,,,,,,,,,,,,,,,,,,,,,,,,,,,,,,,,,,,,,,,,,,,,,,,,,,,,,,,,,,,,,,,,,,,,,,,,,,,,,,,,,,,,,,,,,,,,,,,,,,,,,,,,,,,,,,,,,,,,,,,,,,,,,,,
1895,12,238.0,16.0,,,,,,,,,,,,,,,,,,,,,,,,,,,,,,,,,,,,,,,,8.03,15.4,15.4,11.8,3,6.24,16,0.3,0.6,0.6,-12.17,-10.89,-5.68,-8.97,3,5.04,16,0.3,0.6,0.6,-10.17,-8.61,-4.95,-7.58,3,3.92,16,0.3,0.6,0.6,1014.3,1014.3,1014.3,1014.3,1,0.0,8,1.0,0.3,0.3,,,,,,,,,,,,,,,,,,,,,,,,,,,,,,,,,,,,,,,,,,,,,,,,,,,,,,,,,,,,,,,,,,,,,,,,,,,,,,,,,,,,,,,,,,,,,,,,,,,,,,,,,,,,,,,,,,,,,,,,,,,,,,,,,,,,,,,,,,,,,,,,,,,,,,
1895,12,238.0,20.0,,,,,,,,,,,,,,,,,,,,,,,,,,,,,,,,,,,,,,,,6.7,6.7,6.7,6.7,1,0.0,6,1.0,0.3,0.3,-4.74,-4.74,-4.74,-4.74,1,0.0,6,1.0,0.3,0.3,-4.74,-4.74,-4.74,-4.74,1,0.0,6,1.0,0.3,0.3,1017.9,1017.9,1017.9,1017.9,1,0.0,6,1.0,0.3,0.3,,,,,,,,,,,,,,,,,,,,,,,,,,,,,,,,,,,,,,,,,,,,,,,,,,,,,,,,,,,,,,,,,,,,,,,,,,,,,,,,,,,,,,,,,,,,,,,,,,,,,,,,,,,,,,,,,,,,,,,,,,,,,,,,,,,,,,,,,,,,,,,,,,,,,,
1895,12,238.0,24.0,,,,,,,,,,,,,,,,,,,,,,,,,,,,,,,,,,,,,,,,9.3,9.3,9.3,9.3,1,0.0,10,1.0,0.8,0.3,0.0,0.0,0.0,0.0,1,0.0,10,1.0,0.8,0.3,-9.3,-9.3,-9.3,-9.3,1,0.0,10,1.0,0.8,0.3,1018.6,1018.6,1018.6,1018.6,1,0.0,10,1.0,0.8,0.3,,,,,,,,,,,,,,,,,,,,,,,,,,,,,,,,,,,,,,,,,,,,,,,,,,,,,,,,,,,,,,,,,,,,,,,,,,,,,,,,,,,,,,,,,,,,,,,,,,,,,,,,,,,,,,,,,,,,,,,,,,,,,,,,,,,,,,,,,,,,,,,,,,,,,,
1895,12,238.0,32.0,,,,,,,,,,,,,,,,,,,,,,,,,,,,,,,,,,,,,,,,4.6,4.6,4.6,4.6,1,0.0,22,1.0,0.8,0.3,0.0,0.0,0.0,0.0,1,0.0,22,1.0,0.8,0.3,-4.6,-4.6,-4.6,-4.6,1,0.0,22,1.0,0.8,0.3,1018.4,1018.4,1018.4,1018.4,1,0.0,22,1.0,0.8,0.3,,,,,,,,,,,,,,,,,,,,,,,,,,,,,,,,,,,,,,,,,,,,,,,,,,,,,,,,,,,,,,,,,,,,,,,,,,,,,,,,,,,,,,,,,,,,,,,,,,,,,,,,,,,,,,,,,,,,,,,,,,,,,,,,,,,,,,,,,,,,,,,,,,,,,,
1895,12,240.0,-40.0,,,,,,,,,,,,,,,,,,,,,,,,,,,,,,,,,,,,,,,,6.7,6.7,6.7,6.7,1,0.0,26,1.0,0.8,0.3,2.51,2.51,2.51,2.51,1,0.0,26,1.0,0.8,0.3,-6.21,-6.21,-6.21,-6.21,1,0.0,26,1.0,0.8,0.3,1021.1,1021.1,1021.1,1021.1,1,0.0,26,1.0,0.8,0.3,,,,,,,,,,,,,,,,,,,,,,,,,,,,,,,,,,,,,,,,,,,,,,,,,,,,,,,,,,,,,,,,,,,,,,,,,,,,,,,,,,,,,,,,,,,,,,,,,,,,,,,,,,,,,,,,,,,,,,,,,,,,,,,,,,,,,,,,,,,,,,,,,,,,,,
1895,12,240.0,6.0,,,,,,,,,,,,,,,,,,,,,,,,,,,,,,,,,,,,,,,,4.6,4.6,4.6,4.6,3,0.0,2,1.0,0.8,0.4,-3.44,-1.72,-0.55,-1.99,3,2.13,2,1.0,0.8,0.4,2.58,4.27,4.49,3.55,3,1.53,2,1.0,0.8,0.4,1011.6,1011.8,1012.14,1011.87,3,0.4,2,1.0,0.8,0.4,,,,,,,,,,,,,,,,,,,,,,,,,,,,,,,,,,,,,,,,,,,,,,,,,,,,,,,,,,,,,,,,,,,,,,,,,,,,,,,,,,,,,,,,,,,,,,,,,,,,,,,,,,,,,,,,,,,,,,,,,,,,,,,,,,,,,,,,,,,,,,,,,,,,,,
1895,12,240.0,8.0,,,,,,,,,,,,,,,,,,,,,,,,,,,,,,,,,,,,,,,,0.32,1.0,3.46,1.87,3,2.42,2,1.0,0.8,0.2,-0.27,0.0,0.0,-0.13,3,0.23,2,1.0,0.8,0.2,-0.63,0.0,3.14,1.23,3,2.96,2,1.0,0.8,0.2,1011.1,1011.3,1012.26,1011.67,3,0.91,2,1.0,0.8,0.2,,,,,,,,,,,,,,,,,,,,,,,,,,,,,,,,,,,,,,,,,,,,,,,,,,,,,,,,,,,,,,,,,,,,,,,,,,,,,,,,,,,,,,,,,,,,,,,,,,,,,,,,,,,,,,,,,,,,,,,,,,,,,,,,,,,,,,,,,,,,,,,,,,,,,,
1895,12,240.0,10.0,,,,,,,,,,,,,,,,,,,,,,,,,,,,,,,,,,,,,,,,4.6,4.6,4.6,4.6,1,0.0,6,1.0,0.8,0.3,-3.25,-3.25,-3.25,-3.25,1,0.0,6,1.0,0.8,0.3,-3.25,-3.25,-3.25,-3.25,1,0.0,6,1.0,0.8,0.3,1011.3,1011.3,1011.3,1011.3,1,0.0,6,1.0,0.8,0.3,,,,,,,,,,,,,,,,,,,,,,,,,,,,,,,,,,,,,,,,,,,,,,,,,,,,,,,,,,,,,,,,,,,,,,,,,,,,,,,,,,,,,,,,,,,,,,,,,,,,,,,,,,,,,,,,,,,,,,,,,,,,,,,,,,,,,,,,,,,,,,,,,,,,,,
1895,12,240.0,16.0,,,,,,,,,,,,,,,,,,,,,,,,,,,,,,,,,,,,,,,,7.04,12.3,12.3,9.73,3,4.45,14,0.7,0.4,0.4,-9.72,-8.7,-4.98,-7.38,3,3.65,14,0.7,0.4,0.4,-8.12,-6.88,-4.4,-6.28,3,2.77,14,0.7,0.4,0.4,1016.6,1016.6,1016.6,1016.6,1,0.0,4,1.0,0.8,0.8,,,,,,,,,,,,,,,,,,,,,,,,,,,,,,,,,,,,,,,,,,,,,,,,,,,,,,,,,,,,,,,,,,,,,,,,,,,,,,,,,,,,,,,,,,,,,,,,,,,,,,,,,,,,,,,,,,,,,,,,,,,,,,,,,,,,,,,,,,,,,,,,,,,,,,
1895,12,240.0,18.0,,,,,,,,,,,,,,,,,,,,,,,,,,,,,,,,,,,,,,,,4.6,4.6,4.6,4.6,1,0.0,6,1.0,0.3,0.3,-1.8,-1.8,-1.8,-1.8,1,0.0,6,1.0,0.3,0.3,-4.23,-4.23,-4.23,-4.23,1,0.0,6,1.0,0.3,0.3,1016.7,1016.7,1016.7,1016.7,1,0.0,6,1.0,0.3,0.3,,,,,,,,,,,,,,,,,,,,,,,,,,,,,,,,,,,,,,,,,,,,,,,,,,,,,,,,,,,,,,,,,,,,,,,,,,,,,,,,,,,,,,,,,,,,,,,,,,,,,,,,,,,,,,,,,,,,,,,,,,,,,,,,,,,,,,,,,,,,,,,,,,,,,,
1895,12,240.0,32.0,,,,,,,,,,,,,,,,,,,,,,,,,,,,,,,,,,,,,,,,1.0,1.0,1.0,1.0,1,0.0,24,1.0,0.8,0.3,0.37,0.37,0.37,0.37,1,0.0,24,1.0,0.8,0.3,-0.93,-0.93,-0.93,-0.93,1,0.0,24,1.0,0.8,0.3,1023.4,1023.4,1023.4,1023.4,1,0.0,24,1.0,0.8,0.3,,,,,,,,,,,,,,,,,,,,,,,,,,,,,,,,,,,,,,,,,,,,,,,,,,,,,,,,,,,,,,,,,,,,,,,,,,,,,,,,,,,,,,,,,,,,,,,,,,,,,,,,,,,,,,,,,,,,,,,,,,,,,,,,,,,,,,,,,,,,,,,,,,,,,,
1895,12,242.0,-42.0,,,,,,,,,,,,,,,,,,,,,,,,,,,,,,,,,,,,,,,,4.6,4.6,5.37,5.02,5,0.94,10,0.6,0.4,0.3,3.61,4.23,4.89,4.27,5,0.86,10,0.6,0.4,0.3,-3.43,-2.57,-0.82,-2.1,5,1.82,10,0.6,0.4,0.3,1019.3,1019.3,1019.3,1019.3,1,0.0,28,1.0,0.8,0.3,,,,,,,,,,,,,,,,,,,,,,,,,,,,,,,,,,,,,,,,,,,,,,,,,,,,,,,,,,,,,,,,,,,,,,,,,,,,,,,,,,,,,,,,,,,,,,,,,,,,,,,,,,,,,,,,,,,,,,,,,,,,,,,,,,,,,,,,,,,,,,,,,,,,,,
1895,12,242.0,4.0,,,,,,,,,,,,,,,,,,,,,,,,,,,,,,,,,,,,,,,,4.6,4.6,4.6,4.6,1,0.0,2,1.0,0.3,0.3,0.0,0.0,0.0,0.0,1,0.0,2,1.0,0.3,0.3,4.6,4.6,4.6,4.6,1,0.0,2,1.0,0.3,0.3,1013.1,1013.1,1013.1,1013.1,1,0.0,2,1.0,0.3,0.3,,,,,,,,,,,,,,,,,,,,,,,,,,,,,,,,,,,,,,,,,,,,,,,,,,,,,,,,,,,,,,,,,,,,,,,,,,,,,,,,,,,,,,,,,,,,,,,,,,,,,,,,,,,,,,,,,,,,,,,,,,,,,,,,,,,,,,,,,,,,,,,,,,,,,,
1895,12,242.0,16.0,,,,,,,,,,,,,,,,,,,,,,,,,,,,,,,,,,,,,,,,6.7,6.7,6.7,6.7,1,0.0,4,1.0,0.8,0.3,-4.74,-4.74,-4.74,-4.74,1,0.0,4,1.0,0.8,0.3,-4.74,-4.74,-4.74,-4.74,1,0.0,4,1.0,0.8,0.3,1016.6,1016.6,1016.6,1016.6,1,0.0,4,1.0,0.8,0.3,,,,,,,,,,,,,,,,,,,,,,,,,,,,,,,,,,,,,,,,,,,,,,,,,,,,,,,,,,,,,,,,,,,,,,,,,,,,,,,,,,,,,,,,,,,,,,,,,,,,,,,,,,,,,,,,,,,,,,,,,,,,,,,,,,,,,,,,,,,,,,,,,,,,,,
1895,12,242.0,22.0,,,,,,,,,,,,,,,,,,,,,,,,,,,,,,,,,,,,,,,,6.7,6.7,6.7,6.7,1,0.0,10,1.0,0.3,0.3,0.0,0.0,0.0,0.0,1,0.0,10,1.0,0.3,0.3,-6.7,-6.7,-6.7,-6.7,1,0.0,10,1.0,0.3,0.3,1016.8,1016.8,1016.8,1016.8,1,0.0,10,1.0,0.3,0.3,,,,,,,,,,,,,,,,,,,,,,,,,,,,,,,,,,,,,,,,,,,,,,,,,,,,,,,,,,,,,,,,,,,,,,,,,,,,,,,,,,,,,,,,,,,,,,,,,,,,,,,,,,,,,,,,,,,,,,,,,,,,,,,,,,,,,,,,,,,,,,,,,,,,,,
1895,12,244.0,-44.0,,,,,,,,,,,,,,,,,,,,,,,,,,,,,,,,,,,,,,,,9.8,12.3,12.3,11.3,5,1.37,12,0.4,0.6,0.4,6.37,6.93,9.25,7.64,5,1.83,12,0.4,0.6,0.4,-9.25,-8.12,6.9,-2.64,5,8.75,12,0.4,0.6,0.4,1015.7,1015.7,1015.7,1015.7,1,0.0,28,1.0,0.8,0.3,,,,,,,,,,,,,,,,,,,,,,,,,,,,,,,,,,,,,,,,,,,,,,,,,,,,,,,,,,,,,,,,,,,,,,,,,,,,,,,,,,,,,,,,,,,,,,,,,,,,,,,,,,,,,,,,,,,,,,,,,,,,,,,,,,,,,,,,,,,,,,,,,,,,,,
1895,12,244.0,22.0,,,,,,,,,,,,,,,,,,,,,,,,,,,,,,,,,,,,,,,,4.93,5.65,6.37,5.65,2,1.48,8,1.0,0.8,0.3,2.2,3.23,4.26,3.23,2,2.13,8,1.0,0.8,0.3,-4.66,-4.5,-4.34,-4.5,2,0.33,8,1.0,0.8,0.3,1016.19,1016.8,1017.41,1016.8,2,1.27,8,1.0,0.8,0.3,,,,,,,,,,,,,,,,,,,,,,,,,,,,,,,,,,,,,,,,,,,,,,,,,,,,,,,,,,,,,,,,,,,,,,,,,,,,,,,,,,,,,,,,,,,,,,,,,,,,,,,,,,,,,,,,,,,,,,,,,,,,,,,,,,,,,,,,,,,,,,,,,,,,,,
1895,12,246.0,-46.0,,,,,,,,,,,,,,,,,,,,,,,,,,,,,,,,,,,,,,,,5.6,8.25,9.8,7.73,4,2.54,14,1.0,0.5,0.8,5.02,5.52,6.27,5.64,4,0.96,14,1.0,0.5,0.8,1.78,5.34,7.56,4.7,4,3.64,14,1.0,0.5,0.8,1019.4,1019.4,1019.4,1019.4,1,0.0,30,1.0,0.8,0.8,,,,,,,,,,,,,,,,,,,,,,,,,,,,,,,,,,,,,,,,,,,,,,,,,,,,,,,,,,,,,,,,,,,,,,,,,,,,,,,,,,,,,,,,,,,,,,,,,,,,,,,,,,,,,,,,,,,,,,,,,,,,,,,,,,,,,,,,,,,,,,,,,,,,,,
1895,12,246.0,10.0,,,,,,,,,,,,,,,,,,,,,,,,,,,,,,,,,,,,,,,,9.3,9.3,9.3,9.3,1,0.0,2,1.0,0.3,0.8,-8.62,-8.62,-8.62,-8.62,1,0.0,2,1.0,0.3,0.8,-3.48,-3.48,-3.48,-3.48,1,0.0,2,1.0,0.3,0.8,1015.1,1015.1,1015.1,1015.1,1,0.0,2,1.0,0.3,0.8,,,,,,,,,,,,,,,,,,,,,,,,,,,,,,,,,,,,,,,,,,,,,,,,,,,,,,,,,,,,,,,,,,,,,,,,,,,,,,,,,,,,,,,,,,,,,,,,,,,,,,,,,,,,,,,,,,,,,,,,,,,,,,,,,,,,,,,,,,,,,,,,,,,,,,
1895,12,246.0,22.0,,,,,,,,,,,,,,,,,,,,,,,,,,,,,,,,,,,,,,,,1.0,1.0,1.0,1.0,2,0.0,6,1.0,0.8,0.3,0.0,0.0,0.0,0.0,2,0.0,6,1.0,0.8,0.3,-1.0,-1.0,-1.0,-1.0,2,0.0,6,1.0,0.8,0.3,1016.8,1017.0,1017.2,1017.0,2,0.42,6,1.0,0.8,0.3,,,,,,,,,,,,,,,,,,,,,,,,,,,,,,,,,,,,,,,,,,,,,,,,,,,,,,,,,,,,,,,,,,,,,,,,,,,,,,,,,,,,,,,,,,,,,,,,,,,,,,,,,,,,,,,,,,,,,,,,,,,,,,,,,,,,,,,,,,,,,,,,,,,,,,
1895,12,248.0,22.0,,,,,,,,,,,,,,,,,,,,,,,,,,,,,,,,,,,,,,,,4.6,4.6,4.6,4.6,1,0.0,4,1.0,0.3,0.3,0.0,0.0,0.0,0.0,1,0.0,4,1.0,0.3,0.3,-4.6,-4.6,-4.6,-4.6,1,0.0,4,1.0,0.3,0.3,1016.6,1016.6,1016.6,1016.6,1,0.0,4,1.0,0.3,0.3,,,,,,,,,,,,,,,,,,,,,,,,,,,,,,,,,,,,,,,,,,,,,,,,,,,,,,,,,,,,,,,,,,,,,,,,,,,,,,,,,,,,,,,,,,,,,,,,,,,,,,,,,,,,,,,,,,,,,,,,,,,,,,,,,,,,,,,,,,,,,,,,,,,,,,
1895,12,248.0,24.0,,,,,,,,,,,,,,,,,,,,,,,,,,,,,,,,,,,,,,,,2.6,4.6,6.7,4.63,9,1.78,6,0.6,0.8,0.7,0.97,1.72,2.51,1.54,9,0.88,6,0.6,0.8,0.7,-6.21,-4.27,-2.41,-4.33,9,1.65,6,0.6,0.8,0.7,1016.0,1016.0,1016.32,1015.98,9,0.48,6,0.6,0.8,0.7,,,,,,,,,,,,,,,,,,,,,,,,,,,,,,,,,,,,,,,,,,,,,,,,,,,,,,,,,,,,,,,,,,,,,,,,,,,,,,,,,,,,,,,,,,,,,,,,,,,,,,,,,,,,,,,,,,,,,,,,,,,,,,,,,,,,,,,,,,,,,,,,,,,,,,
1895,12,248.0,26.0,,,,,,,,,,,,,,,,,,,,,,,,,,,,,,,,,,,,,,,,5.73,6.7,9.3,7.31,17,2.3,10,0.5,0.5,0.5,3.38,4.74,6.58,4.69,17,1.45,10,0.5,0.5,0.5,-6.58,-4.74,-4.05,-5.48,17,2.14,10,0.5,0.5,0.5,1015.4,1016.0,1016.29,1015.79,17,0.67,10,0.5,0.5,0.5,,,,,,,,,,,,,,,,,,,,,,,,,,,,,,,,,,,,,,,,,,,,,,,,,,,,,,,,,,,,,,,,,,,,,,,,,,,,,,,,,,,,,,,,,,,,,,,,,,,,,,,,,,,,,,,,,,,,,,,,,,,,,,,,,,,,,,,,,,,,,,,,,,,,,,
1895,12,250.0,-46.0,,,,,,,,,,,,,,,,,,,,,,,,,,,,,,,,,,,,,,,,10.69,12.6,14.51,12.6,2,3.96,20,1.0,0.5,0.3,9.08,11.15,13.22,11.15,2,4.28,20,1.0,0.5,0.3,-4.19,-0.27,3.66,-0.27,2,8.13,20,1.0,0.5,0.3,1011.1,1011.1,1011.1,1011.1,1,0.0,30,1.0,0.8,0.3,,,,,,,,,,,,,,,,,,,,,,,,,,,,,,,,,,,,,,,,,,,,,,,,,,,,,,,,,,,,,,,,,,,,,,,,,,,,,,,,,,,,,,,,,,,,,,,,,,,,,,,,,,,,,,,,,,,,,,,,,,,,,,,,,,,,,,,,,,,,,,,,,,,,,,
1895,12,250.0,-30.0,,,,,,,,,,,,,,,,,,,,,,,,,,,,,,,,,,,,,,,,4.6,4.6,4.6,4.6,1,0.0,30,1.0,0.8,0.3,-3.25,-3.25,-3.25,-3.25,1,0.0,30,1.0,0.8,0.3,-3.25,-3.25,-3.25,-3.25,1,0.0,30,1.0,0.8,0.3,1021.3,1021.3,1021.3,1021.3,1,0.0,30,1.0,0.8,0.3,,,,,,,,,,,,,,,,,,,,,,,,,,,,,,,,,,,,,,,,,,,,,,,,,,,,,,,,,,,,,,,,,,,,,,,,,,,,,,,,,,,,,,,,,,,,,,,,,,,,,,,,,,,,,,,,,,,,,,,,,,,,,,,,,,,,,,,,,,,,,,,,,,,,,,
1895,12,250.0,22.0,,,,,,,,,,,,,,,,,,,,,,,,,,,,,,,,,,,,,,,,4.6,6.7,9.92,7.37,6,2.98,2,0.5,0.5,0.7,1.32,2.88,3.72,2.19,6,2.77,2,0.5,0.5,0.7,-9.2,-6.21,-1.91,-5.41,6,5.04,2,0.5,0.5,0.7,1015.16,1015.25,1015.59,1015.4,6,0.46,2,0.5,0.5,0.7,,,,,,,,,,,,,,,,,,,,,,,,,,,,,,,,,,,,,,,,,,,,,,,,,,,,,,,,,,,,,,,,,,,,,,,,,,,,,,,,,,,,,,,,,,,,,,,,,,,,,,,,,,,,,,,,,,,,,,,,,,,,,,,,,,,,,,,,,,,,,,,,,,,,,,
1895,12,250.0,24.0,,,,,,,,,,,,,,,,,,,,,,,,,,,,,,,,,,,,,,,,4.6,6.7,9.3,6.93,17,2.62,4,0.5,0.4,0.4,0.0,2.51,3.48,2.14,17,1.51,4,0.5,0.4,0.4,-8.62,-6.21,-4.6,-6.51,17,2.38,4,0.5,0.4,0.4,1013.66,1015.3,1015.89,1014.98,17,1.08,4,0.5,0.4,0.4,,,,,,,,,,,,,,,,,,,,,,,,,,,,,,,,,,,,,,,,,,,,,,,,,,,,,,,,,,,,,,,,,,,,,,,,,,,,,,,,,,,,,,,,,,,,,,,,,,,,,,,,,,,,,,,,,,,,,,,,,,,,,,,,,,,,,,,,,,,,,,,,,,,,,,
1895,12,250.0,26.0,,,,,,,,,,,,,,,,,,,,,,,,,,,,,,,,,,,,,,,,3.55,4.6,7.06,5.28,4,2.84,8,0.0,0.3,0.3,1.72,1.78,2.7,2.19,4,0.86,8,0.0,0.3,0.3,-6.55,-4.27,-2.99,-4.75,4,2.83,8,0.0,0.3,0.3,1015.08,1015.6,1015.81,1015.45,4,0.6,8,0.0,0.3,0.3,,,,,,,,,,,,,,,,,,,,,,,,,,,,,,,,,,,,,,,,,,,,,,,,,,,,,,,,,,,,,,,,,,,,,,,,,,,,,,,,,,,,,,,,,,,,,,,,,,,,,,,,,,,,,,,,,,,,,,,,,,,,,,,,,,,,,,,,,,,,,,,,,,,,,,
1895,12,252.0,-30.0,,,,,,,,,,,,,,,,,,,,,,,,,,,,,,,,,,,,,,,,2.6,2.6,2.6,2.6,1,0.0,30,1.0,0.3,0.8,-1.84,-1.84,-1.84,-1.84,1,0.0,30,1.0,0.3,0.8,1.84,1.84,1.84,1.84,1,0.0,30,1.0,0.3,0.8,1023.3,1023.3,1023.3,1023.3,1,0.0,30,1.0,0.3,0.8,,,,,,,,,,,,,,,,,,,,,,,,,,,,,,,,,,,,,,,,,,,,,,,,,,,,,,,,,,,,,,,,,,,,,,,,,,,,,,,,,,,,,,,,,,,,,,,,,,,,,,,,,,,,,,,,,,,,,,,,,,,,,,,,,,,,,,,,,,,,,,,,,,,,,,
1895,12,252.0,-24.0,,,,,,,,,,,,,,,,,,,,,,,,,,,,,,,,,,,,,,,,9.3,9.3,9.3,9.3,1,0.0,28,1.0,0.3,0.8,-9.3,-9.3,-9.3,-9.3,1,0.0,28,1.0,0.3,0.8,0.0,0.0,0.0,0.0,1,0.0,28,1.0,0.3,0.8,1019.4,1019.4,1019.4,1019.4,1,0.0,28,1.0,0.3,0.8,,,,,,,,,,,,,,,,,,,,,,,,,,,,,,,,,,,,,,,,,,,,,,,,,,,,,,,,,,,,,,,,,,,,,,,,,,,,,,,,,,,,,,,,,,,,,,,,,,,,,,,,,,,,,,,,,,,,,,,,,,,,,,,,,,,,,,,,,,,,,,,,,,,,,,
1895,12,252.0,-20.0,,,,,,,,,,,,,,,,,,,,,,,,,,,,,,,,,,,,,,,,9.3,9.3,9.3,9.3,1,0.0,26,1.0,0.8,0.3,-9.3,-9.3,-9.3,-9.3,1,0.0,26,1.0,0.8,0.3,0.0,0.0,0.0,0.0,1,0.0,26,1.0,0.8,0.3,1017.9,1017.9,1017.9,1017.9,1,0.0,26,1.0,0.8,0.3,,,,,,,,,,,,,,,,,,,,,,,,,,,,,,,,,,,,,,,,,,,,,,,,,,,,,,,,,,,,,,,,,,,,,,,,,,,,,,,,,,,,,,,,,,,,,,,,,,,,,,,,,,,,,,,,,,,,,,,,,,,,,,,,,,,,,,,,,,,,,,,,,,,,,,
1895,12,252.0,-18.0,,,,,,,,,,,,,,,,,,,,,,,,,,,,,,,,,,,,,,,,6.7,6.7,6.7,6.7,1,0.0,26,1.0,0.8,0.3,-6.7,-6.7,-6.7,-6.7,1,0.0,26,1.0,0.8,0.3,0.0,0.0,0.0,0.0,1,0.0,26,1.0,0.8,0.3,1014.9,1014.9,1014.9,1014.9,1,0.0,26,1.0,0.8,0.3,,,,,,,,,,,,,,,,,,,,,,,,,,,,,,,,,,,,,,,,,,,,,,,,,,,,,,,,,,,,,,,,,,,,,,,,,,,,,,,,,,,,,,,,,,,,,,,,,,,,,,,,,,,,,,,,,,,,,,,,,,,,,,,,,,,,,,,,,,,,,,,,,,,,,,
1895,12,254.0,-48.0,,,,,,,,,,,,,,,,,,,,,,,,,,,,,,,,,,,,,,,,2.6,2.6,2.6,2.6,1,0.0,30,1.0,0.3,0.8,2.39,2.39,2.39,2.39,1,0.0,30,1.0,0.3,0.8,-1.02,-1.02,-1.02,-1.02,1,0.0,30,1.0,0.3,0.8,1011.1,1011.1,1011.1,1011.1,1,0.0,30,1.0,0.3,0.8,,,,,,,,,,,,,,,,,,,,,,,,,,,,,,,,,,,,,,,,,,,,,,,,,,,,,,,,,,,,,,,,,,,,,,,,,,,,,,,,,,,,,,,,,,,,,,,,,,,,,,,,,,,,,,,,,,,,,,,,,,,,,,,,,,,,,,,,,,,,,,,,,,,,,,
1895,12,254.0,-16.0,,,,,,,,,,,,,,,,,,,,,,,,,,,,,,,,,,,,,,,,7.53,9.3,9.3,8.43,3,1.5,20,1.0,0.3,0.3,-9.07,-8.56,-6.93,-8.01,3,1.64,20,1.0,0.3,0.3,0.83,2.62,3.31,2.08,3,1.87,20,1.0,0.3,0.3,1012.4,1012.4,1012.4,1012.4,1,0.0,24,1.0,0.3,0.3,,,,,,,,,,,,,,,,,,,,,,,,,,,,,,,,,,,,,,,,,,,,,,,,,,,,,,,,,,,,,,,,,,,,,,,,,,,,,,,,,,,,,,,,,,,,,,,,,,,,,,,,,,,,,,,,,,,,,,,,,,,,,,,,,,,,,,,,,,,,,,,,,,,,,,
1895,12,254.0,-14.0,,,,,,,,,,,,,,,,,,,,,,,,,,,,,,,,,,,,,,,,6.7,6.7,7.34,7.22,6,1.27,6,0.5,0.6,0.4,-7.3,-6.58,-6.49,-7.04,6,1.28,6,0.5,0.6,0.4,-1.4,-1.28,0.54,-0.51,6,1.65,6,0.5,0.6,0.4,1014.9,1014.9,1014.9,1014.9,1,0.0,24,1.0,0.8,0.3,,,,,,,,,,,,,,,,,,,,,,,,,,,,,,,,,,,,,,,,,,,,,,,,,,,,,,,,,,,,,,,,,,,,,,,,,,,,,,,,,,,,,,,,,,,,,,,,,,,,,,,,,,,,,,,,,,,,,,,,,,,,,,,,,,,,,,,,,,,,,,,,,,,,,,
1895,12,256.0,-12.0,,,,,,,,,,,,,,,,,,,,,,,,,,,,,,,,,,,,,,,,3.66,5.95,8.24,5.95,2,4.74,18,1.0,0.5,0.5,-7.49,-5.2,-2.91,-5.2,2,4.75,18,1.0,0.5,0.5,-0.97,0.9,2.77,0.9,2,3.87,18,1.0,0.5,0.5,1014.9,1014.9,1014.9,1014.9,1,0.0,22,1.0,0.3,0.8,,,,,,,,,,,,,,,,,,,,,,,,,,,,,,,,,,,,,,,,,,,,,,,,,,,,,,,,,,,,,,,,,,,,,,,,,,,,,,,,,,,,,,,,,,,,,,,,,,,,,,,,,,,,,,,,,,,,,,,,,,,,,,,,,,,,,,,,,,,,,,,,,,,,,,
1895,12,260.0,-6.0,,,,,,,,,,,,,,,,,,,,,,,,,,,,,,,,,,,,,,,,9.3,9.3,9.3,9.3,1,0.0,20,1.0,0.3,0.8,-6.58,-6.58,-6.58,-6.58,1,0.0,20,1.0,0.3,0.8,6.58,6.58,6.58,6.58,1,0.0,20,1.0,0.3,0.8,1010.3,1010.3,1010.3,1010.3,1,0.0,20,1.0,0.3,0.8,,,,,,,,,,,,,,,,,,,,,,,,,,,,,,,,,,,,,,,,,,,,,,,,,,,,,,,,,,,,,,,,,,,,,,,,,,,,,,,,,,,,,,,,,,,,,,,,,,,,,,,,,,,,,,,,,,,,,,,,,,,,,,,,,,,,,,,,,,,,,,,,,,,,,,
1895,12,260.0,-2.0,,,,,,,,,,,,,,,,,,,,,,,,,,,,,,,,,,,,,,,,4.6,4.6,4.6,4.6,1,0.0,30,1.0,0.8,0.8,-1.72,-1.72,-1.72,-1.72,1,0.0,30,1.0,0.8,0.8,4.27,4.27,4.27,4.27,1,0.0,30,1.0,0.8,0.8,1010.7,1010.7,1010.7,1010.7,1,0.0,30,1.0,0.8,0.8,,,,,,,,,,,,,,,,,,,,,,,,,,,,,,,,,,,,,,,,,,,,,,,,,,,,,,,,,,,,,,,,,,,,,,,,,,,,,,,,,,,,,,,,,,,,,,,,,,,,,,,,,,,,,,,,,,,,,,,,,,,,,,,,,,,,,,,,,,,,,,,,,,,,,,
1895,12,262.0,-2.0,,,,,,,,,,,,,,,,,,,,,,,,,,,,,,,,,,,,,,,,6.7,6.7,6.7,6.7,1,0.0,18,1.0,0.8,0.3,-2.51,-2.51,-2.51,-2.51,1,0.0,18,1.0,0.8,0.3,6.21,6.21,6.21,6.21,1,0.0,18,1.0,0.8,0.3,1011.4,1011.4,1011.4,1011.4,1,0.0,18,1.0,0.8,0.3,,,,,,,,,,,,,,,,,,,,,,,,,,,,,,,,,,,,,,,,,,,,,,,,,,,,,,,,,,,,,,,,,,,,,,,,,,,,,,,,,,,,,,,,,,,,,,,,,,,,,,,,,,,,,,,,,,,,,,,,,,,,,,,,,,,,,,,,,,,,,,,,,,,,,,
1895,12,262.0,0.0,,,,,,,,,,,,,,,,,,,,,,,,,,,,,,,,,,,,,,,,4.6,4.6,4.6,4.6,1,0.0,30,1.0,0.8,0.3,-1.72,-1.72,-1.72,-1.72,1,0.0,30,1.0,0.8,0.3,4.27,4.27,4.27,4.27,1,0.0,30,1.0,0.8,0.3,1010.1,1010.1,1010.1,1010.1,1,0.0,30,1.0,0.8,0.3,,,,,,,,,,,,,,,,,,,,,,,,,,,,,,,,,,,,,,,,,,,,,,,,,,,,,,,,,,,,,,,,,,,,,,,,,,,,,,,,,,,,,,,,,,,,,,,,,,,,,,,,,,,,,,,,,,,,,,,,,,,,,,,,,,,,,,,,,,,,,,,,,,,,,,
1895,12,264.0,-38.0,,,,,,,,,,,,,,,,,,,,,,,,,,,,,,,,,,,,,,,,2.6,2.6,2.6,2.6,1,0.0,30,1.0,0.8,0.8,2.6,2.6,2.6,2.6,1,0.0,30,1.0,0.8,0.8,0.0,0.0,0.0,0.0,1,0.0,30,1.0,0.8,0.8,1025.6,1025.6,1025.6,1025.6,1,0.0,30,1.0,0.8,0.8,,,,,,,,,,,,,,,,,,,,,,,,,,,,,,,,,,,,,,,,,,,,,,,,,,,,,,,,,,,,,,,,,,,,,,,,,,,,,,,,,,,,,,,,,,,,,,,,,,,,,,,,,,,,,,,,,,,,,,,,,,,,,,,,,,,,,,,,,,,,,,,,,,,,,,
1895,12,264.0,-34.0,,,,,,,,,,,,,,,,,,,,,,,,,,,,,,,,,,,,,,,,1.51,2.6,3.97,2.73,3,1.8,26,1.0,0.8,0.4,0.0,0.0,0.27,0.13,3,0.23,26,1.0,0.8,0.4,1.45,2.6,3.97,2.71,3,1.84,26,1.0,0.8,0.4,1026.26,1026.6,1027.08,1026.67,3,0.6,26,1.0,0.8,0.4,,,,,,,,,,,,,,,,,,,,,,,,,,,,,,,,,,,,,,,,,,,,,,,,,,,,,,,,,,,,,,,,,,,,,,,,,,,,,,,,,,,,,,,,,,,,,,,,,,,,,,,,,,,,,,,,,,,,,,,,,,,,,,,,,,,,,,,,,,,,,,,,,,,,,,
1895,12,264.0,-2.0,,,,,,,,,,,,,,,,,,,,,,,,,,,,,,,,,,,,,,,,4.6,4.6,4.6,4.6,1,0.0,16,1.0,0.8,0.8,-1.72,-1.72,-1.72,-1.72,1,0.0,16,1.0,0.8,0.8,4.27,4.27,4.27,4.27,1,0.0,16,1.0,0.8,0.8,1011.9,1011.9,1011.9,1011.9,1,0.0,16,1.0,0.8,0.8,,,,,,,,,,,,,,,,,,,,,,,,,,,,,,,,,,,,,,,,,,,,,,,,,,,,,,,,,,,,,,,,,,,,,,,,,,,,,,,,,,,,,,,,,,,,,,,,,,,,,,,,,,,,,,,,,,,,,,,,,,,,,,,,,,,,,,,,,,,,,,,,,,,,,,
1895,12,264.0,0.0,,,,,,,,,,,,,,,,,,,,,,,,,,,,,,,,,,,,,,,,4.6,4.6,4.6,4.6,1,0.0,30,1.0,0.8,0.8,0.0,0.0,0.0,0.0,1,0.0,30,1.0,0.8,0.8,4.6,4.6,4.6,4.6,1,0.0,30,1.0,0.8,0.8,1009.6,1009.6,1009.6,1009.6,1,0.0,30,1.0,0.8,0.8,,,,,,,,,,,,,,,,,,,,,,,,,,,,,,,,,,,,,,,,,,,,,,,,,,,,,,,,,,,,,,,,,,,,,,,,,,,,,,,,,,,,,,,,,,,,,,,,,,,,,,,,,,,,,,,,,,,,,,,,,,,,,,,,,,,,,,,,,,,,,,,,,,,,,,
1895,12,266.0,-42.0,,,,,,,,,,,,,,,,,,,,,,,,,,,,,,,,,,,,,,,,6.7,6.7,6.7,6.7,1,0.0,30,1.0,0.8,0.8,6.17,6.17,6.17,6.17,1,0.0,30,1.0,0.8,0.8,-2.62,-2.62,-2.62,-2.62,1,0.0,30,1.0,0.8,0.8,1023.5,1023.5,1023.5,1023.5,1,0.0,30,1.0,0.8,0.8,,,,,,,,,,,,,,,,,,,,,,,,,,,,,,,,,,,,,,,,,,,,,,,,,,,,,,,,,,,,,,,,,,,,,,,,,,,,,,,,,,,,,,,,,,,,,,,,,,,,,,,,,,,,,,,,,,,,,,,,,,,,,,,,,,,,,,,,,,,,,,,,,,,,,,
1895,12,266.0,-40.0,,,,,,,,,,,,,,,,,,,,,,,,,,,,,,,,,,,,,,,,4.6,6.7,8.75,6.98,5,3.15,2,0.4,0.6,0.8,3.88,4.74,8.41,6.14,5,3.6,2,0.4,0.6,0.8,-3.79,-2.62,-1.14,-2.48,5,1.76,2,0.4,0.6,0.8,1026.0,1026.0,1026.0,1026.0,1,0.0,2,1.0,0.8,0.8,,,,,,,,,,,,,,,,,,,,,,,,,,,,,,,,,,,,,,,,,,,,,,,,,,,,,,,,,,,,,,,,,,,,,,,,,,,,,,,,,,,,,,,,,,,,,,,,,,,,,,,,,,,,,,,,,,,,,,,,,,,,,,,,,,,,,,,,,,,,,,,,,,,,,,
1895,12,266.0,-38.0,,,,,,,,,,,,,,,,,,,,,,,,,,,,,,,,,,,,,,,,1.0,1.0,3.63,1.92,9,2.2,24,1.0,0.6,0.6,-0.86,0.0,0.98,0.11,9,1.27,24,1.0,0.6,0.6,-3.34,0.0,0.62,-1.08,9,2.46,24,1.0,0.6,0.6,1024.15,1026.4,1027.61,1025.86,9,2.92,24,1.0,0.6,0.6,,,,,,,,,,,,,,,,,,,,,,,,,,,,,,,,,,,,,,,,,,,,,,,,,,,,,,,,,,,,,,,,,,,,,,,,,,,,,,,,,,,,,,,,,,,,,,,,,,,,,,,,,,,,,,,,,,,,,,,,,,,,,,,,,,,,,,,,,,,,,,,,,,,,,,
1895,12,266.0,-36.0,,,,,,,,,,,,,,,,,,,,,,,,,,,,,,,,,,,,,,,,1.0,1.0,4.8,2.75,13,2.37,22,1.0,0.4,0.6,-1.07,-0.71,4.3,0.27,13,2.95,22,1.0,0.4,0.6,0.0,0.71,1.87,1.25,13,1.83,22,1.0,0.4,0.6,1026.04,1027.3,1029.01,1026.65,13,3.49,22,1.0,0.4,0.6,,,,,,,,,,,,,,,,,,,,,,,,,,,,,,,,,,,,,,,,,,,,,,,,,,,,,,,,,,,,,,,,,,,,,,,,,,,,,,,,,,,,,,,,,,,,,,,,,,,,,,,,,,,,,,,,,,,,,,,,,,,,,,,,,,,,,,,,,,,,,,,,,,,,,,
1895,12,266.0,-34.0,,,,,,,,,,,,,,,,,,,,,,,,,,,,,,,,,,,,,,,,4.6,4.6,4.6,4.6,6,0.0,26,1.0,0.6,0.4,-2.24,-0.86,0.37,-0.98,6,2.07,26,1.0,0.6,0.4,3.73,4.27,4.6,3.96,6,1.07,26,1.0,0.6,0.4,1026.03,1027.7,1028.36,1027.22,6,1.5,26,1.0,0.6,0.4,,,,,,,,,,,,,,,,,,,,,,,,,,,,,,,,,,,,,,,,,,,,,,,,,,,,,,,,,,,,,,,,,,,,,,,,,,,,,,,,,,,,,,,,,,,,,,,,,,,,,,,,,,,,,,,,,,,,,,,,,,,,,,,,,,,,,,,,,,,,,,,,,,,,,,
1895,12,266.0,-2.0,,,,,,,,,,,,,,,,,,,,,,,,,,,,,,,,,,,,,,,,2.92,3.6,4.28,3.6,2,1.41,14,1.0,0.8,0.8,0.0,0.0,0.0,0.0,2,0.0,14,1.0,0.8,0.8,2.92,3.6,4.28,3.6,2,1.41,14,1.0,0.8,0.8,1012.94,1013.25,1013.56,1013.25,2,0.64,14,1.0,0.8,0.8,,,,,,,,,,,,,,,,,,,,,,,,,,,,,,,,,,,,,,,,,,,,,,,,,,,,,,,,,,,,,,,,,,,,,,,,,,,,,,,,,,,,,,,,,,,,,,,,,,,,,,,,,,,,,,,,,,,,,,,,,,,,,,,,,,,,,,,,,,,,,,,,,,,,,,
1895,12,266.0,0.0,,,,,,,,,,,,,,,,,,,,,,,,,,,,,,,,,,,,,,,,2.14,4.6,4.6,3.4,3,2.08,18,1.0,0.8,0.4,0.0,0.0,1.23,0.6,3,1.04,18,1.0,0.8,0.4,2.03,4.23,4.48,3.28,3,1.98,18,1.0,0.8,0.4,1009.95,1012.0,1012.55,1011.27,3,2.0,18,1.0,0.8,0.4,,,,,,,,,,,,,,,,,,,,,,,,,,,,,,,,,,,,,,,,,,,,,,,,,,,,,,,,,,,,,,,,,,,,,,,,,,,,,,,,,,,,,,,,,,,,,,,,,,,,,,,,,,,,,,,,,,,,,,,,,,,,,,,,,,,,,,,,,,,,,,,,,,,,,,
1895,12,266.0,2.0,,,,,,,,,,,,,,,,,,,,,,,,,,,,,,,,,,,,,,,,4.6,4.6,4.6,4.6,1,0.0,26,1.0,0.8,0.8,1.8,1.8,1.8,1.8,1,0.0,26,1.0,0.8,0.8,4.23,4.23,4.23,4.23,1,0.0,26,1.0,0.8,0.8,1009.1,1009.1,1009.1,1009.1,1,0.0,26,1.0,0.8,0.8,,,,,,,,,,,,,,,,,,,,,,,,,,,,,,,,,,,,,,,,,,,,,,,,,,,,,,,,,,,,,,,,,,,,,,,,,,,,,,,,,,,,,,,,,,,,,,,,,,,,,,,,,,,,,,,,,,,,,,,,,,,,,,,,,,,,,,,,,,,,,,,,,,,,,,
1895,12,268.0,-46.0,,,,,,,,,,,,,,,,,,,,,,,,,,,,,,,,,,,,,,,,15.4,15.4,15.4,15.4,1,0.0,4,1.0,0.8,0.8,14.28,14.28,14.28,14.28,1,0.0,4,1.0,0.8,0.8,5.77,5.77,5.77,5.77,1,0.0,4,1.0,0.8,0.8,1017.7,1017.7,1017.7,1017.7,1,0.0,4,1.0,0.8,0.8,,,,,,,,,,,,,,,,,,,,,,,,,,,,,,,,,,,,,,,,,,,,,,,,,,,,,,,,,,,,,,,,,,,,,,,,,,,,,,,,,,,,,,,,,,,,,,,,,,,,,,,,,,,,,,,,,,,,,,,,,,,,,,,,,,,,,,,,,,,,,,,,,,,,,,
1895,12,268.0,-42.0,,,,,,,,,,,,,,,,,,,,,,,,,,,,,,,,,,,,,,,,6.7,6.7,10.52,8.57,3,3.23,2,0.3,0.8,0.8,5.8,5.8,9.63,7.67,3,3.23,2,0.3,0.8,0.8,3.35,3.35,4.21,3.77,3,0.73,2,0.3,0.8,0.8,1017.3,1017.3,1017.3,1017.3,1,0.0,4,1.0,0.3,0.3,,,,,,,,,,,,,,,,,,,,,,,,,,,,,,,,,,,,,,,,,,,,,,,,,,,,,,,,,,,,,,,,,,,,,,,,,,,,,,,,,,,,,,,,,,,,,,,,,,,,,,,,,,,,,,,,,,,,,,,,,,,,,,,,,,,,,,,,,,,,,,,,,,,,,,
1895,12,268.0,-40.0,,,,,,,,,,,,,,,,,,,,,,,,,,,,,,,,,,,,,,,,2.6,4.6,6.7,5.18,14,2.61,8,0.9,0.7,0.6,0.14,3.74,4.31,3.12,14,3.62,8,0.9,0.7,0.6,-1.75,1.51,5.11,1.72,14,2.98,8,0.9,0.7,0.6,1012.11,1016.0,1019.19,1016.1,6,5.73,14,1.0,0.5,0.5,,,,,,,,,,,,,,,,,,,,,,,,,,,,,,,,,,,,,,,,,,,,,,,,,,,,,,,,,,,,,,,,,,,,,,,,,,,,,,,,,,,,,,,,,,,,,,,,,,,,,,,,,,,,,,,,,,,,,,,,,,,,,,,,,,,,,,,,,,,,,,,,,,,,,,
1895,12,268.0,-38.0,,,,,,,,,,,,,,,,,,,,,,,,,,,,,,,,,,,,,,,,0.95,2.6,2.8,2.36,7,2.17,20,0.9,0.5,0.6,-0.96,0.0,2.51,0.34,7,1.66,20,0.9,0.5,0.6,-1.25,0.0,1.87,-0.34,7,2.86,20,0.9,0.5,0.6,1017.68,1027.05,1029.58,1024.47,6,6.28,22,1.0,0.4,0.6,,,,,,,,,,,,,,,,,,,,,,,,,,,,,,,,,,,,,,,,,,,,,,,,,,,,,,,,,,,,,,,,,,,,,,,,,,,,,,,,,,,,,,,,,,,,,,,,,,,,,,,,,,,,,,,,,,,,,,,,,,,,,,,,,,,,,,,,,,,,,,,,,,,,,,
1895,12,268.0,-36.0,,,,,,,,,,,,,,,,,,,,,,,,,,,,,,,,,,,,,,,,0.16,0.5,0.84,0.5,2,0.71,8,1.0,0.8,0.8,-0.33,-0.2,-0.06,-0.2,2,0.28,8,1.0,0.8,0.8,-0.77,-0.46,-0.15,-0.46,2,0.65,8,1.0,0.8,0.8,1022.81,1024.55,1026.29,1024.55,2,3.61,8,1.0,0.8,0.8,,,,,,,,,,,,,,,,,,,,,,,,,,,,,,,,,,,,,,,,,,,,,,,,,,,,,,,,,,,,,,,,,,,,,,,,,,,,,,,,,,,,,,,,,,,,,,,,,,,,,,,,,,,,,,,,,,,,,,,,,,,,,,,,,,,,,,,,,,,,,,,,,,,,,,
1895,12,268.0,-34.0,,,,,,,,,,,,,,,,,,,,,,,,,,,,,,,,,,,,,,,,1.76,2.6,4.75,3.23,4,2.44,10,1.0,0.6,0.5,-2.95,-0.49,0.0,-1.43,4,2.25,10,1.0,0.6,0.5,1.67,2.51,3.72,2.69,4,1.54,10,1.0,0.6,0.5,1025.25,1026.6,1027.11,1026.2,4,1.33,10,1.0,0.6,0.5,,,,,,,,,,,,,,,,,,,,,,,,,,,,,,,,,,,,,,,,,,,,,,,,,,,,,,,,,,,,,,,,,,,,,,,,,,,,,,,,,,,,,,,,,,,,,,,,,,,,,,,,,,,,,,,,,,,,,,,,,,,,,,,,,,,,,,,,,,,,,,,,,,,,,,
1895,12,268.0,-32.0,,,,,,,,,,,,,,,,,,,,,,,,,,,,,,,,,,,,,,,,2.81,6.7,8.47,5.67,3,4.25,26,1.0,0.4,0.3,-5.99,-4.74,-1.5,-3.77,3,3.39,26,1.0,0.4,0.3,2.19,4.74,5.99,4.1,3,2.84,26,1.0,0.4,0.3,1024.1,1024.3,1026.62,1025.33,3,2.06,26,1.0,0.4,0.3,,,,,,,,,,,,,,,,,,,,,,,,,,,,,,,,,,,,,,,,,,,,,,,,,,,,,,,,,,,,,,,,,,,,,,,,,,,,,,,,,,,,,,,,,,,,,,,,,,,,,,,,,,,,,,,,,,,,,,,,,,,,,,,,,,,,,,,,,,,,,,,,,,,,,,
1895,12,268.0,-8.0,,,,,,,,,,,,,,,,,,,,,,,,,,,,,,,,,,,,,,,,6.7,6.7,6.7,6.7,2,0.0,26,1.0,0.3,0.8,-6.17,-6.17,-6.17,-6.17,2,0.0,26,1.0,0.3,0.8,2.62,2.62,2.62,2.62,2,0.0,26,1.0,0.3,0.8,1012.4,1012.4,1012.4,1012.4,1,0.0,20,1.0,0.3,0.8,,,,,,,,,,,,,,,,,,,,,,,,,,,,,,,,,,,,,,,,,,,,,,,,,,,,,,,,,,,,,,,,,,,,,,,,,,,,,,,,,,,,,,,,,,,,,,,,,,,,,,,,,,,,,,,,,,,,,,,,,,,,,,,,,,,,,,,,,,,,,,,,,,,,,,
1895,12,268.0,0.0,,,,,,,,,,,,,,,,,,,,,,,,,,,,,,,,,,,,,,,,6.7,6.7,6.7,6.7,1,0.0,12,1.0,0.3,0.3,2.62,2.62,2.62,2.62,1,0.0,12,1.0,0.3,0.3,6.17,6.17,6.17,6.17,1,0.0,12,1.0,0.3,0.3,1010.9,1010.9,1010.9,1010.9,1,0.0,12,1.0,0.3,0.3,,,,,,,,,,,,,,,,,,,,,,,,,,,,,,,,,,,,,,,,,,,,,,,,,,,,,,,,,,,,,,,,,,,,,,,,,,,,,,,,,,,,,,,,,,,,,,,,,,,,,,,,,,,,,,,,,,,,,,,,,,,,,,,,,,,,,,,,,,,,,,,,,,,,,,
1895,12,268.0,2.0,,,,,,,,,,,,,,,,,,,,,,,,,,,,,,,,,,,,,,,,4.6,4.6,6.03,5.3,3,1.21,26,1.0,0.6,0.6,0.57,1.8,2.36,1.47,3,1.34,26,1.0,0.6,0.6,4.35,4.6,5.67,5.0,3,1.03,26,1.0,0.6,0.6,1008.91,1010.0,1010.07,1009.5,3,0.95,26,1.0,0.6,0.6,,,,,,,,,,,,,,,,,,,,,,,,,,,,,,,,,,,,,,,,,,,,,,,,,,,,,,,,,,,,,,,,,,,,,,,,,,,,,,,,,,,,,,,,,,,,,,,,,,,,,,,,,,,,,,,,,,,,,,,,,,,,,,,,,,,,,,,,,,,,,,,,,,,,,,
1895,12,268.0,4.0,,,,,,,,,,,,,,,,,,,,,,,,,,,,,,,,,,,,,,,,2.6,2.6,2.6,2.6,2,0.0,20,1.0,0.8,0.8,-0.56,0.41,1.39,0.41,2,2.02,20,1.0,0.8,0.8,-1.72,-0.28,1.17,-0.28,2,2.99,20,1.0,0.8,0.8,1009.14,1009.45,1009.76,1009.45,2,0.64,20,1.0,0.8,0.8,,,,,,,,,,,,,,,,,,,,,,,,,,,,,,,,,,,,,,,,,,,,,,,,,,,,,,,,,,,,,,,,,,,,,,,,,,,,,,,,,,,,,,,,,,,,,,,,,,,,,,,,,,,,,,,,,,,,,,,,,,,,,,,,,,,,,,,,,,,,,,,,,,,,,,
1895,12,268.0,6.0,,,,,,,,,,,,,,,,,,,,,,,,,,,,,,,,,,,,,,,,0.73,2.3,3.87,2.3,2,3.25,18,1.0,0.8,0.3,0.0,0.0,0.0,0.0,2,0.0,18,1.0,0.8,0.3,-3.87,-2.3,-0.73,-2.3,2,3.25,18,1.0,0.8,0.3,1009.37,1009.75,1010.13,1009.75,2,0.78,18,1.0,0.8,0.3,,,,,,,,,,,,,,,,,,,,,,,,,,,,,,,,,,,,,,,,,,,,,,,,,,,,,,,,,,,,,,,,,,,,,,,,,,,,,,,,,,,,,,,,,,,,,,,,,,,,,,,,,,,,,,,,,,,,,,,,,,,,,,,,,,,,,,,,,,,,,,,,,,,,,,
1895,12,270.0,-50.0,,,,,,,,,,,,,,,,,,,,,,,,,,,,,,,,,,,,,,,,15.4,15.4,15.4,15.4,1,0.0,6,1.0,0.8,0.8,10.89,10.89,10.89,10.89,1,0.0,6,1.0,0.8,0.8,10.89,10.89,10.89,10.89,1,0.0,6,1.0,0.8,0.8,1011.3,1011.3,1011.3,1011.3,1,0.0,6,1.0,0.8,0.8,,,,,,,,,,,,,,,,,,,,,,,,,,,,,,,,,,,,,,,,,,,,,,,,,,,,,,,,,,,,,,,,,,,,,,,,,,,,,,,,,,,,,,,,,,,,,,,,,,,,,,,,,,,,,,,,,,,,,,,,,,,,,,,,,,,,,,,,,,,,,,,,,,,,,,
1895,12,270.0,-48.0,,,,,,,,,,,,,,,,,,,,,,,,,,,,,,,,,,,,,,,,7.53,9.3,9.3,8.43,3,1.5,4,0.3,0.9,0.9,6.7,8.62,9.09,7.91,3,1.86,4,0.3,0.9,0.9,1.06,3.35,3.44,2.28,3,1.97,4,0.3,0.9,0.9,1003.9,1003.9,1003.9,1003.9,1,0.0,2,1.0,0.8,0.8,,,,,,,,,,,,,,,,,,,,,,,,,,,,,,,,,,,,,,,,,,,,,,,,,,,,,,,,,,,,,,,,,,,,,,,,,,,,,,,,,,,,,,,,,,,,,,,,,,,,,,,,,,,,,,,,,,,,,,,,,,,,,,,,,,,,,,,,,,,,,,,,,,,,,,
1895,12,270.0,-46.0,,,,,,,,,,,,,,,,,,,,,,,,,,,,,,,,,,,,,,,,7.92,12.3,12.94,10.7,6,4.41,6,0.7,0.9,0.7,6.84,11.4,12.0,9.52,6,4.99,6,0.7,0.9,0.7,3.3,4.61,4.85,4.28,6,1.1,6,0.7,0.9,0.7,1023.1,1023.1,1023.1,1023.1,1,0.0,18,1.0,0.8,0.3,,,,,,,,,,,,,,,,,,,,,,,,,,,,,,,,,,,,,,,,,,,,,,,,,,,,,,,,,,,,,,,,,,,,,,,,,,,,,,,,,,,,,,,,,,,,,,,,,,,,,,,,,,,,,,,,,,,,,,,,,,,,,,,,,,,,,,,,,,,,,,,,,,,,,,
1895,12,270.0,-44.0,,,,,,,,,,,,,,,,,,,,,,,,,,,,,,,,,,,,,,,,9.3,9.3,12.3,10.55,12,1.54,6,0.7,0.8,0.6,6.58,8.7,9.3,7.76,12,2.81,6,0.7,0.8,0.6,2.6,6.58,8.7,5.99,12,3.32,6,0.7,0.8,0.6,1002.89,1010.6,1014.49,1008.73,3,8.65,10,1.0,0.6,0.4,,,,,,,,,,,,,,,,,,,,,,,,,,,,,,,,,,,,,,,,,,,,,,,,,,,,,,,,,,,,,,,,,,,,,,,,,,,,,,,,,,,,,,,,,,,,,,,,,,,,,,,,,,,,,,,,,,,,,,,,,,,,,,,,,,,,,,,,,,,,,,,,,,,,,,
1895,12,270.0,-42.0,,,,,,,,,,,,,,,,,,,,,,,,,,,,,,,,,,,,,,,,9.3,12.3,12.3,11.31,9,2.15,4,0.6,0.8,0.6,8.64,8.7,9.3,9.2,9,2.03,4,0.6,0.8,0.6,0.0,6.58,8.7,4.31,9,5.32,4,0.6,0.8,0.6,1017.47,1020.2,1022.93,1020.2,2,5.66,8,1.0,0.8,0.8,,,,,,,,,,,,,,,,,,,,,,,,,,,,,,,,,,,,,,,,,,,,,,,,,,,,,,,,,,,,,,,,,,,,,,,,,,,,,,,,,,,,,,,,,,,,,,,,,,,,,,,,,,,,,,,,,,,,,,,,,,,,,,,,,,,,,,,,,,,,,,,,,,,,,,
1895,12,270.0,-40.0,,,,,,,,,,,,,,,,,,,,,,,,,,,,,,,,,,,,,,,,6.7,9.3,12.3,9.72,10,2.46,4,0.4,0.5,0.7,4.74,8.96,11.92,8.82,10,3.12,4,0.4,0.5,0.7,0.0,4.05,4.74,3.04,10,2.15,4,0.4,0.5,0.7,1020.8,1020.8,1020.8,1020.8,1,0.0,4,1.0,0.8,0.8,,,,,,,,,,,,,,,,,,,,,,,,,,,,,,,,,,,,,,,,,,,,,,,,,,,,,,,,,,,,,,,,,,,,,,,,,,,,,,,,,,,,,,,,,,,,,,,,,,,,,,,,,,,,,,,,,,,,,,,,,,,,,,,,,,,,,,,,,,,,,,,,,,,,,,
1895,12,270.0,-38.0,,,,,,,,,,,,,,,,,,,,,,,,,,,,,,,,,,,,,,,,4.6,4.6,6.7,5.2,7,1.02,2,0.6,0.4,0.7,4.27,4.6,6.21,4.92,7,0.9,2,0.6,0.4,0.7,0.0,1.72,2.51,1.46,7,1.05,2,0.6,0.4,0.7,1028.3,1028.3,1028.3,1028.3,1,0.0,2,1.0,0.3,0.8,,,,,,,,,,,,,,,,,,,,,,,,,,,,,,,,,,,,,,,,,,,,,,,,,,,,,,,,,,,,,,,,,,,,,,,,,,,,,,,,,,,,,,,,,,,,,,,,,,,,,,,,,,,,,,,,,,,,,,,,,,,,,,,,,,,,,,,,,,,,,,,,,,,,,,
1895,12,270.0,-36.0,,,,,,,,,,,,,,,,,,,,,,,,,,,,,,,,,,,,,,,,0.0,1.0,3.01,1.53,6,1.78,2,0.5,0.5,0.5,0.0,0.54,2.46,1.22,6,1.66,2,0.5,0.5,0.5,-1.08,-0.35,0.36,-0.26,6,1.16,2,0.5,0.5,0.5,1028.19,1028.6,1029.01,1028.6,2,0.85,2,1.0,0.5,0.5,,,,,,,,,,,,,,,,,,,,,,,,,,,,,,,,,,,,,,,,,,,,,,,,,,,,,,,,,,,,,,,,,,,,,,,,,,,,,,,,,,,,,,,,,,,,,,,,,,,,,,,,,,,,,,,,,,,,,,,,,,,,,,,,,,,,,,,,,,,,,,,,,,,,,,
1895,12,270.0,-34.0,,,,,,,,,,,,,,,,,,,,,,,,,,,,,,,,,,,,,,,,1.0,2.6,2.6,2.0,8,0.83,4,1.0,0.5,0.5,-0.97,-0.82,0.82,-0.26,8,1.35,4,1.0,0.5,0.5,-0.25,1.41,2.41,1.27,8,1.23,4,1.0,0.5,0.5,1027.8,1028.9,1029.91,1028.79,8,1.31,4,1.0,0.5,0.5,,,,,,,,,,,,,,,,,,,,,,,,,,,,,,,,,,,,,,,,,,,,,,,,,,,,,,,,,,,,,,,,,,,,,,,,,,,,,,,,,,,,,,,,,,,,,,,,,,,,,,,,,,,,,,,,,,,,,,,,,,,,,,,,,,,,,,,,,,,,,,,,,,,,,,
1895,12,270.0,-32.0,,,,,,,,,,,,,,,,,,,,,,,,,,,,,,,,,,,,,,,,1.0,2.6,4.6,2.63,8,1.85,16,1.0,0.6,0.6,-1.57,0.0,0.0,-0.44,8,1.49,16,1.0,0.6,0.6,0.94,2.22,4.15,2.31,8,1.66,16,1.0,0.6,0.6,1021.0,1025.15,1026.08,1024.29,8,2.53,18,1.0,0.6,0.6,,,,,,,,,,,,,,,,,,,,,,,,,,,,,,,,,,,,,,,,,,,,,,,,,,,,,,,,,,,,,,,,,,,,,,,,,,,,,,,,,,,,,,,,,,,,,,,,,,,,,,,,,,,,,,,,,,,,,,,,,,,,,,,,,,,,,,,,,,,,,,,,,,,,,,
1895,12,270.0,-30.0,,,,,,,,,,,,,,,,,,,,,,,,,,,,,,,,,,,,,,,,4.6,4.6,6.7,5.08,9,1.38,8,0.6,0.7,0.7,-2.51,-1.72,-1.72,-2.15,9,1.08,8,0.6,0.7,0.7,4.27,4.27,5.81,4.54,9,1.15,8,0.6,0.7,0.7,1022.1,1022.1,1022.1,1022.1,1,0.0,24,1.0,0.3,0.3,,,,,,,,,,,,,,,,,,,,,,,,,,,,,,,,,,,,,,,,,,,,,,,,,,,,,,,,,,,,,,,,,,,,,,,,,,,,,,,,,,,,,,,,,,,,,,,,,,,,,,,,,,,,,,,,,,,,,,,,,,,,,,,,,,,,,,,,,,,,,,,,,,,,,,
1895,12,270.0,-2.0,,,,,,,,,,,,,,,,,,,,,,,,,,,,,,,,,,,,,,,,7.11,8.0,8.89,8.0,2,1.84,10,1.0,0.5,0.8,-2.93,-1.74,-0.55,-1.74,2,2.46,10,1.0,0.5,0.8,7.01,7.66,8.32,7.66,2,1.36,10,1.0,0.5,0.8,1011.23,1011.5,1012.05,1011.63,3,0.61,10,1.0,0.6,0.8,,,,,,,,,,,,,,,,,,,,,,,,,,,,,,,,,,,,,,,,,,,,,,,,,,,,,,,,,,,,,,,,,,,,,,,,,,,,,,,,,,,,,,,,,,,,,,,,,,,,,,,,,,,,,,,,,,,,,,,,,,,,,,,,,,,,,,,,,,,,,,,,,,,,,,
1895,12,270.0,4.0,,,,,,,,,,,,,,,,,,,,,,,,,,,,,,,,,,,,,,,,0.0,0.0,1.77,0.87,3,1.5,22,1.0,0.3,0.3,-1.25,0.0,0.0,-0.61,3,1.06,22,1.0,0.3,0.3,0.0,0.0,1.25,0.61,3,1.06,22,1.0,0.3,0.3,1010.15,1010.7,1011.38,1010.77,3,0.9,22,1.0,0.3,0.3,,,,,,,,,,,,,,,,,,,,,,,,,,,,,,,,,,,,,,,,,,,,,,,,,,,,,,,,,,,,,,,,,,,,,,,,,,,,,,,,,,,,,,,,,,,,,,,,,,,,,,,,,,,,,,,,,,,,,,,,,,,,,,,,,,,,,,,,,,,,,,,,,,,,,,
1895,12,270.0,6.0,,,,,,,,,,,,,,,,,,,,,,,,,,,,,,,,,,,,,,,,0.32,1.0,4.89,2.57,3,3.61,16,1.0,0.4,0.8,-1.79,0.0,0.48,-0.64,3,1.75,16,1.0,0.4,0.8,-4.43,-0.71,-0.22,-2.29,3,3.38,16,1.0,0.4,0.8,1011.56,1011.9,1012.38,1011.97,3,0.6,16,1.0,0.4,0.8,,,,,,,,,,,,,,,,,,,,,,,,,,,,,,,,,,,,,,,,,,,,,,,,,,,,,,,,,,,,,,,,,,,,,,,,,,,,,,,,,,,,,,,,,,,,,,,,,,,,,,,,,,,,,,,,,,,,,,,,,,,,,,,,,,,,,,,,,,,,,,,,,,,,,,
1895,12,272.0,-50.0,,,,,,,,,,,,,,,,,,,,,,,,,,,,,,,,,,,,,,,,6.7,8.0,12.3,8.86,8,3.11,8,0.8,0.4,0.7,3.42,6.39,11.11,6.93,8,3.46,8,0.8,0.4,0.7,-6.54,-4.77,1.87,-3.3,8,4.49,8,0.8,0.4,0.7,998.74,1004.0,1009.26,1004.0,2,10.89,12,1.0,0.3,0.5,,,,,,,,,,,,,,,,,,,,,,,,,,,,,,,,,,,,,,,,,,,,,,,,,,,,,,,,,,,,,,,,,,,,,,,,,,,,,,,,,,,,,,,,,,,,,,,,,,,,,,,,,,,,,,,,,,,,,,,,,,,,,,,,,,,,,,,,,,,,,,,,,,,,,,
1895,12,272.0,-48.0,,,,,,,,,,,,,,,,,,,,,,,,,,,,,,,,,,,,,,,,4.83,6.7,12.3,8.28,8,3.44,6,0.8,0.5,0.7,4.32,5.47,12.3,7.64,8,3.91,6,0.8,0.5,0.7,0.0,1.72,4.49,1.93,8,1.98,6,0.8,0.5,0.7,1006.48,1013.75,1021.02,1013.75,2,15.06,12,1.0,0.5,0.5,,,,,,,,,,,,,,,,,,,,,,,,,,,,,,,,,,,,,,,,,,,,,,,,,,,,,,,,,,,,,,,,,,,,,,,,,,,,,,,,,,,,,,,,,,,,,,,,,,,,,,,,,,,,,,,,,,,,,,,,,,,,,,,,,,,,,,,,,,,,,,,,,,,,,,
1895,12,272.0,-46.0,,,,,,,,,,,,,,,,,,,,,,,,,,,,,,,,,,,,,,,,6.7,8.0,10.56,9.02,6,3.38,10,1.0,0.4,0.5,-5.12,6.46,10.31,4.18,6,8.15,10,1.0,0.4,0.5,-1.24,1.25,5.12,1.3,6,4.43,10,1.0,0.4,0.5,1003.93,1009.25,1016.56,1010.2,4,8.24,12,1.0,0.4,0.5,,,,,,,,,,,,,,,,,,,,,,,,,,,,,,,,,,,,,,,,,,,,,,,,,,,,,,,,,,,,,,,,,,,,,,,,,,,,,,,,,,,,,,,,,,,,,,,,,,,,,,,,,,,,,,,,,,,,,,,,,,,,,,,,,,,,,,,,,,,,,,,,,,,,,,
1895,12,272.0,-44.0,,,,,,,,,,,,,,,,,,,,,,,,,,,,,,,,,,,,,,,,5.6,6.7,9.63,7.58,4,3.3,12,1.0,0.5,0.5,3.14,4.67,5.51,4.34,4,1.84,12,1.0,0.5,0.5,-4.78,3.37,4.5,0.02,4,7.68,12,1.0,0.5,0.5,1007.65,1015.5,1018.78,1013.27,3,8.38,10,1.0,0.4,0.4,,,,,,,,,,,,,,,,,,,,,,,,,,,,,,,,,,,,,,,,,,,,,,,,,,,,,,,,,,,,,,,,,,,,,,,,,,,,,,,,,,,,,,,,,,,,,,,,,,,,,,,,,,,,,,,,,,,,,,,,,,,,,,,,,,,,,,,,,,,,,,,,,,,,,,
1895,12,272.0,-42.0,,,,,,,,,,,,,,,,,,,,,,,,,,,,,,,,,,,,,,,,9.3,9.3,9.3,9.3,2,0.0,18,1.0,0.5,0.3,8.73,8.96,9.19,8.96,2,0.48,18,1.0,0.5,0.3,0.55,1.74,2.93,1.74,2,2.46,18,1.0,0.5,0.3,1016.8,1016.8,1016.8,1016.8,1,0.0,14,1.0,0.3,0.3,,,,,,,,,,,,,,,,,,,,,,,,,,,,,,,,,,,,,,,,,,,,,,,,,,,,,,,,,,,,,,,,,,,,,,,,,,,,,,,,,,,,,,,,,,,,,,,,,,,,,,,,,,,,,,,,,,,,,,,,,,,,,,,,,,,,,,,,,,,,,,,,,,,,,,
1895,12,272.0,-40.0,,,,,,,,,,,,,,,,,,,,,,,,,,,,,,,,,,,,,,,,3.87,4.6,5.37,4.62,5,1.45,4,0.8,0.6,0.8,2.74,3.25,3.79,3.27,5,1.03,4,0.8,0.6,0.8,2.74,3.25,3.79,3.27,5,1.03,4,0.8,0.6,0.8,1030.0,1030.0,1030.0,1030.0,1,0.0,6,1.0,0.8,0.8,,,,,,,,,,,,,,,,,,,,,,,,,,,,,,,,,,,,,,,,,,,,,,,,,,,,,,,,,,,,,,,,,,,,,,,,,,,,,,,,,,,,,,,,,,,,,,,,,,,,,,,,,,,,,,,,,,,,,,,,,,,,,,,,,,,,,,,,,,,,,,,,,,,,,,
1895,12,272.0,-38.0,,,,,,,,,,,,,,,,,,,,,,,,,,,,,,,,,,,,,,,,4.6,4.6,4.6,4.6,1,0.0,4,1.0,0.3,0.8,1.8,1.8,1.8,1.8,1,0.0,4,1.0,0.3,0.8,4.23,4.23,4.23,4.23,1,0.0,4,1.0,0.3,0.8,1029.5,1029.5,1029.5,1029.5,1,0.0,4,1.0,0.3,0.8,,,,,,,,,,,,,,,,,,,,,,,,,,,,,,,,,,,,,,,,,,,,,,,,,,,,,,,,,,,,,,,,,,,,,,,,,,,,,,,,,,,,,,,,,,,,,,,,,,,,,,,,,,,,,,,,,,,,,,,,,,,,,,,,,,,,,,,,,,,,,,,,,,,,,,
1895,12,272.0,-34.0,,,,,,,,,,,,,,,,,,,,,,,,,,,,,,,,,,,,,,,,2.32,5.15,7.98,5.15,2,5.87,14,1.0,0.5,0.5,1.8,4.85,7.89,4.85,2,6.3,14,1.0,0.5,0.5,0.15,0.46,0.77,0.46,2,0.65,14,1.0,0.5,0.5,1028.7,1028.7,1028.7,1028.7,1,0.0,4,1.0,0.3,0.8,,,,,,,,,,,,,,,,,,,,,,,,,,,,,,,,,,,,,,,,,,,,,,,,,,,,,,,,,,,,,,,,,,,,,,,,,,,,,,,,,,,,,,,,,,,,,,,,,,,,,,,,,,,,,,,,,,,,,,,,,,,,,,,,,,,,,,,,,,,,,,,,,,,,,,
1895,12,272.0,-32.0,,,,,,,,,,,,,,,,,,,,,,,,,,,,,,,,,,,,,,,,3.04,4.6,6.7,4.79,15,1.74,8,0.7,0.6,0.6,-2.24,0.0,2.12,-0.49,15,2.15,8,0.7,0.6,0.6,2.74,4.6,6.17,4.29,15,1.75,8,0.7,0.6,0.6,1023.81,1026.05,1027.35,1025.77,6,1.96,10,1.0,0.5,0.5,,,,,,,,,,,,,,,,,,,,,,,,,,,,,,,,,,,,,,,,,,,,,,,,,,,,,,,,,,,,,,,,,,,,,,,,,,,,,,,,,,,,,,,,,,,,,,,,,,,,,,,,,,,,,,,,,,,,,,,,,,,,,,,,,,,,,,,,,,,,,,,,,,,,,,
1895,12,272.0,-30.0,,,,,,,,,,,,,,,,,,,,,,,,,,,,,,,,,,,,,,,,3.23,4.6,6.03,4.63,3,2.05,16,1.0,0.3,0.4,-3.54,-0.97,0.92,-1.3,3,3.28,16,1.0,0.3,0.4,2.99,4.23,4.58,3.79,3,1.22,16,1.0,0.3,0.4,1022.14,1023.3,1024.46,1023.3,2,2.4,22,1.0,0.3,0.3,,,,,,,,,,,,,,,,,,,,,,,,,,,,,,,,,,,,,,,,,,,,,,,,,,,,,,,,,,,,,,,,,,,,,,,,,,,,,,,,,,,,,,,,,,,,,,,,,,,,,,,,,,,,,,,,,,,,,,,,,,,,,,,,,,,,,,,,,,,,,,,,,,,,,,
1895,12,272.0,-2.0,,,,,,,,,,,,,,,,,,,,,,,,,,,,,,,,,,,,,,,,6.7,6.7,6.7,6.7,1,0.0,8,1.0,0.8,0.8,0.0,0.0,0.0,0.0,1,0.0,8,1.0,0.8,0.8,6.7,6.7,6.7,6.7,1,0.0,8,1.0,0.8,0.8,1012.2,1012.2,1012.2,1012.2,1,0.0,8,1.0,0.8,0.8,,,,,,,,,,,,,,,,,,,,,,,,,,,,,,,,,,,,,,,,,,,,,,,,,,,,,,,,,,,,,,,,,,,,,,,,,,,,,,,,,,,,,,,,,,,,,,,,,,,,,,,,,,,,,,,,,,,,,,,,,,,,,,,,,,,,,,,,,,,,,,,,,,,,,,
1895,12,272.0,8.0,,,,,,,,,,,,,,,,,,,,,,,,,,,,,,,,,,,,,,,,6.7,6.7,6.7,6.7,1,0.0,14,1.0,0.8,0.3,2.51,2.51,2.51,2.51,1,0.0,14,1.0,0.8,0.3,-6.21,-6.21,-6.21,-6.21,1,0.0,14,1.0,0.8,0.3,1011.7,1011.7,1011.7,1011.7,1,0.0,14,1.0,0.8,0.3,,,,,,,,,,,,,,,,,,,,,,,,,,,,,,,,,,,,,,,,,,,,,,,,,,,,,,,,,,,,,,,,,,,,,,,,,,,,,,,,,,,,,,,,,,,,,,,,,,,,,,,,,,,,,,,,,,,,,,,,,,,,,,,,,,,,,,,,,,,,,,,,,,,,,,
1895,12,272.0,10.0,,,,,,,,,,,,,,,,,,,,,,,,,,,,,,,,,,,,,,,,0.0,0.0,0.0,0.0,1,0.0,2,1.0,0.8,0.3,0.0,0.0,0.0,0.0,1,0.0,2,1.0,0.8,0.3,0.0,0.0,0.0,0.0,1,0.0,2,1.0,0.8,0.3,1015.4,1015.4,1015.4,1015.4,1,0.0,2,1.0,0.8,0.3,,,,,,,,,,,,,,,,,,,,,,,,,,,,,,,,,,,,,,,,,,,,,,,,,,,,,,,,,,,,,,,,,,,,,,,,,,,,,,,,,,,,,,,,,,,,,,,,,,,,,,,,,,,,,,,,,,,,,,,,,,,,,,,,,,,,,,,,,,,,,,,,,,,,,,
1895,12,272.0,16.0,,,,,,,,,,,,,,,,,,,,,,,,,,,,,,,,,,,,,,,,2.6,4.6,6.7,4.67,11,1.96,8,0.6,0.3,0.6,-4.74,-2.62,0.0,-2.45,11,2.24,8,0.6,0.3,0.6,-4.74,-3.25,-2.16,-3.4,11,1.88,8,0.6,0.3,0.6,1013.35,1014.1,1017.53,1014.96,12,2.15,8,0.7,0.4,0.6,,,,,,,,,,,,,,,,,,,,,,,,,,,,,,,,,,,,,,,,,,,,,,,,,,,,,,,,,,,,,,,,,,,,,,,,,,,,,,,,,,,,,,,,,,,,,,,,,,,,,,,,,,,,,,,,,,,,,,,,,,,,,,,,,,,,,,,,,,,,,,,,,,,,,,
1895,12,272.0,22.0,,,,,,,,,,,,,,,,,,,,,,,,,,,,,,,,,,,,,,,,12.3,12.3,12.3,12.3,4,0.0,30,0.8,0.9,0.0,-4.81,-4.81,-4.81,-4.81,4,0.0,30,0.8,0.9,0.0,-11.32,-11.32,-11.32,-11.32,4,0.0,30,0.8,0.9,0.0,1019.48,1020.5,1021.72,1020.7,5,1.69,30,0.6,0.9,0.0,,,,,,,,,,,,,,,,,,,,,,,,,,,,,,,,,,,,,,,,,,,,,,,,,,,,,,,,,,,,,,,,,,,,,,,,,,,,,,,,,,,,,,,,,,,,,,,,,,,,,,,,,,,,,,,,,,,,,,,,,,,,,,,,,,,,,,,,,,,,,,,,,,,,,,
1895,12,274.0,-54.0,,,,,,,,,,,,,,,,,,,,,,,,,,,,,,,,,,,,,,,,6.7,9.3,11.97,9.2,8,3.42,8,0.8,0.7,0.7,3.48,4.74,10.8,6.62,8,4.43,8,0.8,0.7,0.7,-8.4,-4.77,-3.42,-5.17,8,2.85,8,0.8,0.7,0.7,992.6,992.6,992.6,992.6,1,0.0,4,1.0,0.8,0.8,,,,,,,,,,,,,,,,,,,,,,,,,,,,,,,,,,,,,,,,,,,,,,,,,,,,,,,,,,,,,,,,,,,,,,,,,,,,,,,,,,,,,,,,,,,,,,,,,,,,,,,,,,,,,,,,,,,,,,,,,,,,,,,,,,,,,,,,,,,,,,,,,,,,,,
1895,12,274.0,-52.0,,,,,,,,,,,,,,,,,,,,,,,,,,,,,,,,,,,,,,,,6.7,9.3,12.3,9.58,8,3.59,12,1.0,0.6,0.5,-4.1,6.36,8.62,4.0,8,6.27,12,1.0,0.6,0.5,3.48,4.6,10.67,5.81,8,4.63,12,1.0,0.6,0.5,1007.38,1012.7,1018.08,1012.73,4,6.18,14,1.0,0.6,0.5,,,,,,,,,,,,,,,,,,,,,,,,,,,,,,,,,,,,,,,,,,,,,,,,,,,,,,,,,,,,,,,,,,,,,,,,,,,,,,,,,,,,,,,,,,,,,,,,,,,,,,,,,,,,,,,,,,,,,,,,,,,,,,,,,,,,,,,,,,,,,,,,,,,,,,
1895,12,274.0,-50.0,,,,,,,,,,,,,,,,,,,,,,,,,,,,,,,,,,,,,,,,9.3,9.3,9.3,9.3,3,0.0,6,1.0,0.8,0.8,8.8,9.3,9.3,9.05,3,0.43,6,1.0,0.8,0.8,-2.48,0.0,0.0,-1.21,3,2.1,6,1.0,0.8,0.8,1001.34,1003.35,1005.36,1003.35,2,4.17,6,1.0,0.8,0.8,,,,,,,,,,,,,,,,,,,,,,,,,,,,,,,,,,,,,,,,,,,,,,,,,,,,,,,,,,,,,,,,,,,,,,,,,,,,,,,,,,,,,,,,,,,,,,,,,,,,,,,,,,,,,,,,,,,,,,,,,,,,,,,,,,,,,,,,,,,,,,,,,,,,,,
1895,12,274.0,-48.0,,,,,,,,,,,,,,,,,,,,,,,,,,,,,,,,,,,,,,,,6.27,9.3,12.3,9.08,6,3.05,8,0.8,0.4,0.4,-0.72,3.87,12.3,4.81,6,6.42,8,0.8,0.4,0.4,-1.78,0.86,7.1,1.4,6,6.08,8,0.8,0.4,0.4,1007.03,1009.9,1010.17,1008.63,3,2.55,8,1.0,0.3,0.4,,,,,,,,,,,,,,,,,,,,,,,,,,,,,,,,,,,,,,,,,,,,,,,,,,,,,,,,,,,,,,,,,,,,,,,,,,,,,,,,,,,,,,,,,,,,,,,,,,,,,,,,,,,,,,,,,,,,,,,,,,,,,,,,,,,,,,,,,,,,,,,,,,,,,,
1895,12,274.0,-46.0,,,,,,,,,,,,,,,,,,,,,,,,,,,,,,,,,,,,,,,,5.93,9.3,10.4,8.44,5,2.92,10,1.0,0.4,0.4,2.92,4.61,8.62,5.29,5,3.58,10,1.0,0.4,0.4,-4.16,3.48,4.66,0.45,5,7.04,10,1.0,0.4,0.4,1009.53,1014.25,1019.02,1014.28,4,6.11,6,1.0,0.4,0.4,,,,,,,,,,,,,,,,,,,,,,,,,,,,,,,,,,,,,,,,,,,,,,,,,,,,,,,,,,,,,,,,,,,,,,,,,,,,,,,,,,,,,,,,,,,,,,,,,,,,,,,,,,,,,,,,,,,,,,,,,,,,,,,,,,,,,,,,,,,,,,,,,,,,,,
1895,12,274.0,-44.0,,,,,,,,,,,,,,,,,,,,,,,,,,,,,,,,,,,,,,,,12.3,12.3,12.3,12.3,1,0.0,8,1.0,0.3,0.8,12.3,12.3,12.3,12.3,1,0.0,8,1.0,0.3,0.8,0.0,0.0,0.0,0.0,1,0.0,8,1.0,0.3,0.8,1022.6,1022.6,1022.6,1022.6,1,0.0,8,1.0,0.3,0.8,,,,,,,,,,,,,,,,,,,,,,,,,,,,,,,,,,,,,,,,,,,,,,,,,,,,,,,,,,,,,,,,,,,,,,,,,,,,,,,,,,,,,,,,,,,,,,,,,,,,,,,,,,,,,,,,,,,,,,,,,,,,,,,,,,,,,,,,,,,,,,,,,,,,,,
1895,12,274.0,-42.0,,,,,,,,,,,,,,,,,,,,,,,,,,,,,,,,,,,,,,,,12.3,12.3,12.3,12.3,1,0.0,6,1.0,0.3,0.8,11.4,11.4,11.4,11.4,1,0.0,6,1.0,0.3,0.8,4.61,4.61,4.61,4.61,1,0.0,6,1.0,0.3,0.8,1025.1,1025.1,1025.1,1025.1,1,0.0,6,1.0,0.3,0.8,,,,,,,,,,,,,,,,,,,,,,,,,,,,,,,,,,,,,,,,,,,,,,,,,,,,,,,,,,,,,,,,,,,,,,,,,,,,,,,,,,,,,,,,,,,,,,,,,,,,,,,,,,,,,,,,,,,,,,,,,,,,,,,,,,,,,,,,,,,,,,,,,,,,,,
1895,12,274.0,-30.0,,,,,,,,,,,,,,,,,,,,,,,,,,,,,,,,,,,,,,,,2.52,4.6,4.7,4.1,7,1.81,16,1.0,0.4,0.4,-3.32,-1.72,0.02,-1.82,7,1.77,16,1.0,0.4,0.4,2.52,4.27,4.29,3.47,7,1.34,16,1.0,0.4,0.4,1023.43,1024.45,1025.58,1024.53,6,2.0,18,1.0,0.4,0.4,,,,,,,,,,,,,,,,,,,,,,,,,,,,,,,,,,,,,,,,,,,,,,,,,,,,,,,,,,,,,,,,,,,,,,,,,,,,,,,,,,,,,,,,,,,,,,,,,,,,,,,,,,,,,,,,,,,,,,,,,,,,,,,,,,,,,,,,,,,,,,,,,,,,,,
1895,12,274.0,0.0,,,,,,,,,,,,,,,,,,,,,,,,,,,,,,,,,,,,,,,,9.3,9.3,9.3,9.3,1,0.0,6,1.0,0.8,0.3,0.0,0.0,0.0,0.0,1,0.0,6,1.0,0.8,0.3,9.3,9.3,9.3,9.3,1,0.0,6,1.0,0.8,0.3,1013.3,1013.3,1013.3,1013.3,1,0.0,6,1.0,0.8,0.3,,,,,,,,,,,,,,,,,,,,,,,,,,,,,,,,,,,,,,,,,,,,,,,,,,,,,,,,,,,,,,,,,,,,,,,,,,,,,,,,,,,,,,,,,,,,,,,,,,,,,,,,,,,,,,,,,,,,,,,,,,,,,,,,,,,,,,,,,,,,,,,,,,,,,,
1895,12,274.0,8.0,,,,,,,,,,,,,,,,,,,,,,,,,,,,,,,,,,,,,,,,1.0,4.6,6.7,4.1,6,2.58,6,1.0,0.3,0.8,-3.46,-0.69,1.27,-0.45,6,3.65,6,1.0,0.3,0.8,-3.96,-2.17,0.19,-2.23,6,2.7,6,1.0,0.3,0.8,1010.38,1012.15,1013.19,1011.98,6,1.43,6,1.0,0.3,0.8,,,,,,,,,,,,,,,,,,,,,,,,,,,,,,,,,,,,,,,,,,,,,,,,,,,,,,,,,,,,,,,,,,,,,,,,,,,,,,,,,,,,,,,,,,,,,,,,,,,,,,,,,,,,,,,,,,,,,,,,,,,,,,,,,,,,,,,,,,,,,,,,,,,,,,
1895,12,274.0,16.0,,,,,,,,,,,,,,,,,,,,,,,,,,,,,,,,,,,,,,,,4.6,4.6,4.6,4.6,2,0.0,12,0.5,0.3,0.8,3.25,3.25,3.25,3.25,2,0.0,12,0.5,0.3,0.8,-3.25,-3.25,-3.25,-3.25,2,0.0,12,0.5,0.3,0.8,1016.03,1016.1,1016.58,1016.3,3,0.44,12,0.3,0.3,0.8,,,,,,,,,,,,,,,,,,,,,,,,,,,,,,,,,,,,,,,,,,,,,,,,,,,,,,,,,,,,,,,,,,,,,,,,,,,,,,,,,,,,,,,,,,,,,,,,,,,,,,,,,,,,,,,,,,,,,,,,,,,,,,,,,,,,,,,,,,,,,,,,,,,,,,
1895,12,274.0,18.0,,,,,,,,,,,,,,,,,,,,,,,,,,,,,,,,,,,,,,,,2.6,4.6,7.24,5.07,6,2.58,12,0.3,0.6,0.3,0.0,2.49,6.25,2.95,6,2.92,12,0.3,0.6,0.3,-4.74,-2.94,-2.6,-3.65,6,1.57,12,0.3,0.6,0.3,1014.12,1015.1,1016.13,1015.18,6,1.17,12,0.3,0.6,0.3,,,,,,,,,,,,,,,,,,,,,,,,,,,,,,,,,,,,,,,,,,,,,,,,,,,,,,,,,,,,,,,,,,,,,,,,,,,,,,,,,,,,,,,,,,,,,,,,,,,,,,,,,,,,,,,,,,,,,,,,,,,,,,,,,,,,,,,,,,,,,,,,,,,,,,
1895,12,274.0,20.0,,,,,,,,,,,,,,,,,,,,,,,,,,,,,,,,,,,,,,,,6.7,6.7,9.92,8.31,7,2.22,26,0.6,0.7,0.6,-9.91,-6.21,0.13,-5.33,7,5.5,26,0.6,0.7,0.6,-2.35,0.0,6.24,2.03,7,4.17,26,0.6,0.7,0.6,1014.57,1015.2,1015.85,1015.18,5,0.8,30,0.4,0.8,0.5,,,,,,,,,,,,,,,,,,,,,,,,,,,,,,,,,,,,,,,,,,,,,,,,,,,,,,,,,,,,,,,,,,,,,,,,,,,,,,,,,,,,,,,,,,,,,,,,,,,,,,,,,,,,,,,,,,,,,,,,,,,,,,,,,,,,,,,,,,,,,,,,,,,,,,
1895,12,274.0,22.0,,,,,,,,,,,,,,,,,,,,,,,,,,,,,,,,,,,,,,,,4.6,6.7,9.8,7.3,10,2.82,18,0.5,0.5,0.5,-9.72,-6.7,-4.23,-7.17,10,2.92,18,0.5,0.5,0.5,0.0,0.0,1.8,0.73,10,0.94,18,0.5,0.5,0.5,1015.62,1017.7,1019.35,1017.66,9,1.8,20,0.6,0.5,0.4,,,,,,,,,,,,,,,,,,,,,,,,,,,,,,,,,,,,,,,,,,,,,,,,,,,,,,,,,,,,,,,,,,,,,,,,,,,,,,,,,,,,,,,,,,,,,,,,,,,,,,,,,,,,,,,,,,,,,,,,,,,,,,,,,,,,,,,,,,,,,,,,,,,,,,
1895,12,276.0,-56.0,,,,,,,,,,,,,,,,,,,,,,,,,,,,,,,,,,,,,,,,6.7,9.3,10.4,8.86,5,2.32,14,0.8,0.8,0.9,1.74,6.17,8.92,5.08,5,5.14,14,0.8,0.8,0.9,-6.18,-2.62,3.15,-1.49,5,6.49,14,0.8,0.8,0.9,1008.2,1008.2,1008.2,1008.2,1,0.0,16,1.0,0.8,0.8,,,,,,,,,,,,,,,,,,,,,,,,,,,,,,,,,,,,,,,,,,,,,,,,,,,,,,,,,,,,,,,,,,,,,,,,,,,,,,,,,,,,,,,,,,,,,,,,,,,,,,,,,,,,,,,,,,,,,,,,,,,,,,,,,,,,,,,,,,,,,,,,,,,,,,
1895,12,276.0,-54.0,,,,,,,,,,,,,,,,,,,,,,,,,,,,,,,,,,,,,,,,2.6,9.3,13.43,8.44,5,5.75,16,0.8,0.3,0.5,-4.49,1.02,11.17,2.57,5,10.4,16,0.8,0.3,0.5,-1.16,0.0,2.47,0.36,5,2.34,16,0.8,0.3,0.5,996.39,1005.2,1014.01,1005.2,2,18.24,14,1.0,0.3,0.8,,,,,,,,,,,,,,,,,,,,,,,,,,,,,,,,,,,,,,,,,,,,,,,,,,,,,,,,,,,,,,,,,,,,,,,,,,,,,,,,,,,,,,,,,,,,,,,,,,,,,,,,,,,,,,,,,,,,,,,,,,,,,,,,,,,,,,,,,,,,,,,,,,,,,,
1895,12,276.0,-52.0,,,,,,,,,,,,,,,,,,,,,,,,,,,,,,,,,,,,,,,,7.59,15.65,19.74,13.87,6,7.97,14,1.0,0.6,0.4,5.36,13.65,17.9,11.87,6,7.12,14,1.0,0.6,0.4,-5.17,0.35,8.95,2.07,6,8.33,14,1.0,0.6,0.4,997.45,1000.8,1004.44,1001.18,5,5.04,12,1.0,0.6,0.4,,,,,,,,,,,,,,,,,,,,,,,,,,,,,,,,,,,,,,,,,,,,,,,,,,,,,,,,,,,,,,,,,,,,,,,,,,,,,,,,,,,,,,,,,,,,,,,,,,,,,,,,,,,,,,,,,,,,,,,,,,,,,,,,,,,,,,,,,,,,,,,,,,,,,,
1895,12,276.0,-50.0,,,,,,,,,,,,,,,,,,,,,,,,,,,,,,,,,,,,,,,,9.3,9.3,11.49,9.68,9,1.71,10,0.9,0.6,0.5,7.13,9.3,10.78,8.87,9,2.11,10,0.9,0.6,0.5,-3.46,0.0,4.3,0.57,9,3.86,10,0.9,0.6,0.5,1000.8,1003.8,1005.59,1003.23,4,3.22,10,1.0,0.5,0.4,,,,,,,,,,,,,,,,,,,,,,,,,,,,,,,,,,,,,,,,,,,,,,,,,,,,,,,,,,,,,,,,,,,,,,,,,,,,,,,,,,,,,,,,,,,,,,,,,,,,,,,,,,,,,,,,,,,,,,,,,,,,,,,,,,,,,,,,,,,,,,,,,,,,,,
1895,12,276.0,-30.0,,,,,,,,,,,,,,,,,,,,,,,,,,,,,,,,,,,,,,,,3.25,4.65,6.05,4.65,2,2.9,22,1.0,0.5,0.5,-2.27,-1.74,-1.22,-1.74,2,1.09,22,1.0,0.5,0.5,3.01,4.31,5.61,4.31,2,2.69,22,1.0,0.5,0.5,1024.8,1024.8,1024.8,1024.8,2,0.0,22,1.0,0.5,0.5,,,,,,,,,,,,,,,,,,,,,,,,,,,,,,,,,,,,,,,,,,,,,,,,,,,,,,,,,,,,,,,,,,,,,,,,,,,,,,,,,,,,,,,,,,,,,,,,,,,,,,,,,,,,,,,,,,,,,,,,,,,,,,,,,,,,,,,,,,,,,,,,,,,,,,
1895,12,276.0,-28.0,,,,,,,,,,,,,,,,,,,,,,,,,,,,,,,,,,,,,,,,6.7,6.7,10.52,8.57,3,3.23,20,1.0,0.4,0.4,-3.94,-2.51,-2.51,-3.21,3,1.21,20,1.0,0.4,0.4,6.21,6.21,9.76,7.94,3,3.0,20,1.0,0.4,0.4,1020.61,1021.5,1023.41,1022.0,3,2.1,20,1.0,0.4,0.4,,,,,,,,,,,,,,,,,,,,,,,,,,,,,,,,,,,,,,,,,,,,,,,,,,,,,,,,,,,,,,,,,,,,,,,,,,,,,,,,,,,,,,,,,,,,,,,,,,,,,,,,,,,,,,,,,,,,,,,,,,,,,,,,,,,,,,,,,,,,,,,,,,,,,,
1895,12,276.0,-26.0,,,,,,,,,,,,,,,,,,,,,,,,,,,,,,,,,,,,,,,,9.3,9.3,9.3,9.3,1,0.0,20,1.0,0.8,0.3,-3.48,-3.48,-3.48,-3.48,1,0.0,20,1.0,0.8,0.3,8.62,8.62,8.62,8.62,1,0.0,20,1.0,0.8,0.3,1020.0,1020.0,1020.0,1020.0,1,0.0,20,1.0,0.8,0.3,,,,,,,,,,,,,,,,,,,,,,,,,,,,,,,,,,,,,,,,,,,,,,,,,,,,,,,,,,,,,,,,,,,,,,,,,,,,,,,,,,,,,,,,,,,,,,,,,,,,,,,,,,,,,,,,,,,,,,,,,,,,,,,,,,,,,,,,,,,,,,,,,,,,,,
1895,12,276.0,-10.0,,,,,,,,,,,,,,,,,,,,,,,,,,,,,,,,,,,,,,,,6.7,6.7,6.7,6.7,1,0.0,4,1.0,0.3,0.3,-4.74,-4.74,-4.74,-4.74,1,0.0,4,1.0,0.3,0.3,4.74,4.74,4.74,4.74,1,0.0,4,1.0,0.3,0.3,1012.8,1012.8,1012.8,1012.8,1,0.0,4,1.0,0.3,0.3,,,,,,,,,,,,,,,,,,,,,,,,,,,,,,,,,,,,,,,,,,,,,,,,,,,,,,,,,,,,,,,,,,,,,,,,,,,,,,,,,,,,,,,,,,,,,,,,,,,,,,,,,,,,,,,,,,,,,,,,,,,,,,,,,,,,,,,,,,,,,,,,,,,,,,
1895,12,276.0,-8.0,,,,,,,,,,,,,,,,,,,,,,,,,,,,,,,,,,,,,,,,9.3,9.3,9.3,9.3,1,0.0,4,1.0,0.8,0.3,-6.58,-6.58,-6.58,-6.58,1,0.0,4,1.0,0.8,0.3,6.58,6.58,6.58,6.58,1,0.0,4,1.0,0.8,0.3,1014.0,1014.0,1014.0,1014.0,1,0.0,4,1.0,0.8,0.3,,,,,,,,,,,,,,,,,,,,,,,,,,,,,,,,,,,,,,,,,,,,,,,,,,,,,,,,,,,,,,,,,,,,,,,,,,,,,,,,,,,,,,,,,,,,,,,,,,,,,,,,,,,,,,,,,,,,,,,,,,,,,,,,,,,,,,,,,,,,,,,,,,,,,,
1895,12,276.0,0.0,,,,,,,,,,,,,,,,,,,,,,,,,,,,,,,,,,,,,,,,9.3,9.3,9.3,9.3,1,0.0,6,1.0,0.8,0.3,0.0,0.0,0.0,0.0,1,0.0,6,1.0,0.8,0.3,9.3,9.3,9.3,9.3,1,0.0,6,1.0,0.8,0.3,1014.3,1014.3,1014.3,1014.3,1,0.0,6,1.0,0.8,0.3,,,,,,,,,,,,,,,,,,,,,,,,,,,,,,,,,,,,,,,,,,,,,,,,,,,,,,,,,,,,,,,,,,,,,,,,,,,,,,,,,,,,,,,,,,,,,,,,,,,,,,,,,,,,,,,,,,,,,,,,,,,,,,,,,,,,,,,,,,,,,,,,,,,,,,
1895,12,276.0,18.0,,,,,,,,,,,,,,,,,,,,,,,,,,,,,,,,,,,,,,,,7.94,9.3,9.3,8.65,4,1.3,14,0.3,0.6,0.8,0.0,0.0,1.83,0.87,4,1.74,14,0.3,0.6,0.8,-9.3,-8.96,-7.62,-8.48,4,1.23,14,0.3,0.6,0.8,1013.68,1014.4,1015.84,1014.65,6,1.06,14,0.5,0.5,0.8,,,,,,,,,,,,,,,,,,,,,,,,,,,,,,,,,,,,,,,,,,,,,,,,,,,,,,,,,,,,,,,,,,,,,,,,,,,,,,,,,,,,,,,,,,,,,,,,,,,,,,,,,,,,,,,,,,,,,,,,,,,,,,,,,,,,,,,,,,,,,,,,,,,,,,
1895,12,276.0,20.0,,,,,,,,,,,,,,,,,,,,,,,,,,,,,,,,,,,,,,,,4.6,4.6,8.13,6.02,17,2.14,22,0.5,0.6,0.4,-8.05,-4.6,-3.25,-5.51,17,2.41,22,0.5,0.6,0.4,-3.25,0.0,0.47,-0.83,17,2.05,22,0.5,0.6,0.4,1015.13,1016.3,1017.49,1016.36,14,1.55,22,0.6,0.7,0.3,,,,,,,,,,,,,,,,,,,,,,,,,,,,,,,,,,,,,,,,,,,,,,,,,,,,,,,,,,,,,,,,,,,,,,,,,,,,,,,,,,,,,,,,,,,,,,,,,,,,,,,,,,,,,,,,,,,,,,,,,,,,,,,,,,,,,,,,,,,,,,,,,,,,,,
1895,12,276.0,22.0,,,,,,,,,,,,,,,,,,,,,,,,,,,,,,,,,,,,,,,,4.6,4.6,4.6,4.6,6,0.0,20,0.3,0.3,0.6,-4.6,-4.6,-3.25,-4.15,6,0.7,20,0.3,0.3,0.6,-0.67,0.0,0.67,0.0,6,2.06,20,0.3,0.3,0.6,1015.45,1016.6,1018.23,1016.75,6,1.64,20,0.3,0.3,0.6,,,,,,,,,,,,,,,,,,,,,,,,,,,,,,,,,,,,,,,,,,,,,,,,,,,,,,,,,,,,,,,,,,,,,,,,,,,,,,,,,,,,,,,,,,,,,,,,,,,,,,,,,,,,,,,,,,,,,,,,,,,,,,,,,,,,,,,,,,,,,,,,,,,,,,
1895,12,276.0,24.0,,,,,,,,,,,,,,,,,,,,,,,,,,,,,,,,,,,,,,,,5.27,6.7,8.47,6.87,3,2.35,22,1.0,0.8,0.3,-5.99,-4.74,-4.42,-5.19,3,1.22,22,1.0,0.8,0.3,-5.99,-4.74,-2.68,-4.35,3,2.45,22,1.0,0.8,0.3,1019.16,1020.8,1021.0,1020.1,3,1.48,22,1.0,0.8,0.3,,,,,,,,,,,,,,,,,,,,,,,,,,,,,,,,,,,,,,,,,,,,,,,,,,,,,,,,,,,,,,,,,,,,,,,,,,,,,,,,,,,,,,,,,,,,,,,,,,,,,,,,,,,,,,,,,,,,,,,,,,,,,,,,,,,,,,,,,,,,,,,,,,,,,,
1895,12,278.0,-56.0,,,,,,,,,,,,,,,,,,,,,,,,,,,,,,,,,,,,,,,,5.66,9.3,13.09,9.6,12,5.24,12,0.9,0.5,0.6,0.0,5.1,9.36,5.14,12,4.94,12,0.9,0.5,0.6,-6.16,0.92,8.85,2.33,12,8.3,12,0.9,0.5,0.6,998.0,1009.85,1019.76,1008.93,4,15.63,16,1.0,0.4,0.6,,,,,,,,,,,,,,,,,,,,,,,,,,,,,,,,,,,,,,,,,,,,,,,,,,,,,,,,,,,,,,,,,,,,,,,,,,,,,,,,,,,,,,,,,,,,,,,,,,,,,,,,,,,,,,,,,,,,,,,,,,,,,,,,,,,,,,,,,,,,,,,,,,,,,,
1895,12,278.0,-54.0,,,,,,,,,,,,,,,,,,,,,,,,,,,,,,,,,,,,,,,,4.6,6.7,14.56,9.41,9,6.31,12,1.0,0.5,0.6,-0.77,6.7,13.75,6.6,9,6.67,12,1.0,0.5,0.6,-2.38,4.23,5.36,3.07,9,5.94,12,1.0,0.5,0.6,997.02,1003.45,1006.39,1002.74,8,7.48,14,1.0,0.4,0.6,,,,,,,,,,,,,,,,,,,,,,,,,,,,,,,,,,,,,,,,,,,,,,,,,,,,,,,,,,,,,,,,,,,,,,,,,,,,,,,,,,,,,,,,,,,,,,,,,,,,,,,,,,,,,,,,,,,,,,,,,,,,,,,,,,,,,,,,,,,,,,,,,,,,,,
1895,12,278.0,-52.0,,,,,,,,,,,,,,,,,,,,,,,,,,,,,,,,,,,,,,,,4.6,8.0,15.4,9.76,12,4.69,12,0.9,0.4,0.5,0.0,5.41,14.18,6.04,12,6.72,12,0.9,0.4,0.5,-6.85,-4.7,3.08,-3.16,12,5.47,12,0.9,0.4,0.5,1001.49,1005.8,1014.81,1007.37,6,7.1,14,1.0,0.3,0.4,,,,,,,,,,,,,,,,,,,,,,,,,,,,,,,,,,,,,,,,,,,,,,,,,,,,,,,,,,,,,,,,,,,,,,,,,,,,,,,,,,,,,,,,,,,,,,,,,,,,,,,,,,,,,,,,,,,,,,,,,,,,,,,,,,,,,,,,,,,,,,,,,,,,,,
1895,12,278.0,-50.0,,,,,,,,,,,,,,,,,,,,,,,,,,,,,,,,,,,,,,,,4.6,5.65,8.06,6.3,4,2.23,16,1.0,0.6,0.4,1.8,3.27,6.74,4.22,4,3.21,16,1.0,0.6,0.4,-4.21,0.3,4.23,0.02,4,4.88,16,1.0,0.6,0.4,1006.91,1011.65,1016.39,1011.65,2,9.83,14,1.0,0.5,0.5,,,,,,,,,,,,,,,,,,,,,,,,,,,,,,,,,,,,,,,,,,,,,,,,,,,,,,,,,,,,,,,,,,,,,,,,,,,,,,,,,,,,,,,,,,,,,,,,,,,,,,,,,,,,,,,,,,,,,,,,,,,,,,,,,,,,,,,,,,,,,,,,,,,,,,
1895,12,278.0,-48.0,,,,,,,,,,,,,,,,,,,,,,,,,,,,,,,,,,,,,,,,5.93,6.7,14.16,9.98,5,7.25,16,1.0,0.5,0.6,0.96,6.17,11.31,6.05,5,7.5,16,1.0,0.5,0.6,-7.5,-1.8,3.94,-2.43,5,8.22,16,1.0,0.5,0.6,1015.72,1016.4,1018.65,1017.17,3,2.25,20,1.0,0.4,0.4,,,,,,,,,,,,,,,,,,,,,,,,,,,,,,,,,,,,,,,,,,,,,,,,,,,,,,,,,,,,,,,,,,,,,,,,,,,,,,,,,,,,,,,,,,,,,,,,,,,,,,,,,,,,,,,,,,,,,,,,,,,,,,,,,,,,,,,,,,,,,,,,,,,,,,
1895,12,278.0,-46.0,,,,,,,,,,,,,,,,,,,,,,,,,,,,,,,,,,,,,,,,10.27,12.35,14.43,12.35,2,4.31,26,1.0,0.5,0.5,8.93,9.73,10.52,9.73,2,1.65,26,1.0,0.5,0.5,-9.74,-7.26,-4.79,-7.26,2,5.13,26,1.0,0.5,0.5,1010.43,1013.95,1017.47,1013.95,2,7.28,26,1.0,0.5,0.5,,,,,,,,,,,,,,,,,,,,,,,,,,,,,,,,,,,,,,,,,,,,,,,,,,,,,,,,,,,,,,,,,,,,,,,,,,,,,,,,,,,,,,,,,,,,,,,,,,,,,,,,,,,,,,,,,,,,,,,,,,,,,,,,,,,,,,,,,,,,,,,,,,,,,,
1895,12,278.0,-28.0,,,,,,,,,,,,,,,,,,,,,,,,,,,,,,,,,,,,,,,,4.93,5.65,6.37,5.65,2,1.48,10,1.0,0.3,0.5,-2.39,-2.12,-1.85,-2.12,2,0.56,10,1.0,0.3,0.5,4.57,5.24,5.9,5.24,2,1.38,10,1.0,0.3,0.5,1021.74,1022.9,1024.06,1022.9,2,2.4,10,1.0,0.3,0.5,,,,,,,,,,,,,,,,,,,,,,,,,,,,,,,,,,,,,,,,,,,,,,,,,,,,,,,,,,,,,,,,,,,,,,,,,,,,,,,,,,,,,,,,,,,,,,,,,,,,,,,,,,,,,,,,,,,,,,,,,,,,,,,,,,,,,,,,,,,,,,,,,,,,,,
1895,12,278.0,-26.0,,,,,,,,,,,,,,,,,,,,,,,,,,,,,,,,,,,,,,,,7.53,9.3,11.35,9.43,3,2.8,14,1.0,0.6,0.3,-5.99,-4.74,-4.65,-5.31,3,1.1,14,1.0,0.6,0.3,5.32,6.58,9.87,7.57,3,3.44,14,1.0,0.6,0.3,1020.14,1021.1,1023.08,1021.6,3,2.19,14,1.0,0.6,0.3,,,,,,,,,,,,,,,,,,,,,,,,,,,,,,,,,,,,,,,,,,,,,,,,,,,,,,,,,,,,,,,,,,,,,,,,,,,,,,,,,,,,,,,,,,,,,,,,,,,,,,,,,,,,,,,,,,,,,,,,,,,,,,,,,,,,,,,,,,,,,,,,,,,,,,
1895,12,278.0,-6.0,,,,,,,,,,,,,,,,,,,,,,,,,,,,,,,,,,,,,,,,6.7,6.7,6.7,6.7,1,0.0,6,1.0,0.3,0.3,-4.74,-4.74,-4.74,-4.74,1,0.0,6,1.0,0.3,0.3,4.74,4.74,4.74,4.74,1,0.0,6,1.0,0.3,0.3,1012.0,1012.0,1012.0,1012.0,1,0.0,6,1.0,0.3,0.3,,,,,,,,,,,,,,,,,,,,,,,,,,,,,,,,,,,,,,,,,,,,,,,,,,,,,,,,,,,,,,,,,,,,,,,,,,,,,,,,,,,,,,,,,,,,,,,,,,,,,,,,,,,,,,,,,,,,,,,,,,,,,,,,,,,,,,,,,,,,,,,,,,,,,,
1895,12,278.0,-4.0,,,,,,,,,,,,,,,,,,,,,,,,,,,,,,,,,,,,,,,,6.7,6.7,6.7,6.7,1,0.0,6,1.0,0.8,0.3,-2.51,-2.51,-2.51,-2.51,1,0.0,6,1.0,0.8,0.3,6.21,6.21,6.21,6.21,1,0.0,6,1.0,0.8,0.3,1011.5,1011.5,1011.5,1011.5,1,0.0,6,1.0,0.8,0.3,,,,,,,,,,,,,,,,,,,,,,,,,,,,,,,,,,,,,,,,,,,,,,,,,,,,,,,,,,,,,,,,,,,,,,,,,,,,,,,,,,,,,,,,,,,,,,,,,,,,,,,,,,,,,,,,,,,,,,,,,,,,,,,,,,,,,,,,,,,,,,,,,,,,,,
1895,12,278.0,0.0,,,,,,,,,,,,,,,,,,,,,,,,,,,,,,,,,,,,,,,,3.55,4.6,4.6,4.1,4,1.0,2,1.0,0.8,0.4,2.51,3.25,3.78,3.15,4,1.0,2,1.0,0.8,0.4,1.78,2.55,3.25,2.52,4,0.85,2,1.0,0.8,0.4,1013.3,1013.45,1014.18,1013.73,4,0.67,2,1.0,0.8,0.4,,,,,,,,,,,,,,,,,,,,,,,,,,,,,,,,,,,,,,,,,,,,,,,,,,,,,,,,,,,,,,,,,,,,,,,,,,,,,,,,,,,,,,,,,,,,,,,,,,,,,,,,,,,,,,,,,,,,,,,,,,,,,,,,,,,,,,,,,,,,,,,,,,,,,,
1895,12,278.0,18.0,,,,,,,,,,,,,,,,,,,,,,,,,,,,,,,,,,,,,,,,4.93,5.65,6.37,5.65,2,1.48,14,1.0,0.3,0.8,0.0,0.0,0.0,0.0,2,0.0,14,1.0,0.3,0.8,-6.37,-5.65,-4.93,-5.65,2,1.48,14,1.0,0.3,0.8,1014.94,1015.25,1015.56,1015.25,2,0.64,14,1.0,0.3,0.8,,,,,,,,,,,,,,,,,,,,,,,,,,,,,,,,,,,,,,,,,,,,,,,,,,,,,,,,,,,,,,,,,,,,,,,,,,,,,,,,,,,,,,,,,,,,,,,,,,,,,,,,,,,,,,,,,,,,,,,,,,,,,,,,,,,,,,,,,,,,,,,,,,,,,,
1895,12,278.0,20.0,,,,,,,,,,,,,,,,,,,,,,,,,,,,,,,,,,,,,,,,6.7,6.7,13.89,9.03,9,3.92,24,0.7,0.8,0.1,-13.02,-6.7,-2.62,-7.32,9,4.86,24,0.7,0.8,0.1,-6.06,-4.74,-0.5,-3.86,9,2.56,24,0.7,0.8,0.1,1015.2,1015.9,1015.9,1015.62,5,0.38,28,0.6,0.8,0.0,,,,,,,,,,,,,,,,,,,,,,,,,,,,,,,,,,,,,,,,,,,,,,,,,,,,,,,,,,,,,,,,,,,,,,,,,,,,,,,,,,,,,,,,,,,,,,,,,,,,,,,,,,,,,,,,,,,,,,,,,,,,,,,,,,,,,,,,,,,,,,,,,,,,,,
1895,12,278.0,30.0,,,,,,,,,,,,,,,,,,,,,,,,,,,,,,,,,,,,,,,,4.6,6.7,8.6,6.34,9,1.94,18,0.3,0.9,0.5,-6.7,-4.23,4.27,-2.11,9,5.72,18,0.3,0.9,0.5,-1.72,0.0,3.36,0.25,9,3.36,18,0.3,0.9,0.5,1019.87,1022.25,1023.46,1021.94,8,2.2,20,0.4,0.8,0.5,,,,,,,,,,,,,,,,,,,,,,,,,,,,,,,,,,,,,,,,,,,,,,,,,,,,,,,,,,,,,,,,,,,,,,,,,,,,,,,,,,,,,,,,,,,,,,,,,,,,,,,,,,,,,,,,,,,,,,,,,,,,,,,,,,,,,,,,,,,,,,,,,,,,,,
1895,12,280.0,-58.0,,,,,,,,,,,,,,,,,,,,,,,,,,,,,,,,,,,,,,,,6.27,9.3,10.56,9.1,6,3.63,18,1.0,0.7,0.8,2.58,7.66,9.3,6.2,6,3.81,18,1.0,0.7,0.8,0.0,1.63,5.94,3.69,6,5.97,18,1.0,0.7,0.8,987.28,990.9,997.86,992.53,3,7.88,26,1.0,0.6,0.6,,,,,,,,,,,,,,,,,,,,,,,,,,,,,,,,,,,,,,,,,,,,,,,,,,,,,,,,,,,,,,,,,,,,,,,,,,,,,,,,,,,,,,,,,,,,,,,,,,,,,,,,,,,,,,,,,,,,,,,,,,,,,,,,,,,,,,,,,,,,,,,,,,,,,,
1895,12,280.0,-56.0,,,,,,,,,,,,,,,,,,,,,,,,,,,,,,,,,,,,,,,,3.14,6.7,9.3,7.39,9,4.03,12,1.0,0.4,0.6,0.26,3.25,8.6,4.52,9,4.75,12,1.0,0.4,0.6,-3.03,0.0,8.06,1.43,9,5.46,12,1.0,0.4,0.6,985.88,994.05,1003.19,995.07,6,11.68,14,1.0,0.3,0.6,,,,,,,,,,,,,,,,,,,,,,,,,,,,,,,,,,,,,,,,,,,,,,,,,,,,,,,,,,,,,,,,,,,,,,,,,,,,,,,,,,,,,,,,,,,,,,,,,,,,,,,,,,,,,,,,,,,,,,,,,,,,,,,,,,,,,,,,,,,,,,,,,,,,,,
1895,12,280.0,-54.0,,,,,,,,,,,,,,,,,,,,,,,,,,,,,,,,,,,,,,,,3.05,17.2,19.0,13.16,8,8.43,8,0.9,0.6,0.6,2.83,13.44,18.6,11.61,8,7.89,8,0.9,0.6,0.6,0.0,0.46,2.34,0.55,8,7.24,8,0.9,0.6,0.6,991.37,999.1,1000.86,996.25,4,7.84,12,1.0,0.5,0.3,,,,,,,,,,,,,,,,,,,,,,,,,,,,,,,,,,,,,,,,,,,,,,,,,,,,,,,,,,,,,,,,,,,,,,,,,,,,,,,,,,,,,,,,,,,,,,,,,,,,,,,,,,,,,,,,,,,,,,,,,,,,,,,,,,,,,,,,,,,,,,,,,,,,,,
1895,12,280.0,-46.0,,,,,,,,,,,,,,,,,,,,,,,,,,,,,,,,,,,,,,,,6.7,6.7,6.7,6.7,1,0.0,20,1.0,0.3,0.8,2.62,2.62,2.62,2.62,1,0.0,20,1.0,0.3,0.8,6.17,6.17,6.17,6.17,1,0.0,20,1.0,0.3,0.8,996.6,996.6,996.6,996.6,1,0.0,12,1.0,0.3,0.8,,,,,,,,,,,,,,,,,,,,,,,,,,,,,,,,,,,,,,,,,,,,,,,,,,,,,,,,,,,,,,,,,,,,,,,,,,,,,,,,,,,,,,,,,,,,,,,,,,,,,,,,,,,,,,,,,,,,,,,,,,,,,,,,,,,,,,,,,,,,,,,,,,,,,,
1895,12,280.0,-44.0,,,,,,,,,,,,,,,,,,,,,,,,,,,,,,,,,,,,,,,,3.25,4.65,6.05,4.65,2,2.9,16,1.0,0.5,0.8,2.94,3.67,4.4,3.67,2,1.51,16,1.0,0.5,0.8,0.75,2.37,3.99,2.37,2,3.35,16,1.0,0.5,0.8,1009.5,1009.5,1009.5,1009.5,1,0.0,14,1.0,0.3,0.8,,,,,,,,,,,,,,,,,,,,,,,,,,,,,,,,,,,,,,,,,,,,,,,,,,,,,,,,,,,,,,,,,,,,,,,,,,,,,,,,,,,,,,,,,,,,,,,,,,,,,,,,,,,,,,,,,,,,,,,,,,,,,,,,,,,,,,,,,,,,,,,,,,,,,,
1895,12,280.0,-42.0,,,,,,,,,,,,,,,,,,,,,,,,,,,,,,,,,,,,,,,,12.3,12.3,12.3,12.3,1,0.0,22,1.0,0.8,0.8,11.32,11.32,11.32,11.32,1,0.0,22,1.0,0.8,0.8,-4.81,-4.81,-4.81,-4.81,1,0.0,22,1.0,0.8,0.8,1014.7,1014.7,1014.7,1014.7,1,0.0,22,1.0,0.8,0.8,,,,,,,,,,,,,,,,,,,,,,,,,,,,,,,,,,,,,,,,,,,,,,,,,,,,,,,,,,,,,,,,,,,,,,,,,,,,,,,,,,,,,,,,,,,,,,,,,,,,,,,,,,,,,,,,,,,,,,,,,,,,,,,,,,,,,,,,,,,,,,,,,,,,,,
1895,12,280.0,-40.0,,,,,,,,,,,,,,,,,,,,,,,,,,,,,,,,,,,,,,,,12.3,12.3,12.3,12.3,1,0.0,14,1.0,0.8,0.3,8.7,8.7,8.7,8.7,1,0.0,14,1.0,0.8,0.3,-8.7,-8.7,-8.7,-8.7,1,0.0,14,1.0,0.8,0.3,1017.6,1017.6,1017.6,1017.6,1,0.0,14,1.0,0.8,0.3,,,,,,,,,,,,,,,,,,,,,,,,,,,,,,,,,,,,,,,,,,,,,,,,,,,,,,,,,,,,,,,,,,,,,,,,,,,,,,,,,,,,,,,,,,,,,,,,,,,,,,,,,,,,,,,,,,,,,,,,,,,,,,,,,,,,,,,,,,,,,,,,,,,,,,
1895,12,280.0,-28.0,,,,,,,,,,,,,,,,,,,,,,,,,,,,,,,,,,,,,,,,6.7,6.7,6.7,6.7,1,0.0,20,1.0,0.3,0.8,0.0,0.0,0.0,0.0,1,0.0,20,1.0,0.3,0.8,6.7,6.7,6.7,6.7,1,0.0,20,1.0,0.3,0.8,1017.6,1017.6,1017.6,1017.6,1,0.0,20,1.0,0.3,0.8,,,,,,,,,,,,,,,,,,,,,,,,,,,,,,,,,,,,,,,,,,,,,,,,,,,,,,,,,,,,,,,,,,,,,,,,,,,,,,,,,,,,,,,,,,,,,,,,,,,,,,,,,,,,,,,,,,,,,,,,,,,,,,,,,,,,,,,,,,,,,,,,,,,,,,
1895,12,280.0,-26.0,,,,,,,,,,,,,,,,,,,,,,,,,,,,,,,,,,,,,,,,0.48,1.0,5.35,2.83,4,4.34,18,1.0,0.6,0.6,-2.16,-0.71,-0.34,-1.22,4,1.54,18,1.0,0.6,0.6,0.34,0.71,4.85,2.51,4,4.09,18,1.0,0.6,0.6,1017.9,1018.7,1019.71,1018.8,4,1.05,18,1.0,0.6,0.6,,,,,,,,,,,,,,,,,,,,,,,,,,,,,,,,,,,,,,,,,,,,,,,,,,,,,,,,,,,,,,,,,,,,,,,,,,,,,,,,,,,,,,,,,,,,,,,,,,,,,,,,,,,,,,,,,,,,,,,,,,,,,,,,,,,,,,,,,,,,,,,,,,,,,,
1895,12,280.0,-24.0,,,,,,,,,,,,,,,,,,,,,,,,,,,,,,,,,,,,,,,,9.3,9.3,9.3,9.3,1,0.0,20,1.0,0.3,0.3,-3.48,-3.48,-3.48,-3.48,1,0.0,20,1.0,0.3,0.3,8.62,8.62,8.62,8.62,1,0.0,20,1.0,0.3,0.3,1018.4,1018.4,1018.4,1018.4,1,0.0,20,1.0,0.3,0.3,,,,,,,,,,,,,,,,,,,,,,,,,,,,,,,,,,,,,,,,,,,,,,,,,,,,,,,,,,,,,,,,,,,,,,,,,,,,,,,,,,,,,,,,,,,,,,,,,,,,,,,,,,,,,,,,,,,,,,,,,,,,,,,,,,,,,,,,,,,,,,,,,,,,,,
1895,12,280.0,-22.0,,,,,,,,,,,,,,,,,,,,,,,,,,,,,,,,,,,,,,,,4.6,4.6,4.6,4.6,1,0.0,30,1.0,0.3,0.3,0.0,0.0,0.0,0.0,1,0.0,30,1.0,0.3,0.3,4.6,4.6,4.6,4.6,1,0.0,30,1.0,0.3,0.3,1014.6,1014.6,1014.6,1014.6,1,0.0,30,1.0,0.3,0.3,,,,,,,,,,,,,,,,,,,,,,,,,,,,,,,,,,,,,,,,,,,,,,,,,,,,,,,,,,,,,,,,,,,,,,,,,,,,,,,,,,,,,,,,,,,,,,,,,,,,,,,,,,,,,,,,,,,,,,,,,,,,,,,,,,,,,,,,,,,,,,,,,,,,,,
1895,12,280.0,18.0,,,,,,,,,,,,,,,,,,,,,,,,,,,,,,,,,,,,,,,,6.7,9.3,12.94,9.95,6,3.38,24,0.3,0.8,0.6,-9.15,-3.56,-2.6,-5.31,6,3.57,24,0.3,0.8,0.6,-9.15,-8.59,-6.2,-8.19,6,1.78,24,0.3,0.8,0.6,1014.59,1015.5,1016.2,1015.4,4,0.96,28,0.5,0.9,0.5,,,,,,,,,,,,,,,,,,,,,,,,,,,,,,,,,,,,,,,,,,,,,,,,,,,,,,,,,,,,,,,,,,,,,,,,,,,,,,,,,,,,,,,,,,,,,,,,,,,,,,,,,,,,,,,,,,,,,,,,,,,,,,,,,,,,,,,,,,,,,,,,,,,,,,
1895,12,280.0,26.0,,,,,,,,,,,,,,,,,,,,,,,,,,,,,,,,,,,,,,,,4.6,4.6,4.6,4.6,2,0.0,26,1.0,0.3,0.8,-4.55,-4.43,-4.32,-4.43,2,0.24,26,1.0,0.3,0.8,-1.45,-0.86,-0.27,-0.86,2,1.22,26,1.0,0.3,0.8,1015.83,1015.9,1015.97,1015.9,2,0.14,26,1.0,0.3,0.8,,,,,,,,,,,,,,,,,,,,,,,,,,,,,,,,,,,,,,,,,,,,,,,,,,,,,,,,,,,,,,,,,,,,,,,,,,,,,,,,,,,,,,,,,,,,,,,,,,,,,,,,,,,,,,,,,,,,,,,,,,,,,,,,,,,,,,,,,,,,,,,,,,,,,,
1895,12,280.0,28.0,,,,,,,,,,,,,,,,,,,,,,,,,,,,,,,,,,,,,,,,2.6,3.6,4.6,3.67,14,1.81,26,0.5,0.5,0.5,-4.51,-2.4,-1.72,-2.66,14,1.55,26,0.5,0.5,0.5,-0.94,0.86,4.27,1.5,14,2.32,26,0.5,0.5,0.5,1013.96,1017.15,1021.79,1017.69,14,3.41,26,0.5,0.5,0.5,,,,,,,,,,,,,,,,,,,,,,,,,,,,,,,,,,,,,,,,,,,,,,,,,,,,,,,,,,,,,,,,,,,,,,,,,,,,,,,,,,,,,,,,,,,,,,,,,,,,,,,,,,,,,,,,,,,,,,,,,,,,,,,,,,,,,,,,,,,,,,,,,,,,,,
1895,12,280.0,30.0,,,,,,,,,,,,,,,,,,,,,,,,,,,,,,,,,,,,,,,,2.6,4.6,9.73,6.17,19,3.81,18,0.4,0.7,0.3,-9.02,-1.72,1.73,-2.75,19,5.04,18,0.4,0.7,0.3,-5.83,-4.23,1.22,-3.06,19,3.37,18,0.4,0.7,0.3,1018.88,1019.7,1024.37,1020.87,15,2.37,22,0.3,0.6,0.3,,,,,,,,,,,,,,,,,,,,,,,,,,,,,,,,,,,,,,,,,,,,,,,,,,,,,,,,,,,,,,,,,,,,,,,,,,,,,,,,,,,,,,,,,,,,,,,,,,,,,,,,,,,,,,,,,,,,,,,,,,,,,,,,,,,,,,,,,,,,,,,,,,,,,,
1895,12,282.0,-58.0,,,,,,,,,,,,,,,,,,,,,,,,,,,,,,,,,,,,,,,,6.7,9.3,15.2,10.51,14,4.86,20,0.9,0.6,0.6,2.56,7.94,11.4,8.36,14,5.98,20,0.9,0.6,0.6,-6.09,0.0,4.61,-0.62,14,5.57,20,0.9,0.6,0.6,983.07,985.6,1003.98,992.7,5,13.92,16,1.0,0.6,0.6,,,,,,,,,,,,,,,,,,,,,,,,,,,,,,,,,,,,,,,,,,,,,,,,,,,,,,,,,,,,,,,,,,,,,,,,,,,,,,,,,,,,,,,,,,,,,,,,,,,,,,,,,,,,,,,,,,,,,,,,,,,,,,,,,,,,,,,,,,,,,,,,,,,,,,
1895,12,282.0,-56.0,,,,,,,,,,,,,,,,,,,,,,,,,,,,,,,,,,,,,,,,5.12,12.3,15.4,11.36,8,5.6,8,0.9,0.8,0.7,4.49,8.7,10.89,8.23,8,3.67,8,0.9,0.8,0.7,-1.71,7.64,10.89,4.87,8,7.81,8,0.9,0.8,0.7,991.78,1002.5,1007.3,999.68,4,12.25,10,1.0,0.6,0.4,,,,,,,,,,,,,,,,,,,,,,,,,,,,,,,,,,,,,,,,,,,,,,,,,,,,,,,,,,,,,,,,,,,,,,,,,,,,,,,,,,,,,,,,,,,,,,,,,,,,,,,,,,,,,,,,,,,,,,,,,,,,,,,,,,,,,,,,,,,,,,,,,,,,,,
1895,12,282.0,-40.0,,,,,,,,,,,,,,,,,,,,,,,,,,,,,,,,,,,,,,,,4.93,5.65,6.37,5.65,2,1.48,20,1.0,0.5,0.5,2.26,3.27,4.27,3.27,2,2.08,20,1.0,0.5,0.5,-3.31,-0.25,2.81,-0.25,2,6.34,20,1.0,0.5,0.5,1019.0,1019.0,1019.0,1019.0,1,0.0,20,1.0,0.3,0.3,,,,,,,,,,,,,,,,,,,,,,,,,,,,,,,,,,,,,,,,,,,,,,,,,,,,,,,,,,,,,,,,,,,,,,,,,,,,,,,,,,,,,,,,,,,,,,,,,,,,,,,,,,,,,,,,,,,,,,,,,,,,,,,,,,,,,,,,,,,,,,,,,,,,,,
1895,12,282.0,-38.0,,,,,,,,,,,,,,,,,,,,,,,,,,,,,,,,,,,,,,,,1.0,1.0,4.89,2.9,3,3.29,10,1.0,0.3,0.4,-0.6,-0.37,4.12,1.71,3,3.9,10,1.0,0.3,0.4,0.78,0.93,2.01,1.38,3,0.98,10,1.0,0.3,0.4,1019.4,1019.4,1019.4,1019.4,1,0.0,16,1.0,0.3,0.8,,,,,,,,,,,,,,,,,,,,,,,,,,,,,,,,,,,,,,,,,,,,,,,,,,,,,,,,,,,,,,,,,,,,,,,,,,,,,,,,,,,,,,,,,,,,,,,,,,,,,,,,,,,,,,,,,,,,,,,,,,,,,,,,,,,,,,,,,,,,,,,,,,,,,,
1895,12,282.0,-36.0,,,,,,,,,,,,,,,,,,,,,,,,,,,,,,,,,,,,,,,,4.93,5.65,6.37,5.65,2,1.48,16,1.0,0.8,0.5,0.4,1.25,2.11,1.25,2,1.77,16,1.0,0.8,0.5,-5.96,-5.41,-4.86,-5.41,2,1.14,16,1.0,0.8,0.5,1017.5,1017.5,1017.5,1017.5,1,0.0,16,1.0,0.8,0.8,,,,,,,,,,,,,,,,,,,,,,,,,,,,,,,,,,,,,,,,,,,,,,,,,,,,,,,,,,,,,,,,,,,,,,,,,,,,,,,,,,,,,,,,,,,,,,,,,,,,,,,,,,,,,,,,,,,,,,,,,,,,,,,,,,,,,,,,,,,,,,,,,,,,,,
1895,12,282.0,-26.0,,,,,,,,,,,,,,,,,,,,,,,,,,,,,,,,,,,,,,,,2.6,2.6,2.6,2.6,1,0.0,18,1.0,0.8,0.3,1.84,1.84,1.84,1.84,1,0.0,18,1.0,0.8,0.3,1.84,1.84,1.84,1.84,1,0.0,18,1.0,0.8,0.3,1016.2,1016.2,1016.2,1016.2,1,0.0,18,1.0,0.8,0.3,,,,,,,,,,,,,,,,,,,,,,,,,,,,,,,,,,,,,,,,,,,,,,,,,,,,,,,,,,,,,,,,,,,,,,,,,,,,,,,,,,,,,,,,,,,,,,,,,,,,,,,,,,,,,,,,,,,,,,,,,,,,,,,,,,,,,,,,,,,,,,,,,,,,,,
1895,12,282.0,-24.0,,,,,,,,,,,,,,,,,,,,,,,,,,,,,,,,,,,,,,,,2.6,3.6,7.06,4.78,4,3.16,16,1.0,0.5,0.4,-3.37,-2.55,-1.84,-2.6,4,0.89,16,1.0,0.5,0.4,1.84,2.55,6.07,3.89,4,3.23,16,1.0,0.5,0.4,1016.9,1018.25,1019.13,1018.03,4,1.66,16,1.0,0.5,0.4,,,,,,,,,,,,,,,,,,,,,,,,,,,,,,,,,,,,,,,,,,,,,,,,,,,,,,,,,,,,,,,,,,,,,,,,,,,,,,,,,,,,,,,,,,,,,,,,,,,,,,,,,,,,,,,,,,,,,,,,,,,,,,,,,,,,,,,,,,,,,,,,,,,,,,
1895,12,282.0,-22.0,,,,,,,,,,,,,,,,,,,,,,,,,,,,,,,,,,,,,,,,6.7,6.7,6.7,6.7,1,0.0,30,1.0,0.3,0.3,0.0,0.0,0.0,0.0,1,0.0,30,1.0,0.3,0.3,6.7,6.7,6.7,6.7,1,0.0,30,1.0,0.3,0.3,1013.3,1013.3,1013.3,1013.3,1,0.0,30,1.0,0.3,0.3,,,,,,,,,,,,,,,,,,,,,,,,,,,,,,,,,,,,,,,,,,,,,,,,,,,,,,,,,,,,,,,,,,,,,,,,,,,,,,,,,,,,,,,,,,,,,,,,,,,,,,,,,,,,,,,,,,,,,,,,,,,,,,,,,,,,,,,,,,,,,,,,,,,,,,
1895,12,282.0,16.0,,,,,,,,,,,,,,,,,,,,,,,,,,,,,,,,,,,,,,,,1.0,2.6,4.6,2.97,9,1.98,24,0.7,0.7,0.7,-4.58,-1.84,-0.39,-2.21,9,1.96,24,0.7,0.7,0.7,-2.39,-0.92,0.69,-0.99,9,1.85,24,0.7,0.7,0.7,1013.9,1013.9,1013.9,1013.9,1,0.0,26,0.0,1.0,0.5,,,,,,,,,,,,,,,,,,,,,,,,,,,,,,,,,,,,,,,,,,,,,,,,,,,,,,,,,,,,,,,,,,,,,,,,,,,,,,,,,,,,,,,,,,,,,,,,,,,,,,,,,,,,,,,,,,,,,,,,,,,,,,,,,,,,,,,,,,,,,,,,,,,,,,
1895,12,282.0,18.0,,,,,,,,,,,,,,,,,,,,,,,,,,,,,,,,,,,,,,,,6.7,6.7,6.7,6.7,8,0.0,22,0.8,0.7,0.3,-6.05,-4.74,-4.74,-5.17,8,0.81,22,0.8,0.7,0.3,-4.74,-4.74,-2.76,-3.87,8,1.75,22,0.8,0.7,0.3,1014.55,1015.1,1015.74,1015.18,5,0.83,26,0.6,0.7,0.0,,,,,,,,,,,,,,,,,,,,,,,,,,,,,,,,,,,,,,,,,,,,,,,,,,,,,,,,,,,,,,,,,,,,,,,,,,,,,,,,,,,,,,,,,,,,,,,,,,,,,,,,,,,,,,,,,,,,,,,,,,,,,,,,,,,,,,,,,,,,,,,,,,,,,,
1895,12,282.0,26.0,,,,,,,,,,,,,,,,,,,,,,,,,,,,,,,,,,,,,,,,2.6,2.6,6.47,4.2,8,2.54,24,0.5,0.8,0.6,-6.0,-1.81,-1.02,-3.22,8,2.9,24,0.5,0.8,0.6,-2.5,-2.39,-1.8,-2.16,8,1.0,24,0.5,0.8,0.6,1012.86,1018.2,1022.91,1017.88,8,5.08,24,0.5,0.8,0.6,,,,,,,,,,,,,,,,,,,,,,,,,,,,,,,,,,,,,,,,,,,,,,,,,,,,,,,,,,,,,,,,,,,,,,,,,,,,,,,,,,,,,,,,,,,,,,,,,,,,,,,,,,,,,,,,,,,,,,,,,,,,,,,,,,,,,,,,,,,,,,,,,,,,,,
1895,12,282.0,28.0,,,,,,,,,,,,,,,,,,,,,,,,,,,,,,,,,,,,,,,,2.37,2.6,9.73,5.19,19,4.59,22,0.5,0.6,0.4,-4.9,-2.41,-0.86,-3.07,19,3.73,22,0.5,0.6,0.4,-8.58,-0.97,0.0,-2.69,19,4.25,22,0.5,0.6,0.4,1014.64,1016.7,1021.11,1017.47,19,3.33,22,0.5,0.6,0.4,,,,,,,,,,,,,,,,,,,,,,,,,,,,,,,,,,,,,,,,,,,,,,,,,,,,,,,,,,,,,,,,,,,,,,,,,,,,,,,,,,,,,,,,,,,,,,,,,,,,,,,,,,,,,,,,,,,,,,,,,,,,,,,,,,,,,,,,,,,,,,,,,,,,,,
1895,12,282.0,30.0,,,,,,,,,,,,,,,,,,,,,,,,,,,,,,,,,,,,,,,,1.0,4.6,13.05,5.81,9,5.78,16,0.9,0.6,0.3,-9.62,0.0,1.61,-2.87,9,6.15,16,0.9,0.6,0.3,-5.45,0.0,2.41,-1.4,9,4.7,16,0.9,0.6,0.3,1015.27,1016.4,1021.6,1017.98,5,3.58,24,1.0,0.6,0.2,,,,,,,,,,,,,,,,,,,,,,,,,,,,,,,,,,,,,,,,,,,,,,,,,,,,,,,,,,,,,,,,,,,,,,,,,,,,,,,,,,,,,,,,,,,,,,,,,,,,,,,,,,,,,,,,,,,,,,,,,,,,,,,,,,,,,,,,,,,,,,,,,,,,,,
1895,12,284.0,-58.0,,,,,,,,,,,,,,,,,,,,,,,,,,,,,,,,,,,,,,,,2.6,4.6,5.8,4.42,10,1.51,20,1.0,0.7,0.6,-0.96,3.25,4.68,2.4,10,2.99,20,1.0,0.7,0.6,-3.25,-1.39,1.43,-0.87,10,2.8,20,1.0,0.7,0.6,991.42,999.0,1007.7,999.14,5,9.5,24,1.0,0.6,0.6,,,,,,,,,,,,,,,,,,,,,,,,,,,,,,,,,,,,,,,,,,,,,,,,,,,,,,,,,,,,,,,,,,,,,,,,,,,,,,,,,,,,,,,,,,,,,,,,,,,,,,,,,,,,,,,,,,,,,,,,,,,,,,,,,,,,,,,,,,,,,,,,,,,,,,
1895,12,284.0,-56.0,,,,,,,,,,,,,,,,,,,,,,,,,,,,,,,,,,,,,,,,4.83,8.0,9.3,7.85,8,2.67,12,0.9,0.6,0.3,3.62,6.64,8.48,6.19,8,2.55,12,0.9,0.6,0.3,-2.89,0.0,6.58,1.79,8,4.86,12,0.9,0.6,0.3,983.44,984.4,992.73,988.0,3,7.48,12,1.0,0.4,0.3,,,,,,,,,,,,,,,,,,,,,,,,,,,,,,,,,,,,,,,,,,,,,,,,,,,,,,,,,,,,,,,,,,,,,,,,,,,,,,,,,,,,,,,,,,,,,,,,,,,,,,,,,,,,,,,,,,,,,,,,,,,,,,,,,,,,,,,,,,,,,,,,,,,,,,
1895,12,284.0,-38.0,,,,,,,,,,,,,,,,,,,,,,,,,,,,,,,,,,,,,,,,3.25,4.65,6.05,4.65,2,2.9,22,1.0,0.3,0.3,0.16,0.51,0.85,0.51,2,0.72,22,1.0,0.3,0.3,3.08,4.55,6.02,4.55,2,3.05,22,1.0,0.3,0.3,1015.74,1016.7,1017.66,1016.7,2,1.98,22,1.0,0.3,0.3,,,,,,,,,,,,,,,,,,,,,,,,,,,,,,,,,,,,,,,,,,,,,,,,,,,,,,,,,,,,,,,,,,,,,,,,,,,,,,,,,,,,,,,,,,,,,,,,,,,,,,,,,,,,,,,,,,,,,,,,,,,,,,,,,,,,,,,,,,,,,,,,,,,,,,
1895,12,284.0,-36.0,,,,,,,,,,,,,,,,,,,,,,,,,,,,,,,,,,,,,,,,4.6,4.6,4.6,4.6,2,0.0,22,1.0,0.8,0.3,3.41,3.74,4.08,3.74,2,0.69,22,1.0,0.8,0.3,-1.0,0.73,2.45,0.73,2,3.57,22,1.0,0.8,0.3,1014.7,1014.7,1014.7,1014.7,1,0.0,24,1.0,0.8,0.3,,,,,,,,,,,,,,,,,,,,,,,,,,,,,,,,,,,,,,,,,,,,,,,,,,,,,,,,,,,,,,,,,,,,,,,,,,,,,,,,,,,,,,,,,,,,,,,,,,,,,,,,,,,,,,,,,,,,,,,,,,,,,,,,,,,,,,,,,,,,,,,,,,,,,,
1895,12,284.0,-34.0,,,,,,,,,,,,,,,,,,,,,,,,,,,,,,,,,,,,,,,,6.7,6.7,6.7,6.7,1,0.0,18,1.0,0.8,0.8,2.51,2.51,2.51,2.51,1,0.0,18,1.0,0.8,0.8,-6.21,-6.21,-6.21,-6.21,1,0.0,18,1.0,0.8,0.8,1015.5,1015.5,1015.5,1015.5,1,0.0,18,1.0,0.8,0.8,,,,,,,,,,,,,,,,,,,,,,,,,,,,,,,,,,,,,,,,,,,,,,,,,,,,,,,,,,,,,,,,,,,,,,,,,,,,,,,,,,,,,,,,,,,,,,,,,,,,,,,,,,,,,,,,,,,,,,,,,,,,,,,,,,,,,,,,,,,,,,,,,,,,,,
1895,12,284.0,-26.0,,,,,,,,,,,,,,,,,,,,,,,,,,,,,,,,,,,,,,,,1.0,1.0,1.0,1.0,1,0.0,18,1.0,0.3,0.3,0.0,0.0,0.0,0.0,1,0.0,18,1.0,0.3,0.3,1.0,1.0,1.0,1.0,1,0.0,18,1.0,0.3,0.3,1016.7,1016.7,1016.7,1016.7,1,0.0,18,1.0,0.3,0.3,,,,,,,,,,,,,,,,,,,,,,,,,,,,,,,,,,,,,,,,,,,,,,,,,,,,,,,,,,,,,,,,,,,,,,,,,,,,,,,,,,,,,,,,,,,,,,,,,,,,,,,,,,,,,,,,,,,,,,,,,,,,,,,,,,,,,,,,,,,,,,,,,,,,,,
1895,12,284.0,-24.0,,,,,,,,,,,,,,,,,,,,,,,,,,,,,,,,,,,,,,,,2.6,2.6,2.6,2.6,1,0.0,14,1.0,0.3,0.8,-0.97,-0.97,-0.97,-0.97,1,0.0,14,1.0,0.3,0.8,2.41,2.41,2.41,2.41,1,0.0,14,1.0,0.3,0.8,1015.7,1015.7,1015.7,1015.7,1,0.0,14,1.0,0.3,0.8,,,,,,,,,,,,,,,,,,,,,,,,,,,,,,,,,,,,,,,,,,,,,,,,,,,,,,,,,,,,,,,,,,,,,,,,,,,,,,,,,,,,,,,,,,,,,,,,,,,,,,,,,,,,,,,,,,,,,,,,,,,,,,,,,,,,,,,,,,,,,,,,,,,,,,
1895,12,284.0,-22.0,,,,,,,,,,,,,,,,,,,,,,,,,,,,,,,,,,,,,,,,0.59,2.6,4.6,2.99,11,2.72,22,0.9,0.7,0.5,-2.42,0.0,0.0,-0.74,11,1.42,22,0.9,0.7,0.5,0.54,2.6,4.6,2.73,11,2.53,22,0.9,0.7,0.5,1013.46,1014.7,1015.13,1014.41,7,1.09,16,1.0,0.6,0.3,,,,,,,,,,,,,,,,,,,,,,,,,,,,,,,,,,,,,,,,,,,,,,,,,,,,,,,,,,,,,,,,,,,,,,,,,,,,,,,,,,,,,,,,,,,,,,,,,,,,,,,,,,,,,,,,,,,,,,,,,,,,,,,,,,,,,,,,,,,,,,,,,,,,,,
1895,12,284.0,-20.0,,,,,,,,,,,,,,,,,,,,,,,,,,,,,,,,,,,,,,,,6.7,6.7,6.7,6.7,1,0.0,8,1.0,0.8,0.3,-2.51,-2.51,-2.51,-2.51,1,0.0,8,1.0,0.8,0.3,6.21,6.21,6.21,6.21,1,0.0,8,1.0,0.8,0.3,1013.6,1013.6,1013.6,1013.6,1,0.0,8,1.0,0.8,0.3,,,,,,,,,,,,,,,,,,,,,,,,,,,,,,,,,,,,,,,,,,,,,,,,,,,,,,,,,,,,,,,,,,,,,,,,,,,,,,,,,,,,,,,,,,,,,,,,,,,,,,,,,,,,,,,,,,,,,,,,,,,,,,,,,,,,,,,,,,,,,,,,,,,,,,
1895,12,284.0,16.0,,,,,,,,,,,,,,,,,,,,,,,,,,,,,,,,,,,,,,,,2.6,4.6,9.3,5.96,12,3.42,26,0.4,0.6,0.6,-6.58,-4.6,-0.87,-3.98,12,3.15,26,0.4,0.6,0.6,-6.58,-3.18,0.0,-3.4,12,3.26,26,0.4,0.6,0.6,1012.28,1012.5,1013.05,1012.62,5,0.52,26,0.6,0.8,0.3,,,,,,,,,,,,,,,,,,,,,,,,,,,,,,,,,,,,,,,,,,,,,,,,,,,,,,,,,,,,,,,,,,,,,,,,,,,,,,,,,,,,,,,,,,,,,,,,,,,,,,,,,,,,,,,,,,,,,,,,,,,,,,,,,,,,,,,,,,,,,,,,,,,,,,
1895,12,284.0,20.0,,,,,,,,,,,,,,,,,,,,,,,,,,,,,,,,,,,,,,,,10.69,12.6,14.51,12.6,2,3.96,18,0.5,0.8,0.5,-9.16,-5.44,-1.73,-5.44,2,7.7,18,0.5,0.8,0.5,-10.72,-10.34,-9.97,-10.34,2,0.77,18,0.5,0.8,0.5,1018.2,1018.2,1018.2,1018.2,1,0.0,18,1.0,0.8,0.8,,,,,,,,,,,,,,,,,,,,,,,,,,,,,,,,,,,,,,,,,,,,,,,,,,,,,,,,,,,,,,,,,,,,,,,,,,,,,,,,,,,,,,,,,,,,,,,,,,,,,,,,,,,,,,,,,,,,,,,,,,,,,,,,,,,,,,,,,,,,,,,,,,,,,,
1895,12,284.0,22.0,,,,,,,,,,,,,,,,,,,,,,,,,,,,,,,,,,,,,,,,1.0,9.3,15.4,8.45,11,6.85,26,0.5,0.9,0.5,-10.89,-8.56,-0.88,-6.34,11,4.76,26,0.5,0.9,0.5,-10.89,-0.71,0.74,-4.35,11,6.14,26,0.5,0.9,0.5,1013.96,1016.5,1018.54,1016.31,11,2.22,26,0.5,0.9,0.5,,,,,,,,,,,,,,,,,,,,,,,,,,,,,,,,,,,,,,,,,,,,,,,,,,,,,,,,,,,,,,,,,,,,,,,,,,,,,,,,,,,,,,,,,,,,,,,,,,,,,,,,,,,,,,,,,,,,,,,,,,,,,,,,,,,,,,,,,,,,,,,,,,,,,,
1895,12,284.0,24.0,,,,,,,,,,,,,,,,,,,,,,,,,,,,,,,,,,,,,,,,1.0,1.8,12.51,4.66,22,5.91,26,0.5,0.7,0.5,-9.32,-0.92,0.0,-2.72,22,4.51,26,0.5,0.7,0.5,-7.4,0.66,2.61,-0.87,22,5.36,26,0.5,0.7,0.5,1012.03,1013.95,1018.1,1014.34,22,2.89,26,0.5,0.7,0.5,,,,,,,,,,,,,,,,,,,,,,,,,,,,,,,,,,,,,,,,,,,,,,,,,,,,,,,,,,,,,,,,,,,,,,,,,,,,,,,,,,,,,,,,,,,,,,,,,,,,,,,,,,,,,,,,,,,,,,,,,,,,,,,,,,,,,,,,,,,,,,,,,,,,,,
1895,12,284.0,26.0,,,,,,,,,,,,,,,,,,,,,,,,,,,,,,,,,,,,,,,,2.6,4.6,12.3,6.58,17,4.41,22,0.4,0.7,0.3,-11.4,-2.41,-0.55,-5.01,17,4.95,22,0.4,0.7,0.3,-4.61,-4.23,-2.08,-3.43,17,1.36,22,0.4,0.7,0.3,1010.22,1018.3,1020.95,1016.78,17,5.33,22,0.4,0.7,0.3,,,,,,,,,,,,,,,,,,,,,,,,,,,,,,,,,,,,,,,,,,,,,,,,,,,,,,,,,,,,,,,,,,,,,,,,,,,,,,,,,,,,,,,,,,,,,,,,,,,,,,,,,,,,,,,,,,,,,,,,,,,,,,,,,,,,,,,,,,,,,,,,,,,,,,
1895,12,284.0,28.0,,,,,,,,,,,,,,,,,,,,,,,,,,,,,,,,,,,,,,,,6.6,9.3,9.3,7.89,7,1.9,18,0.4,0.7,0.3,-8.62,-8.62,-2.49,-5.68,7,3.78,18,0.4,0.7,0.3,-6.17,-3.48,-3.48,-4.41,7,1.27,18,0.4,0.7,0.3,1019.1,1020.8,1021.01,1020.17,7,1.01,18,0.4,0.7,0.3,,,,,,,,,,,,,,,,,,,,,,,,,,,,,,,,,,,,,,,,,,,,,,,,,,,,,,,,,,,,,,,,,,,,,,,,,,,,,,,,,,,,,,,,,,,,,,,,,,,,,,,,,,,,,,,,,,,,,,,,,,,,,,,,,,,,,,,,,,,,,,,,,,,,,,
1895,12,284.0,30.0,,,,,,,,,,,,,,,,,,,,,,,,,,,,,,,,,,,,,,,,4.6,6.7,13.58,8.64,11,5.03,28,0.7,0.7,0.4,-1.5,3.25,9.6,3.81,11,5.46,28,0.7,0.7,0.4,-9.6,-6.7,3.25,-3.9,11,6.7,28,0.7,0.7,0.4,1011.95,1012.6,1021.83,1015.02,12,4.31,28,0.7,0.7,0.5,,,,,,,,,,,,,,,,,,,,,,,,,,,,,,,,,,,,,,,,,,,,,,,,,,,,,,,,,,,,,,,,,,,,,,,,,,,,,,,,,,,,,,,,,,,,,,,,,,,,,,,,,,,,,,,,,,,,,,,,,,,,,,,,,,,,,,,,,,,,,,,,,,,,,,
1895,12,284.0,32.0,,,,,,,,,,,,,,,,,,,,,,,,,,,,,,,,,,,,,,,,6.5,6.7,12.6,8.59,13,3.85,20,0.5,0.7,0.3,-0.33,3.25,4.74,2.01,13,3.68,20,0.5,0.7,0.3,-1.97,4.74,12.49,5.82,13,6.34,20,0.5,0.7,0.3,1015.6,1017.7,1022.5,1018.73,8,3.32,28,0.4,0.8,0.4,,,,,,,,,,,,,,,,,,,,,,,,,,,,,,,,,,,,,,,,,,,,,,,,,,,,,,,,,,,,,,,,,,,,,,,,,,,,,,,,,,,,,,,,,,,,,,,,,,,,,,,,,,,,,,,,,,,,,,,,,,,,,,,,,,,,,,,,,,,,,,,,,,,,,,
1895,12,284.0,34.0,,,,,,,,,,,,,,,,,,,,,,,,,,,,,,,,,,,,,,,,2.82,6.7,9.01,5.74,8,3.21,20,0.5,0.6,0.5,-4.04,0.0,2.23,-0.86,8,3.27,20,0.5,0.6,0.5,-8.36,0.9,2.62,-1.36,8,5.86,20,0.5,0.6,0.5,1017.74,1020.65,1022.62,1020.32,6,2.51,26,0.5,0.8,0.5,,,,,,,,,,,,,,,,,,,,,,,,,,,,,,,,,,,,,,,,,,,,,,,,,,,,,,,,,,,,,,,,,,,,,,,,,,,,,,,,,,,,,,,,,,,,,,,,,,,,,,,,,,,,,,,,,,,,,,,,,,,,,,,,,,,,,,,,,,,,,,,,,,,,,,
1895,12,284.0,36.0,,,,,,,,,,,,,,,,,,,,,,,,,,,,,,,,,,,,,,,,2.6,6.7,9.92,6.91,7,3.84,6,0.6,0.5,0.5,0.0,1.87,2.65,1.44,7,1.49,6,0.6,0.5,0.5,-9.62,0.0,4.97,-0.76,7,8.07,6,0.6,0.5,0.5,1019.9,1019.9,1019.9,1019.9,1,0.0,30,1.0,0.8,0.3,,,,,,,,,,,,,,,,,,,,,,,,,,,,,,,,,,,,,,,,,,,,,,,,,,,,,,,,,,,,,,,,,,,,,,,,,,,,,,,,,,,,,,,,,,,,,,,,,,,,,,,,,,,,,,,,,,,,,,,,,,,,,,,,,,,,,,,,,,,,,,,,,,,,,,
1895,12,284.0,38.0,,,,,,,,,,,,,,,,,,,,,,,,,,,,,,,,,,,,,,,,4.6,4.6,4.6,4.6,2,0.0,24,1.0,0.8,0.5,0.68,2.13,3.59,2.13,2,3.02,24,1.0,0.8,0.5,2.18,3.16,4.14,3.16,2,2.03,24,1.0,0.8,0.5,1023.9,1024.1,1024.3,1024.1,2,0.42,24,1.0,0.8,0.5,,,,,,,,,,,,,,,,,,,,,,,,,,,,,,,,,,,,,,,,,,,,,,,,,,,,,,,,,,,,,,,,,,,,,,,,,,,,,,,,,,,,,,,,,,,,,,,,,,,,,,,,,,,,,,,,,,,,,,,,,,,,,,,,,,,,,,,,,,,,,,,,,,,,,,
1895,12,286.0,-60.0,,,,,,,,,,,,,,,,,,,,,,,,,,,,,,,,,,,,,,,,5.27,6.7,12.64,8.9,3,5.73,16,1.0,0.8,0.6,-8.94,-4.74,0.72,-4.12,3,7.09,16,1.0,0.8,0.6,-8.47,-3.25,2.2,-3.13,3,7.81,16,1.0,0.8,0.6,986.0,986.0,986.0,986.0,1,0.0,14,1.0,0.8,0.3,,,,,,,,,,,,,,,,,,,,,,,,,,,,,,,,,,,,,,,,,,,,,,,,,,,,,,,,,,,,,,,,,,,,,,,,,,,,,,,,,,,,,,,,,,,,,,,,,,,,,,,,,,,,,,,,,,,,,,,,,,,,,,,,,,,,,,,,,,,,,,,,,,,,,,
1895,12,286.0,-58.0,,,,,,,,,,,,,,,,,,,,,,,,,,,,,,,,,,,,,,,,3.27,9.3,15.4,9.55,22,5.5,12,0.9,0.5,0.5,-10.11,0.0,4.69,-1.56,22,6.77,12,0.9,0.5,0.5,-3.04,2.32,13.06,3.32,22,8.12,12,0.9,0.5,0.5,981.58,993.45,1000.71,992.44,8,9.76,14,1.0,0.6,0.6,,,,,,,,,,,,,,,,,,,,,,,,,,,,,,,,,,,,,,,,,,,,,,,,,,,,,,,,,,,,,,,,,,,,,,,,,,,,,,,,,,,,,,,,,,,,,,,,,,,,,,,,,,,,,,,,,,,,,,,,,,,,,,,,,,,,,,,,,,,,,,,,,,,,,,
1895,12,286.0,-56.0,,,,,,,,,,,,,,,,,,,,,,,,,,,,,,,,,,,,,,,,2.27,3.6,4.6,3.33,6,1.51,14,1.0,0.6,0.4,0.0,1.82,3.53,1.91,6,1.81,14,1.0,0.6,0.4,0.79,2.22,3.46,2.15,6,1.54,14,1.0,0.6,0.4,997.3,997.3,997.3,997.3,1,0.0,24,1.0,0.8,0.3,,,,,,,,,,,,,,,,,,,,,,,,,,,,,,,,,,,,,,,,,,,,,,,,,,,,,,,,,,,,,,,,,,,,,,,,,,,,,,,,,,,,,,,,,,,,,,,,,,,,,,,,,,,,,,,,,,,,,,,,,,,,,,,,,,,,,,,,,,,,,,,,,,,,,,
1895,12,286.0,-36.0,,,,,,,,,,,,,,,,,,,,,,,,,,,,,,,,,,,,,,,,4.6,4.6,4.6,4.6,1,0.0,22,1.0,0.8,0.8,0.0,0.0,0.0,0.0,1,0.0,22,1.0,0.8,0.8,4.6,4.6,4.6,4.6,1,0.0,22,1.0,0.8,0.8,1018.0,1018.0,1018.0,1018.0,1,0.0,22,1.0,0.8,0.8,,,,,,,,,,,,,,,,,,,,,,,,,,,,,,,,,,,,,,,,,,,,,,,,,,,,,,,,,,,,,,,,,,,,,,,,,,,,,,,,,,,,,,,,,,,,,,,,,,,,,,,,,,,,,,,,,,,,,,,,,,,,,,,,,,,,,,,,,,,,,,,,,,,,,,
1895,12,286.0,-32.0,,,,,,,,,,,,,,,,,,,,,,,,,,,,,,,,,,,,,,,,2.6,2.6,2.6,2.6,2,0.0,18,1.0,0.8,0.5,0.97,0.97,0.97,0.97,2,0.0,18,1.0,0.8,0.5,-2.41,-2.41,-2.41,-2.41,2,0.0,18,1.0,0.8,0.5,1017.2,1017.2,1017.2,1017.2,1,0.0,18,1.0,0.8,0.8,,,,,,,,,,,,,,,,,,,,,,,,,,,,,,,,,,,,,,,,,,,,,,,,,,,,,,,,,,,,,,,,,,,,,,,,,,,,,,,,,,,,,,,,,,,,,,,,,,,,,,,,,,,,,,,,,,,,,,,,,,,,,,,,,,,,,,,,,,,,,,,,,,,,,,
1895,12,286.0,-28.0,,,,,,,,,,,,,,,,,,,,,,,,,,,,,,,,,,,,,,,,12.3,12.3,12.3,12.3,1,0.0,20,1.0,0.8,0.3,0.0,0.0,0.0,0.0,1,0.0,20,1.0,0.8,0.3,12.3,12.3,12.3,12.3,1,0.0,20,1.0,0.8,0.3,1013.5,1013.5,1013.5,1013.5,1,0.0,20,1.0,0.8,0.3,,,,,,,,,,,,,,,,,,,,,,,,,,,,,,,,,,,,,,,,,,,,,,,,,,,,,,,,,,,,,,,,,,,,,,,,,,,,,,,,,,,,,,,,,,,,,,,,,,,,,,,,,,,,,,,,,,,,,,,,,,,,,,,,,,,,,,,,,,,,,,,,,,,,,,
1895,12,286.0,-26.0,,,,,,,,,,,,,,,,,,,,,,,,,,,,,,,,,,,,,,,,4.6,4.6,4.6,4.6,2,0.0,18,1.0,0.8,0.3,0.29,0.9,1.51,0.9,2,1.27,18,1.0,0.8,0.3,4.29,4.42,4.54,4.42,2,0.26,18,1.0,0.8,0.3,1014.73,1015.65,1016.57,1015.65,2,1.91,18,1.0,0.8,0.3,,,,,,,,,,,,,,,,,,,,,,,,,,,,,,,,,,,,,,,,,,,,,,,,,,,,,,,,,,,,,,,,,,,,,,,,,,,,,,,,,,,,,,,,,,,,,,,,,,,,,,,,,,,,,,,,,,,,,,,,,,,,,,,,,,,,,,,,,,,,,,,,,,,,,,
1895,12,286.0,-24.0,,,,,,,,,,,,,,,,,,,,,,,,,,,,,,,,,,,,,,,,2.6,2.6,2.6,2.6,1,0.0,6,1.0,0.8,0.8,-0.97,-0.97,-0.97,-0.97,1,0.0,6,1.0,0.8,0.8,2.41,2.41,2.41,2.41,1,0.0,6,1.0,0.8,0.8,1015.1,1015.1,1015.1,1015.1,1,0.0,6,1.0,0.8,0.8,,,,,,,,,,,,,,,,,,,,,,,,,,,,,,,,,,,,,,,,,,,,,,,,,,,,,,,,,,,,,,,,,,,,,,,,,,,,,,,,,,,,,,,,,,,,,,,,,,,,,,,,,,,,,,,,,,,,,,,,,,,,,,,,,,,,,,,,,,,,,,,,,,,,,,
1895,12,286.0,-22.0,,,,,,,,,,,,,,,,,,,,,,,,,,,,,,,,,,,,,,,,1.0,2.6,4.6,2.96,16,1.82,24,0.6,0.5,0.9,0.0,0.0,1.02,0.22,16,0.91,24,0.6,0.5,0.9,0.95,2.6,4.46,2.86,16,1.76,24,0.6,0.5,0.9,1014.32,1015.35,1015.5,1015.02,6,0.65,12,1.0,0.4,0.7,,,,,,,,,,,,,,,,,,,,,,,,,,,,,,,,,,,,,,,,,,,,,,,,,,,,,,,,,,,,,,,,,,,,,,,,,,,,,,,,,,,,,,,,,,,,,,,,,,,,,,,,,,,,,,,,,,,,,,,,,,,,,,,,,,,,,,,,,,,,,,,,,,,,,,
1895,12,286.0,16.0,,,,,,,,,,,,,,,,,,,,,,,,,,,,,,,,,,,,,,,,5.2,6.7,7.65,6.4,5,2.4,24,0.4,0.6,0.5,-7.34,-6.21,-3.07,-5.11,5,4.4,24,0.4,0.6,0.5,-2.51,-2.51,-0.64,-1.71,5,1.15,24,0.4,0.6,0.5,1014.3,1014.3,1014.3,1014.3,1,0.0,14,0.0,0.8,0.8,,,,,,,,,,,,,,,,,,,,,,,,,,,,,,,,,,,,,,,,,,,,,,,,,,,,,,,,,,,,,,,,,,,,,,,,,,,,,,,,,,,,,,,,,,,,,,,,,,,,,,,,,,,,,,,,,,,,,,,,,,,,,,,,,,,,,,,,,,,,,,,,,,,,,,
1895,12,286.0,18.0,,,,,,,,,,,,,,,,,,,,,,,,,,,,,,,,,,,,,,,,3.23,4.6,7.81,5.5,3,3.44,18,1.0,0.4,0.3,-6.35,0.0,0.0,-3.1,3,5.37,18,1.0,0.4,0.3,-3.97,-2.6,-0.83,-2.4,3,2.31,18,1.0,0.4,0.3,1015.2,1015.2,1015.47,1015.33,3,0.23,18,0.3,0.3,0.6,,,,,,,,,,,,,,,,,,,,,,,,,,,,,,,,,,,,,,,,,,,,,,,,,,,,,,,,,,,,,,,,,,,,,,,,,,,,,,,,,,,,,,,,,,,,,,,,,,,,,,,,,,,,,,,,,,,,,,,,,,,,,,,,,,,,,,,,,,,,,,,,,,,,,,
1895,12,286.0,20.0,,,,,,,,,,,,,,,,,,,,,,,,,,,,,,,,,,,,,,,,6.7,6.7,13.43,9.56,5,4.07,16,0.8,0.5,0.3,-9.5,-6.21,-5.26,-7.22,5,2.53,16,0.8,0.5,0.3,-9.5,-4.74,-3.29,-6.12,5,3.53,16,0.8,0.5,0.3,1016.73,1017.0,1017.27,1017.0,2,0.57,18,0.5,0.3,0.3,,,,,,,,,,,,,,,,,,,,,,,,,,,,,,,,,,,,,,,,,,,,,,,,,,,,,,,,,,,,,,,,,,,,,,,,,,,,,,,,,,,,,,,,,,,,,,,,,,,,,,,,,,,,,,,,,,,,,,,,,,,,,,,,,,,,,,,,,,,,,,,,,,,,,,
1895,12,286.0,24.0,,,,,,,,,,,,,,,,,,,,,,,,,,,,,,,,,,,,,,,,4.6,4.6,9.3,6.16,11,2.92,26,0.5,0.5,0.5,-5.42,-3.63,-1.82,-4.2,11,2.79,26,0.5,0.5,0.5,-6.34,0.0,3.67,-0.87,11,4.72,26,0.5,0.5,0.5,1013.93,1016.0,1018.73,1016.19,11,2.74,26,0.5,0.5,0.5,,,,,,,,,,,,,,,,,,,,,,,,,,,,,,,,,,,,,,,,,,,,,,,,,,,,,,,,,,,,,,,,,,,,,,,,,,,,,,,,,,,,,,,,,,,,,,,,,,,,,,,,,,,,,,,,,,,,,,,,,,,,,,,,,,,,,,,,,,,,,,,,,,,,,,
1895,12,286.0,26.0,,,,,,,,,,,,,,,,,,,,,,,,,,,,,,,,,,,,,,,,2.6,4.6,5.03,4.28,6,1.54,18,0.8,0.6,0.4,-0.21,0.0,2.35,0.91,6,2.07,18,0.8,0.6,0.4,-4.63,-4.43,-2.56,-3.87,6,1.07,18,0.8,0.6,0.4,1011.72,1013.25,1018.7,1014.33,6,3.77,18,0.8,0.6,0.4,,,,,,,,,,,,,,,,,,,,,,,,,,,,,,,,,,,,,,,,,,,,,,,,,,,,,,,,,,,,,,,,,,,,,,,,,,,,,,,,,,,,,,,,,,,,,,,,,,,,,,,,,,,,,,,,,,,,,,,,,,,,,,,,,,,,,,,,,,,,,,,,,,,,,,
1895,12,286.0,28.0,,,,,,,,,,,,,,,,,,,,,,,,,,,,,,,,,,,,,,,,7.04,12.3,14.42,10.77,3,5.56,14,0.3,1.0,0.0,0.55,1.72,7.98,4.2,3,5.85,14,0.3,1.0,0.0,-11.85,-10.89,-6.37,-9.15,3,4.29,14,0.3,1.0,0.0,1004.13,1005.9,1008.22,1006.17,3,3.01,14,0.3,1.0,0.0,,,,,,,,,,,,,,,,,,,,,,,,,,,,,,,,,,,,,,,,,,,,,,,,,,,,,,,,,,,,,,,,,,,,,,,,,,,,,,,,,,,,,,,,,,,,,,,,,,,,,,,,,,,,,,,,,,,,,,,,,,,,,,,,,,,,,,,,,,,,,,,,,,,,,,
1895,12,286.0,30.0,,,,,,,,,,,,,,,,,,,,,,,,,,,,,,,,,,,,,,,,2.71,4.6,5.7,4.23,4,2.37,30,1.0,0.4,0.8,0.0,0.5,2.89,1.4,4,2.18,30,1.0,0.4,0.8,0.0,2.3,5.7,2.83,4,3.37,30,1.0,0.4,0.8,1015.69,1016.55,1017.73,1016.7,4,1.28,30,1.0,0.4,0.8,,,,,,,,,,,,,,,,,,,,,,,,,,,,,,,,,,,,,,,,,,,,,,,,,,,,,,,,,,,,,,,,,,,,,,,,,,,,,,,,,,,,,,,,,,,,,,,,,,,,,,,,,,,,,,,,,,,,,,,,,,,,,,,,,,,,,,,,,,,,,,,,,,,,,,
1895,12,286.0,36.0,,,,,,,,,,,,,,,,,,,,,,,,,,,,,,,,,,,,,,,,4.6,5.65,6.7,5.65,6,1.15,22,0.3,0.3,0.6,-5.03,-0.45,3.42,-0.49,6,5.02,22,0.3,0.3,0.6,-4.66,-1.91,0.0,-2.37,6,2.72,22,0.3,0.3,0.6,1019.2,1023.4,1024.45,1022.16,5,2.74,26,0.4,0.3,0.6,,,,,,,,,,,,,,,,,,,,,,,,,,,,,,,,,,,,,,,,,,,,,,,,,,,,,,,,,,,,,,,,,,,,,,,,,,,,,,,,,,,,,,,,,,,,,,,,,,,,,,,,,,,,,,,,,,,,,,,,,,,,,,,,,,,,,,,,,,,,,,,,,,,,,,
1895,12,286.0,38.0,,,,,,,,,,,,,,,,,,,,,,,,,,,,,,,,,,,,,,,,4.83,6.7,6.7,6.5,8,1.48,20,0.3,0.4,0.6,-4.74,1.47,6.64,1.27,8,5.68,20,0.3,0.4,0.6,-4.71,-3.13,-0.29,-2.26,8,3.24,20,0.3,0.4,0.6,1019.04,1021.1,1023.78,1021.32,6,2.47,26,0.2,0.4,0.7,,,,,,,,,,,,,,,,,,,,,,,,,,,,,,,,,,,,,,,,,,,,,,,,,,,,,,,,,,,,,,,,,,,,,,,,,,,,,,,,,,,,,,,,,,,,,,,,,,,,,,,,,,,,,,,,,,,,,,,,,,,,,,,,,,,,,,,,,,,,,,,,,,,,,,
1895,12,286.0,40.0,,,,,,,,,,,,,,,,,,,,,,,,,,,,,,,,,,,,,,,,4.6,6.7,15.4,8.44,36,5.14,18,0.4,0.6,0.2,-3.69,0.5,7.86,2.29,36,6.21,18,0.4,0.6,0.2,-7.93,0.0,4.74,-1.51,36,7.31,18,0.4,0.6,0.2,1004.11,1020.1,1023.85,1017.63,24,9.86,22,0.4,0.6,0.2,,,,,,,,,,,,,,,,,,,,,,,,,,,,,,,,,,,,,,,,,,,,,,,,,,,,,,,,,,,,,,,,,,,,,,,,,,,,,,,,,,,,,,,,,,,,,,,,,,,,,,,,,,,,,,,,,,,,,,,,,,,,,,,,,,,,,,,,,,,,,,,,,,,,,,
1895,12,288.0,-60.0,,,,,,,,,,,,,,,,,,,,,,,,,,,,,,,,,,,,,,,,4.6,4.6,4.6,4.6,1,0.0,12,1.0,0.8,0.8,3.25,3.25,3.25,3.25,1,0.0,12,1.0,0.8,0.8,-3.25,-3.25,-3.25,-3.25,1,0.0,12,1.0,0.8,0.8,993.1,993.1,993.1,993.1,1,0.0,12,1.0,0.8,0.8,,,,,,,,,,,,,,,,,,,,,,,,,,,,,,,,,,,,,,,,,,,,,,,,,,,,,,,,,,,,,,,,,,,,,,,,,,,,,,,,,,,,,,,,,,,,,,,,,,,,,,,,,,,,,,,,,,,,,,,,,,,,,,,,,,,,,,,,,,,,,,,,,,,,,,
1895,12,288.0,-58.0,,,,,,,,,,,,,,,,,,,,,,,,,,,,,,,,,,,,,,,,4.0,4.6,10.21,6.48,18,3.73,16,0.9,0.7,0.6,-3.82,2.61,4.6,1.51,18,3.73,16,0.9,0.7,0.6,-2.24,0.0,9.46,2.47,18,5.96,16,0.9,0.7,0.6,988.44,994.6,998.32,995.19,11,7.44,18,1.0,0.7,0.5,,,,,,,,,,,,,,,,,,,,,,,,,,,,,,,,,,,,,,,,,,,,,,,,,,,,,,,,,,,,,,,,,,,,,,,,,,,,,,,,,,,,,,,,,,,,,,,,,,,,,,,,,,,,,,,,,,,,,,,,,,,,,,,,,,,,,,,,,,,,,,,,,,,,,,
1895,12,288.0,-24.0,,,,,,,,,,,,,,,,,,,,,,,,,,,,,,,,,,,,,,,,3.23,4.6,4.6,3.93,3,1.15,16,1.0,0.3,0.3,-2.22,0.0,0.0,-1.08,3,1.88,16,1.0,0.3,0.3,2.81,3.25,4.17,3.48,3,1.02,16,1.0,0.3,0.3,1016.35,1016.45,1016.55,1016.45,2,0.21,14,1.0,0.5,0.3,,,,,,,,,,,,,,,,,,,,,,,,,,,,,,,,,,,,,,,,,,,,,,,,,,,,,,,,,,,,,,,,,,,,,,,,,,,,,,,,,,,,,,,,,,,,,,,,,,,,,,,,,,,,,,,,,,,,,,,,,,,,,,,,,,,,,,,,,,,,,,,,,,,,,,
1895,12,288.0,-22.0,,,,,,,,,,,,,,,,,,,,,,,,,,,,,,,,,,,,,,,,1.0,2.6,2.6,2.36,14,1.29,20,0.9,0.4,0.7,-1.83,0.0,0.39,-0.37,14,1.21,20,0.9,0.4,0.7,0.92,2.12,2.6,1.9,14,1.46,20,0.9,0.4,0.7,1013.95,1015.35,1015.74,1014.87,6,1.26,12,1.0,0.3,0.8,,,,,,,,,,,,,,,,,,,,,,,,,,,,,,,,,,,,,,,,,,,,,,,,,,,,,,,,,,,,,,,,,,,,,,,,,,,,,,,,,,,,,,,,,,,,,,,,,,,,,,,,,,,,,,,,,,,,,,,,,,,,,,,,,,,,,,,,,,,,,,,,,,,,,,
1895,12,288.0,14.0,,,,,,,,,,,,,,,,,,,,,,,,,,,,,,,,,,,,,,,,7.53,9.3,9.3,8.43,3,1.5,12,1.0,0.8,0.6,-8.01,-6.7,-6.62,-7.3,3,1.15,12,1.0,0.8,0.6,-5.59,-3.48,-1.11,-3.35,3,3.29,12,1.0,0.8,0.6,1013.53,1013.8,1013.87,1013.7,3,0.26,12,1.0,0.8,0.6,,,,,,,,,,,,,,,,,,,,,,,,,,,,,,,,,,,,,,,,,,,,,,,,,,,,,,,,,,,,,,,,,,,,,,,,,,,,,,,,,,,,,,,,,,,,,,,,,,,,,,,,,,,,,,,,,,,,,,,,,,,,,,,,,,,,,,,,,,,,,,,,,,,,,,
1895,12,288.0,16.0,,,,,,,,,,,,,,,,,,,,,,,,,,,,,,,,,,,,,,,,4.6,9.3,9.92,7.86,7,3.19,22,0.1,0.5,0.3,-9.44,-4.27,-3.1,-5.69,7,4.13,22,0.1,0.5,0.3,-7.07,-2.57,0.0,-3.47,7,3.65,22,0.1,0.5,0.3,1013.2,1013.4,1013.6,1013.4,2,0.42,14,0.0,0.3,0.3,,,,,,,,,,,,,,,,,,,,,,,,,,,,,,,,,,,,,,,,,,,,,,,,,,,,,,,,,,,,,,,,,,,,,,,,,,,,,,,,,,,,,,,,,,,,,,,,,,,,,,,,,,,,,,,,,,,,,,,,,,,,,,,,,,,,,,,,,,,,,,,,,,,,,,
1895,12,288.0,22.0,,,,,,,,,,,,,,,,,,,,,,,,,,,,,,,,,,,,,,,,9.3,9.3,9.3,9.3,1,0.0,20,0.0,0.8,0.8,-6.58,-6.58,-6.58,-6.58,1,0.0,20,0.0,0.8,0.8,-6.58,-6.58,-6.58,-6.58,1,0.0,20,0.0,0.8,0.8,1015.3,1015.3,1015.3,1015.3,1,0.0,20,0.0,0.8,0.8,,,,,,,,,,,,,,,,,,,,,,,,,,,,,,,,,,,,,,,,,,,,,,,,,,,,,,,,,,,,,,,,,,,,,,,,,,,,,,,,,,,,,,,,,,,,,,,,,,,,,,,,,,,,,,,,,,,,,,,,,,,,,,,,,,,,,,,,,,,,,,,,,,,,,,
1895,12,288.0,24.0,,,,,,,,,,,,,,,,,,,,,,,,,,,,,,,,,,,,,,,,6.7,6.7,8.47,7.57,3,1.5,20,1.0,0.4,0.3,-5.99,-4.74,-4.74,-5.35,3,1.06,20,1.0,0.4,0.3,-5.99,-4.74,-4.74,-5.35,3,1.06,20,1.0,0.4,0.3,1017.63,1017.9,1018.72,1018.17,3,0.83,20,1.0,0.4,0.3,,,,,,,,,,,,,,,,,,,,,,,,,,,,,,,,,,,,,,,,,,,,,,,,,,,,,,,,,,,,,,,,,,,,,,,,,,,,,,,,,,,,,,,,,,,,,,,,,,,,,,,,,,,,,,,,,,,,,,,,,,,,,,,,,,,,,,,,,,,,,,,,,,,,,,
1895,12,288.0,28.0,,,,,,,,,,,,,,,,,,,,,,,,,,,,,,,,,,,,,,,,2.6,13.85,15.4,10.65,18,5.57,12,0.4,0.7,0.1,2.39,8.73,14.21,8.01,18,5.11,12,0.4,0.7,0.1,-7.88,-1.02,6.61,-0.69,18,7.53,12,0.4,0.7,0.1,1002.43,1003.6,1006.66,1004.42,9,2.2,12,0.7,0.8,0.2,,,,,,,,,,,,,,,,,,,,,,,,,,,,,,,,,,,,,,,,,,,,,,,,,,,,,,,,,,,,,,,,,,,,,,,,,,,,,,,,,,,,,,,,,,,,,,,,,,,,,,,,,,,,,,,,,,,,,,,,,,,,,,,,,,,,,,,,,,,,,,,,,,,,,,
1895,12,288.0,30.0,,,,,,,,,,,,,,,,,,,,,,,,,,,,,,,,,,,,,,,,6.7,6.7,6.7,6.7,1,0.0,30,0.0,0.3,0.8,0.0,0.0,0.0,0.0,1,0.0,30,0.0,0.3,0.8,6.7,6.7,6.7,6.7,1,0.0,30,0.0,0.3,0.8,1017.6,1017.6,1017.6,1017.6,1,0.0,30,0.0,0.3,0.8,,,,,,,,,,,,,,,,,,,,,,,,,,,,,,,,,,,,,,,,,,,,,,,,,,,,,,,,,,,,,,,,,,,,,,,,,,,,,,,,,,,,,,,,,,,,,,,,,,,,,,,,,,,,,,,,,,,,,,,,,,,,,,,,,,,,,,,,,,,,,,,,,,,,,,
1895,12,288.0,32.0,,,,,,,,,,,,,,,,,,,,,,,,,,,,,,,,,,,,,,,,4.83,6.7,9.3,7.15,8,1.98,18,0.4,0.7,0.4,0.0,0.9,2.62,1.21,8,1.32,18,0.4,0.7,0.4,4.77,6.17,9.3,6.9,8,2.11,18,0.4,0.7,0.4,1014.41,1015.5,1016.11,1015.27,3,1.27,30,0.3,0.6,0.3,,,,,,,,,,,,,,,,,,,,,,,,,,,,,,,,,,,,,,,,,,,,,,,,,,,,,,,,,,,,,,,,,,,,,,,,,,,,,,,,,,,,,,,,,,,,,,,,,,,,,,,,,,,,,,,,,,,,,,,,,,,,,,,,,,,,,,,,,,,,,,,,,,,,,,
1895,12,288.0,38.0,,,,,,,,,,,,,,,,,,,,,,,,,,,,,,,,,,,,,,,,6.7,9.3,14.71,9.16,15,4.25,14,0.5,0.7,0.5,-3.39,0.0,6.7,1.72,15,4.77,14,0.5,0.7,0.5,-14.71,-2.62,0.0,-6.13,15,6.46,14,0.5,0.7,0.5,1019.36,1021.75,1026.01,1022.29,14,3.06,14,0.6,0.7,0.4,,,,,,,,,,,,,,,,,,,,,,,,,,,,,,,,,,,,,,,,,,,,,,,,,,,,,,,,,,,,,,,,,,,,,,,,,,,,,,,,,,,,,,,,,,,,,,,,,,,,,,,,,,,,,,,,,,,,,,,,,,,,,,,,,,,,,,,,,,,,,,,,,,,,,,
1895,12,288.0,40.0,,,,,,,,,,,,,,,,,,,,,,,,,,,,,,,,,,,,,,,,2.6,6.7,15.4,8.29,45,5.28,18,0.4,0.5,0.2,-4.81,-2.55,4.6,-0.65,45,5.83,18,0.4,0.5,0.2,-11.32,0.0,4.61,-1.34,45,7.86,18,0.4,0.5,0.2,1014.31,1021.0,1025.52,1019.87,28,9.22,20,0.3,0.5,0.2,,,,,,,,,,,,,,,,,,,,,,,,,,,,,,,,,,,,,,,,,,,,,,,,,,,,,,,,,,,,,,,,,,,,,,,,,,,,,,,,,,,,,,,,,,,,,,,,,,,,,,,,,,,,,,,,,,,,,,,,,,,,,,,,,,,,,,,,,,,,,,,,,,,,,,
1895,12,290.0,-60.0,,,,,,,,,,,,,,,,,,,,,,,,,,,,,,,,,,,,,,,,1.0,4.6,15.4,8.22,17,7.56,20,0.8,0.6,1.0,0.87,4.6,14.74,7.65,17,7.32,20,0.8,0.6,1.0,-1.72,0.0,4.18,1.03,17,3.48,20,0.8,0.6,1.0,977.63,982.8,993.66,983.74,15,7.54,20,0.8,0.6,1.0,,,,,,,,,,,,,,,,,,,,,,,,,,,,,,,,,,,,,,,,,,,,,,,,,,,,,,,,,,,,,,,,,,,,,,,,,,,,,,,,,,,,,,,,,,,,,,,,,,,,,,,,,,,,,,,,,,,,,,,,,,,,,,,,,,,,,,,,,,,,,,,,,,,,,,
1895,12,290.0,-58.0,,,,,,,,,,,,,,,,,,,,,,,,,,,,,,,,,,,,,,,,2.6,4.6,9.3,6.1,86,4.31,14,0.8,0.7,0.7,0.0,1.84,6.7,2.96,86,4.53,14,0.8,0.7,0.7,-2.6,0.0,6.7,1.24,86,5.02,14,0.8,0.7,0.7,989.86,994.75,997.65,993.85,44,3.97,14,0.9,0.8,0.8,,,,,,,,,,,,,,,,,,,,,,,,,,,,,,,,,,,,,,,,,,,,,,,,,,,,,,,,,,,,,,,,,,,,,,,,,,,,,,,,,,,,,,,,,,,,,,,,,,,,,,,,,,,,,,,,,,,,,,,,,,,,,,,,,,,,,,,,,,,,,,,,,,,,,,
1895,12,290.0,12.0,,,,,,,,,,,,,,,,,,,,,,,,,,,,,,,,,,,,,,,,5.27,6.7,6.7,6.0,3,1.21,10,0.0,0.3,0.6,-4.74,-4.74,-4.42,-4.58,3,0.27,10,0.0,0.3,0.6,-4.74,-4.74,-2.68,-3.73,3,1.74,10,0.0,0.3,0.6,1014.33,1014.4,1014.54,1014.43,3,0.15,10,0.0,0.3,0.6,,,,,,,,,,,,,,,,,,,,,,,,,,,,,,,,,,,,,,,,,,,,,,,,,,,,,,,,,,,,,,,,,,,,,,,,,,,,,,,,,,,,,,,,,,,,,,,,,,,,,,,,,,,,,,,,,,,,,,,,,,,,,,,,,,,,,,,,,,,,,,,,,,,,,,
1895,12,290.0,22.0,,,,,,,,,,,,,,,,,,,,,,,,,,,,,,,,,,,,,,,,9.3,10.8,12.3,10.8,4,1.73,20,0.5,0.5,0.8,-4.81,-4.22,-3.63,-4.22,4,0.68,20,0.5,0.5,0.8,-11.32,-9.94,-8.56,-9.94,4,1.59,20,0.5,0.5,0.8,1015.18,1016.0,1016.61,1015.9,4,0.89,20,0.5,0.5,0.8,,,,,,,,,,,,,,,,,,,,,,,,,,,,,,,,,,,,,,,,,,,,,,,,,,,,,,,,,,,,,,,,,,,,,,,,,,,,,,,,,,,,,,,,,,,,,,,,,,,,,,,,,,,,,,,,,,,,,,,,,,,,,,,,,,,,,,,,,,,,,,,,,,,,,,
1895,12,290.0,28.0,,,,,,,,,,,,,,,,,,,,,,,,,,,,,,,,,,,,,,,,5.6,8.0,9.3,7.48,4,2.28,10,0.5,0.8,0.5,-6.77,-4.19,-3.43,-5.06,4,2.46,10,0.5,0.8,0.5,3.36,4.11,6.74,5.01,4,2.46,10,0.5,0.8,0.5,1009.64,1012.65,1014.77,1012.23,4,3.58,10,0.5,0.8,0.5,,,,,,,,,,,,,,,,,,,,,,,,,,,,,,,,,,,,,,,,,,,,,,,,,,,,,,,,,,,,,,,,,,,,,,,,,,,,,,,,,,,,,,,,,,,,,,,,,,,,,,,,,,,,,,,,,,,,,,,,,,,,,,,,,,,,,,,,,,,,,,,,,,,,,,
1895,12,290.0,32.0,,,,,,,,,,,,,,,,,,,,,,,,,,,,,,,,,,,,,,,,7.11,8.0,8.89,8.0,2,1.84,30,1.0,0.3,0.3,2.78,3.13,3.47,3.13,2,0.72,30,1.0,0.3,0.3,6.55,7.36,8.18,7.36,2,1.69,30,1.0,0.3,0.3,1014.63,1014.9,1015.17,1014.9,2,0.57,30,1.0,0.3,0.3,,,,,,,,,,,,,,,,,,,,,,,,,,,,,,,,,,,,,,,,,,,,,,,,,,,,,,,,,,,,,,,,,,,,,,,,,,,,,,,,,,,,,,,,,,,,,,,,,,,,,,,,,,,,,,,,,,,,,,,,,,,,,,,,,,,,,,,,,,,,,,,,,,,,,,
1895,12,290.0,34.0,,,,,,,,,,,,,,,,,,,,,,,,,,,,,,,,,,,,,,,,13.78,17.2,20.89,17.33,4,4.46,8,0.5,0.8,0.1,-8.16,-6.11,3.42,-2.54,4,9.11,8,0.5,0.8,0.1,-0.31,14.41,19.23,9.68,4,14.27,8,0.5,0.8,0.1,1016.0,1016.0,1016.0,1016.0,1,0.0,2,0.0,1.0,0.5,,,,,,,,,,,,,,,,,,,,,,,,,,,,,,,,,,,,,,,,,,,,,,,,,,,,,,,,,,,,,,,,,,,,,,,,,,,,,,,,,,,,,,,,,,,,,,,,,,,,,,,,,,,,,,,,,,,,,,,,,,,,,,,,,,,,,,,,,,,,,,,,,,,,,,
1895,12,290.0,38.0,,,,,,,,,,,,,,,,,,,,,,,,,,,,,,,,,,,,,,,,4.31,9.3,12.3,9.18,19,4.33,12,0.4,0.6,0.4,-4.61,-1.84,8.67,1.24,19,6.02,12,0.4,0.6,0.4,-11.4,0.0,4.07,-0.88,19,8.31,12,0.4,0.6,0.4,1015.84,1019.35,1032.94,1022.66,16,7.76,14,0.4,0.7,0.3,,,,,,,,,,,,,,,,,,,,,,,,,,,,,,,,,,,,,,,,,,,,,,,,,,,,,,,,,,,,,,,,,,,,,,,,,,,,,,,,,,,,,,,,,,,,,,,,,,,,,,,,,,,,,,,,,,,,,,,,,,,,,,,,,,,,,,,,,,,,,,,,,,,,,,
1895,12,290.0,40.0,,,,,,,,,,,,,,,,,,,,,,,,,,,,,,,,,,,,,,,,2.6,6.7,12.3,7.03,49,4.16,18,0.6,0.5,0.2,-4.66,0.0,6.35,0.94,49,5.36,18,0.6,0.5,0.2,-8.56,0.0,2.57,-1.45,49,6.0,18,0.6,0.5,0.2,1016.0,1019.0,1024.36,1020.26,35,5.29,20,0.6,0.5,0.2,,,,,,,,,,,,,,,,,,,,,,,,,,,,,,,,,,,,,,,,,,,,,,,,,,,,,,,,,,,,,,,,,,,,,,,,,,,,,,,,,,,,,,,,,,,,,,,,,,,,,,,,,,,,,,,,,,,,,,,,,,,,,,,,,,,,,,,,,,,,,,,,,,,,,,
1895,12,292.0,-60.0,,,,,,,,,,,,,,,,,,,,,,,,,,,,,,,,,,,,,,,,2.6,9.3,15.4,9.7,29,6.56,8,0.8,0.6,0.8,0.17,8.56,15.4,7.29,29,7.84,8,0.8,0.6,0.8,-2.16,0.0,5.48,1.15,29,4.76,8,0.8,0.6,0.8,992.02,997.25,999.78,995.12,6,6.88,18,0.8,0.9,1.0,,,,,,,,,,,,,,,,,,,,,,,,,,,,,,,,,,,,,,,,,,,,,,,,,,,,,,,,,,,,,,,,,,,,,,,,,,,,,,,,,,,,,,,,,,,,,,,,,,,,,,,,,,,,,,,,,,,,,,,,,,,,,,,,,,,,,,,,,,,,,,,,,,,,,,
1895,12,292.0,-58.0,,,,,,,,,,,,,,,,,,,,,,,,,,,,,,,,,,,,,,,,1.0,6.7,15.4,8.95,153,7.48,12,0.8,0.7,0.7,0.0,2.62,15.4,6.2,153,8.11,12,0.8,0.7,0.7,-4.56,0.0,6.7,0.89,153,5.6,12,0.8,0.7,0.7,989.31,993.9,1001.69,994.5,61,5.57,10,0.8,0.8,0.8,,,,,,,,,,,,,,,,,,,,,,,,,,,,,,,,,,,,,,,,,,,,,,,,,,,,,,,,,,,,,,,,,,,,,,,,,,,,,,,,,,,,,,,,,,,,,,,,,,,,,,,,,,,,,,,,,,,,,,,,,,,,,,,,,,,,,,,,,,,,,,,,,,,,,,
1895,12,292.0,-56.0,,,,,,,,,,,,,,,,,,,,,,,,,,,,,,,,,,,,,,,,2.27,12.3,15.4,9.83,6,6.4,10,1.0,1.0,0.5,-0.51,5.41,10.98,5.28,6,5.29,10,1.0,1.0,0.5,-11.91,-0.75,6.06,-1.88,6,9.55,10,1.0,1.0,0.5,993.9,995.0,999.42,996.12,6,2.79,10,1.0,1.0,0.5,,,,,,,,,,,,,,,,,,,,,,,,,,,,,,,,,,,,,,,,,,,,,,,,,,,,,,,,,,,,,,,,,,,,,,,,,,,,,,,,,,,,,,,,,,,,,,,,,,,,,,,,,,,,,,,,,,,,,,,,,,,,,,,,,,,,,,,,,,,,,,,,,,,,,,
1895,12,292.0,22.0,,,,,,,,,,,,,,,,,,,,,,,,,,,,,,,,,,,,,,,,15.4,15.4,15.4,15.4,1,0.0,20,1.0,0.3,0.3,-6.02,-6.02,-6.02,-6.02,1,0.0,20,1.0,0.3,0.3,-14.18,-14.18,-14.18,-14.18,1,0.0,20,1.0,0.3,0.3,1014.96,1015.8,1017.16,1015.98,6,1.1,18,0.7,0.5,0.3,,,,,,,,,,,,,,,,,,,,,,,,,,,,,,,,,,,,,,,,,,,,,,,,,,,,,,,,,,,,,,,,,,,,,,,,,,,,,,,,,,,,,,,,,,,,,,,,,,,,,,,,,,,,,,,,,,,,,,,,,,,,,,,,,,,,,,,,,,,,,,,,,,,,,,
1895,12,292.0,28.0,,,,,,,,,,,,,,,,,,,,,,,,,,,,,,,,,,,,,,,,9.3,9.3,11.35,10.3,3,1.73,10,0.7,0.7,0.0,-11.13,-8.62,-7.23,-9.17,3,2.9,10,0.7,0.7,0.0,-4.49,0.0,2.38,-1.03,3,5.11,10,0.7,0.7,0.0,1016.43,1016.7,1018.2,1017.3,3,1.4,10,0.7,0.7,0.0,,,,,,,,,,,,,,,,,,,,,,,,,,,,,,,,,,,,,,,,,,,,,,,,,,,,,,,,,,,,,,,,,,,,,,,,,,,,,,,,,,,,,,,,,,,,,,,,,,,,,,,,,,,,,,,,,,,,,,,,,,,,,,,,,,,,,,,,,,,,,,,,,,,,,,
1895,12,292.0,34.0,,,,,,,,,,,,,,,,,,,,,,,,,,,,,,,,,,,,,,,,5.6,8.0,10.87,8.23,4,3.33,2,0.5,0.5,0.5,-3.88,-3.0,-1.19,-2.56,4,1.85,2,0.5,0.5,0.5,-10.55,-7.42,-3.9,-7.23,4,4.4,2,0.5,0.5,0.5,1019.14,1022.25,1024.1,1021.65,4,2.99,2,0.5,0.5,0.5,,,,,,,,,,,,,,,,,,,,,,,,,,,,,,,,,,,,,,,,,,,,,,,,,,,,,,,,,,,,,,,,,,,,,,,,,,,,,,,,,,,,,,,,,,,,,,,,,,,,,,,,,,,,,,,,,,,,,,,,,,,,,,,,,,,,,,,,,,,,,,,,,,,,,,
1895,12,292.0,36.0,,,,,,,,,,,,,,,,,,,,,,,,,,,,,,,,,,,,,,,,3.55,5.65,8.06,5.8,4,2.87,2,0.3,0.9,0.0,-4.98,-3.12,-1.24,-3.11,4,2.57,2,0.3,0.9,0.0,1.19,3.55,6.68,3.92,4,3.62,2,0.3,0.9,0.0,1019.51,1023.0,1025.08,1022.33,4,3.54,2,0.3,0.9,0.0,,,,,,,,,,,,,,,,,,,,,,,,,,,,,,,,,,,,,,,,,,,,,,,,,,,,,,,,,,,,,,,,,,,,,,,,,,,,,,,,,,,,,,,,,,,,,,,,,,,,,,,,,,,,,,,,,,,,,,,,,,,,,,,,,,,,,,,,,,,,,,,,,,,,,,
1895,12,292.0,38.0,,,,,,,,,,,,,,,,,,,,,,,,,,,,,,,,,,,,,,,,2.95,12.3,18.37,11.0,21,7.02,16,0.6,0.7,0.3,-2.51,0.0,13.08,3.98,21,7.34,16,0.6,0.7,0.3,-12.13,-3.63,14.13,-1.0,21,10.23,16,0.6,0.7,0.3,1003.98,1020.1,1034.43,1019.76,21,13.16,16,0.6,0.7,0.3,,,,,,,,,,,,,,,,,,,,,,,,,,,,,,,,,,,,,,,,,,,,,,,,,,,,,,,,,,,,,,,,,,,,,,,,,,,,,,,,,,,,,,,,,,,,,,,,,,,,,,,,,,,,,,,,,,,,,,,,,,,,,,,,,,,,,,,,,,,,,,,,,,,,,,
1895,12,292.0,40.0,,,,,,,,,,,,,,,,,,,,,,,,,,,,,,,,,,,,,,,,2.6,5.65,15.4,7.99,44,6.18,18,0.4,0.5,0.4,-9.08,-0.35,4.6,-0.93,44,7.68,18,0.4,0.5,0.4,-8.8,-1.8,1.5,-2.81,44,5.97,18,0.4,0.5,0.4,1021.26,1024.0,1028.15,1024.28,25,3.78,20,0.4,0.5,0.4,,,,,,,,,,,,,,,,,,,,,,,,,,,,,,,,,,,,,,,,,,,,,,,,,,,,,,,,,,,,,,,,,,,,,,,,,,,,,,,,,,,,,,,,,,,,,,,,,,,,,,,,,,,,,,,,,,,,,,,,,,,,,,,,,,,,,,,,,,,,,,,,,,,,,,
1895,12,294.0,-60.0,,,,,,,,,,,,,,,,,,,,,,,,,,,,,,,,,,,,,,,,13.28,15.4,15.4,14.37,3,1.79,20,0.7,0.5,1.0,12.23,14.18,15.01,13.63,3,2.09,20,0.7,0.5,1.0,1.53,4.81,5.63,3.61,3,3.18,20,0.7,0.5,1.0,992.19,993.05,995.32,993.73,4,2.17,20,0.8,0.5,1.0,,,,,,,,,,,,,,,,,,,,,,,,,,,,,,,,,,,,,,,,,,,,,,,,,,,,,,,,,,,,,,,,,,,,,,,,,,,,,,,,,,,,,,,,,,,,,,,,,,,,,,,,,,,,,,,,,,,,,,,,,,,,,,,,,,,,,,,,,,,,,,,,,,,,,,
1895,12,294.0,-58.0,,,,,,,,,,,,,,,,,,,,,,,,,,,,,,,,,,,,,,,,2.6,4.6,9.3,5.99,96,4.79,14,0.8,0.7,0.9,-2.39,1.8,8.42,2.63,96,5.8,14,0.8,0.7,0.9,-4.23,-0.19,2.62,-0.69,96,4.25,14,0.8,0.7,0.9,979.03,994.7,1002.07,992.05,65,9.52,16,0.8,0.7,0.9,,,,,,,,,,,,,,,,,,,,,,,,,,,,,,,,,,,,,,,,,,,,,,,,,,,,,,,,,,,,,,,,,,,,,,,,,,,,,,,,,,,,,,,,,,,,,,,,,,,,,,,,,,,,,,,,,,,,,,,,,,,,,,,,,,,,,,,,,,,,,,,,,,,,,,
1895,12,294.0,-56.0,,,,,,,,,,,,,,,,,,,,,,,,,,,,,,,,,,,,,,,,2.6,4.6,15.4,7.08,54,6.26,18,0.8,0.8,0.6,0.0,2.6,13.0,4.7,54,6.88,18,0.8,0.8,0.6,-4.46,0.0,1.82,-0.68,54,4.46,18,0.8,0.8,0.6,983.96,991.7,998.44,991.12,49,6.82,16,0.8,0.8,0.6,,,,,,,,,,,,,,,,,,,,,,,,,,,,,,,,,,,,,,,,,,,,,,,,,,,,,,,,,,,,,,,,,,,,,,,,,,,,,,,,,,,,,,,,,,,,,,,,,,,,,,,,,,,,,,,,,,,,,,,,,,,,,,,,,,,,,,,,,,,,,,,,,,,,,,
1895,12,294.0,-54.0,,,,,,,,,,,,,,,,,,,,,,,,,,,,,,,,,,,,,,,,1.0,4.6,12.3,6.23,51,5.63,20,0.8,0.9,0.7,-0.73,1.84,6.7,3.44,51,6.05,20,0.8,0.9,0.7,-2.64,0.71,4.74,1.05,51,4.63,20,0.8,0.9,0.7,988.63,995.9,1004.22,996.7,31,6.76,18,0.7,0.8,0.8,,,,,,,,,,,,,,,,,,,,,,,,,,,,,,,,,,,,,,,,,,,,,,,,,,,,,,,,,,,,,,,,,,,,,,,,,,,,,,,,,,,,,,,,,,,,,,,,,,,,,,,,,,,,,,,,,,,,,,,,,,,,,,,,,,,,,,,,,,,,,,,,,,,,,,
1895,12,294.0,-52.0,,,,,,,,,,,,,,,,,,,,,,,,,,,,,,,,,,,,,,,,2.6,5.65,12.3,7.01,52,5.32,14,0.7,0.8,0.7,0.0,2.45,8.69,3.81,52,5.74,14,0.7,0.8,0.7,-4.61,0.2,6.58,0.61,52,5.5,14,0.7,0.8,0.7,990.38,998.0,1006.1,997.27,31,7.47,14,0.7,0.9,0.7,,,,,,,,,,,,,,,,,,,,,,,,,,,,,,,,,,,,,,,,,,,,,,,,,,,,,,,,,,,,,,,,,,,,,,,,,,,,,,,,,,,,,,,,,,,,,,,,,,,,,,,,,,,,,,,,,,,,,,,,,,,,,,,,,,,,,,,,,,,,,,,,,,,,,,
1895,12,294.0,-50.0,,,,,,,,,,,,,,,,,,,,,,,,,,,,,,,,,,,,,,,,4.6,6.7,12.11,7.56,14,4.37,12,0.5,1.0,0.5,-1.68,4.43,11.19,4.94,14,6.02,12,0.5,1.0,0.5,-4.66,0.0,4.77,-0.04,14,4.27,12,0.5,1.0,0.5,994.73,1000.4,1008.0,1000.44,9,6.79,16,0.4,1.0,0.5,,,,,,,,,,,,,,,,,,,,,,,,,,,,,,,,,,,,,,,,,,,,,,,,,,,,,,,,,,,,,,,,,,,,,,,,,,,,,,,,,,,,,,,,,,,,,,,,,,,,,,,,,,,,,,,,,,,,,,,,,,,,,,,,,,,,,,,,,,,,,,,,,,,,,,
1895,12,294.0,20.0,,,,,,,,,,,,,,,,,,,,,,,,,,,,,,,,,,,,,,,,7.11,8.0,8.89,8.0,2,1.84,18,0.5,0.8,0.8,-3.47,-3.13,-2.78,-3.13,2,0.72,18,0.5,0.8,0.8,-8.18,-7.36,-6.55,-7.36,2,1.69,18,0.5,0.8,0.8,1015.2,1016.05,1016.9,1016.05,2,1.77,18,0.5,0.8,0.8,,,,,,,,,,,,,,,,,,,,,,,,,,,,,,,,,,,,,,,,,,,,,,,,,,,,,,,,,,,,,,,,,,,,,,,,,,,,,,,,,,,,,,,,,,,,,,,,,,,,,,,,,,,,,,,,,,,,,,,,,,,,,,,,,,,,,,,,,,,,,,,,,,,,,,
1895,12,294.0,22.0,,,,,,,,,,,,,,,,,,,,,,,,,,,,,,,,,,,,,,,,12.3,12.3,12.3,12.3,2,0.0,18,0.0,0.3,0.3,-4.81,-4.81,-4.81,-4.81,2,0.0,18,0.0,0.3,0.3,-11.32,-11.32,-11.32,-11.32,2,0.0,18,0.0,0.3,0.3,1014.91,1015.35,1015.79,1015.35,2,0.92,18,0.0,0.3,0.3,,,,,,,,,,,,,,,,,,,,,,,,,,,,,,,,,,,,,,,,,,,,,,,,,,,,,,,,,,,,,,,,,,,,,,,,,,,,,,,,,,,,,,,,,,,,,,,,,,,,,,,,,,,,,,,,,,,,,,,,,,,,,,,,,,,,,,,,,,,,,,,,,,,,,,
1895,12,294.0,28.0,,,,,,,,,,,,,,,,,,,,,,,,,,,,,,,,,,,,,,,,10.25,12.3,12.3,11.3,3,1.73,10,0.3,0.7,0.0,-8.7,-8.7,-7.25,-7.99,3,1.22,10,0.3,0.7,0.0,-8.7,-8.7,-7.25,-7.99,3,1.22,10,0.3,0.7,0.0,1018.65,1019.2,1019.68,1019.17,3,0.75,10,0.3,0.7,0.0,,,,,,,,,,,,,,,,,,,,,,,,,,,,,,,,,,,,,,,,,,,,,,,,,,,,,,,,,,,,,,,,,,,,,,,,,,,,,,,,,,,,,,,,,,,,,,,,,,,,,,,,,,,,,,,,,,,,,,,,,,,,,,,,,,,,,,,,,,,,,,,,,,,,,,
1895,12,294.0,36.0,,,,,,,,,,,,,,,,,,,,,,,,,,,,,,,,,,,,,,,,12.3,13.85,17.29,14.75,4,3.19,8,0.5,0.7,0.6,0.0,0.0,0.0,0.0,4,0.0,8,0.5,0.7,0.6,-0.59,13.85,17.29,8.6,4,14.2,8,0.5,0.7,0.6,1013.28,1015.2,1019.9,1016.53,4,5.1,8,0.5,0.7,0.6,,,,,,,,,,,,,,,,,,,,,,,,,,,,,,,,,,,,,,,,,,,,,,,,,,,,,,,,,,,,,,,,,,,,,,,,,,,,,,,,,,,,,,,,,,,,,,,,,,,,,,,,,,,,,,,,,,,,,,,,,,,,,,,,,,,,,,,,,,,,,,,,,,,,,,
1895,12,294.0,38.0,,,,,,,,,,,,,,,,,,,,,,,,,,,,,,,,,,,,,,,,6.7,8.0,12.11,8.68,14,3.99,16,0.4,0.8,0.4,0.0,0.0,4.6,1.11,14,2.62,16,0.4,0.8,0.4,-9.3,-5.72,4.59,-3.35,14,8.76,16,0.4,0.8,0.4,1008.36,1021.35,1027.99,1018.21,14,9.58,16,0.4,0.8,0.4,,,,,,,,,,,,,,,,,,,,,,,,,,,,,,,,,,,,,,,,,,,,,,,,,,,,,,,,,,,,,,,,,,,,,,,,,,,,,,,,,,,,,,,,,,,,,,,,,,,,,,,,,,,,,,,,,,,,,,,,,,,,,,,,,,,,,,,,,,,,,,,,,,,,,,
1895,12,294.0,40.0,,,,,,,,,,,,,,,,,,,,,,,,,,,,,,,,,,,,,,,,1.0,6.7,12.3,7.23,43,5.92,18,0.4,0.5,0.6,-5.48,0.0,5.39,0.83,43,6.32,18,0.4,0.5,0.6,-8.65,-2.41,1.95,-3.01,43,6.22,18,0.4,0.5,0.6,1018.68,1024.7,1029.87,1024.57,25,5.6,20,0.3,0.5,0.6,,,,,,,,,,,,,,,,,,,,,,,,,,,,,,,,,,,,,,,,,,,,,,,,,,,,,,,,,,,,,,,,,,,,,,,,,,,,,,,,,,,,,,,,,,,,,,,,,,,,,,,,,,,,,,,,,,,,,,,,,,,,,,,,,,,,,,,,,,,,,,,,,,,,,,
1895,12,294.0,42.0,,,,,,,,,,,,,,,,,,,,,,,,,,,,,,,,,,,,,,,,13.78,15.4,15.4,14.63,4,1.55,18,0.5,0.6,0.6,5.16,8.33,10.89,8.04,4,3.33,18,0.5,0.6,0.6,-12.91,-11.15,-10.89,-11.87,4,1.63,18,0.5,0.6,0.6,1020.6,1020.6,1020.6,1020.6,1,0.0,24,1.0,0.8,0.3,,,,,,,,,,,,,,,,,,,,,,,,,,,,,,,,,,,,,,,,,,,,,,,,,,,,,,,,,,,,,,,,,,,,,,,,,,,,,,,,,,,,,,,,,,,,,,,,,,,,,,,,,,,,,,,,,,,,,,,,,,,,,,,,,,,,,,,,,,,,,,,,,,,,,,
1895,12,296.0,-58.0,,,,,,,,,,,,,,,,,,,,,,,,,,,,,,,,,,,,,,,,2.6,4.6,6.7,4.42,12,2.14,12,0.8,0.6,0.8,-3.5,1.7,4.74,0.68,12,4.12,12,0.8,0.6,0.8,-3.25,-2.45,0.26,-1.88,12,2.13,12,0.8,0.6,0.8,989.61,997.1,1004.13,996.3,6,8.92,16,0.8,0.5,1.0,,,,,,,,,,,,,,,,,,,,,,,,,,,,,,,,,,,,,,,,,,,,,,,,,,,,,,,,,,,,,,,,,,,,,,,,,,,,,,,,,,,,,,,,,,,,,,,,,,,,,,,,,,,,,,,,,,,,,,,,,,,,,,,,,,,,,,,,,,,,,,,,,,,,,,
1895,12,296.0,-56.0,,,,,,,,,,,,,,,,,,,,,,,,,,,,,,,,,,,,,,,,2.6,4.6,9.3,5.33,73,4.08,14,0.8,0.7,0.6,0.0,1.02,5.5,2.24,73,4.34,14,0.8,0.7,0.6,-6.17,-2.39,0.98,-2.14,73,4.11,14,0.8,0.7,0.6,986.9,993.65,1004.6,994.94,46,8.75,16,0.9,0.7,0.6,,,,,,,,,,,,,,,,,,,,,,,,,,,,,,,,,,,,,,,,,,,,,,,,,,,,,,,,,,,,,,,,,,,,,,,,,,,,,,,,,,,,,,,,,,,,,,,,,,,,,,,,,,,,,,,,,,,,,,,,,,,,,,,,,,,,,,,,,,,,,,,,,,,,,,
1895,12,296.0,-54.0,,,,,,,,,,,,,,,,,,,,,,,,,,,,,,,,,,,,,,,,2.45,4.6,6.95,5.34,13,3.24,10,0.8,0.5,0.7,-2.51,2.41,4.94,1.77,13,4.24,10,0.8,0.5,0.7,-6.21,-1.72,0.04,-2.47,13,3.65,10,0.8,0.5,0.7,991.61,996.7,999.33,995.53,4,5.0,12,0.8,0.5,0.8,,,,,,,,,,,,,,,,,,,,,,,,,,,,,,,,,,,,,,,,,,,,,,,,,,,,,,,,,,,,,,,,,,,,,,,,,,,,,,,,,,,,,,,,,,,,,,,,,,,,,,,,,,,,,,,,,,,,,,,,,,,,,,,,,,,,,,,,,,,,,,,,,,,,,,
1895,12,296.0,-52.0,,,,,,,,,,,,,,,,,,,,,,,,,,,,,,,,,,,,,,,,9.3,9.3,13.76,10.77,9,3.85,10,0.7,0.5,0.6,7.11,8.56,12.68,9.7,9,3.69,10,0.7,0.5,0.6,2.85,3.63,5.37,3.04,9,3.91,10,0.7,0.5,0.6,1001.53,1001.6,1001.94,1001.73,3,0.32,12,0.7,0.5,0.5,,,,,,,,,,,,,,,,,,,,,,,,,,,,,,,,,,,,,,,,,,,,,,,,,,,,,,,,,,,,,,,,,,,,,,,,,,,,,,,,,,,,,,,,,,,,,,,,,,,,,,,,,,,,,,,,,,,,,,,,,,,,,,,,,,,,,,,,,,,,,,,,,,,,,,
1895,12,296.0,-50.0,,,,,,,,,,,,,,,,,,,,,,,,,,,,,,,,,,,,,,,,4.6,8.0,15.4,8.94,62,5.34,12,0.8,0.7,0.7,-0.31,6.21,8.84,5.44,62,5.36,12,0.8,0.7,0.7,-5.25,-2.07,6.37,0.25,62,7.14,12,0.8,0.7,0.7,997.77,1001.3,1007.16,1001.97,41,4.48,14,0.8,0.7,0.7,,,,,,,,,,,,,,,,,,,,,,,,,,,,,,,,,,,,,,,,,,,,,,,,,,,,,,,,,,,,,,,,,,,,,,,,,,,,,,,,,,,,,,,,,,,,,,,,,,,,,,,,,,,,,,,,,,,,,,,,,,,,,,,,,,,,,,,,,,,,,,,,,,,,,,
1895,12,296.0,-48.0,,,,,,,,,,,,,,,,,,,,,,,,,,,,,,,,,,,,,,,,1.0,2.6,15.4,6.24,33,6.07,8,0.5,0.9,0.7,-0.93,0.92,11.32,4.59,33,6.09,8,0.5,0.9,0.7,-2.37,0.0,6.02,1.5,33,3.99,8,0.5,0.9,0.7,995.39,1003.9,1011.55,1002.93,27,7.53,8,0.6,0.8,0.6,,,,,,,,,,,,,,,,,,,,,,,,,,,,,,,,,,,,,,,,,,,,,,,,,,,,,,,,,,,,,,,,,,,,,,,,,,,,,,,,,,,,,,,,,,,,,,,,,,,,,,,,,,,,,,,,,,,,,,,,,,,,,,,,,,,,,,,,,,,,,,,,,,,,,,
1895,12,296.0,12.0,,,,,,,,,,,,,,,,,,,,,,,,,,,,,,,,,,,,,,,,1.43,4.6,6.13,3.82,9,2.16,20,0.6,0.6,0.6,-6.13,-4.27,-1.22,-3.64,9,2.37,20,0.6,0.6,0.6,-0.92,0.0,0.0,-0.38,9,0.63,20,0.6,0.6,0.6,1010.72,1011.9,1012.23,1011.2,7,1.89,20,0.6,0.6,0.5,,,,,,,,,,,,,,,,,,,,,,,,,,,,,,,,,,,,,,,,,,,,,,,,,,,,,,,,,,,,,,,,,,,,,,,,,,,,,,,,,,,,,,,,,,,,,,,,,,,,,,,,,,,,,,,,,,,,,,,,,,,,,,,,,,,,,,,,,,,,,,,,,,,,,,
1895,12,296.0,14.0,,,,,,,,,,,,,,,,,,,,,,,,,,,,,,,,,,,,,,,,3.14,4.6,6.13,4.44,9,1.79,22,0.6,0.4,0.4,-6.13,-4.52,-2.78,-4.24,9,1.89,22,0.6,0.4,0.4,-0.88,0.0,0.0,-0.64,9,1.06,22,0.6,0.4,0.4,1011.41,1012.2,1012.84,1012.03,6,0.97,22,0.3,0.5,0.5,,,,,,,,,,,,,,,,,,,,,,,,,,,,,,,,,,,,,,,,,,,,,,,,,,,,,,,,,,,,,,,,,,,,,,,,,,,,,,,,,,,,,,,,,,,,,,,,,,,,,,,,,,,,,,,,,,,,,,,,,,,,,,,,,,,,,,,,,,,,,,,,,,,,,,
1895,12,296.0,16.0,,,,,,,,,,,,,,,,,,,,,,,,,,,,,,,,,,,,,,,,4.6,4.6,5.7,5.13,4,1.05,28,0.5,0.8,0.4,-4.51,-3.76,-3.25,-3.88,4,0.75,28,0.5,0.8,0.4,-4.03,-3.25,-2.45,-3.24,4,1.23,28,0.5,0.8,0.4,1011.57,1012.8,1013.77,1012.68,4,1.36,28,0.5,0.8,0.4,,,,,,,,,,,,,,,,,,,,,,,,,,,,,,,,,,,,,,,,,,,,,,,,,,,,,,,,,,,,,,,,,,,,,,,,,,,,,,,,,,,,,,,,,,,,,,,,,,,,,,,,,,,,,,,,,,,,,,,,,,,,,,,,,,,,,,,,,,,,,,,,,,,,,,
1895,12,296.0,20.0,,,,,,,,,,,,,,,,,,,,,,,,,,,,,,,,,,,,,,,,4.6,5.65,6.7,5.65,4,1.21,18,0.5,0.5,0.8,-1.37,0.0,1.31,-0.03,4,2.09,18,0.5,0.5,0.8,-6.19,-5.38,-4.6,-5.39,4,0.92,18,0.5,0.5,0.8,1013.87,1015.15,1015.96,1014.93,4,1.29,18,0.5,0.5,0.8,,,,,,,,,,,,,,,,,,,,,,,,,,,,,,,,,,,,,,,,,,,,,,,,,,,,,,,,,,,,,,,,,,,,,,,,,,,,,,,,,,,,,,,,,,,,,,,,,,,,,,,,,,,,,,,,,,,,,,,,,,,,,,,,,,,,,,,,,,,,,,,,,,,,,,
1895,12,296.0,28.0,,,,,,,,,,,,,,,,,,,,,,,,,,,,,,,,,,,,,,,,7.94,9.3,10.87,9.4,4,2.29,8,0.8,0.8,0.0,-8.66,-7.6,-6.39,-7.53,4,1.32,8,0.8,0.8,0.0,-7.69,-2.03,3.02,-2.32,4,6.21,8,0.8,0.8,0.0,1018.85,1019.0,1019.36,1019.1,4,0.36,8,0.8,0.8,0.0,,,,,,,,,,,,,,,,,,,,,,,,,,,,,,,,,,,,,,,,,,,,,,,,,,,,,,,,,,,,,,,,,,,,,,,,,,,,,,,,,,,,,,,,,,,,,,,,,,,,,,,,,,,,,,,,,,,,,,,,,,,,,,,,,,,,,,,,,,,,,,,,,,,,,,
1895,12,296.0,36.0,,,,,,,,,,,,,,,,,,,,,,,,,,,,,,,,,,,,,,,,12.3,12.3,19.0,14.66,7,3.18,18,0.7,0.7,0.1,-4.81,0.0,5.83,-0.22,7,5.05,18,0.7,0.7,0.1,-11.37,11.32,17.68,3.9,7,14.75,18,0.7,0.7,0.1,1019.9,1019.9,1020.17,1020.03,3,0.23,26,0.7,0.6,0.3,,,,,,,,,,,,,,,,,,,,,,,,,,,,,,,,,,,,,,,,,,,,,,,,,,,,,,,,,,,,,,,,,,,,,,,,,,,,,,,,,,,,,,,,,,,,,,,,,,,,,,,,,,,,,,,,,,,,,,,,,,,,,,,,,,,,,,,,,,,,,,,,,,,,,,
1895,12,296.0,38.0,,,,,,,,,,,,,,,,,,,,,,,,,,,,,,,,,,,,,,,,6.7,9.3,13.24,10.57,18,4.62,10,0.7,0.8,0.4,-2.8,1.31,6.58,1.85,18,4.38,10,0.7,0.8,0.4,-9.94,-6.17,4.65,-2.67,18,10.46,10,0.7,0.8,0.4,1009.3,1012.75,1029.13,1016.77,18,9.02,10,0.7,0.8,0.4,,,,,,,,,,,,,,,,,,,,,,,,,,,,,,,,,,,,,,,,,,,,,,,,,,,,,,,,,,,,,,,,,,,,,,,,,,,,,,,,,,,,,,,,,,,,,,,,,,,,,,,,,,,,,,,,,,,,,,,,,,,,,,,,,,,,,,,,,,,,,,,,,,,,,,
1895,12,296.0,40.0,,,,,,,,,,,,,,,,,,,,,,,,,,,,,,,,,,,,,,,,4.6,6.7,9.8,7.88,31,4.51,18,0.5,0.6,0.4,-4.73,1.84,7.04,1.47,31,6.53,18,0.5,0.6,0.4,-7.5,-4.74,0.0,-4.28,31,4.56,18,0.5,0.6,0.4,1017.49,1029.0,1031.51,1025.17,23,8.73,20,0.5,0.6,0.3,,,,,,,,,,,,,,,,,,,,,,,,,,,,,,,,,,,,,,,,,,,,,,,,,,,,,,,,,,,,,,,,,,,,,,,,,,,,,,,,,,,,,,,,,,,,,,,,,,,,,,,,,,,,,,,,,,,,,,,,,,,,,,,,,,,,,,,,,,,,,,,,,,,,,,
1895,12,296.0,42.0,,,,,,,,,,,,,,,,,,,,,,,,,,,,,,,,,,,,,,,,4.6,9.3,12.3,8.11,18,3.81,20,0.7,0.5,0.3,-1.11,2.2,8.6,2.86,18,5.22,20,0.7,0.5,0.3,-9.3,-1.82,5.2,-1.8,18,6.7,20,0.7,0.5,0.3,1018.78,1021.3,1026.24,1021.45,11,4.26,20,0.8,0.6,0.3,,,,,,,,,,,,,,,,,,,,,,,,,,,,,,,,,,,,,,,,,,,,,,,,,,,,,,,,,,,,,,,,,,,,,,,,,,,,,,,,,,,,,,,,,,,,,,,,,,,,,,,,,,,,,,,,,,,,,,,,,,,,,,,,,,,,,,,,,,,,,,,,,,,,,,
1895,12,298.0,-56.0,,,,,,,,,,,,,,,,,,,,,,,,,,,,,,,,,,,,,,,,2.6,6.7,9.3,7.03,36,3.52,14,0.9,0.8,0.6,-4.86,0.0,4.74,0.26,36,5.42,14,0.9,0.8,0.6,-8.66,-4.67,-2.39,-4.71,36,3.29,14,0.9,0.8,0.6,983.58,992.5,1006.16,995.05,29,10.89,14,0.9,0.8,0.6,,,,,,,,,,,,,,,,,,,,,,,,,,,,,,,,,,,,,,,,,,,,,,,,,,,,,,,,,,,,,,,,,,,,,,,,,,,,,,,,,,,,,,,,,,,,,,,,,,,,,,,,,,,,,,,,,,,,,,,,,,,,,,,,,,,,,,,,,,,,,,,,,,,,,,
1895,12,298.0,-50.0,,,,,,,,,,,,,,,,,,,,,,,,,,,,,,,,,,,,,,,,4.09,12.3,12.3,8.98,12,4.38,12,0.4,0.5,1.0,2.02,4.81,7.21,4.98,12,3.14,12,0.4,0.5,1.0,-11.32,-2.49,1.98,-4.05,12,7.23,12,0.4,0.5,1.0,1007.08,1009.5,1010.36,1009.28,8,1.78,10,0.3,0.6,1.0,,,,,,,,,,,,,,,,,,,,,,,,,,,,,,,,,,,,,,,,,,,,,,,,,,,,,,,,,,,,,,,,,,,,,,,,,,,,,,,,,,,,,,,,,,,,,,,,,,,,,,,,,,,,,,,,,,,,,,,,,,,,,,,,,,,,,,,,,,,,,,,,,,,,,,
1895,12,298.0,-48.0,,,,,,,,,,,,,,,,,,,,,,,,,,,,,,,,,,,,,,,,4.6,6.7,9.3,7.64,20,3.28,14,0.4,0.6,0.8,4.23,6.36,8.62,6.17,20,2.54,14,0.4,0.6,0.8,-3.48,0.0,3.63,-1.15,20,4.92,14,0.4,0.6,0.8,1002.3,1003.5,1009.63,1005.17,11,3.43,16,0.4,0.6,0.9,,,,,,,,,,,,,,,,,,,,,,,,,,,,,,,,,,,,,,,,,,,,,,,,,,,,,,,,,,,,,,,,,,,,,,,,,,,,,,,,,,,,,,,,,,,,,,,,,,,,,,,,,,,,,,,,,,,,,,,,,,,,,,,,,,,,,,,,,,,,,,,,,,,,,,
1895,12,298.0,-46.0,,,,,,,,,,,,,,,,,,,,,,,,,,,,,,,,,,,,,,,,2.6,6.7,9.3,5.91,38,3.12,12,0.6,0.7,0.7,0.85,3.87,6.58,3.51,38,3.19,12,0.6,0.7,0.7,-4.28,-0.65,4.74,-0.31,38,4.76,12,0.6,0.7,0.7,999.55,1003.3,1009.51,1004.16,24,5.07,16,0.5,0.7,0.7,,,,,,,,,,,,,,,,,,,,,,,,,,,,,,,,,,,,,,,,,,,,,,,,,,,,,,,,,,,,,,,,,,,,,,,,,,,,,,,,,,,,,,,,,,,,,,,,,,,,,,,,,,,,,,,,,,,,,,,,,,,,,,,,,,,,,,,,,,,,,,,,,,,,,,
1895,12,298.0,10.0,,,,,,,,,,,,,,,,,,,,,,,,,,,,,,,,,,,,,,,,4.6,4.6,6.7,5.6,9,1.95,14,0.4,0.5,0.5,-6.21,-4.6,-2.22,-4.61,9,2.2,14,0.4,0.5,0.5,-4.03,-2.51,1.83,-1.18,9,2.95,14,0.4,0.5,0.5,1010.29,1010.9,1013.83,1011.63,9,1.97,14,0.4,0.5,0.5,,,,,,,,,,,,,,,,,,,,,,,,,,,,,,,,,,,,,,,,,,,,,,,,,,,,,,,,,,,,,,,,,,,,,,,,,,,,,,,,,,,,,,,,,,,,,,,,,,,,,,,,,,,,,,,,,,,,,,,,,,,,,,,,,,,,,,,,,,,,,,,,,,,,,,
1895,12,298.0,12.0,,,,,,,,,,,,,,,,,,,,,,,,,,,,,,,,,,,,,,,,2.6,4.6,4.6,3.76,9,1.35,18,0.2,0.6,0.6,-4.23,-2.41,-1.16,-2.61,9,1.59,18,0.2,0.6,0.6,-3.79,-0.37,1.8,-0.61,9,2.66,18,0.2,0.6,0.6,1009.94,1011.1,1011.65,1010.8,3,1.28,12,0.0,0.8,0.3,,,,,,,,,,,,,,,,,,,,,,,,,,,,,,,,,,,,,,,,,,,,,,,,,,,,,,,,,,,,,,,,,,,,,,,,,,,,,,,,,,,,,,,,,,,,,,,,,,,,,,,,,,,,,,,,,,,,,,,,,,,,,,,,,,,,,,,,,,,,,,,,,,,,,,
1895,12,298.0,14.0,,,,,,,,,,,,,,,,,,,,,,,,,,,,,,,,,,,,,,,,3.23,4.6,6.03,4.63,3,2.05,26,1.0,0.3,0.8,-4.69,-4.6,-3.11,-3.92,3,1.31,26,1.0,0.3,0.8,-3.54,-0.97,-0.31,-1.9,3,2.5,26,1.0,0.3,0.8,1011.08,1013.4,1013.4,1012.27,3,1.96,26,1.0,0.3,0.8,,,,,,,,,,,,,,,,,,,,,,,,,,,,,,,,,,,,,,,,,,,,,,,,,,,,,,,,,,,,,,,,,,,,,,,,,,,,,,,,,,,,,,,,,,,,,,,,,,,,,,,,,,,,,,,,,,,,,,,,,,,,,,,,,,,,,,,,,,,,,,,,,,,,,,
1895,12,298.0,20.0,,,,,,,,,,,,,,,,,,,,,,,,,,,,,,,,,,,,,,,,2.6,4.6,5.37,4.22,5,1.71,16,0.6,0.6,0.8,-3.79,-2.39,-1.82,-2.8,5,1.23,16,0.6,0.6,0.8,-4.42,-3.25,-0.8,-2.61,5,2.31,16,0.6,0.6,0.8,1014.18,1014.5,1015.42,1014.74,5,0.77,16,0.6,0.6,0.8,,,,,,,,,,,,,,,,,,,,,,,,,,,,,,,,,,,,,,,,,,,,,,,,,,,,,,,,,,,,,,,,,,,,,,,,,,,,,,,,,,,,,,,,,,,,,,,,,,,,,,,,,,,,,,,,,,,,,,,,,,,,,,,,,,,,,,,,,,,,,,,,,,,,,,
1895,12,298.0,28.0,,,,,,,,,,,,,,,,,,,,,,,,,,,,,,,,,,,,,,,,4.6,6.7,10.44,7.67,12,2.94,12,0.3,0.6,0.4,-5.11,0.0,4.52,-0.22,12,4.61,12,0.3,0.6,0.4,-5.21,2.12,9.62,1.82,12,6.92,12,0.3,0.6,0.4,1015.27,1016.8,1018.07,1016.68,4,1.69,8,0.3,0.8,0.0,,,,,,,,,,,,,,,,,,,,,,,,,,,,,,,,,,,,,,,,,,,,,,,,,,,,,,,,,,,,,,,,,,,,,,,,,,,,,,,,,,,,,,,,,,,,,,,,,,,,,,,,,,,,,,,,,,,,,,,,,,,,,,,,,,,,,,,,,,,,,,,,,,,,,,
1895,12,298.0,36.0,,,,,,,,,,,,,,,,,,,,,,,,,,,,,,,,,,,,,,,,15.4,19.0,26.8,20.2,7,5.22,18,0.4,0.6,0.4,-0.29,7.12,10.04,5.06,7,5.98,18,0.4,0.6,0.4,-14.23,17.62,24.85,10.42,7,17.63,18,0.4,0.6,0.4,1018.39,1018.8,1019.21,1018.8,2,0.85,26,0.0,0.5,0.3,,,,,,,,,,,,,,,,,,,,,,,,,,,,,,,,,,,,,,,,,,,,,,,,,,,,,,,,,,,,,,,,,,,,,,,,,,,,,,,,,,,,,,,,,,,,,,,,,,,,,,,,,,,,,,,,,,,,,,,,,,,,,,,,,,,,,,,,,,,,,,,,,,,,,,
1895,12,298.0,38.0,,,,,,,,,,,,,,,,,,,,,,,,,,,,,,,,,,,,,,,,6.7,9.3,12.3,9.83,16,4.08,10,0.5,0.8,0.3,-6.6,-2.51,0.0,-2.87,16,3.69,10,0.5,0.8,0.3,-12.3,-7.7,-4.99,-8.43,16,4.64,10,0.5,0.8,0.3,1011.75,1014.7,1021.33,1015.21,16,4.54,10,0.5,0.8,0.3,,,,,,,,,,,,,,,,,,,,,,,,,,,,,,,,,,,,,,,,,,,,,,,,,,,,,,,,,,,,,,,,,,,,,,,,,,,,,,,,,,,,,,,,,,,,,,,,,,,,,,,,,,,,,,,,,,,,,,,,,,,,,,,,,,,,,,,,,,,,,,,,,,,,,,
1895,12,298.0,40.0,,,,,,,,,,,,,,,,,,,,,,,,,,,,,,,,,,,,,,,,4.6,6.7,12.3,8.64,20,5.43,18,0.7,0.6,0.4,-4.23,0.0,4.72,0.25,20,5.14,18,0.7,0.6,0.4,-12.25,-4.24,-1.8,-6.12,20,6.49,18,0.7,0.6,0.4,1020.7,1031.5,1032.0,1027.21,16,10.58,20,0.6,0.7,0.4,,,,,,,,,,,,,,,,,,,,,,,,,,,,,,,,,,,,,,,,,,,,,,,,,,,,,,,,,,,,,,,,,,,,,,,,,,,,,,,,,,,,,,,,,,,,,,,,,,,,,,,,,,,,,,,,,,,,,,,,,,,,,,,,,,,,,,,,,,,,,,,,,,,,,,
1895,12,298.0,42.0,,,,,,,,,,,,,,,,,,,,,,,,,,,,,,,,,,,,,,,,4.87,9.3,12.3,8.9,27,4.14,18,0.4,0.6,0.4,-1.62,1.8,9.21,2.66,27,6.77,18,0.4,0.6,0.4,-6.82,0.0,4.23,-1.09,27,6.7,18,0.4,0.6,0.4,1007.74,1016.7,1022.89,1014.75,17,8.57,20,0.4,0.5,0.3,,,,,,,,,,,,,,,,,,,,,,,,,,,,,,,,,,,,,,,,,,,,,,,,,,,,,,,,,,,,,,,,,,,,,,,,,,,,,,,,,,,,,,,,,,,,,,,,,,,,,,,,,,,,,,,,,,,,,,,,,,,,,,,,,,,,,,,,,,,,,,,,,,,,,,
1895,12,300.0,-58.0,,,,,,,,,,,,,,,,,,,,,,,,,,,,,,,,,,,,,,,,4.6,4.6,12.3,7.62,13,5.64,18,0.8,0.9,0.7,-0.17,3.25,9.59,4.86,13,6.88,18,0.8,0.9,0.7,-4.27,0.0,4.99,0.38,13,4.64,18,0.8,0.9,0.7,976.72,978.8,981.7,979.1,9,2.43,22,0.8,0.9,0.6,,,,,,,,,,,,,,,,,,,,,,,,,,,,,,,,,,,,,,,,,,,,,,,,,,,,,,,,,,,,,,,,,,,,,,,,,,,,,,,,,,,,,,,,,,,,,,,,,,,,,,,,,,,,,,,,,,,,,,,,,,,,,,,,,,,,,,,,,,,,,,,,,,,,,,
1895,12,300.0,-56.0,,,,,,,,,,,,,,,,,,,,,,,,,,,,,,,,,,,,,,,,4.6,6.7,12.3,7.68,31,3.36,16,0.8,0.8,0.8,0.0,3.25,8.62,3.39,31,5.32,16,0.8,0.8,0.8,-6.7,-4.23,2.27,-2.81,31,4.89,16,0.8,0.8,0.8,981.8,988.6,1006.9,993.19,23,11.6,16,0.8,0.8,0.8,,,,,,,,,,,,,,,,,,,,,,,,,,,,,,,,,,,,,,,,,,,,,,,,,,,,,,,,,,,,,,,,,,,,,,,,,,,,,,,,,,,,,,,,,,,,,,,,,,,,,,,,,,,,,,,,,,,,,,,,,,,,,,,,,,,,,,,,,,,,,,,,,,,,,,
1895,12,300.0,-54.0,,,,,,,,,,,,,,,,,,,,,,,,,,,,,,,,,,,,,,,,5.93,9.3,10.4,8.44,5,2.92,16,0.8,0.9,0.5,0.0,3.25,9.6,4.64,5,5.15,16,0.8,0.9,0.5,-7.65,-4.61,-0.74,-4.05,5,4.86,16,0.8,0.9,0.5,983.8,996.75,1009.6,996.7,4,14.9,16,0.8,0.9,0.5,,,,,,,,,,,,,,,,,,,,,,,,,,,,,,,,,,,,,,,,,,,,,,,,,,,,,,,,,,,,,,,,,,,,,,,,,,,,,,,,,,,,,,,,,,,,,,,,,,,,,,,,,,,,,,,,,,,,,,,,,,,,,,,,,,,,,,,,,,,,,,,,,,,,,,
1895,12,300.0,-50.0,,,,,,,,,,,,,,,,,,,,,,,,,,,,,,,,,,,,,,,,1.0,2.6,6.95,3.44,13,3.23,10,0.6,0.9,1.0,0.0,0.92,3.88,2.22,13,2.58,10,0.6,0.9,1.0,-4.27,0.0,1.17,-0.8,13,3.25,10,0.6,0.9,1.0,1009.37,1011.8,1013.6,1011.68,12,2.17,10,0.6,0.9,1.0,,,,,,,,,,,,,,,,,,,,,,,,,,,,,,,,,,,,,,,,,,,,,,,,,,,,,,,,,,,,,,,,,,,,,,,,,,,,,,,,,,,,,,,,,,,,,,,,,,,,,,,,,,,,,,,,,,,,,,,,,,,,,,,,,,,,,,,,,,,,,,,,,,,,,,
1895,12,300.0,-48.0,,,,,,,,,,,,,,,,,,,,,,,,,,,,,,,,,,,,,,,,1.0,4.6,6.7,4.27,29,2.91,10,0.5,0.9,0.8,0.8,3.25,6.21,3.49,29,2.76,10,0.5,0.9,0.8,-1.84,1.0,3.25,0.65,29,2.58,10,0.5,0.9,0.8,1000.38,1001.9,1005.94,1002.75,25,2.62,8,0.5,1.0,0.8,,,,,,,,,,,,,,,,,,,,,,,,,,,,,,,,,,,,,,,,,,,,,,,,,,,,,,,,,,,,,,,,,,,,,,,,,,,,,,,,,,,,,,,,,,,,,,,,,,,,,,,,,,,,,,,,,,,,,,,,,,,,,,,,,,,,,,,,,,,,,,,,,,,,,,
1895,12,300.0,-46.0,,,,,,,,,,,,,,,,,,,,,,,,,,,,,,,,,,,,,,,,2.6,5.65,9.3,6.05,20,3.25,20,0.5,0.7,0.8,0.03,4.25,8.53,4.28,20,3.04,20,0.5,0.7,0.8,-4.74,-1.0,3.24,-1.01,20,4.41,20,0.5,0.7,0.8,999.28,1005.2,1009.95,1004.88,15,4.48,20,0.4,0.6,0.8,,,,,,,,,,,,,,,,,,,,,,,,,,,,,,,,,,,,,,,,,,,,,,,,,,,,,,,,,,,,,,,,,,,,,,,,,,,,,,,,,,,,,,,,,,,,,,,,,,,,,,,,,,,,,,,,,,,,,,,,,,,,,,,,,,,,,,,,,,,,,,,,,,,,,,
1895,12,300.0,-44.0,,,,,,,,,,,,,,,,,,,,,,,,,,,,,,,,,,,,,,,,2.6,4.6,6.7,4.94,42,3.28,10,0.6,0.7,0.7,0.0,2.51,4.74,2.89,42,3.76,10,0.6,0.7,0.7,-4.43,-0.67,2.92,-1.0,42,3.48,10,0.6,0.7,0.7,999.24,1004.55,1014.38,1005.86,30,6.97,16,0.5,0.8,0.6,,,,,,,,,,,,,,,,,,,,,,,,,,,,,,,,,,,,,,,,,,,,,,,,,,,,,,,,,,,,,,,,,,,,,,,,,,,,,,,,,,,,,,,,,,,,,,,,,,,,,,,,,,,,,,,,,,,,,,,,,,,,,,,,,,,,,,,,,,,,,,,,,,,,,,
1895,12,300.0,-42.0,,,,,,,,,,,,,,,,,,,,,,,,,,,,,,,,,,,,,,,,6.7,10.8,12.3,10.4,8,4.58,22,0.6,0.7,0.7,-1.64,8.95,11.32,6.78,8,6.5,22,0.6,0.7,0.7,-5.84,3.71,4.81,1.81,8,6.79,22,0.6,0.7,0.7,996.87,1001.0,1001.82,999.76,7,3.89,28,0.7,0.7,0.8,,,,,,,,,,,,,,,,,,,,,,,,,,,,,,,,,,,,,,,,,,,,,,,,,,,,,,,,,,,,,,,,,,,,,,,,,,,,,,,,,,,,,,,,,,,,,,,,,,,,,,,,,,,,,,,,,,,,,,,,,,,,,,,,,,,,,,,,,,,,,,,,,,,,,,
1895,12,300.0,6.0,,,,,,,,,,,,,,,,,,,,,,,,,,,,,,,,,,,,,,,,2.6,2.6,7.17,4.83,3,3.87,10,0.7,0.8,0.8,-5.31,-2.6,-2.6,-3.93,3,2.3,10,0.7,0.8,0.8,-4.49,0.0,0.0,-2.19,3,3.8,10,0.7,0.8,0.8,1011.59,1013.5,1013.64,1012.63,3,1.68,10,0.7,0.8,0.8,,,,,,,,,,,,,,,,,,,,,,,,,,,,,,,,,,,,,,,,,,,,,,,,,,,,,,,,,,,,,,,,,,,,,,,,,,,,,,,,,,,,,,,,,,,,,,,,,,,,,,,,,,,,,,,,,,,,,,,,,,,,,,,,,,,,,,,,,,,,,,,,,,,,,,
1895,12,300.0,8.0,,,,,,,,,,,,,,,,,,,,,,,,,,,,,,,,,,,,,,,,4.5,9.3,9.3,7.67,7,2.84,14,0.6,0.5,0.5,-8.62,-6.58,-3.46,-5.81,7,3.27,14,0.6,0.5,0.5,-6.67,-3.48,-2.48,-4.03,7,2.77,14,0.6,0.5,0.5,1009.78,1011.4,1013.11,1011.59,7,1.63,14,0.6,0.5,0.5,,,,,,,,,,,,,,,,,,,,,,,,,,,,,,,,,,,,,,,,,,,,,,,,,,,,,,,,,,,,,,,,,,,,,,,,,,,,,,,,,,,,,,,,,,,,,,,,,,,,,,,,,,,,,,,,,,,,,,,,,,,,,,,,,,,,,,,,,,,,,,,,,,,,,,
1895,12,300.0,10.0,,,,,,,,,,,,,,,,,,,,,,,,,,,,,,,,,,,,,,,,6.7,6.7,6.7,6.7,1,0.0,4,0.0,0.3,0.3,-2.62,-2.62,-2.62,-2.62,1,0.0,4,0.0,0.3,0.3,-6.17,-6.17,-6.17,-6.17,1,0.0,4,0.0,0.3,0.3,1014.5,1014.5,1014.5,1014.5,1,0.0,4,0.0,0.3,0.3,,,,,,,,,,,,,,,,,,,,,,,,,,,,,,,,,,,,,,,,,,,,,,,,,,,,,,,,,,,,,,,,,,,,,,,,,,,,,,,,,,,,,,,,,,,,,,,,,,,,,,,,,,,,,,,,,,,,,,,,,,,,,,,,,,,,,,,,,,,,,,,,,,,,,,
1895,12,300.0,12.0,,,,,,,,,,,,,,,,,,,,,,,,,,,,,,,,,,,,,,,,3.14,4.6,4.6,3.98,9,1.3,18,0.7,0.3,0.7,-4.45,-4.23,-0.22,-2.81,9,2.0,18,0.7,0.3,0.7,-3.82,0.0,1.55,-0.78,9,2.43,18,0.7,0.3,0.7,1010.7,1010.7,1010.7,1010.7,1,0.0,10,1.0,0.3,0.3,,,,,,,,,,,,,,,,,,,,,,,,,,,,,,,,,,,,,,,,,,,,,,,,,,,,,,,,,,,,,,,,,,,,,,,,,,,,,,,,,,,,,,,,,,,,,,,,,,,,,,,,,,,,,,,,,,,,,,,,,,,,,,,,,,,,,,,,,,,,,,,,,,,,,,
1895,12,300.0,20.0,,,,,,,,,,,,,,,,,,,,,,,,,,,,,,,,,,,,,,,,5.93,6.7,6.7,6.28,5,0.94,16,0.6,0.6,0.3,-2.78,0.0,0.0,-1.15,5,1.6,16,0.6,0.6,0.3,-6.7,-3.25,6.39,-0.75,5,6.73,16,0.6,0.6,0.3,1015.06,1015.6,1015.86,1015.46,5,0.72,16,0.6,0.6,0.3,,,,,,,,,,,,,,,,,,,,,,,,,,,,,,,,,,,,,,,,,,,,,,,,,,,,,,,,,,,,,,,,,,,,,,,,,,,,,,,,,,,,,,,,,,,,,,,,,,,,,,,,,,,,,,,,,,,,,,,,,,,,,,,,,,,,,,,,,,,,,,,,,,,,,,
1895,12,300.0,28.0,,,,,,,,,,,,,,,,,,,,,,,,,,,,,,,,,,,,,,,,6.84,10.8,13.92,10.4,4,4.6,8,0.5,0.8,0.4,-5.22,-4.05,-2.56,-3.9,4,1.72,8,0.5,0.8,0.4,-12.91,-10.01,-6.34,-9.64,4,4.26,8,0.5,0.8,0.4,1014.03,1014.45,1014.66,1014.35,4,0.47,8,0.5,0.8,0.4,,,,,,,,,,,,,,,,,,,,,,,,,,,,,,,,,,,,,,,,,,,,,,,,,,,,,,,,,,,,,,,,,,,,,,,,,,,,,,,,,,,,,,,,,,,,,,,,,,,,,,,,,,,,,,,,,,,,,,,,,,,,,,,,,,,,,,,,,,,,,,,,,,,,,,
1895,12,300.0,34.0,,,,,,,,,,,,,,,,,,,,,,,,,,,,,,,,,,,,,,,,19.0,19.0,19.0,19.0,2,0.0,26,0.5,0.5,0.4,-7.42,-7.42,-7.42,-7.42,2,0.0,26,0.5,0.5,0.4,-17.49,-17.49,-17.49,-17.49,2,0.0,26,0.5,0.5,0.4,1015.69,1016.75,1017.81,1016.75,2,2.19,26,0.5,0.5,0.4,,,,,,,,,,,,,,,,,,,,,,,,,,,,,,,,,,,,,,,,,,,,,,,,,,,,,,,,,,,,,,,,,,,,,,,,,,,,,,,,,,,,,,,,,,,,,,,,,,,,,,,,,,,,,,,,,,,,,,,,,,,,,,,,,,,,,,,,,,,,,,,,,,,,,,
1895,12,300.0,38.0,,,,,,,,,,,,,,,,,,,,,,,,,,,,,,,,,,,,,,,,2.6,10.8,15.4,10.14,16,6.88,18,0.4,0.8,0.2,-3.58,0.46,7.14,1.32,16,6.28,18,0.4,0.8,0.2,-7.89,0.73,13.12,2.81,16,10.36,18,0.4,0.8,0.2,1000.74,1016.0,1018.46,1011.93,15,8.23,18,0.4,0.8,0.2,,,,,,,,,,,,,,,,,,,,,,,,,,,,,,,,,,,,,,,,,,,,,,,,,,,,,,,,,,,,,,,,,,,,,,,,,,,,,,,,,,,,,,,,,,,,,,,,,,,,,,,,,,,,,,,,,,,,,,,,,,,,,,,,,,,,,,,,,,,,,,,,,,,,,,
1895,12,300.0,40.0,,,,,,,,,,,,,,,,,,,,,,,,,,,,,,,,,,,,,,,,9.3,12.3,14.07,12.44,10,4.1,20,0.6,0.6,0.6,-10.14,-8.56,10.26,-1.95,10,9.91,20,0.6,0.6,0.6,-10.16,-4.22,-3.63,-5.93,10,6.87,20,0.6,0.6,0.6,1025.11,1027.5,1028.0,1026.63,8,2.26,20,0.6,0.7,0.5,,,,,,,,,,,,,,,,,,,,,,,,,,,,,,,,,,,,,,,,,,,,,,,,,,,,,,,,,,,,,,,,,,,,,,,,,,,,,,,,,,,,,,,,,,,,,,,,,,,,,,,,,,,,,,,,,,,,,,,,,,,,,,,,,,,,,,,,,,,,,,,,,,,,,,
1895,12,300.0,42.0,,,,,,,,,,,,,,,,,,,,,,,,,,,,,,,,,,,,,,,,3.07,6.7,12.3,7.41,34,4.08,18,0.2,0.6,0.5,0.0,1.84,8.22,3.21,34,4.47,18,0.2,0.6,0.5,-3.05,0.44,6.67,1.3,34,6.4,18,0.2,0.6,0.5,1004.05,1012.2,1024.91,1013.61,21,10.91,20,0.3,0.6,0.5,,,,,,,,,,,,,,,,,,,,,,,,,,,,,,,,,,,,,,,,,,,,,,,,,,,,,,,,,,,,,,,,,,,,,,,,,,,,,,,,,,,,,,,,,,,,,,,,,,,,,,,,,,,,,,,,,,,,,,,,,,,,,,,,,,,,,,,,,,,,,,,,,,,,,,
1895,12,302.0,-58.0,,,,,,,,,,,,,,,,,,,,,,,,,,,,,,,,,,,,,,,,3.04,4.6,11.06,6.01,15,4.17,18,0.9,0.6,0.9,-3.25,0.93,5.89,1.68,15,6.0,18,0.9,0.6,0.9,-4.71,-3.25,-1.75,-3.47,15,2.06,18,0.9,0.6,0.9,986.63,990.1,992.01,989.43,9,2.85,20,0.9,0.6,0.8,,,,,,,,,,,,,,,,,,,,,,,,,,,,,,,,,,,,,,,,,,,,,,,,,,,,,,,,,,,,,,,,,,,,,,,,,,,,,,,,,,,,,,,,,,,,,,,,,,,,,,,,,,,,,,,,,,,,,,,,,,,,,,,,,,,,,,,,,,,,,,,,,,,,,,
1895,12,302.0,-56.0,,,,,,,,,,,,,,,,,,,,,,,,,,,,,,,,,,,,,,,,4.6,6.7,9.3,7.02,17,2.22,14,0.9,0.8,0.9,0.0,1.8,6.58,2.83,17,3.54,14,0.9,0.8,0.9,-6.7,-6.58,-4.25,-5.34,17,2.44,14,0.9,0.8,0.9,988.65,1000.8,1005.78,997.94,16,8.03,14,0.9,0.8,0.9,,,,,,,,,,,,,,,,,,,,,,,,,,,,,,,,,,,,,,,,,,,,,,,,,,,,,,,,,,,,,,,,,,,,,,,,,,,,,,,,,,,,,,,,,,,,,,,,,,,,,,,,,,,,,,,,,,,,,,,,,,,,,,,,,,,,,,,,,,,,,,,,,,,,,,
1895,12,302.0,-54.0,,,,,,,,,,,,,,,,,,,,,,,,,,,,,,,,,,,,,,,,2.63,6.7,9.3,7.09,20,3.53,16,0.8,0.8,0.6,-0.7,2.22,8.5,2.63,20,4.48,16,0.8,0.8,0.6,-9.26,-4.74,-0.01,-4.24,20,4.36,16,0.8,0.8,0.6,985.05,989.65,1007.71,994.36,12,10.48,18,0.8,0.8,0.6,,,,,,,,,,,,,,,,,,,,,,,,,,,,,,,,,,,,,,,,,,,,,,,,,,,,,,,,,,,,,,,,,,,,,,,,,,,,,,,,,,,,,,,,,,,,,,,,,,,,,,,,,,,,,,,,,,,,,,,,,,,,,,,,,,,,,,,,,,,,,,,,,,,,,,
1895,12,302.0,-48.0,,,,,,,,,,,,,,,,,,,,,,,,,,,,,,,,,,,,,,,,4.93,5.65,6.37,5.65,2,1.48,8,1.0,0.4,0.9,3.49,4.0,4.5,4.0,2,1.05,8,1.0,0.4,0.9,-4.5,-4.0,-3.49,-4.0,2,1.05,8,1.0,0.4,0.9,996.7,996.7,996.7,996.7,1,0.0,8,1.0,0.5,1.0,,,,,,,,,,,,,,,,,,,,,,,,,,,,,,,,,,,,,,,,,,,,,,,,,,,,,,,,,,,,,,,,,,,,,,,,,,,,,,,,,,,,,,,,,,,,,,,,,,,,,,,,,,,,,,,,,,,,,,,,,,,,,,,,,,,,,,,,,,,,,,,,,,,,,,
1895,12,302.0,-46.0,,,,,,,,,,,,,,,,,,,,,,,,,,,,,,,,,,,,,,,,2.6,4.6,6.7,4.86,25,2.42,10,0.5,0.7,0.8,0.0,4.27,6.21,3.62,25,3.0,10,0.5,0.7,0.8,-2.65,0.0,2.6,-0.4,25,2.76,10,0.5,0.7,0.8,999.19,1000.1,1002.77,1001.18,19,2.68,8,0.5,0.8,0.8,,,,,,,,,,,,,,,,,,,,,,,,,,,,,,,,,,,,,,,,,,,,,,,,,,,,,,,,,,,,,,,,,,,,,,,,,,,,,,,,,,,,,,,,,,,,,,,,,,,,,,,,,,,,,,,,,,,,,,,,,,,,,,,,,,,,,,,,,,,,,,,,,,,,,,
1895,12,302.0,-44.0,,,,,,,,,,,,,,,,,,,,,,,,,,,,,,,,,,,,,,,,2.66,6.7,12.3,7.32,39,3.79,10,0.4,0.8,0.8,0.0,4.6,8.69,4.06,39,4.23,10,0.4,0.8,0.8,-4.27,2.62,6.58,2.14,39,5.46,10,0.4,0.8,0.8,997.55,1001.8,1004.16,1000.55,32,4.85,10,0.5,0.8,0.8,,,,,,,,,,,,,,,,,,,,,,,,,,,,,,,,,,,,,,,,,,,,,,,,,,,,,,,,,,,,,,,,,,,,,,,,,,,,,,,,,,,,,,,,,,,,,,,,,,,,,,,,,,,,,,,,,,,,,,,,,,,,,,,,,,,,,,,,,,,,,,,,,,,,,,
1895,12,302.0,-42.0,,,,,,,,,,,,,,,,,,,,,,,,,,,,,,,,,,,,,,,,0.0,2.6,5.1,3.15,31,3.19,6,0.6,0.8,0.7,-0.24,0.0,3.86,1.2,31,2.57,6,0.6,0.8,0.7,-4.35,0.0,0.0,-1.67,31,3.07,6,0.6,0.8,0.7,1002.87,1009.9,1016.44,1009.03,24,6.71,8,0.5,0.9,0.8,,,,,,,,,,,,,,,,,,,,,,,,,,,,,,,,,,,,,,,,,,,,,,,,,,,,,,,,,,,,,,,,,,,,,,,,,,,,,,,,,,,,,,,,,,,,,,,,,,,,,,,,,,,,,,,,,,,,,,,,,,,,,,,,,,,,,,,,,,,,,,,,,,,,,,
1895,12,302.0,-40.0,,,,,,,,,,,,,,,,,,,,,,,,,,,,,,,,,,,,,,,,2.52,6.7,9.3,6.41,7,3.39,22,0.3,0.8,0.6,-6.67,-6.17,1.17,-3.34,7,5.25,22,0.3,0.8,0.6,-6.58,-2.62,0.5,-2.34,7,3.54,22,0.3,0.8,0.6,995.86,1009.35,1013.74,1006.27,6,8.59,24,0.2,0.8,0.6,,,,,,,,,,,,,,,,,,,,,,,,,,,,,,,,,,,,,,,,,,,,,,,,,,,,,,,,,,,,,,,,,,,,,,,,,,,,,,,,,,,,,,,,,,,,,,,,,,,,,,,,,,,,,,,,,,,,,,,,,,,,,,,,,,,,,,,,,,,,,,,,,,,,,,
1895,12,302.0,6.0,,,,,,,,,,,,,,,,,,,,,,,,,,,,,,,,,,,,,,,,7.94,9.3,9.3,8.65,4,1.3,16,0.5,0.4,0.3,-9.3,-8.96,-7.62,-8.48,4,1.23,16,0.5,0.4,0.3,-1.83,0.0,0.0,-0.87,4,1.74,16,0.5,0.4,0.3,1008.45,1010.3,1012.88,1010.65,4,2.96,16,0.5,0.4,0.3,,,,,,,,,,,,,,,,,,,,,,,,,,,,,,,,,,,,,,,,,,,,,,,,,,,,,,,,,,,,,,,,,,,,,,,,,,,,,,,,,,,,,,,,,,,,,,,,,,,,,,,,,,,,,,,,,,,,,,,,,,,,,,,,,,,,,,,,,,,,,,,,,,,,,,
1895,12,302.0,20.0,,,,,,,,,,,,,,,,,,,,,,,,,,,,,,,,,,,,,,,,1.0,2.6,6.7,3.71,9,2.88,16,0.4,0.6,0.4,-4.74,-0.83,-0.05,-2.06,9,2.51,16,0.4,0.6,0.4,0.56,1.84,4.74,2.46,9,2.43,16,0.4,0.6,0.4,1014.3,1014.95,1016.18,1015.23,4,1.2,14,0.3,0.5,0.2,,,,,,,,,,,,,,,,,,,,,,,,,,,,,,,,,,,,,,,,,,,,,,,,,,,,,,,,,,,,,,,,,,,,,,,,,,,,,,,,,,,,,,,,,,,,,,,,,,,,,,,,,,,,,,,,,,,,,,,,,,,,,,,,,,,,,,,,,,,,,,,,,,,,,,
1895,12,302.0,28.0,,,,,,,,,,,,,,,,,,,,,,,,,,,,,,,,,,,,,,,,3.86,6.7,9.3,6.27,6,3.14,6,0.5,0.7,0.5,-3.63,-2.56,-1.37,-2.35,6,1.36,6,0.5,0.7,0.5,-4.67,2.58,8.56,1.97,6,6.62,6,0.5,0.7,0.5,1010.64,1011.05,1012.12,1011.48,6,1.35,6,0.5,0.7,0.5,,,,,,,,,,,,,,,,,,,,,,,,,,,,,,,,,,,,,,,,,,,,,,,,,,,,,,,,,,,,,,,,,,,,,,,,,,,,,,,,,,,,,,,,,,,,,,,,,,,,,,,,,,,,,,,,,,,,,,,,,,,,,,,,,,,,,,,,,,,,,,,,,,,,,,
1895,12,302.0,32.0,,,,,,,,,,,,,,,,,,,,,,,,,,,,,,,,,,,,,,,,22.6,22.6,22.6,22.6,1,0.0,28,0.0,0.8,0.7,-8.83,-8.83,-8.83,-8.83,1,0.0,28,0.0,0.8,0.7,-20.8,-20.8,-20.8,-20.8,1,0.0,28,0.0,0.8,0.7,1009.9,1009.9,1009.9,1009.9,1,0.0,28,0.0,0.8,0.7,,,,,,,,,,,,,,,,,,,,,,,,,,,,,,,,,,,,,,,,,,,,,,,,,,,,,,,,,,,,,,,,,,,,,,,,,,,,,,,,,,,,,,,,,,,,,,,,,,,,,,,,,,,,,,,,,,,,,,,,,,,,,,,,,,,,,,,,,,,,,,,,,,,,,,
1895,12,302.0,34.0,,,,,,,,,,,,,,,,,,,,,,,,,,,,,,,,,,,,,,,,22.6,22.6,22.6,22.6,3,0.0,26,0.3,0.5,0.2,-8.83,-8.83,-8.83,-8.83,3,0.0,26,0.3,0.5,0.2,-20.8,-20.8,-20.8,-20.8,3,0.0,26,0.3,0.5,0.2,1013.0,1013.0,1013.34,1013.17,3,0.29,26,0.3,0.5,0.2,,,,,,,,,,,,,,,,,,,,,,,,,,,,,,,,,,,,,,,,,,,,,,,,,,,,,,,,,,,,,,,,,,,,,,,,,,,,,,,,,,,,,,,,,,,,,,,,,,,,,,,,,,,,,,,,,,,,,,,,,,,,,,,,,,,,,,,,,,,,,,,,,,,,,,
1895,12,302.0,38.0,,,,,,,,,,,,,,,,,,,,,,,,,,,,,,,,,,,,,,,,9.3,12.3,21.8,14.11,15,5.72,18,0.7,0.8,0.1,6.26,8.7,15.98,10.18,15,4.47,18,0.7,0.8,0.1,-3.69,6.58,15.98,5.99,15,8.75,18,0.7,0.8,0.1,1003.68,1011.3,1012.36,1008.91,7,4.31,18,0.9,0.7,0.2,,,,,,,,,,,,,,,,,,,,,,,,,,,,,,,,,,,,,,,,,,,,,,,,,,,,,,,,,,,,,,,,,,,,,,,,,,,,,,,,,,,,,,,,,,,,,,,,,,,,,,,,,,,,,,,,,,,,,,,,,,,,,,,,,,,,,,,,,,,,,,,,,,,,,,
1895,12,302.0,40.0,,,,,,,,,,,,,,,,,,,,,,,,,,,,,,,,,,,,,,,,4.6,6.7,9.8,7.43,15,3.02,20,0.5,0.8,0.5,-2.43,4.27,8.92,3.51,15,5.35,20,0.5,0.8,0.5,-3.83,0.0,7.47,1.05,15,5.03,20,0.5,0.8,0.5,1005.06,1010.0,1012.0,1009.79,14,5.04,20,0.4,0.9,0.4,,,,,,,,,,,,,,,,,,,,,,,,,,,,,,,,,,,,,,,,,,,,,,,,,,,,,,,,,,,,,,,,,,,,,,,,,,,,,,,,,,,,,,,,,,,,,,,,,,,,,,,,,,,,,,,,,,,,,,,,,,,,,,,,,,,,,,,,,,,,,,,,,,,,,,
1895,12,302.0,42.0,,,,,,,,,,,,,,,,,,,,,,,,,,,,,,,,,,,,,,,,4.6,6.7,12.3,8.08,33,3.73,16,0.6,0.5,0.5,-2.51,1.8,8.7,2.49,33,5.32,16,0.6,0.5,0.5,-6.18,3.75,8.69,1.65,33,6.62,16,0.6,0.5,0.5,999.49,1008.8,1017.9,1010.63,23,10.04,18,0.5,0.5,0.5,,,,,,,,,,,,,,,,,,,,,,,,,,,,,,,,,,,,,,,,,,,,,,,,,,,,,,,,,,,,,,,,,,,,,,,,,,,,,,,,,,,,,,,,,,,,,,,,,,,,,,,,,,,,,,,,,,,,,,,,,,,,,,,,,,,,,,,,,,,,,,,,,,,,,,
1895,12,302.0,44.0,,,,,,,,,,,,,,,,,,,,,,,,,,,,,,,,,,,,,,,,5.56,11.05,15.4,10.58,48,4.18,24,0.5,0.7,0.5,-1.87,2.48,11.77,3.81,48,6.55,24,0.5,0.7,0.5,-12.55,-1.44,5.52,-2.4,48,8.26,24,0.5,0.7,0.5,1014.6,1020.4,1030.84,1022.67,3,12.06,22,0.7,0.6,0.3,,,,,,,,,,,,,,,,,,,,,,,,,,,,,,,,,,,,,,,,,,,,,,,,,,,,,,,,,,,,,,,,,,,,,,,,,,,,,,,,,,,,,,,,,,,,,,,,,,,,,,,,,,,,,,,,,,,,,,,,,,,,,,,,,,,,,,,,,,,,,,,,,,,,,,
1895,12,304.0,-58.0,,,,,,,,,,,,,,,,,,,,,,,,,,,,,,,,,,,,,,,,2.19,6.7,9.3,5.98,12,3.14,18,0.8,0.5,1.0,0.85,6.17,8.8,5.27,12,3.28,18,0.8,0.5,1.0,-2.67,0.0,2.62,0.24,12,2.75,18,0.8,0.5,1.0,1000.04,1001.1,1003.41,1000.69,16,3.74,18,0.8,0.5,1.0,,,,,,,,,,,,,,,,,,,,,,,,,,,,,,,,,,,,,,,,,,,,,,,,,,,,,,,,,,,,,,,,,,,,,,,,,,,,,,,,,,,,,,,,,,,,,,,,,,,,,,,,,,,,,,,,,,,,,,,,,,,,,,,,,,,,,,,,,,,,,,,,,,,,,,
1895,12,304.0,-56.0,,,,,,,,,,,,,,,,,,,,,,,,,,,,,,,,,,,,,,,,4.6,6.7,12.3,7.53,28,3.55,16,0.8,0.8,0.6,0.0,4.49,8.68,4.1,28,4.12,16,0.8,0.8,0.6,-8.13,-1.74,4.6,-1.68,28,5.83,16,0.8,0.8,0.6,988.26,996.9,1005.3,997.06,25,7.39,16,0.8,0.7,0.6,,,,,,,,,,,,,,,,,,,,,,,,,,,,,,,,,,,,,,,,,,,,,,,,,,,,,,,,,,,,,,,,,,,,,,,,,,,,,,,,,,,,,,,,,,,,,,,,,,,,,,,,,,,,,,,,,,,,,,,,,,,,,,,,,,,,,,,,,,,,,,,,,,,,,,
1895,12,304.0,-54.0,,,,,,,,,,,,,,,,,,,,,,,,,,,,,,,,,,,,,,,,4.6,9.3,12.3,8.4,37,4.59,16,0.6,0.8,0.7,-0.27,3.25,8.7,3.69,37,5.02,16,0.6,0.8,0.7,-8.87,-6.17,0.77,-4.69,37,5.64,16,0.6,0.8,0.7,990.3,995.3,1002.44,995.36,27,5.72,16,0.6,0.8,0.6,,,,,,,,,,,,,,,,,,,,,,,,,,,,,,,,,,,,,,,,,,,,,,,,,,,,,,,,,,,,,,,,,,,,,,,,,,,,,,,,,,,,,,,,,,,,,,,,,,,,,,,,,,,,,,,,,,,,,,,,,,,,,,,,,,,,,,,,,,,,,,,,,,,,,,
1895,12,304.0,-52.0,,,,,,,,,,,,,,,,,,,,,,,,,,,,,,,,,,,,,,,,9.18,12.3,12.45,11.09,7,2.85,18,0.9,0.9,0.7,6.26,8.7,12.45,8.61,7,4.8,18,0.9,0.9,0.7,-8.7,-6.58,0.0,-4.88,7,3.76,18,0.9,0.9,0.7,984.99,987.9,992.06,988.49,7,3.76,18,0.9,0.9,0.7,,,,,,,,,,,,,,,,,,,,,,,,,,,,,,,,,,,,,,,,,,,,,,,,,,,,,,,,,,,,,,,,,,,,,,,,,,,,,,,,,,,,,,,,,,,,,,,,,,,,,,,,,,,,,,,,,,,,,,,,,,,,,,,,,,,,,,,,,,,,,,,,,,,,,,
1895,12,304.0,-44.0,,,,,,,,,,,,,,,,,,,,,,,,,,,,,,,,,,,,,,,,1.35,12.3,19.0,10.85,15,8.02,22,0.4,0.8,0.9,1.19,8.7,15.58,7.86,15,6.4,22,0.4,0.8,0.9,-8.35,0.37,8.68,0.48,15,9.12,22,0.4,0.8,0.9,1001.74,1004.15,1010.83,1005.6,12,4.72,24,0.3,0.9,0.8,,,,,,,,,,,,,,,,,,,,,,,,,,,,,,,,,,,,,,,,,,,,,,,,,,,,,,,,,,,,,,,,,,,,,,,,,,,,,,,,,,,,,,,,,,,,,,,,,,,,,,,,,,,,,,,,,,,,,,,,,,,,,,,,,,,,,,,,,,,,,,,,,,,,,,
1895,12,304.0,-42.0,,,,,,,,,,,,,,,,,,,,,,,,,,,,,,,,,,,,,,,,4.6,6.7,19.0,9.79,43,7.23,10,0.4,0.7,0.7,1.54,4.81,13.68,7.04,43,5.56,10,0.4,0.7,0.7,-7.75,0.0,4.81,-0.34,43,8.28,10,0.4,0.7,0.7,999.31,1004.1,1008.4,1003.88,39,4.73,12,0.4,0.7,0.8,,,,,,,,,,,,,,,,,,,,,,,,,,,,,,,,,,,,,,,,,,,,,,,,,,,,,,,,,,,,,,,,,,,,,,,,,,,,,,,,,,,,,,,,,,,,,,,,,,,,,,,,,,,,,,,,,,,,,,,,,,,,,,,,,,,,,,,,,,,,,,,,,,,,,,
1895,12,304.0,-40.0,,,,,,,,,,,,,,,,,,,,,,,,,,,,,,,,,,,,,,,,2.12,5.65,9.3,5.44,18,3.56,12,0.7,0.8,0.6,-6.32,0.92,4.13,-0.18,18,4.89,12,0.7,0.8,0.6,-2.65,0.7,5.29,1.23,18,4.3,12,0.7,0.8,0.6,1000.42,1006.75,1010.29,1006.07,18,5.57,12,0.7,0.8,0.6,,,,,,,,,,,,,,,,,,,,,,,,,,,,,,,,,,,,,,,,,,,,,,,,,,,,,,,,,,,,,,,,,,,,,,,,,,,,,,,,,,,,,,,,,,,,,,,,,,,,,,,,,,,,,,,,,,,,,,,,,,,,,,,,,,,,,,,,,,,,,,,,,,,,,,
1895,12,304.0,-38.0,,,,,,,,,,,,,,,,,,,,,,,,,,,,,,,,,,,,,,,,10.25,12.3,14.42,12.33,3,3.05,26,0.0,1.0,0.5,-7.85,-6.02,-4.39,-6.12,3,2.53,26,0.0,1.0,0.5,8.6,8.7,12.44,10.48,3,3.2,26,0.0,1.0,0.5,1014.66,1015.0,1016.37,1015.5,3,1.32,26,0.0,1.0,0.5,,,,,,,,,,,,,,,,,,,,,,,,,,,,,,,,,,,,,,,,,,,,,,,,,,,,,,,,,,,,,,,,,,,,,,,,,,,,,,,,,,,,,,,,,,,,,,,,,,,,,,,,,,,,,,,,,,,,,,,,,,,,,,,,,,,,,,,,,,,,,,,,,,,,,,
1895,12,304.0,6.0,,,,,,,,,,,,,,,,,,,,,,,,,,,,,,,,,,,,,,,,4.5,6.7,6.7,5.51,7,1.62,18,0.6,0.5,0.3,-4.81,-4.74,-3.21,-4.33,7,1.22,18,0.6,0.5,0.3,-4.74,-3.25,1.05,-2.45,7,2.78,18,0.6,0.5,0.3,1006.0,1007.9,1011.36,1008.31,7,2.65,18,0.6,0.5,0.3,,,,,,,,,,,,,,,,,,,,,,,,,,,,,,,,,,,,,,,,,,,,,,,,,,,,,,,,,,,,,,,,,,,,,,,,,,,,,,,,,,,,,,,,,,,,,,,,,,,,,,,,,,,,,,,,,,,,,,,,,,,,,,,,,,,,,,,,,,,,,,,,,,,,,,
1895,12,304.0,20.0,,,,,,,,,,,,,,,,,,,,,,,,,,,,,,,,,,,,,,,,4.6,4.6,4.6,4.6,7,0.0,12,0.4,0.6,0.3,-4.6,-4.52,-4.23,-4.47,7,0.17,12,0.4,0.6,0.3,-0.04,0.0,1.8,0.51,7,1.01,12,0.4,0.6,0.3,1015.13,1016.6,1016.8,1016.02,5,1.08,14,0.4,0.6,0.3,,,,,,,,,,,,,,,,,,,,,,,,,,,,,,,,,,,,,,,,,,,,,,,,,,,,,,,,,,,,,,,,,,,,,,,,,,,,,,,,,,,,,,,,,,,,,,,,,,,,,,,,,,,,,,,,,,,,,,,,,,,,,,,,,,,,,,,,,,,,,,,,,,,,,,
1895,12,304.0,28.0,,,,,,,,,,,,,,,,,,,,,,,,,,,,,,,,,,,,,,,,9.3,9.3,11.35,10.3,3,1.73,6,0.7,0.8,0.5,-8.67,-8.62,-5.22,-6.98,3,2.9,6,0.7,0.8,0.5,5.1,8.56,8.65,6.91,3,2.97,6,0.7,0.8,0.5,1012.43,1012.5,1013.59,1013.0,3,0.95,6,0.7,0.8,0.5,,,,,,,,,,,,,,,,,,,,,,,,,,,,,,,,,,,,,,,,,,,,,,,,,,,,,,,,,,,,,,,,,,,,,,,,,,,,,,,,,,,,,,,,,,,,,,,,,,,,,,,,,,,,,,,,,,,,,,,,,,,,,,,,,,,,,,,,,,,,,,,,,,,,,,
1895,12,304.0,32.0,,,,,,,,,,,,,,,,,,,,,,,,,,,,,,,,,,,,,,,,19.0,19.0,19.0,19.0,4,0.0,28,0.8,0.5,0.3,-7.42,-7.42,-7.42,-7.42,4,0.0,28,0.8,0.5,0.3,-17.49,-17.49,-17.49,-17.49,4,0.0,28,0.8,0.5,0.3,1011.87,1012.6,1012.86,1012.38,4,0.82,28,0.8,0.5,0.3,,,,,,,,,,,,,,,,,,,,,,,,,,,,,,,,,,,,,,,,,,,,,,,,,,,,,,,,,,,,,,,,,,,,,,,,,,,,,,,,,,,,,,,,,,,,,,,,,,,,,,,,,,,,,,,,,,,,,,,,,,,,,,,,,,,,,,,,,,,,,,,,,,,,,,
1895,12,304.0,38.0,,,,,,,,,,,,,,,,,,,,,,,,,,,,,,,,,,,,,,,,9.18,9.3,12.3,10.21,7,2.16,22,0.1,0.8,0.1,3.46,3.63,4.99,4.16,7,2.56,22,0.1,0.8,0.1,-11.37,-8.56,-8.38,-8.96,7,2.42,22,0.1,0.8,0.1,1012.63,1012.9,1013.72,1013.17,3,0.83,30,0.0,0.8,0.2,,,,,,,,,,,,,,,,,,,,,,,,,,,,,,,,,,,,,,,,,,,,,,,,,,,,,,,,,,,,,,,,,,,,,,,,,,,,,,,,,,,,,,,,,,,,,,,,,,,,,,,,,,,,,,,,,,,,,,,,,,,,,,,,,,,,,,,,,,,,,,,,,,,,,,
1895,12,304.0,40.0,,,,,,,,,,,,,,,,,,,,,,,,,,,,,,,,,,,,,,,,9.99,15.4,19.0,15.31,11,5.53,14,0.6,0.8,0.2,7.54,13.44,17.62,12.46,11,4.67,14,0.6,0.8,0.2,-7.12,-2.51,8.03,-0.52,11,9.77,14,0.6,0.8,0.2,998.0,1006.0,1009.24,1004.55,11,5.8,14,0.6,0.8,0.2,,,,,,,,,,,,,,,,,,,,,,,,,,,,,,,,,,,,,,,,,,,,,,,,,,,,,,,,,,,,,,,,,,,,,,,,,,,,,,,,,,,,,,,,,,,,,,,,,,,,,,,,,,,,,,,,,,,,,,,,,,,,,,,,,,,,,,,,,,,,,,,,,,,,,,
1895,12,304.0,42.0,,,,,,,,,,,,,,,,,,,,,,,,,,,,,,,,,,,,,,,,6.7,9.3,11.75,9.09,15,3.32,16,0.3,0.5,0.5,-5.73,0.0,6.67,0.12,15,6.42,16,0.3,0.5,0.5,-4.43,0.0,9.53,2.17,15,7.31,16,0.3,0.5,0.5,1003.47,1008.0,1017.38,1010.25,8,8.16,20,0.5,0.6,0.4,,,,,,,,,,,,,,,,,,,,,,,,,,,,,,,,,,,,,,,,,,,,,,,,,,,,,,,,,,,,,,,,,,,,,,,,,,,,,,,,,,,,,,,,,,,,,,,,,,,,,,,,,,,,,,,,,,,,,,,,,,,,,,,,,,,,,,,,,,,,,,,,,,,,,,
1895,12,304.0,44.0,,,,,,,,,,,,,,,,,,,,,,,,,,,,,,,,,,,,,,,,4.6,9.8,15.4,9.9,35,4.99,22,0.6,0.4,0.3,-4.18,3.75,14.18,4.65,35,7.68,22,0.6,0.4,0.3,-8.59,-1.84,6.58,-1.04,35,6.58,22,0.6,0.4,0.3,1014.37,1016.2,1024.98,1018.63,12,6.05,18,0.8,0.5,0.3,,,,,,,,,,,,,,,,,,,,,,,,,,,,,,,,,,,,,,,,,,,,,,,,,,,,,,,,,,,,,,,,,,,,,,,,,,,,,,,,,,,,,,,,,,,,,,,,,,,,,,,,,,,,,,,,,,,,,,,,,,,,,,,,,,,,,,,,,,,,,,,,,,,,,,
1895,12,306.0,-56.0,,,,,,,,,,,,,,,,,,,,,,,,,,,,,,,,,,,,,,,,6.7,10.8,12.3,9.56,8,3.19,14,0.9,0.6,1.0,-8.7,-4.05,4.57,-2.68,8,6.07,14,0.9,0.6,1.0,-8.7,-8.66,-4.74,-7.36,8,2.78,14,0.9,0.6,1.0,993.01,993.8,994.66,993.93,8,1.14,12,0.9,0.8,1.0,,,,,,,,,,,,,,,,,,,,,,,,,,,,,,,,,,,,,,,,,,,,,,,,,,,,,,,,,,,,,,,,,,,,,,,,,,,,,,,,,,,,,,,,,,,,,,,,,,,,,,,,,,,,,,,,,,,,,,,,,,,,,,,,,,,,,,,,,,,,,,,,,,,,,,
1895,12,306.0,-54.0,,,,,,,,,,,,,,,,,,,,,,,,,,,,,,,,,,,,,,,,4.6,6.7,12.3,7.96,33,3.9,16,0.6,0.8,0.7,-8.41,0.0,3.6,-1.33,33,5.35,16,0.6,0.8,0.7,-10.89,-4.81,-2.6,-5.68,33,4.11,16,0.6,0.8,0.7,993.57,995.0,1001.66,996.68,37,4.01,14,0.6,0.7,0.7,,,,,,,,,,,,,,,,,,,,,,,,,,,,,,,,,,,,,,,,,,,,,,,,,,,,,,,,,,,,,,,,,,,,,,,,,,,,,,,,,,,,,,,,,,,,,,,,,,,,,,,,,,,,,,,,,,,,,,,,,,,,,,,,,,,,,,,,,,,,,,,,,,,,,,
1895,12,306.0,-52.0,,,,,,,,,,,,,,,,,,,,,,,,,,,,,,,,,,,,,,,,4.6,6.7,12.3,8.16,32,4.21,18,0.6,0.8,0.7,-3.36,2.94,8.7,2.52,32,5.56,18,0.6,0.8,0.7,-8.7,-4.44,2.79,-3.46,32,6.05,18,0.6,0.8,0.7,991.51,996.55,1000.08,995.67,20,4.35,18,0.6,0.7,0.8,,,,,,,,,,,,,,,,,,,,,,,,,,,,,,,,,,,,,,,,,,,,,,,,,,,,,,,,,,,,,,,,,,,,,,,,,,,,,,,,,,,,,,,,,,,,,,,,,,,,,,,,,,,,,,,,,,,,,,,,,,,,,,,,,,,,,,,,,,,,,,,,,,,,,,
1895,12,306.0,-50.0,,,,,,,,,,,,,,,,,,,,,,,,,,,,,,,,,,,,,,,,1.76,4.65,6.7,4.25,4,2.9,20,0.8,1.0,0.5,-1.7,0.85,2.62,0.47,4,2.55,20,0.8,1.0,0.5,-6.17,-2.9,0.69,-2.75,4,3.96,20,0.8,1.0,0.5,996.54,999.05,1001.71,999.13,4,3.92,20,0.8,1.0,0.5,,,,,,,,,,,,,,,,,,,,,,,,,,,,,,,,,,,,,,,,,,,,,,,,,,,,,,,,,,,,,,,,,,,,,,,,,,,,,,,,,,,,,,,,,,,,,,,,,,,,,,,,,,,,,,,,,,,,,,,,,,,,,,,,,,,,,,,,,,,,,,,,,,,,,,
1895,12,306.0,-44.0,,,,,,,,,,,,,,,,,,,,,,,,,,,,,,,,,,,,,,,,12.79,13.85,14.91,13.85,2,2.19,30,1.0,0.5,1.0,4.79,5.19,5.58,5.19,2,0.82,30,1.0,0.5,1.0,11.86,12.84,13.82,12.84,2,2.03,30,1.0,0.5,1.0,1007.5,1008.8,1010.1,1008.8,2,2.69,30,1.0,0.5,1.0,,,,,,,,,,,,,,,,,,,,,,,,,,,,,,,,,,,,,,,,,,,,,,,,,,,,,,,,,,,,,,,,,,,,,,,,,,,,,,,,,,,,,,,,,,,,,,,,,,,,,,,,,,,,,,,,,,,,,,,,,,,,,,,,,,,,,,,,,,,,,,,,,,,,,,
1895,12,306.0,-42.0,,,,,,,,,,,,,,,,,,,,,,,,,,,,,,,,,,,,,,,,3.9,6.7,8.47,6.2,3,3.38,16,0.7,0.5,1.0,3.62,6.21,7.86,5.75,3,3.13,16,0.7,0.5,1.0,-3.17,-2.51,-1.46,-2.32,3,1.27,16,0.7,0.5,1.0,1008.3,1008.3,1008.3,1008.3,1,0.0,4,1.0,0.5,1.0,,,,,,,,,,,,,,,,,,,,,,,,,,,,,,,,,,,,,,,,,,,,,,,,,,,,,,,,,,,,,,,,,,,,,,,,,,,,,,,,,,,,,,,,,,,,,,,,,,,,,,,,,,,,,,,,,,,,,,,,,,,,,,,,,,,,,,,,,,,,,,,,,,,,,,
1895,12,306.0,-40.0,,,,,,,,,,,,,,,,,,,,,,,,,,,,,,,,,,,,,,,,4.6,6.7,11.3,6.96,22,3.46,12,0.5,0.6,0.6,-4.69,2.94,6.44,1.24,22,6.12,12,0.5,0.6,0.6,-3.25,0.0,4.24,0.12,22,4.86,12,0.5,0.6,0.6,1003.51,1010.65,1012.29,1009.11,14,4.64,10,0.5,0.7,0.8,,,,,,,,,,,,,,,,,,,,,,,,,,,,,,,,,,,,,,,,,,,,,,,,,,,,,,,,,,,,,,,,,,,,,,,,,,,,,,,,,,,,,,,,,,,,,,,,,,,,,,,,,,,,,,,,,,,,,,,,,,,,,,,,,,,,,,,,,,,,,,,,,,,,,,
1895,12,306.0,-38.0,,,,,,,,,,,,,,,,,,,,,,,,,,,,,,,,,,,,,,,,1.0,6.7,14.71,7.26,15,5.62,16,0.5,0.9,0.6,-8.03,-3.25,4.84,-1.95,15,5.73,16,0.5,0.9,0.6,-3.41,0.0,7.43,-0.1,15,7.15,16,0.5,0.9,0.6,1004.77,1013.5,1016.08,1011.53,15,5.51,16,0.5,0.9,0.6,,,,,,,,,,,,,,,,,,,,,,,,,,,,,,,,,,,,,,,,,,,,,,,,,,,,,,,,,,,,,,,,,,,,,,,,,,,,,,,,,,,,,,,,,,,,,,,,,,,,,,,,,,,,,,,,,,,,,,,,,,,,,,,,,,,,,,,,,,,,,,,,,,,,,,
1895,12,306.0,-36.0,,,,,,,,,,,,,,,,,,,,,,,,,,,,,,,,,,,,,,,,1.0,1.0,5.37,2.86,5,2.65,16,0.6,0.8,0.6,-0.79,-0.71,3.41,1.13,5,3.05,16,0.6,0.8,0.6,-1.37,-0.71,1.31,-0.01,5,2.52,16,0.6,0.8,0.6,1009.99,1010.6,1011.49,1010.73,3,1.11,26,0.3,1.0,0.5,,,,,,,,,,,,,,,,,,,,,,,,,,,,,,,,,,,,,,,,,,,,,,,,,,,,,,,,,,,,,,,,,,,,,,,,,,,,,,,,,,,,,,,,,,,,,,,,,,,,,,,,,,,,,,,,,,,,,,,,,,,,,,,,,,,,,,,,,,,,,,,,,,,,,,
1895,12,306.0,6.0,,,,,,,,,,,,,,,,,,,,,,,,,,,,,,,,,,,,,,,,5.35,6.95,8.55,6.95,2,3.32,16,0.0,0.3,0.8,-8.5,-6.78,-5.06,-6.78,2,3.56,16,0.0,0.3,0.8,-1.45,-0.86,-0.27,-0.86,2,1.22,16,0.0,0.3,0.8,1006.79,1009.35,1011.91,1009.35,2,5.3,16,0.0,0.3,0.8,,,,,,,,,,,,,,,,,,,,,,,,,,,,,,,,,,,,,,,,,,,,,,,,,,,,,,,,,,,,,,,,,,,,,,,,,,,,,,,,,,,,,,,,,,,,,,,,,,,,,,,,,,,,,,,,,,,,,,,,,,,,,,,,,,,,,,,,,,,,,,,,,,,,,,
1895,12,306.0,8.0,,,,,,,,,,,,,,,,,,,,,,,,,,,,,,,,,,,,,,,,4.6,9.3,9.44,7.71,7,3.1,16,0.6,0.4,0.5,-9.4,-9.3,-4.58,-7.53,7,2.96,16,0.6,0.4,0.5,-0.22,0.0,0.09,-0.4,7,1.97,16,0.6,0.4,0.5,1006.38,1012.8,1014.7,1010.56,7,4.11,16,0.6,0.4,0.5,,,,,,,,,,,,,,,,,,,,,,,,,,,,,,,,,,,,,,,,,,,,,,,,,,,,,,,,,,,,,,,,,,,,,,,,,,,,,,,,,,,,,,,,,,,,,,,,,,,,,,,,,,,,,,,,,,,,,,,,,,,,,,,,,,,,,,,,,,,,,,,,,,,,,,
1895,12,306.0,10.0,,,,,,,,,,,,,,,,,,,,,,,,,,,,,,,,,,,,,,,,4.6,4.6,4.6,4.6,2,0.0,18,1.0,0.8,0.3,-4.6,-4.6,-4.6,-4.6,2,0.0,18,1.0,0.8,0.3,0.0,0.0,0.0,0.0,2,0.0,18,1.0,0.8,0.3,1006.5,1006.5,1006.5,1006.5,1,0.0,18,1.0,0.8,0.3,,,,,,,,,,,,,,,,,,,,,,,,,,,,,,,,,,,,,,,,,,,,,,,,,,,,,,,,,,,,,,,,,,,,,,,,,,,,,,,,,,,,,,,,,,,,,,,,,,,,,,,,,,,,,,,,,,,,,,,,,,,,,,,,,,,,,,,,,,,,,,,,,,,,,,
1895,12,306.0,20.0,,,,,,,,,,,,,,,,,,,,,,,,,,,,,,,,,,,,,,,,2.6,4.6,4.6,4.05,11,0.93,10,0.5,0.5,0.3,-4.4,-3.25,-2.39,-3.54,11,0.9,10,0.5,0.5,0.3,-3.25,-1.72,1.02,-1.08,11,1.76,10,0.5,0.5,0.3,1016.8,1018.2,1018.4,1017.72,5,0.84,12,0.6,0.6,0.3,,,,,,,,,,,,,,,,,,,,,,,,,,,,,,,,,,,,,,,,,,,,,,,,,,,,,,,,,,,,,,,,,,,,,,,,,,,,,,,,,,,,,,,,,,,,,,,,,,,,,,,,,,,,,,,,,,,,,,,,,,,,,,,,,,,,,,,,,,,,,,,,,,,,,,
1895,12,306.0,28.0,,,,,,,,,,,,,,,,,,,,,,,,,,,,,,,,,,,,,,,,9.78,10.8,11.82,10.8,2,2.12,6,0.5,0.8,0.5,-11.72,-10.46,-9.21,-10.46,2,2.6,6,0.5,0.8,0.5,0.55,1.74,2.93,1.74,2,2.46,6,0.5,0.8,0.5,1014.95,1015.05,1015.15,1015.05,2,0.21,6,0.5,0.8,0.5,,,,,,,,,,,,,,,,,,,,,,,,,,,,,,,,,,,,,,,,,,,,,,,,,,,,,,,,,,,,,,,,,,,,,,,,,,,,,,,,,,,,,,,,,,,,,,,,,,,,,,,,,,,,,,,,,,,,,,,,,,,,,,,,,,,,,,,,,,,,,,,,,,,,,,
1895,12,306.0,32.0,,,,,,,,,,,,,,,,,,,,,,,,,,,,,,,,,,,,,,,,13.28,15.4,15.4,14.37,3,1.79,28,0.3,0.5,0.2,-6.02,-6.02,-5.19,-5.61,3,0.7,28,0.3,0.5,0.2,-14.18,-14.18,-12.23,-13.22,3,1.65,28,0.3,0.5,0.2,1013.53,1013.6,1015.65,1014.57,3,1.76,28,0.3,0.5,0.2,,,,,,,,,,,,,,,,,,,,,,,,,,,,,,,,,,,,,,,,,,,,,,,,,,,,,,,,,,,,,,,,,,,,,,,,,,,,,,,,,,,,,,,,,,,,,,,,,,,,,,,,,,,,,,,,,,,,,,,,,,,,,,,,,,,,,,,,,,,,,,,,,,,,,,
1895,12,306.0,38.0,,,,,,,,,,,,,,,,,,,,,,,,,,,,,,,,,,,,,,,,9.3,12.3,21.8,14.66,8,6.64,22,0.8,0.8,0.2,-5.64,1.55,8.46,1.25,8,7.54,22,0.8,0.8,0.2,-20.21,-10.05,-6.8,-12.72,8,6.8,22,0.8,0.8,0.2,1016.5,1016.7,1016.77,1016.63,3,0.21,30,1.0,0.8,0.5,,,,,,,,,,,,,,,,,,,,,,,,,,,,,,,,,,,,,,,,,,,,,,,,,,,,,,,,,,,,,,,,,,,,,,,,,,,,,,,,,,,,,,,,,,,,,,,,,,,,,,,,,,,,,,,,,,,,,,,,,,,,,,,,,,,,,,,,,,,,,,,,,,,,,,
1895,12,306.0,40.0,,,,,,,,,,,,,,,,,,,,,,,,,,,,,,,,,,,,,,,,4.41,6.7,22.6,9.97,13,8.53,12,0.5,0.8,0.1,0.0,2.39,9.51,4.32,13,7.0,12,0.5,0.8,0.1,-16.26,-4.6,0.1,-6.79,13,7.83,12,0.5,0.8,0.1,994.81,1011.0,1022.19,1011.15,13,11.65,12,0.5,0.8,0.1,,,,,,,,,,,,,,,,,,,,,,,,,,,,,,,,,,,,,,,,,,,,,,,,,,,,,,,,,,,,,,,,,,,,,,,,,,,,,,,,,,,,,,,,,,,,,,,,,,,,,,,,,,,,,,,,,,,,,,,,,,,,,,,,,,,,,,,,,,,,,,,,,,,,,,
1895,12,306.0,42.0,,,,,,,,,,,,,,,,,,,,,,,,,,,,,,,,,,,,,,,,6.7,9.8,11.85,9.68,5,3.55,18,0.8,0.5,0.3,-1.3,6.17,9.02,3.22,5,9.89,18,0.8,0.5,0.3,-3.83,-2.62,0.44,-1.43,5,4.07,18,0.8,0.5,0.3,1000.99,1007.0,1014.51,1007.73,3,9.92,18,0.7,0.6,0.3,,,,,,,,,,,,,,,,,,,,,,,,,,,,,,,,,,,,,,,,,,,,,,,,,,,,,,,,,,,,,,,,,,,,,,,,,,,,,,,,,,,,,,,,,,,,,,,,,,,,,,,,,,,,,,,,,,,,,,,,,,,,,,,,,,,,,,,,,,,,,,,,,,,,,,
1895,12,306.0,44.0,,,,,,,,,,,,,,,,,,,,,,,,,,,,,,,,,,,,,,,,3.27,8.0,11.47,7.44,22,4.2,18,0.4,0.5,0.4,-5.61,0.0,7.49,-0.19,22,5.67,18,0.4,0.5,0.4,-7.76,0.0,6.44,-1.12,22,6.5,18,0.4,0.5,0.4,1010.11,1014.3,1027.31,1016.66,13,10.1,20,0.4,0.5,0.4,,,,,,,,,,,,,,,,,,,,,,,,,,,,,,,,,,,,,,,,,,,,,,,,,,,,,,,,,,,,,,,,,,,,,,,,,,,,,,,,,,,,,,,,,,,,,,,,,,,,,,,,,,,,,,,,,,,,,,,,,,,,,,,,,,,,,,,,,,,,,,,,,,,,,,
1895,12,308.0,-54.0,,,,,,,,,,,,,,,,,,,,,,,,,,,,,,,,,,,,,,,,2.6,6.7,9.3,6.32,23,3.35,14,0.8,0.7,0.9,-2.06,1.84,7.62,2.02,23,4.73,14,0.8,0.7,0.9,-6.58,-3.48,-0.97,-4.03,23,3.04,14,0.8,0.7,0.9,992.3,994.6,1006.01,997.2,20,6.06,14,0.8,0.6,0.9,,,,,,,,,,,,,,,,,,,,,,,,,,,,,,,,,,,,,,,,,,,,,,,,,,,,,,,,,,,,,,,,,,,,,,,,,,,,,,,,,,,,,,,,,,,,,,,,,,,,,,,,,,,,,,,,,,,,,,,,,,,,,,,,,,,,,,,,,,,,,,,,,,,,,,
1895,12,308.0,-52.0,,,,,,,,,,,,,,,,,,,,,,,,,,,,,,,,,,,,,,,,1.0,4.6,9.3,5.86,27,5.09,18,0.7,0.9,0.7,0.05,3.25,6.35,4.19,27,4.85,18,0.7,0.9,0.7,-6.52,-0.92,0.0,-2.15,27,3.88,18,0.7,0.9,0.7,997.12,1001.1,1006.15,1001.55,17,3.95,16,0.6,1.0,0.6,,,,,,,,,,,,,,,,,,,,,,,,,,,,,,,,,,,,,,,,,,,,,,,,,,,,,,,,,,,,,,,,,,,,,,,,,,,,,,,,,,,,,,,,,,,,,,,,,,,,,,,,,,,,,,,,,,,,,,,,,,,,,,,,,,,,,,,,,,,,,,,,,,,,,,
1895,12,308.0,-50.0,,,,,,,,,,,,,,,,,,,,,,,,,,,,,,,,,,,,,,,,1.0,2.6,11.33,5.4,21,5.05,20,0.6,0.8,0.7,0.12,2.41,10.59,4.02,21,5.12,20,0.6,0.8,0.7,-5.77,-1.84,0.0,-2.23,21,2.8,20,0.6,0.8,0.7,1004.55,1007.6,1009.67,1007.36,16,2.37,20,0.6,0.7,0.8,,,,,,,,,,,,,,,,,,,,,,,,,,,,,,,,,,,,,,,,,,,,,,,,,,,,,,,,,,,,,,,,,,,,,,,,,,,,,,,,,,,,,,,,,,,,,,,,,,,,,,,,,,,,,,,,,,,,,,,,,,,,,,,,,,,,,,,,,,,,,,,,,,,,,,
1895,12,308.0,-48.0,,,,,,,,,,,,,,,,,,,,,,,,,,,,,,,,,,,,,,,,4.6,4.6,4.6,4.6,2,0.0,22,0.5,1.0,0.5,1.97,2.49,3.01,2.49,2,1.08,22,0.5,1.0,0.5,-2.06,0.51,3.07,0.51,2,5.32,22,0.5,1.0,0.5,1003.35,1003.9,1004.45,1003.9,2,1.13,22,0.5,1.0,0.5,,,,,,,,,,,,,,,,,,,,,,,,,,,,,,,,,,,,,,,,,,,,,,,,,,,,,,,,,,,,,,,,,,,,,,,,,,,,,,,,,,,,,,,,,,,,,,,,,,,,,,,,,,,,,,,,,,,,,,,,,,,,,,,,,,,,,,,,,,,,,,,,,,,,,,
1895,12,308.0,-40.0,,,,,,,,,,,,,,,,,,,,,,,,,,,,,,,,,,,,,,,,4.6,6.7,9.92,7.37,6,2.98,6,0.5,0.8,0.9,-6.66,-4.49,-2.58,-4.49,6,2.87,6,0.5,0.8,0.9,-6.3,-3.44,-2.45,-4.72,6,3.84,6,0.5,0.8,0.9,1013.45,1014.5,1016.07,1014.76,5,1.51,2,0.6,0.8,0.9,,,,,,,,,,,,,,,,,,,,,,,,,,,,,,,,,,,,,,,,,,,,,,,,,,,,,,,,,,,,,,,,,,,,,,,,,,,,,,,,,,,,,,,,,,,,,,,,,,,,,,,,,,,,,,,,,,,,,,,,,,,,,,,,,,,,,,,,,,,,,,,,,,,,,,
1895,12,308.0,-38.0,,,,,,,,,,,,,,,,,,,,,,,,,,,,,,,,,,,,,,,,6.7,10.8,15.4,11.15,26,4.73,16,0.4,0.6,0.7,-6.22,3.68,12.3,2.88,26,9.0,16,0.4,0.6,0.7,-6.37,0.0,8.64,0.55,26,7.85,16,0.4,0.6,0.7,1002.93,1008.5,1014.0,1009.0,24,4.8,18,0.4,0.7,0.8,,,,,,,,,,,,,,,,,,,,,,,,,,,,,,,,,,,,,,,,,,,,,,,,,,,,,,,,,,,,,,,,,,,,,,,,,,,,,,,,,,,,,,,,,,,,,,,,,,,,,,,,,,,,,,,,,,,,,,,,,,,,,,,,,,,,,,,,,,,,,,,,,,,,,,
1895,12,308.0,-36.0,,,,,,,,,,,,,,,,,,,,,,,,,,,,,,,,,,,,,,,,4.6,6.7,9.3,6.77,23,2.12,16,0.5,0.9,0.6,-4.74,-2.62,0.88,-1.7,23,3.8,16,0.5,0.9,0.6,-7.68,-4.74,2.15,-3.46,23,4.73,16,0.5,0.9,0.6,1010.3,1012.35,1014.37,1012.11,22,3.5,14,0.5,0.9,0.6,,,,,,,,,,,,,,,,,,,,,,,,,,,,,,,,,,,,,,,,,,,,,,,,,,,,,,,,,,,,,,,,,,,,,,,,,,,,,,,,,,,,,,,,,,,,,,,,,,,,,,,,,,,,,,,,,,,,,,,,,,,,,,,,,,,,,,,,,,,,,,,,,,,,,,
1895,12,308.0,10.0,,,,,,,,,,,,,,,,,,,,,,,,,,,,,,,,,,,,,,,,5.93,9.3,10.4,8.44,5,2.92,16,0.0,0.3,0.6,-9.64,-8.62,-5.93,-7.99,5,2.53,16,0.0,0.3,0.6,-3.89,-3.48,0.0,-2.32,5,2.16,16,0.0,0.3,0.6,1010.74,1014.35,1014.6,1012.75,4,3.44,16,0.0,0.3,0.6,,,,,,,,,,,,,,,,,,,,,,,,,,,,,,,,,,,,,,,,,,,,,,,,,,,,,,,,,,,,,,,,,,,,,,,,,,,,,,,,,,,,,,,,,,,,,,,,,,,,,,,,,,,,,,,,,,,,,,,,,,,,,,,,,,,,,,,,,,,,,,,,,,,,,,
1895,12,308.0,12.0,,,,,,,,,,,,,,,,,,,,,,,,,,,,,,,,,,,,,,,,5.6,6.7,6.7,6.18,4,1.05,16,0.8,0.8,0.3,-6.47,-6.19,-5.15,-5.83,4,1.09,16,0.8,0.8,0.3,-1.31,0.9,2.23,0.48,4,2.27,16,0.8,0.8,0.3,1007.64,1011.05,1015.04,1011.33,4,4.3,16,0.8,0.8,0.3,,,,,,,,,,,,,,,,,,,,,,,,,,,,,,,,,,,,,,,,,,,,,,,,,,,,,,,,,,,,,,,,,,,,,,,,,,,,,,,,,,,,,,,,,,,,,,,,,,,,,,,,,,,,,,,,,,,,,,,,,,,,,,,,,,,,,,,,,,,,,,,,,,,,,,
1895,12,308.0,20.0,,,,,,,,,,,,,,,,,,,,,,,,,,,,,,,,,,,,,,,,2.6,4.6,6.7,4.45,11,1.7,10,0.5,0.5,0.4,-4.74,-4.23,-2.51,-3.79,11,1.16,10,0.5,0.5,0.4,-4.16,0.0,1.02,-1.15,11,2.45,10,0.5,0.5,0.4,1015.6,1015.7,1016.05,1015.9,6,0.55,12,0.5,0.5,0.3,,,,,,,,,,,,,,,,,,,,,,,,,,,,,,,,,,,,,,,,,,,,,,,,,,,,,,,,,,,,,,,,,,,,,,,,,,,,,,,,,,,,,,,,,,,,,,,,,,,,,,,,,,,,,,,,,,,,,,,,,,,,,,,,,,,,,,,,,,,,,,,,,,,,,,
1895,12,308.0,30.0,,,,,,,,,,,,,,,,,,,,,,,,,,,,,,,,,,,,,,,,6.7,9.3,11.49,9.1,9,2.18,18,0.4,0.6,0.4,-11.29,-3.63,6.17,-3.01,9,8.19,18,0.4,0.6,0.4,-5.48,-3.63,-0.71,-3.43,9,2.71,18,0.4,0.6,0.4,1015.1,1017.4,1020.51,1017.57,9,2.59,18,0.4,0.6,0.4,,,,,,,,,,,,,,,,,,,,,,,,,,,,,,,,,,,,,,,,,,,,,,,,,,,,,,,,,,,,,,,,,,,,,,,,,,,,,,,,,,,,,,,,,,,,,,,,,,,,,,,,,,,,,,,,,,,,,,,,,,,,,,,,,,,,,,,,,,,,,,,,,,,,,,
1895,12,308.0,38.0,,,,,,,,,,,,,,,,,,,,,,,,,,,,,,,,,,,,,,,,9.3,9.3,9.3,9.3,4,0.0,22,0.5,0.6,0.1,5.03,6.58,6.58,5.84,4,1.47,22,0.5,0.6,0.1,-7.62,-6.58,-6.58,-7.07,4,0.99,22,0.5,0.6,0.1,1018.4,1018.4,1018.4,1018.4,1,0.0,30,0.0,0.5,0.5,,,,,,,,,,,,,,,,,,,,,,,,,,,,,,,,,,,,,,,,,,,,,,,,,,,,,,,,,,,,,,,,,,,,,,,,,,,,,,,,,,,,,,,,,,,,,,,,,,,,,,,,,,,,,,,,,,,,,,,,,,,,,,,,,,,,,,,,,,,,,,,,,,,,,,
1895,12,308.0,40.0,,,,,,,,,,,,,,,,,,,,,,,,,,,,,,,,,,,,,,,,4.6,9.3,26.8,13.62,28,10.42,20,0.3,0.7,0.3,0.0,2.56,18.95,6.46,28,8.69,20,0.3,0.7,0.3,-18.95,-6.19,6.2,-6.83,28,11.57,20,0.3,0.7,0.3,993.28,1008.5,1024.0,1010.07,28,12.63,20,0.3,0.7,0.3,,,,,,,,,,,,,,,,,,,,,,,,,,,,,,,,,,,,,,,,,,,,,,,,,,,,,,,,,,,,,,,,,,,,,,,,,,,,,,,,,,,,,,,,,,,,,,,,,,,,,,,,,,,,,,,,,,,,,,,,,,,,,,,,,,,,,,,,,,,,,,,,,,,,,,
1895,12,308.0,42.0,,,,,,,,,,,,,,,,,,,,,,,,,,,,,,,,,,,,,,,,3.77,9.3,19.0,11.03,11,6.83,14,0.4,0.9,0.2,-6.6,0.0,7.7,0.99,11,9.15,14,0.4,0.9,0.2,-4.46,0.0,15.54,2.93,11,9.28,14,0.4,0.9,0.2,997.73,1018.5,1025.25,1012.5,12,13.57,14,0.3,0.9,0.3,,,,,,,,,,,,,,,,,,,,,,,,,,,,,,,,,,,,,,,,,,,,,,,,,,,,,,,,,,,,,,,,,,,,,,,,,,,,,,,,,,,,,,,,,,,,,,,,,,,,,,,,,,,,,,,,,,,,,,,,,,,,,,,,,,,,,,,,,,,,,,,,,,,,,,
1895,12,308.0,44.0,,,,,,,,,,,,,,,,,,,,,,,,,,,,,,,,,,,,,,,,2.55,6.7,12.3,7.43,26,5.31,16,0.4,0.5,0.6,-3.26,0.0,6.19,0.92,26,4.33,16,0.4,0.5,0.6,-9.37,0.0,6.98,-0.99,26,8.07,16,0.4,0.5,0.6,999.39,1014.25,1030.0,1013.65,16,15.03,18,0.3,0.5,0.6,,,,,,,,,,,,,,,,,,,,,,,,,,,,,,,,,,,,,,,,,,,,,,,,,,,,,,,,,,,,,,,,,,,,,,,,,,,,,,,,,,,,,,,,,,,,,,,,,,,,,,,,,,,,,,,,,,,,,,,,,,,,,,,,,,,,,,,,,,,,,,,,,,,,,,
1895,12,310.0,-54.0,,,,,,,,,,,,,,,,,,,,,,,,,,,,,,,,,,,,,,,,2.6,6.7,6.7,5.43,9,3.53,16,0.8,0.7,1.0,-2.1,2.41,6.57,2.02,9,4.24,16,0.8,0.7,1.0,-5.21,-1.72,0.0,-2.8,9,3.77,16,0.8,0.7,1.0,992.06,994.5,996.37,994.37,6,2.31,14,0.8,0.8,1.0,,,,,,,,,,,,,,,,,,,,,,,,,,,,,,,,,,,,,,,,,,,,,,,,,,,,,,,,,,,,,,,,,,,,,,,,,,,,,,,,,,,,,,,,,,,,,,,,,,,,,,,,,,,,,,,,,,,,,,,,,,,,,,,,,,,,,,,,,,,,,,,,,,,,,,
1895,12,310.0,-52.0,,,,,,,,,,,,,,,,,,,,,,,,,,,,,,,,,,,,,,,,2.6,4.6,6.7,4.98,36,2.1,16,0.7,0.8,0.8,0.0,2.51,4.74,2.93,36,2.62,16,0.7,0.8,0.8,-4.6,-1.11,2.47,-1.2,36,3.56,16,0.7,0.8,0.8,998.48,1003.85,1010.51,1004.47,32,5.63,16,0.7,0.8,0.8,,,,,,,,,,,,,,,,,,,,,,,,,,,,,,,,,,,,,,,,,,,,,,,,,,,,,,,,,,,,,,,,,,,,,,,,,,,,,,,,,,,,,,,,,,,,,,,,,,,,,,,,,,,,,,,,,,,,,,,,,,,,,,,,,,,,,,,,,,,,,,,,,,,,,,
1895,12,310.0,-50.0,,,,,,,,,,,,,,,,,,,,,,,,,,,,,,,,,,,,,,,,2.6,4.6,10.21,5.54,18,3.85,20,0.6,0.8,0.7,0.27,2.51,5.89,3.04,18,3.68,20,0.6,0.8,0.7,-6.17,-1.43,1.81,-1.97,18,4.46,20,0.6,0.8,0.7,996.1,998.7,1000.44,998.31,7,2.42,20,0.4,0.9,0.6,,,,,,,,,,,,,,,,,,,,,,,,,,,,,,,,,,,,,,,,,,,,,,,,,,,,,,,,,,,,,,,,,,,,,,,,,,,,,,,,,,,,,,,,,,,,,,,,,,,,,,,,,,,,,,,,,,,,,,,,,,,,,,,,,,,,,,,,,,,,,,,,,,,,,,
1895,12,310.0,-48.0,,,,,,,,,,,,,,,,,,,,,,,,,,,,,,,,,,,,,,,,4.6,8.0,12.3,7.79,14,3.92,22,0.7,0.8,0.7,1.77,4.11,8.7,5.26,14,3.94,22,0.7,0.8,0.7,-4.61,1.63,6.55,0.73,14,5.89,22,0.7,0.8,0.7,1001.99,1007.4,1012.5,1007.0,13,5.17,22,0.7,0.7,0.7,,,,,,,,,,,,,,,,,,,,,,,,,,,,,,,,,,,,,,,,,,,,,,,,,,,,,,,,,,,,,,,,,,,,,,,,,,,,,,,,,,,,,,,,,,,,,,,,,,,,,,,,,,,,,,,,,,,,,,,,,,,,,,,,,,,,,,,,,,,,,,,,,,,,,,
1895,12,310.0,-40.0,,,,,,,,,,,,,,,,,,,,,,,,,,,,,,,,,,,,,,,,2.82,5.65,15.06,8.03,8,5.49,30,0.6,0.4,0.9,2.52,3.93,10.19,5.78,8,4.78,30,0.6,0.4,0.9,-0.9,0.0,10.37,3.03,8,5.67,30,0.6,0.4,0.9,1011.2,1013.6,1016.6,1013.47,6,3.07,30,0.5,0.5,1.0,,,,,,,,,,,,,,,,,,,,,,,,,,,,,,,,,,,,,,,,,,,,,,,,,,,,,,,,,,,,,,,,,,,,,,,,,,,,,,,,,,,,,,,,,,,,,,,,,,,,,,,,,,,,,,,,,,,,,,,,,,,,,,,,,,,,,,,,,,,,,,,,,,,,,,
1895,12,310.0,-38.0,,,,,,,,,,,,,,,,,,,,,,,,,,,,,,,,,,,,,,,,1.0,4.6,12.3,6.32,23,5.09,10,0.5,0.8,0.7,0.0,0.0,4.81,1.05,23,4.36,10,0.5,0.8,0.7,-9.05,0.0,5.61,-0.76,23,6.85,10,0.5,0.8,0.7,1011.27,1013.4,1015.92,1013.28,13,2.51,6,0.5,0.7,0.5,,,,,,,,,,,,,,,,,,,,,,,,,,,,,,,,,,,,,,,,,,,,,,,,,,,,,,,,,,,,,,,,,,,,,,,,,,,,,,,,,,,,,,,,,,,,,,,,,,,,,,,,,,,,,,,,,,,,,,,,,,,,,,,,,,,,,,,,,,,,,,,,,,,,,,
1895,12,310.0,-36.0,,,,,,,,,,,,,,,,,,,,,,,,,,,,,,,,,,,,,,,,4.09,8.0,12.3,7.92,12,4.55,22,0.5,0.6,0.9,-8.7,-1.8,2.58,-2.41,12,5.12,22,0.5,0.6,0.9,-8.85,-5.66,2.36,-4.35,12,6.0,22,0.5,0.6,0.9,1009.09,1011.85,1013.45,1011.15,12,3.2,24,0.4,0.6,0.9,,,,,,,,,,,,,,,,,,,,,,,,,,,,,,,,,,,,,,,,,,,,,,,,,,,,,,,,,,,,,,,,,,,,,,,,,,,,,,,,,,,,,,,,,,,,,,,,,,,,,,,,,,,,,,,,,,,,,,,,,,,,,,,,,,,,,,,,,,,,,,,,,,,,,,
1895,12,310.0,-34.0,,,,,,,,,,,,,,,,,,,,,,,,,,,,,,,,,,,,,,,,3.68,6.7,9.3,6.88,17,3.35,24,0.6,0.8,0.5,-4.74,0.0,2.85,-0.31,17,3.79,24,0.6,0.8,0.5,-6.63,-2.62,6.19,-1.66,17,6.64,24,0.6,0.8,0.5,1006.92,1011.35,1012.82,1010.21,16,2.98,24,0.6,0.8,0.6,,,,,,,,,,,,,,,,,,,,,,,,,,,,,,,,,,,,,,,,,,,,,,,,,,,,,,,,,,,,,,,,,,,,,,,,,,,,,,,,,,,,,,,,,,,,,,,,,,,,,,,,,,,,,,,,,,,,,,,,,,,,,,,,,,,,,,,,,,,,,,,,,,,,,,
1895,12,310.0,-32.0,,,,,,,,,,,,,,,,,,,,,,,,,,,,,,,,,,,,,,,,6.7,9.3,9.3,8.53,9,2.22,22,0.6,0.9,0.6,-6.08,0.0,9.1,1.83,9,7.52,22,0.6,0.9,0.6,-4.8,3.25,4.44,0.47,9,5.13,22,0.6,0.9,0.6,1009.7,1013.0,1020.26,1014.19,9,4.97,22,0.6,0.9,0.6,,,,,,,,,,,,,,,,,,,,,,,,,,,,,,,,,,,,,,,,,,,,,,,,,,,,,,,,,,,,,,,,,,,,,,,,,,,,,,,,,,,,,,,,,,,,,,,,,,,,,,,,,,,,,,,,,,,,,,,,,,,,,,,,,,,,,,,,,,,,,,,,,,,,,,
1895,12,310.0,12.0,,,,,,,,,,,,,,,,,,,,,,,,,,,,,,,,,,,,,,,,6.7,6.7,6.7,6.7,4,0.0,16,0.8,0.3,0.8,-6.7,-6.43,-6.17,-6.43,4,0.31,16,0.8,0.3,0.8,0.0,1.31,2.62,1.31,4,1.51,16,0.8,0.3,0.8,1009.7,1012.7,1015.75,1012.73,4,3.49,16,0.8,0.3,0.8,,,,,,,,,,,,,,,,,,,,,,,,,,,,,,,,,,,,,,,,,,,,,,,,,,,,,,,,,,,,,,,,,,,,,,,,,,,,,,,,,,,,,,,,,,,,,,,,,,,,,,,,,,,,,,,,,,,,,,,,,,,,,,,,,,,,,,,,,,,,,,,,,,,,,,
1895,12,310.0,14.0,,,,,,,,,,,,,,,,,,,,,,,,,,,,,,,,,,,,,,,,6.7,6.7,9.63,8.1,4,2.8,16,0.0,0.6,0.4,-9.63,-6.7,-6.7,-8.1,4,2.8,16,0.0,0.6,0.4,0.0,0.0,0.0,0.0,4,0.0,16,0.0,0.6,0.4,1010.52,1011.1,1016.64,1013.0,5,3.4,16,0.0,0.6,0.5,,,,,,,,,,,,,,,,,,,,,,,,,,,,,,,,,,,,,,,,,,,,,,,,,,,,,,,,,,,,,,,,,,,,,,,,,,,,,,,,,,,,,,,,,,,,,,,,,,,,,,,,,,,,,,,,,,,,,,,,,,,,,,,,,,,,,,,,,,,,,,,,,,,,,,
1895,12,310.0,20.0,,,,,,,,,,,,,,,,,,,,,,,,,,,,,,,,,,,,,,,,4.6,4.6,4.6,4.6,7,0.0,12,0.6,0.5,0.8,-4.6,-4.27,-4.23,-4.35,7,0.17,12,0.6,0.5,0.8,-1.72,0.0,1.8,-0.22,7,1.58,12,0.6,0.5,0.8,1016.69,1018.6,1019.84,1018.26,5,1.76,12,0.6,0.6,0.8,,,,,,,,,,,,,,,,,,,,,,,,,,,,,,,,,,,,,,,,,,,,,,,,,,,,,,,,,,,,,,,,,,,,,,,,,,,,,,,,,,,,,,,,,,,,,,,,,,,,,,,,,,,,,,,,,,,,,,,,,,,,,,,,,,,,,,,,,,,,,,,,,,,,,,
1895,12,310.0,26.0,,,,,,,,,,,,,,,,,,,,,,,,,,,,,,,,,,,,,,,,2.6,2.6,2.6,2.6,1,0.0,24,0.0,0.3,0.8,-1.84,-1.84,-1.84,-1.84,1,0.0,24,0.0,0.3,0.8,-1.84,-1.84,-1.84,-1.84,1,0.0,24,0.0,0.3,0.8,1016.5,1016.5,1016.5,1016.5,1,0.0,24,0.0,0.3,0.8,,,,,,,,,,,,,,,,,,,,,,,,,,,,,,,,,,,,,,,,,,,,,,,,,,,,,,,,,,,,,,,,,,,,,,,,,,,,,,,,,,,,,,,,,,,,,,,,,,,,,,,,,,,,,,,,,,,,,,,,,,,,,,,,,,,,,,,,,,,,,,,,,,,,,,
1895,12,310.0,30.0,,,,,,,,,,,,,,,,,,,,,,,,,,,,,,,,,,,,,,,,9.3,9.3,12.3,10.59,7,1.6,18,0.4,0.6,0.4,-11.32,6.58,8.62,-0.23,7,10.4,18,0.4,0.6,0.4,-4.81,-3.63,3.63,-0.64,7,4.95,18,0.4,0.6,0.4,1013.7,1018.8,1019.94,1017.23,7,3.05,18,0.4,0.6,0.4,,,,,,,,,,,,,,,,,,,,,,,,,,,,,,,,,,,,,,,,,,,,,,,,,,,,,,,,,,,,,,,,,,,,,,,,,,,,,,,,,,,,,,,,,,,,,,,,,,,,,,,,,,,,,,,,,,,,,,,,,,,,,,,,,,,,,,,,,,,,,,,,,,,,,,
1895,12,310.0,40.0,,,,,,,,,,,,,,,,,,,,,,,,,,,,,,,,,,,,,,,,9.3,10.8,12.3,11.39,14,3.78,20,0.5,0.7,0.3,2.68,7.57,11.27,7.54,14,5.34,20,0.5,0.7,0.3,-8.56,-6.37,3.4,-3.21,14,7.29,20,0.5,0.7,0.3,1007.06,1018.5,1021.94,1015.64,14,7.55,20,0.5,0.7,0.3,,,,,,,,,,,,,,,,,,,,,,,,,,,,,,,,,,,,,,,,,,,,,,,,,,,,,,,,,,,,,,,,,,,,,,,,,,,,,,,,,,,,,,,,,,,,,,,,,,,,,,,,,,,,,,,,,,,,,,,,,,,,,,,,,,,,,,,,,,,,,,,,,,,,,,
1895,12,310.0,42.0,,,,,,,,,,,,,,,,,,,,,,,,,,,,,,,,,,,,,,,,6.27,12.3,15.4,11.12,6,4.5,14,0.5,0.8,0.5,0.0,0.0,4.94,1.85,6,2.94,14,0.5,0.8,0.5,1.2,12.3,15.4,9.59,6,6.74,14,0.5,0.8,0.5,1002.43,1005.5,1008.57,1005.5,4,3.87,12,0.3,0.8,0.5,,,,,,,,,,,,,,,,,,,,,,,,,,,,,,,,,,,,,,,,,,,,,,,,,,,,,,,,,,,,,,,,,,,,,,,,,,,,,,,,,,,,,,,,,,,,,,,,,,,,,,,,,,,,,,,,,,,,,,,,,,,,,,,,,,,,,,,,,,,,,,,,,,,,,,
1895,12,310.0,44.0,,,,,,,,,,,,,,,,,,,,,,,,,,,,,,,,,,,,,,,,6.7,9.3,17.63,10.89,16,5.34,18,0.4,0.5,0.7,-1.58,0.0,4.81,1.84,16,5.48,18,0.4,0.5,0.7,-15.4,-6.21,6.19,-4.46,16,10.02,18,0.4,0.5,0.7,989.83,998.6,1010.69,1000.44,10,12.08,20,0.5,0.5,0.7,,,,,,,,,,,,,,,,,,,,,,,,,,,,,,,,,,,,,,,,,,,,,,,,,,,,,,,,,,,,,,,,,,,,,,,,,,,,,,,,,,,,,,,,,,,,,,,,,,,,,,,,,,,,,,,,,,,,,,,,,,,,,,,,,,,,,,,,,,,,,,,,,,,,,,
1895,12,310.0,46.0,,,,,,,,,,,,,,,,,,,,,,,,,,,,,,,,,,,,,,,,4.6,9.3,10.54,8.37,11,3.41,16,0.3,0.6,0.3,-2.98,0.0,5.42,1.6,11,4.2,16,0.3,0.6,0.3,-8.33,-4.52,7.42,-2.5,11,7.84,16,0.3,0.6,0.3,1015.95,1026.3,1032.7,1021.4,7,15.58,18,0.3,0.6,0.3,,,,,,,,,,,,,,,,,,,,,,,,,,,,,,,,,,,,,,,,,,,,,,,,,,,,,,,,,,,,,,,,,,,,,,,,,,,,,,,,,,,,,,,,,,,,,,,,,,,,,,,,,,,,,,,,,,,,,,,,,,,,,,,,,,,,,,,,,,,,,,,,,,,,,,
1895,12,312.0,-52.0,,,,,,,,,,,,,,,,,,,,,,,,,,,,,,,,,,,,,,,,2.6,4.6,6.7,4.72,12,2.34,18,0.7,0.6,0.9,-0.72,2.1,2.78,1.2,12,2.29,18,0.7,0.6,0.9,-6.3,-2.09,1.58,-2.07,12,4.27,18,0.7,0.6,0.9,1001.91,1008.3,1010.67,1006.7,7,5.12,16,0.7,0.6,1.0,,,,,,,,,,,,,,,,,,,,,,,,,,,,,,,,,,,,,,,,,,,,,,,,,,,,,,,,,,,,,,,,,,,,,,,,,,,,,,,,,,,,,,,,,,,,,,,,,,,,,,,,,,,,,,,,,,,,,,,,,,,,,,,,,,,,,,,,,,,,,,,,,,,,,,
1895,12,312.0,-50.0,,,,,,,,,,,,,,,,,,,,,,,,,,,,,,,,,,,,,,,,3.17,9.3,15.4,9.1,28,4.79,20,0.8,0.7,0.8,0.0,4.12,10.44,4.83,28,5.02,20,0.8,0.7,0.8,-2.25,6.3,10.89,4.23,28,6.39,20,0.8,0.7,0.8,996.0,998.85,1005.42,1000.27,24,4.84,18,0.8,0.8,0.7,,,,,,,,,,,,,,,,,,,,,,,,,,,,,,,,,,,,,,,,,,,,,,,,,,,,,,,,,,,,,,,,,,,,,,,,,,,,,,,,,,,,,,,,,,,,,,,,,,,,,,,,,,,,,,,,,,,,,,,,,,,,,,,,,,,,,,,,,,,,,,,,,,,,,,
1895,12,312.0,-48.0,,,,,,,,,,,,,,,,,,,,,,,,,,,,,,,,,,,,,,,,10.58,13.85,17.46,13.66,10,5.42,20,0.4,0.9,0.7,3.97,7.23,14.02,8.66,10,5.69,20,0.4,0.9,0.7,-3.66,8.66,14.28,5.54,10,9.32,20,0.4,0.9,0.7,997.67,1004.6,1010.18,1004.1,5,7.83,20,0.4,0.9,0.7,,,,,,,,,,,,,,,,,,,,,,,,,,,,,,,,,,,,,,,,,,,,,,,,,,,,,,,,,,,,,,,,,,,,,,,,,,,,,,,,,,,,,,,,,,,,,,,,,,,,,,,,,,,,,,,,,,,,,,,,,,,,,,,,,,,,,,,,,,,,,,,,,,,,,,
1895,12,312.0,-46.0,,,,,,,,,,,,,,,,,,,,,,,,,,,,,,,,,,,,,,,,8.64,12.3,17.23,13.7,12,5.91,22,0.5,0.8,0.7,6.11,11.11,13.24,10.65,12,4.18,22,0.5,0.8,0.7,-10.89,2.37,7.12,0.12,12,9.92,22,0.5,0.8,0.7,1001.1,1011.0,1016.13,1009.04,12,7.71,22,0.5,0.8,0.7,,,,,,,,,,,,,,,,,,,,,,,,,,,,,,,,,,,,,,,,,,,,,,,,,,,,,,,,,,,,,,,,,,,,,,,,,,,,,,,,,,,,,,,,,,,,,,,,,,,,,,,,,,,,,,,,,,,,,,,,,,,,,,,,,,,,,,,,,,,,,,,,,,,,,,
1895,12,312.0,-44.0,,,,,,,,,,,,,,,,,,,,,,,,,,,,,,,,,,,,,,,,4.6,4.6,4.6,4.6,1,0.0,20,0.0,1.0,0.5,1.72,1.72,1.72,1.72,1,0.0,20,0.0,1.0,0.5,4.27,4.27,4.27,4.27,1,0.0,20,0.0,1.0,0.5,1011.4,1011.4,1011.4,1011.4,1,0.0,20,0.0,1.0,0.5,,,,,,,,,,,,,,,,,,,,,,,,,,,,,,,,,,,,,,,,,,,,,,,,,,,,,,,,,,,,,,,,,,,,,,,,,,,,,,,,,,,,,,,,,,,,,,,,,,,,,,,,,,,,,,,,,,,,,,,,,,,,,,,,,,,,,,,,,,,,,,,,,,,,,,
1895,12,312.0,-38.0,,,,,,,,,,,,,,,,,,,,,,,,,,,,,,,,,,,,,,,,3.71,6.7,10.79,7.6,9,5.3,6,0.4,0.8,0.9,0.43,4.74,10.14,5.84,9,5.76,6,0.4,0.8,0.9,-4.74,-2.51,-0.25,-2.07,9,4.08,6,0.4,0.8,0.9,1007.91,1009.9,1015.95,1011.14,15,3.82,12,0.5,0.8,0.9,,,,,,,,,,,,,,,,,,,,,,,,,,,,,,,,,,,,,,,,,,,,,,,,,,,,,,,,,,,,,,,,,,,,,,,,,,,,,,,,,,,,,,,,,,,,,,,,,,,,,,,,,,,,,,,,,,,,,,,,,,,,,,,,,,,,,,,,,,,,,,,,,,,,,,
1895,12,312.0,-36.0,,,,,,,,,,,,,,,,,,,,,,,,,,,,,,,,,,,,,,,,11.68,12.3,12.94,12.32,6,1.93,22,0.3,0.8,0.8,-8.7,1.4,9.24,0.9,6,9.56,22,0.3,0.8,0.8,-9.85,-2.53,5.61,-2.42,6,9.29,22,0.3,0.8,0.8,1011.4,1011.4,1011.88,1011.63,3,0.4,30,0.3,0.8,0.8,,,,,,,,,,,,,,,,,,,,,,,,,,,,,,,,,,,,,,,,,,,,,,,,,,,,,,,,,,,,,,,,,,,,,,,,,,,,,,,,,,,,,,,,,,,,,,,,,,,,,,,,,,,,,,,,,,,,,,,,,,,,,,,,,,,,,,,,,,,,,,,,,,,,,,
1895,12,312.0,-34.0,,,,,,,,,,,,,,,,,,,,,,,,,,,,,,,,,,,,,,,,2.6,6.7,12.3,7.14,21,4.11,24,0.6,0.6,0.8,-6.5,-0.97,6.28,-0.42,21,5.74,24,0.6,0.6,0.8,-8.33,-2.41,3.01,-2.6,21,5.5,24,0.6,0.6,0.8,1010.12,1012.3,1013.9,1012.23,20,1.82,26,0.5,0.6,0.9,,,,,,,,,,,,,,,,,,,,,,,,,,,,,,,,,,,,,,,,,,,,,,,,,,,,,,,,,,,,,,,,,,,,,,,,,,,,,,,,,,,,,,,,,,,,,,,,,,,,,,,,,,,,,,,,,,,,,,,,,,,,,,,,,,,,,,,,,,,,,,,,,,,,,,
1895,12,312.0,-32.0,,,,,,,,,,,,,,,,,,,,,,,,,,,,,,,,,,,,,,,,2.6,4.6,7.73,5.8,30,3.4,24,0.4,0.8,0.8,-3.88,-2.15,0.15,-1.76,30,3.27,24,0.4,0.8,0.8,-6.21,0.82,5.22,-0.4,30,5.69,24,0.4,0.8,0.8,1012.66,1014.0,1017.48,1014.69,30,2.41,24,0.4,0.8,0.8,,,,,,,,,,,,,,,,,,,,,,,,,,,,,,,,,,,,,,,,,,,,,,,,,,,,,,,,,,,,,,,,,,,,,,,,,,,,,,,,,,,,,,,,,,,,,,,,,,,,,,,,,,,,,,,,,,,,,,,,,,,,,,,,,,,,,,,,,,,,,,,,,,,,,,
1895,12,312.0,-30.0,,,,,,,,,,,,,,,,,,,,,,,,,,,,,,,,,,,,,,,,3.14,6.7,8.6,6.63,9,4.12,20,0.8,0.8,0.6,-2.08,0.0,2.65,0.04,9,2.83,20,0.8,0.8,0.6,-6.57,0.0,6.17,0.35,9,7.64,20,0.8,0.8,0.6,1009.38,1011.95,1013.67,1011.78,6,2.33,22,0.7,1.0,0.7,,,,,,,,,,,,,,,,,,,,,,,,,,,,,,,,,,,,,,,,,,,,,,,,,,,,,,,,,,,,,,,,,,,,,,,,,,,,,,,,,,,,,,,,,,,,,,,,,,,,,,,,,,,,,,,,,,,,,,,,,,,,,,,,,,,,,,,,,,,,,,,,,,,,,,
1895,12,312.0,-28.0,,,,,,,,,,,,,,,,,,,,,,,,,,,,,,,,,,,,,,,,2.6,4.6,4.6,3.93,6,1.03,24,0.5,1.0,0.7,-4.33,-4.25,-2.6,-3.76,6,0.91,24,0.5,1.0,0.7,-1.74,0.0,0.36,-0.3,6,1.31,24,0.5,1.0,0.7,1012.15,1013.7,1015.43,1013.86,5,1.94,24,0.4,1.0,0.8,,,,,,,,,,,,,,,,,,,,,,,,,,,,,,,,,,,,,,,,,,,,,,,,,,,,,,,,,,,,,,,,,,,,,,,,,,,,,,,,,,,,,,,,,,,,,,,,,,,,,,,,,,,,,,,,,,,,,,,,,,,,,,,,,,,,,,,,,,,,,,,,,,,,,,
1895,12,312.0,-26.0,,,,,,,,,,,,,,,,,,,,,,,,,,,,,,,,,,,,,,,,2.6,3.6,4.6,3.6,4,1.15,14,0.5,0.8,0.7,-3.77,-2.93,-2.2,-2.98,4,1.02,14,0.5,0.8,0.7,-0.94,0.92,2.58,0.82,4,2.2,14,0.5,0.8,0.7,1008.99,1011.65,1013.11,1011.08,4,3.18,14,0.5,0.8,0.7,,,,,,,,,,,,,,,,,,,,,,,,,,,,,,,,,,,,,,,,,,,,,,,,,,,,,,,,,,,,,,,,,,,,,,,,,,,,,,,,,,,,,,,,,,,,,,,,,,,,,,,,,,,,,,,,,,,,,,,,,,,,,,,,,,,,,,,,,,,,,,,,,,,,,,
1895,12,312.0,14.0,,,,,,,,,,,,,,,,,,,,,,,,,,,,,,,,,,,,,,,,7.11,8.0,8.89,8.0,2,1.84,16,1.0,0.3,0.8,-8.89,-8.0,-7.11,-8.0,2,1.84,16,1.0,0.3,0.8,0.0,0.0,0.0,0.0,2,0.0,16,1.0,0.3,0.8,1013.17,1014.4,1015.63,1014.4,2,2.55,16,1.0,0.3,0.8,,,,,,,,,,,,,,,,,,,,,,,,,,,,,,,,,,,,,,,,,,,,,,,,,,,,,,,,,,,,,,,,,,,,,,,,,,,,,,,,,,,,,,,,,,,,,,,,,,,,,,,,,,,,,,,,,,,,,,,,,,,,,,,,,,,,,,,,,,,,,,,,,,,,,,
1895,12,312.0,16.0,,,,,,,,,,,,,,,,,,,,,,,,,,,,,,,,,,,,,,,,4.43,9.3,9.3,6.77,7,3.37,16,0.6,0.5,0.5,-9.3,-8.62,-4.07,-6.48,7,3.34,16,0.6,0.5,0.5,-3.48,0.0,0.76,-0.64,7,2.05,16,0.6,0.5,0.5,1014.37,1016.7,1017.5,1015.89,7,1.62,16,0.6,0.5,0.5,,,,,,,,,,,,,,,,,,,,,,,,,,,,,,,,,,,,,,,,,,,,,,,,,,,,,,,,,,,,,,,,,,,,,,,,,,,,,,,,,,,,,,,,,,,,,,,,,,,,,,,,,,,,,,,,,,,,,,,,,,,,,,,,,,,,,,,,,,,,,,,,,,,,,,
1895,12,312.0,18.0,,,,,,,,,,,,,,,,,,,,,,,,,,,,,,,,,,,,,,,,9.78,10.8,11.82,10.8,2,2.12,22,0.0,0.8,0.3,-10.96,-10.01,-9.06,-10.01,2,1.97,22,0.0,0.8,0.3,-4.43,-4.05,-3.66,-4.05,2,0.79,22,0.0,0.8,0.3,1014.78,1014.95,1015.12,1014.95,2,0.35,22,0.0,0.8,0.3,,,,,,,,,,,,,,,,,,,,,,,,,,,,,,,,,,,,,,,,,,,,,,,,,,,,,,,,,,,,,,,,,,,,,,,,,,,,,,,,,,,,,,,,,,,,,,,,,,,,,,,,,,,,,,,,,,,,,,,,,,,,,,,,,,,,,,,,,,,,,,,,,,,,,,
1895,12,312.0,20.0,,,,,,,,,,,,,,,,,,,,,,,,,,,,,,,,,,,,,,,,4.6,4.6,4.6,4.6,1,0.0,10,0.0,0.3,0.8,-4.27,-4.27,-4.27,-4.27,1,0.0,10,0.0,0.3,0.8,-1.72,-1.72,-1.72,-1.72,1,0.0,10,0.0,0.3,0.8,1019.8,1019.8,1019.8,1019.8,1,0.0,10,0.0,0.3,0.8,,,,,,,,,,,,,,,,,,,,,,,,,,,,,,,,,,,,,,,,,,,,,,,,,,,,,,,,,,,,,,,,,,,,,,,,,,,,,,,,,,,,,,,,,,,,,,,,,,,,,,,,,,,,,,,,,,,,,,,,,,,,,,,,,,,,,,,,,,,,,,,,,,,,,,
1895,12,312.0,22.0,,,,,,,,,,,,,,,,,,,,,,,,,,,,,,,,,,,,,,,,4.6,4.6,6.7,4.99,11,1.25,10,0.7,0.5,0.5,-5.5,-4.27,-3.25,-4.37,11,1.28,10,0.7,0.5,0.5,-2.35,-1.28,1.8,-0.89,11,2.33,10,0.7,0.5,0.5,1018.69,1018.95,1019.31,1019.0,4,0.45,10,1.0,0.6,0.2,,,,,,,,,,,,,,,,,,,,,,,,,,,,,,,,,,,,,,,,,,,,,,,,,,,,,,,,,,,,,,,,,,,,,,,,,,,,,,,,,,,,,,,,,,,,,,,,,,,,,,,,,,,,,,,,,,,,,,,,,,,,,,,,,,,,,,,,,,,,,,,,,,,,,,
1895,12,312.0,30.0,,,,,,,,,,,,,,,,,,,,,,,,,,,,,,,,,,,,,,,,9.3,9.3,12.94,10.82,6,2.55,16,0.7,0.6,0.6,-10.98,-6.58,8.71,-2.92,6,9.4,16,0.7,0.6,0.6,-7.47,-5.69,-2.88,-5.41,6,3.62,16,0.7,0.6,0.6,1009.78,1015.65,1019.83,1015.13,6,5.06,16,0.7,0.6,0.6,,,,,,,,,,,,,,,,,,,,,,,,,,,,,,,,,,,,,,,,,,,,,,,,,,,,,,,,,,,,,,,,,,,,,,,,,,,,,,,,,,,,,,,,,,,,,,,,,,,,,,,,,,,,,,,,,,,,,,,,,,,,,,,,,,,,,,,,,,,,,,,,,,,,,,
1895,12,312.0,32.0,,,,,,,,,,,,,,,,,,,,,,,,,,,,,,,,,,,,,,,,5.35,6.95,8.55,6.95,2,3.32,4,0.5,1.0,0.0,-6.05,-4.91,-3.78,-4.91,2,2.35,4,0.5,1.0,0.0,-6.05,-4.91,-3.78,-4.91,2,2.35,4,0.5,1.0,0.0,1007.62,1007.65,1007.68,1007.65,2,0.07,4,0.5,1.0,0.0,,,,,,,,,,,,,,,,,,,,,,,,,,,,,,,,,,,,,,,,,,,,,,,,,,,,,,,,,,,,,,,,,,,,,,,,,,,,,,,,,,,,,,,,,,,,,,,,,,,,,,,,,,,,,,,,,,,,,,,,,,,,,,,,,,,,,,,,,,,,,,,,,,,,,,
1895,12,312.0,40.0,,,,,,,,,,,,,,,,,,,,,,,,,,,,,,,,,,,,,,,,4.6,9.3,15.4,9.57,11,4.81,20,0.4,0.7,0.5,2.28,6.58,14.74,7.4,11,5.54,20,0.4,0.7,0.5,-7.45,-5.77,-1.01,-4.58,11,3.15,20,0.4,0.7,0.5,1008.59,1023.0,1025.41,1019.82,11,7.48,20,0.4,0.7,0.5,,,,,,,,,,,,,,,,,,,,,,,,,,,,,,,,,,,,,,,,,,,,,,,,,,,,,,,,,,,,,,,,,,,,,,,,,,,,,,,,,,,,,,,,,,,,,,,,,,,,,,,,,,,,,,,,,,,,,,,,,,,,,,,,,,,,,,,,,,,,,,,,,,,,,,
1895,12,312.0,42.0,,,,,,,,,,,,,,,,,,,,,,,,,,,,,,,,,,,,,,,,4.6,9.3,12.3,10.12,16,5.8,12,0.6,0.8,0.3,2.02,4.04,7.36,4.47,16,4.26,12,0.6,0.8,0.3,-3.86,8.34,11.96,5.19,16,8.63,12,0.6,0.8,0.3,1016.0,1019.0,1022.0,1018.93,14,3.12,10,0.6,0.8,0.2,,,,,,,,,,,,,,,,,,,,,,,,,,,,,,,,,,,,,,,,,,,,,,,,,,,,,,,,,,,,,,,,,,,,,,,,,,,,,,,,,,,,,,,,,,,,,,,,,,,,,,,,,,,,,,,,,,,,,,,,,,,,,,,,,,,,,,,,,,,,,,,,,,,,,,
1895,12,312.0,44.0,,,,,,,,,,,,,,,,,,,,,,,,,,,,,,,,,,,,,,,,2.6,9.3,16.14,9.7,6,6.64,22,0.8,0.5,0.8,0.0,1.41,4.01,2.05,6,2.34,22,0.8,0.5,0.8,-11.3,-5.52,1.47,-4.5,6,11.05,22,0.8,0.5,0.8,986.93,991.3,996.15,991.53,3,6.75,22,1.0,0.4,0.8,,,,,,,,,,,,,,,,,,,,,,,,,,,,,,,,,,,,,,,,,,,,,,,,,,,,,,,,,,,,,,,,,,,,,,,,,,,,,,,,,,,,,,,,,,,,,,,,,,,,,,,,,,,,,,,,,,,,,,,,,,,,,,,,,,,,,,,,,,,,,,,,,,,,,,
1895,12,312.0,46.0,,,,,,,,,,,,,,,,,,,,,,,,,,,,,,,,,,,,,,,,5.07,15.4,15.4,12.09,15,6.34,16,0.5,0.6,0.4,-3.11,1.84,10.89,4.11,15,7.81,16,0.5,0.6,0.4,-13.45,-6.17,4.69,-3.68,15,10.16,16,0.5,0.6,0.4,988.07,1017.5,1022.95,1008.85,11,16.33,18,0.5,0.6,0.3,,,,,,,,,,,,,,,,,,,,,,,,,,,,,,,,,,,,,,,,,,,,,,,,,,,,,,,,,,,,,,,,,,,,,,,,,,,,,,,,,,,,,,,,,,,,,,,,,,,,,,,,,,,,,,,,,,,,,,,,,,,,,,,,,,,,,,,,,,,,,,,,,,,,,,
1895,12,314.0,-50.0,,,,,,,,,,,,,,,,,,,,,,,,,,,,,,,,,,,,,,,,9.18,9.3,12.62,10.74,7,3.98,18,0.4,0.6,0.9,6.56,9.3,11.42,9.24,7,2.55,18,0.4,0.6,0.9,0.0,3.63,6.9,4.44,7,4.64,18,0.4,0.6,0.9,997.43,997.5,1002.07,999.7,3,3.9,18,0.0,0.5,1.0,,,,,,,,,,,,,,,,,,,,,,,,,,,,,,,,,,,,,,,,,,,,,,,,,,,,,,,,,,,,,,,,,,,,,,,,,,,,,,,,,,,,,,,,,,,,,,,,,,,,,,,,,,,,,,,,,,,,,,,,,,,,,,,,,,,,,,,,,,,,,,,,,,,,,,
1895,12,314.0,-48.0,,,,,,,,,,,,,,,,,,,,,,,,,,,,,,,,,,,,,,,,11.87,12.3,15.4,13.32,19,4.25,20,0.5,0.7,0.8,6.46,11.32,14.35,10.58,19,4.03,20,0.5,0.7,0.8,-4.61,4.81,10.89,4.17,19,7.26,20,0.5,0.7,0.8,996.79,1004.1,1010.72,1003.93,15,6.55,20,0.5,0.7,0.8,,,,,,,,,,,,,,,,,,,,,,,,,,,,,,,,,,,,,,,,,,,,,,,,,,,,,,,,,,,,,,,,,,,,,,,,,,,,,,,,,,,,,,,,,,,,,,,,,,,,,,,,,,,,,,,,,,,,,,,,,,,,,,,,,,,,,,,,,,,,,,,,,,,,,,
1895,12,314.0,-46.0,,,,,,,,,,,,,,,,,,,,,,,,,,,,,,,,,,,,,,,,2.6,9.3,18.94,10.14,20,7.46,22,0.5,0.7,0.8,-1.83,6.17,9.3,4.49,20,6.83,22,0.5,0.7,0.8,-4.57,0.0,17.44,4.02,20,8.89,22,0.5,0.7,0.8,994.14,1006.2,1014.19,1004.3,19,8.75,24,0.5,0.6,0.8,,,,,,,,,,,,,,,,,,,,,,,,,,,,,,,,,,,,,,,,,,,,,,,,,,,,,,,,,,,,,,,,,,,,,,,,,,,,,,,,,,,,,,,,,,,,,,,,,,,,,,,,,,,,,,,,,,,,,,,,,,,,,,,,,,,,,,,,,,,,,,,,,,,,,,
1895,12,314.0,-44.0,,,,,,,,,,,,,,,,,,,,,,,,,,,,,,,,,,,,,,,,1.53,10.8,15.4,9.05,22,5.57,20,0.5,0.8,0.7,0.0,4.74,11.83,5.93,22,5.72,20,0.5,0.8,0.7,-7.86,-0.51,0.71,-1.66,22,6.66,20,0.5,0.8,0.7,992.1,1001.05,1012.03,1002.38,22,8.87,20,0.5,0.8,0.7,,,,,,,,,,,,,,,,,,,,,,,,,,,,,,,,,,,,,,,,,,,,,,,,,,,,,,,,,,,,,,,,,,,,,,,,,,,,,,,,,,,,,,,,,,,,,,,,,,,,,,,,,,,,,,,,,,,,,,,,,,,,,,,,,,,,,,,,,,,,,,,,,,,,,,
1895,12,314.0,-42.0,,,,,,,,,,,,,,,,,,,,,,,,,,,,,,,,,,,,,,,,5.85,12.35,16.14,11.4,6,6.22,24,0.5,0.9,0.8,-0.31,7.81,13.59,6.09,6,8.68,24,0.5,0.9,0.8,0.71,5.38,11.42,5.55,6,6.16,24,0.5,0.9,0.8,997.48,1001.5,1006.06,1001.69,8,4.68,22,0.4,0.9,0.8,,,,,,,,,,,,,,,,,,,,,,,,,,,,,,,,,,,,,,,,,,,,,,,,,,,,,,,,,,,,,,,,,,,,,,,,,,,,,,,,,,,,,,,,,,,,,,,,,,,,,,,,,,,,,,,,,,,,,,,,,,,,,,,,,,,,,,,,,,,,,,,,,,,,,,
1895,12,314.0,-40.0,,,,,,,,,,,,,,,,,,,,,,,,,,,,,,,,,,,,,,,,7.86,19.0,22.6,15.4,4,10.18,28,0.8,0.6,0.9,5.55,13.44,15.98,10.89,4,7.2,28,0.8,0.6,0.9,5.55,13.44,15.98,10.89,4,7.2,28,0.8,0.6,0.9,1012.22,1015.0,1016.26,1014.28,4,2.63,28,0.8,0.6,0.9,,,,,,,,,,,,,,,,,,,,,,,,,,,,,,,,,,,,,,,,,,,,,,,,,,,,,,,,,,,,,,,,,,,,,,,,,,,,,,,,,,,,,,,,,,,,,,,,,,,,,,,,,,,,,,,,,,,,,,,,,,,,,,,,,,,,,,,,,,,,,,,,,,,,,,
1895,12,314.0,-38.0,,,,,,,,,,,,,,,,,,,,,,,,,,,,,,,,,,,,,,,,1.57,2.8,4.03,2.8,2,2.55,30,0.5,0.5,0.5,1.45,2.58,3.71,2.58,2,2.34,30,0.5,0.5,0.5,0.61,1.09,1.57,1.09,2,0.99,30,0.5,0.5,0.5,1010.5,1015.2,1018.86,1014.7,4,4.88,30,0.3,0.5,0.5,,,,,,,,,,,,,,,,,,,,,,,,,,,,,,,,,,,,,,,,,,,,,,,,,,,,,,,,,,,,,,,,,,,,,,,,,,,,,,,,,,,,,,,,,,,,,,,,,,,,,,,,,,,,,,,,,,,,,,,,,,,,,,,,,,,,,,,,,,,,,,,,,,,,,,
1895,12,314.0,-34.0,,,,,,,,,,,,,,,,,,,,,,,,,,,,,,,,,,,,,,,,4.19,5.65,9.3,6.18,6,2.74,18,0.5,0.8,0.7,-6.58,-4.0,-3.08,-4.46,6,1.8,18,0.5,0.8,0.7,-6.58,-4.0,-2.79,-4.24,6,2.17,18,0.5,0.8,0.7,1014.7,1014.7,1014.7,1014.7,1,0.0,24,1.0,0.5,1.0,,,,,,,,,,,,,,,,,,,,,,,,,,,,,,,,,,,,,,,,,,,,,,,,,,,,,,,,,,,,,,,,,,,,,,,,,,,,,,,,,,,,,,,,,,,,,,,,,,,,,,,,,,,,,,,,,,,,,,,,,,,,,,,,,,,,,,,,,,,,,,,,,,,,,,
1895,12,314.0,-32.0,,,,,,,,,,,,,,,,,,,,,,,,,,,,,,,,,,,,,,,,2.6,4.6,6.7,4.95,13,2.51,20,0.5,0.5,0.9,-4.74,-3.25,-2.26,-2.96,13,1.4,20,0.5,0.5,0.9,-4.74,-2.39,3.53,-1.4,13,4.4,20,0.5,0.5,0.9,1012.25,1013.0,1015.75,1013.78,12,1.68,20,0.4,0.5,0.9,,,,,,,,,,,,,,,,,,,,,,,,,,,,,,,,,,,,,,,,,,,,,,,,,,,,,,,,,,,,,,,,,,,,,,,,,,,,,,,,,,,,,,,,,,,,,,,,,,,,,,,,,,,,,,,,,,,,,,,,,,,,,,,,,,,,,,,,,,,,,,,,,,,,,,
1895,12,314.0,-30.0,,,,,,,,,,,,,,,,,,,,,,,,,,,,,,,,,,,,,,,,5.73,6.7,9.3,7.61,17,2.37,22,0.4,0.8,0.7,-4.06,0.0,6.38,0.85,17,4.77,22,0.4,0.8,0.7,-9.3,-4.74,-2.51,-5.61,17,3.19,22,0.4,0.8,0.7,1009.12,1012.0,1017.26,1012.79,18,3.7,22,0.4,0.8,0.7,,,,,,,,,,,,,,,,,,,,,,,,,,,,,,,,,,,,,,,,,,,,,,,,,,,,,,,,,,,,,,,,,,,,,,,,,,,,,,,,,,,,,,,,,,,,,,,,,,,,,,,,,,,,,,,,,,,,,,,,,,,,,,,,,,,,,,,,,,,,,,,,,,,,,,
1895,12,314.0,-28.0,,,,,,,,,,,,,,,,,,,,,,,,,,,,,,,,,,,,,,,,3.9,6.7,6.7,5.33,3,2.37,14,1.0,0.9,0.6,-1.71,0.0,0.0,-0.84,3,1.45,14,1.0,0.9,0.6,-6.55,-6.21,-0.2,-3.44,3,5.23,14,1.0,0.9,0.6,1009.76,1010.75,1011.74,1010.75,2,2.05,20,1.0,1.0,0.5,,,,,,,,,,,,,,,,,,,,,,,,,,,,,,,,,,,,,,,,,,,,,,,,,,,,,,,,,,,,,,,,,,,,,,,,,,,,,,,,,,,,,,,,,,,,,,,,,,,,,,,,,,,,,,,,,,,,,,,,,,,,,,,,,,,,,,,,,,,,,,,,,,,,,,
1895,12,314.0,-26.0,,,,,,,,,,,,,,,,,,,,,,,,,,,,,,,,,,,,,,,,1.0,2.6,5.57,3.46,17,3.05,12,0.5,0.6,0.8,-4.4,-2.41,-0.38,-2.4,17,2.28,12,0.5,0.6,0.8,-3.25,0.0,0.99,-0.72,17,3.19,12,0.5,0.6,0.8,1008.47,1010.1,1011.06,1009.93,15,1.32,12,0.4,0.6,0.8,,,,,,,,,,,,,,,,,,,,,,,,,,,,,,,,,,,,,,,,,,,,,,,,,,,,,,,,,,,,,,,,,,,,,,,,,,,,,,,,,,,,,,,,,,,,,,,,,,,,,,,,,,,,,,,,,,,,,,,,,,,,,,,,,,,,,,,,,,,,,,,,,,,,,,
1895,12,314.0,18.0,,,,,,,,,,,,,,,,,,,,,,,,,,,,,,,,,,,,,,,,6.7,9.3,9.3,8.26,5,1.42,16,0.8,0.4,0.6,-9.3,-9.3,-6.7,-8.26,5,1.42,16,0.8,0.4,0.6,0.0,0.0,0.0,0.0,5,0.0,16,0.8,0.4,0.6,1015.55,1016.6,1018.33,1016.96,5,1.72,16,0.8,0.4,0.6,,,,,,,,,,,,,,,,,,,,,,,,,,,,,,,,,,,,,,,,,,,,,,,,,,,,,,,,,,,,,,,,,,,,,,,,,,,,,,,,,,,,,,,,,,,,,,,,,,,,,,,,,,,,,,,,,,,,,,,,,,,,,,,,,,,,,,,,,,,,,,,,,,,,,,
1895,12,314.0,20.0,,,,,,,,,,,,,,,,,,,,,,,,,,,,,,,,,,,,,,,,8.35,9.3,10.4,9.38,5,1.98,16,0.4,0.6,0.5,-9.64,-8.62,-7.2,-8.4,5,2.38,16,0.4,0.6,0.5,-4.66,-3.48,-3.48,-3.96,5,0.65,16,0.4,0.6,0.5,1015.25,1015.6,1018.59,1016.74,5,2.05,16,0.4,0.6,0.5,,,,,,,,,,,,,,,,,,,,,,,,,,,,,,,,,,,,,,,,,,,,,,,,,,,,,,,,,,,,,,,,,,,,,,,,,,,,,,,,,,,,,,,,,,,,,,,,,,,,,,,,,,,,,,,,,,,,,,,,,,,,,,,,,,,,,,,,,,,,,,,,,,,,,,
1895,12,314.0,22.0,,,,,,,,,,,,,,,,,,,,,,,,,,,,,,,,,,,,,,,,2.6,4.6,4.7,4.04,7,1.54,12,0.1,0.5,0.4,-3.39,-1.8,-1.02,-2.3,7,1.9,12,0.1,0.5,0.4,-4.23,-2.39,-2.12,-2.13,7,2.52,12,0.1,0.5,0.4,1018.22,1018.95,1020.3,1018.88,6,1.57,12,0.2,0.5,0.3,,,,,,,,,,,,,,,,,,,,,,,,,,,,,,,,,,,,,,,,,,,,,,,,,,,,,,,,,,,,,,,,,,,,,,,,,,,,,,,,,,,,,,,,,,,,,,,,,,,,,,,,,,,,,,,,,,,,,,,,,,,,,,,,,,,,,,,,,,,,,,,,,,,,,,
1895,12,314.0,30.0,,,,,,,,,,,,,,,,,,,,,,,,,,,,,,,,,,,,,,,,7.94,9.3,10.87,9.4,4,2.29,30,0.3,0.5,0.2,-7.69,-6.58,-5.61,-6.65,4,1.62,30,0.3,0.5,0.2,-7.69,-6.58,-5.61,-6.65,4,1.62,30,0.3,0.5,0.2,1021.69,1023.15,1023.2,1022.48,4,1.38,30,0.3,0.5,0.2,,,,,,,,,,,,,,,,,,,,,,,,,,,,,,,,,,,,,,,,,,,,,,,,,,,,,,,,,,,,,,,,,,,,,,,,,,,,,,,,,,,,,,,,,,,,,,,,,,,,,,,,,,,,,,,,,,,,,,,,,,,,,,,,,,,,,,,,,,,,,,,,,,,,,,
1895,12,314.0,32.0,,,,,,,,,,,,,,,,,,,,,,,,,,,,,,,,,,,,,,,,5.85,6.7,6.7,6.02,6,1.67,2,0.5,0.8,0.0,-5.04,-2.51,0.52,-2.24,6,3.15,2,0.5,0.8,0.0,1.78,5.45,6.31,4.22,6,2.98,2,0.5,0.8,0.0,1003.5,1006.4,1012.44,1007.75,6,4.89,2,0.5,0.8,0.0,,,,,,,,,,,,,,,,,,,,,,,,,,,,,,,,,,,,,,,,,,,,,,,,,,,,,,,,,,,,,,,,,,,,,,,,,,,,,,,,,,,,,,,,,,,,,,,,,,,,,,,,,,,,,,,,,,,,,,,,,,,,,,,,,,,,,,,,,,,,,,,,,,,,,,
1895,12,314.0,40.0,,,,,,,,,,,,,,,,,,,,,,,,,,,,,,,,,,,,,,,,10.25,12.3,14.42,12.33,3,3.05,30,0.7,0.7,0.5,8.65,8.7,12.51,10.53,3,3.24,30,0.7,0.7,0.5,-7.77,-5.77,-4.21,-5.98,3,2.61,30,0.7,0.7,0.5,1021.63,1023.0,1023.68,1022.67,3,1.53,30,0.7,0.7,0.5,,,,,,,,,,,,,,,,,,,,,,,,,,,,,,,,,,,,,,,,,,,,,,,,,,,,,,,,,,,,,,,,,,,,,,,,,,,,,,,,,,,,,,,,,,,,,,,,,,,,,,,,,,,,,,,,,,,,,,,,,,,,,,,,,,,,,,,,,,,,,,,,,,,,,,
1895,12,314.0,42.0,,,,,,,,,,,,,,,,,,,,,,,,,,,,,,,,,,,,,,,,4.6,10.8,21.57,12.23,28,7.98,12,0.5,0.7,0.2,2.43,4.74,18.1,8.14,28,7.66,12,0.5,0.7,0.2,-4.74,1.8,13.31,3.44,28,8.9,12,0.5,0.7,0.2,1012.9,1020.0,1024.03,1018.46,26,6.05,12,0.5,0.7,0.1,,,,,,,,,,,,,,,,,,,,,,,,,,,,,,,,,,,,,,,,,,,,,,,,,,,,,,,,,,,,,,,,,,,,,,,,,,,,,,,,,,,,,,,,,,,,,,,,,,,,,,,,,,,,,,,,,,,,,,,,,,,,,,,,,,,,,,,,,,,,,,,,,,,,,,
1895,12,314.0,44.0,,,,,,,,,,,,,,,,,,,,,,,,,,,,,,,,,,,,,,,,12.3,12.3,12.3,12.3,1,0.0,26,0.0,0.3,0.8,0.0,0.0,0.0,0.0,1,0.0,26,0.0,0.3,0.8,-12.3,-12.3,-12.3,-12.3,1,0.0,26,0.0,0.3,0.8,980.2,980.2,980.2,980.2,1,0.0,26,0.0,0.3,0.8,,,,,,,,,,,,,,,,,,,,,,,,,,,,,,,,,,,,,,,,,,,,,,,,,,,,,,,,,,,,,,,,,,,,,,,,,,,,,,,,,,,,,,,,,,,,,,,,,,,,,,,,,,,,,,,,,,,,,,,,,,,,,,,,,,,,,,,,,,,,,,,,,,,,,,
1895,12,314.0,46.0,,,,,,,,,,,,,,,,,,,,,,,,,,,,,,,,,,,,,,,,2.6,12.3,26.8,13.07,23,9.4,16,0.4,0.4,0.5,-0.94,3.81,11.82,5.93,23,8.47,16,0.4,0.4,0.5,-10.47,-1.02,11.97,-0.47,23,12.57,16,0.4,0.4,0.5,983.21,994.0,1018.16,997.73,16,16.55,18,0.3,0.5,0.5,,,,,,,,,,,,,,,,,,,,,,,,,,,,,,,,,,,,,,,,,,,,,,,,,,,,,,,,,,,,,,,,,,,,,,,,,,,,,,,,,,,,,,,,,,,,,,,,,,,,,,,,,,,,,,,,,,,,,,,,,,,,,,,,,,,,,,,,,,,,,,,,,,,,,,
1895,12,316.0,-48.0,,,,,,,,,,,,,,,,,,,,,,,,,,,,,,,,,,,,,,,,1.0,4.6,9.73,5.35,19,4.77,20,0.6,0.7,0.8,0.0,3.25,7.19,4.05,19,4.63,20,0.6,0.7,0.8,-0.1,0.71,4.75,1.82,19,3.29,20,0.6,0.7,0.8,996.37,1004.2,1007.27,1002.21,9,5.71,20,0.7,0.7,1.0,,,,,,,,,,,,,,,,,,,,,,,,,,,,,,,,,,,,,,,,,,,,,,,,,,,,,,,,,,,,,,,,,,,,,,,,,,,,,,,,,,,,,,,,,,,,,,,,,,,,,,,,,,,,,,,,,,,,,,,,,,,,,,,,,,,,,,,,,,,,,,,,,,,,,,
1895,12,316.0,-46.0,,,,,,,,,,,,,,,,,,,,,,,,,,,,,,,,,,,,,,,,5.63,12.3,13.88,9.92,23,4.33,22,0.5,0.7,0.8,2.6,8.56,11.61,6.94,23,4.49,22,0.5,0.7,0.8,-0.51,3.63,9.81,3.29,23,6.31,22,0.5,0.7,0.8,1005.4,1009.05,1012.06,1008.04,16,4.92,20,0.6,0.8,0.8,,,,,,,,,,,,,,,,,,,,,,,,,,,,,,,,,,,,,,,,,,,,,,,,,,,,,,,,,,,,,,,,,,,,,,,,,,,,,,,,,,,,,,,,,,,,,,,,,,,,,,,,,,,,,,,,,,,,,,,,,,,,,,,,,,,,,,,,,,,,,,,,,,,,,,
1895,12,316.0,-44.0,,,,,,,,,,,,,,,,,,,,,,,,,,,,,,,,,,,,,,,,2.73,8.0,9.3,6.74,14,3.2,18,0.4,0.7,0.8,0.41,5.66,9.26,4.97,14,4.25,18,0.4,0.7,0.8,-1.75,0.46,4.74,1.5,14,3.48,18,0.4,0.7,0.8,1008.64,1013.0,1019.6,1013.74,10,5.35,18,0.5,0.6,1.0,,,,,,,,,,,,,,,,,,,,,,,,,,,,,,,,,,,,,,,,,,,,,,,,,,,,,,,,,,,,,,,,,,,,,,,,,,,,,,,,,,,,,,,,,,,,,,,,,,,,,,,,,,,,,,,,,,,,,,,,,,,,,,,,,,,,,,,,,,,,,,,,,,,,,,
1895,12,316.0,-42.0,,,,,,,,,,,,,,,,,,,,,,,,,,,,,,,,,,,,,,,,5.83,9.3,12.3,9.35,11,3.49,18,0.4,0.9,0.7,2.18,4.74,8.7,5.4,11,3.51,18,0.4,0.9,0.7,-1.63,6.21,8.95,4.12,11,6.72,18,0.4,0.9,0.7,1006.5,1011.6,1016.3,1011.21,10,5.2,18,0.4,0.9,0.7,,,,,,,,,,,,,,,,,,,,,,,,,,,,,,,,,,,,,,,,,,,,,,,,,,,,,,,,,,,,,,,,,,,,,,,,,,,,,,,,,,,,,,,,,,,,,,,,,,,,,,,,,,,,,,,,,,,,,,,,,,,,,,,,,,,,,,,,,,,,,,,,,,,,,,
1895,12,316.0,-40.0,,,,,,,,,,,,,,,,,,,,,,,,,,,,,,,,,,,,,,,,2.6,4.6,6.7,4.89,10,2.16,22,0.5,0.9,0.8,-2.17,0.92,2.97,0.84,10,3.02,22,0.5,0.9,0.8,-5.52,-3.76,0.0,-2.41,10,3.86,22,0.5,0.9,0.8,1011.34,1013.65,1015.24,1013.4,10,1.96,22,0.5,0.9,0.8,,,,,,,,,,,,,,,,,,,,,,,,,,,,,,,,,,,,,,,,,,,,,,,,,,,,,,,,,,,,,,,,,,,,,,,,,,,,,,,,,,,,,,,,,,,,,,,,,,,,,,,,,,,,,,,,,,,,,,,,,,,,,,,,,,,,,,,,,,,,,,,,,,,,,,
1895,12,316.0,-38.0,,,,,,,,,,,,,,,,,,,,,,,,,,,,,,,,,,,,,,,,2.6,2.6,3.97,3.27,3,1.15,24,0.7,1.0,0.5,-3.05,-2.6,-1.49,-2.28,3,1.17,24,0.7,1.0,0.5,-1.65,0.0,2.22,0.28,3,2.84,24,0.7,1.0,0.5,1009.01,1009.9,1010.04,1009.53,3,0.81,24,0.7,1.0,0.5,,,,,,,,,,,,,,,,,,,,,,,,,,,,,,,,,,,,,,,,,,,,,,,,,,,,,,,,,,,,,,,,,,,,,,,,,,,,,,,,,,,,,,,,,,,,,,,,,,,,,,,,,,,,,,,,,,,,,,,,,,,,,,,,,,,,,,,,,,,,,,,,,,,,,,
1895,12,316.0,-30.0,,,,,,,,,,,,,,,,,,,,,,,,,,,,,,,,,,,,,,,,5.4,9.3,9.3,7.87,16,2.69,26,0.6,0.7,0.9,-6.58,-4.05,-1.29,-4.12,16,2.76,26,0.6,0.7,0.9,-9.04,-3.33,4.74,-2.37,16,6.44,26,0.6,0.7,0.9,1011.7,1013.8,1014.7,1013.54,15,2.58,26,0.5,0.7,0.9,,,,,,,,,,,,,,,,,,,,,,,,,,,,,,,,,,,,,,,,,,,,,,,,,,,,,,,,,,,,,,,,,,,,,,,,,,,,,,,,,,,,,,,,,,,,,,,,,,,,,,,,,,,,,,,,,,,,,,,,,,,,,,,,,,,,,,,,,,,,,,,,,,,,,,
1895,12,316.0,-28.0,,,,,,,,,,,,,,,,,,,,,,,,,,,,,,,,,,,,,,,,2.6,9.3,12.3,7.18,31,3.78,18,0.5,0.7,0.7,-6.58,-3.48,0.09,-3.43,31,3.47,18,0.5,0.7,0.7,-8.64,-4.74,2.41,-2.92,31,5.87,18,0.5,0.7,0.7,1010.6,1014.7,1017.92,1014.17,31,2.93,18,0.5,0.7,0.7,,,,,,,,,,,,,,,,,,,,,,,,,,,,,,,,,,,,,,,,,,,,,,,,,,,,,,,,,,,,,,,,,,,,,,,,,,,,,,,,,,,,,,,,,,,,,,,,,,,,,,,,,,,,,,,,,,,,,,,,,,,,,,,,,,,,,,,,,,,,,,,,,,,,,,
1895,12,316.0,-26.0,,,,,,,,,,,,,,,,,,,,,,,,,,,,,,,,,,,,,,,,4.73,6.7,9.3,7.65,14,2.81,10,0.6,0.8,0.6,-8.69,-5.66,-1.85,-5.33,14,3.94,10,0.6,0.8,0.6,-6.55,-4.19,2.26,-2.5,14,4.26,10,0.6,0.8,0.6,1013.22,1014.9,1015.38,1014.37,12,1.61,14,0.6,0.8,0.5,,,,,,,,,,,,,,,,,,,,,,,,,,,,,,,,,,,,,,,,,,,,,,,,,,,,,,,,,,,,,,,,,,,,,,,,,,,,,,,,,,,,,,,,,,,,,,,,,,,,,,,,,,,,,,,,,,,,,,,,,,,,,,,,,,,,,,,,,,,,,,,,,,,,,,
1895,12,316.0,-24.0,,,,,,,,,,,,,,,,,,,,,,,,,,,,,,,,,,,,,,,,3.87,4.6,7.65,5.56,5,2.54,6,0.6,0.6,0.3,-2.45,1.84,4.47,0.99,5,4.93,6,0.6,0.6,0.3,-0.67,3.25,5.32,2.52,5,3.42,6,0.6,0.6,0.3,1003.14,1005.25,1009.82,1006.43,4,4.3,4,0.5,0.6,0.3,,,,,,,,,,,,,,,,,,,,,,,,,,,,,,,,,,,,,,,,,,,,,,,,,,,,,,,,,,,,,,,,,,,,,,,,,,,,,,,,,,,,,,,,,,,,,,,,,,,,,,,,,,,,,,,,,,,,,,,,,,,,,,,,,,,,,,,,,,,,,,,,,,,,,,
1895,12,316.0,20.0,,,,,,,,,,,,,,,,,,,,,,,,,,,,,,,,,,,,,,,,4.6,6.95,9.3,6.95,6,2.57,6,0.3,0.3,0.6,-8.71,-6.41,-4.06,-6.37,6,2.71,6,0.3,0.3,0.6,-2.04,-0.86,3.63,0.09,6,2.93,6,0.3,0.3,0.6,1018.67,1019.4,1019.58,1019.15,6,0.73,6,0.3,0.3,0.6,,,,,,,,,,,,,,,,,,,,,,,,,,,,,,,,,,,,,,,,,,,,,,,,,,,,,,,,,,,,,,,,,,,,,,,,,,,,,,,,,,,,,,,,,,,,,,,,,,,,,,,,,,,,,,,,,,,,,,,,,,,,,,,,,,,,,,,,,,,,,,,,,,,,,,
1895,12,316.0,22.0,,,,,,,,,,,,,,,,,,,,,,,,,,,,,,,,,,,,,,,,2.6,4.65,6.7,4.65,12,2.14,12,0.7,0.5,0.5,-6.21,-4.03,0.97,-3.22,12,3.39,12,0.7,0.5,0.5,-2.51,-2.41,-1.84,-2.11,12,0.72,12,0.7,0.5,0.5,1015.55,1018.15,1019.61,1017.83,12,1.99,12,0.7,0.5,0.5,,,,,,,,,,,,,,,,,,,,,,,,,,,,,,,,,,,,,,,,,,,,,,,,,,,,,,,,,,,,,,,,,,,,,,,,,,,,,,,,,,,,,,,,,,,,,,,,,,,,,,,,,,,,,,,,,,,,,,,,,,,,,,,,,,,,,,,,,,,,,,,,,,,,,,
1895,12,316.0,24.0,,,,,,,,,,,,,,,,,,,,,,,,,,,,,,,,,,,,,,,,4.6,5.65,9.8,6.68,6,2.55,10,0.7,0.4,0.6,-7.18,-4.67,-1.71,-3.9,6,4.35,10,0.7,0.4,0.6,-0.37,4.0,5.78,3.1,6,3.37,10,0.7,0.4,0.6,1016.71,1018.25,1019.79,1018.25,2,3.18,16,0.0,0.8,0.3,,,,,,,,,,,,,,,,,,,,,,,,,,,,,,,,,,,,,,,,,,,,,,,,,,,,,,,,,,,,,,,,,,,,,,,,,,,,,,,,,,,,,,,,,,,,,,,,,,,,,,,,,,,,,,,,,,,,,,,,,,,,,,,,,,,,,,,,,,,,,,,,,,,,,,
1895,12,316.0,28.0,,,,,,,,,,,,,,,,,,,,,,,,,,,,,,,,,,,,,,,,9.3,9.3,9.3,9.3,3,0.0,30,1.0,0.6,0.8,-7.97,-6.58,-6.58,-7.26,3,1.18,30,1.0,0.6,0.8,-6.58,-6.58,-4.47,-5.55,3,1.79,30,1.0,0.6,0.8,1024.8,1024.8,1025.35,1025.07,3,0.46,30,1.0,0.6,0.8,,,,,,,,,,,,,,,,,,,,,,,,,,,,,,,,,,,,,,,,,,,,,,,,,,,,,,,,,,,,,,,,,,,,,,,,,,,,,,,,,,,,,,,,,,,,,,,,,,,,,,,,,,,,,,,,,,,,,,,,,,,,,,,,,,,,,,,,,,,,,,,,,,,,,,
1895,12,316.0,32.0,,,,,,,,,,,,,,,,,,,,,,,,,,,,,,,,,,,,,,,,2.27,3.6,5.03,3.68,6,2.02,2,0.5,0.8,0.0,-1.3,1.05,2.35,0.86,6,2.48,2,0.5,0.8,0.0,0.53,3.33,4.36,2.6,6,2.28,2,0.5,0.8,0.0,1017.73,1018.95,1019.5,1018.6,6,1.13,2,0.5,0.8,0.0,,,,,,,,,,,,,,,,,,,,,,,,,,,,,,,,,,,,,,,,,,,,,,,,,,,,,,,,,,,,,,,,,,,,,,,,,,,,,,,,,,,,,,,,,,,,,,,,,,,,,,,,,,,,,,,,,,,,,,,,,,,,,,,,,,,,,,,,,,,,,,,,,,,,,,
1895,12,316.0,42.0,,,,,,,,,,,,,,,,,,,,,,,,,,,,,,,,,,,,,,,,6.86,15.4,19.0,13.69,14,6.09,14,0.5,0.7,0.5,0.11,5.97,14.97,7.84,14,7.73,14,0.5,0.7,0.5,1.85,7.59,15.33,7.99,14,6.65,14,0.5,0.7,0.5,1012.47,1017.0,1020.0,1016.0,12,4.29,12,0.4,0.7,0.4,,,,,,,,,,,,,,,,,,,,,,,,,,,,,,,,,,,,,,,,,,,,,,,,,,,,,,,,,,,,,,,,,,,,,,,,,,,,,,,,,,,,,,,,,,,,,,,,,,,,,,,,,,,,,,,,,,,,,,,,,,,,,,,,,,,,,,,,,,,,,,,,,,,,,,
1895,12,316.0,46.0,,,,,,,,,,,,,,,,,,,,,,,,,,,,,,,,,,,,,,,,4.0,4.6,23.87,9.74,18,9.33,20,0.3,0.6,0.6,-0.54,0.0,6.47,3.73,18,7.71,20,0.3,0.6,0.6,-6.02,0.0,8.72,-0.19,18,10.65,20,0.3,0.6,0.6,983.02,988.9,1011.93,995.06,17,14.99,20,0.5,0.5,0.6,,,,,,,,,,,,,,,,,,,,,,,,,,,,,,,,,,,,,,,,,,,,,,,,,,,,,,,,,,,,,,,,,,,,,,,,,,,,,,,,,,,,,,,,,,,,,,,,,,,,,,,,,,,,,,,,,,,,,,,,,,,,,,,,,,,,,,,,,,,,,,,,,,,,,,
1895,12,316.0,48.0,,,,,,,,,,,,,,,,,,,,,,,,,,,,,,,,,,,,,,,,8.76,10.8,19.0,12.6,6,5.26,12,0.3,0.5,0.3,-2.81,0.0,7.99,1.67,6,7.54,12,0.3,0.5,0.3,-10.15,0.0,10.82,0.83,6,12.54,12,0.3,0.5,0.3,1001.34,1002.5,1003.39,1002.37,3,1.5,16,0.7,0.6,0.3,,,,,,,,,,,,,,,,,,,,,,,,,,,,,,,,,,,,,,,,,,,,,,,,,,,,,,,,,,,,,,,,,,,,,,,,,,,,,,,,,,,,,,,,,,,,,,,,,,,,,,,,,,,,,,,,,,,,,,,,,,,,,,,,,,,,,,,,,,,,,,,,,,,,,,
1895,12,318.0,-46.0,,,,,,,,,,,,,,,,,,,,,,,,,,,,,,,,,,,,,,,,3.68,6.7,9.3,6.33,17,2.96,20,0.5,0.6,0.8,1.32,4.6,6.7,4.17,17,3.14,20,0.5,0.6,0.8,-2.15,1.84,6.36,1.88,17,4.38,20,0.5,0.6,0.8,998.42,1006.1,1010.6,1005.06,11,6.86,20,0.5,0.5,0.9,,,,,,,,,,,,,,,,,,,,,,,,,,,,,,,,,,,,,,,,,,,,,,,,,,,,,,,,,,,,,,,,,,,,,,,,,,,,,,,,,,,,,,,,,,,,,,,,,,,,,,,,,,,,,,,,,,,,,,,,,,,,,,,,,,,,,,,,,,,,,,,,,,,,,,
1895,12,318.0,-44.0,,,,,,,,,,,,,,,,,,,,,,,,,,,,,,,,,,,,,,,,4.22,9.3,12.3,8.72,25,4.67,22,0.4,0.7,0.7,-2.6,6.17,8.64,4.15,25,6.47,22,0.4,0.7,0.7,-3.48,0.0,6.98,0.85,25,6.37,22,0.4,0.7,0.7,991.5,1004.7,1010.63,1003.23,21,10.21,22,0.4,0.6,0.7,,,,,,,,,,,,,,,,,,,,,,,,,,,,,,,,,,,,,,,,,,,,,,,,,,,,,,,,,,,,,,,,,,,,,,,,,,,,,,,,,,,,,,,,,,,,,,,,,,,,,,,,,,,,,,,,,,,,,,,,,,,,,,,,,,,,,,,,,,,,,,,,,,,,,,
1895,12,318.0,-42.0,,,,,,,,,,,,,,,,,,,,,,,,,,,,,,,,,,,,,,,,4.6,4.6,8.02,6.46,23,3.56,20,0.5,0.7,0.7,0.0,3.25,5.49,3.19,23,4.21,20,0.5,0.7,0.7,-4.74,-2.51,4.67,-1.01,23,5.18,20,0.5,0.7,0.7,1009.38,1015.05,1017.3,1013.8,18,4.06,20,0.5,0.7,0.7,,,,,,,,,,,,,,,,,,,,,,,,,,,,,,,,,,,,,,,,,,,,,,,,,,,,,,,,,,,,,,,,,,,,,,,,,,,,,,,,,,,,,,,,,,,,,,,,,,,,,,,,,,,,,,,,,,,,,,,,,,,,,,,,,,,,,,,,,,,,,,,,,,,,,,
1895,12,318.0,-40.0,,,,,,,,,,,,,,,,,,,,,,,,,,,,,,,,,,,,,,,,6.7,6.7,8.6,6.82,9,1.94,10,0.6,0.8,0.7,-6.21,-3.63,0.0,-3.56,9,3.16,10,0.6,0.8,0.7,2.53,4.74,6.7,4.89,9,2.24,10,0.6,0.8,0.7,1012.46,1013.8,1017.43,1014.54,9,2.62,10,0.6,0.8,0.7,,,,,,,,,,,,,,,,,,,,,,,,,,,,,,,,,,,,,,,,,,,,,,,,,,,,,,,,,,,,,,,,,,,,,,,,,,,,,,,,,,,,,,,,,,,,,,,,,,,,,,,,,,,,,,,,,,,,,,,,,,,,,,,,,,,,,,,,,,,,,,,,,,,,,,
1895,12,318.0,-38.0,,,,,,,,,,,,,,,,,,,,,,,,,,,,,,,,,,,,,,,,2.6,4.6,4.6,3.85,8,1.04,22,0.6,0.8,0.8,-3.25,-2.4,-1.8,-2.27,8,1.1,22,0.6,0.8,0.8,-0.8,3.25,4.13,2.09,8,2.43,22,0.6,0.8,0.8,1012.37,1016.05,1018.0,1015.21,8,3.38,22,0.6,0.8,0.8,,,,,,,,,,,,,,,,,,,,,,,,,,,,,,,,,,,,,,,,,,,,,,,,,,,,,,,,,,,,,,,,,,,,,,,,,,,,,,,,,,,,,,,,,,,,,,,,,,,,,,,,,,,,,,,,,,,,,,,,,,,,,,,,,,,,,,,,,,,,,,,,,,,,,,
1895,12,318.0,-36.0,,,,,,,,,,,,,,,,,,,,,,,,,,,,,,,,,,,,,,,,2.6,2.6,4.6,3.61,8,1.54,26,0.4,0.9,0.8,-1.83,0.51,1.02,-0.25,8,1.52,26,0.4,0.9,0.8,-4.56,-2.39,-2.39,-3.31,8,1.54,26,0.4,0.9,0.8,1016.11,1016.85,1018.11,1016.76,8,1.48,26,0.4,0.9,0.8,,,,,,,,,,,,,,,,,,,,,,,,,,,,,,,,,,,,,,,,,,,,,,,,,,,,,,,,,,,,,,,,,,,,,,,,,,,,,,,,,,,,,,,,,,,,,,,,,,,,,,,,,,,,,,,,,,,,,,,,,,,,,,,,,,,,,,,,,,,,,,,,,,,,,,
1895,12,318.0,-28.0,,,,,,,,,,,,,,,,,,,,,,,,,,,,,,,,,,,,,,,,4.6,6.7,9.3,7.02,22,2.96,16,0.5,0.6,0.7,-6.7,-4.23,1.61,-3.03,22,4.26,16,0.5,0.6,0.7,-6.44,-1.39,4.23,-1.11,22,5.59,16,0.5,0.6,0.7,1010.74,1011.15,1012.82,1012.11,16,2.55,22,0.4,0.7,0.8,,,,,,,,,,,,,,,,,,,,,,,,,,,,,,,,,,,,,,,,,,,,,,,,,,,,,,,,,,,,,,,,,,,,,,,,,,,,,,,,,,,,,,,,,,,,,,,,,,,,,,,,,,,,,,,,,,,,,,,,,,,,,,,,,,,,,,,,,,,,,,,,,,,,,,
1895,12,318.0,-26.0,,,,,,,,,,,,,,,,,,,,,,,,,,,,,,,,,,,,,,,,4.6,9.3,9.3,7.72,30,2.79,18,0.5,0.8,0.7,-6.58,-4.6,-0.6,-3.78,30,3.66,18,0.5,0.8,0.7,-8.59,-6.58,-2.67,-5.11,30,3.78,18,0.5,0.8,0.7,1010.04,1011.8,1018.18,1013.55,29,3.68,18,0.5,0.8,0.7,,,,,,,,,,,,,,,,,,,,,,,,,,,,,,,,,,,,,,,,,,,,,,,,,,,,,,,,,,,,,,,,,,,,,,,,,,,,,,,,,,,,,,,,,,,,,,,,,,,,,,,,,,,,,,,,,,,,,,,,,,,,,,,,,,,,,,,,,,,,,,,,,,,,,,
1895,12,318.0,-24.0,,,,,,,,,,,,,,,,,,,,,,,,,,,,,,,,,,,,,,,,6.27,6.7,7.24,6.78,6,1.49,14,0.5,0.7,0.5,-4.74,-4.0,3.86,-1.52,6,4.47,14,0.5,0.7,0.5,-4.74,-4.0,5.53,-0.69,6,5.84,14,0.5,0.7,0.5,1008.31,1014.7,1017.48,1013.45,6,4.41,14,0.5,0.7,0.5,,,,,,,,,,,,,,,,,,,,,,,,,,,,,,,,,,,,,,,,,,,,,,,,,,,,,,,,,,,,,,,,,,,,,,,,,,,,,,,,,,,,,,,,,,,,,,,,,,,,,,,,,,,,,,,,,,,,,,,,,,,,,,,,,,,,,,,,,,,,,,,,,,,,,,
1895,12,318.0,22.0,,,,,,,,,,,,,,,,,,,,,,,,,,,,,,,,,,,,,,,,3.55,4.6,4.6,4.1,4,1.0,6,0.3,0.3,0.8,-2.58,-1.82,-1.8,-2.17,4,0.72,6,0.3,0.3,0.8,-4.23,-3.74,-2.51,-3.39,4,1.13,6,0.3,0.3,0.8,1018.3,1019.5,1020.22,1019.28,4,1.38,6,0.3,0.3,0.8,,,,,,,,,,,,,,,,,,,,,,,,,,,,,,,,,,,,,,,,,,,,,,,,,,,,,,,,,,,,,,,,,,,,,,,,,,,,,,,,,,,,,,,,,,,,,,,,,,,,,,,,,,,,,,,,,,,,,,,,,,,,,,,,,,,,,,,,,,,,,,,,,,,,,,
1895,12,318.0,24.0,,,,,,,,,,,,,,,,,,,,,,,,,,,,,,,,,,,,,,,,2.6,4.6,5.47,4.44,11,1.43,12,0.6,0.6,0.4,-2.88,-1.84,4.23,0.08,11,3.53,12,0.6,0.6,0.4,-4.46,-1.8,-1.77,-2.7,11,1.8,12,0.6,0.6,0.4,1016.8,1017.4,1018.78,1017.69,11,1.11,12,0.6,0.6,0.4,,,,,,,,,,,,,,,,,,,,,,,,,,,,,,,,,,,,,,,,,,,,,,,,,,,,,,,,,,,,,,,,,,,,,,,,,,,,,,,,,,,,,,,,,,,,,,,,,,,,,,,,,,,,,,,,,,,,,,,,,,,,,,,,,,,,,,,,,,,,,,,,,,,,,,
1895,12,318.0,26.0,,,,,,,,,,,,,,,,,,,,,,,,,,,,,,,,,,,,,,,,2.6,6.7,6.7,5.55,8,2.66,8,0.5,0.6,0.6,-6.48,-2.17,-0.11,-2.96,8,2.82,8,0.5,0.6,0.6,0.27,3.67,6.65,3.47,8,3.24,8,0.5,0.6,0.6,1016.8,1016.8,1016.8,1016.8,1,0.0,24,1.0,0.8,0.3,,,,,,,,,,,,,,,,,,,,,,,,,,,,,,,,,,,,,,,,,,,,,,,,,,,,,,,,,,,,,,,,,,,,,,,,,,,,,,,,,,,,,,,,,,,,,,,,,,,,,,,,,,,,,,,,,,,,,,,,,,,,,,,,,,,,,,,,,,,,,,,,,,,,,,
1895,12,318.0,28.0,,,,,,,,,,,,,,,,,,,,,,,,,,,,,,,,,,,,,,,,9.3,9.3,9.3,9.3,1,0.0,30,0.0,0.3,0.3,-8.62,-8.62,-8.62,-8.62,1,0.0,30,0.0,0.3,0.3,-3.48,-3.48,-3.48,-3.48,1,0.0,30,0.0,0.3,0.3,1025.6,1025.6,1025.6,1025.6,1,0.0,30,0.0,0.3,0.3,,,,,,,,,,,,,,,,,,,,,,,,,,,,,,,,,,,,,,,,,,,,,,,,,,,,,,,,,,,,,,,,,,,,,,,,,,,,,,,,,,,,,,,,,,,,,,,,,,,,,,,,,,,,,,,,,,,,,,,,,,,,,,,,,,,,,,,,,,,,,,,,,,,,,,
1895,12,318.0,32.0,,,,,,,,,,,,,,,,,,,,,,,,,,,,,,,,,,,,,,,,1.0,1.0,2.6,1.71,9,0.84,2,0.3,0.9,0.4,-1.0,-1.0,1.08,-0.52,9,1.41,2,0.3,0.9,0.4,-0.74,0.0,1.34,0.03,9,1.3,2,0.3,0.9,0.4,1019.46,1020.9,1021.45,1020.66,9,1.02,2,0.3,0.9,0.4,,,,,,,,,,,,,,,,,,,,,,,,,,,,,,,,,,,,,,,,,,,,,,,,,,,,,,,,,,,,,,,,,,,,,,,,,,,,,,,,,,,,,,,,,,,,,,,,,,,,,,,,,,,,,,,,,,,,,,,,,,,,,,,,,,,,,,,,,,,,,,,,,,,,,,
1895,12,318.0,34.0,,,,,,,,,,,,,,,,,,,,,,,,,,,,,,,,,,,,,,,,4.6,4.6,4.6,4.6,1,0.0,2,1.0,1.0,0.0,3.25,3.25,3.25,3.25,1,0.0,2,1.0,1.0,0.0,3.25,3.25,3.25,3.25,1,0.0,2,1.0,1.0,0.0,1018.1,1018.1,1018.1,1018.1,1,0.0,2,1.0,1.0,0.0,,,,,,,,,,,,,,,,,,,,,,,,,,,,,,,,,,,,,,,,,,,,,,,,,,,,,,,,,,,,,,,,,,,,,,,,,,,,,,,,,,,,,,,,,,,,,,,,,,,,,,,,,,,,,,,,,,,,,,,,,,,,,,,,,,,,,,,,,,,,,,,,,,,,,,
1895,12,318.0,42.0,,,,,,,,,,,,,,,,,,,,,,,,,,,,,,,,,,,,,,,,9.3,9.8,17.23,12.39,12,5.24,16,0.6,0.7,0.5,3.48,6.17,13.07,7.64,12,4.81,16,0.6,0.7,0.5,-2.67,6.39,9.33,3.51,12,9.73,16,0.6,0.7,0.5,1012.7,1020.0,1026.19,1020.0,9,6.42,14,0.7,0.7,0.5,,,,,,,,,,,,,,,,,,,,,,,,,,,,,,,,,,,,,,,,,,,,,,,,,,,,,,,,,,,,,,,,,,,,,,,,,,,,,,,,,,,,,,,,,,,,,,,,,,,,,,,,,,,,,,,,,,,,,,,,,,,,,,,,,,,,,,,,,,,,,,,,,,,,,,
1895,12,318.0,44.0,,,,,,,,,,,,,,,,,,,,,,,,,,,,,,,,,,,,,,,,9.3,9.3,9.3,9.3,2,0.0,12,0.0,0.8,0.0,0.55,1.74,2.93,1.74,2,2.46,12,0.0,0.8,0.0,8.73,8.96,9.19,8.96,2,0.48,12,0.0,0.8,0.0,1018.16,1018.5,1018.84,1018.5,2,0.71,12,0.0,0.8,0.0,,,,,,,,,,,,,,,,,,,,,,,,,,,,,,,,,,,,,,,,,,,,,,,,,,,,,,,,,,,,,,,,,,,,,,,,,,,,,,,,,,,,,,,,,,,,,,,,,,,,,,,,,,,,,,,,,,,,,,,,,,,,,,,,,,,,,,,,,,,,,,,,,,,,,,
1895,12,318.0,46.0,,,,,,,,,,,,,,,,,,,,,,,,,,,,,,,,,,,,,,,,4.73,17.2,22.6,14.65,14,9.55,20,0.6,0.4,0.6,0.0,2.99,4.74,3.42,14,9.51,20,0.6,0.4,0.6,-22.15,0.0,11.61,-2.03,14,14.66,20,0.6,0.4,0.6,984.41,988.0,1008.97,994.71,9,14.0,20,0.6,0.4,0.6,,,,,,,,,,,,,,,,,,,,,,,,,,,,,,,,,,,,,,,,,,,,,,,,,,,,,,,,,,,,,,,,,,,,,,,,,,,,,,,,,,,,,,,,,,,,,,,,,,,,,,,,,,,,,,,,,,,,,,,,,,,,,,,,,,,,,,,,,,,,,,,,,,,,,,
1895,12,318.0,48.0,,,,,,,,,,,,,,,,,,,,,,,,,,,,,,,,,,,,,,,,5.01,9.3,19.0,10.75,11,7.16,14,0.5,0.5,0.3,0.0,4.74,6.93,4.78,11,5.64,14,0.5,0.5,0.3,-3.97,4.74,15.54,5.25,11,9.55,14,0.5,0.5,0.3,1004.93,1009.2,1021.75,1010.63,9,10.43,16,0.3,0.5,0.3,,,,,,,,,,,,,,,,,,,,,,,,,,,,,,,,,,,,,,,,,,,,,,,,,,,,,,,,,,,,,,,,,,,,,,,,,,,,,,,,,,,,,,,,,,,,,,,,,,,,,,,,,,,,,,,,,,,,,,,,,,,,,,,,,,,,,,,,,,,,,,,,,,,,,,
1895,12,320.0,-44.0,,,,,,,,,,,,,,,,,,,,,,,,,,,,,,,,,,,,,,,,4.6,5.65,6.7,5.25,14,2.43,26,0.7,0.6,0.9,0.06,4.6,6.17,3.94,14,2.58,26,0.7,0.6,0.9,-4.73,0.0,2.57,-0.77,14,3.4,26,0.7,0.6,0.9,1009.33,1013.0,1015.53,1013.03,6,3.88,22,0.7,0.7,0.8,,,,,,,,,,,,,,,,,,,,,,,,,,,,,,,,,,,,,,,,,,,,,,,,,,,,,,,,,,,,,,,,,,,,,,,,,,,,,,,,,,,,,,,,,,,,,,,,,,,,,,,,,,,,,,,,,,,,,,,,,,,,,,,,,,,,,,,,,,,,,,,,,,,,,,
1895,12,320.0,-42.0,,,,,,,,,,,,,,,,,,,,,,,,,,,,,,,,,,,,,,,,4.31,6.7,12.3,7.74,19,4.53,24,0.6,0.8,0.8,0.0,1.84,8.63,3.91,19,5.6,24,0.6,0.8,0.8,-8.78,-3.48,-1.48,-4.39,19,3.99,24,0.6,0.8,0.8,1012.41,1015.0,1016.3,1014.03,16,3.59,24,0.6,0.8,0.8,,,,,,,,,,,,,,,,,,,,,,,,,,,,,,,,,,,,,,,,,,,,,,,,,,,,,,,,,,,,,,,,,,,,,,,,,,,,,,,,,,,,,,,,,,,,,,,,,,,,,,,,,,,,,,,,,,,,,,,,,,,,,,,,,,,,,,,,,,,,,,,,,,,,,,
1895,12,320.0,-40.0,,,,,,,,,,,,,,,,,,,,,,,,,,,,,,,,,,,,,,,,4.6,4.6,12.3,6.75,13,3.52,22,0.6,0.8,0.6,-8.96,0.0,3.25,-2.28,13,5.62,22,0.6,0.8,0.6,-4.98,-3.25,-2.18,-3.47,13,3.38,22,0.6,0.8,0.6,1010.82,1014.1,1015.47,1013.33,9,2.59,22,0.6,0.8,0.6,,,,,,,,,,,,,,,,,,,,,,,,,,,,,,,,,,,,,,,,,,,,,,,,,,,,,,,,,,,,,,,,,,,,,,,,,,,,,,,,,,,,,,,,,,,,,,,,,,,,,,,,,,,,,,,,,,,,,,,,,,,,,,,,,,,,,,,,,,,,,,,,,,,,,,
1895,12,320.0,-36.0,,,,,,,,,,,,,,,,,,,,,,,,,,,,,,,,,,,,,,,,4.6,4.6,4.6,4.6,1,0.0,26,0.0,0.5,1.0,1.8,1.8,1.8,1.8,1,0.0,26,0.0,0.5,1.0,-4.23,-4.23,-4.23,-4.23,1,0.0,26,0.0,0.5,1.0,1013.7,1013.7,1013.7,1013.7,1,0.0,26,0.0,0.5,1.0,,,,,,,,,,,,,,,,,,,,,,,,,,,,,,,,,,,,,,,,,,,,,,,,,,,,,,,,,,,,,,,,,,,,,,,,,,,,,,,,,,,,,,,,,,,,,,,,,,,,,,,,,,,,,,,,,,,,,,,,,,,,,,,,,,,,,,,,,,,,,,,,,,,,,,
1895,12,320.0,-34.0,,,,,,,,,,,,,,,,,,,,,,,,,,,,,,,,,,,,,,,,2.52,4.6,6.7,4.7,7,2.24,26,0.6,0.8,0.7,1.78,2.62,3.32,2.72,7,1.26,26,0.6,0.8,0.7,-6.17,-3.25,-1.78,-3.73,7,2.08,26,0.6,0.8,0.7,1015.8,1017.0,1017.23,1016.66,7,0.85,26,0.6,0.8,0.7,,,,,,,,,,,,,,,,,,,,,,,,,,,,,,,,,,,,,,,,,,,,,,,,,,,,,,,,,,,,,,,,,,,,,,,,,,,,,,,,,,,,,,,,,,,,,,,,,,,,,,,,,,,,,,,,,,,,,,,,,,,,,,,,,,,,,,,,,,,,,,,,,,,,,,
1895,12,320.0,-28.0,,,,,,,,,,,,,,,,,,,,,,,,,,,,,,,,,,,,,,,,2.6,6.7,9.3,6.17,17,3.49,8,0.6,0.7,0.6,-4.48,-2.51,0.0,-1.87,17,3.02,8,0.6,0.7,0.6,-5.42,-1.8,9.3,-0.02,17,6.31,8,0.6,0.7,0.6,1012.47,1013.45,1014.82,1013.61,16,1.16,8,0.6,0.7,0.6,,,,,,,,,,,,,,,,,,,,,,,,,,,,,,,,,,,,,,,,,,,,,,,,,,,,,,,,,,,,,,,,,,,,,,,,,,,,,,,,,,,,,,,,,,,,,,,,,,,,,,,,,,,,,,,,,,,,,,,,,,,,,,,,,,,,,,,,,,,,,,,,,,,,,,
1895,12,320.0,-26.0,,,,,,,,,,,,,,,,,,,,,,,,,,,,,,,,,,,,,,,,6.7,9.3,9.3,8.31,12,2.06,14,0.5,0.6,0.9,-6.58,1.82,3.63,-0.31,12,5.07,14,0.5,0.6,0.9,-7.08,-4.42,8.56,-0.9,12,7.27,14,0.5,0.6,0.9,1011.56,1012.3,1014.1,1012.57,11,1.5,16,0.5,0.5,0.9,,,,,,,,,,,,,,,,,,,,,,,,,,,,,,,,,,,,,,,,,,,,,,,,,,,,,,,,,,,,,,,,,,,,,,,,,,,,,,,,,,,,,,,,,,,,,,,,,,,,,,,,,,,,,,,,,,,,,,,,,,,,,,,,,,,,,,,,,,,,,,,,,,,,,,
1895,12,320.0,-24.0,,,,,,,,,,,,,,,,,,,,,,,,,,,,,,,,,,,,,,,,6.7,9.3,10.68,8.97,17,2.28,24,0.4,0.7,0.7,-8.66,-6.7,-5.04,-7.29,17,2.63,24,0.4,0.7,0.7,-6.58,-3.63,3.48,-2.74,17,4.39,24,0.4,0.7,0.7,1015.0,1017.4,1018.58,1017.04,17,1.83,24,0.4,0.7,0.7,,,,,,,,,,,,,,,,,,,,,,,,,,,,,,,,,,,,,,,,,,,,,,,,,,,,,,,,,,,,,,,,,,,,,,,,,,,,,,,,,,,,,,,,,,,,,,,,,,,,,,,,,,,,,,,,,,,,,,,,,,,,,,,,,,,,,,,,,,,,,,,,,,,,,,
1895,12,320.0,-22.0,,,,,,,,,,,,,,,,,,,,,,,,,,,,,,,,,,,,,,,,6.7,6.7,9.3,7.4,9,2.22,16,0.7,0.8,0.5,-8.56,-4.74,-3.93,-5.73,9,2.42,16,0.7,0.8,0.5,-4.74,-3.63,-2.32,-3.67,9,2.93,16,0.7,0.8,0.5,1015.25,1017.9,1018.32,1016.91,7,1.75,20,0.6,1.0,0.5,,,,,,,,,,,,,,,,,,,,,,,,,,,,,,,,,,,,,,,,,,,,,,,,,,,,,,,,,,,,,,,,,,,,,,,,,,,,,,,,,,,,,,,,,,,,,,,,,,,,,,,,,,,,,,,,,,,,,,,,,,,,,,,,,,,,,,,,,,,,,,,,,,,,,,
1895,12,320.0,-20.0,,,,,,,,,,,,,,,,,,,,,,,,,,,,,,,,,,,,,,,,0.0,0.0,0.0,0.0,1,0.0,16,1.0,0.8,0.3,0.0,0.0,0.0,0.0,1,0.0,16,1.0,0.8,0.3,0.0,0.0,0.0,0.0,1,0.0,16,1.0,0.8,0.3,1014.0,1014.0,1014.0,1014.0,1,0.0,16,1.0,0.8,0.3,,,,,,,,,,,,,,,,,,,,,,,,,,,,,,,,,,,,,,,,,,,,,,,,,,,,,,,,,,,,,,,,,,,,,,,,,,,,,,,,,,,,,,,,,,,,,,,,,,,,,,,,,,,,,,,,,,,,,,,,,,,,,,,,,,,,,,,,,,,,,,,,,,,,,,
1895,12,320.0,20.0,,,,,,,,,,,,,,,,,,,,,,,,,,,,,,,,,,,,,,,,4.93,5.65,6.37,5.65,2,1.48,30,0.5,1.0,0.5,-4.26,-3.23,-2.2,-3.23,2,2.13,30,0.5,1.0,0.5,-4.66,-4.5,-4.34,-4.5,2,0.33,30,0.5,1.0,0.5,1020.13,1020.4,1020.67,1020.4,2,0.57,30,0.5,1.0,0.5,,,,,,,,,,,,,,,,,,,,,,,,,,,,,,,,,,,,,,,,,,,,,,,,,,,,,,,,,,,,,,,,,,,,,,,,,,,,,,,,,,,,,,,,,,,,,,,,,,,,,,,,,,,,,,,,,,,,,,,,,,,,,,,,,,,,,,,,,,,,,,,,,,,,,,
1895,12,320.0,22.0,,,,,,,,,,,,,,,,,,,,,,,,,,,,,,,,,,,,,,,,4.6,6.7,6.7,6.17,11,1.46,30,0.5,0.9,0.1,-4.74,-2.51,-1.01,-2.82,11,2.01,30,0.5,0.9,0.1,-6.63,-4.74,-3.85,-5.17,11,1.35,30,0.5,0.9,0.1,1019.67,1020.9,1022.34,1020.99,11,1.37,30,0.5,0.9,0.1,,,,,,,,,,,,,,,,,,,,,,,,,,,,,,,,,,,,,,,,,,,,,,,,,,,,,,,,,,,,,,,,,,,,,,,,,,,,,,,,,,,,,,,,,,,,,,,,,,,,,,,,,,,,,,,,,,,,,,,,,,,,,,,,,,,,,,,,,,,,,,,,,,,,,,
1895,12,320.0,24.0,,,,,,,,,,,,,,,,,,,,,,,,,,,,,,,,,,,,,,,,0.63,1.0,6.7,3.08,5,3.33,8,0.6,0.4,0.7,-1.54,-0.71,2.25,0.38,5,3.37,8,0.6,0.4,0.7,-3.91,-0.71,-0.25,-1.98,5,2.55,8,0.6,0.4,0.7,1016.77,1018.0,1019.16,1018.1,7,1.4,12,0.7,0.6,0.6,,,,,,,,,,,,,,,,,,,,,,,,,,,,,,,,,,,,,,,,,,,,,,,,,,,,,,,,,,,,,,,,,,,,,,,,,,,,,,,,,,,,,,,,,,,,,,,,,,,,,,,,,,,,,,,,,,,,,,,,,,,,,,,,,,,,,,,,,,,,,,,,,,,,,,
1895,12,320.0,26.0,,,,,,,,,,,,,,,,,,,,,,,,,,,,,,,,,,,,,,,,1.0,3.6,6.7,4.42,24,3.48,16,0.4,0.8,0.4,-2.04,-0.37,2.34,-0.37,24,4.0,16,0.4,0.8,0.4,-5.19,-0.95,2.39,-1.26,24,3.83,16,0.4,0.8,0.4,1012.57,1016.4,1018.4,1015.88,21,2.56,16,0.4,0.8,0.3,,,,,,,,,,,,,,,,,,,,,,,,,,,,,,,,,,,,,,,,,,,,,,,,,,,,,,,,,,,,,,,,,,,,,,,,,,,,,,,,,,,,,,,,,,,,,,,,,,,,,,,,,,,,,,,,,,,,,,,,,,,,,,,,,,,,,,,,,,,,,,,,,,,,,,
1895,12,320.0,28.0,,,,,,,,,,,,,,,,,,,,,,,,,,,,,,,,,,,,,,,,2.6,3.6,12.3,6.15,18,4.75,10,0.7,0.8,0.3,-8.56,-1.45,-0.39,-2.96,18,5.96,10,0.7,0.8,0.3,-3.69,-2.16,2.01,-1.0,18,4.1,10,0.7,0.8,0.3,1016.1,1016.1,1016.1,1016.1,1,0.0,24,1.0,0.8,0.3,,,,,,,,,,,,,,,,,,,,,,,,,,,,,,,,,,,,,,,,,,,,,,,,,,,,,,,,,,,,,,,,,,,,,,,,,,,,,,,,,,,,,,,,,,,,,,,,,,,,,,,,,,,,,,,,,,,,,,,,,,,,,,,,,,,,,,,,,,,,,,,,,,,,,,
1895,12,320.0,34.0,,,,,,,,,,,,,,,,,,,,,,,,,,,,,,,,,,,,,,,,4.6,6.7,9.3,6.9,5,2.35,2,0.4,0.6,0.3,-8.62,-2.62,2.28,-2.98,5,5.59,2,0.4,0.6,0.3,3.4,3.48,4.96,4.13,5,1.2,2,0.4,0.6,0.3,1017.31,1018.3,1019.94,1018.58,5,1.55,2,0.4,0.6,0.3,,,,,,,,,,,,,,,,,,,,,,,,,,,,,,,,,,,,,,,,,,,,,,,,,,,,,,,,,,,,,,,,,,,,,,,,,,,,,,,,,,,,,,,,,,,,,,,,,,,,,,,,,,,,,,,,,,,,,,,,,,,,,,,,,,,,,,,,,,,,,,,,,,,,,,
1895,12,320.0,36.0,,,,,,,,,,,,,,,,,,,,,,,,,,,,,,,,,,,,,,,,9.3,9.3,9.3,9.3,3,0.0,4,1.0,1.0,0.2,-9.3,-9.3,-9.3,-9.3,3,0.0,4,1.0,1.0,0.2,0.0,0.0,0.0,0.0,3,0.0,4,1.0,1.0,0.2,1024.05,1026.1,1026.85,1025.47,3,2.12,4,1.0,1.0,0.2,,,,,,,,,,,,,,,,,,,,,,,,,,,,,,,,,,,,,,,,,,,,,,,,,,,,,,,,,,,,,,,,,,,,,,,,,,,,,,,,,,,,,,,,,,,,,,,,,,,,,,,,,,,,,,,,,,,,,,,,,,,,,,,,,,,,,,,,,,,,,,,,,,,,,,
1895,12,320.0,38.0,,,,,,,,,,,,,,,,,,,,,,,,,,,,,,,,,,,,,,,,4.6,4.6,4.6,4.6,1,0.0,2,0.0,1.0,0.5,-4.27,-4.27,-4.27,-4.27,1,0.0,2,0.0,1.0,0.5,1.72,1.72,1.72,1.72,1,0.0,2,0.0,1.0,0.5,1023.7,1023.7,1023.7,1023.7,1,0.0,2,0.0,1.0,0.5,,,,,,,,,,,,,,,,,,,,,,,,,,,,,,,,,,,,,,,,,,,,,,,,,,,,,,,,,,,,,,,,,,,,,,,,,,,,,,,,,,,,,,,,,,,,,,,,,,,,,,,,,,,,,,,,,,,,,,,,,,,,,,,,,,,,,,,,,,,,,,,,,,,,,,
1895,12,320.0,40.0,,,,,,,,,,,,,,,,,,,,,,,,,,,,,,,,,,,,,,,,8.48,12.3,14.42,11.47,3,4.41,14,0.3,0.8,0.3,-0.47,8.7,13.27,6.45,3,10.25,14,0.3,0.8,0.3,-5.94,0.0,3.23,-1.32,3,6.81,14,0.3,0.8,0.3,1022.0,1022.0,1022.0,1022.0,1,0.0,2,0.0,1.0,0.0,,,,,,,,,,,,,,,,,,,,,,,,,,,,,,,,,,,,,,,,,,,,,,,,,,,,,,,,,,,,,,,,,,,,,,,,,,,,,,,,,,,,,,,,,,,,,,,,,,,,,,,,,,,,,,,,,,,,,,,,,,,,,,,,,,,,,,,,,,,,,,,,,,,,,,
1895,12,320.0,42.0,,,,,,,,,,,,,,,,,,,,,,,,,,,,,,,,,,,,,,,,6.7,12.3,20.49,13.55,11,6.02,16,0.2,0.7,0.5,3.08,5.77,14.49,8.86,11,6.13,16,0.2,0.7,0.5,-10.52,6.21,10.96,2.34,11,10.4,16,0.2,0.7,0.5,1008.08,1021.0,1030.0,1020.78,9,10.11,16,0.1,0.7,0.5,,,,,,,,,,,,,,,,,,,,,,,,,,,,,,,,,,,,,,,,,,,,,,,,,,,,,,,,,,,,,,,,,,,,,,,,,,,,,,,,,,,,,,,,,,,,,,,,,,,,,,,,,,,,,,,,,,,,,,,,,,,,,,,,,,,,,,,,,,,,,,,,,,,,,,
1895,12,320.0,44.0,,,,,,,,,,,,,,,,,,,,,,,,,,,,,,,,,,,,,,,,12.3,15.4,16.89,15.57,6,3.77,16,0.5,0.8,0.3,4.61,5.77,7.88,7.08,6,4.4,16,0.5,0.8,0.3,5.75,12.84,14.28,8.28,6,11.97,16,0.5,0.8,0.3,1015.14,1017.0,1017.62,1016.0,6,4.1,16,0.5,0.8,0.3,,,,,,,,,,,,,,,,,,,,,,,,,,,,,,,,,,,,,,,,,,,,,,,,,,,,,,,,,,,,,,,,,,,,,,,,,,,,,,,,,,,,,,,,,,,,,,,,,,,,,,,,,,,,,,,,,,,,,,,,,,,,,,,,,,,,,,,,,,,,,,,,,,,,,,
1895,12,320.0,46.0,,,,,,,,,,,,,,,,,,,,,,,,,,,,,,,,,,,,,,,,2.6,8.0,11.97,6.89,8,4.7,20,0.1,0.5,0.8,-3.51,0.0,0.9,-1.14,8,2.93,20,0.1,0.5,0.8,-5.85,1.2,11.62,2.26,8,7.77,20,0.1,0.5,0.8,987.17,988.8,990.12,988.65,4,1.8,26,0.3,0.5,0.8,,,,,,,,,,,,,,,,,,,,,,,,,,,,,,,,,,,,,,,,,,,,,,,,,,,,,,,,,,,,,,,,,,,,,,,,,,,,,,,,,,,,,,,,,,,,,,,,,,,,,,,,,,,,,,,,,,,,,,,,,,,,,,,,,,,,,,,,,,,,,,,,,,,,,,
1895,12,320.0,48.0,,,,,,,,,,,,,,,,,,,,,,,,,,,,,,,,,,,,,,,,4.81,12.3,17.06,11.85,17,6.68,14,0.2,0.5,0.4,-3.11,2.39,8.8,2.78,17,7.66,14,0.2,0.5,0.4,-0.47,4.74,13.6,4.94,17,10.04,14,0.2,0.5,0.4,1003.65,1014.6,1018.72,1011.79,11,9.51,16,0.3,0.5,0.3,,,,,,,,,,,,,,,,,,,,,,,,,,,,,,,,,,,,,,,,,,,,,,,,,,,,,,,,,,,,,,,,,,,,,,,,,,,,,,,,,,,,,,,,,,,,,,,,,,,,,,,,,,,,,,,,,,,,,,,,,,,,,,,,,,,,,,,,,,,,,,,,,,,,,,
1895,12,322.0,-44.0,,,,,,,,,,,,,,,,,,,,,,,,,,,,,,,,,,,,,,,,4.6,5.65,6.7,5.65,6,1.15,22,0.3,0.7,0.8,0.0,0.9,2.62,1.17,6,1.32,22,0.3,0.7,0.8,-6.28,-5.38,-4.52,-5.41,6,1.05,22,0.3,0.7,0.8,1014.18,1015.0,1015.07,1014.63,3,0.72,22,0.3,0.5,1.0,,,,,,,,,,,,,,,,,,,,,,,,,,,,,,,,,,,,,,,,,,,,,,,,,,,,,,,,,,,,,,,,,,,,,,,,,,,,,,,,,,,,,,,,,,,,,,,,,,,,,,,,,,,,,,,,,,,,,,,,,,,,,,,,,,,,,,,,,,,,,,,,,,,,,,
1895,12,322.0,-42.0,,,,,,,,,,,,,,,,,,,,,,,,,,,,,,,,,,,,,,,,6.7,9.3,15.4,11.04,13,3.51,28,0.8,0.7,0.8,0.0,6.02,9.5,5.49,13,5.58,28,0.8,0.7,0.8,-14.19,-6.17,0.0,-6.96,13,5.29,28,0.8,0.7,0.8,1001.68,1007.3,1015.45,1007.99,9,7.5,26,0.8,0.8,0.8,,,,,,,,,,,,,,,,,,,,,,,,,,,,,,,,,,,,,,,,,,,,,,,,,,,,,,,,,,,,,,,,,,,,,,,,,,,,,,,,,,,,,,,,,,,,,,,,,,,,,,,,,,,,,,,,,,,,,,,,,,,,,,,,,,,,,,,,,,,,,,,,,,,,,,
1895,12,322.0,-40.0,,,,,,,,,,,,,,,,,,,,,,,,,,,,,,,,,,,,,,,,6.7,9.3,9.3,8.63,21,3.29,24,0.3,0.8,0.7,-8.83,0.0,6.68,-0.91,21,6.88,24,0.3,0.8,0.7,-6.26,0.0,8.22,-0.22,21,6.39,24,0.3,0.8,0.7,1009.02,1012.5,1016.59,1012.02,15,5.27,24,0.3,0.7,0.7,,,,,,,,,,,,,,,,,,,,,,,,,,,,,,,,,,,,,,,,,,,,,,,,,,,,,,,,,,,,,,,,,,,,,,,,,,,,,,,,,,,,,,,,,,,,,,,,,,,,,,,,,,,,,,,,,,,,,,,,,,,,,,,,,,,,,,,,,,,,,,,,,,,,,,
1895,12,322.0,-38.0,,,,,,,,,,,,,,,,,,,,,,,,,,,,,,,,,,,,,,,,5.5,8.0,12.3,8.58,10,3.62,24,0.7,0.9,0.6,-7.03,-4.19,-2.62,-4.63,10,2.34,24,0.7,0.9,0.6,3.89,7.36,10.2,6.79,10,3.8,24,0.7,0.9,0.6,1013.81,1016.4,1018.0,1015.86,10,2.6,24,0.7,0.9,0.6,,,,,,,,,,,,,,,,,,,,,,,,,,,,,,,,,,,,,,,,,,,,,,,,,,,,,,,,,,,,,,,,,,,,,,,,,,,,,,,,,,,,,,,,,,,,,,,,,,,,,,,,,,,,,,,,,,,,,,,,,,,,,,,,,,,,,,,,,,,,,,,,,,,,,,
1895,12,322.0,-34.0,,,,,,,,,,,,,,,,,,,,,,,,,,,,,,,,,,,,,,,,1.0,1.0,1.0,1.0,3,0.0,28,0.7,0.5,1.0,0.48,0.71,0.85,0.67,3,0.28,28,0.7,0.5,1.0,0.49,0.71,0.86,0.68,3,0.27,28,0.7,0.5,1.0,1018.66,1018.8,1018.94,1018.8,3,0.2,28,0.7,0.5,1.0,,,,,,,,,,,,,,,,,,,,,,,,,,,,,,,,,,,,,,,,,,,,,,,,,,,,,,,,,,,,,,,,,,,,,,,,,,,,,,,,,,,,,,,,,,,,,,,,,,,,,,,,,,,,,,,,,,,,,,,,,,,,,,,,,,,,,,,,,,,,,,,,,,,,,,
1895,12,322.0,-32.0,,,,,,,,,,,,,,,,,,,,,,,,,,,,,,,,,,,,,,,,1.0,1.0,4.6,2.26,7,1.7,28,0.4,0.7,0.6,-0.02,0.71,3.25,1.3,7,1.5,28,0.4,0.7,0.6,-3.25,-1.0,-0.91,-1.7,7,1.12,28,0.4,0.7,0.6,1014.87,1015.8,1016.19,1015.67,7,1.22,28,0.4,0.7,0.6,,,,,,,,,,,,,,,,,,,,,,,,,,,,,,,,,,,,,,,,,,,,,,,,,,,,,,,,,,,,,,,,,,,,,,,,,,,,,,,,,,,,,,,,,,,,,,,,,,,,,,,,,,,,,,,,,,,,,,,,,,,,,,,,,,,,,,,,,,,,,,,,,,,,,,
1895,12,322.0,-30.0,,,,,,,,,,,,,,,,,,,,,,,,,,,,,,,,,,,,,,,,1.0,2.6,6.7,3.8,19,2.54,8,0.4,0.7,0.7,-3.29,-1.02,-0.37,-1.77,19,1.59,8,0.4,0.7,0.7,-6.21,-2.41,-0.93,-3.05,19,2.45,8,0.4,0.7,0.7,1012.23,1014.95,1015.53,1013.95,10,1.83,8,0.4,0.7,0.8,,,,,,,,,,,,,,,,,,,,,,,,,,,,,,,,,,,,,,,,,,,,,,,,,,,,,,,,,,,,,,,,,,,,,,,,,,,,,,,,,,,,,,,,,,,,,,,,,,,,,,,,,,,,,,,,,,,,,,,,,,,,,,,,,,,,,,,,,,,,,,,,,,,,,,
1895,12,322.0,-28.0,,,,,,,,,,,,,,,,,,,,,,,,,,,,,,,,,,,,,,,,2.02,6.7,7.65,5.26,5,3.38,12,0.6,0.7,0.5,-1.97,0.0,1.15,-0.35,5,2.24,12,0.6,0.7,0.5,1.86,6.21,7.38,4.96,5,3.18,12,0.6,0.7,0.5,1012.43,1014.1,1014.72,1013.7,5,1.24,12,0.6,0.7,0.5,,,,,,,,,,,,,,,,,,,,,,,,,,,,,,,,,,,,,,,,,,,,,,,,,,,,,,,,,,,,,,,,,,,,,,,,,,,,,,,,,,,,,,,,,,,,,,,,,,,,,,,,,,,,,,,,,,,,,,,,,,,,,,,,,,,,,,,,,,,,,,,,,,,,,,
1895,12,322.0,-26.0,,,,,,,,,,,,,,,,,,,,,,,,,,,,,,,,,,,,,,,,1.0,1.8,2.6,2.05,8,1.3,8,0.6,0.6,0.6,-2.41,-1.38,-0.73,-1.77,8,1.38,8,0.6,0.6,0.6,-0.91,-0.19,0.9,0.1,8,0.99,8,0.6,0.6,0.6,1012.66,1014.0,1014.41,1013.63,7,1.02,6,0.6,0.6,0.6,,,,,,,,,,,,,,,,,,,,,,,,,,,,,,,,,,,,,,,,,,,,,,,,,,,,,,,,,,,,,,,,,,,,,,,,,,,,,,,,,,,,,,,,,,,,,,,,,,,,,,,,,,,,,,,,,,,,,,,,,,,,,,,,,,,,,,,,,,,,,,,,,,,,,,
1895,12,322.0,-24.0,,,,,,,,,,,,,,,,,,,,,,,,,,,,,,,,,,,,,,,,4.6,6.7,7.65,6.38,5,1.94,20,0.8,0.7,0.9,-6.16,-4.74,-1.72,-4.31,5,2.84,20,0.8,0.7,0.9,-4.74,-4.27,-1.44,-2.9,5,3.58,20,0.8,0.7,0.9,1013.71,1015.1,1016.32,1014.96,5,1.64,20,0.8,0.7,0.9,,,,,,,,,,,,,,,,,,,,,,,,,,,,,,,,,,,,,,,,,,,,,,,,,,,,,,,,,,,,,,,,,,,,,,,,,,,,,,,,,,,,,,,,,,,,,,,,,,,,,,,,,,,,,,,,,,,,,,,,,,,,,,,,,,,,,,,,,,,,,,,,,,,,,,
1895,12,322.0,-22.0,,,,,,,,,,,,,,,,,,,,,,,,,,,,,,,,,,,,,,,,6.7,9.3,15.4,10.21,12,3.54,24,0.5,0.6,0.9,-10.89,-8.62,-6.67,-8.63,12,2.02,24,0.5,0.6,0.9,0.0,3.0,10.89,3.35,12,5.36,24,0.5,0.6,0.9,1015.0,1015.9,1018.33,1016.52,12,2.05,24,0.5,0.6,0.9,,,,,,,,,,,,,,,,,,,,,,,,,,,,,,,,,,,,,,,,,,,,,,,,,,,,,,,,,,,,,,,,,,,,,,,,,,,,,,,,,,,,,,,,,,,,,,,,,,,,,,,,,,,,,,,,,,,,,,,,,,,,,,,,,,,,,,,,,,,,,,,,,,,,,,
1895,12,322.0,-20.0,,,,,,,,,,,,,,,,,,,,,,,,,,,,,,,,,,,,,,,,4.6,6.7,9.3,7.06,17,2.47,20,0.5,0.9,0.7,-8.59,-6.17,-2.6,-5.57,17,3.11,20,0.5,0.9,0.7,-3.09,1.72,4.0,0.5,17,4.02,20,0.5,0.9,0.7,1012.57,1016.1,1018.22,1015.36,18,2.73,20,0.4,0.9,0.7,,,,,,,,,,,,,,,,,,,,,,,,,,,,,,,,,,,,,,,,,,,,,,,,,,,,,,,,,,,,,,,,,,,,,,,,,,,,,,,,,,,,,,,,,,,,,,,,,,,,,,,,,,,,,,,,,,,,,,,,,,,,,,,,,,,,,,,,,,,,,,,,,,,,,,
1895,12,322.0,-18.0,,,,,,,,,,,,,,,,,,,,,,,,,,,,,,,,,,,,,,,,4.6,9.3,9.3,7.73,6,2.43,20,0.7,1.0,0.5,-8.62,-6.58,0.0,-5.07,6,4.03,20,0.7,1.0,0.5,-4.6,3.48,6.58,1.82,6,5.16,20,0.7,1.0,0.5,1012.14,1015.9,1018.79,1015.77,6,3.33,20,0.7,1.0,0.5,,,,,,,,,,,,,,,,,,,,,,,,,,,,,,,,,,,,,,,,,,,,,,,,,,,,,,,,,,,,,,,,,,,,,,,,,,,,,,,,,,,,,,,,,,,,,,,,,,,,,,,,,,,,,,,,,,,,,,,,,,,,,,,,,,,,,,,,,,,,,,,,,,,,,,
1895,12,322.0,-16.0,,,,,,,,,,,,,,,,,,,,,,,,,,,,,,,,,,,,,,,,6.7,6.7,6.7,6.7,1,0.0,16,1.0,0.8,0.3,-6.21,-6.21,-6.21,-6.21,1,0.0,16,1.0,0.8,0.3,-2.51,-2.51,-2.51,-2.51,1,0.0,16,1.0,0.8,0.3,1014.3,1014.3,1014.3,1014.3,1,0.0,16,1.0,0.8,0.3,,,,,,,,,,,,,,,,,,,,,,,,,,,,,,,,,,,,,,,,,,,,,,,,,,,,,,,,,,,,,,,,,,,,,,,,,,,,,,,,,,,,,,,,,,,,,,,,,,,,,,,,,,,,,,,,,,,,,,,,,,,,,,,,,,,,,,,,,,,,,,,,,,,,,,
1895,12,322.0,14.0,,,,,,,,,,,,,,,,,,,,,,,,,,,,,,,,,,,,,,,,6.7,15.4,15.4,11.92,5,4.77,22,0.2,0.8,0.5,-14.18,-10.89,-1.59,-8.35,5,6.67,22,0.2,0.8,0.5,-8.23,-6.21,-6.02,-7.17,5,2.1,22,0.2,0.8,0.5,1014.71,1015.6,1016.49,1015.6,2,1.84,30,0.5,1.0,0.5,,,,,,,,,,,,,,,,,,,,,,,,,,,,,,,,,,,,,,,,,,,,,,,,,,,,,,,,,,,,,,,,,,,,,,,,,,,,,,,,,,,,,,,,,,,,,,,,,,,,,,,,,,,,,,,,,,,,,,,,,,,,,,,,,,,,,,,,,,,,,,,,,,,,,,
1895,12,322.0,16.0,,,,,,,,,,,,,,,,,,,,,,,,,,,,,,,,,,,,,,,,6.7,6.7,11.26,8.88,4,4.35,6,0.5,0.9,0.3,-9.68,-4.74,-4.74,-7.1,4,4.72,6,0.5,0.9,0.3,-5.41,-4.74,-4.74,-5.06,4,0.64,6,0.5,0.9,0.3,1014.05,1014.8,1015.41,1014.73,3,1.0,2,0.3,1.0,0.3,,,,,,,,,,,,,,,,,,,,,,,,,,,,,,,,,,,,,,,,,,,,,,,,,,,,,,,,,,,,,,,,,,,,,,,,,,,,,,,,,,,,,,,,,,,,,,,,,,,,,,,,,,,,,,,,,,,,,,,,,,,,,,,,,,,,,,,,,,,,,,,,,,,,,,
1895,12,322.0,18.0,,,,,,,,,,,,,,,,,,,,,,,,,,,,,,,,,,,,,,,,4.6,4.6,6.7,5.24,10,1.4,14,0.6,0.9,0.3,-5.56,-3.25,-2.83,-3.87,10,1.45,14,0.6,0.9,0.3,-4.1,-3.25,-2.17,-3.28,10,1.33,14,0.6,0.9,0.3,1014.64,1015.65,1016.8,1015.58,10,1.24,14,0.6,0.9,0.3,,,,,,,,,,,,,,,,,,,,,,,,,,,,,,,,,,,,,,,,,,,,,,,,,,,,,,,,,,,,,,,,,,,,,,,,,,,,,,,,,,,,,,,,,,,,,,,,,,,,,,,,,,,,,,,,,,,,,,,,,,,,,,,,,,,,,,,,,,,,,,,,,,,,,,
1895,12,322.0,20.0,,,,,,,,,,,,,,,,,,,,,,,,,,,,,,,,,,,,,,,,4.6,6.7,9.3,6.4,26,1.83,26,0.5,0.8,0.3,-6.58,-4.0,-2.48,-4.26,26,2.15,26,0.5,0.8,0.3,-6.21,-4.5,-3.23,-4.36,26,1.61,26,0.5,0.8,0.3,1016.77,1018.2,1020.3,1018.3,26,1.82,26,0.5,0.8,0.3,,,,,,,,,,,,,,,,,,,,,,,,,,,,,,,,,,,,,,,,,,,,,,,,,,,,,,,,,,,,,,,,,,,,,,,,,,,,,,,,,,,,,,,,,,,,,,,,,,,,,,,,,,,,,,,,,,,,,,,,,,,,,,,,,,,,,,,,,,,,,,,,,,,,,,
1895,12,322.0,22.0,,,,,,,,,,,,,,,,,,,,,,,,,,,,,,,,,,,,,,,,2.6,4.6,9.3,5.45,26,2.42,24,0.5,0.9,0.2,-6.58,-3.25,-0.94,-3.58,26,2.95,24,0.5,0.9,0.2,-4.8,-3.25,-2.39,-3.27,26,1.89,24,0.5,0.9,0.2,1017.64,1019.95,1020.73,1019.28,18,1.54,24,0.5,0.8,0.1,,,,,,,,,,,,,,,,,,,,,,,,,,,,,,,,,,,,,,,,,,,,,,,,,,,,,,,,,,,,,,,,,,,,,,,,,,,,,,,,,,,,,,,,,,,,,,,,,,,,,,,,,,,,,,,,,,,,,,,,,,,,,,,,,,,,,,,,,,,,,,,,,,,,,,
1895,12,322.0,24.0,,,,,,,,,,,,,,,,,,,,,,,,,,,,,,,,,,,,,,,,2.6,3.6,8.56,4.57,28,2.8,22,0.5,0.7,0.3,-5.62,-1.84,0.0,-2.1,28,3.23,22,0.5,0.7,0.3,-3.25,-1.41,4.0,-0.11,28,3.8,22,0.5,0.7,0.3,1017.78,1019.2,1020.56,1019.4,11,1.58,16,0.5,0.7,0.4,,,,,,,,,,,,,,,,,,,,,,,,,,,,,,,,,,,,,,,,,,,,,,,,,,,,,,,,,,,,,,,,,,,,,,,,,,,,,,,,,,,,,,,,,,,,,,,,,,,,,,,,,,,,,,,,,,,,,,,,,,,,,,,,,,,,,,,,,,,,,,,,,,,,,,
1895,12,322.0,26.0,,,,,,,,,,,,,,,,,,,,,,,,,,,,,,,,,,,,,,,,1.0,5.65,10.49,5.79,30,4.48,18,0.6,0.8,0.4,-8.62,-3.05,-0.11,-3.88,30,4.61,18,0.6,0.8,0.4,-4.76,-1.36,1.16,-1.98,30,3.72,18,0.6,0.8,0.4,1016.31,1018.05,1024.76,1019.3,10,4.22,8,0.6,0.7,0.5,,,,,,,,,,,,,,,,,,,,,,,,,,,,,,,,,,,,,,,,,,,,,,,,,,,,,,,,,,,,,,,,,,,,,,,,,,,,,,,,,,,,,,,,,,,,,,,,,,,,,,,,,,,,,,,,,,,,,,,,,,,,,,,,,,,,,,,,,,,,,,,,,,,,,,
1895,12,322.0,28.0,,,,,,,,,,,,,,,,,,,,,,,,,,,,,,,,,,,,,,,,4.6,6.7,11.59,7.55,28,3.52,12,0.4,0.7,0.4,-8.56,-6.21,-1.84,-5.03,28,4.79,12,0.4,0.7,0.4,-4.81,-3.63,-1.84,-3.11,28,3.51,12,0.4,0.7,0.4,1014.31,1018.3,1022.86,1018.62,18,4.54,10,0.5,0.7,0.4,,,,,,,,,,,,,,,,,,,,,,,,,,,,,,,,,,,,,,,,,,,,,,,,,,,,,,,,,,,,,,,,,,,,,,,,,,,,,,,,,,,,,,,,,,,,,,,,,,,,,,,,,,,,,,,,,,,,,,,,,,,,,,,,,,,,,,,,,,,,,,,,,,,,,,
1895,12,322.0,30.0,,,,,,,,,,,,,,,,,,,,,,,,,,,,,,,,,,,,,,,,6.7,9.3,13.73,10.29,17,3.05,14,0.4,0.8,0.2,-11.77,-8.56,-6.17,-7.01,17,7.03,14,0.4,0.8,0.2,-5.62,-3.63,0.0,-2.31,17,3.81,14,0.4,0.8,0.2,1019.49,1024.0,1028.62,1023.31,11,5.42,12,0.4,0.8,0.2,,,,,,,,,,,,,,,,,,,,,,,,,,,,,,,,,,,,,,,,,,,,,,,,,,,,,,,,,,,,,,,,,,,,,,,,,,,,,,,,,,,,,,,,,,,,,,,,,,,,,,,,,,,,,,,,,,,,,,,,,,,,,,,,,,,,,,,,,,,,,,,,,,,,,,
1895,12,322.0,32.0,,,,,,,,,,,,,,,,,,,,,,,,,,,,,,,,,,,,,,,,6.7,9.3,9.79,8.68,20,2.64,16,0.6,0.8,0.3,-8.62,-6.7,-4.23,-5.37,20,5.91,16,0.6,0.8,0.3,-3.63,-2.21,0.0,-0.94,20,4.48,16,0.6,0.8,0.3,1019.73,1027.25,1029.5,1025.83,10,4.44,12,0.6,0.6,0.3,,,,,,,,,,,,,,,,,,,,,,,,,,,,,,,,,,,,,,,,,,,,,,,,,,,,,,,,,,,,,,,,,,,,,,,,,,,,,,,,,,,,,,,,,,,,,,,,,,,,,,,,,,,,,,,,,,,,,,,,,,,,,,,,,,,,,,,,,,,,,,,,,,,,,,
1895,12,322.0,34.0,,,,,,,,,,,,,,,,,,,,,,,,,,,,,,,,,,,,,,,,6.7,9.3,12.3,9.75,17,2.2,14,0.5,0.8,0.2,-11.4,-8.7,-6.7,-9.07,17,1.91,14,0.5,0.8,0.2,0.0,0.0,4.61,2.03,17,3.23,14,0.5,0.8,0.2,1020.11,1028.9,1029.58,1026.63,11,4.38,12,0.5,0.9,0.2,,,,,,,,,,,,,,,,,,,,,,,,,,,,,,,,,,,,,,,,,,,,,,,,,,,,,,,,,,,,,,,,,,,,,,,,,,,,,,,,,,,,,,,,,,,,,,,,,,,,,,,,,,,,,,,,,,,,,,,,,,,,,,,,,,,,,,,,,,,,,,,,,,,,,,
1895,12,322.0,36.0,,,,,,,,,,,,,,,,,,,,,,,,,,,,,,,,,,,,,,,,4.6,6.7,12.3,7.88,12,3.65,12,0.7,0.9,0.2,-8.85,-6.7,-4.6,-6.82,12,2.17,12,0.7,0.9,0.2,-0.46,0.0,8.7,1.99,12,4.6,12,0.7,0.9,0.2,1020.99,1027.9,1029.84,1025.83,10,4.23,10,0.6,0.9,0.2,,,,,,,,,,,,,,,,,,,,,,,,,,,,,,,,,,,,,,,,,,,,,,,,,,,,,,,,,,,,,,,,,,,,,,,,,,,,,,,,,,,,,,,,,,,,,,,,,,,,,,,,,,,,,,,,,,,,,,,,,,,,,,,,,,,,,,,,,,,,,,,,,,,,,,
1895,12,322.0,38.0,,,,,,,,,,,,,,,,,,,,,,,,,,,,,,,,,,,,,,,,0.0,4.6,6.7,3.16,13,2.83,6,0.5,0.9,0.2,-6.21,-4.27,0.0,-2.89,13,2.64,6,0.5,0.9,0.2,0.0,1.72,2.51,1.25,13,1.07,6,0.5,0.9,0.2,1023.25,1030.5,1033.92,1028.82,13,5.14,6,0.5,0.9,0.2,,,,,,,,,,,,,,,,,,,,,,,,,,,,,,,,,,,,,,,,,,,,,,,,,,,,,,,,,,,,,,,,,,,,,,,,,,,,,,,,,,,,,,,,,,,,,,,,,,,,,,,,,,,,,,,,,,,,,,,,,,,,,,,,,,,,,,,,,,,,,,,,,,,,,,
1895,12,322.0,40.0,,,,,,,,,,,,,,,,,,,,,,,,,,,,,,,,,,,,,,,,7.53,9.3,9.3,8.43,3,1.5,2,1.0,0.7,0.3,0.0,0.0,2.38,1.16,3,2.01,2,1.0,0.7,0.3,7.31,8.62,9.09,8.21,3,1.35,2,1.0,0.7,0.3,1014.9,1019.0,1021.73,1018.33,3,5.03,2,1.0,0.7,0.3,,,,,,,,,,,,,,,,,,,,,,,,,,,,,,,,,,,,,,,,,,,,,,,,,,,,,,,,,,,,,,,,,,,,,,,,,,,,,,,,,,,,,,,,,,,,,,,,,,,,,,,,,,,,,,,,,,,,,,,,,,,,,,,,,,,,,,,,,,,,,,,,,,,,,,
1895,12,322.0,42.0,,,,,,,,,,,,,,,,,,,,,,,,,,,,,,,,,,,,,,,,6.7,8.0,15.4,10.03,6,4.28,10,0.7,0.7,0.3,4.28,5.66,15.12,8.13,6,5.56,10,0.7,0.7,0.3,-2.94,4.74,6.29,2.73,6,4.46,10,0.7,0.7,0.3,1031.43,1033.0,1033.52,1032.5,4,1.73,6,0.5,0.8,0.4,,,,,,,,,,,,,,,,,,,,,,,,,,,,,,,,,,,,,,,,,,,,,,,,,,,,,,,,,,,,,,,,,,,,,,,,,,,,,,,,,,,,,,,,,,,,,,,,,,,,,,,,,,,,,,,,,,,,,,,,,,,,,,,,,,,,,,,,,,,,,,,,,,,,,,
1895,12,322.0,44.0,,,,,,,,,,,,,,,,,,,,,,,,,,,,,,,,,,,,,,,,12.3,12.3,12.3,12.3,3,0.0,12,0.3,0.7,0.2,4.61,4.61,4.61,4.61,3,0.0,12,0.3,0.7,0.2,11.4,11.4,11.4,11.4,3,0.0,12,0.3,0.7,0.2,1018.27,1021.0,1021.68,1020.0,3,2.65,12,0.3,0.7,0.2,,,,,,,,,,,,,,,,,,,,,,,,,,,,,,,,,,,,,,,,,,,,,,,,,,,,,,,,,,,,,,,,,,,,,,,,,,,,,,,,,,,,,,,,,,,,,,,,,,,,,,,,,,,,,,,,,,,,,,,,,,,,,,,,,,,,,,,,,,,,,,,,,,,,,,
1895,12,322.0,46.0,,,,,,,,,,,,,,,,,,,,,,,,,,,,,,,,,,,,,,,,3.71,8.0,10.87,7.33,4,4.8,24,0.0,0.6,0.6,-5.7,-2.17,2.6,-1.58,4,5.07,24,0.0,0.6,0.6,-5.7,-1.91,6.41,0.25,4,8.09,24,0.0,0.6,0.6,990.75,991.5,1006.86,998.63,3,13.32,24,0.0,0.7,0.5,,,,,,,,,,,,,,,,,,,,,,,,,,,,,,,,,,,,,,,,,,,,,,,,,,,,,,,,,,,,,,,,,,,,,,,,,,,,,,,,,,,,,,,,,,,,,,,,,,,,,,,,,,,,,,,,,,,,,,,,,,,,,,,,,,,,,,,,,,,,,,,,,,,,,,
1895,12,322.0,48.0,,,,,,,,,,,,,,,,,,,,,,,,,,,,,,,,,,,,,,,,4.97,9.3,19.0,11.63,21,6.15,16,0.3,0.5,0.4,0.0,4.74,12.05,5.51,21,8.06,16,0.3,0.5,0.4,-6.58,0.0,12.05,2.05,21,8.86,16,0.3,0.5,0.4,995.36,1018.1,1022.55,1012.21,13,13.02,16,0.4,0.4,0.3,,,,,,,,,,,,,,,,,,,,,,,,,,,,,,,,,,,,,,,,,,,,,,,,,,,,,,,,,,,,,,,,,,,,,,,,,,,,,,,,,,,,,,,,,,,,,,,,,,,,,,,,,,,,,,,,,,,,,,,,,,,,,,,,,,,,,,,,,,,,,,,,,,,,,,
1895,12,324.0,-42.0,,,,,,,,,,,,,,,,,,,,,,,,,,,,,,,,,,,,,,,,1.0,1.0,3.52,2.16,17,2.94,24,0.5,0.8,0.7,-1.33,0.0,0.81,0.27,17,3.01,24,0.5,0.8,0.7,-2.5,0.0,0.33,-0.75,17,1.96,24,0.5,0.8,0.7,1015.9,1017.3,1019.68,1016.27,12,5.69,24,0.4,0.7,0.8,,,,,,,,,,,,,,,,,,,,,,,,,,,,,,,,,,,,,,,,,,,,,,,,,,,,,,,,,,,,,,,,,,,,,,,,,,,,,,,,,,,,,,,,,,,,,,,,,,,,,,,,,,,,,,,,,,,,,,,,,,,,,,,,,,,,,,,,,,,,,,,,,,,,,,
1895,12,324.0,-40.0,,,,,,,,,,,,,,,,,,,,,,,,,,,,,,,,,,,,,,,,5.07,6.7,9.3,7.76,15,2.74,26,0.5,0.7,0.8,0.38,4.74,8.62,3.79,15,5.11,26,0.5,0.7,0.8,-7.71,0.0,4.27,-1.58,15,5.28,26,0.5,0.7,0.8,1000.47,1008.75,1019.6,1009.82,10,9.65,24,0.5,0.8,0.7,,,,,,,,,,,,,,,,,,,,,,,,,,,,,,,,,,,,,,,,,,,,,,,,,,,,,,,,,,,,,,,,,,,,,,,,,,,,,,,,,,,,,,,,,,,,,,,,,,,,,,,,,,,,,,,,,,,,,,,,,,,,,,,,,,,,,,,,,,,,,,,,,,,,,,
1895,12,324.0,-38.0,,,,,,,,,,,,,,,,,,,,,,,,,,,,,,,,,,,,,,,,1.0,2.6,6.7,3.71,28,2.71,24,0.6,0.7,0.9,-3.25,0.0,0.28,-0.59,28,2.67,24,0.6,0.7,0.9,-2.6,-0.35,4.6,-0.01,28,3.75,24,0.6,0.7,0.9,1017.36,1018.7,1019.43,1017.56,19,4.54,26,0.6,0.6,0.9,,,,,,,,,,,,,,,,,,,,,,,,,,,,,,,,,,,,,,,,,,,,,,,,,,,,,,,,,,,,,,,,,,,,,,,,,,,,,,,,,,,,,,,,,,,,,,,,,,,,,,,,,,,,,,,,,,,,,,,,,,,,,,,,,,,,,,,,,,,,,,,,,,,,,,
1895,12,324.0,-36.0,,,,,,,,,,,,,,,,,,,,,,,,,,,,,,,,,,,,,,,,1.86,4.6,6.7,5.08,17,3.03,16,0.4,0.9,0.5,-0.79,1.8,4.66,1.87,17,2.84,16,0.4,0.9,0.5,-6.44,-4.23,0.0,-3.79,17,3.09,16,0.4,0.9,0.5,1014.55,1016.1,1018.49,1016.16,17,1.77,16,0.4,0.9,0.5,,,,,,,,,,,,,,,,,,,,,,,,,,,,,,,,,,,,,,,,,,,,,,,,,,,,,,,,,,,,,,,,,,,,,,,,,,,,,,,,,,,,,,,,,,,,,,,,,,,,,,,,,,,,,,,,,,,,,,,,,,,,,,,,,,,,,,,,,,,,,,,,,,,,,,
1895,12,324.0,-32.0,,,,,,,,,,,,,,,,,,,,,,,,,,,,,,,,,,,,,,,,1.0,5.65,6.7,4.47,10,2.77,12,0.4,0.7,0.9,-3.78,-0.71,2.63,-0.61,10,3.18,12,0.4,0.7,0.9,-5.58,-4.49,-0.71,-3.55,10,2.3,12,0.4,0.7,0.9,1009.6,1014.1,1014.96,1012.94,10,2.62,12,0.4,0.7,0.9,,,,,,,,,,,,,,,,,,,,,,,,,,,,,,,,,,,,,,,,,,,,,,,,,,,,,,,,,,,,,,,,,,,,,,,,,,,,,,,,,,,,,,,,,,,,,,,,,,,,,,,,,,,,,,,,,,,,,,,,,,,,,,,,,,,,,,,,,,,,,,,,,,,,,,
1895,12,324.0,-30.0,,,,,,,,,,,,,,,,,,,,,,,,,,,,,,,,,,,,,,,,4.6,4.6,6.7,5.68,21,1.95,18,0.6,0.8,0.7,-4.74,-2.41,3.25,-1.41,21,4.41,18,0.6,0.8,0.7,-4.74,-3.25,-1.72,-3.19,21,2.34,18,0.6,0.8,0.7,1011.72,1014.2,1017.3,1014.74,15,2.56,16,0.6,0.8,0.6,,,,,,,,,,,,,,,,,,,,,,,,,,,,,,,,,,,,,,,,,,,,,,,,,,,,,,,,,,,,,,,,,,,,,,,,,,,,,,,,,,,,,,,,,,,,,,,,,,,,,,,,,,,,,,,,,,,,,,,,,,,,,,,,,,,,,,,,,,,,,,,,,,,,,,
1895,12,324.0,-28.0,,,,,,,,,,,,,,,,,,,,,,,,,,,,,,,,,,,,,,,,1.0,2.6,4.6,2.78,35,1.98,16,0.5,0.6,0.7,-3.59,-1.0,0.0,-1.54,35,2.23,16,0.5,0.6,0.7,-2.16,0.0,1.77,-0.01,35,2.11,16,0.5,0.6,0.7,1014.93,1016.05,1017.99,1016.34,14,1.59,10,0.4,0.5,0.5,,,,,,,,,,,,,,,,,,,,,,,,,,,,,,,,,,,,,,,,,,,,,,,,,,,,,,,,,,,,,,,,,,,,,,,,,,,,,,,,,,,,,,,,,,,,,,,,,,,,,,,,,,,,,,,,,,,,,,,,,,,,,,,,,,,,,,,,,,,,,,,,,,,,,,
1895,12,324.0,-24.0,,,,,,,,,,,,,,,,,,,,,,,,,,,,,,,,,,,,,,,,6.7,8.0,9.3,8.0,4,1.5,24,0.8,0.5,0.9,-9.3,-8.0,-6.42,-7.87,4,1.67,24,0.8,0.5,0.9,-1.37,0.0,0.0,-0.65,4,1.31,24,0.8,0.5,0.9,1014.0,1014.0,1014.0,1014.0,1,0.0,20,0.0,0.5,1.0,,,,,,,,,,,,,,,,,,,,,,,,,,,,,,,,,,,,,,,,,,,,,,,,,,,,,,,,,,,,,,,,,,,,,,,,,,,,,,,,,,,,,,,,,,,,,,,,,,,,,,,,,,,,,,,,,,,,,,,,,,,,,,,,,,,,,,,,,,,,,,,,,,,,,,
1895,12,324.0,-22.0,,,,,,,,,,,,,,,,,,,,,,,,,,,,,,,,,,,,,,,,6.27,8.0,9.3,7.65,6,1.96,24,0.2,0.6,0.6,-9.3,-8.0,-6.19,-7.59,6,2.08,24,0.2,0.6,0.6,0.0,0.0,0.37,0.3,6,0.73,24,0.2,0.6,0.6,1015.66,1016.65,1017.64,1016.65,2,2.05,18,0.0,1.0,0.5,,,,,,,,,,,,,,,,,,,,,,,,,,,,,,,,,,,,,,,,,,,,,,,,,,,,,,,,,,,,,,,,,,,,,,,,,,,,,,,,,,,,,,,,,,,,,,,,,,,,,,,,,,,,,,,,,,,,,,,,,,,,,,,,,,,,,,,,,,,,,,,,,,,,,,
1895,12,324.0,-20.0,,,,,,,,,,,,,,,,,,,,,,,,,,,,,,,,,,,,,,,,6.7,8.0,9.3,8.0,4,1.5,26,0.8,0.8,0.8,-7.65,-6.39,-5.44,-6.54,4,1.6,26,0.8,0.8,0.8,2.97,4.11,5.7,4.33,4,1.75,26,0.8,0.8,0.8,1016.2,1016.2,1016.2,1016.2,1,0.0,26,1.0,0.5,1.0,,,,,,,,,,,,,,,,,,,,,,,,,,,,,,,,,,,,,,,,,,,,,,,,,,,,,,,,,,,,,,,,,,,,,,,,,,,,,,,,,,,,,,,,,,,,,,,,,,,,,,,,,,,,,,,,,,,,,,,,,,,,,,,,,,,,,,,,,,,,,,,,,,,,,,
1895,12,324.0,-18.0,,,,,,,,,,,,,,,,,,,,,,,,,,,,,,,,,,,,,,,,2.6,6.7,9.3,6.71,27,3.26,18,0.4,0.7,0.8,-8.69,-4.74,0.0,-5.08,27,3.88,18,0.4,0.7,0.8,-2.6,0.0,4.74,0.52,27,3.91,18,0.4,0.7,0.8,1012.16,1014.55,1017.85,1014.92,24,2.62,16,0.5,0.6,0.9,,,,,,,,,,,,,,,,,,,,,,,,,,,,,,,,,,,,,,,,,,,,,,,,,,,,,,,,,,,,,,,,,,,,,,,,,,,,,,,,,,,,,,,,,,,,,,,,,,,,,,,,,,,,,,,,,,,,,,,,,,,,,,,,,,,,,,,,,,,,,,,,,,,,,,
1895,12,324.0,-16.0,,,,,,,,,,,,,,,,,,,,,,,,,,,,,,,,,,,,,,,,4.6,6.7,9.3,6.24,18,2.59,20,0.4,0.7,0.8,-8.83,-5.45,-1.68,-5.13,18,3.1,20,0.4,0.7,0.8,-4.64,0.0,2.51,-0.6,18,3.18,20,0.4,0.7,0.8,1012.72,1014.95,1016.97,1014.73,18,2.37,18,0.6,0.6,0.8,,,,,,,,,,,,,,,,,,,,,,,,,,,,,,,,,,,,,,,,,,,,,,,,,,,,,,,,,,,,,,,,,,,,,,,,,,,,,,,,,,,,,,,,,,,,,,,,,,,,,,,,,,,,,,,,,,,,,,,,,,,,,,,,,,,,,,,,,,,,,,,,,,,,,,
1895,12,324.0,-14.0,,,,,,,,,,,,,,,,,,,,,,,,,,,,,,,,,,,,,,,,6.7,6.7,9.3,7.33,18,1.57,18,0.5,0.8,0.7,-8.62,-6.21,-4.74,-6.39,18,2.08,18,0.5,0.8,0.7,-3.32,2.51,3.48,1.12,18,3.24,18,0.5,0.8,0.7,1011.49,1013.2,1015.18,1013.38,13,2.0,16,0.5,0.8,0.7,,,,,,,,,,,,,,,,,,,,,,,,,,,,,,,,,,,,,,,,,,,,,,,,,,,,,,,,,,,,,,,,,,,,,,,,,,,,,,,,,,,,,,,,,,,,,,,,,,,,,,,,,,,,,,,,,,,,,,,,,,,,,,,,,,,,,,,,,,,,,,,,,,,,,,
1895,12,324.0,-12.0,,,,,,,,,,,,,,,,,,,,,,,,,,,,,,,,,,,,,,,,3.14,6.7,6.7,5.61,9,2.19,20,0.4,0.7,0.8,-6.57,-6.21,-2.22,-5.09,9,2.48,20,0.4,0.7,0.8,0.0,1.84,2.51,1.08,9,1.9,20,0.4,0.7,0.8,1012.25,1013.8,1014.56,1013.5,7,1.45,22,0.4,0.8,0.8,,,,,,,,,,,,,,,,,,,,,,,,,,,,,,,,,,,,,,,,,,,,,,,,,,,,,,,,,,,,,,,,,,,,,,,,,,,,,,,,,,,,,,,,,,,,,,,,,,,,,,,,,,,,,,,,,,,,,,,,,,,,,,,,,,,,,,,,,,,,,,,,,,,,,,
1895,12,324.0,-10.0,,,,,,,,,,,,,,,,,,,,,,,,,,,,,,,,,,,,,,,,4.6,6.7,9.3,7.21,7,2.13,20,0.6,1.0,0.7,-8.66,-6.21,-3.25,-6.5,7,2.52,20,0.6,1.0,0.7,-0.16,2.51,3.48,1.71,7,2.5,20,0.6,1.0,0.7,1013.33,1015.35,1015.42,1014.63,6,1.22,20,0.5,1.0,0.8,,,,,,,,,,,,,,,,,,,,,,,,,,,,,,,,,,,,,,,,,,,,,,,,,,,,,,,,,,,,,,,,,,,,,,,,,,,,,,,,,,,,,,,,,,,,,,,,,,,,,,,,,,,,,,,,,,,,,,,,,,,,,,,,,,,,,,,,,,,,,,,,,,,,,,
1895,12,324.0,6.0,,,,,,,,,,,,,,,,,,,,,,,,,,,,,,,,,,,,,,,,4.6,4.6,7.81,6.17,3,2.71,22,0.7,1.0,0.3,-5.95,-4.6,-4.35,-5.14,3,1.26,22,0.7,1.0,0.3,-5.06,-1.8,-0.57,-2.79,3,3.4,22,0.7,1.0,0.3,1008.65,1009.85,1010.47,1009.58,4,1.35,22,0.5,1.0,0.4,,,,,,,,,,,,,,,,,,,,,,,,,,,,,,,,,,,,,,,,,,,,,,,,,,,,,,,,,,,,,,,,,,,,,,,,,,,,,,,,,,,,,,,,,,,,,,,,,,,,,,,,,,,,,,,,,,,,,,,,,,,,,,,,,,,,,,,,,,,,,,,,,,,,,,
1895,12,324.0,8.0,,,,,,,,,,,,,,,,,,,,,,,,,,,,,,,,,,,,,,,,6.7,6.7,8.06,7.35,4,1.3,24,0.8,1.0,0.3,-5.7,-4.74,-4.74,-5.2,4,0.92,24,0.8,1.0,0.3,-5.7,-4.74,-4.74,-5.2,4,0.92,24,0.8,1.0,0.3,1009.22,1011.05,1011.62,1010.45,4,1.89,24,0.8,1.0,0.3,,,,,,,,,,,,,,,,,,,,,,,,,,,,,,,,,,,,,,,,,,,,,,,,,,,,,,,,,,,,,,,,,,,,,,,,,,,,,,,,,,,,,,,,,,,,,,,,,,,,,,,,,,,,,,,,,,,,,,,,,,,,,,,,,,,,,,,,,,,,,,,,,,,,,,
1895,12,324.0,10.0,,,,,,,,,,,,,,,,,,,,,,,,,,,,,,,,,,,,,,,,6.7,8.0,12.3,9.13,8,2.77,20,0.5,0.7,0.3,-11.03,-6.37,-4.74,-7.29,8,2.82,20,0.5,0.7,0.3,-6.38,-4.77,-4.74,-5.21,8,1.76,20,0.5,0.7,0.3,1012.06,1012.8,1013.01,1012.54,5,0.74,24,0.4,0.7,0.2,,,,,,,,,,,,,,,,,,,,,,,,,,,,,,,,,,,,,,,,,,,,,,,,,,,,,,,,,,,,,,,,,,,,,,,,,,,,,,,,,,,,,,,,,,,,,,,,,,,,,,,,,,,,,,,,,,,,,,,,,,,,,,,,,,,,,,,,,,,,,,,,,,,,,,
1895,12,324.0,12.0,,,,,,,,,,,,,,,,,,,,,,,,,,,,,,,,,,,,,,,,4.09,5.65,6.7,5.78,12,2.57,26,0.5,0.7,0.3,-4.24,-2.6,-2.51,-3.84,12,2.5,26,0.5,0.7,0.3,-6.21,-3.3,0.0,-3.29,12,2.99,26,0.5,0.7,0.3,1011.59,1012.7,1013.53,1012.44,10,1.22,28,0.5,0.8,0.3,,,,,,,,,,,,,,,,,,,,,,,,,,,,,,,,,,,,,,,,,,,,,,,,,,,,,,,,,,,,,,,,,,,,,,,,,,,,,,,,,,,,,,,,,,,,,,,,,,,,,,,,,,,,,,,,,,,,,,,,,,,,,,,,,,,,,,,,,,,,,,,,,,,,,,
1895,12,324.0,14.0,,,,,,,,,,,,,,,,,,,,,,,,,,,,,,,,,,,,,,,,2.6,4.6,6.7,4.76,25,2.1,16,0.4,0.7,0.2,-4.74,-2.6,-1.84,-3.28,25,1.57,16,0.4,0.7,0.2,-5.02,-2.62,0.97,-2.39,25,2.91,16,0.4,0.7,0.2,1011.49,1013.0,1014.41,1013.0,26,1.32,16,0.5,0.7,0.2,,,,,,,,,,,,,,,,,,,,,,,,,,,,,,,,,,,,,,,,,,,,,,,,,,,,,,,,,,,,,,,,,,,,,,,,,,,,,,,,,,,,,,,,,,,,,,,,,,,,,,,,,,,,,,,,,,,,,,,,,,,,,,,,,,,,,,,,,,,,,,,,,,,,,,
1895,12,324.0,16.0,,,,,,,,,,,,,,,,,,,,,,,,,,,,,,,,,,,,,,,,2.6,6.7,9.3,5.97,24,3.15,16,0.7,0.8,0.3,-6.17,-3.86,-2.53,-4.7,24,2.84,16,0.7,0.8,0.3,-4.74,-2.62,0.34,-2.44,24,3.11,16,0.7,0.8,0.3,1013.7,1014.8,1015.5,1014.92,23,1.97,16,0.7,0.7,0.2,,,,,,,,,,,,,,,,,,,,,,,,,,,,,,,,,,,,,,,,,,,,,,,,,,,,,,,,,,,,,,,,,,,,,,,,,,,,,,,,,,,,,,,,,,,,,,,,,,,,,,,,,,,,,,,,,,,,,,,,,,,,,,,,,,,,,,,,,,,,,,,,,,,,,,
1895,12,324.0,18.0,,,,,,,,,,,,,,,,,,,,,,,,,,,,,,,,,,,,,,,,6.7,9.3,9.3,8.69,38,2.78,18,0.5,0.8,0.3,-9.3,-4.74,-3.48,-6.3,38,3.4,18,0.5,0.8,0.3,-8.62,-4.74,-3.17,-5.03,38,2.66,18,0.5,0.8,0.3,1014.31,1015.6,1018.49,1016.07,33,2.04,18,0.5,0.7,0.2,,,,,,,,,,,,,,,,,,,,,,,,,,,,,,,,,,,,,,,,,,,,,,,,,,,,,,,,,,,,,,,,,,,,,,,,,,,,,,,,,,,,,,,,,,,,,,,,,,,,,,,,,,,,,,,,,,,,,,,,,,,,,,,,,,,,,,,,,,,,,,,,,,,,,,
1895,12,324.0,20.0,,,,,,,,,,,,,,,,,,,,,,,,,,,,,,,,,,,,,,,,2.6,9.3,12.3,8.06,32,3.8,14,0.4,0.7,0.2,-9.46,-6.39,-2.58,-6.46,32,3.63,14,0.4,0.7,0.2,-6.58,-3.63,0.0,-3.46,32,3.59,14,0.4,0.7,0.2,1014.4,1015.55,1016.84,1015.87,26,1.75,12,0.5,0.7,0.2,,,,,,,,,,,,,,,,,,,,,,,,,,,,,,,,,,,,,,,,,,,,,,,,,,,,,,,,,,,,,,,,,,,,,,,,,,,,,,,,,,,,,,,,,,,,,,,,,,,,,,,,,,,,,,,,,,,,,,,,,,,,,,,,,,,,,,,,,,,,,,,,,,,,,,
1895,12,324.0,22.0,,,,,,,,,,,,,,,,,,,,,,,,,,,,,,,,,,,,,,,,6.53,9.3,12.3,9.28,32,3.2,12,0.6,0.6,0.3,-11.33,-7.78,-4.2,-7.69,32,3.71,12,0.6,0.6,0.3,-6.06,-0.9,4.26,-1.06,32,4.79,12,0.6,0.6,0.3,1013.3,1014.2,1018.4,1015.68,20,3.22,8,0.6,0.6,0.3,,,,,,,,,,,,,,,,,,,,,,,,,,,,,,,,,,,,,,,,,,,,,,,,,,,,,,,,,,,,,,,,,,,,,,,,,,,,,,,,,,,,,,,,,,,,,,,,,,,,,,,,,,,,,,,,,,,,,,,,,,,,,,,,,,,,,,,,,,,,,,,,,,,,,,
1895,12,324.0,24.0,,,,,,,,,,,,,,,,,,,,,,,,,,,,,,,,,,,,,,,,1.0,5.65,9.3,5.72,46,3.96,16,0.5,0.6,0.3,-8.62,-0.71,1.01,-2.32,46,5.07,16,0.5,0.6,0.3,-3.71,-0.92,4.18,-0.28,46,4.22,16,0.5,0.6,0.3,1011.37,1018.1,1021.67,1017.06,41,4.6,14,0.5,0.6,0.3,,,,,,,,,,,,,,,,,,,,,,,,,,,,,,,,,,,,,,,,,,,,,,,,,,,,,,,,,,,,,,,,,,,,,,,,,,,,,,,,,,,,,,,,,,,,,,,,,,,,,,,,,,,,,,,,,,,,,,,,,,,,,,,,,,,,,,,,,,,,,,,,,,,,,,
1895,12,324.0,26.0,,,,,,,,,,,,,,,,,,,,,,,,,,,,,,,,,,,,,,,,2.5,4.6,9.3,5.75,51,3.8,18,0.4,0.8,0.2,-0.41,0.71,6.17,1.54,51,4.8,18,0.4,0.8,0.2,-2.6,1.8,6.7,1.94,51,4.34,18,0.4,0.8,0.2,1010.79,1013.45,1017.98,1015.18,26,5.8,14,0.5,0.6,0.2,,,,,,,,,,,,,,,,,,,,,,,,,,,,,,,,,,,,,,,,,,,,,,,,,,,,,,,,,,,,,,,,,,,,,,,,,,,,,,,,,,,,,,,,,,,,,,,,,,,,,,,,,,,,,,,,,,,,,,,,,,,,,,,,,,,,,,,,,,,,,,,,,,,,,,
1895,12,324.0,28.0,,,,,,,,,,,,,,,,,,,,,,,,,,,,,,,,,,,,,,,,2.6,4.6,12.3,6.58,42,3.74,12,0.4,0.6,0.3,-8.59,1.02,4.27,-0.89,42,5.61,12,0.4,0.6,0.3,-4.6,-1.72,4.9,0.04,42,5.1,12,0.4,0.6,0.3,1012.17,1014.15,1023.18,1016.48,36,5.93,10,0.4,0.6,0.3,,,,,,,,,,,,,,,,,,,,,,,,,,,,,,,,,,,,,,,,,,,,,,,,,,,,,,,,,,,,,,,,,,,,,,,,,,,,,,,,,,,,,,,,,,,,,,,,,,,,,,,,,,,,,,,,,,,,,,,,,,,,,,,,,,,,,,,,,,,,,,,,,,,,,,
1895,12,324.0,30.0,,,,,,,,,,,,,,,,,,,,,,,,,,,,,,,,,,,,,,,,9.3,9.8,12.3,10.58,40,2.56,14,0.6,0.8,0.3,-11.32,-7.75,6.51,-4.4,40,7.66,14,0.6,0.8,0.3,-8.7,-3.05,4.59,-1.99,40,6.22,14,0.6,0.8,0.3,1007.15,1021.9,1025.9,1019.29,35,9.11,14,0.5,0.9,0.3,,,,,,,,,,,,,,,,,,,,,,,,,,,,,,,,,,,,,,,,,,,,,,,,,,,,,,,,,,,,,,,,,,,,,,,,,,,,,,,,,,,,,,,,,,,,,,,,,,,,,,,,,,,,,,,,,,,,,,,,,,,,,,,,,,,,,,,,,,,,,,,,,,,,,,
1895,12,324.0,32.0,,,,,,,,,,,,,,,,,,,,,,,,,,,,,,,,,,,,,,,,6.7,9.8,12.3,10.2,25,2.71,18,0.7,0.8,0.3,-12.3,-8.56,3.64,-5.98,25,7.25,18,0.7,0.8,0.3,-4.81,0.0,3.31,-0.31,25,5.08,18,0.7,0.8,0.3,1022.91,1025.8,1030.18,1023.5,21,9.86,16,0.6,0.8,0.2,,,,,,,,,,,,,,,,,,,,,,,,,,,,,,,,,,,,,,,,,,,,,,,,,,,,,,,,,,,,,,,,,,,,,,,,,,,,,,,,,,,,,,,,,,,,,,,,,,,,,,,,,,,,,,,,,,,,,,,,,,,,,,,,,,,,,,,,,,,,,,,,,,,,,,
1895,12,324.0,34.0,,,,,,,,,,,,,,,,,,,,,,,,,,,,,,,,,,,,,,,,2.6,6.7,9.54,6.97,32,4.36,18,0.4,0.8,0.3,-9.3,-2.51,3.72,-2.38,32,6.21,18,0.4,0.8,0.3,-0.93,0.0,4.61,1.4,32,4.76,18,0.4,0.8,0.3,1026.75,1027.9,1029.95,1023.92,23,12.32,16,0.4,0.8,0.3,,,,,,,,,,,,,,,,,,,,,,,,,,,,,,,,,,,,,,,,,,,,,,,,,,,,,,,,,,,,,,,,,,,,,,,,,,,,,,,,,,,,,,,,,,,,,,,,,,,,,,,,,,,,,,,,,,,,,,,,,,,,,,,,,,,,,,,,,,,,,,,,,,,,,,
1895,12,324.0,36.0,,,,,,,,,,,,,,,,,,,,,,,,,,,,,,,,,,,,,,,,1.0,2.6,9.3,4.73,41,4.09,14,0.4,0.8,0.4,-6.58,-2.41,0.0,-2.07,41,3.96,14,0.4,0.8,0.4,0.0,0.0,6.58,1.86,41,4.0,14,0.4,0.8,0.4,1026.49,1028.7,1031.76,1028.62,37,3.08,14,0.4,0.8,0.3,,,,,,,,,,,,,,,,,,,,,,,,,,,,,,,,,,,,,,,,,,,,,,,,,,,,,,,,,,,,,,,,,,,,,,,,,,,,,,,,,,,,,,,,,,,,,,,,,,,,,,,,,,,,,,,,,,,,,,,,,,,,,,,,,,,,,,,,,,,,,,,,,,,,,,
1895,12,324.0,38.0,,,,,,,,,,,,,,,,,,,,,,,,,,,,,,,,,,,,,,,,2.6,4.6,12.85,6.48,44,5.47,16,0.5,0.8,0.2,-2.41,1.78,11.91,3.63,44,6.74,16,0.5,0.8,0.2,-0.07,0.95,4.27,1.14,44,3.55,16,0.5,0.8,0.2,1025.02,1026.3,1031.96,1027.57,35,3.62,14,0.5,0.8,0.2,,,,,,,,,,,,,,,,,,,,,,,,,,,,,,,,,,,,,,,,,,,,,,,,,,,,,,,,,,,,,,,,,,,,,,,,,,,,,,,,,,,,,,,,,,,,,,,,,,,,,,,,,,,,,,,,,,,,,,,,,,,,,,,,,,,,,,,,,,,,,,,,,,,,,,
1895,12,324.0,40.0,,,,,,,,,,,,,,,,,,,,,,,,,,,,,,,,,,,,,,,,1.0,2.6,6.23,3.61,15,2.95,6,0.5,0.7,0.3,-2.28,-1.8,0.0,-1.05,15,2.11,6,0.5,0.7,0.3,0.45,1.84,5.77,2.75,15,2.99,6,0.5,0.7,0.3,1023.77,1032.0,1033.0,1029.8,15,5.39,6,0.5,0.7,0.3,,,,,,,,,,,,,,,,,,,,,,,,,,,,,,,,,,,,,,,,,,,,,,,,,,,,,,,,,,,,,,,,,,,,,,,,,,,,,,,,,,,,,,,,,,,,,,,,,,,,,,,,,,,,,,,,,,,,,,,,,,,,,,,,,,,,,,,,,,,,,,,,,,,,,,
1895,12,324.0,42.0,,,,,,,,,,,,,,,,,,,,,,,,,,,,,,,,,,,,,,,,4.6,8.0,12.3,8.34,8,3.64,10,0.3,0.7,0.1,1.89,4.83,12.07,6.57,8,4.76,10,0.3,0.7,0.1,2.35,2.94,4.27,3.76,8,2.13,10,0.3,0.7,0.1,1028.79,1035.0,1035.37,1031.8,5,7.73,4,0.4,0.8,0.0,,,,,,,,,,,,,,,,,,,,,,,,,,,,,,,,,,,,,,,,,,,,,,,,,,,,,,,,,,,,,,,,,,,,,,,,,,,,,,,,,,,,,,,,,,,,,,,,,,,,,,,,,,,,,,,,,,,,,,,,,,,,,,,,,,,,,,,,,,,,,,,,,,,,,,
1895,12,324.0,44.0,,,,,,,,,,,,,,,,,,,,,,,,,,,,,,,,,,,,,,,,12.79,13.85,14.91,13.85,2,2.19,12,0.5,0.8,0.0,4.79,5.19,5.58,5.19,2,0.82,12,0.5,0.8,0.0,11.86,12.84,13.82,12.84,2,2.03,12,0.5,0.8,0.0,1021.16,1021.5,1021.84,1021.5,2,0.71,12,0.5,0.8,0.0,,,,,,,,,,,,,,,,,,,,,,,,,,,,,,,,,,,,,,,,,,,,,,,,,,,,,,,,,,,,,,,,,,,,,,,,,,,,,,,,,,,,,,,,,,,,,,,,,,,,,,,,,,,,,,,,,,,,,,,,,,,,,,,,,,,,,,,,,,,,,,,,,,,,,,
1895,12,324.0,46.0,,,,,,,,,,,,,,,,,,,,,,,,,,,,,,,,,,,,,,,,9.37,13.85,15.4,12.45,4,4.1,16,0.3,0.6,0.2,-1.06,5.19,5.77,2.48,4,5.82,16,0.3,0.6,0.2,4.11,12.84,14.28,9.36,4,8.03,16,0.3,0.6,0.2,1000.68,1011.5,1012.0,1006.58,4,10.19,16,0.3,0.6,0.2,,,,,,,,,,,,,,,,,,,,,,,,,,,,,,,,,,,,,,,,,,,,,,,,,,,,,,,,,,,,,,,,,,,,,,,,,,,,,,,,,,,,,,,,,,,,,,,,,,,,,,,,,,,,,,,,,,,,,,,,,,,,,,,,,,,,,,,,,,,,,,,,,,,,,,
1895,12,324.0,48.0,,,,,,,,,,,,,,,,,,,,,,,,,,,,,,,,,,,,,,,,4.6,9.55,26.8,14.25,26,9.66,18,0.5,0.5,0.4,-2.67,6.81,18.95,7.82,26,9.51,18,0.5,0.5,0.4,-18.95,-6.37,4.74,-5.92,26,10.69,18,0.5,0.5,0.4,989.2,993.15,1025.68,1004.73,20,17.11,20,0.5,0.5,0.5,,,,,,,,,,,,,,,,,,,,,,,,,,,,,,,,,,,,,,,,,,,,,,,,,,,,,,,,,,,,,,,,,,,,,,,,,,,,,,,,,,,,,,,,,,,,,,,,,,,,,,,,,,,,,,,,,,,,,,,,,,,,,,,,,,,,,,,,,,,,,,,,,,,,,,
1895,12,326.0,-40.0,,,,,,,,,,,,,,,,,,,,,,,,,,,,,,,,,,,,,,,,1.1,4.6,6.57,4.58,14,3.74,26,0.6,0.6,0.9,-4.16,0.0,3.16,-0.4,14,2.88,26,0.6,0.6,0.9,-3.25,-0.2,2.55,-1.23,14,5.15,26,0.6,0.6,0.9,1010.04,1014.0,1015.87,1012.6,16,5.71,26,0.6,0.6,0.9,,,,,,,,,,,,,,,,,,,,,,,,,,,,,,,,,,,,,,,,,,,,,,,,,,,,,,,,,,,,,,,,,,,,,,,,,,,,,,,,,,,,,,,,,,,,,,,,,,,,,,,,,,,,,,,,,,,,,,,,,,,,,,,,,,,,,,,,,,,,,,,,,,,,,,
1895,12,326.0,-38.0,,,,,,,,,,,,,,,,,,,,,,,,,,,,,,,,,,,,,,,,2.6,4.6,9.3,5.61,21,3.47,20,0.3,0.8,0.8,0.75,2.51,9.18,3.97,21,3.84,20,0.3,0.8,0.8,-2.39,0.0,4.81,0.53,21,3.67,20,0.3,0.8,0.8,1003.34,1017.9,1019.47,1014.32,21,7.12,20,0.3,0.8,0.8,,,,,,,,,,,,,,,,,,,,,,,,,,,,,,,,,,,,,,,,,,,,,,,,,,,,,,,,,,,,,,,,,,,,,,,,,,,,,,,,,,,,,,,,,,,,,,,,,,,,,,,,,,,,,,,,,,,,,,,,,,,,,,,,,,,,,,,,,,,,,,,,,,,,,,
1895,12,326.0,-36.0,,,,,,,,,,,,,,,,,,,,,,,,,,,,,,,,,,,,,,,,4.6,6.7,12.3,8.56,23,3.63,20,0.6,0.7,0.8,3.75,6.02,6.58,5.54,23,2.3,20,0.6,0.7,0.8,-9.81,-4.74,-2.51,-6.06,23,3.76,20,0.6,0.7,0.8,1014.64,1015.15,1016.7,1015.33,18,1.22,18,0.7,0.7,0.9,,,,,,,,,,,,,,,,,,,,,,,,,,,,,,,,,,,,,,,,,,,,,,,,,,,,,,,,,,,,,,,,,,,,,,,,,,,,,,,,,,,,,,,,,,,,,,,,,,,,,,,,,,,,,,,,,,,,,,,,,,,,,,,,,,,,,,,,,,,,,,,,,,,,,,
1895,12,326.0,-34.0,,,,,,,,,,,,,,,,,,,,,,,,,,,,,,,,,,,,,,,,4.6,6.7,12.11,7.46,14,3.83,16,0.2,0.9,0.7,-4.6,-1.43,6.21,0.32,14,6.5,16,0.2,0.9,0.7,-4.52,-2.12,0.0,-0.85,14,5.61,16,0.2,0.9,0.7,1013.22,1014.75,1026.4,1018.09,12,6.3,18,0.2,0.9,0.6,,,,,,,,,,,,,,,,,,,,,,,,,,,,,,,,,,,,,,,,,,,,,,,,,,,,,,,,,,,,,,,,,,,,,,,,,,,,,,,,,,,,,,,,,,,,,,,,,,,,,,,,,,,,,,,,,,,,,,,,,,,,,,,,,,,,,,,,,,,,,,,,,,,,,,
1895,12,326.0,-32.0,,,,,,,,,,,,,,,,,,,,,,,,,,,,,,,,,,,,,,,,1.0,4.6,7.49,4.32,18,2.97,12,0.5,0.8,0.8,-4.6,-0.96,0.12,-1.63,18,2.47,12,0.5,0.8,0.8,-2.39,0.0,5.23,0.71,18,4.37,12,0.5,0.8,0.8,1008.6,1016.85,1021.25,1015.32,18,6.14,12,0.5,0.8,0.8,,,,,,,,,,,,,,,,,,,,,,,,,,,,,,,,,,,,,,,,,,,,,,,,,,,,,,,,,,,,,,,,,,,,,,,,,,,,,,,,,,,,,,,,,,,,,,,,,,,,,,,,,,,,,,,,,,,,,,,,,,,,,,,,,,,,,,,,,,,,,,,,,,,,,,
1895,12,326.0,-30.0,,,,,,,,,,,,,,,,,,,,,,,,,,,,,,,,,,,,,,,,1.0,4.6,7.9,4.11,17,3.53,22,0.6,0.6,0.7,-4.74,0.0,2.04,-0.94,17,3.66,22,0.6,0.6,0.7,-4.74,-0.37,1.59,-0.99,17,3.88,22,0.6,0.6,0.7,1012.97,1016.55,1017.68,1015.8,12,2.09,18,0.6,0.6,0.6,,,,,,,,,,,,,,,,,,,,,,,,,,,,,,,,,,,,,,,,,,,,,,,,,,,,,,,,,,,,,,,,,,,,,,,,,,,,,,,,,,,,,,,,,,,,,,,,,,,,,,,,,,,,,,,,,,,,,,,,,,,,,,,,,,,,,,,,,,,,,,,,,,,,,,
1895,12,326.0,-28.0,,,,,,,,,,,,,,,,,,,,,,,,,,,,,,,,,,,,,,,,2.6,4.65,6.7,4.65,4,2.37,30,0.5,0.9,0.6,1.41,2.23,2.62,2.02,4,0.77,30,0.5,0.9,0.6,-6.17,-4.28,-2.1,-4.14,4,2.35,30,0.5,0.9,0.6,1011.89,1012.35,1013.7,1012.78,4,1.34,30,0.5,0.9,0.6,,,,,,,,,,,,,,,,,,,,,,,,,,,,,,,,,,,,,,,,,,,,,,,,,,,,,,,,,,,,,,,,,,,,,,,,,,,,,,,,,,,,,,,,,,,,,,,,,,,,,,,,,,,,,,,,,,,,,,,,,,,,,,,,,,,,,,,,,,,,,,,,,,,,,,
1895,12,326.0,-22.0,,,,,,,,,,,,,,,,,,,,,,,,,,,,,,,,,,,,,,,,4.6,5.65,9.3,6.44,14,2.42,6,0.7,0.7,0.8,-6.69,-4.23,-1.84,-4.35,14,2.76,6,0.7,0.7,0.8,-6.55,-1.8,0.0,-3.31,14,3.26,6,0.7,0.7,0.8,1011.22,1016.9,1017.47,1015.37,9,3.29,8,0.8,0.8,0.8,,,,,,,,,,,,,,,,,,,,,,,,,,,,,,,,,,,,,,,,,,,,,,,,,,,,,,,,,,,,,,,,,,,,,,,,,,,,,,,,,,,,,,,,,,,,,,,,,,,,,,,,,,,,,,,,,,,,,,,,,,,,,,,,,,,,,,,,,,,,,,,,,,,,,,
1895,12,326.0,-20.0,,,,,,,,,,,,,,,,,,,,,,,,,,,,,,,,,,,,,,,,4.6,4.6,9.3,5.53,13,2.22,6,0.4,0.6,0.7,-9.3,-4.6,-4.23,-5.45,13,2.26,6,0.4,0.6,0.7,-1.8,0.0,0.0,-0.41,13,0.79,6,0.4,0.6,0.7,1013.51,1017.2,1018.36,1016.24,8,2.31,8,0.3,0.5,0.8,,,,,,,,,,,,,,,,,,,,,,,,,,,,,,,,,,,,,,,,,,,,,,,,,,,,,,,,,,,,,,,,,,,,,,,,,,,,,,,,,,,,,,,,,,,,,,,,,,,,,,,,,,,,,,,,,,,,,,,,,,,,,,,,,,,,,,,,,,,,,,,,,,,,,,
1895,12,326.0,-18.0,,,,,,,,,,,,,,,,,,,,,,,,,,,,,,,,,,,,,,,,4.6,4.6,9.3,6.28,9,3.2,10,0.7,0.9,0.6,-9.3,-4.6,-4.33,-6.24,9,3.23,10,0.7,0.9,0.6,0.0,0.0,0.0,-0.2,9,0.6,10,0.7,0.9,0.6,1013.61,1014.7,1014.97,1014.3,3,1.06,18,1.0,1.0,0.7,,,,,,,,,,,,,,,,,,,,,,,,,,,,,,,,,,,,,,,,,,,,,,,,,,,,,,,,,,,,,,,,,,,,,,,,,,,,,,,,,,,,,,,,,,,,,,,,,,,,,,,,,,,,,,,,,,,,,,,,,,,,,,,,,,,,,,,,,,,,,,,,,,,,,,
1895,12,326.0,-16.0,,,,,,,,,,,,,,,,,,,,,,,,,,,,,,,,,,,,,,,,5.83,12.3,15.4,11.01,11,4.49,16,0.3,0.7,0.7,-14.28,-11.32,-4.6,-9.96,11,4.5,16,0.3,0.7,0.7,-4.81,0.0,5.77,0.23,11,4.9,16,0.3,0.7,0.7,1011.47,1013.7,1014.32,1013.09,7,1.47,22,0.1,0.7,0.7,,,,,,,,,,,,,,,,,,,,,,,,,,,,,,,,,,,,,,,,,,,,,,,,,,,,,,,,,,,,,,,,,,,,,,,,,,,,,,,,,,,,,,,,,,,,,,,,,,,,,,,,,,,,,,,,,,,,,,,,,,,,,,,,,,,,,,,,,,,,,,,,,,,,,,
1895,12,326.0,-14.0,,,,,,,,,,,,,,,,,,,,,,,,,,,,,,,,,,,,,,,,9.3,12.3,15.4,12.0,9,2.83,20,0.7,0.8,0.8,-14.28,-12.3,-7.31,-11.02,9,3.17,20,0.7,0.8,0.8,0.0,5.77,6.36,3.38,9,3.23,20,0.7,0.8,0.8,1011.2,1012.5,1014.36,1012.63,9,1.75,20,0.7,0.8,0.8,,,,,,,,,,,,,,,,,,,,,,,,,,,,,,,,,,,,,,,,,,,,,,,,,,,,,,,,,,,,,,,,,,,,,,,,,,,,,,,,,,,,,,,,,,,,,,,,,,,,,,,,,,,,,,,,,,,,,,,,,,,,,,,,,,,,,,,,,,,,,,,,,,,,,,
1895,12,326.0,-12.0,,,,,,,,,,,,,,,,,,,,,,,,,,,,,,,,,,,,,,,,4.6,8.0,9.3,8.02,22,3.3,16,0.5,0.7,0.7,-8.62,-6.58,-4.23,-6.83,22,3.14,16,0.5,0.7,0.7,-1.8,3.48,6.31,2.69,22,3.47,16,0.5,0.7,0.7,1011.08,1012.9,1014.34,1012.73,18,1.53,16,0.5,0.8,0.7,,,,,,,,,,,,,,,,,,,,,,,,,,,,,,,,,,,,,,,,,,,,,,,,,,,,,,,,,,,,,,,,,,,,,,,,,,,,,,,,,,,,,,,,,,,,,,,,,,,,,,,,,,,,,,,,,,,,,,,,,,,,,,,,,,,,,,,,,,,,,,,,,,,,,,
1895,12,326.0,-10.0,,,,,,,,,,,,,,,,,,,,,,,,,,,,,,,,,,,,,,,,6.7,6.7,9.3,7.92,17,1.34,16,0.4,0.9,0.7,-8.62,-6.7,-4.74,-6.58,17,1.5,16,0.4,0.9,0.7,0.0,3.48,6.58,3.47,17,2.75,16,0.4,0.9,0.7,1011.65,1012.4,1012.9,1012.25,12,0.67,14,0.3,1.0,0.7,,,,,,,,,,,,,,,,,,,,,,,,,,,,,,,,,,,,,,,,,,,,,,,,,,,,,,,,,,,,,,,,,,,,,,,,,,,,,,,,,,,,,,,,,,,,,,,,,,,,,,,,,,,,,,,,,,,,,,,,,,,,,,,,,,,,,,,,,,,,,,,,,,,,,,
1895,12,326.0,-8.0,,,,,,,,,,,,,,,,,,,,,,,,,,,,,,,,,,,,,,,,6.7,9.3,9.3,7.95,17,1.55,16,0.5,0.8,0.7,-8.62,-8.56,-6.17,-7.39,17,1.52,16,0.5,0.8,0.7,-3.09,0.0,3.48,0.65,17,2.98,16,0.5,0.8,0.7,1010.25,1011.2,1013.73,1011.66,12,2.03,16,0.5,0.8,0.8,,,,,,,,,,,,,,,,,,,,,,,,,,,,,,,,,,,,,,,,,,,,,,,,,,,,,,,,,,,,,,,,,,,,,,,,,,,,,,,,,,,,,,,,,,,,,,,,,,,,,,,,,,,,,,,,,,,,,,,,,,,,,,,,,,,,,,,,,,,,,,,,,,,,,,
1895,12,326.0,-6.0,,,,,,,,,,,,,,,,,,,,,,,,,,,,,,,,,,,,,,,,6.7,6.7,9.3,7.91,15,1.34,16,0.7,1.0,0.7,-9.15,-6.7,-6.21,-7.33,15,1.47,16,0.7,1.0,0.7,0.0,2.51,3.48,1.78,15,2.4,16,0.7,1.0,0.7,1010.01,1010.7,1013.27,1011.06,14,1.94,16,0.7,1.0,0.7,,,,,,,,,,,,,,,,,,,,,,,,,,,,,,,,,,,,,,,,,,,,,,,,,,,,,,,,,,,,,,,,,,,,,,,,,,,,,,,,,,,,,,,,,,,,,,,,,,,,,,,,,,,,,,,,,,,,,,,,,,,,,,,,,,,,,,,,,,,,,,,,,,,,,,
1895,12,326.0,-4.0,,,,,,,,,,,,,,,,,,,,,,,,,,,,,,,,,,,,,,,,6.7,8.0,9.3,8.0,8,1.39,16,0.4,1.0,0.7,-8.62,-6.64,-6.21,-7.31,8,1.31,16,0.4,1.0,0.7,0.28,2.51,3.48,2.63,8,2.1,16,0.4,1.0,0.7,1009.26,1010.5,1011.11,1010.21,7,1.06,16,0.3,1.0,0.6,,,,,,,,,,,,,,,,,,,,,,,,,,,,,,,,,,,,,,,,,,,,,,,,,,,,,,,,,,,,,,,,,,,,,,,,,,,,,,,,,,,,,,,,,,,,,,,,,,,,,,,,,,,,,,,,,,,,,,,,,,,,,,,,,,,,,,,,,,,,,,,,,,,,,,
1895,12,326.0,-2.0,,,,,,,,,,,,,,,,,,,,,,,,,,,,,,,,,,,,,,,,6.7,6.7,7.65,7.22,5,1.16,18,0.4,1.0,0.7,-7.09,-6.21,-6.21,-6.69,5,1.08,18,0.4,1.0,0.7,2.51,2.51,2.87,2.7,5,0.44,18,0.4,1.0,0.7,1009.06,1009.5,1009.72,1009.38,5,0.66,18,0.4,1.0,0.7,,,,,,,,,,,,,,,,,,,,,,,,,,,,,,,,,,,,,,,,,,,,,,,,,,,,,,,,,,,,,,,,,,,,,,,,,,,,,,,,,,,,,,,,,,,,,,,,,,,,,,,,,,,,,,,,,,,,,,,,,,,,,,,,,,,,,,,,,,,,,,,,,,,,,,
1895,12,326.0,0.0,,,,,,,,,,,,,,,,,,,,,,,,,,,,,,,,,,,,,,,,5.6,6.7,8.06,6.83,4,1.92,20,0.5,1.0,0.3,-7.48,-6.21,-5.19,-6.33,4,1.78,20,0.5,1.0,0.3,2.1,2.51,3.02,2.56,4,0.72,20,0.5,1.0,0.3,1009.02,1009.85,1010.68,1009.85,4,1.12,20,0.5,1.0,0.3,,,,,,,,,,,,,,,,,,,,,,,,,,,,,,,,,,,,,,,,,,,,,,,,,,,,,,,,,,,,,,,,,,,,,,,,,,,,,,,,,,,,,,,,,,,,,,,,,,,,,,,,,,,,,,,,,,,,,,,,,,,,,,,,,,,,,,,,,,,,,,,,,,,,,,
1895,12,326.0,2.0,,,,,,,,,,,,,,,,,,,,,,,,,,,,,,,,,,,,,,,,3.86,5.65,6.7,5.05,6,2.23,20,0.5,1.0,0.3,-6.21,-5.22,-2.73,-4.47,6,2.22,20,0.5,1.0,0.3,-1.1,2.12,2.66,1.11,6,2.28,20,0.5,1.0,0.3,1008.4,1008.8,1009.58,1008.92,6,0.69,20,0.5,1.0,0.3,,,,,,,,,,,,,,,,,,,,,,,,,,,,,,,,,,,,,,,,,,,,,,,,,,,,,,,,,,,,,,,,,,,,,,,,,,,,,,,,,,,,,,,,,,,,,,,,,,,,,,,,,,,,,,,,,,,,,,,,,,,,,,,,,,,,,,,,,,,,,,,,,,,,,,
1895,12,326.0,4.0,,,,,,,,,,,,,,,,,,,,,,,,,,,,,,,,,,,,,,,,3.29,6.7,6.7,5.14,5,2.49,22,0.4,0.7,0.3,-5.26,-4.27,-2.03,-3.76,5,2.0,22,0.4,0.7,0.3,-3.39,0.0,3.35,0.11,5,4.19,22,0.4,0.7,0.3,1008.4,1009.65,1010.42,1009.5,6,1.11,22,0.5,0.8,0.3,,,,,,,,,,,,,,,,,,,,,,,,,,,,,,,,,,,,,,,,,,,,,,,,,,,,,,,,,,,,,,,,,,,,,,,,,,,,,,,,,,,,,,,,,,,,,,,,,,,,,,,,,,,,,,,,,,,,,,,,,,,,,,,,,,,,,,,,,,,,,,,,,,,,,,
1895,12,326.0,6.0,,,,,,,,,,,,,,,,,,,,,,,,,,,,,,,,,,,,,,,,6.7,6.7,6.7,6.7,2,0.0,22,0.5,0.5,0.0,-4.74,-4.74,-4.74,-4.74,2,0.0,22,0.5,0.5,0.0,-4.74,-4.74,-4.74,-4.74,2,0.0,22,0.5,0.5,0.0,1009.05,1009.6,1010.15,1009.6,2,1.13,22,0.5,0.5,0.0,,,,,,,,,,,,,,,,,,,,,,,,,,,,,,,,,,,,,,,,,,,,,,,,,,,,,,,,,,,,,,,,,,,,,,,,,,,,,,,,,,,,,,,,,,,,,,,,,,,,,,,,,,,,,,,,,,,,,,,,,,,,,,,,,,,,,,,,,,,,,,,,,,,,,,
1895,12,326.0,8.0,,,,,,,,,,,,,,,,,,,,,,,,,,,,,,,,,,,,,,,,3.25,4.65,6.05,4.65,2,2.9,28,0.0,1.0,0.5,-5.48,-4.0,-2.53,-4.0,2,3.06,28,0.0,1.0,0.5,-2.49,-2.23,-1.96,-2.23,2,0.55,28,0.0,1.0,0.5,1013.28,1013.45,1013.62,1013.45,2,0.35,28,0.0,1.0,0.5,,,,,,,,,,,,,,,,,,,,,,,,,,,,,,,,,,,,,,,,,,,,,,,,,,,,,,,,,,,,,,,,,,,,,,,,,,,,,,,,,,,,,,,,,,,,,,,,,,,,,,,,,,,,,,,,,,,,,,,,,,,,,,,,,,,,,,,,,,,,,,,,,,,,,,
1895,12,326.0,10.0,,,,,,,,,,,,,,,,,,,,,,,,,,,,,,,,,,,,,,,,4.6,6.7,6.7,6.21,28,1.31,18,0.5,0.9,0.3,-4.74,-3.25,-1.95,-3.5,28,1.93,18,0.5,0.9,0.3,-6.21,-4.74,-3.25,-4.7,28,1.56,18,0.5,0.9,0.3,1010.44,1012.1,1013.87,1012.06,27,1.66,18,0.5,0.9,0.3,,,,,,,,,,,,,,,,,,,,,,,,,,,,,,,,,,,,,,,,,,,,,,,,,,,,,,,,,,,,,,,,,,,,,,,,,,,,,,,,,,,,,,,,,,,,,,,,,,,,,,,,,,,,,,,,,,,,,,,,,,,,,,,,,,,,,,,,,,,,,,,,,,,,,,
1895,12,326.0,12.0,,,,,,,,,,,,,,,,,,,,,,,,,,,,,,,,,,,,,,,,4.6,6.7,9.3,6.39,55,1.93,16,0.5,0.8,0.3,-6.63,-4.74,-2.51,-4.91,55,2.08,16,0.5,0.8,0.3,-4.74,-3.63,-1.8,-3.69,55,1.62,16,0.5,0.8,0.3,1011.1,1013.35,1014.5,1012.91,38,1.55,16,0.5,0.8,0.3,,,,,,,,,,,,,,,,,,,,,,,,,,,,,,,,,,,,,,,,,,,,,,,,,,,,,,,,,,,,,,,,,,,,,,,,,,,,,,,,,,,,,,,,,,,,,,,,,,,,,,,,,,,,,,,,,,,,,,,,,,,,,,,,,,,,,,,,,,,,,,,,,,,,,,
1895,12,326.0,14.0,,,,,,,,,,,,,,,,,,,,,,,,,,,,,,,,,,,,,,,,4.6,6.7,10.24,7.17,44,3.13,18,0.5,0.8,0.3,-9.66,-6.17,-3.14,-6.28,44,3.01,18,0.5,0.8,0.3,-4.81,-2.94,-0.32,-3.01,44,1.91,18,0.5,0.8,0.3,1012.0,1013.3,1015.3,1013.4,34,1.86,20,0.4,0.8,0.2,,,,,,,,,,,,,,,,,,,,,,,,,,,,,,,,,,,,,,,,,,,,,,,,,,,,,,,,,,,,,,,,,,,,,,,,,,,,,,,,,,,,,,,,,,,,,,,,,,,,,,,,,,,,,,,,,,,,,,,,,,,,,,,,,,,,,,,,,,,,,,,,,,,,,,
1895,12,326.0,16.0,,,,,,,,,,,,,,,,,,,,,,,,,,,,,,,,,,,,,,,,2.6,4.6,11.55,6.34,47,4.18,18,0.5,0.7,0.3,-9.57,-4.27,-1.84,-5.37,47,3.88,18,0.5,0.7,0.3,-6.02,-1.84,-0.21,-2.86,47,2.38,18,0.5,0.7,0.3,1012.5,1014.05,1015.73,1014.26,38,1.56,18,0.6,0.7,0.3,,,,,,,,,,,,,,,,,,,,,,,,,,,,,,,,,,,,,,,,,,,,,,,,,,,,,,,,,,,,,,,,,,,,,,,,,,,,,,,,,,,,,,,,,,,,,,,,,,,,,,,,,,,,,,,,,,,,,,,,,,,,,,,,,,,,,,,,,,,,,,,,,,,,,,
1895,12,326.0,18.0,,,,,,,,,,,,,,,,,,,,,,,,,,,,,,,,,,,,,,,,2.6,6.7,12.3,6.71,31,4.19,14,0.5,0.6,0.3,-8.84,-6.17,-1.84,-5.45,31,3.83,14,0.5,0.6,0.3,-6.3,-2.62,-1.54,-3.46,31,2.51,14,0.5,0.6,0.3,1013.9,1014.7,1017.31,1015.33,24,1.77,14,0.4,0.6,0.2,,,,,,,,,,,,,,,,,,,,,,,,,,,,,,,,,,,,,,,,,,,,,,,,,,,,,,,,,,,,,,,,,,,,,,,,,,,,,,,,,,,,,,,,,,,,,,,,,,,,,,,,,,,,,,,,,,,,,,,,,,,,,,,,,,,,,,,,,,,,,,,,,,,,,,
1895,12,326.0,20.0,,,,,,,,,,,,,,,,,,,,,,,,,,,,,,,,,,,,,,,,6.7,9.3,12.3,9.31,21,2.34,16,0.5,0.8,0.2,-11.13,-8.7,-6.17,-8.6,21,2.2,16,0.5,0.8,0.2,-4.81,-2.62,0.0,-2.77,21,2.46,16,0.5,0.8,0.2,1015.54,1018.0,1020.78,1017.87,16,2.86,12,0.5,0.8,0.2,,,,,,,,,,,,,,,,,,,,,,,,,,,,,,,,,,,,,,,,,,,,,,,,,,,,,,,,,,,,,,,,,,,,,,,,,,,,,,,,,,,,,,,,,,,,,,,,,,,,,,,,,,,,,,,,,,,,,,,,,,,,,,,,,,,,,,,,,,,,,,,,,,,,,,
1895,12,326.0,22.0,,,,,,,,,,,,,,,,,,,,,,,,,,,,,,,,,,,,,,,,7.69,10.8,12.3,10.18,16,2.52,18,0.4,0.8,0.3,-11.93,-9.94,-6.32,-9.27,16,2.99,18,0.4,0.8,0.3,-4.81,-3.63,-1.0,-3.42,16,1.95,18,0.4,0.8,0.3,1019.78,1021.5,1022.61,1021.23,9,1.67,18,0.4,0.7,0.2,,,,,,,,,,,,,,,,,,,,,,,,,,,,,,,,,,,,,,,,,,,,,,,,,,,,,,,,,,,,,,,,,,,,,,,,,,,,,,,,,,,,,,,,,,,,,,,,,,,,,,,,,,,,,,,,,,,,,,,,,,,,,,,,,,,,,,,,,,,,,,,,,,,,,,
1895,12,326.0,24.0,,,,,,,,,,,,,,,,,,,,,,,,,,,,,,,,,,,,,,,,9.3,9.3,12.3,10.21,14,2.07,18,0.4,0.7,0.3,-12.24,-8.56,-6.19,-8.6,14,2.84,18,0.4,0.7,0.3,-6.58,-4.19,-0.17,-4.21,14,3.12,18,0.4,0.7,0.3,1021.39,1023.1,1023.58,1022.5,3,1.68,14,0.3,0.5,0.3,,,,,,,,,,,,,,,,,,,,,,,,,,,,,,,,,,,,,,,,,,,,,,,,,,,,,,,,,,,,,,,,,,,,,,,,,,,,,,,,,,,,,,,,,,,,,,,,,,,,,,,,,,,,,,,,,,,,,,,,,,,,,,,,,,,,,,,,,,,,,,,,,,,,,,
1895,12,326.0,26.0,,,,,,,,,,,,,,,,,,,,,,,,,,,,,,,,,,,,,,,,2.6,4.6,7.07,5.44,19,2.72,22,0.7,0.5,0.3,-5.29,0.0,1.8,-1.53,19,4.27,22,0.7,0.5,0.3,-4.75,-4.23,-2.31,-3.83,19,1.54,22,0.7,0.5,0.3,1023.53,1023.6,1024.08,1023.8,3,0.44,14,0.7,0.5,0.3,,,,,,,,,,,,,,,,,,,,,,,,,,,,,,,,,,,,,,,,,,,,,,,,,,,,,,,,,,,,,,,,,,,,,,,,,,,,,,,,,,,,,,,,,,,,,,,,,,,,,,,,,,,,,,,,,,,,,,,,,,,,,,,,,,,,,,,,,,,,,,,,,,,,,,
1895,12,326.0,28.0,,,,,,,,,,,,,,,,,,,,,,,,,,,,,,,,,,,,,,,,1.0,4.6,8.56,4.39,28,3.16,20,0.5,0.7,0.2,0.0,0.66,3.25,1.23,28,1.72,20,0.5,0.7,0.2,-2.24,0.97,6.66,1.86,28,4.67,20,0.5,0.7,0.2,1012.83,1014.1,1014.45,1014.06,9,1.55,10,0.4,0.5,0.5,,,,,,,,,,,,,,,,,,,,,,,,,,,,,,,,,,,,,,,,,,,,,,,,,,,,,,,,,,,,,,,,,,,,,,,,,,,,,,,,,,,,,,,,,,,,,,,,,,,,,,,,,,,,,,,,,,,,,,,,,,,,,,,,,,,,,,,,,,,,,,,,,,,,,,
1895,12,326.0,30.0,,,,,,,,,,,,,,,,,,,,,,,,,,,,,,,,,,,,,,,,4.6,6.7,9.77,7.01,14,2.94,6,0.7,0.4,0.5,-6.91,-4.27,-2.51,-5.25,14,3.5,6,0.7,0.4,0.5,-6.55,-2.12,-1.02,-3.41,14,2.66,6,0.7,0.4,0.5,1016.47,1023.7,1027.0,1022.03,12,4.82,6,0.7,0.4,0.5,,,,,,,,,,,,,,,,,,,,,,,,,,,,,,,,,,,,,,,,,,,,,,,,,,,,,,,,,,,,,,,,,,,,,,,,,,,,,,,,,,,,,,,,,,,,,,,,,,,,,,,,,,,,,,,,,,,,,,,,,,,,,,,,,,,,,,,,,,,,,,,,,,,,,,
1895,12,326.0,32.0,,,,,,,,,,,,,,,,,,,,,,,,,,,,,,,,,,,,,,,,6.7,9.3,12.3,8.87,17,3.19,22,0.3,0.6,0.5,-4.74,2.51,5.48,1.1,17,6.27,22,0.3,0.6,0.5,-4.25,5.55,8.33,3.51,17,6.33,22,0.3,0.6,0.5,1003.6,1005.3,1024.97,1011.51,10,11.45,18,0.4,0.6,0.3,,,,,,,,,,,,,,,,,,,,,,,,,,,,,,,,,,,,,,,,,,,,,,,,,,,,,,,,,,,,,,,,,,,,,,,,,,,,,,,,,,,,,,,,,,,,,,,,,,,,,,,,,,,,,,,,,,,,,,,,,,,,,,,,,,,,,,,,,,,,,,,,,,,,,,
1895,12,326.0,34.0,,,,,,,,,,,,,,,,,,,,,,,,,,,,,,,,,,,,,,,,7.81,9.55,12.3,10.09,10,2.65,26,0.2,0.6,0.3,-4.97,5.75,7.71,2.67,10,7.18,26,0.2,0.6,0.3,3.05,5.66,9.33,6.3,10,4.07,26,0.2,0.6,0.3,1008.56,1009.25,1029.2,1015.37,6,10.78,24,0.2,0.5,0.3,,,,,,,,,,,,,,,,,,,,,,,,,,,,,,,,,,,,,,,,,,,,,,,,,,,,,,,,,,,,,,,,,,,,,,,,,,,,,,,,,,,,,,,,,,,,,,,,,,,,,,,,,,,,,,,,,,,,,,,,,,,,,,,,,,,,,,,,,,,,,,,,,,,,,,
1895,12,326.0,36.0,,,,,,,,,,,,,,,,,,,,,,,,,,,,,,,,,,,,,,,,7.15,9.3,18.37,12.22,21,5.47,22,0.6,0.7,0.2,-3.63,6.58,8.67,4.26,21,6.2,22,0.6,0.7,0.2,-10.51,6.17,10.87,3.44,21,10.81,22,0.6,0.7,0.2,1001.43,1014.0,1032.1,1017.22,15,13.8,22,0.7,0.7,0.2,,,,,,,,,,,,,,,,,,,,,,,,,,,,,,,,,,,,,,,,,,,,,,,,,,,,,,,,,,,,,,,,,,,,,,,,,,,,,,,,,,,,,,,,,,,,,,,,,,,,,,,,,,,,,,,,,,,,,,,,,,,,,,,,,,,,,,,,,,,,,,,,,,,,,,
1895,12,326.0,38.0,,,,,,,,,,,,,,,,,,,,,,,,,,,,,,,,,,,,,,,,4.6,6.7,12.3,8.27,20,4.12,16,0.5,0.8,0.3,-4.59,2.88,8.53,2.33,20,7.02,16,0.5,0.8,0.3,0.0,3.44,8.7,3.53,20,4.57,16,0.5,0.8,0.3,1017.95,1030.3,1032.9,1025.58,19,8.41,16,0.5,0.8,0.2,,,,,,,,,,,,,,,,,,,,,,,,,,,,,,,,,,,,,,,,,,,,,,,,,,,,,,,,,,,,,,,,,,,,,,,,,,,,,,,,,,,,,,,,,,,,,,,,,,,,,,,,,,,,,,,,,,,,,,,,,,,,,,,,,,,,,,,,,,,,,,,,,,,,,,
1895,12,326.0,40.0,,,,,,,,,,,,,,,,,,,,,,,,,,,,,,,,,,,,,,,,4.6,6.7,12.3,7.3,22,3.46,10,0.7,0.8,0.3,-4.58,-1.8,8.7,0.97,22,6.19,10,0.7,0.8,0.3,1.22,3.74,7.82,3.73,22,3.75,10,0.7,0.8,0.3,1021.0,1024.5,1030.98,1024.85,20,4.94,10,0.6,0.8,0.3,,,,,,,,,,,,,,,,,,,,,,,,,,,,,,,,,,,,,,,,,,,,,,,,,,,,,,,,,,,,,,,,,,,,,,,,,,,,,,,,,,,,,,,,,,,,,,,,,,,,,,,,,,,,,,,,,,,,,,,,,,,,,,,,,,,,,,,,,,,,,,,,,,,,,,
1895,12,326.0,42.0,,,,,,,,,,,,,,,,,,,,,,,,,,,,,,,,,,,,,,,,1.0,4.6,6.7,4.26,24,3.45,4,0.6,0.9,0.0,-1.8,0.0,2.07,-0.04,24,2.41,4,0.6,0.9,0.0,0.6,3.32,6.21,3.73,24,3.23,4,0.6,0.9,0.0,1020.65,1025.5,1032.7,1026.71,24,5.58,4,0.6,0.9,0.0,,,,,,,,,,,,,,,,,,,,,,,,,,,,,,,,,,,,,,,,,,,,,,,,,,,,,,,,,,,,,,,,,,,,,,,,,,,,,,,,,,,,,,,,,,,,,,,,,,,,,,,,,,,,,,,,,,,,,,,,,,,,,,,,,,,,,,,,,,,,,,,,,,,,,,
1895,12,326.0,44.0,,,,,,,,,,,,,,,,,,,,,,,,,,,,,,,,,,,,,,,,13.28,15.4,15.4,14.37,3,1.79,14,0.3,0.8,0.3,0.0,0.0,3.15,1.54,3,2.66,14,0.3,0.8,0.3,12.67,15.4,15.4,14.07,3,2.31,14,0.3,0.8,0.3,1019.32,1020.0,1021.37,1020.33,3,1.53,14,0.3,0.8,0.3,,,,,,,,,,,,,,,,,,,,,,,,,,,,,,,,,,,,,,,,,,,,,,,,,,,,,,,,,,,,,,,,,,,,,,,,,,,,,,,,,,,,,,,,,,,,,,,,,,,,,,,,,,,,,,,,,,,,,,,,,,,,,,,,,,,,,,,,,,,,,,,,,,,,,,
1895,12,326.0,46.0,,,,,,,,,,,,,,,,,,,,,,,,,,,,,,,,,,,,,,,,6.7,6.7,12.64,9.6,3,5.02,14,0.3,0.7,0.0,5.91,6.21,6.55,6.23,3,0.47,14,0.3,0.7,0.0,-1.71,0.0,9.75,3.92,3,9.06,14,0.3,0.7,0.0,1012.9,1017.0,1017.0,1015.0,3,3.46,14,0.3,0.7,0.0,,,,,,,,,,,,,,,,,,,,,,,,,,,,,,,,,,,,,,,,,,,,,,,,,,,,,,,,,,,,,,,,,,,,,,,,,,,,,,,,,,,,,,,,,,,,,,,,,,,,,,,,,,,,,,,,,,,,,,,,,,,,,,,,,,,,,,,,,,,,,,,,,,,,,,
1895,12,326.0,48.0,,,,,,,,,,,,,,,,,,,,,,,,,,,,,,,,,,,,,,,,4.6,6.7,12.3,9.09,21,6.1,14,0.3,0.5,0.6,-6.27,3.48,9.02,2.24,21,6.8,14,0.3,0.5,0.6,-10.87,0.0,2.51,-3.55,21,7.7,14,0.3,0.5,0.6,990.12,1021.4,1029.49,1013.67,13,18.51,16,0.2,0.5,0.7,,,,,,,,,,,,,,,,,,,,,,,,,,,,,,,,,,,,,,,,,,,,,,,,,,,,,,,,,,,,,,,,,,,,,,,,,,,,,,,,,,,,,,,,,,,,,,,,,,,,,,,,,,,,,,,,,,,,,,,,,,,,,,,,,,,,,,,,,,,,,,,,,,,,,,
1895,12,328.0,-38.0,,,,,,,,,,,,,,,,,,,,,,,,,,,,,,,,,,,,,,,,2.6,4.6,6.7,4.23,18,2.53,28,0.6,0.8,0.8,0.0,2.4,4.29,2.59,18,2.94,28,0.6,0.8,0.8,-1.73,1.43,3.55,0.85,18,2.97,28,0.6,0.8,0.8,1008.08,1017.0,1019.11,1015.19,13,5.66,28,0.5,0.7,0.9,,,,,,,,,,,,,,,,,,,,,,,,,,,,,,,,,,,,,,,,,,,,,,,,,,,,,,,,,,,,,,,,,,,,,,,,,,,,,,,,,,,,,,,,,,,,,,,,,,,,,,,,,,,,,,,,,,,,,,,,,,,,,,,,,,,,,,,,,,,,,,,,,,,,,,
1895,12,328.0,-36.0,,,,,,,,,,,,,,,,,,,,,,,,,,,,,,,,,,,,,,,,2.6,6.7,8.15,5.87,29,3.76,16,0.6,0.7,0.9,-2.51,0.71,6.21,1.9,29,4.31,16,0.6,0.7,0.9,-6.41,-2.51,-0.84,-3.87,29,3.48,16,0.6,0.7,0.9,1007.97,1012.9,1022.56,1014.27,29,6.5,16,0.6,0.7,0.9,,,,,,,,,,,,,,,,,,,,,,,,,,,,,,,,,,,,,,,,,,,,,,,,,,,,,,,,,,,,,,,,,,,,,,,,,,,,,,,,,,,,,,,,,,,,,,,,,,,,,,,,,,,,,,,,,,,,,,,,,,,,,,,,,,,,,,,,,,,,,,,,,,,,,,
1895,12,328.0,-34.0,,,,,,,,,,,,,,,,,,,,,,,,,,,,,,,,,,,,,,,,2.6,4.6,9.54,5.98,32,3.78,16,0.6,0.7,0.8,-2.67,0.0,8.75,1.55,32,5.2,16,0.6,0.7,0.8,-4.78,0.0,3.33,-0.84,32,4.58,16,0.6,0.7,0.8,1008.52,1015.0,1017.5,1014.56,20,4.78,18,0.6,0.7,0.7,,,,,,,,,,,,,,,,,,,,,,,,,,,,,,,,,,,,,,,,,,,,,,,,,,,,,,,,,,,,,,,,,,,,,,,,,,,,,,,,,,,,,,,,,,,,,,,,,,,,,,,,,,,,,,,,,,,,,,,,,,,,,,,,,,,,,,,,,,,,,,,,,,,,,,
1895,12,328.0,-32.0,,,,,,,,,,,,,,,,,,,,,,,,,,,,,,,,,,,,,,,,2.6,6.7,9.3,6.47,18,3.31,20,0.6,0.8,0.6,-5.29,-3.76,0.0,-3.45,18,2.85,20,0.6,0.8,0.6,-5.29,1.78,6.33,0.97,18,5.79,20,0.6,0.8,0.6,1011.61,1016.0,1018.2,1015.23,17,2.76,20,0.6,0.8,0.6,,,,,,,,,,,,,,,,,,,,,,,,,,,,,,,,,,,,,,,,,,,,,,,,,,,,,,,,,,,,,,,,,,,,,,,,,,,,,,,,,,,,,,,,,,,,,,,,,,,,,,,,,,,,,,,,,,,,,,,,,,,,,,,,,,,,,,,,,,,,,,,,,,,,,,
1895,12,328.0,-28.0,,,,,,,,,,,,,,,,,,,,,,,,,,,,,,,,,,,,,,,,2.6,4.6,6.7,4.63,7,1.67,22,0.6,0.9,0.9,-4.7,-4.6,2.6,-1.97,7,4.79,22,0.6,0.9,0.9,-0.05,0.0,0.05,0.0,7,0.59,22,0.6,0.9,0.9,1014.13,1018.6,1019.87,1017.28,5,3.06,22,0.4,0.8,0.9,,,,,,,,,,,,,,,,,,,,,,,,,,,,,,,,,,,,,,,,,,,,,,,,,,,,,,,,,,,,,,,,,,,,,,,,,,,,,,,,,,,,,,,,,,,,,,,,,,,,,,,,,,,,,,,,,,,,,,,,,,,,,,,,,,,,,,,,,,,,,,,,,,,,,,
1895,12,328.0,-26.0,,,,,,,,,,,,,,,,,,,,,,,,,,,,,,,,,,,,,,,,4.6,4.6,9.01,5.79,8,2.43,18,0.4,1.0,0.8,-9.01,-4.43,-4.27,-5.64,8,2.54,18,0.4,1.0,0.8,0.0,0.49,1.72,0.77,8,0.86,18,0.4,1.0,0.8,1018.6,1019.25,1019.9,1019.25,4,0.75,18,0.5,1.0,0.8,,,,,,,,,,,,,,,,,,,,,,,,,,,,,,,,,,,,,,,,,,,,,,,,,,,,,,,,,,,,,,,,,,,,,,,,,,,,,,,,,,,,,,,,,,,,,,,,,,,,,,,,,,,,,,,,,,,,,,,,,,,,,,,,,,,,,,,,,,,,,,,,,,,,,,
1895,12,328.0,-24.0,,,,,,,,,,,,,,,,,,,,,,,,,,,,,,,,,,,,,,,,6.7,8.0,9.3,7.93,18,1.98,10,0.6,0.9,0.8,-9.3,-6.19,-2.51,-5.91,18,3.0,10,0.6,0.9,0.8,-6.32,-2.94,2.8,-2.4,18,4.3,10,0.6,0.9,0.8,1015.5,1016.3,1018.27,1016.46,14,1.95,6,0.6,0.9,0.9,,,,,,,,,,,,,,,,,,,,,,,,,,,,,,,,,,,,,,,,,,,,,,,,,,,,,,,,,,,,,,,,,,,,,,,,,,,,,,,,,,,,,,,,,,,,,,,,,,,,,,,,,,,,,,,,,,,,,,,,,,,,,,,,,,,,,,,,,,,,,,,,,,,,,,
1895,12,328.0,-22.0,,,,,,,,,,,,,,,,,,,,,,,,,,,,,,,,,,,,,,,,7.81,9.3,12.3,9.68,10,2.08,8,0.2,0.8,0.6,-10.73,-3.08,0.0,-4.33,10,5.55,8,0.2,0.8,0.6,-9.3,-6.37,0.0,-5.21,10,5.16,8,0.2,0.8,0.6,1009.31,1010.0,1016.55,1012.11,9,3.53,6,0.2,0.7,0.7,,,,,,,,,,,,,,,,,,,,,,,,,,,,,,,,,,,,,,,,,,,,,,,,,,,,,,,,,,,,,,,,,,,,,,,,,,,,,,,,,,,,,,,,,,,,,,,,,,,,,,,,,,,,,,,,,,,,,,,,,,,,,,,,,,,,,,,,,,,,,,,,,,,,,,
1895,12,328.0,-20.0,,,,,,,,,,,,,,,,,,,,,,,,,,,,,,,,,,,,,,,,3.29,6.7,10.4,6.78,5,4.33,14,0.8,1.0,0.7,-10.4,-6.7,-0.45,-5.8,5,5.36,14,0.8,1.0,0.7,-1.68,0.0,0.26,-0.78,5,2.16,14,0.8,1.0,0.7,1013.5,1013.7,1013.91,1013.72,5,0.25,14,0.8,1.0,0.7,,,,,,,,,,,,,,,,,,,,,,,,,,,,,,,,,,,,,,,,,,,,,,,,,,,,,,,,,,,,,,,,,,,,,,,,,,,,,,,,,,,,,,,,,,,,,,,,,,,,,,,,,,,,,,,,,,,,,,,,,,,,,,,,,,,,,,,,,,,,,,,,,,,,,,
1895,12,328.0,-18.0,,,,,,,,,,,,,,,,,,,,,,,,,,,,,,,,,,,,,,,,2.6,2.6,4.6,3.31,19,1.83,12,0.5,0.9,0.8,-3.25,-1.84,-0.97,-2.11,19,1.95,12,0.5,0.9,0.8,-3.25,-1.84,-0.33,-1.82,19,1.71,12,0.5,0.9,0.8,1012.04,1013.2,1015.64,1013.67,19,1.88,12,0.5,0.9,0.8,,,,,,,,,,,,,,,,,,,,,,,,,,,,,,,,,,,,,,,,,,,,,,,,,,,,,,,,,,,,,,,,,,,,,,,,,,,,,,,,,,,,,,,,,,,,,,,,,,,,,,,,,,,,,,,,,,,,,,,,,,,,,,,,,,,,,,,,,,,,,,,,,,,,,,
1895,12,328.0,-16.0,,,,,,,,,,,,,,,,,,,,,,,,,,,,,,,,,,,,,,,,1.0,2.6,4.6,2.99,27,1.52,12,0.6,0.7,0.7,-1.84,-0.97,-0.05,-1.2,27,1.24,12,0.6,0.7,0.7,-4.26,-2.41,-1.0,-2.53,27,1.39,12,0.6,0.7,0.7,1012.1,1013.3,1014.4,1013.42,26,1.28,12,0.6,0.7,0.7,,,,,,,,,,,,,,,,,,,,,,,,,,,,,,,,,,,,,,,,,,,,,,,,,,,,,,,,,,,,,,,,,,,,,,,,,,,,,,,,,,,,,,,,,,,,,,,,,,,,,,,,,,,,,,,,,,,,,,,,,,,,,,,,,,,,,,,,,,,,,,,,,,,,,,
1895,12,328.0,-14.0,,,,,,,,,,,,,,,,,,,,,,,,,,,,,,,,,,,,,,,,4.6,4.6,6.7,5.34,17,1.03,14,0.5,0.7,0.7,-6.21,-4.6,-4.23,-5.01,17,0.91,14,0.5,0.7,0.7,-1.8,-1.8,2.51,-0.46,17,1.9,14,0.5,0.7,0.7,1011.5,1012.1,1013.38,1012.28,17,1.22,14,0.5,0.7,0.7,,,,,,,,,,,,,,,,,,,,,,,,,,,,,,,,,,,,,,,,,,,,,,,,,,,,,,,,,,,,,,,,,,,,,,,,,,,,,,,,,,,,,,,,,,,,,,,,,,,,,,,,,,,,,,,,,,,,,,,,,,,,,,,,,,,,,,,,,,,,,,,,,,,,,,
1895,12,328.0,-12.0,,,,,,,,,,,,,,,,,,,,,,,,,,,,,,,,,,,,,,,,5.07,9.3,9.3,7.69,15,3.19,16,0.5,0.6,0.8,-8.62,-8.56,-4.95,-7.16,15,2.92,16,0.5,0.6,0.8,-3.63,-0.39,3.48,-0.17,15,3.17,16,0.5,0.6,0.8,1010.21,1010.85,1012.89,1011.31,14,1.33,16,0.4,0.6,0.8,,,,,,,,,,,,,,,,,,,,,,,,,,,,,,,,,,,,,,,,,,,,,,,,,,,,,,,,,,,,,,,,,,,,,,,,,,,,,,,,,,,,,,,,,,,,,,,,,,,,,,,,,,,,,,,,,,,,,,,,,,,,,,,,,,,,,,,,,,,,,,,,,,,,,,
1895,12,328.0,-10.0,,,,,,,,,,,,,,,,,,,,,,,,,,,,,,,,,,,,,,,,9.3,9.3,12.3,10.03,21,1.57,16,0.5,0.7,0.8,-8.7,-8.56,-6.92,-8.6,21,1.44,16,0.5,0.7,0.8,-3.63,3.48,6.58,1.09,21,5.22,16,0.5,0.7,0.8,1009.55,1010.4,1011.71,1010.73,21,1.29,16,0.5,0.7,0.8,,,,,,,,,,,,,,,,,,,,,,,,,,,,,,,,,,,,,,,,,,,,,,,,,,,,,,,,,,,,,,,,,,,,,,,,,,,,,,,,,,,,,,,,,,,,,,,,,,,,,,,,,,,,,,,,,,,,,,,,,,,,,,,,,,,,,,,,,,,,,,,,,,,,,,
1895,12,328.0,-8.0,,,,,,,,,,,,,,,,,,,,,,,,,,,,,,,,,,,,,,,,9.3,9.3,12.3,9.97,19,1.81,14,0.4,0.8,0.8,-11.32,-8.62,-6.58,-8.72,19,1.92,14,0.4,0.8,0.8,-3.8,3.48,6.58,1.73,19,4.59,14,0.4,0.8,0.8,1010.56,1011.9,1013.73,1011.92,19,1.49,14,0.4,0.8,0.8,,,,,,,,,,,,,,,,,,,,,,,,,,,,,,,,,,,,,,,,,,,,,,,,,,,,,,,,,,,,,,,,,,,,,,,,,,,,,,,,,,,,,,,,,,,,,,,,,,,,,,,,,,,,,,,,,,,,,,,,,,,,,,,,,,,,,,,,,,,,,,,,,,,,,,
1895,12,328.0,-6.0,,,,,,,,,,,,,,,,,,,,,,,,,,,,,,,,,,,,,,,,9.3,9.3,9.3,9.01,18,0.84,14,0.6,0.8,0.8,-8.62,-6.64,-6.58,-7.38,18,1.47,14,0.6,0.8,0.8,0.0,3.48,6.58,3.94,18,3.23,14,0.6,0.8,0.8,1009.76,1011.4,1012.18,1011.11,15,1.31,12,0.4,0.9,0.8,,,,,,,,,,,,,,,,,,,,,,,,,,,,,,,,,,,,,,,,,,,,,,,,,,,,,,,,,,,,,,,,,,,,,,,,,,,,,,,,,,,,,,,,,,,,,,,,,,,,,,,,,,,,,,,,,,,,,,,,,,,,,,,,,,,,,,,,,,,,,,,,,,,,,,
1895,12,328.0,-4.0,,,,,,,,,,,,,,,,,,,,,,,,,,,,,,,,,,,,,,,,7.4,9.3,9.3,8.72,9,1.15,16,0.4,0.8,0.8,-8.07,-6.58,-6.31,-6.79,9,1.2,16,0.4,0.8,0.8,3.48,6.58,6.58,5.23,9,1.69,16,0.4,0.8,0.8,1010.7,1011.6,1011.9,1011.44,8,1.1,14,0.5,0.8,0.8,,,,,,,,,,,,,,,,,,,,,,,,,,,,,,,,,,,,,,,,,,,,,,,,,,,,,,,,,,,,,,,,,,,,,,,,,,,,,,,,,,,,,,,,,,,,,,,,,,,,,,,,,,,,,,,,,,,,,,,,,,,,,,,,,,,,,,,,,,,,,,,,,,,,,,
1895,12,328.0,-2.0,,,,,,,,,,,,,,,,,,,,,,,,,,,,,,,,,,,,,,,,6.7,8.0,9.3,8.38,8,2.04,14,0.6,0.7,0.8,-8.4,-6.39,-4.74,-6.44,8,2.67,14,0.6,0.7,0.8,3.61,4.74,6.53,4.92,8,1.47,14,0.6,0.7,0.8,1008.46,1010.45,1010.74,1009.88,6,1.16,14,0.5,0.7,0.8,,,,,,,,,,,,,,,,,,,,,,,,,,,,,,,,,,,,,,,,,,,,,,,,,,,,,,,,,,,,,,,,,,,,,,,,,,,,,,,,,,,,,,,,,,,,,,,,,,,,,,,,,,,,,,,,,,,,,,,,,,,,,,,,,,,,,,,,,,,,,,,,,,,,,,
1895,12,328.0,0.0,,,,,,,,,,,,,,,,,,,,,,,,,,,,,,,,,,,,,,,,2.6,4.6,6.7,4.64,5,2.05,12,0.4,0.8,0.4,-4.74,-3.25,-2.55,-3.57,5,1.11,12,0.4,0.8,0.4,0.13,3.25,4.74,2.55,5,2.43,12,0.4,0.8,0.4,1008.95,1009.05,1009.15,1009.05,2,0.21,12,0.5,1.0,0.0,,,,,,,,,,,,,,,,,,,,,,,,,,,,,,,,,,,,,,,,,,,,,,,,,,,,,,,,,,,,,,,,,,,,,,,,,,,,,,,,,,,,,,,,,,,,,,,,,,,,,,,,,,,,,,,,,,,,,,,,,,,,,,,,,,,,,,,,,,,,,,,,,,,,,,
1895,12,328.0,2.0,,,,,,,,,,,,,,,,,,,,,,,,,,,,,,,,,,,,,,,,0.48,1.8,3.65,2.05,4,2.01,18,0.5,0.9,0.4,-2.44,-0.71,-0.24,-1.31,4,1.71,18,0.5,0.9,0.4,-2.56,-1.47,-0.19,-1.38,4,1.38,18,0.5,0.9,0.4,1009.67,1010.45,1011.24,1010.45,2,1.63,22,0.5,1.0,0.5,,,,,,,,,,,,,,,,,,,,,,,,,,,,,,,,,,,,,,,,,,,,,,,,,,,,,,,,,,,,,,,,,,,,,,,,,,,,,,,,,,,,,,,,,,,,,,,,,,,,,,,,,,,,,,,,,,,,,,,,,,,,,,,,,,,,,,,,,,,,,,,,,,,,,,
1895,12,328.0,4.0,,,,,,,,,,,,,,,,,,,,,,,,,,,,,,,,,,,,,,,,1.0,1.8,5.8,3.42,12,3.15,22,0.5,1.0,0.3,-4.85,-1.38,-0.87,-2.79,12,2.65,22,0.5,1.0,0.3,-3.35,-0.82,-0.2,-1.48,12,2.18,22,0.5,1.0,0.3,1008.9,1010.05,1010.5,1010.01,12,1.01,22,0.5,1.0,0.3,,,,,,,,,,,,,,,,,,,,,,,,,,,,,,,,,,,,,,,,,,,,,,,,,,,,,,,,,,,,,,,,,,,,,,,,,,,,,,,,,,,,,,,,,,,,,,,,,,,,,,,,,,,,,,,,,,,,,,,,,,,,,,,,,,,,,,,,,,,,,,,,,,,,,,
1895,12,328.0,6.0,,,,,,,,,,,,,,,,,,,,,,,,,,,,,,,,,,,,,,,,2.6,4.6,6.7,4.75,28,1.95,22,0.5,0.9,0.3,-4.23,-3.25,-1.72,-3.23,28,1.87,22,0.5,0.9,0.3,-4.27,-2.51,-1.8,-3.06,28,1.8,22,0.5,0.9,0.3,1008.44,1011.05,1012.3,1010.64,28,1.97,22,0.5,0.9,0.3,,,,,,,,,,,,,,,,,,,,,,,,,,,,,,,,,,,,,,,,,,,,,,,,,,,,,,,,,,,,,,,,,,,,,,,,,,,,,,,,,,,,,,,,,,,,,,,,,,,,,,,,,,,,,,,,,,,,,,,,,,,,,,,,,,,,,,,,,,,,,,,,,,,,,,
1895,12,328.0,8.0,,,,,,,,,,,,,,,,,,,,,,,,,,,,,,,,,,,,,,,,4.6,6.7,9.3,6.48,67,2.38,16,0.5,0.8,0.3,-6.58,-4.23,-1.84,-4.41,67,2.22,16,0.5,0.8,0.3,-6.21,-4.74,-1.84,-4.38,67,2.01,16,0.5,0.8,0.3,1010.7,1012.5,1014.01,1012.2,51,1.77,16,0.5,0.7,0.3,,,,,,,,,,,,,,,,,,,,,,,,,,,,,,,,,,,,,,,,,,,,,,,,,,,,,,,,,,,,,,,,,,,,,,,,,,,,,,,,,,,,,,,,,,,,,,,,,,,,,,,,,,,,,,,,,,,,,,,,,,,,,,,,,,,,,,,,,,,,,,,,,,,,,,
1895,12,328.0,10.0,,,,,,,,,,,,,,,,,,,,,,,,,,,,,,,,,,,,,,,,4.6,6.7,9.3,7.1,63,2.28,14,0.5,0.7,0.2,-6.58,-6.17,-2.49,-5.3,63,2.33,14,0.5,0.7,0.2,-6.58,-4.27,-2.62,-4.34,63,1.82,14,0.5,0.7,0.2,1012.0,1012.8,1013.73,1012.87,36,0.94,10,0.5,0.7,0.2,,,,,,,,,,,,,,,,,,,,,,,,,,,,,,,,,,,,,,,,,,,,,,,,,,,,,,,,,,,,,,,,,,,,,,,,,,,,,,,,,,,,,,,,,,,,,,,,,,,,,,,,,,,,,,,,,,,,,,,,,,,,,,,,,,,,,,,,,,,,,,,,,,,,,,
1895,12,328.0,12.0,,,,,,,,,,,,,,,,,,,,,,,,,,,,,,,,,,,,,,,,4.6,6.7,9.5,6.91,30,2.61,12,0.4,0.6,0.2,-6.79,-6.17,-4.23,-5.71,30,2.05,12,0.4,0.6,0.2,-6.58,-2.62,-1.36,-3.44,30,2.46,12,0.4,0.6,0.2,1011.31,1012.9,1014.09,1012.68,20,1.22,10,0.4,0.7,0.2,,,,,,,,,,,,,,,,,,,,,,,,,,,,,,,,,,,,,,,,,,,,,,,,,,,,,,,,,,,,,,,,,,,,,,,,,,,,,,,,,,,,,,,,,,,,,,,,,,,,,,,,,,,,,,,,,,,,,,,,,,,,,,,,,,,,,,,,,,,,,,,,,,,,,,
1895,12,328.0,14.0,,,,,,,,,,,,,,,,,,,,,,,,,,,,,,,,,,,,,,,,4.6,5.65,9.3,5.98,24,2.26,12,0.5,0.6,0.3,-7.2,-5.38,-3.89,-5.38,24,2.16,12,0.5,0.6,0.3,-3.63,-1.8,0.0,-1.99,24,1.85,12,0.5,0.6,0.3,1012.0,1013.3,1014.23,1013.09,15,1.45,10,0.5,0.6,0.2,,,,,,,,,,,,,,,,,,,,,,,,,,,,,,,,,,,,,,,,,,,,,,,,,,,,,,,,,,,,,,,,,,,,,,,,,,,,,,,,,,,,,,,,,,,,,,,,,,,,,,,,,,,,,,,,,,,,,,,,,,,,,,,,,,,,,,,,,,,,,,,,,,,,,,
1895,12,328.0,16.0,,,,,,,,,,,,,,,,,,,,,,,,,,,,,,,,,,,,,,,,6.7,8.0,9.3,8.17,18,1.66,14,0.7,0.6,0.2,-9.3,-6.7,-4.74,-7.13,18,2.14,14,0.7,0.6,0.2,-5.29,-1.82,0.0,-2.61,18,2.79,14,0.7,0.6,0.2,1011.78,1013.7,1015.61,1013.74,9,2.06,10,0.8,0.5,0.2,,,,,,,,,,,,,,,,,,,,,,,,,,,,,,,,,,,,,,,,,,,,,,,,,,,,,,,,,,,,,,,,,,,,,,,,,,,,,,,,,,,,,,,,,,,,,,,,,,,,,,,,,,,,,,,,,,,,,,,,,,,,,,,,,,,,,,,,,,,,,,,,,,,,,,
1895,12,328.0,18.0,,,,,,,,,,,,,,,,,,,,,,,,,,,,,,,,,,,,,,,,6.7,8.0,9.3,8.25,12,1.82,14,0.3,0.7,0.2,-9.3,-7.63,-6.17,-7.7,12,1.94,14,0.3,0.7,0.2,-3.91,-2.62,0.0,-2.27,12,1.84,14,0.3,0.7,0.2,1012.29,1014.0,1014.27,1013.3,3,1.57,6,0.0,0.5,0.2,,,,,,,,,,,,,,,,,,,,,,,,,,,,,,,,,,,,,,,,,,,,,,,,,,,,,,,,,,,,,,,,,,,,,,,,,,,,,,,,,,,,,,,,,,,,,,,,,,,,,,,,,,,,,,,,,,,,,,,,,,,,,,,,,,,,,,,,,,,,,,,,,,,,,,
1895,12,328.0,22.0,,,,,,,,,,,,,,,,,,,,,,,,,,,,,,,,,,,,,,,,1.94,4.6,9.3,5.48,11,3.44,10,0.5,0.5,0.3,-6.58,-2.62,-0.7,-3.55,11,3.12,10,0.5,0.5,0.3,-4.85,-0.93,5.03,-0.21,11,4.6,10,0.5,0.5,0.3,1014.39,1015.7,1016.28,1015.41,8,1.19,8,0.5,0.5,0.4,,,,,,,,,,,,,,,,,,,,,,,,,,,,,,,,,,,,,,,,,,,,,,,,,,,,,,,,,,,,,,,,,,,,,,,,,,,,,,,,,,,,,,,,,,,,,,,,,,,,,,,,,,,,,,,,,,,,,,,,,,,,,,,,,,,,,,,,,,,,,,,,,,,,,,
1895,12,328.0,24.0,,,,,,,,,,,,,,,,,,,,,,,,,,,,,,,,,,,,,,,,2.19,2.6,4.6,2.83,12,1.22,10,0.5,0.5,0.3,0.0,1.7,3.02,1.7,12,1.66,10,0.5,0.5,0.3,0.0,1.41,2.46,1.34,12,1.56,10,0.5,0.5,0.3,1015.2,1016.3,1016.9,1016.09,12,0.79,10,0.5,0.5,0.3,,,,,,,,,,,,,,,,,,,,,,,,,,,,,,,,,,,,,,,,,,,,,,,,,,,,,,,,,,,,,,,,,,,,,,,,,,,,,,,,,,,,,,,,,,,,,,,,,,,,,,,,,,,,,,,,,,,,,,,,,,,,,,,,,,,,,,,,,,,,,,,,,,,,,,
1895,12,328.0,26.0,,,,,,,,,,,,,,,,,,,,,,,,,,,,,,,,,,,,,,,,4.19,4.6,4.6,4.27,6,0.82,10,0.5,0.5,0.3,-3.25,-2.1,-1.8,-2.38,6,0.71,10,0.5,0.5,0.3,2.78,3.74,4.23,3.36,6,1.27,10,0.5,0.5,0.3,1015.18,1016.9,1018.32,1017.08,6,2.26,10,0.5,0.5,0.3,,,,,,,,,,,,,,,,,,,,,,,,,,,,,,,,,,,,,,,,,,,,,,,,,,,,,,,,,,,,,,,,,,,,,,,,,,,,,,,,,,,,,,,,,,,,,,,,,,,,,,,,,,,,,,,,,,,,,,,,,,,,,,,,,,,,,,,,,,,,,,,,,,,,,,
1895,12,328.0,28.0,,,,,,,,,,,,,,,,,,,,,,,,,,,,,,,,,,,,,,,,6.7,8.0,9.3,7.79,10,1.71,20,0.5,0.5,0.4,-6.4,3.86,6.4,0.57,10,6.51,20,0.5,0.5,0.4,-3.2,0.41,6.58,0.98,10,5.15,20,0.5,0.5,0.4,1020.47,1021.6,1023.82,1022.02,5,2.15,16,0.4,0.5,0.4,,,,,,,,,,,,,,,,,,,,,,,,,,,,,,,,,,,,,,,,,,,,,,,,,,,,,,,,,,,,,,,,,,,,,,,,,,,,,,,,,,,,,,,,,,,,,,,,,,,,,,,,,,,,,,,,,,,,,,,,,,,,,,,,,,,,,,,,,,,,,,,,,,,,,,
1895,12,328.0,30.0,,,,,,,,,,,,,,,,,,,,,,,,,,,,,,,,,,,,,,,,6.7,9.3,12.25,9.33,20,2.79,24,0.6,0.7,0.2,-8.44,6.17,6.7,3.11,20,6.78,24,0.6,0.7,0.2,0.0,2.62,8.59,3.67,20,5.39,24,0.6,0.7,0.2,1016.2,1026.4,1029.47,1024.05,6,6.42,18,0.8,0.6,0.2,,,,,,,,,,,,,,,,,,,,,,,,,,,,,,,,,,,,,,,,,,,,,,,,,,,,,,,,,,,,,,,,,,,,,,,,,,,,,,,,,,,,,,,,,,,,,,,,,,,,,,,,,,,,,,,,,,,,,,,,,,,,,,,,,,,,,,,,,,,,,,,,,,,,,,
1895,12,328.0,32.0,,,,,,,,,,,,,,,,,,,,,,,,,,,,,,,,,,,,,,,,4.6,6.7,9.3,6.71,23,2.98,14,0.5,0.7,0.3,-8.62,-4.27,3.43,-3.04,23,5.78,14,0.5,0.7,0.3,-2.89,0.0,4.13,0.45,23,3.56,14,0.5,0.7,0.3,1026.32,1027.9,1032.5,1028.75,14,2.96,8,0.5,0.6,0.4,,,,,,,,,,,,,,,,,,,,,,,,,,,,,,,,,,,,,,,,,,,,,,,,,,,,,,,,,,,,,,,,,,,,,,,,,,,,,,,,,,,,,,,,,,,,,,,,,,,,,,,,,,,,,,,,,,,,,,,,,,,,,,,,,,,,,,,,,,,,,,,,,,,,,,
1895,12,328.0,34.0,,,,,,,,,,,,,,,,,,,,,,,,,,,,,,,,,,,,,,,,6.7,9.8,15.4,10.66,11,3.48,22,0.5,0.6,0.4,-5.1,6.21,9.83,2.92,11,7.67,22,0.5,0.6,0.4,0.03,3.67,10.89,4.35,11,6.94,22,0.5,0.6,0.4,1027.69,1028.3,1033.01,1030.3,3,4.27,8,0.3,0.9,0.1,,,,,,,,,,,,,,,,,,,,,,,,,,,,,,,,,,,,,,,,,,,,,,,,,,,,,,,,,,,,,,,,,,,,,,,,,,,,,,,,,,,,,,,,,,,,,,,,,,,,,,,,,,,,,,,,,,,,,,,,,,,,,,,,,,,,,,,,,,,,,,,,,,,,,,
1895,12,328.0,36.0,,,,,,,,,,,,,,,,,,,,,,,,,,,,,,,,,,,,,,,,4.6,8.25,19.92,11.39,12,7.26,22,0.5,0.7,0.5,0.0,3.22,18.47,7.88,12,8.98,22,0.5,0.7,0.5,-7.46,3.6,6.17,0.31,12,6.77,22,0.5,0.7,0.5,1032.8,1033.2,1033.92,1033.35,4,0.72,14,0.3,0.5,0.5,,,,,,,,,,,,,,,,,,,,,,,,,,,,,,,,,,,,,,,,,,,,,,,,,,,,,,,,,,,,,,,,,,,,,,,,,,,,,,,,,,,,,,,,,,,,,,,,,,,,,,,,,,,,,,,,,,,,,,,,,,,,,,,,,,,,,,,,,,,,,,,,,,,,,,
1895,12,328.0,38.0,,,,,,,,,,,,,,,,,,,,,,,,,,,,,,,,,,,,,,,,1.0,4.6,15.4,8.11,23,9.14,18,0.5,0.8,0.2,0.0,3.25,7.22,5.23,23,7.08,18,0.5,0.8,0.2,-0.93,1.02,5.42,0.81,23,8.54,18,0.5,0.8,0.2,1009.32,1032.9,1033.5,1025.61,20,12.94,18,0.5,0.8,0.3,,,,,,,,,,,,,,,,,,,,,,,,,,,,,,,,,,,,,,,,,,,,,,,,,,,,,,,,,,,,,,,,,,,,,,,,,,,,,,,,,,,,,,,,,,,,,,,,,,,,,,,,,,,,,,,,,,,,,,,,,,,,,,,,,,,,,,,,,,,,,,,,,,,,,,
1895,12,328.0,40.0,,,,,,,,,,,,,,,,,,,,,,,,,,,,,,,,,,,,,,,,4.6,9.3,17.4,10.32,29,5.97,18,0.5,0.8,0.3,1.72,6.21,13.44,6.87,29,5.33,18,0.5,0.8,0.3,-12.31,3.63,6.21,-0.07,29,8.28,18,0.5,0.8,0.3,1009.0,1021.0,1032.0,1020.81,21,10.0,18,0.4,0.8,0.2,,,,,,,,,,,,,,,,,,,,,,,,,,,,,,,,,,,,,,,,,,,,,,,,,,,,,,,,,,,,,,,,,,,,,,,,,,,,,,,,,,,,,,,,,,,,,,,,,,,,,,,,,,,,,,,,,,,,,,,,,,,,,,,,,,,,,,,,,,,,,,,,,,,,,,
1895,12,328.0,42.0,,,,,,,,,,,,,,,,,,,,,,,,,,,,,,,,,,,,,,,,1.0,4.6,9.54,5.77,32,4.37,6,0.4,0.7,0.3,-1.02,1.35,4.89,2.46,32,4.52,6,0.4,0.7,0.3,0.88,4.27,6.58,3.85,32,3.37,6,0.4,0.7,0.3,1019.92,1022.5,1034.08,1024.81,32,6.93,6,0.4,0.7,0.3,,,,,,,,,,,,,,,,,,,,,,,,,,,,,,,,,,,,,,,,,,,,,,,,,,,,,,,,,,,,,,,,,,,,,,,,,,,,,,,,,,,,,,,,,,,,,,,,,,,,,,,,,,,,,,,,,,,,,,,,,,,,,,,,,,,,,,,,,,,,,,,,,,,,,,
1895,12,328.0,44.0,,,,,,,,,,,,,,,,,,,,,,,,,,,,,,,,,,,,,,,,13.28,15.4,15.4,14.37,3,1.79,12,1.0,0.8,0.3,0.0,0.0,3.15,1.54,3,2.66,12,1.0,0.8,0.3,12.67,15.4,15.4,14.07,3,2.31,12,1.0,0.8,0.3,1016.95,1019.0,1024.46,1020.67,3,5.69,12,1.0,0.8,0.3,,,,,,,,,,,,,,,,,,,,,,,,,,,,,,,,,,,,,,,,,,,,,,,,,,,,,,,,,,,,,,,,,,,,,,,,,,,,,,,,,,,,,,,,,,,,,,,,,,,,,,,,,,,,,,,,,,,,,,,,,,,,,,,,,,,,,,,,,,,,,,,,,,,,,,
1895,12,328.0,46.0,,,,,,,,,,,,,,,,,,,,,,,,,,,,,,,,,,,,,,,,9.3,9.3,11.35,10.3,3,1.73,14,0.7,0.7,0.0,9.3,9.3,10.74,10.0,3,1.21,14,0.7,0.7,0.0,-3.15,0.0,0.0,-1.54,3,2.66,14,0.7,0.7,0.0,1020.63,1022.0,1022.68,1021.67,3,1.53,14,0.7,0.7,0.0,,,,,,,,,,,,,,,,,,,,,,,,,,,,,,,,,,,,,,,,,,,,,,,,,,,,,,,,,,,,,,,,,,,,,,,,,,,,,,,,,,,,,,,,,,,,,,,,,,,,,,,,,,,,,,,,,,,,,,,,,,,,,,,,,,,,,,,,,,,,,,,,,,,,,,
1895,12,328.0,48.0,,,,,,,,,,,,,,,,,,,,,,,,,,,,,,,,,,,,,,,,4.6,8.0,15.4,8.91,28,5.18,16,0.3,0.5,0.7,-4.6,4.04,12.95,4.23,28,7.17,16,0.3,0.5,0.7,-7.42,0.0,4.67,-1.1,28,6.16,16,0.3,0.5,0.7,987.83,1006.25,1027.01,1006.41,14,18.66,20,0.3,0.5,0.6,,,,,,,,,,,,,,,,,,,,,,,,,,,,,,,,,,,,,,,,,,,,,,,,,,,,,,,,,,,,,,,,,,,,,,,,,,,,,,,,,,,,,,,,,,,,,,,,,,,,,,,,,,,,,,,,,,,,,,,,,,,,,,,,,,,,,,,,,,,,,,,,,,,,,,
1895,12,328.0,50.0,,,,,,,,,,,,,,,,,,,,,,,,,,,,,,,,,,,,,,,,3.29,6.7,12.51,8.32,5,8.32,12,0.6,0.5,0.6,0.0,0.71,7.34,3.17,5,4.08,12,0.6,0.5,0.6,-7.65,0.71,5.37,-1.79,5,11.06,12,0.6,0.5,0.6,1017.1,1017.1,1017.1,1017.1,1,0.0,10,1.0,0.8,0.3,,,,,,,,,,,,,,,,,,,,,,,,,,,,,,,,,,,,,,,,,,,,,,,,,,,,,,,,,,,,,,,,,,,,,,,,,,,,,,,,,,,,,,,,,,,,,,,,,,,,,,,,,,,,,,,,,,,,,,,,,,,,,,,,,,,,,,,,,,,,,,,,,,,,,,
1895,12,330.0,-36.0,,,,,,,,,,,,,,,,,,,,,,,,,,,,,,,,,,,,,,,,6.7,9.3,9.3,8.04,18,2.67,20,0.3,0.7,0.6,0.26,4.77,7.28,4.28,18,4.0,20,0.3,0.7,0.6,-7.28,-4.05,3.32,-2.65,18,5.73,20,0.3,0.7,0.6,1007.67,1009.4,1016.37,1011.31,14,4.91,20,0.4,0.6,0.6,,,,,,,,,,,,,,,,,,,,,,,,,,,,,,,,,,,,,,,,,,,,,,,,,,,,,,,,,,,,,,,,,,,,,,,,,,,,,,,,,,,,,,,,,,,,,,,,,,,,,,,,,,,,,,,,,,,,,,,,,,,,,,,,,,,,,,,,,,,,,,,,,,,,,,
1895,12,330.0,-34.0,,,,,,,,,,,,,,,,,,,,,,,,,,,,,,,,,,,,,,,,2.6,4.6,6.7,5.55,42,3.61,16,0.5,0.7,0.8,0.0,2.46,5.4,2.67,42,3.43,16,0.5,0.7,0.8,-5.44,-1.84,2.62,-1.96,42,4.64,16,0.5,0.7,0.8,1007.6,1011.6,1014.7,1010.81,36,4.35,16,0.6,0.7,0.8,,,,,,,,,,,,,,,,,,,,,,,,,,,,,,,,,,,,,,,,,,,,,,,,,,,,,,,,,,,,,,,,,,,,,,,,,,,,,,,,,,,,,,,,,,,,,,,,,,,,,,,,,,,,,,,,,,,,,,,,,,,,,,,,,,,,,,,,,,,,,,,,,,,,,,
1895,12,330.0,-32.0,,,,,,,,,,,,,,,,,,,,,,,,,,,,,,,,,,,,,,,,1.0,2.6,6.7,3.79,35,2.82,22,0.4,0.7,0.8,-3.25,0.0,1.84,-0.72,35,2.74,22,0.4,0.7,0.8,-0.88,1.84,5.6,2.23,35,3.09,22,0.4,0.7,0.8,1013.77,1016.25,1017.64,1015.56,28,2.89,20,0.4,0.8,0.8,,,,,,,,,,,,,,,,,,,,,,,,,,,,,,,,,,,,,,,,,,,,,,,,,,,,,,,,,,,,,,,,,,,,,,,,,,,,,,,,,,,,,,,,,,,,,,,,,,,,,,,,,,,,,,,,,,,,,,,,,,,,,,,,,,,,,,,,,,,,,,,,,,,,,,
1895,12,330.0,-30.0,,,,,,,,,,,,,,,,,,,,,,,,,,,,,,,,,,,,,,,,1.0,2.6,4.6,3.16,55,2.13,22,0.5,0.9,0.7,-3.32,0.37,3.25,-0.03,55,3.15,22,0.5,0.9,0.7,-3.25,-0.39,0.97,-0.76,55,2.05,22,0.5,0.9,0.7,1014.6,1016.3,1019.47,1017.29,51,3.54,22,0.5,0.9,0.7,,,,,,,,,,,,,,,,,,,,,,,,,,,,,,,,,,,,,,,,,,,,,,,,,,,,,,,,,,,,,,,,,,,,,,,,,,,,,,,,,,,,,,,,,,,,,,,,,,,,,,,,,,,,,,,,,,,,,,,,,,,,,,,,,,,,,,,,,,,,,,,,,,,,,,
1895,12,330.0,-28.0,,,,,,,,,,,,,,,,,,,,,,,,,,,,,,,,,,,,,,,,1.0,2.6,4.6,3.18,21,2.46,20,0.4,0.6,0.5,-3.91,-0.37,1.84,-0.8,21,3.45,20,0.4,0.6,0.5,-3.11,-1.8,-0.45,-1.62,21,1.14,20,0.4,0.6,0.5,1014.66,1016.4,1019.29,1016.73,18,2.49,16,0.4,0.9,0.6,,,,,,,,,,,,,,,,,,,,,,,,,,,,,,,,,,,,,,,,,,,,,,,,,,,,,,,,,,,,,,,,,,,,,,,,,,,,,,,,,,,,,,,,,,,,,,,,,,,,,,,,,,,,,,,,,,,,,,,,,,,,,,,,,,,,,,,,,,,,,,,,,,,,,,
1895,12,330.0,-26.0,,,,,,,,,,,,,,,,,,,,,,,,,,,,,,,,,,,,,,,,1.0,1.0,12.3,5.63,11,5.55,2,0.5,0.9,0.9,-1.0,-0.92,0.0,-0.95,11,1.34,2,0.5,0.9,0.9,-12.3,-0.39,0.0,-4.18,11,6.6,2,0.5,0.9,0.9,1011.38,1013.8,1020.74,1015.61,16,4.56,4,0.4,0.9,0.8,,,,,,,,,,,,,,,,,,,,,,,,,,,,,,,,,,,,,,,,,,,,,,,,,,,,,,,,,,,,,,,,,,,,,,,,,,,,,,,,,,,,,,,,,,,,,,,,,,,,,,,,,,,,,,,,,,,,,,,,,,,,,,,,,,,,,,,,,,,,,,,,,,,,,,
1895,12,330.0,-24.0,,,,,,,,,,,,,,,,,,,,,,,,,,,,,,,,,,,,,,,,1.0,1.0,1.74,1.6,6,1.47,2,0.5,0.5,0.5,-1.23,-0.54,-0.37,-0.97,6,1.13,2,0.5,0.5,0.5,-1.41,-0.93,-0.71,-1.24,6,0.99,2,0.5,0.5,0.5,1017.82,1018.0,1019.04,1018.32,6,0.78,2,0.5,0.5,0.5,,,,,,,,,,,,,,,,,,,,,,,,,,,,,,,,,,,,,,,,,,,,,,,,,,,,,,,,,,,,,,,,,,,,,,,,,,,,,,,,,,,,,,,,,,,,,,,,,,,,,,,,,,,,,,,,,,,,,,,,,,,,,,,,,,,,,,,,,,,,,,,,,,,,,,
1895,12,330.0,-22.0,,,,,,,,,,,,,,,,,,,,,,,,,,,,,,,,,,,,,,,,2.6,4.6,9.3,5.74,20,3.28,6,0.7,0.7,0.8,-1.71,0.0,0.96,-0.81,20,3.45,6,0.7,0.7,0.8,-8.53,-4.6,-1.0,-4.05,20,3.94,6,0.7,0.7,0.8,1010.47,1010.8,1013.35,1011.84,5,2.28,6,1.0,0.7,0.9,,,,,,,,,,,,,,,,,,,,,,,,,,,,,,,,,,,,,,,,,,,,,,,,,,,,,,,,,,,,,,,,,,,,,,,,,,,,,,,,,,,,,,,,,,,,,,,,,,,,,,,,,,,,,,,,,,,,,,,,,,,,,,,,,,,,,,,,,,,,,,,,,,,,,,
1895,12,330.0,-20.0,,,,,,,,,,,,,,,,,,,,,,,,,,,,,,,,,,,,,,,,4.6,6.7,9.3,6.5,22,3.34,8,0.4,0.8,0.7,-3.41,0.0,0.0,-2.03,22,4.35,8,0.4,0.8,0.7,-6.7,-4.23,0.0,-3.91,22,4.01,8,0.4,0.8,0.7,1011.76,1013.3,1013.99,1013.18,17,1.35,6,0.5,0.8,0.7,,,,,,,,,,,,,,,,,,,,,,,,,,,,,,,,,,,,,,,,,,,,,,,,,,,,,,,,,,,,,,,,,,,,,,,,,,,,,,,,,,,,,,,,,,,,,,,,,,,,,,,,,,,,,,,,,,,,,,,,,,,,,,,,,,,,,,,,,,,,,,,,,,,,,,
1895,12,330.0,-18.0,,,,,,,,,,,,,,,,,,,,,,,,,,,,,,,,,,,,,,,,1.0,2.6,4.6,3.06,39,2.18,12,0.5,0.9,0.8,-1.01,0.0,1.02,-0.55,39,2.59,12,0.5,0.9,0.8,-4.2,-2.39,-0.71,-2.01,39,1.78,12,0.5,0.9,0.8,1012.49,1013.9,1015.51,1013.96,19,1.26,10,0.5,0.8,0.8,,,,,,,,,,,,,,,,,,,,,,,,,,,,,,,,,,,,,,,,,,,,,,,,,,,,,,,,,,,,,,,,,,,,,,,,,,,,,,,,,,,,,,,,,,,,,,,,,,,,,,,,,,,,,,,,,,,,,,,,,,,,,,,,,,,,,,,,,,,,,,,,,,,,,,
1895,12,330.0,-16.0,,,,,,,,,,,,,,,,,,,,,,,,,,,,,,,,,,,,,,,,1.0,2.6,4.6,3.41,50,2.0,14,0.5,0.7,0.7,-4.23,-2.39,-0.55,-2.35,50,1.91,14,0.5,0.7,0.7,-3.25,-1.8,0.0,-1.8,50,1.79,14,0.5,0.7,0.7,1012.02,1013.9,1014.81,1013.6,34,1.22,12,0.4,0.8,0.6,,,,,,,,,,,,,,,,,,,,,,,,,,,,,,,,,,,,,,,,,,,,,,,,,,,,,,,,,,,,,,,,,,,,,,,,,,,,,,,,,,,,,,,,,,,,,,,,,,,,,,,,,,,,,,,,,,,,,,,,,,,,,,,,,,,,,,,,,,,,,,,,,,,,,,
1895,12,330.0,-14.0,,,,,,,,,,,,,,,,,,,,,,,,,,,,,,,,,,,,,,,,2.63,5.65,9.3,6.1,20,2.97,14,0.6,0.7,0.7,-8.56,-4.49,-1.86,-5.15,20,2.98,14,0.6,0.7,0.7,-3.63,-2.94,1.84,-1.73,20,2.84,14,0.6,0.7,0.7,1012.97,1014.2,1015.03,1013.99,10,0.94,12,0.6,0.9,0.6,,,,,,,,,,,,,,,,,,,,,,,,,,,,,,,,,,,,,,,,,,,,,,,,,,,,,,,,,,,,,,,,,,,,,,,,,,,,,,,,,,,,,,,,,,,,,,,,,,,,,,,,,,,,,,,,,,,,,,,,,,,,,,,,,,,,,,,,,,,,,,,,,,,,,,
1895,12,330.0,-12.0,,,,,,,,,,,,,,,,,,,,,,,,,,,,,,,,,,,,,,,,6.7,9.3,12.25,8.54,20,2.56,14,0.5,0.6,0.8,-11.29,-8.56,-4.76,-7.85,20,2.74,14,0.5,0.6,0.8,-3.63,0.0,3.2,-0.72,20,3.24,14,0.5,0.6,0.8,1011.96,1013.9,1015.57,1013.93,11,1.61,14,0.5,0.8,0.8,,,,,,,,,,,,,,,,,,,,,,,,,,,,,,,,,,,,,,,,,,,,,,,,,,,,,,,,,,,,,,,,,,,,,,,,,,,,,,,,,,,,,,,,,,,,,,,,,,,,,,,,,,,,,,,,,,,,,,,,,,,,,,,,,,,,,,,,,,,,,,,,,,,,,,
1895,12,330.0,-10.0,,,,,,,,,,,,,,,,,,,,,,,,,,,,,,,,,,,,,,,,6.7,9.3,9.3,8.97,20,1.86,12,0.6,0.9,0.7,-9.3,-8.56,-6.17,-8.41,20,2.36,12,0.6,0.9,0.7,-3.62,0.0,3.58,-0.23,20,2.84,12,0.6,0.9,0.7,1011.65,1012.65,1015.04,1013.07,6,1.89,16,0.3,1.0,0.8,,,,,,,,,,,,,,,,,,,,,,,,,,,,,,,,,,,,,,,,,,,,,,,,,,,,,,,,,,,,,,,,,,,,,,,,,,,,,,,,,,,,,,,,,,,,,,,,,,,,,,,,,,,,,,,,,,,,,,,,,,,,,,,,,,,,,,,,,,,,,,,,,,,,,,
1895,12,330.0,-8.0,,,,,,,,,,,,,,,,,,,,,,,,,,,,,,,,,,,,,,,,6.7,9.3,12.3,9.56,31,2.54,14,0.5,0.9,0.8,-11.62,-8.62,-6.49,-8.65,31,2.49,14,0.5,0.9,0.8,-2.78,0.0,6.58,1.11,31,4.02,14,0.5,0.9,0.8,1009.7,1011.5,1012.56,1011.42,13,1.45,20,0.6,0.8,0.8,,,,,,,,,,,,,,,,,,,,,,,,,,,,,,,,,,,,,,,,,,,,,,,,,,,,,,,,,,,,,,,,,,,,,,,,,,,,,,,,,,,,,,,,,,,,,,,,,,,,,,,,,,,,,,,,,,,,,,,,,,,,,,,,,,,,,,,,,,,,,,,,,,,,,,
1895,12,330.0,-6.0,,,,,,,,,,,,,,,,,,,,,,,,,,,,,,,,,,,,,,,,6.7,9.3,12.3,9.08,36,2.35,14,0.5,0.9,0.8,-11.4,-9.3,-4.74,-8.51,36,2.55,14,0.5,0.9,0.8,0.0,0.0,4.67,1.07,36,2.87,14,0.5,0.9,0.8,1010.1,1011.4,1013.1,1011.61,19,1.24,18,0.6,0.8,0.8,,,,,,,,,,,,,,,,,,,,,,,,,,,,,,,,,,,,,,,,,,,,,,,,,,,,,,,,,,,,,,,,,,,,,,,,,,,,,,,,,,,,,,,,,,,,,,,,,,,,,,,,,,,,,,,,,,,,,,,,,,,,,,,,,,,,,,,,,,,,,,,,,,,,,,
1895,12,330.0,-4.0,,,,,,,,,,,,,,,,,,,,,,,,,,,,,,,,,,,,,,,,4.6,9.3,9.3,8.05,47,2.23,12,0.5,0.8,0.8,-9.3,-6.7,-4.6,-7.22,47,2.02,12,0.5,0.8,0.8,0.0,1.72,6.58,2.31,47,2.89,12,0.5,0.8,0.8,1010.01,1010.7,1012.4,1011.1,36,1.35,14,0.5,0.8,0.8,,,,,,,,,,,,,,,,,,,,,,,,,,,,,,,,,,,,,,,,,,,,,,,,,,,,,,,,,,,,,,,,,,,,,,,,,,,,,,,,,,,,,,,,,,,,,,,,,,,,,,,,,,,,,,,,,,,,,,,,,,,,,,,,,,,,,,,,,,,,,,,,,,,,,,
1895,12,330.0,-2.0,,,,,,,,,,,,,,,,,,,,,,,,,,,,,,,,,,,,,,,,4.6,6.7,9.3,7.0,60,2.08,14,0.5,0.8,0.8,-8.62,-6.21,-3.86,-6.07,60,2.1,14,0.5,0.8,0.8,0.0,2.51,5.65,2.51,60,2.41,14,0.5,0.8,0.8,1009.9,1011.2,1012.7,1011.26,53,1.38,14,0.5,0.8,0.8,,,,,,,,,,,,,,,,,,,,,,,,,,,,,,,,,,,,,,,,,,,,,,,,,,,,,,,,,,,,,,,,,,,,,,,,,,,,,,,,,,,,,,,,,,,,,,,,,,,,,,,,,,,,,,,,,,,,,,,,,,,,,,,,,,,,,,,,,,,,,,,,,,,,,,
1895,12,330.0,0.0,,,,,,,,,,,,,,,,,,,,,,,,,,,,,,,,,,,,,,,,2.6,6.7,6.83,5.81,70,2.3,16,0.5,0.9,0.3,-6.7,-4.74,-2.41,-4.93,70,2.33,16,0.5,0.9,0.3,0.0,2.51,4.74,2.29,70,2.02,16,0.5,0.9,0.3,1009.9,1011.2,1012.42,1011.06,50,1.36,16,0.5,0.9,0.3,,,,,,,,,,,,,,,,,,,,,,,,,,,,,,,,,,,,,,,,,,,,,,,,,,,,,,,,,,,,,,,,,,,,,,,,,,,,,,,,,,,,,,,,,,,,,,,,,,,,,,,,,,,,,,,,,,,,,,,,,,,,,,,,,,,,,,,,,,,,,,,,,,,,,,
1895,12,330.0,2.0,,,,,,,,,,,,,,,,,,,,,,,,,,,,,,,,,,,,,,,,1.0,4.6,7.61,4.44,87,2.91,18,0.5,0.9,0.3,-6.58,-3.25,-0.39,-3.44,87,2.9,18,0.5,0.9,0.3,-0.93,0.97,3.75,1.35,87,2.5,18,0.5,0.9,0.3,1009.5,1010.9,1012.26,1010.93,67,1.32,20,0.5,0.9,0.3,,,,,,,,,,,,,,,,,,,,,,,,,,,,,,,,,,,,,,,,,,,,,,,,,,,,,,,,,,,,,,,,,,,,,,,,,,,,,,,,,,,,,,,,,,,,,,,,,,,,,,,,,,,,,,,,,,,,,,,,,,,,,,,,,,,,,,,,,,,,,,,,,,,,,,
1895,12,330.0,4.0,,,,,,,,,,,,,,,,,,,,,,,,,,,,,,,,,,,,,,,,2.6,4.6,6.7,3.85,95,2.11,16,0.5,0.8,0.3,-4.6,-2.39,-0.9,-2.86,95,2.25,16,0.5,0.8,0.3,-4.27,-1.02,0.73,-1.13,95,2.21,16,0.5,0.8,0.3,1008.8,1010.7,1012.4,1010.63,62,1.76,20,0.5,0.8,0.2,,,,,,,,,,,,,,,,,,,,,,,,,,,,,,,,,,,,,,,,,,,,,,,,,,,,,,,,,,,,,,,,,,,,,,,,,,,,,,,,,,,,,,,,,,,,,,,,,,,,,,,,,,,,,,,,,,,,,,,,,,,,,,,,,,,,,,,,,,,,,,,,,,,,,,
1895,12,330.0,6.0,,,,,,,,,,,,,,,,,,,,,,,,,,,,,,,,,,,,,,,,2.6,4.6,7.49,5.0,81,2.71,14,0.5,0.8,0.2,-6.21,-3.25,-1.72,-3.71,81,2.46,14,0.5,0.8,0.2,-4.27,-2.51,0.0,-2.62,81,2.39,14,0.5,0.8,0.2,1010.42,1012.0,1013.43,1011.77,34,1.85,16,0.5,0.7,0.1,,,,,,,,,,,,,,,,,,,,,,,,,,,,,,,,,,,,,,,,,,,,,,,,,,,,,,,,,,,,,,,,,,,,,,,,,,,,,,,,,,,,,,,,,,,,,,,,,,,,,,,,,,,,,,,,,,,,,,,,,,,,,,,,,,,,,,,,,,,,,,,,,,,,,,
1895,12,330.0,8.0,,,,,,,,,,,,,,,,,,,,,,,,,,,,,,,,,,,,,,,,4.6,6.7,9.3,7.09,29,2.37,14,0.6,0.5,0.2,-6.77,-3.48,-2.51,-4.45,29,2.16,14,0.6,0.5,0.2,-7.87,-4.74,-2.62,-5.14,29,2.27,14,0.6,0.5,0.2,1011.91,1013.05,1014.47,1013.11,14,1.5,8,0.6,0.5,0.2,,,,,,,,,,,,,,,,,,,,,,,,,,,,,,,,,,,,,,,,,,,,,,,,,,,,,,,,,,,,,,,,,,,,,,,,,,,,,,,,,,,,,,,,,,,,,,,,,,,,,,,,,,,,,,,,,,,,,,,,,,,,,,,,,,,,,,,,,,,,,,,,,,,,,,
1895,12,330.0,10.0,,,,,,,,,,,,,,,,,,,,,,,,,,,,,,,,,,,,,,,,6.7,6.7,9.3,7.48,10,1.26,10,0.5,1.0,0.3,-5.79,-4.11,-2.51,-4.09,10,1.63,10,0.5,1.0,0.3,-6.58,-6.21,-4.74,-6.08,10,1.18,10,0.5,1.0,0.3,1011.1,1011.1,1011.2,1011.14,5,0.05,6,0.6,0.9,0.2,,,,,,,,,,,,,,,,,,,,,,,,,,,,,,,,,,,,,,,,,,,,,,,,,,,,,,,,,,,,,,,,,,,,,,,,,,,,,,,,,,,,,,,,,,,,,,,,,,,,,,,,,,,,,,,,,,,,,,,,,,,,,,,,,,,,,,,,,,,,,,,,,,,,,,
1895,12,330.0,12.0,,,,,,,,,,,,,,,,,,,,,,,,,,,,,,,,,,,,,,,,4.6,6.7,6.7,5.86,10,1.08,12,0.4,0.5,0.3,-4.74,-4.6,-2.83,-4.21,10,1.14,12,0.4,0.5,0.3,-5.58,-4.0,-0.77,-3.43,10,2.3,12,0.4,0.5,0.3,1009.74,1010.15,1010.35,1010.05,4,0.4,6,0.3,0.5,0.3,,,,,,,,,,,,,,,,,,,,,,,,,,,,,,,,,,,,,,,,,,,,,,,,,,,,,,,,,,,,,,,,,,,,,,,,,,,,,,,,,,,,,,,,,,,,,,,,,,,,,,,,,,,,,,,,,,,,,,,,,,,,,,,,,,,,,,,,,,,,,,,,,,,,,,
1895,12,330.0,30.0,,,,,,,,,,,,,,,,,,,,,,,,,,,,,,,,,,,,,,,,10.27,12.35,14.43,12.35,2,4.31,28,0.5,0.4,0.6,7.26,8.73,10.2,8.73,2,3.05,28,0.5,0.4,0.6,-3.8,2.16,8.12,2.16,2,12.35,28,0.5,0.4,0.6,1013.9,1013.9,1013.9,1013.9,1,0.0,30,1.0,0.3,0.8,,,,,,,,,,,,,,,,,,,,,,,,,,,,,,,,,,,,,,,,,,,,,,,,,,,,,,,,,,,,,,,,,,,,,,,,,,,,,,,,,,,,,,,,,,,,,,,,,,,,,,,,,,,,,,,,,,,,,,,,,,,,,,,,,,,,,,,,,,,,,,,,,,,,,,
1895,12,330.0,32.0,,,,,,,,,,,,,,,,,,,,,,,,,,,,,,,,,,,,,,,,4.6,9.3,19.0,10.64,13,6.11,24,0.3,0.6,0.3,-3.25,6.58,13.44,5.46,13,6.07,24,0.3,0.6,0.3,-3.57,3.63,13.44,4.44,13,8.33,24,0.3,0.6,0.3,1015.48,1016.6,1024.72,1019.4,5,5.17,20,0.0,0.5,0.5,,,,,,,,,,,,,,,,,,,,,,,,,,,,,,,,,,,,,,,,,,,,,,,,,,,,,,,,,,,,,,,,,,,,,,,,,,,,,,,,,,,,,,,,,,,,,,,,,,,,,,,,,,,,,,,,,,,,,,,,,,,,,,,,,,,,,,,,,,,,,,,,,,,,,,
1895,12,330.0,34.0,,,,,,,,,,,,,,,,,,,,,,,,,,,,,,,,,,,,,,,,2.29,6.7,9.3,5.83,25,3.72,14,0.5,0.6,0.4,-8.62,-1.8,5.02,-2.22,25,5.39,14,0.5,0.6,0.4,-4.63,-2.51,2.42,-1.55,25,3.54,14,0.5,0.6,0.4,1028.9,1032.65,1036.3,1032.14,26,4.08,12,0.6,0.5,0.4,,,,,,,,,,,,,,,,,,,,,,,,,,,,,,,,,,,,,,,,,,,,,,,,,,,,,,,,,,,,,,,,,,,,,,,,,,,,,,,,,,,,,,,,,,,,,,,,,,,,,,,,,,,,,,,,,,,,,,,,,,,,,,,,,,,,,,,,,,,,,,,,,,,,,,
1895,12,330.0,36.0,,,,,,,,,,,,,,,,,,,,,,,,,,,,,,,,,,,,,,,,4.6,6.7,9.3,7.17,18,3.29,18,0.6,0.7,0.2,-4.74,0.0,3.86,0.62,18,5.95,18,0.6,0.7,0.2,-4.65,-4.42,4.98,-1.7,18,5.15,18,0.6,0.7,0.2,997.24,1026.45,1028.04,1020.06,14,14.29,16,0.5,0.7,0.2,,,,,,,,,,,,,,,,,,,,,,,,,,,,,,,,,,,,,,,,,,,,,,,,,,,,,,,,,,,,,,,,,,,,,,,,,,,,,,,,,,,,,,,,,,,,,,,,,,,,,,,,,,,,,,,,,,,,,,,,,,,,,,,,,,,,,,,,,,,,,,,,,,,,,,
1895,12,330.0,38.0,,,,,,,,,,,,,,,,,,,,,,,,,,,,,,,,,,,,,,,,4.41,6.7,6.95,5.93,13,2.85,20,0.4,0.6,0.4,-2.62,1.8,4.74,0.87,13,4.1,20,0.4,0.6,0.4,-4.28,-0.39,4.74,0.7,13,5.3,20,0.4,0.6,0.4,1025.62,1026.8,1028.87,1025.06,9,8.59,14,0.4,0.6,0.4,,,,,,,,,,,,,,,,,,,,,,,,,,,,,,,,,,,,,,,,,,,,,,,,,,,,,,,,,,,,,,,,,,,,,,,,,,,,,,,,,,,,,,,,,,,,,,,,,,,,,,,,,,,,,,,,,,,,,,,,,,,,,,,,,,,,,,,,,,,,,,,,,,,,,,
1895,12,330.0,40.0,,,,,,,,,,,,,,,,,,,,,,,,,,,,,,,,,,,,,,,,2.6,5.65,15.69,8.48,32,7.48,16,0.6,0.7,0.3,-0.08,1.8,11.3,4.8,32,7.18,16,0.6,0.7,0.3,-8.48,-3.0,0.07,-3.25,32,6.63,16,0.6,0.7,0.3,1019.58,1026.5,1032.0,1024.31,26,9.61,16,0.5,0.7,0.2,,,,,,,,,,,,,,,,,,,,,,,,,,,,,,,,,,,,,,,,,,,,,,,,,,,,,,,,,,,,,,,,,,,,,,,,,,,,,,,,,,,,,,,,,,,,,,,,,,,,,,,,,,,,,,,,,,,,,,,,,,,,,,,,,,,,,,,,,,,,,,,,,,,,,,
1895,12,330.0,42.0,,,,,,,,,,,,,,,,,,,,,,,,,,,,,,,,,,,,,,,,0.0,2.6,19.0,7.57,36,8.57,10,0.6,0.7,0.4,0.0,2.12,14.98,5.88,36,7.93,10,0.6,0.7,0.4,-1.31,0.0,4.51,0.1,36,5.83,10,0.6,0.7,0.4,1008.0,1026.0,1035.0,1023.64,36,11.42,10,0.6,0.7,0.4,,,,,,,,,,,,,,,,,,,,,,,,,,,,,,,,,,,,,,,,,,,,,,,,,,,,,,,,,,,,,,,,,,,,,,,,,,,,,,,,,,,,,,,,,,,,,,,,,,,,,,,,,,,,,,,,,,,,,,,,,,,,,,,,,,,,,,,,,,,,,,,,,,,,,,
1895,12,330.0,44.0,,,,,,,,,,,,,,,,,,,,,,,,,,,,,,,,,,,,,,,,4.6,6.7,12.3,8.01,10,3.28,8,0.5,0.8,0.2,0.74,4.05,5.56,3.59,10,2.77,8,0.5,0.8,0.2,4.27,4.74,10.24,6.62,10,3.36,8,0.5,0.8,0.2,1019.35,1024.0,1034.73,1026.22,9,7.29,8,0.4,0.8,0.2,,,,,,,,,,,,,,,,,,,,,,,,,,,,,,,,,,,,,,,,,,,,,,,,,,,,,,,,,,,,,,,,,,,,,,,,,,,,,,,,,,,,,,,,,,,,,,,,,,,,,,,,,,,,,,,,,,,,,,,,,,,,,,,,,,,,,,,,,,,,,,,,,,,,,,
1895,12,330.0,46.0,,,,,,,,,,,,,,,,,,,,,,,,,,,,,,,,,,,,,,,,5.85,10.8,12.3,9.25,6,3.97,10,0.2,0.8,0.3,3.26,8.79,11.4,7.71,6,4.23,10,0.2,0.8,0.3,-4.61,-3.61,0.97,-1.47,6,5.16,10,0.2,0.8,0.3,1019.76,1026.0,1027.52,1023.75,4,5.97,14,0.3,0.9,0.0,,,,,,,,,,,,,,,,,,,,,,,,,,,,,,,,,,,,,,,,,,,,,,,,,,,,,,,,,,,,,,,,,,,,,,,,,,,,,,,,,,,,,,,,,,,,,,,,,,,,,,,,,,,,,,,,,,,,,,,,,,,,,,,,,,,,,,,,,,,,,,,,,,,,,,
1895,12,330.0,48.0,,,,,,,,,,,,,,,,,,,,,,,,,,,,,,,,,,,,,,,,6.7,12.3,17.8,12.4,22,5.58,18,0.4,0.5,0.7,0.0,5.99,12.98,5.59,22,7.5,18,0.4,0.5,0.7,-14.0,-1.17,4.74,-3.27,22,9.6,18,0.4,0.5,0.7,988.98,1018.6,1027.1,1009.55,17,18.67,18,0.4,0.5,0.7,,,,,,,,,,,,,,,,,,,,,,,,,,,,,,,,,,,,,,,,,,,,,,,,,,,,,,,,,,,,,,,,,,,,,,,,,,,,,,,,,,,,,,,,,,,,,,,,,,,,,,,,,,,,,,,,,,,,,,,,,,,,,,,,,,,,,,,,,,,,,,,,,,,,,,
1895,12,330.0,50.0,,,,,,,,,,,,,,,,,,,,,,,,,,,,,,,,,,,,,,,,14.24,17.2,19.74,16.87,6,4.39,10,0.0,0.5,0.4,4.77,15.69,17.62,12.11,6,7.35,10,0.0,0.5,0.4,-3.3,7.12,10.7,3.71,6,10.69,10,0.0,0.5,0.4,1019.55,1027.2,1027.2,1023.47,3,6.47,6,0.0,0.6,0.3,,,,,,,,,,,,,,,,,,,,,,,,,,,,,,,,,,,,,,,,,,,,,,,,,,,,,,,,,,,,,,,,,,,,,,,,,,,,,,,,,,,,,,,,,,,,,,,,,,,,,,,,,,,,,,,,,,,,,,,,,,,,,,,,,,,,,,,,,,,,,,,,,,,,,,
1895,12,332.0,-38.0,,,,,,,,,,,,,,,,,,,,,,,,,,,,,,,,,,,,,,,,4.5,4.6,5.12,5.86,7,4.27,12,0.6,0.7,0.8,1.76,4.23,4.67,3.79,7,1.75,12,0.6,0.7,0.8,-4.71,-1.8,0.11,-2.8,7,5.42,12,0.6,0.7,0.8,1009.02,1010.55,1011.54,1010.4,6,1.31,12,0.5,0.6,0.8,,,,,,,,,,,,,,,,,,,,,,,,,,,,,,,,,,,,,,,,,,,,,,,,,,,,,,,,,,,,,,,,,,,,,,,,,,,,,,,,,,,,,,,,,,,,,,,,,,,,,,,,,,,,,,,,,,,,,,,,,,,,,,,,,,,,,,,,,,,,,,,,,,,,,,
1895,12,332.0,-36.0,,,,,,,,,,,,,,,,,,,,,,,,,,,,,,,,,,,,,,,,2.6,6.7,6.7,5.38,11,3.16,14,0.6,0.5,0.8,-0.82,2.62,6.19,2.49,11,3.09,14,0.6,0.5,0.8,-6.17,-2.51,-1.11,-3.51,11,3.45,14,0.6,0.5,0.8,1015.7,1015.7,1015.7,1015.7,1,0.0,18,1.0,0.5,0.5,,,,,,,,,,,,,,,,,,,,,,,,,,,,,,,,,,,,,,,,,,,,,,,,,,,,,,,,,,,,,,,,,,,,,,,,,,,,,,,,,,,,,,,,,,,,,,,,,,,,,,,,,,,,,,,,,,,,,,,,,,,,,,,,,,,,,,,,,,,,,,,,,,,,,,
1895,12,332.0,-34.0,,,,,,,,,,,,,,,,,,,,,,,,,,,,,,,,,,,,,,,,2.37,6.7,7.07,5.23,19,2.79,18,0.4,0.7,0.6,0.32,2.62,6.21,3.32,19,2.94,18,0.4,0.7,0.6,-3.59,-2.39,4.23,-0.3,19,4.04,18,0.4,0.7,0.6,1009.73,1012.1,1017.39,1013.25,16,3.69,16,0.5,0.6,0.6,,,,,,,,,,,,,,,,,,,,,,,,,,,,,,,,,,,,,,,,,,,,,,,,,,,,,,,,,,,,,,,,,,,,,,,,,,,,,,,,,,,,,,,,,,,,,,,,,,,,,,,,,,,,,,,,,,,,,,,,,,,,,,,,,,,,,,,,,,,,,,,,,,,,,,
1895,12,332.0,-32.0,,,,,,,,,,,,,,,,,,,,,,,,,,,,,,,,,,,,,,,,1.0,2.6,6.33,3.55,21,2.6,10,0.5,0.7,0.8,0.0,0.97,4.65,1.81,21,2.91,10,0.5,0.7,0.8,-2.39,0.71,2.31,0.73,21,2.75,10,0.5,0.7,0.8,1017.23,1021.1,1022.33,1019.78,21,3.42,10,0.5,0.7,0.8,,,,,,,,,,,,,,,,,,,,,,,,,,,,,,,,,,,,,,,,,,,,,,,,,,,,,,,,,,,,,,,,,,,,,,,,,,,,,,,,,,,,,,,,,,,,,,,,,,,,,,,,,,,,,,,,,,,,,,,,,,,,,,,,,,,,,,,,,,,,,,,,,,,,,,
1895,12,332.0,-30.0,,,,,,,,,,,,,,,,,,,,,,,,,,,,,,,,,,,,,,,,1.0,4.6,6.7,4.13,28,2.55,18,0.4,0.7,0.7,0.0,2.12,4.74,2.33,28,2.38,18,0.4,0.7,0.7,-4.74,-3.25,0.0,-2.68,28,2.32,18,0.4,0.7,0.7,1015.55,1016.7,1020.75,1017.43,23,2.6,18,0.4,0.7,0.7,,,,,,,,,,,,,,,,,,,,,,,,,,,,,,,,,,,,,,,,,,,,,,,,,,,,,,,,,,,,,,,,,,,,,,,,,,,,,,,,,,,,,,,,,,,,,,,,,,,,,,,,,,,,,,,,,,,,,,,,,,,,,,,,,,,,,,,,,,,,,,,,,,,,,,
1895,12,332.0,-28.0,,,,,,,,,,,,,,,,,,,,,,,,,,,,,,,,,,,,,,,,2.6,4.6,6.7,4.48,51,2.7,26,0.5,0.6,0.7,0.0,1.8,4.27,1.52,51,3.11,26,0.5,0.6,0.7,-4.6,-2.39,-0.71,-2.6,51,2.97,26,0.5,0.6,0.7,1013.2,1014.8,1016.5,1015.06,42,3.42,26,0.5,0.6,0.7,,,,,,,,,,,,,,,,,,,,,,,,,,,,,,,,,,,,,,,,,,,,,,,,,,,,,,,,,,,,,,,,,,,,,,,,,,,,,,,,,,,,,,,,,,,,,,,,,,,,,,,,,,,,,,,,,,,,,,,,,,,,,,,,,,,,,,,,,,,,,,,,,,,,,,
1895,12,332.0,-26.0,,,,,,,,,,,,,,,,,,,,,,,,,,,,,,,,,,,,,,,,4.6,6.7,7.24,6.43,6,1.74,16,0.5,0.8,0.8,-7.24,-6.21,-4.27,-6.16,6,1.86,16,0.5,0.8,0.8,0.0,1.72,2.51,1.41,6,1.15,16,0.5,0.8,0.8,1010.66,1024.6,1025.57,1020.18,9,7.57,14,0.7,0.7,0.8,,,,,,,,,,,,,,,,,,,,,,,,,,,,,,,,,,,,,,,,,,,,,,,,,,,,,,,,,,,,,,,,,,,,,,,,,,,,,,,,,,,,,,,,,,,,,,,,,,,,,,,,,,,,,,,,,,,,,,,,,,,,,,,,,,,,,,,,,,,,,,,,,,,,,,
1895,12,332.0,-24.0,,,,,,,,,,,,,,,,,,,,,,,,,,,,,,,,,,,,,,,,2.6,4.6,6.7,4.41,16,1.9,12,0.5,0.8,0.8,-6.21,-1.8,-0.39,-2.83,16,2.47,12,0.5,0.8,0.8,-3.32,2.51,2.6,0.94,16,2.96,12,0.5,0.8,0.8,1012.7,1016.5,1022.7,1017.65,14,4.84,14,0.4,0.7,0.8,,,,,,,,,,,,,,,,,,,,,,,,,,,,,,,,,,,,,,,,,,,,,,,,,,,,,,,,,,,,,,,,,,,,,,,,,,,,,,,,,,,,,,,,,,,,,,,,,,,,,,,,,,,,,,,,,,,,,,,,,,,,,,,,,,,,,,,,,,,,,,,,,,,,,,
1895,12,332.0,-22.0,,,,,,,,,,,,,,,,,,,,,,,,,,,,,,,,,,,,,,,,4.6,4.6,6.7,5.51,40,1.28,10,0.5,0.8,0.8,-3.44,-1.72,0.0,-1.84,40,2.26,10,0.5,0.8,0.8,-6.21,-4.27,2.22,-3.08,40,3.8,10,0.5,0.8,0.8,1012.9,1014.3,1020.0,1015.34,29,3.1,10,0.5,0.8,0.8,,,,,,,,,,,,,,,,,,,,,,,,,,,,,,,,,,,,,,,,,,,,,,,,,,,,,,,,,,,,,,,,,,,,,,,,,,,,,,,,,,,,,,,,,,,,,,,,,,,,,,,,,,,,,,,,,,,,,,,,,,,,,,,,,,,,,,,,,,,,,,,,,,,,,,
1895,12,332.0,-20.0,,,,,,,,,,,,,,,,,,,,,,,,,,,,,,,,,,,,,,,,2.6,4.6,4.6,3.86,91,1.73,10,0.5,0.8,0.7,-2.51,0.0,0.62,-0.71,91,1.83,10,0.5,0.8,0.7,-4.6,-3.25,-1.02,-3.24,91,1.88,10,0.5,0.8,0.7,1012.91,1014.1,1016.0,1014.38,77,1.98,12,0.5,0.8,0.8,,,,,,,,,,,,,,,,,,,,,,,,,,,,,,,,,,,,,,,,,,,,,,,,,,,,,,,,,,,,,,,,,,,,,,,,,,,,,,,,,,,,,,,,,,,,,,,,,,,,,,,,,,,,,,,,,,,,,,,,,,,,,,,,,,,,,,,,,,,,,,,,,,,,,,
1895,12,332.0,-18.0,,,,,,,,,,,,,,,,,,,,,,,,,,,,,,,,,,,,,,,,2.6,4.6,6.7,4.56,45,1.81,14,0.4,0.7,0.7,-4.76,-3.25,-0.97,-3.15,45,2.02,14,0.4,0.7,0.7,-4.74,-2.41,-1.02,-2.7,45,1.69,14,0.4,0.7,0.7,1013.6,1014.9,1016.66,1015.06,46,1.51,12,0.5,0.7,0.7,,,,,,,,,,,,,,,,,,,,,,,,,,,,,,,,,,,,,,,,,,,,,,,,,,,,,,,,,,,,,,,,,,,,,,,,,,,,,,,,,,,,,,,,,,,,,,,,,,,,,,,,,,,,,,,,,,,,,,,,,,,,,,,,,,,,,,,,,,,,,,,,,,,,,,
1895,12,332.0,-16.0,,,,,,,,,,,,,,,,,,,,,,,,,,,,,,,,,,,,,,,,2.6,6.7,9.3,5.52,24,2.79,16,0.5,0.8,0.8,-8.56,-5.45,-2.21,-5.03,24,2.87,16,0.5,0.8,0.8,-3.39,-1.8,0.0,-1.52,24,1.6,16,0.5,0.8,0.8,1013.85,1015.3,1017.16,1015.4,23,1.59,16,0.6,0.8,0.8,,,,,,,,,,,,,,,,,,,,,,,,,,,,,,,,,,,,,,,,,,,,,,,,,,,,,,,,,,,,,,,,,,,,,,,,,,,,,,,,,,,,,,,,,,,,,,,,,,,,,,,,,,,,,,,,,,,,,,,,,,,,,,,,,,,,,,,,,,,,,,,,,,,,,,
1895,12,332.0,-14.0,,,,,,,,,,,,,,,,,,,,,,,,,,,,,,,,,,,,,,,,4.6,6.7,9.3,7.03,29,2.05,12,0.6,0.6,0.7,-8.62,-6.17,-4.6,-6.66,29,2.07,12,0.6,0.6,0.7,-2.97,-1.8,0.0,-1.37,29,1.81,12,0.6,0.6,0.7,1013.43,1014.65,1017.58,1015.05,24,2.3,14,0.5,0.6,0.8,,,,,,,,,,,,,,,,,,,,,,,,,,,,,,,,,,,,,,,,,,,,,,,,,,,,,,,,,,,,,,,,,,,,,,,,,,,,,,,,,,,,,,,,,,,,,,,,,,,,,,,,,,,,,,,,,,,,,,,,,,,,,,,,,,,,,,,,,,,,,,,,,,,,,,
1895,12,332.0,-12.0,,,,,,,,,,,,,,,,,,,,,,,,,,,,,,,,,,,,,,,,6.63,6.7,9.3,7.53,26,2.27,12,0.5,0.6,0.8,-9.3,-6.7,-6.12,-7.4,26,2.33,12,0.5,0.6,0.8,-1.82,0.0,0.0,-0.38,26,1.27,12,0.5,0.6,0.8,1012.12,1013.5,1017.19,1014.07,20,2.26,14,0.5,0.6,0.8,,,,,,,,,,,,,,,,,,,,,,,,,,,,,,,,,,,,,,,,,,,,,,,,,,,,,,,,,,,,,,,,,,,,,,,,,,,,,,,,,,,,,,,,,,,,,,,,,,,,,,,,,,,,,,,,,,,,,,,,,,,,,,,,,,,,,,,,,,,,,,,,,,,,,,
1895,12,332.0,-10.0,,,,,,,,,,,,,,,,,,,,,,,,,,,,,,,,,,,,,,,,6.7,6.7,9.3,7.62,18,1.79,16,0.6,0.6,0.8,-8.62,-6.7,-6.7,-7.36,18,1.57,16,0.6,0.6,0.8,-2.05,0.0,1.05,-0.01,18,2.2,16,0.6,0.6,0.8,1011.12,1013.65,1015.68,1013.49,18,2.02,16,0.6,0.6,0.8,,,,,,,,,,,,,,,,,,,,,,,,,,,,,,,,,,,,,,,,,,,,,,,,,,,,,,,,,,,,,,,,,,,,,,,,,,,,,,,,,,,,,,,,,,,,,,,,,,,,,,,,,,,,,,,,,,,,,,,,,,,,,,,,,,,,,,,,,,,,,,,,,,,,,,
1895,12,332.0,-8.0,,,,,,,,,,,,,,,,,,,,,,,,,,,,,,,,,,,,,,,,4.6,6.7,6.7,6.23,20,1.45,16,0.5,0.5,0.7,-6.7,-6.19,-4.6,-6.05,20,1.4,16,0.5,0.5,0.7,-1.8,0.0,0.0,-0.27,20,1.52,16,0.5,0.5,0.7,1010.51,1012.5,1013.8,1012.23,20,1.95,16,0.5,0.5,0.7,,,,,,,,,,,,,,,,,,,,,,,,,,,,,,,,,,,,,,,,,,,,,,,,,,,,,,,,,,,,,,,,,,,,,,,,,,,,,,,,,,,,,,,,,,,,,,,,,,,,,,,,,,,,,,,,,,,,,,,,,,,,,,,,,,,,,,,,,,,,,,,,,,,,,,
1895,12,332.0,-6.0,,,,,,,,,,,,,,,,,,,,,,,,,,,,,,,,,,,,,,,,4.6,6.7,7.07,6.45,19,1.59,16,0.3,0.5,0.7,-6.7,-6.17,-4.6,-6.08,19,1.44,16,0.3,0.5,0.7,-2.62,0.0,1.84,0.1,19,2.31,16,0.3,0.5,0.7,1010.31,1012.3,1013.5,1011.94,20,1.71,16,0.4,0.5,0.8,,,,,,,,,,,,,,,,,,,,,,,,,,,,,,,,,,,,,,,,,,,,,,,,,,,,,,,,,,,,,,,,,,,,,,,,,,,,,,,,,,,,,,,,,,,,,,,,,,,,,,,,,,,,,,,,,,,,,,,,,,,,,,,,,,,,,,,,,,,,,,,,,,,,,,
1895,12,332.0,-4.0,,,,,,,,,,,,,,,,,,,,,,,,,,,,,,,,,,,,,,,,6.7,6.7,9.3,7.42,25,2.01,16,0.6,0.5,0.8,-8.62,-6.21,-4.74,-6.67,25,1.92,16,0.6,0.5,0.8,0.0,2.51,4.74,2.44,25,2.25,16,0.6,0.5,0.8,1008.8,1011.1,1012.25,1010.76,23,1.68,16,0.5,0.5,0.7,,,,,,,,,,,,,,,,,,,,,,,,,,,,,,,,,,,,,,,,,,,,,,,,,,,,,,,,,,,,,,,,,,,,,,,,,,,,,,,,,,,,,,,,,,,,,,,,,,,,,,,,,,,,,,,,,,,,,,,,,,,,,,,,,,,,,,,,,,,,,,,,,,,,,,
1895,12,332.0,-2.0,,,,,,,,,,,,,,,,,,,,,,,,,,,,,,,,,,,,,,,,6.7,6.7,9.3,7.78,25,1.59,16,0.4,0.5,0.7,-8.62,-6.21,-4.74,-6.48,25,1.61,16,0.4,0.5,0.7,2.36,3.48,6.58,3.72,25,2.19,16,0.4,0.5,0.7,1009.13,1011.0,1012.57,1010.91,19,1.69,14,0.5,0.6,0.7,,,,,,,,,,,,,,,,,,,,,,,,,,,,,,,,,,,,,,,,,,,,,,,,,,,,,,,,,,,,,,,,,,,,,,,,,,,,,,,,,,,,,,,,,,,,,,,,,,,,,,,,,,,,,,,,,,,,,,,,,,,,,,,,,,,,,,,,,,,,,,,,,,,,,,
1895,12,332.0,0.0,,,,,,,,,,,,,,,,,,,,,,,,,,,,,,,,,,,,,,,,4.6,4.6,9.3,6.03,45,2.67,18,0.4,0.6,0.3,-6.58,-4.27,-1.79,-4.18,45,2.31,18,0.4,0.6,0.3,0.97,3.75,6.58,3.72,45,2.63,18,0.4,0.6,0.3,1008.78,1009.9,1011.94,1010.28,25,1.46,16,0.4,0.7,0.3,,,,,,,,,,,,,,,,,,,,,,,,,,,,,,,,,,,,,,,,,,,,,,,,,,,,,,,,,,,,,,,,,,,,,,,,,,,,,,,,,,,,,,,,,,,,,,,,,,,,,,,,,,,,,,,,,,,,,,,,,,,,,,,,,,,,,,,,,,,,,,,,,,,,,,
1895,12,332.0,2.0,,,,,,,,,,,,,,,,,,,,,,,,,,,,,,,,,,,,,,,,2.6,4.6,6.7,5.02,46,1.83,16,0.6,0.8,0.3,-6.21,-4.27,-2.39,-4.17,46,2.11,16,0.6,0.8,0.3,-0.87,1.37,3.71,1.35,46,2.25,16,0.6,0.8,0.3,1009.1,1009.9,1011.03,1010.07,22,1.28,10,0.6,0.8,0.3,,,,,,,,,,,,,,,,,,,,,,,,,,,,,,,,,,,,,,,,,,,,,,,,,,,,,,,,,,,,,,,,,,,,,,,,,,,,,,,,,,,,,,,,,,,,,,,,,,,,,,,,,,,,,,,,,,,,,,,,,,,,,,,,,,,,,,,,,,,,,,,,,,,,,,
1895,12,332.0,4.0,,,,,,,,,,,,,,,,,,,,,,,,,,,,,,,,,,,,,,,,2.6,4.6,6.91,5.24,32,2.74,16,0.3,0.8,0.3,-6.59,-2.1,-0.71,-3.22,32,2.81,16,0.3,0.8,0.3,-4.67,-2.41,1.86,-1.4,32,3.91,16,0.3,0.8,0.3,1008.8,1010.3,1011.05,1010.1,23,1.27,10,0.3,0.9,0.3,,,,,,,,,,,,,,,,,,,,,,,,,,,,,,,,,,,,,,,,,,,,,,,,,,,,,,,,,,,,,,,,,,,,,,,,,,,,,,,,,,,,,,,,,,,,,,,,,,,,,,,,,,,,,,,,,,,,,,,,,,,,,,,,,,,,,,,,,,,,,,,,,,,,,,
1895,12,332.0,6.0,,,,,,,,,,,,,,,,,,,,,,,,,,,,,,,,,,,,,,,,4.6,4.6,10.97,6.55,29,3.12,14,0.6,0.8,0.2,-9.47,-4.6,-0.76,-4.86,29,3.61,14,0.6,0.8,0.2,-5.53,-3.25,-1.8,-3.39,29,2.2,14,0.6,0.8,0.2,1009.9,1011.1,1012.2,1010.93,22,1.17,12,0.5,0.8,0.2,,,,,,,,,,,,,,,,,,,,,,,,,,,,,,,,,,,,,,,,,,,,,,,,,,,,,,,,,,,,,,,,,,,,,,,,,,,,,,,,,,,,,,,,,,,,,,,,,,,,,,,,,,,,,,,,,,,,,,,,,,,,,,,,,,,,,,,,,,,,,,,,,,,,,,
1895,12,332.0,8.0,,,,,,,,,,,,,,,,,,,,,,,,,,,,,,,,,,,,,,,,6.7,6.7,9.3,7.57,28,2.35,8,0.5,0.8,0.3,-6.7,-4.74,-3.25,-5.78,28,2.99,8,0.5,0.8,0.3,-6.21,-4.74,-2.35,-4.07,28,2.05,8,0.5,0.8,0.3,1010.16,1011.2,1013.48,1011.61,17,1.55,6,0.6,0.8,0.3,,,,,,,,,,,,,,,,,,,,,,,,,,,,,,,,,,,,,,,,,,,,,,,,,,,,,,,,,,,,,,,,,,,,,,,,,,,,,,,,,,,,,,,,,,,,,,,,,,,,,,,,,,,,,,,,,,,,,,,,,,,,,,,,,,,,,,,,,,,,,,,,,,,,,,
1895,12,332.0,10.0,,,,,,,,,,,,,,,,,,,,,,,,,,,,,,,,,,,,,,,,4.6,6.7,9.3,6.71,23,3.36,8,0.6,0.8,0.3,-8.56,-6.17,-2.57,-5.66,23,3.12,8,0.6,0.8,0.3,-4.28,-2.62,0.0,-2.87,23,2.55,8,0.6,0.8,0.3,1011.2,1011.7,1014.22,1012.48,16,1.5,6,0.5,1.0,0.3,,,,,,,,,,,,,,,,,,,,,,,,,,,,,,,,,,,,,,,,,,,,,,,,,,,,,,,,,,,,,,,,,,,,,,,,,,,,,,,,,,,,,,,,,,,,,,,,,,,,,,,,,,,,,,,,,,,,,,,,,,,,,,,,,,,,,,,,,,,,,,,,,,,,,,
1895,12,332.0,12.0,,,,,,,,,,,,,,,,,,,,,,,,,,,,,,,,,,,,,,,,4.6,9.3,13.37,8.66,22,3.82,10,0.5,0.9,0.3,-12.94,-7.63,-3.75,-7.61,22,4.29,10,0.5,0.9,0.3,-4.58,-3.63,-2.31,-3.35,22,1.56,10,0.5,0.9,0.3,1013.32,1014.3,1014.58,1014.02,11,1.01,6,0.5,1.0,0.2,,,,,,,,,,,,,,,,,,,,,,,,,,,,,,,,,,,,,,,,,,,,,,,,,,,,,,,,,,,,,,,,,,,,,,,,,,,,,,,,,,,,,,,,,,,,,,,,,,,,,,,,,,,,,,,,,,,,,,,,,,,,,,,,,,,,,,,,,,,,,,,,,,,,,,
1895,12,332.0,14.0,,,,,,,,,,,,,,,,,,,,,,,,,,,,,,,,,,,,,,,,6.7,6.7,15.4,8.72,18,3.99,10,0.4,0.8,0.3,-15.2,-6.17,-4.74,-8.01,18,4.41,10,0.4,0.8,0.3,-3.69,-2.62,0.0,-2.5,18,1.55,10,0.4,0.8,0.3,1014.31,1014.5,1015.99,1014.75,8,1.22,6,0.4,0.8,0.3,,,,,,,,,,,,,,,,,,,,,,,,,,,,,,,,,,,,,,,,,,,,,,,,,,,,,,,,,,,,,,,,,,,,,,,,,,,,,,,,,,,,,,,,,,,,,,,,,,,,,,,,,,,,,,,,,,,,,,,,,,,,,,,,,,,,,,,,,,,,,,,,,,,,,,
1895,12,332.0,16.0,,,,,,,,,,,,,,,,,,,,,,,,,,,,,,,,,,,,,,,,5.07,6.7,11.63,8.09,15,2.74,8,0.7,0.8,0.3,-11.46,-6.7,-4.66,-7.77,15,2.79,8,0.7,0.8,0.3,-2.62,-2.35,0.0,-1.84,15,1.27,8,0.7,0.8,0.3,1013.6,1014.4,1015.68,1014.58,9,1.01,6,0.6,0.7,0.2,,,,,,,,,,,,,,,,,,,,,,,,,,,,,,,,,,,,,,,,,,,,,,,,,,,,,,,,,,,,,,,,,,,,,,,,,,,,,,,,,,,,,,,,,,,,,,,,,,,,,,,,,,,,,,,,,,,,,,,,,,,,,,,,,,,,,,,,,,,,,,,,,,,,,,
1895,12,332.0,18.0,,,,,,,,,,,,,,,,,,,,,,,,,,,,,,,,,,,,,,,,7.11,8.0,8.89,8.0,2,1.84,4,0.0,1.0,0.0,-7.95,-6.65,-5.34,-6.65,2,2.7,4,0.0,1.0,0.0,-4.56,-4.19,-3.81,-4.19,2,0.78,4,0.0,1.0,0.0,1014.72,1014.75,1014.78,1014.75,2,0.07,4,0.0,1.0,0.0,,,,,,,,,,,,,,,,,,,,,,,,,,,,,,,,,,,,,,,,,,,,,,,,,,,,,,,,,,,,,,,,,,,,,,,,,,,,,,,,,,,,,,,,,,,,,,,,,,,,,,,,,,,,,,,,,,,,,,,,,,,,,,,,,,,,,,,,,,,,,,,,,,,,,,
1895,12,332.0,32.0,,,,,,,,,,,,,,,,,,,,,,,,,,,,,,,,,,,,,,,,6.68,12.3,18.03,12.77,9,5.31,28,0.6,0.6,0.4,3.25,4.61,9.87,5.88,9,4.11,28,0.6,0.6,0.4,5.31,11.4,14.05,10.87,9,4.77,28,0.6,0.6,0.4,1016.28,1017.1,1017.92,1017.1,2,1.7,30,1.0,0.3,0.8,,,,,,,,,,,,,,,,,,,,,,,,,,,,,,,,,,,,,,,,,,,,,,,,,,,,,,,,,,,,,,,,,,,,,,,,,,,,,,,,,,,,,,,,,,,,,,,,,,,,,,,,,,,,,,,,,,,,,,,,,,,,,,,,,,,,,,,,,,,,,,,,,,,,,,
1895,12,332.0,34.0,,,,,,,,,,,,,,,,,,,,,,,,,,,,,,,,,,,,,,,,4.6,6.7,8.85,7.17,21,3.67,10,0.5,0.8,0.3,-4.74,0.0,3.25,-0.47,21,5.04,10,0.5,0.8,0.3,-4.74,-3.25,6.0,-0.14,21,6.46,10,0.5,0.8,0.3,1013.77,1015.1,1018.71,1016.02,15,3.1,8,0.4,0.8,0.3,,,,,,,,,,,,,,,,,,,,,,,,,,,,,,,,,,,,,,,,,,,,,,,,,,,,,,,,,,,,,,,,,,,,,,,,,,,,,,,,,,,,,,,,,,,,,,,,,,,,,,,,,,,,,,,,,,,,,,,,,,,,,,,,,,,,,,,,,,,,,,,,,,,,,,
1895,12,332.0,36.0,,,,,,,,,,,,,,,,,,,,,,,,,,,,,,,,,,,,,,,,4.6,6.7,11.19,8.41,29,3.7,16,0.4,0.6,0.3,-5.56,0.0,9.58,1.45,29,6.68,16,0.4,0.6,0.3,-6.41,-3.25,4.81,-1.08,29,6.24,16,0.4,0.6,0.3,1018.7,1025.15,1031.28,1024.12,18,8.61,10,0.4,0.6,0.3,,,,,,,,,,,,,,,,,,,,,,,,,,,,,,,,,,,,,,,,,,,,,,,,,,,,,,,,,,,,,,,,,,,,,,,,,,,,,,,,,,,,,,,,,,,,,,,,,,,,,,,,,,,,,,,,,,,,,,,,,,,,,,,,,,,,,,,,,,,,,,,,,,,,,,
1895,12,332.0,38.0,,,,,,,,,,,,,,,,,,,,,,,,,,,,,,,,,,,,,,,,9.3,9.3,9.3,9.3,2,0.0,28,1.0,0.3,0.3,0.0,0.0,0.0,0.0,2,0.0,28,1.0,0.3,0.3,9.3,9.3,9.3,9.3,2,0.0,28,1.0,0.3,0.3,1002.31,1003.2,1004.09,1003.2,2,1.84,28,1.0,0.3,0.3,,,,,,,,,,,,,,,,,,,,,,,,,,,,,,,,,,,,,,,,,,,,,,,,,,,,,,,,,,,,,,,,,,,,,,,,,,,,,,,,,,,,,,,,,,,,,,,,,,,,,,,,,,,,,,,,,,,,,,,,,,,,,,,,,,,,,,,,,,,,,,,,,,,,,,
1895,12,332.0,40.0,,,,,,,,,,,,,,,,,,,,,,,,,,,,,,,,,,,,,,,,4.6,9.3,13.26,9.5,19,5.49,20,0.4,0.6,0.4,0.0,4.74,11.4,6.03,19,6.09,20,0.4,0.6,0.4,-5.12,-4.6,5.69,-2.46,19,6.6,20,0.4,0.6,0.4,1017.47,1024.0,1030.1,1021.92,13,9.37,18,0.3,0.7,0.4,,,,,,,,,,,,,,,,,,,,,,,,,,,,,,,,,,,,,,,,,,,,,,,,,,,,,,,,,,,,,,,,,,,,,,,,,,,,,,,,,,,,,,,,,,,,,,,,,,,,,,,,,,,,,,,,,,,,,,,,,,,,,,,,,,,,,,,,,,,,,,,,,,,,,,
1895,12,332.0,42.0,,,,,,,,,,,,,,,,,,,,,,,,,,,,,,,,,,,,,,,,5.4,9.3,12.3,10.34,16,5.52,12,0.4,0.8,0.3,-1.24,4.67,8.7,5.1,16,7.29,12,0.4,0.8,0.3,-9.53,-3.0,6.07,-2.07,16,7.69,12,0.4,0.8,0.3,997.43,1027.0,1034.0,1017.38,13,18.74,14,0.4,0.7,0.3,,,,,,,,,,,,,,,,,,,,,,,,,,,,,,,,,,,,,,,,,,,,,,,,,,,,,,,,,,,,,,,,,,,,,,,,,,,,,,,,,,,,,,,,,,,,,,,,,,,,,,,,,,,,,,,,,,,,,,,,,,,,,,,,,,,,,,,,,,,,,,,,,,,,,,
1895,12,332.0,44.0,,,,,,,,,,,,,,,,,,,,,,,,,,,,,,,,,,,,,,,,6.7,6.7,14.32,10.39,18,6.76,10,0.4,0.8,0.2,4.36,6.17,11.96,8.22,18,5.81,10,0.4,0.8,0.2,-7.34,2.94,4.74,0.27,18,7.39,10,0.4,0.8,0.2,1003.17,1021.0,1033.0,1019.67,21,12.94,12,0.4,0.8,0.1,,,,,,,,,,,,,,,,,,,,,,,,,,,,,,,,,,,,,,,,,,,,,,,,,,,,,,,,,,,,,,,,,,,,,,,,,,,,,,,,,,,,,,,,,,,,,,,,,,,,,,,,,,,,,,,,,,,,,,,,,,,,,,,,,,,,,,,,,,,,,,,,,,,,,,
1895,12,332.0,46.0,,,,,,,,,,,,,,,,,,,,,,,,,,,,,,,,,,,,,,,,8.76,10.8,12.3,10.37,6,2.32,12,0.8,0.7,0.1,7.82,10.01,12.3,9.66,6,2.94,12,0.8,0.7,0.1,-3.72,-1.74,0.98,-1.14,6,3.47,12,0.8,0.7,0.1,1019.0,1025.0,1027.0,1023.4,5,4.1,14,0.8,0.8,0.0,,,,,,,,,,,,,,,,,,,,,,,,,,,,,,,,,,,,,,,,,,,,,,,,,,,,,,,,,,,,,,,,,,,,,,,,,,,,,,,,,,,,,,,,,,,,,,,,,,,,,,,,,,,,,,,,,,,,,,,,,,,,,,,,,,,,,,,,,,,,,,,,,,,,,,
1895,12,332.0,48.0,,,,,,,,,,,,,,,,,,,,,,,,,,,,,,,,,,,,,,,,6.7,12.3,16.09,12.58,13,6.33,18,0.2,0.5,0.7,-0.89,4.27,9.66,2.91,13,6.85,18,0.2,0.5,0.7,-15.93,-1.87,2.91,-5.29,13,11.18,18,0.2,0.5,0.7,990.72,1005.0,1020.83,1004.2,8,19.37,18,0.3,0.5,0.8,,,,,,,,,,,,,,,,,,,,,,,,,,,,,,,,,,,,,,,,,,,,,,,,,,,,,,,,,,,,,,,,,,,,,,,,,,,,,,,,,,,,,,,,,,,,,,,,,,,,,,,,,,,,,,,,,,,,,,,,,,,,,,,,,,,,,,,,,,,,,,,,,,,,,,
1895,12,332.0,50.0,,,,,,,,,,,,,,,,,,,,,,,,,,,,,,,,,,,,,,,,12.3,15.4,19.0,15.47,15,3.76,10,0.2,0.5,0.3,4.32,12.07,17.49,11.25,15,5.37,10,0.2,0.5,0.3,-7.42,2.35,8.35,1.46,15,10.2,10,0.2,0.5,0.3,1010.23,1020.7,1027.2,1017.66,9,11.67,10,0.2,0.5,0.3,,,,,,,,,,,,,,,,,,,,,,,,,,,,,,,,,,,,,,,,,,,,,,,,,,,,,,,,,,,,,,,,,,,,,,,,,,,,,,,,,,,,,,,,,,,,,,,,,,,,,,,,,,,,,,,,,,,,,,,,,,,,,,,,,,,,,,,,,,,,,,,,,,,,,,
1895,12,334.0,-38.0,,,,,,,,,,,,,,,,,,,,,,,,,,,,,,,,,,,,,,,,4.6,6.7,10.06,7.63,12,3.51,12,0.4,0.6,0.8,2.62,4.12,9.15,5.25,12,3.3,12,0.4,0.6,0.8,-6.78,-5.39,0.64,-3.55,12,4.61,12,0.4,0.6,0.8,1009.29,1010.6,1013.43,1011.01,7,1.99,14,0.4,0.6,0.9,,,,,,,,,,,,,,,,,,,,,,,,,,,,,,,,,,,,,,,,,,,,,,,,,,,,,,,,,,,,,,,,,,,,,,,,,,,,,,,,,,,,,,,,,,,,,,,,,,,,,,,,,,,,,,,,,,,,,,,,,,,,,,,,,,,,,,,,,,,,,,,,,,,,,,
1895,12,334.0,-36.0,,,,,,,,,,,,,,,,,,,,,,,,,,,,,,,,,,,,,,,,5.27,6.7,6.7,6.0,3,1.21,14,1.0,0.8,1.0,3.72,4.74,4.74,4.24,3,0.86,14,1.0,0.8,1.0,-4.74,-4.74,-3.72,-4.24,3,0.86,14,1.0,0.8,1.0,1017.55,1018.3,1018.71,1018.13,3,0.86,14,1.0,0.8,1.0,,,,,,,,,,,,,,,,,,,,,,,,,,,,,,,,,,,,,,,,,,,,,,,,,,,,,,,,,,,,,,,,,,,,,,,,,,,,,,,,,,,,,,,,,,,,,,,,,,,,,,,,,,,,,,,,,,,,,,,,,,,,,,,,,,,,,,,,,,,,,,,,,,,,,,
1895,12,334.0,-34.0,,,,,,,,,,,,,,,,,,,,,,,,,,,,,,,,,,,,,,,,4.6,6.7,6.7,6.24,14,2.39,10,0.5,0.5,0.4,1.89,4.74,6.12,3.8,14,2.97,10,0.5,0.5,0.4,-4.74,0.0,3.21,-0.24,14,4.82,10,0.5,0.5,0.4,1012.64,1014.9,1016.63,1014.59,13,1.85,8,0.5,0.5,0.4,,,,,,,,,,,,,,,,,,,,,,,,,,,,,,,,,,,,,,,,,,,,,,,,,,,,,,,,,,,,,,,,,,,,,,,,,,,,,,,,,,,,,,,,,,,,,,,,,,,,,,,,,,,,,,,,,,,,,,,,,,,,,,,,,,,,,,,,,,,,,,,,,,,,,,
1895,12,334.0,-32.0,,,,,,,,,,,,,,,,,,,,,,,,,,,,,,,,,,,,,,,,4.6,4.6,9.73,6.65,19,3.02,24,0.7,0.6,0.7,2.79,4.6,6.99,5.09,19,3.31,24,0.7,0.6,0.7,-4.89,-3.25,0.0,-2.77,19,3.06,24,0.7,0.6,0.7,1010.27,1012.95,1018.26,1013.67,10,4.26,18,0.7,0.5,0.7,,,,,,,,,,,,,,,,,,,,,,,,,,,,,,,,,,,,,,,,,,,,,,,,,,,,,,,,,,,,,,,,,,,,,,,,,,,,,,,,,,,,,,,,,,,,,,,,,,,,,,,,,,,,,,,,,,,,,,,,,,,,,,,,,,,,,,,,,,,,,,,,,,,,,,
1895,12,334.0,-30.0,,,,,,,,,,,,,,,,,,,,,,,,,,,,,,,,,,,,,,,,4.12,4.6,6.7,4.75,31,1.29,10,0.5,0.8,0.7,-2.18,0.0,2.02,0.0,31,2.3,10,0.5,0.8,0.7,-6.17,-4.23,2.76,-1.96,31,3.97,10,0.5,0.8,0.7,1014.9,1016.25,1018.12,1016.37,30,1.56,8,0.6,0.8,0.7,,,,,,,,,,,,,,,,,,,,,,,,,,,,,,,,,,,,,,,,,,,,,,,,,,,,,,,,,,,,,,,,,,,,,,,,,,,,,,,,,,,,,,,,,,,,,,,,,,,,,,,,,,,,,,,,,,,,,,,,,,,,,,,,,,,,,,,,,,,,,,,,,,,,,,
1895,12,334.0,-28.0,,,,,,,,,,,,,,,,,,,,,,,,,,,,,,,,,,,,,,,,1.94,6.7,6.7,4.87,11,2.92,6,0.4,0.6,0.6,-1.94,0.0,0.41,-0.69,11,2.22,6,0.4,0.6,0.6,-6.7,0.0,4.68,-0.27,11,5.4,6,0.4,0.6,0.6,1010.1,1012.4,1015.59,1012.83,10,2.76,6,0.4,0.6,0.6,,,,,,,,,,,,,,,,,,,,,,,,,,,,,,,,,,,,,,,,,,,,,,,,,,,,,,,,,,,,,,,,,,,,,,,,,,,,,,,,,,,,,,,,,,,,,,,,,,,,,,,,,,,,,,,,,,,,,,,,,,,,,,,,,,,,,,,,,,,,,,,,,,,,,,
1895,12,334.0,-26.0,,,,,,,,,,,,,,,,,,,,,,,,,,,,,,,,,,,,,,,,4.6,4.6,4.82,5.27,7,1.78,6,0.4,0.8,0.7,-4.6,1.8,3.27,-0.43,7,3.86,6,0.4,0.8,0.7,-4.44,-3.25,0.08,-2.65,7,3.5,6,0.4,0.8,0.7,1010.89,1012.0,1012.44,1011.93,7,0.9,6,0.4,0.8,0.7,,,,,,,,,,,,,,,,,,,,,,,,,,,,,,,,,,,,,,,,,,,,,,,,,,,,,,,,,,,,,,,,,,,,,,,,,,,,,,,,,,,,,,,,,,,,,,,,,,,,,,,,,,,,,,,,,,,,,,,,,,,,,,,,,,,,,,,,,,,,,,,,,,,,,,
1895,12,334.0,-24.0,,,,,,,,,,,,,,,,,,,,,,,,,,,,,,,,,,,,,,,,0.0,4.6,6.7,4.23,24,2.87,2,0.5,0.7,0.8,-3.92,-1.72,0.0,-1.45,24,2.09,2,0.5,0.7,0.8,-6.21,-4.27,0.0,-3.61,24,2.58,2,0.5,0.7,0.8,1014.49,1016.9,1017.88,1016.64,14,1.64,4,0.5,0.8,0.9,,,,,,,,,,,,,,,,,,,,,,,,,,,,,,,,,,,,,,,,,,,,,,,,,,,,,,,,,,,,,,,,,,,,,,,,,,,,,,,,,,,,,,,,,,,,,,,,,,,,,,,,,,,,,,,,,,,,,,,,,,,,,,,,,,,,,,,,,,,,,,,,,,,,,,
1895,12,334.0,-22.0,,,,,,,,,,,,,,,,,,,,,,,,,,,,,,,,,,,,,,,,4.6,6.7,6.7,5.75,35,1.45,8,0.4,0.8,0.7,-2.2,0.0,2.62,-0.04,35,1.7,8,0.4,0.8,0.7,-6.7,-6.17,-4.27,-5.52,35,1.4,8,0.4,0.8,0.7,1014.04,1015.3,1015.9,1015.05,35,1.11,8,0.4,0.8,0.7,,,,,,,,,,,,,,,,,,,,,,,,,,,,,,,,,,,,,,,,,,,,,,,,,,,,,,,,,,,,,,,,,,,,,,,,,,,,,,,,,,,,,,,,,,,,,,,,,,,,,,,,,,,,,,,,,,,,,,,,,,,,,,,,,,,,,,,,,,,,,,,,,,,,,,
1895,12,334.0,-20.0,,,,,,,,,,,,,,,,,,,,,,,,,,,,,,,,,,,,,,,,4.6,6.7,6.7,6.0,9,1.05,10,0.4,0.5,0.6,-2.3,0.0,0.0,-0.55,9,1.42,10,0.4,0.5,0.6,-6.7,-6.21,-4.36,-5.81,9,1.11,10,0.4,0.5,0.6,1014.5,1015.1,1015.65,1014.92,9,0.85,10,0.4,0.5,0.6,,,,,,,,,,,,,,,,,,,,,,,,,,,,,,,,,,,,,,,,,,,,,,,,,,,,,,,,,,,,,,,,,,,,,,,,,,,,,,,,,,,,,,,,,,,,,,,,,,,,,,,,,,,,,,,,,,,,,,,,,,,,,,,,,,,,,,,,,,,,,,,,,,,,,,
1895,12,334.0,-18.0,,,,,,,,,,,,,,,,,,,,,,,,,,,,,,,,,,,,,,,,1.0,1.0,1.0,1.33,8,1.37,14,0.5,0.5,0.5,-0.9,-0.19,0.67,-0.24,8,0.86,14,0.5,0.5,0.5,-0.93,-0.71,-0.43,-1.08,8,1.32,14,0.5,0.5,0.5,1011.63,1012.6,1013.82,1012.58,8,1.12,14,0.5,0.5,0.5,,,,,,,,,,,,,,,,,,,,,,,,,,,,,,,,,,,,,,,,,,,,,,,,,,,,,,,,,,,,,,,,,,,,,,,,,,,,,,,,,,,,,,,,,,,,,,,,,,,,,,,,,,,,,,,,,,,,,,,,,,,,,,,,,,,,,,,,,,,,,,,,,,,,,,
1895,12,334.0,-4.0,,,,,,,,,,,,,,,,,,,,,,,,,,,,,,,,,,,,,,,,6.7,6.7,7.65,7.22,5,1.16,24,0.4,1.0,0.8,-5.41,-4.74,-4.74,-5.11,5,0.82,24,0.4,1.0,0.8,4.74,4.74,5.41,5.11,5,0.82,24,0.4,1.0,0.8,1011.52,1012.1,1012.58,1012.0,5,0.9,24,0.4,1.0,0.8,,,,,,,,,,,,,,,,,,,,,,,,,,,,,,,,,,,,,,,,,,,,,,,,,,,,,,,,,,,,,,,,,,,,,,,,,,,,,,,,,,,,,,,,,,,,,,,,,,,,,,,,,,,,,,,,,,,,,,,,,,,,,,,,,,,,,,,,,,,,,,,,,,,,,,
1895,12,334.0,-2.0,,,,,,,,,,,,,,,,,,,,,,,,,,,,,,,,,,,,,,,,6.7,6.7,9.3,7.61,12,1.6,18,0.4,0.9,0.9,-7.1,-4.74,-4.74,-5.72,12,1.68,18,0.4,0.9,0.9,3.48,4.74,6.58,4.86,12,1.18,18,0.4,0.9,0.9,1009.27,1011.25,1011.69,1010.81,8,1.14,22,0.4,0.8,0.9,,,,,,,,,,,,,,,,,,,,,,,,,,,,,,,,,,,,,,,,,,,,,,,,,,,,,,,,,,,,,,,,,,,,,,,,,,,,,,,,,,,,,,,,,,,,,,,,,,,,,,,,,,,,,,,,,,,,,,,,,,,,,,,,,,,,,,,,,,,,,,,,,,,,,,
1895,12,334.0,0.0,,,,,,,,,,,,,,,,,,,,,,,,,,,,,,,,,,,,,,,,4.6,6.7,6.7,6.07,15,1.66,20,0.6,0.9,0.4,-4.74,-3.25,-2.76,-3.52,15,0.89,20,0.6,0.9,0.4,3.25,4.74,6.17,4.81,15,1.83,20,0.6,0.9,0.4,1010.06,1010.9,1012.2,1010.99,13,1.14,20,0.5,0.8,0.3,,,,,,,,,,,,,,,,,,,,,,,,,,,,,,,,,,,,,,,,,,,,,,,,,,,,,,,,,,,,,,,,,,,,,,,,,,,,,,,,,,,,,,,,,,,,,,,,,,,,,,,,,,,,,,,,,,,,,,,,,,,,,,,,,,,,,,,,,,,,,,,,,,,,,,
1895,12,334.0,2.0,,,,,,,,,,,,,,,,,,,,,,,,,,,,,,,,,,,,,,,,2.6,4.6,6.7,4.06,53,2.04,14,0.5,0.7,0.3,-4.27,-2.39,-0.53,-2.41,53,1.9,14,0.5,0.7,0.3,-1.6,1.72,4.23,1.46,53,3.04,14,0.5,0.7,0.3,1009.8,1010.8,1012.82,1011.1,36,1.42,16,0.5,0.7,0.2,,,,,,,,,,,,,,,,,,,,,,,,,,,,,,,,,,,,,,,,,,,,,,,,,,,,,,,,,,,,,,,,,,,,,,,,,,,,,,,,,,,,,,,,,,,,,,,,,,,,,,,,,,,,,,,,,,,,,,,,,,,,,,,,,,,,,,,,,,,,,,,,,,,,,,
1895,12,334.0,4.0,,,,,,,,,,,,,,,,,,,,,,,,,,,,,,,,,,,,,,,,1.0,2.6,4.6,2.88,51,1.62,16,0.5,0.6,0.3,-3.25,-2.39,-0.92,-2.28,51,1.41,16,0.5,0.6,0.3,-1.07,-0.5,0.43,-0.3,51,1.94,16,0.5,0.6,0.3,1008.55,1010.0,1011.06,1010.06,27,1.24,20,0.5,0.6,0.2,,,,,,,,,,,,,,,,,,,,,,,,,,,,,,,,,,,,,,,,,,,,,,,,,,,,,,,,,,,,,,,,,,,,,,,,,,,,,,,,,,,,,,,,,,,,,,,,,,,,,,,,,,,,,,,,,,,,,,,,,,,,,,,,,,,,,,,,,,,,,,,,,,,,,,
1895,12,334.0,6.0,,,,,,,,,,,,,,,,,,,,,,,,,,,,,,,,,,,,,,,,4.6,6.7,6.7,6.14,19,2.11,14,0.6,0.5,0.2,-6.7,-4.6,-1.72,-4.48,19,2.57,14,0.6,0.5,0.2,-4.94,-3.25,0.0,-2.97,19,2.67,14,0.6,0.5,0.2,1010.0,1011.4,1012.7,1011.37,6,1.21,12,0.5,0.5,0.3,,,,,,,,,,,,,,,,,,,,,,,,,,,,,,,,,,,,,,,,,,,,,,,,,,,,,,,,,,,,,,,,,,,,,,,,,,,,,,,,,,,,,,,,,,,,,,,,,,,,,,,,,,,,,,,,,,,,,,,,,,,,,,,,,,,,,,,,,,,,,,,,,,,,,,
1895,12,334.0,8.0,,,,,,,,,,,,,,,,,,,,,,,,,,,,,,,,,,,,,,,,6.7,6.7,9.3,7.68,8,1.35,16,0.3,0.4,0.3,-5.04,-3.48,-2.62,-3.8,8,1.47,16,0.3,0.4,0.3,-8.52,-6.19,-5.62,-6.13,8,2.75,16,0.3,0.4,0.3,1012.8,1012.8,1012.8,1012.8,1,0.0,12,0.0,0.5,0.0,,,,,,,,,,,,,,,,,,,,,,,,,,,,,,,,,,,,,,,,,,,,,,,,,,,,,,,,,,,,,,,,,,,,,,,,,,,,,,,,,,,,,,,,,,,,,,,,,,,,,,,,,,,,,,,,,,,,,,,,,,,,,,,,,,,,,,,,,,,,,,,,,,,,,,
1895,12,334.0,18.0,,,,,,,,,,,,,,,,,,,,,,,,,,,,,,,,,,,,,,,,6.7,9.3,12.3,9.77,11,3.12,8,0.6,0.4,0.4,-12.07,-9.3,-4.74,-8.68,11,3.24,8,0.6,0.4,0.4,-5.89,-3.25,0.97,-2.61,11,3.74,8,0.6,0.4,0.4,1014.5,1014.7,1014.97,1014.73,3,0.35,4,1.0,0.5,0.5,,,,,,,,,,,,,,,,,,,,,,,,,,,,,,,,,,,,,,,,,,,,,,,,,,,,,,,,,,,,,,,,,,,,,,,,,,,,,,,,,,,,,,,,,,,,,,,,,,,,,,,,,,,,,,,,,,,,,,,,,,,,,,,,,,,,,,,,,,,,,,,,,,,,,,
1895,12,334.0,20.0,,,,,,,,,,,,,,,,,,,,,,,,,,,,,,,,,,,,,,,,4.6,9.3,9.8,8.08,16,2.62,8,0.4,0.9,0.3,-9.61,-8.34,-3.25,-6.34,16,4.01,8,0.4,0.9,0.3,-5.91,-2.53,3.05,-1.82,16,3.74,8,0.4,0.9,0.3,1014.25,1014.3,1016.72,1014.91,7,1.43,4,0.3,0.9,0.1,,,,,,,,,,,,,,,,,,,,,,,,,,,,,,,,,,,,,,,,,,,,,,,,,,,,,,,,,,,,,,,,,,,,,,,,,,,,,,,,,,,,,,,,,,,,,,,,,,,,,,,,,,,,,,,,,,,,,,,,,,,,,,,,,,,,,,,,,,,,,,,,,,,,,,
1895,12,334.0,34.0,,,,,,,,,,,,,,,,,,,,,,,,,,,,,,,,,,,,,,,,4.83,6.7,14.72,9.13,8,5.28,22,0.6,0.5,0.4,-3.18,0.0,4.21,0.04,8,3.23,22,0.6,0.5,0.4,-2.37,5.45,14.72,6.6,8,7.93,22,0.6,0.5,0.4,1017.23,1017.95,1018.41,1017.83,4,0.78,16,0.5,0.3,0.8,,,,,,,,,,,,,,,,,,,,,,,,,,,,,,,,,,,,,,,,,,,,,,,,,,,,,,,,,,,,,,,,,,,,,,,,,,,,,,,,,,,,,,,,,,,,,,,,,,,,,,,,,,,,,,,,,,,,,,,,,,,,,,,,,,,,,,,,,,,,,,,,,,,,,,
1895,12,334.0,36.0,,,,,,,,,,,,,,,,,,,,,,,,,,,,,,,,,,,,,,,,4.6,9.3,15.4,9.42,15,5.38,18,0.4,0.7,0.3,-3.25,1.02,9.52,2.54,15,6.08,18,0.4,0.7,0.3,-4.63,0.0,12.87,2.42,15,8.59,18,0.4,0.7,0.3,1017.47,1024.4,1024.91,1022.34,7,3.58,14,0.6,0.7,0.4,,,,,,,,,,,,,,,,,,,,,,,,,,,,,,,,,,,,,,,,,,,,,,,,,,,,,,,,,,,,,,,,,,,,,,,,,,,,,,,,,,,,,,,,,,,,,,,,,,,,,,,,,,,,,,,,,,,,,,,,,,,,,,,,,,,,,,,,,,,,,,,,,,,,,,
1895,12,334.0,38.0,,,,,,,,,,,,,,,,,,,,,,,,,,,,,,,,,,,,,,,,5.83,9.3,9.51,8.99,11,4.9,16,0.7,0.5,0.3,-8.62,-4.74,3.65,-2.54,11,6.44,16,0.7,0.5,0.3,-3.94,-2.51,6.62,1.32,11,7.91,16,0.7,0.5,0.3,1012.35,1030.1,1036.75,1026.58,9,11.85,12,0.7,0.5,0.3,,,,,,,,,,,,,,,,,,,,,,,,,,,,,,,,,,,,,,,,,,,,,,,,,,,,,,,,,,,,,,,,,,,,,,,,,,,,,,,,,,,,,,,,,,,,,,,,,,,,,,,,,,,,,,,,,,,,,,,,,,,,,,,,,,,,,,,,,,,,,,,,,,,,,,
1895,12,334.0,40.0,,,,,,,,,,,,,,,,,,,,,,,,,,,,,,,,,,,,,,,,6.7,9.8,13.58,10.11,11,3.12,26,0.5,0.5,0.5,1.1,5.55,10.25,4.2,11,6.27,26,0.5,0.5,0.5,-7.47,3.75,9.62,1.2,11,7.87,26,0.5,0.5,0.5,1007.14,1014.7,1021.52,1014.35,4,8.32,22,0.8,0.6,0.4,,,,,,,,,,,,,,,,,,,,,,,,,,,,,,,,,,,,,,,,,,,,,,,,,,,,,,,,,,,,,,,,,,,,,,,,,,,,,,,,,,,,,,,,,,,,,,,,,,,,,,,,,,,,,,,,,,,,,,,,,,,,,,,,,,,,,,,,,,,,,,,,,,,,,,
1895,12,334.0,42.0,,,,,,,,,,,,,,,,,,,,,,,,,,,,,,,,,,,,,,,,1.0,2.6,9.3,5.23,45,5.69,8,0.5,0.7,0.2,-2.6,-0.39,6.22,1.69,45,6.05,8,0.5,0.7,0.2,-4.27,0.0,1.73,-0.97,45,4.46,8,0.5,0.7,0.2,1008.49,1019.0,1023.0,1017.25,12,6.61,20,0.4,0.8,0.0,,,,,,,,,,,,,,,,,,,,,,,,,,,,,,,,,,,,,,,,,,,,,,,,,,,,,,,,,,,,,,,,,,,,,,,,,,,,,,,,,,,,,,,,,,,,,,,,,,,,,,,,,,,,,,,,,,,,,,,,,,,,,,,,,,,,,,,,,,,,,,,,,,,,,,
1895,12,334.0,44.0,,,,,,,,,,,,,,,,,,,,,,,,,,,,,,,,,,,,,,,,4.6,9.3,19.29,11.58,32,7.88,12,0.3,0.8,0.3,3.25,7.7,14.32,8.62,32,5.73,12,0.3,0.8,0.3,-13.64,-1.72,6.23,-2.31,32,9.25,12,0.3,0.8,0.3,993.95,1028.5,1032.35,1015.92,24,19.89,14,0.3,0.8,0.3,,,,,,,,,,,,,,,,,,,,,,,,,,,,,,,,,,,,,,,,,,,,,,,,,,,,,,,,,,,,,,,,,,,,,,,,,,,,,,,,,,,,,,,,,,,,,,,,,,,,,,,,,,,,,,,,,,,,,,,,,,,,,,,,,,,,,,,,,,,,,,,,,,,,,,
1895,12,334.0,46.0,,,,,,,,,,,,,,,,,,,,,,,,,,,,,,,,,,,,,,,,4.6,9.3,15.4,9.32,13,4.39,14,0.2,0.8,0.0,4.17,4.81,10.89,6.87,13,3.83,14,0.2,0.8,0.0,-10.89,-1.72,4.74,-2.46,13,6.42,14,0.2,0.8,0.0,1018.59,1020.0,1021.83,1020.55,11,3.24,12,0.2,0.7,0.0,,,,,,,,,,,,,,,,,,,,,,,,,,,,,,,,,,,,,,,,,,,,,,,,,,,,,,,,,,,,,,,,,,,,,,,,,,,,,,,,,,,,,,,,,,,,,,,,,,,,,,,,,,,,,,,,,,,,,,,,,,,,,,,,,,,,,,,,,,,,,,,,,,,,,,
1895,12,334.0,48.0,,,,,,,,,,,,,,,,,,,,,,,,,,,,,,,,,,,,,,,,6.7,9.3,19.0,11.31,17,5.49,14,0.2,0.5,0.7,4.15,6.7,10.25,7.23,17,6.79,14,0.2,0.5,0.7,-5.36,0.0,8.62,-0.36,17,8.02,14,0.2,0.5,0.7,1005.0,1021.4,1024.72,1016.4,10,11.19,14,0.1,0.5,0.8,,,,,,,,,,,,,,,,,,,,,,,,,,,,,,,,,,,,,,,,,,,,,,,,,,,,,,,,,,,,,,,,,,,,,,,,,,,,,,,,,,,,,,,,,,,,,,,,,,,,,,,,,,,,,,,,,,,,,,,,,,,,,,,,,,,,,,,,,,,,,,,,,,,,,,
1895,12,334.0,50.0,,,,,,,,,,,,,,,,,,,,,,,,,,,,,,,,,,,,,,,,8.37,12.3,13.73,11.44,17,3.99,12,0.5,0.5,0.3,0.5,8.7,12.3,6.47,17,6.35,12,0.5,0.5,0.3,-8.57,0.0,7.33,0.9,17,8.33,12,0.5,0.5,0.3,984.57,1013.4,1022.4,1005.4,11,19.89,16,0.5,0.5,0.3,,,,,,,,,,,,,,,,,,,,,,,,,,,,,,,,,,,,,,,,,,,,,,,,,,,,,,,,,,,,,,,,,,,,,,,,,,,,,,,,,,,,,,,,,,,,,,,,,,,,,,,,,,,,,,,,,,,,,,,,,,,,,,,,,,,,,,,,,,,,,,,,,,,,,,
1895,12,336.0,-38.0,,,,,,,,,,,,,,,,,,,,,,,,,,,,,,,,,,,,,,,,1.18,4.65,11.68,6.04,8,5.37,16,0.6,0.6,0.5,0.71,4.03,11.68,5.48,8,5.8,16,0.6,0.6,0.5,-0.63,0.0,1.71,0.22,8,1.56,16,0.6,0.6,0.5,1007.04,1015.4,1019.31,1013.64,8,5.85,16,0.6,0.6,0.5,,,,,,,,,,,,,,,,,,,,,,,,,,,,,,,,,,,,,,,,,,,,,,,,,,,,,,,,,,,,,,,,,,,,,,,,,,,,,,,,,,,,,,,,,,,,,,,,,,,,,,,,,,,,,,,,,,,,,,,,,,,,,,,,,,,,,,,,,,,,,,,,,,,,,,
1895,12,336.0,-36.0,,,,,,,,,,,,,,,,,,,,,,,,,,,,,,,,,,,,,,,,2.6,6.7,6.95,5.78,13,2.98,12,0.4,0.7,0.9,-1.8,0.0,4.76,1.51,13,3.16,12,0.4,0.7,0.9,-6.44,-0.92,4.23,-1.15,13,5.58,12,0.4,0.7,0.9,1009.66,1019.9,1023.55,1018.03,13,6.11,12,0.4,0.7,0.9,,,,,,,,,,,,,,,,,,,,,,,,,,,,,,,,,,,,,,,,,,,,,,,,,,,,,,,,,,,,,,,,,,,,,,,,,,,,,,,,,,,,,,,,,,,,,,,,,,,,,,,,,,,,,,,,,,,,,,,,,,,,,,,,,,,,,,,,,,,,,,,,,,,,,,
1895,12,336.0,-34.0,,,,,,,,,,,,,,,,,,,,,,,,,,,,,,,,,,,,,,,,6.7,12.3,12.45,10.34,7,3.58,12,0.4,0.5,0.5,-3.03,6.7,11.54,4.62,7,9.13,12,0.4,0.5,0.5,-6.17,-4.61,0.23,-3.22,7,4.14,12,0.4,0.5,0.5,1006.64,1012.15,1014.21,1011.02,6,4.81,10,0.3,0.4,0.5,,,,,,,,,,,,,,,,,,,,,,,,,,,,,,,,,,,,,,,,,,,,,,,,,,,,,,,,,,,,,,,,,,,,,,,,,,,,,,,,,,,,,,,,,,,,,,,,,,,,,,,,,,,,,,,,,,,,,,,,,,,,,,,,,,,,,,,,,,,,,,,,,,,,,,
1895,12,336.0,-32.0,,,,,,,,,,,,,,,,,,,,,,,,,,,,,,,,,,,,,,,,6.7,6.7,6.7,6.7,2,0.0,8,0.5,1.0,1.0,0.0,0.0,0.0,0.0,2,0.0,8,0.5,1.0,1.0,6.7,6.7,6.7,6.7,2,0.0,8,0.5,1.0,1.0,1020.61,1021.05,1021.49,1021.05,2,0.92,8,0.5,1.0,1.0,,,,,,,,,,,,,,,,,,,,,,,,,,,,,,,,,,,,,,,,,,,,,,,,,,,,,,,,,,,,,,,,,,,,,,,,,,,,,,,,,,,,,,,,,,,,,,,,,,,,,,,,,,,,,,,,,,,,,,,,,,,,,,,,,,,,,,,,,,,,,,,,,,,,,,
1895,12,336.0,-30.0,,,,,,,,,,,,,,,,,,,,,,,,,,,,,,,,,,,,,,,,4.6,4.6,8.6,5.89,9,2.29,8,0.3,0.6,0.9,0.0,0.0,0.0,-0.16,9,1.31,8,0.3,0.6,0.9,-8.6,-4.6,1.88,-3.91,9,5.03,8,0.3,0.6,0.9,1014.1,1016.1,1019.06,1016.43,9,2.79,8,0.3,0.6,0.9,,,,,,,,,,,,,,,,,,,,,,,,,,,,,,,,,,,,,,,,,,,,,,,,,,,,,,,,,,,,,,,,,,,,,,,,,,,,,,,,,,,,,,,,,,,,,,,,,,,,,,,,,,,,,,,,,,,,,,,,,,,,,,,,,,,,,,,,,,,,,,,,,,,,,,
1895,12,336.0,-28.0,,,,,,,,,,,,,,,,,,,,,,,,,,,,,,,,,,,,,,,,6.7,6.7,6.7,6.7,2,0.0,4,1.0,0.5,0.5,0.0,0.0,0.0,0.0,2,0.0,4,1.0,0.5,0.5,-6.7,-6.7,-6.7,-6.7,2,0.0,4,1.0,0.5,0.5,1011.08,1011.9,1012.72,1011.9,2,1.7,4,1.0,0.5,0.5,,,,,,,,,,,,,,,,,,,,,,,,,,,,,,,,,,,,,,,,,,,,,,,,,,,,,,,,,,,,,,,,,,,,,,,,,,,,,,,,,,,,,,,,,,,,,,,,,,,,,,,,,,,,,,,,,,,,,,,,,,,,,,,,,,,,,,,,,,,,,,,,,,,,,,
1895,12,336.0,-26.0,,,,,,,,,,,,,,,,,,,,,,,,,,,,,,,,,,,,,,,,0.54,1.0,2.6,1.72,17,1.62,2,0.5,0.5,1.0,0.0,0.0,1.02,0.23,17,1.03,2,0.5,0.5,1.0,-2.4,-1.0,0.0,-1.39,17,1.62,2,0.5,0.5,1.0,1018.83,1019.6,1021.27,1019.66,22,1.89,2,0.5,0.5,1.0,,,,,,,,,,,,,,,,,,,,,,,,,,,,,,,,,,,,,,,,,,,,,,,,,,,,,,,,,,,,,,,,,,,,,,,,,,,,,,,,,,,,,,,,,,,,,,,,,,,,,,,,,,,,,,,,,,,,,,,,,,,,,,,,,,,,,,,,,,,,,,,,,,,,,,
1895,12,336.0,-24.0,,,,,,,,,,,,,,,,,,,,,,,,,,,,,,,,,,,,,,,,2.6,4.6,6.7,4.78,33,1.95,6,0.5,0.8,0.8,-0.97,0.0,1.8,0.51,33,1.38,6,0.5,0.8,0.8,-6.7,-4.23,-2.41,-4.57,33,1.92,6,0.5,0.8,0.8,1013.3,1014.8,1017.84,1015.34,33,2.07,6,0.5,0.8,0.8,,,,,,,,,,,,,,,,,,,,,,,,,,,,,,,,,,,,,,,,,,,,,,,,,,,,,,,,,,,,,,,,,,,,,,,,,,,,,,,,,,,,,,,,,,,,,,,,,,,,,,,,,,,,,,,,,,,,,,,,,,,,,,,,,,,,,,,,,,,,,,,,,,,,,,
1895,12,336.0,-22.0,,,,,,,,,,,,,,,,,,,,,,,,,,,,,,,,,,,,,,,,4.09,5.65,7.36,5.75,12,2.21,6,0.6,0.6,0.6,-2.76,-0.49,1.8,-0.77,12,2.14,6,0.6,0.6,0.6,-6.83,-5.38,-3.82,-5.39,12,2.0,6,0.6,0.6,0.6,1012.85,1014.35,1015.75,1014.38,12,1.45,6,0.6,0.6,0.6,,,,,,,,,,,,,,,,,,,,,,,,,,,,,,,,,,,,,,,,,,,,,,,,,,,,,,,,,,,,,,,,,,,,,,,,,,,,,,,,,,,,,,,,,,,,,,,,,,,,,,,,,,,,,,,,,,,,,,,,,,,,,,,,,,,,,,,,,,,,,,,,,,,,,,
1895,12,336.0,-16.0,,,,,,,,,,,,,,,,,,,,,,,,,,,,,,,,,,,,,,,,6.7,6.7,6.7,6.7,1,0.0,18,1.0,1.0,1.0,-6.17,-6.17,-6.17,-6.17,1,0.0,18,1.0,1.0,1.0,-2.62,-2.62,-2.62,-2.62,1,0.0,18,1.0,1.0,1.0,1013.5,1013.5,1013.5,1013.5,1,0.0,18,1.0,1.0,1.0,,,,,,,,,,,,,,,,,,,,,,,,,,,,,,,,,,,,,,,,,,,,,,,,,,,,,,,,,,,,,,,,,,,,,,,,,,,,,,,,,,,,,,,,,,,,,,,,,,,,,,,,,,,,,,,,,,,,,,,,,,,,,,,,,,,,,,,,,,,,,,,,,,,,,,
1895,12,336.0,-14.0,,,,,,,,,,,,,,,,,,,,,,,,,,,,,,,,,,,,,,,,6.7,8.0,9.3,8.0,6,1.42,18,0.5,1.0,0.8,-8.71,-7.63,-6.17,-7.58,6,1.39,18,0.5,1.0,0.8,-3.63,-2.62,0.0,-2.08,6,1.68,18,0.5,1.0,0.8,1013.75,1014.25,1014.96,1014.23,6,0.85,18,0.5,1.0,0.8,,,,,,,,,,,,,,,,,,,,,,,,,,,,,,,,,,,,,,,,,,,,,,,,,,,,,,,,,,,,,,,,,,,,,,,,,,,,,,,,,,,,,,,,,,,,,,,,,,,,,,,,,,,,,,,,,,,,,,,,,,,,,,,,,,,,,,,,,,,,,,,,,,,,,,
1895,12,336.0,-12.0,,,,,,,,,,,,,,,,,,,,,,,,,,,,,,,,,,,,,,,,6.7,9.3,12.3,9.46,5,2.8,20,0.4,1.0,0.8,-11.4,-8.56,-6.2,-8.75,5,2.61,20,0.4,1.0,0.8,-2.99,2.51,4.61,1.09,5,3.96,20,0.4,1.0,0.8,1012.36,1012.8,1013.05,1012.74,5,0.4,20,0.4,1.0,0.8,,,,,,,,,,,,,,,,,,,,,,,,,,,,,,,,,,,,,,,,,,,,,,,,,,,,,,,,,,,,,,,,,,,,,,,,,,,,,,,,,,,,,,,,,,,,,,,,,,,,,,,,,,,,,,,,,,,,,,,,,,,,,,,,,,,,,,,,,,,,,,,,,,,,,,
1895,12,336.0,-10.0,,,,,,,,,,,,,,,,,,,,,,,,,,,,,,,,,,,,,,,,6.7,9.3,9.3,8.26,5,1.42,20,0.4,1.0,0.8,-8.62,-6.58,-6.21,-7.25,5,1.26,20,0.4,1.0,0.8,2.51,3.48,4.61,3.71,5,1.67,20,0.4,1.0,0.8,1011.68,1012.0,1012.15,1011.92,5,0.4,20,0.4,1.0,0.8,,,,,,,,,,,,,,,,,,,,,,,,,,,,,,,,,,,,,,,,,,,,,,,,,,,,,,,,,,,,,,,,,,,,,,,,,,,,,,,,,,,,,,,,,,,,,,,,,,,,,,,,,,,,,,,,,,,,,,,,,,,,,,,,,,,,,,,,,,,,,,,,,,,,,,
1895,12,336.0,-8.0,,,,,,,,,,,,,,,,,,,,,,,,,,,,,,,,,,,,,,,,6.7,8.0,9.3,8.0,4,1.5,22,0.5,0.5,1.0,-6.58,-5.66,-4.74,-5.66,4,1.06,22,0.5,0.5,1.0,4.74,5.66,6.58,5.66,4,1.06,22,0.5,0.5,1.0,1011.19,1011.7,1011.91,1011.6,7,0.43,22,0.6,0.6,0.8,,,,,,,,,,,,,,,,,,,,,,,,,,,,,,,,,,,,,,,,,,,,,,,,,,,,,,,,,,,,,,,,,,,,,,,,,,,,,,,,,,,,,,,,,,,,,,,,,,,,,,,,,,,,,,,,,,,,,,,,,,,,,,,,,,,,,,,,,,,,,,,,,,,,,,
1895,12,336.0,-6.0,,,,,,,,,,,,,,,,,,,,,,,,,,,,,,,,,,,,,,,,6.7,6.7,7.65,7.22,5,1.16,22,0.4,0.5,0.8,-5.41,-4.74,-4.74,-5.11,5,0.82,22,0.4,0.5,0.8,4.74,4.74,5.41,5.11,5,0.82,22,0.4,0.5,0.8,1011.75,1012.1,1012.34,1012.04,5,0.36,22,0.4,0.5,0.8,,,,,,,,,,,,,,,,,,,,,,,,,,,,,,,,,,,,,,,,,,,,,,,,,,,,,,,,,,,,,,,,,,,,,,,,,,,,,,,,,,,,,,,,,,,,,,,,,,,,,,,,,,,,,,,,,,,,,,,,,,,,,,,,,,,,,,,,,,,,,,,,,,,,,,
1895,12,336.0,-4.0,,,,,,,,,,,,,,,,,,,,,,,,,,,,,,,,,,,,,,,,9.18,9.3,9.3,8.93,7,0.98,10,0.6,0.8,0.8,-8.62,-6.58,-6.49,-6.9,7,1.36,10,0.6,0.8,0.8,3.48,6.58,6.58,5.43,7,1.49,10,0.6,0.8,0.8,1011.5,1011.5,1011.5,1011.5,1,0.0,24,1.0,0.5,0.5,,,,,,,,,,,,,,,,,,,,,,,,,,,,,,,,,,,,,,,,,,,,,,,,,,,,,,,,,,,,,,,,,,,,,,,,,,,,,,,,,,,,,,,,,,,,,,,,,,,,,,,,,,,,,,,,,,,,,,,,,,,,,,,,,,,,,,,,,,,,,,,,,,,,,,
1895,12,336.0,2.0,,,,,,,,,,,,,,,,,,,,,,,,,,,,,,,,,,,,,,,,1.0,2.6,4.7,2.79,7,2.17,14,0.6,0.5,0.5,-1.15,-0.71,0.0,-1.1,7,1.65,14,0.6,0.5,0.5,-1.0,0.71,4.61,1.38,7,2.72,14,0.6,0.5,0.5,1010.62,1011.7,1013.33,1011.8,7,1.66,14,0.6,0.5,0.5,,,,,,,,,,,,,,,,,,,,,,,,,,,,,,,,,,,,,,,,,,,,,,,,,,,,,,,,,,,,,,,,,,,,,,,,,,,,,,,,,,,,,,,,,,,,,,,,,,,,,,,,,,,,,,,,,,,,,,,,,,,,,,,,,,,,,,,,,,,,,,,,,,,,,,
1895,12,336.0,4.0,,,,,,,,,,,,,,,,,,,,,,,,,,,,,,,,,,,,,,,,1.0,2.6,6.7,3.64,30,2.59,10,0.4,0.5,0.3,-4.74,-1.02,-0.23,-2.32,30,2.43,10,0.4,0.5,0.3,0.0,2.39,4.74,2.07,30,2.12,10,0.4,0.5,0.3,1010.56,1011.8,1013.18,1011.87,30,1.38,10,0.4,0.5,0.3,,,,,,,,,,,,,,,,,,,,,,,,,,,,,,,,,,,,,,,,,,,,,,,,,,,,,,,,,,,,,,,,,,,,,,,,,,,,,,,,,,,,,,,,,,,,,,,,,,,,,,,,,,,,,,,,,,,,,,,,,,,,,,,,,,,,,,,,,,,,,,,,,,,,,,
1895,12,336.0,6.0,,,,,,,,,,,,,,,,,,,,,,,,,,,,,,,,,,,,,,,,2.6,6.7,9.3,6.29,17,3.5,8,0.5,1.0,0.2,-8.93,-6.58,-2.25,-5.78,17,3.35,8,0.5,1.0,0.2,-1.21,0.0,3.36,0.66,17,2.66,8,0.5,1.0,0.2,1010.95,1011.5,1013.59,1012.02,17,1.31,8,0.5,1.0,0.2,,,,,,,,,,,,,,,,,,,,,,,,,,,,,,,,,,,,,,,,,,,,,,,,,,,,,,,,,,,,,,,,,,,,,,,,,,,,,,,,,,,,,,,,,,,,,,,,,,,,,,,,,,,,,,,,,,,,,,,,,,,,,,,,,,,,,,,,,,,,,,,,,,,,,,
1895,12,336.0,8.0,,,,,,,,,,,,,,,,,,,,,,,,,,,,,,,,,,,,,,,,6.7,6.7,9.3,7.48,14,1.51,8,0.6,1.0,0.3,-8.56,-6.37,-4.83,-6.54,14,1.62,8,0.6,1.0,0.3,-4.67,-3.44,-2.62,-3.17,14,1.73,8,0.6,1.0,0.3,1011.83,1012.8,1014.27,1012.93,14,1.26,8,0.6,1.0,0.3,,,,,,,,,,,,,,,,,,,,,,,,,,,,,,,,,,,,,,,,,,,,,,,,,,,,,,,,,,,,,,,,,,,,,,,,,,,,,,,,,,,,,,,,,,,,,,,,,,,,,,,,,,,,,,,,,,,,,,,,,,,,,,,,,,,,,,,,,,,,,,,,,,,,,,
1895,12,336.0,10.0,,,,,,,,,,,,,,,,,,,,,,,,,,,,,,,,,,,,,,,,2.6,3.6,4.6,3.6,6,1.1,2,0.5,1.0,0.3,-2.77,-1.78,0.0,-1.7,6,1.59,2,0.5,1.0,0.3,-4.33,-2.22,-1.64,-2.69,6,1.45,2,0.5,1.0,0.3,1012.46,1012.95,1013.0,1012.73,6,0.44,2,0.5,1.0,0.3,,,,,,,,,,,,,,,,,,,,,,,,,,,,,,,,,,,,,,,,,,,,,,,,,,,,,,,,,,,,,,,,,,,,,,,,,,,,,,,,,,,,,,,,,,,,,,,,,,,,,,,,,,,,,,,,,,,,,,,,,,,,,,,,,,,,,,,,,,,,,,,,,,,,,,
1895,12,336.0,20.0,,,,,,,,,,,,,,,,,,,,,,,,,,,,,,,,,,,,,,,,4.6,4.6,8.19,5.75,10,1.98,10,0.6,0.6,0.4,-7.31,-2.49,1.8,-2.14,10,4.54,10,0.6,0.6,0.4,-4.23,-3.5,1.25,-2.2,10,3.09,10,0.6,0.6,0.4,1015.17,1015.9,1016.97,1015.94,8,0.82,4,0.5,0.5,0.5,,,,,,,,,,,,,,,,,,,,,,,,,,,,,,,,,,,,,,,,,,,,,,,,,,,,,,,,,,,,,,,,,,,,,,,,,,,,,,,,,,,,,,,,,,,,,,,,,,,,,,,,,,,,,,,,,,,,,,,,,,,,,,,,,,,,,,,,,,,,,,,,,,,,,,
1895,12,336.0,22.0,,,,,,,,,,,,,,,,,,,,,,,,,,,,,,,,,,,,,,,,5.07,9.3,9.8,8.51,15,2.52,8,0.4,0.6,0.3,-9.62,-8.62,1.48,-6.2,15,5.33,8,0.4,0.6,0.3,-3.25,2.35,3.48,0.68,15,3.75,8,0.4,0.6,0.3,1016.1,1016.45,1019.6,1017.36,8,1.66,6,0.4,0.9,0.1,,,,,,,,,,,,,,,,,,,,,,,,,,,,,,,,,,,,,,,,,,,,,,,,,,,,,,,,,,,,,,,,,,,,,,,,,,,,,,,,,,,,,,,,,,,,,,,,,,,,,,,,,,,,,,,,,,,,,,,,,,,,,,,,,,,,,,,,,,,,,,,,,,,,,,
1895,12,336.0,24.0,,,,,,,,,,,,,,,,,,,,,,,,,,,,,,,,,,,,,,,,5.5,9.3,11.23,8.54,10,2.8,8,0.5,0.8,0.3,-10.59,-8.59,-5.24,-7.89,10,2.88,8,0.5,0.8,0.3,-4.38,0.2,2.24,-0.69,10,3.28,8,0.5,0.8,0.3,1018.7,1018.7,1018.7,1018.7,1,0.0,8,1.0,1.0,0.0,,,,,,,,,,,,,,,,,,,,,,,,,,,,,,,,,,,,,,,,,,,,,,,,,,,,,,,,,,,,,,,,,,,,,,,,,,,,,,,,,,,,,,,,,,,,,,,,,,,,,,,,,,,,,,,,,,,,,,,,,,,,,,,,,,,,,,,,,,,,,,,,,,,,,,
1895,12,336.0,36.0,,,,,,,,,,,,,,,,,,,,,,,,,,,,,,,,,,,,,,,,6.7,12.3,19.0,12.63,17,4.86,22,0.4,0.5,0.5,-6.56,0.0,8.7,0.09,17,7.87,22,0.4,0.5,0.5,-2.18,8.7,14.8,8.19,17,7.74,22,0.4,0.5,0.5,1015.29,1016.65,1017.0,1016.25,10,1.2,20,0.4,0.5,0.5,,,,,,,,,,,,,,,,,,,,,,,,,,,,,,,,,,,,,,,,,,,,,,,,,,,,,,,,,,,,,,,,,,,,,,,,,,,,,,,,,,,,,,,,,,,,,,,,,,,,,,,,,,,,,,,,,,,,,,,,,,,,,,,,,,,,,,,,,,,,,,,,,,,,,,
1895,12,336.0,38.0,,,,,,,,,,,,,,,,,,,,,,,,,,,,,,,,,,,,,,,,4.6,8.0,12.3,8.85,14,5.36,18,0.4,0.6,0.4,-4.73,0.0,4.57,-0.29,14,5.64,18,0.4,0.6,0.4,-3.43,-0.86,11.21,3.23,14,8.36,18,0.4,0.6,0.4,1025.87,1029.5,1037.41,1030.27,7,5.26,12,0.1,0.4,0.4,,,,,,,,,,,,,,,,,,,,,,,,,,,,,,,,,,,,,,,,,,,,,,,,,,,,,,,,,,,,,,,,,,,,,,,,,,,,,,,,,,,,,,,,,,,,,,,,,,,,,,,,,,,,,,,,,,,,,,,,,,,,,,,,,,,,,,,,,,,,,,,,,,,,,,
1895,12,336.0,40.0,,,,,,,,,,,,,,,,,,,,,,,,,,,,,,,,,,,,,,,,6.7,9.8,15.57,11.39,7,4.54,20,0.9,0.5,0.4,-6.56,-4.61,9.8,-1.34,7,8.59,20,0.9,0.5,0.4,-2.62,0.0,13.53,4.71,7,8.38,20,0.9,0.5,0.4,1009.55,1010.3,1030.17,1018.38,5,12.41,20,0.8,0.6,0.5,,,,,,,,,,,,,,,,,,,,,,,,,,,,,,,,,,,,,,,,,,,,,,,,,,,,,,,,,,,,,,,,,,,,,,,,,,,,,,,,,,,,,,,,,,,,,,,,,,,,,,,,,,,,,,,,,,,,,,,,,,,,,,,,,,,,,,,,,,,,,,,,,,,,,,
1895,12,336.0,42.0,,,,,,,,,,,,,,,,,,,,,,,,,,,,,,,,,,,,,,,,2.6,9.3,15.4,8.42,29,5.76,22,0.3,0.7,0.3,0.0,3.48,7.76,4.52,29,5.37,22,0.3,0.7,0.3,-5.25,0.97,8.62,1.18,29,7.43,22,0.3,0.7,0.3,1009.86,1015.0,1022.29,1015.63,19,6.3,22,0.3,0.7,0.4,,,,,,,,,,,,,,,,,,,,,,,,,,,,,,,,,,,,,,,,,,,,,,,,,,,,,,,,,,,,,,,,,,,,,,,,,,,,,,,,,,,,,,,,,,,,,,,,,,,,,,,,,,,,,,,,,,,,,,,,,,,,,,,,,,,,,,,,,,,,,,,,,,,,,,
1895,12,336.0,44.0,,,,,,,,,,,,,,,,,,,,,,,,,,,,,,,,,,,,,,,,1.0,6.7,19.0,10.47,42,9.03,14,0.3,0.8,0.2,-2.54,2.94,16.73,5.56,42,8.67,14,0.3,0.8,0.2,-6.64,-0.19,8.05,-0.69,42,9.31,14,0.3,0.8,0.2,1008.0,1020.0,1031.0,1019.59,17,11.23,16,0.4,0.8,0.2,,,,,,,,,,,,,,,,,,,,,,,,,,,,,,,,,,,,,,,,,,,,,,,,,,,,,,,,,,,,,,,,,,,,,,,,,,,,,,,,,,,,,,,,,,,,,,,,,,,,,,,,,,,,,,,,,,,,,,,,,,,,,,,,,,,,,,,,,,,,,,,,,,,,,,
1895,12,336.0,46.0,,,,,,,,,,,,,,,,,,,,,,,,,,,,,,,,,,,,,,,,4.22,12.3,19.0,12.43,25,6.38,16,0.4,0.8,0.0,3.91,10.89,14.2,9.84,25,5.54,16,0.4,0.8,0.0,-13.44,-1.72,3.1,-3.5,25,7.57,16,0.4,0.8,0.0,1016.9,1023.0,1028.0,1022.23,13,4.97,14,0.4,0.8,0.0,,,,,,,,,,,,,,,,,,,,,,,,,,,,,,,,,,,,,,,,,,,,,,,,,,,,,,,,,,,,,,,,,,,,,,,,,,,,,,,,,,,,,,,,,,,,,,,,,,,,,,,,,,,,,,,,,,,,,,,,,,,,,,,,,,,,,,,,,,,,,,,,,,,,,,
1895,12,336.0,48.0,,,,,,,,,,,,,,,,,,,,,,,,,,,,,,,,,,,,,,,,4.6,9.3,19.0,11.42,17,5.71,16,0.5,0.6,0.6,0.0,4.61,10.84,5.57,17,5.83,16,0.5,0.6,0.6,-12.73,3.25,8.93,-0.09,17,10.22,16,0.5,0.6,0.6,1002.59,1014.6,1024.64,1015.21,11,10.15,16,0.5,0.7,0.6,,,,,,,,,,,,,,,,,,,,,,,,,,,,,,,,,,,,,,,,,,,,,,,,,,,,,,,,,,,,,,,,,,,,,,,,,,,,,,,,,,,,,,,,,,,,,,,,,,,,,,,,,,,,,,,,,,,,,,,,,,,,,,,,,,,,,,,,,,,,,,,,,,,,,,
1895,12,336.0,50.0,,,,,,,,,,,,,,,,,,,,,,,,,,,,,,,,,,,,,,,,6.7,9.8,12.3,9.55,19,3.74,12,0.4,0.6,0.5,0.0,8.7,11.5,6.15,19,5.65,12,0.4,0.6,0.5,-2.9,1.87,7.18,2.02,19,5.84,12,0.4,0.6,0.5,1014.47,1018.5,1025.74,1015.12,10,16.99,14,0.3,0.6,0.3,,,,,,,,,,,,,,,,,,,,,,,,,,,,,,,,,,,,,,,,,,,,,,,,,,,,,,,,,,,,,,,,,,,,,,,,,,,,,,,,,,,,,,,,,,,,,,,,,,,,,,,,,,,,,,,,,,,,,,,,,,,,,,,,,,,,,,,,,,,,,,,,,,,,,,
1895,12,338.0,-40.0,,,,,,,,,,,,,,,,,,,,,,,,,,,,,,,,,,,,,,,,6.7,6.7,6.7,6.7,2,0.0,14,1.0,0.8,0.8,-2.2,-1.31,-0.42,-1.31,2,1.85,14,1.0,0.8,0.8,-6.62,-6.43,-6.25,-6.43,2,0.38,14,1.0,0.8,0.8,1018.33,1018.6,1018.87,1018.6,2,0.57,14,1.0,0.8,0.8,,,,,,,,,,,,,,,,,,,,,,,,,,,,,,,,,,,,,,,,,,,,,,,,,,,,,,,,,,,,,,,,,,,,,,,,,,,,,,,,,,,,,,,,,,,,,,,,,,,,,,,,,,,,,,,,,,,,,,,,,,,,,,,,,,,,,,,,,,,,,,,,,,,,,,
1895,12,338.0,-38.0,,,,,,,,,,,,,,,,,,,,,,,,,,,,,,,,,,,,,,,,7.11,8.0,8.89,8.0,2,1.84,14,0.0,0.3,0.3,-2.2,-1.31,-0.42,-1.31,2,1.85,14,0.0,0.3,0.3,-8.8,-7.73,-6.66,-7.73,2,2.22,14,0.0,0.3,0.3,1004.39,1011.7,1018.91,1011.65,4,8.38,16,0.3,0.5,0.6,,,,,,,,,,,,,,,,,,,,,,,,,,,,,,,,,,,,,,,,,,,,,,,,,,,,,,,,,,,,,,,,,,,,,,,,,,,,,,,,,,,,,,,,,,,,,,,,,,,,,,,,,,,,,,,,,,,,,,,,,,,,,,,,,,,,,,,,,,,,,,,,,,,,,,
1895,12,338.0,-36.0,,,,,,,,,,,,,,,,,,,,,,,,,,,,,,,,,,,,,,,,3.04,6.7,15.4,7.74,15,5.27,16,0.6,0.7,0.8,-3.06,2.51,12.39,2.99,15,6.98,16,0.6,0.7,0.8,-6.21,-1.02,1.56,-2.94,15,4.94,16,0.6,0.7,0.8,1020.92,1024.0,1026.95,1022.6,12,6.25,14,0.6,0.7,0.7,,,,,,,,,,,,,,,,,,,,,,,,,,,,,,,,,,,,,,,,,,,,,,,,,,,,,,,,,,,,,,,,,,,,,,,,,,,,,,,,,,,,,,,,,,,,,,,,,,,,,,,,,,,,,,,,,,,,,,,,,,,,,,,,,,,,,,,,,,,,,,,,,,,,,,
1895,12,338.0,-32.0,,,,,,,,,,,,,,,,,,,,,,,,,,,,,,,,,,,,,,,,4.19,4.6,6.7,4.97,6,1.55,10,0.5,0.9,0.9,-4.92,-3.93,-1.91,-3.51,6,2.15,10,0.5,0.9,0.9,-0.54,0.49,3.96,1.38,6,3.22,10,0.5,0.9,0.9,1019.46,1020.65,1021.78,1020.6,6,1.26,10,0.5,0.9,0.9,,,,,,,,,,,,,,,,,,,,,,,,,,,,,,,,,,,,,,,,,,,,,,,,,,,,,,,,,,,,,,,,,,,,,,,,,,,,,,,,,,,,,,,,,,,,,,,,,,,,,,,,,,,,,,,,,,,,,,,,,,,,,,,,,,,,,,,,,,,,,,,,,,,,,,
1895,12,338.0,-30.0,,,,,,,,,,,,,,,,,,,,,,,,,,,,,,,,,,,,,,,,2.6,6.7,9.3,5.97,9,2.96,6,0.4,0.7,0.7,-2.26,0.0,0.0,-0.96,9,1.17,6,0.4,0.7,0.7,-9.3,0.97,3.79,-2.09,9,6.44,6,0.4,0.7,0.7,1012.66,1021.3,1022.51,1018.03,9,4.97,6,0.4,0.7,0.7,,,,,,,,,,,,,,,,,,,,,,,,,,,,,,,,,,,,,,,,,,,,,,,,,,,,,,,,,,,,,,,,,,,,,,,,,,,,,,,,,,,,,,,,,,,,,,,,,,,,,,,,,,,,,,,,,,,,,,,,,,,,,,,,,,,,,,,,,,,,,,,,,,,,,,
1895,12,338.0,-28.0,,,,,,,,,,,,,,,,,,,,,,,,,,,,,,,,,,,,,,,,9.3,9.3,9.3,9.3,1,0.0,6,1.0,1.0,0.5,3.63,3.63,3.63,3.63,1,0.0,6,1.0,1.0,0.5,-8.56,-8.56,-8.56,-8.56,1,0.0,6,1.0,1.0,0.5,1012.1,1012.1,1012.1,1012.1,1,0.0,6,1.0,1.0,0.5,,,,,,,,,,,,,,,,,,,,,,,,,,,,,,,,,,,,,,,,,,,,,,,,,,,,,,,,,,,,,,,,,,,,,,,,,,,,,,,,,,,,,,,,,,,,,,,,,,,,,,,,,,,,,,,,,,,,,,,,,,,,,,,,,,,,,,,,,,,,,,,,,,,,,,
1895,12,338.0,-24.0,,,,,,,,,,,,,,,,,,,,,,,,,,,,,,,,,,,,,,,,4.6,6.7,6.7,6.26,21,1.68,8,0.6,0.8,0.7,-2.51,-0.97,0.0,-1.22,21,2.3,8,0.6,0.8,0.7,-6.7,-6.21,-4.32,-5.77,21,1.47,8,0.6,0.8,0.7,1014.4,1015.55,1017.17,1015.73,22,2.1,8,0.6,0.8,0.7,,,,,,,,,,,,,,,,,,,,,,,,,,,,,,,,,,,,,,,,,,,,,,,,,,,,,,,,,,,,,,,,,,,,,,,,,,,,,,,,,,,,,,,,,,,,,,,,,,,,,,,,,,,,,,,,,,,,,,,,,,,,,,,,,,,,,,,,,,,,,,,,,,,,,,
1895,12,338.0,-22.0,,,,,,,,,,,,,,,,,,,,,,,,,,,,,,,,,,,,,,,,4.6,6.7,6.7,6.07,9,1.9,14,0.4,0.7,0.8,-6.47,-4.74,-4.33,-5.08,9,1.54,14,0.4,0.7,0.8,-4.74,-2.62,0.0,-2.36,9,2.7,14,0.4,0.7,0.8,1016.74,1017.2,1017.5,1017.29,10,1.12,14,0.4,0.6,0.8,,,,,,,,,,,,,,,,,,,,,,,,,,,,,,,,,,,,,,,,,,,,,,,,,,,,,,,,,,,,,,,,,,,,,,,,,,,,,,,,,,,,,,,,,,,,,,,,,,,,,,,,,,,,,,,,,,,,,,,,,,,,,,,,,,,,,,,,,,,,,,,,,,,,,,
1895,12,338.0,-20.0,,,,,,,,,,,,,,,,,,,,,,,,,,,,,,,,,,,,,,,,6.7,8.0,9.3,8.0,4,1.5,16,0.5,0.5,0.6,-8.95,-7.63,-6.7,-7.82,4,1.32,16,0.5,0.5,0.6,-1.9,0.0,0.0,-0.91,4,1.82,16,0.5,0.5,0.6,1015.66,1016.3,1017.92,1016.72,5,1.22,16,0.6,0.5,0.7,,,,,,,,,,,,,,,,,,,,,,,,,,,,,,,,,,,,,,,,,,,,,,,,,,,,,,,,,,,,,,,,,,,,,,,,,,,,,,,,,,,,,,,,,,,,,,,,,,,,,,,,,,,,,,,,,,,,,,,,,,,,,,,,,,,,,,,,,,,,,,,,,,,,,,
1895,12,338.0,-18.0,,,,,,,,,,,,,,,,,,,,,,,,,,,,,,,,,,,,,,,,8.76,9.3,9.3,8.87,6,1.06,16,0.5,0.5,0.8,-9.3,-9.3,-8.76,-8.87,6,1.06,16,0.5,0.5,0.8,0.0,0.0,0.0,0.0,6,0.0,16,0.5,0.5,0.8,1015.33,1015.65,1016.14,1015.65,6,0.56,16,0.5,0.5,0.8,,,,,,,,,,,,,,,,,,,,,,,,,,,,,,,,,,,,,,,,,,,,,,,,,,,,,,,,,,,,,,,,,,,,,,,,,,,,,,,,,,,,,,,,,,,,,,,,,,,,,,,,,,,,,,,,,,,,,,,,,,,,,,,,,,,,,,,,,,,,,,,,,,,,,,
1895,12,338.0,-16.0,,,,,,,,,,,,,,,,,,,,,,,,,,,,,,,,,,,,,,,,6.27,9.3,9.3,8.08,6,2.0,16,0.5,0.6,0.7,-9.3,-8.56,-5.67,-7.36,6,2.92,16,0.5,0.6,0.7,-3.76,-1.82,0.0,-1.92,6,2.12,16,0.5,0.6,0.7,1013.01,1014.15,1014.46,1013.77,6,1.03,16,0.5,0.6,0.7,,,,,,,,,,,,,,,,,,,,,,,,,,,,,,,,,,,,,,,,,,,,,,,,,,,,,,,,,,,,,,,,,,,,,,,,,,,,,,,,,,,,,,,,,,,,,,,,,,,,,,,,,,,,,,,,,,,,,,,,,,,,,,,,,,,,,,,,,,,,,,,,,,,,,,
1895,12,338.0,10.0,,,,,,,,,,,,,,,,,,,,,,,,,,,,,,,,,,,,,,,,4.36,6.7,11.02,7.26,10,3.33,8,0.5,0.5,0.3,-10.14,-6.17,-2.64,-6.2,10,3.87,8,0.5,0.5,0.3,-4.3,-2.62,-2.61,-3.15,10,0.93,8,0.5,0.5,0.3,1012.99,1013.9,1015.36,1013.92,10,1.42,8,0.5,0.5,0.3,,,,,,,,,,,,,,,,,,,,,,,,,,,,,,,,,,,,,,,,,,,,,,,,,,,,,,,,,,,,,,,,,,,,,,,,,,,,,,,,,,,,,,,,,,,,,,,,,,,,,,,,,,,,,,,,,,,,,,,,,,,,,,,,,,,,,,,,,,,,,,,,,,,,,,
1895,12,338.0,12.0,,,,,,,,,,,,,,,,,,,,,,,,,,,,,,,,,,,,,,,,4.6,8.0,12.3,8.23,12,3.01,4,0.4,0.5,0.2,-11.32,-4.28,0.0,-5.09,12,5.39,4,0.4,0.5,0.2,-6.7,-4.7,-2.71,-4.33,12,2.25,4,0.4,0.5,0.2,1012.67,1013.75,1015.03,1013.79,12,1.22,4,0.4,0.5,0.2,,,,,,,,,,,,,,,,,,,,,,,,,,,,,,,,,,,,,,,,,,,,,,,,,,,,,,,,,,,,,,,,,,,,,,,,,,,,,,,,,,,,,,,,,,,,,,,,,,,,,,,,,,,,,,,,,,,,,,,,,,,,,,,,,,,,,,,,,,,,,,,,,,,,,,
1895,12,338.0,14.0,,,,,,,,,,,,,,,,,,,,,,,,,,,,,,,,,,,,,,,,6.7,9.3,12.3,9.84,7,2.53,8,0.6,0.5,0.2,-11.37,-9.3,-6.61,-8.91,7,2.58,8,0.6,0.5,0.2,-4.99,0.0,0.0,-2.61,7,3.5,8,0.6,0.5,0.2,1014.49,1016.4,1017.0,1015.81,7,1.28,8,0.6,0.5,0.2,,,,,,,,,,,,,,,,,,,,,,,,,,,,,,,,,,,,,,,,,,,,,,,,,,,,,,,,,,,,,,,,,,,,,,,,,,,,,,,,,,,,,,,,,,,,,,,,,,,,,,,,,,,,,,,,,,,,,,,,,,,,,,,,,,,,,,,,,,,,,,,,,,,,,,
1895,12,338.0,16.0,,,,,,,,,,,,,,,,,,,,,,,,,,,,,,,,,,,,,,,,9.3,10.8,12.3,10.8,8,1.6,6,0.5,0.7,0.3,-11.32,-9.0,-8.56,-9.46,8,1.73,6,0.5,0.7,0.3,-6.38,-4.81,-3.63,-4.62,8,2.5,6,0.5,0.7,0.3,1014.73,1015.3,1016.66,1015.54,8,0.93,6,0.5,0.7,0.3,,,,,,,,,,,,,,,,,,,,,,,,,,,,,,,,,,,,,,,,,,,,,,,,,,,,,,,,,,,,,,,,,,,,,,,,,,,,,,,,,,,,,,,,,,,,,,,,,,,,,,,,,,,,,,,,,,,,,,,,,,,,,,,,,,,,,,,,,,,,,,,,,,,,,,
1895,12,338.0,18.0,,,,,,,,,,,,,,,,,,,,,,,,,,,,,,,,,,,,,,,,8.76,10.8,12.94,10.88,6,3.06,6,0.5,0.8,0.3,-9.83,-7.64,-6.2,-8.24,6,3.27,6,0.5,0.8,0.3,-8.7,-6.58,-5.75,-6.88,6,1.56,6,0.5,0.8,0.3,1014.9,1016.45,1017.24,1016.27,6,1.17,6,0.5,0.8,0.3,,,,,,,,,,,,,,,,,,,,,,,,,,,,,,,,,,,,,,,,,,,,,,,,,,,,,,,,,,,,,,,,,,,,,,,,,,,,,,,,,,,,,,,,,,,,,,,,,,,,,,,,,,,,,,,,,,,,,,,,,,,,,,,,,,,,,,,,,,,,,,,,,,,,,,
1895,12,338.0,20.0,,,,,,,,,,,,,,,,,,,,,,,,,,,,,,,,,,,,,,,,5.83,9.3,12.3,9.1,11,3.3,14,0.3,0.5,0.4,-11.32,-8.56,-4.6,-7.55,11,3.09,14,0.3,0.5,0.4,-6.41,-3.75,-3.48,-4.84,11,2.0,14,0.3,0.5,0.4,1017.57,1018.4,1018.97,1018.28,6,1.01,6,0.5,0.8,0.3,,,,,,,,,,,,,,,,,,,,,,,,,,,,,,,,,,,,,,,,,,,,,,,,,,,,,,,,,,,,,,,,,,,,,,,,,,,,,,,,,,,,,,,,,,,,,,,,,,,,,,,,,,,,,,,,,,,,,,,,,,,,,,,,,,,,,,,,,,,,,,,,,,,,,,
1895,12,338.0,22.0,,,,,,,,,,,,,,,,,,,,,,,,,,,,,,,,,,,,,,,,4.6,8.0,9.3,7.37,10,2.17,14,0.6,0.8,0.3,-6.58,-6.07,-4.01,-5.79,10,1.51,14,0.6,0.8,0.3,-6.58,-3.75,-2.57,-4.43,10,1.95,14,0.6,0.8,0.3,1019.25,1019.9,1020.42,1019.86,5,0.7,6,0.4,0.9,0.2,,,,,,,,,,,,,,,,,,,,,,,,,,,,,,,,,,,,,,,,,,,,,,,,,,,,,,,,,,,,,,,,,,,,,,,,,,,,,,,,,,,,,,,,,,,,,,,,,,,,,,,,,,,,,,,,,,,,,,,,,,,,,,,,,,,,,,,,,,,,,,,,,,,,,,
1895,12,338.0,24.0,,,,,,,,,,,,,,,,,,,,,,,,,,,,,,,,,,,,,,,,6.7,6.7,9.3,7.81,7,1.39,6,0.6,0.7,0.2,-8.66,-6.7,-4.74,-6.78,7,2.07,6,0.6,0.7,0.2,-4.74,0.0,3.48,-1.04,7,3.74,6,0.6,0.7,0.2,1018.99,1020.2,1020.8,1020.04,7,0.84,6,0.6,0.7,0.2,,,,,,,,,,,,,,,,,,,,,,,,,,,,,,,,,,,,,,,,,,,,,,,,,,,,,,,,,,,,,,,,,,,,,,,,,,,,,,,,,,,,,,,,,,,,,,,,,,,,,,,,,,,,,,,,,,,,,,,,,,,,,,,,,,,,,,,,,,,,,,,,,,,,,,
1895,12,338.0,26.0,,,,,,,,,,,,,,,,,,,,,,,,,,,,,,,,,,,,,,,,6.5,6.7,10.04,8.19,13,3.11,6,0.5,0.6,0.4,-9.62,-6.17,-2.63,-5.08,13,4.71,6,0.5,0.6,0.4,-8.18,-2.62,0.31,-3.31,13,4.51,6,0.5,0.6,0.4,1017.06,1019.1,1019.82,1018.7,7,1.49,6,0.7,0.8,0.3,,,,,,,,,,,,,,,,,,,,,,,,,,,,,,,,,,,,,,,,,,,,,,,,,,,,,,,,,,,,,,,,,,,,,,,,,,,,,,,,,,,,,,,,,,,,,,,,,,,,,,,,,,,,,,,,,,,,,,,,,,,,,,,,,,,,,,,,,,,,,,,,,,,,,,
1895,12,338.0,28.0,,,,,,,,,,,,,,,,,,,,,,,,,,,,,,,,,,,,,,,,6.7,6.7,9.3,7.82,21,2.48,4,0.5,0.8,0.3,-6.51,-5.55,6.58,-2.59,21,6.52,4,0.5,0.8,0.3,-3.75,-2.51,6.27,-0.25,21,4.56,4,0.5,0.8,0.3,1015.8,1017.9,1021.21,1018.48,10,2.88,4,0.5,0.9,0.3,,,,,,,,,,,,,,,,,,,,,,,,,,,,,,,,,,,,,,,,,,,,,,,,,,,,,,,,,,,,,,,,,,,,,,,,,,,,,,,,,,,,,,,,,,,,,,,,,,,,,,,,,,,,,,,,,,,,,,,,,,,,,,,,,,,,,,,,,,,,,,,,,,,,,,
1895,12,338.0,30.0,,,,,,,,,,,,,,,,,,,,,,,,,,,,,,,,,,,,,,,,4.6,4.6,12.25,6.59,20,3.16,4,0.6,0.9,0.2,-4.52,-4.23,11.28,1.14,20,6.71,4,0.6,0.9,0.2,-0.88,1.72,4.8,1.74,20,2.45,4,0.6,0.9,0.2,1013.64,1016.2,1017.2,1015.72,9,1.75,2,0.4,0.8,0.2,,,,,,,,,,,,,,,,,,,,,,,,,,,,,,,,,,,,,,,,,,,,,,,,,,,,,,,,,,,,,,,,,,,,,,,,,,,,,,,,,,,,,,,,,,,,,,,,,,,,,,,,,,,,,,,,,,,,,,,,,,,,,,,,,,,,,,,,,,,,,,,,,,,,,,
1895,12,338.0,36.0,,,,,,,,,,,,,,,,,,,,,,,,,,,,,,,,,,,,,,,,2.6,4.65,6.7,4.65,4,2.37,8,1.0,0.6,0.4,-4.74,-2.37,0.0,-2.37,4,2.74,8,1.0,0.6,0.4,-4.74,-3.67,-2.6,-3.67,4,1.23,8,1.0,0.6,0.4,1015.84,1023.75,1029.78,1022.85,4,8.21,8,1.0,0.6,0.4,,,,,,,,,,,,,,,,,,,,,,,,,,,,,,,,,,,,,,,,,,,,,,,,,,,,,,,,,,,,,,,,,,,,,,,,,,,,,,,,,,,,,,,,,,,,,,,,,,,,,,,,,,,,,,,,,,,,,,,,,,,,,,,,,,,,,,,,,,,,,,,,,,,,,,
1895,12,338.0,38.0,,,,,,,,,,,,,,,,,,,,,,,,,,,,,,,,,,,,,,,,7.24,12.3,18.37,12.41,21,4.64,22,0.4,0.6,0.4,-8.7,0.0,4.61,-1.35,21,6.26,22,0.4,0.6,0.4,3.12,10.89,17.13,10.0,21,6.1,22,0.4,0.6,0.4,1011.61,1018.9,1019.7,1016.44,7,4.67,20,0.4,0.6,0.4,,,,,,,,,,,,,,,,,,,,,,,,,,,,,,,,,,,,,,,,,,,,,,,,,,,,,,,,,,,,,,,,,,,,,,,,,,,,,,,,,,,,,,,,,,,,,,,,,,,,,,,,,,,,,,,,,,,,,,,,,,,,,,,,,,,,,,,,,,,,,,,,,,,,,,
1895,12,338.0,40.0,,,,,,,,,,,,,,,,,,,,,,,,,,,,,,,,,,,,,,,,6.7,6.7,9.3,7.81,7,1.39,10,0.7,0.6,0.5,-6.58,-4.74,-4.34,-4.3,7,3.54,10,0.7,0.6,0.5,-6.58,-4.74,-1.98,-3.04,7,5.32,10,0.7,0.6,0.5,1023.9,1028.0,1036.12,1028.67,7,8.0,10,0.7,0.6,0.5,,,,,,,,,,,,,,,,,,,,,,,,,,,,,,,,,,,,,,,,,,,,,,,,,,,,,,,,,,,,,,,,,,,,,,,,,,,,,,,,,,,,,,,,,,,,,,,,,,,,,,,,,,,,,,,,,,,,,,,,,,,,,,,,,,,,,,,,,,,,,,,,,,,,,,
1895,12,338.0,42.0,,,,,,,,,,,,,,,,,,,,,,,,,,,,,,,,,,,,,,,,7.28,12.3,14.71,11.0,15,3.09,26,0.3,0.6,0.3,-4.51,2.51,5.49,1.36,15,5.47,26,0.3,0.6,0.3,-8.56,8.62,11.91,4.05,15,9.47,26,0.3,0.6,0.3,1010.54,1012.0,1016.57,1013.12,10,2.7,24,0.2,0.6,0.3,,,,,,,,,,,,,,,,,,,,,,,,,,,,,,,,,,,,,,,,,,,,,,,,,,,,,,,,,,,,,,,,,,,,,,,,,,,,,,,,,,,,,,,,,,,,,,,,,,,,,,,,,,,,,,,,,,,,,,,,,,,,,,,,,,,,,,,,,,,,,,,,,,,,,,
1895,12,338.0,44.0,,,,,,,,,,,,,,,,,,,,,,,,,,,,,,,,,,,,,,,,4.22,9.3,15.4,10.21,25,5.1,20,0.4,0.7,0.2,-1.15,3.48,8.59,3.87,25,6.94,20,0.4,0.7,0.2,-2.42,4.74,11.58,3.66,25,7.54,20,0.4,0.7,0.2,1004.09,1010.5,1014.6,1009.06,18,6.97,24,0.4,0.8,0.1,,,,,,,,,,,,,,,,,,,,,,,,,,,,,,,,,,,,,,,,,,,,,,,,,,,,,,,,,,,,,,,,,,,,,,,,,,,,,,,,,,,,,,,,,,,,,,,,,,,,,,,,,,,,,,,,,,,,,,,,,,,,,,,,,,,,,,,,,,,,,,,,,,,,,,
1895,12,338.0,46.0,,,,,,,,,,,,,,,,,,,,,,,,,,,,,,,,,,,,,,,,2.6,6.7,15.4,8.8,44,6.2,14,0.3,0.7,0.1,2.3,6.37,10.97,6.9,44,5.02,14,0.3,0.7,0.1,-9.08,-1.72,1.02,-3.33,44,5.68,14,0.3,0.7,0.1,1008.76,1018.0,1030.0,1015.44,32,17.63,14,0.3,0.7,0.1,,,,,,,,,,,,,,,,,,,,,,,,,,,,,,,,,,,,,,,,,,,,,,,,,,,,,,,,,,,,,,,,,,,,,,,,,,,,,,,,,,,,,,,,,,,,,,,,,,,,,,,,,,,,,,,,,,,,,,,,,,,,,,,,,,,,,,,,,,,,,,,,,,,,,,
1895,12,338.0,48.0,,,,,,,,,,,,,,,,,,,,,,,,,,,,,,,,,,,,,,,,4.6,9.3,15.4,10.33,21,5.78,20,0.5,0.6,0.5,1.72,6.21,14.05,6.87,21,5.72,20,0.5,0.6,0.5,-7.7,4.27,6.68,1.89,21,7.7,20,0.5,0.6,0.5,1003.86,1004.3,1014.97,1008.75,13,8.46,24,0.5,0.6,0.3,,,,,,,,,,,,,,,,,,,,,,,,,,,,,,,,,,,,,,,,,,,,,,,,,,,,,,,,,,,,,,,,,,,,,,,,,,,,,,,,,,,,,,,,,,,,,,,,,,,,,,,,,,,,,,,,,,,,,,,,,,,,,,,,,,,,,,,,,,,,,,,,,,,,,,
1895,12,338.0,50.0,,,,,,,,,,,,,,,,,,,,,,,,,,,,,,,,,,,,,,,,6.7,9.8,15.4,10.73,22,4.16,12,0.3,0.5,0.4,-5.17,3.83,9.31,2.81,22,6.98,12,0.3,0.5,0.4,-11.03,0.93,8.7,0.04,22,8.99,12,0.3,0.5,0.4,1006.67,1018.6,1021.3,1011.19,15,16.67,12,0.2,0.5,0.3,,,,,,,,,,,,,,,,,,,,,,,,,,,,,,,,,,,,,,,,,,,,,,,,,,,,,,,,,,,,,,,,,,,,,,,,,,,,,,,,,,,,,,,,,,,,,,,,,,,,,,,,,,,,,,,,,,,,,,,,,,,,,,,,,,,,,,,,,,,,,,,,,,,,,,
1895,12,340.0,-40.0,,,,,,,,,,,,,,,,,,,,,,,,,,,,,,,,,,,,,,,,9.3,9.3,9.3,9.3,3,0.0,14,0.3,0.6,0.8,0.0,0.0,2.38,1.16,3,2.01,14,0.3,0.6,0.8,-9.3,-9.3,-8.84,-9.07,3,0.39,14,0.3,0.6,0.8,1016.32,1016.8,1017.69,1017.0,3,1.01,14,0.3,0.6,0.8,,,,,,,,,,,,,,,,,,,,,,,,,,,,,,,,,,,,,,,,,,,,,,,,,,,,,,,,,,,,,,,,,,,,,,,,,,,,,,,,,,,,,,,,,,,,,,,,,,,,,,,,,,,,,,,,,,,,,,,,,,,,,,,,,,,,,,,,,,,,,,,,,,,,,,
1895,12,340.0,-38.0,,,,,,,,,,,,,,,,,,,,,,,,,,,,,,,,,,,,,,,,9.3,15.4,16.14,13.97,6,3.87,8,0.8,0.5,0.8,7.54,13.81,14.18,11.36,6,4.37,8,0.8,0.5,0.8,-7.55,-6.02,-1.12,-4.43,6,7.18,8,0.8,0.5,0.8,1002.32,1003.55,1018.43,1007.41,8,8.33,14,0.8,0.7,0.8,,,,,,,,,,,,,,,,,,,,,,,,,,,,,,,,,,,,,,,,,,,,,,,,,,,,,,,,,,,,,,,,,,,,,,,,,,,,,,,,,,,,,,,,,,,,,,,,,,,,,,,,,,,,,,,,,,,,,,,,,,,,,,,,,,,,,,,,,,,,,,,,,,,,,,
1895,12,340.0,-36.0,,,,,,,,,,,,,,,,,,,,,,,,,,,,,,,,,,,,,,,,1.94,4.6,11.82,6.16,11,5.17,18,0.3,0.6,0.7,-0.29,1.84,11.39,4.38,11,5.99,18,0.3,0.6,0.7,-1.5,0.71,4.27,0.69,11,3.31,18,0.3,0.6,0.7,1020.99,1022.7,1025.86,1023.03,9,2.45,16,0.3,0.6,0.7,,,,,,,,,,,,,,,,,,,,,,,,,,,,,,,,,,,,,,,,,,,,,,,,,,,,,,,,,,,,,,,,,,,,,,,,,,,,,,,,,,,,,,,,,,,,,,,,,,,,,,,,,,,,,,,,,,,,,,,,,,,,,,,,,,,,,,,,,,,,,,,,,,,,,,
1895,12,340.0,-34.0,,,,,,,,,,,,,,,,,,,,,,,,,,,,,,,,,,,,,,,,6.7,6.7,9.3,7.41,8,1.72,16,0.4,0.8,0.9,-4.49,-0.9,0.0,-1.57,8,2.85,16,0.4,0.8,0.9,-6.01,0.81,9.3,1.55,8,7.21,16,0.4,0.8,0.9,1012.85,1014.6,1016.4,1014.63,4,2.05,10,0.3,0.8,0.8,,,,,,,,,,,,,,,,,,,,,,,,,,,,,,,,,,,,,,,,,,,,,,,,,,,,,,,,,,,,,,,,,,,,,,,,,,,,,,,,,,,,,,,,,,,,,,,,,,,,,,,,,,,,,,,,,,,,,,,,,,,,,,,,,,,,,,,,,,,,,,,,,,,,,,
1895,12,340.0,-32.0,,,,,,,,,,,,,,,,,,,,,,,,,,,,,,,,,,,,,,,,6.7,6.7,6.7,6.7,1,0.0,10,1.0,0.5,0.5,-6.17,-6.17,-6.17,-6.17,1,0.0,10,1.0,0.5,0.5,-2.62,-2.62,-2.62,-2.62,1,0.0,10,1.0,0.5,0.5,1019.7,1019.7,1019.7,1019.7,1,0.0,10,1.0,0.5,0.5,,,,,,,,,,,,,,,,,,,,,,,,,,,,,,,,,,,,,,,,,,,,,,,,,,,,,,,,,,,,,,,,,,,,,,,,,,,,,,,,,,,,,,,,,,,,,,,,,,,,,,,,,,,,,,,,,,,,,,,,,,,,,,,,,,,,,,,,,,,,,,,,,,,,,,
1895,12,340.0,-28.0,,,,,,,,,,,,,,,,,,,,,,,,,,,,,,,,,,,,,,,,6.7,9.3,9.3,7.91,9,1.77,6,0.4,0.8,0.7,0.71,3.63,3.63,2.79,9,1.68,6,0.4,0.8,0.7,-8.56,-8.56,-5.12,-7.16,9,2.08,6,0.4,0.8,0.7,1013.54,1014.2,1015.47,1014.43,10,1.03,6,0.4,0.8,0.7,,,,,,,,,,,,,,,,,,,,,,,,,,,,,,,,,,,,,,,,,,,,,,,,,,,,,,,,,,,,,,,,,,,,,,,,,,,,,,,,,,,,,,,,,,,,,,,,,,,,,,,,,,,,,,,,,,,,,,,,,,,,,,,,,,,,,,,,,,,,,,,,,,,,,,
1895,12,340.0,-26.0,,,,,,,,,,,,,,,,,,,,,,,,,,,,,,,,,,,,,,,,1.0,1.0,3.49,1.98,36,1.78,2,0.5,0.7,0.8,-0.63,0.92,2.41,0.8,36,1.56,2,0.5,0.7,0.8,-1.0,0.0,1.02,-0.49,36,1.96,2,0.5,0.7,0.8,1016.48,1017.9,1019.2,1017.82,31,1.44,2,0.5,0.7,0.8,,,,,,,,,,,,,,,,,,,,,,,,,,,,,,,,,,,,,,,,,,,,,,,,,,,,,,,,,,,,,,,,,,,,,,,,,,,,,,,,,,,,,,,,,,,,,,,,,,,,,,,,,,,,,,,,,,,,,,,,,,,,,,,,,,,,,,,,,,,,,,,,,,,,,,
1895,12,340.0,-24.0,,,,,,,,,,,,,,,,,,,,,,,,,,,,,,,,,,,,,,,,3.46,5.65,6.7,5.25,10,1.69,10,0.4,0.6,0.6,-2.65,0.0,0.0,-0.98,10,1.72,10,0.4,0.6,0.6,-6.7,-4.67,-2.88,-4.84,10,1.84,10,0.4,0.6,0.6,1014.7,1016.5,1019.21,1016.69,10,2.33,10,0.4,0.6,0.6,,,,,,,,,,,,,,,,,,,,,,,,,,,,,,,,,,,,,,,,,,,,,,,,,,,,,,,,,,,,,,,,,,,,,,,,,,,,,,,,,,,,,,,,,,,,,,,,,,,,,,,,,,,,,,,,,,,,,,,,,,,,,,,,,,,,,,,,,,,,,,,,,,,,,,
1895,12,340.0,22.0,,,,,,,,,,,,,,,,,,,,,,,,,,,,,,,,,,,,,,,,3.87,4.6,9.3,6.08,5,3.05,16,0.6,0.4,0.6,-8.56,-4.52,-3.21,-5.52,5,2.9,16,0.6,0.4,0.6,-3.63,-2.57,-0.6,-2.08,5,1.88,16,0.6,0.4,0.6,1018.96,1019.3,1019.64,1019.3,2,0.71,6,0.5,0.5,0.3,,,,,,,,,,,,,,,,,,,,,,,,,,,,,,,,,,,,,,,,,,,,,,,,,,,,,,,,,,,,,,,,,,,,,,,,,,,,,,,,,,,,,,,,,,,,,,,,,,,,,,,,,,,,,,,,,,,,,,,,,,,,,,,,,,,,,,,,,,,,,,,,,,,,,,
1895,12,340.0,24.0,,,,,,,,,,,,,,,,,,,,,,,,,,,,,,,,,,,,,,,,2.6,4.6,6.7,4.59,15,2.36,12,0.3,0.6,0.4,-6.17,-4.52,-1.12,-3.79,15,2.63,12,0.3,0.6,0.4,-3.11,-1.8,0.56,-1.67,15,1.71,12,0.3,0.6,0.4,1018.13,1019.65,1021.23,1019.61,10,1.38,4,0.4,0.5,0.4,,,,,,,,,,,,,,,,,,,,,,,,,,,,,,,,,,,,,,,,,,,,,,,,,,,,,,,,,,,,,,,,,,,,,,,,,,,,,,,,,,,,,,,,,,,,,,,,,,,,,,,,,,,,,,,,,,,,,,,,,,,,,,,,,,,,,,,,,,,,,,,,,,,,,,
1895,12,340.0,26.0,,,,,,,,,,,,,,,,,,,,,,,,,,,,,,,,,,,,,,,,1.0,2.6,4.6,2.84,17,1.5,4,0.5,0.6,0.2,-0.37,2.39,4.23,1.67,17,2.25,4,0.5,0.6,0.2,-1.35,0.0,1.8,0.04,17,1.66,4,0.5,0.6,0.2,1017.36,1018.2,1020.49,1018.81,17,1.7,4,0.5,0.6,0.2,,,,,,,,,,,,,,,,,,,,,,,,,,,,,,,,,,,,,,,,,,,,,,,,,,,,,,,,,,,,,,,,,,,,,,,,,,,,,,,,,,,,,,,,,,,,,,,,,,,,,,,,,,,,,,,,,,,,,,,,,,,,,,,,,,,,,,,,,,,,,,,,,,,,,,
1895,12,340.0,28.0,,,,,,,,,,,,,,,,,,,,,,,,,,,,,,,,,,,,,,,,4.6,4.6,6.7,5.3,6,1.08,2,0.5,0.7,0.3,2.94,3.93,4.74,3.72,6,1.21,2,0.5,0.7,0.3,2.58,3.76,4.74,3.37,6,1.78,2,0.5,0.7,0.3,1015.5,1016.45,1017.12,1016.42,6,0.83,2,0.5,0.7,0.3,,,,,,,,,,,,,,,,,,,,,,,,,,,,,,,,,,,,,,,,,,,,,,,,,,,,,,,,,,,,,,,,,,,,,,,,,,,,,,,,,,,,,,,,,,,,,,,,,,,,,,,,,,,,,,,,,,,,,,,,,,,,,,,,,,,,,,,,,,,,,,,,,,,,,,
1895,12,340.0,30.0,,,,,,,,,,,,,,,,,,,,,,,,,,,,,,,,,,,,,,,,4.6,9.3,12.3,8.54,9,3.86,6,0.3,0.4,0.4,-12.3,-9.3,-4.52,-8.33,9,3.9,6,0.3,0.4,0.4,-0.88,0.0,0.0,-0.07,9,1.94,6,0.3,0.4,0.4,1021.06,1021.6,1021.9,1021.5,5,0.43,6,0.4,0.5,0.2,,,,,,,,,,,,,,,,,,,,,,,,,,,,,,,,,,,,,,,,,,,,,,,,,,,,,,,,,,,,,,,,,,,,,,,,,,,,,,,,,,,,,,,,,,,,,,,,,,,,,,,,,,,,,,,,,,,,,,,,,,,,,,,,,,,,,,,,,,,,,,,,,,,,,,
1895,12,340.0,32.0,,,,,,,,,,,,,,,,,,,,,,,,,,,,,,,,,,,,,,,,1.0,2.6,7.98,3.55,42,3.19,2,0.5,0.6,0.4,-4.69,-0.5,1.27,-1.15,42,4.0,2,0.5,0.6,0.4,-1.13,0.0,2.47,0.23,42,2.39,2,0.5,0.6,0.4,1022.53,1022.85,1023.96,1023.07,6,0.85,4,0.5,1.0,0.3,,,,,,,,,,,,,,,,,,,,,,,,,,,,,,,,,,,,,,,,,,,,,,,,,,,,,,,,,,,,,,,,,,,,,,,,,,,,,,,,,,,,,,,,,,,,,,,,,,,,,,,,,,,,,,,,,,,,,,,,,,,,,,,,,,,,,,,,,,,,,,,,,,,,,,
1895,12,340.0,34.0,,,,,,,,,,,,,,,,,,,,,,,,,,,,,,,,,,,,,,,,1.0,4.6,8.72,4.53,15,3.29,14,0.4,0.6,0.3,-2.62,0.93,5.37,0.85,15,4.41,14,0.4,0.6,0.3,-3.09,0.0,3.85,0.18,15,3.54,14,0.4,0.6,0.3,1023.1,1023.1,1023.1,1023.1,1,0.0,4,1.0,1.0,0.0,,,,,,,,,,,,,,,,,,,,,,,,,,,,,,,,,,,,,,,,,,,,,,,,,,,,,,,,,,,,,,,,,,,,,,,,,,,,,,,,,,,,,,,,,,,,,,,,,,,,,,,,,,,,,,,,,,,,,,,,,,,,,,,,,,,,,,,,,,,,,,,,,,,,,,
1895,12,340.0,38.0,,,,,,,,,,,,,,,,,,,,,,,,,,,,,,,,,,,,,,,,7.04,11.05,12.3,10.4,8,3.46,24,0.4,0.4,0.7,-2.89,3.22,8.16,1.69,8,6.48,24,0.4,0.4,0.7,6.45,8.86,10.68,8.51,8,2.77,24,0.4,0.4,0.7,1008.19,1012.05,1015.91,1012.05,2,7.99,14,0.5,0.3,0.5,,,,,,,,,,,,,,,,,,,,,,,,,,,,,,,,,,,,,,,,,,,,,,,,,,,,,,,,,,,,,,,,,,,,,,,,,,,,,,,,,,,,,,,,,,,,,,,,,,,,,,,,,,,,,,,,,,,,,,,,,,,,,,,,,,,,,,,,,,,,,,,,,,,,,,
1895,12,340.0,40.0,,,,,,,,,,,,,,,,,,,,,,,,,,,,,,,,,,,,,,,,6.7,9.3,15.4,10.26,22,4.75,24,0.5,0.7,0.3,-5.72,0.0,3.48,-0.84,22,4.79,24,0.5,0.7,0.3,1.76,8.62,15.4,7.9,22,6.62,24,0.5,0.7,0.3,1010.27,1013.1,1022.65,1015.93,9,8.41,24,0.3,0.6,0.4,,,,,,,,,,,,,,,,,,,,,,,,,,,,,,,,,,,,,,,,,,,,,,,,,,,,,,,,,,,,,,,,,,,,,,,,,,,,,,,,,,,,,,,,,,,,,,,,,,,,,,,,,,,,,,,,,,,,,,,,,,,,,,,,,,,,,,,,,,,,,,,,,,,,,,
1895,12,340.0,42.0,,,,,,,,,,,,,,,,,,,,,,,,,,,,,,,,,,,,,,,,5.17,12.3,14.56,9.81,9,4.74,18,0.4,0.6,0.5,-6.02,-4.61,-0.5,-3.78,9,2.51,18,0.4,0.6,0.5,-4.04,11.4,13.67,5.53,9,8.6,18,0.4,0.6,0.5,1010.09,1022.5,1030.81,1019.99,7,10.35,16,0.4,0.6,0.5,,,,,,,,,,,,,,,,,,,,,,,,,,,,,,,,,,,,,,,,,,,,,,,,,,,,,,,,,,,,,,,,,,,,,,,,,,,,,,,,,,,,,,,,,,,,,,,,,,,,,,,,,,,,,,,,,,,,,,,,,,,,,,,,,,,,,,,,,,,,,,,,,,,,,,
1895,12,340.0,44.0,,,,,,,,,,,,,,,,,,,,,,,,,,,,,,,,,,,,,,,,2.6,6.7,12.3,7.69,26,5.11,20,0.3,0.8,0.3,-0.12,0.0,4.86,0.97,26,3.76,20,0.3,0.8,0.3,-4.65,0.0,12.3,2.65,26,8.08,20,0.3,0.8,0.3,1006.0,1008.0,1020.98,1010.6,20,7.41,22,0.4,0.8,0.3,,,,,,,,,,,,,,,,,,,,,,,,,,,,,,,,,,,,,,,,,,,,,,,,,,,,,,,,,,,,,,,,,,,,,,,,,,,,,,,,,,,,,,,,,,,,,,,,,,,,,,,,,,,,,,,,,,,,,,,,,,,,,,,,,,,,,,,,,,,,,,,,,,,,,,
1895,12,340.0,46.0,,,,,,,,,,,,,,,,,,,,,,,,,,,,,,,,,,,,,,,,4.6,6.7,12.3,8.04,58,3.87,20,0.3,0.8,0.3,1.01,4.23,8.69,4.58,58,3.51,20,0.3,0.8,0.3,-6.69,0.0,6.58,-0.36,58,6.86,20,0.3,0.8,0.3,976.41,1004.0,1018.0,999.48,54,18.2,20,0.3,0.8,0.3,,,,,,,,,,,,,,,,,,,,,,,,,,,,,,,,,,,,,,,,,,,,,,,,,,,,,,,,,,,,,,,,,,,,,,,,,,,,,,,,,,,,,,,,,,,,,,,,,,,,,,,,,,,,,,,,,,,,,,,,,,,,,,,,,,,,,,,,,,,,,,,,,,,,,,
1895,12,340.0,48.0,,,,,,,,,,,,,,,,,,,,,,,,,,,,,,,,,,,,,,,,6.7,12.35,26.8,15.4,22,8.54,14,0.3,0.6,0.4,5.21,8.79,24.85,12.98,22,8.95,14,0.3,0.6,0.4,-10.43,-4.74,6.58,-2.89,22,7.47,14,0.3,0.6,0.4,1009.22,1013.0,1022.76,1014.85,15,7.58,14,0.3,0.6,0.3,,,,,,,,,,,,,,,,,,,,,,,,,,,,,,,,,,,,,,,,,,,,,,,,,,,,,,,,,,,,,,,,,,,,,,,,,,,,,,,,,,,,,,,,,,,,,,,,,,,,,,,,,,,,,,,,,,,,,,,,,,,,,,,,,,,,,,,,,,,,,,,,,,,,,,
1895,12,340.0,50.0,,,,,,,,,,,,,,,,,,,,,,,,,,,,,,,,,,,,,,,,6.7,9.3,18.37,11.3,21,4.42,10,0.4,0.5,0.3,0.0,6.58,11.65,5.79,21,6.42,10,0.4,0.5,0.3,-7.42,0.0,7.86,-0.37,21,8.77,10,0.4,0.5,0.3,1005.84,1014.2,1022.6,1013.14,16,11.81,12,0.4,0.5,0.3,,,,,,,,,,,,,,,,,,,,,,,,,,,,,,,,,,,,,,,,,,,,,,,,,,,,,,,,,,,,,,,,,,,,,,,,,,,,,,,,,,,,,,,,,,,,,,,,,,,,,,,,,,,,,,,,,,,,,,,,,,,,,,,,,,,,,,,,,,,,,,,,,,,,,,
1895,12,342.0,-40.0,,,,,,,,,,,,,,,,,,,,,,,,,,,,,,,,,,,,,,,,3.87,4.6,6.7,5.04,5,1.72,16,0.8,0.6,0.4,2.33,2.62,4.39,3.19,5,1.19,16,0.8,0.6,0.4,1.09,1.84,6.17,3.18,5,2.82,16,0.8,0.6,0.4,1017.41,1020.1,1020.3,1019.0,5,1.82,16,0.8,0.6,0.4,,,,,,,,,,,,,,,,,,,,,,,,,,,,,,,,,,,,,,,,,,,,,,,,,,,,,,,,,,,,,,,,,,,,,,,,,,,,,,,,,,,,,,,,,,,,,,,,,,,,,,,,,,,,,,,,,,,,,,,,,,,,,,,,,,,,,,,,,,,,,,,,,,,,,,
1895,12,342.0,-38.0,,,,,,,,,,,,,,,,,,,,,,,,,,,,,,,,,,,,,,,,9.05,12.3,15.4,11.58,13,4.02,16,0.5,0.6,0.8,0.0,3.63,11.42,5.93,13,5.56,16,0.5,0.6,0.8,-2.73,8.56,14.39,6.12,13,7.2,16,0.5,0.6,0.8,1005.75,1009.2,1025.63,1013.46,14,9.21,16,0.5,0.6,0.8,,,,,,,,,,,,,,,,,,,,,,,,,,,,,,,,,,,,,,,,,,,,,,,,,,,,,,,,,,,,,,,,,,,,,,,,,,,,,,,,,,,,,,,,,,,,,,,,,,,,,,,,,,,,,,,,,,,,,,,,,,,,,,,,,,,,,,,,,,,,,,,,,,,,,,
1895,12,342.0,-36.0,,,,,,,,,,,,,,,,,,,,,,,,,,,,,,,,,,,,,,,,2.6,2.6,5.8,4.08,10,2.3,14,0.5,0.7,0.6,0.97,2.5,5.52,2.96,10,2.34,14,0.5,0.7,0.6,-2.17,0.51,2.41,0.0,10,2.94,14,0.5,0.7,0.6,1009.5,1013.1,1018.1,1013.82,10,4.37,14,0.5,0.7,0.6,,,,,,,,,,,,,,,,,,,,,,,,,,,,,,,,,,,,,,,,,,,,,,,,,,,,,,,,,,,,,,,,,,,,,,,,,,,,,,,,,,,,,,,,,,,,,,,,,,,,,,,,,,,,,,,,,,,,,,,,,,,,,,,,,,,,,,,,,,,,,,,,,,,,,,
1895,12,342.0,-34.0,,,,,,,,,,,,,,,,,,,,,,,,,,,,,,,,,,,,,,,,2.6,2.6,5.37,3.82,5,1.83,22,0.4,0.7,0.9,-2.2,-1.02,0.31,-0.94,5,2.44,22,0.4,0.7,0.9,-1.16,2.39,2.39,0.55,5,3.76,22,0.4,0.7,0.9,1011.6,1011.6,1011.6,1011.6,1,0.0,12,1.0,0.5,0.5,,,,,,,,,,,,,,,,,,,,,,,,,,,,,,,,,,,,,,,,,,,,,,,,,,,,,,,,,,,,,,,,,,,,,,,,,,,,,,,,,,,,,,,,,,,,,,,,,,,,,,,,,,,,,,,,,,,,,,,,,,,,,,,,,,,,,,,,,,,,,,,,,,,,,,
1895,12,342.0,-28.0,,,,,,,,,,,,,,,,,,,,,,,,,,,,,,,,,,,,,,,,4.6,4.6,6.7,5.44,5,1.15,6,0.4,0.5,1.0,0.0,0.0,2.1,0.88,5,1.24,6,0.4,0.5,1.0,-6.36,-4.6,-4.47,-5.26,5,1.1,6,0.4,0.5,1.0,1014.57,1016.05,1016.67,1015.74,8,0.94,6,0.6,0.5,1.0,,,,,,,,,,,,,,,,,,,,,,,,,,,,,,,,,,,,,,,,,,,,,,,,,,,,,,,,,,,,,,,,,,,,,,,,,,,,,,,,,,,,,,,,,,,,,,,,,,,,,,,,,,,,,,,,,,,,,,,,,,,,,,,,,,,,,,,,,,,,,,,,,,,,,,
1895,12,342.0,-26.0,,,,,,,,,,,,,,,,,,,,,,,,,,,,,,,,,,,,,,,,2.6,4.6,6.7,4.73,15,2.29,10,0.5,0.9,0.6,-2.34,0.0,1.8,-0.43,15,2.34,10,0.5,0.9,0.6,-6.21,-4.27,-2.44,-4.31,15,1.9,10,0.5,0.9,0.6,1016.61,1017.55,1019.36,1017.82,18,1.24,10,0.5,0.8,0.7,,,,,,,,,,,,,,,,,,,,,,,,,,,,,,,,,,,,,,,,,,,,,,,,,,,,,,,,,,,,,,,,,,,,,,,,,,,,,,,,,,,,,,,,,,,,,,,,,,,,,,,,,,,,,,,,,,,,,,,,,,,,,,,,,,,,,,,,,,,,,,,,,,,,,,
1895,12,342.0,34.0,,,,,,,,,,,,,,,,,,,,,,,,,,,,,,,,,,,,,,,,6.7,6.7,8.6,7.04,9,1.45,12,0.7,0.6,0.4,-6.7,-6.21,0.0,-3.86,9,3.68,12,0.7,0.6,0.4,0.0,1.72,8.47,3.23,9,3.99,12,0.7,0.6,0.4,1015.93,1016.2,1019.16,1017.0,6,1.82,4,0.5,0.5,0.3,,,,,,,,,,,,,,,,,,,,,,,,,,,,,,,,,,,,,,,,,,,,,,,,,,,,,,,,,,,,,,,,,,,,,,,,,,,,,,,,,,,,,,,,,,,,,,,,,,,,,,,,,,,,,,,,,,,,,,,,,,,,,,,,,,,,,,,,,,,,,,,,,,,,,,
1895,12,342.0,36.0,,,,,,,,,,,,,,,,,,,,,,,,,,,,,,,,,,,,,,,,3.14,4.6,8.6,5.67,9,2.52,6,0.3,0.8,0.2,-6.2,-4.23,-2.39,-4.27,9,2.53,6,0.3,0.8,0.2,-2.4,-1.02,2.3,0.18,9,3.94,6,0.3,0.8,0.2,1012.7,1015.0,1015.3,1014.2,8,1.49,2,0.4,0.8,0.3,,,,,,,,,,,,,,,,,,,,,,,,,,,,,,,,,,,,,,,,,,,,,,,,,,,,,,,,,,,,,,,,,,,,,,,,,,,,,,,,,,,,,,,,,,,,,,,,,,,,,,,,,,,,,,,,,,,,,,,,,,,,,,,,,,,,,,,,,,,,,,,,,,,,,,
1895,12,342.0,38.0,,,,,,,,,,,,,,,,,,,,,,,,,,,,,,,,,,,,,,,,9.8,11.05,12.3,11.05,4,1.44,18,0.5,0.6,0.4,-2.63,6.93,7.86,2.81,4,9.46,18,0.5,0.6,0.4,0.78,6.93,7.86,4.44,4,6.22,18,0.5,0.6,0.4,1009.4,1009.4,1009.4,1009.4,1,0.0,2,0.0,1.0,0.0,,,,,,,,,,,,,,,,,,,,,,,,,,,,,,,,,,,,,,,,,,,,,,,,,,,,,,,,,,,,,,,,,,,,,,,,,,,,,,,,,,,,,,,,,,,,,,,,,,,,,,,,,,,,,,,,,,,,,,,,,,,,,,,,,,,,,,,,,,,,,,,,,,,,,,
1895,12,342.0,40.0,,,,,,,,,,,,,,,,,,,,,,,,,,,,,,,,,,,,,,,,4.6,6.7,12.3,8.42,13,3.4,24,0.4,0.5,0.6,-1.94,4.74,9.14,3.7,13,5.72,24,0.4,0.5,0.6,-2.68,3.67,6.78,3.54,13,5.24,24,0.4,0.5,0.6,1008.99,1011.1,1013.1,1011.04,5,2.08,26,0.6,0.5,0.6,,,,,,,,,,,,,,,,,,,,,,,,,,,,,,,,,,,,,,,,,,,,,,,,,,,,,,,,,,,,,,,,,,,,,,,,,,,,,,,,,,,,,,,,,,,,,,,,,,,,,,,,,,,,,,,,,,,,,,,,,,,,,,,,,,,,,,,,,,,,,,,,,,,,,,
1895,12,342.0,42.0,,,,,,,,,,,,,,,,,,,,,,,,,,,,,,,,,,,,,,,,4.6,4.6,12.3,7.45,22,5.4,24,0.6,0.8,0.2,0.0,3.25,4.61,3.1,22,3.97,24,0.6,0.8,0.2,-2.39,4.27,11.4,4.71,22,6.18,24,0.6,0.8,0.2,1014.59,1016.0,1025.31,1017.9,11,8.04,20,0.6,0.8,0.3,,,,,,,,,,,,,,,,,,,,,,,,,,,,,,,,,,,,,,,,,,,,,,,,,,,,,,,,,,,,,,,,,,,,,,,,,,,,,,,,,,,,,,,,,,,,,,,,,,,,,,,,,,,,,,,,,,,,,,,,,,,,,,,,,,,,,,,,,,,,,,,,,,,,,,
1895,12,342.0,44.0,,,,,,,,,,,,,,,,,,,,,,,,,,,,,,,,,,,,,,,,2.6,9.3,16.09,9.35,25,6.22,28,0.5,0.7,0.3,0.0,0.39,4.63,1.56,25,3.01,28,0.5,0.7,0.3,1.49,8.56,15.82,8.5,25,6.54,28,0.5,0.7,0.3,1002.43,1010.4,1016.43,1009.83,19,7.02,26,0.5,0.6,0.4,,,,,,,,,,,,,,,,,,,,,,,,,,,,,,,,,,,,,,,,,,,,,,,,,,,,,,,,,,,,,,,,,,,,,,,,,,,,,,,,,,,,,,,,,,,,,,,,,,,,,,,,,,,,,,,,,,,,,,,,,,,,,,,,,,,,,,,,,,,,,,,,,,,,,,
1895,12,342.0,46.0,,,,,,,,,,,,,,,,,,,,,,,,,,,,,,,,,,,,,,,,4.6,6.7,15.4,8.71,66,5.7,20,0.5,0.7,0.4,0.0,2.62,6.46,3.35,66,5.3,20,0.5,0.7,0.4,-6.17,0.96,8.71,0.84,66,8.32,20,0.5,0.7,0.4,982.52,1010.0,1017.0,1002.46,61,16.71,20,0.5,0.7,0.4,,,,,,,,,,,,,,,,,,,,,,,,,,,,,,,,,,,,,,,,,,,,,,,,,,,,,,,,,,,,,,,,,,,,,,,,,,,,,,,,,,,,,,,,,,,,,,,,,,,,,,,,,,,,,,,,,,,,,,,,,,,,,,,,,,,,,,,,,,,,,,,,,,,,,,
1895,12,342.0,48.0,,,,,,,,,,,,,,,,,,,,,,,,,,,,,,,,,,,,,,,,6.7,9.3,19.0,11.8,33,6.65,16,0.2,0.7,0.2,4.61,7.42,11.86,8.15,33,4.71,16,0.2,0.7,0.2,-17.17,0.0,6.35,-2.95,33,9.39,16,0.2,0.7,0.2,994.47,1006.0,1018.02,1006.64,23,10.59,16,0.3,0.8,0.1,,,,,,,,,,,,,,,,,,,,,,,,,,,,,,,,,,,,,,,,,,,,,,,,,,,,,,,,,,,,,,,,,,,,,,,,,,,,,,,,,,,,,,,,,,,,,,,,,,,,,,,,,,,,,,,,,,,,,,,,,,,,,,,,,,,,,,,,,,,,,,,,,,,,,,
1895,12,342.0,50.0,,,,,,,,,,,,,,,,,,,,,,,,,,,,,,,,,,,,,,,,3.27,9.55,15.4,10.94,22,6.67,12,0.2,0.5,0.3,2.4,6.46,15.03,8.02,22,7.34,12,0.2,0.5,0.3,-7.33,0.0,5.77,-0.11,22,6.96,12,0.2,0.5,0.3,1002.4,1008.7,1023.31,1009.41,18,13.59,12,0.2,0.5,0.3,,,,,,,,,,,,,,,,,,,,,,,,,,,,,,,,,,,,,,,,,,,,,,,,,,,,,,,,,,,,,,,,,,,,,,,,,,,,,,,,,,,,,,,,,,,,,,,,,,,,,,,,,,,,,,,,,,,,,,,,,,,,,,,,,,,,,,,,,,,,,,,,,,,,,,
1895,12,344.0,-40.0,,,,,,,,,,,,,,,,,,,,,,,,,,,,,,,,,,,,,,,,6.85,9.3,11.53,9.18,5,4.53,18,0.4,0.6,0.4,-1.27,1.84,4.41,1.55,5,3.53,18,0.4,0.6,0.4,6.11,8.62,11.12,8.52,5,4.43,18,0.4,0.6,0.4,1018.75,1023.0,1024.71,1021.68,5,4.06,18,0.4,0.6,0.4,,,,,,,,,,,,,,,,,,,,,,,,,,,,,,,,,,,,,,,,,,,,,,,,,,,,,,,,,,,,,,,,,,,,,,,,,,,,,,,,,,,,,,,,,,,,,,,,,,,,,,,,,,,,,,,,,,,,,,,,,,,,,,,,,,,,,,,,,,,,,,,,,,,,,,
1895,12,344.0,-38.0,,,,,,,,,,,,,,,,,,,,,,,,,,,,,,,,,,,,,,,,4.6,9.3,15.4,9.64,19,4.34,16,0.3,0.7,0.8,4.41,8.62,12.3,8.14,19,4.17,16,0.3,0.7,0.8,-2.65,0.0,4.89,1.73,19,5.14,16,0.3,0.7,0.8,1002.07,1012.7,1019.43,1012.1,19,7.88,16,0.3,0.7,0.8,,,,,,,,,,,,,,,,,,,,,,,,,,,,,,,,,,,,,,,,,,,,,,,,,,,,,,,,,,,,,,,,,,,,,,,,,,,,,,,,,,,,,,,,,,,,,,,,,,,,,,,,,,,,,,,,,,,,,,,,,,,,,,,,,,,,,,,,,,,,,,,,,,,,,,
1895,12,344.0,-36.0,,,,,,,,,,,,,,,,,,,,,,,,,,,,,,,,,,,,,,,,2.27,3.6,10.56,5.92,6,5.46,10,0.3,0.7,0.6,0.0,0.0,7.47,2.91,6,4.71,10,0.3,0.7,0.6,-7.47,-1.8,2.6,-2.64,6,5.58,10,0.3,0.7,0.6,1012.97,1014.9,1015.28,1014.2,5,1.56,8,0.4,0.6,0.5,,,,,,,,,,,,,,,,,,,,,,,,,,,,,,,,,,,,,,,,,,,,,,,,,,,,,,,,,,,,,,,,,,,,,,,,,,,,,,,,,,,,,,,,,,,,,,,,,,,,,,,,,,,,,,,,,,,,,,,,,,,,,,,,,,,,,,,,,,,,,,,,,,,,,,
1895,12,344.0,32.0,,,,,,,,,,,,,,,,,,,,,,,,,,,,,,,,,,,,,,,,2.48,2.6,4.82,3.47,7,2.9,14,0.3,0.7,0.5,-2.69,-2.55,1.14,-1.09,7,2.78,14,0.3,0.7,0.5,-0.51,0.0,2.69,1.37,7,3.34,14,0.3,0.7,0.5,1010.5,1010.5,1010.5,1010.5,1,0.0,2,0.0,0.8,0.8,,,,,,,,,,,,,,,,,,,,,,,,,,,,,,,,,,,,,,,,,,,,,,,,,,,,,,,,,,,,,,,,,,,,,,,,,,,,,,,,,,,,,,,,,,,,,,,,,,,,,,,,,,,,,,,,,,,,,,,,,,,,,,,,,,,,,,,,,,,,,,,,,,,,,,
1895,12,344.0,38.0,,,,,,,,,,,,,,,,,,,,,,,,,,,,,,,,,,,,,,,,4.83,9.8,12.3,9.05,8,3.34,10,0.5,0.5,0.3,-11.4,-3.76,4.64,-3.27,8,7.72,10,0.5,0.5,0.3,1.89,4.61,6.69,3.76,8,4.1,10,0.5,0.5,0.3,1006.9,1007.3,1009.69,1008.08,5,1.66,2,0.6,0.5,0.3,,,,,,,,,,,,,,,,,,,,,,,,,,,,,,,,,,,,,,,,,,,,,,,,,,,,,,,,,,,,,,,,,,,,,,,,,,,,,,,,,,,,,,,,,,,,,,,,,,,,,,,,,,,,,,,,,,,,,,,,,,,,,,,,,,,,,,,,,,,,,,,,,,,,,,
1895,12,344.0,40.0,,,,,,,,,,,,,,,,,,,,,,,,,,,,,,,,,,,,,,,,3.04,6.7,9.8,7.07,15,3.18,30,0.7,0.5,0.6,0.0,2.51,3.27,2.36,15,3.87,30,0.7,0.5,0.6,2.41,6.21,8.09,5.59,15,3.04,30,0.7,0.5,0.6,1012.11,1016.0,1016.0,1014.63,8,1.92,30,0.5,0.5,0.5,,,,,,,,,,,,,,,,,,,,,,,,,,,,,,,,,,,,,,,,,,,,,,,,,,,,,,,,,,,,,,,,,,,,,,,,,,,,,,,,,,,,,,,,,,,,,,,,,,,,,,,,,,,,,,,,,,,,,,,,,,,,,,,,,,,,,,,,,,,,,,,,,,,,,,
1895,12,344.0,42.0,,,,,,,,,,,,,,,,,,,,,,,,,,,,,,,,,,,,,,,,4.6,12.3,22.49,12.29,39,7.53,26,0.5,0.6,0.4,0.0,3.48,18.7,7.03,39,8.38,26,0.5,0.6,0.4,4.23,8.47,11.4,7.76,39,5.4,26,0.5,0.6,0.4,1000.72,1014.4,1021.78,1013.27,15,9.79,26,0.5,0.7,0.5,,,,,,,,,,,,,,,,,,,,,,,,,,,,,,,,,,,,,,,,,,,,,,,,,,,,,,,,,,,,,,,,,,,,,,,,,,,,,,,,,,,,,,,,,,,,,,,,,,,,,,,,,,,,,,,,,,,,,,,,,,,,,,,,,,,,,,,,,,,,,,,,,,,,,,
1895,12,344.0,44.0,,,,,,,,,,,,,,,,,,,,,,,,,,,,,,,,,,,,,,,,6.7,12.3,17.18,12.42,42,5.66,24,0.4,0.7,0.4,0.0,4.71,12.15,5.99,42,5.37,24,0.4,0.7,0.4,5.99,11.32,14.18,9.46,42,5.72,24,0.4,0.7,0.4,1012.0,1015.5,1021.09,1016.28,28,5.08,26,0.5,0.6,0.4,,,,,,,,,,,,,,,,,,,,,,,,,,,,,,,,,,,,,,,,,,,,,,,,,,,,,,,,,,,,,,,,,,,,,,,,,,,,,,,,,,,,,,,,,,,,,,,,,,,,,,,,,,,,,,,,,,,,,,,,,,,,,,,,,,,,,,,,,,,,,,,,,,,,,,
1895,12,344.0,46.0,,,,,,,,,,,,,,,,,,,,,,,,,,,,,,,,,,,,,,,,6.7,9.8,19.0,12.03,74,6.49,24,0.5,0.7,0.4,-5.87,0.0,6.25,0.77,74,7.22,24,0.5,0.7,0.4,0.0,9.3,15.4,7.77,74,8.64,24,0.5,0.7,0.4,976.7,1010.0,1014.0,1000.78,41,16.12,24,0.5,0.7,0.3,,,,,,,,,,,,,,,,,,,,,,,,,,,,,,,,,,,,,,,,,,,,,,,,,,,,,,,,,,,,,,,,,,,,,,,,,,,,,,,,,,,,,,,,,,,,,,,,,,,,,,,,,,,,,,,,,,,,,,,,,,,,,,,,,,,,,,,,,,,,,,,,,,,,,,
1895,12,344.0,48.0,,,,,,,,,,,,,,,,,,,,,,,,,,,,,,,,,,,,,,,,3.23,6.7,11.51,7.64,66,5.77,18,0.4,0.7,0.2,0.0,3.44,6.7,3.41,66,4.74,18,0.4,0.7,0.2,-3.66,0.35,8.2,1.86,66,7.4,18,0.4,0.7,0.2,997.47,1011.0,1020.0,1007.1,49,15.86,18,0.4,0.7,0.2,,,,,,,,,,,,,,,,,,,,,,,,,,,,,,,,,,,,,,,,,,,,,,,,,,,,,,,,,,,,,,,,,,,,,,,,,,,,,,,,,,,,,,,,,,,,,,,,,,,,,,,,,,,,,,,,,,,,,,,,,,,,,,,,,,,,,,,,,,,,,,,,,,,,,,
1895,12,344.0,50.0,,,,,,,,,,,,,,,,,,,,,,,,,,,,,,,,,,,,,,,,2.6,6.7,10.83,7.43,23,4.25,10,0.1,0.5,0.3,-0.88,3.48,9.3,4.0,23,6.13,10,0.1,0.5,0.3,-1.38,0.0,6.18,1.08,23,4.51,10,0.1,0.5,0.3,1002.51,1017.65,1022.03,1012.53,18,13.08,10,0.2,0.5,0.3,,,,,,,,,,,,,,,,,,,,,,,,,,,,,,,,,,,,,,,,,,,,,,,,,,,,,,,,,,,,,,,,,,,,,,,,,,,,,,,,,,,,,,,,,,,,,,,,,,,,,,,,,,,,,,,,,,,,,,,,,,,,,,,,,,,,,,,,,,,,,,,,,,,,,,
1895,12,346.0,-42.0,,,,,,,,,,,,,,,,,,,,,,,,,,,,,,,,,,,,,,,,10.84,14.15,17.46,14.15,2,6.86,16,0.0,0.8,0.8,10.22,13.78,17.34,13.78,2,7.38,16,0.0,0.8,0.8,-3.06,-1.82,-0.58,-1.82,2,2.57,16,0.0,0.8,0.8,1013.42,1014.75,1016.08,1014.75,2,2.76,16,0.0,0.8,0.8,,,,,,,,,,,,,,,,,,,,,,,,,,,,,,,,,,,,,,,,,,,,,,,,,,,,,,,,,,,,,,,,,,,,,,,,,,,,,,,,,,,,,,,,,,,,,,,,,,,,,,,,,,,,,,,,,,,,,,,,,,,,,,,,,,,,,,,,,,,,,,,,,,,,,,
1895,12,346.0,-40.0,,,,,,,,,,,,,,,,,,,,,,,,,,,,,,,,,,,,,,,,5.93,9.3,15.4,10.28,5,4.96,20,0.8,0.6,0.7,5.59,8.56,10.89,8.22,5,2.81,20,0.8,0.6,0.7,-0.96,3.63,10.89,4.56,5,6.19,20,0.8,0.6,0.7,1009.59,1018.0,1021.62,1015.36,5,10.14,20,0.8,0.6,0.7,,,,,,,,,,,,,,,,,,,,,,,,,,,,,,,,,,,,,,,,,,,,,,,,,,,,,,,,,,,,,,,,,,,,,,,,,,,,,,,,,,,,,,,,,,,,,,,,,,,,,,,,,,,,,,,,,,,,,,,,,,,,,,,,,,,,,,,,,,,,,,,,,,,,,,
1895,12,346.0,-38.0,,,,,,,,,,,,,,,,,,,,,,,,,,,,,,,,,,,,,,,,2.6,8.0,15.4,8.85,24,6.35,14,0.7,0.7,0.8,0.12,6.39,15.4,7.11,24,6.63,14,0.7,0.7,0.8,-2.77,0.0,2.41,0.11,24,5.03,14,0.7,0.7,0.8,1008.7,1016.4,1025.3,1015.97,20,8.8,12,0.7,0.7,0.8,,,,,,,,,,,,,,,,,,,,,,,,,,,,,,,,,,,,,,,,,,,,,,,,,,,,,,,,,,,,,,,,,,,,,,,,,,,,,,,,,,,,,,,,,,,,,,,,,,,,,,,,,,,,,,,,,,,,,,,,,,,,,,,,,,,,,,,,,,,,,,,,,,,,,,
1895,12,346.0,32.0,,,,,,,,,,,,,,,,,,,,,,,,,,,,,,,,,,,,,,,,2.27,2.6,4.6,3.95,6,4.14,12,0.3,0.3,0.7,-1.29,-0.97,2.57,0.72,6,4.05,12,0.3,0.3,0.7,-1.27,1.21,3.71,1.69,6,3.92,12,0.3,0.3,0.7,1009.7,1009.7,1009.7,1009.7,1,0.0,2,0.0,0.3,0.8,,,,,,,,,,,,,,,,,,,,,,,,,,,,,,,,,,,,,,,,,,,,,,,,,,,,,,,,,,,,,,,,,,,,,,,,,,,,,,,,,,,,,,,,,,,,,,,,,,,,,,,,,,,,,,,,,,,,,,,,,,,,,,,,,,,,,,,,,,,,,,,,,,,,,,
1895,12,346.0,34.0,,,,,,,,,,,,,,,,,,,,,,,,,,,,,,,,,,,,,,,,1.69,4.6,12.3,6.1,10,5.23,14,0.9,0.4,0.4,-3.05,1.84,6.94,1.46,10,6.6,14,0.9,0.4,0.4,-0.61,0.0,5.76,2.03,10,4.26,14,0.9,0.4,0.4,1008.38,1009.4,1010.36,1009.37,3,1.45,2,1.0,0.6,0.3,,,,,,,,,,,,,,,,,,,,,,,,,,,,,,,,,,,,,,,,,,,,,,,,,,,,,,,,,,,,,,,,,,,,,,,,,,,,,,,,,,,,,,,,,,,,,,,,,,,,,,,,,,,,,,,,,,,,,,,,,,,,,,,,,,,,,,,,,,,,,,,,,,,,,,
1895,12,346.0,42.0,,,,,,,,,,,,,,,,,,,,,,,,,,,,,,,,,,,,,,,,9.73,9.8,15.4,11.42,19,3.68,26,0.6,0.5,0.5,0.0,0.0,4.98,2.5,19,3.23,26,0.6,0.5,0.5,8.96,9.8,12.57,10.24,19,4.84,26,0.6,0.5,0.5,1003.25,1024.0,1024.0,1013.87,3,17.55,28,0.7,0.4,0.4,,,,,,,,,,,,,,,,,,,,,,,,,,,,,,,,,,,,,,,,,,,,,,,,,,,,,,,,,,,,,,,,,,,,,,,,,,,,,,,,,,,,,,,,,,,,,,,,,,,,,,,,,,,,,,,,,,,,,,,,,,,,,,,,,,,,,,,,,,,,,,,,,,,,,,
1895,12,346.0,44.0,,,,,,,,,,,,,,,,,,,,,,,,,,,,,,,,,,,,,,,,6.7,12.3,19.0,13.18,88,6.72,24,0.5,0.6,0.4,0.0,6.93,13.44,6.7,88,5.47,24,0.5,0.6,0.4,4.79,10.89,16.27,10.33,88,6.14,24,0.5,0.6,0.4,980.83,1000.0,1017.75,1000.61,53,17.1,24,0.5,0.7,0.4,,,,,,,,,,,,,,,,,,,,,,,,,,,,,,,,,,,,,,,,,,,,,,,,,,,,,,,,,,,,,,,,,,,,,,,,,,,,,,,,,,,,,,,,,,,,,,,,,,,,,,,,,,,,,,,,,,,,,,,,,,,,,,,,,,,,,,,,,,,,,,,,,,,,,,
1895,12,346.0,46.0,,,,,,,,,,,,,,,,,,,,,,,,,,,,,,,,,,,,,,,,4.6,6.7,12.3,8.75,97,5.17,24,0.5,0.7,0.4,0.0,4.27,7.12,3.99,97,4.28,24,0.5,0.7,0.4,0.94,6.02,11.4,5.92,97,5.84,24,0.5,0.7,0.4,977.92,991.9,1014.0,994.29,78,15.83,24,0.5,0.7,0.4,,,,,,,,,,,,,,,,,,,,,,,,,,,,,,,,,,,,,,,,,,,,,,,,,,,,,,,,,,,,,,,,,,,,,,,,,,,,,,,,,,,,,,,,,,,,,,,,,,,,,,,,,,,,,,,,,,,,,,,,,,,,,,,,,,,,,,,,,,,,,,,,,,,,,,
1895,12,346.0,48.0,,,,,,,,,,,,,,,,,,,,,,,,,,,,,,,,,,,,,,,,2.6,6.7,15.4,9.46,114,7.25,20,0.3,0.6,0.3,-2.58,0.99,6.59,1.85,114,6.66,20,0.3,0.6,0.3,-1.84,4.25,11.46,5.26,114,8.19,20,0.3,0.6,0.3,984.31,1008.0,1018.0,1002.77,65,15.99,20,0.3,0.8,0.1,,,,,,,,,,,,,,,,,,,,,,,,,,,,,,,,,,,,,,,,,,,,,,,,,,,,,,,,,,,,,,,,,,,,,,,,,,,,,,,,,,,,,,,,,,,,,,,,,,,,,,,,,,,,,,,,,,,,,,,,,,,,,,,,,,,,,,,,,,,,,,,,,,,,,,
1895,12,346.0,50.0,,,,,,,,,,,,,,,,,,,,,,,,,,,,,,,,,,,,,,,,4.6,6.7,12.3,7.88,20,4.23,12,0.4,0.5,0.4,-6.18,1.8,10.14,1.59,20,7.69,12,0.4,0.5,0.4,-6.67,0.0,0.0,-1.25,20,4.45,12,0.4,0.5,0.4,1003.41,1015.3,1019.87,1013.06,14,11.08,12,0.4,0.5,0.3,,,,,,,,,,,,,,,,,,,,,,,,,,,,,,,,,,,,,,,,,,,,,,,,,,,,,,,,,,,,,,,,,,,,,,,,,,,,,,,,,,,,,,,,,,,,,,,,,,,,,,,,,,,,,,,,,,,,,,,,,,,,,,,,,,,,,,,,,,,,,,,,,,,,,,
1895,12,348.0,-42.0,,,,,,,,,,,,,,,,,,,,,,,,,,,,,,,,,,,,,,,,15.97,17.2,18.43,17.2,2,2.55,18,0.5,0.5,0.8,15.75,16.51,17.26,16.51,2,1.57,18,0.5,0.5,0.8,1.13,3.56,5.99,3.56,2,5.03,18,0.5,0.5,0.8,1006.89,1007.5,1008.11,1007.5,2,1.27,18,0.5,0.5,0.8,,,,,,,,,,,,,,,,,,,,,,,,,,,,,,,,,,,,,,,,,,,,,,,,,,,,,,,,,,,,,,,,,,,,,,,,,,,,,,,,,,,,,,,,,,,,,,,,,,,,,,,,,,,,,,,,,,,,,,,,,,,,,,,,,,,,,,,,,,,,,,,,,,,,,,
1895,12,348.0,-40.0,,,,,,,,,,,,,,,,,,,,,,,,,,,,,,,,,,,,,,,,9.98,15.4,15.4,13.49,8,5.14,20,0.3,0.7,0.8,4.05,10.89,10.89,8.73,8,4.4,20,0.3,0.7,0.8,6.3,10.89,10.89,9.75,8,4.38,20,0.3,0.7,0.8,996.69,1016.1,1018.58,1010.7,9,10.81,20,0.2,0.7,0.8,,,,,,,,,,,,,,,,,,,,,,,,,,,,,,,,,,,,,,,,,,,,,,,,,,,,,,,,,,,,,,,,,,,,,,,,,,,,,,,,,,,,,,,,,,,,,,,,,,,,,,,,,,,,,,,,,,,,,,,,,,,,,,,,,,,,,,,,,,,,,,,,,,,,,,
1895,12,348.0,-38.0,,,,,,,,,,,,,,,,,,,,,,,,,,,,,,,,,,,,,,,,4.6,5.65,15.4,8.91,20,6.02,12,0.5,0.7,0.7,-1.72,3.27,15.4,5.91,20,8.26,12,0.5,0.7,0.7,-4.23,0.0,3.48,0.46,20,3.83,12,0.5,0.7,0.7,1012.52,1018.95,1023.67,1017.59,16,7.3,10,0.6,0.7,0.6,,,,,,,,,,,,,,,,,,,,,,,,,,,,,,,,,,,,,,,,,,,,,,,,,,,,,,,,,,,,,,,,,,,,,,,,,,,,,,,,,,,,,,,,,,,,,,,,,,,,,,,,,,,,,,,,,,,,,,,,,,,,,,,,,,,,,,,,,,,,,,,,,,,,,,
1895,12,348.0,34.0,,,,,,,,,,,,,,,,,,,,,,,,,,,,,,,,,,,,,,,,3.14,6.7,11.49,7.2,9,4.86,8,0.3,0.5,0.6,-0.64,3.48,8.35,3.95,9,4.77,8,0.3,0.5,0.6,-7.18,0.0,3.3,-1.99,9,6.09,8,0.3,0.5,0.6,1010.38,1012.6,1019.71,1014.01,7,4.77,10,0.3,0.5,0.5,,,,,,,,,,,,,,,,,,,,,,,,,,,,,,,,,,,,,,,,,,,,,,,,,,,,,,,,,,,,,,,,,,,,,,,,,,,,,,,,,,,,,,,,,,,,,,,,,,,,,,,,,,,,,,,,,,,,,,,,,,,,,,,,,,,,,,,,,,,,,,,,,,,,,,
1895,12,348.0,42.0,,,,,,,,,,,,,,,,,,,,,,,,,,,,,,,,,,,,,,,,3.68,6.7,9.8,6.5,17,3.75,24,0.4,0.4,0.5,0.0,3.25,6.81,4.0,17,4.24,24,0.4,0.4,0.5,-3.51,3.25,4.74,1.32,17,4.7,24,0.4,0.4,0.5,1026.74,1027.7,1028.66,1027.7,2,1.98,12,0.0,0.8,0.3,,,,,,,,,,,,,,,,,,,,,,,,,,,,,,,,,,,,,,,,,,,,,,,,,,,,,,,,,,,,,,,,,,,,,,,,,,,,,,,,,,,,,,,,,,,,,,,,,,,,,,,,,,,,,,,,,,,,,,,,,,,,,,,,,,,,,,,,,,,,,,,,,,,,,,
1895,12,348.0,44.0,,,,,,,,,,,,,,,,,,,,,,,,,,,,,,,,,,,,,,,,9.3,12.3,15.4,11.29,23,4.16,26,0.6,0.5,0.4,4.21,6.58,8.7,6.36,23,2.79,26,0.6,0.5,0.4,5.57,8.62,12.81,7.76,23,6.12,26,0.6,0.5,0.4,989.51,1017.0,1018.14,1007.83,19,14.16,28,0.6,0.6,0.4,,,,,,,,,,,,,,,,,,,,,,,,,,,,,,,,,,,,,,,,,,,,,,,,,,,,,,,,,,,,,,,,,,,,,,,,,,,,,,,,,,,,,,,,,,,,,,,,,,,,,,,,,,,,,,,,,,,,,,,,,,,,,,,,,,,,,,,,,,,,,,,,,,,,,,
1895,12,348.0,46.0,,,,,,,,,,,,,,,,,,,,,,,,,,,,,,,,,,,,,,,,2.6,6.7,15.36,8.49,83,5.32,24,0.3,0.6,0.3,-2.4,2.62,5.77,2.0,83,5.03,24,0.3,0.6,0.3,0.01,4.74,12.29,5.68,83,6.27,24,0.3,0.6,0.3,988.82,1011.15,1017.05,1003.94,70,14.42,24,0.3,0.6,0.3,,,,,,,,,,,,,,,,,,,,,,,,,,,,,,,,,,,,,,,,,,,,,,,,,,,,,,,,,,,,,,,,,,,,,,,,,,,,,,,,,,,,,,,,,,,,,,,,,,,,,,,,,,,,,,,,,,,,,,,,,,,,,,,,,,,,,,,,,,,,,,,,,,,,,,
1895,12,348.0,48.0,,,,,,,,,,,,,,,,,,,,,,,,,,,,,,,,,,,,,,,,4.6,9.3,19.0,10.92,95,6.74,20,0.3,0.7,0.4,-6.97,0.0,6.95,-0.04,95,7.99,20,0.3,0.7,0.4,0.0,6.88,14.28,6.98,95,7.26,20,0.3,0.7,0.4,987.27,1004.15,1018.94,1002.9,68,14.83,20,0.3,0.7,0.3,,,,,,,,,,,,,,,,,,,,,,,,,,,,,,,,,,,,,,,,,,,,,,,,,,,,,,,,,,,,,,,,,,,,,,,,,,,,,,,,,,,,,,,,,,,,,,,,,,,,,,,,,,,,,,,,,,,,,,,,,,,,,,,,,,,,,,,,,,,,,,,,,,,,,,
1895,12,348.0,50.0,,,,,,,,,,,,,,,,,,,,,,,,,,,,,,,,,,,,,,,,6.7,8.0,12.3,8.13,20,3.98,14,0.4,0.5,0.4,-3.63,0.35,9.76,2.01,20,6.3,14,0.4,0.5,0.4,-8.54,0.0,0.7,-2.32,20,5.98,14,0.4,0.5,0.4,1001.52,1012.7,1017.95,1010.29,11,9.06,16,0.3,0.4,0.3,,,,,,,,,,,,,,,,,,,,,,,,,,,,,,,,,,,,,,,,,,,,,,,,,,,,,,,,,,,,,,,,,,,,,,,,,,,,,,,,,,,,,,,,,,,,,,,,,,,,,,,,,,,,,,,,,,,,,,,,,,,,,,,,,,,,,,,,,,,,,,,,,,,,,,
1895,12,350.0,-42.0,,,,,,,,,,,,,,,,,,,,,,,,,,,,,,,,,,,,,,,,12.79,13.85,14.91,13.85,2,2.19,18,0.5,0.5,0.3,6.44,7.36,8.27,7.36,2,1.9,18,0.5,0.5,0.3,9.57,11.44,13.31,11.44,2,3.87,18,0.5,0.5,0.3,1004.54,1005.5,1006.59,1005.57,3,1.5,18,0.7,0.4,0.3,,,,,,,,,,,,,,,,,,,,,,,,,,,,,,,,,,,,,,,,,,,,,,,,,,,,,,,,,,,,,,,,,,,,,,,,,,,,,,,,,,,,,,,,,,,,,,,,,,,,,,,,,,,,,,,,,,,,,,,,,,,,,,,,,,,,,,,,,,,,,,,,,,,,,,
1895,12,350.0,-40.0,,,,,,,,,,,,,,,,,,,,,,,,,,,,,,,,,,,,,,,,4.6,9.3,15.4,10.68,13,4.95,16,0.6,0.6,0.8,3.17,5.77,10.89,6.32,13,3.74,16,0.6,0.6,0.8,-5.17,0.0,10.89,2.34,13,9.21,16,0.6,0.6,0.8,993.96,1014.2,1019.72,1011.0,13,10.71,16,0.6,0.6,0.8,,,,,,,,,,,,,,,,,,,,,,,,,,,,,,,,,,,,,,,,,,,,,,,,,,,,,,,,,,,,,,,,,,,,,,,,,,,,,,,,,,,,,,,,,,,,,,,,,,,,,,,,,,,,,,,,,,,,,,,,,,,,,,,,,,,,,,,,,,,,,,,,,,,,,,
1895,12,350.0,-38.0,,,,,,,,,,,,,,,,,,,,,,,,,,,,,,,,,,,,,,,,3.36,4.6,9.3,6.53,16,3.69,14,0.7,0.7,0.5,-3.25,-1.72,8.6,1.77,16,5.62,14,0.7,0.7,0.5,-3.4,0.0,4.27,0.95,16,4.8,14,0.7,0.7,0.5,1012.2,1021.4,1022.78,1017.85,13,8.55,12,0.6,0.6,0.5,,,,,,,,,,,,,,,,,,,,,,,,,,,,,,,,,,,,,,,,,,,,,,,,,,,,,,,,,,,,,,,,,,,,,,,,,,,,,,,,,,,,,,,,,,,,,,,,,,,,,,,,,,,,,,,,,,,,,,,,,,,,,,,,,,,,,,,,,,,,,,,,,,,,,,
1895,12,350.0,34.0,,,,,,,,,,,,,,,,,,,,,,,,,,,,,,,,,,,,,,,,2.73,4.6,6.7,5.72,14,3.12,14,0.5,0.5,0.8,-6.12,-3.74,-0.94,-3.59,14,4.36,14,0.5,0.5,0.8,-4.61,-2.12,1.79,-1.54,14,3.08,14,0.5,0.5,0.8,1016.17,1022.0,1024.28,1021.02,12,4.06,16,0.4,0.5,0.8,,,,,,,,,,,,,,,,,,,,,,,,,,,,,,,,,,,,,,,,,,,,,,,,,,,,,,,,,,,,,,,,,,,,,,,,,,,,,,,,,,,,,,,,,,,,,,,,,,,,,,,,,,,,,,,,,,,,,,,,,,,,,,,,,,,,,,,,,,,,,,,,,,,,,,
1895,12,350.0,36.0,,,,,,,,,,,,,,,,,,,,,,,,,,,,,,,,,,,,,,,,1.0,4.6,9.3,5.36,75,3.56,14,0.5,0.5,0.5,-4.74,0.0,4.74,-0.29,75,4.5,14,0.5,0.5,0.5,-4.74,-1.0,2.01,-1.22,75,4.47,14,0.5,0.5,0.5,1016.25,1023.95,1028.85,1022.17,38,6.44,16,0.4,0.5,0.5,,,,,,,,,,,,,,,,,,,,,,,,,,,,,,,,,,,,,,,,,,,,,,,,,,,,,,,,,,,,,,,,,,,,,,,,,,,,,,,,,,,,,,,,,,,,,,,,,,,,,,,,,,,,,,,,,,,,,,,,,,,,,,,,,,,,,,,,,,,,,,,,,,,,,,
1895,12,350.0,38.0,,,,,,,,,,,,,,,,,,,,,,,,,,,,,,,,,,,,,,,,2.6,6.7,12.3,6.76,61,4.7,16,0.6,0.2,0.5,-2.5,0.0,5.16,1.1,61,4.66,16,0.6,0.2,0.5,-8.66,-2.6,0.96,-2.46,61,6.27,16,0.6,0.2,0.5,1011.03,1025.9,1029.02,1021.1,31,8.78,18,0.7,0.2,0.5,,,,,,,,,,,,,,,,,,,,,,,,,,,,,,,,,,,,,,,,,,,,,,,,,,,,,,,,,,,,,,,,,,,,,,,,,,,,,,,,,,,,,,,,,,,,,,,,,,,,,,,,,,,,,,,,,,,,,,,,,,,,,,,,,,,,,,,,,,,,,,,,,,,,,,
1895,12,350.0,40.0,,,,,,,,,,,,,,,,,,,,,,,,,,,,,,,,,,,,,,,,2.6,6.7,12.3,6.77,56,4.27,16,0.4,0.3,0.5,-3.41,0.0,6.28,0.9,56,4.74,16,0.4,0.3,0.5,-6.93,-2.61,4.64,-1.5,56,6.27,16,0.4,0.3,0.5,1003.77,1019.6,1029.31,1018.98,26,10.82,18,0.4,0.2,0.5,,,,,,,,,,,,,,,,,,,,,,,,,,,,,,,,,,,,,,,,,,,,,,,,,,,,,,,,,,,,,,,,,,,,,,,,,,,,,,,,,,,,,,,,,,,,,,,,,,,,,,,,,,,,,,,,,,,,,,,,,,,,,,,,,,,,,,,,,,,,,,,,,,,,,,
1895,12,350.0,42.0,,,,,,,,,,,,,,,,,,,,,,,,,,,,,,,,,,,,,,,,1.0,5.65,9.8,5.69,70,3.87,16,0.5,0.3,0.5,-3.87,0.0,4.87,0.52,70,4.43,16,0.5,0.3,0.5,-6.23,-1.36,2.68,-1.2,70,5.14,16,0.5,0.3,0.5,998.01,1020.2,1030.64,1018.36,37,12.56,20,0.5,0.3,0.5,,,,,,,,,,,,,,,,,,,,,,,,,,,,,,,,,,,,,,,,,,,,,,,,,,,,,,,,,,,,,,,,,,,,,,,,,,,,,,,,,,,,,,,,,,,,,,,,,,,,,,,,,,,,,,,,,,,,,,,,,,,,,,,,,,,,,,,,,,,,,,,,,,,,,,
1895,12,350.0,44.0,,,,,,,,,,,,,,,,,,,,,,,,,,,,,,,,,,,,,,,,2.6,6.7,9.8,6.82,47,4.45,16,0.3,0.6,0.4,0.0,4.27,6.82,3.79,47,4.32,16,0.3,0.6,0.4,-5.7,0.0,3.94,-0.37,47,5.81,16,0.3,0.6,0.4,1001.52,1021.75,1030.47,1017.3,24,13.24,18,0.4,0.7,0.4,,,,,,,,,,,,,,,,,,,,,,,,,,,,,,,,,,,,,,,,,,,,,,,,,,,,,,,,,,,,,,,,,,,,,,,,,,,,,,,,,,,,,,,,,,,,,,,,,,,,,,,,,,,,,,,,,,,,,,,,,,,,,,,,,,,,,,,,,,,,,,,,,,,,,,
1895,12,350.0,46.0,,,,,,,,,,,,,,,,,,,,,,,,,,,,,,,,,,,,,,,,3.39,6.7,12.3,7.75,35,5.21,16,0.4,0.6,0.4,-1.44,1.72,8.64,3.24,35,6.24,16,0.4,0.6,0.4,-4.55,2.39,8.64,1.82,35,5.98,16,0.4,0.6,0.4,996.77,1008.95,1019.24,1008.14,22,10.62,18,0.4,0.6,0.4,,,,,,,,,,,,,,,,,,,,,,,,,,,,,,,,,,,,,,,,,,,,,,,,,,,,,,,,,,,,,,,,,,,,,,,,,,,,,,,,,,,,,,,,,,,,,,,,,,,,,,,,,,,,,,,,,,,,,,,,,,,,,,,,,,,,,,,,,,,,,,,,,,,,,,
1895,12,350.0,48.0,,,,,,,,,,,,,,,,,,,,,,,,,,,,,,,,,,,,,,,,4.6,6.7,15.4,9.31,128,6.51,20,0.4,0.7,0.4,-4.74,0.37,6.93,1.45,128,7.25,20,0.4,0.7,0.4,-0.33,4.74,11.26,5.08,128,7.01,20,0.4,0.7,0.4,984.24,1004.1,1018.54,1002.51,107,14.77,20,0.4,0.7,0.4,,,,,,,,,,,,,,,,,,,,,,,,,,,,,,,,,,,,,,,,,,,,,,,,,,,,,,,,,,,,,,,,,,,,,,,,,,,,,,,,,,,,,,,,,,,,,,,,,,,,,,,,,,,,,,,,,,,,,,,,,,,,,,,,,,,,,,,,,,,,,,,,,,,,,,
1895,12,350.0,50.0,,,,,,,,,,,,,,,,,,,,,,,,,,,,,,,,,,,,,,,,1.0,4.6,12.7,6.85,38,5.78,22,0.3,0.8,0.2,-8.7,-0.93,4.87,-1.36,38,6.67,22,0.3,0.8,0.2,0.0,2.48,8.7,3.86,38,4.45,22,0.3,0.8,0.2,982.0,997.0,1015.75,996.9,27,14.38,24,0.3,0.9,0.0,,,,,,,,,,,,,,,,,,,,,,,,,,,,,,,,,,,,,,,,,,,,,,,,,,,,,,,,,,,,,,,,,,,,,,,,,,,,,,,,,,,,,,,,,,,,,,,,,,,,,,,,,,,,,,,,,,,,,,,,,,,,,,,,,,,,,,,,,,,,,,,,,,,,,,
1895,12,352.0,-42.0,,,,,,,,,,,,,,,,,,,,,,,,,,,,,,,,,,,,,,,,2.02,6.7,7.65,5.26,5,3.38,18,0.6,0.6,0.3,0.0,0.71,2.38,1.29,5,1.98,18,0.6,0.6,0.3,1.78,4.74,7.65,4.77,5,3.41,18,0.6,0.6,0.3,1013.39,1014.9,1015.32,1014.48,5,1.08,18,0.6,0.6,0.3,,,,,,,,,,,,,,,,,,,,,,,,,,,,,,,,,,,,,,,,,,,,,,,,,,,,,,,,,,,,,,,,,,,,,,,,,,,,,,,,,,,,,,,,,,,,,,,,,,,,,,,,,,,,,,,,,,,,,,,,,,,,,,,,,,,,,,,,,,,,,,,,,,,,,,
1895,12,352.0,-40.0,,,,,,,,,,,,,,,,,,,,,,,,,,,,,,,,,,,,,,,,6.7,10.8,15.4,11.92,16,5.25,16,0.4,0.7,0.6,4.37,6.64,10.89,7.96,16,4.48,16,0.4,0.7,0.6,-10.11,0.9,10.89,0.63,16,9.54,16,0.4,0.7,0.6,996.4,1009.5,1022.32,1010.12,17,11.45,16,0.5,0.7,0.6,,,,,,,,,,,,,,,,,,,,,,,,,,,,,,,,,,,,,,,,,,,,,,,,,,,,,,,,,,,,,,,,,,,,,,,,,,,,,,,,,,,,,,,,,,,,,,,,,,,,,,,,,,,,,,,,,,,,,,,,,,,,,,,,,,,,,,,,,,,,,,,,,,,,,,
1895,12,352.0,-38.0,,,,,,,,,,,,,,,,,,,,,,,,,,,,,,,,,,,,,,,,4.09,5.65,13.09,7.45,12,4.61,22,0.4,0.6,0.5,-2.62,-0.41,6.21,1.56,12,5.13,22,0.4,0.6,0.5,-4.73,2.41,10.89,2.5,12,6.79,22,0.4,0.6,0.5,1006.49,1018.4,1019.31,1014.64,7,6.31,16,0.4,0.6,0.5,,,,,,,,,,,,,,,,,,,,,,,,,,,,,,,,,,,,,,,,,,,,,,,,,,,,,,,,,,,,,,,,,,,,,,,,,,,,,,,,,,,,,,,,,,,,,,,,,,,,,,,,,,,,,,,,,,,,,,,,,,,,,,,,,,,,,,,,,,,,,,,,,,,,,,
1895,12,352.0,34.0,,,,,,,,,,,,,,,,,,,,,,,,,,,,,,,,,,,,,,,,5.43,7.2,8.97,7.2,2,3.68,24,0.5,0.8,0.9,-1.44,1.96,5.35,1.96,2,7.03,24,0.5,0.8,0.9,-6.38,-5.2,-4.02,-5.2,2,2.45,24,0.5,0.8,0.9,1027.1,1027.1,1027.1,1027.1,1,0.0,28,1.0,0.8,1.0,,,,,,,,,,,,,,,,,,,,,,,,,,,,,,,,,,,,,,,,,,,,,,,,,,,,,,,,,,,,,,,,,,,,,,,,,,,,,,,,,,,,,,,,,,,,,,,,,,,,,,,,,,,,,,,,,,,,,,,,,,,,,,,,,,,,,,,,,,,,,,,,,,,,,,
1895,12,352.0,36.0,,,,,,,,,,,,,,,,,,,,,,,,,,,,,,,,,,,,,,,,2.6,6.7,9.7,5.98,59,3.25,16,0.5,0.5,0.2,-4.74,0.0,4.74,-0.14,59,4.95,16,0.5,0.5,0.2,-4.74,-1.87,4.11,-1.08,59,4.61,16,0.5,0.5,0.2,1008.92,1022.3,1025.8,1020.22,33,6.86,16,0.6,0.5,0.2,,,,,,,,,,,,,,,,,,,,,,,,,,,,,,,,,,,,,,,,,,,,,,,,,,,,,,,,,,,,,,,,,,,,,,,,,,,,,,,,,,,,,,,,,,,,,,,,,,,,,,,,,,,,,,,,,,,,,,,,,,,,,,,,,,,,,,,,,,,,,,,,,,,,,,
1895,12,352.0,44.0,,,,,,,,,,,,,,,,,,,,,,,,,,,,,,,,,,,,,,,,2.6,6.7,11.19,7.74,29,5.14,14,0.2,0.3,0.6,-0.57,2.6,6.58,3.41,29,5.87,14,0.2,0.3,0.6,-6.39,0.0,6.93,-0.04,29,6.48,14,0.2,0.3,0.6,997.55,1020.6,1027.93,1016.45,13,13.71,20,0.2,0.2,0.6,,,,,,,,,,,,,,,,,,,,,,,,,,,,,,,,,,,,,,,,,,,,,,,,,,,,,,,,,,,,,,,,,,,,,,,,,,,,,,,,,,,,,,,,,,,,,,,,,,,,,,,,,,,,,,,,,,,,,,,,,,,,,,,,,,,,,,,,,,,,,,,,,,,,,,
1895,12,352.0,46.0,,,,,,,,,,,,,,,,,,,,,,,,,,,,,,,,,,,,,,,,2.6,9.3,15.4,9.57,69,6.78,16,0.4,0.6,0.4,-2.6,2.51,12.3,4.4,69,7.96,16,0.4,0.6,0.4,-8.62,-1.02,7.27,-1.03,69,7.41,16,0.4,0.6,0.4,998.33,1014.15,1021.75,1012.56,44,11.84,18,0.5,0.6,0.4,,,,,,,,,,,,,,,,,,,,,,,,,,,,,,,,,,,,,,,,,,,,,,,,,,,,,,,,,,,,,,,,,,,,,,,,,,,,,,,,,,,,,,,,,,,,,,,,,,,,,,,,,,,,,,,,,,,,,,,,,,,,,,,,,,,,,,,,,,,,,,,,,,,,,,
1895,12,352.0,48.0,,,,,,,,,,,,,,,,,,,,,,,,,,,,,,,,,,,,,,,,2.6,4.6,9.3,6.18,115,4.35,20,0.3,0.6,0.5,-2.6,1.84,6.58,2.0,115,4.56,20,0.3,0.6,0.5,-3.78,0.71,4.74,0.72,115,5.67,20,0.3,0.6,0.5,998.3,1014.75,1019.39,1011.31,92,10.07,22,0.2,0.6,0.5,,,,,,,,,,,,,,,,,,,,,,,,,,,,,,,,,,,,,,,,,,,,,,,,,,,,,,,,,,,,,,,,,,,,,,,,,,,,,,,,,,,,,,,,,,,,,,,,,,,,,,,,,,,,,,,,,,,,,,,,,,,,,,,,,,,,,,,,,,,,,,,,,,,,,,
1895,12,354.0,-42.0,,,,,,,,,,,,,,,,,,,,,,,,,,,,,,,,,,,,,,,,8.33,10.8,12.94,10.53,6,3.69,20,0.0,0.5,0.5,-0.99,5.02,9.13,4.19,6,5.85,20,0.0,0.5,0.5,-11.93,-7.05,-2.53,-6.94,6,5.82,20,0.0,0.5,0.5,993.97,1001.75,1011.36,1002.52,6,9.55,20,0.0,0.5,0.5,,,,,,,,,,,,,,,,,,,,,,,,,,,,,,,,,,,,,,,,,,,,,,,,,,,,,,,,,,,,,,,,,,,,,,,,,,,,,,,,,,,,,,,,,,,,,,,,,,,,,,,,,,,,,,,,,,,,,,,,,,,,,,,,,,,,,,,,,,,,,,,,,,,,,,
1895,12,354.0,-40.0,,,,,,,,,,,,,,,,,,,,,,,,,,,,,,,,,,,,,,,,4.6,6.7,12.74,8.08,19,5.44,18,0.5,0.8,0.6,0.0,4.6,8.7,4.58,19,4.91,18,0.5,0.8,0.6,-6.7,0.0,6.58,-0.58,19,7.21,18,0.5,0.8,0.6,991.46,1001.3,1020.14,1006.15,17,13.66,18,0.6,0.8,0.5,,,,,,,,,,,,,,,,,,,,,,,,,,,,,,,,,,,,,,,,,,,,,,,,,,,,,,,,,,,,,,,,,,,,,,,,,,,,,,,,,,,,,,,,,,,,,,,,,,,,,,,,,,,,,,,,,,,,,,,,,,,,,,,,,,,,,,,,,,,,,,,,,,,,,,
1895,12,354.0,-38.0,,,,,,,,,,,,,,,,,,,,,,,,,,,,,,,,,,,,,,,,6.5,6.7,15.4,9.4,7,4.98,22,0.6,0.6,0.4,0.0,5.77,6.97,4.73,7,4.33,22,0.6,0.6,0.4,-6.7,0.0,14.28,2.17,7,8.8,22,0.6,0.6,0.4,1013.92,1016.8,1019.52,1016.73,4,3.25,18,0.8,0.5,0.4,,,,,,,,,,,,,,,,,,,,,,,,,,,,,,,,,,,,,,,,,,,,,,,,,,,,,,,,,,,,,,,,,,,,,,,,,,,,,,,,,,,,,,,,,,,,,,,,,,,,,,,,,,,,,,,,,,,,,,,,,,,,,,,,,,,,,,,,,,,,,,,,,,,,,,
1895,12,354.0,34.0,,,,,,,,,,,,,,,,,,,,,,,,,,,,,,,,,,,,,,,,1.0,4.6,6.7,4.3,8,3.43,22,0.3,0.3,0.8,0.0,0.99,4.57,1.49,8,3.41,22,0.3,0.3,0.8,-4.57,0.0,0.17,-2.04,8,3.73,22,0.3,0.3,0.8,1013.12,1022.4,1023.4,1018.45,4,8.62,18,0.3,0.3,0.8,,,,,,,,,,,,,,,,,,,,,,,,,,,,,,,,,,,,,,,,,,,,,,,,,,,,,,,,,,,,,,,,,,,,,,,,,,,,,,,,,,,,,,,,,,,,,,,,,,,,,,,,,,,,,,,,,,,,,,,,,,,,,,,,,,,,,,,,,,,,,,,,,,,,,,
1895,12,354.0,36.0,,,,,,,,,,,,,,,,,,,,,,,,,,,,,,,,,,,,,,,,1.0,4.6,9.3,5.05,32,3.93,16,0.4,0.5,0.2,-4.6,1.43,6.17,0.71,32,5.79,16,0.4,0.5,0.2,-3.25,0.0,1.04,-0.53,32,2.72,16,0.4,0.5,0.2,1011.74,1020.3,1025.47,1018.77,21,7.09,16,0.4,0.6,0.2,,,,,,,,,,,,,,,,,,,,,,,,,,,,,,,,,,,,,,,,,,,,,,,,,,,,,,,,,,,,,,,,,,,,,,,,,,,,,,,,,,,,,,,,,,,,,,,,,,,,,,,,,,,,,,,,,,,,,,,,,,,,,,,,,,,,,,,,,,,,,,,,,,,,,,
1895,12,354.0,46.0,,,,,,,,,,,,,,,,,,,,,,,,,,,,,,,,,,,,,,,,3.34,8.0,15.4,9.13,24,6.27,16,0.4,0.6,0.4,-2.84,3.93,15.22,5.58,24,8.02,16,0.4,0.6,0.4,-5.77,-2.07,0.25,-2.32,24,4.88,16,0.4,0.6,0.4,1002.59,1013.3,1015.33,1010.67,13,7.76,22,0.2,0.6,0.3,,,,,,,,,,,,,,,,,,,,,,,,,,,,,,,,,,,,,,,,,,,,,,,,,,,,,,,,,,,,,,,,,,,,,,,,,,,,,,,,,,,,,,,,,,,,,,,,,,,,,,,,,,,,,,,,,,,,,,,,,,,,,,,,,,,,,,,,,,,,,,,,,,,,,,
1895,12,354.0,48.0,,,,,,,,,,,,,,,,,,,,,,,,,,,,,,,,,,,,,,,,4.6,6.7,15.4,8.77,71,4.91,20,0.4,0.5,0.4,-3.63,2.62,11.28,3.25,71,6.94,20,0.4,0.5,0.4,-2.9,1.72,8.61,2.56,71,6.05,20,0.4,0.5,0.4,995.52,1015.6,1021.7,1012.92,39,11.44,22,0.4,0.5,0.4,,,,,,,,,,,,,,,,,,,,,,,,,,,,,,,,,,,,,,,,,,,,,,,,,,,,,,,,,,,,,,,,,,,,,,,,,,,,,,,,,,,,,,,,,,,,,,,,,,,,,,,,,,,,,,,,,,,,,,,,,,,,,,,,,,,,,,,,,,,,,,,,,,,,,,
1895,12,354.0,50.0,,,,,,,,,,,,,,,,,,,,,,,,,,,,,,,,,,,,,,,,4.09,12.6,19.0,11.18,12,6.69,16,0.3,0.5,0.3,-14.18,-1.41,9.65,-1.12,12,12.41,16,0.3,0.5,0.3,-1.98,1.81,6.98,2.32,12,4.45,16,0.3,0.5,0.3,1010.63,1012.0,1013.37,1012.0,2,2.83,20,0.5,0.5,0.0,,,,,,,,,,,,,,,,,,,,,,,,,,,,,,,,,,,,,,,,,,,,,,,,,,,,,,,,,,,,,,,,,,,,,,,,,,,,,,,,,,,,,,,,,,,,,,,,,,,,,,,,,,,,,,,,,,,,,,,,,,,,,,,,,,,,,,,,,,,,,,,,,,,,,,
1895,12,356.0,-44.0,,,,,,,,,,,,,,,,,,,,,,,,,,,,,,,,,,,,,,,,12.3,12.3,13.43,12.92,5,1.39,18,0.6,0.6,0.9,-4.81,0.0,6.84,0.97,5,6.13,18,0.6,0.6,0.9,-11.68,-11.32,10.74,-2.39,5,12.83,18,0.6,0.6,0.9,1003.8,1003.8,1003.8,1003.8,1,0.0,20,1.0,0.3,0.8,,,,,,,,,,,,,,,,,,,,,,,,,,,,,,,,,,,,,,,,,,,,,,,,,,,,,,,,,,,,,,,,,,,,,,,,,,,,,,,,,,,,,,,,,,,,,,,,,,,,,,,,,,,,,,,,,,,,,,,,,,,,,,,,,,,,,,,,,,,,,,,,,,,,,,
1895,12,356.0,-42.0,,,,,,,,,,,,,,,,,,,,,,,,,,,,,,,,,,,,,,,,6.7,15.4,19.17,14.53,7,6.24,20,0.6,0.8,0.9,6.66,8.7,17.68,11.49,7,5.78,20,0.6,0.8,0.9,-14.36,-7.12,0.0,-6.58,7,6.86,20,0.6,0.8,0.9,991.59,1000.0,1018.49,1002.97,7,12.49,20,0.6,0.8,0.9,,,,,,,,,,,,,,,,,,,,,,,,,,,,,,,,,,,,,,,,,,,,,,,,,,,,,,,,,,,,,,,,,,,,,,,,,,,,,,,,,,,,,,,,,,,,,,,,,,,,,,,,,,,,,,,,,,,,,,,,,,,,,,,,,,,,,,,,,,,,,,,,,,,,,,
1895,12,356.0,-40.0,,,,,,,,,,,,,,,,,,,,,,,,,,,,,,,,,,,,,,,,4.6,6.7,9.3,7.26,17,4.03,20,0.6,0.7,0.6,-2.91,0.0,7.9,2.16,17,6.34,20,0.6,0.7,0.6,-8.12,0.0,2.49,-1.01,17,5.11,20,0.6,0.7,0.6,999.91,1008.3,1020.26,1009.05,14,9.53,18,0.6,0.6,0.6,,,,,,,,,,,,,,,,,,,,,,,,,,,,,,,,,,,,,,,,,,,,,,,,,,,,,,,,,,,,,,,,,,,,,,,,,,,,,,,,,,,,,,,,,,,,,,,,,,,,,,,,,,,,,,,,,,,,,,,,,,,,,,,,,,,,,,,,,,,,,,,,,,,,,,
1895,12,356.0,-38.0,,,,,,,,,,,,,,,,,,,,,,,,,,,,,,,,,,,,,,,,15.4,15.4,15.4,15.4,3,0.0,24,0.0,0.8,0.5,5.77,5.77,5.77,5.77,3,0.0,24,0.0,0.8,0.5,14.28,14.28,14.28,14.28,3,0.0,24,0.0,0.8,0.5,1016.39,1017.0,1017.34,1016.87,3,0.71,24,0.0,0.8,0.5,,,,,,,,,,,,,,,,,,,,,,,,,,,,,,,,,,,,,,,,,,,,,,,,,,,,,,,,,,,,,,,,,,,,,,,,,,,,,,,,,,,,,,,,,,,,,,,,,,,,,,,,,,,,,,,,,,,,,,,,,,,,,,,,,,,,,,,,,,,,,,,,,,,,,,
1895,12,356.0,36.0,,,,,,,,,,,,,,,,,,,,,,,,,,,,,,,,,,,,,,,,0.0,2.6,6.7,3.4,34,4.08,18,0.6,0.5,0.3,-1.0,0.19,4.26,1.66,34,4.78,18,0.6,0.5,0.3,-0.96,0.0,0.05,-0.32,34,1.66,18,0.6,0.5,0.3,1007.21,1017.9,1024.22,1016.19,28,8.13,16,0.6,0.5,0.3,,,,,,,,,,,,,,,,,,,,,,,,,,,,,,,,,,,,,,,,,,,,,,,,,,,,,,,,,,,,,,,,,,,,,,,,,,,,,,,,,,,,,,,,,,,,,,,,,,,,,,,,,,,,,,,,,,,,,,,,,,,,,,,,,,,,,,,,,,,,,,,,,,,,,,
1895,12,356.0,46.0,,,,,,,,,,,,,,,,,,,,,,,,,,,,,,,,,,,,,,,,4.6,12.3,19.0,12.63,23,6.13,16,0.4,0.6,0.3,-6.83,1.72,13.04,3.54,23,9.75,16,0.4,0.6,0.3,-8.77,2.51,12.77,1.8,23,9.63,16,0.4,0.6,0.3,996.84,1000.8,1010.15,1002.78,13,6.09,22,0.4,0.6,0.0,,,,,,,,,,,,,,,,,,,,,,,,,,,,,,,,,,,,,,,,,,,,,,,,,,,,,,,,,,,,,,,,,,,,,,,,,,,,,,,,,,,,,,,,,,,,,,,,,,,,,,,,,,,,,,,,,,,,,,,,,,,,,,,,,,,,,,,,,,,,,,,,,,,,,,
1895,12,356.0,48.0,,,,,,,,,,,,,,,,,,,,,,,,,,,,,,,,,,,,,,,,4.6,9.8,12.3,10.29,17,5.68,14,0.2,0.4,0.7,-5.21,4.6,12.3,4.66,17,10.28,14,0.2,0.4,0.7,-4.5,0.0,2.89,-0.7,17,3.94,14,0.2,0.4,0.7,996.58,1005.15,1013.72,1005.15,2,17.75,26,0.0,0.4,0.7,,,,,,,,,,,,,,,,,,,,,,,,,,,,,,,,,,,,,,,,,,,,,,,,,,,,,,,,,,,,,,,,,,,,,,,,,,,,,,,,,,,,,,,,,,,,,,,,,,,,,,,,,,,,,,,,,,,,,,,,,,,,,,,,,,,,,,,,,,,,,,,,,,,,,,
1895,12,358.0,-42.0,,,,,,,,,,,,,,,,,,,,,,,,,,,,,,,,,,,,,,,,6.7,19.0,22.6,17.28,11,6.97,18,0.5,0.7,0.8,5.89,15.98,19.74,14.53,11,6.13,18,0.5,0.7,0.8,-15.98,-4.74,8.0,-3.59,11,9.65,18,0.5,0.7,0.8,998.8,1003.6,1017.91,1005.97,9,9.64,18,0.7,0.8,1.0,,,,,,,,,,,,,,,,,,,,,,,,,,,,,,,,,,,,,,,,,,,,,,,,,,,,,,,,,,,,,,,,,,,,,,,,,,,,,,,,,,,,,,,,,,,,,,,,,,,,,,,,,,,,,,,,,,,,,,,,,,,,,,,,,,,,,,,,,,,,,,,,,,,,,,
1895,12,358.0,-40.0,,,,,,,,,,,,,,,,,,,,,,,,,,,,,,,,,,,,,,,,4.6,9.3,9.3,7.59,7,2.25,24,0.0,0.6,0.6,0.0,0.0,4.33,2.09,7,2.69,24,0.0,0.6,0.6,-9.3,1.8,9.3,0.89,7,7.68,24,0.0,0.6,0.6,1011.27,1016.85,1020.91,1016.13,4,5.7,18,0.0,0.6,0.6,,,,,,,,,,,,,,,,,,,,,,,,,,,,,,,,,,,,,,,,,,,,,,,,,,,,,,,,,,,,,,,,,,,,,,,,,,,,,,,,,,,,,,,,,,,,,,,,,,,,,,,,,,,,,,,,,,,,,,,,,,,,,,,,,,,,,,,,,,,,,,,,,,,,,,
1895,12,358.0,-38.0,,,,,,,,,,,,,,,,,,,,,,,,,,,,,,,,,,,,,,,,15.4,15.4,15.4,15.4,2,0.0,24,1.0,0.8,0.5,10.89,10.89,10.89,10.89,2,0.0,24,1.0,0.8,0.5,10.89,10.89,10.89,10.89,2,0.0,24,1.0,0.8,0.5,1017.43,1017.5,1017.57,1017.5,2,0.14,24,1.0,0.8,0.5,,,,,,,,,,,,,,,,,,,,,,,,,,,,,,,,,,,,,,,,,,,,,,,,,,,,,,,,,,,,,,,,,,,,,,,,,,,,,,,,,,,,,,,,,,,,,,,,,,,,,,,,,,,,,,,,,,,,,,,,,,,,,,,,,,,,,,,,,,,,,,,,,,,,,,
1895,12,358.0,36.0,,,,,,,,,,,,,,,,,,,,,,,,,,,,,,,,,,,,,,,,2.6,4.6,6.7,5.28,31,3.13,18,0.4,0.5,0.6,-1.81,1.84,6.7,2.62,31,4.77,18,0.4,0.5,0.6,-2.4,1.45,3.54,0.89,31,2.82,18,0.4,0.5,0.6,999.2,1014.7,1023.18,1013.67,25,9.13,16,0.4,0.6,0.7,,,,,,,,,,,,,,,,,,,,,,,,,,,,,,,,,,,,,,,,,,,,,,,,,,,,,,,,,,,,,,,,,,,,,,,,,,,,,,,,,,,,,,,,,,,,,,,,,,,,,,,,,,,,,,,,,,,,,,,,,,,,,,,,,,,,,,,,,,,,,,,,,,,,,,
1895,12,358.0,38.0,,,,,,,,,,,,,,,,,,,,,,,,,,,,,,,,,,,,,,,,2.6,3.6,7.06,4.78,4,3.16,14,0.5,0.8,0.3,-2.73,-1.08,0.96,-0.89,4,2.27,14,0.5,0.8,0.3,-6.42,-0.9,1.66,-2.32,4,5.2,14,0.5,0.8,0.3,1012.51,1016.4,1020.91,1016.7,3,6.16,10,0.3,0.8,0.3,,,,,,,,,,,,,,,,,,,,,,,,,,,,,,,,,,,,,,,,,,,,,,,,,,,,,,,,,,,,,,,,,,,,,,,,,,,,,,,,,,,,,,,,,,,,,,,,,,,,,,,,,,,,,,,,,,,,,,,,,,,,,,,,,,,,,,,,,,,,,,,,,,,,,,
1895,12,358.0,44.0,,,,,,,,,,,,,,,,,,,,,,,,,,,,,,,,,,,,,,,,5.2,12.3,12.3,9.24,5,4.43,24,0.4,0.5,0.5,-9.69,-4.81,0.27,-4.68,5,5.62,24,0.4,0.5,0.5,3.8,6.21,9.66,6.65,5,3.48,24,0.4,0.5,0.5,989.8,991.1,992.32,991.06,5,2.2,24,0.4,0.5,0.5,,,,,,,,,,,,,,,,,,,,,,,,,,,,,,,,,,,,,,,,,,,,,,,,,,,,,,,,,,,,,,,,,,,,,,,,,,,,,,,,,,,,,,,,,,,,,,,,,,,,,,,,,,,,,,,,,,,,,,,,,,,,,,,,,,,,,,,,,,,,,,,,,,,,,,
1895,12,358.0,46.0,,,,,,,,,,,,,,,,,,,,,,,,,,,,,,,,,,,,,,,,4.6,6.7,9.3,7.49,9,4.86,22,0.6,0.8,0.4,-7.28,1.72,2.51,-1.24,9,6.06,22,0.6,0.8,0.4,2.28,4.27,7.93,5.56,9,3.67,22,0.6,0.8,0.4,991.81,992.9,995.52,993.0,9,3.22,22,0.6,0.8,0.4,,,,,,,,,,,,,,,,,,,,,,,,,,,,,,,,,,,,,,,,,,,,,,,,,,,,,,,,,,,,,,,,,,,,,,,,,,,,,,,,,,,,,,,,,,,,,,,,,,,,,,,,,,,,,,,,,,,,,,,,,,,,,,,,,,,,,,,,,,,,,,,,,,,,,,
