Year,Month,Running Month,Longitude,Latitude,S-S1,S-Median,S-S5,S-Mean,S-Observation number,S-Standard deviation,S-Mean day of the month,S-Fraction of daylight observations,A-S1,A-Median,A-S5,A-Mean,A-Observation number,A-Standard deviation,A-Mean day of the month,A-Fraction of daylight observations,Q-S1,Q-Median,Q-S5,Q-Mean,Q-Observation number,Q-Standard deviation,Q-Mean day of the month,Q-Fraction of daylight observations,R-S1_x,R-Median_x,R-S5_x,R-Mean_x,R-Observation number_x,R-Standard deviation_x,R-Mean day of the month_x,R-Fraction of daylight observations_x,W-S1,W-Median,W-S5,W-Mean,W-Observation number,W-Standard deviation,W-Mean day of the month,W-Fraction of daylight observations,U-S1,U-Median,U-S5,U-Mean,U-Observation number,U-Standard deviation,U-Mean day of the month,U-Fraction of daylight observations,V-S1,V-Median,V-S5,V-Mean,V-Observation number,V-Standard deviation,V-Mean day of the month,V-Fraction of daylight observations,P-S1,P-Median,P-S5,P-Mean,P-Observation number,P-Standard deviation,P-Mean day of the month,P-Fraction of daylight observations,C-S1,C-Median,C-S5,C-Mean,C-Observation number,C-Standard deviation,C-Mean day of the month,C-Fraction of daylight observations,R-S1_y,R-Median_y,R-S5_y,R-Mean_y,R-Observation number_y,R-Standard deviation_y,R-Mean day of the month_y,R-Fraction of daylight observations_y,X=W*U-S1,X=W*U-Median,X=W*U-S5,X=W*U-Mean,X=W*U-Observation number,X=W*U-Standard deviation,X=W*U-Mean day of the month,X=W*U-Fraction of daylight observations,Y=W*V-S1,Y=W*V-Median,Y=W*V-S5,Y=W*V-Mean,Y=W*V-Observation number,Y=W*V-Standard deviation,Y=W*V-Mean day of the month,Y=W*V-Fraction of daylight observations,D=S-A-S1,D=S-A-Median,D=S-A-S5,D=S-A-Mean,D=S-A-Observation number,D=S-A-Standard deviation,D=S-A-Mean day of the month,D=S-A-Fraction of daylight observations,E=(S-A)*W-S1,E=(S-A)*W-Median,E=(S-A)*W-S5,E=(S-A)*W-Mean,E=(S-A)*W-Observation number,E=(S-A)*W-Standard deviation,E=(S-A)*W-Mean day of the month,E=(S-A)*W-Fraction of daylight observations,F=QS-Q-S1,F=QS-Q-Median,F=QS-Q-S5,F=QS-Q-Mean,F=QS-Q-Observation number,F=QS-Q-Standard deviation,F=QS-Q-Mean day of the month,F=QS-Q-Fraction of daylight observations,G=(QS-Q)*W-S1,G=(QS-Q)*W-Median,G=(QS-Q)*W-S5,G=(QS-Q)*W-Mean,G=(QS-Q)*W-Observation number,G=(QS-Q)*W-Standard deviation,G=(QS-Q)*W-Mean day of the month,G=(QS-Q)*W-Fraction of daylight observations,I=U*A-S1,I=U*A-Median,I=U*A-S5,I=U*A-Mean,I=U*A-Observation number,I=U*A-Standard deviation,I=U*A-Mean day of the month,I=U*A-Fraction of daylight observations,J=V*A-S1,J=V*A-Median,J=V*A-S5,J=V*A-Mean,J=V*A-Observation number,J=V*A-Standard deviation,J=V*A-Mean day of the month,J=V*A-Fraction of daylight observations,K=U*Q-S1,K=U*Q-Median,K=U*Q-S5,K=U*Q-Mean,K=U*Q-Observation number,K=U*Q-Standard deviation,K=U*Q-Mean day of the month,K=U*Q-Fraction of daylight observations,L=V*Q-S1,L=V*Q-Median,L=V*Q-S5,L=V*Q-Mean,L=V*Q-Observation number,L=V*Q-Standard deviation,L=V*Q-Mean day of the month,L=V*Q-Fraction of daylight observations,M=(QS-Q)*U-S1,M=(QS-Q)*U-Median,M=(QS-Q)*U-S5,M=(QS-Q)*U-Mean,M=(QS-Q)*U-Observation number,M=(QS-Q)*U-Standard deviation,M=(QS-Q)*U-Mean day of the month,M=(QS-Q)*U-Fraction of daylight observations,N=(QS-Q)*V-S1,N=(QS-Q)*V-Median,N=(QS-Q)*V-S5,N=(QS-Q)*V-Mean,N=(QS-Q)*V-Observation number,N=(QS-Q)*V-Standard deviation,N=(QS-Q)*V-Mean day of the month,N=(QS-Q)*V-Fraction of daylight observations,B1=W*W*W-S1,B1=W*W*W-Median,B1=W*W*W-S5,B1=W*W*W-Mean,B1=W*W*W-Observation number,B1=W*W*W-Standard deviation,B1=W*W*W-Mean day of the month,B1=W*W*W-Fraction of daylight observations,B2=W*W*W-S1,B2=W*W*W-Median,B2=W*W*W-S5,B2=W*W*W-Mean,B2=W*W*W-Observation number,B2=W*W*W-Standard deviation,B2=W*W*W-Mean day of the month,B2=W*W*W-Fraction of daylight observations
1891,8,22700,-179.2,-19.7,,,,,,,,,,,,,,,,,,,,,,,,,,,,,,,,,2.6,2.6,2.6,2.6,1.0,0.0,22.0,1.0,-1.84,-1.84,-1.84,-1.84,1.0,0.0,22.0,1.0,1.84,1.84,1.84,1.84,1.0,0.0,22.0,1.0,1011.5,1011.5,1011.5,1011.5,1.0,0.0,22.0,1.0,,,,,,,,,,,,,,,,,,,,,,,,,,,,,,,,,,,,,,,,,,,,,,,,,,,,,,,,,,,,,,,,,,,,,,,,,,,,,,,,,,,,,,,,,,,,,,,,,,,,,,,,,,,,,,,,,,,,,,,,,,,,,,,,
1891,8,22700,-177.2,-23.2,,,,,,,,,,,,,,,,,,,,,,,,,,,,,,,,,4.6,4.6,4.6,4.6,1.0,0.0,14.0,1.0,-4.6,-4.6,-4.6,-4.6,1.0,0.0,14.0,1.0,0.0,0.0,0.0,0.0,1.0,0.0,14.0,1.0,1016.8,1016.8,1016.8,1016.8,1.0,0.0,14.0,1.0,,,,,,,,,,,,,,,,,,,,,,,,,,,,,,,,,,,,,,,,,,,,,,,,,,,,,,,,,,,,,,,,,,,,,,,,,,,,,,,,,,,,,,,,,,,,,,,,,,,,,,,,,,,,,,,,,,,,,,,,,,,,,,,,
1891,8,22700,-175.2,-15.7,,,,,,,,,,,,,,,,,,,,,,,,,,,,,,,,,4.6,4.6,4.6,4.6,1.0,0.0,20.0,1.0,-3.25,-3.25,-3.25,-3.25,1.0,0.0,20.0,1.0,3.25,3.25,3.25,3.25,1.0,0.0,20.0,1.0,1011.9,1011.9,1011.9,1011.9,1.0,0.0,20.0,1.0,,,,,,,,,,,,,,,,,,,,,,,,,,,,,,,,,,,,,,,,,,,,,,,,,,,,,,,,,,,,,,,,,,,,,,,,,,,,,,,,,,,,,,,,,,,,,,,,,,,,,,,,,,,,,,,,,,,,,,,,,,,,,,,,
1891,8,22700,-173.2,-19.2,,,,,,,,,,,,,,,,,,,,,,,,,,,,,,,,,4.6,4.6,4.6,4.6,1.0,0.0,16.0,1.0,-4.23,-4.23,-4.23,-4.23,1.0,0.0,16.0,1.0,1.8,1.8,1.8,1.8,1.0,0.0,16.0,1.0,1014.3,1014.3,1014.3,1014.3,1.0,0.0,16.0,1.0,,,,,,,,,,,,,,,,,,,,,,,,,,,,,,,,,,,,,,,,,,,,,,,,,,,,,,,,,,,,,,,,,,,,,,,,,,,,,,,,,,,,,,,,,,,,,,,,,,,,,,,,,,,,,,,,,,,,,,,,,,,,,,,,
1891,8,22700,-171.7,-15.2,,,,,,,,,,,,,,,,,,,,,,,,,,,,,,,,,2.6,2.6,2.6,2.6,1.0,0.0,16.0,1.0,-1.84,-1.84,-1.84,-1.84,1.0,0.0,16.0,1.0,1.84,1.84,1.84,1.84,1.0,0.0,16.0,1.0,1011.9,1011.9,1011.9,1011.9,1.0,0.0,16.0,1.0,,,,,,,,,,,,,,,,,,,,,,,,,,,,,,,,,,,,,,,,,,,,,,,,,,,,,,,,,,,,,,,,,,,,,,,,,,,,,,,,,,,,,,,,,,,,,,,,,,,,,,,,,,,,,,,,,,,,,,,,,,,,,,,,
1891,8,22700,-159.7,28.5,,,,,,,,,,,,,,,,,,,,,,,,,,,,,,,,,3.25,4.65,6.05,4.65,2.0,2.9,8.0,1.0,-5.64,-4.41,-3.17,-4.41,2.0,2.55,8.0,1.0,-2.11,-1.25,-0.4,-1.25,2.0,1.77,8.0,1.0,1020.57,1020.95,1021.33,1020.95,2.0,0.78,8.0,1.0,,,,,,,,,,,,,,,,,,,,,,,,,,,,,,,,,,,,,,,,,,,,,,,,,,,,,,,,,,,,,,,,,,,,,,,,,,,,,,,,,,,,,,,,,,,,,,,,,,,,,,,,,,,,,,,,,,,,,,,,,,,,,,,,
1891,8,22700,-159.2,24.8,,,,,,,,,,,,,,,,,,,,,,,,,,,,,,,,,6.7,6.7,6.7,6.7,1.0,0.0,8.0,1.0,-6.21,-6.21,-6.21,-6.21,1.0,0.0,8.0,1.0,-2.51,-2.51,-2.51,-2.51,1.0,0.0,8.0,1.0,1019.3,1019.3,1019.3,1019.3,1.0,0.0,8.0,1.0,,,,,,,,,,,,,,,,,,,,,,,,,,,,,,,,,,,,,,,,,,,,,,,,,,,,,,,,,,,,,,,,,,,,,,,,,,,,,,,,,,,,,,,,,,,,,,,,,,,,,,,,,,,,,,,,,,,,,,,,,,,,,,,,
1891,8,22700,-159.2,30.8,,,,,,,,,,,,,,,,,,,,,,,,,,,,,,,,,1.0,1.0,1.0,1.0,2.0,0.0,10.0,1.0,-0.78,-0.3,0.17,-0.3,2.0,0.98,10.0,1.0,0.15,0.46,0.77,0.46,2.0,0.65,10.0,1.0,1021.27,1021.85,1022.43,1021.85,2.0,1.2,10.0,1.0,,,,,,,,,,,,,,,,,,,,,,,,,,,,,,,,,,,,,,,,,,,,,,,,,,,,,,,,,,,,,,,,,,,,,,,,,,,,,,,,,,,,,,,,,,,,,,,,,,,,,,,,,,,,,,,,,,,,,,,,,,,,,,,,
1891,8,22700,-159.2,32.3,,,,,,,,,,,,,,,,,,,,,,,,,,,,,,,,,4.6,4.6,4.6,4.6,1.0,0.0,12.0,1.0,1.8,1.8,1.8,1.8,1.0,0.0,12.0,1.0,4.23,4.23,4.23,4.23,1.0,0.0,12.0,1.0,1019.9,1019.9,1019.9,1019.9,1.0,0.0,12.0,1.0,,,,,,,,,,,,,,,,,,,,,,,,,,,,,,,,,,,,,,,,,,,,,,,,,,,,,,,,,,,,,,,,,,,,,,,,,,,,,,,,,,,,,,,,,,,,,,,,,,,,,,,,,,,,,,,,,,,,,,,,,,,,,,,,
1891,8,22700,-157.5,32.3,,,,,,,,,,,,,,,,,,,,,,,,,,,,,,,,,1.25,1.8,2.35,1.8,2.0,1.13,14.0,1.0,-0.3,0.57,1.43,0.57,2.0,1.8,14.0,1.0,-1.66,-1.27,-0.89,-1.27,2.0,0.8,14.0,1.0,1020.75,1020.85,1020.95,1020.85,2.0,0.21,14.0,1.0,,,,,,,,,,,,,,,,,,,,,,,,,,,,,,,,,,,,,,,,,,,,,,,,,,,,,,,,,,,,,,,,,,,,,,,,,,,,,,,,,,,,,,,,,,,,,,,,,,,,,,,,,,,,,,,,,,,,,,,,,,,,,,,,
1891,8,22700,-155.7,34.3,,,,,,,,,,,,,,,,,,,,,,,,,,,,,,,,,4.6,4.6,4.6,4.6,1.0,0.0,16.0,1.0,3.25,3.25,3.25,3.25,1.0,0.0,16.0,1.0,-3.25,-3.25,-3.25,-3.25,1.0,0.0,16.0,1.0,1019.3,1019.3,1019.3,1019.3,1.0,0.0,16.0,1.0,,,,,,,,,,,,,,,,,,,,,,,,,,,,,,,,,,,,,,,,,,,,,,,,,,,,,,,,,,,,,,,,,,,,,,,,,,,,,,,,,,,,,,,,,,,,,,,,,,,,,,,,,,,,,,,,,,,,,,,,,,,,,,,,
1891,8,22700,-153.7,34.8,,,,,,,,,,,,,,,,,,,,,,,,,,,,,,,,,2.6,2.6,2.6,2.6,1.0,0.0,16.0,1.0,2.39,2.39,2.39,2.39,1.0,0.0,16.0,1.0,-1.02,-1.02,-1.02,-1.02,1.0,0.0,16.0,1.0,1019.7,1019.7,1019.7,1019.7,1.0,0.0,16.0,1.0,,,,,,,,,,,,,,,,,,,,,,,,,,,,,,,,,,,,,,,,,,,,,,,,,,,,,,,,,,,,,,,,,,,,,,,,,,,,,,,,,,,,,,,,,,,,,,,,,,,,,,,,,,,,,,,,,,,,,,,,,,,,,,,,
1891,8,22700,-151.5,36.3,,,,,,,,,,,,,,,,,,,,,,,,,,,,,,,,,4.6,4.6,4.6,4.6,2.0,0.0,18.0,1.0,4.32,4.43,4.55,4.43,2.0,0.24,18.0,1.0,0.27,0.86,1.45,0.86,2.0,1.22,18.0,1.0,1024.32,1024.35,1024.38,1024.35,2.0,0.07,18.0,1.0,,,,,,,,,,,,,,,,,,,,,,,,,,,,,,,,,,,,,,,,,,,,,,,,,,,,,,,,,,,,,,,,,,,,,,,,,,,,,,,,,,,,,,,,,,,,,,,,,,,,,,,,,,,,,,,,,,,,,,,,,,,,,,,,
1891,8,22700,-149.2,36.8,,,,,,,,,,,,,,,,,,,,,,,,,,,,,,,,,2.6,2.6,2.6,2.6,1.0,0.0,20.0,1.0,2.39,2.39,2.39,2.39,1.0,0.0,20.0,1.0,-1.02,-1.02,-1.02,-1.02,1.0,0.0,20.0,1.0,1023.1,1023.1,1023.1,1023.1,1.0,0.0,20.0,1.0,,,,,,,,,,,,,,,,,,,,,,,,,,,,,,,,,,,,,,,,,,,,,,,,,,,,,,,,,,,,,,,,,,,,,,,,,,,,,,,,,,,,,,,,,,,,,,,,,,,,,,,,,,,,,,,,,,,,,,,,,,,,,,,,
1891,8,22700,-147.7,38.3,,,,,,,,,,,,,,,,,,,,,,,,,,,,,,,,,2.6,2.6,2.6,2.6,1.0,0.0,22.0,1.0,-1.02,-1.02,-1.02,-1.02,1.0,0.0,22.0,1.0,-2.39,-2.39,-2.39,-2.39,1.0,0.0,22.0,1.0,1027.3,1027.3,1027.3,1027.3,1.0,0.0,22.0,1.0,,,,,,,,,,,,,,,,,,,,,,,,,,,,,,,,,,,,,,,,,,,,,,,,,,,,,,,,,,,,,,,,,,,,,,,,,,,,,,,,,,,,,,,,,,,,,,,,,,,,,,,,,,,,,,,,,,,,,,,,,,,,,,,,
1891,8,22700,-147.5,36.5,,,,,,,,,,,,,,,,,,,,,,,,,,,,,,,,,3.25,4.65,6.05,4.65,2.0,2.9,20.0,1.0,-5.93,-4.27,-2.61,-4.27,2.0,3.44,20.0,1.0,-1.55,-0.92,-0.29,-0.92,2.0,1.3,20.0,1.0,1023.72,1023.75,1023.78,1023.75,2.0,0.07,20.0,1.0,,,,,,,,,,,,,,,,,,,,,,,,,,,,,,,,,,,,,,,,,,,,,,,,,,,,,,,,,,,,,,,,,,,,,,,,,,,,,,,,,,,,,,,,,,,,,,,,,,,,,,,,,,,,,,,,,,,,,,,,,,,,,,,,
1891,8,22700,-145.4,36.8,,,,,,,,,,,,,,,,,,,,,,,,,,,,,,,,,1.0,3.6,6.47,3.4,8.0,2.63,24.0,0.8,-4.5,-1.64,0.0,-1.91,8.0,2.34,24.0,0.8,-3.81,-3.17,-0.08,-2.36,8.0,2.02,24.0,0.8,1021.48,1022.3,1024.83,1023.13,3.0,2.55,24.0,1.0,,,,,,,,,,,,,,,,,,,,,,,,,,,,,,,,,,,,,,,,,,,,,,,,,,,,,,,,,,,,,,,,,,,,,,,,,,,,,,,,,,,,,,,,,,,,,,,,,,,,,,,,,,,,,,,,,,,,,,,,,,,,,,,,
1891,8,22700,-143.6,36.4,,,,,,,,,,,,,,,,,,,,,,,,,,,,,,,,,4.6,7.2,9.8,7.2,4.0,3.0,24.0,0.5,-6.93,-5.09,-2.49,-4.73,4.0,2.61,24.0,0.5,-6.93,-5.58,-3.72,-5.34,4.0,1.88,24.0,0.5,1022.1,1022.1,1022.1,1022.1,1.0,0.0,26.0,1.0,,,,,,,,,,,,,,,,,,,,,,,,,,,,,,,,,,,,,,,,,,,,,,,,,,,,,,,,,,,,,,,,,,,,,,,,,,,,,,,,,,,,,,,,,,,,,,,,,,,,,,,,,,,,,,,,,,,,,,,,,,,,,,,,
1891,8,22700,-143.5,38.6,,,,,,,,,,,,,,,,,,,,,,,,,,,,,,,,,1.0,4.6,9.8,5.08,10.0,3.62,28.0,0.5,-4.27,-1.8,-0.8,-2.21,10.0,1.82,28.0,0.5,-8.98,-1.72,-0.05,-3.2,10.0,4.65,28.0,0.5,1027.0,1027.0,1027.0,1027.0,1.0,0.0,30.0,1.0,,,,,,,,,,,,,,,,,,,,,,,,,,,,,,,,,,,,,,,,,,,,,,,,,,,,,,,,,,,,,,,,,,,,,,,,,,,,,,,,,,,,,,,,,,,,,,,,,,,,,,,,,,,,,,,,,,,,,,,,,,,,,,,,
1891,8,22700,-143.5,40.6,,,,,,,,,,,,,,,,,,,,,,,,,,,,,,,,,2.6,6.7,9.8,6.85,13.0,3.42,24.0,0.5,-5.8,-3.83,-1.24,-3.12,13.0,4.58,24.0,0.5,-8.18,-4.74,-0.34,-3.99,13.0,3.71,24.0,0.5,1029.2,1029.2,1029.2,1029.2,1.0,0.0,30.0,1.0,,,,,,,,,,,,,,,,,,,,,,,,,,,,,,,,,,,,,,,,,,,,,,,,,,,,,,,,,,,,,,,,,,,,,,,,,,,,,,,,,,,,,,,,,,,,,,,,,,,,,,,,,,,,,,,,,,,,,,,,,,,,,,,,
1891,8,22700,-141.7,36.6,,,,,,,,,,,,,,,,,,,,,,,,,,,,,,,,,1.0,2.6,4.6,2.71,7.0,1.47,8.0,0.6,-0.92,1.84,3.85,1.64,7.0,2.11,8.0,0.6,-0.96,0.39,1.87,0.32,7.0,1.74,8.0,0.6,1020.38,1020.55,1020.72,1020.55,2.0,0.35,28.0,1.0,,,,,,,,,,,,,,,,,,,,,,,,,,,,,,,,,,,,,,,,,,,,,,,,,,,,,,,,,,,,,,,,,,,,,,,,,,,,,,,,,,,,,,,,,,,,,,,,,,,,,,,,,,,,,,,,,,,,,,,,,,,,,,,,
1891,8,22700,-141.7,38.5,,,,,,,,,,,,,,,,,,,,,,,,,,,,,,,,,2.6,4.6,4.6,3.53,9.0,1.36,6.0,0.7,0.88,2.16,3.48,1.88,9.0,2.01,6.0,0.7,0.15,2.39,3.81,1.99,9.0,1.85,6.0,0.7,1020.7,1020.7,1020.7,1020.7,1.0,0.0,30.0,1.0,,,,,,,,,,,,,,,,,,,,,,,,,,,,,,,,,,,,,,,,,,,,,,,,,,,,,,,,,,,,,,,,,,,,,,,,,,,,,,,,,,,,,,,,,,,,,,,,,,,,,,,,,,,,,,,,,,,,,,,,,,,,,,,,
1891,8,22700,-111.7,24.8,,,,,,,,,,,,,,,,,,,,,,,,,,,,,,,,,6.7,6.7,6.7,6.7,1.0,0.0,30.0,1.0,4.74,4.74,4.74,4.74,1.0,0.0,30.0,1.0,4.74,4.74,4.74,4.74,1.0,0.0,30.0,1.0,1010.6,1010.6,1010.6,1010.6,1.0,0.0,30.0,1.0,,,,,,,,,,,,,,,,,,,,,,,,,,,,,,,,,,,,,,,,,,,,,,,,,,,,,,,,,,,,,,,,,,,,,,,,,,,,,,,,,,,,,,,,,,,,,,,,,,,,,,,,,,,,,,,,,,,,,,,,,,,,,,,,
1891,8,22700,-111.7,26.3,,,,,,,,,,,,,,,,,,,,,,,,,,,,,,,,,2.6,2.6,2.6,2.6,1.0,0.0,30.0,1.0,-1.84,-1.84,-1.84,-1.84,1.0,0.0,30.0,1.0,1.84,1.84,1.84,1.84,1.0,0.0,30.0,1.0,1010.6,1010.6,1010.6,1010.6,1.0,0.0,30.0,1.0,,,,,,,,,,,,,,,,,,,,,,,,,,,,,,,,,,,,,,,,,,,,,,,,,,,,,,,,,,,,,,,,,,,,,,,,,,,,,,,,,,,,,,,,,,,,,,,,,,,,,,,,,,,,,,,,,,,,,,,,,,,,,,,,
1891,8,22700,-109.7,16.5,,,,,,,,,,,,,,,,,,,,,,,,,,,,,,,,,4.93,5.65,6.37,5.65,2.0,1.48,22.0,1.0,-5.23,-3.11,-0.99,-3.11,2.0,4.39,22.0,1.0,-4.27,-3.55,-2.84,-3.55,2.0,1.48,22.0,1.0,1013.09,1013.7,1014.31,1013.7,2.0,1.27,22.0,1.0,,,,,,,,,,,,,,,,,,,,,,,,,,,,,,,,,,,,,,,,,,,,,,,,,,,,,,,,,,,,,,,,,,,,,,,,,,,,,,,,,,,,,,,,,,,,,,,,,,,,,,,,,,,,,,,,,,,,,,,,,,,,,,,,
1891,8,22700,-109.7,18.8,,,,,,,,,,,,,,,,,,,,,,,,,,,,,,,,,6.7,6.7,6.7,6.7,1.0,0.0,24.0,1.0,-6.21,-6.21,-6.21,-6.21,1.0,0.0,24.0,1.0,-2.51,-2.51,-2.51,-2.51,1.0,0.0,24.0,1.0,1013.5,1013.5,1013.5,1013.5,1.0,0.0,24.0,1.0,,,,,,,,,,,,,,,,,,,,,,,,,,,,,,,,,,,,,,,,,,,,,,,,,,,,,,,,,,,,,,,,,,,,,,,,,,,,,,,,,,,,,,,,,,,,,,,,,,,,,,,,,,,,,,,,,,,,,,,,,,,,,,,,
1891,8,22700,-109.7,20.8,,,,,,,,,,,,,,,,,,,,,,,,,,,,,,,,,6.7,6.7,6.7,6.7,1.0,0.0,26.0,1.0,-6.7,-6.7,-6.7,-6.7,1.0,0.0,26.0,1.0,0.0,0.0,0.0,0.0,1.0,0.0,26.0,1.0,1013.1,1013.1,1013.1,1013.1,1.0,0.0,26.0,1.0,,,,,,,,,,,,,,,,,,,,,,,,,,,,,,,,,,,,,,,,,,,,,,,,,,,,,,,,,,,,,,,,,,,,,,,,,,,,,,,,,,,,,,,,,,,,,,,,,,,,,,,,,,,,,,,,,,,,,,,,,,,,,,,,
1891,8,22700,-109.7,22.5,,,,,,,,,,,,,,,,,,,,,,,,,,,,,,,,,1.25,1.8,2.35,1.8,2.0,1.13,26.0,1.0,0.15,0.46,0.78,0.46,2.0,0.66,26.0,1.0,-2.13,-1.11,-0.1,-1.11,2.0,2.1,26.0,1.0,1015.21,1015.45,1015.69,1015.45,2.0,0.49,26.0,1.0,,,,,,,,,,,,,,,,,,,,,,,,,,,,,,,,,,,,,,,,,,,,,,,,,,,,,,,,,,,,,,,,,,,,,,,,,,,,,,,,,,,,,,,,,,,,,,,,,,,,,,,,,,,,,,,,,,,,,,,,,,,,,,,,
1891,8,22700,-109.7,24.3,,,,,,,,,,,,,,,,,,,,,,,,,,,,,,,,,0.0,0.0,0.0,0.0,1.0,0.0,28.0,1.0,0.0,0.0,0.0,0.0,1.0,0.0,28.0,1.0,0.0,0.0,0.0,0.0,1.0,0.0,28.0,1.0,1011.8,1011.8,1011.8,1011.8,1.0,0.0,28.0,1.0,,,,,,,,,,,,,,,,,,,,,,,,,,,,,,,,,,,,,,,,,,,,,,,,,,,,,,,,,,,,,,,,,,,,,,,,,,,,,,,,,,,,,,,,,,,,,,,,,,,,,,,,,,,,,,,,,,,,,,,,,,,,,,,,
1891,8,22700,-107.7,2.3,,,,,,,,,,,,,,,,,,,,,,,,,,,,,,,,,6.7,6.7,6.7,6.7,1.0,0.0,14.0,1.0,0.0,0.0,0.0,0.0,1.0,0.0,14.0,1.0,6.7,6.7,6.7,6.7,1.0,0.0,14.0,1.0,1015.7,1015.7,1015.7,1015.7,1.0,0.0,14.0,1.0,,,,,,,,,,,,,,,,,,,,,,,,,,,,,,,,,,,,,,,,,,,,,,,,,,,,,,,,,,,,,,,,,,,,,,,,,,,,,,,,,,,,,,,,,,,,,,,,,,,,,,,,,,,,,,,,,,,,,,,,,,,,,,,,
1891,8,22700,-107.7,4.8,,,,,,,,,,,,,,,,,,,,,,,,,,,,,,,,,6.7,6.7,6.7,6.7,1.0,0.0,16.0,1.0,0.0,0.0,0.0,0.0,1.0,0.0,16.0,1.0,6.7,6.7,6.7,6.7,1.0,0.0,16.0,1.0,1013.3,1013.3,1013.3,1013.3,1.0,0.0,16.0,1.0,,,,,,,,,,,,,,,,,,,,,,,,,,,,,,,,,,,,,,,,,,,,,,,,,,,,,,,,,,,,,,,,,,,,,,,,,,,,,,,,,,,,,,,,,,,,,,,,,,,,,,,,,,,,,,,,,,,,,,,,,,,,,,,,
1891,8,22700,-107.7,6.8,,,,,,,,,,,,,,,,,,,,,,,,,,,,,,,,,6.7,6.7,6.7,6.7,1.0,0.0,16.0,1.0,6.7,6.7,6.7,6.7,1.0,0.0,16.0,1.0,0.0,0.0,0.0,0.0,1.0,0.0,16.0,1.0,1015.1,1015.1,1015.1,1015.1,1.0,0.0,16.0,1.0,,,,,,,,,,,,,,,,,,,,,,,,,,,,,,,,,,,,,,,,,,,,,,,,,,,,,,,,,,,,,,,,,,,,,,,,,,,,,,,,,,,,,,,,,,,,,,,,,,,,,,,,,,,,,,,,,,,,,,,,,,,,,,,,
1891,8,22700,-107.7,14.5,,,,,,,,,,,,,,,,,,,,,,,,,,,,,,,,,4.93,5.65,6.37,5.65,2.0,1.48,20.0,1.0,-5.7,-4.71,-3.72,-4.71,2.0,2.06,20.0,1.0,-2.32,-0.32,1.69,-0.32,2.0,4.15,20.0,1.0,1013.1,1013.1,1013.1,1013.1,2.0,0.0,20.0,1.0,,,,,,,,,,,,,,,,,,,,,,,,,,,,,,,,,,,,,,,,,,,,,,,,,,,,,,,,,,,,,,,,,,,,,,,,,,,,,,,,,,,,,,,,,,,,,,,,,,,,,,,,,,,,,,,,,,,,,,,,,,,,,,,,
1891,8,22700,-107.2,8.8,,,,,,,,,,,,,,,,,,,,,,,,,,,,,,,,,1.0,1.0,1.0,1.0,1.0,0.0,18.0,1.0,0.71,0.71,0.71,0.71,1.0,0.0,18.0,1.0,-0.71,-0.71,-0.71,-0.71,1.0,0.0,18.0,1.0,1014.06,1014.4,1014.74,1014.4,2.0,0.71,18.0,1.0,,,,,,,,,,,,,,,,,,,,,,,,,,,,,,,,,,,,,,,,,,,,,,,,,,,,,,,,,,,,,,,,,,,,,,,,,,,,,,,,,,,,,,,,,,,,,,,,,,,,,,,,,,,,,,,,,,,,,,,,,,,,,,,,
1891,8,22700,-107.2,10.8,,,,,,,,,,,,,,,,,,,,,,,,,,,,,,,,,6.7,6.7,6.7,6.7,1.0,0.0,20.0,1.0,-2.51,-2.51,-2.51,-2.51,1.0,0.0,20.0,1.0,6.21,6.21,6.21,6.21,1.0,0.0,20.0,1.0,1012.6,1012.6,1012.6,1012.6,1.0,0.0,20.0,1.0,,,,,,,,,,,,,,,,,,,,,,,,,,,,,,,,,,,,,,,,,,,,,,,,,,,,,,,,,,,,,,,,,,,,,,,,,,,,,,,,,,,,,,,,,,,,,,,,,,,,,,,,,,,,,,,,,,,,,,,,,,,,,,,,
1891,8,22700,-105.4,0.1,,,,,,,,,,,,,,,,,,,,,,,,,,,,,,,,,4.93,5.65,6.37,5.65,2.0,1.48,12.0,1.0,-2.39,-2.12,-1.85,-2.12,2.0,0.56,12.0,1.0,4.57,5.24,5.9,5.24,2.0,1.38,12.0,1.0,1014.75,1014.85,1014.95,1014.85,2.0,0.21,12.0,1.0,,,,,,,,,,,,,,,,,,,,,,,,,,,,,,,,,,,,,,,,,,,,,,,,,,,,,,,,,,,,,,,,,,,,,,,,,,,,,,,,,,,,,,,,,,,,,,,,,,,,,,,,,,,,,,,,,,,,,,,,,,,,,,,,
1891,8,22700,-105.2,-1.2,,,,,,,,,,,,,,,,,,,,,,,,,,,,,,,,,4.6,4.6,4.6,4.6,1.0,0.0,12.0,1.0,-1.72,-1.72,-1.72,-1.72,1.0,0.0,12.0,1.0,4.27,4.27,4.27,4.27,1.0,0.0,12.0,1.0,1015.8,1015.8,1015.8,1015.8,1.0,0.0,12.0,1.0,,,,,,,,,,,,,,,,,,,,,,,,,,,,,,,,,,,,,,,,,,,,,,,,,,,,,,,,,,,,,,,,,,,,,,,,,,,,,,,,,,,,,,,,,,,,,,,,,,,,,,,,,,,,,,,,,,,,,,,,,,,,,,,,
1891,8,22700,-103.7,-3.2,,,,,,,,,,,,,,,,,,,,,,,,,,,,,,,,,6.7,6.7,6.7,6.7,1.0,0.0,12.0,1.0,-2.51,-2.51,-2.51,-2.51,1.0,0.0,12.0,1.0,6.21,6.21,6.21,6.21,1.0,0.0,12.0,1.0,1015.9,1015.9,1015.9,1015.9,1.0,0.0,12.0,1.0,,,,,,,,,,,,,,,,,,,,,,,,,,,,,,,,,,,,,,,,,,,,,,,,,,,,,,,,,,,,,,,,,,,,,,,,,,,,,,,,,,,,,,,,,,,,,,,,,,,,,,,,,,,,,,,,,,,,,,,,,,,,,,,,
1891,8,22700,-103.2,-5.2,,,,,,,,,,,,,,,,,,,,,,,,,,,,,,,,,6.7,6.7,6.7,6.7,1.0,0.0,10.0,1.0,-2.51,-2.51,-2.51,-2.51,1.0,0.0,10.0,1.0,6.21,6.21,6.21,6.21,1.0,0.0,10.0,1.0,1016.8,1016.8,1016.8,1016.8,1.0,0.0,10.0,1.0,,,,,,,,,,,,,,,,,,,,,,,,,,,,,,,,,,,,,,,,,,,,,,,,,,,,,,,,,,,,,,,,,,,,,,,,,,,,,,,,,,,,,,,,,,,,,,,,,,,,,,,,,,,,,,,,,,,,,,,,,,,,,,,,
1891,8,22700,-101.2,-7.2,,,,,,,,,,,,,,,,,,,,,,,,,,,,,,,,,6.7,6.7,6.7,6.7,1.0,0.0,10.0,1.0,-2.51,-2.51,-2.51,-2.51,1.0,0.0,10.0,1.0,6.21,6.21,6.21,6.21,1.0,0.0,10.0,1.0,1018.7,1018.7,1018.7,1018.7,1.0,0.0,10.0,1.0,,,,,,,,,,,,,,,,,,,,,,,,,,,,,,,,,,,,,,,,,,,,,,,,,,,,,,,,,,,,,,,,,,,,,,,,,,,,,,,,,,,,,,,,,,,,,,,,,,,,,,,,,,,,,,,,,,,,,,,,,,,,,,,,
1891,8,22700,-99.2,-9.7,,,,,,,,,,,,,,,,,,,,,,,,,,,,,,,,,9.3,9.3,9.3,9.3,1.0,0.0,8.0,1.0,-6.58,-6.58,-6.58,-6.58,1.0,0.0,8.0,1.0,6.58,6.58,6.58,6.58,1.0,0.0,8.0,1.0,1019.7,1019.7,1019.7,1019.7,1.0,0.0,8.0,1.0,,,,,,,,,,,,,,,,,,,,,,,,,,,,,,,,,,,,,,,,,,,,,,,,,,,,,,,,,,,,,,,,,,,,,,,,,,,,,,,,,,,,,,,,,,,,,,,,,,,,,,,,,,,,,,,,,,,,,,,,,,,,,,,,
1891,8,22700,-97.5,-13.5,,,,,,,,,,,,,,,,,,,,,,,,,,,,,,,,,7.11,8.0,8.89,8.0,2.0,1.84,6.0,1.0,-5.93,-4.54,-3.16,-4.54,2.0,2.88,6.0,1.0,6.27,6.39,6.52,6.39,2.0,0.26,6.0,1.0,1021.7,1021.7,1021.7,1021.7,1.0,0.0,8.0,1.0,,,,,,,,,,,,,,,,,,,,,,,,,,,,,,,,,,,,,,,,,,,,,,,,,,,,,,,,,,,,,,,,,,,,,,,,,,,,,,,,,,,,,,,,,,,,,,,,,,,,,,,,,,,,,,,,,,,,,,,,,,,,,,,,
1891,8,22700,-93.0,18.5,,,,,,,,,,,,,,,,,,,,,,,,,,,,,,,,,3.23,4.6,6.03,4.63,3.0,2.05,10.0,0.3,-2.26,-1.72,-1.21,-1.74,3.0,0.77,10.0,0.3,-5.59,-4.27,-3.0,-4.3,3.0,1.9,10.0,0.3,1013.0,1013.0,1013.68,1013.33,3.0,0.58,10.0,0.3,,,,,,,,,,,,,,,,,,,,,,,,,,,,,,,,,,,,,,,,,,,,,,,,,,,,,,,,,,,,,,,,,,,,,,,,,,,,,,,,,,,,,,,,,,,,,,,,,,,,,,,,,,,,,,,,,,,,,,,,,,,,,,,,
1891,8,22700,-91.5,18.5,,,,,,,,,,,,,,,,,,,,,,,,,,,,,,,,,2.6,3.6,4.6,3.4,8.0,1.39,12.0,0.5,-4.27,-3.32,-2.39,-3.03,8.0,1.53,12.0,0.5,-1.02,-0.01,1.72,0.16,8.0,1.51,12.0,0.5,1013.0,1013.0,1013.89,1013.25,8.0,0.46,12.0,0.5,,,,,,,,,,,,,,,,,,,,,,,,,,,,,,,,,,,,,,,,,,,,,,,,,,,,,,,,,,,,,,,,,,,,,,,,,,,,,,,,,,,,,,,,,,,,,,,,,,,,,,,,,,,,,,,,,,,,,,,,,,,,,,,,
1891,8,22700,-91.2,-19.7,,,,,,,,,,,,,,,,,,,,,,,,,,,,,,,,,4.6,4.6,4.6,4.6,1.0,0.0,4.0,1.0,-1.72,-1.72,-1.72,-1.72,1.0,0.0,4.0,1.0,4.27,4.27,4.27,4.27,1.0,0.0,4.0,1.0,1023.1,1023.1,1023.1,1023.1,1.0,0.0,4.0,1.0,,,,,,,,,,,,,,,,,,,,,,,,,,,,,,,,,,,,,,,,,,,,,,,,,,,,,,,,,,,,,,,,,,,,,,,,,,,,,,,,,,,,,,,,,,,,,,,,,,,,,,,,,,,,,,,,,,,,,,,,,,,,,,,,
1891,8,22700,-91.10000000000002,20.2,,,,,,,,,,,,,,,,,,,,,,,,,,,,,,,,,2.6,3.6,4.6,3.82,14.0,1.97,14.0,0.6,-4.23,-2.51,0.93,-2.1,14.0,2.47,14.0,0.6,-2.36,0.0,1.84,0.06,14.0,2.96,14.0,0.6,1012.0,1013.0,1013.94,1012.79,14.0,1.05,14.0,0.6,,,,,,,,,,,,,,,,,,,,,,,,,,,,,,,,,,,,,,,,,,,,,,,,,,,,,,,,,,,,,,,,,,,,,,,,,,,,,,,,,,,,,,,,,,,,,,,,,,,,,,,,,,,,,,,,,,,,,,,,,,,,,,,,
1891,8,22700,-89.69999999999999,-23.2,,,,,,,,,,,,,,,,,,,,,,,,,,,,,,,,,4.6,4.6,4.6,4.6,1.0,0.0,2.0,1.0,-4.27,-4.27,-4.27,-4.27,1.0,0.0,2.0,1.0,-1.72,-1.72,-1.72,-1.72,1.0,0.0,2.0,1.0,1024.2,1024.2,1024.2,1024.2,1.0,0.0,2.0,1.0,,,,,,,,,,,,,,,,,,,,,,,,,,,,,,,,,,,,,,,,,,,,,,,,,,,,,,,,,,,,,,,,,,,,,,,,,,,,,,,,,,,,,,,,,,,,,,,,,,,,,,,,,,,,,,,,,,,,,,,,,,,,,,,,
1891,8,22700,-89.69999999999999,-21.5,,,,,,,,,,,,,,,,,,,,,,,,,,,,,,,,,5.82,8.45,11.08,8.45,2.0,5.44,12.0,1.0,-7.99,-6.48,-4.97,-6.48,2.0,3.13,12.0,1.0,-0.07,3.49,7.04,3.49,2.0,7.37,12.0,1.0,1022.4,1022.4,1022.4,1022.4,1.0,0.0,4.0,1.0,,,,,,,,,,,,,,,,,,,,,,,,,,,,,,,,,,,,,,,,,,,,,,,,,,,,,,,,,,,,,,,,,,,,,,,,,,,,,,,,,,,,,,,,,,,,,,,,,,,,,,,,,,,,,,,,,,,,,,,,,,,,,,,,
1891,8,22700,-89.5,20.5,,,,,,,,,,,,,,,,,,,,,,,,,,,,,,,,,3.87,4.6,5.37,4.62,5.0,1.45,16.0,0.4,-3.61,-2.51,-2.15,-2.82,5.0,0.96,16.0,0.4,1.51,3.25,4.98,3.31,5.0,2.05,16.0,0.4,1011.5,1012.3,1013.77,1012.58,5.0,1.16,16.0,0.4,,,,,,,,,,,,,,,,,,,,,,,,,,,,,,,,,,,,,,,,,,,,,,,,,,,,,,,,,,,,,,,,,,,,,,,,,,,,,,,,,,,,,,,,,,,,,,,,,,,,,,,,,,,,,,,,,,,,,,,,,,,,,,,,
1891,8,22700,-89.10000000000002,22.0,,,,,,,,,,,,,,,,,,,,,,,,,,,,,,,,,1.0,4.6,4.6,3.25,14.0,2.07,16.0,0.5,-4.26,-2.93,-0.42,-2.44,14.0,1.68,16.0,0.5,-1.67,0.0,3.25,0.49,14.0,2.48,16.0,0.5,1013.8,1014.3,1015.1,1014.27,14.0,0.94,16.0,0.5,,,,,,,,,,,,,,,,,,,,,,,,,,,,,,,,,,,,,,,,,,,,,,,,,,,,,,,,,,,,,,,,,,,,,,,,,,,,,,,,,,,,,,,,,,,,,,,,,,,,,,,,,,,,,,,,,,,,,,,,,,,,,,,,
1891,8,22700,-89.10000000000002,28.0,,,,,,,,,,,,,,,,,,,,,,,,,,,,,,,,,1.0,1.0,2.6,1.53,6.0,0.83,12.0,0.5,-2.0,-1.0,-1.0,-1.41,6.0,0.67,12.0,0.5,0.0,0.0,0.38,0.31,6.0,0.75,12.0,0.5,1015.04,1015.2,1015.5,1015.22,6.0,0.27,12.0,0.5,,,,,,,,,,,,,,,,,,,,,,,,,,,,,,,,,,,,,,,,,,,,,,,,,,,,,,,,,,,,,,,,,,,,,,,,,,,,,,,,,,,,,,,,,,,,,,,,,,,,,,,,,,,,,,,,,,,,,,,,,,,,,,,,
1891,8,22700,-89.0,26.5,,,,,,,,,,,,,,,,,,,,,,,,,,,,,,,,,1.0,2.6,2.6,2.35,11.0,1.05,14.0,0.5,-2.6,-1.84,-0.88,-1.89,11.0,0.83,14.0,0.5,0.0,0.71,1.84,0.76,11.0,1.37,14.0,0.5,1013.88,1014.1,1014.7,1014.35,11.0,0.66,14.0,0.5,,,,,,,,,,,,,,,,,,,,,,,,,,,,,,,,,,,,,,,,,,,,,,,,,,,,,,,,,,,,,,,,,,,,,,,,,,,,,,,,,,,,,,,,,,,,,,,,,,,,,,,,,,,,,,,,,,,,,,,,,,,,,,,,
1891,8,22700,-87.69999999999999,-25.2,,,,,,,,,,,,,,,,,,,,,,,,,,,,,,,,,2.6,2.6,2.6,2.6,1.0,0.0,2.0,1.0,-2.41,-2.41,-2.41,-2.41,1.0,0.0,2.0,1.0,-0.97,-0.97,-0.97,-0.97,1.0,0.0,2.0,1.0,1023.9,1023.9,1023.9,1023.9,1.0,0.0,2.0,1.0,,,,,,,,,,,,,,,,,,,,,,,,,,,,,,,,,,,,,,,,,,,,,,,,,,,,,,,,,,,,,,,,,,,,,,,,,,,,,,,,,,,,,,,,,,,,,,,,,,,,,,,,,,,,,,,,,,,,,,,,,,,,,,,,
1891,8,22700,-87.5,-47.7,,,,,,,,,,,,,,,,,,,,,,,,,,,,,,,,,7.11,8.0,8.89,8.0,2.0,1.84,26.0,1.0,5.03,5.66,6.28,5.66,2.0,1.3,26.0,1.0,-4.78,-0.92,2.94,-0.92,2.0,8.0,26.0,1.0,995.4,995.4,995.4,995.4,1.0,0.0,22.0,1.0,,,,,,,,,,,,,,,,,,,,,,,,,,,,,,,,,,,,,,,,,,,,,,,,,,,,,,,,,,,,,,,,,,,,,,,,,,,,,,,,,,,,,,,,,,,,,,,,,,,,,,,,,,,,,,,,,,,,,,,,,,,,,,,,
1891,8,22700,-87.5,26.4,,,,,,,,,,,,,,,,,,,,,,,,,,,,,,,,,2.6,2.6,5.8,3.82,10.0,1.72,16.0,0.6,-5.34,-2.5,-2.39,-3.48,10.0,1.63,16.0,0.6,1.02,1.41,2.28,1.47,10.0,0.81,16.0,0.6,1015.5,1016.4,1017.56,1016.47,10.0,1.02,16.0,0.6,,,,,,,,,,,,,,,,,,,,,,,,,,,,,,,,,,,,,,,,,,,,,,,,,,,,,,,,,,,,,,,,,,,,,,,,,,,,,,,,,,,,,,,,,,,,,,,,,,,,,,,,,,,,,,,,,,,,,,,,,,,,,,,,
1891,8,22700,-87.19999999999999,-45.7,,,,,,,,,,,,,,,,,,,,,,,,,,,,,,,,,15.4,15.4,15.4,15.4,1.0,0.0,22.0,1.0,10.89,10.89,10.89,10.89,1.0,0.0,22.0,1.0,-10.89,-10.89,-10.89,-10.89,1.0,0.0,22.0,1.0,1001.7,1001.7,1001.7,1001.7,1.0,0.0,22.0,1.0,,,,,,,,,,,,,,,,,,,,,,,,,,,,,,,,,,,,,,,,,,,,,,,,,,,,,,,,,,,,,,,,,,,,,,,,,,,,,,,,,,,,,,,,,,,,,,,,,,,,,,,,,,,,,,,,,,,,,,,,,,,,,,,,
1891,8,22700,-87.19999999999999,-43.2,,,,,,,,,,,,,,,,,,,,,,,,,,,,,,,,,15.4,15.4,15.4,15.4,1.0,0.0,20.0,1.0,14.18,14.18,14.18,14.18,1.0,0.0,20.0,1.0,-6.02,-6.02,-6.02,-6.02,1.0,0.0,20.0,1.0,1005.9,1005.9,1005.9,1005.9,1.0,0.0,20.0,1.0,,,,,,,,,,,,,,,,,,,,,,,,,,,,,,,,,,,,,,,,,,,,,,,,,,,,,,,,,,,,,,,,,,,,,,,,,,,,,,,,,,,,,,,,,,,,,,,,,,,,,,,,,,,,,,,,,,,,,,,,,,,,,,,,
1891,8,22700,-87.19999999999999,-39.2,,,,,,,,,,,,,,,,,,,,,,,,,,,,,,,,,2.6,2.6,2.6,2.6,1.0,0.0,20.0,1.0,2.39,2.39,2.39,2.39,1.0,0.0,20.0,1.0,-1.02,-1.02,-1.02,-1.02,1.0,0.0,20.0,1.0,1014.3,1014.3,1014.3,1014.3,1.0,0.0,20.0,1.0,,,,,,,,,,,,,,,,,,,,,,,,,,,,,,,,,,,,,,,,,,,,,,,,,,,,,,,,,,,,,,,,,,,,,,,,,,,,,,,,,,,,,,,,,,,,,,,,,,,,,,,,,,,,,,,,,,,,,,,,,,,,,,,,
1891,8,22700,-87.19999999999999,-37.2,,,,,,,,,,,,,,,,,,,,,,,,,,,,,,,,,19.0,19.0,19.0,19.0,1.0,0.0,18.0,1.0,7.12,7.12,7.12,7.12,1.0,0.0,18.0,1.0,-17.62,-17.62,-17.62,-17.62,1.0,0.0,18.0,1.0,1011.0,1011.0,1011.0,1011.0,1.0,0.0,18.0,1.0,,,,,,,,,,,,,,,,,,,,,,,,,,,,,,,,,,,,,,,,,,,,,,,,,,,,,,,,,,,,,,,,,,,,,,,,,,,,,,,,,,,,,,,,,,,,,,,,,,,,,,,,,,,,,,,,,,,,,,,,,,,,,,,,
1891,8,22700,-87.19999999999999,-35.2,,,,,,,,,,,,,,,,,,,,,,,,,,,,,,,,,1.0,1.0,1.0,1.0,1.0,0.0,18.0,1.0,0.0,0.0,0.0,0.0,1.0,0.0,18.0,1.0,1.0,1.0,1.0,1.0,1.0,0.0,18.0,1.0,1026.6,1026.6,1026.6,1026.6,1.0,0.0,18.0,1.0,,,,,,,,,,,,,,,,,,,,,,,,,,,,,,,,,,,,,,,,,,,,,,,,,,,,,,,,,,,,,,,,,,,,,,,,,,,,,,,,,,,,,,,,,,,,,,,,,,,,,,,,,,,,,,,,,,,,,,,,,,,,,,,,
1891,8,22700,-87.19999999999999,22.1,,,,,,,,,,,,,,,,,,,,,,,,,,,,,,,,,1.0,2.6,2.6,2.41,30.0,1.17,20.0,0.5,-2.6,-2.41,-0.93,-2.04,30.0,1.13,20.0,0.5,-0.97,0.0,0.64,-0.13,30.0,1.33,20.0,0.5,1012.9,1013.9,1014.95,1013.85,31.0,1.03,22.0,0.5,,,,,,,,,,,,,,,,,,,,,,,,,,,,,,,,,,,,,,,,,,,,,,,,,,,,,,,,,,,,,,,,,,,,,,,,,,,,,,,,,,,,,,,,,,,,,,,,,,,,,,,,,,,,,,,,,,,,,,,,,,,,,,,,
1891,8,22700,-87.10000000000002,24.2,,,,,,,,,,,,,,,,,,,,,,,,,,,,,,,,,1.0,2.6,4.6,2.9,42.0,1.97,24.0,0.5,-4.23,-1.84,-0.71,-2.13,42.0,2.35,24.0,0.5,-0.97,0.0,1.82,0.38,42.0,1.49,24.0,0.5,1013.45,1014.7,1015.9,1014.55,42.0,1.28,24.0,0.5,,,,,,,,,,,,,,,,,,,,,,,,,,,,,,,,,,,,,,,,,,,,,,,,,,,,,,,,,,,,,,,,,,,,,,,,,,,,,,,,,,,,,,,,,,,,,,,,,,,,,,,,,,,,,,,,,,,,,,,,,,,,,,,,
1891,8,22700,-85.5,-33.7,,,,,,,,,,,,,,,,,,,,,,,,,,,,,,,,,2.6,2.6,2.6,2.6,2.0,0.0,14.0,1.0,-1.13,0.38,1.9,0.38,2.0,3.14,14.0,1.0,0.29,0.92,1.55,0.92,2.0,1.3,14.0,1.0,1018.02,1020.0,1021.98,1020.0,2.0,4.1,14.0,1.0,,,,,,,,,,,,,,,,,,,,,,,,,,,,,,,,,,,,,,,,,,,,,,,,,,,,,,,,,,,,,,,,,,,,,,,,,,,,,,,,,,,,,,,,,,,,,,,,,,,,,,,,,,,,,,,,,,,,,,,,,,,,,,,,
1891,8,22700,-85.39999999999998,22.2,,,,,,,,,,,,,,,,,,,,,,,,,,,,,,,,,1.0,2.6,4.6,2.93,26.0,1.92,22.0,0.5,-4.23,-1.84,0.0,-1.84,26.0,2.33,22.0,0.5,-2.42,-0.99,1.04,-0.94,26.0,1.65,22.0,0.5,1012.56,1013.1,1014.08,1013.18,17.0,0.9,24.0,0.5,,,,,,,,,,,,,,,,,,,,,,,,,,,,,,,,,,,,,,,,,,,,,,,,,,,,,,,,,,,,,,,,,,,,,,,,,,,,,,,,,,,,,,,,,,,,,,,,,,,,,,,,,,,,,,,,,,,,,,,,,,,,,,,,
1891,8,22700,-85.19999999999999,-55.2,,,,,,,,,,,,,,,,,,,,,,,,,,,,,,,,,6.7,6.7,6.7,6.7,1.0,0.0,2.0,1.0,0.0,0.0,0.0,0.0,1.0,0.0,2.0,1.0,-6.7,-6.7,-6.7,-6.7,1.0,0.0,2.0,1.0,1005.6,1005.6,1005.6,1005.6,1.0,0.0,2.0,1.0,,,,,,,,,,,,,,,,,,,,,,,,,,,,,,,,,,,,,,,,,,,,,,,,,,,,,,,,,,,,,,,,,,,,,,,,,,,,,,,,,,,,,,,,,,,,,,,,,,,,,,,,,,,,,,,,,,,,,,,,,,,,,,,,
1891,8,22700,-85.19999999999999,-49.7,,,,,,,,,,,,,,,,,,,,,,,,,,,,,,,,,9.3,9.3,9.3,9.3,1.0,0.0,24.0,1.0,6.58,6.58,6.58,6.58,1.0,0.0,24.0,1.0,6.58,6.58,6.58,6.58,1.0,0.0,24.0,1.0,1012.4,1012.4,1012.4,1012.4,1.0,0.0,24.0,1.0,,,,,,,,,,,,,,,,,,,,,,,,,,,,,,,,,,,,,,,,,,,,,,,,,,,,,,,,,,,,,,,,,,,,,,,,,,,,,,,,,,,,,,,,,,,,,,,,,,,,,,,,,,,,,,,,,,,,,,,,,,,,,,,,
1891,8,22700,-85.19999999999999,-35.2,,,,,,,,,,,,,,,,,,,,,,,,,,,,,,,,,9.3,9.3,9.3,9.3,1.0,0.0,16.0,1.0,0.0,0.0,0.0,0.0,1.0,0.0,16.0,1.0,9.3,9.3,9.3,9.3,1.0,0.0,16.0,1.0,1021.3,1021.3,1021.3,1021.3,1.0,0.0,16.0,1.0,,,,,,,,,,,,,,,,,,,,,,,,,,,,,,,,,,,,,,,,,,,,,,,,,,,,,,,,,,,,,,,,,,,,,,,,,,,,,,,,,,,,,,,,,,,,,,,,,,,,,,,,,,,,,,,,,,,,,,,,,,,,,,,,
1891,8,22700,-85.19999999999999,-29.7,,,,,,,,,,,,,,,,,,,,,,,,,,,,,,,,,4.6,4.6,4.6,4.6,1.0,0.0,14.0,1.0,-4.6,-4.6,-4.6,-4.6,1.0,0.0,14.0,1.0,0.0,0.0,0.0,0.0,1.0,0.0,14.0,1.0,1020.0,1020.0,1020.0,1020.0,1.0,0.0,14.0,1.0,,,,,,,,,,,,,,,,,,,,,,,,,,,,,,,,,,,,,,,,,,,,,,,,,,,,,,,,,,,,,,,,,,,,,,,,,,,,,,,,,,,,,,,,,,,,,,,,,,,,,,,,,,,,,,,,,,,,,,,,,,,,,,,,
1891,8,22700,-85.19999999999999,20.4,,,,,,,,,,,,,,,,,,,,,,,,,,,,,,,,,1.02,2.6,4.6,3.22,20.0,2.06,22.0,0.4,-4.22,-1.01,1.82,-1.4,20.0,2.76,22.0,0.4,-1.84,-0.54,1.84,-0.08,20.0,2.33,22.0,0.4,1013.6,1014.9,1015.49,1014.7,10.0,0.86,26.0,0.4,,,,,,,,,,,,,,,,,,,,,,,,,,,,,,,,,,,,,,,,,,,,,,,,,,,,,,,,,,,,,,,,,,,,,,,,,,,,,,,,,,,,,,,,,,,,,,,,,,,,,,,,,,,,,,,,,,,,,,,,,,,,,,,,
1891,8,22700,-85.19999999999999,24.1,,,,,,,,,,,,,,,,,,,,,,,,,,,,,,,,,1.0,2.6,4.6,2.8,24.0,2.35,16.0,0.5,-4.25,-1.84,-0.71,-2.02,24.0,2.16,16.0,0.5,-1.84,0.0,1.8,0.25,24.0,2.18,16.0,0.5,1013.05,1013.9,1014.58,1013.86,12.0,0.91,22.0,0.6,,,,,,,,,,,,,,,,,,,,,,,,,,,,,,,,,,,,,,,,,,,,,,,,,,,,,,,,,,,,,,,,,,,,,,,,,,,,,,,,,,,,,,,,,,,,,,,,,,,,,,,,,,,,,,,,,,,,,,,,,,,,,,,,
1891,8,22700,-83.69999999999999,-29.2,,,,,,,,,,,,,,,,,,,,,,,,,,,,,,,,,0.16,0.5,0.84,0.5,2.0,0.71,12.0,1.0,-0.59,-0.35,-0.11,-0.35,2.0,0.5,12.0,1.0,0.11,0.35,0.59,0.35,2.0,0.5,12.0,1.0,1021.47,1021.85,1022.23,1021.85,2.0,0.78,12.0,1.0,,,,,,,,,,,,,,,,,,,,,,,,,,,,,,,,,,,,,,,,,,,,,,,,,,,,,,,,,,,,,,,,,,,,,,,,,,,,,,,,,,,,,,,,,,,,,,,,,,,,,,,,,,,,,,,,,,,,,,,,,,,,,,,,
1891,8,22700,-83.5,24.1,,,,,,,,,,,,,,,,,,,,,,,,,,,,,,,,,2.6,4.6,6.47,4.18,8.0,2.01,16.0,0.4,-2.41,-0.35,1.53,-0.29,8.0,2.6,16.0,0.4,-3.9,0.86,4.45,0.79,8.0,4.05,16.0,0.4,1011.79,1012.35,1013.29,1012.47,6.0,1.24,24.0,0.3,,,,,,,,,,,,,,,,,,,,,,,,,,,,,,,,,,,,,,,,,,,,,,,,,,,,,,,,,,,,,,,,,,,,,,,,,,,,,,,,,,,,,,,,,,,,,,,,,,,,,,,,,,,,,,,,,,,,,,,,,,,,,,,,
1891,8,22700,-83.39999999999998,-27.4,,,,,,,,,,,,,,,,,,,,,,,,,,,,,,,,,0.32,1.0,3.46,1.87,3.0,2.42,8.0,1.0,0.32,1.0,2.54,1.42,3.0,1.67,8.0,1.0,0.0,0.0,2.22,1.08,3.0,1.88,8.0,1.0,1025.14,1026.3,1026.37,1025.77,3.0,1.01,8.0,1.0,,,,,,,,,,,,,,,,,,,,,,,,,,,,,,,,,,,,,,,,,,,,,,,,,,,,,,,,,,,,,,,,,,,,,,,,,,,,,,,,,,,,,,,,,,,,,,,,,,,,,,,,,,,,,,,,,,,,,,,,,,,,,,,,
1891,8,22700,-83.39999999999998,-25.7,,,,,,,,,,,,,,,,,,,,,,,,,,,,,,,,,0.0,0.5,2.89,1.4,4.0,2.18,16.0,1.0,0.0,0.0,0.94,0.45,4.0,0.9,16.0,1.0,0.0,0.5,2.69,1.31,4.0,2.01,16.0,1.0,1021.57,1022.15,1022.73,1022.15,2.0,1.2,6.0,1.0,,,,,,,,,,,,,,,,,,,,,,,,,,,,,,,,,,,,,,,,,,,,,,,,,,,,,,,,,,,,,,,,,,,,,,,,,,,,,,,,,,,,,,,,,,,,,,,,,,,,,,,,,,,,,,,,,,,,,,,,,,,,,,,,
1891,8,22700,-83.30000000000001,20.0,,,,,,,,,,,,,,,,,,,,,,,,,,,,,,,,,2.6,4.6,6.7,4.55,13.0,2.16,16.0,0.5,-4.93,-4.23,-0.84,-3.5,13.0,2.88,16.0,0.5,-0.04,0.0,2.03,0.5,13.0,2.28,16.0,0.5,1011.66,1012.65,1013.38,1012.53,4.0,1.24,26.0,0.8,,,,,,,,,,,,,,,,,,,,,,,,,,,,,,,,,,,,,,,,,,,,,,,,,,,,,,,,,,,,,,,,,,,,,,,,,,,,,,,,,,,,,,,,,,,,,,,,,,,,,,,,,,,,,,,,,,,,,,,,,,,,,,,,
1891,8,22700,-83.19999999999999,-59.2,,,,,,,,,,,,,,,,,,,,,,,,,,,,,,,,,4.6,4.6,4.6,4.6,1.0,0.0,22.0,1.0,3.25,3.25,3.25,3.25,1.0,0.0,22.0,1.0,-3.25,-3.25,-3.25,-3.25,1.0,0.0,22.0,1.0,973.2,973.2,973.2,973.2,1.0,0.0,22.0,1.0,,,,,,,,,,,,,,,,,,,,,,,,,,,,,,,,,,,,,,,,,,,,,,,,,,,,,,,,,,,,,,,,,,,,,,,,,,,,,,,,,,,,,,,,,,,,,,,,,,,,,,,,,,,,,,,,,,,,,,,,,,,,,,,,
1891,8,22700,-83.19999999999999,-57.7,,,,,,,,,,,,,,,,,,,,,,,,,,,,,,,,,12.3,12.3,12.3,12.3,1.0,0.0,22.0,1.0,8.7,8.7,8.7,8.7,1.0,0.0,22.0,1.0,8.7,8.7,8.7,8.7,1.0,0.0,22.0,1.0,985.3,985.3,985.3,985.3,1.0,0.0,22.0,1.0,,,,,,,,,,,,,,,,,,,,,,,,,,,,,,,,,,,,,,,,,,,,,,,,,,,,,,,,,,,,,,,,,,,,,,,,,,,,,,,,,,,,,,,,,,,,,,,,,,,,,,,,,,,,,,,,,,,,,,,,,,,,,,,,
1891,8,22700,-83.19999999999999,-55.2,,,,,,,,,,,,,,,,,,,,,,,,,,,,,,,,,12.3,12.3,12.3,12.3,1.0,0.0,24.0,1.0,12.3,12.3,12.3,12.3,1.0,0.0,24.0,1.0,0.0,0.0,0.0,0.0,1.0,0.0,24.0,1.0,996.2,996.2,996.2,996.2,1.0,0.0,24.0,1.0,,,,,,,,,,,,,,,,,,,,,,,,,,,,,,,,,,,,,,,,,,,,,,,,,,,,,,,,,,,,,,,,,,,,,,,,,,,,,,,,,,,,,,,,,,,,,,,,,,,,,,,,,,,,,,,,,,,,,,,,,,,,,,,,
1891,8,22700,-83.19999999999999,-53.5,,,,,,,,,,,,,,,,,,,,,,,,,,,,,,,,,8.12,15.7,23.28,15.7,2.0,15.7,22.0,1.0,3.11,5.92,8.73,5.92,2.0,5.83,22.0,1.0,-20.23,-10.31,-0.38,-10.31,2.0,20.56,22.0,1.0,1003.0,1003.0,1003.0,1003.0,1.0,0.0,24.0,1.0,,,,,,,,,,,,,,,,,,,,,,,,,,,,,,,,,,,,,,,,,,,,,,,,,,,,,,,,,,,,,,,,,,,,,,,,,,,,,,,,,,,,,,,,,,,,,,,,,,,,,,,,,,,,,,,,,,,,,,,,,,,,,,,,
1891,8,22700,-83.19999999999999,22.5,,,,,,,,,,,,,,,,,,,,,,,,,,,,,,,,,1.0,2.6,4.6,2.31,30.0,1.62,14.0,0.5,-2.6,-0.92,0.73,-0.74,30.0,2.11,14.0,0.5,-1.84,-0.19,0.16,-0.43,30.0,1.71,14.0,0.5,1011.7,1011.7,1013.31,1012.19,7.0,0.87,24.0,0.6,,,,,,,,,,,,,,,,,,,,,,,,,,,,,,,,,,,,,,,,,,,,,,,,,,,,,,,,,,,,,,,,,,,,,,,,,,,,,,,,,,,,,,,,,,,,,,,,,,,,,,,,,,,,,,,,,,,,,,,,,,,,,,,,
1891,8,22700,-83.0,18.5,,,,,,,,,,,,,,,,,,,,,,,,,,,,,,,,,1.0,1.0,4.6,2.03,7.0,1.76,24.0,0.4,-0.83,0.93,1.04,0.23,7.0,1.71,24.0,0.4,-0.03,0.37,3.3,1.13,7.0,1.85,24.0,0.4,1011.69,1012.1,1012.7,1012.14,7.0,0.48,24.0,0.4,,,,,,,,,,,,,,,,,,,,,,,,,,,,,,,,,,,,,,,,,,,,,,,,,,,,,,,,,,,,,,,,,,,,,,,,,,,,,,,,,,,,,,,,,,,,,,,,,,,,,,,,,,,,,,,,,,,,,,,,,,,,,,,,
1891,8,22700,-81.69999999999999,-47.5,,,,,,,,,,,,,,,,,,,,,,,,,,,,,,,,,12.3,12.3,12.3,12.3,2.0,0.0,28.0,1.0,8.7,8.7,8.7,8.7,2.0,0.0,28.0,1.0,-8.7,-8.7,-8.7,-8.7,2.0,0.0,28.0,1.0,1022.43,1023.15,1023.87,1023.15,2.0,1.48,28.0,1.0,,,,,,,,,,,,,,,,,,,,,,,,,,,,,,,,,,,,,,,,,,,,,,,,,,,,,,,,,,,,,,,,,,,,,,,,,,,,,,,,,,,,,,,,,,,,,,,,,,,,,,,,,,,,,,,,,,,,,,,,,,,,,,,,
1891,8,22700,-81.69999999999999,-25.5,,,,,,,,,,,,,,,,,,,,,,,,,,,,,,,,,2.32,5.15,7.98,5.15,2.0,5.87,4.0,1.0,0.06,0.2,0.33,0.2,2.0,0.28,4.0,1.0,2.25,5.11,7.97,5.11,2.0,5.93,4.0,1.0,1020.88,1021.05,1021.22,1021.05,2.0,0.35,4.0,1.0,,,,,,,,,,,,,,,,,,,,,,,,,,,,,,,,,,,,,,,,,,,,,,,,,,,,,,,,,,,,,,,,,,,,,,,,,,,,,,,,,,,,,,,,,,,,,,,,,,,,,,,,,,,,,,,,,,,,,,,,,,,,,,,,
1891,8,22700,-81.5,-49.5,,,,,,,,,,,,,,,,,,,,,,,,,,,,,,,,,10.27,12.35,14.43,12.35,2.0,4.31,28.0,1.0,10.27,12.35,14.43,12.35,2.0,4.31,28.0,1.0,0.0,0.0,0.0,0.0,2.0,0.0,28.0,1.0,1012.92,1013.4,1013.88,1013.4,2.0,0.99,28.0,1.0,,,,,,,,,,,,,,,,,,,,,,,,,,,,,,,,,,,,,,,,,,,,,,,,,,,,,,,,,,,,,,,,,,,,,,,,,,,,,,,,,,,,,,,,,,,,,,,,,,,,,,,,,,,,,,,,,,,,,,,,,,,,,,,,
1891,8,22700,-81.5,22.5,,,,,,,,,,,,,,,,,,,,,,,,,,,,,,,,,2.52,2.6,4.6,2.94,7.0,1.27,10.0,0.4,-2.68,-2.41,-0.72,-1.63,7.0,2.37,10.0,0.4,-1.91,-0.97,0.02,-1.06,7.0,1.3,10.0,0.4,1011.1,1011.1,1011.1,1011.1,1.0,0.0,24.0,1.0,,,,,,,,,,,,,,,,,,,,,,,,,,,,,,,,,,,,,,,,,,,,,,,,,,,,,,,,,,,,,,,,,,,,,,,,,,,,,,,,,,,,,,,,,,,,,,,,,,,,,,,,,,,,,,,,,,,,,,,,,,,,,,,,
1891,8,22700,-81.39999999999998,-51.7,,,,,,,,,,,,,,,,,,,,,,,,,,,,,,,,,1.0,4.6,22.6,10.16,17.0,10.13,16.0,0.5,-0.18,4.2,9.6,4.47,17.0,4.94,16.0,0.5,-21.1,-2.41,-0.5,-7.86,17.0,10.05,16.0,0.5,1002.4,1011.1,1023.61,1011.98,18.0,8.74,18.0,0.5,,,,,,,,,,,,,,,,,,,,,,,,,,,,,,,,,,,,,,,,,,,,,,,,,,,,,,,,,,,,,,,,,,,,,,,,,,,,,,,,,,,,,,,,,,,,,,,,,,,,,,,,,,,,,,,,,,,,,,,,,,,,,,,,
1891,8,22700,-81.19999999999999,-59.5,,,,,,,,,,,,,,,,,,,,,,,,,,,,,,,,,5.35,6.95,8.55,6.95,2.0,3.32,22.0,1.0,2.49,4.15,5.81,4.15,2.0,3.43,22.0,1.0,-2.54,1.16,4.86,1.16,2.0,7.67,22.0,1.0,974.63,978.15,981.67,978.15,2.0,7.28,22.0,1.0,,,,,,,,,,,,,,,,,,,,,,,,,,,,,,,,,,,,,,,,,,,,,,,,,,,,,,,,,,,,,,,,,,,,,,,,,,,,,,,,,,,,,,,,,,,,,,,,,,,,,,,,,,,,,,,,,,,,,,,,,,,,,,,,
1891,8,22700,-81.19999999999999,-57.2,,,,,,,,,,,,,,,,,,,,,,,,,,,,,,,,,22.6,22.6,22.6,22.6,1.0,0.0,30.0,1.0,8.47,8.47,8.47,8.47,1.0,0.0,30.0,1.0,-20.95,-20.95,-20.95,-20.95,1.0,0.0,30.0,1.0,1003.8,1003.8,1003.8,1003.8,1.0,0.0,30.0,1.0,,,,,,,,,,,,,,,,,,,,,,,,,,,,,,,,,,,,,,,,,,,,,,,,,,,,,,,,,,,,,,,,,,,,,,,,,,,,,,,,,,,,,,,,,,,,,,,,,,,,,,,,,,,,,,,,,,,,,,,,,,,,,,,,
1891,8,22700,-81.19999999999999,-55.5,,,,,,,,,,,,,,,,,,,,,,,,,,,,,,,,,11.68,12.3,15.29,14.22,6.0,6.28,20.0,1.0,6.79,10.49,12.29,9.02,6.0,4.77,20.0,1.0,-12.44,-2.03,-0.34,-6.66,6.0,10.4,20.0,1.0,999.24,1006.35,1012.83,1006.05,4.0,10.34,20.0,1.0,,,,,,,,,,,,,,,,,,,,,,,,,,,,,,,,,,,,,,,,,,,,,,,,,,,,,,,,,,,,,,,,,,,,,,,,,,,,,,,,,,,,,,,,,,,,,,,,,,,,,,,,,,,,,,,,,,,,,,,,,,,,,,,,
1891,8,22700,-81.19999999999999,-53.4,,,,,,,,,,,,,,,,,,,,,,,,,,,,,,,,,6.4,12.3,15.92,12.37,19.0,4.95,24.0,0.5,4.41,12.3,15.06,10.94,19.0,5.11,24.0,0.5,-6.22,-0.27,5.52,-0.28,19.0,5.8,24.0,0.5,1005.21,1008.0,1018.66,1010.77,20.0,6.25,26.0,0.4,,,,,,,,,,,,,,,,,,,,,,,,,,,,,,,,,,,,,,,,,,,,,,,,,,,,,,,,,,,,,,,,,,,,,,,,,,,,,,,,,,,,,,,,,,,,,,,,,,,,,,,,,,,,,,,,,,,,,,,,,,,,,,,,
1891,8,22700,-81.19999999999999,18.5,,,,,,,,,,,,,,,,,,,,,,,,,,,,,,,,,2.6,3.6,5.13,4.17,12.0,2.09,20.0,0.4,-4.39,-2.4,-0.73,-2.74,12.0,2.36,20.0,0.4,-4.33,-2.51,-0.73,-2.4,12.0,1.81,20.0,0.4,1012.11,1012.5,1013.67,1012.65,8.0,0.89,24.0,0.5,,,,,,,,,,,,,,,,,,,,,,,,,,,,,,,,,,,,,,,,,,,,,,,,,,,,,,,,,,,,,,,,,,,,,,,,,,,,,,,,,,,,,,,,,,,,,,,,,,,,,,,,,,,,,,,,,,,,,,,,,,,,,,,,
1891,8,22700,-81.19999999999999,24.1,,,,,,,,,,,,,,,,,,,,,,,,,,,,,,,,,1.28,4.6,6.7,4.23,21.0,2.19,20.0,0.4,-5.89,-2.41,-0.16,-2.72,21.0,2.36,20.0,0.4,-0.31,0.39,4.6,1.81,21.0,2.62,20.0,0.4,1011.12,1012.0,1013.08,1012.11,11.0,1.11,26.0,0.5,,,,,,,,,,,,,,,,,,,,,,,,,,,,,,,,,,,,,,,,,,,,,,,,,,,,,,,,,,,,,,,,,,,,,,,,,,,,,,,,,,,,,,,,,,,,,,,,,,,,,,,,,,,,,,,,,,,,,,,,,,,,,,,,
1891,8,22700,-81.0,26.0,,,,,,,,,,,,,,,,,,,,,,,,,,,,,,,,,6.7,6.7,6.7,6.7,1.0,0.0,26.0,1.0,0.0,0.0,0.0,0.0,1.0,0.0,26.0,1.0,6.7,6.7,6.7,6.7,1.0,0.0,26.0,1.0,1013.9,1013.9,1013.9,1013.9,1.0,0.0,26.0,1.0,,,,,,,,,,,,,,,,,,,,,,,,,,,,,,,,,,,,,,,,,,,,,,,,,,,,,,,,,,,,,,,,,,,,,,,,,,,,,,,,,,,,,,,,,,,,,,,,,,,,,,,,,,,,,,,,,,,,,,,,,,,,,,,,
1891,8,22700,-79.69999999999999,-59.2,,,,,,,,,,,,,,,,,,,,,,,,,,,,,,,,,2.92,3.6,4.28,3.6,2.0,1.41,20.0,1.0,0.27,0.86,1.45,0.86,2.0,1.22,20.0,1.0,-4.0,-3.43,-2.86,-3.43,2.0,1.18,20.0,1.0,988.24,990.25,992.26,990.25,2.0,4.17,20.0,1.0,,,,,,,,,,,,,,,,,,,,,,,,,,,,,,,,,,,,,,,,,,,,,,,,,,,,,,,,,,,,,,,,,,,,,,,,,,,,,,,,,,,,,,,,,,,,,,,,,,,,,,,,,,,,,,,,,,,,,,,,,,,,,,,,
1891,8,22700,-79.69999999999999,-51.2,,,,,,,,,,,,,,,,,,,,,,,,,,,,,,,,,10.25,12.3,22.2,16.13,3.0,9.36,22.0,1.0,8.39,12.3,16.84,12.61,3.0,6.19,22.0,1.0,-15.02,-6.58,-2.09,-8.51,3.0,9.62,22.0,1.0,1011.7,1011.7,1011.7,1011.7,1.0,0.0,26.0,1.0,,,,,,,,,,,,,,,,,,,,,,,,,,,,,,,,,,,,,,,,,,,,,,,,,,,,,,,,,,,,,,,,,,,,,,,,,,,,,,,,,,,,,,,,,,,,,,,,,,,,,,,,,,,,,,,,,,,,,,,,,,,,,,,,
1891,8,22700,-79.69999999999999,-49.2,,,,,,,,,,,,,,,,,,,,,,,,,,,,,,,,,9.78,10.8,11.82,10.8,2.0,2.12,24.0,1.0,8.79,9.0,9.2,9.0,2.0,0.43,24.0,1.0,-7.32,-4.35,-1.38,-4.35,2.0,6.15,24.0,1.0,1021.1,1021.1,1021.1,1021.1,1.0,0.0,26.0,1.0,,,,,,,,,,,,,,,,,,,,,,,,,,,,,,,,,,,,,,,,,,,,,,,,,,,,,,,,,,,,,,,,,,,,,,,,,,,,,,,,,,,,,,,,,,,,,,,,,,,,,,,,,,,,,,,,,,,,,,,,,,,,,,,,
1891,8,22700,-79.69999999999999,-47.2,,,,,,,,,,,,,,,,,,,,,,,,,,,,,,,,,19.0,19.0,19.0,19.0,1.0,0.0,28.0,1.0,13.44,13.44,13.44,13.44,1.0,0.0,28.0,1.0,-13.44,-13.44,-13.44,-13.44,1.0,0.0,28.0,1.0,996.0,996.0,996.0,996.0,2.0,0.0,28.0,1.0,,,,,,,,,,,,,,,,,,,,,,,,,,,,,,,,,,,,,,,,,,,,,,,,,,,,,,,,,,,,,,,,,,,,,,,,,,,,,,,,,,,,,,,,,,,,,,,,,,,,,,,,,,,,,,,,,,,,,,,,,,,,,,,,
1891,8,22700,-79.69999999999999,-41.2,,,,,,,,,,,,,,,,,,,,,,,,,,,,,,,,,6.7,6.7,6.7,6.7,1.0,0.0,30.0,1.0,2.62,2.62,2.62,2.62,1.0,0.0,30.0,1.0,6.17,6.17,6.17,6.17,1.0,0.0,30.0,1.0,1023.5,1023.5,1023.5,1023.5,1.0,0.0,30.0,1.0,,,,,,,,,,,,,,,,,,,,,,,,,,,,,,,,,,,,,,,,,,,,,,,,,,,,,,,,,,,,,,,,,,,,,,,,,,,,,,,,,,,,,,,,,,,,,,,,,,,,,,,,,,,,,,,,,,,,,,,,,,,,,,,,
1891,8,22700,-79.69999999999999,28.4,,,,,,,,,,,,,,,,,,,,,,,,,,,,,,,,,1.0,2.6,6.7,3.37,7.0,2.62,6.0,0.6,-6.19,-2.39,-0.69,-3.1,7.0,2.71,6.0,0.6,-0.72,0.0,1.09,0.39,7.0,1.2,6.0,0.6,1014.94,1015.6,1016.94,1015.93,4.0,1.31,30.0,0.3,,,,,,,,,,,,,,,,,,,,,,,,,,,,,,,,,,,,,,,,,,,,,,,,,,,,,,,,,,,,,,,,,,,,,,,,,,,,,,,,,,,,,,,,,,,,,,,,,,,,,,,,,,,,,,,,,,,,,,,,,,,,,,,,
1891,8,22700,-79.5,-55.8,,,,,,,,,,,,,,,,,,,,,,,,,,,,,,,,,1.0,13.85,15.69,10.59,32.0,7.56,26.0,0.6,0.94,7.34,14.06,7.58,32.0,5.63,26.0,0.6,-9.16,0.34,3.92,-1.28,32.0,8.97,26.0,0.6,990.51,997.9,1007.19,999.42,38.0,9.63,26.0,0.5,5.0,6.0,8.0,6.0,38.0,1.4,26.0,0.5,100.0,100.0,100.0,100.0,30.0,0.0,28.0,0.4,0.9,83.3,234.2,110.6,32.0,106.6,26.0,0.6,-139.4,0.3,44.2,-26.4,32.0,184.8,26.0,0.6,,,,,,,,,,,,,,,,,,,,,,,,,,,,,,,,,3.7,28.7,52.8,27.4,29.0,21.3,26.0,0.6,-43.2,-0.1,9.4,-13.8,29.0,32.8,26.0,0.6,4.8,34.5,73.8,36.9,25.0,28.8,28.0,0.5,-49.5,1.7,12.1,-12.1,25.0,33.9,28.0,0.5,,,,,,,,,,,,,,,,,,,,,,,,,,,,,,,,
1891,8,22700,-79.5,-53.5,,,,,,,,,,,,,,,,,,,,,,,,,,,,,,,,,6.7,9.3,18.03,10.92,9.0,6.93,16.0,0.7,0.68,3.48,13.9,6.27,9.0,6.35,16.0,0.7,-12.14,-8.62,-6.23,-8.27,9.0,4.55,16.0,0.7,994.31,1014.55,1024.08,1010.69,8.0,15.73,16.0,0.6,,,,,,,,,,,,,,,,,,,,,,,,,,,,,,,,,,,,,,,,,,,,,,,,,,,,,,,,,,,,,,,,,,,,,,,,,,,,,,,,,,,,,,,,,,,,,,,,,,,,,,,,,,,,,,,,,,,,,,,,,,,,,,,,
1891,8,22700,-79.5,-23.5,,,,,,,,,,,,,,,,,,,,,,,,,,,,,,,,,9.3,9.3,9.3,9.3,2.0,0.0,16.0,1.0,0.0,0.0,0.0,0.0,2.0,0.0,16.0,1.0,9.3,9.3,9.3,9.3,2.0,0.0,16.0,1.0,1018.9,1018.9,1018.9,1018.9,1.0,0.0,2.0,1.0,,,,,,,,,,,,,,,,,,,,,,,,,,,,,,,,,,,,,,,,,,,,,,,,,,,,,,,,,,,,,,,,,,,,,,,,,,,,,,,,,,,,,,,,,,,,,,,,,,,,,,,,,,,,,,,,,,,,,,,,,,,,,,,,
1891,8,22700,-79.39999999999998,-57.3,,,,,,,,,,,,,,,,,,,,,,,,,,,,,,,,,15.8,20.8,22.6,19.14,8.0,4.76,26.0,0.3,15.37,17.75,18.28,16.19,8.0,3.38,26.0,0.3,-13.28,-12.23,-4.38,-9.6,8.0,4.98,26.0,0.3,995.09,1000.8,1011.1,1002.54,13.0,7.21,26.0,0.4,7.8,8.0,8.0,7.7,13.0,0.8,26.0,0.4,100.0,100.0,100.0,100.0,13.0,0.0,26.0,0.4,243.1,370.2,413.2,323.4,8.0,120.0,26.0,0.3,-300.2,-256.2,-49.4,-201.3,8.0,123.1,26.0,0.3,,,,,,,,,,,,,,,,,,,,,,,,,,,,,,,,,34.9,54.3,70.1,50.9,8.0,18.6,26.0,0.3,-50.9,-37.6,-10.2,-31.9,8.0,19.5,26.0,0.3,68.6,84.8,92.4,77.8,8.0,18.8,26.0,0.3,-67.2,-58.5,-19.6,-46.8,8.0,25.2,26.0,0.3,,,,,,,,,,,,,,,,,,,,,,,,,,,,,,,,
1891,8,22700,-79.39999999999998,-45.6,,,,,,,,,,,,,,,,,,,,,,,,,,,,,,,,,5.79,10.8,13.92,9.9,4.0,5.47,26.0,1.0,1.15,4.49,7.69,4.42,4.0,3.94,26.0,1.0,-12.21,-7.64,-2.62,-7.42,4.0,6.74,26.0,1.0,989.08,989.9,990.72,989.9,2.0,1.7,28.0,1.0,,,,,,,,,,,,,,,,,,,,,,,,,,,,,,,,,,,,,,,,,,,,,,,,,,,,,,,,,,,,,,,,,,,,,,,,,,,,,,,,,,,,,,,,,,,,,,,,,,,,,,,,,,,,,,,,,,,,,,,,,,,,,,,,
1891,8,22700,-79.39999999999998,18.1,,,,,,,,,,,,,,,,,,,,,,,,,,,,,,,,,4.6,4.6,6.7,5.31,15.0,1.28,16.0,0.5,-6.59,-4.27,-3.25,-4.53,15.0,1.68,16.0,0.5,-3.25,-1.72,0.0,-1.47,15.0,2.16,16.0,0.5,1011.34,1012.0,1013.09,1012.18,8.0,0.88,22.0,0.5,,,,,,,,,,,,,,,,,,,,,,,,,,,,,,,,,,,,,,,,,,,,,,,,,,,,,,,,,,,,,,,,,,,,,,,,,,,,,,,,,,,,,,,,,,,,,,,,,,,,,,,,,,,,,,,,,,,,,,,,,,,,,,,,
1891,8,22700,-79.30000000000001,-55.4,4.53,5.45,6.31,5.43,4.0,1.08,16.0,1.0,3.3,3.9,4.4,3.62,34.0,1.14,26.0,0.5,4.85,5.04,5.3,4.94,30.0,0.37,28.0,0.4,100.0,100.0,100.0,100.0,30.0,0.0,28.0,0.4,,,,,,,,,,,,,,,,,,,,,,,,,,,,,,,,,,,,,,,,,,,,,,,,,,,,,,,,,,,,,,,,,,,,,,,,,,,,,,,,,,,,,,,,,,,,,,,,,,,,,,,,,,,,,,,,,,,,,,,,,,,,,,,,,,,,,,,,,,,,,,,,,,,,,,,,,,,,,,,,
1891,8,22700,-79.19999999999999,-43.7,,,,,,,,,,,,,,,,,,,,,,,,,,,,,,,,,15.4,15.4,15.4,15.4,1.0,0.0,30.0,1.0,14.28,14.28,14.28,14.28,1.0,0.0,30.0,1.0,5.77,5.77,5.77,5.77,1.0,0.0,30.0,1.0,1007.7,1007.7,1007.7,1007.7,1.0,0.0,30.0,1.0,,,,,,,,,,,,,,,,,,,,,,,,,,,,,,,,,,,,,,,,,,,,,,,,,,,,,,,,,,,,,,,,,,,,,,,,,,,,,,,,,,,,,,,,,,,,,,,,,,,,,,,,,,,,,,,,,,,,,,,,,,,,,,,,
1891,8,22700,-79.10000000000002,-39.1,,,,,,,,,,,,,,,,,,,,,,,,,,,,,,,,,4.6,4.6,4.6,4.6,2.0,0.0,30.0,1.0,3.41,3.76,4.1,3.76,2.0,0.72,30.0,1.0,1.97,2.49,3.01,2.49,2.0,1.08,30.0,1.0,1032.13,1032.4,1032.67,1032.4,2.0,0.57,30.0,1.0,,,,,,,,,,,,,,,,,,,,,,,,,,,,,,,,,,,,,,,,,,,,,,,,,,,,,,,,,,,,,,,,,,,,,,,,,,,,,,,,,,,,,,,,,,,,,,,,,,,,,,,,,,,,,,,,,,,,,,,,,,,,,,,,
1891,8,22700,-77.69999999999999,-43.7,,,,,,,,,,,,,,,,,,,,,,,,,,,,,,,,,15.4,15.4,15.4,15.4,1.0,0.0,30.0,1.0,15.4,15.4,15.4,15.4,1.0,0.0,30.0,1.0,0.0,0.0,0.0,0.0,1.0,0.0,30.0,1.0,1005.6,1005.6,1005.6,1005.6,1.0,0.0,30.0,1.0,,,,,,,,,,,,,,,,,,,,,,,,,,,,,,,,,,,,,,,,,,,,,,,,,,,,,,,,,,,,,,,,,,,,,,,,,,,,,,,,,,,,,,,,,,,,,,,,,,,,,,,,,,,,,,,,,,,,,,,,,,,,,,,,
1891,8,22700,-77.69999999999999,-41.5,,,,,,,,,,,,,,,,,,,,,,,,,,,,,,,,,10.27,12.35,14.43,12.35,2.0,4.31,28.0,1.0,4.79,7.26,9.74,7.26,2.0,5.13,28.0,1.0,-7.8,-1.16,5.47,-1.16,2.0,13.75,28.0,1.0,1021.3,1021.3,1021.3,1021.3,1.0,0.0,30.0,1.0,,,,,,,,,,,,,,,,,,,,,,,,,,,,,,,,,,,,,,,,,,,,,,,,,,,,,,,,,,,,,,,,,,,,,,,,,,,,,,,,,,,,,,,,,,,,,,,,,,,,,,,,,,,,,,,,,,,,,,,,,,,,,,,,
1891,8,22700,-77.5,-59.4,,,,,,,,,,,,,,,,,,,,,,,,,,,,,,,,,9.3,15.4,19.0,13.51,36.0,5.12,22.0,0.5,-2.05,6.34,15.39,6.03,36.0,9.78,22.0,0.5,-12.02,-6.75,-0.54,-6.33,36.0,6.3,22.0,0.5,982.8,985.9,990.2,986.01,39.0,4.43,22.0,0.5,,,,,,,,,,,,,,,,,,,,,,,,,,,,,,,,,,,,,,,,,,,,,,,,,,,,,,,,,,,,,,,,,,,,,,,,,,,,,,,,,,,,,,,,,,,,,,,,,,,,,,,,,,,,,,,,,,,,,,,,,,,,,,,,
1891,8,22700,-77.5,-57.8,,,,,,,,,,,,,,,,,,,,,,,,,,,,,,,,,,,,,,,,,,,,,,,,,,,,,,,,,,,,,,,,,,,,,,,,,,,,,,,,,,,,,,,,,,,,,,,,,,,,,,,,,,,,,,,,,,,,,,,,,,,,,,,,,,,,,,,,,,,,,,,,,,,,,,,,,,,,,,,,,8.5,20.8,30.2,19.9,6.0,10.2,24.0,0.5,2.6,13.4,27.1,13.8,6.0,13.8,24.0,0.5,1659.0,6859.0,6859.0,5479.5,25.0,3110.0,24.0,0.7,1660.0,6860.0,6860.0,5480.0,25.0,3110.0,24.0,0.7
1891,8,22700,-77.5,-57.6,4.26,4.4,4.64,4.45,13.0,0.33,26.0,0.8,-0.6,0.5,3.35,1.13,27.0,1.87,24.0,0.6,3.66,3.68,3.82,3.8,19.0,0.29,24.0,0.5,91.7,100.0,100.0,97.3,19.0,5.9,24.0,0.5,,,,,,,,,,,,,,,,,,,,,,,,,,,,,,,,,,,,,,,,,,,,,,,,,,,,,,,,,,,,,,,,,0.55,2.0,3.45,1.88,13.0,1.55,26.0,0.8,2.0,30.4,65.5,33.0,13.0,30.6,26.0,0.8,0.86,1.68,1.7,1.38,6.0,0.5,24.0,0.5,16.2,31.8,33.6,27.2,6.0,10.5,24.0,0.5,,,,,,,,,,,,,,,,,,,,,,,,,,,,,,,,,,,,,,,,,,,,,,,,,,,,,,,,,,,,,,,,
1891,8,22700,-77.5,-57.5,,,,,,,,,,,,,,,,,,,,,,,,,,,,,,,,,11.73,19.0,19.0,16.35,25.0,5.28,24.0,0.7,7.53,13.9,18.81,13.14,25.0,5.17,24.0,0.7,-8.79,0.0,13.42,2.55,25.0,9.64,24.0,0.7,991.31,996.4,1000.46,995.97,26.0,5.94,26.0,0.6,5.0,6.0,7.3,6.0,24.0,1.5,24.0,0.7,91.7,100.0,100.0,97.3,19.0,5.9,24.0,0.5,98.2,255.3,357.4,235.3,25.0,121.7,24.0,0.7,-163.1,0.0,255.0,47.6,25.0,183.7,24.0,0.7,,,,,,,,,,,,,,,,,,,,,,,,,,,,,,,,,-9.4,8.8,27.9,11.6,25.0,20.7,24.0,0.7,-9.2,0.0,10.4,-0.2,25.0,18.1,24.0,0.7,40.7,56.5,70.6,56.6,17.0,15.3,24.0,0.5,-32.2,20.2,60.1,16.4,17.0,40.4,24.0,0.5,,,,,,,,,,,,,,,,,,,,,,,,,,,,,,,,
1891,8,22700,-77.5,-55.4,,,,,,,,,,,,,,,,,,,,,,,,,,,,,,,,,5.6,6.7,13.14,9.25,4.0,6.57,10.0,0.5,-1.66,2.12,9.64,3.9,4.0,8.76,10.0,0.5,-5.51,-4.5,3.24,-1.29,4.0,7.62,10.0,0.5,1015.63,1023.75,1024.96,1020.45,4.0,7.58,10.0,0.5,7.0,8.0,8.0,7.5,4.0,1.0,10.0,0.5,89.7,89.7,89.7,89.7,1.0,0.0,26.0,1.0,-12.9,12.4,168.4,74.8,4.0,155.7,10.0,0.5,-36.9,-25.7,90.9,24.6,4.0,111.5,10.0,0.5,,,,,,,,,,,,,,,,,,,,,,,,,,,,,,,,,-8.4,9.3,11.2,1.8,4.0,17.3,10.0,0.5,-27.8,-23.2,-7.4,-17.8,4.0,16.4,10.0,0.5,57.2,57.2,57.2,57.2,1.0,0.0,26.0,1.0,35.8,35.8,35.8,35.8,1.0,0.0,26.0,1.0,,,,,,,,,,,,,,,,,,,,,,,,,,,,,,,,
1891,8,22700,-77.30000000000001,-55.2,5.35,6.1,6.17,5.77,3.0,0.67,4.0,0.3,2.69,5.05,5.15,3.98,4.0,2.25,10.0,0.5,3.55,3.55,3.55,3.55,1.0,0.0,26.0,1.0,89.7,89.7,89.7,89.7,1.0,0.0,26.0,1.0,,,,,,,,,,,,,,,,,,,,,,,,,,,,,,,,,,,,,,,,,,,,,,,,,,,,,,,,,,,,,,,,,,,,,,,,,,,,,,,,,,,,,,,,,,,,,,,,,,,,,,,,,,,,,,,,,,,,,,,,,,,,,,,,,,,,,,,,,,,,,,,,,,,,,,,,,,,,,,,,
1891,8,22700,-77.19999999999999,-21.7,,,,,,,,,,,,,,,,,,,,,,,,,,,,,,,,,6.7,6.7,6.7,6.7,2.0,0.0,16.0,1.0,0.0,0.0,0.0,0.0,2.0,0.0,16.0,1.0,6.7,6.7,6.7,6.7,2.0,0.0,16.0,1.0,1016.3,1016.3,1016.3,1016.3,1.0,0.0,2.0,1.0,,,,,,,,,,,,,,,,,,,,,,,,,,,,,,,,,,,,,,,,,,,,,,,,,,,,,,,,,,,,,,,,,,,,,,,,,,,,,,,,,,,,,,,,,,,,,,,,,,,,,,,,,,,,,,,,,,,,,,,,,,,,,,,,
1891,8,22700,-77.19999999999999,18.0,,,,,,,,,,,,,,,,,,,,,,,,,,,,,,,,,4.6,5.65,6.7,5.65,6.0,1.15,20.0,0.5,-6.21,-5.41,-4.26,-5.29,6.0,1.02,20.0,0.5,-2.51,-2.15,0.36,-1.27,6.0,1.76,20.0,0.5,1012.05,1012.7,1013.48,1012.67,6.0,0.97,20.0,0.5,,,,,,,,,,,,,,,,,,,,,,,,,,,,,,,,,,,,,,,,,,,,,,,,,,,,,,,,,,,,,,,,,,,,,,,,,,,,,,,,,,,,,,,,,,,,,,,,,,,,,,,,,,,,,,,,,,,,,,,,,,,,,,,,
1891,8,22700,-75.69999999999999,-45.2,,,,,,,,,,,,,,,,,,,,,,,,,,,,,,,,,6.7,6.7,6.7,6.7,1.0,0.0,14.0,1.0,6.17,6.17,6.17,6.17,1.0,0.0,14.0,1.0,-2.62,-2.62,-2.62,-2.62,1.0,0.0,14.0,1.0,1022.6,1022.6,1022.6,1022.6,1.0,0.0,14.0,1.0,,,,,,,,,,,,,,,,,,,,,,,,,,,,,,,,,,,,,,,,,,,,,,,,,,,,,,,,,,,,,,,,,,,,,,,,,,,,,,,,,,,,,,,,,,,,,,,,,,,,,,,,,,,,,,,,,,,,,,,,,,,,,,,,
1891,8,22700,-75.5,-59.3,,,,,,,,,,,,,,,,,,,,,,,,,,,,,,,,,9.49,13.85,19.0,13.57,14.0,5.23,20.0,0.5,-7.64,4.63,9.26,2.43,14.0,7.29,20.0,0.5,-17.36,-10.95,-6.61,-10.83,14.0,6.31,20.0,0.5,994.6,995.65,996.49,996.06,16.0,3.43,20.0,0.5,,,,,,,,,,,,,,,,,,,,,,,,,,,,,,,,,,,,,,,,,,,,,,,,,,,,,,,,,,,,,,,,,,,,,,,,,,,,,,,,,,,,,,,,,,,,,,,,,,,,,,,,,,,,,,,,,,,,,,,,,,,,,,,,
1891,8,22700,-75.5,-55.5,,,,,,,,,,,,,,,,,,,,,,,,,,,,,,,,,6.7,6.7,6.7,6.7,1.0,0.0,4.0,0.0,-4.74,-4.74,-4.74,-4.74,1.0,0.0,4.0,0.0,-4.74,-4.74,-4.74,-4.74,1.0,0.0,4.0,0.0,1018.7,1018.7,1018.7,1018.7,1.0,0.0,4.0,0.0,,,,,,,,,,,,,,,,,,,,,,,,,,,,,,,,,,,,,,,,,,,,,,,,,,,,,,,,,,,,,,,,,,,,,,,,,,,,,,,,,,,,,,,,,,,,,,,,,,,,,,,,,,,,,,,,,,,,,,,,,,,,,,,,
1891,8,22700,-75.5,36.6,23.1,24.05,25.37,24.18,10.0,1.14,8.0,0.5,25.1,25.2,26.1,25.47,7.0,0.46,12.0,0.7,18.77,18.77,18.77,18.77,1.0,0.0,6.0,1.0,94.2,94.2,94.2,94.2,1.0,0.0,6.0,1.0,2.6,4.6,6.7,4.73,16.0,2.34,16.0,0.7,-0.4,0.91,3.75,1.17,16.0,2.38,16.0,0.7,-6.51,-2.93,-0.77,-3.48,16.0,3.03,16.0,0.7,1014.15,1016.55,1019.39,1016.37,16.0,3.19,16.0,0.7,,,,,,,,,,,,,,,,,,,,,,,,,,,,,,,,,-2.52,-0.8,0.4,-0.98,6.0,1.42,10.0,0.7,-6.9,-3.2,1.8,-2.8,6.0,4.5,10.0,0.7,1.17,1.17,1.17,1.17,1.0,0.0,6.0,1.0,1.2,1.2,1.2,1.2,1.0,0.0,6.0,1.0,,,,,,,,,,,,,,,,,,,,,,,,,,,,,,,,,,,,,,,,,,,,,,,,,,,,,,,,,,,,,,,,
1891,8,22700,-75.39999999999998,-57.4,,,,,,,,,,,,,,,,,,,,,,,,,,,,,,,,,6.7,10.8,17.46,12.13,10.0,5.87,18.0,1.0,-4.54,9.97,14.23,7.24,10.0,9.26,18.0,1.0,-8.74,-4.77,1.25,-4.37,10.0,5.72,18.0,1.0,984.62,1001.85,1016.43,1002.15,8.0,16.48,16.0,1.0,,,,,,,,,,,,,,,,,,,,,,,,,,,,,,,,,,,,,,,,,,,,,,,,,,,,,,,,,,,,,,,,,,,,,,,,,,,,,,,,,,,,,,,,,,,,,,,,,,,,,,,,,,,,,,,,,,,,,,,,,,,,,,,,
1891,8,22700,-75.39999999999998,36.6,,,,,,,,,,,,,,,,,,,,,,,,,,,,,,,,,,,,,,,,,,,,,,,,,,,,,,,,,,,,,,,,,4.2,6.0,8.0,5.9,15.0,1.7,16.0,0.7,94.2,94.2,94.2,94.2,1.0,0.0,6.0,1.0,-0.4,2.8,18.0,5.3,16.0,13.1,16.0,0.7,-43.6,-12.4,-0.8,-22.0,16.0,24.7,16.0,0.7,,,,,,,,,,,,,,,,,,,,,,,,,,,,,,,,,-21.2,33.6,106.4,25.3,7.0,80.1,12.0,0.7,-115.1,-55.9,13.8,-44.0,7.0,62.6,12.0,0.7,-12.1,-12.1,-12.1,-12.1,1.0,0.0,6.0,1.0,-14.4,-14.4,-14.4,-14.4,1.0,0.0,6.0,1.0,,,,,,,,,,,,,,,,,,,,,,,,,,,,,,,,
1891,8,22700,-75.30000000000001,30.5,,,,,,,,,,,,,,,,,,,,,,,,,,,,,,,,,1.0,1.8,4.6,2.55,8.0,1.78,14.0,0.6,-0.93,0.02,1.8,0.5,8.0,1.67,14.0,0.6,-0.37,-0.19,4.13,1.02,8.0,2.52,14.0,0.6,1018.7,1019.2,1020.62,1019.59,7.0,0.99,12.0,0.6,,,,,,,,,,,,,,,,,,,,,,,,,,,,,,,,,,,,,,,,,,,,,,,,,,,,,,,,,,,,,,,,,,,,,,,,,,,,,,,,,,,,,,,,,,,,,,,,,,,,,,,,,,,,,,,,,,,,,,,,,,,,,,,,
1891,8,22700,-75.30000000000001,32.4,,,,,,,,,,,,,,,,,,,,,,,,,,,,,,,,,2.04,3.6,6.7,3.97,24.0,2.27,20.0,0.5,-1.96,0.97,2.84,0.65,24.0,2.13,20.0,0.5,0.0,1.84,6.21,2.56,24.0,3.12,20.0,0.5,1017.84,1019.3,1019.81,1018.67,7.0,1.88,10.0,0.4,,,,,,,,,,,,,,,,,,,,,,,,,,,,,,,,,,,,,,,,,,,,,,,,,,,,,,,,,,,,,,,,,,,,,,,,,,,,,,,,,,,,,,,,,,,,,,,,,,,,,,,,,,,,,,,,,,,,,,,,,,,,,,,,
1891,8,22700,-75.30000000000001,34.3,,,,,,,,,,,,,,,,,,,,,,,,,,,,,,,,,1.94,4.6,6.7,4.4,11.0,2.7,8.0,0.5,-6.17,-2.39,0.4,-2.04,11.0,3.57,8.0,0.5,-1.0,1.8,4.66,1.78,11.0,2.79,8.0,0.5,1012.58,1018.6,1019.57,1016.2,11.0,3.86,8.0,0.5,,,,,,,,,,,,,,,,,,,,,,,,,,,,,,,,,,,,,,,,,,,,,,,,,,,,,,,,,,,,,,,,,,,,,,,,,,,,,,,,,,,,,,,,,,,,,,,,,,,,,,,,,,,,,,,,,,,,,,,,,,,,,,,,
1891,8,22700,-75.30000000000001,36.7,,,,,,,,,,,,,,,,,,,,,,,,,,,,,,,,,,,,,,,,,,,,,,,,,,,,,,,,,,,,,,,,,,,,,,,,,,,,,,,,,,,,,,,,,,,,,,,,,,,,,,,,,,,,,,,,,,,,,,,,,,,,,,,,,,,,,,,,,,,,,,,,,,,,,,,,,,,,,,,,,-0.8,-0.8,-0.8,-0.8,1.0,0.0,6.0,1.0,-0.9,-0.9,-0.9,-0.9,1.0,0.0,6.0,1.0,17.5,97.5,301.0,178.0,16.0,206.5,16.0,0.7,20.0,95.0,300.0,180.0,16.0,205.0,16.0,0.7
1891,8,22700,-75.19999999999999,18.5,,,,,,,,,,,,,,,,,,,,,,,,,,,,,,,,,4.5,4.6,4.7,4.61,7.0,1.18,20.0,0.4,-4.61,-4.27,-3.21,-3.97,7.0,0.84,20.0,0.4,-3.32,-1.72,-0.93,-2.02,7.0,1.55,20.0,0.4,1013.48,1013.5,1014.71,1013.91,7.0,0.72,20.0,0.4,,,,,,,,,,,,,,,,,,,,,,,,,,,,,,,,,,,,,,,,,,,,,,,,,,,,,,,,,,,,,,,,,,,,,,,,,,,,,,,,,,,,,,,,,,,,,,,,,,,,,,,,,,,,,,,,,,,,,,,,,,,,,,,,
1891,8,22700,-75.19999999999999,20.8,,,,,,,,,,,,,,,,,,,,,,,,,,,,,,,,,4.6,4.6,4.6,4.6,1.0,0.0,4.0,1.0,-4.27,-4.27,-4.27,-4.27,1.0,0.0,4.0,1.0,-1.72,-1.72,-1.72,-1.72,1.0,0.0,4.0,1.0,1017.8,1017.8,1017.8,1017.8,1.0,0.0,4.0,1.0,,,,,,,,,,,,,,,,,,,,,,,,,,,,,,,,,,,,,,,,,,,,,,,,,,,,,,,,,,,,,,,,,,,,,,,,,,,,,,,,,,,,,,,,,,,,,,,,,,,,,,,,,,,,,,,,,,,,,,,,,,,,,,,,
1891,8,22700,-75.19999999999999,22.5,,,,,,,,,,,,,,,,,,,,,,,,,,,,,,,,,2.6,2.6,4.6,3.46,7.0,1.07,14.0,0.7,-4.28,-1.84,0.0,-2.4,7.0,2.0,14.0,0.7,-1.72,1.84,2.6,0.78,7.0,1.92,14.0,0.7,1015.45,1015.6,1018.37,1016.69,7.0,1.9,14.0,0.7,,,,,,,,,,,,,,,,,,,,,,,,,,,,,,,,,,,,,,,,,,,,,,,,,,,,,,,,,,,,,,,,,,,,,,,,,,,,,,,,,,,,,,,,,,,,,,,,,,,,,,,,,,,,,,,,,,,,,,,,,,,,,,,,
1891,8,22700,-75.19999999999999,24.6,,,,,,,,,,,,,,,,,,,,,,,,,,,,,,,,,2.6,4.65,6.7,4.65,6.0,2.25,12.0,0.3,-6.31,-3.11,1.02,-2.85,6.0,3.88,12.0,0.3,-2.51,1.2,2.44,0.39,6.0,2.44,12.0,0.3,1015.51,1018.4,1021.24,1018.27,6.0,3.19,12.0,0.3,,,,,,,,,,,,,,,,,,,,,,,,,,,,,,,,,,,,,,,,,,,,,,,,,,,,,,,,,,,,,,,,,,,,,,,,,,,,,,,,,,,,,,,,,,,,,,,,,,,,,,,,,,,,,,,,,,,,,,,,,,,,,,,,
1891,8,22700,-75.19999999999999,26.6,,,,,,,,,,,,,,,,,,,,,,,,,,,,,,,,,2.6,4.6,4.6,3.93,6.0,1.03,12.0,0.7,-2.79,-0.31,1.8,-0.62,6.0,2.73,12.0,0.7,-1.13,1.63,4.23,1.51,6.0,3.0,12.0,0.7,1017.2,1019.5,1021.86,1019.55,6.0,2.33,12.0,0.7,,,,,,,,,,,,,,,,,,,,,,,,,,,,,,,,,,,,,,,,,,,,,,,,,,,,,,,,,,,,,,,,,,,,,,,,,,,,,,,,,,,,,,,,,,,,,,,,,,,,,,,,,,,,,,,,,,,,,,,,,,,,,,,,
1891,8,22700,-75.19999999999999,28.4,,,,,,,,,,,,,,,,,,,,,,,,,,,,,,,,,2.6,3.6,4.6,3.6,4.0,1.15,12.0,0.0,-2.41,-0.31,1.8,-0.31,4.0,2.43,12.0,0.0,-0.97,1.63,4.23,1.63,4.0,3.01,12.0,0.0,1017.6,1018.95,1020.25,1018.93,4.0,1.53,12.0,0.0,,,,,,,,,,,,,,,,,,,,,,,,,,,,,,,,,,,,,,,,,,,,,,,,,,,,,,,,,,,,,,,,,,,,,,,,,,,,,,,,,,,,,,,,,,,,,,,,,,,,,,,,,,,,,,,,,,,,,,,,,,,,,,,,
1891,8,22700,-75.0,38.0,,,,,,,,,,,,,,,,,,,,,,,,,,,,,,,,,0.95,1.0,4.82,2.56,7.0,3.31,24.0,0.6,-1.08,0.0,0.89,-0.57,7.0,3.96,24.0,0.6,-0.71,-0.71,0.17,0.12,7.0,1.59,24.0,0.6,1019.89,1021.0,1021.05,1020.53,7.0,1.37,24.0,0.6,,,,,,,,,,,,,,,,,,,,,,,,,,,,,,,,,,,,,,,,,,,,,,,,,,,,,,,,,,,,,,,,,,,,,,,,,,,,,,,,,,,,,,,,,,,,,,,,,,,,,,,,,,,,,,,,,,,,,,,,,,,,,,,,
1891,8,22700,-73.89999999999998,36.9,,,,,,,,,,,,,,,,,,,,,,,,,,,,,,,,,,,,,,,,,,,,,,,,,,,,,,,,,,,,,,,,,,,,,,,,,,,,,,,,,,,,,,,,,,,,,,,,,,,,,,,,,,,,,,,,,,,,,,,,,,,,,,,,,,,,,,,,,,,,,,,,,,,,,,,,,,,,,,,,,-2.0,-2.0,-2.0,-2.0,1.0,0.0,6.0,1.0,-2.5,-2.5,-2.5,-2.5,1.0,0.0,6.0,1.0,1.0,17.5,191.0,81.5,17.0,111.5,18.0,0.4,0.0,20.0,190.0,80.0,17.0,110.0,18.0,0.4
1891,8,22700,-73.69999999999999,-41.2,,,,,,,,,,,,,,,,,,,,,,,,,,,,,,,,,6.7,6.7,6.7,6.7,1.0,0.0,12.0,1.0,2.51,2.51,2.51,2.51,1.0,0.0,12.0,1.0,-6.21,-6.21,-6.21,-6.21,1.0,0.0,12.0,1.0,1016.3,1016.3,1016.3,1016.3,1.0,0.0,12.0,1.0,,,,,,,,,,,,,,,,,,,,,,,,,,,,,,,,,,,,,,,,,,,,,,,,,,,,,,,,,,,,,,,,,,,,,,,,,,,,,,,,,,,,,,,,,,,,,,,,,,,,,,,,,,,,,,,,,,,,,,,,,,,,,,,,
1891,8,22700,-73.69999999999999,20.5,,,,,,,,,,,,,,,,,,,,,,,,,,,,,,,,,2.52,4.6,4.7,4.1,7.0,1.81,16.0,0.3,-4.68,-4.6,-1.73,-3.53,7.0,2.2,16.0,0.3,-2.55,0.0,0.96,-0.43,7.0,1.82,16.0,0.3,1012.99,1014.3,1014.9,1014.3,7.0,1.36,16.0,0.3,,,,,,,,,,,,,,,,,,,,,,,,,,,,,,,,,,,,,,,,,,,,,,,,,,,,,,,,,,,,,,,,,,,,,,,,,,,,,,,,,,,,,,,,,,,,,,,,,,,,,,,,,,,,,,,,,,,,,,,,,,,,,,,,
1891,8,22700,-73.69999999999999,22.4,,,,,,,,,,,,,,,,,,,,,,,,,,,,,,,,,5.27,6.7,6.7,6.0,3.0,1.21,24.0,0.3,-6.7,-6.7,-5.27,-6.0,3.0,1.21,24.0,0.3,0.0,0.0,0.0,0.0,3.0,0.0,24.0,0.3,1015.82,1016.3,1016.91,1016.37,3.0,0.8,24.0,0.3,,,,,,,,,,,,,,,,,,,,,,,,,,,,,,,,,,,,,,,,,,,,,,,,,,,,,,,,,,,,,,,,,,,,,,,,,,,,,,,,,,,,,,,,,,,,,,,,,,,,,,,,,,,,,,,,,,,,,,,,,,,,,,,,
1891,8,22700,-73.69999999999999,24.6,,,,,,,,,,,,,,,,,,,,,,,,,,,,,,,,,6.7,6.7,8.47,7.57,3.0,1.5,24.0,0.7,-8.47,-6.7,-6.7,-7.57,3.0,1.5,24.0,0.7,0.0,0.0,0.0,0.0,3.0,0.0,24.0,0.7,1017.36,1017.5,1017.84,1017.6,3.0,0.36,24.0,0.7,,,,,,,,,,,,,,,,,,,,,,,,,,,,,,,,,,,,,,,,,,,,,,,,,,,,,,,,,,,,,,,,,,,,,,,,,,,,,,,,,,,,,,,,,,,,,,,,,,,,,,,,,,,,,,,,,,,,,,,,,,,,,,,,
1891,8,22700,-73.69999999999999,26.5,,,,,,,,,,,,,,,,,,,,,,,,,,,,,,,,,6.7,6.7,6.7,6.7,2.0,0.0,26.0,0.0,-6.21,-6.21,-6.21,-6.21,2.0,0.0,26.0,0.0,-2.51,-2.51,-2.51,-2.51,2.0,0.0,26.0,0.0,1017.42,1017.9,1018.38,1017.9,2.0,0.99,26.0,0.0,,,,,,,,,,,,,,,,,,,,,,,,,,,,,,,,,,,,,,,,,,,,,,,,,,,,,,,,,,,,,,,,,,,,,,,,,,,,,,,,,,,,,,,,,,,,,,,,,,,,,,,,,,,,,,,,,,,,,,,,,,,,,,,,
1891,8,22700,-73.69999999999999,28.6,,,,,,,,,,,,,,,,,,,,,,,,,,,,,,,,,4.6,4.6,5.7,5.13,4.0,1.05,24.0,0.8,-4.27,-1.23,2.17,-1.06,4.0,3.72,24.0,0.8,-4.07,-1.72,1.4,-1.36,4.0,4.29,24.0,0.8,1017.5,1018.85,1021.1,1019.28,4.0,2.19,24.0,0.8,,,,,,,,,,,,,,,,,,,,,,,,,,,,,,,,,,,,,,,,,,,,,,,,,,,,,,,,,,,,,,,,,,,,,,,,,,,,,,,,,,,,,,,,,,,,,,,,,,,,,,,,,,,,,,,,,,,,,,,,,,,,,,,,
1891,8,22700,-73.69999999999999,30.4,,,,,,,,,,,,,,,,,,,,,,,,,,,,,,,,,4.6,4.6,4.6,4.6,3.0,0.0,24.0,0.7,-4.49,-4.27,0.87,-1.87,3.0,4.44,24.0,0.7,-1.18,0.0,2.22,0.51,3.0,2.53,24.0,0.7,1020.1,1021.6,1021.94,1021.03,3.0,1.44,24.0,0.7,,,,,,,,,,,,,,,,,,,,,,,,,,,,,,,,,,,,,,,,,,,,,,,,,,,,,,,,,,,,,,,,,,,,,,,,,,,,,,,,,,,,,,,,,,,,,,,,,,,,,,,,,,,,,,,,,,,,,,,,,,,,,,,,
1891,8,22700,-73.60000000000002,18.7,,,,,,,,,,,,,,,,,,,,,,,,,,,,,,,,,1.0,2.6,4.6,2.76,5.0,1.8,14.0,0.6,-3.74,-0.71,-0.45,-1.85,5.0,1.97,14.0,0.6,-2.84,0.0,0.71,-0.89,5.0,1.9,14.0,0.6,1011.76,1013.0,1013.63,1012.8,5.0,1.06,14.0,0.6,,,,,,,,,,,,,,,,,,,,,,,,,,,,,,,,,,,,,,,,,,,,,,,,,,,,,,,,,,,,,,,,,,,,,,,,,,,,,,,,,,,,,,,,,,,,,,,,,,,,,,,,,,,,,,,,,,,,,,,,,,,,,,,,
1891,8,22700,-73.60000000000002,34.5,,,,,,,,,,,,,,,,,,,,,,,,,,,,,,,,,2.6,4.6,7.77,5.52,11.0,3.38,10.0,0.5,1.06,2.6,3.41,1.9,11.0,2.46,10.0,0.5,0.57,4.23,7.16,4.52,11.0,3.53,10.0,0.5,1006.98,1015.25,1022.84,1014.93,4.0,9.19,14.0,0.5,,,,,,,,,,,,,,,,,,,,,,,,,,,,,,,,,,,,,,,,,,,,,,,,,,,,,,,,,,,,,,,,,,,,,,,,,,,,,,,,,,,,,,,,,,,,,,,,,,,,,,,,,,,,,,,,,,,,,,,,,,,,,,,,
1891,8,22700,-73.5,36.7,23.5,25.0,26.62,24.83,14.0,1.33,16.0,0.4,24.1,25.6,26.7,25.54,8.0,1.5,14.0,0.4,16.68,16.68,16.68,16.68,1.0,0.0,6.0,1.0,91.9,91.9,91.9,91.9,1.0,0.0,6.0,1.0,1.0,2.6,5.57,3.26,17.0,2.18,18.0,0.4,-1.78,0.0,3.52,0.63,17.0,2.52,18.0,0.4,-3.57,0.0,2.1,-0.46,17.0,3.01,18.0,0.4,1008.9,1018.5,1019.6,1015.95,17.0,4.96,18.0,0.4,1.5,3.0,6.0,3.6,17.0,2.2,18.0,0.4,91.9,91.9,91.9,91.9,1.0,0.0,6.0,1.0,-6.2,0.0,13.4,3.6,17.0,13.2,18.0,0.4,-16.4,0.0,5.5,-3.1,17.0,17.5,18.0,0.4,,,,,,,,,,,,,,,,,,,,,,,,,,,,,,,,,,,,,,,,,,,,,,,,,,,,,,,,,,,,,,,,,,,,,,,,,,,,,,,,,,,,,,,,,,,,,,,,
1891,8,22700,-73.39999999999998,-59.3,,,,,,,,,,,,,,,,,,,,,,,,,,,,,,,,,8.76,17.45,22.6,16.02,6.0,7.43,20.0,0.5,3.01,8.65,11.33,7.38,6.0,6.46,20.0,0.5,-17.23,-7.72,0.54,-6.1,6.0,14.53,20.0,0.5,999.6,1001.4,1002.84,1000.42,17.0,5.06,20.0,0.4,,,,,,,,,,,,,,,,,,,,,,,,,,,,,,,,,,,,,,,,,,,,,,,,,,,,,,,,,,,,,,,,,,,,,,,,,,,,,,,,,,,,,,,,,,,,,,,,,,,,,,,,,,,,,,,,,,,,,,,,,,,,,,,,
1891,8,22700,-73.39999999999998,32.5,,,,,,,,,,,,,,,,,,,,,,,,,,,,,,,,,3.14,4.6,6.7,4.86,9.0,2.63,28.0,0.4,-2.51,-1.72,0.0,-0.53,9.0,3.73,28.0,0.4,-0.71,4.27,5.78,2.96,9.0,3.06,28.0,0.4,1021.7,1021.7,1022.59,1022.13,3.0,0.75,26.0,0.3,,,,,,,,,,,,,,,,,,,,,,,,,,,,,,,,,,,,,,,,,,,,,,,,,,,,,,,,,,,,,,,,,,,,,,,,,,,,,,,,,,,,,,,,,,,,,,,,,,,,,,,,,,,,,,,,,,,,,,,,,,,,,,,,
1891,8,22700,-73.39999999999998,36.8,,,,,,,,,,,,,,,,,,,,,,,,,,,,,,,,,,,,,,,,,,,,,,,,,,,,,,,,,,,,,,,,,,,,,,,,,,,,,,,,,,,,,,,,,,,,,,,,,-1.6,-0.85,-0.07,-0.85,8.0,1.27,14.0,0.4,-2.8,-2.2,0.0,-2.7,8.0,4.4,14.0,0.4,3.22,3.22,3.22,3.22,1.0,0.0,6.0,1.0,3.2,3.2,3.2,3.2,1.0,0.0,6.0,1.0,-67.7,-36.0,-10.4,-36.6,8.0,28.2,14.0,0.4,-79.2,-9.2,62.9,1.0,8.0,72.4,14.0,0.4,-10.5,-10.5,-10.5,-10.5,1.0,0.0,6.0,1.0,-13.0,-13.0,-13.0,-13.0,1.0,0.0,6.0,1.0,,,,,,,,,,,,,,,,,,,,,,,,,,,,,,,,
1891,8,22700,-73.39999999999998,38.0,,,,,,,,,,,,,,,,,,,,,,,,,,,,,,,,,,,,,,,,,,,,,,,,,,,,,,,,,,,,,,,,,,,,,,,,,,,,,,,,,,,,,,,,,,,,,,,,,,,,,,,,,,,,,,,,,,,,,,,,,,,,,,,,,,,,,,,,,,,,,,,,,,,,,,,,,,,,,,,,,-0.4,-0.4,-0.4,-0.4,1.0,0.0,6.0,1.0,-0.5,-0.5,-0.5,-0.5,1.0,0.0,6.0,1.0,17.5,17.5,301.0,94.5,24.0,114.0,18.0,0.5,20.0,20.0,300.0,95.0,24.0,115.0,18.0,0.5
1891,8,22700,-73.39999999999998,38.4,21.71,22.7,23.93,22.81,18.0,1.23,16.0,0.4,22.27,24.4,25.0,23.99,18.0,1.19,18.0,0.6,15.9,15.9,15.9,15.9,1.0,0.0,6.0,1.0,90.2,90.2,90.2,90.2,1.0,0.0,6.0,1.0,,,,,,,,,,,,,,,,,,,,,,,,,,,,,,,,,,,,,,,,,,,,,,,,,,,,,,,,,,,,,,,,,,,,,,,,,,,,,,,,,,,,,,,,,,,,,,,,,,,,,,,,,,,,,,,,,,,,,,,,,,,,,,,,,,,,,,,,,,,,,,,,,,,,,,,,,,,,,,,,
1891,8,22700,-73.39999999999998,40.1,,,,,,,,,,,,,,,,,,,,,,,,,,,,,,,,,1.0,4.6,4.6,3.54,52.0,1.94,16.0,0.6,-2.6,0.0,3.19,-0.11,52.0,2.77,16.0,0.6,-1.7,0.94,3.76,1.11,52.0,2.76,16.0,0.6,1010.08,1014.3,1017.0,1014.05,17.0,4.16,10.0,0.6,,,,,,,,,,,,,,,,,,,,,,,,,,,,,,,,,,,,,,,,,,,,,,,,,,,,,,,,,,,,,,,,,,,,,,,,,,,,,,,,,,,,,,,,,,,,,,,,,,,,,,,,,,,,,,,,,,,,,,,,,,,,,,,,
1891,8,22700,-73.30000000000001,-57.5,,,,,,,,,,,,,,,,,,,,,,,,,,,,,,,,,6.4,6.7,19.0,9.96,19.0,5.91,18.0,0.7,-4.49,6.17,16.2,4.91,19.0,8.79,18.0,0.7,-7.61,-3.35,0.0,-4.02,19.0,4.45,18.0,0.7,988.81,993.2,1003.23,995.91,16.0,8.94,18.0,0.7,,,,,,,,,,,,,,,,,,,,,,,,,,,,,,,,,,,,,,,,,,,,,,,,,,,,,,,,,,,,,,,,,,,,,,,,,,,,,,,,,,,,,,,,,,,,,,,,,,,,,,,,,,,,,,,,,,,,,,,,,,,,,,,,
1891,8,22700,-73.30000000000001,38.4,,,,,,,,,,,,,,,,,,,,,,,,,,,,,,,,,2.6,2.6,6.7,3.75,24.0,1.91,18.0,0.5,-1.25,0.0,2.6,0.48,24.0,2.06,18.0,0.5,-0.86,1.41,5.15,1.91,24.0,3.17,18.0,0.5,1007.4,1012.25,1018.19,1012.71,20.0,5.57,16.0,0.5,2.0,2.0,6.0,3.4,25.0,1.8,18.0,0.5,90.2,90.2,90.2,90.2,1.0,0.0,6.0,1.0,-2.8,0.0,6.8,2.3,24.0,9.4,18.0,0.5,-1.4,4.4,28.2,10.7,24.0,19.0,18.0,0.5,,,,,,,,,,,,,,,,,,,,,,,,,,,,,,,,,,,,,,,,,,,,,,,,,,,,,,,,,,,,,,,,,,,,,,,,,,,,,,,,,,,,,,,,,,,,,,,,
1891,8,22700,-73.19999999999999,38.3,,,,,,,,,,,,,,,,,,,,,,,,,,,,,,,,,,,,,,,,,,,,,,,,,,,,,,,,,,,,,,,,,,,,,,,,,,,,,,,,,,,,,,,,,,,,,,,,,-1.25,-0.85,-0.47,-1.04,12.0,0.81,12.0,0.5,-7.5,-2.3,-1.0,-4.8,12.0,6.1,12.0,0.5,0.7,0.7,0.7,0.7,1.0,0.0,6.0,1.0,0.7,0.7,0.7,0.7,1.0,0.0,6.0,1.0,,,,,,,,,,,,,,,,,,,,,,,,,,,,,,,,,,,,,,,,,,,,,,,,,,,,,,,,,,,,,,,,
1891,8,22700,-73.10000000000002,38.4,,,,,,,,,,,,,,,,,,,,,,,,,,,,,,,,,,,,,,,,,,,,,,,,,,,,,,,,,,,,,,,,,,,,,,,,,,,,,,,,,,,,,,,,,,,,,,,,,,,,,,,,,,,,,,,,,,,,,,,,,,,,,,,,,-48.3,0.0,25.0,-8.6,17.0,39.0,16.0,0.5,0.0,105.9,159.8,80.1,17.0,64.3,16.0,0.5,-10.0,-10.0,-10.0,-10.0,1.0,0.0,6.0,1.0,-12.4,-12.4,-12.4,-12.4,1.0,0.0,6.0,1.0,,,,,,,,,,,,,,,,,,,,,,,,,,,,,,,,
1891,8,22700,-71.60000000000002,36.6,,,,,,,,,,,,,,,,,,,,,,,,,,,,,,,,,2.6,4.6,6.7,5.14,16.0,2.52,12.0,0.6,-5.83,-2.28,2.51,-1.85,16.0,3.94,12.0,0.6,-5.85,-3.16,0.23,-2.89,16.0,2.56,12.0,0.6,1008.57,1008.8,1017.39,1010.84,18.0,4.87,12.0,0.6,,,,,,,,,,,,,,,,,,,,,,,,,,,,,,,,,,,,,,,,,,,,,,,,,,,,,,,,,,,,,,,,,,,,,,,,,,,,,,,,,,,,,,,,,,,,,,,,,,,,,,,,,,,,,,,,,,,,,,,,,,,,,,,,
1891,8,22700,-71.5,38.4,,,,,,,,,,,,,,,,,,,,,,,,,,,,,,,,,,,,,,,,,,,,,,,,,,,,,,,,,,,,,,,,,,,,,,,,,,,,,,,,,,,,,,,,,,,,,,,,,,,,,,,,,,,,,,,,,,,,,,,,,,,,,,,,,,,,,,,,,,,,,,,,,,,,,,,,,,,,,,,,,-0.5,-0.3,0.7,0.1,3.0,1.0,8.0,0.0,-0.7,-0.4,0.9,0.1,3.0,1.2,8.0,0.0,17.5,97.5,301.0,150.0,31.0,204.0,22.0,0.5,20.0,95.0,300.0,150.0,31.0,205.0,22.0,0.5
1891,8,22700,-71.39999999999998,-59.1,,,,,,,,,,,,,,,,,,,,,,,,,,,,,,,,,5.3,12.3,12.3,10.72,22.0,4.05,20.0,0.5,-1.57,7.75,9.83,5.48,22.0,5.55,20.0,0.5,-12.07,-8.54,0.0,-6.3,22.0,5.75,20.0,0.5,1008.81,1015.85,1017.5,1012.33,20.0,8.15,18.0,0.6,,,,,,,,,,,,,,,,,,,,,,,,,,,,,,,,,,,,,,,,,,,,,,,,,,,,,,,,,,,,,,,,,,,,,,,,,,,,,,,,,,,,,,,,,,,,,,,,,,,,,,,,,,,,,,,,,,,,,,,,,,,,,,,,
1891,8,22700,-71.39999999999998,40.1,19.17,21.5,22.83,21.19,63.0,1.95,16.0,0.4,20.0,21.5,23.9,21.64,61.0,2.34,16.0,0.4,12.2,12.89,14.03,13.05,8.0,0.96,14.0,0.4,91.1,92.8,96.1,93.6,8.0,2.8,14.0,0.4,,,,,,,,,,,,,,,,,,,,,,,,,,,,,,,,,0.8,3.0,6.0,3.0,63.0,2.1,16.0,0.4,91.1,92.8,96.1,93.6,8.0,2.8,14.0,0.4,-14.1,-0.5,14.1,-0.6,72.0,18.6,16.0,0.4,-5.6,4.8,21.2,11.2,72.0,28.2,16.0,0.4,-2.1,-0.3,1.76,-0.3,59.0,1.69,16.0,0.3,-8.2,-0.9,3.3,-2.3,59.0,6.8,16.0,0.3,1.75,2.67,3.37,2.42,8.0,1.17,14.0,0.4,2.0,5.9,11.3,6.4,8.0,5.0,14.0,0.4,-64.2,-6.7,64.0,-2.3,61.0,61.8,16.0,0.4,-35.9,34.5,126.4,39.0,61.0,82.1,16.0,0.4,-34.3,-14.3,-6.8,-19.9,8.0,17.0,14.0,0.4,-26.5,-10.1,51.4,3.7,8.0,50.3,14.0,0.4,,,,,,,,,,,,,,,,,,,,,,,,,,,,,,,,
1891,8,22700,-71.39999999999998,40.2,,,,,,,,,,,,,,,,,,,,,,,,,,,,,,,,,1.43,4.6,6.7,4.07,72.0,2.49,16.0,0.4,-2.59,-0.47,2.61,-0.24,72.0,2.78,16.0,0.4,-1.72,1.78,4.6,1.59,72.0,3.56,16.0,0.4,1013.9,1015.0,1017.0,1014.75,34.0,3.25,14.0,0.4,,,,,,,,,,,,,,,,,,,,,,,,,,,,,,,,,,,,,,,,,,,,,,,,,,,,,,,,,,,,,,,,,,,,,,,,,,,,,,,,,,,,,,,,,,,,,,,,,,,,,,,,,,,,,,,,,,,,,,,,,,,,,,,,
1891,8,22700,-71.30000000000001,38.4,,,,,,,,,,,,,,,,,,,,,,,,,,,,,,,,,2.6,4.6,6.7,4.38,31.0,2.19,22.0,0.5,-4.27,0.0,2.85,0.06,31.0,3.35,22.0,0.5,-1.74,0.0,4.6,0.93,31.0,3.54,22.0,0.5,1014.77,1016.8,1019.1,1016.8,22.0,2.86,20.0,0.5,2.0,6.0,7.2,4.5,31.0,2.7,22.0,0.5,95.8,98.2,99.0,97.4,3.0,2.5,8.0,0.0,-19.6,0.0,10.9,1.4,31.0,19.8,22.0,0.5,-7.9,0.0,21.2,4.5,31.0,25.8,22.0,0.5,,,,,,,,,,,,,,,,,,,,,,,,,,,,,,,,,,,,,,,,,,,,,,,,,,,,,,,,,,,,,,,,,,,,,,,,,,,,,,,,,,,,,,,,,,,,,,,,
1891,8,22700,-71.30000000000001,40.3,,,,,,,,,,,,,,,,,,,,,,,,,,,,,,,,,,,,,,,,,,,,,,,,,,,,,,,,,,,,,,,,,,,,,,,,,,,,,,,,,,,,,,,,,,,,,,,,,,,,,,,,,,,,,,,,,,,,,,,,,,,,,,,,,,,,,,,,,,,,,,,,,,,,,,,,,,,,,,,,,-6.2,-2.7,-1.1,-3.3,8.0,2.7,14.0,0.4,-2.7,-1.1,9.5,2.0,8.0,6.9,14.0,0.4,5.5,97.5,301.0,156.0,72.0,290.5,16.0,0.4,5.0,95.0,300.0,155.0,72.0,290.0,16.0,0.4
1891,8,22700,-71.19999999999999,-57.7,4.24,4.6,5.6,4.85,29.0,0.6,18.0,0.6,2.4,5.0,5.6,4.28,31.0,1.74,20.0,0.6,5.61,5.64,5.67,5.64,10.0,0.03,16.0,0.4,100.0,100.0,100.0,100.0,10.0,0.0,16.0,0.4,6.7,15.4,19.86,14.01,31.0,6.88,20.0,0.6,4.05,13.44,18.78,12.32,31.0,6.99,20.0,0.6,-7.1,-3.3,0.09,-3.01,31.0,5.92,20.0,0.6,987.24,1003.0,1015.08,1000.3,21.0,12.13,18.0,0.6,3.8,6.0,7.0,5.6,31.0,2.1,20.0,0.6,100.0,100.0,100.0,100.0,10.0,0.0,16.0,0.4,22.4,219.9,361.0,217.0,31.0,180.9,20.0,0.6,-125.8,-38.9,0.1,-45.2,31.0,114.8,20.0,0.6,-0.67,0.0,1.67,0.41,29.0,1.33,18.0,0.6,-3.6,0.0,18.8,6.4,29.0,24.1,18.0,0.6,0.0,0.0,0.0,-0.05,10.0,0.14,16.0,0.4,0.0,0.0,0.0,-1.2,10.0,3.9,16.0,0.4,13.5,33.6,90.7,52.1,31.0,40.8,20.0,0.6,-36.7,-17.8,0.3,-19.5,31.0,25.5,20.0,0.6,75.7,95.5,117.6,98.9,10.0,25.0,16.0,0.4,-40.7,-20.5,-16.6,-26.1,10.0,12.2,16.0,0.4,,,,,,,,,,,,,,,,,,,,,,,,,,,,,,,,
1891,8,22700,-71.19999999999999,38.4,,,,,,,,,,,,,,,,,,,,,,,,,,,,,,,,,,,,,,,,,,,,,,,,,,,,,,,,,,,,,,,,,,,,,,,,,,,,,,,,,,,,,,,,,,,,,,,,,,,,,,,,,,,,,,,,,,,,,,,,,,,,,,,,,-90.5,0.0,66.8,-4.1,25.0,78.8,22.0,0.4,-38.4,0.0,109.3,18.3,25.0,62.2,22.0,0.4,-26.9,-25.1,-14.7,-20.9,3.0,9.7,8.0,0.0,-35.2,-34.5,-19.2,-27.4,3.0,13.2,8.0,0.0,,,,,,,,,,,,,,,,,,,,,,,,,,,,,,,,
1891,8,22700,-71.19999999999999,38.5,22.2,22.85,25.0,23.14,16.0,1.52,18.0,0.4,21.65,25.0,26.6,24.09,25.0,2.46,22.0,0.4,15.86,16.41,17.03,16.44,3.0,0.86,8.0,0.0,95.8,98.2,99.0,97.4,3.0,2.5,8.0,0.0,,,,,,,,,,,,,,,,,,,,,,,,,,,,,,,,,,,,,,,,,,,,,,,,,,,,,,,,,,,,,,,,,-1.0,0.05,1.54,0.06,16.0,1.51,18.0,0.4,-3.8,0.1,4.7,-0.2,16.0,5.6,18.0,0.4,-0.43,0.2,0.74,0.16,3.0,0.86,8.0,0.0,-1.1,0.5,0.8,-0.1,3.0,1.6,8.0,0.0,,,,,,,,,,,,,,,,,,,,,,,,,,,,,,,,,,,,,,,,,,,,,,,,,,,,,,,,,,,,,,,,
1891,8,22700,-71.10000000000002,-57.7,,,,,,,,,,,,,,,,,,,,,,,,,,,,,,,,,,,,,,,,,,,,,,,,,,,,,,,,,,,,,,,,,,,,,,,,,,,,,,,,,,,,,,,,,,,,,,,,,,,,,,,,,,,,,,,,,,,,,,,,,,,,,,,,,,,,,,,,,,,,,,,,,,,,,,,,,,,,,,,,,0.0,0.0,0.0,-1.2,10.0,3.8,16.0,0.4,0.0,0.0,0.0,0.2,10.0,0.7,16.0,0.4,301.0,3652.5,7978.5,4623.5,31.0,4711.5,20.0,0.6,300.0,3650.0,7980.0,4625.0,31.0,4710.0,20.0,0.6
1891,8,22700,-69.60000000000002,-57.6,,,,,,,,,,,,,,,,,,,,,,,,,,,,,,,,,,,,,,,,,,,,,,,,,,,,,,,,,,,,,,,,,,,,,,,,,,,,,,,,,,,,,,,,,,,,,,,,,,,,,,,,,,,,,,,,,,,,,,,,,,,,,,,,,,,,,,,,,,,,,,,,,,,,,,,,,,,,,,,,,-3.5,-2.3,-2.1,-3.3,8.0,3.4,16.0,0.3,3.6,6.6,9.8,6.2,8.0,3.6,16.0,0.3,301.0,3652.5,11543.0,4195.5,71.0,4680.5,22.0,0.3,300.0,3650.0,11545.0,4195.0,71.0,4680.0,22.0,0.3
1891,8,22700,-69.60000000000002,36.5,,,,,,,,,,,,,,,,,,,,,,,,,,,,,,,,,4.6,4.6,9.3,6.01,10.0,2.27,6.0,0.5,-4.23,-3.25,8.62,0.77,10.0,5.97,6.0,0.5,1.8,3.25,3.48,2.4,10.0,1.58,6.0,0.5,1013.91,1015.35,1015.4,1014.68,8.0,3.13,6.0,0.5,,,,,,,,,,,,,,,,,,,,,,,,,,,,,,,,,,,,,,,,,,,,,,,,,,,,,,,,,,,,,,,,,,,,,,,,,,,,,,,,,,,,,,,,,,,,,,,,,,,,,,,,,,,,,,,,,,,,,,,,,,,,,,,,
1891,8,22700,-69.5,40.3,15.6,19.4,21.47,18.65,46.0,2.97,14.0,0.5,17.35,19.45,22.7,19.89,42.0,2.56,14.0,0.5,12.07,14.41,16.44,14.3,12.0,1.99,12.0,0.5,95.2,95.8,96.9,95.5,12.0,3.0,12.0,0.5,2.6,4.6,6.7,4.29,60.0,2.22,14.0,0.5,-1.84,2.49,4.69,1.87,60.0,3.09,14.0,0.5,-2.6,0.97,3.75,0.61,60.0,3.19,14.0,0.5,1008.15,1010.5,1016.55,1011.84,23.0,4.6,12.0,0.4,0.0,5.0,8.0,4.3,48.0,3.0,14.0,0.5,95.2,95.8,96.9,95.5,12.0,3.0,12.0,0.5,-5.3,6.5,31.7,10.8,60.0,20.7,14.0,0.5,-13.8,2.5,23.1,3.0,60.0,21.8,14.0,0.5,-3.5,-1.65,0.6,-1.4,42.0,2.43,14.0,0.5,-13.9,-4.8,2.5,-4.1,42.0,12.6,14.0,0.5,-2.58,-1.06,0.4,-1.21,12.0,1.76,12.0,0.5,-14.7,-5.6,1.6,-6.5,12.0,8.4,12.0,0.5,-49.1,44.9,74.9,23.6,42.0,64.1,14.0,0.5,-48.7,9.0,66.7,5.1,42.0,63.6,14.0,0.5,40.3,47.9,73.1,55.8,12.0,33.0,12.0,0.5,0.0,45.0,64.3,32.2,12.0,39.4,12.0,0.5,,,,,,,,,,,,,,,,,,,,,,,,,,,,,,,,
1891,8,22700,-69.39999999999998,-57.4,4.17,4.5,5.0,4.57,62.0,0.57,20.0,0.3,0.89,4.5,5.6,3.64,73.0,2.01,22.0,0.3,5.62,5.64,5.66,5.62,10.0,0.07,16.0,0.2,100.0,100.0,100.0,100.0,10.0,0.0,16.0,0.2,6.7,15.4,22.6,13.37,71.0,6.79,22.0,0.3,1.26,8.62,15.28,8.89,71.0,6.31,22.0,0.3,-11.28,-2.6,8.26,-2.77,71.0,9.98,22.0,0.3,986.83,991.4,1010.63,996.99,43.0,10.76,20.0,0.3,4.0,6.0,8.0,5.4,74.0,1.9,22.0,0.3,100.0,100.0,100.0,100.0,10.0,0.0,16.0,0.2,4.0,92.7,253.3,147.3,71.0,150.5,22.0,0.3,-215.4,-6.8,159.5,-45.6,71.0,197.0,22.0,0.3,-0.7,0.0,2.46,0.63,62.0,1.6,20.0,0.3,-10.8,0.0,36.2,9.5,60.0,27.9,20.0,0.3,-0.45,-0.34,-0.23,-0.32,10.0,0.16,16.0,0.2,-10.3,-8.6,-5.1,-7.5,8.0,3.9,16.0,0.3,1.1,29.5,55.9,32.5,70.0,29.5,22.0,0.3,-57.1,-12.9,6.8,-26.4,70.0,41.1,22.0,0.3,26.4,41.4,87.5,59.5,8.0,41.6,16.0,0.3,-122.8,-103.6,-58.1,-93.0,8.0,33.5,16.0,0.3,,,,,,,,,,,,,,,,,,,,,,,,,,,,,,,,
1891,8,22700,-69.39999999999998,34.5,,,,,,,,,,,,,,,,,,,,,,,,,,,,,,,,,6.7,9.3,9.3,8.44,11.0,2.08,18.0,0.5,6.17,9.3,9.3,7.63,11.0,3.18,18.0,0.5,-2.62,0.0,1.04,-0.07,11.0,2.9,18.0,0.5,1005.16,1006.7,1007.26,1006.34,5.0,1.15,20.0,0.6,,,,,,,,,,,,,,,,,,,,,,,,,,,,,,,,,,,,,,,,,,,,,,,,,,,,,,,,,,,,,,,,,,,,,,,,,,,,,,,,,,,,,,,,,,,,,,,,,,,,,,,,,,,,,,,,,,,,,,,,,,,,,,,,
1891,8,22700,-69.39999999999998,38.3,,,,,,,,,,,,,,,,,,,,,,,,,,,,,,,,,2.6,2.6,4.6,3.51,40.0,1.82,16.0,0.6,-4.05,-0.56,3.79,-0.16,40.0,3.2,16.0,0.6,-1.83,-0.83,2.35,0.0,40.0,2.37,16.0,0.6,1014.9,1016.3,1018.0,1016.26,30.0,1.82,12.0,0.6,2.0,3.0,6.0,3.8,37.0,2.2,18.0,0.6,83.9,87.4,90.8,87.4,2.0,7.1,8.0,1.0,-18.6,-0.6,18.5,-1.2,40.0,18.3,16.0,0.6,-7.7,-0.8,9.6,1.9,40.0,12.5,16.0,0.6,,,,,,,,,,,,,,,,,,,,,,,,,,,,,,,,,-94.4,-17.4,66.4,-7.9,38.0,75.5,16.0,0.6,-47.4,-21.1,41.5,-5.2,38.0,50.8,16.0,0.6,-9.0,-8.7,-8.5,-8.7,2.0,0.5,8.0,1.0,-12.9,-12.9,-12.9,-12.9,2.0,0.0,8.0,1.0,,,,,,,,,,,,,,,,,,,,,,,,,,,,,,,,
1891,8,22700,-69.39999999999998,38.4,22.2,24.05,25.83,24.1,32.0,1.81,14.0,0.6,21.97,24.0,25.63,23.89,38.0,1.82,16.0,0.6,15.48,15.61,15.73,15.61,2.0,0.26,8.0,1.0,83.9,87.4,90.8,87.4,2.0,7.1,8.0,1.0,,,,,,,,,,,,,,,,,,,,,,,,,,,,,,,,,,,,,,,,,,,,,,,,,,,,,,,,,,,,,,,,,-0.51,0.25,2.0,0.5,32.0,1.39,14.0,0.6,-1.3,0.9,5.3,2.3,32.0,5.1,14.0,0.6,0.86,0.99,1.13,0.99,2.0,0.27,8.0,1.0,0.9,1.0,1.1,1.0,2.0,0.3,8.0,1.0,,,,,,,,,,,,,,,,,,,,,,,,,,,,,,,,,,,,,,,,,,,,,,,,,,,,,,,,,,,,,,,,
1891,8,22700,-69.39999999999998,40.3,,,,,,,,,,,,,,,,,,,,,,,,,,,,,,,,,,,,,,,,,,,,,,,,,,,,,,,,,,,,,,,,,,,,,,,,,,,,,,,,,,,,,,,,,,,,,,,,,,,,,,,,,,,,,,,,,,,,,,,,,,,,,,,,,,,,,,,,,,,,,,,,,,,,,,,,,,,,,,,,,-10.4,-5.1,1.4,-4.7,12.0,5.5,12.0,0.5,-10.4,-1.7,0.2,-4.1,12.0,6.5,12.0,0.5,17.5,97.5,301.0,145.5,60.0,203.5,14.0,0.5,20.0,95.0,300.0,145.0,60.0,205.0,14.0,0.5
1891,8,22700,-69.30000000000001,-59.1,,,,,,,,,,,,,,,,,,,,,,,,,,,,,,,,,4.6,6.7,15.4,9.21,28.0,6.33,22.0,0.3,0.0,4.74,13.64,6.13,28.0,6.63,22.0,0.3,-6.7,-4.67,0.0,-2.97,28.0,6.01,22.0,0.3,984.23,1012.25,1014.74,1002.13,24.0,15.44,20.0,0.3,,,,,,,,,,,,,,,,,,,,,,,,,,,,,,,,,,,,,,,,,,,,,,,,,,,,,,,,,,,,,,,,,,,,,,,,,,,,,,,,,,,,,,,,,,,,,,,,,,,,,,,,,,,,,,,,,,,,,,,,,,,,,,,,
1891,8,22700,-69.30000000000001,18.5,,,,,,,,,,,,,,,,,,,,,,,,,,,,,,,,,4.6,4.6,4.6,4.6,3.0,0.0,16.0,0.7,-3.14,0.0,0.0,-1.53,3.0,2.66,16.0,0.7,1.46,4.6,4.6,3.07,3.0,2.66,16.0,0.7,1015.1,1016.4,1016.4,1015.77,3.0,1.1,16.0,0.7,,,,,,,,,,,,,,,,,,,,,,,,,,,,,,,,,,,,,,,,,,,,,,,,,,,,,,,,,,,,,,,,,,,,,,,,,,,,,,,,,,,,,,,,,,,,,,,,,,,,,,,,,,,,,,,,,,,,,,,,,,,,,,,,
1891,8,22700,-69.30000000000001,38.9,,,,,,,,,,,,,,,,,,,,,,,,,,,,,,,,,,,,,,,,,,,,,,,,,,,,,,,,,,,,,,,,,,,,,,,,,,,,,,,,,,,,,,,,,,,,,,,,,,,,,,,,,,,,,,,,,,,,,,,,,,,,,,,,,,,,,,,,,,,,,,,,,,,,,,,,,,,,,,,,,-0.6,-0.6,-0.5,-0.6,2.0,0.1,8.0,1.0,-0.9,-0.8,-0.7,-0.8,2.0,0.2,8.0,1.0,17.5,17.5,97.5,81.0,40.0,136.0,16.0,0.6,20.0,20.0,95.0,80.0,40.0,135.0,16.0,0.6
1891,8,22700,-69.0,20.0,,,,,,,,,,,,,,,,,,,,,,,,,,,,,,,,,4.6,4.6,4.6,4.6,3.0,0.0,16.0,0.3,-4.6,-4.6,-4.6,-4.6,3.0,0.0,16.0,0.3,0.0,0.0,0.0,0.0,3.0,0.0,16.0,0.3,1015.22,1015.9,1016.31,1015.77,3.0,0.81,16.0,0.3,,,,,,,,,,,,,,,,,,,,,,,,,,,,,,,,,,,,,,,,,,,,,,,,,,,,,,,,,,,,,,,,,,,,,,,,,,,,,,,,,,,,,,,,,,,,,,,,,,,,,,,,,,,,,,,,,,,,,,,,,,,,,,,,
1891,8,22700,-67.89999999999998,34.0,,,,,,,,,,,,,,,,,,,,,,,,,,,,,,,,,6.7,6.7,6.7,6.7,1.0,0.0,18.0,1.0,2.62,2.62,2.62,2.62,1.0,0.0,18.0,1.0,6.17,6.17,6.17,6.17,1.0,0.0,18.0,1.0,1006.7,1006.7,1006.7,1006.7,1.0,0.0,18.0,1.0,,,,,,,,,,,,,,,,,,,,,,,,,,,,,,,,,,,,,,,,,,,,,,,,,,,,,,,,,,,,,,,,,,,,,,,,,,,,,,,,,,,,,,,,,,,,,,,,,,,,,,,,,,,,,,,,,,,,,,,,,,,,,,,,
1891,8,22700,-67.69999999999999,40.4,,,,,,,,,,,,,,,,,,,,,,,,,,,,,,,,,,,,,,,,,,,,,,,,,,,,,,,,,,,,,,,,,,,,,,,,,,,,,,,,,,,,,,,,,,,,,,,,,,,,,,,,,,,,,,,,,,,,,,,,,,,,,,,,,,,,,,,,,,,,,,,,,,,,,,,,,,,,,,,,,-4.2,-0.9,0.8,-1.2,13.0,2.1,12.0,0.6,-6.9,-0.9,0.3,-2.4,13.0,3.6,12.0,0.6,1.0,17.5,301.0,111.5,55.0,152.0,12.0,0.6,0.0,20.0,300.0,110.0,55.0,150.0,12.0,0.6
1891,8,22700,-67.60000000000002,-59.1,,,,,,,,,,,,,,,,,,,,,,,,,,,,,,,,,6.7,6.7,8.47,7.57,3.0,1.5,18.0,0.3,5.21,6.21,7.86,6.52,3.0,1.96,18.0,0.3,-4.34,-3.48,-2.82,-3.58,3.0,1.12,18.0,0.3,1011.43,1011.7,1014.29,1012.83,3.0,2.32,18.0,0.3,,,,,,,,,,,,,,,,,,,,,,,,,,,,,,,,,,,,,,,,,,,,,,,,,,,,,,,,,,,,,,,,,,,,,,,,,,,,,,,,,,,,,,,,,,,,,,,,,,,,,,,,,,,,,,,,,,,,,,,,,,,,,,,,
1891,8,22700,-67.60000000000002,40.5,,,,,,,,,,,,,,,,,,,,,,,,,,,,,,,,,1.0,2.6,6.7,3.73,55.0,2.28,12.0,0.6,-2.08,1.8,3.13,1.14,55.0,2.67,12.0,0.6,-1.13,0.5,4.23,0.77,55.0,3.21,12.0,0.6,1010.75,1014.4,1017.12,1013.86,25.0,3.81,12.0,0.6,,,,,,,,,,,,,,,,,,,,,,,,,,,,,,,,,,,,,,,,,,,,,,,,,,,,,,,,,,,,,,,,,,,,,,,,,,,,,,,,,,,,,,,,,,,,,,,,,,,,,,,,,,,,,,,,,,,,,,,,,,,,,,,,
1891,8,22700,-67.5,32.6,,,,,,,,,,,,,,,,,,,,,,,,,,,,,,,,,0.0,4.6,6.7,3.71,18.0,2.43,18.0,0.6,-0.56,3.74,5.2,2.55,18.0,3.16,18.0,0.6,-1.22,0.0,0.88,0.09,18.0,1.91,18.0,0.6,1009.8,1010.2,1011.4,1010.33,20.0,0.82,18.0,0.6,,,,,,,,,,,,,,,,,,,,,,,,,,,,,,,,,,,,,,,,,,,,,,,,,,,,,,,,,,,,,,,,,,,,,,,,,,,,,,,,,,,,,,,,,,,,,,,,,,,,,,,,,,,,,,,,,,,,,,,,,,,,,,,,
1891,8,22700,-67.5,40.5,16.07,17.8,20.6,18.31,43.0,2.34,14.0,0.6,17.56,19.65,22.42,19.95,40.0,2.35,12.0,0.6,11.7,13.36,15.85,13.78,14.0,2.39,14.0,0.6,90.4,93.9,96.8,93.3,14.0,4.4,14.0,0.6,,,,,,,,,,,,,,,,,,,,,,,,,,,,,,,,,0.0,3.0,8.0,3.5,42.0,3.1,14.0,0.6,90.4,93.9,96.8,93.3,14.0,4.4,14.0,0.6,-6.2,5.6,17.5,5.0,55.0,15.1,12.0,0.6,-3.9,1.0,19.5,3.6,55.0,21.6,12.0,0.6,-3.0,-1.7,0.0,-1.7,40.0,1.64,12.0,0.6,-11.5,-4.6,0.0,-5.0,39.0,6.2,12.0,0.6,-1.57,-0.9,0.59,-0.54,14.0,1.25,14.0,0.6,-6.9,-2.4,1.0,-3.1,13.0,3.9,12.0,0.6,-44.9,19.0,52.3,15.0,39.0,54.7,12.0,0.6,-24.3,0.0,57.4,7.9,39.0,59.5,12.0,0.6,-7.7,22.9,35.3,18.2,13.0,25.5,12.0,0.6,-11.3,5.8,79.9,28.3,13.0,40.7,12.0,0.6,,,,,,,,,,,,,,,,,,,,,,,,,,,,,,,,
1891,8,22700,-67.39999999999998,-57.7,,,,,,,,,,,,,,,,,,,,,,,,,,,,,,,,,,,,,,,,,,,,,,,,,,,,,,,,,,,,,,,,,,,,,,,,,,,,,,,,,,,,,,,,,,,,,,,,,,,,,,,,,,,,,,,,,,,,,,,,,,,,,,,,,,,,,,,,,,,,,,,,,,,,,,,,,,,,,,,,,0.8,4.0,5.5,3.1,18.0,2.5,14.0,0.5,-1.9,3.6,6.3,2.3,18.0,3.7,14.0,0.5,97.5,804.5,5694.0,2368.5,60.0,2873.0,16.0,0.6,95.0,805.0,5695.0,2370.0,60.0,2875.0,16.0,0.6
1891,8,22700,-67.39999999999998,38.4,,,,,,,,,,,,,,,,,,,,,,,,,,,,,,,,,4.6,4.6,9.26,5.75,20.0,2.88,12.0,0.5,-4.23,-2.12,1.78,-1.3,20.0,3.26,12.0,0.5,-2.4,1.8,8.5,2.06,20.0,5.11,12.0,0.5,1010.69,1016.0,1018.3,1015.18,17.0,3.42,8.0,0.5,,,,,,,,,,,,,,,,,,,,,,,,,,,,,,,,,,,,,,,,,,,,,,,,,,,,,,,,,,,,,,,,,,,,,,,,,,,,,,,,,,,,,,,,,,,,,,,,,,,,,,,,,,,,,,,,,,,,,,,,,,,,,,,,
1891,8,22700,-67.30000000000001,-57.5,4.0,4.4,5.4,4.76,56.0,0.91,14.0,0.6,3.04,4.4,6.1,4.45,60.0,1.66,16.0,0.6,4.61,4.8,4.9,4.82,19.0,0.27,14.0,0.5,92.3,100.0,100.0,97.4,19.0,3.9,14.0,0.5,4.6,9.3,17.69,10.85,60.0,5.71,16.0,0.6,2.02,6.3,10.3,6.22,60.0,4.77,16.0,0.6,-11.05,-3.37,8.29,-2.79,60.0,9.07,16.0,0.6,991.7,1001.45,1016.68,1002.68,52.0,10.71,16.0,0.6,4.0,5.0,7.0,5.3,55.0,1.7,16.0,0.6,92.3,100.0,100.0,97.4,19.0,3.9,14.0,0.5,6.4,61.2,158.7,81.7,60.0,93.2,16.0,0.6,-157.4,-24.7,113.1,-40.9,60.0,155.3,16.0,0.6,-0.84,0.0,1.3,0.14,55.0,1.03,14.0,0.6,-11.4,0.0,16.7,1.0,54.0,12.9,14.0,0.6,0.25,0.39,0.62,0.39,19.0,0.29,14.0,0.5,1.5,5.7,6.7,4.0,18.0,4.4,14.0,0.5,6.6,23.0,42.6,26.5,59.0,25.9,16.0,0.6,-64.2,-19.5,20.9,-21.6,59.0,44.6,16.0,0.6,17.5,42.6,49.4,36.0,18.0,17.4,14.0,0.5,-45.3,11.9,53.4,3.7,18.0,53.2,14.0,0.5,,,,,,,,,,,,,,,,,,,,,,,,,,,,,,,,
1891,8,22700,-67.19999999999999,-53.5,,,,,,,,,,,,,,,,,,,,,,,,,,,,,,,,,1.0,1.0,1.0,1.0,2.0,0.0,18.0,1.0,0.39,0.39,0.39,0.39,2.0,0.0,18.0,1.0,0.92,0.92,0.92,0.92,2.0,0.0,18.0,1.0,1013.01,1015.6,1018.19,1015.6,2.0,5.37,18.0,1.0,,,,,,,,,,,,,,,,,,,,,,,,,,,,,,,,,,,,,,,,,,,,,,,,,,,,,,,,,,,,,,,,,,,,,,,,,,,,,,,,,,,,,,,,,,,,,,,,,,,,,,,,,,,,,,,,,,,,,,,,,,,,,,,,
1891,8,22700,-67.19999999999999,18.5,,,,,,,,,,,,,,,,,,,,,,,,,,,,,,,,,4.6,4.6,4.6,4.6,5.0,0.0,16.0,0.4,-4.6,-4.6,-4.11,-4.33,5.0,0.6,16.0,0.4,0.0,0.0,1.19,0.65,5.0,1.45,16.0,0.4,1015.55,1015.9,1016.34,1015.92,5.0,0.45,16.0,0.4,,,,,,,,,,,,,,,,,,,,,,,,,,,,,,,,,,,,,,,,,,,,,,,,,,,,,,,,,,,,,,,,,,,,,,,,,,,,,,,,,,,,,,,,,,,,,,,,,,,,,,,,,,,,,,,,,,,,,,,,,,,,,,,,
1891,8,22700,-67.19999999999999,30.8,,,,,,,,,,,,,,,,,,,,,,,,,,,,,,,,,1.0,1.0,2.6,1.79,16.0,1.55,16.0,0.7,-0.48,0.93,1.25,0.6,16.0,1.15,16.0,0.7,0.37,0.5,1.96,1.18,16.0,1.62,16.0,0.7,1009.4,1009.85,1011.1,1010.1,20.0,0.76,16.0,0.6,,,,,,,,,,,,,,,,,,,,,,,,,,,,,,,,,,,,,,,,,,,,,,,,,,,,,,,,,,,,,,,,,,,,,,,,,,,,,,,,,,,,,,,,,,,,,,,,,,,,,,,,,,,,,,,,,,,,,,,,,,,,,,,,
1891,8,22700,-67.0,-55.5,,,,,,,,,,,,,,,,,,,,,,,,,,,,,,,,,4.6,4.6,4.6,4.6,1.0,0.0,22.0,0.0,3.25,3.25,3.25,3.25,1.0,0.0,22.0,0.0,-3.25,-3.25,-3.25,-3.25,1.0,0.0,22.0,0.0,993.9,993.9,993.9,993.9,1.0,0.0,22.0,0.0,,,,,,,,,,,,,,,,,,,,,,,,,,,,,,,,,,,,,,,,,,,,,,,,,,,,,,,,,,,,,,,,,,,,,,,,,,,,,,,,,,,,,,,,,,,,,,,,,,,,,,,,,,,,,,,,,,,,,,,,,,,,,,,,
1891,8,22700,-67.0,10.2,,,,,,,,,,,,,,,,,,,,,,,,,,,,,,,,,4.6,4.6,5.57,5.38,6.0,1.92,28.0,0.5,-5.57,-4.27,-3.25,-4.82,6.0,2.26,28.0,0.5,0.0,1.72,3.25,1.66,6.0,1.46,28.0,0.5,1011.13,1012.2,1012.82,1011.98,6.0,0.94,28.0,0.5,,,,,,,,,,,,,,,,,,,,,,,,,,,,,,,,,,,,,,,,,,,,,,,,,,,,,,,,,,,,,,,,,,,,,,,,,,,,,,,,,,,,,,,,,,,,,,,,,,,,,,,,,,,,,,,,,,,,,,,,,,,,,,,,
1891,8,22700,-65.69999999999999,30.3,,,,,,,,,,,,,,,,,,,,,,,,,,,,,,,,,0.0,1.0,2.6,1.23,38.0,1.23,14.0,0.6,-1.27,0.0,1.02,0.08,38.0,1.24,14.0,0.6,-1.66,0.0,0.37,-0.23,38.0,1.2,14.0,0.6,1009.44,1010.6,1011.66,1010.68,35.0,1.05,14.0,0.5,,,,,,,,,,,,,,,,,,,,,,,,,,,,,,,,,,,,,,,,,,,,,,,,,,,,,,,,,,,,,,,,,,,,,,,,,,,,,,,,,,,,,,,,,,,,,,,,,,,,,,,,,,,,,,,,,,,,,,,,,,,,,,,,
1891,8,22700,-65.60000000000002,40.8,,,,,,,,,,,,,,,,,,,,,,,,,,,,,,,,,,,,,,,,,,,,,,,,,,,,,,,,,,,,,,,,,,,,,,,,,,,,,,,,,,,,,,,,,,,,,,,,,,,,,,,,,,,,,,,,,,,,,,,,,,,,,,,,,,,,,,,,,,,,,,,,,,,,,,,,,,,,,,,,,-1.7,0.0,1.5,-0.1,9.0,2.0,10.0,0.3,-7.2,-0.7,0.0,-2.8,9.0,4.4,10.0,0.3,1.0,17.5,301.0,143.5,54.0,229.5,12.0,0.4,0.0,20.0,300.0,145.0,54.0,230.0,12.0,0.4
1891,8,22700,-65.5,-57.6,,,,,,,,,,,,,,,,,,,,,,,,,,,,,,,,,,,,,,,,,,,,,,,,,,,,,,,,,,,,,,,,,,,,,,,,,,,,,,,,,,,,,,,,,,,,,,,,,,,,,,,,,,,,,,,,,,,,,,,,,,,,,,,,,,,,,,,,,,,,,,,,,,,,,,,,,,,,,,,,,0.0,1.6,4.3,1.8,36.0,1.9,12.0,0.5,-0.6,0.0,0.0,0.0,36.0,2.3,12.0,0.5,97.5,301.0,1861.0,830.5,80.0,994.5,12.0,0.4,95.0,300.0,1860.0,830.0,80.0,995.0,12.0,0.4
1891,8,22700,-65.5,10.5,,,,,,,,,,,,,,,,,,,,,,,,,,,,,,,,,4.6,4.6,4.6,4.6,1.0,0.0,28.0,1.0,-3.25,-3.25,-3.25,-3.25,1.0,0.0,28.0,1.0,3.25,3.25,3.25,3.25,1.0,0.0,28.0,1.0,1013.1,1013.1,1013.1,1013.1,1.0,0.0,28.0,1.0,,,,,,,,,,,,,,,,,,,,,,,,,,,,,,,,,,,,,,,,,,,,,,,,,,,,,,,,,,,,,,,,,,,,,,,,,,,,,,,,,,,,,,,,,,,,,,,,,,,,,,,,,,,,,,,,,,,,,,,,,,,,,,,,
1891,8,22700,-65.5,38.5,,,,,,,,,,,,,,,,,,,,,,,,,,,,,,,,,4.6,4.6,9.3,6.11,16.0,2.71,12.0,0.7,-2.48,0.0,6.3,0.82,16.0,4.32,12.0,0.7,-4.6,-1.15,4.4,0.1,16.0,5.27,12.0,0.7,1012.29,1013.3,1019.43,1015.01,13.0,3.45,8.0,0.6,,,,,,,,,,,,,,,,,,,,,,,,,,,,,,,,,,,,,,,,,,,,,,,,,,,,,,,,,,,,,,,,,,,,,,,,,,,,,,,,,,,,,,,,,,,,,,,,,,,,,,,,,,,,,,,,,,,,,,,,,,,,,,,,
1891,8,22700,-65.5,40.7,16.7,17.8,20.2,18.3,47.0,1.79,12.0,0.4,16.8,18.9,21.5,19.13,43.0,2.24,12.0,0.4,10.06,11.12,14.08,11.66,10.0,1.85,12.0,0.4,83.1,89.7,97.4,90.0,10.0,7.2,12.0,0.4,1.0,2.6,6.7,3.76,54.0,2.67,12.0,0.4,-1.28,0.84,4.27,1.42,54.0,3.04,12.0,0.4,-4.01,0.0,1.84,-0.72,54.0,3.12,12.0,0.4,1010.24,1013.4,1016.75,1013.66,25.0,3.33,12.0,0.5,0.0,3.0,8.0,3.6,44.0,2.8,12.0,0.5,83.1,89.7,97.4,90.0,10.0,7.2,12.0,0.4,-4.8,0.8,19.6,9.4,54.0,23.0,12.0,0.4,-28.0,0.0,7.9,-5.3,54.0,21.3,12.0,0.4,-2.53,-0.5,0.5,-0.81,43.0,1.51,12.0,0.4,-10.6,-1.0,0.6,-3.4,42.0,8.4,12.0,0.4,0.08,1.09,1.82,0.97,10.0,0.87,12.0,0.4,0.0,5.0,7.7,3.9,9.0,3.9,10.0,0.3,-21.3,14.4,79.5,26.0,42.0,56.7,12.0,0.4,-49.8,0.0,42.2,-6.3,42.0,56.0,12.0,0.4,-13.8,-7.0,8.1,-2.6,9.0,14.9,10.0,0.3,-69.2,-12.7,4.8,-25.7,9.0,35.1,10.0,0.3,,,,,,,,,,,,,,,,,,,,,,,,,,,,,,,,
1891,8,22700,-65.39999999999998,-57.4,3.57,4.4,5.0,4.3,81.0,0.75,12.0,0.4,3.3,4.0,4.9,4.2,82.0,0.91,12.0,0.4,4.85,5.04,5.22,5.02,42.0,0.2,12.0,0.5,100.0,100.0,100.0,99.8,42.0,1.2,12.0,0.5,4.6,6.7,12.3,7.66,80.0,4.06,12.0,0.4,0.0,4.67,9.25,4.61,80.0,4.65,12.0,0.4,-6.7,-1.82,0.0,-2.67,80.0,5.05,12.0,0.4,993.59,1000.5,1007.34,1000.65,74.0,6.43,12.0,0.4,3.0,5.0,6.0,5.0,86.0,2.0,12.0,0.4,100.0,100.0,100.0,99.8,42.0,1.2,12.0,0.5,0.0,31.7,113.6,46.4,80.0,52.7,12.0,0.4,-65.0,-15.0,0.0,-26.4,80.0,66.6,12.0,0.4,-0.7,0.0,1.1,0.07,77.0,0.94,12.0,0.4,-5.1,0.0,8.2,1.3,71.0,7.3,12.0,0.5,0.0,0.18,0.56,0.23,42.0,0.25,12.0,0.5,0.0,1.6,5.2,2.2,36.0,2.7,12.0,0.5,0.0,19.7,35.1,18.8,76.0,19.9,12.0,0.4,-32.0,-10.2,0.3,-12.5,76.0,23.1,12.0,0.4,25.4,43.5,56.0,39.8,36.0,14.2,12.0,0.5,-36.4,-11.4,16.5,-9.6,36.0,27.9,12.0,0.5,,,,,,,,,,,,,,,,,,,,,,,,,,,,,,,,
1891,8,22700,-65.39999999999998,48.7,,,,,,,,,,,,,,,,,,,,,,,,,,,,,,,,,0.32,1.0,1.0,0.67,3.0,0.58,18.0,0.3,0.32,1.0,1.0,0.67,3.0,0.58,18.0,0.3,0.0,0.0,0.0,0.0,3.0,0.0,18.0,0.3,1024.7,1024.7,1024.7,1024.7,1.0,0.0,30.0,0.0,,,,,,,,,,,,,,,,,,,,,,,,,,,,,,,,,,,,,,,,,,,,,,,,,,,,,,,,,,,,,,,,,,,,,,,,,,,,,,,,,,,,,,,,,,,,,,,,,,,,,,,,,,,,,,,,,,,,,,,,,,,,,,,,
1891,8,22700,-65.30000000000001,-55.2,,,,,,,,,,,,,,,,,,,,,,,,,,,,,,,,,2.6,6.7,6.7,5.42,21.0,3.03,18.0,0.6,-1.98,2.39,4.74,2.14,21.0,3.06,18.0,0.6,-6.2,-3.25,0.26,-3.34,21.0,3.76,18.0,0.6,996.73,1001.6,1005.64,1001.5,18.0,7.45,18.0,0.5,,,,,,,,,,,,,,,,,,,,,,,,,,,,,,,,,,,,,,,,,,,,,,,,,,,,,,,,,,,,,,,,,,,,,,,,,,,,,,,,,,,,,,,,,,,,,,,,,,,,,,,,,,,,,,,,,,,,,,,,,,,,,,,,
1891,8,22700,-65.30000000000001,-51.3,,,,,,,,,,,,,,,,,,,,,,,,,,,,,,,,,2.6,6.7,9.3,6.31,32.0,3.81,14.0,0.6,-2.39,0.19,4.61,0.8,32.0,3.67,14.0,0.6,-9.3,-1.41,1.08,-3.05,32.0,5.64,14.0,0.6,998.63,1008.6,1014.23,1006.45,36.0,7.81,16.0,0.6,,,,,,,,,,,,,,,,,,,,,,,,,,,,,,,,,,,,,,,,,,,,,,,,,,,,,,,,,,,,,,,,,,,,,,,,,,,,,,,,,,,,,,,,,,,,,,,,,,,,,,,,,,,,,,,,,,,,,,,,,,,,,,,,
1891,8,22700,-65.19999999999999,-53.2,,,,,,,,,,,,,,,,,,,,,,,,,,,,,,,,,6.7,9.3,15.4,10.55,21.0,3.98,14.0,0.4,-5.43,9.3,14.18,5.77,21.0,8.99,14.0,0.4,-5.81,0.0,2.16,-1.32,21.0,3.89,14.0,0.4,992.35,999.1,1001.77,998.03,21.0,5.17,14.0,0.4,,,,,,,,,,,,,,,,,,,,,,,,,,,,,,,,,,,,,,,,,,,,,,,,,,,,,,,,,,,,,,,,,,,,,,,,,,,,,,,,,,,,,,,,,,,,,,,,,,,,,,,,,,,,,,,,,,,,,,,,,,,,,,,,
1891,8,22700,-65.19999999999999,12.0,,,,,,,,,,,,,,,,,,,,,,,,,,,,,,,,,4.6,4.6,6.03,5.3,3.0,1.21,28.0,0.0,-4.27,-3.25,-3.25,-3.75,3.0,0.86,28.0,0.0,3.25,3.25,4.27,3.75,3.0,0.86,28.0,0.0,1012.96,1013.1,1013.71,1013.33,3.0,0.59,28.0,0.0,,,,,,,,,,,,,,,,,,,,,,,,,,,,,,,,,,,,,,,,,,,,,,,,,,,,,,,,,,,,,,,,,,,,,,,,,,,,,,,,,,,,,,,,,,,,,,,,,,,,,,,,,,,,,,,,,,,,,,,,,,,,,,,,
1891,8,22700,-65.19999999999999,18.5,,,,,,,,,,,,,,,,,,,,,,,,,,,,,,,,,4.6,6.7,6.7,6.0,6.0,1.08,14.0,0.5,-6.7,-6.7,-4.26,-5.88,6.0,1.27,14.0,0.5,-0.37,0.0,0.36,-0.01,6.0,1.11,14.0,0.5,1015.02,1016.05,1016.37,1015.85,6.0,0.83,14.0,0.5,,,,,,,,,,,,,,,,,,,,,,,,,,,,,,,,,,,,,,,,,,,,,,,,,,,,,,,,,,,,,,,,,,,,,,,,,,,,,,,,,,,,,,,,,,,,,,,,,,,,,,,,,,,,,,,,,,,,,,,,,,,,,,,,
1891,8,22700,-65.19999999999999,28.8,,,,,,,,,,,,,,,,,,,,,,,,,,,,,,,,,2.6,2.6,4.6,3.4,13.0,1.23,12.0,0.5,-3.64,-2.02,-1.84,-2.62,13.0,1.06,12.0,0.5,-3.25,-1.84,1.8,-0.82,13.0,2.19,12.0,0.5,1011.06,1011.5,1012.08,1011.61,11.0,0.58,12.0,0.5,,,,,,,,,,,,,,,,,,,,,,,,,,,,,,,,,,,,,,,,,,,,,,,,,,,,,,,,,,,,,,,,,,,,,,,,,,,,,,,,,,,,,,,,,,,,,,,,,,,,,,,,,,,,,,,,,,,,,,,,,,,,,,,,
1891,8,22700,-65.10000000000002,-49.3,,,,,,,,,,,,,,,,,,,,,,,,,,,,,,,,,4.6,6.7,9.3,6.78,28.0,3.11,14.0,0.5,0.0,1.84,6.2,2.36,28.0,3.67,14.0,0.5,-8.07,-3.86,1.83,-3.09,28.0,5.31,14.0,0.5,1002.04,1011.4,1015.91,1009.81,28.0,6.14,14.0,0.5,,,,,,,,,,,,,,,,,,,,,,,,,,,,,,,,,,,,,,,,,,,,,,,,,,,,,,,,,,,,,,,,,,,,,,,,,,,,,,,,,,,,,,,,,,,,,,,,,,,,,,,,,,,,,,,,,,,,,,,,,,,,,,,,
1891,8,22700,-65.10000000000002,-45.4,,,,,,,,,,,,,,,,,,,,,,,,,,,,,,,,,12.3,12.3,14.42,13.33,3.0,1.79,18.0,0.7,1.53,4.81,8.96,5.23,3.0,5.46,18.0,0.7,-11.99,-11.32,-11.03,-11.5,3.0,0.72,18.0,0.7,1018.77,1020.0,1022.53,1020.63,3.0,2.8,18.0,0.7,,,,,,,,,,,,,,,,,,,,,,,,,,,,,,,,,,,,,,,,,,,,,,,,,,,,,,,,,,,,,,,,,,,,,,,,,,,,,,,,,,,,,,,,,,,,,,,,,,,,,,,,,,,,,,,,,,,,,,,,,,,,,,,,
1891,8,22700,-65.0,-47.4,,,,,,,,,,,,,,,,,,,,,,,,,,,,,,,,,1.0,4.6,9.59,5.62,13.0,4.22,14.0,0.4,-3.59,0.0,1.81,-0.28,13.0,3.3,14.0,0.4,-8.89,0.0,2.6,-2.94,13.0,5.62,14.0,0.4,1009.89,1014.4,1020.29,1015.06,13.0,4.83,14.0,0.4,,,,,,,,,,,,,,,,,,,,,,,,,,,,,,,,,,,,,,,,,,,,,,,,,,,,,,,,,,,,,,,,,,,,,,,,,,,,,,,,,,,,,,,,,,,,,,,,,,,,,,,,,,,,,,,,,,,,,,,,,,,,,,,,
1891,8,22700,-63.80000000000001,-57.2,,,,,,,,,,,,,,,,,,,,,,,,,,,,,,,,,,,,,,,,,,,,,,,,,,,,,,,,,,,,,,,,,,,,,,,,,,,,,,,,,,,,,,,,,,,,,,,,,,,,,,,,,,,,,,,,,,,,,,,,,,,,,,,,,,,,,,,,,,,,,,,,,,,,,,,,,,,,,,,,,3.0,7.3,9.0,6.9,11.0,4.0,10.0,0.2,-0.4,0.6,27.4,9.7,11.0,13.2,10.0,0.2,17.5,552.5,6859.0,2648.0,30.0,3382.0,12.0,0.4,20.0,555.0,6860.0,2650.0,30.0,3380.0,12.0,0.4
1891,8,22700,-63.80000000000001,40.8,,,,,,,,,,,,,,,,,,,,,,,,,,,,,,,,,,,,,,,,,,,,,,,,,,,,,,,,,,,,,,,,,,,,,,,,,,,,,,,,,,,,,,,,,,,,,,,,,,,,,,,,,,,,,,,,,,,,,,,,,,,,,,,,,,,,,,,,,,,,,,,,,,,,,,,,,,,,,,,,,-1.7,1.1,5.6,2.0,3.0,5.4,16.0,0.3,-1.2,-0.5,2.6,0.7,3.0,3.0,16.0,0.3,17.5,199.0,501.0,366.5,30.0,545.5,12.0,0.5,20.0,200.0,500.0,365.0,30.0,545.0,12.0,0.5
1891,8,22700,-63.60000000000002,-57.2,3.18,3.9,4.42,4.02,25.0,0.84,10.0,0.4,2.47,3.8,4.72,3.65,29.0,1.2,12.0,0.4,3.54,4.72,4.95,4.35,11.0,0.67,10.0,0.2,81.7,100.0,100.0,92.5,11.0,8.9,10.0,0.2,,,,,,,,,,,,,,,,,,,,,,,,,,,,,,,,,,,,,,,,,,,,,,,,,,,,,,,,,,,,,,,,,-0.37,0.2,1.48,0.45,24.0,1.0,10.0,0.3,-0.9,1.0,25.4,9.7,24.0,16.1,10.0,0.3,0.2,0.39,1.53,0.77,11.0,0.62,10.0,0.2,3.1,7.5,28.8,13.8,11.0,11.6,10.0,0.2,,,,,,,,,,,,,,,,,,,,,,,,,,,,,,,,,,,,,,,,,,,,,,,,,,,,,,,,,,,,,,,,
1891,8,22700,-63.60000000000002,-53.3,,,,,,,,,,,,,,,,,,,,,,,,,,,,,,,,,2.73,6.7,12.11,6.98,14.0,3.74,16.0,0.5,-6.55,-0.97,8.44,0.3,14.0,7.28,16.0,0.5,-4.77,0.0,2.36,-0.82,14.0,3.54,16.0,0.5,1001.39,1002.7,1004.04,1002.74,7.0,2.43,16.0,0.6,,,,,,,,,,,,,,,,,,,,,,,,,,,,,,,,,,,,,,,,,,,,,,,,,,,,,,,,,,,,,,,,,,,,,,,,,,,,,,,,,,,,,,,,,,,,,,,,,,,,,,,,,,,,,,,,,,,,,,,,,,,,,,,,
1891,8,22700,-63.60000000000002,28.2,,,,,,,,,,,,,,,,,,,,,,,,,,,,,,,,,1.0,2.6,2.6,2.45,16.0,1.09,10.0,0.5,-2.53,-1.64,-0.48,-1.79,16.0,1.43,10.0,0.5,-2.02,-0.97,-0.3,-0.92,16.0,1.1,10.0,0.5,1010.56,1010.7,1011.02,1010.75,6.0,0.26,10.0,0.3,,,,,,,,,,,,,,,,,,,,,,,,,,,,,,,,,,,,,,,,,,,,,,,,,,,,,,,,,,,,,,,,,,,,,,,,,,,,,,,,,,,,,,,,,,,,,,,,,,,,,,,,,,,,,,,,,,,,,,,,,,,,,,,,
1891,8,22700,-63.60000000000002,40.6,18.04,19.8,22.72,20.36,27.0,2.37,12.0,0.6,17.98,20.1,23.22,20.64,25.0,2.52,12.0,0.6,12.62,14.56,14.87,13.77,3.0,1.79,16.0,0.3,90.9,91.5,97.3,94.1,3.0,5.2,16.0,0.3,,,,,,,,,,,,,,,,,,,,,,,,,,,,,,,,,,,,,,,,,,,,,,,,,,,,,,,,,,,,,,,,,-2.12,0.0,1.84,-0.18,25.0,1.89,12.0,0.6,-7.2,0.0,6.4,-0.7,25.0,8.8,12.0,0.6,-0.43,1.18,1.69,0.64,3.0,1.62,16.0,0.3,0.8,5.0,7.0,3.9,3.0,4.6,16.0,0.3,-39.2,35.9,117.2,27.8,25.0,89.3,12.0,0.6,-65.2,0.0,66.1,-3.7,25.0,89.6,12.0,0.6,-19.5,-13.6,48.3,13.7,3.0,55.0,16.0,0.3,-8.2,6.3,22.9,7.3,3.0,22.8,16.0,0.3,,,,,,,,,,,,,,,,,,,,,,,,,,,,,,,,
1891,8,22700,-63.60000000000002,40.7,,,,,,,,,,,,,,,,,,,,,,,,,,,,,,,,,2.6,5.65,7.73,5.74,30.0,3.09,12.0,0.5,-1.61,1.78,6.36,2.07,30.0,4.46,12.0,0.5,-2.87,0.0,2.87,-0.31,30.0,4.39,12.0,0.5,1011.35,1013.55,1017.09,1014.06,14.0,3.45,10.0,0.5,0.0,4.0,8.0,3.9,29.0,3.0,12.0,0.6,90.9,91.5,97.3,94.1,3.0,5.2,16.0,0.3,-5.1,6.3,44.1,17.4,30.0,38.9,12.0,0.5,-17.5,0.0,17.5,-4.8,30.0,42.9,12.0,0.5,,,,,,,,,,,,,,,,,,,,,,,,,,,,,,,,,,,,,,,,,,,,,,,,,,,,,,,,,,,,,,,,,,,,,,,,,,,,,,,,,,,,,,,,,,,,,,,,
1891,8,22700,-63.60000000000002,42.2,,,,,,,,,,,,,,,,,,,,,,,,,,,,,,,,,,,,,,,,,,,,,,,,,,,,,,,,,,,,,,,,,,,,,,,,,,,,,,,,,,,,,,,,,,,,,,,,,,,,,,,,,,,,,,,,,,,,,,,,,,,,,,,,,,,,,,,,,,,,,,,,,,,,,,,,,,,,,,,,,-2.6,0.0,1.6,-1.3,7.0,5.2,12.0,0.4,-1.5,1.5,3.2,1.1,7.0,2.8,12.0,0.4,17.5,97.5,301.0,245.5,30.0,390.5,12.0,0.6,20.0,95.0,300.0,245.0,30.0,390.0,12.0,0.6
1891,8,22700,-63.5,-57.2,,,,,,,,,,,,,,,,,,,,,,,,,,,,,,,,,2.6,8.0,19.0,9.98,30.0,7.33,12.0,0.4,0.0,5.32,17.14,6.71,30.0,7.07,12.0,0.4,-2.6,0.0,7.78,1.78,30.0,7.55,12.0,0.4,991.05,992.6,1008.0,997.36,26.0,9.44,12.0,0.3,2.6,6.0,8.0,5.4,30.0,2.3,12.0,0.4,81.7,100.0,100.0,92.5,11.0,8.9,10.0,0.2,0.0,53.0,359.0,107.9,30.0,136.8,12.0,0.4,-37.7,0.0,108.7,43.3,30.0,134.1,12.0,0.4,,,,,,,,,,,,,,,,,,,,,,,,,,,,,,,,,0.0,14.7,57.7,23.2,29.0,26.6,12.0,0.4,-13.2,0.0,19.6,2.2,29.0,23.1,12.0,0.4,20.8,44.9,92.4,56.0,11.0,33.5,10.0,0.2,-9.7,12.9,63.9,23.2,11.0,31.3,10.0,0.2,,,,,,,,,,,,,,,,,,,,,,,,,,,,,,,,
1891,8,22700,-63.5,-51.2,,,,,,,,,,,,,,,,,,,,,,,,,,,,,,,,,4.83,6.7,15.06,9.05,8.0,4.59,12.0,0.8,0.0,2.12,5.99,2.65,8.0,2.91,12.0,0.8,-15.06,-3.35,2.53,-5.35,8.0,8.1,12.0,0.8,1006.39,1006.8,1007.79,1007.08,4.0,1.07,10.0,0.5,,,,,,,,,,,,,,,,,,,,,,,,,,,,,,,,,,,,,,,,,,,,,,,,,,,,,,,,,,,,,,,,,,,,,,,,,,,,,,,,,,,,,,,,,,,,,,,,,,,,,,,,,,,,,,,,,,,,,,,,,,,,,,,,
1891,8,22700,-63.5,18.5,,,,,,,,,,,,,,,,,,,,,,,,,,,,,,,,,4.6,4.6,4.6,4.6,1.0,0.0,14.0,1.0,-3.25,-3.25,-3.25,-3.25,1.0,0.0,14.0,1.0,-3.25,-3.25,-3.25,-3.25,1.0,0.0,14.0,1.0,1016.6,1016.6,1016.6,1016.6,1.0,0.0,14.0,1.0,,,,,,,,,,,,,,,,,,,,,,,,,,,,,,,,,,,,,,,,,,,,,,,,,,,,,,,,,,,,,,,,,,,,,,,,,,,,,,,,,,,,,,,,,,,,,,,,,,,,,,,,,,,,,,,,,,,,,,,,,,,,,,,,
1891,8,22700,-63.5,42.2,,,,,,,,,,,,,,,,,,,,,,,,,,,,,,,,,2.6,4.6,6.7,5.12,30.0,2.56,12.0,0.6,-1.77,2.09,5.17,1.97,30.0,3.87,12.0,0.6,0.19,2.21,4.55,2.23,30.0,3.09,12.0,0.6,1008.29,1014.4,1017.22,1013.45,13.0,4.46,16.0,0.5,,,,,,,,,,,,,,,,,,,,,,,,,,,,,,,,,,,,,,,,,,,,,,,,,,,,,,,,,,,,,,,,,,,,,,,,,,,,,,,,,,,,,,,,,,,,,,,,,,,,,,,,,,,,,,,,,,,,,,,,,,,,,,,,
1891,8,22700,-63.5,48.6,,,,,,,,,,,,,,,,,,,,,,,,,,,,,,,,,0.83,2.6,3.97,2.4,3.0,2.31,24.0,0.0,0.83,2.6,3.08,1.97,3.0,1.74,24.0,0.0,-2.18,0.0,0.0,-1.07,3.0,1.84,24.0,0.0,1023.61,1024.05,1024.49,1024.05,2.0,0.92,30.0,0.0,,,,,,,,,,,,,,,,,,,,,,,,,,,,,,,,,,,,,,,,,,,,,,,,,,,,,,,,,,,,,,,,,,,,,,,,,,,,,,,,,,,,,,,,,,,,,,,,,,,,,,,,,,,,,,,,,,,,,,,,,,,,,,,,
1891,8,22700,-63.39999999999998,-55.7,,,,,,,,,,,,,,,,,,,,,,,,,,,,,,,,,,,,,,,,,,,,,,,,,,,,,,,,,,,,,,,,,,,,,,,,,,,,,,,,,,,,,,,,,,,,,,,,,,,,,,,,,,,,,,,,,,,,,,,,,,,,,,,,,,,,,,,,,,,,,,,,,,,,,,,,,,,,,,,,,-0.2,3.5,7.5,3.7,11.0,4.2,8.0,0.5,-3.9,-3.1,-0.4,-2.8,11.0,2.0,8.0,0.5,17.5,301.0,3652.5,1778.5,69.0,2823.5,12.0,0.5,20.0,300.0,3650.0,1780.0,69.0,2825.0,12.0,0.5
1891,8,22700,-63.39999999999998,-55.4,4.5,5.2,6.1,5.23,70.0,0.8,12.0,0.5,3.53,5.05,6.37,5.19,68.0,1.66,12.0,0.5,5.24,5.62,5.8,5.64,12.0,0.57,8.0,0.4,100.0,100.0,100.0,100.0,12.0,0.0,8.0,0.4,2.6,6.7,15.4,8.73,69.0,6.13,12.0,0.5,-0.98,4.23,13.62,5.53,69.0,6.92,12.0,0.5,-6.01,0.0,4.75,-0.61,69.0,5.97,12.0,0.5,990.43,1001.6,1008.88,1000.11,52.0,8.96,12.0,0.5,2.0,6.0,8.0,4.9,71.0,2.5,12.0,0.5,100.0,100.0,100.0,100.0,12.0,0.0,8.0,0.4,-2.6,19.5,209.7,80.1,69.0,130.5,12.0,0.5,-48.2,0.0,35.4,-9.5,69.0,87.8,12.0,0.5,-1.95,0.4,1.45,0.02,67.0,1.46,12.0,0.5,-5.2,1.2,13.3,3.6,65.0,13.2,12.0,0.5,0.18,0.2,0.67,0.22,12.0,0.51,8.0,0.4,3.1,3.5,9.1,5.4,11.0,3.6,8.0,0.5,-5.6,17.7,66.8,25.3,66.0,32.6,12.0,0.5,-28.7,0.0,14.3,-4.9,66.0,34.0,12.0,0.5,-5.3,56.9,96.2,44.4,11.0,46.7,8.0,0.5,-85.9,-41.2,-10.1,-47.1,11.0,35.1,8.0,0.5,,,,,,,,,,,,,,,,,,,,,,,,,,,,,,,,
1891,8,22700,-63.39999999999998,-47.3,,,,,,,,,,,,,,,,,,,,,,,,,,,,,,,,,4.6,8.0,12.3,8.88,28.0,4.61,10.0,0.5,2.92,6.09,9.3,6.32,28.0,4.2,10.0,0.5,-8.7,0.0,4.79,-0.21,28.0,6.62,10.0,0.5,1003.08,1006.45,1024.34,1010.24,24.0,9.12,10.0,0.5,,,,,,,,,,,,,,,,,,,,,,,,,,,,,,,,,,,,,,,,,,,,,,,,,,,,,,,,,,,,,,,,,,,,,,,,,,,,,,,,,,,,,,,,,,,,,,,,,,,,,,,,,,,,,,,,,,,,,,,,,,,,,,,,
1891,8,22700,-63.39999999999998,38.5,,,,,,,,,,,,,,,,,,,,,,,,,,,,,,,,,4.6,6.7,6.7,5.69,16.0,1.76,12.0,0.4,-1.62,0.9,5.65,1.55,16.0,3.38,12.0,0.4,-6.7,-2.89,1.74,-2.48,16.0,4.13,12.0,0.4,1012.37,1013.9,1019.74,1015.47,11.0,3.38,10.0,0.4,,,,,,,,,,,,,,,,,,,,,,,,,,,,,,,,,,,,,,,,,,,,,,,,,,,,,,,,,,,,,,,,,,,,,,,,,,,,,,,,,,,,,,,,,,,,,,,,,,,,,,,,,,,,,,,,,,,,,,,,,,,,,,,,
1891,8,22700,-63.39999999999998,42.2,18.06,19.5,22.03,19.75,24.0,2.22,14.0,0.6,17.3,19.55,21.37,19.39,22.0,2.25,14.0,0.6,11.93,12.7,12.91,12.49,7.0,0.66,12.0,0.4,87.1,92.7,92.8,89.3,7.0,6.8,12.0,0.4,,,,,,,,,,,,,,,,,,,,,,,,,,,,,,,,,0.0,5.0,8.0,4.7,24.0,3.1,14.0,0.6,87.1,92.7,92.8,89.3,7.0,6.8,12.0,0.4,-7.9,5.4,28.9,14.7,30.0,35.3,12.0,0.6,0.2,10.2,27.1,11.2,30.0,24.4,12.0,0.6,-1.0,0.0,1.1,0.07,22.0,1.07,14.0,0.6,-4.6,0.0,4.8,-0.4,22.0,7.1,14.0,0.6,0.43,0.58,1.11,1.15,7.0,1.72,12.0,0.4,2.0,3.9,4.6,4.0,7.0,4.4,12.0,0.4,-39.4,34.7,116.4,39.9,22.0,78.1,14.0,0.6,1.0,39.6,101.4,40.4,22.0,69.4,14.0,0.6,-47.7,-11.2,39.5,-6.7,7.0,40.1,12.0,0.4,19.6,57.6,70.7,44.8,7.0,30.0,12.0,0.4,,,,,,,,,,,,,,,,,,,,,,,,,,,,,,,,
1891,8,22700,-63.30000000000001,-49.3,,,,,,,,,,,,,,,,,,,,,,,,,,,,,,,,,4.31,6.7,15.92,9.33,19.0,6.83,12.0,0.6,1.59,4.6,13.56,6.2,19.0,5.55,12.0,0.6,-1.48,4.23,11.63,4.22,19.0,6.96,12.0,0.6,1002.85,1006.6,1013.48,1008.66,7.0,7.27,10.0,0.7,,,,,,,,,,,,,,,,,,,,,,,,,,,,,,,,,,,,,,,,,,,,,,,,,,,,,,,,,,,,,,,,,,,,,,,,,,,,,,,,,,,,,,,,,,,,,,,,,,,,,,,,,,,,,,,,,,,,,,,,,,,,,,,,
1891,8,22700,-63.30000000000001,12.3,,,,,,,,,,,,,,,,,,,,,,,,,,,,,,,,,4.6,4.6,4.6,4.6,5.0,0.0,26.0,0.6,-3.62,-3.25,-3.25,-3.46,5.0,0.45,26.0,0.6,2.69,3.25,3.25,2.95,5.0,0.68,26.0,0.6,1013.09,1014.3,1014.52,1013.92,5.0,0.84,26.0,0.6,,,,,,,,,,,,,,,,,,,,,,,,,,,,,,,,,,,,,,,,,,,,,,,,,,,,,,,,,,,,,,,,,,,,,,,,,,,,,,,,,,,,,,,,,,,,,,,,,,,,,,,,,,,,,,,,,,,,,,,,,,,,,,,,
1891,8,22700,-63.10000000000002,-45.4,,,,,,,,,,,,,,,,,,,,,,,,,,,,,,,,,6.7,9.3,12.89,9.65,25.0,3.83,12.0,0.5,4.79,6.58,10.97,7.67,25.0,3.37,12.0,0.5,-6.58,0.0,5.04,-0.66,25.0,6.2,12.0,0.5,1008.33,1016.2,1021.06,1015.53,20.0,5.86,12.0,0.6,,,,,,,,,,,,,,,,,,,,,,,,,,,,,,,,,,,,,,,,,,,,,,,,,,,,,,,,,,,,,,,,,,,,,,,,,,,,,,,,,,,,,,,,,,,,,,,,,,,,,,,,,,,,,,,,,,,,,,,,,,,,,,,,
1891,8,22700,-63.10000000000002,20.0,,,,,,,,,,,,,,,,,,,,,,,,,,,,,,,,,5.6,6.7,6.7,6.18,4.0,1.05,14.0,0.3,-6.7,-5.47,-2.02,-4.41,4.0,3.16,14.0,0.3,-4.37,-0.9,0.0,-2.12,4.0,3.17,14.0,0.3,1015.26,1016.7,1017.51,1016.4,4.0,1.44,14.0,0.3,,,,,,,,,,,,,,,,,,,,,,,,,,,,,,,,,,,,,,,,,,,,,,,,,,,,,,,,,,,,,,,,,,,,,,,,,,,,,,,,,,,,,,,,,,,,,,,,,,,,,,,,,,,,,,,,,,,,,,,,,,,,,,,,
1891,8,22700,-63.0,-43.5,,,,,,,,,,,,,,,,,,,,,,,,,,,,,,,,,8.35,12.3,12.3,10.58,5.0,2.53,14.0,0.2,1.3,6.7,8.61,4.79,5.0,5.6,14.0,0.2,-11.32,-8.7,1.33,-5.54,5.0,6.92,14.0,0.2,1007.5,1009.3,1019.78,1013.3,5.0,8.6,14.0,0.2,,,,,,,,,,,,,,,,,,,,,,,,,,,,,,,,,,,,,,,,,,,,,,,,,,,,,,,,,,,,,,,,,,,,,,,,,,,,,,,,,,,,,,,,,,,,,,,,,,,,,,,,,,,,,,,,,,,,,,,,,,,,,,,,
1891,8,22700,-63.0,-39.0,,,,,,,,,,,,,,,,,,,,,,,,,,,,,,,,,2.6,2.6,3.97,3.27,3.0,1.15,2.0,0.7,1.84,1.84,2.8,2.31,3.0,0.82,2.0,0.7,-2.8,-1.84,-1.84,-2.31,3.0,0.82,2.0,0.7,1019.43,1019.5,1020.59,1020.0,3.0,0.95,2.0,0.7,,,,,,,,,,,,,,,,,,,,,,,,,,,,,,,,,,,,,,,,,,,,,,,,,,,,,,,,,,,,,,,,,,,,,,,,,,,,,,,,,,,,,,,,,,,,,,,,,,,,,,,,,,,,,,,,,,,,,,,,,,,,,,,,
1891,8,22700,-61.89999999999998,-55.5,,,,,,,,,,,,,,,,,,,,,,,,,,,,,,,,,,,,,,,,,,,,,,,,,,,,,,,,,,,,,,,,,,,,,,,,,,,,,,,,,,,,,,,,,,,,,,,,,,,,,,,,,,,,,,,,,,,,,,,,,,,,,,,,,,,,,,,,,,,,,,,,,,,,,,,,,,,,,,,,,0.4,2.2,2.6,0.8,10.0,3.7,8.0,0.5,-0.2,0.1,1.5,0.9,10.0,2.4,8.0,0.5,187.5,804.5,1861.0,1221.5,29.0,1520.0,12.0,0.4,190.0,805.0,1860.0,1220.0,29.0,1520.0,12.0,0.4
1891,8,22700,-61.69999999999999,-53.8,6.39,6.7,6.7,6.55,4.0,0.3,8.0,0.5,8.9,8.9,8.9,8.9,4.0,0.0,8.0,0.5,7.16,7.17,7.17,7.17,4.0,0.01,8.0,0.5,100.0,100.0,100.0,100.0,4.0,0.0,8.0,0.5,,,,,,,,,,,,,,,,,,,,,,,,,,,,,,,,,,,,,,,,,,,,,,,,,,,,,,,,,,,,,,,,,-2.51,-2.2,-2.2,-2.35,4.0,0.3,8.0,0.5,-30.9,-27.1,-27.1,-28.9,4.0,3.7,8.0,0.5,-1.13,-1.0,-1.0,-1.06,4.0,0.13,8.0,0.5,-13.9,-12.3,-12.3,-13.1,4.0,1.5,8.0,0.5,54.7,54.7,54.7,54.7,4.0,0.0,8.0,0.5,-94.8,-94.8,-94.8,-94.8,4.0,0.0,8.0,0.5,44.1,44.1,44.1,44.1,4.0,0.0,8.0,0.5,-76.4,-76.4,-76.3,-76.4,4.0,0.1,8.0,0.5,-7.0,-6.2,-6.2,-6.5,4.0,0.8,8.0,0.5,10.7,10.7,12.1,11.3,4.0,1.3,8.0,0.5,1861.0,1861.0,1861.0,1861.0,6.0,0.0,8.0,0.7,1860.0,1860.0,1860.0,1860.0,6.0,0.0,8.0,0.7
1891,8,22700,-61.69999999999999,40.9,,,,,,,,,,,,,,,,,,,,,,,,,,,,,,,,,,,,,,,,,,,,,,,,,,,,,,,,,,,,,,,,,,,,,,,,,,,,,,,,,,,,,,,,,,,,,,,,,,,,,,,,,,,,,,,,,,,,,,,,,,,,,,,,,,,,,,,,,,,,,,,,,,,,,,,,,,,,,,,,,-2.1,-1.3,-0.6,-1.3,2.0,1.6,8.0,1.0,0.3,0.5,0.8,0.5,2.0,0.6,8.0,1.0,22.5,97.5,804.5,280.0,15.0,334.5,8.0,0.6,20.0,95.0,805.0,280.0,15.0,335.0,8.0,0.6
1891,8,22700,-61.60000000000002,-55.5,,,,,,,,,,,,,,,,,,,,,,,,,,,,,,,,,5.53,9.3,12.3,9.14,29.0,4.06,12.0,0.4,-1.44,6.58,10.11,5.54,29.0,5.92,12.0,0.4,-1.32,1.84,7.47,2.67,29.0,5.36,12.0,0.4,992.65,996.4,1009.12,999.13,21.0,7.94,10.0,0.5,2.4,4.0,6.0,4.6,29.0,2.0,12.0,0.4,100.0,100.0,100.0,100.0,10.0,0.0,8.0,0.5,-3.1,44.9,112.0,66.2,29.0,86.7,12.0,0.4,-7.8,19.5,115.0,34.5,29.0,61.7,12.0,0.4,,,,,,,,,,,,,,,,,,,,,,,,,,,,,,,,,-4.7,24.9,63.5,29.1,29.0,31.6,12.0,0.4,-7.1,8.5,38.1,12.3,29.0,31.0,12.0,0.4,44.8,54.9,77.2,58.9,10.0,19.1,8.0,0.5,-25.1,-0.4,39.1,3.2,10.0,31.1,8.0,0.5,,,,,,,,,,,,,,,,,,,,,,,,,,,,,,,,
1891,8,22700,-61.60000000000002,-55.4,4.52,4.9,6.1,5.33,21.0,1.08,6.0,0.5,3.09,5.1,6.1,4.84,29.0,1.6,12.0,0.4,5.73,5.83,5.92,5.95,10.0,0.45,8.0,0.5,100.0,100.0,100.0,100.0,10.0,0.0,8.0,0.5,,,,,,,,,,,,,,,,,,,,,,,,,,,,,,,,,,,,,,,,,,,,,,,,,,,,,,,,,,,,,,,,,-0.83,0.5,0.6,-0.05,21.0,1.02,6.0,0.5,-5.8,3.8,7.4,-0.3,21.0,10.6,6.0,0.5,0.09,0.2,0.25,0.05,10.0,0.47,8.0,0.5,0.6,2.3,2.8,0.7,10.0,4.5,8.0,0.5,,,,,,,,,,,,,,,,,,,,,,,,,,,,,,,,,,,,,,,,,,,,,,,,,,,,,,,,,,,,,,,,
1891,8,22700,-61.5,-53.8,,,,,,,,,,,,,,,,,,,,,,,,,,,,,,,,,12.3,12.3,12.3,12.3,6.0,0.0,8.0,0.7,6.15,6.15,6.15,6.15,6.0,0.0,8.0,0.7,-10.65,-10.65,-10.65,-10.65,6.0,0.0,8.0,0.7,997.01,998.4,1000.17,998.57,6.0,1.8,8.0,0.7,3.8,8.0,8.0,6.5,6.0,2.3,8.0,0.7,100.0,100.0,100.0,100.0,4.0,0.0,8.0,0.5,75.6,75.6,75.6,75.6,6.0,0.0,8.0,0.7,-131.0,-131.0,-131.0,-131.0,6.0,0.0,8.0,0.7,,,,,,,,,,,,,,,,,,,,,,,,,,,,,,,,,,,,,,,,,,,,,,,,,,,,,,,,,,,,,,,,,,,,,,,,,,,,,,,,,,,,,,,,,,,,,,,,
1891,8,22700,-61.5,40.5,22.16,23.7,24.39,23.05,15.0,1.82,8.0,0.6,18.9,22.7,26.05,22.11,13.0,3.19,8.0,0.5,14.59,14.82,15.05,14.82,2.0,0.48,8.0,1.0,83.4,83.7,84.1,83.7,2.0,0.7,8.0,1.0,1.8,4.6,9.3,5.27,15.0,2.99,8.0,0.6,-0.93,3.25,5.67,1.66,15.0,5.14,8.0,0.6,-3.55,0.0,3.25,-0.57,15.0,2.99,8.0,0.6,1012.53,1015.2,1017.46,1014.88,10.0,2.88,6.0,0.6,0.0,3.0,6.0,3.2,15.0,2.6,8.0,0.6,83.4,83.7,84.1,83.7,2.0,0.7,8.0,1.0,-0.9,15.0,35.8,9.2,15.0,44.2,8.0,0.6,-21.0,0.0,15.0,-3.3,15.0,21.1,8.0,0.6,-2.05,1.0,3.15,0.8,13.0,2.48,8.0,0.5,-7.1,4.6,23.0,7.4,13.0,13.2,8.0,0.5,0.65,1.46,2.26,1.46,2.0,1.67,8.0,1.0,0.6,1.5,2.3,1.5,2.0,1.7,8.0,1.0,-38.4,79.0,128.7,41.3,13.0,122.1,8.0,0.5,-64.1,0.0,83.7,-0.9,13.0,65.9,8.0,0.5,-13.9,-13.6,-13.4,-13.6,2.0,0.6,8.0,1.0,5.7,5.8,5.9,5.8,2.0,0.1,8.0,1.0,,,,,,,,,,,,,,,,,,,,,,,,,,,,,,,,
1891,8,22700,-61.5,42.3,,,,,,,,,,,,,,,,,,,,,,,,,,,,,,,,,,,,,,,,,,,,,,,,,,,,,,,,,,,,,,,,,2.0,4.0,7.5,4.4,42.0,2.4,12.0,0.5,81.0,84.1,88.3,84.3,18.0,4.0,8.0,0.6,-3.6,1.0,20.5,8.8,59.0,19.2,10.0,0.6,-6.2,0.0,16.8,2.1,59.0,19.6,10.0,0.6,,,,,,,,,,,,,,,,,,,,,,,,,,,,,,,,,,,,,,,,,,,,,,,,,,,,,,,,,,,,,,,,,,,,,,,,,,,,,,,,,,,,,,,,,,,,,,,,
1891,8,22700,-61.5,42.4,18.06,20.15,22.28,20.22,40.0,2.27,12.0,0.5,17.5,19.4,21.2,19.53,39.0,2.44,12.0,0.5,10.34,11.25,12.78,11.48,18.0,1.11,8.0,0.6,81.0,84.1,88.3,84.3,18.0,4.0,8.0,0.6,1.0,2.6,6.7,3.53,59.0,2.41,10.0,0.6,-1.25,0.99,4.1,1.35,59.0,2.73,10.0,0.6,-2.39,0.0,2.58,0.3,59.0,3.02,10.0,0.6,1014.72,1016.5,1019.26,1016.79,29.0,3.12,12.0,0.5,,,,,,,,,,,,,,,,,,,,,,,,,,,,,,,,,-1.29,0.8,2.0,0.65,39.0,1.71,12.0,0.5,-4.6,2.0,9.2,3.1,39.0,8.4,12.0,0.5,0.91,2.16,4.12,2.46,18.0,1.38,8.0,0.6,2.1,4.4,7.7,5.3,18.0,4.8,8.0,0.6,-20.2,19.8,81.3,29.8,39.0,56.2,12.0,0.5,-43.5,0.0,80.4,8.4,39.0,68.0,12.0,0.5,-13.5,0.0,29.8,5.1,18.0,21.5,8.0,0.6,-25.9,0.0,11.0,-4.0,18.0,21.6,8.0,0.6,-2.2,0.0,4.6,1.6,18.0,4.9,8.0,0.6,-6.5,0.0,1.3,-2.4,18.0,4.4,8.0,0.6,1.0,17.5,301.0,115.0,59.0,195.5,10.0,0.6,0.0,20.0,300.0,115.0,59.0,195.0,10.0,0.6
1891,8,22700,-61.39999999999998,-57.4,,,,,,,,,,,,,,,,,,,,,,,,,,,,,,,,,3.87,4.6,8.54,6.36,5.0,5.13,10.0,0.8,0.02,1.72,7.92,3.91,5.0,6.18,10.0,0.8,-4.81,-4.27,-0.89,-2.99,5.0,2.9,10.0,0.8,987.31,988.8,999.91,994.08,5.0,13.43,10.0,0.8,,,,,,,,,,,,,,,,,,,,,,,,,,,,,,,,,,,,,,,,,,,,,,,,,,,,,,,,,,,,,,,,,,,,,,,,,,,,,,,,,,,,,,,,,,,,,,,,,,,,,,,,,,,,,,,,,,,,,,,,,,,,,,,,
1891,8,22700,-61.39999999999998,-45.1,,,,,,,,,,,,,,,,,,,,,,,,,,,,,,,,,4.6,9.3,15.4,9.63,23.0,5.16,4.0,0.6,1.18,4.27,6.4,3.82,23.0,2.99,4.0,0.6,-3.64,3.25,14.28,3.77,23.0,9.19,4.0,0.6,1006.34,1010.1,1026.25,1014.48,23.0,8.88,4.0,0.6,,,,,,,,,,,,,,,,,,,,,,,,,,,,,,,,,,,,,,,,,,,,,,,,,,,,,,,,,,,,,,,,,,,,,,,,,,,,,,,,,,,,,,,,,,,,,,,,,,,,,,,,,,,,,,,,,,,,,,,,,,,,,,,,
1891,8,22700,-61.39999999999998,10.3,,,,,,,,,,,,,,,,,,,,,,,,,,,,,,,,,2.6,2.6,3.97,3.27,3.0,1.15,2.0,0.3,-3.72,-2.6,-2.6,-3.14,3.0,0.94,2.0,0.3,0.0,0.0,1.23,0.6,3.0,1.04,2.0,0.3,1013.13,1013.4,1013.6,1013.37,3.0,0.35,2.0,0.3,,,,,,,,,,,,,,,,,,,,,,,,,,,,,,,,,,,,,,,,,,,,,,,,,,,,,,,,,,,,,,,,,,,,,,,,,,,,,,,,,,,,,,,,,,,,,,,,,,,,,,,,,,,,,,,,,,,,,,,,,,,,,,,,
1891,8,22700,-61.39999999999998,38.6,,,,,,,,,,,,,,,,,,,,,,,,,,,,,,,,,2.6,4.6,9.14,5.23,14.0,2.81,12.0,0.6,-0.37,2.93,4.53,2.32,14.0,2.6,12.0,0.6,-8.35,-0.65,3.1,-1.46,14.0,4.75,12.0,0.6,1015.02,1016.4,1018.62,1016.65,11.0,1.84,10.0,0.5,,,,,,,,,,,,,,,,,,,,,,,,,,,,,,,,,,,,,,,,,,,,,,,,,,,,,,,,,,,,,,,,,,,,,,,,,,,,,,,,,,,,,,,,,,,,,,,,,,,,,,,,,,,,,,,,,,,,,,,,,,,,,,,,
1891,8,22700,-61.39999999999998,48.5,,,,,,,,,,,,,,,,,,,,,,,,,,,,,,,,,2.92,3.6,4.28,3.6,2.0,1.41,30.0,1.0,2.15,2.83,3.5,2.83,2.0,1.4,30.0,1.0,-2.46,-2.21,-1.95,-2.21,2.0,0.52,30.0,1.0,1021.71,1022.15,1022.59,1022.15,2.0,0.92,30.0,1.0,,,,,,,,,,,,,,,,,,,,,,,,,,,,,,,,,,,,,,,,,,,,,,,,,,,,,,,,,,,,,,,,,,,,,,,,,,,,,,,,,,,,,,,,,,,,,,,,,,,,,,,,,,,,,,,,,,,,,,,,,,,,,,,,
1891,8,22700,-61.30000000000001,-43.2,,,,,,,,,,,,,,,,,,,,,,,,,,,,,,,,,2.6,6.7,12.3,6.96,22.0,4.37,10.0,0.5,-1.77,0.35,6.58,2.53,22.0,4.16,10.0,0.5,-9.1,-4.44,0.0,-4.6,22.0,4.86,10.0,0.5,1007.35,1010.45,1021.48,1014.13,14.0,8.63,8.0,0.5,,,,,,,,,,,,,,,,,,,,,,,,,,,,,,,,,,,,,,,,,,,,,,,,,,,,,,,,,,,,,,,,,,,,,,,,,,,,,,,,,,,,,,,,,,,,,,,,,,,,,,,,,,,,,,,,,,,,,,,,,,,,,,,,
1891,8,22700,-61.19999999999999,8.8,,,,,,,,,,,,,,,,,,,,,,,,,,,,,,,,,2.6,2.6,2.6,2.6,1.0,0.0,30.0,0.0,-1.02,-1.02,-1.02,-1.02,1.0,0.0,30.0,0.0,-2.39,-2.39,-2.39,-2.39,1.0,0.0,30.0,0.0,1011.5,1011.5,1011.5,1011.5,1.0,0.0,30.0,0.0,,,,,,,,,,,,,,,,,,,,,,,,,,,,,,,,,,,,,,,,,,,,,,,,,,,,,,,,,,,,,,,,,,,,,,,,,,,,,,,,,,,,,,,,,,,,,,,,,,,,,,,,,,,,,,,,,,,,,,,,,,,,,,,,
1891,8,22700,-61.19999999999999,12.5,,,,,,,,,,,,,,,,,,,,,,,,,,,,,,,,,4.6,4.6,5.03,4.95,6.0,0.86,26.0,0.5,-4.67,-4.27,-4.27,-4.59,6.0,0.79,26.0,0.5,1.72,1.72,1.89,1.85,6.0,0.32,26.0,0.5,1012.63,1013.2,1014.3,1013.25,6.0,1.01,26.0,0.5,,,,,,,,,,,,,,,,,,,,,,,,,,,,,,,,,,,,,,,,,,,,,,,,,,,,,,,,,,,,,,,,,,,,,,,,,,,,,,,,,,,,,,,,,,,,,,,,,,,,,,,,,,,,,,,,,,,,,,,,,,,,,,,,
1891,8,22700,-61.19999999999999,20.0,,,,,,,,,,,,,,,,,,,,,,,,,,,,,,,,,4.6,5.65,6.7,5.65,6.0,1.15,14.0,0.5,-6.18,-5.2,-4.23,-5.21,6.0,1.07,14.0,0.5,-2.62,-1.8,-0.91,-1.35,6.0,1.93,14.0,0.5,1015.86,1016.9,1017.28,1016.65,6.0,0.85,14.0,0.5,,,,,,,,,,,,,,,,,,,,,,,,,,,,,,,,,,,,,,,,,,,,,,,,,,,,,,,,,,,,,,,,,,,,,,,,,,,,,,,,,,,,,,,,,,,,,,,,,,,,,,,,,,,,,,,,,,,,,,,,,,,,,,,,
1891,8,22700,-61.0,-41.5,,,,,,,,,,,,,,,,,,,,,,,,,,,,,,,,,2.6,4.6,6.13,4.51,9.0,2.43,12.0,0.6,-1.53,2.6,5.68,2.47,9.0,3.6,12.0,0.6,-4.03,-2.51,1.31,-1.57,9.0,2.49,12.0,0.6,1015.19,1019.2,1030.82,1021.36,7.0,6.89,12.0,0.6,,,,,,,,,,,,,,,,,,,,,,,,,,,,,,,,,,,,,,,,,,,,,,,,,,,,,,,,,,,,,,,,,,,,,,,,,,,,,,,,,,,,,,,,,,,,,,,,,,,,,,,,,,,,,,,,,,,,,,,,,,,,,,,,
1891,8,22700,-59.80000000000001,46.2,,,,,,,,,,,,,,,,,,,,,,,,,,,,,,,,,9.3,9.3,9.3,9.3,1.0,0.0,22.0,1.0,6.58,6.58,6.58,6.58,1.0,0.0,22.0,1.0,-6.58,-6.58,-6.58,-6.58,1.0,0.0,22.0,1.0,1008.3,1008.3,1008.3,1008.3,1.0,0.0,22.0,1.0,,,,,,,,,,,,,,,,,,,,,,,,,,,,,,,,,,,,,,,,,,,,,,,,,,,,,,,,,,,,,,,,,,,,,,,,,,,,,,,,,,,,,,,,,,,,,,,,,,,,,,,,,,,,,,,,,,,,,,,,,,,,,,,,
1891,8,22700,-59.69999999999999,10.3,,,,,,,,,,,,,,,,,,,,,,,,,,,,,,,,,4.6,4.6,4.6,4.6,2.0,0.0,16.0,0.5,-3.85,-3.02,-2.18,-3.02,2.0,1.72,16.0,0.5,-3.28,-1.22,0.84,-1.22,2.0,4.27,16.0,0.5,1011.3,1011.95,1012.6,1011.95,2.0,1.34,16.0,0.5,,,,,,,,,,,,,,,,,,,,,,,,,,,,,,,,,,,,,,,,,,,,,,,,,,,,,,,,,,,,,,,,,,,,,,,,,,,,,,,,,,,,,,,,,,,,,,,,,,,,,,,,,,,,,,,,,,,,,,,,,,,,,,,,
1891,8,22700,-59.60000000000002,48.8,,,,,,,,,,,,,,,,,,,,,,,,,,,,,,,,,7.11,8.0,8.89,8.0,2.0,1.84,30.0,0.5,4.38,5.73,7.08,5.73,2.0,2.8,30.0,0.5,-5.5,-5.38,-5.26,-5.38,2.0,0.25,30.0,0.5,1009.73,1012.15,1014.57,1012.15,2.0,5.02,30.0,0.5,,,,,,,,,,,,,,,,,,,,,,,,,,,,,,,,,,,,,,,,,,,,,,,,,,,,,,,,,,,,,,,,,,,,,,,,,,,,,,,,,,,,,,,,,,,,,,,,,,,,,,,,,,,,,,,,,,,,,,,,,,,,,,,,
1891,8,22700,-59.5,-53.6,,,,,,,,,,,,,,,,,,,,,,,,,,,,,,,,,9.3,10.8,12.3,10.48,8.0,2.13,12.0,0.5,6.15,6.16,6.58,6.65,8.0,1.09,12.0,0.5,-10.65,-5.33,6.14,-3.35,8.0,8.08,12.0,0.5,1000.09,1003.05,1004.04,1002.27,6.0,2.31,14.0,0.3,,,,,,,,,,,,,,,,,,,,,,,,,,,,,,,,,,,,,,,,,,,,,,,,,,,,,,,,,,,,,,,,,,,,,,,,,,,,,,,,,,,,,,,,,,,,,,,,,,,,,,,,,,,,,,,,,,,,,,,,,,,,,,,,
1891,8,22700,-59.5,8.5,,,,,,,,,,,,,,,,,,,,,,,,,,,,,,,,,2.6,2.6,4.38,3.1,8.0,0.93,16.0,0.5,-3.16,-1.43,-1.02,-1.85,8.0,1.39,16.0,0.5,-2.39,-0.69,1.83,-0.23,8.0,2.44,16.0,0.5,1010.9,1011.0,1011.5,1011.21,8.0,0.49,16.0,0.5,,,,,,,,,,,,,,,,,,,,,,,,,,,,,,,,,,,,,,,,,,,,,,,,,,,,,,,,,,,,,,,,,,,,,,,,,,,,,,,,,,,,,,,,,,,,,,,,,,,,,,,,,,,,,,,,,,,,,,,,,,,,,,,,
1891,8,22700,-59.5,42.3,16.61,19.4,23.0,19.7,77.0,2.72,10.0,0.4,17.0,19.0,21.49,19.16,74.0,2.24,8.0,0.4,10.76,11.77,13.13,11.97,16.0,1.1,8.0,0.5,82.4,90.3,91.8,88.4,16.0,4.4,8.0,0.5,2.6,4.6,6.7,4.61,90.0,2.26,8.0,0.5,-1.64,2.46,5.99,2.21,90.0,3.35,8.0,0.5,-3.17,-1.02,2.24,-0.97,90.0,3.08,8.0,0.5,1008.98,1014.4,1019.0,1014.21,63.0,4.99,8.0,0.5,2.0,4.0,7.0,4.0,77.0,2.4,10.0,0.4,82.4,90.3,91.8,88.4,16.0,4.4,8.0,0.5,-4.5,7.9,41.3,13.2,90.0,23.5,8.0,0.5,-17.5,-4.0,6.7,-6.7,90.0,23.0,8.0,0.5,-1.17,0.5,2.58,0.4,74.0,1.87,8.0,0.4,-4.3,1.3,14.3,3.7,73.0,10.1,8.0,0.4,0.95,1.91,4.36,2.51,16.0,1.86,8.0,0.5,3.6,6.3,24.9,11.5,16.0,12.4,8.0,0.5,-32.7,41.0,107.0,38.0,73.0,69.7,8.0,0.4,-70.8,-17.6,48.5,-17.0,73.0,61.3,8.0,0.4,-7.2,46.6,65.4,35.8,16.0,38.7,8.0,0.5,-41.6,-11.0,2.9,-17.1,16.0,33.4,8.0,0.5,-0.8,5.9,15.3,8.6,16.0,11.5,8.0,0.5,-9.4,-1.3,1.4,-3.8,16.0,8.2,8.0,0.5,17.5,97.5,301.0,173.5,90.0,259.0,8.0,0.5,20.0,95.0,300.0,175.0,90.0,260.0,8.0,0.5
1891,8,22700,-59.39999999999998,-43.1,,,,,,,,,,,,,,,,,,,,,,,,,,,,,,,,,7.81,9.3,11.02,9.17,10.0,2.28,6.0,0.6,3.55,5.66,7.79,5.09,10.0,3.09,6.0,0.6,-8.67,-6.58,-4.47,-5.47,10.0,5.19,6.0,0.6,1010.53,1014.35,1017.57,1013.72,10.0,4.34,6.0,0.6,,,,,,,,,,,,,,,,,,,,,,,,,,,,,,,,,,,,,,,,,,,,,,,,,,,,,,,,,,,,,,,,,,,,,,,,,,,,,,,,,,,,,,,,,,,,,,,,,,,,,,,,,,,,,,,,,,,,,,,,,,,,,,,,
1891,8,22700,-59.39999999999998,40.3,,,,,,,,,,,,,,,,,,,,,,,,,,,,,,,,,4.6,4.6,8.85,5.9,21.0,2.91,10.0,0.4,1.74,3.25,4.6,2.34,21.0,4.2,10.0,0.4,-4.26,0.0,1.8,-1.4,21.0,4.41,10.0,0.4,1015.0,1016.4,1018.53,1016.49,12.0,1.65,10.0,0.4,,,,,,,,,,,,,,,,,,,,,,,,,,,,,,,,,,,,,,,,,,,,,,,,,,,,,,,,,,,,,,,,,,,,,,,,,,,,,,,,,,,,,,,,,,,,,,,,,,,,,,,,,,,,,,,,,,,,,,,,,,,,,,,,
1891,8,22700,-59.30000000000001,-57.1,,,,,,,,,,,,,,,,,,,,,,,,,,,,,,,,,9.74,17.2,19.0,14.5,4.0,6.81,8.0,0.3,8.23,16.51,17.62,13.09,4.0,7.65,8.0,0.3,-7.12,-5.69,-2.03,-4.63,4.0,3.36,8.0,0.3,989.23,989.3,990.26,989.73,3.0,0.84,10.0,0.0,,,,,,,,,,,,,,,,,,,,,,,,,,,,,,,,,,,,,,,,,,,,,,,,,,,,,,,,,,,,,,,,,,,,,,,,,,,,,,,,,,,,,,,,,,,,,,,,,,,,,,,,,,,,,,,,,,,,,,,,,,,,,,,,
1891,8,22700,-59.30000000000001,-55.2,,,,,,,,,,,,,,,,,,,,,,,,,,,,,,,,,2.6,6.7,9.3,5.92,13.0,2.82,18.0,0.5,1.66,2.6,4.75,3.19,13.0,2.39,18.0,0.5,-6.26,-1.84,4.11,-0.73,13.0,5.34,18.0,0.5,988.68,1000.4,1015.43,1000.16,13.0,11.14,18.0,0.5,,,,,,,,,,,,,,,,,,,,,,,,,,,,,,,,,,,,,,,,,,,,,,,,,,,,,,,,,,,,,,,,,,,,,,,,,,,,,,,,,,,,,,,,,,,,,,,,,,,,,,,,,,,,,,,,,,,,,,,,,,,,,,,,
1891,8,22700,-59.30000000000001,-41.2,,,,,,,,,,,,,,,,,,,,,,,,,,,,,,,,,2.6,2.6,6.7,3.97,44.0,2.74,12.0,0.5,-1.84,1.84,3.62,1.5,44.0,2.84,12.0,0.5,-1.02,0.95,4.35,1.28,44.0,3.41,12.0,0.5,1006.45,1016.05,1028.4,1015.93,32.0,8.81,14.0,0.5,,,,,,,,,,,,,,,,,,,,,,,,,,,,,,,,,,,,,,,,,,,,,,,,,,,,,,,,,,,,,,,,,,,,,,,,,,,,,,,,,,,,,,,,,,,,,,,,,,,,,,,,,,,,,,,,,,,,,,,,,,,,,,,,
1891,8,22700,-59.30000000000001,12.5,,,,,,,,,,,,,,,,,,,,,,,,,,,,,,,,,4.6,4.6,6.03,5.3,3.0,1.21,24.0,0.7,-6.03,-4.6,-4.37,-5.19,3.0,1.32,24.0,0.7,0.0,0.0,1.18,0.57,3.0,0.99,24.0,0.7,1011.7,1011.9,1012.58,1012.13,3.0,0.68,24.0,0.7,,,,,,,,,,,,,,,,,,,,,,,,,,,,,,,,,,,,,,,,,,,,,,,,,,,,,,,,,,,,,,,,,,,,,,,,,,,,,,,,,,,,,,,,,,,,,,,,,,,,,,,,,,,,,,,,,,,,,,,,,,,,,,,,
1891,8,22700,-59.30000000000001,20.0,,,,,,,,,,,,,,,,,,,,,,,,,,,,,,,,,4.43,4.6,6.7,4.69,7.0,1.9,12.0,0.6,-4.83,-3.25,-3.15,-3.83,7.0,1.76,12.0,0.6,-0.23,0.0,3.25,0.72,7.0,2.9,12.0,0.6,1017.06,1017.9,1018.51,1017.67,7.0,0.87,12.0,0.6,,,,,,,,,,,,,,,,,,,,,,,,,,,,,,,,,,,,,,,,,,,,,,,,,,,,,,,,,,,,,,,,,,,,,,,,,,,,,,,,,,,,,,,,,,,,,,,,,,,,,,,,,,,,,,,,,,,,,,,,,,,,,,,,
1891,8,22700,-59.30000000000001,22.2,,,,,,,,,,,,,,,,,,,,,,,,,,,,,,,,,2.6,4.6,6.7,4.63,9.0,1.78,8.0,0.6,-4.74,-3.25,-2.46,-3.64,9.0,1.06,8.0,0.6,-4.74,-3.25,0.0,-2.31,9.0,2.31,8.0,0.6,1017.0,1017.0,1018.0,1017.22,9.0,0.67,8.0,0.6,,,,,,,,,,,,,,,,,,,,,,,,,,,,,,,,,,,,,,,,,,,,,,,,,,,,,,,,,,,,,,,,,,,,,,,,,,,,,,,,,,,,,,,,,,,,,,,,,,,,,,,,,,,,,,,,,,,,,,,,,,,,,,,,
1891,8,22700,-59.30000000000001,38.6,,,,,,,,,,,,,,,,,,,,,,,,,,,,,,,,,4.6,6.7,10.06,7.63,12.0,3.51,6.0,0.4,1.34,2.62,4.88,2.82,12.0,2.95,6.0,0.4,-6.17,1.35,9.18,1.63,12.0,7.46,6.0,0.4,1005.19,1006.9,1012.6,1009.03,9.0,5.02,4.0,0.4,,,,,,,,,,,,,,,,,,,,,,,,,,,,,,,,,,,,,,,,,,,,,,,,,,,,,,,,,,,,,,,,,,,,,,,,,,,,,,,,,,,,,,,,,,,,,,,,,,,,,,,,,,,,,,,,,,,,,,,,,,,,,,,,
1891,8,22700,-59.19999999999999,6.5,,,,,,,,,,,,,,,,,,,,,,,,,,,,,,,,,2.92,3.6,4.28,3.6,2.0,1.41,2.0,1.0,-4.16,-3.22,-2.28,-3.22,2.0,1.95,2.0,1.0,0.29,0.92,1.55,0.92,2.0,1.3,2.0,1.0,1011.81,1012.25,1012.69,1012.25,2.0,0.92,2.0,1.0,,,,,,,,,,,,,,,,,,,,,,,,,,,,,,,,,,,,,,,,,,,,,,,,,,,,,,,,,,,,,,,,,,,,,,,,,,,,,,,,,,,,,,,,,,,,,,,,,,,,,,,,,,,,,,,,,,,,,,,,,,,,,,,,
1891,8,22700,-59.19999999999999,50.1,,,,,,,,,,,,,,,,,,,,,,,,,,,,,,,,,4.6,4.6,4.6,4.6,1.0,0.0,30.0,0.0,3.81,3.81,3.81,3.81,1.0,0.0,30.0,0.0,2.57,2.57,2.57,2.57,1.0,0.0,30.0,0.0,1004.3,1004.3,1004.3,1004.3,1.0,0.0,30.0,0.0,,,,,,,,,,,,,,,,,,,,,,,,,,,,,,,,,,,,,,,,,,,,,,,,,,,,,,,,,,,,,,,,,,,,,,,,,,,,,,,,,,,,,,,,,,,,,,,,,,,,,,,,,,,,,,,,,,,,,,,,,,,,,,,,
1891,8,22700,-57.5,6.4,,,,,,,,,,,,,,,,,,,,,,,,,,,,,,,,,2.6,4.6,6.7,4.52,14.0,2.57,20.0,0.7,-6.21,-4.27,-1.02,-3.81,14.0,2.44,20.0,0.7,-2.39,-0.5,2.57,-0.05,14.0,2.65,20.0,0.7,1011.8,1012.1,1012.99,1012.46,14.0,1.13,20.0,0.7,,,,,,,,,,,,,,,,,,,,,,,,,,,,,,,,,,,,,,,,,,,,,,,,,,,,,,,,,,,,,,,,,,,,,,,,,,,,,,,,,,,,,,,,,,,,,,,,,,,,,,,,,,,,,,,,,,,,,,,,,,,,,,,,
1891,8,22700,-57.5,12.5,,,,,,,,,,,,,,,,,,,,,,,,,,,,,,,,,4.6,4.6,4.6,4.6,1.0,0.0,24.0,1.0,0.0,0.0,0.0,0.0,1.0,0.0,24.0,1.0,4.6,4.6,4.6,4.6,1.0,0.0,24.0,1.0,1011.9,1011.9,1011.9,1011.9,1.0,0.0,24.0,1.0,,,,,,,,,,,,,,,,,,,,,,,,,,,,,,,,,,,,,,,,,,,,,,,,,,,,,,,,,,,,,,,,,,,,,,,,,,,,,,,,,,,,,,,,,,,,,,,,,,,,,,,,,,,,,,,,,,,,,,,,,,,,,,,,
1891,8,22700,-57.5,22.5,,,,,,,,,,,,,,,,,,,,,,,,,,,,,,,,,4.6,6.7,6.7,5.66,12.0,1.4,6.0,0.5,-3.87,-2.94,-2.56,-3.14,12.0,0.85,6.0,0.5,-6.17,-5.15,-2.88,-4.51,12.0,1.81,6.0,0.5,1012.18,1018.0,1018.37,1015.84,5.0,3.45,6.0,0.6,,,,,,,,,,,,,,,,,,,,,,,,,,,,,,,,,,,,,,,,,,,,,,,,,,,,,,,,,,,,,,,,,,,,,,,,,,,,,,,,,,,,,,,,,,,,,,,,,,,,,,,,,,,,,,,,,,,,,,,,,,,,,,,,
1891,8,22700,-57.5,42.5,17.64,19.0,20.0,18.94,52.0,1.86,10.0,0.5,16.96,19.5,21.26,19.48,50.0,2.57,8.0,0.5,10.66,12.39,13.85,12.22,9.0,1.5,6.0,0.4,81.3,83.0,91.1,85.0,9.0,5.9,6.0,0.4,,,,,,,,,,,,,,,,,,,,,,,,,,,,,,,,,,,,,,,,,,,,,,,,,,,,,,,,,,,,,,,,,,,,,,,,,,,,,,,,,,,,,,,,,,,,,,,,,-41.7,26.5,91.7,26.3,50.0,62.7,8.0,0.5,-8.2,24.6,91.7,34.8,50.0,58.3,8.0,0.5,-13.2,0.0,62.7,12.1,9.0,52.5,6.0,0.4,-3.8,29.1,56.6,21.5,9.0,32.5,6.0,0.4,,,,,,,,,,,,,,,,,,,,,,,,,,,,,,,,
1891,8,22700,-57.5,50.6,,,,,,,,,,,,,,,,,,,,,,,,,,,,,,,,,1.76,3.6,10.26,5.9,4.0,6.5,30.0,0.8,-1.08,0.96,7.98,3.34,4.0,6.54,30.0,0.8,-1.46,1.55,6.28,2.37,4.0,4.86,30.0,0.8,1000.39,1002.4,1005.51,1002.93,4.0,3.09,30.0,0.8,,,,,,,,,,,,,,,,,,,,,,,,,,,,,,,,,,,,,,,,,,,,,,,,,,,,,,,,,,,,,,,,,,,,,,,,,,,,,,,,,,,,,,,,,,,,,,,,,,,,,,,,,,,,,,,,,,,,,,,,,,,,,,,,
1891,8,22700,-57.39999999999998,-55.3,,,,,,,,,,,,,,,,,,,,,,,,,,,,,,,,,4.6,6.7,15.57,10.34,7.0,6.04,16.0,0.9,2.58,4.74,14.5,8.22,7.0,6.59,16.0,0.9,-4.81,-1.8,6.01,-0.04,7.0,6.24,16.0,0.9,991.49,993.2,1011.29,998.14,7.0,9.78,16.0,0.9,,,,,,,,,,,,,,,,,,,,,,,,,,,,,,,,,,,,,,,,,,,,,,,,,,,,,,,,,,,,,,,,,,,,,,,,,,,,,,,,,,,,,,,,,,,,,,,,,,,,,,,,,,,,,,,,,,,,,,,,,,,,,,,,
1891,8,22700,-57.39999999999998,38.5,,,,,,,,,,,,,,,,,,,,,,,,,,,,,,,,,4.41,6.7,9.3,6.69,13.0,3.5,6.0,0.5,-1.88,2.39,4.28,1.96,13.0,3.54,6.0,0.5,1.72,4.6,8.59,5.1,13.0,3.99,6.0,0.5,1012.81,1014.4,1014.79,1013.73,10.0,1.58,2.0,0.4,,,,,,,,,,,,,,,,,,,,,,,,,,,,,,,,,,,,,,,,,,,,,,,,,,,,,,,,,,,,,,,,,,,,,,,,,,,,,,,,,,,,,,,,,,,,,,,,,,,,,,,,,,,,,,,,,,,,,,,,,,,,,,,,
1891,8,22700,-57.39999999999998,40.2,,,,,,,,,,,,,,,,,,,,,,,,,,,,,,,,,4.6,6.7,12.3,8.32,22.0,3.76,12.0,0.6,1.8,4.5,10.4,4.79,22.0,6.38,12.0,0.6,0.57,3.63,6.02,3.14,22.0,3.39,12.0,0.6,1011.0,1014.8,1018.56,1014.91,11.0,3.54,12.0,0.5,,,,,,,,,,,,,,,,,,,,,,,,,,,,,,,,,,,,,,,,,,,,,,,,,,,,,,,,,,,,,,,,,,,,,,,,,,,,,,,,,,,,,,,,,,,,,,,,,,,,,,,,,,,,,,,,,,,,,,,,,,,,,,,,
1891,8,22700,-57.39999999999998,42.5,,,,,,,,,,,,,,,,,,,,,,,,,,,,,,,,,2.6,4.6,6.7,4.2,62.0,2.42,8.0,0.5,-2.44,0.0,4.27,0.92,62.0,3.38,8.0,0.5,-0.38,1.82,4.37,1.9,62.0,2.8,8.0,0.5,1007.7,1012.0,1017.23,1012.41,43.0,4.68,8.0,0.5,2.0,5.0,8.0,4.7,54.0,2.5,8.0,0.5,81.3,83.0,91.1,85.0,9.0,5.9,6.0,0.4,-10.4,0.0,19.6,6.3,62.0,25.4,8.0,0.5,-0.4,4.8,21.2,11.1,62.0,21.2,8.0,0.5,-1.81,-0.5,0.61,-0.42,48.0,1.66,8.0,0.5,-6.8,-1.4,1.9,-2.7,48.0,7.8,8.0,0.5,0.22,1.76,3.81,1.91,9.0,1.71,6.0,0.4,1.3,4.0,10.2,5.4,9.0,4.4,6.0,0.4,,,,,,,,,,,,,,,,,,,,,,,,,,,,,,,,,-1.6,0.0,8.1,1.8,9.0,5.2,6.0,0.4,0.2,1.2,6.0,2.1,9.0,4.0,6.0,0.4,17.5,97.5,301.0,158.0,62.0,287.5,8.0,0.5,20.0,95.0,300.0,160.0,62.0,285.0,8.0,0.5
1891,8,22700,-57.30000000000001,-41.2,,,,,,,,,,,,,,,,,,,,,,,,,,,,,,,,,1.71,2.6,9.3,5.38,29.0,4.09,10.0,0.4,0.71,2.51,4.71,2.61,29.0,2.42,10.0,0.4,-8.56,0.0,2.88,-1.41,29.0,5.64,10.0,0.4,1015.47,1020.7,1024.6,1020.64,29.0,4.13,10.0,0.4,,,,,,,,,,,,,,,,,,,,,,,,,,,,,,,,,,,,,,,,,,,,,,,,,,,,,,,,,,,,,,,,,,,,,,,,,,,,,,,,,,,,,,,,,,,,,,,,,,,,,,,,,,,,,,,,,,,,,,,,,,,,,,,,
1891,8,22700,-57.30000000000001,-39.3,,,,,,,,,,,,,,,,,,,,,,,,,,,,,,,,,2.12,6.7,9.3,5.87,18.0,2.85,18.0,0.6,-2.88,0.85,2.81,0.58,18.0,2.66,18.0,0.6,-8.58,-6.17,-0.71,-5.08,18.0,3.12,18.0,0.6,1008.0,1010.7,1021.01,1013.63,13.0,5.93,22.0,0.6,,,,,,,,,,,,,,,,,,,,,,,,,,,,,,,,,,,,,,,,,,,,,,,,,,,,,,,,,,,,,,,,,,,,,,,,,,,,,,,,,,,,,,,,,,,,,,,,,,,,,,,,,,,,,,,,,,,,,,,,,,,,,,,,
1891,8,22700,-57.19999999999999,-53.4,,,,,,,,,,,,,,,,,,,,,,,,,,,,,,,,,4.6,8.0,19.0,10.44,16.0,6.81,14.0,0.5,2.11,4.5,14.65,7.24,16.0,6.2,14.0,0.5,-1.07,5.2,11.6,4.83,16.0,6.58,14.0,0.5,1000.06,1007.4,1014.53,1006.59,12.0,7.84,18.0,0.5,,,,,,,,,,,,,,,,,,,,,,,,,,,,,,,,,,,,,,,,,,,,,,,,,,,,,,,,,,,,,,,,,,,,,,,,,,,,,,,,,,,,,,,,,,,,,,,,,,,,,,,,,,,,,,,,,,,,,,,,,,,,,,,,
1891,8,22700,-57.19999999999999,-37.7,,,,,,,,,,,,,,,,,,,,,,,,,,,,,,,,,2.6,2.6,2.6,2.6,1.0,0.0,22.0,1.0,1.84,1.84,1.84,1.84,1.0,0.0,22.0,1.0,-1.84,-1.84,-1.84,-1.84,1.0,0.0,22.0,1.0,1024.3,1024.3,1024.3,1024.3,1.0,0.0,22.0,1.0,,,,,,,,,,,,,,,,,,,,,,,,,,,,,,,,,,,,,,,,,,,,,,,,,,,,,,,,,,,,,,,,,,,,,,,,,,,,,,,,,,,,,,,,,,,,,,,,,,,,,,,,,,,,,,,,,,,,,,,,,,,,,,,,
1891,8,22700,-57.19999999999999,20.3,,,,,,,,,,,,,,,,,,,,,,,,,,,,,,,,,3.46,6.7,6.7,5.67,10.0,1.75,10.0,0.4,-6.7,-4.49,-2.55,-4.4,10.0,1.82,10.0,0.4,-5.58,0.0,0.0,-1.42,10.0,3.42,10.0,0.4,1016.43,1017.55,1019.16,1017.62,10.0,1.45,10.0,0.4,,,,,,,,,,,,,,,,,,,,,,,,,,,,,,,,,,,,,,,,,,,,,,,,,,,,,,,,,,,,,,,,,,,,,,,,,,,,,,,,,,,,,,,,,,,,,,,,,,,,,,,,,,,,,,,,,,,,,,,,,,,,,,,,
1891,8,22700,-57.19999999999999,44.1,,,,,,,,,,,,,,,,,,,,,,,,,,,,,,,,,,,,,,,,,,,,,,,,,,,,,,,,,,,,,,,,,,,,,,,,,,,,,,,,,,,,,,,,,,,,,,,,,,,,,,,,,,,,,,,,,,,,,,,,,,,,,,,,,,,,,,,,,,,,,,,,,,,,,,,,,,,,,,,,,-18.7,-18.7,-18.7,-18.7,1.0,0.0,30.0,0.0,-10.0,-10.0,-10.0,-10.0,1.0,0.0,30.0,0.0,62.0,97.5,1395.5,789.0,5.0,1601.0,24.0,0.4,60.0,95.0,1395.0,790.0,5.0,1600.0,24.0,0.4
1891,8,22700,-57.19999999999999,44.2,13.0,14.5,17.49,14.98,5.0,2.74,24.0,0.4,15.32,16.1,18.22,16.76,5.0,1.99,24.0,0.4,11.34,11.34,11.34,11.34,1.0,0.0,30.0,0.0,100.0,100.0,100.0,100.0,1.0,0.0,30.0,0.0,3.29,4.6,8.54,6.04,5.0,5.46,24.0,0.4,-0.18,4.1,7.57,4.16,5.0,5.82,24.0,0.4,1.58,2.09,5.35,3.28,5.0,2.55,24.0,0.4,1014.29,1014.7,1016.95,1015.6,3.0,2.1,30.0,0.0,2.5,8.0,8.0,5.6,5.0,3.6,24.0,0.4,100.0,100.0,100.0,100.0,1.0,0.0,30.0,0.0,-2.4,18.9,88.4,48.0,5.0,91.0,24.0,0.4,6.4,9.6,53.1,30.2,5.0,45.9,24.0,0.4,-2.69,-2.0,-0.63,-1.78,5.0,1.45,24.0,0.4,-17.1,-4.6,-2.5,-9.7,5.0,12.2,24.0,0.4,-1.38,-1.38,-1.38,-1.38,1.0,0.0,30.0,0.0,-21.2,-21.2,-21.2,-21.2,1.0,0.0,30.0,0.0,-4.1,63.5,132.0,69.1,5.0,94.6,24.0,0.4,24.4,41.8,89.1,54.9,5.0,41.1,24.0,0.4,154.3,154.3,154.3,154.3,1.0,0.0,30.0,0.0,82.0,82.0,82.0,82.0,1.0,0.0,30.0,0.0,,,,,,,,,,,,,,,,,,,,,,,,,,,,,,,,
1891,8,22700,-57.10000000000002,14.0,,,,,,,,,,,,,,,,,,,,,,,,,,,,,,,,,4.6,4.6,4.6,4.6,4.0,0.0,24.0,0.3,0.0,0.0,0.0,0.0,4.0,0.0,24.0,0.3,4.6,4.6,4.6,4.6,4.0,0.0,24.0,0.3,1011.19,1012.3,1013.1,1012.15,4.0,1.12,24.0,0.3,,,,,,,,,,,,,,,,,,,,,,,,,,,,,,,,,,,,,,,,,,,,,,,,,,,,,,,,,,,,,,,,,,,,,,,,,,,,,,,,,,,,,,,,,,,,,,,,,,,,,,,,,,,,,,,,,,,,,,,,,,,,,,,,
1891,8,22700,-55.69999999999999,-43.2,,,,,,,,,,,,,,,,,,,,,,,,,,,,,,,,,19.0,19.0,19.0,19.0,1.0,0.0,4.0,1.0,13.44,13.44,13.44,13.44,1.0,0.0,4.0,1.0,13.44,13.44,13.44,13.44,1.0,0.0,4.0,1.0,1012.0,1012.0,1012.0,1012.0,1.0,0.0,4.0,1.0,,,,,,,,,,,,,,,,,,,,,,,,,,,,,,,,,,,,,,,,,,,,,,,,,,,,,,,,,,,,,,,,,,,,,,,,,,,,,,,,,,,,,,,,,,,,,,,,,,,,,,,,,,,,,,,,,,,,,,,,,,,,,,,,
1891,8,22700,-55.69999999999999,22.2,,,,,,,,,,,,,,,,,,,,,,,,,,,,,,,,,4.6,6.7,6.7,5.8,7.0,1.12,6.0,0.3,-4.74,-4.74,-3.25,-4.1,7.0,0.79,6.0,0.3,-4.74,-4.74,-3.25,-4.1,7.0,0.79,6.0,0.3,1011.8,1011.8,1011.8,1011.8,2.0,0.0,6.0,0.5,,,,,,,,,,,,,,,,,,,,,,,,,,,,,,,,,,,,,,,,,,,,,,,,,,,,,,,,,,,,,,,,,,,,,,,,,,,,,,,,,,,,,,,,,,,,,,,,,,,,,,,,,,,,,,,,,,,,,,,,,,,,,,,,
1891,8,22700,-55.69999999999999,42.4,,,,,,,,,,,,,,,,,,,,,,,,,,,,,,,,,,,,,,,,,,,,,,,,,,,,,,,,,,,,,,,,,,,,,,,,,,,,,,,,,,,,,,,,,,,,,,,,,,,,,,,,,,,,,,,,,,,,,,,,,,,,,,,,,,,,,,,,,,,,,,,,,,,,,,,,,,,,,,,,,0.7,4.3,6.6,3.7,9.0,4.0,2.0,0.4,-6.7,-1.6,0.6,-2.4,9.0,4.1,2.0,0.4,6.0,17.5,97.5,111.0,47.0,296.5,6.0,0.5,5.0,20.0,95.0,110.0,47.0,295.0,6.0,0.5
1891,8,22700,-55.60000000000002,-53.2,,,,,,,,,,,,,,,,,,,,,,,,,,,,,,,,,1.0,6.7,17.19,8.86,9.0,9.12,18.0,0.7,0.71,4.61,12.12,6.66,9.0,7.99,18.0,0.7,-2.84,0.71,11.15,3.12,9.0,6.83,18.0,0.7,995.77,1003.75,1014.83,1005.24,8.0,8.74,20.0,0.8,,,,,,,,,,,,,,,,,,,,,,,,,,,,,,,,,,,,,,,,,,,,,,,,,,,,,,,,,,,,,,,,,,,,,,,,,,,,,,,,,,,,,,,,,,,,,,,,,,,,,,,,,,,,,,,,,,,,,,,,,,,,,,,,
1891,8,22700,-55.60000000000002,-35.4,,,,,,,,,,,,,,,,,,,,,,,,,,,,,,,,,,,,,,,,,,,,,,,,,,,,,,,,,,,,,,,,,,,,,,,,,,,,,,,,,,,,,,,,,,,,,,,,,,,,,,,,,,,,,,,,,,,,,,,,,,,,,,,,,,,,,,,,,,,,,,,,,,,,,,,,,,,,,,,,,-1.3,0.2,1.7,0.2,2.0,3.0,10.0,0.0,-1.2,-0.9,-0.7,-0.9,2.0,0.5,10.0,0.0,77.5,199.0,804.5,351.0,6.0,364.5,16.0,0.0,75.0,200.0,805.0,350.0,6.0,365.0,16.0,0.0
1891,8,22700,-55.60000000000002,38.4,,,,,,,,,,,,,,,,,,,,,,,,,,,,,,,,,2.92,3.6,4.28,3.6,2.0,1.41,2.0,1.0,0.53,0.62,0.72,0.62,2.0,0.2,2.0,1.0,2.82,3.53,4.24,3.53,2.0,1.48,2.0,1.0,1016.16,1016.5,1016.84,1016.5,2.0,0.71,2.0,1.0,,,,,,,,,,,,,,,,,,,,,,,,,,,,,,,,,,,,,,,,,,,,,,,,,,,,,,,,,,,,,,,,,,,,,,,,,,,,,,,,,,,,,,,,,,,,,,,,,,,,,,,,,,,,,,,,,,,,,,,,,,,,,,,,
1891,8,22700,-55.60000000000002,44.4,16.25,17.25,18.1,17.18,16.0,1.93,22.0,0.8,15.21,17.8,20.4,17.79,20.0,2.28,26.0,0.8,14.09,14.35,14.61,14.35,2.0,0.54,30.0,1.0,96.4,97.9,99.3,97.9,2.0,3.0,30.0,1.0,,,,,,,,,,,,,,,,,,,,,,,,,,,,,,,,,,,,,,,,,,,,,,,,,,,,,,,,,,,,,,,,,,,,,,,,,,,,,,,,,,,,,,,,,,,,,,,,,,,,,,,,,,,,,,,,,,,,,,,,,,,,,,,,,,,,,,,,,,,,,,,,,,,,,,,,,,,,,,,,
1891,8,22700,-55.60000000000002,50.9,,,,,,,,,,,,,,,,,,,,,,,,,,,,,,,,,1.25,1.8,2.35,1.8,2.0,1.13,30.0,0.0,-1.58,-0.63,0.32,-0.63,2.0,1.97,30.0,0.0,-1.27,-0.5,0.28,-0.5,2.0,1.61,30.0,0.0,1008.75,1009.3,1009.85,1009.3,2.0,1.13,30.0,0.0,,,,,,,,,,,,,,,,,,,,,,,,,,,,,,,,,,,,,,,,,,,,,,,,,,,,,,,,,,,,,,,,,,,,,,,,,,,,,,,,,,,,,,,,,,,,,,,,,,,,,,,,,,,,,,,,,,,,,,,,,,,,,,,,
1891,8,22700,-55.5,42.4,16.91,19.5,20.5,18.79,37.0,1.68,6.0,0.5,17.85,18.65,20.0,18.64,34.0,1.35,6.0,0.5,10.69,12.5,12.63,11.97,9.0,1.25,2.0,0.4,79.7,86.1,91.0,86.0,9.0,6.5,2.0,0.4,1.48,2.6,4.6,3.33,47.0,2.34,6.0,0.5,-1.51,1.02,2.52,0.66,47.0,2.32,6.0,0.5,-2.16,0.0,3.77,0.49,47.0,3.27,6.0,0.5,1003.0,1009.0,1016.2,1009.56,31.0,5.85,6.0,0.5,2.0,6.0,7.0,4.6,39.0,2.6,8.0,0.5,79.7,86.1,91.0,86.0,9.0,6.5,2.0,0.4,-4.4,2.6,6.6,0.9,47.0,14.2,6.0,0.5,-5.6,0.0,19.0,4.5,47.0,27.2,6.0,0.5,-1.33,0.3,1.95,0.18,34.0,1.72,6.0,0.5,-2.7,0.4,5.2,-0.2,34.0,10.8,6.0,0.5,1.38,2.6,4.18,2.68,9.0,1.48,2.0,0.4,2.1,4.4,10.1,5.9,9.0,3.9,2.0,0.4,0.0,19.7,44.1,16.1,34.0,36.5,6.0,0.5,-39.6,0.0,53.8,11.2,34.0,61.8,6.0,0.5,6.4,15.3,27.3,12.8,9.0,17.6,2.0,0.4,-23.6,-11.7,8.9,-7.4,9.0,18.6,2.0,0.4,,,,,,,,,,,,,,,,,,,,,,,,,,,,,,,,
1891,8,22700,-55.5,44.4,,,,,,,,,,,,,,,,,,,,,,,,,,,,,,,,,,,,,,,,,,,,,,,,,,,,,,,,,,,,,,,,,,,,,,,,,,,,,,,,,,,,,,,,,,,,,,,,,-2.99,-1.7,0.0,-1.43,14.0,1.68,22.0,0.9,-10.1,-3.9,0.2,-7.0,13.0,12.2,22.0,0.9,-1.64,-1.42,-1.2,-1.42,2.0,0.45,30.0,1.0,-14.4,-10.6,-6.8,-10.6,2.0,7.9,30.0,1.0,,,,,,,,,,,,,,,,,,,,,,,,,,,,,,,,,,,,,,,,,,,,,,,,,,,,,,,,,,,,,,,,
1891,8,22700,-55.5,44.7,,,,,,,,,,,,,,,,,,,,,,,,,,,,,,,,,,,,,,,,,,,,,,,,,,,,,,,,,,,,,,,,,,,,,,,,,,,,,,,,,,,,,,,,,,,,,,,,,,,,,,,,,,,,,,,,,,,,,,,,,,,,,,,,,,,,,,,,,,,,,,,,,,,,,,,,,,,,,,,,,3.9,7.8,11.6,7.8,2.0,8.0,30.0,1.0,-8.4,-6.8,-5.3,-6.8,2.0,3.2,30.0,1.0,1.0,97.5,97.5,362.5,20.0,886.0,24.0,0.8,0.0,95.0,95.0,365.0,20.0,885.0,24.0,0.8
1891,8,22700,-55.5,52.1,,,,,,,,,,,,,,,,,,,,,,,,,,,,,,,,,1.57,2.8,4.03,2.8,2.0,2.55,24.0,0.0,0.93,2.14,3.34,2.14,2.0,2.49,24.0,0.0,-0.39,0.76,1.9,0.76,2.0,2.38,24.0,0.0,1010.7,1010.7,1010.7,1010.7,1.0,0.0,30.0,0.0,,,,,,,,,,,,,,,,,,,,,,,,,,,,,,,,,,,,,,,,,,,,,,,,,,,,,,,,,,,,,,,,,,,,,,,,,,,,,,,,,,,,,,,,,,,,,,,,,,,,,,,,,,,,,,,,,,,,,,,,,,,,,,,,
1891,8,22700,-55.39999999999998,-35.4,11.5,11.7,13.7,12.25,6.0,1.15,16.0,0.0,10.39,11.65,13.7,11.82,6.0,1.66,16.0,0.0,8.34,8.65,8.96,8.65,2.0,0.64,10.0,0.0,92.6,93.0,95.5,94.1,3.0,2.3,10.0,0.0,3.86,5.65,9.3,5.92,6.0,3.2,16.0,0.0,-4.38,-3.21,0.93,-1.74,6.0,3.64,16.0,0.0,-2.93,0.1,8.36,1.71,6.0,5.64,16.0,0.0,998.81,1013.0,1015.37,1008.28,5.0,8.82,16.0,0.0,3.2,6.5,8.0,5.5,6.0,3.2,16.0,0.0,92.6,93.0,95.5,94.1,3.0,2.3,10.0,0.0,-27.3,-19.1,6.7,-11.7,6.0,25.4,16.0,0.0,-15.5,2.2,77.8,20.3,6.0,47.7,16.0,0.0,-0.59,-0.1,2.23,0.43,6.0,1.84,16.0,0.0,-3.1,-0.5,7.5,3.2,6.0,13.2,16.0,0.0,-0.36,-0.01,0.34,-0.01,2.0,0.73,10.0,0.0,-1.7,0.0,1.6,0.0,2.0,3.4,10.0,0.0,-60.0,-36.7,10.6,-23.3,6.0,44.7,16.0,0.0,-34.5,3.4,98.4,22.1,6.0,67.3,16.0,0.0,-39.1,-36.0,-33.0,-36.0,2.0,6.3,10.0,0.0,-15.6,-4.8,5.9,-4.8,2.0,22.2,10.0,0.0,,,,,,,,,,,,,,,,,,,,,,,,,,,,,,,,
1891,8,22700,-55.39999999999998,6.5,,,,,,,,,,,,,,,,,,,,,,,,,,,,,,,,,3.46,4.6,5.8,4.62,10.0,2.4,14.0,0.3,-5.5,-4.27,-2.1,-3.91,10.0,1.98,14.0,0.3,-1.72,0.0,3.56,0.83,10.0,2.8,14.0,0.3,1012.41,1012.95,1014.06,1013.36,10.0,1.33,14.0,0.3,,,,,,,,,,,,,,,,,,,,,,,,,,,,,,,,,,,,,,,,,,,,,,,,,,,,,,,,,,,,,,,,,,,,,,,,,,,,,,,,,,,,,,,,,,,,,,,,,,,,,,,,,,,,,,,,,,,,,,,,,,,,,,,,
1891,8,22700,-55.39999999999998,40.3,,,,,,,,,,,,,,,,,,,,,,,,,,,,,,,,,2.6,4.6,11.92,6.4,27.0,3.99,12.0,0.5,-1.51,1.84,4.43,1.71,27.0,3.92,12.0,0.5,-4.56,0.0,6.64,0.89,27.0,6.26,12.0,0.5,1009.52,1013.0,1015.09,1012.84,16.0,4.26,10.0,0.6,,,,,,,,,,,,,,,,,,,,,,,,,,,,,,,,,,,,,,,,,,,,,,,,,,,,,,,,,,,,,,,,,,,,,,,,,,,,,,,,,,,,,,,,,,,,,,,,,,,,,,,,,,,,,,,,,,,,,,,,,,,,,,,,
1891,8,22700,-55.39999999999998,44.4,,,,,,,,,,,,,,,,,,,,,,,,,,,,,,,,,1.0,4.6,4.6,4.51,20.0,3.86,24.0,0.8,-1.94,0.0,2.59,0.01,20.0,3.4,24.0,0.8,0.0,2.55,4.26,2.1,20.0,4.48,24.0,0.8,1006.57,1012.1,1017.73,1012.23,8.0,5.7,28.0,0.6,5.2,8.0,8.0,6.8,21.0,2.2,24.0,0.7,96.4,97.9,99.3,97.9,2.0,3.0,30.0,1.0,-8.9,0.0,9.6,-0.8,20.0,34.5,24.0,0.8,0.0,9.9,19.6,15.0,20.0,57.9,24.0,0.8,,,,,,,,,,,,,,,,,,,,,,,,,,,,,,,,,-40.3,0.0,41.8,-4.9,19.0,61.1,24.0,0.8,-5.7,38.4,79.4,40.3,19.0,85.5,24.0,0.8,-99.9,-70.4,-40.9,-70.4,2.0,61.1,30.0,1.0,61.2,67.4,73.7,67.4,2.0,13.0,30.0,1.0,,,,,,,,,,,,,,,,,,,,,,,,,,,,,,,,
1891,8,22700,-55.30000000000001,-55.0,,,,,,,,,,,,,,,,,,,,,,,,,,,,,,,,,13.28,15.4,15.4,14.37,3.0,1.79,12.0,0.0,4.98,5.77,9.26,7.09,3.0,3.34,12.0,0.0,11.05,11.4,13.37,12.19,3.0,1.83,12.0,0.0,999.5,1000.8,1001.55,1000.53,3.0,1.52,12.0,0.0,,,,,,,,,,,,,,,,,,,,,,,,,,,,,,,,,,,,,,,,,,,,,,,,,,,,,,,,,,,,,,,,,,,,,,,,,,,,,,,,,,,,,,,,,,,,,,,,,,,,,,,,,,,,,,,,,,,,,,,,,,,,,,,,
1891,8,22700,-55.30000000000001,-41.3,,,,,,,,,,,,,,,,,,,,,,,,,,,,,,,,,9.3,15.4,19.0,15.17,23.0,5.5,4.0,0.5,0.0,9.3,13.81,7.9,23.0,6.33,4.0,0.5,-4.49,13.44,17.52,8.42,23.0,9.56,4.0,0.5,1011.94,1016.9,1021.6,1017.3,23.0,4.42,4.0,0.5,,,,,,,,,,,,,,,,,,,,,,,,,,,,,,,,,,,,,,,,,,,,,,,,,,,,,,,,,,,,,,,,,,,,,,,,,,,,,,,,,,,,,,,,,,,,,,,,,,,,,,,,,,,,,,,,,,,,,,,,,,,,,,,,
1891,8,22700,-55.30000000000001,-39.4,,,,,,,,,,,,,,,,,,,,,,,,,,,,,,,,,4.6,6.7,9.3,7.05,20.0,3.93,4.0,0.5,0.0,3.05,6.7,3.13,20.0,3.23,4.0,0.5,-6.7,0.0,4.23,-0.82,20.0,6.81,4.0,0.5,1014.17,1023.1,1025.18,1020.7,21.0,4.96,4.0,0.5,,,,,,,,,,,,,,,,,,,,,,,,,,,,,,,,,,,,,,,,,,,,,,,,,,,,,,,,,,,,,,,,,,,,,,,,,,,,,,,,,,,,,,,,,,,,,,,,,,,,,,,,,,,,,,,,,,,,,,,,,,,,,,,,
1891,8,22700,-55.30000000000001,20.4,,,,,,,,,,,,,,,,,,,,,,,,,,,,,,,,,6.7,6.7,6.7,6.47,9.0,0.7,8.0,0.9,-6.57,-6.17,-2.71,-5.16,9.0,1.83,8.0,0.9,-5.41,-2.62,-0.68,-2.88,9.0,2.22,8.0,0.9,1015.27,1017.0,1017.59,1016.7,9.0,1.16,8.0,0.7,,,,,,,,,,,,,,,,,,,,,,,,,,,,,,,,,,,,,,,,,,,,,,,,,,,,,,,,,,,,,,,,,,,,,,,,,,,,,,,,,,,,,,,,,,,,,,,,,,,,,,,,,,,,,,,,,,,,,,,,,,,,,,,,
1891,8,22700,-55.19999999999999,-51.4,,,,,,,,,,,,,,,,,,,,,,,,,,,,,,,,,19.0,19.0,26.8,22.12,5.0,4.27,4.0,0.8,13.44,13.44,24.67,17.93,5.0,6.15,4.0,0.8,10.47,13.44,13.44,12.25,5.0,1.62,4.0,0.8,1000.71,1000.95,1001.19,1000.95,2.0,0.49,4.0,0.5,,,,,,,,,,,,,,,,,,,,,,,,,,,,,,,,,,,,,,,,,,,,,,,,,,,,,,,,,,,,,,,,,,,,,,,,,,,,,,,,,,,,,,,,,,,,,,,,,,,,,,,,,,,,,,,,,,,,,,,,,,,,,,,,
1891,8,22700,-55.19999999999999,-37.2,,,,,,,,,,,,,,,,,,,,,,,,,,,,,,,,,1.86,4.6,7.9,4.82,17.0,2.94,16.0,0.4,-0.99,0.0,2.62,0.55,17.0,2.0,16.0,0.4,-7.27,-3.25,0.92,-3.6,17.0,3.9,16.0,0.4,1012.03,1016.55,1019.06,1015.99,8.0,3.93,28.0,0.4,,,,,,,,,,,,,,,,,,,,,,,,,,,,,,,,,,,,,,,,,,,,,,,,,,,,,,,,,,,,,,,,,,,,,,,,,,,,,,,,,,,,,,,,,,,,,,,,,,,,,,,,,,,,,,,,,,,,,,,,,,,,,,,,
1891,8,22700,-55.19999999999999,8.3,,,,,,,,,,,,,,,,,,,,,,,,,,,,,,,,,5.27,6.7,6.7,6.0,3.0,1.21,22.0,0.7,-4.74,-4.74,-4.64,-4.69,3.0,0.08,22.0,0.7,1.5,4.74,4.74,3.16,3.0,2.74,22.0,0.7,1012.95,1013.7,1015.75,1014.33,3.0,2.12,22.0,0.7,,,,,,,,,,,,,,,,,,,,,,,,,,,,,,,,,,,,,,,,,,,,,,,,,,,,,,,,,,,,,,,,,,,,,,,,,,,,,,,,,,,,,,,,,,,,,,,,,,,,,,,,,,,,,,,,,,,,,,,,,,,,,,,,
1891,8,22700,-55.0,14.0,,,,,,,,,,,,,,,,,,,,,,,,,,,,,,,,,2.6,2.6,2.6,2.6,4.0,0.0,22.0,0.5,-0.96,0.0,0.0,-0.46,4.0,0.92,22.0,0.5,0.27,2.6,2.6,1.49,4.0,2.22,22.0,0.5,1013.15,1013.6,1014.42,1013.74,7.0,0.93,22.0,0.6,,,,,,,,,,,,,,,,,,,,,,,,,,,,,,,,,,,,,,,,,,,,,,,,,,,,,,,,,,,,,,,,,,,,,,,,,,,,,,,,,,,,,,,,,,,,,,,,,,,,,,,,,,,,,,,,,,,,,,,,,,,,,,,,
1891,8,22700,-53.69999999999999,6.8,,,,,,,,,,,,,,,,,,,,,,,,,,,,,,,,,4.6,4.6,4.6,4.6,2.0,0.0,16.0,0.5,-4.1,-3.76,-3.41,-3.76,2.0,0.72,16.0,0.5,-0.93,0.76,2.46,0.76,2.0,3.52,16.0,0.5,1013.18,1013.35,1013.52,1013.35,2.0,0.35,16.0,0.5,,,,,,,,,,,,,,,,,,,,,,,,,,,,,,,,,,,,,,,,,,,,,,,,,,,,,,,,,,,,,,,,,,,,,,,,,,,,,,,,,,,,,,,,,,,,,,,,,,,,,,,,,,,,,,,,,,,,,,,,,,,,,,,,
1891,8,22700,-53.69999999999999,42.5,,,,,,,,,,,,,,,,,,,,,,,,,,,,,,,,,,,,,,,,,,,,,,,,,,,,,,,,,,,,,,,,,,,,,,,,,,,,,,,,,,,,,,,,,,,,,,,,,,,,,,,,,,,,,,,,,,,,,,,,,,,,,,,,,,,,,,,,,,,,,,,,,,,,,,,,,,,,,,,,,-0.6,-0.6,-0.6,-0.6,1.0,0.0,10.0,0.0,-0.1,-0.1,-0.1,-0.1,1.0,0.0,10.0,0.0,17.5,97.5,301.0,175.5,17.0,199.5,10.0,0.4,20.0,95.0,300.0,175.0,17.0,200.0,10.0,0.4
1891,8,22700,-53.69999999999999,46.0,,,,,,,,,,,,,,,,,,,,,,,,,,,,,,,,,,,,,,,,,,,,,,,,,,,,,,,,,,,,,,,,,,,,,,,,,,,,,,,,,,,,,,,,,,,,,,,,,,,,,,,,,,,,,,,,,,,,,,,,,,,,,,,,,,,,,,,,,,,,,,,,,,,,,,,,,,,,,,,,,1.5,1.5,1.5,1.5,1.0,0.0,30.0,0.0,-3.1,-3.1,-3.1,-3.1,1.0,0.0,30.0,0.0,17.5,97.5,405.0,222.5,6.0,303.5,26.0,0.0,20.0,95.0,405.0,220.0,6.0,305.0,26.0,0.0
1891,8,22700,-53.60000000000002,52.3,,,,,,,,,,,,,,,,,,,,,,,,,,,,,,,,,2.6,2.6,2.6,2.6,2.0,0.0,28.0,1.0,2.07,2.23,2.38,2.23,2.0,0.33,28.0,1.0,0.98,1.26,1.54,1.26,2.0,0.58,28.0,1.0,1011.15,1011.25,1011.35,1011.25,2.0,0.21,28.0,1.0,,,,,,,,,,,,,,,,,,,,,,,,,,,,,,,,,,,,,,,,,,,,,,,,,,,,,,,,,,,,,,,,,,,,,,,,,,,,,,,,,,,,,,,,,,,,,,,,,,,,,,,,,,,,,,,,,,,,,,,,,,,,,,,,
1891,8,22700,-53.5,8.5,,,,,,,,,,,,,,,,,,,,,,,,,,,,,,,,,2.6,2.6,4.6,3.24,17.0,1.28,20.0,0.4,-2.9,-1.84,-1.72,-2.24,17.0,1.05,20.0,0.4,-1.32,1.02,3.72,0.79,17.0,2.38,20.0,0.4,1012.07,1013.2,1014.7,1013.32,17.0,1.47,20.0,0.4,,,,,,,,,,,,,,,,,,,,,,,,,,,,,,,,,,,,,,,,,,,,,,,,,,,,,,,,,,,,,,,,,,,,,,,,,,,,,,,,,,,,,,,,,,,,,,,,,,,,,,,,,,,,,,,,,,,,,,,,,,,,,,,,
1891,8,22700,-53.5,20.4,,,,,,,,,,,,,,,,,,,,,,,,,,,,,,,,,6.7,6.7,6.7,6.7,9.0,0.0,4.0,0.4,-6.7,-6.7,-6.7,-6.7,9.0,0.0,4.0,0.4,0.0,0.0,0.0,0.0,9.0,0.0,4.0,0.4,1016.32,1017.0,1017.48,1016.9,3.0,0.85,8.0,0.3,,,,,,,,,,,,,,,,,,,,,,,,,,,,,,,,,,,,,,,,,,,,,,,,,,,,,,,,,,,,,,,,,,,,,,,,,,,,,,,,,,,,,,,,,,,,,,,,,,,,,,,,,,,,,,,,,,,,,,,,,,,,,,,,
1891,8,22700,-53.5,38.6,,,,,,,,,,,,,,,,,,,,,,,,,,,,,,,,,3.23,4.6,6.03,4.63,3.0,2.05,2.0,0.3,2.12,4.06,5.33,3.73,3.0,2.36,2.0,0.3,-2.83,-2.16,0.88,-1.0,3.0,2.9,2.0,0.3,1014.08,1016.4,1017.29,1015.7,3.0,2.43,2.0,0.3,,,,,,,,,,,,,,,,,,,,,,,,,,,,,,,,,,,,,,,,,,,,,,,,,,,,,,,,,,,,,,,,,,,,,,,,,,,,,,,,,,,,,,,,,,,,,,,,,,,,,,,,,,,,,,,,,,,,,,,,,,,,,,,,
1891,8,22700,-53.5,42.5,13.55,15.1,19.03,16.09,17.0,3.24,10.0,0.4,14.61,18.05,22.0,18.33,14.0,3.46,10.0,0.4,10.53,10.53,10.53,10.53,1.0,0.0,10.0,0.0,98.7,98.7,98.7,98.7,1.0,0.0,10.0,0.0,2.6,4.6,6.7,4.91,17.0,1.98,10.0,0.4,-4.64,-0.97,3.25,-0.4,17.0,3.69,10.0,0.4,-3.72,1.84,4.58,0.58,17.0,3.91,10.0,0.4,1013.11,1014.15,1015.86,1014.14,14.0,1.91,10.0,0.4,1.8,8.0,8.0,5.6,16.0,3.1,10.0,0.4,98.7,98.7,98.7,98.7,1.0,0.0,10.0,0.0,-25.9,-2.5,15.0,-1.5,17.0,24.5,10.0,0.4,-17.1,4.8,30.6,1.7,17.0,25.9,10.0,0.4,-4.27,-1.5,0.0,-1.9,14.0,2.34,10.0,0.4,-13.3,-7.9,0.0,-8.9,14.0,10.8,10.0,0.4,0.14,0.14,0.14,0.14,1.0,0.0,10.0,0.0,0.6,0.6,0.6,0.6,1.0,0.0,10.0,0.0,-71.4,11.4,70.1,-0.2,14.0,72.4,10.0,0.4,-71.0,-8.5,81.7,1.6,14.0,74.7,10.0,0.4,-48.0,-48.0,-48.0,-48.0,1.0,0.0,10.0,0.0,-6.7,-6.7,-6.7,-6.7,1.0,0.0,10.0,0.0,,,,,,,,,,,,,,,,,,,,,,,,,,,,,,,,
1891,8,22700,-53.5,44.4,,,,,,,,,,,,,,,,,,,,,,,,,,,,,,,,,2.6,4.6,8.02,4.59,23.0,2.92,18.0,0.4,-1.41,0.0,2.83,0.98,23.0,2.8,18.0,0.4,0.35,2.39,5.74,2.84,23.0,3.65,18.0,0.4,1014.21,1017.2,1021.15,1016.65,11.0,5.2,14.0,0.5,,,,,,,,,,,,,,,,,,,,,,,,,,,,,,,,,,,,,,,,,,,,,,,,,,,,,,,,,,,,,,,,,,,,,,,,,,,,,,,,,,,,,,,,,,,,,,,,,,,,,,,,,,,,,,,,,,,,,,,,,,,,,,,,
1891,8,22700,-53.5,46.2,13.6,14.5,15.23,14.32,6.0,1.46,26.0,0.0,13.79,15.5,16.08,14.96,5.0,1.99,26.0,0.0,12.05,12.05,12.05,12.05,1.0,0.0,30.0,0.0,100.0,100.0,100.0,100.0,1.0,0.0,30.0,0.0,2.6,4.6,7.24,5.07,6.0,2.58,26.0,0.0,0.3,1.82,3.95,1.93,6.0,2.5,26.0,0.0,2.32,4.2,6.06,4.32,6.0,2.09,26.0,0.0,1018.23,1019.4,1019.61,1019.02,5.0,0.77,28.0,0.0,,,,,,,,,,,,,,,,,,,,,,,,,,,,,,,,,-1.0,-1.0,0.0,-0.6,5.0,0.55,26.0,0.0,-7.6,-4.6,0.0,-4.1,5.0,4.1,26.0,0.0,-0.75,-0.75,-0.75,-0.75,1.0,0.0,30.0,0.0,-3.4,-3.4,-3.4,-3.4,1.0,0.0,30.0,0.0,1.5,27.0,65.9,31.0,5.0,43.9,26.0,0.0,48.2,71.3,98.5,72.2,5.0,34.9,26.0,0.0,-23.4,-23.4,-23.4,-23.4,1.0,0.0,30.0,0.0,50.2,50.2,50.2,50.2,1.0,0.0,30.0,0.0,,,,,,,,,,,,,,,,,,,,,,,,,,,,,,,,
1891,8,22700,-53.5,46.3,,,,,,,,,,,,,,,,,,,,,,,,,,,,,,,,,,,,,,,,,,,,,,,,,,,,,,,,,,,,,,,,,7.0,8.0,8.0,7.5,4.0,1.0,26.0,0.0,100.0,100.0,100.0,100.0,1.0,0.0,30.0,0.0,0.0,6.5,29.4,13.5,6.0,21.1,26.0,0.0,6.0,19.3,44.7,26.3,6.0,24.5,26.0,0.0,,,,,,,,,,,,,,,,,,,,,,,,,,,,,,,,,,,,,,,,,,,,,,,,,,,,,,,,,,,,,,,,,,,,,,,,,,,,,,,,,,,,,,,,,,,,,,,,
1891,8,22700,-53.39999999999998,-53.2,,,,,,,,,,,,,,,,,,,,,,,,,,,,,,,,,6.7,10.8,12.3,9.93,6.0,2.76,12.0,0.5,4.61,5.45,7.01,5.9,6.0,1.62,12.0,0.5,4.3,7.64,11.4,7.57,6.0,3.58,12.0,0.5,995.78,1002.8,1009.5,1002.63,6.0,6.26,12.0,0.5,,,,,,,,,,,,,,,,,,,,,,,,,,,,,,,,,,,,,,,,,,,,,,,,,,,,,,,,,,,,,,,,,,,,,,,,,,,,,,,,,,,,,,,,,,,,,,,,,,,,,,,,,,,,,,,,,,,,,,,,,,,,,,,,
1891,8,22700,-53.39999999999998,-39.3,,,,,,,,,,,,,,,,,,,,,,,,,,,,,,,,,2.6,4.6,6.7,4.97,15.0,2.19,10.0,0.4,1.84,4.27,4.74,4.08,15.0,1.87,10.0,0.4,-4.46,-1.72,1.84,-0.95,15.0,3.0,10.0,0.4,1018.35,1022.4,1025.1,1021.82,15.0,3.68,10.0,0.4,,,,,,,,,,,,,,,,,,,,,,,,,,,,,,,,,,,,,,,,,,,,,,,,,,,,,,,,,,,,,,,,,,,,,,,,,,,,,,,,,,,,,,,,,,,,,,,,,,,,,,,,,,,,,,,,,,,,,,,,,,,,,,,,
1891,8,22700,-53.39999999999998,-35.2,,,,,,,,,,,,,,,,,,,,,,,,,,,,,,,,,,,,,,,,,,,,,,,,,,,,,,,,,,,,,,,,,,,,,,,,,,,,,,,,,,,,,,,,,,,,,,,,,,,,,,,,,,,,,,,,,,,,,,,,,,,,,,,,,,,,,,,,,,,,,,,,,,,,,,,,,,,,,,,,,9.7,15.1,20.4,15.1,2.0,11.1,10.0,1.0,-11.3,-7.1,-3.0,-7.1,2.0,8.6,10.0,1.0,17.5,97.5,804.5,550.0,15.0,992.5,20.0,0.4,20.0,95.0,805.0,550.0,15.0,990.0,20.0,0.4
1891,8,22700,-53.30000000000001,-51.2,,,,,,,,,,,,,,,,,,,,,,,,,,,,,,,,,6.7,10.8,16.32,11.43,12.0,5.42,6.0,0.5,4.7,5.69,12.89,8.57,12.0,5.61,6.0,0.5,4.74,7.0,9.35,6.78,12.0,3.19,6.0,0.5,996.86,1001.1,1001.44,999.69,7.0,2.47,8.0,0.6,,,,,,,,,,,,,,,,,,,,,,,,,,,,,,,,,,,,,,,,,,,,,,,,,,,,,,,,,,,,,,,,,,,,,,,,,,,,,,,,,,,,,,,,,,,,,,,,,,,,,,,,,,,,,,,,,,,,,,,,,,,,,,,,
1891,8,22700,-53.30000000000001,-37.3,,,,,,,,,,,,,,,,,,,,,,,,,,,,,,,,,4.6,6.7,19.0,9.58,32.0,6.76,10.0,0.6,0.0,4.67,8.47,5.22,32.0,4.81,10.0,0.6,-4.3,4.74,13.64,4.69,32.0,8.16,10.0,0.6,1011.85,1017.25,1026.91,1016.94,24.0,8.64,12.0,0.6,,,,,,,,,,,,,,,,,,,,,,,,,,,,,,,,,,,,,,,,,,,,,,,,,,,,,,,,,,,,,,,,,,,,,,,,,,,,,,,,,,,,,,,,,,,,,,,,,,,,,,,,,,,,,,,,,,,,,,,,,,,,,,,,
1891,8,22700,-53.30000000000001,-35.4,8.86,9.6,12.7,10.77,11.0,2.62,18.0,0.5,10.67,12.4,14.73,12.62,15.0,2.28,20.0,0.4,7.53,7.63,7.74,7.63,2.0,0.21,10.0,1.0,92.1,92.9,93.8,92.9,2.0,1.8,10.0,1.0,,,,,,,,,,,,,,,,,,,,,,,,,,,,,,,,,,,,,,,,,,,,,,,,,,,,,,,,,,,,,,,,,-2.33,-1.0,0.82,-1.23,11.0,2.74,18.0,0.5,-14.5,-1.0,6.1,-3.9,11.0,16.5,18.0,0.5,0.77,1.16,1.54,1.16,2.0,0.79,10.0,1.0,10.4,16.9,23.4,16.9,2.0,13.5,10.0,1.0,,,,,,,,,,,,,,,,,,,,,,,,,,,,,,,,,,,,,,,,,,,,,,,,,,,,,,,,,,,,,,,,
1891,8,22700,-53.30000000000001,-35.3,,,,,,,,,,,,,,,,,,,,,,,,,,,,,,,,,2.6,4.6,9.3,5.99,15.0,4.09,20.0,0.4,-2.42,-0.47,4.2,1.42,15.0,5.27,20.0,0.4,-5.85,-3.25,-0.75,-2.73,15.0,4.15,20.0,0.4,1002.33,1012.7,1017.0,1009.64,14.0,7.52,20.0,0.4,0.0,7.0,8.0,5.1,15.0,3.5,20.0,0.4,92.1,92.9,93.8,92.9,2.0,1.8,10.0,1.0,-13.4,-0.5,33.8,22.8,15.0,65.7,20.0,0.4,-39.2,-15.0,-0.7,-19.8,15.0,43.3,20.0,0.4,,,,,,,,,,,,,,,,,,,,,,,,,,,,,,,,,-36.9,-6.0,39.7,11.1,15.0,60.6,20.0,0.4,-81.6,-35.7,-9.3,-37.6,15.0,46.7,20.0,0.4,95.6,97.3,99.0,97.3,2.0,3.5,10.0,1.0,-50.6,-35.5,-20.4,-35.5,2.0,31.3,10.0,1.0,,,,,,,,,,,,,,,,,,,,,,,,,,,,,,,,
1891,8,22700,-53.30000000000001,14.0,,,,,,,,,,,,,,,,,,,,,,,,,,,,,,,,,2.6,2.6,2.6,2.6,8.0,0.0,22.0,0.5,-2.39,-2.39,-2.39,-2.09,8.0,0.85,22.0,0.5,-1.02,-1.02,-1.02,-0.56,8.0,1.28,22.0,0.5,1013.57,1014.4,1014.76,1014.3,8.0,0.79,22.0,0.5,,,,,,,,,,,,,,,,,,,,,,,,,,,,,,,,,,,,,,,,,,,,,,,,,,,,,,,,,,,,,,,,,,,,,,,,,,,,,,,,,,,,,,,,,,,,,,,,,,,,,,,,,,,,,,,,,,,,,,,,,,,,,,,,
1891,8,22700,-53.30000000000001,40.4,,,,,,,,,,,,,,,,,,,,,,,,,,,,,,,,,2.6,4.6,8.97,5.26,27.0,3.51,14.0,0.4,-1.7,2.41,4.74,2.25,27.0,4.24,14.0,0.4,-4.44,0.0,4.67,0.4,27.0,4.2,14.0,0.4,1009.76,1011.0,1016.67,1011.96,11.0,4.66,12.0,0.4,,,,,,,,,,,,,,,,,,,,,,,,,,,,,,,,,,,,,,,,,,,,,,,,,,,,,,,,,,,,,,,,,,,,,,,,,,,,,,,,,,,,,,,,,,,,,,,,,,,,,,,,,,,,,,,,,,,,,,,,,,,,,,,,
1891,8,22700,-53.19999999999999,-33.7,,,,,,,,,,,,,,,,,,,,,,,,,,,,,,,,,3.55,4.6,7.06,5.28,4.0,2.84,18.0,1.0,-1.15,-0.4,2.29,0.53,4.0,2.47,18.0,1.0,-3.44,1.14,6.56,1.54,4.0,5.96,18.0,1.0,1018.7,1018.9,1020.68,1019.65,4.0,1.71,18.0,1.0,,,,,,,,,,,,,,,,,,,,,,,,,,,,,,,,,,,,,,,,,,,,,,,,,,,,,,,,,,,,,,,,,,,,,,,,,,,,,,,,,,,,,,,,,,,,,,,,,,,,,,,,,,,,,,,,,,,,,,,,,,,,,,,,
1891,8,22700,-53.19999999999999,10.3,,,,,,,,,,,,,,,,,,,,,,,,,,,,,,,,,2.6,2.6,2.6,2.6,2.0,0.0,20.0,1.0,-2.41,-2.41,-2.41,-2.41,2.0,0.0,20.0,1.0,-0.97,-0.97,-0.97,-0.97,2.0,0.0,20.0,1.0,1012.71,1013.15,1013.59,1013.15,2.0,0.92,20.0,1.0,,,,,,,,,,,,,,,,,,,,,,,,,,,,,,,,,,,,,,,,,,,,,,,,,,,,,,,,,,,,,,,,,,,,,,,,,,,,,,,,,,,,,,,,,,,,,,,,,,,,,,,,,,,,,,,,,,,,,,,,,,,,,,,,
1891,8,22700,-53.10000000000002,18.5,,,,,,,,,,,,,,,,,,,,,,,,,,,,,,,,,4.6,4.6,6.7,5.44,5.0,1.15,10.0,0.6,-5.26,-4.6,-4.11,-4.67,5.0,1.03,10.0,0.6,-3.79,-2.62,0.0,-2.12,5.0,2.08,10.0,0.6,1016.53,1017.5,1017.67,1017.18,5.0,0.63,10.0,0.6,,,,,,,,,,,,,,,,,,,,,,,,,,,,,,,,,,,,,,,,,,,,,,,,,,,,,,,,,,,,,,,,,,,,,,,,,,,,,,,,,,,,,,,,,,,,,,,,,,,,,,,,,,,,,,,,,,,,,,,,,,,,,,,,
1891,8,22700,-51.69999999999999,8.8,,,,,,,,,,,,,,,,,,,,,,,,,,,,,,,,,2.6,2.6,2.6,2.6,1.0,0.0,12.0,0.0,-2.41,-2.41,-2.41,-2.41,1.0,0.0,12.0,0.0,-0.97,-0.97,-0.97,-0.97,1.0,0.0,12.0,0.0,1013.4,1013.4,1013.4,1013.4,1.0,0.0,12.0,0.0,,,,,,,,,,,,,,,,,,,,,,,,,,,,,,,,,,,,,,,,,,,,,,,,,,,,,,,,,,,,,,,,,,,,,,,,,,,,,,,,,,,,,,,,,,,,,,,,,,,,,,,,,,,,,,,,,,,,,,,,,,,,,,,,
1891,8,22700,-51.69999999999999,46.4,,,,,,,,,,,,,,,,,,,,,,,,,,,,,,,,,,,,,,,,,,,,,,,,,,,,,,,,,,,,,,,,,,,,,,,,,,,,,,,,,,,,,,,,,,,,,,,,,,,,,,,,,,,,,,,,,,,,,,,,,,,,,,,,,,,,,,,,,,,,,,,,,,,,,,,,,,,,,,,,,1.2,1.3,1.3,1.3,2.0,0.1,28.0,0.5,3.4,3.5,3.7,3.5,2.0,0.3,28.0,0.5,17.5,17.5,97.5,49.5,5.0,43.5,22.0,0.6,20.0,20.0,95.0,50.0,5.0,45.0,22.0,0.6
1891,8,22700,-51.60000000000002,46.4,11.48,14.0,14.78,13.3,5.0,1.79,22.0,0.6,12.8,15.0,15.47,14.36,5.0,1.49,22.0,0.6,9.11,9.26,9.41,9.26,2.0,0.31,28.0,0.5,81.7,84.9,88.1,84.9,2.0,6.6,28.0,0.5,2.6,2.6,4.6,3.4,5.0,1.1,22.0,0.6,-0.31,1.02,2.14,0.84,5.0,2.02,22.0,0.6,1.89,2.44,3.71,2.71,5.0,1.23,22.0,0.6,1018.66,1018.8,1019.48,1019.07,3.0,0.64,28.0,0.7,6.9,8.0,8.0,7.4,5.0,1.3,22.0,0.6,81.7,84.9,88.1,84.9,2.0,6.6,28.0,0.5,-0.8,2.6,9.9,4.1,5.0,7.6,22.0,0.6,4.9,6.4,17.1,10.1,5.0,7.2,22.0,0.6,-1.32,-1.0,-0.82,-1.06,5.0,0.43,22.0,0.6,-4.5,-2.9,-2.5,-3.4,5.0,1.1,22.0,0.6,0.89,1.15,1.41,1.15,2.0,0.54,28.0,0.5,3.6,3.8,3.9,3.8,2.0,0.3,28.0,0.5,-2.9,14.3,32.3,13.5,5.0,28.2,22.0,0.6,24.2,39.3,55.9,39.7,5.0,19.8,22.0,0.6,9.1,11.5,13.8,11.5,2.0,4.9,28.0,0.5,25.1,31.5,38.0,31.5,2.0,13.3,28.0,0.5,,,,,,,,,,,,,,,,,,,,,,,,,,,,,,,,
1891,8,22700,-51.60000000000002,52.6,,,,,,,,,,,,,,,,,,,,,,,,,,,,,,,,,5.27,6.7,6.7,6.0,3.0,1.21,28.0,0.3,2.12,2.51,2.58,2.36,3.0,0.36,28.0,0.3,4.8,6.17,6.2,5.52,3.0,1.17,28.0,0.3,1012.33,1012.4,1013.36,1012.83,3.0,0.84,28.0,0.3,,,,,,,,,,,,,,,,,,,,,,,,,,,,,,,,,,,,,,,,,,,,,,,,,,,,,,,,,,,,,,,,,,,,,,,,,,,,,,,,,,,,,,,,,,,,,,,,,,,,,,,,,,,,,,,,,,,,,,,,,,,,,,,,
1891,8,22700,-51.5,-37.4,,,,,,,,,,,,,,,,,,,,,,,,,,,,,,,,,4.6,9.3,19.0,11.17,31.0,7.1,4.0,0.5,0.54,6.58,17.49,8.07,31.0,7.82,4.0,0.5,-1.97,4.81,9.32,4.38,31.0,5.58,4.0,0.5,1013.63,1017.2,1023.98,1017.95,24.0,5.02,4.0,0.5,,,,,,,,,,,,,,,,,,,,,,,,,,,,,,,,,,,,,,,,,,,,,,,,,,,,,,,,,,,,,,,,,,,,,,,,,,,,,,,,,,,,,,,,,,,,,,,,,,,,,,,,,,,,,,,,,,,,,,,,,,,,,,,,
1891,8,22700,-51.5,-33.7,,,,,,,,,,,,,,,,,,,,,,,,,,,,,,,,,,,,,,,,,,,,,,,,,,,,,,,,,,,,,,,,,,,,,,,,,,,,,,,,,,,,,,,,,,,,,,,,,,,,,,,,,,,,,,,,,,,,,,,,,,,,,,,,,,,,,,,,,,,,,,,,,,,,,,,,,,,,,,,,,43.9,55.9,63.2,53.6,3.0,14.3,10.0,0.3,14.4,17.1,18.5,16.5,3.0,3.0,10.0,0.3,1.0,17.5,1076.5,953.0,13.0,2039.0,18.0,0.5,0.0,20.0,1075.0,955.0,13.0,2040.0,18.0,0.5
1891,8,22700,-51.5,10.6,,,,,,,,,,,,,,,,,,,,,,,,,,,,,,,,,2.73,4.6,4.6,4.17,14.0,0.85,18.0,0.6,-4.27,-4.25,-2.41,-3.38,14.0,1.3,18.0,0.6,-1.72,-1.72,1.62,-0.68,14.0,2.24,18.0,0.6,1011.7,1012.4,1014.36,1012.91,13.0,1.23,18.0,0.6,,,,,,,,,,,,,,,,,,,,,,,,,,,,,,,,,,,,,,,,,,,,,,,,,,,,,,,,,,,,,,,,,,,,,,,,,,,,,,,,,,,,,,,,,,,,,,,,,,,,,,,,,,,,,,,,,,,,,,,,,,,,,,,,
1891,8,22700,-51.5,42.5,12.0,14.3,18.83,15.42,18.0,3.56,10.0,0.5,14.37,16.7,22.0,17.36,17.0,3.99,10.0,0.5,10.32,10.32,10.32,10.32,1.0,0.0,10.0,1.0,93.8,93.8,93.8,93.8,1.0,0.0,10.0,1.0,2.12,4.6,5.23,3.94,18.0,2.2,10.0,0.5,-0.98,2.12,3.55,1.72,18.0,3.01,10.0,0.5,-1.1,1.84,3.42,1.68,18.0,2.47,10.0,0.5,1012.02,1013.8,1015.3,1013.78,11.0,1.66,10.0,0.4,5.4,7.0,8.0,6.4,18.0,2.3,10.0,0.5,93.8,93.8,93.8,93.8,1.0,0.0,10.0,1.0,-1.5,5.5,16.3,9.5,18.0,20.2,10.0,0.5,-4.3,4.8,15.7,8.7,18.0,17.1,10.0,0.5,-3.4,-1.7,-1.0,-1.86,17.0,1.5,10.0,0.5,-11.9,-8.8,-2.4,-7.4,17.0,5.7,10.0,0.5,-0.33,-0.33,-0.33,-0.33,1.0,0.0,10.0,1.0,-0.3,-0.3,-0.3,-0.3,1.0,0.0,10.0,1.0,-14.6,39.0,72.1,35.4,17.0,56.7,10.0,0.5,-15.3,36.2,66.0,33.1,17.0,49.1,10.0,0.5,-5.5,-5.5,-5.5,-5.5,1.0,0.0,10.0,1.0,8.7,8.7,8.7,8.7,1.0,0.0,10.0,1.0,,,,,,,,,,,,,,,,,,,,,,,,,,,,,,,,
1891,8,22700,-51.5,44.4,,,,,,,,,,,,,,,,,,,,,,,,,,,,,,,,,2.6,4.6,6.7,4.96,22.0,2.55,14.0,0.3,-2.21,1.44,4.69,1.12,22.0,3.56,14.0,0.3,0.0,2.82,4.74,2.55,22.0,3.39,14.0,0.3,1012.52,1014.9,1020.58,1015.85,11.0,5.38,14.0,0.4,,,,,,,,,,,,,,,,,,,,,,,,,,,,,,,,,,,,,,,,,,,,,,,,,,,,,,,,,,,,,,,,,,,,,,,,,,,,,,,,,,,,,,,,,,,,,,,,,,,,,,,,,,,,,,,,,,,,,,,,,,,,,,,,
1891,8,22700,-51.39999999999998,-53.1,,,,,,,,,,,,,,,,,,,,,,,,,,,,,,,,,12.3,12.3,14.42,13.33,3.0,1.79,12.0,0.7,9.53,11.32,13.27,11.4,3.0,2.74,12.0,0.7,5.19,6.02,7.85,6.51,3.0,1.99,12.0,0.7,1012.3,1013.6,1015.24,1013.77,3.0,2.15,12.0,0.7,,,,,,,,,,,,,,,,,,,,,,,,,,,,,,,,,,,,,,,,,,,,,,,,,,,,,,,,,,,,,,,,,,,,,,,,,,,,,,,,,,,,,,,,,,,,,,,,,,,,,,,,,,,,,,,,,,,,,,,,,,,,,,,,
1891,8,22700,-51.39999999999998,-33.5,15.3,16.3,17.95,16.48,9.0,1.59,16.0,0.6,13.16,14.0,16.02,14.36,13.0,1.64,18.0,0.5,7.7,7.7,7.76,7.73,3.0,0.05,10.0,0.3,79.5,82.0,83.1,81.3,3.0,2.7,10.0,0.3,,,,,,,,,,,,,,,,,,,,,,,,,,,,,,,,,,,,,,,,,,,,,,,,,,,,,,,,,,,,,,,,,-0.22,1.8,3.17,1.92,9.0,2.51,16.0,0.6,0.0,0.0,43.7,18.8,9.0,24.2,16.0,0.6,3.7,3.79,4.18,3.93,3.0,0.37,10.0,0.3,46.2,58.4,65.9,56.1,3.0,14.5,10.0,0.3,,,,,,,,,,,,,,,,,,,,,,,,,,,,,,,,,,,,,,,,,,,,,,,,,,,,,,,,,,,,,,,,
1891,8,22700,-51.39999999999998,38.8,,,,,,,,,,,,,,,,,,,,,,,,,,,,,,,,,7.11,8.0,8.89,8.0,2.0,1.84,2.0,0.5,6.89,7.33,7.77,7.33,2.0,0.91,2.0,0.5,0.47,2.22,3.97,2.22,2.0,3.63,2.0,0.5,1009.38,1010.85,1012.32,1010.85,2.0,3.04,2.0,0.5,,,,,,,,,,,,,,,,,,,,,,,,,,,,,,,,,,,,,,,,,,,,,,,,,,,,,,,,,,,,,,,,,,,,,,,,,,,,,,,,,,,,,,,,,,,,,,,,,,,,,,,,,,,,,,,,,,,,,,,,,,,,,,,,
1891,8,22700,-51.39999999999998,40.5,,,,,,,,,,,,,,,,,,,,,,,,,,,,,,,,,4.6,6.7,9.3,7.12,17.0,2.82,14.0,0.5,-4.06,4.23,7.49,2.54,17.0,5.22,14.0,0.5,-1.16,2.62,6.6,2.66,17.0,4.49,14.0,0.5,1013.0,1014.0,1018.93,1015.16,8.0,3.05,12.0,0.6,,,,,,,,,,,,,,,,,,,,,,,,,,,,,,,,,,,,,,,,,,,,,,,,,,,,,,,,,,,,,,,,,,,,,,,,,,,,,,,,,,,,,,,,,,,,,,,,,,,,,,,,,,,,,,,,,,,,,,,,,,,,,,,,
1891,8,22700,-51.39999999999998,48.0,,,,,,,,,,,,,,,,,,,,,,,,,,,,,,,,,2.6,2.6,2.6,2.6,1.0,0.0,28.0,1.0,2.32,2.32,2.32,2.32,1.0,0.0,28.0,1.0,1.18,1.18,1.18,1.18,1.0,0.0,28.0,1.0,1017.5,1017.5,1017.5,1017.5,1.0,0.0,28.0,1.0,,,,,,,,,,,,,,,,,,,,,,,,,,,,,,,,,,,,,,,,,,,,,,,,,,,,,,,,,,,,,,,,,,,,,,,,,,,,,,,,,,,,,,,,,,,,,,,,,,,,,,,,,,,,,,,,,,,,,,,,,,,,,,,,
1891,8,22700,-51.30000000000001,-51.3,,,,,,,,,,,,,,,,,,,,,,,,,,,,,,,,,6.7,6.7,9.63,8.1,4.0,2.8,10.0,0.8,4.74,5.45,8.87,6.74,4.0,3.13,10.0,0.8,-1.27,3.68,4.74,1.82,4.0,4.53,10.0,0.8,1005.38,1007.7,1014.66,1009.97,3.0,7.08,12.0,0.7,,,,,,,,,,,,,,,,,,,,,,,,,,,,,,,,,,,,,,,,,,,,,,,,,,,,,,,,,,,,,,,,,,,,,,,,,,,,,,,,,,,,,,,,,,,,,,,,,,,,,,,,,,,,,,,,,,,,,,,,,,,,,,,,
1891,8,22700,-51.30000000000001,-33.5,,,,,,,,,,,,,,,,,,,,,,,,,,,,,,,,,0.9,2.6,9.88,5.66,13.0,5.95,18.0,0.5,-1.86,0.0,9.36,2.57,13.0,7.09,18.0,0.5,-2.06,0.0,4.51,0.31,13.0,3.55,18.0,0.5,1013.84,1017.8,1023.62,1017.99,13.0,5.44,18.0,0.5,0.0,2.0,6.2,3.2,13.0,3.1,18.0,0.5,79.5,82.0,83.1,81.3,3.0,2.7,10.0,0.3,-5.2,0.0,95.6,45.1,13.0,114.0,18.0,0.5,-6.1,0.0,32.1,10.0,13.0,39.6,18.0,0.5,,,,,,,,,,,,,,,,,,,,,,,,,,,,,,,,,-25.6,0.0,130.7,31.8,13.0,96.6,18.0,0.5,-31.4,0.0,53.9,0.6,13.0,52.1,18.0,0.5,82.7,113.4,132.0,107.5,3.0,36.5,10.0,0.3,27.1,34.7,38.5,32.9,3.0,8.5,10.0,0.3,,,,,,,,,,,,,,,,,,,,,,,,,,,,,,,,
1891,8,22700,-51.30000000000001,-31.8,,,,,,,,,,,,,,,,,,,,,,,,,,,,,,,,,3.55,4.6,5.7,4.63,4.0,1.67,18.0,0.0,-2.47,-1.7,-0.4,-1.45,4.0,1.3,18.0,0.0,-3.1,1.12,5.49,1.19,4.0,4.99,18.0,0.0,1018.39,1020.9,1024.46,1021.4,4.0,3.63,18.0,0.0,,,,,,,,,,,,,,,,,,,,,,,,,,,,,,,,,,,,,,,,,,,,,,,,,,,,,,,,,,,,,,,,,,,,,,,,,,,,,,,,,,,,,,,,,,,,,,,,,,,,,,,,,,,,,,,,,,,,,,,,,,,,,,,,
1891,8,22700,-51.30000000000001,18.4,,,,,,,,,,,,,,,,,,,,,,,,,,,,,,,,,4.6,6.7,6.7,5.83,12.0,1.08,6.0,0.6,-6.7,-6.7,-4.6,-5.82,12.0,1.08,6.0,0.6,0.0,0.0,0.0,0.0,12.0,0.0,6.0,0.6,1017.1,1017.4,1017.54,1017.34,5.0,0.23,8.0,0.6,,,,,,,,,,,,,,,,,,,,,,,,,,,,,,,,,,,,,,,,,,,,,,,,,,,,,,,,,,,,,,,,,,,,,,,,,,,,,,,,,,,,,,,,,,,,,,,,,,,,,,,,,,,,,,,,,,,,,,,,,,,,,,,,
1891,8,22700,-51.19999999999999,-49.4,,,,,,,,,,,,,,,,,,,,,,,,,,,,,,,,,5.83,9.3,12.3,8.84,11.0,3.42,8.0,0.4,4.54,6.58,9.6,6.71,11.0,2.62,8.0,0.4,-7.45,2.62,5.54,-0.06,11.0,6.42,8.0,0.4,1005.79,1011.1,1016.41,1011.24,7.0,5.35,10.0,0.4,,,,,,,,,,,,,,,,,,,,,,,,,,,,,,,,,,,,,,,,,,,,,,,,,,,,,,,,,,,,,,,,,,,,,,,,,,,,,,,,,,,,,,,,,,,,,,,,,,,,,,,,,,,,,,,,,,,,,,,,,,,,,,,,
1891,8,22700,-51.19999999999999,-39.1,,,,,,,,,,,,,,,,,,,,,,,,,,,,,,,,,17.11,19.0,19.0,18.1,4.0,1.8,4.0,0.8,7.12,9.0,12.22,9.64,4.0,3.09,4.0,0.8,12.1,15.53,17.62,14.89,4.0,3.32,4.0,0.8,1008.62,1012.1,1013.53,1011.1,3.0,3.7,4.0,0.7,,,,,,,,,,,,,,,,,,,,,,,,,,,,,,,,,,,,,,,,,,,,,,,,,,,,,,,,,,,,,,,,,,,,,,,,,,,,,,,,,,,,,,,,,,,,,,,,,,,,,,,,,,,,,,,,,,,,,,,,,,,,,,,,
1891,8,22700,-51.19999999999999,-35.4,,,,,,,,,,,,,,,,,,,,,,,,,,,,,,,,,4.6,6.7,9.3,6.77,22.0,2.58,10.0,0.5,-6.58,-4.74,0.0,-3.94,22.0,4.15,10.0,0.5,-6.58,-2.62,0.0,-2.97,22.0,3.45,10.0,0.5,1014.12,1017.5,1018.49,1016.06,18.0,3.56,12.0,0.6,,,,,,,,,,,,,,,,,,,,,,,,,,,,,,,,,,,,,,,,,,,,,,,,,,,,,,,,,,,,,,,,,,,,,,,,,,,,,,,,,,,,,,,,,,,,,,,,,,,,,,,,,,,,,,,,,,,,,,,,,,,,,,,,
1891,8,22700,-51.19999999999999,12.3,,,,,,,,,,,,,,,,,,,,,,,,,,,,,,,,,2.6,2.6,2.6,2.6,1.0,0.0,20.0,0.0,-2.41,-2.41,-2.41,-2.41,1.0,0.0,20.0,0.0,-0.97,-0.97,-0.97,-0.97,1.0,0.0,20.0,0.0,1013.0,1013.0,1013.0,1013.0,1.0,0.0,20.0,0.0,,,,,,,,,,,,,,,,,,,,,,,,,,,,,,,,,,,,,,,,,,,,,,,,,,,,,,,,,,,,,,,,,,,,,,,,,,,,,,,,,,,,,,,,,,,,,,,,,,,,,,,,,,,,,,,,,,,,,,,,,,,,,,,,
1891,8,22700,-51.19999999999999,14.5,,,,,,,,,,,,,,,,,,,,,,,,,,,,,,,,,2.82,4.6,4.6,4.1,8.0,0.93,20.0,0.4,-4.23,-4.23,-2.6,-3.77,8.0,0.85,20.0,0.4,-1.8,-1.8,-1.1,-1.6,8.0,0.36,20.0,0.4,1014.37,1014.8,1015.5,1014.77,7.0,0.63,20.0,0.3,,,,,,,,,,,,,,,,,,,,,,,,,,,,,,,,,,,,,,,,,,,,,,,,,,,,,,,,,,,,,,,,,,,,,,,,,,,,,,,,,,,,,,,,,,,,,,,,,,,,,,,,,,,,,,,,,,,,,,,,,,,,,,,,
1891,8,22700,-51.19999999999999,42.8,,,,,,,,,,,,,,,,,,,,,,,,,,,,,,,,,,,,,,,,,,,,,,,,,,,,,,,,,,,,,,,,,,,,,,,,,,,,,,,,,,,,,,,,,,,,,,,,,,,,,,,,,,,,,,,,,,,,,,,,,,,,,,,,,,,,,,,,,,,,,,,,,,,,,,,,,,,,,,,,,0.2,0.2,0.2,0.2,1.0,0.0,10.0,1.0,-0.3,-0.3,-0.3,-0.3,1.0,0.0,10.0,1.0,12.5,97.5,159.0,121.0,18.0,193.0,10.0,0.5,15.0,95.0,160.0,120.0,18.0,195.0,10.0,0.5
1891,8,22700,-49.89999999999998,38.9,,,,,,,,,,,,,,,,,,,,,,,,,,,,,,,,,9.3,9.3,9.3,9.3,1.0,0.0,2.0,1.0,6.91,6.91,6.91,6.91,1.0,0.0,2.0,1.0,6.22,6.22,6.22,6.22,1.0,0.0,2.0,1.0,1008.3,1008.3,1008.3,1008.3,1.0,0.0,2.0,1.0,,,,,,,,,,,,,,,,,,,,,,,,,,,,,,,,,,,,,,,,,,,,,,,,,,,,,,,,,,,,,,,,,,,,,,,,,,,,,,,,,,,,,,,,,,,,,,,,,,,,,,,,,,,,,,,,,,,,,,,,,,,,,,,,
1891,8,22700,-49.80000000000001,-33.2,,,,,,,,,,,,,,,,,,,,,,,,,,,,,,,,,,,,,,,,,,,,,,,,,,,,,,,,,,,,,,,,,,,,,,,,,,,,,,,,,,,,,,,,,,,,,,,,,,,,,,,,,,,,,,,,,,,,,,,,,,,,,,,,,,,,,,,,,,,,,,,,,,,,,,,,,,,,,,,,,26.0,26.0,26.0,26.0,1.0,0.0,12.0,0.0,-1.4,-1.4,-1.4,-1.4,1.0,0.0,12.0,0.0,97.5,804.5,6859.0,1983.0,26.0,2611.0,20.0,0.5,95.0,805.0,6860.0,1985.0,26.0,2610.0,20.0,0.5
1891,8,22700,-49.80000000000001,52.9,,,,,,,,,,,,,,,,,,,,,,,,,,,,,,,,,2.6,2.6,2.6,2.6,1.0,0.0,28.0,0.0,2.38,2.38,2.38,2.38,1.0,0.0,28.0,0.0,1.06,1.06,1.06,1.06,1.0,0.0,28.0,0.0,1013.3,1013.3,1013.3,1013.3,1.0,0.0,28.0,0.0,,,,,,,,,,,,,,,,,,,,,,,,,,,,,,,,,,,,,,,,,,,,,,,,,,,,,,,,,,,,,,,,,,,,,,,,,,,,,,,,,,,,,,,,,,,,,,,,,,,,,,,,,,,,,,,,,,,,,,,,,,,,,,,,
1891,8,22700,-49.69999999999999,10.8,,,,,,,,,,,,,,,,,,,,,,,,,,,,,,,,,4.6,4.6,4.6,4.6,3.0,0.0,18.0,0.0,-3.94,-3.25,-3.25,-3.59,3.0,0.58,18.0,0.0,-3.25,-3.25,-2.21,-2.74,3.0,0.88,18.0,0.0,1013.36,1013.5,1014.52,1013.93,3.0,0.93,18.0,0.0,,,,,,,,,,,,,,,,,,,,,,,,,,,,,,,,,,,,,,,,,,,,,,,,,,,,,,,,,,,,,,,,,,,,,,,,,,,,,,,,,,,,,,,,,,,,,,,,,,,,,,,,,,,,,,,,,,,,,,,,,,,,,,,,
1891,8,22700,-49.60000000000002,-31.5,15.7,16.7,17.53,16.68,5.0,1.03,18.0,0.6,13.33,16.0,16.96,15.3,5.0,2.01,18.0,0.6,8.5,8.88,9.26,8.88,2.0,0.79,12.0,1.0,75.1,76.0,76.9,76.0,2.0,1.9,12.0,1.0,4.6,4.6,5.37,5.02,5.0,0.94,18.0,0.6,-4.04,-3.31,4.85,-0.29,5.0,4.98,18.0,0.6,-3.03,-1.94,1.19,-1.01,5.0,2.5,18.0,0.6,1016.25,1022.9,1023.85,1020.74,5.0,4.28,18.0,0.6,0.0,2.0,3.4,1.8,5.0,1.8,18.0,0.6,75.1,76.0,76.9,76.0,2.0,1.9,12.0,1.0,-18.6,-15.2,26.9,1.2,5.0,27.2,18.0,0.6,-16.5,-8.9,5.5,-5.9,5.0,12.9,18.0,0.6,0.44,1.2,2.37,1.38,5.0,1.16,18.0,0.6,2.0,8.0,10.9,6.9,5.0,5.4,18.0,0.6,3.4,3.54,3.68,3.54,2.0,0.28,12.0,1.0,16.9,20.2,23.5,20.2,2.0,6.9,12.0,1.0,-58.0,-47.3,81.2,0.7,5.0,77.1,18.0,0.6,-49.3,-33.8,15.3,-19.1,5.0,37.3,18.0,0.6,41.1,44.7,48.4,44.7,2.0,7.6,12.0,1.0,-23.5,-21.4,-19.3,-21.4,2.0,4.3,12.0,1.0,,,,,,,,,,,,,,,,,,,,,,,,,,,,,,,,
1891,8,22700,-49.60000000000002,12.4,,,,,,,,,,,,,,,,,,,,,,,,,,,,,,,,,1.0,4.6,4.6,3.37,12.0,1.61,18.0,0.6,-4.27,-3.76,-1.0,-3.05,12.0,1.43,18.0,0.6,-1.72,-1.35,0.0,-0.78,12.0,1.45,18.0,0.6,1012.32,1013.8,1015.95,1013.91,12.0,1.95,18.0,0.6,,,,,,,,,,,,,,,,,,,,,,,,,,,,,,,,,,,,,,,,,,,,,,,,,,,,,,,,,,,,,,,,,,,,,,,,,,,,,,,,,,,,,,,,,,,,,,,,,,,,,,,,,,,,,,,,,,,,,,,,,,,,,,,,
1891,8,22700,-49.60000000000002,18.1,,,,,,,,,,,,,,,,,,,,,,,,,,,,,,,,,6.7,6.7,8.06,7.35,4.0,1.3,6.0,0.0,-7.97,-6.7,-6.42,-7.17,4.0,1.33,6.0,0.0,-1.37,0.0,0.93,-0.21,4.0,1.81,6.0,0.0,1015.6,1015.6,1015.6,1015.6,1.0,0.0,16.0,0.0,,,,,,,,,,,,,,,,,,,,,,,,,,,,,,,,,,,,,,,,,,,,,,,,,,,,,,,,,,,,,,,,,,,,,,,,,,,,,,,,,,,,,,,,,,,,,,,,,,,,,,,,,,,,,,,,,,,,,,,,,,,,,,,,
1891,8,22700,-49.60000000000002,42.9,,,,,,,,,,,,,,,,,,,,,,,,,,,,,,,,,,,,,,,,,,,,,,,,,,,,,,,,,,,,,,,,,,,,,,,,,,,,,,,,,,,,,,,,,,,,,,,,,,,,,,,,,,,,,,,,,,,,,,,,,,,,,,,,,,,,,,,,,,,,,,,,,,,,,,,,,,,,,,,,,1.2,1.2,1.2,1.2,1.0,0.0,10.0,1.0,-1.9,-1.9,-1.9,-1.9,1.0,0.0,10.0,1.0,1.0,17.5,301.0,178.5,18.0,434.0,12.0,0.5,0.0,20.0,300.0,180.0,18.0,435.0,12.0,0.5
1891,8,22700,-49.60000000000002,46.8,,,,,,,,,,,,,,,,,,,,,,,,,,,,,,,,,,,,,,,,,,,,,,,,,,,,,,,,,,,,,,,,,,,,,,,,,,,,,,,,,,,,,,,,,,,,,,,,,,,,,,,,,,,,,,,,,,,,,,,,,,,,,,,,,,,,,,,,,,,,,,,,,,,,,,,,,,,,,,,,,-1.0,-0.6,-0.3,-0.6,2.0,0.7,28.0,1.0,-0.8,0.0,0.9,0.0,2.0,1.7,28.0,1.0,17.5,17.5,181.5,379.5,11.0,1089.0,22.0,0.5,20.0,20.0,180.0,380.0,11.0,1090.0,22.0,0.5
1891,8,22700,-49.60000000000002,48.4,,,,,,,,,,,,,,,,,,,,,,,,,,,,,,,,,1.25,1.8,2.35,1.8,2.0,1.13,28.0,0.5,1.06,1.44,1.82,1.44,2.0,0.78,28.0,0.5,0.66,1.07,1.48,1.07,2.0,0.85,28.0,0.5,1018.6,1018.8,1019.0,1018.8,2.0,0.42,28.0,0.5,,,,,,,,,,,,,,,,,,,,,,,,,,,,,,,,,,,,,,,,,,,,,,,,,,,,,,,,,,,,,,,,,,,,,,,,,,,,,,,,,,,,,,,,,,,,,,,,,,,,,,,,,,,,,,,,,,,,,,,,,,,,,,,,
1891,8,22700,-49.5,42.6,12.58,15.95,18.3,15.52,18.0,2.93,12.0,0.5,14.71,16.65,21.37,17.51,16.0,3.91,12.0,0.5,10.44,10.44,10.44,10.44,1.0,0.0,10.0,1.0,90.3,90.3,90.3,90.3,1.0,0.0,10.0,1.0,1.0,2.6,6.7,3.53,18.0,3.17,12.0,0.5,-0.71,0.46,3.25,1.09,18.0,2.16,12.0,0.5,0.0,1.84,5.32,2.66,18.0,3.14,12.0,0.5,1015.47,1017.45,1018.73,1017.17,12.0,1.91,12.0,0.6,5.4,8.0,8.0,6.7,18.0,1.9,12.0,0.5,90.3,90.3,90.3,90.3,1.0,0.0,10.0,1.0,-1.9,0.5,15.0,7.2,18.0,16.3,12.0,0.5,0.0,4.8,35.7,18.6,18.0,33.6,12.0,0.5,-3.56,-2.55,-0.59,-2.18,16.0,2.47,12.0,0.5,-16.0,-4.9,-0.2,-7.2,16.0,7.7,12.0,0.5,-2.26,-2.26,-2.26,-2.26,1.0,0.0,10.0,1.0,-2.3,-2.3,-2.3,-2.3,1.0,0.0,10.0,1.0,-17.6,0.0,51.1,13.9,16.0,38.1,12.0,0.5,0.0,31.2,87.6,43.6,16.0,52.1,12.0,0.5,-5.7,-5.7,-5.7,-5.7,1.0,0.0,10.0,1.0,8.8,8.8,8.8,8.8,1.0,0.0,10.0,1.0,,,,,,,,,,,,,,,,,,,,,,,,,,,,,,,,
1891,8,22700,-49.5,44.5,10.83,12.65,15.21,12.95,24.0,2.81,14.0,0.7,13.7,14.4,16.8,15.1,20.0,2.52,14.0,0.6,13.0,13.0,13.0,13.0,1.0,0.0,10.0,1.0,94.5,94.5,94.5,94.5,1.0,0.0,10.0,1.0,2.6,2.6,6.78,4.39,26.0,2.74,14.0,0.7,-2.6,1.15,3.25,0.61,26.0,3.73,14.0,0.7,-0.02,0.99,6.0,2.05,26.0,2.97,14.0,0.7,1011.31,1013.75,1019.73,1015.18,16.0,5.27,14.0,0.8,2.0,7.0,8.0,5.8,26.0,3.0,14.0,0.7,94.5,94.5,94.5,94.5,1.0,0.0,10.0,1.0,-6.8,3.7,15.0,2.0,26.0,29.8,14.0,0.7,0.0,2.6,44.1,13.5,26.0,24.2,14.0,0.7,-3.3,-2.0,-1.0,-2.08,20.0,1.64,14.0,0.6,-16.4,-6.4,-2.0,-9.0,20.0,9.7,14.0,0.6,-0.88,-0.88,-0.88,-0.88,1.0,0.0,10.0,1.0,-0.9,-0.9,-0.9,-0.9,1.0,0.0,10.0,1.0,-34.8,10.0,36.8,9.5,20.0,66.3,14.0,0.6,-7.0,21.5,93.0,33.6,20.0,48.2,14.0,0.6,-7.1,-7.1,-7.1,-7.1,1.0,0.0,10.0,1.0,10.9,10.9,10.9,10.9,1.0,0.0,10.0,1.0,,,,,,,,,,,,,,,,,,,,,,,,,,,,,,,,
1891,8,22700,-49.39999999999998,-51.5,,,,,,,,,,,,,,,,,,,,,,,,,,,,,,,,,4.6,8.45,17.7,11.03,4.0,8.53,12.0,0.3,-4.44,0.9,3.07,-0.61,4.0,5.52,12.0,0.3,-16.83,-8.27,-1.07,-8.92,4.0,9.88,12.0,0.3,1003.02,1016.25,1018.8,1012.13,6.0,8.67,12.0,0.5,,,,,,,,,,,,,,,,,,,,,,,,,,,,,,,,,,,,,,,,,,,,,,,,,,,,,,,,,,,,,,,,,,,,,,,,,,,,,,,,,,,,,,,,,,,,,,,,,,,,,,,,,,,,,,,,,,,,,,,,,,,,,,,,
1891,8,22700,-49.39999999999998,-49.1,,,,,,,,,,,,,,,,,,,,,,,,,,,,,,,,,5.17,6.7,8.6,6.81,9.0,1.67,8.0,0.4,2.02,4.74,6.7,4.62,9.0,2.74,8.0,0.4,-5.78,-1.72,1.91,-2.21,9.0,4.24,8.0,0.4,1017.04,1018.5,1019.38,1018.01,8.0,2.25,8.0,0.4,,,,,,,,,,,,,,,,,,,,,,,,,,,,,,,,,,,,,,,,,,,,,,,,,,,,,,,,,,,,,,,,,,,,,,,,,,,,,,,,,,,,,,,,,,,,,,,,,,,,,,,,,,,,,,,,,,,,,,,,,,,,,,,,
1891,8,22700,-49.39999999999998,-33.4,17.0,17.55,18.53,17.7,12.0,0.77,18.0,0.4,13.59,16.9,18.0,16.09,26.0,1.98,20.0,0.5,8.3,8.3,8.3,8.3,1.0,0.0,12.0,0.0,79.1,79.1,79.1,79.1,1.0,0.0,12.0,0.0,,,,,,,,,,,,,,,,,,,,,,,,,,,,,,,,,,,,,,,,,,,,,,,,,,,,,,,,,,,,,,,,,-0.83,0.45,1.43,0.47,12.0,1.12,18.0,0.4,-5.5,3.6,12.2,4.1,12.0,8.6,18.0,0.4,3.89,3.89,3.89,3.89,1.0,0.0,12.0,0.0,26.0,26.0,26.0,26.0,1.0,0.0,12.0,0.0,,,,,,,,,,,,,,,,,,,,,,,,,,,,,,,,,,,,,,,,,,,,,,,,,,,,,,,,,,,,,,,,
1891,8,22700,-49.39999999999998,-31.8,,,,,,,,,,,,,,,,,,,,,,,,,,,,,,,,,,,,,,,,,,,,,,,,,,,,,,,,,,,,,,,,,,,,,,,,,,,,,,,,,,,,,,,,,,,,,,,,,,,,,,,,,,,,,,,,,,,,,,,,,,,,,,,,,,,,,,,,,,,,,,,,,,,,,,,,,,,,,,,,,15.3,18.2,21.2,18.2,2.0,6.1,12.0,1.0,-10.3,-8.7,-7.2,-8.7,2.0,3.2,12.0,1.0,97.5,97.5,171.5,138.0,5.0,91.0,18.0,0.6,95.0,95.0,170.0,140.0,5.0,90.0,18.0,0.6
1891,8,22700,-49.39999999999998,16.4,,,,,,,,,,,,,,,,,,,,,,,,,,,,,,,,,2.6,4.6,9.3,5.43,11.0,3.35,6.0,0.5,-8.8,-4.23,-2.39,-5.19,11.0,3.33,6.0,0.5,-1.8,-1.02,0.73,-0.28,11.0,1.68,6.0,0.5,1016.66,1017.35,1018.0,1017.31,8.0,0.71,8.0,0.4,,,,,,,,,,,,,,,,,,,,,,,,,,,,,,,,,,,,,,,,,,,,,,,,,,,,,,,,,,,,,,,,,,,,,,,,,,,,,,,,,,,,,,,,,,,,,,,,,,,,,,,,,,,,,,,,,,,,,,,,,,,,,,,,
1891,8,22700,-49.39999999999998,46.5,10.89,12.6,15.74,13.17,11.0,2.51,22.0,0.5,11.69,13.3,14.53,13.12,11.0,1.94,22.0,0.5,8.07,8.82,9.57,8.82,2.0,1.56,28.0,1.0,90.5,94.4,98.2,94.4,2.0,8.0,28.0,1.0,2.6,2.6,5.47,4.17,11.0,4.0,22.0,0.5,-1.6,0.5,3.37,0.88,11.0,2.66,22.0,0.5,-4.44,1.0,2.55,-1.16,11.0,5.07,22.0,0.5,1018.83,1022.35,1026.02,1022.43,4.0,4.16,30.0,1.0,4.0,8.0,8.0,6.5,11.0,1.8,22.0,0.5,90.5,94.4,98.2,94.4,2.0,8.0,28.0,1.0,-4.8,1.3,16.8,10.7,11.0,29.2,22.0,0.5,-24.5,2.5,6.6,-22.2,11.0,66.2,22.0,0.5,-1.1,-0.5,1.55,0.05,11.0,1.43,22.0,0.5,-2.9,-2.3,4.3,3.2,11.0,12.6,22.0,0.5,-0.33,0.32,0.97,0.32,2.0,1.35,28.0,1.0,-1.2,-0.2,0.8,-0.2,2.0,2.1,28.0,1.0,-21.7,6.6,39.8,11.3,11.0,34.4,22.0,0.5,-45.8,12.4,33.2,-14.8,11.0,69.5,22.0,0.5,2.2,8.5,14.7,8.5,2.0,12.9,28.0,1.0,9.5,13.3,17.1,13.3,2.0,7.9,28.0,1.0,,,,,,,,,,,,,,,,,,,,,,,,,,,,,,,,
1891,8,22700,-49.39999999999998,54.0,,,,,,,,,,,,,,,,,,,,,,,,,,,,,,,,,1.0,1.0,1.0,1.0,1.0,0.0,28.0,1.0,0.91,0.91,0.91,0.91,1.0,0.0,28.0,1.0,0.42,0.42,0.42,0.42,1.0,0.0,28.0,1.0,1012.9,1012.9,1012.9,1012.9,1.0,0.0,28.0,1.0,,,,,,,,,,,,,,,,,,,,,,,,,,,,,,,,,,,,,,,,,,,,,,,,,,,,,,,,,,,,,,,,,,,,,,,,,,,,,,,,,,,,,,,,,,,,,,,,,,,,,,,,,,,,,,,,,,,,,,,,,,,,,,,,
1891,8,22700,-49.30000000000001,-47.6,,,,,,,,,,,,,,,,,,,,,,,,,,,,,,,,,10.73,12.3,13.92,12.33,4.0,2.49,6.0,0.5,6.04,8.7,9.85,7.98,4.0,3.08,6.0,0.5,-9.85,-8.7,-8.63,-9.21,4.0,1.12,6.0,0.5,1020.7,1020.7,1020.7,1020.7,1.0,0.0,6.0,0.0,,,,,,,,,,,,,,,,,,,,,,,,,,,,,,,,,,,,,,,,,,,,,,,,,,,,,,,,,,,,,,,,,,,,,,,,,,,,,,,,,,,,,,,,,,,,,,,,,,,,,,,,,,,,,,,,,,,,,,,,,,,,,,,,
1891,8,22700,-49.30000000000001,-33.4,,,,,,,,,,,,,,,,,,,,,,,,,,,,,,,,,4.6,9.3,19.0,9.97,26.0,5.64,20.0,0.5,-6.58,2.23,14.38,2.64,26.0,9.17,20.0,0.5,-7.46,-5.77,0.02,-4.84,26.0,4.41,20.0,0.5,1008.09,1015.15,1020.74,1015.47,26.0,5.59,20.0,0.5,2.0,6.0,8.0,4.8,26.0,3.1,20.0,0.5,79.1,79.1,79.1,79.1,1.0,0.0,12.0,0.0,-61.2,9.9,223.5,56.0,26.0,145.8,20.0,0.5,-135.2,-51.2,0.0,-65.3,26.0,74.1,20.0,0.5,,,,,,,,,,,,,,,,,,,,,,,,,,,,,,,,,-113.2,33.6,229.1,29.8,26.0,140.5,20.0,0.5,-118.3,-91.0,0.3,-81.2,26.0,73.0,20.0,0.5,55.5,55.5,55.5,55.5,1.0,0.0,12.0,0.0,-2.9,-2.9,-2.9,-2.9,1.0,0.0,12.0,0.0,,,,,,,,,,,,,,,,,,,,,,,,,,,,,,,,
1891,8,22700,-49.30000000000001,-29.8,,,,,,,,,,,,,,,,,,,,,,,,,,,,,,,,,2.6,2.6,3.97,3.27,3.0,1.15,14.0,1.0,-3.04,-2.59,-0.45,-1.77,3.0,2.03,14.0,1.0,-3.03,-2.54,-0.68,-1.87,3.0,1.81,14.0,1.0,1019.21,1025.9,1027.95,1023.63,3.0,6.69,14.0,1.0,,,,,,,,,,,,,,,,,,,,,,,,,,,,,,,,,,,,,,,,,,,,,,,,,,,,,,,,,,,,,,,,,,,,,,,,,,,,,,,,,,,,,,,,,,,,,,,,,,,,,,,,,,,,,,,,,,,,,,,,,,,,,,,,
1891,8,22700,-49.30000000000001,40.4,,,,,,,,,,,,,,,,,,,,,,,,,,,,,,,,,4.6,4.6,9.3,6.45,16.0,3.04,10.0,0.4,2.73,4.27,4.69,4.09,16.0,1.58,10.0,0.4,-1.72,0.9,8.09,2.99,16.0,4.87,10.0,0.4,1013.39,1016.0,1017.41,1015.32,11.0,2.73,8.0,0.5,,,,,,,,,,,,,,,,,,,,,,,,,,,,,,,,,,,,,,,,,,,,,,,,,,,,,,,,,,,,,,,,,,,,,,,,,,,,,,,,,,,,,,,,,,,,,,,,,,,,,,,,,,,,,,,,,,,,,,,,,,,,,,,,
1891,8,22700,-49.19999999999999,-35.2,,,,,,,,,,,,,,,,,,,,,,,,,,,,,,,,,6.7,6.7,19.0,9.9,17.0,5.27,8.0,0.5,-6.38,-6.17,18.25,1.33,17.0,10.95,8.0,0.5,-3.59,-2.62,0.0,-2.16,17.0,2.3,8.0,0.5,1013.15,1017.8,1019.14,1016.41,11.0,3.49,12.0,0.5,,,,,,,,,,,,,,,,,,,,,,,,,,,,,,,,,,,,,,,,,,,,,,,,,,,,,,,,,,,,,,,,,,,,,,,,,,,,,,,,,,,,,,,,,,,,,,,,,,,,,,,,,,,,,,,,,,,,,,,,,,,,,,,,
1891,8,22700,-49.19999999999999,14.5,,,,,,,,,,,,,,,,,,,,,,,,,,,,,,,,,2.45,4.6,4.6,3.66,13.0,1.6,16.0,0.5,-4.23,-4.23,-2.26,-3.38,13.0,1.46,16.0,0.5,-1.8,-1.8,-0.88,-1.39,13.0,0.68,16.0,0.5,1013.18,1015.2,1016.11,1014.77,13.0,1.4,16.0,0.5,,,,,,,,,,,,,,,,,,,,,,,,,,,,,,,,,,,,,,,,,,,,,,,,,,,,,,,,,,,,,,,,,,,,,,,,,,,,,,,,,,,,,,,,,,,,,,,,,,,,,,,,,,,,,,,,,,,,,,,,,,,,,,,,
1891,8,22700,-49.10000000000002,44.1,,,,,,,,,,,,,,,,,,,,,,,,,,,,,,,,,,,,,,,,,,,,,,,,,,,,,,,,,,,,,,,,,,,,,,,,,,,,,,,,,,,,,,,,,,,,,,,,,,,,,,,,,,,,,,,,,,,,,,,,,,,,,,,,,,,,,,,,,,,,,,,,,,,,,,,,,,,,,,,,,0.5,0.5,0.5,0.5,1.0,0.0,10.0,1.0,-0.7,-0.7,-0.7,-0.7,1.0,0.0,10.0,1.0,17.5,17.5,317.0,195.5,26.0,298.5,14.0,0.7,20.0,20.0,315.0,195.0,26.0,300.0,14.0,0.7
1891,8,22700,-47.80000000000001,-31.3,,,,,,,,,,,,,,,,,,,,,,,,,,,,,,,,,,,,,,,,,,,,,,,,,,,,,,,,,,,,,,,,,,,,,,,,,,,,,,,,,,,,,,,,,,,,,,,,,,,,,,,,,,,,,,,,,,,,,,,,,,,,,,,,,,,,,,,,,,,,,,,,,,,,,,,,,,,,,,,,,4.3,5.2,6.0,5.2,2.0,1.7,12.0,0.5,1.6,1.9,2.2,1.9,2.0,0.6,12.0,0.5,4.5,97.5,1626.5,2299.0,15.0,5534.5,18.0,0.4,5.0,95.0,1625.0,2300.0,15.0,5535.0,18.0,0.4
1891,8,22700,-47.69999999999999,54.2,,,,,,,,,,,,,,,,,,,,,,,,,,,,,,,,,2.6,2.6,2.6,2.6,2.0,0.0,28.0,1.0,-0.14,-0.14,-0.14,-0.14,2.0,0.0,28.0,1.0,2.6,2.6,2.6,2.6,2.0,0.0,28.0,1.0,1011.73,1012.0,1012.27,1012.0,2.0,0.57,28.0,1.0,,,,,,,,,,,,,,,,,,,,,,,,,,,,,,,,,,,,,,,,,,,,,,,,,,,,,,,,,,,,,,,,,,,,,,,,,,,,,,,,,,,,,,,,,,,,,,,,,,,,,,,,,,,,,,,,,,,,,,,,,,,,,,,,
1891,8,22700,-47.60000000000002,-33.2,,,,,,,,,,,,,,,,,,,,,,,,,,,,,,,,,5.87,9.3,14.56,10.68,9.0,4.7,20.0,0.6,-8.03,-4.81,-0.88,-3.43,9.0,6.05,20.0,0.6,-7.33,-3.25,9.73,-0.27,9.0,10.02,20.0,0.6,1012.49,1014.9,1024.41,1017.28,9.0,5.93,20.0,0.6,,,,,,,,,,,,,,,,,,,,,,,,,,,,,,,,,,,,,,,,,,,,,,,,,,,,,,,,,,,,,,,,,,,,,,,,,,,,,,,,,,,,,,,,,,,,,,,,,,,,,,,,,,,,,,,,,,,,,,,,,,,,,,,,
1891,8,22700,-47.60000000000002,-29.6,18.49,19.4,19.82,19.2,6.0,0.9,18.0,0.5,15.5,17.4,17.81,16.69,7.0,2.59,18.0,0.4,9.07,9.22,9.36,9.22,2.0,0.29,12.0,0.0,73.3,74.9,76.6,74.9,2.0,3.4,12.0,0.0,,,,,,,,,,,,,,,,,,,,,,,,,,,,,,,,,,,,,,,,,,,,,,,,,,,,,,,,,,,,,,,,,1.41,2.0,3.05,2.52,6.0,2.34,18.0,0.5,0.0,3.6,10.9,7.5,6.0,12.5,18.0,0.5,4.49,4.64,4.79,4.64,2.0,0.3,12.0,0.0,0.0,0.0,0.0,0.0,2.0,0.0,12.0,0.0,,,,,,,,,,,,,,,,,,,,,,,,,,,,,,,,,,,,,,,,,,,,,,,,,,,,,,,,,,,,,,,,
1891,8,22700,-47.60000000000002,-29.5,,,,,,,,,,,,,,,,,,,,,,,,,,,,,,,,,0.0,2.6,4.7,3.01,7.0,2.49,18.0,0.4,-4.25,-2.6,0.0,-2.27,7.0,1.83,18.0,0.4,-2.08,-0.16,0.0,-1.43,7.0,2.26,18.0,0.4,1015.69,1023.7,1026.6,1021.91,7.0,5.2,18.0,0.4,0.0,2.0,6.0,2.6,7.0,2.5,18.0,0.4,73.3,74.9,76.6,74.9,2.0,3.4,12.0,0.0,-19.6,-6.8,0.0,-9.9,7.0,9.2,18.0,0.4,-9.8,-0.7,0.0,-7.9,7.0,15.1,18.0,0.4,,,,,,,,,,,,,,,,,,,,,,,,,,,,,,,,,-53.5,-40.8,0.0,-35.9,7.0,28.1,18.0,0.4,-37.4,-2.7,0.0,-25.7,7.0,45.0,18.0,0.4,0.0,0.0,0.0,0.0,2.0,0.0,12.0,0.0,0.0,0.0,0.0,0.0,2.0,0.0,12.0,0.0,,,,,,,,,,,,,,,,,,,,,,,,,,,,,,,,
1891,8,22700,-47.60000000000002,44.6,,,,,,,,,,,,,,,,,,,,,,,,,,,,,,,,,2.37,4.6,9.73,6.34,19.0,4.77,12.0,0.5,-2.73,0.0,6.87,1.36,19.0,5.52,12.0,0.5,0.0,2.6,8.72,3.67,19.0,4.29,12.0,0.5,1006.59,1012.85,1017.97,1012.86,14.0,5.93,10.0,0.4,,,,,,,,,,,,,,,,,,,,,,,,,,,,,,,,,,,,,,,,,,,,,,,,,,,,,,,,,,,,,,,,,-40.7,0.0,62.9,18.0,15.0,89.7,12.0,0.5,3.3,44.2,126.3,61.9,15.0,70.2,12.0,0.5,-7.1,-7.1,-7.1,-7.1,1.0,0.0,10.0,0.0,10.6,10.6,10.6,10.6,1.0,0.0,10.0,0.0,,,,,,,,,,,,,,,,,,,,,,,,,,,,,,,,
1891,8,22700,-47.60000000000002,46.5,,,,,,,,,,,,,,,,,,,,,,,,,,,,,,,,,2.6,4.6,9.3,5.5,12.0,2.8,18.0,0.5,-2.74,0.25,2.2,0.41,12.0,3.54,18.0,0.5,-6.51,2.2,3.89,0.08,12.0,5.31,18.0,0.5,1020.44,1022.45,1026.35,1023.35,4.0,3.75,24.0,0.3,,,,,,,,,,,,,,,,,,,,,,,,,,,,,,,,,,,,,,,,,,,,,,,,,,,,,,,,,,,,,,,,,,,,,,,,,,,,,,,,,,,,,,,,,,,,,,,,,,,,,,,,,,,,,,,,,,,,,,,,,,,,,,,,
1891,8,22700,-47.60000000000002,48.0,,,,,,,,,,,,,,,,,,,,,,,,,,,,,,,,,,,,,,,,,,,,,,,,,,,,,,,,,,,,,,,,,,,,,,,,,,,,,,,,,,,,,,,,,,,,,,,,,,,,,,,,,,,,,,,,,,,,,,,,,,,,,,,,,,,,,,,,,,,,,,,,,,,,,,,,,,,,,,,,,0.0,0.0,0.0,0.0,1.0,0.0,28.0,0.0,0.0,0.0,0.0,0.0,1.0,0.0,28.0,0.0,17.5,57.5,97.5,57.5,4.0,46.0,28.0,0.0,20.0,55.0,95.0,55.0,4.0,45.0,28.0,0.0
1891,8,22700,-47.60000000000002,48.6,,,,,,,,,,,,,,,,,,,,,,,,,,,,,,,,,,,,,,,,,,,,,,,,,,,,,,,,,,,,,,,,,,,,,,,,,,,,,,,,,,,,,,,,,,,,,,,,,0.0,0.0,1.37,0.67,3.0,1.15,28.0,0.0,0.0,0.0,3.5,1.7,3.0,3.0,28.0,0.0,0.0,0.0,0.0,0.0,1.0,0.0,28.0,0.0,0.0,0.0,0.0,0.0,1.0,0.0,28.0,0.0,21.3,23.6,35.1,28.1,3.0,10.8,28.0,0.0,-20.1,2.1,8.6,-5.6,3.0,22.1,28.0,0.0,18.4,18.4,18.4,18.4,1.0,0.0,28.0,0.0,1.6,1.6,1.6,1.6,1.0,0.0,28.0,0.0,,,,,,,,,,,,,,,,,,,,,,,,,,,,,,,,
1891,8,22700,-47.5,14.5,,,,,,,,,,,,,,,,,,,,,,,,,,,,,,,,,4.6,4.6,7.77,5.59,11.0,2.97,10.0,0.2,-7.49,-4.23,-3.83,-5.15,11.0,2.89,10.0,0.2,-2.82,-1.8,-1.01,-1.92,11.0,1.3,10.0,0.2,1013.05,1015.7,1016.41,1015.03,9.0,1.55,12.0,0.2,,,,,,,,,,,,,,,,,,,,,,,,,,,,,,,,,,,,,,,,,,,,,,,,,,,,,,,,,,,,,,,,,,,,,,,,,,,,,,,,,,,,,,,,,,,,,,,,,,,,,,,,,,,,,,,,,,,,,,,,,,,,,,,,
1891,8,22700,-47.5,44.2,,,,,,,,,,,,,,,,,,,,,,,,,,,,,,,,,,,,,,,,,,,,,,,,,,,,,,,,,,,,,,,,,,,,,,,,,,,,,,,,,,,,,,,,,,,,,,,,,,,,,,,,,,,,,,,,,,,,,,,,,,,,,,,,,,,,,,,,,,,,,,,,,,,,,,,,,,,,,,,,,0.4,0.4,0.4,0.4,1.0,0.0,10.0,0.0,-0.5,-0.5,-0.5,-0.5,1.0,0.0,10.0,0.0,15.0,97.5,956.0,718.5,19.0,1145.5,12.0,0.5,15.0,95.0,955.0,720.0,19.0,1145.0,12.0,0.5
1891,8,22700,-47.5,44.6,11.0,13.75,15.6,13.64,18.0,2.25,10.0,0.4,13.78,15.85,18.06,15.91,16.0,2.39,10.0,0.4,12.73,12.73,12.73,12.73,1.0,0.0,10.0,0.0,98.7,98.7,98.7,98.7,1.0,0.0,10.0,0.0,,,,,,,,,,,,,,,,,,,,,,,,,,,,,,,,,2.0,8.0,8.0,6.1,20.0,2.7,12.0,0.5,98.7,98.7,98.7,98.7,1.0,0.0,10.0,0.0,-10.4,0.0,63.9,12.5,19.0,70.9,12.0,0.5,0.0,7.9,86.8,38.8,19.0,54.1,12.0,0.5,-3.99,-2.85,-1.04,-2.28,16.0,2.07,10.0,0.4,-43.0,-7.8,-1.4,-18.7,15.0,23.1,12.0,0.5,-0.63,-0.63,-0.63,-0.63,1.0,0.0,10.0,0.0,-0.6,-0.6,-0.6,-0.6,1.0,0.0,10.0,0.0,,,,,,,,,,,,,,,,,,,,,,,,,,,,,,,,,,,,,,,,,,,,,,,,,,,,,,,,,,,,,,,,
1891,8,22700,-47.5,48.5,10.0,11.0,11.05,10.55,4.0,0.97,28.0,0.0,9.03,9.1,10.4,9.7,3.0,1.13,28.0,0.0,7.11,7.11,7.11,7.11,1.0,0.0,28.0,0.0,100.0,100.0,100.0,100.0,1.0,0.0,28.0,0.0,2.6,3.6,4.6,3.6,4.0,1.15,28.0,0.0,2.41,3.13,4.05,3.23,4.0,0.99,28.0,0.0,-2.09,-0.56,0.79,-0.65,4.0,1.78,28.0,0.0,1017.93,1018.8,1019.3,1018.63,4.0,0.83,28.0,0.0,8.0,8.0,8.0,8.0,4.0,0.0,28.0,0.0,100.0,100.0,100.0,100.0,1.0,0.0,28.0,0.0,6.3,11.8,18.6,12.4,4.0,7.2,28.0,0.0,-9.6,-2.8,2.1,-3.7,4.0,7.2,28.0,0.0,,,,,,,,,,,,,,,,,,,,,,,,,,,,,,,,,,,,,,,,,,,,,,,,,,,,,,,,,,,,,,,,,,,,,,,,,,,,,,,,,,,,,,,,,,,,,,,,
1891,8,22700,-47.39999999999998,12.6,,,,,,,,,,,,,,,,,,,,,,,,,,,,,,,,,4.6,6.7,6.82,6.17,7.0,1.73,12.0,0.9,-6.28,-4.74,-4.19,-5.4,7.0,1.76,12.0,0.9,-3.54,0.0,2.65,-0.22,7.0,3.21,12.0,0.9,1014.64,1015.3,1015.9,1015.1,7.0,0.91,12.0,0.9,,,,,,,,,,,,,,,,,,,,,,,,,,,,,,,,,,,,,,,,,,,,,,,,,,,,,,,,,,,,,,,,,,,,,,,,,,,,,,,,,,,,,,,,,,,,,,,,,,,,,,,,,,,,,,,,,,,,,,,,,,,,,,,,
1891,8,22700,-47.39999999999998,16.2,,,,,,,,,,,,,,,,,,,,,,,,,,,,,,,,,3.51,4.6,9.3,5.11,18.0,2.82,12.0,0.6,-8.62,-4.23,-3.26,-4.8,18.0,2.74,12.0,0.6,-2.01,-1.8,0.0,-1.53,18.0,1.08,12.0,0.6,1013.08,1015.2,1016.34,1014.95,13.0,1.45,18.0,0.7,,,,,,,,,,,,,,,,,,,,,,,,,,,,,,,,,,,,,,,,,,,,,,,,,,,,,,,,,,,,,,,,,,,,,,,,,,,,,,,,,,,,,,,,,,,,,,,,,,,,,,,,,,,,,,,,,,,,,,,,,,,,,,,,
1891,8,22700,-47.30000000000001,-51.5,,,,,,,,,,,,,,,,,,,,,,,,,,,,,,,,,16.03,22.6,23.47,19.7,6.0,7.8,14.0,0.5,13.63,18.98,21.29,17.01,6.0,6.47,14.0,0.5,-16.59,0.0,1.75,-4.41,6.0,10.67,14.0,0.5,994.99,1002.7,1004.82,1000.69,7.0,5.0,14.0,0.4,,,,,,,,,,,,,,,,,,,,,,,,,,,,,,,,,,,,,,,,,,,,,,,,,,,,,,,,,,,,,,,,,,,,,,,,,,,,,,,,,,,,,,,,,,,,,,,,,,,,,,,,,,,,,,,,,,,,,,,,,,,,,,,,
1891,8,22700,-47.30000000000001,-47.2,,,,,,,,,,,,,,,,,,,,,,,,,,,,,,,,,12.3,12.3,15.4,13.33,9.0,1.55,8.0,0.6,4.81,8.7,8.7,7.19,9.0,3.93,8.0,0.6,-13.41,-8.7,-8.7,-10.31,9.0,3.04,8.0,0.6,1013.17,1021.85,1023.01,1018.48,6.0,7.28,8.0,0.7,,,,,,,,,,,,,,,,,,,,,,,,,,,,,,,,,,,,,,,,,,,,,,,,,,,,,,,,,,,,,,,,,,,,,,,,,,,,,,,,,,,,,,,,,,,,,,,,,,,,,,,,,,,,,,,,,,,,,,,,,,,,,,,,
1891,8,22700,-47.30000000000001,-29.8,,,,,,,,,,,,,,,,,,,,,,,,,,,,,,,,,,,,,,,,,,,,,,,,,,,,,,,,,,,,,,,,,,,,,,,,,,,,,,,,,,,,,,,,,,,,,,,,,,,,,,,,,,,,,,,,,,,,,,,,,,,,,,,,,,,,,,,,,,,,,,,,,,,,,,,,,,,,,,,,,0.0,0.0,0.0,0.0,2.0,0.0,12.0,0.0,0.0,0.0,0.0,0.0,2.0,0.0,12.0,0.0,0.0,17.5,107.0,76.0,7.0,108.0,18.0,0.4,0.0,20.0,105.0,75.0,7.0,110.0,18.0,0.4
1891,8,22700,-47.30000000000001,40.5,,,,,,,,,,,,,,,,,,,,,,,,,,,,,,,,,2.6,2.6,4.6,4.22,6.0,3.96,12.0,0.5,2.38,2.4,2.45,2.43,6.0,0.09,12.0,0.5,-0.97,0.51,3.3,2.03,6.0,5.0,12.0,0.5,1015.69,1017.5,1018.21,1017.08,6.0,1.63,12.0,0.5,,,,,,,,,,,,,,,,,,,,,,,,,,,,,,,,,,,,,,,,,,,,,,,,,,,,,,,,,,,,,,,,,,,,,,,,,,,,,,,,,,,,,,,,,,,,,,,,,,,,,,,,,,,,,,,,,,,,,,,,,,,,,,,,
1891,8,22700,-47.30000000000001,42.3,,,,,,,,,,,,,,,,,,,,,,,,,,,,,,,,,2.6,6.7,6.7,5.17,30.0,2.63,12.0,0.5,-3.45,0.93,4.74,0.92,30.0,3.63,12.0,0.5,-4.74,-0.37,5.55,0.27,30.0,4.52,12.0,0.5,1017.0,1018.1,1022.27,1019.24,17.0,2.38,10.0,0.4,,,,,,,,,,,,,,,,,,,,,,,,,,,,,,,,,,,,,,,,,,,,,,,,,,,,,,,,,,,,,,,,,,,,,,,,,,,,,,,,,,,,,,,,,,,,,,,,,,,,,,,,,,,,,,,,,,,,,,,,,,,,,,,,
1891,8,22700,-47.19999999999999,-31.3,18.37,18.8,19.05,18.76,12.0,0.36,18.0,0.3,16.11,17.3,19.32,17.69,17.0,1.81,20.0,0.5,9.64,9.95,10.27,9.95,2.0,0.65,12.0,0.5,74.5,76.1,77.6,76.1,2.0,3.2,12.0,0.5,1.35,4.6,11.63,7.4,15.0,7.73,18.0,0.4,-4.71,-3.25,0.73,-1.17,15.0,6.26,18.0,0.4,-10.33,-3.25,0.77,-4.45,15.0,7.52,18.0,0.4,1011.79,1023.7,1027.14,1020.88,16.0,8.24,20.0,0.4,0.5,4.0,7.5,3.8,17.0,3.0,20.0,0.5,74.5,76.1,77.6,76.1,2.0,3.2,12.0,0.5,-51.1,-15.0,0.7,7.4,15.0,147.0,18.0,0.4,-122.7,-15.0,1.9,-81.5,15.0,171.1,18.0,0.4,0.95,1.75,3.43,1.82,12.0,1.49,18.0,0.3,1.7,5.8,11.2,6.9,12.0,6.8,18.0,0.3,2.87,3.4,3.94,3.4,2.0,1.11,12.0,0.5,4.6,5.5,6.4,5.5,2.0,1.8,12.0,0.5,-83.2,-54.6,12.7,-17.2,15.0,127.0,18.0,0.4,-183.7,-55.3,14.9,-88.0,15.0,150.9,18.0,0.4,11.5,17.2,22.8,17.2,2.0,11.7,12.0,0.5,4.2,6.3,8.3,6.3,2.0,4.3,12.0,0.5,,,,,,,,,,,,,,,,,,,,,,,,,,,,,,,,
1891,8,22700,-47.19999999999999,-27.7,,,,,,,,,,,,,,,,,,,,,,,,,,,,,,,,,1.0,1.8,3.65,2.3,4.0,1.71,18.0,0.0,-3.39,-1.7,-0.87,-2.11,4.0,1.63,18.0,0.0,-0.55,0.32,1.18,0.32,4.0,1.13,18.0,0.0,1015.64,1022.2,1028.5,1022.08,4.0,7.42,18.0,0.0,,,,,,,,,,,,,,,,,,,,,,,,,,,,,,,,,,,,,,,,,,,,,,,,,,,,,,,,,,,,,,,,,,,,,,,,,,,,,,,,,,,,,,,,,,,,,,,,,,,,,,,,,,,,,,,,,,,,,,,,,,,,,,,,
1891,8,22700,-47.19999999999999,18.3,,,,,,,,,,,,,,,,,,,,,,,,,,,,,,,,,1.0,1.0,1.0,1.0,1.0,0.0,20.0,0.0,-0.93,-0.93,-0.93,-0.93,1.0,0.0,20.0,0.0,-0.37,-0.37,-0.37,-0.37,1.0,0.0,20.0,0.0,1014.2,1014.2,1014.2,1014.2,1.0,0.0,20.0,0.0,,,,,,,,,,,,,,,,,,,,,,,,,,,,,,,,,,,,,,,,,,,,,,,,,,,,,,,,,,,,,,,,,,,,,,,,,,,,,,,,,,,,,,,,,,,,,,,,,,,,,,,,,,,,,,,,,,,,,,,,,,,,,,,,
1891,8,22700,-45.80000000000001,-29.2,,,,,,,,,,,,,,,,,,,,,,,,,,,,,,,,,,,,,,,,,,,,,,,,,,,,,,,,,,,,,,,,,,,,,,,,,,,,,,,,,,,,,,,,,,,,,,,,,,,,,,,,,,,,,,,,,,,,,,,,,,,,,,,,,,,,,,,,,,,,,,,,,,,,,,,,,,,,,,,,,-8.5,-6.3,-4.1,-6.3,2.0,4.6,12.0,1.0,0.0,0.0,0.0,0.0,2.0,0.0,12.0,1.0,1.0,552.5,1861.0,986.0,20.0,1277.5,14.0,0.6,0.0,555.0,1860.0,985.0,20.0,1280.0,14.0,0.6
1891,8,22700,-45.69999999999999,50.2,,,,,,,,,,,,,,,,,,,,,,,,,,,,,,,,,9.3,9.3,9.3,9.3,2.0,0.0,28.0,1.0,7.69,8.24,8.8,8.24,2.0,1.16,28.0,1.0,-5.04,-3.84,-2.65,-3.84,2.0,2.48,28.0,1.0,1012.38,1013.4,1014.42,1013.4,2.0,2.12,28.0,1.0,,,,,,,,,,,,,,,,,,,,,,,,,,,,,,,,,,,,,,,,,,,,,,,,,,,,,,,,,,,,,,,,,,,,,,,,,,,,,,,,,,,,,,,,,,,,,,,,,,,,,,,,,,,,,,,,,,,,,,,,,,,,,,,,
1891,8,22700,-45.69999999999999,54.4,,,,,,,,,,,,,,,,,,,,,,,,,,,,,,,,,4.93,5.65,6.37,5.65,2.0,1.48,28.0,0.0,-0.17,0.48,1.12,0.48,2.0,1.34,28.0,0.0,4.74,5.53,6.32,5.53,2.0,1.63,28.0,0.0,1013.25,1013.35,1013.45,1013.35,2.0,0.21,28.0,0.0,,,,,,,,,,,,,,,,,,,,,,,,,,,,,,,,,,,,,,,,,,,,,,,,,,,,,,,,,,,,,,,,,,,,,,,,,,,,,,,,,,,,,,,,,,,,,,,,,,,,,,,,,,,,,,,,,,,,,,,,,,,,,,,,
1891,8,22700,-45.60000000000002,14.4,,,,,,,,,,,,,,,,,,,,,,,,,,,,,,,,,6.7,8.0,9.3,8.0,12.0,1.36,6.0,0.8,-8.62,-7.21,-6.21,-7.29,12.0,1.15,6.0,0.8,-4.12,-3.48,-1.87,-2.97,12.0,1.65,6.0,0.8,1014.77,1015.85,1016.51,1015.65,4.0,1.11,16.0,0.8,,,,,,,,,,,,,,,,,,,,,,,,,,,,,,,,,,,,,,,,,,,,,,,,,,,,,,,,,,,,,,,,,,,,,,,,,,,,,,,,,,,,,,,,,,,,,,,,,,,,,,,,,,,,,,,,,,,,,,,,,,,,,,,,
1891,8,22700,-45.5,18.5,,,,,,,,,,,,,,,,,,,,,,,,,,,,,,,,,1.0,4.6,4.6,3.06,7.0,1.92,16.0,0.3,-4.27,-4.27,-0.93,-2.83,7.0,1.78,16.0,0.3,-1.72,-1.72,-0.37,-1.15,7.0,0.72,16.0,0.3,1014.19,1015.3,1016.21,1015.0,7.0,1.47,16.0,0.3,,,,,,,,,,,,,,,,,,,,,,,,,,,,,,,,,,,,,,,,,,,,,,,,,,,,,,,,,,,,,,,,,,,,,,,,,,,,,,,,,,,,,,,,,,,,,,,,,,,,,,,,,,,,,,,,,,,,,,,,,,,,,,,,
1891,8,22700,-45.5,40.5,,,,,,,,,,,,,,,,,,,,,,,,,,,,,,,,,0.63,2.6,2.6,1.76,5.0,1.2,16.0,0.6,-1.32,-0.93,0.37,-0.55,5.0,1.09,16.0,0.6,-2.04,0.0,1.11,-0.29,5.0,1.91,16.0,0.6,1020.0,1021.0,1022.0,1021.0,5.0,1.0,16.0,0.6,,,,,,,,,,,,,,,,,,,,,,,,,,,,,,,,,,,,,,,,,,,,,,,,,,,,,,,,,,,,,,,,,,,,,,,,,,,,,,,,,,,,,,,,,,,,,,,,,,,,,,,,,,,,,,,,,,,,,,,,,,,,,,,,
1891,8,22700,-45.5,44.5,,,,,,,,,,,,,,,,,,,,,,,,,,,,,,,,,1.0,2.6,9.53,4.56,17.0,4.01,12.0,0.4,-2.21,0.71,3.91,1.07,17.0,3.19,12.0,0.4,-0.59,0.92,7.98,2.9,17.0,4.23,12.0,0.4,1010.81,1015.3,1018.4,1014.3,9.0,4.2,10.0,0.2,0.0,6.0,8.0,4.6,17.0,3.4,12.0,0.4,98.7,98.7,98.7,98.7,1.0,0.0,12.0,0.0,-6.8,0.7,21.9,7.4,17.0,31.9,12.0,0.4,-0.7,0.9,76.4,27.7,17.0,47.0,12.0,0.4,-1.97,-1.1,0.94,-0.59,14.0,2.26,12.0,0.4,-14.5,-3.4,0.9,-7.3,14.0,15.9,12.0,0.4,0.15,0.15,0.15,0.15,1.0,0.0,12.0,0.0,0.2,0.2,0.2,0.2,1.0,0.0,12.0,0.0,0.0,13.2,79.7,24.9,15.0,53.9,12.0,0.5,-8.6,29.4,136.7,63.8,15.0,78.0,12.0,0.5,9.8,9.8,9.8,9.8,1.0,0.0,12.0,0.0,6.9,6.9,6.9,6.9,1.0,0.0,12.0,0.0,,,,,,,,,,,,,,,,,,,,,,,,,,,,,,,,
1891,8,22700,-45.5,44.6,13.44,15.85,19.62,16.13,16.0,2.8,12.0,0.4,13.13,16.2,21.88,17.24,15.0,3.93,12.0,0.5,11.99,11.99,11.99,11.99,1.0,0.0,12.0,0.0,98.7,98.7,98.7,98.7,1.0,0.0,12.0,0.0,,,,,,,,,,,,,,,,,,,,,,,,,,,,,,,,,,,,,,,,,,,,,,,,,,,,,,,,,,,,,,,,,,,,,,,,,,,,,,,,,,,,,,,,,,,,,,,,,,,,,,,,,,,,,,,,,,,,,,,,,,,,,,,,,,,,,,,,,,,,,,,,,,,,,,,,,,,,,,,,
1891,8,22700,-45.5,46.3,,,,,,,,,,,,,,,,,,,,,,,,,,,,,,,,,2.73,6.7,9.77,7.54,14.0,4.21,16.0,0.4,1.31,2.57,5.48,2.72,14.0,5.06,16.0,0.4,-1.79,5.52,7.37,3.83,14.0,5.45,16.0,0.4,1008.31,1013.3,1022.56,1015.07,11.0,6.95,16.0,0.4,,,,,,,,,,,,,,,,,,,,,,,,,,,,,,,,,,,,,,,,,,,,,,,,,,,,,,,,,,,,,,,,,,,,,,,,,,,,,,,,,,,,,,,,,,,,,,,,,,,,,,,,,,,,,,,,,,,,,,,,,,,,,,,,
1891,8,22700,-45.5,48.3,10.42,11.1,13.31,11.92,5.0,2.41,18.0,0.6,10.73,11.1,14.41,12.46,5.0,2.82,18.0,0.6,7.63,7.63,7.63,7.63,1.0,0.0,28.0,0.0,100.0,100.0,100.0,100.0,1.0,0.0,28.0,0.0,2.6,4.6,9.48,5.78,5.0,3.54,18.0,0.6,-2.65,0.88,4.17,0.72,5.0,6.03,18.0,0.6,-2.36,2.55,4.87,1.53,5.0,3.78,18.0,0.6,1016.2,1016.2,1016.2,1016.2,1.0,0.0,28.0,0.0,2.3,8.0,8.0,5.6,5.0,3.4,18.0,0.6,100.0,100.0,100.0,100.0,1.0,0.0,28.0,0.0,-28.3,3.8,32.8,2.4,5.0,57.4,18.0,0.6,-12.8,6.6,32.8,10.0,5.0,29.7,18.0,0.6,-1.32,-0.5,0.22,-0.54,5.0,0.9,18.0,0.6,-6.7,-1.3,1.0,-2.7,5.0,5.2,18.0,0.6,0.0,0.0,0.0,0.0,1.0,0.0,28.0,0.0,0.0,0.0,0.0,0.0,1.0,0.0,28.0,0.0,-47.5,9.7,44.6,-3.2,5.0,83.7,18.0,0.6,-27.5,28.3,66.2,23.5,5.0,52.3,18.0,0.6,67.9,67.9,67.9,67.9,1.0,0.0,28.0,0.0,-20.8,-20.8,-20.8,-20.8,1.0,0.0,28.0,0.0,0.0,0.0,0.0,0.0,1.0,0.0,28.0,0.0,0.0,0.0,0.0,0.0,1.0,0.0,28.0,0.0,17.5,97.5,854.5,375.5,5.0,457.5,18.0,0.6,20.0,95.0,855.0,375.0,5.0,460.0,18.0,0.6
1891,8,22700,-45.39999999999998,-29.2,,,,,,,,,,,,,,,,,,,,,,,,,,,,,,,,,1.0,8.0,12.3,7.33,20.0,5.31,14.0,0.6,-9.29,-2.93,0.0,-3.93,20.0,5.41,14.0,0.6,-9.29,0.0,4.71,-1.73,20.0,6.01,14.0,0.6,1009.15,1015.2,1018.57,1014.98,21.0,5.5,14.0,0.6,3.5,7.0,8.0,6.1,21.0,2.4,14.0,0.6,76.6,77.6,78.6,77.6,2.0,2.0,12.0,1.0,-107.0,-10.9,0.0,-48.8,20.0,71.8,14.0,0.6,-106.8,0.0,31.5,-29.8,20.0,70.7,14.0,0.6,,,,,,,,,,,,,,,,,,,,,,,,,,,,,,,,,-182.1,-56.0,0.0,-78.5,20.0,105.5,14.0,0.6,-176.6,0.0,80.7,-35.0,20.0,117.6,14.0,0.6,-24.7,-18.9,-13.2,-18.9,2.0,11.8,12.0,1.0,0.0,0.0,0.0,0.0,2.0,0.0,12.0,1.0,,,,,,,,,,,,,,,,,,,,,,,,,,,,,,,,
1891,8,22700,-45.39999999999998,-29.1,19.04,21.1,21.86,20.53,15.0,1.51,8.0,0.6,18.92,19.5,20.0,19.42,21.0,0.78,14.0,0.6,10.52,10.55,10.58,10.55,2.0,0.06,12.0,1.0,76.6,77.6,78.6,77.6,2.0,2.0,12.0,1.0,,,,,,,,,,,,,,,,,,,,,,,,,,,,,,,,,,,,,,,,,,,,,,,,,,,,,,,,,,,,,,,,,-0.17,1.2,2.13,1.13,15.0,1.1,8.0,0.6,-0.3,1.9,15.4,6.2,14.0,11.7,8.0,0.6,3.17,3.37,3.57,3.37,2.0,0.41,12.0,1.0,4.1,6.3,8.5,6.3,2.0,4.6,12.0,1.0,,,,,,,,,,,,,,,,,,,,,,,,,,,,,,,,,,,,,,,,,,,,,,,,,,,,,,,,,,,,,,,,
1891,8,22700,-45.39999999999998,42.4,,,,,,,,,,,,,,,,,,,,,,,,,,,,,,,,,2.6,4.6,6.7,4.39,26.0,2.76,14.0,0.5,-3.28,-1.82,0.74,-1.53,26.0,2.82,14.0,0.5,-3.25,-0.55,4.24,-0.06,26.0,4.16,14.0,0.5,1020.9,1021.0,1025.05,1021.95,13.0,2.79,12.0,0.5,,,,,,,,,,,,,,,,,,,,,,,,,,,,,,,,,,,,,,,,,,,,,,,,,,,,,,,,,,,,,,,,,,,,,,,,,,,,,,,,,,,,,,,,,,,,,,,,,,,,,,,,,,,,,,,,,,,,,,,,,,,,,,,,
1891,8,22700,-45.39999999999998,44.6,,,,,,,,,,,,,,,,,,,,,,,,,,,,,,,,,,,,,,,,,,,,,,,,,,,,,,,,,,,,,,,,,,,,,,,,,,,,,,,,,,,,,,,,,,,,,,,,,,,,,,,,,,,,,,,,,,,,,,,,,,,,,,,,,,,,,,,,,,,,,,,,,,,,,,,,,,,,,,,,,0.1,0.1,0.1,0.1,1.0,0.0,12.0,0.0,0.1,0.1,0.1,0.1,1.0,0.0,12.0,0.0,1.0,17.5,867.5,356.0,17.0,633.0,12.0,0.4,0.0,20.0,865.0,355.0,17.0,635.0,12.0,0.4
1891,8,22700,-45.30000000000001,-51.0,,,,,,,,,,,,,,,,,,,,,,,,,,,,,,,,,5.27,6.7,6.7,6.0,3.0,1.21,16.0,0.3,3.72,4.74,4.74,4.24,3.0,0.86,16.0,0.3,3.72,4.74,4.74,4.24,3.0,0.86,16.0,0.3,1006.26,1007.9,1009.06,1007.67,3.0,2.06,16.0,0.3,,,,,,,,,,,,,,,,,,,,,,,,,,,,,,,,,,,,,,,,,,,,,,,,,,,,,,,,,,,,,,,,,,,,,,,,,,,,,,,,,,,,,,,,,,,,,,,,,,,,,,,,,,,,,,,,,,,,,,,,,,,,,,,,
1891,8,22700,-45.30000000000001,-47.1,,,,,,,,,,,,,,,,,,,,,,,,,,,,,,,,,6.7,9.3,12.3,9.26,9.0,3.49,10.0,0.7,4.37,6.7,9.14,7.01,9.0,2.53,10.0,0.7,-8.7,-4.74,0.0,-4.71,9.0,4.69,10.0,0.7,1008.66,1009.5,1023.49,1014.0,6.0,7.7,12.0,0.5,,,,,,,,,,,,,,,,,,,,,,,,,,,,,,,,,,,,,,,,,,,,,,,,,,,,,,,,,,,,,,,,,,,,,,,,,,,,,,,,,,,,,,,,,,,,,,,,,,,,,,,,,,,,,,,,,,,,,,,,,,,,,,,,
1891,8,22700,-45.30000000000001,-31.2,,,,,,,,,,,,,,,,,,,,,,,,,,,,,,,,,2.85,6.7,6.7,5.64,27.0,2.52,16.0,0.5,-4.56,0.0,6.17,0.61,27.0,4.33,16.0,0.5,-2.34,0.0,4.72,0.72,27.0,4.44,16.0,0.5,1019.26,1024.7,1029.1,1024.13,27.0,5.28,16.0,0.5,,,,,,,,,,,,,,,,,,,,,,,,,,,,,,,,,,,,,,,,,,,,,,,,,,,,,,,,,,,,,,,,,,,,,,,,,,,,,,,,,,,,,,,,,,,,,,,,,,,,,,,,,,,,,,,,,,,,,,,,,,,,,,,,
1891,8,22700,-45.30000000000001,-27.7,,,,,,,,,,,,,,,,,,,,,,,,,,,,,,,,,,,,,,,,,,,,,,,,,,,,,,,,,,,,,,,,,,,,,,,,,,,,,,,,,,,,,,,,,,,,,,,,,,,,,,,,,,,,,,,,,,,,,,,,,,,,,,,,,,,,,,,,,,,,,,,,,,,,,,,,,,,,,,,,,-17.3,-15.7,-14.1,-15.7,2.0,3.2,12.0,0.5,5.5,6.2,6.9,6.2,2.0,1.5,12.0,0.5,97.5,804.5,1861.0,1125.0,12.0,1107.5,8.0,0.7,95.0,805.0,1860.0,1125.0,12.0,1110.0,8.0,0.7
1891,8,22700,-45.30000000000001,-27.4,20.27,21.7,22.28,21.37,12.0,1.01,8.0,0.7,19.47,21.2,21.93,21.16,12.0,1.81,8.0,0.7,10.63,10.83,11.04,10.83,2.0,0.43,12.0,0.5,79.8,81.4,83.0,81.4,2.0,3.3,12.0,0.5,4.6,9.3,12.3,8.82,12.0,4.42,8.0,0.7,-6.61,-1.82,8.7,-0.28,12.0,6.49,8.0,0.7,-0.06,5.59,9.61,5.65,12.0,5.23,8.0,0.7,1006.45,1013.0,1024.64,1014.22,12.0,8.18,8.0,0.7,2.0,3.0,5.3,3.4,12.0,1.6,8.0,0.7,79.8,81.4,83.0,81.4,2.0,3.3,12.0,0.5,-44.9,-9.8,107.0,10.8,12.0,68.0,8.0,0.7,-0.4,58.9,118.2,67.7,12.0,74.1,8.0,0.7,-0.25,0.45,1.3,0.21,12.0,1.51,8.0,0.7,0.0,5.6,13.2,5.4,12.0,6.8,8.0,0.7,3.3,3.67,4.04,3.67,2.0,0.77,12.0,0.5,15.2,16.9,18.6,16.9,2.0,3.5,12.0,0.5,-135.2,-39.8,181.1,-4.4,12.0,136.5,8.0,0.7,-1.2,121.9,206.1,119.1,12.0,110.3,8.0,0.7,-47.4,-46.4,-45.4,-46.4,2.0,2.0,12.0,0.5,18.2,18.3,18.3,18.3,2.0,0.1,12.0,0.5,,,,,,,,,,,,,,,,,,,,,,,,,,,,,,,,
1891,8,22700,-45.30000000000001,12.2,,,,,,,,,,,,,,,,,,,,,,,,,,,,,,,,,6.7,6.7,8.06,7.35,4.0,1.3,4.0,0.0,-6.29,-4.74,-4.74,-5.48,4.0,1.49,4.0,0.0,-4.98,-4.74,-4.74,-4.85,4.0,0.23,4.0,0.0,1015.41,1016.3,1016.64,1016.03,3.0,0.93,4.0,0.0,,,,,,,,,,,,,,,,,,,,,,,,,,,,,,,,,,,,,,,,,,,,,,,,,,,,,,,,,,,,,,,,,,,,,,,,,,,,,,,,,,,,,,,,,,,,,,,,,,,,,,,,,,,,,,,,,,,,,,,,,,,,,,,,
1891,8,22700,-45.19999999999999,-25.3,,,,,,,,,,,,,,,,,,,,,,,,,,,,,,,,,2.6,4.6,6.7,4.53,10.0,2.49,10.0,0.5,-0.61,2.81,5.73,2.34,10.0,3.44,10.0,0.5,-1.79,0.0,3.47,0.62,10.0,3.27,10.0,0.5,1014.54,1015.55,1022.89,1017.61,10.0,4.38,6.0,0.5,,,,,,,,,,,,,,,,,,,,,,,,,,,,,,,,,,,,,,,,,,,,,,,,,,,,,,,,,,,,,,,,,,,,,,,,,,,,,,,,,,,,,,,,,,,,,,,,,,,,,,,,,,,,,,,,,,,,,,,,,,,,,,,,
1891,8,22700,-45.19999999999999,16.3,,,,,,,,,,,,,,,,,,,,,,,,,,,,,,,,,4.6,4.6,7.24,5.73,6.0,1.94,16.0,0.2,-6.71,-4.23,-4.23,-5.3,6.0,1.81,16.0,0.2,-2.71,-1.8,-1.8,-2.2,6.0,0.69,16.0,0.2,1015.04,1016.0,1016.82,1015.93,6.0,0.86,16.0,0.2,,,,,,,,,,,,,,,,,,,,,,,,,,,,,,,,,,,,,,,,,,,,,,,,,,,,,,,,,,,,,,,,,,,,,,,,,,,,,,,,,,,,,,,,,,,,,,,,,,,,,,,,,,,,,,,,,,,,,,,,,,,,,,,,
1891,8,22700,-45.19999999999999,20.3,,,,,,,,,,,,,,,,,,,,,,,,,,,,,,,,,1.9,3.85,5.8,3.85,2.0,4.03,16.0,1.0,-5.37,-3.57,-1.77,-3.57,2.0,3.74,16.0,1.0,-2.17,-1.44,-0.71,-1.44,2.0,1.51,16.0,1.0,1015.82,1015.85,1015.88,1015.85,2.0,0.07,16.0,1.0,,,,,,,,,,,,,,,,,,,,,,,,,,,,,,,,,,,,,,,,,,,,,,,,,,,,,,,,,,,,,,,,,,,,,,,,,,,,,,,,,,,,,,,,,,,,,,,,,,,,,,,,,,,,,,,,,,,,,,,,,,,,,,,,
1891,8,22700,-45.0,-45.5,,,,,,,,,,,,,,,,,,,,,,,,,,,,,,,,,9.3,9.3,11.35,10.3,3.0,1.73,8.0,0.3,6.58,6.58,8.02,7.28,3.0,1.22,8.0,0.3,-8.02,-6.58,-6.58,-7.28,3.0,1.22,8.0,0.3,1024.8,1024.8,1024.8,1024.8,1.0,0.0,8.0,1.0,,,,,,,,,,,,,,,,,,,,,,,,,,,,,,,,,,,,,,,,,,,,,,,,,,,,,,,,,,,,,,,,,,,,,,,,,,,,,,,,,,,,,,,,,,,,,,,,,,,,,,,,,,,,,,,,,,,,,,,,,,,,,,,,
1891,8,22700,-45.0,10.5,,,,,,,,,,,,,,,,,,,,,,,,,,,,,,,,,6.7,6.7,6.7,6.7,2.0,0.0,4.0,1.0,-4.74,-4.74,-4.74,-4.74,2.0,0.0,4.0,1.0,-4.74,-4.74,-4.74,-4.74,2.0,0.0,4.0,1.0,1014.87,1015.45,1016.03,1015.45,2.0,1.2,4.0,1.0,,,,,,,,,,,,,,,,,,,,,,,,,,,,,,,,,,,,,,,,,,,,,,,,,,,,,,,,,,,,,,,,,,,,,,,,,,,,,,,,,,,,,,,,,,,,,,,,,,,,,,,,,,,,,,,,,,,,,,,,,,,,,,,,
1891,8,22700,-43.80000000000001,14.4,,,,,,,,,,,,,,,,,,,,,,,,,,,,,,,,,7.11,8.0,8.89,8.0,2.0,1.84,8.0,0.0,-8.01,-6.68,-5.35,-6.68,2.0,2.75,8.0,0.0,-4.54,-4.11,-3.68,-4.11,2.0,0.89,8.0,0.0,1014.7,1014.7,1014.7,1014.7,1.0,0.0,16.0,0.0,,,,,,,,,,,,,,,,,,,,,,,,,,,,,,,,,,,,,,,,,,,,,,,,,,,,,,,,,,,,,,,,,,,,,,,,,,,,,,,,,,,,,,,,,,,,,,,,,,,,,,,,,,,,,,,,,,,,,,,,,,,,,,,,
1891,8,22700,-43.69999999999999,-51.2,,,,,,,,,,,,,,,,,,,,,,,,,,,,,,,,,6.7,6.7,6.7,6.7,1.0,0.0,16.0,1.0,4.74,4.74,4.74,4.74,1.0,0.0,16.0,1.0,4.74,4.74,4.74,4.74,1.0,0.0,16.0,1.0,1010.4,1010.4,1010.4,1010.4,1.0,0.0,16.0,1.0,,,,,,,,,,,,,,,,,,,,,,,,,,,,,,,,,,,,,,,,,,,,,,,,,,,,,,,,,,,,,,,,,,,,,,,,,,,,,,,,,,,,,,,,,,,,,,,,,,,,,,,,,,,,,,,,,,,,,,,,,,,,,,,,
1891,8,22700,-43.69999999999999,-27.1,,,,,,,,,,,,,,,,,,,,,,,,,,,,,,,,,,,,,,,,,,,,,,,,,,,,,,,,,,,,,,,,,,,,,,,,,,,,,,,,,,,,,,,,,,,,,,,,,,,,,,,,,,,,,,,,,,,,,,,,,,,,,,,,,,,,,,,,,,,,,,,,,,,,,,,,,,,,,,,,,-20.9,-18.6,-16.3,-18.6,2.0,4.7,14.0,0.0,5.9,6.6,7.3,6.6,2.0,1.4,14.0,0.0,97.5,301.0,804.5,621.0,16.0,933.5,20.0,0.4,95.0,300.0,805.0,620.0,16.0,935.0,20.0,0.4
1891,8,22700,-43.69999999999999,50.6,,,,,,,,,,,,,,,,,,,,,,,,,,,,,,,,,4.93,5.65,6.37,5.65,2.0,1.48,28.0,0.5,-3.0,-1.4,0.21,-1.4,2.0,3.33,28.0,0.5,4.67,5.03,5.39,5.03,2.0,0.75,28.0,0.5,1009.27,1009.65,1010.03,1009.65,2.0,0.78,28.0,0.5,,,,,,,,,,,,,,,,,,,,,,,,,,,,,,,,,,,,,,,,,,,,,,,,,,,,,,,,,,,,,,,,,,,,,,,,,,,,,,,,,,,,,,,,,,,,,,,,,,,,,,,,,,,,,,,,,,,,,,,,,,,,,,,,
1891,8,22700,-43.69999999999999,54.7,,,,,,,,,,,,,,,,,,,,,,,,,,,,,,,,,4.6,4.6,4.6,4.6,2.0,0.0,26.0,0.5,3.13,3.51,3.89,3.51,2.0,0.78,26.0,0.5,2.38,2.84,3.31,2.84,2.0,0.96,26.0,0.5,1016.53,1017.25,1017.97,1017.25,2.0,1.48,26.0,0.5,,,,,,,,,,,,,,,,,,,,,,,,,,,,,,,,,,,,,,,,,,,,,,,,,,,,,,,,,,,,,,,,,,,,,,,,,,,,,,,,,,,,,,,,,,,,,,,,,,,,,,,,,,,,,,,,,,,,,,,,,,,,,,,,
1891,8,22700,-43.60000000000002,20.6,,,,,,,,,,,,,,,,,,,,,,,,,,,,,,,,,2.02,6.7,6.7,4.74,5.0,2.74,16.0,0.6,-6.21,-6.21,-1.87,-4.39,5.0,2.54,16.0,0.6,-2.51,-2.51,-0.76,-1.78,5.0,1.03,16.0,0.6,1016.2,1016.3,1017.63,1016.9,5.0,1.16,16.0,0.6,,,,,,,,,,,,,,,,,,,,,,,,,,,,,,,,,,,,,,,,,,,,,,,,,,,,,,,,,,,,,,,,,,,,,,,,,,,,,,,,,,,,,,,,,,,,,,,,,,,,,,,,,,,,,,,,,,,,,,,,,,,,,,,,
1891,8,22700,-43.60000000000002,44.8,,,,,,,,,,,,,,,,,,,,,,,,,,,,,,,,,,,,,,,,,,,,,,,,,,,,,,,,,,,,,,,,,,,,,,,,,,,,,,,,,,,,,,,,,,,,,,,,,,,,,,,,,,,,,,,,,,,,,,,,,,,,,,,,,,,,,,,,,,,,,,,,,,,,,,,,,,,,,,,,,7.0,8.0,9.1,8.0,2.0,2.2,12.0,1.0,-1.4,-1.3,-1.1,-1.3,2.0,0.3,12.0,1.0,17.5,301.0,804.5,312.0,17.0,322.5,10.0,0.4,20.0,300.0,805.0,310.0,17.0,325.0,10.0,0.4
1891,8,22700,-43.60000000000002,48.4,,,,,,,,,,,,,,,,,,,,,,,,,,,,,,,,,,,,,,,,,,,,,,,,,,,,,,,,,,,,,,,,,,,,,,,,,,,,,,,,,,,,,,,,,,,,,,,,,,,,,,,,,,,,,,,,,,,,,,,,,,,,,,,,,,,,,,,,,,,,,,,,,,,,,,,,,,,,,,,,,1.3,4.2,7.0,4.2,2.0,5.9,28.0,1.0,0.1,0.4,0.6,0.4,2.0,0.5,28.0,1.0,81.0,301.0,1022.5,563.5,6.0,692.0,22.0,0.8,80.0,300.0,1025.0,565.0,6.0,690.0,22.0,0.8
1891,8,22700,-43.5,-25.4,20.41,21.1,21.76,21.03,6.0,0.86,20.0,0.5,19.84,20.8,23.1,20.87,7.0,2.19,20.0,0.6,12.13,12.28,12.44,12.28,2.0,0.32,14.0,1.0,83.1,83.4,83.8,83.4,2.0,0.7,14.0,1.0,,,,,,,,,,,,,,,,,,,,,,,,,,,,,,,,,,,,,,,,,,,,,,,,,,,,,,,,,,,,,,,,,-0.23,0.3,1.17,0.53,6.0,1.37,20.0,0.5,-2.1,2.0,9.5,4.4,6.0,12.7,20.0,0.5,2.94,3.07,3.21,3.07,2.0,0.27,14.0,1.0,19.7,20.6,21.5,20.6,2.0,1.8,14.0,1.0,,,,,,,,,,,,,,,,,,,,,,,,,,,,,,,,,,,,,,,,,,,,,,,,,,,,,,,,,,,,,,,,
1891,8,22700,-43.5,46.5,,,,,,,,,,,,,,,,,,,,,,,,,,,,,,,,,2.6,4.6,7.49,5.69,18.0,3.58,14.0,0.6,-0.79,2.57,4.64,2.31,18.0,3.64,14.0,0.6,-0.15,2.55,6.75,2.93,18.0,4.37,14.0,0.6,1006.24,1012.35,1020.21,1012.93,12.0,8.52,16.0,0.7,,,,,,,,,,,,,,,,,,,,,,,,,,,,,,,,,,,,,,,,,,,,,,,,,,,,,,,,,,,,,,,,,,,,,,,,,,,,,,,,,,,,,,,,,,,,,,,,,,,,,,,,,,,,,,,,,,,,,,,,,,,,,,,,
1891,8,22700,-43.39999999999998,-25.4,,,,,,,,,,,,,,,,,,,,,,,,,,,,,,,,,6.7,6.7,9.3,7.68,8.0,1.35,22.0,0.5,-6.3,-5.91,2.65,-3.3,8.0,5.06,22.0,0.5,-6.3,-2.99,3.13,-1.59,8.0,5.31,22.0,0.5,1015.48,1016.3,1024.52,1019.4,7.0,4.76,22.0,0.4,1.1,2.0,3.9,2.4,8.0,1.6,22.0,0.5,83.1,83.4,83.8,83.4,2.0,0.7,14.0,1.0,-42.2,-39.6,26.1,-21.1,8.0,41.8,22.0,0.5,-57.4,-20.0,21.0,-13.2,8.0,46.8,22.0,0.5,,,,,,,,,,,,,,,,,,,,,,,,,,,,,,,,,-132.7,-117.2,84.7,-65.0,7.0,108.0,20.0,0.6,-154.1,-63.0,67.5,-39.0,7.0,118.3,20.0,0.6,-77.9,-75.0,-72.0,-75.0,2.0,6.1,14.0,1.0,29.2,33.2,37.3,33.2,2.0,8.4,14.0,1.0,,,,,,,,,,,,,,,,,,,,,,,,,,,,,,,,
1891,8,22700,-43.39999999999998,42.5,,,,,,,,,,,,,,,,,,,,,,,,,,,,,,,,,4.6,6.7,9.3,6.39,19.0,2.0,16.0,0.6,-5.0,-3.48,0.25,-2.89,19.0,3.44,16.0,0.6,-0.26,4.27,6.98,2.57,19.0,4.41,16.0,0.6,1021.0,1022.0,1024.45,1022.37,12.0,1.76,14.0,0.6,,,,,,,,,,,,,,,,,,,,,,,,,,,,,,,,,,,,,,,,,,,,,,,,,,,,,,,,,,,,,,,,,,,,,,,,,,,,,,,,,,,,,,,,,,,,,,,,,,,,,,,,,,,,,,,,,,,,,,,,,,,,,,,,
1891,8,22700,-43.39999999999998,44.4,,,,,,,,,,,,,,,,,,,,,,,,,,,,,,,,,2.6,6.7,9.3,5.79,17.0,2.7,10.0,0.4,-4.2,0.0,3.24,-0.88,17.0,3.98,10.0,0.4,-0.84,4.27,6.08,3.02,17.0,4.07,10.0,0.4,1010.53,1015.1,1018.91,1014.9,8.0,3.98,12.0,0.6,2.5,6.0,7.0,4.9,17.0,2.5,10.0,0.4,89.8,91.7,93.6,91.7,2.0,4.0,12.0,1.0,-28.2,0.0,13.2,-9.5,17.0,31.4,10.0,0.4,-2.9,21.2,40.8,24.1,17.0,32.2,10.0,0.4,,,,,,,,,,,,,,,,,,,,,,,,,,,,,,,,,-90.7,0.0,67.8,-18.4,17.0,82.4,10.0,0.4,-17.9,94.6,128.2,64.8,17.0,86.2,10.0,0.4,38.3,47.9,57.5,47.9,2.0,19.8,12.0,1.0,-9.1,-7.6,-6.1,-7.6,2.0,3.1,12.0,1.0,,,,,,,,,,,,,,,,,,,,,,,,,,,,,,,,
1891,8,22700,-43.39999999999998,44.5,19.09,21.2,21.89,20.7,16.0,1.39,10.0,0.4,20.0,21.1,22.73,21.29,17.0,1.38,10.0,0.4,13.26,13.41,13.56,13.41,2.0,0.31,12.0,1.0,89.8,91.7,93.6,91.7,2.0,4.0,12.0,1.0,,,,,,,,,,,,,,,,,,,,,,,,,,,,,,,,,,,,,,,,,,,,,,,,,,,,,,,,,,,,,,,,,-1.9,-0.8,1.35,-0.49,16.0,1.73,10.0,0.4,-16.7,-3.3,6.0,-4.2,16.0,10.7,10.0,0.4,2.17,2.32,2.46,2.32,2.0,0.3,12.0,1.0,7.1,8.1,9.2,8.1,2.0,2.2,12.0,1.0,,,,,,,,,,,,,,,,,,,,,,,,,,,,,,,,,,,,,,,,,,,,,,,,,,,,,,,,,,,,,,,,
1891,8,22700,-43.39999999999998,48.5,12.66,15.0,18.06,15.2,6.0,2.66,22.0,0.8,12.66,13.9,15.7,14.3,6.0,2.2,22.0,0.8,8.97,9.44,9.92,9.44,2.0,0.99,28.0,1.0,95.8,97.5,99.2,97.5,2.0,3.6,28.0,1.0,4.19,6.7,9.92,7.03,6.0,3.43,22.0,0.8,0.59,5.21,8.81,4.79,6.0,4.08,22.0,0.8,-1.92,1.57,5.38,1.64,6.0,4.87,22.0,0.8,1010.67,1013.2,1014.16,1012.43,3.0,2.64,28.0,0.7,7.0,8.0,8.0,7.2,6.0,2.0,22.0,0.8,95.8,97.5,99.2,97.5,2.0,3.6,28.0,1.0,2.9,34.9,90.3,44.3,6.0,44.1,22.0,0.8,-14.9,5.3,38.6,15.3,6.0,49.0,22.0,0.8,0.0,0.5,1.55,0.9,6.0,1.28,22.0,0.8,0.0,2.5,7.1,3.4,6.0,3.9,22.0,0.8,0.2,0.63,1.05,0.63,2.0,0.89,28.0,1.0,1.3,4.2,7.1,4.2,2.0,5.9,28.0,1.0,7.4,74.4,121.1,70.2,6.0,63.5,22.0,0.8,-24.0,23.6,78.2,29.8,6.0,76.5,22.0,0.8,69.8,74.3,78.8,74.3,2.0,9.3,28.0,1.0,-6.2,-1.3,3.6,-1.3,2.0,10.2,28.0,1.0,,,,,,,,,,,,,,,,,,,,,,,,,,,,,,,,
1891,8,22700,-43.30000000000001,-49.6,,,,,,,,,,,,,,,,,,,,,,,,,,,,,,,,,4.6,5.65,9.63,7.05,4.0,3.64,14.0,0.5,2.45,4.0,8.23,5.28,4.0,4.26,14.0,0.5,3.73,4.44,4.68,4.22,4.0,0.67,14.0,0.5,1013.61,1016.0,1016.2,1014.93,3.0,2.11,16.0,0.3,,,,,,,,,,,,,,,,,,,,,,,,,,,,,,,,,,,,,,,,,,,,,,,,,,,,,,,,,,,,,,,,,,,,,,,,,,,,,,,,,,,,,,,,,,,,,,,,,,,,,,,,,,,,,,,,,,,,,,,,,,,,,,,,
1891,8,22700,-43.30000000000001,-45.3,,,,,,,,,,,,,,,,,,,,,,,,,,,,,,,,,6.7,9.3,12.11,9.2,14.0,2.04,10.0,0.6,3.63,6.17,8.56,5.49,14.0,2.62,10.0,0.6,-8.69,-6.64,2.62,-3.97,14.0,6.25,10.0,0.6,1007.17,1017.45,1024.97,1016.36,10.0,9.03,12.0,0.5,,,,,,,,,,,,,,,,,,,,,,,,,,,,,,,,,,,,,,,,,,,,,,,,,,,,,,,,,,,,,,,,,,,,,,,,,,,,,,,,,,,,,,,,,,,,,,,,,,,,,,,,,,,,,,,,,,,,,,,,,,,,,,,,
1891,8,22700,-43.30000000000001,-27.3,20.0,20.7,21.26,20.65,10.0,0.87,14.0,0.4,19.54,20.45,22.18,20.68,16.0,1.45,20.0,0.4,11.37,11.53,11.69,11.53,2.0,0.33,14.0,0.0,82.5,83.1,83.6,83.1,2.0,1.1,14.0,0.0,4.6,6.7,9.3,7.17,16.0,3.29,20.0,0.4,-6.48,-2.72,4.55,-1.47,16.0,5.18,20.0,0.4,-6.58,1.69,3.86,-0.25,16.0,6.04,20.0,0.4,1014.1,1015.7,1022.24,1017.4,16.0,4.02,20.0,0.4,2.0,3.0,6.0,3.7,16.0,2.0,20.0,0.4,82.5,83.1,83.6,83.1,2.0,1.1,14.0,0.0,-61.2,-14.1,27.1,-19.3,16.0,45.7,20.0,0.4,-61.2,6.0,18.7,-3.0,16.0,71.4,20.0,0.4,-0.11,0.75,1.26,0.62,10.0,0.73,14.0,0.4,-1.1,5.8,9.0,4.2,10.0,5.5,14.0,0.4,3.48,3.5,3.52,3.5,2.0,0.04,14.0,0.0,17.4,19.8,22.1,19.8,2.0,4.9,14.0,0.0,-123.6,-57.9,100.7,-25.1,16.0,107.0,20.0,0.4,-125.7,33.9,80.0,-4.0,16.0,122.9,20.0,0.4,-70.5,-61.7,-52.9,-61.7,2.0,18.2,14.0,0.0,19.0,21.7,24.4,21.7,2.0,5.6,14.0,0.0,,,,,,,,,,,,,,,,,,,,,,,,,,,,,,,,
1891,8,22700,-43.30000000000001,-25.6,,,,,,,,,,,,,,,,,,,,,,,,,,,,,,,,,,,,,,,,,,,,,,,,,,,,,,,,,,,,,,,,,,,,,,,,,,,,,,,,,,,,,,,,,,,,,,,,,,,,,,,,,,,,,,,,,,,,,,,,,,,,,,,,,,,,,,,,,,,,,,,,,,,,,,,,,,,,,,,,,-20.1,-18.8,-17.5,-18.8,2.0,2.7,14.0,1.0,7.5,8.2,9.0,8.2,2.0,1.6,14.0,1.0,301.0,301.0,804.5,489.5,8.0,260.5,22.0,0.5,300.0,300.0,805.0,490.0,8.0,260.0,22.0,0.5
1891,8,22700,-43.30000000000001,-23.6,20.4,20.85,21.83,21.01,12.0,1.09,20.0,0.5,20.45,21.5,23.02,21.46,13.0,1.57,20.0,0.5,15.73,15.73,15.73,15.73,1.0,0.0,2.0,0.0,100.0,100.0,100.0,100.0,1.0,0.0,2.0,0.0,2.6,6.7,6.95,5.39,13.0,2.63,20.0,0.5,-3.35,-0.71,2.8,-0.49,13.0,3.53,20.0,0.5,-6.4,-1.8,2.12,-1.73,13.0,4.74,20.0,0.5,1012.91,1015.7,1017.91,1015.4,13.0,3.27,20.0,0.5,,,,,,,,,,,,,,,,,,,,,,,,,,,,,,,,,-1.63,-0.3,1.08,-0.39,12.0,1.41,20.0,0.5,-4.3,-1.3,8.9,0.6,12.0,6.2,20.0,0.5,-0.29,-0.29,-0.29,-0.29,1.0,0.0,2.0,0.0,-1.3,-1.3,-1.3,-1.3,1.0,0.0,2.0,0.0,-71.4,-16.3,64.5,-11.4,13.0,71.5,20.0,0.5,-135.4,-38.6,47.9,-38.9,13.0,97.8,20.0,0.5,-51.2,-51.2,-51.2,-51.2,1.0,0.0,2.0,0.0,-51.2,-51.2,-51.2,-51.2,1.0,0.0,2.0,0.0,,,,,,,,,,,,,,,,,,,,,,,,,,,,,,,,
1891,8,22700,-43.30000000000001,16.4,,,,,,,,,,,,,,,,,,,,,,,,,,,,,,,,,4.6,4.6,9.3,5.94,7.0,2.29,16.0,0.7,-8.62,-4.23,-4.23,-5.49,7.0,2.14,16.0,0.7,-3.48,-1.8,-1.8,-2.28,7.0,0.82,16.0,0.7,1015.1,1015.3,1016.1,1015.53,7.0,0.49,16.0,0.7,,,,,,,,,,,,,,,,,,,,,,,,,,,,,,,,,,,,,,,,,,,,,,,,,,,,,,,,,,,,,,,,,,,,,,,,,,,,,,,,,,,,,,,,,,,,,,,,,,,,,,,,,,,,,,,,,,,,,,,,,,,,,,,,
1891,8,22700,-43.19999999999999,-31.0,,,,,,,,,,,,,,,,,,,,,,,,,,,,,,,,,6.7,6.7,6.7,6.7,3.0,0.0,6.0,0.3,2.51,2.51,4.03,3.25,3.0,1.29,6.0,0.3,5.21,6.21,6.21,5.72,3.0,0.85,6.0,0.3,1019.67,1022.4,1022.67,1021.2,3.0,2.43,6.0,0.3,,,,,,,,,,,,,,,,,,,,,,,,,,,,,,,,,,,,,,,,,,,,,,,,,,,,,,,,,,,,,,,,,,,,,,,,,,,,,,,,,,,,,,,,,,,,,,,,,,,,,,,,,,,,,,,,,,,,,,,,,,,,,,,,
1891,8,22700,-43.19999999999999,-29.3,,,,,,,,,,,,,,,,,,,,,,,,,,,,,,,,,4.6,6.7,9.3,7.27,15.0,2.78,20.0,0.5,-6.58,-4.6,4.41,-2.12,15.0,5.12,20.0,0.5,1.99,4.74,6.58,3.8,15.0,4.23,20.0,0.5,1015.29,1016.2,1028.1,1019.91,15.0,6.06,20.0,0.5,,,,,,,,,,,,,,,,,,,,,,,,,,,,,,,,,,,,,,,,,,,,,,,,,,,,,,,,,,,,,,,,,,,,,,,,,,,,,,,,,,,,,,,,,,,,,,,,,,,,,,,,,,,,,,,,,,,,,,,,,,,,,,,,
1891,8,22700,-43.19999999999999,-23.6,,,,,,,,,,,,,,,,,,,,,,,,,,,,,,,,,,,,,,,,,,,,,,,,,,,,,,,,,,,,,,,,,0.0,2.0,3.2,1.8,11.0,2.0,18.0,0.5,100.0,100.0,100.0,100.0,1.0,0.0,2.0,0.0,-17.1,-0.7,9.1,-1.2,13.0,24.2,20.0,0.5,-42.9,-8.3,7.4,-11.7,13.0,37.9,20.0,0.5,,,,,,,,,,,,,,,,,,,,,,,,,,,,,,,,,,,,,,,,,,,,,,,,,,,,,,,,,,,,,,,,,,,,,,,,,,,,,,,,,,,,,,,,,,,,,,,,
1891,8,22700,-43.19999999999999,10.1,,,,,,,,,,,,,,,,,,,,,,,,,,,,,,,,,6.7,6.7,6.7,6.7,4.0,0.0,4.0,0.3,-4.74,-4.74,-4.74,-4.74,4.0,0.0,4.0,0.3,-4.74,-4.74,-4.74,-4.74,4.0,0.0,4.0,0.3,1015.19,1015.65,1015.9,1015.55,4.0,0.44,4.0,0.3,,,,,,,,,,,,,,,,,,,,,,,,,,,,,,,,,,,,,,,,,,,,,,,,,,,,,,,,,,,,,,,,,,,,,,,,,,,,,,,,,,,,,,,,,,,,,,,,,,,,,,,,,,,,,,,,,,,,,,,,,,,,,,,,
1891,8,22700,-43.19999999999999,22.2,,,,,,,,,,,,,,,,,,,,,,,,,,,,,,,,,4.6,5.65,6.7,5.65,4.0,1.21,16.0,0.0,-6.21,-5.24,-4.27,-5.24,4.0,1.12,16.0,0.0,-2.51,-2.12,-1.72,-2.12,4.0,0.45,16.0,0.0,1018.14,1018.65,1018.95,1018.55,4.0,0.51,16.0,0.0,,,,,,,,,,,,,,,,,,,,,,,,,,,,,,,,,,,,,,,,,,,,,,,,,,,,,,,,,,,,,,,,,,,,,,,,,,,,,,,,,,,,,,,,,,,,,,,,,,,,,,,,,,,,,,,,,,,,,,,,,,,,,,,,
1891,8,22700,-43.10000000000002,-23.7,,,,,,,,,,,,,,,,,,,,,,,,,,,,,,,,,,,,,,,,,,,,,,,,,,,,,,,,,,,,,,,,,,,,,,,,,,,,,,,,,,,,,,,,,,,,,,,,,,,,,,,,,,,,,,,,,,,,,,,,,,,,,,,,,,,,,,,,,,,,,,,,,,,,,,,,,,,,,,,,,0.9,0.9,0.9,0.9,1.0,0.0,2.0,0.0,0.9,0.9,0.9,0.9,1.0,0.0,2.0,0.0,17.5,301.0,349.0,258.5,13.0,273.5,20.0,0.5,20.0,300.0,350.0,260.0,13.0,275.0,20.0,0.5
1891,8,22700,-43.0,8.4,,,,,,,,,,,,,,,,,,,,,,,,,,,,,,,,,1.0,1.0,2.5,1.63,14.0,1.33,2.0,0.6,-0.91,-0.19,0.91,-0.26,14.0,1.41,2.0,0.6,-0.93,0.0,1.66,0.35,14.0,1.56,2.0,0.6,1014.51,1014.9,1016.07,1015.09,14.0,0.89,2.0,0.6,,,,,,,,,,,,,,,,,,,,,,,,,,,,,,,,,,,,,,,,,,,,,,,,,,,,,,,,,,,,,,,,,,,,,,,,,,,,,,,,,,,,,,,,,,,,,,,,,,,,,,,,,,,,,,,,,,,,,,,,,,,,,,,,
1891,8,22700,-41.89999999999998,-25.2,,,,,,,,,,,,,,,,,,,,,,,,,,,,,,,,,,,,,,,,,,,,,,,,,,,,,,,,,,,,,,,,,,,,,,,,,,,,,,,,,,,,,,,,,,,,,,,,,,,,,,,,,,,,,,,,,,,,,,,,,,,,,,,,,,,,,,,,,,,,,,,,,,,,,,,,,,,,,,,,,-18.8,-18.8,-18.8,-18.8,1.0,0.0,14.0,1.0,10.4,10.4,10.4,10.4,1.0,0.0,14.0,1.0,301.0,301.0,1861.0,918.0,21.0,907.0,18.0,0.4,300.0,300.0,1860.0,920.0,21.0,905.0,18.0,0.4
1891,8,22700,-41.69999999999999,16.8,,,,,,,,,,,,,,,,,,,,,,,,,,,,,,,,,9.3,9.3,9.3,9.3,3.0,0.0,16.0,0.3,-8.62,-8.62,-8.62,-8.62,3.0,0.0,16.0,0.3,-3.48,-3.48,-3.48,-3.48,3.0,0.0,16.0,0.3,1014.73,1016.1,1016.51,1015.63,3.0,1.36,16.0,0.3,,,,,,,,,,,,,,,,,,,,,,,,,,,,,,,,,,,,,,,,,,,,,,,,,,,,,,,,,,,,,,,,,,,,,,,,,,,,,,,,,,,,,,,,,,,,,,,,,,,,,,,,,,,,,,,,,,,,,,,,,,,,,,,,
1891,8,22700,-41.69999999999999,22.6,,,,,,,,,,,,,,,,,,,,,,,,,,,,,,,,,4.6,5.65,6.7,5.65,4.0,1.21,16.0,0.8,-6.21,-5.24,-4.27,-5.24,4.0,1.12,16.0,0.8,-2.51,-2.12,-1.72,-2.12,4.0,0.45,16.0,0.8,1018.25,1018.35,1019.76,1018.98,4.0,1.35,16.0,0.8,,,,,,,,,,,,,,,,,,,,,,,,,,,,,,,,,,,,,,,,,,,,,,,,,,,,,,,,,,,,,,,,,,,,,,,,,,,,,,,,,,,,,,,,,,,,,,,,,,,,,,,,,,,,,,,,,,,,,,,,,,,,,,,,
1891,8,22700,-41.69999999999999,42.5,,,,,,,,,,,,,,,,,,,,,,,,,,,,,,,,,6.09,9.3,9.3,7.73,3.0,2.71,18.0,1.0,-3.14,0.0,4.49,0.66,3.0,5.62,18.0,1.0,2.09,6.58,8.44,5.29,3.0,4.78,18.0,1.0,1023.08,1023.25,1023.42,1023.25,2.0,0.35,18.0,1.0,,,,,,,,,,,,,,,,,,,,,,,,,,,,,,,,,,,,,,,,,,,,,,,,,,,,,,,,,,,,,,,,,,,,,,,,,,,,,,,,,,,,,,,,,,,,,,,,,,,,,,,,,,,,,,,,,,,,,,,,,,,,,,,,
1891,8,22700,-41.69999999999999,54.9,,,,,,,,,,,,,,,,,,,,,,,,,,,,,,,,,10.27,12.35,14.43,12.35,2.0,4.31,26.0,1.0,2.54,5.12,7.7,5.12,2.0,5.34,26.0,1.0,-13.34,-9.03,-4.72,-9.03,2.0,8.93,26.0,1.0,1016.01,1016.9,1017.79,1016.9,2.0,1.84,26.0,1.0,,,,,,,,,,,,,,,,,,,,,,,,,,,,,,,,,,,,,,,,,,,,,,,,,,,,,,,,,,,,,,,,,,,,,,,,,,,,,,,,,,,,,,,,,,,,,,,,,,,,,,,,,,,,,,,,,,,,,,,,,,,,,,,,
1891,8,22700,-41.60000000000002,-31.1,,,,,,,,,,,,,,,,,,,,,,,,,,,,,,,,,5.27,6.7,6.7,6.0,3.0,1.21,6.0,0.7,4.85,6.17,6.2,5.54,3.0,1.13,6.0,0.7,2.02,2.51,2.58,2.31,3.0,0.45,6.0,0.7,1015.19,1017.1,1018.12,1016.67,3.0,2.18,6.0,0.7,,,,,,,,,,,,,,,,,,,,,,,,,,,,,,,,,,,,,,,,,,,,,,,,,,,,,,,,,,,,,,,,,,,,,,,,,,,,,,,,,,,,,,,,,,,,,,,,,,,,,,,,,,,,,,,,,,,,,,,,,,,,,,,,
1891,8,22700,-41.60000000000002,-23.4,,,,,,,,,,,,,,,,,,,,,,,,,,,,,,,,,,,,,,,,,,,,,,,,,,,,,,,,,,,,,,,,,,,,,,,,,,,,,,,,,,,,,,,,,,,,,,,,,,,,,,,,,,,,,,,,,,,,,,,,,,,,,,,,,,,,,,,,,,,,,,,,,,,,,,,,,,,,,,,,,-17.3,-5.8,0.6,-6.8,11.0,9.2,12.0,0.2,-5.3,1.9,10.6,1.9,11.0,7.9,12.0,0.2,17.5,301.0,804.5,403.5,28.0,426.5,18.0,0.5,20.0,300.0,805.0,405.0,28.0,425.0,18.0,0.5
1891,8,22700,-41.60000000000002,48.6,,,,,,,,,,,,,,,,,,,,,,,,,,,,,,,,,,,,,,,,,,,,,,,,,,,,,,,,,,,,,,,,,,,,,,,,,,,,,,,,,,,,,,,,,,,,,,,,,,,,,,,,,,,,,,,,,,,,,,,,,,,,,,,,,,,,,,,,,,,,,,,,,,,,,,,,,,,,,,,,,0.0,0.0,0.0,0.0,1.0,0.0,28.0,1.0,0.0,0.0,0.0,0.0,1.0,0.0,28.0,1.0,97.5,301.0,1861.0,864.0,10.0,862.0,22.0,0.2,95.0,300.0,1860.0,865.0,10.0,860.0,22.0,0.2
1891,8,22700,-41.60000000000002,50.6,,,,,,,,,,,,,,,,,,,,,,,,,,,,,,,,,3.25,4.65,6.05,4.65,2.0,2.9,20.0,0.0,-1.16,-0.91,-0.66,-0.91,2.0,0.52,20.0,0.0,3.18,4.56,5.94,4.56,2.0,2.85,20.0,0.0,990.0,990.0,990.0,990.0,1.0,0.0,28.0,0.0,,,,,,,,,,,,,,,,,,,,,,,,,,,,,,,,,,,,,,,,,,,,,,,,,,,,,,,,,,,,,,,,,,,,,,,,,,,,,,,,,,,,,,,,,,,,,,,,,,,,,,,,,,,,,,,,,,,,,,,,,,,,,,,,
1891,8,22700,-41.5,-29.2,,,,,,,,,,,,,,,,,,,,,,,,,,,,,,,,,6.99,9.3,12.3,9.51,8.0,2.82,20.0,0.4,0.47,6.39,11.32,6.5,8.0,4.93,20.0,0.4,-6.13,0.9,4.81,0.29,8.0,6.23,20.0,0.4,1010.28,1013.9,1015.46,1013.81,8.0,3.84,20.0,0.4,,,,,,,,,,,,,,,,,,,,,,,,,,,,,,,,,,,,,,,,,,,,,,,,,,,,,,,,,,,,,,,,,,,,,,,,,,,,,,,,,,,,,,,,,,,,,,,,,,,,,,,,,,,,,,,,,,,,,,,,,,,,,,,,
1891,8,22700,-41.5,-23.4,,,,,,,,,,,,,,,,,,,,,,,,,,,,,,,,,,,,,,,,,,,,,,,,,,,,,,,,,,,,,,,,,,,,,,,,,,,,,,,,,,,,,,,,,,,,,,,,,-1.07,-0.2,0.73,-0.24,22.0,1.05,14.0,0.4,-6.6,-1.2,4.6,-1.7,22.0,5.9,14.0,0.4,0.48,1.46,3.47,1.65,11.0,1.61,12.0,0.2,1.4,9.8,19.5,8.7,11.0,10.9,12.0,0.2,-125.3,-19.7,3.2,-45.4,26.0,64.4,16.0,0.5,-204.7,-93.3,44.9,-88.1,26.0,100.0,16.0,0.5,-72.9,-59.7,3.5,-44.3,11.0,35.3,12.0,0.2,-100.1,-14.8,36.2,-27.0,11.0,69.3,12.0,0.2,,,,,,,,,,,,,,,,,,,,,,,,,,,,,,,,
1891,8,22700,-41.5,-23.3,20.07,21.0,22.24,21.15,24.0,1.03,16.0,0.4,20.4,21.6,23.02,21.73,26.0,1.48,16.0,0.5,12.01,13.93,15.11,13.85,11.0,1.51,12.0,0.2,78.4,92.9,97.6,90.3,11.0,9.2,12.0,0.2,,,,,,,,,,,,,,,,,,,,,,,,,,,,,,,,,,,,,,,,,,,,,,,,,,,,,,,,,,,,,,,,,,,,,,,,,,,,,,,,,,,,,,,,,,,,,,,,,,,,,,,,,,,,,,,,,,,,,,,,,,,,,,,,,,,,,,,,,,,,,,,,,,,,,,,,,,,,,,,,
1891,8,22700,-41.5,8.0,,,,,,,,,,,,,,,,,,,,,,,,,,,,,,,,,1.57,2.8,4.03,2.8,2.0,2.55,2.0,0.5,-3.72,-2.62,-1.51,-2.62,2.0,2.29,2.0,0.5,-1.51,-0.9,-0.29,-0.9,2.0,1.27,2.0,0.5,1013.67,1014.9,1015.17,1014.43,3.0,1.17,2.0,0.3,,,,,,,,,,,,,,,,,,,,,,,,,,,,,,,,,,,,,,,,,,,,,,,,,,,,,,,,,,,,,,,,,,,,,,,,,,,,,,,,,,,,,,,,,,,,,,,,,,,,,,,,,,,,,,,,,,,,,,,,,,,,,,,,
1891,8,22700,-41.5,46.4,,,,,,,,,,,,,,,,,,,,,,,,,,,,,,,,,,,,,,,,,,,,,,,,,,,,,,,,,,,,,,,,,,,,,,,,,,,,,,,,,,,,,,,,,,,,,,,,,,,,,,,,,,,,,,,,,,,,,,,,,,,,,,,,,-32.0,75.4,106.1,36.5,13.0,84.1,10.0,0.6,-32.5,25.6,138.7,49.8,13.0,80.7,10.0,0.6,56.1,61.6,67.1,61.6,2.0,11.4,12.0,0.5,13.8,14.7,15.7,14.7,2.0,1.9,12.0,0.5,,,,,,,,,,,,,,,,,,,,,,,,,,,,,,,,
1891,8,22700,-41.5,46.5,17.17,18.0,19.57,18.27,19.0,1.49,14.0,0.6,15.71,17.8,21.69,18.37,15.0,3.17,12.0,0.5,12.56,13.77,14.98,13.77,2.0,2.51,12.0,0.5,82.2,87.2,92.2,87.2,2.0,10.3,12.0,0.5,2.6,4.6,9.8,5.74,19.0,2.92,12.0,0.7,-2.42,4.23,4.84,2.11,19.0,4.11,12.0,0.7,-2.42,1.03,8.12,1.62,19.0,4.36,12.0,0.7,1008.74,1013.35,1019.9,1014.15,14.0,4.95,14.0,0.6,0.3,4.0,6.8,4.0,21.0,2.7,14.0,0.6,82.2,87.2,92.2,87.2,2.0,10.3,12.0,0.5,-6.3,19.6,33.2,14.8,19.0,35.6,12.0,0.7,-6.9,4.8,79.6,18.1,19.0,39.7,12.0,0.7,-2.28,0.0,2.43,0.05,15.0,2.31,12.0,0.5,-16.6,0.9,12.2,-0.1,13.0,16.0,10.0,0.6,0.33,0.61,0.9,0.61,2.0,0.59,12.0,0.5,1.5,2.8,4.1,2.8,2.0,2.7,12.0,0.5,,,,,,,,,,,,,,,,,,,,,,,,,,,,,,,,,,,,,,,,,,,,,,,,,,,,,,,,,,,,,,,,
1891,8,22700,-41.5,48.4,,,,,,,,,,,,,,,,,,,,,,,,,,,,,,,,,,,,,,,,,,,,,,,,,,,,,,,,,,,,,,,,,,,,,,,,,,,,,,,,,,,,,,,,,,,,,,,,,0.0,0.0,2.64,0.92,9.0,1.51,22.0,0.1,0.0,0.0,13.4,7.8,9.0,14.2,22.0,0.1,0.0,0.0,0.0,0.0,1.0,0.0,28.0,1.0,0.0,0.0,0.0,0.0,1.0,0.0,28.0,1.0,23.8,107.3,191.7,101.6,9.0,77.3,22.0,0.1,32.4,72.7,135.4,69.1,9.0,69.4,22.0,0.1,-4.3,-4.3,-4.3,-4.3,1.0,0.0,28.0,1.0,48.9,48.9,48.9,48.9,1.0,0.0,28.0,1.0,,,,,,,,,,,,,,,,,,,,,,,,,,,,,,,,
1891,8,22700,-41.39999999999998,-49.2,,,,,,,,,,,,,,,,,,,,,,,,,,,,,,,,,4.55,8.0,9.3,6.98,4.0,3.16,16.0,0.5,-0.53,1.74,4.14,1.8,4.0,2.75,16.0,0.5,3.51,6.68,8.98,6.26,4.0,3.27,16.0,0.5,1019.47,1020.7,1021.93,1020.7,2.0,2.55,16.0,0.5,,,,,,,,,,,,,,,,,,,,,,,,,,,,,,,,,,,,,,,,,,,,,,,,,,,,,,,,,,,,,,,,,,,,,,,,,,,,,,,,,,,,,,,,,,,,,,,,,,,,,,,,,,,,,,,,,,,,,,,,,,,,,,,,
1891,8,22700,-41.39999999999998,-47.6,,,,,,,,,,,,,,,,,,,,,,,,,,,,,,,,,4.93,5.65,6.37,5.65,2.0,1.48,16.0,0.5,1.85,2.12,2.39,2.12,2.0,0.56,16.0,0.5,-2.6,0.97,4.55,0.97,2.0,7.41,16.0,0.5,1033.2,1033.2,1033.2,1033.2,1.0,0.0,18.0,0.0,,,,,,,,,,,,,,,,,,,,,,,,,,,,,,,,,,,,,,,,,,,,,,,,,,,,,,,,,,,,,,,,,,,,,,,,,,,,,,,,,,,,,,,,,,,,,,,,,,,,,,,,,,,,,,,,,,,,,,,,,,,,,,,,
1891,8,22700,-41.39999999999998,-45.1,,,,,,,,,,,,,,,,,,,,,,,,,,,,,,,,,6.7,9.5,15.4,10.53,6.0,4.35,10.0,0.3,4.3,6.72,11.59,7.66,6.0,4.42,10.0,0.3,-9.15,-5.97,4.74,-3.67,6.0,6.77,10.0,0.3,1014.6,1018.9,1023.2,1018.9,2.0,8.91,12.0,0.5,,,,,,,,,,,,,,,,,,,,,,,,,,,,,,,,,,,,,,,,,,,,,,,,,,,,,,,,,,,,,,,,,,,,,,,,,,,,,,,,,,,,,,,,,,,,,,,,,,,,,,,,,,,,,,,,,,,,,,,,,,,,,,,,
1891,8,22700,-41.39999999999998,-23.4,,,,,,,,,,,,,,,,,,,,,,,,,,,,,,,,,2.6,6.7,9.3,6.21,28.0,3.06,18.0,0.5,-5.58,-0.9,0.46,-1.94,28.0,2.99,18.0,0.5,-8.61,-4.74,1.72,-4.1,28.0,4.36,18.0,0.5,1013.78,1017.6,1023.57,1018.01,27.0,3.84,18.0,0.4,0.0,2.0,4.0,2.4,28.0,1.7,18.0,0.5,78.4,92.9,97.6,90.3,11.0,9.2,12.0,0.2,-38.0,-3.1,0.5,-13.7,28.0,23.6,18.0,0.5,-80.0,-31.7,4.9,-35.3,28.0,41.6,18.0,0.5,,,,,,,,,,,,,,,,,,,,,,,,,,,,,,,,,,,,,,,,,,,,,,,,,,,,,,,,,,,,,,,,,,,,,,,,,,,,,,,,,,,,,,,,,,,,,,,,
1891,8,22700,-41.39999999999998,34.6,,,,,,,,,,,,,,,,,,,,,,,,,,,,,,,,,2.6,2.6,4.6,3.09,9.0,1.25,30.0,0.6,-4.27,-1.84,-1.84,-2.59,9.0,1.33,30.0,0.6,-1.84,-1.72,-1.18,-1.58,9.0,0.43,30.0,0.6,1024.4,1024.8,1025.47,1024.89,9.0,0.67,30.0,0.6,,,,,,,,,,,,,,,,,,,,,,,,,,,,,,,,,,,,,,,,,,,,,,,,,,,,,,,,,,,,,,,,,,,,,,,,,,,,,,,,,,,,,,,,,,,,,,,,,,,,,,,,,,,,,,,,,,,,,,,,,,,,,,,,
1891,8,22700,-41.39999999999998,44.4,,,,,,,,,,,,,,,,,,,,,,,,,,,,,,,,,4.6,6.7,9.3,6.85,24.0,2.56,12.0,0.3,-2.44,0.0,6.58,1.23,24.0,4.37,12.0,0.3,0.6,5.47,8.82,4.65,24.0,3.52,12.0,0.3,1014.87,1016.0,1019.61,1017.18,13.0,3.04,14.0,0.3,,,,,,,,,,,,,,,,,,,,,,,,,,,,,,,,,,,,,,,,,,,,,,,,,,,,,,,,,,,,,,,,,,,,,,,,,,,,,,,,,,,,,,,,,,,,,,,,,,,,,,,,,,,,,,,,,,,,,,,,,,,,,,,,
1891,8,22700,-41.39999999999998,46.1,,,,,,,,,,,,,,,,,,,,,,,,,,,,,,,,,,,,,,,,,,,,,,,,,,,,,,,,,,,,,,,,,,,,,,,,,,,,,,,,,,,,,,,,,,,,,,,,,,,,,,,,,,,,,,,,,,,,,,,,,,,,,,,,,,,,,,,,,,,,,,,,,,,,,,,,,,,,,,,,,1.5,2.7,4.0,2.7,2.0,2.7,12.0,0.5,0.4,0.7,1.0,0.7,2.0,0.7,12.0,0.5,17.5,97.5,941.0,345.0,19.0,487.5,12.0,0.7,20.0,95.0,940.0,345.0,19.0,485.0,12.0,0.7
1891,8,22700,-41.39999999999998,48.4,16.26,18.0,18.9,17.67,10.0,2.0,22.0,0.2,15.23,16.1,18.0,16.49,9.0,1.8,22.0,0.1,10.68,10.68,10.68,10.68,1.0,0.0,28.0,1.0,100.0,100.0,100.0,100.0,1.0,0.0,28.0,1.0,4.6,6.7,12.3,8.31,10.0,3.54,22.0,0.2,2.11,5.47,10.24,5.78,10.0,3.99,22.0,0.2,2.06,4.6,7.0,4.06,10.0,4.23,22.0,0.2,1003.67,1012.2,1015.08,1009.5,4.0,8.05,26.0,0.5,8.0,8.0,8.0,7.4,10.0,1.9,22.0,0.2,100.0,100.0,100.0,100.0,1.0,0.0,28.0,1.0,10.7,36.7,126.0,59.2,10.0,54.4,22.0,0.2,11.7,26.4,85.4,40.7,10.0,47.9,22.0,0.2,,,,,,,,,,,,,,,,,,,,,,,,,,,,,,,,,,,,,,,,,,,,,,,,,,,,,,,,,,,,,,,,,,,,,,,,,,,,,,,,,,,,,,,,,,,,,,,,
1891,8,22700,-41.39999999999998,52.1,,,,,,,,,,,,,,,,,,,,,,,,,,,,,,,,,1.0,1.0,1.0,1.0,1.0,0.0,26.0,0.0,0.82,0.82,0.82,0.82,1.0,0.0,26.0,0.0,0.57,0.57,0.57,0.57,1.0,0.0,26.0,0.0,1020.3,1020.3,1020.3,1020.3,1.0,0.0,26.0,0.0,,,,,,,,,,,,,,,,,,,,,,,,,,,,,,,,,,,,,,,,,,,,,,,,,,,,,,,,,,,,,,,,,,,,,,,,,,,,,,,,,,,,,,,,,,,,,,,,,,,,,,,,,,,,,,,,,,,,,,,,,,,,,,,,
1891,8,22700,-41.30000000000001,-27.3,,,,,,,,,,,,,,,,,,,,,,,,,,,,,,,,,4.6,6.7,9.3,7.33,17.0,2.33,20.0,0.5,-6.63,-2.62,3.87,-1.46,17.0,5.59,20.0,0.5,-4.6,0.0,7.49,1.37,17.0,5.2,20.0,0.5,1014.7,1017.1,1018.94,1016.98,17.0,3.26,20.0,0.5,,,,,,,,,,,,,,,,,,,,,,,,,,,,,,,,,,,,,,,,,,,,,,,,,,,,,,,,,,,,,,,,,,,,,,,,,,,,,,,,,,,,,,,,,,,,,,,,,,,,,,,,,,,,,,,,,,,,,,,,,,,,,,,,
1891,8,22700,-41.30000000000001,-25.2,20.86,22.0,22.2,21.67,17.0,0.77,14.0,0.4,17.32,21.4,22.9,20.61,21.0,2.5,18.0,0.4,11.85,11.85,11.85,11.85,1.0,0.0,14.0,1.0,80.8,80.8,80.8,80.8,1.0,0.0,14.0,1.0,6.7,6.7,12.3,8.84,21.0,2.89,18.0,0.4,-5.99,-3.25,6.51,-1.17,21.0,5.16,18.0,0.4,-8.35,0.0,6.68,-0.17,21.0,7.9,18.0,0.4,1014.62,1020.8,1026.6,1019.77,21.0,5.51,18.0,0.4,2.0,4.0,5.0,3.5,21.0,1.8,18.0,0.4,80.8,80.8,80.8,80.8,1.0,0.0,14.0,1.0,-58.7,-17.5,44.3,-12.7,21.0,49.7,18.0,0.4,-99.0,0.0,58.3,-3.5,21.0,91.7,18.0,0.4,0.2,1.0,3.75,1.59,17.0,1.87,14.0,0.4,1.6,11.2,31.0,14.8,17.0,19.6,14.0,0.4,3.21,3.21,3.21,3.21,1.0,0.0,14.0,1.0,21.5,21.5,21.5,21.5,1.0,0.0,14.0,1.0,-116.5,-56.6,144.3,-20.1,21.0,107.9,18.0,0.4,-180.3,0.0,142.3,-18.2,21.0,162.9,18.0,0.4,-69.4,-69.4,-69.4,-69.4,1.0,0.0,14.0,1.0,38.5,38.5,38.5,38.5,1.0,0.0,14.0,1.0,,,,,,,,,,,,,,,,,,,,,,,,,,,,,,,,
1891,8,22700,-41.19999999999999,-43.4,,,,,,,,,,,,,,,,,,,,,,,,,,,,,,,,,5.83,9.3,10.54,8.57,11.0,2.93,12.0,0.5,0.0,0.0,2.91,0.83,11.0,2.32,12.0,0.5,-9.3,4.27,9.3,0.79,11.0,9.09,12.0,0.5,1018.13,1023.95,1024.87,1022.52,10.0,4.03,12.0,0.5,,,,,,,,,,,,,,,,,,,,,,,,,,,,,,,,,,,,,,,,,,,,,,,,,,,,,,,,,,,,,,,,,,,,,,,,,,,,,,,,,,,,,,,,,,,,,,,,,,,,,,,,,,,,,,,,,,,,,,,,,,,,,,,,
1891,8,22700,-41.19999999999999,-21.7,21.52,22.15,23.0,22.15,8.0,0.87,14.0,0.6,20.36,22.1,22.7,21.77,9.0,1.35,16.0,0.6,13.17,14.2,14.51,13.89,5.0,0.77,16.0,1.0,89.9,91.7,93.3,91.5,5.0,2.3,16.0,1.0,,,,,,,,,,,,,,,,,,,,,,,,,,,,,,,,,,,,,,,,,,,,,,,,,,,,,,,,,,,,,,,,,-1.09,0.9,1.87,0.5,8.0,1.68,14.0,0.6,-2.5,2.4,4.1,0.5,8.0,6.4,14.0,0.6,2.4,2.95,3.39,2.9,5.0,0.79,16.0,1.0,3.6,8.2,13.0,8.3,5.0,4.8,16.0,1.0,,,,,,,,,,,,,,,,,,,,,,,,,,,,,,,,,-0.9,2.6,5.5,2.3,5.0,3.6,16.0,1.0,-11.9,-4.0,1.5,-4.7,5.0,7.9,16.0,1.0,1.0,97.5,246.0,275.0,9.0,602.5,16.0,0.6,0.0,95.0,245.0,275.0,9.0,600.0,16.0,0.6
1891,8,22700,-41.19999999999999,18.1,,,,,,,,,,,,,,,,,,,,,,,,,,,,,,,,,6.27,6.7,7.24,6.78,6.0,1.49,14.0,0.7,-6.71,-6.17,-5.77,-6.26,6.0,1.39,14.0,0.7,-2.8,-2.62,-2.36,-2.61,6.0,0.54,14.0,0.7,1015.3,1016.05,1016.12,1015.83,6.0,0.42,14.0,0.7,,,,,,,,,,,,,,,,,,,,,,,,,,,,,,,,,,,,,,,,,,,,,,,,,,,,,,,,,,,,,,,,,,,,,,,,,,,,,,,,,,,,,,,,,,,,,,,,,,,,,,,,,,,,,,,,,,,,,,,,,,,,,,,,
1891,8,22700,-41.19999999999999,24.2,,,,,,,,,,,,,,,,,,,,,,,,,,,,,,,,,6.7,6.7,6.7,6.7,5.0,0.0,16.0,0.6,-6.21,-6.21,-6.21,-6.21,5.0,0.0,16.0,0.6,-2.51,-2.51,-2.51,-2.51,5.0,0.0,16.0,0.6,1019.23,1020.7,1021.14,1020.24,5.0,1.11,16.0,0.6,,,,,,,,,,,,,,,,,,,,,,,,,,,,,,,,,,,,,,,,,,,,,,,,,,,,,,,,,,,,,,,,,,,,,,,,,,,,,,,,,,,,,,,,,,,,,,,,,,,,,,,,,,,,,,,,,,,,,,,,,,,,,,,,
1891,8,22700,-41.10000000000002,-21.7,,,,,,,,,,,,,,,,,,,,,,,,,,,,,,,,,1.0,4.6,6.13,4.16,9.0,3.76,16.0,0.6,-2.42,0.0,1.87,-0.25,9.0,2.23,16.0,0.6,-5.13,-1.0,1.88,-2.34,9.0,4.73,16.0,0.6,1015.78,1018.4,1022.59,1019.02,9.0,3.45,16.0,0.6,1.3,2.0,4.5,2.6,9.0,1.7,16.0,0.6,89.9,91.7,93.3,91.5,5.0,2.3,16.0,1.0,-20.0,0.0,8.6,-4.2,9.0,16.6,16.0,0.6,-31.8,-1.0,4.9,-22.2,9.0,49.3,16.0,0.6,,,,,,,,,,,,,,,,,,,,,,,,,,,,,,,,,-54.1,0.0,40.1,-6.5,9.0,49.1,16.0,0.6,-115.6,-20.2,44.5,-52.4,9.0,106.4,16.0,0.6,-3.8,12.7,35.7,15.1,5.0,21.8,16.0,1.0,-61.1,-13.4,15.1,-18.4,5.0,46.9,16.0,1.0,,,,,,,,,,,,,,,,,,,,,,,,,,,,,,,,
1891,8,22700,-41.0,-41.5,,,,,,,,,,,,,,,,,,,,,,,,,,,,,,,,,10.27,12.35,14.43,12.35,2.0,4.31,18.0,0.0,0.0,0.0,0.0,0.0,2.0,0.0,18.0,0.0,10.27,12.35,14.43,12.35,2.0,4.31,18.0,0.0,1029.31,1029.75,1030.19,1029.75,2.0,0.92,18.0,0.0,,,,,,,,,,,,,,,,,,,,,,,,,,,,,,,,,,,,,,,,,,,,,,,,,,,,,,,,,,,,,,,,,,,,,,,,,,,,,,,,,,,,,,,,,,,,,,,,,,,,,,,,,,,,,,,,,,,,,,,,,,,,,,,,
1891,8,22700,-41.0,32.5,,,,,,,,,,,,,,,,,,,,,,,,,,,,,,,,,4.6,4.6,4.6,4.6,2.0,0.0,30.0,0.5,-1.72,-1.72,-1.72,-1.72,2.0,0.0,30.0,0.5,-4.27,-4.27,-4.27,-4.27,2.0,0.0,30.0,0.5,1023.2,1023.4,1023.6,1023.4,2.0,0.42,30.0,0.5,,,,,,,,,,,,,,,,,,,,,,,,,,,,,,,,,,,,,,,,,,,,,,,,,,,,,,,,,,,,,,,,,,,,,,,,,,,,,,,,,,,,,,,,,,,,,,,,,,,,,,,,,,,,,,,,,,,,,,,,,,,,,,,,
1891,8,22700,-40.0,-23.1,,,,,,,,,,,,,,,,,,,,,,,,,,,,,,,,,,,,,,,,,,,,,,,,,,,,,,,,,,,,,,,,,,,,,,,,,,,,,,,,,,,,,,,,,,,,,,,,,,,,,,,,,,,,,,,,,,,,,,,,,,,,,,,,,,,,,,,,,,,,,,,,,,,,,,,,,,,,,,,,,-15.8,-15.8,-15.8,-15.8,1.0,0.0,14.0,1.0,7.7,7.7,7.7,7.7,1.0,0.0,14.0,1.0,110.0,804.5,804.5,581.0,14.0,317.0,22.0,0.6,110.0,805.0,805.0,580.0,14.0,315.0,22.0,0.6
1891,8,22700,-39.80000000000001,-21.4,,,,,,,,,,,,,,,,,,,,,,,,,,,,,,,,,,,,,,,,,,,,,,,,,,,,,,,,,,,,,,,,,,,,,,,,,,,,,,,,,,,,,,,,,,,,,,,,,,,,,,,,,,,,,,,,,,,,,,,,,,,,,,,,,,,,,,,,,,,,,,,,,,,,,,,,,,,,,,,,,-15.5,-4.9,0.0,-8.5,9.0,10.7,12.0,0.8,-19.1,-11.5,15.0,-6.5,9.0,18.1,12.0,0.8,97.5,301.0,804.5,310.5,24.0,280.0,16.0,0.8,95.0,300.0,805.0,310.0,24.0,280.0,16.0,0.8
1891,8,22700,-39.69999999999999,24.8,,,,,,,,,,,,,,,,,,,,,,,,,,,,,,,,,6.7,6.7,6.7,6.7,4.0,0.0,16.0,0.0,-6.21,-6.21,-6.21,-6.21,4.0,0.0,16.0,0.0,-2.51,-2.51,-2.51,-2.51,4.0,0.0,16.0,0.0,1020.64,1021.3,1021.86,1021.25,4.0,0.73,16.0,0.0,,,,,,,,,,,,,,,,,,,,,,,,,,,,,,,,,,,,,,,,,,,,,,,,,,,,,,,,,,,,,,,,,,,,,,,,,,,,,,,,,,,,,,,,,,,,,,,,,,,,,,,,,,,,,,,,,,,,,,,,,,,,,,,,
1891,8,22700,-39.69999999999999,52.3,,,,,,,,,,,,,,,,,,,,,,,,,,,,,,,,,5.35,6.95,8.55,6.95,2.0,3.32,26.0,1.0,4.7,6.52,8.34,6.52,2.0,3.77,26.0,1.0,-2.34,-1.98,-1.62,-1.98,2.0,0.74,26.0,1.0,1019.2,1020.05,1020.9,1020.05,2.0,1.77,26.0,1.0,,,,,,,,,,,,,,,,,,,,,,,,,,,,,,,,,,,,,,,,,,,,,,,,,,,,,,,,,,,,,,,,,,,,,,,,,,,,,,,,,,,,,,,,,,,,,,,,,,,,,,,,,,,,,,,,,,,,,,,,,,,,,,,,
1891,8,22700,-39.5,-21.4,22.87,23.25,23.83,23.24,24.0,0.69,16.0,0.8,21.88,23.3,24.72,23.16,25.0,1.41,16.0,0.8,12.71,13.32,15.16,13.71,9.0,1.23,12.0,0.8,77.3,79.0,91.8,83.1,9.0,8.0,12.0,0.8,4.6,6.7,9.3,6.05,24.0,2.29,16.0,0.8,-4.74,-0.12,2.6,-0.68,24.0,3.9,16.0,0.8,-6.62,-4.6,0.0,-3.76,24.0,3.6,16.0,0.8,1015.9,1018.35,1022.4,1018.99,24.0,3.28,16.0,0.8,1.0,2.5,4.3,2.9,24.0,2.0,16.0,0.8,77.3,79.0,91.8,83.1,9.0,8.0,12.0,0.8,-31.7,-0.1,19.9,-0.7,24.0,29.9,16.0,0.8,-61.2,-21.2,0.0,-27.4,24.0,29.6,16.0,0.8,-1.4,0.4,1.17,0.15,24.0,1.36,16.0,0.8,-8.0,1.8,7.4,-0.4,23.0,10.0,16.0,0.7,2.85,4.54,5.05,4.09,9.0,1.04,12.0,0.8,12.0,20.9,30.7,21.0,9.0,8.8,12.0,0.8,-105.6,-2.9,63.9,-12.5,24.0,93.3,16.0,0.8,-164.0,-105.5,0.0,-88.7,24.0,83.7,16.0,0.8,-40.1,-28.3,0.0,-24.8,9.0,28.5,12.0,0.8,-81.5,-46.2,40.7,-31.1,9.0,57.0,12.0,0.8,,,,,,,,,,,,,,,,,,,,,,,,,,,,,,,,
1891,8,22700,-39.5,32.5,,,,,,,,,,,,,,,,,,,,,,,,,,,,,,,,,2.6,3.6,4.6,3.72,18.0,1.25,30.0,0.4,-3.25,-1.84,-1.51,-2.09,18.0,1.08,30.0,0.4,-4.27,-2.93,-1.84,-2.96,18.0,1.05,30.0,0.4,1022.4,1022.8,1023.82,1023.03,18.0,0.84,30.0,0.4,,,,,,,,,,,,,,,,,,,,,,,,,,,,,,,,,,,,,,,,,,,,,,,,,,,,,,,,,,,,,,,,,,,,,,,,,,,,,,,,,,,,,,,,,,,,,,,,,,,,,,,,,,,,,,,,,,,,,,,,,,,,,,,,
1891,8,22700,-39.5,46.3,,,,,,,,,,,,,,,,,,,,,,,,,,,,,,,,,,,,,,,,,,,,,,,,,,,,,,,,,,,,,,,,,,,,,,,,,,,,,,,,,,,,,,,,,,,,,,,,,,,,,,,,,,,,,,,,,,,,,,,,,,,,,,,,,,,,,,,,,,,,,,,,,,,,,,,,,,,,,,,,,5.7,5.7,5.7,5.7,1.0,0.0,12.0,0.0,-0.8,-0.8,-0.8,-0.8,1.0,0.0,12.0,0.0,17.5,301.0,581.0,379.5,29.0,688.5,10.0,0.4,20.0,300.0,580.0,380.0,29.0,690.0,10.0,0.4
1891,8,22700,-39.5,46.5,,,,,,,,,,,,,,,,,,,,,,,,,,,,,,,,,2.6,6.7,8.15,5.61,29.0,3.37,10.0,0.4,-4.74,0.71,4.74,0.79,29.0,4.36,10.0,0.4,-0.53,2.51,6.11,3.0,29.0,3.87,10.0,0.4,1011.5,1016.6,1019.72,1015.62,15.0,4.02,10.0,0.3,1.4,3.0,7.0,3.8,29.0,2.7,10.0,0.4,86.1,86.1,86.1,86.1,1.0,0.0,12.0,0.0,-31.7,0.7,31.7,1.8,29.0,35.3,10.0,0.4,-1.8,16.8,40.9,27.6,29.0,45.2,10.0,0.4,,,,,,,,,,,,,,,,,,,,,,,,,,,,,,,,,,,,,,,,,,,,,,,,,,,,,,,,,,,,,,,,,,,,,,,,,,,,,,,,,,,,,,,,,,,,,,,,
1891,8,22700,-39.5,48.4,15.63,16.85,18.0,17.04,14.0,1.29,22.0,0.5,13.9,17.5,18.73,16.94,12.0,2.42,22.0,0.6,7.4,7.61,7.81,7.61,2.0,0.42,28.0,0.0,78.9,79.1,79.3,79.1,2.0,0.5,28.0,0.0,4.73,6.7,12.14,8.41,14.0,3.88,22.0,0.5,1.98,5.75,6.88,4.79,14.0,3.26,22.0,0.5,-0.13,3.99,8.05,4.5,14.0,5.85,22.0,0.5,1008.99,1015.2,1019.27,1013.96,9.0,6.04,24.0,0.4,,,,,,,,,,,,,,,,,,,,,,,,,,,,,,,,,-1.66,-0.35,2.08,-0.06,12.0,1.89,22.0,0.6,-13.2,-2.9,9.4,-3.1,12.0,13.3,22.0,0.6,3.52,3.71,3.89,3.71,2.0,0.39,28.0,0.0,11.2,13.1,14.9,13.1,2.0,3.9,28.0,0.0,32.3,99.8,129.8,87.7,12.0,60.4,22.0,0.6,-12.6,50.2,136.7,53.4,12.0,74.4,22.0,0.6,15.9,17.2,18.4,17.2,2.0,2.5,28.0,0.0,4.4,16.0,27.6,16.0,2.0,24.0,28.0,0.0,,,,,,,,,,,,,,,,,,,,,,,,,,,,,,,,
1891,8,22700,-39.5,48.7,,,,,,,,,,,,,,,,,,,,,,,,,,,,,,,,,,,,,,,,,,,,,,,,,,,,,,,,,,,,,,,,,,,,,,,,,,,,,,,,,,,,,,,,,,,,,,,,,,,,,,,,,,,,,,,,,,,,,,,,,,,,,,,,,,,,,,,,,,,,,,,,,,,,,,,,,,,,,,,,,7.3,8.5,9.8,8.5,2.0,2.6,28.0,0.0,1.8,6.9,12.0,6.9,2.0,10.5,28.0,0.0,110.0,301.0,1803.0,979.0,14.0,1236.0,22.0,0.5,110.0,300.0,1805.0,980.0,14.0,1235.0,22.0,0.5
1891,8,22700,-39.39999999999998,-41.2,,,,,,,,,,,,,,,,,,,,,,,,,,,,,,,,,7.94,10.8,13.92,10.93,4.0,3.76,16.0,1.0,0.0,0.0,0.0,0.0,4.0,0.0,16.0,1.0,0.92,10.8,13.92,7.58,4.0,9.84,16.0,1.0,1029.38,1033.15,1033.36,1031.45,4.0,3.64,16.0,1.0,,,,,,,,,,,,,,,,,,,,,,,,,,,,,,,,,,,,,,,,,,,,,,,,,,,,,,,,,,,,,,,,,,,,,,,,,,,,,,,,,,,,,,,,,,,,,,,,,,,,,,,,,,,,,,,,,,,,,,,,,,,,,,,,
1891,8,22700,-39.39999999999998,-25.2,,,,,,,,,,,,,,,,,,,,,,,,,,,,,,,,,2.6,6.7,10.21,6.47,18.0,4.06,20.0,0.6,-3.93,-0.97,3.63,-0.6,18.0,3.44,20.0,0.6,-5.29,1.55,9.39,1.7,18.0,6.74,20.0,0.6,1013.63,1019.0,1022.81,1018.81,19.0,3.64,20.0,0.6,,,,,,,,,,,,,,,,,,,,,,,,,,,,,,,,,,,,,,,,,,,,,,,,,,,,,,,,,,,,,,,,,,,,,,,,,,,,,,,,,,,,,,,,,,,,,,,,,,,,,,,,,,,,,,,,,,,,,,,,,,,,,,,,
1891,8,22700,-39.39999999999998,-23.4,,,,,,,,,,,,,,,,,,,,,,,,,,,,,,,,,4.73,9.3,9.3,7.92,14.0,2.02,22.0,0.6,-4.1,-1.63,0.0,-1.57,14.0,3.04,22.0,0.6,-9.3,-7.57,1.68,-4.54,14.0,6.13,22.0,0.6,1015.31,1017.7,1022.66,1018.36,14.0,3.54,22.0,0.6,0.0,2.0,5.6,2.7,15.0,2.3,22.0,0.6,78.0,78.0,78.0,78.0,1.0,0.0,14.0,1.0,-32.4,-7.5,0.0,-10.1,14.0,25.6,22.0,0.6,-86.5,-70.4,7.7,-41.1,14.0,54.9,22.0,0.6,,,,,,,,,,,,,,,,,,,,,,,,,,,,,,,,,-88.7,-33.2,0.0,-33.1,14.0,70.3,22.0,0.6,-220.9,-169.1,35.9,-111.4,14.0,134.4,22.0,0.6,-51.1,-51.1,-51.1,-51.1,1.0,0.0,14.0,1.0,24.9,24.9,24.9,24.9,1.0,0.0,14.0,1.0,,,,,,,,,,,,,,,,,,,,,,,,,,,,,,,,
1891,8,22700,-39.39999999999998,-23.3,22.12,22.7,23.05,22.67,12.0,0.52,22.0,0.5,20.98,22.4,24.34,22.49,15.0,2.21,22.0,0.6,12.36,12.36,12.36,12.36,1.0,0.0,14.0,1.0,78.0,78.0,78.0,78.0,1.0,0.0,14.0,1.0,,,,,,,,,,,,,,,,,,,,,,,,,,,,,,,,,,,,,,,,,,,,,,,,,,,,,,,,,,,,,,,,,-1.23,0.05,0.85,0.11,12.0,1.57,22.0,0.5,-10.6,-0.9,6.0,-2.0,11.0,7.5,22.0,0.5,3.82,3.82,3.82,3.82,1.0,0.0,14.0,1.0,17.6,17.6,17.6,17.6,1.0,0.0,14.0,1.0,,,,,,,,,,,,,,,,,,,,,,,,,,,,,,,,,,,,,,,,,,,,,,,,,,,,,,,,,,,,,,,,
1891,8,22700,-39.39999999999998,-19.6,,,,,,,,,,,,,,,,,,,,,,,,,,,,,,,,,,,,,,,,,,,,,,,,,,,,,,,,,,,,,,,,,,,,,,,,,,,,,,,,,,,,,,,,,,,,,,,,,,,,,,,,,,,,,,,,,,,,,,,,,,,,,,,,,,,,,,,,,,,,,,,,,,,,,,,,,,,,,,,,,-11.8,-6.8,-1.3,-6.8,12.0,5.4,14.0,0.1,-7.7,-1.7,10.0,0.0,12.0,8.2,14.0,0.1,17.5,97.5,97.5,106.0,21.0,89.5,12.0,0.3,20.0,95.0,95.0,105.0,21.0,90.0,12.0,0.3
1891,8,22700,-39.39999999999998,-19.5,21.93,23.45,23.7,23.1,22.0,0.91,14.0,0.4,21.8,22.8,23.85,22.95,23.0,1.24,14.0,0.3,14.42,15.23,15.98,15.16,13.0,0.98,12.0,0.1,83.8,88.5,93.6,88.7,13.0,5.4,12.0,0.1,2.6,4.6,4.6,4.27,21.0,1.56,12.0,0.3,-3.67,-1.8,1.0,-1.64,21.0,2.38,12.0,0.3,-4.48,-2.23,2.77,-1.59,21.0,3.24,12.0,0.3,1017.45,1018.5,1022.05,1019.16,23.0,2.07,14.0,0.3,1.0,2.0,5.5,3.0,23.0,2.4,14.0,0.3,83.8,88.5,93.6,88.7,13.0,5.4,12.0,0.1,-16.9,-8.3,3.6,-7.9,21.0,12.9,12.0,0.3,-20.6,-6.2,12.7,-7.7,21.0,17.5,12.0,0.3,-0.4,0.4,1.0,0.14,22.0,1.49,14.0,0.4,-3.3,1.1,5.0,-0.3,20.0,8.9,14.0,0.4,1.74,2.26,3.28,2.47,12.0,0.85,14.0,0.1,4.3,11.8,15.1,10.4,12.0,5.4,14.0,0.1,-86.3,-39.5,24.7,-36.4,21.0,55.0,12.0,0.3,-99.2,-55.0,62.2,-38.3,21.0,76.1,12.0,0.3,-56.5,-42.8,-15.0,-41.0,13.0,27.4,12.0,0.1,-51.0,-16.0,42.3,-7.7,13.0,45.3,12.0,0.1,,,,,,,,,,,,,,,,,,,,,,,,,,,,,,,,
1891,8,22700,-39.39999999999998,18.5,,,,,,,,,,,,,,,,,,,,,,,,,,,,,,,,,2.6,4.6,6.7,4.63,12.0,1.51,14.0,0.5,-6.17,-4.27,-2.41,-4.28,12.0,1.39,14.0,0.5,-2.62,-1.72,-0.97,-1.76,12.0,0.61,14.0,0.5,1015.32,1016.1,1016.63,1015.99,12.0,0.67,14.0,0.5,,,,,,,,,,,,,,,,,,,,,,,,,,,,,,,,,,,,,,,,,,,,,,,,,,,,,,,,,,,,,,,,,,,,,,,,,,,,,,,,,,,,,,,,,,,,,,,,,,,,,,,,,,,,,,,,,,,,,,,,,,,,,,,,
1891,8,22700,-39.39999999999998,34.4,,,,,,,,,,,,,,,,,,,,,,,,,,,,,,,,,2.6,3.6,4.6,3.6,6.0,1.1,16.0,0.3,-3.25,-1.12,1.84,-0.84,6.0,2.66,16.0,0.3,-3.25,-2.82,-1.84,-2.64,6.0,0.7,16.0,0.3,1016.56,1019.75,1023.69,1020.02,6.0,3.9,16.0,0.3,,,,,,,,,,,,,,,,,,,,,,,,,,,,,,,,,,,,,,,,,,,,,,,,,,,,,,,,,,,,,,,,,,,,,,,,,,,,,,,,,,,,,,,,,,,,,,,,,,,,,,,,,,,,,,,,,,,,,,,,,,,,,,,,
1891,8,22700,-39.39999999999998,46.4,,,,,,,,,,,,,,,,,,,,,,,,,,,,,,,,,,,,,,,,,,,,,,,,,,,,,,,,,,,,,,,,,,,,,,,,,,,,,,,,,,,,,,,,,,,,,,,,,-2.45,-1.0,0.75,-0.8,23.0,1.79,8.0,0.5,-17.7,-3.3,5.1,-5.6,23.0,10.0,8.0,0.5,1.26,1.26,1.26,1.26,1.0,0.0,12.0,0.0,5.8,5.8,5.8,5.8,1.0,0.0,12.0,0.0,-100.7,23.5,104.0,18.7,24.0,96.8,8.0,0.5,-10.0,89.2,128.8,74.8,24.0,80.4,8.0,0.5,57.6,57.6,57.6,57.6,1.0,0.0,12.0,0.0,-8.1,-8.1,-8.1,-8.1,1.0,0.0,12.0,0.0,,,,,,,,,,,,,,,,,,,,,,,,,,,,,,,,
1891,8,22700,-39.39999999999998,46.5,17.98,19.4,20.06,19.21,25.0,1.15,8.0,0.4,18.17,20.7,22.07,20.32,24.0,2.05,8.0,0.5,12.64,12.64,12.64,12.64,1.0,0.0,12.0,0.0,86.1,86.1,86.1,86.1,1.0,0.0,12.0,0.0,,,,,,,,,,,,,,,,,,,,,,,,,,,,,,,,,,,,,,,,,,,,,,,,,,,,,,,,,,,,,,,,,,,,,,,,,,,,,,,,,,,,,,,,,,,,,,,,,,,,,,,,,,,,,,,,,,,,,,,,,,,,,,,,,,,,,,,,,,,,,,,,,,,,,,,,,,,,,,,,
1891,8,22700,-39.39999999999998,48.4,,,,,,,,,,,,,,,,,,,,,,,,,,,,,,,,,,,,,,,,,,,,,,,,,,,,,,,,,,,,,,,,,3.9,6.0,8.0,6.1,13.0,2.1,22.0,0.5,78.9,79.1,79.3,79.1,2.0,0.5,28.0,0.0,6.9,41.5,67.9,43.6,14.0,42.1,22.0,0.5,-0.3,18.4,78.9,52.2,14.0,81.4,22.0,0.5,,,,,,,,,,,,,,,,,,,,,,,,,,,,,,,,,,,,,,,,,,,,,,,,,,,,,,,,,,,,,,,,,,,,,,,,,,,,,,,,,,,,,,,,,,,,,,,,
1891,8,22700,-39.30000000000001,-43.4,,,,,,,,,,,,,,,,,,,,,,,,,,,,,,,,,3.46,6.7,11.02,6.84,10.0,4.04,10.0,0.6,0.0,0.0,2.08,0.79,10.0,1.67,10.0,0.6,-11.02,-5.65,0.99,-4.42,10.0,6.56,10.0,0.6,1023.96,1025.8,1026.69,1025.33,3.0,2.04,10.0,0.7,,,,,,,,,,,,,,,,,,,,,,,,,,,,,,,,,,,,,,,,,,,,,,,,,,,,,,,,,,,,,,,,,,,,,,,,,,,,,,,,,,,,,,,,,,,,,,,,,,,,,,,,,,,,,,,,,,,,,,,,,,,,,,,,
1891,8,22700,-39.30000000000001,44.5,,,,,,,,,,,,,,,,,,,,,,,,,,,,,,,,,3.9,6.7,9.3,6.95,24.0,3.19,12.0,0.5,-3.25,3.37,6.7,1.97,24.0,5.2,12.0,0.5,0.25,3.25,7.29,3.6,24.0,4.0,12.0,0.5,1013.54,1017.65,1018.4,1016.28,10.0,3.02,16.0,0.8,,,,,,,,,,,,,,,,,,,,,,,,,,,,,,,,,,,,,,,,,,,,,,,,,,,,,,,,,,,,,,,,,,,,,,,,,,,,,,,,,,,,,,,,,,,,,,,,,,,,,,,,,,,,,,,,,,,,,,,,,,,,,,,,
1891,8,22700,-39.19999999999999,-45.4,,,,,,,,,,,,,,,,,,,,,,,,,,,,,,,,,2.6,9.0,15.4,9.0,4.0,7.39,16.0,0.5,2.49,8.39,14.18,8.34,4.0,6.74,16.0,0.5,-0.53,3.01,6.02,2.75,4.0,3.79,16.0,0.5,1031.92,1031.95,1031.98,1031.95,2.0,0.07,18.0,0.0,,,,,,,,,,,,,,,,,,,,,,,,,,,,,,,,,,,,,,,,,,,,,,,,,,,,,,,,,,,,,,,,,,,,,,,,,,,,,,,,,,,,,,,,,,,,,,,,,,,,,,,,,,,,,,,,,,,,,,,,,,,,,,,,
1891,8,22700,-39.19999999999999,-37.2,,,,,,,,,,,,,,,,,,,,,,,,,,,,,,,,,2.6,12.3,16.32,11.17,12.0,6.4,20.0,0.3,-4.9,0.0,9.25,1.66,12.0,6.97,20.0,0.3,-15.1,-9.79,-1.54,-8.63,12.0,6.64,20.0,0.3,1006.4,1010.95,1027.29,1015.46,12.0,10.09,20.0,0.3,,,,,,,,,,,,,,,,,,,,,,,,,,,,,,,,,,,,,,,,,,,,,,,,,,,,,,,,,,,,,,,,,,,,,,,,,,,,,,,,,,,,,,,,,,,,,,,,,,,,,,,,,,,,,,,,,,,,,,,,,,,,,,,,
1891,8,22700,-39.19999999999999,-17.5,23.61,24.15,24.6,24.19,14.0,0.53,10.0,0.8,22.31,23.5,24.67,23.37,14.0,1.33,10.0,0.8,14.88,16.58,18.08,16.45,11.0,1.5,12.0,0.9,86.9,92.0,96.0,91.3,11.0,5.4,12.0,0.9,2.6,4.6,4.6,3.92,14.0,1.44,10.0,0.8,-4.37,-1.42,-0.06,-2.09,14.0,2.25,10.0,0.8,-4.21,-2.12,1.26,-1.35,14.0,2.62,10.0,0.8,1016.46,1018.45,1021.44,1019.03,14.0,2.48,10.0,0.8,2.0,2.5,4.9,2.9,14.0,1.7,10.0,0.8,86.9,92.0,96.0,91.3,11.0,5.4,12.0,0.9,-20.1,-6.5,-0.1,-10.4,14.0,12.9,10.0,0.8,-19.4,-5.5,5.8,-4.9,14.0,11.7,10.0,0.8,-0.19,1.0,1.47,0.82,14.0,1.07,10.0,0.8,-0.5,2.6,6.8,3.8,14.0,6.0,10.0,0.8,1.24,1.79,3.56,2.43,11.0,1.34,12.0,0.9,3.2,5.5,18.9,9.9,11.0,8.3,12.0,0.9,-93.6,-34.3,-1.5,-46.7,14.0,49.0,10.0,0.8,-100.9,-52.2,27.0,-33.0,14.0,62.0,10.0,0.8,-52.7,-18.7,0.0,-26.7,11.0,34.3,12.0,0.9,-67.3,-42.4,14.2,-27.3,11.0,40.9,12.0,0.9,-14.9,-2.2,0.0,-5.8,11.0,8.5,12.0,0.9,-5.7,-2.3,3.7,-1.7,11.0,8.0,12.0,0.9,17.5,97.5,97.5,82.0,14.0,75.0,10.0,0.8,20.0,95.0,95.0,80.0,14.0,75.0,10.0,0.8
1891,8,22700,-39.19999999999999,-15.5,24.38,24.8,25.2,24.83,9.0,0.46,14.0,0.1,23.11,23.5,24.81,23.71,9.0,1.01,14.0,0.1,15.05,17.45,17.91,16.59,9.0,1.51,14.0,0.1,85.1,91.9,96.2,91.3,9.0,5.8,14.0,0.1,1.18,2.6,4.6,3.21,8.0,1.96,14.0,0.1,-3.57,-1.43,-0.98,-2.15,8.0,1.78,14.0,0.1,-2.33,-0.61,2.89,0.27,8.0,2.67,14.0,0.1,1016.61,1018.9,1023.62,1019.79,9.0,3.94,14.0,0.1,0.0,2.0,2.7,1.4,9.0,1.2,14.0,0.1,85.1,91.9,96.2,91.3,9.0,5.8,14.0,0.1,-16.4,-3.7,-1.2,-9.9,8.0,12.1,14.0,0.1,-6.1,-0.6,13.3,4.6,8.0,12.5,14.0,0.1,0.68,1.0,1.57,1.12,9.0,0.81,14.0,0.1,0.6,3.2,5.4,3.2,8.0,2.9,14.0,0.1,1.94,2.66,3.83,2.86,9.0,1.03,14.0,0.1,2.8,5.8,20.0,10.1,8.0,8.7,14.0,0.1,-83.5,-35.0,-23.4,-50.6,8.0,41.1,14.0,0.1,-55.0,-15.2,67.6,5.2,8.0,63.2,14.0,0.1,-52.8,-25.2,-17.4,-33.9,8.0,26.4,14.0,0.1,-41.8,-10.9,42.7,1.3,8.0,43.1,14.0,0.1,-15.6,-3.3,-1.4,-7.2,8.0,7.3,14.0,0.1,-4.4,-1.5,12.6,2.9,8.0,8.4,14.0,0.1,3.0,17.5,97.5,69.0,8.0,102.0,14.0,0.1,5.0,20.0,95.0,70.0,8.0,100.0,14.0,0.1
1891,8,22700,-39.19999999999999,-13.7,24.4,24.6,24.81,24.6,7.0,0.24,12.0,0.4,23.8,24.25,24.68,24.28,6.0,0.49,10.0,0.3,14.24,15.14,18.25,15.97,5.0,2.48,12.0,0.4,74.6,82.3,97.4,85.1,5.0,12.5,12.0,0.4,2.52,4.6,6.7,4.7,7.0,2.24,12.0,0.4,-5.26,-3.25,-2.34,-3.56,7.0,1.77,12.0,0.4,-3.25,-0.22,4.29,0.62,7.0,3.52,12.0,0.4,1016.64,1017.4,1020.6,1018.21,7.0,1.99,12.0,0.4,2.0,2.0,3.0,2.4,7.0,0.5,12.0,0.4,74.6,82.3,97.4,85.1,5.0,12.5,12.0,0.4,-35.3,-15.0,-6.0,-19.7,7.0,15.0,12.0,0.4,-15.0,-0.2,28.7,6.8,7.0,20.8,12.0,0.4,,,,,,,,,,,,,,,,,,,,,,,,,,,,,,,,,,,,,,,,,,,,,,,,,,,,,,,,,,,,,,,,,-15.0,-5.5,-2.7,-8.6,5.0,8.4,12.0,0.4,-4.8,-0.9,13.1,5.0,5.0,17.7,12.0,0.4,17.0,97.5,301.0,159.5,7.0,137.0,12.0,0.4,15.0,95.0,300.0,160.0,7.0,135.0,12.0,0.4
1891,8,22700,-39.19999999999999,-13.6,,,,,,,,,,,,,,,,,,,,,,,,,,,,,,,,,,,,,,,,,,,,,,,,,,,,,,,,,,,,,,,,,,,,,,,,,,,,,,,,,,,,,,,,,,,,,,,,,-0.06,0.4,0.8,0.35,6.0,0.48,10.0,0.3,-0.4,0.6,4.0,1.4,6.0,2.7,10.0,0.3,1.12,4.08,5.22,3.36,5.0,2.46,12.0,0.4,2.8,7.8,23.1,13.4,5.0,16.8,12.0,0.4,-97.5,-78.9,-52.6,-80.0,6.0,43.6,10.0,0.3,-78.4,-14.9,68.6,0.0,6.0,82.9,10.0,0.3,-59.4,-44.2,-28.5,-43.0,5.0,18.9,12.0,0.4,-59.4,-14.7,24.7,-12.9,5.0,54.8,12.0,0.4,,,,,,,,,,,,,,,,,,,,,,,,,,,,,,,,
1891,8,22700,-39.19999999999999,26.3,,,,,,,,,,,,,,,,,,,,,,,,,,,,,,,,,2.6,3.6,6.7,4.23,10.0,1.88,24.0,0.8,-6.21,-3.04,-0.97,-3.32,10.0,2.4,24.0,0.8,-2.51,-2.41,-0.79,-1.72,10.0,1.46,24.0,0.8,1020.99,1021.55,1021.71,1021.34,10.0,0.47,24.0,0.8,,,,,,,,,,,,,,,,,,,,,,,,,,,,,,,,,,,,,,,,,,,,,,,,,,,,,,,,,,,,,,,,,,,,,,,,,,,,,,,,,,,,,,,,,,,,,,,,,,,,,,,,,,,,,,,,,,,,,,,,,,,,,,,,
1891,8,22700,-39.19999999999999,56.3,,,,,,,,,,,,,,,,,,,,,,,,,,,,,,,,,15.4,15.4,15.4,15.4,1.0,0.0,26.0,0.0,7.47,7.47,7.47,7.47,1.0,0.0,26.0,0.0,-13.47,-13.47,-13.47,-13.47,1.0,0.0,26.0,0.0,1007.32,1008.65,1009.98,1008.65,2.0,2.76,26.0,0.0,,,,,,,,,,,,,,,,,,,,,,,,,,,,,,,,,,,,,,,,,,,,,,,,,,,,,,,,,,,,,,,,,,,,,,,,,,,,,,,,,,,,,,,,,,,,,,,,,,,,,,,,,,,,,,,,,,,,,,,,,,,,,,,,
1891,8,22700,-39.0,-39.2,,,,,,,,,,,,,,,,,,,,,,,,,,,,,,,,,4.6,4.6,13.76,7.52,9.0,4.72,14.0,0.3,0.0,0.0,10.89,3.56,9.0,6.12,14.0,0.3,-3.06,4.6,4.6,2.74,9.0,5.08,14.0,0.3,1024.55,1033.2,1034.14,1030.46,9.0,5.3,14.0,0.3,,,,,,,,,,,,,,,,,,,,,,,,,,,,,,,,,,,,,,,,,,,,,,,,,,,,,,,,,,,,,,,,,,,,,,,,,,,,,,,,,,,,,,,,,,,,,,,,,,,,,,,,,,,,,,,,,,,,,,,,,,,,,,,,
1891,8,22700,-39.0,30.5,,,,,,,,,,,,,,,,,,,,,,,,,,,,,,,,,2.06,2.6,4.6,2.83,6.0,1.7,30.0,0.5,-2.57,-0.86,0.0,-1.23,6.0,1.43,30.0,0.5,-3.46,-2.6,-0.81,-2.29,6.0,1.54,30.0,0.5,1022.62,1023.65,1024.18,1023.48,6.0,0.84,30.0,0.5,,,,,,,,,,,,,,,,,,,,,,,,,,,,,,,,,,,,,,,,,,,,,,,,,,,,,,,,,,,,,,,,,,,,,,,,,,,,,,,,,,,,,,,,,,,,,,,,,,,,,,,,,,,,,,,,,,,,,,,,,,,,,,,,
1891,8,22700,-37.80000000000001,-19.3,,,,,,,,,,,,,,,,,,,,,,,,,,,,,,,,,,,,,,,,,,,,,,,,,,,,,,,,,,,,,,,,,,,,,,,,,,,,,,,,,,,,,,,,,,,,,,,,,,,,,,,,,,,,,,,,,,,,,,,,,,,,,,,,,,,,,,,,,,,,,,,,,,,,,,,,,,,,,,,,,-11.8,-11.8,-11.8,-11.8,1.0,0.0,16.0,1.0,12.2,12.2,12.2,12.2,1.0,0.0,16.0,1.0,17.5,97.5,804.5,449.0,35.0,642.0,22.0,0.6,20.0,95.0,805.0,450.0,35.0,640.0,22.0,0.6
1891,8,22700,-37.60000000000002,-17.5,23.63,24.0,24.26,23.95,10.0,0.42,14.0,0.6,22.47,23.05,23.85,23.11,12.0,0.89,16.0,0.5,14.71,15.05,15.2,14.96,4.0,0.36,16.0,0.5,81.4,87.5,94.5,88.0,4.0,8.1,16.0,0.5,,,,,,,,,,,,,,,,,,,,,,,,,,,,,,,,,,,,,,,,,,,,,,,,,,,,,,,,,,,,,,,,,0.09,0.45,1.81,0.82,10.0,0.94,14.0,0.6,0.4,1.7,8.3,3.7,10.0,4.4,14.0,0.6,3.34,3.56,3.84,3.59,4.0,0.35,16.0,0.5,12.0,15.4,17.4,14.7,4.0,3.9,16.0,0.5,,,,,,,,,,,,,,,,,,,,,,,,,,,,,,,,,,,,,,,,,,,,,,,,,,,,,,,,,,,,,,,,
1891,8,22700,-37.60000000000002,-15.6,,,,,,,,,,,,,,,,,,,,,,,,,,,,,,,,,2.6,2.6,4.6,3.35,8.0,1.04,6.0,0.5,-3.25,-2.39,-0.72,-2.38,8.0,1.37,6.0,0.5,-2.42,-1.05,2.85,-0.32,8.0,2.33,6.0,0.5,1016.53,1018.7,1020.27,1018.34,8.0,2.08,6.0,0.5,,,,,,,,,,,,,,,,,,,,,,,,,,,,,,,,,,,,,,,,,,,,,,,,,,,,,,,,,,,,,,,,,,,,,,,,,,,,,,,,,,,,,,,,,,,,,,,,,,,,,,,,,,,,,,,,,,,,,,,,,,,,,,,,
1891,8,22700,-37.60000000000002,-13.1,,,,,,,,,,,,,,,,,,,,,,,,,,,,,,,,,,,,,,,,,,,,,,,,,,,,,,,,,,,,,,,,,,,,,,,,,,,,,,,,,,,,,,,,,,,,,,,,,,,,,,,,,,,,,,,,,,,,,,,,,,,,,,,,,,,,,,,,,,,,,,,,,,,,,,,,,,,,,,,,,-31.1,-15.1,-12.5,-21.6,3.0,14.7,12.0,0.3,-3.6,-1.6,17.2,6.6,3.0,16.8,12.0,0.3,97.5,97.5,301.0,157.5,21.0,106.5,8.0,0.4,95.0,95.0,300.0,160.0,21.0,105.0,8.0,0.4
1891,8,22700,-37.60000000000002,46.5,,,,,,,,,,,,,,,,,,,,,,,,,,,,,,,,,,,,,,,,,,,,,,,,,,,,,,,,,,,,,,,,,,,,,,,,,,,,,,,,,,,,,,,,,,,,,,,,,,,,,,,,,,,,,,,,,,,,,,,,,,,,,,,,,,,,,,,,,,,,,,,,,,,,,,,,,,,,,,,,,-8.4,-3.8,0.7,-3.8,2.0,9.4,12.0,0.5,-0.9,4.9,10.7,4.9,2.0,12.0,12.0,0.5,17.5,97.5,804.5,776.0,35.0,1666.5,12.0,0.5,20.0,95.0,805.0,775.0,35.0,1665.0,12.0,0.5
1891,8,22700,-37.5,-37.5,,,,,,,,,,,,,,,,,,,,,,,,,,,,,,,,,1.0,7.45,16.14,8.55,6.0,7.99,20.0,1.0,-0.38,0.0,8.22,3.59,6.0,7.34,20.0,1.0,-12.71,-4.48,1.0,-5.59,6.0,6.69,20.0,1.0,1017.64,1028.35,1030.0,1024.02,4.0,10.43,20.0,1.0,,,,,,,,,,,,,,,,,,,,,,,,,,,,,,,,,,,,,,,,,,,,,,,,,,,,,,,,,,,,,,,,,,,,,,,,,,,,,,,,,,,,,,,,,,,,,,,,,,,,,,,,,,,,,,,,,,,,,,,,,,,,,,,,
1891,8,22700,-37.5,-17.5,,,,,,,,,,,,,,,,,,,,,,,,,,,,,,,,,4.09,4.6,7.36,5.23,12.0,2.17,16.0,0.5,-6.27,-4.35,-3.07,-4.32,12.0,1.71,16.0,0.5,-1.15,1.49,4.1,1.43,12.0,2.99,16.0,0.5,1018.59,1019.8,1020.53,1019.26,12.0,2.14,16.0,0.5,2.0,2.5,8.0,4.2,12.0,2.8,16.0,0.5,81.4,87.5,94.5,88.0,4.0,8.1,16.0,0.5,-46.4,-20.0,-12.8,-25.6,12.0,19.1,16.0,0.5,-5.0,6.9,28.6,12.7,12.0,24.1,16.0,0.5,,,,,,,,,,,,,,,,,,,,,,,,,,,,,,,,,-148.8,-97.2,-68.9,-99.5,12.0,39.9,16.0,0.5,-26.9,34.4,92.1,32.7,12.0,69.2,16.0,0.5,-67.1,-56.9,-43.4,-55.3,4.0,14.2,16.0,0.5,-13.6,-10.5,22.0,3.5,4.0,30.3,16.0,0.5,,,,,,,,,,,,,,,,,,,,,,,,,,,,,,,,
1891,8,22700,-37.5,48.4,16.81,17.9,18.79,17.73,16.0,1.26,16.0,0.5,17.04,18.4,19.91,18.09,15.0,2.19,16.0,0.5,7.71,7.71,7.71,7.71,1.0,0.0,26.0,0.0,88.7,88.7,88.7,88.7,1.0,0.0,26.0,0.0,6.7,9.3,9.8,8.3,19.0,2.44,16.0,0.6,0.0,3.75,7.0,3.87,19.0,4.67,16.0,0.6,1.57,6.58,8.12,4.5,19.0,4.44,16.0,0.6,1007.21,1015.65,1018.73,1013.77,12.0,5.62,16.0,0.5,3.0,5.0,8.0,5.3,19.0,2.0,16.0,0.6,88.7,88.7,88.7,88.7,1.0,0.0,26.0,0.0,0.0,33.8,68.1,37.7,19.0,51.3,16.0,0.6,4.1,44.1,79.6,37.4,19.0,42.0,16.0,0.6,-1.08,-0.4,0.47,-0.31,15.0,1.23,16.0,0.5,-7.2,-3.7,2.0,-2.8,15.0,10.7,16.0,0.5,2.87,2.87,2.87,2.87,1.0,0.0,26.0,0.0,26.7,26.7,26.7,26.7,1.0,0.0,26.0,0.0,0.0,55.3,111.9,44.7,15.0,74.8,16.0,0.5,48.2,128.9,146.4,101.6,15.0,63.0,16.0,0.5,57.3,57.3,57.3,57.3,1.0,0.0,26.0,0.0,-43.2,-43.2,-43.2,-43.2,1.0,0.0,26.0,0.0,,,,,,,,,,,,,,,,,,,,,,,,,,,,,,,,
1891,8,22700,-37.5,48.8,,,,,,,,,,,,,,,,,,,,,,,,,,,,,,,,,,,,,,,,,,,,,,,,,,,,,,,,,,,,,,,,,,,,,,,,,,,,,,,,,,,,,,,,,,,,,,,,,,,,,,,,,,,,,,,,,,,,,,,,,,,,,,,,,,,,,,,,,,,,,,,,,,,,,,,,,,,,,,,,,21.3,21.3,21.3,21.3,1.0,0.0,26.0,0.0,-16.1,-16.1,-16.1,-16.1,1.0,0.0,26.0,0.0,301.0,804.5,941.0,706.5,19.0,514.5,16.0,0.6,300.0,805.0,940.0,705.0,19.0,515.0,16.0,0.6
1891,8,22700,-37.5,52.7,,,,,,,,,,,,,,,,,,,,,,,,,,,,,,,,,15.4,15.4,17.86,16.6,3.0,2.08,26.0,0.3,9.05,9.05,13.99,11.46,3.0,4.18,26.0,0.3,-12.46,-12.46,-10.63,-11.57,3.0,1.54,26.0,0.3,1008.37,1011.1,1014.44,1011.4,3.0,4.46,26.0,0.3,,,,,,,,,,,,,,,,,,,,,,,,,,,,,,,,,,,,,,,,,,,,,,,,,,,,,,,,,,,,,,,,,,,,,,,,,,,,,,,,,,,,,,,,,,,,,,,,,,,,,,,,,,,,,,,,,,,,,,,,,,,,,,,,
1891,8,22700,-37.39999999999998,-43.4,,,,,,,,,,,,,,,,,,,,,,,,,,,,,,,,,6.7,13.85,22.6,14.04,18.0,6.54,14.0,0.5,-5.5,5.2,14.72,4.33,18.0,8.99,14.0,0.5,-17.62,-7.79,3.28,-6.37,18.0,10.39,14.0,0.5,1030.1,1030.4,1030.84,1030.46,5.0,0.38,18.0,0.4,,,,,,,,,,,,,,,,,,,,,,,,,,,,,,,,,,,,,,,,,,,,,,,,,,,,,,,,,,,,,,,,,,,,,,,,,,,,,,,,,,,,,,,,,,,,,,,,,,,,,,,,,,,,,,,,,,,,,,,,,,,,,,,,
1891,8,22700,-37.39999999999998,-21.3,,,,,,,,,,,,,,,,,,,,,,,,,,,,,,,,,2.6,5.65,6.7,4.87,22.0,2.1,22.0,0.5,-4.74,-2.51,0.0,-2.73,22.0,2.07,22.0,0.5,-5.72,-2.22,2.29,-1.9,22.0,3.66,22.0,0.5,1018.31,1019.95,1021.98,1020.16,14.0,2.91,24.0,0.5,,,,,,,,,,,,,,,,,,,,,,,,,,,,,,,,,,,,,,,,,,,,,,,,,,,,,,,,,,,,,,,,,,,,,,,,,,,,,,,,,,,,,,,,,,,,,,,,,,,,,,,,,,,,,,,,,,,,,,,,,,,,,,,,
1891,8,22700,-37.39999999999998,-17.5,,,,,,,,,,,,,,,,,,,,,,,,,,,,,,,,,,,,,,,,,,,,,,,,,,,,,,,,,,,,,,,,,,,,,,,,,,,,,,,,,,,,,,,,,,,,,,,,,,,,,,,,,,,,,,,,,,,,,,,,,,,,,,,,,,,,,,,,,,,,,,,,,,,,,,,,,,,,,,,,,-16.4,-12.9,-10.3,-13.3,4.0,3.9,16.0,0.5,-3.4,-2.3,5.1,0.7,4.0,7.1,16.0,0.5,77.0,97.5,429.0,219.0,12.0,282.5,16.0,0.5,75.0,95.0,430.0,220.0,12.0,280.0,16.0,0.5
1891,8,22700,-37.39999999999998,-13.3,24.6,24.8,24.98,24.81,21.0,0.23,8.0,0.4,23.41,24.3,24.62,24.16,16.0,0.86,6.0,0.4,12.76,14.25,15.98,14.37,3.0,2.36,12.0,0.3,70.1,76.0,84.2,77.1,3.0,10.4,12.0,0.3,4.6,4.6,6.7,5.11,21.0,1.29,8.0,0.4,-6.37,-4.5,-3.86,-4.67,21.0,1.31,8.0,0.4,-0.96,0.0,2.51,0.45,21.0,2.06,8.0,0.4,1016.65,1017.9,1019.13,1017.99,21.0,1.64,8.0,0.4,2.0,3.0,4.8,3.3,21.0,1.7,8.0,0.4,70.1,76.0,84.2,77.1,3.0,10.4,12.0,0.3,-42.6,-20.7,-17.7,-25.3,21.0,12.5,8.0,0.4,-4.4,0.0,12.8,2.8,21.0,11.9,8.0,0.4,0.05,0.55,1.35,0.64,16.0,0.78,6.0,0.4,0.2,2.6,6.6,3.3,16.0,4.3,6.0,0.4,3.66,5.85,6.59,5.14,3.0,2.23,12.0,0.3,13.1,15.2,36.5,24.6,3.0,19.0,12.0,0.3,-118.0,-105.7,-91.4,-104.8,16.0,22.5,6.0,0.4,-22.9,-3.3,77.4,16.3,16.0,52.5,6.0,0.4,-70.2,-67.0,-46.4,-58.5,3.0,18.9,12.0,0.3,-21.0,-3.9,29.6,4.1,3.0,37.7,12.0,0.3,,,,,,,,,,,,,,,,,,,,,,,,,,,,,,,,
1891,8,22700,-37.39999999999998,-11.7,24.32,24.8,25.0,24.74,11.0,0.38,12.0,0.3,23.2,24.3,24.82,24.26,11.0,1.36,12.0,0.3,12.56,16.74,17.11,15.29,7.0,2.3,14.0,0.1,71.6,86.5,89.8,82.1,7.0,9.2,14.0,0.1,4.6,6.7,9.3,6.69,11.0,2.22,12.0,0.3,-6.5,-4.57,-3.75,-4.69,11.0,1.48,12.0,0.3,-0.99,1.85,7.08,3.05,11.0,4.19,12.0,0.3,1016.16,1017.6,1020.41,1018.08,11.0,2.3,12.0,0.3,2.0,3.0,3.4,3.3,11.0,1.7,12.0,0.3,71.6,86.5,89.8,82.1,7.0,9.2,14.0,0.1,-52.9,-21.0,-18.8,-32.0,11.0,17.7,12.0,0.3,-4.6,12.4,65.9,28.3,11.0,36.1,12.0,0.3,0.22,0.6,1.08,0.47,11.0,1.17,12.0,0.3,1.0,3.2,10.1,4.0,11.0,9.2,12.0,0.3,2.32,3.0,6.15,3.97,7.0,1.81,14.0,0.1,10.7,13.8,47.2,27.6,7.0,20.3,14.0,0.1,-150.4,-111.2,-89.8,-114.0,11.0,37.3,12.0,0.3,-24.5,51.0,165.1,71.2,11.0,98.3,12.0,0.3,-76.6,-66.9,-43.6,-60.7,7.0,20.2,14.0,0.1,-30.2,-8.0,99.5,29.1,7.0,67.9,14.0,0.1,-23.5,-12.8,-8.2,-15.3,7.0,8.7,14.0,0.1,-4.1,-1.3,46.1,16.7,7.0,25.1,14.0,0.1,97.5,301.0,804.5,391.5,11.0,336.5,12.0,0.3,95.0,300.0,805.0,390.0,11.0,335.0,12.0,0.3
1891,8,22700,-37.39999999999998,18.6,,,,,,,,,,,,,,,,,,,,,,,,,,,,,,,,,3.14,4.6,6.7,4.86,9.0,1.61,14.0,0.4,-6.17,-4.23,-2.9,-4.51,9.0,1.47,14.0,0.4,-2.62,-1.8,-0.97,-1.69,9.0,0.9,14.0,0.4,1013.74,1014.8,1015.8,1014.79,9.0,1.02,14.0,0.4,,,,,,,,,,,,,,,,,,,,,,,,,,,,,,,,,,,,,,,,,,,,,,,,,,,,,,,,,,,,,,,,,,,,,,,,,,,,,,,,,,,,,,,,,,,,,,,,,,,,,,,,,,,,,,,,,,,,,,,,,,,,,,,,
1891,8,22700,-37.39999999999998,20.3,,,,,,,,,,,,,,,,,,,,,,,,,,,,,,,,,4.6,4.6,4.6,4.6,4.0,0.0,12.0,0.5,-4.44,-4.27,-4.27,-4.35,4.0,0.17,12.0,0.5,-1.72,-1.72,-0.82,-1.29,4.0,0.86,12.0,0.5,1015.08,1015.7,1016.0,1015.55,4.0,0.62,12.0,0.5,,,,,,,,,,,,,,,,,,,,,,,,,,,,,,,,,,,,,,,,,,,,,,,,,,,,,,,,,,,,,,,,,,,,,,,,,,,,,,,,,,,,,,,,,,,,,,,,,,,,,,,,,,,,,,,,,,,,,,,,,,,,,,,,
1891,8,22700,-37.39999999999998,24.3,,,,,,,,,,,,,,,,,,,,,,,,,,,,,,,,,2.6,2.6,4.6,3.04,10.0,1.18,26.0,0.4,-4.02,-1.84,-0.97,-2.21,10.0,1.47,26.0,0.4,-2.41,-1.84,-0.4,-1.64,10.0,1.05,26.0,0.4,1021.56,1022.05,1022.48,1021.99,8.0,0.65,30.0,0.4,,,,,,,,,,,,,,,,,,,,,,,,,,,,,,,,,,,,,,,,,,,,,,,,,,,,,,,,,,,,,,,,,,,,,,,,,,,,,,,,,,,,,,,,,,,,,,,,,,,,,,,,,,,,,,,,,,,,,,,,,,,,,,,,
1891,8,22700,-37.39999999999998,38.2,,,,,,,,,,,,,,,,,,,,,,,,,,,,,,,,,1.0,2.6,4.6,3.19,30.0,2.95,20.0,0.5,-2.41,-1.01,0.28,-0.8,30.0,3.28,20.0,0.5,-2.74,-0.77,0.0,-1.55,30.0,2.31,20.0,0.5,1020.36,1020.5,1020.61,1020.5,5.0,0.19,4.0,0.4,,,,,,,,,,,,,,,,,,,,,,,,,,,,,,,,,,,,,,,,,,,,,,,,,,,,,,,,,,,,,,,,,,,,,,,,,,,,,,,,,,,,,,,,,,,,,,,,,,,,,,,,,,,,,,,,,,,,,,,,,,,,,,,,
1891,8,22700,-37.39999999999998,44.7,,,,,,,,,,,,,,,,,,,,,,,,,,,,,,,,,6.7,9.5,13.92,10.28,4.0,4.32,14.0,0.3,-0.23,5.38,7.42,3.68,4.0,5.85,14.0,0.3,4.74,6.72,11.57,8.09,4.0,4.47,14.0,0.3,1012.38,1014.5,1015.39,1013.9,3.0,2.26,18.0,0.3,,,,,,,,,,,,,,,,,,,,,,,,,,,,,,,,,,,,,,,,,,,,,,,,,,,,,,,,,,,,,,,,,,,,,,,,,,,,,,,,,,,,,,,,,,,,,,,,,,,,,,,,,,,,,,,,,,,,,,,,,,,,,,,,
1891,8,22700,-37.39999999999998,46.3,,,,,,,,,,,,,,,,,,,,,,,,,,,,,,,,,,,,,,,,,,,,,,,,,,,,,,,,,,,,,,,,,,,,,,,,,,,,,,,,,,,,,,,,,,,,,,,,,-2.96,-0.9,0.99,-0.92,33.0,2.24,12.0,0.5,-14.2,-6.0,4.6,-5.1,33.0,10.1,12.0,0.5,-2.95,-1.36,0.24,-1.36,2.0,3.31,12.0,0.5,-13.6,-6.2,1.1,-6.2,2.0,15.2,12.0,0.5,-38.4,51.3,132.6,61.0,33.0,114.0,12.0,0.5,-129.4,0.0,79.0,1.2,33.0,100.9,12.0,0.5,31.0,34.2,37.4,34.2,2.0,6.6,12.0,0.5,-47.8,-43.7,-39.6,-43.7,2.0,8.5,12.0,0.5,,,,,,,,,,,,,,,,,,,,,,,,,,,,,,,,
1891,8,22700,-37.39999999999998,46.4,18.12,19.5,20.42,19.17,35.0,1.56,12.0,0.5,18.01,20.0,22.75,20.17,33.0,2.12,12.0,0.5,10.94,12.06,13.19,12.06,2.0,2.33,12.0,0.5,83.5,90.0,96.4,90.0,2.0,13.3,12.0,0.5,2.6,4.6,9.3,6.57,35.0,4.45,12.0,0.5,-1.84,2.62,6.58,2.84,35.0,5.58,12.0,0.5,-6.41,0.39,3.25,-0.08,35.0,4.98,12.0,0.5,1008.89,1013.0,1020.18,1013.75,15.0,5.46,14.0,0.5,2.0,5.0,6.6,4.6,35.0,2.3,12.0,0.5,83.5,90.0,96.4,90.0,2.0,13.3,12.0,0.5,-7.1,13.0,54.7,39.1,35.0,87.1,12.0,0.5,-53.3,0.4,16.5,-8.2,35.0,51.3,12.0,0.5,,,,,,,,,,,,,,,,,,,,,,,,,,,,,,,,,,,,,,,,,,,,,,,,,,,,,,,,,,,,,,,,,,,,,,,,,,,,,,,,,,,,,,,,,,,,,,,,
1891,8,22700,-37.30000000000001,-41.5,,,,,,,,,,,,,,,,,,,,,,,,,,,,,,,,,4.97,9.3,18.37,10.97,21.0,6.32,18.0,0.5,-5.6,-2.51,4.13,-0.89,21.0,5.86,18.0,0.5,-14.13,-8.62,1.48,-7.28,21.0,8.69,18.0,0.5,1005.65,1022.6,1027.2,1018.08,21.0,10.06,18.0,0.4,,,,,,,,,,,,,,,,,,,,,,,,,,,,,,,,,,,,,,,,,,,,,,,,,,,,,,,,,,,,,,,,,,,,,,,,,,,,,,,,,,,,,,,,,,,,,,,,,,,,,,,,,,,,,,,,,,,,,,,,,,,,,,,,
1891,8,22700,-37.30000000000001,-23.2,,,,,,,,,,,,,,,,,,,,,,,,,,,,,,,,,2.73,6.7,9.3,7.32,14.0,4.16,18.0,0.4,-4.67,-1.8,0.0,-2.22,14.0,2.22,18.0,0.4,-6.58,3.42,8.56,2.51,14.0,7.62,18.0,0.4,1018.34,1018.85,1020.12,1019.01,16.0,1.16,18.0,0.4,,,,,,,,,,,,,,,,,,,,,,,,,,,,,,,,,,,,,,,,,,,,,,,,,,,,,,,,,,,,,,,,,,,,,,,,,,,,,,,,,,,,,,,,,,,,,,,,,,,,,,,,,,,,,,,,,,,,,,,,,,,,,,,,
1891,8,22700,-37.30000000000001,32.4,,,,,,,,,,,,,,,,,,,,,,,,,,,,,,,,,1.0,2.6,4.6,2.97,37.0,2.56,14.0,0.5,-3.54,-0.92,0.11,-1.11,37.0,3.0,14.0,0.5,-3.25,0.0,0.39,-1.06,37.0,2.05,14.0,0.5,1019.72,1021.95,1022.63,1021.44,12.0,1.31,16.0,0.5,,,,,,,,,,,,,,,,,,,,,,,,,,,,,,,,,,,,,,,,,,,,,,,,,,,,,,,,,,,,,,,,,,,,,,,,,,,,,,,,,,,,,,,,,,,,,,,,,,,,,,,,,,,,,,,,,,,,,,,,,,,,,,,,
1891,8,22700,-37.30000000000001,36.4,,,,,,,,,,,,,,,,,,,,,,,,,,,,,,,,,1.0,2.6,4.6,2.76,47.0,1.54,18.0,0.5,-3.79,-0.97,0.37,-1.14,47.0,1.96,18.0,0.5,-2.6,-1.84,0.0,-1.6,47.0,1.53,18.0,0.5,1016.7,1017.9,1025.1,1019.92,20.0,3.74,10.0,0.6,,,,,,,,,,,,,,,,,,,,,,,,,,,,,,,,,,,,,,,,,,,,,,,,,,,,,,,,,,,,,,,,,,,,,,,,,,,,,,,,,,,,,,,,,,,,,,,,,,,,,,,,,,,,,,,,,,,,,,,,,,,,,,,,
1891,8,22700,-37.30000000000001,40.3,,,,,,,,,,,,,,,,,,,,,,,,,,,,,,,,,4.6,6.7,9.59,7.36,13.0,2.99,20.0,0.4,-3.63,1.84,6.17,1.79,13.0,4.96,20.0,0.4,-8.63,-4.61,1.87,-3.81,13.0,4.88,20.0,0.4,1019.32,1020.0,1020.68,1020.0,3.0,1.0,4.0,0.3,,,,,,,,,,,,,,,,,,,,,,,,,,,,,,,,,,,,,,,,,,,,,,,,,,,,,,,,,,,,,,,,,,,,,,,,,,,,,,,,,,,,,,,,,,,,,,,,,,,,,,,,,,,,,,,,,,,,,,,,,,,,,,,,
1891,8,22700,-37.19999999999999,-39.1,,,,,,,,,,,,,,,,,,,,,,,,,,,,,,,,,12.3,12.3,14.42,13.33,3.0,1.79,2.0,1.0,11.35,11.4,13.37,12.34,3.0,1.68,2.0,1.0,-5.46,-4.81,-4.67,-5.06,3.0,0.62,2.0,1.0,1017.7,1019.0,1019.14,1018.43,3.0,1.16,2.0,1.0,,,,,,,,,,,,,,,,,,,,,,,,,,,,,,,,,,,,,,,,,,,,,,,,,,,,,,,,,,,,,,,,,,,,,,,,,,,,,,,,,,,,,,,,,,,,,,,,,,,,,,,,,,,,,,,,,,,,,,,,,,,,,,,,
1891,8,22700,-37.19999999999999,-35.2,,,,,,,,,,,,,,,,,,,,,,,,,,,,,,,,,12.3,12.3,13.43,12.92,5.0,1.39,22.0,0.4,8.7,8.7,12.45,10.36,5.0,2.49,22.0,0.4,-8.7,-8.7,-5.34,-7.29,5.0,1.97,22.0,0.4,1012.32,1014.0,1015.76,1013.98,5.0,1.97,22.0,0.4,,,,,,,,,,,,,,,,,,,,,,,,,,,,,,,,,,,,,,,,,,,,,,,,,,,,,,,,,,,,,,,,,,,,,,,,,,,,,,,,,,,,,,,,,,,,,,,,,,,,,,,,,,,,,,,,,,,,,,,,,,,,,,,,
1891,8,22700,-37.19999999999999,-19.4,,,,,,,,,,,,,,,,,,,,,,,,,,,,,,,,,,,,,,,,,,,,,,,,,,,,,,,,,,,,,,,,,2.0,2.0,5.8,3.3,40.0,2.1,22.0,0.6,82.7,82.7,82.7,82.7,1.0,0.0,16.0,1.0,-60.3,-15.0,0.0,-26.4,35.0,35.1,22.0,0.6,-7.5,0.0,86.5,24.3,35.0,48.1,22.0,0.6,,,,,,,,,,,,,,,,,,,,,,,,,,,,,,,,,,,,,,,,,,,,,,,,,,,,,,,,,,,,,,,,,,,,,,,,,,,,,,,,,,,,,,,,,,,,,,,,
1891,8,22700,-37.19999999999999,-19.3,,,,,,,,,,,,,,,,,,,,,,,,,,,,,,,,,2.6,4.6,9.3,5.84,35.0,3.62,22.0,0.6,-6.65,-2.62,0.0,-3.03,35.0,3.39,22.0,0.6,-2.41,0.0,8.7,1.79,35.0,4.89,22.0,0.6,1016.37,1018.8,1022.86,1019.53,15.0,3.0,24.0,0.5,,,,,,,,,,,,,,,,,,,,,,,,,,,,,,,,,,,,,,,,,,,,,,,,,,,,,,,,,,,,,,,,,-166.1,-64.5,0.0,-72.8,34.0,82.4,22.0,0.6,-59.9,0.0,197.3,33.0,34.0,108.5,22.0,0.6,-46.1,-46.1,-46.1,-46.1,1.0,0.0,16.0,1.0,47.7,47.7,47.7,47.7,1.0,0.0,16.0,1.0,,,,,,,,,,,,,,,,,,,,,,,,,,,,,,,,
1891,8,22700,-37.19999999999999,6.0,,,,,,,,,,,,,,,,,,,,,,,,,,,,,,,,,2.6,2.6,4.6,3.46,7.0,1.07,30.0,0.4,-1.87,-0.97,0.05,-0.85,7.0,1.39,30.0,0.4,-2.41,2.6,4.25,1.07,7.0,3.31,30.0,0.4,1011.46,1012.1,1012.64,1012.07,7.0,0.88,30.0,0.4,,,,,,,,,,,,,,,,,,,,,,,,,,,,,,,,,,,,,,,,,,,,,,,,,,,,,,,,,,,,,,,,,,,,,,,,,,,,,,,,,,,,,,,,,,,,,,,,,,,,,,,,,,,,,,,,,,,,,,,,,,,,,,,,
1891,8,22700,-37.19999999999999,26.3,,,,,,,,,,,,,,,,,,,,,,,,,,,,,,,,,4.6,5.65,6.7,5.69,16.0,1.59,20.0,0.4,-6.2,-4.67,-3.77,-4.69,16.0,1.61,20.0,0.4,-4.74,-2.51,0.0,-1.78,16.0,2.76,20.0,0.4,1019.88,1021.2,1022.1,1021.08,11.0,0.98,26.0,0.4,,,,,,,,,,,,,,,,,,,,,,,,,,,,,,,,,,,,,,,,,,,,,,,,,,,,,,,,,,,,,,,,,,,,,,,,,,,,,,,,,,,,,,,,,,,,,,,,,,,,,,,,,,,,,,,,,,,,,,,,,,,,,,,,
1891,8,22700,-37.19999999999999,30.4,,,,,,,,,,,,,,,,,,,,,,,,,,,,,,,,,1.0,2.6,4.6,2.81,29.0,1.5,18.0,0.6,-3.8,-1.0,-0.41,-1.82,29.0,1.5,18.0,0.6,-2.96,-1.8,0.22,-1.52,29.0,1.55,18.0,0.6,1021.99,1022.4,1023.1,1022.49,13.0,0.63,28.0,0.6,,,,,,,,,,,,,,,,,,,,,,,,,,,,,,,,,,,,,,,,,,,,,,,,,,,,,,,,,,,,,,,,,,,,,,,,,,,,,,,,,,,,,,,,,,,,,,,,,,,,,,,,,,,,,,,,,,,,,,,,,,,,,,,,
1891,8,22700,-37.10000000000002,-19.4,22.92,23.55,24.2,23.55,34.0,0.66,20.0,0.6,20.9,23.3,25.0,23.22,39.0,1.84,22.0,0.6,14.42,14.42,14.42,14.42,1.0,0.0,16.0,1.0,82.7,82.7,82.7,82.7,1.0,0.0,16.0,1.0,,,,,,,,,,,,,,,,,,,,,,,,,,,,,,,,,,,,,,,,,,,,,,,,,,,,,,,,,,,,,,,,,-0.88,0.4,2.09,0.55,33.0,1.44,20.0,0.6,-2.9,0.3,6.8,3.5,28.0,10.8,22.0,0.6,3.7,3.7,3.7,3.7,1.0,0.0,16.0,1.0,17.0,17.0,17.0,17.0,1.0,0.0,16.0,1.0,,,,,,,,,,,,,,,,,,,,,,,,,,,,,,,,,,,,,,,,,,,,,,,,,,,,,,,,,,,,,,,,
1891,8,22700,-37.10000000000002,28.4,,,,,,,,,,,,,,,,,,,,,,,,,,,,,,,,,2.6,4.6,6.23,4.38,15.0,1.64,14.0,0.3,-5.85,-4.27,-2.01,-3.85,15.0,2.01,14.0,0.3,-2.56,-1.72,0.0,-1.14,15.0,1.38,14.0,0.3,1021.06,1022.35,1022.46,1021.97,6.0,0.76,22.0,0.0,,,,,,,,,,,,,,,,,,,,,,,,,,,,,,,,,,,,,,,,,,,,,,,,,,,,,,,,,,,,,,,,,,,,,,,,,,,,,,,,,,,,,,,,,,,,,,,,,,,,,,,,,,,,,,,,,,,,,,,,,,,,,,,,
1891,8,22700,-37.0,-33.5,,,,,,,,,,,,,,,,,,,,,,,,,,,,,,,,,12.3,12.3,12.3,12.3,1.0,0.0,22.0,1.0,8.7,8.7,8.7,8.7,1.0,0.0,22.0,1.0,-8.7,-8.7,-8.7,-8.7,1.0,0.0,22.0,1.0,1016.8,1016.8,1016.8,1016.8,1.0,0.0,22.0,1.0,,,,,,,,,,,,,,,,,,,,,,,,,,,,,,,,,,,,,,,,,,,,,,,,,,,,,,,,,,,,,,,,,,,,,,,,,,,,,,,,,,,,,,,,,,,,,,,,,,,,,,,,,,,,,,,,,,,,,,,,,,,,,,,,
1891,8,22700,-37.0,4.5,,,,,,,,,,,,,,,,,,,,,,,,,,,,,,,,,6.7,6.7,6.7,6.7,2.0,0.0,30.0,1.0,-4.74,-4.74,-4.74,-4.74,2.0,0.0,30.0,1.0,4.74,4.74,4.74,4.74,2.0,0.0,30.0,1.0,1010.54,1011.05,1011.56,1011.05,2.0,1.06,30.0,1.0,,,,,,,,,,,,,,,,,,,,,,,,,,,,,,,,,,,,,,,,,,,,,,,,,,,,,,,,,,,,,,,,,,,,,,,,,,,,,,,,,,,,,,,,,,,,,,,,,,,,,,,,,,,,,,,,,,,,,,,,,,,,,,,,
1891,8,22700,-37.0,22.3,,,,,,,,,,,,,,,,,,,,,,,,,,,,,,,,,4.6,4.6,4.6,4.6,3.0,0.0,30.0,1.0,-3.25,-3.25,-3.25,-3.25,3.0,0.0,30.0,1.0,-3.25,-3.25,-3.25,-3.25,3.0,0.0,30.0,1.0,1019.8,1020.0,1020.34,1020.07,3.0,0.4,30.0,1.0,,,,,,,,,,,,,,,,,,,,,,,,,,,,,,,,,,,,,,,,,,,,,,,,,,,,,,,,,,,,,,,,,,,,,,,,,,,,,,,,,,,,,,,,,,,,,,,,,,,,,,,,,,,,,,,,,,,,,,,,,,,,,,,,
1891,8,22700,-35.89999999999998,-11.2,,,,,,,,,,,,,,,,,,,,,,,,,,,,,,,,,,,,,,,,,,,,,,,,,,,,,,,,,,,,,,,,,,,,,,,,,,,,,,,,,,,,,,,,,,,,,,,,,,,,,,,,,,,,,,,,,,,,,,,,,,,,,,,,,,,,,,,,,,,,,,,,,,,,,,,,,,,,,,,,,-16.6,-5.8,-4.4,-10.9,5.0,12.5,12.0,0.8,-5.0,-0.5,23.5,8.6,5.0,19.2,12.0,0.8,229.5,301.0,804.5,622.5,24.0,555.5,12.0,0.5,230.0,300.0,805.0,620.0,24.0,555.0,12.0,0.5
1891,8,22700,-35.80000000000001,-15.4,,,,,,,,,,,,,,,,,,,,,,,,,,,,,,,,,,,,,,,,,,,,,,,,,,,,,,,,,,,,,,,,,,,,,,,,,,,,,,,,,,,,,,,,,,,,,,,,,,,,,,,,,,,,,,,,,,,,,,,,,,,,,,,,,,,,,,,,,,,,,,,,,,,,,,,,,,,,,,,,,-19.8,-18.8,-13.0,-16.4,3.0,5.4,16.0,0.7,-4.2,-4.0,-2.8,-3.5,3.0,1.1,16.0,0.7,17.5,97.5,804.5,393.0,23.0,373.5,18.0,0.6,20.0,95.0,805.0,395.0,23.0,375.0,18.0,0.6
1891,8,22700,-35.60000000000002,-17.3,,,,,,,,,,,,,,,,,,,,,,,,,,,,,,,,,2.6,5.65,9.3,5.71,24.0,3.04,20.0,0.5,-6.62,-4.67,-2.21,-4.68,24.0,2.62,20.0,0.5,0.0,2.88,4.76,2.77,24.0,2.35,20.0,0.5,1017.89,1019.5,1019.85,1019.24,7.0,1.14,26.0,0.4,,,,,,,,,,,,,,,,,,,,,,,,,,,,,,,,,,,,,,,,,,,,,,,,,,,,,,,,,,,,,,,,,,,,,,,,,,,,,,,,,,,,,,,,,,,,,,,,,,,,,,,,,,,,,,,,,,,,,,,,,,,,,,,,
1891,8,22700,-35.60000000000002,48.9,,,,,,,,,,,,,,,,,,,,,,,,,,,,,,,,,,,,,,,,,,,,,,,,,,,,,,,,,,,,,,,,,,,,,,,,,,,,,,,,,,,,,,,,,,,,,,,,,,,,,,,,,,,,,,,,,,,,,,,,,,,,,,,,,,,,,,,,,,,,,,,,,,,,,,,,,,,,,,,,,24.7,27.8,30.8,27.8,2.0,6.4,26.0,1.0,-23.9,-23.0,-22.1,-23.0,2.0,1.9,26.0,1.0,97.5,301.0,1861.0,763.0,25.0,909.5,12.0,0.6,95.0,300.0,1860.0,765.0,25.0,910.0,12.0,0.6
1891,8,22700,-35.5,-33.2,,,,,,,,,,,,,,,,,,,,,,,,,,,,,,,,,8.35,9.3,9.3,8.78,5.0,1.16,22.0,0.4,7.74,8.62,8.62,8.14,5.0,1.08,22.0,0.4,-3.48,-3.48,-1.29,-2.29,5.0,2.68,22.0,0.4,1017.83,1018.1,1019.67,1018.66,5.0,1.11,22.0,0.4,,,,,,,,,,,,,,,,,,,,,,,,,,,,,,,,,,,,,,,,,,,,,,,,,,,,,,,,,,,,,,,,,,,,,,,,,,,,,,,,,,,,,,,,,,,,,,,,,,,,,,,,,,,,,,,,,,,,,,,,,,,,,,,,
1891,8,22700,-35.5,-21.3,,,,,,,,,,,,,,,,,,,,,,,,,,,,,,,,,4.31,4.6,6.7,5.41,19.0,2.5,22.0,0.4,-6.7,-4.27,-0.84,-4.1,19.0,2.95,22.0,0.4,-3.25,0.0,2.62,0.18,19.0,3.25,22.0,0.4,1018.74,1020.2,1023.04,1020.46,16.0,2.05,20.0,0.4,,,,,,,,,,,,,,,,,,,,,,,,,,,,,,,,,,,,,,,,,,,,,,,,,,,,,,,,,,,,,,,,,,,,,,,,,,,,,,,,,,,,,,,,,,,,,,,,,,,,,,,,,,,,,,,,,,,,,,,,,,,,,,,,
1891,8,22700,-35.5,-15.4,24.0,24.4,25.0,24.46,19.0,0.49,18.0,0.6,23.45,24.3,25.05,24.34,23.0,0.89,18.0,0.6,15.05,15.3,15.43,15.24,3.0,0.29,16.0,0.7,80.4,80.4,83.0,81.7,3.0,2.3,16.0,0.7,,,,,,,,,,,,,,,,,,,,,,,,,,,,,,,,,,,,,,,,,,,,,,,,,,,,,,,,,,,,,,,,,-0.3,0.2,0.83,0.19,19.0,0.66,18.0,0.6,-1.9,0.9,3.1,1.3,19.0,3.8,18.0,0.6,4.09,4.18,4.39,4.24,3.0,0.23,16.0,0.7,13.3,19.2,20.2,16.8,3.0,5.5,16.0,0.7,,,,,,,,,,,,,,,,,,,,,,,,,,,,,,,,,,,,,,,,,,,,,,,,,,,,,,,,,,,,,,,,
1891,8,22700,-35.5,-9.6,,,,,,,,,,,,,,,,,,,,,,,,,,,,,,,,,,,,,,,,,,,,,,,,,,,,,,,,,,,,,,,,,,,,,,,,,,,,,,,,,,,,,,,,,,,,,,,,,,,,,,,,,,,,,,,,,,,,,,,,,,,,,,,,,,,,,,,,,,,,,,,,,,,,,,,,,,,,,,,,,-14.1,-10.5,-9.6,-13.8,10.0,9.5,14.0,0.7,-4.6,5.4,39.3,12.9,10.0,23.0,14.0,0.7,1.0,97.5,301.0,332.0,38.0,555.0,10.0,0.5,0.0,95.0,300.0,330.0,38.0,555.0,10.0,0.5
1891,8,22700,-35.5,24.3,,,,,,,,,,,,,,,,,,,,,,,,,,,,,,,,,4.6,4.6,6.7,5.41,19.0,1.64,18.0,0.6,-6.58,-4.6,-1.82,-4.29,19.0,1.83,18.0,0.6,-4.74,-1.84,0.0,-2.42,19.0,2.15,18.0,0.6,1020.53,1021.1,1021.57,1021.07,9.0,0.57,30.0,0.7,,,,,,,,,,,,,,,,,,,,,,,,,,,,,,,,,,,,,,,,,,,,,,,,,,,,,,,,,,,,,,,,,,,,,,,,,,,,,,,,,,,,,,,,,,,,,,,,,,,,,,,,,,,,,,,,,,,,,,,,,,,,,,,,
1891,8,22700,-35.5,34.5,,,,,,,,,,,,,,,,,,,,,,,,,,,,,,,,,1.53,4.6,6.7,4.75,22.0,2.76,14.0,0.5,-4.58,-2.83,4.48,-1.42,22.0,4.5,14.0,0.5,-3.51,-1.72,-0.24,-1.8,22.0,2.33,14.0,0.5,1019.32,1021.1,1023.94,1021.46,11.0,2.48,12.0,0.5,,,,,,,,,,,,,,,,,,,,,,,,,,,,,,,,,,,,,,,,,,,,,,,,,,,,,,,,,,,,,,,,,,,,,,,,,,,,,,,,,,,,,,,,,,,,,,,,,,,,,,,,,,,,,,,,,,,,,,,,,,,,,,,,
1891,8,22700,-35.5,36.3,,,,,,,,,,,,,,,,,,,,,,,,,,,,,,,,,1.0,4.6,6.2,3.46,34.0,2.43,14.0,0.6,-4.6,-0.83,0.71,-1.69,34.0,3.16,14.0,0.6,-1.62,0.0,0.92,-0.17,34.0,2.3,14.0,0.6,1019.73,1020.7,1024.74,1021.76,11.0,2.43,12.0,0.5,,,,,,,,,,,,,,,,,,,,,,,,,,,,,,,,,,,,,,,,,,,,,,,,,,,,,,,,,,,,,,,,,,,,,,,,,,,,,,,,,,,,,,,,,,,,,,,,,,,,,,,,,,,,,,,,,,,,,,,,,,,,,,,,
1891,8,22700,-35.5,44.8,,,,,,,,,,,,,,,,,,,,,,,,,,,,,,,,,7.11,8.0,8.89,8.0,2.0,1.84,20.0,0.5,6.59,7.42,8.24,7.42,2.0,1.7,20.0,0.5,2.66,3.0,3.33,3.0,2.0,0.69,20.0,0.5,1009.15,1009.9,1010.65,1009.9,2.0,1.56,20.0,0.5,,,,,,,,,,,,,,,,,,,,,,,,,,,,,,,,,,,,,,,,,,,,,,,,,,,,,,,,,,,,,,,,,,,,,,,,,,,,,,,,,,,,,,,,,,,,,,,,,,,,,,,,,,,,,,,,,,,,,,,,,,,,,,,,
1891,8,22700,-35.5,48.4,,,,,,,,,,,,,,,,,,,,,,,,,,,,,,,,,4.6,6.7,12.3,7.65,25.0,3.71,12.0,0.6,-2.62,2.62,9.4,3.17,25.0,4.92,12.0,0.6,0.0,3.25,6.74,3.04,25.0,5.51,12.0,0.6,1007.33,1017.15,1018.88,1014.69,14.0,6.43,16.0,0.4,2.8,6.0,7.0,5.2,25.0,2.1,12.0,0.6,78.9,79.1,79.3,79.1,2.0,0.5,26.0,1.0,-15.0,17.5,93.1,35.9,25.0,57.2,12.0,0.6,0.0,15.0,58.8,20.7,25.0,64.3,12.0,0.6,,,,,,,,,,,,,,,,,,,,,,,,,,,,,,,,,,,,,,,,,,,,,,,,,,,,,,,,,,,,,,,,,,,,,,,,,,,,,,,,,,,,,,,,,,,,,,,,
1891,8,22700,-35.5,54.1,,,,,,,,,,,,,,,,,,,,,,,,,,,,,,,,,15.97,17.2,18.43,17.2,2.0,2.55,26.0,0.5,13.69,14.74,15.8,14.74,2.0,2.18,26.0,0.5,-9.49,-8.86,-8.23,-8.86,2.0,1.31,26.0,0.5,1003.22,1003.25,1003.28,1003.25,2.0,0.07,26.0,0.5,,,,,,,,,,,,,,,,,,,,,,,,,,,,,,,,,,,,,,,,,,,,,,,,,,,,,,,,,,,,,,,,,,,,,,,,,,,,,,,,,,,,,,,,,,,,,,,,,,,,,,,,,,,,,,,,,,,,,,,,,,,,,,,,
1891,8,22700,-35.5,56.7,,,,,,,,,,,,,,,,,,,,,,,,,,,,,,,,,8.65,12.85,17.05,12.85,2.0,8.7,26.0,0.0,8.32,12.35,16.39,12.35,2.0,8.36,26.0,0.0,-4.7,-3.54,-2.38,-3.54,2.0,2.4,26.0,0.0,995.11,995.35,995.59,995.35,2.0,0.5,26.0,0.0,,,,,,,,,,,,,,,,,,,,,,,,,,,,,,,,,,,,,,,,,,,,,,,,,,,,,,,,,,,,,,,,,,,,,,,,,,,,,,,,,,,,,,,,,,,,,,,,,,,,,,,,,,,,,,,,,,,,,,,,,,,,,,,,
1891,8,22700,-35.39999999999998,-23.1,,,,,,,,,,,,,,,,,,,,,,,,,,,,,,,,,2.19,4.6,4.6,3.45,4.0,2.3,20.0,0.5,-3.25,-2.53,-0.86,-2.08,4.0,1.54,20.0,0.5,-3.25,-1.63,2.22,-0.57,4.0,3.55,20.0,0.5,1018.96,1019.1,1019.24,1019.1,2.0,0.28,12.0,0.0,,,,,,,,,,,,,,,,,,,,,,,,,,,,,,,,,,,,,,,,,,,,,,,,,,,,,,,,,,,,,,,,,,,,,,,,,,,,,,,,,,,,,,,,,,,,,,,,,,,,,,,,,,,,,,,,,,,,,,,,,,,,,,,,
1891,8,22700,-35.39999999999998,-15.4,,,,,,,,,,,,,,,,,,,,,,,,,,,,,,,,,2.6,4.6,9.3,6.21,23.0,2.93,18.0,0.6,-6.58,-4.5,-2.48,-4.83,23.0,1.82,18.0,0.6,0.48,2.51,6.58,3.44,23.0,2.98,18.0,0.6,1018.0,1019.1,1022.05,1019.74,11.0,1.86,20.0,0.5,2.0,2.0,4.0,2.7,23.0,1.3,18.0,0.6,80.4,80.4,83.0,81.7,3.0,2.3,16.0,0.7,-61.2,-20.7,-6.4,-35.0,23.0,24.7,18.0,0.6,1.2,15.0,61.2,29.1,23.0,29.1,18.0,0.6,,,,,,,,,,,,,,,,,,,,,,,,,,,,,,,,,-160.8,-111.1,-58.5,-117.9,23.0,44.8,18.0,0.6,11.0,59.7,160.8,83.7,23.0,72.8,18.0,0.6,-69.4,-68.8,-47.8,-58.8,3.0,18.1,16.0,0.7,-14.8,-14.6,-10.2,-12.5,3.0,3.8,16.0,0.7,,,,,,,,,,,,,,,,,,,,,,,,,,,,,,,,
1891,8,22700,-35.39999999999998,-13.4,,,,,,,,,,,,,,,,,,,,,,,,,,,,,,,,,,,,,,,,,,,,,,,,,,,,,,,,,,,,,,,,,,,,,,,,,,,,,,,,,,,,,,,,,,,,,,,,,-0.66,0.5,1.11,0.36,19.0,0.86,18.0,0.6,-5.6,2.1,10.1,2.0,18.0,7.1,18.0,0.6,3.5,4.72,4.86,4.2,3.0,1.09,16.0,0.3,9.1,12.3,19.4,14.2,3.0,7.7,16.0,0.3,-176.6,-144.7,-59.3,-125.1,19.0,64.1,18.0,0.5,-0.3,83.3,165.3,91.0,19.0,80.8,18.0,0.5,-59.8,-42.6,-40.6,-50.0,3.0,15.5,16.0,0.3,-2.1,-1.5,-1.4,-1.7,3.0,0.5,16.0,0.3,,,,,,,,,,,,,,,,,,,,,,,,,,,,,,,,
1891,8,22700,-35.39999999999998,-11.3,24.5,25.0,25.53,24.97,24.0,0.69,12.0,0.5,24.05,24.9,25.7,24.87,23.0,0.8,12.0,0.5,14.77,15.17,17.58,16.02,5.0,1.76,12.0,0.8,81.9,82.3,89.3,85.3,5.0,5.4,12.0,0.8,5.97,6.7,9.3,7.68,24.0,2.82,12.0,0.5,-8.62,-5.39,-1.52,-4.72,24.0,2.96,12.0,0.5,2.24,3.48,9.3,4.51,24.0,4.03,12.0,0.5,1016.21,1017.9,1019.47,1017.73,11.0,1.69,8.0,0.7,2.0,2.0,4.0,3.0,24.0,1.5,12.0,0.5,81.9,82.3,89.3,85.3,5.0,5.4,12.0,0.8,-80.2,-41.3,-3.5,-37.6,24.0,28.5,12.0,0.5,15.0,32.4,86.5,43.5,24.0,46.4,12.0,0.5,-0.45,0.1,0.6,0.07,23.0,0.78,12.0,0.5,-4.4,0.7,5.4,0.3,23.0,5.7,12.0,0.5,2.51,3.3,4.55,3.46,5.0,1.45,12.0,0.8,5.6,8.2,37.7,19.1,5.0,17.7,12.0,0.8,-210.0,-143.1,-34.6,-121.0,23.0,73.8,12.0,0.5,52.5,85.7,227.9,112.3,23.0,101.5,12.0,0.5,-70.6,-32.4,-25.3,-45.4,5.0,28.9,12.0,0.8,-41.9,-1.8,90.8,25.5,5.0,95.6,12.0,0.8,,,,,,,,,,,,,,,,,,,,,,,,,,,,,,,,
1891,8,22700,-35.39999999999998,4.2,,,,,,,,,,,,,,,,,,,,,,,,,,,,,,,,,6.7,6.7,6.7,6.7,7.0,0.0,30.0,0.6,-4.74,-2.62,-2.62,-3.22,7.0,1.03,30.0,0.6,4.74,6.17,6.17,5.76,7.0,0.7,30.0,0.6,1010.97,1011.9,1012.33,1011.79,7.0,0.88,30.0,0.6,,,,,,,,,,,,,,,,,,,,,,,,,,,,,,,,,,,,,,,,,,,,,,,,,,,,,,,,,,,,,,,,,,,,,,,,,,,,,,,,,,,,,,,,,,,,,,,,,,,,,,,,,,,,,,,,,,,,,,,,,,,,,,,,
1891,8,22700,-35.39999999999998,26.5,,,,,,,,,,,,,,,,,,,,,,,,,,,,,,,,,4.6,4.6,6.7,5.38,19.0,1.24,18.0,0.5,-5.64,-4.52,-3.25,-4.48,19.0,1.14,18.0,0.5,-3.95,-2.62,-0.88,-2.7,19.0,1.39,18.0,0.5,1017.53,1017.8,1022.07,1019.39,9.0,2.27,24.0,0.6,,,,,,,,,,,,,,,,,,,,,,,,,,,,,,,,,,,,,,,,,,,,,,,,,,,,,,,,,,,,,,,,,,,,,,,,,,,,,,,,,,,,,,,,,,,,,,,,,,,,,,,,,,,,,,,,,,,,,,,,,,,,,,,,
1891,8,22700,-35.39999999999998,28.4,,,,,,,,,,,,,,,,,,,,,,,,,,,,,,,,,2.6,4.6,4.6,4.06,32.0,1.64,22.0,0.6,-4.6,-3.53,-0.97,-3.05,32.0,1.63,22.0,0.6,-4.27,-1.78,0.0,-1.76,32.0,2.05,22.0,0.6,1019.14,1021.6,1022.45,1020.89,23.0,2.16,24.0,0.6,,,,,,,,,,,,,,,,,,,,,,,,,,,,,,,,,,,,,,,,,,,,,,,,,,,,,,,,,,,,,,,,,,,,,,,,,,,,,,,,,,,,,,,,,,,,,,,,,,,,,,,,,,,,,,,,,,,,,,,,,,,,,,,,
1891,8,22700,-35.39999999999998,30.4,,,,,,,,,,,,,,,,,,,,,,,,,,,,,,,,,1.0,1.0,4.54,1.93,39.0,1.52,20.0,0.5,-3.23,-1.0,0.0,-1.55,39.0,1.38,20.0,0.5,-1.72,0.0,0.39,-0.4,39.0,1.26,20.0,0.5,1021.89,1022.7,1024.42,1023.02,26.0,1.38,20.0,0.5,,,,,,,,,,,,,,,,,,,,,,,,,,,,,,,,,,,,,,,,,,,,,,,,,,,,,,,,,,,,,,,,,,,,,,,,,,,,,,,,,,,,,,,,,,,,,,,,,,,,,,,,,,,,,,,,,,,,,,,,,,,,,,,,
1891,8,22700,-35.39999999999998,32.3,,,,,,,,,,,,,,,,,,,,,,,,,,,,,,,,,2.6,2.6,8.26,4.19,15.0,3.37,22.0,0.5,-6.06,-2.41,-1.96,-3.59,15.0,2.61,22.0,0.5,-1.83,-0.71,0.83,-1.34,15.0,2.77,22.0,0.5,1022.2,1022.7,1023.18,1022.63,8.0,0.66,22.0,0.6,,,,,,,,,,,,,,,,,,,,,,,,,,,,,,,,,,,,,,,,,,,,,,,,,,,,,,,,,,,,,,,,,,,,,,,,,,,,,,,,,,,,,,,,,,,,,,,,,,,,,,,,,,,,,,,,,,,,,,,,,,,,,,,,
1891,8,22700,-35.39999999999998,38.4,,,,,,,,,,,,,,,,,,,,,,,,,,,,,,,,,4.6,6.7,9.8,7.74,21.0,2.59,20.0,0.5,-6.58,-0.88,0.0,-1.79,21.0,4.49,20.0,0.5,-9.8,-4.52,-0.22,-4.44,21.0,5.05,20.0,0.5,1020.09,1020.8,1021.72,1020.9,5.0,1.29,18.0,0.6,,,,,,,,,,,,,,,,,,,,,,,,,,,,,,,,,,,,,,,,,,,,,,,,,,,,,,,,,,,,,,,,,,,,,,,,,,,,,,,,,,,,,,,,,,,,,,,,,,,,,,,,,,,,,,,,,,,,,,,,,,,,,,,,
1891,8,22700,-35.39999999999998,40.6,,,,,,,,,,,,,,,,,,,,,,,,,,,,,,,,,6.7,8.0,11.02,8.6,10.0,2.28,14.0,0.8,-6.42,-3.13,2.08,-2.2,10.0,4.17,14.0,0.8,-10.46,-5.54,2.98,-4.13,10.0,6.76,14.0,0.8,1019.16,1019.5,1019.84,1019.5,2.0,0.71,6.0,0.5,,,,,,,,,,,,,,,,,,,,,,,,,,,,,,,,,,,,,,,,,,,,,,,,,,,,,,,,,,,,,,,,,,,,,,,,,,,,,,,,,,,,,,,,,,,,,,,,,,,,,,,,,,,,,,,,,,,,,,,,,,,,,,,,
1891,8,22700,-35.39999999999998,48.4,16.34,18.0,18.9,17.73,23.0,1.42,14.0,0.7,17.7,18.75,20.4,18.5,20.0,2.34,12.0,0.6,7.43,7.63,7.83,7.63,2.0,0.42,26.0,1.0,78.9,79.1,79.3,79.1,2.0,0.5,26.0,1.0,,,,,,,,,,,,,,,,,,,,,,,,,,,,,,,,,,,,,,,,,,,,,,,,,,,,,,,,,,,,,,,,,-1.9,-0.8,0.69,-0.68,20.0,1.36,12.0,0.6,-12.7,-3.1,2.8,-3.3,20.0,10.1,12.0,0.6,2.26,2.67,3.09,2.67,2.0,0.87,26.0,1.0,33.1,36.1,39.0,36.1,2.0,6.1,26.0,1.0,-53.4,50.0,128.7,50.2,20.0,88.3,12.0,0.6,0.0,71.4,126.8,52.7,20.0,99.8,12.0,0.6,74.8,80.6,86.5,80.6,2.0,12.2,26.0,1.0,-78.6,-68.7,-58.9,-68.7,2.0,20.5,26.0,1.0,,,,,,,,,,,,,,,,,,,,,,,,,,,,,,,,
1891,8,22700,-35.30000000000001,-37.5,,,,,,,,,,,,,,,,,,,,,,,,,,,,,,,,,4.6,6.7,8.5,7.45,6.0,4.03,6.0,0.5,3.25,4.74,6.69,5.82,6.0,4.16,6.0,0.5,1.34,4.0,4.74,2.45,6.0,4.21,6.0,0.5,1018.85,1020.2,1021.03,1020.02,5.0,1.23,2.0,0.4,,,,,,,,,,,,,,,,,,,,,,,,,,,,,,,,,,,,,,,,,,,,,,,,,,,,,,,,,,,,,,,,,,,,,,,,,,,,,,,,,,,,,,,,,,,,,,,,,,,,,,,,,,,,,,,,,,,,,,,,,,,,,,,,
1891,8,22700,-35.30000000000001,-13.4,,,,,,,,,,,,,,,,,,,,,,,,,,,,,,,,,,,,,,,,,,,,,,,,,,,,,,,,,,,,,,,,,,,,,,,,,,,,,,,,,,,,,,,,,,,,,,,,,,,,,,,,,,,,,,,,,,,,,,,,,,,,,,,,,,,,,,,,,,,,,,,,,,,,,,,,,,,,,,,,,-19.4,-12.3,-9.1,-14.2,3.0,7.7,16.0,0.3,-0.7,-0.4,-0.3,-0.5,3.0,0.3,16.0,0.3,17.5,199.0,804.5,362.0,26.0,450.0,16.0,0.5,20.0,200.0,805.0,360.0,26.0,450.0,16.0,0.5
1891,8,22700,-35.30000000000001,-13.3,24.8,25.0,25.2,25.02,26.0,0.37,16.0,0.5,23.9,24.5,25.8,24.68,20.0,0.91,18.0,0.6,14.91,15.25,16.02,15.46,3.0,0.84,16.0,0.3,78.2,79.9,84.7,81.4,3.0,5.0,16.0,0.3,2.6,5.65,9.3,5.61,26.0,3.32,16.0,0.5,-6.58,-3.92,-1.01,-4.14,26.0,2.79,16.0,0.5,0.0,2.51,6.58,3.01,26.0,2.96,16.0,0.5,1016.67,1018.0,1018.99,1017.93,16.0,1.1,14.0,0.5,2.0,2.0,2.9,2.6,27.0,1.7,16.0,0.5,78.2,79.9,84.7,81.4,3.0,5.0,16.0,0.3,-61.2,-18.1,-2.6,-29.4,26.0,28.9,16.0,0.5,0.0,15.9,61.2,24.1,26.0,33.7,16.0,0.5,,,,,,,,,,,,,,,,,,,,,,,,,,,,,,,,,,,,,,,,,,,,,,,,,,,,,,,,,,,,,,,,,,,,,,,,,,,,,,,,,,,,,,,,,,,,,,,,
1891,8,22700,-35.30000000000001,18.5,,,,,,,,,,,,,,,,,,,,,,,,,,,,,,,,,4.6,4.6,6.7,5.44,5.0,1.15,20.0,0.6,-4.74,-4.23,-4.23,-4.44,5.0,0.28,20.0,0.6,-4.74,-1.8,-1.8,-2.97,5.0,1.61,20.0,0.6,1014.44,1015.9,1017.13,1015.88,5.0,1.7,20.0,0.6,,,,,,,,,,,,,,,,,,,,,,,,,,,,,,,,,,,,,,,,,,,,,,,,,,,,,,,,,,,,,,,,,,,,,,,,,,,,,,,,,,,,,,,,,,,,,,,,,,,,,,,,,,,,,,,,,,,,,,,,,,,,,,,,
1891,8,22700,-35.30000000000001,20.4,,,,,,,,,,,,,,,,,,,,,,,,,,,,,,,,,1.0,2.6,6.7,3.58,47.0,3.09,10.0,0.5,-4.5,-2.41,0.0,-2.29,47.0,2.17,10.0,0.5,-4.29,-1.72,0.0,-2.09,47.0,2.85,10.0,0.5,1015.12,1017.0,1018.03,1016.96,15.0,1.8,16.0,0.5,,,,,,,,,,,,,,,,,,,,,,,,,,,,,,,,,,,,,,,,,,,,,,,,,,,,,,,,,,,,,,,,,,,,,,,,,,,,,,,,,,,,,,,,,,,,,,,,,,,,,,,,,,,,,,,,,,,,,,,,,,,,,,,,
1891,8,22700,-35.30000000000001,22.3,,,,,,,,,,,,,,,,,,,,,,,,,,,,,,,,,1.71,2.6,9.3,4.87,29.0,3.49,18.0,0.4,-6.58,-2.41,0.0,-3.63,29.0,3.1,18.0,0.4,-4.74,-1.8,0.97,-2.03,29.0,3.03,18.0,0.4,1019.08,1019.7,1020.05,1019.58,5.0,0.61,28.0,0.2,,,,,,,,,,,,,,,,,,,,,,,,,,,,,,,,,,,,,,,,,,,,,,,,,,,,,,,,,,,,,,,,,,,,,,,,,,,,,,,,,,,,,,,,,,,,,,,,,,,,,,,,,,,,,,,,,,,,,,,,,,,,,,,,
1891,8,22700,-35.30000000000001,46.4,18.3,19.0,19.5,19.0,32.0,0.8,14.0,0.6,17.18,19.05,21.02,19.24,32.0,1.88,14.0,0.6,10.52,10.75,10.99,10.75,2.0,0.49,12.0,1.0,68.5,71.6,74.7,71.6,2.0,6.4,12.0,1.0,1.0,4.6,9.3,4.81,32.0,3.4,14.0,0.6,-1.84,0.0,4.57,0.77,32.0,3.0,14.0,0.6,-6.85,0.0,3.33,-0.93,32.0,4.99,14.0,0.6,1007.75,1009.9,1022.28,1013.37,12.0,7.0,14.0,0.6,2.0,6.0,8.0,5.2,32.0,2.5,14.0,0.6,68.5,71.6,74.7,71.6,2.0,6.4,12.0,1.0,-4.8,0.0,31.7,6.6,32.0,22.5,14.0,0.6,-47.7,0.0,15.3,-12.8,32.0,47.8,14.0,0.6,-2.02,-0.4,1.52,-0.23,32.0,1.75,14.0,0.6,-7.6,-1.4,6.2,-1.2,32.0,7.7,14.0,0.6,2.64,2.7,2.75,2.7,2.0,0.11,12.0,1.0,12.2,12.4,12.6,12.4,2.0,0.5,12.0,1.0,-33.6,0.0,92.1,17.1,32.0,59.8,14.0,0.6,-120.6,0.0,69.2,-13.5,32.0,92.5,14.0,0.6,32.8,40.1,47.3,40.1,2.0,15.0,12.0,1.0,-32.7,-22.0,-11.2,-22.0,2.0,22.3,12.0,1.0,,,,,,,,,,,,,,,,,,,,,,,,,,,,,,,,
1891,8,22700,-35.30000000000001,46.8,,,,,,,,,,,,,,,,,,,,,,,,,,,,,,,,,,,,,,,,,,,,,,,,,,,,,,,,,,,,,,,,,,,,,,,,,,,,,,,,,,,,,,,,,,,,,,,,,,,,,,,,,,,,,,,,,,,,,,,,,,,,,,,,,,,,,,,,,,,,,,,,,,,,,,,,,,,,,,,,,8.2,10.0,11.8,10.0,2.0,3.7,12.0,1.0,-8.2,-5.5,-2.8,-5.5,2.0,5.6,12.0,1.0,1.0,97.5,804.5,299.0,32.0,496.5,14.0,0.6,0.0,95.0,805.0,300.0,32.0,495.0,14.0,0.6
1891,8,22700,-35.19999999999999,-41.3,,,,,,,,,,,,,,,,,,,,,,,,,,,,,,,,,4.6,9.3,15.4,9.66,17.0,5.59,14.0,0.6,-4.61,1.84,8.59,1.4,17.0,6.76,14.0,0.6,-12.73,0.0,3.36,-3.75,17.0,8.23,14.0,0.6,1008.74,1017.5,1021.77,1015.87,7.0,7.23,16.0,0.7,,,,,,,,,,,,,,,,,,,,,,,,,,,,,,,,,,,,,,,,,,,,,,,,,,,,,,,,,,,,,,,,,,,,,,,,,,,,,,,,,,,,,,,,,,,,,,,,,,,,,,,,,,,,,,,,,,,,,,,,,,,,,,,,
1891,8,22700,-35.19999999999999,-39.4,,,,,,,,,,,,,,,,,,,,,,,,,,,,,,,,,3.46,9.5,17.46,9.65,10.0,6.87,14.0,0.5,-2.42,2.88,13.05,4.96,10.0,8.25,14.0,0.5,-6.02,-2.53,1.05,-1.09,10.0,7.34,14.0,0.5,1012.39,1018.65,1024.23,1018.33,4.0,6.88,12.0,0.0,,,,,,,,,,,,,,,,,,,,,,,,,,,,,,,,,,,,,,,,,,,,,,,,,,,,,,,,,,,,,,,,,,,,,,,,,,,,,,,,,,,,,,,,,,,,,,,,,,,,,,,,,,,,,,,,,,,,,,,,,,,,,,,,
1891,8,22700,-35.19999999999999,-19.3,,,,,,,,,,,,,,,,,,,,,,,,,,,,,,,,,2.6,4.6,8.15,5.27,29.0,2.56,24.0,0.5,-6.41,-2.51,0.21,-2.73,29.0,3.15,24.0,0.5,-3.82,0.71,5.56,0.69,29.0,4.15,24.0,0.5,1018.4,1018.9,1020.4,1019.53,21.0,1.89,22.0,0.6,,,,,,,,,,,,,,,,,,,,,,,,,,,,,,,,,,,,,,,,,,,,,,,,,,,,,,,,,,,,,,,,,,,,,,,,,,,,,,,,,,,,,,,,,,,,,,,,,,,,,,,,,,,,,,,,,,,,,,,,,,,,,,,,
1891,8,22700,-35.19999999999999,-9.4,25.0,25.1,25.5,25.18,39.0,0.29,10.0,0.5,23.61,24.3,25.1,24.42,39.0,0.75,10.0,0.5,14.54,16.28,17.33,16.04,11.0,1.34,16.0,0.7,77.6,85.4,89.9,84.1,11.0,6.5,16.0,0.7,1.0,4.6,6.7,5.22,38.0,3.3,10.0,0.5,-4.98,-3.25,-0.9,-3.3,38.0,2.27,10.0,0.5,-0.07,1.72,6.17,2.86,38.0,3.76,10.0,0.5,1014.81,1017.4,1018.74,1016.95,17.0,1.94,10.0,0.5,2.0,4.0,6.0,4.5,39.0,2.0,10.0,0.5,77.6,85.4,89.9,84.1,11.0,6.5,16.0,0.7,-33.3,-17.5,-0.9,-20.9,38.0,22.3,10.0,0.5,-0.3,7.1,41.3,24.0,38.0,43.2,10.0,0.5,-0.1,0.8,1.59,0.76,39.0,0.78,10.0,0.5,-0.7,1.8,8.0,3.8,38.0,5.7,10.0,0.5,3.06,4.12,4.75,3.98,11.0,1.05,16.0,0.7,11.5,18.3,46.2,25.7,10.0,16.8,14.0,0.7,-119.5,-80.5,-21.3,-81.1,38.0,55.8,10.0,0.5,-1.7,44.6,142.7,69.0,38.0,90.9,10.0,0.5,-78.9,-52.7,-35.1,-56.1,10.0,21.4,14.0,0.7,-21.5,35.8,144.1,49.9,10.0,83.0,14.0,0.7,,,,,,,,,,,,,,,,,,,,,,,,,,,,,,,,
1891,8,22700,-35.19999999999999,-7.7,25.19,25.5,26.02,25.59,7.0,0.48,12.0,0.4,24.68,25.0,25.4,25.03,7.0,0.42,12.0,0.4,15.2,16.48,17.6,16.5,6.0,1.23,14.0,0.3,78.5,84.5,88.9,83.9,6.0,5.6,14.0,0.3,4.5,6.7,9.44,6.69,7.0,3.26,12.0,0.4,-7.83,-4.74,-3.54,-5.29,7.0,2.96,12.0,0.4,2.37,4.03,5.28,3.89,7.0,1.92,12.0,0.4,1014.67,1015.7,1017.52,1016.0,7.0,1.43,12.0,0.4,2.0,2.0,3.1,2.9,7.0,1.5,12.0,0.4,78.5,84.5,88.9,83.9,6.0,5.6,14.0,0.3,-74.3,-31.7,-16.2,-43.5,7.0,42.1,12.0,0.4,6.3,27.0,50.1,30.9,7.0,28.2,12.0,0.4,0.17,0.7,1.21,0.56,7.0,0.65,12.0,0.4,0.4,4.7,7.0,4.8,7.0,6.3,12.0,0.4,2.29,3.92,5.23,3.85,6.0,1.71,14.0,0.3,6.8,22.3,42.3,28.1,6.0,26.5,14.0,0.3,-197.9,-117.0,-86.1,-132.7,7.0,74.5,12.0,0.4,59.2,102.4,133.5,97.3,7.0,48.1,12.0,0.4,-101.2,-76.6,-51.9,-78.7,6.0,44.9,14.0,0.3,38.1,55.9,78.7,58.7,6.0,28.6,14.0,0.3,,,,,,,,,,,,,,,,,,,,,,,,,,,,,,,,
1891,8,22700,-35.10000000000002,-7.6,,,,,,,,,,,,,,,,,,,,,,,,,,,,,,,,,,,,,,,,,,,,,,,,,,,,,,,,,,,,,,,,,,,,,,,,,,,,,,,,,,,,,,,,,,,,,,,,,,,,,,,,,,,,,,,,,,,,,,,,,,,,,,,,,,,,,,,,,,,,,,,,,,,,,,,,,,,,,,,,,-31.9,-17.8,-5.8,-22.1,6.0,22.3,14.0,0.3,5.2,13.4,27.5,16.9,6.0,15.0,14.0,0.3,93.5,301.0,855.0,497.0,7.0,656.0,12.0,0.4,95.0,300.0,855.0,495.0,7.0,655.0,12.0,0.4
1891,8,22700,-35.10000000000002,42.0,,,,,,,,,,,,,,,,,,,,,,,,,,,,,,,,,6.7,9.5,12.3,9.5,6.0,3.07,16.0,0.7,0.0,2.4,4.81,2.4,6.0,2.63,16.0,0.7,-11.32,-2.31,6.7,-2.31,6.0,9.87,16.0,0.7,1021.0,1021.0,1021.0,1021.0,3.0,0.0,6.0,0.7,,,,,,,,,,,,,,,,,,,,,,,,,,,,,,,,,,,,,,,,,,,,,,,,,,,,,,,,,,,,,,,,,,,,,,,,,,,,,,,,,,,,,,,,,,,,,,,,,,,,,,,,,,,,,,,,,,,,,,,,,,,,,,,,
1891,8,22700,-35.0,-35.1,,,,,,,,,,,,,,,,,,,,,,,,,,,,,,,,,4.6,6.7,13.43,8.72,5.0,4.89,4.0,0.4,-9.5,-4.74,-1.09,-5.21,5.0,4.58,4.0,0.4,-9.5,-4.74,-4.48,-6.64,5.0,2.99,4.0,0.4,1006.08,1011.1,1016.23,1011.22,5.0,5.54,4.0,0.4,,,,,,,,,,,,,,,,,,,,,,,,,,,,,,,,,,,,,,,,,,,,,,,,,,,,,,,,,,,,,,,,,,,,,,,,,,,,,,,,,,,,,,,,,,,,,,,,,,,,,,,,,,,,,,,,,,,,,,,,,,,,,,,,
1891,8,22700,-35.0,-31.4,,,,,,,,,,,,,,,,,,,,,,,,,,,,,,,,,7.94,9.3,9.3,8.65,4.0,1.3,24.0,0.3,2.97,5.03,7.62,5.28,4.0,2.79,24.0,0.3,4.86,6.39,7.65,6.26,4.0,2.05,24.0,0.3,1021.82,1022.85,1023.78,1022.8,4.0,1.3,24.0,0.3,,,,,,,,,,,,,,,,,,,,,,,,,,,,,,,,,,,,,,,,,,,,,,,,,,,,,,,,,,,,,,,,,,,,,,,,,,,,,,,,,,,,,,,,,,,,,,,,,,,,,,,,,,,,,,,,,,,,,,,,,,,,,,,,
1891,8,22700,-35.0,2.5,,,,,,,,,,,,,,,,,,,,,,,,,,,,,,,,,6.7,6.7,6.7,6.7,2.0,0.0,30.0,0.0,-2.62,-2.62,-2.62,-2.62,2.0,0.0,30.0,0.0,6.17,6.17,6.17,6.17,2.0,0.0,30.0,0.0,1010.66,1011.0,1011.34,1011.0,2.0,0.71,30.0,0.0,,,,,,,,,,,,,,,,,,,,,,,,,,,,,,,,,,,,,,,,,,,,,,,,,,,,,,,,,,,,,,,,,,,,,,,,,,,,,,,,,,,,,,,,,,,,,,,,,,,,,,,,,,,,,,,,,,,,,,,,,,,,,,,,
1891,8,22700,-33.89999999999998,49.0,,,,,,,,,,,,,,,,,,,,,,,,,,,,,,,,,,,,,,,,,,,,,,,,,,,,,,,,,,,,,,,,,,,,,,,,,,,,,,,,,,,,,,,,,,,,,,,,,,,,,,,,,,,,,,,,,,,,,,,,,,,,,,,,,,,,,,,,,,,,,,,,,,,,,,,,,,,,,,,,,38.2,38.2,38.2,38.2,1.0,0.0,26.0,1.0,-35.6,-35.6,-35.6,-35.6,1.0,0.0,26.0,1.0,17.5,301.0,1541.0,748.0,41.0,1251.5,12.0,0.6,20.0,300.0,1540.0,750.0,41.0,1250.0,12.0,0.6
1891,8,22700,-33.89999999999998,56.9,,,,,,,,,,,,,,,,,,,,,,,,,,,,,,,,,4.6,4.6,4.6,4.6,1.0,0.0,24.0,0.0,4.57,4.57,4.57,4.57,1.0,0.0,24.0,0.0,0.56,0.56,0.56,0.56,1.0,0.0,24.0,0.0,996.3,996.3,996.3,996.3,1.0,0.0,24.0,0.0,,,,,,,,,,,,,,,,,,,,,,,,,,,,,,,,,,,,,,,,,,,,,,,,,,,,,,,,,,,,,,,,,,,,,,,,,,,,,,,,,,,,,,,,,,,,,,,,,,,,,,,,,,,,,,,,,,,,,,,,,,,,,,,,
1891,8,22700,-33.80000000000001,-11.5,,,,,,,,,,,,,,,,,,,,,,,,,,,,,,,,,,,,,,,,,,,,,,,,,,,,,,,,,,,,,,,,,,,,,,,,,,,,,,,,,,,,,,,,,,,,,,,,,,,,,,,,,,,,,,,,,,,,,,,,,,,,,,,,,,,,,,,,,,,,,,,,,,,,,,,,,,,,,,,,,-25.8,-18.9,-16.6,-21.1,3.0,7.1,18.0,0.7,-6.3,-4.4,-3.8,-5.1,3.0,1.9,18.0,0.7,301.0,804.5,804.5,660.0,21.0,490.5,16.0,0.6,300.0,805.0,805.0,660.0,21.0,490.0,16.0,0.6
1891,8,22700,-33.69999999999999,-7.4,,,,,,,,,,,,,,,,,,,,,,,,,,,,,,,,,,,,,,,,,,,,,,,,,,,,,,,,,,,,,,,,,,,,,,,,,,,,,,,,,,,,,,,,,,,,,,,,,,,,,,,,,,,,,,,,,,,,,,,,,,,,,,,,,,,,,,,,,,,,,,,,,,,,,,,,,,,,,,,,,-25.2,-19.0,-12.8,-20.3,11.0,9.5,12.0,0.3,6.3,10.0,14.5,11.3,11.0,7.4,12.0,0.3,97.5,301.0,301.0,322.5,21.0,411.5,10.0,0.4,95.0,300.0,300.0,320.0,21.0,410.0,10.0,0.4
1891,8,22700,-33.69999999999999,30.7,,,,,,,,,,,,,,,,,,,,,,,,,,,,,,,,,1.24,2.6,2.6,1.95,4.0,1.3,16.0,0.0,-1.26,0.0,0.0,-0.6,4.0,1.21,16.0,0.0,-0.51,1.3,2.6,1.06,4.0,1.83,16.0,0.0,1022.29,1022.65,1022.75,1022.53,4.0,0.36,16.0,0.0,,,,,,,,,,,,,,,,,,,,,,,,,,,,,,,,,,,,,,,,,,,,,,,,,,,,,,,,,,,,,,,,,,,,,,,,,,,,,,,,,,,,,,,,,,,,,,,,,,,,,,,,,,,,,,,,,,,,,,,,,,,,,,,,
1891,8,22700,-33.69999999999999,54.4,,,,,,,,,,,,,,,,,,,,,,,,,,,,,,,,,15.4,15.4,15.4,15.4,2.0,0.0,26.0,1.0,11.57,12.23,12.89,12.23,2.0,1.37,26.0,1.0,-10.09,-9.22,-8.34,-9.22,2.0,1.82,26.0,1.0,999.08,1000.75,1002.42,1000.75,2.0,3.46,26.0,1.0,,,,,,,,,,,,,,,,,,,,,,,,,,,,,,,,,,,,,,,,,,,,,,,,,,,,,,,,,,,,,,,,,,,,,,,,,,,,,,,,,,,,,,,,,,,,,,,,,,,,,,,,,,,,,,,,,,,,,,,,,,,,,,,,
1891,8,22700,-33.60000000000002,-31.1,,,,,,,,,,,,,,,,,,,,,,,,,,,,,,,,,1.76,3.6,4.6,3.2,4.0,1.74,24.0,0.8,-1.3,0.51,2.52,0.61,4.0,2.31,24.0,0.8,1.25,2.55,3.78,2.52,4.0,1.56,24.0,0.8,1026.38,1027.4,1028.26,1027.33,4.0,1.14,24.0,0.8,,,,,,,,,,,,,,,,,,,,,,,,,,,,,,,,,,,,,,,,,,,,,,,,,,,,,,,,,,,,,,,,,,,,,,,,,,,,,,,,,,,,,,,,,,,,,,,,,,,,,,,,,,,,,,,,,,,,,,,,,,,,,,,,
1891,8,22700,-33.60000000000002,-11.4,,,,,,,,,,,,,,,,,,,,,,,,,,,,,,,,,,,,,,,,,,,,,,,,,,,,,,,,,,,,,,,,,,,,,,,,,,,,,,,,,,,,,,,,,,,,,,,,,0.06,0.2,1.04,0.44,11.0,0.54,18.0,0.7,0.5,1.3,8.2,3.1,11.0,3.9,18.0,0.7,3.69,4.21,4.39,4.05,3.0,0.53,18.0,0.7,17.0,19.4,26.6,21.7,3.0,7.3,18.0,0.7,,,,,,,,,,,,,,,,,,,,,,,,,,,,,,,,,,,,,,,,,,,,,,,,,,,,,,,,,,,,,,,,
1891,8,22700,-33.60000000000002,-7.4,25.32,25.8,26.0,25.72,21.0,0.37,10.0,0.4,25.0,25.2,26.28,25.51,21.0,0.99,10.0,0.4,15.59,16.64,17.74,16.64,11.0,1.01,12.0,0.3,79.0,83.0,91.6,84.1,11.0,8.1,12.0,0.3,4.6,6.7,6.7,6.12,21.0,2.17,10.0,0.4,-6.38,-4.61,-4.23,-5.01,21.0,1.43,10.0,0.4,-0.63,2.41,4.74,2.55,21.0,2.95,10.0,0.4,1014.1,1015.85,1017.8,1015.81,20.0,1.8,10.0,0.4,2.0,2.0,4.8,2.9,21.0,1.5,10.0,0.4,79.0,83.0,91.6,84.1,11.0,8.1,12.0,0.3,-44.2,-31.7,-19.5,-32.6,21.0,19.0,10.0,0.4,-2.9,12.1,31.7,20.0,21.0,31.8,10.0,0.4,-0.48,0.2,1.0,0.21,21.0,0.94,10.0,0.4,-2.3,1.3,6.9,1.5,21.0,6.2,10.0,0.4,3.01,3.76,5.02,4.06,11.0,1.0,12.0,0.3,15.4,20.6,26.8,23.6,11.0,11.3,12.0,0.3,-166.1,-118.3,-107.3,-127.9,21.0,36.4,10.0,0.4,-16.4,58.7,118.4,63.9,21.0,75.0,10.0,0.4,-104.1,-76.0,-64.0,-83.8,11.0,32.7,12.0,0.3,22.8,44.0,73.2,46.5,11.0,24.7,12.0,0.3,,,,,,,,,,,,,,,,,,,,,,,,,,,,,,,,
1891,8,22700,-33.60000000000002,26.2,,,,,,,,,,,,,,,,,,,,,,,,,,,,,,,,,5.5,9.3,9.3,7.84,10.0,2.01,20.0,0.2,-8.56,-6.58,-4.24,-6.56,10.0,2.08,20.0,0.2,-5.36,-3.63,-3.25,-4.06,10.0,1.37,20.0,0.2,1018.2,1019.6,1019.87,1019.29,9.0,1.12,22.0,0.2,,,,,,,,,,,,,,,,,,,,,,,,,,,,,,,,,,,,,,,,,,,,,,,,,,,,,,,,,,,,,,,,,,,,,,,,,,,,,,,,,,,,,,,,,,,,,,,,,,,,,,,,,,,,,,,,,,,,,,,,,,,,,,,,
1891,8,22700,-33.5,-35.4,,,,,,,,,,,,,,,,,,,,,,,,,,,,,,,,,4.6,6.7,6.97,6.9,7.0,2.58,10.0,0.7,-3.32,2.62,6.92,2.8,7.0,5.55,10.0,0.7,-4.81,-1.72,4.68,-0.73,7.0,4.65,10.0,0.7,1006.4,1014.25,1024.08,1015.18,6.0,9.97,8.0,0.7,,,,,,,,,,,,,,,,,,,,,,,,,,,,,,,,,,,,,,,,,,,,,,,,,,,,,,,,,,,,,,,,,,,,,,,,,,,,,,,,,,,,,,,,,,,,,,,,,,,,,,,,,,,,,,,,,,,,,,,,,,,,,,,,
1891,8,22700,-33.5,-21.0,,,,,,,,,,,,,,,,,,,,,,,,,,,,,,,,,6.7,6.7,6.7,6.7,1.0,0.0,12.0,1.0,-4.74,-4.74,-4.74,-4.74,1.0,0.0,12.0,1.0,4.74,4.74,4.74,4.74,1.0,0.0,12.0,1.0,1018.8,1018.8,1018.8,1018.8,1.0,0.0,12.0,1.0,,,,,,,,,,,,,,,,,,,,,,,,,,,,,,,,,,,,,,,,,,,,,,,,,,,,,,,,,,,,,,,,,,,,,,,,,,,,,,,,,,,,,,,,,,,,,,,,,,,,,,,,,,,,,,,,,,,,,,,,,,,,,,,,
1891,8,22700,-33.5,-19.2,,,,,,,,,,,,,,,,,,,,,,,,,,,,,,,,,4.6,6.7,8.19,6.68,10.0,2.49,18.0,0.7,-6.4,-4.44,-2.38,-3.75,10.0,3.35,18.0,0.7,-2.63,1.31,5.79,1.9,10.0,4.99,18.0,0.7,1017.79,1018.75,1022.0,1019.47,10.0,2.29,18.0,0.7,,,,,,,,,,,,,,,,,,,,,,,,,,,,,,,,,,,,,,,,,,,,,,,,,,,,,,,,,,,,,,,,,,,,,,,,,,,,,,,,,,,,,,,,,,,,,,,,,,,,,,,,,,,,,,,,,,,,,,,,,,,,,,,,
1891,8,22700,-33.5,-11.4,,,,,,,,,,,,,,,,,,,,,,,,,,,,,,,,,,,,,,,,,,,,,,,,,,,,,,,,,,,,,,,,,,,,,,,,,,,,,,,,,,,,,,,,,,,,,,,,,,,,,,,,,,,,,,,,,,,,,,,,,,,,,,,,,-196.7,-119.2,-95.1,-136.4,16.0,51.4,20.0,0.6,17.4,115.4,167.2,102.8,16.0,77.4,20.0,0.6,-95.5,-74.4,-71.5,-83.3,3.0,19.2,18.0,0.7,-23.4,-17.2,-16.5,-19.9,3.0,5.6,18.0,0.7,,,,,,,,,,,,,,,,,,,,,,,,,,,,,,,,
1891,8,22700,-33.5,-11.3,25.0,25.3,25.72,25.35,16.0,0.33,16.0,0.6,24.19,25.0,25.89,25.09,16.0,0.83,20.0,0.6,15.82,16.2,16.47,16.15,3.0,0.48,18.0,0.7,81.1,84.5,86.1,83.6,3.0,3.8,18.0,0.7,6.7,9.3,9.3,8.17,21.0,2.21,16.0,0.6,-8.22,-4.81,-4.48,-5.72,21.0,1.91,16.0,0.6,3.48,4.74,8.27,5.0,21.0,3.29,16.0,0.6,1015.73,1017.3,1020.06,1017.71,19.0,2.09,16.0,0.5,2.0,4.0,6.0,4.0,21.0,1.8,16.0,0.6,81.1,84.5,86.1,83.6,3.0,3.8,18.0,0.7,-76.4,-43.6,-31.7,-49.0,21.0,25.0,16.0,0.6,21.7,32.4,76.9,46.1,21.0,36.4,16.0,0.6,,,,,,,,,,,,,,,,,,,,,,,,,,,,,,,,,,,,,,,,,,,,,,,,,,,,,,,,,,,,,,,,,,,,,,,,,,,,,,,,,,,,,,,,,,,,,,,,
1891,8,22700,-33.5,-9.5,25.42,25.5,25.96,25.59,15.0,0.31,18.0,0.6,25.0,25.25,26.0,25.33,16.0,0.73,18.0,0.6,16.38,16.54,16.75,16.56,4.0,0.28,14.0,0.3,82.7,84.0,85.3,84.0,4.0,1.7,14.0,0.3,,,,,,,,,,,,,,,,,,,,,,,,,,,,,,,,,,,,,,,,,,,,,,,,,,,,,,,,,,,,,,,,,-0.5,0.3,0.88,0.24,15.0,0.6,18.0,0.6,-4.4,1.8,4.0,0.9,15.0,4.5,18.0,0.6,3.78,3.99,4.47,4.12,4.0,0.45,14.0,0.3,13.9,17.4,19.7,16.9,4.0,4.5,14.0,0.3,,,,,,,,,,,,,,,,,,,,,,,,,,,,,,,,,,,,,,,,,,,,,,,,,,,,,,,,,,,,,,,,
1891,8,22700,-33.5,-9.4,,,,,,,,,,,,,,,,,,,,,,,,,,,,,,,,,,,,,,,,,,,,,,,,,,,,,,,,,,,,,,,,,,,,,,,,,,,,,,,,,,,,,,,,,,,,,,,,,,,,,,,,,,,,,,,,,,,,,,,,,,,,,,,,,,,,,,,,,,,,,,,,,,,,,,,,,,,,,,,,,-19.2,-16.7,-13.4,-16.3,4.0,4.2,14.0,0.3,-5.9,-3.0,0.9,-2.5,4.0,4.1,14.0,0.3,97.5,301.0,804.5,487.0,16.0,475.5,18.0,0.6,95.0,300.0,805.0,485.0,16.0,475.0,18.0,0.6
1891,8,22700,-33.5,2.1,,,,,,,,,,,,,,,,,,,,,,,,,,,,,,,,,6.7,6.7,6.7,6.7,4.0,0.0,28.0,0.8,-2.62,-2.62,-2.62,-2.62,4.0,0.0,28.0,0.8,6.17,6.17,6.17,6.17,4.0,0.0,28.0,0.8,1010.0,1011.15,1011.4,1010.73,4.0,1.1,28.0,0.8,,,,,,,,,,,,,,,,,,,,,,,,,,,,,,,,,,,,,,,,,,,,,,,,,,,,,,,,,,,,,,,,,,,,,,,,,,,,,,,,,,,,,,,,,,,,,,,,,,,,,,,,,,,,,,,,,,,,,,,,,,,,,,,,
1891,8,22700,-33.5,20.3,,,,,,,,,,,,,,,,,,,,,,,,,,,,,,,,,1.61,4.6,9.3,5.65,16.0,3.82,14.0,0.4,-8.56,-4.23,-0.63,-4.79,16.0,3.64,14.0,0.4,-4.78,-1.82,-0.92,-2.65,16.0,1.84,14.0,0.4,1015.21,1017.2,1017.78,1016.67,11.0,1.67,18.0,0.5,,,,,,,,,,,,,,,,,,,,,,,,,,,,,,,,,,,,,,,,,,,,,,,,,,,,,,,,,,,,,,,,,,,,,,,,,,,,,,,,,,,,,,,,,,,,,,,,,,,,,,,,,,,,,,,,,,,,,,,,,,,,,,,,
1891,8,22700,-33.5,28.0,,,,,,,,,,,,,,,,,,,,,,,,,,,,,,,,,7.11,8.0,8.89,8.0,2.0,1.84,18.0,1.0,-6.28,-5.66,-5.03,-5.66,2.0,1.3,18.0,1.0,-6.28,-5.66,-5.03,-5.66,2.0,1.3,18.0,1.0,1020.68,1020.85,1021.02,1020.85,2.0,0.35,18.0,1.0,,,,,,,,,,,,,,,,,,,,,,,,,,,,,,,,,,,,,,,,,,,,,,,,,,,,,,,,,,,,,,,,,,,,,,,,,,,,,,,,,,,,,,,,,,,,,,,,,,,,,,,,,,,,,,,,,,,,,,,,,,,,,,,,
1891,8,22700,-33.5,38.6,,,,,,,,,,,,,,,,,,,,,,,,,,,,,,,,,2.6,6.95,9.3,6.58,16.0,3.77,20.0,0.6,-5.4,0.0,0.94,-1.29,16.0,3.07,20.0,0.6,-7.51,-2.48,6.58,-1.1,16.0,6.91,20.0,0.6,1022.0,1022.45,1023.38,1022.44,8.0,1.31,14.0,0.5,,,,,,,,,,,,,,,,,,,,,,,,,,,,,,,,,,,,,,,,,,,,,,,,,,,,,,,,,,,,,,,,,,,,,,,,,,,,,,,,,,,,,,,,,,,,,,,,,,,,,,,,,,,,,,,,,,,,,,,,,,,,,,,,
1891,8,22700,-33.5,50.3,15.06,15.1,16.32,15.6,5.0,0.76,18.0,0.2,12.73,15.6,16.18,14.72,5.0,2.07,18.0,0.2,6.96,7.14,7.32,7.14,2.0,0.38,26.0,0.0,78.2,78.4,78.7,78.4,2.0,0.5,26.0,0.0,5.2,6.7,20.31,11.52,5.0,8.73,18.0,0.2,-2.34,5.55,14.86,5.99,5.0,9.34,18.0,0.2,-13.85,2.55,3.75,-3.67,5.0,9.66,18.0,0.2,1005.25,1005.35,1005.45,1005.35,2.0,0.21,26.0,0.0,4.3,6.0,7.4,5.8,5.0,1.9,18.0,0.2,78.2,78.4,78.7,78.4,2.0,0.5,26.0,0.0,-14.4,37.2,304.0,127.3,5.0,181.0,18.0,0.2,-283.5,6.6,25.1,-107.5,5.0,177.1,18.0,0.2,-0.54,0.5,2.37,0.88,5.0,1.58,18.0,0.2,-2.3,3.4,48.9,20.8,5.0,31.3,18.0,0.2,3.41,3.59,3.77,3.59,2.0,0.38,26.0,0.0,66.9,75.1,83.3,75.1,2.0,16.9,26.0,0.0,-37.1,86.7,188.6,74.7,5.0,122.8,18.0,0.2,-175.9,43.9,58.4,-39.1,5.0,127.2,18.0,0.2,104.7,108.3,111.9,108.3,2.0,7.5,26.0,0.0,-104.4,-101.0,-97.6,-101.0,2.0,7.0,26.0,0.0,,,,,,,,,,,,,,,,,,,,,,,,,,,,,,,,
1891,8,22700,-33.5,58.5,,,,,,,,,,,,,,,,,,,,,,,,,,,,,,,,,7.04,12.3,12.3,9.73,3.0,4.45,20.0,0.7,-2.35,-2.35,2.37,-0.04,3.0,3.99,20.0,0.7,-12.07,-12.07,-3.45,-7.86,3.0,7.29,20.0,0.7,996.3,996.3,996.3,996.3,1.0,0.0,24.0,1.0,,,,,,,,,,,,,,,,,,,,,,,,,,,,,,,,,,,,,,,,,,,,,,,,,,,,,,,,,,,,,,,,,,,,,,,,,,,,,,,,,,,,,,,,,,,,,,,,,,,,,,,,,,,,,,,,,,,,,,,,,,,,,,,,
1891,8,22700,-33.39999999999998,-17.3,,,,,,,,,,,,,,,,,,,,,,,,,,,,,,,,,2.6,6.7,9.3,6.46,26.0,2.97,24.0,0.5,-8.56,-6.39,-1.01,-5.41,26.0,3.34,24.0,0.5,-2.42,0.0,3.67,0.33,26.0,3.24,24.0,0.5,1017.79,1019.1,1021.56,1019.74,19.0,2.18,22.0,0.5,,,,,,,,,,,,,,,,,,,,,,,,,,,,,,,,,,,,,,,,,,,,,,,,,,,,,,,,,,,,,,,,,,,,,,,,,,,,,,,,,,,,,,,,,,,,,,,,,,,,,,,,,,,,,,,,,,,,,,,,,,,,,,,,
1891,8,22700,-33.39999999999998,-9.5,,,,,,,,,,,,,,,,,,,,,,,,,,,,,,,,,4.6,6.7,9.3,7.08,16.0,2.55,18.0,0.6,-5.88,-3.87,-2.54,-4.28,16.0,1.75,18.0,0.6,0.13,6.21,8.62,4.79,16.0,3.59,18.0,0.6,1014.45,1015.8,1019.54,1016.61,9.0,2.46,14.0,0.7,2.0,3.0,5.2,3.2,16.0,1.9,18.0,0.6,82.7,84.0,85.3,84.0,4.0,1.7,14.0,0.3,-50.2,-26.3,-16.8,-32.7,16.0,25.0,18.0,0.6,0.8,41.6,80.2,41.4,16.0,34.9,18.0,0.6,,,,,,,,,,,,,,,,,,,,,,,,,,,,,,,,,-147.5,-99.5,-65.7,-108.4,16.0,44.8,18.0,0.6,3.3,155.3,217.6,122.1,16.0,91.7,18.0,0.6,-74.9,-71.6,-56.1,-65.8,4.0,15.5,14.0,0.3,-23.6,-10.5,4.3,-9.7,4.0,17.2,14.0,0.3,,,,,,,,,,,,,,,,,,,,,,,,,,,,,,,,
1891,8,22700,-33.39999999999998,-5.5,25.5,25.8,26.1,25.81,23.0,0.32,10.0,0.7,25.15,25.6,26.3,25.65,23.0,0.77,10.0,0.7,16.13,17.24,19.19,17.46,14.0,1.49,14.0,0.8,77.3,86.0,91.4,84.1,14.0,7.3,14.0,0.8,4.6,4.6,9.3,6.43,23.0,2.47,10.0,0.7,-6.58,-4.54,-4.02,-5.39,23.0,1.87,10.0,0.7,-0.8,2.64,5.83,2.61,23.0,2.9,10.0,0.7,1014.1,1016.3,1017.05,1015.77,23.0,1.68,10.0,0.7,2.0,2.0,3.5,2.7,23.0,1.1,10.0,0.7,77.3,86.0,91.4,84.1,14.0,7.3,14.0,0.8,-52.8,-20.9,-20.0,-38.4,23.0,31.4,10.0,0.7,-3.7,12.1,54.3,22.5,23.0,29.0,10.0,0.7,-0.3,0.1,0.55,0.16,23.0,0.76,10.0,0.7,-2.2,0.5,4.0,1.1,23.0,5.2,10.0,0.7,1.93,3.07,4.79,3.3,14.0,1.54,14.0,0.8,12.2,14.1,44.6,24.8,14.0,19.4,14.0,0.8,-170.4,-117.4,-103.7,-138.2,23.0,48.3,10.0,0.7,-20.5,67.0,149.9,67.3,23.0,74.6,10.0,0.7,-130.4,-91.3,-65.4,-99.0,14.0,36.9,14.0,0.8,28.7,66.8,111.9,66.0,14.0,47.3,14.0,0.8,-36.8,-12.7,-10.5,-19.8,14.0,15.9,14.0,0.8,4.1,7.5,27.3,13.0,14.0,13.5,14.0,0.8,97.5,97.5,804.5,396.0,23.0,518.5,10.0,0.7,95.0,95.0,805.0,395.0,23.0,520.0,10.0,0.7
1891,8,22700,-33.39999999999998,42.4,,,,,,,,,,,,,,,,,,,,,,,,,,,,,,,,,4.6,6.7,7.36,6.44,12.0,1.87,14.0,0.5,-5.55,0.9,2.62,-1.05,12.0,3.9,14.0,0.5,-4.73,3.18,5.73,1.24,12.0,5.54,14.0,0.5,1021.0,1021.0,1021.0,1021.0,2.0,0.0,6.0,0.0,,,,,,,,,,,,,,,,,,,,,,,,,,,,,,,,,,,,,,,,,,,,,,,,,,,,,,,,,,,,,,,,,,,,,,,,,,,,,,,,,,,,,,,,,,,,,,,,,,,,,,,,,,,,,,,,,,,,,,,,,,,,,,,,
1891,8,22700,-33.39999999999998,46.5,18.03,18.9,19.08,18.66,21.0,0.86,16.0,0.4,16.21,18.9,20.0,18.61,20.0,1.95,16.0,0.4,11.02,11.02,11.02,11.02,1.0,0.0,12.0,0.0,85.3,85.3,85.3,85.3,1.0,0.0,12.0,0.0,2.6,6.7,9.3,7.16,21.0,4.45,16.0,0.4,-3.46,0.71,5.59,1.09,21.0,5.24,16.0,0.4,-5.6,0.0,6.58,0.26,21.0,6.7,16.0,0.4,1013.06,1016.85,1023.29,1017.67,10.0,5.24,18.0,0.4,3.0,6.0,7.0,5.1,21.0,2.2,16.0,0.4,85.3,85.3,85.3,85.3,1.0,0.0,12.0,0.0,-19.1,0.7,56.0,12.5,21.0,62.7,16.0,0.4,-40.0,0.0,61.2,-8.1,21.0,83.2,16.0,0.4,-1.0,-0.2,1.89,0.11,20.0,1.68,16.0,0.4,-5.6,-0.5,15.1,3.3,20.0,13.1,16.0,0.4,1.99,1.99,1.99,1.99,1.0,0.0,12.0,0.0,9.2,9.2,9.2,9.2,1.0,0.0,12.0,0.0,-64.1,16.3,104.8,29.2,20.0,98.0,16.0,0.4,-104.1,3.9,135.3,10.1,20.0,123.4,16.0,0.4,50.3,50.3,50.3,50.3,1.0,0.0,12.0,0.0,-6.2,-6.2,-6.2,-6.2,1.0,0.0,12.0,0.0,,,,,,,,,,,,,,,,,,,,,,,,,,,,,,,,
1891,8,22700,-33.39999999999998,46.9,,,,,,,,,,,,,,,,,,,,,,,,,,,,,,,,,,,,,,,,,,,,,,,,,,,,,,,,,,,,,,,,,,,,,,,,,,,,,,,,,,,,,,,,,,,,,,,,,,,,,,,,,,,,,,,,,,,,,,,,,,,,,,,,,,,,,,,,,,,,,,,,,,,,,,,,,,,,,,,,,9.1,9.1,9.1,9.1,1.0,0.0,12.0,0.0,-1.1,-1.1,-1.1,-1.1,1.0,0.0,12.0,0.0,17.5,301.0,804.5,815.5,21.0,1229.5,16.0,0.4,20.0,300.0,805.0,815.0,21.0,1230.0,16.0,0.4
1891,8,22700,-33.39999999999998,48.3,17.0,17.8,18.88,17.64,39.0,1.05,12.0,0.6,16.7,18.45,20.0,18.47,34.0,1.95,12.0,0.6,7.97,7.97,7.97,7.97,1.0,0.0,26.0,1.0,79.4,79.4,79.4,79.4,1.0,0.0,26.0,1.0,2.6,6.7,11.43,6.82,41.0,4.41,12.0,0.6,-1.82,1.39,7.99,2.41,41.0,5.03,12.0,0.6,-1.52,2.57,6.8,1.99,41.0,5.64,12.0,0.6,1007.0,1017.4,1021.17,1014.81,21.0,6.61,14.0,0.6,2.0,6.0,7.8,4.9,40.0,2.4,12.0,0.6,79.4,79.4,79.4,79.4,1.0,0.0,26.0,1.0,-6.8,4.8,79.6,31.4,41.0,60.8,12.0,0.6,-3.5,15.0,64.8,10.4,41.0,71.2,12.0,0.6,-2.2,-0.8,0.88,-0.88,34.0,1.49,12.0,0.6,-10.2,-3.3,2.6,-2.9,34.0,9.7,12.0,0.6,2.75,2.75,2.75,2.75,1.0,0.0,26.0,1.0,52.2,52.2,52.2,52.2,1.0,0.0,26.0,1.0,-28.7,29.6,133.6,48.8,34.0,79.2,12.0,0.6,-30.5,50.3,123.0,34.8,34.0,100.2,12.0,0.6,110.7,110.7,110.7,110.7,1.0,0.0,26.0,1.0,-103.2,-103.2,-103.2,-103.2,1.0,0.0,26.0,1.0,,,,,,,,,,,,,,,,,,,,,,,,,,,,,,,,
1891,8,22700,-33.30000000000001,-41.4,,,,,,,,,,,,,,,,,,,,,,,,,,,,,,,,,7.81,9.3,16.13,11.11,10.0,4.74,12.0,0.6,-4.07,5.51,7.75,3.14,10.0,5.94,12.0,0.6,-15.34,-6.58,-2.93,-8.32,10.0,6.04,12.0,0.6,1007.04,1011.15,1021.06,1013.08,10.0,6.58,12.0,0.6,,,,,,,,,,,,,,,,,,,,,,,,,,,,,,,,,,,,,,,,,,,,,,,,,,,,,,,,,,,,,,,,,,,,,,,,,,,,,,,,,,,,,,,,,,,,,,,,,,,,,,,,,,,,,,,,,,,,,,,,,,,,,,,,
1891,8,22700,-33.30000000000001,-39.2,,,,,,,,,,,,,,,,,,,,,,,,,,,,,,,,,5.87,12.3,18.03,11.76,9.0,5.4,18.0,0.3,4.87,8.7,16.72,10.01,9.0,5.97,18.0,0.3,-6.97,-5.77,1.31,-3.6,9.0,4.66,18.0,0.3,1012.69,1015.25,1025.16,1017.63,6.0,6.05,20.0,0.5,,,,,,,,,,,,,,,,,,,,,,,,,,,,,,,,,,,,,,,,,,,,,,,,,,,,,,,,,,,,,,,,,,,,,,,,,,,,,,,,,,,,,,,,,,,,,,,,,,,,,,,,,,,,,,,,,,,,,,,,,,,,,,,,
1891,8,22700,-33.30000000000001,-37.3,,,,,,,,,,,,,,,,,,,,,,,,,,,,,,,,,2.6,12.3,15.4,9.85,17.0,6.02,12.0,0.6,-0.47,8.7,11.36,6.3,17.0,5.7,12.0,0.6,-7.61,2.39,9.71,0.89,17.0,7.99,12.0,0.6,1020.75,1023.3,1024.08,1022.83,12.0,2.28,10.0,0.5,,,,,,,,,,,,,,,,,,,,,,,,,,,,,,,,,,,,,,,,,,,,,,,,,,,,,,,,,,,,,,,,,,,,,,,,,,,,,,,,,,,,,,,,,,,,,,,,,,,,,,,,,,,,,,,,,,,,,,,,,,,,,,,,
1891,8,22700,-33.30000000000001,-29.3,,,,,,,,,,,,,,,,,,,,,,,,,,,,,,,,,2.45,2.6,4.8,3.6,13.0,1.87,26.0,0.5,-0.73,0.97,1.87,0.79,13.0,1.27,26.0,0.5,-4.75,-2.6,-2.25,-3.35,13.0,1.76,26.0,0.5,1027.29,1028.1,1029.12,1028.22,13.0,1.1,26.0,0.5,,,,,,,,,,,,,,,,,,,,,,,,,,,,,,,,,,,,,,,,,,,,,,,,,,,,,,,,,,,,,,,,,,,,,,,,,,,,,,,,,,,,,,,,,,,,,,,,,,,,,,,,,,,,,,,,,,,,,,,,,,,,,,,,
1891,8,22700,-33.30000000000001,-15.3,,,,,,,,,,,,,,,,,,,,,,,,,,,,,,,,,4.6,9.3,9.3,8.09,17.0,2.52,24.0,0.5,-9.3,-6.58,-4.6,-7.27,17.0,2.45,24.0,0.5,0.0,2.51,5.58,2.38,17.0,2.79,24.0,0.5,1017.42,1017.95,1019.38,1018.31,12.0,1.11,24.0,0.5,,,,,,,,,,,,,,,,,,,,,,,,,,,,,,,,,,,,,,,,,,,,,,,,,,,,,,,,,,,,,,,,,,,,,,,,,,,,,,,,,,,,,,,,,,,,,,,,,,,,,,,,,,,,,,,,,,,,,,,,,,,,,,,,
1891,8,22700,-33.30000000000001,-13.3,,,,,,,,,,,,,,,,,,,,,,,,,,,,,,,,,8.23,9.3,9.3,8.49,11.0,3.08,22.0,0.7,-8.95,-6.58,-6.41,-7.0,11.0,2.63,22.0,0.7,0.0,3.48,6.58,4.05,11.0,3.15,22.0,0.7,1016.23,1017.4,1019.59,1017.87,9.0,2.02,22.0,0.7,,,,,,,,,,,,,,,,,,,,,,,,,,,,,,,,,,,,,,,,,,,,,,,,,,,,,,,,,,,,,,,,,,,,,,,,,,,,,,,,,,,,,,,,,,,,,,,,,,,,,,,,,,,,,,,,,,,,,,,,,,,,,,,,
1891,8,22700,-33.30000000000001,18.4,,,,,,,,,,,,,,,,,,,,,,,,,,,,,,,,,4.6,6.7,9.3,6.75,20.0,2.04,10.0,0.5,-6.55,-3.75,-2.58,-4.31,20.0,1.69,10.0,0.5,-6.58,-4.74,-3.64,-5.04,20.0,1.73,10.0,0.5,1016.58,1017.4,1017.84,1017.4,7.0,0.8,28.0,0.3,,,,,,,,,,,,,,,,,,,,,,,,,,,,,,,,,,,,,,,,,,,,,,,,,,,,,,,,,,,,,,,,,,,,,,,,,,,,,,,,,,,,,,,,,,,,,,,,,,,,,,,,,,,,,,,,,,,,,,,,,,,,,,,,
1891,8,22700,-33.30000000000001,24.4,,,,,,,,,,,,,,,,,,,,,,,,,,,,,,,,,4.6,6.7,9.3,6.41,20.0,1.94,20.0,0.6,-6.58,-4.74,-3.25,-4.89,20.0,1.54,20.0,0.6,-6.55,-3.37,-2.63,-4.0,20.0,1.6,20.0,0.6,1017.5,1018.8,1019.49,1018.56,16.0,1.29,22.0,0.6,,,,,,,,,,,,,,,,,,,,,,,,,,,,,,,,,,,,,,,,,,,,,,,,,,,,,,,,,,,,,,,,,,,,,,,,,,,,,,,,,,,,,,,,,,,,,,,,,,,,,,,,,,,,,,,,,,,,,,,,,,,,,,,,
1891,8,22700,-33.19999999999999,-33.6,,,,,,,,,,,,,,,,,,,,,,,,,,,,,,,,,6.7,6.7,7.65,7.22,5.0,1.16,12.0,0.8,2.62,3.48,4.74,3.64,5.0,1.06,12.0,0.8,-7.06,-4.74,-0.76,-3.62,5.0,5.7,12.0,0.8,1008.98,1009.8,1010.69,1009.83,3.0,1.25,6.0,0.7,,,,,,,,,,,,,,,,,,,,,,,,,,,,,,,,,,,,,,,,,,,,,,,,,,,,,,,,,,,,,,,,,,,,,,,,,,,,,,,,,,,,,,,,,,,,,,,,,,,,,,,,,,,,,,,,,,,,,,,,,,,,,,,,
1891,8,22700,-33.19999999999999,22.3,,,,,,,,,,,,,,,,,,,,,,,,,,,,,,,,,4.6,6.7,6.95,6.29,13.0,1.67,18.0,0.5,-6.25,-4.74,-3.99,-4.54,13.0,2.08,18.0,0.5,-4.91,-4.27,-1.8,-3.83,13.0,1.78,18.0,0.5,1016.1,1018.8,1019.9,1018.06,11.0,1.77,20.0,0.5,,,,,,,,,,,,,,,,,,,,,,,,,,,,,,,,,,,,,,,,,,,,,,,,,,,,,,,,,,,,,,,,,,,,,,,,,,,,,,,,,,,,,,,,,,,,,,,,,,,,,,,,,,,,,,,,,,,,,,,,,,,,,,,,
1891,8,22700,-33.19999999999999,32.2,,,,,,,,,,,,,,,,,,,,,,,,,,,,,,,,,0.16,0.5,0.84,0.5,2.0,0.71,16.0,1.0,0.11,0.35,0.59,0.35,2.0,0.5,16.0,1.0,0.11,0.35,0.59,0.35,2.0,0.5,16.0,1.0,1022.28,1022.45,1022.62,1022.45,2.0,0.35,16.0,1.0,,,,,,,,,,,,,,,,,,,,,,,,,,,,,,,,,,,,,,,,,,,,,,,,,,,,,,,,,,,,,,,,,,,,,,,,,,,,,,,,,,,,,,,,,,,,,,,,,,,,,,,,,,,,,,,,,,,,,,,,,,,,,,,,
1891,8,22700,-33.19999999999999,50.0,,,,,,,,,,,,,,,,,,,,,,,,,,,,,,,,,,,,,,,,,,,,,,,,,,,,,,,,,,,,,,,,,,,,,,,,,,,,,,,,,,,,,,,,,,,,,,,,,,,,,,,,,,,,,,,,,,,,,,,,,,,,,,,,,,,,,,,,,,,,,,,,,,,,,,,,,,,,,,,,,48.9,54.9,60.9,54.9,2.0,12.4,26.0,0.0,-56.8,-51.2,-45.6,-51.2,2.0,11.6,26.0,0.0,197.5,301.0,8569.5,3804.5,5.0,5199.0,18.0,0.2,195.0,300.0,8570.0,3805.0,5.0,5200.0,18.0,0.2
1891,8,22700,-33.10000000000002,-3.7,25.62,25.9,26.29,25.96,8.0,0.39,14.0,0.4,25.02,25.3,25.98,25.49,8.0,0.49,14.0,0.4,17.89,18.09,19.32,18.14,7.0,1.46,16.0,0.3,88.7,91.9,93.6,89.8,7.0,5.9,16.0,0.3,4.6,6.7,6.7,5.99,8.0,2.01,14.0,0.4,-6.11,-5.18,-3.86,-5.04,8.0,1.65,14.0,0.4,2.51,3.13,4.62,3.12,8.0,1.45,14.0,0.4,1013.14,1014.15,1016.48,1014.55,8.0,1.72,14.0,0.4,2.0,2.0,3.9,2.6,8.0,1.8,14.0,0.4,88.7,91.9,93.6,89.8,7.0,5.9,16.0,0.3,-40.9,-34.7,-17.7,-33.0,8.0,20.4,14.0,0.4,11.5,21.0,30.9,21.0,8.0,13.9,14.0,0.4,0.2,0.3,1.04,0.48,8.0,0.64,14.0,0.4,1.0,2.0,6.9,3.7,8.0,5.1,14.0,0.4,1.7,2.45,2.88,2.82,7.0,1.71,16.0,0.3,11.2,12.4,19.8,19.8,7.0,18.4,16.0,0.3,-153.3,-132.2,-97.3,-128.1,8.0,40.8,14.0,0.4,63.2,79.8,116.7,79.3,8.0,36.7,14.0,0.4,-112.0,-108.5,-69.6,-96.8,7.0,20.9,16.0,0.3,45.2,70.4,75.5,63.3,7.0,17.3,16.0,0.3,-14.7,-10.4,-9.4,-16.5,7.0,15.7,16.0,0.3,5.8,6.2,13.5,10.8,7.0,9.8,16.0,0.3,97.5,301.0,301.0,277.5,8.0,242.5,14.0,0.4,95.0,300.0,300.0,275.0,8.0,245.0,14.0,0.4
1891,8,22700,-33.10000000000002,0.3,,,,,,,,,,,,,,,,,,,,,,,,,,,,,,,,,6.7,6.7,9.3,7.74,5.0,1.42,28.0,0.4,-8.62,-6.21,-3.96,-6.16,5.0,2.58,28.0,0.4,3.13,3.48,5.26,4.08,5.0,1.41,28.0,0.4,1010.84,1011.7,1012.5,1011.58,5.0,1.15,28.0,0.4,,,,,,,,,,,,,,,,,,,,,,,,,,,,,,,,,,,,,,,,,,,,,,,,,,,,,,,,,,,,,,,,,,,,,,,,,,,,,,,,,,,,,,,,,,,,,,,,,,,,,,,,,,,,,,,,,,,,,,,,,,,,,,,,
1891,8,22700,-33.10000000000002,16.3,,,,,,,,,,,,,,,,,,,,,,,,,,,,,,,,,6.7,6.7,6.7,6.76,8.0,1.26,22.0,0.9,-4.74,-4.74,-2.62,-4.1,8.0,1.44,22.0,0.9,-6.05,-4.74,-4.32,-5.08,8.0,1.73,22.0,0.9,1014.14,1015.65,1016.62,1015.45,6.0,1.19,30.0,0.8,,,,,,,,,,,,,,,,,,,,,,,,,,,,,,,,,,,,,,,,,,,,,,,,,,,,,,,,,,,,,,,,,,,,,,,,,,,,,,,,,,,,,,,,,,,,,,,,,,,,,,,,,,,,,,,,,,,,,,,,,,,,,,,,
1891,8,22700,-33.0,-1.0,,,,,,,,,,,,,,,,,,,,,,,,,,,,,,,,,9.3,9.3,9.3,9.3,2.0,0.0,28.0,0.5,-8.62,-8.62,-8.62,-8.62,2.0,0.0,28.0,0.5,3.48,3.48,3.48,3.48,2.0,0.0,28.0,0.5,1011.89,1012.3,1012.71,1012.3,2.0,0.85,28.0,0.5,,,,,,,,,,,,,,,,,,,,,,,,,,,,,,,,,,,,,,,,,,,,,,,,,,,,,,,,,,,,,,,,,,,,,,,,,,,,,,,,,,,,,,,,,,,,,,,,,,,,,,,,,,,,,,,,,,,,,,,,,,,,,,,,
1891,8,22700,-33.0,44.0,,,,,,,,,,,,,,,,,,,,,,,,,,,,,,,,,9.3,9.3,9.3,9.3,1.0,0.0,6.0,1.0,0.0,0.0,0.0,0.0,1.0,0.0,6.0,1.0,9.3,9.3,9.3,9.3,1.0,0.0,6.0,1.0,1021.0,1021.0,1021.0,1021.0,1.0,0.0,6.0,1.0,,,,,,,,,,,,,,,,,,,,,,,,,,,,,,,,,,,,,,,,,,,,,,,,,,,,,,,,,,,,,,,,,,,,,,,,,,,,,,,,,,,,,,,,,,,,,,,,,,,,,,,,,,,,,,,,,,,,,,,,,,,,,,,,
1891,8,22700,-31.899999999999977,-7.4,,,,,,,,,,,,,,,,,,,,,,,,,,,,,,,,,,,,,,,,,,,,,,,,,,,,,,,,,,,,,,,,,,,,,,,,,,,,,,,,,,,,,,,,,,,,,,,,,,,,,,,,,,,,,,,,,,,,,,,,,,,,,,,,,,,,,,,,,,,,,,,,,,,,,,,,,,,,,,,,,-14.3,-11.9,-9.5,-11.9,2.0,5.0,18.0,1.0,1.2,1.5,1.8,1.5,2.0,0.6,18.0,1.0,301.0,301.0,1861.0,698.5,17.0,692.5,18.0,0.5,300.0,300.0,1860.0,700.0,17.0,695.0,18.0,0.5
1891,8,22700,-31.69999999999999,54.6,,,,,,,,,,,,,,,,,,,,,,,,,,,,,,,,,5.35,6.95,8.55,6.95,2.0,3.32,26.0,0.0,4.85,5.64,6.43,5.64,2.0,1.64,26.0,0.0,-5.17,-2.65,-0.14,-2.65,2.0,5.22,26.0,0.0,995.34,995.65,995.96,995.65,2.0,0.64,26.0,0.0,,,,,,,,,,,,,,,,,,,,,,,,,,,,,,,,,,,,,,,,,,,,,,,,,,,,,,,,,,,,,,,,,,,,,,,,,,,,,,,,,,,,,,,,,,,,,,,,,,,,,,,,,,,,,,,,,,,,,,,,,,,,,,,,
1891,8,22700,-31.69999999999999,58.3,,,,,,,,,,,,,,,,,,,,,,,,,,,,,,,,,5.27,6.7,10.52,7.87,3.0,3.98,22.0,0.7,-0.15,4.57,6.0,2.96,3.0,4.71,22.0,0.7,-8.06,0.56,0.66,-3.6,3.0,7.34,22.0,0.7,995.92,996.6,997.28,996.6,2.0,1.41,24.0,1.0,,,,,,,,,,,,,,,,,,,,,,,,,,,,,,,,,,,,,,,,,,,,,,,,,,,,,,,,,,,,,,,,,,,,,,,,,,,,,,,,,,,,,,,,,,,,,,,,,,,,,,,,,,,,,,,,,,,,,,,,,,,,,,,,
1891,8,22700,-31.600000000000023,-29.1,,,,,,,,,,,,,,,,,,,,,,,,,,,,,,,,,5.27,6.7,6.7,6.0,3.0,1.21,28.0,0.7,0.0,0.0,0.0,0.0,3.0,0.0,28.0,0.7,-6.7,-6.7,-5.27,-6.0,3.0,1.21,28.0,0.7,1023.41,1024.3,1024.91,1024.17,3.0,1.11,28.0,0.7,,,,,,,,,,,,,,,,,,,,,,,,,,,,,,,,,,,,,,,,,,,,,,,,,,,,,,,,,,,,,,,,,,,,,,,,,,,,,,,,,,,,,,,,,,,,,,,,,,,,,,,,,,,,,,,,,,,,,,,,,,,,,,,,
1891,8,22700,-31.600000000000023,-5.5,25.01,25.65,26.38,25.7,14.0,0.57,20.0,0.6,25.11,25.5,26.47,25.71,14.0,0.65,20.0,0.6,15.88,16.87,17.06,16.49,4.0,0.93,16.0,0.3,79.9,83.7,84.8,82.4,4.0,3.7,16.0,0.3,4.6,6.7,9.3,6.96,14.0,2.77,20.0,0.6,-8.49,-5.37,-2.58,-5.26,14.0,2.37,20.0,0.6,0.56,3.05,6.55,3.84,14.0,2.92,20.0,0.6,1013.52,1014.3,1016.32,1014.86,11.0,1.59,20.0,0.5,2.0,4.0,5.0,3.6,14.0,1.7,20.0,0.6,79.9,83.7,84.8,82.4,4.0,3.7,16.0,0.3,-79.0,-36.9,-16.8,-40.9,14.0,30.7,20.0,0.6,2.6,25.0,59.9,32.8,14.0,31.7,20.0,0.6,-0.49,0.0,0.19,-0.01,14.0,0.54,20.0,0.6,-3.7,-0.1,1.8,-0.5,14.0,3.3,20.0,0.6,3.07,3.45,5.11,4.06,4.0,1.6,16.0,0.3,8.9,11.5,21.9,15.2,4.0,9.8,16.0,0.3,-216.7,-138.6,-65.0,-135.9,14.0,62.7,20.0,0.6,14.2,80.6,165.9,98.4,14.0,73.8,20.0,0.6,-71.3,-54.0,-43.6,-57.3,4.0,16.7,16.0,0.3,5.0,6.8,18.1,11.3,4.0,10.7,16.0,0.3,-20.6,-11.4,-8.9,-14.6,4.0,8.7,16.0,0.3,1.0,1.3,6.7,3.7,4.0,5.2,16.0,0.3,97.5,301.0,804.5,486.5,14.0,497.0,20.0,0.6,95.0,300.0,805.0,485.0,14.0,495.0,20.0,0.6
1891,8,22700,-31.600000000000023,-3.5,,,,,,,,,,,,,,,,,,,,,,,,,,,,,,,,,,,,,,,,,,,,,,,,,,,,,,,,,,,,,,,,,,,,,,,,,,,,,,,,,,,,,,,,,,,,,,,,,,,,,,,,,,,,,,,,,,,,,,,,,,,,,,,,,,,,,,,,,,,,,,,,,,,,,,,,,,,,,,,,,-24.5,-13.9,-7.4,-16.9,12.0,12.4,14.0,0.3,4.8,10.3,12.1,10.1,12.0,7.5,14.0,0.3,97.5,301.0,804.5,485.0,25.0,562.0,14.0,0.4,95.0,300.0,805.0,485.0,25.0,560.0,14.0,0.4
1891,8,22700,-31.600000000000023,-3.4,25.28,25.8,26.02,25.67,25.0,0.4,14.0,0.4,25.0,25.2,26.04,25.49,25.0,0.77,14.0,0.4,16.59,17.63,18.08,17.44,12.0,1.13,14.0,0.3,81.5,87.6,92.4,87.1,12.0,6.0,14.0,0.3,4.6,6.7,9.3,6.94,25.0,2.65,14.0,0.4,-8.7,-6.17,-4.02,-5.99,25.0,2.05,14.0,0.4,0.0,2.51,4.23,2.61,25.0,2.92,14.0,0.4,1013.08,1015.4,1017.14,1015.08,25.0,1.88,14.0,0.4,2.0,2.0,4.0,2.7,25.0,1.5,14.0,0.4,81.5,87.6,92.4,87.1,12.0,6.0,14.0,0.3,-84.7,-41.3,-18.5,-46.3,25.0,30.8,14.0,0.4,0.0,16.8,29.6,22.5,25.0,34.6,14.0,0.4,-0.4,0.1,0.8,0.18,25.0,0.78,14.0,0.4,-2.7,0.9,5.4,1.1,25.0,5.6,14.0,0.4,1.93,2.88,3.96,3.09,12.0,1.34,14.0,0.3,8.9,16.5,26.6,20.0,12.0,14.1,14.0,0.3,-217.4,-154.2,-100.6,-153.0,25.0,53.7,14.0,0.4,0.0,62.6,107.3,65.4,25.0,73.4,14.0,0.4,-105.4,-97.5,-69.7,-88.1,12.0,22.7,14.0,0.3,37.7,55.8,71.0,53.3,12.0,19.2,14.0,0.3,,,,,,,,,,,,,,,,,,,,,,,,,,,,,,,,
1891,8,22700,-31.5,-39.1,,,,,,,,,,,,,,,,,,,,,,,,,,,,,,,,,2.6,6.7,6.7,5.06,5.0,2.25,14.0,0.6,-6.21,-6.21,0.36,-3.53,5.0,3.69,14.0,0.6,2.47,2.51,2.54,2.51,5.0,0.07,14.0,0.6,1025.13,1026.3,1027.07,1026.14,5.0,1.32,14.0,0.6,,,,,,,,,,,,,,,,,,,,,,,,,,,,,,,,,,,,,,,,,,,,,,,,,,,,,,,,,,,,,,,,,,,,,,,,,,,,,,,,,,,,,,,,,,,,,,,,,,,,,,,,,,,,,,,,,,,,,,,,,,,,,,,,
1891,8,22700,-31.5,-37.1,,,,,,,,,,,,,,,,,,,,,,,,,,,,,,,,,6.7,6.7,12.3,8.46,11.0,4.81,14.0,0.4,-4.74,-4.74,7.45,0.69,11.0,7.72,14.0,0.4,1.47,4.74,7.45,4.16,11.0,4.77,14.0,0.4,1025.54,1025.9,1027.44,1026.27,7.0,1.28,14.0,0.4,,,,,,,,,,,,,,,,,,,,,,,,,,,,,,,,,,,,,,,,,,,,,,,,,,,,,,,,,,,,,,,,,,,,,,,,,,,,,,,,,,,,,,,,,,,,,,,,,,,,,,,,,,,,,,,,,,,,,,,,,,,,,,,,
1891,8,22700,-31.5,-1.5,25.2,25.8,26.0,25.73,26.0,0.47,12.0,0.6,25.0,25.5,26.11,25.53,26.0,0.64,12.0,0.6,15.94,17.89,18.95,17.7,15.0,1.4,14.0,0.7,78.6,90.3,93.3,87.5,15.0,7.8,14.0,0.7,4.87,6.7,9.3,7.37,27.0,1.8,12.0,0.6,-8.54,-6.17,-4.54,-6.48,27.0,1.68,12.0,0.6,0.09,2.62,5.03,2.51,27.0,2.57,12.0,0.6,1013.64,1015.2,1016.39,1015.03,27.0,1.35,12.0,0.6,2.0,3.5,6.0,3.8,26.0,1.9,12.0,0.7,78.6,90.3,93.3,87.5,15.0,7.8,14.0,0.7,-79.4,-41.3,-21.3,-50.3,27.0,23.5,12.0,0.6,0.4,17.5,44.5,19.4,27.0,23.1,12.0,0.6,-0.4,0.1,0.9,0.2,26.0,0.8,12.0,0.6,-3.4,0.5,6.1,1.5,26.0,5.9,12.0,0.6,1.52,3.16,4.23,3.18,15.0,1.41,14.0,0.7,12.4,21.2,30.7,22.8,15.0,12.1,14.0,0.7,-224.2,-165.8,-118.3,-167.5,26.0,42.7,12.0,0.6,0.0,76.8,129.2,65.7,26.0,65.8,12.0,0.6,-136.0,-104.4,-86.8,-109.3,15.0,25.0,14.0,0.7,16.7,57.8,95.1,56.0,15.0,33.5,14.0,0.7,-26.7,-18.6,-10.4,-20.0,15.0,11.0,14.0,0.7,2.6,7.9,14.7,9.8,15.0,7.2,14.0,0.7,123.0,301.0,804.5,468.5,27.0,293.5,12.0,0.6,125.0,300.0,805.0,470.0,27.0,295.0,12.0,0.6
1891,8,22700,-31.5,22.3,,,,,,,,,,,,,,,,,,,,,,,,,,,,,,,,,6.7,6.7,9.3,7.46,26.0,1.62,14.0,0.5,-6.58,-6.21,-4.73,-5.8,26.0,1.27,14.0,0.5,-6.58,-4.74,-2.51,-4.41,26.0,1.92,14.0,0.5,1016.47,1017.45,1020.34,1018.18,24.0,1.76,14.0,0.5,,,,,,,,,,,,,,,,,,,,,,,,,,,,,,,,,,,,,,,,,,,,,,,,,,,,,,,,,,,,,,,,,,,,,,,,,,,,,,,,,,,,,,,,,,,,,,,,,,,,,,,,,,,,,,,,,,,,,,,,,,,,,,,,
1891,8,22700,-31.5,32.6,,,,,,,,,,,,,,,,,,,,,,,,,,,,,,,,,0.0,1.3,2.6,1.3,6.0,1.42,16.0,0.7,0.0,0.92,1.84,0.92,6.0,1.01,16.0,0.7,0.0,0.92,1.84,0.92,6.0,1.01,16.0,0.7,1021.5,1021.8,1022.79,1022.12,6.0,0.8,16.0,0.7,,,,,,,,,,,,,,,,,,,,,,,,,,,,,,,,,,,,,,,,,,,,,,,,,,,,,,,,,,,,,,,,,,,,,,,,,,,,,,,,,,,,,,,,,,,,,,,,,,,,,,,,,,,,,,,,,,,,,,,,,,,,,,,,
1891,8,22700,-31.5,40.5,,,,,,,,,,,,,,,,,,,,,,,,,,,,,,,,,4.6,8.0,11.35,7.58,16.0,3.31,24.0,0.6,-2.16,4.23,8.4,3.57,16.0,4.78,24.0,0.6,-6.81,-1.8,7.1,-0.45,16.0,5.97,24.0,0.6,1024.46,1024.6,1025.97,1025.2,3.0,1.22,8.0,0.3,,,,,,,,,,,,,,,,,,,,,,,,,,,,,,,,,,,,,,,,,,,,,,,,,,,,,,,,,,,,,,,,,,,,,,,,,,,,,,,,,,,,,,,,,,,,,,,,,,,,,,,,,,,,,,,,,,,,,,,,,,,,,,,,
1891,8,22700,-31.5,46.5,,,,,,,,,,,,,,,,,,,,,,,,,,,,,,,,,1.86,2.6,6.77,4.75,17.0,4.51,20.0,0.5,-3.72,-2.16,2.12,-1.1,17.0,3.54,20.0,0.5,-1.58,0.92,4.43,1.98,17.0,5.13,20.0,0.5,1022.0,1023.05,1026.75,1024.09,12.0,2.49,20.0,0.5,,,,,,,,,,,,,,,,,,,,,,,,,,,,,,,,,,,,,,,,,,,,,,,,,,,,,,,,,,,,,,,,,,,,,,,,,,,,,,,,,,,,,,,,,,,,,,,,,,,,,,,,,,,,,,,,,,,,,,,,,,,,,,,,
1891,8,22700,-31.5,48.1,,,,,,,,,,,,,,,,,,,,,,,,,,,,,,,,,,,,,,,,,,,,,,,,,,,,,,,,,,,,,,,,,,,,,,,,,,,,,,,,,,,,,,,,,,,,,,,,,,,,,,,,,,,,,,,,,,,,,,,,,,,,,,,,,,,,,,,,,,,,,,,,,,,,,,,,,,,,,,,,,4.4,4.6,4.9,4.6,2.0,0.5,14.0,0.0,-0.6,-0.6,-0.6,-0.6,2.0,0.0,14.0,0.0,17.5,97.5,804.5,430.5,37.0,719.5,12.0,0.5,20.0,95.0,805.0,430.0,37.0,720.0,12.0,0.5
1891,8,22700,-31.399999999999977,-7.4,25.42,25.6,26.08,25.69,15.0,0.41,18.0,0.4,25.0,25.8,26.0,25.68,17.0,0.64,18.0,0.5,16.93,17.15,17.36,17.15,2.0,0.45,18.0,1.0,80.8,81.1,81.4,81.1,2.0,0.6,18.0,1.0,6.7,6.7,12.3,7.96,17.0,2.89,18.0,0.5,-6.7,-4.81,-4.07,-5.4,17.0,1.54,18.0,0.5,0.0,2.51,9.91,4.59,17.0,4.47,18.0,0.5,1013.47,1016.65,1018.16,1016.32,12.0,2.53,16.0,0.5,2.0,4.0,6.0,3.6,17.0,1.8,18.0,0.5,80.8,81.1,81.4,81.1,2.0,0.6,18.0,1.0,-56.7,-41.6,-31.7,-43.5,17.0,20.9,18.0,0.5,0.0,16.8,121.9,47.3,17.0,54.7,18.0,0.5,-0.48,0.1,0.5,0.01,15.0,0.5,18.0,0.4,-2.5,0.7,3.4,0.6,15.0,3.4,18.0,0.4,3.26,3.3,3.35,3.3,2.0,0.1,18.0,1.0,9.5,12.0,14.4,12.0,2.0,5.0,18.0,1.0,-167.6,-123.2,-105.3,-138.2,17.0,38.1,18.0,0.5,0.0,67.8,253.9,117.9,17.0,114.4,18.0,0.5,-71.8,-60.9,-50.1,-60.9,2.0,22.4,18.0,1.0,6.2,7.5,8.8,7.5,2.0,2.8,18.0,1.0,,,,,,,,,,,,,,,,,,,,,,,,,,,,,,,,
1891,8,22700,-31.399999999999977,18.4,,,,,,,,,,,,,,,,,,,,,,,,,,,,,,,,,6.7,6.7,6.7,6.7,2.0,0.0,12.0,0.5,-3.55,-3.13,-2.71,-3.13,2.0,0.87,12.0,0.5,-6.11,-5.88,-5.66,-5.88,2.0,0.46,12.0,0.5,1017.9,1017.9,1017.9,1017.9,1.0,0.0,22.0,0.0,,,,,,,,,,,,,,,,,,,,,,,,,,,,,,,,,,,,,,,,,,,,,,,,,,,,,,,,,,,,,,,,,,,,,,,,,,,,,,,,,,,,,,,,,,,,,,,,,,,,,,,,,,,,,,,,,,,,,,,,,,,,,,,,
1891,8,22700,-31.399999999999977,48.3,17.0,18.0,19.0,17.96,31.0,1.07,12.0,0.4,15.96,18.55,20.0,18.27,30.0,2.13,12.0,0.5,11.52,11.86,12.2,11.86,2.0,0.7,14.0,0.0,90.3,93.7,97.1,93.7,2.0,7.1,14.0,0.0,2.6,4.6,9.3,5.68,37.0,3.63,12.0,0.5,-1.19,1.39,6.64,2.25,37.0,3.79,12.0,0.5,-1.66,2.41,5.16,1.75,37.0,4.86,12.0,0.5,1012.02,1015.6,1022.66,1017.04,21.0,5.23,14.0,0.5,3.0,6.0,7.4,5.4,36.0,1.9,12.0,0.4,90.3,93.7,97.1,93.7,2.0,7.1,14.0,0.0,-3.2,4.8,58.0,19.0,37.0,36.8,12.0,0.5,-10.0,6.3,35.7,11.2,37.0,54.1,12.0,0.5,-1.0,-0.2,1.39,0.0,28.0,1.27,12.0,0.4,-6.8,-0.5,3.7,0.2,28.0,10.7,12.0,0.4,0.66,0.7,0.73,0.7,2.0,0.08,14.0,0.0,4.4,4.7,4.9,4.7,2.0,0.5,14.0,0.0,-13.9,28.6,114.5,36.9,30.0,62.3,12.0,0.5,-32.5,33.5,108.0,34.9,30.0,92.1,12.0,0.5,76.6,78.8,81.0,78.8,2.0,4.5,14.0,0.0,-11.2,-10.4,-9.6,-10.4,2.0,1.6,14.0,0.0,,,,,,,,,,,,,,,,,,,,,,,,,,,,,,,,
1891,8,22700,-31.30000000000001,-21.2,,,,,,,,,,,,,,,,,,,,,,,,,,,,,,,,,9.3,9.3,9.3,9.3,7.0,0.0,4.0,0.4,-3.77,-3.48,-3.48,-3.95,7.0,1.16,4.0,0.4,-8.62,-8.62,-8.47,-8.32,7.0,0.77,4.0,0.4,1018.4,1018.9,1020.13,1019.31,7.0,0.96,4.0,0.4,,,,,,,,,,,,,,,,,,,,,,,,,,,,,,,,,,,,,,,,,,,,,,,,,,,,,,,,,,,,,,,,,,,,,,,,,,,,,,,,,,,,,,,,,,,,,,,,,,,,,,,,,,,,,,,,,,,,,,,,,,,,,,,,
1891,8,22700,-31.30000000000001,-17.2,,,,,,,,,,,,,,,,,,,,,,,,,,,,,,,,,6.7,9.3,9.59,9.0,13.0,2.09,16.0,0.6,-8.69,-6.58,-4.75,-6.62,13.0,2.57,16.0,0.6,0.0,3.48,7.03,4.48,13.0,4.04,16.0,0.6,1019.53,1020.75,1021.2,1020.4,8.0,1.22,10.0,0.6,,,,,,,,,,,,,,,,,,,,,,,,,,,,,,,,,,,,,,,,,,,,,,,,,,,,,,,,,,,,,,,,,,,,,,,,,,,,,,,,,,,,,,,,,,,,,,,,,,,,,,,,,,,,,,,,,,,,,,,,,,,,,,,,
1891,8,22700,-31.30000000000001,-9.2,,,,,,,,,,,,,,,,,,,,,,,,,,,,,,,,,9.3,9.3,12.3,9.7,17.0,1.71,14.0,0.4,-8.62,-8.56,-6.17,-7.56,17.0,1.71,14.0,0.4,-2.62,3.63,7.55,3.96,17.0,4.75,14.0,0.4,1015.13,1017.0,1019.7,1017.35,16.0,2.28,14.0,0.4,,,,,,,,,,,,,,,,,,,,,,,,,,,,,,,,,,,,,,,,,,,,,,,,,,,,,,,,,,,,,,,,,,,,,,,,,,,,,,,,,,,,,,,,,,,,,,,,,,,,,,,,,,,,,,,,,,,,,,,,,,,,,,,,
1891,8,22700,-31.30000000000001,0.4,25.23,26.0,26.73,26.0,22.0,0.62,12.0,0.2,25.0,25.3,25.9,25.4,22.0,0.53,12.0,0.2,15.27,18.12,19.1,17.63,11.0,1.67,12.0,0.4,79.3,87.6,94.6,87.4,11.0,7.1,12.0,0.4,4.6,5.65,9.3,6.15,22.0,2.05,12.0,0.2,-6.58,-4.61,-3.84,-5.04,22.0,1.57,12.0,0.2,1.81,2.57,4.86,3.22,22.0,1.96,12.0,0.2,1013.57,1015.4,1017.13,1015.25,19.0,1.67,10.0,0.3,,,,,,,,,,,,,,,,,,,,,,,,,,,,,,,,,-0.07,0.6,1.47,0.6,22.0,0.67,12.0,0.2,-1.1,4.2,6.8,3.6,22.0,3.8,12.0,0.2,1.9,3.14,4.87,3.3,11.0,1.41,12.0,0.4,11.4,20.1,24.8,19.3,11.0,8.4,12.0,0.4,-166.5,-115.2,-97.6,-128.4,22.0,40.9,12.0,0.2,45.0,65.7,126.5,82.1,22.0,50.5,12.0,0.2,-138.6,-99.1,-64.7,-97.3,11.0,40.6,12.0,0.4,25.4,42.1,79.5,48.4,11.0,40.3,12.0,0.4,,,,,,,,,,,,,,,,,,,,,,,,,,,,,,,,
1891,8,22700,-31.30000000000001,0.5,,,,,,,,,,,,,,,,,,,,,,,,,,,,,,,,,,,,,,,,,,,,,,,,,,,,,,,,,,,,,,,,,2.0,4.0,5.0,3.2,21.0,1.8,14.0,0.2,79.3,87.6,94.6,87.4,11.0,7.1,12.0,0.4,-58.1,-26.2,-17.7,-33.8,22.0,20.6,12.0,0.2,8.3,11.8,41.8,22.8,22.0,20.2,12.0,0.2,,,,,,,,,,,,,,,,,,,,,,,,,,,,,,,,,,,,,,,,,,,,,,,,,,,,,,,,,,,,,,,,,,,,,,,,,,,,,,,,,,,,,,,,,,,,,,,,
1891,8,22700,-31.30000000000001,16.2,,,,,,,,,,,,,,,,,,,,,,,,,,,,,,,,,1.0,4.6,9.3,4.92,39.0,4.04,22.0,0.5,-6.56,-1.72,0.0,-2.89,39.0,3.02,22.0,0.5,-6.58,-3.25,-0.71,-3.74,39.0,3.01,22.0,0.5,1015.0,1015.85,1016.74,1015.77,28.0,1.01,26.0,0.5,,,,,,,,,,,,,,,,,,,,,,,,,,,,,,,,,,,,,,,,,,,,,,,,,,,,,,,,,,,,,,,,,,,,,,,,,,,,,,,,,,,,,,,,,,,,,,,,,,,,,,,,,,,,,,,,,,,,,,,,,,,,,,,,
1891,8,22700,-31.30000000000001,44.3,,,,,,,,,,,,,,,,,,,,,,,,,,,,,,,,,5.52,10.8,12.3,8.98,6.0,4.52,14.0,0.8,-0.98,2.1,6.01,2.58,6.0,5.41,14.0,0.8,-1.51,6.68,11.59,5.29,6.0,6.81,14.0,0.8,1017.02,1022.0,1022.0,1019.63,4.0,4.75,12.0,0.8,,,,,,,,,,,,,,,,,,,,,,,,,,,,,,,,,,,,,,,,,,,,,,,,,,,,,,,,,,,,,,,,,,,,,,,,,,,,,,,,,,,,,,,,,,,,,,,,,,,,,,,,,,,,,,,,,,,,,,,,,,,,,,,,
1891,8,22700,-31.30000000000001,50.1,,,,,,,,,,,,,,,,,,,,,,,,,,,,,,,,,,,,,,,,,,,,,,,,,,,,,,,,,,,,,,,,,,,,,,,,,,,,,,,,,,,,,,,,,,,,,,,,,,,,,,,,,,,,,,,,,,,,,,,,,,,,,,,,,,,,,,,,,,,,,,,,,,,,,,,,,,,,,,,,,46.4,49.5,52.6,49.5,2.0,6.4,26.0,0.5,-29.9,-24.4,-18.9,-24.4,2.0,11.4,26.0,0.5,27.0,301.0,1613.0,1256.0,9.0,2187.5,18.0,0.4,25.0,300.0,1615.0,1255.0,9.0,2185.0,18.0,0.4
1891,8,22700,-31.30000000000001,50.2,15.23,16.1,18.03,16.56,9.0,1.27,18.0,0.4,15.23,16.5,17.64,16.16,9.0,1.5,18.0,0.4,7.43,7.49,7.54,7.49,2.0,0.12,26.0,0.5,71.9,74.7,77.5,74.7,2.0,5.8,26.0,0.5,1.97,6.7,11.63,7.88,9.0,5.69,18.0,0.4,0.74,5.55,10.63,6.3,9.0,5.34,18.0,0.4,-3.95,0.98,5.01,0.51,9.0,5.36,18.0,0.4,1004.44,1005.6,1012.02,1008.17,3.0,5.98,22.0,0.7,5.3,7.0,8.0,6.6,9.0,1.4,18.0,0.4,71.9,74.7,77.5,74.7,2.0,5.8,26.0,0.5,3.9,37.2,125.3,76.4,9.0,98.3,18.0,0.4,-41.8,1.0,46.0,-8.8,9.0,75.4,18.0,0.4,-0.6,0.5,1.07,0.4,9.0,0.92,18.0,0.4,-3.1,1.1,10.3,5.5,9.0,13.3,18.0,0.4,3.41,3.6,3.8,3.6,2.0,0.4,26.0,0.5,50.3,55.5,60.7,55.5,2.0,10.8,26.0,0.5,12.0,92.8,161.6,95.7,9.0,74.1,18.0,0.4,-60.9,17.5,79.3,13.1,9.0,80.8,18.0,0.4,92.8,104.1,115.4,104.1,2.0,23.4,26.0,0.5,-66.0,-52.2,-38.3,-52.2,2.0,28.7,26.0,0.5,,,,,,,,,,,,,,,,,,,,,,,,,,,,,,,,
1891,8,22700,-31.19999999999999,-35.3,,,,,,,,,,,,,,,,,,,,,,,,,,,,,,,,,2.6,9.3,12.3,8.2,24.0,4.39,16.0,0.5,1.46,4.74,9.46,5.34,24.0,4.12,16.0,0.5,-8.56,-4.05,3.06,-2.58,24.0,5.98,16.0,0.5,1017.34,1022.7,1030.44,1024.04,19.0,6.28,16.0,0.4,,,,,,,,,,,,,,,,,,,,,,,,,,,,,,,,,,,,,,,,,,,,,,,,,,,,,,,,,,,,,,,,,,,,,,,,,,,,,,,,,,,,,,,,,,,,,,,,,,,,,,,,,,,,,,,,,,,,,,,,,,,,,,,,
1891,8,22700,-31.19999999999999,-33.2,,,,,,,,,,,,,,,,,,,,,,,,,,,,,,,,,6.7,9.3,15.4,9.93,7.0,3.91,8.0,0.6,5.87,6.7,8.89,7.01,7.0,4.2,8.0,0.6,-5.81,0.0,3.23,0.31,7.0,7.44,8.0,0.6,1010.86,1013.4,1015.5,1013.52,6.0,2.67,8.0,0.5,,,,,,,,,,,,,,,,,,,,,,,,,,,,,,,,,,,,,,,,,,,,,,,,,,,,,,,,,,,,,,,,,,,,,,,,,,,,,,,,,,,,,,,,,,,,,,,,,,,,,,,,,,,,,,,,,,,,,,,,,,,,,,,,
1891,8,22700,-31.19999999999999,-19.2,,,,,,,,,,,,,,,,,,,,,,,,,,,,,,,,,3.14,4.6,11.49,6.44,9.0,4.05,18.0,0.4,-5.8,-4.27,-0.5,-3.63,9.0,3.3,18.0,0.4,-2.41,0.0,9.42,2.21,9.0,5.65,18.0,0.4,1017.42,1019.0,1020.63,1019.03,4.0,1.94,6.0,0.3,,,,,,,,,,,,,,,,,,,,,,,,,,,,,,,,,,,,,,,,,,,,,,,,,,,,,,,,,,,,,,,,,,,,,,,,,,,,,,,,,,,,,,,,,,,,,,,,,,,,,,,,,,,,,,,,,,,,,,,,,,,,,,,,
1891,8,22700,-31.19999999999999,-15.2,,,,,,,,,,,,,,,,,,,,,,,,,,,,,,,,,6.7,9.3,9.3,8.23,23.0,1.92,18.0,0.6,-8.62,-6.58,-4.74,-6.8,23.0,2.65,18.0,0.6,2.51,3.63,4.74,3.48,23.0,2.52,18.0,0.6,1018.0,1019.7,1021.21,1019.81,19.0,1.44,16.0,0.6,,,,,,,,,,,,,,,,,,,,,,,,,,,,,,,,,,,,,,,,,,,,,,,,,,,,,,,,,,,,,,,,,,,,,,,,,,,,,,,,,,,,,,,,,,,,,,,,,,,,,,,,,,,,,,,,,,,,,,,,,,,,,,,,
1891,8,22700,-31.19999999999999,0.4,,,,,,,,,,,,,,,,,,,,,,,,,,,,,,,,,,,,,,,,,,,,,,,,,,,,,,,,,,,,,,,,,,,,,,,,,,,,,,,,,,,,,,,,,,,,,,,,,,,,,,,,,,,,,,,,,,,,,,,,,,,,,,,,,,,,,,,,,,,,,,,,,,,,,,,,,,,,,,,,,-21.6,-18.5,-9.5,-16.2,11.0,5.8,12.0,0.4,4.8,8.4,10.9,9.2,11.0,8.0,12.0,0.4,97.5,199.0,804.5,310.0,22.0,289.5,12.0,0.2,95.0,200.0,805.0,310.0,22.0,290.0,12.0,0.2
1891,8,22700,-31.19999999999999,20.4,,,,,,,,,,,,,,,,,,,,,,,,,,,,,,,,,6.7,6.7,6.7,7.03,16.0,0.89,20.0,0.4,-6.2,-3.75,-2.51,-4.24,16.0,1.73,20.0,0.4,-6.21,-5.88,-2.62,-5.19,16.0,1.58,20.0,0.4,1015.85,1017.55,1018.23,1017.32,12.0,1.34,20.0,0.5,,,,,,,,,,,,,,,,,,,,,,,,,,,,,,,,,,,,,,,,,,,,,,,,,,,,,,,,,,,,,,,,,,,,,,,,,,,,,,,,,,,,,,,,,,,,,,,,,,,,,,,,,,,,,,,,,,,,,,,,,,,,,,,,
1891,8,22700,-31.19999999999999,34.2,,,,,,,,,,,,,,,,,,,,,,,,,,,,,,,,,0.41,1.3,2.19,1.3,2.0,1.84,18.0,0.0,0.16,0.51,0.85,0.51,2.0,0.72,18.0,0.0,0.38,1.2,2.01,1.2,2.0,1.69,18.0,0.0,1021.88,1022.9,1023.92,1022.9,2.0,2.12,18.0,0.0,,,,,,,,,,,,,,,,,,,,,,,,,,,,,,,,,,,,,,,,,,,,,,,,,,,,,,,,,,,,,,,,,,,,,,,,,,,,,,,,,,,,,,,,,,,,,,,,,,,,,,,,,,,,,,,,,,,,,,,,,,,,,,,,
1891,8,22700,-31.19999999999999,38.5,,,,,,,,,,,,,,,,,,,,,,,,,,,,,,,,,2.6,4.6,9.3,5.76,7.0,3.39,24.0,0.4,-1.09,0.0,1.87,-0.03,7.0,1.93,24.0,0.4,-9.3,-2.41,-0.52,-2.83,7.0,6.09,24.0,0.4,1021.08,1022.0,1022.74,1022.27,7.0,1.6,24.0,0.4,,,,,,,,,,,,,,,,,,,,,,,,,,,,,,,,,,,,,,,,,,,,,,,,,,,,,,,,,,,,,,,,,,,,,,,,,,,,,,,,,,,,,,,,,,,,,,,,,,,,,,,,,,,,,,,,,,,,,,,,,,,,,,,,
1891,8,22700,-31.100000000000023,-27.4,,,,,,,,,,,,,,,,,,,,,,,,,,,,,,,,,9.3,9.3,9.3,9.3,4.0,0.0,28.0,0.3,-2.79,3.63,3.63,0.57,4.0,6.13,28.0,0.3,-8.56,-8.56,-5.9,-7.29,4.0,2.54,28.0,0.3,1019.68,1020.7,1020.97,1020.33,3.0,1.0,28.0,0.3,,,,,,,,,,,,,,,,,,,,,,,,,,,,,,,,,,,,,,,,,,,,,,,,,,,,,,,,,,,,,,,,,,,,,,,,,,,,,,,,,,,,,,,,,,,,,,,,,,,,,,,,,,,,,,,,,,,,,,,,,,,,,,,,
1891,8,22700,-31.100000000000023,-13.3,,,,,,,,,,,,,,,,,,,,,,,,,,,,,,,,,6.7,9.3,9.3,8.67,31.0,1.58,16.0,0.4,-8.62,-8.62,-6.58,-7.89,31.0,1.56,16.0,0.4,-1.8,3.48,3.78,1.93,31.0,3.1,16.0,0.4,1017.35,1018.3,1019.55,1018.35,23.0,1.19,14.0,0.4,,,,,,,,,,,,,,,,,,,,,,,,,,,,,,,,,,,,,,,,,,,,,,,,,,,,,,,,,,,,,,,,,,,,,,,,,,,,,,,,,,,,,,,,,,,,,,,,,,,,,,,,,,,,,,,,,,,,,,,,,,,,,,,,
1891,8,22700,-31.100000000000023,-11.4,,,,,,,,,,,,,,,,,,,,,,,,,,,,,,,,,6.86,9.3,12.3,9.45,14.0,2.34,18.0,0.6,-11.32,-8.62,-6.58,-8.46,14.0,2.31,18.0,0.6,0.0,4.05,6.46,3.06,14.0,3.01,18.0,0.6,1014.64,1016.35,1018.33,1016.47,10.0,1.73,16.0,0.5,,,,,,,,,,,,,,,,,,,,,,,,,,,,,,,,,,,,,,,,,,,,,,,,,,,,,,,,,,,,,,,,,,,,,,,,,,,,,,,,,,,,,,,,,,,,,,,,,,,,,,,,,,,,,,,,,,,,,,,,,,,,,,,,
1891,8,22700,-31.100000000000023,2.3,25.75,26.1,26.6,26.07,11.0,0.68,6.0,0.4,24.96,25.7,26.38,25.75,11.0,0.84,6.0,0.4,16.48,17.21,17.92,17.2,4.0,0.83,14.0,0.0,83.9,85.5,88.3,86.1,4.0,2.8,14.0,0.0,4.6,6.7,9.3,6.65,11.0,1.95,6.0,0.4,-6.34,-3.94,-2.62,-4.58,11.0,1.94,6.0,0.4,2.57,3.72,6.36,4.47,11.0,1.89,6.0,0.4,1013.93,1014.7,1016.0,1014.98,9.0,1.18,8.0,0.4,1.4,2.0,3.0,2.2,10.0,0.9,8.0,0.4,83.9,85.5,88.3,86.1,4.0,2.8,14.0,0.0,-56.5,-18.1,-16.8,-32.9,11.0,22.6,6.0,0.4,11.8,33.8,49.7,31.9,11.0,20.1,6.0,0.4,-0.51,0.5,1.07,0.33,11.0,0.91,6.0,0.4,-2.4,2.3,8.5,3.1,11.0,6.2,6.0,0.4,3.29,4.38,5.25,4.28,4.0,1.16,14.0,0.0,25.9,31.8,42.0,33.9,4.0,10.2,14.0,0.0,-160.2,-103.6,-68.8,-117.3,11.0,48.3,6.0,0.4,65.2,97.9,165.2,114.8,11.0,48.0,6.0,0.4,-128.9,-98.0,-82.9,-105.5,4.0,34.9,14.0,0.0,53.6,80.4,109.2,81.3,4.0,34.5,14.0,0.0,-31.3,-27.2,-19.8,-25.6,4.0,7.9,14.0,0.0,12.3,16.9,28.9,20.4,4.0,11.8,14.0,0.0,97.5,301.0,804.5,364.0,11.0,297.0,6.0,0.4,95.0,300.0,805.0,365.0,11.0,295.0,6.0,0.4
1891,8,22700,-31.100000000000023,14.4,,,,,,,,,,,,,,,,,,,,,,,,,,,,,,,,,2.6,6.7,9.3,6.12,15.0,3.23,28.0,0.5,-6.06,-2.51,-0.97,-3.39,15.0,3.17,28.0,0.5,-6.5,-4.27,-2.41,-4.61,15.0,2.33,28.0,0.5,1013.69,1014.8,1015.76,1014.77,10.0,1.25,28.0,0.5,,,,,,,,,,,,,,,,,,,,,,,,,,,,,,,,,,,,,,,,,,,,,,,,,,,,,,,,,,,,,,,,,,,,,,,,,,,,,,,,,,,,,,,,,,,,,,,,,,,,,,,,,,,,,,,,,,,,,,,,,,,,,,,,
1891,8,22700,-29.69999999999999,-1.6,,,,,,,,,,,,,,,,,,,,,,,,,,,,,,,,,,,,,,,,,,,,,,,,,,,,,,,,,,,,,,,,,,,,,,,,,,,,,,,,,,,,,,,,,,,,,,,,,,,,,,,,,,,,,,,,,,,,,,,,,,,,,,,,,,,,,,,,,,,,,,,,,,,,,,,,,,,,,,,,,-11.0,-5.6,-5.0,-8.0,3.0,4.8,20.0,0.3,7.9,9.4,10.4,9.2,3.0,1.9,20.0,0.3,274.5,301.0,804.5,374.5,38.0,236.5,20.0,0.6,275.0,300.0,805.0,375.0,38.0,235.0,20.0,0.6
1891,8,22700,-29.69999999999999,20.3,,,,,,,,,,,,,,,,,,,,,,,,,,,,,,,,,6.7,6.7,6.7,6.7,2.0,0.0,20.0,0.5,-6.62,-6.46,-6.29,-6.46,2.0,0.34,20.0,0.5,-2.11,-1.25,-0.4,-1.25,2.0,1.77,20.0,0.5,1014.56,1014.9,1015.24,1014.9,2.0,0.71,20.0,0.5,,,,,,,,,,,,,,,,,,,,,,,,,,,,,,,,,,,,,,,,,,,,,,,,,,,,,,,,,,,,,,,,,,,,,,,,,,,,,,,,,,,,,,,,,,,,,,,,,,,,,,,,,,,,,,,,,,,,,,,,,,,,,,,,
1891,8,22700,-29.69999999999999,54.9,,,,,,,,,,,,,,,,,,,,,,,,,,,,,,,,,4.6,4.6,4.6,4.6,2.0,0.0,24.0,0.5,4.48,4.48,4.48,4.48,2.0,0.0,24.0,0.5,1.03,1.03,1.03,1.03,2.0,0.0,24.0,0.5,997.85,997.95,998.05,997.95,2.0,0.21,24.0,0.5,,,,,,,,,,,,,,,,,,,,,,,,,,,,,,,,,,,,,,,,,,,,,,,,,,,,,,,,,,,,,,,,,,,,,,,,,,,,,,,,,,,,,,,,,,,,,,,,,,,,,,,,,,,,,,,,,,,,,,,,,,,,,,,,
1891,8,22700,-29.600000000000023,0.4,,,,,,,,,,,,,,,,,,,,,,,,,,,,,,,,,,,,,,,,,,,,,,,,,,,,,,,,,,,,,,,,,,,,,,,,,,,,,,,,,,,,,,,,,,,,,,,,,,,,,,,,,,,,,,,,,,,,,,,,,,,,,,,,,,,,,,,,,,,,,,,,,,,,,,,,,,,,,,,,,-13.1,-9.2,-6.3,-9.5,8.0,4.5,18.0,0.4,2.2,8.2,11.3,7.6,8.0,4.4,18.0,0.4,97.5,301.0,804.5,344.5,48.0,262.5,18.0,0.5,95.0,300.0,805.0,345.0,48.0,265.0,18.0,0.5
1891,8,22700,-29.600000000000023,2.5,,,,,,,,,,,,,,,,,,,,,,,,,,,,,,,,,,,,,,,,,,,,,,,,,,,,,,,,,,,,,,,,,,,,,,,,,,,,,,,,,,,,,,,,,,,,,,,,,,,,,,,,,,,,,,,,,,,,,,,,,,,,,,,,,,,,,,,,,,,,,,,,,,,,,,,,,,,,,,,,,-16.0,-6.4,-3.0,-9.5,14.0,7.5,16.0,0.8,2.2,13.0,20.7,13.5,14.0,8.5,16.0,0.8,97.5,301.0,301.0,251.0,56.0,210.5,18.0,0.6,95.0,300.0,300.0,250.0,56.0,210.0,18.0,0.6
1891,8,22700,-29.600000000000023,58.3,,,,,,,,,,,,,,,,,,,,,,,,,,,,,,,,,4.93,5.65,6.37,5.65,2.0,1.48,24.0,0.0,4.07,5.12,6.17,5.12,2.0,2.18,24.0,0.0,-2.32,-1.1,0.13,-1.1,2.0,2.54,24.0,0.0,1009.73,1012.8,1015.87,1012.8,2.0,6.36,24.0,0.0,,,,,,,,,,,,,,,,,,,,,,,,,,,,,,,,,,,,,,,,,,,,,,,,,,,,,,,,,,,,,,,,,,,,,,,,,,,,,,,,,,,,,,,,,,,,,,,,,,,,,,,,,,,,,,,,,,,,,,,,,,,,,,,,
1891,8,22700,-29.5,-37.0,,,,,,,,,,,,,,,,,,,,,,,,,,,,,,,,,6.7,6.7,6.7,6.7,1.0,0.0,2.0,0.0,4.74,4.74,4.74,4.74,1.0,0.0,2.0,0.0,4.74,4.74,4.74,4.74,1.0,0.0,2.0,0.0,1026.0,1026.0,1026.0,1026.0,1.0,0.0,2.0,0.0,,,,,,,,,,,,,,,,,,,,,,,,,,,,,,,,,,,,,,,,,,,,,,,,,,,,,,,,,,,,,,,,,,,,,,,,,,,,,,,,,,,,,,,,,,,,,,,,,,,,,,,,,,,,,,,,,,,,,,,,,,,,,,,,
1891,8,22700,-29.5,22.6,,,,,,,,,,,,,,,,,,,,,,,,,,,,,,,,,6.7,6.7,6.7,6.7,5.0,0.0,8.0,1.0,-6.21,-4.74,-4.74,-5.33,5.0,0.81,8.0,1.0,-4.74,-4.74,-2.51,-3.85,5.0,1.22,8.0,1.0,1017.35,1020.0,1021.42,1019.46,5.0,2.27,8.0,1.0,,,,,,,,,,,,,,,,,,,,,,,,,,,,,,,,,,,,,,,,,,,,,,,,,,,,,,,,,,,,,,,,,,,,,,,,,,,,,,,,,,,,,,,,,,,,,,,,,,,,,,,,,,,,,,,,,,,,,,,,,,,,,,,,
1891,8,22700,-29.5,34.6,,,,,,,,,,,,,,,,,,,,,,,,,,,,,,,,,0.0,2.6,2.6,1.56,5.0,1.42,16.0,0.6,0.0,1.02,1.32,0.77,5.0,0.78,16.0,0.6,0.0,1.84,2.39,1.33,5.0,1.23,16.0,0.6,1020.93,1021.2,1023.74,1022.1,5.0,1.51,16.0,0.6,,,,,,,,,,,,,,,,,,,,,,,,,,,,,,,,,,,,,,,,,,,,,,,,,,,,,,,,,,,,,,,,,,,,,,,,,,,,,,,,,,,,,,,,,,,,,,,,,,,,,,,,,,,,,,,,,,,,,,,,,,,,,,,,
1891,8,22700,-29.5,38.5,,,,,,,,,,,,,,,,,,,,,,,,,,,,,,,,,6.7,6.7,6.7,6.7,1.0,0.0,28.0,0.0,4.74,4.74,4.74,4.74,1.0,0.0,28.0,0.0,4.74,4.74,4.74,4.74,1.0,0.0,28.0,0.0,1018.0,1018.0,1018.0,1018.0,1.0,0.0,28.0,0.0,,,,,,,,,,,,,,,,,,,,,,,,,,,,,,,,,,,,,,,,,,,,,,,,,,,,,,,,,,,,,,,,,,,,,,,,,,,,,,,,,,,,,,,,,,,,,,,,,,,,,,,,,,,,,,,,,,,,,,,,,,,,,,,,
1891,8,22700,-29.5,46.2,,,,,,,,,,,,,,,,,,,,,,,,,,,,,,,,,4.19,4.6,6.19,5.55,6.0,3.4,18.0,0.5,-1.75,-1.72,0.95,-0.4,6.0,2.55,18.0,0.5,3.76,4.27,6.01,5.11,6.0,3.25,18.0,0.5,1023.6,1025.4,1026.96,1025.12,5.0,2.49,18.0,0.4,,,,,,,,,,,,,,,,,,,,,,,,,,,,,,,,,,,,,,,,,,,,,,,,,,,,,,,,,,,,,,,,,,,,,,,,,,,,,,,,,,,,,,,,,,,,,,,,,,,,,,,,,,,,,,,,,,,,,,,,,,,,,,,,
1891,8,22700,-29.5,48.3,,,,,,,,,,,,,,,,,,,,,,,,,,,,,,,,,,,,,,,,,,,,,,,,,,,,,,,,,,,,,,,,,,,,,,,,,,,,,,,,,,,,,,,,,,,,,,,,,,,,,,,,,,,,,,,,,,,,,,,,,,,,,,,,,,,,,,,,,,,,,,,,,,,,,,,,,,,,,,,,,9.3,9.3,9.3,9.3,1.0,0.0,14.0,1.0,-1.3,-1.3,-1.3,-1.3,1.0,0.0,14.0,1.0,1.0,301.0,1861.0,913.5,36.0,1229.0,14.0,0.4,0.0,300.0,1860.0,915.0,36.0,1230.0,14.0,0.4
1891,8,22700,-29.399999999999977,-33.2,,,,,,,,,,,,,,,,,,,,,,,,,,,,,,,,,4.6,6.7,12.3,8.37,25.0,4.12,14.0,0.5,-2.7,2.6,8.59,2.88,25.0,5.6,14.0,0.5,-3.82,2.62,8.81,3.27,25.0,6.24,14.0,0.5,1011.14,1023.95,1029.6,1022.12,18.0,8.07,16.0,0.4,,,,,,,,,,,,,,,,,,,,,,,,,,,,,,,,,,,,,,,,,,,,,,,,,,,,,,,,,,,,,,,,,,,,,,,,,,,,,,,,,,,,,,,,,,,,,,,,,,,,,,,,,,,,,,,,,,,,,,,,,,,,,,,,
1891,8,22700,-29.399999999999977,0.4,25.0,25.3,26.1,25.5,50.0,0.69,16.0,0.5,24.49,25.4,26.31,25.43,51.0,1.07,18.0,0.5,17.06,17.43,17.99,17.54,8.0,0.54,18.0,0.4,86.5,87.6,90.2,88.3,8.0,2.2,18.0,0.4,4.6,6.7,9.3,6.61,48.0,1.67,18.0,0.5,-6.68,-4.66,-3.65,-5.14,48.0,2.03,18.0,0.5,0.0,2.54,5.92,2.95,48.0,2.72,18.0,0.5,1013.88,1015.4,1016.4,1015.22,31.0,1.25,16.0,0.4,2.0,4.0,6.0,3.8,50.0,2.0,16.0,0.5,86.5,87.6,90.2,88.3,8.0,2.2,18.0,0.4,-61.2,-28.4,-17.7,-36.3,48.0,23.4,18.0,0.5,0.0,17.0,41.3,21.0,48.0,20.2,18.0,0.5,-0.69,0.1,0.92,0.05,50.0,0.89,16.0,0.5,-6.5,0.9,6.3,-0.4,47.0,6.9,18.0,0.4,1.9,2.56,2.91,2.44,8.0,0.5,18.0,0.4,11.6,13.2,14.0,13.4,8.0,1.9,18.0,0.4,-173.0,-118.3,-92.3,-131.3,48.0,53.4,18.0,0.5,0.0,63.3,150.2,76.3,48.0,70.5,18.0,0.5,-77.1,-67.1,-48.4,-66.9,8.0,26.0,18.0,0.4,15.0,52.6,104.0,60.6,8.0,42.4,18.0,0.4,,,,,,,,,,,,,,,,,,,,,,,,,,,,,,,,
1891,8,22700,-29.399999999999977,4.3,26.0,26.25,26.9,26.39,46.0,0.62,14.0,0.4,25.0,26.0,26.7,25.89,47.0,1.06,14.0,0.4,16.79,17.37,18.27,17.67,13.0,1.46,14.0,0.5,79.7,84.5,93.9,85.5,13.0,7.9,14.0,0.5,3.52,4.6,6.7,4.97,48.0,1.43,14.0,0.4,-4.74,-3.25,-1.33,-3.09,48.0,1.64,14.0,0.4,1.49,3.25,4.74,3.17,48.0,2.13,14.0,0.4,1014.27,1014.9,1015.97,1014.98,43.0,1.09,16.0,0.4,2.0,3.0,5.0,3.4,48.0,1.8,14.0,0.4,79.7,84.5,93.9,85.5,13.0,7.9,14.0,0.5,-31.7,-15.9,-5.5,-16.3,48.0,11.2,14.0,0.4,4.0,16.8,31.7,17.7,48.0,14.4,14.0,0.4,-0.37,0.5,1.4,0.47,46.0,1.02,14.0,0.4,-2.4,3.3,6.7,2.1,46.0,5.1,14.0,0.4,2.47,4.62,5.74,3.97,13.0,1.82,14.0,0.5,11.4,16.3,33.8,20.5,13.0,12.6,14.0,0.5,-119.5,-81.3,-36.2,-81.6,47.0,44.1,14.0,0.4,35.8,81.3,123.5,79.9,47.0,54.0,14.0,0.4,-81.5,-29.1,-17.7,-47.3,13.0,36.0,14.0,0.5,44.1,78.4,91.7,70.0,13.0,27.3,14.0,0.5,,,,,,,,,,,,,,,,,,,,,,,,,,,,,,,,
1891,8,22700,-29.399999999999977,4.5,,,,,,,,,,,,,,,,,,,,,,,,,,,,,,,,,,,,,,,,,,,,,,,,,,,,,,,,,,,,,,,,,,,,,,,,,,,,,,,,,,,,,,,,,,,,,,,,,,,,,,,,,,,,,,,,,,,,,,,,,,,,,,,,,,,,,,,,,,,,,,,,,,,,,,,,,,,,,,,,,-23.5,-5.0,-0.9,-10.8,13.0,11.8,14.0,0.5,10.7,12.8,23.5,15.9,13.0,8.5,14.0,0.5,54.0,97.5,301.0,152.0,48.0,110.0,14.0,0.4,55.0,95.0,300.0,150.0,48.0,110.0,14.0,0.4
1891,8,22700,-29.399999999999977,40.6,,,,,,,,,,,,,,,,,,,,,,,,,,,,,,,,,4.6,9.3,10.16,8.48,19.0,2.62,24.0,0.5,-2.1,0.0,6.98,1.84,19.0,4.96,24.0,0.5,-9.11,-4.23,8.62,-0.5,19.0,7.37,24.0,0.5,1013.57,1015.0,1026.72,1019.36,7.0,6.84,16.0,0.7,,,,,,,,,,,,,,,,,,,,,,,,,,,,,,,,,,,,,,,,,,,,,,,,,,,,,,,,,,,,,,,,,,,,,,,,,,,,,,,,,,,,,,,,,,,,,,,,,,,,,,,,,,,,,,,,,,,,,,,,,,,,,,,,
1891,8,22700,-29.399999999999977,44.2,,,,,,,,,,,,,,,,,,,,,,,,,,,,,,,,,4.36,6.7,11.23,7.31,10.0,3.37,18.0,0.4,-2.51,-1.13,1.5,-0.31,10.0,3.61,18.0,0.4,-6.19,1.9,8.01,1.45,10.0,7.43,18.0,0.4,1022.0,1022.0,1022.0,1022.0,1.0,0.0,8.0,0.0,,,,,,,,,,,,,,,,,,,,,,,,,,,,,,,,,,,,,,,,,,,,,,,,,,,,,,,,,,,,,,,,,,,,,,,,,,,,,,,,,,,,,,,,,,,,,,,,,,,,,,,,,,,,,,,,,,,,,,,,,,,,,,,,
1891,8,22700,-29.399999999999977,48.5,16.57,18.3,19.0,17.96,34.0,1.16,14.0,0.4,15.41,18.6,20.28,18.32,33.0,2.32,14.0,0.4,11.56,11.56,11.56,11.56,1.0,0.0,14.0,1.0,93.3,93.3,93.3,93.3,1.0,0.0,14.0,1.0,1.0,6.7,12.3,7.41,36.0,4.74,14.0,0.4,-0.32,1.4,6.37,2.29,36.0,4.1,14.0,0.4,-1.37,1.8,9.17,2.57,36.0,7.07,14.0,0.4,1014.89,1020.7,1025.51,1020.08,17.0,5.35,16.0,0.3,3.5,6.0,8.0,6.0,34.0,2.1,14.0,0.4,93.3,93.3,93.3,93.3,1.0,0.0,14.0,1.0,-0.3,2.9,56.7,20.1,36.0,51.5,14.0,0.4,-5.4,8.3,85.3,23.2,36.0,92.5,14.0,0.4,-1.59,-0.6,1.19,-0.36,33.0,1.49,14.0,0.4,-10.7,-2.3,6.4,-2.0,33.0,13.2,14.0,0.4,1.41,1.41,1.41,1.41,1.0,0.0,14.0,1.0,9.4,9.4,9.4,9.4,1.0,0.0,14.0,1.0,-11.5,17.6,91.4,31.6,33.0,66.0,14.0,0.4,-25.3,50.2,194.6,59.7,33.0,130.6,14.0,0.4,76.7,76.7,76.7,76.7,1.0,0.0,14.0,1.0,-10.8,-10.8,-10.8,-10.8,1.0,0.0,14.0,1.0,,,,,,,,,,,,,,,,,,,,,,,,,,,,,,,,
1891,8,22700,-29.399999999999977,50.2,16.0,16.75,17.5,16.73,16.0,0.92,18.0,0.5,15.62,16.1,18.13,16.48,14.0,1.21,16.0,0.6,9.33,9.45,9.57,9.45,2.0,0.25,26.0,1.0,82.2,85.2,88.2,85.2,2.0,6.2,26.0,1.0,,,,,,,,,,,,,,,,,,,,,,,,,,,,,,,,,5.4,6.0,7.6,6.3,16.0,1.1,18.0,0.5,82.2,85.2,88.2,85.2,2.0,6.2,26.0,1.0,6.8,15.0,79.6,66.7,14.0,102.3,16.0,0.6,-15.0,1.3,53.7,12.1,14.0,37.4,16.0,0.6,,,,,,,,,,,,,,,,,,,,,,,,,,,,,,,,,,,,,,,,,,,,,,,,,,,,,,,,,,,,,,,,,,,,,,,,,,,,,,,,,,,,,,,,,,,,,,,,
1891,8,22700,-29.30000000000001,-31.2,,,,,,,,,,,,,,,,,,,,,,,,,,,,,,,,,6.7,12.3,15.4,11.56,32.0,4.48,14.0,0.5,-3.72,0.0,6.02,0.06,32.0,4.92,14.0,0.5,-13.49,-2.11,12.55,0.13,32.0,11.57,14.0,0.5,1014.93,1020.4,1025.05,1019.84,27.0,4.59,12.0,0.5,,,,,,,,,,,,,,,,,,,,,,,,,,,,,,,,,,,,,,,,,,,,,,,,,,,,,,,,,,,,,,,,,,,,,,,,,,,,,,,,,,,,,,,,,,,,,,,,,,,,,,,,,,,,,,,,,,,,,,,,,,,,,,,,
1891,8,22700,-29.30000000000001,-27.4,,,,,,,,,,,,,,,,,,,,,,,,,,,,,,,,,9.3,9.3,12.3,10.91,15.0,2.26,26.0,0.6,-8.23,-3.63,3.63,-2.9,15.0,5.64,26.0,0.6,-8.56,-6.58,9.3,-0.74,15.0,9.55,26.0,0.6,1017.67,1018.55,1020.57,1018.86,8.0,1.46,24.0,0.5,,,,,,,,,,,,,,,,,,,,,,,,,,,,,,,,,,,,,,,,,,,,,,,,,,,,,,,,,,,,,,,,,,,,,,,,,,,,,,,,,,,,,,,,,,,,,,,,,,,,,,,,,,,,,,,,,,,,,,,,,,,,,,,,
1891,8,22700,-29.30000000000001,-21.3,,,,,,,,,,,,,,,,,,,,,,,,,,,,,,,,,6.7,6.7,9.3,7.83,32.0,2.58,16.0,0.5,-8.56,-6.19,-4.74,-6.36,32.0,2.26,16.0,0.5,-4.74,-2.62,2.52,-1.47,32.0,4.55,16.0,0.5,1020.77,1022.5,1025.31,1022.85,25.0,2.25,14.0,0.6,,,,,,,,,,,,,,,,,,,,,,,,,,,,,,,,,,,,,,,,,,,,,,,,,,,,,,,,,,,,,,,,,,,,,,,,,,,,,,,,,,,,,,,,,,,,,,,,,,,,,,,,,,,,,,,,,,,,,,,,,,,,,,,,
1891,8,22700,-29.30000000000001,-19.3,,,,,,,,,,,,,,,,,,,,,,,,,,,,,,,,,6.07,9.3,10.21,8.44,18.0,2.51,14.0,0.5,-8.7,-8.56,-4.59,-7.1,18.0,1.93,14.0,0.5,-3.63,-0.9,7.22,1.22,18.0,4.79,14.0,0.5,1020.31,1022.4,1024.94,1022.52,17.0,2.19,14.0,0.5,,,,,,,,,,,,,,,,,,,,,,,,,,,,,,,,,,,,,,,,,,,,,,,,,,,,,,,,,,,,,,,,,,,,,,,,,,,,,,,,,,,,,,,,,,,,,,,,,,,,,,,,,,,,,,,,,,,,,,,,,,,,,,,,
1891,8,22700,-29.30000000000001,-17.2,,,,,,,,,,,,,,,,,,,,,,,,,,,,,,,,,6.17,9.3,12.3,8.62,12.0,2.79,10.0,0.3,-11.32,-8.56,-5.68,-7.85,12.0,2.71,10.0,0.3,-4.81,-3.63,-2.62,-3.49,12.0,0.98,10.0,0.3,1019.07,1020.35,1021.05,1020.34,12.0,1.24,10.0,0.3,,,,,,,,,,,,,,,,,,,,,,,,,,,,,,,,,,,,,,,,,,,,,,,,,,,,,,,,,,,,,,,,,,,,,,,,,,,,,,,,,,,,,,,,,,,,,,,,,,,,,,,,,,,,,,,,,,,,,,,,,,,,,,,,
1891,8,22700,-29.30000000000001,-13.2,,,,,,,,,,,,,,,,,,,,,,,,,,,,,,,,,3.68,6.7,10.68,7.36,17.0,3.39,14.0,0.5,-10.23,-6.58,-2.6,-6.38,17.0,3.47,14.0,0.5,-2.21,1.84,3.94,1.1,17.0,3.53,14.0,0.5,1017.17,1018.15,1019.15,1018.11,18.0,1.04,14.0,0.4,,,,,,,,,,,,,,,,,,,,,,,,,,,,,,,,,,,,,,,,,,,,,,,,,,,,,,,,,,,,,,,,,,,,,,,,,,,,,,,,,,,,,,,,,,,,,,,,,,,,,,,,,,,,,,,,,,,,,,,,,,,,,,,,
1891,8,22700,-29.30000000000001,-11.3,,,,,,,,,,,,,,,,,,,,,,,,,,,,,,,,,6.7,9.3,9.3,8.93,27.0,2.14,18.0,0.5,-9.3,-8.62,-4.74,-7.79,27.0,2.62,18.0,0.5,0.0,3.48,6.34,2.87,27.0,2.99,18.0,0.5,1016.7,1018.1,1019.37,1018.04,28.0,1.57,16.0,0.5,,,,,,,,,,,,,,,,,,,,,,,,,,,,,,,,,,,,,,,,,,,,,,,,,,,,,,,,,,,,,,,,,,,,,,,,,,,,,,,,,,,,,,,,,,,,,,,,,,,,,,,,,,,,,,,,,,,,,,,,,,,,,,,,
1891,8,22700,-29.30000000000001,-9.2,,,,,,,,,,,,,,,,,,,,,,,,,,,,,,,,,9.3,9.3,9.87,9.68,25.0,1.28,20.0,0.5,-9.3,-8.62,-6.58,-8.5,25.0,1.79,20.0,0.5,0.0,3.48,6.58,3.27,25.0,3.09,20.0,0.5,1013.73,1017.65,1018.6,1016.74,22.0,2.5,16.0,0.5,,,,,,,,,,,,,,,,,,,,,,,,,,,,,,,,,,,,,,,,,,,,,,,,,,,,,,,,,,,,,,,,,,,,,,,,,,,,,,,,,,,,,,,,,,,,,,,,,,,,,,,,,,,,,,,,,,,,,,,,,,,,,,,,
1891,8,22700,-29.30000000000001,-7.3,,,,,,,,,,,,,,,,,,,,,,,,,,,,,,,,,6.7,9.3,12.3,9.63,32.0,2.54,18.0,0.5,-11.4,-6.64,-6.17,-7.94,32.0,2.77,18.0,0.5,0.0,3.48,6.58,4.1,32.0,3.47,18.0,0.5,1015.73,1016.7,1017.97,1016.99,28.0,1.3,14.0,0.5,,,,,,,,,,,,,,,,,,,,,,,,,,,,,,,,,,,,,,,,,,,,,,,,,,,,,,,,,,,,,,,,,,,,,,,,,,,,,,,,,,,,,,,,,,,,,,,,,,,,,,,,,,,,,,,,,,,,,,,,,,,,,,,,
1891,8,22700,-29.30000000000001,-5.3,,,,,,,,,,,,,,,,,,,,,,,,,,,,,,,,,6.7,6.7,9.3,8.11,33.0,1.98,16.0,0.5,-9.25,-6.7,-4.74,-6.98,33.0,2.47,16.0,0.5,-2.62,2.62,4.8,1.8,33.0,3.47,16.0,0.5,1014.51,1015.6,1016.39,1015.54,27.0,0.98,14.0,0.5,,,,,,,,,,,,,,,,,,,,,,,,,,,,,,,,,,,,,,,,,,,,,,,,,,,,,,,,,,,,,,,,,,,,,,,,,,,,,,,,,,,,,,,,,,,,,,,,,,,,,,,,,,,,,,,,,,,,,,,,,,,,,,,,
1891,8,22700,-29.30000000000001,2.4,25.16,25.9,26.3,25.77,55.0,0.66,18.0,0.6,24.77,25.8,26.7,25.74,57.0,0.95,18.0,0.6,16.32,18.46,19.45,17.94,15.0,1.61,16.0,0.8,83.6,86.2,93.7,87.2,15.0,6.9,16.0,0.8,4.6,6.7,6.7,5.89,56.0,1.59,18.0,0.6,-6.31,-4.25,-1.78,-4.14,56.0,2.07,18.0,0.6,0.0,3.25,6.17,2.93,56.0,2.74,18.0,0.6,1014.26,1015.15,1016.4,1015.2,44.0,1.1,18.0,0.6,2.0,3.0,4.0,2.6,56.0,1.5,18.0,0.6,83.6,86.2,93.7,87.2,15.0,6.9,16.0,0.8,-42.5,-20.8,-9.3,-26.3,56.0,19.6,18.0,0.6,0.0,16.8,41.4,18.5,56.0,19.7,18.0,0.6,-0.74,0.2,0.84,0.03,55.0,0.94,18.0,0.6,-5.5,0.9,5.5,-0.1,54.0,6.5,18.0,0.6,1.95,2.98,4.98,3.4,14.0,1.71,16.0,0.8,10.5,16.3,22.5,17.8,14.0,9.1,16.0,0.8,-165.1,-111.1,-47.3,-107.1,56.0,55.8,18.0,0.6,0.0,80.5,151.1,74.9,56.0,69.9,18.0,0.6,-78.9,-48.4,-25.0,-50.1,15.0,27.2,16.0,0.8,18.4,76.9,120.0,70.0,15.0,41.0,16.0,0.8,,,,,,,,,,,,,,,,,,,,,,,,,,,,,,,,
1891,8,22700,-29.30000000000001,6.5,,,,,,,,,,,,,,,,,,,,,,,,,,,,,,,,,,,,,,,,,,,,,,,,,,,,,,,,,,,,,,,,,,,,,,,,,,,,,,,,,,,,,,,,,,,,,,,,,,,,,,,,,,,,,,,,,,,,,,,,,,,,,,,,,,,,,,,,,,,,,,,,,,,,,,,,,,,,,,,,,-23.6,-10.1,-1.1,-11.8,8.0,12.0,14.0,0.3,11.0,19.3,35.6,22.7,8.0,12.4,14.0,0.3,17.5,97.5,733.0,272.0,46.0,355.0,16.0,0.5,20.0,95.0,735.0,270.0,46.0,355.0,16.0,0.5
1891,8,22700,-29.30000000000001,14.3,,,,,,,,,,,,,,,,,,,,,,,,,,,,,,,,,3.71,6.7,9.3,6.34,36.0,2.77,24.0,0.5,-4.67,-3.25,-1.39,-3.31,36.0,1.89,24.0,0.5,-8.62,-4.5,-2.5,-5.02,36.0,2.85,24.0,0.5,1014.9,1015.5,1016.04,1015.45,25.0,0.76,24.0,0.5,,,,,,,,,,,,,,,,,,,,,,,,,,,,,,,,,,,,,,,,,,,,,,,,,,,,,,,,,,,,,,,,,,,,,,,,,,,,,,,,,,,,,,,,,,,,,,,,,,,,,,,,,,,,,,,,,,,,,,,,,,,,,,,,
1891,8,22700,-29.30000000000001,18.3,,,,,,,,,,,,,,,,,,,,,,,,,,,,,,,,,4.6,6.7,9.3,5.85,28.0,2.76,16.0,0.6,-6.58,-3.75,-1.72,-3.77,28.0,2.16,16.0,0.6,-6.47,-4.74,-3.25,-4.34,28.0,2.05,16.0,0.6,1014.4,1015.8,1017.7,1015.79,23.0,1.67,18.0,0.7,,,,,,,,,,,,,,,,,,,,,,,,,,,,,,,,,,,,,,,,,,,,,,,,,,,,,,,,,,,,,,,,,,,,,,,,,,,,,,,,,,,,,,,,,,,,,,,,,,,,,,,,,,,,,,,,,,,,,,,,,,,,,,,,
1891,8,22700,-29.30000000000001,50.2,,,,,,,,,,,,,,,,,,,,,,,,,,,,,,,,,2.73,4.6,9.8,7.05,14.0,5.22,16.0,0.6,2.46,3.25,8.12,5.92,14.0,5.22,16.0,0.6,-3.25,0.27,5.42,0.29,14.0,3.98,16.0,0.6,1003.97,1018.0,1018.41,1013.56,11.0,7.06,18.0,0.5,,,,,,,,,,,,,,,,,,,,,,,,,,,,,,,,,-0.59,0.0,1.58,0.36,14.0,1.27,16.0,0.6,-3.5,0.0,8.6,3.1,14.0,6.7,16.0,0.6,1.91,2.03,2.16,2.03,2.0,0.27,26.0,1.0,30.6,35.3,40.0,35.3,2.0,9.7,26.0,1.0,41.3,57.4,130.6,95.4,14.0,81.9,16.0,0.6,-55.4,4.1,84.8,5.4,14.0,66.1,16.0,0.6,151.8,159.6,167.3,159.6,2.0,16.0,26.0,1.0,11.1,23.9,36.7,23.9,2.0,26.5,26.0,1.0,30.4,34.7,39.0,34.7,2.0,8.9,26.0,1.0,2.5,5.6,8.7,5.6,2.0,6.5,26.0,1.0,22.5,97.5,941.0,1011.0,14.0,1939.0,16.0,0.6,25.0,95.0,940.0,1010.0,14.0,1940.0,16.0,0.6
1891,8,22700,-29.19999999999999,-35.5,,,,,,,,,,,,,,,,,,,,,,,,,,,,,,,,,4.5,12.3,19.0,11.74,7.0,6.58,6.0,0.7,1.4,9.3,15.57,7.67,7.0,8.92,6.0,0.7,-5.41,0.0,0.09,-3.19,7.0,6.64,6.0,0.7,1021.55,1022.0,1023.56,1022.46,5.0,1.14,2.0,0.6,,,,,,,,,,,,,,,,,,,,,,,,,,,,,,,,,,,,,,,,,,,,,,,,,,,,,,,,,,,,,,,,,,,,,,,,,,,,,,,,,,,,,,,,,,,,,,,,,,,,,,,,,,,,,,,,,,,,,,,,,,,,,,,,
1891,8,22700,-29.19999999999999,-15.4,,,,,,,,,,,,,,,,,,,,,,,,,,,,,,,,,6.7,6.7,9.01,7.73,8.0,2.06,16.0,0.5,-8.35,-6.17,-6.17,-7.18,8.0,1.87,16.0,0.5,-3.52,-2.62,-2.62,-2.69,8.0,1.34,16.0,0.5,1018.41,1019.65,1020.66,1019.56,10.0,1.17,14.0,0.6,,,,,,,,,,,,,,,,,,,,,,,,,,,,,,,,,,,,,,,,,,,,,,,,,,,,,,,,,,,,,,,,,,,,,,,,,,,,,,,,,,,,,,,,,,,,,,,,,,,,,,,,,,,,,,,,,,,,,,,,,,,,,,,,
1891,8,22700,-29.19999999999999,-3.3,,,,,,,,,,,,,,,,,,,,,,,,,,,,,,,,,4.6,6.7,9.3,6.61,44.0,2.57,18.0,0.5,-8.62,-5.45,-2.6,-5.38,44.0,3.0,18.0,0.5,0.0,1.2,4.75,2.0,44.0,2.95,18.0,0.5,1014.89,1015.55,1016.33,1015.6,32.0,1.24,14.0,0.5,,,,,,,,,,,,,,,,,,,,,,,,,,,,,,,,,,,,,,,,,,,,,,,,,,,,,,,,,,,,,,,,,,,,,,,,,,,,,,,,,,,,,,,,,,,,,,,,,,,,,,,,,,,,,,,,,,,,,,,,,,,,,,,,
1891,8,22700,-29.19999999999999,-1.3,24.93,25.3,25.6,25.24,41.0,0.32,20.0,0.6,24.42,25.3,26.46,25.49,40.0,1.07,20.0,0.6,17.71,17.8,17.81,17.76,3.0,0.08,20.0,0.3,87.8,88.2,88.2,88.0,3.0,0.3,20.0,0.3,6.43,6.7,9.3,6.92,38.0,1.46,20.0,0.6,-6.7,-6.21,-4.72,-6.0,38.0,1.52,20.0,0.6,0.0,2.51,4.74,2.21,38.0,2.64,20.0,0.6,1013.7,1014.9,1015.7,1014.77,29.0,1.02,18.0,0.6,2.0,3.0,4.7,3.0,41.0,1.8,20.0,0.6,87.8,88.2,88.2,88.0,3.0,0.3,20.0,0.3,-61.2,-41.6,-30.4,-43.2,38.0,18.0,20.0,0.6,0.0,16.8,32.4,16.5,38.0,21.9,20.0,0.6,-0.98,-0.1,0.5,-0.26,40.0,0.87,20.0,0.6,-6.8,-0.7,3.5,-1.6,37.0,6.2,20.0,0.6,2.29,2.3,2.55,2.42,3.0,0.22,20.0,0.3,11.1,12.3,14.3,12.7,3.0,2.4,20.0,0.3,-173.1,-156.0,-114.4,-150.7,37.0,36.2,20.0,0.6,0.0,62.7,127.3,56.1,37.0,69.9,20.0,0.6,-83.2,-37.2,-37.2,-59.6,3.0,38.9,20.0,0.3,61.1,73.0,73.0,67.2,3.0,10.1,20.0,0.3,,,,,,,,,,,,,,,,,,,,,,,,,,,,,,,,
1891,8,22700,-29.19999999999999,6.3,,,,,,,,,,,,,,,,,,,,,,,,,,,,,,,,,2.6,4.6,8.93,5.55,46.0,2.37,16.0,0.5,-3.79,-1.41,0.43,-1.29,46.0,2.46,16.0,0.5,2.31,4.39,6.7,4.45,46.0,3.01,16.0,0.5,1013.2,1014.6,1016.0,1014.6,39.0,1.28,16.0,0.5,,,,,,,,,,,,,,,,,,,,,,,,,,,,,,,,,,,,,,,,,,,,,,,,,,,,,,,,,,,,,,,,,,,,,,,,,,,,,,,,,,,,,,,,,,,,,,,,,,,,,,,,,,,,,,,,,,,,,,,,,,,,,,,,
1891,8,22700,-29.19999999999999,6.4,26.3,26.8,27.25,26.73,48.0,0.51,16.0,0.5,24.5,25.5,26.5,25.62,47.0,1.02,16.0,0.5,16.51,17.05,17.61,17.03,8.0,0.54,14.0,0.3,77.7,84.8,88.3,83.6,8.0,5.7,14.0,0.3,,,,,,,,,,,,,,,,,,,,,,,,,,,,,,,,,3.0,5.5,8.0,5.2,48.0,2.2,16.0,0.5,77.7,84.8,88.3,83.6,8.0,5.7,14.0,0.3,-31.9,-3.9,1.1,-9.7,46.0,18.3,16.0,0.5,6.6,21.1,58.9,30.4,46.0,30.7,16.0,0.5,0.26,1.1,1.97,1.1,47.0,0.95,16.0,0.5,1.8,5.1,10.2,5.7,45.0,6.2,16.0,0.5,4.7,5.49,6.44,5.51,8.0,0.77,14.0,0.3,12.3,31.7,38.9,27.7,8.0,13.1,14.0,0.3,-96.5,-26.8,12.1,-32.4,45.0,62.0,16.0,0.5,60.3,113.1,181.9,116.0,45.0,77.5,16.0,0.5,-61.6,-31.5,-3.3,-33.2,8.0,34.1,14.0,0.3,42.5,52.9,109.2,68.8,8.0,34.3,14.0,0.3,,,,,,,,,,,,,,,,,,,,,,,,,,,,,,,,
1891,8,22700,-29.19999999999999,16.3,,,,,,,,,,,,,,,,,,,,,,,,,,,,,,,,,4.6,6.7,9.3,6.89,11.0,2.29,16.0,0.5,-6.58,-4.74,-3.25,-4.7,11.0,1.82,16.0,0.5,-6.58,-4.74,-3.25,-5.0,11.0,1.53,16.0,0.5,1011.69,1014.1,1017.23,1014.31,7.0,2.73,14.0,0.6,,,,,,,,,,,,,,,,,,,,,,,,,,,,,,,,,,,,,,,,,,,,,,,,,,,,,,,,,,,,,,,,,,,,,,,,,,,,,,,,,,,,,,,,,,,,,,,,,,,,,,,,,,,,,,,,,,,,,,,,,,,,,,,,
1891,8,22700,-29.100000000000023,-23.2,,,,,,,,,,,,,,,,,,,,,,,,,,,,,,,,,6.7,9.3,9.3,8.54,17.0,1.22,16.0,0.5,-8.62,-6.21,0.0,-4.57,17.0,4.39,16.0,0.5,-8.93,-3.63,3.48,-2.83,17.0,5.38,16.0,0.5,1021.02,1021.7,1023.91,1022.29,12.0,1.58,14.0,0.4,,,,,,,,,,,,,,,,,,,,,,,,,,,,,,,,,,,,,,,,,,,,,,,,,,,,,,,,,,,,,,,,,,,,,,,,,,,,,,,,,,,,,,,,,,,,,,,,,,,,,,,,,,,,,,,,,,,,,,,,,,,,,,,,
1891,8,22700,-29.100000000000023,8.3,,,,,,,,,,,,,,,,,,,,,,,,,,,,,,,,,2.6,4.6,4.6,3.77,33.0,1.59,20.0,0.5,0.0,0.0,2.41,0.94,33.0,1.48,20.0,0.5,0.8,4.23,4.6,3.0,33.0,2.19,20.0,0.5,1013.26,1014.45,1014.98,1014.25,30.0,0.81,20.0,0.5,,,,,,,,,,,,,,,,,,,,,,,,,,,,,,,,,,,,,,,,,,,,,,,,,,,,,,,,,,,,,,,,,,,,,,,,,,,,,,,,,,,,,,,,,,,,,,,,,,,,,,,,,,,,,,,,,,,,,,,,,,,,,,,,
1891,8,22700,-29.100000000000023,10.2,,,,,,,,,,,,,,,,,,,,,,,,,,,,,,,,,0.0,1.0,2.6,1.59,38.0,1.59,22.0,0.5,0.0,0.63,2.39,0.9,38.0,1.19,22.0,0.5,-0.72,0.0,1.02,0.39,38.0,1.65,22.0,0.5,1014.01,1014.85,1016.43,1015.01,36.0,1.21,22.0,0.5,,,,,,,,,,,,,,,,,,,,,,,,,,,,,,,,,,,,,,,,,,,,,,,,,,,,,,,,,,,,,,,,,,,,,,,,,,,,,,,,,,,,,,,,,,,,,,,,,,,,,,,,,,,,,,,,,,,,,,,,,,,,,,,,
1891,8,22700,-29.100000000000023,12.4,,,,,,,,,,,,,,,,,,,,,,,,,,,,,,,,,1.0,2.6,4.6,2.96,59.0,2.3,26.0,0.5,-2.39,0.0,2.39,-0.03,59.0,2.42,26.0,0.5,-4.27,0.0,1.02,-0.87,59.0,2.76,26.0,0.5,1012.44,1013.8,1015.32,1013.85,48.0,1.38,26.0,0.5,,,,,,,,,,,,,,,,,,,,,,,,,,,,,,,,,,,,,,,,,,,,,,,,,,,,,,,,,,,,,,,,,,,,,,,,,,,,,,,,,,,,,,,,,,,,,,,,,,,,,,,,,,,,,,,,,,,,,,,,,,,,,,,,
1891,8,22700,-29.100000000000023,24.4,,,,,,,,,,,,,,,,,,,,,,,,,,,,,,,,,6.7,6.7,6.7,6.7,4.0,0.0,10.0,0.0,-6.21,-5.47,-4.74,-5.47,4.0,0.85,10.0,0.0,-4.74,-3.62,-2.51,-3.62,4.0,1.29,10.0,0.0,1017.98,1019.8,1021.31,1019.65,4.0,1.96,10.0,0.0,,,,,,,,,,,,,,,,,,,,,,,,,,,,,,,,,,,,,,,,,,,,,,,,,,,,,,,,,,,,,,,,,,,,,,,,,,,,,,,,,,,,,,,,,,,,,,,,,,,,,,,,,,,,,,,,,,,,,,,,,,,,,,,,
1891,8,22700,-29.0,-29.2,,,,,,,,,,,,,,,,,,,,,,,,,,,,,,,,,10.58,12.3,15.4,12.94,10.0,2.41,20.0,0.5,0.0,0.0,0.0,1.42,10.0,4.48,20.0,0.5,9.3,12.3,15.4,10.8,10.0,6.32,20.0,0.5,1016.3,1016.7,1017.84,1017.0,5.0,0.79,18.0,0.6,,,,,,,,,,,,,,,,,,,,,,,,,,,,,,,,,,,,,,,,,,,,,,,,,,,,,,,,,,,,,,,,,,,,,,,,,,,,,,,,,,,,,,,,,,,,,,,,,,,,,,,,,,,,,,,,,,,,,,,,,,,,,,,,
1891,8,22700,-29.0,-25.3,,,,,,,,,,,,,,,,,,,,,,,,,,,,,,,,,6.27,8.0,9.3,7.65,6.0,1.96,22.0,0.3,-3.86,0.0,1.97,-1.14,6.0,4.09,22.0,0.3,-4.63,4.83,9.3,2.97,6.0,6.72,22.0,0.3,1018.74,1021.05,1023.44,1021.07,6.0,2.19,22.0,0.3,,,,,,,,,,,,,,,,,,,,,,,,,,,,,,,,,,,,,,,,,,,,,,,,,,,,,,,,,,,,,,,,,,,,,,,,,,,,,,,,,,,,,,,,,,,,,,,,,,,,,,,,,,,,,,,,,,,,,,,,,,,,,,,,
1891,8,22700,-27.899999999999977,2.7,,,,,,,,,,,,,,,,,,,,,,,,,,,,,,,,,,,,,,,,,,,,,,,,,,,,,,,,,,,,,,,,,,,,,,,,,,,,,,,,,,,,,,,,,,,,,,,,,,,,,,,,,,,,,,,,,,,,,,,,,,,,,,,,,,,,,,,,,,,,,,,,,,,,,,,,,,,,,,,,,-17.7,-14.2,-10.7,-14.2,2.0,7.3,20.0,0.0,-5.4,-4.4,-3.4,-4.4,2.0,2.1,20.0,0.0,301.0,301.0,804.5,579.5,27.0,458.0,14.0,0.5,300.0,300.0,805.0,580.0,27.0,460.0,14.0,0.5
1891,8,22700,-27.69999999999999,4.7,,,,,,,,,,,,,,,,,,,,,,,,,,,,,,,,,,,,,,,,,,,,,,,,,,,,,,,,,,,,,,,,,,,,,,,,,,,,,,,,,,,,,,,,,,,,,,,,,,,,,,,,,,,,,,,,,,,,,,,,,,,,,,,,,,,,,,,,,,,,,,,,,,,,,,,,,,,,,,,,,-13.7,-6.9,-3.7,-8.4,5.0,6.7,20.0,0.4,6.1,13.4,17.6,12.0,5.0,7.8,20.0,0.4,97.5,301.0,804.5,386.0,31.0,382.0,14.0,0.5,95.0,300.0,805.0,385.0,31.0,380.0,14.0,0.5
1891,8,22700,-27.69999999999999,8.5,,,,,,,,,,,,,,,,,,,,,,,,,,,,,,,,,,,,,,,,,,,,,,,,,,,,,,,,,,,,,,,,,,,,,,,,,,,,,,,,,,,,,,,,,,,,,,,,,,,,,,,,,,,,,,,,,,,,,,,,,,,,,,,,,,,,,,,,,,,,,,,,,,,,,,,,,,,,,,,,,0.5,7.0,12.7,7.0,9.0,6.4,14.0,0.6,2.7,10.0,16.3,9.8,9.0,8.2,14.0,0.6,17.5,97.5,804.5,316.5,71.0,419.5,12.0,0.5,20.0,95.0,805.0,315.0,71.0,420.0,12.0,0.5
1891,8,22700,-27.69999999999999,28.8,,,,,,,,,,,,,,,,,,,,,,,,,,,,,,,,,9.3,9.3,9.3,9.3,1.0,0.0,2.0,1.0,-7.71,-7.71,-7.71,-7.71,1.0,0.0,2.0,1.0,-5.2,-5.2,-5.2,-5.2,1.0,0.0,2.0,1.0,1016.6,1016.6,1016.6,1016.6,3.0,0.0,4.0,0.0,,,,,,,,,,,,,,,,,,,,,,,,,,,,,,,,,,,,,,,,,,,,,,,,,,,,,,,,,,,,,,,,,,,,,,,,,,,,,,,,,,,,,,,,,,,,,,,,,,,,,,,,,,,,,,,,,,,,,,,,,,,,,,,,
1891,8,22700,-27.600000000000023,20.5,,,,,,,,,,,,,,,,,,,,,,,,,,,,,,,,,6.7,6.7,7.98,7.07,11.0,1.49,14.0,0.2,-7.91,-5.55,-4.25,-6.03,11.0,2.07,14.0,0.2,-5.08,0.0,1.52,-1.76,11.0,3.09,14.0,0.2,1017.85,1018.4,1018.95,1018.4,3.0,0.8,6.0,0.0,,,,,,,,,,,,,,,,,,,,,,,,,,,,,,,,,,,,,,,,,,,,,,,,,,,,,,,,,,,,,,,,,,,,,,,,,,,,,,,,,,,,,,,,,,,,,,,,,,,,,,,,,,,,,,,,,,,,,,,,,,,,,,,,
1891,8,22700,-27.600000000000023,22.5,,,,,,,,,,,,,,,,,,,,,,,,,,,,,,,,,3.55,5.65,8.32,5.93,4.0,3.08,6.0,0.8,-8.17,-5.55,-2.66,-5.42,4.0,3.63,6.0,0.8,1.07,1.57,2.15,1.61,4.0,0.67,6.0,0.8,1018.1,1018.3,1018.64,1018.37,3.0,0.4,6.0,1.0,,,,,,,,,,,,,,,,,,,,,,,,,,,,,,,,,,,,,,,,,,,,,,,,,,,,,,,,,,,,,,,,,,,,,,,,,,,,,,,,,,,,,,,,,,,,,,,,,,,,,,,,,,,,,,,,,,,,,,,,,,,,,,,,
1891,8,22700,-27.600000000000023,48.4,,,,,,,,,,,,,,,,,,,,,,,,,,,,,,,,,,,,,,,,,,,,,,,,,,,,,,,,,,,,,,,,,,,,,,,,,,,,,,,,,,,,,,,,,,,,,,,,,,,,,,,,,,,,,,,,,,,,,,,,,,,,,,,,,,,,,,,,,,,,,,,,,,,,,,,,,,,,,,,,,9.9,10.5,11.0,10.5,2.0,1.1,14.0,1.0,-1.5,-1.5,-1.4,-1.5,2.0,0.2,14.0,1.0,17.5,301.0,1861.0,925.0,39.0,1384.5,12.0,0.7,20.0,300.0,1860.0,925.0,39.0,1385.0,12.0,0.7
1891,8,22700,-27.600000000000023,50.2,,,,,,,,,,,,,,,,,,,,,,,,,,,,,,,,,,,,,,,,,,,,,,,,,,,,,,,,,,,,,,,,,,,,,,,,,,,,,,,,,,,,,,,,,,,,,,,,,,,,,,,,,,,,,,,,,,,,,,,,,,,,,,,,,,,,,,,,,,,,,,,,,,,,,,,,,,,,,,,,,0.0,0.0,0.0,0.0,1.0,0.0,26.0,0.0,0.0,0.0,0.0,0.0,1.0,0.0,26.0,0.0,17.5,199.0,1861.0,639.5,22.0,744.0,16.0,0.4,20.0,200.0,1860.0,640.0,22.0,745.0,16.0,0.4
1891,8,22700,-27.600000000000023,56.2,,,,,,,,,,,,,,,,,,,,,,,,,,,,,,,,,2.92,3.6,4.28,3.6,2.0,1.41,24.0,1.0,2.86,3.55,4.24,3.55,2.0,1.42,24.0,1.0,-0.62,-0.59,-0.56,-0.59,2.0,0.07,24.0,1.0,999.03,999.75,1000.47,999.75,2.0,1.48,24.0,1.0,,,,,,,,,,,,,,,,,,,,,,,,,,,,,,,,,,,,,,,,,,,,,,,,,,,,,,,,,,,,,,,,,,,,,,,,,,,,,,,,,,,,,,,,,,,,,,,,,,,,,,,,,,,,,,,,,,,,,,,,,,,,,,,,
1891,8,22700,-27.5,-15.3,,,,,,,,,,,,,,,,,,,,,,,,,,,,,,,,,6.7,6.7,9.3,6.87,20.0,2.18,14.0,0.4,-8.53,-6.37,-6.17,-6.26,20.0,1.81,14.0,0.4,-2.58,0.0,3.63,1.25,20.0,2.86,14.0,0.4,1018.41,1020.3,1021.38,1020.04,13.0,1.59,14.0,0.3,,,,,,,,,,,,,,,,,,,,,,,,,,,,,,,,,,,,,,,,,,,,,,,,,,,,,,,,,,,,,,,,,,,,,,,,,,,,,,,,,,,,,,,,,,,,,,,,,,,,,,,,,,,,,,,,,,,,,,,,,,,,,,,,
1891,8,22700,-27.5,-7.3,,,,,,,,,,,,,,,,,,,,,,,,,,,,,,,,,6.7,6.7,9.3,7.34,32.0,1.77,16.0,0.6,-8.62,-6.21,-6.05,-6.57,32.0,1.92,16.0,0.6,-0.14,2.56,3.48,2.1,32.0,2.45,16.0,0.6,1013.47,1015.5,1016.73,1015.34,32.0,1.92,16.0,0.6,,,,,,,,,,,,,,,,,,,,,,,,,,,,,,,,,,,,,,,,,,,,,,,,,,,,,,,,,,,,,,,,,,,,,,,,,,,,,,,,,,,,,,,,,,,,,,,,,,,,,,,,,,,,,,,,,,,,,,,,,,,,,,,,
1891,8,22700,-27.5,2.4,25.1,25.55,26.4,25.7,30.0,0.73,12.0,0.5,24.56,25.5,26.1,25.5,30.0,0.91,12.0,0.5,16.82,16.85,16.89,16.85,2.0,0.08,20.0,0.0,86.4,87.3,88.2,87.3,2.0,1.8,20.0,0.0,6.7,6.7,9.3,7.86,27.0,1.98,14.0,0.5,-6.58,-6.21,-3.83,-5.45,27.0,1.53,14.0,0.5,0.32,6.21,6.58,4.83,27.0,3.27,14.0,0.5,1014.31,1015.4,1016.5,1015.48,20.0,1.08,12.0,0.5,2.0,3.0,6.0,3.6,30.0,2.0,12.0,0.5,86.4,87.3,88.2,87.3,2.0,1.8,20.0,0.0,-61.2,-42.9,-21.7,-44.3,27.0,20.5,14.0,0.5,2.1,41.6,61.2,42.9,27.0,35.1,14.0,0.5,-0.5,0.3,0.84,0.21,30.0,0.78,12.0,0.5,-3.3,2.0,6.0,1.0,27.0,7.3,14.0,0.5,2.22,2.54,2.87,2.54,2.0,0.67,20.0,0.0,11.2,14.9,18.5,14.9,2.0,7.6,20.0,0.0,-167.6,-158.4,-100.9,-139.0,27.0,38.4,14.0,0.5,8.1,155.3,170.5,124.5,27.0,85.5,14.0,0.5,-102.8,-90.9,-79.0,-90.9,2.0,24.7,20.0,0.0,-31.7,-28.5,-25.3,-28.5,2.0,6.5,20.0,0.0,,,,,,,,,,,,,,,,,,,,,,,,,,,,,,,,
1891,8,22700,-27.5,4.4,25.77,26.5,26.71,26.26,38.0,0.62,14.0,0.6,24.9,25.65,26.71,25.71,38.0,0.99,14.0,0.6,16.72,17.18,18.24,17.47,5.0,0.99,20.0,0.4,85.5,87.6,89.7,87.5,5.0,2.9,20.0,0.4,4.6,6.7,9.3,6.6,31.0,2.25,14.0,0.5,-4.75,-2.96,-1.19,-3.13,31.0,2.07,14.0,0.5,2.1,5.55,7.14,5.21,31.0,2.74,14.0,0.5,1013.07,1014.75,1016.04,1014.6,24.0,1.38,12.0,0.6,2.0,4.0,7.0,4.5,38.0,2.2,14.0,0.6,85.5,87.6,89.7,87.5,5.0,2.9,20.0,0.4,-36.4,-16.8,-3.2,-22.3,31.0,18.5,14.0,0.5,8.6,37.2,65.6,39.1,31.0,31.3,14.0,0.5,-0.24,0.65,1.41,0.55,38.0,0.92,14.0,0.6,-0.2,4.7,9.5,4.2,31.0,5.4,14.0,0.5,2.53,3.31,4.02,3.3,5.0,0.85,20.0,0.4,12.3,17.5,21.0,16.5,5.0,5.9,20.0,0.4,-125.1,-76.0,-31.1,-80.6,31.0,54.3,14.0,0.5,56.0,142.2,189.8,133.6,31.0,70.6,14.0,0.5,-58.1,-43.6,-19.7,-39.2,5.0,24.8,20.0,0.4,23.3,62.7,117.1,67.9,5.0,51.7,20.0,0.4,,,,,,,,,,,,,,,,,,,,,,,,,,,,,,,,
1891,8,22700,-27.5,6.5,,,,,,,,,,,,,,,,,,,,,,,,,,,,,,,,,,,,,,,,,,,,,,,,,,,,,,,,,,,,,,,,,,,,,,,,,,,,,,,,,,,,,,,,,,,,,,,,,,,,,,,,,,,,,,,,,,,,,,,,,,,,,,,,,,,,,,,,,,,,,,,,,,,,,,,,,,,,,,,,,-13.2,-8.2,-0.9,-7.3,10.0,7.8,18.0,0.7,4.3,15.8,18.1,13.3,10.0,7.5,18.0,0.7,17.5,97.5,301.0,197.0,50.0,214.5,14.0,0.6,20.0,95.0,300.0,195.0,50.0,215.0,14.0,0.6
1891,8,22700,-27.5,24.5,,,,,,,,,,,,,,,,,,,,,,,,,,,,,,,,,3.04,4.6,9.3,5.91,15.0,3.02,8.0,0.5,-8.62,-4.52,-0.38,-4.53,15.0,3.46,8.0,0.5,-4.09,-3.25,1.65,-2.04,15.0,2.84,8.0,0.5,1018.0,1019.5,1021.81,1019.68,13.0,1.59,8.0,0.5,,,,,,,,,,,,,,,,,,,,,,,,,,,,,,,,,,,,,,,,,,,,,,,,,,,,,,,,,,,,,,,,,,,,,,,,,,,,,,,,,,,,,,,,,,,,,,,,,,,,,,,,,,,,,,,,,,,,,,,,,,,,,,,,
1891,8,22700,-27.5,26.5,,,,,,,,,,,,,,,,,,,,,,,,,,,,,,,,,2.6,2.6,3.65,3.1,4.0,1.0,6.0,0.8,-1.14,-0.5,-0.5,-0.8,4.0,0.61,6.0,0.8,-1.02,2.55,2.55,0.85,4.0,3.41,6.0,0.8,1015.75,1016.75,1018.7,1017.2,4.0,1.85,6.0,0.8,,,,,,,,,,,,,,,,,,,,,,,,,,,,,,,,,,,,,,,,,,,,,,,,,,,,,,,,,,,,,,,,,,,,,,,,,,,,,,,,,,,,,,,,,,,,,,,,,,,,,,,,,,,,,,,,,,,,,,,,,,,,,,,,
1891,8,22700,-27.5,36.4,,,,,,,,,,,,,,,,,,,,,,,,,,,,,,,,,0.11,1.8,2.6,2.39,8.0,3.0,16.0,0.4,-1.02,0.0,0.71,-0.67,8.0,2.57,16.0,0.4,-2.13,0.35,1.71,0.63,8.0,2.83,16.0,0.4,1020.54,1023.35,1025.3,1023.06,8.0,2.59,16.0,0.4,,,,,,,,,,,,,,,,,,,,,,,,,,,,,,,,,,,,,,,,,,,,,,,,,,,,,,,,,,,,,,,,,,,,,,,,,,,,,,,,,,,,,,,,,,,,,,,,,,,,,,,,,,,,,,,,,,,,,,,,,,,,,,,,
1891,8,22700,-27.5,48.5,16.0,18.0,19.06,17.84,37.0,1.51,12.0,0.6,15.34,18.3,20.48,18.18,34.0,2.01,12.0,0.6,10.89,11.04,11.19,11.04,2.0,0.32,14.0,1.0,78.6,81.6,84.5,81.6,2.0,6.1,14.0,1.0,2.6,6.7,12.3,7.12,39.0,5.02,12.0,0.7,0.01,3.63,6.58,3.64,39.0,3.7,12.0,0.7,-2.54,0.5,8.56,1.41,39.0,6.92,12.0,0.7,1015.22,1017.45,1027.49,1019.52,18.0,6.7,14.0,0.6,2.0,6.0,8.0,5.2,39.0,2.5,12.0,0.7,78.6,81.6,84.5,81.6,2.0,6.1,14.0,1.0,0.0,21.0,61.1,36.7,39.0,57.3,12.0,0.7,-6.6,0.7,79.6,9.0,39.0,89.6,12.0,0.7,-1.7,-0.25,0.58,-0.42,34.0,1.06,12.0,0.6,-11.1,0.0,4.2,-2.5,34.0,7.8,12.0,0.6,1.77,1.91,2.05,1.91,2.0,0.3,14.0,1.0,10.0,10.6,11.1,10.6,2.0,1.1,14.0,1.0,0.0,72.0,112.9,62.7,34.0,60.0,12.0,0.6,-81.8,0.0,181.1,26.9,34.0,125.0,12.0,0.6,53.3,62.0,70.7,62.0,2.0,18.0,14.0,1.0,-9.9,-8.7,-7.5,-8.7,2.0,2.5,14.0,1.0,,,,,,,,,,,,,,,,,,,,,,,,,,,,,,,,
1891,8,22700,-27.5,58.5,,,,,,,,,,,,,,,,,,,,,,,,,,,,,,,,,6.7,6.7,8.47,7.57,3.0,1.5,24.0,0.7,3.16,6.47,8.39,5.79,3.0,3.87,24.0,0.7,-1.39,-0.65,4.23,1.37,3.0,4.47,24.0,0.7,1002.53,1004.1,1004.17,1003.37,3.0,1.36,24.0,0.7,,,,,,,,,,,,,,,,,,,,,,,,,,,,,,,,,,,,,,,,,,,,,,,,,,,,,,,,,,,,,,,,,,,,,,,,,,,,,,,,,,,,,,,,,,,,,,,,,,,,,,,,,,,,,,,,,,,,,,,,,,,,,,,,
1891,8,22700,-27.399999999999977,-23.4,,,,,,,,,,,,,,,,,,,,,,,,,,,,,,,,,2.6,4.6,9.3,5.37,21.0,2.68,20.0,0.4,-6.17,-3.48,-0.07,-3.08,21.0,3.0,20.0,0.4,-4.16,-1.84,1.72,-1.61,21.0,3.98,20.0,0.4,1021.1,1022.4,1023.4,1022.33,20.0,1.9,20.0,0.5,,,,,,,,,,,,,,,,,,,,,,,,,,,,,,,,,,,,,,,,,,,,,,,,,,,,,,,,,,,,,,,,,,,,,,,,,,,,,,,,,,,,,,,,,,,,,,,,,,,,,,,,,,,,,,,,,,,,,,,,,,,,,,,,
1891,8,22700,-27.399999999999977,-9.3,,,,,,,,,,,,,,,,,,,,,,,,,,,,,,,,,6.7,6.7,9.3,7.6,28.0,1.82,14.0,0.5,-8.61,-6.64,-6.17,-7.06,28.0,1.82,14.0,0.5,0.0,2.51,3.63,1.75,28.0,2.26,14.0,0.5,1015.43,1016.15,1017.73,1016.45,28.0,1.37,14.0,0.5,,,,,,,,,,,,,,,,,,,,,,,,,,,,,,,,,,,,,,,,,,,,,,,,,,,,,,,,,,,,,,,,,,,,,,,,,,,,,,,,,,,,,,,,,,,,,,,,,,,,,,,,,,,,,,,,,,,,,,,,,,,,,,,,
1891,8,22700,-27.399999999999977,-1.3,,,,,,,,,,,,,,,,,,,,,,,,,,,,,,,,,4.6,4.6,6.7,5.51,33.0,1.22,16.0,0.5,-6.21,-4.6,-4.23,-4.49,33.0,1.4,16.0,0.5,-1.8,1.72,4.74,1.68,33.0,2.66,16.0,0.5,1013.36,1014.7,1015.44,1014.52,24.0,1.06,16.0,0.5,,,,,,,,,,,,,,,,,,,,,,,,,,,,,,,,,,,,,,,,,,,,,,,,,,,,,,,,,,,,,,,,,,,,,,,,,,,,,,,,,,,,,,,,,,,,,,,,,,,,,,,,,,,,,,,,,,,,,,,,,,,,,,,,
1891,8,22700,-27.399999999999977,0.3,,,,,,,,,,,,,,,,,,,,,,,,,,,,,,,,,4.6,6.7,9.3,6.79,27.0,2.01,14.0,0.5,-6.58,-4.74,-3.87,-5.29,27.0,1.66,14.0,0.5,0.0,2.62,6.58,3.39,27.0,2.85,14.0,0.5,1013.68,1015.2,1015.66,1014.81,16.0,1.0,16.0,0.4,,,,,,,,,,,,,,,,,,,,,,,,,,,,,,,,,,,,,,,,,,,,,,,,,,,,,,,,,,,,,,,,,,,,,,,,,,,,,,,,,,,,,,,,,,,,,,,,,,,,,,,,,,,,,,,,,,,,,,,,,,,,,,,,
1891,8,22700,-27.399999999999977,6.5,,,,,,,,,,,,,,,,,,,,,,,,,,,,,,,,,2.6,4.6,6.7,5.01,50.0,2.2,14.0,0.6,-3.11,0.0,0.58,-0.94,50.0,2.29,14.0,0.6,2.14,4.6,6.7,4.35,50.0,2.24,14.0,0.6,1012.35,1014.5,1016.01,1014.21,38.0,1.81,14.0,0.6,,,,,,,,,,,,,,,,,,,,,,,,,,,,,,,,,,,,,,,,,,,,,,,,,,,,,,,,,,,,,,,,,-84.7,0.0,17.6,-24.7,49.0,59.8,14.0,0.6,55.3,120.6,175.3,114.7,49.0,60.1,14.0,0.6,-72.7,-52.9,5.9,-38.0,10.0,42.6,18.0,0.7,31.4,84.4,109.7,76.0,10.0,41.9,18.0,0.7,,,,,,,,,,,,,,,,,,,,,,,,,,,,,,,,
1891,8,22700,-27.399999999999977,8.4,,,,,,,,,,,,,,,,,,,,,,,,,,,,,,,,,,,,,,,,,,,,,,,,,,,,,,,,,,,,,,,,,2.0,5.0,8.0,4.8,78.0,2.3,12.0,0.5,80.4,88.2,95.0,87.8,13.0,6.9,14.0,0.6,0.0,8.3,25.1,12.4,71.0,18.4,12.0,0.5,0.0,17.5,59.4,27.5,71.0,39.9,12.0,0.5,,,,,,,,,,,,,,,,,,,,,,,,,,,,,,,,,,,,,,,,,,,,,,,,,,,,,,,,,,,,,,,,,,,,,,,,,,,,,,,,,,,,,,,,,,,,,,,,
1891,8,22700,-27.399999999999977,10.4,,,,,,,,,,,,,,,,,,,,,,,,,,,,,,,,,2.6,4.6,6.7,4.54,106.0,2.66,14.0,0.5,-0.59,2.16,6.17,2.11,106.0,3.32,14.0,0.5,-1.54,1.0,4.65,1.56,106.0,3.14,14.0,0.5,1011.58,1013.4,1014.5,1013.21,74.0,1.61,16.0,0.5,,,,,,,,,,,,,,,,,,,,,,,,,,,,,,,,,,,,,,,,,,,,,,,,,,,,,,,,,,,,,,,,,,,,,,,,,,,,,,,,,,,,,,,,,,,,,,,,,1.3,7.3,18.4,11.2,9.0,13.2,14.0,0.4,-14.4,-4.6,5.3,-4.3,9.0,11.2,14.0,0.4,17.5,97.5,301.0,198.0,106.0,301.0,14.0,0.5,20.0,95.0,300.0,200.0,106.0,300.0,14.0,0.5
1891,8,22700,-27.399999999999977,14.4,,,,,,,,,,,,,,,,,,,,,,,,,,,,,,,,,2.6,4.6,6.7,4.85,53.0,1.98,12.0,0.5,-4.44,-2.51,-0.23,-2.16,53.0,2.3,12.0,0.5,-6.21,-3.81,0.95,-2.65,53.0,3.27,12.0,0.5,1011.15,1014.5,1015.9,1013.88,33.0,2.23,16.0,0.5,,,,,,,,,,,,,,,,,,,,,,,,,,,,,,,,,,,,,,,,,,,,,,,,,,,,,,,,,,,,,,,,,,,,,,,,,,,,,,,,,,,,,,,,,,,,,,,,,,,,,,,,,,,,,,,,,,,,,,,,,,,,,,,,
1891,8,22700,-27.399999999999977,16.5,,,,,,,,,,,,,,,,,,,,,,,,,,,,,,,,,4.6,4.6,6.7,5.4,48.0,2.07,14.0,0.5,-4.74,-3.25,-1.72,-3.19,48.0,1.71,14.0,0.5,-6.19,-4.27,0.88,-3.09,48.0,3.31,14.0,0.5,1012.8,1014.5,1017.18,1014.53,30.0,2.06,16.0,0.5,,,,,,,,,,,,,,,,,,,,,,,,,,,,,,,,,,,,,,,,,,,,,,,,,,,,,,,,,,,,,,,,,,,,,,,,,,,,,,,,,,,,,,,,,,,,,,,,,,,,,,,,,,,,,,,,,,,,,,,,,,,,,,,,
1891,8,22700,-27.399999999999977,18.4,,,,,,,,,,,,,,,,,,,,,,,,,,,,,,,,,4.6,6.7,7.29,6.11,25.0,1.99,16.0,0.4,-5.69,-4.52,-1.78,-4.45,25.0,2.36,16.0,0.4,-4.89,-4.27,0.95,-2.67,25.0,3.02,16.0,0.4,1013.68,1017.2,1017.2,1016.15,8.0,1.77,18.0,0.3,,,,,,,,,,,,,,,,,,,,,,,,,,,,,,,,,,,,,,,,,,,,,,,,,,,,,,,,,,,,,,,,,,,,,,,,,,,,,,,,,,,,,,,,,,,,,,,,,,,,,,,,,,,,,,,,,,,,,,,,,,,,,,,,
1891,8,22700,-27.399999999999977,30.3,,,,,,,,,,,,,,,,,,,,,,,,,,,,,,,,,4.6,4.6,4.6,4.6,1.0,0.0,4.0,1.0,-1.72,-1.72,-1.72,-1.72,1.0,0.0,4.0,1.0,4.27,4.27,4.27,4.27,1.0,0.0,4.0,1.0,1016.4,1016.6,1016.87,1016.63,3.0,0.35,4.0,1.0,,,,,,,,,,,,,,,,,,,,,,,,,,,,,,,,,,,,,,,,,,,,,,,,,,,,,,,,,,,,,,,,,,,,,,,,,,,,,,,,,,,,,,,,,,,,,,,,,,,,,,,,,,,,,,,,,,,,,,,,,,,,,,,,
1891,8,22700,-27.399999999999977,40.7,,,,,,,,,,,,,,,,,,,,,,,,,,,,,,,,,4.6,8.0,11.16,7.78,16.0,3.09,26.0,0.6,-0.54,3.44,7.81,3.27,16.0,3.87,26.0,0.6,-7.85,-3.25,6.58,-1.55,16.0,6.72,26.0,0.6,1014.79,1019.45,1025.28,1019.78,6.0,5.65,18.0,0.3,,,,,,,,,,,,,,,,,,,,,,,,,,,,,,,,,,,,,,,,,,,,,,,,,,,,,,,,,,,,,,,,,,,,,,,,,,,,,,,,,,,,,,,,,,,,,,,,,,,,,,,,,,,,,,,,,,,,,,,,,,,,,,,,
1891,8,22700,-27.30000000000001,-33.3,,,,,,,,,,,,,,,,,,,,,,,,,,,,,,,,,11.2,12.3,16.71,13.66,5.0,3.68,6.0,0.6,10.58,12.3,16.71,13.46,5.0,3.8,6.0,0.6,0.0,0.0,1.76,0.96,5.0,2.15,6.0,0.6,1020.99,1021.4,1021.6,1021.3,4.0,0.43,2.0,0.5,,,,,,,,,,,,,,,,,,,,,,,,,,,,,,,,,,,,,,,,,,,,,,,,,,,,,,,,,,,,,,,,,,,,,,,,,,,,,,,,,,,,,,,,,,,,,,,,,,,,,,,,,,,,,,,,,,,,,,,,,,,,,,,,
1891,8,22700,-27.30000000000001,-27.3,,,,,,,,,,,,,,,,,,,,,,,,,,,,,,,,,6.7,6.7,9.3,7.79,17.0,1.67,10.0,0.5,-6.38,-4.74,-1.35,-4.27,17.0,2.83,10.0,0.5,-1.16,4.74,6.38,2.81,17.0,5.62,10.0,0.5,1023.39,1024.45,1025.38,1024.33,12.0,1.08,6.0,0.5,,,,,,,,,,,,,,,,,,,,,,,,,,,,,,,,,,,,,,,,,,,,,,,,,,,,,,,,,,,,,,,,,,,,,,,,,,,,,,,,,,,,,,,,,,,,,,,,,,,,,,,,,,,,,,,,,,,,,,,,,,,,,,,,
1891,8,22700,-27.30000000000001,-25.3,,,,,,,,,,,,,,,,,,,,,,,,,,,,,,,,,4.6,6.7,6.7,5.9,34.0,1.75,16.0,0.5,-4.6,-3.37,2.59,-2.14,34.0,3.32,16.0,0.5,-6.17,0.0,5.83,0.44,34.0,4.79,16.0,0.5,1019.29,1023.1,1024.64,1022.46,28.0,2.66,16.0,0.5,,,,,,,,,,,,,,,,,,,,,,,,,,,,,,,,,,,,,,,,,,,,,,,,,,,,,,,,,,,,,,,,,,,,,,,,,,,,,,,,,,,,,,,,,,,,,,,,,,,,,,,,,,,,,,,,,,,,,,,,,,,,,,,,
1891,8,22700,-27.30000000000001,-17.4,,,,,,,,,,,,,,,,,,,,,,,,,,,,,,,,,5.73,6.7,9.3,7.09,17.0,1.67,14.0,0.5,-7.56,-6.21,-4.52,-6.0,17.0,1.51,14.0,0.5,-1.72,3.63,4.74,2.43,17.0,3.07,14.0,0.5,1019.37,1021.3,1023.82,1021.7,13.0,1.91,14.0,0.5,,,,,,,,,,,,,,,,,,,,,,,,,,,,,,,,,,,,,,,,,,,,,,,,,,,,,,,,,,,,,,,,,,,,,,,,,,,,,,,,,,,,,,,,,,,,,,,,,,,,,,,,,,,,,,,,,,,,,,,,,,,,,,,,
1891,8,22700,-27.30000000000001,-13.3,,,,,,,,,,,,,,,,,,,,,,,,,,,,,,,,,6.7,9.3,12.3,9.3,18.0,2.87,14.0,0.7,-12.3,-6.64,-6.17,-8.51,18.0,3.17,14.0,0.7,-2.62,0.0,4.52,1.22,18.0,3.39,14.0,0.7,1016.27,1018.0,1018.3,1017.49,18.0,1.31,14.0,0.7,,,,,,,,,,,,,,,,,,,,,,,,,,,,,,,,,,,,,,,,,,,,,,,,,,,,,,,,,,,,,,,,,,,,,,,,,,,,,,,,,,,,,,,,,,,,,,,,,,,,,,,,,,,,,,,,,,,,,,,,,,,,,,,,
1891,8,22700,-27.30000000000001,-11.3,,,,,,,,,,,,,,,,,,,,,,,,,,,,,,,,,6.7,6.7,9.3,8.22,27.0,2.16,12.0,0.4,-9.3,-6.58,-4.74,-7.33,27.0,2.6,12.0,0.4,0.0,2.62,4.74,2.13,27.0,2.76,12.0,0.4,1015.77,1016.75,1017.87,1016.73,22.0,1.01,12.0,0.4,,,,,,,,,,,,,,,,,,,,,,,,,,,,,,,,,,,,,,,,,,,,,,,,,,,,,,,,,,,,,,,,,,,,,,,,,,,,,,,,,,,,,,,,,,,,,,,,,,,,,,,,,,,,,,,,,,,,,,,,,,,,,,,,
1891,8,22700,-27.30000000000001,-5.3,,,,,,,,,,,,,,,,,,,,,,,,,,,,,,,,,4.6,6.7,9.3,6.21,39.0,2.28,16.0,0.5,-8.62,-6.17,-4.23,-5.55,39.0,2.28,16.0,0.5,0.0,1.84,3.48,1.96,39.0,2.01,16.0,0.5,1013.77,1015.65,1016.81,1015.3,38.0,1.57,16.0,0.5,,,,,,,,,,,,,,,,,,,,,,,,,,,,,,,,,,,,,,,,,,,,,,,,,,,,,,,,,,,,,,,,,,,,,,,,,,,,,,,,,,,,,,,,,,,,,,,,,,,,,,,,,,,,,,,,,,,,,,,,,,,,,,,,
1891,8,22700,-27.30000000000001,-3.3,,,,,,,,,,,,,,,,,,,,,,,,,,,,,,,,,4.6,6.7,6.7,6.02,33.0,1.92,16.0,0.4,-6.7,-4.74,-4.23,-5.39,33.0,1.78,16.0,0.4,-1.79,0.0,3.48,1.16,33.0,2.56,16.0,0.4,1013.5,1015.25,1016.3,1015.03,26.0,1.23,16.0,0.5,,,,,,,,,,,,,,,,,,,,,,,,,,,,,,,,,,,,,,,,,,,,,,,,,,,,,,,,,,,,,,,,,,,,,,,,,,,,,,,,,,,,,,,,,,,,,,,,,,,,,,,,,,,,,,,,,,,,,,,,,,,,,,,,
1891,8,22700,-27.30000000000001,6.4,26.1,26.7,27.2,26.7,52.0,0.47,12.0,0.5,25.0,26.1,27.0,26.1,55.0,1.27,12.0,0.5,17.44,18.73,20.61,18.81,10.0,1.45,18.0,0.7,83.5,86.7,94.7,88.4,10.0,5.7,18.0,0.7,,,,,,,,,,,,,,,,,,,,,,,,,,,,,,,,,,,,,,,,,,,,,,,,,,,,,,,,,,,,,,,,,0.0,0.6,1.7,0.7,51.0,0.98,14.0,0.5,0.0,2.3,6.0,2.6,45.0,4.6,14.0,0.6,1.83,3.11,4.29,3.12,10.0,1.14,18.0,0.7,6.7,19.6,21.1,16.7,10.0,7.9,18.0,0.7,,,,,,,,,,,,,,,,,,,,,,,,,,,,,,,,,,,,,,,,,,,,,,,,,,,,,,,,,,,,,,,,
1891,8,22700,-27.30000000000001,6.5,,,,,,,,,,,,,,,,,,,,,,,,,,,,,,,,,,,,,,,,,,,,,,,,,,,,,,,,,,,,,,,,,2.7,4.0,7.3,4.6,56.0,2.1,12.0,0.6,83.5,86.7,94.7,88.4,10.0,5.7,18.0,0.7,-18.3,0.0,1.8,-6.2,50.0,16.6,14.0,0.6,5.6,21.2,44.9,26.2,50.0,20.4,14.0,0.6,,,,,,,,,,,,,,,,,,,,,,,,,,,,,,,,,,,,,,,,,,,,,,,,,,,,,,,,,,,,,,,,,,,,,,,,,,,,,,,,,,,,,,,,,,,,,,,,
1891,8,22700,-27.30000000000001,8.4,26.0,26.75,27.2,26.66,74.0,0.7,12.0,0.5,25.0,26.1,27.2,26.25,75.0,1.25,12.0,0.5,17.79,18.79,21.03,19.11,13.0,1.35,14.0,0.6,80.4,88.2,95.0,87.8,13.0,6.9,14.0,0.6,2.6,4.6,9.3,5.61,71.0,2.85,12.0,0.5,0.0,2.16,4.27,2.14,71.0,2.47,12.0,0.5,0.0,3.25,6.7,3.51,71.0,4.09,12.0,0.5,1011.2,1013.5,1015.21,1013.46,51.0,1.84,14.0,0.5,,,,,,,,,,,,,,,,,,,,,,,,,,,,,,,,,-0.75,0.5,1.5,0.47,72.0,1.08,12.0,0.5,-4.1,1.3,7.4,2.2,65.0,7.9,12.0,0.5,2.63,3.9,4.36,3.55,12.0,0.98,14.0,0.6,4.7,12.3,19.0,13.7,9.0,7.9,14.0,0.6,0.0,61.8,111.7,59.5,68.0,63.7,12.0,0.5,0.0,84.9,181.4,94.2,68.0,103.1,12.0,0.5,0.0,33.9,54.6,30.7,10.0,27.9,16.0,0.6,6.0,40.1,113.0,50.3,10.0,51.8,16.0,0.6,,,,,,,,,,,,,,,,,,,,,,,,,,,,,,,,
1891,8,22700,-27.30000000000001,10.4,26.2,26.8,27.2,26.8,109.0,0.61,14.0,0.5,24.43,25.8,27.2,25.92,116.0,1.33,14.0,0.5,17.38,18.14,20.0,18.52,10.0,1.44,14.0,0.4,81.9,91.5,96.6,89.9,10.0,7.8,14.0,0.4,,,,,,,,,,,,,,,,,,,,,,,,,,,,,,,,,4.0,7.0,8.0,6.3,119.0,2.0,14.0,0.5,81.9,91.5,96.6,89.9,10.0,7.8,14.0,0.4,-0.9,6.5,41.3,14.5,106.0,25.1,14.0,0.5,-4.1,1.8,31.7,11.6,106.0,25.1,14.0,0.5,-0.1,0.8,2.0,0.86,107.0,1.16,14.0,0.5,-0.3,3.3,8.5,3.7,88.0,5.5,16.0,0.5,2.46,4.19,4.97,3.82,10.0,1.28,14.0,0.4,6.1,8.7,22.3,15.8,9.0,13.4,14.0,0.4,0.0,56.5,154.1,59.5,96.0,83.0,14.0,0.4,-34.2,27.9,117.5,40.9,96.0,79.8,14.0,0.4,12.4,52.0,68.3,52.2,9.0,44.4,14.0,0.4,-55.0,-14.2,51.8,-10.1,9.0,54.4,14.0,0.4,,,,,,,,,,,,,,,,,,,,,,,,,,,,,,,,
1891,8,22700,-27.30000000000001,12.4,26.06,26.7,27.2,26.78,110.0,0.66,14.0,0.5,24.8,26.0,27.39,26.1,118.0,1.52,14.0,0.5,16.31,18.15,18.99,17.79,8.0,1.43,10.0,0.5,78.4,90.4,91.9,87.4,8.0,6.5,10.0,0.5,2.6,4.6,6.7,4.0,108.0,2.19,14.0,0.5,-2.63,0.0,3.67,0.01,108.0,3.12,14.0,0.5,-4.52,-2.16,0.93,-1.64,108.0,2.92,14.0,0.5,1012.05,1014.5,1015.93,1014.13,75.0,1.78,16.0,0.5,3.0,5.5,8.0,5.4,122.0,2.2,14.0,0.5,78.4,90.4,91.9,87.4,8.0,6.5,10.0,0.5,-15.0,0.0,19.5,0.8,108.0,18.7,14.0,0.5,-20.8,-5.8,2.7,-8.3,108.0,19.2,14.0,0.5,-0.47,0.8,1.79,0.71,109.0,1.25,14.0,0.5,-0.8,2.3,7.5,2.5,94.0,5.5,14.0,0.5,3.16,3.78,4.75,3.93,8.0,1.0,10.0,0.5,14.5,16.0,18.9,16.4,8.0,3.6,10.0,0.5,-70.1,0.0,104.5,3.7,101.0,80.4,14.0,0.5,-123.2,-52.6,25.1,-42.4,101.0,78.3,14.0,0.5,-59.0,-34.1,12.4,-37.3,8.0,46.5,10.0,0.5,-59.0,-34.1,71.9,-13.0,8.0,62.2,10.0,0.5,,,,,,,,,,,,,,,,,,,,,,,,,,,,,,,,
1891,8,22700,-27.30000000000001,50.3,15.73,16.65,17.1,16.5,22.0,0.79,16.0,0.4,15.27,16.2,18.17,16.72,21.0,1.63,16.0,0.4,11.55,11.55,11.55,11.55,1.0,0.0,26.0,0.0,100.0,100.0,100.0,100.0,1.0,0.0,26.0,0.0,2.6,5.65,12.3,6.99,22.0,3.77,16.0,0.4,-2.08,2.12,6.81,2.23,22.0,5.01,16.0,0.4,0.99,2.4,6.68,3.5,22.0,4.71,16.0,0.4,1007.23,1017.0,1019.0,1013.58,11.0,8.49,18.0,0.5,5.0,6.0,7.7,6.0,22.0,1.5,16.0,0.4,100.0,100.0,100.0,100.0,1.0,0.0,26.0,0.0,-12.6,6.2,65.7,20.3,22.0,52.0,16.0,0.4,2.6,11.6,65.0,32.9,22.0,55.7,16.0,0.4,-1.48,0.0,1.07,-0.19,21.0,1.36,16.0,0.4,-7.6,0.0,5.2,-3.0,21.0,11.6,16.0,0.4,0.0,0.0,0.0,0.0,1.0,0.0,26.0,0.0,0.0,0.0,0.0,0.0,1.0,0.0,26.0,0.0,-12.4,33.5,116.8,45.7,21.0,71.6,16.0,0.4,18.6,42.9,114.0,67.6,21.0,85.4,16.0,0.4,130.8,130.8,130.8,130.8,1.0,0.0,26.0,0.0,55.5,55.5,55.5,55.5,1.0,0.0,26.0,0.0,,,,,,,,,,,,,,,,,,,,,,,,,,,,,,,,
1891,8,22700,-27.19999999999999,-31.2,,,,,,,,,,,,,,,,,,,,,,,,,,,,,,,,,2.6,4.6,12.3,6.83,24.0,4.84,4.0,0.5,0.0,4.25,8.91,3.84,24.0,5.31,4.0,0.5,-3.73,0.93,4.6,-0.02,24.0,5.34,4.0,0.5,1022.51,1023.8,1024.46,1022.4,10.0,4.72,6.0,0.6,,,,,,,,,,,,,,,,,,,,,,,,,,,,,,,,,,,,,,,,,,,,,,,,,,,,,,,,,,,,,,,,,,,,,,,,,,,,,,,,,,,,,,,,,,,,,,,,,,,,,,,,,,,,,,,,,,,,,,,,,,,,,,,,
1891,8,22700,-27.19999999999999,-29.3,,,,,,,,,,,,,,,,,,,,,,,,,,,,,,,,,2.6,9.3,19.0,10.04,54.0,6.76,8.0,0.5,-8.64,0.0,6.02,-1.6,54.0,6.82,8.0,0.5,-14.28,-3.93,2.99,-5.73,54.0,8.11,8.0,0.5,1017.3,1018.8,1023.09,1019.82,28.0,2.96,10.0,0.5,,,,,,,,,,,,,,,,,,,,,,,,,,,,,,,,,,,,,,,,,,,,,,,,,,,,,,,,,,,,,,,,,,,,,,,,,,,,,,,,,,,,,,,,,,,,,,,,,,,,,,,,,,,,,,,,,,,,,,,,,,,,,,,,
1891,8,22700,-27.19999999999999,-21.5,,,,,,,,,,,,,,,,,,,,,,,,,,,,,,,,,6.7,6.7,6.82,7.07,7.0,0.98,4.0,0.7,-6.7,-3.48,-2.51,-4.44,7.0,2.14,4.0,0.7,0.0,6.21,6.33,3.89,7.0,3.74,4.0,0.7,1019.5,1021.5,1023.93,1021.84,7.0,2.11,4.0,0.7,,,,,,,,,,,,,,,,,,,,,,,,,,,,,,,,,,,,,,,,,,,,,,,,,,,,,,,,,,,,,,,,,,,,,,,,,,,,,,,,,,,,,,,,,,,,,,,,,,,,,,,,,,,,,,,,,,,,,,,,,,,,,,,,
1891,8,22700,-27.19999999999999,42.3,,,,,,,,,,,,,,,,,,,,,,,,,,,,,,,,,5.27,6.7,8.47,6.87,3.0,2.35,16.0,0.3,4.31,6.58,6.66,5.51,3.0,1.96,16.0,0.3,1.03,3.25,5.52,3.28,3.0,3.29,16.0,0.3,1025.14,1025.45,1025.76,1025.45,2.0,0.64,8.0,0.5,,,,,,,,,,,,,,,,,,,,,,,,,,,,,,,,,,,,,,,,,,,,,,,,,,,,,,,,,,,,,,,,,,,,,,,,,,,,,,,,,,,,,,,,,,,,,,,,,,,,,,,,,,,,,,,,,,,,,,,,,,,,,,,,
1891,8,22700,-27.19999999999999,46.1,,,,,,,,,,,,,,,,,,,,,,,,,,,,,,,,,1.0,1.0,4.6,2.79,40.0,3.26,4.0,0.5,-0.95,-0.37,0.82,0.35,40.0,2.67,4.0,0.5,-0.93,0.71,2.1,0.77,40.0,3.28,4.0,0.5,1025.92,1027.0,1028.0,1026.37,36.0,3.01,6.0,0.5,,,,,,,,,,,,,,,,,,,,,,,,,,,,,,,,,,,,,,,,,,,,,,,,,,,,,,,,,,,,,,,,,,,,,,,,,,,,,,,,,,,,,,,,,,,,,,,,,,,,,,,,,,,,,,,,,,,,,,,,,,,,,,,,
1891,8,22700,-27.100000000000023,-19.4,,,,,,,,,,,,,,,,,,,,,,,,,,,,,,,,,4.6,6.7,9.3,6.49,13.0,1.87,8.0,0.5,-6.77,-4.74,-4.6,-5.54,13.0,1.51,8.0,0.5,0.0,3.48,4.74,2.69,13.0,2.4,8.0,0.5,1019.56,1020.8,1023.02,1021.29,9.0,1.77,4.0,0.4,,,,,,,,,,,,,,,,,,,,,,,,,,,,,,,,,,,,,,,,,,,,,,,,,,,,,,,,,,,,,,,,,,,,,,,,,,,,,,,,,,,,,,,,,,,,,,,,,,,,,,,,,,,,,,,,,,,,,,,,,,,,,,,,
1891,8,22700,-27.100000000000023,12.5,,,,,,,,,,,,,,,,,,,,,,,,,,,,,,,,,,,,,,,,,,,,,,,,,,,,,,,,,,,,,,,,,,,,,,,,,,,,,,,,,,,,,,,,,,,,,,,,,,,,,,,,,,,,,,,,,,,,,,,,,,,,,,,,,,,,,,,,,,,,,,,,,,,,,,,,,,,,,,,,,-13.3,-8.8,1.7,-7.8,8.0,7.4,10.0,0.5,-13.4,-9.6,12.3,-5.0,8.0,12.9,10.0,0.5,17.5,97.5,301.0,122.0,108.0,155.0,14.0,0.5,20.0,95.0,300.0,120.0,108.0,155.0,14.0,0.5
1891,8,22700,-27.0,52.0,,,,,,,,,,,,,,,,,,,,,,,,,,,,,,,,,6.7,6.7,6.7,6.7,2.0,0.0,16.0,1.0,-4.74,-4.74,-4.74,-4.74,2.0,0.0,16.0,1.0,4.74,4.74,4.74,4.74,2.0,0.0,16.0,1.0,1015.0,1015.0,1015.0,1015.0,2.0,0.0,16.0,1.0,,,,,,,,,,,,,,,,,,,,,,,,,,,,,,,,,,,,,,,,,,,,,,,,,,,,,,,,,,,,,,,,,,,,,,,,,,,,,,,,,,,,,,,,,,,,,,,,,,,,,,,,,,,,,,,,,,,,,,,,,,,,,,,,
1891,8,22700,-25.899999999999977,36.7,,,,,,,,,,,,,,,,,,,,,,,,,,,,,,,,,1.06,3.35,5.64,3.35,2.0,4.74,8.0,0.0,-5.19,-3.08,-0.98,-3.08,2.0,4.36,8.0,0.0,0.42,1.31,2.2,1.31,2.0,1.85,8.0,0.0,1021.21,1021.45,1021.69,1021.45,2.0,0.49,8.0,0.0,,,,,,,,,,,,,,,,,,,,,,,,,,,,,,,,,,,,,,,,,,,,,,,,,,,,,,,,,,,,,,,,,,,,,,,,,,,,,,,,,,,,,,,,,,,,,,,,,,,,,,,,,,,,,,,,,,,,,,,,,,,,,,,,
1891,8,22700,-25.80000000000001,8.5,,,,,,,,,,,,,,,,,,,,,,,,,,,,,,,,,,,,,,,,,,,,,,,,,,,,,,,,,,,,,,,,,,,,,,,,,,,,,,,,,,,,,,,,,,,,,,,,,,,,,,,,,,,,,,,,,,,,,,,,,,,,,,,,,,,,,,,,,,,,,,,,,,,,,,,,,,,,,,,,,-8.2,-0.6,0.8,-3.4,5.0,5.8,22.0,0.4,0.5,14.5,16.3,9.4,5.0,8.9,22.0,0.4,1.0,97.5,301.0,231.5,66.0,405.0,14.0,0.5,0.0,95.0,300.0,230.0,66.0,405.0,14.0,0.5
1891,8,22700,-25.69999999999999,-11.4,,,,,,,,,,,,,,,,,,,,,,,,,,,,,,,,,9.3,9.3,9.3,9.3,5.0,0.0,24.0,0.6,-8.56,-8.56,-7.84,-8.16,5.0,0.89,24.0,0.6,3.63,3.63,4.71,4.22,5.0,1.32,24.0,0.6,1016.76,1017.4,1017.77,1017.3,5.0,0.53,24.0,0.6,,,,,,,,,,,,,,,,,,,,,,,,,,,,,,,,,,,,,,,,,,,,,,,,,,,,,,,,,,,,,,,,,,,,,,,,,,,,,,,,,,,,,,,,,,,,,,,,,,,,,,,,,,,,,,,,,,,,,,,,,,,,,,,,
1891,8,22700,-25.69999999999999,-9.4,,,,,,,,,,,,,,,,,,,,,,,,,,,,,,,,,9.3,12.3,15.4,12.0,9.0,2.83,20.0,0.6,-14.25,-11.32,-8.56,-11.15,9.0,2.56,20.0,0.6,3.63,4.81,5.77,4.23,9.0,1.86,20.0,0.6,1017.5,1017.9,1018.31,1018.0,6.0,0.59,22.0,0.5,,,,,,,,,,,,,,,,,,,,,,,,,,,,,,,,,,,,,,,,,,,,,,,,,,,,,,,,,,,,,,,,,,,,,,,,,,,,,,,,,,,,,,,,,,,,,,,,,,,,,,,,,,,,,,,,,,,,,,,,,,,,,,,,
1891,8,22700,-25.69999999999999,14.4,26.0,26.8,27.01,26.64,57.0,0.49,10.0,0.5,25.14,26.5,27.3,26.46,62.0,1.21,10.0,0.5,17.71,19.46,21.41,19.48,11.0,1.74,14.0,0.5,80.9,87.8,92.2,87.4,11.0,5.9,14.0,0.5,,,,,,,,,,,,,,,,,,,,,,,,,,,,,,,,,,,,,,,,,,,,,,,,,,,,,,,,,,,,,,,,,-0.65,0.3,1.01,0.15,57.0,1.16,10.0,0.5,-2.7,0.8,5.1,0.5,57.0,5.7,10.0,0.5,0.73,1.83,4.11,2.38,11.0,1.83,14.0,0.5,1.9,9.8,14.7,10.0,11.0,7.2,14.0,0.5,,,,,,,,,,,,,,,,,,,,,,,,,,,,,,,,,,,,,,,,,,,,,,,,,,,,,,,,,,,,,,,,
1891,8,22700,-25.69999999999999,50.3,,,,,,,,,,,,,,,,,,,,,,,,,,,,,,,,,,,,,,,,,,,,,,,,,,,,,,,,,,,,,,,,,,,,,,,,,,,,,,,,,,,,,,,,,,,,,,,,,,,,,,,,,,,,,,,,,,,,,,,,,,,,,,,,,,,,,,,,,,,,,,,,,,,,,,,,,,,,,,,,,1.0,3.1,5.2,3.1,2.0,4.3,24.0,0.0,0.4,1.3,2.2,1.3,2.0,1.8,24.0,0.0,31.5,941.0,1861.0,1368.5,21.0,1956.5,18.0,0.6,30.0,940.0,1860.0,1370.0,21.0,1955.0,18.0,0.6
1891,8,22700,-25.600000000000023,-15.3,,,,,,,,,,,,,,,,,,,,,,,,,,,,,,,,,6.86,9.3,15.4,10.49,14.0,3.39,12.0,0.6,-14.27,-9.3,-6.82,-10.27,14.0,3.17,12.0,0.6,0.0,0.0,0.0,0.58,14.0,2.45,12.0,0.6,1016.97,1018.25,1018.81,1018.23,10.0,1.37,12.0,0.7,,,,,,,,,,,,,,,,,,,,,,,,,,,,,,,,,,,,,,,,,,,,,,,,,,,,,,,,,,,,,,,,,,,,,,,,,,,,,,,,,,,,,,,,,,,,,,,,,,,,,,,,,,,,,,,,,,,,,,,,,,,,,,,,
1891,8,22700,-25.600000000000023,-7.4,,,,,,,,,,,,,,,,,,,,,,,,,,,,,,,,,5.07,6.7,9.3,7.38,15.0,2.7,16.0,0.6,-9.3,-6.21,-4.69,-6.81,15.0,2.02,16.0,0.6,0.0,1.8,2.51,2.09,15.0,2.68,16.0,0.6,1015.93,1017.45,1018.1,1017.24,14.0,1.13,16.0,0.6,,,,,,,,,,,,,,,,,,,,,,,,,,,,,,,,,,,,,,,,,,,,,,,,,,,,,,,,,,,,,,,,,,,,,,,,,,,,,,,,,,,,,,,,,,,,,,,,,,,,,,,,,,,,,,,,,,,,,,,,,,,,,,,,
1891,8,22700,-25.600000000000023,-3.4,,,,,,,,,,,,,,,,,,,,,,,,,,,,,,,,,6.7,6.7,9.3,8.15,17.0,2.12,18.0,0.5,-8.59,-6.7,-6.19,-7.21,17.0,1.3,18.0,0.5,0.0,2.62,4.99,3.22,17.0,2.69,18.0,0.5,1015.41,1016.3,1017.19,1016.26,17.0,0.85,18.0,0.5,,,,,,,,,,,,,,,,,,,,,,,,,,,,,,,,,,,,,,,,,,,,,,,,,,,,,,,,,,,,,,,,,,,,,,,,,,,,,,,,,,,,,,,,,,,,,,,,,,,,,,,,,,,,,,,,,,,,,,,,,,,,,,,,
1891,8,22700,-25.600000000000023,14.4,,,,,,,,,,,,,,,,,,,,,,,,,,,,,,,,,3.96,4.6,6.7,5.14,62.0,1.61,10.0,0.5,-6.21,-2.51,-0.16,-2.8,62.0,2.67,10.0,0.5,-4.59,-2.62,-0.79,-2.5,62.0,2.83,10.0,0.5,1012.8,1014.2,1015.0,1014.09,45.0,1.27,10.0,0.5,2.0,3.0,6.0,3.5,61.0,2.2,10.0,0.5,80.9,87.8,92.2,87.4,11.0,5.9,14.0,0.5,-41.6,-9.3,-0.8,-17.0,62.0,20.0,10.0,0.5,-21.2,-15.9,-3.8,-13.5,62.0,16.7,10.0,0.5,,,,,,,,,,,,,,,,,,,,,,,,,,,,,,,,,-167.7,-63.9,-4.0,-74.7,62.0,73.0,10.0,0.5,-120.0,-72.5,-21.1,-66.0,62.0,73.5,10.0,0.5,-128.1,-36.1,-20.0,-58.6,11.0,47.6,14.0,0.5,-63.7,-49.5,-22.8,-49.5,11.0,23.4,14.0,0.5,-10.8,-8.1,-0.9,-6.5,11.0,4.8,14.0,0.5,-11.3,-2.1,-1.5,-6.5,11.0,6.9,14.0,0.5,72.0,97.5,301.0,176.0,62.0,159.0,10.0,0.5,70.0,95.0,300.0,175.0,62.0,160.0,10.0,0.5
1891,8,22700,-25.600000000000023,16.4,25.0,26.0,26.17,25.8,47.0,0.66,8.0,0.4,24.55,25.9,26.61,25.64,48.0,1.04,8.0,0.4,16.33,16.68,17.56,16.85,10.0,0.69,10.0,0.4,81.9,85.3,88.9,85.3,10.0,4.4,10.0,0.4,2.6,4.6,6.7,5.31,48.0,2.23,8.0,0.4,-5.51,-3.5,-1.82,-3.68,48.0,2.46,8.0,0.4,-4.74,-2.62,0.0,-2.53,48.0,2.72,8.0,0.4,1014.08,1015.65,1016.52,1015.42,32.0,1.39,10.0,0.4,1.0,3.0,8.0,3.9,48.0,2.8,8.0,0.4,81.9,85.3,88.9,85.3,10.0,4.4,10.0,0.4,-39.8,-18.5,-5.5,-23.9,48.0,25.8,8.0,0.4,-32.1,-15.9,0.0,-15.4,48.0,19.2,8.0,0.4,-1.0,0.0,1.1,0.15,47.0,1.11,8.0,0.4,-6.7,0.0,5.7,0.5,47.0,6.4,8.0,0.4,2.76,3.39,5.71,3.86,9.0,1.52,10.0,0.4,12.7,19.0,31.6,23.5,9.0,14.4,10.0,0.4,-145.9,-91.2,-46.3,-94.9,48.0,64.9,8.0,0.4,-128.4,-68.1,0.0,-64.0,48.0,69.8,8.0,0.4,-78.7,-66.1,-41.2,-61.9,10.0,18.2,10.0,0.4,-95.9,-67.4,-27.8,-66.6,10.0,37.8,10.0,0.4,,,,,,,,,,,,,,,,,,,,,,,,,,,,,,,,
1891,8,22700,-25.600000000000023,48.5,,,,,,,,,,,,,,,,,,,,,,,,,,,,,,,,,,,,,,,,,,,,,,,,,,,,,,,,,,,,,,,,,,,,,,,,,,,,,,,,,,,,,,,,,,,,,,,,,,,,,,,,,,,,,,,,,,,,,,,,,,,,,,,,,,,,,,,,,,,,,,,,,,,,,,,,,,,,,,,,,4.2,4.2,4.2,4.2,1.0,0.0,14.0,0.0,-5.7,-5.7,-5.7,-5.7,1.0,0.0,14.0,0.0,17.5,97.5,1861.0,741.0,34.0,1375.5,10.0,0.6,20.0,95.0,1860.0,740.0,34.0,1375.0,10.0,0.6
1891,8,22700,-25.5,-17.3,,,,,,,,,,,,,,,,,,,,,,,,,,,,,,,,,6.7,9.3,15.4,9.94,13.0,3.53,12.0,0.4,-14.29,-9.3,-6.7,-9.84,13.0,3.38,12.0,0.4,0.0,0.0,0.0,-0.46,13.0,1.67,12.0,0.4,1019.63,1020.5,1021.12,1020.42,9.0,0.99,12.0,0.4,,,,,,,,,,,,,,,,,,,,,,,,,,,,,,,,,,,,,,,,,,,,,,,,,,,,,,,,,,,,,,,,,,,,,,,,,,,,,,,,,,,,,,,,,,,,,,,,,,,,,,,,,,,,,,,,,,,,,,,,,,,,,,,,
1891,8,22700,-25.5,-13.4,,,,,,,,,,,,,,,,,,,,,,,,,,,,,,,,,6.7,6.7,7.65,7.22,5.0,1.16,14.0,0.8,-7.38,-6.7,-6.2,-6.87,5.0,0.98,14.0,0.8,-2.99,-2.51,0.0,-1.75,5.0,1.66,14.0,0.8,1015.85,1016.4,1016.95,1016.4,3.0,0.8,14.0,0.7,,,,,,,,,,,,,,,,,,,,,,,,,,,,,,,,,,,,,,,,,,,,,,,,,,,,,,,,,,,,,,,,,,,,,,,,,,,,,,,,,,,,,,,,,,,,,,,,,,,,,,,,,,,,,,,,,,,,,,,,,,,,,,,,
1891,8,22700,-25.5,8.5,26.03,26.7,27.2,26.5,53.0,0.63,16.0,0.5,25.0,26.1,27.83,26.4,63.0,1.38,14.0,0.5,17.69,18.01,18.67,18.17,5.0,0.57,22.0,0.4,81.4,84.1,88.1,84.6,5.0,4.7,22.0,0.4,,,,,,,,,,,,,,,,,,,,,,,,,,,,,,,,,,,,,,,,,,,,,,,,,,,,,,,,,,,,,,,,,-0.52,0.5,1.1,0.21,50.0,1.0,16.0,0.5,-2.7,0.7,4.0,0.5,45.0,4.6,14.0,0.5,2.47,3.53,3.92,3.27,5.0,0.8,22.0,0.4,2.5,16.2,18.0,11.5,5.0,8.4,22.0,0.4,,,,,,,,,,,,,,,,,,,,,,,,,,,,,,,,,,,,,,,,,,,,,,,,,,,,,,,,,,,,,,,,
1891,8,22700,-25.5,10.5,,,,,,,,,,,,,,,,,,,,,,,,,,,,,,,,,,,,,,,,,,,,,,,,,,,,,,,,,,,,,,,,,,,,,,,,,,,,,,,,,,,,,,,,,,,,,,,,,-0.1,0.6,1.7,0.64,58.0,1.2,12.0,0.5,-0.1,2.2,7.8,2.8,58.0,6.9,12.0,0.5,1.76,2.28,2.59,2.22,8.0,0.41,20.0,0.5,1.8,6.8,12.4,7.2,8.0,5.6,20.0,0.5,,,,,,,,,,,,,,,,,,,,,,,,,,,,,,,,,,,,,,,,,,,,,,,,,,,,,,,,,,,,,,,,
1891,8,22700,-25.5,12.4,26.1,26.75,27.0,26.76,52.0,0.47,10.0,0.5,25.59,26.5,27.11,26.43,57.0,0.97,10.0,0.5,17.9,19.38,22.06,19.67,5.0,2.62,18.0,0.8,81.6,92.0,96.0,88.5,5.0,10.4,18.0,0.8,2.17,2.6,4.6,3.5,56.0,1.7,10.0,0.5,-3.25,-1.1,1.72,-1.08,56.0,2.53,10.0,0.5,-3.25,-0.71,0.92,-1.01,56.0,2.59,10.0,0.5,1011.92,1013.55,1015.45,1013.63,34.0,1.61,10.0,0.5,2.0,5.0,8.0,4.9,57.0,2.7,10.0,0.5,81.6,92.0,96.0,88.5,5.0,10.4,18.0,0.8,-17.0,-3.3,5.2,-5.9,56.0,12.6,10.0,0.5,-15.5,-1.1,1.1,-4.6,56.0,13.6,10.0,0.5,-0.3,0.25,1.19,0.35,52.0,0.76,10.0,0.5,-1.0,0.5,4.4,1.2,51.0,2.8,10.0,0.5,1.3,2.19,4.43,2.93,5.0,2.33,18.0,0.8,2.8,6.2,15.3,8.7,5.0,6.9,18.0,0.8,-90.4,-29.2,45.5,-29.5,56.0,66.6,10.0,0.5,-90.6,-19.9,24.7,-27.2,56.0,68.7,10.0,0.5,-21.9,-17.0,-6.7,-14.0,5.0,13.8,18.0,0.8,-92.1,-50.2,-17.0,-51.5,5.0,46.2,18.0,0.8,,,,,,,,,,,,,,,,,,,,,,,,,,,,,,,,
1891,8,22700,-25.5,12.6,,,,,,,,,,,,,,,,,,,,,,,,,,,,,,,,,,,,,,,,,,,,,,,,,,,,,,,,,,,,,,,,,,,,,,,,,,,,,,,,,,,,,,,,,,,,,,,,,,,,,,,,,,,,,,,,,,,,,,,,,,,,,,,,,,,,,,,,,,,,,,,,,,,,,,,,,,,,,,,,,-4.7,-1.5,-0.2,-2.4,5.0,3.5,18.0,0.8,-14.5,-6.1,-1.1,-7.3,5.0,7.4,18.0,0.8,13.0,17.5,97.5,73.5,56.0,89.0,10.0,0.5,15.0,20.0,95.0,75.0,56.0,90.0,10.0,0.5
1891,8,22700,-25.5,42.3,,,,,,,,,,,,,,,,,,,,,,,,,,,,,,,,,3.9,4.6,9.8,6.16,24.0,3.31,24.0,0.6,-2.05,0.2,9.68,1.72,24.0,5.52,24.0,0.6,-4.6,-2.45,3.02,-1.29,24.0,3.91,24.0,0.6,1018.13,1023.8,1028.97,1023.67,14.0,4.8,20.0,0.6,,,,,,,,,,,,,,,,,,,,,,,,,,,,,,,,,,,,,,,,,,,,,,,,,,,,,,,,,,,,,,,,,,,,,,,,,,,,,,,,,,,,,,,,,,,,,,,,,,,,,,,,,,,,,,,,,,,,,,,,,,,,,,,,
1891,8,22700,-25.5,48.5,16.5,18.25,19.4,18.18,32.0,1.11,10.0,0.6,16.78,18.3,19.51,18.22,29.0,1.37,10.0,0.6,10.19,10.19,10.19,10.19,1.0,0.0,14.0,0.0,87.4,87.4,87.4,87.4,1.0,0.0,14.0,0.0,2.6,4.6,12.3,6.43,34.0,4.57,10.0,0.6,0.0,2.22,6.58,3.21,34.0,3.72,10.0,0.6,-4.08,0.0,8.19,0.7,34.0,6.2,10.0,0.6,1017.39,1023.55,1027.58,1023.34,12.0,5.5,12.0,0.6,2.1,6.0,7.0,5.1,33.0,2.3,10.0,0.6,87.4,87.4,87.4,87.4,1.0,0.0,14.0,0.0,0.0,5.8,61.2,33.8,34.0,56.5,10.0,0.6,-17.6,0.0,80.5,5.5,34.0,77.8,10.0,0.6,-0.9,0.0,1.06,-0.06,29.0,1.14,10.0,0.6,-3.0,0.0,6.5,-0.3,29.0,7.7,10.0,0.6,2.73,2.73,2.73,2.73,1.0,0.0,14.0,0.0,7.1,7.1,7.1,7.1,1.0,0.0,14.0,0.0,-2.2,25.4,137.7,56.1,29.0,68.1,10.0,0.6,-73.7,0.0,142.5,8.5,29.0,112.5,10.0,0.6,15.6,15.6,15.6,15.6,1.0,0.0,14.0,0.0,-21.4,-21.4,-21.4,-21.4,1.0,0.0,14.0,0.0,,,,,,,,,,,,,,,,,,,,,,,,,,,,,,,,
1891,8,22700,-25.5,50.3,15.23,15.8,16.6,15.89,21.0,0.74,18.0,0.6,14.9,16.1,18.98,16.52,20.0,1.83,18.0,0.6,10.87,11.12,11.37,11.12,2.0,0.52,24.0,0.0,100.0,100.0,100.0,100.0,2.0,0.0,24.0,0.0,2.95,9.8,12.3,8.86,21.0,4.99,18.0,0.6,-0.61,4.61,8.99,4.73,21.0,5.26,18.0,0.6,-4.3,1.02,8.71,0.89,21.0,7.44,18.0,0.6,1002.33,1002.9,1005.02,1003.48,5.0,1.59,24.0,0.4,3.0,6.0,8.0,5.4,21.0,2.4,18.0,0.6,100.0,100.0,100.0,100.0,2.0,0.0,24.0,0.0,-0.1,56.7,87.4,58.8,21.0,79.1,18.0,0.6,-20.1,2.6,85.4,2.1,21.0,106.9,18.0,0.6,-1.7,-0.35,0.5,-0.63,20.0,1.34,18.0,0.6,-16.7,-1.4,9.2,-5.9,20.0,15.4,18.0,0.6,0.11,0.36,0.6,0.36,2.0,0.51,24.0,0.0,1.1,3.3,5.6,3.3,2.0,4.7,24.0,0.0,14.1,91.9,151.6,85.8,20.0,71.6,18.0,0.6,-70.1,27.2,141.5,25.3,20.0,126.6,18.0,0.6,74.2,81.5,88.7,81.5,2.0,15.0,24.0,0.0,31.5,34.6,37.7,34.6,2.0,6.4,24.0,0.0,,,,,,,,,,,,,,,,,,,,,,,,,,,,,,,,
1891,8,22700,-25.399999999999977,-29.2,,,,,,,,,,,,,,,,,,,,,,,,,,,,,,,,,1.0,6.7,15.4,7.1,11.0,6.03,16.0,0.7,-1.34,0.37,5.77,1.87,11.0,3.65,16.0,0.7,-14.22,0.0,3.87,-2.57,11.0,8.21,16.0,0.7,1016.78,1018.3,1020.51,1018.76,17.0,2.19,12.0,0.6,,,,,,,,,,,,,,,,,,,,,,,,,,,,,,,,,,,,,,,,,,,,,,,,,,,,,,,,,,,,,,,,,,,,,,,,,,,,,,,,,,,,,,,,,,,,,,,,,,,,,,,,,,,,,,,,,,,,,,,,,,,,,,,,
1891,8,22700,-25.399999999999977,-27.3,,,,,,,,,,,,,,,,,,,,,,,,,,,,,,,,,4.6,6.7,12.3,7.81,25.0,3.75,18.0,0.5,-5.07,-2.39,0.0,-2.47,25.0,2.84,18.0,0.5,-2.53,4.74,11.32,5.04,25.0,6.06,18.0,0.5,1020.4,1023.4,1025.88,1023.18,20.0,2.41,22.0,0.6,,,,,,,,,,,,,,,,,,,,,,,,,,,,,,,,,,,,,,,,,,,,,,,,,,,,,,,,,,,,,,,,,,,,,,,,,,,,,,,,,,,,,,,,,,,,,,,,,,,,,,,,,,,,,,,,,,,,,,,,,,,,,,,,
1891,8,22700,-25.399999999999977,-1.3,,,,,,,,,,,,,,,,,,,,,,,,,,,,,,,,,6.7,9.3,9.3,8.56,17.0,1.59,16.0,0.5,-8.62,-6.58,-6.17,-7.13,17.0,1.61,16.0,0.5,2.57,3.48,6.58,4.27,17.0,2.06,16.0,0.5,1014.83,1016.5,1016.98,1015.95,17.0,1.24,16.0,0.5,,,,,,,,,,,,,,,,,,,,,,,,,,,,,,,,,,,,,,,,,,,,,,,,,,,,,,,,,,,,,,,,,,,,,,,,,,,,,,,,,,,,,,,,,,,,,,,,,,,,,,,,,,,,,,,,,,,,,,,,,,,,,,,,
1891,8,22700,-25.399999999999977,0.4,,,,,,,,,,,,,,,,,,,,,,,,,,,,,,,,,6.7,6.7,6.7,6.71,37.0,1.2,20.0,0.5,-4.74,-3.48,-2.51,-3.64,37.0,1.4,20.0,0.5,4.74,5.55,6.21,5.39,37.0,1.48,20.0,0.5,1014.45,1015.6,1016.86,1015.56,18.0,1.41,16.0,0.6,,,,,,,,,,,,,,,,,,,,,,,,,,,,,,,,,,,,,,,,,,,,,,,,,,,,,,,,,,,,,,,,,,,,,,,,,,,,,,,,,,,,,,,,,,,,,,,,,,,,,,,,,,,,,,,,,,,,,,,,,,,,,,,,
1891,8,22700,-25.399999999999977,2.3,,,,,,,,,,,,,,,,,,,,,,,,,,,,,,,,,4.6,6.7,6.7,6.07,10.0,1.01,14.0,0.4,-3.75,-3.25,-2.59,-3.28,10.0,0.73,14.0,0.4,3.49,5.55,6.17,5.03,10.0,1.19,14.0,0.4,1012.51,1014.9,1016.61,1014.58,4.0,2.44,16.0,0.3,,,,,,,,,,,,,,,,,,,,,,,,,,,,,,,,,,,,,,,,,,,,,,,,,,,,,,,,,,,,,,,,,,,,,,,,,,,,,,,,,,,,,,,,,,,,,,,,,,,,,,,,,,,,,,,,,,,,,,,,,,,,,,,,
1891,8,22700,-25.399999999999977,8.5,,,,,,,,,,,,,,,,,,,,,,,,,,,,,,,,,1.0,4.6,6.7,4.42,66.0,3.16,14.0,0.5,0.0,1.14,3.41,1.63,66.0,2.11,14.0,0.5,0.0,3.81,6.17,3.33,66.0,3.38,14.0,0.5,1013.58,1015.2,1016.0,1014.99,31.0,1.3,14.0,0.5,2.0,4.0,8.0,4.5,72.0,2.7,14.0,0.5,81.4,84.1,88.1,84.6,5.0,4.7,22.0,0.4,0.0,4.4,27.7,11.2,66.0,15.9,14.0,0.5,0.0,17.5,41.3,24.2,66.0,33.5,14.0,0.5,,,,,,,,,,,,,,,,,,,,,,,,,,,,,,,,,0.0,27.6,103.6,42.9,58.0,56.7,14.0,0.5,0.0,98.6,163.9,81.0,58.0,83.0,14.0,0.5,-36.3,-4.9,5.1,-14.8,5.0,25.1,22.0,0.4,5.3,61.4,79.8,44.8,5.0,43.2,22.0,0.4,,,,,,,,,,,,,,,,,,,,,,,,,,,,,,,,
1891,8,22700,-25.399999999999977,10.4,,,,,,,,,,,,,,,,,,,,,,,,,,,,,,,,,1.0,4.6,6.7,4.48,70.0,2.45,12.0,0.5,0.23,2.16,3.64,2.04,70.0,1.84,12.0,0.5,0.0,3.25,6.17,3.0,70.0,3.11,12.0,0.5,1012.06,1015.0,1016.51,1014.42,32.0,2.4,10.0,0.5,4.0,7.0,8.0,6.2,69.0,2.1,12.0,0.5,77.1,89.3,94.9,87.4,9.0,8.3,20.0,0.6,0.2,7.9,19.6,11.4,70.0,13.3,12.0,0.5,0.0,15.0,41.3,19.5,70.0,24.4,12.0,0.5,,,,,,,,,,,,,,,,,,,,,,,,,,,,,,,,,5.1,57.6,92.1,52.9,69.0,47.8,12.0,0.5,0.0,84.6,160.3,78.3,69.0,81.8,12.0,0.5,6.2,21.4,38.2,21.7,9.0,19.6,20.0,0.6,-68.1,17.1,81.9,15.5,9.0,73.4,20.0,0.6,,,,,,,,,,,,,,,,,,,,,,,,,,,,,,,,
1891,8,22700,-25.399999999999977,10.5,26.1,26.7,27.2,26.62,59.0,0.62,14.0,0.5,24.87,26.0,26.92,25.98,69.0,1.32,12.0,0.5,19.26,19.82,20.51,19.82,9.0,0.59,20.0,0.6,77.1,89.3,94.9,87.4,9.0,8.3,20.0,0.6,,,,,,,,,,,,,,,,,,,,,,,,,,,,,,,,,,,,,,,,,,,,,,,,,,,,,,,,,,,,,,,,,,,,,,,,,,,,,,,,,,,,,,,,,,,,,,,,,,,,,,,,,,,,,,,,,,,,,,,,,,,,,,,,,0.4,2.1,4.7,2.6,8.0,2.4,20.0,0.5,-1.2,2.2,10.2,3.2,8.0,8.1,20.0,0.5,1.0,97.5,301.0,173.5,70.0,231.0,12.0,0.5,0.0,95.0,300.0,175.0,70.0,230.0,12.0,0.5
1891,8,22700,-25.399999999999977,16.5,,,,,,,,,,,,,,,,,,,,,,,,,,,,,,,,,,,,,,,,,,,,,,,,,,,,,,,,,,,,,,,,,,,,,,,,,,,,,,,,,,,,,,,,,,,,,,,,,,,,,,,,,,,,,,,,,,,,,,,,,,,,,,,,,,,,,,,,,,,,,,,,,,,,,,,,,,,,,,,,,-15.6,-13.2,-11.1,-14.0,9.0,4.5,10.0,0.4,-28.4,-13.4,-3.9,-17.7,9.0,15.4,10.0,0.4,17.5,97.5,301.0,233.0,48.0,309.5,8.0,0.4,20.0,95.0,300.0,235.0,48.0,310.0,8.0,0.4
1891,8,22700,-25.399999999999977,18.4,25.0,25.2,26.0,25.38,35.0,0.52,6.0,0.5,23.95,25.55,26.7,25.36,42.0,1.15,6.0,0.5,15.2,15.43,15.67,15.43,2.0,0.48,10.0,0.5,79.5,79.9,80.3,79.9,2.0,0.8,10.0,0.5,2.6,4.6,7.57,5.31,43.0,2.7,6.0,0.6,-4.74,-2.57,-1.68,-2.99,43.0,1.65,6.0,0.6,-6.33,-3.81,-0.97,-4.09,43.0,2.68,6.0,0.6,1015.7,1016.9,1018.35,1016.72,23.0,1.46,6.0,0.7,0.0,2.0,4.3,2.3,43.0,2.2,6.0,0.6,79.5,79.9,80.3,79.9,2.0,0.8,10.0,0.5,-34.9,-15.0,-4.5,-19.2,43.0,17.5,6.0,0.6,-48.2,-19.5,-2.5,-28.0,43.0,28.9,6.0,0.6,-1.05,0.2,1.1,0.14,34.0,1.15,6.0,0.5,-5.3,1.1,5.1,0.3,34.0,7.8,6.0,0.5,4.87,5.27,5.68,5.27,2.0,0.84,10.0,0.5,35.0,43.0,50.9,43.0,2.0,16.4,10.0,0.5,-118.6,-64.5,-38.4,-76.7,42.0,44.0,6.0,0.5,-166.8,-98.2,-26.6,-105.8,42.0,69.5,6.0,0.5,-70.7,-69.1,-67.4,-69.1,2.0,3.5,10.0,0.5,-121.3,-101.1,-80.9,-101.1,2.0,41.9,10.0,0.5,,,,,,,,,,,,,,,,,,,,,,,,,,,,,,,,
1891,8,22700,-25.399999999999977,22.4,,,,,,,,,,,,,,,,,,,,,,,,,,,,,,,,,4.6,6.7,7.07,6.69,19.0,1.5,20.0,0.4,-5.92,-3.25,-2.51,-4.16,19.0,2.22,20.0,0.4,-6.21,-4.74,-3.73,-4.89,19.0,1.05,20.0,0.4,1015.9,1015.9,1016.42,1016.32,6.0,1.02,16.0,0.5,,,,,,,,,,,,,,,,,,,,,,,,,,,,,,,,,,,,,,,,,,,,,,,,,,,,,,,,,,,,,,,,,,,,,,,,,,,,,,,,,,,,,,,,,,,,,,,,,,,,,,,,,,,,,,,,,,,,,,,,,,,,,,,,
1891,8,22700,-25.399999999999977,24.5,,,,,,,,,,,,,,,,,,,,,,,,,,,,,,,,,4.09,4.6,6.7,4.79,12.0,1.37,22.0,0.5,-4.74,-3.25,-1.54,-3.0,12.0,1.63,22.0,0.5,-4.39,-3.25,-2.48,-3.55,12.0,0.88,22.0,0.5,1016.52,1019.15,1021.47,1019.0,4.0,2.89,12.0,0.5,,,,,,,,,,,,,,,,,,,,,,,,,,,,,,,,,,,,,,,,,,,,,,,,,,,,,,,,,,,,,,,,,,,,,,,,,,,,,,,,,,,,,,,,,,,,,,,,,,,,,,,,,,,,,,,,,,,,,,,,,,,,,,,,
1891,8,22700,-25.399999999999977,38.3,,,,,,,,,,,,,,,,,,,,,,,,,,,,,,,,,2.6,2.6,2.6,2.6,5.0,0.0,18.0,0.8,-1.02,-1.02,1.84,0.13,5.0,1.56,18.0,0.8,-2.39,-2.39,1.84,-0.7,5.0,2.32,18.0,0.8,1021.93,1024.8,1025.11,1023.78,5.0,1.73,18.0,0.8,,,,,,,,,,,,,,,,,,,,,,,,,,,,,,,,,,,,,,,,,,,,,,,,,,,,,,,,,,,,,,,,,,,,,,,,,,,,,,,,,,,,,,,,,,,,,,,,,,,,,,,,,,,,,,,,,,,,,,,,,,,,,,,,
1891,8,22700,-25.399999999999977,44.4,,,,,,,,,,,,,,,,,,,,,,,,,,,,,,,,,6.7,6.7,9.3,7.08,11.0,1.96,20.0,0.4,1.08,2.62,8.75,4.45,11.0,3.52,20.0,0.4,-2.12,3.63,6.39,2.73,11.0,4.08,20.0,0.4,1029.31,1029.55,1029.79,1029.55,2.0,0.49,10.0,0.5,,,,,,,,,,,,,,,,,,,,,,,,,,,,,,,,,,,,,,,,,,,,,,,,,,,,,,,,,,,,,,,,,,,,,,,,,,,,,,,,,,,,,,,,,,,,,,,,,,,,,,,,,,,,,,,,,,,,,,,,,,,,,,,,
1891,8,22700,-25.399999999999977,46.2,,,,,,,,,,,,,,,,,,,,,,,,,,,,,,,,,2.6,2.6,9.3,4.81,23.0,3.49,6.0,0.4,-0.5,0.0,2.35,1.27,23.0,3.41,6.0,0.4,-4.6,-2.55,4.81,-1.09,23.0,4.67,6.0,0.4,1019.49,1026.0,1028.0,1024.38,17.0,3.97,8.0,0.4,,,,,,,,,,,,,,,,,,,,,,,,,,,,,,,,,,,,,,,,,,,,,,,,,,,,,,,,,,,,,,,,,,,,,,,,,,,,,,,,,,,,,,,,,,,,,,,,,,,,,,,,,,,,,,,,,,,,,,,,,,,,,,,,
1891,8,22700,-25.399999999999977,56.4,,,,,,,,,,,,,,,,,,,,,,,,,,,,,,,,,3.25,4.65,6.05,4.65,2.0,2.9,24.0,0.0,3.21,4.59,5.97,4.59,2.0,2.86,24.0,0.0,-0.95,-0.73,-0.51,-0.73,2.0,0.45,24.0,0.0,1003.54,1003.85,1004.16,1003.85,2.0,0.64,24.0,0.0,,,,,,,,,,,,,,,,,,,,,,,,,,,,,,,,,,,,,,,,,,,,,,,,,,,,,,,,,,,,,,,,,,,,,,,,,,,,,,,,,,,,,,,,,,,,,,,,,,,,,,,,,,,,,,,,,,,,,,,,,,,,,,,,
1891,8,22700,-25.30000000000001,-25.4,,,,,,,,,,,,,,,,,,,,,,,,,,,,,,,,,4.97,9.3,9.3,7.6,21.0,3.0,16.0,0.6,-6.68,-4.74,-0.07,-4.44,21.0,2.98,16.0,0.6,-0.77,6.58,8.7,4.48,21.0,4.38,16.0,0.6,1022.98,1023.7,1025.11,1024.0,16.0,1.09,20.0,0.7,,,,,,,,,,,,,,,,,,,,,,,,,,,,,,,,,,,,,,,,,,,,,,,,,,,,,,,,,,,,,,,,,,,,,,,,,,,,,,,,,,,,,,,,,,,,,,,,,,,,,,,,,,,,,,,,,,,,,,,,,,,,,,,,
1891,8,22700,-25.30000000000001,-19.3,,,,,,,,,,,,,,,,,,,,,,,,,,,,,,,,,4.6,6.7,11.63,7.95,15.0,2.87,10.0,0.5,-9.3,-6.7,-4.34,-7.28,15.0,2.55,10.0,0.5,-4.55,0.0,1.34,-1.7,15.0,3.1,10.0,0.5,1022.19,1022.5,1022.81,1022.65,10.0,0.84,10.0,0.5,,,,,,,,,,,,,,,,,,,,,,,,,,,,,,,,,,,,,,,,,,,,,,,,,,,,,,,,,,,,,,,,,,,,,,,,,,,,,,,,,,,,,,,,,,,,,,,,,,,,,,,,,,,,,,,,,,,,,,,,,,,,,,,,
1891,8,22700,-25.30000000000001,-5.4,,,,,,,,,,,,,,,,,,,,,,,,,,,,,,,,,6.7,6.7,9.3,7.25,15.0,1.39,16.0,0.5,-8.56,-6.21,-5.06,-6.43,15.0,1.73,16.0,0.5,1.9,2.51,3.63,2.81,15.0,1.59,16.0,0.5,1014.7,1016.1,1017.37,1016.03,15.0,1.28,16.0,0.5,,,,,,,,,,,,,,,,,,,,,,,,,,,,,,,,,,,,,,,,,,,,,,,,,,,,,,,,,,,,,,,,,,,,,,,,,,,,,,,,,,,,,,,,,,,,,,,,,,,,,,,,,,,,,,,,,,,,,,,,,,,,,,,,
1891,8,22700,-25.30000000000001,26.3,,,,,,,,,,,,,,,,,,,,,,,,,,,,,,,,,2.6,4.6,6.7,4.67,13.0,1.98,14.0,0.7,-4.88,-3.25,-1.02,-3.19,13.0,1.86,14.0,0.7,-3.39,-3.25,-2.39,-3.27,13.0,1.22,14.0,0.7,1019.82,1021.1,1021.79,1020.64,9.0,1.46,8.0,0.7,,,,,,,,,,,,,,,,,,,,,,,,,,,,,,,,,,,,,,,,,,,,,,,,,,,,,,,,,,,,,,,,,,,,,,,,,,,,,,,,,,,,,,,,,,,,,,,,,,,,,,,,,,,,,,,,,,,,,,,,,,,,,,,,
1891,8,22700,-25.30000000000001,58.6,,,,,,,,,,,,,,,,,,,,,,,,,,,,,,,,,7.11,8.0,8.89,8.0,2.0,1.84,24.0,1.0,2.94,4.41,5.89,4.41,2.0,3.06,24.0,1.0,2.51,5.15,7.79,5.15,2.0,5.48,24.0,1.0,1004.84,1005.35,1005.86,1005.35,2.0,1.06,24.0,1.0,,,,,,,,,,,,,,,,,,,,,,,,,,,,,,,,,,,,,,,,,,,,,,,,,,,,,,,,,,,,,,,,,,,,,,,,,,,,,,,,,,,,,,,,,,,,,,,,,,,,,,,,,,,,,,,,,,,,,,,,,,,,,,,,
1891,8,22700,-25.19999999999999,-23.4,,,,,,,,,,,,,,,,,,,,,,,,,,,,,,,,,9.3,9.3,11.63,9.66,15.0,2.65,8.0,0.3,-8.68,-6.58,-0.81,-5.71,15.0,4.06,8.0,0.3,3.48,6.58,9.17,6.7,15.0,2.73,8.0,0.3,1023.1,1023.95,1025.13,1023.85,10.0,1.39,8.0,0.3,,,,,,,,,,,,,,,,,,,,,,,,,,,,,,,,,,,,,,,,,,,,,,,,,,,,,,,,,,,,,,,,,,,,,,,,,,,,,,,,,,,,,,,,,,,,,,,,,,,,,,,,,,,,,,,,,,,,,,,,,,,,,,,,
1891,8,22700,-25.19999999999999,-21.3,,,,,,,,,,,,,,,,,,,,,,,,,,,,,,,,,7.28,9.3,14.71,10.8,15.0,3.1,10.0,0.5,-13.84,-8.62,-6.29,-9.42,15.0,3.41,10.0,0.5,2.51,4.81,6.58,4.46,15.0,2.56,10.0,0.5,1022.63,1023.85,1024.56,1023.71,10.0,0.89,10.0,0.6,,,,,,,,,,,,,,,,,,,,,,,,,,,,,,,,,,,,,,,,,,,,,,,,,,,,,,,,,,,,,,,,,,,,,,,,,,,,,,,,,,,,,,,,,,,,,,,,,,,,,,,,,,,,,,,,,,,,,,,,,,,,,,,,
1891,8,22700,-25.19999999999999,20.3,,,,,,,,,,,,,,,,,,,,,,,,,,,,,,,,,4.6,6.7,6.7,5.83,39.0,2.11,10.0,0.6,-6.17,-4.23,-2.4,-4.18,39.0,1.97,10.0,0.6,-6.17,-3.75,-1.8,-3.65,39.0,1.97,10.0,0.6,1015.65,1017.2,1017.6,1016.66,23.0,1.16,8.0,0.6,,,,,,,,,,,,,,,,,,,,,,,,,,,,,,,,,,,,,,,,,,,,,,,,,,,,,,,,,,,,,,,,,,,,,,,,,,,,,,,,,,,,,,,,,,,,,,,,,,,,,,,,,,,,,,,,,,,,,,,,,,,,,,,,
1891,8,22700,-25.19999999999999,52.1,,,,,,,,,,,,,,,,,,,,,,,,,,,,,,,,,2.6,4.6,6.7,5.34,8.0,3.29,18.0,0.3,1.13,2.55,4.46,2.63,8.0,1.62,18.0,0.3,-4.09,1.71,5.88,1.87,8.0,5.37,18.0,0.3,1008.11,1010.0,1012.78,1010.25,8.0,1.98,20.0,0.4,,,,,,,,,,,,,,,,,,,,,,,,,,,,,,,,,,,,,,,,,,,,,,,,,,,,,,,,,,,,,,,,,,,,,,,,,,,,,,,,,,,,,,,,,,,,,,,,,,,,,,,,,,,,,,,,,,,,,,,,,,,,,,,,
1891,8,22700,-25.0,18.1,,,,,,,,,,,,,,,,,,,,,,,,,,,,,,,,,,,,,,,,,,,,,,,,,,,,,,,,,,,,,,,,,,,,,,,,,,,,,,,,,,,,,,,,,,,,,,,,,,,,,,,,,,,,,,,,,,,,,,,,,,,,,,,,,,,,,,,,,,,,,,,,,,,,,,,,,,,,,,,,,-24.4,-23.5,-22.6,-23.5,2.0,1.9,10.0,0.5,-44.4,-35.4,-26.4,-35.4,2.0,18.7,10.0,0.5,17.5,97.5,469.5,270.0,43.0,359.0,6.0,0.6,20.0,95.0,470.0,270.0,43.0,360.0,6.0,0.6
1891,8,22700,-23.80000000000001,12.5,,,,,,,,,,,,,,,,,,,,,,,,,,,,,,,,,,,,,,,,,,,,,,,,,,,,,,,,,,,,,,,,,,,,,,,,,,,,,,,,,,,,,,,,,,,,,,,,,,,,,,,,,,,,,,,,,,,,,,,,,,,,,,,,,,,,,,,,,,,,,,,,,,,,,,,,,,,,,,,,,2.8,8.7,10.8,7.1,5.0,4.3,22.0,0.4,0.8,4.0,9.4,5.7,5.0,7.4,22.0,0.4,1.0,97.5,297.5,133.0,20.0,215.0,16.0,0.4,0.0,95.0,300.0,135.0,20.0,215.0,16.0,0.4
1891,8,22700,-23.69999999999999,48.7,,,,,,,,,,,,,,,,,,,,,,,,,,,,,,,,,,,,,,,,,,,,,,,,,,,,,,,,,,,,,,,,,,,,,,,,,,,,,,,,,,,,,,,,,,,,,,,,,,,,,,,,,,,,,,,,,,,,,,,,,,,,,,,,,,,,,,,,,,,,,,,,,,,,,,,,,,,,,,,,,1.4,1.6,1.8,1.6,2.0,0.5,14.0,0.0,-2.6,-2.3,-2.0,-2.3,2.0,0.6,14.0,0.0,1.0,97.5,804.5,412.5,32.0,610.5,12.0,0.4,0.0,95.0,805.0,410.0,32.0,610.0,12.0,0.4
1891,8,22700,-23.600000000000023,-27.4,,,,,,,,,,,,,,,,,,,,,,,,,,,,,,,,,6.7,12.3,15.4,10.47,13.0,3.86,8.0,0.5,-11.49,-2.51,3.7,-2.7,13.0,7.18,8.0,0.5,-9.27,0.0,4.99,-1.55,13.0,8.46,8.0,0.5,1024.25,1024.8,1025.27,1024.76,5.0,0.57,4.0,0.4,,,,,,,,,,,,,,,,,,,,,,,,,,,,,,,,,,,,,,,,,,,,,,,,,,,,,,,,,,,,,,,,,,,,,,,,,,,,,,,,,,,,,,,,,,,,,,,,,,,,,,,,,,,,,,,,,,,,,,,,,,,,,,,,
1891,8,22700,-23.600000000000023,-25.4,,,,,,,,,,,,,,,,,,,,,,,,,,,,,,,,,1.0,4.6,12.3,5.91,17.0,5.14,6.0,0.5,-4.81,-1.72,-0.71,-2.36,17.0,1.95,6.0,0.5,0.0,1.84,11.32,3.91,17.0,6.13,6.0,0.5,1022.83,1023.8,1025.11,1023.92,10.0,1.11,2.0,0.4,,,,,,,,,,,,,,,,,,,,,,,,,,,,,,,,,,,,,,,,,,,,,,,,,,,,,,,,,,,,,,,,,,,,,,,,,,,,,,,,,,,,,,,,,,,,,,,,,,,,,,,,,,,,,,,,,,,,,,,,,,,,,,,,
1891,8,22700,-23.600000000000023,12.4,26.1,26.7,26.8,26.45,21.0,0.59,18.0,0.3,25.6,26.1,27.05,26.32,21.0,1.11,18.0,0.3,18.17,18.8,19.09,18.62,5.0,0.63,22.0,0.4,84.4,88.2,89.4,87.3,5.0,3.0,22.0,0.4,,,,,,,,,,,,,,,,,,,,,,,,,,,,,,,,,4.2,6.0,7.8,5.8,21.0,1.4,18.0,0.3,84.4,88.2,89.4,87.3,5.0,3.0,22.0,0.4,-4.0,1.0,19.9,9.8,20.0,21.9,16.0,0.4,-19.4,0.1,7.6,1.3,20.0,20.3,16.0,0.4,-0.35,0.1,0.6,0.13,21.0,0.8,18.0,0.3,-2.6,0.1,2.7,1.1,20.0,5.7,16.0,0.4,2.26,2.63,3.22,2.71,5.0,0.6,22.0,0.4,2.9,11.2,15.2,9.8,5.0,7.5,22.0,0.4,,,,,,,,,,,,,,,,,,,,,,,,,,,,,,,,,,,,,,,,,,,,,,,,,,,,,,,,,,,,,,,,
1891,8,22700,-23.600000000000023,16.5,,,,,,,,,,,,,,,,,,,,,,,,,,,,,,,,,,,,,,,,,,,,,,,,,,,,,,,,,,,,,,,,,,,,,,,,,,,,,,,,,,,,,,,,,,,,,,,,,,,,,,,,,,,,,,,,,,,,,,,,,,,,,,,,,,,,,,,,,,,,,,,,,,,,,,,,,,,,,,,,,-10.9,-4.3,-0.3,-5.4,5.0,5.9,22.0,0.8,-20.6,-7.4,-4.4,-11.3,5.0,9.6,22.0,0.8,17.5,97.5,588.5,254.0,10.0,309.0,18.0,0.5,20.0,95.0,590.0,255.0,10.0,310.0,18.0,0.5
1891,8,22700,-23.600000000000023,38.8,,,,,,,,,,,,,,,,,,,,,,,,,,,,,,,,,3.23,4.6,4.6,3.93,3.0,1.15,18.0,0.3,-3.94,-3.25,0.22,-1.89,3.0,3.27,18.0,0.3,-2.77,-1.72,0.71,-1.05,3.0,2.61,18.0,0.3,1022.65,1024.2,1027.17,1024.88,4.0,2.81,16.0,0.5,,,,,,,,,,,,,,,,,,,,,,,,,,,,,,,,,,,,,,,,,,,,,,,,,,,,,,,,,,,,,,,,,,,,,,,,,,,,,,,,,,,,,,,,,,,,,,,,,,,,,,,,,,,,,,,,,,,,,,,,,,,,,,,,
1891,8,22700,-23.5,-23.6,,,,,,,,,,,,,,,,,,,,,,,,,,,,,,,,,6.6,6.7,12.45,9.24,7.0,4.03,4.0,0.7,-5.1,0.0,0.0,-2.9,7.0,4.16,4.0,0.7,6.6,6.7,11.33,8.33,7.0,2.79,4.0,0.7,1023.03,1023.1,1023.1,1023.07,3.0,0.06,2.0,0.7,,,,,,,,,,,,,,,,,,,,,,,,,,,,,,,,,,,,,,,,,,,,,,,,,,,,,,,,,,,,,,,,,,,,,,,,,,,,,,,,,,,,,,,,,,,,,,,,,,,,,,,,,,,,,,,,,,,,,,,,,,,,,,,,
1891,8,22700,-23.5,-3.2,,,,,,,,,,,,,,,,,,,,,,,,,,,,,,,,,6.7,6.7,6.7,6.99,9.0,0.87,12.0,0.4,-6.21,-6.21,-6.21,-6.32,9.0,0.99,12.0,0.4,2.51,2.51,3.22,2.87,9.0,0.77,12.0,0.4,1014.43,1015.6,1016.55,1015.54,9.0,1.03,12.0,0.4,,,,,,,,,,,,,,,,,,,,,,,,,,,,,,,,,,,,,,,,,,,,,,,,,,,,,,,,,,,,,,,,,,,,,,,,,,,,,,,,,,,,,,,,,,,,,,,,,,,,,,,,,,,,,,,,,,,,,,,,,,,,,,,,
1891,8,22700,-23.5,4.5,,,,,,,,,,,,,,,,,,,,,,,,,,,,,,,,,4.6,4.6,6.7,5.48,12.0,1.08,6.0,0.5,-2.57,-2.15,-0.65,-1.61,12.0,1.25,6.0,0.5,3.81,4.56,6.58,5.06,12.0,1.24,6.0,0.5,1015.33,1015.6,1015.87,1015.6,2.0,0.57,4.0,0.5,,,,,,,,,,,,,,,,,,,,,,,,,,,,,,,,,,,,,,,,,,,,,,,,,,,,,,,,,,,,,,,,,,,,,,,,,,,,,,,,,,,,,,,,,,,,,,,,,,,,,,,,,,,,,,,,,,,,,,,,,,,,,,,,
1891,8,22700,-23.5,10.4,,,,,,,,,,,,,,,,,,,,,,,,,,,,,,,,,1.0,4.6,6.7,4.53,16.0,3.0,12.0,0.6,-0.23,2.12,3.25,1.94,16.0,1.88,12.0,0.6,0.27,4.27,6.2,3.69,16.0,2.96,12.0,0.6,1009.87,1012.1,1013.69,1012.04,14.0,1.7,12.0,0.6,,,,,,,,,,,,,,,,,,,,,,,,,,,,,,,,,,,,,,,,,,,,,,,,,,,,,,,,,,,,,,,,,,,,,,,,,,,,,,,,,,,,,,,,,,,,,,,,,,,,,,,,,,,,,,,,,,,,,,,,,,,,,,,,
1891,8,22700,-23.5,12.4,,,,,,,,,,,,,,,,,,,,,,,,,,,,,,,,,1.0,4.6,6.67,3.89,20.0,2.47,16.0,0.4,-0.87,0.96,4.32,1.58,20.0,2.92,16.0,0.4,-4.23,0.14,2.15,-0.1,20.0,3.31,16.0,0.4,1011.27,1012.55,1014.6,1012.82,12.0,1.7,16.0,0.5,,,,,,,,,,,,,,,,,,,,,,,,,,,,,,,,,,,,,,,,,,,,,,,,,,,,,,,,,,,,,,,,,-21.8,24.9,113.8,40.1,20.0,74.8,16.0,0.4,-112.0,3.6,56.1,-3.7,20.0,87.1,16.0,0.4,17.8,53.2,80.6,50.0,5.0,31.7,22.0,0.4,5.2,29.1,61.6,37.0,5.0,44.9,22.0,0.4,,,,,,,,,,,,,,,,,,,,,,,,,,,,,,,,
1891,8,22700,-23.5,16.5,25.46,26.05,26.91,26.15,10.0,0.69,18.0,0.5,25.3,26.2,26.9,26.09,10.0,0.8,18.0,0.5,19.11,19.44,20.15,19.67,5.0,0.92,22.0,0.8,89.6,89.9,92.3,90.8,5.0,1.8,22.0,0.8,2.6,4.6,8.19,5.2,10.0,2.8,18.0,0.5,-3.47,-1.94,0.38,-1.76,10.0,2.0,18.0,0.5,-7.26,-4.17,-0.96,-4.1,10.0,3.43,18.0,0.5,1012.5,1013.2,1014.88,1013.52,9.0,1.32,16.0,0.6,0.0,3.5,6.1,3.4,10.0,2.9,18.0,0.5,89.6,89.9,92.3,90.8,5.0,1.8,22.0,0.8,-28.6,-8.9,0.1,-13.6,10.0,16.4,18.0,0.5,-60.1,-19.2,-2.7,-29.2,10.0,29.1,18.0,0.5,-0.31,0.25,0.5,0.06,10.0,0.54,18.0,0.5,-1.6,1.0,3.1,0.9,10.0,2.4,18.0,0.5,1.58,2.49,2.76,2.21,5.0,0.7,22.0,0.8,5.2,8.4,23.8,13.0,5.0,10.5,22.0,0.8,-89.6,-49.2,10.5,-45.2,10.0,52.5,18.0,0.5,-187.4,-105.5,-25.4,-105.3,10.0,89.5,18.0,0.5,-80.8,-45.5,2.5,-40.6,5.0,48.3,22.0,0.8,-154.8,-75.7,-29.8,-86.6,5.0,70.1,22.0,0.8,,,,,,,,,,,,,,,,,,,,,,,,,,,,,,,,
1891,8,22700,-23.5,18.5,24.4,24.9,26.1,25.16,23.0,0.91,12.0,0.5,23.93,25.4,26.43,25.36,22.0,1.29,12.0,0.5,15.32,17.57,20.43,17.73,11.0,2.34,16.0,0.5,83.2,83.8,91.5,86.5,11.0,5.2,16.0,0.5,4.6,4.6,8.02,5.67,23.0,2.19,12.0,0.5,-4.52,-2.83,-1.77,-2.99,23.0,1.55,12.0,0.5,-6.91,-4.23,-2.94,-4.7,23.0,1.9,12.0,0.5,1014.3,1015.4,1017.09,1015.62,20.0,1.67,12.0,0.5,2.0,4.0,6.0,3.7,22.0,2.0,12.0,0.5,83.2,83.8,91.5,86.5,11.0,5.2,16.0,0.5,-36.9,-15.0,-8.3,-19.7,23.0,16.0,12.0,0.5,-56.0,-19.5,-13.5,-30.4,23.0,21.3,12.0,0.5,-1.5,-0.35,1.3,-0.16,22.0,1.38,12.0,0.5,-6.9,-1.8,8.4,-0.3,22.0,9.2,12.0,0.5,0.84,2.45,4.97,2.85,11.0,1.93,16.0,0.5,3.6,12.3,46.2,20.8,11.0,20.4,16.0,0.5,-115.6,-73.7,-43.7,-77.7,22.0,38.6,12.0,0.5,-173.3,-109.6,-71.3,-119.0,22.0,49.6,12.0,0.5,-86.6,-71.8,-62.2,-69.9,11.0,27.2,16.0,0.5,-114.7,-106.4,-45.2,-85.9,11.0,46.6,16.0,0.5,-27.0,-9.2,-2.6,-12.8,11.0,12.1,16.0,0.5,-37.5,-6.9,-2.6,-16.2,11.0,16.6,16.0,0.5,97.5,97.5,557.0,260.5,23.0,270.0,12.0,0.5,95.0,95.0,555.0,260.0,23.0,270.0,12.0,0.5
1891,8,22700,-23.5,20.5,23.99,24.5,25.0,24.59,32.0,0.55,6.0,0.5,23.3,24.4,25.08,24.45,32.0,1.16,6.0,0.5,14.53,15.06,15.34,14.94,6.0,0.67,10.0,0.7,76.9,81.4,84.5,81.7,6.0,5.4,10.0,0.7,4.6,5.65,6.7,5.88,32.0,2.11,6.0,0.5,-4.05,-3.04,-2.13,-3.17,32.0,1.33,6.0,0.5,-6.24,-4.49,-3.2,-4.82,32.0,2.01,6.0,0.5,1015.38,1016.9,1017.3,1016.1,13.0,1.59,8.0,0.4,1.0,3.0,5.5,3.2,31.0,2.4,6.0,0.5,76.9,81.4,84.5,81.7,6.0,5.4,10.0,0.7,-27.4,-17.2,-8.5,-20.6,32.0,17.0,6.0,0.5,-41.8,-25.6,-14.7,-32.3,32.0,25.1,6.0,0.5,-0.63,0.5,1.11,0.13,32.0,1.15,6.0,0.5,-4.1,2.7,5.5,0.6,32.0,9.2,6.0,0.5,3.72,4.35,4.52,4.18,6.0,0.52,10.0,0.7,14.6,29.6,36.5,27.1,6.0,11.1,10.0,0.7,-101.6,-72.8,-50.3,-77.5,32.0,34.0,6.0,0.5,-160.8,-109.7,-74.9,-118.0,32.0,50.3,6.0,0.5,-79.3,-60.9,-49.9,-61.5,6.0,19.4,10.0,0.7,-113.1,-83.1,-35.2,-75.6,6.0,38.7,10.0,0.7,,,,,,,,,,,,,,,,,,,,,,,,,,,,,,,,
1891,8,22700,-23.5,22.4,,,,,,,,,,,,,,,,,,,,,,,,,,,,,,,,,4.6,6.7,9.3,5.88,47.0,2.19,6.0,0.6,-6.58,-3.75,-1.8,-4.06,47.0,2.24,6.0,0.6,-5.55,-3.81,-2.4,-3.92,47.0,1.62,6.0,0.6,1016.37,1017.6,1018.06,1017.42,19.0,0.88,2.0,0.6,,,,,,,,,,,,,,,,,,,,,,,,,,,,,,,,,,,,,,,,,,,,,,,,,,,,,,,,,,,,,,,,,,,,,,,,,,,,,,,,,,,,,,,,,,,,,,,,,,,,,,,,,,,,,,,,,,,,,,,,,,,,,,,,
1891,8,22700,-23.5,48.5,16.3,17.9,18.3,17.51,30.0,0.95,12.0,0.5,15.63,17.2,18.89,17.27,27.0,1.54,12.0,0.5,9.78,10.14,10.49,10.14,2.0,0.74,14.0,0.0,82.0,86.5,91.1,86.5,2.0,9.4,14.0,0.0,1.0,4.6,9.3,5.58,32.0,3.66,12.0,0.4,0.0,0.79,4.62,2.08,32.0,3.03,12.0,0.4,-4.92,-2.74,4.61,-1.19,32.0,5.52,12.0,0.4,1014.21,1022.4,1027.8,1021.34,17.0,6.53,12.0,0.4,3.0,6.0,8.0,5.4,32.0,2.4,12.0,0.4,82.0,86.5,91.1,86.5,2.0,9.4,14.0,0.0,0.0,3.5,40.6,18.6,32.0,33.0,12.0,0.4,-41.6,-12.8,22.0,-3.1,32.0,54.2,12.0,0.4,-1.0,0.0,1.87,0.22,27.0,1.6,12.0,0.5,-11.9,0.0,7.8,-0.9,27.0,9.5,12.0,0.5,2.43,2.79,3.15,2.79,2.0,0.75,14.0,0.0,2.4,2.8,3.1,2.8,2.0,0.7,14.0,0.0,0.0,9.7,56.0,29.3,27.0,48.2,12.0,0.5,-106.3,-68.8,82.8,-22.1,27.0,107.1,12.0,0.5,5.6,5.7,5.9,5.7,2.0,0.3,14.0,0.0,-8.7,-8.4,-8.0,-8.4,2.0,0.7,14.0,0.0,,,,,,,,,,,,,,,,,,,,,,,,,,,,,,,,
1891,8,22700,-23.5,50.4,15.0,16.0,16.7,15.88,21.0,0.93,18.0,0.5,14.34,16.1,17.29,16.08,19.0,1.62,16.0,0.5,11.43,11.44,11.45,11.44,2.0,0.02,24.0,1.0,100.0,100.0,100.0,100.0,2.0,0.0,24.0,1.0,4.63,9.55,12.3,8.5,20.0,3.88,18.0,0.5,2.35,6.44,9.09,6.1,20.0,3.94,18.0,0.5,-6.92,-0.77,3.67,-1.41,20.0,5.87,18.0,0.5,997.96,1005.8,1008.04,1003.7,6.0,5.41,24.0,0.7,3.2,4.0,8.0,5.1,21.0,1.9,18.0,0.5,100.0,100.0,100.0,100.0,2.0,0.0,24.0,1.0,16.9,51.7,107.0,63.9,20.0,52.5,18.0,0.5,-67.5,-0.8,36.0,-12.6,20.0,68.3,18.0,0.5,-1.19,0.0,1.0,-0.21,19.0,1.12,16.0,0.5,-5.8,0.0,9.3,0.7,18.0,9.1,18.0,0.5,0.0,0.0,0.0,0.0,2.0,0.0,24.0,1.0,0.0,0.0,0.0,0.0,2.0,0.0,24.0,1.0,28.8,103.6,158.7,97.5,18.0,65.7,18.0,0.5,-106.4,-13.7,61.9,-16.8,18.0,93.7,18.0,0.5,72.5,73.6,74.8,73.6,2.0,2.4,24.0,1.0,34.0,50.7,67.5,50.7,2.0,34.7,24.0,1.0,,,,,,,,,,,,,,,,,,,,,,,,,,,,,,,,
1891,8,22700,-23.5,56.6,,,,,,,,,,,,,,,,,,,,,,,,,,,,,,,,,6.7,6.7,6.7,6.7,1.0,0.0,24.0,0.0,6.6,6.6,6.6,6.6,1.0,0.0,24.0,0.0,-1.16,-1.16,-1.16,-1.16,1.0,0.0,24.0,0.0,1003.4,1003.4,1003.4,1003.4,1.0,0.0,24.0,0.0,,,,,,,,,,,,,,,,,,,,,,,,,,,,,,,,,,,,,,,,,,,,,,,,,,,,,,,,,,,,,,,,,,,,,,,,,,,,,,,,,,,,,,,,,,,,,,,,,,,,,,,,,,,,,,,,,,,,,,,,,,,,,,,,
1891,8,22700,-23.399999999999977,0.5,,,,,,,,,,,,,,,,,,,,,,,,,,,,,,,,,6.7,6.7,9.8,7.95,34.0,2.34,16.0,0.4,-6.58,-4.74,-2.77,-4.79,34.0,2.21,16.0,0.4,3.75,5.48,8.62,5.92,34.0,2.46,16.0,0.4,1014.36,1016.55,1017.19,1016.14,14.0,1.4,14.0,0.4,,,,,,,,,,,,,,,,,,,,,,,,,,,,,,,,,,,,,,,,,,,,,,,,,,,,,,,,,,,,,,,,,,,,,,,,,,,,,,,,,,,,,,,,,,,,,,,,,,,,,,,,,,,,,,,,,,,,,,,,,,,,,,,,
1891,8,22700,-23.399999999999977,2.4,,,,,,,,,,,,,,,,,,,,,,,,,,,,,,,,,4.6,6.7,6.87,6.38,51.0,1.93,18.0,0.6,-4.74,-2.57,-1.72,-3.2,51.0,1.77,18.0,0.6,3.81,5.55,6.58,5.2,51.0,2.0,18.0,0.6,1013.36,1016.2,1016.8,1015.36,19.0,1.99,14.0,0.6,,,,,,,,,,,,,,,,,,,,,,,,,,,,,,,,,,,,,,,,,,,,,,,,,,,,,,,,,,,,,,,,,,,,,,,,,,,,,,,,,,,,,,,,,,,,,,,,,,,,,,,,,,,,,,,,,,,,,,,,,,,,,,,,
1891,8,22700,-23.399999999999977,6.5,,,,,,,,,,,,,,,,,,,,,,,,,,,,,,,,,6.1,6.7,9.8,7.51,37.0,2.18,12.0,0.5,-0.37,0.0,5.85,2.02,37.0,3.24,12.0,0.5,4.6,6.58,8.64,6.62,37.0,1.75,12.0,0.5,1013.03,1014.05,1015.9,1014.33,10.0,1.53,22.0,0.5,,,,,,,,,,,,,,,,,,,,,,,,,,,,,,,,,,,,,,,,,,,,,,,,,,,,,,,,,,,,,,,,,,,,,,,,,,,,,,,,,,,,,,,,,,,,,,,,,,,,,,,,,,,,,,,,,,,,,,,,,,,,,,,,
1891,8,22700,-23.399999999999977,8.4,,,,,,,,,,,,,,,,,,,,,,,,,,,,,,,,,4.6,6.7,9.8,7.34,46.0,2.67,10.0,0.5,0.14,3.78,6.58,4.08,46.0,2.95,10.0,0.5,3.29,5.55,7.96,5.56,46.0,2.23,10.0,0.5,1011.44,1013.5,1015.7,1013.2,23.0,2.57,10.0,0.4,,,,,,,,,,,,,,,,,,,,,,,,,,,,,,,,,,,,,,,,,,,,,,,,,,,,,,,,,,,,,,,,,,,,,,,,,,,,,,,,,,,,,,,,,,,,,,,,,,,,,,,,,,,,,,,,,,,,,,,,,,,,,,,,
1891,8,22700,-23.399999999999977,14.5,26.39,26.7,27.2,26.78,19.0,0.48,18.0,0.7,25.97,26.7,27.03,26.53,19.0,1.01,18.0,0.7,18.8,19.4,20.0,19.38,7.0,0.52,22.0,0.6,88.7,89.3,93.2,90.2,7.0,3.1,22.0,0.6,1.0,2.6,4.6,2.95,17.0,2.15,18.0,0.7,-2.02,0.47,3.61,0.51,17.0,2.65,18.0,0.7,-2.7,0.88,2.0,-0.24,17.0,2.55,18.0,0.7,1013.08,1013.7,1014.61,1013.68,11.0,1.03,18.0,0.5,0.0,5.0,8.0,4.1,19.0,3.3,18.0,0.7,88.7,89.3,93.2,90.2,7.0,3.1,22.0,0.6,-7.3,0.5,16.6,2.6,17.0,14.7,18.0,0.7,-12.4,0.9,7.1,-2.5,17.0,13.1,18.0,0.7,-0.23,0.0,0.7,0.26,19.0,0.84,18.0,0.7,-1.1,0.0,2.3,1.0,17.0,4.4,18.0,0.7,2.34,3.14,3.27,2.91,7.0,0.66,22.0,0.6,2.3,3.2,11.6,6.7,7.0,7.1,22.0,0.6,-55.1,12.4,92.0,12.2,17.0,69.3,18.0,0.7,-75.8,23.5,51.1,-7.6,17.0,66.8,18.0,0.7,8.4,9.1,87.4,34.4,7.0,47.0,22.0,0.6,17.0,17.7,33.6,23.7,7.0,11.1,22.0,0.6,,,,,,,,,,,,,,,,,,,,,,,,,,,,,,,,
1891,8,22700,-23.399999999999977,26.5,,,,,,,,,,,,,,,,,,,,,,,,,,,,,,,,,2.6,6.7,6.7,5.48,27.0,1.82,18.0,0.6,-6.03,-3.25,-1.02,-3.17,27.0,2.16,18.0,0.6,-6.13,-4.27,-2.39,-3.96,27.0,1.77,18.0,0.6,1017.2,1019.25,1021.0,1018.99,12.0,1.98,12.0,0.5,,,,,,,,,,,,,,,,,,,,,,,,,,,,,,,,,,,,,,,,,,,,,,,,,,,,,,,,,,,,,,,,,,,,,,,,,,,,,,,,,,,,,,,,,,,,,,,,,,,,,,,,,,,,,,,,,,,,,,,,,,,,,,,,
1891,8,22700,-23.399999999999977,28.4,,,,,,,,,,,,,,,,,,,,,,,,,,,,,,,,,2.6,4.6,4.6,3.76,19.0,1.23,22.0,0.5,-4.23,-2.39,-0.82,-2.31,19.0,1.53,22.0,0.5,-3.39,-2.55,1.13,-1.84,19.0,2.22,22.0,0.5,1020.95,1021.3,1022.8,1021.74,5.0,0.99,8.0,0.6,,,,,,,,,,,,,,,,,,,,,,,,,,,,,,,,,,,,,,,,,,,,,,,,,,,,,,,,,,,,,,,,,,,,,,,,,,,,,,,,,,,,,,,,,,,,,,,,,,,,,,,,,,,,,,,,,,,,,,,,,,,,,,,,
1891,8,22700,-23.399999999999977,40.6,,,,,,,,,,,,,,,,,,,,,,,,,,,,,,,,,2.6,9.3,9.3,6.62,5.0,3.67,24.0,0.6,0.29,6.58,6.58,3.83,5.0,4.05,24.0,0.6,-6.58,-6.58,0.05,-3.77,5.0,3.97,24.0,0.6,1025.02,1026.35,1027.68,1026.35,2.0,2.76,18.0,0.0,,,,,,,,,,,,,,,,,,,,,,,,,,,,,,,,,,,,,,,,,,,,,,,,,,,,,,,,,,,,,,,,,,,,,,,,,,,,,,,,,,,,,,,,,,,,,,,,,,,,,,,,,,,,,,,,,,,,,,,,,,,,,,,,
1891,8,22700,-23.399999999999977,42.4,,,,,,,,,,,,,,,,,,,,,,,,,,,,,,,,,4.6,4.6,6.82,5.87,7.0,1.81,30.0,0.4,3.1,4.27,6.79,4.69,7.0,2.78,30.0,0.4,-3.32,-2.51,1.81,-1.08,7.0,2.96,30.0,0.4,1020.43,1022.0,1023.05,1021.75,4.0,2.06,30.0,0.5,,,,,,,,,,,,,,,,,,,,,,,,,,,,,,,,,,,,,,,,,,,,,,,,,,,,,,,,,,,,,,,,,,,,,,,,,,,,,,,,,,,,,,,,,,,,,,,,,,,,,,,,,,,,,,,,,,,,,,,,,,,,,,,,
1891,8,22700,-23.399999999999977,44.3,,,,,,,,,,,,,,,,,,,,,,,,,,,,,,,,,4.83,6.7,9.01,7.2,8.0,2.53,18.0,0.5,4.32,4.74,6.37,5.79,8.0,2.73,18.0,0.5,1.72,4.74,4.74,3.62,8.0,2.21,18.0,0.5,1026.76,1027.3,1028.29,1027.46,5.0,1.04,12.0,0.6,,,,,,,,,,,,,,,,,,,,,,,,,,,,,,,,,,,,,,,,,,,,,,,,,,,,,,,,,,,,,,,,,,,,,,,,,,,,,,,,,,,,,,,,,,,,,,,,,,,,,,,,,,,,,,,,,,,,,,,,,,,,,,,,
1891,8,22700,-23.399999999999977,50.3,,,,,,,,,,,,,,,,,,,,,,,,,,,,,,,,,,,,,,,,,,,,,,,,,,,,,,,,,,,,,,,,,,,,,,,,,,,,,,,,,,,,,,,,,,,,,,,,,,,,,,,,,,,,,,,,,,,,,,,,,,,,,,,,,,,,,,,,,,,,,,,,,,,,,,,,,,,,,,,,,0.0,0.0,0.0,0.0,2.0,0.0,24.0,1.0,0.0,0.0,0.0,0.0,2.0,0.0,24.0,1.0,100.5,873.0,1861.0,961.5,20.0,941.0,18.0,0.5,100.0,875.0,1860.0,960.0,20.0,940.0,18.0,0.5
1891,8,22700,-23.30000000000001,14.5,,,,,,,,,,,,,,,,,,,,,,,,,,,,,,,,,,,,,,,,,,,,,,,,,,,,,,,,,,,,,,,,,,,,,,,,,,,,,,,,,,,,,,,,,,,,,,,,,,,,,,,,,,,,,,,,,,,,,,,,,,,,,,,,,,,,,,,,,,,,,,,,,,,,,,,,,,,,,,,,,0.9,1.5,10.8,5.1,7.0,7.4,22.0,0.6,2.1,3.1,4.2,3.6,7.0,1.9,22.0,0.6,1.0,17.5,97.5,67.5,17.0,97.5,18.0,0.7,0.0,20.0,95.0,65.0,17.0,95.0,18.0,0.7
1891,8,22700,-23.30000000000001,46.1,,,,,,,,,,,,,,,,,,,,,,,,,,,,,,,,,1.0,2.6,5.74,3.62,48.0,3.69,8.0,0.6,-1.4,0.0,2.81,0.83,48.0,3.86,8.0,0.6,-2.41,0.0,2.48,0.36,48.0,3.36,8.0,0.6,1018.08,1026.0,1029.92,1024.79,33.0,5.33,8.0,0.5,,,,,,,,,,,,,,,,,,,,,,,,,,,,,,,,,,,,,,,,,,,,,,,,,,,,,,,,,,,,,,,,,,,,,,,,,,,,,,,,,,,,,,,,,,,,,,,,,,,,,,,,,,,,,,,,,,,,,,,,,,,,,,,,
1891,8,22700,-23.30000000000001,58.6,,,,,,,,,,,,,,,,,,,,,,,,,,,,,,,,,7.11,8.0,8.89,8.0,2.0,1.84,22.0,0.5,-1.58,-0.46,0.65,-0.46,2.0,2.3,22.0,0.5,6.99,7.83,8.67,7.83,2.0,1.74,22.0,0.5,1009.37,1011.25,1013.13,1011.25,2.0,3.89,22.0,0.5,,,,,,,,,,,,,,,,,,,,,,,,,,,,,,,,,,,,,,,,,,,,,,,,,,,,,,,,,,,,,,,,,,,,,,,,,,,,,,,,,,,,,,,,,,,,,,,,,,,,,,,,,,,,,,,,,,,,,,,,,,,,,,,,
1891,8,22700,-23.19999999999999,-29.5,,,,,,,,,,,,,,,,,,,,,,,,,,,,,,,,,12.3,12.3,12.3,12.3,2.0,0.0,4.0,0.5,-10.97,-10.05,-9.13,-10.05,2.0,1.91,4.0,0.5,-8.05,-6.65,-5.26,-6.65,2.0,2.89,4.0,0.5,1023.34,1023.85,1024.36,1023.85,2.0,1.06,4.0,0.5,,,,,,,,,,,,,,,,,,,,,,,,,,,,,,,,,,,,,,,,,,,,,,,,,,,,,,,,,,,,,,,,,,,,,,,,,,,,,,,,,,,,,,,,,,,,,,,,,,,,,,,,,,,,,,,,,,,,,,,,,,,,,,,,
1891,8,22700,-23.19999999999999,-1.3,,,,,,,,,,,,,,,,,,,,,,,,,,,,,,,,,4.6,6.7,6.7,6.34,18.0,2.1,12.0,0.5,-5.18,-4.74,-2.59,-4.25,18.0,1.75,12.0,0.5,3.25,4.74,6.18,4.58,18.0,1.63,12.0,0.5,1014.18,1015.75,1016.61,1015.58,16.0,1.25,10.0,0.5,,,,,,,,,,,,,,,,,,,,,,,,,,,,,,,,,,,,,,,,,,,,,,,,,,,,,,,,,,,,,,,,,,,,,,,,,,,,,,,,,,,,,,,,,,,,,,,,,,,,,,,,,,,,,,,,,,,,,,,,,,,,,,,,
1891,8,22700,-23.19999999999999,20.2,,,,,,,,,,,,,,,,,,,,,,,,,,,,,,,,,,,,,,,,,,,,,,,,,,,,,,,,,,,,,,,,,,,,,,,,,,,,,,,,,,,,,,,,,,,,,,,,,,,,,,,,,,,,,,,,,,,,,,,,,,,,,,,,,,,,,,,,,,,,,,,,,,,,,,,,,,,,,,,,,-20.8,-17.2,-12.1,-16.9,6.0,5.0,10.0,0.7,-30.0,-24.1,-8.2,-20.9,6.0,10.7,10.0,0.7,97.5,199.0,301.0,287.5,32.0,358.0,6.0,0.5,95.0,200.0,300.0,290.0,32.0,360.0,6.0,0.5
1891,8,22700,-23.19999999999999,24.3,,,,,,,,,,,,,,,,,,,,,,,,,,,,,,,,,2.6,6.7,6.7,5.68,37.0,1.94,8.0,0.4,-6.58,-4.27,-1.81,-4.19,37.0,2.01,8.0,0.4,-5.55,-3.25,-1.81,-3.4,37.0,1.73,8.0,0.4,1015.9,1016.7,1017.67,1016.97,19.0,1.52,6.0,0.5,,,,,,,,,,,,,,,,,,,,,,,,,,,,,,,,,,,,,,,,,,,,,,,,,,,,,,,,,,,,,,,,,,,,,,,,,,,,,,,,,,,,,,,,,,,,,,,,,,,,,,,,,,,,,,,,,,,,,,,,,,,,,,,,
1891,8,22700,-23.19999999999999,52.4,,,,,,,,,,,,,,,,,,,,,,,,,,,,,,,,,4.36,10.8,15.4,10.44,10.0,5.18,16.0,0.6,0.0,5.25,9.29,5.04,10.0,5.31,16.0,0.6,-5.79,-1.3,14.92,2.68,10.0,9.14,16.0,0.6,1004.63,1005.0,1005.37,1005.0,5.0,0.71,18.0,0.6,,,,,,,,,,,,,,,,,,,,,,,,,,,,,,,,,,,,,,,,,,,,,,,,,,,,,,,,,,,,,,,,,,,,,,,,,,,,,,,,,,,,,,,,,,,,,,,,,,,,,,,,,,,,,,,,,,,,,,,,,,,,,,,,
1891,8,22700,-23.0,54.0,,,,,,,,,,,,,,,,,,,,,,,,,,,,,,,,,4.6,4.6,7.81,6.17,3.0,2.71,22.0,0.0,-1.18,0.0,4.49,1.62,3.0,4.38,22.0,0.0,-5.95,-4.6,-4.37,-5.15,3.0,1.25,22.0,0.0,1003.0,1003.0,1003.0,1003.0,3.0,0.0,22.0,0.0,,,,,,,,,,,,,,,,,,,,,,,,,,,,,,,,,,,,,,,,,,,,,,,,,,,,,,,,,,,,,,,,,,,,,,,,,,,,,,,,,,,,,,,,,,,,,,,,,,,,,,,,,,,,,,,,,,,,,,,,,,,,,,,,
1891,8,22700,-21.80000000000001,16.5,,,,,,,,,,,,,,,,,,,,,,,,,,,,,,,,,,,,,,,,,,,,,,,,,,,,,,,,,,,,,,,,,,,,,,,,,,,,,,,,,,,,,,,,,,,,,,,,,,,,,,,,,,,,,,,,,,,,,,,,,,,,,,,,,,,,,,,,,,,,,,,,,,,,,,,,,,,,,,,,,-3.3,-2.2,-0.2,-1.8,6.0,1.7,24.0,0.5,-8.4,-3.5,0.6,-4.2,6.0,5.7,24.0,0.5,17.5,17.5,301.0,135.5,21.0,194.5,16.0,0.4,20.0,20.0,300.0,135.0,21.0,195.0,16.0,0.4
1891,8,22700,-21.69999999999999,-29.7,,,,,,,,,,,,,,,,,,,,,,,,,,,,,,,,,12.3,12.3,12.3,12.3,2.0,0.0,6.0,0.0,-8.7,-8.7,-8.7,-8.7,2.0,0.0,6.0,0.0,-8.7,-8.7,-8.7,-8.7,2.0,0.0,6.0,0.0,1022.93,1023.65,1024.37,1023.65,2.0,1.48,6.0,0.0,,,,,,,,,,,,,,,,,,,,,,,,,,,,,,,,,,,,,,,,,,,,,,,,,,,,,,,,,,,,,,,,,,,,,,,,,,,,,,,,,,,,,,,,,,,,,,,,,,,,,,,,,,,,,,,,,,,,,,,,,,,,,,,,
1891,8,22700,-21.69999999999999,16.5,25.67,26.4,27.2,26.48,21.0,0.71,16.0,0.4,25.4,26.7,27.2,26.54,20.0,1.04,18.0,0.4,18.94,19.36,19.92,19.43,6.0,0.5,24.0,0.5,88.3,91.2,94.5,91.5,6.0,3.9,24.0,0.5,2.6,2.6,6.7,4.05,21.0,2.33,16.0,0.4,-3.25,-1.84,-0.84,-1.9,21.0,1.45,16.0,0.4,-4.36,-1.02,2.31,-0.84,21.0,4.0,16.0,0.4,1013.8,1014.1,1015.08,1014.35,13.0,0.97,16.0,0.5,0.0,2.0,5.0,2.7,21.0,2.4,16.0,0.4,88.3,91.2,94.5,91.5,6.0,3.9,24.0,0.5,-16.5,-5.5,-1.0,-9.2,21.0,11.4,16.0,0.4,-20.1,-2.6,6.0,-4.5,21.0,27.3,16.0,0.4,-1.09,0.0,0.6,-0.04,20.0,0.89,18.0,0.4,-2.8,0.0,2.8,0.3,20.0,2.9,18.0,0.4,1.97,2.56,3.08,2.53,6.0,0.53,24.0,0.5,2.0,5.2,9.0,5.8,6.0,4.4,24.0,0.5,-83.1,-41.6,-20.7,-46.0,20.0,33.3,18.0,0.4,-88.4,-28.8,66.7,-12.4,20.0,99.7,18.0,0.4,-20.1,-19.3,-0.7,-12.1,6.0,12.4,24.0,0.5,-55.2,-21.3,5.5,-26.8,6.0,41.6,24.0,0.5,,,,,,,,,,,,,,,,,,,,,,,,,,,,,,,,
1891,8,22700,-21.600000000000023,24.4,,,,,,,,,,,,,,,,,,,,,,,,,,,,,,,,,4.63,6.7,6.7,6.87,20.0,1.89,4.0,0.5,-5.47,-3.5,-2.62,-3.88,20.0,1.65,4.0,0.5,-6.17,-5.55,-3.82,-5.54,20.0,1.53,4.0,0.5,1018.97,1019.7,1019.8,1019.4,4.0,0.74,6.0,0.3,,,,,,,,,,,,,,,,,,,,,,,,,,,,,,,,,,,,,,,,,,,,,,,,,,,,,,,,,,,,,,,,,,,,,,,,,,,,,,,,,,,,,,,,,,,,,,,,,,,,,,,,,,,,,,,,,,,,,,,,,,,,,,,,
1891,8,22700,-21.600000000000023,56.7,,,,,,,,,,,,,,,,,,,,,,,,,,,,,,,,,4.93,5.65,6.37,5.65,2.0,1.48,24.0,1.0,4.22,5.18,6.15,5.18,2.0,2.0,24.0,1.0,-0.56,0.74,2.04,0.74,2.0,2.69,24.0,1.0,1003.7,1004.35,1005.0,1004.35,2.0,1.34,24.0,1.0,,,,,,,,,,,,,,,,,,,,,,,,,,,,,,,,,,,,,,,,,,,,,,,,,,,,,,,,,,,,,,,,,,,,,,,,,,,,,,,,,,,,,,,,,,,,,,,,,,,,,,,,,,,,,,,,,,,,,,,,,,,,,,,,
1891,8,22700,-21.5,0.4,,,,,,,,,,,,,,,,,,,,,,,,,,,,,,,,,4.6,6.7,6.7,6.55,15.0,2.07,10.0,0.5,-5.39,-3.25,-2.62,-3.71,15.0,1.4,10.0,0.5,3.25,4.74,6.17,5.17,15.0,2.2,10.0,0.5,1014.83,1015.5,1017.12,1015.99,9.0,1.41,10.0,0.6,,,,,,,,,,,,,,,,,,,,,,,,,,,,,,,,,,,,,,,,,,,,,,,,,,,,,,,,,,,,,,,,,,,,,,,,,,,,,,,,,,,,,,,,,,,,,,,,,,,,,,,,,,,,,,,,,,,,,,,,,,,,,,,,
1891,8,22700,-21.5,2.5,,,,,,,,,,,,,,,,,,,,,,,,,,,,,,,,,4.6,6.7,9.8,7.16,32.0,2.58,14.0,0.3,-4.86,-2.51,-1.26,-2.91,32.0,1.65,14.0,0.3,4.26,6.21,8.16,6.42,32.0,2.36,14.0,0.3,1014.47,1015.95,1017.12,1015.79,16.0,1.64,14.0,0.3,,,,,,,,,,,,,,,,,,,,,,,,,,,,,,,,,,,,,,,,,,,,,,,,,,,,,,,,,,,,,,,,,,,,,,,,,,,,,,,,,,,,,,,,,,,,,,,,,,,,,,,,,,,,,,,,,,,,,,,,,,,,,,,,
1891,8,22700,-21.5,6.4,,,,,,,,,,,,,,,,,,,,,,,,,,,,,,,,,6.7,9.3,11.79,8.68,59.0,2.34,12.0,0.5,0.0,1.87,6.21,2.78,59.0,2.51,12.0,0.5,6.21,8.62,9.62,7.92,59.0,2.06,12.0,0.5,1012.8,1013.2,1014.28,1013.18,21.0,1.43,14.0,0.6,,,,,,,,,,,,,,,,,,,,,,,,,,,,,,,,,,,,,,,,,,,,,,,,,,,,,,,,,,,,,,,,,,,,,,,,,,,,,,,,,,,,,,,,,,,,,,,,,,,,,,,,,,,,,,,,,,,,,,,,,,,,,,,,
1891,8,22700,-21.5,12.5,,,,,,,,,,,,,,,,,,,,,,,,,,,,,,,,,4.6,4.6,4.6,4.6,1.0,0.0,14.0,0.0,0.0,0.0,0.0,0.0,1.0,0.0,14.0,0.0,-4.6,-4.6,-4.6,-4.6,1.0,0.0,14.0,0.0,1010.9,1010.9,1010.9,1010.9,1.0,0.0,14.0,0.0,,,,,,,,,,,,,,,,,,,,,,,,,,,,,,,,,,,,,,,,,,,,,,,,,,,,,,,,,,,,,,,,,,,,,,,,,,,,,,,,,,,,,,,,,,,,,,,,,,,,,,,,,,,,,,,,,,,,,,,,,,,,,,,,
1891,8,22700,-21.5,14.3,,,,,,,,,,,,,,,,,,,,,,,,,,,,,,,,,1.0,1.0,4.6,2.08,10.0,1.74,14.0,0.4,-0.69,-0.37,1.19,-0.34,10.0,1.77,14.0,0.4,-0.93,-0.93,0.21,-0.52,10.0,2.07,14.0,0.4,1012.3,1012.7,1013.27,1012.66,9.0,0.75,12.0,0.4,,,,,,,,,,,,,,,,,,,,,,,,,,,,,,,,,,,,,,,,,,,,,,,,,,,,,,,,,,,,,,,,,,,,,,,,,,,,,,,,,,,,,,,,,,,,,,,,,,,,,,,,,,,,,,,,,,,,,,,,,,,,,,,,
1891,8,22700,-21.5,18.4,24.5,25.6,26.7,25.69,23.0,1.12,16.0,0.6,24.9,26.0,27.2,25.9,23.0,1.21,16.0,0.6,19.17,19.42,19.72,19.48,8.0,0.54,22.0,0.4,86.4,90.4,94.2,90.2,8.0,4.9,22.0,0.4,1.79,2.6,6.7,4.33,23.0,3.65,16.0,0.6,-4.04,-1.87,-0.65,-2.23,23.0,1.57,16.0,0.6,-5.45,-1.84,0.0,-3.06,23.0,3.95,16.0,0.6,1013.24,1014.4,1015.69,1014.44,16.0,1.15,16.0,0.4,2.0,3.0,5.0,3.4,23.0,2.0,16.0,0.6,86.4,90.4,94.2,90.2,8.0,4.9,22.0,0.4,-26.3,-6.3,-1.9,-14.2,23.0,19.3,16.0,0.6,-32.2,-4.8,0.0,-24.8,23.0,47.1,16.0,0.6,-0.5,0.0,0.3,-0.21,23.0,0.75,16.0,0.6,-2.8,0.0,0.7,-0.3,23.0,3.6,16.0,0.6,1.35,2.63,3.21,2.48,8.0,1.14,22.0,0.4,0.0,4.4,12.9,6.0,8.0,6.4,22.0,0.4,-98.8,-50.6,-16.5,-57.2,23.0,40.3,16.0,0.6,-140.8,-50.6,0.0,-77.1,23.0,99.7,16.0,0.6,-36.3,-17.0,0.0,-19.6,8.0,20.0,22.0,0.4,-79.6,-29.7,0.0,-36.8,8.0,37.2,22.0,0.4,,,,,,,,,,,,,,,,,,,,,,,,,,,,,,,,
1891,8,22700,-21.5,18.5,,,,,,,,,,,,,,,,,,,,,,,,,,,,,,,,,,,,,,,,,,,,,,,,,,,,,,,,,,,,,,,,,,,,,,,,,,,,,,,,,,,,,,,,,,,,,,,,,,,,,,,,,,,,,,,,,,,,,,,,,,,,,,,,,,,,,,,,,,,,,,,,,,,,,,,,,,,,,,,,,-5.2,-2.2,0.0,-2.9,8.0,3.2,22.0,0.4,-11.8,-3.8,0.0,-5.3,8.0,5.6,22.0,0.4,9.0,17.5,301.0,300.5,23.0,623.5,16.0,0.6,10.0,20.0,300.0,300.0,23.0,625.0,16.0,0.6
1891,8,22700,-21.5,20.5,,,,,,,,,,,,,,,,,,,,,,,,,,,,,,,,,,,,,,,,,,,,,,,,,,,,,,,,,,,,,,,,,,,,,,,,,,,,,,,,,,,,,,,,,,,,,,,,,,,,,,,,,,,,,,,,,,,,,,,,,,,,,,,,,,,,,,,,,,,,,,,,,,,,,,,,,,,,,,,,,-18.9,-7.0,-4.6,-10.1,13.0,7.0,18.0,0.5,-28.2,-14.6,-9.1,-15.8,13.0,11.2,18.0,0.5,97.5,301.0,804.5,532.0,36.0,771.0,14.0,0.4,95.0,300.0,805.0,530.0,36.0,770.0,14.0,0.4
1891,8,22700,-21.5,40.4,,,,,,,,,,,,,,,,,,,,,,,,,,,,,,,,,1.0,4.6,8.78,4.3,8.0,3.6,20.0,0.4,-3.25,0.0,0.63,-1.46,8.0,2.63,20.0,0.4,-6.36,-3.25,0.63,-3.2,8.0,3.61,20.0,0.4,1025.64,1027.1,1027.64,1026.76,5.0,1.24,16.0,0.6,,,,,,,,,,,,,,,,,,,,,,,,,,,,,,,,,,,,,,,,,,,,,,,,,,,,,,,,,,,,,,,,,,,,,,,,,,,,,,,,,,,,,,,,,,,,,,,,,,,,,,,,,,,,,,,,,,,,,,,,,,,,,,,,
1891,8,22700,-21.5,42.5,,,,,,,,,,,,,,,,,,,,,,,,,,,,,,,,,12.3,12.3,12.3,12.3,1.0,0.0,30.0,0.0,8.7,8.7,8.7,8.7,1.0,0.0,30.0,0.0,8.7,8.7,8.7,8.7,1.0,0.0,30.0,0.0,1016.0,1016.0,1016.0,1016.0,1.0,0.0,30.0,0.0,,,,,,,,,,,,,,,,,,,,,,,,,,,,,,,,,,,,,,,,,,,,,,,,,,,,,,,,,,,,,,,,,,,,,,,,,,,,,,,,,,,,,,,,,,,,,,,,,,,,,,,,,,,,,,,,,,,,,,,,,,,,,,,,
1891,8,22700,-21.399999999999977,8.0,,,,,,,,,,,,,,,,,,,,,,,,,,,,,,,,,6.7,9.3,9.44,8.61,7.0,2.08,10.0,0.4,-0.17,0.0,4.7,1.08,7.0,3.4,10.0,0.4,6.69,6.7,9.4,7.99,7.0,1.86,10.0,0.4,1012.77,1014.9,1015.52,1013.87,7.0,2.72,10.0,0.4,,,,,,,,,,,,,,,,,,,,,,,,,,,,,,,,,,,,,,,,,,,,,,,,,,,,,,,,,,,,,,,,,,,,,,,,,,,,,,,,,,,,,,,,,,,,,,,,,,,,,,,,,,,,,,,,,,,,,,,,,,,,,,,,
1891,8,22700,-21.399999999999977,20.4,23.46,24.3,25.18,24.44,36.0,1.05,14.0,0.4,23.4,24.5,25.5,24.5,36.0,1.0,14.0,0.4,14.29,18.12,19.18,17.08,13.0,2.27,18.0,0.5,79.4,91.9,95.9,88.2,13.0,8.4,18.0,0.5,4.6,6.7,9.3,6.81,36.0,3.08,14.0,0.4,-5.2,-3.55,-1.79,-3.71,36.0,1.98,14.0,0.4,-8.43,-5.04,-2.88,-5.48,36.0,2.87,14.0,0.4,1013.94,1015.3,1016.3,1015.33,29.0,1.16,14.0,0.4,2.0,3.0,5.6,3.2,35.0,2.0,14.0,0.4,79.4,91.9,95.9,88.2,13.0,8.4,18.0,0.5,-48.4,-20.9,-7.9,-30.3,36.0,30.7,14.0,0.4,-78.4,-33.8,-12.0,-45.3,36.0,43.9,14.0,0.4,-1.44,0.1,1.03,-0.07,36.0,1.11,14.0,0.4,-10.6,0.3,6.8,-0.8,36.0,9.0,14.0,0.4,1.83,2.52,4.69,3.1,13.0,1.35,18.0,0.5,10.8,16.8,34.5,20.1,13.0,10.9,18.0,0.5,-124.2,-88.7,-43.2,-90.9,36.0,49.2,14.0,0.4,-200.1,-124.7,-72.6,-134.4,36.0,70.4,14.0,0.4,-69.3,-57.7,-43.9,-55.4,13.0,21.8,18.0,0.5,-109.4,-95.6,-76.5,-89.5,13.0,36.6,18.0,0.5,,,,,,,,,,,,,,,,,,,,,,,,,,,,,,,,
1891,8,22700,-21.399999999999977,26.4,,,,,,,,,,,,,,,,,,,,,,,,,,,,,,,,,4.6,6.7,9.3,6.61,31.0,1.82,6.0,0.5,-6.3,-4.74,-3.25,-4.56,31.0,1.76,6.0,0.5,-5.71,-4.74,-3.25,-4.55,31.0,1.57,6.0,0.5,1017.46,1018.4,1021.18,1018.76,11.0,1.66,4.0,0.5,,,,,,,,,,,,,,,,,,,,,,,,,,,,,,,,,,,,,,,,,,,,,,,,,,,,,,,,,,,,,,,,,,,,,,,,,,,,,,,,,,,,,,,,,,,,,,,,,,,,,,,,,,,,,,,,,,,,,,,,,,,,,,,,
1891,8,22700,-21.399999999999977,28.4,,,,,,,,,,,,,,,,,,,,,,,,,,,,,,,,,4.6,6.7,6.7,5.92,33.0,2.17,10.0,0.4,-6.21,-3.75,-1.89,-4.23,33.0,2.38,10.0,0.4,-6.16,-3.63,-1.73,-3.54,33.0,1.97,10.0,0.4,1018.0,1018.5,1022.33,1019.31,21.0,2.04,8.0,0.4,,,,,,,,,,,,,,,,,,,,,,,,,,,,,,,,,,,,,,,,,,,,,,,,,,,,,,,,,,,,,,,,,,,,,,,,,,,,,,,,,,,,,,,,,,,,,,,,,,,,,,,,,,,,,,,,,,,,,,,,,,,,,,,,
1891,8,22700,-21.399999999999977,44.5,,,,,,,,,,,,,,,,,,,,,,,,,,,,,,,,,5.87,9.3,19.0,11.49,9.0,5.95,22.0,0.7,4.89,8.62,13.44,8.92,9.0,3.88,22.0,0.7,2.2,3.48,13.44,6.2,9.0,6.01,22.0,0.7,1010.95,1023.0,1024.84,1018.89,7.0,6.91,20.0,0.6,,,,,,,,,,,,,,,,,,,,,,,,,,,,,,,,,,,,,,,,,,,,,,,,,,,,,,,,,,,,,,,,,,,,,,,,,,,,,,,,,,,,,,,,,,,,,,,,,,,,,,,,,,,,,,,,,,,,,,,,,,,,,,,,
1891,8,22700,-21.399999999999977,46.1,,,,,,,,,,,,,,,,,,,,,,,,,,,,,,,,,4.6,6.7,12.3,7.7,23.0,3.63,10.0,0.5,0.0,0.88,9.46,3.6,23.0,5.28,10.0,0.5,-2.89,4.52,6.7,3.53,23.0,4.54,10.0,0.5,1026.46,1031.0,1032.0,1029.36,11.0,4.65,6.0,0.5,,,,,,,,,,,,,,,,,,,,,,,,,,,,,,,,,,,,,,,,,,,,,,,,,,,,,,,,,,,,,,,,,,,,,,,,,,,,,,,,,,,,,,,,,,,,,,,,,,,,,,,,,,,,,,,,,,,,,,,,,,,,,,,,
1891,8,22700,-21.399999999999977,48.5,,,,,,,,,,,,,,,,,,,,,,,,,,,,,,,,,,,,,,,,,,,,,,,,,,,,,,,,,,,,,,,,,,,,,,,,,,,,,,,,,,,,,,,,,,,,,,,,,-1.0,0.6,1.7,0.4,35.0,1.28,12.0,0.5,-7.1,1.7,7.6,0.8,35.0,7.0,12.0,0.5,1.29,1.38,1.48,1.38,2.0,0.19,14.0,1.0,1.3,1.4,1.5,1.4,2.0,0.2,14.0,1.0,-7.9,28.9,82.1,37.6,35.0,45.1,12.0,0.5,-75.3,-47.8,22.2,-29.8,35.0,84.3,12.0,0.5,5.8,5.8,5.9,5.8,2.0,0.1,14.0,1.0,-9.0,-8.9,-8.9,-8.9,2.0,0.2,14.0,1.0,,,,,,,,,,,,,,,,,,,,,,,,,,,,,,,,
1891,8,22700,-21.399999999999977,48.6,17.0,17.8,18.3,17.55,39.0,0.92,12.0,0.5,16.1,16.9,18.3,17.15,35.0,1.17,12.0,0.5,10.56,10.66,10.75,10.66,2.0,0.2,14.0,1.0,79.7,82.2,84.7,82.2,2.0,5.1,14.0,1.0,1.56,4.6,9.3,5.37,41.0,3.39,12.0,0.5,-0.25,1.72,5.09,2.33,41.0,2.86,12.0,0.5,-5.78,-3.25,1.37,-2.24,41.0,4.71,12.0,0.5,1011.1,1018.1,1023.1,1017.79,20.0,6.22,16.0,0.5,3.0,6.0,6.0,5.0,41.0,2.1,12.0,0.5,79.7,82.2,84.7,82.2,2.0,5.1,14.0,1.0,-0.3,4.8,40.6,18.7,41.0,29.2,12.0,0.5,-38.9,-15.0,3.4,-13.4,41.0,47.9,12.0,0.5,,,,,,,,,,,,,,,,,,,,,,,,,,,,,,,,,,,,,,,,,,,,,,,,,,,,,,,,,,,,,,,,,,,,,,,,,,,,,,,,,,,,,,,,,,,,,,,,
1891,8,22700,-21.399999999999977,48.8,,,,,,,,,,,,,,,,,,,,,,,,,,,,,,,,,,,,,,,,,,,,,,,,,,,,,,,,,,,,,,,,,,,,,,,,,,,,,,,,,,,,,,,,,,,,,,,,,,,,,,,,,,,,,,,,,,,,,,,,,,,,,,,,,,,,,,,,,,,,,,,,,,,,,,,,,,,,,,,,,0.7,0.8,0.8,0.8,2.0,0.1,14.0,1.0,-1.2,-1.2,-1.1,-1.2,2.0,0.2,14.0,1.0,7.0,97.5,804.5,359.0,41.0,558.5,12.0,0.5,5.0,95.0,805.0,360.0,41.0,560.0,12.0,0.5
1891,8,22700,-21.399999999999977,50.3,,,,,,,,,,,,,,,,,,,,,,,,,,,,,,,,,,,,,,,,,,,,,,,,,,,,,,,,,,,,,,,,,,,,,,,,,,,,,,,,,,,,,,,,,,,,,,,,,,,,,,,,,,,,,,,,,,,,,,,,,,,,,,,,,,,,,,,,,,,,,,,,,,,,,,,,,,,,,,,,,0.0,0.0,0.0,0.0,1.0,0.0,24.0,1.0,0.0,0.0,0.0,0.0,1.0,0.0,24.0,1.0,97.5,941.0,1861.0,1284.5,15.0,1224.5,16.0,0.5,95.0,940.0,1860.0,1285.0,15.0,1225.0,16.0,0.5
1891,8,22700,-21.399999999999977,50.4,15.0,15.6,16.7,15.73,15.0,0.76,16.0,0.5,15.6,16.05,17.17,16.04,14.0,0.96,16.0,0.6,11.43,11.43,11.43,11.43,1.0,0.0,24.0,1.0,100.0,100.0,100.0,100.0,1.0,0.0,24.0,1.0,4.6,9.8,12.3,9.41,15.0,4.18,16.0,0.5,-1.31,8.7,11.93,6.96,15.0,6.53,16.0,0.5,-4.81,-1.72,2.94,-1.13,15.0,4.06,16.0,0.5,992.82,1000.05,1007.28,1000.05,4.0,8.35,24.0,0.8,3.0,4.0,7.0,4.8,15.0,2.0,16.0,0.5,100.0,100.0,100.0,100.0,1.0,0.0,24.0,1.0,-2.3,89.0,146.7,89.5,15.0,83.6,16.0,0.5,-54.3,-7.9,43.2,-7.0,15.0,46.6,16.0,0.5,-1.1,-0.25,0.94,-0.32,14.0,0.95,16.0,0.6,-13.3,-3.7,2.7,-3.9,14.0,8.2,16.0,0.6,0.0,0.0,0.0,0.0,1.0,0.0,24.0,1.0,0.0,0.0,0.0,0.0,1.0,0.0,24.0,1.0,-32.7,138.5,202.5,110.0,14.0,110.3,16.0,0.6,-76.4,-21.0,50.2,-12.7,14.0,65.3,16.0,0.6,72.0,72.0,72.0,72.0,1.0,0.0,24.0,1.0,26.2,26.2,26.2,26.2,1.0,0.0,24.0,1.0,,,,,,,,,,,,,,,,,,,,,,,,,,,,,,,,
1891,8,22700,-21.399999999999977,58.7,,,,,,,,,,,,,,,,,,,,,,,,,,,,,,,,,2.6,2.6,2.6,2.6,1.0,0.0,22.0,1.0,2.16,2.16,2.16,2.16,1.0,0.0,22.0,1.0,1.45,1.45,1.45,1.45,1.0,0.0,22.0,1.0,1019.2,1019.2,1019.2,1019.2,1.0,0.0,22.0,1.0,,,,,,,,,,,,,,,,,,,,,,,,,,,,,,,,,,,,,,,,,,,,,,,,,,,,,,,,,,,,,,,,,,,,,,,,,,,,,,,,,,,,,,,,,,,,,,,,,,,,,,,,,,,,,,,,,,,,,,,,,,,,,,,,
1891,8,22700,-21.30000000000001,4.3,,,,,,,,,,,,,,,,,,,,,,,,,,,,,,,,,4.6,6.7,9.8,6.93,50.0,2.18,16.0,0.5,-2.62,-1.28,0.0,-1.09,50.0,1.91,16.0,0.5,4.23,6.58,9.09,6.55,50.0,2.24,16.0,0.5,1013.39,1015.3,1016.9,1015.01,28.0,1.62,12.0,0.6,,,,,,,,,,,,,,,,,,,,,,,,,,,,,,,,,,,,,,,,,,,,,,,,,,,,,,,,,,,,,,,,,,,,,,,,,,,,,,,,,,,,,,,,,,,,,,,,,,,,,,,,,,,,,,,,,,,,,,,,,,,,,,,,
1891,8,22700,-21.30000000000001,30.3,,,,,,,,,,,,,,,,,,,,,,,,,,,,,,,,,4.6,4.6,9.26,6.11,20.0,3.11,16.0,0.7,-6.55,-2.57,-1.85,-4.23,20.0,3.28,16.0,0.7,-4.81,-3.81,-3.25,-4.09,20.0,1.34,16.0,0.7,1019.9,1022.0,1024.4,1022.03,9.0,2.28,10.0,0.9,,,,,,,,,,,,,,,,,,,,,,,,,,,,,,,,,,,,,,,,,,,,,,,,,,,,,,,,,,,,,,,,,,,,,,,,,,,,,,,,,,,,,,,,,,,,,,,,,,,,,,,,,,,,,,,,,,,,,,,,,,,,,,,,
1891,8,22700,-21.19999999999999,-31.6,,,,,,,,,,,,,,,,,,,,,,,,,,,,,,,,,12.3,12.3,12.3,12.3,3.0,0.0,6.0,1.0,-8.7,-8.7,-8.7,-8.7,3.0,0.0,6.0,1.0,-8.7,-8.7,-8.7,-8.7,3.0,0.0,6.0,1.0,1022.83,1023.1,1023.37,1023.1,2.0,0.57,6.0,1.0,,,,,,,,,,,,,,,,,,,,,,,,,,,,,,,,,,,,,,,,,,,,,,,,,,,,,,,,,,,,,,,,,,,,,,,,,,,,,,,,,,,,,,,,,,,,,,,,,,,,,,,,,,,,,,,,,,,,,,,,,,,,,,,,
1891,8,22700,-21.19999999999999,10.1,,,,,,,,,,,,,,,,,,,,,,,,,,,,,,,,,5.52,6.7,9.3,6.62,6.0,3.03,16.0,0.5,0.0,1.72,2.71,1.57,6.0,1.47,16.0,0.5,5.01,6.46,8.76,6.24,6.0,3.15,16.0,0.5,1012.2,1014.6,1015.77,1014.12,5.0,1.82,16.0,0.6,,,,,,,,,,,,,,,,,,,,,,,,,,,,,,,,,,,,,,,,,,,,,,,,,,,,,,,,,,,,,,,,,,,,,,,,,,,,,,,,,,,,,,,,,,,,,,,,,,,,,,,,,,,,,,,,,,,,,,,,,,,,,,,,
1891,8,22700,-21.19999999999999,22.3,23.16,23.8,24.56,23.82,25.0,0.72,10.0,0.5,23.1,24.25,25.62,24.44,26.0,1.37,10.0,0.5,14.13,15.33,18.33,15.87,10.0,2.07,14.0,0.5,76.1,80.2,89.2,82.5,10.0,8.0,14.0,0.5,4.6,6.7,9.8,7.5,26.0,2.45,10.0,0.5,-5.25,-3.49,-1.87,-3.72,26.0,1.87,10.0,0.5,-9.62,-6.19,-3.79,-5.93,26.0,3.17,10.0,0.5,1015.51,1016.3,1017.79,1016.46,17.0,1.5,12.0,0.6,2.0,2.5,6.0,3.2,26.0,2.2,10.0,0.5,76.1,80.2,89.2,82.5,10.0,8.0,14.0,0.5,-45.0,-20.1,-11.5,-29.7,26.0,24.3,10.0,0.5,-94.3,-41.5,-17.4,-50.8,26.0,38.5,10.0,0.5,-1.86,-0.5,1.0,-0.58,25.0,1.37,10.0,0.5,-13.2,-2.8,7.5,-3.1,25.0,10.1,10.0,0.5,1.32,2.7,4.27,2.7,10.0,1.47,14.0,0.5,8.2,13.6,41.2,22.3,10.0,16.6,14.0,0.5,-118.7,-84.2,-44.7,-90.8,26.0,46.2,10.0,0.5,-227.8,-155.7,-96.7,-144.3,26.0,76.9,10.0,0.5,-70.9,-59.9,-41.2,-56.4,10.0,23.9,14.0,0.5,-135.9,-110.1,-63.5,-98.9,10.0,49.7,14.0,0.5,-19.8,-5.0,-3.3,-10.0,10.0,8.3,14.0,0.5,-35.8,-9.7,-5.0,-18.2,10.0,16.7,14.0,0.5,97.5,301.0,941.0,560.5,26.0,552.5,10.0,0.5,95.0,300.0,940.0,560.0,26.0,550.0,10.0,0.5
1891,8,22700,-21.19999999999999,54.2,,,,,,,,,,,,,,,,,,,,,,,,,,,,,,,,,1.0,1.0,9.3,3.83,11.0,4.27,22.0,0.7,-0.37,0.39,6.58,2.23,11.0,4.3,22.0,0.7,-4.24,-0.93,-0.92,-2.16,11.0,2.3,22.0,0.7,985.75,992.5,998.51,991.83,12.0,6.09,22.0,0.8,,,,,,,,,,,,,,,,,,,,,,,,,,,,,,,,,,,,,,,,,,,,,,,,,,,,,,,,,,,,,,,,,,,,,,,,,,,,,,,,,,,,,,,,,,,,,,,,,,,,,,,,,,,,,,,,,,,,,,,,,,,,,,,,
1891,8,22700,-19.80000000000001,20.5,,,,,,,,,,,,,,,,,,,,,,,,,,,,,,,,,,,,,,,,,,,,,,,,,,,,,,,,,,,,,,,,,,,,,,,,,,,,,,,,,,,,,,,,,,,,,,,,,,,,,,,,,,,,,,,,,,,,,,,,,,,,,,,,,,,,,,,,,,,,,,,,,,,,,,,,,,,,,,,,,-11.7,-11.2,-10.7,-11.2,2.0,1.0,26.0,0.5,-26.2,-25.1,-24.0,-25.1,2.0,2.3,26.0,0.5,77.0,301.0,1861.0,668.5,12.0,746.5,20.0,0.4,75.0,300.0,1860.0,670.0,12.0,745.0,20.0,0.4
1891,8,22700,-19.69999999999999,20.6,23.9,24.95,25.56,24.77,10.0,0.72,18.0,0.3,23.84,24.2,24.81,24.21,13.0,0.66,20.0,0.5,17.33,17.53,17.66,17.48,6.0,0.35,24.0,0.8,89.0,90.3,93.7,90.7,6.0,3.0,24.0,0.8,4.09,6.7,12.3,7.46,12.0,3.46,20.0,0.4,-4.74,-3.2,-2.13,-3.22,12.0,1.15,20.0,0.4,-11.45,-5.83,-3.47,-6.55,12.0,3.64,20.0,0.4,1014.76,1015.1,1015.33,1015.03,7.0,0.58,22.0,0.9,1.9,4.0,5.2,3.8,13.0,2.0,20.0,0.5,89.0,90.3,93.7,90.7,6.0,3.0,24.0,0.8,-32.6,-25.7,-8.9,-25.3,12.0,15.5,20.0,0.4,-140.8,-39.1,-15.0,-60.3,12.0,54.7,20.0,0.4,0.0,0.55,1.44,0.63,10.0,0.69,18.0,0.3,1.0,4.4,10.1,5.3,9.0,4.9,18.0,0.2,2.5,2.76,2.77,2.64,3.0,0.22,26.0,0.7,26.2,27.5,28.7,27.5,2.0,2.6,26.0,0.5,-114.6,-78.0,-51.1,-78.1,12.0,29.1,20.0,0.4,-276.1,-141.5,-84.4,-158.1,12.0,86.5,20.0,0.4,-74.2,-58.9,-50.6,-61.9,5.0,17.3,24.0,0.8,-166.6,-102.3,-91.1,-124.5,5.0,48.8,24.0,0.8,,,,,,,,,,,,,,,,,,,,,,,,,,,,,,,,
1891,8,22700,-19.69999999999999,22.7,,,,,,,,,,,,,,,,,,,,,,,,,,,,,,,,,,,,,,,,,,,,,,,,,,,,,,,,,,,,,,,,,,,,,,,,,,,,,,,,,,,,,,,,,,,,,,,,,,,,,,,,,,,,,,,,,,,,,,,,,,,,,,,,,,,,,,,,,,,,,,,,,,,,,,,,,,,,,,,,,-8.0,-6.1,-2.9,-6.8,10.0,5.6,20.0,0.3,-14.6,-10.8,-8.1,-12.3,10.0,7.4,20.0,0.3,97.5,301.0,804.5,509.0,28.0,546.0,18.0,0.4,95.0,300.0,805.0,510.0,28.0,545.0,18.0,0.4
1891,8,22700,-19.600000000000023,22.6,22.98,23.8,24.14,23.65,25.0,0.65,16.0,0.4,23.13,23.8,24.21,23.63,28.0,0.78,18.0,0.4,13.66,16.52,17.1,15.87,13.0,1.62,22.0,0.2,77.3,90.8,94.3,87.2,13.0,8.4,22.0,0.2,4.6,6.7,9.3,7.04,28.0,2.75,18.0,0.4,-4.79,-3.15,-1.84,-3.12,28.0,1.61,18.0,0.4,-8.05,-5.92,-3.5,-6.12,28.0,2.74,18.0,0.4,1014.82,1015.8,1017.63,1015.97,21.0,1.23,18.0,0.2,1.3,2.0,7.1,3.3,28.0,2.6,18.0,0.4,77.3,90.8,94.3,87.2,13.0,8.4,22.0,0.2,-46.9,-21.1,-4.8,-24.3,28.0,18.0,18.0,0.4,-74.9,-39.6,-16.1,-50.1,28.0,39.6,18.0,0.4,-0.69,0.0,0.6,-0.01,25.0,0.97,16.0,0.4,-4.8,0.0,4.7,0.7,25.0,8.9,16.0,0.4,1.58,2.09,3.62,2.37,10.0,1.05,20.0,0.3,9.2,12.1,16.2,14.5,10.0,8.6,20.0,0.3,-111.3,-74.8,-44.5,-73.6,28.0,37.7,18.0,0.4,-187.8,-141.7,-82.5,-143.5,28.0,61.3,18.0,0.4,-70.5,-47.6,-26.9,-48.4,13.0,24.4,22.0,0.2,-133.1,-101.4,-57.2,-95.2,13.0,39.4,22.0,0.2,,,,,,,,,,,,,,,,,,,,,,,,,,,,,,,,
1891,8,22700,-19.5,-31.7,,,,,,,,,,,,,,,,,,,,,,,,,,,,,,,,,15.4,15.4,15.4,15.4,2.0,0.0,6.0,0.0,-6.02,-6.02,-6.02,-6.02,2.0,0.0,6.0,0.0,-14.18,-14.18,-14.18,-14.18,2.0,0.0,6.0,0.0,1023.7,1023.9,1024.1,1023.9,2.0,0.42,6.0,0.0,,,,,,,,,,,,,,,,,,,,,,,,,,,,,,,,,,,,,,,,,,,,,,,,,,,,,,,,,,,,,,,,,,,,,,,,,,,,,,,,,,,,,,,,,,,,,,,,,,,,,,,,,,,,,,,,,,,,,,,,,,,,,,,,
1891,8,22700,-19.5,4.6,,,,,,,,,,,,,,,,,,,,,,,,,,,,,,,,,5.46,8.0,9.8,8.0,54.0,2.25,14.0,0.4,-3.67,-1.87,0.0,-1.74,54.0,2.09,14.0,0.4,4.66,7.41,9.62,7.56,54.0,2.16,14.0,0.4,1013.61,1015.0,1016.68,1015.19,17.0,1.39,16.0,0.3,,,,,,,,,,,,,,,,,,,,,,,,,,,,,,,,,,,,,,,,,,,,,,,,,,,,,,,,,,,,,,,,,,,,,,,,,,,,,,,,,,,,,,,,,,,,,,,,,,,,,,,,,,,,,,,,,,,,,,,,,,,,,,,,
1891,8,22700,-19.5,6.2,,,,,,,,,,,,,,,,,,,,,,,,,,,,,,,,,4.6,6.7,9.8,7.63,48.0,2.39,12.0,0.4,-2.18,0.0,1.87,-0.1,48.0,2.16,12.0,0.4,4.6,6.7,9.62,7.34,48.0,2.33,12.0,0.4,1011.1,1014.65,1015.9,1013.89,24.0,2.41,14.0,0.4,,,,,,,,,,,,,,,,,,,,,,,,,,,,,,,,,,,,,,,,,,,,,,,,,,,,,,,,,,,,,,,,,,,,,,,,,,,,,,,,,,,,,,,,,,,,,,,,,,,,,,,,,,,,,,,,,,,,,,,,,,,,,,,,
1891,8,22700,-19.5,40.4,,,,,,,,,,,,,,,,,,,,,,,,,,,,,,,,,4.19,5.65,6.7,5.32,6.0,1.68,28.0,0.8,-4.74,-2.21,-1.64,-2.78,6.0,1.6,28.0,0.8,-5.03,-4.49,-3.85,-4.42,6.0,1.22,28.0,0.8,1027.92,1027.95,1027.98,1027.95,2.0,0.07,22.0,1.0,,,,,,,,,,,,,,,,,,,,,,,,,,,,,,,,,,,,,,,,,,,,,,,,,,,,,,,,,,,,,,,,,,,,,,,,,,,,,,,,,,,,,,,,,,,,,,,,,,,,,,,,,,,,,,,,,,,,,,,,,,,,,,,,
1891,8,22700,-19.5,44.7,,,,,,,,,,,,,,,,,,,,,,,,,,,,,,,,,6.7,8.0,13.68,10.12,6.0,4.89,14.0,0.3,4.51,6.21,12.69,8.3,6.0,5.28,14.0,0.3,-5.13,2.51,5.53,1.1,6.0,5.88,14.0,0.3,1010.79,1023.1,1023.57,1019.18,6.0,6.76,14.0,0.3,,,,,,,,,,,,,,,,,,,,,,,,,,,,,,,,,,,,,,,,,,,,,,,,,,,,,,,,,,,,,,,,,,,,,,,,,,,,,,,,,,,,,,,,,,,,,,,,,,,,,,,,,,,,,,,,,,,,,,,,,,,,,,,,
1891,8,22700,-19.5,48.7,,,,,,,,,,,,,,,,,,,,,,,,,,,,,,,,,3.17,6.7,12.3,6.55,28.0,3.75,12.0,0.5,0.28,3.75,4.7,3.68,28.0,3.2,12.0,0.5,-5.71,0.0,5.99,0.37,28.0,5.84,12.0,0.5,1009.26,1017.55,1022.59,1016.76,14.0,7.07,14.0,0.5,2.3,6.0,7.7,5.0,28.0,2.5,12.0,0.5,85.9,85.9,85.9,85.9,1.0,0.0,14.0,1.0,0.3,19.4,56.7,32.5,28.0,40.8,12.0,0.5,-35.6,0.0,40.2,7.7,28.0,59.0,12.0,0.5,-1.53,-0.45,0.07,-0.59,24.0,0.85,14.0,0.5,-10.8,-1.3,0.3,-4.2,24.0,6.5,14.0,0.5,0.89,0.89,0.89,0.89,1.0,0.0,14.0,1.0,0.9,0.9,0.9,0.9,1.0,0.0,14.0,1.0,23.0,64.4,86.7,58.4,24.0,36.9,14.0,0.5,-87.5,0.0,112.2,16.4,24.0,111.6,14.0,0.5,10.9,10.9,10.9,10.9,1.0,0.0,14.0,1.0,-2.5,-2.5,-2.5,-2.5,1.0,0.0,14.0,1.0,,,,,,,,,,,,,,,,,,,,,,,,,,,,,,,,
1891,8,22700,-19.5,50.4,14.17,15.1,16.1,15.16,17.0,1.12,18.0,0.5,13.92,15.0,16.1,15.17,15.0,1.5,18.0,0.5,10.27,10.28,10.29,10.28,2.0,0.01,24.0,0.0,90.2,90.2,90.2,90.2,2.0,0.0,24.0,0.0,5.64,9.8,15.4,11.75,15.0,5.87,16.0,0.5,0.98,9.8,13.71,8.06,15.0,7.0,16.0,0.5,-10.49,-1.72,3.71,-2.73,15.0,7.48,16.0,0.5,995.8,1004.3,1008.4,1002.61,7.0,6.42,24.0,0.3,3.5,6.0,8.0,5.9,17.0,1.9,18.0,0.5,90.2,90.2,90.2,90.2,2.0,0.0,24.0,0.0,6.3,96.0,207.1,129.5,15.0,139.0,16.0,0.5,-151.1,-7.9,34.4,-44.5,15.0,128.1,16.0,0.5,-1.08,-0.5,0.91,-0.19,15.0,1.07,18.0,0.5,-10.5,-1.3,6.8,-1.6,13.0,13.3,16.0,0.5,0.41,0.41,0.41,0.41,2.0,0.0,24.0,0.0,2.2,2.8,3.5,2.8,2.0,1.4,24.0,0.0,3.4,147.0,194.8,107.1,13.0,105.8,16.0,0.5,-122.3,-15.7,74.4,-12.1,13.0,96.9,16.0,0.5,8.6,16.4,24.2,16.4,2.0,16.1,24.0,0.0,47.3,66.8,86.3,66.8,2.0,40.4,24.0,0.0,,,,,,,,,,,,,,,,,,,,,,,,,,,,,,,,
1891,8,22700,-19.5,58.8,,,,,,,,,,,,,,,,,,,,,,,,,,,,,,,,,4.93,5.65,6.37,5.65,2.0,1.48,22.0,1.0,4.67,5.0,5.33,5.0,2.0,0.69,22.0,1.0,-3.37,-2.36,-1.35,-2.36,2.0,2.1,22.0,1.0,1022.81,1023.05,1023.29,1023.05,2.0,0.5,22.0,1.0,,,,,,,,,,,,,,,,,,,,,,,,,,,,,,,,,,,,,,,,,,,,,,,,,,,,,,,,,,,,,,,,,,,,,,,,,,,,,,,,,,,,,,,,,,,,,,,,,,,,,,,,,,,,,,,,,,,,,,,,,,,,,,,,
1891,8,22700,-19.399999999999977,24.4,23.19,23.5,24.2,23.55,26.0,0.68,16.0,0.5,23.11,23.5,24.0,23.63,27.0,0.48,16.0,0.6,13.83,15.83,17.15,15.71,18.0,1.45,18.0,0.6,79.0,88.8,94.8,87.2,18.0,7.8,18.0,0.6,,,,,,,,,,,,,,,,,,,,,,,,,,,,,,,,,2.0,3.5,6.0,3.6,26.0,1.9,16.0,0.6,79.0,88.8,94.8,87.2,18.0,7.8,18.0,0.6,-58.1,-22.4,-1.1,-30.1,27.0,31.9,16.0,0.6,-91.4,-38.9,-11.2,-49.9,27.0,41.7,16.0,0.6,-1.1,-0.05,0.7,-0.09,26.0,0.78,16.0,0.5,-4.8,-0.2,4.7,-0.6,26.0,5.4,16.0,0.5,1.53,2.17,4.04,2.56,17.0,1.16,18.0,0.6,7.5,12.1,30.0,17.8,17.0,14.7,18.0,0.6,,,,,,,,,,,,,,,,,,,,,,,,,,,,,,,,,-14.6,-6.2,0.1,-7.7,17.0,9.3,18.0,0.6,-25.4,-10.9,-5.9,-15.0,17.0,12.8,18.0,0.6,97.5,301.0,1727.5,577.0,27.0,670.5,16.0,0.6,95.0,300.0,1730.0,575.0,27.0,670.0,16.0,0.6
1891,8,22700,-19.399999999999977,30.4,,,,,,,,,,,,,,,,,,,,,,,,,,,,,,,,,2.6,6.7,9.3,5.95,24.0,2.76,6.0,0.4,-5.24,-3.37,-1.37,-3.4,24.0,2.31,6.0,0.4,-8.58,-3.81,-1.84,-4.43,24.0,2.57,6.0,0.4,1018.62,1019.85,1020.58,1019.71,14.0,1.32,6.0,0.3,,,,,,,,,,,,,,,,,,,,,,,,,,,,,,,,,,,,,,,,,,,,,,,,,,,,,,,,,,,,,,,,,,,,,,,,,,,,,,,,,,,,,,,,,,,,,,,,,,,,,,,,,,,,,,,,,,,,,,,,,,,,,,,,
1891,8,22700,-19.399999999999977,32.4,,,,,,,,,,,,,,,,,,,,,,,,,,,,,,,,,4.6,6.7,6.7,6.22,24.0,1.37,10.0,0.6,-6.17,-3.5,0.0,-3.35,24.0,2.77,10.0,0.6,-6.18,-4.6,-2.62,-4.33,24.0,1.78,10.0,0.6,1017.49,1022.8,1023.91,1021.39,15.0,2.78,8.0,0.5,,,,,,,,,,,,,,,,,,,,,,,,,,,,,,,,,,,,,,,,,,,,,,,,,,,,,,,,,,,,,,,,,,,,,,,,,,,,,,,,,,,,,,,,,,,,,,,,,,,,,,,,,,,,,,,,,,,,,,,,,,,,,,,,
1891,8,22700,-19.399999999999977,42.3,,,,,,,,,,,,,,,,,,,,,,,,,,,,,,,,,1.51,2.6,2.6,2.07,3.0,0.92,14.0,0.3,-1.03,0.71,1.48,0.24,3.0,1.88,14.0,0.3,-1.03,0.71,1.48,0.24,3.0,1.88,14.0,0.3,1028.02,1028.5,1028.5,1028.27,3.0,0.4,14.0,0.3,,,,,,,,,,,,,,,,,,,,,,,,,,,,,,,,,,,,,,,,,,,,,,,,,,,,,,,,,,,,,,,,,,,,,,,,,,,,,,,,,,,,,,,,,,,,,,,,,,,,,,,,,,,,,,,,,,,,,,,,,,,,,,,,
1891,8,22700,-19.399999999999977,48.7,16.48,17.0,18.01,17.1,26.0,0.95,12.0,0.5,16.72,17.7,18.8,17.7,24.0,1.34,14.0,0.5,11.15,11.15,11.15,11.15,1.0,0.0,14.0,1.0,85.9,85.9,85.9,85.9,1.0,0.0,14.0,1.0,,,,,,,,,,,,,,,,,,,,,,,,,,,,,,,,,,,,,,,,,,,,,,,,,,,,,,,,,,,,,,,,,,,,,,,,,,,,,,,,,,,,,,,,,,,,,,,,,,,,,,,,,,,,,,,,,,,,,,,,,,,,,,,,,,,,,,,,,,,,,,,,,,,,,,,,,,,,,,,,
1891,8,22700,-19.399999999999977,48.9,,,,,,,,,,,,,,,,,,,,,,,,,,,,,,,,,,,,,,,,,,,,,,,,,,,,,,,,,,,,,,,,,,,,,,,,,,,,,,,,,,,,,,,,,,,,,,,,,,,,,,,,,,,,,,,,,,,,,,,,,,,,,,,,,,,,,,,,,,,,,,,,,,,,,,,,,,,,,,,,,0.9,0.9,0.9,0.9,1.0,0.0,14.0,1.0,-0.2,-0.2,-0.2,-0.2,1.0,0.0,14.0,1.0,40.5,301.0,1861.0,560.5,28.0,719.5,12.0,0.5,40.0,300.0,1860.0,560.0,28.0,720.0,12.0,0.5
1891,8,22700,-19.30000000000001,2.3,,,,,,,,,,,,,,,,,,,,,,,,,,,,,,,,,6.7,9.3,9.3,8.04,15.0,2.13,8.0,0.5,-6.58,-3.63,-1.8,-3.57,15.0,2.27,8.0,0.5,6.17,6.58,8.56,6.95,15.0,1.82,8.0,0.5,1014.2,1015.15,1016.05,1015.1,12.0,0.99,6.0,0.5,,,,,,,,,,,,,,,,,,,,,,,,,,,,,,,,,,,,,,,,,,,,,,,,,,,,,,,,,,,,,,,,,,,,,,,,,,,,,,,,,,,,,,,,,,,,,,,,,,,,,,,,,,,,,,,,,,,,,,,,,,,,,,,,
1891,8,22700,-19.30000000000001,8.2,,,,,,,,,,,,,,,,,,,,,,,,,,,,,,,,,1.0,2.6,5.9,3.11,16.0,2.37,16.0,0.6,0.0,0.71,2.31,1.07,16.0,1.35,16.0,0.6,0.0,0.71,5.9,2.31,16.0,2.68,16.0,0.6,1014.2,1015.35,1016.41,1015.37,16.0,1.0,16.0,0.6,,,,,,,,,,,,,,,,,,,,,,,,,,,,,,,,,,,,,,,,,,,,,,,,,,,,,,,,,,,,,,,,,,,,,,,,,,,,,,,,,,,,,,,,,,,,,,,,,,,,,,,,,,,,,,,,,,,,,,,,,,,,,,,,
1891,8,22700,-19.30000000000001,24.4,,,,,,,,,,,,,,,,,,,,,,,,,,,,,,,,,4.6,6.7,11.92,7.05,27.0,3.25,16.0,0.6,-5.38,-3.63,-0.24,-3.27,27.0,2.66,16.0,0.6,-8.56,-5.8,-2.55,-5.9,27.0,2.78,16.0,0.6,1014.59,1016.05,1017.67,1016.33,24.0,1.64,16.0,0.6,,,,,,,,,,,,,,,,,,,,,,,,,,,,,,,,,,,,,,,,,,,,,,,,,,,,,,,,,,,,,,,,,-128.9,-85.4,-5.9,-77.3,27.0,62.4,16.0,0.6,-205.5,-135.2,-58.7,-139.7,27.0,65.9,16.0,0.6,-68.1,-59.9,0.2,-51.0,18.0,43.3,18.0,0.6,-139.3,-98.9,-37.8,-91.2,18.0,44.4,18.0,0.6,,,,,,,,,,,,,,,,,,,,,,,,,,,,,,,,
1891,8,22700,-19.30000000000001,26.3,,,,,,,,,,,,,,,,,,,,,,,,,,,,,,,,,7.94,10.8,12.3,10.15,4.0,2.7,10.0,0.0,-6.88,-6.17,-3.97,-5.46,4.0,2.01,10.0,0.0,-10.2,-8.86,-6.81,-8.52,4.0,2.01,10.0,0.0,1016.32,1017.0,1017.68,1017.0,2.0,1.41,12.0,0.0,,,,,,,,,,,,,,,,,,,,,,,,,,,,,,,,,,,,,,,,,,,,,,,,,,,,,,,,,,,,,,,,,-158.6,-138.8,-88.6,-124.3,4.0,46.8,10.0,0.0,-235.2,-199.4,-152.5,-194.1,4.0,48.5,10.0,0.0,-71.6,-59.7,-47.7,-59.7,2.0,24.7,12.0,0.0,-105.1,-102.8,-100.5,-102.8,2.0,4.8,12.0,0.0,,,,,,,,,,,,,,,,,,,,,,,,,,,,,,,,
1891,8,22700,-19.30000000000001,26.4,22.71,23.3,23.65,23.18,5.0,0.64,10.0,0.2,22.48,22.8,22.98,22.74,5.0,0.43,10.0,0.2,14.43,15.12,15.8,15.12,2.0,1.42,12.0,0.0,87.1,89.9,92.8,89.9,2.0,5.9,12.0,0.0,,,,,,,,,,,,,,,,,,,,,,,,,,,,,,,,,0.6,1.0,1.4,1.0,5.0,0.7,10.0,0.2,87.1,89.9,92.8,89.9,2.0,5.9,12.0,0.0,-84.6,-67.7,-33.4,-59.4,4.0,32.1,10.0,0.0,-125.4,-97.7,-55.0,-90.5,4.0,42.0,10.0,0.0,-0.22,0.3,1.21,0.44,5.0,0.81,10.0,0.2,1.0,7.5,13.3,7.1,4.0,7.1,10.0,0.0,1.74,2.6,3.45,2.6,2.0,1.77,12.0,0.0,13.2,22.4,31.6,22.4,2.0,19.0,12.0,0.0,,,,,,,,,,,,,,,,,,,,,,,,,,,,,,,,,,,,,,,,,,,,,,,,,,,,,,,,,,,,,,,,
1891,8,22700,-19.30000000000001,46.4,,,,,,,,,,,,,,,,,,,,,,,,,,,,,,,,,6.7,6.7,9.3,7.36,18.0,1.73,8.0,0.7,0.0,2.56,4.74,2.55,18.0,2.86,8.0,0.7,-4.64,6.39,7.28,4.01,18.0,5.3,8.0,0.7,1022.0,1029.5,1031.0,1027.01,12.0,4.1,8.0,0.6,,,,,,,,,,,,,,,,,,,,,,,,,,,,,,,,,,,,,,,,,,,,,,,,,,,,,,,,,,,,,,,,,,,,,,,,,,,,,,,,,,,,,,,,,,,,,,,,,,,,,,,,,,,,,,,,,,,,,,,,,,,,,,,,
1891,8,22700,-19.30000000000001,50.2,,,,,,,,,,,,,,,,,,,,,,,,,,,,,,,,,,,,,,,,,,,,,,,,,,,,,,,,,,,,,,,,,,,,,,,,,,,,,,,,,,,,,,,,,,,,,,,,,,,,,,,,,,,,,,,,,,,,,,,,,,,,,,,,,,,,,,,,,,,,,,,,,,,,,,,,,,,,,,,,,0.3,0.7,1.0,0.7,2.0,0.6,24.0,0.0,1.9,2.7,3.4,2.7,2.0,1.6,24.0,0.0,254.0,941.0,3652.5,2836.5,15.0,3751.0,16.0,0.5,255.0,940.0,3650.0,2835.0,15.0,3750.0,16.0,0.5
1891,8,22700,-19.30000000000001,54.1,,,,,,,,,,,,,,,,,,,,,,,,,,,,,,,,,2.6,6.7,12.14,7.03,14.0,3.92,24.0,0.4,-2.51,2.28,4.8,1.06,14.0,5.26,24.0,0.4,-8.56,-2.12,1.36,-2.69,14.0,5.65,24.0,0.4,985.0,991.0,994.41,990.33,6.0,4.59,20.0,0.3,,,,,,,,,,,,,,,,,,,,,,,,,,,,,,,,,,,,,,,,,,,,,,,,,,,,,,,,,,,,,,,,,,,,,,,,,,,,,,,,,,,,,,,,,,,,,,,,,,,,,,,,,,,,,,,,,,,,,,,,,,,,,,,,
1891,8,22700,-19.19999999999999,28.6,,,,,,,,,,,,,,,,,,,,,,,,,,,,,,,,,4.73,9.3,11.35,8.07,3.0,4.97,22.0,0.7,-10.45,-8.56,-3.41,-6.97,3.0,5.33,22.0,0.7,-4.43,-3.63,-2.79,-3.61,3.0,1.21,22.0,0.7,1018.72,1020.9,1021.1,1019.93,3.0,1.94,22.0,0.7,,,,,,,,,,,,,,,,,,,,,,,,,,,,,,,,,,,,,,,,,,,,,,,,,,,,,,,,,,,,,,,,,,,,,,,,,,,,,,,,,,,,,,,,,,,,,,,,,,,,,,,,,,,,,,,,,,,,,,,,,,,,,,,,
1891,8,22700,-19.100000000000023,34.3,,,,,,,,,,,,,,,,,,,,,,,,,,,,,,,,,2.95,6.7,6.7,5.42,21.0,1.66,12.0,0.5,-4.71,-2.62,-1.94,-2.93,21.0,1.27,12.0,0.5,-6.17,-4.74,-1.15,-4.16,21.0,2.18,12.0,0.5,1018.17,1020.9,1021.95,1020.43,12.0,1.97,8.0,0.5,,,,,,,,,,,,,,,,,,,,,,,,,,,,,,,,,,,,,,,,,,,,,,,,,,,,,,,,,,,,,,,,,,,,,,,,,,,,,,,,,,,,,,,,,,,,,,,,,,,,,,,,,,,,,,,,,,,,,,,,,,,,,,,,
1891,8,22700,-19.100000000000023,56.2,,,,,,,,,,,,,,,,,,,,,,,,,,,,,,,,,2.02,2.6,5.37,3.5,5.0,2.2,26.0,0.6,-2.08,-0.97,1.15,-0.38,5.0,2.48,26.0,0.6,-3.8,-1.84,0.35,-1.76,5.0,3.15,26.0,0.6,984.0,986.0,994.32,989.46,5.0,9.01,26.0,0.6,,,,,,,,,,,,,,,,,,,,,,,,,,,,,,,,,,,,,,,,,,,,,,,,,,,,,,,,,,,,,,,,,,,,,,,,,,,,,,,,,,,,,,,,,,,,,,,,,,,,,,,,,,,,,,,,,,,,,,,,,,,,,,,,
1891,8,22700,-19.0,26.1,,,,,,,,,,,,,,,,,,,,,,,,,,,,,,,,,,,,,,,,,,,,,,,,,,,,,,,,,,,,,,,,,,,,,,,,,,,,,,,,,,,,,,,,,,,,,,,,,,,,,,,,,,,,,,,,,,,,,,,,,,,,,,,,,,,,,,,,,,,,,,,,,,,,,,,,,,,,,,,,,-18.3,-12.3,-6.3,-12.3,2.0,12.4,12.0,0.0,-25.7,-18.6,-11.6,-18.6,2.0,14.6,12.0,0.0,540.5,1332.5,1861.0,1206.5,4.0,783.0,10.0,0.0,540.0,1335.0,1860.0,1205.0,4.0,785.0,10.0,0.0
1891,8,22700,-17.899999999999977,24.9,,,,,,,,,,,,,,,,,,,,,,,,,,,,,,,,,,,,,,,,,,,,,,,,,,,,,,,,,,,,,,,,,,,,,,,,,,,,,,,,,,,,,,,,,,,,,,,,,,,,,,,,,,,,,,,,,,,,,,,,,,,,,,,,,,,,,,,,,,,,,,,,,,,,,,,,,,,,,,,,,-10.2,-7.8,-5.3,-7.8,2.0,5.1,24.0,0.5,-10.0,-8.9,-7.8,-8.9,2.0,2.4,24.0,0.5,97.5,301.0,1453.0,588.5,29.0,660.0,14.0,0.6,95.0,300.0,1455.0,590.0,29.0,660.0,14.0,0.6
1891,8,22700,-17.69999999999999,-31.7,,,,,,,,,,,,,,,,,,,,,,,,,,,,,,,,,15.4,15.4,15.4,15.4,1.0,0.0,6.0,0.0,-6.02,-6.02,-6.02,-6.02,1.0,0.0,6.0,0.0,-14.18,-14.18,-14.18,-14.18,1.0,0.0,6.0,0.0,1023.0,1023.0,1023.0,1023.0,1.0,0.0,6.0,0.0,,,,,,,,,,,,,,,,,,,,,,,,,,,,,,,,,,,,,,,,,,,,,,,,,,,,,,,,,,,,,,,,,,,,,,,,,,,,,,,,,,,,,,,,,,,,,,,,,,,,,,,,,,,,,,,,,,,,,,,,,,,,,,,,
1891,8,22700,-17.69999999999999,20.5,,,,,,,,,,,,,,,,,,,,,,,,,,,,,,,,,5.5,6.7,9.8,7.21,10.0,1.97,16.0,0.5,-1.5,0.0,0.0,-1.17,10.0,2.9,16.0,0.5,-8.47,-6.7,-4.6,-6.54,10.0,2.03,16.0,0.5,1012.7,1012.7,1012.7,1012.7,1.0,0.0,18.0,1.0,,,,,,,,,,,,,,,,,,,,,,,,,,,,,,,,,,,,,,,,,,,,,,,,,,,,,,,,,,,,,,,,,,,,,,,,,,,,,,,,,,,,,,,,,,,,,,,,,,,,,,,,,,,,,,,,,,,,,,,,,,,,,,,,
1891,8,22700,-17.600000000000023,24.6,22.2,23.3,23.9,23.1,23.0,1.0,12.0,0.6,22.8,23.3,24.5,23.66,27.0,1.09,16.0,0.6,15.92,16.49,16.58,16.3,5.0,0.38,24.0,0.6,90.1,92.4,94.4,92.3,5.0,2.6,24.0,0.6,4.6,6.7,11.19,7.24,29.0,3.04,14.0,0.6,-4.81,-3.83,-1.13,-3.38,29.0,2.55,14.0,0.6,-9.02,-4.74,-4.07,-6.07,29.0,2.68,14.0,0.6,1014.78,1016.6,1017.71,1016.38,11.0,1.58,18.0,0.6,1.0,4.0,7.0,4.2,29.0,2.6,14.0,0.6,90.1,92.4,94.4,92.3,5.0,2.6,24.0,0.6,-51.5,-27.0,-5.9,-30.1,29.0,31.3,14.0,0.6,-91.0,-31.7,-18.7,-51.2,29.0,41.5,14.0,0.6,-2.2,-0.6,0.27,-0.76,21.0,1.13,12.0,0.5,-11.8,-5.9,1.7,-5.3,21.0,7.0,12.0,0.5,1.89,2.06,2.23,2.06,2.0,0.35,24.0,0.5,9.5,11.9,14.4,11.9,2.0,5.1,24.0,0.5,-114.8,-87.3,-25.0,-81.2,27.0,60.1,16.0,0.6,-205.7,-115.6,-94.8,-143.8,27.0,61.1,16.0,0.6,-159.5,-91.2,-63.6,-105.4,5.0,53.3,24.0,0.6,-144.5,-124.9,-70.5,-112.9,5.0,43.7,24.0,0.6,,,,,,,,,,,,,,,,,,,,,,,,,,,,,,,,
1891,8,22700,-17.5,2.5,,,,,,,,,,,,,,,,,,,,,,,,,,,,,,,,,6.7,6.7,11.02,8.08,10.0,2.37,8.0,0.4,-3.2,-2.51,-0.55,-2.11,10.0,1.51,8.0,0.4,6.21,6.58,10.14,7.68,10.0,2.3,8.0,0.4,1015.31,1016.3,1016.45,1015.88,5.0,1.03,2.0,0.4,,,,,,,,,,,,,,,,,,,,,,,,,,,,,,,,,,,,,,,,,,,,,,,,,,,,,,,,,,,,,,,,,,,,,,,,,,,,,,,,,,,,,,,,,,,,,,,,,,,,,,,,,,,,,,,,,,,,,,,,,,,,,,,,
1891,8,22700,-17.5,26.5,21.92,22.8,23.8,22.92,40.0,0.84,16.0,0.5,22.67,23.2,24.0,23.53,41.0,1.23,16.0,0.5,14.89,15.8,16.69,15.65,20.0,0.87,20.0,0.5,77.9,90.2,95.8,88.0,20.0,6.8,20.0,0.5,3.93,6.7,9.47,6.49,43.0,2.85,16.0,0.4,-4.7,-2.64,-1.13,-2.91,43.0,2.51,16.0,0.4,-8.56,-4.56,-2.55,-5.38,43.0,2.58,16.0,0.4,1014.65,1017.1,1018.39,1016.79,27.0,2.07,18.0,0.5,1.0,2.0,5.0,2.9,39.0,2.4,18.0,0.4,77.9,90.2,95.8,88.0,20.0,6.8,20.0,0.5,-41.7,-17.5,-2.9,-23.9,43.0,26.7,16.0,0.4,-79.6,-27.6,-10.1,-41.2,43.0,34.7,16.0,0.4,-1.79,-0.5,0.7,-0.63,37.0,1.3,16.0,0.5,-11.7,-3.5,2.7,-3.8,36.0,7.2,16.0,0.5,1.32,2.0,3.1,2.18,19.0,0.94,20.0,0.5,4.9,11.1,21.1,12.5,19.0,7.4,20.0,0.5,-105.1,-64.8,-27.5,-67.0,40.0,59.0,16.0,0.5,-197.3,-108.9,-62.1,-126.5,40.0,60.3,16.0,0.5,-57.9,-48.1,-21.9,-41.5,20.0,37.8,20.0,0.5,-97.6,-65.6,-39.4,-74.4,20.0,36.9,20.0,0.5,-10.9,-4.8,-2.1,-5.9,19.0,5.9,20.0,0.5,-16.7,-8.8,-4.0,-10.1,19.0,6.4,20.0,0.5,70.5,301.0,850.0,436.5,43.0,505.5,16.0,0.4,70.0,300.0,850.0,435.0,43.0,505.0,16.0,0.4
1891,8,22700,-17.5,32.3,,,,,,,,,,,,,,,,,,,,,,,,,,,,,,,,,6.7,9.3,12.3,9.13,15.0,2.34,4.0,0.3,-6.93,-4.74,-3.85,-5.41,15.0,1.78,4.0,0.3,-10.8,-6.93,-3.88,-6.88,15.0,3.07,4.0,0.3,1020.13,1020.6,1020.6,1020.4,5.0,0.28,2.0,0.6,,,,,,,,,,,,,,,,,,,,,,,,,,,,,,,,,,,,,,,,,,,,,,,,,,,,,,,,,,,,,,,,,,,,,,,,,,,,,,,,,,,,,,,,,,,,,,,,,,,,,,,,,,,,,,,,,,,,,,,,,,,,,,,,
1891,8,22700,-17.5,42.5,,,,,,,,,,,,,,,,,,,,,,,,,,,,,,,,,0.0,2.6,4.97,3.53,7.0,4.19,18.0,0.3,-1.84,0.0,4.52,1.39,7.0,4.4,18.0,0.3,-1.86,-1.8,0.33,-0.14,7.0,3.24,18.0,0.3,1024.85,1027.55,1028.8,1026.95,6.0,2.12,16.0,0.3,,,,,,,,,,,,,,,,,,,,,,,,,,,,,,,,,,,,,,,,,,,,,,,,,,,,,,,,,,,,,,,,,,,,,,,,,,,,,,,,,,,,,,,,,,,,,,,,,,,,,,,,,,,,,,,,,,,,,,,,,,,,,,,,
1891,8,22700,-17.5,48.6,,,,,,,,,,,,,,,,,,,,,,,,,,,,,,,,,,,,,,,,,,,,,,,,,,,,,,,,,,,,,,,,,,,,,,,,,,,,,,,,,,,,,,,,,,,,,,,,,,,,,,,,,,,,,,,,,,,,,,,,,,,,,,,,,0.0,42.2,106.5,61.1,25.0,65.0,16.0,0.5,-106.5,-52.8,82.2,-24.0,25.0,92.1,16.0,0.5,9.9,10.1,10.3,10.1,2.0,0.5,14.0,0.0,-2.4,-2.3,-2.3,-2.3,2.0,0.1,14.0,0.0,,,,,,,,,,,,,,,,,,,,,,,,,,,,,,,,
1891,8,22700,-17.5,48.7,15.56,16.7,17.2,16.48,27.0,0.81,16.0,0.4,15.18,17.0,18.1,16.99,25.0,1.37,16.0,0.5,10.15,10.38,10.61,10.38,2.0,0.48,14.0,0.0,89.6,91.8,94.0,91.8,2.0,4.5,14.0,0.0,2.6,6.7,12.3,6.82,31.0,3.75,14.0,0.5,0.0,3.25,7.73,4.13,31.0,4.06,14.0,0.5,-6.58,-2.41,4.61,-1.56,31.0,5.05,14.0,0.5,1006.4,1015.9,1023.27,1014.9,22.0,8.05,14.0,0.5,4.0,6.0,7.0,5.6,31.0,1.5,14.0,0.5,89.6,91.8,94.0,91.8,2.0,4.5,14.0,0.0,0.0,16.8,80.1,40.0,31.0,51.2,14.0,0.5,-48.7,-6.3,37.7,-9.2,31.0,47.7,14.0,0.5,-1.95,-0.3,0.65,-0.55,23.0,1.33,16.0,0.5,-7.8,-2.3,3.7,-1.6,23.0,6.0,16.0,0.5,1.25,1.28,1.3,1.28,2.0,0.05,14.0,0.0,1.3,1.3,1.3,1.3,2.0,0.1,14.0,0.0,,,,,,,,,,,,,,,,,,,,,,,,,,,,,,,,,,,,,,,,,,,,,,,,,,,,,,,,,,,,,,,,
1891,8,22700,-17.5,50.4,15.0,15.6,16.1,15.52,20.0,0.96,14.0,0.4,14.22,15.0,17.94,15.7,17.0,1.67,14.0,0.4,9.53,9.53,9.53,9.53,1.0,0.0,24.0,0.0,89.6,89.6,89.6,89.6,1.0,0.0,24.0,0.0,,,,,,,,,,,,,,,,,,,,,,,,,,,,,,,,,5.0,6.5,8.0,6.2,20.0,1.9,14.0,0.4,89.6,89.6,89.6,89.6,1.0,0.0,24.0,0.0,11.5,67.9,191.7,103.2,17.0,122.8,12.0,0.4,-41.0,16.8,86.2,30.7,17.0,100.4,12.0,0.4,,,,,,,,,,,,,,,,,,,,,,,,,,,,,,,,,,,,,,,,,,,,,,,,,,,,,,,,,,,,,,,,,,,,,,,,,,,,,,,,,,,,,,,,,,,,,,,,
1891,8,22700,-17.5,50.5,,,,,,,,,,,,,,,,,,,,,,,,,,,,,,,,,5.73,9.8,15.4,10.62,17.0,5.14,12.0,0.4,1.44,6.93,12.7,7.33,17.0,6.09,12.0,0.4,-5.12,2.35,8.28,1.75,17.0,6.99,12.0,0.4,994.67,1001.4,1020.47,1005.05,8.0,12.63,16.0,0.4,,,,,,,,,,,,,,,,,,,,,,,,,,,,,,,,,-1.38,0.0,1.05,-0.26,17.0,1.11,14.0,0.4,-10.4,-2.8,10.0,-2.4,15.0,10.5,12.0,0.3,1.12,1.12,1.12,1.12,1.0,0.0,24.0,0.0,10.4,10.4,10.4,10.4,1.0,0.0,24.0,0.0,14.0,110.6,164.2,93.6,15.0,75.4,12.0,0.3,-100.5,11.7,124.6,19.6,15.0,105.8,12.0,0.3,21.4,21.4,21.4,21.4,1.0,0.0,24.0,0.0,86.0,86.0,86.0,86.0,1.0,0.0,24.0,0.0,,,,,,,,,,,,,,,,,,,,,,,,,,,,,,,,
1891,8,22700,-17.399999999999977,36.3,,,,,,,,,,,,,,,,,,,,,,,,,,,,,,,,,4.6,6.7,6.7,5.62,31.0,1.3,10.0,0.5,-4.74,-2.62,0.0,-2.34,31.0,2.64,10.0,0.5,-6.18,-4.6,-2.43,-4.22,31.0,1.82,10.0,0.5,1020.1,1021.55,1022.5,1021.59,16.0,1.28,6.0,0.5,,,,,,,,,,,,,,,,,,,,,,,,,,,,,,,,,,,,,,,,,,,,,,,,,,,,,,,,,,,,,,,,,,,,,,,,,,,,,,,,,,,,,,,,,,,,,,,,,,,,,,,,,,,,,,,,,,,,,,,,,,,,,,,,
1891,8,22700,-17.399999999999977,46.4,,,,,,,,,,,,,,,,,,,,,,,,,,,,,,,,,5.3,6.7,14.37,8.81,22.0,3.75,8.0,0.4,2.28,4.28,11.82,5.69,22.0,4.52,8.0,0.4,-5.77,4.0,8.46,1.93,22.0,6.1,8.0,0.4,1009.22,1023.3,1026.78,1020.59,15.0,7.48,8.0,0.5,,,,,,,,,,,,,,,,,,,,,,,,,,,,,,,,,,,,,,,,,,,,,,,,,,,,,,,,,,,,,,,,,,,,,,,,,,,,,,,,,,,,,,,,,,,,,,,,,,,,,,,,,,,,,,,,,,,,,,,,,,,,,,,,
1891,8,22700,-17.399999999999977,48.9,,,,,,,,,,,,,,,,,,,,,,,,,,,,,,,,,,,,,,,,,,,,,,,,,,,,,,,,,,,,,,,,,,,,,,,,,,,,,,,,,,,,,,,,,,,,,,,,,,,,,,,,,,,,,,,,,,,,,,,,,,,,,,,,,,,,,,,,,,,,,,,,,,,,,,,,,,,,,,,,,1.2,1.2,1.3,1.2,2.0,0.1,14.0,0.0,-0.3,-0.3,-0.3,-0.3,2.0,0.0,14.0,0.0,17.5,301.0,1861.0,599.5,31.0,691.5,14.0,0.5,20.0,300.0,1860.0,600.0,31.0,690.0,14.0,0.5
1891,8,22700,-17.399999999999977,58.4,,,,,,,,,,,,,,,,,,,,,,,,,,,,,,,,,2.32,5.15,7.98,5.15,2.0,5.87,22.0,0.0,1.08,1.3,1.51,1.3,2.0,0.45,22.0,0.0,-7.74,-4.68,-1.63,-4.68,2.0,6.33,22.0,0.0,1018.9,1021.9,1021.97,1020.47,3.0,2.57,22.0,0.0,,,,,,,,,,,,,,,,,,,,,,,,,,,,,,,,,,,,,,,,,,,,,,,,,,,,,,,,,,,,,,,,,,,,,,,,,,,,,,,,,,,,,,,,,,,,,,,,,,,,,,,,,,,,,,,,,,,,,,,,,,,,,,,,
1891,8,22700,-17.30000000000001,4.2,,,,,,,,,,,,,,,,,,,,,,,,,,,,,,,,,6.7,6.7,9.3,7.6,26.0,2.19,8.0,0.5,-0.88,0.0,2.51,0.45,26.0,1.4,8.0,0.5,6.17,6.58,9.3,7.44,26.0,2.28,8.0,0.5,1013.3,1013.8,1014.49,1013.88,18.0,0.79,6.0,0.6,,,,,,,,,,,,,,,,,,,,,,,,,,,,,,,,,,,,,,,,,,,,,,,,,,,,,,,,,,,,,,,,,,,,,,,,,,,,,,,,,,,,,,,,,,,,,,,,,,,,,,,,,,,,,,,,,,,,,,,,,,,,,,,,
1891,8,22700,-17.30000000000001,8.4,,,,,,,,,,,,,,,,,,,,,,,,,,,,,,,,,3.46,4.6,6.7,5.19,10.0,2.44,18.0,0.7,0.0,1.39,3.48,1.87,10.0,2.27,18.0,0.7,3.19,4.42,6.7,4.55,10.0,1.96,18.0,0.7,1013.91,1014.9,1015.36,1014.68,5.0,0.91,18.0,0.6,,,,,,,,,,,,,,,,,,,,,,,,,,,,,,,,,,,,,,,,,,,,,,,,,,,,,,,,,,,,,,,,,,,,,,,,,,,,,,,,,,,,,,,,,,,,,,,,,,,,,,,,,,,,,,,,,,,,,,,,,,,,,,,,
1891,8,22700,-17.30000000000001,28.4,22.2,22.8,23.3,22.66,17.0,0.74,12.0,0.5,21.58,22.8,24.4,23.05,15.0,1.4,12.0,0.5,12.96,15.07,15.29,14.16,4.0,2.06,18.0,0.5,73.6,82.2,89.1,81.4,4.0,9.3,18.0,0.5,4.73,9.3,12.14,8.41,14.0,2.81,14.0,0.5,-5.55,-2.63,-1.33,-3.35,14.0,2.86,14.0,0.5,-9.21,-7.23,-4.25,-7.25,14.0,2.68,14.0,0.5,1016.13,1017.75,1018.58,1017.8,8.0,2.26,18.0,0.5,0.0,2.0,5.8,2.8,15.0,2.7,14.0,0.5,73.6,82.2,89.1,81.4,4.0,9.3,18.0,0.5,-58.6,-23.2,-8.5,-31.6,14.0,32.2,14.0,0.5,-105.6,-68.9,-21.0,-67.4,14.0,43.1,14.0,0.5,-1.78,-0.1,0.5,-0.51,15.0,1.23,12.0,0.5,-17.3,-0.9,3.6,-5.2,12.0,10.4,14.0,0.5,1.69,1.93,3.61,2.62,4.0,1.6,18.0,0.5,10.1,13.7,32.2,20.8,4.0,17.4,18.0,0.5,,,,,,,,,,,,,,,,,,,,,,,,,,,,,,,,,,,,,,,,,,,,,,,,,,,,,,,,,,,,,,,,
1891,8,22700,-17.30000000000001,30.3,,,,,,,,,,,,,,,,,,,,,,,,,,,,,,,,,4.6,8.0,12.3,7.75,12.0,3.55,18.0,0.5,-6.58,-2.46,-1.8,-3.4,12.0,2.96,18.0,0.5,-9.56,-6.46,-3.67,-6.49,12.0,3.29,18.0,0.5,1018.79,1022.5,1022.57,1020.76,5.0,3.15,26.0,0.2,,,,,,,,,,,,,,,,,,,,,,,,,,,,,,,,,,,,,,,,,,,,,,,,,,,,,,,,,,,,,,,,,,,,,,,,,,,,,,,,,,,,,,,,,,,,,,,,,,,,,,,,,,,,,,,,,,,,,,,,,,,,,,,,
1891,8,22700,-17.30000000000001,34.3,,,,,,,,,,,,,,,,,,,,,,,,,,,,,,,,,4.31,6.7,9.3,6.09,19.0,2.6,6.0,0.5,-6.58,-3.25,-1.84,-3.99,19.0,2.2,6.0,0.5,-6.58,-4.6,-1.84,-4.3,19.0,2.18,6.0,0.5,1018.69,1020.7,1021.93,1020.63,9.0,2.0,6.0,0.4,,,,,,,,,,,,,,,,,,,,,,,,,,,,,,,,,,,,,,,,,,,,,,,,,,,,,,,,,,,,,,,,,,,,,,,,,,,,,,,,,,,,,,,,,,,,,,,,,,,,,,,,,,,,,,,,,,,,,,,,,,,,,,,,
1891,8,22700,-17.30000000000001,50.2,,,,,,,,,,,,,,,,,,,,,,,,,,,,,,,,,,,,,,,,,,,,,,,,,,,,,,,,,,,,,,,,,,,,,,,,,,,,,,,,,,,,,,,,,,,,,,,,,,,,,,,,,,,,,,,,,,,,,,,,,,,,,,,,,,,,,,,,,,,,,,,,,,,,,,,,,,,,,,,,,2.5,2.5,2.5,2.5,1.0,0.0,24.0,0.0,10.1,10.1,10.1,10.1,1.0,0.0,24.0,0.0,207.0,941.0,3652.5,2078.5,17.0,2997.0,12.0,0.4,205.0,940.0,3650.0,2080.0,17.0,2995.0,12.0,0.4
1891,8,22700,-17.30000000000001,56.1,,,,,,,,,,,,,,,,,,,,,,,,,,,,,,,,,2.6,4.6,14.07,7.9,10.0,6.28,26.0,0.4,-11.32,-2.49,1.02,-4.73,10.0,6.28,26.0,0.4,-8.28,-3.76,-1.6,-4.35,10.0,4.85,26.0,0.4,989.86,993.0,995.0,994.47,10.0,6.79,26.0,0.4,,,,,,,,,,,,,,,,,,,,,,,,,,,,,,,,,,,,,,,,,,,,,,,,,,,,,,,,,,,,,,,,,,,,,,,,,,,,,,,,,,,,,,,,,,,,,,,,,,,,,,,,,,,,,,,,,,,,,,,,,,,,,,,,
1891,8,22700,-17.19999999999999,-33.2,,,,,,,,,,,,,,,,,,,,,,,,,,,,,,,,,13.28,15.4,15.4,14.37,3.0,1.79,6.0,1.0,-9.34,-6.02,-5.19,-7.24,3.0,3.22,6.0,1.0,-13.27,-11.32,-11.03,-12.13,3.0,1.79,6.0,1.0,1021.98,1022.8,1022.94,1022.47,3.0,0.76,6.0,1.0,,,,,,,,,,,,,,,,,,,,,,,,,,,,,,,,,,,,,,,,,,,,,,,,,,,,,,,,,,,,,,,,,,,,,,,,,,,,,,,,,,,,,,,,,,,,,,,,,,,,,,,,,,,,,,,,,,,,,,,,,,,,,,,,
1891,8,22700,-17.19999999999999,6.3,,,,,,,,,,,,,,,,,,,,,,,,,,,,,,,,,5.73,6.7,9.3,7.25,17.0,1.74,14.0,0.5,0.0,2.51,3.48,1.35,17.0,1.87,14.0,0.5,5.47,6.7,8.62,6.9,17.0,1.68,14.0,0.5,1012.49,1014.1,1015.0,1013.84,17.0,1.42,14.0,0.5,,,,,,,,,,,,,,,,,,,,,,,,,,,,,,,,,,,,,,,,,,,,,,,,,,,,,,,,,,,,,,,,,,,,,,,,,,,,,,,,,,,,,,,,,,,,,,,,,,,,,,,,,,,,,,,,,,,,,,,,,,,,,,,,
1891,8,22700,-17.19999999999999,28.3,,,,,,,,,,,,,,,,,,,,,,,,,,,,,,,,,,,,,,,,,,,,,,,,,,,,,,,,,,,,,,,,,,,,,,,,,,,,,,,,,,,,,,,,,,,,,,,,,,,,,,,,,,,,,,,,,,,,,,,,,,,,,,,,,-144.9,-78.2,-16.5,-82.0,12.0,75.3,14.0,0.5,-228.9,-178.6,-97.3,-171.1,12.0,63.6,14.0,0.5,-84.3,-61.2,-9.5,-47.5,4.0,48.4,18.0,0.5,-108.0,-79.6,-57.2,-82.4,4.0,29.6,18.0,0.5,,,,,,,,,,,,,,,,,,,,,,,,,,,,,,,,
1891,8,22700,-17.19999999999999,38.3,,,,,,,,,,,,,,,,,,,,,,,,,,,,,,,,,4.6,4.6,6.7,5.69,12.0,1.52,8.0,0.3,-3.31,-2.56,2.36,-1.24,12.0,3.05,8.0,0.3,-6.18,-4.25,-2.88,-4.56,12.0,1.99,8.0,0.3,1021.49,1022.0,1022.54,1022.06,5.0,0.76,4.0,0.2,,,,,,,,,,,,,,,,,,,,,,,,,,,,,,,,,,,,,,,,,,,,,,,,,,,,,,,,,,,,,,,,,,,,,,,,,,,,,,,,,,,,,,,,,,,,,,,,,,,,,,,,,,,,,,,,,,,,,,,,,,,,,,,,
1891,8,22700,-17.19999999999999,54.1,,,,,,,,,,,,,,,,,,,,,,,,,,,,,,,,,3.68,6.7,12.3,7.77,17.0,4.11,20.0,0.3,0.0,4.74,7.52,3.48,17.0,3.96,20.0,0.3,-9.94,-3.25,3.59,-3.37,17.0,6.36,20.0,0.3,996.48,997.5,998.0,997.25,4.0,0.96,18.0,0.5,,,,,,,,,,,,,,,,,,,,,,,,,,,,,,,,,,,,,,,,,,,,,,,,,,,,,,,,,,,,,,,,,,,,,,,,,,,,,,,,,,,,,,,,,,,,,,,,,,,,,,,,,,,,,,,,,,,,,,,,,,,,,,,,
1891,8,22700,-17.100000000000023,28.1,,,,,,,,,,,,,,,,,,,,,,,,,,,,,,,,,,,,,,,,,,,,,,,,,,,,,,,,,,,,,,,,,,,,,,,,,,,,,,,,,,,,,,,,,,,,,,,,,,,,,,,,,,,,,,,,,,,,,,,,,,,,,,,,,,,,,,,,,,,,,,,,,,,,,,,,,,,,,,,,,-9.3,-7.2,1.6,-4.0,4.0,8.3,18.0,0.5,-30.4,-10.6,-6.9,-18.3,4.0,18.6,18.0,0.5,110.0,804.5,1803.0,781.0,14.0,657.5,14.0,0.5,110.0,805.0,1805.0,780.0,14.0,660.0,14.0,0.5
1891,8,22700,-15.800000000000011,26.7,,,,,,,,,,,,,,,,,,,,,,,,,,,,,,,,,2.6,6.7,9.48,6.2,5.0,3.49,14.0,0.8,-2.57,0.0,0.31,-0.95,5.0,1.82,14.0,0.8,-9.01,-6.41,-2.55,-5.97,5.0,3.36,14.0,0.8,1014.24,1014.55,1014.86,1014.55,2.0,0.64,10.0,1.0,,,,,,,,,,,,,,,,,,,,,,,,,,,,,,,,,,,,,,,,,,,,,,,,,,,,,,,,,,,,,,,,,,,,,,,,,,,,,,,,,,,,,,,,,,,,,,,,,,,,,,,,,,,,,,,,,,,,,,,,,,,,,,,,
1891,8,22700,-15.800000000000011,28.7,,,,,,,,,,,,,,,,,,,,,,,,,,,,,,,,,,,,,,,,,,,,,,,,,,,,,,,,,,,,,,,,,,,,,,,,,,,,,,,,,,,,,,,,,,,,,,,,,,,,,,,,,,,,,,,,,,,,,,,,,,,,,,,,,,,,,,,,,,,,,,,,,,,,,,,,,,,,,,,,,-16.9,-4.1,-1.3,-6.2,13.0,8.2,16.0,0.1,-33.1,-7.1,-5.0,-16.2,13.0,14.6,16.0,0.1,17.5,199.0,941.0,517.0,30.0,624.0,16.0,0.2,20.0,200.0,940.0,515.0,30.0,625.0,16.0,0.2
1891,8,22700,-15.699999999999989,28.6,21.7,22.8,23.26,22.59,29.0,0.7,16.0,0.2,21.7,22.25,23.12,22.47,30.0,1.0,16.0,0.2,12.88,14.66,16.09,14.51,13.0,1.5,16.0,0.1,79.7,84.7,94.8,86.5,13.0,7.6,16.0,0.1,2.6,5.65,9.8,6.55,30.0,3.46,16.0,0.2,-4.76,-2.03,-0.24,-2.29,30.0,1.87,16.0,0.2,-9.62,-4.67,-2.34,-5.92,30.0,3.33,16.0,0.2,1016.85,1018.1,1020.03,1018.16,18.0,1.8,16.0,0.2,2.0,3.0,7.0,3.8,29.0,2.5,16.0,0.2,79.7,84.7,94.8,86.5,13.0,7.6,16.0,0.1,-44.8,-12.7,-1.3,-18.2,30.0,20.7,16.0,0.2,-94.3,-26.4,-6.1,-49.8,30.0,46.6,16.0,0.2,-1.1,0.5,1.27,0.12,29.0,1.32,16.0,0.2,-9.7,1.6,8.9,0.3,29.0,9.0,16.0,0.2,1.61,2.88,3.95,2.79,13.0,1.17,16.0,0.1,6.1,8.1,36.7,18.4,13.0,15.5,16.0,0.1,-102.6,-46.5,-5.5,-51.2,30.0,41.3,16.0,0.2,-219.3,-109.3,-54.1,-132.2,30.0,73.7,16.0,0.2,-55.9,-27.9,-15.0,-32.8,13.0,27.9,16.0,0.1,-106.5,-69.7,-32.6,-70.7,13.0,35.7,16.0,0.1,,,,,,,,,,,,,,,,,,,,,,,,,,,,,,,,
1891,8,22700,-15.600000000000025,50.1,,,,,,,,,,,,,,,,,,,,,,,,,,,,,,,,,,,,,,,,,,,,,,,,,,,,,,,,,,,,,,,,,,,,,,,,,,,,,,,,,,,,,,,,,,,,,,,,,,,,,,,,,,,,,,,,,,,,,,,,,,,,,,,,,,,,,,,,,,,,,,,,,,,,,,,,,,,,,,,,,4.7,4.7,4.7,4.7,1.0,0.0,24.0,1.0,2.8,2.8,2.8,2.8,1.0,0.0,24.0,1.0,239.5,941.0,2402.0,1559.5,18.0,1703.5,14.0,0.6,240.0,940.0,2400.0,1560.0,18.0,1705.0,14.0,0.6
1891,8,22700,-15.600000000000025,50.5,14.4,15.0,16.22,15.24,18.0,0.99,14.0,0.6,14.4,15.6,16.93,15.51,17.0,1.42,14.0,0.6,8.51,8.51,8.51,8.51,1.0,0.0,24.0,1.0,80.1,80.1,80.1,80.1,1.0,0.0,24.0,1.0,6.07,9.8,13.24,10.17,18.0,4.17,14.0,0.6,3.33,6.81,12.3,7.2,18.0,4.32,14.0,0.6,-5.61,1.92,8.8,1.85,18.0,7.04,14.0,0.6,993.06,995.9,1016.0,1001.73,6.0,12.93,18.0,0.7,,,,,,,,,,,,,,,,,,,,,,,,,,,,,,,,,-1.45,-0.25,0.0,-0.59,16.0,0.8,12.0,0.7,-13.6,-2.4,0.0,-5.9,16.0,7.9,12.0,0.7,2.12,2.12,2.12,2.12,1.0,0.0,24.0,1.0,5.5,5.5,5.5,5.5,1.0,0.0,24.0,1.0,42.6,114.9,169.6,104.2,16.0,64.0,12.0,0.7,-98.2,11.2,143.5,22.4,16.0,110.0,12.0,0.7,19.0,19.0,19.0,19.0,1.0,0.0,24.0,1.0,11.4,11.4,11.4,11.4,1.0,0.0,24.0,1.0,,,,,,,,,,,,,,,,,,,,,,,,,,,,,,,,
1891,8,22700,-15.5,4.5,,,,,,,,,,,,,,,,,,,,,,,,,,,,,,,,,9.3,9.3,9.3,9.3,1.0,0.0,14.0,1.0,3.48,3.48,3.48,3.48,1.0,0.0,14.0,1.0,8.62,8.62,8.62,8.62,1.0,0.0,14.0,1.0,1013.7,1013.7,1013.7,1013.7,1.0,0.0,14.0,1.0,,,,,,,,,,,,,,,,,,,,,,,,,,,,,,,,,,,,,,,,,,,,,,,,,,,,,,,,,,,,,,,,,,,,,,,,,,,,,,,,,,,,,,,,,,,,,,,,,,,,,,,,,,,,,,,,,,,,,,,,,,,,,,,,
1891,8,22700,-15.5,42.5,,,,,,,,,,,,,,,,,,,,,,,,,,,,,,,,,4.6,6.7,9.8,6.64,11.0,2.92,16.0,0.6,0.0,1.28,7.42,2.92,11.0,4.11,16.0,0.6,-5.42,-4.6,6.06,-1.52,11.0,5.3,16.0,0.6,1023.6,1023.6,1023.6,1023.6,1.0,0.0,24.0,1.0,,,,,,,,,,,,,,,,,,,,,,,,,,,,,,,,,,,,,,,,,,,,,,,,,,,,,,,,,,,,,,,,,,,,,,,,,,,,,,,,,,,,,,,,,,,,,,,,,,,,,,,,,,,,,,,,,,,,,,,,,,,,,,,,
1891,8,22700,-15.5,48.5,,,,,,,,,,,,,,,,,,,,,,,,,,,,,,,,,4.6,9.3,12.06,8.38,33.0,4.23,14.0,0.5,1.84,4.74,8.42,5.45,33.0,4.13,14.0,0.5,-6.58,-0.63,7.08,0.6,33.0,6.5,14.0,0.5,1005.48,1018.65,1024.0,1015.37,26.0,8.93,14.0,0.5,4.0,6.0,8.0,5.9,33.0,1.9,14.0,0.5,88.4,89.4,90.3,89.4,2.0,2.0,8.0,0.0,4.8,41.6,85.9,58.5,33.0,72.5,14.0,0.5,-59.9,-0.7,78.7,16.7,33.0,80.1,14.0,0.5,,,,,,,,,,,,,,,,,,,,,,,,,,,,,,,,,31.4,80.6,139.4,91.3,29.0,71.4,16.0,0.5,-97.3,-10.4,141.6,13.2,29.0,114.2,16.0,0.5,28.1,33.2,38.2,33.2,2.0,10.5,8.0,0.0,-15.5,-11.8,-8.1,-11.8,2.0,7.7,8.0,0.0,,,,,,,,,,,,,,,,,,,,,,,,,,,,,,,,
1891,8,22700,-15.5,48.6,,,,,,,,,,,,,,,,,,,,,,,,,,,,,,,,,,,,,,,,,,,,,,,,,,,,,,,,,,,,,,,,,,,,,,,,,,,,,,,,,,,,,,,,,,,,,,,,,-1.83,-0.5,0.47,-0.69,22.0,1.21,18.0,0.5,-22.6,-3.3,2.2,-7.1,22.0,11.3,18.0,0.5,1.18,1.33,1.47,1.33,2.0,0.31,8.0,0.0,3.6,5.0,6.4,5.0,2.0,3.0,8.0,0.0,,,,,,,,,,,,,,,,,,,,,,,,,,,,,,,,,,,,,,,,,,,,,,,,,,,,,,,,,,,,,,,,
1891,8,22700,-15.5,48.7,15.33,16.0,16.5,16.03,24.0,0.76,16.0,0.5,15.55,17.5,18.27,17.01,29.0,1.38,16.0,0.5,9.68,9.89,10.09,9.89,2.0,0.42,8.0,0.0,88.4,89.4,90.3,89.4,2.0,2.0,8.0,0.0,,,,,,,,,,,,,,,,,,,,,,,,,,,,,,,,,,,,,,,,,,,,,,,,,,,,,,,,,,,,,,,,,,,,,,,,,,,,,,,,,,,,,,,,,,,,,,,,,,,,,,,,,,,,,,,,,,,,,,,,,,,,,,,,,,,,,,,,,,,,,,,,,,,,,,,,,,,,,,,,
1891,8,22700,-15.5,48.9,,,,,,,,,,,,,,,,,,,,,,,,,,,,,,,,,,,,,,,,,,,,,,,,,,,,,,,,,,,,,,,,,,,,,,,,,,,,,,,,,,,,,,,,,,,,,,,,,,,,,,,,,,,,,,,,,,,,,,,,,,,,,,,,,,,,,,,,,,,,,,,,,,,,,,,,,,,,,,,,,3.4,4.7,5.9,4.7,2.0,2.6,8.0,0.0,-2.4,-1.7,-1.0,-1.7,2.0,1.5,8.0,0.0,97.5,804.5,1778.0,1074.5,33.0,1664.5,14.0,0.5,95.0,805.0,1780.0,1075.0,33.0,1665.0,14.0,0.5
1891,8,22700,-15.5,50.5,,,,,,,,,,,,,,,,,,,,,,,,,,,,,,,,,,,,,,,,,,,,,,,,,,,,,,,,,,,,,,,,,3.9,8.0,8.0,6.6,19.0,1.9,14.0,0.6,80.1,80.1,80.1,80.1,1.0,0.0,24.0,1.0,14.0,60.8,156.2,86.6,18.0,75.8,14.0,0.6,-38.5,10.1,94.3,26.9,18.0,93.6,14.0,0.6,,,,,,,,,,,,,,,,,,,,,,,,,,,,,,,,,,,,,,,,,,,,,,,,,,,,,,,,,,,,,,,,,,,,,,,,,,,,,,,,,,,,,,,,,,,,,,,,
1891,8,22700,-15.5,58.5,,,,,,,,,,,,,,,,,,,,,,,,,,,,,,,,,3.29,8.2,13.11,8.2,2.0,10.18,22.0,0.0,0.74,1.2,1.66,1.2,2.0,0.95,22.0,0.0,-12.99,-8.07,-3.14,-8.07,2.0,10.21,22.0,0.0,1018.45,1018.55,1018.65,1018.55,2.0,0.21,22.0,0.0,,,,,,,,,,,,,,,,,,,,,,,,,,,,,,,,,,,,,,,,,,,,,,,,,,,,,,,,,,,,,,,,,,,,,,,,,,,,,,,,,,,,,,,,,,,,,,,,,,,,,,,,,,,,,,,,,,,,,,,,,,,,,,,,
1891,8,22700,-15.399999999999975,-33.6,,,,,,,,,,,,,,,,,,,,,,,,,,,,,,,,,12.3,12.3,12.3,12.3,3.0,0.0,6.0,0.0,-4.81,-4.81,-4.81,-4.81,3.0,0.0,6.0,0.0,-11.32,-11.32,-11.32,-11.32,3.0,0.0,6.0,0.0,1020.87,1022.3,1022.64,1021.77,3.0,1.38,6.0,0.0,,,,,,,,,,,,,,,,,,,,,,,,,,,,,,,,,,,,,,,,,,,,,,,,,,,,,,,,,,,,,,,,,,,,,,,,,,,,,,,,,,,,,,,,,,,,,,,,,,,,,,,,,,,,,,,,,,,,,,,,,,,,,,,,
1891,8,22700,-15.399999999999975,30.4,,,,,,,,,,,,,,,,,,,,,,,,,,,,,,,,,,,,,,,,,,,,,,,,,,,,,,,,,,,,,,,,,,,,,,,,,,,,,,,,,,,,,,,,,,,,,,,,,,,,,,,,,,,,,,,,,,,,,,,,,,,,,,,,,,,,,,,,,,,,,,,,,,,,,,,,,,,,,,,,,-9.8,-3.4,-0.8,-4.8,20.0,4.5,18.0,0.6,-17.6,-6.5,-1.5,-8.7,20.0,8.0,18.0,0.6,1.0,97.5,804.5,310.0,51.0,405.0,20.0,0.6,0.0,95.0,805.0,310.0,51.0,405.0,20.0,0.6
1891,8,22700,-15.399999999999975,30.5,21.7,22.45,23.0,22.44,50.0,0.79,18.0,0.6,21.9,22.85,24.4,22.98,54.0,1.23,18.0,0.6,14.15,15.01,15.7,15.01,21.0,0.78,18.0,0.7,86.2,89.5,93.3,89.6,21.0,4.2,18.0,0.7,1.0,4.6,9.3,4.99,51.0,3.51,20.0,0.6,-3.84,-1.84,-0.15,-1.84,51.0,1.82,20.0,0.6,-8.29,-4.23,-0.39,-4.41,51.0,3.33,20.0,0.6,1017.0,1019.0,1020.31,1018.73,40.0,1.86,20.0,0.6,1.0,2.0,6.0,2.8,55.0,2.3,18.0,0.6,86.2,89.5,93.3,89.6,21.0,4.2,18.0,0.7,-27.7,-8.3,-0.4,-11.8,51.0,16.9,20.0,0.6,-77.1,-19.5,-0.4,-33.4,51.0,35.7,20.0,0.6,-1.52,-0.4,0.5,-0.48,50.0,1.2,18.0,0.6,-7.9,-0.4,3.5,-1.6,46.0,8.9,18.0,0.6,1.21,1.89,2.94,1.86,20.0,0.85,18.0,0.6,1.7,7.7,19.7,9.9,20.0,9.2,18.0,0.6,-89.5,-44.0,-2.7,-41.3,50.0,41.6,20.0,0.6,-187.5,-95.5,-9.6,-99.9,50.0,75.8,20.0,0.6,-60.7,-39.8,-11.3,-38.8,21.0,23.9,18.0,0.7,-112.1,-63.6,-32.1,-66.7,21.0,39.6,18.0,0.7,,,,,,,,,,,,,,,,,,,,,,,,,,,,,,,,
1891,8,22700,-15.399999999999975,34.5,21.42,21.7,21.7,21.56,5.0,0.26,14.0,0.0,20.7,21.7,22.8,21.68,5.0,1.19,14.0,0.0,13.34,13.34,13.34,13.34,1.0,0.0,30.0,0.0,86.2,86.2,86.2,86.2,1.0,0.0,30.0,0.0,5.2,9.8,9.8,7.74,5.0,3.17,14.0,0.0,-4.16,-3.83,-3.31,-3.73,5.0,0.83,14.0,0.0,-9.02,-9.02,-3.36,-6.55,5.0,3.63,14.0,0.0,1017.6,1017.6,1017.6,1017.6,1.0,0.0,30.0,0.0,1.0,1.0,3.7,2.2,5.0,1.8,14.0,0.0,86.2,86.2,86.2,86.2,1.0,0.0,30.0,0.0,-37.5,-37.5,-22.4,-30.1,5.0,13.6,14.0,0.0,-88.4,-88.4,-21.1,-59.9,5.0,40.4,14.0,0.0,-1.1,0.0,0.72,-0.12,5.0,0.98,14.0,0.0,-10.8,0.0,3.5,-2.6,5.0,8.0,14.0,0.0,2.65,2.65,2.65,2.65,1.0,0.0,30.0,0.0,6.9,6.9,6.9,6.9,1.0,0.0,30.0,0.0,-90.0,-87.3,-71.3,-80.7,5.0,17.2,14.0,0.0,-205.7,-195.8,-67.7,-144.5,5.0,83.6,14.0,0.0,-32.2,-32.2,-32.2,-32.2,1.0,0.0,30.0,0.0,-13.0,-13.0,-13.0,-13.0,1.0,0.0,30.0,0.0,,,,,,,,,,,,,,,,,,,,,,,,,,,,,,,,
1891,8,22700,-15.399999999999975,36.4,,,,,,,,,,,,,,,,,,,,,,,,,,,,,,,,,1.0,4.6,6.7,3.94,26.0,2.45,20.0,0.5,-3.75,-0.37,1.92,-0.45,26.0,2.76,20.0,0.5,-4.76,-1.79,1.8,-2.25,26.0,3.01,20.0,0.5,1020.63,1021.4,1022.71,1021.65,6.0,1.39,22.0,0.5,,,,,,,,,,,,,,,,,,,,,,,,,,,,,,,,,,,,,,,,,,,,,,,,,,,,,,,,,,,,,,,,,,,,,,,,,,,,,,,,,,,,,,,,,,,,,,,,,,,,,,,,,,,,,,,,,,,,,,,,,,,,,,,,
1891,8,22700,-15.399999999999975,46.5,,,,,,,,,,,,,,,,,,,,,,,,,,,,,,,,,4.6,9.3,9.8,7.87,21.0,3.25,10.0,0.6,3.25,3.83,8.33,4.98,21.0,3.73,10.0,0.6,-3.77,3.25,8.62,2.42,21.0,5.42,10.0,0.6,1009.9,1021.5,1022.37,1018.88,13.0,5.68,10.0,0.4,,,,,,,,,,,,,,,,,,,,,,,,,,,,,,,,,,,,,,,,,,,,,,,,,,,,,,,,,,,,,,,,,,,,,,,,,,,,,,,,,,,,,,,,,,,,,,,,,,,,,,,,,,,,,,,,,,,,,,,,,,,,,,,,
1891,8,22700,-15.399999999999975,54.4,,,,,,,,,,,,,,,,,,,,,,,,,,,,,,,,,6.7,6.7,12.3,8.55,11.0,3.34,16.0,0.6,2.62,4.74,7.45,5.25,11.0,2.69,16.0,0.6,-9.6,-6.17,-0.94,-5.0,11.0,5.15,16.0,0.6,995.95,997.5,999.05,997.5,4.0,2.08,20.0,0.8,,,,,,,,,,,,,,,,,,,,,,,,,,,,,,,,,,,,,,,,,,,,,,,,,,,,,,,,,,,,,,,,,,,,,,,,,,,,,,,,,,,,,,,,,,,,,,,,,,,,,,,,,,,,,,,,,,,,,,,,,,,,,,,,
1891,8,22700,-15.300000000000011,32.4,,,,,,,,,,,,,,,,,,,,,,,,,,,,,,,,,2.6,4.6,12.3,5.86,17.0,4.03,18.0,0.5,-2.51,-1.42,0.13,-0.97,17.0,1.54,18.0,0.5,-12.07,-4.37,-1.84,-5.48,17.0,4.19,18.0,0.5,1015.6,1017.25,1019.19,1017.4,10.0,1.73,24.0,0.6,2.0,2.0,5.0,3.3,19.0,2.0,18.0,0.5,85.1,92.3,92.9,89.5,5.0,4.4,28.0,0.2,-11.6,-4.8,0.1,-2.3,17.0,13.1,18.0,0.5,-148.5,-20.1,-4.8,-48.0,17.0,59.8,18.0,0.5,,,,,,,,,,,,,,,,,,,,,,,,,,,,,,,,,-56.8,-30.3,3.0,-23.3,17.0,35.0,18.0,0.5,-251.5,-93.2,-43.3,-123.5,17.0,92.1,18.0,0.5,-24.7,-15.2,-7.9,-16.1,5.0,14.7,28.0,0.2,-35.6,-34.6,-14.8,-27.1,5.0,11.2,28.0,0.2,,,,,,,,,,,,,,,,,,,,,,,,,,,,,,,,
1891,8,22700,-15.300000000000011,38.3,,,,,,,,,,,,,,,,,,,,,,,,,,,,,,,,,4.6,4.6,6.7,4.85,40.0,1.47,12.0,0.5,-2.51,0.0,3.93,-0.16,40.0,2.73,12.0,0.5,-5.9,-4.27,-0.09,-2.91,40.0,3.18,12.0,0.5,1021.33,1023.35,1024.99,1023.3,18.0,2.07,12.0,0.6,,,,,,,,,,,,,,,,,,,,,,,,,,,,,,,,,,,,,,,,,,,,,,,,,,,,,,,,,,,,,,,,,,,,,,,,,,,,,,,,,,,,,,,,,,,,,,,,,,,,,,,,,,,,,,,,,,,,,,,,,,,,,,,,
1891,8,22700,-15.300000000000011,44.4,,,,,,,,,,,,,,,,,,,,,,,,,,,,,,,,,4.41,6.7,7.0,6.06,13.0,2.25,22.0,0.6,0.45,4.52,5.62,3.41,13.0,2.74,22.0,0.6,-2.08,2.51,5.8,1.8,13.0,4.6,22.0,0.6,1023.56,1026.7,1027.38,1025.5,3.0,2.99,14.0,1.0,,,,,,,,,,,,,,,,,,,,,,,,,,,,,,,,,,,,,,,,,,,,,,,,,,,,,,,,,,,,,,,,,,,,,,,,,,,,,,,,,,,,,,,,,,,,,,,,,,,,,,,,,,,,,,,,,,,,,,,,,,,,,,,,
1891,8,22700,-15.199999999999989,32.3,21.24,22.2,22.84,22.06,17.0,0.99,18.0,0.5,21.3,23.0,23.4,22.83,19.0,1.58,18.0,0.5,14.9,14.94,15.31,15.07,5.0,0.22,28.0,0.2,85.1,92.3,92.9,89.5,5.0,4.4,28.0,0.2,,,,,,,,,,,,,,,,,,,,,,,,,,,,,,,,,,,,,,,,,,,,,,,,,,,,,,,,,,,,,,,,,-1.33,-0.5,0.55,-0.71,17.0,2.11,18.0,0.5,-5.6,-1.3,1.5,-3.5,15.0,16.0,18.0,0.5,1.7,1.8,3.05,2.29,5.0,0.82,28.0,0.2,3.5,4.7,7.9,5.4,5.0,2.8,28.0,0.2,,,,,,,,,,,,,,,,,,,,,,,,,,,,,,,,,,,,,,,,,,,,,,,,,,,,,,,,,,,,,,,,
1891,8,22700,-15.199999999999989,32.4,,,,,,,,,,,,,,,,,,,,,,,,,,,,,,,,,,,,,,,,,,,,,,,,,,,,,,,,,,,,,,,,,,,,,,,,,,,,,,,,,,,,,,,,,,,,,,,,,,,,,,,,,,,,,,,,,,,,,,,,,,,,,,,,,,,,,,,,,,,,,,,,,,,,,,,,,,,,,,,,,-3.8,-2.9,-1.2,-2.5,5.0,1.8,28.0,0.2,-7.3,-4.1,-1.7,-4.5,5.0,3.0,28.0,0.2,17.5,97.5,1861.0,514.5,17.0,777.0,18.0,0.5,20.0,95.0,1860.0,515.0,17.0,775.0,18.0,0.5
1891,8,22700,-15.199999999999989,40.3,,,,,,,,,,,,,,,,,,,,,,,,,,,,,,,,,4.6,4.6,6.7,5.53,25.0,1.21,6.0,0.6,-3.25,0.0,4.53,-0.27,25.0,3.24,6.0,0.6,-6.21,-4.6,-1.03,-4.04,25.0,2.39,6.0,0.6,1021.06,1024.0,1025.94,1023.14,14.0,3.42,4.0,0.6,,,,,,,,,,,,,,,,,,,,,,,,,,,,,,,,,,,,,,,,,,,,,,,,,,,,,,,,,,,,,,,,,,,,,,,,,,,,,,,,,,,,,,,,,,,,,,,,,,,,,,,,,,,,,,,,,,,,,,,,,,,,,,,,
1891,8,22700,-15.199999999999989,56.0,,,,,,,,,,,,,,,,,,,,,,,,,,,,,,,,,2.82,4.6,11.68,6.09,8.0,4.18,24.0,0.4,0.0,0.2,4.47,1.16,8.0,2.54,24.0,0.4,-10.76,-4.6,-2.78,-5.73,8.0,3.79,24.0,0.4,997.17,1002.0,1005.41,1001.33,6.0,4.89,28.0,0.5,,,,,,,,,,,,,,,,,,,,,,,,,,,,,,,,,,,,,,,,,,,,,,,,,,,,,,,,,,,,,,,,,,,,,,,,,,,,,,,,,,,,,,,,,,,,,,,,,,,,,,,,,,,,,,,,,,,,,,,,,,,,,,,,
1891,8,22700,-15.0,34.1,,,,,,,,,,,,,,,,,,,,,,,,,,,,,,,,,,,,,,,,,,,,,,,,,,,,,,,,,,,,,,,,,,,,,,,,,,,,,,,,,,,,,,,,,,,,,,,,,,,,,,,,,,,,,,,,,,,,,,,,,,,,,,,,,,,,,,,,,,,,,,,,,,,,,,,,,,,,,,,,,-6.4,-6.4,-6.4,-6.4,1.0,0.0,30.0,0.0,-2.6,-2.6,-2.6,-2.6,1.0,0.0,30.0,0.0,197.5,941.0,941.0,628.5,5.0,440.0,14.0,0.0,195.0,940.0,940.0,630.0,5.0,440.0,14.0,0.0
1891,8,22700,-14.0,30.9,,,,,,,,,,,,,,,,,,,,,,,,,,,,,,,,,,,,,,,,,,,,,,,,,,,,,,,,,,,,,,,,,,,,,,,,,,,,,,,,,,,,,,,,,,,,,,,,,,,,,,,,,,,,,,,,,,,,,,,,,,,,,,,,,,,,,,,,,,,,,,,,,,,,,,,,,,,,,,,,,-18.1,-12.0,-11.6,-14.8,3.0,5.4,16.0,0.7,-27.2,-23.5,-19.0,-23.1,3.0,6.0,16.0,0.7,97.5,301.0,804.5,386.5,7.0,299.5,16.0,0.7,95.0,300.0,805.0,385.0,7.0,300.0,16.0,0.7
1891,8,22700,-13.899999999999975,30.8,20.6,21.8,23.03,21.77,9.0,1.21,16.0,0.7,20.74,21.2,23.8,22.11,8.0,1.83,16.0,0.6,12.15,13.76,13.81,13.0,3.0,1.38,16.0,0.7,77.1,79.7,85.2,81.1,3.0,6.1,16.0,0.7,4.6,6.7,9.3,6.84,7.0,1.92,16.0,0.7,-4.28,-2.62,-2.46,-3.1,7.0,1.69,16.0,0.7,-7.56,-6.17,-4.56,-5.99,7.0,1.57,16.0,0.7,1018.03,1018.8,1020.33,1019.22,5.0,1.85,16.0,0.6,3.3,5.0,8.0,5.2,9.0,2.8,16.0,0.7,77.1,79.7,85.2,81.1,3.0,6.1,16.0,0.7,-39.8,-17.5,-11.3,-23.5,7.0,17.0,16.0,0.7,-70.3,-41.3,-21.0,-43.5,7.0,22.6,16.0,0.7,-0.69,-0.15,1.46,-0.2,8.0,2.24,16.0,0.6,-7.8,1.9,7.5,-2.4,7.0,15.1,16.0,0.7,3.16,3.84,4.24,3.7,3.0,0.8,16.0,0.7,22.3,26.4,32.8,27.5,3.0,7.8,16.0,0.7,-103.3,-62.6,-52.3,-69.8,7.0,37.9,16.0,0.7,-157.4,-136.4,-92.7,-133.6,7.0,37.2,16.0,0.7,-61.1,-58.4,-42.7,-52.0,3.0,14.5,16.0,0.7,-105.5,-85.8,-63.0,-84.3,3.0,31.1,16.0,0.7,,,,,,,,,,,,,,,,,,,,,,,,,,,,,,,,
1891,8,22700,-13.699999999999989,-33.7,,,,,,,,,,,,,,,,,,,,,,,,,,,,,,,,,12.3,12.3,12.3,12.3,1.0,0.0,8.0,1.0,-4.81,-4.81,-4.81,-4.81,1.0,0.0,8.0,1.0,-11.32,-11.32,-11.32,-11.32,1.0,0.0,8.0,1.0,1021.1,1021.1,1021.1,1021.1,1.0,0.0,8.0,1.0,,,,,,,,,,,,,,,,,,,,,,,,,,,,,,,,,,,,,,,,,,,,,,,,,,,,,,,,,,,,,,,,,,,,,,,,,,,,,,,,,,,,,,,,,,,,,,,,,,,,,,,,,,,,,,,,,,,,,,,,,,,,,,,,
1891,8,22700,-13.600000000000025,32.5,,,,,,,,,,,,,,,,,,,,,,,,,,,,,,,,,4.6,6.7,9.8,7.14,48.0,3.66,18.0,0.4,-5.51,-2.12,1.87,-1.66,48.0,3.76,18.0,0.4,-9.62,-5.04,-2.16,-5.77,48.0,3.8,18.0,0.4,1016.92,1019.6,1020.78,1019.25,34.0,2.25,18.0,0.4,1.0,4.0,7.0,4.0,48.0,2.7,18.0,0.4,78.5,85.1,95.2,86.4,17.0,8.5,16.0,0.4,-49.6,-9.8,18.3,-17.3,48.0,34.9,18.0,0.4,-94.3,-33.8,-7.9,-53.8,48.0,58.2,18.0,0.4,,,,,,,,,,,,,,,,,,,,,,,,,,,,,,,,,-115.2,-42.7,40.4,-31.3,46.0,83.4,18.0,0.4,-202.0,-120.2,-49.0,-123.6,46.0,79.6,18.0,0.4,-61.5,-39.8,-20.5,-43.3,17.0,21.3,16.0,0.4,-113.2,-86.6,-30.3,-79.9,17.0,40.8,16.0,0.4,-21.3,-7.9,-4.6,-10.9,16.0,7.9,16.0,0.3,-34.0,-15.4,-6.8,-18.6,16.0,11.8,16.0,0.3,97.5,301.0,941.0,664.5,48.0,931.5,18.0,0.4,95.0,300.0,940.0,665.0,48.0,930.0,18.0,0.4
1891,8,22700,-13.5,4.5,,,,,,,,,,,,,,,,,,,,,,,,,,,,,,,,,4.6,6.7,6.7,6.07,10.0,1.01,12.0,0.4,-1.43,2.62,2.62,1.06,10.0,2.37,12.0,0.4,3.83,6.17,6.19,5.49,10.0,1.29,12.0,0.4,1015.54,1015.85,1016.16,1015.85,2.0,0.64,2.0,0.0,,,,,,,,,,,,,,,,,,,,,,,,,,,,,,,,,,,,,,,,,,,,,,,,,,,,,,,,,,,,,,,,,,,,,,,,,,,,,,,,,,,,,,,,,,,,,,,,,,,,,,,,,,,,,,,,,,,,,,,,,,,,,,,,
1891,8,22700,-13.5,32.5,21.16,21.95,22.8,21.93,44.0,1.01,16.0,0.4,20.71,21.65,23.17,21.92,46.0,1.37,18.0,0.4,12.11,14.07,14.59,13.6,17.0,1.38,16.0,0.4,78.5,85.1,95.2,86.4,17.0,8.5,16.0,0.4,,,,,,,,,,,,,,,,,,,,,,,,,,,,,,,,,,,,,,,,,,,,,,,,,,,,,,,,,,,,,,,,,-1.4,0.05,1.5,0.05,42.0,1.63,16.0,0.4,-11.0,0.1,11.4,0.1,42.0,11.8,16.0,0.4,1.8,3.12,4.44,2.96,16.0,1.24,16.0,0.3,8.2,17.0,39.7,21.7,16.0,14.1,16.0,0.3,,,,,,,,,,,,,,,,,,,,,,,,,,,,,,,,,,,,,,,,,,,,,,,,,,,,,,,,,,,,,,,,
1891,8,22700,-13.5,36.5,,,,,,,,,,,,,,,,,,,,,,,,,,,,,,,,,,,,,,,,,,,,,,,,,,,,,,,,,,,,,,,,,,,,,,,,,,,,,,,,,,,,,,,,,,,,,,,,,,,,,,,,,,,,,,,,,,,,,,,,,,,,,,,,,,,,,,,,,,,,,,,,,,,,,,,,,,,,,,,,,-1.6,-1.1,-0.7,-1.2,3.0,0.7,30.0,0.3,1.6,2.5,3.8,2.7,3.0,1.6,30.0,0.3,17.0,97.5,1861.0,506.5,26.0,710.5,20.0,0.5,15.0,95.0,1860.0,505.0,26.0,710.0,20.0,0.5
1891,8,22700,-13.5,38.4,19.4,20.6,21.31,20.4,24.0,0.98,22.0,0.5,19.4,20.0,21.12,20.44,26.0,1.27,22.0,0.5,13.79,14.07,14.34,14.07,2.0,0.58,30.0,0.5,86.2,89.6,93.0,89.6,2.0,7.0,30.0,0.5,1.0,4.6,9.8,4.98,26.0,4.52,22.0,0.5,-0.43,0.71,2.55,0.45,26.0,2.66,22.0,0.5,-9.02,-0.45,1.0,-3.31,26.0,5.24,22.0,0.5,1018.51,1019.4,1022.67,1020.36,5.0,2.31,24.0,0.4,1.0,4.0,8.0,4.3,26.0,2.9,22.0,0.5,86.2,89.6,93.0,89.6,2.0,7.0,30.0,0.5,-0.7,0.7,16.8,-3.4,26.0,29.2,22.0,0.5,-88.4,-0.4,1.1,-37.5,26.0,65.6,22.0,0.5,-1.7,0.55,1.2,-0.13,24.0,1.61,22.0,0.5,-16.6,0.0,4.0,-5.1,24.0,13.3,22.0,0.5,0.17,0.72,1.27,0.72,2.0,1.15,30.0,0.5,0.4,1.9,3.3,1.9,2.0,3.0,30.0,0.5,-8.7,13.7,50.6,9.0,26.0,54.9,22.0,0.5,-210.2,-8.9,21.1,-69.1,26.0,109.8,22.0,0.5,16.6,23.8,31.0,23.8,2.0,14.9,30.0,0.5,18.1,24.1,30.1,24.1,2.0,12.5,30.0,0.5,,,,,,,,,,,,,,,,,,,,,,,,,,,,,,,,
1891,8,22700,-13.5,40.5,,,,,,,,,,,,,,,,,,,,,,,,,,,,,,,,,4.97,6.7,9.8,7.75,21.0,2.09,18.0,0.5,0.0,0.0,9.53,3.19,21.0,4.52,18.0,0.5,-6.7,-4.6,5.17,-1.28,21.0,5.89,18.0,0.5,1022.0,1023.0,1024.89,1023.25,8.0,1.28,14.0,0.4,,,,,,,,,,,,,,,,,,,,,,,,,,,,,,,,,,,,,,,,,,,,,,,,,,,,,,,,,,,,,,,,,,,,,,,,,,,,,,,,,,,,,,,,,,,,,,,,,,,,,,,,,,,,,,,,,,,,,,,,,,,,,,,,
1891,8,22700,-13.5,48.9,,,,,,,,,,,,,,,,,,,,,,,,,,,,,,,,,,,,,,,,,,,,,,,,,,,,,,,,,,,,,,,,,,,,,,,,,,,,,,,,,,,,,,,,,,,,,,,,,,,,,,,,,,,,,,,,,,,,,,,,,,,,,,,,,,,,,,,,,,,,,,,,,,,,,,,,,,,,,,,,,2.7,4.5,5.7,4.2,4.0,1.9,8.0,0.8,-2.0,-1.3,-0.5,-1.3,4.0,1.0,8.0,0.8,97.5,804.5,1861.0,875.0,41.0,966.5,12.0,0.6,95.0,805.0,1860.0,875.0,41.0,965.0,12.0,0.6
1891,8,22700,-13.5,50.1,,,,,,,,,,,,,,,,,,,,,,,,,,,,,,,,,,,,,,,,,,,,,,,,,,,,,,,,,,,,,,,,,,,,,,,,,,,,,,,,,,,,,,,,,,,,,,,,,,,,,,,,,,,,,,,,,,,,,,,,,,,,,,,,,,,,,,,,,,,,,,,,,,,,,,,,,,,,,,,,,10.1,12.1,14.1,12.1,2.0,4.1,24.0,1.0,-16.8,-13.0,-9.2,-13.0,2.0,7.9,24.0,1.0,97.5,552.5,1861.0,830.0,30.0,880.0,16.0,0.5,95.0,555.0,1860.0,830.0,30.0,880.0,16.0,0.5
1891,8,22700,-13.399999999999975,34.4,20.8,21.6,22.2,21.38,39.0,1.02,14.0,0.5,20.6,21.7,22.64,21.86,44.0,1.3,16.0,0.5,13.33,14.2,14.91,14.28,15.0,0.92,18.0,0.7,84.2,91.1,93.8,89.5,15.0,4.8,18.0,0.7,4.57,6.7,9.84,6.98,45.0,3.58,16.0,0.5,-3.83,-2.41,1.46,-1.29,45.0,3.14,16.0,0.5,-9.66,-5.55,-0.9,-5.46,45.0,4.55,16.0,0.5,1015.53,1019.0,1021.66,1018.8,29.0,2.76,18.0,0.6,0.5,4.0,6.5,3.7,42.0,2.5,16.0,0.5,84.2,91.1,93.8,89.5,15.0,4.8,18.0,0.7,-37.5,-9.9,4.0,-9.7,45.0,27.7,16.0,0.5,-95.2,-37.2,-0.9,-51.9,45.0,57.1,16.0,0.5,-1.7,-0.25,1.1,-0.5,38.0,1.97,14.0,0.4,-13.6,-1.1,8.1,-4.9,38.0,18.6,14.0,0.4,1.31,2.0,2.91,2.02,12.0,1.05,16.0,0.7,6.0,12.0,17.7,11.2,12.0,6.9,16.0,0.7,-89.5,-47.3,34.6,-27.1,44.0,70.6,16.0,0.5,-237.8,-108.7,-16.7,-119.1,44.0,101.3,16.0,0.5,-64.2,-49.3,-32.8,-49.0,15.0,19.3,18.0,0.7,-122.3,-82.6,-18.7,-74.4,15.0,46.4,18.0,0.7,,,,,,,,,,,,,,,,,,,,,,,,,,,,,,,,
1891,8,22700,-13.399999999999975,36.4,20.0,20.6,21.17,20.62,21.0,0.59,18.0,0.5,20.1,21.45,22.2,21.39,26.0,1.08,20.0,0.5,12.45,13.12,13.7,13.04,6.0,0.71,30.0,0.3,85.3,86.1,88.2,86.9,6.0,2.5,30.0,0.3,2.55,4.6,12.3,6.08,26.0,3.83,20.0,0.5,-2.65,-1.48,1.75,-0.97,26.0,2.51,20.0,0.5,-10.23,-4.15,2.42,-3.94,26.0,5.44,20.0,0.5,1018.03,1019.4,1023.29,1020.1,14.0,2.71,24.0,0.5,1.0,3.0,6.0,3.0,26.0,2.2,20.0,0.5,85.3,86.1,88.2,86.9,6.0,2.5,30.0,0.3,-28.9,-5.9,8.2,-10.3,26.0,23.3,20.0,0.5,-125.9,-19.1,6.5,-41.2,26.0,57.6,20.0,0.5,-1.68,-0.8,0.0,-1.0,21.0,1.11,18.0,0.5,-19.2,-3.7,0.0,-9.6,21.0,14.0,18.0,0.5,1.52,1.87,2.44,1.98,3.0,0.68,30.0,0.3,1.8,2.7,4.2,3.0,3.0,1.8,30.0,0.3,-56.8,-29.8,38.1,-21.1,26.0,55.1,20.0,0.5,-233.1,-86.3,51.4,-85.4,26.0,121.3,20.0,0.5,-24.6,-13.3,-5.4,-14.5,6.0,8.7,30.0,0.3,-52.8,-7.8,16.7,-12.9,6.0,36.8,30.0,0.3,,,,,,,,,,,,,,,,,,,,,,,,,,,,,,,,
1891,8,22700,-13.399999999999975,46.5,,,,,,,,,,,,,,,,,,,,,,,,,,,,,,,,,1.0,4.6,9.8,6.25,20.0,5.02,18.0,0.5,0.56,3.42,9.27,4.14,20.0,3.74,18.0,0.5,-0.92,0.0,4.61,1.88,20.0,5.52,18.0,0.5,1019.04,1021.5,1023.06,1020.94,10.0,2.42,12.0,0.4,,,,,,,,,,,,,,,,,,,,,,,,,,,,,,,,,,,,,,,,,,,,,,,,,,,,,,,,,,,,,,,,,,,,,,,,,,,,,,,,,,,,,,,,,,,,,,,,,,,,,,,,,,,,,,,,,,,,,,,,,,,,,,,,
1891,8,22700,-13.399999999999975,48.5,15.36,16.0,17.16,16.13,35.0,0.85,12.0,0.5,15.21,16.5,18.14,16.68,36.0,1.42,12.0,0.5,9.82,10.29,10.73,10.28,4.0,0.53,8.0,0.8,76.5,79.4,84.9,80.7,4.0,5.4,8.0,0.8,4.6,9.3,12.3,8.25,41.0,3.57,12.0,0.6,1.81,5.48,8.6,5.28,41.0,3.37,12.0,0.6,-6.58,0.0,7.69,0.56,41.0,6.5,12.0,0.6,1004.34,1014.5,1019.17,1013.16,27.0,7.71,10.0,0.6,3.0,6.0,8.0,5.9,41.0,2.1,12.0,0.6,76.5,79.4,84.9,80.7,4.0,5.4,8.0,0.8,6.3,41.6,88.3,51.1,41.0,47.4,12.0,0.6,-61.2,0.0,79.6,14.0,41.0,73.6,12.0,0.6,-2.02,0.0,0.62,-0.4,32.0,1.18,12.0,0.5,-12.1,0.0,5.0,-3.3,32.0,11.1,12.0,0.5,0.77,1.31,1.48,1.13,4.0,0.54,8.0,0.8,2.8,4.9,6.0,4.4,4.0,2.1,8.0,0.8,24.8,92.1,145.9,90.8,36.0,59.8,12.0,0.5,-110.9,-2.3,112.4,6.4,36.0,106.6,12.0,0.5,32.6,44.4,48.5,40.7,4.0,11.3,8.0,0.8,-16.2,-9.4,-4.3,-10.2,4.0,7.4,8.0,0.8,,,,,,,,,,,,,,,,,,,,,,,,,,,,,,,,
1891,8,22700,-13.399999999999975,50.4,14.4,15.05,16.1,15.15,30.0,0.97,16.0,0.5,14.34,15.0,16.1,15.33,29.0,1.58,16.0,0.5,8.06,8.06,8.06,8.06,2.0,0.0,24.0,1.0,71.3,71.3,71.3,71.3,2.0,0.0,24.0,1.0,4.6,8.0,12.3,8.1,30.0,3.51,16.0,0.5,1.04,3.99,9.57,4.49,30.0,4.66,16.0,0.5,-3.99,3.31,6.58,1.55,30.0,5.94,16.0,0.5,998.08,1008.9,1018.9,1008.45,8.0,10.03,16.0,0.8,4.0,6.0,8.0,6.0,30.0,2.0,16.0,0.5,71.3,71.3,71.3,71.3,2.0,0.0,24.0,1.0,3.4,22.4,119.8,42.9,30.0,58.4,16.0,0.5,-18.4,16.1,61.2,15.0,30.0,65.7,16.0,0.5,-0.89,0.0,0.5,-0.34,28.0,1.1,16.0,0.5,-7.4,0.0,3.7,-2.0,27.0,6.5,16.0,0.4,2.56,2.56,2.56,2.56,2.0,0.0,24.0,1.0,13.7,17.8,21.9,17.8,2.0,8.5,24.0,1.0,7.4,60.6,140.9,65.7,28.0,70.2,16.0,0.5,-60.9,51.5,93.7,20.1,28.0,91.6,16.0,0.5,31.7,38.0,44.2,38.0,2.0,13.0,24.0,1.0,-52.7,-40.8,-28.9,-40.8,2.0,24.7,24.0,1.0,,,,,,,,,,,,,,,,,,,,,,,,,,,,,,,,
1891,8,22700,-13.399999999999975,54.6,,,,,,,,,,,,,,,,,,,,,,,,,,,,,,,,,2.6,3.6,9.46,5.16,8.0,3.21,22.0,0.6,0.11,2.13,5.4,2.95,8.0,2.96,22.0,0.6,-2.6,-2.39,5.23,0.27,8.0,4.68,22.0,0.6,1000.0,1000.5,1001.0,1000.5,4.0,0.58,20.0,0.3,,,,,,,,,,,,,,,,,,,,,,,,,,,,,,,,,,,,,,,,,,,,,,,,,,,,,,,,,,,,,,,,,,,,,,,,,,,,,,,,,,,,,,,,,,,,,,,,,,,,,,,,,,,,,,,,,,,,,,,,,,,,,,,,
1891,8,22700,-13.399999999999975,58.2,,,,,,,,,,,,,,,,,,,,,,,,,,,,,,,,,4.93,5.65,6.37,5.65,2.0,1.48,22.0,1.0,2.52,2.86,3.19,2.86,2.0,0.69,22.0,1.0,-5.51,-4.87,-4.24,-4.87,2.0,1.31,22.0,1.0,1013.59,1015.35,1017.74,1015.65,4.0,2.46,22.0,1.0,,,,,,,,,,,,,,,,,,,,,,,,,,,,,,,,,,,,,,,,,,,,,,,,,,,,,,,,,,,,,,,,,,,,,,,,,,,,,,,,,,,,,,,,,,,,,,,,,,,,,,,,,,,,,,,,,,,,,,,,,,,,,,,,
1891,8,22700,-13.300000000000011,42.3,,,,,,,,,,,,,,,,,,,,,,,,,,,,,,,,,4.6,6.7,9.8,7.25,25.0,2.16,10.0,0.4,0.0,1.87,6.7,3.17,25.0,3.83,10.0,0.4,-6.7,-4.6,1.55,-2.35,25.0,5.34,10.0,0.4,1020.75,1022.0,1023.25,1021.92,12.0,1.38,8.0,0.5,,,,,,,,,,,,,,,,,,,,,,,,,,,,,,,,,,,,,,,,,,,,,,,,,,,,,,,,,,,,,,,,,,,,,,,,,,,,,,,,,,,,,,,,,,,,,,,,,,,,,,,,,,,,,,,,,,,,,,,,,,,,,,,,
1891,8,22700,-13.300000000000011,44.4,,,,,,,,,,,,,,,,,,,,,,,,,,,,,,,,,2.6,4.6,9.8,5.9,24.0,3.22,12.0,0.3,-0.34,3.74,8.93,3.9,24.0,4.07,12.0,0.3,-6.58,0.0,1.81,-1.73,24.0,3.35,12.0,0.3,1021.69,1026.0,1029.78,1025.65,15.0,3.4,12.0,0.3,,,,,,,,,,,,,,,,,,,,,,,,,,,,,,,,,,,,,,,,,,,,,,,,,,,,,,,,,,,,,,,,,,,,,,,,,,,,,,,,,,,,,,,,,,,,,,,,,,,,,,,,,,,,,,,,,,,,,,,,,,,,,,,,
1891,8,22700,-13.300000000000011,56.3,,,,,,,,,,,,,,,,,,,,,,,,,,,,,,,,,1.94,4.6,5.47,4.11,11.0,2.57,20.0,0.5,0.22,1.72,3.41,2.0,11.0,1.57,20.0,0.5,-2.87,0.93,4.27,0.63,11.0,4.22,20.0,0.5,1008.79,1010.5,1011.21,1010.17,6.0,1.47,30.0,0.5,,,,,,,,,,,,,,,,,,,,,,,,,,,,,,,,,,,,,,,,,,,,,,,,,,,,,,,,,,,,,,,,,,,,,,,,,,,,,,,,,,,,,,,,,,,,,,,,,,,,,,,,,,,,,,,,,,,,,,,,,,,,,,,,
1891,8,22700,-13.199999999999989,-35.2,,,,,,,,,,,,,,,,,,,,,,,,,,,,,,,,,0.83,2.6,5.4,3.1,3.0,3.38,8.0,0.0,-2.02,-0.97,-0.31,-1.16,3.0,1.27,8.0,0.0,0.77,2.41,5.01,2.87,3.0,3.13,8.0,0.0,1018.33,1018.4,1019.36,1018.83,3.0,0.84,8.0,0.0,,,,,,,,,,,,,,,,,,,,,,,,,,,,,,,,,,,,,,,,,,,,,,,,,,,,,,,,,,,,,,,,,,,,,,,,,,,,,,,,,,,,,,,,,,,,,,,,,,,,,,,,,,,,,,,,,,,,,,,,,,,,,,,,
1891,8,22700,-13.199999999999989,34.4,,,,,,,,,,,,,,,,,,,,,,,,,,,,,,,,,,,,,,,,,,,,,,,,,,,,,,,,,,,,,,,,,,,,,,,,,,,,,,,,,,,,,,,,,,,,,,,,,,,,,,,,,,,,,,,,,,,,,,,,,,,,,,,,,,,,,,,,,,,,,,,,,,,,,,,,,,,,,,,,,-7.9,-6.8,-3.2,-5.8,12.0,3.4,16.0,0.7,-16.0,-9.1,-2.7,-9.2,12.0,6.6,16.0,0.7,96.0,301.0,957.0,615.0,45.0,767.5,16.0,0.5,95.0,300.0,955.0,615.0,45.0,770.0,16.0,0.5
1891,8,22700,-13.100000000000025,38.4,,,,,,,,,,,,,,,,,,,,,,,,,,,,,,,,,,,,,,,,,,,,,,,,,,,,,,,,,,,,,,,,,,,,,,,,,,,,,,,,,,,,,,,,,,,,,,,,,,,,,,,,,,,,,,,,,,,,,,,,,,,,,,,,,,,,,,,,,,,,,,,,,,,,,,,,,,,,,,,,,0.1,0.6,1.2,0.6,2.0,1.2,30.0,0.5,0.5,1.8,3.1,1.8,2.0,2.7,30.0,0.5,1.0,97.5,941.0,500.0,26.0,1018.0,22.0,0.5,0.0,95.0,940.0,500.0,26.0,1020.0,22.0,0.5
1891,8,22700,-11.800000000000011,34.7,21.1,21.65,22.2,21.33,14.0,1.1,16.0,0.9,20.51,21.7,22.99,21.88,14.0,1.44,16.0,0.9,13.39,13.66,14.36,13.78,7.0,0.51,18.0,0.9,83.1,91.1,92.4,87.0,7.0,8.4,18.0,0.9,4.6,6.7,12.11,7.41,14.0,3.64,16.0,0.9,-5.31,-1.98,0.0,-1.62,14.0,3.44,16.0,0.9,-10.03,-5.38,-4.43,-6.58,14.0,3.34,16.0,0.9,1015.78,1020.1,1025.72,1020.01,7.0,4.51,18.0,0.9,2.0,4.0,8.0,4.5,14.0,3.0,16.0,0.9,83.1,91.1,92.4,87.0,7.0,8.4,18.0,0.9,-49.5,-11.3,0.0,-18.6,14.0,36.5,16.0,0.9,-121.9,-36.0,-20.4,-59.8,14.0,61.5,16.0,0.9,-2.73,-0.4,1.19,-0.55,14.0,1.85,16.0,0.9,-30.3,-2.7,7.7,-8.4,14.0,20.1,16.0,0.9,2.13,2.26,2.62,2.36,7.0,0.29,18.0,0.9,11.7,13.5,16.9,13.7,7.0,4.7,18.0,0.9,-131.3,-41.7,0.0,-35.9,14.0,78.4,16.0,0.9,-219.1,-119.8,-89.0,-144.5,14.0,74.8,16.0,0.9,-44.3,-22.1,-5.0,-28.1,7.0,25.1,18.0,0.9,-89.4,-83.7,-59.3,-74.2,7.0,22.1,18.0,0.9,,,,,,,,,,,,,,,,,,,,,,,,,,,,,,,,
1891,8,22700,-11.800000000000011,34.8,,,,,,,,,,,,,,,,,,,,,,,,,,,,,,,,,,,,,,,,,,,,,,,,,,,,,,,,,,,,,,,,,,,,,,,,,,,,,,,,,,,,,,,,,,,,,,,,,,,,,,,,,,,,,,,,,,,,,,,,,,,,,,,,,,,,,,,,,,,,,,,,,,,,,,,,,,,,,,,,,-6.8,-3.3,-1.1,-4.7,7.0,4.2,18.0,0.9,-15.4,-12.9,-11.3,-12.6,7.0,3.6,18.0,0.9,97.5,301.0,1794.0,720.5,14.0,1042.5,16.0,0.9,95.0,300.0,1795.0,720.0,14.0,1045.0,16.0,0.9
1891,8,22700,-11.699999999999989,4.3,,,,,,,,,,,,,,,,,,,,,,,,,,,,,,,,,4.6,4.6,4.6,4.6,1.0,0.0,2.0,1.0,1.8,1.8,1.8,1.8,1.0,0.0,2.0,1.0,4.23,4.23,4.23,4.23,1.0,0.0,2.0,1.0,1017.4,1017.4,1017.4,1017.4,1.0,0.0,2.0,1.0,,,,,,,,,,,,,,,,,,,,,,,,,,,,,,,,,,,,,,,,,,,,,,,,,,,,,,,,,,,,,,,,,,,,,,,,,,,,,,,,,,,,,,,,,,,,,,,,,,,,,,,,,,,,,,,,,,,,,,,,,,,,,,,,
1891,8,22700,-11.600000000000025,2.6,,,,,,,,,,,,,,,,,,,,,,,,,,,,,,,,,2.82,4.6,4.6,4.36,8.0,1.31,12.0,0.6,-1.74,0.0,1.6,-0.21,8.0,1.88,12.0,0.6,2.5,4.42,4.6,3.96,8.0,1.39,12.0,0.6,1014.78,1015.8,1017.1,1015.93,3.0,1.7,2.0,0.7,,,,,,,,,,,,,,,,,,,,,,,,,,,,,,,,,,,,,,,,,,,,,,,,,,,,,,,,,,,,,,,,,,,,,,,,,,,,,,,,,,,,,,,,,,,,,,,,,,,,,,,,,,,,,,,,,,,,,,,,,,,,,,,,
1891,8,22700,-11.5,38.6,18.3,19.25,20.2,19.17,20.0,1.0,14.0,0.4,18.37,19.35,21.17,19.61,22.0,1.68,16.0,0.4,12.18,12.3,13.28,12.67,8.0,0.88,22.0,0.4,85.5,92.0,96.1,91.7,8.0,5.5,22.0,0.4,0.49,4.6,12.3,6.0,23.0,5.29,16.0,0.4,-2.65,0.0,0.54,-0.71,23.0,2.12,16.0,0.4,-12.19,-4.27,0.0,-5.02,23.0,5.85,16.0,0.4,1017.18,1019.0,1020.91,1019.01,17.0,2.54,18.0,0.3,0.0,2.0,6.0,2.7,21.0,2.8,16.0,0.4,85.5,92.0,96.1,91.7,8.0,5.5,22.0,0.4,-25.0,0.0,2.9,-8.5,23.0,26.9,16.0,0.4,-149.9,-19.6,0.0,-56.1,23.0,84.3,16.0,0.4,-2.29,0.0,0.74,-0.46,19.0,1.49,14.0,0.3,-10.2,0.0,4.9,-4.7,19.0,15.7,14.0,0.3,0.28,0.61,1.52,0.84,5.0,0.65,16.0,0.2,1.6,2.8,6.2,3.9,5.0,3.6,16.0,0.2,-52.8,0.0,10.4,-13.9,22.0,42.2,16.0,0.4,-257.9,-80.3,0.0,-101.7,22.0,120.1,16.0,0.4,0.0,0.0,8.6,1.2,8.0,19.8,22.0,0.4,-51.4,0.0,13.6,-7.4,8.0,48.5,22.0,0.4,,,,,,,,,,,,,,,,,,,,,,,,,,,,,,,,
1891,8,22700,-11.5,40.5,,,,,,,,,,,,,,,,,,,,,,,,,,,,,,,,,1.0,4.6,9.8,5.59,29.0,4.1,20.0,0.5,-1.91,0.71,4.47,1.11,29.0,2.95,20.0,0.5,-9.62,-2.36,1.57,-3.43,29.0,5.2,20.0,0.5,1018.21,1019.05,1020.56,1019.38,14.0,1.44,24.0,0.6,1.4,3.0,7.0,3.6,29.0,2.7,20.0,0.5,86.2,89.5,94.2,90.3,7.0,5.1,22.0,0.3,-14.2,0.7,31.9,5.2,29.0,23.7,20.0,0.5,-94.3,-7.6,8.4,-34.8,29.0,62.5,20.0,0.5,,,,,,,,,,,,,,,,,,,,,,,,,,,,,,,,,-37.0,14.1,87.6,22.7,29.0,58.4,20.0,0.5,-195.6,-47.4,30.3,-67.2,29.0,101.5,20.0,0.5,5.0,15.0,27.7,18.6,7.0,19.7,22.0,0.3,-56.6,-32.2,0.5,-30.6,7.0,29.3,22.0,0.3,,,,,,,,,,,,,,,,,,,,,,,,,,,,,,,,
1891,8,22700,-11.5,48.6,,,,,,,,,,,,,,,,,,,,,,,,,,,,,,,,,,,,,,,,,,,,,,,,,,,,,,,,,,,,,,,,,,,,,,,,,,,,,,,,,,,,,,,,,,,,,,,,,-1.28,0.0,0.68,-0.11,34.0,1.19,14.0,0.5,-6.6,0.0,8.8,-0.4,34.0,9.3,14.0,0.5,0.79,1.17,1.55,1.17,2.0,0.78,8.0,1.0,3.6,5.4,7.1,5.4,2.0,3.6,8.0,1.0,,,,,,,,,,,,,,,,,,,,,,,,,,,,,,,,,,,,,,,,,,,,,,,,,,,,,,,,,,,,,,,,
1891,8,22700,-11.5,48.9,,,,,,,,,,,,,,,,,,,,,,,,,,,,,,,,,,,,,,,,,,,,,,,,,,,,,,,,,,,,,,,,,,,,,,,,,,,,,,,,,,,,,,,,,,,,,,,,,,,,,,,,,,,,,,,,,,,,,,,,,,,,,,,,,,,,,,,,,,,,,,,,,,,,,,,,,,,,,,,,,3.6,5.2,6.9,5.2,2.0,3.4,8.0,1.0,-1.7,-1.1,-0.4,-1.1,2.0,1.3,8.0,1.0,97.5,804.5,1861.0,958.5,50.0,1058.0,14.0,0.5,95.0,805.0,1860.0,960.0,50.0,1060.0,14.0,0.5
1891,8,22700,-11.5,50.0,,,,,,,,,,,,,,,,,,,,,,,,,,,,,,,,,,,,,,,,,,,,,,,,,,,,,,,,,,,,,,,,,,,,,,,,,,,,,,,,,,,,,,,,,,,,,,,,,,,,,,,,,,,,,,,,,,,,,,,,,,,,,,,,,,,,,,,,,,,,,,,,,,,,,,,,,,,,,,,,,6.2,6.2,6.2,6.2,1.0,0.0,24.0,0.0,-20.3,-20.3,-20.3,-20.3,1.0,0.0,24.0,0.0,97.5,199.0,1861.0,558.5,26.0,697.5,12.0,0.5,95.0,200.0,1860.0,560.0,26.0,700.0,12.0,0.5
1891,8,22700,-11.5,50.4,14.8,15.5,16.1,15.2,24.0,1.01,12.0,0.5,14.39,15.6,17.1,15.57,26.0,1.2,12.0,0.5,8.93,8.93,8.93,8.93,1.0,0.0,24.0,0.0,89.5,89.5,89.5,89.5,1.0,0.0,24.0,0.0,4.6,5.65,12.3,6.83,26.0,3.33,12.0,0.5,2.5,4.4,6.25,4.16,26.0,3.32,12.0,0.5,-3.35,0.0,5.57,0.54,26.0,5.51,12.0,0.5,1005.63,1012.3,1018.25,1011.92,5.0,6.75,14.0,0.2,2.0,5.0,8.0,5.1,26.0,2.5,12.0,0.5,89.5,89.5,89.5,89.5,1.0,0.0,24.0,0.0,6.6,21.0,57.5,32.9,26.0,37.9,12.0,0.5,-18.0,0.0,41.8,8.2,26.0,59.7,12.0,0.5,-1.31,-0.25,0.6,-0.41,24.0,1.06,12.0,0.5,-7.3,-1.8,2.8,-2.2,24.0,6.5,12.0,0.5,1.73,1.73,1.73,1.73,1.0,0.0,24.0,0.0,21.2,21.2,21.2,21.2,1.0,0.0,24.0,0.0,36.4,67.0,97.5,64.5,26.0,52.6,12.0,0.5,-57.1,0.0,86.8,9.0,26.0,82.5,12.0,0.5,32.1,32.1,32.1,32.1,1.0,0.0,24.0,0.0,-105.0,-105.0,-105.0,-105.0,1.0,0.0,24.0,0.0,,,,,,,,,,,,,,,,,,,,,,,,,,,,,,,,
1891,8,22700,-11.399999999999975,-35.2,,,,,,,,,,,,,,,,,,,,,,,,,,,,,,,,,1.0,2.6,6.7,4.11,8.0,4.16,8.0,0.6,-0.94,-0.19,0.0,-0.57,8.0,0.87,8.0,0.6,0.1,2.51,6.65,3.81,8.0,4.36,8.0,0.6,1014.34,1016.6,1019.53,1017.13,8.0,3.12,8.0,0.6,,,,,,,,,,,,,,,,,,,,,,,,,,,,,,,,,,,,,,,,,,,,,,,,,,,,,,,,,,,,,,,,,,,,,,,,,,,,,,,,,,,,,,,,,,,,,,,,,,,,,,,,,,,,,,,,,,,,,,,,,,,,,,,,
1891,8,22700,-11.399999999999975,0.5,,,,,,,,,,,,,,,,,,,,,,,,,,,,,,,,,2.6,2.6,6.82,4.14,7.0,2.74,8.0,0.9,-4.83,-1.45,-0.93,-2.36,7.0,2.38,8.0,0.9,2.14,2.41,4.83,3.25,7.0,1.75,8.0,0.9,1013.29,1013.7,1014.11,1013.7,2.0,0.85,4.0,1.0,,,,,,,,,,,,,,,,,,,,,,,,,,,,,,,,,,,,,,,,,,,,,,,,,,,,,,,,,,,,,,,,,,,,,,,,,,,,,,,,,,,,,,,,,,,,,,,,,,,,,,,,,,,,,,,,,,,,,,,,,,,,,,,,
1891,8,22700,-11.399999999999975,36.5,18.95,20.6,21.2,20.38,27.0,1.09,16.0,0.4,18.86,20.4,21.64,20.41,30.0,1.6,16.0,0.4,12.75,13.26,14.24,13.31,14.0,0.99,16.0,0.3,89.5,93.1,96.4,93.3,14.0,3.9,16.0,0.3,1.96,4.6,9.3,5.45,30.0,3.46,16.0,0.4,-2.62,-0.87,1.32,-0.85,30.0,2.31,16.0,0.4,-8.16,-4.25,-1.74,-4.97,30.0,3.32,16.0,0.4,1016.23,1019.8,1023.35,1019.46,21.0,3.04,16.0,0.4,0.0,2.0,4.0,2.0,24.0,2.2,16.0,0.5,89.5,93.1,96.4,93.3,14.0,3.9,16.0,0.3,-28.9,-2.2,7.4,-8.1,30.0,18.5,16.0,0.4,-76.4,-19.5,-4.0,-38.1,30.0,43.7,16.0,0.4,-1.45,0.6,1.4,0.08,27.0,1.73,16.0,0.4,-5.4,2.3,9.2,1.9,27.0,10.7,16.0,0.4,1.08,1.95,2.24,1.75,13.0,0.62,16.0,0.2,2.5,5.8,15.8,8.3,13.0,6.5,16.0,0.2,-56.5,-17.9,26.5,-18.0,30.0,46.7,16.0,0.4,-162.2,-90.4,-35.0,-99.5,30.0,65.1,16.0,0.4,-34.0,-9.6,9.8,-13.8,14.0,21.6,16.0,0.3,-80.5,-57.5,-30.5,-53.1,14.0,30.6,16.0,0.3,,,,,,,,,,,,,,,,,,,,,,,,,,,,,,,,
1891,8,22700,-11.399999999999975,40.5,17.82,18.9,19.82,18.86,25.0,0.86,18.0,0.5,18.52,19.5,20.6,19.7,29.0,1.35,20.0,0.5,10.51,12.52,13.66,12.33,7.0,1.41,22.0,0.3,86.2,89.5,94.2,90.3,7.0,5.1,22.0,0.3,,,,,,,,,,,,,,,,,,,,,,,,,,,,,,,,,,,,,,,,,,,,,,,,,,,,,,,,,,,,,,,,,-1.38,-0.6,0.02,-0.84,25.0,1.04,18.0,0.5,-13.5,-2.8,0.1,-5.3,25.0,7.7,18.0,0.5,0.49,1.06,1.68,1.03,6.0,0.72,22.0,0.3,1.2,2.2,8.5,4.2,6.0,4.5,22.0,0.3,,,,,,,,,,,,,,,,,,,,,,,,,,,,,,,,,,,,,,,,,,,,,,,,,,,,,,,,,,,,,,,,
1891,8,22700,-11.399999999999975,46.5,,,,,,,,,,,,,,,,,,,,,,,,,,,,,,,,,4.6,9.8,12.3,9.22,27.0,4.82,16.0,0.5,0.67,4.81,10.75,5.46,27.0,4.98,16.0,0.5,-7.97,0.0,9.22,0.39,27.0,7.45,16.0,0.5,1007.38,1016.8,1026.45,1016.23,16.0,8.48,14.0,0.6,,,,,,,,,,,,,,,,,,,,,,,,,,,,,,,,,,,,,,,,,,,,,,,,,,,,,,,,,,,,,,,,,,,,,,,,,,,,,,,,,,,,,,,,,,,,,,,,,,,,,,,,,,,,,,,,,,,,,,,,,,,,,,,,
1891,8,22700,-11.399999999999975,48.5,,,,,,,,,,,,,,,,,,,,,,,,,,,,,,,,,4.6,9.3,12.3,8.51,50.0,3.66,14.0,0.5,1.84,6.17,8.63,5.47,50.0,3.76,14.0,0.5,-8.77,-0.12,4.65,-1.13,50.0,6.42,14.0,0.5,999.07,1015.0,1018.07,1011.38,34.0,8.58,14.0,0.5,3.0,6.0,8.0,5.5,50.0,2.2,14.0,0.5,73.4,75.7,78.0,75.7,2.0,4.7,8.0,1.0,4.8,41.3,112.7,53.9,50.0,52.6,14.0,0.5,-81.6,-0.6,57.2,-11.4,50.0,77.5,14.0,0.5,,,,,,,,,,,,,,,,,,,,,,,,,,,,,,,,,21.5,90.3,129.2,78.3,42.0,58.5,14.0,0.5,-147.1,-16.1,72.6,-17.7,42.0,107.4,14.0,0.5,46.0,46.4,46.7,46.4,2.0,0.8,8.0,1.0,-10.7,-7.4,-4.0,-7.4,2.0,6.9,8.0,1.0,,,,,,,,,,,,,,,,,,,,,,,,,,,,,,,,
1891,8,22700,-11.399999999999975,48.6,15.0,15.6,16.7,15.72,40.0,0.87,16.0,0.5,14.2,15.6,17.95,15.99,42.0,1.57,14.0,0.5,10.23,10.26,10.29,10.26,2.0,0.07,8.0,1.0,73.4,75.7,78.0,75.7,2.0,4.7,8.0,1.0,,,,,,,,,,,,,,,,,,,,,,,,,,,,,,,,,,,,,,,,,,,,,,,,,,,,,,,,,,,,,,,,,,,,,,,,,,,,,,,,,,,,,,,,,,,,,,,,,,,,,,,,,,,,,,,,,,,,,,,,,,,,,,,,,,,,,,,,,,,,,,,,,,,,,,,,,,,,,,,,
1891,8,22700,-11.300000000000011,36.5,,,,,,,,,,,,,,,,,,,,,,,,,,,,,,,,,,,,,,,,,,,,,,,,,,,,,,,,,,,,,,,,,,,,,,,,,,,,,,,,,,,,,,,,,,,,,,,,,,,,,,,,,,,,,,,,,,,,,,,,,,,,,,,,,,,,,,,,,,,,,,,,,,,,,,,,,,,,,,,,,-4.3,-2.0,0.6,-2.0,13.0,3.4,16.0,0.2,-14.6,-5.8,-2.4,-7.8,13.0,6.1,16.0,0.2,11.0,97.5,804.5,369.5,30.0,562.5,16.0,0.4,10.0,95.0,805.0,370.0,30.0,565.0,16.0,0.4
1891,8,22700,-11.300000000000011,40.5,,,,,,,,,,,,,,,,,,,,,,,,,,,,,,,,,,,,,,,,,,,,,,,,,,,,,,,,,,,,,,,,,,,,,,,,,,,,,,,,,,,,,,,,,,,,,,,,,,,,,,,,,,,,,,,,,,,,,,,,,,,,,,,,,,,,,,,,,,,,,,,,,,,,,,,,,,,,,,,,,0.5,1.1,2.6,1.3,6.0,1.1,22.0,0.3,-8.1,-1.2,0.3,-3.3,6.0,5.0,22.0,0.3,1.0,97.5,941.0,483.5,29.0,833.0,20.0,0.5,0.0,95.0,940.0,485.0,29.0,835.0,20.0,0.5
1891,8,22700,-11.300000000000011,42.4,18.3,18.7,19.4,18.7,27.0,0.79,22.0,0.5,18.4,19.4,21.06,19.61,29.0,1.48,22.0,0.5,12.13,12.13,12.13,12.13,1.0,0.0,30.0,0.0,89.9,89.9,89.9,89.9,1.0,0.0,30.0,0.0,4.6,4.6,8.56,5.5,28.0,2.56,22.0,0.5,1.18,4.23,5.72,3.55,28.0,2.57,22.0,0.5,-4.42,-1.8,1.8,-2.13,28.0,3.68,22.0,0.5,1017.16,1019.0,1020.78,1018.86,15.0,1.67,28.0,0.6,2.0,3.0,7.7,3.7,28.0,2.6,22.0,0.5,89.9,89.9,89.9,89.9,1.0,0.0,30.0,0.0,4.3,19.5,37.8,19.9,28.0,20.8,22.0,0.5,-29.1,-8.3,8.3,-18.8,28.0,37.2,22.0,0.5,-2.8,-0.3,0.45,-1.0,27.0,1.47,22.0,0.5,-15.6,-1.4,1.2,-7.0,27.0,11.6,22.0,0.5,1.21,1.21,1.21,1.21,1.0,0.0,30.0,0.0,3.1,3.1,3.1,3.1,1.0,0.0,30.0,0.0,24.7,81.3,111.1,69.3,28.0,49.7,22.0,0.5,-95.5,-33.4,35.7,-41.8,28.0,74.6,22.0,0.5,23.4,23.4,23.4,23.4,1.0,0.0,30.0,0.0,-21.1,-21.1,-21.1,-21.1,1.0,0.0,30.0,0.0,,,,,,,,,,,,,,,,,,,,,,,,,,,,,,,,
1891,8,22700,-11.300000000000011,44.2,,,,,,,,,,,,,,,,,,,,,,,,,,,,,,,,,2.52,9.3,9.3,6.49,7.0,3.66,18.0,0.3,-3.66,-0.92,6.67,0.54,7.0,5.07,18.0,0.3,-8.6,-3.48,-0.37,-4.3,7.0,3.85,18.0,0.3,1016.79,1018.5,1019.94,1018.67,6.0,2.36,22.0,0.3,,,,,,,,,,,,,,,,,,,,,,,,,,,,,,,,,,,,,,,,,,,,,,,,,,,,,,,,,,,,,,,,,,,,,,,,,,,,,,,,,,,,,,,,,,,,,,,,,,,,,,,,,,,,,,,,,,,,,,,,,,,,,,,,
1891,8,22700,-11.300000000000011,54.6,,,,,,,,,,,,,,,,,,,,,,,,,,,,,,,,,6.7,6.7,9.32,7.89,7.0,1.49,22.0,0.4,0.0,0.0,2.01,0.94,7.0,1.81,22.0,0.4,-9.3,-6.7,-4.05,-4.83,7.0,6.57,22.0,0.4,1000.63,1003.0,1003.0,1002.0,5.0,1.41,20.0,0.4,,,,,,,,,,,,,,,,,,,,,,,,,,,,,,,,,,,,,,,,,,,,,,,,,,,,,,,,,,,,,,,,,,,,,,,,,,,,,,,,,,,,,,,,,,,,,,,,,,,,,,,,,,,,,,,,,,,,,,,,,,,,,,,,
1891,8,22700,-11.300000000000011,58.1,,,,,,,,,,,,,,,,,,,,,,,,,,,,,,,,,6.7,9.3,15.57,11.31,7.0,5.17,20.0,0.9,2.22,3.35,15.51,6.95,7.0,7.8,20.0,0.9,-5.87,6.21,8.67,2.71,7.0,7.1,20.0,0.9,1001.9,1005.0,1012.88,1006.94,5.0,6.24,26.0,0.8,,,,,,,,,,,,,,,,,,,,,,,,,,,,,,,,,,,,,,,,,,,,,,,,,,,,,,,,,,,,,,,,,,,,,,,,,,,,,,,,,,,,,,,,,,,,,,,,,,,,,,,,,,,,,,,,,,,,,,,,,,,,,,,,
1891,8,22700,-11.199999999999989,38.5,,,,,,,,,,,,,,,,,,,,,,,,,,,,,,,,,,,,,,,,,,,,,,,,,,,,,,,,,,,,,,,,,,,,,,,,,,,,,,,,,,,,,,,,,,,,,,,,,,,,,,,,,,,,,,,,,,,,,,,,,,,,,,,,,,,,,,,,,,,,,,,,,,,,,,,,,,,,,,,,,-1.7,0.2,0.3,-0.7,5.0,2.2,16.0,0.2,-5.8,-2.8,0.9,-2.7,5.0,4.2,16.0,0.2,0.5,97.5,1861.0,785.5,23.0,1289.0,16.0,0.4,0.0,95.0,1860.0,785.0,23.0,1290.0,16.0,0.4
1891,8,22700,-11.100000000000025,42.2,,,,,,,,,,,,,,,,,,,,,,,,,,,,,,,,,,,,,,,,,,,,,,,,,,,,,,,,,,,,,,,,,,,,,,,,,,,,,,,,,,,,,,,,,,,,,,,,,,,,,,,,,,,,,,,,,,,,,,,,,,,,,,,,,,,,,,,,,,,,,,,,,,,,,,,,,,,,,,,,,2.3,2.3,2.3,2.3,1.0,0.0,30.0,0.0,-2.1,-2.1,-2.1,-2.1,1.0,0.0,30.0,0.0,97.5,97.5,661.0,283.5,28.0,417.5,22.0,0.5,95.0,95.0,660.0,285.0,28.0,420.0,22.0,0.5
1891,8,22700,-9.899999999999975,40.5,,,,,,,,,,,,,,,,,,,,,,,,,,,,,,,,,,,,,,,,,,,,,,,,,,,,,,,,,,,,,,,,,,,,,,,,,,,,,,,,,,,,,,,,,,,,,,,,,,,,,,,,,,,,,,,,,,,,,,,,,,,,,,,,,,,,,,,,,,,,,,,,,,,,,,,,,,,,,,,,,-3.4,0.0,1.9,-0.9,16.0,3.6,16.0,0.6,-12.3,-5.3,-0.6,-7.1,16.0,6.7,16.0,0.6,1.0,97.5,804.5,377.5,75.0,712.5,16.0,0.6,0.0,95.0,805.0,375.0,75.0,715.0,16.0,0.6
1891,8,22700,-9.800000000000011,38.4,,,,,,,,,,,,,,,,,,,,,,,,,,,,,,,,,,,,,,,,,,,,,,,,,,,,,,,,,,,,,,,,,,,,,,,,,,,,,,,,,,,,,,,,,,,,,,,,,,,,,,,,,,,,,,,,,,,,,,,,,,,,,,,,,,,,,,,,,,,,,,,,,,,,,,,,,,,,,,,,,-2.0,0.1,2.2,-0.6,14.0,3.1,16.0,0.2,-12.8,-3.9,0.2,-5.2,14.0,6.5,16.0,0.2,1.0,97.5,804.5,387.0,76.0,624.5,16.0,0.3,0.0,95.0,805.0,385.0,76.0,625.0,16.0,0.3
1891,8,22700,-9.800000000000011,38.5,16.51,17.8,19.5,17.91,77.0,1.54,16.0,0.4,17.4,18.6,20.7,18.91,77.0,1.67,16.0,0.3,10.15,11.11,13.69,11.56,14.0,1.5,16.0,0.2,79.7,88.0,99.8,88.6,14.0,9.4,16.0,0.2,1.0,4.6,9.3,5.37,76.0,3.64,16.0,0.3,-0.36,0.0,2.31,0.62,76.0,1.9,16.0,0.3,-9.2,-4.6,0.0,-4.76,76.0,3.94,16.0,0.3,1016.4,1018.1,1020.45,1018.07,61.0,2.52,16.0,0.3,0.0,0.0,4.0,1.6,75.0,2.3,16.0,0.3,79.7,88.0,99.8,88.6,14.0,9.4,16.0,0.2,-2.2,0.0,13.7,5.0,76.0,16.9,16.0,0.3,-86.5,-21.2,0.0,-39.0,76.0,46.9,16.0,0.3,-3.2,-0.85,0.0,-1.05,76.0,1.79,16.0,0.3,-12.4,-3.7,0.0,-3.8,74.0,10.7,16.0,0.3,-0.15,0.9,1.9,0.84,14.0,1.18,16.0,0.2,-0.4,5.8,12.9,5.5,14.0,7.0,16.0,0.2,-5.9,0.0,41.1,11.9,75.0,36.1,16.0,0.3,-163.6,-87.4,0.0,-89.3,75.0,71.9,16.0,0.3,-25.7,10.6,22.8,3.3,14.0,21.2,16.0,0.2,-86.1,-58.1,0.0,-42.4,14.0,44.0,16.0,0.2,,,,,,,,,,,,,,,,,,,,,,,,,,,,,,,,
1891,8,22700,-9.800000000000011,40.5,16.16,17.5,18.8,17.67,74.0,1.38,16.0,0.6,17.5,18.6,20.68,18.9,74.0,1.52,16.0,0.6,10.52,11.73,13.18,11.79,16.0,1.33,16.0,0.6,81.9,88.4,96.1,89.0,16.0,7.7,16.0,0.6,1.0,4.6,9.3,5.03,75.0,3.76,16.0,0.6,-0.91,0.0,1.72,0.46,75.0,1.98,16.0,0.6,-8.75,-2.6,0.0,-3.51,75.0,4.81,16.0,0.6,1016.2,1018.75,1021.6,1018.9,64.0,3.32,16.0,0.6,0.0,2.0,6.0,2.8,72.0,2.7,16.0,0.6,81.9,88.4,96.1,89.0,16.0,7.7,16.0,0.6,-2.2,0.0,7.9,2.3,75.0,15.6,16.0,0.6,-81.4,-6.8,0.0,-29.8,75.0,55.3,16.0,0.6,-2.77,-1.0,0.04,-1.23,74.0,1.8,16.0,0.6,-13.9,-3.5,0.0,-5.4,74.0,9.9,16.0,0.6,-0.54,1.34,1.75,0.89,16.0,1.33,16.0,0.6,-1.3,3.9,12.7,5.4,16.0,9.1,16.0,0.6,-16.1,0.0,35.3,9.3,74.0,37.4,16.0,0.6,-161.0,-63.2,0.0,-64.6,74.0,88.6,16.0,0.6,-20.4,4.4,16.3,1.1,16.0,22.8,16.0,0.6,-78.3,-38.5,23.2,-27.6,16.0,62.8,16.0,0.6,,,,,,,,,,,,,,,,,,,,,,,,,,,,,,,,
1891,8,22700,-9.699999999999989,42.5,16.21,17.85,18.9,17.66,90.0,1.3,16.0,0.5,17.09,18.65,20.0,18.79,92.0,1.55,16.0,0.5,10.0,11.78,12.89,11.56,27.0,1.36,16.0,0.6,81.0,91.0,93.8,88.1,27.0,7.3,16.0,0.6,2.6,4.6,9.3,5.71,92.0,3.52,16.0,0.5,-1.8,0.04,4.21,1.06,92.0,3.35,16.0,0.5,-6.7,-3.17,0.31,-3.01,92.0,4.87,16.0,0.5,1016.65,1020.35,1023.5,1019.78,76.0,4.03,18.0,0.5,0.0,2.0,6.0,3.2,92.0,2.5,16.0,0.5,81.0,91.0,93.8,88.1,27.0,7.3,16.0,0.6,-8.3,0.2,28.9,7.5,92.0,30.0,16.0,0.5,-57.9,-15.9,0.5,-25.1,92.0,53.1,16.0,0.5,-2.78,-1.1,0.3,-1.15,90.0,1.53,16.0,0.5,-14.6,-4.3,0.4,-5.9,90.0,9.8,16.0,0.5,-0.07,0.96,2.66,1.15,27.0,1.28,16.0,0.6,-0.3,4.1,14.8,6.6,27.0,8.3,16.0,0.6,-32.2,0.8,74.2,19.4,92.0,64.2,16.0,0.5,-127.5,-59.6,5.5,-54.5,92.0,89.6,16.0,0.5,-3.5,1.2,38.6,13.2,27.0,25.0,16.0,0.6,-66.9,-12.2,54.5,-12.8,27.0,60.7,16.0,0.6,-0.5,0.0,5.3,1.4,27.0,3.3,16.0,0.6,-14.7,-2.0,0.5,-5.6,27.0,8.3,16.0,0.6,17.5,97.5,804.5,416.0,92.0,672.0,16.0,0.5,20.0,95.0,805.0,415.0,92.0,670.0,16.0,0.5
1891,8,22700,-9.600000000000025,36.7,,,,,,,,,,,,,,,,,,,,,,,,,,,,,,,,,,,,,,,,,,,,,,,,,,,,,,,,,,,,,,,,,,,,,,,,,,,,,,,,,,,,,,,,,,,,,,,,,,,,,,,,,,,,,,,,,,,,,,,,,,,,,,,,,,,,,,,,,,,,,,,,,,,,,,,,,,,,,,,,,-0.6,0.0,4.7,1.3,8.0,2.9,16.0,0.8,-5.5,0.0,0.3,-2.3,8.0,4.4,16.0,0.8,1.0,97.5,848.0,404.5,62.0,707.5,14.0,0.6,0.0,95.0,850.0,405.0,62.0,710.0,14.0,0.6
1891,8,22700,-9.5,-35.2,,,,,,,,,,,,,,,,,,,,,,,,,,,,,,,,,9.3,12.3,12.3,11.1,5.0,1.64,10.0,0.4,0.0,0.0,0.0,0.0,5.0,0.0,10.0,0.4,9.3,12.3,12.3,11.1,5.0,1.64,10.0,0.4,1026.56,1028.6,1030.02,1028.32,5.0,1.92,10.0,0.4,,,,,,,,,,,,,,,,,,,,,,,,,,,,,,,,,,,,,,,,,,,,,,,,,,,,,,,,,,,,,,,,,,,,,,,,,,,,,,,,,,,,,,,,,,,,,,,,,,,,,,,,,,,,,,,,,,,,,,,,,,,,,,,,
1891,8,22700,-9.5,2.3,,,,,,,,,,,,,,,,,,,,,,,,,,,,,,,,,1.24,2.6,3.65,2.45,4.0,1.89,2.0,0.5,0.0,0.0,0.94,0.45,4.0,0.9,2.0,0.5,1.24,2.6,3.46,2.36,4.0,1.75,2.0,0.5,1017.74,1018.3,1018.96,1018.35,4.0,0.73,2.0,0.5,,,,,,,,,,,,,,,,,,,,,,,,,,,,,,,,,,,,,,,,,,,,,,,,,,,,,,,,,,,,,,,,,,,,,,,,,,,,,,,,,,,,,,,,,,,,,,,,,,,,,,,,,,,,,,,,,,,,,,,,,,,,,,,,
1891,8,22700,-9.5,36.6,17.97,19.3,21.13,19.48,63.0,1.64,14.0,0.6,18.47,20.2,22.4,20.52,63.0,2.04,14.0,0.6,12.04,13.09,14.04,13.08,8.0,1.09,16.0,0.8,75.7,86.1,94.7,85.4,8.0,8.7,16.0,0.8,1.0,4.6,9.46,5.11,62.0,3.87,14.0,0.6,-0.98,0.0,3.21,0.64,62.0,2.7,14.0,0.6,-8.8,-3.42,0.0,-4.08,62.0,4.12,14.0,0.6,1015.5,1017.3,1020.6,1017.9,49.0,2.93,14.0,0.7,0.0,0.0,2.0,0.7,63.0,1.2,14.0,0.6,75.7,86.1,94.7,85.4,8.0,8.7,16.0,0.8,-2.3,0.0,17.0,6.5,62.0,25.4,14.0,0.6,-81.8,-16.8,0.0,-35.0,62.0,51.2,14.0,0.6,-2.86,-0.9,0.72,-1.04,63.0,2.11,14.0,0.6,-8.9,-1.2,3.7,-2.4,62.0,13.0,14.0,0.6,0.12,1.01,1.93,0.99,8.0,0.81,16.0,0.8,0.1,2.5,5.7,3.7,8.0,4.5,16.0,0.8,-19.9,0.0,61.9,11.9,62.0,51.9,14.0,0.6,-179.2,-66.7,0.0,-81.3,62.0,80.6,14.0,0.6,-6.0,-2.4,28.4,7.2,8.0,19.7,16.0,0.8,-56.9,0.0,12.7,-17.9,8.0,35.5,16.0,0.8,,,,,,,,,,,,,,,,,,,,,,,,,,,,,,,,
1891,8,22700,-9.399999999999975,46.4,,,,,,,,,,,,,,,,,,,,,,,,,,,,,,,,,2.6,9.3,13.19,9.13,37.0,4.94,20.0,0.6,1.57,5.77,9.88,5.7,37.0,4.38,20.0,0.6,-2.24,4.23,9.9,4.21,37.0,6.26,20.0,0.6,1002.56,1011.2,1019.12,1011.41,34.0,7.81,20.0,0.5,,,,,,,,,,,,,,,,,,,,,,,,,,,,,,,,,,,,,,,,,,,,,,,,,,,,,,,,,,,,,,,,,,,,,,,,,,,,,,,,,,,,,,,,,,,,,,,,,,,,,,,,,,,,,,,,,,,,,,,,,,,,,,,,
1891,8,22700,-9.399999999999975,48.6,15.0,16.0,17.0,16.03,67.0,0.83,18.0,0.5,14.63,16.65,18.07,16.37,66.0,1.56,18.0,0.5,9.34,9.91,10.26,9.82,5.0,0.63,16.0,0.0,85.5,89.1,89.5,87.7,5.0,2.4,16.0,0.0,4.6,9.3,13.59,8.93,74.0,4.52,16.0,0.5,2.27,6.21,11.07,6.19,74.0,4.23,16.0,0.5,-5.29,0.0,8.61,0.61,74.0,6.64,16.0,0.5,1000.5,1013.7,1019.48,1011.21,41.0,8.98,16.0,0.5,3.0,6.0,8.0,5.7,75.0,2.2,18.0,0.5,85.5,89.1,89.5,87.7,5.0,2.4,16.0,0.0,6.7,42.8,140.3,68.3,74.0,69.4,16.0,0.5,-42.4,0.0,117.6,17.8,74.0,94.0,16.0,0.5,-1.4,-0.1,0.93,-0.25,60.0,1.19,18.0,0.5,-11.4,0.0,6.6,-2.4,59.0,10.8,18.0,0.5,0.92,1.24,1.5,1.2,5.0,0.42,16.0,0.0,4.6,6.3,18.5,11.0,5.0,9.6,16.0,0.0,35.3,108.1,169.2,98.1,65.0,70.1,18.0,0.5,-84.6,0.0,137.5,10.5,65.0,111.9,18.0,0.5,42.5,44.5,58.1,50.3,5.0,13.7,16.0,0.0,-106.1,-12.7,-8.9,-50.2,5.0,57.9,16.0,0.0,,,,,,,,,,,,,,,,,,,,,,,,,,,,,,,,
1891,8,22700,-9.399999999999975,48.9,,,,,,,,,,,,,,,,,,,,,,,,,,,,,,,,,,,,,,,,,,,,,,,,,,,,,,,,,,,,,,,,,,,,,,,,,,,,,,,,,,,,,,,,,,,,,,,,,,,,,,,,,,,,,,,,,,,,,,,,,,,,,,,,,,,,,,,,,,,,,,,,,,,,,,,,,,,,,,,,,4.4,6.1,8.1,6.1,5.0,2.4,16.0,0.0,-16.1,-1.7,-1.0,-7.9,5.0,10.6,16.0,0.0,97.5,804.5,2604.0,1289.0,74.0,1727.5,16.0,0.5,95.0,805.0,2605.0,1290.0,74.0,1725.0,16.0,0.5
1891,8,22700,-9.399999999999975,50.6,,,,,,,,,,,,,,,,,,,,,,,,,,,,,,,,,4.6,6.7,9.8,7.9,14.0,3.93,8.0,0.4,4.29,6.43,9.02,6.5,14.0,2.49,8.0,0.4,-3.83,0.0,1.65,-2.14,14.0,5.1,8.0,0.4,1006.52,1011.3,1016.08,1011.3,2.0,9.9,10.0,0.0,,,,,,,,,,,,,,,,,,,,,,,,,,,,,,,,,,,,,,,,,,,,,,,,,,,,,,,,,,,,,,,,,,,,,,,,,,,,,,,,,,,,,,,,,,,,,,,,,,,,,,,,,,,,,,,,,,,,,,,,,,,,,,,,
1891,8,22700,-9.300000000000011,44.3,17.2,18.0,18.8,17.99,95.0,0.88,18.0,0.4,17.28,18.3,20.0,18.45,94.0,1.45,18.0,0.4,9.72,11.77,13.06,11.41,13.0,1.65,20.0,0.1,75.5,93.2,97.0,88.9,13.0,9.6,20.0,0.1,2.6,6.7,12.3,7.48,97.0,4.36,18.0,0.4,-0.99,4.23,11.32,4.17,97.0,5.92,18.0,0.4,-5.38,-0.34,3.63,-0.73,97.0,4.74,18.0,0.4,1012.07,1017.6,1022.78,1016.74,75.0,6.37,20.0,0.4,2.0,4.0,7.0,4.1,97.0,2.4,18.0,0.4,75.5,93.2,97.0,88.9,13.0,9.6,20.0,0.1,-2.6,19.5,139.3,48.4,97.0,77.6,18.0,0.4,-41.3,-0.3,33.8,-2.8,97.0,56.6,18.0,0.4,-2.0,-0.2,0.6,-0.52,90.0,1.38,18.0,0.4,-18.6,-1.3,4.0,-4.7,88.0,12.6,18.0,0.4,-0.08,1.06,3.28,1.44,13.0,1.4,20.0,0.1,-0.8,5.7,13.5,6.0,13.0,6.2,20.0,0.1,-21.4,72.9,198.9,75.6,92.0,111.6,18.0,0.4,-98.8,-6.7,69.7,-14.3,92.0,87.3,18.0,0.4,-0.1,32.6,57.8,35.1,13.0,38.0,20.0,0.1,-36.5,1.8,41.3,10.9,13.0,48.2,20.0,0.1,,,,,,,,,,,,,,,,,,,,,,,,,,,,,,,,
1891,8,22700,-9.300000000000011,54.5,,,,,,,,,,,,,,,,,,,,,,,,,,,,,,,,,4.6,6.7,12.25,7.3,20.0,3.72,22.0,0.5,0.0,0.0,1.79,0.72,20.0,1.34,22.0,0.5,-12.25,-6.7,0.91,-5.17,20.0,6.28,22.0,0.5,1005.43,1010.0,1013.14,1009.11,19.0,4.45,22.0,0.6,,,,,,,,,,,,,,,,,,,,,,,,,,,,,,,,,,,,,,,,,,,,,,,,,,,,,,,,,,,,,,,,,,,,,,,,,,,,,,,,,,,,,,,,,,,,,,,,,,,,,,,,,,,,,,,,,,,,,,,,,,,,,,,,
1891,8,22700,-9.300000000000011,58.4,,,,,,,,,,,,,,,,,,,,,,,,,,,,,,,,,1.18,9.3,12.3,7.9,8.0,5.63,18.0,0.8,-3.5,-0.51,7.78,1.01,8.0,5.72,18.0,0.8,-0.71,5.48,10.65,4.12,8.0,7.05,18.0,0.8,991.33,998.5,1009.8,1000.31,8.0,8.78,28.0,0.6,,,,,,,,,,,,,,,,,,,,,,,,,,,,,,,,,,,,,,,,,,,,,,,,,,,,,,,,,,,,,,,,,,,,,,,,,,,,,,,,,,,,,,,,,,,,,,,,,,,,,,,,,,,,,,,,,,,,,,,,,,,,,,,,
1891,8,22700,-9.199999999999989,44.3,,,,,,,,,,,,,,,,,,,,,,,,,,,,,,,,,,,,,,,,,,,,,,,,,,,,,,,,,,,,,,,,,,,,,,,,,,,,,,,,,,,,,,,,,,,,,,,,,,,,,,,,,,,,,,,,,,,,,,,,,,,,,,,,,,,,,,,,,,,,,,,,,,,,,,,,,,,,,,,,,-0.6,0.6,8.8,3.4,13.0,5.1,20.0,0.1,-8.1,-0.5,1.2,-2.5,13.0,5.7,20.0,0.1,17.5,301.0,1861.0,878.0,97.0,1303.0,18.0,0.4,20.0,300.0,1860.0,880.0,97.0,1305.0,18.0,0.4
1891,8,22700,-7.800000000000011,44.7,16.55,17.8,18.65,17.68,34.0,1.12,14.0,0.5,17.38,17.95,20.02,18.31,32.0,1.33,16.0,0.5,9.21,11.19,12.06,10.83,10.0,1.36,16.0,0.6,75.1,91.0,94.7,87.1,11.0,9.8,16.0,0.5,2.6,4.6,9.1,5.98,33.0,3.51,14.0,0.5,-2.49,2.46,6.55,2.63,33.0,5.02,14.0,0.5,-4.74,-1.72,2.51,-1.71,33.0,3.73,14.0,0.5,1014.55,1020.4,1023.91,1018.96,23.0,5.02,16.0,0.4,3.0,5.0,7.2,5.0,31.0,2.1,16.0,0.5,75.1,91.0,94.7,87.1,11.0,9.8,16.0,0.5,-8.3,7.9,59.6,27.5,33.0,55.9,14.0,0.5,-31.7,-6.7,16.7,-14.8,33.0,39.6,14.0,0.5,-2.51,-0.1,0.82,-0.62,32.0,1.49,16.0,0.5,-15.6,-0.7,4.6,-3.9,31.0,10.4,16.0,0.5,0.81,1.35,3.04,1.83,10.0,1.2,16.0,0.6,3.5,10.2,15.0,9.6,10.0,5.8,16.0,0.6,-54.9,41.8,126.7,49.0,31.0,92.5,16.0,0.5,-86.8,-30.7,47.7,-30.7,31.0,69.1,16.0,0.5,21.3,55.9,80.1,53.7,10.0,33.1,16.0,0.6,-26.5,4.0,38.0,8.7,10.0,35.7,16.0,0.6,2.9,6.6,14.2,7.8,10.0,6.0,16.0,0.6,-5.0,1.1,2.8,-0.8,10.0,5.6,16.0,0.6,17.5,97.5,765.0,473.5,33.0,896.0,14.0,0.5,20.0,95.0,765.0,475.0,33.0,895.0,14.0,0.5
1891,8,22700,-7.699999999999989,-35.2,,,,,,,,,,,,,,,,,,,,,,,,,,,,,,,,,6.7,6.7,6.7,6.7,1.0,0.0,10.0,1.0,0.0,0.0,0.0,0.0,1.0,0.0,10.0,1.0,6.7,6.7,6.7,6.7,1.0,0.0,10.0,1.0,1031.1,1031.1,1031.1,1031.1,1.0,0.0,10.0,1.0,,,,,,,,,,,,,,,,,,,,,,,,,,,,,,,,,,,,,,,,,,,,,,,,,,,,,,,,,,,,,,,,,,,,,,,,,,,,,,,,,,,,,,,,,,,,,,,,,,,,,,,,,,,,,,,,,,,,,,,,,,,,,,,,
1891,8,22700,-7.5,0.7,,,,,,,,,,,,,,,,,,,,,,,,,,,,,,,,,2.6,2.6,4.6,3.35,8.0,1.04,2.0,0.4,-1.53,0.0,0.0,-0.43,8.0,0.8,2.0,0.4,2.6,2.6,4.27,3.27,8.0,0.93,2.0,0.4,1016.71,1017.2,1017.78,1017.31,8.0,0.67,2.0,0.4,,,,,,,,,,,,,,,,,,,,,,,,,,,,,,,,,,,,,,,,,,,,,,,,,,,,,,,,,,,,,,,,,,,,,,,,,,,,,,,,,,,,,,,,,,,,,,,,,,,,,,,,,,,,,,,,,,,,,,,,,,,,,,,,
1891,8,22700,-7.5,36.2,20.79,21.5,22.5,21.64,50.0,1.14,16.0,0.3,21.58,22.65,24.04,22.84,50.0,1.69,16.0,0.3,13.24,14.58,15.14,14.24,5.0,1.11,18.0,0.2,79.7,80.8,89.5,83.9,5.0,5.5,18.0,0.2,1.0,4.6,6.7,4.63,49.0,3.05,16.0,0.3,-5.79,0.0,3.25,-0.86,49.0,4.45,16.0,0.3,-4.65,-1.0,1.81,-1.2,49.0,3.02,16.0,0.3,1014.9,1016.1,1020.11,1017.06,45.0,3.26,16.0,0.3,0.0,0.0,2.0,0.6,52.0,1.2,16.0,0.3,79.7,80.8,89.5,83.9,5.0,5.5,18.0,0.2,-38.8,0.0,15.7,-8.3,49.0,38.8,16.0,0.3,-27.8,-1.8,6.1,-5.6,49.0,24.2,16.0,0.3,-2.44,-1.0,-0.06,-1.27,49.0,1.68,16.0,0.3,-9.8,-2.6,0.0,-4.6,47.0,8.2,16.0,0.3,1.02,1.46,2.73,1.79,5.0,1.08,18.0,0.2,1.3,6.7,29.0,14.4,5.0,17.0,18.0,0.2,-130.1,0.0,77.6,-15.4,48.0,95.5,16.0,0.3,-103.5,-24.1,32.7,-30.0,48.0,65.3,16.0,0.3,-126.4,-63.4,13.5,-58.7,5.0,71.3,18.0,0.2,-37.2,-5.9,44.7,4.4,5.0,47.8,18.0,0.2,-26.5,-6.2,0.7,-12.3,5.0,15.9,18.0,0.2,-3.1,-0.5,8.9,2.8,5.0,10.0,18.0,0.2,1.0,97.5,301.0,241.0,49.0,404.5,16.0,0.3,0.0,95.0,300.0,240.0,49.0,405.0,16.0,0.3
1891,8,22700,-7.5,50.5,,,,,,,,,,,,,,,,,,,,,,,,,,,,,,,,,2.95,4.6,9.8,5.78,21.0,3.08,20.0,0.4,0.84,4.27,7.86,3.71,21.0,3.92,20.0,0.4,-2.45,0.0,4.03,0.21,21.0,3.82,20.0,0.4,1001.1,1001.1,1001.1,1001.1,1.0,0.0,18.0,0.0,,,,,,,,,,,,,,,,,,,,,,,,,,,,,,,,,,,,,,,,,,,,,,,,,,,,,,,,,,,,,,,,,,,,,,,,,,,,,,,,,,,,,,,,,,,,,,,,,,,,,,,,,,,,,,,,,,,,,,,,,,,,,,,,
1891,8,22700,-7.399999999999977,-33.7,,,,,,,,,,,,,,,,,,,,,,,,,,,,,,,,,6.7,8.0,9.3,8.0,4.0,1.5,10.0,0.3,0.0,0.0,0.0,0.0,4.0,0.0,10.0,0.3,6.7,8.0,9.3,8.0,4.0,1.5,10.0,0.3,1032.42,1033.2,1033.87,1033.15,4.0,0.99,10.0,0.3,,,,,,,,,,,,,,,,,,,,,,,,,,,,,,,,,,,,,,,,,,,,,,,,,,,,,,,,,,,,,,,,,,,,,,,,,,,,,,,,,,,,,,,,,,,,,,,,,,,,,,,,,,,,,,,,,,,,,,,,,,,,,,,,
1891,8,22700,-7.399999999999977,46.4,,,,,,,,,,,,,,,,,,,,,,,,,,,,,,,,,,,,,,,,,,,,,,,,,,,,,,,,,,,,,,,,,,,,,,,,,,,,,,,,,,,,,,,,,,,,,,,,,,,,,,,,,,,,,,,,,,,,,,,,,,,,,,,,,,,,,,,,,,,,,,,,,,,,,,,,,,,,,,,,,0.0,2.6,10.7,4.5,22.0,5.5,16.0,0.8,-7.5,0.5,3.9,-1.0,22.0,6.3,16.0,0.8,17.5,301.0,1861.0,882.5,115.0,1600.0,16.0,0.6,20.0,300.0,1860.0,885.0,115.0,1600.0,16.0,0.6
1891,8,22700,-7.399999999999977,46.5,16.0,17.0,18.0,16.93,113.0,0.95,16.0,0.6,16.1,17.5,19.4,17.66,114.0,1.78,16.0,0.6,9.77,11.4,12.44,11.28,23.0,1.21,16.0,0.8,85.1,91.3,95.5,89.2,24.0,8.9,16.0,0.8,2.6,6.7,12.3,6.93,115.0,4.69,16.0,0.6,0.0,4.23,8.7,4.48,115.0,4.95,16.0,0.6,-4.73,0.0,4.73,0.36,115.0,5.05,16.0,0.6,1004.19,1016.5,1022.5,1014.57,86.0,8.65,18.0,0.6,3.0,6.0,8.0,5.3,111.0,2.2,16.0,0.6,85.1,91.3,95.5,89.2,24.0,8.9,16.0,0.8,0.0,19.6,107.0,51.4,115.0,75.7,16.0,0.6,-31.7,0.0,53.3,11.7,115.0,66.0,16.0,0.6,-2.46,-0.6,0.6,-0.74,109.0,1.64,16.0,0.6,-15.1,-2.1,2.9,-5.9,105.0,13.9,16.0,0.6,0.19,0.97,2.21,1.12,23.0,1.11,16.0,0.8,0.2,3.7,12.8,6.2,22.0,7.2,16.0,0.8,0.0,73.9,176.7,82.6,110.0,86.7,16.0,0.6,-71.8,0.0,98.6,10.0,110.0,88.0,16.0,0.6,15.8,71.2,102.2,67.5,22.0,44.1,16.0,0.8,-36.4,9.3,88.0,17.2,22.0,56.7,16.0,0.8,,,,,,,,,,,,,,,,,,,,,,,,,,,,,,,,
1891,8,22700,-7.399999999999977,48.6,15.1,16.0,16.7,15.92,64.0,0.85,16.0,0.5,15.0,16.05,17.75,16.27,72.0,1.39,14.0,0.5,9.56,9.86,10.14,9.85,4.0,0.34,10.0,0.3,88.4,90.2,92.3,90.4,4.0,2.6,10.0,0.3,4.6,6.7,9.8,7.71,73.0,3.42,14.0,0.5,3.1,6.17,8.7,5.94,73.0,3.4,14.0,0.5,-6.17,0.0,4.68,0.01,73.0,4.96,14.0,0.5,1008.55,1016.2,1019.52,1014.92,51.0,5.55,14.0,0.4,2.7,6.0,8.0,5.3,75.0,2.3,14.0,0.5,88.4,90.2,92.3,90.4,4.0,2.6,10.0,0.3,17.5,41.6,91.0,55.4,73.0,56.7,14.0,0.5,-41.3,0.0,35.8,3.2,73.0,59.2,14.0,0.5,-1.6,0.0,0.95,-0.31,61.0,1.39,16.0,0.5,-12.3,-0.3,5.6,-2.6,58.0,10.4,16.0,0.5,1.1,1.51,2.39,1.73,4.0,0.84,10.0,0.3,5.1,6.5,12.5,8.7,4.0,5.7,10.0,0.3,44.9,94.4,142.4,95.9,69.0,58.2,14.0,0.5,-93.2,0.0,84.0,4.3,69.0,81.8,14.0,0.5,20.3,45.6,51.7,36.4,4.0,25.9,10.0,0.3,-48.1,-19.2,-7.8,-27.5,4.0,29.3,10.0,0.3,,,,,,,,,,,,,,,,,,,,,,,,,,,,,,,,
1891,8,22700,-7.399999999999977,58.5,,,,,,,,,,,,,,,,,,,,,,,,,,,,,,,,,5.5,8.0,14.07,8.9,10.0,4.33,20.0,0.7,-6.16,-0.92,1.28,-2.28,10.0,4.72,20.0,0.7,-12.03,-6.69,-1.81,-6.92,10.0,5.05,20.0,0.7,986.38,1005.65,1007.73,1000.12,6.0,11.58,24.0,0.8,,,,,,,,,,,,,,,,,,,,,,,,,,,,,,,,,,,,,,,,,,,,,,,,,,,,,,,,,,,,,,,,,,,,,,,,,,,,,,,,,,,,,,,,,,,,,,,,,,,,,,,,,,,,,,,,,,,,,,,,,,,,,,,,
1891,8,22700,-7.300000000000011,48.7,,,,,,,,,,,,,,,,,,,,,,,,,,,,,,,,,,,,,,,,,,,,,,,,,,,,,,,,,,,,,,,,,,,,,,,,,,,,,,,,,,,,,,,,,,,,,,,,,,,,,,,,,,,,,,,,,,,,,,,,,,,,,,,,,,,,,,,,,,,,,,,,,,,,,,,,,,,,,,,,,2.0,5.0,8.1,5.0,4.0,4.6,10.0,0.3,-10.5,-4.5,-0.9,-5.7,4.0,6.0,10.0,0.3,97.5,301.0,941.0,769.5,73.0,1258.5,14.0,0.5,95.0,300.0,940.0,770.0,73.0,1260.0,14.0,0.5
1891,8,22700,-7.199999999999989,34.8,,,,,,,,,,,,,,,,,,,,,,,,,,,,,,,,,12.3,12.3,12.3,12.3,1.0,0.0,8.0,0.0,-11.32,-11.32,-11.32,-11.32,1.0,0.0,8.0,0.0,4.81,4.81,4.81,4.81,1.0,0.0,8.0,0.0,1013.25,1013.8,1014.35,1013.8,2.0,1.13,10.0,0.0,,,,,,,,,,,,,,,,,,,,,,,,,,,,,,,,,,,,,,,,,,,,,,,,,,,,,,,,,,,,,,,,,,,,,,,,,,,,,,,,,,,,,,,,,,,,,,,,,,,,,,,,,,,,,,,,,,,,,,,,,,,,,,,,
1891,8,22700,-7.199999999999989,34.9,22.0,22.0,22.0,22.0,2.0,0.0,10.0,0.0,20.66,20.8,20.94,20.8,2.0,0.28,10.0,0.0,11.07,11.07,11.07,11.07,1.0,0.0,14.0,0.0,71.7,71.7,71.7,71.7,1.0,0.0,14.0,0.0,,,,,,,,,,,,,,,,,,,,,,,,,,,,,,,,,0.0,0.0,0.0,0.0,2.0,0.0,10.0,0.0,71.7,71.7,71.7,71.7,1.0,0.0,14.0,0.0,-139.3,-139.3,-139.3,-139.3,1.0,0.0,8.0,0.0,59.1,59.1,59.1,59.1,1.0,0.0,8.0,0.0,,,,,,,,,,,,,,,,,,,,,,,,,,,,,,,,,,,,,,,,,,,,,,,,,,,,,,,,,,,,,,,,,,,,,,,,,,,,,,,,,,,,,,,,,,,,,,,,
1891,8,22700,-5.899999999999977,46.8,15.13,16.5,17.47,16.32,9.0,1.66,14.0,0.8,16.22,16.9,18.53,17.44,8.0,1.7,16.0,0.8,10.75,11.16,11.4,11.08,3.0,0.48,10.0,0.7,79.3,87.5,90.6,85.0,3.0,8.6,10.0,0.7,1.97,4.6,6.7,5.36,9.0,3.42,14.0,0.8,1.27,3.75,6.15,3.69,9.0,2.29,14.0,0.8,-3.25,-0.84,4.31,0.29,9.0,4.82,14.0,0.8,1010.35,1018.6,1020.76,1017.0,8.0,5.06,14.0,0.9,3.3,6.0,8.0,5.8,9.0,2.4,14.0,0.8,79.3,87.5,90.6,85.0,3.0,8.6,10.0,0.7,4.4,17.5,41.2,26.1,9.0,26.1,14.0,0.8,-15.0,-0.8,28.2,10.4,9.0,47.1,14.0,0.8,-1.09,-0.65,-0.6,-0.71,8.0,0.86,16.0,0.8,-6.4,-3.0,-1.2,-2.6,8.0,4.3,16.0,0.8,1.09,1.68,1.83,1.47,3.0,0.57,10.0,0.7,3.0,5.5,9.4,6.2,3.0,4.7,10.0,0.7,14.9,61.1,106.8,63.0,8.0,41.0,16.0,0.8,-51.6,-3.0,79.2,11.7,8.0,84.0,16.0,0.8,19.2,52.9,64.9,42.3,3.0,34.7,10.0,0.7,-34.1,6.2,9.4,-11.9,3.0,35.5,10.0,0.7,1.6,3.9,8.9,5.2,3.0,5.4,10.0,0.7,-2.3,1.0,1.5,-0.4,3.0,3.1,10.0,0.7,27.0,97.5,301.0,339.5,9.0,583.5,14.0,0.8,25.0,95.0,300.0,340.0,9.0,585.0,14.0,0.8
1891,8,22700,-5.800000000000011,34.8,,,,,,,,,,,,,,,,,,,,,,,,,,,,,,,,,0.63,2.6,6.14,3.7,5.0,4.93,14.0,0.4,-6.0,-1.0,0.9,-2.64,5.0,5.68,14.0,0.4,0.0,0.0,0.92,0.38,5.0,0.53,14.0,0.4,1013.29,1015.0,1020.54,1016.83,4.0,5.83,14.0,0.3,,,,,,,,,,,,,,,,,,,,,,,,,,,,,,,,,,,,,,,,,,,,,,,,,,,,,,,,,,,,,,,,,,,,,,,,,,,,,,,,,,,,,,,,,,,,,,,,,,,,,,,,,,,,,,,,,,,,,,,,,,,,,,,,
1891,8,22700,-5.600000000000023,-33.7,,,,,,,,,,,,,,,,,,,,,,,,,,,,,,,,,9.3,9.3,9.3,9.3,3.0,0.0,12.0,0.7,0.0,0.0,0.0,0.0,3.0,0.0,12.0,0.7,9.3,9.3,9.3,9.3,3.0,0.0,12.0,0.7,1033.0,1033.0,1033.0,1033.0,1.0,0.0,12.0,1.0,,,,,,,,,,,,,,,,,,,,,,,,,,,,,,,,,,,,,,,,,,,,,,,,,,,,,,,,,,,,,,,,,,,,,,,,,,,,,,,,,,,,,,,,,,,,,,,,,,,,,,,,,,,,,,,,,,,,,,,,,,,,,,,,
1891,8,22700,-5.600000000000023,0.3,,,,,,,,,,,,,,,,,,,,,,,,,,,,,,,,,4.6,4.6,6.03,5.3,3.0,1.21,4.0,0.7,0.0,0.0,0.0,0.0,3.0,0.0,4.0,0.7,4.6,4.6,6.03,5.3,3.0,1.21,4.0,0.7,1016.35,1017.1,1018.19,1017.27,3.0,1.36,4.0,0.7,,,,,,,,,,,,,,,,,,,,,,,,,,,,,,,,,,,,,,,,,,,,,,,,,,,,,,,,,,,,,,,,,,,,,,,,,,,,,,,,,,,,,,,,,,,,,,,,,,,,,,,,,,,,,,,,,,,,,,,,,,,,,,,,
1891,8,22700,-5.600000000000023,48.5,14.0,15.1,16.1,15.15,76.0,1.12,18.0,0.5,15.0,16.1,17.67,16.34,87.0,1.38,18.0,0.4,9.29,10.06,10.95,10.1,15.0,0.84,12.0,0.3,83.9,89.6,95.4,89.4,15.0,7.1,12.0,0.3,4.6,6.7,9.8,6.94,85.0,4.08,16.0,0.5,1.49,4.74,8.86,5.34,85.0,3.86,16.0,0.5,-3.04,0.98,4.74,1.48,85.0,4.4,16.0,0.5,1004.39,1015.8,1021.33,1014.18,49.0,7.26,16.0,0.4,2.0,6.0,8.0,5.4,85.0,2.6,18.0,0.4,83.9,89.6,95.4,89.4,15.0,7.1,12.0,0.3,5.3,31.7,87.1,50.9,85.0,65.1,16.0,0.5,-15.0,3.1,44.3,19.9,85.0,56.7,16.0,0.5,-3.17,-1.1,0.0,-1.3,73.0,1.5,18.0,0.5,-17.9,-5.5,0.0,-8.5,68.0,11.5,16.0,0.5,0.36,1.13,1.59,1.09,15.0,0.72,12.0,0.3,1.4,5.2,9.9,5.7,14.0,4.9,12.0,0.3,24.3,76.3,131.2,85.0,82.0,60.7,16.0,0.5,-45.4,15.6,78.3,23.1,82.0,70.0,16.0,0.5,17.9,46.1,64.0,42.0,14.0,23.3,12.0,0.3,-32.7,0.4,25.9,1.5,14.0,34.2,12.0,0.3,0.4,4.1,6.4,4.3,14.0,4.1,12.0,0.3,-2.7,-0.4,1.9,-0.3,14.0,4.8,12.0,0.3,97.5,301.0,941.0,752.5,85.0,1439.0,16.0,0.5,95.0,300.0,940.0,750.0,85.0,1440.0,16.0,0.5
1891,8,22700,-5.600000000000023,58.4,,,,,,,,,,,,,,,,,,,,,,,,,,,,,,,,,1.0,4.6,6.47,4.1,8.0,3.01,14.0,0.6,-4.24,-0.85,1.52,-1.51,8.0,2.92,14.0,0.6,-6.13,-0.79,-0.08,-1.89,8.0,3.61,14.0,0.6,1005.23,1005.3,1005.37,1005.3,2.0,0.14,20.0,1.0,,,,,,,,,,,,,,,,,,,,,,,,,,,,,,,,,,,,,,,,,,,,,,,,,,,,,,,,,,,,,,,,,,,,,,,,,,,,,,,,,,,,,,,,,,,,,,,,,,,,,,,,,,,,,,,,,,,,,,,,,,,,,,,,
1891,8,22700,-5.5,36.1,,,,,,,,,,,,,,,,,,,,,,,,,,,,,,,,,,,,,,,,,,,,,,,,,,,,,,,,,,,,,,,,,,,,,,,,,,,,,,,,,,,,,,,,,,,,,,,,,,,,,,,,,,,,,,,,,,,,,,,,,,,,,,,,,,,,,,,,,,,,,,,,,,,,,,,,,,,,,,,,,-11.0,-5.2,-1.5,-6.2,5.0,5.7,14.0,0.4,-0.5,0.0,2.5,1.0,5.0,2.9,14.0,0.4,1.0,97.5,804.5,447.0,40.0,844.0,16.0,0.6,0.0,95.0,805.0,445.0,40.0,845.0,16.0,0.6
1891,8,22700,-5.5,36.2,18.92,21.0,23.03,21.07,40.0,1.89,16.0,0.6,20.9,22.6,24.86,22.8,41.0,1.81,16.0,0.6,13.09,14.34,15.09,14.1,5.0,1.19,14.0,0.4,85.5,87.9,88.5,86.9,5.0,2.6,14.0,0.4,1.0,4.6,9.3,5.28,40.0,4.07,16.0,0.6,-6.42,0.0,4.74,-0.68,40.0,6.24,16.0,0.6,-1.79,0.0,1.1,0.03,40.0,2.4,16.0,0.6,1014.7,1017.0,1020.61,1017.54,37.0,3.16,16.0,0.6,0.0,1.0,3.0,1.3,41.0,1.6,16.0,0.6,85.5,87.9,88.5,86.9,5.0,2.6,14.0,0.4,-43.0,0.0,31.7,-7.0,40.0,68.1,16.0,0.6,-8.0,0.0,5.6,3.1,40.0,25.0,16.0,0.6,-3.16,-1.45,-0.32,-1.75,40.0,1.59,16.0,0.6,-18.4,-6.4,0.0,-8.5,39.0,9.2,16.0,0.7,0.33,0.81,0.99,0.67,5.0,0.42,14.0,0.4,1.5,5.4,11.5,6.5,5.0,6.1,14.0,0.4,-135.0,0.0,118.6,-11.7,40.0,140.4,16.0,0.6,-42.5,0.0,25.0,-0.2,40.0,56.6,16.0,0.6,-164.8,-80.1,-32.2,-93.8,5.0,83.9,14.0,0.4,-7.8,10.8,53.3,22.0,5.0,41.2,14.0,0.4,,,,,,,,,,,,,,,,,,,,,,,,,,,,,,,,
1891,8,22700,-5.5,50.2,,,,,,,,,,,,,,,,,,,,,,,,,,,,,,,,,5.2,9.8,12.3,8.74,5.0,4.13,18.0,0.8,2.61,8.7,10.27,6.99,5.0,4.11,18.0,0.8,-6.1,0.0,3.44,-1.05,5.0,5.76,18.0,0.8,1006.69,1010.75,1014.81,1010.75,2.0,8.41,22.0,1.0,,,,,,,,,,,,,,,,,,,,,,,,,,,,,,,,,,,,,,,,,,,,,,,,,,,,,,,,,,,,,,,,,,,,,,,,,,,,,,,,,,,,,,,,,,,,,,,,,,,,,,,,,,,,,,,,,,,,,,,,,,,,,,,,
1891,8,22700,-5.199999999999989,-1.2,,,,,,,,,,,,,,,,,,,,,,,,,,,,,,,,,4.6,4.6,4.6,4.6,2.0,0.0,4.0,0.0,0.0,0.0,0.0,0.0,2.0,0.0,4.0,0.0,4.6,4.6,4.6,4.6,2.0,0.0,4.0,0.0,1016.45,1017.0,1017.55,1017.0,2.0,1.13,4.0,0.0,,,,,,,,,,,,,,,,,,,,,,,,,,,,,,,,,,,,,,,,,,,,,,,,,,,,,,,,,,,,,,,,,,,,,,,,,,,,,,,,,,,,,,,,,,,,,,,,,,,,,,,,,,,,,,,,,,,,,,,,,,,,,,,,
1891,8,22700,-3.8000000000000114,48.8,,,,,,,,,,,,,,,,,,,,,,,,,,,,,,,,,,,,,,,,,,,,,,,,,,,,,,,,,,,,,,,,,,,,,,,,,,,,,,,,,,,,,,,,,,,,,,,,,,,,,,,,,,,,,,,,,,,,,,,,,,,,,,,,,,,,,,,,,,,,,,,,,,,,,,,,,,,,,,,,,-0.2,1.3,3.2,1.5,4.0,2.5,14.0,0.8,-0.2,0.7,1.5,0.7,4.0,1.1,14.0,0.8,1.0,57.5,223.5,153.5,16.0,265.5,18.0,0.6,0.0,55.0,225.0,155.0,16.0,265.0,18.0,0.6
1891,8,22700,-3.6999999999999886,-35.6,,,,,,,,,,,,,,,,,,,,,,,,,,,,,,,,,4.6,6.7,6.7,6.0,6.0,1.08,14.0,0.5,-5.03,-0.86,0.0,-2.1,6.0,2.72,14.0,0.5,3.92,4.67,6.7,4.94,6.0,1.56,14.0,0.5,1031.81,1034.0,1035.9,1033.87,6.0,2.14,14.0,0.5,,,,,,,,,,,,,,,,,,,,,,,,,,,,,,,,,,,,,,,,,,,,,,,,,,,,,,,,,,,,,,,,,,,,,,,,,,,,,,,,,,,,,,,,,,,,,,,,,,,,,,,,,,,,,,,,,,,,,,,,,,,,,,,,
1891,8,22700,-3.6999999999999886,48.8,,,,,,,,,,,,,,,,,,,,,,,,,,,,,,,,,1.0,3.6,5.9,3.82,16.0,2.78,18.0,0.6,0.24,2.32,5.46,2.73,16.0,2.79,18.0,0.6,-1.11,0.97,3.82,1.14,16.0,2.48,18.0,0.6,1007.39,1013.65,1017.68,1012.92,12.0,6.49,20.0,0.5,,,,,,,,,,,,,,,,,,,,,,,,,,,,,,,,,,,,,,,,,,,,,,,,,,,,,,,,,,,,,,,,,4.0,42.7,94.4,45.2,16.0,45.4,18.0,0.6,-17.9,16.4,68.1,20.3,16.0,41.2,18.0,0.6,19.0,54.8,85.0,52.1,4.0,38.7,14.0,0.8,6.9,24.0,45.5,26.1,4.0,23.4,14.0,0.8,,,,,,,,,,,,,,,,,,,,,,,,,,,,,,,,
1891,8,22700,-3.6000000000000227,48.8,15.0,15.5,15.78,15.45,17.0,0.67,20.0,0.5,15.6,16.1,17.8,16.59,17.0,1.37,20.0,0.5,10.06,10.38,11.36,10.69,4.0,1.08,14.0,0.8,88.4,92.0,93.6,91.0,4.0,4.2,14.0,0.8,,,,,,,,,,,,,,,,,,,,,,,,,,,,,,,,,2.5,3.0,6.5,4.0,17.0,2.2,20.0,0.5,88.4,92.0,93.6,91.0,4.0,4.2,14.0,0.8,0.4,6.5,33.2,17.0,16.0,25.5,18.0,0.6,-5.1,1.0,20.0,7.1,16.0,16.6,18.0,0.6,-1.88,-0.6,-0.1,-1.14,17.0,1.44,20.0,0.5,-8.6,-2.2,-0.2,-5.1,16.0,7.8,18.0,0.6,-0.18,0.38,0.79,0.31,4.0,0.65,14.0,0.8,-0.3,1.5,3.6,1.7,4.0,2.7,14.0,0.8,,,,,,,,,,,,,,,,,,,,,,,,,,,,,,,,,,,,,,,,,,,,,,,,,,,,,,,,,,,,,,,,
1891,8,22700,-3.5,-1.5,,,,,,,,,,,,,,,,,,,,,,,,,,,,,,,,,3.55,4.6,4.6,4.1,4.0,1.0,4.0,0.8,0.0,0.0,0.0,0.0,4.0,0.0,4.0,0.8,3.55,4.6,4.6,4.1,4.0,1.0,4.0,0.8,1017.66,1018.6,1018.65,1018.18,4.0,0.92,4.0,0.8,,,,,,,,,,,,,,,,,,,,,,,,,,,,,,,,,,,,,,,,,,,,,,,,,,,,,,,,,,,,,,,,,,,,,,,,,,,,,,,,,,,,,,,,,,,,,,,,,,,,,,,,,,,,,,,,,,,,,,,,,,,,,,,,
1891,8,22700,-3.5,36.2,21.0,22.3,23.2,22.17,47.0,1.31,16.0,0.5,22.56,24.0,25.12,23.86,50.0,1.36,16.0,0.5,14.66,15.11,16.03,15.2,6.0,0.88,16.0,0.8,77.5,86.0,90.0,83.6,6.0,10.6,16.0,0.8,1.0,4.6,6.7,4.42,46.0,3.54,16.0,0.5,-5.95,0.0,4.0,-0.36,46.0,5.38,16.0,0.5,-1.63,0.0,1.66,-0.07,46.0,1.85,16.0,0.5,1012.92,1016.45,1019.52,1016.63,48.0,3.74,16.0,0.5,0.0,2.0,3.0,1.7,49.0,1.9,16.0,0.5,77.5,86.0,90.0,83.6,6.0,10.6,16.0,0.8,-39.6,0.0,17.7,4.4,46.0,59.9,16.0,0.5,-7.5,0.0,6.2,-0.9,46.0,10.3,16.0,0.5,-3.27,-1.7,-0.7,-1.83,47.0,1.2,16.0,0.5,-10.5,-5.4,0.0,-6.1,43.0,6.5,16.0,0.5,0.51,1.46,2.69,1.6,6.0,1.28,16.0,0.8,1.3,9.8,18.0,10.2,6.0,9.1,16.0,0.8,-137.2,0.0,98.2,-9.7,46.0,122.7,16.0,0.5,-39.3,0.0,41.0,-1.4,46.0,43.4,16.0,0.5,-96.7,-91.5,18.6,-57.3,6.0,59.6,16.0,0.8,19.8,35.6,39.2,31.4,6.0,9.8,16.0,0.8,-16.9,-9.2,0.3,-9.3,6.0,9.3,16.0,0.8,1.0,2.9,5.5,3.2,6.0,2.6,16.0,0.8,1.0,97.5,301.0,307.0,46.0,780.0,16.0,0.5,0.0,95.0,300.0,305.0,46.0,780.0,16.0,0.5
1891,8,22700,-3.5,50.1,14.0,14.8,16.1,14.97,10.0,0.96,12.0,0.5,14.6,16.55,18.49,16.78,16.0,2.01,12.0,0.6,10.27,11.0,11.12,10.81,6.0,0.51,12.0,0.8,75.2,82.8,96.0,84.9,6.0,11.1,12.0,0.8,,,,,,,,,,,,,,,,,,,,,,,,,,,,,,,,,,,,,,,,,,,,,,,,,,,,,,,,,,,,,,,,,-4.0,-1.95,-0.17,-2.07,10.0,2.45,12.0,0.5,-15.0,-5.2,-0.8,-8.8,10.0,14.5,12.0,0.5,-0.51,0.0,0.69,0.08,5.0,0.91,14.0,0.8,-3.1,0.0,2.8,-0.2,5.0,5.0,14.0,0.8,,,,,,,,,,,,,,,,,,,,,,,,,,,,,,,,,-2.9,0.0,2.7,-0.2,5.0,4.9,14.0,0.8,-0.8,0.0,0.8,-0.1,5.0,1.3,14.0,0.8,17.5,97.5,889.0,349.5,16.0,385.5,12.0,0.6,20.0,95.0,890.0,350.0,16.0,385.0,12.0,0.6
1891,8,22700,-3.5,50.2,,,,,,,,,,,,,,,,,,,,,,,,,,,,,,,,,2.6,4.6,9.61,5.93,16.0,2.85,12.0,0.6,2.55,4.41,9.22,5.65,16.0,2.85,12.0,0.6,0.0,1.13,1.73,1.05,16.0,1.51,12.0,0.6,1012.41,1014.0,1018.34,1014.62,9.0,6.13,10.0,0.6,,,,,,,,,,,,,,,,,,,,,,,,,,,,,,,,,,,,,,,,,,,,,,,,,,,,,,,,,,,,,,,,,46.8,71.4,151.7,93.9,16.0,47.8,12.0,0.6,0.0,21.0,34.4,17.8,16.0,23.4,12.0,0.6,26.7,44.5,71.4,47.4,6.0,20.3,12.0,0.8,12.3,15.2,18.1,15.2,6.0,3.4,12.0,0.8,,,,,,,,,,,,,,,,,,,,,,,,,,,,,,,,
1891,8,22700,-3.3999999999999773,-37.3,,,,,,,,,,,,,,,,,,,,,,,,,,,,,,,,,4.6,4.6,5.37,5.02,5.0,0.94,16.0,0.6,-5.37,-4.6,-4.27,-4.89,5.0,1.03,16.0,0.6,-1.72,0.0,0.0,-0.69,5.0,0.94,16.0,0.6,1027.54,1028.4,1029.71,1028.62,5.0,1.35,16.0,0.6,,,,,,,,,,,,,,,,,,,,,,,,,,,,,,,,,,,,,,,,,,,,,,,,,,,,,,,,,,,,,,,,,,,,,,,,,,,,,,,,,,,,,,,,,,,,,,,,,,,,,,,,,,,,,,,,,,,,,,,,,,,,,,,,
1891,8,22700,-3.3999999999999773,50.1,,,,,,,,,,,,,,,,,,,,,,,,,,,,,,,,,,,,,,,,,,,,,,,,,,,,,,,,,,,,,,,,,2.0,5.5,8.0,4.8,12.0,2.6,12.0,0.5,75.2,82.8,96.0,84.9,6.0,11.1,12.0,0.8,6.6,20.3,88.1,41.0,16.0,35.7,12.0,0.6,0.0,4.0,11.3,7.1,16.0,12.1,12.0,0.6,,,,,,,,,,,,,,,,,,,,,,,,,,,,,,,,,,,,,,,,,,,,,,,,,,,,,,,,,,,,,,,,,,,,,,,,,,,,,,,,,,,,,,,,,,,,,,,,
1891,8,22700,-3.3999999999999773,58.7,,,,,,,,,,,,,,,,,,,,,,,,,,,,,,,,,3.9,6.7,6.7,5.77,24.0,2.27,12.0,0.5,-1.54,1.54,4.88,1.31,24.0,3.9,12.0,0.5,-6.62,-1.82,4.36,-0.79,24.0,4.71,12.0,0.5,1003.99,1004.4,1005.01,1004.5,3.0,0.75,20.0,0.3,,,,,,,,,,,,,,,,,,,,,,,,,,,,,,,,,,,,,,,,,,,,,,,,,,,,,,,,,,,,,,,,,,,,,,,,,,,,,,,,,,,,,,,,,,,,,,,,,,,,,,,,,,,,,,,,,,,,,,,,,,,,,,,,
1891,8,22700,-3.300000000000012,-33.4,,,,,,,,,,,,,,,,,,,,,,,,,,,,,,,,,6.7,9.3,12.3,9.85,13.0,2.26,12.0,0.5,0.0,0.0,0.0,0.0,13.0,0.0,12.0,0.5,6.7,9.3,12.3,9.85,13.0,2.26,12.0,0.5,1033.4,1033.9,1034.0,1033.72,6.0,0.4,12.0,0.3,,,,,,,,,,,,,,,,,,,,,,,,,,,,,,,,,,,,,,,,,,,,,,,,,,,,,,,,,,,,,,,,,,,,,,,,,,,,,,,,,,,,,,,,,,,,,,,,,,,,,,,,,,,,,,,,,,,,,,,,,,,,,,,,
1891,8,22700,-1.6999999999999886,-37.7,,,,,,,,,,,,,,,,,,,,,,,,,,,,,,,,,6.09,9.3,9.3,7.73,3.0,2.71,16.0,0.3,-8.62,-8.62,-5.65,-7.17,3.0,2.52,16.0,0.3,-3.48,-3.48,-2.28,-2.9,3.0,1.02,16.0,0.3,1025.51,1026.4,1026.54,1026.03,3.0,0.81,16.0,0.3,,,,,,,,,,,,,,,,,,,,,,,,,,,,,,,,,,,,,,,,,,,,,,,,,,,,,,,,,,,,,,,,,,,,,,,,,,,,,,,,,,,,,,,,,,,,,,,,,,,,,,,,,,,,,,,,,,,,,,,,,,,,,,,,
1891,8,22700,-1.6999999999999886,-1.7,,,,,,,,,,,,,,,,,,,,,,,,,,,,,,,,,2.6,2.6,2.6,2.6,1.0,0.0,6.0,0.0,0.0,0.0,0.0,0.0,1.0,0.0,6.0,0.0,2.6,2.6,2.6,2.6,1.0,0.0,6.0,0.0,1018.6,1018.6,1018.6,1018.6,1.0,0.0,6.0,0.0,,,,,,,,,,,,,,,,,,,,,,,,,,,,,,,,,,,,,,,,,,,,,,,,,,,,,,,,,,,,,,,,,,,,,,,,,,,,,,,,,,,,,,,,,,,,,,,,,,,,,,,,,,,,,,,,,,,,,,,,,,,,,,,,
1891,8,22700,-1.6999999999999886,50.2,,,,,,,,,,,,,,,,,,,,,,,,,,,,,,,,,,,,,,,,,,,,,,,,,,,,,,,,,,,,,,,,,,,,,,,,,,,,,,,,,,,,,,,,,,,,,,,,,,,,,,,,,,,,,,,,,,,,,,,,,,,,,,,,,,,,,,,,,,,,,,,,,,,,,,,,,,,,,,,,,1.7,2.5,7.6,4.6,3.0,4.7,16.0,0.3,0.7,1.1,5.3,3.0,3.0,3.7,16.0,0.3,1.5,301.0,941.0,487.0,20.0,596.0,18.0,0.6,0.0,300.0,940.0,485.0,20.0,595.0,18.0,0.6
1891,8,22700,-1.6000000000000227,50.2,14.61,15.6,16.08,15.51,15.0,0.73,20.0,0.7,14.6,15.6,16.9,15.77,18.0,1.19,18.0,0.6,9.77,10.09,10.93,10.34,4.0,0.83,14.0,0.3,86.9,88.5,91.8,89.3,4.0,3.3,14.0,0.3,1.02,6.7,9.8,6.0,20.0,3.97,18.0,0.6,0.52,3.91,9.08,4.41,20.0,3.7,18.0,0.6,0.0,1.87,5.72,2.71,20.0,3.43,18.0,0.6,1009.04,1012.05,1018.98,1012.56,14.0,5.83,18.0,0.7,2.0,6.0,8.0,5.2,20.0,2.6,18.0,0.6,86.9,88.5,91.8,89.3,4.0,3.3,14.0,0.3,0.5,29.7,94.2,38.4,20.0,40.0,18.0,0.6,0.0,11.7,38.4,24.2,20.0,38.0,18.0,0.6,-1.91,0.0,1.0,-0.27,15.0,1.26,20.0,0.7,-6.9,0.0,5.1,-1.4,15.0,6.3,20.0,0.7,0.48,1.05,1.59,1.04,3.0,0.81,16.0,0.3,1.9,2.7,9.3,5.5,3.0,6.0,16.0,0.3,5.8,55.0,121.4,60.6,18.0,54.9,18.0,0.6,0.0,29.2,109.2,45.7,18.0,56.6,18.0,0.6,37.6,57.6,67.4,52.7,4.0,20.6,14.0,0.3,19.7,33.5,72.9,45.7,4.0,40.8,14.0,0.3,,,,,,,,,,,,,,,,,,,,,,,,,,,,,,,,
1891,8,22700,-1.5,36.6,21.76,23.3,24.38,23.05,49.0,1.51,14.0,0.5,22.53,24.0,25.5,24.16,49.0,1.61,14.0,0.5,12.99,14.41,16.55,14.76,7.0,1.77,16.0,0.4,70.5,80.7,92.0,81.9,7.0,10.9,16.0,0.4,2.57,4.6,6.7,4.41,45.0,2.76,14.0,0.5,-4.74,-1.8,4.27,-1.02,45.0,4.35,14.0,0.5,-2.54,0.0,2.51,-0.1,45.0,2.75,14.0,0.5,1013.3,1017.0,1022.01,1017.46,45.0,3.87,14.0,0.5,0.0,2.0,2.4,1.7,49.0,2.0,14.0,0.5,70.5,80.7,92.0,81.9,7.0,10.9,16.0,0.4,-31.7,-4.8,19.6,-9.2,45.0,34.6,14.0,0.5,-16.9,0.0,11.5,-2.0,45.0,18.5,14.0,0.5,-2.74,-1.1,0.24,-1.12,49.0,1.68,14.0,0.5,-8.9,-3.6,0.7,-4.7,45.0,9.0,14.0,0.5,0.08,1.48,5.75,2.72,7.0,2.67,16.0,0.4,-0.1,0.1,26.6,8.5,7.0,13.9,16.0,0.4,-117.6,-44.9,94.4,-22.7,45.0,103.1,14.0,0.5,-56.0,0.0,59.7,-1.3,45.0,66.2,14.0,0.5,-72.0,-31.4,0.0,-36.0,7.0,36.7,16.0,0.4,-14.2,0.0,20.6,-0.5,7.0,20.6,16.0,0.4,,,,,,,,,,,,,,,,,,,,,,,,,,,,,,,,
1891,8,22700,-1.5,36.7,,,,,,,,,,,,,,,,,,,,,,,,,,,,,,,,,,,,,,,,,,,,,,,,,,,,,,,,,,,,,,,,,,,,,,,,,,,,,,,,,,,,,,,,,,,,,,,,,,,,,,,,,,,,,,,,,,,,,,,,,,,,,,,,,,,,,,,,,,,,,,,,,,,,,,,,,,,,,,,,,-22.3,-0.1,0.1,-7.7,7.0,12.8,16.0,0.4,-0.1,0.0,6.8,2.9,7.0,5.8,16.0,0.4,17.5,97.5,301.0,194.5,45.0,328.0,14.0,0.5,15.0,95.0,300.0,195.0,45.0,330.0,14.0,0.5
1891,8,22700,-1.3999999999999773,-3.2,,,,,,,,,,,,,,,,,,,,,,,,,,,,,,,,,3.23,4.6,4.6,3.93,3.0,1.15,6.0,0.7,0.0,0.0,0.0,0.0,3.0,0.0,6.0,0.7,3.23,4.6,4.6,3.93,3.0,1.15,6.0,0.7,1018.91,1019.35,1019.79,1019.35,2.0,0.92,6.0,0.5,,,,,,,,,,,,,,,,,,,,,,,,,,,,,,,,,,,,,,,,,,,,,,,,,,,,,,,,,,,,,,,,,,,,,,,,,,,,,,,,,,,,,,,,,,,,,,,,,,,,,,,,,,,,,,,,,,,,,,,,,,,,,,,,
1891,8,22700,-1.3999999999999773,58.4,,,,,,,,,,,,,,,,,,,,,,,,,,,,,,,,,2.6,4.6,9.77,5.89,14.0,3.83,12.0,0.5,-4.23,-1.84,6.7,-0.35,14.0,5.81,12.0,0.5,-6.67,-2.12,1.75,-2.22,14.0,3.57,12.0,0.5,1004.56,1004.7,1004.84,1004.7,2.0,0.28,20.0,0.5,,,,,,,,,,,,,,,,,,,,,,,,,,,,,,,,,,,,,,,,,,,,,,,,,,,,,,,,,,,,,,,,,,,,,,,,,,,,,,,,,,,,,,,,,,,,,,,,,,,,,,,,,,,,,,,,,,,,,,,,,,,,,,,,
1891,8,22700,-1.1999999999999886,-39.2,,,,,,,,,,,,,,,,,,,,,,,,,,,,,,,,,9.3,9.3,9.3,9.3,1.0,0.0,16.0,1.0,-8.62,-8.62,-8.62,-8.62,1.0,0.0,16.0,1.0,-3.48,-3.48,-3.48,-3.48,1.0,0.0,16.0,1.0,1024.2,1024.2,1024.2,1024.2,1.0,0.0,16.0,1.0,,,,,,,,,,,,,,,,,,,,,,,,,,,,,,,,,,,,,,,,,,,,,,,,,,,,,,,,,,,,,,,,,,,,,,,,,,,,,,,,,,,,,,,,,,,,,,,,,,,,,,,,,,,,,,,,,,,,,,,,,,,,,,,,
1891,8,22700,-1.1999999999999886,38.2,22.82,23.9,24.67,23.75,4.0,1.2,24.0,0.5,23.88,24.4,24.81,24.35,4.0,0.66,24.0,0.5,16.02,16.02,16.02,16.02,1.0,0.0,30.0,0.0,83.9,83.9,83.9,83.9,1.0,0.0,30.0,0.0,1.51,2.6,3.97,2.73,3.0,1.8,22.0,0.7,-3.16,-0.85,0.99,-1.08,3.0,3.04,22.0,0.7,0.93,1.8,1.83,1.39,3.0,0.74,22.0,0.7,1012.93,1014.65,1017.05,1014.98,4.0,2.49,24.0,0.5,1.0,2.5,4.6,2.8,4.0,2.5,24.0,0.5,83.9,83.9,83.9,83.9,1.0,0.0,30.0,0.0,-13.6,-0.8,3.0,-5.2,3.0,12.7,22.0,0.7,1.9,4.8,7.2,4.5,3.0,3.9,22.0,0.7,-1.16,-0.55,-0.05,-0.6,4.0,0.65,24.0,0.5,-0.8,-0.5,-0.1,-0.5,3.0,0.5,22.0,0.7,1.98,1.98,1.98,1.98,1.0,0.0,30.0,0.0,2.0,2.0,2.0,2.0,1.0,0.0,30.0,0.0,-79.1,-20.8,23.9,-27.5,3.0,75.7,22.0,0.7,23.0,44.7,45.0,34.3,3.0,18.4,22.0,0.7,-13.6,-13.6,-13.6,-13.6,1.0,0.0,30.0,0.0,8.5,8.5,8.5,8.5,1.0,0.0,30.0,0.0,,,,,,,,,,,,,,,,,,,,,,,,,,,,,,,,
1891,8,22700,-1.1999999999999886,48.6,,,,,,,,,,,,,,,,,,,,,,,,,,,,,,,,,4.73,9.3,9.3,7.07,3.0,3.87,14.0,0.3,4.49,8.56,9.07,6.82,3.0,3.67,14.0,0.3,0.0,0.0,2.48,1.21,3.0,2.1,14.0,0.3,1014.66,1015.0,1015.34,1015.0,2.0,0.71,12.0,0.0,,,,,,,,,,,,,,,,,,,,,,,,,,,,,,,,,,,,,,,,,,,,,,,,,,,,,,,,,,,,,,,,,,,,,,,,,,,,,,,,,,,,,,,,,,,,,,,,,,,,,,,,,,,,,,,,,,,,,,,,,,,,,,,,
1891,8,22700,-1.0,38.1,,,,,,,,,,,,,,,,,,,,,,,,,,,,,,,,,,,,,,,,,,,,,,,,,,,,,,,,,,,,,,,,,,,,,,,,,,,,,,,,,,,,,,,,,,,,,,,,,,,,,,,,,,,,,,,,,,,,,,,,,,,,,,,,,,,,,,,,,,,,,,,,,,,,,,,,,,,,,,,,,-1.7,-1.7,-1.7,-1.7,1.0,0.0,30.0,0.0,1.1,1.1,1.1,1.1,1.0,0.0,30.0,0.0,6.5,17.5,72.0,38.5,3.0,51.5,22.0,0.7,5.0,20.0,70.0,40.0,3.0,50.0,22.0,0.7
1891,8,22700,0.3,58.2,,,,,,,,,,,,,,,,,,,,,,,,,,,,,,,,,2.52,4.6,12.45,6.16,7.0,5.48,16.0,0.6,-4.66,-0.97,0.02,-2.13,7.0,2.4,16.0,0.6,-11.54,0.39,3.42,-2.46,7.0,7.49,16.0,0.6,1004.9,1004.9,1004.9,1004.9,1.0,0.0,20.0,1.0,,,,,,,,,,,,,,,,,,,,,,,,,,,,,,,,,,,,,,,,,,,,,,,,,,,,,,,,,,,,,,,,,,,,,,,,,,,,,,,,,,,,,,,,,,,,,,,,,,,,,,,,,,,,,,,,,,,,,,,,,,,,,,,,
1891,8,22700,0.4,-39.4,,,,,,,,,,,,,,,,,,,,,,,,,,,,,,,,,12.3,12.3,12.3,12.3,3.0,0.0,16.0,0.3,-11.4,-11.4,-11.4,-11.4,3.0,0.0,16.0,0.3,-4.61,-4.61,-4.61,-4.61,3.0,0.0,16.0,0.3,1021.32,1021.8,1022.14,1021.73,3.0,0.6,16.0,0.3,,,,,,,,,,,,,,,,,,,,,,,,,,,,,,,,,,,,,,,,,,,,,,,,,,,,,,,,,,,,,,,,,,,,,,,,,,,,,,,,,,,,,,,,,,,,,,,,,,,,,,,,,,,,,,,,,,,,,,,,,,,,,,,,
1891,8,22700,0.5,-3.5,,,,,,,,,,,,,,,,,,,,,,,,,,,,,,,,,5.6,6.7,6.7,6.18,4.0,1.05,6.0,0.3,1.25,2.62,2.62,1.96,4.0,1.31,6.0,0.3,5.35,6.17,6.17,5.78,4.0,0.78,6.0,0.3,1016.97,1017.7,1018.43,1017.7,4.0,1.06,6.0,0.3,,,,,,,,,,,,,,,,,,,,,,,,,,,,,,,,,,,,,,,,,,,,,,,,,,,,,,,,,,,,,,,,,,,,,,,,,,,,,,,,,,,,,,,,,,,,,,,,,,,,,,,,,,,,,,,,,,,,,,,,,,,,,,,,
1891,8,22700,0.5,36.5,,,,,,,,,,,,,,,,,,,,,,,,,,,,,,,,,0.0,2.6,13.58,5.85,11.0,6.0,14.0,0.6,-12.03,0.0,1.88,-2.76,11.0,6.9,14.0,0.6,-5.97,0.0,0.22,-2.26,11.0,3.46,14.0,0.6,1014.14,1016.3,1020.76,1017.11,11.0,4.02,14.0,0.6,,,,,,,,,,,,,,,,,,,,,,,,,,,,,,,,,,,,,,,,,,,,,,,,,,,,,,,,,,,,,,,,,,,,,,,,,,,,,,,,,,,,,,,,,,,,,,,,,,,,,,,,,,,,,,,,,,,,,,,,,,,,,,,,
1891,8,22700,0.5,38.5,21.75,23.5,24.0,23.02,42.0,1.34,14.0,0.5,23.58,24.5,25.28,24.56,40.0,1.6,14.0,0.5,12.53,16.22,17.47,15.4,8.0,2.59,16.0,0.5,63.2,77.9,91.0,76.1,8.0,13.3,16.0,0.5,1.0,2.6,4.6,2.91,40.0,1.74,14.0,0.5,-3.25,-0.82,1.84,-0.82,40.0,2.42,14.0,0.5,-2.53,0.0,2.36,0.12,40.0,2.27,14.0,0.5,1011.34,1017.1,1020.49,1016.49,39.0,3.97,14.0,0.5,0.0,2.0,3.0,1.7,42.0,1.9,14.0,0.5,63.2,77.9,91.0,76.1,8.0,13.3,16.0,0.5,-15.0,-0.8,4.8,-3.5,40.0,11.0,14.0,0.5,-7.7,0.0,7.9,0.0,40.0,10.3,14.0,0.5,-3.74,-1.05,0.0,-1.43,40.0,1.73,14.0,0.5,-8.2,-2.4,0.0,-3.5,38.0,5.2,14.0,0.4,1.0,1.73,5.55,2.74,8.0,2.26,16.0,0.5,2.0,3.2,14.6,7.2,8.0,9.1,16.0,0.5,-79.5,-8.8,45.1,-15.6,38.0,57.9,14.0,0.4,-53.5,8.8,63.8,6.5,38.0,55.1,14.0,0.4,-41.6,-7.4,5.7,-12.6,8.0,23.5,16.0,0.5,-34.1,15.8,31.1,1.2,8.0,37.8,16.0,0.5,,,,,,,,,,,,,,,,,,,,,,,,,,,,,,,,
1891,8,22700,0.5,50.4,15.0,15.1,15.78,15.32,17.0,0.6,18.0,0.3,14.82,15.6,17.6,15.95,18.0,1.58,18.0,0.3,8.93,9.64,10.49,9.56,7.0,0.83,14.0,0.1,84.4,87.9,96.3,88.1,7.0,8.9,14.0,0.1,1.02,4.6,9.26,5.12,20.0,3.3,18.0,0.3,0.01,4.35,7.22,3.49,20.0,3.93,18.0,0.3,0.71,1.65,4.73,2.37,20.0,2.05,18.0,0.3,1007.22,1012.5,1016.56,1011.41,15.0,5.69,18.0,0.2,1.0,3.5,8.0,4.3,20.0,3.0,18.0,0.3,84.4,87.9,96.3,88.1,7.0,8.9,14.0,0.1,0.0,20.0,66.9,27.5,20.0,38.7,18.0,0.3,0.7,8.9,48.1,17.4,20.0,20.4,18.0,0.3,-2.09,0.0,0.4,-0.65,17.0,1.25,18.0,0.3,-12.8,0.0,1.2,-3.5,17.0,7.2,18.0,0.3,0.64,1.39,1.86,1.33,6.0,0.85,16.0,0.2,1.7,9.1,18.9,11.4,6.0,11.5,16.0,0.2,-1.1,50.0,104.5,48.3,18.0,65.4,18.0,0.3,10.2,22.7,74.4,33.9,18.0,31.0,18.0,0.3,42.1,63.6,70.8,58.5,7.0,22.8,14.0,0.1,10.6,18.8,47.1,25.9,7.0,20.6,14.0,0.1,1.6,7.9,16.4,10.2,6.0,10.7,16.0,0.2,0.2,3.7,9.1,4.5,6.0,4.8,16.0,0.2,1.5,97.5,796.5,308.0,20.0,468.0,18.0,0.3,0.0,95.0,795.0,310.0,20.0,470.0,18.0,0.3
1891,8,22700,0.6,38.5,,,,,,,,,,,,,,,,,,,,,,,,,,,,,,,,,,,,,,,,,,,,,,,,,,,,,,,,,,,,,,,,,,,,,,,,,,,,,,,,,,,,,,,,,,,,,,,,,,,,,,,,,,,,,,,,,,,,,,,,,,,,,,,,,,,,,,,,,,,,,,,,,,,,,,,,,,,,,,,,,-7.7,-0.5,0.9,-3.8,8.0,7.9,16.0,0.5,-1.9,1.7,12.5,3.6,8.0,7.0,16.0,0.5,1.0,17.5,97.5,50.0,40.0,59.5,14.0,0.5,0.0,20.0,95.0,50.0,40.0,60.0,14.0,0.5
1891,8,22700,0.6,56.8,,,,,,,,,,,,,,,,,,,,,,,,,,,,,,,,,6.6,9.3,9.8,8.03,7.0,2.03,8.0,0.7,4.36,6.58,6.93,4.97,7.0,3.65,8.0,0.7,-6.93,-6.58,-2.33,-4.43,7.0,3.78,8.0,0.7,1003.3,1003.3,1003.3,1003.3,1.0,0.0,20.0,1.0,,,,,,,,,,,,,,,,,,,,,,,,,,,,,,,,,,,,,,,,,,,,,,,,,,,,,,,,,,,,,,,,,,,,,,,,,,,,,,,,,,,,,,,,,,,,,,,,,,,,,,,,,,,,,,,,,,,,,,,,,,,,,,,,
1891,8,22700,0.8,40.3,,,,,,,,,,,,,,,,,,,,,,,,,,,,,,,,,1.0,1.0,1.0,1.0,1.0,0.0,18.0,1.0,0.71,0.71,0.71,0.71,1.0,0.0,18.0,1.0,0.71,0.71,0.71,0.71,1.0,0.0,18.0,1.0,1010.0,1010.0,1010.0,1010.0,1.0,0.0,18.0,1.0,,,,,,,,,,,,,,,,,,,,,,,,,,,,,,,,,,,,,,,,,,,,,,,,,,,,,,,,,,,,,,,,,,,,,,,,,,,,,,,,,,,,,,,,,,,,,,,,,,,,,,,,,,,,,,,,,,,,,,,,,,,,,,,,
1891,8,22700,2.2,50.8,,,,,,,,,,,,,,,,,,,,,,,,,,,,,,,,,,,,,,,,,,,,,,,,,,,,,,,,,,,,,,,,,,,,,,,,,,,,,,,,,,,,,,,,,,,,,,,,,,,,,,,,,,,,,,,,,,,,,,,,,,,,,,,,,,,,,,,,,,,,,,,,,,,,,,,,,,,,,,,,,0.1,2.4,5.1,2.6,5.0,3.9,14.0,1.0,-3.2,0.9,6.5,1.6,5.0,7.6,14.0,1.0,57.0,301.0,941.0,552.0,23.0,632.5,22.0,0.5,55.0,300.0,940.0,550.0,23.0,630.0,22.0,0.5
1891,8,22700,2.3,-39.7,,,,,,,,,,,,,,,,,,,,,,,,,,,,,,,,,12.3,12.3,12.3,12.3,2.0,0.0,18.0,0.5,-10.97,-10.05,-9.13,-10.05,2.0,1.91,18.0,0.5,-8.05,-6.65,-5.26,-6.65,2.0,2.89,18.0,0.5,1019.02,1019.5,1019.98,1019.5,2.0,0.99,18.0,0.5,,,,,,,,,,,,,,,,,,,,,,,,,,,,,,,,,,,,,,,,,,,,,,,,,,,,,,,,,,,,,,,,,,,,,,,,,,,,,,,,,,,,,,,,,,,,,,,,,,,,,,,,,,,,,,,,,,,,,,,,,,,,,,,,
1891,8,22700,2.3,38.5,,,,,,,,,,,,,,,,,,,,,,,,,,,,,,,,,0.32,1.0,3.46,1.87,3.0,2.42,18.0,0.3,-3.12,-0.54,-0.17,-1.62,3.0,2.35,18.0,0.3,0.27,0.84,1.34,0.8,3.0,0.79,18.0,0.3,1014.84,1015.8,1021.88,1018.3,3.0,5.59,18.0,0.3,,,,,,,,,,,,,,,,,,,,,,,,,,,,,,,,,,,,,,,,,,,,,,,,,,,,,,,,,,,,,,,,,,,,,,,,,,,,,,,,,,,,,,,,,,,,,,,,,,,,,,,,,,,,,,,,,,,,,,,,,,,,,,,,
1891,8,22700,2.3,50.7,15.1,15.6,17.2,16.02,24.0,0.98,24.0,0.6,15.0,16.6,17.86,16.56,25.0,1.19,24.0,0.6,9.72,10.3,11.08,10.4,5.0,0.85,14.0,1.0,79.0,84.6,92.0,85.9,5.0,8.8,14.0,1.0,,,,,,,,,,,,,,,,,,,,,,,,,,,,,,,,,,,,,,,,,,,,,,,,,,,,,,,,,,,,,,,,,-1.77,-0.75,0.88,-0.54,24.0,1.54,24.0,0.6,-13.8,-3.2,2.6,-3.8,20.0,10.3,24.0,0.6,0.1,0.69,0.92,0.5,5.0,0.73,14.0,1.0,-1.6,3.2,7.7,3.1,5.0,8.6,14.0,1.0,,,,,,,,,,,,,,,,,,,,,,,,,,,,,,,,,,,,,,,,,,,,,,,,,,,,,,,,,,,,,,,,
1891,8,22700,2.3,50.8,,,,,,,,,,,,,,,,,,,,,,,,,,,,,,,,,3.58,6.7,9.8,6.61,23.0,3.73,22.0,0.5,0.0,3.57,7.42,3.41,23.0,3.64,22.0,0.5,0.0,4.46,8.55,4.36,23.0,3.79,22.0,0.5,1005.82,1009.75,1015.91,1009.26,12.0,7.97,18.0,0.7,,,,,,,,,,,,,,,,,,,,,,,,,,,,,,,,,,,,,,,,,,,,,,,,,,,,,,,,,,,,,,,,,0.0,39.3,85.5,41.9,20.0,51.1,24.0,0.6,0.0,55.3,145.8,67.3,20.0,65.7,24.0,0.6,35.1,46.2,53.1,44.4,5.0,14.2,14.0,1.0,11.0,39.0,111.6,58.0,5.0,57.4,14.0,1.0,,,,,,,,,,,,,,,,,,,,,,,,,,,,,,,,
1891,8,22700,2.4,-3.7,,,,,,,,,,,,,,,,,,,,,,,,,,,,,,,,,5.27,6.7,6.7,6.0,3.0,1.21,6.0,1.0,0.83,2.62,2.62,1.75,3.0,1.51,6.0,1.0,5.1,6.17,6.17,5.64,3.0,0.9,6.0,1.0,1017.4,1017.4,1017.4,1017.4,1.0,0.0,6.0,1.0,,,,,,,,,,,,,,,,,,,,,,,,,,,,,,,,,,,,,,,,,,,,,,,,,,,,,,,,,,,,,,,,,,,,,,,,,,,,,,,,,,,,,,,,,,,,,,,,,,,,,,,,,,,,,,,,,,,,,,,,,,,,,,,,
1891,8,22700,2.4,50.7,,,,,,,,,,,,,,,,,,,,,,,,,,,,,,,,,,,,,,,,,,,,,,,,,,,,,,,,,,,,,,,,,3.0,6.0,8.0,5.5,28.0,2.1,24.0,0.5,79.0,84.6,92.0,85.9,5.0,8.8,14.0,1.0,0.0,17.5,79.6,30.7,23.0,38.0,22.0,0.5,0.0,20.5,86.5,39.5,23.0,43.7,22.0,0.5,,,,,,,,,,,,,,,,,,,,,,,,,,,,,,,,,,,,,,,,,,,,,,,,,,,,,,,,,,,,,,,,,,,,,,,,,,,,,,,,,,,,,,,,,,,,,,,,
1891,8,22700,2.5,36.6,,,,,,,,,,,,,,,,,,,,,,,,,,,,,,,,,0.0,2.6,11.02,5.1,10.0,5.12,12.0,0.3,-10.55,-1.84,0.0,-4.52,10.0,5.28,12.0,0.3,-2.01,-0.81,0.19,-0.9,10.0,1.88,12.0,0.3,1014.44,1015.6,1016.26,1016.18,10.0,3.33,12.0,0.3,,,,,,,,,,,,,,,,,,,,,,,,,,,,,,,,,,,,,,,,,,,,,,,,,,,,,,,,,,,,,,,,,,,,,,,,,,,,,,,,,,,,,,,,,,,,,,,,,,,,,,,,,,,,,,,,,,,,,,,,,,,,,,,,
1891,8,22700,2.5,40.4,20.91,22.5,24.0,22.45,33.0,1.44,14.0,0.5,22.5,23.7,24.78,23.3,33.0,1.74,14.0,0.5,12.54,14.72,16.35,14.82,7.0,1.92,16.0,0.7,78.9,84.2,88.1,83.9,7.0,4.5,16.0,0.7,1.0,2.6,6.54,2.88,33.0,2.48,14.0,0.5,-2.37,0.0,2.5,0.19,33.0,2.84,14.0,0.5,-3.08,0.0,1.84,-0.56,33.0,2.5,14.0,0.5,1011.63,1017.9,1019.83,1016.71,28.0,3.64,16.0,0.5,0.0,2.0,5.9,2.5,33.0,2.6,14.0,0.5,78.9,84.2,88.1,83.9,7.0,4.5,16.0,0.7,-6.2,0.0,6.7,1.9,33.0,17.5,14.0,0.5,-14.0,0.0,4.8,-4.8,33.0,16.9,14.0,0.5,-2.7,-1.0,0.99,-0.85,33.0,2.09,14.0,0.5,-6.6,-0.8,4.0,-0.4,33.0,7.3,14.0,0.5,1.14,3.52,4.28,2.77,7.0,1.53,16.0,0.7,2.8,19.7,29.2,16.8,7.0,13.2,16.0,0.7,-49.4,0.0,54.1,4.7,33.0,65.6,14.0,0.5,-63.3,0.0,44.4,-10.3,33.0,53.9,14.0,0.5,-54.3,31.4,64.7,14.1,7.0,69.3,16.0,0.7,-84.2,0.0,0.8,-30.2,7.0,45.6,16.0,0.7,,,,,,,,,,,,,,,,,,,,,,,,,,,,,,,,
1891,8,22700,2.6,40.4,,,,,,,,,,,,,,,,,,,,,,,,,,,,,,,,,,,,,,,,,,,,,,,,,,,,,,,,,,,,,,,,,,,,,,,,,,,,,,,,,,,,,,,,,,,,,,,,,,,,,,,,,,,,,,,,,,,,,,,,,,,,,,,,,,,,,,,,,,,,,,,,,,,,,,,,,,,,,,,,,-15.9,3.0,11.1,-0.2,7.0,15.1,16.0,0.7,-24.8,0.0,0.2,-9.2,7.0,13.3,16.0,0.7,1.0,17.5,285.0,87.5,33.0,166.5,14.0,0.5,0.0,20.0,285.0,85.0,33.0,165.0,14.0,0.5
1891,8,22700,2.6,52.4,14.47,15.1,16.2,15.36,12.0,0.83,18.0,0.7,14.89,16.1,18.12,16.25,13.0,1.71,18.0,0.6,9.53,10.68,11.08,10.32,4.0,1.16,16.0,0.8,76.4,87.0,95.3,85.9,4.0,12.7,16.0,0.8,,,,,,,,,,,,,,,,,,,,,,,,,,,,,,,,,3.0,6.0,8.0,5.4,13.0,2.6,18.0,0.6,76.4,87.0,95.3,85.9,4.0,12.7,16.0,0.8,-19.8,22.6,47.8,18.3,12.0,29.2,18.0,0.6,9.5,37.4,80.4,46.4,12.0,41.8,18.0,0.6,-2.7,-1.1,0.13,-0.99,12.0,1.45,18.0,0.7,-18.6,-9.3,1.4,-7.5,11.0,9.9,18.0,0.6,0.03,0.24,1.08,0.54,4.0,0.78,16.0,0.8,0.2,2.1,7.7,3.9,4.0,5.2,16.0,0.8,,,,,,,,,,,,,,,,,,,,,,,,,,,,,,,,,,,,,,,,,,,,,,,,,,,,,,,,,,,,,,,,
1891,8,22700,2.6,56.6,,,,,,,,,,,,,,,,,,,,,,,,,,,,,,,,,6.7,13.85,15.4,11.98,6.0,4.26,10.0,0.2,-6.02,0.0,2.47,-1.13,6.0,3.98,10.0,0.2,-15.4,-13.6,2.94,-8.69,6.0,9.09,10.0,0.2,1005.3,1006.8,1007.89,1006.6,3.0,1.91,18.0,0.0,,,,,,,,,,,,,,,,,,,,,,,,,,,,,,,,,,,,,,,,,,,,,,,,,,,,,,,,,,,,,,,,,,,,,,,,,,,,,,,,,,,,,,,,,,,,,,,,,,,,,,,,,,,,,,,,,,,,,,,,,,,,,,,,
1891,8,22700,2.7,52.3,,,,,,,,,,,,,,,,,,,,,,,,,,,,,,,,,,,,,,,,,,,,,,,,,,,,,,,,,,,,,,,,,,,,,,,,,,,,,,,,,,,,,,,,,,,,,,,,,,,,,,,,,,,,,,,,,,,,,,,,,,,,,,,,,,,,,,,,,,,,,,,,,,,,,,,,,,,,,,,,,-0.7,-0.1,3.2,1.2,4.0,3.3,16.0,0.8,0.1,1.9,6.7,3.3,4.0,4.4,16.0,0.8,97.5,301.0,839.0,517.0,12.0,514.5,18.0,0.6,95.0,300.0,840.0,515.0,12.0,515.0,18.0,0.6
1891,8,22700,2.7,52.4,,,,,,,,,,,,,,,,,,,,,,,,,,,,,,,,,4.6,6.7,9.43,7.33,12.0,2.39,18.0,0.6,-3.02,3.7,4.84,2.21,12.0,3.62,18.0,0.6,2.06,5.59,8.32,5.28,12.0,3.94,18.0,0.6,992.39,1005.1,1013.53,1003.57,7.0,9.89,18.0,0.4,,,,,,,,,,,,,,,,,,,,,,,,,,,,,,,,,,,,,,,,,,,,,,,,,,,,,,,,,,,,,,,,,-48.8,64.7,80.8,35.6,12.0,60.1,18.0,0.6,38.5,95.1,142.9,87.3,12.0,63.1,18.0,0.6,-44.9,-36.3,2.9,-21.7,4.0,36.3,16.0,0.8,37.5,52.6,75.9,56.5,4.0,27.5,16.0,0.8,,,,,,,,,,,,,,,,,,,,,,,,,,,,,,,,
1891,8,22700,2.8,-41.2,,,,,,,,,,,,,,,,,,,,,,,,,,,,,,,,,12.3,12.3,12.3,12.3,1.0,0.0,18.0,1.0,-8.7,-8.7,-8.7,-8.7,1.0,0.0,18.0,1.0,-8.7,-8.7,-8.7,-8.7,1.0,0.0,18.0,1.0,1019.5,1019.5,1019.5,1019.5,1.0,0.0,18.0,1.0,,,,,,,,,,,,,,,,,,,,,,,,,,,,,,,,,,,,,,,,,,,,,,,,,,,,,,,,,,,,,,,,,,,,,,,,,,,,,,,,,,,,,,,,,,,,,,,,,,,,,,,,,,,,,,,,,,,,,,,,,,,,,,,,
1891,8,22700,2.8,-5.2,,,,,,,,,,,,,,,,,,,,,,,,,,,,,,,,,4.6,4.6,4.6,4.6,1.0,0.0,6.0,0.0,0.0,0.0,0.0,0.0,1.0,0.0,6.0,0.0,4.6,4.6,4.6,4.6,1.0,0.0,6.0,0.0,1018.6,1018.6,1018.6,1018.6,1.0,0.0,6.0,0.0,,,,,,,,,,,,,,,,,,,,,,,,,,,,,,,,,,,,,,,,,,,,,,,,,,,,,,,,,,,,,,,,,,,,,,,,,,,,,,,,,,,,,,,,,,,,,,,,,,,,,,,,,,,,,,,,,,,,,,,,,,,,,,,,
1891,8,22700,2.8,42.3,,,,,,,,,,,,,,,,,,,,,,,,,,,,,,,,,6.7,11.05,15.4,11.05,4.0,5.02,16.0,0.0,0.0,2.37,4.74,2.37,4.0,2.74,16.0,0.0,-15.4,-10.07,-4.74,-10.07,4.0,6.16,16.0,0.0,1013.04,1016.05,1017.12,1015.13,4.0,2.95,16.0,0.0,,,,,,,,,,,,,,,,,,,,,,,,,,,,,,,,,,,,,,,,,,,,,,,,,,,,,,,,,,,,,,,,,,,,,,,,,,,,,,,,,,,,,,,,,,,,,,,,,,,,,,,,,,,,,,,,,,,,,,,,,,,,,,,,
1891,8,22700,4.2,52.7,16.0,16.2,16.6,16.28,198.0,0.42,16.0,0.5,14.6,15.8,17.0,15.83,204.0,1.16,16.0,0.5,8.91,9.46,9.78,9.35,4.0,0.57,20.0,0.0,80.7,85.5,90.8,85.7,4.0,5.9,20.0,0.0,2.6,4.6,9.3,5.99,195.0,3.83,16.0,0.5,0.71,4.27,7.09,4.3,195.0,3.92,16.0,0.5,-3.25,0.71,3.71,0.44,195.0,4.07,16.0,0.5,1005.98,1013.9,1019.3,1013.05,198.0,6.61,16.0,0.5,2.0,6.0,8.0,5.5,202.0,2.6,16.0,0.5,80.7,85.5,90.8,85.7,4.0,5.9,20.0,0.0,0.7,19.6,79.6,37.8,195.0,55.6,16.0,0.5,-17.5,0.9,31.7,2.4,195.0,43.4,16.0,0.5,-0.4,0.6,1.4,0.48,197.0,1.01,16.0,0.5,-1.1,2.3,8.4,3.2,188.0,6.7,16.0,0.5,1.64,1.96,2.48,2.06,4.0,0.6,20.0,0.0,7.5,9.0,11.4,9.5,4.0,2.7,20.0,0.0,10.7,65.4,119.0,67.4,195.0,62.3,16.0,0.5,-47.0,12.4,65.8,9.1,195.0,63.7,16.0,0.5,-37.1,-3.9,30.0,-3.5,4.0,38.7,20.0,0.0,23.2,24.0,29.9,26.4,4.0,5.4,20.0,0.0,,,,,,,,,,,,,,,,,,,,,,,,,,,,,,,,
1891,8,22700,4.3,40.8,,,,,,,,,,,,,,,,,,,,,,,,,,,,,,,,,,,,,,,,,,,,,,,,,,,,,,,,,,,,,,,,,,,,,,,,,,,,,,,,,,,,,,,,,,,,,,,,,,,,,,,,,,,,,,,,,,,,,,,,,,,,,,,,,,,,,,,,,,,,,,,,,,,,,,,,,,,,,,,,,0.4,1.3,1.5,1.0,3.0,0.9,14.0,0.0,-2.0,-0.9,-0.3,-1.1,3.0,1.3,14.0,0.0,13.5,57.5,429.0,206.5,12.0,299.0,16.0,0.6,15.0,55.0,430.0,205.0,12.0,300.0,16.0,0.6
1891,8,22700,4.4,-41.2,,,,,,,,,,,,,,,,,,,,,,,,,,,,,,,,,10.25,12.3,12.3,11.3,3.0,1.73,18.0,0.3,-8.7,-8.7,-7.25,-7.99,3.0,1.22,18.0,0.3,-8.7,-8.7,-7.25,-7.99,3.0,1.22,18.0,0.3,1022.17,1023.6,1023.87,1023.03,3.0,1.34,18.0,0.3,,,,,,,,,,,,,,,,,,,,,,,,,,,,,,,,,,,,,,,,,,,,,,,,,,,,,,,,,,,,,,,,,,,,,,,,,,,,,,,,,,,,,,,,,,,,,,,,,,,,,,,,,,,,,,,,,,,,,,,,,,,,,,,,
1891,8,22700,4.4,38.1,,,,,,,,,,,,,,,,,,,,,,,,,,,,,,,,,2.6,2.6,2.6,2.6,2.0,0.0,22.0,1.0,-1.31,-1.0,-0.69,-1.0,2.0,0.65,22.0,1.0,2.22,2.35,2.48,2.35,2.0,0.27,22.0,1.0,1014.22,1018.55,1022.88,1018.55,2.0,8.98,22.0,1.0,,,,,,,,,,,,,,,,,,,,,,,,,,,,,,,,,,,,,,,,,,,,,,,,,,,,,,,,,,,,,,,,,,,,,,,,,,,,,,,,,,,,,,,,,,,,,,,,,,,,,,,,,,,,,,,,,,,,,,,,,,,,,,,,
1891,8,22700,4.4,40.8,18.5,20.4,21.08,20.21,12.0,1.47,16.0,0.6,20.42,21.9,23.0,21.71,12.0,1.4,16.0,0.6,12.92,13.05,13.54,13.23,3.0,0.48,14.0,0.0,81.3,91.0,93.8,87.7,3.0,9.6,14.0,0.0,2.19,3.6,7.36,4.38,12.0,3.05,16.0,0.6,-1.35,0.92,5.35,1.5,12.0,3.45,16.0,0.6,-5.58,0.0,2.2,-1.17,12.0,3.79,16.0,0.6,1014.14,1016.75,1018.81,1016.48,12.0,2.51,16.0,0.6,0.7,2.0,6.0,2.8,12.0,2.2,16.0,0.6,81.3,91.0,93.8,87.7,3.0,9.6,14.0,0.0,-4.3,2.4,42.8,12.2,12.0,26.7,16.0,0.6,-45.8,0.0,7.4,-12.5,12.0,27.9,16.0,0.6,-2.53,-1.3,-0.5,-1.5,12.0,1.16,16.0,0.6,-15.1,-4.0,-1.5,-6.8,12.0,6.1,16.0,0.6,0.22,0.33,2.97,1.57,3.0,2.28,14.0,0.0,0.5,1.5,2.6,1.5,3.0,1.5,14.0,0.0,-30.7,20.6,106.5,29.0,12.0,71.2,16.0,0.6,-110.7,0.0,50.5,-21.4,12.0,79.4,16.0,0.6,20.7,65.2,89.4,55.3,3.0,51.0,14.0,0.0,-90.0,-67.9,-21.5,-56.1,3.0,51.2,14.0,0.0,,,,,,,,,,,,,,,,,,,,,,,,,,,,,,,,
1891,8,22700,4.5,-5.2,,,,,,,,,,,,,,,,,,,,,,,,,,,,,,,,,4.6,4.6,4.6,4.6,4.0,0.0,8.0,0.5,0.0,0.0,0.0,0.0,4.0,0.0,8.0,0.5,4.6,4.6,4.6,4.6,4.0,0.0,8.0,0.5,1017.94,1018.75,1019.45,1018.7,4.0,0.88,8.0,0.5,,,,,,,,,,,,,,,,,,,,,,,,,,,,,,,,,,,,,,,,,,,,,,,,,,,,,,,,,,,,,,,,,,,,,,,,,,,,,,,,,,,,,,,,,,,,,,,,,,,,,,,,,,,,,,,,,,,,,,,,,,,,,,,,
1891,8,22700,4.5,36.7,,,,,,,,,,,,,,,,,,,,,,,,,,,,,,,,,2.6,5.65,7.24,5.42,6.0,2.64,12.0,0.7,-7.03,-4.0,-1.84,-4.49,6.0,2.74,12.0,0.7,-3.62,-2.55,-1.7,-2.69,6.0,1.32,12.0,0.7,1015.14,1017.45,1018.32,1017.18,6.0,1.97,12.0,0.7,,,,,,,,,,,,,,,,,,,,,,,,,,,,,,,,,,,,,,,,,,,,,,,,,,,,,,,,,,,,,,,,,,,,,,,,,,,,,,,,,,,,,,,,,,,,,,,,,,,,,,,,,,,,,,,,,,,,,,,,,,,,,,,,
1891,8,22700,4.6,42.1,,,,,,,,,,,,,,,,,,,,,,,,,,,,,,,,,,,,,,,,,,,,,,,,,,,,,,,,,,,,,,,,,,,,,,,,,,,,,,,,,,,,,,,,,,,,,,,,,,,,,,,,,,,,,,,,,,,,,,,,,,,,,,,,,,,,,,,,,,,,,,,,,,,,,,,,,,,,,,,,,-1.3,0.0,0.5,-0.4,3.0,1.4,20.0,0.7,-4.3,-3.6,7.9,1.7,3.0,10.0,20.0,0.7,17.5,97.5,804.5,545.5,15.0,994.5,14.0,0.6,20.0,95.0,805.0,545.0,15.0,995.0,14.0,0.6
1891,8,22700,4.6,42.3,18.11,19.8,21.73,19.9,15.0,1.77,14.0,0.6,20.72,21.7,23.47,22.03,14.0,1.61,16.0,0.6,14.53,14.59,16.47,15.48,3.0,1.62,20.0,0.7,76.3,80.7,85.8,81.0,3.0,7.0,20.0,0.7,2.6,4.6,9.3,5.9,15.0,4.15,14.0,0.6,0.0,3.48,6.17,3.44,15.0,3.99,14.0,0.6,-5.7,0.0,2.27,-1.2,15.0,4.94,14.0,0.6,1014.58,1016.0,1016.64,1015.87,11.0,2.01,18.0,0.6,0.0,2.0,5.0,2.5,15.0,2.2,14.0,0.6,76.3,80.7,85.8,81.0,3.0,7.0,20.0,0.7,0.0,19.5,41.3,30.7,15.0,55.8,14.0,0.6,-51.5,0.0,7.9,-13.5,15.0,53.2,14.0,0.6,-3.26,-2.1,-1.61,-2.06,14.0,1.62,16.0,0.6,-20.3,-9.8,-0.3,-12.7,14.0,15.4,16.0,0.6,-0.86,1.42,2.41,0.79,3.0,2.45,20.0,0.7,-2.2,3.7,10.2,4.0,3.0,9.1,20.0,0.7,0.0,60.7,129.1,71.7,14.0,89.1,16.0,0.6,-133.8,10.3,58.7,-21.1,14.0,109.2,16.0,0.6,2.5,7.8,14.5,8.5,3.0,8.8,20.0,0.7,-12.0,41.5,59.0,23.9,3.0,54.2,20.0,0.7,,,,,,,,,,,,,,,,,,,,,,,,,,,,,,,,
1891,8,22700,4.6,52.7,,,,,,,,,,,,,,,,,,,,,,,,,,,,,,,,,,,,,,,,,,,,,,,,,,,,,,,,,,,,,,,,,,,,,,,,,,,,,,,,,,,,,,,,,,,,,,,,,,,,,,,,,,,,,,,,,,,,,,,,,,,,,,,,,,,,,,,,,,,,,,,,,,,,,,,,,,,,,,,,,-6.8,-0.1,8.1,0.6,4.0,8.9,20.0,0.0,4.4,5.9,7.2,5.8,4.0,1.8,20.0,0.0,17.5,97.5,804.5,528.0,195.0,967.5,16.0,0.5,20.0,95.0,805.0,530.0,195.0,965.0,16.0,0.5
1891,8,22700,4.6,54.8,,,,,,,,,,,,,,,,,,,,,,,,,,,,,,,,,2.92,3.6,4.28,3.6,2.0,1.41,18.0,1.0,-4.05,-3.35,-2.64,-3.35,2.0,1.46,18.0,1.0,-1.01,-0.12,0.77,-0.12,2.0,1.84,18.0,1.0,1010.26,1010.6,1010.94,1010.6,2.0,0.71,18.0,1.0,,,,,,,,,,,,,,,,,,,,,,,,,,,,,,,,,,,,,,,,,,,,,,,,,,,,,,,,,,,,,,,,,,,,,,,,,,,,,,,,,,,,,,,,,,,,,,,,,,,,,,,,,,,,,,,,,,,,,,,,,,,,,,,,
1891,8,22700,6.4,38.3,,,,,,,,,,,,,,,,,,,,,,,,,,,,,,,,,2.92,3.6,4.28,3.6,2.0,1.41,22.0,0.0,0.15,1.64,3.12,1.64,2.0,3.08,22.0,0.0,-1.76,-0.01,1.73,-0.01,2.0,3.62,22.0,0.0,1016.02,1016.5,1016.98,1016.5,2.0,0.99,22.0,0.0,,,,,,,,,,,,,,,,,,,,,,,,,,,,,,,,,,,,,,,,,,,,,,,,,,,,,,,,,,,,,,,,,,,,,,,,,,,,,,,,,,,,,,,,,,,,,,,,,,,,,,,,,,,,,,,,,,,,,,,,,,,,,,,,
1891,8,22700,6.4,42.5,,,,,,,,,,,,,,,,,,,,,,,,,,,,,,,,,0.0,2.6,6.7,3.68,26.0,3.35,16.0,0.3,-0.92,1.81,6.18,2.59,26.0,3.97,16.0,0.3,-1.82,0.0,1.31,0.05,26.0,1.62,16.0,0.3,1012.1,1015.2,1018.43,1015.01,25.0,3.39,18.0,0.3,,,,,,,,,,,,,,,,,,,,,,,,,,,,,,,,,,,,,,,,,,,,,,,,,,,,,,,,,,,,,,,,,-20.8,35.8,134.5,55.1,26.0,87.8,16.0,0.3,-37.4,0.0,26.6,1.4,26.0,35.2,16.0,0.3,-15.4,0.0,51.8,11.4,8.0,44.1,18.0,0.5,-2.4,0.0,16.6,1.8,8.0,20.7,18.0,0.5,,,,,,,,,,,,,,,,,,,,,,,,,,,,,,,,
1891,8,22700,6.4,52.8,,,,,,,,,,,,,,,,,,,,,,,,,,,,,,,,,,,,,,,,,,,,,,,,,,,,,,,,,,,,,,,,,4.0,6.0,8.0,5.9,11.0,2.0,20.0,0.6,92.5,92.5,92.5,92.5,1.0,0.0,18.0,0.0,5.6,25.1,88.5,55.9,12.0,85.3,18.0,0.7,-5.9,5.0,39.3,14.6,12.0,29.3,18.0,0.7,,,,,,,,,,,,,,,,,,,,,,,,,,,,,,,,,33.7,70.1,151.6,85.6,11.0,90.4,20.0,0.6,0.0,37.3,95.5,39.8,11.0,53.2,20.0,0.6,-37.5,-37.5,-37.5,-37.5,1.0,0.0,18.0,0.0,24.3,24.3,24.3,24.3,1.0,0.0,18.0,0.0,,,,,,,,,,,,,,,,,,,,,,,,,,,,,,,,
1891,8,22700,6.5,-5.7,,,,,,,,,,,,,,,,,,,,,,,,,,,,,,,,,5.6,6.7,6.7,6.18,4.0,1.05,8.0,0.3,0.0,1.31,2.62,1.31,4.0,1.51,8.0,0.3,5.35,6.17,6.45,5.91,4.0,0.91,8.0,0.3,1017.8,1018.05,1018.62,1018.2,4.0,0.57,8.0,0.3,,,,,,,,,,,,,,,,,,,,,,,,,,,,,,,,,,,,,,,,,,,,,,,,,,,,,,,,,,,,,,,,,,,,,,,,,,,,,,,,,,,,,,,,,,,,,,,,,,,,,,,,,,,,,,,,,,,,,,,,,,,,,,,,
1891,8,22700,6.5,36.7,,,,,,,,,,,,,,,,,,,,,,,,,,,,,,,,,0.0,2.6,6.13,3.09,9.0,2.73,12.0,0.4,-5.31,-2.57,0.0,-2.69,9.0,2.48,12.0,0.4,-2.66,-0.41,0.0,-0.68,9.0,1.85,12.0,0.4,1013.9,1018.0,1020.09,1017.23,9.0,2.85,12.0,0.4,,,,,,,,,,,,,,,,,,,,,,,,,,,,,,,,,,,,,,,,,,,,,,,,,,,,,,,,,,,,,,,,,,,,,,,,,,,,,,,,,,,,,,,,,,,,,,,,,,,,,,,,,,,,,,,,,,,,,,,,,,,,,,,,
1891,8,22700,6.5,42.5,19.01,21.0,22.47,20.87,27.0,1.63,16.0,0.3,20.5,21.9,22.99,21.91,27.0,1.24,16.0,0.3,14.6,14.67,15.34,14.85,8.0,0.47,18.0,0.5,87.9,91.2,92.2,90.8,8.0,4.5,18.0,0.5,,,,,,,,,,,,,,,,,,,,,,,,,,,,,,,,,0.0,2.0,3.0,2.0,27.0,2.4,16.0,0.3,87.9,91.2,92.2,90.8,8.0,4.5,18.0,0.5,-0.9,4.7,41.4,20.9,26.0,37.4,16.0,0.3,-6.7,0.0,6.3,-0.4,26.0,8.3,16.0,0.3,-2.57,-0.6,0.0,-1.04,27.0,1.53,16.0,0.3,-8.3,-0.6,0.0,-4.0,26.0,10.6,16.0,0.3,-0.37,1.17,1.33,0.96,8.0,1.08,18.0,0.5,-2.2,0.5,2.4,0.3,8.0,2.4,18.0,0.5,,,,,,,,,,,,,,,,,,,,,,,,,,,,,,,,,-2.5,-1.2,0.0,-1.2,8.0,1.5,18.0,0.5,-1.3,-0.1,0.0,-0.7,8.0,1.2,18.0,0.5,0.0,17.5,301.0,199.0,26.0,406.5,16.0,0.3,0.0,20.0,300.0,200.0,26.0,405.0,16.0,0.3
1891,8,22700,6.5,52.8,15.54,16.1,16.44,16.08,10.0,0.51,20.0,0.8,15.42,16.65,17.3,16.53,12.0,1.14,20.0,0.7,9.71,9.71,9.71,9.71,1.0,0.0,18.0,0.0,92.5,92.5,92.5,92.5,1.0,0.0,18.0,0.0,4.09,6.7,10.85,7.16,12.0,4.29,18.0,0.7,2.16,4.36,8.13,5.23,12.0,5.34,18.0,0.7,-0.88,1.58,5.55,1.84,12.0,3.51,18.0,0.7,1006.72,1007.9,1014.71,1009.87,7.0,4.61,18.0,0.7,,,,,,,,,,,,,,,,,,,,,,,,,,,,,,,,,-1.46,-0.25,0.79,-0.42,10.0,1.33,20.0,0.8,-8.9,-3.3,4.7,-2.4,9.0,6.3,20.0,0.8,1.64,1.64,1.64,1.64,1.0,0.0,18.0,0.0,7.5,7.5,7.5,7.5,1.0,0.0,18.0,0.0,,,,,,,,,,,,,,,,,,,,,,,,,,,,,,,,,,,,,,,,,,,,,,,,,,,,,,,,,,,,,,,,
1891,8,22700,6.5,52.9,,,,,,,,,,,,,,,,,,,,,,,,,,,,,,,,,,,,,,,,,,,,,,,,,,,,,,,,,,,,,,,,,,,,,,,,,,,,,,,,,,,,,,,,,,,,,,,,,,,,,,,,,,,,,,,,,,,,,,,,,,,,,,,,,,,,,,,,,,,,,,,,,,,,,,,,,,,,,,,,,-6.3,-6.3,-6.3,-6.3,1.0,0.0,18.0,0.0,4.1,4.1,4.1,4.1,1.0,0.0,18.0,0.0,77.0,301.0,1528.5,803.5,12.0,1347.5,18.0,0.7,75.0,300.0,1530.0,805.0,12.0,1345.0,18.0,0.7
1891,8,22700,6.5,54.3,,,,,,,,,,,,,,,,,,,,,,,,,,,,,,,,,1.51,2.6,5.4,3.43,3.0,2.94,20.0,0.3,-1.5,0.63,2.28,0.39,3.0,2.77,20.0,0.3,-0.77,-0.76,3.83,1.48,3.0,3.89,20.0,0.3,1008.79,1012.0,1012.48,1010.67,3.0,2.94,20.0,0.3,,,,,,,,,,,,,,,,,,,,,,,,,,,,,,,,,,,,,,,,,,,,,,,,,,,,,,,,,,,,,,,,,,,,,,,,,,,,,,,,,,,,,,,,,,,,,,,,,,,,,,,,,,,,,,,,,,,,,,,,,,,,,,,,
1891,8,22700,6.6,-41.2,,,,,,,,,,,,,,,,,,,,,,,,,,,,,,,,,6.7,6.7,8.47,7.57,3.0,1.5,18.0,0.7,-5.99,-4.74,-4.74,-5.35,3.0,1.06,18.0,0.7,-5.99,-4.74,-4.74,-5.35,3.0,1.06,18.0,0.7,1024.66,1024.8,1025.62,1025.13,3.0,0.76,18.0,0.7,,,,,,,,,,,,,,,,,,,,,,,,,,,,,,,,,,,,,,,,,,,,,,,,,,,,,,,,,,,,,,,,,,,,,,,,,,,,,,,,,,,,,,,,,,,,,,,,,,,,,,,,,,,,,,,,,,,,,,,,,,,,,,,,
1891,8,22700,6.8,40.8,,,,,,,,,,,,,,,,,,,,,,,,,,,,,,,,,2.92,3.6,4.28,3.6,2.0,1.41,12.0,1.0,-0.82,1.38,3.58,1.38,2.0,4.55,12.0,1.0,0.29,0.92,1.55,0.92,2.0,1.3,12.0,1.0,1012.52,1013.65,1014.78,1013.65,2.0,2.33,12.0,1.0,,,,,,,,,,,,,,,,,,,,,,,,,,,,,,,,,,,,,,,,,,,,,,,,,,,,,,,,,,,,,,,,,,,,,,,,,,,,,,,,,,,,,,,,,,,,,,,,,,,,,,,,,,,,,,,,,,,,,,,,,,,,,,,,
1891,8,22700,8.3,-5.7,,,,,,,,,,,,,,,,,,,,,,,,,,,,,,,,,6.7,6.7,6.7,6.7,2.0,0.0,8.0,1.0,-2.11,-1.25,-0.4,-1.25,2.0,1.77,8.0,1.0,6.29,6.46,6.62,6.46,2.0,0.34,8.0,1.0,1018.5,1018.5,1018.5,1018.5,1.0,0.0,8.0,1.0,,,,,,,,,,,,,,,,,,,,,,,,,,,,,,,,,,,,,,,,,,,,,,,,,,,,,,,,,,,,,,,,,,,,,,,,,,,,,,,,,,,,,,,,,,,,,,,,,,,,,,,,,,,,,,,,,,,,,,,,,,,,,,,,
1891,8,22700,8.5,-41.2,,,,,,,,,,,,,,,,,,,,,,,,,,,,,,,,,9.78,10.8,11.82,10.8,2.0,2.12,18.0,0.5,-6.3,-5.69,-5.09,-5.69,2.0,1.25,18.0,0.5,-10.57,-8.95,-7.33,-8.95,2.0,3.36,18.0,0.5,1026.46,1026.6,1026.74,1026.6,2.0,0.28,18.0,0.5,,,,,,,,,,,,,,,,,,,,,,,,,,,,,,,,,,,,,,,,,,,,,,,,,,,,,,,,,,,,,,,,,,,,,,,,,,,,,,,,,,,,,,,,,,,,,,,,,,,,,,,,,,,,,,,,,,,,,,,,,,,,,,,,
1891,8,22700,8.5,36.7,,,,,,,,,,,,,,,,,,,,,,,,,,,,,,,,,2.48,4.6,4.7,3.96,7.0,2.11,12.0,0.6,-4.44,0.0,1.8,-1.21,7.0,3.48,12.0,0.6,-4.28,-1.57,0.01,-2.05,7.0,1.99,12.0,0.6,1012.13,1017.8,1020.21,1016.06,7.0,3.93,12.0,0.6,,,,,,,,,,,,,,,,,,,,,,,,,,,,,,,,,,,,,,,,,,,,,,,,,,,,,,,,,,,,,,,,,,,,,,,,,,,,,,,,,,,,,,,,,,,,,,,,,,,,,,,,,,,,,,,,,,,,,,,,,,,,,,,,
1891,8,22700,8.5,38.4,,,,,,,,,,,,,,,,,,,,,,,,,,,,,,,,,9.78,10.8,11.82,10.8,2.0,2.12,20.0,0.5,8.32,9.63,10.95,9.63,2.0,2.72,20.0,0.5,-3.71,-0.5,2.71,-0.5,2.0,6.65,20.0,0.5,1015.2,1016.5,1017.59,1016.4,3.0,1.75,20.0,0.7,,,,,,,,,,,,,,,,,,,,,,,,,,,,,,,,,,,,,,,,,,,,,,,,,,,,,,,,,,,,,,,,,,,,,,,,,,,,,,,,,,,,,,,,,,,,,,,,,,,,,,,,,,,,,,,,,,,,,,,,,,,,,,,,
1891,8,22700,8.5,40.8,,,,,,,,,,,,,,,,,,,,,,,,,,,,,,,,,1.0,4.6,6.7,3.92,11.0,2.43,10.0,0.7,-0.29,3.25,4.74,2.52,11.0,2.91,10.0,0.7,-3.49,0.0,1.76,-0.44,11.0,2.67,10.0,0.7,1012.92,1015.4,1016.41,1014.93,8.0,1.64,14.0,0.9,,,,,,,,,,,,,,,,,,,,,,,,,,,,,,,,,,,,,,,,,,,,,,,,,,,,,,,,,,,,,,,,,,,,,,,,,,,,,,,,,,,,,,,,,,,,,,,,,,,,,,,,,,,,,,,,,,,,,,,,,,,,,,,,
1891,8,22700,8.6,44.2,,,,,,,,,,,,,,,,,,,,,,,,,,,,,,,,,,,,,,,,,,,,,,,,,,,,,,,,,,,,,,,,,0.0,2.0,2.9,1.9,8.0,2.0,22.0,0.5,80.2,80.4,83.0,81.6,3.0,2.3,22.0,0.7,-31.7,-2.5,2.6,-10.5,7.0,15.8,22.0,0.6,-0.3,6.3,31.7,11.9,7.0,15.0,22.0,0.6,,,,,,,,,,,,,,,,,,,,,,,,,,,,,,,,,,,,,,,,,,,,,,,,,,,,,,,,,,,,,,,,,,,,,,,,,,,,,,,,,,,,,,,,,,,,,,,,
1891,8,22700,8.7,42.6,19.86,20.7,22.73,21.29,17.0,1.46,22.0,0.3,22.45,23.0,24.0,23.16,17.0,0.97,22.0,0.3,15.43,16.36,16.88,16.06,5.0,1.27,20.0,0.2,83.9,88.0,92.4,88.2,5.0,8.2,20.0,0.2,1.0,2.6,2.6,2.18,17.0,1.66,22.0,0.3,-1.84,0.0,1.37,-0.14,17.0,2.01,22.0,0.3,-0.93,1.45,1.94,0.96,17.0,1.67,22.0,0.3,1013.08,1017.5,1020.03,1016.99,17.0,2.99,22.0,0.3,0.0,0.0,2.0,1.1,17.0,2.0,22.0,0.3,83.9,88.0,92.4,88.2,5.0,8.2,20.0,0.2,-4.8,0.0,3.6,0.5,17.0,10.1,22.0,0.3,-0.9,3.8,5.0,4.0,17.0,7.6,22.0,0.3,-2.78,-2.0,-0.63,-1.88,17.0,1.5,22.0,0.3,-7.2,-4.7,0.0,-4.2,17.0,4.1,22.0,0.3,0.07,1.14,1.51,0.91,5.0,0.88,20.0,0.2,0.0,0.3,5.9,3.1,5.0,6.3,20.0,0.2,-42.4,0.0,31.8,-3.4,17.0,46.8,22.0,0.3,-20.1,35.6,44.3,22.2,17.0,38.8,22.0,0.3,-30.4,0.0,26.7,1.9,5.0,42.9,20.0,0.2,10.4,24.6,42.8,26.5,5.0,21.3,20.0,0.2,,,,,,,,,,,,,,,,,,,,,,,,,,,,,,,,
1891,8,22700,8.7,42.7,,,,,,,,,,,,,,,,,,,,,,,,,,,,,,,,,,,,,,,,,,,,,,,,,,,,,,,,,,,,,,,,,,,,,,,,,,,,,,,,,,,,,,,,,,,,,,,,,,,,,,,,,,,,,,,,,,,,,,,,,,,,,,,,,,,,,,,,,,,,,,,,,,,,,,,,,,,,,,,,,-0.1,0.0,4.1,2.2,5.0,5.1,20.0,0.2,0.0,0.2,3.9,2.0,5.0,3.8,20.0,0.2,1.0,17.5,17.5,32.0,17.0,73.0,22.0,0.3,0.0,20.0,20.0,30.0,17.0,75.0,22.0,0.3
1891,8,22700,8.8,-7.2,,,,,,,,,,,,,,,,,,,,,,,,,,,,,,,,,4.6,4.6,4.6,4.6,1.0,0.0,8.0,1.0,4.27,4.27,4.27,4.27,1.0,0.0,8.0,1.0,1.72,1.72,1.72,1.72,1.0,0.0,8.0,1.0,1018.2,1018.2,1018.2,1018.2,1.0,0.0,8.0,1.0,,,,,,,,,,,,,,,,,,,,,,,,,,,,,,,,,,,,,,,,,,,,,,,,,,,,,,,,,,,,,,,,,,,,,,,,,,,,,,,,,,,,,,,,,,,,,,,,,,,,,,,,,,,,,,,,,,,,,,,,,,,,,,,,
1891,8,22700,10.3,42.2,22.13,23.0,23.26,22.65,6.0,1.01,14.0,0.5,22.5,22.75,24.21,23.25,6.0,1.04,14.0,0.5,16.83,16.96,16.97,16.9,3.0,0.11,10.0,0.3,97.2,100.0,100.0,98.6,3.0,2.4,10.0,0.3,0.79,2.6,3.01,2.23,6.0,1.58,14.0,0.5,-1.44,-0.41,0.97,-0.52,6.0,1.58,14.0,0.5,-2.41,0.28,2.58,0.23,6.0,2.37,14.0,0.5,1013.5,1015.35,1017.14,1015.35,6.0,1.97,14.0,0.5,0.0,0.0,2.0,0.7,6.0,1.0,14.0,0.5,97.2,100.0,100.0,98.6,3.0,2.4,10.0,0.3,-5.1,-0.4,2.5,-2.2,6.0,6.5,14.0,0.5,-6.3,0.3,8.1,1.5,6.0,8.1,14.0,0.5,-1.8,-0.5,0.21,-0.6,6.0,1.12,14.0,0.5,-5.4,-1.3,0.0,-2.6,6.0,3.4,14.0,0.5,0.23,0.74,0.97,0.6,3.0,0.55,10.0,0.3,0.0,0.0,1.3,0.6,3.0,1.1,10.0,0.3,-32.9,-9.3,23.6,-11.1,6.0,36.4,14.0,0.5,-58.4,6.3,59.1,3.8,6.0,55.6,14.0,0.5,-15.6,-14.1,-4.5,-10.1,3.0,8.9,10.0,0.3,3.0,9.5,30.6,16.6,3.0,21.1,10.0,0.3,,,,,,,,,,,,,,,,,,,,,,,,,,,,,,,,
1891,8,22700,10.4,-41.2,,,,,,,,,,,,,,,,,,,,,,,,,,,,,,,,,9.3,9.3,11.35,10.3,3.0,1.73,18.0,0.3,-4.43,-3.63,-3.63,-4.02,3.0,0.68,18.0,0.3,-10.45,-8.56,-8.56,-9.48,3.0,1.59,18.0,0.3,1028.0,1028.2,1029.09,1028.53,3.0,0.85,18.0,0.3,,,,,,,,,,,,,,,,,,,,,,,,,,,,,,,,,,,,,,,,,,,,,,,,,,,,,,,,,,,,,,,,,,,,,,,,,,,,,,,,,,,,,,,,,,,,,,,,,,,,,,,,,,,,,,,,,,,,,,,,,,,,,,,,
1891,8,22700,10.4,42.2,,,,,,,,,,,,,,,,,,,,,,,,,,,,,,,,,,,,,,,,,,,,,,,,,,,,,,,,,,,,,,,,,,,,,,,,,,,,,,,,,,,,,,,,,,,,,,,,,,,,,,,,,,,,,,,,,,,,,,,,,,,,,,,,,,,,,,,,,,,,,,,,,,,,,,,,,,,,,,,,,-0.5,0.0,0.0,-0.2,3.0,0.4,10.0,0.3,0.0,0.0,1.2,0.6,3.0,1.0,10.0,0.3,1.0,17.5,34.0,25.0,6.0,36.5,14.0,0.5,0.0,20.0,35.0,25.0,6.0,35.0,14.0,0.5
1891,8,22700,10.5,-7.2,,,,,,,,,,,,,,,,,,,,,,,,,,,,,,,,,1.76,2.6,3.65,2.7,4.0,1.47,8.0,0.3,0.48,1.02,2.72,1.57,4.0,1.86,8.0,0.3,1.34,2.06,2.39,1.88,4.0,0.66,8.0,0.3,1017.92,1018.6,1018.74,1018.33,3.0,0.64,8.0,0.3,,,,,,,,,,,,,,,,,,,,,,,,,,,,,,,,,,,,,,,,,,,,,,,,,,,,,,,,,,,,,,,,,,,,,,,,,,,,,,,,,,,,,,,,,,,,,,,,,,,,,,,,,,,,,,,,,,,,,,,,,,,,,,,,
1891,8,22700,10.5,36.6,,,,,,,,,,,,,,,,,,,,,,,,,,,,,,,,,2.6,2.6,6.13,4.07,9.0,2.57,12.0,0.4,-0.88,1.72,3.96,1.29,9.0,3.24,12.0,0.4,-4.61,-1.84,0.67,-2.04,9.0,2.86,12.0,0.4,1011.58,1017.2,1019.0,1015.84,9.0,3.49,12.0,0.4,,,,,,,,,,,,,,,,,,,,,,,,,,,,,,,,,,,,,,,,,,,,,,,,,,,,,,,,,,,,,,,,,,,,,,,,,,,,,,,,,,,,,,,,,,,,,,,,,,,,,,,,,,,,,,,,,,,,,,,,,,,,,,,,
1891,8,22700,10.5,40.5,21.81,23.9,26.21,23.56,19.0,2.24,14.0,0.5,22.37,24.0,26.11,24.1,19.0,1.8,14.0,0.5,15.47,15.47,15.47,15.47,1.0,0.0,18.0,1.0,73.9,73.9,73.9,73.9,1.0,0.0,18.0,1.0,1.0,2.6,4.9,3.27,19.0,2.23,14.0,0.5,-0.92,0.37,3.25,1.14,19.0,1.98,14.0,0.5,-3.25,0.39,4.62,0.81,19.0,3.21,14.0,0.5,1014.46,1016.2,1018.67,1016.54,16.0,2.42,16.0,0.4,0.0,0.0,2.0,0.9,19.0,1.0,14.0,0.5,73.9,73.9,73.9,73.9,1.0,0.0,18.0,1.0,-0.9,0.4,15.0,5.7,19.0,9.6,14.0,0.5,-15.0,0.4,22.7,5.0,19.0,18.5,14.0,0.5,-1.9,-0.8,1.46,-0.54,19.0,1.53,14.0,0.5,-6.1,-0.8,3.0,-1.4,19.0,5.0,14.0,0.5,2.03,2.03,2.03,2.03,1.0,0.0,18.0,1.0,5.3,5.3,5.3,5.3,1.0,0.0,18.0,1.0,-24.7,8.1,78.5,26.6,19.0,47.3,14.0,0.5,-71.1,10.5,108.6,20.4,19.0,76.8,14.0,0.5,-15.1,-15.1,-15.1,-15.1,1.0,0.0,18.0,1.0,37.3,37.3,37.3,37.3,1.0,0.0,18.0,1.0,,,,,,,,,,,,,,,,,,,,,,,,,,,,,,,,
1891,8,22700,10.6,38.7,,,,,,,,,,,,,,,,,,,,,,,,,,,,,,,,,3.25,4.65,6.05,4.65,2.0,2.9,20.0,0.5,1.9,3.27,4.64,3.27,2.0,2.84,20.0,0.5,-3.83,-3.2,-2.57,-3.2,2.0,1.31,20.0,0.5,1012.62,1013.1,1013.58,1013.1,2.0,0.99,20.0,0.5,,,,,,,,,,,,,,,,,,,,,,,,,,,,,,,,,,,,,,,,,,,,,,,,,,,,,,,,,,,,,,,,,,,,,,,,,,,,,,,,,,,,,,,,,,,,,,,,,,,,,,,,,,,,,,,,,,,,,,,,,,,,,,,,
1891,8,22700,10.7,40.7,,,,,,,,,,,,,,,,,,,,,,,,,,,,,,,,,,,,,,,,,,,,,,,,,,,,,,,,,,,,,,,,,,,,,,,,,,,,,,,,,,,,,,,,,,,,,,,,,,,,,,,,,,,,,,,,,,,,,,,,,,,,,,,,,,,,,,,,,,,,,,,,,,,,,,,,,,,,,,,,,-2.0,-2.0,-2.0,-2.0,1.0,0.0,18.0,1.0,4.9,4.9,4.9,4.9,1.0,0.0,18.0,1.0,1.0,17.5,126.5,82.0,19.0,105.5,14.0,0.5,0.0,20.0,125.0,80.0,19.0,105.0,14.0,0.5
1891,8,22700,12.3,-7.2,,,,,,,,,,,,,,,,,,,,,,,,,,,,,,,,,1.0,1.0,1.0,1.0,2.0,0.0,10.0,1.0,1.0,1.0,1.0,1.0,2.0,0.0,10.0,1.0,0.0,0.0,0.0,0.0,2.0,0.0,10.0,1.0,1018.31,1018.75,1019.19,1018.75,2.0,0.92,10.0,1.0,,,,,,,,,,,,,,,,,,,,,,,,,,,,,,,,,,,,,,,,,,,,,,,,,,,,,,,,,,,,,,,,,,,,,,,,,,,,,,,,,,,,,,,,,,,,,,,,,,,,,,,,,,,,,,,,,,,,,,,,,,,,,,,,
1891,8,22700,12.4,40.3,21.79,23.35,25.12,23.4,18.0,1.94,16.0,0.4,23.97,25.1,26.09,24.99,18.0,1.28,16.0,0.4,16.15,16.85,18.47,17.18,5.0,1.26,10.0,0.6,79.6,88.1,88.2,84.5,5.0,5.2,10.0,0.6,0.0,2.6,4.6,2.52,18.0,1.95,16.0,0.4,-0.29,0.84,1.84,0.73,18.0,1.87,16.0,0.4,-2.67,0.0,2.01,-0.23,18.0,2.53,16.0,0.4,1014.5,1016.55,1018.96,1016.71,18.0,2.38,16.0,0.4,0.0,0.0,2.5,0.8,17.0,1.2,16.0,0.5,79.6,88.1,88.2,84.5,5.0,5.2,10.0,0.6,-0.8,0.9,5.7,3.0,18.0,9.4,16.0,0.4,-8.9,0.0,5.2,-1.6,18.0,11.9,16.0,0.4,-3.18,-1.7,-0.07,-1.59,18.0,1.56,16.0,0.4,-8.2,-3.4,0.0,-5.3,18.0,7.3,16.0,0.4,0.85,2.31,4.11,2.47,5.0,1.96,10.0,0.6,0.0,0.0,1.5,0.8,5.0,1.4,10.0,0.6,-7.7,20.0,45.7,17.0,18.0,47.2,16.0,0.4,-64.3,0.0,51.0,-3.8,18.0,62.5,16.0,0.4,-6.6,0.0,0.0,-3.6,5.0,8.0,10.0,0.6,0.0,0.0,59.3,25.9,5.0,38.2,10.0,0.6,,,,,,,,,,,,,,,,,,,,,,,,,,,,,,,,
1891,8,22700,12.4,40.4,,,,,,,,,,,,,,,,,,,,,,,,,,,,,,,,,,,,,,,,,,,,,,,,,,,,,,,,,,,,,,,,,,,,,,,,,,,,,,,,,,,,,,,,,,,,,,,,,,,,,,,,,,,,,,,,,,,,,,,,,,,,,,,,,,,,,,,,,,,,,,,,,,,,,,,,,,,,,,,,,-0.5,0.0,0.0,-0.2,5.0,0.6,10.0,0.6,0.0,0.0,1.5,0.7,5.0,1.3,10.0,0.6,0.0,17.5,97.5,45.5,18.0,74.0,16.0,0.4,0.0,20.0,95.0,45.0,18.0,75.0,16.0,0.4
1891,8,22700,12.5,36.3,,,,,,,,,,,,,,,,,,,,,,,,,,,,,,,,,1.0,4.6,6.82,4.54,7.0,2.96,14.0,0.6,-0.5,0.0,4.83,1.51,7.0,3.44,14.0,0.6,-4.83,-3.25,0.93,-2.94,7.0,2.87,14.0,0.6,1011.4,1015.9,1016.6,1014.79,7.0,2.38,14.0,0.6,,,,,,,,,,,,,,,,,,,,,,,,,,,,,,,,,,,,,,,,,,,,,,,,,,,,,,,,,,,,,,,,,,,,,,,,,,,,,,,,,,,,,,,,,,,,,,,,,,,,,,,,,,,,,,,,,,,,,,,,,,,,,,,,
1891,8,22700,12.6,-41.2,,,,,,,,,,,,,,,,,,,,,,,,,,,,,,,,,9.3,9.3,9.3,9.3,3.0,0.0,20.0,0.7,-2.48,0.0,0.0,-1.21,3.0,2.1,20.0,0.7,-9.3,-9.3,-8.8,-9.05,3.0,0.43,20.0,0.7,1028.15,1028.7,1028.9,1028.53,3.0,0.57,20.0,0.7,,,,,,,,,,,,,,,,,,,,,,,,,,,,,,,,,,,,,,,,,,,,,,,,,,,,,,,,,,,,,,,,,,,,,,,,,,,,,,,,,,,,,,,,,,,,,,,,,,,,,,,,,,,,,,,,,,,,,,,,,,,,,,,,
1891,8,22700,12.6,38.8,,,,,,,,,,,,,,,,,,,,,,,,,,,,,,,,,0.9,2.6,4.8,3.05,13.0,2.27,12.0,0.5,-1.81,0.97,2.1,0.52,13.0,2.66,12.0,0.5,-2.59,0.0,2.07,-0.12,13.0,2.8,12.0,0.5,1013.76,1015.9,1017.1,1015.42,13.0,1.83,14.0,0.5,,,,,,,,,,,,,,,,,,,,,,,,,,,,,,,,,,,,,,,,,,,,,,,,,,,,,,,,,,,,,,,,,,,,,,,,,,,,,,,,,,,,,,,,,,,,,,,,,,,,,,,,,,,,,,,,,,,,,,,,,,,,,,,,
1891,8,22700,14.5,-41.2,,,,,,,,,,,,,,,,,,,,,,,,,,,,,,,,,9.3,9.3,9.3,9.3,2.0,0.0,20.0,0.0,0.0,0.0,0.0,0.0,2.0,0.0,20.0,0.0,-9.3,-9.3,-9.3,-9.3,2.0,0.0,20.0,0.0,1025.71,1026.15,1026.59,1026.15,2.0,0.92,20.0,0.0,,,,,,,,,,,,,,,,,,,,,,,,,,,,,,,,,,,,,,,,,,,,,,,,,,,,,,,,,,,,,,,,,,,,,,,,,,,,,,,,,,,,,,,,,,,,,,,,,,,,,,,,,,,,,,,,,,,,,,,,,,,,,,,,
1891,8,22700,14.5,38.4,22.96,25.25,26.5,24.92,32.0,1.79,16.0,0.6,24.5,25.0,26.52,25.47,31.0,1.35,14.0,0.6,15.61,16.61,17.66,16.73,6.0,1.29,14.0,0.5,76.5,84.3,88.9,83.3,6.0,7.2,14.0,0.5,0.08,2.6,2.6,2.06,33.0,1.65,14.0,0.6,-0.71,0.0,0.71,-0.34,33.0,1.63,14.0,0.6,-2.41,0.0,1.74,-0.28,33.0,2.05,14.0,0.6,1013.75,1015.4,1017.78,1015.81,33.0,2.09,14.0,0.6,0.0,0.0,2.0,0.8,33.0,1.2,14.0,0.6,76.5,84.3,88.9,83.3,6.0,7.2,14.0,0.5,-0.7,0.0,1.1,-2.1,33.0,8.5,14.0,0.6,-6.3,0.0,6.4,-0.1,33.0,7.8,14.0,0.6,-2.58,-0.45,1.32,-0.76,30.0,2.12,16.0,0.6,-4.4,0.0,2.1,-1.5,30.0,7.1,16.0,0.6,1.55,3.51,4.24,3.06,6.0,1.37,14.0,0.5,0.0,2.0,8.3,3.8,6.0,4.7,14.0,0.5,-25.6,0.0,17.8,-10.8,31.0,42.3,14.0,0.6,-59.9,0.0,53.4,-4.9,31.0,52.9,14.0,0.6,0.0,0.0,9.0,3.3,6.0,5.1,14.0,0.5,-9.9,0.0,17.1,0.6,6.0,28.4,14.0,0.5,,,,,,,,,,,,,,,,,,,,,,,,,,,,,,,,
1891,8,22700,14.5,38.5,,,,,,,,,,,,,,,,,,,,,,,,,,,,,,,,,,,,,,,,,,,,,,,,,,,,,,,,,,,,,,,,,,,,,,,,,,,,,,,,,,,,,,,,,,,,,,,,,,,,,,,,,,,,,,,,,,,,,,,,,,,,,,,,,,,,,,,,,,,,,,,,,,,,,,,,,,,,,,,,,0.0,0.0,1.6,0.7,6.0,1.2,14.0,0.5,-1.5,0.0,4.6,1.1,6.0,6.0,14.0,0.5,0.0,17.5,17.5,28.0,33.0,57.5,14.0,0.6,0.0,20.0,20.0,30.0,33.0,60.0,14.0,0.6
1891,8,22700,14.6,34.8,,,,,,,,,,,,,,,,,,,,,,,,,,,,,,,,,2.6,2.6,3.97,3.27,3.0,1.15,16.0,0.7,-1.64,1.84,1.84,0.14,3.0,2.94,16.0,0.7,-2.8,-1.84,-1.84,-2.31,3.0,0.82,16.0,0.7,1012.46,1013.35,1015.02,1013.73,4.0,2.01,16.0,0.5,,,,,,,,,,,,,,,,,,,,,,,,,,,,,,,,,,,,,,,,,,,,,,,,,,,,,,,,,,,,,,,,,,,,,,,,,,,,,,,,,,,,,,,,,,,,,,,,,,,,,,,,,,,,,,,,,,,,,,,,,,,,,,,,
1891,8,22700,14.6,36.5,23.2,25.25,25.65,24.6,12.0,1.61,12.0,0.3,24.5,24.95,26.65,25.5,12.0,1.37,12.0,0.3,18.75,18.75,18.75,18.75,1.0,0.0,4.0,0.0,92.0,92.0,92.0,92.0,1.0,0.0,4.0,0.0,1.0,3.6,4.6,3.46,12.0,2.45,12.0,0.3,-2.2,0.0,0.48,-0.43,12.0,1.77,12.0,0.3,-3.6,-2.2,0.79,-1.82,12.0,3.48,12.0,0.3,1011.37,1014.45,1016.93,1014.57,12.0,2.96,12.0,0.3,0.0,0.0,2.0,0.5,12.0,0.9,12.0,0.3,92.0,92.0,92.0,92.0,1.0,0.0,4.0,0.0,-7.4,0.0,0.8,-1.6,12.0,7.8,12.0,0.3,-16.5,-5.7,0.8,-11.8,12.0,26.0,12.0,0.3,-2.63,-0.9,0.63,-0.9,12.0,1.58,12.0,0.3,-4.0,-2.0,2.0,-3.3,12.0,9.1,12.0,0.3,1.66,1.66,1.66,1.66,1.0,0.0,4.0,0.0,4.3,4.3,4.3,4.3,1.0,0.0,4.0,0.0,-56.7,0.0,12.5,-10.3,12.0,45.2,12.0,0.3,-93.7,-57.2,21.2,-45.0,12.0,85.3,12.0,0.3,7.6,7.6,7.6,7.6,1.0,0.0,4.0,0.0,-48.2,-48.2,-48.2,-48.2,1.0,0.0,4.0,0.0,,,,,,,,,,,,,,,,,,,,,,,,,,,,,,,,
1891,8,22700,14.7,36.9,,,,,,,,,,,,,,,,,,,,,,,,,,,,,,,,,,,,,,,,,,,,,,,,,,,,,,,,,,,,,,,,,,,,,,,,,,,,,,,,,,,,,,,,,,,,,,,,,,,,,,,,,,,,,,,,,,,,,,,,,,,,,,,,,,,,,,,,,,,,,,,,,,,,,,,,,,,,,,,,,0.7,0.7,0.7,0.7,1.0,0.0,4.0,0.0,-4.3,-4.3,-4.3,-4.3,1.0,0.0,4.0,0.0,1.0,57.5,97.5,111.0,12.0,223.0,12.0,0.3,0.0,55.0,95.0,110.0,12.0,225.0,12.0,0.3
1891,8,22700,16.4,-41.2,,,,,,,,,,,,,,,,,,,,,,,,,,,,,,,,,10.25,12.3,12.3,11.3,3.0,1.73,20.0,1.0,5.14,8.7,8.7,6.96,3.0,3.01,20.0,1.0,-8.7,-8.7,-8.65,-8.67,3.0,0.04,20.0,1.0,1023.33,1024.7,1024.97,1024.17,3.0,1.29,20.0,1.0,,,,,,,,,,,,,,,,,,,,,,,,,,,,,,,,,,,,,,,,,,,,,,,,,,,,,,,,,,,,,,,,,,,,,,,,,,,,,,,,,,,,,,,,,,,,,,,,,,,,,,,,,,,,,,,,,,,,,,,,,,,,,,,,
1891,8,22700,16.4,36.7,,,,,,,,,,,,,,,,,,,,,,,,,,,,,,,,,,,,,,,,,,,,,,,,,,,,,,,,,,,,,,,,,,,,,,,,,,,,,,,,,,,,,,,,,,,,,,,,,,,,,,,,,,,,,,,,,,,,,,,,,,,,,,,,,,,,,,,,,,,,,,,,,,,,,,,,,,,,,,,,,-1.7,0.0,0.9,-0.4,4.0,2.0,12.0,0.5,0.0,0.4,1.3,0.6,4.0,0.8,12.0,0.5,1.0,1.0,17.5,25.0,27.0,60.5,14.0,0.5,0.0,0.0,20.0,25.0,27.0,60.0,14.0,0.5
1891,8,22700,16.5,34.8,,,,,,,,,,,,,,,,,,,,,,,,,,,,,,,,,2.48,2.6,4.6,3.09,7.0,1.69,12.0,0.4,-0.09,0.0,2.6,0.86,7.0,1.75,12.0,0.4,-4.6,0.0,0.0,-1.92,7.0,2.4,12.0,0.4,1011.6,1014.75,1016.18,1014.3,8.0,2.12,12.0,0.5,,,,,,,,,,,,,,,,,,,,,,,,,,,,,,,,,,,,,,,,,,,,,,,,,,,,,,,,,,,,,,,,,,,,,,,,,,,,,,,,,,,,,,,,,,,,,,,,,,,,,,,,,,,,,,,,,,,,,,,,,,,,,,,,
1891,8,22700,16.5,36.7,23.68,25.0,26.51,25.06,26.0,1.51,14.0,0.5,25.0,26.5,28.01,26.41,28.0,1.32,14.0,0.5,18.07,20.7,21.67,19.91,4.0,2.42,12.0,0.5,81.4,94.4,100.0,90.8,4.0,12.1,12.0,0.5,1.0,1.0,2.6,1.92,27.0,1.58,14.0,0.5,-0.53,0.0,1.7,0.4,27.0,1.23,14.0,0.5,-2.6,-0.5,0.71,-0.65,27.0,2.05,14.0,0.5,1012.6,1015.2,1016.27,1014.99,28.0,2.12,14.0,0.5,0.0,0.0,2.0,0.8,28.0,1.7,14.0,0.5,81.4,94.4,100.0,90.8,4.0,12.1,12.0,0.5,-0.5,0.0,4.5,1.0,27.0,5.2,14.0,0.5,-6.7,-0.7,0.7,-2.0,27.0,9.9,14.0,0.5,-3.9,-1.0,0.0,-1.47,26.0,1.77,14.0,0.5,-4.3,-1.3,0.0,-3.0,25.0,5.7,12.0,0.5,-0.66,0.0,0.49,-0.08,4.0,0.9,12.0,0.5,-1.7,0.0,1.3,-0.2,4.0,2.3,12.0,0.5,-12.9,0.0,42.9,10.7,27.0,32.3,14.0,0.5,-65.5,-12.7,20.3,-16.7,27.0,53.4,14.0,0.5,19.1,42.5,59.7,39.5,4.0,24.9,12.0,0.5,-35.7,8.4,48.1,6.3,4.0,52.2,12.0,0.5,,,,,,,,,,,,,,,,,,,,,,,,,,,,,,,,
1891,8,22700,18.3,-41.2,,,,,,,,,,,,,,,,,,,,,,,,,,,,,,,,,6.7,9.5,12.3,9.5,6.0,3.07,20.0,0.5,4.74,6.72,8.7,6.72,6.0,2.17,20.0,0.5,-8.7,-6.72,-4.74,-6.72,6.0,2.17,20.0,0.5,1019.63,1021.2,1023.24,1021.3,6.0,1.77,20.0,0.5,,,,,,,,,,,,,,,,,,,,,,,,,,,,,,,,,,,,,,,,,,,,,,,,,,,,,,,,,,,,,,,,,,,,,,,,,,,,,,,,,,,,,,,,,,,,,,,,,,,,,,,,,,,,,,,,,,,,,,,,,,,,,,,,
1891,8,22700,18.4,36.3,,,,,,,,,,,,,,,,,,,,,,,,,,,,,,,,,,,,,,,,,,,,,,,,,,,,,,,,,,,,,,,,,,,,,,,,,,,,,,,,,,,,,,,,,,,,,,,,,,,,,,,,,,,,,,,,,,,,,,,,,,,,,,,,,,,,,,,,,,,,,,,,,,,,,,,,,,,,,,,,,-0.9,0.5,5.1,2.0,4.0,4.8,12.0,0.5,-3.4,-1.0,4.7,0.6,4.0,6.0,12.0,0.5,17.5,17.5,97.5,62.0,26.0,80.5,14.0,0.6,20.0,20.0,95.0,60.0,26.0,80.0,14.0,0.6
1891,8,22700,18.5,34.4,,,,,,,,,,,,,,,,,,,,,,,,,,,,,,,,,1.0,2.6,3.33,2.36,5.0,1.49,16.0,0.8,0.44,0.97,1.17,0.79,5.0,0.72,16.0,0.8,-3.12,-2.41,-0.45,-1.95,5.0,1.77,16.0,0.8,1011.15,1011.6,1013.98,1012.38,5.0,1.55,16.0,0.8,,,,,,,,,,,,,,,,,,,,,,,,,,,,,,,,,,,,,,,,,,,,,,,,,,,,,,,,,,,,,,,,,,,,,,,,,,,,,,,,,,,,,,,,,,,,,,,,,,,,,,,,,,,,,,,,,,,,,,,,,,,,,,,,
1891,8,22700,18.5,36.3,24.47,25.55,26.51,25.45,26.0,1.31,14.0,0.6,25.5,26.1,27.52,26.56,26.0,1.3,14.0,0.6,18.28,20.53,21.39,19.87,4.0,2.09,12.0,0.5,84.8,90.7,94.4,89.6,4.0,6.4,12.0,0.5,2.6,2.6,4.6,3.27,26.0,1.67,14.0,0.6,0.0,1.39,2.19,0.92,26.0,1.92,14.0,0.6,-3.25,-1.84,0.0,-1.71,26.0,2.51,14.0,0.6,1013.3,1014.6,1015.8,1014.47,26.0,1.78,14.0,0.6,0.0,0.0,2.0,0.6,26.0,1.0,14.0,0.6,84.8,90.7,94.4,89.6,4.0,6.4,12.0,0.5,0.0,3.7,8.5,3.0,26.0,8.7,14.0,0.6,-15.0,-4.8,0.0,-6.8,26.0,14.0,14.0,0.6,-2.5,-1.1,0.1,-1.11,26.0,1.24,14.0,0.6,-10.2,-3.4,0.0,-4.3,26.0,5.9,14.0,0.6,-0.19,1.06,2.35,1.08,4.0,1.53,12.0,0.5,-1.3,2.5,9.0,3.8,4.0,6.8,12.0,0.5,0.0,35.9,61.2,24.3,26.0,50.2,14.0,0.6,-84.4,-47.8,0.0,-45.7,26.0,66.3,14.0,0.6,14.4,37.9,59.9,37.2,4.0,26.7,12.0,0.5,-31.3,24.8,59.9,14.8,4.0,55.7,12.0,0.5,,,,,,,,,,,,,,,,,,,,,,,,,,,,,,,,
1891,8,22700,18.8,40.8,,,,,,,,,,,,,,,,,,,,,,,,,,,,,,,,,4.6,4.6,4.6,4.6,1.0,0.0,14.0,0.0,-3.25,-3.25,-3.25,-3.25,1.0,0.0,14.0,0.0,3.25,3.25,3.25,3.25,1.0,0.0,14.0,0.0,1016.9,1016.9,1016.9,1016.9,1.0,0.0,14.0,0.0,,,,,,,,,,,,,,,,,,,,,,,,,,,,,,,,,,,,,,,,,,,,,,,,,,,,,,,,,,,,,,,,,,,,,,,,,,,,,,,,,,,,,,,,,,,,,,,,,,,,,,,,,,,,,,,,,,,,,,,,,,,,,,,,
1891,8,22700,20.0,36.1,,,,,,,,,,,,,,,,,,,,,,,,,,,,,,,,,,,,,,,,,,,,,,,,,,,,,,,,,,,,,,,,,,,,,,,,,,,,,,,,,,,,,,,,,,,,,,,,,,,,,,,,,,,,,,,,,,,,,,,,,,,,,,,,,,,,,,,,,,,,,,,,,,,,,,,,,,,,,,,,,7.3,7.3,7.3,7.3,1.0,0.0,20.0,0.0,0.0,0.0,0.0,0.0,1.0,0.0,20.0,0.0,1.0,17.5,50.5,27.5,11.0,35.5,16.0,0.3,0.0,20.0,50.0,25.0,11.0,35.0,16.0,0.3
1891,8,22700,20.2,36.2,24.03,25.0,26.41,25.2,11.0,1.33,16.0,0.3,24.94,25.65,27.09,26.14,10.0,1.79,18.0,0.2,16.95,16.95,16.95,16.95,1.0,0.0,20.0,0.0,81.1,81.1,81.1,81.1,1.0,0.0,20.0,0.0,1.0,2.6,3.43,2.44,11.0,1.4,16.0,0.3,-1.81,0.37,2.35,0.5,11.0,1.83,16.0,0.3,-2.87,-1.84,-0.42,-1.7,11.0,1.31,16.0,0.3,1013.47,1014.3,1014.64,1014.23,11.0,0.94,16.0,0.3,0.0,0.0,0.0,0.2,11.0,0.6,16.0,0.3,81.1,81.1,81.1,81.1,1.0,0.0,20.0,0.0,-4.8,0.4,6.1,1.4,11.0,6.5,16.0,0.3,-10.1,-4.8,-0.4,-5.5,11.0,6.3,16.0,0.3,-3.11,-0.5,0.63,-1.18,10.0,2.21,18.0,0.2,-6.9,-1.3,1.5,-2.5,10.0,5.8,18.0,0.2,2.79,2.79,2.79,2.79,1.0,0.0,20.0,0.0,7.3,7.3,7.3,7.3,1.0,0.0,20.0,0.0,-46.1,13.7,67.1,14.5,10.0,50.4,18.0,0.2,-74.7,-45.6,-20.4,-48.5,10.0,31.8,18.0,0.2,44.1,44.1,44.1,44.1,1.0,0.0,20.0,0.0,0.0,0.0,0.0,0.0,1.0,0.0,20.0,0.0,,,,,,,,,,,,,,,,,,,,,,,,,,,,,,,,
1891,8,22700,20.6,34.7,24.24,25.1,25.79,25.05,27.0,0.87,14.0,0.4,24.9,25.7,27.1,26.25,28.0,1.65,16.0,0.4,18.46,19.88,21.31,19.89,4.0,1.7,12.0,0.8,83.1,90.6,98.1,90.6,4.0,8.9,12.0,0.8,,,,,,,,,,,,,,,,,,,,,,,,,,,,,,,,,,,,,,,,,,,,,,,,,,,,,,,,,,,,,,,,,-2.62,-1.0,0.34,-1.27,27.0,1.66,14.0,0.4,-7.0,-1.3,0.9,-3.1,27.0,5.6,14.0,0.4,-1.16,0.53,1.58,0.22,4.0,1.68,12.0,0.8,-0.2,2.2,5.6,2.7,4.0,3.4,12.0,0.8,,,,,,,,,,,,,,,,,,,,,,,,,,,,,,,,,,,,,,,,,,,,,,,,,,,,,,,,,,,,,,,,
1891,8,22700,20.6,34.8,,,,,,,,,,,,,,,,,,,,,,,,,,,,,,,,,,,,,,,,,,,,,,,,,,,,,,,,,,,,,,,,,,,,,,,,,,,,,,,,,,,,,,,,,,,,,,,,,,,,,,,,,,,,,,,,,,,,,,,,,,,,,,,,,,,,,,,,,,,,,,,,,,,,,,,,,,,,,,,,,-0.2,2.2,5.6,2.7,4.0,3.4,12.0,0.8,0.0,0.0,0.1,0.0,4.0,0.0,12.0,0.8,1.0,17.5,97.5,54.0,28.0,79.0,16.0,0.4,0.0,20.0,95.0,55.0,28.0,80.0,16.0,0.4
1891,8,22700,20.7,34.7,,,,,,,,,,,,,,,,,,,,,,,,,,,,,,,,,1.0,2.6,4.6,2.91,28.0,1.84,16.0,0.4,-1.84,1.2,2.41,0.82,28.0,2.15,16.0,0.4,-3.88,-1.84,0.0,-1.86,28.0,1.8,16.0,0.4,1011.55,1013.6,1015.05,1013.34,27.0,1.97,16.0,0.4,0.0,0.0,2.0,0.6,28.0,0.9,16.0,0.4,83.1,90.6,98.1,90.6,4.0,8.9,12.0,0.8,-4.8,3.7,7.6,3.3,28.0,10.1,16.0,0.4,-17.9,-4.8,0.0,-8.0,28.0,10.4,16.0,0.4,,,,,,,,,,,,,,,,,,,,,,,,,,,,,,,,,-46.3,30.3,62.3,21.0,28.0,56.3,16.0,0.4,-99.3,-46.8,0.0,-47.0,28.0,46.4,16.0,0.4,9.6,33.5,68.0,38.5,4.0,37.7,12.0,0.8,-2.8,0.0,0.0,-1.3,4.0,2.7,12.0,0.8,,,,,,,,,,,,,,,,,,,,,,,,,,,,,,,,
1891,8,22700,22.5,34.5,23.68,25.0,26.0,24.82,26.0,1.13,14.0,0.6,25.23,25.9,27.76,26.27,27.0,1.18,14.0,0.6,17.5,18.61,21.79,19.6,4.0,2.95,12.0,0.3,81.1,92.0,98.1,89.7,4.0,11.1,12.0,0.3,2.6,2.6,6.43,3.91,27.0,2.43,14.0,0.6,0.0,1.84,4.15,1.55,27.0,2.87,14.0,0.6,-4.2,-1.87,-1.0,-2.61,27.0,2.0,14.0,0.6,1009.23,1012.2,1013.72,1011.85,27.0,1.97,14.0,0.6,0.0,0.0,1.9,0.4,27.0,0.8,14.0,0.6,81.1,92.0,98.1,89.7,4.0,11.1,12.0,0.3,0.0,4.8,19.1,8.0,27.0,22.1,14.0,0.6,-24.4,-6.7,-1.2,-14.4,27.0,19.3,14.0,0.6,-3.0,-1.45,0.0,-1.5,26.0,1.34,14.0,0.6,-12.9,-6.3,0.0,-5.5,26.0,6.4,14.0,0.6,-1.23,0.9,2.91,0.84,4.0,2.52,12.0,0.3,-1.5,4.5,17.4,7.8,4.0,12.2,12.0,0.3,0.0,46.0,111.2,40.1,27.0,74.2,14.0,0.6,-105.7,-51.1,-26.2,-67.6,27.0,51.3,14.0,0.6,14.5,45.4,82.6,48.4,4.0,41.2,12.0,0.3,-58.3,-48.0,-20.0,-39.6,4.0,29.5,12.0,0.3,,,,,,,,,,,,,,,,,,,,,,,,,,,,,,,,
1891,8,22700,22.6,32.8,,,,,,,,,,,,,,,,,,,,,,,,,,,,,,,,,4.6,5.65,6.7,5.65,4.0,1.21,18.0,1.0,3.1,4.23,5.14,4.13,4.0,1.6,18.0,1.0,-4.79,-2.42,-1.8,-3.25,4.0,2.16,18.0,1.0,1011.13,1012.65,1014.17,1012.65,4.0,1.78,18.0,1.0,,,,,,,,,,,,,,,,,,,,,,,,,,,,,,,,,,,,,,,,,,,,,,,,,,,,,,,,,,,,,,,,,,,,,,,,,,,,,,,,,,,,,,,,,,,,,,,,,,,,,,,,,,,,,,,,,,,,,,,,,,,,,,,,
1891,8,22700,22.6,34.5,,,,,,,,,,,,,,,,,,,,,,,,,,,,,,,,,,,,,,,,,,,,,,,,,,,,,,,,,,,,,,,,,,,,,,,,,,,,,,,,,,,,,,,,,,,,,,,,,,,,,,,,,,,,,,,,,,,,,,,,,,,,,,,,,,,,,,,,,,,,,,,,,,,,,,,,,,,,,,,,,-1.1,4.1,14.4,6.5,4.0,10.0,12.0,0.3,-9.7,-2.9,0.4,-4.6,4.0,6.6,12.0,0.3,17.5,17.5,275.0,142.0,27.0,251.0,14.0,0.6,20.0,20.0,275.0,140.0,27.0,250.0,14.0,0.6
1891,8,22700,24.4,34.2,23.7,25.25,26.8,25.28,26.0,1.28,14.0,0.5,25.18,26.7,28.34,26.88,25.0,1.68,14.0,0.4,18.86,21.99,22.45,20.69,3.0,2.86,8.0,0.7,89.6,92.7,92.7,91.2,3.0,2.6,8.0,0.7,2.55,2.6,4.67,3.37,26.0,1.94,14.0,0.5,-0.05,1.84,3.84,1.87,26.0,2.57,14.0,0.5,-3.25,-1.84,0.0,-1.66,26.0,1.58,14.0,0.5,1008.4,1010.4,1012.01,1010.37,26.0,1.93,14.0,0.5,0.0,0.0,0.0,0.2,26.0,0.7,14.0,0.5,89.6,92.7,92.7,91.2,3.0,2.6,8.0,0.7,-0.1,5.0,18.0,9.6,26.0,15.4,14.0,0.5,-15.0,-4.8,0.0,-6.9,26.0,8.4,14.0,0.5,-3.54,-1.9,0.64,-1.59,25.0,1.76,14.0,0.4,-10.5,-4.7,1.1,-5.0,25.0,7.8,14.0,0.4,-1.78,-0.9,1.33,-0.24,3.0,2.35,8.0,0.7,-4.6,-2.3,10.1,2.6,3.0,11.6,8.0,0.7,-8.8,48.0,97.9,46.8,25.0,69.1,14.0,0.4,-86.4,-46.6,0.0,-42.8,25.0,43.7,14.0,0.4,-10.0,45.8,87.8,39.1,3.0,71.9,8.0,0.7,-45.2,-44.4,-39.4,-42.4,3.0,4.6,8.0,0.7,,,,,,,,,,,,,,,,,,,,,,,,,,,,,,,,
1891,8,22700,24.5,34.1,,,,,,,,,,,,,,,,,,,,,,,,,,,,,,,,,,,,,,,,,,,,,,,,,,,,,,,,,,,,,,,,,,,,,,,,,,,,,,,,,,,,,,,,,,,,,,,,,,,,,,,,,,,,,,,,,,,,,,,,,,,,,,,,,,,,,,,,,,,,,,,,,,,,,,,,,,,,,,,,,-2.6,1.5,10.5,3.9,3.0,9.8,8.0,0.7,-3.7,1.8,3.0,-0.3,3.0,5.2,8.0,0.7,17.0,17.5,104.0,77.0,26.0,103.5,14.0,0.5,15.0,20.0,105.0,75.0,26.0,105.0,14.0,0.5
1891,8,22700,24.6,32.7,25.23,25.7,26.43,25.6,11.0,1.25,18.0,0.2,25.0,26.1,28.56,26.55,11.0,1.98,18.0,0.2,17.41,17.41,17.41,17.41,1.0,0.0,22.0,0.0,88.1,88.1,88.1,88.1,1.0,0.0,22.0,0.0,2.6,4.6,6.7,4.64,11.0,1.83,18.0,0.2,0.32,3.25,4.23,2.5,11.0,2.6,18.0,0.2,-5.21,-1.84,-0.6,-2.58,11.0,2.46,18.0,0.2,1008.93,1011.9,1012.93,1011.07,11.0,2.13,18.0,0.2,0.0,0.0,0.8,0.4,11.0,0.8,18.0,0.2,88.1,88.1,88.1,88.1,1.0,0.0,22.0,0.0,0.8,15.0,28.3,14.6,11.0,13.9,18.0,0.2,-34.9,-8.3,-1.6,-15.6,11.0,16.2,18.0,0.2,-1.81,-0.3,0.77,-0.95,11.0,2.63,18.0,0.2,-6.3,-1.4,4.0,-2.0,11.0,7.7,18.0,0.2,2.37,2.37,2.37,2.37,1.0,0.0,22.0,0.0,15.9,15.9,15.9,15.9,1.0,0.0,22.0,0.0,6.5,87.2,111.0,64.6,11.0,67.0,18.0,0.2,-129.2,-56.1,-16.6,-65.9,11.0,62.7,18.0,0.2,96.7,96.7,96.7,96.7,1.0,0.0,22.0,0.0,-65.2,-65.2,-65.2,-65.2,1.0,0.0,22.0,0.0,,,,,,,,,,,,,,,,,,,,,,,,,,,,,,,,
1891,8,22700,24.7,33.0,,,,,,,,,,,,,,,,,,,,,,,,,,,,,,,,,,,,,,,,,,,,,,,,,,,,,,,,,,,,,,,,,,,,,,,,,,,,,,,,,,,,,,,,,,,,,,,,,,,,,,,,,,,,,,,,,,,,,,,,,,,,,,,,,,,,,,,,,,,,,,,,,,,,,,,,,,,,,,,,,13.2,13.2,13.2,13.2,1.0,0.0,22.0,0.0,-8.9,-8.9,-8.9,-8.9,1.0,0.0,22.0,0.0,17.5,97.5,301.0,142.5,11.0,130.0,18.0,0.2,20.0,95.0,300.0,140.0,11.0,130.0,18.0,0.2
1891,8,22700,24.8,-41.2,,,,,,,,,,,,,,,,,,,,,,,,,,,,,,,,,12.3,12.3,12.3,12.3,1.0,0.0,22.0,1.0,0.0,0.0,0.0,0.0,1.0,0.0,22.0,1.0,-12.3,-12.3,-12.3,-12.3,1.0,0.0,22.0,1.0,1008.8,1008.8,1008.8,1008.8,1.0,0.0,22.0,1.0,,,,,,,,,,,,,,,,,,,,,,,,,,,,,,,,,,,,,,,,,,,,,,,,,,,,,,,,,,,,,,,,,,,,,,,,,,,,,,,,,,,,,,,,,,,,,,,,,,,,,,,,,,,,,,,,,,,,,,,,,,,,,,,,
1891,8,22700,26.2,34.1,,,,,,,,,,,,,,,,,,,,,,,,,,,,,,,,,4.93,5.65,6.37,5.65,2.0,1.48,16.0,0.5,4.09,4.68,5.28,4.68,2.0,1.23,16.0,0.5,-3.56,-3.16,-2.76,-3.16,2.0,0.83,16.0,0.5,1008.24,1008.75,1009.26,1008.75,2.0,1.06,16.0,0.5,,,,,,,,,,,,,,,,,,,,,,,,,,,,,,,,,,,,,,,,,,,,,,,,,,,,,,,,,,,,,,,,,,,,,,,,,,,,,,,,,,,,,,,,,,,,,,,,,,,,,,,,,,,,,,,,,,,,,,,,,,,,,,,,
1891,8,22700,26.5,32.7,23.7,26.0,27.0,25.83,31.0,1.37,16.0,0.7,25.98,27.0,28.5,27.28,31.0,1.35,16.0,0.6,16.51,19.07,19.59,18.3,6.0,1.76,14.0,0.7,71.8,84.5,89.5,81.2,6.0,10.8,14.0,0.7,1.0,2.6,4.6,3.33,32.0,2.55,16.0,0.7,0.0,2.0,3.25,1.87,32.0,2.46,16.0,0.7,-3.29,-1.45,0.0,-1.95,32.0,2.08,16.0,0.7,1007.07,1011.35,1012.52,1010.29,32.0,2.64,16.0,0.7,0.0,0.0,2.0,0.5,32.0,0.9,16.0,0.7,71.8,84.5,89.5,81.2,6.0,10.8,14.0,0.7,0.0,5.9,15.0,10.3,32.0,22.9,16.0,0.7,-15.3,-3.8,0.0,-10.7,32.0,18.1,16.0,0.7,-3.2,-1.0,-0.18,-1.47,30.0,1.68,16.0,0.7,-9.1,-2.6,0.0,-4.6,30.0,6.2,16.0,0.7,1.51,2.99,4.74,3.14,5.0,1.79,14.0,0.8,3.2,7.8,19.6,11.3,5.0,10.9,14.0,0.8,0.0,60.4,87.5,50.1,31.0,67.6,16.0,0.6,-91.5,-40.7,0.0,-49.0,31.0,52.3,16.0,0.6,18.6,38.9,108.8,64.2,6.0,70.6,14.0,0.7,-74.4,-35.7,-23.4,-51.9,6.0,44.3,14.0,0.7,1.3,6.5,16.3,8.9,5.0,9.5,14.0,0.8,-11.0,-4.4,-2.9,-6.7,5.0,5.8,14.0,0.8,1.0,17.5,97.5,120.0,32.0,329.5,16.0,0.7,0.0,20.0,95.0,120.0,32.0,330.0,16.0,0.7
1891,8,22700,28.5,32.4,25.09,26.2,27.0,26.01,29.0,0.97,14.0,0.3,25.74,26.5,27.51,26.61,29.0,0.89,16.0,0.3,17.28,18.33,19.47,18.37,4.0,1.52,12.0,0.0,77.7,84.7,92.3,85.0,4.0,9.2,12.0,0.0,2.6,4.6,6.7,4.49,32.0,2.53,14.0,0.3,0.88,2.49,4.27,2.69,32.0,1.99,14.0,0.3,-6.21,-2.41,-0.98,-3.06,32.0,2.48,14.0,0.3,1006.28,1009.9,1012.01,1009.28,32.0,2.55,14.0,0.3,0.0,0.0,2.0,0.8,32.0,1.6,14.0,0.3,77.7,84.7,92.3,85.0,4.0,9.2,12.0,0.0,0.9,9.0,20.5,15.7,32.0,20.9,14.0,0.3,-41.6,-8.3,-1.9,-19.1,32.0,23.8,14.0,0.3,-1.81,-0.6,0.1,-0.72,26.0,0.92,16.0,0.3,-8.2,-1.3,0.5,-3.9,26.0,5.7,16.0,0.3,0.95,1.81,3.23,2.07,4.0,1.74,12.0,0.0,2.4,4.5,4.7,3.6,4.0,2.0,12.0,0.0,28.0,67.7,119.5,76.1,29.0,51.1,16.0,0.3,-169.9,-49.6,-22.7,-82.6,29.0,69.4,16.0,0.3,0.0,23.1,48.4,24.2,4.0,27.9,12.0,0.0,-32.5,-16.0,-14.7,-23.3,4.0,15.8,12.0,0.0,,,,,,,,,,,,,,,,,,,,,,,,,,,,,,,,
1891,8,22700,28.6,32.3,,,,,,,,,,,,,,,,,,,,,,,,,,,,,,,,,,,,,,,,,,,,,,,,,,,,,,,,,,,,,,,,,,,,,,,,,,,,,,,,,,,,,,,,,,,,,,,,,,,,,,,,,,,,,,,,,,,,,,,,,,,,,,,,,,,,,,,,,,,,,,,,,,,,,,,,,,,,,,,,,0.0,0.3,2.8,1.3,4.0,2.3,12.0,0.0,-4.5,-2.9,-0.8,-2.6,4.0,2.2,12.0,0.0,17.5,97.5,301.0,189.0,32.0,348.5,14.0,0.3,20.0,95.0,300.0,190.0,32.0,350.0,14.0,0.3
1891,8,22700,30.3,32.1,,,,,,,,,,,,,,,,,,,,,,,,,,,,,,,,,,,,,,,,,,,,,,,,,,,,,,,,,,,,,,,,,,,,,,,,,,,,,,,,,,,,,,,,,,,,,,,,,,,,,,,,,,,,,,,,,,,,,,,,,,,,,,,,,,,,,,,,,,,,,,,,,,,,,,,,,,,,,,,,,-2.1,-1.2,-0.4,-1.2,2.0,1.8,12.0,0.5,-2.7,-1.3,0.1,-1.3,2.0,3.0,12.0,0.5,1.0,17.5,117.0,82.0,13.0,105.5,14.0,0.5,0.0,20.0,115.0,80.0,13.0,105.0,14.0,0.5
1891,8,22700,30.3,32.2,24.95,25.95,26.7,25.83,12.0,1.03,14.0,0.5,25.87,26.55,27.15,26.73,12.0,1.2,16.0,0.5,18.81,19.91,21.0,19.91,2.0,2.27,12.0,0.5,86.4,90.3,94.2,90.3,2.0,8.0,12.0,0.5,1.0,2.6,4.8,3.48,13.0,1.99,14.0,0.5,0.13,2.41,3.96,2.26,13.0,1.7,14.0,0.5,-4.31,-1.84,-0.69,-2.09,13.0,1.97,14.0,0.5,1005.46,1010.4,1011.7,1009.17,13.0,2.78,14.0,0.5,0.0,0.0,3.0,1.5,13.0,2.1,14.0,0.5,86.4,90.3,94.2,90.3,2.0,8.0,12.0,0.5,0.1,6.4,19.9,10.6,13.0,10.2,14.0,0.5,-20.8,-4.8,-0.9,-10.4,13.0,12.5,14.0,0.5,-2.7,-0.6,0.34,-0.95,11.0,1.46,16.0,0.5,-6.1,-2.8,1.2,-2.8,11.0,6.4,16.0,0.5,-0.31,1.18,2.68,1.18,2.0,3.1,12.0,0.5,-1.7,0.4,2.4,0.4,2.0,4.2,12.0,0.5,32.8,66.4,101.8,64.1,12.0,44.0,16.0,0.5,-113.3,-50.5,-13.2,-56.8,12.0,52.3,16.0,0.5,8.4,26.6,44.8,26.6,2.0,37.6,12.0,0.5,-18.1,-17.8,-17.4,-17.8,2.0,0.7,12.0,0.5,,,,,,,,,,,,,,,,,,,,,,,,,,,,,,,,
1891,8,22700,30.4,-41.6,,,,,,,,,,,,,,,,,,,,,,,,,,,,,,,,,6.6,6.7,6.85,6.84,7.0,1.52,22.0,0.6,-6.21,-6.21,-0.54,-3.05,7.0,4.69,22.0,0.6,-4.76,-2.51,-2.27,-3.09,7.0,3.59,22.0,0.6,1015.82,1017.0,1019.4,1017.68,5.0,2.59,20.0,0.6,,,,,,,,,,,,,,,,,,,,,,,,,,,,,,,,,,,,,,,,,,,,,,,,,,,,,,,,,,,,,,,,,,,,,,,,,,,,,,,,,,,,,,,,,,,,,,,,,,,,,,,,,,,,,,,,,,,,,,,,,,,,,,,,
1891,8,22700,30.7,30.8,26.38,26.85,27.5,26.78,16.0,0.95,16.0,0.7,26.29,27.2,28.73,27.37,15.0,1.27,16.0,0.7,19.73,20.14,20.54,20.14,2.0,0.84,12.0,1.0,86.4,88.9,91.4,88.9,2.0,5.2,12.0,1.0,1.0,2.6,4.6,2.73,17.0,1.98,14.0,0.7,0.0,1.72,3.0,1.67,17.0,1.6,14.0,0.7,-3.25,-1.02,0.0,-1.57,17.0,1.91,14.0,0.7,1006.49,1009.6,1011.29,1009.14,17.0,2.44,14.0,0.7,0.0,0.0,2.0,1.0,16.0,1.3,16.0,0.7,86.4,88.9,91.4,88.9,2.0,5.2,12.0,1.0,0.0,4.8,12.0,7.1,17.0,10.3,14.0,0.7,-16.1,-2.6,0.0,-7.2,17.0,10.8,14.0,0.7,-1.93,-0.4,0.28,-0.62,15.0,1.01,16.0,0.7,-2.0,-0.3,0.7,-1.3,15.0,4.0,16.0,0.7,1.4,2.23,3.05,2.23,2.0,1.71,12.0,1.0,2.8,3.0,3.3,3.0,2.0,0.6,12.0,1.0,0.0,44.3,66.7,44.1,15.0,47.0,16.0,0.7,-101.1,-28.2,0.0,-42.6,15.0,54.5,16.0,0.7,8.1,25.6,43.1,25.6,2.0,36.3,12.0,1.0,-10.9,1.4,13.8,1.4,2.0,25.6,12.0,1.0,,,,,,,,,,,,,,,,,,,,,,,,,,,,,,,,
1891,8,22700,30.7,30.9,,,,,,,,,,,,,,,,,,,,,,,,,,,,,,,,,,,,,,,,,,,,,,,,,,,,,,,,,,,,,,,,,,,,,,,,,,,,,,,,,,,,,,,,,,,,,,,,,,,,,,,,,,,,,,,,,,,,,,,,,,,,,,,,,,,,,,,,,,,,,,,,,,,,,,,,,,,,,,,,,0.4,1.3,2.1,1.3,2.0,1.8,12.0,1.0,-0.1,1.3,2.8,1.3,2.0,3.0,12.0,1.0,1.0,17.5,97.5,55.5,17.0,97.0,14.0,0.7,0.0,20.0,95.0,55.0,17.0,95.0,14.0,0.7
1891,8,22700,32.1,30.7,,,,,,,,,,,,,,,,,,,,,,,,,,,,,,,,,,,,,,,,,,,,,,,,,,,,,,,,,,,,,,,,,,,,,,,,,,,,,,,,,,,,,,,,,,,,,,,,,,,,,,,,,,,,,,,,,,,,,,,,,,,,,,,,,,,,,,,,,,,,,,,,,,,,,,,,,,,,,,,,,0.0,0.0,0.0,0.0,1.0,0.0,22.0,1.0,16.3,16.3,16.3,16.3,1.0,0.0,22.0,1.0,0.0,1.0,17.5,7.0,5.0,9.5,18.0,0.6,0.0,0.0,20.0,5.0,5.0,10.0,18.0,0.6
1891,8,22700,32.2,30.7,25.34,29.0,29.11,27.5,5.0,2.28,18.0,0.6,26.3,26.9,27.67,27.08,5.0,1.11,18.0,0.6,18.87,18.87,18.87,18.87,1.0,0.0,22.0,1.0,75.3,75.3,75.3,75.3,1.0,0.0,22.0,1.0,0.0,1.0,2.6,1.24,5.0,1.31,18.0,0.6,0.0,0.0,0.98,0.39,5.0,0.54,18.0,0.6,-0.88,0.0,0.95,0.04,5.0,1.77,18.0,0.6,1008.73,1011.2,1011.67,1010.06,5.0,3.07,18.0,0.6,0.0,0.0,0.0,0.0,5.0,0.0,18.0,0.6,75.3,75.3,75.3,75.3,1.0,0.0,22.0,1.0,0.0,0.0,1.6,0.7,5.0,1.1,18.0,0.6,-2.3,0.0,2.5,0.1,5.0,4.6,18.0,0.6,-1.34,0.0,2.43,0.42,5.0,2.11,18.0,0.6,-0.9,0.0,0.8,0.0,5.0,1.6,18.0,0.6,6.27,6.27,6.27,6.27,1.0,0.0,22.0,1.0,16.3,16.3,16.3,16.3,1.0,0.0,22.0,1.0,0.0,0.0,26.5,10.6,5.0,14.5,18.0,0.6,-23.7,0.0,27.5,2.1,5.0,49.7,18.0,0.6,0.0,0.0,0.0,0.0,1.0,0.0,22.0,1.0,49.1,49.1,49.1,49.1,1.0,0.0,22.0,1.0,,,,,,,,,,,,,,,,,,,,,,,,,,,,,,,,
1891,8,22700,32.5,28.4,26.0,26.6,28.0,26.66,27.0,1.25,18.0,0.7,27.54,29.0,31.11,29.1,27.0,1.85,18.0,0.7,14.35,14.66,16.46,15.39,3.0,1.67,26.0,1.0,58.6,62.2,66.7,62.6,3.0,6.0,26.0,1.0,2.6,4.6,9.3,5.44,30.0,3.2,16.0,0.7,0.0,1.81,3.55,1.65,30.0,1.83,16.0,0.7,-8.07,-4.6,-1.84,-4.9,30.0,3.13,16.0,0.7,1005.86,1007.3,1008.78,1007.29,30.0,2.17,16.0,0.7,0.0,0.0,0.0,0.1,30.0,0.4,16.0,0.7,58.6,62.2,66.7,62.6,3.0,6.0,26.0,1.0,0.0,4.8,26.7,11.4,30.0,15.4,16.0,0.7,-75.1,-21.2,-4.8,-36.2,30.0,39.3,16.0,0.7,-5.14,-2.4,-0.66,-2.63,25.0,1.91,18.0,0.6,-35.8,-6.8,-2.5,-14.3,25.0,13.8,18.0,0.6,4.64,6.38,6.69,5.68,3.0,1.61,26.0,1.0,16.9,17.6,27.0,21.9,3.0,8.3,26.0,1.0,0.0,51.5,116.7,51.3,27.0,54.8,18.0,0.7,-242.8,-145.4,-68.6,-154.1,27.0,81.4,18.0,0.7,8.6,27.0,40.1,24.4,3.0,23.2,26.0,1.0,-69.0,-46.2,-33.1,-50.9,3.0,26.6,26.0,1.0,,,,,,,,,,,,,,,,,,,,,,,,,,,,,,,,
1891,8,22700,32.5,28.5,,,,,,,,,,,,,,,,,,,,,,,,,,,,,,,,,,,,,,,,,,,,,,,,,,,,,,,,,,,,,,,,,,,,,,,,,,,,,,,,,,,,,,,,,,,,,,,,,,,,,,,,,,,,,,,,,,,,,,,,,,,,,,,,,,,,,,,,,,,,,,,,,,,,,,,,,,,,,,,,,3.7,11.7,18.9,11.3,3.0,11.1,26.0,1.0,-20.8,-17.6,-13.6,-17.2,3.0,5.3,26.0,1.0,17.5,97.5,804.5,335.0,30.0,488.5,16.0,0.7,20.0,95.0,805.0,335.0,30.0,490.0,16.0,0.7
1891,8,22700,32.8,-27.0,,,,,,,,,,,,,,,,,,,,,,,,,,,,,,,,,6.7,6.7,6.7,6.7,1.0,0.0,18.0,0.0,-6.5,-6.5,-6.5,-6.5,1.0,0.0,18.0,0.0,-1.62,-1.62,-1.62,-1.62,1.0,0.0,18.0,0.0,1021.2,1021.2,1021.2,1021.2,1.0,0.0,18.0,0.0,,,,,,,,,,,,,,,,,,,,,,,,,,,,,,,,,,,,,,,,,,,,,,,,,,,,,,,,,,,,,,,,,,,,,,,,,,,,,,,,,,,,,,,,,,,,,,,,,,,,,,,,,,,,,,,,,,,,,,,,,,,,,,,,
1891,8,22700,32.8,-25.8,,,,,,,,,,,,,,,,,,,,,,,,,,,,,,,,,6.7,6.7,6.7,6.7,2.0,0.0,14.0,0.5,-6.4,-6.37,-6.35,-6.37,2.0,0.05,14.0,0.5,-1.52,-0.11,1.3,-0.11,2.0,2.93,14.0,0.5,1016.11,1017.2,1018.29,1017.2,2.0,2.26,14.0,0.5,,,,,,,,,,,,,,,,,,,,,,,,,,,,,,,,,,,,,,,,,,,,,,,,,,,,,,,,,,,,,,,,,,,,,,,,,,,,,,,,,,,,,,,,,,,,,,,,,,,,,,,,,,,,,,,,,,,,,,,,,,,,,,,,
1891,8,22700,32.8,26.8,,,,,,,,,,,,,,,,,,,,,,,,,,,,,,,,,4.38,4.6,6.7,4.84,7.0,2.38,16.0,0.1,1.64,2.51,3.32,2.54,7.0,1.46,16.0,0.1,-6.21,-4.27,-3.1,-4.01,7.0,2.13,16.0,0.1,1003.57,1004.7,1009.51,1005.73,7.0,2.78,16.0,0.1,,,,,,,,,,,,,,,,,,,,,,,,,,,,,,,,,,,,,,,,,,,,,,,,,,,,,,,,,,,,,,,,,,,,,,,,,,,,,,,,,,,,,,,,,,,,,,,,,,,,,,,,,,,,,,,,,,,,,,,,,,,,,,,,
1891,8,22700,34.3,26.4,27.44,28.6,29.41,28.44,38.0,0.98,16.0,0.5,28.8,29.8,31.06,30.04,35.0,1.46,18.0,0.5,17.39,18.5,18.66,18.04,3.0,1.02,26.0,0.0,65.3,69.4,71.4,68.4,3.0,4.6,26.0,0.0,1.0,4.6,6.7,3.62,40.0,2.41,16.0,0.5,0.0,1.72,3.25,1.69,40.0,1.64,16.0,0.5,-4.71,-2.55,0.0,-2.5,40.0,2.69,16.0,0.5,1003.8,1006.1,1007.6,1005.82,39.0,1.84,16.0,0.5,0.0,0.0,0.0,0.1,40.0,0.3,16.0,0.5,65.3,69.4,71.4,68.4,3.0,4.6,26.0,0.0,0.0,4.8,16.8,8.9,40.0,10.8,16.0,0.5,-29.7,-7.8,0.0,-13.5,40.0,18.3,16.0,0.5,-3.18,-1.3,-0.51,-1.73,33.0,1.39,18.0,0.5,-14.6,-4.0,-0.5,-6.5,33.0,7.5,18.0,0.5,4.08,4.39,5.19,4.63,3.0,0.84,26.0,0.0,16.2,26.4,33.8,25.0,3.0,13.0,26.0,0.0,0.0,52.6,102.2,58.0,35.0,49.8,18.0,0.5,-150.3,-103.2,-8.7,-86.4,35.0,77.4,18.0,0.5,51.3,87.7,99.4,75.6,3.0,36.7,26.0,0.0,-48.9,34.5,39.8,-3.6,3.0,72.9,26.0,0.0,,,,,,,,,,,,,,,,,,,,,,,,,,,,,,,,
1891,8,22700,34.3,26.6,,,,,,,,,,,,,,,,,,,,,,,,,,,,,,,,,,,,,,,,,,,,,,,,,,,,,,,,,,,,,,,,,,,,,,,,,,,,,,,,,,,,,,,,,,,,,,,,,,,,,,,,,,,,,,,,,,,,,,,,,,,,,,,,,,,,,,,,,,,,,,,,,,,,,,,,,,,,,,,,,11.4,18.6,29.5,20.4,3.0,13.3,26.0,0.0,-10.2,8.1,12.1,1.1,3.0,17.4,26.0,0.0,1.0,97.5,301.0,110.0,40.0,154.5,16.0,0.5,0.0,95.0,300.0,110.0,40.0,155.0,16.0,0.5
1891,8,22700,34.6,-25.4,,,,,,,,,,,,,,,,,,,,,,,,,,,,,,,,,4.6,6.7,9.3,7.03,9.0,3.18,16.0,0.6,-7.76,-3.93,-2.86,-4.73,9.0,2.75,16.0,0.6,-8.2,-3.25,-1.96,-4.66,9.0,2.94,16.0,0.6,1014.55,1018.4,1019.34,1017.18,9.0,2.43,16.0,0.6,,,,,,,,,,,,,,,,,,,,,,,,,,,,,,,,,,,,,,,,,,,,,,,,,,,,,,,,,,,,,,,,,,,,,,,,,,,,,,,,,,,,,,,,,,,,,,,,,,,,,,,,,,,,,,,,,,,,,,,,,,,,,,,,
1891,8,22700,34.8,-39.7,,,,,,,,,,,,,,,,,,,,,,,,,,,,,,,,,6.7,6.7,6.7,6.7,1.0,0.0,26.0,1.0,-2.51,-2.51,-2.51,-2.51,1.0,0.0,26.0,1.0,6.21,6.21,6.21,6.21,1.0,0.0,26.0,1.0,1027.3,1027.3,1027.3,1027.3,1.0,0.0,26.0,1.0,,,,,,,,,,,,,,,,,,,,,,,,,,,,,,,,,,,,,,,,,,,,,,,,,,,,,,,,,,,,,,,,,,,,,,,,,,,,,,,,,,,,,,,,,,,,,,,,,,,,,,,,,,,,,,,,,,,,,,,,,,,,,,,,
1891,8,22700,34.8,24.7,28.27,29.4,30.6,29.48,22.0,1.18,16.0,0.5,29.37,30.4,31.87,30.7,22.0,1.48,16.0,0.5,19.43,19.43,19.43,19.43,1.0,0.0,28.0,1.0,65.0,65.0,65.0,65.0,1.0,0.0,28.0,1.0,1.0,2.6,4.6,2.47,23.0,1.78,16.0,0.5,0.0,0.96,3.25,1.23,23.0,1.35,16.0,0.5,-3.25,-1.84,-0.18,-1.85,23.0,1.59,16.0,0.5,1002.74,1006.1,1008.25,1005.5,23.0,2.58,16.0,0.5,0.0,0.0,0.0,0.0,23.0,0.2,16.0,0.5,65.0,65.0,65.0,65.0,1.0,0.0,28.0,1.0,0.0,3.5,15.0,4.8,23.0,5.9,16.0,0.5,-15.0,-4.8,-0.2,-7.1,23.0,7.9,16.0,0.5,-2.57,-1.1,0.63,-1.22,21.0,1.54,16.0,0.5,-6.7,-2.4,0.0,-3.4,21.0,4.5,16.0,0.5,5.84,5.84,5.84,5.84,1.0,0.0,28.0,1.0,15.2,15.2,15.2,15.2,1.0,0.0,28.0,1.0,0.0,30.6,97.6,39.9,22.0,42.5,16.0,0.5,-109.0,-54.0,-3.9,-58.9,22.0,51.2,16.0,0.5,35.7,35.7,35.7,35.7,1.0,0.0,28.0,1.0,-35.7,-35.7,-35.7,-35.7,1.0,0.0,28.0,1.0,,,,,,,,,,,,,,,,,,,,,,,,,,,,,,,,
1891,8,22700,34.8,24.9,,,,,,,,,,,,,,,,,,,,,,,,,,,,,,,,,,,,,,,,,,,,,,,,,,,,,,,,,,,,,,,,,,,,,,,,,,,,,,,,,,,,,,,,,,,,,,,,,,,,,,,,,,,,,,,,,,,,,,,,,,,,,,,,,,,,,,,,,,,,,,,,,,,,,,,,,,,,,,,,,10.7,10.7,10.7,10.7,1.0,0.0,28.0,1.0,-10.7,-10.7,-10.7,-10.7,1.0,0.0,28.0,1.0,1.0,17.5,97.5,38.0,23.0,45.0,16.0,0.5,0.0,20.0,95.0,40.0,23.0,45.0,16.0,0.5
1891,8,22700,34.9,-23.7,,,,,,,,,,,,,,,,,,,,,,,,,,,,,,,,,7.11,8.0,8.89,8.0,2.0,1.84,18.0,1.0,-4.35,-4.06,-3.77,-4.06,2.0,0.6,18.0,1.0,-7.99,-6.77,-5.55,-6.77,2.0,2.53,18.0,1.0,1014.22,1014.7,1015.18,1014.7,2.0,0.99,18.0,1.0,,,,,,,,,,,,,,,,,,,,,,,,,,,,,,,,,,,,,,,,,,,,,,,,,,,,,,,,,,,,,,,,,,,,,,,,,,,,,,,,,,,,,,,,,,,,,,,,,,,,,,,,,,,,,,,,,,,,,,,,,,,,,,,,
1891,8,22700,36.1,24.4,,,,,,,,,,,,,,,,,,,,,,,,,,,,,,,,,,,,,,,,,,,,,,,,,,,,,,,,,,,,,,,,,,,,,,,,,,,,,,,,,,,,,,,,,,,,,,,,,,,,,,,,,,,,,,,,,,,,,,,,,,,,,,,,,,,,,,,,,,,,,,,,,,,,,,,,,,,,,,,,,3.9,6.6,9.3,6.6,2.0,5.5,28.0,1.0,-9.3,-6.6,-3.9,-6.6,2.0,5.5,28.0,1.0,0.0,1.0,97.5,74.0,23.0,181.5,16.0,0.5,0.0,0.0,95.0,75.0,23.0,180.0,16.0,0.5
1891,8,22700,36.2,24.3,29.0,30.0,31.4,30.1,23.0,1.05,16.0,0.5,30.0,30.65,31.9,31.02,20.0,1.44,16.0,0.5,20.23,21.71,23.18,21.71,2.0,3.06,28.0,1.0,67.8,69.1,70.4,69.1,2.0,2.6,28.0,1.0,0.0,1.0,4.6,2.3,23.0,2.51,16.0,0.5,0.0,0.0,2.41,1.08,23.0,1.62,16.0,0.5,-3.45,-1.0,0.0,-1.79,23.0,2.15,16.0,0.5,1003.9,1004.8,1006.8,1005.23,23.0,1.62,16.0,0.5,0.0,0.0,0.0,0.4,23.0,1.4,16.0,0.5,67.8,69.1,70.4,69.1,2.0,2.6,28.0,1.0,0.0,0.0,12.8,5.9,23.0,10.5,16.0,0.5,-16.7,-1.0,0.0,-9.1,23.0,18.5,16.0,0.5,-2.49,-0.95,0.0,-1.15,20.0,1.54,16.0,0.5,-6.9,-0.7,0.0,-2.2,20.0,5.7,16.0,0.5,2.13,3.59,5.04,3.59,2.0,3.02,28.0,1.0,5.5,9.3,13.1,9.3,2.0,7.8,28.0,1.0,0.0,5.6,79.0,35.3,20.0,51.7,16.0,0.5,-110.0,-32.0,-0.2,-60.4,20.0,66.2,16.0,0.5,37.2,39.9,42.6,39.9,2.0,5.6,28.0,1.0,-42.6,-39.9,-37.2,-39.9,2.0,5.6,28.0,1.0,,,,,,,,,,,,,,,,,,,,,,,,,,,,,,,,
1891,8,22700,36.3,-23.3,,,,,,,,,,,,,,,,,,,,,,,,,,,,,,,,,2.6,4.6,6.32,4.74,5.0,2.74,14.0,0.2,-5.92,-3.08,-2.3,-4.15,5.0,2.97,14.0,0.2,-1.66,-0.23,2.03,-0.02,5.0,2.29,14.0,0.2,1015.85,1019.4,1020.26,1018.34,5.0,2.37,14.0,0.2,,,,,,,,,,,,,,,,,,,,,,,,,,,,,,,,,,,,,,,,,,,,,,,,,,,,,,,,,,,,,,,,,,,,,,,,,,,,,,,,,,,,,,,,,,,,,,,,,,,,,,,,,,,,,,,,,,,,,,,,,,,,,,,,
1891,8,22700,36.6,22.5,29.47,30.5,31.3,30.44,51.0,0.94,16.0,0.5,30.42,31.3,32.2,31.49,49.0,1.08,18.0,0.5,21.88,25.19,25.9,23.92,3.0,3.15,28.0,0.0,80.0,88.6,91.1,85.6,3.0,8.6,28.0,0.0,1.0,2.6,6.5,3.34,52.0,2.79,16.0,0.5,0.0,0.71,3.48,1.54,52.0,2.18,16.0,0.5,-4.24,-1.0,0.0,-1.97,52.0,2.84,16.0,0.5,1003.43,1005.6,1007.07,1005.42,53.0,2.09,16.0,0.5,0.0,0.0,2.0,0.6,53.0,1.2,16.0,0.5,80.0,88.6,91.1,85.6,3.0,8.6,28.0,0.0,0.0,0.9,21.1,9.1,52.0,15.7,16.0,0.5,-20.9,-1.8,0.0,-12.5,52.0,24.7,16.0,0.5,-2.57,-1.2,0.0,-1.16,47.0,1.23,18.0,0.5,-8.6,-2.6,0.0,-4.1,46.0,5.1,18.0,0.5,-0.57,0.15,3.47,1.42,3.0,3.16,28.0,0.0,-0.6,0.1,23.0,10.9,3.0,19.6,28.0,0.0,0.0,22.2,111.5,43.7,48.0,64.2,18.0,0.5,-133.1,-31.3,0.0,-62.2,48.0,90.2,18.0,0.5,20.7,25.2,101.0,60.0,3.0,66.1,28.0,0.0,-12.7,0.0,0.0,-6.2,3.0,10.7,28.0,0.0,-0.4,0.1,23.0,11.0,3.0,19.5,28.0,0.0,0.0,0.0,0.4,0.2,3.0,0.4,28.0,0.0,1.0,17.5,281.5,134.0,52.0,255.0,16.0,0.5,0.0,20.0,280.0,135.0,52.0,255.0,16.0,0.5
1891,8,22700,36.8,-21.4,,,,,,,,,,,,,,,,,,,,,,,,,,,,,,,,,4.6,8.0,9.3,7.3,6.0,2.32,14.0,0.7,-6.45,-3.33,-1.47,-3.96,6.0,2.7,14.0,0.7,-3.29,4.37,8.65,3.14,6.0,5.6,14.0,0.7,1015.91,1018.95,1019.88,1018.15,6.0,2.18,14.0,0.7,,,,,,,,,,,,,,,,,,,,,,,,,,,,,,,,,,,,,,,,,,,,,,,,,,,,,,,,,,,,,,,,,,,,,,,,,,,,,,,,,,,,,,,,,,,,,,,,,,,,,,,,,,,,,,,,,,,,,,,,,,,,,,,,
1891,8,22700,36.8,20.8,30.56,31.2,32.27,31.3,9.0,0.87,16.0,0.7,31.36,31.75,33.52,32.43,6.0,1.64,20.0,0.5,21.06,21.06,21.06,21.06,1.0,0.0,28.0,1.0,70.2,70.2,70.2,70.2,1.0,0.0,28.0,1.0,1.0,2.6,4.6,3.48,9.0,2.68,16.0,0.7,-1.88,0.37,0.99,0.04,9.0,1.94,16.0,0.7,-4.23,-2.41,-0.11,-2.62,9.0,3.06,16.0,0.7,1003.23,1005.8,1007.27,1005.52,9.0,2.01,16.0,0.7,0.0,0.0,2.5,1.0,9.0,1.8,16.0,0.7,70.2,70.2,70.2,70.2,1.0,0.0,28.0,1.0,-5.0,0.4,2.1,-0.3,9.0,7.9,16.0,0.7,-19.5,-6.3,-0.1,-15.9,9.0,27.7,16.0,0.7,-2.25,-1.3,-0.74,-1.62,6.0,1.27,20.0,0.5,-7.6,-4.3,-1.5,-4.5,6.0,2.9,20.0,0.5,7.4,7.4,7.4,7.4,1.0,0.0,28.0,1.0,34.1,34.1,34.1,34.1,1.0,0.0,28.0,1.0,-1.6,18.4,45.8,27.3,6.0,40.4,20.0,0.5,-180.2,-90.0,-28.3,-112.7,6.0,99.1,20.0,0.5,68.5,68.5,68.5,68.5,1.0,0.0,28.0,1.0,-68.5,-68.5,-68.5,-68.5,1.0,0.0,28.0,1.0,,,,,,,,,,,,,,,,,,,,,,,,,,,,,,,,
1891,8,22700,36.9,20.8,,,,,,,,,,,,,,,,,,,,,,,,,,,,,,,,,,,,,,,,,,,,,,,,,,,,,,,,,,,,,,,,,,,,,,,,,,,,,,,,,,,,,,,,,,,,,,,,,,,,,,,,,,,,,,,,,,,,,,,,,,,,,,,,,,,,,,,,,,,,,,,,,,,,,,,,,,,,,,,,,24.1,24.1,24.1,24.1,1.0,0.0,28.0,1.0,-24.1,-24.1,-24.1,-24.1,1.0,0.0,28.0,1.0,1.0,17.5,97.5,126.0,9.0,258.0,16.0,0.7,0.0,20.0,95.0,125.0,9.0,260.0,16.0,0.7
1891,8,22700,38.2,-21.2,,,,,,,,,,,,,,,,,,,,,,,,,,,,,,,,,6.7,6.7,6.7,6.7,2.0,0.0,20.0,1.0,-6.17,-6.06,-5.96,-6.06,2.0,0.21,20.0,1.0,-3.04,-2.83,-2.61,-2.83,2.0,0.45,20.0,1.0,1015.41,1015.65,1015.89,1015.65,2.0,0.49,20.0,1.0,,,,,,,,,,,,,,,,,,,,,,,,,,,,,,,,,,,,,,,,,,,,,,,,,,,,,,,,,,,,,,,,,,,,,,,,,,,,,,,,,,,,,,,,,,,,,,,,,,,,,,,,,,,,,,,,,,,,,,,,,,,,,,,,
1891,8,22700,38.2,20.3,,,,,,,,,,,,,,,,,,,,,,,,,,,,,,,,,,,,,,,,,,,,,,,,,,,,,,,,,,,,,,,,,,,,,,,,,,,,,,,,,,,,,,,,,,,,,,,,,,,,,,,,,,,,,,,,,,,,,,,,,,,,,,,,,,,,,,,,,,,,,,,,,,,,,,,,,,,,,,,,,7.9,10.0,12.1,10.0,2.0,4.3,28.0,1.0,-11.0,-6.5,-2.1,-6.5,2.0,9.2,28.0,1.0,1.0,17.5,197.5,123.0,42.0,261.5,16.0,0.6,0.0,20.0,200.0,125.0,42.0,260.0,16.0,0.6
1891,8,22700,38.2,20.4,30.4,31.25,31.85,31.16,42.0,0.79,16.0,0.6,31.61,32.2,33.69,32.56,39.0,1.09,16.0,0.6,21.71,21.92,22.14,21.92,2.0,0.45,28.0,1.0,61.9,64.4,66.9,64.4,2.0,5.1,28.0,1.0,1.0,2.6,5.64,3.01,42.0,2.79,16.0,0.6,0.0,0.97,2.55,0.89,42.0,1.93,16.0,0.6,-3.58,-0.93,0.0,-1.76,42.0,3.06,16.0,0.6,1003.65,1005.4,1007.35,1005.32,42.0,2.33,16.0,0.6,0.0,0.0,2.0,0.8,42.0,1.3,16.0,0.6,61.9,64.4,66.9,64.4,2.0,5.1,28.0,1.0,0.0,1.0,6.8,4.8,42.0,12.7,16.0,0.6,-13.8,-0.9,0.0,-12.3,42.0,26.7,16.0,0.6,-2.49,-1.3,-0.3,-1.49,39.0,1.32,16.0,0.6,-6.9,-3.4,0.0,-4.3,39.0,5.3,16.0,0.6,6.93,6.99,7.05,6.99,2.0,0.13,28.0,1.0,8.7,12.7,16.6,12.7,2.0,8.1,28.0,1.0,0.0,31.1,82.6,32.3,39.0,63.1,16.0,0.6,-149.6,-29.5,0.0,-59.7,39.0,101.9,16.0,0.6,24.7,31.2,37.8,31.2,2.0,13.6,28.0,1.0,-34.4,-20.4,-6.5,-20.4,2.0,28.9,28.0,1.0,,,,,,,,,,,,,,,,,,,,,,,,,,,,,,,,
1891,8,22700,38.5,-19.4,,,,,,,,,,,,,,,,,,,,,,,,,,,,,,,,,4.6,6.7,9.3,6.87,6.0,2.11,16.0,0.3,-4.41,-3.37,1.44,-2.08,6.0,3.48,16.0,0.3,-2.42,1.81,8.97,2.73,6.0,5.9,16.0,0.3,1015.85,1018.1,1019.14,1017.55,6.0,1.86,16.0,0.3,,,,,,,,,,,,,,,,,,,,,,,,,,,,,,,,,,,,,,,,,,,,,,,,,,,,,,,,,,,,,,,,,,,,,,,,,,,,,,,,,,,,,,,,,,,,,,,,,,,,,,,,,,,,,,,,,,,,,,,,,,,,,,,,
1891,8,22700,38.7,18.4,,,,,,,,,,,,,,,,,,,,,,,,,,,,,,,,,,,,,,,,,,,,,,,,,,,,,,,,,,,,,,,,,,,,,,,,,,,,,,,,,,,,,,,,,,,,,,,,,,,,,,,,,,,,,,,,,,,,,,,,,,,,,,,,,,,,,,,,,,,,,,,,,,,,,,,,,,,,,,,,,0.0,0.0,7.9,3.9,3.0,6.7,28.0,0.0,-17.3,-11.6,-3.7,-10.5,3.0,10.0,28.0,0.0,1.0,97.5,757.0,218.5,52.0,291.5,16.0,0.4,0.0,95.0,755.0,220.0,52.0,290.0,16.0,0.4
1891,8,22700,38.7,18.5,30.0,31.0,31.5,30.77,50.0,0.89,16.0,0.4,31.7,32.3,33.44,32.63,49.0,1.1,16.0,0.4,20.65,20.81,20.99,20.82,3.0,0.24,28.0,0.0,65.6,67.4,69.3,67.5,3.0,2.7,28.0,0.0,1.0,4.6,9.06,4.46,52.0,3.06,16.0,0.4,0.0,2.5,6.17,2.97,52.0,3.0,16.0,0.4,-4.7,-2.06,0.0,-1.88,52.0,2.84,16.0,0.4,1002.87,1005.6,1006.7,1004.92,51.0,2.3,16.0,0.4,0.0,0.0,5.0,1.9,52.0,2.4,16.0,0.4,65.6,67.4,69.3,67.5,3.0,2.7,28.0,0.0,0.0,7.9,41.3,20.9,52.0,26.7,16.0,0.4,-31.1,-6.5,0.0,-12.8,52.0,22.0,16.0,0.4,-3.0,-2.0,-0.93,-1.94,47.0,1.09,16.0,0.4,-17.8,-7.4,-1.0,-8.9,47.0,8.9,16.0,0.4,5.96,6.3,7.23,6.58,3.0,0.96,28.0,0.0,5.2,16.4,18.8,12.1,3.0,10.6,28.0,0.0,0.0,65.3,197.0,87.3,49.0,91.3,16.0,0.4,-150.4,-65.3,0.0,-62.8,49.0,95.4,16.0,0.4,0.0,0.0,25.8,12.6,3.0,21.8,28.0,0.0,-48.9,-37.8,-12.0,-30.6,3.0,27.8,28.0,0.0,,,,,,,,,,,,,,,,,,,,,,,,,,,,,,,,
1891,8,22700,38.8,-39.7,,,,,,,,,,,,,,,,,,,,,,,,,,,,,,,,,6.7,6.7,6.7,6.7,1.0,0.0,26.0,1.0,-6.17,-6.17,-6.17,-6.17,1.0,0.0,26.0,1.0,2.62,2.62,2.62,2.62,1.0,0.0,26.0,1.0,1034.7,1034.7,1034.7,1034.7,1.0,0.0,26.0,1.0,,,,,,,,,,,,,,,,,,,,,,,,,,,,,,,,,,,,,,,,,,,,,,,,,,,,,,,,,,,,,,,,,,,,,,,,,,,,,,,,,,,,,,,,,,,,,,,,,,,,,,,,,,,,,,,,,,,,,,,,,,,,,,,,
1891,8,22700,38.8,-5.2,,,,,,,,,,,,,,,,,,,,,,,,,,,,,,,,,2.92,3.6,4.28,3.6,2.0,1.41,16.0,1.0,-2.96,-2.33,-1.71,-2.33,2.0,1.3,16.0,1.0,2.35,2.72,3.08,2.72,2.0,0.76,16.0,1.0,1018.2,1018.2,1018.2,1018.2,1.0,0.0,30.0,1.0,,,,,,,,,,,,,,,,,,,,,,,,,,,,,,,,,,,,,,,,,,,,,,,,,,,,,,,,,,,,,,,,,,,,,,,,,,,,,,,,,,,,,,,,,,,,,,,,,,,,,,,,,,,,,,,,,,,,,,,,,,,,,,,,
1891,8,22700,38.9,-17.8,,,,,,,,,,,,,,,,,,,,,,,,,,,,,,,,,6.7,6.7,6.7,6.7,1.0,0.0,12.0,0.0,-1.85,-1.85,-1.85,-1.85,1.0,0.0,12.0,0.0,6.44,6.44,6.44,6.44,1.0,0.0,12.0,0.0,1019.2,1019.2,1019.2,1019.2,1.0,0.0,12.0,0.0,,,,,,,,,,,,,,,,,,,,,,,,,,,,,,,,,,,,,,,,,,,,,,,,,,,,,,,,,,,,,,,,,,,,,,,,,,,,,,,,,,,,,,,,,,,,,,,,,,,,,,,,,,,,,,,,,,,,,,,,,,,,,,,,
1891,8,22700,40.1,18.1,,,,,,,,,,,,,,,,,,,,,,,,,,,,,,,,,4.93,5.65,6.37,5.65,2.0,1.48,26.0,0.0,2.52,2.54,2.56,2.54,2.0,0.04,26.0,0.0,-5.83,-5.01,-4.19,-5.01,2.0,1.7,26.0,0.0,999.22,1002.05,1004.88,1002.05,2.0,5.87,26.0,0.0,,,,,,,,,,,,,,,,,,,,,,,,,,,,,,,,,,,,,,,,,,,,,,,,,,,,,,,,,,,,,,,,,,,,,,,,,,,,,,,,,,,,,,,,,,,,,,,,,,,,,,,,,,,,,,,,,,,,,,,,,,,,,,,,
1891,8,22700,40.3,-37.2,,,,,,,,,,,,,,,,,,,,,,,,,,,,,,,,,4.6,4.6,4.6,4.6,1.0,0.0,28.0,1.0,-4.23,-4.23,-4.23,-4.23,1.0,0.0,28.0,1.0,1.8,1.8,1.8,1.8,1.0,0.0,28.0,1.0,1027.9,1027.9,1027.9,1027.9,1.0,0.0,28.0,1.0,,,,,,,,,,,,,,,,,,,,,,,,,,,,,,,,,,,,,,,,,,,,,,,,,,,,,,,,,,,,,,,,,,,,,,,,,,,,,,,,,,,,,,,,,,,,,,,,,,,,,,,,,,,,,,,,,,,,,,,,,,,,,,,,
1891,8,22700,40.3,16.5,30.99,32.0,32.8,31.75,51.0,1.09,16.0,0.7,32.0,32.95,34.37,33.11,46.0,1.26,16.0,0.7,21.63,21.83,21.94,21.79,3.0,0.23,30.0,1.0,61.9,64.3,65.0,63.5,3.0,2.4,30.0,1.0,0.0,2.6,4.6,2.64,50.0,1.94,16.0,0.7,0.0,0.65,2.64,1.06,50.0,1.76,16.0,0.7,-3.25,-1.84,0.0,-1.87,50.0,1.75,16.0,0.7,1004.0,1005.6,1007.01,1005.54,51.0,2.03,16.0,0.7,0.0,2.0,5.7,2.0,53.0,2.4,16.0,0.7,61.9,64.3,65.0,63.5,3.0,2.4,30.0,1.0,0.0,0.7,15.0,4.6,50.0,9.0,16.0,0.7,-15.5,-5.5,0.0,-7.4,50.0,10.0,16.0,0.7,,,,,,,,,,,,,,,,,,,,,,,,,,,,,,,,,0.0,31.1,97.8,36.7,43.0,61.3,16.0,0.7,-121.3,-78.4,0.0,-69.8,43.0,57.8,16.0,0.7,6.8,21.4,55.3,30.8,3.0,36.4,30.0,1.0,-66.2,-56.0,-54.0,-60.0,3.0,9.6,30.0,1.0,,,,,,,,,,,,,,,,,,,,,,,,,,,,,,,,
1891,8,22700,40.4,-17.3,,,,,,,,,,,,,,,,,,,,,,,,,,,,,,,,,2.6,3.6,4.6,3.6,6.0,1.1,18.0,0.8,-4.04,-2.26,-1.98,-2.69,6.0,1.19,18.0,0.8,-1.84,-1.28,2.04,-0.12,6.0,2.58,18.0,0.8,1017.91,1019.95,1021.74,1019.85,6.0,2.07,18.0,0.8,,,,,,,,,,,,,,,,,,,,,,,,,,,,,,,,,,,,,,,,,,,,,,,,,,,,,,,,,,,,,,,,,,,,,,,,,,,,,,,,,,,,,,,,,,,,,,,,,,,,,,,,,,,,,,,,,,,,,,,,,,,,,,,,
1891,8,22700,40.4,16.4,,,,,,,,,,,,,,,,,,,,,,,,,,,,,,,,,,,,,,,,,,,,,,,,,,,,,,,,,,,,,,,,,,,,,,,,,,,,,,,,,,,,,,,,,,,,,,,,,,,,,,,,,,,,,,,,,,,,,,,,,,,,,,,,,,,,,,,,,,,,,,,,,,,,,,,,,,,,,,,,,2.5,8.0,21.0,11.7,3.0,13.9,30.0,1.0,-25.6,-22.3,-20.6,-23.1,3.0,3.7,30.0,1.0,0.0,17.5,97.5,49.5,50.0,75.0,16.0,0.7,0.0,20.0,95.0,50.0,50.0,75.0,16.0,0.7
1891,8,22700,40.4,16.5,,,,,,,,,,,,,,,,,,,,,,,,,,,,,,,,,,,,,,,,,,,,,,,,,,,,,,,,,,,,,,,,,,,,,,,,,,,,,,,,,,,,,,,,,,,,,,,,,-3.0,-1.65,0.49,-1.41,46.0,1.53,16.0,0.7,-8.0,-3.1,0.7,-3.6,43.0,5.1,16.0,0.7,8.25,8.33,8.5,8.37,3.0,0.19,30.0,1.0,21.7,22.3,33.2,27.3,3.0,9.5,30.0,1.0,,,,,,,,,,,,,,,,,,,,,,,,,,,,,,,,,,,,,,,,,,,,,,,,,,,,,,,,,,,,,,,,
1891,8,22700,40.5,-15.7,,,,,,,,,,,,,,,,,,,,,,,,,,,,,,,,,2.92,3.6,4.28,3.6,2.0,1.41,16.0,1.0,-3.68,-2.93,-2.19,-2.93,2.0,1.54,16.0,1.0,-1.58,-0.2,1.19,-0.2,2.0,2.88,16.0,1.0,1019.23,1019.3,1019.37,1019.3,2.0,0.14,16.0,1.0,,,,,,,,,,,,,,,,,,,,,,,,,,,,,,,,,,,,,,,,,,,,,,,,,,,,,,,,,,,,,,,,,,,,,,,,,,,,,,,,,,,,,,,,,,,,,,,,,,,,,,,,,,,,,,,,,,,,,,,,,,,,,,,,
1891,8,22700,40.5,-3.3,,,,,,,,,,,,,,,,,,,,,,,,,,,,,,,,,4.6,5.65,7.24,6.08,6.0,1.88,16.0,0.3,-4.46,-3.19,-2.49,-3.53,6.0,1.26,16.0,0.3,3.81,4.59,6.02,4.95,6.0,1.44,16.0,0.3,1016.39,1018.4,1018.86,1017.82,6.0,1.4,16.0,0.3,,,,,,,,,,,,,,,,,,,,,,,,,,,,,,,,,,,,,,,,,,,,,,,,,,,,,,,,,,,,,,,,,,,,,,,,,,,,,,,,,,,,,,,,,,,,,,,,,,,,,,,,,,,,,,,,,,,,,,,,,,,,,,,,
1891,8,22700,40.8,12.8,,,,,,,,,,,,,,,,,,,,,,,,,,,,,,,,,2.6,2.6,2.6,2.6,1.0,0.0,4.0,0.0,2.39,2.39,2.39,2.39,1.0,0.0,4.0,0.0,-1.02,-1.02,-1.02,-1.02,1.0,0.0,4.0,0.0,1002.5,1002.5,1002.5,1002.5,1.0,0.0,4.0,0.0,,,,,,,,,,,,,,,,,,,,,,,,,,,,,,,,,,,,,,,,,,,,,,,,,,,,,,,,,,,,,,,,,,,,,,,,,,,,,,,,,,,,,,,,,,,,,,,,,,,,,,,,,,,,,,,,,,,,,,,,,,,,,,,,
1891,8,22700,40.8,14.7,30.7,31.6,32.6,31.64,23.0,1.01,14.0,0.3,32.15,32.7,34.45,33.1,23.0,1.12,16.0,0.3,22.32,22.33,22.34,22.33,2.0,0.02,30.0,0.0,70.4,70.4,70.4,70.4,2.0,0.0,30.0,0.0,1.0,2.6,2.6,1.93,24.0,1.09,14.0,0.3,-0.14,0.35,1.84,0.39,24.0,1.57,14.0,0.3,-2.6,-0.81,0.0,-0.95,24.0,1.24,14.0,0.3,1004.0,1005.0,1006.81,1005.5,23.0,1.75,14.0,0.2,0.0,3.0,6.2,3.2,25.0,2.8,14.0,0.3,70.4,70.4,70.4,70.4,2.0,0.0,30.0,0.0,-0.1,0.4,4.8,0.4,24.0,5.4,14.0,0.3,-6.8,-0.8,0.0,-2.2,24.0,3.3,14.0,0.3,-2.97,-1.4,0.58,-1.52,21.0,1.72,16.0,0.2,-5.1,-2.6,1.2,-2.2,21.0,3.1,16.0,0.2,6.37,6.94,7.52,6.94,2.0,1.19,30.0,0.0,19.0,25.8,32.7,25.8,2.0,14.1,30.0,0.0,-8.5,0.0,59.8,10.8,22.0,53.2,16.0,0.2,-84.1,-31.3,0.0,-34.6,22.0,41.1,16.0,0.2,-77.9,-24.6,28.7,-24.6,2.0,110.4,30.0,0.0,-19.1,-11.4,-3.6,-11.4,2.0,16.1,30.0,0.0,,,,,,,,,,,,,,,,,,,,,,,,,,,,,,,,
1891,8,22700,40.9,14.6,,,,,,,,,,,,,,,,,,,,,,,,,,,,,,,,,,,,,,,,,,,,,,,,,,,,,,,,,,,,,,,,,,,,,,,,,,,,,,,,,,,,,,,,,,,,,,,,,,,,,,,,,,,,,,,,,,,,,,,,,,,,,,,,,,,,,,,,,,,,,,,,,,,,,,,,,,,,,,,,,-27.8,-10.6,6.6,-10.6,2.0,35.7,30.0,0.0,-5.2,-3.1,-1.0,-3.1,2.0,4.4,30.0,0.0,1.0,17.5,17.5,14.0,24.0,19.5,14.0,0.3,0.0,20.0,20.0,15.0,24.0,20.0,14.0,0.3
1891,8,22700,42.1,-15.3,,,,,,,,,,,,,,,,,,,,,,,,,,,,,,,,,4.6,4.6,4.6,4.6,2.0,0.0,20.0,0.0,-4.02,-4.02,-4.02,-4.02,2.0,0.0,20.0,0.0,-2.23,-2.23,-2.23,-2.23,2.0,0.0,20.0,0.0,1020.52,1020.55,1020.58,1020.55,2.0,0.07,20.0,0.0,,,,,,,,,,,,,,,,,,,,,,,,,,,,,,,,,,,,,,,,,,,,,,,,,,,,,,,,,,,,,,,,,,,,,,,,,,,,,,,,,,,,,,,,,,,,,,,,,,,,,,,,,,,,,,,,,,,,,,,,,,,,,,,,
1891,8,22700,42.1,14.0,,,,,,,,,,,,,,,,,,,,,,,,,,,,,,,,,,,,,,,,,,,,,,,,,,,,,,,,,,,,,,,,,,,,,,,,,,,,,,,,,,,,,,,,,,,,,,,,,,,,,,,,,,,,,,,,,,,,,,,,,,,,,,,,,,,,,,,,,,,,,,,,,,,,,,,,,,,,,,,,,11.2,11.2,11.2,11.2,1.0,0.0,30.0,0.0,-11.2,-11.2,-11.2,-11.2,1.0,0.0,30.0,0.0,17.5,17.5,97.5,56.0,26.0,80.5,16.0,0.3,20.0,20.0,95.0,55.0,26.0,80.0,16.0,0.3
1891,8,22700,42.2,14.3,30.19,31.35,32.51,31.38,26.0,1.28,16.0,0.3,31.27,32.25,33.2,32.34,24.0,1.07,18.0,0.3,22.35,22.35,22.35,22.35,1.0,0.0,30.0,0.0,70.4,70.4,70.4,70.4,1.0,0.0,30.0,0.0,2.6,2.6,4.6,3.15,26.0,1.57,16.0,0.3,-1.07,0.0,1.85,-0.03,26.0,1.88,16.0,0.3,-4.36,-2.39,0.34,-1.75,26.0,2.47,16.0,0.3,1003.28,1005.45,1006.77,1005.14,26.0,2.9,16.0,0.3,0.0,2.0,5.1,2.7,26.0,2.8,16.0,0.3,70.4,70.4,70.4,70.4,1.0,0.0,30.0,0.0,-3.0,0.0,6.7,-1.4,26.0,8.7,16.0,0.3,-20.0,-6.2,0.9,-7.6,26.0,12.6,16.0,0.3,-3.34,-1.15,0.87,-1.07,24.0,1.95,18.0,0.3,-8.9,-3.6,2.3,-3.8,24.0,6.6,18.0,0.3,6.1,6.1,6.1,6.1,1.0,0.0,30.0,0.0,15.9,15.9,15.9,15.9,1.0,0.0,30.0,0.0,-50.7,0.0,52.4,-7.0,24.0,59.1,18.0,0.3,-142.3,-78.3,27.7,-58.3,24.0,82.8,18.0,0.3,41.1,41.1,41.1,41.1,1.0,0.0,30.0,0.0,-41.1,-41.1,-41.1,-41.1,1.0,0.0,30.0,0.0,,,,,,,,,,,,,,,,,,,,,,,,,,,,,,,,
1891,8,22700,42.3,-35.7,,,,,,,,,,,,,,,,,,,,,,,,,,,,,,,,,6.7,6.7,6.7,6.7,1.0,0.0,28.0,1.0,0.0,0.0,0.0,0.0,1.0,0.0,28.0,1.0,6.7,6.7,6.7,6.7,1.0,0.0,28.0,1.0,1027.4,1027.4,1027.4,1027.4,1.0,0.0,28.0,1.0,,,,,,,,,,,,,,,,,,,,,,,,,,,,,,,,,,,,,,,,,,,,,,,,,,,,,,,,,,,,,,,,,,,,,,,,,,,,,,,,,,,,,,,,,,,,,,,,,,,,,,,,,,,,,,,,,,,,,,,,,,,,,,,,
1891,8,22700,42.4,-1.5,,,,,,,,,,,,,,,,,,,,,,,,,,,,,,,,,5.85,6.7,9.3,6.88,6.0,2.45,18.0,0.7,-7.12,-4.3,-2.94,-4.55,6.0,2.39,18.0,0.7,3.99,5.71,5.98,5.03,6.0,1.41,18.0,0.7,1016.45,1016.9,1018.4,1017.13,6.0,1.3,18.0,0.7,,,,,,,,,,,,,,,,,,,,,,,,,,,,,,,,,,,,,,,,,,,,,,,,,,,,,,,,,,,,,,,,,,,,,,,,,,,,,,,,,,,,,,,,,,,,,,,,,,,,,,,,,,,,,,,,,,,,,,,,,,,,,,,,
1891,8,22700,42.5,12.6,,,,,,,,,,,,,,,,,,,,,,,,,,,,,,,,,,,,,,,,,,,,,,,,,,,,,,,,,,,,,,,,,,,,,,,,,,,,,,,,,,,,,,,,,,,,,,,,,,,,,,,,,,,,,,,,,,,,,,,,,,,,,,,,,,,,,,,,,,,,,,,,,,,,,,,,,,,,,,,,,0.0,0.0,0.0,0.0,2.0,0.0,30.0,1.0,0.0,0.0,0.0,0.0,2.0,0.0,30.0,1.0,0.5,17.5,188.0,106.5,36.0,194.5,14.0,0.8,0.0,20.0,190.0,105.0,36.0,195.0,14.0,0.8
1891,8,22700,42.6,12.6,26.96,30.25,31.74,29.72,36.0,2.18,14.0,0.8,29.1,31.9,33.18,31.57,35.0,2.01,14.0,0.7,24.24,24.24,24.24,24.24,2.0,0.0,30.0,1.0,76.4,76.4,76.4,76.4,2.0,0.0,30.0,1.0,0.55,2.6,5.54,3.35,36.0,2.48,14.0,0.8,0.0,0.54,4.33,1.62,36.0,2.27,14.0,0.8,-3.33,-0.82,2.4,-0.85,36.0,3.01,14.0,0.8,1002.34,1004.8,1006.74,1004.49,38.0,2.54,14.0,0.7,0.0,2.0,6.0,2.8,38.0,2.7,14.0,0.7,76.4,76.4,76.4,76.4,2.0,0.0,30.0,1.0,0.0,0.7,19.9,9.6,36.0,16.7,14.0,0.8,-13.3,-1.3,6.2,-3.5,36.0,19.8,14.0,0.8,-4.48,-2.3,-0.12,-2.18,33.0,2.04,14.0,0.8,-14.9,-6.0,0.0,-8.2,31.0,9.6,14.0,0.8,3.07,4.2,5.33,4.2,2.0,2.34,30.0,1.0,0.0,0.0,0.0,0.0,2.0,0.0,30.0,1.0,0.0,36.4,138.5,53.7,33.0,71.1,14.0,0.8,-121.4,-20.5,85.7,-21.6,33.0,94.6,14.0,0.8,0.0,0.0,0.0,0.0,2.0,0.0,30.0,1.0,0.0,0.0,0.0,0.0,2.0,0.0,30.0,1.0,,,,,,,,,,,,,,,,,,,,,,,,,,,,,,,,
1891,8,22700,42.7,0.2,,,,,,,,,,,,,,,,,,,,,,,,,,,,,,,,,6.7,6.7,6.7,6.7,1.0,0.0,4.0,1.0,-4.98,-4.98,-4.98,-4.98,1.0,0.0,4.0,1.0,4.48,4.48,4.48,4.48,1.0,0.0,4.0,1.0,1015.9,1015.9,1015.9,1015.9,1.0,0.0,4.0,1.0,,,,,,,,,,,,,,,,,,,,,,,,,,,,,,,,,,,,,,,,,,,,,,,,,,,,,,,,,,,,,,,,,,,,,,,,,,,,,,,,,,,,,,,,,,,,,,,,,,,,,,,,,,,,,,,,,,,,,,,,,,,,,,,,
1891,8,22700,44.4,12.3,,,,,,,,,,,,,,,,,,,,,,,,,,,,,,,,,,,,,,,,,,,,,,,,,,,,,,,,,,,,,,,,,,,,,,,,,,,,,,,,,,,,,,,,,,,,,,,,,,,,,,,,,,,,,,,,,,,,,,,,,,,,,,,,,,,,,,,,,,,,,,,,,,,,,,,,,,,,,,,,,-0.9,0.0,6.8,2.9,3.0,6.2,30.0,0.3,0.4,1.3,7.2,3.8,3.0,5.4,30.0,0.3,1.0,97.5,301.0,139.0,41.0,193.0,14.0,0.4,0.0,95.0,300.0,140.0,41.0,195.0,14.0,0.4
1891,8,22700,44.5,0.6,,,,,,,,,,,,,,,,,,,,,,,,,,,,,,,,,2.6,5.65,6.7,4.98,6.0,2.02,18.0,0.2,-4.04,-3.41,-1.37,-3.03,6.0,1.4,18.0,0.2,2.22,3.9,5.54,3.91,6.0,1.6,18.0,0.2,1015.73,1016.2,1017.08,1016.3,6.0,0.81,18.0,0.2,,,,,,,,,,,,,,,,,,,,,,,,,,,,,,,,,,,,,,,,,,,,,,,,,,,,,,,,,,,,,,,,,,,,,,,,,,,,,,,,,,,,,,,,,,,,,,,,,,,,,,,,,,,,,,,,,,,,,,,,,,,,,,,,
1891,8,22700,44.5,12.2,,,,,,,,,,,,,,,,,,,,,,,,,,,,,,,,,1.0,4.6,6.7,3.93,41.0,2.56,14.0,0.4,0.0,1.84,4.74,2.36,41.0,2.65,14.0,0.4,-1.12,1.72,4.23,1.18,41.0,2.88,14.0,0.4,1000.65,1003.9,1005.85,1003.4,42.0,2.93,14.0,0.4,0.0,2.0,4.0,2.2,42.0,2.3,14.0,0.4,75.8,76.3,82.2,79.0,3.0,5.2,30.0,0.3,0.0,4.8,31.7,14.0,41.0,21.0,14.0,0.4,-4.4,4.8,19.5,5.2,41.0,18.0,14.0,0.4,,,,,,,,,,,,,,,,,,,,,,,,,,,,,,,,,,,,,,,,,,,,,,,,,,,,,,,,,,,,,,,,,,,,,,,,,,,,,,,,,,,,,,,,,,,,,,,,
1891,8,22700,44.6,12.2,25.53,28.2,29.7,27.6,28.0,1.91,16.0,0.5,26.79,28.75,30.32,28.7,32.0,1.66,14.0,0.5,21.91,22.92,23.28,22.61,3.0,1.04,30.0,0.3,75.8,76.3,82.2,79.0,3.0,5.2,30.0,0.3,,,,,,,,,,,,,,,,,,,,,,,,,,,,,,,,,,,,,,,,,,,,,,,,,,,,,,,,,,,,,,,,,-3.3,-1.5,-0.37,-1.53,26.0,1.56,16.0,0.5,-16.1,-6.5,-0.8,-7.9,25.0,8.4,16.0,0.6,2.53,3.96,4.95,3.75,3.0,1.78,30.0,0.3,0.6,1.9,10.2,5.3,3.0,7.6,30.0,0.3,-3.3,54.4,124.1,56.3,31.0,65.8,14.0,0.5,0.0,48.5,126.5,48.8,31.0,76.3,14.0,0.5,-11.3,0.0,26.9,7.6,3.0,28.8,30.0,0.3,5.3,16.6,32.2,18.7,3.0,19.8,30.0,0.3,,,,,,,,,,,,,,,,,,,,,,,,,,,,,,,,
1891,8,22700,44.8,-35.2,,,,,,,,,,,,,,,,,,,,,,,,,,,,,,,,,6.7,6.7,6.7,6.7,1.0,0.0,30.0,1.0,-6.21,-6.21,-6.21,-6.21,1.0,0.0,30.0,1.0,-2.51,-2.51,-2.51,-2.51,1.0,0.0,30.0,1.0,1029.87,1030.65,1031.44,1030.65,2.0,1.63,30.0,1.0,,,,,,,,,,,,,,,,,,,,,,,,,,,,,,,,,,,,,,,,,,,,,,,,,,,,,,,,,,,,,,,,,,,,,,,,,,,,,,,,,,,,,,,,,,,,,,,,,,,,,,,,,,,,,,,,,,,,,,,,,,,,,,,,
1891,8,22700,46.4,2.4,,,,,,,,,,,,,,,,,,,,,,,,,,,,,,,,,6.7,6.7,6.7,6.7,3.0,0.0,4.0,1.0,-1.37,3.75,3.75,1.25,3.0,4.33,4.0,1.0,5.55,5.55,5.55,5.55,3.0,0.0,4.0,1.0,1013.93,1017.0,1018.16,1016.07,3.0,3.2,4.0,1.0,,,,,,,,,,,,,,,,,,,,,,,,,,,,,,,,,,,,,,,,,,,,,,,,,,,,,,,,,,,,,,,,,,,,,,,,,,,,,,,,,,,,,,,,,,,,,,,,,,,,,,,,,,,,,,,,,,,,,,,,,,,,,,,,
1891,8,22700,46.5,12.3,26.61,27.8,29.54,27.98,36.0,1.4,14.0,0.6,28.62,29.8,30.89,29.74,33.0,1.51,14.0,0.6,20.41,21.77,21.91,21.18,3.0,1.21,30.0,1.0,66.9,70.0,77.9,72.3,3.0,8.3,30.0,1.0,1.0,4.6,9.3,4.42,36.0,3.08,14.0,0.6,0.0,2.5,6.58,2.9,36.0,3.11,14.0,0.6,-0.32,2.39,4.46,2.05,36.0,2.64,14.0,0.6,1001.32,1004.25,1006.09,1004.0,36.0,2.16,14.0,0.6,0.0,1.0,2.0,1.4,36.0,2.0,14.0,0.6,66.9,70.0,77.9,72.3,3.0,8.3,30.0,1.0,0.0,8.3,61.2,20.7,36.0,27.3,14.0,0.6,-0.3,6.2,32.4,15.2,36.0,20.6,14.0,0.6,,,,,,,,,,,,,,,,,,,,,,,,,,,,,,,,,,,,,,,,,,,,,,,,,,,,,,,,,,,,,,,,,,,,,,,,,,,,,,,,,,,,,,,,,,,,,,,,
1891,8,22700,46.6,12.3,,,,,,,,,,,,,,,,,,,,,,,,,,,,,,,,,,,,,,,,,,,,,,,,,,,,,,,,,,,,,,,,,,,,,,,,,,,,,,,,,,,,,,,,,,,,,,,,,-2.89,-2.0,-0.54,-1.81,33.0,1.2,14.0,0.6,-18.1,-6.7,0.0,-8.2,33.0,8.5,14.0,0.6,3.66,4.03,4.62,4.14,3.0,0.71,30.0,1.0,22.8,23.3,33.0,27.8,3.0,8.4,30.0,1.0,0.0,64.4,188.0,78.9,33.0,92.1,14.0,0.6,-19.9,29.4,119.1,52.5,33.0,75.1,14.0,0.6,81.5,103.1,121.5,101.6,3.0,29.3,30.0,1.0,81.5,103.1,121.5,101.6,3.0,29.3,30.0,1.0,16.1,16.5,23.3,19.6,3.0,6.0,30.0,1.0,16.1,16.5,23.3,19.6,3.0,6.0,30.0,1.0,1.0,97.5,804.5,218.0,36.0,305.5,14.0,0.6,0.0,95.0,805.0,220.0,36.0,305.0,14.0,0.6
1891,8,22700,46.8,-35.7,,,,,,,,,,,,,,,,,,,,,,,,,,,,,,,,,4.6,4.6,4.6,4.6,1.0,0.0,30.0,1.0,-1.8,-1.8,-1.8,-1.8,1.0,0.0,30.0,1.0,-4.23,-4.23,-4.23,-4.23,1.0,0.0,30.0,1.0,1030.9,1030.9,1030.9,1030.9,1.0,0.0,30.0,1.0,,,,,,,,,,,,,,,,,,,,,,,,,,,,,,,,,,,,,,,,,,,,,,,,,,,,,,,,,,,,,,,,,,,,,,,,,,,,,,,,,,,,,,,,,,,,,,,,,,,,,,,,,,,,,,,,,,,,,,,,,,,,,,,,
1891,8,22700,46.9,4.0,,,,,,,,,,,,,,,,,,,,,,,,,,,,,,,,,9.3,9.3,9.3,9.3,1.0,0.0,4.0,0.0,5.07,5.07,5.07,5.07,1.0,0.0,4.0,0.0,7.8,7.8,7.8,7.8,1.0,0.0,4.0,0.0,1014.2,1014.2,1014.2,1014.2,1.0,0.0,4.0,0.0,,,,,,,,,,,,,,,,,,,,,,,,,,,,,,,,,,,,,,,,,,,,,,,,,,,,,,,,,,,,,,,,,,,,,,,,,,,,,,,,,,,,,,,,,,,,,,,,,,,,,,,,,,,,,,,,,,,,,,,,,,,,,,,,
1891,8,22700,48.3,4.5,,,,,,,,,,,,,,,,,,,,,,,,,,,,,,,,,9.78,10.8,11.82,10.8,2.0,2.12,4.0,0.0,5.47,6.04,6.61,6.04,2.0,1.19,4.0,0.0,8.1,8.95,9.8,8.95,2.0,1.76,4.0,0.0,1014.5,1014.5,1014.5,1014.5,2.0,0.0,4.0,0.0,,,,,,,,,,,,,,,,,,,,,,,,,,,,,,,,,,,,,,,,,,,,,,,,,,,,,,,,,,,,,,,,,,,,,,,,,,,,,,,,,,,,,,,,,,,,,,,,,,,,,,,,,,,,,,,,,,,,,,,,,,,,,,,,
1891,8,22700,48.5,12.3,28.0,29.4,29.93,29.07,37.0,0.89,14.0,0.4,29.3,30.05,31.24,30.11,36.0,1.18,14.0,0.3,19.95,20.72,21.48,20.72,2.0,1.59,30.0,0.0,69.5,74.4,79.3,74.4,2.0,10.1,30.0,0.0,0.0,2.6,6.7,3.14,38.0,2.93,12.0,0.3,0.0,0.96,4.6,1.51,38.0,3.05,12.0,0.3,-0.05,0.19,2.61,1.01,38.0,2.46,12.0,0.3,1002.45,1004.35,1006.3,1004.49,38.0,2.12,12.0,0.3,0.0,0.0,2.0,0.9,38.0,1.7,12.0,0.3,69.5,74.4,79.3,74.4,2.0,10.1,30.0,0.0,0.0,1.0,22.4,8.0,38.0,21.4,12.0,0.3,0.0,0.2,16.8,7.5,38.0,20.5,12.0,0.3,-2.18,-1.0,0.2,-1.05,35.0,1.17,14.0,0.3,-10.7,-1.8,0.1,-4.2,35.0,6.0,14.0,0.3,3.23,4.25,5.26,4.25,2.0,2.11,30.0,0.0,27.7,32.0,36.4,32.0,2.0,9.0,30.0,0.0,0.0,28.5,131.4,37.9,36.0,87.9,14.0,0.3,-5.2,5.5,85.3,30.1,36.0,76.3,14.0,0.3,14.7,46.4,78.1,46.4,2.0,65.7,30.0,0.0,110.3,148.0,185.6,148.0,2.0,78.0,30.0,0.0,,,,,,,,,,,,,,,,,,,,,,,,,,,,,,,,
1891,8,22700,48.6,12.4,,,,,,,,,,,,,,,,,,,,,,,,,,,,,,,,,,,,,,,,,,,,,,,,,,,,,,,,,,,,,,,,,,,,,,,,,,,,,,,,,,,,,,,,,,,,,,,,,,,,,,,,,,,,,,,,,,,,,,,,,,,,,,,,,,,,,,,,,,,,,,,,,,,,,,,,,,,,,,,,,4.3,13.6,22.9,13.6,2.0,19.2,30.0,0.0,25.9,26.4,26.9,26.4,2.0,1.1,30.0,0.0,0.0,17.5,301.0,127.5,38.0,227.5,12.0,0.3,0.0,20.0,300.0,125.0,38.0,230.0,12.0,0.3
1891,8,22700,48.7,6.2,,,,,,,,,,,,,,,,,,,,,,,,,,,,,,,,,9.3,9.3,9.3,9.3,2.0,0.0,6.0,1.0,4.58,4.72,4.86,4.72,2.0,0.3,6.0,1.0,7.93,8.01,8.09,8.01,2.0,0.17,6.0,1.0,1011.95,1012.7,1013.45,1012.7,2.0,1.56,6.0,1.0,,,,,,,,,,,,,,,,,,,,,,,,,,,,,,,,,,,,,,,,,,,,,,,,,,,,,,,,,,,,,,,,,,,,,,,,,,,,,,,,,,,,,,,,,,,,,,,,,,,,,,,,,,,,,,,,,,,,,,,,,,,,,,,,
1891,8,22700,50.0,6.8,,,,,,,,,,,,,,,,,,,,,,,,,,,,,,,,,12.3,12.3,12.3,12.3,1.0,0.0,6.0,1.0,6.88,6.88,6.88,6.88,1.0,0.0,6.0,1.0,10.2,10.2,10.2,10.2,1.0,0.0,6.0,1.0,1006.3,1006.3,1006.3,1006.3,1.0,0.0,6.0,1.0,,,,,,,,,,,,,,,,,,,,,,,,,,,,,,,,,,,,,,,,,,,,,,,,,,,,,,,,,,,,,,,,,,,,,,,,,,,,,,,,,,,,,,,,,,,,,,,,,,,,,,,,,,,,,,,,,,,,,,,,,,,,,,,,
1891,8,22700,50.5,12.2,,,,,,,,,,,,,,,,,,,,,,,,,,,,,,,,,0.0,2.6,12.3,4.7,26.0,5.21,12.0,0.7,-2.62,0.0,1.05,-0.23,26.0,2.72,12.0,0.7,0.0,0.85,11.43,3.84,26.0,5.23,12.0,0.7,1002.59,1004.4,1006.33,1004.57,26.0,2.05,12.0,0.7,,,,,,,,,,,,,,,,,,,,,,,,,,,,,,,,,,,,,,,,,,,,,,,,,,,,,,,,,,,,,,,,,,,,,,,,,,,,,,,,,,,,,,,,,,,,,,,,,,,,,,,,,,,,,,,,,,,,,,,,,,,,,,,,
1891,8,22700,50.6,8.6,,,,,,,,,,,,,,,,,,,,,,,,,,,,,,,,,11.68,12.3,12.3,11.8,6.0,1.22,6.0,0.5,2.08,5.97,8.7,5.46,6.0,3.26,6.0,0.5,8.14,10.01,12.11,9.84,6.0,2.47,6.0,0.5,1005.67,1007.4,1010.35,1008.1,6.0,3.18,6.0,0.5,,,,,,,,,,,,,,,,,,,,,,,,,,,,,,,,,,,,,,,,,,,,,,,,,,,,,,,,,,,,,,,,,,,,,,,,,,,,,,,,,,,,,,,,,,,,,,,,,,,,,,,,,,,,,,,,,,,,,,,,,,,,,,,,
1891,8,22700,50.7,10.5,,,,,,,,,,,,,,,,,,,,,,,,,,,,,,,,,6.7,10.8,13.24,10.39,18.0,3.63,12.0,0.4,3.01,4.77,6.19,4.71,18.0,1.96,12.0,0.4,4.59,8.63,12.57,8.98,18.0,3.86,12.0,0.4,1005.11,1007.2,1008.55,1007.03,17.0,1.65,12.0,0.4,,,,,,,,,,,,,,,,,,,,,,,,,,,,,,,,,,,,,,,,,,,,,,,,,,,,,,,,,,,,,,,,,,,,,,,,,,,,,,,,,,,,,,,,,,,,,,,,,,,,,,,,,,,,,,,,,,,,,,,,,,,,,,,,
1891,8,22700,52.3,8.4,,,,,,,,,,,,,,,,,,,,,,,,,,,,,,,,,10.58,15.4,15.4,13.3,10.0,3.13,16.0,0.7,8.65,10.89,13.05,10.71,10.0,2.47,16.0,0.7,3.97,7.23,10.89,7.44,10.0,3.38,16.0,0.7,1009.33,1010.9,1012.5,1011.11,10.0,2.09,16.0,0.7,,,,,,,,,,,,,,,,,,,,,,,,,,,,,,,,,,,,,,,,,,,,,,,,,,,,,,,,,,,,,,,,,,,,,,,,,,,,,,,,,,,,,,,,,,,,,,,,,,,,,,,,,,,,,,,,,,,,,,,,,,,,,,,,
1891,8,22700,52.5,10.5,,,,,,,,,,,,,,,,,,,,,,,,,,,,,,,,,12.3,12.3,13.92,13.08,4.0,1.55,14.0,0.3,6.99,8.07,8.07,7.56,4.0,1.03,14.0,0.3,9.28,9.28,11.85,10.51,4.0,2.45,14.0,0.3,1002.14,1002.4,1005.59,1003.8,4.0,3.07,14.0,0.3,,,,,,,,,,,,,,,,,,,,,,,,,,,,,,,,,,,,,,,,,,,,,,,,,,,,,,,,,,,,,,,,,,,,,,,,,,,,,,,,,,,,,,,,,,,,,,,,,,,,,,,,,,,,,,,,,,,,,,,,,,,,,,,,
1891,8,22700,52.5,12.3,,,,,,,,,,,,,,,,,,,,,,,,,,,,,,,,,6.5,12.3,15.4,10.31,13.0,4.07,14.0,0.3,-3.49,0.0,6.07,1.59,13.0,4.71,14.0,0.3,4.72,8.7,14.19,9.09,13.0,4.17,14.0,0.3,1003.69,1006.3,1006.87,1005.56,13.0,1.81,14.0,0.3,,,,,,,,,,,,,,,,,,,,,,,,,,,,,,,,,,,,,,,,,,,,,,,,,,,,,,,,,,,,,,,,,,,,,,,,,,,,,,,,,,,,,,,,,,,,,,,,,,,,,,,,,,,,,,,,,,,,,,,,,,,,,,,,
1891,8,22700,52.6,6.6,,,,,,,,,,,,,,,,,,,,,,,,,,,,,,,,,9.3,12.3,15.4,12.34,12.0,2.91,14.0,0.4,6.58,10.89,12.14,10.08,12.0,2.73,14.0,0.4,4.32,6.17,10.89,6.68,12.0,2.76,14.0,0.4,1010.12,1013.2,1013.95,1012.42,9.0,2.38,12.0,0.3,,,,,,,,,,,,,,,,,,,,,,,,,,,,,,,,,,,,,,,,,,,,,,,,,,,,,,,,,,,,,,,,,,,,,,,,,,,,,,,,,,,,,,,,,,,,,,,,,,,,,,,,,,,,,,,,,,,,,,,,,,,,,,,,
1891,8,22700,52.8,4.8,,,,,,,,,,,,,,,,,,,,,,,,,,,,,,,,,9.78,10.8,11.82,10.8,2.0,2.12,8.0,0.5,8.63,8.66,8.69,8.66,2.0,0.05,8.0,0.5,4.31,6.09,7.87,6.09,2.0,3.69,8.0,0.5,1010.88,1011.7,1012.52,1011.7,2.0,1.7,8.0,0.5,,,,,,,,,,,,,,,,,,,,,,,,,,,,,,,,,,,,,,,,,,,,,,,,,,,,,,,,,,,,,,,,,,,,,,,,,,,,,,,,,,,,,,,,,,,,,,,,,,,,,,,,,,,,,,,,,,,,,,,,,,,,,,,,
1891,8,22700,54.2,10.1,,,,,,,,,,,,,,,,,,,,,,,,,,,,,,,,,12.3,12.3,12.3,12.3,2.0,0.0,12.0,0.5,8.07,8.07,8.07,8.07,2.0,0.0,12.0,0.5,9.28,9.28,9.28,9.28,2.0,0.0,12.0,0.5,1004.42,1005.75,1007.08,1005.75,2.0,2.76,12.0,0.5,,,,,,,,,,,,,,,,,,,,,,,,,,,,,,,,,,,,,,,,,,,,,,,,,,,,,,,,,,,,,,,,,,,,,,,,,,,,,,,,,,,,,,,,,,,,,,,,,,,,,,,,,,,,,,,,,,,,,,,,,,,,,,,,
1891,8,22700,54.3,6.3,,,,,,,,,,,,,,,,,,,,,,,,,,,,,,,,,10.73,12.3,13.92,12.33,4.0,2.49,16.0,0.3,8.66,9.79,11.16,9.9,4.0,1.45,16.0,0.3,4.02,6.65,9.85,6.92,4.0,3.47,16.0,0.3,1010.73,1012.2,1013.3,1012.03,4.0,1.52,16.0,0.3,,,,,,,,,,,,,,,,,,,,,,,,,,,,,,,,,,,,,,,,,,,,,,,,,,,,,,,,,,,,,,,,,,,,,,,,,,,,,,,,,,,,,,,,,,,,,,,,,,,,,,,,,,,,,,,,,,,,,,,,,,,,,,,,
1891,8,22700,54.4,12.4,,,,,,,,,,,,,,,,,,,,,,,,,,,,,,,,,9.05,15.4,19.0,13.48,13.0,4.43,14.0,0.7,0.0,6.02,8.91,4.82,13.0,5.05,14.0,0.7,8.44,12.3,15.6,11.63,13.0,4.38,14.0,0.7,1004.27,1006.95,1009.28,1007.11,12.0,2.97,14.0,0.7,,,,,,,,,,,,,,,,,,,,,,,,,,,,,,,,,,,,,,,,,,,,,,,,,,,,,,,,,,,,,,,,,,,,,,,,,,,,,,,,,,,,,,,,,,,,,,,,,,,,,,,,,,,,,,,,,,,,,,,,,,,,,,,,
1891,8,22700,54.5,4.5,,,,,,,,,,,,,,,,,,,,,,,,,,,,,,,,,6.86,9.3,9.3,8.96,14.0,1.46,12.0,0.6,6.24,8.62,8.62,7.67,14.0,1.16,12.0,0.6,2.57,3.48,6.58,4.31,14.0,1.94,12.0,0.6,1011.0,1013.1,1014.73,1012.9,10.0,1.71,10.0,0.6,,,,,,,,,,,,,,,,,,,,,,,,,,,,,,,,,,,,,,,,,,,,,,,,,,,,,,,,,,,,,,,,,,,,,,,,,,,,,,,,,,,,,,,,,,,,,,,,,,,,,,,,,,,,,,,,,,,,,,,,,,,,,,,,
1891,8,22700,54.6,8.8,,,,,,,,,,,,,,,,,,,,,,,,,,,,,,,,,9.78,10.8,11.82,10.8,2.0,2.12,12.0,1.0,6.52,7.15,7.78,7.15,2.0,1.31,12.0,1.0,7.29,8.1,8.91,8.1,2.0,1.68,12.0,1.0,1007.97,1008.55,1009.13,1008.55,2.0,1.2,12.0,1.0,,,,,,,,,,,,,,,,,,,,,,,,,,,,,,,,,,,,,,,,,,,,,,,,,,,,,,,,,,,,,,,,,,,,,,,,,,,,,,,,,,,,,,,,,,,,,,,,,,,,,,,,,,,,,,,,,,,,,,,,,,,,,,,,
1891,8,22700,54.8,2.5,,,,,,,,,,,,,,,,,,,,,,,,,,,,,,,,,4.83,8.0,9.3,7.23,8.0,2.57,16.0,0.1,3.58,7.42,8.62,6.4,8.0,2.9,16.0,0.1,2.51,3.37,3.48,3.08,8.0,0.51,16.0,0.1,1010.49,1011.3,1014.14,1012.1,5.0,1.91,8.0,0.2,,,,,,,,,,,,,,,,,,,,,,,,,,,,,,,,,,,,,,,,,,,,,,,,,,,,,,,,,,,,,,,,,,,,,,,,,,,,,,,,,,,,,,,,,,,,,,,,,,,,,,,,,,,,,,,,,,,,,,,,,,,,,,,,
1891,8,22700,56.4,2.4,,,,,,,,,,,,,,,,,,,,,,,,,,,,,,,,,4.6,6.7,6.7,6.29,9.0,1.52,12.0,0.2,-0.02,6.21,6.57,4.43,9.0,3.68,12.0,0.2,0.68,2.51,4.27,2.7,9.0,1.74,12.0,0.2,1012.2,1013.2,1013.62,1013.02,6.0,0.84,10.0,0.3,,,,,,,,,,,,,,,,,,,,,,,,,,,,,,,,,,,,,,,,,,,,,,,,,,,,,,,,,,,,,,,,,,,,,,,,,,,,,,,,,,,,,,,,,,,,,,,,,,,,,,,,,,,,,,,,,,,,,,,,,,,,,,,,
1891,8,22700,56.4,4.4,,,,,,,,,,,,,,,,,,,,,,,,,,,,,,,,,10.25,12.3,12.3,11.3,3.0,1.73,24.0,1.0,7.25,8.7,10.55,8.89,3.0,2.42,24.0,1.0,5.23,6.58,8.02,6.63,3.0,2.05,24.0,1.0,1012.62,1013.3,1013.37,1013.0,3.0,0.61,24.0,1.0,,,,,,,,,,,,,,,,,,,,,,,,,,,,,,,,,,,,,,,,,,,,,,,,,,,,,,,,,,,,,,,,,,,,,,,,,,,,,,,,,,,,,,,,,,,,,,,,,,,,,,,,,,,,,,,,,,,,,,,,,,,,,,,,
1891,8,22700,56.4,8.4,,,,,,,,,,,,,,,,,,,,,,,,,,,,,,,,,4.6,4.6,7.81,6.17,3.0,2.71,12.0,0.0,3.08,3.08,5.22,4.13,3.0,1.82,12.0,0.0,3.42,3.42,5.8,4.58,3.0,2.02,12.0,0.0,1009.49,1011.2,1011.34,1010.43,3.0,1.5,12.0,0.0,,,,,,,,,,,,,,,,,,,,,,,,,,,,,,,,,,,,,,,,,,,,,,,,,,,,,,,,,,,,,,,,,,,,,,,,,,,,,,,,,,,,,,,,,,,,,,,,,,,,,,,,,,,,,,,,,,,,,,,,,,,,,,,,
1891,8,22700,56.5,12.4,,,,,,,,,,,,,,,,,,,,,,,,,,,,,,,,,12.3,15.4,19.0,16.13,15.0,4.34,16.0,0.3,6.14,7.42,8.8,8.08,15.0,2.73,16.0,0.3,8.7,14.18,17.49,13.65,15.0,4.54,16.0,0.3,1005.05,1007.6,1010.43,1007.81,15.0,2.52,16.0,0.3,,,,,,,,,,,,,,,,,,,,,,,,,,,,,,,,,,,,,,,,,,,,,,,,,,,,,,,,,,,,,,,,,,,,,,,,,,,,,,,,,,,,,,,,,,,,,,,,,,,,,,,,,,,,,,,,,,,,,,,,,,,,,,,,
1891,8,22700,56.6,0.5,,,,,,,,,,,,,,,,,,,,,,,,,,,,,,,,,5.66,6.7,9.3,6.67,12.0,2.21,16.0,0.8,0.73,6.21,8.62,4.61,12.0,4.03,16.0,0.8,1.62,2.51,5.11,3.08,12.0,1.89,16.0,0.8,1012.05,1013.0,1013.61,1012.77,7.0,0.93,8.0,0.7,,,,,,,,,,,,,,,,,,,,,,,,,,,,,,,,,,,,,,,,,,,,,,,,,,,,,,,,,,,,,,,,,,,,,,,,,,,,,,,,,,,,,,,,,,,,,,,,,,,,,,,,,,,,,,,,,,,,,,,,,,,,,,,,
1891,8,22700,58.0,8.0,,,,,,,,,,,,,,,,,,,,,,,,,,,,,,,,,6.7,6.7,6.7,6.7,1.0,0.0,12.0,1.0,4.48,4.48,4.48,4.48,1.0,0.0,12.0,1.0,4.98,4.98,4.98,4.98,1.0,0.0,12.0,1.0,1012.3,1012.3,1012.3,1012.3,1.0,0.0,12.0,1.0,,,,,,,,,,,,,,,,,,,,,,,,,,,,,,,,,,,,,,,,,,,,,,,,,,,,,,,,,,,,,,,,,,,,,,,,,,,,,,,,,,,,,,,,,,,,,,,,,,,,,,,,,,,,,,,,,,,,,,,,,,,,,,,,
1891,8,22700,58.5,0.3,,,,,,,,,,,,,,,,,,,,,,,,,,,,,,,,,3.77,4.6,6.7,5.24,11.0,1.97,10.0,0.5,1.82,3.25,4.74,3.19,11.0,1.76,10.0,0.5,2.67,3.25,5.5,3.71,11.0,2.15,10.0,0.5,1012.42,1012.85,1013.38,1012.66,8.0,0.96,6.0,0.4,,,,,,,,,,,,,,,,,,,,,,,,,,,,,,,,,,,,,,,,,,,,,,,,,,,,,,,,,,,,,,,,,,,,,,,,,,,,,,,,,,,,,,,,,,,,,,,,,,,,,,,,,,,,,,,,,,,,,,,,,,,,,,,,
1891,8,22700,58.5,2.4,,,,,,,,,,,,,,,,,,,,,,,,,,,,,,,,,2.6,3.6,4.6,3.6,4.0,1.15,22.0,0.5,1.84,2.55,3.78,2.8,4.0,1.18,22.0,0.5,1.78,1.84,2.58,2.16,4.0,0.73,22.0,0.5,1013.16,1013.3,1013.64,1013.4,3.0,0.36,24.0,0.3,,,,,,,,,,,,,,,,,,,,,,,,,,,,,,,,,,,,,,,,,,,,,,,,,,,,,,,,,,,,,,,,,,,,,,,,,,,,,,,,,,,,,,,,,,,,,,,,,,,,,,,,,,,,,,,,,,,,,,,,,,,,,,,,
1891,8,22700,58.6,-1.2,,,,,,,,,,,,,,,,,,,,,,,,,,,,,,,,,3.55,4.6,5.7,4.63,4.0,1.67,20.0,0.3,2.09,2.51,2.95,2.52,4.0,0.6,20.0,0.3,2.06,3.74,5.25,3.66,4.0,2.16,20.0,0.3,1011.5,1011.7,1011.9,1011.7,2.0,0.42,10.0,0.0,,,,,,,,,,,,,,,,,,,,,,,,,,,,,,,,,,,,,,,,,,,,,,,,,,,,,,,,,,,,,,,,,,,,,,,,,,,,,,,,,,,,,,,,,,,,,,,,,,,,,,,,,,,,,,,,,,,,,,,,,,,,,,,,
1891,8,22700,58.6,6.7,,,,,,,,,,,,,,,,,,,,,,,,,,,,,,,,,6.7,6.7,6.7,6.7,3.0,0.0,12.0,0.7,4.51,4.57,4.57,4.54,3.0,0.05,12.0,0.7,4.9,4.9,4.95,4.93,3.0,0.05,12.0,0.7,1011.42,1012.1,1012.51,1011.97,3.0,0.81,12.0,0.7,,,,,,,,,,,,,,,,,,,,,,,,,,,,,,,,,,,,,,,,,,,,,,,,,,,,,,,,,,,,,,,,,,,,,,,,,,,,,,,,,,,,,,,,,,,,,,,,,,,,,,,,,,,,,,,,,,,,,,,,,,,,,,,,
1891,8,22700,58.6,12.3,,,,,,,,,,,,,,,,,,,,,,,,,,,,,,,,,13.63,15.4,17.46,15.86,10.0,3.02,12.0,0.5,5.32,9.79,10.89,8.65,10.0,4.37,12.0,0.5,10.89,11.11,15.73,12.66,10.0,2.87,12.0,0.5,1005.83,1009.4,1010.57,1008.6,10.0,2.42,12.0,0.5,,,,,,,,,,,,,,,,,,,,,,,,,,,,,,,,,,,,,,,,,,,,,,,,,,,,,,,,,,,,,,,,,,,,,,,,,,,,,,,,,,,,,,,,,,,,,,,,,,,,,,,,,,,,,,,,,,,,,,,,,,,,,,,,
1891,8,22700,60.3,2.3,,,,,,,,,,,,,,,,,,,,,,,,,,,,,,,,,2.6,2.6,2.6,2.6,1.0,0.0,24.0,1.0,1.02,1.02,1.02,1.02,1.0,0.0,24.0,1.0,2.39,2.39,2.39,2.39,1.0,0.0,24.0,1.0,1013.0,1013.0,1013.0,1013.0,1.0,0.0,24.0,1.0,,,,,,,,,,,,,,,,,,,,,,,,,,,,,,,,,,,,,,,,,,,,,,,,,,,,,,,,,,,,,,,,,,,,,,,,,,,,,,,,,,,,,,,,,,,,,,,,,,,,,,,,,,,,,,,,,,,,,,,,,,,,,,,,
1891,8,22700,60.3,6.2,,,,,,,,,,,,,,,,,,,,,,,,,,,,,,,,,6.7,6.7,6.7,6.7,2.0,0.0,12.0,0.0,4.57,4.57,4.57,4.57,2.0,0.0,12.0,0.0,4.9,4.9,4.9,4.9,2.0,0.0,12.0,0.0,1011.12,1011.8,1012.48,1011.8,2.0,1.41,12.0,0.0,,,,,,,,,,,,,,,,,,,,,,,,,,,,,,,,,,,,,,,,,,,,,,,,,,,,,,,,,,,,,,,,,,,,,,,,,,,,,,,,,,,,,,,,,,,,,,,,,,,,,,,,,,,,,,,,,,,,,,,,,,,,,,,,
1891,8,22700,60.4,0.4,,,,,,,,,,,,,,,,,,,,,,,,,,,,,,,,,2.6,2.6,3.97,3.27,3.0,1.15,18.0,0.3,1.28,1.84,2.8,2.04,3.0,1.13,18.0,0.3,2.01,2.39,2.98,2.49,3.0,0.71,18.0,0.3,1013.1,1013.3,1013.5,1013.3,2.0,0.42,20.0,0.5,,,,,,,,,,,,,,,,,,,,,,,,,,,,,,,,,,,,,,,,,,,,,,,,,,,,,,,,,,,,,,,,,,,,,,,,,,,,,,,,,,,,,,,,,,,,,,,,,,,,,,,,,,,,,,,,,,,,,,,,,,,,,,,,
1891,8,22700,60.4,12.5,,,,,,,,,,,,,,,,,,,,,,,,,,,,,,,,,8.76,12.3,12.94,11.38,6.0,3.0,20.0,0.5,4.79,7.64,11.0,7.85,6.0,2.94,20.0,0.5,4.71,7.64,10.98,7.81,6.0,2.96,20.0,0.5,1008.85,1010.5,1011.38,1009.88,6.0,2.21,20.0,0.5,,,,,,,,,,,,,,,,,,,,,,,,,,,,,,,,,,,,,,,,,,,,,,,,,,,,,,,,,,,,,,,,,,,,,,,,,,,,,,,,,,,,,,,,,,,,,,,,,,,,,,,,,,,,,,,,,,,,,,,,,,,,,,,,
1891,8,22700,60.5,-1.5,,,,,,,,,,,,,,,,,,,,,,,,,,,,,,,,,2.19,4.6,6.7,4.53,12.0,2.08,14.0,0.7,0.53,3.25,4.39,2.71,12.0,1.94,14.0,0.7,1.46,3.25,5.1,3.18,12.0,1.97,14.0,0.7,1011.63,1012.2,1013.09,1012.24,8.0,0.86,6.0,0.8,,,,,,,,,,,,,,,,,,,,,,,,,,,,,,,,,,,,,,,,,,,,,,,,,,,,,,,,,,,,,,,,,,,,,,,,,,,,,,,,,,,,,,,,,,,,,,,,,,,,,,,,,,,,,,,,,,,,,,,,,,,,,,,,
1891,8,22700,60.6,4.5,,,,,,,,,,,,,,,,,,,,,,,,,,,,,,,,,4.6,5.65,6.7,5.65,4.0,1.21,26.0,0.8,3.59,3.92,4.27,3.93,4.0,0.51,26.0,0.8,2.8,4.05,5.17,3.99,4.0,1.4,26.0,0.8,1005.13,1005.5,1010.01,1007.48,4.0,4.43,26.0,0.8,,,,,,,,,,,,,,,,,,,,,,,,,,,,,,,,,,,,,,,,,,,,,,,,,,,,,,,,,,,,,,,,,,,,,,,,,,,,,,,,,,,,,,,,,,,,,,,,,,,,,,,,,,,,,,,,,,,,,,,,,,,,,,,,
1891,8,22700,60.7,10.8,,,,,,,,,,,,,,,,,,,,,,,,,,,,,,,,,9.18,9.3,12.45,10.66,7.0,2.86,16.0,0.6,4.8,6.58,8.8,6.98,7.0,2.18,16.0,0.6,6.49,6.58,10.91,7.91,7.0,2.47,16.0,0.6,1007.07,1009.1,1010.7,1008.87,7.0,1.69,16.0,0.6,,,,,,,,,,,,,,,,,,,,,,,,,,,,,,,,,,,,,,,,,,,,,,,,,,,,,,,,,,,,,,,,,,,,,,,,,,,,,,,,,,,,,,,,,,,,,,,,,,,,,,,,,,,,,,,,,,,,,,,,,,,,,,,,
1891,8,22700,62.4,-1.3,,,,,,,,,,,,,,,,,,,,,,,,,,,,,,,,,1.18,4.6,6.7,4.11,8.0,2.66,12.0,0.6,1.02,2.55,6.05,3.12,8.0,2.38,12.0,0.6,0.2,2.51,4.13,2.34,8.0,1.83,12.0,0.6,1011.74,1011.95,1012.37,1012.05,4.0,0.47,4.0,0.5,,,,,,,,,,,,,,,,,,,,,,,,,,,,,,,,,,,,,,,,,,,,,,,,,,,,,,,,,,,,,,,,,,,,,,,,,,,,,,,,,,,,,,,,,,,,,,,,,,,,,,,,,,,,,,,,,,,,,,,,,,,,,,,,
1891,8,22700,62.4,0.4,,,,,,,,,,,,,,,,,,,,,,,,,,,,,,,,,2.6,2.6,2.6,2.6,3.0,0.0,22.0,0.0,0.0,0.0,0.0,0.0,3.0,0.0,22.0,0.0,2.6,2.6,2.6,2.6,3.0,0.0,22.0,0.0,1013.33,1013.6,1013.74,1013.53,3.0,0.31,22.0,0.0,,,,,,,,,,,,,,,,,,,,,,,,,,,,,,,,,,,,,,,,,,,,,,,,,,,,,,,,,,,,,,,,,,,,,,,,,,,,,,,,,,,,,,,,,,,,,,,,,,,,,,,,,,,,,,,,,,,,,,,,,,,,,,,,
1891,8,22700,62.4,4.3,,,,,,,,,,,,,,,,,,,,,,,,,,,,,,,,,2.02,2.6,2.6,2.28,5.0,0.72,16.0,0.6,0.72,0.93,1.56,1.14,5.0,0.75,16.0,0.6,1.01,2.36,2.43,1.84,5.0,0.77,16.0,0.6,1011.91,1012.8,1013.69,1012.8,4.0,1.31,14.0,0.5,,,,,,,,,,,,,,,,,,,,,,,,,,,,,,,,,,,,,,,,,,,,,,,,,,,,,,,,,,,,,,,,,,,,,,,,,,,,,,,,,,,,,,,,,,,,,,,,,,,,,,,,,,,,,,,,,,,,,,,,,,,,,,,,
1891,8,22700,62.5,10.7,,,,,,,,,,,,,,,,,,,,,,,,,,,,,,,,,6.7,9.3,10.54,9.14,11.0,1.95,12.0,0.4,4.74,6.58,6.58,5.67,11.0,2.21,12.0,0.4,4.74,6.58,7.45,6.79,11.0,2.17,12.0,0.4,1007.62,1010.7,1011.2,1009.83,11.0,1.63,12.0,0.4,,,,,,,,,,,,,,,,,,,,,,,,,,,,,,,,,,,,,,,,,,,,,,,,,,,,,,,,,,,,,,,,,,,,,,,,,,,,,,,,,,,,,,,,,,,,,,,,,,,,,,,,,,,,,,,,,,,,,,,,,,,,,,,,
1891,8,22700,62.6,-3.2,,,,,,,,,,,,,,,,,,,,,,,,,,,,,,,,,1.0,1.0,4.6,2.44,5.0,1.97,18.0,0.2,-0.87,0.0,0.66,-0.06,5.0,1.26,18.0,0.2,0.97,1.0,4.25,2.29,5.0,1.79,18.0,0.2,1011.1,1011.3,1011.64,1011.37,3.0,0.4,10.0,0.0,,,,,,,,,,,,,,,,,,,,,,,,,,,,,,,,,,,,,,,,,,,,,,,,,,,,,,,,,,,,,,,,,,,,,,,,,,,,,,,,,,,,,,,,,,,,,,,,,,,,,,,,,,,,,,,,,,,,,,,,,,,,,,,,
1891,8,22700,62.6,12.6,,,,,,,,,,,,,,,,,,,,,,,,,,,,,,,,,9.3,9.3,11.35,10.3,3.0,1.73,24.0,0.7,6.58,6.58,8.02,7.28,3.0,1.22,24.0,0.7,6.58,6.58,8.02,7.28,3.0,1.22,24.0,0.7,1010.36,1012.2,1013.02,1011.7,3.0,2.0,24.0,0.7,,,,,,,,,,,,,,,,,,,,,,,,,,,,,,,,,,,,,,,,,,,,,,,,,,,,,,,,,,,,,,,,,,,,,,,,,,,,,,,,,,,,,,,,,,,,,,,,,,,,,,,,,,,,,,,,,,,,,,,,,,,,,,,,
1891,8,22700,64.5,-3.2,,,,,,,,,,,,,,,,,,,,,,,,,,,,,,,,,1.0,2.6,2.6,2.07,6.0,0.83,18.0,0.7,-0.97,-0.67,0.0,-0.55,6.0,0.48,18.0,0.7,0.98,2.41,2.45,1.96,6.0,0.78,18.0,0.7,1010.88,1011.7,1012.59,1011.73,3.0,1.25,8.0,0.7,,,,,,,,,,,,,,,,,,,,,,,,,,,,,,,,,,,,,,,,,,,,,,,,,,,,,,,,,,,,,,,,,,,,,,,,,,,,,,,,,,,,,,,,,,,,,,,,,,,,,,,,,,,,,,,,,,,,,,,,,,,,,,,,
1891,8,22700,64.5,2.4,,,,,,,,,,,,,,,,,,,,,,,,,,,,,,,,,0.0,2.6,4.7,2.36,7.0,2.6,20.0,0.9,0.0,0.67,3.4,1.28,7.0,1.78,20.0,0.9,-1.85,0.0,2.51,-0.35,7.0,2.83,20.0,0.9,1010.53,1011.6,1012.51,1011.53,4.0,1.17,14.0,0.8,,,,,,,,,,,,,,,,,,,,,,,,,,,,,,,,,,,,,,,,,,,,,,,,,,,,,,,,,,,,,,,,,,,,,,,,,,,,,,,,,,,,,,,,,,,,,,,,,,,,,,,,,,,,,,,,,,,,,,,,,,,,,,,,
1891,8,22700,64.5,10.4,,,,,,,,,,,,,,,,,,,,,,,,,,,,,,,,,6.7,9.3,9.59,8.56,13.0,2.07,12.0,0.6,6.07,6.58,8.89,7.24,13.0,2.17,12.0,0.6,2.51,4.61,6.58,4.26,13.0,1.59,12.0,0.6,1008.89,1010.5,1011.73,1010.44,13.0,1.73,12.0,0.6,,,,,,,,,,,,,,,,,,,,,,,,,,,,,,,,,,,,,,,,,,,,,,,,,,,,,,,,,,,,,,,,,,,,,,,,,,,,,,,,,,,,,,,,,,,,,,,,,,,,,,,,,,,,,,,,,,,,,,,,,,,,,,,,
1891,8,22700,64.6,-1.4,,,,,,,,,,,,,,,,,,,,,,,,,,,,,,,,,2.82,4.6,6.7,4.89,8.0,1.71,14.0,0.5,1.8,3.25,4.74,3.36,8.0,1.78,14.0,0.5,2.41,3.25,4.68,3.37,8.0,1.11,14.0,0.5,1011.72,1012.7,1013.89,1012.87,6.0,1.31,12.0,0.7,,,,,,,,,,,,,,,,,,,,,,,,,,,,,,,,,,,,,,,,,,,,,,,,,,,,,,,,,,,,,,,,,,,,,,,,,,,,,,,,,,,,,,,,,,,,,,,,,,,,,,,,,,,,,,,,,,,,,,,,,,,,,,,,
1891,8,22700,64.6,0.5,,,,,,,,,,,,,,,,,,,,,,,,,,,,,,,,,4.6,4.6,4.6,4.6,2.0,0.0,26.0,0.5,0.72,2.28,3.83,2.28,2.0,3.22,26.0,0.5,1.27,2.62,3.97,2.62,2.0,2.8,26.0,0.5,1013.2,1013.2,1013.2,1013.2,1.0,0.0,22.0,1.0,,,,,,,,,,,,,,,,,,,,,,,,,,,,,,,,,,,,,,,,,,,,,,,,,,,,,,,,,,,,,,,,,,,,,,,,,,,,,,,,,,,,,,,,,,,,,,,,,,,,,,,,,,,,,,,,,,,,,,,,,,,,,,,,
1891,8,22700,64.6,12.3,,,,,,,,,,,,,,,,,,,,,,,,,,,,,,,,,7.53,9.3,9.3,8.43,3.0,1.5,24.0,0.3,6.33,6.58,7.97,7.14,3.0,1.3,24.0,0.3,2.82,3.48,5.59,4.19,3.0,2.12,24.0,0.3,1008.67,1011.2,1012.43,1010.57,3.0,2.8,24.0,0.3,,,,,,,,,,,,,,,,,,,,,,,,,,,,,,,,,,,,,,,,,,,,,,,,,,,,,,,,,,,,,,,,,,,,,,,,,,,,,,,,,,,,,,,,,,,,,,,,,,,,,,,,,,,,,,,,,,,,,,,,,,,,,,,,
1891,8,22700,66.2,2.2,,,,,,,,,,,,,,,,,,,,,,,,,,,,,,,,,4.6,4.6,4.6,4.6,1.0,0.0,14.0,0.0,4.29,4.29,4.29,4.29,1.0,0.0,14.0,0.0,-1.65,-1.65,-1.65,-1.65,1.0,0.0,14.0,0.0,1012.5,1012.5,1012.5,1012.5,1.0,0.0,14.0,0.0,,,,,,,,,,,,,,,,,,,,,,,,,,,,,,,,,,,,,,,,,,,,,,,,,,,,,,,,,,,,,,,,,,,,,,,,,,,,,,,,,,,,,,,,,,,,,,,,,,,,,,,,,,,,,,,,,,,,,,,,,,,,,,,,
1891,8,22700,66.5,-3.6,,,,,,,,,,,,,,,,,,,,,,,,,,,,,,,,,0.95,1.0,2.7,1.83,7.0,1.54,18.0,0.3,-0.71,0.0,0.16,0.26,7.0,1.36,18.0,0.3,0.67,1.0,2.63,1.55,7.0,1.24,18.0,0.3,1011.18,1012.2,1012.54,1011.87,3.0,1.04,8.0,0.0,,,,,,,,,,,,,,,,,,,,,,,,,,,,,,,,,,,,,,,,,,,,,,,,,,,,,,,,,,,,,,,,,,,,,,,,,,,,,,,,,,,,,,,,,,,,,,,,,,,,,,,,,,,,,,,,,,,,,,,,,,,,,,,,
1891,8,22700,66.5,-1.4,,,,,,,,,,,,,,,,,,,,,,,,,,,,,,,,,4.6,4.6,4.6,4.61,8.0,1.1,14.0,0.4,2.0,3.25,4.15,3.21,8.0,1.02,14.0,0.4,2.0,3.25,4.13,3.19,8.0,1.03,14.0,0.4,1012.7,1013.0,1013.7,1013.39,7.0,1.05,14.0,0.3,,,,,,,,,,,,,,,,,,,,,,,,,,,,,,,,,,,,,,,,,,,,,,,,,,,,,,,,,,,,,,,,,,,,,,,,,,,,,,,,,,,,,,,,,,,,,,,,,,,,,,,,,,,,,,,,,,,,,,,,,,,,,,,,
1891,8,22700,66.5,10.3,,,,,,,,,,,,,,,,,,,,,,,,,,,,,,,,,6.7,6.7,6.7,6.63,14.0,1.63,16.0,0.6,4.74,6.21,6.21,5.64,14.0,1.54,16.0,0.6,1.88,2.51,4.74,2.88,14.0,2.11,16.0,0.6,1009.04,1010.3,1012.49,1010.83,14.0,1.62,16.0,0.6,,,,,,,,,,,,,,,,,,,,,,,,,,,,,,,,,,,,,,,,,,,,,,,,,,,,,,,,,,,,,,,,,,,,,,,,,,,,,,,,,,,,,,,,,,,,,,,,,,,,,,,,,,,,,,,,,,,,,,,,,,,,,,,,
1891,8,22700,66.7,0.5,,,,,,,,,,,,,,,,,,,,,,,,,,,,,,,,,3.86,5.65,7.24,5.48,6.0,2.8,22.0,0.5,2.56,3.24,7.12,4.27,6.0,3.05,22.0,0.5,-3.11,0.93,3.36,0.06,6.0,3.57,22.0,0.5,1011.88,1012.9,1013.04,1012.47,3.0,0.93,14.0,0.3,,,,,,,,,,,,,,,,,,,,,,,,,,,,,,,,,,,,,,,,,,,,,,,,,,,,,,,,,,,,,,,,,,,,,,,,,,,,,,,,,,,,,,,,,,,,,,,,,,,,,,,,,,,,,,,,,,,,,,,,,,,,,,,,
1891,8,22700,66.8,8.8,,,,,,,,,,,,,,,,,,,,,,,,,,,,,,,,,4.6,5.65,6.7,5.65,4.0,1.21,8.0,0.0,4.27,4.5,5.77,4.99,4.0,1.16,8.0,0.0,0.82,1.72,3.3,2.05,4.0,1.97,8.0,0.0,1010.65,1011.4,1012.2,1011.43,4.0,0.9,8.0,0.0,,,,,,,,,,,,,,,,,,,,,,,,,,,,,,,,,,,,,,,,,,,,,,,,,,,,,,,,,,,,,,,,,,,,,,,,,,,,,,,,,,,,,,,,,,,,,,,,,,,,,,,,,,,,,,,,,,,,,,,,,,,,,,,,
1891,8,22700,68.4,-3.6,,,,,,,,,,,,,,,,,,,,,,,,,,,,,,,,,1.0,1.8,8.78,3.6,8.0,3.78,16.0,0.6,-0.71,0.0,0.0,-0.29,8.0,0.81,16.0,0.6,0.41,1.27,8.78,3.35,8.0,3.94,16.0,0.6,1011.15,1012.2,1014.76,1012.82,5.0,2.22,10.0,0.6,,,,,,,,,,,,,,,,,,,,,,,,,,,,,,,,,,,,,,,,,,,,,,,,,,,,,,,,,,,,,,,,,,,,,,,,,,,,,,,,,,,,,,,,,,,,,,,,,,,,,,,,,,,,,,,,,,,,,,,,,,,,,,,,
1891,8,22700,68.5,-1.4,,,,,,,,,,,,,,,,,,,,,,,,,,,,,,,,,2.52,2.6,4.6,3.23,7.0,1.4,22.0,0.6,0.55,1.02,2.31,1.13,7.0,1.28,22.0,0.6,-4.45,-0.68,1.87,-1.35,7.0,2.98,22.0,0.6,1013.05,1013.25,1013.87,1013.45,4.0,0.59,16.0,0.8,,,,,,,,,,,,,,,,,,,,,,,,,,,,,,,,,,,,,,,,,,,,,,,,,,,,,,,,,,,,,,,,,,,,,,,,,,,,,,,,,,,,,,,,,,,,,,,,,,,,,,,,,,,,,,,,,,,,,,,,,,,,,,,,
1891,8,22700,68.5,8.8,,,,,,,,,,,,,,,,,,,,,,,,,,,,,,,,,0.75,2.6,4.6,2.88,12.0,2.0,14.0,0.5,0.53,2.41,4.27,2.46,12.0,1.58,14.0,0.5,0.0,0.97,1.72,0.79,12.0,1.8,14.0,0.5,1010.5,1011.3,1013.13,1011.63,12.0,1.23,14.0,0.5,,,,,,,,,,,,,,,,,,,,,,,,,,,,,,,,,,,,,,,,,,,,,,,,,,,,,,,,,,,,,,,,,,,,,,,,,,,,,,,,,,,,,,,,,,,,,,,,,,,,,,,,,,,,,,,,,,,,,,,,,,,,,,,,
1891,8,22700,68.6,0.3,,,,,,,,,,,,,,,,,,,,,,,,,,,,,,,,,1.0,1.0,2.6,1.64,5.0,0.88,10.0,0.6,0.36,0.73,1.84,1.03,5.0,0.76,10.0,0.6,0.34,0.93,1.84,0.97,5.0,1.03,10.0,0.6,1011.33,1012.0,1013.27,1012.18,5.0,1.18,10.0,0.6,,,,,,,,,,,,,,,,,,,,,,,,,,,,,,,,,,,,,,,,,,,,,,,,,,,,,,,,,,,,,,,,,,,,,,,,,,,,,,,,,,,,,,,,,,,,,,,,,,,,,,,,,,,,,,,,,,,,,,,,,,,,,,,,
1891,8,22700,68.6,10.3,,,,,,,,,,,,,,,,,,,,,,,,,,,,,,,,,3.23,4.6,4.6,3.93,3.0,1.15,24.0,0.3,2.98,4.23,4.23,3.62,3.0,1.06,24.0,0.3,-1.8,-1.8,-1.26,-1.54,3.0,0.45,24.0,0.3,1011.25,1011.8,1012.55,1011.9,3.0,0.95,24.0,0.3,,,,,,,,,,,,,,,,,,,,,,,,,,,,,,,,,,,,,,,,,,,,,,,,,,,,,,,,,,,,,,,,,,,,,,,,,,,,,,,,,,,,,,,,,,,,,,,,,,,,,,,,,,,,,,,,,,,,,,,,,,,,,,,,
1891,8,22700,70.5,-3.5,,,,,,,,,,,,,,,,,,,,,,,,,,,,,,,,,0.0,2.6,6.7,3.19,11.0,2.66,16.0,0.3,-0.76,0.0,1.02,0.01,11.0,1.1,16.0,0.3,0.0,2.39,6.7,2.98,11.0,2.7,16.0,0.3,1010.82,1013.7,1014.96,1013.03,9.0,2.29,14.0,0.3,,,,,,,,,,,,,,,,,,,,,,,,,,,,,,,,,,,,,,,,,,,,,,,,,,,,,,,,,,,,,,,,,,,,,,,,,,,,,,,,,,,,,,,,,,,,,,,,,,,,,,,,,,,,,,,,,,,,,,,,,,,,,,,,
1891,8,22700,70.5,8.4,,,,,,,,,,,,,,,,,,,,,,,,,,,,,,,,,0.54,2.6,5.57,3.12,17.0,2.24,16.0,0.6,0.0,2.39,4.27,2.27,17.0,2.39,16.0,0.6,-0.47,0.0,1.84,0.87,17.0,1.84,16.0,0.6,1009.81,1010.7,1012.88,1011.18,17.0,1.51,16.0,0.6,,,,,,,,,,,,,,,,,,,,,,,,,,,,,,,,,,,,,,,,,,,,,,,,,,,,,,,,,,,,,,,,,,,,,,,,,,,,,,,,,,,,,,,,,,,,,,,,,,,,,,,,,,,,,,,,,,,,,,,,,,,,,,,,
1891,8,22700,70.6,-1.3,,,,,,,,,,,,,,,,,,,,,,,,,,,,,,,,,1.0,1.0,1.0,1.0,3.0,0.0,16.0,0.7,0.73,0.73,0.73,0.73,3.0,0.0,16.0,0.7,-0.68,-0.68,-0.68,-0.68,3.0,0.0,16.0,0.7,1012.0,1012.2,1013.09,1012.53,3.0,0.85,16.0,0.7,,,,,,,,,,,,,,,,,,,,,,,,,,,,,,,,,,,,,,,,,,,,,,,,,,,,,,,,,,,,,,,,,,,,,,,,,,,,,,,,,,,,,,,,,,,,,,,,,,,,,,,,,,,,,,,,,,,,,,,,,,,,,,,,
1891,8,22700,70.6,0.3,,,,,,,,,,,,,,,,,,,,,,,,,,,,,,,,,4.6,4.6,6.03,5.3,3.0,1.21,4.0,0.3,3.68,4.6,4.69,4.2,3.0,0.82,4.0,0.3,1.03,3.25,4.27,2.66,3.0,2.42,4.0,0.3,1012.86,1013.2,1013.4,1013.13,3.0,0.4,4.0,0.3,,,,,,,,,,,,,,,,,,,,,,,,,,,,,,,,,,,,,,,,,,,,,,,,,,,,,,,,,,,,,,,,,,,,,,,,,,,,,,,,,,,,,,,,,,,,,,,,,,,,,,,,,,,,,,,,,,,,,,,,,,,,,,,,
1891,8,22700,72.3,-1.8,,,,,,,,,,,,,,,,,,,,,,,,,,,,,,,,,2.6,2.6,3.97,3.27,3.0,1.15,16.0,0.3,-2.95,-1.93,-1.93,-2.43,3.0,0.86,16.0,0.3,1.74,1.74,2.65,2.19,3.0,0.77,16.0,0.3,1011.7,1013.0,1013.14,1012.43,3.0,1.16,16.0,0.3,,,,,,,,,,,,,,,,,,,,,,,,,,,,,,,,,,,,,,,,,,,,,,,,,,,,,,,,,,,,,,,,,,,,,,,,,,,,,,,,,,,,,,,,,,,,,,,,,,,,,,,,,,,,,,,,,,,,,,,,,,,,,,,,
1891,8,22700,72.3,8.3,,,,,,,,,,,,,,,,,,,,,,,,,,,,,,,,,1.0,3.6,4.6,3.38,12.0,1.84,14.0,0.4,-0.18,2.5,4.33,1.82,12.0,2.47,14.0,0.4,-3.25,-0.51,0.78,-0.67,12.0,2.37,14.0,0.4,1009.2,1011.0,1012.83,1010.96,12.0,1.9,14.0,0.4,,,,,,,,,,,,,,,,,,,,,,,,,,,,,,,,,,,,,,,,,,,,,,,,,,,,,,,,,,,,,,,,,,,,,,,,,,,,,,,,,,,,,,,,,,,,,,,,,,,,,,,,,,,,,,,,,,,,,,,,,,,,,,,,
1891,8,22700,72.5,-3.6,,,,,,,,,,,,,,,,,,,,,,,,,,,,,,,,,0.0,1.0,5.59,2.58,9.0,3.3,14.0,0.6,0.0,0.0,0.29,-0.06,9.0,0.78,14.0,0.6,0.0,1.0,5.54,2.45,9.0,3.32,14.0,0.6,1010.74,1012.4,1013.39,1012.19,8.0,1.6,14.0,0.6,,,,,,,,,,,,,,,,,,,,,,,,,,,,,,,,,,,,,,,,,,,,,,,,,,,,,,,,,,,,,,,,,,,,,,,,,,,,,,,,,,,,,,,,,,,,,,,,,,,,,,,,,,,,,,,,,,,,,,,,,,,,,,,,
1891,8,22700,72.6,0.3,,,,,,,,,,,,,,,,,,,,,,,,,,,,,,,,,4.6,4.6,4.6,4.6,3.0,0.0,4.0,0.7,3.25,3.25,3.94,3.59,3.0,0.58,4.0,0.7,2.21,3.25,3.25,2.74,3.0,0.88,4.0,0.7,1012.63,1012.7,1012.77,1012.7,3.0,0.1,4.0,0.7,,,,,,,,,,,,,,,,,,,,,,,,,,,,,,,,,,,,,,,,,,,,,,,,,,,,,,,,,,,,,,,,,,,,,,,,,,,,,,,,,,,,,,,,,,,,,,,,,,,,,,,,,,,,,,,,,,,,,,,,,,,,,,,,
1891,8,22700,72.6,6.8,,,,,,,,,,,,,,,,,,,,,,,,,,,,,,,,,0.63,1.0,5.05,2.78,5.0,3.76,16.0,0.2,0.63,1.0,4.78,2.63,5.0,3.44,16.0,0.2,-1.33,0.0,0.0,-0.73,5.0,1.63,16.0,0.2,1009.37,1011.6,1013.06,1011.4,5.0,2.75,16.0,0.2,,,,,,,,,,,,,,,,,,,,,,,,,,,,,,,,,,,,,,,,,,,,,,,,,,,,,,,,,,,,,,,,,,,,,,,,,,,,,,,,,,,,,,,,,,,,,,,,,,,,,,,,,,,,,,,,,,,,,,,,,,,,,,,,
1891,8,22700,72.8,4.8,,,,,,,,,,,,,,,,,,,,,,,,,,,,,,,,,6.7,6.7,6.7,6.7,1.0,0.0,4.0,1.0,6.7,6.7,6.7,6.7,1.0,0.0,4.0,1.0,0.0,0.0,0.0,0.0,1.0,0.0,4.0,1.0,1008.6,1008.6,1008.6,1008.6,1.0,0.0,4.0,1.0,,,,,,,,,,,,,,,,,,,,,,,,,,,,,,,,,,,,,,,,,,,,,,,,,,,,,,,,,,,,,,,,,,,,,,,,,,,,,,,,,,,,,,,,,,,,,,,,,,,,,,,,,,,,,,,,,,,,,,,,,,,,,,,,
1891,8,22700,74.4,-3.7,,,,,,,,,,,,,,,,,,,,,,,,,,,,,,,,,1.0,1.0,4.6,2.55,11.0,1.99,14.0,0.6,-3.42,0.0,0.0,-0.7,11.0,2.01,14.0,0.6,0.93,1.0,3.15,1.99,11.0,1.45,14.0,0.6,1011.63,1012.9,1013.73,1012.73,11.0,1.2,14.0,0.6,,,,,,,,,,,,,,,,,,,,,,,,,,,,,,,,,,,,,,,,,,,,,,,,,,,,,,,,,,,,,,,,,,,,,,,,,,,,,,,,,,,,,,,,,,,,,,,,,,,,,,,,,,,,,,,,,,,,,,,,,,,,,,,,
1891,8,22700,74.4,0.3,,,,,,,,,,,,,,,,,,,,,,,,,,,,,,,,,4.6,4.6,4.6,4.6,3.0,0.0,4.0,0.3,4.6,4.6,4.6,4.6,3.0,0.0,4.0,0.3,0.0,0.0,0.0,0.0,3.0,0.0,4.0,0.3,1012.33,1012.4,1012.6,1012.47,3.0,0.21,4.0,0.3,,,,,,,,,,,,,,,,,,,,,,,,,,,,,,,,,,,,,,,,,,,,,,,,,,,,,,,,,,,,,,,,,,,,,,,,,,,,,,,,,,,,,,,,,,,,,,,,,,,,,,,,,,,,,,,,,,,,,,,,,,,,,,,,
1891,8,22700,74.5,6.7,,,,,,,,,,,,,,,,,,,,,,,,,,,,,,,,,0.7,2.6,6.7,3.29,18.0,2.73,16.0,0.6,0.49,2.5,5.18,2.91,18.0,2.46,16.0,0.6,-1.69,0.0,0.0,-0.5,18.0,1.9,16.0,0.6,1009.08,1010.1,1011.87,1010.52,18.0,1.91,16.0,0.6,,,,,,,,,,,,,,,,,,,,,,,,,,,,,,,,,,,,,,,,,,,,,,,,,,,,,,,,,,,,,,,,,,,,,,,,,,,,,,,,,,,,,,,,,,,,,,,,,,,,,,,,,,,,,,,,,,,,,,,,,,,,,,,,
1891,8,22700,74.6,-5.2,,,,,,,,,,,,,,,,,,,,,,,,,,,,,,,,,0.63,4.6,6.7,3.8,5.0,3.15,22.0,0.2,-4.98,-4.23,-0.45,-2.98,5.0,2.43,22.0,0.2,0.45,1.8,4.48,2.29,5.0,2.1,22.0,0.2,1012.6,1012.6,1012.6,1012.6,2.0,0.0,18.0,0.0,,,,,,,,,,,,,,,,,,,,,,,,,,,,,,,,,,,,,,,,,,,,,,,,,,,,,,,,,,,,,,,,,,,,,,,,,,,,,,,,,,,,,,,,,,,,,,,,,,,,,,,,,,,,,,,,,,,,,,,,,,,,,,,,
1891,8,22700,76.4,0.3,,,,,,,,,,,,,,,,,,,,,,,,,,,,,,,,,4.6,4.6,4.6,4.6,3.0,0.0,2.0,0.7,3.68,4.6,4.6,4.15,3.0,0.78,2.0,0.7,0.0,0.0,2.22,1.08,3.0,1.88,2.0,0.7,1012.33,1012.4,1012.54,1012.43,3.0,0.15,2.0,0.7,,,,,,,,,,,,,,,,,,,,,,,,,,,,,,,,,,,,,,,,,,,,,,,,,,,,,,,,,,,,,,,,,,,,,,,,,,,,,,,,,,,,,,,,,,,,,,,,,,,,,,,,,,,,,,,,,,,,,,,,,,,,,,,,
1891,8,22700,76.5,-5.4,,,,,,,,,,,,,,,,,,,,,,,,,,,,,,,,,3.68,4.6,5.13,4.35,12.0,1.76,16.0,0.6,-3.63,-2.88,-0.53,-2.16,12.0,2.22,16.0,0.6,1.59,3.25,4.32,3.22,12.0,1.54,16.0,0.6,1010.23,1011.15,1014.37,1012.06,8.0,2.32,12.0,0.6,,,,,,,,,,,,,,,,,,,,,,,,,,,,,,,,,,,,,,,,,,,,,,,,,,,,,,,,,,,,,,,,,,,,,,,,,,,,,,,,,,,,,,,,,,,,,,,,,,,,,,,,,,,,,,,,,,,,,,,,,,,,,,,,
1891,8,22700,76.5,6.3,,,,,,,,,,,,,,,,,,,,,,,,,,,,,,,,,2.6,4.6,6.7,4.41,16.0,2.55,16.0,0.4,2.39,3.74,5.88,3.85,16.0,2.12,16.0,0.4,-3.49,-1.41,0.0,-1.72,16.0,1.96,16.0,0.4,1009.54,1010.35,1011.7,1010.66,16.0,1.56,16.0,0.4,,,,,,,,,,,,,,,,,,,,,,,,,,,,,,,,,,,,,,,,,,,,,,,,,,,,,,,,,,,,,,,,,,,,,,,,,,,,,,,,,,,,,,,,,,,,,,,,,,,,,,,,,,,,,,,,,,,,,,,,,,,,,,,,
1891,8,22700,76.6,-3.7,,,,,,,,,,,,,,,,,,,,,,,,,,,,,,,,,2.6,2.6,3.97,3.27,3.0,1.15,20.0,0.3,-2.22,0.0,0.0,-1.08,3.0,1.88,20.0,0.3,2.6,2.6,3.05,2.82,3.0,0.38,20.0,0.3,1012.03,1012.3,1012.78,1012.4,3.0,0.56,20.0,0.3,,,,,,,,,,,,,,,,,,,,,,,,,,,,,,,,,,,,,,,,,,,,,,,,,,,,,,,,,,,,,,,,,,,,,,,,,,,,,,,,,,,,,,,,,,,,,,,,,,,,,,,,,,,,,,,,,,,,,,,,,,,,,,,,
1891,8,22700,76.8,-7.0,,,,,,,,,,,,,,,,,,,,,,,,,,,,,,,,,4.6,4.6,4.6,4.6,1.0,0.0,18.0,1.0,-3.42,-3.42,-3.42,-3.42,1.0,0.0,18.0,1.0,3.08,3.08,3.08,3.08,1.0,0.0,18.0,1.0,1010.8,1010.8,1010.8,1010.8,1.0,0.0,18.0,1.0,,,,,,,,,,,,,,,,,,,,,,,,,,,,,,,,,,,,,,,,,,,,,,,,,,,,,,,,,,,,,,,,,,,,,,,,,,,,,,,,,,,,,,,,,,,,,,,,,,,,,,,,,,,,,,,,,,,,,,,,,,,,,,,,
1891,8,22700,76.8,4.8,,,,,,,,,,,,,,,,,,,,,,,,,,,,,,,,,2.92,3.6,4.28,3.6,2.0,1.41,20.0,0.5,2.28,3.22,4.16,3.22,2.0,1.95,20.0,0.5,-1.55,-0.92,-0.29,-0.92,2.0,1.3,20.0,0.5,1010.13,1010.2,1010.27,1010.2,2.0,0.14,20.0,0.5,,,,,,,,,,,,,,,,,,,,,,,,,,,,,,,,,,,,,,,,,,,,,,,,,,,,,,,,,,,,,,,,,,,,,,,,,,,,,,,,,,,,,,,,,,,,,,,,,,,,,,,,,,,,,,,,,,,,,,,,,,,,,,,,
1891,8,22700,78.4,-7.6,,,,,,,,,,,,,,,,,,,,,,,,,,,,,,,,,6.7,6.7,6.7,6.7,4.0,0.0,18.0,0.3,-6.3,-5.64,-4.98,-5.64,4.0,0.76,18.0,0.3,2.29,3.39,4.48,3.39,4.0,1.27,18.0,0.3,1012.7,1012.75,1012.96,1012.83,4.0,0.19,18.0,0.3,,,,,,,,,,,,,,,,,,,,,,,,,,,,,,,,,,,,,,,,,,,,,,,,,,,,,,,,,,,,,,,,,,,,,,,,,,,,,,,,,,,,,,,,,,,,,,,,,,,,,,,,,,,,,,,,,,,,,,,,,,,,,,,,
1891,8,22700,78.4,0.3,,,,,,,,,,,,,,,,,,,,,,,,,,,,,,,,,4.6,4.6,4.6,4.6,3.0,0.0,2.0,0.3,3.25,3.25,3.25,3.25,3.0,0.0,2.0,0.3,3.25,3.25,3.25,3.25,3.0,0.0,2.0,0.3,1012.0,1012.0,1012.14,1012.07,3.0,0.12,2.0,0.3,,,,,,,,,,,,,,,,,,,,,,,,,,,,,,,,,,,,,,,,,,,,,,,,,,,,,,,,,,,,,,,,,,,,,,,,,,,,,,,,,,,,,,,,,,,,,,,,,,,,,,,,,,,,,,,,,,,,,,,,,,,,,,,,
1891,8,22700,78.4,6.3,,,,,,,,,,,,,,,,,,,,,,,,,,,,,,,,,1.76,3.6,4.6,3.2,4.0,1.74,18.0,0.5,0.34,1.98,3.96,2.14,4.0,2.15,18.0,0.5,-1.36,0.35,2.04,0.34,4.0,2.41,18.0,0.5,1009.46,1012.25,1014.36,1011.93,4.0,2.88,18.0,0.5,,,,,,,,,,,,,,,,,,,,,,,,,,,,,,,,,,,,,,,,,,,,,,,,,,,,,,,,,,,,,,,,,,,,,,,,,,,,,,,,,,,,,,,,,,,,,,,,,,,,,,,,,,,,,,,,,,,,,,,,,,,,,,,,
1891,8,22700,78.6,-5.5,,,,,,,,,,,,,,,,,,,,,,,,,,,,,,,,,4.6,4.6,5.03,4.95,6.0,0.86,18.0,0.3,-3.25,-2.88,-0.49,-1.62,6.0,2.95,18.0,0.3,2.94,3.25,4.67,3.66,6.0,1.49,18.0,0.3,1009.2,1009.2,1009.2,1009.2,1.0,0.0,6.0,0.0,,,,,,,,,,,,,,,,,,,,,,,,,,,,,,,,,,,,,,,,,,,,,,,,,,,,,,,,,,,,,,,,,,,,,,,,,,,,,,,,,,,,,,,,,,,,,,,,,,,,,,,,,,,,,,,,,,,,,,,,,,,,,,,,
1891,8,22700,78.6,-3.7,,,,,,,,,,,,,,,,,,,,,,,,,,,,,,,,,1.51,2.6,2.6,2.07,3.0,0.92,14.0,1.0,-0.63,0.0,0.0,-0.31,3.0,0.53,14.0,1.0,1.09,2.6,2.6,1.86,3.0,1.28,14.0,1.0,1011.41,1012.3,1013.26,1012.33,3.0,1.35,14.0,1.0,,,,,,,,,,,,,,,,,,,,,,,,,,,,,,,,,,,,,,,,,,,,,,,,,,,,,,,,,,,,,,,,,,,,,,,,,,,,,,,,,,,,,,,,,,,,,,,,,,,,,,,,,,,,,,,,,,,,,,,,,,,,,,,,
1891,8,22700,78.6,4.7,,,,,,,,,,,,,,,,,,,,,,,,,,,,,,,,,2.6,4.6,6.7,5.38,13.0,2.73,20.0,0.5,2.58,4.6,6.7,4.89,13.0,2.57,20.0,0.5,-1.09,0.0,4.62,0.86,13.0,2.37,20.0,0.5,1007.89,1010.0,1010.8,1009.5,13.0,1.98,20.0,0.5,,,,,,,,,,,,,,,,,,,,,,,,,,,,,,,,,,,,,,,,,,,,,,,,,,,,,,,,,,,,,,,,,,,,,,,,,,,,,,,,,,,,,,,,,,,,,,,,,,,,,,,,,,,,,,,,,,,,,,,,,,,,,,,,
1891,8,22700,78.9,-9.1,,,,,,,,,,,,,,,,,,,,,,,,,,,,,,,,,6.7,6.7,6.7,6.7,1.0,0.0,20.0,1.0,-6.3,-6.3,-6.3,-6.3,1.0,0.0,20.0,1.0,2.29,2.29,2.29,2.29,1.0,0.0,20.0,1.0,1012.3,1012.3,1012.3,1012.3,1.0,0.0,20.0,1.0,,,,,,,,,,,,,,,,,,,,,,,,,,,,,,,,,,,,,,,,,,,,,,,,,,,,,,,,,,,,,,,,,,,,,,,,,,,,,,,,,,,,,,,,,,,,,,,,,,,,,,,,,,,,,,,,,,,,,,,,,,,,,,,,
1891,8,22700,80.3,0.3,,,,,,,,,,,,,,,,,,,,,,,,,,,,,,,,,4.6,4.6,4.6,4.6,1.0,0.0,2.0,1.0,3.25,3.25,3.25,3.25,1.0,0.0,2.0,1.0,3.25,3.25,3.25,3.25,1.0,0.0,2.0,1.0,1012.3,1012.3,1012.3,1012.3,1.0,0.0,2.0,1.0,,,,,,,,,,,,,,,,,,,,,,,,,,,,,,,,,,,,,,,,,,,,,,,,,,,,,,,,,,,,,,,,,,,,,,,,,,,,,,,,,,,,,,,,,,,,,,,,,,,,,,,,,,,,,,,,,,,,,,,,,,,,,,,,
1891,8,22700,80.4,-9.5,,,,,,,,,,,,,,,,,,,,,,,,,,,,,,,,,6.7,6.7,6.7,6.7,4.0,0.0,20.0,0.3,-6.3,-6.3,-6.3,-6.3,4.0,0.0,20.0,0.3,2.29,2.29,2.29,2.29,4.0,0.0,20.0,0.3,1012.48,1013.25,1013.87,1013.18,4.0,0.93,20.0,0.3,,,,,,,,,,,,,,,,,,,,,,,,,,,,,,,,,,,,,,,,,,,,,,,,,,,,,,,,,,,,,,,,,,,,,,,,,,,,,,,,,,,,,,,,,,,,,,,,,,,,,,,,,,,,,,,,,,,,,,,,,,,,,,,,
1891,8,22700,80.5,-5.4,,,,,,,,,,,,,,,,,,,,,,,,,,,,,,,,,4.6,4.6,8.6,6.11,9.0,2.01,14.0,0.6,-3.97,-1.72,7.97,0.67,9.0,5.51,14.0,0.6,2.71,3.48,4.27,3.56,9.0,0.95,14.0,0.6,1009.99,1010.4,1010.74,1010.37,3.0,0.55,6.0,0.3,,,,,,,,,,,,,,,,,,,,,,,,,,,,,,,,,,,,,,,,,,,,,,,,,,,,,,,,,,,,,,,,,,,,,,,,,,,,,,,,,,,,,,,,,,,,,,,,,,,,,,,,,,,,,,,,,,,,,,,,,,,,,,,,
1891,8,22700,80.5,-1.2,,,,,,,,,,,,,,,,,,,,,,,,,,,,,,,,,4.6,4.6,4.6,4.6,2.0,0.0,2.0,0.5,4.6,4.6,4.6,4.6,2.0,0.0,2.0,0.5,0.0,0.0,0.0,0.0,2.0,0.0,2.0,0.5,1011.65,1011.75,1011.85,1011.75,2.0,0.21,2.0,0.5,,,,,,,,,,,,,,,,,,,,,,,,,,,,,,,,,,,,,,,,,,,,,,,,,,,,,,,,,,,,,,,,,,,,,,,,,,,,,,,,,,,,,,,,,,,,,,,,,,,,,,,,,,,,,,,,,,,,,,,,,,,,,,,,
1891,8,22700,80.5,4.6,,,,,,,,,,,,,,,,,,,,,,,,,,,,,,,,,4.6,6.7,9.3,7.05,13.0,2.17,16.0,0.4,4.57,4.74,9.3,6.31,13.0,2.59,16.0,0.4,0.0,0.0,4.74,1.84,13.0,2.22,16.0,0.4,1008.19,1010.0,1011.28,1009.97,13.0,1.97,16.0,0.4,,,,,,,,,,,,,,,,,,,,,,,,,,,,,,,,,,,,,,,,,,,,,,,,,,,,,,,,,,,,,,,,,,,,,,,,,,,,,,,,,,,,,,,,,,,,,,,,,,,,,,,,,,,,,,,,,,,,,,,,,,,,,,,,
1891,8,22700,80.6,-3.7,,,,,,,,,,,,,,,,,,,,,,,,,,,,,,,,,4.6,4.6,4.6,4.6,3.0,0.0,18.0,0.0,0.0,0.0,0.0,0.0,3.0,0.0,18.0,0.0,4.6,4.6,4.6,4.6,3.0,0.0,18.0,0.0,1012.13,1012.2,1012.27,1012.2,3.0,0.1,18.0,0.0,,,,,,,,,,,,,,,,,,,,,,,,,,,,,,,,,,,,,,,,,,,,,,,,,,,,,,,,,,,,,,,,,,,,,,,,,,,,,,,,,,,,,,,,,,,,,,,,,,,,,,,,,,,,,,,,,,,,,,,,,,,,,,,,
1891,8,22700,80.8,2.8,,,,,,,,,,,,,,,,,,,,,,,,,,,,,,,,,4.6,4.6,4.6,4.6,2.0,0.0,28.0,0.0,3.41,3.74,4.08,3.74,2.0,0.69,28.0,0.0,-3.02,-2.53,-2.03,-2.53,2.0,1.03,28.0,0.0,1009.21,1009.65,1010.09,1009.65,2.0,0.92,28.0,0.0,,,,,,,,,,,,,,,,,,,,,,,,,,,,,,,,,,,,,,,,,,,,,,,,,,,,,,,,,,,,,,,,,,,,,,,,,,,,,,,,,,,,,,,,,,,,,,,,,,,,,,,,,,,,,,,,,,,,,,,,,,,,,,,,
1891,8,22700,80.9,-11.0,,,,,,,,,,,,,,,,,,,,,,,,,,,,,,,,,6.7,6.7,6.7,6.7,1.0,0.0,20.0,1.0,-6.3,-6.3,-6.3,-6.3,1.0,0.0,20.0,1.0,2.29,2.29,2.29,2.29,1.0,0.0,20.0,1.0,1014.9,1014.9,1014.9,1014.9,1.0,0.0,20.0,1.0,,,,,,,,,,,,,,,,,,,,,,,,,,,,,,,,,,,,,,,,,,,,,,,,,,,,,,,,,,,,,,,,,,,,,,,,,,,,,,,,,,,,,,,,,,,,,,,,,,,,,,,,,,,,,,,,,,,,,,,,,,,,,,,,
1891,8,22700,82.4,-11.5,,,,,,,,,,,,,,,,,,,,,,,,,,,,,,,,,6.7,6.7,6.7,6.7,4.0,0.0,20.0,0.5,-6.3,-6.3,-6.3,-6.3,4.0,0.0,20.0,0.5,2.29,2.29,2.29,2.29,4.0,0.0,20.0,0.5,1012.59,1013.95,1014.1,1013.38,4.0,1.32,20.0,0.5,,,,,,,,,,,,,,,,,,,,,,,,,,,,,,,,,,,,,,,,,,,,,,,,,,,,,,,,,,,,,,,,,,,,,,,,,,,,,,,,,,,,,,,,,,,,,,,,,,,,,,,,,,,,,,,,,,,,,,,,,,,,,,,,
1891,8,22700,82.4,-1.2,,,,,,,,,,,,,,,,,,,,,,,,,,,,,,,,,6.7,6.7,6.7,6.7,3.0,0.0,2.0,0.3,6.7,6.7,6.7,6.7,3.0,0.0,2.0,0.3,0.0,0.0,0.0,0.0,3.0,0.0,2.0,0.3,1011.2,1011.4,1011.47,1011.33,3.0,0.21,2.0,0.3,,,,,,,,,,,,,,,,,,,,,,,,,,,,,,,,,,,,,,,,,,,,,,,,,,,,,,,,,,,,,,,,,,,,,,,,,,,,,,,,,,,,,,,,,,,,,,,,,,,,,,,,,,,,,,,,,,,,,,,,,,,,,,,,
1891,8,22700,82.4,4.3,,,,,,,,,,,,,,,,,,,,,,,,,,,,,,,,,6.7,9.3,9.3,8.47,12.0,1.77,16.0,0.7,2.62,6.39,8.8,5.83,12.0,3.16,16.0,0.7,3.24,5.45,6.58,5.12,12.0,2.38,16.0,0.7,1008.25,1009.6,1012.9,1009.96,12.0,2.09,16.0,0.7,,,,,,,,,,,,,,,,,,,,,,,,,,,,,,,,,,,,,,,,,,,,,,,,,,,,,,,,,,,,,,,,,,,,,,,,,,,,,,,,,,,,,,,,,,,,,,,,,,,,,,,,,,,,,,,,,,,,,,,,,,,,,,,,
1891,8,22700,82.5,-5.4,,,,,,,,,,,,,,,,,,,,,,,,,,,,,,,,,2.6,3.6,4.6,3.54,8.0,2.02,12.0,0.4,-2.13,0.0,3.76,0.6,8.0,3.16,12.0,0.4,0.11,2.55,3.18,1.85,8.0,2.02,12.0,0.4,1010.01,1010.9,1010.9,1010.47,3.0,0.75,4.0,0.7,,,,,,,,,,,,,,,,,,,,,,,,,,,,,,,,,,,,,,,,,,,,,,,,,,,,,,,,,,,,,,,,,,,,,,,,,,,,,,,,,,,,,,,,,,,,,,,,,,,,,,,,,,,,,,,,,,,,,,,,,,,,,,,,
1891,8,22700,82.5,-3.7,,,,,,,,,,,,,,,,,,,,,,,,,,,,,,,,,4.6,4.6,4.6,4.6,2.0,0.0,18.0,1.0,-1.16,0.04,1.24,0.04,2.0,2.49,18.0,1.0,4.24,4.25,4.26,4.25,2.0,0.02,18.0,1.0,1011.99,1012.4,1012.81,1012.4,2.0,0.85,18.0,1.0,,,,,,,,,,,,,,,,,,,,,,,,,,,,,,,,,,,,,,,,,,,,,,,,,,,,,,,,,,,,,,,,,,,,,,,,,,,,,,,,,,,,,,,,,,,,,,,,,,,,,,,,,,,,,,,,,,,,,,,,,,,,,,,,
1891,8,22700,82.6,2.6,,,,,,,,,,,,,,,,,,,,,,,,,,,,,,,,,3.23,4.6,6.03,4.63,3.0,2.05,24.0,0.7,3.12,4.23,5.58,4.35,3.0,1.81,24.0,0.7,-1.23,0.0,1.71,0.24,3.0,2.16,24.0,0.7,1006.86,1009.0,1010.06,1008.6,5.0,1.68,26.0,0.4,,,,,,,,,,,,,,,,,,,,,,,,,,,,,,,,,,,,,,,,,,,,,,,,,,,,,,,,,,,,,,,,,,,,,,,,,,,,,,,,,,,,,,,,,,,,,,,,,,,,,,,,,,,,,,,,,,,,,,,,,,,,,,,,
1891,8,22700,82.8,0.8,,,,,,,,,,,,,,,,,,,,,,,,,,,,,,,,,4.6,4.6,4.6,4.6,1.0,0.0,28.0,1.0,4.27,4.27,4.27,4.27,1.0,0.0,28.0,1.0,1.72,1.72,1.72,1.72,1.0,0.0,28.0,1.0,1009.8,1009.8,1009.8,1009.8,1.0,0.0,28.0,1.0,,,,,,,,,,,,,,,,,,,,,,,,,,,,,,,,,,,,,,,,,,,,,,,,,,,,,,,,,,,,,,,,,,,,,,,,,,,,,,,,,,,,,,,,,,,,,,,,,,,,,,,,,,,,,,,,,,,,,,,,,,,,,,,,
1891,8,22700,82.9,-13.0,,,,,,,,,,,,,,,,,,,,,,,,,,,,,,,,,2.6,2.6,2.6,2.6,1.0,0.0,20.0,0.0,-2.44,-2.44,-2.44,-2.44,1.0,0.0,20.0,0.0,0.89,0.89,0.89,0.89,1.0,0.0,20.0,0.0,1013.2,1013.2,1013.2,1013.2,1.0,0.0,20.0,0.0,,,,,,,,,,,,,,,,,,,,,,,,,,,,,,,,,,,,,,,,,,,,,,,,,,,,,,,,,,,,,,,,,,,,,,,,,,,,,,,,,,,,,,,,,,,,,,,,,,,,,,,,,,,,,,,,,,,,,,,,,,,,,,,,
1891,8,22700,84.3,-1.2,,,,,,,,,,,,,,,,,,,,,,,,,,,,,,,,,4.6,4.6,4.6,4.6,2.0,0.0,2.0,1.0,3.41,3.76,4.1,3.76,2.0,0.72,2.0,1.0,1.97,2.49,3.01,2.49,2.0,1.08,2.0,1.0,1011.31,1011.55,1011.79,1011.55,2.0,0.5,2.0,1.0,,,,,,,,,,,,,,,,,,,,,,,,,,,,,,,,,,,,,,,,,,,,,,,,,,,,,,,,,,,,,,,,,,,,,,,,,,,,,,,,,,,,,,,,,,,,,,,,,,,,,,,,,,,,,,,,,,,,,,,,,,,,,,,,
1891,8,22700,84.3,4.3,,,,,,,,,,,,,,,,,,,,,,,,,,,,,,,,,7.53,9.3,11.35,9.43,3.0,2.8,12.0,0.7,6.98,8.62,8.67,7.84,3.0,1.41,12.0,0.7,2.82,3.48,7.04,4.9,3.0,3.33,12.0,0.7,1007.3,1010.1,1012.69,1010.0,3.0,3.95,12.0,0.7,,,,,,,,,,,,,,,,,,,,,,,,,,,,,,,,,,,,,,,,,,,,,,,,,,,,,,,,,,,,,,,,,,,,,,,,,,,,,,,,,,,,,,,,,,,,,,,,,,,,,,,,,,,,,,,,,,,,,,,,,,,,,,,,
1891,8,22700,84.4,-5.6,,,,,,,,,,,,,,,,,,,,,,,,,,,,,,,,,0.29,4.6,6.47,3.73,8.0,2.65,14.0,0.6,-4.68,-3.25,-0.27,-3.0,8.0,2.17,14.0,0.6,0.11,2.21,3.25,2.08,8.0,1.69,14.0,0.6,1011.45,1011.55,1011.65,1011.55,2.0,0.21,4.0,0.0,,,,,,,,,,,,,,,,,,,,,,,,,,,,,,,,,,,,,,,,,,,,,,,,,,,,,,,,,,,,,,,,,,,,,,,,,,,,,,,,,,,,,,,,,,,,,,,,,,,,,,,,,,,,,,,,,,,,,,,,,,,,,,,,
1891,8,22700,84.4,0.8,,,,,,,,,,,,,,,,,,,,,,,,,,,,,,,,,3.23,4.6,6.03,4.63,3.0,2.05,28.0,0.0,2.09,2.62,3.05,2.57,3.0,0.71,28.0,0.0,2.29,3.25,5.24,3.75,3.0,2.21,28.0,0.0,1010.45,1011.0,1011.0,1010.73,3.0,0.46,28.0,0.0,,,,,,,,,,,,,,,,,,,,,,,,,,,,,,,,,,,,,,,,,,,,,,,,,,,,,,,,,,,,,,,,,,,,,,,,,,,,,,,,,,,,,,,,,,,,,,,,,,,,,,,,,,,,,,,,,,,,,,,,,,,,,,,,
1891,8,22700,84.5,-13.6,,,,,,,,,,,,,,,,,,,,,,,,,,,,,,,,,6.7,6.7,6.7,6.7,5.0,0.0,22.0,0.6,-6.42,-6.3,-6.09,-6.25,5.0,0.32,22.0,0.6,1.8,2.29,2.71,2.25,5.0,0.89,22.0,0.6,1014.3,1014.3,1014.62,1014.46,5.0,0.3,22.0,0.6,,,,,,,,,,,,,,,,,,,,,,,,,,,,,,,,,,,,,,,,,,,,,,,,,,,,,,,,,,,,,,,,,,,,,,,,,,,,,,,,,,,,,,,,,,,,,,,,,,,,,,,,,,,,,,,,,,,,,,,,,,,,,,,,
1891,8,22700,84.6,-3.7,,,,,,,,,,,,,,,,,,,,,,,,,,,,,,,,,6.7,6.7,8.47,7.57,3.0,1.5,18.0,0.3,2.62,2.62,3.31,2.96,3.0,0.59,18.0,0.3,6.17,6.17,7.8,6.97,3.0,1.38,18.0,0.3,1012.83,1013.1,1013.3,1013.07,3.0,0.35,18.0,0.3,,,,,,,,,,,,,,,,,,,,,,,,,,,,,,,,,,,,,,,,,,,,,,,,,,,,,,,,,,,,,,,,,,,,,,,,,,,,,,,,,,,,,,,,,,,,,,,,,,,,,,,,,,,,,,,,,,,,,,,,,,,,,,,,
1891,8,22700,84.6,2.7,,,,,,,,,,,,,,,,,,,,,,,,,,,,,,,,,5.5,6.7,9.9,7.4,10.0,2.72,14.0,0.3,3.89,4.74,7.63,5.23,10.0,2.16,14.0,0.3,3.67,4.74,7.0,5.11,10.0,2.04,14.0,0.3,1008.43,1010.55,1012.84,1010.64,10.0,2.3,14.0,0.3,,,,,,,,,,,,,,,,,,,,,,,,,,,,,,,,,,,,,,,,,,,,,,,,,,,,,,,,,,,,,,,,,,,,,,,,,,,,,,,,,,,,,,,,,,,,,,,,,,,,,,,,,,,,,,,,,,,,,,,,,,,,,,,,
1891,8,22700,86.5,-5.6,,,,,,,,,,,,,,,,,,,,,,,,,,,,,,,,,0.7,2.6,4.6,2.91,9.0,1.89,12.0,0.4,-4.5,-2.39,-0.46,-2.5,9.0,1.77,12.0,0.4,0.0,0.0,1.59,0.9,9.0,1.42,12.0,0.4,1010.41,1011.8,1013.24,1011.83,4.0,1.88,6.0,1.0,,,,,,,,,,,,,,,,,,,,,,,,,,,,,,,,,,,,,,,,,,,,,,,,,,,,,,,,,,,,,,,,,,,,,,,,,,,,,,,,,,,,,,,,,,,,,,,,,,,,,,,,,,,,,,,,,,,,,,,,,,,,,,,,
1891,8,22700,86.5,2.5,,,,,,,,,,,,,,,,,,,,,,,,,,,,,,,,,6.7,9.3,9.3,8.39,11.0,1.84,14.0,0.6,2.62,4.74,7.42,5.08,11.0,2.43,14.0,0.6,5.58,6.17,7.4,6.35,11.0,1.47,14.0,0.6,1007.3,1010.5,1013.36,1010.27,10.0,2.88,14.0,0.6,,,,,,,,,,,,,,,,,,,,,,,,,,,,,,,,,,,,,,,,,,,,,,,,,,,,,,,,,,,,,,,,,,,,,,,,,,,,,,,,,,,,,,,,,,,,,,,,,,,,,,,,,,,,,,,,,,,,,,,,,,,,,,,,
1891,8,22700,86.6,-15.4,,,,,,,,,,,,,,,,,,,,,,,,,,,,,,,,,6.27,8.0,9.3,7.65,6.0,1.96,22.0,0.7,-8.68,-7.41,-5.85,-7.12,6.0,1.81,22.0,0.7,2.25,2.87,3.39,2.79,6.0,0.76,22.0,0.7,1014.56,1015.4,1015.79,1015.26,5.0,0.74,22.0,0.6,,,,,,,,,,,,,,,,,,,,,,,,,,,,,,,,,,,,,,,,,,,,,,,,,,,,,,,,,,,,,,,,,,,,,,,,,,,,,,,,,,,,,,,,,,,,,,,,,,,,,,,,,,,,,,,,,,,,,,,,,,,,,,,,
1891,8,22700,86.6,-3.6,,,,,,,,,,,,,,,,,,,,,,,,,,,,,,,,,5.27,6.7,8.47,6.87,3.0,2.35,16.0,0.7,-2.89,0.0,0.0,-1.41,3.0,2.44,16.0,0.7,3.35,6.7,8.47,5.93,3.0,3.81,16.0,0.7,1011.53,1011.8,1012.07,1011.8,2.0,0.57,18.0,0.5,,,,,,,,,,,,,,,,,,,,,,,,,,,,,,,,,,,,,,,,,,,,,,,,,,,,,,,,,,,,,,,,,,,,,,,,,,,,,,,,,,,,,,,,,,,,,,,,,,,,,,,,,,,,,,,,,,,,,,,,,,,,,,,,
1891,8,22700,86.6,0.5,,,,,,,,,,,,,,,,,,,,,,,,,,,,,,,,,4.6,5.65,6.7,5.65,4.0,1.21,26.0,0.8,0.0,0.9,2.23,1.1,4.0,1.32,26.0,0.8,4.41,5.38,6.45,5.43,4.0,1.19,26.0,0.8,1010.08,1010.6,1011.12,1010.6,4.0,0.74,26.0,0.8,,,,,,,,,,,,,,,,,,,,,,,,,,,,,,,,,,,,,,,,,,,,,,,,,,,,,,,,,,,,,,,,,,,,,,,,,,,,,,,,,,,,,,,,,,,,,,,,,,,,,,,,,,,,,,,,,,,,,,,,,,,,,,,,
1891,8,22700,88.4,2.3,,,,,,,,,,,,,,,,,,,,,,,,,,,,,,,,,4.5,6.7,6.97,6.61,7.0,2.96,16.0,0.4,-1.05,0.0,0.42,0.74,7.0,3.63,16.0,0.4,4.5,6.7,6.8,6.0,7.0,1.98,16.0,0.4,1008.58,1011.05,1014.2,1011.03,6.0,2.96,16.0,0.3,,,,,,,,,,,,,,,,,,,,,,,,,,,,,,,,,,,,,,,,,,,,,,,,,,,,,,,,,,,,,,,,,,,,,,,,,,,,,,,,,,,,,,,,,,,,,,,,,,,,,,,,,,,,,,,,,,,,,,,,,,,,,,,,
1891,8,22700,88.5,-17.3,,,,,,,,,,,,,,,,,,,,,,,,,,,,,,,,,6.7,6.7,8.06,7.35,4.0,1.3,22.0,0.5,-7.53,-6.25,-6.25,-6.86,4.0,1.21,22.0,0.5,2.4,2.4,2.89,2.63,4.0,0.47,22.0,0.5,1015.7,1016.05,1016.66,1016.18,4.0,0.59,22.0,0.5,,,,,,,,,,,,,,,,,,,,,,,,,,,,,,,,,,,,,,,,,,,,,,,,,,,,,,,,,,,,,,,,,,,,,,,,,,,,,,,,,,,,,,,,,,,,,,,,,,,,,,,,,,,,,,,,,,,,,,,,,,,,,,,,
1891,8,22700,88.5,-5.6,,,,,,,,,,,,,,,,,,,,,,,,,,,,,,,,,2.6,3.6,6.7,4.06,8.0,2.51,14.0,0.6,-6.01,-3.6,-2.42,-3.66,8.0,2.13,14.0,0.6,0.0,0.51,2.62,1.37,8.0,1.78,14.0,0.6,1010.29,1011.1,1013.17,1011.7,4.0,1.99,4.0,0.3,,,,,,,,,,,,,,,,,,,,,,,,,,,,,,,,,,,,,,,,,,,,,,,,,,,,,,,,,,,,,,,,,,,,,,,,,,,,,,,,,,,,,,,,,,,,,,,,,,,,,,,,,,,,,,,,,,,,,,,,,,,,,,,,
1891,8,22700,88.6,-3.6,,,,,,,,,,,,,,,,,,,,,,,,,,,,,,,,,6.7,6.7,6.7,6.7,7.0,0.0,24.0,0.3,-2.51,-2.51,0.0,-1.79,7.0,1.22,24.0,0.3,6.21,6.21,6.7,6.35,7.0,0.24,24.0,0.3,1009.8,1010.2,1013.0,1011.24,7.0,1.57,24.0,0.3,,,,,,,,,,,,,,,,,,,,,,,,,,,,,,,,,,,,,,,,,,,,,,,,,,,,,,,,,,,,,,,,,,,,,,,,,,,,,,,,,,,,,,,,,,,,,,,,,,,,,,,,,,,,,,,,,,,,,,,,,,,,,,,,
1891,8,22700,88.6,0.5,,,,,,,,,,,,,,,,,,,,,,,,,,,,,,,,,6.7,6.7,6.7,6.76,8.0,1.26,18.0,0.3,0.0,2.62,4.08,1.67,8.0,2.7,18.0,0.3,4.9,6.17,6.7,5.87,8.0,1.99,18.0,0.3,1009.34,1010.8,1011.1,1010.51,8.0,0.98,18.0,0.3,,,,,,,,,,,,,,,,,,,,,,,,,,,,,,,,,,,,,,,,,,,,,,,,,,,,,,,,,,,,,,,,,,,,,,,,,,,,,,,,,,,,,,,,,,,,,,,,,,,,,,,,,,,,,,,,,,,,,,,,,,,,,,,,
1891,8,22700,90.1,-17.8,,,,,,,,,,,,,,,,,,,,,,,,,,,,,,,,,6.7,6.7,6.7,6.7,2.0,0.0,24.0,0.5,-4.9,-4.9,-4.9,-4.9,2.0,0.0,24.0,0.5,4.57,4.57,4.57,4.57,2.0,0.0,24.0,0.5,1015.5,1015.5,1015.5,1015.5,2.0,0.0,24.0,0.5,,,,,,,,,,,,,,,,,,,,,,,,,,,,,,,,,,,,,,,,,,,,,,,,,,,,,,,,,,,,,,,,,,,,,,,,,,,,,,,,,,,,,,,,,,,,,,,,,,,,,,,,,,,,,,,,,,,,,,,,,,,,,,,,
1891,8,22700,90.3,2.3,,,,,,,,,,,,,,,,,,,,,,,,,,,,,,,,,6.7,6.7,6.7,6.7,1.0,0.0,16.0,0.0,0.0,0.0,0.0,0.0,1.0,0.0,16.0,0.0,6.7,6.7,6.7,6.7,1.0,0.0,16.0,0.0,1014.2,1014.2,1014.2,1014.2,1.0,0.0,16.0,0.0,,,,,,,,,,,,,,,,,,,,,,,,,,,,,,,,,,,,,,,,,,,,,,,,,,,,,,,,,,,,,,,,,,,,,,,,,,,,,,,,,,,,,,,,,,,,,,,,,,,,,,,,,,,,,,,,,,,,,,,,,,,,,,,,
1891,8,22700,90.4,-5.4,,,,,,,,,,,,,,,,,,,,,,,,,,,,,,,,,2.6,2.6,3.97,3.27,3.0,1.15,4.0,0.7,-2.41,-2.39,0.42,-1.03,3.0,2.38,4.0,0.7,-3.22,-0.97,0.38,-1.41,3.0,2.67,4.0,0.7,1009.95,1010.5,1011.05,1010.5,2.0,1.13,4.0,1.0,,,,,,,,,,,,,,,,,,,,,,,,,,,,,,,,,,,,,,,,,,,,,,,,,,,,,,,,,,,,,,,,,,,,,,,,,,,,,,,,,,,,,,,,,,,,,,,,,,,,,,,,,,,,,,,,,,,,,,,,,,,,,,,,
1891,8,22700,90.5,0.6,,,,,,,,,,,,,,,,,,,,,,,,,,,,,,,,,4.41,6.7,6.95,5.82,13.0,2.14,14.0,0.6,-3.39,0.0,1.88,-0.28,13.0,2.56,14.0,0.6,3.19,4.74,6.88,5.28,13.0,2.12,14.0,0.6,1008.42,1010.65,1012.5,1010.42,12.0,2.04,14.0,0.6,,,,,,,,,,,,,,,,,,,,,,,,,,,,,,,,,,,,,,,,,,,,,,,,,,,,,,,,,,,,,,,,,,,,,,,,,,,,,,,,,,,,,,,,,,,,,,,,,,,,,,,,,,,,,,,,,,,,,,,,,,,,,,,,
1891,8,22700,90.6,-3.4,,,,,,,,,,,,,,,,,,,,,,,,,,,,,,,,,4.6,6.7,6.7,5.86,5.0,1.15,22.0,0.4,-2.82,-1.72,0.96,-1.11,5.0,2.69,22.0,0.4,4.27,4.74,6.36,5.23,5.0,1.13,22.0,0.4,1010.56,1011.1,1011.61,1011.1,5.0,0.56,22.0,0.4,,,,,,,,,,,,,,,,,,,,,,,,,,,,,,,,,,,,,,,,,,,,,,,,,,,,,,,,,,,,,,,,,,,,,,,,,,,,,,,,,,,,,,,,,,,,,,,,,,,,,,,,,,,,,,,,,,,,,,,,,,,,,,,,
1891,8,22700,90.7,-19.3,,,,,,,,,,,,,,,,,,,,,,,,,,,,,,,,,6.7,6.7,6.7,6.7,3.0,0.0,24.0,0.3,-5.82,-4.9,-4.9,-5.35,3.0,0.78,24.0,0.3,3.09,4.57,4.57,3.85,3.0,1.25,24.0,0.3,1016.32,1017.0,1018.02,1017.17,3.0,1.26,24.0,0.3,,,,,,,,,,,,,,,,,,,,,,,,,,,,,,,,,,,,,,,,,,,,,,,,,,,,,,,,,,,,,,,,,,,,,,,,,,,,,,,,,,,,,,,,,,,,,,,,,,,,,,,,,,,,,,,,,,,,,,,,,,,,,,,,
1891,8,22700,92.3,-19.7,,,,,,,,,,,,,,,,,,,,,,,,,,,,,,,,,4.93,5.65,6.37,5.65,2.0,1.48,24.0,1.0,-4.66,-4.13,-3.61,-4.13,2.0,1.09,24.0,1.0,3.36,3.85,4.34,3.85,2.0,1.01,24.0,1.0,1019.53,1019.6,1019.67,1019.6,2.0,0.14,24.0,1.0,,,,,,,,,,,,,,,,,,,,,,,,,,,,,,,,,,,,,,,,,,,,,,,,,,,,,,,,,,,,,,,,,,,,,,,,,,,,,,,,,,,,,,,,,,,,,,,,,,,,,,,,,,,,,,,,,,,,,,,,,,,,,,,,
1891,8,22700,92.4,-3.5,,,,,,,,,,,,,,,,,,,,,,,,,,,,,,,,,2.6,4.6,6.82,5.3,7.0,2.43,16.0,0.6,-3.52,-2.51,-2.19,-2.25,7.0,1.92,16.0,0.6,1.02,4.23,6.33,4.16,7.0,2.99,16.0,0.6,1010.26,1010.9,1012.23,1011.13,7.0,1.21,16.0,0.6,,,,,,,,,,,,,,,,,,,,,,,,,,,,,,,,,,,,,,,,,,,,,,,,,,,,,,,,,,,,,,,,,,,,,,,,,,,,,,,,,,,,,,,,,,,,,,,,,,,,,,,,,,,,,,,,,,,,,,,,,,,,,,,,
1891,8,22700,92.6,-1.5,,,,,,,,,,,,,,,,,,,,,,,,,,,,,,,,,2.6,6.7,8.19,5.58,10.0,2.75,22.0,0.6,-6.65,-4.74,-0.42,-3.94,10.0,2.84,22.0,0.6,0.44,2.6,5.79,3.13,10.0,2.45,22.0,0.6,1009.94,1011.1,1012.26,1011.1,2.0,2.4,12.0,0.5,,,,,,,,,,,,,,,,,,,,,,,,,,,,,,,,,,,,,,,,,,,,,,,,,,,,,,,,,,,,,,,,,,,,,,,,,,,,,,,,,,,,,,,,,,,,,,,,,,,,,,,,,,,,,,,,,,,,,,,,,,,,,,,,
1891,8,22700,92.6,0.4,,,,,,,,,,,,,,,,,,,,,,,,,,,,,,,,,4.6,5.65,6.7,5.73,8.0,2.04,14.0,0.4,-4.6,-2.17,0.0,-2.16,8.0,2.04,14.0,0.4,4.6,4.67,6.05,4.53,8.0,2.93,14.0,0.4,1008.31,1011.5,1012.25,1010.41,9.0,2.09,14.0,0.4,,,,,,,,,,,,,,,,,,,,,,,,,,,,,,,,,,,,,,,,,,,,,,,,,,,,,,,,,,,,,,,,,,,,,,,,,,,,,,,,,,,,,,,,,,,,,,,,,,,,,,,,,,,,,,,,,,,,,,,,,,,,,,,,
1891,8,22700,92.7,-21.1,,,,,,,,,,,,,,,,,,,,,,,,,,,,,,,,,6.7,6.7,6.7,6.7,2.0,0.0,24.0,0.0,-4.9,-4.9,-4.9,-4.9,2.0,0.0,24.0,0.0,4.57,4.57,4.57,4.57,2.0,0.0,24.0,0.0,1019.81,1020.25,1020.69,1020.25,2.0,0.92,24.0,0.0,,,,,,,,,,,,,,,,,,,,,,,,,,,,,,,,,,,,,,,,,,,,,,,,,,,,,,,,,,,,,,,,,,,,,,,,,,,,,,,,,,,,,,,,,,,,,,,,,,,,,,,,,,,,,,,,,,,,,,,,,,,,,,,,
1891,8,22700,94.3,-21.7,,,,,,,,,,,,,,,,,,,,,,,,,,,,,,,,,4.6,6.7,6.7,5.86,5.0,1.15,24.0,0.8,-6.25,-4.9,-4.27,-5.19,5.0,1.01,24.0,0.8,1.74,2.4,3.19,2.56,5.0,1.17,24.0,0.8,1019.96,1021.3,1021.7,1020.85,4.0,1.23,24.0,0.8,,,,,,,,,,,,,,,,,,,,,,,,,,,,,,,,,,,,,,,,,,,,,,,,,,,,,,,,,,,,,,,,,,,,,,,,,,,,,,,,,,,,,,,,,,,,,,,,,,,,,,,,,,,,,,,,,,,,,,,,,,,,,,,,
1891,8,22700,94.5,-3.4,,,,,,,,,,,,,,,,,,,,,,,,,,,,,,,,,4.6,4.6,8.6,5.89,9.0,2.29,22.0,0.4,-5.68,-2.51,-1.9,-3.39,9.0,1.89,22.0,0.4,3.25,4.27,6.48,4.63,9.0,1.93,22.0,0.4,1009.93,1010.9,1011.3,1010.63,6.0,0.8,16.0,0.5,,,,,,,,,,,,,,,,,,,,,,,,,,,,,,,,,,,,,,,,,,,,,,,,,,,,,,,,,,,,,,,,,,,,,,,,,,,,,,,,,,,,,,,,,,,,,,,,,,,,,,,,,,,,,,,,,,,,,,,,,,,,,,,,
1891,8,22700,94.5,-1.7,,,,,,,,,,,,,,,,,,,,,,,,,,,,,,,,,2.48,4.6,4.6,3.37,7.0,1.76,16.0,0.1,-3.32,-3.25,-2.3,-2.74,7.0,1.41,16.0,0.1,-1.08,0.0,3.25,0.19,7.0,2.36,16.0,0.1,1011.5,1012.05,1013.12,1012.3,4.0,1.01,16.0,0.3,,,,,,,,,,,,,,,,,,,,,,,,,,,,,,,,,,,,,,,,,,,,,,,,,,,,,,,,,,,,,,,,,,,,,,,,,,,,,,,,,,,,,,,,,,,,,,,,,,,,,,,,,,,,,,,,,,,,,,,,,,,,,,,,
1891,8,22700,94.5,0.3,,,,,,,,,,,,,,,,,,,,,,,,,,,,,,,,,2.6,3.6,5.7,4.13,4.0,1.96,16.0,0.3,-4.03,-2.83,-2.11,-3.06,4.0,1.26,16.0,0.3,0.37,2.55,4.03,2.21,4.0,2.43,16.0,0.3,1008.5,1009.55,1010.89,1009.73,6.0,1.41,16.0,0.3,,,,,,,,,,,,,,,,,,,,,,,,,,,,,,,,,,,,,,,,,,,,,,,,,,,,,,,,,,,,,,,,,,,,,,,,,,,,,,,,,,,,,,,,,,,,,,,,,,,,,,,,,,,,,,,,,,,,,,,,,,,,,,,,
1891,8,22700,94.8,-23.0,,,,,,,,,,,,,,,,,,,,,,,,,,,,,,,,,6.7,6.7,6.7,6.7,1.0,0.0,26.0,0.0,-4.9,-4.9,-4.9,-4.9,1.0,0.0,26.0,0.0,4.57,4.57,4.57,4.57,1.0,0.0,26.0,0.0,1023.7,1023.7,1023.7,1023.7,1.0,0.0,26.0,0.0,,,,,,,,,,,,,,,,,,,,,,,,,,,,,,,,,,,,,,,,,,,,,,,,,,,,,,,,,,,,,,,,,,,,,,,,,,,,,,,,,,,,,,,,,,,,,,,,,,,,,,,,,,,,,,,,,,,,,,,,,,,,,,,,
1891,8,22700,96.5,-23.6,,,,,,,,,,,,,,,,,,,,,,,,,,,,,,,,,8.76,9.3,9.3,8.87,6.0,1.06,26.0,0.7,-6.71,-6.69,-6.21,-6.38,6.0,0.77,26.0,0.7,5.99,6.46,6.48,6.16,6.0,0.74,26.0,0.7,1020.84,1021.9,1022.14,1021.54,5.0,0.77,26.0,0.6,,,,,,,,,,,,,,,,,,,,,,,,,,,,,,,,,,,,,,,,,,,,,,,,,,,,,,,,,,,,,,,,,,,,,,,,,,,,,,,,,,,,,,,,,,,,,,,,,,,,,,,,,,,,,,,,,,,,,,,,,,,,,,,,
1891,8,22700,96.5,-3.3,,,,,,,,,,,,,,,,,,,,,,,,,,,,,,,,,3.14,6.7,6.7,5.32,9.0,1.78,18.0,0.6,-2.51,-2.39,-0.46,-2.25,9.0,1.8,18.0,0.6,1.45,4.6,6.21,4.32,9.0,2.27,18.0,0.6,1010.89,1011.45,1011.9,1011.37,6.0,0.77,16.0,0.5,,,,,,,,,,,,,,,,,,,,,,,,,,,,,,,,,,,,,,,,,,,,,,,,,,,,,,,,,,,,,,,,,,,,,,,,,,,,,,,,,,,,,,,,,,,,,,,,,,,,,,,,,,,,,,,,,,,,,,,,,,,,,,,,
1891,8,22700,96.5,-1.4,,,,,,,,,,,,,,,,,,,,,,,,,,,,,,,,,2.6,3.6,8.19,4.49,10.0,3.08,16.0,0.7,-4.92,-2.22,-0.79,-2.74,10.0,2.22,16.0,0.7,-1.84,0.92,5.15,1.67,10.0,3.95,16.0,0.7,1008.66,1011.65,1013.58,1011.34,8.0,2.48,14.0,0.6,,,,,,,,,,,,,,,,,,,,,,,,,,,,,,,,,,,,,,,,,,,,,,,,,,,,,,,,,,,,,,,,,,,,,,,,,,,,,,,,,,,,,,,,,,,,,,,,,,,,,,,,,,,,,,,,,,,,,,,,,,,,,,,,
1891,8,22700,98.0,-24.0,,,,,,,,,,,,,,,,,,,,,,,,,,,,,,,,,6.7,6.7,6.7,6.7,1.0,0.0,26.0,0.0,-4.82,-4.82,-4.82,-4.82,1.0,0.0,26.0,0.0,4.65,4.65,4.65,4.65,1.0,0.0,26.0,0.0,1023.4,1023.4,1023.4,1023.4,1.0,0.0,26.0,0.0,,,,,,,,,,,,,,,,,,,,,,,,,,,,,,,,,,,,,,,,,,,,,,,,,,,,,,,,,,,,,,,,,,,,,,,,,,,,,,,,,,,,,,,,,,,,,,,,,,,,,,,,,,,,,,,,,,,,,,,,,,,,,,,,
1891,8,22700,98.4,-3.4,,,,,,,,,,,,,,,,,,,,,,,,,,,,,,,,,4.6,6.7,9.3,6.64,8.0,2.56,16.0,0.3,-6.58,-2.51,-0.27,-3.39,8.0,2.83,16.0,0.3,4.6,6.21,6.58,5.3,8.0,1.92,16.0,0.3,1010.18,1011.2,1011.91,1011.05,4.0,1.08,16.0,0.3,,,,,,,,,,,,,,,,,,,,,,,,,,,,,,,,,,,,,,,,,,,,,,,,,,,,,,,,,,,,,,,,,,,,,,,,,,,,,,,,,,,,,,,,,,,,,,,,,,,,,,,,,,,,,,,,,,,,,,,,,,,,,,,,
1891,8,22700,98.5,-1.4,,,,,,,,,,,,,,,,,,,,,,,,,,,,,,,,,0.22,2.6,4.6,2.91,15.0,1.88,18.0,0.5,-2.6,-1.72,0.0,-1.1,15.0,2.08,18.0,0.5,-0.76,0.0,3.73,0.58,15.0,2.57,18.0,0.5,1009.79,1011.7,1012.5,1011.38,10.0,1.44,14.0,0.6,,,,,,,,,,,,,,,,,,,,,,,,,,,,,,,,,,,,,,,,,,,,,,,,,,,,,,,,,,,,,,,,,,,,,,,,,,,,,,,,,,,,,,,,,,,,,,,,,,,,,,,,,,,,,,,,,,,,,,,,,,,,,,,,
1891,8,22700,98.6,-25.5,,,,,,,,,,,,,,,,,,,,,,,,,,,,,,,,,6.7,6.7,6.7,6.7,5.0,0.0,26.0,0.6,-4.82,-4.82,-4.79,-4.8,5.0,0.04,26.0,0.6,4.65,4.65,4.68,4.67,5.0,0.04,26.0,0.6,1019.94,1021.2,1022.57,1021.25,4.0,1.54,26.0,0.5,,,,,,,,,,,,,,,,,,,,,,,,,,,,,,,,,,,,,,,,,,,,,,,,,,,,,,,,,,,,,,,,,,,,,,,,,,,,,,,,,,,,,,,,,,,,,,,,,,,,,,,,,,,,,,,,,,,,,,,,,,,,,,,,
1891,8,22700,100.1,-25.8,,,,,,,,,,,,,,,,,,,,,,,,,,,,,,,,,4.6,4.6,4.6,4.6,1.0,0.0,28.0,1.0,-3.31,-3.31,-3.31,-3.31,1.0,0.0,28.0,1.0,3.2,3.2,3.2,3.2,1.0,0.0,28.0,1.0,1019.8,1019.8,1019.8,1019.8,1.0,0.0,28.0,1.0,,,,,,,,,,,,,,,,,,,,,,,,,,,,,,,,,,,,,,,,,,,,,,,,,,,,,,,,,,,,,,,,,,,,,,,,,,,,,,,,,,,,,,,,,,,,,,,,,,,,,,,,,,,,,,,,,,,,,,,,,,,,,,,,
1891,8,22700,100.3,-21.5,,,,,,,,,,,,,,,,,,,,,,,,,,,,,,,,,3.25,4.65,6.05,4.65,2.0,2.9,14.0,1.0,-5.48,-4.0,-2.53,-4.0,2.0,3.06,14.0,1.0,1.96,2.23,2.49,2.23,2.0,0.55,14.0,1.0,1020.3,1020.3,1020.3,1020.3,1.0,0.0,2.0,1.0,,,,,,,,,,,,,,,,,,,,,,,,,,,,,,,,,,,,,,,,,,,,,,,,,,,,,,,,,,,,,,,,,,,,,,,,,,,,,,,,,,,,,,,,,,,,,,,,,,,,,,,,,,,,,,,,,,,,,,,,,,,,,,,,
1891,8,22700,100.3,-1.6,,,,,,,,,,,,,,,,,,,,,,,,,,,,,,,,,2.6,4.6,6.7,4.34,9.0,2.29,22.0,0.7,-4.14,-1.72,1.31,-1.55,9.0,2.75,22.0,0.7,1.44,4.23,4.61,3.32,9.0,1.95,22.0,0.7,1010.6,1012.0,1013.41,1012.01,7.0,1.39,22.0,0.7,,,,,,,,,,,,,,,,,,,,,,,,,,,,,,,,,,,,,,,,,,,,,,,,,,,,,,,,,,,,,,,,,,,,,,,,,,,,,,,,,,,,,,,,,,,,,,,,,,,,,,,,,,,,,,,,,,,,,,,,,,,,,,,,
1891,8,22700,100.6,-3.6,,,,,,,,,,,,,,,,,,,,,,,,,,,,,,,,,6.7,6.7,10.21,7.98,18.0,2.43,20.0,0.3,-7.22,-5.45,-0.66,-4.37,18.0,3.7,20.0,0.3,4.26,6.19,7.22,5.84,18.0,1.83,20.0,0.3,1007.53,1012.4,1013.3,1011.15,14.0,2.62,18.0,0.3,,,,,,,,,,,,,,,,,,,,,,,,,,,,,,,,,,,,,,,,,,,,,,,,,,,,,,,,,,,,,,,,,,,,,,,,,,,,,,,,,,,,,,,,,,,,,,,,,,,,,,,,,,,,,,,,,,,,,,,,,,,,,,,,
1891,8,22700,100.7,-27.2,,,,,,,,,,,,,,,,,,,,,,,,,,,,,,,,,1.46,4.6,4.6,3.07,3.0,2.66,28.0,0.0,-3.31,-3.31,-1.05,-2.21,3.0,1.91,28.0,0.0,1.01,3.2,3.2,2.13,3.0,1.84,28.0,0.0,1019.99,1020.4,1021.01,1020.5,3.0,0.75,28.0,0.0,,,,,,,,,,,,,,,,,,,,,,,,,,,,,,,,,,,,,,,,,,,,,,,,,,,,,,,,,,,,,,,,,,,,,,,,,,,,,,,,,,,,,,,,,,,,,,,,,,,,,,,,,,,,,,,,,,,,,,,,,,,,,,,,
1891,8,22700,100.8,2.3,,,,,,,,,,,,,,,,,,,,,,,,,,,,,,,,,4.6,4.6,4.6,4.6,1.0,0.0,14.0,1.0,-3.25,-3.25,-3.25,-3.25,1.0,0.0,14.0,1.0,3.25,3.25,3.25,3.25,1.0,0.0,14.0,1.0,1010.3,1010.3,1010.3,1010.3,1.0,0.0,14.0,1.0,,,,,,,,,,,,,,,,,,,,,,,,,,,,,,,,,,,,,,,,,,,,,,,,,,,,,,,,,,,,,,,,,,,,,,,,,,,,,,,,,,,,,,,,,,,,,,,,,,,,,,,,,,,,,,,,,,,,,,,,,,,,,,,,
1891,8,22700,102.5,-27.7,,,,,,,,,,,,,,,,,,,,,,,,,,,,,,,,,2.6,2.6,2.6,2.6,3.0,0.0,28.0,1.0,-1.87,-1.87,-1.85,-1.86,3.0,0.02,28.0,1.0,1.81,1.81,1.83,1.82,3.0,0.02,28.0,1.0,1021.8,1021.8,1021.8,1021.8,2.0,0.0,28.0,1.0,,,,,,,,,,,,,,,,,,,,,,,,,,,,,,,,,,,,,,,,,,,,,,,,,,,,,,,,,,,,,,,,,,,,,,,,,,,,,,,,,,,,,,,,,,,,,,,,,,,,,,,,,,,,,,,,,,,,,,,,,,,,,,,,
1891,8,22700,102.5,-5.5,,,,,,,,,,,,,,,,,,,,,,,,,,,,,,,,,6.7,6.7,9.3,7.9,18.0,1.94,22.0,0.6,-6.58,-4.74,-2.51,-4.67,18.0,2.78,22.0,0.6,4.74,6.19,6.61,5.94,18.0,1.31,22.0,0.6,1008.91,1012.8,1013.7,1011.67,15.0,2.35,20.0,0.7,,,,,,,,,,,,,,,,,,,,,,,,,,,,,,,,,,,,,,,,,,,,,,,,,,,,,,,,,,,,,,,,,,,,,,,,,,,,,,,,,,,,,,,,,,,,,,,,,,,,,,,,,,,,,,,,,,,,,,,,,,,,,,,,
1891,8,22700,102.5,0.8,,,,,,,,,,,,,,,,,,,,,,,,,,,,,,,,,2.92,3.6,4.28,3.6,2.0,1.41,18.0,1.0,-2.74,-1.63,-0.52,-1.63,2.0,2.3,18.0,1.0,2.7,2.93,3.15,2.93,2.0,0.46,18.0,1.0,1011.8,1011.8,1011.8,1011.8,1.0,0.0,10.0,1.0,,,,,,,,,,,,,,,,,,,,,,,,,,,,,,,,,,,,,,,,,,,,,,,,,,,,,,,,,,,,,,,,,,,,,,,,,,,,,,,,,,,,,,,,,,,,,,,,,,,,,,,,,,,,,,,,,,,,,,,,,,,,,,,,
1891,8,22700,102.8,-29.0,,,,,,,,,,,,,,,,,,,,,,,,,,,,,,,,,2.6,2.6,2.6,2.6,1.0,0.0,28.0,1.0,-1.02,-1.02,-1.02,-1.02,1.0,0.0,28.0,1.0,2.39,2.39,2.39,2.39,1.0,0.0,28.0,1.0,1020.4,1020.4,1020.4,1020.4,1.0,0.0,28.0,1.0,,,,,,,,,,,,,,,,,,,,,,,,,,,,,,,,,,,,,,,,,,,,,,,,,,,,,,,,,,,,,,,,,,,,,,,,,,,,,,,,,,,,,,,,,,,,,,,,,,,,,,,,,,,,,,,,,,,,,,,,,,,,,,,,
1891,8,22700,102.8,-23.6,,,,,,,,,,,,,,,,,,,,,,,,,,,,,,,,,5.27,6.7,6.7,6.0,3.0,1.21,16.0,1.0,-6.17,-6.17,-1.96,-4.11,3.0,3.56,16.0,1.0,2.62,2.62,3.97,3.28,3.0,1.14,16.0,1.0,1023.1,1023.1,1023.1,1023.1,1.0,0.0,2.0,1.0,,,,,,,,,,,,,,,,,,,,,,,,,,,,,,,,,,,,,,,,,,,,,,,,,,,,,,,,,,,,,,,,,,,,,,,,,,,,,,,,,,,,,,,,,,,,,,,,,,,,,,,,,,,,,,,,,,,,,,,,,,,,,,,,
1891,8,22700,104.3,0.8,,,,,,,,,,,,,,,,,,,,,,,,,,,,,,,,,2.92,3.6,4.28,3.6,2.0,1.41,16.0,1.0,-2.74,-1.63,-0.52,-1.63,2.0,2.3,16.0,1.0,2.7,2.93,3.15,2.93,2.0,0.46,16.0,1.0,1011.1,1011.1,1011.1,1011.1,1.0,0.0,2.0,1.0,,,,,,,,,,,,,,,,,,,,,,,,,,,,,,,,,,,,,,,,,,,,,,,,,,,,,,,,,,,,,,,,,,,,,,,,,,,,,,,,,,,,,,,,,,,,,,,,,,,,,,,,,,,,,,,,,,,,,,,,,,,,,,,,
1891,8,22700,104.3,2.3,,,,,,,,,,,,,,,,,,,,,,,,,,,,,,,,,2.6,2.6,2.6,2.6,1.0,0.0,4.0,1.0,1.02,1.02,1.02,1.02,1.0,0.0,4.0,1.0,2.39,2.39,2.39,2.39,1.0,0.0,4.0,1.0,1009.89,1010.5,1011.11,1010.5,2.0,1.27,10.0,1.0,,,,,,,,,,,,,,,,,,,,,,,,,,,,,,,,,,,,,,,,,,,,,,,,,,,,,,,,,,,,,,,,,,,,,,,,,,,,,,,,,,,,,,,,,,,,,,,,,,,,,,,,,,,,,,,,,,,,,,,,,,,,,,,,
1891,8,22700,104.4,-29.5,,,,,,,,,,,,,,,,,,,,,,,,,,,,,,,,,2.71,5.65,8.06,5.4,4.0,3.51,28.0,0.3,-5.08,-1.85,1.73,-1.69,4.0,4.39,28.0,0.3,2.0,4.41,6.06,4.05,4.0,2.5,28.0,0.3,1022.06,1023.25,1024.76,1023.4,4.0,1.94,28.0,0.3,,,,,,,,,,,,,,,,,,,,,,,,,,,,,,,,,,,,,,,,,,,,,,,,,,,,,,,,,,,,,,,,,,,,,,,,,,,,,,,,,,,,,,,,,,,,,,,,,,,,,,,,,,,,,,,,,,,,,,,,,,,,,,,,
1891,8,22700,104.4,-5.7,,,,,,,,,,,,,,,,,,,,,,,,,,,,,,,,,6.7,6.7,7.65,7.22,5.0,1.16,22.0,0.4,-5.41,-4.74,-3.01,-4.16,5.0,2.46,22.0,0.4,4.74,4.74,6.62,5.5,5.0,1.04,22.0,0.4,1012.29,1012.9,1014.2,1013.23,3.0,1.43,20.0,0.3,,,,,,,,,,,,,,,,,,,,,,,,,,,,,,,,,,,,,,,,,,,,,,,,,,,,,,,,,,,,,,,,,,,,,,,,,,,,,,,,,,,,,,,,,,,,,,,,,,,,,,,,,,,,,,,,,,,,,,,,,,,,,,,,
1891,8,22700,104.6,-7.4,,,,,,,,,,,,,,,,,,,,,,,,,,,,,,,,,6.7,6.7,12.3,8.23,10.0,3.24,10.0,0.4,-10.2,-6.17,-2.44,-6.02,10.0,4.51,10.0,0.4,1.7,4.19,6.19,4.05,10.0,2.62,10.0,0.4,1010.41,1011.5,1012.9,1011.78,8.0,1.21,8.0,0.5,,,,,,,,,,,,,,,,,,,,,,,,,,,,,,,,,,,,,,,,,,,,,,,,,,,,,,,,,,,,,,,,,,,,,,,,,,,,,,,,,,,,,,,,,,,,,,,,,,,,,,,,,,,,,,,,,,,,,,,,,,,,,,,,
1891,8,22700,104.8,-11.2,,,,,,,,,,,,,,,,,,,,,,,,,,,,,,,,,9.3,9.3,9.3,9.3,1.0,0.0,2.0,0.0,-9.3,-9.3,-9.3,-9.3,1.0,0.0,2.0,0.0,0.0,0.0,0.0,0.0,1.0,0.0,2.0,0.0,1013.8,1013.8,1013.8,1013.8,1.0,0.0,2.0,0.0,,,,,,,,,,,,,,,,,,,,,,,,,,,,,,,,,,,,,,,,,,,,,,,,,,,,,,,,,,,,,,,,,,,,,,,,,,,,,,,,,,,,,,,,,,,,,,,,,,,,,,,,,,,,,,,,,,,,,,,,,,,,,,,,
1891,8,22700,104.8,-9.4,,,,,,,,,,,,,,,,,,,,,,,,,,,,,,,,,9.3,9.3,9.3,9.3,3.0,0.0,2.0,0.7,-9.3,-9.3,-9.3,-9.3,3.0,0.0,2.0,0.7,0.0,0.0,0.0,0.0,3.0,0.0,2.0,0.7,1012.18,1013.0,1013.55,1012.87,3.0,1.01,2.0,0.7,,,,,,,,,,,,,,,,,,,,,,,,,,,,,,,,,,,,,,,,,,,,,,,,,,,,,,,,,,,,,,,,,,,,,,,,,,,,,,,,,,,,,,,,,,,,,,,,,,,,,,,,,,,,,,,,,,,,,,,,,,,,,,,,
1891,8,22700,106.0,-29.9,,,,,,,,,,,,,,,,,,,,,,,,,,,,,,,,,9.3,9.3,9.3,9.3,1.0,0.0,30.0,1.0,-6.69,-6.69,-6.69,-6.69,1.0,0.0,30.0,1.0,6.46,6.46,6.46,6.46,1.0,0.0,30.0,1.0,1025.6,1025.6,1025.6,1025.6,1.0,0.0,30.0,1.0,,,,,,,,,,,,,,,,,,,,,,,,,,,,,,,,,,,,,,,,,,,,,,,,,,,,,,,,,,,,,,,,,,,,,,,,,,,,,,,,,,,,,,,,,,,,,,,,,,,,,,,,,,,,,,,,,,,,,,,,,,,,,,,,
1891,8,22700,106.3,-13.2,,,,,,,,,,,,,,,,,,,,,,,,,,,,,,,,,12.3,12.3,12.3,12.3,1.0,0.0,2.0,1.0,-12.3,-12.3,-12.3,-12.3,1.0,0.0,2.0,1.0,0.0,0.0,0.0,0.0,1.0,0.0,2.0,1.0,1013.2,1013.2,1013.2,1013.2,1.0,0.0,2.0,1.0,,,,,,,,,,,,,,,,,,,,,,,,,,,,,,,,,,,,,,,,,,,,,,,,,,,,,,,,,,,,,,,,,,,,,,,,,,,,,,,,,,,,,,,,,,,,,,,,,,,,,,,,,,,,,,,,,,,,,,,,,,,,,,,,
1891,8,22700,106.3,-11.6,,,,,,,,,,,,,,,,,,,,,,,,,,,,,,,,,6.7,6.7,10.52,8.57,3.0,3.23,2.0,0.7,-10.52,-6.7,-6.7,-8.57,3.0,3.23,2.0,0.7,0.0,0.0,0.0,0.0,3.0,0.0,2.0,0.7,1011.74,1012.9,1013.1,1012.43,3.0,1.08,2.0,0.7,,,,,,,,,,,,,,,,,,,,,,,,,,,,,,,,,,,,,,,,,,,,,,,,,,,,,,,,,,,,,,,,,,,,,,,,,,,,,,,,,,,,,,,,,,,,,,,,,,,,,,,,,,,,,,,,,,,,,,,,,,,,,,,,
1891,8,22700,106.3,4.3,,,,,,,,,,,,,,,,,,,,,,,,,,,,,,,,,4.6,4.6,4.6,4.6,1.0,0.0,6.0,1.0,1.8,1.8,1.8,1.8,1.0,0.0,6.0,1.0,4.23,4.23,4.23,4.23,1.0,0.0,6.0,1.0,1008.6,1008.6,1008.6,1008.6,1.0,0.0,6.0,1.0,,,,,,,,,,,,,,,,,,,,,,,,,,,,,,,,,,,,,,,,,,,,,,,,,,,,,,,,,,,,,,,,,,,,,,,,,,,,,,,,,,,,,,,,,,,,,,,,,,,,,,,,,,,,,,,,,,,,,,,,,,,,,,,,
1891,8,22700,106.4,6.3,,,,,,,,,,,,,,,,,,,,,,,,,,,,,,,,,4.55,8.0,9.3,6.98,4.0,3.16,14.0,1.0,0.88,4.03,6.4,3.66,4.0,3.25,14.0,1.0,2.16,4.54,8.0,5.06,4.0,3.52,14.0,1.0,1008.66,1008.8,1010.23,1009.43,3.0,1.27,8.0,1.0,,,,,,,,,,,,,,,,,,,,,,,,,,,,,,,,,,,,,,,,,,,,,,,,,,,,,,,,,,,,,,,,,,,,,,,,,,,,,,,,,,,,,,,,,,,,,,,,,,,,,,,,,,,,,,,,,,,,,,,,,,,,,,,,
1891,8,22700,106.5,-27.5,,,,,,,,,,,,,,,,,,,,,,,,,,,,,,,,,2.32,5.15,7.98,5.15,2.0,5.87,14.0,1.0,-5.47,-3.09,-0.71,-3.09,2.0,4.93,14.0,1.0,1.82,3.75,5.68,3.75,2.0,4.0,14.0,1.0,1023.7,1023.7,1023.7,1023.7,1.0,0.0,4.0,1.0,,,,,,,,,,,,,,,,,,,,,,,,,,,,,,,,,,,,,,,,,,,,,,,,,,,,,,,,,,,,,,,,,,,,,,,,,,,,,,,,,,,,,,,,,,,,,,,,,,,,,,,,,,,,,,,,,,,,,,,,,,,,,,,,
1891,8,22700,106.6,-31.4,,,,,,,,,,,,,,,,,,,,,,,,,,,,,,,,,5.6,8.0,9.3,7.48,4.0,2.28,30.0,0.3,-6.69,-5.75,-4.0,-5.36,4.0,1.66,30.0,0.3,3.92,5.56,6.46,5.21,4.0,1.56,30.0,0.3,1027.18,1027.85,1028.52,1027.85,4.0,0.88,30.0,0.3,,,,,,,,,,,,,,,,,,,,,,,,,,,,,,,,,,,,,,,,,,,,,,,,,,,,,,,,,,,,,,,,,,,,,,,,,,,,,,,,,,,,,,,,,,,,,,,,,,,,,,,,,,,,,,,,,,,,,,,,,,,,,,,,
1891,8,22700,108.2,-31.9,,,,,,,,,,,,,,,,,,,,,,,,,,,,,,,,,4.6,4.6,4.6,4.6,1.0,0.0,30.0,1.0,-3.25,-3.25,-3.25,-3.25,1.0,0.0,30.0,1.0,3.25,3.25,3.25,3.25,1.0,0.0,30.0,1.0,1026.7,1026.7,1026.7,1026.7,1.0,0.0,30.0,1.0,,,,,,,,,,,,,,,,,,,,,,,,,,,,,,,,,,,,,,,,,,,,,,,,,,,,,,,,,,,,,,,,,,,,,,,,,,,,,,,,,,,,,,,,,,,,,,,,,,,,,,,,,,,,,,,,,,,,,,,,,,,,,,,,
1891,8,22700,108.6,-33.2,,,,,,,,,,,,,,,,,,,,,,,,,,,,,,,,,0.16,0.5,0.84,0.5,2.0,0.71,30.0,1.0,-0.59,-0.35,-0.11,-0.35,2.0,0.5,30.0,1.0,0.11,0.35,0.59,0.35,2.0,0.5,30.0,1.0,1026.46,1026.6,1026.74,1026.6,2.0,0.28,30.0,1.0,,,,,,,,,,,,,,,,,,,,,,,,,,,,,,,,,,,,,,,,,,,,,,,,,,,,,,,,,,,,,,,,,,,,,,,,,,,,,,,,,,,,,,,,,,,,,,,,,,,,,,,,,,,,,,,,,,,,,,,,,,,,,,,,
1891,8,22700,108.6,10.4,,,,,,,,,,,,,,,,,,,,,,,,,,,,,,,,,5.27,6.7,8.47,6.87,3.0,2.35,18.0,1.0,-0.94,6.21,6.46,2.84,3.0,6.16,18.0,1.0,-0.38,2.51,5.29,2.45,3.0,4.15,18.0,1.0,1005.31,1005.55,1005.79,1005.55,2.0,0.5,12.0,1.0,,,,,,,,,,,,,,,,,,,,,,,,,,,,,,,,,,,,,,,,,,,,,,,,,,,,,,,,,,,,,,,,,,,,,,,,,,,,,,,,,,,,,,,,,,,,,,,,,,,,,,,,,,,,,,,,,,,,,,,,,,,,,,,,
1891,8,22700,108.8,-29.7,,,,,,,,,,,,,,,,,,,,,,,,,,,,,,,,,4.6,4.6,4.6,4.6,1.0,0.0,4.0,1.0,4.27,4.27,4.27,4.27,1.0,0.0,4.0,1.0,1.72,1.72,1.72,1.72,1.0,0.0,4.0,1.0,1022.1,1022.1,1022.1,1022.1,1.0,0.0,4.0,1.0,,,,,,,,,,,,,,,,,,,,,,,,,,,,,,,,,,,,,,,,,,,,,,,,,,,,,,,,,,,,,,,,,,,,,,,,,,,,,,,,,,,,,,,,,,,,,,,,,,,,,,,,,,,,,,,,,,,,,,,,,,,,,,,,
1891,8,22700,108.8,8.3,,,,,,,,,,,,,,,,,,,,,,,,,,,,,,,,,9.3,9.3,9.3,9.3,1.0,0.0,6.0,1.0,6.58,6.58,6.58,6.58,1.0,0.0,6.0,1.0,6.58,6.58,6.58,6.58,1.0,0.0,6.0,1.0,1008.7,1008.7,1008.7,1008.7,1.0,0.0,6.0,1.0,,,,,,,,,,,,,,,,,,,,,,,,,,,,,,,,,,,,,,,,,,,,,,,,,,,,,,,,,,,,,,,,,,,,,,,,,,,,,,,,,,,,,,,,,,,,,,,,,,,,,,,,,,,,,,,,,,,,,,,,,,,,,,,,
1891,8,22700,108.8,12.8,,,,,,,,,,,,,,,,,,,,,,,,,,,,,,,,,9.3,9.3,9.3,9.3,1.0,0.0,2.0,1.0,8.62,8.62,8.62,8.62,1.0,0.0,2.0,1.0,3.48,3.48,3.48,3.48,1.0,0.0,2.0,1.0,1003.4,1003.4,1003.4,1003.4,1.0,0.0,2.0,1.0,,,,,,,,,,,,,,,,,,,,,,,,,,,,,,,,,,,,,,,,,,,,,,,,,,,,,,,,,,,,,,,,,,,,,,,,,,,,,,,,,,,,,,,,,,,,,,,,,,,,,,,,,,,,,,,,,,,,,,,,,,,,,,,,
1891,8,22700,110.3,10.3,,,,,,,,,,,,,,,,,,,,,,,,,,,,,,,,,9.3,9.3,9.3,9.3,1.0,0.0,4.0,1.0,6.58,6.58,6.58,6.58,1.0,0.0,4.0,1.0,6.58,6.58,6.58,6.58,1.0,0.0,4.0,1.0,1007.8,1007.8,1007.8,1007.8,1.0,0.0,4.0,1.0,,,,,,,,,,,,,,,,,,,,,,,,,,,,,,,,,,,,,,,,,,,,,,,,,,,,,,,,,,,,,,,,,,,,,,,,,,,,,,,,,,,,,,,,,,,,,,,,,,,,,,,,,,,,,,,,,,,,,,,,,,,,,,,,
1891,8,22700,110.4,-33.7,,,,,,,,,,,,,,,,,,,,,,,,,,,,,,,,,0.32,1.0,4.89,2.57,3.0,3.61,30.0,0.0,0.22,0.69,4.4,2.27,3.0,3.35,30.0,0.0,-2.09,-0.72,-0.23,-1.15,3.0,1.41,30.0,0.0,1019.83,1022.7,1024.2,1022.03,3.0,3.25,30.0,0.0,,,,,,,,,,,,,,,,,,,,,,,,,,,,,,,,,,,,,,,,,,,,,,,,,,,,,,,,,,,,,,,,,,,,,,,,,,,,,,,,,,,,,,,,,,,,,,,,,,,,,,,,,,,,,,,,,,,,,,,,,,,,,,,,
1891,8,22700,110.5,14.8,,,,,,,,,,,,,,,,,,,,,,,,,,,,,,,,,5.35,6.95,8.55,6.95,2.0,3.32,14.0,1.0,-6.05,-4.91,-3.78,-4.91,2.0,2.35,14.0,1.0,-5.02,-1.66,1.69,-1.66,2.0,6.95,14.0,1.0,1002.98,1004.45,1005.92,1004.45,2.0,3.04,14.0,1.0,,,,,,,,,,,,,,,,,,,,,,,,,,,,,,,,,,,,,,,,,,,,,,,,,,,,,,,,,,,,,,,,,,,,,,,,,,,,,,,,,,,,,,,,,,,,,,,,,,,,,,,,,,,,,,,,,,,,,,,,,,,,,,,,
1891,8,22700,110.8,12.5,,,,,,,,,,,,,,,,,,,,,,,,,,,,,,,,,9.3,9.3,9.3,9.3,2.0,0.0,18.0,1.0,4.53,6.47,8.4,6.47,2.0,4.01,18.0,1.0,1.36,4.28,7.2,4.28,2.0,6.05,18.0,1.0,1003.16,1003.3,1003.44,1003.3,2.0,0.28,18.0,1.0,,,,,,,,,,,,,,,,,,,,,,,,,,,,,,,,,,,,,,,,,,,,,,,,,,,,,,,,,,,,,,,,,,,,,,,,,,,,,,,,,,,,,,,,,,,,,,,,,,,,,,,,,,,,,,,,,,,,,,,,,,,,,,,,
1891,8,22700,110.8,18.8,,,,,,,,,,,,,,,,,,,,,,,,,,,,,,,,,6.7,6.7,6.7,6.7,1.0,0.0,22.0,1.0,-4.74,-4.74,-4.74,-4.74,1.0,0.0,22.0,1.0,-4.74,-4.74,-4.74,-4.74,1.0,0.0,22.0,1.0,1003.7,1003.7,1003.7,1003.7,1.0,0.0,22.0,1.0,,,,,,,,,,,,,,,,,,,,,,,,,,,,,,,,,,,,,,,,,,,,,,,,,,,,,,,,,,,,,,,,,,,,,,,,,,,,,,,,,,,,,,,,,,,,,,,,,,,,,,,,,,,,,,,,,,,,,,,,,,,,,,,,
1891,8,22700,111.0,-35.1,,,,,,,,,,,,,,,,,,,,,,,,,,,,,,,,,9.3,9.3,9.3,9.3,1.0,0.0,30.0,1.0,8.5,8.5,8.5,8.5,1.0,0.0,30.0,1.0,-3.78,-3.78,-3.78,-3.78,1.0,0.0,30.0,1.0,1018.7,1018.7,1018.7,1018.7,1.0,0.0,30.0,1.0,,,,,,,,,,,,,,,,,,,,,,,,,,,,,,,,,,,,,,,,,,,,,,,,,,,,,,,,,,,,,,,,,,,,,,,,,,,,,,,,,,,,,,,,,,,,,,,,,,,,,,,,,,,,,,,,,,,,,,,,,,,,,,,,
1891,8,22700,112.3,-33.2,,,,,,,,,,,,,,,,,,,,,,,,,,,,,,,,,4.6,4.6,4.6,4.6,1.0,0.0,6.0,1.0,4.6,4.6,4.6,4.6,1.0,0.0,6.0,1.0,0.0,0.0,0.0,0.0,1.0,0.0,6.0,1.0,1018.7,1018.7,1018.7,1018.7,1.0,0.0,6.0,1.0,,,,,,,,,,,,,,,,,,,,,,,,,,,,,,,,,,,,,,,,,,,,,,,,,,,,,,,,,,,,,,,,,,,,,,,,,,,,,,,,,,,,,,,,,,,,,,,,,,,,,,,,,,,,,,,,,,,,,,,,,,,,,,,,
1891,8,22700,112.5,-35.3,,,,,,,,,,,,,,,,,,,,,,,,,,,,,,,,,12.3,12.3,12.3,12.3,2.0,0.0,30.0,1.0,10.56,10.83,11.11,10.83,2.0,0.57,30.0,1.0,-6.28,-5.76,-5.24,-5.76,2.0,1.07,30.0,1.0,1013.65,1013.75,1013.85,1013.75,2.0,0.21,30.0,1.0,,,,,,,,,,,,,,,,,,,,,,,,,,,,,,,,,,,,,,,,,,,,,,,,,,,,,,,,,,,,,,,,,,,,,,,,,,,,,,,,,,,,,,,,,,,,,,,,,,,,,,,,,,,,,,,,,,,,,,,,,,,,,,,,
1891,8,22700,112.8,16.3,,,,,,,,,,,,,,,,,,,,,,,,,,,,,,,,,6.7,6.7,6.7,6.7,1.0,0.0,4.0,1.0,2.62,2.62,2.62,2.62,1.0,0.0,4.0,1.0,6.17,6.17,6.17,6.17,1.0,0.0,4.0,1.0,1002.9,1002.9,1002.9,1002.9,1.0,0.0,4.0,1.0,,,,,,,,,,,,,,,,,,,,,,,,,,,,,,,,,,,,,,,,,,,,,,,,,,,,,,,,,,,,,,,,,,,,,,,,,,,,,,,,,,,,,,,,,,,,,,,,,,,,,,,,,,,,,,,,,,,,,,,,,,,,,,,,
1891,8,22700,112.8,18.3,,,,,,,,,,,,,,,,,,,,,,,,,,,,,,,,,0.0,0.0,0.0,0.0,1.0,0.0,30.0,1.0,0.0,0.0,0.0,0.0,1.0,0.0,30.0,1.0,0.0,0.0,0.0,0.0,1.0,0.0,30.0,1.0,1005.7,1005.7,1005.7,1005.7,1.0,0.0,30.0,1.0,,,,,,,,,,,,,,,,,,,,,,,,,,,,,,,,,,,,,,,,,,,,,,,,,,,,,,,,,,,,,,,,,,,,,,,,,,,,,,,,,,,,,,,,,,,,,,,,,,,,,,,,,,,,,,,,,,,,,,,,,,,,,,,,
1891,8,22700,114.4,-35.6,,,,,,,,,,,,,,,,,,,,,,,,,,,,,,,,,4.6,4.6,7.81,6.17,3.0,2.71,30.0,0.0,1.94,3.9,6.62,4.27,3.0,3.44,30.0,0.0,-4.79,-4.48,-3.09,-3.95,3.0,1.33,30.0,0.0,1011.4,1011.6,1011.67,1011.53,3.0,0.21,30.0,0.0,,,,,,,,,,,,,,,,,,,,,,,,,,,,,,,,,,,,,,,,,,,,,,,,,,,,,,,,,,,,,,,,,,,,,,,,,,,,,,,,,,,,,,,,,,,,,,,,,,,,,,,,,,,,,,,,,,,,,,,,,,,,,,,,
1891,8,22700,114.6,22.2,,,,,,,,,,,,,,,,,,,,,,,,,,,,,,,,,2.82,5.65,9.01,6.18,8.0,3.35,18.0,0.8,-9.01,-5.51,-2.46,-5.01,8.0,4.67,18.0,0.8,0.0,0.44,2.8,1.2,8.0,1.61,18.0,0.8,1003.46,1004.2,1004.96,1004.17,6.0,0.84,16.0,0.7,1.0,2.0,4.8,2.6,8.0,1.9,18.0,0.8,95.4,95.4,95.4,95.4,1.0,0.0,18.0,1.0,-81.9,-32.4,-6.4,-41.9,8.0,51.3,18.0,0.8,0.0,1.2,12.9,9.4,8.0,17.8,18.0,0.8,,,,,,,,,,,,,,,,,,,,,,,,,,,,,,,,,,,,,,,,,,,,,,,,,,,,,,,,,,,,,,,,,,,,,,,,,,,,,,,,,,,,,,,,,,,,,,,,
1891,8,22700,116.5,-35.7,,,,,,,,,,,,,,,,,,,,,,,,,,,,,,,,,6.31,10.0,13.69,10.0,2.0,7.64,14.0,1.0,6.01,9.82,13.63,9.82,2.0,7.9,14.0,1.0,-1.51,-0.9,-0.29,-0.9,2.0,1.27,14.0,1.0,1017.9,1017.9,1017.9,1017.9,1.0,0.0,6.0,1.0,,,,,,,,,,,,,,,,,,,,,,,,,,,,,,,,,,,,,,,,,,,,,,,,,,,,,,,,,,,,,,,,,,,,,,,,,,,,,,,,,,,,,,,,,,,,,,,,,,,,,,,,,,,,,,,,,,,,,,,,,,,,,,,,
1891,8,22700,116.5,22.5,,,,,,,,,,,,,,,,,,,,,,,,,,,,,,,,,,,,,,,,,,,,,,,,,,,,,,,,,,,,,,,,,1.4,2.0,5.2,2.9,16.0,2.0,20.0,0.4,96.0,100.0,100.0,98.4,5.0,2.2,18.0,1.0,-20.5,-6.8,10.3,-8.8,17.0,17.3,22.0,0.6,-8.6,5.2,14.8,4.5,17.0,16.4,22.0,0.6,-2.35,-1.1,0.0,-1.34,18.0,1.52,18.0,0.6,-13.7,-4.4,-0.3,-6.0,15.0,7.6,20.0,0.6,-1.09,-0.83,0.95,-0.26,5.0,1.14,18.0,1.0,-5.5,-3.8,-0.5,-3.1,4.0,4.0,20.0,1.0,,,,,,,,,,,,,,,,,,,,,,,,,,,,,,,,,-2.3,-0.8,0.0,-1.1,4.0,1.4,20.0,1.0,-4.9,-0.3,2.9,-1.0,4.0,4.8,20.0,1.0,17.5,97.5,191.0,114.5,17.0,95.0,22.0,0.6,20.0,95.0,190.0,115.0,17.0,95.0,22.0,0.6
1891,8,22700,116.5,22.6,25.6,27.2,27.8,26.84,20.0,1.04,20.0,0.6,26.7,28.05,28.9,28.11,18.0,1.32,18.0,0.6,22.61,23.57,23.85,23.27,5.0,0.92,18.0,1.0,96.0,100.0,100.0,98.4,5.0,2.2,18.0,1.0,,,,,,,,,,,,,,,,,,,,,,,,,,,,,,,,,,,,,,,,,,,,,,,,,,,,,,,,,,,,,,,,,,,,,,,,,,,,,,,,,,,,,,,,,,,,,,,,,,,,,,,,,,,,,,,,,,,,,,,,,,,,,,,,,,,,,,,,,,,,,,,,,,,,,,,,,,,,,,,,
1891,8,22700,116.6,22.6,,,,,,,,,,,,,,,,,,,,,,,,,,,,,,,,,2.6,4.6,5.57,4.5,17.0,1.35,22.0,0.6,-4.45,-2.51,2.7,-1.63,17.0,3.23,22.0,0.6,-2.26,1.57,3.22,0.97,17.0,3.01,22.0,0.6,1001.51,1004.75,1006.9,1004.53,20.0,3.95,20.0,0.6,,,,,,,,,,,,,,,,,,,,,,,,,,,,,,,,,,,,,,,,,,,,,,,,,,,,,,,,,,,,,,,,,-130.1,-56.4,85.0,-37.6,15.0,93.4,20.0,0.6,0.0,50.7,96.6,43.9,15.0,72.4,20.0,0.6,-19.1,0.0,43.6,11.7,4.0,50.7,20.0,1.0,-36.1,56.6,91.8,29.1,4.0,95.9,20.0,1.0,,,,,,,,,,,,,,,,,,,,,,,,,,,,,,,,
1891,8,22700,118.1,22.8,,,,,,,,,,,,,,,,,,,,,,,,,,,,,,,,,2.92,3.6,4.28,3.6,2.0,1.41,22.0,1.0,-0.3,1.25,2.8,1.25,2.0,3.21,22.0,1.0,-1.54,0.28,2.11,0.28,2.0,3.78,22.0,1.0,1002.76,1003.75,1004.74,1003.75,2.0,2.05,22.0,1.0,,,,,,,,,,,,,,,,,,,,,,,,,,,,,,,,,,,,,,,,,,,,,,,,,,,,,,,,,,,,,,,,,,,,,,,,,,,,,,,,,,,,,,,,,,,,,,,,,,,,,,,,,,,,,,,,,,,,,,,,,,,,,,,,
1891,8,22700,118.4,24.1,,,,,,,,,,,,,,,,,,,,,,,,,,,,,,,,,,,,,,,,,,,,,,,,,,,,,,,,,,,,,,,,,,,,,,,,,,,,,,,,,,,,,,,,,,,,,,,,,,,,,,,,,,,,,,,,,,,,,,,,,,,,,,,,,,,,,,,,,,,,,,,,,,,,,,,,,,,,,,,,,-5.5,2.0,2.9,-1.3,3.0,6.8,14.0,1.0,-4.6,1.6,2.4,-1.1,3.0,5.7,14.0,1.0,8.0,57.5,97.5,74.5,10.0,90.5,16.0,0.7,10.0,55.0,95.0,75.0,10.0,90.0,16.0,0.7
1891,8,22700,118.4,24.2,26.91,27.8,28.17,27.52,10.0,0.71,16.0,0.7,27.33,27.8,29.27,28.19,10.0,1.03,16.0,0.7,21.81,21.82,22.82,22.3,3.0,0.85,14.0,1.0,96.0,96.0,96.0,96.0,3.0,0.0,14.0,1.0,1.69,3.6,4.6,3.49,10.0,1.83,16.0,0.7,-4.14,-1.19,2.87,-0.92,10.0,3.12,16.0,0.7,-2.41,0.38,2.54,0.07,10.0,2.48,16.0,0.7,1003.6,1004.55,1005.43,1004.95,10.0,2.5,16.0,0.7,2.0,2.0,3.0,2.9,9.0,1.6,16.0,0.7,96.0,96.0,96.0,96.0,3.0,0.0,14.0,1.0,-19.0,-2.5,11.5,-4.5,10.0,15.9,16.0,0.7,-9.6,0.4,10.0,-1.0,10.0,12.7,16.0,0.7,-1.7,-0.3,0.29,-0.67,10.0,1.04,16.0,0.7,-6.7,-0.8,0.3,-2.0,10.0,3.8,16.0,0.7,0.95,0.99,1.51,1.22,3.0,0.46,14.0,1.0,3.1,4.3,9.4,6.2,3.0,4.9,14.0,1.0,-116.4,-34.8,78.9,-26.2,10.0,86.6,16.0,0.7,-66.9,11.5,71.6,2.7,10.0,68.7,16.0,0.7,-61.7,46.4,67.2,3.8,3.0,101.4,14.0,1.0,-51.8,38.9,56.4,3.2,3.0,85.1,14.0,1.0,,,,,,,,,,,,,,,,,,,,,,,,,,,,,,,,
1891,8,22700,120.1,24.6,,,,,,,,,,,,,,,,,,,,,,,,,,,,,,,,,,,,,,,,,,,,,,,,,,,,,,,,,,,,,,,,,,,,,,,,,,,,,,,,,,,,,,,,,,,,,,,,,,,,,,,,,,,,,,,,,,,,,,,,,,,,,,,,,,,,,,,,,,,,,,,,,,,,,,,,,,,,,,,,,-1.5,-0.7,0.2,-0.7,2.0,1.7,26.0,1.0,-1.2,-0.6,0.1,-0.6,2.0,1.4,26.0,1.0,17.5,97.5,301.0,204.5,8.0,270.5,16.0,0.6,20.0,95.0,300.0,205.0,8.0,270.0,16.0,0.6
1891,8,22700,120.2,24.6,26.76,27.5,27.8,27.23,8.0,1.03,16.0,0.6,26.76,27.8,28.83,28.14,8.0,1.63,16.0,0.6,21.89,22.14,22.39,22.14,2.0,0.52,26.0,1.0,95.5,95.7,95.9,95.7,2.0,0.4,26.0,1.0,2.6,4.6,6.7,4.76,8.0,2.72,16.0,0.6,-4.78,-0.17,2.26,-0.85,8.0,3.72,16.0,0.6,-4.01,1.31,4.42,0.56,8.0,4.27,16.0,0.6,1001.9,1002.9,1004.17,1003.26,8.0,1.8,16.0,0.6,2.0,2.0,8.0,4.3,7.0,2.9,16.0,0.6,95.5,95.7,95.9,95.7,2.0,0.4,26.0,1.0,-31.1,-0.2,14.2,-8.7,8.0,28.1,16.0,0.6,-26.1,2.6,20.3,-0.8,8.0,30.2,16.0,0.6,-1.69,-0.6,0.0,-0.91,8.0,1.51,16.0,0.6,-7.4,-2.7,0.0,-2.9,8.0,4.9,16.0,0.6,0.37,0.6,0.82,0.6,2.0,0.47,26.0,1.0,1.0,1.6,2.1,1.6,2.0,1.2,26.0,1.0,-137.9,-5.4,63.8,-24.6,8.0,103.9,16.0,0.6,-115.7,38.1,118.0,15.0,8.0,119.2,16.0,0.6,-29.4,0.7,30.8,0.7,2.0,62.4,26.0,1.0,-24.6,0.6,25.9,0.6,2.0,52.3,26.0,1.0,,,,,,,,,,,,,,,,,,,,,,,,,,,,,,,,
1891,8,22700,120.3,-35.7,,,,,,,,,,,,,,,,,,,,,,,,,,,,,,,,,1.0,1.0,1.0,1.0,1.0,0.0,8.0,1.0,0.93,0.93,0.93,0.93,1.0,0.0,8.0,1.0,0.37,0.37,0.37,0.37,1.0,0.0,8.0,1.0,1020.7,1020.7,1020.7,1020.7,1.0,0.0,8.0,1.0,,,,,,,,,,,,,,,,,,,,,,,,,,,,,,,,,,,,,,,,,,,,,,,,,,,,,,,,,,,,,,,,,,,,,,,,,,,,,,,,,,,,,,,,,,,,,,,,,,,,,,,,,,,,,,,,,,,,,,,,,,,,,,,,
1891,8,22700,120.8,26.1,,,,,,,,,,,,,,,,,,,,,,,,,,,,,,,,,,,,,,,,,,,,,,,,,,,,,,,,,,,,,,,,,3.0,3.0,3.0,3.0,2.0,0.0,12.0,1.0,96.0,96.0,98.7,97.3,3.0,2.3,16.0,1.0,-19.0,-2.2,8.5,-5.1,4.0,20.2,20.0,1.0,9.2,17.4,52.1,30.0,4.0,34.1,20.0,1.0,,,,,,,,,,,,,,,,,,,,,,,,,,,,,,,,,,,,,,,,,,,,,,,,,,,,,,,,,,,,,,,,,-1.6,-1.0,-0.3,-1.0,2.0,1.4,12.0,1.0,-0.1,3.2,6.5,3.2,2.0,6.8,12.0,1.0,55.5,97.5,467.5,254.0,4.0,368.5,20.0,1.0,55.0,95.0,470.0,255.0,4.0,370.0,20.0,1.0
1891,8,22700,120.8,26.3,27.06,27.2,27.61,27.33,3.0,0.42,16.0,1.0,27.34,27.65,28.06,27.7,4.0,0.47,20.0,1.0,22.24,23.33,23.46,22.86,3.0,0.98,16.0,1.0,96.0,96.0,98.7,97.3,3.0,2.3,16.0,1.0,3.55,4.6,7.06,5.28,4.0,2.84,20.0,1.0,-2.62,-0.84,1.85,-0.41,4.0,2.98,20.0,1.0,2.45,3.78,6.71,4.54,4.0,2.93,20.0,1.0,1004.7,1006.4,1007.79,1006.25,4.0,2.09,20.0,1.0,,,,,,,,,,,,,,,,,,,,,,,,,,,,,,,,,-0.91,-0.5,0.25,-0.33,3.0,0.86,16.0,1.0,-4.9,-4.6,0.4,-2.3,3.0,4.4,16.0,1.0,-0.18,0.6,1.39,0.6,2.0,1.63,12.0,1.0,-0.8,2.8,6.4,2.8,2.0,7.5,12.0,1.0,-72.3,-23.2,52.2,-10.6,4.0,83.3,20.0,1.0,68.8,104.4,183.8,125.3,4.0,79.8,20.0,1.0,-26.8,0.0,56.1,14.3,3.0,62.0,16.0,1.0,53.9,69.0,90.1,71.9,3.0,26.7,16.0,1.0,,,,,,,,,,,,,,,,,,,,,,,,,,,,,,,,
1891,8,22700,122.4,30.6,,,,,,,,,,,,,,,,,,,,,,,,,,,,,,,,,2.6,4.6,6.82,4.71,7.0,2.53,18.0,0.4,-4.8,-2.29,-1.4,-2.76,7.0,3.28,18.0,0.4,-0.15,1.67,4.42,1.71,7.0,3.04,18.0,0.4,1013.33,1013.7,1015.45,1014.1,7.0,1.43,18.0,0.4,,,,,,,,,,,,,,,,,,,,,,,,,,,,,,,,,,,,,,,,,,,,,,,,,,,,,,,,,,,,,,,,,,,,,,,,,,,,,,,,,,,,,,,,,,,,,,,,,,,,,,,,,,,,,,,,,,,,,,,,,,,,,,,,
1891,8,22700,122.6,26.6,27.2,27.8,28.06,27.72,6.0,0.44,18.0,1.0,27.8,27.8,28.74,28.24,5.0,0.74,20.0,1.0,22.41,22.82,23.41,22.9,4.0,0.59,22.0,1.0,95.4,95.7,98.1,96.7,4.0,2.2,22.0,1.0,3.86,4.6,5.03,4.35,6.0,1.84,18.0,1.0,-0.73,1.76,3.86,1.44,6.0,3.2,18.0,1.0,0.18,2.96,4.37,2.14,6.0,2.81,18.0,1.0,1006.74,1008.6,1009.97,1008.35,6.0,2.29,18.0,1.0,,,,,,,,,,,,,,,,,,,,,,,,,,,,,,,,,-0.93,-0.6,0.0,-0.54,5.0,0.61,20.0,1.0,-2.8,-1.5,0.0,-1.4,5.0,1.4,20.0,1.0,0.13,0.27,0.64,0.38,4.0,0.42,22.0,1.0,0.6,1.2,3.0,1.7,4.0,1.9,22.0,1.0,-36.4,0.0,114.3,28.2,5.0,94.8,20.0,1.0,-11.8,82.2,122.7,55.1,5.0,86.8,20.0,1.0,-42.8,39.5,101.0,29.5,4.0,89.6,22.0,1.0,-4.4,83.9,102.4,50.6,4.0,81.3,22.0,1.0,-1.8,0.0,0.5,-0.6,4.0,1.9,22.0,1.0,-1.5,0.4,1.0,-0.2,4.0,1.9,22.0,1.0,77.5,97.5,139.5,115.0,6.0,98.5,18.0,1.0,75.0,95.0,140.0,115.0,6.0,100.0,18.0,1.0
1891,8,22700,122.8,26.6,,,,,,,,,,,,,,,,,,,,,,,,,,,,,,,,,,,,,,,,,,,,,,,,,,,,,,,,,,,,,,,,,2.2,2.5,2.8,2.5,2.0,0.7,26.0,1.0,95.4,95.7,98.1,96.7,4.0,2.2,22.0,1.0,-3.3,8.1,20.0,8.4,6.0,17.6,18.0,1.0,-2.0,13.6,22.7,10.8,6.0,15.1,18.0,1.0,,,,,,,,,,,,,,,,,,,,,,,,,,,,,,,,,,,,,,,,,,,,,,,,,,,,,,,,,,,,,,,,,,,,,,,,,,,,,,,,,,,,,,,,,,,,,,,,
1891,8,22700,122.9,32.3,,,,,,,,,,,,,,,,,,,,,,,,,,,,,,,,,2.6,2.6,2.6,2.6,1.0,0.0,6.0,1.0,0.89,0.89,0.89,0.89,1.0,0.0,6.0,1.0,2.44,2.44,2.44,2.44,1.0,0.0,6.0,1.0,1013.7,1013.7,1013.7,1013.7,1.0,0.0,6.0,1.0,,,,,,,,,,,,,,,,,,,,,,,,,,,,,,,,,,,,,,,,,,,,,,,,,,,,,,,,,,,,,,,,,,,,,,,,,,,,,,,,,,,,,,,,,,,,,,,,,,,,,,,,,,,,,,,,,,,,,,,,,,,,,,,,
1891,8,22700,124.5,28.5,27.88,28.05,28.22,28.05,2.0,0.35,12.0,1.0,27.2,27.2,27.61,27.4,3.0,0.35,18.0,1.0,21.63,21.74,21.79,21.71,3.0,0.11,18.0,1.0,93.0,96.0,96.0,94.5,3.0,2.5,18.0,1.0,,,,,,,,,,,,,,,,,,,,,,,,,,,,,,,,,3.0,3.0,3.0,3.0,2.0,0.0,12.0,1.0,93.0,96.0,96.0,94.5,3.0,2.5,18.0,1.0,-14.6,16.2,16.2,1.2,3.0,26.0,18.0,1.0,13.6,13.6,27.8,20.5,3.0,12.0,18.0,1.0,0.68,0.85,1.02,0.85,2.0,0.35,12.0,1.0,3.1,3.9,4.7,3.9,2.0,1.6,12.0,1.0,1.86,2.11,2.35,2.11,2.0,0.51,12.0,1.0,8.6,9.7,10.8,9.7,2.0,2.3,12.0,1.0,,,,,,,,,,,,,,,,,,,,,,,,,,,,,,,,,6.6,7.4,8.3,7.4,2.0,1.8,12.0,1.0,5.5,6.2,7.0,6.2,2.0,1.5,12.0,1.0,97.5,97.5,236.0,165.0,3.0,117.5,18.0,1.0,95.0,95.0,235.0,165.0,3.0,115.0,18.0,1.0
1891,8,22700,124.6,-35.6,,,,,,,,,,,,,,,,,,,,,,,,,,,,,,,,,1.9,3.85,5.8,3.85,2.0,4.03,16.0,1.0,-0.77,-0.46,-0.15,-0.46,2.0,0.65,16.0,1.0,1.39,3.55,5.7,3.55,2.0,4.46,16.0,1.0,1030.0,1030.0,1030.0,1030.0,1.0,0.0,8.0,1.0,,,,,,,,,,,,,,,,,,,,,,,,,,,,,,,,,,,,,,,,,,,,,,,,,,,,,,,,,,,,,,,,,,,,,,,,,,,,,,,,,,,,,,,,,,,,,,,,,,,,,,,,,,,,,,,,,,,,,,,,,,,,,,,,
1891,8,22700,124.6,28.6,,,,,,,,,,,,,,,,,,,,,,,,,,,,,,,,,4.6,4.6,6.03,5.3,3.0,1.21,18.0,1.0,-1.82,3.52,3.52,0.91,3.0,4.52,18.0,1.0,2.96,2.96,4.44,3.68,3.0,1.26,18.0,1.0,1004.11,1005.2,1007.52,1005.8,3.0,2.55,18.0,1.0,,,,,,,,,,,,,,,,,,,,,,,,,,,,,,,,,,,,,,,,,,,,,,,,,,,,,,,,,,,,,,,,,-51.3,95.8,95.8,24.0,3.0,124.5,18.0,1.0,80.4,80.4,122.9,101.2,3.0,35.9,18.0,1.0,-39.1,76.6,76.8,20.2,3.0,98.0,18.0,1.0,64.3,64.5,96.1,79.9,3.0,26.8,18.0,1.0,,,,,,,,,,,,,,,,,,,,,,,,,,,,,,,,
1891,8,22700,124.6,30.8,,,,,,,,,,,,,,,,,,,,,,,,,,,,,,,,,1.65,4.6,5.37,3.7,5.0,2.53,18.0,0.6,-5.15,0.0,0.73,-1.79,5.0,3.54,18.0,0.6,-1.31,0.0,2.74,0.71,5.0,2.51,18.0,0.6,1012.56,1014.55,1016.86,1014.62,6.0,2.14,20.0,0.5,,,,,,,,,,,,,,,,,,,,,,,,,,,,,,,,,,,,,,,,,,,,,,,,,,,,,,,,,,,,,,,,,,,,,,,,,,,,,,,,,,,,,,,,,,,,,,,,,,,,,,,,,,,,,,,,,,,,,,,,,,,,,,,,
1891,8,22700,126.2,28.9,27.88,28.05,28.22,28.05,2.0,0.35,20.0,1.0,27.8,27.8,27.8,27.8,2.0,0.0,20.0,1.0,22.62,22.97,23.32,22.97,2.0,0.73,20.0,1.0,96.1,97.7,99.3,97.7,2.0,3.2,20.0,1.0,3.25,4.65,6.05,4.65,2.0,2.9,20.0,1.0,-0.59,1.73,4.05,1.73,2.0,4.81,20.0,1.0,2.36,3.15,3.94,3.15,2.0,1.64,20.0,1.0,1006.33,1007.25,1008.17,1007.25,2.0,1.91,20.0,1.0,3.0,3.0,3.0,3.0,1.0,0.0,26.0,1.0,96.1,97.7,99.3,97.7,2.0,3.2,20.0,1.0,1.8,15.0,28.2,15.0,2.0,27.4,20.0,1.0,8.9,17.0,25.1,17.0,2.0,16.7,20.0,1.0,0.08,0.25,0.42,0.25,2.0,0.35,20.0,1.0,0.2,0.7,1.1,0.7,2.0,0.9,20.0,1.0,0.77,0.9,1.03,0.9,2.0,0.27,20.0,1.0,2.7,4.6,6.5,4.6,2.0,3.9,20.0,1.0,-16.4,48.1,112.7,48.1,2.0,133.7,20.0,1.0,65.6,87.5,109.5,87.5,2.0,45.5,20.0,1.0,-14.7,38.0,90.7,38.0,2.0,109.3,20.0,1.0,54.7,71.7,88.8,71.7,2.0,35.3,20.0,1.0,-0.1,2.2,4.5,2.2,2.0,4.8,20.0,1.0,1.9,3.1,4.2,3.1,2.0,2.3,20.0,1.0,62.5,159.0,256.0,159.0,2.0,200.0,20.0,1.0,65.0,160.0,255.0,160.0,2.0,200.0,20.0,1.0
1891,8,22700,126.4,32.0,,,,,,,,,,,,,,,,,,,,,,,,,,,,,,,,,1.51,2.6,5.4,3.43,3.0,2.94,14.0,0.3,-4.5,0.0,0.52,-1.94,3.0,4.05,14.0,0.3,-0.59,0.64,1.98,0.69,3.0,1.88,14.0,0.3,1012.65,1014.9,1016.62,1014.65,4.0,2.43,16.0,0.5,,,,,,,,,,,,,,,,,,,,,,,,,,,,,,,,,,,,,,,,,,,,,,,,,,,,,,,,,,,,,,,,,,,,,,,,,,,,,,,,,,,,,,,,,,,,,,,,,,,,,,,,,,,,,,,,,,,,,,,,,,,,,,,,
1891,8,22700,126.5,30.3,27.2,27.2,27.51,27.35,4.0,0.3,16.0,1.0,27.49,27.8,27.8,27.65,4.0,0.3,16.0,1.0,22.0,22.38,22.99,22.49,4.0,0.74,16.0,1.0,95.4,95.7,98.1,96.7,4.0,2.2,16.0,1.0,2.6,3.6,7.06,4.78,4.0,3.16,16.0,1.0,0.07,3.3,5.92,3.01,4.0,3.76,16.0,1.0,0.8,1.83,4.08,2.41,4.0,2.53,16.0,1.0,1007.71,1009.45,1011.19,1009.45,4.0,2.19,16.0,1.0,2.5,3.5,4.5,3.5,2.0,2.1,20.0,1.0,95.4,95.7,98.1,96.7,4.0,2.2,16.0,1.0,0.2,13.2,44.8,22.1,4.0,31.3,16.0,1.0,2.1,4.8,31.6,16.3,4.0,26.3,16.0,1.0,-0.6,-0.3,0.0,-0.3,4.0,0.35,16.0,1.0,-2.2,-0.8,0.0,-1.1,4.0,1.3,16.0,1.0,0.13,0.27,0.61,0.37,4.0,0.39,16.0,1.0,0.3,1.0,1.8,1.1,4.0,1.0,16.0,1.0,2.5,91.6,164.6,84.0,4.0,104.1,16.0,1.0,22.1,50.3,112.9,66.7,4.0,70.5,16.0,1.0,2.3,73.7,136.5,69.6,4.0,86.6,16.0,1.0,17.9,40.4,94.1,55.3,4.0,59.9,16.0,1.0,-0.8,0.3,0.9,0.1,4.0,1.2,16.0,1.0,0.0,0.2,1.2,0.6,4.0,0.9,16.0,1.0,17.5,57.5,467.5,234.0,4.0,382.0,16.0,1.0,20.0,55.0,470.0,235.0,4.0,380.0,16.0,1.0
1891,8,22700,128.3,-35.5,,,,,,,,,,,,,,,,,,,,,,,,,,,,,,,,,2.92,3.6,4.28,3.6,2.0,1.41,14.0,1.0,-1.74,-0.34,1.07,-0.34,2.0,2.91,14.0,1.0,-3.43,-1.62,0.18,-1.62,2.0,3.73,14.0,1.0,1031.0,1031.0,1031.0,1031.0,1.0,0.0,10.0,1.0,,,,,,,,,,,,,,,,,,,,,,,,,,,,,,,,,,,,,,,,,,,,,,,,,,,,,,,,,,,,,,,,,,,,,,,,,,,,,,,,,,,,,,,,,,,,,,,,,,,,,,,,,,,,,,,,,,,,,,,,,,,,,,,,
1891,8,22700,128.6,32.4,25.79,27.2,27.8,26.92,16.0,1.09,14.0,0.5,26.1,27.2,27.8,27.16,17.0,1.39,16.0,0.5,21.57,22.03,23.0,22.27,4.0,0.93,20.0,1.0,93.4,95.7,98.1,95.7,4.0,3.5,20.0,1.0,0.0,2.6,4.6,3.25,15.0,3.27,14.0,0.5,-2.5,0.0,2.6,-0.07,15.0,2.62,14.0,0.5,0.0,0.0,4.24,1.94,15.0,3.34,14.0,0.5,1008.0,1011.7,1014.1,1011.49,17.0,2.93,16.0,0.5,3.0,4.0,6.0,4.4,16.0,1.9,14.0,0.5,93.4,95.7,98.1,95.7,4.0,3.5,20.0,1.0,-13.4,0.0,6.8,-2.9,15.0,17.0,14.0,0.5,0.0,0.0,19.5,15.5,15.0,37.0,14.0,0.5,-1.1,0.0,0.56,-0.21,16.0,0.8,14.0,0.5,-4.9,0.0,0.0,-1.8,14.0,4.2,14.0,0.4,0.09,0.27,1.27,0.67,3.0,0.94,16.0,1.0,0.2,0.6,1.0,0.6,2.0,0.9,20.0,1.0,-69.4,0.0,67.6,-3.2,15.0,71.7,14.0,0.5,0.0,0.0,117.7,54.6,15.0,94.1,14.0,0.5,-63.5,0.0,54.0,-4.6,3.0,86.1,24.0,1.0,44.2,66.3,94.9,69.5,3.0,37.3,24.0,1.0,,,,,,,,,,,,,,,,,,,,,,,,,,,,,,,,
1891,8,22700,128.7,34.5,22.09,24.4,24.4,23.3,4.0,2.2,14.0,1.0,25.52,26.1,26.41,25.98,4.0,0.71,14.0,1.0,17.82,18.75,19.27,18.55,4.0,0.95,14.0,1.0,87.1,87.2,89.4,88.2,4.0,2.2,14.0,1.0,3.55,4.6,5.7,4.63,4.0,1.67,14.0,1.0,-0.61,3.09,4.88,2.18,4.0,3.55,14.0,1.0,0.0,2.15,4.32,2.16,4.0,2.49,14.0,1.0,1007.11,1009.85,1011.86,1009.5,4.0,2.8,14.0,1.0,4.4,6.5,7.5,6.0,4.0,2.2,14.0,1.0,87.1,87.2,89.4,88.2,4.0,2.2,14.0,1.0,-0.1,14.2,28.1,14.0,4.0,17.7,14.0,1.0,0.0,9.9,24.6,12.2,4.0,14.5,14.0,1.0,-4.29,-2.0,-1.12,-2.67,4.0,2.39,14.0,1.0,-26.4,-9.2,-4.5,-15.2,4.0,17.5,14.0,1.0,-2.13,-0.12,0.99,-0.55,4.0,2.4,14.0,1.0,-14.0,-0.5,2.6,-5.5,4.0,13.8,14.0,1.0,-14.5,81.9,128.7,58.2,4.0,92.0,14.0,1.0,0.0,56.2,112.6,56.3,4.0,65.0,14.0,1.0,-9.0,59.2,91.3,42.0,4.0,64.7,14.0,1.0,0.0,39.6,81.8,40.8,4.0,47.2,14.0,1.0,-12.7,-2.6,-0.2,-6.3,4.0,9.3,14.0,1.0,-9.2,-0.5,0.0,-4.4,4.0,8.1,14.0,1.0,55.5,97.5,204.0,128.5,4.0,121.0,14.0,1.0,55.0,95.0,205.0,130.0,4.0,120.0,14.0,1.0
1891,8,22700,128.8,32.5,,,,,,,,,,,,,,,,,,,,,,,,,,,,,,,,,,,,,,,,,,,,,,,,,,,,,,,,,,,,,,,,,,,,,,,,,,,,,,,,,,,,,,,,,,,,,,,,,,,,,,,,,,,,,,,,,,,,,,,,,,,,,,,,,,,,,,,,,,,,,,,,,,,,,,,,,,,,,,,,,0.2,0.5,0.8,0.5,2.0,0.7,20.0,1.0,0.1,0.4,0.7,0.4,2.0,0.6,20.0,1.0,0.0,17.5,97.5,175.0,15.0,473.0,14.0,0.5,0.0,20.0,95.0,175.0,15.0,475.0,14.0,0.5
1891,8,22700,130.3,34.5,,,,,,,,,,,,,,,,,,,,,,,,,,,,,,,,,,,,,,,,,,,,,,,,,,,,,,,,,,,,,,,,,,,,,,,,,,,,,,,,,,,,,,,,,,,,,,,,,,,,,,,,,,,,,,,,,,,,,,,,,,,,,,,,,,,,,,,,,,,,,,,,,,,,,,,,,,,,,,,,,-0.8,0.0,4.5,1.8,3.0,4.2,16.0,0.7,-3.4,-1.0,-0.3,-1.9,3.0,2.4,16.0,0.7,14.0,199.0,405.0,253.5,6.0,300.5,22.0,0.5,15.0,200.0,405.0,255.0,6.0,300.0,22.0,0.5
1891,8,22700,130.4,34.3,25.0,25.85,27.03,26.12,6.0,1.25,22.0,0.5,26.58,27.25,28.42,27.42,6.0,1.09,22.0,0.5,19.4,20.1,20.31,19.86,3.0,0.7,16.0,0.7,81.7,84.3,86.3,84.0,3.0,3.4,16.0,0.7,2.27,5.65,7.24,5.15,6.0,3.03,22.0,0.5,-2.22,0.38,4.71,0.75,6.0,3.63,22.0,0.5,0.51,3.15,5.99,3.56,6.0,3.45,22.0,0.5,1008.04,1014.75,1017.1,1013.03,6.0,4.86,22.0,0.5,3.0,3.0,4.2,3.5,6.0,0.8,22.0,0.5,81.7,84.3,86.3,84.0,3.0,3.4,16.0,0.7,-9.4,0.4,23.9,3.9,6.0,21.9,22.0,0.5,0.5,17.0,45.1,25.9,6.0,33.1,22.0,0.5,-3.42,-0.85,0.52,-1.3,6.0,1.9,22.0,0.5,-27.1,-3.3,1.2,-9.8,6.0,14.8,22.0,0.5,-0.41,-0.24,0.9,0.24,3.0,1.05,16.0,0.7,-3.6,-1.6,4.0,0.2,3.0,5.8,16.0,0.7,-58.6,10.6,128.1,22.6,6.0,99.1,22.0,0.5,14.2,88.8,160.6,98.8,6.0,97.3,22.0,0.5,27.9,87.7,98.3,63.6,3.0,55.7,16.0,0.7,27.5,86.6,157.0,92.1,3.0,95.0,16.0,0.7,,,,,,,,,,,,,,,,,,,,,,,,,,,,,,,,
1891,8,22700,130.6,32.9,26.1,26.7,26.91,26.68,11.0,0.5,18.0,0.8,23.9,26.1,28.3,26.15,11.0,1.84,18.0,0.8,18.47,18.63,18.79,18.63,2.0,0.33,10.0,1.0,77.7,80.1,82.6,80.1,2.0,5.0,10.0,1.0,1.0,1.8,4.38,2.56,8.0,2.11,18.0,0.8,-4.12,-0.49,0.64,-1.12,8.0,2.37,18.0,0.8,-0.77,0.38,1.66,0.83,8.0,2.02,18.0,0.8,1010.95,1012.4,1016.92,1013.27,11.0,2.89,18.0,0.8,1.6,2.0,6.0,3.4,11.0,2.3,18.0,0.8,77.7,80.1,82.6,80.1,2.0,5.0,10.0,1.0,-18.4,-0.5,0.6,-6.3,8.0,11.9,18.0,0.8,-0.8,0.4,6.9,5.5,8.0,12.0,18.0,0.8,,,,,,,,,,,,,,,,,,,,,,,,,,,,,,,,,,,,,,,,,,,,,,,,,,,,,,,,,,,,,,,,,,,,,,,,,,,,,,,,,,,,,,,,,,,,,,,,
1891,8,22700,132.0,32.9,,,,,,,,,,,,,,,,,,,,,,,,,,,,,,,,,,,,,,,,,,,,,,,,,,,,,,,,,,,,,,,,,,,,,,,,,,,,,,,,,,,,,,,,,,,,,,,,,,,,,,,,,,,,,,,,,,,,,,,,,,,,,,,,,,,,,,,,,,,,,,,,,,,,,,,,,,,,,,,,,1.0,1.0,1.0,1.0,1.0,0.0,10.0,1.0,0.0,0.0,0.0,0.0,1.0,0.0,10.0,1.0,0.5,1.0,1.0,1.0,4.0,0.5,14.0,0.8,0.0,0.0,0.0,0.0,4.0,0.0,14.0,0.8
1891,8,22700,132.2,32.9,23.82,25.0,26.44,25.13,4.0,1.67,14.0,0.8,24.71,26.15,27.85,26.28,4.0,2.1,14.0,0.8,18.03,18.03,18.03,18.03,1.0,0.0,10.0,1.0,82.6,82.6,82.6,82.6,1.0,0.0,10.0,1.0,0.48,1.0,1.0,0.75,4.0,0.5,14.0,0.8,-0.34,0.0,0.52,0.09,4.0,0.68,14.0,0.8,0.0,0.38,0.89,0.44,4.0,0.52,14.0,0.8,1012.46,1014.9,1016.66,1014.58,4.0,2.95,14.0,0.8,2.0,3.0,5.0,3.5,4.0,1.9,14.0,0.8,82.6,82.6,82.6,82.6,1.0,0.0,10.0,1.0,-0.3,0.0,0.5,0.1,4.0,0.7,14.0,0.8,0.0,0.4,0.9,0.4,4.0,0.5,14.0,0.8,-2.01,-1.15,-0.29,-1.15,4.0,1.04,14.0,0.8,-1.5,-0.3,0.0,-0.7,4.0,1.1,14.0,0.8,1.01,1.01,1.01,1.01,1.0,0.0,10.0,1.0,1.0,1.0,1.0,1.0,1.0,0.0,10.0,1.0,-8.6,0.0,14.0,2.6,4.0,17.9,14.0,0.8,0.0,9.8,21.9,10.9,4.0,12.7,14.0,0.8,18.0,18.0,18.0,18.0,1.0,0.0,10.0,1.0,0.0,0.0,0.0,0.0,1.0,0.0,10.0,1.0,,,,,,,,,,,,,,,,,,,,,,,,,,,,,,,,
1891,8,22700,132.5,34.2,,,,,,,,,,,,,,,,,,,,,,,,,,,,,,,,,,,,,,,,,,,,,,,,,,,,,,,,,,,,,,,,,,,,,,,,,,,,,,,,,,,,,,,,,,,,,,,,,,,,,,,,,,,,,,,,,,,,,,,,,,,,,,,,,,,,,,,,,,,,,,,,,,,,,,,,,,,,,,,,,-4.5,0.4,2.1,-3.5,10.0,11.3,16.0,0.9,-3.6,0.2,1.6,-3.0,10.0,9.5,16.0,0.9,1.0,1.0,17.5,74.0,16.0,208.5,20.0,0.8,0.0,0.0,20.0,75.0,16.0,210.0,20.0,0.8
1891,8,22700,132.5,34.3,24.49,26.1,26.7,25.47,17.0,1.76,18.0,0.8,25.6,28.3,29.4,27.55,17.0,1.99,18.0,0.8,17.71,19.65,20.02,19.02,10.0,1.22,16.0,0.9,70.2,77.3,82.0,76.5,10.0,5.5,16.0,0.9,1.0,1.0,2.6,2.27,16.0,2.39,20.0,0.8,-0.4,0.77,2.52,1.32,16.0,2.13,20.0,0.8,0.13,0.64,2.6,1.28,16.0,1.75,20.0,0.8,1010.3,1015.4,1017.8,1014.45,17.0,3.29,18.0,0.8,2.0,3.0,6.0,3.8,17.0,2.1,18.0,0.8,70.2,77.3,82.0,76.5,10.0,5.5,16.0,0.9,-0.4,0.8,6.5,7.3,16.0,17.9,20.0,0.8,0.1,0.7,6.8,6.6,16.0,14.9,20.0,0.8,-4.13,-2.8,0.83,-2.08,17.0,3.1,18.0,0.8,-6.2,-2.8,1.2,-9.2,16.0,24.3,20.0,0.8,-0.64,1.23,2.24,0.66,10.0,2.33,16.0,0.9,-4.8,1.5,2.9,-3.9,10.0,15.0,16.0,0.9,-10.2,22.3,68.1,38.0,16.0,63.0,20.0,0.8,3.9,18.7,66.0,35.7,16.0,51.4,20.0,0.8,-0.9,16.4,80.0,34.4,10.0,49.5,16.0,0.9,1.0,11.2,54.7,24.9,10.0,41.5,16.0,0.9,,,,,,,,,,,,,,,,,,,,,,,,,,,,,,,,
1891,8,22700,132.5,36.0,,,,,,,,,,,,,,,,,,,,,,,,,,,,,,,,,,,,,,,,,,,,,,,,,,,,,,,,,,,,,,,,,,,,,,,,,,,,,,,,,,,,,,,,,,,,,,,,,,,,,,,,,,,,,,,,,,,,,,,,,,,,,,,,,,,,,,,,,,,,,,,,,,,,,,,,,,,,,,,,,7.1,7.1,7.1,7.1,1.0,0.0,18.0,1.0,2.6,2.6,2.6,2.6,1.0,0.0,18.0,1.0,17.5,17.5,17.5,17.5,2.0,0.0,22.0,0.5,20.0,20.0,20.0,20.0,2.0,0.0,22.0,0.5
1891,8,22700,132.7,36.0,24.59,25.0,25.41,25.0,2.0,0.85,22.0,0.5,25.35,26.1,26.85,26.1,2.0,1.56,22.0,0.5,16.2,16.2,16.2,16.2,1.0,0.0,18.0,1.0,71.9,71.9,71.9,71.9,1.0,0.0,18.0,1.0,2.6,2.6,2.6,2.6,2.0,0.0,22.0,0.5,-1.02,0.39,1.79,0.39,2.0,2.91,22.0,0.5,1.06,1.44,1.82,1.44,2.0,0.78,22.0,0.5,1011.83,1014.25,1016.67,1014.25,2.0,5.02,22.0,0.5,2.2,2.5,2.8,2.5,2.0,0.7,22.0,0.5,71.9,71.9,71.9,71.9,1.0,0.0,18.0,1.0,-2.6,1.0,4.7,1.0,2.0,7.6,22.0,0.5,2.8,3.7,4.7,3.7,2.0,2.0,22.0,0.5,-2.26,-1.1,0.06,-1.1,2.0,2.4,22.0,0.5,-5.9,-2.9,0.2,-2.9,2.0,6.3,22.0,0.5,2.91,2.91,2.91,2.91,1.0,0.0,18.0,1.0,7.6,7.6,7.6,7.6,1.0,0.0,18.0,1.0,-24.6,12.3,49.3,12.3,2.0,76.5,22.0,0.5,28.3,37.0,45.7,37.0,2.0,18.1,22.0,0.5,39.6,39.6,39.6,39.6,1.0,0.0,18.0,1.0,14.4,14.4,14.4,14.4,1.0,0.0,18.0,1.0,,,,,,,,,,,,,,,,,,,,,,,,,,,,,,,,
1891,8,22700,134.0,-35.5,,,,,,,,,,,,,,,,,,,,,,,,,,,,,,,,,1.0,1.0,1.0,1.0,1.0,0.0,10.0,1.0,-0.93,-0.93,-0.93,-0.93,1.0,0.0,10.0,1.0,-0.37,-0.37,-0.37,-0.37,1.0,0.0,10.0,1.0,1019.0,1019.0,1019.0,1019.0,1.0,0.0,10.0,1.0,,,,,,,,,,,,,,,,,,,,,,,,,,,,,,,,,,,,,,,,,,,,,,,,,,,,,,,,,,,,,,,,,,,,,,,,,,,,,,,,,,,,,,,,,,,,,,,,,,,,,,,,,,,,,,,,,,,,,,,,,,,,,,,,
1891,8,22700,134.3,34.3,23.37,26.1,26.7,25.51,14.0,1.69,14.0,0.9,25.6,26.7,27.67,27.01,15.0,1.9,14.0,0.9,17.24,19.22,21.25,19.23,10.0,2.12,16.0,0.9,74.8,83.7,89.7,82.9,10.0,8.8,16.0,0.9,,,,,,,,,,,,,,,,,,,,,,,,,,,,,,,,,,,,,,,,,,,,,,,,,,,,,,,,,,,,,,,,,-3.9,-0.55,0.47,-1.48,14.0,2.18,14.0,0.9,-5.2,-0.5,0.5,-2.1,13.0,6.3,14.0,0.8,-1.54,1.96,2.9,1.04,9.0,2.87,14.0,0.9,-1.8,4.0,11.9,7.9,8.0,14.3,14.0,0.9,,,,,,,,,,,,,,,,,,,,,,,,,,,,,,,,,,,,,,,,,,,,,,,,,,,,,,,,,,,,,,,,
1891,8,22700,134.3,36.3,,,,,,,,,,,,,,,,,,,,,,,,,,,,,,,,,1.0,1.8,2.6,1.8,4.0,0.92,26.0,1.0,-1.18,-0.32,0.0,-0.58,4.0,0.79,26.0,1.0,-1.0,0.88,1.52,0.29,4.0,2.0,26.0,1.0,1016.61,1018.0,1018.81,1017.73,4.0,1.44,26.0,1.0,2.0,2.5,3.0,2.5,4.0,0.6,26.0,1.0,82.5,82.5,82.5,82.5,1.0,0.0,20.0,1.0,-2.6,-0.3,0.0,-1.2,4.0,2.1,26.0,1.0,-3.2,0.9,3.2,0.0,4.0,5.0,26.0,1.0,,,,,,,,,,,,,,,,,,,,,,,,,,,,,,,,,-28.1,-8.0,0.0,-13.8,4.0,18.4,26.0,1.0,-25.8,22.1,36.2,6.0,4.0,49.8,26.0,1.0,0.0,0.0,0.0,0.0,1.0,0.0,20.0,1.0,-43.8,-43.8,-43.8,-43.8,1.0,0.0,20.0,1.0,,,,,,,,,,,,,,,,,,,,,,,,,,,,,,,,
1891,8,22700,134.4,34.3,,,,,,,,,,,,,,,,,,,,,,,,,,,,,,,,,1.0,1.8,4.47,2.56,14.0,2.33,14.0,0.9,-2.5,0.0,0.87,-0.87,14.0,2.92,14.0,0.9,-1.0,-0.25,2.35,0.04,14.0,1.79,14.0,0.9,1013.09,1016.1,1017.73,1014.67,15.0,3.9,14.0,0.9,2.0,3.0,6.0,4.1,15.0,2.2,14.0,0.9,74.8,83.7,89.7,82.9,10.0,8.8,16.0,0.9,-6.5,0.0,1.2,-6.6,14.0,22.8,14.0,0.9,-3.5,-0.2,6.0,2.2,14.0,9.3,14.0,0.9,,,,,,,,,,,,,,,,,,,,,,,,,,,,,,,,,-62.5,0.0,22.8,-24.6,14.0,78.7,14.0,0.9,-27.2,-6.8,61.5,0.6,14.0,46.9,14.0,0.9,-67.9,0.0,5.3,-29.4,9.0,60.0,16.0,0.9,-34.3,-15.8,11.8,-9.0,9.0,31.7,16.0,0.9,,,,,,,,,,,,,,,,,,,,,,,,,,,,,,,,
1891,8,22700,134.4,34.4,,,,,,,,,,,,,,,,,,,,,,,,,,,,,,,,,,,,,,,,,,,,,,,,,,,,,,,,,,,,,,,,,,,,,,,,,,,,,,,,,,,,,,,,,,,,,,,,,,,,,,,,,,,,,,,,,,,,,,,,,,,,,,,,,,,,,,,,,,,,,,,,,,,,,,,,,,,,,,,,,-11.1,0.0,0.7,-6.2,8.0,13.6,14.0,0.9,-4.5,0.6,4.5,1.0,8.0,6.6,14.0,0.9,1.0,9.5,92.5,77.0,14.0,212.0,14.0,0.9,0.0,10.0,90.0,75.0,14.0,210.0,14.0,0.9
1891,8,22700,134.5,36.4,25.19,25.6,25.6,25.4,3.0,0.35,28.0,1.0,24.11,25.0,25.31,24.73,4.0,0.99,26.0,1.0,16.83,16.83,16.83,16.83,1.0,0.0,20.0,1.0,82.5,82.5,82.5,82.5,1.0,0.0,20.0,1.0,,,,,,,,,,,,,,,,,,,,,,,,,,,,,,,,,,,,,,,,,,,,,,,,,,,,,,,,,,,,,,,,,,,,,,,,,,,,,,,,,,,,,,,,,,,,,,,,,,,,,,,,,,,,,,,,,,,,,,,,,,,,,,,,,,,,,,,,,,,,,,,,,,,,,,,,,,,,,,,,
1891,8,22700,134.7,32.8,,,,,,,,,,,,,,,,,,,,,,,,,,,,,,,,,,,,,,,,,,,,,,,,,,,,,,,,,,,,,,,,,2.0,4.0,5.6,3.6,10.0,1.9,8.0,0.4,77.2,84.3,84.6,82.7,7.0,4.2,8.0,0.6,0.0,2.3,10.4,5.2,11.0,7.2,10.0,0.5,-1.0,-0.6,3.2,1.1,11.0,5.0,10.0,0.5,,,,,,,,,,,,,,,,,,,,,,,,,,,,,,,,,,,,,,,,,,,,,,,,,,,,,,,,,,,,,,,,,0.0,0.2,3.9,2.8,7.0,5.5,8.0,0.6,-0.3,0.7,3.3,2.1,7.0,5.0,8.0,0.6,1.0,17.5,50.5,24.5,11.0,37.0,10.0,0.5,0.0,20.0,50.0,25.0,11.0,35.0,10.0,0.5
1891,8,22700,134.8,32.8,23.17,26.1,27.48,25.6,12.0,2.39,10.0,0.5,25.6,27.8,29.03,27.37,12.0,1.92,10.0,0.5,19.53,19.76,21.25,20.13,7.0,0.94,8.0,0.6,77.2,84.3,84.6,82.7,7.0,4.2,8.0,0.6,1.0,2.6,3.43,2.24,11.0,1.39,10.0,0.5,0.0,0.89,2.89,1.43,11.0,1.69,10.0,0.5,-1.0,-0.64,1.21,-0.04,11.0,1.52,10.0,0.5,1011.92,1013.9,1017.1,1014.71,12.0,2.51,10.0,0.5,,,,,,,,,,,,,,,,,,,,,,,,,,,,,,,,,-4.18,-1.4,0.5,-1.77,12.0,2.31,10.0,0.5,-6.8,-2.2,1.7,-3.8,11.0,7.2,10.0,0.5,-1.23,0.26,3.12,1.14,7.0,3.36,8.0,0.6,-1.2,0.3,4.3,3.2,7.0,7.6,8.0,0.6,0.0,22.8,81.0,37.9,11.0,44.5,10.0,0.5,-28.3,-17.9,35.3,-1.2,11.0,40.9,10.0,0.5,-0.7,0.0,38.5,12.2,7.0,22.9,8.0,0.6,-20.1,-16.6,18.3,-5.8,7.0,21.5,8.0,0.6,,,,,,,,,,,,,,,,,,,,,,,,,,,,,,,,
1891,8,22700,136.2,32.9,,,,,,,,,,,,,,,,,,,,,,,,,,,,,,,,,,,,,,,,,,,,,,,,,,,,,,,,,,,,,,,,,,,,,,,,,,,,,,,,,,,,,,,,,,,,,,,,,,,,,,,,,,,,,,,,,,,,,,,,,,,,,,,,,,,,,,,,,,,,,,,,,,,,,,,,,,,,,,,,,-0.6,-0.5,-0.4,-0.5,2.0,0.2,8.0,1.0,-0.1,-0.1,0.0,-0.1,2.0,0.1,8.0,1.0,1.0,1.0,158.0,76.0,4.0,150.0,8.0,0.8,0.0,0.0,160.0,75.0,4.0,150.0,8.0,0.8
1891,8,22700,136.2,36.8,,,,,,,,,,,,,,,,,,,,,,,,,,,,,,,,,1.0,1.0,1.0,1.0,2.0,0.0,26.0,0.5,-0.54,-0.32,-0.1,-0.32,2.0,0.45,26.0,0.5,0.8,0.88,0.96,0.88,2.0,0.17,26.0,0.5,1019.1,1019.1,1019.1,1019.1,2.0,0.0,26.0,0.5,,,,,,,,,,,,,,,,,,,,,,,,,,,,,,,,,,,,,,,,,,,,,,,,,,,,,,,,,,,,,,,,,,,,,,,,,,,,,,,,,,,,,,,,,,,,,,,,,,,,,,,,,,,,,,,,,,,,,,,,,,,,,,,,
1891,8,22700,136.3,32.9,24.97,25.6,26.18,25.58,4.0,0.94,8.0,0.8,26.62,27.2,29.24,27.9,4.0,2.2,8.0,0.8,19.97,20.35,20.72,20.35,2.0,0.77,8.0,1.0,76.2,81.1,86.0,81.1,2.0,10.2,8.0,1.0,1.0,1.0,3.99,2.43,4.0,2.85,8.0,0.8,-0.69,0.3,1.65,0.47,4.0,1.46,8.0,0.8,0.16,0.64,3.75,1.89,4.0,2.96,8.0,0.8,1012.88,1014.6,1016.85,1014.85,4.0,2.43,8.0,0.8,1.0,3.0,5.0,3.0,4.0,2.6,8.0,0.8,76.2,81.1,86.0,81.1,2.0,10.2,8.0,1.0,-0.7,0.3,8.5,3.7,4.0,7.8,8.0,0.8,0.2,0.6,22.5,10.9,4.0,20.9,8.0,0.8,-3.69,-1.65,-1.02,-2.32,4.0,2.19,8.0,0.8,-8.6,-3.5,-1.0,-4.7,4.0,4.9,8.0,0.8,-0.22,0.12,0.45,0.12,2.0,0.69,8.0,1.0,-0.2,0.1,0.5,0.1,2.0,0.7,8.0,1.0,-18.7,10.0,45.2,13.1,4.0,39.0,8.0,0.8,5.1,18.1,98.3,50.1,4.0,76.8,8.0,0.8,-13.5,-0.1,13.4,-0.1,2.0,27.9,8.0,1.0,1.1,3.6,6.0,3.6,2.0,5.1,8.0,1.0,,,,,,,,,,,,,,,,,,,,,,,,,,,,,,,,
1891,8,22700,136.6,38.0,,,,,,,,,,,,,,,,,,,,,,,,,,,,,,,,,1.0,1.0,1.0,1.0,1.0,0.0,26.0,0.0,0.64,0.64,0.64,0.64,1.0,0.0,26.0,0.0,-0.77,-0.77,-0.77,-0.77,1.0,0.0,26.0,0.0,1019.5,1019.5,1019.5,1019.5,1.0,0.0,26.0,0.0,,,,,,,,,,,,,,,,,,,,,,,,,,,,,,,,,,,,,,,,,,,,,,,,,,,,,,,,,,,,,,,,,,,,,,,,,,,,,,,,,,,,,,,,,,,,,,,,,,,,,,,,,,,,,,,,,,,,,,,,,,,,,,,,
1891,8,22700,136.7,34.1,23.96,25.0,25.6,24.74,8.0,1.52,8.0,0.8,25.0,26.1,27.2,26.11,7.0,0.95,6.0,0.7,19.87,19.94,20.41,20.13,3.0,0.43,6.0,0.7,89.3,91.5,91.5,90.4,3.0,1.8,6.0,0.7,1.0,2.8,6.7,3.91,8.0,3.36,8.0,0.8,0.79,1.28,6.21,2.65,8.0,2.68,8.0,0.8,0.17,0.64,5.79,2.28,8.0,2.76,8.0,0.8,1013.08,1016.45,1017.77,1015.43,8.0,2.93,8.0,0.8,1.0,2.0,6.1,3.3,7.0,2.7,6.0,0.9,89.3,91.5,91.5,90.4,3.0,1.8,6.0,0.7,0.8,4.1,41.6,17.2,8.0,24.9,8.0,0.8,0.2,0.6,39.7,14.9,8.0,22.3,8.0,0.8,-2.45,-1.2,-0.45,-1.66,7.0,1.92,6.0,0.7,-7.4,-2.3,-1.3,-3.1,7.0,4.6,6.0,0.7,-2.84,-0.94,-0.38,-1.6,3.0,1.88,6.0,0.7,-2.8,-0.9,-0.4,-1.6,3.0,1.9,6.0,0.7,20.8,41.1,168.0,73.3,7.0,69.3,6.0,0.7,4.5,17.5,150.0,66.1,7.0,72.0,6.0,0.7,15.2,15.3,18.7,16.9,3.0,2.9,6.0,0.7,6.5,12.7,12.8,9.7,3.0,5.3,6.0,0.7,-2.2,-0.7,-0.3,-1.2,3.0,1.4,6.0,0.7,-1.8,-0.6,-0.2,-1.0,3.0,1.2,6.0,0.7,1.0,49.0,301.0,188.5,8.0,281.0,8.0,0.8,0.0,50.0,300.0,190.0,8.0,280.0,8.0,0.8
1891,8,22700,138.3,36.9,,,,,,,,,,,,,,,,,,,,,,,,,,,,,,,,,6.7,6.7,6.7,6.7,1.0,0.0,14.0,1.0,6.7,6.7,6.7,6.7,1.0,0.0,14.0,1.0,0.0,0.0,0.0,0.0,1.0,0.0,14.0,1.0,1012.0,1012.0,1012.0,1012.0,1.0,0.0,14.0,1.0,,,,,,,,,,,,,,,,,,,,,,,,,,,,,,,,,,,,,,,,,,,,,,,,,,,,,,,,,,,,,,,,,,,,,,,,,,,,,,,,,,,,,,,,,,,,,,,,,,,,,,,,,,,,,,,,,,,,,,,,,,,,,,,,
1891,8,22700,138.4,38.5,,,,,,,,,,,,,,,,,,,,,,,,,,,,,,,,,1.0,1.8,2.6,1.9,10.0,1.34,16.0,0.9,-0.37,0.84,1.99,1.08,10.0,1.67,16.0,0.9,-0.37,0.88,1.67,0.51,10.0,1.19,16.0,0.9,1016.46,1019.5,1020.9,1018.97,10.0,2.41,16.0,0.9,,,,,,,,,,,,,,,,,,,,,,,,,,,,,,,,,,,,,,,,,,,,,,,,,,,,,,,,,,,,,,,,,,,,,,,,,,,,,,,,,,,,,,,,,,,,,,,,,,,,,,,,,,,,,,,,,,,,,,,,,,,,,,,,
1891,8,22700,138.5,34.4,24.17,25.6,26.38,25.44,17.0,1.61,10.0,0.6,25.6,26.7,27.71,26.77,17.0,1.17,10.0,0.6,18.79,19.03,19.9,19.27,8.0,0.53,8.0,0.6,80.4,83.7,87.2,84.2,8.0,3.2,8.0,0.6,2.6,2.6,5.57,3.7,17.0,1.74,10.0,0.6,0.0,1.0,2.56,1.44,17.0,1.49,10.0,0.6,0.69,2.6,4.6,2.91,17.0,2.04,10.0,0.6,1012.08,1016.4,1019.28,1015.58,17.0,3.74,10.0,0.6,,,,,,,,,,,,,,,,,,,,,,,,,,,,,,,,,-3.03,-1.1,0.28,-1.33,17.0,1.76,10.0,0.6,-10.7,-4.0,0.7,-4.6,17.0,5.6,10.0,0.6,-1.55,0.61,1.64,0.71,8.0,2.23,8.0,0.6,-4.0,1.6,7.2,2.3,8.0,6.1,8.0,0.6,0.0,25.2,69.0,38.3,17.0,39.0,10.0,0.6,18.5,75.1,118.8,77.8,17.0,54.0,10.0,0.6,3.3,41.9,50.8,34.9,8.0,24.0,8.0,0.6,9.9,41.5,55.0,38.3,8.0,26.1,8.0,0.6,-3.8,0.4,2.5,0.0,8.0,3.0,8.0,0.6,-0.7,1.0,6.6,2.5,8.0,5.3,8.0,0.6,17.5,17.5,191.0,85.5,17.0,108.5,10.0,0.6,20.0,20.0,190.0,85.0,17.0,110.0,10.0,0.6
1891,8,22700,138.6,-37.4,,,,,,,,,,,,,,,,,,,,,,,,,,,,,,,,,4.14,7.45,10.76,7.45,2.0,6.86,20.0,1.0,2.31,3.32,4.34,3.32,2.0,2.1,20.0,1.0,0.25,4.74,9.23,4.74,2.0,9.31,20.0,1.0,1015.7,1015.7,1015.7,1015.7,1.0,0.0,14.0,1.0,,,,,,,,,,,,,,,,,,,,,,,,,,,,,,,,,,,,,,,,,,,,,,,,,,,,,,,,,,,,,,,,,,,,,,,,,,,,,,,,,,,,,,,,,,,,,,,,,,,,,,,,,,,,,,,,,,,,,,,,,,,,,,,,
1891,8,22700,138.6,34.4,,,,,,,,,,,,,,,,,,,,,,,,,,,,,,,,,,,,,,,,,,,,,,,,,,,,,,,,,,,,,,,,,1.4,3.0,4.9,3.0,16.0,1.9,8.0,0.6,80.4,83.7,87.2,84.2,8.0,3.2,8.0,0.6,0.0,2.3,6.9,5.5,17.0,8.6,10.0,0.6,1.8,6.8,24.7,13.8,17.0,14.4,10.0,0.6,,,,,,,,,,,,,,,,,,,,,,,,,,,,,,,,,,,,,,,,,,,,,,,,,,,,,,,,,,,,,,,,,,,,,,,,,,,,,,,,,,,,,,,,,,,,,,,,
1891,8,22700,138.8,40.5,,,,,,,,,,,,,,,,,,,,,,,,,,,,,,,,,2.6,2.6,4.6,3.56,14.0,2.09,18.0,0.6,-0.9,1.83,3.52,1.07,14.0,3.43,18.0,0.6,-1.99,0.0,2.96,0.11,14.0,2.24,18.0,0.6,1012.7,1019.5,1020.67,1017.43,15.0,4.86,18.0,0.6,,,,,,,,,,,,,,,,,,,,,,,,,,,,,,,,,,,,,,,,,,,,,,,,,,,,,,,,,,,,,,,,,,,,,,,,,,,,,,,,,,,,,,,,,,,,,,,,,,,,,,,,,,,,,,,,,,,,,,,,,,,,,,,,
1891,8,22700,138.9,32.5,,,,,,,,,,,,,,,,,,,,,,,,,,,,,,,,,6.7,6.7,6.7,6.7,1.0,0.0,16.0,1.0,0.0,0.0,0.0,0.0,1.0,0.0,16.0,1.0,6.7,6.7,6.7,6.7,1.0,0.0,16.0,1.0,1016.4,1016.4,1016.4,1016.4,1.0,0.0,16.0,1.0,,,,,,,,,,,,,,,,,,,,,,,,,,,,,,,,,,,,,,,,,,,,,,,,,,,,,,,,,,,,,,,,,,,,,,,,,,,,,,,,,,,,,,,,,,,,,,,,,,,,,,,,,,,,,,,,,,,,,,,,,,,,,,,,
1891,8,22700,138.9,42.2,,,,,,,,,,,,,,,,,,,,,,,,,,,,,,,,,1.0,3.6,4.6,3.89,10.0,3.35,20.0,0.5,-0.71,0.0,2.8,0.08,10.0,3.24,20.0,0.5,-1.41,0.77,4.6,1.7,10.0,3.79,20.0,0.5,1013.68,1019.0,1021.07,1017.56,10.0,4.13,20.0,0.5,,,,,,,,,,,,,,,,,,,,,,,,,,,,,,,,,,,,,,,,,,,,,,,,,,,,,,,,,,,,,,,,,,,,,,,,,,,,,,,,,,,,,,,,,,,,,,,,,,,,,,,,,,,,,,,,,,,,,,,,,,,,,,,,
1891,8,22700,140.2,34.6,21.7,24.4,25.6,24.08,13.0,2.19,14.0,0.5,22.09,25.0,27.26,24.95,13.0,2.36,14.0,0.5,19.88,20.34,20.48,20.18,3.0,0.46,10.0,0.7,85.2,87.3,90.2,87.7,3.0,3.7,10.0,0.7,1.0,2.6,6.95,3.92,13.0,2.98,14.0,0.5,-1.04,0.0,0.88,0.05,13.0,2.49,14.0,0.5,-1.58,0.64,5.05,1.98,13.0,3.88,14.0,0.5,1012.97,1015.1,1020.2,1016.23,13.0,3.03,14.0,0.5,0.7,2.0,4.3,2.3,12.0,1.7,16.0,0.5,85.2,87.3,90.2,87.7,3.0,3.7,10.0,0.7,-1.3,0.0,1.2,1.8,13.0,14.2,14.0,0.5,-4.6,0.6,27.4,15.6,13.0,32.7,14.0,0.5,-2.26,-0.6,0.65,-0.88,13.0,1.89,14.0,0.5,-5.0,-1.6,3.0,-2.4,13.0,14.3,14.0,0.5,-0.05,0.12,0.12,0.04,3.0,0.14,10.0,0.7,0.0,0.1,0.4,0.2,3.0,0.3,10.0,0.7,-27.5,0.0,20.4,2.8,13.0,59.5,14.0,0.5,-33.3,14.3,137.9,52.8,13.0,98.6,14.0,0.5,-19.0,-18.5,-5.9,-12.6,3.0,10.9,10.0,0.7,6.8,7.0,66.1,35.8,3.0,50.0,10.0,0.7,,,,,,,,,,,,,,,,,,,,,,,,,,,,,,,,
1891,8,22700,140.2,42.6,,,,,,,,,,,,,,,,,,,,,,,,,,,,,,,,,0.0,1.0,4.6,1.78,10.0,1.99,18.0,0.6,0.0,0.0,0.57,0.16,10.0,1.56,18.0,0.6,-1.0,0.0,3.28,0.81,10.0,2.08,18.0,0.6,1013.4,1016.8,1020.77,1016.96,10.0,3.29,18.0,0.6,,,,,,,,,,,,,,,,,,,,,,,,,,,,,,,,,,,,,,,,,,,,,,,,,,,,,,,,,,,,,,,,,,,,,,,,,,,,,,,,,,,,,,,,,,,,,,,,,,,,,,,,,,,,,,,,,,,,,,,,,,,,,,,,
1891,8,22700,140.3,34.6,,,,,,,,,,,,,,,,,,,,,,,,,,,,,,,,,,,,,,,,,,,,,,,,,,,,,,,,,,,,,,,,,,,,,,,,,,,,,,,,,,,,,,,,,,,,,,,,,,,,,,,,,,,,,,,,,,,,,,,,,,,,,,,,,,,,,,,,,,,,,,,,,,,,,,,,,,,,,,,,,-0.1,0.0,0.1,0.0,3.0,0.1,10.0,0.7,0.0,0.0,0.4,0.2,3.0,0.3,10.0,0.7,1.0,17.5,349.0,173.5,13.0,292.0,14.0,0.5,0.0,20.0,350.0,175.0,13.0,290.0,14.0,0.5
1891,8,22700,140.5,40.6,17.22,20.0,21.7,19.5,39.0,1.91,18.0,0.4,15.6,20.3,22.2,19.39,32.0,3.09,20.0,0.5,15.84,15.99,16.11,15.98,3.0,0.2,14.0,0.3,84.0,86.4,89.4,86.7,3.0,3.9,14.0,0.3,1.0,2.6,4.6,3.39,39.0,2.15,18.0,0.4,-1.67,0.0,4.28,0.91,39.0,2.83,18.0,0.4,-2.6,0.0,1.99,-0.32,39.0,2.73,18.0,0.4,1009.0,1015.8,1020.19,1015.01,39.0,5.19,18.0,0.4,,,,,,,,,,,,,,,,,,,,,,,,,,,,,,,,,-1.1,0.6,1.75,0.48,32.0,1.84,20.0,0.5,-2.9,2.0,8.0,3.1,32.0,8.3,20.0,0.5,-1.38,-0.87,0.34,-0.53,3.0,1.3,14.0,0.3,-3.2,-0.9,2.6,-0.3,3.0,4.2,14.0,0.3,-53.9,0.0,69.3,12.6,32.0,55.9,20.0,0.5,-56.2,0.0,43.3,-5.9,32.0,57.4,20.0,0.5,1.7,5.5,28.7,15.0,3.0,21.4,14.0,0.3,-54.3,-15.0,-14.6,-34.0,3.0,33.4,14.0,0.3,,,,,,,,,,,,,,,,,,,,,,,,,,,,,,,,
1891,8,22700,140.6,40.6,,,,,,,,,,,,,,,,,,,,,,,,,,,,,,,,,,,,,,,,,,,,,,,,,,,,,,,,,,,,,,,,,2.0,2.0,8.0,4.2,25.0,2.7,18.0,0.6,84.0,86.4,89.4,86.7,3.0,3.9,14.0,0.3,-4.3,0.0,21.0,5.0,39.0,16.8,18.0,0.4,-6.8,0.0,6.7,-2.4,39.0,16.8,18.0,0.4,,,,,,,,,,,,,,,,,,,,,,,,,,,,,,,,,,,,,,,,,,,,,,,,,,,,,,,,,,,,,,,,,,,,,,,,,,,,,,,,,,,,,,,,,,,,,,,,
1891,8,22700,140.7,36.3,,,,,,,,,,,,,,,,,,,,,,,,,,,,,,,,,,,,,,,,,,,,,,,,,,,,,,,,,,,,,,,,,,,,,,,,,,,,,,,,,,,,,,,,,,,,,,,,,,,,,,,,,,,,,,,,,,,,,,,,,,,,,,,,,,,,,,,,,,,,,,,,,,,,,,,,,,,,,,,,,-0.3,0.0,0.0,-0.1,7.0,0.2,10.0,0.7,-1.0,-0.2,0.1,-0.4,7.0,0.6,10.0,0.7,1.0,17.5,97.5,84.0,18.0,194.0,14.0,0.7,0.0,20.0,95.0,85.0,18.0,195.0,14.0,0.7
1891,8,22700,140.7,36.4,21.71,24.4,25.6,23.91,20.0,1.72,16.0,0.7,21.13,26.1,27.2,24.89,20.0,2.67,16.0,0.7,19.92,20.39,20.65,20.24,7.0,0.49,10.0,0.7,88.3,91.5,91.5,90.5,7.0,1.8,10.0,0.7,1.0,2.6,4.6,2.86,18.0,2.36,14.0,0.7,0.0,0.23,1.99,0.42,18.0,1.57,14.0,0.7,-1.02,1.0,2.71,0.98,18.0,3.24,14.0,0.7,1010.7,1012.35,1019.49,1013.92,20.0,4.71,16.0,0.7,1.0,5.5,7.0,4.5,20.0,2.3,16.0,0.7,88.3,91.5,91.5,90.5,7.0,1.8,10.0,0.7,0.0,0.3,5.2,0.3,18.0,7.0,14.0,0.7,-2.3,1.0,8.8,4.9,18.0,24.1,14.0,0.7,-2.3,-1.65,1.09,-0.97,20.0,2.25,16.0,0.7,-6.4,-1.9,1.9,-4.1,18.0,13.3,14.0,0.7,-0.97,-0.85,-0.11,-0.61,7.0,0.54,10.0,0.7,-1.0,-0.3,0.0,-0.5,7.0,0.6,10.0,0.7,0.0,6.3,43.7,11.8,18.0,36.3,14.0,0.7,-25.0,27.0,73.0,29.3,18.0,79.9,14.0,0.7,0.0,9.2,19.3,11.3,7.0,14.9,10.0,0.7,-0.3,19.9,35.4,19.7,7.0,19.8,10.0,0.7,,,,,,,,,,,,,,,,,,,,,,,,,,,,,,,,
1891,8,22700,140.7,40.6,,,,,,,,,,,,,,,,,,,,,,,,,,,,,,,,,,,,,,,,,,,,,,,,,,,,,,,,,,,,,,,,,,,,,,,,,,,,,,,,,,,,,,,,,,,,,,,,,,,,,,,,,,,,,,,,,,,,,,,,,,,,,,,,,,,,,,,,,,,,,,,,,,,,,,,,,,,,,,,,,-2.8,-0.3,-0.1,-1.4,3.0,2.2,14.0,0.3,-2.6,0.8,1.2,-0.6,3.0,3.1,14.0,0.3,1.0,17.5,97.5,90.5,39.0,152.0,18.0,0.4,0.0,20.0,95.0,90.0,39.0,150.0,18.0,0.4
1891,8,22700,140.8,38.3,20.0,22.2,23.01,21.89,13.0,1.99,18.0,0.5,19.79,23.9,26.7,23.13,13.0,3.59,18.0,0.5,18.19,18.38,18.56,18.38,2.0,0.39,12.0,0.5,83.9,86.8,89.6,86.8,2.0,5.8,12.0,0.5,,,,,,,,,,,,,,,,,,,,,,,,,,,,,,,,,,,,,,,,,,,,,,,,,,,,,,,,,,,,,,,,,-3.95,-1.1,1.16,-1.24,13.0,2.34,18.0,0.5,-13.3,-3.4,5.6,-5.2,12.0,10.3,18.0,0.5,-1.23,-1.04,-0.85,-1.04,2.0,0.4,12.0,0.5,-3.5,-3.5,-3.4,-3.5,2.0,0.0,12.0,0.5,,,,,,,,,,,,,,,,,,,,,,,,,,,,,,,,,,,,,,,,,,,,,,,,,,,,,,,,,,,,,,,,
1891,8,22700,140.9,38.2,,,,,,,,,,,,,,,,,,,,,,,,,,,,,,,,,2.19,2.6,7.36,4.13,12.0,2.89,18.0,0.5,-0.4,0.88,3.24,1.64,12.0,3.09,18.0,0.5,-0.42,0.77,4.38,1.5,12.0,3.46,18.0,0.5,1010.04,1016.4,1019.84,1015.14,13.0,5.3,18.0,0.5,2.7,5.0,6.0,4.7,12.0,1.8,18.0,0.5,83.9,86.8,89.6,86.8,2.0,5.8,12.0,0.5,-1.3,0.9,13.8,10.7,12.0,26.1,18.0,0.5,-1.1,1.5,23.1,10.5,12.0,26.8,18.0,0.5,,,,,,,,,,,,,,,,,,,,,,,,,,,,,,,,,-8.4,19.3,73.5,39.9,12.0,72.1,18.0,0.5,-7.6,17.8,97.4,41.5,12.0,88.3,18.0,0.5,7.2,22.8,38.3,22.8,2.0,32.2,12.0,0.5,27.2,49.9,72.7,49.9,2.0,47.2,12.0,0.5,-2.7,-1.6,-0.5,-1.6,2.0,2.3,12.0,0.5,-3.1,-2.3,-1.5,-2.3,2.0,1.6,12.0,0.5,13.5,17.5,429.0,183.0,12.0,302.0,18.0,0.5,15.0,20.0,430.0,185.0,12.0,300.0,18.0,0.5
1891,8,22700,142.0,38.5,,,,,,,,,,,,,,,,,,,,,,,,,,,,,,,,,,,,,,,,,,,,,,,,,,,,,,,,,,,,,,,,,,,,,,,,,,,,,,,,,,,,,,,,,,,,,,,,,,,,,,,,,,,,,,,,,,,,,,,,,,,,,,,,,,,,,,,,,,,,,,,,,,,,,,,,,,,,,,,,,2.5,2.5,2.5,2.5,1.0,0.0,12.0,0.0,0.9,0.9,0.9,0.9,1.0,0.0,12.0,0.0,1.0,17.5,97.5,35.5,7.0,43.0,18.0,0.6,0.0,20.0,95.0,35.0,7.0,45.0,18.0,0.6
1891,8,22700,142.0,38.7,19.92,20.6,20.78,20.64,7.0,1.85,18.0,0.6,20.0,21.7,22.91,21.69,7.0,1.78,18.0,0.6,18.11,18.11,18.11,18.11,1.0,0.0,12.0,0.0,91.4,91.4,91.4,91.4,1.0,0.0,12.0,0.0,1.0,2.6,4.6,2.71,7.0,1.47,18.0,0.6,-0.14,0.0,0.73,0.02,7.0,1.59,18.0,0.6,-1.08,0.89,3.58,1.04,7.0,2.64,18.0,0.6,1009.95,1010.7,1018.2,1013.59,7.0,4.61,18.0,0.6,2.0,6.0,8.0,5.0,7.0,2.9,18.0,0.6,91.4,91.4,91.4,91.4,1.0,0.0,12.0,0.0,-0.7,0.0,0.9,-0.9,7.0,6.0,18.0,0.6,-1.3,2.3,16.4,5.4,7.0,10.0,18.0,0.6,-1.26,-0.6,0.0,-1.04,7.0,1.6,18.0,0.6,-2.0,-1.1,0.0,-2.2,7.0,4.2,18.0,0.6,1.02,1.02,1.02,1.02,1.0,0.0,12.0,0.0,2.7,2.7,2.7,2.7,1.0,0.0,12.0,0.0,-2.9,0.0,16.2,2.0,7.0,35.6,18.0,0.6,-23.5,22.2,73.5,20.2,7.0,55.3,18.0,0.6,44.2,44.2,44.2,44.2,1.0,0.0,12.0,0.0,16.1,16.1,16.1,16.1,1.0,0.0,12.0,0.0,,,,,,,,,,,,,,,,,,,,,,,,,,,,,,,,
1891,8,22700,142.0,40.0,,,,,,,,,,,,,,,,,,,,,,,,,,,,,,,,,,,,,,,,,,,,,,,,,,,,,,,,,,,,,,,,,,,,,,,,,,,,,,,,,,,,,,,,,,,,,,,,,,,,,,,,,,,,,,,,,,,,,,,,,,,,,,,,,,,,,,,,,,,,,,,,,,,,,,,,,,,,,,,,,-2.4,-2.4,-2.4,-2.4,1.0,0.0,12.0,1.0,-6.5,-6.5,-6.5,-6.5,1.0,0.0,12.0,1.0,62.5,159.0,256.0,159.0,2.0,200.0,16.0,1.0,65.0,160.0,255.0,160.0,2.0,200.0,16.0,1.0
1891,8,22700,142.0,40.1,,,,,,,,,,,,,,,,,,,,,,,,,,,,,,,,,3.25,4.65,6.05,4.65,2.0,2.9,16.0,1.0,-5.16,-2.7,-0.25,-2.7,2.0,5.08,16.0,1.0,2.32,2.37,2.42,2.37,2.0,0.11,16.0,1.0,1010.24,1011.4,1016.93,1013.53,3.0,5.24,18.0,1.0,,,,,,,,,,,,,,,,,,,,,,,,,,,,,,,,,,,,,,,,,,,,,,,,,,,,,,,,,,,,,,,,,-102.4,-51.8,-1.3,-51.8,2.0,104.8,16.0,1.0,48.3,53.5,58.7,53.5,2.0,10.8,16.0,1.0,15.3,15.3,15.3,15.3,1.0,0.0,12.0,1.0,42.1,42.1,42.1,42.1,1.0,0.0,12.0,1.0,,,,,,,,,,,,,,,,,,,,,,,,,,,,,,,,
1891,8,22700,142.1,40.1,17.34,20.0,20.0,18.7,3.0,2.25,18.0,1.0,18.5,20.0,23.41,20.93,3.0,3.69,18.0,1.0,17.25,17.25,17.25,17.25,1.0,0.0,12.0,1.0,87.1,87.1,87.1,87.1,1.0,0.0,12.0,1.0,,,,,,,,,,,,,,,,,,,,,,,,,,,,,,,,,3.6,7.0,7.7,5.7,3.0,3.2,18.0,1.0,87.1,87.1,87.1,87.1,1.0,0.0,12.0,1.0,-35.1,-19.9,-4.7,-19.9,2.0,31.5,16.0,1.0,7.8,10.9,13.9,10.9,2.0,6.4,16.0,1.0,-3.95,-1.7,-0.54,-2.23,3.0,2.54,18.0,1.0,-10.9,-6.5,-2.1,-6.5,2.0,9.2,16.0,1.0,-2.66,-2.66,-2.66,-2.66,1.0,0.0,12.0,1.0,-6.9,-6.9,-6.9,-6.9,1.0,0.0,12.0,1.0,,,,,,,,,,,,,,,,,,,,,,,,,,,,,,,,,,,,,,,,,,,,,,,,,,,,,,,,,,,,,,,,
1891,8,22700,144.5,-39.3,,,,,,,,,,,,,,,,,,,,,,,,,,,,,,,,,2.6,4.6,9.8,5.34,14.0,3.31,16.0,0.6,-2.55,0.84,3.59,0.39,14.0,2.86,16.0,0.6,-9.09,-1.24,0.94,-2.82,14.0,4.97,16.0,0.6,1023.7,1023.7,1023.7,1023.7,1.0,0.0,22.0,1.0,,,,,,,,,,,,,,,,,,,,,,,,,,,,,,,,,,,,,,,,,,,,,,,,,,,,,,,,,,,,,,,,,,,,,,,,,,,,,,,,,,,,,,,,,,,,,,,,,,,,,,,,,,,,,,,,,,,,,,,,,,,,,,,,
1891,8,22700,150.4,-37.7,16.02,16.7,16.7,16.39,16.0,1.0,6.0,0.5,14.4,15.3,16.59,15.39,16.0,1.3,6.0,0.5,8.93,9.6,10.24,9.57,12.0,0.65,6.0,0.4,83.2,87.9,90.2,87.0,12.0,4.2,6.0,0.4,4.6,4.6,7.82,5.48,16.0,2.69,6.0,0.5,-0.88,0.95,3.81,1.35,16.0,2.68,6.0,0.5,2.57,4.52,6.75,4.74,16.0,2.49,6.0,0.5,1018.65,1019.25,1019.73,1019.25,12.0,0.63,6.0,0.4,4.4,7.0,7.6,6.2,16.0,1.6,6.0,0.5,83.2,87.9,90.2,87.0,12.0,4.2,6.0,0.4,-4.0,4.0,18.0,11.5,16.0,25.0,6.0,0.5,11.8,20.8,57.2,32.0,16.0,35.1,6.0,0.5,-0.31,1.1,2.26,1.0,16.0,1.11,6.0,0.5,-1.4,5.1,10.6,5.8,16.0,7.6,6.0,0.5,1.49,2.13,2.8,2.19,12.0,0.61,6.0,0.4,6.8,9.2,12.5,9.5,12.0,2.3,6.0,0.4,-15.7,13.2,57.8,20.0,16.0,41.1,6.0,0.5,38.2,67.1,110.0,73.2,16.0,37.4,6.0,0.5,-11.3,-0.3,28.3,4.3,12.0,20.3,6.0,0.4,23.2,41.3,44.3,36.8,12.0,11.1,6.0,0.4,,,,,,,,,,,,,,,,,,,,,,,,,,,,,,,,
1891,8,22700,150.5,-37.8,,,,,,,,,,,,,,,,,,,,,,,,,,,,,,,,,,,,,,,,,,,,,,,,,,,,,,,,,,,,,,,,,,,,,,,,,,,,,,,,,,,,,,,,,,,,,,,,,,,,,,,,,,,,,,,,,,,,,,,,,,,,,,,,,,,,,,,,,,,,,,,,,,,,,,,,,,,,,,,,,-2.0,0.4,7.9,1.9,12.0,5.2,6.0,0.4,6.2,7.2,9.9,7.9,12.0,2.3,6.0,0.4,97.5,97.5,620.0,303.0,16.0,508.0,6.0,0.5,95.0,95.0,620.0,305.0,16.0,510.0,6.0,0.5
1891,8,22700,150.8,-33.7,,,,,,,,,,,,,,,,,,,,,,,,,,,,,,,,,4.6,4.6,4.6,4.6,1.0,0.0,8.0,1.0,4.27,4.27,4.27,4.27,1.0,0.0,8.0,1.0,1.72,1.72,1.72,1.72,1.0,0.0,8.0,1.0,1023.5,1023.5,1023.5,1023.5,1.0,0.0,8.0,1.0,,,,,,,,,,,,,,,,,,,,,,,,,,,,,,,,,,,,,,,,,,,,,,,,,,,,,,,,,,,,,,,,,,,,,,,,,,,,,,,,,,,,,,,,,,,,,,,,,,,,,,,,,,,,,,,,,,,,,,,,,,,,,,,,
1891,8,22700,152.0,-37.6,,,,,,,,,,,,,,,,,,,,,,,,,,,,,,,,,,,,,,,,,,,,,,,,,,,,,,,,,,,,,,,,,,,,,,,,,,,,,,,,,,,,,,,,,,,,,,,,,,,,,,,,,,,,,,,,,,,,,,,,,,,,,,,,,,,,,,,,,,,,,,,,,,,,,,,,,,,,,,,,,-10.3,-9.8,-3.4,-7.6,6.0,4.2,6.0,0.5,8.8,14.5,15.3,12.5,6.0,4.5,6.0,0.5,97.5,519.5,1861.0,896.0,12.0,885.0,4.0,0.5,95.0,520.0,1860.0,895.0,12.0,885.0,4.0,0.5
1891,8,22700,152.3,-37.6,17.2,17.2,18.45,17.63,12.0,0.76,4.0,0.5,14.85,15.3,16.25,15.64,12.0,1.11,4.0,0.5,8.12,8.31,9.91,8.8,6.0,1.03,6.0,0.5,77.3,78.0,80.8,79.0,6.0,2.4,6.0,0.5,4.6,7.2,12.3,8.08,12.0,4.07,4.0,0.5,-8.7,-4.73,-2.36,-5.09,12.0,3.25,4.0,0.5,3.81,5.6,8.7,6.17,12.0,2.72,4.0,0.5,1017.8,1018.65,1018.92,1018.47,6.0,0.54,6.0,0.5,2.0,4.0,6.0,4.3,12.0,2.1,4.0,0.5,77.3,78.0,80.8,79.0,6.0,2.4,6.0,0.5,-107.0,-39.9,-10.8,-53.1,12.0,47.1,4.0,0.5,17.5,43.8,107.0,59.8,12.0,47.5,4.0,0.5,1.32,2.2,2.8,1.98,12.0,1.2,4.0,0.5,6.1,20.0,29.9,18.7,12.0,13.7,4.0,0.5,2.2,3.81,4.0,3.32,6.0,1.03,6.0,0.5,9.4,17.5,18.4,14.7,6.0,5.9,6.0,0.5,-132.9,-69.6,-34.9,-78.6,12.0,50.6,4.0,0.5,56.6,91.4,140.0,95.5,12.0,40.6,4.0,0.5,-21.2,-20.6,-14.4,-17.7,6.0,6.4,6.0,0.5,29.1,31.3,34.1,32.1,6.0,5.1,6.0,0.5,,,,,,,,,,,,,,,,,,,,,,,,,,,,,,,,
1891,8,22700,152.5,-33.5,,,,,,,,,,,,,,,,,,,,,,,,,,,,,,,,,3.25,4.65,6.05,4.65,2.0,2.9,18.0,0.5,-5.12,-1.99,1.14,-1.99,2.0,6.49,18.0,0.5,0.2,0.64,1.08,0.64,2.0,0.9,18.0,0.5,1032.6,1032.6,1032.6,1032.6,1.0,0.0,30.0,1.0,,,,,,,,,,,,,,,,,,,,,,,,,,,,,,,,,,,,,,,,,,,,,,,,,,,,,,,,,,,,,,,,,,,,,,,,,,,,,,,,,,,,,,,,,,,,,,,,,,,,,,,,,,,,,,,,,,,,,,,,,,,,,,,,
1891,8,22700,152.5,-25.4,,,,,,,,,,,,,,,,,,,,,,,,,,,,,,,,,4.6,9.8,9.8,8.07,9.0,2.6,12.0,0.4,-9.8,-9.62,-4.33,-7.77,9.0,2.85,12.0,0.4,-2.84,0.0,0.64,-0.66,9.0,1.85,12.0,0.4,1017.3,1017.3,1017.3,1017.3,1.0,0.0,30.0,0.0,,,,,,,,,,,,,,,,,,,,,,,,,,,,,,,,,,,,,,,,,,,,,,,,,,,,,,,,,,,,,,,,,,,,,,,,,,,,,,,,,,,,,,,,,,,,,,,,,,,,,,,,,,,,,,,,,,,,,,,,,,,,,,,,
1891,8,22700,152.8,-29.7,,,,,,,,,,,,,,,,,,,,,,,,,,,,,,,,,4.6,4.6,4.6,4.6,1.0,0.0,30.0,1.0,-4.6,-4.6,-4.6,-4.6,1.0,0.0,30.0,1.0,0.0,0.0,0.0,0.0,1.0,0.0,30.0,1.0,1033.3,1033.3,1033.3,1033.3,1.0,0.0,30.0,1.0,,,,,,,,,,,,,,,,,,,,,,,,,,,,,,,,,,,,,,,,,,,,,,,,,,,,,,,,,,,,,,,,,,,,,,,,,,,,,,,,,,,,,,,,,,,,,,,,,,,,,,,,,,,,,,,,,,,,,,,,,,,,,,,,
1891,8,22700,154.3,-33.4,,,,,,,,,,,,,,,,,,,,,,,,,,,,,,,,,6.7,6.7,9.8,7.94,5.0,1.7,10.0,0.8,-9.62,-6.58,-2.18,-5.45,5.0,5.92,10.0,0.8,-0.92,1.87,2.14,0.58,5.0,3.01,10.0,0.8,1015.1,1015.1,1015.1,1015.1,1.0,0.0,28.0,1.0,,,,,,,,,,,,,,,,,,,,,,,,,,,,,,,,,,,,,,,,,,,,,,,,,,,,,,,,,,,,,,,,,,,,,,,,,,,,,,,,,,,,,,,,,,,,,,,,,,,,,,,,,,,,,,,,,,,,,,,,,,,,,,,,
1891,8,22700,155.0,-37.0,17.2,17.2,17.2,17.2,2.0,0.0,6.0,0.0,15.0,15.0,15.0,15.0,2.0,0.0,6.0,0.0,8.2,8.2,8.21,8.2,2.0,0.0,6.0,0.0,78.0,78.0,78.0,78.0,2.0,0.0,6.0,0.0,4.93,5.65,6.37,5.65,2.0,1.48,6.0,0.0,-3.56,-3.16,-2.76,-3.16,2.0,0.83,6.0,0.0,4.09,4.68,5.28,4.68,2.0,1.23,6.0,0.0,1017.28,1017.45,1017.62,1017.45,2.0,0.35,6.0,0.0,4.0,4.0,4.0,4.0,2.0,0.0,6.0,0.0,78.0,78.0,78.0,78.0,2.0,0.0,6.0,0.0,-23.0,-18.5,-13.9,-18.5,2.0,9.4,6.0,0.0,20.7,27.4,34.1,27.4,2.0,13.9,6.0,0.0,2.2,2.2,2.2,2.2,2.0,0.0,6.0,0.0,10.9,12.4,14.0,12.4,2.0,3.3,6.0,0.0,3.93,3.93,3.93,3.93,2.0,0.0,6.0,0.0,19.4,22.2,25.0,22.2,2.0,5.8,6.0,0.0,-53.4,-47.4,-41.4,-47.4,2.0,12.5,6.0,0.0,61.3,70.3,79.2,70.3,2.0,18.5,6.0,0.0,-29.2,-25.9,-22.6,-25.9,2.0,6.8,6.0,0.0,33.6,38.4,43.3,38.4,2.0,10.1,6.0,0.0,-14.0,-12.4,-10.8,-12.4,2.0,3.3,6.0,0.0,16.1,18.4,20.7,18.4,2.0,4.8,6.0,0.0,129.5,199.0,268.5,199.0,2.0,144.0,6.0,0.0,130.0,200.0,270.0,200.0,2.0,145.0,6.0,0.0
1891,8,22700,156.4,-35.6,17.2,17.2,17.8,17.36,22.0,0.27,4.0,0.5,15.6,16.7,18.7,16.93,22.0,1.34,4.0,0.5,8.87,10.0,11.27,10.16,20.0,1.02,4.0,0.6,79.6,83.1,89.6,84.3,22.0,6.0,4.0,0.5,6.7,6.7,6.7,7.77,22.0,3.15,4.0,0.5,-2.8,5.55,6.66,2.9,22.0,4.71,4.0,0.5,-1.28,3.13,6.46,3.64,22.0,5.32,4.0,0.5,1000.1,1000.85,1014.13,1003.63,20.0,6.05,4.0,0.6,4.0,5.0,7.0,5.3,22.0,1.4,4.0,0.5,79.6,83.1,89.6,84.3,22.0,6.0,4.0,0.5,-30.4,37.2,44.6,16.3,22.0,37.3,4.0,0.5,-8.6,21.0,43.3,41.9,22.0,86.9,4.0,0.5,-0.93,0.5,1.6,0.43,22.0,1.12,4.0,0.5,-6.3,3.4,10.7,3.4,22.0,7.7,4.0,0.5,1.07,2.35,3.47,2.28,20.0,0.94,4.0,0.6,9.9,15.7,23.3,15.4,20.0,6.1,4.0,0.6,-46.7,88.0,119.5,48.3,22.0,81.9,4.0,0.5,-21.8,46.9,107.8,59.6,22.0,89.4,4.0,0.5,-21.0,58.0,70.6,35.6,20.0,45.3,4.0,0.6,-12.7,17.0,60.9,23.7,20.0,35.1,4.0,0.6,-5.8,12.1,19.3,8.4,20.0,11.8,4.0,0.6,-2.3,3.2,13.0,4.7,20.0,7.2,4.0,0.6,301.0,301.0,301.0,774.0,22.0,1536.5,4.0,0.5,300.0,300.0,300.0,775.0,22.0,1535.0,4.0,0.5
1891,8,22700,156.6,-33.8,,,,,,,,,,,,,,,,,,,,,,,,,,,,,,,,,3.55,4.6,4.6,4.1,4.0,1.0,4.0,0.5,0.9,4.52,4.52,2.79,4.0,3.45,4.0,0.5,-0.88,-0.88,0.11,-0.4,4.0,0.95,4.0,0.5,1002.13,1002.4,1005.68,1005.66,8.0,7.96,2.0,0.3,,,,,,,,,,,,,,,,,,,,,,,,,,,,,,,,,,,,,,,,,,,,,,,,,,,,,,,,,,,,,,,,,15.8,75.4,76.6,47.5,4.0,57.2,4.0,0.5,-14.9,-14.7,1.5,-7.0,4.0,15.5,4.0,0.5,44.3,45.0,47.0,45.7,3.0,2.1,2.0,0.3,-9.1,-8.7,-8.6,-8.9,3.0,0.4,2.0,0.3,,,,,,,,,,,,,,,,,,,,,,,,,,,,,,,,
1891,8,22700,156.7,-33.9,,,,,,,,,,,,,,,,,,,,,,,,,,,,,,,,,,,,,,,,,,,,,,,,,,,,,,,,,,,,,,,,,,,,,,,,,,,,,,,,,,,,,,,,,,,,,,,,,,,,,,,,,,,,,,,,,,,,,,,,,,,,,,,,,,,,,,,,,,,,,,,,,,,,,,,,,,,,,,,,,8.6,10.7,11.3,10.0,3.0,2.0,2.0,0.3,-2.2,-2.1,-1.7,-1.9,3.0,0.4,2.0,0.3,55.5,97.5,97.5,77.5,4.0,40.0,4.0,0.5,55.0,95.0,95.0,75.0,4.0,40.0,4.0,0.5
1891,8,22700,156.7,-33.7,17.2,17.2,17.2,17.3,8.0,0.28,2.0,0.3,16.7,16.7,16.7,16.68,8.0,0.32,2.0,0.3,9.95,10.62,11.25,10.58,7.0,0.57,2.0,0.1,83.3,89.1,94.4,88.4,7.0,5.5,2.0,0.1,,,,,,,,,,,,,,,,,,,,,,,,,,,,,,,,,6.2,8.0,8.0,7.1,8.0,1.8,2.0,0.3,83.3,89.1,94.4,88.4,7.0,5.5,2.0,0.1,6.6,20.8,20.8,14.0,4.0,13.5,4.0,0.5,-4.0,-4.0,-0.5,-2.4,4.0,3.3,4.0,0.5,0.5,0.5,0.5,0.63,8.0,0.58,2.0,0.3,1.1,2.3,3.8,2.5,4.0,2.1,4.0,0.5,1.06,1.69,2.37,1.73,7.0,0.58,2.0,0.1,8.8,10.9,11.5,10.1,3.0,2.1,2.0,0.3,,,,,,,,,,,,,,,,,,,,,,,,,,,,,,,,,,,,,,,,,,,,,,,,,,,,,,,,,,,,,,,,
1891,8,22700,158.4,-33.2,17.2,17.8,17.8,17.56,5.0,0.33,2.0,0.8,17.58,17.8,18.52,18.0,5.0,0.64,2.0,0.8,9.88,10.36,10.53,10.21,5.0,0.5,2.0,0.8,74.9,80.0,84.4,79.7,5.0,4.8,2.0,0.8,,,,,,,,,,,,,,,,,,,,,,,,,,,,,,,,,8.0,8.0,8.0,8.0,5.0,0.0,2.0,0.8,74.9,80.0,84.4,79.7,5.0,4.8,2.0,0.8,27.3,50.6,73.8,50.6,2.0,48.2,2.0,1.0,-119.0,-105.2,-91.3,-105.2,2.0,28.7,2.0,1.0,-0.78,-0.5,0.0,-0.44,5.0,0.46,2.0,0.8,-12.3,-9.6,-6.8,-9.6,2.0,5.6,2.0,1.0,1.97,2.22,2.59,2.28,5.0,0.36,2.0,0.8,26.5,28.2,29.8,28.2,2.0,3.4,2.0,1.0,,,,,,,,,,,,,,,,,,,,,,,,,,,,,,,,,,,,,,,,,,,,,,,,,,,,,,,,,,,,,,,,
1891,8,22700,158.6,-33.1,,,,,,,,,,,,,,,,,,,,,,,,,,,,,,,,,9.78,10.8,11.82,10.8,2.0,2.12,2.0,1.0,2.58,4.33,6.07,4.33,2.0,3.61,2.0,1.0,-10.03,-9.66,-9.3,-9.66,2.0,0.76,2.0,1.0,1009.13,1012.3,1014.76,1011.98,5.0,3.0,2.0,0.8,,,,,,,,,,,,,,,,,,,,,,,,,,,,,,,,,,,,,,,,,,,,,,,,,,,,,,,,,,,,,,,,,47.2,80.8,114.4,80.8,2.0,69.6,2.0,1.0,-187.9,-177.6,-167.3,-177.6,2.0,21.4,2.0,1.0,25.1,43.3,61.4,43.3,2.0,37.6,2.0,1.0,-100.8,-94.6,-88.5,-94.6,2.0,12.7,2.0,1.0,6.9,11.0,15.1,11.0,2.0,8.6,2.0,1.0,-25.3,-25.3,-25.3,-25.3,2.0,0.0,2.0,1.0,972.0,1332.5,1693.0,1332.5,2.0,747.0,2.0,1.0,970.0,1335.0,1695.0,1335.0,2.0,745.0,2.0,1.0
1891,8,22700,158.8,-31.7,17.1,17.2,17.2,17.15,4.0,0.1,8.0,0.5,16.33,16.7,16.7,16.53,4.0,0.35,8.0,0.5,8.6,8.61,8.61,8.6,3.0,0.0,2.0,0.3,73.3,73.3,73.3,73.3,3.0,0.0,2.0,0.3,4.6,5.65,6.7,5.65,4.0,1.21,8.0,0.5,-2.31,-1.08,0.25,-1.03,4.0,1.86,8.0,0.5,-6.58,-5.55,-0.45,-3.6,4.0,4.67,8.0,0.5,1016.09,1016.65,1017.0,1016.55,4.0,0.54,8.0,0.5,3.4,6.5,8.0,5.8,4.0,2.9,8.0,0.5,73.3,73.3,73.3,73.3,3.0,0.0,2.0,0.3,-11.9,-6.3,2.6,-4.7,4.0,9.9,8.0,0.5,-44.1,-32.4,-2.1,-23.5,4.0,27.9,8.0,0.5,0.5,0.5,0.76,0.63,4.0,0.25,8.0,0.5,2.8,3.4,4.0,3.4,4.0,0.9,8.0,0.5,3.54,3.54,3.54,3.54,3.0,0.0,2.0,0.3,18.6,23.7,23.7,21.2,3.0,4.3,2.0,0.3,-37.4,-18.0,4.2,-16.7,4.0,30.1,8.0,0.5,-109.8,-92.6,-8.6,-60.8,4.0,76.9,8.0,0.5,-9.9,-7.5,5.1,-2.5,3.0,11.8,2.0,0.3,-56.6,-56.6,-44.5,-50.7,3.0,10.3,2.0,0.3,,,,,,,,,,,,,,,,,,,,,,,,,,,,,,,,
1891,8,22700,158.9,-31.9,,,,,,,,,,,,,,,,,,,,,,,,,,,,,,,,,,,,,,,,,,,,,,,,,,,,,,,,,,,,,,,,,,,,,,,,,,,,,,,,,,,,,,,,,,,,,,,,,,,,,,,,,,,,,,,,,,,,,,,,,,,,,,,,,,,,,,,,,,,,,,,,,,,,,,,,,,,,,,,,,-4.1,-3.1,2.1,-1.0,3.0,4.9,2.0,0.3,-23.3,-23.3,-18.3,-20.9,3.0,4.2,2.0,0.3,97.5,199.0,301.0,199.0,4.0,117.5,8.0,0.5,95.0,200.0,300.0,200.0,4.0,115.0,8.0,0.5
1891,8,22700,160.2,-31.6,,,,,,,,,,,,,,,,,,,,,,,,,,,,,,,,,,,,,,,,,,,,,,,,,,,,,,,,,,,,,,,,,,,,,,,,,,,,,,,,,,,,,,,,,,,,,,,,,,,,,,,,,,,,,,,,,,,,,,,,,,,,,,,,,,,,,,,,,,,,,,,,,,,,,,,,,,,,,,,,,-12.4,-11.0,-4.9,-9.4,8.0,3.7,2.0,0.4,-11.7,-8.3,-3.3,-7.9,8.0,4.2,2.0,0.4,17.5,97.5,97.5,70.5,9.0,40.0,2.0,0.4,20.0,95.0,95.0,70.0,9.0,40.0,2.0,0.4
1891,8,22700,160.3,-31.6,17.2,17.2,17.8,17.6,9.0,0.6,2.0,0.4,16.1,17.0,19.1,17.38,9.0,1.54,2.0,0.4,8.44,8.91,10.58,9.38,8.0,1.08,2.0,0.4,73.4,76.0,78.5,76.0,8.0,2.5,2.0,0.4,2.6,4.6,4.6,3.93,9.0,1.0,2.0,0.4,-3.81,-3.25,-2.16,-3.03,9.0,0.84,2.0,0.4,-3.07,-2.57,-1.45,-2.05,9.0,1.64,2.0,0.4,1016.83,1017.7,1018.32,1018.09,9.0,1.95,2.0,0.4,2.0,2.0,3.7,2.7,9.0,0.9,2.0,0.4,73.4,76.0,78.5,76.0,8.0,2.5,2.0,0.4,-17.5,-15.0,-5.6,-12.6,9.0,5.7,2.0,0.4,-14.1,-11.8,-3.8,-9.2,9.0,6.9,2.0,0.4,-1.3,0.5,1.47,0.22,9.0,1.43,2.0,0.4,-3.4,2.3,5.2,1.0,9.0,5.6,2.0,0.4,2.03,3.22,3.68,2.93,8.0,0.85,2.0,0.4,6.0,14.8,17.0,12.4,8.0,5.3,2.0,0.4,-65.1,-50.7,-40.0,-52.4,9.0,15.0,2.0,0.4,-51.3,-43.0,-27.0,-35.1,9.0,27.2,2.0,0.4,-34.1,-30.1,-22.5,-29.6,8.0,7.2,2.0,0.4,-28.1,-22.9,-16.2,-23.2,8.0,5.8,2.0,0.4,,,,,,,,,,,,,,,,,,,,,,,,,,,,,,,,
1891,8,22700,164.3,-29.2,,,,,,,,,,,,,,,,,,,,,,,,,,,,,,,,,2.6,2.6,2.6,2.6,1.0,0.0,26.0,1.0,0.0,0.0,0.0,0.0,1.0,0.0,26.0,1.0,2.6,2.6,2.6,2.6,1.0,0.0,26.0,1.0,1017.5,1017.5,1017.5,1017.5,1.0,0.0,26.0,1.0,,,,,,,,,,,,,,,,,,,,,,,,,,,,,,,,,,,,,,,,,,,,,,,,,,,,,,,,,,,,,,,,,,,,,,,,,,,,,,,,,,,,,,,,,,,,,,,,,,,,,,,,,,,,,,,,,,,,,,,,,,,,,,,,
1891,8,22700,166.3,-29.7,,,,,,,,,,,,,,,,,,,,,,,,,,,,,,,,,2.6,2.6,2.6,2.6,1.0,0.0,10.0,1.0,-1.84,-1.84,-1.84,-1.84,1.0,0.0,10.0,1.0,1.84,1.84,1.84,1.84,1.0,0.0,10.0,1.0,1024.0,1024.0,1024.0,1024.0,1.0,0.0,10.0,1.0,,,,,,,,,,,,,,,,,,,,,,,,,,,,,,,,,,,,,,,,,,,,,,,,,,,,,,,,,,,,,,,,,,,,,,,,,,,,,,,,,,,,,,,,,,,,,,,,,,,,,,,,,,,,,,,,,,,,,,,,,,,,,,,,
1891,8,22700,168.3,-27.2,,,,,,,,,,,,,,,,,,,,,,,,,,,,,,,,,2.6,2.6,2.6,2.6,1.0,0.0,24.0,1.0,-1.84,-1.84,-1.84,-1.84,1.0,0.0,24.0,1.0,-1.84,-1.84,-1.84,-1.84,1.0,0.0,24.0,1.0,1021.0,1021.0,1021.0,1021.0,1.0,0.0,24.0,1.0,,,,,,,,,,,,,,,,,,,,,,,,,,,,,,,,,,,,,,,,,,,,,,,,,,,,,,,,,,,,,,,,,,,,,,,,,,,,,,,,,,,,,,,,,,,,,,,,,,,,,,,,,,,,,,,,,,,,,,,,,,,,,,,,
1891,8,22700,170.3,-27.7,,,,,,,,,,,,,,,,,,,,,,,,,,,,,,,,,2.6,2.6,2.6,2.6,1.0,0.0,12.0,1.0,-1.84,-1.84,-1.84,-1.84,1.0,0.0,12.0,1.0,1.84,1.84,1.84,1.84,1.0,0.0,12.0,1.0,1026.1,1026.1,1026.1,1026.1,1.0,0.0,12.0,1.0,,,,,,,,,,,,,,,,,,,,,,,,,,,,,,,,,,,,,,,,,,,,,,,,,,,,,,,,,,,,,,,,,,,,,,,,,,,,,,,,,,,,,,,,,,,,,,,,,,,,,,,,,,,,,,,,,,,,,,,,,,,,,,,,
1891,8,22700,172.8,-23.7,,,,,,,,,,,,,,,,,,,,,,,,,,,,,,,,,6.7,6.7,6.7,6.7,1.0,0.0,24.0,1.0,4.74,4.74,4.74,4.74,1.0,0.0,24.0,1.0,4.74,4.74,4.74,4.74,1.0,0.0,24.0,1.0,1015.7,1015.7,1015.7,1015.7,1.0,0.0,24.0,1.0,,,,,,,,,,,,,,,,,,,,,,,,,,,,,,,,,,,,,,,,,,,,,,,,,,,,,,,,,,,,,,,,,,,,,,,,,,,,,,,,,,,,,,,,,,,,,,,,,,,,,,,,,,,,,,,,,,,,,,,,,,,,,,,,
1891,8,22700,174.8,-25.7,,,,,,,,,,,,,,,,,,,,,,,,,,,,,,,,,6.7,6.7,6.7,6.7,1.0,0.0,12.0,1.0,-6.17,-6.17,-6.17,-6.17,1.0,0.0,12.0,1.0,2.62,2.62,2.62,2.62,1.0,0.0,12.0,1.0,1024.7,1024.7,1024.7,1024.7,1.0,0.0,12.0,1.0,,,,,,,,,,,,,,,,,,,,,,,,,,,,,,,,,,,,,,,,,,,,,,,,,,,,,,,,,,,,,,,,,,,,,,,,,,,,,,,,,,,,,,,,,,,,,,,,,,,,,,,,,,,,,,,,,,,,,,,,,,,,,,,,
1891,8,22700,176.8,-21.7,,,,,,,,,,,,,,,,,,,,,,,,,,,,,,,,,2.6,2.6,2.6,2.6,1.0,0.0,22.0,1.0,2.41,2.41,2.41,2.41,1.0,0.0,22.0,1.0,0.97,0.97,0.97,0.97,1.0,0.0,22.0,1.0,1011.1,1011.1,1011.1,1011.1,1.0,0.0,22.0,1.0,,,,,,,,,,,,,,,,,,,,,,,,,,,,,,,,,,,,,,,,,,,,,,,,,,,,,,,,,,,,,,,,,,,,,,,,,,,,,,,,,,,,,,,,,,,,,,,,,,,,,,,,,,,,,,,,,,,,,,,,,,,,,,,,
1891,8,22700,178.8,-23.7,,,,,,,,,,,,,,,,,,,,,,,,,,,,,,,,,6.7,6.7,6.7,6.7,1.0,0.0,14.0,1.0,-6.17,-6.17,-6.17,-6.17,1.0,0.0,14.0,1.0,2.62,2.62,2.62,2.62,1.0,0.0,14.0,1.0,1020.2,1020.2,1020.2,1020.2,1.0,0.0,14.0,1.0,,,,,,,,,,,,,,,,,,,,,,,,,,,,,,,,,,,,,,,,,,,,,,,,,,,,,,,,,,,,,,,,,,,,,,,,,,,,,,,,,,,,,,,,,,,,,,,,,,,,,,,,,,,,,,,,,,,,,,,,,,,,,,,,
