Year,Month,Longitude,Latitude,Ss1,Ss3,Ss5,Sm,Sn,Ss,Sd,Sht,Sx,Sy,As1,As3,As5,Am,An,As,Ad,Aht,Ax,Ay,Qs1,Qs3,Qs5,Qm,Qn,Qs,Qd,Qht,Qx,Qy,Rs1,Rs3,Rs5,Rm,Rn,Rs,Rd,Rht,Ry,Ws1,Ws3,Ws5,Wm,Wn,Ws,Wd,Wht,Wx,Wy,Us1,Us3,Us5,Um,Un,Us,Ud,Uht,Ux,Uy,Vs1,Vs3,Vs5,Vm,Vn,Vs,Vd,Vht,Vx,Vy,Ps1,Ps3,Ps5,Pm,Pn,Ps,Pd,Pht,Px,Py,Cs1,Cs3,Cs5,Cm,Cn,Cs,Cd,Cht,Cx,Cy,Xs1,Xs3,Xs5,Xm,Xn,Xs,Xd,Xht,Xx,Xy,Ys1,Ys3,Ys5,Ym,Yn,Ys,Yd,Yht,Yx,Yy,Ds1,Ds3,Ds5,Dm,Dn,Ds,Dd,Dht,Dx,Dy,Es1,Es3,Es5,Em,En,Es,Ed,Eht,Ex,Ey,Fs1,Fs3,Fs5,Fm,Fn,Fs,Fd,Fht,Fx,Fy,Gs1,Gs3,Gs5,Gm,Gn,Gs,Gd,Ght,Gx,Gy,Is1,Is3,Is5,Im,In,Is,Id,Iht,Ix,Iy,Js1,Js3,Js5,Jm,Jn,Js,Jd,Jht,Jx,Jy,Ks1,Ks3,Ks5,Km,Kn,Ks,Kd,Kht,Kx,Ky,Ls1,Ls3,Ls5,Lm,Ln,Ls,Ld,Lht,Lx,Ly,Ms1,Ms3,Ms5,Mm,Mn,Ms,Md,Mht,Mx,My,Ns1,Ns3,Ns5,Nm,Nn,Ns,Nd,Nht,Nx,Ny,B1s1,B1s3,B1s5,B1m,B1n,B1s,B1d,B1ht,B1x,B1y,B2s1,B2s3,B2s5,B2m,B2n,B2s,B2d,B2ht,B2x,B2y
1905,6,0.0,-40.0,,,,,,,,,,,,,,,,,,,,,,,,,,,,,,,,,,,,,,,,6.7,9.5,15.4,10.53,6,4.35,10,0.5,0.6,0.8,-0.52,5.75,14.28,6.26,6,7.03,10,0.5,0.6,0.8,4.58,5.99,7.65,5.96,6,3.6,10,0.5,0.6,0.8,1002.92,1004.8,1012.87,1006.9,6,4.91,10,0.5,0.6,0.8,,,,,,,,,,,,,,,,,,,,,,,,,,,,,,,,,,,,,,,,,,,,,,,,,,,,,,,,,,,,,,,,,,,,,,,,,,,,,,,,,,,,,,,,,,,,,,,,,,,,,,,,,,,,,,,,,,,,,,,,,,,,,,,,,,,,,,,,,,,,,,,,,,,,,,
1905,6,0.0,-38.0,,,,,,,,,,,,,,,,,,,,,,,,,,,,,,,,,,,,,,,,9.3,10.8,12.94,11.32,6,2.48,10,0.7,0.4,0.5,-9.15,-4.31,5.59,-2.46,6,8.12,10,0.7,0.4,0.5,-9.15,0.0,9.72,0.17,6,9.31,10,0.7,0.4,0.5,1023.51,1026.7,1028.48,1026.08,6,2.69,10,0.7,0.4,0.5,,,,,,,,,,,,,,,,,,,,,,,,,,,,,,,,,,,,,,,,,,,,,,,,,,,,,,,,,,,,,,,,,,,,,,,,,,,,,,,,,,,,,,,,,,,,,,,,,,,,,,,,,,,,,,,,,,,,,,,,,,,,,,,,,,,,,,,,,,,,,,,,,,,,,,
1905,6,0.0,-36.0,,,,,,,,,,,,,,,,,,,,,,,,,,,,,,,,,,,,,,,,4.6,5.65,6.7,5.65,4,1.21,30,0.3,0.4,0.3,3.89,5.38,6.45,5.18,4,1.56,30,0.3,0.4,0.3,-2.95,-1.31,0.0,-1.47,4,1.71,30,0.3,0.4,0.3,1018.84,1019.1,1019.41,1019.13,4,0.38,30,0.3,0.4,0.3,,,,,,,,,,,,,,,,,,,,,,,,,,,,,,,,,,,,,,,,,,,,,,,,,,,,,,,,,,,,,,,,,,,,,,,,,,,,,,,,,,,,,,,,,,,,,,,,,,,,,,,,,,,,,,,,,,,,,,,,,,,,,,,,,,,,,,,,,,,,,,,,,,,,,,
1905,6,0.0,-22.0,,,,,,,,,,,,,,,,,,,,,,,,,,,,,,,,,,,,,,,,3.23,4.6,4.6,3.93,3,1.15,28,0.3,0.5,1.0,-3.25,-3.25,-2.29,-2.78,3,0.82,28,0.3,0.5,1.0,2.29,3.25,3.25,2.78,3,0.82,28,0.3,0.5,1.0,1019.81,1020.7,1020.9,1020.37,3,0.85,28,0.3,0.5,1.0,,,,,,,,,,,,,,,,,,,,,,,,,,,,,,,,,,,,,,,,,,,,,,,,,,,,,,,,,,,,,,,,,,,,,,,,,,,,,,,,,,,,,,,,,,,,,,,,,,,,,,,,,,,,,,,,,,,,,,,,,,,,,,,,,,,,,,,,,,,,,,,,,,,,,,
1905,6,0.0,-20.0,,,,,,,,,,,,,,,,,,,,,,,,,,,,,,,,,,,,,,,,4.6,4.6,4.6,4.6,3,0.0,30,0.7,0.0,0.5,-3.25,-3.25,-2.26,-2.77,3,0.84,30,0.7,0.0,0.5,3.25,3.25,3.92,3.58,3,0.57,30,0.7,0.0,0.5,1019.65,1020.4,1020.67,1020.17,3,0.78,30,0.7,0.0,0.5,,,,,,,,,,,,,,,,,,,,,,,,,,,,,,,,,,,,,,,,,,,,,,,,,,,,,,,,,,,,,,,,,,,,,,,,,,,,,,,,,,,,,,,,,,,,,,,,,,,,,,,,,,,,,,,,,,,,,,,,,,,,,,,,,,,,,,,,,,,,,,,,,,,,,,
1905,6,0.0,-10.0,,,,,,,,,,,,,,,,,,,,,,,,,,,,,,,,,,,,,,,,6.7,8.0,9.3,8.0,4,1.5,10,0.5,0.5,1.0,-5.51,-4.19,-3.63,-4.55,4,1.22,10,0.5,0.5,1.0,3.57,6.65,8.56,6.09,4,2.99,10,0.5,0.5,1.0,1012.59,1013.2,1013.81,1013.2,2,1.27,4,1.0,0.5,1.0,,,,,,,,,,,,,,,,,,,,,,,,,,,,,,,,,,,,,,,,,,,,,,,,,,,,,,,,,,,,,,,,,,,,,,,,,,,,,,,,,,,,,,,,,,,,,,,,,,,,,,,,,,,,,,,,,,,,,,,,,,,,,,,,,,,,,,,,,,,,,,,,,,,,,,
1905,6,0.0,-8.0,,,,,,,,,,,,,,,,,,,,,,,,,,,,,,,,,,,,,,,,7.81,9.3,9.3,9.08,10,1.56,16,0.5,0.2,0.6,-7.75,-4.67,-3.63,-4.88,10,2.57,16,0.5,0.2,0.6,4.02,7.57,8.98,6.94,10,2.73,16,0.5,0.2,0.6,1013.01,1016.3,1016.69,1015.08,5,2.26,20,0.4,0.4,0.6,,,,,,,,,,,,,,,,,,,,,,,,,,,,,,,,,,,,,,,,,,,,,,,,,,,,,,,,,,,,,,,,,,,,,,,,,,,,,,,,,,,,,,,,,,,,,,,,,,,,,,,,,,,,,,,,,,,,,,,,,,,,,,,,,,,,,,,,,,,,,,,,,,,,,,
1905,6,0.0,36.0,,,,,,,,,,,,,,,,,,,,,,,,,,,,,,,,,,,,,,,,2.6,4.6,7.86,5.03,36,3.05,16,0.3,0.5,0.4,-4.27,-0.35,6.63,1.37,36,5.13,16,0.3,0.5,0.4,-1.84,0.0,3.57,0.57,36,2.59,16,0.3,0.5,0.4,1011.77,1013.05,1018.12,1013.9,16,3.4,16,0.5,0.5,0.4,,,,,,,,,,,,,,,,,,,,,,,,,,,,,,,,,,,,,,,,,,,,,,,,,,,,,,,,,,,,,,,,,,,,,,,,,,,,,,,,,,,,,,,,,,,,,,,,,,,,,,,,,,,,,,,,,,,,,,,,,,,,,,,,,,,,,,,,,,,,,,,,,,,,,,
1905,6,0.0,38.0,,,,,,,,,,,,,,,,,,,,,,,,,,,,,,,,,,,,,,,,1.0,2.6,4.6,3.24,84,2.2,14,0.5,0.4,0.5,-1.84,0.0,2.6,0.59,84,2.55,14,0.5,0.4,0.5,-1.72,0.92,4.23,0.97,84,2.77,14,0.5,0.4,0.5,1009.85,1012.55,1016.0,1012.69,42,2.85,16,0.6,0.5,0.5,,,,,,,,,,,,,,,,,,,,,,,,,,,,,,,,,,,,,,,,,,,,,,,,,,,,,,,,,,,,,,,,,,,,,,,,,,,,,,,,,,,,,,,,,,,,,,,,,,,,,,,,,,,,,,,,,,,,,,,,,,,,,,,,,,,,,,,,,,,,,,,,,,,,,,
1905,6,0.0,40.0,,,,,,,,,,,,,,,,,,,,,,,,,,,,,,,,,,,,,,,,1.0,2.6,4.6,2.86,21,2.06,16,0.6,0.8,0.3,-0.93,0.0,3.01,0.22,21,2.44,16,0.6,0.8,0.3,-0.37,0.71,4.09,1.3,21,2.24,16,0.6,0.8,0.3,1009.89,1014.8,1016.98,1013.47,3,5.33,20,0.7,0.8,0.3,,,,,,,,,,,,,,,,,,,,,,,,,,,,,,,,,,,,,,,,,,,,,,,,,,,,,,,,,,,,,,,,,,,,,,,,,,,,,,,,,,,,,,,,,,,,,,,,,,,,,,,,,,,,,,,,,,,,,,,,,,,,,,,,,,,,,,,,,,,,,,,,,,,,,,
1905,6,0.0,48.0,,,,,,,,,,,,,,,,,,,,,,,,,,,,,,,,,,,,,,,,1.0,3.6,6.7,3.71,18,3.06,18,0.8,0.3,0.8,-3.86,0.0,3.25,-0.14,18,3.34,18,0.8,0.3,0.8,-4.74,-0.71,0.71,-2.08,18,2.85,18,0.8,0.3,0.8,1010.59,1012.5,1017.03,1013.67,6,4.37,16,0.7,0.3,0.8,,,,,,,,,,,,,,,,,,,,,,,,,,,,,,,,,,,,,,,,,,,,,,,,,,,,,,,,,,,,,,,,,,,,,,,,,,,,,,,,,,,,,,,,,,,,,,,,,,,,,,,,,,,,,,,,,,,,,,,,,,,,,,,,,,,,,,,,,,,,,,,,,,,,,,
1905,6,0.0,50.0,,,,,,,,,,,,,,,,,,,,,,,,,,,,,,,,,,,,,,,,1.0,4.6,6.7,4.37,315,2.95,16,0.8,0.3,0.2,-4.23,-0.71,2.53,-0.72,315,3.55,16,0.8,0.3,0.2,-4.6,-0.71,2.44,-1.19,315,3.64,16,0.8,0.3,0.2,1008.0,1013.0,1022.0,1014.39,79,6.57,16,0.9,0.3,0.2,,,,,,,,,,,,,,,,,,,,,,,,,,,,,,,,,,,,,,,,,,,,,,,,,,,,,,,,,,,,,,,,,,,,,,,,,,,,,,,,,,,,,,,,,,,,,,,,,,,,,,,,,,,,,,,,,,,,,,,,,,,,,,,,,,,,,,,,,,,,,,,,,,,,,,
1905,6,2.0,-42.0,,,,,,,,,,,,,,,,,,,,,,,,,,,,,,,,,,,,,,,,15.4,15.4,15.4,15.4,1,0.0,2,0.0,0.3,0.3,10.89,10.89,10.89,10.89,1,0.0,2,0.0,0.3,0.3,-10.89,-10.89,-10.89,-10.89,1,0.0,2,0.0,0.3,0.3,1014.9,1014.9,1014.9,1014.9,1,0.0,2,0.0,0.3,0.3,,,,,,,,,,,,,,,,,,,,,,,,,,,,,,,,,,,,,,,,,,,,,,,,,,,,,,,,,,,,,,,,,,,,,,,,,,,,,,,,,,,,,,,,,,,,,,,,,,,,,,,,,,,,,,,,,,,,,,,,,,,,,,,,,,,,,,,,,,,,,,,,,,,,,,
1905,6,2.0,-40.0,,,,,,,,,,,,,,,,,,,,,,,,,,,,,,,,,,,,,,,,8.35,9.3,10.4,9.38,5,1.98,4,0.4,0.6,0.8,-1.27,4.74,7.35,3.31,5,4.97,4,0.4,0.6,0.8,5.9,8.62,8.92,7.59,5,1.9,4,0.4,0.6,0.8,1002.12,1002.7,1003.0,1002.5,5,0.8,4,0.4,0.6,0.8,,,,,,,,,,,,,,,,,,,,,,,,,,,,,,,,,,,,,,,,,,,,,,,,,,,,,,,,,,,,,,,,,,,,,,,,,,,,,,,,,,,,,,,,,,,,,,,,,,,,,,,,,,,,,,,,,,,,,,,,,,,,,,,,,,,,,,,,,,,,,,,,,,,,,,
1905,6,2.0,-38.0,,,,,,,,,,,,,,,,,,,,,,,,,,,,,,,,,,,,,,,,11.68,15.4,19.0,15.07,6,3.8,14,0.5,0.5,0.3,-6.31,10.8,14.97,6.68,6,10.73,14,0.5,0.5,0.3,-14.86,0.0,6.05,-3.13,6,10.32,14,0.5,0.5,0.3,1014.76,1018.9,1023.21,1019.27,6,4.59,14,0.5,0.5,0.3,,,,,,,,,,,,,,,,,,,,,,,,,,,,,,,,,,,,,,,,,,,,,,,,,,,,,,,,,,,,,,,,,,,,,,,,,,,,,,,,,,,,,,,,,,,,,,,,,,,,,,,,,,,,,,,,,,,,,,,,,,,,,,,,,,,,,,,,,,,,,,,,,,,,,,
1905,6,2.0,-36.0,,,,,,,,,,,,,,,,,,,,,,,,,,,,,,,,,,,,,,,,9.78,10.8,11.82,10.8,2,2.12,30,1.0,0.5,0.3,9.0,9.94,10.88,9.94,2,1.95,30,1.0,0.5,0.3,-4.62,-4.22,-3.82,-4.22,2,0.83,30,1.0,0.5,0.3,1017.42,1017.9,1018.38,1017.9,2,0.99,30,1.0,0.5,0.3,,,,,,,,,,,,,,,,,,,,,,,,,,,,,,,,,,,,,,,,,,,,,,,,,,,,,,,,,,,,,,,,,,,,,,,,,,,,,,,,,,,,,,,,,,,,,,,,,,,,,,,,,,,,,,,,,,,,,,,,,,,,,,,,,,,,,,,,,,,,,,,,,,,,,,
1905,6,2.0,-24.0,,,,,,,,,,,,,,,,,,,,,,,,,,,,,,,,,,,,,,,,6.7,6.7,6.7,6.7,3,0.0,28,0.7,0.5,1.0,-4.74,-4.74,-4.74,-4.74,3,0.0,28,0.7,0.5,1.0,4.74,4.74,4.74,4.74,3,0.0,28,0.7,0.5,1.0,1020.48,1021.5,1021.91,1021.2,3,1.08,28,0.7,0.5,1.0,,,,,,,,,,,,,,,,,,,,,,,,,,,,,,,,,,,,,,,,,,,,,,,,,,,,,,,,,,,,,,,,,,,,,,,,,,,,,,,,,,,,,,,,,,,,,,,,,,,,,,,,,,,,,,,,,,,,,,,,,,,,,,,,,,,,,,,,,,,,,,,,,,,,,,
1905,6,2.0,-22.0,,,,,,,,,,,,,,,,,,,,,,,,,,,,,,,,,,,,,,,,3.55,4.6,4.6,4.1,4,1.0,28,0.5,0.1,0.5,-3.25,-3.25,-2.51,-2.9,4,0.71,28,0.5,0.1,0.5,2.51,3.25,3.25,2.9,4,0.71,28,0.5,0.1,0.5,1020.07,1021.2,1021.86,1020.98,4,1.13,28,0.5,0.1,0.5,,,,,,,,,,,,,,,,,,,,,,,,,,,,,,,,,,,,,,,,,,,,,,,,,,,,,,,,,,,,,,,,,,,,,,,,,,,,,,,,,,,,,,,,,,,,,,,,,,,,,,,,,,,,,,,,,,,,,,,,,,,,,,,,,,,,,,,,,,,,,,,,,,,,,,
1905,6,2.0,-12.0,,,,,,,,,,,,,,,,,,,,,,,,,,,,,,,,,,,,,,,,5.6,6.7,6.7,6.18,4,1.05,12,0.3,0.4,0.9,-4.03,-2.94,-2.62,-3.31,4,1.0,12,0.3,0.4,0.9,3.96,5.45,6.17,5.08,4,1.39,12,0.3,0.4,0.9,1012.6,1012.6,1012.6,1012.6,1,0.0,4,0.0,0.5,1.0,,,,,,,,,,,,,,,,,,,,,,,,,,,,,,,,,,,,,,,,,,,,,,,,,,,,,,,,,,,,,,,,,,,,,,,,,,,,,,,,,,,,,,,,,,,,,,,,,,,,,,,,,,,,,,,,,,,,,,,,,,,,,,,,,,,,,,,,,,,,,,,,,,,,,,
1905,6,2.0,-10.0,,,,,,,,,,,,,,,,,,,,,,,,,,,,,,,,,,,,,,,,5.5,6.7,8.19,6.8,10,1.57,18,0.6,0.3,0.6,-4.26,-2.94,-2.51,-3.2,10,0.98,18,0.6,0.3,0.6,4.45,6.17,7.55,5.88,10,1.73,18,0.6,0.3,0.6,1013.7,1016.05,1018.82,1016.25,4,2.96,16,0.3,0.5,0.6,,,,,,,,,,,,,,,,,,,,,,,,,,,,,,,,,,,,,,,,,,,,,,,,,,,,,,,,,,,,,,,,,,,,,,,,,,,,,,,,,,,,,,,,,,,,,,,,,,,,,,,,,,,,,,,,,,,,,,,,,,,,,,,,,,,,,,,,,,,,,,,,,,,,,,
1905,6,2.0,-8.0,,,,,,,,,,,,,,,,,,,,,,,,,,,,,,,,,,,,,,,,6.7,6.7,6.7,6.7,1,0.0,30,1.0,0.3,0.3,-2.51,-2.51,-2.51,-2.51,1,0.0,30,1.0,0.3,0.3,6.21,6.21,6.21,6.21,1,0.0,30,1.0,0.3,0.3,1019.0,1019.0,1019.0,1019.0,1,0.0,30,1.0,0.3,0.3,,,,,,,,,,,,,,,,,,,,,,,,,,,,,,,,,,,,,,,,,,,,,,,,,,,,,,,,,,,,,,,,,,,,,,,,,,,,,,,,,,,,,,,,,,,,,,,,,,,,,,,,,,,,,,,,,,,,,,,,,,,,,,,,,,,,,,,,,,,,,,,,,,,,,,
1905,6,2.0,36.0,,,,,,,,,,,,,,,,,,,,,,,,,,,,,,,,,,,,,,,,0.0,2.6,7.03,3.59,38,3.79,16,0.6,0.5,0.5,-1.84,0.46,5.32,2.2,38,4.46,16,0.6,0.5,0.5,-0.46,0.0,1.72,0.47,38,1.59,16,0.6,0.5,0.5,1007.91,1013.0,1018.45,1013.26,14,4.81,16,0.6,0.5,0.6,,,,,,,,,,,,,,,,,,,,,,,,,,,,,,,,,,,,,,,,,,,,,,,,,,,,,,,,,,,,,,,,,,,,,,,,,,,,,,,,,,,,,,,,,,,,,,,,,,,,,,,,,,,,,,,,,,,,,,,,,,,,,,,,,,,,,,,,,,,,,,,,,,,,,,
1905,6,2.0,38.0,,,,,,,,,,,,,,,,,,,,,,,,,,,,,,,,,,,,,,,,2.6,2.6,4.38,2.78,8,1.44,18,0.6,0.3,0.8,0.0,2.12,2.6,1.48,8,1.94,18,0.6,0.3,0.8,0.0,1.41,1.84,1.39,8,1.55,18,0.6,0.3,0.8,1011.69,1013.75,1016.02,1013.85,4,2.53,18,0.5,0.3,0.8,,,,,,,,,,,,,,,,,,,,,,,,,,,,,,,,,,,,,,,,,,,,,,,,,,,,,,,,,,,,,,,,,,,,,,,,,,,,,,,,,,,,,,,,,,,,,,,,,,,,,,,,,,,,,,,,,,,,,,,,,,,,,,,,,,,,,,,,,,,,,,,,,,,,,,
1905,6,2.0,40.0,,,,,,,,,,,,,,,,,,,,,,,,,,,,,,,,,,,,,,,,1.0,2.6,4.6,2.84,80,1.98,16,0.5,0.5,0.5,-1.84,0.0,2.6,0.3,80,2.38,16,0.5,0.5,0.5,-0.71,0.71,3.25,0.98,80,2.31,16,0.5,0.5,0.5,1010.77,1014.0,1017.0,1013.87,43,3.3,18,0.4,0.5,0.5,,,,,,,,,,,,,,,,,,,,,,,,,,,,,,,,,,,,,,,,,,,,,,,,,,,,,,,,,,,,,,,,,,,,,,,,,,,,,,,,,,,,,,,,,,,,,,,,,,,,,,,,,,,,,,,,,,,,,,,,,,,,,,,,,,,,,,,,,,,,,,,,,,,,,,
1905,6,2.0,42.0,,,,,,,,,,,,,,,,,,,,,,,,,,,,,,,,,,,,,,,,2.27,3.6,6.7,4.03,6,2.36,16,0.5,0.8,0.3,-1.1,3.42,4.74,2.17,6,3.12,16,0.5,0.8,0.3,-0.15,0.9,4.74,1.76,6,2.45,16,0.5,0.8,0.3,1007.7,1007.7,1007.7,1007.7,1,0.0,14,1.0,0.8,0.3,,,,,,,,,,,,,,,,,,,,,,,,,,,,,,,,,,,,,,,,,,,,,,,,,,,,,,,,,,,,,,,,,,,,,,,,,,,,,,,,,,,,,,,,,,,,,,,,,,,,,,,,,,,,,,,,,,,,,,,,,,,,,,,,,,,,,,,,,,,,,,,,,,,,,,
1905,6,2.0,50.0,,,,,,,,,,,,,,,,,,,,,,,,,,,,,,,,,,,,,,,,2.6,4.6,6.7,4.54,175,2.96,16,0.7,0.1,0.5,-4.6,-1.72,2.86,-0.93,175,3.82,16,0.7,0.1,0.5,-4.65,-0.71,2.06,-1.04,175,3.59,16,0.7,0.1,0.5,1008.67,1013.0,1021.33,1014.53,43,6.5,18,0.8,0.2,0.5,,,,,,,,,,,,,,,,,,,,,,,,,,,,,,,,,,,,,,,,,,,,,,,,,,,,,,,,,,,,,,,,,,,,,,,,,,,,,,,,,,,,,,,,,,,,,,,,,,,,,,,,,,,,,,,,,,,,,,,,,,,,,,,,,,,,,,,,,,,,,,,,,,,,,,
1905,6,2.0,52.0,,,,,,,,,,,,,,,,,,,,,,,,,,,,,,,,,,,,,,,,2.6,4.6,6.7,4.8,161,2.64,16,0.9,0.5,0.0,-4.74,-1.72,3.25,-1.02,161,4.0,16,0.9,0.5,0.0,-4.6,0.0,2.19,-1.0,161,3.48,16,0.9,0.5,0.0,1009.67,1015.0,1023.33,1016.26,43,6.88,18,0.9,0.4,0.0,,,,,,,,,,,,,,,,,,,,,,,,,,,,,,,,,,,,,,,,,,,,,,,,,,,,,,,,,,,,,,,,,,,,,,,,,,,,,,,,,,,,,,,,,,,,,,,,,,,,,,,,,,,,,,,,,,,,,,,,,,,,,,,,,,,,,,,,,,,,,,,,,,,,,,
1905,6,4.0,-40.0,,,,,,,,,,,,,,,,,,,,,,,,,,,,,,,,,,,,,,,,4.73,9.3,11.35,8.07,3,4.97,4,1.0,0.6,0.8,-5.11,2.6,3.31,-0.82,3,6.84,4,1.0,0.6,0.8,2.72,8.56,8.65,5.75,3,4.98,4,1.0,0.6,0.8,1005.15,1005.7,1006.04,1005.6,3,0.66,4,1.0,0.6,0.8,,,,,,,,,,,,,,,,,,,,,,,,,,,,,,,,,,,,,,,,,,,,,,,,,,,,,,,,,,,,,,,,,,,,,,,,,,,,,,,,,,,,,,,,,,,,,,,,,,,,,,,,,,,,,,,,,,,,,,,,,,,,,,,,,,,,,,,,,,,,,,,,,,,,,,
1905,6,4.0,-38.0,,,,,,,,,,,,,,,,,,,,,,,,,,,,,,,,,,,,,,,,15.25,15.4,15.57,15.47,7,1.94,16,0.1,0.5,0.3,-4.86,14.28,15.51,8.27,7,10.04,16,0.1,0.5,0.3,-11.46,0.0,7.45,0.22,7,10.11,16,0.1,0.5,0.3,1016.39,1016.8,1018.43,1017.57,7,1.72,16,0.1,0.5,0.3,,,,,,,,,,,,,,,,,,,,,,,,,,,,,,,,,,,,,,,,,,,,,,,,,,,,,,,,,,,,,,,,,,,,,,,,,,,,,,,,,,,,,,,,,,,,,,,,,,,,,,,,,,,,,,,,,,,,,,,,,,,,,,,,,,,,,,,,,,,,,,,,,,,,,,
1905,6,4.0,-36.0,,,,,,,,,,,,,,,,,,,,,,,,,,,,,,,,,,,,,,,,12.3,12.3,12.3,12.3,2,0.0,30,0.5,0.5,0.3,11.32,11.32,11.32,11.32,2,0.0,30,0.5,0.5,0.3,-4.81,-4.81,-4.81,-4.81,2,0.0,30,0.5,0.5,0.3,1016.74,1017.05,1017.36,1017.05,2,0.64,30,0.5,0.5,0.3,,,,,,,,,,,,,,,,,,,,,,,,,,,,,,,,,,,,,,,,,,,,,,,,,,,,,,,,,,,,,,,,,,,,,,,,,,,,,,,,,,,,,,,,,,,,,,,,,,,,,,,,,,,,,,,,,,,,,,,,,,,,,,,,,,,,,,,,,,,,,,,,,,,,,,
1905,6,4.0,-26.0,,,,,,,,,,,,,,,,,,,,,,,,,,,,,,,,,,,,,,,,0.16,0.5,0.84,0.5,2,0.71,26,1.0,0.5,1.0,0.0,0.0,0.0,0.0,2,0.0,26,1.0,0.5,1.0,0.16,0.5,0.84,0.5,2,0.71,26,1.0,0.5,1.0,1020.88,1021.05,1021.22,1021.05,2,0.35,26,1.0,0.5,1.0,,,,,,,,,,,,,,,,,,,,,,,,,,,,,,,,,,,,,,,,,,,,,,,,,,,,,,,,,,,,,,,,,,,,,,,,,,,,,,,,,,,,,,,,,,,,,,,,,,,,,,,,,,,,,,,,,,,,,,,,,,,,,,,,,,,,,,,,,,,,,,,,,,,,,,
1905,6,4.0,-24.0,,,,,,,,,,,,,,,,,,,,,,,,,,,,,,,,,,,,,,,,5.6,6.7,6.7,6.18,4,1.05,26,0.3,0.1,0.6,-4.74,-4.74,-2.26,-3.55,4,2.37,26,0.3,0.1,0.6,4.67,4.74,4.74,4.7,4,0.07,26,0.3,0.1,0.6,1021.14,1022.4,1022.4,1021.8,4,1.2,26,0.3,0.1,0.6,,,,,,,,,,,,,,,,,,,,,,,,,,,,,,,,,,,,,,,,,,,,,,,,,,,,,,,,,,,,,,,,,,,,,,,,,,,,,,,,,,,,,,,,,,,,,,,,,,,,,,,,,,,,,,,,,,,,,,,,,,,,,,,,,,,,,,,,,,,,,,,,,,,,,,
1905,6,4.0,-14.0,,,,,,,,,,,,,,,,,,,,,,,,,,,,,,,,,,,,,,,,4.6,6.7,7.65,6.38,5,1.94,14,0.6,0.4,0.9,-4.04,-3.25,-2.32,-3.21,5,1.1,14,0.6,0.4,0.9,3.88,4.74,7.04,5.39,5,2.06,14,0.6,0.4,0.9,1015.0,1015.0,1015.0,1015.0,1,0.0,4,0.0,0.5,1.0,,,,,,,,,,,,,,,,,,,,,,,,,,,,,,,,,,,,,,,,,,,,,,,,,,,,,,,,,,,,,,,,,,,,,,,,,,,,,,,,,,,,,,,,,,,,,,,,,,,,,,,,,,,,,,,,,,,,,,,,,,,,,,,,,,,,,,,,,,,,,,,,,,,,,,
1905,6,4.0,-12.0,,,,,,,,,,,,,,,,,,,,,,,,,,,,,,,,,,,,,,,,4.5,6.7,9.3,6.56,7,2.4,12,0.4,0.1,0.7,-3.63,-2.62,-2.58,-2.89,7,0.65,12,0.4,0.1,0.7,3.19,6.17,8.56,5.82,7,2.51,12,0.4,0.1,0.7,1013.08,1014.1,1014.44,1013.77,3,1.04,4,1.0,0.2,0.7,,,,,,,,,,,,,,,,,,,,,,,,,,,,,,,,,,,,,,,,,,,,,,,,,,,,,,,,,,,,,,,,,,,,,,,,,,,,,,,,,,,,,,,,,,,,,,,,,,,,,,,,,,,,,,,,,,,,,,,,,,,,,,,,,,,,,,,,,,,,,,,,,,,,,,
1905,6,4.0,36.0,,,,,,,,,,,,,,,,,,,,,,,,,,,,,,,,,,,,,,,,1.0,2.6,6.7,3.66,50,2.47,14,0.6,0.5,0.8,-0.75,2.41,6.17,2.43,50,3.3,14,0.6,0.5,0.8,-1.72,0.0,1.72,-0.05,50,1.69,14,0.6,0.5,0.8,1011.57,1014.3,1018.11,1014.68,12,3.38,16,0.6,0.5,0.8,,,,,,,,,,,,,,,,,,,,,,,,,,,,,,,,,,,,,,,,,,,,,,,,,,,,,,,,,,,,,,,,,,,,,,,,,,,,,,,,,,,,,,,,,,,,,,,,,,,,,,,,,,,,,,,,,,,,,,,,,,,,,,,,,,,,,,,,,,,,,,,,,,,,,,
1905,6,4.0,38.0,,,,,,,,,,,,,,,,,,,,,,,,,,,,,,,,,,,,,,,,2.6,2.6,2.6,2.6,3,0.0,12,0.3,0.6,0.3,-2.36,-1.84,-1.84,-2.09,3,0.44,12,0.3,0.6,0.3,0.58,1.84,1.84,1.23,3,1.06,12,0.3,0.6,0.3,1014.14,1018.3,1019.19,1016.7,3,3.95,12,0.3,0.6,0.3,,,,,,,,,,,,,,,,,,,,,,,,,,,,,,,,,,,,,,,,,,,,,,,,,,,,,,,,,,,,,,,,,,,,,,,,,,,,,,,,,,,,,,,,,,,,,,,,,,,,,,,,,,,,,,,,,,,,,,,,,,,,,,,,,,,,,,,,,,,,,,,,,,,,,,
1905,6,4.0,40.0,,,,,,,,,,,,,,,,,,,,,,,,,,,,,,,,,,,,,,,,1.0,2.6,4.6,2.9,22,2.38,18,0.4,0.4,0.8,-1.56,0.0,1.84,0.39,22,2.7,18,0.4,0.4,0.8,0.0,0.2,2.39,0.27,22,2.64,18,0.4,0.4,0.8,1009.7,1016.0,1017.79,1014.38,9,3.96,16,0.4,0.3,0.8,,,,,,,,,,,,,,,,,,,,,,,,,,,,,,,,,,,,,,,,,,,,,,,,,,,,,,,,,,,,,,,,,,,,,,,,,,,,,,,,,,,,,,,,,,,,,,,,,,,,,,,,,,,,,,,,,,,,,,,,,,,,,,,,,,,,,,,,,,,,,,,,,,,,,,
1905,6,4.0,42.0,,,,,,,,,,,,,,,,,,,,,,,,,,,,,,,,,,,,,,,,1.0,4.6,6.7,3.98,61,3.08,14,0.5,0.6,0.4,-1.39,0.0,4.6,1.22,61,3.59,14,0.5,0.6,0.4,-2.2,0.92,3.25,0.61,61,3.29,14,0.5,0.6,0.4,1009.0,1013.4,1017.09,1013.72,33,3.91,16,0.6,0.5,0.4,,,,,,,,,,,,,,,,,,,,,,,,,,,,,,,,,,,,,,,,,,,,,,,,,,,,,,,,,,,,,,,,,,,,,,,,,,,,,,,,,,,,,,,,,,,,,,,,,,,,,,,,,,,,,,,,,,,,,,,,,,,,,,,,,,,,,,,,,,,,,,,,,,,,,,
1905,6,4.0,52.0,,,,,,,,,,,,,,,,,,,,,,,,,,,,,,,,,,,,,,,,2.6,4.6,7.34,5.17,283,2.76,16,0.6,0.2,0.4,-6.17,-2.39,3.25,-1.52,283,4.24,16,0.6,0.2,0.4,-4.74,-1.8,1.74,-1.66,283,3.36,16,0.6,0.2,0.4,1010.0,1015.0,1021.0,1015.74,74,5.23,16,0.6,0.2,0.4,,,,,,,,,,,,,,,,,,,,,,,,,,,,,,,,,,,,,,,,,,,,,,,,,,,,,,,,,,,,,,,,,,,,,,,,,,,,,,,,,,,,,,,,,,,,,,,,,,,,,,,,,,,,,,,,,,,,,,,,,,,,,,,,,,,,,,,,,,,,,,,,,,,,,,
1905,6,6.0,-44.0,,,,,,,,,,,,,,,,,,,,,,,,,,,,,,,,,,,,,,,,1.0,1.8,2.6,1.8,6,0.88,2,0.3,0.3,0.8,-1.95,-0.99,0.19,-0.88,6,1.2,2,0.3,0.3,0.8,-1.17,-0.2,1.3,0.03,6,1.51,2,0.3,0.3,0.8,1010.06,1013.2,1015.3,1012.83,6,2.57,2,0.3,0.3,0.8,,,,,,,,,,,,,,,,,,,,,,,,,,,,,,,,,,,,,,,,,,,,,,,,,,,,,,,,,,,,,,,,,,,,,,,,,,,,,,,,,,,,,,,,,,,,,,,,,,,,,,,,,,,,,,,,,,,,,,,,,,,,,,,,,,,,,,,,,,,,,,,,,,,,,,
1905,6,6.0,-40.0,,,,,,,,,,,,,,,,,,,,,,,,,,,,,,,,,,,,,,,,4.6,6.7,9.44,7.34,7,3.03,4,0.4,0.5,0.8,-3.33,2.51,3.77,0.87,7,4.18,4,0.4,0.5,0.8,-6.46,3.25,6.67,-0.02,7,7.33,4,0.4,0.5,0.8,1009.66,1010.6,1013.95,1011.61,7,2.41,4,0.4,0.5,0.8,,,,,,,,,,,,,,,,,,,,,,,,,,,,,,,,,,,,,,,,,,,,,,,,,,,,,,,,,,,,,,,,,,,,,,,,,,,,,,,,,,,,,,,,,,,,,,,,,,,,,,,,,,,,,,,,,,,,,,,,,,,,,,,,,,,,,,,,,,,,,,,,,,,,,,
1905,6,6.0,-38.0,,,,,,,,,,,,,,,,,,,,,,,,,,,,,,,,,,,,,,,,15.4,15.4,15.4,15.4,5,0.0,20,1.0,0.6,0.3,13.04,14.28,14.69,13.83,5,1.71,20,1.0,0.6,0.3,3.66,5.77,7.64,5.64,5,3.85,20,1.0,0.6,0.3,1016.18,1017.2,1018.18,1017.18,5,1.48,20,1.0,0.6,0.3,,,,,,,,,,,,,,,,,,,,,,,,,,,,,,,,,,,,,,,,,,,,,,,,,,,,,,,,,,,,,,,,,,,,,,,,,,,,,,,,,,,,,,,,,,,,,,,,,,,,,,,,,,,,,,,,,,,,,,,,,,,,,,,,,,,,,,,,,,,,,,,,,,,,,,
1905,6,6.0,-26.0,,,,,,,,,,,,,,,,,,,,,,,,,,,,,,,,,,,,,,,,1.18,2.6,4.6,2.95,8,1.52,26,0.5,0.2,0.7,-0.39,0.0,1.83,0.53,8,1.61,26,0.5,0.2,0.7,1.02,2.6,4.13,2.58,8,1.31,26,0.5,0.2,0.7,1019.04,1019.65,1020.24,1019.66,8,0.81,26,0.5,0.2,0.7,,,,,,,,,,,,,,,,,,,,,,,,,,,,,,,,,,,,,,,,,,,,,,,,,,,,,,,,,,,,,,,,,,,,,,,,,,,,,,,,,,,,,,,,,,,,,,,,,,,,,,,,,,,,,,,,,,,,,,,,,,,,,,,,,,,,,,,,,,,,,,,,,,,,,,
1905,6,6.0,-16.0,,,,,,,,,,,,,,,,,,,,,,,,,,,,,,,,,,,,,,,,4.6,6.7,8.75,6.98,5,3.15,16,0.2,0.5,0.9,-5.88,-1.8,0.0,-2.95,5,3.66,16,0.2,0.5,0.9,3.32,6.7,7.43,5.61,5,2.69,16,0.2,0.5,0.9,1015.0,1015.0,1015.0,1015.0,1,0.0,6,1.0,0.5,1.0,,,,,,,,,,,,,,,,,,,,,,,,,,,,,,,,,,,,,,,,,,,,,,,,,,,,,,,,,,,,,,,,,,,,,,,,,,,,,,,,,,,,,,,,,,,,,,,,,,,,,,,,,,,,,,,,,,,,,,,,,,,,,,,,,,,,,,,,,,,,,,,,,,,,,,
1905,6,6.0,-14.0,,,,,,,,,,,,,,,,,,,,,,,,,,,,,,,,,,,,,,,,4.6,5.65,9.01,6.68,8,2.82,14,0.6,0.1,0.6,-4.62,-2.94,-1.8,-3.06,8,1.27,14,0.6,0.1,0.6,4.23,4.49,8.3,5.84,8,2.76,14,0.6,0.1,0.6,1013.98,1015.0,1015.07,1014.53,3,0.9,6,0.3,0.2,0.7,,,,,,,,,,,,,,,,,,,,,,,,,,,,,,,,,,,,,,,,,,,,,,,,,,,,,,,,,,,,,,,,,,,,,,,,,,,,,,,,,,,,,,,,,,,,,,,,,,,,,,,,,,,,,,,,,,,,,,,,,,,,,,,,,,,,,,,,,,,,,,,,,,,,,,
1905,6,6.0,-2.0,,,,,,,,,,,,,,,,,,,,,,,,,,,,,,,,,,,,,,,,2.92,3.6,4.28,3.6,2,1.41,24,0.5,0.5,1.0,1.09,1.35,1.6,1.35,2,0.53,24,0.5,0.5,1.0,2.7,3.34,3.97,3.34,2,1.31,24,0.5,0.5,1.0,1015.9,1015.9,1015.9,1015.9,1,0.0,24,0.0,0.5,1.0,,,,,,,,,,,,,,,,,,,,,,,,,,,,,,,,,,,,,,,,,,,,,,,,,,,,,,,,,,,,,,,,,,,,,,,,,,,,,,,,,,,,,,,,,,,,,,,,,,,,,,,,,,,,,,,,,,,,,,,,,,,,,,,,,,,,,,,,,,,,,,,,,,,,,,
1905,6,6.0,36.0,,,,,,,,,,,,,,,,,,,,,,,,,,,,,,,,,,,,,,,,1.0,4.6,6.7,3.71,41,2.33,16,0.3,0.6,0.8,-2.39,0.0,6.17,1.42,41,3.62,16,0.3,0.6,0.8,-2.61,0.0,1.8,-0.25,41,2.08,16,0.3,0.6,0.8,1010.76,1014.4,1018.59,1014.78,11,3.51,18,0.3,0.5,0.8,,,,,,,,,,,,,,,,,,,,,,,,,,,,,,,,,,,,,,,,,,,,,,,,,,,,,,,,,,,,,,,,,,,,,,,,,,,,,,,,,,,,,,,,,,,,,,,,,,,,,,,,,,,,,,,,,,,,,,,,,,,,,,,,,,,,,,,,,,,,,,,,,,,,,,
1905,6,6.0,38.0,,,,,,,,,,,,,,,,,,,,,,,,,,,,,,,,,,,,,,,,1.0,2.6,6.7,3.09,7,2.57,18,0.6,0.5,0.3,-2.6,0.0,4.74,0.64,7,3.08,18,0.6,0.5,0.3,-0.03,0.37,4.74,1.45,7,2.3,18,0.6,0.5,0.3,1012.53,1013.05,1016.08,1014.25,4,3.0,20,0.5,0.5,0.3,,,,,,,,,,,,,,,,,,,,,,,,,,,,,,,,,,,,,,,,,,,,,,,,,,,,,,,,,,,,,,,,,,,,,,,,,,,,,,,,,,,,,,,,,,,,,,,,,,,,,,,,,,,,,,,,,,,,,,,,,,,,,,,,,,,,,,,,,,,,,,,,,,,,,,
1905,6,6.0,40.0,,,,,,,,,,,,,,,,,,,,,,,,,,,,,,,,,,,,,,,,1.46,4.6,4.6,3.07,3,2.66,14,0.0,0.8,0.8,1.35,4.27,4.49,2.96,3,2.56,14,0.0,0.8,0.8,-1.18,0.0,0.0,-0.57,3,0.99,14,0.0,0.8,0.8,1014.09,1015.8,1017.51,1015.8,2,3.54,16,0.0,0.8,0.8,,,,,,,,,,,,,,,,,,,,,,,,,,,,,,,,,,,,,,,,,,,,,,,,,,,,,,,,,,,,,,,,,,,,,,,,,,,,,,,,,,,,,,,,,,,,,,,,,,,,,,,,,,,,,,,,,,,,,,,,,,,,,,,,,,,,,,,,,,,,,,,,,,,,,,
1905,6,6.0,42.0,,,,,,,,,,,,,,,,,,,,,,,,,,,,,,,,,,,,,,,,0.0,2.6,6.7,3.62,66,3.49,16,0.6,0.5,0.4,-2.22,0.0,4.69,1.35,66,4.27,16,0.6,0.5,0.4,-1.55,0.0,2.6,-0.03,66,2.33,16,0.6,0.5,0.4,1009.0,1013.6,1017.65,1013.22,33,3.98,16,0.5,0.5,0.4,,,,,,,,,,,,,,,,,,,,,,,,,,,,,,,,,,,,,,,,,,,,,,,,,,,,,,,,,,,,,,,,,,,,,,,,,,,,,,,,,,,,,,,,,,,,,,,,,,,,,,,,,,,,,,,,,,,,,,,,,,,,,,,,,,,,,,,,,,,,,,,,,,,,,,
1905,6,6.0,52.0,,,,,,,,,,,,,,,,,,,,,,,,,,,,,,,,,,,,,,,,2.6,4.6,6.7,4.74,193,3.06,16,0.7,0.2,0.5,-4.74,-1.84,3.25,-1.25,193,4.13,16,0.7,0.2,0.5,-4.44,0.0,1.8,-1.4,193,3.36,16,0.7,0.2,0.5,1011.0,1015.0,1023.0,1016.18,54,5.08,18,0.7,0.2,0.5,,,,,,,,,,,,,,,,,,,,,,,,,,,,,,,,,,,,,,,,,,,,,,,,,,,,,,,,,,,,,,,,,,,,,,,,,,,,,,,,,,,,,,,,,,,,,,,,,,,,,,,,,,,,,,,,,,,,,,,,,,,,,,,,,,,,,,,,,,,,,,,,,,,,,,
1905,6,6.0,54.0,,,,,,,,,,,,,,,,,,,,,,,,,,,,,,,,,,,,,,,,3.87,4.6,6.7,5.04,5,1.72,10,0.8,0.5,0.2,-4.65,-3.25,1.8,-1.38,5,4.76,10,0.8,0.5,0.2,-3.79,-2.39,0.0,-2.08,5,2.07,10,0.8,0.5,0.2,1016.4,1016.4,1016.4,1016.4,1,0.0,6,1.0,0.8,0.3,,,,,,,,,,,,,,,,,,,,,,,,,,,,,,,,,,,,,,,,,,,,,,,,,,,,,,,,,,,,,,,,,,,,,,,,,,,,,,,,,,,,,,,,,,,,,,,,,,,,,,,,,,,,,,,,,,,,,,,,,,,,,,,,,,,,,,,,,,,,,,,,,,,,,,
1905,6,8.0,-44.0,,,,,,,,,,,,,,,,,,,,,,,,,,,,,,,,,,,,,,,,2.71,4.6,5.7,4.23,4,2.37,2,0.5,0.5,0.3,-2.23,-0.9,0.37,-0.93,4,1.54,2,0.5,0.5,0.3,-5.42,-4.42,-2.39,-3.93,4,2.3,2,0.5,0.5,0.3,1008.93,1010.6,1011.12,1010.05,4,1.75,2,0.5,0.5,0.3,,,,,,,,,,,,,,,,,,,,,,,,,,,,,,,,,,,,,,,,,,,,,,,,,,,,,,,,,,,,,,,,,,,,,,,,,,,,,,,,,,,,,,,,,,,,,,,,,,,,,,,,,,,,,,,,,,,,,,,,,,,,,,,,,,,,,,,,,,,,,,,,,,,,,,
1905,6,8.0,-40.0,,,,,,,,,,,,,,,,,,,,,,,,,,,,,,,,,,,,,,,,4.6,8.0,11.97,7.96,8,3.31,4,0.5,0.5,0.8,-1.6,0.0,2.23,-0.03,8,2.51,4,0.5,0.5,0.8,-4.6,2.16,11.17,2.74,8,8.28,4,0.5,0.5,0.8,1010.39,1012.4,1014.5,1012.51,8,2.14,4,0.5,0.5,0.8,,,,,,,,,,,,,,,,,,,,,,,,,,,,,,,,,,,,,,,,,,,,,,,,,,,,,,,,,,,,,,,,,,,,,,,,,,,,,,,,,,,,,,,,,,,,,,,,,,,,,,,,,,,,,,,,,,,,,,,,,,,,,,,,,,,,,,,,,,,,,,,,,,,,,,
1905,6,8.0,-38.0,,,,,,,,,,,,,,,,,,,,,,,,,,,,,,,,,,,,,,,,12.3,15.4,15.4,14.24,8,1.6,20,0.3,0.4,0.3,8.7,12.53,15.4,11.66,8,4.07,20,0.3,0.4,0.3,-10.65,-3.01,0.0,-3.54,8,6.93,20,0.3,0.4,0.3,1013.37,1015.4,1016.39,1015.29,7,2.55,22,0.1,0.5,0.3,,,,,,,,,,,,,,,,,,,,,,,,,,,,,,,,,,,,,,,,,,,,,,,,,,,,,,,,,,,,,,,,,,,,,,,,,,,,,,,,,,,,,,,,,,,,,,,,,,,,,,,,,,,,,,,,,,,,,,,,,,,,,,,,,,,,,,,,,,,,,,,,,,,,,,
1905,6,8.0,-28.0,,,,,,,,,,,,,,,,,,,,,,,,,,,,,,,,,,,,,,,,6.7,8.0,9.3,8.0,6,1.42,24,0.5,0.3,0.8,-6.58,-5.66,-4.3,-5.3,6,1.59,24,0.5,0.3,0.8,4.74,6.37,6.58,5.9,6,0.91,24,0.5,0.3,0.8,1019.56,1020.9,1022.62,1020.97,6,1.62,24,0.5,0.3,0.8,,,,,,,,,,,,,,,,,,,,,,,,,,,,,,,,,,,,,,,,,,,,,,,,,,,,,,,,,,,,,,,,,,,,,,,,,,,,,,,,,,,,,,,,,,,,,,,,,,,,,,,,,,,,,,,,,,,,,,,,,,,,,,,,,,,,,,,,,,,,,,,,,,,,,,
1905,6,8.0,-18.0,,,,,,,,,,,,,,,,,,,,,,,,,,,,,,,,,,,,,,,,6.5,9.3,9.59,8.47,7,3.89,16,0.6,0.3,0.9,-2.78,0.0,0.12,-1.24,7,2.77,16,0.6,0.3,0.9,5.87,9.3,9.53,7.77,7,4.35,16,0.6,0.3,0.9,1014.0,1014.0,1014.0,1014.0,1,0.0,6,0.0,0.5,1.0,,,,,,,,,,,,,,,,,,,,,,,,,,,,,,,,,,,,,,,,,,,,,,,,,,,,,,,,,,,,,,,,,,,,,,,,,,,,,,,,,,,,,,,,,,,,,,,,,,,,,,,,,,,,,,,,,,,,,,,,,,,,,,,,,,,,,,,,,,,,,,,,,,,,,,
1905,6,8.0,-16.0,,,,,,,,,,,,,,,,,,,,,,,,,,,,,,,,,,,,,,,,9.3,10.8,12.94,11.32,6,2.48,12,0.5,0.1,0.6,-5.06,-4.22,0.0,-3.21,6,2.6,12,0.5,0.1,0.6,9.15,10.31,11.91,10.66,6,2.07,12,0.5,0.1,0.6,1014.08,1014.9,1015.04,1014.57,3,0.76,6,0.3,0.2,0.7,,,,,,,,,,,,,,,,,,,,,,,,,,,,,,,,,,,,,,,,,,,,,,,,,,,,,,,,,,,,,,,,,,,,,,,,,,,,,,,,,,,,,,,,,,,,,,,,,,,,,,,,,,,,,,,,,,,,,,,,,,,,,,,,,,,,,,,,,,,,,,,,,,,,,,
1905,6,8.0,-4.0,,,,,,,,,,,,,,,,,,,,,,,,,,,,,,,,,,,,,,,,0.0,1.3,3.65,1.8,4,2.23,24,0.3,0.4,0.8,0.0,0.0,0.0,0.0,4,0.0,24,0.3,0.4,0.8,0.0,1.3,3.65,1.8,4,2.23,24,0.3,0.4,0.8,1015.73,1016.2,1016.99,1016.35,4,0.99,24,0.3,0.4,0.8,,,,,,,,,,,,,,,,,,,,,,,,,,,,,,,,,,,,,,,,,,,,,,,,,,,,,,,,,,,,,,,,,,,,,,,,,,,,,,,,,,,,,,,,,,,,,,,,,,,,,,,,,,,,,,,,,,,,,,,,,,,,,,,,,,,,,,,,,,,,,,,,,,,,,,
1905,6,8.0,-2.0,,,,,,,,,,,,,,,,,,,,,,,,,,,,,,,,,,,,,,,,1.25,1.8,2.35,1.8,2,1.13,24,1.0,0.0,0.5,0.15,0.49,0.82,0.49,2,0.69,24,1.0,0.0,0.5,1.22,1.71,2.19,1.71,2,1.0,24,1.0,0.0,0.5,1014.24,1014.75,1015.26,1014.75,2,1.06,24,1.0,0.0,0.5,,,,,,,,,,,,,,,,,,,,,,,,,,,,,,,,,,,,,,,,,,,,,,,,,,,,,,,,,,,,,,,,,,,,,,,,,,,,,,,,,,,,,,,,,,,,,,,,,,,,,,,,,,,,,,,,,,,,,,,,,,,,,,,,,,,,,,,,,,,,,,,,,,,,,,
1905,6,8.0,36.0,,,,,,,,,,,,,,,,,,,,,,,,,,,,,,,,,,,,,,,,1.0,2.6,4.6,3.39,47,2.5,12,0.7,0.5,0.8,-3.06,0.0,3.94,0.45,47,3.78,12,0.7,0.5,0.8,-1.84,0.0,1.84,-0.01,47,1.88,12,0.7,0.5,0.8,1013.8,1014.7,1018.35,1015.78,12,2.43,18,0.7,0.5,0.8,,,,,,,,,,,,,,,,,,,,,,,,,,,,,,,,,,,,,,,,,,,,,,,,,,,,,,,,,,,,,,,,,,,,,,,,,,,,,,,,,,,,,,,,,,,,,,,,,,,,,,,,,,,,,,,,,,,,,,,,,,,,,,,,,,,,,,,,,,,,,,,,,,,,,,
1905,6,8.0,38.0,,,,,,,,,,,,,,,,,,,,,,,,,,,,,,,,,,,,,,,,0.0,2.6,5.13,2.53,12,2.39,20,0.5,0.5,0.3,0.0,1.38,4.73,1.75,12,2.73,20,0.5,0.5,0.3,-1.84,0.0,0.1,-0.57,12,1.26,20,0.5,0.5,0.3,1011.78,1015.6,1019.52,1015.65,4,4.48,16,0.5,0.5,0.5,,,,,,,,,,,,,,,,,,,,,,,,,,,,,,,,,,,,,,,,,,,,,,,,,,,,,,,,,,,,,,,,,,,,,,,,,,,,,,,,,,,,,,,,,,,,,,,,,,,,,,,,,,,,,,,,,,,,,,,,,,,,,,,,,,,,,,,,,,,,,,,,,,,,,,
1905,6,8.0,40.0,,,,,,,,,,,,,,,,,,,,,,,,,,,,,,,,,,,,,,,,1.0,2.6,6.7,3.74,29,2.6,16,0.6,0.5,0.8,0.92,2.6,5.53,2.91,29,2.47,16,0.6,0.5,0.8,-1.8,0.0,2.63,0.3,29,2.5,16,0.6,0.5,0.8,1010.11,1011.85,1015.65,1012.64,18,2.84,18,0.6,0.5,0.8,,,,,,,,,,,,,,,,,,,,,,,,,,,,,,,,,,,,,,,,,,,,,,,,,,,,,,,,,,,,,,,,,,,,,,,,,,,,,,,,,,,,,,,,,,,,,,,,,,,,,,,,,,,,,,,,,,,,,,,,,,,,,,,,,,,,,,,,,,,,,,,,,,,,,,
1905,6,8.0,42.0,,,,,,,,,,,,,,,,,,,,,,,,,,,,,,,,,,,,,,,,0.6,2.6,3.4,2.3,30,2.08,16,0.5,0.6,0.7,-1.01,0.0,1.84,0.6,30,2.22,16,0.5,0.6,0.7,-1.33,0.0,2.4,0.19,30,2.12,16,0.5,0.6,0.7,1010.84,1016.55,1019.0,1015.64,16,4.02,14,0.6,0.7,0.7,,,,,,,,,,,,,,,,,,,,,,,,,,,,,,,,,,,,,,,,,,,,,,,,,,,,,,,,,,,,,,,,,,,,,,,,,,,,,,,,,,,,,,,,,,,,,,,,,,,,,,,,,,,,,,,,,,,,,,,,,,,,,,,,,,,,,,,,,,,,,,,,,,,,,,
1905,6,8.0,54.0,,,,,,,,,,,,,,,,,,,,,,,,,,,,,,,,,,,,,,,,2.71,5.65,6.7,4.75,4,2.69,16,1.0,0.0,0.0,-5.06,-1.16,3.67,-0.71,4,5.55,16,1.0,0.0,0.0,-1.88,-0.19,1.37,-0.25,4,2.4,16,1.0,0.0,0.0,1017.0,1017.0,1017.0,1017.0,1,0.0,10,1.0,0.0,0.0,,,,,,,,,,,,,,,,,,,,,,,,,,,,,,,,,,,,,,,,,,,,,,,,,,,,,,,,,,,,,,,,,,,,,,,,,,,,,,,,,,,,,,,,,,,,,,,,,,,,,,,,,,,,,,,,,,,,,,,,,,,,,,,,,,,,,,,,,,,,,,,,,,,,,,
1905,6,8.0,56.0,,,,,,,,,,,,,,,,,,,,,,,,,,,,,,,,,,,,,,,,1.0,3.6,6.67,3.59,20,2.49,16,0.8,0.3,0.5,-1.01,0.2,4.25,1.21,20,3.77,16,0.8,0.3,0.5,-1.8,-0.92,0.96,-0.64,20,1.88,16,0.8,0.3,0.5,1017.0,1017.0,1017.0,1017.0,2,0.0,30,1.0,0.3,0.5,,,,,,,,,,,,,,,,,,,,,,,,,,,,,,,,,,,,,,,,,,,,,,,,,,,,,,,,,,,,,,,,,,,,,,,,,,,,,,,,,,,,,,,,,,,,,,,,,,,,,,,,,,,,,,,,,,,,,,,,,,,,,,,,,,,,,,,,,,,,,,,,,,,,,,
1905,6,10.0,-44.0,,,,,,,,,,,,,,,,,,,,,,,,,,,,,,,,,,,,,,,,3.55,4.6,4.6,4.1,4,1.0,2,0.3,0.5,0.3,0.88,3.04,4.43,2.67,4,2.16,2,0.3,0.5,0.3,-1.82,-0.9,2.41,0.24,4,3.03,2,0.3,0.5,0.3,1005.89,1006.5,1007.21,1006.55,4,0.81,2,0.3,0.5,0.3,,,,,,,,,,,,,,,,,,,,,,,,,,,,,,,,,,,,,,,,,,,,,,,,,,,,,,,,,,,,,,,,,,,,,,,,,,,,,,,,,,,,,,,,,,,,,,,,,,,,,,,,,,,,,,,,,,,,,,,,,,,,,,,,,,,,,,,,,,,,,,,,,,,,,,
1905,6,10.0,-40.0,,,,,,,,,,,,,,,,,,,,,,,,,,,,,,,,,,,,,,,,2.6,6.7,12.45,7.27,7,4.88,6,0.6,0.5,0.5,-0.22,0.97,3.38,1.07,7,3.28,6,0.6,0.5,0.5,-2.45,6.7,11.54,4.5,7,7.06,6,0.6,0.5,0.5,1011.24,1012.1,1016.34,1013.43,7,2.77,6,0.6,0.5,0.5,,,,,,,,,,,,,,,,,,,,,,,,,,,,,,,,,,,,,,,,,,,,,,,,,,,,,,,,,,,,,,,,,,,,,,,,,,,,,,,,,,,,,,,,,,,,,,,,,,,,,,,,,,,,,,,,,,,,,,,,,,,,,,,,,,,,,,,,,,,,,,,,,,,,,,
1905,6,10.0,-38.0,,,,,,,,,,,,,,,,,,,,,,,,,,,,,,,,,,,,,,,,6.7,8.0,12.3,8.61,8,3.55,22,0.8,0.6,0.4,4.74,5.66,8.7,6.09,8,2.51,22,0.8,0.6,0.4,4.74,5.66,8.7,6.09,8,2.51,22,0.8,0.6,0.4,1020.0,1021.8,1023.82,1021.69,8,2.18,22,0.8,0.6,0.4,,,,,,,,,,,,,,,,,,,,,,,,,,,,,,,,,,,,,,,,,,,,,,,,,,,,,,,,,,,,,,,,,,,,,,,,,,,,,,,,,,,,,,,,,,,,,,,,,,,,,,,,,,,,,,,,,,,,,,,,,,,,,,,,,,,,,,,,,,,,,,,,,,,,,,
1905,6,10.0,-30.0,,,,,,,,,,,,,,,,,,,,,,,,,,,,,,,,,,,,,,,,4.6,4.6,5.37,5.02,5,0.94,24,0.6,0.4,0.7,-3.79,-3.25,-1.8,-2.97,5,1.23,24,0.6,0.4,0.7,3.25,4.23,4.42,3.94,5,0.66,24,0.6,0.4,0.7,1022.46,1024.0,1024.66,1023.56,5,1.57,24,0.6,0.4,0.7,,,,,,,,,,,,,,,,,,,,,,,,,,,,,,,,,,,,,,,,,,,,,,,,,,,,,,,,,,,,,,,,,,,,,,,,,,,,,,,,,,,,,,,,,,,,,,,,,,,,,,,,,,,,,,,,,,,,,,,,,,,,,,,,,,,,,,,,,,,,,,,,,,,,,,
1905,6,10.0,-28.0,,,,,,,,,,,,,,,,,,,,,,,,,,,,,,,,,,,,,,,,4.6,5.65,7.24,6.08,6,1.88,20,0.3,0.3,0.8,-0.98,0.0,0.72,-0.21,6,2.62,20,0.3,0.3,0.8,4.6,4.67,7.1,5.64,6,1.68,20,0.3,0.3,0.8,1024.4,1024.4,1024.4,1024.4,1,0.0,24,0.0,0.0,0.5,,,,,,,,,,,,,,,,,,,,,,,,,,,,,,,,,,,,,,,,,,,,,,,,,,,,,,,,,,,,,,,,,,,,,,,,,,,,,,,,,,,,,,,,,,,,,,,,,,,,,,,,,,,,,,,,,,,,,,,,,,,,,,,,,,,,,,,,,,,,,,,,,,,,,,
1905,6,10.0,-20.0,,,,,,,,,,,,,,,,,,,,,,,,,,,,,,,,,,,,,,,,6.7,9.3,9.3,8.44,11,2.08,14,0.5,0.3,0.8,-6.58,-3.63,-2.28,-3.86,11,2.13,14,0.5,0.3,0.8,6.17,6.58,8.56,7.27,11,1.87,14,0.5,0.3,0.8,1013.95,1014.7,1014.7,1014.33,3,0.64,6,0.3,0.5,0.8,,,,,,,,,,,,,,,,,,,,,,,,,,,,,,,,,,,,,,,,,,,,,,,,,,,,,,,,,,,,,,,,,,,,,,,,,,,,,,,,,,,,,,,,,,,,,,,,,,,,,,,,,,,,,,,,,,,,,,,,,,,,,,,,,,,,,,,,,,,,,,,,,,,,,,
1905,6,10.0,-18.0,,,,,,,,,,,,,,,,,,,,,,,,,,,,,,,,,,,,,,,,9.3,10.8,13.92,11.58,4,2.92,14,0.5,0.0,0.6,-5.44,-4.22,-1.73,-3.61,4,2.6,14,0.5,0.0,0.6,8.91,10.31,12.82,10.84,4,2.51,14,0.5,0.0,0.6,1014.87,1015.25,1015.63,1015.25,2,0.78,6,1.0,0.0,0.8,,,,,,,,,,,,,,,,,,,,,,,,,,,,,,,,,,,,,,,,,,,,,,,,,,,,,,,,,,,,,,,,,,,,,,,,,,,,,,,,,,,,,,,,,,,,,,,,,,,,,,,,,,,,,,,,,,,,,,,,,,,,,,,,,,,,,,,,,,,,,,,,,,,,,,
1905,6,10.0,-8.0,,,,,,,,,,,,,,,,,,,,,,,,,,,,,,,,,,,,,,,,4.93,5.65,6.37,5.65,2,1.48,26,1.0,0.5,1.0,-1.51,-0.9,-0.29,-0.9,2,1.27,26,1.0,0.5,1.0,4.63,5.47,6.31,5.47,2,1.74,26,1.0,0.5,1.0,1016.16,1016.5,1016.84,1016.5,2,0.71,26,1.0,0.5,1.0,,,,,,,,,,,,,,,,,,,,,,,,,,,,,,,,,,,,,,,,,,,,,,,,,,,,,,,,,,,,,,,,,,,,,,,,,,,,,,,,,,,,,,,,,,,,,,,,,,,,,,,,,,,,,,,,,,,,,,,,,,,,,,,,,,,,,,,,,,,,,,,,,,,,,,
1905,6,10.0,-6.0,,,,,,,,,,,,,,,,,,,,,,,,,,,,,,,,,,,,,,,,2.6,2.6,4.6,3.4,5,1.1,24,0.4,0.2,0.8,-1.32,-1.02,0.0,-0.77,5,0.78,24,0.4,0.2,0.8,2.19,2.39,4.6,3.17,5,1.33,24,0.4,0.2,0.8,1015.3,1016.4,1017.0,1016.14,5,1.01,24,0.4,0.2,0.8,,,,,,,,,,,,,,,,,,,,,,,,,,,,,,,,,,,,,,,,,,,,,,,,,,,,,,,,,,,,,,,,,,,,,,,,,,,,,,,,,,,,,,,,,,,,,,,,,,,,,,,,,,,,,,,,,,,,,,,,,,,,,,,,,,,,,,,,,,,,,,,,,,,,,,
1905,6,10.0,36.0,,,,,,,,,,,,,,,,,,,,,,,,,,,,,,,,,,,,,,,,1.0,2.6,6.7,3.72,43,2.62,12,0.4,0.5,0.7,-2.83,0.0,3.02,0.24,43,3.1,12,0.4,0.5,0.7,-3.58,-0.97,2.76,-0.73,43,3.28,12,0.4,0.5,0.7,1013.54,1016.25,1017.56,1015.58,14,2.08,16,0.5,0.5,0.6,,,,,,,,,,,,,,,,,,,,,,,,,,,,,,,,,,,,,,,,,,,,,,,,,,,,,,,,,,,,,,,,,,,,,,,,,,,,,,,,,,,,,,,,,,,,,,,,,,,,,,,,,,,,,,,,,,,,,,,,,,,,,,,,,,,,,,,,,,,,,,,,,,,,,,
1905,6,10.0,38.0,,,,,,,,,,,,,,,,,,,,,,,,,,,,,,,,,,,,,,,,1.0,4.6,6.7,3.98,12,2.49,22,0.5,0.5,0.4,-0.71,0.0,6.17,2.02,12,3.17,22,0.5,0.5,0.4,-2.01,1.27,4.6,1.27,12,2.69,22,0.5,0.5,0.4,1011.45,1012.0,1012.55,1012.0,3,0.8,26,0.3,0.6,0.8,,,,,,,,,,,,,,,,,,,,,,,,,,,,,,,,,,,,,,,,,,,,,,,,,,,,,,,,,,,,,,,,,,,,,,,,,,,,,,,,,,,,,,,,,,,,,,,,,,,,,,,,,,,,,,,,,,,,,,,,,,,,,,,,,,,,,,,,,,,,,,,,,,,,,,
1905,6,10.0,40.0,,,,,,,,,,,,,,,,,,,,,,,,,,,,,,,,,,,,,,,,1.0,2.6,6.7,3.38,39,2.65,16,0.6,0.5,0.5,0.0,1.8,4.27,1.88,39,2.6,16,0.6,0.5,0.5,-1.7,0.37,3.25,0.64,39,2.81,16,0.6,0.5,0.5,1012.13,1014.9,1017.64,1015.02,24,2.63,16,0.6,0.5,0.4,,,,,,,,,,,,,,,,,,,,,,,,,,,,,,,,,,,,,,,,,,,,,,,,,,,,,,,,,,,,,,,,,,,,,,,,,,,,,,,,,,,,,,,,,,,,,,,,,,,,,,,,,,,,,,,,,,,,,,,,,,,,,,,,,,,,,,,,,,,,,,,,,,,,,,
1905,6,10.0,42.0,,,,,,,,,,,,,,,,,,,,,,,,,,,,,,,,,,,,,,,,1.0,2.6,4.6,3.04,33,2.09,16,0.2,0.4,0.3,-4.57,0.0,1.84,-0.46,33,2.92,16,0.2,0.4,0.3,-2.35,0.0,1.83,-0.37,33,2.23,16,0.2,0.4,0.3,1011.59,1015.7,1018.16,1015.01,23,3.25,14,0.2,0.4,0.3,,,,,,,,,,,,,,,,,,,,,,,,,,,,,,,,,,,,,,,,,,,,,,,,,,,,,,,,,,,,,,,,,,,,,,,,,,,,,,,,,,,,,,,,,,,,,,,,,,,,,,,,,,,,,,,,,,,,,,,,,,,,,,,,,,,,,,,,,,,,,,,,,,,,,,
1905,6,10.0,56.0,,,,,,,,,,,,,,,,,,,,,,,,,,,,,,,,,,,,,,,,1.0,2.6,6.7,3.84,138,2.5,14,0.9,0.5,0.6,-2.6,0.35,4.27,0.82,138,3.5,14,0.9,0.5,0.6,-1.98,0.0,2.51,0.09,138,2.85,14,0.9,0.5,0.6,1016.0,1016.0,1016.0,1016.0,1,0.0,30,1.0,0.0,0.5,,,,,,,,,,,,,,,,,,,,,,,,,,,,,,,,,,,,,,,,,,,,,,,,,,,,,,,,,,,,,,,,,,,,,,,,,,,,,,,,,,,,,,,,,,,,,,,,,,,,,,,,,,,,,,,,,,,,,,,,,,,,,,,,,,,,,,,,,,,,,,,,,,,,,,
1905,6,12.0,-44.0,,,,,,,,,,,,,,,,,,,,,,,,,,,,,,,,,,,,,,,,4.6,4.6,7.06,5.78,4,2.35,4,0.8,0.5,0.4,-6.5,-4.23,-2.02,-4.26,4,3.49,4,0.8,0.5,0.4,1.8,2.72,4.14,2.96,4,1.4,4,0.8,0.5,0.4,1001.64,1003.3,1004.93,1003.24,5,1.96,4,0.6,0.6,0.5,,,,,,,,,,,,,,,,,,,,,,,,,,,,,,,,,,,,,,,,,,,,,,,,,,,,,,,,,,,,,,,,,,,,,,,,,,,,,,,,,,,,,,,,,,,,,,,,,,,,,,,,,,,,,,,,,,,,,,,,,,,,,,,,,,,,,,,,,,,,,,,,,,,,,,
1905,6,12.0,-40.0,,,,,,,,,,,,,,,,,,,,,,,,,,,,,,,,,,,,,,,,6.6,12.3,15.74,11.89,7,5.97,6,0.4,0.5,0.5,-5.1,-3.48,-1.31,-2.8,7,5.79,6,0.4,0.5,0.5,-11.78,-4.23,8.76,-3.02,7,12.13,6,0.4,0.5,0.5,1007.52,1009.0,1012.78,1009.27,7,4.07,6,0.4,0.5,0.5,,,,,,,,,,,,,,,,,,,,,,,,,,,,,,,,,,,,,,,,,,,,,,,,,,,,,,,,,,,,,,,,,,,,,,,,,,,,,,,,,,,,,,,,,,,,,,,,,,,,,,,,,,,,,,,,,,,,,,,,,,,,,,,,,,,,,,,,,,,,,,,,,,,,,,
1905,6,12.0,-38.0,,,,,,,,,,,,,,,,,,,,,,,,,,,,,,,,,,,,,,,,1.94,2.6,5.47,4.21,11,4.07,20,0.5,0.6,0.4,0.23,1.02,1.81,1.32,11,1.31,20,0.5,0.6,0.4,-2.49,0.92,4.23,-0.34,11,5.68,20,0.5,0.6,0.4,1024.51,1025.8,1028.37,1026.42,10,1.98,22,0.5,0.6,0.5,,,,,,,,,,,,,,,,,,,,,,,,,,,,,,,,,,,,,,,,,,,,,,,,,,,,,,,,,,,,,,,,,,,,,,,,,,,,,,,,,,,,,,,,,,,,,,,,,,,,,,,,,,,,,,,,,,,,,,,,,,,,,,,,,,,,,,,,,,,,,,,,,,,,,,
1905,6,12.0,-32.0,,,,,,,,,,,,,,,,,,,,,,,,,,,,,,,,,,,,,,,,1.0,2.6,4.6,2.73,9,1.56,20,0.4,0.4,0.8,-0.39,0.39,1.72,0.54,9,1.07,20,0.4,0.4,0.8,0.92,2.39,4.27,2.5,9,1.52,20,0.4,0.4,0.8,1016.35,1017.9,1021.13,1018.15,11,2.62,20,0.5,0.4,0.8,,,,,,,,,,,,,,,,,,,,,,,,,,,,,,,,,,,,,,,,,,,,,,,,,,,,,,,,,,,,,,,,,,,,,,,,,,,,,,,,,,,,,,,,,,,,,,,,,,,,,,,,,,,,,,,,,,,,,,,,,,,,,,,,,,,,,,,,,,,,,,,,,,,,,,
1905,6,12.0,-22.0,,,,,,,,,,,,,,,,,,,,,,,,,,,,,,,,,,,,,,,,3.77,6.7,9.3,6.36,11,3.01,14,0.5,0.3,0.7,-3.89,-1.02,1.92,-1.01,11,3.33,14,0.5,0.3,0.7,2.9,4.74,7.77,5.49,11,2.88,14,0.5,0.3,0.7,1014.98,1015.8,1016.14,1015.57,3,0.87,8,1.0,0.3,0.7,,,,,,,,,,,,,,,,,,,,,,,,,,,,,,,,,,,,,,,,,,,,,,,,,,,,,,,,,,,,,,,,,,,,,,,,,,,,,,,,,,,,,,,,,,,,,,,,,,,,,,,,,,,,,,,,,,,,,,,,,,,,,,,,,,,,,,,,,,,,,,,,,,,,,,
1905,6,12.0,-20.0,,,,,,,,,,,,,,,,,,,,,,,,,,,,,,,,,,,,,,,,9.3,9.3,9.3,9.3,1,0.0,8,0.0,0.0,0.5,-3.63,-3.63,-3.63,-3.63,1,0.0,8,0.0,0.0,0.5,8.56,8.56,8.56,8.56,1,0.0,8,0.0,0.0,0.5,1014.1,1014.1,1014.1,1014.1,1,0.0,8,0.0,0.0,0.5,,,,,,,,,,,,,,,,,,,,,,,,,,,,,,,,,,,,,,,,,,,,,,,,,,,,,,,,,,,,,,,,,,,,,,,,,,,,,,,,,,,,,,,,,,,,,,,,,,,,,,,,,,,,,,,,,,,,,,,,,,,,,,,,,,,,,,,,,,,,,,,,,,,,,,
1905,6,12.0,-16.0,,,,,,,,,,,,,,,,,,,,,,,,,,,,,,,,,,,,,,,,4.6,4.6,4.6,4.6,1,0.0,30,0.0,0.0,1.0,3.25,3.25,3.25,3.25,1,0.0,30,0.0,0.0,1.0,3.25,3.25,3.25,3.25,1,0.0,30,0.0,0.0,1.0,1016.8,1016.8,1016.8,1016.8,1,0.0,30,0.0,0.0,1.0,,,,,,,,,,,,,,,,,,,,,,,,,,,,,,,,,,,,,,,,,,,,,,,,,,,,,,,,,,,,,,,,,,,,,,,,,,,,,,,,,,,,,,,,,,,,,,,,,,,,,,,,,,,,,,,,,,,,,,,,,,,,,,,,,,,,,,,,,,,,,,,,,,,,,,
1905,6,12.0,-14.0,,,,,,,,,,,,,,,,,,,,,,,,,,,,,,,,,,,,,,,,1.0,4.6,7.65,4.52,5,3.62,30,0.6,0.3,0.8,0.24,3.25,5.41,2.99,5,2.82,30,0.6,0.3,0.8,0.97,3.25,5.41,3.3,5,2.44,30,0.6,0.3,0.8,1014.79,1016.6,1017.14,1016.08,5,1.24,30,0.6,0.3,0.8,,,,,,,,,,,,,,,,,,,,,,,,,,,,,,,,,,,,,,,,,,,,,,,,,,,,,,,,,,,,,,,,,,,,,,,,,,,,,,,,,,,,,,,,,,,,,,,,,,,,,,,,,,,,,,,,,,,,,,,,,,,,,,,,,,,,,,,,,,,,,,,,,,,,,,
1905,6,12.0,-12.0,,,,,,,,,,,,,,,,,,,,,,,,,,,,,,,,,,,,,,,,2.19,4.6,5.7,3.98,4,2.83,28,0.5,0.5,0.8,1.55,3.25,4.03,2.81,4,2.0,28,0.5,0.5,0.8,1.55,3.25,4.03,2.81,4,2.0,28,0.5,0.5,0.8,1014.32,1015.0,1015.94,1015.13,4,1.27,28,0.5,0.5,0.8,,,,,,,,,,,,,,,,,,,,,,,,,,,,,,,,,,,,,,,,,,,,,,,,,,,,,,,,,,,,,,,,,,,,,,,,,,,,,,,,,,,,,,,,,,,,,,,,,,,,,,,,,,,,,,,,,,,,,,,,,,,,,,,,,,,,,,,,,,,,,,,,,,,,,,
1905,6,12.0,-10.0,,,,,,,,,,,,,,,,,,,,,,,,,,,,,,,,,,,,,,,,1.24,4.65,6.7,4.0,4,3.29,26,0.3,0.4,0.9,-2.62,-1.31,0.0,-1.31,4,1.51,26,0.3,0.4,0.9,1.24,4.38,6.17,3.73,4,3.0,26,0.3,0.4,0.9,1015.18,1015.85,1016.21,1015.7,4,0.73,26,0.3,0.4,0.9,,,,,,,,,,,,,,,,,,,,,,,,,,,,,,,,,,,,,,,,,,,,,,,,,,,,,,,,,,,,,,,,,,,,,,,,,,,,,,,,,,,,,,,,,,,,,,,,,,,,,,,,,,,,,,,,,,,,,,,,,,,,,,,,,,,,,,,,,,,,,,,,,,,,,,
1905,6,12.0,-8.0,,,,,,,,,,,,,,,,,,,,,,,,,,,,,,,,,,,,,,,,2.6,2.6,2.6,2.6,2,0.0,26,0.5,0.0,0.5,-0.7,-0.02,0.66,-0.02,2,1.41,26,0.5,0.0,0.5,2.4,2.4,2.41,2.4,2,0.01,26,0.5,0.0,0.5,1014.57,1015.15,1015.73,1015.15,2,1.2,26,0.5,0.0,0.5,,,,,,,,,,,,,,,,,,,,,,,,,,,,,,,,,,,,,,,,,,,,,,,,,,,,,,,,,,,,,,,,,,,,,,,,,,,,,,,,,,,,,,,,,,,,,,,,,,,,,,,,,,,,,,,,,,,,,,,,,,,,,,,,,,,,,,,,,,,,,,,,,,,,,,
1905,6,12.0,36.0,,,,,,,,,,,,,,,,,,,,,,,,,,,,,,,,,,,,,,,,0.4,2.6,4.6,3.11,35,2.95,14,0.5,0.5,0.3,-0.43,0.37,3.85,1.29,35,3.33,14,0.5,0.5,0.3,-2.99,-0.71,1.8,-0.47,35,2.37,14,0.5,0.5,0.3,1013.1,1016.0,1017.71,1015.71,15,2.29,16,0.5,0.5,0.3,,,,,,,,,,,,,,,,,,,,,,,,,,,,,,,,,,,,,,,,,,,,,,,,,,,,,,,,,,,,,,,,,,,,,,,,,,,,,,,,,,,,,,,,,,,,,,,,,,,,,,,,,,,,,,,,,,,,,,,,,,,,,,,,,,,,,,,,,,,,,,,,,,,,,,
1905,6,12.0,38.0,,,,,,,,,,,,,,,,,,,,,,,,,,,,,,,,,,,,,,,,0.0,1.0,4.6,2.03,27,2.33,18,0.3,0.5,0.7,0.0,0.0,3.25,1.43,27,1.98,18,0.3,0.5,0.7,-1.0,0.0,1.61,0.19,27,1.9,18,0.3,0.5,0.7,1013.02,1015.7,1017.38,1015.03,21,2.3,18,0.2,0.5,0.8,,,,,,,,,,,,,,,,,,,,,,,,,,,,,,,,,,,,,,,,,,,,,,,,,,,,,,,,,,,,,,,,,,,,,,,,,,,,,,,,,,,,,,,,,,,,,,,,,,,,,,,,,,,,,,,,,,,,,,,,,,,,,,,,,,,,,,,,,,,,,,,,,,,,,,
1905,6,12.0,40.0,,,,,,,,,,,,,,,,,,,,,,,,,,,,,,,,,,,,,,,,1.0,2.6,5.07,3.06,50,2.23,16,0.5,0.5,0.4,-0.97,1.0,3.47,1.22,50,2.41,16,0.5,0.5,0.4,-2.53,0.0,2.41,0.19,50,2.69,16,0.5,0.5,0.4,1013.1,1015.1,1017.06,1014.9,29,2.73,16,0.7,0.4,0.5,,,,,,,,,,,,,,,,,,,,,,,,,,,,,,,,,,,,,,,,,,,,,,,,,,,,,,,,,,,,,,,,,,,,,,,,,,,,,,,,,,,,,,,,,,,,,,,,,,,,,,,,,,,,,,,,,,,,,,,,,,,,,,,,,,,,,,,,,,,,,,,,,,,,,,
1905,6,12.0,54.0,,,,,,,,,,,,,,,,,,,,,,,,,,,,,,,,,,,,,,,,2.6,4.6,6.7,4.86,255,2.84,16,0.8,0.5,0.4,-6.2,-2.41,2.62,-1.52,255,4.56,16,0.8,0.5,0.4,-3.25,0.0,1.84,-0.3,255,2.92,16,0.8,0.5,0.4,1018.16,1018.5,1018.84,1018.5,2,0.71,30,0.5,0.0,0.3,,,,,,,,,,,,,,,,,,,,,,,,,,,,,,,,,,,,,,,,,,,,,,,,,,,,,,,,,,,,,,,,,,,,,,,,,,,,,,,,,,,,,,,,,,,,,,,,,,,,,,,,,,,,,,,,,,,,,,,,,,,,,,,,,,,,,,,,,,,,,,,,,,,,,,
1905,6,12.0,56.0,,,,,,,,,,,,,,,,,,,,,,,,,,,,,,,,,,,,,,,,1.0,2.6,4.6,3.58,53,2.82,16,0.8,0.2,0.2,-2.6,-0.71,3.83,0.37,53,3.81,16,0.8,0.2,0.2,-1.83,0.0,2.55,0.49,53,2.47,16,0.8,0.2,0.2,1015.16,1015.5,1015.84,1015.5,2,0.71,30,1.0,0.0,0.0,,,,,,,,,,,,,,,,,,,,,,,,,,,,,,,,,,,,,,,,,,,,,,,,,,,,,,,,,,,,,,,,,,,,,,,,,,,,,,,,,,,,,,,,,,,,,,,,,,,,,,,,,,,,,,,,,,,,,,,,,,,,,,,,,,,,,,,,,,,,,,,,,,,,,,
1905,6,12.0,76.0,,,,,,,,,,,,,,,,,,,,,,,,,,,,,,,,,,,,,,,,2.81,6.7,8.47,5.67,3,4.25,8,1.0,0.5,0.5,-1.94,-0.71,-0.22,-1.07,3,1.29,8,1.0,0.5,0.5,2.45,6.21,8.32,5.41,3,4.35,8,1.0,0.5,0.5,1015.19,1015.6,1015.74,1015.47,3,0.42,8,1.0,0.5,0.5,,,,,,,,,,,,,,,,,,,,,,,,,,,,,,,,,,,,,,,,,,,,,,,,,,,,,,,,,,,,,,,,,,,,,,,,,,,,,,,,,,,,,,,,,,,,,,,,,,,,,,,,,,,,,,,,,,,,,,,,,,,,,,,,,,,,,,,,,,,,,,,,,,,,,,
1905,6,12.0,78.0,,,,,,,,,,,,,,,,,,,,,,,,,,,,,,,,,,,,,,,,0.0,0.0,4.57,2.23,3,3.87,24,1.0,0.3,0.5,0.0,0.0,4.21,2.06,3,3.56,24,1.0,0.3,0.5,-1.79,0.0,0.0,-0.87,3,1.51,24,1.0,0.3,0.5,1011.24,1015.0,1017.5,1014.4,4,3.73,20,1.0,0.3,0.4,,,,,,,,,,,,,,,,,,,,,,,,,,,,,,,,,,,,,,,,,,,,,,,,,,,,,,,,,,,,,,,,,,,,,,,,,,,,,,,,,,,,,,,,,,,,,,,,,,,,,,,,,,,,,,,,,,,,,,,,,,,,,,,,,,,,,,,,,,,,,,,,,,,,,,
1905,6,14.0,-42.0,,,,,,,,,,,,,,,,,,,,,,,,,,,,,,,,,,,,,,,,15.4,15.4,16.71,16.12,5,1.61,4,0.6,0.5,0.3,-14.18,-13.44,-10.89,-12.71,5,1.69,4,0.6,0.5,0.3,6.02,10.89,11.82,9.45,5,3.3,4,0.6,0.5,0.3,997.8,997.8,997.8,997.8,1,0.0,4,0.0,0.8,0.3,,,,,,,,,,,,,,,,,,,,,,,,,,,,,,,,,,,,,,,,,,,,,,,,,,,,,,,,,,,,,,,,,,,,,,,,,,,,,,,,,,,,,,,,,,,,,,,,,,,,,,,,,,,,,,,,,,,,,,,,,,,,,,,,,,,,,,,,,,,,,,,,,,,,,,
1905,6,14.0,-40.0,,,,,,,,,,,,,,,,,,,,,,,,,,,,,,,,,,,,,,,,5.85,9.5,19.74,11.65,6,7.81,6,0.5,0.6,0.6,-4.63,1.21,7.4,1.44,6,5.65,6,0.5,0.6,0.6,-18.31,2.86,7.67,-2.46,6,13.5,6,0.5,0.6,0.6,1001.16,1006.45,1007.8,1005.3,6,3.58,6,0.5,0.6,0.6,,,,,,,,,,,,,,,,,,,,,,,,,,,,,,,,,,,,,,,,,,,,,,,,,,,,,,,,,,,,,,,,,,,,,,,,,,,,,,,,,,,,,,,,,,,,,,,,,,,,,,,,,,,,,,,,,,,,,,,,,,,,,,,,,,,,,,,,,,,,,,,,,,,,,,
1905,6,14.0,-38.0,,,,,,,,,,,,,,,,,,,,,,,,,,,,,,,,,,,,,,,,2.6,4.6,5.13,4.12,12,1.54,22,0.3,0.6,0.4,-3.6,0.0,1.98,-0.59,12,2.69,22,0.3,0.6,0.4,-4.76,0.51,2.62,-0.33,12,3.62,22,0.3,0.6,0.4,1022.75,1025.8,1027.13,1025.18,12,2.09,22,0.3,0.6,0.4,,,,,,,,,,,,,,,,,,,,,,,,,,,,,,,,,,,,,,,,,,,,,,,,,,,,,,,,,,,,,,,,,,,,,,,,,,,,,,,,,,,,,,,,,,,,,,,,,,,,,,,,,,,,,,,,,,,,,,,,,,,,,,,,,,,,,,,,,,,,,,,,,,,,,,
1905,6,14.0,-34.0,,,,,,,,,,,,,,,,,,,,,,,,,,,,,,,,,,,,,,,,7.53,9.3,11.35,9.43,3,2.8,20,0.3,0.5,1.0,-8.02,-6.58,-3.87,-5.96,3,3.09,20,0.3,0.5,1.0,6.3,6.58,8.02,7.15,3,1.36,20,0.3,0.5,1.0,1016.61,1017.5,1017.57,1017.1,3,0.78,20,0.3,0.5,1.0,,,,,,,,,,,,,,,,,,,,,,,,,,,,,,,,,,,,,,,,,,,,,,,,,,,,,,,,,,,,,,,,,,,,,,,,,,,,,,,,,,,,,,,,,,,,,,,,,,,,,,,,,,,,,,,,,,,,,,,,,,,,,,,,,,,,,,,,,,,,,,,,,,,,,,
1905,6,14.0,-32.0,,,,,,,,,,,,,,,,,,,,,,,,,,,,,,,,,,,,,,,,4.6,4.6,6.7,5.03,10,1.31,20,0.5,0.2,0.7,-1.03,0.0,3.25,0.53,10,2.08,20,0.5,0.2,0.7,3.25,4.42,6.47,4.54,10,1.52,20,0.5,0.2,0.7,1018.1,1018.3,1018.5,1018.3,2,0.42,22,0.5,0.0,0.5,,,,,,,,,,,,,,,,,,,,,,,,,,,,,,,,,,,,,,,,,,,,,,,,,,,,,,,,,,,,,,,,,,,,,,,,,,,,,,,,,,,,,,,,,,,,,,,,,,,,,,,,,,,,,,,,,,,,,,,,,,,,,,,,,,,,,,,,,,,,,,,,,,,,,,
1905,6,14.0,-30.0,,,,,,,,,,,,,,,,,,,,,,,,,,,,,,,,,,,,,,,,2.6,2.6,2.6,2.6,2,0.0,10,0.5,0.3,0.5,0.16,0.51,0.85,0.51,2,0.72,10,0.5,0.3,0.5,-1.6,0.1,1.81,0.1,2,3.53,10,0.5,0.3,0.5,1019.5,1019.5,1019.5,1019.5,2,0.0,10,0.0,0.5,0.8,,,,,,,,,,,,,,,,,,,,,,,,,,,,,,,,,,,,,,,,,,,,,,,,,,,,,,,,,,,,,,,,,,,,,,,,,,,,,,,,,,,,,,,,,,,,,,,,,,,,,,,,,,,,,,,,,,,,,,,,,,,,,,,,,,,,,,,,,,,,,,,,,,,,,,
1905,6,14.0,-28.0,,,,,,,,,,,,,,,,,,,,,,,,,,,,,,,,,,,,,,,,0.63,4.6,6.7,3.8,5,3.15,10,0.8,0.1,0.8,-0.37,0.0,3.22,1.18,5,2.19,10,0.8,0.1,0.8,-3.35,0.0,2.45,-0.24,5,4.63,10,0.8,0.1,0.8,1018.89,1019.3,1019.71,1019.3,2,0.85,10,1.0,0.3,0.8,,,,,,,,,,,,,,,,,,,,,,,,,,,,,,,,,,,,,,,,,,,,,,,,,,,,,,,,,,,,,,,,,,,,,,,,,,,,,,,,,,,,,,,,,,,,,,,,,,,,,,,,,,,,,,,,,,,,,,,,,,,,,,,,,,,,,,,,,,,,,,,,,,,,,,
1905,6,14.0,-26.0,,,,,,,,,,,,,,,,,,,,,,,,,,,,,,,,,,,,,,,,2.6,4.6,6.7,4.82,11,1.71,26,0.4,0.0,0.7,-2.14,0.0,1.28,-0.33,11,1.54,26,0.4,0.0,0.7,2.52,4.27,6.39,4.59,11,1.67,26,0.4,0.0,0.7,1017.7,1017.9,1018.04,1017.87,3,0.25,8,0.0,0.0,0.8,,,,,,,,,,,,,,,,,,,,,,,,,,,,,,,,,,,,,,,,,,,,,,,,,,,,,,,,,,,,,,,,,,,,,,,,,,,,,,,,,,,,,,,,,,,,,,,,,,,,,,,,,,,,,,,,,,,,,,,,,,,,,,,,,,,,,,,,,,,,,,,,,,,,,,
1905,6,14.0,-24.0,,,,,,,,,,,,,,,,,,,,,,,,,,,,,,,,,,,,,,,,1.0,4.6,8.6,4.4,9,3.75,20,0.3,0.0,0.7,0.0,0.0,0.37,0.27,9,0.57,20,0.3,0.0,0.7,0.93,4.27,8.6,4.35,9,3.77,20,0.3,0.0,0.7,1014.93,1016.3,1016.3,1015.63,3,1.15,8,0.7,0.0,0.8,,,,,,,,,,,,,,,,,,,,,,,,,,,,,,,,,,,,,,,,,,,,,,,,,,,,,,,,,,,,,,,,,,,,,,,,,,,,,,,,,,,,,,,,,,,,,,,,,,,,,,,,,,,,,,,,,,,,,,,,,,,,,,,,,,,,,,,,,,,,,,,,,,,,,,
1905,6,14.0,34.0,,,,,,,,,,,,,,,,,,,,,,,,,,,,,,,,,,,,,,,,0.0,2.6,4.6,2.74,28,2.51,14,0.5,0.4,0.7,-0.51,0.85,3.25,1.37,28,2.23,14,0.5,0.4,0.7,-3.25,0.0,0.28,-0.99,28,2.48,14,0.5,0.4,0.7,1011.9,1014.75,1016.9,1014.33,12,3.03,18,0.6,0.5,0.7,,,,,,,,,,,,,,,,,,,,,,,,,,,,,,,,,,,,,,,,,,,,,,,,,,,,,,,,,,,,,,,,,,,,,,,,,,,,,,,,,,,,,,,,,,,,,,,,,,,,,,,,,,,,,,,,,,,,,,,,,,,,,,,,,,,,,,,,,,,,,,,,,,,,,,
1905,6,14.0,36.0,,,,,,,,,,,,,,,,,,,,,,,,,,,,,,,,,,,,,,,,1.0,2.6,6.7,3.77,37,2.6,14,0.5,0.4,0.4,0.0,1.84,4.6,1.89,37,2.69,14,0.5,0.4,0.4,-3.64,0.0,1.02,-1.07,37,3.04,14,0.5,0.4,0.4,1014.84,1015.9,1017.0,1015.69,14,2.32,14,0.6,0.6,0.5,,,,,,,,,,,,,,,,,,,,,,,,,,,,,,,,,,,,,,,,,,,,,,,,,,,,,,,,,,,,,,,,,,,,,,,,,,,,,,,,,,,,,,,,,,,,,,,,,,,,,,,,,,,,,,,,,,,,,,,,,,,,,,,,,,,,,,,,,,,,,,,,,,,,,,
1905,6,14.0,38.0,,,,,,,,,,,,,,,,,,,,,,,,,,,,,,,,,,,,,,,,0.0,1.0,4.6,2.32,44,3.18,14,0.5,0.5,0.4,-0.45,0.0,2.6,1.14,44,2.58,14,0.5,0.5,0.4,-2.63,0.0,0.43,-0.88,44,2.62,14,0.5,0.5,0.4,1013.6,1015.65,1017.33,1015.33,34,1.98,14,0.6,0.5,0.4,,,,,,,,,,,,,,,,,,,,,,,,,,,,,,,,,,,,,,,,,,,,,,,,,,,,,,,,,,,,,,,,,,,,,,,,,,,,,,,,,,,,,,,,,,,,,,,,,,,,,,,,,,,,,,,,,,,,,,,,,,,,,,,,,,,,,,,,,,,,,,,,,,,,,,
1905,6,14.0,40.0,,,,,,,,,,,,,,,,,,,,,,,,,,,,,,,,,,,,,,,,1.0,2.6,6.13,3.71,9,2.88,12,0.3,0.3,0.3,-0.49,1.02,5.03,1.88,9,3.56,12,0.3,0.3,0.3,-3.05,-0.71,1.44,-0.65,9,2.58,12,0.3,0.3,0.3,1009.63,1013.0,1014.33,1012.18,5,2.56,10,0.4,0.3,0.3,,,,,,,,,,,,,,,,,,,,,,,,,,,,,,,,,,,,,,,,,,,,,,,,,,,,,,,,,,,,,,,,,,,,,,,,,,,,,,,,,,,,,,,,,,,,,,,,,,,,,,,,,,,,,,,,,,,,,,,,,,,,,,,,,,,,,,,,,,,,,,,,,,,,,,
1905,6,14.0,74.0,,,,,,,,,,,,,,,,,,,,,,,,,,,,,,,,,,,,,,,,0.32,1.0,3.46,1.87,3,2.42,8,1.0,0.5,0.7,0.0,0.0,3.14,1.53,3,2.66,8,1.0,0.5,0.7,-0.68,0.0,0.0,-0.33,3,0.58,8,1.0,0.5,0.7,1017.98,1018.8,1019.28,1018.63,3,0.96,8,1.0,0.5,0.7,,,,,,,,,,,,,,,,,,,,,,,,,,,,,,,,,,,,,,,,,,,,,,,,,,,,,,,,,,,,,,,,,,,,,,,,,,,,,,,,,,,,,,,,,,,,,,,,,,,,,,,,,,,,,,,,,,,,,,,,,,,,,,,,,,,,,,,,,,,,,,,,,,,,,,
1905,6,14.0,76.0,,,,,,,,,,,,,,,,,,,,,,,,,,,,,,,,,,,,,,,,2.6,3.6,4.6,3.6,4,1.15,8,1.0,0.0,0.0,-3.78,-2.83,-1.15,-2.48,4,1.82,8,1.0,0.0,0.0,-2.18,-1.35,1.24,-0.51,4,2.6,8,1.0,0.0,0.0,1014.18,1015.0,1015.45,1014.83,4,0.79,8,1.0,0.0,0.0,,,,,,,,,,,,,,,,,,,,,,,,,,,,,,,,,,,,,,,,,,,,,,,,,,,,,,,,,,,,,,,,,,,,,,,,,,,,,,,,,,,,,,,,,,,,,,,,,,,,,,,,,,,,,,,,,,,,,,,,,,,,,,,,,,,,,,,,,,,,,,,,,,,,,,
1905,6,14.0,78.0,,,,,,,,,,,,,,,,,,,,,,,,,,,,,,,,,,,,,,,,6.7,6.7,6.7,6.7,1,0.0,18,1.0,0.0,0.5,6.17,6.17,6.17,6.17,1,0.0,18,1.0,0.0,0.5,-2.62,-2.62,-2.62,-2.62,1,0.0,18,1.0,0.0,0.5,1012.8,1012.8,1012.8,1012.8,1,0.0,18,1.0,0.0,0.5,,,,,,,,,,,,,,,,,,,,,,,,,,,,,,,,,,,,,,,,,,,,,,,,,,,,,,,,,,,,,,,,,,,,,,,,,,,,,,,,,,,,,,,,,,,,,,,,,,,,,,,,,,,,,,,,,,,,,,,,,,,,,,,,,,,,,,,,,,,,,,,,,,,,,,
1905,6,16.0,-42.0,,,,,,,,,,,,,,,,,,,,,,,,,,,,,,,,,,,,,,,,15.4,15.4,15.4,15.4,1,0.0,6,0.0,0.3,0.3,-5.77,-5.77,-5.77,-5.77,1,0.0,6,0.0,0.3,0.3,14.28,14.28,14.28,14.28,1,0.0,6,0.0,0.3,0.3,1002.3,1002.3,1002.3,1002.3,1,0.0,6,0.0,0.3,0.3,,,,,,,,,,,,,,,,,,,,,,,,,,,,,,,,,,,,,,,,,,,,,,,,,,,,,,,,,,,,,,,,,,,,,,,,,,,,,,,,,,,,,,,,,,,,,,,,,,,,,,,,,,,,,,,,,,,,,,,,,,,,,,,,,,,,,,,,,,,,,,,,,,,,,,
1905,6,16.0,-40.0,,,,,,,,,,,,,,,,,,,,,,,,,,,,,,,,,,,,,,,,2.6,12.35,20.98,12.87,12,9.26,14,0.5,0.6,0.7,-7.12,0.0,6.19,0.51,12,9.57,14,0.5,0.6,0.7,-3.45,4.49,17.62,4.13,12,12.48,14,0.5,0.6,0.7,1005.58,1010.15,1025.45,1014.65,12,9.77,14,0.5,0.6,0.7,,,,,,,,,,,,,,,,,,,,,,,,,,,,,,,,,,,,,,,,,,,,,,,,,,,,,,,,,,,,,,,,,,,,,,,,,,,,,,,,,,,,,,,,,,,,,,,,,,,,,,,,,,,,,,,,,,,,,,,,,,,,,,,,,,,,,,,,,,,,,,,,,,,,,,
1905,6,16.0,-38.0,,,,,,,,,,,,,,,,,,,,,,,,,,,,,,,,,,,,,,,,4.6,6.7,6.7,6.36,11,1.37,20,0.7,0.3,0.3,-6.7,-6.17,-1.79,-4.35,11,4.38,20,0.7,0.3,0.3,-2.55,0.0,2.62,-0.36,11,2.51,20,0.7,0.3,0.3,1023.89,1025.65,1026.47,1025.2,10,1.74,22,0.7,0.4,0.3,,,,,,,,,,,,,,,,,,,,,,,,,,,,,,,,,,,,,,,,,,,,,,,,,,,,,,,,,,,,,,,,,,,,,,,,,,,,,,,,,,,,,,,,,,,,,,,,,,,,,,,,,,,,,,,,,,,,,,,,,,,,,,,,,,,,,,,,,,,,,,,,,,,,,,
1905,6,16.0,-36.0,,,,,,,,,,,,,,,,,,,,,,,,,,,,,,,,,,,,,,,,2.6,4.6,5.03,4.28,6,1.54,24,0.3,0.6,0.6,-3.56,-0.43,2.24,-0.48,6,3.37,24,0.3,0.6,0.6,-2.79,0.02,3.56,0.23,6,3.56,24,0.3,0.6,0.6,1018.62,1020.9,1023.74,1021.07,6,2.38,24,0.3,0.6,0.6,,,,,,,,,,,,,,,,,,,,,,,,,,,,,,,,,,,,,,,,,,,,,,,,,,,,,,,,,,,,,,,,,,,,,,,,,,,,,,,,,,,,,,,,,,,,,,,,,,,,,,,,,,,,,,,,,,,,,,,,,,,,,,,,,,,,,,,,,,,,,,,,,,,,,,
1905,6,16.0,-34.0,,,,,,,,,,,,,,,,,,,,,,,,,,,,,,,,,,,,,,,,4.6,6.7,10.68,7.41,17,3.95,16,0.5,0.3,0.7,-7.55,1.8,5.64,-0.31,17,6.33,16,0.5,0.3,0.7,-6.63,0.0,4.66,-0.34,17,5.81,16,0.5,0.3,0.7,1016.54,1018.0,1019.67,1018.1,4,1.82,16,0.8,0.3,0.6,,,,,,,,,,,,,,,,,,,,,,,,,,,,,,,,,,,,,,,,,,,,,,,,,,,,,,,,,,,,,,,,,,,,,,,,,,,,,,,,,,,,,,,,,,,,,,,,,,,,,,,,,,,,,,,,,,,,,,,,,,,,,,,,,,,,,,,,,,,,,,,,,,,,,,
1905,6,16.0,-32.0,,,,,,,,,,,,,,,,,,,,,,,,,,,,,,,,,,,,,,,,3.29,6.7,7.65,5.66,5,3.09,12,0.6,0.0,0.7,-0.64,3.25,6.18,2.63,5,4.05,12,0.6,0.0,0.7,-5.21,-2.51,0.96,-2.35,5,4.19,12,0.6,0.0,0.7,1017.93,1018.0,1018.68,1018.3,3,0.61,10,0.7,0.0,0.8,,,,,,,,,,,,,,,,,,,,,,,,,,,,,,,,,,,,,,,,,,,,,,,,,,,,,,,,,,,,,,,,,,,,,,,,,,,,,,,,,,,,,,,,,,,,,,,,,,,,,,,,,,,,,,,,,,,,,,,,,,,,,,,,,,,,,,,,,,,,,,,,,,,,,,
1905,6,16.0,34.0,,,,,,,,,,,,,,,,,,,,,,,,,,,,,,,,,,,,,,,,1.0,2.6,4.6,2.85,36,1.88,16,0.4,0.6,0.7,-0.97,0.93,3.7,1.02,36,2.72,16,0.4,0.6,0.7,-2.55,-0.19,0.53,-0.86,36,1.63,16,0.4,0.6,0.7,1014.7,1015.8,1017.6,1015.8,15,1.89,14,0.4,0.5,0.8,,,,,,,,,,,,,,,,,,,,,,,,,,,,,,,,,,,,,,,,,,,,,,,,,,,,,,,,,,,,,,,,,,,,,,,,,,,,,,,,,,,,,,,,,,,,,,,,,,,,,,,,,,,,,,,,,,,,,,,,,,,,,,,,,,,,,,,,,,,,,,,,,,,,,,
1905,6,16.0,36.0,,,,,,,,,,,,,,,,,,,,,,,,,,,,,,,,,,,,,,,,0.25,2.6,4.6,2.79,53,2.29,14,0.5,0.5,0.6,0.0,0.97,3.25,1.25,53,2.34,14,0.5,0.5,0.6,-2.6,0.0,0.87,-0.71,53,2.37,14,0.5,0.5,0.6,1011.92,1014.75,1016.71,1014.31,38,2.55,16,0.4,0.5,0.7,,,,,,,,,,,,,,,,,,,,,,,,,,,,,,,,,,,,,,,,,,,,,,,,,,,,,,,,,,,,,,,,,,,,,,,,,,,,,,,,,,,,,,,,,,,,,,,,,,,,,,,,,,,,,,,,,,,,,,,,,,,,,,,,,,,,,,,,,,,,,,,,,,,,,,
1905,6,16.0,72.0,,,,,,,,,,,,,,,,,,,,,,,,,,,,,,,,,,,,,,,,1.25,1.8,2.35,1.8,2,1.13,6,1.0,0.3,0.8,-0.33,-0.2,-0.06,-0.2,2,0.28,6,1.0,0.3,0.8,-2.33,-1.76,-1.19,-1.76,2,1.19,6,1.0,0.3,0.8,1018.51,1018.75,1018.99,1018.75,2,0.5,6,1.0,0.3,0.8,,,,,,,,,,,,,,,,,,,,,,,,,,,,,,,,,,,,,,,,,,,,,,,,,,,,,,,,,,,,,,,,,,,,,,,,,,,,,,,,,,,,,,,,,,,,,,,,,,,,,,,,,,,,,,,,,,,,,,,,,,,,,,,,,,,,,,,,,,,,,,,,,,,,,,
1905,6,16.0,74.0,,,,,,,,,,,,,,,,,,,,,,,,,,,,,,,,,,,,,,,,0.0,0.5,2.89,1.4,4,2.18,6,1.0,0.3,0.4,0.0,0.0,0.37,0.18,4,0.35,6,1.0,0.3,0.4,-2.41,0.0,0.37,-0.97,4,2.44,6,1.0,0.3,0.4,1018.6,1018.85,1019.31,1018.95,4,0.44,6,1.0,0.3,0.4,,,,,,,,,,,,,,,,,,,,,,,,,,,,,,,,,,,,,,,,,,,,,,,,,,,,,,,,,,,,,,,,,,,,,,,,,,,,,,,,,,,,,,,,,,,,,,,,,,,,,,,,,,,,,,,,,,,,,,,,,,,,,,,,,,,,,,,,,,,,,,,,,,,,,,
1905,6,16.0,78.0,,,,,,,,,,,,,,,,,,,,,,,,,,,,,,,,,,,,,,,,6.7,6.7,6.7,6.7,1,0.0,20,1.0,0.8,0.8,6.7,6.7,6.7,6.7,1,0.0,20,1.0,0.8,0.8,0.0,0.0,0.0,0.0,1,0.0,20,1.0,0.8,0.8,1006.4,1006.4,1006.4,1006.4,1,0.0,20,1.0,0.8,0.8,,,,,,,,,,,,,,,,,,,,,,,,,,,,,,,,,,,,,,,,,,,,,,,,,,,,,,,,,,,,,,,,,,,,,,,,,,,,,,,,,,,,,,,,,,,,,,,,,,,,,,,,,,,,,,,,,,,,,,,,,,,,,,,,,,,,,,,,,,,,,,,,,,,,,,
1905,6,18.0,-40.0,,,,,,,,,,,,,,,,,,,,,,,,,,,,,,,,,,,,,,,,8.21,15.4,19.0,14.54,9,6.08,12,0.6,0.5,0.5,1.24,6.02,16.22,7.85,9,7.42,12,0.6,0.5,0.5,0.0,8.7,17.7,7.04,9,9.74,12,0.6,0.5,0.5,1004.28,1005.7,1024.42,1010.76,7,9.51,12,0.4,0.5,0.6,,,,,,,,,,,,,,,,,,,,,,,,,,,,,,,,,,,,,,,,,,,,,,,,,,,,,,,,,,,,,,,,,,,,,,,,,,,,,,,,,,,,,,,,,,,,,,,,,,,,,,,,,,,,,,,,,,,,,,,,,,,,,,,,,,,,,,,,,,,,,,,,,,,,,,
1905,6,18.0,-38.0,,,,,,,,,,,,,,,,,,,,,,,,,,,,,,,,,,,,,,,,9.3,10.8,17.7,13.38,4,6.31,12,0.5,0.6,0.9,7.55,10.01,13.8,10.65,4,4.07,12,0.5,0.6,0.9,-11.5,-5.59,-4.02,-7.66,4,5.69,12,0.5,0.6,0.9,1006.22,1006.9,1007.58,1006.9,3,1.0,16,0.3,0.5,1.0,,,,,,,,,,,,,,,,,,,,,,,,,,,,,,,,,,,,,,,,,,,,,,,,,,,,,,,,,,,,,,,,,,,,,,,,,,,,,,,,,,,,,,,,,,,,,,,,,,,,,,,,,,,,,,,,,,,,,,,,,,,,,,,,,,,,,,,,,,,,,,,,,,,,,,
1905,6,18.0,-36.0,,,,,,,,,,,,,,,,,,,,,,,,,,,,,,,,,,,,,,,,2.6,6.7,15.4,9.07,38,5.82,18,0.4,0.4,0.6,-1.11,5.45,13.44,5.67,38,7.04,18,0.4,0.4,0.6,-4.81,0.0,4.75,0.0,38,5.98,18,0.4,0.4,0.6,1003.4,1009.2,1021.24,1012.24,28,7.82,18,0.5,0.4,0.6,,,,,,,,,,,,,,,,,,,,,,,,,,,,,,,,,,,,,,,,,,,,,,,,,,,,,,,,,,,,,,,,,,,,,,,,,,,,,,,,,,,,,,,,,,,,,,,,,,,,,,,,,,,,,,,,,,,,,,,,,,,,,,,,,,,,,,,,,,,,,,,,,,,,,,
1905,6,18.0,-34.0,,,,,,,,,,,,,,,,,,,,,,,,,,,,,,,,,,,,,,,,6.09,9.3,9.3,7.73,3,2.71,12,0.0,0.0,0.5,0.52,8.62,9.09,4.89,3,7.06,12,0.0,0.0,0.5,-3.41,-3.25,-1.03,-2.25,3,1.95,12,0.0,0.0,0.5,1017.04,1018.0,1018.96,1018.0,2,1.98,10,0.0,0.0,0.5,,,,,,,,,,,,,,,,,,,,,,,,,,,,,,,,,,,,,,,,,,,,,,,,,,,,,,,,,,,,,,,,,,,,,,,,,,,,,,,,,,,,,,,,,,,,,,,,,,,,,,,,,,,,,,,,,,,,,,,,,,,,,,,,,,,,,,,,,,,,,,,,,,,,,,
1905,6,18.0,34.0,,,,,,,,,,,,,,,,,,,,,,,,,,,,,,,,,,,,,,,,1.0,2.6,4.6,3.07,49,1.78,16,0.6,0.5,0.4,-2.39,0.0,2.48,-0.02,49,2.35,16,0.6,0.5,0.4,-4.25,-1.02,0.0,-1.56,49,2.19,16,0.6,0.5,0.4,1012.91,1016.65,1018.0,1015.65,20,2.74,18,0.7,0.5,0.4,,,,,,,,,,,,,,,,,,,,,,,,,,,,,,,,,,,,,,,,,,,,,,,,,,,,,,,,,,,,,,,,,,,,,,,,,,,,,,,,,,,,,,,,,,,,,,,,,,,,,,,,,,,,,,,,,,,,,,,,,,,,,,,,,,,,,,,,,,,,,,,,,,,,,,
1905,6,18.0,36.0,,,,,,,,,,,,,,,,,,,,,,,,,,,,,,,,,,,,,,,,0.0,2.6,4.6,2.59,48,1.87,14,0.5,0.5,0.3,0.0,1.78,3.25,1.5,48,1.86,14,0.5,0.5,0.3,-2.6,0.0,0.7,-0.59,48,2.06,14,0.5,0.5,0.3,1011.79,1013.85,1016.48,1014.2,34,2.53,16,0.5,0.5,0.3,,,,,,,,,,,,,,,,,,,,,,,,,,,,,,,,,,,,,,,,,,,,,,,,,,,,,,,,,,,,,,,,,,,,,,,,,,,,,,,,,,,,,,,,,,,,,,,,,,,,,,,,,,,,,,,,,,,,,,,,,,,,,,,,,,,,,,,,,,,,,,,,,,,,,,
1905,6,18.0,70.0,,,,,,,,,,,,,,,,,,,,,,,,,,,,,,,,,,,,,,,,4.43,4.6,9.3,5.73,7,2.96,8,1.0,0.6,0.5,-1.84,0.0,3.41,0.92,7,3.2,8,1.0,0.6,0.5,-6.32,-4.23,3.41,-2.12,7,5.53,8,1.0,0.6,0.5,1012.73,1013.7,1015.14,1013.93,4,1.59,4,1.0,0.8,0.8,,,,,,,,,,,,,,,,,,,,,,,,,,,,,,,,,,,,,,,,,,,,,,,,,,,,,,,,,,,,,,,,,,,,,,,,,,,,,,,,,,,,,,,,,,,,,,,,,,,,,,,,,,,,,,,,,,,,,,,,,,,,,,,,,,,,,,,,,,,,,,,,,,,,,,
1905,6,18.0,72.0,,,,,,,,,,,,,,,,,,,,,,,,,,,,,,,,,,,,,,,,3.86,5.65,6.7,5.05,6,2.23,6,1.0,0.3,0.4,-3.56,-1.31,0.0,-1.77,6,2.06,6,1.0,0.3,0.4,-6.28,-4.67,-2.79,-4.41,6,2.07,6,1.0,0.3,0.4,1016.24,1016.3,1017.33,1016.7,6,0.82,6,1.0,0.3,0.4,,,,,,,,,,,,,,,,,,,,,,,,,,,,,,,,,,,,,,,,,,,,,,,,,,,,,,,,,,,,,,,,,,,,,,,,,,,,,,,,,,,,,,,,,,,,,,,,,,,,,,,,,,,,,,,,,,,,,,,,,,,,,,,,,,,,,,,,,,,,,,,,,,,,,,
1905,6,20.0,-42.0,,,,,,,,,,,,,,,,,,,,,,,,,,,,,,,,,,,,,,,,1.0,1.0,2.09,1.53,3,0.92,6,0.7,0.3,0.3,-1.86,-0.71,-0.71,-1.27,3,0.97,6,0.7,0.3,0.3,0.71,0.71,0.92,0.81,3,0.18,6,0.7,0.3,0.3,1006.8,1007.0,1007.89,1007.33,3,0.85,6,0.7,0.3,0.3,,,,,,,,,,,,,,,,,,,,,,,,,,,,,,,,,,,,,,,,,,,,,,,,,,,,,,,,,,,,,,,,,,,,,,,,,,,,,,,,,,,,,,,,,,,,,,,,,,,,,,,,,,,,,,,,,,,,,,,,,,,,,,,,,,,,,,,,,,,,,,,,,,,,,,
1905,6,20.0,-40.0,,,,,,,,,,,,,,,,,,,,,,,,,,,,,,,,,,,,,,,,10.73,12.3,15.81,13.23,4,4.1,8,0.3,0.5,0.5,10.26,11.32,15.34,12.74,4,4.28,8,0.3,0.5,0.5,-4.81,-2.4,0.0,-2.4,4,2.77,8,0.3,0.5,0.5,1003.14,1009.1,1016.11,1009.6,4,7.51,8,0.3,0.5,0.5,,,,,,,,,,,,,,,,,,,,,,,,,,,,,,,,,,,,,,,,,,,,,,,,,,,,,,,,,,,,,,,,,,,,,,,,,,,,,,,,,,,,,,,,,,,,,,,,,,,,,,,,,,,,,,,,,,,,,,,,,,,,,,,,,,,,,,,,,,,,,,,,,,,,,,
1905,6,20.0,-38.0,,,,,,,,,,,,,,,,,,,,,,,,,,,,,,,,,,,,,,,,2.6,4.6,9.3,6.04,7,3.15,12,0.7,0.5,0.9,2.12,4.6,8.08,4.08,7,4.42,12,0.7,0.5,0.9,-4.74,-1.72,0.47,-2.18,7,2.85,12,0.7,0.5,0.9,1007.65,1012.8,1013.4,1010.96,5,3.08,14,0.6,0.5,0.9,,,,,,,,,,,,,,,,,,,,,,,,,,,,,,,,,,,,,,,,,,,,,,,,,,,,,,,,,,,,,,,,,,,,,,,,,,,,,,,,,,,,,,,,,,,,,,,,,,,,,,,,,,,,,,,,,,,,,,,,,,,,,,,,,,,,,,,,,,,,,,,,,,,,,,
1905,6,20.0,-36.0,,,,,,,,,,,,,,,,,,,,,,,,,,,,,,,,,,,,,,,,2.6,4.6,9.3,5.13,26,3.52,16,0.6,0.5,0.4,-2.42,2.33,5.99,1.93,26,5.23,16,0.6,0.5,0.4,-3.52,-1.55,0.03,-1.68,26,2.36,16,0.6,0.5,0.4,1010.59,1012.5,1021.0,1014.52,12,5.05,16,0.5,0.5,0.3,,,,,,,,,,,,,,,,,,,,,,,,,,,,,,,,,,,,,,,,,,,,,,,,,,,,,,,,,,,,,,,,,,,,,,,,,,,,,,,,,,,,,,,,,,,,,,,,,,,,,,,,,,,,,,,,,,,,,,,,,,,,,,,,,,,,,,,,,,,,,,,,,,,,,,
1905,6,20.0,34.0,,,,,,,,,,,,,,,,,,,,,,,,,,,,,,,,,,,,,,,,1.0,2.6,4.6,3.25,55,1.81,16,0.4,0.5,0.5,-0.97,0.97,3.25,1.1,55,2.43,16,0.4,0.5,0.5,-4.23,-1.84,0.0,-1.95,55,1.74,16,0.4,0.5,0.5,1011.7,1014.7,1018.12,1014.67,35,3.11,16,0.5,0.6,0.5,,,,,,,,,,,,,,,,,,,,,,,,,,,,,,,,,,,,,,,,,,,,,,,,,,,,,,,,,,,,,,,,,,,,,,,,,,,,,,,,,,,,,,,,,,,,,,,,,,,,,,,,,,,,,,,,,,,,,,,,,,,,,,,,,,,,,,,,,,,,,,,,,,,,,,
1905,6,20.0,36.0,,,,,,,,,,,,,,,,,,,,,,,,,,,,,,,,,,,,,,,,1.0,2.6,5.67,3.42,23,2.17,14,0.6,0.4,0.3,0.0,2.39,4.6,2.14,23,2.73,14,0.6,0.4,0.3,-2.23,-0.71,0.0,-0.83,23,1.98,14,0.6,0.4,0.3,1011.75,1013.5,1016.95,1014.22,13,3.13,16,0.5,0.3,0.3,,,,,,,,,,,,,,,,,,,,,,,,,,,,,,,,,,,,,,,,,,,,,,,,,,,,,,,,,,,,,,,,,,,,,,,,,,,,,,,,,,,,,,,,,,,,,,,,,,,,,,,,,,,,,,,,,,,,,,,,,,,,,,,,,,,,,,,,,,,,,,,,,,,,,,
1905,6,20.0,70.0,,,,,,,,,,,,,,,,,,,,,,,,,,,,,,,,,,,,,,,,3.11,6.7,7.98,5.88,11,3.34,12,1.0,0.3,0.3,-0.71,0.0,6.51,2.38,11,4.54,12,1.0,0.3,0.3,-5.25,-0.71,3.43,-1.26,11,4.55,12,1.0,0.3,0.3,1006.85,1008.85,1010.33,1008.6,4,2.21,4,1.0,0.3,0.3,,,,,,,,,,,,,,,,,,,,,,,,,,,,,,,,,,,,,,,,,,,,,,,,,,,,,,,,,,,,,,,,,,,,,,,,,,,,,,,,,,,,,,,,,,,,,,,,,,,,,,,,,,,,,,,,,,,,,,,,,,,,,,,,,,,,,,,,,,,,,,,,,,,,,,
1905,6,22.0,-42.0,,,,,,,,,,,,,,,,,,,,,,,,,,,,,,,,,,,,,,,,15.4,15.4,15.4,15.4,1,0.0,8,1.0,0.3,0.3,0.0,0.0,0.0,0.0,1,0.0,8,1.0,0.3,0.3,15.4,15.4,15.4,15.4,1,0.0,8,1.0,0.3,0.3,1010.9,1010.9,1010.9,1010.9,1,0.0,8,1.0,0.3,0.3,,,,,,,,,,,,,,,,,,,,,,,,,,,,,,,,,,,,,,,,,,,,,,,,,,,,,,,,,,,,,,,,,,,,,,,,,,,,,,,,,,,,,,,,,,,,,,,,,,,,,,,,,,,,,,,,,,,,,,,,,,,,,,,,,,,,,,,,,,,,,,,,,,,,,,
1905,6,22.0,-40.0,,,,,,,,,,,,,,,,,,,,,,,,,,,,,,,,,,,,,,,,12.3,12.3,12.3,12.3,1,0.0,24,1.0,0.3,0.3,0.0,0.0,0.0,0.0,1,0.0,24,1.0,0.3,0.3,12.3,12.3,12.3,12.3,1,0.0,24,1.0,0.3,0.3,1022.7,1022.7,1022.7,1022.7,1,0.0,24,1.0,0.3,0.3,,,,,,,,,,,,,,,,,,,,,,,,,,,,,,,,,,,,,,,,,,,,,,,,,,,,,,,,,,,,,,,,,,,,,,,,,,,,,,,,,,,,,,,,,,,,,,,,,,,,,,,,,,,,,,,,,,,,,,,,,,,,,,,,,,,,,,,,,,,,,,,,,,,,,,
1905,6,22.0,-36.0,,,,,,,,,,,,,,,,,,,,,,,,,,,,,,,,,,,,,,,,2.6,6.7,12.3,7.21,21,4.25,14,0.6,0.4,0.6,2.35,6.3,11.56,6.24,21,4.81,14,0.6,0.4,0.6,-2.3,0.0,1.1,-0.68,21,2.87,14,0.6,0.4,0.6,1014.72,1017.5,1018.53,1016.84,15,2.3,12,0.6,0.4,0.5,,,,,,,,,,,,,,,,,,,,,,,,,,,,,,,,,,,,,,,,,,,,,,,,,,,,,,,,,,,,,,,,,,,,,,,,,,,,,,,,,,,,,,,,,,,,,,,,,,,,,,,,,,,,,,,,,,,,,,,,,,,,,,,,,,,,,,,,,,,,,,,,,,,,,,
1905,6,22.0,32.0,,,,,,,,,,,,,,,,,,,,,,,,,,,,,,,,,,,,,,,,2.6,4.6,6.7,4.88,33,2.84,18,0.6,0.5,0.7,0.0,1.8,4.74,2.03,33,3.3,18,0.6,0.5,0.7,-6.06,-3.25,-0.44,-3.33,33,2.46,18,0.6,0.5,0.7,1009.09,1012.6,1016.55,1012.83,15,3.65,18,0.7,0.5,0.8,,,,,,,,,,,,,,,,,,,,,,,,,,,,,,,,,,,,,,,,,,,,,,,,,,,,,,,,,,,,,,,,,,,,,,,,,,,,,,,,,,,,,,,,,,,,,,,,,,,,,,,,,,,,,,,,,,,,,,,,,,,,,,,,,,,,,,,,,,,,,,,,,,,,,,
1905,6,22.0,34.0,,,,,,,,,,,,,,,,,,,,,,,,,,,,,,,,,,,,,,,,1.73,4.6,6.7,4.38,48,2.86,14,0.5,0.5,0.5,0.0,1.84,5.51,2.55,48,3.03,14,0.5,0.5,0.5,-4.6,-2.51,-0.71,-2.72,48,2.09,14,0.5,0.5,0.5,1010.31,1012.8,1016.63,1013.16,37,3.1,14,0.5,0.5,0.5,,,,,,,,,,,,,,,,,,,,,,,,,,,,,,,,,,,,,,,,,,,,,,,,,,,,,,,,,,,,,,,,,,,,,,,,,,,,,,,,,,,,,,,,,,,,,,,,,,,,,,,,,,,,,,,,,,,,,,,,,,,,,,,,,,,,,,,,,,,,,,,,,,,,,,
1905,6,22.0,64.0,,,,,,,,,,,,,,,,,,,,,,,,,,,,,,,,,,,,,,,,2.6,4.6,6.7,4.79,21,2.47,10,0.9,0.4,0.4,-2.61,1.02,4.95,1.39,21,3.55,10,0.9,0.4,0.4,-2.58,0.0,2.39,-0.32,21,3.93,10,0.9,0.4,0.4,1012.38,1012.55,1012.7,1012.53,6,0.16,2,0.8,0.6,0.6,,,,,,,,,,,,,,,,,,,,,,,,,,,,,,,,,,,,,,,,,,,,,,,,,,,,,,,,,,,,,,,,,,,,,,,,,,,,,,,,,,,,,,,,,,,,,,,,,,,,,,,,,,,,,,,,,,,,,,,,,,,,,,,,,,,,,,,,,,,,,,,,,,,,,,
1905,6,24.0,-42.0,,,,,,,,,,,,,,,,,,,,,,,,,,,,,,,,,,,,,,,,4.6,4.6,4.6,4.6,1,0.0,8,1.0,0.3,0.8,-1.72,-1.72,-1.72,-1.72,1,0.0,8,1.0,0.3,0.8,4.27,4.27,4.27,4.27,1,0.0,8,1.0,0.3,0.8,1014.4,1014.4,1014.4,1014.4,1,0.0,8,1.0,0.3,0.8,,,,,,,,,,,,,,,,,,,,,,,,,,,,,,,,,,,,,,,,,,,,,,,,,,,,,,,,,,,,,,,,,,,,,,,,,,,,,,,,,,,,,,,,,,,,,,,,,,,,,,,,,,,,,,,,,,,,,,,,,,,,,,,,,,,,,,,,,,,,,,,,,,,,,,
1905,6,24.0,-40.0,,,,,,,,,,,,,,,,,,,,,,,,,,,,,,,,,,,,,,,,6.89,11.8,16.71,11.8,2,10.18,10,1.0,0.5,0.5,-1.46,4.58,10.63,4.58,2,12.52,10,1.0,0.5,0.5,-11.58,-7.58,-3.58,-7.58,2,8.28,10,1.0,0.5,0.5,1003.5,1006.95,1010.4,1006.95,2,7.14,10,1.0,0.5,0.5,,,,,,,,,,,,,,,,,,,,,,,,,,,,,,,,,,,,,,,,,,,,,,,,,,,,,,,,,,,,,,,,,,,,,,,,,,,,,,,,,,,,,,,,,,,,,,,,,,,,,,,,,,,,,,,,,,,,,,,,,,,,,,,,,,,,,,,,,,,,,,,,,,,,,,
1905,6,24.0,-36.0,,,,,,,,,,,,,,,,,,,,,,,,,,,,,,,,,,,,,,,,7.03,12.3,19.0,12.5,27,5.33,12,0.4,0.4,0.5,5.22,12.11,18.6,11.71,27,6.13,12,0.4,0.4,0.5,-3.48,0.0,3.22,-0.3,27,3.26,12,0.4,0.4,0.5,1004.92,1006.6,1009.51,1007.93,18,4.81,10,0.5,0.3,0.3,,,,,,,,,,,,,,,,,,,,,,,,,,,,,,,,,,,,,,,,,,,,,,,,,,,,,,,,,,,,,,,,,,,,,,,,,,,,,,,,,,,,,,,,,,,,,,,,,,,,,,,,,,,,,,,,,,,,,,,,,,,,,,,,,,,,,,,,,,,,,,,,,,,,,,
1905,6,24.0,-34.0,,,,,,,,,,,,,,,,,,,,,,,,,,,,,,,,,,,,,,,,0.73,2.3,3.87,2.3,2,3.25,20,0.0,0.8,0.3,-1.45,-0.86,-0.27,-0.86,2,1.22,20,0.0,0.8,0.3,-3.59,-2.13,-0.68,-2.13,2,3.02,20,0.0,0.8,0.3,1017.0,1017.0,1017.0,1017.0,1,0.0,14,0.0,0.8,0.3,,,,,,,,,,,,,,,,,,,,,,,,,,,,,,,,,,,,,,,,,,,,,,,,,,,,,,,,,,,,,,,,,,,,,,,,,,,,,,,,,,,,,,,,,,,,,,,,,,,,,,,,,,,,,,,,,,,,,,,,,,,,,,,,,,,,,,,,,,,,,,,,,,,,,,
1905,6,24.0,32.0,,,,,,,,,,,,,,,,,,,,,,,,,,,,,,,,,,,,,,,,2.6,4.6,6.7,4.25,54,2.64,16,0.4,0.5,0.6,-1.48,1.84,4.46,1.95,54,3.74,16,0.4,0.5,0.6,-3.83,-1.8,1.84,-1.32,54,2.4,16,0.4,0.5,0.6,1010.03,1013.05,1016.7,1013.08,22,2.95,20,0.3,0.6,0.7,,,,,,,,,,,,,,,,,,,,,,,,,,,,,,,,,,,,,,,,,,,,,,,,,,,,,,,,,,,,,,,,,,,,,,,,,,,,,,,,,,,,,,,,,,,,,,,,,,,,,,,,,,,,,,,,,,,,,,,,,,,,,,,,,,,,,,,,,,,,,,,,,,,,,,
1905,6,24.0,34.0,,,,,,,,,,,,,,,,,,,,,,,,,,,,,,,,,,,,,,,,0.55,2.6,5.54,3.19,36,2.71,16,0.4,0.5,0.3,0.0,2.39,5.3,2.62,36,2.68,16,0.4,0.5,0.3,-2.19,-0.95,0.0,-0.89,36,1.64,16,0.4,0.5,0.3,1010.01,1011.8,1015.55,1012.11,33,2.91,16,0.4,0.5,0.3,,,,,,,,,,,,,,,,,,,,,,,,,,,,,,,,,,,,,,,,,,,,,,,,,,,,,,,,,,,,,,,,,,,,,,,,,,,,,,,,,,,,,,,,,,,,,,,,,,,,,,,,,,,,,,,,,,,,,,,,,,,,,,,,,,,,,,,,,,,,,,,,,,,,,,
1905,6,26.0,-42.0,,,,,,,,,,,,,,,,,,,,,,,,,,,,,,,,,,,,,,,,15.4,15.4,15.4,15.4,1,0.0,12,1.0,0.8,0.3,-15.4,-15.4,-15.4,-15.4,1,0.0,12,1.0,0.8,0.3,0.0,0.0,0.0,0.0,1,0.0,12,1.0,0.8,0.3,1009.1,1011.45,1013.81,1011.45,2,4.88,10,1.0,0.5,0.5,,,,,,,,,,,,,,,,,,,,,,,,,,,,,,,,,,,,,,,,,,,,,,,,,,,,,,,,,,,,,,,,,,,,,,,,,,,,,,,,,,,,,,,,,,,,,,,,,,,,,,,,,,,,,,,,,,,,,,,,,,,,,,,,,,,,,,,,,,,,,,,,,,,,,,
1905,6,26.0,-40.0,,,,,,,,,,,,,,,,,,,,,,,,,,,,,,,,,,,,,,,,3.55,5.65,9.63,6.55,4,4.18,8,0.8,0.5,0.8,-5.25,-3.31,-1.14,-3.2,4,2.63,8,0.8,0.5,0.8,1.39,2.21,7.69,4.43,4,5.29,8,0.8,0.5,0.8,1016.8,1016.8,1016.8,1016.8,1,0.0,26,1.0,0.8,0.8,,,,,,,,,,,,,,,,,,,,,,,,,,,,,,,,,,,,,,,,,,,,,,,,,,,,,,,,,,,,,,,,,,,,,,,,,,,,,,,,,,,,,,,,,,,,,,,,,,,,,,,,,,,,,,,,,,,,,,,,,,,,,,,,,,,,,,,,,,,,,,,,,,,,,,
1905,6,26.0,-36.0,,,,,,,,,,,,,,,,,,,,,,,,,,,,,,,,,,,,,,,,2.6,2.6,11.16,5.54,16,4.95,10,0.6,0.3,0.8,0.93,2.6,8.98,4.68,16,4.41,10,0.6,0.3,0.8,-1.58,0.0,1.0,0.71,16,3.72,10,0.6,0.3,0.8,1009.57,1010.65,1011.75,1010.73,12,1.14,8,0.7,0.3,0.8,,,,,,,,,,,,,,,,,,,,,,,,,,,,,,,,,,,,,,,,,,,,,,,,,,,,,,,,,,,,,,,,,,,,,,,,,,,,,,,,,,,,,,,,,,,,,,,,,,,,,,,,,,,,,,,,,,,,,,,,,,,,,,,,,,,,,,,,,,,,,,,,,,,,,,
1905,6,26.0,-34.0,,,,,,,,,,,,,,,,,,,,,,,,,,,,,,,,,,,,,,,,3.36,8.0,14.22,8.58,16,5.12,14,0.4,0.6,0.2,2.47,6.41,12.57,6.95,16,5.63,14,0.4,0.6,0.2,-4.73,0.0,3.42,-0.9,16,4.55,14,0.4,0.6,0.2,1011.2,1011.6,1016.0,1012.73,7,2.25,8,0.4,0.7,0.2,,,,,,,,,,,,,,,,,,,,,,,,,,,,,,,,,,,,,,,,,,,,,,,,,,,,,,,,,,,,,,,,,,,,,,,,,,,,,,,,,,,,,,,,,,,,,,,,,,,,,,,,,,,,,,,,,,,,,,,,,,,,,,,,,,,,,,,,,,,,,,,,,,,,,,
1905,6,26.0,32.0,,,,,,,,,,,,,,,,,,,,,,,,,,,,,,,,,,,,,,,,1.0,4.6,4.6,3.86,88,2.32,16,0.6,0.5,0.5,0.0,1.84,4.27,2.16,88,3.07,16,0.6,0.5,0.5,-3.48,-1.8,0.0,-1.64,88,1.89,16,0.6,0.5,0.5,1009.99,1011.6,1015.01,1012.0,51,2.71,18,0.6,0.5,0.6,,,,,,,,,,,,,,,,,,,,,,,,,,,,,,,,,,,,,,,,,,,,,,,,,,,,,,,,,,,,,,,,,,,,,,,,,,,,,,,,,,,,,,,,,,,,,,,,,,,,,,,,,,,,,,,,,,,,,,,,,,,,,,,,,,,,,,,,,,,,,,,,,,,,,,
1905,6,26.0,34.0,,,,,,,,,,,,,,,,,,,,,,,,,,,,,,,,,,,,,,,,1.0,1.0,2.09,1.53,3,0.92,8,1.0,0.6,0.6,0.78,0.93,1.93,1.34,3,0.92,8,1.0,0.6,0.6,-0.92,-0.71,-0.48,-0.7,3,0.32,8,1.0,0.6,0.6,1015.0,1015.0,1015.0,1015.0,1,0.0,2,1.0,0.3,0.3,,,,,,,,,,,,,,,,,,,,,,,,,,,,,,,,,,,,,,,,,,,,,,,,,,,,,,,,,,,,,,,,,,,,,,,,,,,,,,,,,,,,,,,,,,,,,,,,,,,,,,,,,,,,,,,,,,,,,,,,,,,,,,,,,,,,,,,,,,,,,,,,,,,,,,
1905,6,28.0,-42.0,,,,,,,,,,,,,,,,,,,,,,,,,,,,,,,,,,,,,,,,5.27,6.7,8.47,6.87,3,2.35,12,1.0,0.6,0.4,-8.32,-6.21,-4.19,-6.25,3,3.02,12,1.0,0.6,0.4,-3.02,-2.51,-0.8,-1.92,3,1.7,12,1.0,0.6,0.4,1018.87,1021.6,1022.62,1020.77,3,2.84,12,1.0,0.6,0.4,,,,,,,,,,,,,,,,,,,,,,,,,,,,,,,,,,,,,,,,,,,,,,,,,,,,,,,,,,,,,,,,,,,,,,,,,,,,,,,,,,,,,,,,,,,,,,,,,,,,,,,,,,,,,,,,,,,,,,,,,,,,,,,,,,,,,,,,,,,,,,,,,,,,,,
1905,6,28.0,-40.0,,,,,,,,,,,,,,,,,,,,,,,,,,,,,,,,,,,,,,,,5.79,10.8,12.3,9.13,4,4.57,8,0.5,0.5,0.4,-10.01,-5.49,3.41,-3.4,4,8.88,8,0.5,0.5,0.4,-5.02,1.33,4.25,-0.31,4,6.12,8,0.5,0.5,0.4,1005.43,1009.15,1012.87,1009.15,2,7.71,12,1.0,0.5,0.5,,,,,,,,,,,,,,,,,,,,,,,,,,,,,,,,,,,,,,,,,,,,,,,,,,,,,,,,,,,,,,,,,,,,,,,,,,,,,,,,,,,,,,,,,,,,,,,,,,,,,,,,,,,,,,,,,,,,,,,,,,,,,,,,,,,,,,,,,,,,,,,,,,,,,,
1905,6,28.0,-34.0,,,,,,,,,,,,,,,,,,,,,,,,,,,,,,,,,,,,,,,,4.6,6.7,6.7,6.18,21,1.76,8,0.5,0.4,0.5,-2.37,3.35,6.3,2.23,21,4.31,8,0.5,0.4,0.5,-4.54,2.29,4.74,1.09,21,4.26,8,0.5,0.4,0.5,1003.84,1008.4,1012.42,1008.02,15,3.9,6,0.5,0.5,0.5,,,,,,,,,,,,,,,,,,,,,,,,,,,,,,,,,,,,,,,,,,,,,,,,,,,,,,,,,,,,,,,,,,,,,,,,,,,,,,,,,,,,,,,,,,,,,,,,,,,,,,,,,,,,,,,,,,,,,,,,,,,,,,,,,,,,,,,,,,,,,,,,,,,,,,
1905,6,28.0,-32.0,,,,,,,,,,,,,,,,,,,,,,,,,,,,,,,,,,,,,,,,2.92,3.6,4.28,3.6,2,1.41,18,0.0,0.8,0.3,2.7,3.34,3.97,3.34,2,1.31,18,0.0,0.8,0.3,-1.6,-1.35,-1.09,-1.35,2,0.53,18,0.0,0.8,0.3,1008.0,1008.0,1008.0,1008.0,1,0.0,16,0.0,0.8,0.3,,,,,,,,,,,,,,,,,,,,,,,,,,,,,,,,,,,,,,,,,,,,,,,,,,,,,,,,,,,,,,,,,,,,,,,,,,,,,,,,,,,,,,,,,,,,,,,,,,,,,,,,,,,,,,,,,,,,,,,,,,,,,,,,,,,,,,,,,,,,,,,,,,,,,,
1905,6,28.0,30.0,,,,,,,,,,,,,,,,,,,,,,,,,,,,,,,,,,,,,,,,2.6,4.6,6.7,4.49,11,2.06,12,0.5,0.6,0.8,-0.76,1.84,4.74,1.67,11,3.48,12,0.5,0.6,0.8,-4.74,-1.84,-1.72,-2.85,11,1.51,12,0.5,0.6,0.8,1007.0,1007.0,1007.0,1007.0,1,0.0,12,1.0,0.8,0.8,,,,,,,,,,,,,,,,,,,,,,,,,,,,,,,,,,,,,,,,,,,,,,,,,,,,,,,,,,,,,,,,,,,,,,,,,,,,,,,,,,,,,,,,,,,,,,,,,,,,,,,,,,,,,,,,,,,,,,,,,,,,,,,,,,,,,,,,,,,,,,,,,,,,,,
1905,6,28.0,32.0,,,,,,,,,,,,,,,,,,,,,,,,,,,,,,,,,,,,,,,,2.52,4.6,6.7,4.44,70,2.65,18,0.5,0.5,0.3,0.0,2.39,6.17,2.66,70,2.85,18,0.5,0.5,0.3,-4.23,-2.62,0.0,-2.53,70,2.29,18,0.5,0.5,0.3,1009.9,1011.6,1015.19,1011.94,54,2.81,18,0.5,0.5,0.4,,,,,,,,,,,,,,,,,,,,,,,,,,,,,,,,,,,,,,,,,,,,,,,,,,,,,,,,,,,,,,,,,,,,,,,,,,,,,,,,,,,,,,,,,,,,,,,,,,,,,,,,,,,,,,,,,,,,,,,,,,,,,,,,,,,,,,,,,,,,,,,,,,,,,,
1905,6,30.0,-42.0,,,,,,,,,,,,,,,,,,,,,,,,,,,,,,,,,,,,,,,,3.46,5.65,9.59,6.13,10,2.78,18,0.7,0.5,0.6,-4.27,1.87,6.67,1.12,10,5.67,18,0.7,0.5,0.6,-5.48,-3.04,-1.72,-3.32,10,1.94,18,0.7,0.5,0.6,1011.8,1011.8,1011.8,1011.8,1,0.0,14,1.0,0.8,0.3,,,,,,,,,,,,,,,,,,,,,,,,,,,,,,,,,,,,,,,,,,,,,,,,,,,,,,,,,,,,,,,,,,,,,,,,,,,,,,,,,,,,,,,,,,,,,,,,,,,,,,,,,,,,,,,,,,,,,,,,,,,,,,,,,,,,,,,,,,,,,,,,,,,,,,
1905,6,30.0,-32.0,,,,,,,,,,,,,,,,,,,,,,,,,,,,,,,,,,,,,,,,4.6,6.7,12.11,6.97,14,3.65,10,0.5,0.4,0.5,-1.68,0.46,4.61,1.48,14,3.33,10,0.5,0.4,0.5,-4.18,1.0,11.27,2.66,14,6.68,10,0.5,0.4,0.5,1008.95,1011.0,1011.61,1010.29,7,1.57,10,0.6,0.4,0.4,,,,,,,,,,,,,,,,,,,,,,,,,,,,,,,,,,,,,,,,,,,,,,,,,,,,,,,,,,,,,,,,,,,,,,,,,,,,,,,,,,,,,,,,,,,,,,,,,,,,,,,,,,,,,,,,,,,,,,,,,,,,,,,,,,,,,,,,,,,,,,,,,,,,,,
1905,6,30.0,-30.0,,,,,,,,,,,,,,,,,,,,,,,,,,,,,,,,,,,,,,,,2.02,2.6,4.6,3.08,5,1.53,16,0.6,0.8,0.3,-1.19,0.0,0.37,-0.45,5,1.63,16,0.6,0.8,0.3,-3.33,-2.6,1.19,-1.31,5,3.03,16,0.6,0.8,0.3,1020.0,1020.0,1020.0,1020.0,2,0.0,22,0.5,0.8,0.3,,,,,,,,,,,,,,,,,,,,,,,,,,,,,,,,,,,,,,,,,,,,,,,,,,,,,,,,,,,,,,,,,,,,,,,,,,,,,,,,,,,,,,,,,,,,,,,,,,,,,,,,,,,,,,,,,,,,,,,,,,,,,,,,,,,,,,,,,,,,,,,,,,,,,,
1905,6,30.0,30.0,,,,,,,,,,,,,,,,,,,,,,,,,,,,,,,,,,,,,,,,2.6,4.6,4.6,4.09,68,2.03,18,0.4,0.6,0.8,0.0,1.84,4.27,2.1,68,2.67,18,0.4,0.6,0.8,-4.39,-2.6,-0.25,-2.37,68,1.94,18,0.4,0.6,0.8,1009.33,1011.0,1013.0,1010.93,36,2.81,18,0.4,0.7,0.8,,,,,,,,,,,,,,,,,,,,,,,,,,,,,,,,,,,,,,,,,,,,,,,,,,,,,,,,,,,,,,,,,,,,,,,,,,,,,,,,,,,,,,,,,,,,,,,,,,,,,,,,,,,,,,,,,,,,,,,,,,,,,,,,,,,,,,,,,,,,,,,,,,,,,,
1905,6,30.0,32.0,,,,,,,,,,,,,,,,,,,,,,,,,,,,,,,,,,,,,,,,2.6,4.6,6.7,4.45,50,2.11,16,0.4,0.4,0.3,-1.0,2.61,4.74,2.41,50,3.12,16,0.4,0.4,0.3,-4.74,-1.84,0.0,-2.33,50,1.86,16,0.4,0.4,0.3,1009.41,1011.1,1015.22,1011.8,28,2.96,16,0.4,0.3,0.3,,,,,,,,,,,,,,,,,,,,,,,,,,,,,,,,,,,,,,,,,,,,,,,,,,,,,,,,,,,,,,,,,,,,,,,,,,,,,,,,,,,,,,,,,,,,,,,,,,,,,,,,,,,,,,,,,,,,,,,,,,,,,,,,,,,,,,,,,,,,,,,,,,,,,,
1905,6,32.0,-44.0,,,,,,,,,,,,,,,,,,,,,,,,,,,,,,,,,,,,,,,,3.55,8.45,12.3,7.95,4,5.09,14,0.5,0.5,0.8,-2.35,0.13,3.47,0.54,4,3.41,14,0.5,0.5,0.8,-12.07,-6.04,0.9,-5.61,4,7.5,14,0.5,0.5,0.8,1008.9,1011.9,1014.9,1011.9,2,6.22,14,1.0,0.5,0.8,,,,,,,,,,,,,,,,,,,,,,,,,,,,,,,,,,,,,,,,,,,,,,,,,,,,,,,,,,,,,,,,,,,,,,,,,,,,,,,,,,,,,,,,,,,,,,,,,,,,,,,,,,,,,,,,,,,,,,,,,,,,,,,,,,,,,,,,,,,,,,,,,,,,,,
1905,6,32.0,-42.0,,,,,,,,,,,,,,,,,,,,,,,,,,,,,,,,,,,,,,,,4.73,6.7,9.8,7.35,14,3.69,16,0.6,0.5,0.6,-9.43,0.0,6.46,-0.96,14,6.99,16,0.6,0.5,0.6,-4.73,-2.19,0.0,-2.85,14,3.63,16,0.6,0.5,0.6,1005.5,1005.5,1005.5,1005.5,1,0.0,16,1.0,0.8,0.3,,,,,,,,,,,,,,,,,,,,,,,,,,,,,,,,,,,,,,,,,,,,,,,,,,,,,,,,,,,,,,,,,,,,,,,,,,,,,,,,,,,,,,,,,,,,,,,,,,,,,,,,,,,,,,,,,,,,,,,,,,,,,,,,,,,,,,,,,,,,,,,,,,,,,,
1905,6,32.0,-38.0,,,,,,,,,,,,,,,,,,,,,,,,,,,,,,,,,,,,,,,,15.49,19.0,19.0,17.33,4,3.35,20,0.3,0.4,0.5,10.95,15.46,17.56,14.31,4,4.22,20,0.3,0.4,0.5,-0.19,8.06,11.18,5.61,4,8.87,20,0.3,0.4,0.5,1013.3,1013.3,1013.3,1013.3,1,0.0,26,1.0,0.3,0.3,,,,,,,,,,,,,,,,,,,,,,,,,,,,,,,,,,,,,,,,,,,,,,,,,,,,,,,,,,,,,,,,,,,,,,,,,,,,,,,,,,,,,,,,,,,,,,,,,,,,,,,,,,,,,,,,,,,,,,,,,,,,,,,,,,,,,,,,,,,,,,,,,,,,,,
1905,6,32.0,-32.0,,,,,,,,,,,,,,,,,,,,,,,,,,,,,,,,,,,,,,,,1.0,9.3,19.0,10.19,17,7.9,2,0.5,0.3,0.8,-0.16,0.34,8.53,3.26,17,5.58,2,0.5,0.3,0.8,0.94,8.74,14.83,8.88,17,6.83,2,0.5,0.3,0.8,1004.6,1007.0,1011.66,1007.83,19,3.17,2,0.5,0.3,0.8,,,,,,,,,,,,,,,,,,,,,,,,,,,,,,,,,,,,,,,,,,,,,,,,,,,,,,,,,,,,,,,,,,,,,,,,,,,,,,,,,,,,,,,,,,,,,,,,,,,,,,,,,,,,,,,,,,,,,,,,,,,,,,,,,,,,,,,,,,,,,,,,,,,,,,
1905,6,32.0,-30.0,,,,,,,,,,,,,,,,,,,,,,,,,,,,,,,,,,,,,,,,5.83,6.7,13.58,8.7,11,4.17,12,0.8,0.3,0.5,-5.77,0.0,1.07,-1.32,11,4.3,12,0.8,0.3,0.5,-11.0,-4.6,6.7,-2.77,11,8.47,12,0.8,0.3,0.5,1008.94,1013.2,1019.41,1014.02,6,5.61,12,0.8,0.4,0.4,,,,,,,,,,,,,,,,,,,,,,,,,,,,,,,,,,,,,,,,,,,,,,,,,,,,,,,,,,,,,,,,,,,,,,,,,,,,,,,,,,,,,,,,,,,,,,,,,,,,,,,,,,,,,,,,,,,,,,,,,,,,,,,,,,,,,,,,,,,,,,,,,,,,,,
1905,6,32.0,-28.0,,,,,,,,,,,,,,,,,,,,,,,,,,,,,,,,,,,,,,,,2.6,6.7,9.3,6.46,11,3.49,16,0.3,0.5,0.5,-4.39,0.0,2.09,-1.05,11,3.52,16,0.3,0.5,0.5,-7.47,-2.6,1.96,-2.99,11,5.89,16,0.3,0.5,0.5,1020.32,1021.0,1021.0,1020.67,3,0.58,22,0.3,0.4,0.4,,,,,,,,,,,,,,,,,,,,,,,,,,,,,,,,,,,,,,,,,,,,,,,,,,,,,,,,,,,,,,,,,,,,,,,,,,,,,,,,,,,,,,,,,,,,,,,,,,,,,,,,,,,,,,,,,,,,,,,,,,,,,,,,,,,,,,,,,,,,,,,,,,,,,,
1905,6,32.0,-26.0,,,,,,,,,,,,,,,,,,,,,,,,,,,,,,,,,,,,,,,,2.6,4.6,6.7,4.82,11,1.71,12,0.5,0.7,0.3,-3.25,0.0,4.74,0.36,11,3.57,12,0.5,0.7,0.3,-2.42,0.97,4.74,1.44,11,3.65,12,0.5,0.7,0.3,1021.0,1021.0,1021.0,1021.0,1,0.0,28,1.0,0.8,0.3,,,,,,,,,,,,,,,,,,,,,,,,,,,,,,,,,,,,,,,,,,,,,,,,,,,,,,,,,,,,,,,,,,,,,,,,,,,,,,,,,,,,,,,,,,,,,,,,,,,,,,,,,,,,,,,,,,,,,,,,,,,,,,,,,,,,,,,,,,,,,,,,,,,,,,
1905,6,32.0,26.0,,,,,,,,,,,,,,,,,,,,,,,,,,,,,,,,,,,,,,,,4.6,9.3,12.3,8.25,45,3.43,14,0.5,0.8,0.8,0.96,3.63,6.58,3.76,45,2.58,14,0.5,0.8,0.8,-10.9,-6.58,-4.59,-7.06,45,3.05,14,0.5,0.8,0.8,1006.33,1008.2,1009.87,1008.05,22,1.92,14,0.4,0.8,0.8,,,,,,,,,,,,,,,,,,,,,,,,,,,,,,,,,,,,,,,,,,,,,,,,,,,,,,,,,,,,,,,,,,,,,,,,,,,,,,,,,,,,,,,,,,,,,,,,,,,,,,,,,,,,,,,,,,,,,,,,,,,,,,,,,,,,,,,,,,,,,,,,,,,,,,
1905,6,32.0,28.0,,,,,,,,,,,,,,,,,,,,,,,,,,,,,,,,,,,,,,,,2.6,6.7,9.3,6.5,122,3.94,16,0.6,0.5,0.5,0.0,1.72,4.54,1.98,122,2.76,16,0.6,0.5,0.5,-8.7,-6.17,-1.95,-5.65,122,3.79,16,0.6,0.5,0.5,1008.0,1010.05,1011.7,1009.82,64,2.22,16,0.6,0.5,0.5,,,,,,,,,,,,,,,,,,,,,,,,,,,,,,,,,,,,,,,,,,,,,,,,,,,,,,,,,,,,,,,,,,,,,,,,,,,,,,,,,,,,,,,,,,,,,,,,,,,,,,,,,,,,,,,,,,,,,,,,,,,,,,,,,,,,,,,,,,,,,,,,,,,,,,
1905,6,32.0,30.0,,,,,,,,,,,,,,,,,,,,,,,,,,,,,,,,,,,,,,,,2.6,2.6,4.6,3.58,24,1.71,14,0.6,0.3,0.8,-1.25,1.01,4.25,1.01,24,2.52,14,0.6,0.3,0.8,-3.61,-1.84,-0.65,-2.0,24,2.18,14,0.6,0.3,0.8,1010.0,1010.6,1012.75,1011.17,9,1.82,18,0.8,0.3,0.8,,,,,,,,,,,,,,,,,,,,,,,,,,,,,,,,,,,,,,,,,,,,,,,,,,,,,,,,,,,,,,,,,,,,,,,,,,,,,,,,,,,,,,,,,,,,,,,,,,,,,,,,,,,,,,,,,,,,,,,,,,,,,,,,,,,,,,,,,,,,,,,,,,,,,,
1905,6,34.0,-38.0,,,,,,,,,,,,,,,,,,,,,,,,,,,,,,,,,,,,,,,,9.46,15.4,15.4,12.5,3,5.02,22,1.0,0.4,0.3,7.67,10.89,10.89,9.32,3,2.73,22,1.0,0.4,0.3,1.67,10.89,10.89,6.39,3,7.8,22,1.0,0.4,0.3,1018.9,1018.9,1018.9,1018.9,1,0.0,28,1.0,0.3,0.3,,,,,,,,,,,,,,,,,,,,,,,,,,,,,,,,,,,,,,,,,,,,,,,,,,,,,,,,,,,,,,,,,,,,,,,,,,,,,,,,,,,,,,,,,,,,,,,,,,,,,,,,,,,,,,,,,,,,,,,,,,,,,,,,,,,,,,,,,,,,,,,,,,,,,,
1905,6,34.0,-26.0,,,,,,,,,,,,,,,,,,,,,,,,,,,,,,,,,,,,,,,,1.61,4.6,8.31,4.95,16,3.4,16,0.4,0.5,0.5,-4.55,-0.92,4.55,-0.55,16,4.32,16,0.4,0.5,0.5,-3.62,-0.19,4.69,0.45,16,4.31,16,0.4,0.5,0.5,1023.0,1023.0,1024.05,1023.5,4,1.0,28,0.3,0.5,0.5,,,,,,,,,,,,,,,,,,,,,,,,,,,,,,,,,,,,,,,,,,,,,,,,,,,,,,,,,,,,,,,,,,,,,,,,,,,,,,,,,,,,,,,,,,,,,,,,,,,,,,,,,,,,,,,,,,,,,,,,,,,,,,,,,,,,,,,,,,,,,,,,,,,,,,
1905,6,34.0,-24.0,,,,,,,,,,,,,,,,,,,,,,,,,,,,,,,,,,,,,,,,2.6,4.6,7.36,5.66,12,2.91,14,0.7,0.8,0.5,-3.35,-2.1,0.67,-1.49,12,2.4,14,0.7,0.8,0.5,-6.81,-2.13,3.5,-2.34,12,5.41,14,0.7,0.8,0.5,1023.32,1024.0,1024.68,1024.0,2,1.41,30,1.0,0.8,0.5,,,,,,,,,,,,,,,,,,,,,,,,,,,,,,,,,,,,,,,,,,,,,,,,,,,,,,,,,,,,,,,,,,,,,,,,,,,,,,,,,,,,,,,,,,,,,,,,,,,,,,,,,,,,,,,,,,,,,,,,,,,,,,,,,,,,,,,,,,,,,,,,,,,,,,
1905,6,34.0,-22.0,,,,,,,,,,,,,,,,,,,,,,,,,,,,,,,,,,,,,,,,3.46,4.6,6.7,5.3,10,2.07,16,0.4,0.8,0.5,-4.68,-2.22,0.99,-1.95,10,2.99,16,0.4,0.8,0.5,-4.1,0.0,4.46,-0.04,10,4.72,16,0.4,0.8,0.5,1021.63,1023.0,1023.0,1022.33,3,1.15,30,0.0,0.8,0.6,,,,,,,,,,,,,,,,,,,,,,,,,,,,,,,,,,,,,,,,,,,,,,,,,,,,,,,,,,,,,,,,,,,,,,,,,,,,,,,,,,,,,,,,,,,,,,,,,,,,,,,,,,,,,,,,,,,,,,,,,,,,,,,,,,,,,,,,,,,,,,,,,,,,,,
1905,6,34.0,24.0,,,,,,,,,,,,,,,,,,,,,,,,,,,,,,,,,,,,,,,,2.6,6.7,9.3,6.18,101,2.94,16,0.5,0.7,0.6,1.02,2.51,4.74,2.94,101,2.03,16,0.5,0.7,0.6,-8.56,-4.74,-2.32,-5.07,101,2.91,16,0.5,0.7,0.6,1005.85,1008.0,1009.67,1007.81,53,1.8,16,0.5,0.7,0.6,,,,,,,,,,,,,,,,,,,,,,,,,,,,,,,,,,,,,,,,,,,,,,,,,,,,,,,,,,,,,,,,,,,,,,,,,,,,,,,,,,,,,,,,,,,,,,,,,,,,,,,,,,,,,,,,,,,,,,,,,,,,,,,,,,,,,,,,,,,,,,,,,,,,,,
1905,6,34.0,26.0,,,,,,,,,,,,,,,,,,,,,,,,,,,,,,,,,,,,,,,,4.6,6.7,9.3,6.49,105,3.25,16,0.5,0.3,0.4,0.99,2.62,4.74,2.94,105,1.94,16,0.5,0.3,0.4,-8.56,-6.17,-3.25,-5.61,105,2.97,16,0.5,0.3,0.4,1006.7,1008.4,1010.0,1008.32,57,1.81,16,0.4,0.3,0.4,,,,,,,,,,,,,,,,,,,,,,,,,,,,,,,,,,,,,,,,,,,,,,,,,,,,,,,,,,,,,,,,,,,,,,,,,,,,,,,,,,,,,,,,,,,,,,,,,,,,,,,,,,,,,,,,,,,,,,,,,,,,,,,,,,,,,,,,,,,,,,,,,,,,,,
1905,6,36.0,-44.0,,,,,,,,,,,,,,,,,,,,,,,,,,,,,,,,,,,,,,,,6.7,6.7,12.3,9.19,8,3.56,20,0.6,0.6,0.6,-2.62,0.0,11.87,3.57,8,7.26,20,0.6,0.6,0.6,-6.64,-6.17,-2.75,-4.17,8,4.68,20,0.6,0.6,0.6,995.9,995.9,995.9,995.9,1,0.0,16,1.0,0.8,0.8,,,,,,,,,,,,,,,,,,,,,,,,,,,,,,,,,,,,,,,,,,,,,,,,,,,,,,,,,,,,,,,,,,,,,,,,,,,,,,,,,,,,,,,,,,,,,,,,,,,,,,,,,,,,,,,,,,,,,,,,,,,,,,,,,,,,,,,,,,,,,,,,,,,,,,
1905,6,36.0,20.0,,,,,,,,,,,,,,,,,,,,,,,,,,,,,,,,,,,,,,,,2.6,4.6,9.3,5.6,43,3.14,16,0.4,0.8,0.8,0.0,1.8,4.74,2.43,43,2.34,16,0.4,0.8,0.8,-6.58,-4.27,-2.39,-4.52,43,3.09,16,0.4,0.8,0.8,1004.0,1005.7,1006.97,1005.56,22,1.87,16,0.3,0.8,0.8,,,,,,,,,,,,,,,,,,,,,,,,,,,,,,,,,,,,,,,,,,,,,,,,,,,,,,,,,,,,,,,,,,,,,,,,,,,,,,,,,,,,,,,,,,,,,,,,,,,,,,,,,,,,,,,,,,,,,,,,,,,,,,,,,,,,,,,,,,,,,,,,,,,,,,
1905,6,36.0,22.0,,,,,,,,,,,,,,,,,,,,,,,,,,,,,,,,,,,,,,,,2.6,4.6,9.3,5.77,107,2.54,16,0.4,0.6,0.4,1.02,2.51,4.63,2.69,107,1.94,16,0.4,0.6,0.4,-6.58,-4.27,-2.39,-4.74,107,2.52,16,0.4,0.6,0.4,1005.0,1006.85,1008.14,1006.66,66,1.65,16,0.4,0.6,0.5,,,,,,,,,,,,,,,,,,,,,,,,,,,,,,,,,,,,,,,,,,,,,,,,,,,,,,,,,,,,,,,,,,,,,,,,,,,,,,,,,,,,,,,,,,,,,,,,,,,,,,,,,,,,,,,,,,,,,,,,,,,,,,,,,,,,,,,,,,,,,,,,,,,,,,
1905,6,36.0,24.0,,,,,,,,,,,,,,,,,,,,,,,,,,,,,,,,,,,,,,,,2.6,6.7,9.3,5.82,43,2.86,16,0.6,0.3,0.3,1.02,2.62,4.74,2.69,43,1.94,16,0.6,0.3,0.3,-6.58,-4.74,-2.39,-4.87,43,2.73,16,0.6,0.3,0.3,1006.15,1007.5,1009.0,1007.53,23,1.35,16,0.7,0.3,0.3,,,,,,,,,,,,,,,,,,,,,,,,,,,,,,,,,,,,,,,,,,,,,,,,,,,,,,,,,,,,,,,,,,,,,,,,,,,,,,,,,,,,,,,,,,,,,,,,,,,,,,,,,,,,,,,,,,,,,,,,,,,,,,,,,,,,,,,,,,,,,,,,,,,,,,
1905,6,38.0,-38.0,,,,,,,,,,,,,,,,,,,,,,,,,,,,,,,,,,,,,,,,4.6,4.6,4.6,4.6,1,0.0,28,1.0,0.3,0.3,3.25,3.25,3.25,3.25,1,0.0,28,1.0,0.3,0.3,-3.25,-3.25,-3.25,-3.25,1,0.0,28,1.0,0.3,0.3,1023.0,1023.0,1023.0,1023.0,1,0.0,28,1.0,0.3,0.3,,,,,,,,,,,,,,,,,,,,,,,,,,,,,,,,,,,,,,,,,,,,,,,,,,,,,,,,,,,,,,,,,,,,,,,,,,,,,,,,,,,,,,,,,,,,,,,,,,,,,,,,,,,,,,,,,,,,,,,,,,,,,,,,,,,,,,,,,,,,,,,,,,,,,,
1905,6,38.0,18.0,,,,,,,,,,,,,,,,,,,,,,,,,,,,,,,,,,,,,,,,2.6,4.6,6.7,4.25,65,2.55,16,0.6,0.7,0.6,0.0,1.84,4.45,2.08,65,2.43,16,0.6,0.7,0.6,-4.74,-2.62,0.0,-2.66,65,2.7,16,0.6,0.7,0.6,1004.31,1005.85,1007.07,1005.7,46,1.31,14,0.6,0.7,0.5,,,,,,,,,,,,,,,,,,,,,,,,,,,,,,,,,,,,,,,,,,,,,,,,,,,,,,,,,,,,,,,,,,,,,,,,,,,,,,,,,,,,,,,,,,,,,,,,,,,,,,,,,,,,,,,,,,,,,,,,,,,,,,,,,,,,,,,,,,,,,,,,,,,,,,
1905,6,38.0,20.0,,,,,,,,,,,,,,,,,,,,,,,,,,,,,,,,,,,,,,,,1.0,4.6,6.7,4.57,88,2.95,16,0.5,0.3,0.4,0.0,1.72,3.48,1.4,88,2.38,16,0.5,0.3,0.4,-6.6,-3.25,-0.88,-3.68,88,2.91,16,0.5,0.3,0.4,1003.84,1006.1,1007.2,1005.86,52,1.64,14,0.6,0.3,0.4,,,,,,,,,,,,,,,,,,,,,,,,,,,,,,,,,,,,,,,,,,,,,,,,,,,,,,,,,,,,,,,,,,,,,,,,,,,,,,,,,,,,,,,,,,,,,,,,,,,,,,,,,,,,,,,,,,,,,,,,,,,,,,,,,,,,,,,,,,,,,,,,,,,,,,
1905,6,38.0,68.0,,,,,,,,,,,,,,,,,,,,,,,,,,,,,,,,,,,,,,,,6.31,9.3,12.3,9.45,13,3.54,18,1.0,0.2,0.0,-4.12,6.58,8.7,2.2,13,6.98,18,1.0,0.2,0.0,-8.7,-6.58,3.01,-3.18,13,6.66,18,1.0,0.2,0.0,1016.25,1019.9,1021.71,1019.1,5,3.21,24,1.0,0.2,0.0,,,,,,,,,,,,,,,,,,,,,,,,,,,,,,,,,,,,,,,,,,,,,,,,,,,,,,,,,,,,,,,,,,,,,,,,,,,,,,,,,,,,,,,,,,,,,,,,,,,,,,,,,,,,,,,,,,,,,,,,,,,,,,,,,,,,,,,,,,,,,,,,,,,,,,
1905,6,40.0,-44.0,,,,,,,,,,,,,,,,,,,,,,,,,,,,,,,,,,,,,,,,4.19,6.7,9.8,6.7,6,2.84,18,0.3,0.5,0.3,-2.62,2.55,9.62,3.18,6,5.51,18,0.3,0.5,0.3,-6.17,-1.87,2.13,-1.83,6,3.92,18,0.3,0.5,0.3,999.4,999.4,999.4,999.4,1,0.0,18,1.0,0.8,0.3,,,,,,,,,,,,,,,,,,,,,,,,,,,,,,,,,,,,,,,,,,,,,,,,,,,,,,,,,,,,,,,,,,,,,,,,,,,,,,,,,,,,,,,,,,,,,,,,,,,,,,,,,,,,,,,,,,,,,,,,,,,,,,,,,,,,,,,,,,,,,,,,,,,,,,
1905,6,40.0,-42.0,,,,,,,,,,,,,,,,,,,,,,,,,,,,,,,,,,,,,,,,8.18,11.05,13.92,11.05,4,3.7,16,0.5,0.5,0.3,2.63,3.3,5.0,3.79,4,1.7,16,0.5,0.5,0.3,-13.67,-10.58,-3.01,-8.44,4,7.71,16,0.5,0.5,0.3,998.1,998.1,998.1,998.1,1,0.0,18,1.0,0.3,0.3,,,,,,,,,,,,,,,,,,,,,,,,,,,,,,,,,,,,,,,,,,,,,,,,,,,,,,,,,,,,,,,,,,,,,,,,,,,,,,,,,,,,,,,,,,,,,,,,,,,,,,,,,,,,,,,,,,,,,,,,,,,,,,,,,,,,,,,,,,,,,,,,,,,,,,
1905,6,40.0,14.0,,,,,,,,,,,,,,,,,,,,,,,,,,,,,,,,,,,,,,,,0.0,2.6,4.6,2.14,35,1.69,16,0.7,0.8,0.8,0.0,0.97,2.99,1.11,35,1.59,16,0.7,0.8,0.8,-3.25,-1.0,0.0,-1.14,35,1.56,16,0.7,0.8,0.8,1003.76,1005.5,1007.2,1005.48,25,1.63,16,0.8,0.8,0.8,,,,,,,,,,,,,,,,,,,,,,,,,,,,,,,,,,,,,,,,,,,,,,,,,,,,,,,,,,,,,,,,,,,,,,,,,,,,,,,,,,,,,,,,,,,,,,,,,,,,,,,,,,,,,,,,,,,,,,,,,,,,,,,,,,,,,,,,,,,,,,,,,,,,,,
1905,6,40.0,16.0,,,,,,,,,,,,,,,,,,,,,,,,,,,,,,,,,,,,,,,,1.0,2.6,4.6,2.78,78,2.43,16,0.4,0.4,0.5,0.0,0.97,2.6,1.29,78,1.95,16,0.4,0.4,0.5,-3.25,-1.0,0.0,-1.37,78,2.52,16,0.4,0.4,0.5,1004.0,1005.2,1006.43,1005.26,56,1.22,14,0.3,0.4,0.5,,,,,,,,,,,,,,,,,,,,,,,,,,,,,,,,,,,,,,,,,,,,,,,,,,,,,,,,,,,,,,,,,,,,,,,,,,,,,,,,,,,,,,,,,,,,,,,,,,,,,,,,,,,,,,,,,,,,,,,,,,,,,,,,,,,,,,,,,,,,,,,,,,,,,,
1905,6,40.0,18.0,,,,,,,,,,,,,,,,,,,,,,,,,,,,,,,,,,,,,,,,1.0,2.6,4.06,2.4,9,1.56,16,0.4,0.3,0.3,0.1,1.84,3.08,1.75,9,1.61,16,0.4,0.3,0.3,-2.39,-0.93,0.0,-1.15,9,1.18,16,0.4,0.3,0.3,1005.21,1006.3,1006.6,1005.86,7,1.13,16,0.4,0.3,0.3,,,,,,,,,,,,,,,,,,,,,,,,,,,,,,,,,,,,,,,,,,,,,,,,,,,,,,,,,,,,,,,,,,,,,,,,,,,,,,,,,,,,,,,,,,,,,,,,,,,,,,,,,,,,,,,,,,,,,,,,,,,,,,,,,,,,,,,,,,,,,,,,,,,,,,
1905,6,42.0,-34.0,,,,,,,,,,,,,,,,,,,,,,,,,,,,,,,,,,,,,,,,9.3,9.3,9.3,9.3,1,0.0,30,1.0,0.3,0.8,-9.3,-9.3,-9.3,-9.3,1,0.0,30,1.0,0.3,0.8,0.0,0.0,0.0,0.0,1,0.0,30,1.0,0.3,0.8,1028.7,1028.7,1028.7,1028.7,1,0.0,30,1.0,0.3,0.8,,,,,,,,,,,,,,,,,,,,,,,,,,,,,,,,,,,,,,,,,,,,,,,,,,,,,,,,,,,,,,,,,,,,,,,,,,,,,,,,,,,,,,,,,,,,,,,,,,,,,,,,,,,,,,,,,,,,,,,,,,,,,,,,,,,,,,,,,,,,,,,,,,,,,,
1905,6,42.0,12.0,,,,,,,,,,,,,,,,,,,,,,,,,,,,,,,,,,,,,,,,1.0,2.6,4.6,2.84,71,2.2,16,0.4,0.7,0.5,-1.72,0.0,2.33,0.48,71,2.23,16,0.4,0.7,0.5,-2.62,0.0,2.41,-0.51,71,2.76,16,0.4,0.7,0.5,1003.41,1004.4,1005.97,1004.67,52,1.41,14,0.3,0.6,0.5,,,,,,,,,,,,,,,,,,,,,,,,,,,,,,,,,,,,,,,,,,,,,,,,,,,,,,,,,,,,,,,,,,,,,,,,,,,,,,,,,,,,,,,,,,,,,,,,,,,,,,,,,,,,,,,,,,,,,,,,,,,,,,,,,,,,,,,,,,,,,,,,,,,,,,
1905,6,42.0,14.0,,,,,,,,,,,,,,,,,,,,,,,,,,,,,,,,,,,,,,,,0.0,2.6,4.6,2.36,46,1.94,16,0.5,0.3,0.3,0.0,0.35,3.25,0.81,46,2.15,16,0.5,0.3,0.3,-3.16,-0.85,0.0,-1.01,46,1.77,16,0.5,0.3,0.3,1003.68,1005.0,1006.35,1005.09,31,1.34,14,0.6,0.3,0.3,,,,,,,,,,,,,,,,,,,,,,,,,,,,,,,,,,,,,,,,,,,,,,,,,,,,,,,,,,,,,,,,,,,,,,,,,,,,,,,,,,,,,,,,,,,,,,,,,,,,,,,,,,,,,,,,,,,,,,,,,,,,,,,,,,,,,,,,,,,,,,,,,,,,,,
1905,6,44.0,-44.0,,,,,,,,,,,,,,,,,,,,,,,,,,,,,,,,,,,,,,,,5.93,6.7,8.75,7.4,5,2.89,14,0.6,0.6,0.6,1.63,4.61,5.93,3.86,5,2.62,14,0.6,0.6,0.6,-8.42,-1.28,3.77,-2.36,5,6.66,14,0.6,0.6,0.6,1003.5,1003.5,1003.5,1003.5,1,0.0,18,1.0,0.8,0.3,,,,,,,,,,,,,,,,,,,,,,,,,,,,,,,,,,,,,,,,,,,,,,,,,,,,,,,,,,,,,,,,,,,,,,,,,,,,,,,,,,,,,,,,,,,,,,,,,,,,,,,,,,,,,,,,,,,,,,,,,,,,,,,,,,,,,,,,,,,,,,,,,,,,,,
1905,6,44.0,-42.0,,,,,,,,,,,,,,,,,,,,,,,,,,,,,,,,,,,,,,,,15.4,15.4,15.4,15.4,1,0.0,18,1.0,0.3,0.3,10.89,10.89,10.89,10.89,1,0.0,18,1.0,0.3,0.3,-10.89,-10.89,-10.89,-10.89,1,0.0,18,1.0,0.3,0.3,1000.8,1000.8,1000.8,1000.8,1,0.0,18,1.0,0.3,0.3,,,,,,,,,,,,,,,,,,,,,,,,,,,,,,,,,,,,,,,,,,,,,,,,,,,,,,,,,,,,,,,,,,,,,,,,,,,,,,,,,,,,,,,,,,,,,,,,,,,,,,,,,,,,,,,,,,,,,,,,,,,,,,,,,,,,,,,,,,,,,,,,,,,,,,
1905,6,44.0,12.0,,,,,,,,,,,,,,,,,,,,,,,,,,,,,,,,,,,,,,,,1.0,2.6,4.6,3.28,64,2.25,16,0.6,0.5,0.3,-2.39,0.0,3.25,0.14,64,2.65,16,0.6,0.5,0.3,0.0,1.78,4.6,1.84,64,2.34,16,0.6,0.5,0.3,1002.93,1005.05,1006.27,1004.84,46,1.62,16,0.7,0.5,0.3,,,,,,,,,,,,,,,,,,,,,,,,,,,,,,,,,,,,,,,,,,,,,,,,,,,,,,,,,,,,,,,,,,,,,,,,,,,,,,,,,,,,,,,,,,,,,,,,,,,,,,,,,,,,,,,,,,,,,,,,,,,,,,,,,,,,,,,,,,,,,,,,,,,,,,
1905,6,46.0,-42.0,,,,,,,,,,,,,,,,,,,,,,,,,,,,,,,,,,,,,,,,10.25,12.3,14.42,12.33,3,3.05,20,1.0,0.6,0.8,2.76,8.7,10.19,6.53,3,5.76,20,1.0,0.6,0.8,8.89,9.3,10.38,9.63,3,1.13,20,1.0,0.6,0.8,1003.4,1003.4,1003.4,1003.4,1,0.0,20,1.0,0.8,0.8,,,,,,,,,,,,,,,,,,,,,,,,,,,,,,,,,,,,,,,,,,,,,,,,,,,,,,,,,,,,,,,,,,,,,,,,,,,,,,,,,,,,,,,,,,,,,,,,,,,,,,,,,,,,,,,,,,,,,,,,,,,,,,,,,,,,,,,,,,,,,,,,,,,,,,
1905,6,46.0,12.0,,,,,,,,,,,,,,,,,,,,,,,,,,,,,,,,,,,,,,,,1.0,2.6,4.6,2.95,66,2.54,16,0.4,0.5,0.3,-2.22,0.0,4.49,0.75,66,3.13,16,0.4,0.5,0.3,0.0,0.71,2.48,1.08,66,1.93,16,0.4,0.5,0.3,1003.56,1005.0,1006.7,1005.07,49,1.48,14,0.3,0.5,0.3,,,,,,,,,,,,,,,,,,,,,,,,,,,,,,,,,,,,,,,,,,,,,,,,,,,,,,,,,,,,,,,,,,,,,,,,,,,,,,,,,,,,,,,,,,,,,,,,,,,,,,,,,,,,,,,,,,,,,,,,,,,,,,,,,,,,,,,,,,,,,,,,,,,,,,
1905,6,48.0,-44.0,,,,,,,,,,,,,,,,,,,,,,,,,,,,,,,,,,,,,,,,4.89,9.8,13.62,9.27,3,6.42,18,0.7,0.6,0.4,0.83,2.6,2.83,1.85,3,1.61,18,0.7,0.6,0.4,-13.43,-9.8,-3.11,-8.31,3,7.67,18,0.7,0.6,0.4,1007.0,1007.0,1007.0,1007.0,1,0.0,20,1.0,0.8,0.3,,,,,,,,,,,,,,,,,,,,,,,,,,,,,,,,,,,,,,,,,,,,,,,,,,,,,,,,,,,,,,,,,,,,,,,,,,,,,,,,,,,,,,,,,,,,,,,,,,,,,,,,,,,,,,,,,,,,,,,,,,,,,,,,,,,,,,,,,,,,,,,,,,,,,,
1905,6,48.0,12.0,,,,,,,,,,,,,,,,,,,,,,,,,,,,,,,,,,,,,,,,0.0,2.6,4.6,2.66,66,2.49,16,0.6,0.5,0.3,-1.84,0.0,2.55,0.48,66,2.21,16,0.6,0.5,0.3,-1.58,0.0,3.25,0.83,66,2.75,16,0.6,0.5,0.3,1004.6,1005.55,1006.69,1005.57,46,1.22,16,0.6,0.5,0.3,,,,,,,,,,,,,,,,,,,,,,,,,,,,,,,,,,,,,,,,,,,,,,,,,,,,,,,,,,,,,,,,,,,,,,,,,,,,,,,,,,,,,,,,,,,,,,,,,,,,,,,,,,,,,,,,,,,,,,,,,,,,,,,,,,,,,,,,,,,,,,,,,,,,,,
1905,6,50.0,-42.0,,,,,,,,,,,,,,,,,,,,,,,,,,,,,,,,,,,,,,,,11.24,15.4,15.4,13.37,3,3.52,22,0.3,0.6,0.8,0.0,0.0,4.49,2.19,3,3.8,22,0.3,0.6,0.8,9.38,15.4,15.4,12.46,3,5.09,22,0.3,0.6,0.8,1009.7,1009.7,1009.7,1009.7,1,0.0,20,1.0,0.8,0.8,,,,,,,,,,,,,,,,,,,,,,,,,,,,,,,,,,,,,,,,,,,,,,,,,,,,,,,,,,,,,,,,,,,,,,,,,,,,,,,,,,,,,,,,,,,,,,,,,,,,,,,,,,,,,,,,,,,,,,,,,,,,,,,,,,,,,,,,,,,,,,,,,,,,,,
1905,6,50.0,8.0,,,,,,,,,,,,,,,,,,,,,,,,,,,,,,,,,,,,,,,,9.3,12.3,21.23,14.32,16,5.14,14,0.4,0.8,0.5,4.08,7.64,15.01,8.39,16,5.41,14,0.4,0.8,0.5,8.61,11.11,15.01,11.09,16,3.14,14,0.4,0.8,0.5,1008.19,1008.9,1010.99,1009.18,10,1.51,10,0.4,0.8,0.5,,,,,,,,,,,,,,,,,,,,,,,,,,,,,,,,,,,,,,,,,,,,,,,,,,,,,,,,,,,,,,,,,,,,,,,,,,,,,,,,,,,,,,,,,,,,,,,,,,,,,,,,,,,,,,,,,,,,,,,,,,,,,,,,,,,,,,,,,,,,,,,,,,,,,,
1905,6,50.0,10.0,,,,,,,,,,,,,,,,,,,,,,,,,,,,,,,,,,,,,,,,4.6,12.3,15.4,9.93,29,4.92,16,0.6,0.7,0.6,0.0,3.63,6.02,3.07,29,3.25,16,0.6,0.7,0.6,3.7,8.7,14.18,8.81,29,5.08,16,0.6,0.7,0.6,1005.1,1006.0,1007.75,1006.45,23,2.02,16,0.6,0.7,0.6,,,,,,,,,,,,,,,,,,,,,,,,,,,,,,,,,,,,,,,,,,,,,,,,,,,,,,,,,,,,,,,,,,,,,,,,,,,,,,,,,,,,,,,,,,,,,,,,,,,,,,,,,,,,,,,,,,,,,,,,,,,,,,,,,,,,,,,,,,,,,,,,,,,,,,
1905,6,50.0,12.0,,,,,,,,,,,,,,,,,,,,,,,,,,,,,,,,,,,,,,,,1.0,2.6,6.7,3.69,48,2.42,16,0.5,0.4,0.3,-3.25,-0.99,1.82,-0.7,48,2.48,16,0.5,0.4,0.3,-0.53,1.41,5.51,1.88,48,3.08,16,0.5,0.4,0.3,1004.8,1005.9,1007.5,1006.01,35,1.18,14,0.4,0.4,0.3,,,,,,,,,,,,,,,,,,,,,,,,,,,,,,,,,,,,,,,,,,,,,,,,,,,,,,,,,,,,,,,,,,,,,,,,,,,,,,,,,,,,,,,,,,,,,,,,,,,,,,,,,,,,,,,,,,,,,,,,,,,,,,,,,,,,,,,,,,,,,,,,,,,,,,
1905,6,52.0,-44.0,,,,,,,,,,,,,,,,,,,,,,,,,,,,,,,,,,,,,,,,8.27,13.85,15.4,11.93,4,5.1,20,1.0,0.4,0.3,2.34,2.94,5.0,3.64,4,2.23,20,1.0,0.4,0.3,-15.12,-12.66,-2.64,-9.05,4,9.15,20,1.0,0.4,0.3,1010.1,1010.1,1010.1,1010.1,1,0.0,20,1.0,0.3,0.3,,,,,,,,,,,,,,,,,,,,,,,,,,,,,,,,,,,,,,,,,,,,,,,,,,,,,,,,,,,,,,,,,,,,,,,,,,,,,,,,,,,,,,,,,,,,,,,,,,,,,,,,,,,,,,,,,,,,,,,,,,,,,,,,,,,,,,,,,,,,,,,,,,,,,,
1905,6,52.0,4.0,,,,,,,,,,,,,,,,,,,,,,,,,,,,,,,,,,,,,,,,9.3,9.3,9.92,9.8,6,1.22,20,0.3,0.8,0.6,5.94,6.58,7.56,6.85,6,2.52,20,0.3,0.8,0.6,6.21,6.58,7.0,6.62,6,1.21,20,0.3,0.8,0.6,1010.23,1010.5,1010.77,1010.5,3,0.4,10,0.0,0.8,0.6,,,,,,,,,,,,,,,,,,,,,,,,,,,,,,,,,,,,,,,,,,,,,,,,,,,,,,,,,,,,,,,,,,,,,,,,,,,,,,,,,,,,,,,,,,,,,,,,,,,,,,,,,,,,,,,,,,,,,,,,,,,,,,,,,,,,,,,,,,,,,,,,,,,,,,
1905,6,52.0,6.0,,,,,,,,,,,,,,,,,,,,,,,,,,,,,,,,,,,,,,,,12.3,15.4,19.0,14.61,40,3.43,16,0.6,0.5,0.6,8.7,10.89,13.05,10.3,40,2.35,16,0.6,0.5,0.6,8.7,10.89,13.44,10.25,40,2.91,16,0.6,0.5,0.6,1008.57,1010.1,1011.77,1010.31,22,2.29,14,0.7,0.6,0.6,,,,,,,,,,,,,,,,,,,,,,,,,,,,,,,,,,,,,,,,,,,,,,,,,,,,,,,,,,,,,,,,,,,,,,,,,,,,,,,,,,,,,,,,,,,,,,,,,,,,,,,,,,,,,,,,,,,,,,,,,,,,,,,,,,,,,,,,,,,,,,,,,,,,,,
1905,6,52.0,8.0,,,,,,,,,,,,,,,,,,,,,,,,,,,,,,,,,,,,,,,,12.3,15.4,19.0,16.1,33,3.24,16,0.5,0.4,0.5,6.62,8.7,10.89,9.17,33,3.96,16,0.5,0.4,0.5,8.7,10.89,17.49,12.52,33,3.72,16,0.5,0.4,0.5,1006.97,1008.0,1011.13,1009.08,18,2.72,16,0.4,0.4,0.5,,,,,,,,,,,,,,,,,,,,,,,,,,,,,,,,,,,,,,,,,,,,,,,,,,,,,,,,,,,,,,,,,,,,,,,,,,,,,,,,,,,,,,,,,,,,,,,,,,,,,,,,,,,,,,,,,,,,,,,,,,,,,,,,,,,,,,,,,,,,,,,,,,,,,,
1905,6,52.0,10.0,,,,,,,,,,,,,,,,,,,,,,,,,,,,,,,,,,,,,,,,11.54,15.4,19.0,14.81,12,3.78,20,0.4,0.4,0.5,5.69,8.06,10.89,8.11,12,3.65,20,0.4,0.4,0.5,9.15,10.89,15.02,11.92,12,3.66,20,0.4,0.4,0.5,1005.49,1006.9,1007.99,1006.98,9,1.42,20,0.4,0.5,0.6,,,,,,,,,,,,,,,,,,,,,,,,,,,,,,,,,,,,,,,,,,,,,,,,,,,,,,,,,,,,,,,,,,,,,,,,,,,,,,,,,,,,,,,,,,,,,,,,,,,,,,,,,,,,,,,,,,,,,,,,,,,,,,,,,,,,,,,,,,,,,,,,,,,,,,
1905,6,52.0,12.0,,,,,,,,,,,,,,,,,,,,,,,,,,,,,,,,,,,,,,,,9.3,9.8,12.3,11.06,29,3.06,18,0.5,0.5,0.3,0.0,4.81,6.77,3.81,29,3.59,18,0.5,0.5,0.3,6.7,9.3,11.87,9.88,29,2.65,18,0.5,0.5,0.3,1004.7,1005.75,1008.1,1006.23,20,1.67,16,0.5,0.5,0.3,,,,,,,,,,,,,,,,,,,,,,,,,,,,,,,,,,,,,,,,,,,,,,,,,,,,,,,,,,,,,,,,,,,,,,,,,,,,,,,,,,,,,,,,,,,,,,,,,,,,,,,,,,,,,,,,,,,,,,,,,,,,,,,,,,,,,,,,,,,,,,,,,,,,,,
1905,6,54.0,-44.0,,,,,,,,,,,,,,,,,,,,,,,,,,,,,,,,,,,,,,,,7.08,12.6,17.29,12.2,4,6.32,20,0.5,0.6,0.4,-4.6,-0.34,3.1,-0.73,4,4.48,20,0.5,0.6,0.4,2.16,11.62,16.97,9.66,4,9.66,20,0.5,0.6,0.4,1009.0,1009.0,1009.0,1009.0,1,0.0,22,1.0,0.8,0.8,,,,,,,,,,,,,,,,,,,,,,,,,,,,,,,,,,,,,,,,,,,,,,,,,,,,,,,,,,,,,,,,,,,,,,,,,,,,,,,,,,,,,,,,,,,,,,,,,,,,,,,,,,,,,,,,,,,,,,,,,,,,,,,,,,,,,,,,,,,,,,,,,,,,,,
1905,6,54.0,-42.0,,,,,,,,,,,,,,,,,,,,,,,,,,,,,,,,,,,,,,,,10.25,12.3,12.3,11.3,3,1.73,22,0.3,0.4,0.8,0.0,0.0,4.49,2.19,3,3.8,22,0.3,0.4,0.8,-0.58,12.3,12.3,6.01,3,10.9,22,0.3,0.4,0.8,1008.2,1008.2,1008.2,1008.2,1,0.0,22,1.0,0.3,0.8,,,,,,,,,,,,,,,,,,,,,,,,,,,,,,,,,,,,,,,,,,,,,,,,,,,,,,,,,,,,,,,,,,,,,,,,,,,,,,,,,,,,,,,,,,,,,,,,,,,,,,,,,,,,,,,,,,,,,,,,,,,,,,,,,,,,,,,,,,,,,,,,,,,,,,
1905,6,54.0,2.0,,,,,,,,,,,,,,,,,,,,,,,,,,,,,,,,,,,,,,,,6.6,6.7,6.7,6.4,7,0.79,18,0.4,0.7,0.6,2.39,4.74,4.74,3.53,7,1.8,18,0.4,0.7,0.6,4.67,4.74,6.24,5.02,7,1.13,18,0.4,0.7,0.6,1010.88,1011.55,1011.85,1011.38,4,0.64,10,0.8,0.8,0.6,,,,,,,,,,,,,,,,,,,,,,,,,,,,,,,,,,,,,,,,,,,,,,,,,,,,,,,,,,,,,,,,,,,,,,,,,,,,,,,,,,,,,,,,,,,,,,,,,,,,,,,,,,,,,,,,,,,,,,,,,,,,,,,,,,,,,,,,,,,,,,,,,,,,,,
1905,6,54.0,4.0,,,,,,,,,,,,,,,,,,,,,,,,,,,,,,,,,,,,,,,,7.98,9.3,12.3,10.32,23,2.93,16,0.7,0.5,0.6,6.39,6.58,8.7,7.35,23,2.36,16,0.7,0.5,0.6,5.44,6.58,8.7,7.06,23,2.4,16,0.7,0.5,0.6,1009.3,1010.95,1011.95,1010.94,16,1.69,10,0.7,0.5,0.5,,,,,,,,,,,,,,,,,,,,,,,,,,,,,,,,,,,,,,,,,,,,,,,,,,,,,,,,,,,,,,,,,,,,,,,,,,,,,,,,,,,,,,,,,,,,,,,,,,,,,,,,,,,,,,,,,,,,,,,,,,,,,,,,,,,,,,,,,,,,,,,,,,,,,,
1905,6,54.0,6.0,,,,,,,,,,,,,,,,,,,,,,,,,,,,,,,,,,,,,,,,9.3,12.3,15.4,12.25,19,3.42,16,0.4,0.3,0.3,6.58,8.7,10.89,9.02,19,2.52,16,0.4,0.3,0.3,5.83,8.7,10.89,8.13,19,2.85,16,0.4,0.3,0.3,1010.0,1010.7,1011.58,1011.02,14,1.59,14,0.4,0.3,0.3,,,,,,,,,,,,,,,,,,,,,,,,,,,,,,,,,,,,,,,,,,,,,,,,,,,,,,,,,,,,,,,,,,,,,,,,,,,,,,,,,,,,,,,,,,,,,,,,,,,,,,,,,,,,,,,,,,,,,,,,,,,,,,,,,,,,,,,,,,,,,,,,,,,,,,
1905,6,54.0,10.0,,,,,,,,,,,,,,,,,,,,,,,,,,,,,,,,,,,,,,,,12.3,15.4,15.4,14.69,8,2.32,20,0.4,0.5,0.4,8.7,10.89,10.89,9.97,8,1.47,20,0.4,0.5,0.4,8.7,10.89,10.89,10.38,8,3.6,20,0.4,0.5,0.4,1006.16,1007.95,1008.56,1007.51,8,1.44,20,0.4,0.5,0.4,,,,,,,,,,,,,,,,,,,,,,,,,,,,,,,,,,,,,,,,,,,,,,,,,,,,,,,,,,,,,,,,,,,,,,,,,,,,,,,,,,,,,,,,,,,,,,,,,,,,,,,,,,,,,,,,,,,,,,,,,,,,,,,,,,,,,,,,,,,,,,,,,,,,,,
1905,6,54.0,12.0,,,,,,,,,,,,,,,,,,,,,,,,,,,,,,,,,,,,,,,,9.3,13.85,15.4,12.69,30,4.67,16,0.6,0.5,0.3,3.48,8.06,10.89,7.37,30,4.09,16,0.6,0.5,0.3,7.77,10.89,13.73,9.92,30,3.7,16,0.6,0.5,0.3,1005.12,1006.8,1008.31,1006.78,21,1.59,16,0.6,0.5,0.3,,,,,,,,,,,,,,,,,,,,,,,,,,,,,,,,,,,,,,,,,,,,,,,,,,,,,,,,,,,,,,,,,,,,,,,,,,,,,,,,,,,,,,,,,,,,,,,,,,,,,,,,,,,,,,,,,,,,,,,,,,,,,,,,,,,,,,,,,,,,,,,,,,,,,,
1905,6,56.0,0.0,,,,,,,,,,,,,,,,,,,,,,,,,,,,,,,,,,,,,,,,3.55,5.65,6.7,5.15,4,1.97,24,0.5,0.6,0.8,0.0,0.0,0.0,0.0,4,0.0,24,0.5,0.6,0.8,3.55,5.65,6.7,5.15,4,1.97,24,0.5,0.6,0.8,1010.5,1010.5,1010.5,1010.5,1,0.0,8,0.0,0.8,0.8,,,,,,,,,,,,,,,,,,,,,,,,,,,,,,,,,,,,,,,,,,,,,,,,,,,,,,,,,,,,,,,,,,,,,,,,,,,,,,,,,,,,,,,,,,,,,,,,,,,,,,,,,,,,,,,,,,,,,,,,,,,,,,,,,,,,,,,,,,,,,,,,,,,,,,
1905,6,56.0,2.0,,,,,,,,,,,,,,,,,,,,,,,,,,,,,,,,,,,,,,,,4.6,6.7,9.59,6.96,13,2.87,14,0.4,0.6,0.5,2.35,3.25,6.45,4.05,13,2.56,14,0.4,0.6,0.5,3.18,4.74,8.57,5.28,13,2.48,14,0.4,0.6,0.5,1010.24,1011.1,1011.61,1011.31,10,1.47,10,0.2,0.6,0.5,,,,,,,,,,,,,,,,,,,,,,,,,,,,,,,,,,,,,,,,,,,,,,,,,,,,,,,,,,,,,,,,,,,,,,,,,,,,,,,,,,,,,,,,,,,,,,,,,,,,,,,,,,,,,,,,,,,,,,,,,,,,,,,,,,,,,,,,,,,,,,,,,,,,,,
1905,6,56.0,4.0,,,,,,,,,,,,,,,,,,,,,,,,,,,,,,,,,,,,,,,,6.3,9.3,12.3,9.69,25,3.11,16,0.5,0.4,0.4,3.25,6.58,8.7,6.1,25,2.88,16,0.5,0.4,0.4,3.48,6.58,10.97,6.99,25,3.08,16,0.5,0.4,0.4,1009.72,1011.0,1012.68,1011.11,17,1.7,14,0.4,0.4,0.4,,,,,,,,,,,,,,,,,,,,,,,,,,,,,,,,,,,,,,,,,,,,,,,,,,,,,,,,,,,,,,,,,,,,,,,,,,,,,,,,,,,,,,,,,,,,,,,,,,,,,,,,,,,,,,,,,,,,,,,,,,,,,,,,,,,,,,,,,,,,,,,,,,,,,,
1905,6,56.0,8.0,,,,,,,,,,,,,,,,,,,,,,,,,,,,,,,,,,,,,,,,12.3,15.4,15.4,14.42,9,2.31,24,0.7,0.5,0.6,8.7,10.89,12.75,10.57,9,2.13,24,0.7,0.5,0.6,8.7,8.7,10.89,9.63,9,2.17,24,0.7,0.5,0.6,1006.95,1007.05,1007.52,1007.23,4,0.46,26,0.8,0.5,0.8,,,,,,,,,,,,,,,,,,,,,,,,,,,,,,,,,,,,,,,,,,,,,,,,,,,,,,,,,,,,,,,,,,,,,,,,,,,,,,,,,,,,,,,,,,,,,,,,,,,,,,,,,,,,,,,,,,,,,,,,,,,,,,,,,,,,,,,,,,,,,,,,,,,,,,
1905,6,56.0,10.0,,,,,,,,,,,,,,,,,,,,,,,,,,,,,,,,,,,,,,,,10.08,15.4,18.6,14.45,8,3.72,18,0.5,0.6,0.5,7.37,10.89,13.21,10.56,8,2.58,18,0.5,0.6,0.5,6.62,10.89,13.15,9.71,8,3.28,18,0.5,0.6,0.5,1007.57,1007.8,1009.01,1008.06,7,0.83,18,0.6,0.5,0.5,,,,,,,,,,,,,,,,,,,,,,,,,,,,,,,,,,,,,,,,,,,,,,,,,,,,,,,,,,,,,,,,,,,,,,,,,,,,,,,,,,,,,,,,,,,,,,,,,,,,,,,,,,,,,,,,,,,,,,,,,,,,,,,,,,,,,,,,,,,,,,,,,,,,,,
1905,6,56.0,12.0,,,,,,,,,,,,,,,,,,,,,,,,,,,,,,,,,,,,,,,,9.8,15.4,17.97,13.72,28,3.67,18,0.4,0.5,0.3,6.68,10.89,12.86,9.9,28,3.4,18,0.4,0.5,0.3,6.68,8.7,10.89,9.18,28,2.88,18,0.4,0.5,0.3,1005.47,1007.7,1008.84,1007.57,19,1.98,18,0.4,0.5,0.3,,,,,,,,,,,,,,,,,,,,,,,,,,,,,,,,,,,,,,,,,,,,,,,,,,,,,,,,,,,,,,,,,,,,,,,,,,,,,,,,,,,,,,,,,,,,,,,,,,,,,,,,,,,,,,,,,,,,,,,,,,,,,,,,,,,,,,,,,,,,,,,,,,,,,,
1905,6,58.0,-42.0,,,,,,,,,,,,,,,,,,,,,,,,,,,,,,,,,,,,,,,,9.3,9.3,9.3,9.3,4,0.0,22,0.8,0.5,0.8,-1.9,0.0,4.52,1.25,4,5.21,22,0.8,0.5,0.8,5.9,8.93,9.3,7.66,4,2.81,22,0.8,0.5,0.8,1011.4,1011.4,1011.4,1011.4,1,0.0,22,1.0,0.8,0.8,,,,,,,,,,,,,,,,,,,,,,,,,,,,,,,,,,,,,,,,,,,,,,,,,,,,,,,,,,,,,,,,,,,,,,,,,,,,,,,,,,,,,,,,,,,,,,,,,,,,,,,,,,,,,,,,,,,,,,,,,,,,,,,,,,,,,,,,,,,,,,,,,,,,,,
1905,6,58.0,-6.0,,,,,,,,,,,,,,,,,,,,,,,,,,,,,,,,,,,,,,,,5.27,6.7,6.7,6.0,3,1.21,30,0.3,0.6,0.3,-4.74,-4.74,-3.72,-4.24,3,0.86,30,0.3,0.6,0.3,3.72,4.74,4.74,4.24,3,0.86,30,0.3,0.6,0.3,1010.63,1012.0,1012.55,1011.6,3,1.44,30,0.3,0.6,0.3,,,,,,,,,,,,,,,,,,,,,,,,,,,,,,,,,,,,,,,,,,,,,,,,,,,,,,,,,,,,,,,,,,,,,,,,,,,,,,,,,,,,,,,,,,,,,,,,,,,,,,,,,,,,,,,,,,,,,,,,,,,,,,,,,,,,,,,,,,,,,,,,,,,,,,
1905,6,58.0,0.0,,,,,,,,,,,,,,,,,,,,,,,,,,,,,,,,,,,,,,,,4.6,6.7,6.7,6.13,13,1.51,12,0.6,0.6,0.7,0.0,1.8,3.25,1.66,13,1.72,12,0.6,0.6,0.7,3.25,6.17,6.7,5.56,13,1.9,12,0.6,0.6,0.7,1009.34,1010.8,1011.27,1010.46,10,0.89,8,0.7,0.6,0.6,,,,,,,,,,,,,,,,,,,,,,,,,,,,,,,,,,,,,,,,,,,,,,,,,,,,,,,,,,,,,,,,,,,,,,,,,,,,,,,,,,,,,,,,,,,,,,,,,,,,,,,,,,,,,,,,,,,,,,,,,,,,,,,,,,,,,,,,,,,,,,,,,,,,,,
1905,6,58.0,2.0,,,,,,,,,,,,,,,,,,,,,,,,,,,,,,,,,,,,,,,,6.07,6.7,9.3,7.69,18,2.33,16,0.5,0.5,0.5,1.25,3.56,6.7,4.01,18,2.71,16,0.5,0.5,0.5,1.75,6.17,8.65,5.48,18,3.46,16,0.5,0.5,0.5,1010.5,1011.35,1013.09,1011.69,14,1.36,14,0.6,0.5,0.5,,,,,,,,,,,,,,,,,,,,,,,,,,,,,,,,,,,,,,,,,,,,,,,,,,,,,,,,,,,,,,,,,,,,,,,,,,,,,,,,,,,,,,,,,,,,,,,,,,,,,,,,,,,,,,,,,,,,,,,,,,,,,,,,,,,,,,,,,,,,,,,,,,,,,,
1905,6,58.0,4.0,,,,,,,,,,,,,,,,,,,,,,,,,,,,,,,,,,,,,,,,9.3,9.3,9.3,9.3,3,0.0,20,0.7,0.4,0.3,4.47,6.58,6.58,5.55,3,1.79,20,0.7,0.4,0.3,6.58,6.58,7.97,7.26,3,1.18,20,0.7,0.4,0.3,1010.18,1011.0,1011.27,1010.73,3,0.83,18,0.7,0.4,0.3,,,,,,,,,,,,,,,,,,,,,,,,,,,,,,,,,,,,,,,,,,,,,,,,,,,,,,,,,,,,,,,,,,,,,,,,,,,,,,,,,,,,,,,,,,,,,,,,,,,,,,,,,,,,,,,,,,,,,,,,,,,,,,,,,,,,,,,,,,,,,,,,,,,,,,
1905,6,58.0,8.0,,,,,,,,,,,,,,,,,,,,,,,,,,,,,,,,,,,,,,,,12.64,15.4,15.4,15.08,8,2.12,24,0.4,0.6,0.6,10.89,11.4,15.28,12.83,8,2.56,24,0.4,0.6,0.6,4.61,6.6,10.89,6.88,8,3.92,24,0.4,0.6,0.6,1008.84,1009.65,1010.67,1009.75,4,1.08,22,0.3,0.6,0.8,,,,,,,,,,,,,,,,,,,,,,,,,,,,,,,,,,,,,,,,,,,,,,,,,,,,,,,,,,,,,,,,,,,,,,,,,,,,,,,,,,,,,,,,,,,,,,,,,,,,,,,,,,,,,,,,,,,,,,,,,,,,,,,,,,,,,,,,,,,,,,,,,,,,,,
1905,6,58.0,10.0,,,,,,,,,,,,,,,,,,,,,,,,,,,,,,,,,,,,,,,,9.78,12.3,15.52,13.43,26,3.46,18,0.5,0.6,0.7,8.62,10.89,13.46,10.72,26,2.7,18,0.5,0.6,0.7,3.67,7.91,10.89,7.66,26,3.46,18,0.5,0.6,0.7,1005.82,1008.1,1010.8,1008.45,21,2.28,18,0.5,0.5,0.6,,,,,,,,,,,,,,,,,,,,,,,,,,,,,,,,,,,,,,,,,,,,,,,,,,,,,,,,,,,,,,,,,,,,,,,,,,,,,,,,,,,,,,,,,,,,,,,,,,,,,,,,,,,,,,,,,,,,,,,,,,,,,,,,,,,,,,,,,,,,,,,,,,,,,,
1905,6,58.0,12.0,,,,,,,,,,,,,,,,,,,,,,,,,,,,,,,,,,,,,,,,12.3,15.4,15.4,14.24,8,1.6,20,0.5,0.4,0.3,8.7,10.89,10.89,10.07,8,1.13,20,0.5,0.4,0.3,8.7,10.89,10.89,10.07,8,1.13,20,0.5,0.4,0.3,1006.43,1007.15,1007.87,1007.15,2,1.48,24,0.0,0.3,0.3,,,,,,,,,,,,,,,,,,,,,,,,,,,,,,,,,,,,,,,,,,,,,,,,,,,,,,,,,,,,,,,,,,,,,,,,,,,,,,,,,,,,,,,,,,,,,,,,,,,,,,,,,,,,,,,,,,,,,,,,,,,,,,,,,,,,,,,,,,,,,,,,,,,,,,
1905,6,60.0,-44.0,,,,,,,,,,,,,,,,,,,,,,,,,,,,,,,,,,,,,,,,6.25,9.8,11.51,8.9,3,3.93,22,0.3,0.4,0.8,-0.57,3.25,3.65,1.58,3,3.41,22,0.3,0.4,0.8,5.08,9.02,11.1,8.12,3,4.48,22,0.3,0.4,0.8,1009.9,1009.9,1009.9,1009.9,1,0.0,22,1.0,0.3,0.8,,,,,,,,,,,,,,,,,,,,,,,,,,,,,,,,,,,,,,,,,,,,,,,,,,,,,,,,,,,,,,,,,,,,,,,,,,,,,,,,,,,,,,,,,,,,,,,,,,,,,,,,,,,,,,,,,,,,,,,,,,,,,,,,,,,,,,,,,,,,,,,,,,,,,,
1905,6,60.0,-6.0,,,,,,,,,,,,,,,,,,,,,,,,,,,,,,,,,,,,,,,,5.6,6.7,6.7,6.18,4,1.05,30,0.5,0.5,0.3,-5.49,-4.74,-4.47,-4.97,4,0.83,30,0.5,0.5,0.3,2.19,3.68,4.74,3.47,4,1.5,30,0.5,0.5,0.3,1011.02,1011.85,1012.31,1011.68,4,0.87,30,0.5,0.5,0.3,,,,,,,,,,,,,,,,,,,,,,,,,,,,,,,,,,,,,,,,,,,,,,,,,,,,,,,,,,,,,,,,,,,,,,,,,,,,,,,,,,,,,,,,,,,,,,,,,,,,,,,,,,,,,,,,,,,,,,,,,,,,,,,,,,,,,,,,,,,,,,,,,,,,,,
1905,6,60.0,-2.0,,,,,,,,,,,,,,,,,,,,,,,,,,,,,,,,,,,,,,,,4.5,4.6,4.7,4.61,7,1.18,14,0.9,0.6,0.8,-1.8,0.0,1.91,-0.03,7,1.97,14,0.9,0.6,0.8,3.19,4.23,4.7,4.16,7,1.47,14,0.9,0.6,0.8,1009.22,1010.3,1011.11,1010.18,4,1.18,6,1.0,0.8,0.8,,,,,,,,,,,,,,,,,,,,,,,,,,,,,,,,,,,,,,,,,,,,,,,,,,,,,,,,,,,,,,,,,,,,,,,,,,,,,,,,,,,,,,,,,,,,,,,,,,,,,,,,,,,,,,,,,,,,,,,,,,,,,,,,,,,,,,,,,,,,,,,,,,,,,,
1905,6,60.0,0.0,,,,,,,,,,,,,,,,,,,,,,,,,,,,,,,,,,,,,,,,4.6,6.7,9.3,6.24,18,2.59,16,0.6,0.4,0.6,1.25,3.37,4.74,3.07,18,1.93,16,0.6,0.4,0.6,2.38,4.74,8.56,5.06,18,2.65,16,0.6,0.4,0.6,1009.67,1011.0,1013.0,1011.12,12,1.45,12,0.5,0.5,0.5,,,,,,,,,,,,,,,,,,,,,,,,,,,,,,,,,,,,,,,,,,,,,,,,,,,,,,,,,,,,,,,,,,,,,,,,,,,,,,,,,,,,,,,,,,,,,,,,,,,,,,,,,,,,,,,,,,,,,,,,,,,,,,,,,,,,,,,,,,,,,,,,,,,,,,
1905,6,60.0,2.0,,,,,,,,,,,,,,,,,,,,,,,,,,,,,,,,,,,,,,,,1.0,6.7,6.7,5.23,12,3.36,16,0.5,0.5,0.4,0.0,0.37,2.62,1.3,12,1.49,16,0.5,0.5,0.4,0.93,6.17,6.7,4.7,12,3.59,16,0.5,0.5,0.4,1010.0,1010.5,1011.73,1010.64,10,0.98,14,0.4,0.5,0.4,,,,,,,,,,,,,,,,,,,,,,,,,,,,,,,,,,,,,,,,,,,,,,,,,,,,,,,,,,,,,,,,,,,,,,,,,,,,,,,,,,,,,,,,,,,,,,,,,,,,,,,,,,,,,,,,,,,,,,,,,,,,,,,,,,,,,,,,,,,,,,,,,,,,,,
1905,6,60.0,8.0,,,,,,,,,,,,,,,,,,,,,,,,,,,,,,,,,,,,,,,,6.7,15.4,15.4,12.47,7,4.1,24,0.7,0.5,0.6,6.21,11.4,14.28,11.08,7,3.61,24,0.7,0.5,0.6,2.51,5.77,6.01,5.4,7,2.82,24,0.7,0.5,0.6,1008.83,1010.05,1010.62,1009.82,6,1.05,22,0.7,0.6,0.7,,,,,,,,,,,,,,,,,,,,,,,,,,,,,,,,,,,,,,,,,,,,,,,,,,,,,,,,,,,,,,,,,,,,,,,,,,,,,,,,,,,,,,,,,,,,,,,,,,,,,,,,,,,,,,,,,,,,,,,,,,,,,,,,,,,,,,,,,,,,,,,,,,,,,,
1905,6,60.0,10.0,,,,,,,,,,,,,,,,,,,,,,,,,,,,,,,,,,,,,,,,6.7,12.3,19.0,11.66,38,4.55,18,0.5,0.5,0.7,4.74,8.7,13.44,9.0,38,3.71,18,0.5,0.5,0.7,3.45,6.58,11.22,6.77,38,4.02,18,0.5,0.5,0.7,1007.0,1009.0,1011.6,1008.93,21,2.21,18,0.5,0.5,0.7,,,,,,,,,,,,,,,,,,,,,,,,,,,,,,,,,,,,,,,,,,,,,,,,,,,,,,,,,,,,,,,,,,,,,,,,,,,,,,,,,,,,,,,,,,,,,,,,,,,,,,,,,,,,,,,,,,,,,,,,,,,,,,,,,,,,,,,,,,,,,,,,,,,,,,
1905,6,62.0,-40.0,,,,,,,,,,,,,,,,,,,,,,,,,,,,,,,,,,,,,,,,6.7,6.7,6.7,6.7,1,0.0,24,1.0,0.8,0.3,2.62,2.62,2.62,2.62,1,0.0,24,1.0,0.8,0.3,6.17,6.17,6.17,6.17,1,0.0,24,1.0,0.8,0.3,1014.7,1014.7,1014.7,1014.7,1,0.0,24,1.0,0.8,0.3,,,,,,,,,,,,,,,,,,,,,,,,,,,,,,,,,,,,,,,,,,,,,,,,,,,,,,,,,,,,,,,,,,,,,,,,,,,,,,,,,,,,,,,,,,,,,,,,,,,,,,,,,,,,,,,,,,,,,,,,,,,,,,,,,,,,,,,,,,,,,,,,,,,,,,
1905,6,62.0,-6.0,,,,,,,,,,,,,,,,,,,,,,,,,,,,,,,,,,,,,,,,6.7,6.7,6.7,6.7,2,0.0,30,0.5,0.3,0.3,-4.74,-4.74,-4.74,-4.74,2,0.0,30,0.5,0.3,0.3,4.74,4.74,4.74,4.74,2,0.0,30,0.5,0.3,0.3,1010.4,1010.4,1010.4,1010.4,2,0.0,30,0.5,0.3,0.3,,,,,,,,,,,,,,,,,,,,,,,,,,,,,,,,,,,,,,,,,,,,,,,,,,,,,,,,,,,,,,,,,,,,,,,,,,,,,,,,,,,,,,,,,,,,,,,,,,,,,,,,,,,,,,,,,,,,,,,,,,,,,,,,,,,,,,,,,,,,,,,,,,,,,,
1905,6,62.0,-2.0,,,,,,,,,,,,,,,,,,,,,,,,,,,,,,,,,,,,,,,,0.43,1.8,5.8,2.62,10,2.56,6,0.5,0.5,0.6,-0.71,0.0,1.82,0.49,10,1.25,6,0.5,0.5,0.6,0.0,1.27,5.34,2.27,10,2.57,6,0.5,0.5,0.6,1009.5,1010.5,1011.66,1010.64,10,1.16,6,0.5,0.5,0.6,,,,,,,,,,,,,,,,,,,,,,,,,,,,,,,,,,,,,,,,,,,,,,,,,,,,,,,,,,,,,,,,,,,,,,,,,,,,,,,,,,,,,,,,,,,,,,,,,,,,,,,,,,,,,,,,,,,,,,,,,,,,,,,,,,,,,,,,,,,,,,,,,,,,,,
1905,6,62.0,0.0,,,,,,,,,,,,,,,,,,,,,,,,,,,,,,,,,,,,,,,,2.6,4.6,6.7,4.79,22,2.12,20,0.4,0.5,0.5,-1.2,2.39,4.25,1.75,22,2.6,20,0.4,0.5,0.5,1.25,3.25,5.96,3.64,22,2.16,20,0.4,0.5,0.5,1010.54,1011.05,1011.74,1011.19,8,1.52,12,0.5,0.5,0.6,,,,,,,,,,,,,,,,,,,,,,,,,,,,,,,,,,,,,,,,,,,,,,,,,,,,,,,,,,,,,,,,,,,,,,,,,,,,,,,,,,,,,,,,,,,,,,,,,,,,,,,,,,,,,,,,,,,,,,,,,,,,,,,,,,,,,,,,,,,,,,,,,,,,,,
1905,6,62.0,2.0,,,,,,,,,,,,,,,,,,,,,,,,,,,,,,,,,,,,,,,,2.6,4.6,8.6,5.44,9,2.71,16,0.4,0.5,0.3,0.48,2.51,2.6,2.07,9,1.45,16,0.4,0.5,0.3,0.0,4.23,8.47,4.22,9,3.7,16,0.4,0.5,0.3,1009.03,1011.0,1012.09,1010.74,8,1.45,16,0.5,0.5,0.3,,,,,,,,,,,,,,,,,,,,,,,,,,,,,,,,,,,,,,,,,,,,,,,,,,,,,,,,,,,,,,,,,,,,,,,,,,,,,,,,,,,,,,,,,,,,,,,,,,,,,,,,,,,,,,,,,,,,,,,,,,,,,,,,,,,,,,,,,,,,,,,,,,,,,,
1905,6,62.0,8.0,,,,,,,,,,,,,,,,,,,,,,,,,,,,,,,,,,,,,,,,9.18,12.3,15.4,11.96,7,3.13,24,0.4,0.5,0.6,8.51,11.4,14.28,11.09,7,2.9,24,0.4,0.5,0.6,3.44,4.61,5.77,4.48,7,1.17,24,0.4,0.5,0.6,1007.63,1010.0,1011.04,1009.34,7,1.98,24,0.4,0.5,0.6,,,,,,,,,,,,,,,,,,,,,,,,,,,,,,,,,,,,,,,,,,,,,,,,,,,,,,,,,,,,,,,,,,,,,,,,,,,,,,,,,,,,,,,,,,,,,,,,,,,,,,,,,,,,,,,,,,,,,,,,,,,,,,,,,,,,,,,,,,,,,,,,,,,,,,
1905,6,62.0,10.0,,,,,,,,,,,,,,,,,,,,,,,,,,,,,,,,,,,,,,,,8.43,12.3,16.6,11.64,43,4.26,20,0.6,0.5,0.4,6.58,8.7,13.44,9.26,43,3.18,20,0.6,0.5,0.4,3.04,6.58,11.74,6.49,43,4.01,20,0.6,0.5,0.4,1006.11,1008.25,1010.49,1008.45,20,2.23,18,0.6,0.5,0.3,,,,,,,,,,,,,,,,,,,,,,,,,,,,,,,,,,,,,,,,,,,,,,,,,,,,,,,,,,,,,,,,,,,,,,,,,,,,,,,,,,,,,,,,,,,,,,,,,,,,,,,,,,,,,,,,,,,,,,,,,,,,,,,,,,,,,,,,,,,,,,,,,,,,,,
1905,6,64.0,-44.0,,,,,,,,,,,,,,,,,,,,,,,,,,,,,,,,,,,,,,,,4.6,4.6,4.6,4.6,1,0.0,24,1.0,0.3,0.8,3.25,3.25,3.25,3.25,1,0.0,24,1.0,0.3,0.8,-3.25,-3.25,-3.25,-3.25,1,0.0,24,1.0,0.3,0.8,1016.6,1016.6,1016.6,1016.6,1,0.0,24,1.0,0.3,0.8,,,,,,,,,,,,,,,,,,,,,,,,,,,,,,,,,,,,,,,,,,,,,,,,,,,,,,,,,,,,,,,,,,,,,,,,,,,,,,,,,,,,,,,,,,,,,,,,,,,,,,,,,,,,,,,,,,,,,,,,,,,,,,,,,,,,,,,,,,,,,,,,,,,,,,
1905,6,64.0,-42.0,,,,,,,,,,,,,,,,,,,,,,,,,,,,,,,,,,,,,,,,5.93,6.7,12.3,8.52,5,3.56,22,0.4,0.6,0.5,-6.23,-4.23,1.73,-2.6,5,5.13,22,0.4,0.6,0.5,-5.45,1.8,9.66,2.08,5,7.95,22,0.4,0.6,0.5,1009.3,1009.3,1009.3,1009.3,1,0.0,24,1.0,0.8,0.3,,,,,,,,,,,,,,,,,,,,,,,,,,,,,,,,,,,,,,,,,,,,,,,,,,,,,,,,,,,,,,,,,,,,,,,,,,,,,,,,,,,,,,,,,,,,,,,,,,,,,,,,,,,,,,,,,,,,,,,,,,,,,,,,,,,,,,,,,,,,,,,,,,,,,,
1905,6,64.0,-40.0,,,,,,,,,,,,,,,,,,,,,,,,,,,,,,,,,,,,,,,,15.4,15.4,15.4,15.4,1,0.0,24,1.0,0.8,0.3,-14.18,-14.18,-14.18,-14.18,1,0.0,24,1.0,0.8,0.3,6.02,6.02,6.02,6.02,1,0.0,24,1.0,0.8,0.3,1003.5,1003.5,1003.5,1003.5,1,0.0,24,1.0,0.8,0.3,,,,,,,,,,,,,,,,,,,,,,,,,,,,,,,,,,,,,,,,,,,,,,,,,,,,,,,,,,,,,,,,,,,,,,,,,,,,,,,,,,,,,,,,,,,,,,,,,,,,,,,,,,,,,,,,,,,,,,,,,,,,,,,,,,,,,,,,,,,,,,,,,,,,,,
1905,6,64.0,-4.0,,,,,,,,,,,,,,,,,,,,,,,,,,,,,,,,,,,,,,,,2.92,3.6,4.28,3.6,2,1.41,4,0.5,0.5,0.8,-3.03,-2.55,-2.06,-2.55,2,1.0,4,0.5,0.5,0.8,2.06,2.55,3.03,2.55,2,1.0,4,0.5,0.5,0.8,1010.71,1010.95,1011.19,1010.95,2,0.49,4,0.5,0.5,0.8,,,,,,,,,,,,,,,,,,,,,,,,,,,,,,,,,,,,,,,,,,,,,,,,,,,,,,,,,,,,,,,,,,,,,,,,,,,,,,,,,,,,,,,,,,,,,,,,,,,,,,,,,,,,,,,,,,,,,,,,,,,,,,,,,,,,,,,,,,,,,,,,,,,,,,
1905,6,64.0,-2.0,,,,,,,,,,,,,,,,,,,,,,,,,,,,,,,,,,,,,,,,2.6,4.6,4.6,3.88,11,1.37,14,0.5,0.5,0.5,-0.42,0.0,0.42,-0.07,11,0.8,14,0.5,0.5,0.5,0.09,4.6,4.6,2.85,11,2.98,14,0.5,0.5,0.5,1009.99,1011.4,1012.7,1011.33,9,1.67,12,0.6,0.4,0.4,,,,,,,,,,,,,,,,,,,,,,,,,,,,,,,,,,,,,,,,,,,,,,,,,,,,,,,,,,,,,,,,,,,,,,,,,,,,,,,,,,,,,,,,,,,,,,,,,,,,,,,,,,,,,,,,,,,,,,,,,,,,,,,,,,,,,,,,,,,,,,,,,,,,,,
1905,6,64.0,0.0,,,,,,,,,,,,,,,,,,,,,,,,,,,,,,,,,,,,,,,,2.6,4.6,6.67,4.04,20,2.58,18,0.8,0.5,0.5,0.01,2.12,4.22,2.27,20,1.82,18,0.8,0.5,0.5,1.02,2.41,4.6,2.97,20,2.41,18,0.8,0.5,0.5,1009.86,1010.6,1011.42,1010.5,7,0.91,6,0.4,0.5,0.3,,,,,,,,,,,,,,,,,,,,,,,,,,,,,,,,,,,,,,,,,,,,,,,,,,,,,,,,,,,,,,,,,,,,,,,,,,,,,,,,,,,,,,,,,,,,,,,,,,,,,,,,,,,,,,,,,,,,,,,,,,,,,,,,,,,,,,,,,,,,,,,,,,,,,,
1905,6,64.0,2.0,,,,,,,,,,,,,,,,,,,,,,,,,,,,,,,,,,,,,,,,4.6,6.7,6.82,6.17,7,1.73,16,0.3,0.5,0.3,0.0,2.62,4.25,2.1,7,2.07,16,0.3,0.5,0.3,1.71,6.17,6.82,4.85,7,3.26,16,0.3,0.5,0.3,1009.95,1011.0,1012.0,1010.91,7,1.1,16,0.3,0.5,0.3,,,,,,,,,,,,,,,,,,,,,,,,,,,,,,,,,,,,,,,,,,,,,,,,,,,,,,,,,,,,,,,,,,,,,,,,,,,,,,,,,,,,,,,,,,,,,,,,,,,,,,,,,,,,,,,,,,,,,,,,,,,,,,,,,,,,,,,,,,,,,,,,,,,,,,
1905,6,64.0,8.0,,,,,,,,,,,,,,,,,,,,,,,,,,,,,,,,,,,,,,,,6.4,9.3,12.3,9.33,19,3.47,18,0.4,0.5,0.7,5.89,8.62,11.4,8.57,19,3.22,18,0.4,0.5,0.7,1.8,3.48,4.81,3.48,19,1.81,18,0.4,0.5,0.7,1007.0,1009.25,1010.3,1008.75,14,1.74,20,0.5,0.5,0.6,,,,,,,,,,,,,,,,,,,,,,,,,,,,,,,,,,,,,,,,,,,,,,,,,,,,,,,,,,,,,,,,,,,,,,,,,,,,,,,,,,,,,,,,,,,,,,,,,,,,,,,,,,,,,,,,,,,,,,,,,,,,,,,,,,,,,,,,,,,,,,,,,,,,,,
1905,6,64.0,10.0,,,,,,,,,,,,,,,,,,,,,,,,,,,,,,,,,,,,,,,,5.43,9.3,15.4,9.77,35,3.97,20,0.4,0.4,0.3,4.45,8.62,10.89,7.94,35,3.1,20,0.4,0.4,0.3,1.27,4.81,10.02,5.1,35,3.58,20,0.4,0.4,0.3,1007.4,1009.65,1011.0,1009.43,20,2.11,16,0.5,0.5,0.3,,,,,,,,,,,,,,,,,,,,,,,,,,,,,,,,,,,,,,,,,,,,,,,,,,,,,,,,,,,,,,,,,,,,,,,,,,,,,,,,,,,,,,,,,,,,,,,,,,,,,,,,,,,,,,,,,,,,,,,,,,,,,,,,,,,,,,,,,,,,,,,,,,,,,,
1905,6,66.0,-8.0,,,,,,,,,,,,,,,,,,,,,,,,,,,,,,,,,,,,,,,,4.6,4.6,6.03,5.3,3,1.21,28,0.7,0.6,0.3,-3.02,-2.51,-0.8,-1.92,3,1.7,28,0.7,0.6,0.3,3.68,4.6,5.7,4.69,3,1.48,28,0.7,0.6,0.3,1011.55,1012.1,1012.65,1012.1,3,0.8,28,0.7,0.6,0.3,,,,,,,,,,,,,,,,,,,,,,,,,,,,,,,,,,,,,,,,,,,,,,,,,,,,,,,,,,,,,,,,,,,,,,,,,,,,,,,,,,,,,,,,,,,,,,,,,,,,,,,,,,,,,,,,,,,,,,,,,,,,,,,,,,,,,,,,,,,,,,,,,,,,,,
1905,6,66.0,-4.0,,,,,,,,,,,,,,,,,,,,,,,,,,,,,,,,,,,,,,,,4.6,4.6,4.6,4.6,3,0.0,4,0.3,0.4,0.8,-3.25,-3.25,-3.25,-3.25,3,0.0,4,0.3,0.4,0.8,3.25,3.25,3.25,3.25,3,0.0,4,0.3,0.4,0.8,1010.22,1010.9,1011.31,1010.77,3,0.81,4,0.3,0.4,0.8,,,,,,,,,,,,,,,,,,,,,,,,,,,,,,,,,,,,,,,,,,,,,,,,,,,,,,,,,,,,,,,,,,,,,,,,,,,,,,,,,,,,,,,,,,,,,,,,,,,,,,,,,,,,,,,,,,,,,,,,,,,,,,,,,,,,,,,,,,,,,,,,,,,,,,
1905,6,66.0,-2.0,,,,,,,,,,,,,,,,,,,,,,,,,,,,,,,,,,,,,,,,1.94,4.6,4.6,3.77,11,1.76,14,0.5,0.5,0.4,0.0,0.0,0.65,0.11,11,1.01,14,0.5,0.5,0.4,0.92,4.23,4.6,2.73,11,3.09,14,0.5,0.5,0.4,1010.34,1011.5,1012.54,1011.4,8,1.47,12,0.4,0.5,0.3,,,,,,,,,,,,,,,,,,,,,,,,,,,,,,,,,,,,,,,,,,,,,,,,,,,,,,,,,,,,,,,,,,,,,,,,,,,,,,,,,,,,,,,,,,,,,,,,,,,,,,,,,,,,,,,,,,,,,,,,,,,,,,,,,,,,,,,,,,,,,,,,,,,,,,
1905,6,66.0,0.0,,,,,,,,,,,,,,,,,,,,,,,,,,,,,,,,,,,,,,,,2.6,4.6,4.6,3.94,18,1.2,16,0.2,0.4,0.6,1.8,2.6,3.55,2.79,18,0.84,16,0.2,0.4,0.6,0.68,1.82,4.27,2.35,18,1.76,16,0.2,0.4,0.6,1009.85,1010.2,1010.92,1010.27,9,0.62,8,0.3,0.5,0.5,,,,,,,,,,,,,,,,,,,,,,,,,,,,,,,,,,,,,,,,,,,,,,,,,,,,,,,,,,,,,,,,,,,,,,,,,,,,,,,,,,,,,,,,,,,,,,,,,,,,,,,,,,,,,,,,,,,,,,,,,,,,,,,,,,,,,,,,,,,,,,,,,,,,,,
1905,6,66.0,2.0,,,,,,,,,,,,,,,,,,,,,,,,,,,,,,,,,,,,,,,,4.6,4.6,7.24,5.73,6,1.94,18,0.8,0.6,0.3,0.0,0.86,2.83,1.33,6,1.58,18,0.8,0.6,0.3,4.53,4.6,6.66,5.47,6,1.66,18,0.8,0.6,0.3,1010.19,1011.0,1011.64,1010.87,6,1.08,18,0.8,0.6,0.3,,,,,,,,,,,,,,,,,,,,,,,,,,,,,,,,,,,,,,,,,,,,,,,,,,,,,,,,,,,,,,,,,,,,,,,,,,,,,,,,,,,,,,,,,,,,,,,,,,,,,,,,,,,,,,,,,,,,,,,,,,,,,,,,,,,,,,,,,,,,,,,,,,,,,,
1905,6,66.0,8.0,,,,,,,,,,,,,,,,,,,,,,,,,,,,,,,,,,,,,,,,4.6,9.3,12.3,7.75,37,3.46,18,0.6,0.5,0.7,2.61,6.21,11.32,6.77,37,3.59,18,0.6,0.5,0.7,0.0,2.51,5.08,2.35,37,2.81,18,0.6,0.5,0.7,1007.48,1009.4,1011.67,1009.66,27,2.03,18,0.6,0.5,0.6,,,,,,,,,,,,,,,,,,,,,,,,,,,,,,,,,,,,,,,,,,,,,,,,,,,,,,,,,,,,,,,,,,,,,,,,,,,,,,,,,,,,,,,,,,,,,,,,,,,,,,,,,,,,,,,,,,,,,,,,,,,,,,,,,,,,,,,,,,,,,,,,,,,,,,
1905,6,66.0,10.0,,,,,,,,,,,,,,,,,,,,,,,,,,,,,,,,,,,,,,,,9.3,12.3,12.3,11.41,10,2.05,28,0.6,0.5,0.3,6.58,8.7,9.04,8.34,10,1.39,28,0.6,0.5,0.3,6.58,8.7,8.7,7.41,10,2.93,28,0.6,0.5,0.3,1008.0,1008.0,1008.0,1008.0,1,0.0,22,1.0,0.3,0.3,,,,,,,,,,,,,,,,,,,,,,,,,,,,,,,,,,,,,,,,,,,,,,,,,,,,,,,,,,,,,,,,,,,,,,,,,,,,,,,,,,,,,,,,,,,,,,,,,,,,,,,,,,,,,,,,,,,,,,,,,,,,,,,,,,,,,,,,,,,,,,,,,,,,,,
1905,6,68.0,-46.0,,,,,,,,,,,,,,,,,,,,,,,,,,,,,,,,,,,,,,,,4.55,6.7,13.14,8.75,4,7.1,6,1.0,0.5,0.4,-1.78,1.88,11.48,4.72,4,9.15,6,1.0,0.5,0.4,-1.33,4.31,6.69,2.75,4,5.39,6,1.0,0.5,0.4,994.46,999.1,1003.74,999.1,2,9.62,2,1.0,0.5,0.5,,,,,,,,,,,,,,,,,,,,,,,,,,,,,,,,,,,,,,,,,,,,,,,,,,,,,,,,,,,,,,,,,,,,,,,,,,,,,,,,,,,,,,,,,,,,,,,,,,,,,,,,,,,,,,,,,,,,,,,,,,,,,,,,,,,,,,,,,,,,,,,,,,,,,,
1905,6,68.0,-42.0,,,,,,,,,,,,,,,,,,,,,,,,,,,,,,,,,,,,,,,,9.16,12.3,15.4,11.98,6,3.35,20,0.8,0.5,0.4,0.0,4.52,10.89,5.14,6,5.08,20,0.8,0.5,0.4,-12.12,-4.9,10.89,-2.07,6,11.0,20,0.8,0.5,0.4,1011.3,1011.3,1011.3,1011.3,1,0.0,2,1.0,0.8,0.3,,,,,,,,,,,,,,,,,,,,,,,,,,,,,,,,,,,,,,,,,,,,,,,,,,,,,,,,,,,,,,,,,,,,,,,,,,,,,,,,,,,,,,,,,,,,,,,,,,,,,,,,,,,,,,,,,,,,,,,,,,,,,,,,,,,,,,,,,,,,,,,,,,,,,,
1905,6,68.0,-40.0,,,,,,,,,,,,,,,,,,,,,,,,,,,,,,,,,,,,,,,,12.3,12.3,12.3,12.3,1,0.0,26,1.0,0.3,0.3,0.0,0.0,0.0,0.0,1,0.0,26,1.0,0.3,0.3,12.3,12.3,12.3,12.3,1,0.0,26,1.0,0.3,0.3,1016.0,1016.0,1016.0,1016.0,1,0.0,26,1.0,0.3,0.3,,,,,,,,,,,,,,,,,,,,,,,,,,,,,,,,,,,,,,,,,,,,,,,,,,,,,,,,,,,,,,,,,,,,,,,,,,,,,,,,,,,,,,,,,,,,,,,,,,,,,,,,,,,,,,,,,,,,,,,,,,,,,,,,,,,,,,,,,,,,,,,,,,,,,,
1905,6,68.0,-8.0,,,,,,,,,,,,,,,,,,,,,,,,,,,,,,,,,,,,,,,,7.53,9.3,9.3,8.43,3,1.5,28,0.3,0.4,0.3,-6.58,-6.58,-5.32,-5.96,3,1.06,28,0.3,0.4,0.3,5.32,6.58,6.58,5.96,3,1.06,28,0.3,0.4,0.3,1011.28,1012.3,1012.85,1012.07,3,1.17,28,0.3,0.4,0.3,,,,,,,,,,,,,,,,,,,,,,,,,,,,,,,,,,,,,,,,,,,,,,,,,,,,,,,,,,,,,,,,,,,,,,,,,,,,,,,,,,,,,,,,,,,,,,,,,,,,,,,,,,,,,,,,,,,,,,,,,,,,,,,,,,,,,,,,,,,,,,,,,,,,,,
1905,6,68.0,-4.0,,,,,,,,,,,,,,,,,,,,,,,,,,,,,,,,,,,,,,,,2.6,2.6,4.6,3.35,8,1.04,6,0.5,0.5,0.8,-3.0,-0.97,0.0,-1.18,8,1.36,6,0.5,0.5,0.8,2.41,2.6,3.25,2.94,8,0.76,6,0.5,0.5,0.8,1009.5,1010.4,1011.5,1010.64,8,1.41,6,0.5,0.5,0.8,,,,,,,,,,,,,,,,,,,,,,,,,,,,,,,,,,,,,,,,,,,,,,,,,,,,,,,,,,,,,,,,,,,,,,,,,,,,,,,,,,,,,,,,,,,,,,,,,,,,,,,,,,,,,,,,,,,,,,,,,,,,,,,,,,,,,,,,,,,,,,,,,,,,,,
1905,6,68.0,-2.0,,,,,,,,,,,,,,,,,,,,,,,,,,,,,,,,,,,,,,,,2.6,4.6,4.6,3.83,13,1.01,10,0.7,0.5,0.5,-3.25,1.02,3.25,0.65,13,2.54,10,0.7,0.5,0.5,1.84,3.25,3.35,2.64,13,1.56,10,0.7,0.5,0.5,1009.81,1010.7,1011.87,1010.8,11,0.94,8,0.7,0.5,0.6,,,,,,,,,,,,,,,,,,,,,,,,,,,,,,,,,,,,,,,,,,,,,,,,,,,,,,,,,,,,,,,,,,,,,,,,,,,,,,,,,,,,,,,,,,,,,,,,,,,,,,,,,,,,,,,,,,,,,,,,,,,,,,,,,,,,,,,,,,,,,,,,,,,,,,
1905,6,68.0,0.0,,,,,,,,,,,,,,,,,,,,,,,,,,,,,,,,,,,,,,,,2.6,4.6,6.7,4.89,12,2.24,20,0.8,0.5,0.8,1.81,2.6,4.36,3.28,12,2.24,20,0.8,0.5,0.8,1.34,2.93,5.11,3.03,12,2.09,20,0.8,0.5,0.8,1011.0,1011.0,1011.0,1011.0,4,0.0,14,0.5,0.5,0.8,,,,,,,,,,,,,,,,,,,,,,,,,,,,,,,,,,,,,,,,,,,,,,,,,,,,,,,,,,,,,,,,,,,,,,,,,,,,,,,,,,,,,,,,,,,,,,,,,,,,,,,,,,,,,,,,,,,,,,,,,,,,,,,,,,,,,,,,,,,,,,,,,,,,,,
1905,6,68.0,2.0,,,,,,,,,,,,,,,,,,,,,,,,,,,,,,,,,,,,,,,,5.35,6.95,8.55,6.95,2,3.32,18,0.0,0.5,0.3,2.09,2.72,3.34,2.72,2,1.3,18,0.0,0.5,0.3,4.92,6.4,7.87,6.4,2,3.06,18,0.0,0.5,0.3,1010.31,1011.4,1012.49,1011.4,2,2.26,18,0.0,0.5,0.3,,,,,,,,,,,,,,,,,,,,,,,,,,,,,,,,,,,,,,,,,,,,,,,,,,,,,,,,,,,,,,,,,,,,,,,,,,,,,,,,,,,,,,,,,,,,,,,,,,,,,,,,,,,,,,,,,,,,,,,,,,,,,,,,,,,,,,,,,,,,,,,,,,,,,,
1905,6,68.0,6.0,,,,,,,,,,,,,,,,,,,,,,,,,,,,,,,,,,,,,,,,6.7,6.7,7.24,7.13,6,1.06,20,0.2,0.6,0.8,5.87,6.17,6.67,6.34,6,1.26,20,0.2,0.6,0.8,2.62,2.62,3.74,3.12,6,0.87,20,0.2,0.6,0.8,1009.2,1009.2,1009.2,1009.2,1,0.0,28,1.0,0.8,0.8,,,,,,,,,,,,,,,,,,,,,,,,,,,,,,,,,,,,,,,,,,,,,,,,,,,,,,,,,,,,,,,,,,,,,,,,,,,,,,,,,,,,,,,,,,,,,,,,,,,,,,,,,,,,,,,,,,,,,,,,,,,,,,,,,,,,,,,,,,,,,,,,,,,,,,
1905,6,68.0,8.0,,,,,,,,,,,,,,,,,,,,,,,,,,,,,,,,,,,,,,,,2.6,6.7,9.78,6.85,58,3.6,16,0.4,0.5,0.5,2.39,6.39,9.3,6.04,58,3.45,16,0.4,0.5,0.5,0.0,1.02,4.81,1.94,58,2.79,16,0.4,0.5,0.5,1008.0,1010.0,1011.72,1009.92,32,1.62,14,0.4,0.5,0.5,,,,,,,,,,,,,,,,,,,,,,,,,,,,,,,,,,,,,,,,,,,,,,,,,,,,,,,,,,,,,,,,,,,,,,,,,,,,,,,,,,,,,,,,,,,,,,,,,,,,,,,,,,,,,,,,,,,,,,,,,,,,,,,,,,,,,,,,,,,,,,,,,,,,,,
1905,6,70.0,-46.0,,,,,,,,,,,,,,,,,,,,,,,,,,,,,,,,,,,,,,,,4.6,4.6,6.03,5.3,3,1.21,4,0.7,0.8,0.4,0.0,0.0,1.23,0.6,3,1.04,4,0.7,0.8,0.4,4.35,4.6,6.03,5.18,3,1.33,4,0.7,0.8,0.4,986.12,988.95,991.78,988.95,2,5.87,2,1.0,0.8,0.5,,,,,,,,,,,,,,,,,,,,,,,,,,,,,,,,,,,,,,,,,,,,,,,,,,,,,,,,,,,,,,,,,,,,,,,,,,,,,,,,,,,,,,,,,,,,,,,,,,,,,,,,,,,,,,,,,,,,,,,,,,,,,,,,,,,,,,,,,,,,,,,,,,,,,,
1905,6,70.0,-42.0,,,,,,,,,,,,,,,,,,,,,,,,,,,,,,,,,,,,,,,,13.78,15.4,15.4,14.63,4,1.55,24,0.5,0.4,0.6,4.14,9.79,10.89,7.62,4,5.18,24,0.5,0.4,0.6,-3.93,9.79,10.89,3.77,4,12.82,24,0.5,0.4,0.6,1016.4,1016.4,1016.4,1016.4,1,0.0,26,1.0,0.3,0.8,,,,,,,,,,,,,,,,,,,,,,,,,,,,,,,,,,,,,,,,,,,,,,,,,,,,,,,,,,,,,,,,,,,,,,,,,,,,,,,,,,,,,,,,,,,,,,,,,,,,,,,,,,,,,,,,,,,,,,,,,,,,,,,,,,,,,,,,,,,,,,,,,,,,,,
1905,6,70.0,-10.0,,,,,,,,,,,,,,,,,,,,,,,,,,,,,,,,,,,,,,,,9.3,9.3,9.3,9.3,2,0.0,28,1.0,0.5,0.8,-3.48,-3.48,-3.48,-3.48,2,0.0,28,1.0,0.5,0.8,8.62,8.62,8.62,8.62,2,0.0,28,1.0,0.5,0.8,1011.9,1013.4,1013.95,1012.93,3,1.55,26,0.7,0.6,0.8,,,,,,,,,,,,,,,,,,,,,,,,,,,,,,,,,,,,,,,,,,,,,,,,,,,,,,,,,,,,,,,,,,,,,,,,,,,,,,,,,,,,,,,,,,,,,,,,,,,,,,,,,,,,,,,,,,,,,,,,,,,,,,,,,,,,,,,,,,,,,,,,,,,,,,
1905,6,70.0,-4.0,,,,,,,,,,,,,,,,,,,,,,,,,,,,,,,,,,,,,,,,4.6,4.6,5.8,4.82,10,1.17,8,0.7,0.6,0.6,-1.4,0.0,1.8,-0.06,10,1.64,8,0.7,0.6,0.6,3.67,4.25,5.8,4.52,10,1.33,8,0.7,0.6,0.6,1009.94,1011.4,1011.8,1011.01,9,0.93,8,0.7,0.5,0.6,,,,,,,,,,,,,,,,,,,,,,,,,,,,,,,,,,,,,,,,,,,,,,,,,,,,,,,,,,,,,,,,,,,,,,,,,,,,,,,,,,,,,,,,,,,,,,,,,,,,,,,,,,,,,,,,,,,,,,,,,,,,,,,,,,,,,,,,,,,,,,,,,,,,,,
1905,6,70.0,-2.0,,,,,,,,,,,,,,,,,,,,,,,,,,,,,,,,,,,,,,,,1.11,3.6,4.6,3.08,10,1.86,8,0.1,0.5,0.5,-1.86,0.51,2.51,0.55,10,2.42,8,0.1,0.5,0.5,-0.58,1.2,3.81,1.49,10,2.31,8,0.1,0.5,0.5,1009.94,1011.4,1012.18,1011.13,8,1.11,6,0.1,0.5,0.6,,,,,,,,,,,,,,,,,,,,,,,,,,,,,,,,,,,,,,,,,,,,,,,,,,,,,,,,,,,,,,,,,,,,,,,,,,,,,,,,,,,,,,,,,,,,,,,,,,,,,,,,,,,,,,,,,,,,,,,,,,,,,,,,,,,,,,,,,,,,,,,,,,,,,,
1905,6,70.0,0.0,,,,,,,,,,,,,,,,,,,,,,,,,,,,,,,,,,,,,,,,2.6,4.6,6.7,4.81,19,2.07,20,0.3,0.5,0.8,2.47,3.25,4.31,3.38,19,1.41,20,0.3,0.5,0.8,0.61,3.25,4.33,3.06,19,2.18,20,0.3,0.5,0.8,1009.06,1011.0,1011.27,1010.48,8,1.14,14,0.5,0.4,0.8,,,,,,,,,,,,,,,,,,,,,,,,,,,,,,,,,,,,,,,,,,,,,,,,,,,,,,,,,,,,,,,,,,,,,,,,,,,,,,,,,,,,,,,,,,,,,,,,,,,,,,,,,,,,,,,,,,,,,,,,,,,,,,,,,,,,,,,,,,,,,,,,,,,,,,
1905,6,70.0,6.0,,,,,,,,,,,,,,,,,,,,,,,,,,,,,,,,,,,,,,,,4.6,6.7,9.3,6.46,11,2.23,22,0.7,0.6,0.8,4.23,6.7,9.3,5.95,11,2.85,22,0.7,0.6,0.8,0.0,0.0,2.13,1.16,11,1.55,22,0.7,0.6,0.8,1007.8,1008.2,1009.13,1008.45,4,0.9,28,0.5,0.6,0.8,,,,,,,,,,,,,,,,,,,,,,,,,,,,,,,,,,,,,,,,,,,,,,,,,,,,,,,,,,,,,,,,,,,,,,,,,,,,,,,,,,,,,,,,,,,,,,,,,,,,,,,,,,,,,,,,,,,,,,,,,,,,,,,,,,,,,,,,,,,,,,,,,,,,,,
1905,6,70.0,8.0,,,,,,,,,,,,,,,,,,,,,,,,,,,,,,,,,,,,,,,,4.57,6.7,9.3,6.9,45,3.38,16,0.5,0.5,0.3,2.5,6.21,8.71,5.89,45,3.24,16,0.5,0.5,0.3,-0.01,2.51,4.81,2.26,45,2.99,16,0.5,0.5,0.3,1008.3,1010.0,1011.0,1009.83,27,1.41,14,0.5,0.5,0.3,,,,,,,,,,,,,,,,,,,,,,,,,,,,,,,,,,,,,,,,,,,,,,,,,,,,,,,,,,,,,,,,,,,,,,,,,,,,,,,,,,,,,,,,,,,,,,,,,,,,,,,,,,,,,,,,,,,,,,,,,,,,,,,,,,,,,,,,,,,,,,,,,,,,,,
1905,6,72.0,-42.0,,,,,,,,,,,,,,,,,,,,,,,,,,,,,,,,,,,,,,,,15.4,15.4,17.86,16.6,3,2.08,18,0.3,0.4,0.8,10.89,10.89,15.48,13.13,3,3.88,18,0.3,0.4,0.8,8.31,10.89,10.89,9.63,3,2.18,18,0.3,0.4,0.8,996.2,996.2,996.2,996.2,1,0.0,2,1.0,0.3,0.8,,,,,,,,,,,,,,,,,,,,,,,,,,,,,,,,,,,,,,,,,,,,,,,,,,,,,,,,,,,,,,,,,,,,,,,,,,,,,,,,,,,,,,,,,,,,,,,,,,,,,,,,,,,,,,,,,,,,,,,,,,,,,,,,,,,,,,,,,,,,,,,,,,,,,,
1905,6,72.0,-40.0,,,,,,,,,,,,,,,,,,,,,,,,,,,,,,,,,,,,,,,,19.0,19.0,19.0,19.0,1,0.0,26,1.0,0.8,0.8,7.42,7.42,7.42,7.42,1,0.0,26,1.0,0.8,0.8,17.49,17.49,17.49,17.49,1,0.0,26,1.0,0.8,0.8,1027.1,1027.1,1027.1,1027.1,1,0.0,26,1.0,0.8,0.8,,,,,,,,,,,,,,,,,,,,,,,,,,,,,,,,,,,,,,,,,,,,,,,,,,,,,,,,,,,,,,,,,,,,,,,,,,,,,,,,,,,,,,,,,,,,,,,,,,,,,,,,,,,,,,,,,,,,,,,,,,,,,,,,,,,,,,,,,,,,,,,,,,,,,,
1905,6,72.0,-10.0,,,,,,,,,,,,,,,,,,,,,,,,,,,,,,,,,,,,,,,,6.7,6.7,6.7,6.7,2,0.0,26,0.5,0.5,0.8,-4.38,-3.62,-2.86,-3.62,2,1.58,26,0.5,0.5,0.8,4.97,5.47,5.98,5.47,2,1.04,26,0.5,0.5,0.8,1011.51,1012.6,1013.49,1012.5,3,1.45,26,0.3,0.4,0.8,,,,,,,,,,,,,,,,,,,,,,,,,,,,,,,,,,,,,,,,,,,,,,,,,,,,,,,,,,,,,,,,,,,,,,,,,,,,,,,,,,,,,,,,,,,,,,,,,,,,,,,,,,,,,,,,,,,,,,,,,,,,,,,,,,,,,,,,,,,,,,,,,,,,,,
1905,6,72.0,-4.0,,,,,,,,,,,,,,,,,,,,,,,,,,,,,,,,,,,,,,,,4.6,4.6,6.7,5.55,11,1.1,10,0.5,0.5,0.5,-2.51,-1.72,0.0,-1.22,11,1.25,10,0.5,0.5,0.5,4.27,4.6,6.7,5.25,11,1.26,10,0.5,0.5,0.5,1010.12,1011.1,1012.83,1011.18,8,1.7,6,0.4,0.5,0.4,,,,,,,,,,,,,,,,,,,,,,,,,,,,,,,,,,,,,,,,,,,,,,,,,,,,,,,,,,,,,,,,,,,,,,,,,,,,,,,,,,,,,,,,,,,,,,,,,,,,,,,,,,,,,,,,,,,,,,,,,,,,,,,,,,,,,,,,,,,,,,,,,,,,,,
1905,6,72.0,-2.0,,,,,,,,,,,,,,,,,,,,,,,,,,,,,,,,,,,,,,,,2.6,4.6,6.13,4.22,9,1.89,8,0.7,0.6,0.3,-3.46,0.0,2.25,-0.15,9,2.85,8,0.7,0.6,0.3,-0.25,4.23,4.7,2.5,9,2.91,8,0.7,0.6,0.3,1009.18,1010.6,1012.1,1010.69,9,1.41,8,0.7,0.6,0.3,,,,,,,,,,,,,,,,,,,,,,,,,,,,,,,,,,,,,,,,,,,,,,,,,,,,,,,,,,,,,,,,,,,,,,,,,,,,,,,,,,,,,,,,,,,,,,,,,,,,,,,,,,,,,,,,,,,,,,,,,,,,,,,,,,,,,,,,,,,,,,,,,,,,,,
1905,6,72.0,0.0,,,,,,,,,,,,,,,,,,,,,,,,,,,,,,,,,,,,,,,,4.6,4.6,6.7,4.76,21,1.54,20,0.7,0.5,0.8,3.25,4.23,4.74,3.81,21,1.24,20,0.7,0.5,0.8,0.9,3.25,4.48,2.57,21,1.55,20,0.7,0.5,0.8,1010.11,1011.0,1011.63,1010.85,8,0.95,12,0.6,0.5,0.8,,,,,,,,,,,,,,,,,,,,,,,,,,,,,,,,,,,,,,,,,,,,,,,,,,,,,,,,,,,,,,,,,,,,,,,,,,,,,,,,,,,,,,,,,,,,,,,,,,,,,,,,,,,,,,,,,,,,,,,,,,,,,,,,,,,,,,,,,,,,,,,,,,,,,,
1905,6,72.0,6.0,,,,,,,,,,,,,,,,,,,,,,,,,,,,,,,,,,,,,,,,4.31,6.7,9.3,6.44,19,3.17,18,0.4,0.6,0.8,3.13,4.74,9.3,6.08,19,3.2,18,0.4,0.6,0.8,0.0,0.0,3.31,1.22,19,1.76,18,0.4,0.6,0.8,1008.01,1009.8,1010.66,1009.44,8,1.34,20,0.6,0.6,0.8,,,,,,,,,,,,,,,,,,,,,,,,,,,,,,,,,,,,,,,,,,,,,,,,,,,,,,,,,,,,,,,,,,,,,,,,,,,,,,,,,,,,,,,,,,,,,,,,,,,,,,,,,,,,,,,,,,,,,,,,,,,,,,,,,,,,,,,,,,,,,,,,,,,,,,
1905,6,72.0,8.0,,,,,,,,,,,,,,,,,,,,,,,,,,,,,,,,,,,,,,,,4.6,6.7,11.45,7.39,28,3.37,16,0.6,0.5,0.3,4.23,6.58,10.75,6.58,28,3.08,16,0.6,0.5,0.3,0.0,2.15,4.81,2.39,28,2.77,16,0.6,0.5,0.3,1009.0,1010.3,1012.03,1010.35,19,1.54,14,0.6,0.4,0.3,,,,,,,,,,,,,,,,,,,,,,,,,,,,,,,,,,,,,,,,,,,,,,,,,,,,,,,,,,,,,,,,,,,,,,,,,,,,,,,,,,,,,,,,,,,,,,,,,,,,,,,,,,,,,,,,,,,,,,,,,,,,,,,,,,,,,,,,,,,,,,,,,,,,,,
1905,6,74.0,-42.0,,,,,,,,,,,,,,,,,,,,,,,,,,,,,,,,,,,,,,,,4.6,9.8,15.4,11.13,9,7.35,22,0.6,0.4,0.4,-4.23,-1.87,10.89,2.96,9,8.78,22,0.6,0.4,0.4,2.01,9.62,11.21,8.06,9,5.78,22,0.6,0.4,0.4,989.6,989.6,989.6,989.6,1,0.0,4,1.0,0.3,0.8,,,,,,,,,,,,,,,,,,,,,,,,,,,,,,,,,,,,,,,,,,,,,,,,,,,,,,,,,,,,,,,,,,,,,,,,,,,,,,,,,,,,,,,,,,,,,,,,,,,,,,,,,,,,,,,,,,,,,,,,,,,,,,,,,,,,,,,,,,,,,,,,,,,,,,
1905,6,74.0,-40.0,,,,,,,,,,,,,,,,,,,,,,,,,,,,,,,,,,,,,,,,15.4,15.4,15.4,15.4,1,0.0,26,1.0,0.8,0.3,6.02,6.02,6.02,6.02,1,0.0,26,1.0,0.8,0.3,14.18,14.18,14.18,14.18,1,0.0,26,1.0,0.8,0.3,1030.7,1030.7,1030.7,1030.7,1,0.0,26,1.0,0.8,0.3,,,,,,,,,,,,,,,,,,,,,,,,,,,,,,,,,,,,,,,,,,,,,,,,,,,,,,,,,,,,,,,,,,,,,,,,,,,,,,,,,,,,,,,,,,,,,,,,,,,,,,,,,,,,,,,,,,,,,,,,,,,,,,,,,,,,,,,,,,,,,,,,,,,,,,
1905,6,74.0,-10.0,,,,,,,,,,,,,,,,,,,,,,,,,,,,,,,,,,,,,,,,6.7,6.7,8.47,7.57,3,1.5,26,0.7,0.4,0.8,-4.34,-3.48,-2.82,-3.58,3,1.12,26,0.7,0.4,0.8,5.21,6.21,7.86,6.52,3,1.96,26,0.7,0.4,0.8,1012.06,1012.4,1012.67,1012.37,3,0.45,26,0.7,0.4,0.8,,,,,,,,,,,,,,,,,,,,,,,,,,,,,,,,,,,,,,,,,,,,,,,,,,,,,,,,,,,,,,,,,,,,,,,,,,,,,,,,,,,,,,,,,,,,,,,,,,,,,,,,,,,,,,,,,,,,,,,,,,,,,,,,,,,,,,,,,,,,,,,,,,,,,,
1905,6,74.0,-4.0,,,,,,,,,,,,,,,,,,,,,,,,,,,,,,,,,,,,,,,,4.6,6.7,6.7,5.94,13,1.68,10,0.5,0.5,0.4,-2.51,-1.72,0.0,-1.18,13,1.06,10,0.5,0.5,0.4,4.27,6.21,6.7,5.71,13,1.75,10,0.5,0.5,0.4,1010.39,1012.35,1013.33,1011.9,10,1.44,8,0.6,0.5,0.4,,,,,,,,,,,,,,,,,,,,,,,,,,,,,,,,,,,,,,,,,,,,,,,,,,,,,,,,,,,,,,,,,,,,,,,,,,,,,,,,,,,,,,,,,,,,,,,,,,,,,,,,,,,,,,,,,,,,,,,,,,,,,,,,,,,,,,,,,,,,,,,,,,,,,,
1905,6,74.0,-2.0,,,,,,,,,,,,,,,,,,,,,,,,,,,,,,,,,,,,,,,,0.59,4.6,4.6,3.45,11,2.21,10,0.3,0.5,0.3,-1.92,0.0,2.4,0.0,11,2.43,10,0.3,0.5,0.3,0.42,3.25,4.6,2.82,11,1.82,10,0.3,0.5,0.3,1009.8,1010.5,1011.27,1010.48,11,0.94,10,0.3,0.5,0.3,,,,,,,,,,,,,,,,,,,,,,,,,,,,,,,,,,,,,,,,,,,,,,,,,,,,,,,,,,,,,,,,,,,,,,,,,,,,,,,,,,,,,,,,,,,,,,,,,,,,,,,,,,,,,,,,,,,,,,,,,,,,,,,,,,,,,,,,,,,,,,,,,,,,,,
1905,6,74.0,0.0,,,,,,,,,,,,,,,,,,,,,,,,,,,,,,,,,,,,,,,,4.09,5.65,6.7,5.53,12,1.95,18,0.3,0.4,0.8,1.37,4.67,6.17,4.05,12,2.81,18,0.3,0.4,0.8,1.34,2.62,4.74,2.8,12,1.7,18,0.3,0.4,0.8,1009.7,1010.5,1012.0,1010.68,8,1.23,14,0.4,0.4,0.8,,,,,,,,,,,,,,,,,,,,,,,,,,,,,,,,,,,,,,,,,,,,,,,,,,,,,,,,,,,,,,,,,,,,,,,,,,,,,,,,,,,,,,,,,,,,,,,,,,,,,,,,,,,,,,,,,,,,,,,,,,,,,,,,,,,,,,,,,,,,,,,,,,,,,,
1905,6,74.0,6.0,,,,,,,,,,,,,,,,,,,,,,,,,,,,,,,,,,,,,,,,4.6,6.7,9.3,6.64,50,2.66,18,0.5,0.5,0.7,4.23,6.17,6.7,5.73,50,2.57,18,0.5,0.5,0.7,-1.8,1.72,5.2,1.85,50,2.89,18,0.5,0.5,0.7,1008.84,1010.3,1010.99,1009.94,27,1.28,16,0.4,0.5,0.7,,,,,,,,,,,,,,,,,,,,,,,,,,,,,,,,,,,,,,,,,,,,,,,,,,,,,,,,,,,,,,,,,,,,,,,,,,,,,,,,,,,,,,,,,,,,,,,,,,,,,,,,,,,,,,,,,,,,,,,,,,,,,,,,,,,,,,,,,,,,,,,,,,,,,,
1905,6,74.0,8.0,,,,,,,,,,,,,,,,,,,,,,,,,,,,,,,,,,,,,,,,3.23,4.6,6.03,4.63,3,2.05,14,0.0,0.4,0.4,3.12,4.23,5.92,4.51,3,2.06,14,0.0,0.4,0.4,0.0,0.0,1.23,0.6,3,1.04,14,0.0,0.4,0.4,1009.0,1009.0,1010.37,1009.67,3,1.15,12,0.3,0.3,0.3,,,,,,,,,,,,,,,,,,,,,,,,,,,,,,,,,,,,,,,,,,,,,,,,,,,,,,,,,,,,,,,,,,,,,,,,,,,,,,,,,,,,,,,,,,,,,,,,,,,,,,,,,,,,,,,,,,,,,,,,,,,,,,,,,,,,,,,,,,,,,,,,,,,,,,
1905,6,76.0,-10.0,,,,,,,,,,,,,,,,,,,,,,,,,,,,,,,,,,,,,,,,6.7,8.0,10.87,8.75,4,2.67,26,0.5,0.5,0.8,-7.69,-5.66,-4.74,-6.19,4,1.88,26,0.5,0.5,0.8,4.74,5.66,7.69,6.19,4,1.88,26,0.5,0.5,0.8,1009.96,1011.3,1011.85,1010.93,4,1.25,26,0.5,0.5,0.8,,,,,,,,,,,,,,,,,,,,,,,,,,,,,,,,,,,,,,,,,,,,,,,,,,,,,,,,,,,,,,,,,,,,,,,,,,,,,,,,,,,,,,,,,,,,,,,,,,,,,,,,,,,,,,,,,,,,,,,,,,,,,,,,,,,,,,,,,,,,,,,,,,,,,,
1905,6,76.0,-4.0,,,,,,,,,,,,,,,,,,,,,,,,,,,,,,,,,,,,,,,,4.6,5.65,9.3,6.43,10,2.15,16,0.5,0.5,0.4,-3.48,-2.51,-1.72,-2.46,10,1.23,16,0.5,0.5,0.4,3.69,5.24,8.62,5.68,10,2.54,16,0.5,0.5,0.4,1010.1,1010.35,1012.06,1010.6,8,1.46,18,0.4,0.5,0.4,,,,,,,,,,,,,,,,,,,,,,,,,,,,,,,,,,,,,,,,,,,,,,,,,,,,,,,,,,,,,,,,,,,,,,,,,,,,,,,,,,,,,,,,,,,,,,,,,,,,,,,,,,,,,,,,,,,,,,,,,,,,,,,,,,,,,,,,,,,,,,,,,,,,,,
1905,6,76.0,-2.0,,,,,,,,,,,,,,,,,,,,,,,,,,,,,,,,,,,,,,,,0.43,3.6,5.8,3.6,10,2.98,10,0.7,0.5,0.5,-1.85,0.0,1.42,-0.24,10,1.7,10,0.7,0.5,0.5,0.16,3.42,5.52,3.33,10,2.83,10,0.7,0.5,0.5,1009.13,1010.8,1011.84,1010.49,10,1.33,10,0.7,0.5,0.5,,,,,,,,,,,,,,,,,,,,,,,,,,,,,,,,,,,,,,,,,,,,,,,,,,,,,,,,,,,,,,,,,,,,,,,,,,,,,,,,,,,,,,,,,,,,,,,,,,,,,,,,,,,,,,,,,,,,,,,,,,,,,,,,,,,,,,,,,,,,,,,,,,,,,,
1905,6,76.0,0.0,,,,,,,,,,,,,,,,,,,,,,,,,,,,,,,,,,,,,,,,3.14,4.6,9.3,5.78,9,2.89,12,0.6,0.5,0.7,0.0,0.0,5.94,2.31,9,3.56,12,0.6,0.5,0.7,2.6,3.48,6.04,4.35,9,2.44,12,0.6,0.5,0.7,1009.38,1010.0,1011.33,1010.39,7,1.08,12,0.6,0.5,0.8,,,,,,,,,,,,,,,,,,,,,,,,,,,,,,,,,,,,,,,,,,,,,,,,,,,,,,,,,,,,,,,,,,,,,,,,,,,,,,,,,,,,,,,,,,,,,,,,,,,,,,,,,,,,,,,,,,,,,,,,,,,,,,,,,,,,,,,,,,,,,,,,,,,,,,
1905,6,76.0,6.0,,,,,,,,,,,,,,,,,,,,,,,,,,,,,,,,,,,,,,,,4.6,6.7,9.3,6.95,48,2.62,16,0.5,0.5,0.5,4.23,6.21,8.56,6.21,48,2.6,16,0.5,0.5,0.5,0.0,1.5,4.74,1.91,48,2.54,16,0.5,0.5,0.5,1008.91,1009.6,1011.67,1010.03,27,1.59,14,0.4,0.5,0.5,,,,,,,,,,,,,,,,,,,,,,,,,,,,,,,,,,,,,,,,,,,,,,,,,,,,,,,,,,,,,,,,,,,,,,,,,,,,,,,,,,,,,,,,,,,,,,,,,,,,,,,,,,,,,,,,,,,,,,,,,,,,,,,,,,,,,,,,,,,,,,,,,,,,,,
1905,6,78.0,-38.0,,,,,,,,,,,,,,,,,,,,,,,,,,,,,,,,,,,,,,,,9.3,9.3,9.3,9.3,2,0.0,28,1.0,0.5,0.3,4.1,5.1,6.11,5.1,2,2.08,28,1.0,0.5,0.3,6.89,7.57,8.25,7.57,2,1.4,28,1.0,0.5,0.3,1031.4,1031.4,1031.4,1031.4,1,0.0,28,1.0,0.3,0.3,,,,,,,,,,,,,,,,,,,,,,,,,,,,,,,,,,,,,,,,,,,,,,,,,,,,,,,,,,,,,,,,,,,,,,,,,,,,,,,,,,,,,,,,,,,,,,,,,,,,,,,,,,,,,,,,,,,,,,,,,,,,,,,,,,,,,,,,,,,,,,,,,,,,,,
1905,6,78.0,-8.0,,,,,,,,,,,,,,,,,,,,,,,,,,,,,,,,,,,,,,,,6.7,6.7,6.7,6.7,3,0.0,24,0.3,0.6,0.3,-5.71,-4.74,-4.74,-5.21,3,0.83,24,0.3,0.6,0.3,3.29,4.74,4.74,4.03,3,1.22,24,0.3,0.6,0.3,1009.79,1010.4,1011.42,1010.6,3,1.21,24,0.3,0.6,0.3,,,,,,,,,,,,,,,,,,,,,,,,,,,,,,,,,,,,,,,,,,,,,,,,,,,,,,,,,,,,,,,,,,,,,,,,,,,,,,,,,,,,,,,,,,,,,,,,,,,,,,,,,,,,,,,,,,,,,,,,,,,,,,,,,,,,,,,,,,,,,,,,,,,,,,
1905,6,78.0,-4.0,,,,,,,,,,,,,,,,,,,,,,,,,,,,,,,,,,,,,,,,2.6,4.6,9.3,5.77,15,3.65,12,0.4,0.5,0.5,-3.48,0.0,0.0,-1.23,15,1.95,12,0.4,0.5,0.5,2.01,4.6,8.62,5.45,15,3.41,12,0.4,0.5,0.5,1009.73,1010.9,1011.81,1010.82,13,1.23,12,0.5,0.5,0.5,,,,,,,,,,,,,,,,,,,,,,,,,,,,,,,,,,,,,,,,,,,,,,,,,,,,,,,,,,,,,,,,,,,,,,,,,,,,,,,,,,,,,,,,,,,,,,,,,,,,,,,,,,,,,,,,,,,,,,,,,,,,,,,,,,,,,,,,,,,,,,,,,,,,,,
1905,6,78.0,-2.0,,,,,,,,,,,,,,,,,,,,,,,,,,,,,,,,,,,,,,,,0.73,2.3,3.87,2.3,2,3.25,30,0.5,0.5,0.8,-1.45,-0.86,-0.27,-0.86,2,1.22,30,0.5,0.5,0.8,0.68,2.13,3.59,2.13,2,3.02,30,0.5,0.5,0.8,1008.59,1009.2,1009.81,1009.2,2,1.27,30,0.5,0.5,0.8,,,,,,,,,,,,,,,,,,,,,,,,,,,,,,,,,,,,,,,,,,,,,,,,,,,,,,,,,,,,,,,,,,,,,,,,,,,,,,,,,,,,,,,,,,,,,,,,,,,,,,,,,,,,,,,,,,,,,,,,,,,,,,,,,,,,,,,,,,,,,,,,,,,,,,
1905,6,78.0,0.0,,,,,,,,,,,,,,,,,,,,,,,,,,,,,,,,,,,,,,,,4.6,4.6,6.7,5.65,11,1.91,10,0.3,0.5,0.5,0.0,3.25,4.97,2.85,11,2.38,10,0.3,0.5,0.5,1.53,3.25,5.81,3.88,11,2.77,10,0.3,0.5,0.5,1009.99,1010.6,1012.03,1010.94,7,1.07,10,0.3,0.5,0.6,,,,,,,,,,,,,,,,,,,,,,,,,,,,,,,,,,,,,,,,,,,,,,,,,,,,,,,,,,,,,,,,,,,,,,,,,,,,,,,,,,,,,,,,,,,,,,,,,,,,,,,,,,,,,,,,,,,,,,,,,,,,,,,,,,,,,,,,,,,,,,,,,,,,,,
1905,6,78.0,2.0,,,,,,,,,,,,,,,,,,,,,,,,,,,,,,,,,,,,,,,,2.6,4.6,7.65,5.16,5,2.87,20,0.4,0.5,0.6,1.17,3.25,7.34,4.12,5,3.68,20,0.4,0.5,0.6,-0.92,1.84,2.84,1.04,5,2.33,20,0.4,0.5,0.6,1009.32,1010.0,1010.68,1010.0,2,1.41,8,1.0,0.8,0.3,,,,,,,,,,,,,,,,,,,,,,,,,,,,,,,,,,,,,,,,,,,,,,,,,,,,,,,,,,,,,,,,,,,,,,,,,,,,,,,,,,,,,,,,,,,,,,,,,,,,,,,,,,,,,,,,,,,,,,,,,,,,,,,,,,,,,,,,,,,,,,,,,,,,,,
1905,6,78.0,4.0,,,,,,,,,,,,,,,,,,,,,,,,,,,,,,,,,,,,,,,,4.6,6.7,9.3,7.07,14,2.3,24,0.9,0.6,0.6,4.24,6.7,8.56,6.48,14,2.46,24,0.9,0.6,0.6,0.0,2.23,3.63,2.18,14,1.66,24,0.9,0.6,0.6,1008.5,1008.5,1008.5,1008.5,1,0.0,30,1.0,0.8,0.8,,,,,,,,,,,,,,,,,,,,,,,,,,,,,,,,,,,,,,,,,,,,,,,,,,,,,,,,,,,,,,,,,,,,,,,,,,,,,,,,,,,,,,,,,,,,,,,,,,,,,,,,,,,,,,,,,,,,,,,,,,,,,,,,,,,,,,,,,,,,,,,,,,,,,,
1905,6,78.0,6.0,,,,,,,,,,,,,,,,,,,,,,,,,,,,,,,,,,,,,,,,4.6,6.7,9.3,7.31,65,2.11,16,0.4,0.6,0.4,4.27,6.58,8.56,6.4,65,2.21,16,0.4,0.6,0.4,0.0,1.72,4.74,1.92,65,2.91,16,0.4,0.6,0.4,1007.93,1009.5,1011.3,1009.52,28,1.75,14,0.6,0.5,0.4,,,,,,,,,,,,,,,,,,,,,,,,,,,,,,,,,,,,,,,,,,,,,,,,,,,,,,,,,,,,,,,,,,,,,,,,,,,,,,,,,,,,,,,,,,,,,,,,,,,,,,,,,,,,,,,,,,,,,,,,,,,,,,,,,,,,,,,,,,,,,,,,,,,,,,
1905,6,80.0,-40.0,,,,,,,,,,,,,,,,,,,,,,,,,,,,,,,,,,,,,,,,19.0,19.0,19.0,19.0,3,0.0,20,1.0,0.8,0.4,13.44,13.44,16.29,14.83,3,2.41,20,1.0,0.8,0.4,9.12,13.44,13.44,11.33,3,3.65,20,1.0,0.8,0.4,999.1,999.1,999.1,999.1,1,0.0,6,1.0,0.8,0.8,,,,,,,,,,,,,,,,,,,,,,,,,,,,,,,,,,,,,,,,,,,,,,,,,,,,,,,,,,,,,,,,,,,,,,,,,,,,,,,,,,,,,,,,,,,,,,,,,,,,,,,,,,,,,,,,,,,,,,,,,,,,,,,,,,,,,,,,,,,,,,,,,,,,,,
1905,6,80.0,-8.0,,,,,,,,,,,,,,,,,,,,,,,,,,,,,,,,,,,,,,,,3.23,4.6,6.03,4.63,3,2.05,24,0.7,0.4,0.3,-3.82,-1.84,-1.76,-2.77,3,1.71,24,0.7,0.4,0.3,2.61,4.27,4.59,3.61,3,1.56,24,0.7,0.4,0.3,1010.08,1010.9,1011.1,1010.6,3,0.79,24,0.7,0.4,0.3,,,,,,,,,,,,,,,,,,,,,,,,,,,,,,,,,,,,,,,,,,,,,,,,,,,,,,,,,,,,,,,,,,,,,,,,,,,,,,,,,,,,,,,,,,,,,,,,,,,,,,,,,,,,,,,,,,,,,,,,,,,,,,,,,,,,,,,,,,,,,,,,,,,,,,
1905,6,80.0,-6.0,,,,,,,,,,,,,,,,,,,,,,,,,,,,,,,,,,,,,,,,6.7,6.7,6.7,6.7,4,0.0,16,0.8,0.6,0.8,-3.68,-1.25,0.0,-1.81,4,2.28,16,0.8,0.6,0.8,5.44,6.46,6.7,6.09,4,0.93,16,0.8,0.6,0.8,1010.61,1011.05,1011.49,1011.05,2,0.92,16,0.5,0.8,0.8,,,,,,,,,,,,,,,,,,,,,,,,,,,,,,,,,,,,,,,,,,,,,,,,,,,,,,,,,,,,,,,,,,,,,,,,,,,,,,,,,,,,,,,,,,,,,,,,,,,,,,,,,,,,,,,,,,,,,,,,,,,,,,,,,,,,,,,,,,,,,,,,,,,,,,
1905,6,80.0,-4.0,,,,,,,,,,,,,,,,,,,,,,,,,,,,,,,,,,,,,,,,2.6,5.65,9.3,6.08,10,4.38,12,0.7,0.4,0.6,-3.07,-0.19,1.02,0.11,10,4.29,12,0.7,0.4,0.6,2.39,4.5,9.01,5.21,10,3.41,12,0.7,0.4,0.6,1009.51,1010.3,1011.01,1010.37,10,1.46,12,0.7,0.4,0.6,,,,,,,,,,,,,,,,,,,,,,,,,,,,,,,,,,,,,,,,,,,,,,,,,,,,,,,,,,,,,,,,,,,,,,,,,,,,,,,,,,,,,,,,,,,,,,,,,,,,,,,,,,,,,,,,,,,,,,,,,,,,,,,,,,,,,,,,,,,,,,,,,,,,,,
1905,6,80.0,-2.0,,,,,,,,,,,,,,,,,,,,,,,,,,,,,,,,,,,,,,,,2.02,4.6,5.37,3.9,5,2.17,16,0.2,0.5,0.4,-1.25,0.0,1.19,0.11,5,1.9,16,0.2,0.5,0.4,1.9,3.25,5.15,3.53,5,2.14,16,0.2,0.5,0.4,1010.13,1010.8,1011.26,1010.7,4,0.71,12,0.3,0.4,0.4,,,,,,,,,,,,,,,,,,,,,,,,,,,,,,,,,,,,,,,,,,,,,,,,,,,,,,,,,,,,,,,,,,,,,,,,,,,,,,,,,,,,,,,,,,,,,,,,,,,,,,,,,,,,,,,,,,,,,,,,,,,,,,,,,,,,,,,,,,,,,,,,,,,,,,
1905,6,80.0,0.0,,,,,,,,,,,,,,,,,,,,,,,,,,,,,,,,,,,,,,,,4.26,4.6,6.7,4.89,13,2.24,12,0.7,0.5,0.6,3.04,4.27,6.22,4.12,13,2.26,12,0.7,0.5,0.6,-1.15,0.88,3.25,1.01,13,2.52,12,0.7,0.5,0.6,1009.19,1009.8,1011.0,1010.04,9,1.03,12,0.7,0.5,0.6,,,,,,,,,,,,,,,,,,,,,,,,,,,,,,,,,,,,,,,,,,,,,,,,,,,,,,,,,,,,,,,,,,,,,,,,,,,,,,,,,,,,,,,,,,,,,,,,,,,,,,,,,,,,,,,,,,,,,,,,,,,,,,,,,,,,,,,,,,,,,,,,,,,,,,
1905,6,80.0,2.0,,,,,,,,,,,,,,,,,,,,,,,,,,,,,,,,,,,,,,,,5.93,6.7,7.65,6.8,5,1.67,12,0.2,0.6,0.4,4.2,4.74,5.41,4.81,5,1.18,12,0.2,0.6,0.4,4.2,4.74,5.41,4.81,5,1.18,12,0.2,0.6,0.4,1009.63,1011.0,1011.68,1010.67,3,1.53,8,0.3,0.6,0.3,,,,,,,,,,,,,,,,,,,,,,,,,,,,,,,,,,,,,,,,,,,,,,,,,,,,,,,,,,,,,,,,,,,,,,,,,,,,,,,,,,,,,,,,,,,,,,,,,,,,,,,,,,,,,,,,,,,,,,,,,,,,,,,,,,,,,,,,,,,,,,,,,,,,,,
1905,6,80.0,4.0,,,,,,,,,,,,,,,,,,,,,,,,,,,,,,,,,,,,,,,,4.6,6.7,9.49,7.96,49,2.76,16,0.4,0.5,0.7,4.6,6.7,9.3,6.91,49,2.37,16,0.4,0.5,0.7,0.0,2.62,4.74,2.7,49,3.23,16,0.4,0.5,0.7,1007.19,1009.45,1012.8,1009.79,26,2.3,16,0.3,0.5,0.7,,,,,,,,,,,,,,,,,,,,,,,,,,,,,,,,,,,,,,,,,,,,,,,,,,,,,,,,,,,,,,,,,,,,,,,,,,,,,,,,,,,,,,,,,,,,,,,,,,,,,,,,,,,,,,,,,,,,,,,,,,,,,,,,,,,,,,,,,,,,,,,,,,,,,,
1905,6,82.0,-46.0,,,,,,,,,,,,,,,,,,,,,,,,,,,,,,,,,,,,,,,,3.23,4.6,14.43,8.73,3,8.95,10,0.3,0.4,0.4,-4.27,1.84,3.47,-0.35,3,5.98,10,0.3,0.4,0.4,-1.83,-1.8,11.45,4.66,3,11.22,10,0.3,0.4,0.4,984.49,984.9,985.31,984.9,2,0.85,6,1.0,0.3,0.8,,,,,,,,,,,,,,,,,,,,,,,,,,,,,,,,,,,,,,,,,,,,,,,,,,,,,,,,,,,,,,,,,,,,,,,,,,,,,,,,,,,,,,,,,,,,,,,,,,,,,,,,,,,,,,,,,,,,,,,,,,,,,,,,,,,,,,,,,,,,,,,,,,,,,,
1905,6,82.0,-38.0,,,,,,,,,,,,,,,,,,,,,,,,,,,,,,,,,,,,,,,,15.4,15.4,15.4,15.4,1,0.0,28,1.0,0.8,0.3,10.89,10.89,10.89,10.89,1,0.0,28,1.0,0.8,0.3,10.89,10.89,10.89,10.89,1,0.0,28,1.0,0.8,0.3,1024.8,1024.8,1024.8,1024.8,1,0.0,28,1.0,0.8,0.3,,,,,,,,,,,,,,,,,,,,,,,,,,,,,,,,,,,,,,,,,,,,,,,,,,,,,,,,,,,,,,,,,,,,,,,,,,,,,,,,,,,,,,,,,,,,,,,,,,,,,,,,,,,,,,,,,,,,,,,,,,,,,,,,,,,,,,,,,,,,,,,,,,,,,,
1905,6,82.0,-8.0,,,,,,,,,,,,,,,,,,,,,,,,,,,,,,,,,,,,,,,,3.55,4.6,5.7,4.63,4,1.67,24,0.3,0.5,0.3,-4.67,-4.6,-2.7,-3.73,4,1.84,24,0.3,0.5,0.3,0.0,1.21,3.63,1.79,4,2.27,24,0.3,0.5,0.3,1009.79,1010.15,1010.72,1010.25,4,0.64,24,0.3,0.5,0.3,,,,,,,,,,,,,,,,,,,,,,,,,,,,,,,,,,,,,,,,,,,,,,,,,,,,,,,,,,,,,,,,,,,,,,,,,,,,,,,,,,,,,,,,,,,,,,,,,,,,,,,,,,,,,,,,,,,,,,,,,,,,,,,,,,,,,,,,,,,,,,,,,,,,,,
1905,6,82.0,-6.0,,,,,,,,,,,,,,,,,,,,,,,,,,,,,,,,,,,,,,,,4.6,6.7,6.7,6.0,6,1.08,22,0.5,0.4,0.8,-4.74,-4.0,-3.1,-3.87,6,0.99,22,0.5,0.4,0.8,3.25,4.74,5.04,4.49,6,1.11,22,0.5,0.4,0.8,1008.91,1009.8,1010.41,1009.67,3,1.11,30,1.0,0.4,0.8,,,,,,,,,,,,,,,,,,,,,,,,,,,,,,,,,,,,,,,,,,,,,,,,,,,,,,,,,,,,,,,,,,,,,,,,,,,,,,,,,,,,,,,,,,,,,,,,,,,,,,,,,,,,,,,,,,,,,,,,,,,,,,,,,,,,,,,,,,,,,,,,,,,,,,
1905,6,82.0,-4.0,,,,,,,,,,,,,,,,,,,,,,,,,,,,,,,,,,,,,,,,2.52,4.6,4.6,3.51,7,1.46,10,0.1,0.4,0.7,-1.01,1.8,3.25,1.01,7,2.03,10,0.1,0.4,0.7,1.79,3.25,4.24,2.88,7,1.23,10,0.1,0.4,0.7,1009.62,1010.2,1011.11,1010.13,7,1.07,10,0.1,0.4,0.7,,,,,,,,,,,,,,,,,,,,,,,,,,,,,,,,,,,,,,,,,,,,,,,,,,,,,,,,,,,,,,,,,,,,,,,,,,,,,,,,,,,,,,,,,,,,,,,,,,,,,,,,,,,,,,,,,,,,,,,,,,,,,,,,,,,,,,,,,,,,,,,,,,,,,,
1905,6,82.0,-2.0,,,,,,,,,,,,,,,,,,,,,,,,,,,,,,,,,,,,,,,,1.0,1.0,4.6,2.03,7,1.76,22,0.6,0.5,0.3,-0.08,0.0,0.71,0.01,7,0.83,22,0.6,0.5,0.3,0.71,1.0,4.28,1.89,7,1.75,22,0.6,0.5,0.3,1009.05,1009.8,1010.55,1009.8,2,1.56,6,0.5,0.5,0.3,,,,,,,,,,,,,,,,,,,,,,,,,,,,,,,,,,,,,,,,,,,,,,,,,,,,,,,,,,,,,,,,,,,,,,,,,,,,,,,,,,,,,,,,,,,,,,,,,,,,,,,,,,,,,,,,,,,,,,,,,,,,,,,,,,,,,,,,,,,,,,,,,,,,,,
1905,6,82.0,0.0,,,,,,,,,,,,,,,,,,,,,,,,,,,,,,,,,,,,,,,,4.6,6.7,8.72,6.11,15,2.04,18,0.5,0.5,0.6,3.47,4.74,8.15,5.57,15,2.36,18,0.5,0.5,0.6,0.0,0.0,3.11,0.88,15,2.12,18,0.5,0.5,0.6,1008.99,1009.8,1010.63,1009.71,9,0.93,16,0.4,0.5,0.6,,,,,,,,,,,,,,,,,,,,,,,,,,,,,,,,,,,,,,,,,,,,,,,,,,,,,,,,,,,,,,,,,,,,,,,,,,,,,,,,,,,,,,,,,,,,,,,,,,,,,,,,,,,,,,,,,,,,,,,,,,,,,,,,,,,,,,,,,,,,,,,,,,,,,,
1905,6,82.0,2.0,,,,,,,,,,,,,,,,,,,,,,,,,,,,,,,,,,,,,,,,6.7,9.3,9.35,8.58,13,1.31,14,0.8,0.6,0.4,6.03,6.7,8.61,7.27,13,1.56,14,0.8,0.6,0.4,3.54,3.67,6.58,4.13,13,1.81,14,0.8,0.6,0.4,1008.95,1010.0,1011.0,1009.76,7,1.13,10,0.7,0.5,0.3,,,,,,,,,,,,,,,,,,,,,,,,,,,,,,,,,,,,,,,,,,,,,,,,,,,,,,,,,,,,,,,,,,,,,,,,,,,,,,,,,,,,,,,,,,,,,,,,,,,,,,,,,,,,,,,,,,,,,,,,,,,,,,,,,,,,,,,,,,,,,,,,,,,,,,
1905,6,82.0,4.0,,,,,,,,,,,,,,,,,,,,,,,,,,,,,,,,,,,,,,,,6.7,9.3,12.3,10.03,40,2.67,14,0.6,0.5,0.7,6.17,6.58,10.68,7.96,40,2.87,14,0.6,0.5,0.7,2.62,5.77,8.67,5.3,40,2.87,14,0.6,0.5,0.7,1007.0,1009.0,1011.28,1009.14,21,1.97,14,0.6,0.5,0.7,,,,,,,,,,,,,,,,,,,,,,,,,,,,,,,,,,,,,,,,,,,,,,,,,,,,,,,,,,,,,,,,,,,,,,,,,,,,,,,,,,,,,,,,,,,,,,,,,,,,,,,,,,,,,,,,,,,,,,,,,,,,,,,,,,,,,,,,,,,,,,,,,,,,,,
1905,6,84.0,-38.0,,,,,,,,,,,,,,,,,,,,,,,,,,,,,,,,,,,,,,,,10.27,12.35,14.43,12.35,2,4.31,18,1.0,0.5,0.5,4.01,4.83,5.64,4.83,2,1.69,18,1.0,0.5,0.5,9.45,11.37,13.28,11.37,2,3.97,18,1.0,0.5,0.5,1014.95,1021.95,1028.95,1021.95,2,14.5,18,1.0,0.5,0.5,,,,,,,,,,,,,,,,,,,,,,,,,,,,,,,,,,,,,,,,,,,,,,,,,,,,,,,,,,,,,,,,,,,,,,,,,,,,,,,,,,,,,,,,,,,,,,,,,,,,,,,,,,,,,,,,,,,,,,,,,,,,,,,,,,,,,,,,,,,,,,,,,,,,,,
1905,6,84.0,-8.0,,,,,,,,,,,,,,,,,,,,,,,,,,,,,,,,,,,,,,,,6.7,6.7,8.47,7.57,3,1.5,24,1.0,0.6,0.3,-6.66,-6.58,-6.3,-6.48,3,0.28,24,1.0,0.6,0.3,0.83,2.62,5.32,3.06,3,3.31,24,1.0,0.6,0.3,1009.56,1009.7,1009.9,1009.73,3,0.25,24,1.0,0.6,0.3,,,,,,,,,,,,,,,,,,,,,,,,,,,,,,,,,,,,,,,,,,,,,,,,,,,,,,,,,,,,,,,,,,,,,,,,,,,,,,,,,,,,,,,,,,,,,,,,,,,,,,,,,,,,,,,,,,,,,,,,,,,,,,,,,,,,,,,,,,,,,,,,,,,,,,
1905,6,84.0,-6.0,,,,,,,,,,,,,,,,,,,,,,,,,,,,,,,,,,,,,,,,6.27,6.7,6.7,6.35,6,0.86,22,0.5,0.4,0.5,-4.74,-3.62,-1.32,-2.66,6,3.1,22,0.5,0.4,0.5,4.43,4.74,6.21,4.98,6,1.11,22,0.5,0.4,0.5,1009.01,1010.1,1010.85,1009.93,3,1.36,28,0.0,0.4,0.6,,,,,,,,,,,,,,,,,,,,,,,,,,,,,,,,,,,,,,,,,,,,,,,,,,,,,,,,,,,,,,,,,,,,,,,,,,,,,,,,,,,,,,,,,,,,,,,,,,,,,,,,,,,,,,,,,,,,,,,,,,,,,,,,,,,,,,,,,,,,,,,,,,,,,,
1905,6,84.0,-4.0,,,,,,,,,,,,,,,,,,,,,,,,,,,,,,,,,,,,,,,,2.6,2.6,5.03,3.62,6,1.71,8,0.8,0.5,0.8,-0.97,2.41,3.56,1.81,6,2.32,8,0.8,0.5,0.8,0.97,2.41,3.56,2.46,6,1.43,8,0.8,0.5,0.8,1008.2,1009.1,1010.68,1009.32,6,1.28,8,0.8,0.5,0.8,,,,,,,,,,,,,,,,,,,,,,,,,,,,,,,,,,,,,,,,,,,,,,,,,,,,,,,,,,,,,,,,,,,,,,,,,,,,,,,,,,,,,,,,,,,,,,,,,,,,,,,,,,,,,,,,,,,,,,,,,,,,,,,,,,,,,,,,,,,,,,,,,,,,,,
1905,6,84.0,-2.0,,,,,,,,,,,,,,,,,,,,,,,,,,,,,,,,,,,,,,,,2.6,2.6,6.7,4.13,10,2.62,20,0.4,0.6,0.4,0.3,2.51,5.86,3.25,10,3.03,20,0.4,0.6,0.4,0.0,1.25,2.6,1.33,10,1.71,20,0.4,0.6,0.4,1010.22,1010.7,1010.7,1010.47,3,0.4,10,1.0,0.6,0.4,,,,,,,,,,,,,,,,,,,,,,,,,,,,,,,,,,,,,,,,,,,,,,,,,,,,,,,,,,,,,,,,,,,,,,,,,,,,,,,,,,,,,,,,,,,,,,,,,,,,,,,,,,,,,,,,,,,,,,,,,,,,,,,,,,,,,,,,,,,,,,,,,,,,,,
1905,6,84.0,0.0,,,,,,,,,,,,,,,,,,,,,,,,,,,,,,,,,,,,,,,,4.6,5.65,7.36,6.17,12,2.59,22,0.3,0.5,0.7,2.42,3.93,7.17,5.05,12,2.99,22,0.3,0.5,0.7,0.0,2.55,4.35,1.92,12,2.73,22,0.3,0.5,0.7,1008.78,1009.6,1011.48,1009.91,9,1.27,18,0.3,0.5,0.6,,,,,,,,,,,,,,,,,,,,,,,,,,,,,,,,,,,,,,,,,,,,,,,,,,,,,,,,,,,,,,,,,,,,,,,,,,,,,,,,,,,,,,,,,,,,,,,,,,,,,,,,,,,,,,,,,,,,,,,,,,,,,,,,,,,,,,,,,,,,,,,,,,,,,,
1905,6,84.0,2.0,,,,,,,,,,,,,,,,,,,,,,,,,,,,,,,,,,,,,,,,6.7,9.3,9.8,8.69,13,1.63,14,0.4,0.5,0.4,4.74,8.62,9.11,7.43,13,2.39,14,0.4,0.5,0.4,3.15,3.67,4.91,3.74,13,1.97,14,0.4,0.5,0.4,1008.86,1009.8,1010.29,1009.72,6,1.04,10,0.7,0.6,0.4,,,,,,,,,,,,,,,,,,,,,,,,,,,,,,,,,,,,,,,,,,,,,,,,,,,,,,,,,,,,,,,,,,,,,,,,,,,,,,,,,,,,,,,,,,,,,,,,,,,,,,,,,,,,,,,,,,,,,,,,,,,,,,,,,,,,,,,,,,,,,,,,,,,,,,
1905,6,84.0,4.0,,,,,,,,,,,,,,,,,,,,,,,,,,,,,,,,,,,,,,,,6.7,9.3,9.3,8.98,39,2.04,14,0.4,0.5,0.6,4.74,6.58,8.56,6.85,39,2.78,14,0.4,0.5,0.6,3.63,4.74,6.58,5.19,39,1.83,14,0.4,0.5,0.6,1007.85,1009.0,1011.56,1009.58,21,2.19,14,0.4,0.4,0.6,,,,,,,,,,,,,,,,,,,,,,,,,,,,,,,,,,,,,,,,,,,,,,,,,,,,,,,,,,,,,,,,,,,,,,,,,,,,,,,,,,,,,,,,,,,,,,,,,,,,,,,,,,,,,,,,,,,,,,,,,,,,,,,,,,,,,,,,,,,,,,,,,,,,,,
1905,6,84.0,6.0,,,,,,,,,,,,,,,,,,,,,,,,,,,,,,,,,,,,,,,,6.7,6.7,12.94,9.08,6,3.82,16,0.3,0.3,0.5,4.74,5.45,9.15,6.66,6,2.58,16,0.3,0.3,0.5,4.3,4.74,9.15,6.07,6,3.08,16,0.3,0.3,0.5,1009.0,1009.0,1009.0,1009.0,1,0.0,30,0.0,0.3,0.3,,,,,,,,,,,,,,,,,,,,,,,,,,,,,,,,,,,,,,,,,,,,,,,,,,,,,,,,,,,,,,,,,,,,,,,,,,,,,,,,,,,,,,,,,,,,,,,,,,,,,,,,,,,,,,,,,,,,,,,,,,,,,,,,,,,,,,,,,,,,,,,,,,,,,,
1905,6,86.0,-46.0,,,,,,,,,,,,,,,,,,,,,,,,,,,,,,,,,,,,,,,,5.82,8.45,11.08,8.45,2,5.44,8,0.5,0.5,0.5,4.63,4.7,4.77,4.7,2,0.15,8,0.5,0.5,0.5,1.8,5.66,9.53,5.66,2,8.01,8,0.5,0.5,0.5,994.6,994.6,994.6,994.6,1,0.0,6,1.0,0.8,0.8,,,,,,,,,,,,,,,,,,,,,,,,,,,,,,,,,,,,,,,,,,,,,,,,,,,,,,,,,,,,,,,,,,,,,,,,,,,,,,,,,,,,,,,,,,,,,,,,,,,,,,,,,,,,,,,,,,,,,,,,,,,,,,,,,,,,,,,,,,,,,,,,,,,,,,
1905,6,86.0,-38.0,,,,,,,,,,,,,,,,,,,,,,,,,,,,,,,,,,,,,,,,9.3,9.3,9.3,9.3,1,0.0,30,1.0,0.8,0.8,6.58,6.58,6.58,6.58,1,0.0,30,1.0,0.8,0.8,6.58,6.58,6.58,6.58,1,0.0,30,1.0,0.8,0.8,1023.9,1023.9,1023.9,1023.9,1,0.0,30,1.0,0.8,0.8,,,,,,,,,,,,,,,,,,,,,,,,,,,,,,,,,,,,,,,,,,,,,,,,,,,,,,,,,,,,,,,,,,,,,,,,,,,,,,,,,,,,,,,,,,,,,,,,,,,,,,,,,,,,,,,,,,,,,,,,,,,,,,,,,,,,,,,,,,,,,,,,,,,,,,
1905,6,86.0,-8.0,,,,,,,,,,,,,,,,,,,,,,,,,,,,,,,,,,,,,,,,7.53,9.3,11.35,9.43,3,2.8,22,0.0,0.6,0.3,-8.65,-8.56,-5.95,-7.33,3,2.25,22,0.0,0.6,0.3,3.98,4.74,7.44,5.69,3,2.66,22,0.0,0.6,0.3,1009.56,1009.7,1010.25,1009.9,3,0.53,22,0.0,0.6,0.3,,,,,,,,,,,,,,,,,,,,,,,,,,,,,,,,,,,,,,,,,,,,,,,,,,,,,,,,,,,,,,,,,,,,,,,,,,,,,,,,,,,,,,,,,,,,,,,,,,,,,,,,,,,,,,,,,,,,,,,,,,,,,,,,,,,,,,,,,,,,,,,,,,,,,,
1905,6,86.0,-6.0,,,,,,,,,,,,,,,,,,,,,,,,,,,,,,,,,,,,,,,,0.0,2.6,2.7,1.77,7,1.8,22,0.4,0.5,0.3,-1.95,0.0,0.09,-0.87,7,1.95,22,0.4,0.5,0.3,-1.84,0.0,1.8,-0.01,7,1.49,22,0.4,0.5,0.3,1008.03,1009.15,1009.96,1009.0,4,1.16,28,0.8,0.5,0.3,,,,,,,,,,,,,,,,,,,,,,,,,,,,,,,,,,,,,,,,,,,,,,,,,,,,,,,,,,,,,,,,,,,,,,,,,,,,,,,,,,,,,,,,,,,,,,,,,,,,,,,,,,,,,,,,,,,,,,,,,,,,,,,,,,,,,,,,,,,,,,,,,,,,,,
1905,6,86.0,-4.0,,,,,,,,,,,,,,,,,,,,,,,,,,,,,,,,,,,,,,,,2.6,4.6,4.6,3.53,9,1.36,12,0.6,0.6,0.8,-1.78,0.0,2.02,0.17,9,2.18,12,0.6,0.6,0.8,1.18,2.6,4.26,2.79,9,1.54,12,0.6,0.6,0.8,1008.0,1009.0,1009.9,1009.03,7,0.82,10,0.4,0.5,0.8,,,,,,,,,,,,,,,,,,,,,,,,,,,,,,,,,,,,,,,,,,,,,,,,,,,,,,,,,,,,,,,,,,,,,,,,,,,,,,,,,,,,,,,,,,,,,,,,,,,,,,,,,,,,,,,,,,,,,,,,,,,,,,,,,,,,,,,,,,,,,,,,,,,,,,
1905,6,86.0,-2.0,,,,,,,,,,,,,,,,,,,,,,,,,,,,,,,,,,,,,,,,0.0,4.6,8.19,4.88,10,4.12,18,0.4,0.5,0.4,0.0,3.93,8.19,4.31,10,4.04,18,0.4,0.5,0.4,-1.43,0.0,2.44,0.33,10,2.52,18,0.4,0.5,0.4,1009.33,1010.6,1011.6,1010.48,4,1.33,8,0.3,0.5,0.3,,,,,,,,,,,,,,,,,,,,,,,,,,,,,,,,,,,,,,,,,,,,,,,,,,,,,,,,,,,,,,,,,,,,,,,,,,,,,,,,,,,,,,,,,,,,,,,,,,,,,,,,,,,,,,,,,,,,,,,,,,,,,,,,,,,,,,,,,,,,,,,,,,,,,,
1905,6,86.0,0.0,,,,,,,,,,,,,,,,,,,,,,,,,,,,,,,,,,,,,,,,4.6,5.65,6.7,5.98,8,1.7,24,0.6,0.4,0.8,3.36,5.24,6.7,5.3,8,2.39,24,0.6,0.4,0.8,-1.72,0.0,2.89,0.2,8,2.41,24,0.6,0.4,0.8,1007.82,1009.8,1010.62,1009.23,3,2.11,18,0.3,0.3,0.8,,,,,,,,,,,,,,,,,,,,,,,,,,,,,,,,,,,,,,,,,,,,,,,,,,,,,,,,,,,,,,,,,,,,,,,,,,,,,,,,,,,,,,,,,,,,,,,,,,,,,,,,,,,,,,,,,,,,,,,,,,,,,,,,,,,,,,,,,,,,,,,,,,,,,,
1905,6,86.0,2.0,,,,,,,,,,,,,,,,,,,,,,,,,,,,,,,,,,,,,,,,4.6,6.7,9.3,7.21,25,2.34,16,0.6,0.5,0.6,3.25,4.74,8.62,5.85,25,2.49,16,0.6,0.5,0.6,0.0,3.75,4.74,3.27,25,2.57,16,0.6,0.5,0.6,1008.07,1010.75,1011.92,1010.37,18,1.95,16,0.5,0.5,0.6,,,,,,,,,,,,,,,,,,,,,,,,,,,,,,,,,,,,,,,,,,,,,,,,,,,,,,,,,,,,,,,,,,,,,,,,,,,,,,,,,,,,,,,,,,,,,,,,,,,,,,,,,,,,,,,,,,,,,,,,,,,,,,,,,,,,,,,,,,,,,,,,,,,,,,
1905,6,86.0,4.0,,,,,,,,,,,,,,,,,,,,,,,,,,,,,,,,,,,,,,,,6.7,9.3,9.3,8.32,23,2.36,16,0.6,0.5,0.8,4.48,6.58,8.56,6.77,23,2.43,16,0.6,0.5,0.8,2.62,3.63,6.58,4.27,23,2.25,16,0.6,0.5,0.8,1006.96,1007.4,1008.6,1007.68,11,1.15,16,0.6,0.5,0.8,,,,,,,,,,,,,,,,,,,,,,,,,,,,,,,,,,,,,,,,,,,,,,,,,,,,,,,,,,,,,,,,,,,,,,,,,,,,,,,,,,,,,,,,,,,,,,,,,,,,,,,,,,,,,,,,,,,,,,,,,,,,,,,,,,,,,,,,,,,,,,,,,,,,,,
1905,6,86.0,6.0,,,,,,,,,,,,,,,,,,,,,,,,,,,,,,,,,,,,,,,,7.53,9.3,9.3,8.43,3,1.5,6,1.0,0.4,0.3,1.15,3.63,3.63,2.42,3,2.1,6,1.0,0.4,0.3,7.29,8.56,8.56,7.94,3,1.07,6,1.0,0.4,0.3,1009.98,1010.8,1011.07,1010.53,3,0.83,6,1.0,0.4,0.3,,,,,,,,,,,,,,,,,,,,,,,,,,,,,,,,,,,,,,,,,,,,,,,,,,,,,,,,,,,,,,,,,,,,,,,,,,,,,,,,,,,,,,,,,,,,,,,,,,,,,,,,,,,,,,,,,,,,,,,,,,,,,,,,,,,,,,,,,,,,,,,,,,,,,,
1905,6,88.0,-46.0,,,,,,,,,,,,,,,,,,,,,,,,,,,,,,,,,,,,,,,,13.28,15.4,17.86,15.57,3,3.35,10,1.0,0.6,0.4,2.26,7.12,8.2,5.27,3,4.63,10,1.0,0.6,0.4,-16.91,-15.4,1.05,-8.11,3,14.59,10,1.0,0.6,0.4,992.7,992.7,992.7,992.7,1,0.0,6,1.0,0.8,0.8,,,,,,,,,,,,,,,,,,,,,,,,,,,,,,,,,,,,,,,,,,,,,,,,,,,,,,,,,,,,,,,,,,,,,,,,,,,,,,,,,,,,,,,,,,,,,,,,,,,,,,,,,,,,,,,,,,,,,,,,,,,,,,,,,,,,,,,,,,,,,,,,,,,,,,
1905,6,88.0,-38.0,,,,,,,,,,,,,,,,,,,,,,,,,,,,,,,,,,,,,,,,4.6,4.6,4.6,4.6,1,0.0,30,1.0,0.8,0.8,3.25,3.25,3.25,3.25,1,0.0,30,1.0,0.8,0.8,3.25,3.25,3.25,3.25,1,0.0,30,1.0,0.8,0.8,1026.0,1026.0,1026.0,1026.0,1,0.0,30,1.0,0.8,0.8,,,,,,,,,,,,,,,,,,,,,,,,,,,,,,,,,,,,,,,,,,,,,,,,,,,,,,,,,,,,,,,,,,,,,,,,,,,,,,,,,,,,,,,,,,,,,,,,,,,,,,,,,,,,,,,,,,,,,,,,,,,,,,,,,,,,,,,,,,,,,,,,,,,,,,
1905,6,88.0,-8.0,,,,,,,,,,,,,,,,,,,,,,,,,,,,,,,,,,,,,,,,6.7,6.7,8.06,7.35,4,1.3,22,0.8,0.5,0.3,-5.7,-4.74,-4.74,-5.2,4,0.92,22,0.8,0.5,0.3,4.74,4.74,5.7,5.2,4,0.92,22,0.8,0.5,0.3,1008.5,1008.8,1009.2,1008.85,4,0.41,22,0.8,0.5,0.3,,,,,,,,,,,,,,,,,,,,,,,,,,,,,,,,,,,,,,,,,,,,,,,,,,,,,,,,,,,,,,,,,,,,,,,,,,,,,,,,,,,,,,,,,,,,,,,,,,,,,,,,,,,,,,,,,,,,,,,,,,,,,,,,,,,,,,,,,,,,,,,,,,,,,,
1905,6,88.0,-6.0,,,,,,,,,,,,,,,,,,,,,,,,,,,,,,,,,,,,,,,,4.6,4.6,6.7,5.03,10,2.36,20,0.6,0.6,0.5,-4.54,-3.25,2.42,-1.96,10,4.48,20,0.6,0.6,0.5,0.0,3.25,3.47,2.13,10,2.08,20,0.6,0.6,0.5,1007.63,1008.5,1009.8,1008.68,5,1.34,24,0.4,0.6,0.5,,,,,,,,,,,,,,,,,,,,,,,,,,,,,,,,,,,,,,,,,,,,,,,,,,,,,,,,,,,,,,,,,,,,,,,,,,,,,,,,,,,,,,,,,,,,,,,,,,,,,,,,,,,,,,,,,,,,,,,,,,,,,,,,,,,,,,,,,,,,,,,,,,,,,,
1905,6,88.0,-4.0,,,,,,,,,,,,,,,,,,,,,,,,,,,,,,,,,,,,,,,,2.27,2.6,4.6,3.0,6,1.39,12,0.3,0.4,0.5,-0.67,1.42,2.94,1.07,6,2.56,12,0.3,0.4,0.5,-0.38,0.9,2.73,0.97,6,1.91,12,0.3,0.4,0.5,1008.74,1010.05,1011.1,1009.93,4,1.37,10,0.5,0.5,0.6,,,,,,,,,,,,,,,,,,,,,,,,,,,,,,,,,,,,,,,,,,,,,,,,,,,,,,,,,,,,,,,,,,,,,,,,,,,,,,,,,,,,,,,,,,,,,,,,,,,,,,,,,,,,,,,,,,,,,,,,,,,,,,,,,,,,,,,,,,,,,,,,,,,,,,
1905,6,88.0,-2.0,,,,,,,,,,,,,,,,,,,,,,,,,,,,,,,,,,,,,,,,0.0,1.0,6.32,2.98,5,4.01,14,0.8,0.5,0.4,0.0,0.0,3.15,1.72,5,3.86,14,0.8,0.5,0.4,-1.27,0.0,2.31,0.42,5,2.89,14,0.8,0.5,0.4,1008.84,1009.4,1010.75,1009.78,4,1.36,12,0.8,0.5,0.3,,,,,,,,,,,,,,,,,,,,,,,,,,,,,,,,,,,,,,,,,,,,,,,,,,,,,,,,,,,,,,,,,,,,,,,,,,,,,,,,,,,,,,,,,,,,,,,,,,,,,,,,,,,,,,,,,,,,,,,,,,,,,,,,,,,,,,,,,,,,,,,,,,,,,,
1905,6,88.0,0.0,,,,,,,,,,,,,,,,,,,,,,,,,,,,,,,,,,,,,,,,2.82,4.6,11.68,6.29,8,3.93,24,0.4,0.5,0.8,2.61,4.43,11.62,5.92,8,4.23,24,0.4,0.5,0.8,-1.64,0.0,1.6,-0.13,8,1.65,24,0.4,0.5,0.8,1010.7,1010.7,1010.7,1010.7,1,0.0,2,1.0,0.8,0.8,,,,,,,,,,,,,,,,,,,,,,,,,,,,,,,,,,,,,,,,,,,,,,,,,,,,,,,,,,,,,,,,,,,,,,,,,,,,,,,,,,,,,,,,,,,,,,,,,,,,,,,,,,,,,,,,,,,,,,,,,,,,,,,,,,,,,,,,,,,,,,,,,,,,,,
1905,6,88.0,2.0,,,,,,,,,,,,,,,,,,,,,,,,,,,,,,,,,,,,,,,,2.6,6.7,9.3,6.36,20,3.18,18,0.5,0.5,0.5,1.03,5.47,8.67,5.05,20,3.04,18,0.5,0.5,0.5,0.0,2.45,4.74,2.94,20,2.74,18,0.5,0.5,0.5,1008.0,1009.8,1011.56,1009.91,18,1.67,16,0.5,0.5,0.5,,,,,,,,,,,,,,,,,,,,,,,,,,,,,,,,,,,,,,,,,,,,,,,,,,,,,,,,,,,,,,,,,,,,,,,,,,,,,,,,,,,,,,,,,,,,,,,,,,,,,,,,,,,,,,,,,,,,,,,,,,,,,,,,,,,,,,,,,,,,,,,,,,,,,,
1905,6,88.0,4.0,,,,,,,,,,,,,,,,,,,,,,,,,,,,,,,,,,,,,,,,6.7,6.7,9.8,7.67,29,2.11,14,0.5,0.5,0.7,3.47,6.17,8.56,5.89,29,2.46,14,0.5,0.5,0.7,3.25,4.74,6.41,4.5,29,1.58,14,0.5,0.5,0.7,1006.0,1008.0,1010.33,1008.15,11,1.94,18,0.6,0.5,0.7,,,,,,,,,,,,,,,,,,,,,,,,,,,,,,,,,,,,,,,,,,,,,,,,,,,,,,,,,,,,,,,,,,,,,,,,,,,,,,,,,,,,,,,,,,,,,,,,,,,,,,,,,,,,,,,,,,,,,,,,,,,,,,,,,,,,,,,,,,,,,,,,,,,,,,
1905,6,88.0,6.0,,,,,,,,,,,,,,,,,,,,,,,,,,,,,,,,,,,,,,,,4.6,5.65,6.7,5.65,6,1.15,6,0.0,0.5,0.3,1.43,2.21,2.62,1.91,6,1.02,6,0.0,0.5,0.3,4.23,5.38,6.17,5.26,6,1.0,6,0.0,0.5,0.3,1009.58,1010.6,1011.72,1010.63,6,1.17,6,0.0,0.5,0.3,,,,,,,,,,,,,,,,,,,,,,,,,,,,,,,,,,,,,,,,,,,,,,,,,,,,,,,,,,,,,,,,,,,,,,,,,,,,,,,,,,,,,,,,,,,,,,,,,,,,,,,,,,,,,,,,,,,,,,,,,,,,,,,,,,,,,,,,,,,,,,,,,,,,,,
1905,6,90.0,-38.0,,,,,,,,,,,,,,,,,,,,,,,,,,,,,,,,,,,,,,,,6.31,10.0,13.69,10.0,2,7.64,18,1.0,0.5,0.8,6.31,10.0,13.69,10.0,2,7.64,18,1.0,0.5,0.8,0.0,0.0,0.0,0.0,2,0.0,18,1.0,0.5,0.8,1016.98,1020.15,1023.32,1020.15,2,6.58,18,1.0,0.5,0.8,,,,,,,,,,,,,,,,,,,,,,,,,,,,,,,,,,,,,,,,,,,,,,,,,,,,,,,,,,,,,,,,,,,,,,,,,,,,,,,,,,,,,,,,,,,,,,,,,,,,,,,,,,,,,,,,,,,,,,,,,,,,,,,,,,,,,,,,,,,,,,,,,,,,,,
1905,6,90.0,-36.0,,,,,,,,,,,,,,,,,,,,,,,,,,,,,,,,,,,,,,,,9.3,9.3,9.3,9.3,1,0.0,30,1.0,0.3,0.3,8.56,8.56,8.56,8.56,1,0.0,30,1.0,0.3,0.3,-3.63,-3.63,-3.63,-3.63,1,0.0,30,1.0,0.3,0.3,1022.3,1022.3,1022.3,1022.3,1,0.0,30,1.0,0.3,0.3,,,,,,,,,,,,,,,,,,,,,,,,,,,,,,,,,,,,,,,,,,,,,,,,,,,,,,,,,,,,,,,,,,,,,,,,,,,,,,,,,,,,,,,,,,,,,,,,,,,,,,,,,,,,,,,,,,,,,,,,,,,,,,,,,,,,,,,,,,,,,,,,,,,,,,
1905,6,90.0,-8.0,,,,,,,,,,,,,,,,,,,,,,,,,,,,,,,,,,,,,,,,4.6,6.7,9.01,6.31,8,2.33,18,0.3,0.5,0.4,-6.37,-4.74,-3.4,-4.63,8,1.57,18,0.3,0.5,0.4,2.0,4.74,6.37,4.06,8,2.27,18,0.3,0.5,0.4,1007.71,1008.5,1009.79,1008.67,6,1.28,20,0.3,0.4,0.5,,,,,,,,,,,,,,,,,,,,,,,,,,,,,,,,,,,,,,,,,,,,,,,,,,,,,,,,,,,,,,,,,,,,,,,,,,,,,,,,,,,,,,,,,,,,,,,,,,,,,,,,,,,,,,,,,,,,,,,,,,,,,,,,,,,,,,,,,,,,,,,,,,,,,,
1905,6,90.0,-6.0,,,,,,,,,,,,,,,,,,,,,,,,,,,,,,,,,,,,,,,,0.0,3.6,6.7,3.43,6,3.07,18,0.5,0.5,0.3,-6.17,-3.42,0.0,-3.19,6,2.81,18,0.5,0.5,0.3,0.0,0.9,2.62,1.17,6,1.32,18,0.5,0.5,0.3,1010.25,1010.8,1011.35,1010.8,2,1.13,28,1.0,0.5,0.3,,,,,,,,,,,,,,,,,,,,,,,,,,,,,,,,,,,,,,,,,,,,,,,,,,,,,,,,,,,,,,,,,,,,,,,,,,,,,,,,,,,,,,,,,,,,,,,,,,,,,,,,,,,,,,,,,,,,,,,,,,,,,,,,,,,,,,,,,,,,,,,,,,,,,,
1905,6,90.0,-2.0,,,,,,,,,,,,,,,,,,,,,,,,,,,,,,,,,,,,,,,,0.0,0.5,2.89,1.4,4,2.18,12,0.8,0.5,0.4,0.0,0.0,0.37,0.18,4,0.35,12,0.8,0.5,0.4,-0.37,0.0,2.41,0.97,4,2.44,12,0.8,0.5,0.4,1009.68,1010.5,1011.05,1010.37,3,1.01,8,0.7,0.4,0.3,,,,,,,,,,,,,,,,,,,,,,,,,,,,,,,,,,,,,,,,,,,,,,,,,,,,,,,,,,,,,,,,,,,,,,,,,,,,,,,,,,,,,,,,,,,,,,,,,,,,,,,,,,,,,,,,,,,,,,,,,,,,,,,,,,,,,,,,,,,,,,,,,,,,,,
1905,6,90.0,0.0,,,,,,,,,,,,,,,,,,,,,,,,,,,,,,,,,,,,,,,,1.0,2.6,6.7,3.59,11,2.98,20,0.6,0.4,0.6,0.0,0.71,6.39,2.73,11,3.22,20,0.6,0.4,0.6,-0.29,1.0,2.61,0.96,11,1.86,20,0.6,0.4,0.6,1009.61,1010.55,1010.66,1010.22,6,0.74,16,0.5,0.6,0.7,,,,,,,,,,,,,,,,,,,,,,,,,,,,,,,,,,,,,,,,,,,,,,,,,,,,,,,,,,,,,,,,,,,,,,,,,,,,,,,,,,,,,,,,,,,,,,,,,,,,,,,,,,,,,,,,,,,,,,,,,,,,,,,,,,,,,,,,,,,,,,,,,,,,,,
1905,6,90.0,2.0,,,,,,,,,,,,,,,,,,,,,,,,,,,,,,,,,,,,,,,,2.6,4.6,6.7,4.38,14,2.62,22,0.5,0.5,0.4,1.02,4.23,6.67,3.9,14,2.86,22,0.5,0.5,0.4,0.0,1.8,2.39,1.28,14,1.09,22,0.5,0.5,0.4,1008.54,1010.6,1012.73,1010.63,7,2.23,18,0.7,0.3,0.5,,,,,,,,,,,,,,,,,,,,,,,,,,,,,,,,,,,,,,,,,,,,,,,,,,,,,,,,,,,,,,,,,,,,,,,,,,,,,,,,,,,,,,,,,,,,,,,,,,,,,,,,,,,,,,,,,,,,,,,,,,,,,,,,,,,,,,,,,,,,,,,,,,,,,,
1905,6,90.0,4.0,,,,,,,,,,,,,,,,,,,,,,,,,,,,,,,,,,,,,,,,4.6,6.7,9.3,6.53,43,2.25,14,0.5,0.5,0.6,1.72,4.74,6.7,4.72,43,2.87,14,0.5,0.5,0.6,2.19,4.27,5.76,3.7,43,1.95,14,0.5,0.5,0.6,1007.07,1009.0,1010.17,1008.6,21,1.53,16,0.5,0.5,0.6,,,,,,,,,,,,,,,,,,,,,,,,,,,,,,,,,,,,,,,,,,,,,,,,,,,,,,,,,,,,,,,,,,,,,,,,,,,,,,,,,,,,,,,,,,,,,,,,,,,,,,,,,,,,,,,,,,,,,,,,,,,,,,,,,,,,,,,,,,,,,,,,,,,,,,
1905,6,90.0,6.0,,,,,,,,,,,,,,,,,,,,,,,,,,,,,,,,,,,,,,,,4.6,4.6,4.6,4.6,2,0.0,8,1.0,0.5,0.3,2.03,2.53,3.02,2.53,2,1.03,8,1.0,0.5,0.3,3.41,3.74,4.08,3.74,2,0.69,8,1.0,0.5,0.3,1011.55,1011.65,1011.75,1011.65,2,0.21,8,1.0,0.5,0.3,,,,,,,,,,,,,,,,,,,,,,,,,,,,,,,,,,,,,,,,,,,,,,,,,,,,,,,,,,,,,,,,,,,,,,,,,,,,,,,,,,,,,,,,,,,,,,,,,,,,,,,,,,,,,,,,,,,,,,,,,,,,,,,,,,,,,,,,,,,,,,,,,,,,,,
1905,6,92.0,-10.0,,,,,,,,,,,,,,,,,,,,,,,,,,,,,,,,,,,,,,,,4.6,6.7,9.3,6.9,5,2.35,18,0.6,0.4,0.6,-6.58,-4.74,-3.25,-4.88,5,1.66,18,0.6,0.4,0.6,3.25,4.74,6.58,4.88,5,1.66,18,0.6,0.4,0.6,1008.0,1008.0,1008.68,1008.33,3,0.58,20,0.7,0.4,0.6,,,,,,,,,,,,,,,,,,,,,,,,,,,,,,,,,,,,,,,,,,,,,,,,,,,,,,,,,,,,,,,,,,,,,,,,,,,,,,,,,,,,,,,,,,,,,,,,,,,,,,,,,,,,,,,,,,,,,,,,,,,,,,,,,,,,,,,,,,,,,,,,,,,,,,
1905,6,92.0,-8.0,,,,,,,,,,,,,,,,,,,,,,,,,,,,,,,,,,,,,,,,4.6,5.65,6.7,5.65,4,1.21,20,0.5,0.5,0.8,-6.7,-5.47,-4.23,-5.47,4,1.42,20,0.5,0.5,0.8,0.0,0.9,1.8,0.9,4,1.04,20,0.5,0.5,0.8,1008.16,1009.6,1010.2,1009.2,4,1.37,20,0.5,0.5,0.8,,,,,,,,,,,,,,,,,,,,,,,,,,,,,,,,,,,,,,,,,,,,,,,,,,,,,,,,,,,,,,,,,,,,,,,,,,,,,,,,,,,,,,,,,,,,,,,,,,,,,,,,,,,,,,,,,,,,,,,,,,,,,,,,,,,,,,,,,,,,,,,,,,,,,,
1905,6,92.0,-6.0,,,,,,,,,,,,,,,,,,,,,,,,,,,,,,,,,,,,,,,,2.06,4.6,5.03,3.85,6,2.29,20,0.5,0.5,0.3,-4.63,-2.12,1.65,-1.57,6,3.95,20,0.5,0.5,0.3,-1.92,0.9,1.97,0.33,6,2.08,20,0.5,0.5,0.3,1009.41,1010.5,1010.77,1010.1,3,1.06,26,0.0,0.4,0.3,,,,,,,,,,,,,,,,,,,,,,,,,,,,,,,,,,,,,,,,,,,,,,,,,,,,,,,,,,,,,,,,,,,,,,,,,,,,,,,,,,,,,,,,,,,,,,,,,,,,,,,,,,,,,,,,,,,,,,,,,,,,,,,,,,,,,,,,,,,,,,,,,,,,,,
1905,6,92.0,-4.0,,,,,,,,,,,,,,,,,,,,,,,,,,,,,,,,,,,,,,,,0.0,0.0,1.77,0.87,3,1.5,18,0.3,0.4,0.8,0.0,0.0,0.0,0.0,3,0.0,18,0.3,0.4,0.8,0.0,0.0,1.77,0.87,3,1.5,18,0.3,0.4,0.8,1008.73,1009.0,1009.55,1009.13,3,0.61,18,0.3,0.4,0.8,,,,,,,,,,,,,,,,,,,,,,,,,,,,,,,,,,,,,,,,,,,,,,,,,,,,,,,,,,,,,,,,,,,,,,,,,,,,,,,,,,,,,,,,,,,,,,,,,,,,,,,,,,,,,,,,,,,,,,,,,,,,,,,,,,,,,,,,,,,,,,,,,,,,,,
1905,6,92.0,-2.0,,,,,,,,,,,,,,,,,,,,,,,,,,,,,,,,,,,,,,,,0.0,1.0,2.6,1.2,6,1.17,16,0.2,0.5,0.7,0.0,0.96,2.45,1.16,6,1.13,16,0.2,0.5,0.7,-0.5,0.0,0.0,-0.22,6,0.4,16,0.2,0.5,0.7,1009.95,1010.5,1011.05,1010.5,2,1.13,4,0.0,0.5,0.5,,,,,,,,,,,,,,,,,,,,,,,,,,,,,,,,,,,,,,,,,,,,,,,,,,,,,,,,,,,,,,,,,,,,,,,,,,,,,,,,,,,,,,,,,,,,,,,,,,,,,,,,,,,,,,,,,,,,,,,,,,,,,,,,,,,,,,,,,,,,,,,,,,,,,,
1905,6,92.0,0.0,,,,,,,,,,,,,,,,,,,,,,,,,,,,,,,,,,,,,,,,1.0,1.0,2.6,1.48,12,1.22,16,0.3,0.5,0.5,0.0,0.55,0.98,0.83,12,1.27,16,0.3,0.5,0.5,-0.9,0.35,0.92,0.02,12,1.23,16,0.3,0.5,0.5,1009.75,1010.85,1011.95,1010.74,12,1.15,16,0.3,0.5,0.5,,,,,,,,,,,,,,,,,,,,,,,,,,,,,,,,,,,,,,,,,,,,,,,,,,,,,,,,,,,,,,,,,,,,,,,,,,,,,,,,,,,,,,,,,,,,,,,,,,,,,,,,,,,,,,,,,,,,,,,,,,,,,,,,,,,,,,,,,,,,,,,,,,,,,,
1905,6,92.0,4.0,,,,,,,,,,,,,,,,,,,,,,,,,,,,,,,,,,,,,,,,2.6,4.6,9.3,6.11,52,2.77,14,0.5,0.5,0.7,1.04,3.48,6.58,4.11,52,2.92,14,0.5,0.5,0.7,1.8,3.48,6.58,3.83,52,2.24,14,0.5,0.5,0.7,1007.65,1009.3,1011.0,1009.23,25,1.6,14,0.5,0.5,0.6,,,,,,,,,,,,,,,,,,,,,,,,,,,,,,,,,,,,,,,,,,,,,,,,,,,,,,,,,,,,,,,,,,,,,,,,,,,,,,,,,,,,,,,,,,,,,,,,,,,,,,,,,,,,,,,,,,,,,,,,,,,,,,,,,,,,,,,,,,,,,,,,,,,,,,
1905,6,94.0,-46.0,,,,,,,,,,,,,,,,,,,,,,,,,,,,,,,,,,,,,,,,12.38,19.0,19.0,15.77,3,5.6,10,1.0,0.3,0.6,5.59,17.62,17.62,11.74,3,10.17,10,1.0,0.3,0.6,-4.09,7.12,7.12,1.65,3,9.48,10,1.0,0.3,0.6,996.33,997.25,998.17,997.25,2,1.91,8,1.0,0.3,0.8,,,,,,,,,,,,,,,,,,,,,,,,,,,,,,,,,,,,,,,,,,,,,,,,,,,,,,,,,,,,,,,,,,,,,,,,,,,,,,,,,,,,,,,,,,,,,,,,,,,,,,,,,,,,,,,,,,,,,,,,,,,,,,,,,,,,,,,,,,,,,,,,,,,,,,
1905,6,94.0,-36.0,,,,,,,,,,,,,,,,,,,,,,,,,,,,,,,,,,,,,,,,9.3,9.3,9.3,9.3,1,0.0,8,1.0,0.3,0.3,8.62,8.62,8.62,8.62,1,0.0,8,1.0,0.3,0.3,3.48,3.48,3.48,3.48,1,0.0,8,1.0,0.3,0.3,1024.4,1024.4,1024.4,1024.4,1,0.0,8,1.0,0.3,0.3,,,,,,,,,,,,,,,,,,,,,,,,,,,,,,,,,,,,,,,,,,,,,,,,,,,,,,,,,,,,,,,,,,,,,,,,,,,,,,,,,,,,,,,,,,,,,,,,,,,,,,,,,,,,,,,,,,,,,,,,,,,,,,,,,,,,,,,,,,,,,,,,,,,,,,
1905,6,94.0,-14.0,,,,,,,,,,,,,,,,,,,,,,,,,,,,,,,,,,,,,,,,9.3,9.3,9.3,9.3,2,0.0,20,0.5,0.8,0.8,-6.58,-6.58,-6.58,-6.58,2,0.0,20,0.5,0.8,0.8,6.58,6.58,6.58,6.58,2,0.0,20,0.5,0.8,0.8,1009.32,1010.0,1010.68,1010.0,2,1.41,20,0.5,0.8,0.8,,,,,,,,,,,,,,,,,,,,,,,,,,,,,,,,,,,,,,,,,,,,,,,,,,,,,,,,,,,,,,,,,,,,,,,,,,,,,,,,,,,,,,,,,,,,,,,,,,,,,,,,,,,,,,,,,,,,,,,,,,,,,,,,,,,,,,,,,,,,,,,,,,,,,,
1905,6,94.0,-12.0,,,,,,,,,,,,,,,,,,,,,,,,,,,,,,,,,,,,,,,,4.6,6.95,9.92,7.45,6,3.31,18,0.2,0.4,0.5,-7.01,-5.42,-4.06,-5.61,6,2.03,18,0.2,0.4,0.5,1.72,4.91,7.01,4.76,6,2.93,18,0.2,0.4,0.5,1007.63,1009.0,1009.0,1008.33,3,1.15,20,0.3,0.4,0.6,,,,,,,,,,,,,,,,,,,,,,,,,,,,,,,,,,,,,,,,,,,,,,,,,,,,,,,,,,,,,,,,,,,,,,,,,,,,,,,,,,,,,,,,,,,,,,,,,,,,,,,,,,,,,,,,,,,,,,,,,,,,,,,,,,,,,,,,,,,,,,,,,,,,,,
1905,6,94.0,-8.0,,,,,,,,,,,,,,,,,,,,,,,,,,,,,,,,,,,,,,,,4.6,4.6,6.03,5.3,3,1.21,20,0.7,0.4,0.8,-5.55,-4.23,-4.23,-4.88,3,1.12,20,0.7,0.4,0.8,1.8,1.8,2.36,2.07,3,0.47,20,0.7,0.4,0.8,1007.07,1008.3,1008.3,1007.7,3,1.04,20,0.7,0.4,0.8,,,,,,,,,,,,,,,,,,,,,,,,,,,,,,,,,,,,,,,,,,,,,,,,,,,,,,,,,,,,,,,,,,,,,,,,,,,,,,,,,,,,,,,,,,,,,,,,,,,,,,,,,,,,,,,,,,,,,,,,,,,,,,,,,,,,,,,,,,,,,,,,,,,,,,
1905,6,94.0,-6.0,,,,,,,,,,,,,,,,,,,,,,,,,,,,,,,,,,,,,,,,4.19,4.6,6.7,4.97,6,1.55,20,0.5,0.5,0.3,-4.23,-2.1,0.98,-1.32,6,3.37,20,0.5,0.5,0.3,-5.14,-1.61,1.8,-1.84,6,3.8,20,0.5,0.5,0.3,1009.44,1010.4,1011.08,1010.27,3,1.21,26,1.0,0.4,0.3,,,,,,,,,,,,,,,,,,,,,,,,,,,,,,,,,,,,,,,,,,,,,,,,,,,,,,,,,,,,,,,,,,,,,,,,,,,,,,,,,,,,,,,,,,,,,,,,,,,,,,,,,,,,,,,,,,,,,,,,,,,,,,,,,,,,,,,,,,,,,,,,,,,,,,
1905,6,94.0,-4.0,,,,,,,,,,,,,,,,,,,,,,,,,,,,,,,,,,,,,,,,0.0,0.0,0.0,0.0,2,0.0,18,0.5,0.5,0.8,0.0,0.0,0.0,0.0,2,0.0,18,0.5,0.5,0.8,0.0,0.0,0.0,0.0,2,0.0,18,0.5,0.5,0.8,1007.92,1008.4,1008.88,1008.4,2,0.99,18,0.5,0.5,0.8,,,,,,,,,,,,,,,,,,,,,,,,,,,,,,,,,,,,,,,,,,,,,,,,,,,,,,,,,,,,,,,,,,,,,,,,,,,,,,,,,,,,,,,,,,,,,,,,,,,,,,,,,,,,,,,,,,,,,,,,,,,,,,,,,,,,,,,,,,,,,,,,,,,,,,
1905,6,94.0,-2.0,,,,,,,,,,,,,,,,,,,,,,,,,,,,,,,,,,,,,,,,0.95,2.6,4.7,2.93,7,2.45,14,0.7,0.6,0.5,0.0,1.0,4.36,2.04,7,2.4,14,0.7,0.6,0.5,-1.76,0.0,1.1,0.04,7,2.32,14,0.7,0.6,0.5,1008.38,1009.75,1010.91,1009.65,4,1.52,8,0.8,0.6,0.8,,,,,,,,,,,,,,,,,,,,,,,,,,,,,,,,,,,,,,,,,,,,,,,,,,,,,,,,,,,,,,,,,,,,,,,,,,,,,,,,,,,,,,,,,,,,,,,,,,,,,,,,,,,,,,,,,,,,,,,,,,,,,,,,,,,,,,,,,,,,,,,,,,,,,,
1905,6,94.0,0.0,,,,,,,,,,,,,,,,,,,,,,,,,,,,,,,,,,,,,,,,0.43,1.0,1.0,0.96,10,0.71,18,0.7,0.5,0.3,0.16,0.39,0.95,0.48,10,0.37,18,0.7,0.5,0.3,-0.93,0.0,0.92,-0.19,10,1.05,18,0.7,0.5,0.3,1008.54,1010.7,1011.43,1010.32,10,1.44,18,0.7,0.5,0.3,,,,,,,,,,,,,,,,,,,,,,,,,,,,,,,,,,,,,,,,,,,,,,,,,,,,,,,,,,,,,,,,,,,,,,,,,,,,,,,,,,,,,,,,,,,,,,,,,,,,,,,,,,,,,,,,,,,,,,,,,,,,,,,,,,,,,,,,,,,,,,,,,,,,,,
1905,6,94.0,4.0,,,,,,,,,,,,,,,,,,,,,,,,,,,,,,,,,,,,,,,,2.6,6.7,9.3,5.79,61,2.89,16,0.5,0.5,0.7,0.0,3.25,6.58,3.56,61,3.03,16,0.5,0.5,0.7,0.99,3.48,6.58,3.65,61,2.61,16,0.5,0.5,0.7,1007.92,1009.7,1010.81,1009.43,25,1.59,14,0.6,0.4,0.8,,,,,,,,,,,,,,,,,,,,,,,,,,,,,,,,,,,,,,,,,,,,,,,,,,,,,,,,,,,,,,,,,,,,,,,,,,,,,,,,,,,,,,,,,,,,,,,,,,,,,,,,,,,,,,,,,,,,,,,,,,,,,,,,,,,,,,,,,,,,,,,,,,,,,,
1905,6,94.0,6.0,,,,,,,,,,,,,,,,,,,,,,,,,,,,,,,,,,,,,,,,2.6,4.6,7.41,5.34,5,4.02,10,0.6,0.8,0.5,1.45,1.72,4.34,2.99,5,3.21,10,0.6,0.8,0.5,2.2,4.27,5.88,4.3,5,2.69,10,0.6,0.8,0.5,1008.48,1009.0,1009.52,1009.0,4,0.82,8,0.8,0.8,0.5,,,,,,,,,,,,,,,,,,,,,,,,,,,,,,,,,,,,,,,,,,,,,,,,,,,,,,,,,,,,,,,,,,,,,,,,,,,,,,,,,,,,,,,,,,,,,,,,,,,,,,,,,,,,,,,,,,,,,,,,,,,,,,,,,,,,,,,,,,,,,,,,,,,,,,
1905,6,94.0,8.0,,,,,,,,,,,,,,,,,,,,,,,,,,,,,,,,,,,,,,,,6.7,6.7,6.7,6.7,1,0.0,2,0.0,0.8,0.3,2.51,2.51,2.51,2.51,1,0.0,2,0.0,0.8,0.3,6.21,6.21,6.21,6.21,1,0.0,2,0.0,0.8,0.3,1010.0,1010.0,1010.0,1010.0,1,0.0,2,0.0,0.8,0.3,,,,,,,,,,,,,,,,,,,,,,,,,,,,,,,,,,,,,,,,,,,,,,,,,,,,,,,,,,,,,,,,,,,,,,,,,,,,,,,,,,,,,,,,,,,,,,,,,,,,,,,,,,,,,,,,,,,,,,,,,,,,,,,,,,,,,,,,,,,,,,,,,,,,,,
1905,6,96.0,-36.0,,,,,,,,,,,,,,,,,,,,,,,,,,,,,,,,,,,,,,,,6.7,6.7,6.7,6.7,1,0.0,10,1.0,0.8,0.8,6.21,6.21,6.21,6.21,1,0.0,10,1.0,0.8,0.8,2.51,2.51,2.51,2.51,1,0.0,10,1.0,0.8,0.8,1029.3,1029.3,1029.3,1029.3,1,0.0,10,1.0,0.8,0.8,,,,,,,,,,,,,,,,,,,,,,,,,,,,,,,,,,,,,,,,,,,,,,,,,,,,,,,,,,,,,,,,,,,,,,,,,,,,,,,,,,,,,,,,,,,,,,,,,,,,,,,,,,,,,,,,,,,,,,,,,,,,,,,,,,,,,,,,,,,,,,,,,,,,,,
1905,6,96.0,-16.0,,,,,,,,,,,,,,,,,,,,,,,,,,,,,,,,,,,,,,,,9.3,9.3,9.3,9.3,2,0.0,22,0.5,0.8,0.8,-6.58,-6.58,-6.58,-6.58,2,0.0,22,0.5,0.8,0.8,6.58,6.58,6.58,6.58,2,0.0,22,0.5,0.8,0.8,1011.16,1011.5,1011.84,1011.5,2,0.71,22,0.5,0.8,0.8,,,,,,,,,,,,,,,,,,,,,,,,,,,,,,,,,,,,,,,,,,,,,,,,,,,,,,,,,,,,,,,,,,,,,,,,,,,,,,,,,,,,,,,,,,,,,,,,,,,,,,,,,,,,,,,,,,,,,,,,,,,,,,,,,,,,,,,,,,,,,,,,,,,,,,
1905,6,96.0,-14.0,,,,,,,,,,,,,,,,,,,,,,,,,,,,,,,,,,,,,,,,4.6,5.65,8.06,6.3,4,2.23,16,1.0,0.4,0.4,-6.4,-5.24,-4.27,-5.33,4,1.24,16,1.0,0.4,0.4,1.72,2.12,4.64,3.13,4,2.33,16,1.0,0.4,0.4,1011.0,1011.0,1011.0,1011.0,1,0.0,22,1.0,0.3,0.3,,,,,,,,,,,,,,,,,,,,,,,,,,,,,,,,,,,,,,,,,,,,,,,,,,,,,,,,,,,,,,,,,,,,,,,,,,,,,,,,,,,,,,,,,,,,,,,,,,,,,,,,,,,,,,,,,,,,,,,,,,,,,,,,,,,,,,,,,,,,,,,,,,,,,,
1905,6,96.0,-8.0,,,,,,,,,,,,,,,,,,,,,,,,,,,,,,,,,,,,,,,,4.6,4.6,6.03,5.3,3,1.21,20,0.3,0.4,0.8,-5.55,-4.23,-4.23,-4.88,3,1.12,20,0.3,0.4,0.8,1.8,1.8,2.36,2.07,3,0.47,20,0.3,0.4,0.8,1007.91,1008.8,1009.14,1008.53,3,0.93,20,0.3,0.4,0.8,,,,,,,,,,,,,,,,,,,,,,,,,,,,,,,,,,,,,,,,,,,,,,,,,,,,,,,,,,,,,,,,,,,,,,,,,,,,,,,,,,,,,,,,,,,,,,,,,,,,,,,,,,,,,,,,,,,,,,,,,,,,,,,,,,,,,,,,,,,,,,,,,,,,,,
1905,6,96.0,-6.0,,,,,,,,,,,,,,,,,,,,,,,,,,,,,,,,,,,,,,,,0.79,3.6,5.03,3.25,6,2.51,20,0.5,0.6,0.3,-3.56,-2.09,0.0,-2.03,6,1.99,20,0.5,0.6,0.3,-0.54,1.82,3.56,1.51,6,2.72,20,0.5,0.6,0.3,1011.44,1012.4,1012.81,1012.13,3,1.03,26,0.0,0.6,0.3,,,,,,,,,,,,,,,,,,,,,,,,,,,,,,,,,,,,,,,,,,,,,,,,,,,,,,,,,,,,,,,,,,,,,,,,,,,,,,,,,,,,,,,,,,,,,,,,,,,,,,,,,,,,,,,,,,,,,,,,,,,,,,,,,,,,,,,,,,,,,,,,,,,,,,
1905,6,96.0,-4.0,,,,,,,,,,,,,,,,,,,,,,,,,,,,,,,,,,,,,,,,0.0,0.0,0.0,0.0,3,0.0,16,0.7,0.4,0.8,0.0,0.0,0.0,0.0,3,0.0,16,0.7,0.4,0.8,0.0,0.0,0.0,0.0,3,0.0,16,0.7,0.4,0.8,1009.73,1009.8,1010.69,1010.2,3,0.78,16,0.7,0.4,0.8,,,,,,,,,,,,,,,,,,,,,,,,,,,,,,,,,,,,,,,,,,,,,,,,,,,,,,,,,,,,,,,,,,,,,,,,,,,,,,,,,,,,,,,,,,,,,,,,,,,,,,,,,,,,,,,,,,,,,,,,,,,,,,,,,,,,,,,,,,,,,,,,,,,,,,
1905,6,96.0,-2.0,,,,,,,,,,,,,,,,,,,,,,,,,,,,,,,,,,,,,,,,0.06,1.0,4.6,2.19,14,2.14,16,0.3,0.5,0.7,-1.73,0.0,1.0,0.1,14,1.77,16,0.3,0.5,0.7,-4.26,0.0,0.66,-1.15,14,2.28,16,0.3,0.5,0.7,1009.72,1011.05,1011.85,1011.08,12,1.34,14,0.3,0.5,0.8,,,,,,,,,,,,,,,,,,,,,,,,,,,,,,,,,,,,,,,,,,,,,,,,,,,,,,,,,,,,,,,,,,,,,,,,,,,,,,,,,,,,,,,,,,,,,,,,,,,,,,,,,,,,,,,,,,,,,,,,,,,,,,,,,,,,,,,,,,,,,,,,,,,,,,
1905,6,96.0,0.0,,,,,,,,,,,,,,,,,,,,,,,,,,,,,,,,,,,,,,,,0.0,0.0,0.0,0.0,1,0.0,16,0.0,0.3,0.3,0.0,0.0,0.0,0.0,1,0.0,16,0.0,0.3,0.3,0.0,0.0,0.0,0.0,1,0.0,16,0.0,0.3,0.3,1010.6,1010.6,1010.6,1010.6,1,0.0,16,0.0,0.3,0.3,,,,,,,,,,,,,,,,,,,,,,,,,,,,,,,,,,,,,,,,,,,,,,,,,,,,,,,,,,,,,,,,,,,,,,,,,,,,,,,,,,,,,,,,,,,,,,,,,,,,,,,,,,,,,,,,,,,,,,,,,,,,,,,,,,,,,,,,,,,,,,,,,,,,,,
1905,6,96.0,4.0,,,,,,,,,,,,,,,,,,,,,,,,,,,,,,,,,,,,,,,,1.0,2.6,4.6,2.93,45,2.34,14,0.5,0.5,0.8,-1.84,0.0,3.25,0.83,45,3.05,14,0.5,0.5,0.8,-0.01,0.71,2.6,0.99,45,1.8,14,0.5,0.5,0.8,1008.0,1008.8,1010.06,1008.87,18,1.18,14,0.3,0.6,0.8,,,,,,,,,,,,,,,,,,,,,,,,,,,,,,,,,,,,,,,,,,,,,,,,,,,,,,,,,,,,,,,,,,,,,,,,,,,,,,,,,,,,,,,,,,,,,,,,,,,,,,,,,,,,,,,,,,,,,,,,,,,,,,,,,,,,,,,,,,,,,,,,,,,,,,
1905,6,96.0,6.0,,,,,,,,,,,,,,,,,,,,,,,,,,,,,,,,,,,,,,,,2.6,2.6,2.6,2.6,2,0.0,28,1.0,0.5,0.3,-1.84,-1.84,-1.84,-1.84,2,0.0,28,1.0,0.5,0.3,1.84,1.84,1.84,1.84,2,0.0,28,1.0,0.5,0.3,1006.48,1007.5,1008.52,1007.5,2,2.12,28,1.0,0.5,0.3,,,,,,,,,,,,,,,,,,,,,,,,,,,,,,,,,,,,,,,,,,,,,,,,,,,,,,,,,,,,,,,,,,,,,,,,,,,,,,,,,,,,,,,,,,,,,,,,,,,,,,,,,,,,,,,,,,,,,,,,,,,,,,,,,,,,,,,,,,,,,,,,,,,,,,
1905,6,96.0,8.0,,,,,,,,,,,,,,,,,,,,,,,,,,,,,,,,,,,,,,,,4.93,5.65,6.37,5.65,2,1.48,2,0.5,0.3,0.8,1.85,2.12,2.39,2.12,2,0.56,2,0.5,0.3,0.8,4.57,5.24,5.9,5.24,2,1.38,2,0.5,0.3,0.8,1007.32,1008.0,1008.68,1008.0,2,1.41,2,0.5,0.3,0.8,,,,,,,,,,,,,,,,,,,,,,,,,,,,,,,,,,,,,,,,,,,,,,,,,,,,,,,,,,,,,,,,,,,,,,,,,,,,,,,,,,,,,,,,,,,,,,,,,,,,,,,,,,,,,,,,,,,,,,,,,,,,,,,,,,,,,,,,,,,,,,,,,,,,,,
1905,6,96.0,10.0,,,,,,,,,,,,,,,,,,,,,,,,,,,,,,,,,,,,,,,,6.7,8.0,10.87,8.75,4,2.67,2,0.5,0.3,0.5,2.51,3.0,4.07,3.28,4,1.0,2,0.5,0.3,0.5,6.21,7.42,10.08,8.11,4,2.47,2,0.5,0.3,0.5,1007.95,1009.0,1009.52,1008.75,4,1.26,2,0.5,0.3,0.5,,,,,,,,,,,,,,,,,,,,,,,,,,,,,,,,,,,,,,,,,,,,,,,,,,,,,,,,,,,,,,,,,,,,,,,,,,,,,,,,,,,,,,,,,,,,,,,,,,,,,,,,,,,,,,,,,,,,,,,,,,,,,,,,,,,,,,,,,,,,,,,,,,,,,,
1905,6,96.0,12.0,,,,,,,,,,,,,,,,,,,,,,,,,,,,,,,,,,,,,,,,10.25,12.3,12.3,11.3,3,1.73,2,0.7,0.3,0.6,5.14,8.7,8.7,6.96,3,3.01,2,0.7,0.3,0.6,8.65,8.7,8.7,8.67,3,0.04,2,0.7,0.3,0.6,1007.63,1009.0,1009.68,1008.67,3,1.53,2,0.7,0.3,0.6,,,,,,,,,,,,,,,,,,,,,,,,,,,,,,,,,,,,,,,,,,,,,,,,,,,,,,,,,,,,,,,,,,,,,,,,,,,,,,,,,,,,,,,,,,,,,,,,,,,,,,,,,,,,,,,,,,,,,,,,,,,,,,,,,,,,,,,,,,,,,,,,,,,,,,
1905,6,96.0,14.0,,,,,,,,,,,,,,,,,,,,,,,,,,,,,,,,,,,,,,,,6.7,6.7,6.7,6.7,2,0.0,2,0.5,0.3,0.5,2.86,3.62,4.38,3.62,2,1.58,2,0.5,0.3,0.5,4.97,5.47,5.98,5.47,2,1.04,2,0.5,0.3,0.5,1008.0,1008.0,1008.0,1008.0,1,0.0,2,1.0,0.3,0.3,,,,,,,,,,,,,,,,,,,,,,,,,,,,,,,,,,,,,,,,,,,,,,,,,,,,,,,,,,,,,,,,,,,,,,,,,,,,,,,,,,,,,,,,,,,,,,,,,,,,,,,,,,,,,,,,,,,,,,,,,,,,,,,,,,,,,,,,,,,,,,,,,,,,,,
1905,6,98.0,-46.0,,,,,,,,,,,,,,,,,,,,,,,,,,,,,,,,,,,,,,,,13.36,15.65,17.94,15.65,2,4.74,10,0.5,0.8,0.5,11.66,12.38,13.1,12.38,2,1.49,10,0.5,0.8,0.5,-1.91,4.31,10.54,4.31,2,12.9,10,0.5,0.8,0.5,1004.7,1004.7,1004.7,1004.7,1,0.0,8,1.0,0.8,0.8,,,,,,,,,,,,,,,,,,,,,,,,,,,,,,,,,,,,,,,,,,,,,,,,,,,,,,,,,,,,,,,,,,,,,,,,,,,,,,,,,,,,,,,,,,,,,,,,,,,,,,,,,,,,,,,,,,,,,,,,,,,,,,,,,,,,,,,,,,,,,,,,,,,,,,
1905,6,98.0,-44.0,,,,,,,,,,,,,,,,,,,,,,,,,,,,,,,,,,,,,,,,2.6,2.6,2.6,2.6,1,0.0,2,1.0,0.3,0.3,2.41,2.41,2.41,2.41,1,0.0,2,1.0,0.3,0.3,0.97,0.97,0.97,0.97,1,0.0,2,1.0,0.3,0.3,1008.7,1008.7,1008.7,1008.7,1,0.0,2,1.0,0.3,0.3,,,,,,,,,,,,,,,,,,,,,,,,,,,,,,,,,,,,,,,,,,,,,,,,,,,,,,,,,,,,,,,,,,,,,,,,,,,,,,,,,,,,,,,,,,,,,,,,,,,,,,,,,,,,,,,,,,,,,,,,,,,,,,,,,,,,,,,,,,,,,,,,,,,,,,
1905,6,98.0,-18.0,,,,,,,,,,,,,,,,,,,,,,,,,,,,,,,,,,,,,,,,6.7,6.7,6.7,6.7,3,0.0,18,0.7,0.8,0.8,-5.74,-4.74,-4.74,-5.23,3,0.85,18,0.7,0.8,0.8,3.22,4.74,4.74,4.0,3,1.29,18,0.7,0.8,0.8,1012.32,1013.0,1013.68,1013.0,2,1.41,22,0.5,0.8,0.8,,,,,,,,,,,,,,,,,,,,,,,,,,,,,,,,,,,,,,,,,,,,,,,,,,,,,,,,,,,,,,,,,,,,,,,,,,,,,,,,,,,,,,,,,,,,,,,,,,,,,,,,,,,,,,,,,,,,,,,,,,,,,,,,,,,,,,,,,,,,,,,,,,,,,,
1905,6,98.0,-16.0,,,,,,,,,,,,,,,,,,,,,,,,,,,,,,,,,,,,,,,,6.7,6.7,6.7,6.7,5,0.0,16,0.0,0.4,0.4,-6.21,-6.21,-4.74,-5.62,5,0.81,16,0.0,0.4,0.4,2.51,2.51,4.74,3.4,5,1.22,16,0.0,0.4,0.4,1011.13,1011.4,1011.67,1011.4,2,0.57,22,0.0,0.3,0.3,,,,,,,,,,,,,,,,,,,,,,,,,,,,,,,,,,,,,,,,,,,,,,,,,,,,,,,,,,,,,,,,,,,,,,,,,,,,,,,,,,,,,,,,,,,,,,,,,,,,,,,,,,,,,,,,,,,,,,,,,,,,,,,,,,,,,,,,,,,,,,,,,,,,,,
1905,6,98.0,-8.0,,,,,,,,,,,,,,,,,,,,,,,,,,,,,,,,,,,,,,,,3.9,6.7,6.7,5.33,3,2.37,20,0.7,0.4,0.8,-2.51,-2.51,-2.05,-2.29,3,0.39,20,0.7,0.4,0.8,3.23,6.21,6.21,4.75,3,2.53,20,0.7,0.4,0.8,1006.76,1006.9,1008.47,1007.6,3,1.39,20,0.7,0.4,0.8,,,,,,,,,,,,,,,,,,,,,,,,,,,,,,,,,,,,,,,,,,,,,,,,,,,,,,,,,,,,,,,,,,,,,,,,,,,,,,,,,,,,,,,,,,,,,,,,,,,,,,,,,,,,,,,,,,,,,,,,,,,,,,,,,,,,,,,,,,,,,,,,,,,,,,
1905,6,98.0,-6.0,,,,,,,,,,,,,,,,,,,,,,,,,,,,,,,,,,,,,,,,2.6,3.6,4.6,3.6,4,1.15,22,0.5,0.5,0.3,-3.25,-2.82,-2.39,-2.82,4,0.5,22,0.5,0.5,0.3,1.02,2.13,3.25,2.13,4,1.29,22,0.5,0.5,0.3,1010.75,1011.5,1012.25,1011.5,2,1.56,26,1.0,0.5,0.3,,,,,,,,,,,,,,,,,,,,,,,,,,,,,,,,,,,,,,,,,,,,,,,,,,,,,,,,,,,,,,,,,,,,,,,,,,,,,,,,,,,,,,,,,,,,,,,,,,,,,,,,,,,,,,,,,,,,,,,,,,,,,,,,,,,,,,,,,,,,,,,,,,,,,,
1905,6,98.0,-4.0,,,,,,,,,,,,,,,,,,,,,,,,,,,,,,,,,,,,,,,,0.16,0.5,0.84,0.5,2,0.71,16,0.0,0.5,0.8,0.0,0.0,0.0,0.0,2,0.0,16,0.0,0.5,0.8,-0.84,-0.5,-0.16,-0.5,2,0.71,16,0.0,0.5,0.8,1011.2,1011.4,1011.6,1011.4,2,0.42,16,0.0,0.5,0.8,,,,,,,,,,,,,,,,,,,,,,,,,,,,,,,,,,,,,,,,,,,,,,,,,,,,,,,,,,,,,,,,,,,,,,,,,,,,,,,,,,,,,,,,,,,,,,,,,,,,,,,,,,,,,,,,,,,,,,,,,,,,,,,,,,,,,,,,,,,,,,,,,,,,,,
1905,6,98.0,-2.0,,,,,,,,,,,,,,,,,,,,,,,,,,,,,,,,,,,,,,,,0.0,1.0,2.31,1.32,5,1.9,20,0.6,0.3,0.8,-0.26,0.0,0.37,0.06,5,0.61,20,0.6,0.3,0.8,-2.13,0.0,0.0,-1.06,5,2.0,20,0.6,0.3,0.8,1009.06,1010.9,1011.84,1010.6,5,1.54,20,0.6,0.3,0.8,,,,,,,,,,,,,,,,,,,,,,,,,,,,,,,,,,,,,,,,,,,,,,,,,,,,,,,,,,,,,,,,,,,,,,,,,,,,,,,,,,,,,,,,,,,,,,,,,,,,,,,,,,,,,,,,,,,,,,,,,,,,,,,,,,,,,,,,,,,,,,,,,,,,,,
1905,6,98.0,2.0,,,,,,,,,,,,,,,,,,,,,,,,,,,,,,,,,,,,,,,,2.02,2.6,3.33,2.68,5,1.28,14,1.0,0.8,0.8,-2.35,-0.71,1.49,-0.49,5,2.23,14,1.0,0.8,0.8,0.39,1.84,2.72,1.56,5,1.51,14,1.0,0.8,0.8,1007.91,1009.0,1009.48,1008.7,3,1.18,16,1.0,0.8,0.8,,,,,,,,,,,,,,,,,,,,,,,,,,,,,,,,,,,,,,,,,,,,,,,,,,,,,,,,,,,,,,,,,,,,,,,,,,,,,,,,,,,,,,,,,,,,,,,,,,,,,,,,,,,,,,,,,,,,,,,,,,,,,,,,,,,,,,,,,,,,,,,,,,,,,,
1905,6,98.0,4.0,,,,,,,,,,,,,,,,,,,,,,,,,,,,,,,,,,,,,,,,0.62,2.6,4.6,2.37,49,1.94,16,0.4,0.5,0.5,-2.41,-0.71,1.3,-0.45,49,2.2,16,0.4,0.5,0.5,0.0,0.71,2.85,0.9,49,1.91,16,0.4,0.5,0.5,1007.38,1008.8,1009.92,1008.55,16,1.29,18,0.4,0.5,0.5,,,,,,,,,,,,,,,,,,,,,,,,,,,,,,,,,,,,,,,,,,,,,,,,,,,,,,,,,,,,,,,,,,,,,,,,,,,,,,,,,,,,,,,,,,,,,,,,,,,,,,,,,,,,,,,,,,,,,,,,,,,,,,,,,,,,,,,,,,,,,,,,,,,,,,
1905,6,100.0,-46.0,,,,,,,,,,,,,,,,,,,,,,,,,,,,,,,,,,,,,,,,11.41,15.95,20.49,15.95,2,9.4,12,0.5,0.3,0.3,8.07,11.28,14.49,11.28,2,6.65,12,0.5,0.3,0.3,-3.0,4.7,12.4,4.7,2,15.95,12,0.5,0.3,0.3,1002.1,1002.1,1002.1,1002.1,1,0.0,8,1.0,0.3,0.3,,,,,,,,,,,,,,,,,,,,,,,,,,,,,,,,,,,,,,,,,,,,,,,,,,,,,,,,,,,,,,,,,,,,,,,,,,,,,,,,,,,,,,,,,,,,,,,,,,,,,,,,,,,,,,,,,,,,,,,,,,,,,,,,,,,,,,,,,,,,,,,,,,,,,,
1905,6,100.0,-44.0,,,,,,,,,,,,,,,,,,,,,,,,,,,,,,,,,,,,,,,,15.4,15.4,15.4,15.4,1,0.0,2,1.0,0.8,0.8,0.0,0.0,0.0,0.0,1,0.0,2,1.0,0.8,0.8,15.4,15.4,15.4,15.4,1,0.0,2,1.0,0.8,0.8,1005.1,1005.1,1005.1,1005.1,1,0.0,2,1.0,0.8,0.8,,,,,,,,,,,,,,,,,,,,,,,,,,,,,,,,,,,,,,,,,,,,,,,,,,,,,,,,,,,,,,,,,,,,,,,,,,,,,,,,,,,,,,,,,,,,,,,,,,,,,,,,,,,,,,,,,,,,,,,,,,,,,,,,,,,,,,,,,,,,,,,,,,,,,,
1905,6,100.0,-34.0,,,,,,,,,,,,,,,,,,,,,,,,,,,,,,,,,,,,,,,,6.7,6.7,6.7,6.7,1,0.0,12,1.0,0.3,0.3,-4.74,-4.74,-4.74,-4.74,1,0.0,12,1.0,0.3,0.3,-4.74,-4.74,-4.74,-4.74,1,0.0,12,1.0,0.3,0.3,1026.1,1026.1,1026.1,1026.1,1,0.0,12,1.0,0.3,0.3,,,,,,,,,,,,,,,,,,,,,,,,,,,,,,,,,,,,,,,,,,,,,,,,,,,,,,,,,,,,,,,,,,,,,,,,,,,,,,,,,,,,,,,,,,,,,,,,,,,,,,,,,,,,,,,,,,,,,,,,,,,,,,,,,,,,,,,,,,,,,,,,,,,,,,
1905,6,100.0,-20.0,,,,,,,,,,,,,,,,,,,,,,,,,,,,,,,,,,,,,,,,4.6,4.6,7.81,6.17,3,2.71,18,0.3,0.6,0.8,-7.7,-4.27,-4.27,-5.94,3,2.91,18,0.3,0.6,0.8,0.55,1.72,1.72,1.15,3,0.99,18,0.3,0.6,0.8,1014.32,1015.0,1015.68,1015.0,2,1.41,22,0.5,0.5,0.8,,,,,,,,,,,,,,,,,,,,,,,,,,,,,,,,,,,,,,,,,,,,,,,,,,,,,,,,,,,,,,,,,,,,,,,,,,,,,,,,,,,,,,,,,,,,,,,,,,,,,,,,,,,,,,,,,,,,,,,,,,,,,,,,,,,,,,,,,,,,,,,,,,,,,,
1905,6,100.0,-18.0,,,,,,,,,,,,,,,,,,,,,,,,,,,,,,,,,,,,,,,,6.7,6.7,8.47,7.57,3,1.5,16,1.0,0.3,0.4,-8.47,-6.7,-5.36,-6.91,3,2.29,16,1.0,0.3,0.4,0.0,0.0,3.23,1.58,3,2.74,16,1.0,0.3,0.4,1015.0,1015.0,1015.0,1015.0,1,0.0,22,1.0,0.3,0.3,,,,,,,,,,,,,,,,,,,,,,,,,,,,,,,,,,,,,,,,,,,,,,,,,,,,,,,,,,,,,,,,,,,,,,,,,,,,,,,,,,,,,,,,,,,,,,,,,,,,,,,,,,,,,,,,,,,,,,,,,,,,,,,,,,,,,,,,,,,,,,,,,,,,,,
1905,6,100.0,-8.0,,,,,,,,,,,,,,,,,,,,,,,,,,,,,,,,,,,,,,,,0.0,2.6,3.33,1.96,5,1.97,20,0.2,0.6,0.8,-3.2,-2.39,0.0,-1.85,5,1.83,20,0.2,0.6,0.8,0.0,0.0,1.3,0.56,5,0.82,20,0.2,0.6,0.8,1008.72,1011.5,1011.57,1010.34,5,1.77,20,0.2,0.6,0.8,,,,,,,,,,,,,,,,,,,,,,,,,,,,,,,,,,,,,,,,,,,,,,,,,,,,,,,,,,,,,,,,,,,,,,,,,,,,,,,,,,,,,,,,,,,,,,,,,,,,,,,,,,,,,,,,,,,,,,,,,,,,,,,,,,,,,,,,,,,,,,,,,,,,,,
1905,6,100.0,-6.0,,,,,,,,,,,,,,,,,,,,,,,,,,,,,,,,,,,,,,,,1.76,2.6,2.6,2.2,4,0.8,16,0.8,0.4,0.3,-1.84,-1.84,-1.25,-1.56,4,0.57,16,0.8,0.4,0.3,1.25,1.84,1.84,1.56,4,0.57,16,0.8,0.4,0.3,1013.0,1013.0,1013.0,1013.0,1,0.0,26,1.0,0.3,0.3,,,,,,,,,,,,,,,,,,,,,,,,,,,,,,,,,,,,,,,,,,,,,,,,,,,,,,,,,,,,,,,,,,,,,,,,,,,,,,,,,,,,,,,,,,,,,,,,,,,,,,,,,,,,,,,,,,,,,,,,,,,,,,,,,,,,,,,,,,,,,,,,,,,,,,
1905,6,100.0,2.0,,,,,,,,,,,,,,,,,,,,,,,,,,,,,,,,,,,,,,,,1.0,2.6,4.6,2.83,40,1.93,16,0.6,0.4,0.3,-3.13,-0.71,0.0,-1.03,40,1.93,16,0.6,0.4,0.3,-0.69,1.49,4.07,1.42,40,2.25,16,0.6,0.4,0.3,1007.51,1009.25,1010.1,1008.85,20,1.34,16,0.5,0.4,0.4,,,,,,,,,,,,,,,,,,,,,,,,,,,,,,,,,,,,,,,,,,,,,,,,,,,,,,,,,,,,,,,,,,,,,,,,,,,,,,,,,,,,,,,,,,,,,,,,,,,,,,,,,,,,,,,,,,,,,,,,,,,,,,,,,,,,,,,,,,,,,,,,,,,,,,
1905,6,100.0,4.0,,,,,,,,,,,,,,,,,,,,,,,,,,,,,,,,,,,,,,,,1.0,1.0,2.98,2.22,25,2.01,18,0.4,0.0,0.2,-1.87,0.0,1.13,-0.25,25,1.84,18,0.4,0.0,0.2,-0.42,0.0,2.6,1.0,25,2.16,18,0.4,0.0,0.2,1007.0,1007.5,1008.41,1007.83,6,1.17,22,0.7,0.0,0.2,,,,,,,,,,,,,,,,,,,,,,,,,,,,,,,,,,,,,,,,,,,,,,,,,,,,,,,,,,,,,,,,,,,,,,,,,,,,,,,,,,,,,,,,,,,,,,,,,,,,,,,,,,,,,,,,,,,,,,,,,,,,,,,,,,,,,,,,,,,,,,,,,,,,,,
1905,6,102.0,-34.0,,,,,,,,,,,,,,,,,,,,,,,,,,,,,,,,,,,,,,,,6.7,6.7,6.7,6.7,1,0.0,12,1.0,0.3,0.3,-4.74,-4.74,-4.74,-4.74,1,0.0,12,1.0,0.3,0.3,-4.74,-4.74,-4.74,-4.74,1,0.0,12,1.0,0.3,0.3,1023.9,1023.9,1023.9,1023.9,1,0.0,12,1.0,0.3,0.3,,,,,,,,,,,,,,,,,,,,,,,,,,,,,,,,,,,,,,,,,,,,,,,,,,,,,,,,,,,,,,,,,,,,,,,,,,,,,,,,,,,,,,,,,,,,,,,,,,,,,,,,,,,,,,,,,,,,,,,,,,,,,,,,,,,,,,,,,,,,,,,,,,,,,,
1905,6,102.0,-22.0,,,,,,,,,,,,,,,,,,,,,,,,,,,,,,,,,,,,,,,,1.76,4.65,6.7,4.25,4,2.9,18,0.8,0.8,0.8,-6.7,-3.85,0.89,-2.95,4,4.57,18,0.8,0.8,0.8,0.0,0.0,0.0,0.0,4,0.0,18,0.8,0.8,0.8,1015.32,1016.0,1016.68,1016.0,2,1.41,22,0.5,0.8,0.8,,,,,,,,,,,,,,,,,,,,,,,,,,,,,,,,,,,,,,,,,,,,,,,,,,,,,,,,,,,,,,,,,,,,,,,,,,,,,,,,,,,,,,,,,,,,,,,,,,,,,,,,,,,,,,,,,,,,,,,,,,,,,,,,,,,,,,,,,,,,,,,,,,,,,,
1905,6,102.0,-20.0,,,,,,,,,,,,,,,,,,,,,,,,,,,,,,,,,,,,,,,,5.27,6.7,6.7,6.0,3,1.21,16,0.0,0.3,0.4,-6.7,-6.7,-5.04,-5.89,3,1.41,16,0.0,0.3,0.4,0.0,0.0,1.18,0.57,3,0.99,16,0.0,0.3,0.4,1016.0,1016.0,1016.0,1016.0,1,0.0,22,0.0,0.3,0.3,,,,,,,,,,,,,,,,,,,,,,,,,,,,,,,,,,,,,,,,,,,,,,,,,,,,,,,,,,,,,,,,,,,,,,,,,,,,,,,,,,,,,,,,,,,,,,,,,,,,,,,,,,,,,,,,,,,,,,,,,,,,,,,,,,,,,,,,,,,,,,,,,,,,,,
1905,6,102.0,-8.0,,,,,,,,,,,,,,,,,,,,,,,,,,,,,,,,,,,,,,,,0.11,2.6,4.6,2.5,8,2.0,18,0.6,0.5,0.8,-2.32,-0.86,0.0,-1.17,8,1.65,18,0.6,0.5,0.8,0.08,1.41,4.08,1.83,8,1.74,18,0.6,0.5,0.8,1009.21,1009.85,1011.84,1010.18,6,1.49,22,0.7,0.5,0.8,,,,,,,,,,,,,,,,,,,,,,,,,,,,,,,,,,,,,,,,,,,,,,,,,,,,,,,,,,,,,,,,,,,,,,,,,,,,,,,,,,,,,,,,,,,,,,,,,,,,,,,,,,,,,,,,,,,,,,,,,,,,,,,,,,,,,,,,,,,,,,,,,,,,,,
1905,6,102.0,0.0,,,,,,,,,,,,,,,,,,,,,,,,,,,,,,,,,,,,,,,,1.0,2.6,4.6,2.39,30,1.47,14,0.5,0.4,0.6,-1.9,0.0,1.24,-0.02,30,1.58,14,0.5,0.4,0.6,0.0,1.92,2.96,1.81,30,1.47,14,0.5,0.4,0.6,1007.82,1009.35,1010.07,1009.04,14,1.38,18,0.6,0.5,0.7,,,,,,,,,,,,,,,,,,,,,,,,,,,,,,,,,,,,,,,,,,,,,,,,,,,,,,,,,,,,,,,,,,,,,,,,,,,,,,,,,,,,,,,,,,,,,,,,,,,,,,,,,,,,,,,,,,,,,,,,,,,,,,,,,,,,,,,,,,,,,,,,,,,,,,
1905,6,102.0,2.0,,,,,,,,,,,,,,,,,,,,,,,,,,,,,,,,,,,,,,,,6.7,6.7,6.7,6.7,1,0.0,30,0.0,0.3,0.3,-4.74,-4.74,-4.74,-4.74,1,0.0,30,0.0,0.3,0.3,4.74,4.74,4.74,4.74,1,0.0,30,0.0,0.3,0.3,1010.3,1010.3,1010.3,1010.3,1,0.0,12,0.0,0.3,0.3,,,,,,,,,,,,,,,,,,,,,,,,,,,,,,,,,,,,,,,,,,,,,,,,,,,,,,,,,,,,,,,,,,,,,,,,,,,,,,,,,,,,,,,,,,,,,,,,,,,,,,,,,,,,,,,,,,,,,,,,,,,,,,,,,,,,,,,,,,,,,,,,,,,,,,
1905,6,104.0,-34.0,,,,,,,,,,,,,,,,,,,,,,,,,,,,,,,,,,,,,,,,2.6,2.6,2.6,2.6,2,0.0,14,1.0,0.3,0.5,-0.56,0.41,1.39,0.41,2,2.02,14,1.0,0.3,0.5,-2.31,-2.12,-1.93,-2.12,2,0.39,14,1.0,0.3,0.5,1025.84,1026.15,1026.46,1026.15,2,0.64,14,1.0,0.3,0.5,,,,,,,,,,,,,,,,,,,,,,,,,,,,,,,,,,,,,,,,,,,,,,,,,,,,,,,,,,,,,,,,,,,,,,,,,,,,,,,,,,,,,,,,,,,,,,,,,,,,,,,,,,,,,,,,,,,,,,,,,,,,,,,,,,,,,,,,,,,,,,,,,,,,,,
1905,6,104.0,-32.0,,,,,,,,,,,,,,,,,,,,,,,,,,,,,,,,,,,,,,,,1.25,1.8,2.35,1.8,2,1.13,16,1.0,0.5,0.5,-1.66,-1.27,-0.89,-1.27,2,0.8,16,1.0,0.5,0.5,-0.3,0.57,1.43,0.57,2,1.8,16,1.0,0.5,0.5,1025.31,1026.4,1027.49,1026.4,2,2.26,16,1.0,0.5,0.5,,,,,,,,,,,,,,,,,,,,,,,,,,,,,,,,,,,,,,,,,,,,,,,,,,,,,,,,,,,,,,,,,,,,,,,,,,,,,,,,,,,,,,,,,,,,,,,,,,,,,,,,,,,,,,,,,,,,,,,,,,,,,,,,,,,,,,,,,,,,,,,,,,,,,,
1905,6,104.0,-30.0,,,,,,,,,,,,,,,,,,,,,,,,,,,,,,,,,,,,,,,,7.11,8.0,8.89,8.0,2,1.84,18,1.0,0.3,0.5,0.4,1.25,2.11,1.25,2,1.77,18,1.0,0.3,0.5,-8.81,-7.76,-6.7,-7.76,2,2.18,18,1.0,0.3,0.5,1019.2,1020.5,1021.8,1020.5,2,2.69,18,1.0,0.3,0.5,,,,,,,,,,,,,,,,,,,,,,,,,,,,,,,,,,,,,,,,,,,,,,,,,,,,,,,,,,,,,,,,,,,,,,,,,,,,,,,,,,,,,,,,,,,,,,,,,,,,,,,,,,,,,,,,,,,,,,,,,,,,,,,,,,,,,,,,,,,,,,,,,,,,,,
1905,6,104.0,-24.0,,,,,,,,,,,,,,,,,,,,,,,,,,,,,,,,,,,,,,,,3.9,6.7,8.47,6.2,3,3.38,20,0.3,0.8,0.8,-8.01,-6.7,-3.38,-5.72,3,3.5,20,0.3,0.8,0.8,-1.25,0.0,2.38,0.55,3,2.7,20,0.3,0.8,0.8,1015.16,1015.5,1015.84,1015.5,2,0.71,24,0.5,0.8,0.8,,,,,,,,,,,,,,,,,,,,,,,,,,,,,,,,,,,,,,,,,,,,,,,,,,,,,,,,,,,,,,,,,,,,,,,,,,,,,,,,,,,,,,,,,,,,,,,,,,,,,,,,,,,,,,,,,,,,,,,,,,,,,,,,,,,,,,,,,,,,,,,,,,,,,,
1905,6,104.0,-22.0,,,,,,,,,,,,,,,,,,,,,,,,,,,,,,,,,,,,,,,,3.9,6.7,6.7,5.33,3,2.37,16,0.7,0.4,0.3,-6.7,-6.7,-0.35,-3.6,3,5.37,16,0.7,0.4,0.3,0.0,0.0,0.0,0.0,3,0.0,16,0.7,0.4,0.3,1016.0,1016.0,1016.0,1016.0,1,0.0,24,1.0,0.3,0.3,,,,,,,,,,,,,,,,,,,,,,,,,,,,,,,,,,,,,,,,,,,,,,,,,,,,,,,,,,,,,,,,,,,,,,,,,,,,,,,,,,,,,,,,,,,,,,,,,,,,,,,,,,,,,,,,,,,,,,,,,,,,,,,,,,,,,,,,,,,,,,,,,,,,,,
1905,6,104.0,-20.0,,,,,,,,,,,,,,,,,,,,,,,,,,,,,,,,,,,,,,,,9.3,9.3,9.3,9.3,1,0.0,22,1.0,0.8,0.3,-9.3,-9.3,-9.3,-9.3,1,0.0,22,1.0,0.8,0.3,0.0,0.0,0.0,0.0,1,0.0,22,1.0,0.8,0.3,1017.5,1017.5,1017.5,1017.5,1,0.0,22,1.0,0.8,0.3,,,,,,,,,,,,,,,,,,,,,,,,,,,,,,,,,,,,,,,,,,,,,,,,,,,,,,,,,,,,,,,,,,,,,,,,,,,,,,,,,,,,,,,,,,,,,,,,,,,,,,,,,,,,,,,,,,,,,,,,,,,,,,,,,,,,,,,,,,,,,,,,,,,,,,
1905,6,104.0,-18.0,,,,,,,,,,,,,,,,,,,,,,,,,,,,,,,,,,,,,,,,1.06,3.35,5.64,3.35,2,4.74,24,1.0,0.8,0.5,-3.99,-2.37,-0.75,-2.37,2,3.35,24,1.0,0.8,0.5,0.75,2.37,3.99,2.37,2,3.35,24,1.0,0.8,0.5,1013.23,1014.15,1015.07,1014.15,2,1.91,24,1.0,0.8,0.5,,,,,,,,,,,,,,,,,,,,,,,,,,,,,,,,,,,,,,,,,,,,,,,,,,,,,,,,,,,,,,,,,,,,,,,,,,,,,,,,,,,,,,,,,,,,,,,,,,,,,,,,,,,,,,,,,,,,,,,,,,,,,,,,,,,,,,,,,,,,,,,,,,,,,,
1905,6,104.0,-14.0,,,,,,,,,,,,,,,,,,,,,,,,,,,,,,,,,,,,,,,,5.35,6.95,8.55,6.95,2,3.32,14,1.0,0.8,0.5,-5.81,-4.15,-2.49,-4.15,2,3.43,14,1.0,0.8,0.5,4.63,5.42,6.21,5.42,2,1.63,14,1.0,0.8,0.5,1013.59,1014.65,1015.71,1014.65,2,2.19,14,1.0,0.8,0.5,,,,,,,,,,,,,,,,,,,,,,,,,,,,,,,,,,,,,,,,,,,,,,,,,,,,,,,,,,,,,,,,,,,,,,,,,,,,,,,,,,,,,,,,,,,,,,,,,,,,,,,,,,,,,,,,,,,,,,,,,,,,,,,,,,,,,,,,,,,,,,,,,,,,,,
1905,6,104.0,-12.0,,,,,,,,,,,,,,,,,,,,,,,,,,,,,,,,,,,,,,,,9.3,9.3,9.3,9.3,1,0.0,26,1.0,0.8,0.8,-6.58,-6.58,-6.58,-6.58,1,0.0,26,1.0,0.8,0.8,6.58,6.58,6.58,6.58,1,0.0,26,1.0,0.8,0.8,1011.4,1011.4,1011.4,1011.4,1,0.0,26,1.0,0.8,0.8,,,,,,,,,,,,,,,,,,,,,,,,,,,,,,,,,,,,,,,,,,,,,,,,,,,,,,,,,,,,,,,,,,,,,,,,,,,,,,,,,,,,,,,,,,,,,,,,,,,,,,,,,,,,,,,,,,,,,,,,,,,,,,,,,,,,,,,,,,,,,,,,,,,,,,
1905,6,104.0,-10.0,,,,,,,,,,,,,,,,,,,,,,,,,,,,,,,,,,,,,,,,2.92,3.6,4.28,3.6,2,1.41,6,1.0,0.8,0.5,-3.85,-3.04,-2.22,-3.04,2,1.69,6,1.0,0.8,0.5,1.8,1.82,1.83,1.82,2,0.03,6,1.0,0.8,0.5,1014.0,1014.0,1014.0,1014.0,1,0.0,6,1.0,0.8,0.3,,,,,,,,,,,,,,,,,,,,,,,,,,,,,,,,,,,,,,,,,,,,,,,,,,,,,,,,,,,,,,,,,,,,,,,,,,,,,,,,,,,,,,,,,,,,,,,,,,,,,,,,,,,,,,,,,,,,,,,,,,,,,,,,,,,,,,,,,,,,,,,,,,,,,,
1905,6,104.0,-8.0,,,,,,,,,,,,,,,,,,,,,,,,,,,,,,,,,,,,,,,,0.27,2.6,4.6,3.03,9,2.9,16,0.8,0.6,0.5,-3.74,-1.84,0.0,-2.36,9,3.02,16,0.8,0.6,0.5,-0.71,0.0,1.58,0.55,9,1.75,16,0.8,0.6,0.5,1009.82,1010.4,1012.03,1010.84,5,1.64,22,1.0,0.6,0.5,,,,,,,,,,,,,,,,,,,,,,,,,,,,,,,,,,,,,,,,,,,,,,,,,,,,,,,,,,,,,,,,,,,,,,,,,,,,,,,,,,,,,,,,,,,,,,,,,,,,,,,,,,,,,,,,,,,,,,,,,,,,,,,,,,,,,,,,,,,,,,,,,,,,,,
1905,6,104.0,-6.0,,,,,,,,,,,,,,,,,,,,,,,,,,,,,,,,,,,,,,,,1.0,1.0,1.0,1.0,1,0.0,30,1.0,0.8,0.3,-0.93,-0.93,-0.93,-0.93,1,0.0,30,1.0,0.8,0.3,-0.37,-0.37,-0.37,-0.37,1,0.0,30,1.0,0.8,0.3,1011.3,1011.3,1011.3,1011.3,1,0.0,30,1.0,0.8,0.3,,,,,,,,,,,,,,,,,,,,,,,,,,,,,,,,,,,,,,,,,,,,,,,,,,,,,,,,,,,,,,,,,,,,,,,,,,,,,,,,,,,,,,,,,,,,,,,,,,,,,,,,,,,,,,,,,,,,,,,,,,,,,,,,,,,,,,,,,,,,,,,,,,,,,,
1905,6,104.0,-4.0,,,,,,,,,,,,,,,,,,,,,,,,,,,,,,,,,,,,,,,,4.6,4.6,4.6,4.6,2,0.0,10,1.0,0.8,0.8,-3.59,-2.13,-0.68,-2.13,2,3.02,10,1.0,0.8,0.8,-0.72,1.44,3.6,1.44,2,4.47,10,1.0,0.8,0.8,1008.65,1009.4,1010.15,1009.4,2,1.56,10,1.0,0.8,0.8,,,,,,,,,,,,,,,,,,,,,,,,,,,,,,,,,,,,,,,,,,,,,,,,,,,,,,,,,,,,,,,,,,,,,,,,,,,,,,,,,,,,,,,,,,,,,,,,,,,,,,,,,,,,,,,,,,,,,,,,,,,,,,,,,,,,,,,,,,,,,,,,,,,,,,
1905,6,104.0,-2.0,,,,,,,,,,,,,,,,,,,,,,,,,,,,,,,,,,,,,,,,1.0,2.8,5.7,3.33,4,2.82,20,0.0,0.5,0.5,-4.51,-1.78,0.71,-1.9,4,3.01,20,0.0,0.5,0.5,-0.57,0.71,2.82,1.11,4,2.68,20,0.0,0.5,0.5,1009.42,1009.45,1009.48,1009.45,2,0.07,10,0.0,0.8,0.5,,,,,,,,,,,,,,,,,,,,,,,,,,,,,,,,,,,,,,,,,,,,,,,,,,,,,,,,,,,,,,,,,,,,,,,,,,,,,,,,,,,,,,,,,,,,,,,,,,,,,,,,,,,,,,,,,,,,,,,,,,,,,,,,,,,,,,,,,,,,,,,,,,,,,,
1905,6,104.0,0.0,,,,,,,,,,,,,,,,,,,,,,,,,,,,,,,,,,,,,,,,1.86,2.6,5.57,3.51,17,1.94,14,0.4,0.1,0.5,-1.99,0.0,1.9,-0.25,17,2.24,14,0.4,0.1,0.5,1.33,2.6,4.31,2.89,17,1.71,14,0.4,0.1,0.5,1007.94,1009.05,1010.01,1009.17,6,1.4,16,0.7,0.2,0.6,,,,,,,,,,,,,,,,,,,,,,,,,,,,,,,,,,,,,,,,,,,,,,,,,,,,,,,,,,,,,,,,,,,,,,,,,,,,,,,,,,,,,,,,,,,,,,,,,,,,,,,,,,,,,,,,,,,,,,,,,,,,,,,,,,,,,,,,,,,,,,,,,,,,,,
1905,6,104.0,2.0,,,,,,,,,,,,,,,,,,,,,,,,,,,,,,,,,,,,,,,,2.6,2.6,4.6,3.81,25,1.44,16,0.5,0.5,0.3,-1.3,0.0,1.93,0.53,25,1.56,16,0.5,0.5,0.3,2.2,2.6,4.6,3.38,25,1.61,16,0.5,0.5,0.3,1008.59,1009.6,1010.12,1009.57,11,1.5,18,0.5,0.5,0.3,,,,,,,,,,,,,,,,,,,,,,,,,,,,,,,,,,,,,,,,,,,,,,,,,,,,,,,,,,,,,,,,,,,,,,,,,,,,,,,,,,,,,,,,,,,,,,,,,,,,,,,,,,,,,,,,,,,,,,,,,,,,,,,,,,,,,,,,,,,,,,,,,,,,,,
1905,6,104.0,4.0,,,,,,,,,,,,,,,,,,,,,,,,,,,,,,,,,,,,,,,,2.73,6.7,6.7,5.56,14,2.59,12,0.6,0.6,0.2,0.06,2.29,2.29,1.32,14,2.03,12,0.6,0.6,0.2,2.48,6.3,6.3,4.94,14,2.77,12,0.6,0.6,0.2,1009.16,1009.5,1009.84,1009.5,2,0.71,22,0.5,0.5,0.0,,,,,,,,,,,,,,,,,,,,,,,,,,,,,,,,,,,,,,,,,,,,,,,,,,,,,,,,,,,,,,,,,,,,,,,,,,,,,,,,,,,,,,,,,,,,,,,,,,,,,,,,,,,,,,,,,,,,,,,,,,,,,,,,,,,,,,,,,,,,,,,,,,,,,,
1905,6,106.0,-48.0,,,,,,,,,,,,,,,,,,,,,,,,,,,,,,,,,,,,,,,,15.97,17.2,18.43,17.2,2,2.55,12,1.0,0.5,0.8,-2.27,5.8,13.87,5.8,2,16.71,12,1.0,0.5,0.8,-10.8,-3.53,3.74,-3.53,2,15.06,12,1.0,0.5,0.8,1005.7,1005.7,1005.7,1005.7,1,0.0,10,1.0,0.8,0.8,,,,,,,,,,,,,,,,,,,,,,,,,,,,,,,,,,,,,,,,,,,,,,,,,,,,,,,,,,,,,,,,,,,,,,,,,,,,,,,,,,,,,,,,,,,,,,,,,,,,,,,,,,,,,,,,,,,,,,,,,,,,,,,,,,,,,,,,,,,,,,,,,,,,,,
1905,6,106.0,-46.0,,,,,,,,,,,,,,,,,,,,,,,,,,,,,,,,,,,,,,,,19.0,19.0,19.0,19.0,1,0.0,10,1.0,0.3,0.8,17.62,17.62,17.62,17.62,1,0.0,10,1.0,0.3,0.8,7.12,7.12,7.12,7.12,1,0.0,10,1.0,0.3,0.8,1008.3,1008.3,1008.3,1008.3,1,0.0,10,1.0,0.3,0.8,,,,,,,,,,,,,,,,,,,,,,,,,,,,,,,,,,,,,,,,,,,,,,,,,,,,,,,,,,,,,,,,,,,,,,,,,,,,,,,,,,,,,,,,,,,,,,,,,,,,,,,,,,,,,,,,,,,,,,,,,,,,,,,,,,,,,,,,,,,,,,,,,,,,,,
1905,6,106.0,-44.0,,,,,,,,,,,,,,,,,,,,,,,,,,,,,,,,,,,,,,,,6.7,6.7,6.7,6.7,1,0.0,4,1.0,0.3,0.8,0.0,0.0,0.0,0.0,1,0.0,4,1.0,0.3,0.8,6.7,6.7,6.7,6.7,1,0.0,4,1.0,0.3,0.8,1009.3,1009.3,1009.3,1009.3,1,0.0,4,1.0,0.3,0.8,,,,,,,,,,,,,,,,,,,,,,,,,,,,,,,,,,,,,,,,,,,,,,,,,,,,,,,,,,,,,,,,,,,,,,,,,,,,,,,,,,,,,,,,,,,,,,,,,,,,,,,,,,,,,,,,,,,,,,,,,,,,,,,,,,,,,,,,,,,,,,,,,,,,,,
1905,6,106.0,-28.0,,,,,,,,,,,,,,,,,,,,,,,,,,,,,,,,,,,,,,,,2.6,2.6,2.6,2.6,1,0.0,20,1.0,0.3,0.3,1.84,1.84,1.84,1.84,1,0.0,20,1.0,0.3,0.3,1.84,1.84,1.84,1.84,1,0.0,20,1.0,0.3,0.3,1017.9,1017.9,1017.9,1017.9,1,0.0,20,1.0,0.3,0.3,,,,,,,,,,,,,,,,,,,,,,,,,,,,,,,,,,,,,,,,,,,,,,,,,,,,,,,,,,,,,,,,,,,,,,,,,,,,,,,,,,,,,,,,,,,,,,,,,,,,,,,,,,,,,,,,,,,,,,,,,,,,,,,,,,,,,,,,,,,,,,,,,,,,,,
1905,6,106.0,-26.0,,,,,,,,,,,,,,,,,,,,,,,,,,,,,,,,,,,,,,,,6.7,8.0,10.87,8.75,4,2.67,20,0.8,0.6,0.6,-5.8,-4.22,-1.73,-3.78,4,2.82,20,0.8,0.6,0.6,3.19,7.63,10.01,6.65,4,4.82,20,0.8,0.6,0.6,1016.32,1017.0,1017.34,1016.83,3,0.76,22,0.7,0.6,0.6,,,,,,,,,,,,,,,,,,,,,,,,,,,,,,,,,,,,,,,,,,,,,,,,,,,,,,,,,,,,,,,,,,,,,,,,,,,,,,,,,,,,,,,,,,,,,,,,,,,,,,,,,,,,,,,,,,,,,,,,,,,,,,,,,,,,,,,,,,,,,,,,,,,,,,
1905,6,106.0,-24.0,,,,,,,,,,,,,,,,,,,,,,,,,,,,,,,,,,,,,,,,6.7,6.7,9.63,8.1,4,2.8,16,0.5,0.3,0.5,-7.75,-6.46,-4.33,-6.06,4,2.53,16,0.5,0.3,0.5,1.19,4.34,7.49,4.34,4,3.85,16,0.5,0.3,0.5,1015.06,1015.2,1015.34,1015.2,2,0.28,22,0.5,0.3,0.5,,,,,,,,,,,,,,,,,,,,,,,,,,,,,,,,,,,,,,,,,,,,,,,,,,,,,,,,,,,,,,,,,,,,,,,,,,,,,,,,,,,,,,,,,,,,,,,,,,,,,,,,,,,,,,,,,,,,,,,,,,,,,,,,,,,,,,,,,,,,,,,,,,,,,,
1905,6,106.0,-22.0,,,,,,,,,,,,,,,,,,,,,,,,,,,,,,,,,,,,,,,,4.6,4.6,4.6,4.6,1,0.0,2,1.0,0.8,0.8,-1.72,-1.72,-1.72,-1.72,1,0.0,2,1.0,0.8,0.8,4.27,4.27,4.27,4.27,1,0.0,2,1.0,0.8,0.8,1018.7,1018.7,1018.7,1018.7,1,0.0,2,1.0,0.8,0.8,,,,,,,,,,,,,,,,,,,,,,,,,,,,,,,,,,,,,,,,,,,,,,,,,,,,,,,,,,,,,,,,,,,,,,,,,,,,,,,,,,,,,,,,,,,,,,,,,,,,,,,,,,,,,,,,,,,,,,,,,,,,,,,,,,,,,,,,,,,,,,,,,,,,,,
1905,6,106.0,-18.0,,,,,,,,,,,,,,,,,,,,,,,,,,,,,,,,,,,,,,,,6.7,6.7,6.7,6.7,1,0.0,2,1.0,0.8,0.3,-4.74,-4.74,-4.74,-4.74,1,0.0,2,1.0,0.8,0.3,4.74,4.74,4.74,4.74,1,0.0,2,1.0,0.8,0.3,1018.3,1018.3,1018.3,1018.3,1,0.0,2,1.0,0.8,0.3,,,,,,,,,,,,,,,,,,,,,,,,,,,,,,,,,,,,,,,,,,,,,,,,,,,,,,,,,,,,,,,,,,,,,,,,,,,,,,,,,,,,,,,,,,,,,,,,,,,,,,,,,,,,,,,,,,,,,,,,,,,,,,,,,,,,,,,,,,,,,,,,,,,,,,
1905,6,106.0,-16.0,,,,,,,,,,,,,,,,,,,,,,,,,,,,,,,,,,,,,,,,3.23,4.6,6.03,4.63,3,2.05,4,0.3,0.6,0.4,-4.27,-3.25,-2.68,-3.47,3,1.18,4,0.3,0.6,0.4,1.7,3.25,4.27,2.99,3,1.9,4,0.3,0.6,0.4,1017.0,1017.0,1017.0,1017.0,1,0.0,4,1.0,0.3,0.3,,,,,,,,,,,,,,,,,,,,,,,,,,,,,,,,,,,,,,,,,,,,,,,,,,,,,,,,,,,,,,,,,,,,,,,,,,,,,,,,,,,,,,,,,,,,,,,,,,,,,,,,,,,,,,,,,,,,,,,,,,,,,,,,,,,,,,,,,,,,,,,,,,,,,,
1905,6,106.0,-6.0,,,,,,,,,,,,,,,,,,,,,,,,,,,,,,,,,,,,,,,,1.65,2.6,4.6,2.88,5,1.9,16,0.4,0.4,0.4,-4.25,-2.39,-0.62,-2.37,5,1.91,16,0.4,0.4,0.4,-1.97,0.0,1.3,-0.26,5,1.78,16,0.4,0.4,0.4,1008.83,1008.9,1011.15,1009.97,3,1.93,16,0.3,0.4,0.4,,,,,,,,,,,,,,,,,,,,,,,,,,,,,,,,,,,,,,,,,,,,,,,,,,,,,,,,,,,,,,,,,,,,,,,,,,,,,,,,,,,,,,,,,,,,,,,,,,,,,,,,,,,,,,,,,,,,,,,,,,,,,,,,,,,,,,,,,,,,,,,,,,,,,,
1905,6,106.0,-4.0,,,,,,,,,,,,,,,,,,,,,,,,,,,,,,,,,,,,,,,,4.6,4.6,4.6,4.6,1,0.0,10,1.0,0.3,0.3,-1.72,-1.72,-1.72,-1.72,1,0.0,10,1.0,0.3,0.3,4.27,4.27,4.27,4.27,1,0.0,10,1.0,0.3,0.3,1011.1,1011.1,1011.1,1011.1,1,0.0,10,1.0,0.3,0.3,,,,,,,,,,,,,,,,,,,,,,,,,,,,,,,,,,,,,,,,,,,,,,,,,,,,,,,,,,,,,,,,,,,,,,,,,,,,,,,,,,,,,,,,,,,,,,,,,,,,,,,,,,,,,,,,,,,,,,,,,,,,,,,,,,,,,,,,,,,,,,,,,,,,,,
1905,6,106.0,4.0,,,,,,,,,,,,,,,,,,,,,,,,,,,,,,,,,,,,,,,,1.0,2.6,4.6,3.35,37,1.92,14,0.4,0.1,0.3,-0.2,1.57,2.96,1.28,37,1.65,14,0.4,0.1,0.3,0.77,2.44,4.4,2.65,37,1.9,14,0.4,0.1,0.3,1006.86,1009.0,1009.4,1008.47,10,1.4,14,0.4,0.2,0.3,,,,,,,,,,,,,,,,,,,,,,,,,,,,,,,,,,,,,,,,,,,,,,,,,,,,,,,,,,,,,,,,,,,,,,,,,,,,,,,,,,,,,,,,,,,,,,,,,,,,,,,,,,,,,,,,,,,,,,,,,,,,,,,,,,,,,,,,,,,,,,,,,,,,,,
1905,6,106.0,6.0,,,,,,,,,,,,,,,,,,,,,,,,,,,,,,,,,,,,,,,,1.96,4.6,7.73,4.64,30,2.96,12,0.5,0.4,0.2,0.21,2.96,5.87,2.98,30,2.34,12,0.5,0.4,0.2,0.0,3.52,5.13,3.06,30,2.58,12,0.5,0.4,0.2,1008.93,1009.0,1009.73,1009.36,5,0.92,16,0.6,0.6,0.2,,,,,,,,,,,,,,,,,,,,,,,,,,,,,,,,,,,,,,,,,,,,,,,,,,,,,,,,,,,,,,,,,,,,,,,,,,,,,,,,,,,,,,,,,,,,,,,,,,,,,,,,,,,,,,,,,,,,,,,,,,,,,,,,,,,,,,,,,,,,,,,,,,,,,,
1905,6,108.0,-28.0,,,,,,,,,,,,,,,,,,,,,,,,,,,,,,,,,,,,,,,,5.6,8.0,10.87,8.23,4,3.33,18,0.3,0.8,0.8,-7.69,-4.91,-2.92,-5.29,4,2.86,18,0.3,0.8,0.8,4.64,6.37,7.69,6.17,4,2.24,18,0.3,0.8,0.8,1018.32,1019.0,1019.68,1019.0,2,1.41,24,0.5,0.8,0.8,,,,,,,,,,,,,,,,,,,,,,,,,,,,,,,,,,,,,,,,,,,,,,,,,,,,,,,,,,,,,,,,,,,,,,,,,,,,,,,,,,,,,,,,,,,,,,,,,,,,,,,,,,,,,,,,,,,,,,,,,,,,,,,,,,,,,,,,,,,,,,,,,,,,,,
1905,6,108.0,-26.0,,,,,,,,,,,,,,,,,,,,,,,,,,,,,,,,,,,,,,,,6.7,6.7,8.47,7.57,3,1.5,16,0.7,0.3,0.4,-6.55,-6.21,-4.45,-5.52,3,1.65,16,0.7,0.3,0.4,0.8,2.51,6.64,3.69,3,4.4,16,0.7,0.3,0.4,1018.0,1018.0,1018.0,1018.0,1,0.0,24,1.0,0.3,0.3,,,,,,,,,,,,,,,,,,,,,,,,,,,,,,,,,,,,,,,,,,,,,,,,,,,,,,,,,,,,,,,,,,,,,,,,,,,,,,,,,,,,,,,,,,,,,,,,,,,,,,,,,,,,,,,,,,,,,,,,,,,,,,,,,,,,,,,,,,,,,,,,,,,,,,
1905,6,108.0,-8.0,,,,,,,,,,,,,,,,,,,,,,,,,,,,,,,,,,,,,,,,6.7,6.7,6.7,6.7,1,0.0,30,1.0,0.8,0.8,-6.7,-6.7,-6.7,-6.7,1,0.0,30,1.0,0.8,0.8,0.0,0.0,0.0,0.0,1,0.0,30,1.0,0.8,0.8,1010.3,1010.3,1010.3,1010.3,1,0.0,30,1.0,0.8,0.8,,,,,,,,,,,,,,,,,,,,,,,,,,,,,,,,,,,,,,,,,,,,,,,,,,,,,,,,,,,,,,,,,,,,,,,,,,,,,,,,,,,,,,,,,,,,,,,,,,,,,,,,,,,,,,,,,,,,,,,,,,,,,,,,,,,,,,,,,,,,,,,,,,,,,,
1905,6,108.0,0.0,,,,,,,,,,,,,,,,,,,,,,,,,,,,,,,,,,,,,,,,4.6,4.6,4.6,4.6,1,0.0,14,1.0,0.3,0.8,-3.25,-3.25,-3.25,-3.25,1,0.0,14,1.0,0.3,0.8,3.25,3.25,3.25,3.25,1,0.0,14,1.0,0.3,0.8,1012.2,1012.2,1012.2,1012.2,1,0.0,14,1.0,0.3,0.8,,,,,,,,,,,,,,,,,,,,,,,,,,,,,,,,,,,,,,,,,,,,,,,,,,,,,,,,,,,,,,,,,,,,,,,,,,,,,,,,,,,,,,,,,,,,,,,,,,,,,,,,,,,,,,,,,,,,,,,,,,,,,,,,,,,,,,,,,,,,,,,,,,,,,,
1905,6,108.0,2.0,,,,,,,,,,,,,,,,,,,,,,,,,,,,,,,,,,,,,,,,2.6,2.6,2.6,2.6,1,0.0,16,1.0,0.3,0.3,-1.84,-1.84,-1.84,-1.84,1,0.0,16,1.0,0.3,0.3,1.84,1.84,1.84,1.84,1,0.0,16,1.0,0.3,0.3,1011.8,1011.8,1011.8,1011.8,1,0.0,16,1.0,0.3,0.3,,,,,,,,,,,,,,,,,,,,,,,,,,,,,,,,,,,,,,,,,,,,,,,,,,,,,,,,,,,,,,,,,,,,,,,,,,,,,,,,,,,,,,,,,,,,,,,,,,,,,,,,,,,,,,,,,,,,,,,,,,,,,,,,,,,,,,,,,,,,,,,,,,,,,,
1905,6,108.0,4.0,,,,,,,,,,,,,,,,,,,,,,,,,,,,,,,,,,,,,,,,6.7,6.7,6.7,6.7,1,0.0,16,1.0,0.3,0.3,2.62,2.62,2.62,2.62,1,0.0,16,1.0,0.3,0.3,6.17,6.17,6.17,6.17,1,0.0,16,1.0,0.3,0.3,1010.3,1010.3,1010.3,1010.3,1,0.0,16,1.0,0.3,0.3,,,,,,,,,,,,,,,,,,,,,,,,,,,,,,,,,,,,,,,,,,,,,,,,,,,,,,,,,,,,,,,,,,,,,,,,,,,,,,,,,,,,,,,,,,,,,,,,,,,,,,,,,,,,,,,,,,,,,,,,,,,,,,,,,,,,,,,,,,,,,,,,,,,,,,
1905,6,108.0,6.0,,,,,,,,,,,,,,,,,,,,,,,,,,,,,,,,,,,,,,,,2.6,4.6,6.7,4.46,18,2.0,12,0.4,0.1,0.4,1.64,2.96,4.4,2.98,18,1.58,12,0.4,0.1,0.4,1.21,3.44,4.57,3.04,18,1.83,12,0.4,0.1,0.4,1007.79,1008.5,1009.21,1008.5,6,1.05,8,0.5,0.0,0.4,,,,,,,,,,,,,,,,,,,,,,,,,,,,,,,,,,,,,,,,,,,,,,,,,,,,,,,,,,,,,,,,,,,,,,,,,,,,,,,,,,,,,,,,,,,,,,,,,,,,,,,,,,,,,,,,,,,,,,,,,,,,,,,,,,,,,,,,,,,,,,,,,,,,,,
1905,6,108.0,8.0,,,,,,,,,,,,,,,,,,,,,,,,,,,,,,,,,,,,,,,,2.6,4.6,9.3,5.44,34,2.53,14,0.5,0.3,0.3,1.67,3.22,6.6,3.91,34,2.53,14,0.5,0.3,0.3,0.18,3.5,4.65,2.86,34,2.51,14,0.5,0.3,0.3,1008.0,1008.0,1009.0,1008.36,8,1.38,16,0.4,0.4,0.2,,,,,,,,,,,,,,,,,,,,,,,,,,,,,,,,,,,,,,,,,,,,,,,,,,,,,,,,,,,,,,,,,,,,,,,,,,,,,,,,,,,,,,,,,,,,,,,,,,,,,,,,,,,,,,,,,,,,,,,,,,,,,,,,,,,,,,,,,,,,,,,,,,,,,,
1905,6,108.0,10.0,,,,,,,,,,,,,,,,,,,,,,,,,,,,,,,,,,,,,,,,4.6,6.7,9.92,7.04,7,2.98,14,0.9,0.8,0.4,1.8,4.74,4.91,4.01,7,1.85,14,0.9,0.8,0.4,4.19,4.74,7.14,5.64,7,2.75,14,0.9,0.8,0.4,1010.0,1010.0,1010.0,1010.0,1,0.0,24,1.0,0.8,0.3,,,,,,,,,,,,,,,,,,,,,,,,,,,,,,,,,,,,,,,,,,,,,,,,,,,,,,,,,,,,,,,,,,,,,,,,,,,,,,,,,,,,,,,,,,,,,,,,,,,,,,,,,,,,,,,,,,,,,,,,,,,,,,,,,,,,,,,,,,,,,,,,,,,,,,
1905,6,110.0,-44.0,,,,,,,,,,,,,,,,,,,,,,,,,,,,,,,,,,,,,,,,12.3,12.3,12.3,12.3,1,0.0,4,1.0,0.3,0.3,0.0,0.0,0.0,0.0,1,0.0,4,1.0,0.3,0.3,12.3,12.3,12.3,12.3,1,0.0,4,1.0,0.3,0.3,1007.1,1007.1,1007.1,1007.1,1,0.0,4,1.0,0.3,0.3,,,,,,,,,,,,,,,,,,,,,,,,,,,,,,,,,,,,,,,,,,,,,,,,,,,,,,,,,,,,,,,,,,,,,,,,,,,,,,,,,,,,,,,,,,,,,,,,,,,,,,,,,,,,,,,,,,,,,,,,,,,,,,,,,,,,,,,,,,,,,,,,,,,,,,
1905,6,110.0,-36.0,,,,,,,,,,,,,,,,,,,,,,,,,,,,,,,,,,,,,,,,4.55,8.0,9.3,6.98,4,3.16,10,0.3,0.4,0.5,0.74,3.13,5.18,2.96,4,3.12,10,0.3,0.4,0.5,-7.42,-4.29,2.3,-2.64,4,6.65,10,0.3,0.4,0.5,1013.79,1015.5,1017.21,1015.5,2,3.54,14,0.5,0.3,0.3,,,,,,,,,,,,,,,,,,,,,,,,,,,,,,,,,,,,,,,,,,,,,,,,,,,,,,,,,,,,,,,,,,,,,,,,,,,,,,,,,,,,,,,,,,,,,,,,,,,,,,,,,,,,,,,,,,,,,,,,,,,,,,,,,,,,,,,,,,,,,,,,,,,,,,
1905,6,110.0,-30.0,,,,,,,,,,,,,,,,,,,,,,,,,,,,,,,,,,,,,,,,3.9,6.7,8.47,6.2,3,3.38,16,0.3,0.8,0.8,-5.99,-4.74,-0.25,-3.16,3,4.42,16,0.3,0.8,0.8,0.25,4.74,5.99,3.16,3,4.42,16,0.3,0.8,0.8,1020.32,1021.0,1021.68,1021.0,2,1.41,24,0.5,0.8,0.8,,,,,,,,,,,,,,,,,,,,,,,,,,,,,,,,,,,,,,,,,,,,,,,,,,,,,,,,,,,,,,,,,,,,,,,,,,,,,,,,,,,,,,,,,,,,,,,,,,,,,,,,,,,,,,,,,,,,,,,,,,,,,,,,,,,,,,,,,,,,,,,,,,,,,,
1905,6,110.0,-28.0,,,,,,,,,,,,,,,,,,,,,,,,,,,,,,,,,,,,,,,,2.27,4.65,9.4,5.33,6,3.78,10,0.3,0.4,0.4,-6.65,-2.02,1.84,-2.31,6,4.22,10,0.3,0.4,0.4,-1.84,2.02,6.65,2.31,6,4.22,10,0.3,0.4,0.4,1020.08,1020.25,1020.42,1020.25,2,0.35,24,0.0,0.3,0.3,,,,,,,,,,,,,,,,,,,,,,,,,,,,,,,,,,,,,,,,,,,,,,,,,,,,,,,,,,,,,,,,,,,,,,,,,,,,,,,,,,,,,,,,,,,,,,,,,,,,,,,,,,,,,,,,,,,,,,,,,,,,,,,,,,,,,,,,,,,,,,,,,,,,,,
1905,6,110.0,-8.0,,,,,,,,,,,,,,,,,,,,,,,,,,,,,,,,,,,,,,,,2.02,4.6,5.37,3.9,5,2.17,14,0.6,0.4,1.0,-4.68,-0.64,1.08,-1.58,5,3.67,14,0.6,0.4,1.0,-0.28,2.6,3.16,1.66,5,1.92,14,0.6,0.4,1.0,1010.0,1010.0,1010.0,1010.0,1,0.0,28,1.0,0.8,0.8,,,,,,,,,,,,,,,,,,,,,,,,,,,,,,,,,,,,,,,,,,,,,,,,,,,,,,,,,,,,,,,,,,,,,,,,,,,,,,,,,,,,,,,,,,,,,,,,,,,,,,,,,,,,,,,,,,,,,,,,,,,,,,,,,,,,,,,,,,,,,,,,,,,,,,
1905,6,110.0,8.0,,,,,,,,,,,,,,,,,,,,,,,,,,,,,,,,,,,,,,,,4.6,6.7,9.3,6.7,9,2.67,12,0.7,0.3,0.5,2.96,4.31,8.47,5.39,9,2.88,12,0.7,0.3,0.5,3.32,3.52,4.65,3.74,9,0.94,12,0.7,0.3,0.5,1006.17,1008.7,1010.75,1008.47,3,3.36,10,1.0,0.3,0.7,,,,,,,,,,,,,,,,,,,,,,,,,,,,,,,,,,,,,,,,,,,,,,,,,,,,,,,,,,,,,,,,,,,,,,,,,,,,,,,,,,,,,,,,,,,,,,,,,,,,,,,,,,,,,,,,,,,,,,,,,,,,,,,,,,,,,,,,,,,,,,,,,,,,,,
1905,6,110.0,10.0,,,,,,,,,,,,,,,,,,,,,,,,,,,,,,,,,,,,,,,,2.45,6.7,9.3,5.91,13,3.37,12,0.4,0.2,0.4,-0.18,3.18,5.98,2.76,13,3.22,12,0.4,0.2,0.4,1.76,4.74,7.12,4.68,13,2.6,12,0.4,0.2,0.4,1007.03,1007.6,1008.33,1007.59,8,0.9,12,0.4,0.2,0.4,,,,,,,,,,,,,,,,,,,,,,,,,,,,,,,,,,,,,,,,,,,,,,,,,,,,,,,,,,,,,,,,,,,,,,,,,,,,,,,,,,,,,,,,,,,,,,,,,,,,,,,,,,,,,,,,,,,,,,,,,,,,,,,,,,,,,,,,,,,,,,,,,,,,,,
1905,6,110.0,12.0,,,,,,,,,,,,,,,,,,,,,,,,,,,,,,,,,,,,,,,,2.6,4.6,6.7,5.33,25,2.29,10,0.6,0.3,0.3,0.0,2.29,4.31,2.22,25,2.12,10,0.6,0.3,0.3,2.6,4.6,5.35,4.37,25,2.3,10,0.6,0.3,0.3,1006.0,1007.0,1008.44,1007.24,5,1.37,18,0.8,0.5,0.4,,,,,,,,,,,,,,,,,,,,,,,,,,,,,,,,,,,,,,,,,,,,,,,,,,,,,,,,,,,,,,,,,,,,,,,,,,,,,,,,,,,,,,,,,,,,,,,,,,,,,,,,,,,,,,,,,,,,,,,,,,,,,,,,,,,,,,,,,,,,,,,,,,,,,,
1905,6,110.0,14.0,,,,,,,,,,,,,,,,,,,,,,,,,,,,,,,,,,,,,,,,2.6,3.6,4.6,3.4,8,1.39,6,0.6,0.4,0.5,-1.53,0.0,1.6,-0.17,8,1.68,6,0.6,0.4,0.5,2.6,2.93,4.23,3.1,8,1.14,6,0.6,0.4,0.5,1006.8,1006.8,1006.8,1006.8,1,0.0,24,0.0,0.8,0.3,,,,,,,,,,,,,,,,,,,,,,,,,,,,,,,,,,,,,,,,,,,,,,,,,,,,,,,,,,,,,,,,,,,,,,,,,,,,,,,,,,,,,,,,,,,,,,,,,,,,,,,,,,,,,,,,,,,,,,,,,,,,,,,,,,,,,,,,,,,,,,,,,,,,,,
1905,6,112.0,-46.0,,,,,,,,,,,,,,,,,,,,,,,,,,,,,,,,,,,,,,,,12.3,12.3,12.3,12.3,3,0.0,14,0.3,0.6,0.4,4.61,4.61,9.25,6.87,3,3.92,14,0.3,0.6,0.4,-11.4,-11.4,-0.47,-6.07,3,9.24,14,0.3,0.6,0.4,1014.3,1014.3,1014.3,1014.3,1,0.0,10,1.0,0.8,0.8,,,,,,,,,,,,,,,,,,,,,,,,,,,,,,,,,,,,,,,,,,,,,,,,,,,,,,,,,,,,,,,,,,,,,,,,,,,,,,,,,,,,,,,,,,,,,,,,,,,,,,,,,,,,,,,,,,,,,,,,,,,,,,,,,,,,,,,,,,,,,,,,,,,,,,
1905,6,112.0,-36.0,,,,,,,,,,,,,,,,,,,,,,,,,,,,,,,,,,,,,,,,4.93,5.65,6.37,5.65,2,1.48,2,0.0,0.5,0.3,3.49,4.0,4.5,4.0,2,1.05,2,0.0,0.5,0.3,3.49,4.0,4.5,4.0,2,1.05,2,0.0,0.5,0.3,1014.0,1014.0,1014.0,1014.0,2,0.0,2,0.0,0.5,0.3,,,,,,,,,,,,,,,,,,,,,,,,,,,,,,,,,,,,,,,,,,,,,,,,,,,,,,,,,,,,,,,,,,,,,,,,,,,,,,,,,,,,,,,,,,,,,,,,,,,,,,,,,,,,,,,,,,,,,,,,,,,,,,,,,,,,,,,,,,,,,,,,,,,,,,
1905,6,112.0,-32.0,,,,,,,,,,,,,,,,,,,,,,,,,,,,,,,,,,,,,,,,5.27,6.7,8.47,6.87,3,2.35,18,0.7,0.6,0.8,-5.99,-4.74,-0.28,-3.17,3,4.4,18,0.7,0.6,0.8,-1.39,4.74,5.99,2.36,3,5.78,18,0.7,0.6,0.8,1022.32,1023.0,1023.68,1023.0,2,1.41,26,0.5,0.8,0.8,,,,,,,,,,,,,,,,,,,,,,,,,,,,,,,,,,,,,,,,,,,,,,,,,,,,,,,,,,,,,,,,,,,,,,,,,,,,,,,,,,,,,,,,,,,,,,,,,,,,,,,,,,,,,,,,,,,,,,,,,,,,,,,,,,,,,,,,,,,,,,,,,,,,,,
1905,6,112.0,-30.0,,,,,,,,,,,,,,,,,,,,,,,,,,,,,,,,,,,,,,,,2.6,4.6,5.37,4.22,5,1.71,10,0.8,0.3,0.5,-1.73,1.8,2.35,0.43,5,3.11,10,0.8,0.3,0.5,-2.71,2.6,3.79,0.9,5,3.78,10,0.8,0.3,0.5,1022.0,1022.0,1022.0,1022.0,1,0.0,26,1.0,0.3,0.3,,,,,,,,,,,,,,,,,,,,,,,,,,,,,,,,,,,,,,,,,,,,,,,,,,,,,,,,,,,,,,,,,,,,,,,,,,,,,,,,,,,,,,,,,,,,,,,,,,,,,,,,,,,,,,,,,,,,,,,,,,,,,,,,,,,,,,,,,,,,,,,,,,,,,,
1905,6,112.0,-8.0,,,,,,,,,,,,,,,,,,,,,,,,,,,,,,,,,,,,,,,,2.6,2.6,4.6,3.24,10,1.27,10,0.5,0.3,0.9,-2.8,0.0,1.69,-0.49,10,2.41,10,0.5,0.3,0.9,-0.44,2.6,3.13,1.32,10,2.3,10,0.5,0.3,0.9,1009.3,1009.3,1009.3,1009.3,1,0.0,28,1.0,0.3,0.8,,,,,,,,,,,,,,,,,,,,,,,,,,,,,,,,,,,,,,,,,,,,,,,,,,,,,,,,,,,,,,,,,,,,,,,,,,,,,,,,,,,,,,,,,,,,,,,,,,,,,,,,,,,,,,,,,,,,,,,,,,,,,,,,,,,,,,,,,,,,,,,,,,,,,,
1905,6,112.0,10.0,,,,,,,,,,,,,,,,,,,,,,,,,,,,,,,,,,,,,,,,4.6,6.7,6.7,6.17,11,1.46,10,0.4,0.4,0.3,-2.3,4.31,4.48,2.57,11,3.2,10,0.4,0.4,0.3,3.98,5.13,5.13,4.82,11,0.98,10,0.4,0.4,0.3,1007.63,1009.0,1009.0,1008.33,3,1.15,4,0.0,0.2,0.3,,,,,,,,,,,,,,,,,,,,,,,,,,,,,,,,,,,,,,,,,,,,,,,,,,,,,,,,,,,,,,,,,,,,,,,,,,,,,,,,,,,,,,,,,,,,,,,,,,,,,,,,,,,,,,,,,,,,,,,,,,,,,,,,,,,,,,,,,,,,,,,,,,,,,,
1905,6,112.0,12.0,,,,,,,,,,,,,,,,,,,,,,,,,,,,,,,,,,,,,,,,7.53,9.3,9.3,8.43,3,1.5,18,1.0,0.3,0.3,5.03,6.58,6.58,5.82,3,1.31,18,1.0,0.3,0.3,5.59,6.58,6.58,6.09,3,0.83,18,1.0,0.3,0.3,1004.89,1006.8,1008.71,1006.8,2,3.96,20,1.0,0.1,0.4,,,,,,,,,,,,,,,,,,,,,,,,,,,,,,,,,,,,,,,,,,,,,,,,,,,,,,,,,,,,,,,,,,,,,,,,,,,,,,,,,,,,,,,,,,,,,,,,,,,,,,,,,,,,,,,,,,,,,,,,,,,,,,,,,,,,,,,,,,,,,,,,,,,,,,
1905,6,112.0,14.0,,,,,,,,,,,,,,,,,,,,,,,,,,,,,,,,,,,,,,,,3.14,4.6,4.6,4.39,9,1.23,16,0.4,0.4,0.5,0.48,1.84,3.25,2.06,9,1.53,16,0.4,0.4,0.5,2.22,4.23,4.6,3.62,9,1.15,16,0.4,0.4,0.5,1005.53,1006.2,1007.19,1006.42,5,1.19,22,0.4,0.5,0.5,,,,,,,,,,,,,,,,,,,,,,,,,,,,,,,,,,,,,,,,,,,,,,,,,,,,,,,,,,,,,,,,,,,,,,,,,,,,,,,,,,,,,,,,,,,,,,,,,,,,,,,,,,,,,,,,,,,,,,,,,,,,,,,,,,,,,,,,,,,,,,,,,,,,,,
1905,6,112.0,16.0,,,,,,,,,,,,,,,,,,,,,,,,,,,,,,,,,,,,,,,,2.6,4.6,5.8,4.42,10,1.51,16,0.7,0.6,0.5,-1.4,1.82,2.98,0.94,10,2.09,16,0.7,0.6,0.5,2.08,3.74,5.5,3.81,10,1.59,16,0.7,0.6,0.5,1005.05,1005.3,1006.76,1005.8,5,1.01,22,0.8,0.8,0.6,,,,,,,,,,,,,,,,,,,,,,,,,,,,,,,,,,,,,,,,,,,,,,,,,,,,,,,,,,,,,,,,,,,,,,,,,,,,,,,,,,,,,,,,,,,,,,,,,,,,,,,,,,,,,,,,,,,,,,,,,,,,,,,,,,,,,,,,,,,,,,,,,,,,,,
1905,6,112.0,18.0,,,,,,,,,,,,,,,,,,,,,,,,,,,,,,,,,,,,,,,,4.6,4.6,8.31,5.81,16,2.16,14,0.6,0.4,0.5,-3.51,0.0,3.01,-0.01,16,3.44,14,0.6,0.4,0.5,3.25,4.6,6.47,4.86,16,1.93,14,0.6,0.4,0.5,1004.56,1005.8,1006.81,1005.66,5,1.3,18,0.4,0.6,0.4,,,,,,,,,,,,,,,,,,,,,,,,,,,,,,,,,,,,,,,,,,,,,,,,,,,,,,,,,,,,,,,,,,,,,,,,,,,,,,,,,,,,,,,,,,,,,,,,,,,,,,,,,,,,,,,,,,,,,,,,,,,,,,,,,,,,,,,,,,,,,,,,,,,,,,
1905,6,112.0,20.0,,,,,,,,,,,,,,,,,,,,,,,,,,,,,,,,,,,,,,,,2.6,4.6,6.7,4.69,32,2.24,12,0.4,0.5,0.3,-4.34,0.0,2.32,-0.69,32,2.94,12,0.4,0.5,0.3,1.0,3.52,5.83,3.57,32,2.32,12,0.4,0.5,0.3,1005.0,1005.5,1006.21,1005.67,6,0.82,16,0.2,0.5,0.3,,,,,,,,,,,,,,,,,,,,,,,,,,,,,,,,,,,,,,,,,,,,,,,,,,,,,,,,,,,,,,,,,,,,,,,,,,,,,,,,,,,,,,,,,,,,,,,,,,,,,,,,,,,,,,,,,,,,,,,,,,,,,,,,,,,,,,,,,,,,,,,,,,,,,,
1905,6,112.0,22.0,,,,,,,,,,,,,,,,,,,,,,,,,,,,,,,,,,,,,,,,3.23,4.6,4.6,3.93,3,1.15,18,0.3,0.5,0.0,-2.44,0.89,2.3,-0.05,3,3.56,18,0.3,0.5,0.0,-0.79,2.44,3.18,1.22,3,3.1,18,0.3,0.5,0.0,1007.0,1007.0,1007.0,1007.0,1,0.0,22,1.0,0.5,0.0,,,,,,,,,,,,,,,,,,,,,,,,,,,,,,,,,,,,,,,,,,,,,,,,,,,,,,,,,,,,,,,,,,,,,,,,,,,,,,,,,,,,,,,,,,,,,,,,,,,,,,,,,,,,,,,,,,,,,,,,,,,,,,,,,,,,,,,,,,,,,,,,,,,,,,
1905,6,114.0,-48.0,,,,,,,,,,,,,,,,,,,,,,,,,,,,,,,,,,,,,,,,26.8,26.8,26.8,26.8,1,0.0,10,1.0,0.3,0.3,18.95,18.95,18.95,18.95,1,0.0,10,1.0,0.3,0.3,18.95,18.95,18.95,18.95,1,0.0,10,1.0,0.3,0.3,1008.3,1008.3,1008.3,1008.3,1,0.0,10,1.0,0.3,0.3,,,,,,,,,,,,,,,,,,,,,,,,,,,,,,,,,,,,,,,,,,,,,,,,,,,,,,,,,,,,,,,,,,,,,,,,,,,,,,,,,,,,,,,,,,,,,,,,,,,,,,,,,,,,,,,,,,,,,,,,,,,,,,,,,,,,,,,,,,,,,,,,,,,,,,
1905,6,114.0,-36.0,,,,,,,,,,,,,,,,,,,,,,,,,,,,,,,,,,,,,,,,1.0,4.6,12.3,5.49,7,4.88,10,0.7,0.5,0.6,-3.32,1.0,11.45,2.57,7,6.73,10,0.7,0.5,0.6,-3.32,0.0,0.76,-0.76,7,2.3,10,0.7,0.5,0.6,1017.0,1017.0,1019.73,1018.33,3,2.31,10,1.0,0.6,0.4,,,,,,,,,,,,,,,,,,,,,,,,,,,,,,,,,,,,,,,,,,,,,,,,,,,,,,,,,,,,,,,,,,,,,,,,,,,,,,,,,,,,,,,,,,,,,,,,,,,,,,,,,,,,,,,,,,,,,,,,,,,,,,,,,,,,,,,,,,,,,,,,,,,,,,
1905,6,114.0,-34.0,,,,,,,,,,,,,,,,,,,,,,,,,,,,,,,,,,,,,,,,4.09,6.7,10.06,7.03,12,3.27,14,0.4,0.5,0.5,-4.76,-2.6,2.21,-0.69,12,5.48,14,0.4,0.5,0.5,-8.85,0.0,3.09,-1.84,12,5.51,14,0.4,0.5,0.5,1022.0,1022.5,1024.57,1023.25,4,1.89,26,0.3,0.5,0.5,,,,,,,,,,,,,,,,,,,,,,,,,,,,,,,,,,,,,,,,,,,,,,,,,,,,,,,,,,,,,,,,,,,,,,,,,,,,,,,,,,,,,,,,,,,,,,,,,,,,,,,,,,,,,,,,,,,,,,,,,,,,,,,,,,,,,,,,,,,,,,,,,,,,,,
1905,6,114.0,-32.0,,,,,,,,,,,,,,,,,,,,,,,,,,,,,,,,,,,,,,,,4.6,4.6,6.03,5.3,3,1.21,14,0.3,0.4,0.4,-3.23,0.0,0.0,-1.58,3,2.74,14,0.3,0.4,0.4,4.6,4.6,4.69,4.65,3,0.08,14,0.3,0.4,0.4,1025.0,1025.0,1025.0,1025.0,1,0.0,26,0.0,0.3,0.3,,,,,,,,,,,,,,,,,,,,,,,,,,,,,,,,,,,,,,,,,,,,,,,,,,,,,,,,,,,,,,,,,,,,,,,,,,,,,,,,,,,,,,,,,,,,,,,,,,,,,,,,,,,,,,,,,,,,,,,,,,,,,,,,,,,,,,,,,,,,,,,,,,,,,,
1905,6,114.0,12.0,,,,,,,,,,,,,,,,,,,,,,,,,,,,,,,,,,,,,,,,5.17,6.7,6.7,6.52,9,1.38,10,0.6,0.3,0.2,-0.52,4.31,4.62,3.2,9,3.6,10,0.6,0.3,0.2,4.16,5.13,5.13,4.7,9,0.67,10,0.6,0.3,0.2,1007.59,1008.85,1010.11,1008.85,2,2.62,4,1.0,0.1,0.4,,,,,,,,,,,,,,,,,,,,,,,,,,,,,,,,,,,,,,,,,,,,,,,,,,,,,,,,,,,,,,,,,,,,,,,,,,,,,,,,,,,,,,,,,,,,,,,,,,,,,,,,,,,,,,,,,,,,,,,,,,,,,,,,,,,,,,,,,,,,,,,,,,,,,,
1905,6,114.0,16.0,,,,,,,,,,,,,,,,,,,,,,,,,,,,,,,,,,,,,,,,2.6,2.6,3.97,3.27,3,1.15,22,1.0,0.5,0.5,1.02,1.02,3.46,2.21,3,2.07,22,1.0,0.5,0.5,0.76,2.39,2.39,1.6,3,1.38,22,1.0,0.5,0.5,1004.25,1009.1,1010.4,1007.37,3,4.74,22,1.0,0.5,0.5,,,,,,,,,,,,,,,,,,,,,,,,,,,,,,,,,,,,,,,,,,,,,,,,,,,,,,,,,,,,,,,,,,,,,,,,,,,,,,,,,,,,,,,,,,,,,,,,,,,,,,,,,,,,,,,,,,,,,,,,,,,,,,,,,,,,,,,,,,,,,,,,,,,,,,
1905,6,114.0,18.0,,,,,,,,,,,,,,,,,,,,,,,,,,,,,,,,,,,,,,,,4.6,4.6,4.6,4.6,2,0.0,20,1.0,0.8,0.8,-2.06,0.51,3.07,0.51,2,5.32,20,1.0,0.8,0.8,1.97,2.49,3.01,2.49,2,1.08,20,1.0,0.8,0.8,1011.9,1011.9,1011.9,1011.9,1,0.0,24,1.0,0.8,0.8,,,,,,,,,,,,,,,,,,,,,,,,,,,,,,,,,,,,,,,,,,,,,,,,,,,,,,,,,,,,,,,,,,,,,,,,,,,,,,,,,,,,,,,,,,,,,,,,,,,,,,,,,,,,,,,,,,,,,,,,,,,,,,,,,,,,,,,,,,,,,,,,,,,,,,
1905,6,114.0,20.0,,,,,,,,,,,,,,,,,,,,,,,,,,,,,,,,,,,,,,,,1.69,3.6,4.6,3.28,10,1.51,10,0.4,0.5,0.4,-0.72,0.32,3.98,0.87,10,2.63,10,0.4,0.5,0.4,1.3,2.3,2.52,2.2,10,1.05,10,0.4,0.5,0.4,1008.97,1009.4,1011.81,1009.94,7,1.42,6,0.4,0.5,0.4,,,,,,,,,,,,,,,,,,,,,,,,,,,,,,,,,,,,,,,,,,,,,,,,,,,,,,,,,,,,,,,,,,,,,,,,,,,,,,,,,,,,,,,,,,,,,,,,,,,,,,,,,,,,,,,,,,,,,,,,,,,,,,,,,,,,,,,,,,,,,,,,,,,,,,
1905,6,114.0,22.0,,,,,,,,,,,,,,,,,,,,,,,,,,,,,,,,,,,,,,,,2.22,2.6,4.6,3.25,31,1.47,14,0.5,0.3,0.1,-2.96,-0.77,2.96,-0.55,31,2.79,14,0.5,0.3,0.1,-0.09,1.02,2.82,1.15,31,1.89,14,0.5,0.3,0.1,1004.75,1006.5,1008.12,1006.4,16,2.18,14,0.7,0.3,0.1,,,,,,,,,,,,,,,,,,,,,,,,,,,,,,,,,,,,,,,,,,,,,,,,,,,,,,,,,,,,,,,,,,,,,,,,,,,,,,,,,,,,,,,,,,,,,,,,,,,,,,,,,,,,,,,,,,,,,,,,,,,,,,,,,,,,,,,,,,,,,,,,,,,,,,
1905,6,116.0,-44.0,,,,,,,,,,,,,,,,,,,,,,,,,,,,,,,,,,,,,,,,6.7,6.7,6.7,6.7,1,0.0,6,1.0,0.8,0.3,4.74,4.74,4.74,4.74,1,0.0,6,1.0,0.8,0.3,4.74,4.74,4.74,4.74,1,0.0,6,1.0,0.8,0.3,1012.7,1012.7,1012.7,1012.7,1,0.0,6,1.0,0.8,0.3,,,,,,,,,,,,,,,,,,,,,,,,,,,,,,,,,,,,,,,,,,,,,,,,,,,,,,,,,,,,,,,,,,,,,,,,,,,,,,,,,,,,,,,,,,,,,,,,,,,,,,,,,,,,,,,,,,,,,,,,,,,,,,,,,,,,,,,,,,,,,,,,,,,,,,
1905,6,116.0,-38.0,,,,,,,,,,,,,,,,,,,,,,,,,,,,,,,,,,,,,,,,9.78,10.8,11.82,10.8,2,2.12,28,1.0,0.8,0.5,-3.06,-1.82,-0.58,-1.82,2,2.57,28,1.0,0.8,0.5,-11.71,-10.43,-9.15,-10.43,2,2.64,28,1.0,0.8,0.5,1001.83,1002.75,1003.67,1002.75,2,1.91,28,1.0,0.8,0.5,,,,,,,,,,,,,,,,,,,,,,,,,,,,,,,,,,,,,,,,,,,,,,,,,,,,,,,,,,,,,,,,,,,,,,,,,,,,,,,,,,,,,,,,,,,,,,,,,,,,,,,,,,,,,,,,,,,,,,,,,,,,,,,,,,,,,,,,,,,,,,,,,,,,,,
1905,6,116.0,-36.0,,,,,,,,,,,,,,,,,,,,,,,,,,,,,,,,,,,,,,,,0.29,5.65,11.97,5.98,8,5.02,10,0.4,0.6,0.3,-1.83,0.0,11.67,3.14,8,6.32,10,0.4,0.6,0.3,-6.0,-0.92,0.0,-2.36,8,2.9,10,0.4,0.6,0.3,1011.9,1015.0,1017.57,1014.75,4,3.77,8,0.5,0.6,0.3,,,,,,,,,,,,,,,,,,,,,,,,,,,,,,,,,,,,,,,,,,,,,,,,,,,,,,,,,,,,,,,,,,,,,,,,,,,,,,,,,,,,,,,,,,,,,,,,,,,,,,,,,,,,,,,,,,,,,,,,,,,,,,,,,,,,,,,,,,,,,,,,,,,,,,
1905,6,116.0,-2.0,,,,,,,,,,,,,,,,,,,,,,,,,,,,,,,,,,,,,,,,1.25,1.8,2.35,1.8,2,1.13,8,0.5,0.8,0.5,0.98,1.56,2.14,1.56,2,1.2,8,0.5,0.8,0.5,0.75,0.84,0.93,0.84,2,0.19,8,0.5,0.8,0.5,1006.92,1006.95,1006.98,1006.95,2,0.07,8,0.5,0.8,0.5,,,,,,,,,,,,,,,,,,,,,,,,,,,,,,,,,,,,,,,,,,,,,,,,,,,,,,,,,,,,,,,,,,,,,,,,,,,,,,,,,,,,,,,,,,,,,,,,,,,,,,,,,,,,,,,,,,,,,,,,,,,,,,,,,,,,,,,,,,,,,,,,,,,,,,
1905,6,116.0,16.0,,,,,,,,,,,,,,,,,,,,,,,,,,,,,,,,,,,,,,,,0.0,0.0,0.0,0.0,2,0.0,4,0.0,0.8,0.8,0.0,0.0,0.0,0.0,2,0.0,4,0.0,0.8,0.8,0.0,0.0,0.0,0.0,2,0.0,4,0.0,0.8,0.8,1010.84,1011.15,1011.46,1011.15,2,0.64,4,0.0,0.8,0.8,,,,,,,,,,,,,,,,,,,,,,,,,,,,,,,,,,,,,,,,,,,,,,,,,,,,,,,,,,,,,,,,,,,,,,,,,,,,,,,,,,,,,,,,,,,,,,,,,,,,,,,,,,,,,,,,,,,,,,,,,,,,,,,,,,,,,,,,,,,,,,,,,,,,,,
1905,6,116.0,18.0,,,,,,,,,,,,,,,,,,,,,,,,,,,,,,,,,,,,,,,,0.0,1.0,2.6,1.2,6,1.17,4,0.5,0.4,0.4,-0.2,0.0,0.69,0.21,6,0.92,4,0.5,0.4,0.4,-0.38,0.46,1.29,0.42,6,1.41,4,0.5,0.4,0.4,1009.71,1011.35,1012.52,1011.17,6,1.57,4,0.5,0.4,0.4,,,,,,,,,,,,,,,,,,,,,,,,,,,,,,,,,,,,,,,,,,,,,,,,,,,,,,,,,,,,,,,,,,,,,,,,,,,,,,,,,,,,,,,,,,,,,,,,,,,,,,,,,,,,,,,,,,,,,,,,,,,,,,,,,,,,,,,,,,,,,,,,,,,,,,
1905,6,116.0,20.0,,,,,,,,,,,,,,,,,,,,,,,,,,,,,,,,,,,,,,,,2.6,2.6,2.6,2.6,2,0.0,14,1.0,0.5,0.5,-2.34,-1.79,-1.23,-1.79,2,1.15,14,1.0,0.5,0.5,0.38,1.21,2.03,1.21,2,1.7,14,1.0,0.5,0.5,1009.29,1010.35,1011.41,1010.35,2,2.19,14,1.0,0.5,0.5,,,,,,,,,,,,,,,,,,,,,,,,,,,,,,,,,,,,,,,,,,,,,,,,,,,,,,,,,,,,,,,,,,,,,,,,,,,,,,,,,,,,,,,,,,,,,,,,,,,,,,,,,,,,,,,,,,,,,,,,,,,,,,,,,,,,,,,,,,,,,,,,,,,,,,
1905,6,116.0,22.0,,,,,,,,,,,,,,,,,,,,,,,,,,,,,,,,,,,,,,,,1.0,2.6,4.6,3.05,33,2.18,14,0.5,0.3,0.3,-2.25,0.0,1.83,0.04,33,2.64,14,0.5,0.3,0.3,-1.99,0.71,2.41,0.1,33,2.72,14,0.5,0.3,0.3,1004.48,1006.0,1009.0,1006.46,18,2.58,18,0.4,0.4,0.4,,,,,,,,,,,,,,,,,,,,,,,,,,,,,,,,,,,,,,,,,,,,,,,,,,,,,,,,,,,,,,,,,,,,,,,,,,,,,,,,,,,,,,,,,,,,,,,,,,,,,,,,,,,,,,,,,,,,,,,,,,,,,,,,,,,,,,,,,,,,,,,,,,,,,,
1905,6,118.0,-46.0,,,,,,,,,,,,,,,,,,,,,,,,,,,,,,,,,,,,,,,,9.3,9.3,11.35,10.3,3,1.73,14,0.7,0.4,0.4,4.57,6.58,8.02,6.3,3,2.54,14,0.7,0.4,0.4,-8.02,-6.58,3.76,-2.24,3,9.41,14,0.7,0.4,0.4,1015.7,1015.7,1015.7,1015.7,1,0.0,12,1.0,0.3,0.8,,,,,,,,,,,,,,,,,,,,,,,,,,,,,,,,,,,,,,,,,,,,,,,,,,,,,,,,,,,,,,,,,,,,,,,,,,,,,,,,,,,,,,,,,,,,,,,,,,,,,,,,,,,,,,,,,,,,,,,,,,,,,,,,,,,,,,,,,,,,,,,,,,,,,,
1905,6,118.0,-38.0,,,,,,,,,,,,,,,,,,,,,,,,,,,,,,,,,,,,,,,,12.3,12.3,12.3,12.3,2,0.0,28,0.0,0.3,0.3,0.0,0.0,0.0,0.0,2,0.0,28,0.0,0.3,0.3,-12.3,-12.3,-12.3,-12.3,2,0.0,28,0.0,0.3,0.3,998.62,999.3,999.98,999.3,2,1.41,28,0.0,0.3,0.3,,,,,,,,,,,,,,,,,,,,,,,,,,,,,,,,,,,,,,,,,,,,,,,,,,,,,,,,,,,,,,,,,,,,,,,,,,,,,,,,,,,,,,,,,,,,,,,,,,,,,,,,,,,,,,,,,,,,,,,,,,,,,,,,,,,,,,,,,,,,,,,,,,,,,,
1905,6,118.0,-36.0,,,,,,,,,,,,,,,,,,,,,,,,,,,,,,,,,,,,,,,,1.97,6.7,8.6,5.78,9,3.07,8,0.4,0.5,0.3,-4.14,0.0,4.8,0.13,9,4.15,8,0.4,0.5,0.3,-5.81,-4.6,4.53,-1.76,9,5.13,8,0.4,0.5,0.3,1011.63,1014.0,1016.37,1014.0,5,2.55,6,0.4,0.6,0.3,,,,,,,,,,,,,,,,,,,,,,,,,,,,,,,,,,,,,,,,,,,,,,,,,,,,,,,,,,,,,,,,,,,,,,,,,,,,,,,,,,,,,,,,,,,,,,,,,,,,,,,,,,,,,,,,,,,,,,,,,,,,,,,,,,,,,,,,,,,,,,,,,,,,,,
1905,6,118.0,-2.0,,,,,,,,,,,,,,,,,,,,,,,,,,,,,,,,,,,,,,,,2.6,2.6,2.6,2.6,1,0.0,8,0.0,0.3,0.8,1.84,1.84,1.84,1.84,1,0.0,8,0.0,0.3,0.8,1.84,1.84,1.84,1.84,1,0.0,8,0.0,0.3,0.8,1007.0,1007.0,1007.0,1007.0,1,0.0,8,0.0,0.3,0.8,,,,,,,,,,,,,,,,,,,,,,,,,,,,,,,,,,,,,,,,,,,,,,,,,,,,,,,,,,,,,,,,,,,,,,,,,,,,,,,,,,,,,,,,,,,,,,,,,,,,,,,,,,,,,,,,,,,,,,,,,,,,,,,,,,,,,,,,,,,,,,,,,,,,,,
1905,6,118.0,0.0,,,,,,,,,,,,,,,,,,,,,,,,,,,,,,,,,,,,,,,,1.0,1.0,1.0,1.0,2,0.0,8,1.0,0.5,0.5,-0.48,0.0,0.48,0.0,2,1.0,8,1.0,0.5,0.5,0.71,0.71,0.71,0.71,2,0.0,8,1.0,0.5,0.5,1007.13,1007.4,1007.67,1007.4,2,0.57,8,1.0,0.5,0.5,,,,,,,,,,,,,,,,,,,,,,,,,,,,,,,,,,,,,,,,,,,,,,,,,,,,,,,,,,,,,,,,,,,,,,,,,,,,,,,,,,,,,,,,,,,,,,,,,,,,,,,,,,,,,,,,,,,,,,,,,,,,,,,,,,,,,,,,,,,,,,,,,,,,,,
1905,6,118.0,2.0,,,,,,,,,,,,,,,,,,,,,,,,,,,,,,,,,,,,,,,,1.0,1.0,1.0,1.0,3,0.0,8,0.0,0.8,0.8,-0.71,-0.71,-0.22,-0.47,3,0.41,8,0.0,0.8,0.8,0.71,0.71,0.91,0.8,3,0.17,8,0.0,0.8,0.8,1007.15,1007.7,1009.68,1008.4,3,1.95,8,0.0,0.8,0.8,,,,,,,,,,,,,,,,,,,,,,,,,,,,,,,,,,,,,,,,,,,,,,,,,,,,,,,,,,,,,,,,,,,,,,,,,,,,,,,,,,,,,,,,,,,,,,,,,,,,,,,,,,,,,,,,,,,,,,,,,,,,,,,,,,,,,,,,,,,,,,,,,,,,,,
1905,6,118.0,4.0,,,,,,,,,,,,,,,,,,,,,,,,,,,,,,,,,,,,,,,,1.0,1.0,1.0,1.0,2,0.0,8,1.0,0.8,0.5,0.0,0.0,0.0,0.0,2,0.0,8,1.0,0.8,0.5,1.0,1.0,1.0,1.0,2,0.0,8,1.0,0.8,0.5,1007.14,1007.65,1008.16,1007.65,2,1.06,8,1.0,0.8,0.5,,,,,,,,,,,,,,,,,,,,,,,,,,,,,,,,,,,,,,,,,,,,,,,,,,,,,,,,,,,,,,,,,,,,,,,,,,,,,,,,,,,,,,,,,,,,,,,,,,,,,,,,,,,,,,,,,,,,,,,,,,,,,,,,,,,,,,,,,,,,,,,,,,,,,,
1905,6,118.0,14.0,,,,,,,,,,,,,,,,,,,,,,,,,,,,,,,,,,,,,,,,2.27,2.6,3.45,3.02,6,1.91,6,0.3,0.7,0.6,-0.38,0.49,2.44,0.95,6,2.22,6,0.3,0.7,0.6,-1.96,1.42,3.04,0.99,6,2.72,6,0.3,0.7,0.6,1007.5,1011.7,1011.95,1010.14,5,2.42,4,0.2,0.8,0.6,,,,,,,,,,,,,,,,,,,,,,,,,,,,,,,,,,,,,,,,,,,,,,,,,,,,,,,,,,,,,,,,,,,,,,,,,,,,,,,,,,,,,,,,,,,,,,,,,,,,,,,,,,,,,,,,,,,,,,,,,,,,,,,,,,,,,,,,,,,,,,,,,,,,,,
1905,6,118.0,16.0,,,,,,,,,,,,,,,,,,,,,,,,,,,,,,,,,,,,,,,,1.0,2.6,4.6,2.71,7,1.47,4,0.9,0.4,0.4,-4.6,-2.6,0.02,-2.1,7,2.06,4,0.9,0.4,0.4,-0.8,0.0,0.04,-0.34,7,1.1,4,0.9,0.4,0.4,1009.89,1011.2,1012.5,1011.0,7,1.68,4,0.9,0.4,0.4,,,,,,,,,,,,,,,,,,,,,,,,,,,,,,,,,,,,,,,,,,,,,,,,,,,,,,,,,,,,,,,,,,,,,,,,,,,,,,,,,,,,,,,,,,,,,,,,,,,,,,,,,,,,,,,,,,,,,,,,,,,,,,,,,,,,,,,,,,,,,,,,,,,,,,
1905,6,118.0,18.0,,,,,,,,,,,,,,,,,,,,,,,,,,,,,,,,,,,,,,,,4.14,7.45,10.76,7.45,2,6.86,8,0.5,0.5,0.5,-0.78,1.48,3.75,1.48,2,4.7,8,0.5,0.5,0.5,3.34,6.58,9.82,6.58,2,6.71,8,0.5,0.5,0.5,1012.0,1012.0,1012.0,1012.0,1,0.0,2,0.0,0.8,0.8,,,,,,,,,,,,,,,,,,,,,,,,,,,,,,,,,,,,,,,,,,,,,,,,,,,,,,,,,,,,,,,,,,,,,,,,,,,,,,,,,,,,,,,,,,,,,,,,,,,,,,,,,,,,,,,,,,,,,,,,,,,,,,,,,,,,,,,,,,,,,,,,,,,,,,
1905,6,118.0,20.0,,,,,,,,,,,,,,,,,,,,,,,,,,,,,,,,,,,,,,,,3.9,6.7,10.52,7.2,3,4.87,20,0.3,0.4,0.3,-4.3,0.0,1.65,-1.3,3,4.5,20,0.3,0.4,0.3,1.39,2.29,9.12,5.19,3,6.19,20,0.3,0.4,0.3,1011.1,1011.1,1011.1,1011.1,1,0.0,28,1.0,0.3,0.8,,,,,,,,,,,,,,,,,,,,,,,,,,,,,,,,,,,,,,,,,,,,,,,,,,,,,,,,,,,,,,,,,,,,,,,,,,,,,,,,,,,,,,,,,,,,,,,,,,,,,,,,,,,,,,,,,,,,,,,,,,,,,,,,,,,,,,,,,,,,,,,,,,,,,,
1905,6,118.0,22.0,,,,,,,,,,,,,,,,,,,,,,,,,,,,,,,,,,,,,,,,1.0,2.6,4.38,2.64,8,2.16,18,0.5,0.1,0.6,-1.27,-0.5,1.49,-0.27,8,1.71,18,0.5,0.1,0.6,0.0,0.49,2.22,1.05,8,2.89,18,0.5,0.1,0.6,1003.45,1004.0,1007.55,1005.47,3,3.26,20,0.3,0.2,0.5,,,,,,,,,,,,,,,,,,,,,,,,,,,,,,,,,,,,,,,,,,,,,,,,,,,,,,,,,,,,,,,,,,,,,,,,,,,,,,,,,,,,,,,,,,,,,,,,,,,,,,,,,,,,,,,,,,,,,,,,,,,,,,,,,,,,,,,,,,,,,,,,,,,,,,
1905,6,118.0,24.0,,,,,,,,,,,,,,,,,,,,,,,,,,,,,,,,,,,,,,,,2.6,4.6,4.77,4.12,32,1.9,14,0.6,0.4,0.2,-2.96,0.0,2.96,0.2,32,2.42,14,0.6,0.4,0.2,-3.52,2.22,4.6,1.69,32,3.51,14,0.6,0.4,0.2,1003.27,1004.8,1006.46,1005.22,17,2.39,18,0.6,0.5,0.2,,,,,,,,,,,,,,,,,,,,,,,,,,,,,,,,,,,,,,,,,,,,,,,,,,,,,,,,,,,,,,,,,,,,,,,,,,,,,,,,,,,,,,,,,,,,,,,,,,,,,,,,,,,,,,,,,,,,,,,,,,,,,,,,,,,,,,,,,,,,,,,,,,,,,,
1905,6,118.0,26.0,,,,,,,,,,,,,,,,,,,,,,,,,,,,,,,,,,,,,,,,2.6,2.6,2.6,2.6,1,0.0,20,1.0,0.5,0.0,0.0,0.0,0.0,0.0,1,0.0,20,1.0,0.5,0.0,-2.6,-2.6,-2.6,-2.6,1,0.0,20,1.0,0.5,0.0,1006.0,1006.0,1006.0,1006.0,1,0.0,20,1.0,0.5,0.0,,,,,,,,,,,,,,,,,,,,,,,,,,,,,,,,,,,,,,,,,,,,,,,,,,,,,,,,,,,,,,,,,,,,,,,,,,,,,,,,,,,,,,,,,,,,,,,,,,,,,,,,,,,,,,,,,,,,,,,,,,,,,,,,,,,,,,,,,,,,,,,,,,,,,,
1905,6,118.0,38.0,,,,,,,,,,,,,,,,,,,,,,,,,,,,,,,,,,,,,,,,4.6,4.6,4.6,4.6,1,0.0,24,1.0,0.3,0.3,-3.25,-3.25,-3.25,-3.25,1,0.0,24,1.0,0.3,0.3,3.25,3.25,3.25,3.25,1,0.0,24,1.0,0.3,0.3,1007.8,1007.8,1007.8,1007.8,1,0.0,24,1.0,0.3,0.3,,,,,,,,,,,,,,,,,,,,,,,,,,,,,,,,,,,,,,,,,,,,,,,,,,,,,,,,,,,,,,,,,,,,,,,,,,,,,,,,,,,,,,,,,,,,,,,,,,,,,,,,,,,,,,,,,,,,,,,,,,,,,,,,,,,,,,,,,,,,,,,,,,,,,,
1905,6,120.0,-44.0,,,,,,,,,,,,,,,,,,,,,,,,,,,,,,,,,,,,,,,,6.7,6.7,6.7,6.7,1,0.0,6,1.0,0.8,0.3,6.17,6.17,6.17,6.17,1,0.0,6,1.0,0.8,0.3,-2.62,-2.62,-2.62,-2.62,1,0.0,6,1.0,0.8,0.3,1005.6,1005.6,1005.6,1005.6,1,0.0,6,1.0,0.8,0.3,,,,,,,,,,,,,,,,,,,,,,,,,,,,,,,,,,,,,,,,,,,,,,,,,,,,,,,,,,,,,,,,,,,,,,,,,,,,,,,,,,,,,,,,,,,,,,,,,,,,,,,,,,,,,,,,,,,,,,,,,,,,,,,,,,,,,,,,,,,,,,,,,,,,,,
1905,6,120.0,-36.0,,,,,,,,,,,,,,,,,,,,,,,,,,,,,,,,,,,,,,,,3.14,4.6,13.05,7.24,9,5.99,20,0.3,0.3,0.5,-3.84,-0.71,11.71,2.94,9,8.0,20,0.3,0.3,0.5,-4.6,-0.71,4.21,-0.6,9,4.55,20,0.3,0.3,0.5,1016.0,1016.0,1016.0,1016.0,2,0.0,28,0.5,0.3,0.5,,,,,,,,,,,,,,,,,,,,,,,,,,,,,,,,,,,,,,,,,,,,,,,,,,,,,,,,,,,,,,,,,,,,,,,,,,,,,,,,,,,,,,,,,,,,,,,,,,,,,,,,,,,,,,,,,,,,,,,,,,,,,,,,,,,,,,,,,,,,,,,,,,,,,,
1905,6,120.0,4.0,,,,,,,,,,,,,,,,,,,,,,,,,,,,,,,,,,,,,,,,1.0,1.0,1.0,1.0,1,0.0,8,1.0,0.3,0.8,0.0,0.0,0.0,0.0,1,0.0,8,1.0,0.3,0.8,1.0,1.0,1.0,1.0,1,0.0,8,1.0,0.3,0.8,1011.6,1011.6,1011.6,1011.6,1,0.0,8,1.0,0.3,0.8,,,,,,,,,,,,,,,,,,,,,,,,,,,,,,,,,,,,,,,,,,,,,,,,,,,,,,,,,,,,,,,,,,,,,,,,,,,,,,,,,,,,,,,,,,,,,,,,,,,,,,,,,,,,,,,,,,,,,,,,,,,,,,,,,,,,,,,,,,,,,,,,,,,,,,
1905,6,120.0,6.0,,,,,,,,,,,,,,,,,,,,,,,,,,,,,,,,,,,,,,,,1.0,1.0,3.33,2.04,5,1.59,10,0.4,0.3,0.5,0.0,0.0,1.68,0.92,5,2.06,10,0.4,0.3,0.5,0.63,1.0,1.58,1.12,5,0.93,10,0.4,0.3,0.5,1007.7,1009.2,1010.7,1009.2,4,2.0,6,0.3,0.3,0.5,,,,,,,,,,,,,,,,,,,,,,,,,,,,,,,,,,,,,,,,,,,,,,,,,,,,,,,,,,,,,,,,,,,,,,,,,,,,,,,,,,,,,,,,,,,,,,,,,,,,,,,,,,,,,,,,,,,,,,,,,,,,,,,,,,,,,,,,,,,,,,,,,,,,,,
1905,6,120.0,8.0,,,,,,,,,,,,,,,,,,,,,,,,,,,,,,,,,,,,,,,,1.0,1.8,5.03,2.82,6,2.38,18,0.3,0.4,0.4,0.0,1.65,4.67,2.3,6,2.54,18,0.3,0.4,0.4,0.56,1.0,1.89,1.16,6,0.87,18,0.3,0.4,0.4,1007.69,1008.3,1008.57,1008.13,3,0.67,6,0.7,0.3,0.6,,,,,,,,,,,,,,,,,,,,,,,,,,,,,,,,,,,,,,,,,,,,,,,,,,,,,,,,,,,,,,,,,,,,,,,,,,,,,,,,,,,,,,,,,,,,,,,,,,,,,,,,,,,,,,,,,,,,,,,,,,,,,,,,,,,,,,,,,,,,,,,,,,,,,,
1905,6,120.0,12.0,,,,,,,,,,,,,,,,,,,,,,,,,,,,,,,,,,,,,,,,1.69,3.6,6.7,4.17,10,2.73,14,0.5,0.2,0.4,-1.05,2.93,6.21,2.65,10,3.59,14,0.5,0.2,0.4,-0.57,2.17,3.25,1.67,10,1.73,14,0.5,0.2,0.4,1008.13,1009.75,1011.52,1009.83,4,2.0,4,0.8,0.4,0.5,,,,,,,,,,,,,,,,,,,,,,,,,,,,,,,,,,,,,,,,,,,,,,,,,,,,,,,,,,,,,,,,,,,,,,,,,,,,,,,,,,,,,,,,,,,,,,,,,,,,,,,,,,,,,,,,,,,,,,,,,,,,,,,,,,,,,,,,,,,,,,,,,,,,,,
1905,6,120.0,14.0,,,,,,,,,,,,,,,,,,,,,,,,,,,,,,,,,,,,,,,,1.76,2.6,3.65,2.7,4,1.47,4,0.5,0.1,0.1,-3.09,-1.41,-0.09,-1.58,4,2.06,4,0.5,0.1,0.1,-0.63,1.25,2.12,0.77,4,1.88,4,0.5,0.1,0.1,1010.32,1011.0,1011.68,1011.0,3,1.0,2,0.7,0.1,0.1,,,,,,,,,,,,,,,,,,,,,,,,,,,,,,,,,,,,,,,,,,,,,,,,,,,,,,,,,,,,,,,,,,,,,,,,,,,,,,,,,,,,,,,,,,,,,,,,,,,,,,,,,,,,,,,,,,,,,,,,,,,,,,,,,,,,,,,,,,,,,,,,,,,,,,
1905,6,120.0,18.0,,,,,,,,,,,,,,,,,,,,,,,,,,,,,,,,,,,,,,,,4.6,5.65,7.34,6.17,6,2.06,2,0.7,0.4,0.3,-7.34,-4.67,-4.32,-5.75,6,2.18,2,0.7,0.4,0.3,0.0,0.79,2.23,1.31,6,1.85,2,0.7,0.4,0.3,1009.0,1010.0,1010.08,1009.73,6,0.59,2,0.7,0.4,0.3,,,,,,,,,,,,,,,,,,,,,,,,,,,,,,,,,,,,,,,,,,,,,,,,,,,,,,,,,,,,,,,,,,,,,,,,,,,,,,,,,,,,,,,,,,,,,,,,,,,,,,,,,,,,,,,,,,,,,,,,,,,,,,,,,,,,,,,,,,,,,,,,,,,,,,
1905,6,120.0,24.0,,,,,,,,,,,,,,,,,,,,,,,,,,,,,,,,,,,,,,,,2.6,2.6,4.6,3.41,8,1.78,22,0.9,0.3,0.7,-1.63,0.0,1.02,0.21,8,2.33,22,0.9,0.3,0.7,-2.52,1.7,4.36,0.93,8,3.16,22,0.9,0.3,0.7,1004.98,1006.6,1009.1,1007.13,7,2.31,24,0.9,0.3,0.7,,,,,,,,,,,,,,,,,,,,,,,,,,,,,,,,,,,,,,,,,,,,,,,,,,,,,,,,,,,,,,,,,,,,,,,,,,,,,,,,,,,,,,,,,,,,,,,,,,,,,,,,,,,,,,,,,,,,,,,,,,,,,,,,,,,,,,,,,,,,,,,,,,,,,,
1905,6,120.0,26.0,,,,,,,,,,,,,,,,,,,,,,,,,,,,,,,,,,,,,,,,1.0,2.6,6.7,3.86,14,3.24,18,0.6,0.6,0.4,-1.84,0.0,0.0,-0.65,14,1.07,18,0.6,0.6,0.4,-6.44,-0.35,2.49,-1.18,14,4.84,18,0.6,0.6,0.4,1002.5,1005.35,1009.83,1005.67,12,3.49,18,0.5,0.6,0.5,,,,,,,,,,,,,,,,,,,,,,,,,,,,,,,,,,,,,,,,,,,,,,,,,,,,,,,,,,,,,,,,,,,,,,,,,,,,,,,,,,,,,,,,,,,,,,,,,,,,,,,,,,,,,,,,,,,,,,,,,,,,,,,,,,,,,,,,,,,,,,,,,,,,,,
1905,6,120.0,38.0,12.2,17.75,19.4,16.62,30.0,2.91,16.0,0.7,0.5,0.0,16.7,19.15,22.2,19.62,30.0,2.72,16.0,0.7,0.5,0.0,13.72,13.72,13.72,13.72,1.0,0.0,10.0,1.0,0.5,0.0,100.0,100.0,100.0,100.0,1.0,0.0,10.0,1.0,0.0,1.0,2.6,4.6,2.7,30,2.42,16,0.7,0.5,0.0,-2.23,0.0,0.28,-0.68,30,1.62,16,0.7,0.5,0.0,0.39,1.0,3.95,1.94,30,2.54,16,0.7,0.5,0.0,1000.2,1001.2,1005.41,1002.94,25,3.64,18,0.7,0.5,0.1,2.0,5.5,8.0,4.9,28.0,2.9,18.0,0.6,0.5,0.0,-5.8,0.0,0.3,-3.6,30.0,10.9,16.0,0.7,0.5,0.0,0.4,1.0,18.2,10.4,30.0,20.8,16.0,0.7,0.5,0.0,-5.0,-2.8,-1.1,-3.0,30.0,2.03,16.0,0.7,0.5,0.0,-19.0,-4.1,-1.1,-9.2,30.0,12.2,16.0,0.7,0.5,0.0,0.0,0.0,0.0,0.0,1.0,0.0,10.0,1.0,0.5,0.0,0.0,0.0,0.0,0.0,1.0,0.0,10.0,1.0,0.5,0.0,-41.1,0.0,5.4,-14.2,30.0,33.0,16.0,0.7,0.5,0.0,6.9,20.4,75.3,36.5,30.0,45.8,16.0,0.7,0.5,0.0,-27.3,-27.3,-27.3,-27.3,1.0,0.0,10.0,1.0,0.5,0.0,-22.9,-22.9,-22.9,-22.9,1.0,0.0,10.0,1.0,0.5,0.0,0.0,0.0,0.0,0.0,1.0,0.0,10.0,1.0,0.5,0.0,0.0,0.0,0.0,0.0,1.0,0.0,10.0,1.0,0.5,0.0,1.0,17.5,97.5,85.0,30.0,205.0,16.0,0.7,0.5,0.0,0.0,20.0,95.0,85.0,30.0,205.0,16.0,0.7,0.5,0.0
1905,6,122.0,-44.0,,,,,,,,,,,,,,,,,,,,,,,,,,,,,,,,,,,,,,,,6.7,6.7,6.7,6.7,1,0.0,12,1.0,0.8,0.3,6.7,6.7,6.7,6.7,1,0.0,12,1.0,0.8,0.3,0.0,0.0,0.0,0.0,1,0.0,12,1.0,0.8,0.3,1024.2,1024.2,1024.2,1024.2,1,0.0,12,1.0,0.8,0.3,,,,,,,,,,,,,,,,,,,,,,,,,,,,,,,,,,,,,,,,,,,,,,,,,,,,,,,,,,,,,,,,,,,,,,,,,,,,,,,,,,,,,,,,,,,,,,,,,,,,,,,,,,,,,,,,,,,,,,,,,,,,,,,,,,,,,,,,,,,,,,,,,,,,,,
1905,6,122.0,-36.0,,,,,,,,,,,,,,,,,,,,,,,,,,,,,,,,,,,,,,,,4.09,15.95,26.8,14.75,12,10.69,24,0.6,0.2,0.5,-1.21,13.76,23.13,11.45,12,11.69,24,0.6,0.2,0.5,-10.47,-4.49,0.0,-6.05,12,5.68,24,0.6,0.2,0.5,1012.48,1013.5,1014.52,1013.5,2,2.12,28,1.0,0.3,0.5,,,,,,,,,,,,,,,,,,,,,,,,,,,,,,,,,,,,,,,,,,,,,,,,,,,,,,,,,,,,,,,,,,,,,,,,,,,,,,,,,,,,,,,,,,,,,,,,,,,,,,,,,,,,,,,,,,,,,,,,,,,,,,,,,,,,,,,,,,,,,,,,,,,,,,
1905,6,122.0,12.0,,,,,,,,,,,,,,,,,,,,,,,,,,,,,,,,,,,,,,,,2.02,2.6,2.6,2.28,5,0.72,10,0.2,0.2,0.1,-2.05,0.39,1.84,-0.04,5,2.01,10,0.2,0.2,0.1,-1.29,0.92,1.84,0.36,5,1.68,10,0.2,0.2,0.1,1010.32,1011.0,1011.68,1011.0,2,1.41,2,0.0,0.3,0.0,,,,,,,,,,,,,,,,,,,,,,,,,,,,,,,,,,,,,,,,,,,,,,,,,,,,,,,,,,,,,,,,,,,,,,,,,,,,,,,,,,,,,,,,,,,,,,,,,,,,,,,,,,,,,,,,,,,,,,,,,,,,,,,,,,,,,,,,,,,,,,,,,,,,,,
1905,6,122.0,16.0,,,,,,,,,,,,,,,,,,,,,,,,,,,,,,,,,,,,,,,,4.6,4.6,6.03,5.3,3,1.21,2,0.3,0.3,0.5,-4.69,-4.6,-3.68,-4.2,3,0.82,2,0.3,0.3,0.5,1.03,3.25,4.27,2.66,3,2.42,2,0.3,0.3,0.5,1012.32,1013.0,1013.0,1012.67,3,0.58,2,0.3,0.3,0.5,,,,,,,,,,,,,,,,,,,,,,,,,,,,,,,,,,,,,,,,,,,,,,,,,,,,,,,,,,,,,,,,,,,,,,,,,,,,,,,,,,,,,,,,,,,,,,,,,,,,,,,,,,,,,,,,,,,,,,,,,,,,,,,,,,,,,,,,,,,,,,,,,,,,,,
1905,6,122.0,18.0,,,,,,,,,,,,,,,,,,,,,,,,,,,,,,,,,,,,,,,,9.8,9.8,9.8,9.8,1,0.0,2,0.0,0.3,0.3,-6.93,-6.93,-6.93,-6.93,1,0.0,2,0.0,0.3,0.3,6.93,6.93,6.93,6.93,1,0.0,2,0.0,0.3,0.3,1010.8,1010.8,1010.8,1010.8,1,0.0,2,0.0,0.3,0.3,,,,,,,,,,,,,,,,,,,,,,,,,,,,,,,,,,,,,,,,,,,,,,,,,,,,,,,,,,,,,,,,,,,,,,,,,,,,,,,,,,,,,,,,,,,,,,,,,,,,,,,,,,,,,,,,,,,,,,,,,,,,,,,,,,,,,,,,,,,,,,,,,,,,,,
1905,6,122.0,20.0,,,,,,,,,,,,,,,,,,,,,,,,,,,,,,,,,,,,,,,,4.93,5.65,6.37,5.65,2,1.48,2,1.0,0.4,0.1,-4.5,-4.0,-3.49,-4.0,2,1.05,2,1.0,0.4,0.1,3.49,4.0,4.5,4.0,2,1.05,2,1.0,0.4,0.1,1011.75,1011.85,1011.95,1011.85,2,0.21,2,1.0,0.4,0.1,,,,,,,,,,,,,,,,,,,,,,,,,,,,,,,,,,,,,,,,,,,,,,,,,,,,,,,,,,,,,,,,,,,,,,,,,,,,,,,,,,,,,,,,,,,,,,,,,,,,,,,,,,,,,,,,,,,,,,,,,,,,,,,,,,,,,,,,,,,,,,,,,,,,,,
1905,6,122.0,24.0,,,,,,,,,,,,,,,,,,,,,,,,,,,,,,,,,,,,,,,,2.6,2.6,2.6,2.6,1,0.0,26,0.0,0.1,0.9,-1.67,-1.67,-1.67,-1.67,1,0.0,26,0.0,0.1,0.9,1.99,1.99,1.99,1.99,1,0.0,26,0.0,0.1,0.9,1004.9,1004.9,1004.9,1004.9,1,0.0,26,0.0,0.1,0.9,,,,,,,,,,,,,,,,,,,,,,,,,,,,,,,,,,,,,,,,,,,,,,,,,,,,,,,,,,,,,,,,,,,,,,,,,,,,,,,,,,,,,,,,,,,,,,,,,,,,,,,,,,,,,,,,,,,,,,,,,,,,,,,,,,,,,,,,,,,,,,,,,,,,,,
1905,6,122.0,26.0,,,,,,,,,,,,,,,,,,,,,,,,,,,,,,,,,,,,,,,,2.19,2.6,4.6,2.83,12,1.22,24,0.6,0.4,0.4,-2.69,-1.75,1.08,-0.91,12,1.89,24,0.6,0.4,0.4,-1.67,1.16,3.32,0.95,12,2.19,24,0.6,0.4,0.4,1002.47,1003.9,1011.64,1005.76,9,4.55,24,0.6,0.5,0.4,,,,,,,,,,,,,,,,,,,,,,,,,,,,,,,,,,,,,,,,,,,,,,,,,,,,,,,,,,,,,,,,,,,,,,,,,,,,,,,,,,,,,,,,,,,,,,,,,,,,,,,,,,,,,,,,,,,,,,,,,,,,,,,,,,,,,,,,,,,,,,,,,,,,,,
1905,6,122.0,28.0,,,,,,,,,,,,,,,,,,,,,,,,,,,,,,,,,,,,,,,,1.0,2.6,4.6,3.08,14,1.92,18,0.5,0.3,0.5,-1.84,-1.76,-0.02,-1.4,14,1.44,18,0.5,0.3,0.5,-2.37,0.35,4.2,0.33,14,3.09,18,0.5,0.3,0.5,1001.75,1006.35,1010.78,1006.23,12,3.99,18,0.4,0.3,0.5,,,,,,,,,,,,,,,,,,,,,,,,,,,,,,,,,,,,,,,,,,,,,,,,,,,,,,,,,,,,,,,,,,,,,,,,,,,,,,,,,,,,,,,,,,,,,,,,,,,,,,,,,,,,,,,,,,,,,,,,,,,,,,,,,,,,,,,,,,,,,,,,,,,,,,
1905,6,122.0,30.0,,,,,,,,,,,,,,,,,,,,,,,,,,,,,,,,,,,,,,,,1.0,2.6,6.7,3.59,56,3.03,12,0.5,0.3,0.4,-3.52,-0.92,0.0,-1.4,56,1.96,12,0.5,0.3,0.4,-1.84,0.39,4.39,1.4,56,3.8,12,0.5,0.3,0.4,1001.0,1005.0,1006.6,1004.58,19,2.6,16,0.5,0.3,0.4,,,,,,,,,,,,,,,,,,,,,,,,,,,,,,,,,,,,,,,,,,,,,,,,,,,,,,,,,,,,,,,,,,,,,,,,,,,,,,,,,,,,,,,,,,,,,,,,,,,,,,,,,,,,,,,,,,,,,,,,,,,,,,,,,,,,,,,,,,,,,,,,,,,,,,
1905,6,122.0,34.0,,,,,,,,,,,,,,,,,,,,,,,,,,,,,,,,,,,,,,,,2.82,5.65,6.7,4.95,8,2.19,16,0.8,0.3,0.4,-4.68,-2.94,-1.91,-3.04,8,1.52,16,0.8,0.3,0.4,-4.11,1.82,4.57,0.98,8,4.34,16,0.8,0.3,0.4,1006.72,1007.4,1008.56,1007.63,3,1.37,18,1.0,0.4,0.6,,,,,,,,,,,,,,,,,,,,,,,,,,,,,,,,,,,,,,,,,,,,,,,,,,,,,,,,,,,,,,,,,,,,,,,,,,,,,,,,,,,,,,,,,,,,,,,,,,,,,,,,,,,,,,,,,,,,,,,,,,,,,,,,,,,,,,,,,,,,,,,,,,,,,,
1905,6,122.0,36.0,15.81,16.7,19.61,17.5,10.0,2.11,16.0,0.7,0.7,0.8,16.07,18.3,20.16,18.36,10.0,2.48,16.0,0.7,0.7,0.8,11.98,12.25,12.51,12.25,2.0,0.54,10.0,0.5,0.8,0.8,96.4,97.8,99.3,97.8,2.0,3.0,10.0,0.5,0.8,3.46,4.6,6.7,5.09,10,2.01,16,0.7,0.7,0.8,-4.47,-1.15,2.11,-1.26,10,3.42,16,0.7,0.7,0.8,-1.52,3.62,5.13,2.2,10,3.74,16,0.7,0.7,0.8,1002.69,1003.9,1007.49,1004.51,9,3.74,16,0.7,0.7,0.8,1.8,7.0,8.0,5.8,9.0,3.0,16.0,0.7,0.7,0.8,-28.9,-5.3,6.9,-11.2,10.0,22.1,16.0,0.7,0.7,0.8,-4.0,16.6,34.4,16.2,10.0,24.9,16.0,0.7,0.7,0.8,-1.6,-0.85,-0.54,-0.86,10.0,0.86,16.0,0.7,0.7,0.8,-8.4,-3.8,-2.1,-4.4,10.0,4.5,16.0,0.7,0.7,0.8,-0.66,-0.58,-0.49,-0.58,2.0,0.18,10.0,0.5,0.8,0.8,-2.9,-2.2,-1.5,-2.2,2.0,1.5,10.0,0.5,0.8,0.8,-86.8,-17.9,38.3,-20.1,10.0,63.9,16.0,0.7,0.7,0.8,-26.0,69.3,103.5,41.6,10.0,69.0,16.0,0.7,0.7,0.8,3.1,9.9,16.7,9.9,2.0,14.0,10.0,0.5,0.8,0.8,-10.7,17.2,45.1,17.2,2.0,57.8,10.0,0.5,0.8,0.8,-0.6,-0.4,-0.1,-0.4,2.0,0.5,10.0,0.5,0.8,0.8,-2.6,-1.2,0.2,-1.2,2.0,2.9,10.0,0.5,0.8,0.8,51.5,97.5,301.0,193.0,10.0,236.5,16.0,0.7,0.7,0.8,50.0,95.0,300.0,195.0,10.0,235.0,16.0,0.7,0.7,0.8
1905,6,122.0,38.0,13.9,15.6,19.16,16.08,35.0,2.65,12.0,0.7,0.4,0.3,14.4,17.2,19.76,17.28,35.0,2.67,12.0,0.7,0.4,0.3,11.18,11.9,12.62,11.9,2.0,1.49,10.0,0.5,0.4,0.1,94.6,94.8,94.9,94.8,2.0,0.3,10.0,0.5,0.1,1.0,2.6,6.7,3.53,34,2.11,12,0.7,0.4,0.3,-2.84,0.0,2.23,-0.51,34,2.41,12,0.7,0.4,0.3,0.0,1.83,5.13,2.18,34,2.5,12,0.7,0.4,0.3,1000.2,1004.2,1011.68,1004.5,33,6.18,12,0.7,0.4,0.3,2.0,4.0,7.9,4.0,33.0,2.6,12.0,0.7,0.4,0.3,-14.9,0.0,6.8,-3.0,34.0,12.0,12.0,0.7,0.4,0.3,0.0,5.2,34.4,11.4,34.0,16.3,12.0,0.7,0.4,0.3,-2.2,-1.2,-0.2,-1.2,35.0,1.12,12.0,0.7,0.4,0.3,-9.6,-3.4,0.0,-4.5,34.0,5.7,12.0,0.7,0.4,0.3,-0.7,0.0,0.7,0.0,2.0,1.45,10.0,0.5,0.4,0.1,-3.8,-1.9,0.1,-1.9,2.0,4.1,10.0,0.5,0.4,0.1,-49.4,0.0,34.5,-8.8,34.0,43.0,12.0,0.7,0.4,0.3,0.0,29.3,90.6,37.8,34.0,43.3,12.0,0.7,0.4,0.3,-45.8,-23.8,-1.9,-23.8,2.0,45.5,10.0,0.5,0.4,0.1,9.1,13.7,18.3,13.7,2.0,9.5,10.0,0.5,0.4,0.1,1.4,2.6,3.9,2.6,2.0,2.6,10.0,0.5,0.4,0.1,-1.3,-0.5,0.3,-0.5,2.0,1.6,10.0,0.5,0.4,0.1,1.0,17.5,301.0,91.0,34.0,114.0,12.0,0.7,0.4,0.3,0.0,20.0,300.0,90.0,34.0,115.0,12.0,0.7,0.4,0.3
1905,6,124.0,-42.0,,,,,,,,,,,,,,,,,,,,,,,,,,,,,,,,,,,,,,,,16.54,19.0,19.0,17.8,3,2.08,30,0.3,0.4,0.8,7.42,7.42,9.79,8.58,3,2.0,30,0.3,0.4,0.8,12.98,17.49,17.49,15.29,3,3.81,30,0.3,0.4,0.8,1010.0,1010.0,1010.0,1010.0,1,0.0,30,0.0,0.8,0.8,,,,,,,,,,,,,,,,,,,,,,,,,,,,,,,,,,,,,,,,,,,,,,,,,,,,,,,,,,,,,,,,,,,,,,,,,,,,,,,,,,,,,,,,,,,,,,,,,,,,,,,,,,,,,,,,,,,,,,,,,,,,,,,,,,,,,,,,,,,,,,,,,,,,,,
1905,6,124.0,-36.0,,,,,,,,,,,,,,,,,,,,,,,,,,,,,,,,,,,,,,,,2.82,9.5,15.4,9.18,8,6.13,20,0.8,0.2,0.5,-1.71,2.88,10.37,3.81,8,5.76,20,0.8,0.2,0.5,-13.9,-3.43,-0.2,-6.16,8,6.37,20,0.8,0.2,0.5,1013.0,1013.0,1013.0,1013.0,1,0.0,28,0.0,0.0,0.5,,,,,,,,,,,,,,,,,,,,,,,,,,,,,,,,,,,,,,,,,,,,,,,,,,,,,,,,,,,,,,,,,,,,,,,,,,,,,,,,,,,,,,,,,,,,,,,,,,,,,,,,,,,,,,,,,,,,,,,,,,,,,,,,,,,,,,,,,,,,,,,,,,,,,,
1905,6,124.0,12.0,,,,,,,,,,,,,,,,,,,,,,,,,,,,,,,,,,,,,,,,2.27,2.6,2.6,2.33,6,0.65,8,0.8,0.2,0.0,-1.84,0.42,1.84,0.14,6,1.89,8,0.8,0.2,0.0,-1.84,0.92,1.84,0.31,6,1.81,8,0.8,0.2,0.0,1010.32,1011.0,1011.68,1011.0,3,1.0,2,1.0,0.2,0.0,,,,,,,,,,,,,,,,,,,,,,,,,,,,,,,,,,,,,,,,,,,,,,,,,,,,,,,,,,,,,,,,,,,,,,,,,,,,,,,,,,,,,,,,,,,,,,,,,,,,,,,,,,,,,,,,,,,,,,,,,,,,,,,,,,,,,,,,,,,,,,,,,,,,,,
1905,6,124.0,14.0,,,,,,,,,,,,,,,,,,,,,,,,,,,,,,,,,,,,,,,,6.7,6.7,6.7,6.7,2,0.0,2,0.0,0.5,0.5,-6.7,-6.7,-6.7,-6.7,2,0.0,2,0.0,0.5,0.5,0.0,0.0,0.0,0.0,2,0.0,2,0.0,0.5,0.5,1012.16,1012.5,1012.84,1012.5,2,0.71,2,0.0,0.5,0.5,,,,,,,,,,,,,,,,,,,,,,,,,,,,,,,,,,,,,,,,,,,,,,,,,,,,,,,,,,,,,,,,,,,,,,,,,,,,,,,,,,,,,,,,,,,,,,,,,,,,,,,,,,,,,,,,,,,,,,,,,,,,,,,,,,,,,,,,,,,,,,,,,,,,,,
1905,6,124.0,16.0,,,,,,,,,,,,,,,,,,,,,,,,,,,,,,,,,,,,,,,,4.93,5.65,6.37,5.65,2,1.48,2,1.0,0.0,0.0,-6.37,-5.65,-4.93,-5.65,2,1.48,2,1.0,0.0,0.0,0.0,0.0,0.0,0.0,2,0.0,2,1.0,0.0,0.0,1013.0,1013.0,1013.0,1013.0,2,0.0,2,1.0,0.0,0.0,,,,,,,,,,,,,,,,,,,,,,,,,,,,,,,,,,,,,,,,,,,,,,,,,,,,,,,,,,,,,,,,,,,,,,,,,,,,,,,,,,,,,,,,,,,,,,,,,,,,,,,,,,,,,,,,,,,,,,,,,,,,,,,,,,,,,,,,,,,,,,,,,,,,,,
1905,6,124.0,26.0,,,,,,,,,,,,,,,,,,,,,,,,,,,,,,,,,,,,,,,,2.27,2.6,2.6,2.33,6,0.65,24,0.8,0.3,0.7,-1.14,0.92,2.03,0.55,6,1.67,24,0.8,0.3,0.7,-0.54,1.56,1.87,0.73,6,1.78,24,0.8,0.3,0.7,1004.18,1006.3,1010.94,1007.53,3,5.06,26,1.0,0.0,0.9,,,,,,,,,,,,,,,,,,,,,,,,,,,,,,,,,,,,,,,,,,,,,,,,,,,,,,,,,,,,,,,,,,,,,,,,,,,,,,,,,,,,,,,,,,,,,,,,,,,,,,,,,,,,,,,,,,,,,,,,,,,,,,,,,,,,,,,,,,,,,,,,,,,,,,
1905,6,124.0,28.0,,,,,,,,,,,,,,,,,,,,,,,,,,,,,,,,,,,,,,,,2.6,4.6,6.7,4.12,11,1.99,26,0.7,0.5,0.5,-3.48,-1.0,0.0,-1.24,11,2.65,26,0.7,0.5,0.5,-3.43,0.0,4.74,0.4,11,3.7,26,0.7,0.5,0.5,1002.8,1003.75,1010.19,1005.83,10,4.12,24,0.7,0.5,0.5,,,,,,,,,,,,,,,,,,,,,,,,,,,,,,,,,,,,,,,,,,,,,,,,,,,,,,,,,,,,,,,,,,,,,,,,,,,,,,,,,,,,,,,,,,,,,,,,,,,,,,,,,,,,,,,,,,,,,,,,,,,,,,,,,,,,,,,,,,,,,,,,,,,,,,
1905,6,124.0,30.0,,,,,,,,,,,,,,,,,,,,,,,,,,,,,,,,,,,,,,,,1.0,2.6,4.6,2.94,36,1.82,16,0.7,0.4,0.5,-2.6,-1.01,1.36,-0.84,36,1.98,16,0.7,0.4,0.5,-2.09,0.0,3.25,0.65,36,2.67,16,0.7,0.4,0.5,1004.0,1005.9,1009.78,1006.71,15,2.69,20,0.7,0.4,0.5,,,,,,,,,,,,,,,,,,,,,,,,,,,,,,,,,,,,,,,,,,,,,,,,,,,,,,,,,,,,,,,,,,,,,,,,,,,,,,,,,,,,,,,,,,,,,,,,,,,,,,,,,,,,,,,,,,,,,,,,,,,,,,,,,,,,,,,,,,,,,,,,,,,,,,
1905,6,124.0,32.0,,,,,,,,,,,,,,,,,,,,,,,,,,,,,,,,,,,,,,,,1.0,2.6,4.6,3.14,9,2.79,12,1.0,0.4,0.5,-3.19,-0.71,0.74,-1.0,9,2.37,12,1.0,0.4,0.5,-0.71,1.0,2.23,1.26,9,3.22,12,1.0,0.4,0.5,1007.2,1007.4,1007.6,1007.4,2,0.42,16,1.0,0.5,0.5,,,,,,,,,,,,,,,,,,,,,,,,,,,,,,,,,,,,,,,,,,,,,,,,,,,,,,,,,,,,,,,,,,,,,,,,,,,,,,,,,,,,,,,,,,,,,,,,,,,,,,,,,,,,,,,,,,,,,,,,,,,,,,,,,,,,,,,,,,,,,,,,,,,,,,
1905,6,124.0,34.0,15.6,17.2,19.47,17.6,57.0,2.02,14.0,0.7,0.8,0.5,17.8,19.15,20.6,19.06,56.0,1.85,14.0,0.7,0.8,0.5,13.07,13.89,14.25,13.67,4.0,0.76,10.0,0.8,0.6,0.5,90.2,90.6,93.3,91.7,4.0,2.7,10.0,0.8,0.5,1.0,2.6,5.5,3.65,55,2.17,14,0.7,0.8,0.5,-0.58,0.0,3.33,0.91,55,1.99,14,0.7,0.8,0.5,-2.75,1.0,4.56,0.98,55,3.54,14,0.7,0.8,0.5,997.47,1004.2,1008.41,1003.51,51,4.9,12,0.7,0.8,0.5,2.0,6.0,8.0,4.8,45.0,2.7,14.0,0.6,0.8,0.5,-0.6,0.0,16.2,5.1,55.0,11.1,14.0,0.7,0.8,0.5,-11.9,1.0,21.0,5.3,55.0,22.9,14.0,0.7,0.8,0.5,-2.94,-1.1,0.0,-1.43,56.0,1.53,14.0,0.7,0.8,0.5,-9.5,-2.9,0.0,-4.6,54.0,6.7,14.0,0.7,0.8,0.5,0.79,1.01,1.01,0.91,4.0,0.2,10.0,0.8,0.6,0.5,1.0,1.3,3.2,2.1,4.0,1.8,10.0,0.8,0.6,0.5,-12.7,3.5,59.1,15.8,54.0,37.3,14.0,0.7,0.8,0.5,-59.1,21.7,87.2,20.6,54.0,66.4,14.0,0.7,0.8,0.5,-6.3,4.1,15.6,4.6,4.0,14.5,10.0,0.8,0.6,0.5,1.7,23.7,48.0,24.8,4.0,30.1,10.0,0.8,0.6,0.5,-0.3,0.3,1.1,0.4,4.0,0.9,10.0,0.8,0.6,0.5,0.1,1.3,3.0,1.5,4.0,2.1,10.0,0.8,0.6,0.5,1.0,17.5,185.0,104.5,55.0,166.5,14.0,0.7,0.8,0.5,0.0,20.0,185.0,105.0,55.0,165.0,14.0,0.7,0.8,0.5
1905,6,124.0,36.0,14.4,16.7,19.4,16.97,66.0,2.56,14.0,0.6,0.4,0.5,14.4,18.3,20.0,17.85,66.0,2.52,14.0,0.6,0.4,0.5,12.37,12.64,13.25,12.8,3.0,0.66,10.0,0.7,0.3,0.3,91.7,95.7,95.7,93.8,3.0,3.4,10.0,0.7,0.3,1.0,2.6,4.6,2.95,59,1.87,12,0.6,0.4,0.5,-1.67,0.0,1.99,0.32,59,2.09,12,0.6,0.4,0.5,-2.59,0.0,2.44,0.37,59,2.78,12,0.6,0.4,0.5,1001.71,1005.2,1011.48,1005.74,61,4.93,14,0.6,0.5,0.5,1.3,4.0,8.0,4.5,53.0,2.9,14.0,0.5,0.5,0.4,-4.3,0.0,6.7,0.3,59.0,12.5,12.0,0.6,0.4,0.5,-6.8,0.0,6.4,2.9,59.0,16.5,12.0,0.6,0.4,0.5,-2.54,-0.6,0.6,-0.88,66.0,1.75,14.0,0.6,0.4,0.5,-7.4,-2.3,1.5,-3.2,59.0,5.8,12.0,0.6,0.4,0.5,-0.29,0.61,0.8,0.26,3.0,0.85,10.0,0.7,0.3,0.3,-1.1,0.6,0.8,-0.1,3.0,1.5,10.0,0.7,0.3,0.3,-30.4,0.0,42.0,5.9,59.0,37.3,12.0,0.6,0.4,0.5,-42.7,0.0,43.2,7.8,59.0,50.3,12.0,0.6,0.4,0.5,-13.1,4.2,8.4,-2.2,3.0,16.7,10.0,0.7,0.3,0.3,-5.1,8.7,19.9,7.5,3.0,18.4,10.0,0.7,0.3,0.3,0.4,0.5,1.0,0.6,3.0,0.5,10.0,0.7,0.3,0.3,-1.2,-0.8,0.0,-0.6,3.0,0.9,10.0,0.7,0.3,0.3,1.0,17.5,97.5,65.0,59.0,152.0,12.0,0.6,0.4,0.5,0.0,20.0,95.0,65.0,59.0,150.0,12.0,0.6,0.4,0.5
1905,6,124.0,38.0,,,,,,,,,,,,,,,,,,,,,,,,,,,,,,,,,,,,,,,,1.0,2.6,5.57,3.36,17,2.11,12,0.6,0.4,0.3,-1.99,0.34,2.76,0.39,17,2.77,12,0.6,0.4,0.3,-2.26,0.0,3.3,0.53,17,2.88,12,0.6,0.4,0.3,1001.48,1003.6,1012.3,1005.46,18,5.21,12,0.6,0.4,0.3,,,,,,,,,,,,,,,,,,,,,,,,,,,,,,,,,,,,,,,,,,,,,,,,,,,,,,,,,,,,,,,,,,,,,,,,,,,,,,,,,,,,,,,,,,,,,,,,,,,,,,,,,,,,,,,,,,,,,,,,,,,,,,,,,,,,,,,,,,,,,,,,,,,,,,
1905,6,126.0,-44.0,,,,,,,,,,,,,,,,,,,,,,,,,,,,,,,,,,,,,,,,9.78,10.8,11.82,10.8,2,2.12,10,1.0,0.8,0.5,4.92,5.59,6.26,5.59,2,1.39,10,1.0,0.8,0.5,-10.64,-8.99,-7.34,-8.99,2,3.41,10,1.0,0.8,0.5,1008.61,1013.35,1018.09,1013.35,2,9.83,10,1.0,0.8,0.5,,,,,,,,,,,,,,,,,,,,,,,,,,,,,,,,,,,,,,,,,,,,,,,,,,,,,,,,,,,,,,,,,,,,,,,,,,,,,,,,,,,,,,,,,,,,,,,,,,,,,,,,,,,,,,,,,,,,,,,,,,,,,,,,,,,,,,,,,,,,,,,,,,,,,,
1905,6,126.0,-42.0,,,,,,,,,,,,,,,,,,,,,,,,,,,,,,,,,,,,,,,,19.0,19.0,19.0,19.0,1,0.0,30,0.0,0.3,0.3,7.12,7.12,7.12,7.12,1,0.0,30,0.0,0.3,0.3,-17.62,-17.62,-17.62,-17.62,1,0.0,30,0.0,0.3,0.3,1000.1,1000.1,1000.1,1000.1,1,0.0,30,0.0,0.3,0.3,,,,,,,,,,,,,,,,,,,,,,,,,,,,,,,,,,,,,,,,,,,,,,,,,,,,,,,,,,,,,,,,,,,,,,,,,,,,,,,,,,,,,,,,,,,,,,,,,,,,,,,,,,,,,,,,,,,,,,,,,,,,,,,,,,,,,,,,,,,,,,,,,,,,,,
1905,6,126.0,-36.0,,,,,,,,,,,,,,,,,,,,,,,,,,,,,,,,,,,,,,,,1.11,5.65,19.0,8.48,10,7.78,18,0.2,0.3,0.5,-2.85,0.0,19.0,4.58,10,10.07,18,0.2,0.3,0.5,-4.68,-1.2,0.0,-2.45,10,2.99,18,0.2,0.3,0.5,1010.32,1011.0,1011.68,1011.0,2,1.41,28,0.0,0.3,0.5,,,,,,,,,,,,,,,,,,,,,,,,,,,,,,,,,,,,,,,,,,,,,,,,,,,,,,,,,,,,,,,,,,,,,,,,,,,,,,,,,,,,,,,,,,,,,,,,,,,,,,,,,,,,,,,,,,,,,,,,,,,,,,,,,,,,,,,,,,,,,,,,,,,,,,
1905,6,126.0,10.0,,,,,,,,,,,,,,,,,,,,,,,,,,,,,,,,,,,,,,,,2.6,2.6,2.6,2.6,3,0.0,10,0.0,0.4,0.6,-1.19,1.84,1.84,0.36,3,2.56,10,0.0,0.4,0.6,-1.84,-1.84,-0.58,-1.23,3,1.06,10,0.0,0.4,0.6,1012.8,1012.8,1012.8,1012.8,1,0.0,2,0.0,0.3,0.8,,,,,,,,,,,,,,,,,,,,,,,,,,,,,,,,,,,,,,,,,,,,,,,,,,,,,,,,,,,,,,,,,,,,,,,,,,,,,,,,,,,,,,,,,,,,,,,,,,,,,,,,,,,,,,,,,,,,,,,,,,,,,,,,,,,,,,,,,,,,,,,,,,,,,,
1905,6,126.0,12.0,,,,,,,,,,,,,,,,,,,,,,,,,,,,,,,,,,,,,,,,3.25,4.65,6.05,4.65,2,2.9,8,1.0,0.3,0.3,-5.34,-2.43,0.48,-2.43,2,6.04,8,1.0,0.3,0.3,0.29,0.92,1.55,0.92,2,1.3,8,1.0,0.3,0.3,1012.32,1013.0,1013.68,1013.0,2,1.41,4,1.0,0.5,0.5,,,,,,,,,,,,,,,,,,,,,,,,,,,,,,,,,,,,,,,,,,,,,,,,,,,,,,,,,,,,,,,,,,,,,,,,,,,,,,,,,,,,,,,,,,,,,,,,,,,,,,,,,,,,,,,,,,,,,,,,,,,,,,,,,,,,,,,,,,,,,,,,,,,,,,
1905,6,126.0,14.0,,,,,,,,,,,,,,,,,,,,,,,,,,,,,,,,,,,,,,,,7.11,8.0,8.89,8.0,2,1.84,2,0.5,0.0,0.0,-8.89,-8.0,-7.11,-8.0,2,1.84,2,0.5,0.0,0.0,0.0,0.0,0.0,0.0,2,0.0,2,0.5,0.0,0.0,1012.16,1012.5,1012.84,1012.5,2,0.71,2,0.5,0.0,0.0,,,,,,,,,,,,,,,,,,,,,,,,,,,,,,,,,,,,,,,,,,,,,,,,,,,,,,,,,,,,,,,,,,,,,,,,,,,,,,,,,,,,,,,,,,,,,,,,,,,,,,,,,,,,,,,,,,,,,,,,,,,,,,,,,,,,,,,,,,,,,,,,,,,,,,
1905,6,126.0,22.0,,,,,,,,,,,,,,,,,,,,,,,,,,,,,,,,,,,,,,,,2.6,2.6,2.6,2.6,1,0.0,2,1.0,0.3,0.8,-1.84,-1.84,-1.84,-1.84,1,0.0,2,1.0,0.3,0.8,-1.84,-1.84,-1.84,-1.84,1,0.0,2,1.0,0.3,0.8,1013.6,1013.6,1013.6,1013.6,1,0.0,2,1.0,0.3,0.8,,,,,,,,,,,,,,,,,,,,,,,,,,,,,,,,,,,,,,,,,,,,,,,,,,,,,,,,,,,,,,,,,,,,,,,,,,,,,,,,,,,,,,,,,,,,,,,,,,,,,,,,,,,,,,,,,,,,,,,,,,,,,,,,,,,,,,,,,,,,,,,,,,,,,,
1905,6,126.0,28.0,,,,,,,,,,,,,,,,,,,,,,,,,,,,,,,,,,,,,,,,1.0,4.6,5.12,4.83,7,4.94,18,0.9,0.6,0.7,-3.62,-1.0,0.88,-1.68,7,4.7,18,0.9,0.6,0.7,-2.02,0.0,3.32,-0.48,7,5.09,18,0.9,0.6,0.7,1002.91,1005.95,1008.99,1005.95,2,6.29,26,0.5,0.1,0.8,,,,,,,,,,,,,,,,,,,,,,,,,,,,,,,,,,,,,,,,,,,,,,,,,,,,,,,,,,,,,,,,,,,,,,,,,,,,,,,,,,,,,,,,,,,,,,,,,,,,,,,,,,,,,,,,,,,,,,,,,,,,,,,,,,,,,,,,,,,,,,,,,,,,,,
1905,6,126.0,30.0,,,,,,,,,,,,,,,,,,,,,,,,,,,,,,,,,,,,,,,,1.0,2.6,7.86,4.34,36,3.3,20,0.6,0.4,0.4,-3.7,-0.99,2.51,-0.37,36,3.24,20,0.6,0.4,0.4,-4.74,0.0,2.6,-0.59,36,4.39,20,0.6,0.4,0.4,999.25,1004.3,1010.5,1004.08,23,5.28,20,0.8,0.4,0.5,,,,,,,,,,,,,,,,,,,,,,,,,,,,,,,,,,,,,,,,,,,,,,,,,,,,,,,,,,,,,,,,,,,,,,,,,,,,,,,,,,,,,,,,,,,,,,,,,,,,,,,,,,,,,,,,,,,,,,,,,,,,,,,,,,,,,,,,,,,,,,,,,,,,,,
1905,6,126.0,32.0,16.79,20.8,22.0,19.78,40.0,2.41,12.0,0.5,0.5,0.4,18.58,21.0,22.13,20.55,37.0,1.83,12.0,0.5,0.5,0.4,13.92,14.03,14.15,14.03,2.0,0.24,12.0,0.5,0.4,0.7,91.2,92.6,93.9,92.6,2.0,2.8,12.0,0.5,0.7,1.0,2.6,5.2,3.76,37,2.71,14,0.5,0.5,0.4,-3.96,0.0,2.6,-0.55,37,3.5,14,0.5,0.5,0.4,-2.68,0.0,2.49,0.36,37,3.02,14,0.5,0.5,0.4,1001.75,1005.6,1007.43,1004.95,25,4.35,14,0.6,0.6,0.5,2.0,7.0,8.0,5.8,38.0,2.6,12.0,0.5,0.5,0.3,-18.2,0.0,6.8,-2.8,37.0,27.6,14.0,0.5,0.5,0.4,-12.3,0.0,6.9,2.3,37.0,24.6,14.0,0.5,0.5,0.4,-1.77,-0.4,0.33,-0.62,37.0,1.23,12.0,0.5,0.5,0.4,-5.4,-0.3,1.5,-2.3,34.0,5.6,14.0,0.5,0.5,0.4,0.84,0.91,0.98,0.91,2.0,0.15,12.0,0.5,0.4,0.7,1.2,1.6,1.9,1.6,2.0,0.8,12.0,0.5,0.4,0.7,-78.2,0.0,56.6,-10.9,34.0,73.1,14.0,0.5,0.5,0.4,-52.2,0.0,55.6,10.4,34.0,62.7,14.0,0.5,0.5,0.4,-10.4,-6.2,-2.0,-6.2,2.0,8.7,12.0,0.5,0.4,0.7,17.3,24.0,30.8,24.0,2.0,13.9,12.0,0.5,0.4,0.7,-0.6,-0.4,-0.1,-0.4,2.0,0.5,12.0,0.5,0.4,0.7,1.2,1.5,1.8,1.5,2.0,0.7,12.0,0.5,0.4,0.7,1.0,17.5,155.5,154.5,37.0,344.0,14.0,0.5,0.5,0.4,0.0,20.0,155.0,155.0,37.0,345.0,14.0,0.5,0.5,0.4
1905,6,126.0,34.0,15.6,16.7,18.3,16.99,59.0,1.54,10.0,0.7,0.3,0.1,17.2,18.9,22.2,19.45,58.0,2.29,10.0,0.7,0.3,0.1,12.59,12.87,13.28,12.93,3.0,0.5,8.0,1.0,0.3,0.0,94.7,95.1,95.5,95.1,3.0,0.6,8.0,1.0,0.0,1.0,2.6,4.6,3.21,56,1.92,10,0.7,0.2,0.1,-3.11,-1.67,1.57,-1.16,56,2.47,10,0.7,0.2,0.1,-2.96,0.0,1.99,-0.48,56,2.54,10,0.7,0.2,0.1,1002.85,1008.0,1011.73,1007.68,57,4.77,10,0.7,0.3,0.1,1.0,2.0,6.5,3.5,48.0,2.6,10.0,0.8,0.2,0.1,-14.3,-4.3,4.3,-3.8,56.0,15.1,10.0,0.7,0.2,0.1,-13.6,0.0,5.2,-3.3,56.0,15.6,10.0,0.7,0.2,0.1,-4.4,-2.2,-1.1,-2.48,58.0,1.69,10.0,0.7,0.3,0.1,-12.7,-5.7,-1.6,-8.6,55.0,10.5,10.0,0.7,0.3,0.1,-0.9,-0.62,-0.43,-0.66,3.0,0.35,8.0,1.0,0.3,0.0,-2.3,-1.6,-1.1,-1.7,3.0,0.9,8.0,1.0,0.3,0.0,-64.4,-31.6,30.5,-22.6,55.0,51.2,10.0,0.7,0.3,0.1,-50.6,0.0,36.4,-9.1,55.0,51.2,10.0,0.7,0.3,0.1,-28.9,-25.6,-8.1,-18.7,3.0,16.4,8.0,1.0,0.3,0.0,-30.7,-21.5,-14.4,-22.5,3.0,12.0,8.0,1.0,0.3,0.0,0.5,1.5,1.9,1.2,3.0,1.1,8.0,1.0,0.3,0.0,0.7,0.9,1.4,1.0,3.0,0.6,8.0,1.0,0.3,0.0,1.0,17.5,97.5,75.5,56.0,154.5,10.0,0.7,0.2,0.1,0.0,20.0,95.0,75.0,56.0,155.0,10.0,0.7,0.2,0.1
1905,6,126.0,36.0,,,,,,,,,,,,,,,,,,,,,,,,,,,,,,,,,,,,,,,,1.94,2.6,5.47,3.42,11,1.98,12,1.0,0.1,0.6,0.0,0.0,2.6,0.83,11,1.25,12,1.0,0.1,0.6,-4.84,0.0,2.6,-0.32,11,3.79,12,1.0,0.1,0.6,1003.73,1006.95,1008.7,1006.24,10,3.01,14,1.0,0.1,0.5,,,,,,,,,,,,,,,,,,,,,,,,,,,,,,,,,,,,,,,,,,,,,,,,,,,,,,,,,,,,,,,,,,,,,,,,,,,,,,,,,,,,,,,,,,,,,,,,,,,,,,,,,,,,,,,,,,,,,,,,,,,,,,,,,,,,,,,,,,,,,,,,,,,,,,
1905,6,128.0,-36.0,,,,,,,,,,,,,,,,,,,,,,,,,,,,,,,,,,,,,,,,1.11,9.3,15.4,8.79,10,6.79,18,0.7,0.2,0.5,-1.05,2.64,13.47,4.35,10,8.39,18,0.7,0.2,0.5,-8.62,0.0,2.42,-1.7,10,6.1,18,0.7,0.2,0.5,1008.32,1009.0,1009.68,1009.0,2,1.41,28,1.0,0.3,0.5,,,,,,,,,,,,,,,,,,,,,,,,,,,,,,,,,,,,,,,,,,,,,,,,,,,,,,,,,,,,,,,,,,,,,,,,,,,,,,,,,,,,,,,,,,,,,,,,,,,,,,,,,,,,,,,,,,,,,,,,,,,,,,,,,,,,,,,,,,,,,,,,,,,,,,
1905,6,128.0,10.0,,,,,,,,,,,,,,,,,,,,,,,,,,,,,,,,,,,,,,,,3.55,4.6,4.6,4.1,4,1.0,8,0.5,0.3,0.3,-4.6,-1.38,3.29,-0.69,4,4.65,8,0.5,0.3,0.3,-0.96,0.0,0.0,-0.46,4,0.92,8,0.5,0.3,0.3,1012.16,1012.5,1012.84,1012.5,2,0.71,4,0.5,0.5,0.5,,,,,,,,,,,,,,,,,,,,,,,,,,,,,,,,,,,,,,,,,,,,,,,,,,,,,,,,,,,,,,,,,,,,,,,,,,,,,,,,,,,,,,,,,,,,,,,,,,,,,,,,,,,,,,,,,,,,,,,,,,,,,,,,,,,,,,,,,,,,,,,,,,,,,,
1905,6,128.0,12.0,,,,,,,,,,,,,,,,,,,,,,,,,,,,,,,,,,,,,,,,4.6,4.6,6.03,5.3,3,1.21,4,0.0,0.1,0.1,-6.03,-4.6,-4.6,-5.3,3,1.21,4,0.0,0.1,0.1,0.0,0.0,0.0,0.0,3,0.0,4,0.0,0.1,0.1,1012.16,1012.5,1013.52,1012.83,3,1.04,4,0.0,0.1,0.1,,,,,,,,,,,,,,,,,,,,,,,,,,,,,,,,,,,,,,,,,,,,,,,,,,,,,,,,,,,,,,,,,,,,,,,,,,,,,,,,,,,,,,,,,,,,,,,,,,,,,,,,,,,,,,,,,,,,,,,,,,,,,,,,,,,,,,,,,,,,,,,,,,,,,,
1905,6,128.0,28.0,,,,,,,,,,,,,,,,,,,,,,,,,,,,,,,,,,,,,,,,2.6,5.65,6.7,4.98,6,2.02,24,0.7,0.5,0.5,-1.99,0.0,2.5,-0.01,6,2.94,24,0.7,0.5,0.5,0.62,3.65,6.6,3.24,6,3.55,24,0.7,0.5,0.5,1004.4,1004.4,1004.4,1004.4,1,0.0,10,1.0,0.8,0.8,,,,,,,,,,,,,,,,,,,,,,,,,,,,,,,,,,,,,,,,,,,,,,,,,,,,,,,,,,,,,,,,,,,,,,,,,,,,,,,,,,,,,,,,,,,,,,,,,,,,,,,,,,,,,,,,,,,,,,,,,,,,,,,,,,,,,,,,,,,,,,,,,,,,,,
1905,6,128.0,30.0,,,,,,,,,,,,,,,,,,,,,,,,,,,,,,,,,,,,,,,,1.0,2.6,4.6,3.28,17,2.86,16,0.4,0.3,0.3,-1.8,0.0,0.71,-0.49,17,2.61,16,0.4,0.3,0.3,-2.01,0.93,4.6,1.02,17,3.38,16,0.4,0.3,0.3,1001.43,1005.5,1008.2,1005.43,10,4.24,16,0.4,0.2,0.4,,,,,,,,,,,,,,,,,,,,,,,,,,,,,,,,,,,,,,,,,,,,,,,,,,,,,,,,,,,,,,,,,,,,,,,,,,,,,,,,,,,,,,,,,,,,,,,,,,,,,,,,,,,,,,,,,,,,,,,,,,,,,,,,,,,,,,,,,,,,,,,,,,,,,,
1905,6,128.0,32.0,18.3,20.6,22.2,20.35,202.0,1.93,14.0,0.5,0.6,0.5,18.36,21.1,22.98,20.96,197.0,2.26,14.0,0.5,0.6,0.5,12.63,14.01,15.47,14.17,25.0,1.69,12.0,0.7,0.8,0.5,88.5,90.5,94.6,90.2,25.0,4.9,12.0,0.7,0.5,1.0,2.6,4.6,2.91,199,2.81,14,0.6,0.6,0.5,-2.6,0.0,1.0,-0.76,199,2.73,14,0.6,0.6,0.5,-2.6,0.0,1.93,-0.51,199,2.85,14,0.6,0.6,0.5,1000.47,1006.6,1012.7,1006.53,183,5.46,14,0.6,0.6,0.5,0.0,4.0,8.0,4.2,199.0,3.2,14.0,0.6,0.6,0.5,-7.2,0.0,1.8,-6.7,199.0,23.4,14.0,0.6,0.6,0.5,-6.8,0.0,5.2,-4.6,199.0,23.4,14.0,0.6,0.6,0.5,-2.2,-0.5,1.08,-0.62,191.0,1.67,14.0,0.5,0.6,0.5,-4.4,0.0,2.2,-1.0,181.0,6.3,14.0,0.5,0.6,0.5,-1.18,-0.46,1.4,0.03,20.0,1.77,14.0,0.6,0.8,0.5,-2.8,-0.2,0.4,-0.4,20.0,2.3,14.0,0.6,0.8,0.5,-57.5,0.0,23.4,-14.0,187.0,52.8,14.0,0.6,0.6,0.5,-56.2,0.0,39.2,-9.8,187.0,57.1,14.0,0.6,0.6,0.5,-23.7,0.0,8.5,-3.8,25.0,15.3,12.0,0.7,0.8,0.5,-34.3,0.0,5.3,-6.4,25.0,22.4,12.0,0.7,0.8,0.5,-0.3,0.0,1.6,0.2,20.0,1.3,14.0,0.6,0.8,0.5,-2.2,0.0,0.0,-0.9,20.0,1.8,14.0,0.6,0.8,0.5,1.0,17.5,97.5,126.5,199.0,324.5,14.0,0.6,0.6,0.5,0.0,20.0,95.0,125.0,199.0,325.0,14.0,0.6,0.6,0.5
1905,6,128.0,34.0,18.9,20.6,22.2,20.41,178.0,1.69,16.0,0.6,0.3,0.2,18.9,20.6,22.2,20.69,178.0,1.96,16.0,0.6,0.3,0.2,13.72,14.31,14.91,14.31,2.0,1.23,10.0,0.5,0.6,0.0,91.5,93.2,94.9,93.2,2.0,3.6,10.0,0.5,0.0,1.0,2.6,6.7,3.33,168,2.81,16,0.6,0.3,0.2,-3.52,-0.49,1.0,-1.02,168,2.97,16,0.6,0.3,0.2,-2.78,0.0,2.44,-0.37,168,3.0,16,0.6,0.3,0.2,995.62,1001.2,1007.3,1002.07,162,5.9,16,0.6,0.4,0.2,2.0,6.0,8.0,5.3,176.0,2.8,16.0,0.6,0.3,0.2,-16.2,-0.5,2.3,-8.1,168.0,24.8,16.0,0.6,0.3,0.2,-13.6,0.0,6.6,-4.1,168.0,23.1,16.0,0.6,0.3,0.2,-2.16,0.0,1.2,-0.28,178.0,1.84,16.0,0.6,0.3,0.2,-4.1,0.0,3.3,0.1,168.0,7.5,16.0,0.6,0.3,0.2,0.5,0.54,0.59,0.54,2.0,0.09,10.0,0.5,0.6,0.0,1.7,2.7,3.6,2.7,2.0,2.0,10.0,0.5,0.6,0.0,-72.6,-10.2,24.5,-20.1,168.0,59.2,16.0,0.6,0.3,0.2,-55.9,0.0,50.0,-7.0,168.0,59.5,16.0,0.6,0.3,0.2,-62.1,-47.2,-32.3,-47.2,2.0,30.8,10.0,0.5,0.6,0.0,-43.9,-13.8,16.3,-13.8,2.0,62.3,10.0,0.5,0.6,0.0,-2.7,-2.0,-1.2,-2.0,2.0,1.6,10.0,0.5,0.6,0.0,-2.0,-0.8,0.4,-0.8,2.0,2.5,10.0,0.5,0.6,0.0,1.0,17.5,301.0,141.0,168.0,314.5,16.0,0.6,0.3,0.2,0.0,20.0,300.0,140.0,168.0,315.0,16.0,0.6,0.3,0.2
1905,6,130.0,-42.0,,,,,,,,,,,,,,,,,,,,,,,,,,,,,,,,,,,,,,,,19.0,19.0,19.0,19.0,1,0.0,8,1.0,0.8,0.3,13.44,13.44,13.44,13.44,1,0.0,8,1.0,0.8,0.3,-13.44,-13.44,-13.44,-13.44,1,0.0,8,1.0,0.8,0.3,1000.6,1000.6,1000.6,1000.6,1,0.0,8,1.0,0.8,0.3,,,,,,,,,,,,,,,,,,,,,,,,,,,,,,,,,,,,,,,,,,,,,,,,,,,,,,,,,,,,,,,,,,,,,,,,,,,,,,,,,,,,,,,,,,,,,,,,,,,,,,,,,,,,,,,,,,,,,,,,,,,,,,,,,,,,,,,,,,,,,,,,,,,,,,
1905,6,130.0,-36.0,,,,,,,,,,,,,,,,,,,,,,,,,,,,,,,,,,,,,,,,1.97,6.7,13.76,7.6,9,5.47,14,0.4,0.2,0.5,-4.34,0.64,6.45,1.21,9,6.15,14,0.4,0.2,0.5,-10.28,-3.25,0.56,-4.15,9,6.0,14,0.4,0.2,0.5,1006.48,1010.5,1014.52,1010.5,4,4.65,16,0.5,0.3,0.5,,,,,,,,,,,,,,,,,,,,,,,,,,,,,,,,,,,,,,,,,,,,,,,,,,,,,,,,,,,,,,,,,,,,,,,,,,,,,,,,,,,,,,,,,,,,,,,,,,,,,,,,,,,,,,,,,,,,,,,,,,,,,,,,,,,,,,,,,,,,,,,,,,,,,,
1905,6,130.0,8.0,,,,,,,,,,,,,,,,,,,,,,,,,,,,,,,,,,,,,,,,2.6,2.6,2.6,2.6,5,0.0,8,0.0,0.4,0.2,-2.6,0.0,1.84,-0.3,5,2.23,8,0.0,0.4,0.2,-2.12,-1.84,0.0,-1.26,5,1.19,8,0.0,0.4,0.2,1011.16,1011.5,1011.84,1011.5,2,0.71,4,0.0,0.5,0.5,,,,,,,,,,,,,,,,,,,,,,,,,,,,,,,,,,,,,,,,,,,,,,,,,,,,,,,,,,,,,,,,,,,,,,,,,,,,,,,,,,,,,,,,,,,,,,,,,,,,,,,,,,,,,,,,,,,,,,,,,,,,,,,,,,,,,,,,,,,,,,,,,,,,,,
1905,6,130.0,10.0,,,,,,,,,,,,,,,,,,,,,,,,,,,,,,,,,,,,,,,,4.6,4.6,4.6,4.6,2,0.0,4,1.0,0.0,0.0,-4.6,-4.6,-4.6,-4.6,2,0.0,4,1.0,0.0,0.0,0.0,0.0,0.0,0.0,2,0.0,4,1.0,0.0,0.0,1011.16,1011.5,1011.84,1011.5,2,0.71,4,1.0,0.0,0.0,,,,,,,,,,,,,,,,,,,,,,,,,,,,,,,,,,,,,,,,,,,,,,,,,,,,,,,,,,,,,,,,,,,,,,,,,,,,,,,,,,,,,,,,,,,,,,,,,,,,,,,,,,,,,,,,,,,,,,,,,,,,,,,,,,,,,,,,,,,,,,,,,,,,,,
1905,6,130.0,26.0,,,,,,,,,,,,,,,,,,,,,,,,,,,,,,,,,,,,,,,,12.3,12.3,12.3,12.3,1,0.0,8,1.0,0.8,0.3,11.4,11.4,11.4,11.4,1,0.0,8,1.0,0.8,0.3,4.61,4.61,4.61,4.61,1,0.0,8,1.0,0.8,0.3,1010.9,1010.9,1010.9,1010.9,1,0.0,8,1.0,0.8,0.3,,,,,,,,,,,,,,,,,,,,,,,,,,,,,,,,,,,,,,,,,,,,,,,,,,,,,,,,,,,,,,,,,,,,,,,,,,,,,,,,,,,,,,,,,,,,,,,,,,,,,,,,,,,,,,,,,,,,,,,,,,,,,,,,,,,,,,,,,,,,,,,,,,,,,,
1905,6,130.0,28.0,,,,,,,,,,,,,,,,,,,,,,,,,,,,,,,,,,,,,,,,2.13,6.7,10.52,6.33,3,6.16,18,1.0,0.4,0.6,0.74,2.35,3.98,2.36,3,2.37,18,1.0,0.4,0.6,1.5,4.74,9.75,5.6,3,6.08,18,1.0,0.4,0.6,1007.0,1007.0,1007.0,1007.0,1,0.0,8,1.0,0.3,0.3,,,,,,,,,,,,,,,,,,,,,,,,,,,,,,,,,,,,,,,,,,,,,,,,,,,,,,,,,,,,,,,,,,,,,,,,,,,,,,,,,,,,,,,,,,,,,,,,,,,,,,,,,,,,,,,,,,,,,,,,,,,,,,,,,,,,,,,,,,,,,,,,,,,,,,
1905,6,130.0,30.0,,,,,,,,,,,,,,,,,,,,,,,,,,,,,,,,,,,,,,,,0.81,2.6,5.0,2.98,25,3.02,16,0.6,0.2,0.5,-2.6,0.0,0.77,-1.14,25,2.87,16,0.6,0.2,0.5,-0.91,0.0,3.75,1.02,25,2.77,16,0.6,0.2,0.5,1007.39,1010.4,1014.4,1010.93,16,3.24,16,0.6,0.2,0.6,,,,,,,,,,,,,,,,,,,,,,,,,,,,,,,,,,,,,,,,,,,,,,,,,,,,,,,,,,,,,,,,,,,,,,,,,,,,,,,,,,,,,,,,,,,,,,,,,,,,,,,,,,,,,,,,,,,,,,,,,,,,,,,,,,,,,,,,,,,,,,,,,,,,,,
1905,6,130.0,32.0,18.3,20.0,22.03,20.05,126.0,1.8,16.0,0.7,0.3,0.6,18.9,21.1,23.3,21.15,117.0,2.1,16.0,0.7,0.3,0.7,12.36,14.57,16.82,14.67,30.0,2.02,14.0,0.7,0.3,0.7,84.5,90.6,94.9,89.4,31.0,8.1,14.0,0.7,0.7,1.0,1.8,4.6,2.66,124,2.49,16,0.7,0.3,0.7,-2.78,0.0,1.67,-0.38,124,2.51,16,0.7,0.3,0.7,-1.67,0.0,1.83,-0.31,124,2.61,16,0.7,0.3,0.7,999.8,1006.4,1011.0,1005.75,117,4.89,16,0.7,0.3,0.6,0.0,3.0,8.0,4.1,120.0,3.2,16.0,0.7,0.3,0.7,-13.6,0.0,4.3,-2.9,124.0,19.3,16.0,0.7,0.3,0.7,-4.3,0.0,5.2,-2.9,124.0,21.3,16.0,0.7,0.3,0.7,-2.6,-1.1,0.57,-1.15,116.0,1.79,16.0,0.7,0.3,0.7,-7.7,-1.7,0.1,-2.6,113.0,5.6,16.0,0.7,0.3,0.7,-0.53,0.44,0.93,0.3,29.0,0.79,16.0,0.8,0.3,0.7,-0.6,0.0,1.2,0.4,29.0,1.5,16.0,0.8,0.3,0.7,-62.4,0.0,39.9,-9.8,114.0,51.4,16.0,0.7,0.3,0.7,-39.0,0.0,42.1,-4.3,114.0,52.6,16.0,0.7,0.3,0.7,-9.6,3.5,29.1,8.8,30.0,27.0,14.0,0.7,0.3,0.7,-10.7,0.0,4.6,0.8,30.0,17.9,14.0,0.7,0.3,0.7,-0.5,0.0,0.9,0.3,29.0,1.4,16.0,0.8,0.3,0.7,-0.3,0.0,0.4,0.1,29.0,0.6,16.0,0.8,0.3,0.7,1.0,9.5,97.5,91.5,124.0,342.5,16.0,0.7,0.3,0.7,0.0,10.0,95.0,90.0,124.0,345.0,16.0,0.7,0.3,0.7
1905,6,130.0,34.0,18.3,20.0,20.88,19.66,29.0,1.45,14.0,0.8,0.2,0.1,19.4,20.2,21.98,20.47,29.0,1.46,14.0,0.8,0.2,0.1,14.63,14.85,15.08,14.85,2.0,0.46,6.0,1.0,0.1,0.0,92.1,95.3,98.5,95.3,2.0,6.6,6.0,1.0,0.0,1.2,2.6,6.7,4.04,27,2.57,14,0.9,0.2,0.1,-3.48,-0.77,1.97,-0.65,27,2.86,14,0.9,0.2,0.1,-4.56,0.0,2.91,-0.61,27,3.82,14,0.9,0.2,0.1,998.48,1006.8,1012.75,1006.24,26,6.79,14,0.8,0.3,0.1,2.0,7.5,8.0,5.4,26.0,3.0,14.0,0.8,0.2,0.1,-27.3,-0.8,5.1,-3.5,27.0,17.4,14.0,0.9,0.2,0.1,-27.9,0.0,12.7,-5.9,27.0,28.1,14.0,0.9,0.2,0.1,-1.7,-1.0,0.0,-0.8,29.0,0.99,14.0,0.8,0.2,0.1,-7.4,-2.2,0.0,-3.6,27.0,4.8,14.0,0.9,0.2,0.1,-1.51,-0.7,0.1,-0.7,2.0,1.67,6.0,1.0,0.1,0.0,-1.4,-0.3,0.7,-0.3,2.0,2.2,6.0,1.0,0.1,0.0,-69.7,-17.8,43.3,-12.9,27.0,59.4,14.0,0.9,0.2,0.1,-94.8,0.0,50.3,-12.6,27.0,78.7,14.0,0.9,0.2,0.1,-23.6,-19.9,-16.2,-19.9,2.0,7.7,6.0,1.0,0.1,0.0,4.8,15.1,25.4,15.1,2.0,21.4,6.0,1.0,0.1,0.0,-0.4,0.5,1.5,0.5,2.0,1.9,6.0,1.0,0.1,0.0,0.2,0.5,0.8,0.5,2.0,0.7,6.0,1.0,0.1,0.0,3.0,17.5,301.0,150.5,27.0,221.5,14.0,0.9,0.2,0.1,5.0,20.0,300.0,150.0,27.0,220.0,14.0,0.9,0.2,0.1
1905,6,132.0,-42.0,,,,,,,,,,,,,,,,,,,,,,,,,,,,,,,,,,,,,,,,7.59,9.5,11.41,9.5,2,3.96,16,1.0,0.8,0.3,5.11,5.75,6.4,5.75,2,1.34,16,1.0,0.8,0.3,1.8,5.66,9.53,5.66,2,8.01,16,1.0,0.8,0.3,1023.4,1023.4,1023.4,1023.4,1,0.0,14,1.0,0.8,0.3,,,,,,,,,,,,,,,,,,,,,,,,,,,,,,,,,,,,,,,,,,,,,,,,,,,,,,,,,,,,,,,,,,,,,,,,,,,,,,,,,,,,,,,,,,,,,,,,,,,,,,,,,,,,,,,,,,,,,,,,,,,,,,,,,,,,,,,,,,,,,,,,,,,,,,
1905,6,132.0,-36.0,,,,,,,,,,,,,,,,,,,,,,,,,,,,,,,,,,,,,,,,2.6,6.7,12.3,7.58,11,3.87,16,0.4,0.2,0.5,-11.4,0.0,4.0,-1.75,11,6.6,16,0.4,0.2,0.5,-7.49,-4.61,2.6,-3.22,11,4.45,16,0.4,0.2,0.5,1008.86,1015.0,1015.0,1012.0,3,5.2,12,0.3,0.2,0.5,,,,,,,,,,,,,,,,,,,,,,,,,,,,,,,,,,,,,,,,,,,,,,,,,,,,,,,,,,,,,,,,,,,,,,,,,,,,,,,,,,,,,,,,,,,,,,,,,,,,,,,,,,,,,,,,,,,,,,,,,,,,,,,,,,,,,,,,,,,,,,,,,,,,,,
1905,6,132.0,6.0,,,,,,,,,,,,,,,,,,,,,,,,,,,,,,,,,,,,,,,,1.51,2.6,2.6,2.07,3,0.92,12,1.0,0.4,0.4,1.07,1.84,2.36,1.72,3,0.95,12,1.0,0.4,0.4,-1.48,-0.71,-0.22,-0.85,3,0.93,12,1.0,0.4,0.4,1010.32,1011.0,1011.0,1010.67,3,0.58,6,0.7,0.5,0.3,,,,,,,,,,,,,,,,,,,,,,,,,,,,,,,,,,,,,,,,,,,,,,,,,,,,,,,,,,,,,,,,,,,,,,,,,,,,,,,,,,,,,,,,,,,,,,,,,,,,,,,,,,,,,,,,,,,,,,,,,,,,,,,,,,,,,,,,,,,,,,,,,,,,,,
1905,6,132.0,8.0,,,,,,,,,,,,,,,,,,,,,,,,,,,,,,,,,,,,,,,,3.25,4.65,6.05,4.65,2,2.9,4,0.5,0.0,0.0,-5.79,-3.84,-1.88,-3.84,2,4.05,4,0.5,0.0,0.0,0.38,1.21,2.03,1.21,2,1.7,4,0.5,0.0,0.0,1011.16,1011.5,1011.84,1011.5,2,0.71,4,0.5,0.0,0.0,,,,,,,,,,,,,,,,,,,,,,,,,,,,,,,,,,,,,,,,,,,,,,,,,,,,,,,,,,,,,,,,,,,,,,,,,,,,,,,,,,,,,,,,,,,,,,,,,,,,,,,,,,,,,,,,,,,,,,,,,,,,,,,,,,,,,,,,,,,,,,,,,,,,,,
1905,6,132.0,24.0,,,,,,,,,,,,,,,,,,,,,,,,,,,,,,,,,,,,,,,,9.3,9.3,9.3,9.3,1,0.0,6,1.0,0.3,0.8,6.58,6.58,6.58,6.58,1,0.0,6,1.0,0.3,0.8,6.58,6.58,6.58,6.58,1,0.0,6,1.0,0.3,0.8,1009.2,1009.2,1009.2,1009.2,1,0.0,6,1.0,0.3,0.8,,,,,,,,,,,,,,,,,,,,,,,,,,,,,,,,,,,,,,,,,,,,,,,,,,,,,,,,,,,,,,,,,,,,,,,,,,,,,,,,,,,,,,,,,,,,,,,,,,,,,,,,,,,,,,,,,,,,,,,,,,,,,,,,,,,,,,,,,,,,,,,,,,,,,,
1905,6,132.0,32.0,16.85,18.9,23.85,19.83,47.0,3.13,16.0,0.7,0.2,0.6,19.31,20.0,24.07,21.01,44.0,2.53,14.0,0.6,0.2,0.6,12.06,13.48,16.03,13.95,6.0,2.3,6.0,0.7,0.1,0.8,89.4,90.6,94.9,91.1,7.0,5.6,8.0,0.6,0.8,0.14,2.6,4.6,3.01,46,3.15,14,0.7,0.2,0.6,-1.82,0.0,2.36,0.18,46,2.82,14,0.7,0.2,0.6,-1.49,0.0,2.6,0.97,46,3.2,14,0.7,0.2,0.6,999.19,1008.85,1010.4,1006.34,34,5.94,14,0.7,0.1,0.7,1.0,6.0,8.0,5.1,44.0,2.7,16.0,0.7,0.2,0.6,-5.1,0.0,6.1,3.2,46.0,29.3,14.0,0.7,0.2,0.6,-3.9,0.0,6.8,8.2,46.0,32.4,14.0,0.7,0.2,0.6,-3.3,-1.7,0.0,-1.59,43.0,1.5,14.0,0.6,0.2,0.6,-7.2,-2.2,0.0,-2.9,41.0,4.3,14.0,0.6,0.2,0.6,-2.59,-0.5,0.57,-0.83,6.0,1.66,6.0,0.7,0.1,0.8,-8.3,-1.3,1.9,-2.7,6.0,6.0,6.0,0.7,0.1,0.8,-32.4,0.0,49.6,8.6,42.0,64.3,14.0,0.6,0.2,0.6,-30.5,0.0,59.7,20.2,42.0,71.9,14.0,0.6,0.2,0.6,-25.8,-9.5,11.4,-5.1,6.0,34.1,6.0,0.7,0.1,0.8,13.9,30.7,47.5,27.4,6.0,26.3,6.0,0.7,0.1,0.8,-0.8,0.0,4.7,1.6,6.0,3.4,6.0,0.7,0.1,0.8,-7.8,-2.6,0.9,-3.3,6.0,4.2,6.0,0.7,0.1,0.8,0.0,17.5,97.5,171.5,46.0,567.5,14.0,0.7,0.2,0.6,0.0,20.0,95.0,170.0,46.0,565.0,14.0,0.7,0.2,0.6
1905,6,132.0,34.0,17.8,19.25,20.95,19.28,90.0,1.58,12.0,0.7,0.3,0.1,18.3,20.0,21.7,20.3,85.0,1.84,12.0,0.7,0.3,0.1,12.59,14.28,15.34,13.99,12.0,1.57,10.0,0.8,0.4,0.0,81.5,90.6,99.7,89.5,14.0,8.6,10.0,0.9,0.0,1.0,1.0,4.6,2.06,89,1.81,12,0.7,0.3,0.1,-1.84,0.0,1.0,0.05,89,2.14,12,0.7,0.3,0.1,-1.02,0.0,2.01,0.25,89,1.71,12,0.7,0.3,0.1,1000.8,1009.0,1012.0,1007.3,84,5.73,12,0.7,0.3,0.1,1.0,6.0,8.0,5.0,88.0,3.1,12.0,0.7,0.3,0.1,-5.2,0.0,1.0,1.6,89.0,13.7,12.0,0.7,0.3,0.1,-2.6,0.0,5.2,1.2,89.0,7.6,12.0,0.7,0.3,0.1,-2.8,-1.1,0.5,-1.16,85.0,1.61,12.0,0.7,0.3,0.1,-5.7,-1.2,0.5,-2.5,84.0,5.2,12.0,0.7,0.3,0.1,-0.62,0.36,0.58,0.23,12.0,1.13,10.0,0.8,0.4,0.0,-0.9,0.4,1.2,0.4,12.0,2.8,10.0,0.8,0.4,0.0,-36.3,0.0,20.3,0.5,84.0,43.6,12.0,0.7,0.3,0.1,-28.7,0.0,41.9,5.1,84.0,35.9,12.0,0.7,0.3,0.1,-19.1,0.0,17.2,-0.6,12.0,18.0,10.0,0.8,0.4,0.0,-2.5,17.8,32.8,14.2,12.0,21.2,10.0,0.8,0.4,0.0,-0.7,0.0,0.8,-0.1,12.0,1.8,10.0,0.8,0.4,0.0,-1.1,0.0,0.5,0.1,12.0,2.2,10.0,0.8,0.4,0.0,1.0,1.0,97.5,38.0,89.0,121.5,12.0,0.7,0.3,0.1,0.0,0.0,95.0,40.0,89.0,120.0,12.0,0.7,0.3,0.1
1905,6,132.0,36.0,,,,,,,,,,,,,,,,,,,,,,,,,,,,,,,,,,,,,,,,2.6,2.6,2.6,2.6,1,0.0,24,1.0,0.8,0.0,-1.99,-1.99,-1.99,-1.99,1,0.0,24,1.0,0.8,0.0,-1.67,-1.67,-1.67,-1.67,1,0.0,24,1.0,0.8,0.0,1017.8,1017.8,1017.8,1017.8,1,0.0,24,1.0,0.8,0.0,,,,,,,,,,,,,,,,,,,,,,,,,,,,,,,,,,,,,,,,,,,,,,,,,,,,,,,,,,,,,,,,,,,,,,,,,,,,,,,,,,,,,,,,,,,,,,,,,,,,,,,,,,,,,,,,,,,,,,,,,,,,,,,,,,,,,,,,,,,,,,,,,,,,,,
1905,6,134.0,-42.0,,,,,,,,,,,,,,,,,,,,,,,,,,,,,,,,,,,,,,,,4.73,9.3,13.46,9.1,3,6.4,16,0.3,0.6,0.4,2.26,9.3,13.46,7.89,3,8.3,16,0.3,0.6,0.4,-1.63,0.0,0.0,-0.8,3,1.38,16,0.3,0.6,0.4,1006.7,1006.7,1006.7,1006.7,1,0.0,10,1.0,0.8,0.8,,,,,,,,,,,,,,,,,,,,,,,,,,,,,,,,,,,,,,,,,,,,,,,,,,,,,,,,,,,,,,,,,,,,,,,,,,,,,,,,,,,,,,,,,,,,,,,,,,,,,,,,,,,,,,,,,,,,,,,,,,,,,,,,,,,,,,,,,,,,,,,,,,,,,,
1905,6,134.0,-36.0,,,,,,,,,,,,,,,,,,,,,,,,,,,,,,,,,,,,,,,,3.46,6.7,9.3,6.34,10,3.05,16,0.6,0.3,0.5,-3.55,1.63,6.4,1.33,10,5.68,16,0.6,0.3,0.5,-5.39,-3.1,0.57,-2.76,10,3.37,16,0.6,0.3,0.5,1007.63,1012.0,1012.0,1010.2,5,2.49,14,0.2,0.3,0.5,,,,,,,,,,,,,,,,,,,,,,,,,,,,,,,,,,,,,,,,,,,,,,,,,,,,,,,,,,,,,,,,,,,,,,,,,,,,,,,,,,,,,,,,,,,,,,,,,,,,,,,,,,,,,,,,,,,,,,,,,,,,,,,,,,,,,,,,,,,,,,,,,,,,,,
1905,6,134.0,4.0,,,,,,,,,,,,,,,,,,,,,,,,,,,,,,,,,,,,,,,,1.0,1.0,3.33,2.04,5,1.59,8,0.4,0.3,0.5,1.0,1.0,2.32,1.72,5,1.61,8,0.4,0.3,0.5,0.0,0.0,0.87,0.48,5,1.07,8,0.4,0.3,0.5,1010.16,1010.5,1010.84,1010.5,2,0.71,6,0.5,0.3,0.5,,,,,,,,,,,,,,,,,,,,,,,,,,,,,,,,,,,,,,,,,,,,,,,,,,,,,,,,,,,,,,,,,,,,,,,,,,,,,,,,,,,,,,,,,,,,,,,,,,,,,,,,,,,,,,,,,,,,,,,,,,,,,,,,,,,,,,,,,,,,,,,,,,,,,,
1905,6,134.0,6.0,,,,,,,,,,,,,,,,,,,,,,,,,,,,,,,,,,,,,,,,1.0,1.0,1.0,1.0,1,0.0,12,0.0,0.0,0.0,0.71,0.71,0.71,0.71,1,0.0,12,0.0,0.0,0.0,-0.71,-0.71,-0.71,-0.71,1,0.0,12,0.0,0.0,0.0,1011.0,1011.0,1011.0,1011.0,1,0.0,6,0.0,0.0,0.0,,,,,,,,,,,,,,,,,,,,,,,,,,,,,,,,,,,,,,,,,,,,,,,,,,,,,,,,,,,,,,,,,,,,,,,,,,,,,,,,,,,,,,,,,,,,,,,,,,,,,,,,,,,,,,,,,,,,,,,,,,,,,,,,,,,,,,,,,,,,,,,,,,,,,,
1905,6,134.0,24.0,,,,,,,,,,,,,,,,,,,,,,,,,,,,,,,,,,,,,,,,6.7,6.7,6.7,6.7,1,0.0,6,1.0,0.3,0.8,2.62,2.62,2.62,2.62,1,0.0,6,1.0,0.3,0.8,6.17,6.17,6.17,6.17,1,0.0,6,1.0,0.3,0.8,1013.6,1013.6,1013.6,1013.6,1,0.0,6,1.0,0.3,0.8,,,,,,,,,,,,,,,,,,,,,,,,,,,,,,,,,,,,,,,,,,,,,,,,,,,,,,,,,,,,,,,,,,,,,,,,,,,,,,,,,,,,,,,,,,,,,,,,,,,,,,,,,,,,,,,,,,,,,,,,,,,,,,,,,,,,,,,,,,,,,,,,,,,,,,
1905,6,134.0,32.0,21.11,23.0,24.95,22.99,52.0,1.7,18.0,0.7,0.5,0.5,20.0,22.65,25.02,22.61,44.0,2.24,18.0,0.7,0.5,0.6,16.12,17.58,18.65,17.44,6.0,1.3,16.0,0.8,0.6,0.7,89.0,93.0,96.7,92.5,6.0,6.0,16.0,0.8,0.7,2.57,4.6,9.3,4.72,45,3.12,18,0.7,0.5,0.6,-2.97,0.0,3.25,-0.31,45,3.82,18,0.7,0.5,0.6,-2.96,0.0,6.58,1.34,45,4.0,18,0.7,0.5,0.6,1001.13,1007.0,1010.01,1006.24,31,4.35,16,0.6,0.5,0.6,4.0,7.0,8.0,6.5,51.0,2.0,18.0,0.7,0.5,0.5,-13.6,0.0,15.0,-0.7,45.0,36.0,18.0,0.7,0.5,0.6,-13.6,0.0,44.2,12.4,45.0,32.1,18.0,0.7,0.5,0.6,-1.1,0.0,1.43,0.09,43.0,1.5,18.0,0.7,0.5,0.6,-9.4,0.0,5.4,-0.2,37.0,7.0,18.0,0.7,0.5,0.6,-0.81,-0.19,0.39,-0.2,6.0,0.84,16.0,0.8,0.6,0.7,-3.9,-2.7,1.1,-1.6,5.0,2.9,14.0,1.0,0.6,0.7,-57.9,0.0,76.9,1.4,38.0,88.4,18.0,0.7,0.5,0.6,-71.4,0.0,137.9,27.2,38.0,95.9,18.0,0.7,0.5,0.6,-53.9,0.0,26.7,-12.6,5.0,54.1,14.0,1.0,0.6,0.7,-65.5,12.2,37.7,-9.6,5.0,55.5,14.0,1.0,0.6,0.7,-0.6,0.2,2.7,0.8,5.0,2.0,14.0,1.0,0.6,0.7,-0.9,2.1,2.7,1.0,5.0,2.3,14.0,1.0,0.6,0.7,17.5,97.5,804.5,261.0,45.0,441.5,18.0,0.7,0.5,0.6,15.0,95.0,805.0,260.0,45.0,440.0,18.0,0.7,0.5,0.6
1905,6,134.0,34.0,18.9,20.0,21.62,20.1,70.0,1.7,14.0,0.6,0.4,0.2,19.4,21.1,23.3,21.23,68.0,2.18,12.0,0.6,0.4,0.2,12.59,13.19,15.19,13.63,11.0,2.05,14.0,0.5,0.4,0.2,81.8,90.5,90.7,87.5,11.0,4.3,14.0,0.5,0.2,0.0,2.6,4.6,2.6,74,2.5,14,0.7,0.4,0.2,-1.29,0.0,2.58,0.25,74,2.62,14,0.7,0.4,0.2,-0.64,0.0,1.9,0.52,74,2.43,14,0.7,0.4,0.2,1000.26,1009.7,1014.4,1007.9,65,6.8,14,0.6,0.4,0.2,0.0,5.5,8.0,4.2,68.0,3.2,14.0,0.7,0.4,0.2,-3.3,0.0,6.8,0.8,74.0,15.9,14.0,0.7,0.4,0.2,-0.7,0.0,7.2,3.0,74.0,18.0,14.0,0.7,0.4,0.2,-2.47,-0.8,0.62,-1.05,65.0,2.02,14.0,0.6,0.4,0.2,-6.0,0.0,1.3,-2.6,64.0,7.5,14.0,0.6,0.4,0.2,-0.16,0.86,1.9,0.86,11.0,0.93,14.0,0.5,0.4,0.2,0.0,0.0,1.5,0.5,11.0,0.9,14.0,0.5,0.4,0.2,-31.3,0.0,62.0,5.5,67.0,59.1,14.0,0.6,0.4,0.2,-14.3,0.0,38.0,10.3,67.0,53.5,14.0,0.6,0.4,0.2,-11.0,0.0,4.1,-2.6,11.0,9.4,14.0,0.5,0.4,0.2,-2.5,0.0,12.0,4.3,11.0,9.5,14.0,0.5,0.4,0.2,-0.5,0.0,0.3,-0.1,11.0,0.7,14.0,0.5,0.4,0.2,-0.5,0.0,0.5,0.0,11.0,0.7,14.0,0.5,0.4,0.2,0.0,17.5,97.5,81.0,74.0,174.0,14.0,0.7,0.4,0.2,0.0,20.0,95.0,80.0,74.0,175.0,14.0,0.7,0.4,0.2
1905,6,134.0,36.0,,,,,,,,,,,,,,,,,,,,,,,,,,,,,,,,,,,,,,,,2.6,2.6,2.6,2.6,2,0.0,26,1.0,0.4,0.3,-1.99,-1.99,-1.99,-1.99,2,0.0,26,1.0,0.4,0.3,-1.67,-1.67,-1.67,-1.67,2,0.0,26,1.0,0.4,0.3,1018.16,1018.3,1018.44,1018.3,2,0.28,26,1.0,0.4,0.3,,,,,,,,,,,,,,,,,,,,,,,,,,,,,,,,,,,,,,,,,,,,,,,,,,,,,,,,,,,,,,,,,,,,,,,,,,,,,,,,,,,,,,,,,,,,,,,,,,,,,,,,,,,,,,,,,,,,,,,,,,,,,,,,,,,,,,,,,,,,,,,,,,,,,,
1905,6,136.0,-42.0,,,,,,,,,,,,,,,,,,,,,,,,,,,,,,,,,,,,,,,,9.3,9.3,13.46,11.33,3,3.52,18,0.7,0.3,0.8,2.09,6.58,9.52,5.82,3,5.48,18,0.7,0.3,0.8,-10.38,-9.3,1.54,-4.54,3,9.66,18,0.7,0.3,0.8,1023.8,1023.8,1023.8,1023.8,1,0.0,16,1.0,0.3,0.3,,,,,,,,,,,,,,,,,,,,,,,,,,,,,,,,,,,,,,,,,,,,,,,,,,,,,,,,,,,,,,,,,,,,,,,,,,,,,,,,,,,,,,,,,,,,,,,,,,,,,,,,,,,,,,,,,,,,,,,,,,,,,,,,,,,,,,,,,,,,,,,,,,,,,,
1905,6,136.0,-36.0,,,,,,,,,,,,,,,,,,,,,,,,,,,,,,,,,,,,,,,,2.35,6.7,12.3,6.61,13,4.77,14,0.5,0.3,0.5,-2.77,0.0,9.04,2.37,13,6.25,14,0.5,0.3,0.5,-6.44,0.0,0.98,-2.72,13,4.11,14,0.5,0.3,0.5,1008.0,1011.0,1014.21,1011.17,6,3.19,12,1.0,0.3,0.5,,,,,,,,,,,,,,,,,,,,,,,,,,,,,,,,,,,,,,,,,,,,,,,,,,,,,,,,,,,,,,,,,,,,,,,,,,,,,,,,,,,,,,,,,,,,,,,,,,,,,,,,,,,,,,,,,,,,,,,,,,,,,,,,,,,,,,,,,,,,,,,,,,,,,,
1905,6,136.0,2.0,,,,,,,,,,,,,,,,,,,,,,,,,,,,,,,,,,,,,,,,1.0,1.0,1.84,1.4,4,0.8,8,0.3,0.5,0.5,0.0,0.35,0.71,0.35,4,0.41,8,0.3,0.5,0.5,-0.71,0.15,1.84,0.55,4,1.59,8,0.3,0.5,0.5,1010.16,1010.5,1010.84,1010.5,2,0.71,6,0.0,0.5,0.5,,,,,,,,,,,,,,,,,,,,,,,,,,,,,,,,,,,,,,,,,,,,,,,,,,,,,,,,,,,,,,,,,,,,,,,,,,,,,,,,,,,,,,,,,,,,,,,,,,,,,,,,,,,,,,,,,,,,,,,,,,,,,,,,,,,,,,,,,,,,,,,,,,,,,,
1905,6,136.0,4.0,,,,,,,,,,,,,,,,,,,,,,,,,,,,,,,,,,,,,,,,1.51,2.6,3.97,2.73,3,1.8,8,1.0,0.1,0.1,0.0,0.0,0.48,0.24,3,0.41,8,1.0,0.1,0.1,0.34,2.6,3.97,2.16,3,2.68,8,1.0,0.1,0.1,1009.16,1009.5,1009.84,1009.5,2,0.71,6,1.0,0.0,0.0,,,,,,,,,,,,,,,,,,,,,,,,,,,,,,,,,,,,,,,,,,,,,,,,,,,,,,,,,,,,,,,,,,,,,,,,,,,,,,,,,,,,,,,,,,,,,,,,,,,,,,,,,,,,,,,,,,,,,,,,,,,,,,,,,,,,,,,,,,,,,,,,,,,,,,
1905,6,136.0,24.0,,,,,,,,,,,,,,,,,,,,,,,,,,,,,,,,,,,,,,,,4.6,4.6,4.6,4.6,2,0.0,4,1.0,0.5,0.3,2.03,2.53,3.02,2.53,2,1.03,4,1.0,0.5,0.3,3.41,3.74,4.08,3.74,2,0.69,4,1.0,0.5,0.3,1014.89,1015.3,1015.71,1015.3,2,0.85,4,1.0,0.5,0.3,,,,,,,,,,,,,,,,,,,,,,,,,,,,,,,,,,,,,,,,,,,,,,,,,,,,,,,,,,,,,,,,,,,,,,,,,,,,,,,,,,,,,,,,,,,,,,,,,,,,,,,,,,,,,,,,,,,,,,,,,,,,,,,,,,,,,,,,,,,,,,,,,,,,,,
1905,6,136.0,32.0,20.5,21.5,23.3,21.87,59.0,1.74,18.0,0.5,0.2,0.6,20.0,22.0,23.91,22.24,57.0,2.07,18.0,0.5,0.2,0.6,16.93,17.95,18.8,17.87,4.0,1.12,18.0,0.5,0.4,0.8,97.5,100.0,100.0,98.8,4.0,2.4,18.0,0.5,0.8,2.6,4.6,9.3,5.57,50,2.96,18,0.5,0.2,0.7,-3.01,0.0,5.07,0.87,50,3.98,18,0.5,0.2,0.7,-3.69,0.91,6.97,1.25,50,4.71,18,0.5,0.2,0.7,1003.0,1007.3,1011.0,1007.17,38,3.95,18,0.6,0.2,0.7,3.9,8.0,8.0,6.5,57.0,2.2,18.0,0.5,0.2,0.6,-14.2,0.0,35.5,9.9,50.0,34.6,18.0,0.5,0.2,0.7,-17.0,3.2,65.3,14.4,50.0,40.8,18.0,0.5,0.2,0.7,-1.73,-0.1,1.0,-0.36,57.0,1.43,18.0,0.5,0.2,0.6,-7.8,-0.1,4.3,-2.2,48.0,10.9,20.0,0.5,0.2,0.7,-1.83,-1.05,-0.76,-1.28,4.0,0.78,18.0,0.5,0.4,0.8,-8.8,-5.2,-3.5,-6.1,4.0,3.7,18.0,0.5,0.4,0.8,-72.1,0.0,101.8,15.0,48.0,84.9,20.0,0.5,0.2,0.7,-85.3,8.0,147.7,24.6,48.0,103.3,20.0,0.5,0.2,0.7,-55.3,-34.1,17.6,-19.6,4.0,49.2,18.0,0.5,0.4,0.8,-8.5,53.8,114.0,52.8,4.0,90.2,18.0,0.5,0.4,0.8,-0.5,2.0,3.0,1.3,4.0,2.8,18.0,0.5,0.4,0.8,-8.3,-4.0,0.6,-3.9,4.0,5.8,18.0,0.5,0.4,0.8,17.5,97.5,804.5,332.5,50.0,475.5,18.0,0.5,0.2,0.7,20.0,95.0,805.0,330.0,50.0,475.0,18.0,0.5,0.2,0.7
1905,6,136.0,34.0,20.0,22.0,22.8,21.53,36.0,1.39,18.0,0.5,0.6,0.1,20.5,22.2,23.18,21.97,35.0,1.45,18.0,0.5,0.6,0.1,17.79,18.1,18.4,18.1,2.0,0.63,16.0,1.0,0.7,0.0,91.6,93.1,94.6,93.1,2.0,3.1,16.0,1.0,0.0,2.47,4.6,6.7,4.63,32,2.86,18,0.6,0.6,0.1,-2.98,-0.93,4.74,0.0,32,3.93,18,0.6,0.6,0.1,0.0,1.83,4.61,1.67,32,3.46,18,0.6,0.6,0.1,1005.11,1009.7,1012.35,1008.19,27,4.91,18,0.7,0.6,0.1,4.0,7.0,8.0,6.3,35.0,2.1,18.0,0.5,0.6,0.1,-13.7,-1.0,31.7,5.3,32.0,30.6,18.0,0.6,0.6,0.1,0.0,5.2,22.0,7.6,32.0,32.0,18.0,0.6,0.6,0.1,-1.5,0.0,0.5,-0.47,35.0,1.39,18.0,0.5,0.6,0.1,-8.3,0.0,1.8,-3.2,31.0,8.0,18.0,0.5,0.6,0.1,-3.35,-2.78,-2.2,-2.78,2.0,1.19,16.0,1.0,0.7,0.0,-14.3,-9.3,-4.3,-9.3,2.0,10.4,16.0,1.0,0.7,0.0,-67.6,-20.0,100.6,-4.3,31.0,82.4,18.0,0.5,0.6,0.1,0.0,35.9,99.5,34.1,31.0,73.7,18.0,0.5,0.6,0.1,-69.3,-43.8,-18.2,-43.8,2.0,52.9,16.0,1.0,0.7,0.0,2.8,8.7,14.7,8.7,2.0,12.3,16.0,1.0,0.7,0.0,3.2,8.7,14.1,8.7,2.0,11.3,16.0,1.0,0.7,0.0,-1.5,-0.9,-0.3,-0.9,2.0,1.3,16.0,1.0,0.7,0.0,16.0,97.5,301.0,226.0,32.0,386.5,18.0,0.6,0.6,0.1,15.0,95.0,300.0,225.0,32.0,385.0,18.0,0.6,0.6,0.1
1905,6,136.0,36.0,,,,,,,,,,,,,,,,,,,,,,,,,,,,,,,,,,,,,,,,1.51,2.6,2.6,2.07,3,0.92,26,0.3,0.4,0.7,-2.41,-1.99,-1.16,-1.79,3,0.93,26,0.3,0.4,0.7,-1.34,-0.64,-0.2,-0.77,3,0.84,26,0.3,0.4,0.7,1018.23,1018.5,1018.5,1018.37,3,0.23,26,0.3,0.4,0.7,,,,,,,,,,,,,,,,,,,,,,,,,,,,,,,,,,,,,,,,,,,,,,,,,,,,,,,,,,,,,,,,,,,,,,,,,,,,,,,,,,,,,,,,,,,,,,,,,,,,,,,,,,,,,,,,,,,,,,,,,,,,,,,,,,,,,,,,,,,,,,,,,,,,,,
1905,6,138.0,-40.0,,,,,,,,,,,,,,,,,,,,,,,,,,,,,,,,,,,,,,,,5.35,6.95,8.55,6.95,2,3.32,16,1.0,0.4,0.4,5.04,6.77,8.5,6.77,2,3.58,16,1.0,0.4,0.4,-1.51,-0.9,-0.29,-0.9,2,1.27,16,1.0,0.4,0.4,1002.0,1002.0,1002.0,1002.0,1,0.0,10,1.0,0.0,0.5,,,,,,,,,,,,,,,,,,,,,,,,,,,,,,,,,,,,,,,,,,,,,,,,,,,,,,,,,,,,,,,,,,,,,,,,,,,,,,,,,,,,,,,,,,,,,,,,,,,,,,,,,,,,,,,,,,,,,,,,,,,,,,,,,,,,,,,,,,,,,,,,,,,,,,
1905,6,138.0,-38.0,,,,,,,,,,,,,,,,,,,,,,,,,,,,,,,,,,,,,,,,7.94,10.8,12.3,10.15,4,2.7,16,0.3,0.3,0.8,-8.7,-1.0,8.06,-0.35,4,9.7,16,0.3,0.3,0.8,-8.7,-4.35,0.0,-4.35,4,5.02,16,0.3,0.3,0.8,1005.95,1012.5,1018.0,1012.0,4,6.98,16,0.3,0.3,0.8,,,,,,,,,,,,,,,,,,,,,,,,,,,,,,,,,,,,,,,,,,,,,,,,,,,,,,,,,,,,,,,,,,,,,,,,,,,,,,,,,,,,,,,,,,,,,,,,,,,,,,,,,,,,,,,,,,,,,,,,,,,,,,,,,,,,,,,,,,,,,,,,,,,,,,
1905,6,138.0,-36.0,,,,,,,,,,,,,,,,,,,,,,,,,,,,,,,,,,,,,,,,6.5,6.7,9.3,6.86,7,2.24,20,0.4,0.0,0.5,-0.11,2.51,4.96,2.88,7,3.68,20,0.4,0.0,0.5,-6.79,-6.21,1.19,-3.14,7,5.01,20,0.4,0.0,0.5,1017.32,1018.0,1020.05,1018.67,3,2.08,28,0.3,0.0,0.5,,,,,,,,,,,,,,,,,,,,,,,,,,,,,,,,,,,,,,,,,,,,,,,,,,,,,,,,,,,,,,,,,,,,,,,,,,,,,,,,,,,,,,,,,,,,,,,,,,,,,,,,,,,,,,,,,,,,,,,,,,,,,,,,,,,,,,,,,,,,,,,,,,,,,,
1905,6,138.0,0.0,,,,,,,,,,,,,,,,,,,,,,,,,,,,,,,,,,,,,,,,0.73,2.3,3.87,2.3,2,3.25,8,1.0,0.5,0.5,-2.74,-1.63,-0.52,-1.63,2,2.3,8,1.0,0.5,0.5,0.52,1.63,2.74,1.63,2,2.3,8,1.0,0.5,0.5,1009.0,1009.0,1009.0,1009.0,1,0.0,8,1.0,0.5,0.5,,,,,,,,,,,,,,,,,,,,,,,,,,,,,,,,,,,,,,,,,,,,,,,,,,,,,,,,,,,,,,,,,,,,,,,,,,,,,,,,,,,,,,,,,,,,,,,,,,,,,,,,,,,,,,,,,,,,,,,,,,,,,,,,,,,,,,,,,,,,,,,,,,,,,,
1905,6,138.0,2.0,,,,,,,,,,,,,,,,,,,,,,,,,,,,,,,,,,,,,,,,2.02,2.6,3.33,2.68,5,1.28,8,0.4,0.1,0.1,-2.12,0.0,1.12,-0.38,5,1.82,8,0.4,0.1,0.1,-1.12,0.0,2.85,0.78,5,2.52,8,0.4,0.1,0.1,1010.0,1010.0,1010.68,1010.33,3,0.58,6,0.7,0.2,0.2,,,,,,,,,,,,,,,,,,,,,,,,,,,,,,,,,,,,,,,,,,,,,,,,,,,,,,,,,,,,,,,,,,,,,,,,,,,,,,,,,,,,,,,,,,,,,,,,,,,,,,,,,,,,,,,,,,,,,,,,,,,,,,,,,,,,,,,,,,,,,,,,,,,,,,
1905,6,138.0,22.0,,,,,,,,,,,,,,,,,,,,,,,,,,,,,,,,,,,,,,,,3.25,4.65,6.05,4.65,2,2.9,2,1.0,0.5,0.8,-5.48,-4.0,-2.53,-4.0,2,3.06,2,1.0,0.5,0.8,1.96,2.23,2.49,2.23,2,0.55,2,1.0,0.5,0.8,1015.27,1015.65,1016.03,1015.65,2,0.78,2,1.0,0.5,0.8,,,,,,,,,,,,,,,,,,,,,,,,,,,,,,,,,,,,,,,,,,,,,,,,,,,,,,,,,,,,,,,,,,,,,,,,,,,,,,,,,,,,,,,,,,,,,,,,,,,,,,,,,,,,,,,,,,,,,,,,,,,,,,,,,,,,,,,,,,,,,,,,,,,,,,
1905,6,138.0,32.0,,,,,,,,,,,,,,,,,,,,,,,,,,,,,,,,,,,,,,,,2.81,6.7,6.7,4.8,3,3.29,16,0.3,0.8,0.8,1.15,5.13,5.13,3.19,3,3.37,16,0.3,0.8,0.8,1.85,4.31,4.31,3.11,3,2.08,16,0.3,0.8,0.8,1006.36,1010.8,1011.14,1008.8,3,3.91,16,0.3,0.8,0.8,,,,,,,,,,,,,,,,,,,,,,,,,,,,,,,,,,,,,,,,,,,,,,,,,,,,,,,,,,,,,,,,,,,,,,,,,,,,,,,,,,,,,,,,,,,,,,,,,,,,,,,,,,,,,,,,,,,,,,,,,,,,,,,,,,,,,,,,,,,,,,,,,,,,,,
1905,6,138.0,34.0,19.5,21.0,22.08,20.81,93.0,1.25,16.0,0.6,0.4,0.3,19.5,21.1,23.0,21.31,91.0,1.72,18.0,0.5,0.4,0.3,15.21,16.29,17.42,16.27,6.0,1.85,16.0,0.7,0.3,0.2,88.0,93.0,96.7,91.7,6.0,7.7,16.0,0.7,0.2,2.6,4.6,6.7,4.62,94,2.66,16,0.6,0.4,0.3,-2.48,0.74,4.63,0.79,94,4.0,16,0.6,0.4,0.3,-1.97,1.34,4.31,1.23,94,3.24,16,0.6,0.4,0.3,1002.68,1008.7,1013.0,1008.03,68,4.89,16,0.5,0.4,0.3,4.0,7.0,8.0,6.3,96.0,2.2,16.0,0.6,0.4,0.3,-6.8,0.7,31.7,6.5,94.0,34.3,16.0,0.6,0.4,0.3,-6.4,3.5,26.0,6.8,94.0,23.7,16.0,0.6,0.4,0.3,-1.81,-0.5,0.21,-0.56,89.0,1.29,18.0,0.6,0.4,0.3,-7.3,-1.6,0.6,-2.6,84.0,8.4,18.0,0.5,0.4,0.3,-2.13,-0.43,1.24,-0.69,6.0,2.28,16.0,0.7,0.3,0.2,-4.0,-0.6,3.9,0.1,6.0,4.9,16.0,0.7,0.3,0.2,-56.3,18.3,103.6,18.8,86.0,83.7,16.0,0.5,0.4,0.3,-37.2,35.0,100.5,32.9,86.0,68.0,16.0,0.5,0.4,0.3,-37.5,-27.0,-8.9,-24.5,6.0,31.1,16.0,0.7,0.3,0.2,-4.6,19.6,41.3,20.1,6.0,32.3,16.0,0.7,0.3,0.2,-3.3,1.5,2.9,0.0,6.0,4.3,16.0,0.7,0.3,0.2,-2.8,-1.7,0.5,-1.2,6.0,2.0,16.0,0.7,0.3,0.2,17.5,97.5,301.0,210.5,94.0,364.0,16.0,0.6,0.4,0.3,20.0,95.0,300.0,210.0,94.0,365.0,16.0,0.6,0.4,0.3
1905,6,138.0,38.0,,,,,,,,,,,,,,,,,,,,,,,,,,,,,,,,,,,,,,,,2.6,2.6,2.6,2.6,3,0.0,26,1.0,0.4,0.5,-1.99,-1.99,-0.63,-1.33,3,1.15,26,1.0,0.4,0.5,-2.31,-1.67,-1.67,-1.98,3,0.54,26,1.0,0.4,0.5,1018.23,1018.5,1018.5,1018.37,3,0.23,26,1.0,0.4,0.5,,,,,,,,,,,,,,,,,,,,,,,,,,,,,,,,,,,,,,,,,,,,,,,,,,,,,,,,,,,,,,,,,,,,,,,,,,,,,,,,,,,,,,,,,,,,,,,,,,,,,,,,,,,,,,,,,,,,,,,,,,,,,,,,,,,,,,,,,,,,,,,,,,,,,,
1905,6,138.0,40.0,,,,,,,,,,,,,,,,,,,,,,,,,,,,,,,,,,,,,,,,1.0,1.0,2.09,1.53,3,0.92,26,0.3,0.6,0.1,-0.68,0.0,0.0,-0.33,3,0.58,26,0.3,0.6,0.1,-2.09,-1.0,-0.32,-1.2,3,1.31,26,0.3,0.6,0.1,1017.23,1017.5,1017.7,1017.47,3,0.35,26,0.3,0.6,0.1,,,,,,,,,,,,,,,,,,,,,,,,,,,,,,,,,,,,,,,,,,,,,,,,,,,,,,,,,,,,,,,,,,,,,,,,,,,,,,,,,,,,,,,,,,,,,,,,,,,,,,,,,,,,,,,,,,,,,,,,,,,,,,,,,,,,,,,,,,,,,,,,,,,,,,
1905,6,140.0,-40.0,,,,,,,,,,,,,,,,,,,,,,,,,,,,,,,,,,,,,,,,8.35,12.3,12.3,10.58,5,2.53,18,0.4,0.2,0.7,1.91,8.7,11.73,6.55,5,7.49,18,0.4,0.2,0.7,-7.35,-2.51,1.68,-2.64,5,5.28,18,0.4,0.2,0.7,1008.76,1019.0,1026.51,1017.67,3,13.05,16,0.7,0.2,0.8,,,,,,,,,,,,,,,,,,,,,,,,,,,,,,,,,,,,,,,,,,,,,,,,,,,,,,,,,,,,,,,,,,,,,,,,,,,,,,,,,,,,,,,,,,,,,,,,,,,,,,,,,,,,,,,,,,,,,,,,,,,,,,,,,,,,,,,,,,,,,,,,,,,,,,
1905,6,140.0,-38.0,,,,,,,,,,,,,,,,,,,,,,,,,,,,,,,,,,,,,,,,9.3,9.3,9.3,9.3,2,0.0,16,0.5,0.0,0.5,-4.06,1.36,6.78,1.36,2,11.23,16,0.5,0.0,0.5,-5.53,-3.29,-1.04,-3.29,2,4.65,16,0.5,0.0,0.5,1007.49,1015.0,1022.51,1015.0,2,15.56,16,0.5,0.0,0.5,,,,,,,,,,,,,,,,,,,,,,,,,,,,,,,,,,,,,,,,,,,,,,,,,,,,,,,,,,,,,,,,,,,,,,,,,,,,,,,,,,,,,,,,,,,,,,,,,,,,,,,,,,,,,,,,,,,,,,,,,,,,,,,,,,,,,,,,,,,,,,,,,,,,,,
1905,6,140.0,0.0,,,,,,,,,,,,,,,,,,,,,,,,,,,,,,,,,,,,,,,,2.6,4.6,6.13,4.18,9,1.7,8,0.2,0.3,0.1,-5.74,-3.25,-1.88,-3.69,9,1.79,8,0.2,0.3,0.1,0.0,1.84,2.53,1.5,9,1.22,8,0.2,0.3,0.1,1010.0,1010.4,1011.0,1010.48,5,0.5,8,0.2,0.3,0.2,,,,,,,,,,,,,,,,,,,,,,,,,,,,,,,,,,,,,,,,,,,,,,,,,,,,,,,,,,,,,,,,,,,,,,,,,,,,,,,,,,,,,,,,,,,,,,,,,,,,,,,,,,,,,,,,,,,,,,,,,,,,,,,,,,,,,,,,,,,,,,,,,,,,,,
1905,6,140.0,24.0,,,,,,,,,,,,,,,,,,,,,,,,,,,,,,,,,,,,,,,,4.6,4.6,8.72,6.16,15,2.39,12,0.5,0.7,0.6,-5.61,-2.96,-2.96,-3.96,15,1.54,12,0.5,0.7,0.6,3.52,3.52,6.68,4.72,15,1.83,12,0.5,0.7,0.6,1008.09,1011.1,1012.33,1010.59,15,1.95,12,0.5,0.7,0.6,,,,,,,,,,,,,,,,,,,,,,,,,,,,,,,,,,,,,,,,,,,,,,,,,,,,,,,,,,,,,,,,,,,,,,,,,,,,,,,,,,,,,,,,,,,,,,,,,,,,,,,,,,,,,,,,,,,,,,,,,,,,,,,,,,,,,,,,,,,,,,,,,,,,,,
1905,6,140.0,26.0,,,,,,,,,,,,,,,,,,,,,,,,,,,,,,,,,,,,,,,,3.23,4.6,6.03,4.63,3,2.05,12,0.7,0.9,0.5,-2.79,-2.44,-0.78,-1.8,3,1.58,12,0.7,0.9,0.5,1.73,3.52,5.69,3.7,3,2.91,12,0.7,0.9,0.5,1007.26,1009.1,1009.99,1008.63,3,2.04,12,0.7,0.9,0.5,,,,,,,,,,,,,,,,,,,,,,,,,,,,,,,,,,,,,,,,,,,,,,,,,,,,,,,,,,,,,,,,,,,,,,,,,,,,,,,,,,,,,,,,,,,,,,,,,,,,,,,,,,,,,,,,,,,,,,,,,,,,,,,,,,,,,,,,,,,,,,,,,,,,,,
1905,6,140.0,28.0,,,,,,,,,,,,,,,,,,,,,,,,,,,,,,,,,,,,,,,,2.6,5.65,6.7,4.7,8,2.35,14,0.5,0.5,0.5,0.0,0.38,2.14,0.83,8,2.19,14,0.5,0.5,0.5,1.06,4.45,6.66,4.07,8,2.5,14,0.5,0.5,0.5,1006.4,1008.25,1010.4,1008.28,8,2.21,14,0.5,0.5,0.5,,,,,,,,,,,,,,,,,,,,,,,,,,,,,,,,,,,,,,,,,,,,,,,,,,,,,,,,,,,,,,,,,,,,,,,,,,,,,,,,,,,,,,,,,,,,,,,,,,,,,,,,,,,,,,,,,,,,,,,,,,,,,,,,,,,,,,,,,,,,,,,,,,,,,,
1905,6,140.0,30.0,,,,,,,,,,,,,,,,,,,,,,,,,,,,,,,,,,,,,,,,4.6,9.3,9.3,7.42,5,2.57,12,1.0,0.1,0.4,0.42,7.12,7.12,4.27,5,4.06,12,1.0,0.1,0.4,4.32,5.98,5.98,5.32,5,0.91,12,1.0,0.1,0.4,1004.82,1006.4,1010.4,1007.24,5,3.11,12,1.0,0.1,0.4,,,,,,,,,,,,,,,,,,,,,,,,,,,,,,,,,,,,,,,,,,,,,,,,,,,,,,,,,,,,,,,,,,,,,,,,,,,,,,,,,,,,,,,,,,,,,,,,,,,,,,,,,,,,,,,,,,,,,,,,,,,,,,,,,,,,,,,,,,,,,,,,,,,,,,
1905,6,140.0,32.0,,,,,,,,,,,,,,,,,,,,,,,,,,,,,,,,,,,,,,,,4.6,6.7,10.4,7.5,5,3.31,14,0.2,0.2,0.3,0.0,5.13,7.96,4.34,5,4.24,14,0.2,0.2,0.3,4.49,4.6,6.68,5.48,5,1.51,14,0.2,0.2,0.3,1001.44,1006.0,1010.4,1005.93,4,5.17,14,0.0,0.0,0.2,,,,,,,,,,,,,,,,,,,,,,,,,,,,,,,,,,,,,,,,,,,,,,,,,,,,,,,,,,,,,,,,,,,,,,,,,,,,,,,,,,,,,,,,,,,,,,,,,,,,,,,,,,,,,,,,,,,,,,,,,,,,,,,,,,,,,,,,,,,,,,,,,,,,,,
1905,6,140.0,34.0,16.89,18.9,22.2,19.56,16.0,2.57,18.0,0.4,0.3,0.6,17.99,20.25,21.29,19.86,16.0,2.06,18.0,0.4,0.3,0.6,14.44,15.35,16.26,15.35,2.0,1.89,24.0,0.5,0.1,0.5,91.6,95.0,98.4,95.0,2.0,7.1,24.0,0.5,0.5,2.6,4.6,6.23,4.01,15,1.89,18,0.5,0.3,0.6,-2.87,-1.67,3.09,-0.21,15,3.17,18,0.5,0.3,0.6,-0.39,1.99,4.25,2.07,15,2.47,18,0.5,0.3,0.6,1000.35,1005.0,1012.29,1006.56,11,5.58,20,0.5,0.2,0.6,1.4,7.0,8.0,5.8,16.0,3.1,18.0,0.4,0.3,0.6,-12.9,-4.3,14.2,1.5,15.0,17.6,18.0,0.5,0.3,0.6,-1.0,5.2,19.5,10.5,15.0,14.4,18.0,0.5,0.3,0.6,-2.2,-0.5,1.59,-0.3,16.0,1.82,18.0,0.4,0.3,0.6,-9.1,-1.3,8.1,-0.4,15.0,8.0,18.0,0.5,0.3,0.6,-0.87,-0.72,-0.58,-0.72,2.0,0.31,24.0,0.5,0.1,0.5,-4.0,-3.3,-2.6,-3.3,2.0,1.4,24.0,0.5,0.1,0.5,-59.3,-31.6,65.6,-2.6,15.0,64.7,18.0,0.5,0.3,0.6,-5.6,44.2,93.3,44.1,15.0,50.4,18.0,0.5,0.3,0.6,29.9,37.8,45.7,37.8,2.0,16.4,24.0,0.5,0.1,0.5,46.3,56.8,67.3,56.8,2.0,21.7,24.0,0.5,0.1,0.5,-2.9,-2.1,-1.2,-2.1,2.0,1.8,24.0,0.5,0.1,0.5,-2.7,-2.5,-2.3,-2.5,2.0,0.4,24.0,0.5,0.1,0.5,17.5,97.5,255.5,104.0,15.0,109.5,18.0,0.5,0.3,0.6,20.0,95.0,255.0,105.0,15.0,110.0,18.0,0.5,0.3,0.6
1905,6,140.0,36.0,14.11,15.6,17.8,16.18,10.0,2.24,26.0,0.3,0.7,0.5,16.7,17.8,19.27,18.01,10.0,1.36,26.0,0.3,0.7,0.5,12.21,12.29,12.37,12.29,2.0,0.17,24.0,0.5,0.6,0.4,95.9,97.5,99.2,97.5,2.0,3.5,24.0,0.5,0.4,2.6,2.6,4.6,3.84,9,2.4,26,0.3,0.7,0.5,-2.86,0.0,0.0,-1.71,9,3.37,26,0.3,0.7,0.5,-2.44,0.0,3.27,0.61,9,2.7,26,0.3,0.7,0.5,997.74,1004.9,1013.51,1006.12,9,7.43,26,0.3,0.7,0.5,7.0,8.0,8.0,6.9,9.0,2.6,26.0,0.2,0.7,0.5,-11.8,0.0,0.0,-12.9,9.0,31.6,26.0,0.3,0.7,0.5,-6.3,0.0,13.7,3.4,9.0,10.0,26.0,0.3,0.7,0.5,-3.3,-1.95,0.0,-1.83,10.0,1.7,26.0,0.3,0.7,0.5,-10.7,-7.3,0.0,-5.2,9.0,6.0,26.0,0.3,0.7,0.5,-2.48,-2.29,-2.1,-2.29,2.0,0.4,24.0,0.5,0.6,0.4,-6.5,-6.0,-5.5,-6.0,2.0,1.0,24.0,0.5,0.6,0.4,-48.9,0.0,0.0,-33.3,9.0,68.2,26.0,0.3,0.7,0.5,-40.9,0.0,57.0,11.4,9.0,47.8,26.0,0.3,0.7,0.5,3.2,10.2,17.1,10.2,2.0,14.4,24.0,0.5,0.6,0.4,-31.0,-28.3,-25.5,-28.3,2.0,5.7,24.0,0.5,0.6,0.4,-2.8,-1.7,-0.5,-1.7,2.0,2.4,24.0,0.5,0.6,0.4,4.4,5.3,6.3,5.3,2.0,1.9,24.0,0.5,0.6,0.4,17.5,17.5,97.5,138.0,9.0,303.0,26.0,0.3,0.7,0.5,20.0,20.0,95.0,140.0,9.0,305.0,26.0,0.3,0.7,0.5
1905,6,140.0,38.0,15.38,15.6,16.72,16.02,5.0,1.07,26.0,1.0,0.9,0.2,16.56,18.3,19.84,18.1,5.0,2.33,26.0,1.0,0.9,0.2,13.39,13.39,13.39,13.39,1.0,0.0,24.0,1.0,0.9,0.4,95.7,95.7,95.7,95.7,1.0,0.0,24.0,1.0,0.4,2.02,2.6,4.6,3.08,5,1.53,26,1.0,0.9,0.2,-4.11,-1.99,0.0,-2.06,5,2.08,26,1.0,0.9,0.2,-1.25,1.57,2.41,0.76,5,1.96,26,1.0,0.9,0.2,1000.11,1011.7,1012.77,1007.5,5,7.08,26,1.0,0.9,0.2,8.0,8.0,8.0,8.0,4.0,0.0,28.0,1.0,0.8,0.2,-18.9,-5.2,0.0,-8.7,5.0,9.8,26.0,1.0,0.9,0.2,-2.2,6.8,8.5,3.8,5.0,6.2,26.0,1.0,0.9,0.2,-3.74,-2.2,-0.58,-2.08,5.0,2.14,26.0,1.0,0.9,0.2,-9.2,-4.5,-0.6,-4.8,5.0,7.3,26.0,1.0,0.9,0.2,-0.74,-0.74,-0.74,-0.74,1.0,0.0,24.0,1.0,0.9,0.4,-1.9,-1.9,-1.9,-1.9,1.0,0.0,24.0,1.0,0.9,0.4,-65.3,-38.6,0.0,-35.0,5.0,35.0,26.0,1.0,0.9,0.2,-24.9,28.8,37.9,11.0,5.0,35.1,26.0,1.0,0.9,0.2,-26.7,-26.7,-26.7,-26.7,1.0,0.0,24.0,1.0,0.9,0.4,-22.4,-22.4,-22.4,-22.4,1.0,0.0,24.0,1.0,0.9,0.4,1.5,1.5,1.5,1.5,1.0,0.0,24.0,1.0,0.9,0.4,1.2,1.2,1.2,1.2,1.0,0.0,24.0,1.0,0.9,0.4,11.5,17.5,97.5,46.0,5.0,47.0,26.0,1.0,0.9,0.2,10.0,20.0,95.0,45.0,5.0,45.0,26.0,1.0,0.9,0.2
1905,6,140.0,40.0,11.12,13.3,16.08,13.51,39.0,2.38,18.0,0.6,0.5,0.7,12.8,13.9,16.7,14.48,39.0,2.14,18.0,0.6,0.5,0.7,9.85,10.21,10.94,10.39,4.0,0.83,26.0,1.0,0.7,0.6,94.0,94.7,97.6,95.8,4.0,2.9,26.0,1.0,0.6,1.0,1.0,6.7,2.86,38,2.65,18,0.6,0.5,0.7,-4.87,-0.7,0.66,-1.64,38,2.95,18,0.6,0.5,0.7,-0.77,0.0,1.0,0.19,38,1.98,18,0.6,0.5,0.7,1009.7,1016.1,1019.09,1013.54,39,7.37,18,0.6,0.5,0.7,4.2,8.0,8.0,6.7,34.0,2.3,18.0,0.6,0.5,0.7,-30.9,-0.7,0.7,-11.2,38.0,21.6,18.0,0.6,0.5,0.7,-0.8,0.0,1.0,0.9,38.0,13.4,18.0,0.6,0.5,0.7,-2.3,-1.1,0.58,-0.97,39.0,1.67,18.0,0.6,0.5,0.7,-7.7,-1.6,0.6,-2.8,38.0,5.5,18.0,0.6,0.5,0.7,-1.26,-0.39,0.62,-0.32,4.0,1.13,26.0,1.0,0.7,0.6,-1.3,-0.2,0.8,-0.2,4.0,1.2,26.0,1.0,0.7,0.6,-65.4,-10.6,11.0,-22.0,38.0,40.7,18.0,0.6,0.5,0.7,-12.4,0.0,13.3,2.3,38.0,28.5,18.0,0.6,0.5,0.7,-6.6,-0.2,15.0,4.0,4.0,14.0,26.0,1.0,0.7,0.6,-0.1,7.8,13.9,6.9,4.0,10.9,26.0,1.0,0.7,0.6,0.5,0.6,0.8,0.7,4.0,0.2,26.0,1.0,0.7,0.6,-1.0,-0.8,-0.2,-0.6,4.0,0.7,26.0,1.0,0.7,0.6,1.0,1.0,301.0,101.0,38.0,200.0,18.0,0.6,0.5,0.7,0.0,0.0,300.0,100.0,38.0,200.0,18.0,0.6,0.5,0.7
1905,6,140.0,42.0,,,,,,,,,,,,,,,,,,,,,,,,,,,,,,,,,,,,,,,,6.7,6.7,6.7,6.7,1,0.0,12,1.0,0.5,0.0,-6.7,-6.7,-6.7,-6.7,1,0.0,12,1.0,0.5,0.0,0.0,0.0,0.0,0.0,1,0.0,12,1.0,0.5,0.0,1020.5,1020.5,1020.5,1020.5,1,0.0,12,1.0,0.5,0.0,,,,,,,,,,,,,,,,,,,,,,,,,,,,,,,,,,,,,,,,,,,,,,,,,,,,,,,,,,,,,,,,,,,,,,,,,,,,,,,,,,,,,,,,,,,,,,,,,,,,,,,,,,,,,,,,,,,,,,,,,,,,,,,,,,,,,,,,,,,,,,,,,,,,,,
1905,6,142.0,-40.0,,,,,,,,,,,,,,,,,,,,,,,,,,,,,,,,,,,,,,,,5.93,9.3,10.4,8.44,5,2.92,18,0.4,0.4,1.0,-4.33,8.7,9.3,3.57,5,7.65,18,0.4,0.4,1.0,-5.24,-2.51,0.0,-2.89,5,3.56,18,0.4,0.4,1.0,1004.48,1017.5,1031.57,1018.0,4,15.64,16,0.5,0.3,1.0,,,,,,,,,,,,,,,,,,,,,,,,,,,,,,,,,,,,,,,,,,,,,,,,,,,,,,,,,,,,,,,,,,,,,,,,,,,,,,,,,,,,,,,,,,,,,,,,,,,,,,,,,,,,,,,,,,,,,,,,,,,,,,,,,,,,,,,,,,,,,,,,,,,,,,
1905,6,142.0,-4.0,,,,,,,,,,,,,,,,,,,,,,,,,,,,,,,,,,,,,,,,2.6,3.6,4.6,3.6,4,1.15,8,0.5,0.4,1.0,-4.09,-3.06,-2.6,-3.33,4,0.95,8,0.5,0.4,1.0,0.0,0.0,1.55,0.74,4,1.48,8,0.5,0.4,1.0,1008.16,1008.5,1008.84,1008.5,2,0.71,8,0.0,0.5,1.0,,,,,,,,,,,,,,,,,,,,,,,,,,,,,,,,,,,,,,,,,,,,,,,,,,,,,,,,,,,,,,,,,,,,,,,,,,,,,,,,,,,,,,,,,,,,,,,,,,,,,,,,,,,,,,,,,,,,,,,,,,,,,,,,,,,,,,,,,,,,,,,,,,,,,,
1905,6,142.0,-2.0,,,,,,,,,,,,,,,,,,,,,,,,,,,,,,,,,,,,,,,,3.55,4.6,4.6,4.1,4,1.0,8,0.8,0.0,0.6,-4.6,-3.93,-2.51,-3.57,4,1.32,8,0.8,0.0,0.6,0.0,0.92,2.58,1.27,4,1.58,8,0.8,0.0,0.6,1008.32,1009.0,1009.68,1009.0,3,1.0,8,0.7,0.0,0.7,,,,,,,,,,,,,,,,,,,,,,,,,,,,,,,,,,,,,,,,,,,,,,,,,,,,,,,,,,,,,,,,,,,,,,,,,,,,,,,,,,,,,,,,,,,,,,,,,,,,,,,,,,,,,,,,,,,,,,,,,,,,,,,,,,,,,,,,,,,,,,,,,,,,,,
1905,6,142.0,0.0,,,,,,,,,,,,,,,,,,,,,,,,,,,,,,,,,,,,,,,,4.6,4.6,4.6,4.6,1,0.0,8,1.0,0.0,0.0,-4.6,-4.6,-4.6,-4.6,1,0.0,8,1.0,0.0,0.0,0.0,0.0,0.0,0.0,1,0.0,8,1.0,0.0,0.0,1010.0,1010.0,1010.0,1010.0,1,0.0,8,1.0,0.0,0.0,,,,,,,,,,,,,,,,,,,,,,,,,,,,,,,,,,,,,,,,,,,,,,,,,,,,,,,,,,,,,,,,,,,,,,,,,,,,,,,,,,,,,,,,,,,,,,,,,,,,,,,,,,,,,,,,,,,,,,,,,,,,,,,,,,,,,,,,,,,,,,,,,,,,,,
1905,6,142.0,26.0,,,,,,,,,,,,,,,,,,,,,,,,,,,,,,,,,,,,,,,,4.6,4.6,4.6,4.6,7,0.0,14,1.0,0.0,0.3,-2.96,-2.96,-2.96,-2.96,7,0.0,14,1.0,0.0,0.3,3.52,3.52,3.52,3.52,7,0.0,14,1.0,0.0,0.3,1011.78,1013.8,1014.12,1013.16,7,1.26,14,1.0,0.0,0.3,,,,,,,,,,,,,,,,,,,,,,,,,,,,,,,,,,,,,,,,,,,,,,,,,,,,,,,,,,,,,,,,,,,,,,,,,,,,,,,,,,,,,,,,,,,,,,,,,,,,,,,,,,,,,,,,,,,,,,,,,,,,,,,,,,,,,,,,,,,,,,,,,,,,,,
1905,6,142.0,36.0,,,,,,,,,,,,,,,,,,,,,,,,,,,,,,,,,,,,,,,,4.6,8.25,9.8,7.55,6,2.58,14,0.7,0.4,0.3,-9.8,0.0,0.67,-2.72,6,5.62,14,0.7,0.4,0.3,-2.02,1.63,5.03,0.79,6,5.81,14,0.7,0.4,0.3,1001.32,1002.0,1003.77,1002.53,3,1.86,6,0.7,0.4,0.1,,,,,,,,,,,,,,,,,,,,,,,,,,,,,,,,,,,,,,,,,,,,,,,,,,,,,,,,,,,,,,,,,,,,,,,,,,,,,,,,,,,,,,,,,,,,,,,,,,,,,,,,,,,,,,,,,,,,,,,,,,,,,,,,,,,,,,,,,,,,,,,,,,,,,,
1905,6,142.0,38.0,15.07,15.6,17.14,16.13,8.0,1.43,26.0,0.9,0.2,0.5,17.2,17.8,18.9,18.13,8.0,1.03,26.0,0.9,0.2,0.5,12.16,12.17,12.18,12.17,2.0,0.01,24.0,1.0,0.2,0.3,91.5,94.9,98.4,94.9,2.0,7.2,24.0,1.0,0.3,2.6,4.65,6.7,4.65,8,2.19,26,0.9,0.2,0.5,-6.08,-2.99,0.0,-2.86,8,2.77,26,0.9,0.2,0.5,2.02,2.45,4.85,2.43,8,2.4,26,0.9,0.2,0.5,998.88,1005.55,1013.37,1005.83,8,6.87,26,0.9,0.2,0.5,2.4,8.0,8.0,6.1,8.0,2.9,26.0,0.9,0.2,0.5,-40.7,-16.6,0.0,-18.3,8.0,19.1,26.0,0.9,0.2,0.5,5.4,11.1,32.3,13.9,8.0,14.4,26.0,0.9,0.2,0.5,-3.18,-1.95,-1.16,-2.0,8.0,1.0,26.0,0.9,0.2,0.5,-21.3,-9.6,-3.0,-10.9,8.0,8.8,26.0,0.9,0.2,0.5,-1.0,-0.59,-0.19,-0.59,2.0,0.84,24.0,1.0,0.2,0.3,-2.6,-1.5,-0.5,-1.5,2.0,2.2,24.0,1.0,0.2,0.3,-108.7,-53.7,0.0,-51.6,8.0,49.3,26.0,0.9,0.2,0.5,39.9,42.8,83.4,43.4,8.0,43.9,26.0,0.9,0.2,0.5,0.0,0.0,0.0,0.0,2.0,0.0,24.0,1.0,0.2,0.3,-21.6,0.0,21.6,0.0,2.0,44.7,24.0,1.0,0.2,0.3,0.0,0.0,0.0,0.0,2.0,0.0,24.0,1.0,0.2,0.3,-2.6,-1.5,-0.5,-1.5,2.0,2.2,24.0,1.0,0.2,0.3,17.5,159.0,301.0,159.0,8.0,151.5,26.0,0.9,0.2,0.5,20.0,160.0,300.0,160.0,8.0,150.0,26.0,0.9,0.2,0.5
1905,6,142.0,40.0,10.0,11.7,13.75,12.01,11.0,2.06,22.0,0.4,0.4,0.5,11.75,13.9,16.1,14.03,11.0,2.02,22.0,0.4,0.4,0.5,10.98,11.46,11.94,11.46,2.0,0.99,24.0,0.0,0.9,0.2,95.8,97.5,99.2,97.5,2.0,3.5,24.0,0.0,0.2,1.0,1.0,6.82,3.51,7,3.42,20,0.3,0.5,0.6,-6.82,-0.64,0.03,-2.77,7,3.84,20,0.3,0.5,0.6,-1.09,0.0,1.03,-0.19,7,1.54,20,0.3,0.5,0.6,999.33,1007.6,1015.22,1006.69,11,6.72,22,0.4,0.4,0.5,8.0,8.0,8.0,7.3,9.0,2.0,22.0,0.4,0.3,0.6,-46.8,-0.6,0.0,-20.9,7.0,32.9,20.0,0.3,0.5,0.6,-1.6,0.0,1.7,0.2,7.0,8.3,20.0,0.3,0.5,0.6,-2.8,-1.7,-1.1,-2.02,11.0,1.0,22.0,0.4,0.4,0.5,-18.8,-1.7,-1.1,-7.1,7.0,8.6,20.0,0.3,0.5,0.6,-0.79,-0.72,-0.64,-0.72,2.0,0.15,24.0,0.0,0.9,0.2,-0.8,-0.7,-0.6,-0.7,2.0,0.2,24.0,0.0,0.9,0.2,-94.8,-7.8,0.5,-36.6,7.0,53.6,20.0,0.3,0.5,0.6,-16.9,0.0,11.6,-2.7,7.0,19.0,20.0,0.3,0.5,0.6,1.2,3.9,6.6,3.9,2.0,5.5,24.0,0.0,0.9,0.2,-10.5,-10.0,-9.5,-10.0,2.0,1.0,24.0,0.0,0.9,0.2,-0.4,-0.3,-0.1,-0.3,2.0,0.4,24.0,0.0,0.9,0.2,0.6,0.6,0.6,0.6,2.0,0.0,24.0,0.0,0.9,0.2,1.0,1.0,325.0,172.5,7.0,299.5,20.0,0.3,0.5,0.6,0.0,0.0,325.0,170.0,7.0,300.0,20.0,0.3,0.5,0.6
1905,6,142.0,42.0,,,,,,,,,,,,,,,,,,,,,,,,,,,,,,,,,,,,,,,,2.6,3.6,4.6,3.6,4,1.15,12,1.0,0.9,0.2,-4.09,-2.98,-0.7,-2.42,4,2.38,12,1.0,0.9,0.2,-1.97,-0.44,1.28,-0.35,4,2.24,12,1.0,0.9,0.2,1007.76,1012.7,1013.56,1010.75,4,4.63,12,1.0,0.9,0.2,,,,,,,,,,,,,,,,,,,,,,,,,,,,,,,,,,,,,,,,,,,,,,,,,,,,,,,,,,,,,,,,,,,,,,,,,,,,,,,,,,,,,,,,,,,,,,,,,,,,,,,,,,,,,,,,,,,,,,,,,,,,,,,,,,,,,,,,,,,,,,,,,,,,,,
1905,6,144.0,-46.0,,,,,,,,,,,,,,,,,,,,,,,,,,,,,,,,,,,,,,,,9.8,9.8,9.8,9.8,1,0.0,2,0.0,0.3,0.8,-9.09,-9.09,-9.09,-9.09,1,0.0,2,0.0,0.3,0.8,-3.67,-3.67,-3.67,-3.67,1,0.0,2,0.0,0.3,0.8,1016.7,1016.7,1016.7,1016.7,1,0.0,16,1.0,0.8,0.8,,,,,,,,,,,,,,,,,,,,,,,,,,,,,,,,,,,,,,,,,,,,,,,,,,,,,,,,,,,,,,,,,,,,,,,,,,,,,,,,,,,,,,,,,,,,,,,,,,,,,,,,,,,,,,,,,,,,,,,,,,,,,,,,,,,,,,,,,,,,,,,,,,,,,,
1905,6,144.0,-40.0,,,,,,,,,,,,,,,,,,,,,,,,,,,,,,,,,,,,,,,,4.6,6.7,12.3,8.09,13,3.83,20,0.3,0.2,0.8,-12.07,0.0,4.8,-2.14,13,7.73,20,0.3,0.2,0.8,-4.8,-2.35,0.31,-2.08,13,4.02,20,0.3,0.2,0.8,1009.0,1024.0,1033.19,1023.57,7,11.19,16,0.1,0.1,0.9,,,,,,,,,,,,,,,,,,,,,,,,,,,,,,,,,,,,,,,,,,,,,,,,,,,,,,,,,,,,,,,,,,,,,,,,,,,,,,,,,,,,,,,,,,,,,,,,,,,,,,,,,,,,,,,,,,,,,,,,,,,,,,,,,,,,,,,,,,,,,,,,,,,,,,
1905,6,144.0,-6.0,,,,,,,,,,,,,,,,,,,,,,,,,,,,,,,,,,,,,,,,0.48,2.8,4.6,2.55,4,2.4,10,0.0,0.5,0.9,-3.39,-1.98,-0.34,-1.87,4,1.78,10,0.0,0.5,0.9,0.34,1.83,3.11,1.73,4,1.62,10,0.0,0.5,0.9,1010.0,1010.0,1010.0,1010.0,3,0.0,10,0.0,0.5,0.8,,,,,,,,,,,,,,,,,,,,,,,,,,,,,,,,,,,,,,,,,,,,,,,,,,,,,,,,,,,,,,,,,,,,,,,,,,,,,,,,,,,,,,,,,,,,,,,,,,,,,,,,,,,,,,,,,,,,,,,,,,,,,,,,,,,,,,,,,,,,,,,,,,,,,,
1905,6,144.0,-4.0,,,,,,,,,,,,,,,,,,,,,,,,,,,,,,,,,,,,,,,,2.6,3.6,4.6,3.6,6,1.1,8,0.5,0.1,0.6,-4.6,-2.93,-2.6,-3.38,6,0.98,8,0.5,0.1,0.6,0.0,0.0,0.67,0.54,6,1.33,8,0.5,0.1,0.6,1008.48,1009.5,1010.0,1009.25,4,0.96,8,0.8,0.1,0.6,,,,,,,,,,,,,,,,,,,,,,,,,,,,,,,,,,,,,,,,,,,,,,,,,,,,,,,,,,,,,,,,,,,,,,,,,,,,,,,,,,,,,,,,,,,,,,,,,,,,,,,,,,,,,,,,,,,,,,,,,,,,,,,,,,,,,,,,,,,,,,,,,,,,,,
1905,6,144.0,36.0,,,,,,,,,,,,,,,,,,,,,,,,,,,,,,,,,,,,,,,,4.6,4.6,4.6,4.6,3,0.0,6,0.3,0.3,0.5,-2.22,0.0,0.0,-1.08,3,1.88,6,0.3,0.3,0.5,3.68,4.6,4.6,4.15,3,0.78,6,0.3,0.3,0.5,997.32,998.0,998.68,998.0,3,1.0,6,0.3,0.3,0.5,,,,,,,,,,,,,,,,,,,,,,,,,,,,,,,,,,,,,,,,,,,,,,,,,,,,,,,,,,,,,,,,,,,,,,,,,,,,,,,,,,,,,,,,,,,,,,,,,,,,,,,,,,,,,,,,,,,,,,,,,,,,,,,,,,,,,,,,,,,,,,,,,,,,,,
1905,6,144.0,38.0,,,,,,,,,,,,,,,,,,,,,,,,,,,,,,,,,,,,,,,,6.25,9.8,9.8,8.07,3,3.0,12,0.0,0.4,0.5,-4.68,-2.96,1.57,-1.59,3,4.73,12,0.0,0.4,0.5,-5.08,3.52,6.66,0.85,3,8.91,12,0.0,0.4,0.5,1009.4,1009.4,1009.4,1009.4,1,0.0,28,0.0,0.1,0.9,,,,,,,,,,,,,,,,,,,,,,,,,,,,,,,,,,,,,,,,,,,,,,,,,,,,,,,,,,,,,,,,,,,,,,,,,,,,,,,,,,,,,,,,,,,,,,,,,,,,,,,,,,,,,,,,,,,,,,,,,,,,,,,,,,,,,,,,,,,,,,,,,,,,,,
1905,6,144.0,40.0,,,,,,,,,,,,,,,,,,,,,,,,,,,,,,,,,,,,,,,,6.7,6.7,6.7,6.7,1,0.0,28,0.0,0.6,0.1,-4.31,-4.31,-4.31,-4.31,1,0.0,28,0.0,0.6,0.1,5.13,5.13,5.13,5.13,1,0.0,28,0.0,0.6,0.1,1013.2,1013.2,1013.2,1013.2,1,0.0,28,0.0,0.6,0.1,,,,,,,,,,,,,,,,,,,,,,,,,,,,,,,,,,,,,,,,,,,,,,,,,,,,,,,,,,,,,,,,,,,,,,,,,,,,,,,,,,,,,,,,,,,,,,,,,,,,,,,,,,,,,,,,,,,,,,,,,,,,,,,,,,,,,,,,,,,,,,,,,,,,,,
1905,6,144.0,42.0,,,,,,,,,,,,,,,,,,,,,,,,,,,,,,,,,,,,,,,,0.63,1.0,2.6,1.44,5,1.13,8,0.4,0.6,0.6,-1.14,0.0,0.93,-0.15,5,1.23,8,0.4,0.6,0.6,-1.95,0.0,0.28,-0.67,5,1.33,8,0.4,0.6,0.6,997.69,1000.5,1007.48,1002.28,5,5.24,8,0.4,0.6,0.6,,,,,,,,,,,,,,,,,,,,,,,,,,,,,,,,,,,,,,,,,,,,,,,,,,,,,,,,,,,,,,,,,,,,,,,,,,,,,,,,,,,,,,,,,,,,,,,,,,,,,,,,,,,,,,,,,,,,,,,,,,,,,,,,,,,,,,,,,,,,,,,,,,,,,,
1905,6,146.0,-40.0,,,,,,,,,,,,,,,,,,,,,,,,,,,,,,,,,,,,,,,,1.35,4.6,9.69,5.42,15,3.68,20,0.5,0.5,0.8,-8.03,-0.56,5.94,-0.74,15,5.96,20,0.5,0.5,0.8,-1.61,0.5,2.45,0.87,15,2.85,20,0.5,0.5,0.8,1021.95,1027.0,1031.0,1026.5,4,5.26,16,0.3,0.3,0.8,,,,,,,,,,,,,,,,,,,,,,,,,,,,,,,,,,,,,,,,,,,,,,,,,,,,,,,,,,,,,,,,,,,,,,,,,,,,,,,,,,,,,,,,,,,,,,,,,,,,,,,,,,,,,,,,,,,,,,,,,,,,,,,,,,,,,,,,,,,,,,,,,,,,,,
1905,6,146.0,-6.0,,,,,,,,,,,,,,,,,,,,,,,,,,,,,,,,,,,,,,,,2.6,3.6,7.06,4.78,4,3.16,8,0.0,0.3,0.5,-2.96,1.02,1.43,-0.69,4,3.94,8,0.0,0.3,0.5,2.39,3.31,5.46,3.9,4,1.98,8,0.0,0.3,0.5,1008.0,1008.0,1008.68,1008.33,3,0.58,10,0.3,0.3,0.5,,,,,,,,,,,,,,,,,,,,,,,,,,,,,,,,,,,,,,,,,,,,,,,,,,,,,,,,,,,,,,,,,,,,,,,,,,,,,,,,,,,,,,,,,,,,,,,,,,,,,,,,,,,,,,,,,,,,,,,,,,,,,,,,,,,,,,,,,,,,,,,,,,,,,,
1905,6,146.0,38.0,,,,,,,,,,,,,,,,,,,,,,,,,,,,,,,,,,,,,,,,6.7,6.7,8.32,7.48,4,1.55,6,0.8,0.4,0.4,-2.87,1.31,4.76,0.96,4,5.1,6,0.8,0.4,0.4,2.94,6.43,7.45,5.25,4,3.59,6,0.8,0.4,0.4,996.13,996.4,996.67,996.4,2,0.57,8,1.0,0.4,0.1,,,,,,,,,,,,,,,,,,,,,,,,,,,,,,,,,,,,,,,,,,,,,,,,,,,,,,,,,,,,,,,,,,,,,,,,,,,,,,,,,,,,,,,,,,,,,,,,,,,,,,,,,,,,,,,,,,,,,,,,,,,,,,,,,,,,,,,,,,,,,,,,,,,,,,
1905,6,146.0,40.0,,,,,,,,,,,,,,,,,,,,,,,,,,,,,,,,,,,,,,,,2.6,2.6,3.97,3.27,3,1.15,28,0.7,0.5,0.6,-3.48,-1.67,-1.67,-2.56,3,1.53,28,0.7,0.5,0.6,1.71,1.99,1.99,1.85,3,0.24,28,0.7,0.5,0.6,1015.94,1016.9,1016.9,1016.43,3,0.81,28,0.7,0.5,0.6,,,,,,,,,,,,,,,,,,,,,,,,,,,,,,,,,,,,,,,,,,,,,,,,,,,,,,,,,,,,,,,,,,,,,,,,,,,,,,,,,,,,,,,,,,,,,,,,,,,,,,,,,,,,,,,,,,,,,,,,,,,,,,,,,,,,,,,,,,,,,,,,,,,,,,
1905,6,148.0,-40.0,,,,,,,,,,,,,,,,,,,,,,,,,,,,,,,,,,,,,,,,5.53,12.3,15.4,11.03,29,5.17,22,0.5,0.3,0.5,4.36,6.93,15.4,8.99,29,6.49,22,0.5,0.3,0.5,-3.32,0.0,3.46,0.26,29,5.19,22,0.5,0.3,0.5,1024.63,1026.0,1027.37,1026.0,2,2.83,18,1.0,0.0,1.0,,,,,,,,,,,,,,,,,,,,,,,,,,,,,,,,,,,,,,,,,,,,,,,,,,,,,,,,,,,,,,,,,,,,,,,,,,,,,,,,,,,,,,,,,,,,,,,,,,,,,,,,,,,,,,,,,,,,,,,,,,,,,,,,,,,,,,,,,,,,,,,,,,,,,,
1905,6,148.0,-38.0,,,,,,,,,,,,,,,,,,,,,,,,,,,,,,,,,,,,,,,,4.6,6.7,10.96,7.97,6,4.11,18,0.5,0.6,0.4,-3.77,3.18,6.7,1.79,6,5.39,18,0.5,0.6,0.4,-5.26,-1.63,2.95,-0.27,6,7.75,18,0.5,0.6,0.4,1022.27,1025.0,1027.73,1025.0,2,5.66,18,1.0,0.5,0.5,,,,,,,,,,,,,,,,,,,,,,,,,,,,,,,,,,,,,,,,,,,,,,,,,,,,,,,,,,,,,,,,,,,,,,,,,,,,,,,,,,,,,,,,,,,,,,,,,,,,,,,,,,,,,,,,,,,,,,,,,,,,,,,,,,,,,,,,,,,,,,,,,,,,,,
1905,6,148.0,-6.0,,,,,,,,,,,,,,,,,,,,,,,,,,,,,,,,,,,,,,,,1.0,6.7,13.43,7.28,5,6.53,10,0.8,0.3,0.6,-9.5,-4.74,-0.31,-4.93,5,4.9,10,0.8,0.3,0.6,0.84,4.74,9.5,5.19,5,4.56,10,0.8,0.3,0.6,1008.0,1008.0,1008.0,1008.0,3,0.0,12,0.7,0.3,0.7,,,,,,,,,,,,,,,,,,,,,,,,,,,,,,,,,,,,,,,,,,,,,,,,,,,,,,,,,,,,,,,,,,,,,,,,,,,,,,,,,,,,,,,,,,,,,,,,,,,,,,,,,,,,,,,,,,,,,,,,,,,,,,,,,,,,,,,,,,,,,,,,,,,,,,
1905,6,148.0,38.0,,,,,,,,,,,,,,,,,,,,,,,,,,,,,,,,,,,,,,,,6.7,6.7,8.47,7.57,3,1.5,8,0.0,0.2,0.3,5.21,6.21,7.86,6.52,3,1.96,8,0.0,0.2,0.3,2.82,3.48,4.34,3.58,3,1.12,8,0.0,0.2,0.3,999.0,999.0,1000.37,999.67,3,1.15,8,0.0,0.2,0.3,,,,,,,,,,,,,,,,,,,,,,,,,,,,,,,,,,,,,,,,,,,,,,,,,,,,,,,,,,,,,,,,,,,,,,,,,,,,,,,,,,,,,,,,,,,,,,,,,,,,,,,,,,,,,,,,,,,,,,,,,,,,,,,,,,,,,,,,,,,,,,,,,,,,,,
1905,6,148.0,42.0,,,,,,,,,,,,,,,,,,,,,,,,,,,,,,,,,,,,,,,,4.6,4.6,4.6,4.6,1,0.0,26,1.0,0.6,0.0,-1.57,-1.57,-1.57,-1.57,1,0.0,26,1.0,0.6,0.0,4.32,4.32,4.32,4.32,1,0.0,26,1.0,0.6,0.0,1017.6,1017.6,1017.6,1017.6,1,0.0,26,1.0,0.6,0.0,,,,,,,,,,,,,,,,,,,,,,,,,,,,,,,,,,,,,,,,,,,,,,,,,,,,,,,,,,,,,,,,,,,,,,,,,,,,,,,,,,,,,,,,,,,,,,,,,,,,,,,,,,,,,,,,,,,,,,,,,,,,,,,,,,,,,,,,,,,,,,,,,,,,,,
1905,6,150.0,-38.0,,,,,,,,,,,,,,,,,,,,,,,,,,,,,,,,,,,,,,,,1.0,4.6,6.7,4.59,18,3.01,18,0.6,0.3,0.6,-0.52,0.85,4.89,1.54,18,3.2,18,0.6,0.3,0.6,-4.05,0.0,3.56,0.21,18,4.3,18,0.6,0.3,0.6,1021.59,1025.0,1027.73,1024.67,3,4.51,20,0.3,0.0,0.8,,,,,,,,,,,,,,,,,,,,,,,,,,,,,,,,,,,,,,,,,,,,,,,,,,,,,,,,,,,,,,,,,,,,,,,,,,,,,,,,,,,,,,,,,,,,,,,,,,,,,,,,,,,,,,,,,,,,,,,,,,,,,,,,,,,,,,,,,,,,,,,,,,,,,,
1905,6,150.0,-36.0,,,,,,,,,,,,,,,,,,,,,,,,,,,,,,,,,,,,,,,,4.6,4.6,6.7,5.13,12,1.29,16,0.3,0.3,0.5,0.0,2.91,4.6,2.2,12,2.84,16,0.3,0.3,0.5,-5.85,-2.53,0.66,-2.21,12,3.42,16,0.3,0.3,0.5,1019.79,1023.0,1024.21,1022.33,6,2.42,16,0.3,0.2,0.7,,,,,,,,,,,,,,,,,,,,,,,,,,,,,,,,,,,,,,,,,,,,,,,,,,,,,,,,,,,,,,,,,,,,,,,,,,,,,,,,,,,,,,,,,,,,,,,,,,,,,,,,,,,,,,,,,,,,,,,,,,,,,,,,,,,,,,,,,,,,,,,,,,,,,,
1905,6,150.0,-34.0,,,,,,,,,,,,,,,,,,,,,,,,,,,,,,,,,,,,,,,,4.5,4.6,9.3,5.96,7,2.57,16,0.4,0.6,0.4,0.0,0.0,4.61,1.8,7,2.29,16,0.4,0.6,0.4,-9.3,-4.6,-2.48,-4.83,7,3.44,16,0.4,0.6,0.4,1021.0,1021.0,1021.0,1021.0,1,0.0,22,1.0,0.5,0.5,,,,,,,,,,,,,,,,,,,,,,,,,,,,,,,,,,,,,,,,,,,,,,,,,,,,,,,,,,,,,,,,,,,,,,,,,,,,,,,,,,,,,,,,,,,,,,,,,,,,,,,,,,,,,,,,,,,,,,,,,,,,,,,,,,,,,,,,,,,,,,,,,,,,,,
1905,6,150.0,-6.0,,,,,,,,,,,,,,,,,,,,,,,,,,,,,,,,,,,,,,,,1.0,2.8,4.6,2.8,4,2.08,8,0.5,0.4,1.0,-4.6,-2.65,-0.71,-2.65,4,2.25,8,0.5,0.4,1.0,0.0,0.35,0.71,0.35,4,0.41,8,0.5,0.4,1.0,1007.32,1008.0,1008.0,1007.67,3,0.58,12,0.3,0.3,1.0,,,,,,,,,,,,,,,,,,,,,,,,,,,,,,,,,,,,,,,,,,,,,,,,,,,,,,,,,,,,,,,,,,,,,,,,,,,,,,,,,,,,,,,,,,,,,,,,,,,,,,,,,,,,,,,,,,,,,,,,,,,,,,,,,,,,,,,,,,,,,,,,,,,,,,
1905,6,150.0,38.0,,,,,,,,,,,,,,,,,,,,,,,,,,,,,,,,,,,,,,,,5.27,6.7,10.52,7.87,3,3.98,20,1.0,0.5,0.5,-4.57,0.0,0.0,-2.23,3,3.87,20,1.0,0.5,0.5,-8.4,0.0,3.14,-2.57,3,8.74,20,1.0,0.5,0.5,1000.0,1000.0,1000.0,1000.0,1,0.0,8,1.0,0.0,0.5,,,,,,,,,,,,,,,,,,,,,,,,,,,,,,,,,,,,,,,,,,,,,,,,,,,,,,,,,,,,,,,,,,,,,,,,,,,,,,,,,,,,,,,,,,,,,,,,,,,,,,,,,,,,,,,,,,,,,,,,,,,,,,,,,,,,,,,,,,,,,,,,,,,,,,
1905,6,150.0,40.0,,,,,,,,,,,,,,,,,,,,,,,,,,,,,,,,,,,,,,,,4.93,5.65,6.37,5.65,2,1.48,6,0.5,0.5,0.5,0.2,0.64,1.08,0.64,2,0.9,6,0.5,0.5,0.5,4.91,5.59,6.26,5.59,2,1.4,6,0.5,0.5,0.5,1000.2,1000.2,1000.2,1000.2,1,0.0,8,1.0,0.8,0.3,,,,,,,,,,,,,,,,,,,,,,,,,,,,,,,,,,,,,,,,,,,,,,,,,,,,,,,,,,,,,,,,,,,,,,,,,,,,,,,,,,,,,,,,,,,,,,,,,,,,,,,,,,,,,,,,,,,,,,,,,,,,,,,,,,,,,,,,,,,,,,,,,,,,,,
1905,6,150.0,42.0,,,,,,,,,,,,,,,,,,,,,,,,,,,,,,,,,,,,,,,,4.6,4.6,5.7,5.13,4,1.05,20,0.0,0.5,0.4,-0.82,0.0,0.0,-0.39,4,0.79,20,0.0,0.5,0.4,4.45,4.6,5.7,5.06,4,1.1,20,0.0,0.5,0.4,1017.82,1018.3,1018.71,1018.27,3,0.65,26,0.0,0.5,0.4,,,,,,,,,,,,,,,,,,,,,,,,,,,,,,,,,,,,,,,,,,,,,,,,,,,,,,,,,,,,,,,,,,,,,,,,,,,,,,,,,,,,,,,,,,,,,,,,,,,,,,,,,,,,,,,,,,,,,,,,,,,,,,,,,,,,,,,,,,,,,,,,,,,,,,
1905,6,152.0,-34.0,,,,,,,,,,,,,,,,,,,,,,,,,,,,,,,,,,,,,,,,4.6,6.7,9.3,7.01,8,3.16,18,0.4,0.1,0.9,0.28,3.37,6.35,3.6,8,3.15,18,0.4,0.1,0.9,-8.36,-3.1,-0.29,-4.49,8,4.29,18,0.4,0.1,0.9,1021.09,1023.0,1023.0,1022.07,3,1.62,16,0.7,0.3,0.8,,,,,,,,,,,,,,,,,,,,,,,,,,,,,,,,,,,,,,,,,,,,,,,,,,,,,,,,,,,,,,,,,,,,,,,,,,,,,,,,,,,,,,,,,,,,,,,,,,,,,,,,,,,,,,,,,,,,,,,,,,,,,,,,,,,,,,,,,,,,,,,,,,,,,,
1905,6,152.0,-32.0,,,,,,,,,,,,,,,,,,,,,,,,,,,,,,,,,,,,,,,,2.27,4.6,5.03,4.02,6,1.97,16,0.3,0.5,0.8,1.13,3.25,5.03,3.27,6,2.24,16,0.3,0.5,0.8,-3.25,-1.56,0.0,-1.6,6,1.52,16,0.3,0.5,0.8,1024.32,1025.0,1025.68,1025.0,2,1.41,20,0.0,0.5,0.8,,,,,,,,,,,,,,,,,,,,,,,,,,,,,,,,,,,,,,,,,,,,,,,,,,,,,,,,,,,,,,,,,,,,,,,,,,,,,,,,,,,,,,,,,,,,,,,,,,,,,,,,,,,,,,,,,,,,,,,,,,,,,,,,,,,,,,,,,,,,,,,,,,,,,,
1905,6,152.0,-30.0,,,,,,,,,,,,,,,,,,,,,,,,,,,,,,,,,,,,,,,,1.0,2.6,4.06,2.22,9,1.63,16,0.8,0.5,0.7,0.0,0.37,0.99,-0.05,9,1.77,16,0.8,0.5,0.7,-2.37,-0.87,0.0,-0.5,9,2.19,16,0.8,0.5,0.7,1025.0,1025.0,1027.05,1026.0,3,1.73,20,1.0,0.5,0.8,,,,,,,,,,,,,,,,,,,,,,,,,,,,,,,,,,,,,,,,,,,,,,,,,,,,,,,,,,,,,,,,,,,,,,,,,,,,,,,,,,,,,,,,,,,,,,,,,,,,,,,,,,,,,,,,,,,,,,,,,,,,,,,,,,,,,,,,,,,,,,,,,,,,,,
1905,6,152.0,-10.0,,,,,,,,,,,,,,,,,,,,,,,,,,,,,,,,,,,,,,,,4.6,6.7,9.3,6.9,5,2.35,10,0.2,0.5,0.7,-6.58,-4.74,-3.25,-4.88,5,1.66,10,0.2,0.5,0.7,3.25,4.74,6.58,4.88,5,1.66,10,0.2,0.5,0.7,1010.32,1011.0,1011.0,1010.67,3,0.58,16,0.3,0.5,0.7,,,,,,,,,,,,,,,,,,,,,,,,,,,,,,,,,,,,,,,,,,,,,,,,,,,,,,,,,,,,,,,,,,,,,,,,,,,,,,,,,,,,,,,,,,,,,,,,,,,,,,,,,,,,,,,,,,,,,,,,,,,,,,,,,,,,,,,,,,,,,,,,,,,,,,
1905,6,152.0,-8.0,,,,,,,,,,,,,,,,,,,,,,,,,,,,,,,,,,,,,,,,4.6,4.6,4.6,4.6,6,0.0,10,0.8,0.5,0.7,-3.25,-3.25,-3.25,-3.25,6,0.0,10,0.8,0.5,0.7,3.25,3.25,3.25,3.25,6,0.0,10,0.8,0.5,0.7,1011.0,1011.0,1011.68,1011.33,3,0.58,14,0.7,0.3,0.8,,,,,,,,,,,,,,,,,,,,,,,,,,,,,,,,,,,,,,,,,,,,,,,,,,,,,,,,,,,,,,,,,,,,,,,,,,,,,,,,,,,,,,,,,,,,,,,,,,,,,,,,,,,,,,,,,,,,,,,,,,,,,,,,,,,,,,,,,,,,,,,,,,,,,,
1905,6,152.0,-6.0,,,,,,,,,,,,,,,,,,,,,,,,,,,,,,,,,,,,,,,,2.6,2.6,4.6,3.4,5,1.1,8,0.0,0.0,0.7,-3.25,-0.97,0.05,-1.32,5,2.1,8,0.0,0.0,0.7,2.2,2.41,3.25,2.63,5,0.61,8,0.0,0.0,0.7,1012.0,1012.0,1012.0,1012.0,2,0.0,14,0.0,0.0,0.8,,,,,,,,,,,,,,,,,,,,,,,,,,,,,,,,,,,,,,,,,,,,,,,,,,,,,,,,,,,,,,,,,,,,,,,,,,,,,,,,,,,,,,,,,,,,,,,,,,,,,,,,,,,,,,,,,,,,,,,,,,,,,,,,,,,,,,,,,,,,,,,,,,,,,,
1905,6,152.0,40.0,,,,,,,,,,,,,,,,,,,,,,,,,,,,,,,,,,,,,,,,4.6,4.6,6.03,5.3,3,1.21,14,0.7,0.3,0.1,-2.08,2.62,3.74,0.87,3,4.52,14,0.7,0.3,0.1,-0.63,1.72,4.76,2.06,3,3.96,14,0.7,0.3,0.1,1000.32,1001.0,1001.68,1001.0,2,1.41,8,0.5,0.3,0.0,,,,,,,,,,,,,,,,,,,,,,,,,,,,,,,,,,,,,,,,,,,,,,,,,,,,,,,,,,,,,,,,,,,,,,,,,,,,,,,,,,,,,,,,,,,,,,,,,,,,,,,,,,,,,,,,,,,,,,,,,,,,,,,,,,,,,,,,,,,,,,,,,,,,,,
1905,6,152.0,42.0,,,,,,,,,,,,,,,,,,,,,,,,,,,,,,,,,,,,,,,,3.55,4.6,5.7,4.63,4,1.67,14,0.8,0.6,0.5,-4.78,-3.1,-1.41,-3.09,4,2.52,14,0.8,0.6,0.5,2.61,2.94,3.39,3.0,4,0.46,14,0.8,0.6,0.5,1019.3,1019.3,1019.3,1019.3,1,0.0,26,1.0,0.5,0.9,,,,,,,,,,,,,,,,,,,,,,,,,,,,,,,,,,,,,,,,,,,,,,,,,,,,,,,,,,,,,,,,,,,,,,,,,,,,,,,,,,,,,,,,,,,,,,,,,,,,,,,,,,,,,,,,,,,,,,,,,,,,,,,,,,,,,,,,,,,,,,,,,,,,,,
1905,6,152.0,44.0,,,,,,,,,,,,,,,,,,,,,,,,,,,,,,,,,,,,,,,,4.6,4.6,4.6,4.6,1,0.0,26,1.0,1.0,0.0,0.0,0.0,0.0,0.0,1,0.0,26,1.0,1.0,0.0,4.6,4.6,4.6,4.6,1,0.0,26,1.0,1.0,0.0,1020.3,1020.3,1020.3,1020.3,1,0.0,26,1.0,1.0,0.0,,,,,,,,,,,,,,,,,,,,,,,,,,,,,,,,,,,,,,,,,,,,,,,,,,,,,,,,,,,,,,,,,,,,,,,,,,,,,,,,,,,,,,,,,,,,,,,,,,,,,,,,,,,,,,,,,,,,,,,,,,,,,,,,,,,,,,,,,,,,,,,,,,,,,,
1905,6,154.0,-28.0,,,,,,,,,,,,,,,,,,,,,,,,,,,,,,,,,,,,,,,,9.3,9.3,9.3,9.3,2,0.0,20,0.0,0.0,0.8,-6.58,-6.58,-6.58,-6.58,2,0.0,20,0.0,0.0,0.8,6.58,6.58,6.58,6.58,2,0.0,20,0.0,0.0,0.8,1024.16,1024.5,1024.84,1024.5,2,0.71,20,0.0,0.0,0.8,,,,,,,,,,,,,,,,,,,,,,,,,,,,,,,,,,,,,,,,,,,,,,,,,,,,,,,,,,,,,,,,,,,,,,,,,,,,,,,,,,,,,,,,,,,,,,,,,,,,,,,,,,,,,,,,,,,,,,,,,,,,,,,,,,,,,,,,,,,,,,,,,,,,,,
1905,6,154.0,-26.0,,,,,,,,,,,,,,,,,,,,,,,,,,,,,,,,,,,,,,,,10.25,12.3,12.3,11.3,3,1.73,20,0.7,0.0,0.8,-8.7,-8.7,-7.25,-7.99,3,1.22,20,0.7,0.0,0.8,7.25,8.7,8.7,7.99,3,1.22,20,0.7,0.0,0.8,1022.32,1023.0,1023.0,1022.67,3,0.58,20,0.7,0.0,0.8,,,,,,,,,,,,,,,,,,,,,,,,,,,,,,,,,,,,,,,,,,,,,,,,,,,,,,,,,,,,,,,,,,,,,,,,,,,,,,,,,,,,,,,,,,,,,,,,,,,,,,,,,,,,,,,,,,,,,,,,,,,,,,,,,,,,,,,,,,,,,,,,,,,,,,
1905,6,154.0,-24.0,,,,,,,,,,,,,,,,,,,,,,,,,,,,,,,,,,,,,,,,9.3,9.3,9.3,9.3,3,0.0,18,0.3,0.0,0.8,-8.56,-8.56,-7.21,-7.9,3,1.15,18,0.3,0.0,0.8,3.63,3.63,5.64,4.61,3,1.7,18,0.3,0.0,0.8,1019.63,1021.0,1021.68,1020.67,3,1.53,18,0.3,0.0,0.8,,,,,,,,,,,,,,,,,,,,,,,,,,,,,,,,,,,,,,,,,,,,,,,,,,,,,,,,,,,,,,,,,,,,,,,,,,,,,,,,,,,,,,,,,,,,,,,,,,,,,,,,,,,,,,,,,,,,,,,,,,,,,,,,,,,,,,,,,,,,,,,,,,,,,,
1905,6,154.0,-22.0,,,,,,,,,,,,,,,,,,,,,,,,,,,,,,,,,,,,,,,,4.6,4.6,6.7,5.44,5,1.15,8,0.8,0.1,0.6,-4.74,4.27,4.27,0.66,5,4.93,8,0.8,0.1,0.6,1.72,1.72,4.74,2.93,5,1.65,8,0.8,0.1,0.6,1018.16,1018.5,1018.84,1018.5,2,0.71,18,0.5,0.0,0.8,,,,,,,,,,,,,,,,,,,,,,,,,,,,,,,,,,,,,,,,,,,,,,,,,,,,,,,,,,,,,,,,,,,,,,,,,,,,,,,,,,,,,,,,,,,,,,,,,,,,,,,,,,,,,,,,,,,,,,,,,,,,,,,,,,,,,,,,,,,,,,,,,,,,,,
1905,6,154.0,-20.0,,,,,,,,,,,,,,,,,,,,,,,,,,,,,,,,,,,,,,,,4.19,5.65,9.3,6.18,6,2.74,10,0.3,0.0,0.8,-6.99,-1.16,4.27,-1.49,6,5.79,10,0.3,0.0,0.8,1.57,2.68,5.12,3.23,6,2.16,10,0.3,0.0,0.8,1019.0,1019.0,1019.0,1019.0,3,0.0,18,0.7,0.0,0.7,,,,,,,,,,,,,,,,,,,,,,,,,,,,,,,,,,,,,,,,,,,,,,,,,,,,,,,,,,,,,,,,,,,,,,,,,,,,,,,,,,,,,,,,,,,,,,,,,,,,,,,,,,,,,,,,,,,,,,,,,,,,,,,,,,,,,,,,,,,,,,,,,,,,,,
1905,6,154.0,-18.0,,,,,,,,,,,,,,,,,,,,,,,,,,,,,,,,,,,,,,,,2.6,12.3,12.3,8.42,5,5.31,12,0.6,0.1,0.8,-11.32,-11.32,2.41,-5.83,5,7.52,12,0.6,0.1,0.8,0.97,4.81,4.81,3.27,5,2.1,12,0.6,0.1,0.8,1015.63,1017.0,1017.0,1016.33,3,1.15,18,0.3,0.0,0.8,,,,,,,,,,,,,,,,,,,,,,,,,,,,,,,,,,,,,,,,,,,,,,,,,,,,,,,,,,,,,,,,,,,,,,,,,,,,,,,,,,,,,,,,,,,,,,,,,,,,,,,,,,,,,,,,,,,,,,,,,,,,,,,,,,,,,,,,,,,,,,,,,,,,,,
1905,6,154.0,-16.0,,,,,,,,,,,,,,,,,,,,,,,,,,,,,,,,,,,,,,,,4.6,6.95,9.92,7.45,6,3.31,10,0.5,0.0,0.7,-9.92,-5.91,-3.25,-6.65,6,3.93,10,0.5,0.0,0.7,0.0,3.25,3.33,2.23,6,1.74,10,0.5,0.0,0.7,1013.0,1013.0,1014.37,1013.67,3,1.15,16,0.7,0.0,0.7,,,,,,,,,,,,,,,,,,,,,,,,,,,,,,,,,,,,,,,,,,,,,,,,,,,,,,,,,,,,,,,,,,,,,,,,,,,,,,,,,,,,,,,,,,,,,,,,,,,,,,,,,,,,,,,,,,,,,,,,,,,,,,,,,,,,,,,,,,,,,,,,,,,,,,
1905,6,154.0,-14.0,,,,,,,,,,,,,,,,,,,,,,,,,,,,,,,,,,,,,,,,4.6,9.3,9.3,7.42,5,2.57,10,0.4,0.0,0.7,-6.58,-6.58,-3.25,-5.25,5,1.82,10,0.4,0.0,0.7,3.25,6.58,6.58,5.25,5,1.82,10,0.4,0.0,0.7,1012.32,1013.0,1013.0,1012.67,3,0.58,16,0.3,0.0,0.7,,,,,,,,,,,,,,,,,,,,,,,,,,,,,,,,,,,,,,,,,,,,,,,,,,,,,,,,,,,,,,,,,,,,,,,,,,,,,,,,,,,,,,,,,,,,,,,,,,,,,,,,,,,,,,,,,,,,,,,,,,,,,,,,,,,,,,,,,,,,,,,,,,,,,,
1905,6,154.0,-12.0,,,,,,,,,,,,,,,,,,,,,,,,,,,,,,,,,,,,,,,,4.6,8.0,9.3,7.3,6,2.32,10,0.7,0.0,0.6,-6.58,-5.66,-3.25,-5.16,6,1.64,10,0.7,0.0,0.6,3.25,5.66,6.58,5.16,6,1.64,10,0.7,0.0,0.6,1011.32,1012.0,1012.0,1011.67,3,0.58,16,0.7,0.0,0.7,,,,,,,,,,,,,,,,,,,,,,,,,,,,,,,,,,,,,,,,,,,,,,,,,,,,,,,,,,,,,,,,,,,,,,,,,,,,,,,,,,,,,,,,,,,,,,,,,,,,,,,,,,,,,,,,,,,,,,,,,,,,,,,,,,,,,,,,,,,,,,,,,,,,,,
1905,6,154.0,40.0,,,,,,,,,,,,,,,,,,,,,,,,,,,,,,,,,,,,,,,,3.9,6.7,8.47,6.2,3,3.38,12,0.3,0.4,0.3,0.35,6.7,8.47,4.47,3,6.26,12,0.3,0.4,0.3,0.0,0.0,0.0,0.0,3,0.0,12,0.3,0.4,0.3,1002.32,1003.0,1003.68,1003.0,2,1.41,8,0.0,0.3,0.3,,,,,,,,,,,,,,,,,,,,,,,,,,,,,,,,,,,,,,,,,,,,,,,,,,,,,,,,,,,,,,,,,,,,,,,,,,,,,,,,,,,,,,,,,,,,,,,,,,,,,,,,,,,,,,,,,,,,,,,,,,,,,,,,,,,,,,,,,,,,,,,,,,,,,,
1905,6,154.0,44.0,,,,,,,,,,,,,,,,,,,,,,,,,,,,,,,,,,,,,,,,2.92,3.6,4.28,3.6,2,1.41,14,1.0,0.6,0.3,-2.49,-1.48,-0.47,-1.48,2,2.09,14,1.0,0.6,0.3,2.75,3.06,3.38,3.06,2,0.65,14,1.0,0.6,0.3,1019.9,1019.9,1019.9,1019.9,1,0.0,26,1.0,0.5,0.3,,,,,,,,,,,,,,,,,,,,,,,,,,,,,,,,,,,,,,,,,,,,,,,,,,,,,,,,,,,,,,,,,,,,,,,,,,,,,,,,,,,,,,,,,,,,,,,,,,,,,,,,,,,,,,,,,,,,,,,,,,,,,,,,,,,,,,,,,,,,,,,,,,,,,,
1905,6,156.0,-34.0,,,,,,,,,,,,,,,,,,,,,,,,,,,,,,,,,,,,,,,,6.7,8.25,9.8,8.25,4,1.79,14,0.5,0.5,0.4,0.16,6.84,8.91,4.64,4,6.47,14,0.5,0.5,0.4,-4.65,-2.81,1.59,-1.59,4,4.47,14,0.5,0.5,0.4,1028.1,1028.1,1028.1,1028.1,1,0.0,24,1.0,0.3,0.8,,,,,,,,,,,,,,,,,,,,,,,,,,,,,,,,,,,,,,,,,,,,,,,,,,,,,,,,,,,,,,,,,,,,,,,,,,,,,,,,,,,,,,,,,,,,,,,,,,,,,,,,,,,,,,,,,,,,,,,,,,,,,,,,,,,,,,,,,,,,,,,,,,,,,,
1905,6,156.0,40.0,,,,,,,,,,,,,,,,,,,,,,,,,,,,,,,,,,,,,,,,6.7,6.7,6.7,6.7,2,0.0,8,1.0,0.4,0.6,2.95,3.68,4.4,3.68,2,1.5,8,1.0,0.4,0.6,4.96,5.45,5.94,5.45,2,1.01,8,1.0,0.4,0.6,1005.21,1005.65,1006.09,1005.65,2,0.92,8,1.0,0.4,0.6,,,,,,,,,,,,,,,,,,,,,,,,,,,,,,,,,,,,,,,,,,,,,,,,,,,,,,,,,,,,,,,,,,,,,,,,,,,,,,,,,,,,,,,,,,,,,,,,,,,,,,,,,,,,,,,,,,,,,,,,,,,,,,,,,,,,,,,,,,,,,,,,,,,,,,
1905,6,156.0,44.0,,,,,,,,,,,,,,,,,,,,,,,,,,,,,,,,,,,,,,,,2.6,3.6,4.6,3.6,4,1.15,14,0.5,0.4,0.5,-2.79,-0.4,1.82,-0.48,4,2.66,14,0.5,0.4,0.5,0.88,2.68,3.9,2.4,4,1.89,14,0.5,0.4,0.5,1019.96,1020.1,1020.24,1020.1,2,0.28,26,0.5,0.3,0.5,,,,,,,,,,,,,,,,,,,,,,,,,,,,,,,,,,,,,,,,,,,,,,,,,,,,,,,,,,,,,,,,,,,,,,,,,,,,,,,,,,,,,,,,,,,,,,,,,,,,,,,,,,,,,,,,,,,,,,,,,,,,,,,,,,,,,,,,,,,,,,,,,,,,,,
1905,6,158.0,-34.0,,,,,,,,,,,,,,,,,,,,,,,,,,,,,,,,,,,,,,,,6.7,9.3,9.92,9.06,7,1.93,12,0.7,0.4,0.6,-0.31,1.28,3.83,1.06,7,3.94,12,0.7,0.4,0.6,-9.44,-8.12,-4.97,-6.27,7,6.06,12,0.7,0.4,0.6,1017.48,1018.05,1022.76,1020.03,4,4.68,14,0.8,0.3,0.4,,,,,,,,,,,,,,,,,,,,,,,,,,,,,,,,,,,,,,,,,,,,,,,,,,,,,,,,,,,,,,,,,,,,,,,,,,,,,,,,,,,,,,,,,,,,,,,,,,,,,,,,,,,,,,,,,,,,,,,,,,,,,,,,,,,,,,,,,,,,,,,,,,,,,,
1905,6,158.0,42.0,,,,,,,,,,,,,,,,,,,,,,,,,,,,,,,,,,,,,,,,7.53,9.3,9.3,8.43,3,1.5,10,0.7,0.2,0.0,6.96,8.56,9.07,8.02,3,1.61,10,0.7,0.2,0.0,-2.48,0.0,1.71,-0.37,3,3.09,10,0.7,0.2,0.0,1006.32,1007.0,1009.05,1007.67,3,2.08,10,0.7,0.2,0.0,,,,,,,,,,,,,,,,,,,,,,,,,,,,,,,,,,,,,,,,,,,,,,,,,,,,,,,,,,,,,,,,,,,,,,,,,,,,,,,,,,,,,,,,,,,,,,,,,,,,,,,,,,,,,,,,,,,,,,,,,,,,,,,,,,,,,,,,,,,,,,,,,,,,,,
1905,6,158.0,44.0,,,,,,,,,,,,,,,,,,,,,,,,,,,,,,,,,,,,,,,,2.6,2.6,2.6,2.6,3,0.0,18,1.0,0.4,0.8,-2.6,-2.6,0.43,-1.12,3,2.56,18,1.0,0.4,0.8,0.0,0.0,1.25,0.61,3,1.06,18,1.0,0.4,0.8,1018.17,1018.75,1019.33,1018.75,2,1.2,26,1.0,0.3,0.8,,,,,,,,,,,,,,,,,,,,,,,,,,,,,,,,,,,,,,,,,,,,,,,,,,,,,,,,,,,,,,,,,,,,,,,,,,,,,,,,,,,,,,,,,,,,,,,,,,,,,,,,,,,,,,,,,,,,,,,,,,,,,,,,,,,,,,,,,,,,,,,,,,,,,,
1905,6,160.0,-34.0,,,,,,,,,,,,,,,,,,,,,,,,,,,,,,,,,,,,,,,,12.3,12.3,12.3,12.3,1,0.0,12,1.0,0.8,0.3,4.61,4.61,4.61,4.61,1,0.0,12,1.0,0.8,0.3,-11.4,-11.4,-11.4,-11.4,1,0.0,12,1.0,0.8,0.3,1018.7,1018.7,1018.7,1018.7,1,0.0,12,1.0,0.8,0.3,,,,,,,,,,,,,,,,,,,,,,,,,,,,,,,,,,,,,,,,,,,,,,,,,,,,,,,,,,,,,,,,,,,,,,,,,,,,,,,,,,,,,,,,,,,,,,,,,,,,,,,,,,,,,,,,,,,,,,,,,,,,,,,,,,,,,,,,,,,,,,,,,,,,,,
1905,6,160.0,42.0,,,,,,,,,,,,,,,,,,,,,,,,,,,,,,,,,,,,,,,,5.27,6.7,10.52,7.87,3,3.98,16,0.7,0.3,0.3,-1.93,4.27,4.59,1.4,3,5.38,16,0.7,0.3,0.3,-9.23,-4.74,-0.33,-4.78,3,6.52,16,0.7,0.3,0.3,1011.32,1012.0,1012.68,1012.0,2,1.41,10,0.5,0.3,0.3,,,,,,,,,,,,,,,,,,,,,,,,,,,,,,,,,,,,,,,,,,,,,,,,,,,,,,,,,,,,,,,,,,,,,,,,,,,,,,,,,,,,,,,,,,,,,,,,,,,,,,,,,,,,,,,,,,,,,,,,,,,,,,,,,,,,,,,,,,,,,,,,,,,,,,
1905,6,160.0,46.0,,,,,,,,,,,,,,,,,,,,,,,,,,,,,,,,,,,,,,,,2.6,2.6,6.7,4.24,5,2.25,10,1.0,0.4,0.2,-2.01,2.6,5.55,1.89,5,3.88,10,1.0,0.4,0.2,0.0,1.99,3.75,1.9,5,1.87,10,1.0,0.4,0.2,1014.04,1015.2,1016.36,1015.2,2,2.4,24,1.0,0.4,0.1,,,,,,,,,,,,,,,,,,,,,,,,,,,,,,,,,,,,,,,,,,,,,,,,,,,,,,,,,,,,,,,,,,,,,,,,,,,,,,,,,,,,,,,,,,,,,,,,,,,,,,,,,,,,,,,,,,,,,,,,,,,,,,,,,,,,,,,,,,,,,,,,,,,,,,
1905,6,162.0,42.0,,,,,,,,,,,,,,,,,,,,,,,,,,,,,,,,,,,,,,,,6.7,6.7,6.7,6.7,2,0.0,10,1.0,0.4,0.6,4.96,5.45,5.94,5.45,2,1.01,10,1.0,0.4,0.6,-4.4,-3.68,-2.95,-3.68,2,1.5,10,1.0,0.4,0.6,1015.5,1015.7,1015.9,1015.7,2,0.42,10,1.0,0.4,0.6,,,,,,,,,,,,,,,,,,,,,,,,,,,,,,,,,,,,,,,,,,,,,,,,,,,,,,,,,,,,,,,,,,,,,,,,,,,,,,,,,,,,,,,,,,,,,,,,,,,,,,,,,,,,,,,,,,,,,,,,,,,,,,,,,,,,,,,,,,,,,,,,,,,,,,
1905,6,162.0,44.0,,,,,,,,,,,,,,,,,,,,,,,,,,,,,,,,,,,,,,,,6.7,6.7,6.7,6.7,1,0.0,10,0.0,0.5,0.0,4.74,4.74,4.74,4.74,1,0.0,10,0.0,0.5,0.0,-4.74,-4.74,-4.74,-4.74,1,0.0,10,0.0,0.5,0.0,1016.0,1016.0,1016.0,1016.0,1,0.0,10,0.0,0.5,0.0,,,,,,,,,,,,,,,,,,,,,,,,,,,,,,,,,,,,,,,,,,,,,,,,,,,,,,,,,,,,,,,,,,,,,,,,,,,,,,,,,,,,,,,,,,,,,,,,,,,,,,,,,,,,,,,,,,,,,,,,,,,,,,,,,,,,,,,,,,,,,,,,,,,,,,
1905,6,162.0,46.0,,,,,,,,,,,,,,,,,,,,,,,,,,,,,,,,,,,,,,,,4.6,4.6,4.6,4.6,2,0.0,24,0.0,0.6,0.5,-2.49,-1.48,-0.47,-1.48,2,2.09,24,0.0,0.6,0.5,3.69,4.06,4.43,4.06,2,0.76,24,0.0,0.6,0.5,1011.6,1011.8,1012.0,1011.8,2,0.42,24,0.0,0.6,0.5,,,,,,,,,,,,,,,,,,,,,,,,,,,,,,,,,,,,,,,,,,,,,,,,,,,,,,,,,,,,,,,,,,,,,,,,,,,,,,,,,,,,,,,,,,,,,,,,,,,,,,,,,,,,,,,,,,,,,,,,,,,,,,,,,,,,,,,,,,,,,,,,,,,,,,
1905,6,164.0,-34.0,,,,,,,,,,,,,,,,,,,,,,,,,,,,,,,,,,,,,,,,6.7,6.7,6.7,6.7,1,0.0,14,1.0,0.8,0.3,0.0,0.0,0.0,0.0,1,0.0,14,1.0,0.8,0.3,-6.7,-6.7,-6.7,-6.7,1,0.0,14,1.0,0.8,0.3,1020.2,1020.2,1020.2,1020.2,1,0.0,14,1.0,0.8,0.3,,,,,,,,,,,,,,,,,,,,,,,,,,,,,,,,,,,,,,,,,,,,,,,,,,,,,,,,,,,,,,,,,,,,,,,,,,,,,,,,,,,,,,,,,,,,,,,,,,,,,,,,,,,,,,,,,,,,,,,,,,,,,,,,,,,,,,,,,,,,,,,,,,,,,,
1905,6,164.0,44.0,,,,,,,,,,,,,,,,,,,,,,,,,,,,,,,,,,,,,,,,4.93,5.65,6.37,5.65,2,1.48,10,0.0,0.3,0.0,4.54,5.2,5.86,5.2,2,1.37,10,0.0,0.3,0.0,-2.49,-2.21,-1.93,-2.21,2,0.58,10,0.0,0.3,0.0,1016.0,1016.0,1016.0,1016.0,2,0.0,10,0.0,0.3,0.0,,,,,,,,,,,,,,,,,,,,,,,,,,,,,,,,,,,,,,,,,,,,,,,,,,,,,,,,,,,,,,,,,,,,,,,,,,,,,,,,,,,,,,,,,,,,,,,,,,,,,,,,,,,,,,,,,,,,,,,,,,,,,,,,,,,,,,,,,,,,,,,,,,,,,,
1905,6,164.0,46.0,,,,,,,,,,,,,,,,,,,,,,,,,,,,,,,,,,,,,,,,4.6,4.6,4.6,4.6,2,0.0,24,0.5,0.6,0.7,3.69,4.06,4.43,4.06,2,0.76,24,0.5,0.6,0.7,0.47,1.48,2.49,1.48,2,2.09,24,0.5,0.6,0.7,1009.91,1010.15,1010.39,1010.15,2,0.49,24,0.5,0.6,0.7,,,,,,,,,,,,,,,,,,,,,,,,,,,,,,,,,,,,,,,,,,,,,,,,,,,,,,,,,,,,,,,,,,,,,,,,,,,,,,,,,,,,,,,,,,,,,,,,,,,,,,,,,,,,,,,,,,,,,,,,,,,,,,,,,,,,,,,,,,,,,,,,,,,,,,
1905,6,166.0,-36.0,,,,,,,,,,,,,,,,,,,,,,,,,,,,,,,,,,,,,,,,12.3,12.3,12.3,12.3,1,0.0,4,1.0,0.8,0.8,0.0,0.0,0.0,0.0,1,0.0,4,1.0,0.8,0.8,12.3,12.3,12.3,12.3,1,0.0,4,1.0,0.8,0.8,1008.7,1008.7,1008.7,1008.7,1,0.0,4,1.0,0.8,0.8,,,,,,,,,,,,,,,,,,,,,,,,,,,,,,,,,,,,,,,,,,,,,,,,,,,,,,,,,,,,,,,,,,,,,,,,,,,,,,,,,,,,,,,,,,,,,,,,,,,,,,,,,,,,,,,,,,,,,,,,,,,,,,,,,,,,,,,,,,,,,,,,,,,,,,
1905,6,166.0,-34.0,,,,,,,,,,,,,,,,,,,,,,,,,,,,,,,,,,,,,,,,9.3,9.3,9.3,9.3,1,0.0,16,1.0,0.3,0.3,8.56,8.56,8.56,8.56,1,0.0,16,1.0,0.3,0.3,-3.63,-3.63,-3.63,-3.63,1,0.0,16,1.0,0.3,0.3,1008.0,1008.0,1008.0,1008.0,1,0.0,16,1.0,0.3,0.3,,,,,,,,,,,,,,,,,,,,,,,,,,,,,,,,,,,,,,,,,,,,,,,,,,,,,,,,,,,,,,,,,,,,,,,,,,,,,,,,,,,,,,,,,,,,,,,,,,,,,,,,,,,,,,,,,,,,,,,,,,,,,,,,,,,,,,,,,,,,,,,,,,,,,,
1905,6,166.0,44.0,,,,,,,,,,,,,,,,,,,,,,,,,,,,,,,,,,,,,,,,4.6,4.6,4.6,4.6,2,0.0,10,1.0,0.4,0.4,3.25,3.25,3.25,3.25,2,0.0,10,1.0,0.4,0.4,-3.25,-3.25,-3.25,-3.25,2,0.0,10,1.0,0.4,0.4,1017.02,1017.05,1017.08,1017.05,2,0.07,10,1.0,0.4,0.4,,,,,,,,,,,,,,,,,,,,,,,,,,,,,,,,,,,,,,,,,,,,,,,,,,,,,,,,,,,,,,,,,,,,,,,,,,,,,,,,,,,,,,,,,,,,,,,,,,,,,,,,,,,,,,,,,,,,,,,,,,,,,,,,,,,,,,,,,,,,,,,,,,,,,,
1905,6,166.0,46.0,,,,,,,,,,,,,,,,,,,,,,,,,,,,,,,,,,,,,,,,4.6,4.6,4.6,4.6,1,0.0,24,1.0,0.5,0.9,4.6,4.6,4.6,4.6,1,0.0,24,1.0,0.5,0.9,0.0,0.0,0.0,0.0,1,0.0,24,1.0,0.5,0.9,1009.4,1009.4,1009.4,1009.4,1,0.0,24,1.0,0.5,0.9,,,,,,,,,,,,,,,,,,,,,,,,,,,,,,,,,,,,,,,,,,,,,,,,,,,,,,,,,,,,,,,,,,,,,,,,,,,,,,,,,,,,,,,,,,,,,,,,,,,,,,,,,,,,,,,,,,,,,,,,,,,,,,,,,,,,,,,,,,,,,,,,,,,,,,
1905,6,168.0,-36.0,,,,,,,,,,,,,,,,,,,,,,,,,,,,,,,,,,,,,,,,10.25,12.3,12.3,11.3,3,1.73,6,0.3,0.6,0.4,2.76,8.7,8.7,5.8,3,5.02,6,0.3,0.6,0.4,-8.7,-8.7,3.59,-2.7,3,10.39,6,0.3,0.6,0.4,1007.1,1007.1,1007.1,1007.1,1,0.0,4,1.0,0.8,0.8,,,,,,,,,,,,,,,,,,,,,,,,,,,,,,,,,,,,,,,,,,,,,,,,,,,,,,,,,,,,,,,,,,,,,,,,,,,,,,,,,,,,,,,,,,,,,,,,,,,,,,,,,,,,,,,,,,,,,,,,,,,,,,,,,,,,,,,,,,,,,,,,,,,,,,
1905,6,168.0,-34.0,,,,,,,,,,,,,,,,,,,,,,,,,,,,,,,,,,,,,,,,9.3,9.3,9.3,9.3,1,0.0,14,1.0,0.3,0.3,0.0,0.0,0.0,0.0,1,0.0,14,1.0,0.3,0.3,-9.3,-9.3,-9.3,-9.3,1,0.0,14,1.0,0.3,0.3,1017.1,1017.1,1017.1,1017.1,1,0.0,14,1.0,0.3,0.3,,,,,,,,,,,,,,,,,,,,,,,,,,,,,,,,,,,,,,,,,,,,,,,,,,,,,,,,,,,,,,,,,,,,,,,,,,,,,,,,,,,,,,,,,,,,,,,,,,,,,,,,,,,,,,,,,,,,,,,,,,,,,,,,,,,,,,,,,,,,,,,,,,,,,,
1905,6,168.0,44.0,,,,,,,,,,,,,,,,,,,,,,,,,,,,,,,,,,,,,,,,4.6,4.6,4.6,4.6,2,0.0,12,0.5,0.3,0.5,4.23,4.23,4.23,4.23,2,0.0,12,0.5,0.3,0.5,-1.8,-1.8,-1.8,-1.8,2,0.0,12,0.5,0.3,0.5,1015.16,1015.5,1015.84,1015.5,2,0.71,12,0.5,0.3,0.5,,,,,,,,,,,,,,,,,,,,,,,,,,,,,,,,,,,,,,,,,,,,,,,,,,,,,,,,,,,,,,,,,,,,,,,,,,,,,,,,,,,,,,,,,,,,,,,,,,,,,,,,,,,,,,,,,,,,,,,,,,,,,,,,,,,,,,,,,,,,,,,,,,,,,,
1905,6,168.0,48.0,,,,,,,,,,,,,,,,,,,,,,,,,,,,,,,,,,,,,,,,4.93,5.65,6.37,5.65,2,1.48,24,1.0,0.4,0.2,4.93,5.65,6.37,5.65,2,1.48,24,1.0,0.4,0.2,0.0,0.0,0.0,0.0,2,0.0,24,1.0,0.4,0.2,1006.61,1007.05,1007.49,1007.05,2,0.92,24,1.0,0.4,0.2,,,,,,,,,,,,,,,,,,,,,,,,,,,,,,,,,,,,,,,,,,,,,,,,,,,,,,,,,,,,,,,,,,,,,,,,,,,,,,,,,,,,,,,,,,,,,,,,,,,,,,,,,,,,,,,,,,,,,,,,,,,,,,,,,,,,,,,,,,,,,,,,,,,,,,
1905,6,170.0,-36.0,,,,,,,,,,,,,,,,,,,,,,,,,,,,,,,,,,,,,,,,10.59,12.3,12.3,11.47,3,1.44,6,1.0,0.6,0.6,3.97,4.61,7.4,5.66,3,2.67,6,1.0,0.6,0.6,-10.67,-9.09,3.05,-3.93,3,11.0,6,1.0,0.6,0.6,1011.0,1011.0,1011.0,1011.0,1,0.0,4,1.0,0.8,0.8,,,,,,,,,,,,,,,,,,,,,,,,,,,,,,,,,,,,,,,,,,,,,,,,,,,,,,,,,,,,,,,,,,,,,,,,,,,,,,,,,,,,,,,,,,,,,,,,,,,,,,,,,,,,,,,,,,,,,,,,,,,,,,,,,,,,,,,,,,,,,,,,,,,,,,
1905,6,170.0,44.0,,,,,,,,,,,,,,,,,,,,,,,,,,,,,,,,,,,,,,,,4.6,4.6,4.6,4.6,1,0.0,12,0.0,0.0,0.5,4.23,4.23,4.23,4.23,1,0.0,12,0.0,0.0,0.5,-1.8,-1.8,-1.8,-1.8,1,0.0,12,0.0,0.0,0.5,1014.0,1014.0,1014.0,1014.0,1,0.0,12,0.0,0.0,0.5,,,,,,,,,,,,,,,,,,,,,,,,,,,,,,,,,,,,,,,,,,,,,,,,,,,,,,,,,,,,,,,,,,,,,,,,,,,,,,,,,,,,,,,,,,,,,,,,,,,,,,,,,,,,,,,,,,,,,,,,,,,,,,,,,,,,,,,,,,,,,,,,,,,,,,
1905,6,170.0,46.0,,,,,,,,,,,,,,,,,,,,,,,,,,,,,,,,,,,,,,,,9.3,9.3,9.3,9.3,1,0.0,12,1.0,0.5,0.0,9.3,9.3,9.3,9.3,1,0.0,12,1.0,0.5,0.0,0.0,0.0,0.0,0.0,1,0.0,12,1.0,0.5,0.0,1013.0,1013.0,1013.0,1013.0,1,0.0,12,1.0,0.5,0.0,,,,,,,,,,,,,,,,,,,,,,,,,,,,,,,,,,,,,,,,,,,,,,,,,,,,,,,,,,,,,,,,,,,,,,,,,,,,,,,,,,,,,,,,,,,,,,,,,,,,,,,,,,,,,,,,,,,,,,,,,,,,,,,,,,,,,,,,,,,,,,,,,,,,,,
1905,6,170.0,48.0,,,,,,,,,,,,,,,,,,,,,,,,,,,,,,,,,,,,,,,,3.66,5.95,8.24,5.95,2,4.74,24,0.0,0.5,0.4,3.66,5.95,8.24,5.95,2,4.74,24,0.0,0.5,0.4,0.0,0.0,0.0,0.0,2,0.0,24,0.0,0.5,0.4,1004.75,1004.85,1004.95,1004.85,2,0.21,24,0.0,0.5,0.4,,,,,,,,,,,,,,,,,,,,,,,,,,,,,,,,,,,,,,,,,,,,,,,,,,,,,,,,,,,,,,,,,,,,,,,,,,,,,,,,,,,,,,,,,,,,,,,,,,,,,,,,,,,,,,,,,,,,,,,,,,,,,,,,,,,,,,,,,,,,,,,,,,,,,,
1905,6,172.0,46.0,,,,,,,,,,,,,,,,,,,,,,,,,,,,,,,,,,,,,,,,12.3,12.3,12.3,12.3,2,0.0,12,1.0,0.4,0.1,9.11,10.01,10.91,10.01,2,1.86,12,1.0,0.4,0.1,-8.08,-6.75,-5.42,-6.75,2,2.75,12,1.0,0.4,0.1,1011.41,1011.65,1011.89,1011.65,2,0.5,12,1.0,0.4,0.1,,,,,,,,,,,,,,,,,,,,,,,,,,,,,,,,,,,,,,,,,,,,,,,,,,,,,,,,,,,,,,,,,,,,,,,,,,,,,,,,,,,,,,,,,,,,,,,,,,,,,,,,,,,,,,,,,,,,,,,,,,,,,,,,,,,,,,,,,,,,,,,,,,,,,,
1905,6,172.0,48.0,,,,,,,,,,,,,,,,,,,,,,,,,,,,,,,,,,,,,,,,2.92,3.6,4.28,3.6,2,1.41,24,1.0,0.6,0.6,2.09,3.0,3.9,3.0,2,1.87,24,1.0,0.6,0.6,-1.43,-0.21,1.01,-0.21,2,2.52,24,1.0,0.6,0.6,1002.86,1003.2,1003.54,1003.2,2,0.71,24,1.0,0.6,0.6,,,,,,,,,,,,,,,,,,,,,,,,,,,,,,,,,,,,,,,,,,,,,,,,,,,,,,,,,,,,,,,,,,,,,,,,,,,,,,,,,,,,,,,,,,,,,,,,,,,,,,,,,,,,,,,,,,,,,,,,,,,,,,,,,,,,,,,,,,,,,,,,,,,,,,
1905,6,174.0,-36.0,,,,,,,,,,,,,,,,,,,,,,,,,,,,,,,,,,,,,,,,5.82,8.45,11.08,8.45,2,5.44,6,0.5,0.3,0.5,-0.93,4.08,9.08,4.08,2,10.36,6,0.5,0.3,0.5,-2.01,0.68,3.36,0.68,2,5.56,6,0.5,0.3,0.5,1009.2,1009.2,1009.2,1009.2,1,0.0,4,1.0,0.3,0.8,,,,,,,,,,,,,,,,,,,,,,,,,,,,,,,,,,,,,,,,,,,,,,,,,,,,,,,,,,,,,,,,,,,,,,,,,,,,,,,,,,,,,,,,,,,,,,,,,,,,,,,,,,,,,,,,,,,,,,,,,,,,,,,,,,,,,,,,,,,,,,,,,,,,,,
1905,6,174.0,46.0,,,,,,,,,,,,,,,,,,,,,,,,,,,,,,,,,,,,,,,,12.3,12.3,12.3,12.3,2,0.0,12,1.0,0.3,0.0,8.7,8.7,8.7,8.7,2,0.0,12,1.0,0.3,0.0,-8.7,-8.7,-8.7,-8.7,2,0.0,12,1.0,0.3,0.0,1008.16,1008.5,1008.84,1008.5,2,0.71,12,1.0,0.3,0.0,,,,,,,,,,,,,,,,,,,,,,,,,,,,,,,,,,,,,,,,,,,,,,,,,,,,,,,,,,,,,,,,,,,,,,,,,,,,,,,,,,,,,,,,,,,,,,,,,,,,,,,,,,,,,,,,,,,,,,,,,,,,,,,,,,,,,,,,,,,,,,,,,,,,,,
1905,6,174.0,48.0,,,,,,,,,,,,,,,,,,,,,,,,,,,,,,,,,,,,,,,,4.93,5.65,6.37,5.65,2,1.48,22,0.5,0.7,0.9,4.64,5.31,5.98,5.31,2,1.4,22,0.5,0.7,0.9,1.69,1.93,2.18,1.93,2,0.51,22,0.5,0.7,0.9,999.08,1000.1,1001.12,1000.1,2,2.12,22,0.5,0.7,0.9,,,,,,,,,,,,,,,,,,,,,,,,,,,,,,,,,,,,,,,,,,,,,,,,,,,,,,,,,,,,,,,,,,,,,,,,,,,,,,,,,,,,,,,,,,,,,,,,,,,,,,,,,,,,,,,,,,,,,,,,,,,,,,,,,,,,,,,,,,,,,,,,,,,,,,
1905,6,176.0,44.0,,,,,,,,,,,,,,,,,,,,,,,,,,,,,,,,,,,,,,,,6.7,6.7,6.7,6.7,1,0.0,2,1.0,0.3,0.8,6.17,6.17,6.17,6.17,1,0.0,2,1.0,0.3,0.8,-2.62,-2.62,-2.62,-2.62,1,0.0,2,1.0,0.3,0.8,1011.7,1011.7,1011.7,1011.7,1,0.0,2,1.0,0.3,0.8,,,,,,,,,,,,,,,,,,,,,,,,,,,,,,,,,,,,,,,,,,,,,,,,,,,,,,,,,,,,,,,,,,,,,,,,,,,,,,,,,,,,,,,,,,,,,,,,,,,,,,,,,,,,,,,,,,,,,,,,,,,,,,,,,,,,,,,,,,,,,,,,,,,,,,
1905,6,176.0,46.0,,,,,,,,,,,,,,,,,,,,,,,,,,,,,,,,,,,,,,,,15.4,15.4,15.4,15.4,2,0.0,12,0.0,0.3,0.3,10.89,10.89,10.89,10.89,2,0.0,12,0.0,0.3,0.3,-10.89,-10.89,-10.89,-10.89,2,0.0,12,0.0,0.3,0.3,1006.32,1007.0,1007.68,1007.0,2,1.41,12,0.0,0.3,0.3,,,,,,,,,,,,,,,,,,,,,,,,,,,,,,,,,,,,,,,,,,,,,,,,,,,,,,,,,,,,,,,,,,,,,,,,,,,,,,,,,,,,,,,,,,,,,,,,,,,,,,,,,,,,,,,,,,,,,,,,,,,,,,,,,,,,,,,,,,,,,,,,,,,,,,
1905,6,176.0,50.0,,,,,,,,,,,,,,,,,,,,,,,,,,,,,,,,,,,,,,,,13.36,15.65,17.94,15.65,2,4.74,22,0.5,0.7,0.1,12.03,13.06,14.08,13.06,2,2.12,22,0.5,0.7,0.1,5.48,8.21,10.94,8.21,2,5.66,22,0.5,0.7,0.1,992.09,993.35,994.61,993.35,2,2.62,22,0.5,0.7,0.1,,,,,,,,,,,,,,,,,,,,,,,,,,,,,,,,,,,,,,,,,,,,,,,,,,,,,,,,,,,,,,,,,,,,,,,,,,,,,,,,,,,,,,,,,,,,,,,,,,,,,,,,,,,,,,,,,,,,,,,,,,,,,,,,,,,,,,,,,,,,,,,,,,,,,,
1905,6,178.0,-36.0,,,,,,,,,,,,,,,,,,,,,,,,,,,,,,,,,,,,,,,,15.4,15.4,15.4,15.4,1,0.0,6,1.0,0.8,0.8,6.02,6.02,6.02,6.02,1,0.0,6,1.0,0.8,0.8,14.18,14.18,14.18,14.18,1,0.0,6,1.0,0.8,0.8,1016.6,1016.6,1016.6,1016.6,1,0.0,6,1.0,0.8,0.8,,,,,,,,,,,,,,,,,,,,,,,,,,,,,,,,,,,,,,,,,,,,,,,,,,,,,,,,,,,,,,,,,,,,,,,,,,,,,,,,,,,,,,,,,,,,,,,,,,,,,,,,,,,,,,,,,,,,,,,,,,,,,,,,,,,,,,,,,,,,,,,,,,,,,,
1905,6,178.0,46.0,,,,,,,,,,,,,,,,,,,,,,,,,,,,,,,,,,,,,,,,12.3,12.3,12.3,12.3,2,0.0,12,1.0,0.4,0.6,8.7,8.7,8.7,8.7,2,0.0,12,1.0,0.4,0.6,-8.7,-8.7,-8.7,-8.7,2,0.0,12,1.0,0.4,0.6,1006.16,1006.5,1006.84,1006.5,2,0.71,12,1.0,0.4,0.6,,,,,,,,,,,,,,,,,,,,,,,,,,,,,,,,,,,,,,,,,,,,,,,,,,,,,,,,,,,,,,,,,,,,,,,,,,,,,,,,,,,,,,,,,,,,,,,,,,,,,,,,,,,,,,,,,,,,,,,,,,,,,,,,,,,,,,,,,,,,,,,,,,,,,,
1905,6,178.0,50.0,,,,,,,,,,,,,,,,,,,,,,,,,,,,,,,,,,,,,,,,19.0,19.0,19.0,19.0,3,0.0,22,1.0,0.6,0.2,14.55,14.55,14.55,14.55,3,0.0,22,1.0,0.6,0.2,12.21,12.21,12.21,12.21,3,0.0,22,1.0,0.6,0.2,987.7,987.7,988.18,987.93,3,0.4,22,1.0,0.6,0.2,,,,,,,,,,,,,,,,,,,,,,,,,,,,,,,,,,,,,,,,,,,,,,,,,,,,,,,,,,,,,,,,,,,,,,,,,,,,,,,,,,,,,,,,,,,,,,,,,,,,,,,,,,,,,,,,,,,,,,,,,,,,,,,,,,,,,,,,,,,,,,,,,,,,,,
1905,6,180.0,-36.0,,,,,,,,,,,,,,,,,,,,,,,,,,,,,,,,,,,,,,,,19.0,19.0,19.0,19.0,1,0.0,18,1.0,0.3,0.8,19.0,19.0,19.0,19.0,1,0.0,18,1.0,0.3,0.8,0.0,0.0,0.0,0.0,1,0.0,18,1.0,0.3,0.8,1006.0,1006.0,1006.0,1006.0,1,0.0,18,1.0,0.3,0.8,,,,,,,,,,,,,,,,,,,,,,,,,,,,,,,,,,,,,,,,,,,,,,,,,,,,,,,,,,,,,,,,,,,,,,,,,,,,,,,,,,,,,,,,,,,,,,,,,,,,,,,,,,,,,,,,,,,,,,,,,,,,,,,,,,,,,,,,,,,,,,,,,,,,,,
1905,6,180.0,46.0,,,,,,,,,,,,,,,,,,,,,,,,,,,,,,,,,,,,,,,,9.3,9.3,9.3,9.3,2,0.0,14,0.5,0.8,0.5,3.97,5.03,6.09,5.03,2,2.19,14,0.5,0.8,0.5,-8.3,-7.6,-6.9,-7.6,2,1.45,14,0.5,0.8,0.5,1006.16,1006.5,1006.84,1006.5,2,0.71,14,0.5,0.8,0.5,,,,,,,,,,,,,,,,,,,,,,,,,,,,,,,,,,,,,,,,,,,,,,,,,,,,,,,,,,,,,,,,,,,,,,,,,,,,,,,,,,,,,,,,,,,,,,,,,,,,,,,,,,,,,,,,,,,,,,,,,,,,,,,,,,,,,,,,,,,,,,,,,,,,,,
1905,6,180.0,50.0,,,,,,,,,,,,,,,,,,,,,,,,,,,,,,,,,,,,,,,,12.3,12.3,12.3,12.3,1,0.0,22,1.0,0.5,0.3,9.42,9.42,9.42,9.42,1,0.0,22,1.0,0.5,0.3,7.91,7.91,7.91,7.91,1,0.0,22,1.0,0.5,0.3,990.4,990.4,990.4,990.4,1,0.0,22,1.0,0.5,0.3,,,,,,,,,,,,,,,,,,,,,,,,,,,,,,,,,,,,,,,,,,,,,,,,,,,,,,,,,,,,,,,,,,,,,,,,,,,,,,,,,,,,,,,,,,,,,,,,,,,,,,,,,,,,,,,,,,,,,,,,,,,,,,,,,,,,,,,,,,,,,,,,,,,,,,
1905,6,182.0,-38.0,,,,,,,,,,,,,,,,,,,,,,,,,,,,,,,,,,,,,,,,9.3,9.3,9.3,9.3,1,0.0,6,1.0,0.8,0.8,3.63,3.63,3.63,3.63,1,0.0,6,1.0,0.8,0.8,8.56,8.56,8.56,8.56,1,0.0,6,1.0,0.8,0.8,1015.8,1015.8,1015.8,1015.8,1,0.0,6,1.0,0.8,0.8,,,,,,,,,,,,,,,,,,,,,,,,,,,,,,,,,,,,,,,,,,,,,,,,,,,,,,,,,,,,,,,,,,,,,,,,,,,,,,,,,,,,,,,,,,,,,,,,,,,,,,,,,,,,,,,,,,,,,,,,,,,,,,,,,,,,,,,,,,,,,,,,,,,,,,
1905,6,182.0,-36.0,,,,,,,,,,,,,,,,,,,,,,,,,,,,,,,,,,,,,,,,7.59,9.5,11.41,9.5,2,3.96,12,1.0,0.5,0.3,5.37,6.72,8.07,6.72,2,2.8,12,1.0,0.5,0.3,-2.61,1.98,6.57,1.98,2,9.5,12,1.0,0.5,0.3,1012.1,1014.45,1016.81,1014.45,2,4.88,12,1.0,0.5,0.3,,,,,,,,,,,,,,,,,,,,,,,,,,,,,,,,,,,,,,,,,,,,,,,,,,,,,,,,,,,,,,,,,,,,,,,,,,,,,,,,,,,,,,,,,,,,,,,,,,,,,,,,,,,,,,,,,,,,,,,,,,,,,,,,,,,,,,,,,,,,,,,,,,,,,,
1905,6,182.0,46.0,,,,,,,,,,,,,,,,,,,,,,,,,,,,,,,,,,,,,,,,6.7,6.7,8.47,7.57,3,1.5,10,0.7,0.6,0.4,2.51,2.51,5.29,3.87,3,2.35,10,0.7,0.6,0.4,-6.46,-6.21,-6.21,-6.33,3,0.21,10,0.7,0.6,0.4,1008.0,1008.0,1009.3,1008.63,3,1.1,10,0.7,0.6,0.4,,,,,,,,,,,,,,,,,,,,,,,,,,,,,,,,,,,,,,,,,,,,,,,,,,,,,,,,,,,,,,,,,,,,,,,,,,,,,,,,,,,,,,,,,,,,,,,,,,,,,,,,,,,,,,,,,,,,,,,,,,,,,,,,,,,,,,,,,,,,,,,,,,,,,,
1905,6,182.0,50.0,,,,,,,,,,,,,,,,,,,,,,,,,,,,,,,,,,,,,,,,5.35,6.95,8.55,6.95,2,3.32,22,0.0,0.3,0.3,3.44,4.47,5.5,4.47,2,2.14,22,0.0,0.3,0.3,-6.55,-5.32,-4.1,-5.32,2,2.55,22,0.0,0.3,0.3,989.78,990.6,991.42,990.6,2,1.7,22,0.0,0.3,0.3,,,,,,,,,,,,,,,,,,,,,,,,,,,,,,,,,,,,,,,,,,,,,,,,,,,,,,,,,,,,,,,,,,,,,,,,,,,,,,,,,,,,,,,,,,,,,,,,,,,,,,,,,,,,,,,,,,,,,,,,,,,,,,,,,,,,,,,,,,,,,,,,,,,,,,
1905,6,184.0,46.0,,,,,,,,,,,,,,,,,,,,,,,,,,,,,,,,,,,,,,,,4.6,4.6,4.6,4.6,1,0.0,14,1.0,0.5,0.5,1.72,1.72,1.72,1.72,1,0.0,14,1.0,0.5,0.5,-4.27,-4.27,-4.27,-4.27,1,0.0,14,1.0,0.5,0.5,1009.0,1009.0,1009.0,1009.0,1,0.0,14,1.0,0.5,0.5,,,,,,,,,,,,,,,,,,,,,,,,,,,,,,,,,,,,,,,,,,,,,,,,,,,,,,,,,,,,,,,,,,,,,,,,,,,,,,,,,,,,,,,,,,,,,,,,,,,,,,,,,,,,,,,,,,,,,,,,,,,,,,,,,,,,,,,,,,,,,,,,,,,,,,
1905,6,184.0,48.0,,,,,,,,,,,,,,,,,,,,,,,,,,,,,,,,,,,,,,,,4.6,4.6,4.6,4.6,1,0.0,14,1.0,0.3,0.3,1.72,1.72,1.72,1.72,1,0.0,14,1.0,0.3,0.3,-4.27,-4.27,-4.27,-4.27,1,0.0,14,1.0,0.3,0.3,1011.7,1011.7,1011.7,1011.7,1,0.0,14,1.0,0.3,0.3,,,,,,,,,,,,,,,,,,,,,,,,,,,,,,,,,,,,,,,,,,,,,,,,,,,,,,,,,,,,,,,,,,,,,,,,,,,,,,,,,,,,,,,,,,,,,,,,,,,,,,,,,,,,,,,,,,,,,,,,,,,,,,,,,,,,,,,,,,,,,,,,,,,,,,
1905,6,184.0,50.0,,,,,,,,,,,,,,,,,,,,,,,,,,,,,,,,,,,,,,,,4.93,5.65,6.37,5.65,2,1.48,22,1.0,0.6,0.3,-2.18,-1.93,-1.69,-1.93,2,0.51,22,1.0,0.6,0.3,4.64,5.31,5.98,5.31,2,1.4,22,1.0,0.6,0.3,988.51,988.75,988.99,988.75,2,0.49,22,1.0,0.6,0.3,,,,,,,,,,,,,,,,,,,,,,,,,,,,,,,,,,,,,,,,,,,,,,,,,,,,,,,,,,,,,,,,,,,,,,,,,,,,,,,,,,,,,,,,,,,,,,,,,,,,,,,,,,,,,,,,,,,,,,,,,,,,,,,,,,,,,,,,,,,,,,,,,,,,,,
1905,6,186.0,-38.0,,,,,,,,,,,,,,,,,,,,,,,,,,,,,,,,,,,,,,,,13.36,15.65,17.94,15.65,2,4.74,12,1.0,0.5,0.5,5.05,6.02,6.98,6.02,2,1.99,12,1.0,0.5,0.5,-6.82,3.04,12.9,3.04,2,20.43,12,1.0,0.5,0.5,1003.01,1007.75,1012.49,1007.75,2,9.83,12,1.0,0.5,0.5,,,,,,,,,,,,,,,,,,,,,,,,,,,,,,,,,,,,,,,,,,,,,,,,,,,,,,,,,,,,,,,,,,,,,,,,,,,,,,,,,,,,,,,,,,,,,,,,,,,,,,,,,,,,,,,,,,,,,,,,,,,,,,,,,,,,,,,,,,,,,,,,,,,,,,
1905,6,186.0,46.0,,,,,,,,,,,,,,,,,,,,,,,,,,,,,,,,,,,,,,,,12.3,12.3,12.3,12.3,1,0.0,2,1.0,0.8,0.3,4.61,4.61,4.61,4.61,1,0.0,2,1.0,0.8,0.3,-11.4,-11.4,-11.4,-11.4,1,0.0,2,1.0,0.8,0.3,1007.5,1007.5,1007.5,1007.5,1,0.0,2,1.0,0.8,0.3,,,,,,,,,,,,,,,,,,,,,,,,,,,,,,,,,,,,,,,,,,,,,,,,,,,,,,,,,,,,,,,,,,,,,,,,,,,,,,,,,,,,,,,,,,,,,,,,,,,,,,,,,,,,,,,,,,,,,,,,,,,,,,,,,,,,,,,,,,,,,,,,,,,,,,
1905,6,186.0,48.0,,,,,,,,,,,,,,,,,,,,,,,,,,,,,,,,,,,,,,,,2.92,3.6,4.28,3.6,2,1.41,14,1.0,0.8,0.0,2.69,3.31,3.94,3.31,2,1.3,14,1.0,0.8,0.0,-1.67,-1.41,-1.14,-1.41,2,0.55,14,1.0,0.8,0.0,1012.16,1012.5,1012.84,1012.5,2,0.71,14,1.0,0.8,0.0,,,,,,,,,,,,,,,,,,,,,,,,,,,,,,,,,,,,,,,,,,,,,,,,,,,,,,,,,,,,,,,,,,,,,,,,,,,,,,,,,,,,,,,,,,,,,,,,,,,,,,,,,,,,,,,,,,,,,,,,,,,,,,,,,,,,,,,,,,,,,,,,,,,,,,
1905,6,186.0,50.0,,,,,,,,,,,,,,,,,,,,,,,,,,,,,,,,,,,,,,,,4.6,4.6,4.6,4.6,1,0.0,20,1.0,0.8,0.4,-4.32,-4.32,-4.32,-4.32,1,0.0,20,1.0,0.8,0.4,1.57,1.57,1.57,1.57,1,0.0,20,1.0,0.8,0.4,989.4,989.4,989.4,989.4,1,0.0,20,1.0,0.8,0.4,,,,,,,,,,,,,,,,,,,,,,,,,,,,,,,,,,,,,,,,,,,,,,,,,,,,,,,,,,,,,,,,,,,,,,,,,,,,,,,,,,,,,,,,,,,,,,,,,,,,,,,,,,,,,,,,,,,,,,,,,,,,,,,,,,,,,,,,,,,,,,,,,,,,,,
1905,6,188.0,-40.0,,,,,,,,,,,,,,,,,,,,,,,,,,,,,,,,,,,,,,,,15.4,15.4,15.4,15.4,1,0.0,20,1.0,0.8,0.8,14.18,14.18,14.18,14.18,1,0.0,20,1.0,0.8,0.8,-6.02,-6.02,-6.02,-6.02,1,0.0,20,1.0,0.8,0.8,995.3,995.3,995.3,995.3,1,0.0,20,1.0,0.8,0.8,,,,,,,,,,,,,,,,,,,,,,,,,,,,,,,,,,,,,,,,,,,,,,,,,,,,,,,,,,,,,,,,,,,,,,,,,,,,,,,,,,,,,,,,,,,,,,,,,,,,,,,,,,,,,,,,,,,,,,,,,,,,,,,,,,,,,,,,,,,,,,,,,,,,,,
1905,6,188.0,48.0,,,,,,,,,,,,,,,,,,,,,,,,,,,,,,,,,,,,,,,,2.6,2.6,2.6,2.6,2,0.0,14,0.0,0.8,0.0,2.39,2.39,2.39,2.39,2,0.0,14,0.0,0.8,0.0,-1.02,-1.02,-1.02,-1.02,2,0.0,14,0.0,0.8,0.0,1014.16,1014.5,1014.84,1014.5,2,0.71,14,0.0,0.8,0.0,,,,,,,,,,,,,,,,,,,,,,,,,,,,,,,,,,,,,,,,,,,,,,,,,,,,,,,,,,,,,,,,,,,,,,,,,,,,,,,,,,,,,,,,,,,,,,,,,,,,,,,,,,,,,,,,,,,,,,,,,,,,,,,,,,,,,,,,,,,,,,,,,,,,,,
1905,6,188.0,50.0,,,,,,,,,,,,,,,,,,,,,,,,,,,,,,,,,,,,,,,,5.35,6.95,8.55,6.95,2,3.32,20,0.0,0.7,0.4,-8.08,-6.67,-5.26,-6.67,2,2.93,20,0.0,0.7,0.4,0.5,1.59,2.68,1.59,2,2.25,20,0.0,0.7,0.4,993.56,995.2,996.84,995.2,2,3.39,20,0.0,0.7,0.4,,,,,,,,,,,,,,,,,,,,,,,,,,,,,,,,,,,,,,,,,,,,,,,,,,,,,,,,,,,,,,,,,,,,,,,,,,,,,,,,,,,,,,,,,,,,,,,,,,,,,,,,,,,,,,,,,,,,,,,,,,,,,,,,,,,,,,,,,,,,,,,,,,,,,,
1905,6,190.0,48.0,,,,,,,,,,,,,,,,,,,,,,,,,,,,,,,,,,,,,,,,2.6,2.6,2.6,2.6,2,0.0,14,1.0,0.6,0.1,0.97,0.97,0.97,0.97,2,0.0,14,1.0,0.6,0.1,-2.41,-2.41,-2.41,-2.41,2,0.0,14,1.0,0.6,0.1,1016.17,1016.55,1016.93,1016.55,2,0.78,14,1.0,0.6,0.1,,,,,,,,,,,,,,,,,,,,,,,,,,,,,,,,,,,,,,,,,,,,,,,,,,,,,,,,,,,,,,,,,,,,,,,,,,,,,,,,,,,,,,,,,,,,,,,,,,,,,,,,,,,,,,,,,,,,,,,,,,,,,,,,,,,,,,,,,,,,,,,,,,,,,,
1905,6,190.0,50.0,,,,,,,,,,,,,,,,,,,,,,,,,,,,,,,,,,,,,,,,2.6,2.6,2.6,2.6,1,0.0,20,1.0,0.6,0.4,-2.6,-2.6,-2.6,-2.6,1,0.0,20,1.0,0.6,0.4,0.0,0.0,0.0,0.0,1,0.0,20,1.0,0.6,0.4,1006.7,1006.7,1006.7,1006.7,1,0.0,20,1.0,0.6,0.4,,,,,,,,,,,,,,,,,,,,,,,,,,,,,,,,,,,,,,,,,,,,,,,,,,,,,,,,,,,,,,,,,,,,,,,,,,,,,,,,,,,,,,,,,,,,,,,,,,,,,,,,,,,,,,,,,,,,,,,,,,,,,,,,,,,,,,,,,,,,,,,,,,,,,,
1905,6,192.0,-38.0,,,,,,,,,,,,,,,,,,,,,,,,,,,,,,,,,,,,,,,,15.4,15.4,15.4,15.4,1,0.0,8,1.0,0.8,0.8,6.02,6.02,6.02,6.02,1,0.0,8,1.0,0.8,0.8,14.18,14.18,14.18,14.18,1,0.0,8,1.0,0.8,0.8,1011.03,1011.75,1012.47,1011.75,2,1.48,8,1.0,0.8,0.5,,,,,,,,,,,,,,,,,,,,,,,,,,,,,,,,,,,,,,,,,,,,,,,,,,,,,,,,,,,,,,,,,,,,,,,,,,,,,,,,,,,,,,,,,,,,,,,,,,,,,,,,,,,,,,,,,,,,,,,,,,,,,,,,,,,,,,,,,,,,,,,,,,,,,,
1905,6,192.0,46.0,,,,,,,,,,,,,,,,,,,,,,,,,,,,,,,,,,,,,,,,6.7,6.7,6.7,6.7,1,0.0,4,1.0,0.3,0.3,4.74,4.74,4.74,4.74,1,0.0,4,1.0,0.3,0.3,-4.74,-4.74,-4.74,-4.74,1,0.0,4,1.0,0.3,0.3,1008.8,1008.8,1008.8,1008.8,1,0.0,4,1.0,0.3,0.3,,,,,,,,,,,,,,,,,,,,,,,,,,,,,,,,,,,,,,,,,,,,,,,,,,,,,,,,,,,,,,,,,,,,,,,,,,,,,,,,,,,,,,,,,,,,,,,,,,,,,,,,,,,,,,,,,,,,,,,,,,,,,,,,,,,,,,,,,,,,,,,,,,,,,,
1905,6,192.0,48.0,,,,,,,,,,,,,,,,,,,,,,,,,,,,,,,,,,,,,,,,3.25,4.65,6.05,4.65,2,2.9,16,1.0,0.8,0.0,-5.61,-4.31,-3.01,-4.31,2,2.69,16,1.0,0.8,0.0,-2.27,-1.74,-1.22,-1.74,2,1.09,16,1.0,0.8,0.0,1014.32,1015.0,1015.68,1015.0,2,1.41,16,1.0,0.8,0.0,,,,,,,,,,,,,,,,,,,,,,,,,,,,,,,,,,,,,,,,,,,,,,,,,,,,,,,,,,,,,,,,,,,,,,,,,,,,,,,,,,,,,,,,,,,,,,,,,,,,,,,,,,,,,,,,,,,,,,,,,,,,,,,,,,,,,,,,,,,,,,,,,,,,,,
1905,6,192.0,50.0,,,,,,,,,,,,,,,,,,,,,,,,,,,,,,,,,,,,,,,,2.92,3.6,4.28,3.6,2,1.41,20,1.0,0.6,0.4,-2.9,-2.78,-2.66,-2.78,2,0.25,20,1.0,0.6,0.4,0.56,1.76,2.96,1.76,2,2.49,20,1.0,0.6,0.4,1012.43,1013.15,1013.87,1013.15,2,1.48,20,1.0,0.6,0.4,,,,,,,,,,,,,,,,,,,,,,,,,,,,,,,,,,,,,,,,,,,,,,,,,,,,,,,,,,,,,,,,,,,,,,,,,,,,,,,,,,,,,,,,,,,,,,,,,,,,,,,,,,,,,,,,,,,,,,,,,,,,,,,,,,,,,,,,,,,,,,,,,,,,,,
1905,6,194.0,-42.0,,,,,,,,,,,,,,,,,,,,,,,,,,,,,,,,,,,,,,,,12.3,12.3,12.3,12.3,1,0.0,22,1.0,0.8,0.8,8.7,8.7,8.7,8.7,1,0.0,22,1.0,0.8,0.8,8.7,8.7,8.7,8.7,1,0.0,22,1.0,0.8,0.8,1008.7,1008.7,1008.7,1008.7,1,0.0,22,1.0,0.8,0.8,,,,,,,,,,,,,,,,,,,,,,,,,,,,,,,,,,,,,,,,,,,,,,,,,,,,,,,,,,,,,,,,,,,,,,,,,,,,,,,,,,,,,,,,,,,,,,,,,,,,,,,,,,,,,,,,,,,,,,,,,,,,,,,,,,,,,,,,,,,,,,,,,,,,,,
1905,6,194.0,46.0,,,,,,,,,,,,,,,,,,,,,,,,,,,,,,,,,,,,,,,,6.7,6.7,6.7,6.7,1,0.0,4,1.0,0.8,0.8,6.21,6.21,6.21,6.21,1,0.0,4,1.0,0.8,0.8,2.51,2.51,2.51,2.51,1,0.0,4,1.0,0.8,0.8,1013.53,1017.9,1018.1,1015.87,3,3.78,10,1.0,0.9,0.8,,,,,,,,,,,,,,,,,,,,,,,,,,,,,,,,,,,,,,,,,,,,,,,,,,,,,,,,,,,,,,,,,,,,,,,,,,,,,,,,,,,,,,,,,,,,,,,,,,,,,,,,,,,,,,,,,,,,,,,,,,,,,,,,,,,,,,,,,,,,,,,,,,,,,,
1905,6,194.0,48.0,,,,,,,,,,,,,,,,,,,,,,,,,,,,,,,,,,,,,,,,5.27,6.7,8.47,6.87,3,2.35,16,0.7,0.8,0.0,-4.0,-3.48,-2.89,-3.45,3,0.81,16,0.7,0.8,0.0,-3.64,1.8,6.46,1.42,3,7.4,16,0.7,0.8,0.0,1007.86,1015.3,1017.77,1013.7,10,4.75,14,0.6,0.8,0.3,,,,,,,,,,,,,,,,,,,,,,,,,,,,,,,,,,,,,,,,,,,,,,,,,,,,,,,,,,,,,,,,,,,,,,,,,,,,,,,,,,,,,,,,,,,,,,,,,,,,,,,,,,,,,,,,,,,,,,,,,,,,,,,,,,,,,,,,,,,,,,,,,,,,,,
1905,6,194.0,50.0,,,,,,,,,,,,,,,,,,,,,,,,,,,,,,,,,,,,,,,,2.6,2.6,2.6,2.6,1,0.0,20,1.0,0.6,0.4,-1.67,-1.67,-1.67,-1.67,1,0.0,20,1.0,0.6,0.4,1.99,1.99,1.99,1.99,1,0.0,20,1.0,0.6,0.4,1006.0,1007.7,1010.17,1008.43,9,3.59,14,0.9,0.4,0.5,,,,,,,,,,,,,,,,,,,,,,,,,,,,,,,,,,,,,,,,,,,,,,,,,,,,,,,,,,,,,,,,,,,,,,,,,,,,,,,,,,,,,,,,,,,,,,,,,,,,,,,,,,,,,,,,,,,,,,,,,,,,,,,,,,,,,,,,,,,,,,,,,,,,,,
1905,6,196.0,-40.0,,,,,,,,,,,,,,,,,,,,,,,,,,,,,,,,,,,,,,,,12.3,12.3,12.3,12.3,1,0.0,8,1.0,0.3,0.8,11.4,11.4,11.4,11.4,1,0.0,8,1.0,0.3,0.8,4.61,4.61,4.61,4.61,1,0.0,8,1.0,0.3,0.8,1008.2,1008.2,1008.2,1008.2,1,0.0,8,1.0,0.3,0.8,,,,,,,,,,,,,,,,,,,,,,,,,,,,,,,,,,,,,,,,,,,,,,,,,,,,,,,,,,,,,,,,,,,,,,,,,,,,,,,,,,,,,,,,,,,,,,,,,,,,,,,,,,,,,,,,,,,,,,,,,,,,,,,,,,,,,,,,,,,,,,,,,,,,,,
1905,6,196.0,-38.0,,,,,,,,,,,,,,,,,,,,,,,,,,,,,,,,,,,,,,,,6.7,6.7,6.7,6.7,1,0.0,8,1.0,0.8,0.8,6.7,6.7,6.7,6.7,1,0.0,8,1.0,0.8,0.8,0.0,0.0,0.0,0.0,1,0.0,8,1.0,0.8,0.8,1012.6,1012.6,1012.6,1012.6,1,0.0,8,1.0,0.8,0.8,,,,,,,,,,,,,,,,,,,,,,,,,,,,,,,,,,,,,,,,,,,,,,,,,,,,,,,,,,,,,,,,,,,,,,,,,,,,,,,,,,,,,,,,,,,,,,,,,,,,,,,,,,,,,,,,,,,,,,,,,,,,,,,,,,,,,,,,,,,,,,,,,,,,,,
1905,6,196.0,48.0,,,,,,,,,,,,,,,,,,,,,,,,,,,,,,,,,,,,,,,,12.3,12.3,12.3,12.3,2,0.0,16,1.0,0.6,0.6,0.76,2.4,4.04,2.4,2,3.4,16,1.0,0.6,0.6,11.48,11.81,12.14,11.81,2,0.69,16,1.0,0.6,0.6,1007.57,1008.15,1008.73,1008.15,2,1.2,16,1.0,0.6,0.6,,,,,,,,,,,,,,,,,,,,,,,,,,,,,,,,,,,,,,,,,,,,,,,,,,,,,,,,,,,,,,,,,,,,,,,,,,,,,,,,,,,,,,,,,,,,,,,,,,,,,,,,,,,,,,,,,,,,,,,,,,,,,,,,,,,,,,,,,,,,,,,,,,,,,,
1905,6,196.0,50.0,,,,,,,,,,,,,,,,,,,,,,,,,,,,,,,,,,,,,,,,3.25,4.65,6.05,4.65,2,2.9,20,0.5,0.7,0.4,3.05,4.37,5.68,4.37,2,2.72,20,0.5,0.7,0.4,1.11,1.59,2.07,1.59,2,0.99,20,0.5,0.7,0.4,1017.6,1017.6,1017.6,1017.6,2,0.0,20,0.5,0.7,0.4,,,,,,,,,,,,,,,,,,,,,,,,,,,,,,,,,,,,,,,,,,,,,,,,,,,,,,,,,,,,,,,,,,,,,,,,,,,,,,,,,,,,,,,,,,,,,,,,,,,,,,,,,,,,,,,,,,,,,,,,,,,,,,,,,,,,,,,,,,,,,,,,,,,,,,
1905,6,198.0,46.0,,,,,,,,,,,,,,,,,,,,,,,,,,,,,,,,,,,,,,,,3.25,4.65,6.05,4.65,2,2.9,6,1.0,0.5,0.8,3.01,4.31,5.61,4.31,2,2.69,6,1.0,0.5,0.8,1.22,1.74,2.27,1.74,2,1.09,6,1.0,0.5,0.8,1008.47,1009.9,1011.33,1009.9,2,2.97,6,1.0,0.5,0.8,,,,,,,,,,,,,,,,,,,,,,,,,,,,,,,,,,,,,,,,,,,,,,,,,,,,,,,,,,,,,,,,,,,,,,,,,,,,,,,,,,,,,,,,,,,,,,,,,,,,,,,,,,,,,,,,,,,,,,,,,,,,,,,,,,,,,,,,,,,,,,,,,,,,,,
1905,6,198.0,48.0,,,,,,,,,,,,,,,,,,,,,,,,,,,,,,,,,,,,,,,,15.4,15.4,15.4,15.4,1,0.0,16,0.0,1.0,0.5,10.89,10.89,10.89,10.89,1,0.0,16,0.0,1.0,0.5,10.89,10.89,10.89,10.89,1,0.0,16,0.0,1.0,0.5,1013.48,1014.5,1015.52,1014.5,2,2.12,16,0.0,0.8,0.5,,,,,,,,,,,,,,,,,,,,,,,,,,,,,,,,,,,,,,,,,,,,,,,,,,,,,,,,,,,,,,,,,,,,,,,,,,,,,,,,,,,,,,,,,,,,,,,,,,,,,,,,,,,,,,,,,,,,,,,,,,,,,,,,,,,,,,,,,,,,,,,,,,,,,,
1905,6,198.0,50.0,,,,,,,,,,,,,,,,,,,,,,,,,,,,,,,,,,,,,,,,4.6,4.6,4.6,4.6,1,0.0,20,0.0,0.5,0.4,4.32,4.32,4.32,4.32,1,0.0,20,0.0,0.5,0.4,1.57,1.57,1.57,1.57,1,0.0,20,0.0,0.5,0.4,1017.6,1017.6,1017.6,1017.6,1,0.0,20,0.0,0.5,0.4,,,,,,,,,,,,,,,,,,,,,,,,,,,,,,,,,,,,,,,,,,,,,,,,,,,,,,,,,,,,,,,,,,,,,,,,,,,,,,,,,,,,,,,,,,,,,,,,,,,,,,,,,,,,,,,,,,,,,,,,,,,,,,,,,,,,,,,,,,,,,,,,,,,,,,
1905,6,200.0,-40.0,,,,,,,,,,,,,,,,,,,,,,,,,,,,,,,,,,,,,,,,15.4,15.4,15.4,15.4,1,0.0,10,1.0,0.3,0.3,5.77,5.77,5.77,5.77,1,0.0,10,1.0,0.3,0.3,-14.28,-14.28,-14.28,-14.28,1,0.0,10,1.0,0.3,0.3,985.3,985.3,985.3,985.3,1,0.0,10,1.0,0.3,0.3,,,,,,,,,,,,,,,,,,,,,,,,,,,,,,,,,,,,,,,,,,,,,,,,,,,,,,,,,,,,,,,,,,,,,,,,,,,,,,,,,,,,,,,,,,,,,,,,,,,,,,,,,,,,,,,,,,,,,,,,,,,,,,,,,,,,,,,,,,,,,,,,,,,,,,
1905,6,200.0,48.0,,,,,,,,,,,,,,,,,,,,,,,,,,,,,,,,,,,,,,,,3.66,5.95,8.24,5.95,2,4.74,16,1.0,0.8,0.5,1.9,3.8,5.69,3.8,2,3.93,16,1.0,0.8,0.5,3.06,4.48,5.91,4.48,2,2.96,16,1.0,0.8,0.5,1024.63,1026.0,1027.37,1026.0,2,2.83,16,1.0,0.8,0.5,,,,,,,,,,,,,,,,,,,,,,,,,,,,,,,,,,,,,,,,,,,,,,,,,,,,,,,,,,,,,,,,,,,,,,,,,,,,,,,,,,,,,,,,,,,,,,,,,,,,,,,,,,,,,,,,,,,,,,,,,,,,,,,,,,,,,,,,,,,,,,,,,,,,,,
1905,6,200.0,50.0,,,,,,,,,,,,,,,,,,,,,,,,,,,,,,,,,,,,,,,,4.6,4.6,4.6,4.6,2,0.0,18,1.0,0.4,0.4,4.32,4.32,4.32,4.32,2,0.0,18,1.0,0.4,0.4,1.57,1.57,1.57,1.57,2,0.0,18,1.0,0.4,0.4,1016.95,1017.05,1017.15,1017.05,2,0.21,18,1.0,0.4,0.4,,,,,,,,,,,,,,,,,,,,,,,,,,,,,,,,,,,,,,,,,,,,,,,,,,,,,,,,,,,,,,,,,,,,,,,,,,,,,,,,,,,,,,,,,,,,,,,,,,,,,,,,,,,,,,,,,,,,,,,,,,,,,,,,,,,,,,,,,,,,,,,,,,,,,,
1905,6,202.0,-40.0,,,,,,,,,,,,,,,,,,,,,,,,,,,,,,,,,,,,,,,,9.3,9.3,9.3,9.3,1,0.0,10,1.0,0.8,0.3,0.0,0.0,0.0,0.0,1,0.0,10,1.0,0.8,0.3,9.3,9.3,9.3,9.3,1,0.0,10,1.0,0.8,0.3,987.8,987.8,987.8,987.8,1,0.0,10,1.0,0.8,0.3,,,,,,,,,,,,,,,,,,,,,,,,,,,,,,,,,,,,,,,,,,,,,,,,,,,,,,,,,,,,,,,,,,,,,,,,,,,,,,,,,,,,,,,,,,,,,,,,,,,,,,,,,,,,,,,,,,,,,,,,,,,,,,,,,,,,,,,,,,,,,,,,,,,,,,
1905,6,202.0,16.0,,,,,,,,,,,,,,,,,,,,,,,,,,,,,,,,,,,,,,,,5.35,6.95,8.55,6.95,2,3.32,26,1.0,0.8,0.5,-6.26,-5.59,-4.91,-5.59,2,1.4,26,1.0,0.8,0.5,-5.53,-3.29,-1.04,-3.29,2,4.65,26,1.0,0.8,0.5,1014.01,1015.1,1016.19,1015.1,2,2.26,26,1.0,0.8,0.5,,,,,,,,,,,,,,,,,,,,,,,,,,,,,,,,,,,,,,,,,,,,,,,,,,,,,,,,,,,,,,,,,,,,,,,,,,,,,,,,,,,,,,,,,,,,,,,,,,,,,,,,,,,,,,,,,,,,,,,,,,,,,,,,,,,,,,,,,,,,,,,,,,,,,,
1905,6,202.0,20.0,,,,,,,,,,,,,,,,,,,,,,,,,,,,,,,,,,,,,,,,7.19,8.25,9.31,8.25,2,2.19,16,0.5,0.3,0.8,-6.89,-6.81,-6.74,-6.81,2,0.16,16,0.5,0.3,0.8,-5.83,-3.46,-1.1,-3.46,2,4.9,16,0.5,0.3,0.8,1015.24,1016.3,1016.76,1016.1,25,0.79,2,0.5,0.0,0.7,,,,,,,,,,,,,,,,,,,,,,,,,,,,,,,,,,,,,,,,,,,,,,,,,,,,,,,,,,,,,,,,,,,,,,,,,,,,,,,,,,,,,,,,,,,,,,,,,,,,,,,,,,,,,,,,,,,,,,,,,,,,,,,,,,,,,,,,,,,,,,,,,,,,,,
1905,6,202.0,46.0,,,,,,,,,,,,,,,,,,,,,,,,,,,,,,,,,,,,,,,,6.7,6.7,6.7,6.7,1,0.0,8,1.0,0.3,0.8,6.7,6.7,6.7,6.7,1,0.0,8,1.0,0.3,0.8,0.0,0.0,0.0,0.0,1,0.0,8,1.0,0.3,0.8,1012.6,1012.6,1012.6,1012.6,1,0.0,8,1.0,0.3,0.8,,,,,,,,,,,,,,,,,,,,,,,,,,,,,,,,,,,,,,,,,,,,,,,,,,,,,,,,,,,,,,,,,,,,,,,,,,,,,,,,,,,,,,,,,,,,,,,,,,,,,,,,,,,,,,,,,,,,,,,,,,,,,,,,,,,,,,,,,,,,,,,,,,,,,,
1905,6,202.0,48.0,,,,,,,,,,,,,,,,,,,,,,,,,,,,,,,,,,,,,,,,2.6,2.6,2.6,2.6,2,0.0,16,1.0,0.6,0.6,0.16,0.51,0.85,0.51,2,0.72,16,1.0,0.6,0.6,2.43,2.5,2.57,2.5,2,0.15,16,1.0,0.6,0.6,1029.75,1029.85,1029.95,1029.85,2,0.21,16,1.0,0.6,0.6,,,,,,,,,,,,,,,,,,,,,,,,,,,,,,,,,,,,,,,,,,,,,,,,,,,,,,,,,,,,,,,,,,,,,,,,,,,,,,,,,,,,,,,,,,,,,,,,,,,,,,,,,,,,,,,,,,,,,,,,,,,,,,,,,,,,,,,,,,,,,,,,,,,,,,
1905,6,202.0,50.0,,,,,,,,,,,,,,,,,,,,,,,,,,,,,,,,,,,,,,,,4.6,4.6,4.6,4.6,1,0.0,18,1.0,0.5,0.3,4.32,4.32,4.32,4.32,1,0.0,18,1.0,0.5,0.3,1.57,1.57,1.57,1.57,1,0.0,18,1.0,0.5,0.3,1015.9,1015.9,1015.9,1015.9,1,0.0,18,1.0,0.5,0.3,,,,,,,,,,,,,,,,,,,,,,,,,,,,,,,,,,,,,,,,,,,,,,,,,,,,,,,,,,,,,,,,,,,,,,,,,,,,,,,,,,,,,,,,,,,,,,,,,,,,,,,,,,,,,,,,,,,,,,,,,,,,,,,,,,,,,,,,,,,,,,,,,,,,,,
1905,6,204.0,6.0,,,,,,,,,,,,,,,,,,,,,,,,,,,,,,,,,,,,,,,,4.6,4.6,4.6,4.6,1,0.0,24,1.0,0.8,0.8,-4.6,-4.6,-4.6,-4.6,1,0.0,24,1.0,0.8,0.8,0.0,0.0,0.0,0.0,1,0.0,24,1.0,0.8,0.8,1009.9,1009.9,1009.9,1009.9,1,0.0,24,1.0,0.8,0.8,,,,,,,,,,,,,,,,,,,,,,,,,,,,,,,,,,,,,,,,,,,,,,,,,,,,,,,,,,,,,,,,,,,,,,,,,,,,,,,,,,,,,,,,,,,,,,,,,,,,,,,,,,,,,,,,,,,,,,,,,,,,,,,,,,,,,,,,,,,,,,,,,,,,,,
1905,6,204.0,10.0,,,,,,,,,,,,,,,,,,,,,,,,,,,,,,,,,,,,,,,,6.7,6.7,6.7,6.7,1,0.0,22,1.0,0.8,0.8,-6.21,-6.21,-6.21,-6.21,1,0.0,22,1.0,0.8,0.8,-2.51,-2.51,-2.51,-2.51,1,0.0,22,1.0,0.8,0.8,1009.9,1009.9,1009.9,1009.9,1,0.0,22,1.0,0.8,0.8,,,,,,,,,,,,,,,,,,,,,,,,,,,,,,,,,,,,,,,,,,,,,,,,,,,,,,,,,,,,,,,,,,,,,,,,,,,,,,,,,,,,,,,,,,,,,,,,,,,,,,,,,,,,,,,,,,,,,,,,,,,,,,,,,,,,,,,,,,,,,,,,,,,,,,
1905,6,204.0,12.0,,,,,,,,,,,,,,,,,,,,,,,,,,,,,,,,,,,,,,,,6.7,6.7,6.7,6.7,1,0.0,22,1.0,0.3,0.8,-4.74,-4.74,-4.74,-4.74,1,0.0,22,1.0,0.3,0.8,-4.74,-4.74,-4.74,-4.74,1,0.0,22,1.0,0.3,0.8,1012.0,1012.0,1012.0,1012.0,1,0.0,22,1.0,0.3,0.8,,,,,,,,,,,,,,,,,,,,,,,,,,,,,,,,,,,,,,,,,,,,,,,,,,,,,,,,,,,,,,,,,,,,,,,,,,,,,,,,,,,,,,,,,,,,,,,,,,,,,,,,,,,,,,,,,,,,,,,,,,,,,,,,,,,,,,,,,,,,,,,,,,,,,,
1905,6,204.0,16.0,,,,,,,,,,,,,,,,,,,,,,,,,,,,,,,,,,,,,,,,4.6,4.6,4.6,4.6,1,0.0,30,1.0,0.8,0.8,-3.25,-3.25,-3.25,-3.25,1,0.0,30,1.0,0.8,0.8,-3.25,-3.25,-3.25,-3.25,1,0.0,30,1.0,0.8,0.8,1018.0,1018.0,1018.0,1018.0,1,0.0,30,1.0,0.8,0.8,,,,,,,,,,,,,,,,,,,,,,,,,,,,,,,,,,,,,,,,,,,,,,,,,,,,,,,,,,,,,,,,,,,,,,,,,,,,,,,,,,,,,,,,,,,,,,,,,,,,,,,,,,,,,,,,,,,,,,,,,,,,,,,,,,,,,,,,,,,,,,,,,,,,,,
1905,6,204.0,48.0,,,,,,,,,,,,,,,,,,,,,,,,,,,,,,,,,,,,,,,,4.93,5.65,6.37,5.65,2,1.48,18,0.5,0.8,0.5,0.0,0.0,0.0,0.0,2,0.0,18,0.5,0.8,0.5,4.93,5.65,6.37,5.65,2,1.48,18,0.5,0.8,0.5,1030.16,1030.5,1030.84,1030.5,2,0.71,18,0.5,0.8,0.5,,,,,,,,,,,,,,,,,,,,,,,,,,,,,,,,,,,,,,,,,,,,,,,,,,,,,,,,,,,,,,,,,,,,,,,,,,,,,,,,,,,,,,,,,,,,,,,,,,,,,,,,,,,,,,,,,,,,,,,,,,,,,,,,,,,,,,,,,,,,,,,,,,,,,,
1905,6,204.0,50.0,,,,,,,,,,,,,,,,,,,,,,,,,,,,,,,,,,,,,,,,6.7,6.7,6.7,6.7,2,0.0,18,0.0,0.3,0.3,-2.29,-2.29,-2.29,-2.29,2,0.0,18,0.0,0.3,0.3,6.3,6.3,6.3,6.3,2,0.0,18,0.0,0.3,0.3,1017.74,1018.9,1020.06,1018.9,2,2.4,18,0.0,0.3,0.3,,,,,,,,,,,,,,,,,,,,,,,,,,,,,,,,,,,,,,,,,,,,,,,,,,,,,,,,,,,,,,,,,,,,,,,,,,,,,,,,,,,,,,,,,,,,,,,,,,,,,,,,,,,,,,,,,,,,,,,,,,,,,,,,,,,,,,,,,,,,,,,,,,,,,,
1905,6,206.0,-42.0,,,,,,,,,,,,,,,,,,,,,,,,,,,,,,,,,,,,,,,,9.78,10.8,11.82,10.8,2,2.12,18,1.0,0.5,0.5,1.38,4.35,7.32,4.35,2,6.15,18,1.0,0.5,0.5,8.79,9.0,9.2,9.0,2,0.43,18,1.0,0.5,0.5,995.52,1003.3,1011.08,1003.3,2,16.12,18,1.0,0.5,0.5,,,,,,,,,,,,,,,,,,,,,,,,,,,,,,,,,,,,,,,,,,,,,,,,,,,,,,,,,,,,,,,,,,,,,,,,,,,,,,,,,,,,,,,,,,,,,,,,,,,,,,,,,,,,,,,,,,,,,,,,,,,,,,,,,,,,,,,,,,,,,,,,,,,,,,
1905,6,206.0,4.0,,,,,,,,,,,,,,,,,,,,,,,,,,,,,,,,,,,,,,,,6.7,6.7,6.7,6.7,1,0.0,26,1.0,0.3,0.3,-6.21,-6.21,-6.21,-6.21,1,0.0,26,1.0,0.3,0.3,-2.51,-2.51,-2.51,-2.51,1,0.0,26,1.0,0.3,0.3,1008.8,1008.8,1008.8,1008.8,1,0.0,26,1.0,0.3,0.3,,,,,,,,,,,,,,,,,,,,,,,,,,,,,,,,,,,,,,,,,,,,,,,,,,,,,,,,,,,,,,,,,,,,,,,,,,,,,,,,,,,,,,,,,,,,,,,,,,,,,,,,,,,,,,,,,,,,,,,,,,,,,,,,,,,,,,,,,,,,,,,,,,,,,,
1905,6,206.0,8.0,,,,,,,,,,,,,,,,,,,,,,,,,,,,,,,,,,,,,,,,4.6,4.6,4.6,4.6,1,0.0,24,1.0,0.3,0.8,-4.6,-4.6,-4.6,-4.6,1,0.0,24,1.0,0.3,0.8,0.0,0.0,0.0,0.0,1,0.0,24,1.0,0.3,0.8,1007.9,1007.9,1007.9,1007.9,1,0.0,24,1.0,0.3,0.8,,,,,,,,,,,,,,,,,,,,,,,,,,,,,,,,,,,,,,,,,,,,,,,,,,,,,,,,,,,,,,,,,,,,,,,,,,,,,,,,,,,,,,,,,,,,,,,,,,,,,,,,,,,,,,,,,,,,,,,,,,,,,,,,,,,,,,,,,,,,,,,,,,,,,,
1905,6,206.0,18.0,,,,,,,,,,,,,,,,,,,,,,,,,,,,,,,,,,,,,,,,4.6,4.6,4.6,4.6,1,0.0,28,1.0,0.8,0.3,-4.6,-4.6,-4.6,-4.6,1,0.0,28,1.0,0.8,0.3,0.0,0.0,0.0,0.0,1,0.0,28,1.0,0.8,0.3,1016.4,1016.4,1016.4,1016.4,1,0.0,28,1.0,0.8,0.3,,,,,,,,,,,,,,,,,,,,,,,,,,,,,,,,,,,,,,,,,,,,,,,,,,,,,,,,,,,,,,,,,,,,,,,,,,,,,,,,,,,,,,,,,,,,,,,,,,,,,,,,,,,,,,,,,,,,,,,,,,,,,,,,,,,,,,,,,,,,,,,,,,,,,,
1905,6,206.0,48.0,,,,,,,,,,,,,,,,,,,,,,,,,,,,,,,,,,,,,,,,5.27,6.7,6.7,6.0,3,1.21,14,0.7,0.6,0.4,0.0,0.0,1.79,0.87,3,1.51,14,0.7,0.6,0.4,5.1,6.17,6.53,5.82,3,1.09,14,0.7,0.6,0.4,1023.31,1030.0,1030.0,1026.73,3,5.66,14,0.7,0.6,0.4,,,,,,,,,,,,,,,,,,,,,,,,,,,,,,,,,,,,,,,,,,,,,,,,,,,,,,,,,,,,,,,,,,,,,,,,,,,,,,,,,,,,,,,,,,,,,,,,,,,,,,,,,,,,,,,,,,,,,,,,,,,,,,,,,,,,,,,,,,,,,,,,,,,,,,
1905,6,206.0,50.0,,,,,,,,,,,,,,,,,,,,,,,,,,,,,,,,,,,,,,,,4.6,4.6,4.6,4.6,2,0.0,18,1.0,0.5,0.3,-1.57,-1.57,-1.57,-1.57,2,0.0,18,1.0,0.5,0.3,4.32,4.32,4.32,4.32,2,0.0,18,1.0,0.5,0.3,1021.54,1022.7,1023.86,1022.7,2,2.4,18,1.0,0.5,0.3,,,,,,,,,,,,,,,,,,,,,,,,,,,,,,,,,,,,,,,,,,,,,,,,,,,,,,,,,,,,,,,,,,,,,,,,,,,,,,,,,,,,,,,,,,,,,,,,,,,,,,,,,,,,,,,,,,,,,,,,,,,,,,,,,,,,,,,,,,,,,,,,,,,,,,
1905,6,208.0,-42.0,,,,,,,,,,,,,,,,,,,,,,,,,,,,,,,,,,,,,,,,4.6,4.6,4.6,4.6,1,0.0,26,1.0,0.8,0.8,-1.72,-1.72,-1.72,-1.72,1,0.0,26,1.0,0.8,0.8,4.27,4.27,4.27,4.27,1,0.0,26,1.0,0.8,0.8,1018.4,1018.4,1018.4,1018.4,1,0.0,26,1.0,0.8,0.8,,,,,,,,,,,,,,,,,,,,,,,,,,,,,,,,,,,,,,,,,,,,,,,,,,,,,,,,,,,,,,,,,,,,,,,,,,,,,,,,,,,,,,,,,,,,,,,,,,,,,,,,,,,,,,,,,,,,,,,,,,,,,,,,,,,,,,,,,,,,,,,,,,,,,,
1905,6,208.0,-6.0,,,,,,,,,,,,,,,,,,,,,,,,,,,,,,,,,,,,,,,,4.6,4.6,4.6,4.6,1,0.0,30,1.0,0.8,0.3,-4.6,-4.6,-4.6,-4.6,1,0.0,30,1.0,0.8,0.3,0.0,0.0,0.0,0.0,1,0.0,30,1.0,0.8,0.3,1009.5,1009.5,1009.5,1009.5,1,0.0,30,1.0,0.8,0.3,,,,,,,,,,,,,,,,,,,,,,,,,,,,,,,,,,,,,,,,,,,,,,,,,,,,,,,,,,,,,,,,,,,,,,,,,,,,,,,,,,,,,,,,,,,,,,,,,,,,,,,,,,,,,,,,,,,,,,,,,,,,,,,,,,,,,,,,,,,,,,,,,,,,,,
1905,6,208.0,-4.0,,,,,,,,,,,,,,,,,,,,,,,,,,,,,,,,,,,,,,,,4.6,4.6,4.6,4.6,1,0.0,30,1.0,0.8,0.3,-4.6,-4.6,-4.6,-4.6,1,0.0,30,1.0,0.8,0.3,0.0,0.0,0.0,0.0,1,0.0,30,1.0,0.8,0.3,1009.77,1010.15,1010.53,1010.15,2,0.78,28,1.0,0.8,0.5,,,,,,,,,,,,,,,,,,,,,,,,,,,,,,,,,,,,,,,,,,,,,,,,,,,,,,,,,,,,,,,,,,,,,,,,,,,,,,,,,,,,,,,,,,,,,,,,,,,,,,,,,,,,,,,,,,,,,,,,,,,,,,,,,,,,,,,,,,,,,,,,,,,,,,
1905,6,208.0,-2.0,,,,,,,,,,,,,,,,,,,,,,,,,,,,,,,,,,,,,,,,4.6,4.6,4.6,4.6,1,0.0,28,1.0,0.3,0.8,-4.23,-4.23,-4.23,-4.23,1,0.0,28,1.0,0.3,0.8,1.8,1.8,1.8,1.8,1,0.0,28,1.0,0.3,0.8,1008.3,1008.3,1008.3,1008.3,1,0.0,28,1.0,0.3,0.8,,,,,,,,,,,,,,,,,,,,,,,,,,,,,,,,,,,,,,,,,,,,,,,,,,,,,,,,,,,,,,,,,,,,,,,,,,,,,,,,,,,,,,,,,,,,,,,,,,,,,,,,,,,,,,,,,,,,,,,,,,,,,,,,,,,,,,,,,,,,,,,,,,,,,,
1905,6,208.0,0.0,,,,,,,,,,,,,,,,,,,,,,,,,,,,,,,,,,,,,,,,4.6,4.6,4.6,4.6,1,0.0,28,1.0,0.5,0.0,-4.23,-4.23,-4.23,-4.23,1,0.0,28,1.0,0.5,0.0,1.8,1.8,1.8,1.8,1,0.0,28,1.0,0.5,0.0,1008.0,1008.0,1008.0,1008.0,1,0.0,28,1.0,0.5,0.0,,,,,,,,,,,,,,,,,,,,,,,,,,,,,,,,,,,,,,,,,,,,,,,,,,,,,,,,,,,,,,,,,,,,,,,,,,,,,,,,,,,,,,,,,,,,,,,,,,,,,,,,,,,,,,,,,,,,,,,,,,,,,,,,,,,,,,,,,,,,,,,,,,,,,,
1905,6,208.0,18.0,,,,,,,,,,,,,,,,,,,,,,,,,,,,,,,,,,,,,,,,4.6,4.6,4.6,4.6,1,0.0,28,1.0,0.8,0.8,-3.25,-3.25,-3.25,-3.25,1,0.0,28,1.0,0.8,0.8,-3.25,-3.25,-3.25,-3.25,1,0.0,28,1.0,0.8,0.8,1016.7,1016.7,1016.7,1016.7,1,0.0,28,1.0,0.8,0.8,,,,,,,,,,,,,,,,,,,,,,,,,,,,,,,,,,,,,,,,,,,,,,,,,,,,,,,,,,,,,,,,,,,,,,,,,,,,,,,,,,,,,,,,,,,,,,,,,,,,,,,,,,,,,,,,,,,,,,,,,,,,,,,,,,,,,,,,,,,,,,,,,,,,,,
1905,6,208.0,48.0,,,,,,,,,,,,,,,,,,,,,,,,,,,,,,,,,,,,,,,,4.6,4.6,4.6,4.6,1,0.0,18,1.0,0.3,0.8,0.0,0.0,0.0,0.0,1,0.0,18,1.0,0.3,0.8,4.6,4.6,4.6,4.6,1,0.0,18,1.0,0.3,0.8,1030.9,1030.9,1030.9,1030.9,1,0.0,18,1.0,0.3,0.8,,,,,,,,,,,,,,,,,,,,,,,,,,,,,,,,,,,,,,,,,,,,,,,,,,,,,,,,,,,,,,,,,,,,,,,,,,,,,,,,,,,,,,,,,,,,,,,,,,,,,,,,,,,,,,,,,,,,,,,,,,,,,,,,,,,,,,,,,,,,,,,,,,,,,,
1905,6,208.0,50.0,,,,,,,,,,,,,,,,,,,,,,,,,,,,,,,,,,,,,,,,4.6,4.6,4.6,4.6,1,0.0,18,1.0,0.3,0.2,0.0,0.0,0.0,0.0,1,0.0,18,1.0,0.3,0.2,4.6,4.6,4.6,4.6,1,0.0,18,1.0,0.3,0.2,1028.1,1028.1,1028.1,1028.1,1,0.0,18,1.0,0.3,0.2,,,,,,,,,,,,,,,,,,,,,,,,,,,,,,,,,,,,,,,,,,,,,,,,,,,,,,,,,,,,,,,,,,,,,,,,,,,,,,,,,,,,,,,,,,,,,,,,,,,,,,,,,,,,,,,,,,,,,,,,,,,,,,,,,,,,,,,,,,,,,,,,,,,,,,
1905,6,210.0,20.0,,,,,,,,,,,,,,,,,,,,,,,,,,,,,,,,,,,,,,,,4.6,4.6,4.6,4.6,1,0.0,26,1.0,0.3,0.3,-3.52,-3.52,-3.52,-3.52,1,0.0,26,1.0,0.3,0.3,-2.96,-2.96,-2.96,-2.96,1,0.0,26,1.0,0.3,0.3,1016.3,1016.3,1016.3,1016.3,1,0.0,26,1.0,0.3,0.3,,,,,,,,,,,,,,,,,,,,,,,,,,,,,,,,,,,,,,,,,,,,,,,,,,,,,,,,,,,,,,,,,,,,,,,,,,,,,,,,,,,,,,,,,,,,,,,,,,,,,,,,,,,,,,,,,,,,,,,,,,,,,,,,,,,,,,,,,,,,,,,,,,,,,,
1905,6,210.0,48.0,,,,,,,,,,,,,,,,,,,,,,,,,,,,,,,,,,,,,,,,5.27,6.7,6.7,6.0,3,1.21,16,0.7,0.6,0.1,0.0,0.0,3.23,1.58,3,2.74,16,0.7,0.6,0.1,4.64,4.74,6.08,5.35,3,1.17,16,0.7,0.6,0.1,1025.25,1029.0,1029.68,1027.5,3,3.5,16,0.7,0.6,0.1,,,,,,,,,,,,,,,,,,,,,,,,,,,,,,,,,,,,,,,,,,,,,,,,,,,,,,,,,,,,,,,,,,,,,,,,,,,,,,,,,,,,,,,,,,,,,,,,,,,,,,,,,,,,,,,,,,,,,,,,,,,,,,,,,,,,,,,,,,,,,,,,,,,,,,
1905,6,210.0,50.0,,,,,,,,,,,,,,,,,,,,,,,,,,,,,,,,,,,,,,,,2.92,3.6,4.28,3.6,2,1.41,18,1.0,0.3,0.1,0.56,1.76,2.96,1.76,2,2.49,18,1.0,0.3,0.1,2.66,2.78,2.9,2.78,2,0.25,18,1.0,0.3,0.1,1031.77,1032.35,1032.93,1032.35,2,1.2,18,1.0,0.3,0.1,,,,,,,,,,,,,,,,,,,,,,,,,,,,,,,,,,,,,,,,,,,,,,,,,,,,,,,,,,,,,,,,,,,,,,,,,,,,,,,,,,,,,,,,,,,,,,,,,,,,,,,,,,,,,,,,,,,,,,,,,,,,,,,,,,,,,,,,,,,,,,,,,,,,,,
1905,6,212.0,-42.0,,,,,,,,,,,,,,,,,,,,,,,,,,,,,,,,,,,,,,,,5.82,8.45,11.08,8.45,2,5.44,20,1.0,0.5,0.5,2.27,3.3,4.33,3.3,2,2.13,20,1.0,0.5,0.5,5.36,7.78,10.2,7.78,2,5.01,20,1.0,0.5,0.5,1004.56,1011.8,1019.04,1011.8,2,14.99,20,1.0,0.5,0.5,,,,,,,,,,,,,,,,,,,,,,,,,,,,,,,,,,,,,,,,,,,,,,,,,,,,,,,,,,,,,,,,,,,,,,,,,,,,,,,,,,,,,,,,,,,,,,,,,,,,,,,,,,,,,,,,,,,,,,,,,,,,,,,,,,,,,,,,,,,,,,,,,,,,,,
1905,6,212.0,-40.0,,,,,,,,,,,,,,,,,,,,,,,,,,,,,,,,,,,,,,,,9.3,9.3,9.3,9.3,1,0.0,12,1.0,0.3,0.8,8.56,8.56,8.56,8.56,1,0.0,12,1.0,0.3,0.8,-3.63,-3.63,-3.63,-3.63,1,0.0,12,1.0,0.3,0.8,994.6,994.6,994.6,994.6,1,0.0,12,1.0,0.3,0.8,,,,,,,,,,,,,,,,,,,,,,,,,,,,,,,,,,,,,,,,,,,,,,,,,,,,,,,,,,,,,,,,,,,,,,,,,,,,,,,,,,,,,,,,,,,,,,,,,,,,,,,,,,,,,,,,,,,,,,,,,,,,,,,,,,,,,,,,,,,,,,,,,,,,,,
1905,6,212.0,20.0,,,,,,,,,,,,,,,,,,,,,,,,,,,,,,,,,,,,,,,,6.7,6.7,6.7,6.7,1,0.0,26,1.0,0.8,0.8,-5.13,-5.13,-5.13,-5.13,1,0.0,26,1.0,0.8,0.8,-4.31,-4.31,-4.31,-4.31,1,0.0,26,1.0,0.8,0.8,1018.0,1018.0,1018.0,1018.0,1,0.0,26,1.0,0.8,0.8,,,,,,,,,,,,,,,,,,,,,,,,,,,,,,,,,,,,,,,,,,,,,,,,,,,,,,,,,,,,,,,,,,,,,,,,,,,,,,,,,,,,,,,,,,,,,,,,,,,,,,,,,,,,,,,,,,,,,,,,,,,,,,,,,,,,,,,,,,,,,,,,,,,,,,
1905,6,212.0,48.0,,,,,,,,,,,,,,,,,,,,,,,,,,,,,,,,,,,,,,,,2.92,3.6,4.28,3.6,2,1.41,18,0.5,0.8,0.0,0.0,0.0,0.0,0.0,2,0.0,18,0.5,0.8,0.0,2.92,3.6,4.28,3.6,2,1.41,18,0.5,0.8,0.0,1029.16,1029.5,1029.84,1029.5,2,0.71,18,0.5,0.8,0.0,,,,,,,,,,,,,,,,,,,,,,,,,,,,,,,,,,,,,,,,,,,,,,,,,,,,,,,,,,,,,,,,,,,,,,,,,,,,,,,,,,,,,,,,,,,,,,,,,,,,,,,,,,,,,,,,,,,,,,,,,,,,,,,,,,,,,,,,,,,,,,,,,,,,,,
1905,6,212.0,50.0,,,,,,,,,,,,,,,,,,,,,,,,,,,,,,,,,,,,,,,,9.3,9.3,9.3,9.3,2,0.0,18,0.0,0.5,0.1,3.81,5.15,6.5,5.15,2,2.79,18,0.0,0.5,0.1,6.42,7.36,8.3,7.36,2,1.95,18,0.0,0.5,0.1,1036.11,1036.55,1036.99,1036.55,2,0.92,18,0.0,0.5,0.1,,,,,,,,,,,,,,,,,,,,,,,,,,,,,,,,,,,,,,,,,,,,,,,,,,,,,,,,,,,,,,,,,,,,,,,,,,,,,,,,,,,,,,,,,,,,,,,,,,,,,,,,,,,,,,,,,,,,,,,,,,,,,,,,,,,,,,,,,,,,,,,,,,,,,,
1905,6,214.0,-42.0,,,,,,,,,,,,,,,,,,,,,,,,,,,,,,,,,,,,,,,,12.3,12.3,12.3,12.3,1,0.0,30,1.0,0.8,0.3,4.61,4.61,4.61,4.61,1,0.0,30,1.0,0.8,0.3,-11.4,-11.4,-11.4,-11.4,1,0.0,30,1.0,0.8,0.3,1011.8,1011.8,1011.8,1011.8,1,0.0,30,1.0,0.8,0.3,,,,,,,,,,,,,,,,,,,,,,,,,,,,,,,,,,,,,,,,,,,,,,,,,,,,,,,,,,,,,,,,,,,,,,,,,,,,,,,,,,,,,,,,,,,,,,,,,,,,,,,,,,,,,,,,,,,,,,,,,,,,,,,,,,,,,,,,,,,,,,,,,,,,,,
1905,6,214.0,48.0,,,,,,,,,,,,,,,,,,,,,,,,,,,,,,,,,,,,,,,,4.93,5.65,6.37,5.65,2,1.48,18,1.0,0.6,0.1,0.0,0.0,0.0,0.0,2,0.0,18,1.0,0.6,0.1,4.93,5.65,6.37,5.65,2,1.48,18,1.0,0.6,0.1,1018.53,1030.0,1030.75,1024.77,3,10.03,16,1.0,0.7,0.2,,,,,,,,,,,,,,,,,,,,,,,,,,,,,,,,,,,,,,,,,,,,,,,,,,,,,,,,,,,,,,,,,,,,,,,,,,,,,,,,,,,,,,,,,,,,,,,,,,,,,,,,,,,,,,,,,,,,,,,,,,,,,,,,,,,,,,,,,,,,,,,,,,,,,,
1905,6,214.0,50.0,,,,,,,,,,,,,,,,,,,,,,,,,,,,,,,,,,,,,,,,4.6,4.6,4.6,4.6,2,0.0,16,1.0,0.6,0.0,3.65,3.92,4.2,3.92,2,0.56,16,1.0,0.6,0.0,1.79,2.27,2.74,2.27,2,0.98,16,1.0,0.6,0.0,1037.26,1037.4,1037.54,1037.4,2,0.28,16,1.0,0.6,0.0,,,,,,,,,,,,,,,,,,,,,,,,,,,,,,,,,,,,,,,,,,,,,,,,,,,,,,,,,,,,,,,,,,,,,,,,,,,,,,,,,,,,,,,,,,,,,,,,,,,,,,,,,,,,,,,,,,,,,,,,,,,,,,,,,,,,,,,,,,,,,,,,,,,,,,
1905,6,216.0,-42.0,,,,,,,,,,,,,,,,,,,,,,,,,,,,,,,,,,,,,,,,12.3,12.3,12.3,12.3,1,0.0,14,1.0,0.8,0.3,4.81,4.81,4.81,4.81,1,0.0,14,1.0,0.8,0.3,11.32,11.32,11.32,11.32,1,0.0,14,1.0,0.8,0.3,998.9,998.9,998.9,998.9,1,0.0,14,1.0,0.8,0.3,,,,,,,,,,,,,,,,,,,,,,,,,,,,,,,,,,,,,,,,,,,,,,,,,,,,,,,,,,,,,,,,,,,,,,,,,,,,,,,,,,,,,,,,,,,,,,,,,,,,,,,,,,,,,,,,,,,,,,,,,,,,,,,,,,,,,,,,,,,,,,,,,,,,,,
1905,6,216.0,48.0,,,,,,,,,,,,,,,,,,,,,,,,,,,,,,,,,,,,,,,,2.6,2.6,2.6,2.6,2,0.0,20,1.0,0.8,0.0,0.0,0.0,0.0,0.0,2,0.0,20,1.0,0.8,0.0,2.6,2.6,2.6,2.6,2,0.0,20,1.0,0.8,0.0,1031.0,1031.0,1031.0,1031.0,2,0.0,20,1.0,0.8,0.0,,,,,,,,,,,,,,,,,,,,,,,,,,,,,,,,,,,,,,,,,,,,,,,,,,,,,,,,,,,,,,,,,,,,,,,,,,,,,,,,,,,,,,,,,,,,,,,,,,,,,,,,,,,,,,,,,,,,,,,,,,,,,,,,,,,,,,,,,,,,,,,,,,,,,,
1905,6,216.0,50.0,,,,,,,,,,,,,,,,,,,,,,,,,,,,,,,,,,,,,,,,2.6,2.6,2.6,2.6,1,0.0,16,1.0,0.6,0.3,1.99,1.99,1.99,1.99,1,0.0,16,1.0,0.6,0.3,1.67,1.67,1.67,1.67,1,0.0,16,1.0,0.6,0.3,1037.9,1037.9,1037.9,1037.9,1,0.0,16,1.0,0.6,0.3,,,,,,,,,,,,,,,,,,,,,,,,,,,,,,,,,,,,,,,,,,,,,,,,,,,,,,,,,,,,,,,,,,,,,,,,,,,,,,,,,,,,,,,,,,,,,,,,,,,,,,,,,,,,,,,,,,,,,,,,,,,,,,,,,,,,,,,,,,,,,,,,,,,,,,
1905,6,218.0,22.0,,,,,,,,,,,,,,,,,,,,,,,,,,,,,,,,,,,,,,,,6.7,6.7,6.7,6.7,1,0.0,22,1.0,0.3,0.8,-5.13,-5.13,-5.13,-5.13,1,0.0,22,1.0,0.3,0.8,-4.31,-4.31,-4.31,-4.31,1,0.0,22,1.0,0.3,0.8,1014.4,1014.4,1014.4,1014.4,1,0.0,22,1.0,0.3,0.8,,,,,,,,,,,,,,,,,,,,,,,,,,,,,,,,,,,,,,,,,,,,,,,,,,,,,,,,,,,,,,,,,,,,,,,,,,,,,,,,,,,,,,,,,,,,,,,,,,,,,,,,,,,,,,,,,,,,,,,,,,,,,,,,,,,,,,,,,,,,,,,,,,,,,,
1905,6,218.0,46.0,,,,,,,,,,,,,,,,,,,,,,,,,,,,,,,,,,,,,,,,1.0,1.0,1.0,1.0,1,0.0,20,0.0,1.0,0.5,0.0,0.0,0.0,0.0,1,0.0,20,0.0,1.0,0.5,1.0,1.0,1.0,1.0,1,0.0,20,0.0,1.0,0.5,1030.0,1030.0,1030.0,1030.0,1,0.0,20,0.0,1.0,0.5,,,,,,,,,,,,,,,,,,,,,,,,,,,,,,,,,,,,,,,,,,,,,,,,,,,,,,,,,,,,,,,,,,,,,,,,,,,,,,,,,,,,,,,,,,,,,,,,,,,,,,,,,,,,,,,,,,,,,,,,,,,,,,,,,,,,,,,,,,,,,,,,,,,,,,
1905,6,218.0,48.0,,,,,,,,,,,,,,,,,,,,,,,,,,,,,,,,,,,,,,,,2.6,2.6,2.6,2.6,1,0.0,20,0.0,0.5,0.0,0.0,0.0,0.0,0.0,1,0.0,20,0.0,0.5,0.0,2.6,2.6,2.6,2.6,1,0.0,20,0.0,0.5,0.0,1031.0,1031.0,1031.0,1031.0,1,0.0,20,0.0,0.5,0.0,,,,,,,,,,,,,,,,,,,,,,,,,,,,,,,,,,,,,,,,,,,,,,,,,,,,,,,,,,,,,,,,,,,,,,,,,,,,,,,,,,,,,,,,,,,,,,,,,,,,,,,,,,,,,,,,,,,,,,,,,,,,,,,,,,,,,,,,,,,,,,,,,,,,,,
1905,6,218.0,50.0,,,,,,,,,,,,,,,,,,,,,,,,,,,,,,,,,,,,,,,,2.6,2.6,2.6,2.6,2,0.0,16,0.0,0.4,0.0,2.6,2.6,2.6,2.6,2,0.0,16,0.0,0.4,0.0,0.0,0.0,0.0,0.0,2,0.0,16,0.0,0.4,0.0,1037.2,1037.2,1037.2,1037.2,2,0.0,16,0.0,0.4,0.0,,,,,,,,,,,,,,,,,,,,,,,,,,,,,,,,,,,,,,,,,,,,,,,,,,,,,,,,,,,,,,,,,,,,,,,,,,,,,,,,,,,,,,,,,,,,,,,,,,,,,,,,,,,,,,,,,,,,,,,,,,,,,,,,,,,,,,,,,,,,,,,,,,,,,,
1905,6,220.0,-28.0,,,,,,,,,,,,,,,,,,,,,,,,,,,,,,,,,,,,,,,,6.7,9.3,9.3,8.26,5,1.42,18,0.6,0.9,0.5,-9.21,-9.16,-6.27,-8.03,5,1.62,18,0.6,0.9,0.5,-2.37,-1.61,-1.03,-1.61,5,0.98,18,0.6,0.9,0.5,1013.03,1013.5,1013.81,1013.43,4,0.54,18,0.5,0.9,0.6,,,,,,,,,,,,,,,,,,,,,,,,,,,,,,,,,,,,,,,,,,,,,,,,,,,,,,,,,,,,,,,,,,,,,,,,,,,,,,,,,,,,,,,,,,,,,,,,,,,,,,,,,,,,,,,,,,,,,,,,,,,,,,,,,,,,,,,,,,,,,,,,,,,,,,
1905,6,220.0,-26.0,,,,,,,,,,,,,,,,,,,,,,,,,,,,,,,,,,,,,,,,9.3,10.8,12.3,10.8,4,1.73,16,0.8,0.9,0.5,-11.45,-10.31,-9.3,-10.37,4,1.24,16,0.8,0.9,0.5,0.0,2.1,4.52,2.25,4,2.61,16,0.8,0.9,0.5,1010.69,1011.25,1012.08,1011.38,4,0.93,16,0.8,0.9,0.5,,,,,,,,,,,,,,,,,,,,,,,,,,,,,,,,,,,,,,,,,,,,,,,,,,,,,,,,,,,,,,,,,,,,,,,,,,,,,,,,,,,,,,,,,,,,,,,,,,,,,,,,,,,,,,,,,,,,,,,,,,,,,,,,,,,,,,,,,,,,,,,,,,,,,,
1905,6,220.0,24.0,,,,,,,,,,,,,,,,,,,,,,,,,,,,,,,,,,,,,,,,4.6,4.6,4.6,4.6,1,0.0,22,1.0,0.3,0.8,-3.25,-3.25,-3.25,-3.25,1,0.0,22,1.0,0.3,0.8,-3.25,-3.25,-3.25,-3.25,1,0.0,22,1.0,0.3,0.8,1018.0,1018.0,1018.0,1018.0,1,0.0,22,1.0,0.3,0.8,,,,,,,,,,,,,,,,,,,,,,,,,,,,,,,,,,,,,,,,,,,,,,,,,,,,,,,,,,,,,,,,,,,,,,,,,,,,,,,,,,,,,,,,,,,,,,,,,,,,,,,,,,,,,,,,,,,,,,,,,,,,,,,,,,,,,,,,,,,,,,,,,,,,,,
1905,6,220.0,46.0,,,,,,,,,,,,,,,,,,,,,,,,,,,,,,,,,,,,,,,,1.0,1.0,1.0,1.0,2,0.0,20,1.0,0.6,0.6,-0.92,-0.92,-0.92,-0.92,2,0.0,20,1.0,0.6,0.6,0.39,0.39,0.39,0.39,2,0.0,20,1.0,0.6,0.6,1031.05,1031.15,1031.25,1031.15,2,0.21,20,1.0,0.6,0.6,,,,,,,,,,,,,,,,,,,,,,,,,,,,,,,,,,,,,,,,,,,,,,,,,,,,,,,,,,,,,,,,,,,,,,,,,,,,,,,,,,,,,,,,,,,,,,,,,,,,,,,,,,,,,,,,,,,,,,,,,,,,,,,,,,,,,,,,,,,,,,,,,,,,,,
1905,6,220.0,48.0,,,,,,,,,,,,,,,,,,,,,,,,,,,,,,,,,,,,,,,,4.6,4.6,6.03,5.3,3,1.21,14,1.0,0.5,0.9,4.32,4.32,5.61,4.95,3,1.09,14,1.0,0.5,0.9,-1.57,-1.57,1.21,-0.21,3,2.36,14,1.0,0.5,0.9,1020.19,1033.5,1035.82,1028.13,3,12.36,14,1.0,0.5,0.9,,,,,,,,,,,,,,,,,,,,,,,,,,,,,,,,,,,,,,,,,,,,,,,,,,,,,,,,,,,,,,,,,,,,,,,,,,,,,,,,,,,,,,,,,,,,,,,,,,,,,,,,,,,,,,,,,,,,,,,,,,,,,,,,,,,,,,,,,,,,,,,,,,,,,,
1905,6,222.0,-44.0,,,,,,,,,,,,,,,,,,,,,,,,,,,,,,,,,,,,,,,,9.3,9.3,9.3,9.3,1,0.0,14,1.0,0.3,0.8,0.0,0.0,0.0,0.0,1,0.0,14,1.0,0.3,0.8,9.3,9.3,9.3,9.3,1,0.0,14,1.0,0.3,0.8,999.5,999.5,999.5,999.5,1,0.0,14,1.0,0.3,0.8,,,,,,,,,,,,,,,,,,,,,,,,,,,,,,,,,,,,,,,,,,,,,,,,,,,,,,,,,,,,,,,,,,,,,,,,,,,,,,,,,,,,,,,,,,,,,,,,,,,,,,,,,,,,,,,,,,,,,,,,,,,,,,,,,,,,,,,,,,,,,,,,,,,,,,
1905,6,222.0,-40.0,,,,,,,,,,,,,,,,,,,,,,,,,,,,,,,,,,,,,,,,4.6,4.6,4.6,4.6,1,0.0,14,1.0,0.3,0.3,4.27,4.27,4.27,4.27,1,0.0,14,1.0,0.3,0.3,1.72,1.72,1.72,1.72,1,0.0,14,1.0,0.3,0.3,1000.8,1000.8,1000.8,1000.8,1,0.0,14,1.0,0.3,0.3,,,,,,,,,,,,,,,,,,,,,,,,,,,,,,,,,,,,,,,,,,,,,,,,,,,,,,,,,,,,,,,,,,,,,,,,,,,,,,,,,,,,,,,,,,,,,,,,,,,,,,,,,,,,,,,,,,,,,,,,,,,,,,,,,,,,,,,,,,,,,,,,,,,,,,
1905,6,222.0,-30.0,,,,,,,,,,,,,,,,,,,,,,,,,,,,,,,,,,,,,,,,6.7,12.3,12.3,10.06,5,3.07,18,0.4,0.3,0.5,-10.65,-6.3,-6.02,-7.91,5,2.51,18,0.4,0.3,0.5,-7.79,-6.15,-2.96,-5.72,5,3.24,18,0.4,0.3,0.5,1008.87,1011.9,1013.09,1011.16,5,2.6,18,0.4,0.3,0.5,,,,,,,,,,,,,,,,,,,,,,,,,,,,,,,,,,,,,,,,,,,,,,,,,,,,,,,,,,,,,,,,,,,,,,,,,,,,,,,,,,,,,,,,,,,,,,,,,,,,,,,,,,,,,,,,,,,,,,,,,,,,,,,,,,,,,,,,,,,,,,,,,,,,,,
1905,6,222.0,-26.0,,,,,,,,,,,,,,,,,,,,,,,,,,,,,,,,,,,,,,,,4.6,4.6,4.6,4.6,1,0.0,12,1.0,0.8,0.3,0.0,0.0,0.0,0.0,1,0.0,12,1.0,0.8,0.3,-4.6,-4.6,-4.6,-4.6,1,0.0,12,1.0,0.8,0.3,1015.9,1015.9,1015.9,1015.9,1,0.0,12,1.0,0.8,0.3,,,,,,,,,,,,,,,,,,,,,,,,,,,,,,,,,,,,,,,,,,,,,,,,,,,,,,,,,,,,,,,,,,,,,,,,,,,,,,,,,,,,,,,,,,,,,,,,,,,,,,,,,,,,,,,,,,,,,,,,,,,,,,,,,,,,,,,,,,,,,,,,,,,,,,
1905,6,222.0,-24.0,,,,,,,,,,,,,,,,,,,,,,,,,,,,,,,,,,,,,,,,6.7,6.7,6.7,6.7,1,0.0,10,1.0,0.8,0.3,-4.74,-4.74,-4.74,-4.74,1,0.0,10,1.0,0.8,0.3,4.74,4.74,4.74,4.74,1,0.0,10,1.0,0.8,0.3,1008.09,1009.5,1015.26,1011.58,4,5.36,14,0.8,0.4,0.6,,,,,,,,,,,,,,,,,,,,,,,,,,,,,,,,,,,,,,,,,,,,,,,,,,,,,,,,,,,,,,,,,,,,,,,,,,,,,,,,,,,,,,,,,,,,,,,,,,,,,,,,,,,,,,,,,,,,,,,,,,,,,,,,,,,,,,,,,,,,,,,,,,,,,,
1905,6,222.0,46.0,,,,,,,,,,,,,,,,,,,,,,,,,,,,,,,,,,,,,,,,2.92,3.6,4.28,3.6,2,1.41,20,0.5,0.8,0.5,-1.67,-1.41,-1.14,-1.41,2,0.55,20,0.5,0.8,0.5,-3.94,-3.31,-2.69,-3.31,2,1.3,20,0.5,0.8,0.5,1031.0,1031.0,1031.0,1031.0,2,0.0,20,0.5,0.8,0.5,,,,,,,,,,,,,,,,,,,,,,,,,,,,,,,,,,,,,,,,,,,,,,,,,,,,,,,,,,,,,,,,,,,,,,,,,,,,,,,,,,,,,,,,,,,,,,,,,,,,,,,,,,,,,,,,,,,,,,,,,,,,,,,,,,,,,,,,,,,,,,,,,,,,,,
1905,6,222.0,48.0,,,,,,,,,,,,,,,,,,,,,,,,,,,,,,,,,,,,,,,,4.6,4.6,4.6,4.6,1,0.0,16,1.0,0.5,0.9,4.32,4.32,4.32,4.32,1,0.0,16,1.0,0.5,0.9,-1.57,-1.57,-1.57,-1.57,1,0.0,16,1.0,0.5,0.9,1033.8,1033.8,1033.8,1033.8,1,0.0,16,1.0,0.5,0.9,,,,,,,,,,,,,,,,,,,,,,,,,,,,,,,,,,,,,,,,,,,,,,,,,,,,,,,,,,,,,,,,,,,,,,,,,,,,,,,,,,,,,,,,,,,,,,,,,,,,,,,,,,,,,,,,,,,,,,,,,,,,,,,,,,,,,,,,,,,,,,,,,,,,,,
1905,6,224.0,-44.0,,,,,,,,,,,,,,,,,,,,,,,,,,,,,,,,,,,,,,,,6.7,6.7,6.7,6.7,1,0.0,16,1.0,0.8,0.8,6.21,6.21,6.21,6.21,1,0.0,16,1.0,0.8,0.8,2.51,2.51,2.51,2.51,1,0.0,16,1.0,0.8,0.8,1010.7,1010.7,1010.7,1010.7,1,0.0,16,1.0,0.8,0.8,,,,,,,,,,,,,,,,,,,,,,,,,,,,,,,,,,,,,,,,,,,,,,,,,,,,,,,,,,,,,,,,,,,,,,,,,,,,,,,,,,,,,,,,,,,,,,,,,,,,,,,,,,,,,,,,,,,,,,,,,,,,,,,,,,,,,,,,,,,,,,,,,,,,,,
1905,6,224.0,-34.0,,,,,,,,,,,,,,,,,,,,,,,,,,,,,,,,,,,,,,,,12.3,12.3,12.3,12.3,1,0.0,20,1.0,0.9,0.9,10.65,10.65,10.65,10.65,1,0.0,20,1.0,0.9,0.9,6.15,6.15,6.15,6.15,1,0.0,20,1.0,0.9,0.9,1003.1,1003.1,1003.1,1003.1,1,0.0,20,1.0,0.9,0.9,,,,,,,,,,,,,,,,,,,,,,,,,,,,,,,,,,,,,,,,,,,,,,,,,,,,,,,,,,,,,,,,,,,,,,,,,,,,,,,,,,,,,,,,,,,,,,,,,,,,,,,,,,,,,,,,,,,,,,,,,,,,,,,,,,,,,,,,,,,,,,,,,,,,,,
1905,6,224.0,-32.0,,,,,,,,,,,,,,,,,,,,,,,,,,,,,,,,,,,,,,,,6.7,6.7,8.47,7.57,3,1.5,20,0.0,0.4,0.3,0.57,4.31,6.23,3.42,3,4.21,20,0.0,0.4,0.3,-6.13,-5.13,2.45,-1.92,3,6.88,20,0.0,0.4,0.3,1000.3,1000.45,1000.91,1000.6,4,0.42,20,0.3,0.3,0.3,,,,,,,,,,,,,,,,,,,,,,,,,,,,,,,,,,,,,,,,,,,,,,,,,,,,,,,,,,,,,,,,,,,,,,,,,,,,,,,,,,,,,,,,,,,,,,,,,,,,,,,,,,,,,,,,,,,,,,,,,,,,,,,,,,,,,,,,,,,,,,,,,,,,,,
1905,6,224.0,-22.0,,,,,,,,,,,,,,,,,,,,,,,,,,,,,,,,,,,,,,,,3.9,6.7,6.7,5.33,3,2.37,12,1.0,0.2,0.6,-5.46,-4.74,-3.15,-4.32,3,1.73,12,1.0,0.2,0.6,0.4,3.35,4.3,2.37,3,2.98,12,1.0,0.2,0.6,1016.2,1016.2,1016.2,1016.2,1,0.0,10,1.0,0.3,0.3,,,,,,,,,,,,,,,,,,,,,,,,,,,,,,,,,,,,,,,,,,,,,,,,,,,,,,,,,,,,,,,,,,,,,,,,,,,,,,,,,,,,,,,,,,,,,,,,,,,,,,,,,,,,,,,,,,,,,,,,,,,,,,,,,,,,,,,,,,,,,,,,,,,,,,
1905,6,224.0,-20.0,,,,,,,,,,,,,,,,,,,,,,,,,,,,,,,,,,,,,,,,0.54,2.6,6.7,3.54,17,2.76,12,0.5,0.3,0.5,-4.13,-2.3,0.0,-2.07,17,1.98,12,0.5,0.3,0.5,-0.21,0.87,4.51,1.91,17,2.93,12,0.5,0.3,0.5,1014.3,1014.3,1014.3,1014.3,1,0.0,8,1.0,0.3,0.8,,,,,,,,,,,,,,,,,,,,,,,,,,,,,,,,,,,,,,,,,,,,,,,,,,,,,,,,,,,,,,,,,,,,,,,,,,,,,,,,,,,,,,,,,,,,,,,,,,,,,,,,,,,,,,,,,,,,,,,,,,,,,,,,,,,,,,,,,,,,,,,,,,,,,,
1905,6,224.0,-18.0,,,,,,,,,,,,,,,,,,,,,,,,,,,,,,,,,,,,,,,,4.55,6.7,6.7,5.68,4,2.05,10,1.0,0.4,0.4,-6.06,-5.8,-3.27,-4.72,4,2.51,10,1.0,0.4,0.4,2.35,2.88,3.35,2.85,4,0.58,10,1.0,0.4,0.4,1013.7,1013.7,1013.7,1013.7,1,0.0,6,1.0,0.8,0.8,,,,,,,,,,,,,,,,,,,,,,,,,,,,,,,,,,,,,,,,,,,,,,,,,,,,,,,,,,,,,,,,,,,,,,,,,,,,,,,,,,,,,,,,,,,,,,,,,,,,,,,,,,,,,,,,,,,,,,,,,,,,,,,,,,,,,,,,,,,,,,,,,,,,,,
1905,6,224.0,24.0,,,,,,,,,,,,,,,,,,,,,,,,,,,,,,,,,,,,,,,,4.6,4.6,4.6,4.6,1,0.0,20,1.0,0.8,0.8,-4.6,-4.6,-4.6,-4.6,1,0.0,20,1.0,0.8,0.8,0.0,0.0,0.0,0.0,1,0.0,20,1.0,0.8,0.8,1018.1,1018.1,1018.1,1018.1,1,0.0,20,1.0,0.8,0.8,,,,,,,,,,,,,,,,,,,,,,,,,,,,,,,,,,,,,,,,,,,,,,,,,,,,,,,,,,,,,,,,,,,,,,,,,,,,,,,,,,,,,,,,,,,,,,,,,,,,,,,,,,,,,,,,,,,,,,,,,,,,,,,,,,,,,,,,,,,,,,,,,,,,,,
1905,6,224.0,26.0,,,,,,,,,,,,,,,,,,,,,,,,,,,,,,,,,,,,,,,,2.6,2.6,2.6,2.6,1,0.0,18,1.0,0.3,0.8,-1.02,-1.02,-1.02,-1.02,1,0.0,18,1.0,0.3,0.8,-2.39,-2.39,-2.39,-2.39,1,0.0,18,1.0,0.3,0.8,1015.9,1015.9,1015.9,1015.9,1,0.0,18,1.0,0.3,0.8,,,,,,,,,,,,,,,,,,,,,,,,,,,,,,,,,,,,,,,,,,,,,,,,,,,,,,,,,,,,,,,,,,,,,,,,,,,,,,,,,,,,,,,,,,,,,,,,,,,,,,,,,,,,,,,,,,,,,,,,,,,,,,,,,,,,,,,,,,,,,,,,,,,,,,
1905,6,224.0,28.0,,,,,,,,,,,,,,,,,,,,,,,,,,,,,,,,,,,,,,,,4.6,4.6,4.6,4.6,1,0.0,18,1.0,0.8,0.3,-1.8,-1.8,-1.8,-1.8,1,0.0,18,1.0,0.8,0.3,-4.23,-4.23,-4.23,-4.23,1,0.0,18,1.0,0.8,0.3,1017.3,1017.3,1017.3,1017.3,1,0.0,18,1.0,0.8,0.3,,,,,,,,,,,,,,,,,,,,,,,,,,,,,,,,,,,,,,,,,,,,,,,,,,,,,,,,,,,,,,,,,,,,,,,,,,,,,,,,,,,,,,,,,,,,,,,,,,,,,,,,,,,,,,,,,,,,,,,,,,,,,,,,,,,,,,,,,,,,,,,,,,,,,,
1905,6,224.0,46.0,,,,,,,,,,,,,,,,,,,,,,,,,,,,,,,,,,,,,,,,4.6,4.6,4.6,4.6,2,0.0,20,0.0,0.8,0.5,-1.24,-0.04,1.16,-0.04,2,2.49,20,0.0,0.8,0.5,-4.26,-4.25,-4.24,-4.25,2,0.02,20,0.0,0.8,0.5,1031.0,1031.0,1031.0,1031.0,2,0.0,20,0.0,0.8,0.5,,,,,,,,,,,,,,,,,,,,,,,,,,,,,,,,,,,,,,,,,,,,,,,,,,,,,,,,,,,,,,,,,,,,,,,,,,,,,,,,,,,,,,,,,,,,,,,,,,,,,,,,,,,,,,,,,,,,,,,,,,,,,,,,,,,,,,,,,,,,,,,,,,,,,,
1905,6,224.0,48.0,,,,,,,,,,,,,,,,,,,,,,,,,,,,,,,,,,,,,,,,6.7,6.7,6.7,6.7,3,0.0,14,1.0,0.4,0.8,4.91,6.21,6.55,5.74,3,1.26,14,1.0,0.4,0.8,-3.5,0.0,1.71,-0.87,3,3.9,14,1.0,0.4,0.8,1024.62,1029.4,1031.04,1027.87,3,4.88,14,1.0,0.4,0.8,,,,,,,,,,,,,,,,,,,,,,,,,,,,,,,,,,,,,,,,,,,,,,,,,,,,,,,,,,,,,,,,,,,,,,,,,,,,,,,,,,,,,,,,,,,,,,,,,,,,,,,,,,,,,,,,,,,,,,,,,,,,,,,,,,,,,,,,,,,,,,,,,,,,,,
1905,6,226.0,-42.0,,,,,,,,,,,,,,,,,,,,,,,,,,,,,,,,,,,,,,,,6.7,6.7,6.7,6.7,1,0.0,14,1.0,0.3,0.8,2.62,2.62,2.62,2.62,1,0.0,14,1.0,0.3,0.8,6.17,6.17,6.17,6.17,1,0.0,14,1.0,0.3,0.8,1002.7,1002.7,1002.7,1002.7,1,0.0,14,1.0,0.3,0.8,,,,,,,,,,,,,,,,,,,,,,,,,,,,,,,,,,,,,,,,,,,,,,,,,,,,,,,,,,,,,,,,,,,,,,,,,,,,,,,,,,,,,,,,,,,,,,,,,,,,,,,,,,,,,,,,,,,,,,,,,,,,,,,,,,,,,,,,,,,,,,,,,,,,,,
1905,6,226.0,-34.0,,,,,,,,,,,,,,,,,,,,,,,,,,,,,,,,,,,,,,,,11.2,12.3,12.3,11.7,5,1.34,20,0.6,0.5,0.4,8.58,10.65,10.93,9.85,5,1.68,20,0.6,0.5,0.4,5.48,6.15,6.79,6.16,5,1.17,20,0.6,0.5,0.4,1003.47,1004.9,1005.81,1004.65,4,1.45,20,0.5,0.6,0.3,,,,,,,,,,,,,,,,,,,,,,,,,,,,,,,,,,,,,,,,,,,,,,,,,,,,,,,,,,,,,,,,,,,,,,,,,,,,,,,,,,,,,,,,,,,,,,,,,,,,,,,,,,,,,,,,,,,,,,,,,,,,,,,,,,,,,,,,,,,,,,,,,,,,,,
1905,6,226.0,-28.0,,,,,,,,,,,,,,,,,,,,,,,,,,,,,,,,,,,,,,,,4.6,4.6,4.6,4.6,1,0.0,12,1.0,0.3,0.3,3.25,3.25,3.25,3.25,1,0.0,12,1.0,0.3,0.3,3.25,3.25,3.25,3.25,1,0.0,12,1.0,0.3,0.3,1006.6,1006.6,1006.6,1006.6,1,0.0,12,1.0,0.3,0.3,,,,,,,,,,,,,,,,,,,,,,,,,,,,,,,,,,,,,,,,,,,,,,,,,,,,,,,,,,,,,,,,,,,,,,,,,,,,,,,,,,,,,,,,,,,,,,,,,,,,,,,,,,,,,,,,,,,,,,,,,,,,,,,,,,,,,,,,,,,,,,,,,,,,,,
1905,6,226.0,-16.0,,,,,,,,,,,,,,,,,,,,,,,,,,,,,,,,,,,,,,,,9.3,9.3,9.3,9.3,1,0.0,10,0.0,0.0,0.9,-8.05,-8.05,-8.05,-8.05,1,0.0,10,0.0,0.0,0.9,4.65,4.65,4.65,4.65,1,0.0,10,0.0,0.0,0.9,1013.23,1013.5,1013.77,1013.5,2,0.57,4,1.0,0.3,0.5,,,,,,,,,,,,,,,,,,,,,,,,,,,,,,,,,,,,,,,,,,,,,,,,,,,,,,,,,,,,,,,,,,,,,,,,,,,,,,,,,,,,,,,,,,,,,,,,,,,,,,,,,,,,,,,,,,,,,,,,,,,,,,,,,,,,,,,,,,,,,,,,,,,,,,
1905,6,226.0,-14.0,,,,,,,,,,,,,,,,,,,,,,,,,,,,,,,,,,,,,,,,6.27,9.3,12.3,9.08,6,3.05,8,0.7,0.3,0.5,-11.37,-8.74,-5.67,-8.32,6,3.15,8,0.7,0.3,0.5,3.0,3.22,4.33,3.49,6,0.89,8,0.7,0.3,0.5,1012.3,1012.3,1012.3,1012.3,1,0.0,4,1.0,0.8,0.8,,,,,,,,,,,,,,,,,,,,,,,,,,,,,,,,,,,,,,,,,,,,,,,,,,,,,,,,,,,,,,,,,,,,,,,,,,,,,,,,,,,,,,,,,,,,,,,,,,,,,,,,,,,,,,,,,,,,,,,,,,,,,,,,,,,,,,,,,,,,,,,,,,,,,,
1905,6,226.0,24.0,,,,,,,,,,,,,,,,,,,,,,,,,,,,,,,,,,,,,,,,9.3,9.3,9.3,9.3,1,0.0,30,1.0,0.8,0.8,-3.63,-3.63,-3.63,-3.63,1,0.0,30,1.0,0.8,0.8,-8.56,-8.56,-8.56,-8.56,1,0.0,30,1.0,0.8,0.8,1019.4,1019.4,1019.4,1019.4,1,0.0,30,1.0,0.8,0.8,,,,,,,,,,,,,,,,,,,,,,,,,,,,,,,,,,,,,,,,,,,,,,,,,,,,,,,,,,,,,,,,,,,,,,,,,,,,,,,,,,,,,,,,,,,,,,,,,,,,,,,,,,,,,,,,,,,,,,,,,,,,,,,,,,,,,,,,,,,,,,,,,,,,,,
1905,6,226.0,30.0,,,,,,,,,,,,,,,,,,,,,,,,,,,,,,,,,,,,,,,,6.7,6.7,6.7,6.7,1,0.0,16,1.0,0.8,0.3,-2.62,-2.62,-2.62,-2.62,1,0.0,16,1.0,0.8,0.3,-6.17,-6.17,-6.17,-6.17,1,0.0,16,1.0,0.8,0.3,1014.7,1014.7,1014.7,1014.7,1,0.0,16,1.0,0.8,0.3,,,,,,,,,,,,,,,,,,,,,,,,,,,,,,,,,,,,,,,,,,,,,,,,,,,,,,,,,,,,,,,,,,,,,,,,,,,,,,,,,,,,,,,,,,,,,,,,,,,,,,,,,,,,,,,,,,,,,,,,,,,,,,,,,,,,,,,,,,,,,,,,,,,,,,
1905,6,226.0,46.0,,,,,,,,,,,,,,,,,,,,,,,,,,,,,,,,,,,,,,,,6.7,6.7,6.7,6.7,2,0.0,20,1.0,0.6,0.4,2.51,2.51,2.51,2.51,2,0.0,20,1.0,0.6,0.4,-6.21,-6.21,-6.21,-6.21,2,0.0,20,1.0,0.6,0.4,1031.06,1031.2,1031.34,1031.2,2,0.28,20,1.0,0.6,0.4,,,,,,,,,,,,,,,,,,,,,,,,,,,,,,,,,,,,,,,,,,,,,,,,,,,,,,,,,,,,,,,,,,,,,,,,,,,,,,,,,,,,,,,,,,,,,,,,,,,,,,,,,,,,,,,,,,,,,,,,,,,,,,,,,,,,,,,,,,,,,,,,,,,,,,
1905,6,226.0,48.0,,,,,,,,,,,,,,,,,,,,,,,,,,,,,,,,,,,,,,,,3.55,4.6,5.7,4.63,4,1.67,12,0.5,0.7,0.6,2.69,3.78,5.42,4.04,4,1.69,12,0.5,0.7,0.6,-3.09,-1.75,-0.42,-1.76,4,1.6,12,0.5,0.7,0.6,1021.79,1025.95,1027.91,1024.9,4,3.94,12,0.5,0.7,0.6,,,,,,,,,,,,,,,,,,,,,,,,,,,,,,,,,,,,,,,,,,,,,,,,,,,,,,,,,,,,,,,,,,,,,,,,,,,,,,,,,,,,,,,,,,,,,,,,,,,,,,,,,,,,,,,,,,,,,,,,,,,,,,,,,,,,,,,,,,,,,,,,,,,,,,
1905,6,228.0,-44.0,,,,,,,,,,,,,,,,,,,,,,,,,,,,,,,,,,,,,,,,12.3,12.3,12.3,12.3,1,0.0,16,1.0,0.8,0.3,0.0,0.0,0.0,0.0,1,0.0,16,1.0,0.8,0.3,-12.3,-12.3,-12.3,-12.3,1,0.0,16,1.0,0.8,0.3,1016.8,1016.8,1016.8,1016.8,1,0.0,16,1.0,0.8,0.3,,,,,,,,,,,,,,,,,,,,,,,,,,,,,,,,,,,,,,,,,,,,,,,,,,,,,,,,,,,,,,,,,,,,,,,,,,,,,,,,,,,,,,,,,,,,,,,,,,,,,,,,,,,,,,,,,,,,,,,,,,,,,,,,,,,,,,,,,,,,,,,,,,,,,,
1905,6,228.0,-42.0,,,,,,,,,,,,,,,,,,,,,,,,,,,,,,,,,,,,,,,,6.7,6.7,6.7,6.7,1,0.0,16,1.0,0.8,0.8,2.62,2.62,2.62,2.62,1,0.0,16,1.0,0.8,0.8,6.17,6.17,6.17,6.17,1,0.0,16,1.0,0.8,0.8,1014.1,1014.1,1014.1,1014.1,1,0.0,16,1.0,0.8,0.8,,,,,,,,,,,,,,,,,,,,,,,,,,,,,,,,,,,,,,,,,,,,,,,,,,,,,,,,,,,,,,,,,,,,,,,,,,,,,,,,,,,,,,,,,,,,,,,,,,,,,,,,,,,,,,,,,,,,,,,,,,,,,,,,,,,,,,,,,,,,,,,,,,,,,,
1905,6,228.0,-36.0,,,,,,,,,,,,,,,,,,,,,,,,,,,,,,,,,,,,,,,,11.2,12.3,12.3,11.7,5,1.34,20,0.8,0.6,0.5,9.7,10.65,10.93,10.28,5,1.29,20,0.8,0.6,0.5,4.63,6.15,6.15,5.54,5,0.83,20,0.8,0.6,0.5,1005.64,1006.05,1006.72,1006.18,4,0.7,20,0.8,0.5,0.5,,,,,,,,,,,,,,,,,,,,,,,,,,,,,,,,,,,,,,,,,,,,,,,,,,,,,,,,,,,,,,,,,,,,,,,,,,,,,,,,,,,,,,,,,,,,,,,,,,,,,,,,,,,,,,,,,,,,,,,,,,,,,,,,,,,,,,,,,,,,,,,,,,,,,,
1905,6,228.0,-12.0,,,,,,,,,,,,,,,,,,,,,,,,,,,,,,,,,,,,,,,,4.6,4.6,4.6,4.6,1,0.0,2,1.0,0.3,0.8,-3.25,-3.25,-3.25,-3.25,1,0.0,2,1.0,0.3,0.8,3.25,3.25,3.25,3.25,1,0.0,2,1.0,0.3,0.8,1012.4,1012.4,1012.4,1012.4,1,0.0,2,1.0,0.3,0.8,,,,,,,,,,,,,,,,,,,,,,,,,,,,,,,,,,,,,,,,,,,,,,,,,,,,,,,,,,,,,,,,,,,,,,,,,,,,,,,,,,,,,,,,,,,,,,,,,,,,,,,,,,,,,,,,,,,,,,,,,,,,,,,,,,,,,,,,,,,,,,,,,,,,,,
1905,6,228.0,-10.0,,,,,,,,,,,,,,,,,,,,,,,,,,,,,,,,,,,,,,,,4.6,4.6,4.6,4.6,1,0.0,2,1.0,0.8,0.8,-4.6,-4.6,-4.6,-4.6,1,0.0,2,1.0,0.8,0.8,0.0,0.0,0.0,0.0,1,0.0,2,1.0,0.8,0.8,1010.9,1010.9,1010.9,1010.9,1,0.0,2,1.0,0.8,0.8,,,,,,,,,,,,,,,,,,,,,,,,,,,,,,,,,,,,,,,,,,,,,,,,,,,,,,,,,,,,,,,,,,,,,,,,,,,,,,,,,,,,,,,,,,,,,,,,,,,,,,,,,,,,,,,,,,,,,,,,,,,,,,,,,,,,,,,,,,,,,,,,,,,,,,
1905,6,228.0,22.0,,,,,,,,,,,,,,,,,,,,,,,,,,,,,,,,,,,,,,,,2.6,2.6,2.6,2.6,1,0.0,28,1.0,0.8,0.8,-1.02,-1.02,-1.02,-1.02,1,0.0,28,1.0,0.8,0.8,-2.39,-2.39,-2.39,-2.39,1,0.0,28,1.0,0.8,0.8,1018.1,1018.1,1018.1,1018.1,1,0.0,28,1.0,0.8,0.8,,,,,,,,,,,,,,,,,,,,,,,,,,,,,,,,,,,,,,,,,,,,,,,,,,,,,,,,,,,,,,,,,,,,,,,,,,,,,,,,,,,,,,,,,,,,,,,,,,,,,,,,,,,,,,,,,,,,,,,,,,,,,,,,,,,,,,,,,,,,,,,,,,,,,,
1905,6,228.0,24.0,,,,,,,,,,,,,,,,,,,,,,,,,,,,,,,,,,,,,,,,6.7,6.7,6.7,6.7,1,0.0,30,1.0,0.3,0.3,-4.74,-4.74,-4.74,-4.74,1,0.0,30,1.0,0.3,0.3,-4.74,-4.74,-4.74,-4.74,1,0.0,30,1.0,0.3,0.3,1019.9,1019.9,1019.9,1019.9,1,0.0,30,1.0,0.3,0.3,,,,,,,,,,,,,,,,,,,,,,,,,,,,,,,,,,,,,,,,,,,,,,,,,,,,,,,,,,,,,,,,,,,,,,,,,,,,,,,,,,,,,,,,,,,,,,,,,,,,,,,,,,,,,,,,,,,,,,,,,,,,,,,,,,,,,,,,,,,,,,,,,,,,,,
1905,6,228.0,32.0,,,,,,,,,,,,,,,,,,,,,,,,,,,,,,,,,,,,,,,,9.3,9.3,9.3,9.3,1,0.0,16,1.0,0.8,0.3,-8.62,-8.62,-8.62,-8.62,1,0.0,16,1.0,0.8,0.3,-3.48,-3.48,-3.48,-3.48,1,0.0,16,1.0,0.8,0.3,1021.9,1021.9,1021.9,1021.9,1,0.0,16,1.0,0.8,0.3,,,,,,,,,,,,,,,,,,,,,,,,,,,,,,,,,,,,,,,,,,,,,,,,,,,,,,,,,,,,,,,,,,,,,,,,,,,,,,,,,,,,,,,,,,,,,,,,,,,,,,,,,,,,,,,,,,,,,,,,,,,,,,,,,,,,,,,,,,,,,,,,,,,,,,
1905,6,228.0,46.0,,,,,,,,,,,,,,,,,,,,,,,,,,,,,,,,,,,,,,,,7.11,8.0,8.89,8.0,2,1.84,22,0.5,0.8,0.0,2.66,3.0,3.33,3.0,2,0.69,22,0.5,0.8,0.0,-8.24,-7.42,-6.59,-7.42,2,1.7,22,0.5,0.8,0.0,1028.32,1029.0,1029.68,1029.0,2,1.41,22,0.5,0.8,0.0,,,,,,,,,,,,,,,,,,,,,,,,,,,,,,,,,,,,,,,,,,,,,,,,,,,,,,,,,,,,,,,,,,,,,,,,,,,,,,,,,,,,,,,,,,,,,,,,,,,,,,,,,,,,,,,,,,,,,,,,,,,,,,,,,,,,,,,,,,,,,,,,,,,,,,
1905,6,228.0,48.0,,,,,,,,,,,,,,,,,,,,,,,,,,,,,,,,,,,,,,,,2.92,3.6,4.28,3.6,2,1.41,8,0.5,0.5,0.4,2.66,2.78,2.9,2.78,2,0.25,8,0.5,0.5,0.4,-2.96,-1.76,-0.56,-1.76,2,2.49,8,0.5,0.5,0.4,1020.36,1023.5,1026.64,1023.5,2,6.51,8,0.5,0.5,0.4,,,,,,,,,,,,,,,,,,,,,,,,,,,,,,,,,,,,,,,,,,,,,,,,,,,,,,,,,,,,,,,,,,,,,,,,,,,,,,,,,,,,,,,,,,,,,,,,,,,,,,,,,,,,,,,,,,,,,,,,,,,,,,,,,,,,,,,,,,,,,,,,,,,,,,
1905,6,230.0,-38.0,,,,,,,,,,,,,,,,,,,,,,,,,,,,,,,,,,,,,,,,7.11,8.0,8.89,8.0,2,1.84,22,0.5,0.7,0.6,4.73,4.89,5.06,4.89,2,0.34,22,0.5,0.7,0.6,4.9,6.18,7.46,6.18,2,2.65,22,0.5,0.7,0.6,1006.99,1007.6,1008.08,1007.53,3,0.8,22,0.3,0.6,0.7,,,,,,,,,,,,,,,,,,,,,,,,,,,,,,,,,,,,,,,,,,,,,,,,,,,,,,,,,,,,,,,,,,,,,,,,,,,,,,,,,,,,,,,,,,,,,,,,,,,,,,,,,,,,,,,,,,,,,,,,,,,,,,,,,,,,,,,,,,,,,,,,,,,,,,
1905,6,230.0,20.0,,,,,,,,,,,,,,,,,,,,,,,,,,,,,,,,,,,,,,,,6.7,6.7,6.7,6.7,1,0.0,26,1.0,0.8,0.8,-6.21,-6.21,-6.21,-6.21,1,0.0,26,1.0,0.8,0.8,-2.51,-2.51,-2.51,-2.51,1,0.0,26,1.0,0.8,0.8,1014.6,1014.6,1014.6,1014.6,1,0.0,26,1.0,0.8,0.8,,,,,,,,,,,,,,,,,,,,,,,,,,,,,,,,,,,,,,,,,,,,,,,,,,,,,,,,,,,,,,,,,,,,,,,,,,,,,,,,,,,,,,,,,,,,,,,,,,,,,,,,,,,,,,,,,,,,,,,,,,,,,,,,,,,,,,,,,,,,,,,,,,,,,,
1905,6,230.0,22.0,,,,,,,,,,,,,,,,,,,,,,,,,,,,,,,,,,,,,,,,2.6,2.6,2.6,2.6,1,0.0,28,1.0,0.3,0.3,-1.84,-1.84,-1.84,-1.84,1,0.0,28,1.0,0.3,0.3,-1.84,-1.84,-1.84,-1.84,1,0.0,28,1.0,0.3,0.3,1016.0,1016.0,1016.0,1016.0,1,0.0,28,1.0,0.3,0.3,,,,,,,,,,,,,,,,,,,,,,,,,,,,,,,,,,,,,,,,,,,,,,,,,,,,,,,,,,,,,,,,,,,,,,,,,,,,,,,,,,,,,,,,,,,,,,,,,,,,,,,,,,,,,,,,,,,,,,,,,,,,,,,,,,,,,,,,,,,,,,,,,,,,,,
1905,6,230.0,34.0,,,,,,,,,,,,,,,,,,,,,,,,,,,,,,,,,,,,,,,,12.3,12.3,12.3,12.3,1,0.0,14,1.0,0.3,0.8,-4.81,-4.81,-4.81,-4.81,1,0.0,14,1.0,0.3,0.8,-11.32,-11.32,-11.32,-11.32,1,0.0,14,1.0,0.3,0.8,1020.7,1020.7,1020.7,1020.7,1,0.0,14,1.0,0.3,0.8,,,,,,,,,,,,,,,,,,,,,,,,,,,,,,,,,,,,,,,,,,,,,,,,,,,,,,,,,,,,,,,,,,,,,,,,,,,,,,,,,,,,,,,,,,,,,,,,,,,,,,,,,,,,,,,,,,,,,,,,,,,,,,,,,,,,,,,,,,,,,,,,,,,,,,
1905,6,230.0,38.0,,,,,,,,,,,,,,,,,,,,,,,,,,,,,,,,,,,,,,,,12.3,12.3,12.3,12.3,1,0.0,14,1.0,0.3,0.8,4.61,4.61,4.61,4.61,1,0.0,14,1.0,0.3,0.8,-11.4,-11.4,-11.4,-11.4,1,0.0,14,1.0,0.3,0.8,1021.7,1021.7,1021.7,1021.7,1,0.0,14,1.0,0.3,0.8,,,,,,,,,,,,,,,,,,,,,,,,,,,,,,,,,,,,,,,,,,,,,,,,,,,,,,,,,,,,,,,,,,,,,,,,,,,,,,,,,,,,,,,,,,,,,,,,,,,,,,,,,,,,,,,,,,,,,,,,,,,,,,,,,,,,,,,,,,,,,,,,,,,,,,
1905,6,230.0,42.0,,,,,,,,,,,,,,,,,,,,,,,,,,,,,,,,,,,,,,,,6.7,6.7,6.7,6.7,1,0.0,12,1.0,0.3,0.3,4.74,4.74,4.74,4.74,1,0.0,12,1.0,0.3,0.3,-4.74,-4.74,-4.74,-4.74,1,0.0,12,1.0,0.3,0.3,1024.3,1024.3,1024.3,1024.3,1,0.0,12,1.0,0.3,0.3,,,,,,,,,,,,,,,,,,,,,,,,,,,,,,,,,,,,,,,,,,,,,,,,,,,,,,,,,,,,,,,,,,,,,,,,,,,,,,,,,,,,,,,,,,,,,,,,,,,,,,,,,,,,,,,,,,,,,,,,,,,,,,,,,,,,,,,,,,,,,,,,,,,,,,
1905,6,230.0,46.0,,,,,,,,,,,,,,,,,,,,,,,,,,,,,,,,,,,,,,,,4.6,6.7,10.32,7.45,6,3.05,18,0.7,0.6,0.2,3.1,3.5,6.14,4.49,6,2.29,18,0.7,0.6,0.2,-8.24,-5.88,-3.25,-5.85,6,2.32,18,0.7,0.6,0.2,1023.32,1024.0,1024.68,1024.0,2,1.41,22,0.5,0.8,0.0,,,,,,,,,,,,,,,,,,,,,,,,,,,,,,,,,,,,,,,,,,,,,,,,,,,,,,,,,,,,,,,,,,,,,,,,,,,,,,,,,,,,,,,,,,,,,,,,,,,,,,,,,,,,,,,,,,,,,,,,,,,,,,,,,,,,,,,,,,,,,,,,,,,,,,
1905,6,230.0,48.0,,,,,,,,,,,,,,,,,,,,,,,,,,,,,,,,,,,,,,,,2.02,4.6,7.65,4.84,5,3.29,8,0.8,0.5,0.3,2.02,2.96,7.65,4.51,5,3.4,8,0.8,0.5,0.3,-1.29,0.0,0.0,-0.7,5,1.58,8,0.8,0.5,0.3,1018.04,1021.6,1023.67,1021.2,5,3.51,8,0.8,0.5,0.3,,,,,,,,,,,,,,,,,,,,,,,,,,,,,,,,,,,,,,,,,,,,,,,,,,,,,,,,,,,,,,,,,,,,,,,,,,,,,,,,,,,,,,,,,,,,,,,,,,,,,,,,,,,,,,,,,,,,,,,,,,,,,,,,,,,,,,,,,,,,,,,,,,,,,,
1905,6,232.0,-38.0,,,,,,,,,,,,,,,,,,,,,,,,,,,,,,,,,,,,,,,,9.3,9.3,9.3,9.3,3,0.0,22,0.7,0.4,0.4,-2.17,0.0,0.0,-1.06,3,1.84,22,0.7,0.4,0.4,8.92,9.3,9.3,9.11,3,0.32,22,0.7,0.4,0.4,1008.15,1008.7,1009.79,1008.97,3,1.22,22,0.7,0.5,0.5,,,,,,,,,,,,,,,,,,,,,,,,,,,,,,,,,,,,,,,,,,,,,,,,,,,,,,,,,,,,,,,,,,,,,,,,,,,,,,,,,,,,,,,,,,,,,,,,,,,,,,,,,,,,,,,,,,,,,,,,,,,,,,,,,,,,,,,,,,,,,,,,,,,,,,
1905,6,232.0,18.0,,,,,,,,,,,,,,,,,,,,,,,,,,,,,,,,,,,,,,,,3.55,4.6,5.7,4.63,4,1.67,24,1.0,0.4,0.5,-4.51,-3.34,-0.24,-2.42,4,2.94,24,1.0,0.4,0.5,-4.51,-2.99,-1.33,-2.92,4,1.86,24,1.0,0.4,0.5,1012.29,1012.8,1013.1,1012.7,4,0.53,24,1.0,0.4,0.5,,,,,,,,,,,,,,,,,,,,,,,,,,,,,,,,,,,,,,,,,,,,,,,,,,,,,,,,,,,,,,,,,,,,,,,,,,,,,,,,,,,,,,,,,,,,,,,,,,,,,,,,,,,,,,,,,,,,,,,,,,,,,,,,,,,,,,,,,,,,,,,,,,,,,,
1905,6,232.0,42.0,,,,,,,,,,,,,,,,,,,,,,,,,,,,,,,,,,,,,,,,6.7,6.7,6.7,6.7,1,0.0,30,1.0,0.3,0.8,2.51,2.51,2.51,2.51,1,0.0,30,1.0,0.3,0.8,-6.21,-6.21,-6.21,-6.21,1,0.0,30,1.0,0.3,0.8,1019.8,1019.8,1019.8,1019.8,1,0.0,30,1.0,0.3,0.8,,,,,,,,,,,,,,,,,,,,,,,,,,,,,,,,,,,,,,,,,,,,,,,,,,,,,,,,,,,,,,,,,,,,,,,,,,,,,,,,,,,,,,,,,,,,,,,,,,,,,,,,,,,,,,,,,,,,,,,,,,,,,,,,,,,,,,,,,,,,,,,,,,,,,,
1905,6,232.0,44.0,,,,,,,,,,,,,,,,,,,,,,,,,,,,,,,,,,,,,,,,6.7,6.7,6.7,6.7,1,0.0,12,1.0,0.3,0.3,4.74,4.74,4.74,4.74,1,0.0,12,1.0,0.3,0.3,-4.74,-4.74,-4.74,-4.74,1,0.0,12,1.0,0.3,0.3,1023.7,1023.7,1023.7,1023.7,1,0.0,12,1.0,0.3,0.3,,,,,,,,,,,,,,,,,,,,,,,,,,,,,,,,,,,,,,,,,,,,,,,,,,,,,,,,,,,,,,,,,,,,,,,,,,,,,,,,,,,,,,,,,,,,,,,,,,,,,,,,,,,,,,,,,,,,,,,,,,,,,,,,,,,,,,,,,,,,,,,,,,,,,,
1905,6,232.0,46.0,,,,,,,,,,,,,,,,,,,,,,,,,,,,,,,,,,,,,,,,2.6,9.8,12.3,8.01,7,4.15,20,0.6,0.6,0.6,-1.98,8.7,9.02,4.49,7,5.85,20,0.6,0.6,0.6,-8.7,-3.83,0.23,-3.16,7,4.77,20,0.6,0.6,0.6,1018.79,1020.7,1021.59,1020.2,3,2.1,24,1.0,0.7,0.3,,,,,,,,,,,,,,,,,,,,,,,,,,,,,,,,,,,,,,,,,,,,,,,,,,,,,,,,,,,,,,,,,,,,,,,,,,,,,,,,,,,,,,,,,,,,,,,,,,,,,,,,,,,,,,,,,,,,,,,,,,,,,,,,,,,,,,,,,,,,,,,,,,,,,,
1905,6,232.0,48.0,,,,,,,,,,,,,,,,,,,,,,,,,,,,,,,,,,,,,,,,4.55,6.7,6.7,5.68,4,2.05,12,0.8,0.5,0.3,3.09,4.52,5.77,4.43,4,1.93,12,0.8,0.5,0.3,-4.94,-2.37,0.88,-2.05,4,3.4,12,0.8,0.5,0.3,1019.23,1021.35,1023.05,1021.15,4,2.56,12,0.8,0.5,0.3,,,,,,,,,,,,,,,,,,,,,,,,,,,,,,,,,,,,,,,,,,,,,,,,,,,,,,,,,,,,,,,,,,,,,,,,,,,,,,,,,,,,,,,,,,,,,,,,,,,,,,,,,,,,,,,,,,,,,,,,,,,,,,,,,,,,,,,,,,,,,,,,,,,,,,
1905,6,234.0,-44.0,,,,,,,,,,,,,,,,,,,,,,,,,,,,,,,,,,,,,,,,9.3,12.3,12.94,11.82,6,2.29,26,0.8,0.4,0.8,-8.95,-7.98,-3.79,-5.99,6,5.35,26,0.8,0.4,0.8,1.33,7.91,9.91,5.05,6,8.4,26,0.8,0.4,0.8,1003.39,1005.2,1009.32,1006.63,6,5.1,26,0.7,0.4,0.8,,,,,,,,,,,,,,,,,,,,,,,,,,,,,,,,,,,,,,,,,,,,,,,,,,,,,,,,,,,,,,,,,,,,,,,,,,,,,,,,,,,,,,,,,,,,,,,,,,,,,,,,,,,,,,,,,,,,,,,,,,,,,,,,,,,,,,,,,,,,,,,,,,,,,,
1905,6,234.0,-42.0,,,,,,,,,,,,,,,,,,,,,,,,,,,,,,,,,,,,,,,,2.6,3.6,5.8,4.28,10,2.25,26,0.4,0.6,0.5,-5.45,-3.29,-2.44,-3.92,10,1.91,26,0.4,0.6,0.5,0.38,1.23,2.3,1.58,10,1.39,26,0.4,0.6,0.5,1007.5,1008.3,1011.8,1009.27,10,2.7,26,0.4,0.6,0.5,,,,,,,,,,,,,,,,,,,,,,,,,,,,,,,,,,,,,,,,,,,,,,,,,,,,,,,,,,,,,,,,,,,,,,,,,,,,,,,,,,,,,,,,,,,,,,,,,,,,,,,,,,,,,,,,,,,,,,,,,,,,,,,,,,,,,,,,,,,,,,,,,,,,,,
1905,6,234.0,-40.0,,,,,,,,,,,,,,,,,,,,,,,,,,,,,,,,,,,,,,,,4.6,4.6,6.47,4.88,8,1.32,24,0.5,0.5,0.4,-6.35,-4.32,-4.01,-4.62,8,1.4,24,0.5,0.5,0.4,-1.03,1.23,1.57,0.49,8,1.52,24,0.5,0.5,0.4,1008.19,1008.7,1009.61,1009.04,7,1.31,24,0.4,0.5,0.4,,,,,,,,,,,,,,,,,,,,,,,,,,,,,,,,,,,,,,,,,,,,,,,,,,,,,,,,,,,,,,,,,,,,,,,,,,,,,,,,,,,,,,,,,,,,,,,,,,,,,,,,,,,,,,,,,,,,,,,,,,,,,,,,,,,,,,,,,,,,,,,,,,,,,,
1905,6,234.0,-38.0,,,,,,,,,,,,,,,,,,,,,,,,,,,,,,,,,,,,,,,,2.6,2.6,4.6,3.88,13,1.9,22,0.6,0.7,0.5,-4.01,-2.44,-1.98,-2.73,13,0.95,22,0.6,0.7,0.5,-1.78,0.45,3.98,0.92,13,3.18,22,0.6,0.7,0.5,1011.61,1012.4,1013.45,1012.33,11,1.44,22,0.5,0.7,0.5,,,,,,,,,,,,,,,,,,,,,,,,,,,,,,,,,,,,,,,,,,,,,,,,,,,,,,,,,,,,,,,,,,,,,,,,,,,,,,,,,,,,,,,,,,,,,,,,,,,,,,,,,,,,,,,,,,,,,,,,,,,,,,,,,,,,,,,,,,,,,,,,,,,,,,
1905,6,234.0,-30.0,,,,,,,,,,,,,,,,,,,,,,,,,,,,,,,,,,,,,,,,9.3,9.3,9.3,9.3,1,0.0,14,1.0,0.3,0.3,8.62,8.62,8.62,8.62,1,0.0,14,1.0,0.3,0.3,3.48,3.48,3.48,3.48,1,0.0,14,1.0,0.3,0.3,1010.7,1010.7,1010.7,1010.7,1,0.0,14,1.0,0.3,0.3,,,,,,,,,,,,,,,,,,,,,,,,,,,,,,,,,,,,,,,,,,,,,,,,,,,,,,,,,,,,,,,,,,,,,,,,,,,,,,,,,,,,,,,,,,,,,,,,,,,,,,,,,,,,,,,,,,,,,,,,,,,,,,,,,,,,,,,,,,,,,,,,,,,,,,
1905,6,234.0,14.0,,,,,,,,,,,,,,,,,,,,,,,,,,,,,,,,,,,,,,,,9.3,9.3,9.3,9.3,1,0.0,20,1.0,0.8,0.3,-6.58,-6.58,-6.58,-6.58,1,0.0,20,1.0,0.8,0.3,-6.58,-6.58,-6.58,-6.58,1,0.0,20,1.0,0.8,0.3,1012.3,1012.3,1012.3,1012.3,1,0.0,20,1.0,0.8,0.3,,,,,,,,,,,,,,,,,,,,,,,,,,,,,,,,,,,,,,,,,,,,,,,,,,,,,,,,,,,,,,,,,,,,,,,,,,,,,,,,,,,,,,,,,,,,,,,,,,,,,,,,,,,,,,,,,,,,,,,,,,,,,,,,,,,,,,,,,,,,,,,,,,,,,,
1905,6,234.0,16.0,,,,,,,,,,,,,,,,,,,,,,,,,,,,,,,,,,,,,,,,9.3,9.3,9.3,9.3,1,0.0,22,1.0,0.3,0.3,-6.58,-6.58,-6.58,-6.58,1,0.0,22,1.0,0.3,0.3,-6.58,-6.58,-6.58,-6.58,1,0.0,22,1.0,0.3,0.3,1011.9,1011.9,1011.9,1011.9,1,0.0,22,1.0,0.3,0.3,,,,,,,,,,,,,,,,,,,,,,,,,,,,,,,,,,,,,,,,,,,,,,,,,,,,,,,,,,,,,,,,,,,,,,,,,,,,,,,,,,,,,,,,,,,,,,,,,,,,,,,,,,,,,,,,,,,,,,,,,,,,,,,,,,,,,,,,,,,,,,,,,,,,,,
1905,6,234.0,44.0,,,,,,,,,,,,,,,,,,,,,,,,,,,,,,,,,,,,,,,,4.5,4.6,6.7,4.91,7,1.42,10,0.9,0.4,0.4,0.0,2.3,6.19,3.04,7,2.74,10,0.9,0.4,0.4,-4.6,-2.62,0.08,-2.27,7,2.42,10,0.9,0.4,0.4,1018.66,1018.8,1018.94,1018.8,2,0.28,20,1.0,0.3,0.8,,,,,,,,,,,,,,,,,,,,,,,,,,,,,,,,,,,,,,,,,,,,,,,,,,,,,,,,,,,,,,,,,,,,,,,,,,,,,,,,,,,,,,,,,,,,,,,,,,,,,,,,,,,,,,,,,,,,,,,,,,,,,,,,,,,,,,,,,,,,,,,,,,,,,,
1905,6,234.0,46.0,,,,,,,,,,,,,,,,,,,,,,,,,,,,,,,,,,,,,,,,2.6,2.6,4.6,3.94,8,2.35,12,0.8,0.6,0.2,1.84,2.3,4.38,2.76,8,2.0,12,0.8,0.6,0.2,-4.29,-1.75,0.0,-2.07,8,2.39,12,0.8,0.6,0.2,1017.32,1018.0,1018.68,1018.0,2,1.41,22,1.0,0.8,0.0,,,,,,,,,,,,,,,,,,,,,,,,,,,,,,,,,,,,,,,,,,,,,,,,,,,,,,,,,,,,,,,,,,,,,,,,,,,,,,,,,,,,,,,,,,,,,,,,,,,,,,,,,,,,,,,,,,,,,,,,,,,,,,,,,,,,,,,,,,,,,,,,,,,,,,
1905,6,234.0,48.0,,,,,,,,,,,,,,,,,,,,,,,,,,,,,,,,,,,,,,,,0.27,2.6,4.6,2.33,9,1.94,8,0.9,0.6,0.2,-0.25,1.84,4.23,1.83,9,2.17,8,0.9,0.6,0.2,-1.8,0.0,0.52,-0.42,9,1.1,8,0.9,0.6,0.2,1016.68,1020.3,1021.19,1018.97,3,3.5,10,1.0,0.2,0.2,,,,,,,,,,,,,,,,,,,,,,,,,,,,,,,,,,,,,,,,,,,,,,,,,,,,,,,,,,,,,,,,,,,,,,,,,,,,,,,,,,,,,,,,,,,,,,,,,,,,,,,,,,,,,,,,,,,,,,,,,,,,,,,,,,,,,,,,,,,,,,,,,,,,,,
1905,6,236.0,-42.0,,,,,,,,,,,,,,,,,,,,,,,,,,,,,,,,,,,,,,,,3.46,4.6,4.6,4.97,10,2.71,28,0.7,0.5,0.6,-4.18,-2.96,-1.98,-2.01,10,3.85,28,0.7,0.5,0.6,1.25,2.15,3.52,1.36,10,3.66,28,0.7,0.5,0.6,1007.9,1008.6,1008.7,1008.34,7,0.42,28,0.6,0.6,0.6,,,,,,,,,,,,,,,,,,,,,,,,,,,,,,,,,,,,,,,,,,,,,,,,,,,,,,,,,,,,,,,,,,,,,,,,,,,,,,,,,,,,,,,,,,,,,,,,,,,,,,,,,,,,,,,,,,,,,,,,,,,,,,,,,,,,,,,,,,,,,,,,,,,,,,
1905,6,236.0,8.0,,,,,,,,,,,,,,,,,,,,,,,,,,,,,,,,,,,,,,,,1.9,3.85,5.8,3.85,2,4.03,14,1.0,0.3,0.5,-3.83,-1.87,0.09,-1.87,2,4.06,14,1.0,0.3,0.5,-3.99,-2.37,-0.75,-2.37,2,3.35,14,1.0,0.3,0.5,1006.72,1007.4,1008.08,1007.4,2,1.41,14,1.0,0.3,0.5,,,,,,,,,,,,,,,,,,,,,,,,,,,,,,,,,,,,,,,,,,,,,,,,,,,,,,,,,,,,,,,,,,,,,,,,,,,,,,,,,,,,,,,,,,,,,,,,,,,,,,,,,,,,,,,,,,,,,,,,,,,,,,,,,,,,,,,,,,,,,,,,,,,,,,
1905,6,236.0,10.0,,,,,,,,,,,,,,,,,,,,,,,,,,,,,,,,,,,,,,,,1.0,1.0,3.46,2.2,3,2.08,16,1.0,0.8,0.6,0.95,1.0,2.54,1.72,3,1.32,16,1.0,0.8,0.6,-2.34,-0.39,-0.12,-1.21,3,1.78,16,1.0,0.8,0.6,1011.08,1011.9,1012.24,1011.67,3,0.87,16,1.0,0.8,0.6,,,,,,,,,,,,,,,,,,,,,,,,,,,,,,,,,,,,,,,,,,,,,,,,,,,,,,,,,,,,,,,,,,,,,,,,,,,,,,,,,,,,,,,,,,,,,,,,,,,,,,,,,,,,,,,,,,,,,,,,,,,,,,,,,,,,,,,,,,,,,,,,,,,,,,
1905,6,236.0,12.0,,,,,,,,,,,,,,,,,,,,,,,,,,,,,,,,,,,,,,,,6.7,6.7,6.7,6.7,1,0.0,20,1.0,0.3,0.3,-2.62,-2.62,-2.62,-2.62,1,0.0,20,1.0,0.3,0.3,-6.17,-6.17,-6.17,-6.17,1,0.0,20,1.0,0.3,0.3,1010.6,1010.6,1010.6,1010.6,1,0.0,20,1.0,0.3,0.3,,,,,,,,,,,,,,,,,,,,,,,,,,,,,,,,,,,,,,,,,,,,,,,,,,,,,,,,,,,,,,,,,,,,,,,,,,,,,,,,,,,,,,,,,,,,,,,,,,,,,,,,,,,,,,,,,,,,,,,,,,,,,,,,,,,,,,,,,,,,,,,,,,,,,,
1905,6,238.0,-42.0,,,,,,,,,,,,,,,,,,,,,,,,,,,,,,,,,,,,,,,,1.0,2.6,4.7,3.01,7,2.03,30,0.6,0.4,0.5,-0.25,1.99,3.02,1.38,7,2.13,30,0.6,0.4,0.5,-3.6,0.98,1.68,-0.32,7,2.8,30,0.6,0.4,0.5,1006.27,1008.1,1009.48,1007.78,6,1.96,30,0.5,0.4,0.5,,,,,,,,,,,,,,,,,,,,,,,,,,,,,,,,,,,,,,,,,,,,,,,,,,,,,,,,,,,,,,,,,,,,,,,,,,,,,,,,,,,,,,,,,,,,,,,,,,,,,,,,,,,,,,,,,,,,,,,,,,,,,,,,,,,,,,,,,,,,,,,,,,,,,,
1905,6,238.0,-32.0,,,,,,,,,,,,,,,,,,,,,,,,,,,,,,,,,,,,,,,,9.3,9.3,9.3,9.3,1,0.0,16,1.0,0.3,0.8,8.62,8.62,8.62,8.62,1,0.0,16,1.0,0.3,0.8,3.48,3.48,3.48,3.48,1,0.0,16,1.0,0.3,0.8,1016.8,1016.8,1016.8,1016.8,1,0.0,16,1.0,0.3,0.8,,,,,,,,,,,,,,,,,,,,,,,,,,,,,,,,,,,,,,,,,,,,,,,,,,,,,,,,,,,,,,,,,,,,,,,,,,,,,,,,,,,,,,,,,,,,,,,,,,,,,,,,,,,,,,,,,,,,,,,,,,,,,,,,,,,,,,,,,,,,,,,,,,,,,,
1905,6,238.0,2.0,,,,,,,,,,,,,,,,,,,,,,,,,,,,,,,,,,,,,,,,4.6,4.6,4.6,4.6,3,0.0,6,1.0,0.4,0.6,-4.48,-4.23,-4.23,-4.36,3,0.21,6,1.0,0.4,0.6,0.57,1.8,1.8,1.2,3,1.04,6,1.0,0.4,0.6,1008.72,1008.75,1008.78,1008.75,2,0.07,8,1.0,0.5,0.5,,,,,,,,,,,,,,,,,,,,,,,,,,,,,,,,,,,,,,,,,,,,,,,,,,,,,,,,,,,,,,,,,,,,,,,,,,,,,,,,,,,,,,,,,,,,,,,,,,,,,,,,,,,,,,,,,,,,,,,,,,,,,,,,,,,,,,,,,,,,,,,,,,,,,,
1905,6,238.0,4.0,,,,,,,,,,,,,,,,,,,,,,,,,,,,,,,,,,,,,,,,0.48,1.0,1.0,0.75,4,0.5,4,1.0,0.3,0.3,-0.37,0.46,0.92,0.29,4,0.79,4,1.0,0.3,0.3,-0.56,-0.2,0.2,-0.18,4,0.47,4,1.0,0.3,0.3,1008.11,1008.35,1008.59,1008.35,2,0.49,10,1.0,0.3,0.5,,,,,,,,,,,,,,,,,,,,,,,,,,,,,,,,,,,,,,,,,,,,,,,,,,,,,,,,,,,,,,,,,,,,,,,,,,,,,,,,,,,,,,,,,,,,,,,,,,,,,,,,,,,,,,,,,,,,,,,,,,,,,,,,,,,,,,,,,,,,,,,,,,,,,,
1905,6,238.0,6.0,,,,,,,,,,,,,,,,,,,,,,,,,,,,,,,,,,,,,,,,2.14,4.6,6.03,4.1,3,2.88,18,1.0,0.6,0.4,-3.14,-0.71,1.56,-0.78,3,3.44,18,1.0,0.6,0.4,-0.95,0.71,4.43,1.72,3,4.04,18,1.0,0.6,0.4,1007.7,1007.7,1007.7,1007.7,1,0.0,12,1.0,0.3,0.8,,,,,,,,,,,,,,,,,,,,,,,,,,,,,,,,,,,,,,,,,,,,,,,,,,,,,,,,,,,,,,,,,,,,,,,,,,,,,,,,,,,,,,,,,,,,,,,,,,,,,,,,,,,,,,,,,,,,,,,,,,,,,,,,,,,,,,,,,,,,,,,,,,,,,,
1905,6,238.0,12.0,,,,,,,,,,,,,,,,,,,,,,,,,,,,,,,,,,,,,,,,1.0,1.0,1.0,1.0,1,0.0,18,1.0,0.3,0.3,0.0,0.0,0.0,0.0,1,0.0,18,1.0,0.3,0.3,-1.0,-1.0,-1.0,-1.0,1,0.0,18,1.0,0.3,0.3,1010.9,1010.9,1010.9,1010.9,1,0.0,18,1.0,0.3,0.3,,,,,,,,,,,,,,,,,,,,,,,,,,,,,,,,,,,,,,,,,,,,,,,,,,,,,,,,,,,,,,,,,,,,,,,,,,,,,,,,,,,,,,,,,,,,,,,,,,,,,,,,,,,,,,,,,,,,,,,,,,,,,,,,,,,,,,,,,,,,,,,,,,,,,,
1905,6,240.0,-46.0,,,,,,,,,,,,,,,,,,,,,,,,,,,,,,,,,,,,,,,,15.4,15.4,15.4,15.4,1,0.0,18,1.0,0.8,0.8,10.89,10.89,10.89,10.89,1,0.0,18,1.0,0.8,0.8,-10.89,-10.89,-10.89,-10.89,1,0.0,18,1.0,0.8,0.8,1012.4,1012.4,1012.4,1012.4,1,0.0,18,1.0,0.8,0.8,,,,,,,,,,,,,,,,,,,,,,,,,,,,,,,,,,,,,,,,,,,,,,,,,,,,,,,,,,,,,,,,,,,,,,,,,,,,,,,,,,,,,,,,,,,,,,,,,,,,,,,,,,,,,,,,,,,,,,,,,,,,,,,,,,,,,,,,,,,,,,,,,,,,,,
1905,6,240.0,-2.0,,,,,,,,,,,,,,,,,,,,,,,,,,,,,,,,,,,,,,,,4.93,5.65,6.37,5.65,2,1.48,6,1.0,0.5,0.5,-4.5,-4.0,-3.49,-4.0,2,1.05,6,1.0,0.5,0.5,3.49,4.0,4.5,4.0,2,1.05,6,1.0,0.5,0.5,1007.67,1008.05,1008.43,1008.05,2,0.78,6,1.0,0.5,0.5,,,,,,,,,,,,,,,,,,,,,,,,,,,,,,,,,,,,,,,,,,,,,,,,,,,,,,,,,,,,,,,,,,,,,,,,,,,,,,,,,,,,,,,,,,,,,,,,,,,,,,,,,,,,,,,,,,,,,,,,,,,,,,,,,,,,,,,,,,,,,,,,,,,,,,
1905,6,240.0,0.0,,,,,,,,,,,,,,,,,,,,,,,,,,,,,,,,,,,,,,,,5.27,6.7,6.7,6.0,3,1.21,12,1.0,0.3,0.3,-4.27,-3.25,-2.75,-3.5,3,1.13,12,1.0,0.3,0.3,3.72,4.74,5.74,4.73,3,1.48,12,1.0,0.3,0.3,1007.35,1008.1,1008.85,1008.1,2,1.56,6,1.0,0.4,0.1,,,,,,,,,,,,,,,,,,,,,,,,,,,,,,,,,,,,,,,,,,,,,,,,,,,,,,,,,,,,,,,,,,,,,,,,,,,,,,,,,,,,,,,,,,,,,,,,,,,,,,,,,,,,,,,,,,,,,,,,,,,,,,,,,,,,,,,,,,,,,,,,,,,,,,
1905,6,242.0,-32.0,,,,,,,,,,,,,,,,,,,,,,,,,,,,,,,,,,,,,,,,15.4,15.4,15.4,15.4,1,0.0,16,1.0,0.3,0.3,10.89,10.89,10.89,10.89,1,0.0,16,1.0,0.3,0.3,10.89,10.89,10.89,10.89,1,0.0,16,1.0,0.3,0.3,1022.3,1022.3,1022.3,1022.3,1,0.0,16,1.0,0.3,0.3,,,,,,,,,,,,,,,,,,,,,,,,,,,,,,,,,,,,,,,,,,,,,,,,,,,,,,,,,,,,,,,,,,,,,,,,,,,,,,,,,,,,,,,,,,,,,,,,,,,,,,,,,,,,,,,,,,,,,,,,,,,,,,,,,,,,,,,,,,,,,,,,,,,,,,
1905,6,242.0,-4.0,,,,,,,,,,,,,,,,,,,,,,,,,,,,,,,,,,,,,,,,6.7,6.7,6.7,6.7,1,0.0,4,1.0,0.3,0.3,-4.74,-4.74,-4.74,-4.74,1,0.0,4,1.0,0.3,0.3,4.74,4.74,4.74,4.74,1,0.0,4,1.0,0.3,0.3,1010.7,1010.7,1010.7,1010.7,1,0.0,4,1.0,0.3,0.3,,,,,,,,,,,,,,,,,,,,,,,,,,,,,,,,,,,,,,,,,,,,,,,,,,,,,,,,,,,,,,,,,,,,,,,,,,,,,,,,,,,,,,,,,,,,,,,,,,,,,,,,,,,,,,,,,,,,,,,,,,,,,,,,,,,,,,,,,,,,,,,,,,,,,,
1905,6,244.0,-6.0,,,,,,,,,,,,,,,,,,,,,,,,,,,,,,,,,,,,,,,,2.92,3.6,4.28,3.6,2,1.41,2,1.0,0.5,0.5,-3.12,-2.83,-2.54,-2.83,2,0.6,2,1.0,0.5,0.5,-0.3,1.14,2.58,1.14,2,2.99,2,1.0,0.5,0.5,1011.05,1011.15,1011.25,1011.15,2,0.21,2,1.0,0.5,0.5,,,,,,,,,,,,,,,,,,,,,,,,,,,,,,,,,,,,,,,,,,,,,,,,,,,,,,,,,,,,,,,,,,,,,,,,,,,,,,,,,,,,,,,,,,,,,,,,,,,,,,,,,,,,,,,,,,,,,,,,,,,,,,,,,,,,,,,,,,,,,,,,,,,,,,
1905,6,246.0,-46.0,,,,,,,,,,,,,,,,,,,,,,,,,,,,,,,,,,,,,,,,12.3,12.3,12.3,12.3,1,0.0,20,1.0,0.8,0.8,4.61,4.61,4.61,4.61,1,0.0,20,1.0,0.8,0.8,-11.4,-11.4,-11.4,-11.4,1,0.0,20,1.0,0.8,0.8,1011.9,1011.9,1011.9,1011.9,1,0.0,20,1.0,0.8,0.8,,,,,,,,,,,,,,,,,,,,,,,,,,,,,,,,,,,,,,,,,,,,,,,,,,,,,,,,,,,,,,,,,,,,,,,,,,,,,,,,,,,,,,,,,,,,,,,,,,,,,,,,,,,,,,,,,,,,,,,,,,,,,,,,,,,,,,,,,,,,,,,,,,,,,,
1905,6,248.0,-40.0,,,,,,,,,,,,,,,,,,,,,,,,,,,,,,,,,,,,,,,,12.3,12.3,12.3,12.3,1,0.0,20,1.0,0.8,0.3,4.61,4.61,4.61,4.61,1,0.0,20,1.0,0.8,0.3,-11.4,-11.4,-11.4,-11.4,1,0.0,20,1.0,0.8,0.3,1025.9,1025.9,1025.9,1025.9,1,0.0,20,1.0,0.8,0.3,,,,,,,,,,,,,,,,,,,,,,,,,,,,,,,,,,,,,,,,,,,,,,,,,,,,,,,,,,,,,,,,,,,,,,,,,,,,,,,,,,,,,,,,,,,,,,,,,,,,,,,,,,,,,,,,,,,,,,,,,,,,,,,,,,,,,,,,,,,,,,,,,,,,,,
1905,6,248.0,-34.0,,,,,,,,,,,,,,,,,,,,,,,,,,,,,,,,,,,,,,,,4.6,4.6,4.6,4.6,1,0.0,20,1.0,0.8,0.8,-4.27,-4.27,-4.27,-4.27,1,0.0,20,1.0,0.8,0.8,-1.72,-1.72,-1.72,-1.72,1,0.0,20,1.0,0.8,0.8,1027.9,1027.9,1027.9,1027.9,1,0.0,20,1.0,0.8,0.8,,,,,,,,,,,,,,,,,,,,,,,,,,,,,,,,,,,,,,,,,,,,,,,,,,,,,,,,,,,,,,,,,,,,,,,,,,,,,,,,,,,,,,,,,,,,,,,,,,,,,,,,,,,,,,,,,,,,,,,,,,,,,,,,,,,,,,,,,,,,,,,,,,,,,,
1905,6,250.0,-32.0,,,,,,,,,,,,,,,,,,,,,,,,,,,,,,,,,,,,,,,,4.93,5.65,6.37,5.65,2,1.48,10,1.0,0.3,0.8,-1.75,1.48,4.71,1.48,2,6.69,10,1.0,0.3,0.8,2.63,2.88,3.13,2.88,2,0.53,10,1.0,0.3,0.8,1014.05,1018.9,1023.75,1018.9,2,10.04,10,1.0,0.3,0.8,,,,,,,,,,,,,,,,,,,,,,,,,,,,,,,,,,,,,,,,,,,,,,,,,,,,,,,,,,,,,,,,,,,,,,,,,,,,,,,,,,,,,,,,,,,,,,,,,,,,,,,,,,,,,,,,,,,,,,,,,,,,,,,,,,,,,,,,,,,,,,,,,,,,,,
1905,6,252.0,-32.0,,,,,,,,,,,,,,,,,,,,,,,,,,,,,,,,,,,,,,,,2.6,2.6,2.6,2.6,1,0.0,2,1.0,0.8,0.3,2.39,2.39,2.39,2.39,1,0.0,2,1.0,0.8,0.3,-1.02,-1.02,-1.02,-1.02,1,0.0,2,1.0,0.8,0.3,1011.1,1011.1,1011.1,1011.1,1,0.0,2,1.0,0.8,0.3,,,,,,,,,,,,,,,,,,,,,,,,,,,,,,,,,,,,,,,,,,,,,,,,,,,,,,,,,,,,,,,,,,,,,,,,,,,,,,,,,,,,,,,,,,,,,,,,,,,,,,,,,,,,,,,,,,,,,,,,,,,,,,,,,,,,,,,,,,,,,,,,,,,,,,
1905,6,258.0,-36.0,,,,,,,,,,,,,,,,,,,,,,,,,,,,,,,,,,,,,,,,12.3,12.3,12.3,12.3,1,0.0,22,1.0,0.3,0.3,0.0,0.0,0.0,0.0,1,0.0,22,1.0,0.3,0.3,-12.3,-12.3,-12.3,-12.3,1,0.0,22,1.0,0.3,0.3,1003.7,1003.7,1003.7,1003.7,1,0.0,22,1.0,0.3,0.3,,,,,,,,,,,,,,,,,,,,,,,,,,,,,,,,,,,,,,,,,,,,,,,,,,,,,,,,,,,,,,,,,,,,,,,,,,,,,,,,,,,,,,,,,,,,,,,,,,,,,,,,,,,,,,,,,,,,,,,,,,,,,,,,,,,,,,,,,,,,,,,,,,,,,,
1905,6,258.0,-34.0,,,,,,,,,,,,,,,,,,,,,,,,,,,,,,,,,,,,,,,,4.93,5.65,6.37,5.65,2,1.48,2,1.0,0.5,0.5,4.93,5.65,6.37,5.65,2,1.48,2,1.0,0.5,0.5,0.0,0.0,0.0,0.0,2,0.0,2,1.0,0.5,0.5,1011.51,1011.95,1012.39,1011.95,2,0.92,2,1.0,0.5,0.5,,,,,,,,,,,,,,,,,,,,,,,,,,,,,,,,,,,,,,,,,,,,,,,,,,,,,,,,,,,,,,,,,,,,,,,,,,,,,,,,,,,,,,,,,,,,,,,,,,,,,,,,,,,,,,,,,,,,,,,,,,,,,,,,,,,,,,,,,,,,,,,,,,,,,,
1905,6,260.0,-42.0,,,,,,,,,,,,,,,,,,,,,,,,,,,,,,,,,,,,,,,,12.79,13.85,14.91,13.85,2,2.19,22,1.0,0.5,0.5,1.38,4.35,7.32,4.35,2,6.15,22,1.0,0.5,0.5,-11.58,-3.35,4.87,-3.35,2,17.04,22,1.0,0.5,0.5,1010.3,1010.3,1010.3,1010.3,1,0.0,22,1.0,0.8,0.8,,,,,,,,,,,,,,,,,,,,,,,,,,,,,,,,,,,,,,,,,,,,,,,,,,,,,,,,,,,,,,,,,,,,,,,,,,,,,,,,,,,,,,,,,,,,,,,,,,,,,,,,,,,,,,,,,,,,,,,,,,,,,,,,,,,,,,,,,,,,,,,,,,,,,,
1905,6,260.0,-34.0,,,,,,,,,,,,,,,,,,,,,,,,,,,,,,,,,,,,,,,,4.6,4.6,4.6,4.6,1,0.0,6,1.0,0.8,0.8,4.6,4.6,4.6,4.6,1,0.0,6,1.0,0.8,0.8,0.0,0.0,0.0,0.0,1,0.0,6,1.0,0.8,0.8,1013.1,1013.1,1013.1,1013.1,1,0.0,6,1.0,0.8,0.8,,,,,,,,,,,,,,,,,,,,,,,,,,,,,,,,,,,,,,,,,,,,,,,,,,,,,,,,,,,,,,,,,,,,,,,,,,,,,,,,,,,,,,,,,,,,,,,,,,,,,,,,,,,,,,,,,,,,,,,,,,,,,,,,,,,,,,,,,,,,,,,,,,,,,,
1905,6,260.0,-32.0,,,,,,,,,,,,,,,,,,,,,,,,,,,,,,,,,,,,,,,,4.6,4.6,4.6,4.6,1,0.0,2,1.0,0.3,0.8,4.6,4.6,4.6,4.6,1,0.0,2,1.0,0.3,0.8,0.0,0.0,0.0,0.0,1,0.0,2,1.0,0.3,0.8,1014.0,1014.0,1014.0,1014.0,1,0.0,2,1.0,0.3,0.8,,,,,,,,,,,,,,,,,,,,,,,,,,,,,,,,,,,,,,,,,,,,,,,,,,,,,,,,,,,,,,,,,,,,,,,,,,,,,,,,,,,,,,,,,,,,,,,,,,,,,,,,,,,,,,,,,,,,,,,,,,,,,,,,,,,,,,,,,,,,,,,,,,,,,,
1905,6,262.0,-34.0,,,,,,,,,,,,,,,,,,,,,,,,,,,,,,,,,,,,,,,,4.6,4.6,4.6,4.6,1,0.0,2,1.0,0.3,0.3,4.6,4.6,4.6,4.6,1,0.0,2,1.0,0.3,0.3,0.0,0.0,0.0,0.0,1,0.0,2,1.0,0.3,0.3,1010.7,1010.7,1010.7,1010.7,1,0.0,2,1.0,0.3,0.3,,,,,,,,,,,,,,,,,,,,,,,,,,,,,,,,,,,,,,,,,,,,,,,,,,,,,,,,,,,,,,,,,,,,,,,,,,,,,,,,,,,,,,,,,,,,,,,,,,,,,,,,,,,,,,,,,,,,,,,,,,,,,,,,,,,,,,,,,,,,,,,,,,,,,,
1905,6,262.0,-32.0,,,,,,,,,,,,,,,,,,,,,,,,,,,,,,,,,,,,,,,,4.6,4.6,4.6,4.6,1,0.0,2,1.0,0.3,0.8,4.27,4.27,4.27,4.27,1,0.0,2,1.0,0.3,0.8,1.72,1.72,1.72,1.72,1,0.0,2,1.0,0.3,0.8,1011.9,1011.9,1011.9,1011.9,1,0.0,2,1.0,0.3,0.8,,,,,,,,,,,,,,,,,,,,,,,,,,,,,,,,,,,,,,,,,,,,,,,,,,,,,,,,,,,,,,,,,,,,,,,,,,,,,,,,,,,,,,,,,,,,,,,,,,,,,,,,,,,,,,,,,,,,,,,,,,,,,,,,,,,,,,,,,,,,,,,,,,,,,,
1905,6,262.0,22.0,,,,,,,,,,,,,,,,,,,,,,,,,,,,,,,,,,,,,,,,4.6,4.6,6.7,5.44,5,1.15,16,0.4,0.6,0.5,-6.7,-4.6,-3.25,-4.9,5,1.73,16,0.4,0.6,0.5,0.0,0.0,3.25,1.3,5,1.78,16,0.4,0.6,0.5,1009.85,1010.4,1011.01,1010.42,5,0.65,16,0.4,0.6,0.5,,,,,,,,,,,,,,,,,,,,,,,,,,,,,,,,,,,,,,,,,,,,,,,,,,,,,,,,,,,,,,,,,,,,,,,,,,,,,,,,,,,,,,,,,,,,,,,,,,,,,,,,,,,,,,,,,,,,,,,,,,,,,,,,,,,,,,,,,,,,,,,,,,,,,,
1905,6,264.0,-34.0,,,,,,,,,,,,,,,,,,,,,,,,,,,,,,,,,,,,,,,,4.6,4.6,4.6,4.6,2,0.0,4,1.0,0.3,0.5,4.29,4.42,4.54,4.42,2,0.26,4,1.0,0.3,0.5,-1.51,-0.9,-0.29,-0.9,2,1.27,4,1.0,0.3,0.5,1013.64,1013.95,1014.26,1013.95,2,0.64,4,1.0,0.3,0.5,,,,,,,,,,,,,,,,,,,,,,,,,,,,,,,,,,,,,,,,,,,,,,,,,,,,,,,,,,,,,,,,,,,,,,,,,,,,,,,,,,,,,,,,,,,,,,,,,,,,,,,,,,,,,,,,,,,,,,,,,,,,,,,,,,,,,,,,,,,,,,,,,,,,,,
1905,6,264.0,-32.0,,,,,,,,,,,,,,,,,,,,,,,,,,,,,,,,,,,,,,,,2.92,3.6,4.28,3.6,2,1.41,2,1.0,0.5,0.8,2.86,3.42,3.97,3.42,2,1.16,2,1.0,0.5,0.8,-1.51,-0.9,-0.29,-0.9,2,1.27,2,1.0,0.5,0.8,1012.28,1013.1,1013.92,1013.1,2,1.7,2,1.0,0.5,0.8,,,,,,,,,,,,,,,,,,,,,,,,,,,,,,,,,,,,,,,,,,,,,,,,,,,,,,,,,,,,,,,,,,,,,,,,,,,,,,,,,,,,,,,,,,,,,,,,,,,,,,,,,,,,,,,,,,,,,,,,,,,,,,,,,,,,,,,,,,,,,,,,,,,,,,
1905,6,264.0,18.0,,,,,,,,,,,,,,,,,,,,,,,,,,,,,,,,,,,,,,,,6.7,6.7,9.92,8.07,6,2.32,18,0.3,0.7,0.5,-7.57,-5.47,-4.74,-6.4,6,2.58,18,0.3,0.7,0.5,-4.74,3.56,5.12,1.49,6,4.99,18,0.3,0.7,0.5,1010.63,1011.0,1011.37,1011.0,5,0.71,16,0.2,0.7,0.5,,,,,,,,,,,,,,,,,,,,,,,,,,,,,,,,,,,,,,,,,,,,,,,,,,,,,,,,,,,,,,,,,,,,,,,,,,,,,,,,,,,,,,,,,,,,,,,,,,,,,,,,,,,,,,,,,,,,,,,,,,,,,,,,,,,,,,,,,,,,,,,,,,,,,,
1905,6,264.0,22.0,,,,,,,,,,,,,,,,,,,,,,,,,,,,,,,,,,,,,,,,4.6,4.6,4.6,4.6,1,0.0,16,1.0,0.3,0.8,-3.25,-3.25,-3.25,-3.25,1,0.0,16,1.0,0.3,0.8,3.25,3.25,3.25,3.25,1,0.0,16,1.0,0.3,0.8,1010.0,1010.0,1010.0,1010.0,1,0.0,16,1.0,0.3,0.8,,,,,,,,,,,,,,,,,,,,,,,,,,,,,,,,,,,,,,,,,,,,,,,,,,,,,,,,,,,,,,,,,,,,,,,,,,,,,,,,,,,,,,,,,,,,,,,,,,,,,,,,,,,,,,,,,,,,,,,,,,,,,,,,,,,,,,,,,,,,,,,,,,,,,,
1905,6,264.0,24.0,,,,,,,,,,,,,,,,,,,,,,,,,,,,,,,,,,,,,,,,4.6,4.6,4.6,4.6,4,0.0,18,0.3,0.5,0.4,-3.25,-3.25,-3.25,-3.25,4,0.0,18,0.3,0.5,0.4,3.25,3.25,3.25,3.25,4,0.0,18,0.3,0.5,0.4,1010.74,1011.35,1012.07,1011.4,4,0.83,18,0.3,0.5,0.4,,,,,,,,,,,,,,,,,,,,,,,,,,,,,,,,,,,,,,,,,,,,,,,,,,,,,,,,,,,,,,,,,,,,,,,,,,,,,,,,,,,,,,,,,,,,,,,,,,,,,,,,,,,,,,,,,,,,,,,,,,,,,,,,,,,,,,,,,,,,,,,,,,,,,,
1905,6,266.0,-38.0,,,,,,,,,,,,,,,,,,,,,,,,,,,,,,,,,,,,,,,,19.0,19.0,19.0,19.0,1,0.0,24,1.0,0.8,0.8,19.0,19.0,19.0,19.0,1,0.0,24,1.0,0.8,0.8,0.0,0.0,0.0,0.0,1,0.0,24,1.0,0.8,0.8,1000.3,1000.3,1000.3,1000.3,1,0.0,24,1.0,0.8,0.8,,,,,,,,,,,,,,,,,,,,,,,,,,,,,,,,,,,,,,,,,,,,,,,,,,,,,,,,,,,,,,,,,,,,,,,,,,,,,,,,,,,,,,,,,,,,,,,,,,,,,,,,,,,,,,,,,,,,,,,,,,,,,,,,,,,,,,,,,,,,,,,,,,,,,,
1905,6,266.0,-36.0,,,,,,,,,,,,,,,,,,,,,,,,,,,,,,,,,,,,,,,,9.3,9.3,9.3,9.3,1,0.0,4,1.0,0.3,0.8,-3.63,-3.63,-3.63,-3.63,1,0.0,4,1.0,0.3,0.8,-8.56,-8.56,-8.56,-8.56,1,0.0,4,1.0,0.3,0.8,1014.6,1014.6,1014.6,1014.6,1,0.0,4,1.0,0.3,0.8,,,,,,,,,,,,,,,,,,,,,,,,,,,,,,,,,,,,,,,,,,,,,,,,,,,,,,,,,,,,,,,,,,,,,,,,,,,,,,,,,,,,,,,,,,,,,,,,,,,,,,,,,,,,,,,,,,,,,,,,,,,,,,,,,,,,,,,,,,,,,,,,,,,,,,
1905,6,266.0,-32.0,,,,,,,,,,,,,,,,,,,,,,,,,,,,,,,,,,,,,,,,5.35,6.95,8.55,6.95,2,3.32,4,1.0,0.5,0.5,0.73,2.3,3.87,2.3,2,3.25,4,1.0,0.5,0.5,-7.82,-4.65,-1.48,-4.65,2,6.58,4,1.0,0.5,0.5,1011.28,1012.75,1014.22,1012.75,2,3.04,4,1.0,0.5,0.5,,,,,,,,,,,,,,,,,,,,,,,,,,,,,,,,,,,,,,,,,,,,,,,,,,,,,,,,,,,,,,,,,,,,,,,,,,,,,,,,,,,,,,,,,,,,,,,,,,,,,,,,,,,,,,,,,,,,,,,,,,,,,,,,,,,,,,,,,,,,,,,,,,,,,,
1905,6,266.0,-24.0,,,,,,,,,,,,,,,,,,,,,,,,,,,,,,,,,,,,,,,,4.6,4.6,4.6,4.6,1,0.0,30,1.0,0.8,0.3,-4.6,-4.6,-4.6,-4.6,1,0.0,30,1.0,0.8,0.3,0.0,0.0,0.0,0.0,1,0.0,30,1.0,0.8,0.3,1022.3,1022.3,1022.3,1022.3,1,0.0,30,1.0,0.8,0.3,,,,,,,,,,,,,,,,,,,,,,,,,,,,,,,,,,,,,,,,,,,,,,,,,,,,,,,,,,,,,,,,,,,,,,,,,,,,,,,,,,,,,,,,,,,,,,,,,,,,,,,,,,,,,,,,,,,,,,,,,,,,,,,,,,,,,,,,,,,,,,,,,,,,,,
1905,6,266.0,-22.0,,,,,,,,,,,,,,,,,,,,,,,,,,,,,,,,,,,,,,,,4.6,4.6,4.6,4.6,1,0.0,30,1.0,0.8,0.3,-4.23,-4.23,-4.23,-4.23,1,0.0,30,1.0,0.8,0.3,1.8,1.8,1.8,1.8,1,0.0,30,1.0,0.8,0.3,1021.6,1021.6,1021.6,1021.6,1,0.0,30,1.0,0.8,0.3,,,,,,,,,,,,,,,,,,,,,,,,,,,,,,,,,,,,,,,,,,,,,,,,,,,,,,,,,,,,,,,,,,,,,,,,,,,,,,,,,,,,,,,,,,,,,,,,,,,,,,,,,,,,,,,,,,,,,,,,,,,,,,,,,,,,,,,,,,,,,,,,,,,,,,
1905,6,266.0,18.0,,,,,,,,,,,,,,,,,,,,,,,,,,,,,,,,,,,,,,,,6.7,6.7,6.7,6.7,1,0.0,6,1.0,0.5,0.5,-6.17,-6.17,-6.17,-6.17,1,0.0,6,1.0,0.5,0.5,-2.62,-2.62,-2.62,-2.62,1,0.0,6,1.0,0.5,0.5,1011.0,1011.0,1011.0,1011.0,1,0.0,6,1.0,0.5,0.5,,,,,,,,,,,,,,,,,,,,,,,,,,,,,,,,,,,,,,,,,,,,,,,,,,,,,,,,,,,,,,,,,,,,,,,,,,,,,,,,,,,,,,,,,,,,,,,,,,,,,,,,,,,,,,,,,,,,,,,,,,,,,,,,,,,,,,,,,,,,,,,,,,,,,,
1905,6,266.0,24.0,,,,,,,,,,,,,,,,,,,,,,,,,,,,,,,,,,,,,,,,2.92,3.6,4.28,3.6,2,1.41,18,1.0,0.3,0.8,-3.03,-2.55,-2.06,-2.55,2,1.0,18,1.0,0.3,0.8,2.06,2.55,3.03,2.55,2,1.0,18,1.0,0.3,0.8,1010.97,1011.75,1012.54,1011.75,2,1.63,18,1.0,0.3,0.8,,,,,,,,,,,,,,,,,,,,,,,,,,,,,,,,,,,,,,,,,,,,,,,,,,,,,,,,,,,,,,,,,,,,,,,,,,,,,,,,,,,,,,,,,,,,,,,,,,,,,,,,,,,,,,,,,,,,,,,,,,,,,,,,,,,,,,,,,,,,,,,,,,,,,,
1905,6,266.0,26.0,,,,,,,,,,,,,,,,,,,,,,,,,,,,,,,,,,,,,,,,1.51,2.6,2.6,2.07,3,0.92,18,0.0,0.6,0.3,-2.6,-2.6,-1.51,-2.07,3,0.92,18,0.0,0.6,0.3,0.0,0.0,0.0,0.0,3,0.0,18,0.0,0.6,0.3,1011.28,1012.1,1012.58,1011.93,3,0.96,18,0.0,0.6,0.3,,,,,,,,,,,,,,,,,,,,,,,,,,,,,,,,,,,,,,,,,,,,,,,,,,,,,,,,,,,,,,,,,,,,,,,,,,,,,,,,,,,,,,,,,,,,,,,,,,,,,,,,,,,,,,,,,,,,,,,,,,,,,,,,,,,,,,,,,,,,,,,,,,,,,,
1905,6,268.0,-48.0,,,,,,,,,,,,,,,,,,,,,,,,,,,,,,,,,,,,,,,,9.3,9.3,9.3,9.3,1,0.0,18,1.0,0.8,0.8,0.0,0.0,0.0,0.0,1,0.0,18,1.0,0.8,0.8,9.3,9.3,9.3,9.3,1,0.0,18,1.0,0.8,0.8,1008.0,1008.0,1008.0,1008.0,1,0.0,18,1.0,0.8,0.8,,,,,,,,,,,,,,,,,,,,,,,,,,,,,,,,,,,,,,,,,,,,,,,,,,,,,,,,,,,,,,,,,,,,,,,,,,,,,,,,,,,,,,,,,,,,,,,,,,,,,,,,,,,,,,,,,,,,,,,,,,,,,,,,,,,,,,,,,,,,,,,,,,,,,,
1905,6,268.0,-44.0,,,,,,,,,,,,,,,,,,,,,,,,,,,,,,,,,,,,,,,,9.3,9.3,9.3,9.3,1,0.0,18,1.0,0.8,0.3,6.58,6.58,6.58,6.58,1,0.0,18,1.0,0.8,0.3,6.58,6.58,6.58,6.58,1,0.0,18,1.0,0.8,0.3,1020.7,1020.7,1020.7,1020.7,1,0.0,18,1.0,0.8,0.3,,,,,,,,,,,,,,,,,,,,,,,,,,,,,,,,,,,,,,,,,,,,,,,,,,,,,,,,,,,,,,,,,,,,,,,,,,,,,,,,,,,,,,,,,,,,,,,,,,,,,,,,,,,,,,,,,,,,,,,,,,,,,,,,,,,,,,,,,,,,,,,,,,,,,,
1905,6,268.0,-42.0,,,,,,,,,,,,,,,,,,,,,,,,,,,,,,,,,,,,,,,,15.4,15.4,15.4,15.4,1,0.0,26,1.0,0.8,0.8,15.4,15.4,15.4,15.4,1,0.0,26,1.0,0.8,0.8,0.0,0.0,0.0,0.0,1,0.0,26,1.0,0.8,0.8,988.2,988.2,988.2,988.2,1,0.0,26,1.0,0.8,0.8,,,,,,,,,,,,,,,,,,,,,,,,,,,,,,,,,,,,,,,,,,,,,,,,,,,,,,,,,,,,,,,,,,,,,,,,,,,,,,,,,,,,,,,,,,,,,,,,,,,,,,,,,,,,,,,,,,,,,,,,,,,,,,,,,,,,,,,,,,,,,,,,,,,,,,
1905,6,268.0,-36.0,,,,,,,,,,,,,,,,,,,,,,,,,,,,,,,,,,,,,,,,8.65,12.85,17.05,12.85,2,8.7,14,1.0,0.5,0.8,7.77,10.07,12.37,10.07,2,4.76,14,1.0,0.5,0.8,-11.3,-6.72,-2.13,-6.72,2,9.5,14,1.0,0.5,0.8,1015.9,1015.9,1015.9,1015.9,1,0.0,6,1.0,0.3,0.8,,,,,,,,,,,,,,,,,,,,,,,,,,,,,,,,,,,,,,,,,,,,,,,,,,,,,,,,,,,,,,,,,,,,,,,,,,,,,,,,,,,,,,,,,,,,,,,,,,,,,,,,,,,,,,,,,,,,,,,,,,,,,,,,,,,,,,,,,,,,,,,,,,,,,,
1905,6,268.0,-32.0,,,,,,,,,,,,,,,,,,,,,,,,,,,,,,,,,,,,,,,,2.14,4.6,6.03,4.1,3,2.88,4,1.0,0.4,0.3,1.94,4.6,5.7,3.84,3,2.83,4,1.0,0.4,0.3,-0.48,0.0,1.71,0.6,3,1.69,4,1.0,0.4,0.3,1014.06,1015.7,1016.45,1015.27,3,1.79,4,1.0,0.4,0.3,,,,,,,,,,,,,,,,,,,,,,,,,,,,,,,,,,,,,,,,,,,,,,,,,,,,,,,,,,,,,,,,,,,,,,,,,,,,,,,,,,,,,,,,,,,,,,,,,,,,,,,,,,,,,,,,,,,,,,,,,,,,,,,,,,,,,,,,,,,,,,,,,,,,,,
1905,6,268.0,-22.0,,,,,,,,,,,,,,,,,,,,,,,,,,,,,,,,,,,,,,,,2.6,2.6,2.6,2.6,1,0.0,28,1.0,0.3,0.8,-1.84,-1.84,-1.84,-1.84,1,0.0,28,1.0,0.3,0.8,1.84,1.84,1.84,1.84,1,0.0,28,1.0,0.3,0.8,1020.0,1020.0,1020.0,1020.0,1,0.0,28,1.0,0.3,0.8,,,,,,,,,,,,,,,,,,,,,,,,,,,,,,,,,,,,,,,,,,,,,,,,,,,,,,,,,,,,,,,,,,,,,,,,,,,,,,,,,,,,,,,,,,,,,,,,,,,,,,,,,,,,,,,,,,,,,,,,,,,,,,,,,,,,,,,,,,,,,,,,,,,,,,
1905,6,268.0,-20.0,,,,,,,,,,,,,,,,,,,,,,,,,,,,,,,,,,,,,,,,0.32,1.0,2.09,1.2,3,1.31,26,1.0,0.6,0.6,-1.63,0.0,0.0,-0.8,3,1.38,26,1.0,0.6,0.6,0.32,1.0,1.01,0.67,3,0.58,26,1.0,0.6,0.6,1017.03,1017.1,1018.6,1017.8,3,1.3,26,1.0,0.6,0.6,,,,,,,,,,,,,,,,,,,,,,,,,,,,,,,,,,,,,,,,,,,,,,,,,,,,,,,,,,,,,,,,,,,,,,,,,,,,,,,,,,,,,,,,,,,,,,,,,,,,,,,,,,,,,,,,,,,,,,,,,,,,,,,,,,,,,,,,,,,,,,,,,,,,,,
1905,6,268.0,20.0,,,,,,,,,,,,,,,,,,,,,,,,,,,,,,,,,,,,,,,,4.6,4.6,4.6,4.6,3,0.0,30,1.0,0.4,0.8,-4.23,-4.23,-4.23,-4.23,3,0.0,30,1.0,0.4,0.8,1.8,1.8,1.8,1.8,3,0.0,30,1.0,0.4,0.8,1013.53,1014.9,1015.72,1014.63,3,1.62,30,1.0,0.4,0.8,,,,,,,,,,,,,,,,,,,,,,,,,,,,,,,,,,,,,,,,,,,,,,,,,,,,,,,,,,,,,,,,,,,,,,,,,,,,,,,,,,,,,,,,,,,,,,,,,,,,,,,,,,,,,,,,,,,,,,,,,,,,,,,,,,,,,,,,,,,,,,,,,,,,,,
1905,6,268.0,26.0,,,,,,,,,,,,,,,,,,,,,,,,,,,,,,,,,,,,,,,,0.73,2.3,3.87,2.3,2,3.25,12,1.0,0.5,0.8,-2.74,-1.63,-0.52,-1.63,2,2.3,12,1.0,0.5,0.8,-2.74,-1.63,-0.52,-1.63,2,2.3,12,1.0,0.5,0.8,1013.4,1014.7,1016.0,1014.7,2,2.69,12,1.0,0.5,0.8,,,,,,,,,,,,,,,,,,,,,,,,,,,,,,,,,,,,,,,,,,,,,,,,,,,,,,,,,,,,,,,,,,,,,,,,,,,,,,,,,,,,,,,,,,,,,,,,,,,,,,,,,,,,,,,,,,,,,,,,,,,,,,,,,,,,,,,,,,,,,,,,,,,,,,
1905,6,268.0,28.0,,,,,,,,,,,,,,,,,,,,,,,,,,,,,,,,,,,,,,,,0.16,0.5,0.84,0.5,2,0.71,14,0.5,0.5,0.3,-0.84,-0.5,-0.16,-0.5,2,0.71,14,0.5,0.5,0.3,0.0,0.0,0.0,0.0,2,0.0,14,0.5,0.5,0.3,1014.41,1015.3,1016.19,1015.3,2,1.84,14,0.5,0.5,0.3,,,,,,,,,,,,,,,,,,,,,,,,,,,,,,,,,,,,,,,,,,,,,,,,,,,,,,,,,,,,,,,,,,,,,,,,,,,,,,,,,,,,,,,,,,,,,,,,,,,,,,,,,,,,,,,,,,,,,,,,,,,,,,,,,,,,,,,,,,,,,,,,,,,,,,
1905,6,270.0,-50.0,,,,,,,,,,,,,,,,,,,,,,,,,,,,,,,,,,,,,,,,3.55,6.95,10.87,7.2,4,4.41,10,1.0,0.6,0.4,-7.69,-4.21,0.83,-3.46,4,5.32,10,1.0,0.6,0.4,2.51,4.91,7.69,5.09,4,3.12,10,1.0,0.6,0.4,1009.48,1020.4,1025.79,1017.7,3,12.18,10,1.0,0.8,0.4,,,,,,,,,,,,,,,,,,,,,,,,,,,,,,,,,,,,,,,,,,,,,,,,,,,,,,,,,,,,,,,,,,,,,,,,,,,,,,,,,,,,,,,,,,,,,,,,,,,,,,,,,,,,,,,,,,,,,,,,,,,,,,,,,,,,,,,,,,,,,,,,,,,,,,
1905,6,270.0,-46.0,,,,,,,,,,,,,,,,,,,,,,,,,,,,,,,,,,,,,,,,4.93,5.65,6.37,5.65,2,1.48,18,1.0,0.5,0.8,-3.12,0.07,3.26,0.07,2,6.6,18,1.0,0.5,0.8,0.75,2.37,3.99,2.37,2,3.35,18,1.0,0.5,0.8,1014.0,1014.0,1014.0,1014.0,1,0.0,30,1.0,0.8,0.8,,,,,,,,,,,,,,,,,,,,,,,,,,,,,,,,,,,,,,,,,,,,,,,,,,,,,,,,,,,,,,,,,,,,,,,,,,,,,,,,,,,,,,,,,,,,,,,,,,,,,,,,,,,,,,,,,,,,,,,,,,,,,,,,,,,,,,,,,,,,,,,,,,,,,,
1905,6,270.0,-44.0,,,,,,,,,,,,,,,,,,,,,,,,,,,,,,,,,,,,,,,,9.3,9.3,9.3,9.3,2,0.0,18,1.0,0.5,0.8,-8.25,-7.57,-6.89,-7.57,2,1.4,18,1.0,0.5,0.8,-4.96,-1.47,2.01,-1.47,2,7.22,18,1.0,0.5,0.8,1018.9,1018.9,1018.9,1018.9,1,0.0,30,1.0,0.8,0.8,,,,,,,,,,,,,,,,,,,,,,,,,,,,,,,,,,,,,,,,,,,,,,,,,,,,,,,,,,,,,,,,,,,,,,,,,,,,,,,,,,,,,,,,,,,,,,,,,,,,,,,,,,,,,,,,,,,,,,,,,,,,,,,,,,,,,,,,,,,,,,,,,,,,,,
1905,6,270.0,-42.0,,,,,,,,,,,,,,,,,,,,,,,,,,,,,,,,,,,,,,,,9.3,9.3,9.3,9.3,1,0.0,20,1.0,0.3,0.8,8.56,8.56,8.56,8.56,1,0.0,20,1.0,0.3,0.8,-3.63,-3.63,-3.63,-3.63,1,0.0,20,1.0,0.3,0.8,1032.8,1032.8,1032.8,1032.8,1,0.0,20,1.0,0.3,0.8,,,,,,,,,,,,,,,,,,,,,,,,,,,,,,,,,,,,,,,,,,,,,,,,,,,,,,,,,,,,,,,,,,,,,,,,,,,,,,,,,,,,,,,,,,,,,,,,,,,,,,,,,,,,,,,,,,,,,,,,,,,,,,,,,,,,,,,,,,,,,,,,,,,,,,
1905,6,270.0,-40.0,,,,,,,,,,,,,,,,,,,,,,,,,,,,,,,,,,,,,,,,2.6,3.6,4.6,3.6,4,1.15,12,1.0,0.6,0.5,-3.25,-1.63,1.26,-1.02,4,2.76,12,1.0,0.6,0.5,-2.94,-0.81,2.17,-0.41,4,3.07,12,1.0,0.6,0.5,1025.08,1028.7,1032.32,1028.7,2,7.5,20,1.0,0.8,0.5,,,,,,,,,,,,,,,,,,,,,,,,,,,,,,,,,,,,,,,,,,,,,,,,,,,,,,,,,,,,,,,,,,,,,,,,,,,,,,,,,,,,,,,,,,,,,,,,,,,,,,,,,,,,,,,,,,,,,,,,,,,,,,,,,,,,,,,,,,,,,,,,,,,,,,
1905,6,270.0,-38.0,,,,,,,,,,,,,,,,,,,,,,,,,,,,,,,,,,,,,,,,6.7,6.7,6.7,6.7,1,0.0,2,1.0,0.3,0.8,6.7,6.7,6.7,6.7,1,0.0,2,1.0,0.3,0.8,0.0,0.0,0.0,0.0,1,0.0,2,1.0,0.3,0.8,1000.6,1000.6,1000.6,1000.6,1,0.0,24,1.0,0.8,0.8,,,,,,,,,,,,,,,,,,,,,,,,,,,,,,,,,,,,,,,,,,,,,,,,,,,,,,,,,,,,,,,,,,,,,,,,,,,,,,,,,,,,,,,,,,,,,,,,,,,,,,,,,,,,,,,,,,,,,,,,,,,,,,,,,,,,,,,,,,,,,,,,,,,,,,
1905,6,270.0,-36.0,,,,,,,,,,,,,,,,,,,,,,,,,,,,,,,,,,,,,,,,4.6,4.6,4.6,4.6,1,0.0,6,1.0,0.8,0.8,4.6,4.6,4.6,4.6,1,0.0,6,1.0,0.8,0.8,0.0,0.0,0.0,0.0,1,0.0,6,1.0,0.8,0.8,1013.5,1013.5,1013.5,1013.5,1,0.0,6,1.0,0.8,0.8,,,,,,,,,,,,,,,,,,,,,,,,,,,,,,,,,,,,,,,,,,,,,,,,,,,,,,,,,,,,,,,,,,,,,,,,,,,,,,,,,,,,,,,,,,,,,,,,,,,,,,,,,,,,,,,,,,,,,,,,,,,,,,,,,,,,,,,,,,,,,,,,,,,,,,
1905,6,270.0,-34.0,,,,,,,,,,,,,,,,,,,,,,,,,,,,,,,,,,,,,,,,15.4,15.4,15.4,15.4,1,0.0,8,1.0,0.8,0.3,5.77,5.77,5.77,5.77,1,0.0,8,1.0,0.8,0.3,-14.28,-14.28,-14.28,-14.28,1,0.0,8,1.0,0.8,0.3,1005.1,1005.1,1005.1,1005.1,1,0.0,8,1.0,0.8,0.3,,,,,,,,,,,,,,,,,,,,,,,,,,,,,,,,,,,,,,,,,,,,,,,,,,,,,,,,,,,,,,,,,,,,,,,,,,,,,,,,,,,,,,,,,,,,,,,,,,,,,,,,,,,,,,,,,,,,,,,,,,,,,,,,,,,,,,,,,,,,,,,,,,,,,,
1905,6,270.0,-32.0,,,,,,,,,,,,,,,,,,,,,,,,,,,,,,,,,,,,,,,,2.14,4.6,7.81,4.97,3,4.16,12,1.0,0.4,0.4,0.35,3.25,6.88,3.6,3,4.79,12,1.0,0.4,0.4,-3.51,-3.25,-1.03,-2.3,3,2.0,12,1.0,0.4,0.4,1014.16,1016.0,1016.14,1015.17,3,1.62,12,1.0,0.4,0.4,,,,,,,,,,,,,,,,,,,,,,,,,,,,,,,,,,,,,,,,,,,,,,,,,,,,,,,,,,,,,,,,,,,,,,,,,,,,,,,,,,,,,,,,,,,,,,,,,,,,,,,,,,,,,,,,,,,,,,,,,,,,,,,,,,,,,,,,,,,,,,,,,,,,,,
1905,6,270.0,-20.0,,,,,,,,,,,,,,,,,,,,,,,,,,,,,,,,,,,,,,,,2.32,5.15,7.98,5.15,2,5.87,28,1.0,0.3,0.8,-7.97,-5.11,-2.25,-5.11,2,5.93,28,1.0,0.3,0.8,0.06,0.2,0.33,0.2,2,0.28,28,1.0,0.3,0.8,1017.47,1018.05,1018.63,1018.05,2,1.2,28,1.0,0.3,0.8,,,,,,,,,,,,,,,,,,,,,,,,,,,,,,,,,,,,,,,,,,,,,,,,,,,,,,,,,,,,,,,,,,,,,,,,,,,,,,,,,,,,,,,,,,,,,,,,,,,,,,,,,,,,,,,,,,,,,,,,,,,,,,,,,,,,,,,,,,,,,,,,,,,,,,
1905,6,270.0,-18.0,,,,,,,,,,,,,,,,,,,,,,,,,,,,,,,,,,,,,,,,1.25,1.8,2.35,1.8,2,1.13,22,1.0,0.3,0.5,-2.16,-1.66,-1.15,-1.66,2,1.04,22,1.0,0.3,0.5,0.49,0.7,0.92,0.7,2,0.44,22,1.0,0.3,0.5,1015.79,1016.4,1017.01,1016.4,2,1.27,22,1.0,0.3,0.5,,,,,,,,,,,,,,,,,,,,,,,,,,,,,,,,,,,,,,,,,,,,,,,,,,,,,,,,,,,,,,,,,,,,,,,,,,,,,,,,,,,,,,,,,,,,,,,,,,,,,,,,,,,,,,,,,,,,,,,,,,,,,,,,,,,,,,,,,,,,,,,,,,,,,,
1905,6,270.0,-16.0,,,,,,,,,,,,,,,,,,,,,,,,,,,,,,,,,,,,,,,,4.6,4.6,4.6,4.6,1,0.0,22,1.0,0.8,0.3,-4.23,-4.23,-4.23,-4.23,1,0.0,22,1.0,0.8,0.3,1.8,1.8,1.8,1.8,1,0.0,22,1.0,0.8,0.3,1015.7,1015.7,1015.7,1015.7,1,0.0,22,1.0,0.8,0.3,,,,,,,,,,,,,,,,,,,,,,,,,,,,,,,,,,,,,,,,,,,,,,,,,,,,,,,,,,,,,,,,,,,,,,,,,,,,,,,,,,,,,,,,,,,,,,,,,,,,,,,,,,,,,,,,,,,,,,,,,,,,,,,,,,,,,,,,,,,,,,,,,,,,,,
1905,6,270.0,20.0,,,,,,,,,,,,,,,,,,,,,,,,,,,,,,,,,,,,,,,,3.23,4.6,6.03,4.63,3,2.05,18,0.3,0.5,0.5,-5.59,-4.27,-2.61,-4.11,3,2.19,18,0.3,0.5,0.5,-1.17,1.72,1.8,0.35,3,2.48,18,0.3,0.5,0.5,1012.01,1013.1,1014.74,1013.37,3,2.01,18,0.3,0.5,0.5,,,,,,,,,,,,,,,,,,,,,,,,,,,,,,,,,,,,,,,,,,,,,,,,,,,,,,,,,,,,,,,,,,,,,,,,,,,,,,,,,,,,,,,,,,,,,,,,,,,,,,,,,,,,,,,,,,,,,,,,,,,,,,,,,,,,,,,,,,,,,,,,,,,,,,
1905,6,270.0,22.0,,,,,,,,,,,,,,,,,,,,,,,,,,,,,,,,,,,,,,,,3.29,4.6,6.32,4.82,5,2.95,22,0.4,0.7,0.1,-6.32,-4.6,-2.97,-4.69,5,3.05,22,0.4,0.7,0.1,0.0,0.0,1.08,0.49,5,0.76,22,0.4,0.7,0.1,1012.59,1013.9,1016.66,1014.5,5,2.14,22,0.4,0.6,0.1,,,,,,,,,,,,,,,,,,,,,,,,,,,,,,,,,,,,,,,,,,,,,,,,,,,,,,,,,,,,,,,,,,,,,,,,,,,,,,,,,,,,,,,,,,,,,,,,,,,,,,,,,,,,,,,,,,,,,,,,,,,,,,,,,,,,,,,,,,,,,,,,,,,,,,
1905,6,270.0,24.0,,,,,,,,,,,,,,,,,,,,,,,,,,,,,,,,,,,,,,,,4.6,4.6,4.6,4.6,3,0.0,18,0.7,0.5,0.3,-4.6,-4.6,-4.6,-4.6,3,0.0,18,0.7,0.5,0.3,0.0,0.0,0.0,0.0,3,0.0,18,0.7,0.5,0.3,1014.35,1015.1,1015.24,1014.8,3,0.7,18,0.7,0.5,0.3,,,,,,,,,,,,,,,,,,,,,,,,,,,,,,,,,,,,,,,,,,,,,,,,,,,,,,,,,,,,,,,,,,,,,,,,,,,,,,,,,,,,,,,,,,,,,,,,,,,,,,,,,,,,,,,,,,,,,,,,,,,,,,,,,,,,,,,,,,,,,,,,,,,,,,
1905,6,270.0,26.0,,,,,,,,,,,,,,,,,,,,,,,,,,,,,,,,,,,,,,,,1.0,2.6,5.23,2.94,18,2.2,14,0.3,0.8,0.4,-4.64,-1.83,-0.34,-2.38,18,2.22,14,0.3,0.8,0.4,-1.16,-0.32,2.13,0.1,18,1.75,14,0.3,0.8,0.4,1014.9,1015.0,1015.68,1015.25,8,0.67,16,0.3,0.6,0.3,,,,,,,,,,,,,,,,,,,,,,,,,,,,,,,,,,,,,,,,,,,,,,,,,,,,,,,,,,,,,,,,,,,,,,,,,,,,,,,,,,,,,,,,,,,,,,,,,,,,,,,,,,,,,,,,,,,,,,,,,,,,,,,,,,,,,,,,,,,,,,,,,,,,,,
1905,6,270.0,28.0,,,,,,,,,,,,,,,,,,,,,,,,,,,,,,,,,,,,,,,,1.53,2.6,4.6,3.33,22,2.44,14,0.5,0.8,0.2,-4.48,-0.19,1.85,-1.09,22,3.49,14,0.5,0.8,0.2,0.0,1.73,2.44,1.54,22,1.28,14,0.5,0.8,0.2,1014.29,1014.7,1016.41,1015.33,3,1.64,22,0.7,0.7,0.0,,,,,,,,,,,,,,,,,,,,,,,,,,,,,,,,,,,,,,,,,,,,,,,,,,,,,,,,,,,,,,,,,,,,,,,,,,,,,,,,,,,,,,,,,,,,,,,,,,,,,,,,,,,,,,,,,,,,,,,,,,,,,,,,,,,,,,,,,,,,,,,,,,,,,,
1905,6,272.0,-54.0,,,,,,,,,,,,,,,,,,,,,,,,,,,,,,,,,,,,,,,,12.79,13.85,14.91,13.85,2,2.19,26,1.0,0.5,0.5,-10.44,-8.55,-6.65,-8.55,2,3.93,26,1.0,0.5,0.5,6.31,9.54,12.78,9.54,2,6.7,26,1.0,0.5,0.5,984.76,984.9,985.04,984.9,2,0.28,26,1.0,0.5,0.5,,,,,,,,,,,,,,,,,,,,,,,,,,,,,,,,,,,,,,,,,,,,,,,,,,,,,,,,,,,,,,,,,,,,,,,,,,,,,,,,,,,,,,,,,,,,,,,,,,,,,,,,,,,,,,,,,,,,,,,,,,,,,,,,,,,,,,,,,,,,,,,,,,,,,,
1905,6,272.0,-50.0,,,,,,,,,,,,,,,,,,,,,,,,,,,,,,,,,,,,,,,,12.3,12.3,12.3,12.3,1,0.0,28,1.0,0.3,0.8,8.7,8.7,8.7,8.7,1,0.0,28,1.0,0.3,0.8,8.7,8.7,8.7,8.7,1,0.0,28,1.0,0.3,0.8,994.9,994.9,994.9,994.9,1,0.0,28,1.0,0.3,0.8,,,,,,,,,,,,,,,,,,,,,,,,,,,,,,,,,,,,,,,,,,,,,,,,,,,,,,,,,,,,,,,,,,,,,,,,,,,,,,,,,,,,,,,,,,,,,,,,,,,,,,,,,,,,,,,,,,,,,,,,,,,,,,,,,,,,,,,,,,,,,,,,,,,,,,
1905,6,272.0,-48.0,,,,,,,,,,,,,,,,,,,,,,,,,,,,,,,,,,,,,,,,3.9,6.7,8.47,6.2,3,3.38,22,1.0,0.6,0.6,-2.04,-1.02,-0.32,-1.18,3,1.26,22,1.0,0.6,0.6,0.34,6.21,8.32,4.37,3,6.06,22,1.0,0.6,0.6,1017.68,1027.1,1027.37,1022.63,3,8.09,22,1.0,0.6,0.6,,,,,,,,,,,,,,,,,,,,,,,,,,,,,,,,,,,,,,,,,,,,,,,,,,,,,,,,,,,,,,,,,,,,,,,,,,,,,,,,,,,,,,,,,,,,,,,,,,,,,,,,,,,,,,,,,,,,,,,,,,,,,,,,,,,,,,,,,,,,,,,,,,,,,,
1905,6,272.0,-44.0,,,,,,,,,,,,,,,,,,,,,,,,,,,,,,,,,,,,,,,,9.3,9.3,9.3,9.3,1,0.0,4,1.0,0.8,0.3,-8.56,-8.56,-8.56,-8.56,1,0.0,4,1.0,0.8,0.3,3.63,3.63,3.63,3.63,1,0.0,4,1.0,0.8,0.3,1015.9,1015.9,1015.9,1015.9,1,0.0,4,1.0,0.8,0.3,,,,,,,,,,,,,,,,,,,,,,,,,,,,,,,,,,,,,,,,,,,,,,,,,,,,,,,,,,,,,,,,,,,,,,,,,,,,,,,,,,,,,,,,,,,,,,,,,,,,,,,,,,,,,,,,,,,,,,,,,,,,,,,,,,,,,,,,,,,,,,,,,,,,,,
1905,6,272.0,-42.0,,,,,,,,,,,,,,,,,,,,,,,,,,,,,,,,,,,,,,,,0.0,0.0,0.0,0.0,1,0.0,2,1.0,0.8,0.8,0.0,0.0,0.0,0.0,1,0.0,2,1.0,0.8,0.8,0.0,0.0,0.0,0.0,1,0.0,2,1.0,0.8,0.8,1007.0,1007.0,1007.0,1007.0,1,0.0,2,1.0,0.8,0.8,,,,,,,,,,,,,,,,,,,,,,,,,,,,,,,,,,,,,,,,,,,,,,,,,,,,,,,,,,,,,,,,,,,,,,,,,,,,,,,,,,,,,,,,,,,,,,,,,,,,,,,,,,,,,,,,,,,,,,,,,,,,,,,,,,,,,,,,,,,,,,,,,,,,,,
1905,6,272.0,-40.0,,,,,,,,,,,,,,,,,,,,,,,,,,,,,,,,,,,,,,,,7.94,10.8,12.3,10.15,4,2.7,12,0.5,0.8,0.6,5.08,8.32,10.09,7.62,4,3.7,12,0.5,0.8,0.6,-7.89,-5.51,-3.95,-5.91,4,2.65,12,0.5,0.8,0.6,996.38,999.35,1002.32,999.35,2,6.15,14,1.0,0.8,0.5,,,,,,,,,,,,,,,,,,,,,,,,,,,,,,,,,,,,,,,,,,,,,,,,,,,,,,,,,,,,,,,,,,,,,,,,,,,,,,,,,,,,,,,,,,,,,,,,,,,,,,,,,,,,,,,,,,,,,,,,,,,,,,,,,,,,,,,,,,,,,,,,,,,,,,
1905,6,272.0,-38.0,,,,,,,,,,,,,,,,,,,,,,,,,,,,,,,,,,,,,,,,11.2,12.3,13.43,12.32,5,2.16,10,0.8,0.4,0.6,5.48,6.15,7.78,6.47,5,1.36,10,0.8,0.4,0.6,-12.11,-10.65,-8.58,-10.39,5,2.31,10,0.8,0.4,0.6,990.66,990.8,991.82,991.23,3,0.93,10,1.0,0.3,0.8,,,,,,,,,,,,,,,,,,,,,,,,,,,,,,,,,,,,,,,,,,,,,,,,,,,,,,,,,,,,,,,,,,,,,,,,,,,,,,,,,,,,,,,,,,,,,,,,,,,,,,,,,,,,,,,,,,,,,,,,,,,,,,,,,,,,,,,,,,,,,,,,,,,,,,
1905,6,272.0,-36.0,,,,,,,,,,,,,,,,,,,,,,,,,,,,,,,,,,,,,,,,10.71,13.85,19.0,13.77,6,5.4,18,0.8,0.6,0.3,3.65,8.74,17.8,9.76,6,7.52,18,0.8,0.6,0.3,-11.63,-6.11,0.0,-6.38,6,6.08,18,0.8,0.6,0.3,999.53,1001.6,1003.97,1002.5,7,6.38,18,0.7,0.7,0.3,,,,,,,,,,,,,,,,,,,,,,,,,,,,,,,,,,,,,,,,,,,,,,,,,,,,,,,,,,,,,,,,,,,,,,,,,,,,,,,,,,,,,,,,,,,,,,,,,,,,,,,,,,,,,,,,,,,,,,,,,,,,,,,,,,,,,,,,,,,,,,,,,,,,,,
1905,6,272.0,-34.0,,,,,,,,,,,,,,,,,,,,,,,,,,,,,,,,,,,,,,,,6.7,6.7,6.7,6.7,1,0.0,6,1.0,0.3,0.8,-2.62,-2.62,-2.62,-2.62,1,0.0,6,1.0,0.3,0.8,-6.17,-6.17,-6.17,-6.17,1,0.0,6,1.0,0.3,0.8,1016.3,1016.3,1016.3,1016.3,1,0.0,6,1.0,0.3,0.8,,,,,,,,,,,,,,,,,,,,,,,,,,,,,,,,,,,,,,,,,,,,,,,,,,,,,,,,,,,,,,,,,,,,,,,,,,,,,,,,,,,,,,,,,,,,,,,,,,,,,,,,,,,,,,,,,,,,,,,,,,,,,,,,,,,,,,,,,,,,,,,,,,,,,,
1905,6,272.0,-24.0,,,,,,,,,,,,,,,,,,,,,,,,,,,,,,,,,,,,,,,,2.6,2.6,2.6,2.6,2,0.0,28,1.0,0.8,0.8,-2.01,-1.2,-0.38,-1.2,2,1.69,28,1.0,0.8,0.8,1.27,1.81,2.35,1.81,2,1.12,28,1.0,0.8,0.8,1017.79,1018.4,1019.01,1018.4,2,1.27,28,1.0,0.8,0.8,,,,,,,,,,,,,,,,,,,,,,,,,,,,,,,,,,,,,,,,,,,,,,,,,,,,,,,,,,,,,,,,,,,,,,,,,,,,,,,,,,,,,,,,,,,,,,,,,,,,,,,,,,,,,,,,,,,,,,,,,,,,,,,,,,,,,,,,,,,,,,,,,,,,,,
1905,6,272.0,-22.0,,,,,,,,,,,,,,,,,,,,,,,,,,,,,,,,,,,,,,,,6.7,6.7,6.7,6.7,1,0.0,30,1.0,0.3,0.8,-4.74,-4.74,-4.74,-4.74,1,0.0,30,1.0,0.3,0.8,4.74,4.74,4.74,4.74,1,0.0,30,1.0,0.3,0.8,1019.9,1019.9,1019.9,1019.9,1,0.0,30,1.0,0.3,0.8,,,,,,,,,,,,,,,,,,,,,,,,,,,,,,,,,,,,,,,,,,,,,,,,,,,,,,,,,,,,,,,,,,,,,,,,,,,,,,,,,,,,,,,,,,,,,,,,,,,,,,,,,,,,,,,,,,,,,,,,,,,,,,,,,,,,,,,,,,,,,,,,,,,,,,
1905,6,272.0,-14.0,,,,,,,,,,,,,,,,,,,,,,,,,,,,,,,,,,,,,,,,4.6,4.6,4.6,4.6,1,0.0,20,1.0,0.3,0.3,-3.25,-3.25,-3.25,-3.25,1,0.0,20,1.0,0.3,0.3,3.25,3.25,3.25,3.25,1,0.0,20,1.0,0.3,0.3,1016.2,1016.2,1016.2,1016.2,1,0.0,20,1.0,0.3,0.3,,,,,,,,,,,,,,,,,,,,,,,,,,,,,,,,,,,,,,,,,,,,,,,,,,,,,,,,,,,,,,,,,,,,,,,,,,,,,,,,,,,,,,,,,,,,,,,,,,,,,,,,,,,,,,,,,,,,,,,,,,,,,,,,,,,,,,,,,,,,,,,,,,,,,,
1905,6,272.0,-12.0,,,,,,,,,,,,,,,,,,,,,,,,,,,,,,,,,,,,,,,,6.7,6.7,6.7,6.7,1,0.0,20,1.0,0.8,0.3,-4.74,-4.74,-4.74,-4.74,1,0.0,20,1.0,0.8,0.3,4.74,4.74,4.74,4.74,1,0.0,20,1.0,0.8,0.3,1016.0,1016.0,1016.0,1016.0,1,0.0,20,1.0,0.8,0.3,,,,,,,,,,,,,,,,,,,,,,,,,,,,,,,,,,,,,,,,,,,,,,,,,,,,,,,,,,,,,,,,,,,,,,,,,,,,,,,,,,,,,,,,,,,,,,,,,,,,,,,,,,,,,,,,,,,,,,,,,,,,,,,,,,,,,,,,,,,,,,,,,,,,,,
1905,6,272.0,22.0,,,,,,,,,,,,,,,,,,,,,,,,,,,,,,,,,,,,,,,,2.54,4.6,4.6,3.88,10,1.52,22,0.8,0.8,0.4,-4.46,-3.52,-1.8,-3.29,10,1.44,22,0.8,0.8,0.4,-2.96,0.0,1.29,-0.72,10,2.08,22,0.8,0.8,0.4,1016.35,1016.45,1016.55,1016.45,2,0.21,28,0.5,0.8,0.0,,,,,,,,,,,,,,,,,,,,,,,,,,,,,,,,,,,,,,,,,,,,,,,,,,,,,,,,,,,,,,,,,,,,,,,,,,,,,,,,,,,,,,,,,,,,,,,,,,,,,,,,,,,,,,,,,,,,,,,,,,,,,,,,,,,,,,,,,,,,,,,,,,,,,,
1905,6,272.0,26.0,,,,,,,,,,,,,,,,,,,,,,,,,,,,,,,,,,,,,,,,1.0,4.6,6.7,4.4,16,2.62,12,0.5,0.8,0.4,-6.7,-3.05,1.41,-2.39,16,4.3,12,0.5,0.8,0.4,-1.79,0.0,0.44,-0.55,16,1.63,12,0.5,0.8,0.4,1014.27,1016.0,1018.44,1016.24,5,2.45,18,0.6,0.8,0.2,,,,,,,,,,,,,,,,,,,,,,,,,,,,,,,,,,,,,,,,,,,,,,,,,,,,,,,,,,,,,,,,,,,,,,,,,,,,,,,,,,,,,,,,,,,,,,,,,,,,,,,,,,,,,,,,,,,,,,,,,,,,,,,,,,,,,,,,,,,,,,,,,,,,,,
1905,6,272.0,28.0,,,,,,,,,,,,,,,,,,,,,,,,,,,,,,,,,,,,,,,,4.5,4.6,6.82,5.59,7,2.16,22,0.4,0.6,0.2,-2.2,4.32,6.7,2.22,7,5.83,22,0.4,0.6,0.2,0.0,0.0,1.59,0.71,7,0.89,22,0.4,0.6,0.2,1017.54,1018.6,1018.82,1018.26,5,0.82,28,0.4,0.6,0.3,,,,,,,,,,,,,,,,,,,,,,,,,,,,,,,,,,,,,,,,,,,,,,,,,,,,,,,,,,,,,,,,,,,,,,,,,,,,,,,,,,,,,,,,,,,,,,,,,,,,,,,,,,,,,,,,,,,,,,,,,,,,,,,,,,,,,,,,,,,,,,,,,,,,,,
1905,6,274.0,-58.0,,,,,,,,,,,,,,,,,,,,,,,,,,,,,,,,,,,,,,,,4.6,4.6,4.6,4.6,1,0.0,26,1.0,0.3,0.3,3.25,3.25,3.25,3.25,1,0.0,26,1.0,0.3,0.3,-3.25,-3.25,-3.25,-3.25,1,0.0,26,1.0,0.3,0.3,980.6,980.6,980.6,980.6,1,0.0,26,1.0,0.3,0.3,,,,,,,,,,,,,,,,,,,,,,,,,,,,,,,,,,,,,,,,,,,,,,,,,,,,,,,,,,,,,,,,,,,,,,,,,,,,,,,,,,,,,,,,,,,,,,,,,,,,,,,,,,,,,,,,,,,,,,,,,,,,,,,,,,,,,,,,,,,,,,,,,,,,,,
1905,6,274.0,-56.0,,,,,,,,,,,,,,,,,,,,,,,,,,,,,,,,,,,,,,,,4.6,4.6,5.7,5.13,4,1.05,26,1.0,0.5,0.5,-4.03,-2.49,-0.82,-2.43,4,2.03,26,1.0,0.5,0.5,3.73,4.43,4.67,4.21,4,0.67,26,1.0,0.5,0.5,983.88,984.85,985.88,984.88,4,1.28,26,1.0,0.5,0.5,,,,,,,,,,,,,,,,,,,,,,,,,,,,,,,,,,,,,,,,,,,,,,,,,,,,,,,,,,,,,,,,,,,,,,,,,,,,,,,,,,,,,,,,,,,,,,,,,,,,,,,,,,,,,,,,,,,,,,,,,,,,,,,,,,,,,,,,,,,,,,,,,,,,,,
1905,6,274.0,-52.0,,,,,,,,,,,,,,,,,,,,,,,,,,,,,,,,,,,,,,,,8.48,12.3,12.3,10.43,3,3.23,28,1.0,0.4,0.4,-1.71,0.0,0.0,-0.84,3,1.45,28,1.0,0.4,0.4,8.14,12.3,12.3,10.27,3,3.51,28,1.0,0.4,0.4,990.43,990.7,990.97,990.7,2,0.57,28,1.0,0.5,0.5,,,,,,,,,,,,,,,,,,,,,,,,,,,,,,,,,,,,,,,,,,,,,,,,,,,,,,,,,,,,,,,,,,,,,,,,,,,,,,,,,,,,,,,,,,,,,,,,,,,,,,,,,,,,,,,,,,,,,,,,,,,,,,,,,,,,,,,,,,,,,,,,,,,,,,
1905,6,274.0,-48.0,,,,,,,,,,,,,,,,,,,,,,,,,,,,,,,,,,,,,,,,9.3,15.4,19.0,14.22,9,4.3,16,0.6,0.4,0.7,-15.31,-9.9,3.07,-6.73,9,8.69,16,0.6,0.4,0.7,7.71,9.5,11.73,10.02,9,2.56,16,0.6,0.4,0.7,995.89,1003.55,1005.36,1001.54,8,5.11,16,0.5,0.4,0.7,,,,,,,,,,,,,,,,,,,,,,,,,,,,,,,,,,,,,,,,,,,,,,,,,,,,,,,,,,,,,,,,,,,,,,,,,,,,,,,,,,,,,,,,,,,,,,,,,,,,,,,,,,,,,,,,,,,,,,,,,,,,,,,,,,,,,,,,,,,,,,,,,,,,,,
1905,6,274.0,-46.0,,,,,,,,,,,,,,,,,,,,,,,,,,,,,,,,,,,,,,,,4.63,9.0,13.37,9.0,2,9.05,18,1.0,0.3,0.5,1.45,6.65,11.86,6.65,2,10.79,18,1.0,0.3,0.5,2.94,4.09,5.24,4.09,2,2.37,18,1.0,0.3,0.5,1009.76,1012.25,1014.74,1012.25,2,5.16,18,1.0,0.3,0.5,,,,,,,,,,,,,,,,,,,,,,,,,,,,,,,,,,,,,,,,,,,,,,,,,,,,,,,,,,,,,,,,,,,,,,,,,,,,,,,,,,,,,,,,,,,,,,,,,,,,,,,,,,,,,,,,,,,,,,,,,,,,,,,,,,,,,,,,,,,,,,,,,,,,,,
1905,6,274.0,-44.0,,,,,,,,,,,,,,,,,,,,,,,,,,,,,,,,,,,,,,,,9.97,13.85,19.0,13.17,6,6.67,18,0.5,0.7,0.6,-0.89,6.5,11.37,5.08,6,6.71,18,0.5,0.7,0.6,-17.85,-4.51,2.21,-5.23,6,11.99,18,0.5,0.7,0.6,986.71,997.1,1009.45,999.18,5,18.69,16,0.4,0.7,0.6,,,,,,,,,,,,,,,,,,,,,,,,,,,,,,,,,,,,,,,,,,,,,,,,,,,,,,,,,,,,,,,,,,,,,,,,,,,,,,,,,,,,,,,,,,,,,,,,,,,,,,,,,,,,,,,,,,,,,,,,,,,,,,,,,,,,,,,,,,,,,,,,,,,,,,
1905,6,274.0,-42.0,,,,,,,,,,,,,,,,,,,,,,,,,,,,,,,,,,,,,,,,12.3,13.85,19.0,15.05,6,3.29,12,0.7,0.7,0.8,5.05,8.66,13.61,9.67,6,5.4,12,0.7,0.7,0.8,-10.48,3.95,12.16,1.66,6,11.74,12,0.7,0.7,0.8,1000.18,1003.75,1005.44,1003.18,6,3.57,12,0.7,0.7,0.8,,,,,,,,,,,,,,,,,,,,,,,,,,,,,,,,,,,,,,,,,,,,,,,,,,,,,,,,,,,,,,,,,,,,,,,,,,,,,,,,,,,,,,,,,,,,,,,,,,,,,,,,,,,,,,,,,,,,,,,,,,,,,,,,,,,,,,,,,,,,,,,,,,,,,,
1905,6,274.0,-40.0,,,,,,,,,,,,,,,,,,,,,,,,,,,,,,,,,,,,,,,,7.58,12.3,13.43,10.78,5,4.07,12,0.8,0.6,0.3,4.89,8.05,8.96,7.14,5,2.26,12,0.8,0.6,0.3,-6.43,4.65,8.2,1.0,5,9.58,12,0.8,0.6,0.3,991.29,992.3,1017.89,1003.34,5,18.28,12,0.8,0.6,0.3,,,,,,,,,,,,,,,,,,,,,,,,,,,,,,,,,,,,,,,,,,,,,,,,,,,,,,,,,,,,,,,,,,,,,,,,,,,,,,,,,,,,,,,,,,,,,,,,,,,,,,,,,,,,,,,,,,,,,,,,,,,,,,,,,,,,,,,,,,,,,,,,,,,,,,
1905,6,274.0,-38.0,,,,,,,,,,,,,,,,,,,,,,,,,,,,,,,,,,,,,,,,6.7,6.7,6.7,6.7,1,0.0,22,1.0,0.3,0.3,-6.21,-6.21,-6.21,-6.21,1,0.0,22,1.0,0.3,0.3,-2.51,-2.51,-2.51,-2.51,1,0.0,22,1.0,0.3,0.3,1024.3,1024.3,1024.3,1024.3,1,0.0,22,1.0,0.3,0.3,,,,,,,,,,,,,,,,,,,,,,,,,,,,,,,,,,,,,,,,,,,,,,,,,,,,,,,,,,,,,,,,,,,,,,,,,,,,,,,,,,,,,,,,,,,,,,,,,,,,,,,,,,,,,,,,,,,,,,,,,,,,,,,,,,,,,,,,,,,,,,,,,,,,,,
1905,6,274.0,-36.0,,,,,,,,,,,,,,,,,,,,,,,,,,,,,,,,,,,,,,,,10.73,13.85,17.29,14.0,4,4.16,12,0.8,0.4,0.8,3.67,8.82,13.82,8.75,4,5.86,12,0.8,0.4,0.8,-12.54,-10.15,-7.31,-9.94,4,3.25,12,0.8,0.4,0.8,1005.1,1006.6,1008.1,1006.6,3,2.2,14,0.7,0.4,0.8,,,,,,,,,,,,,,,,,,,,,,,,,,,,,,,,,,,,,,,,,,,,,,,,,,,,,,,,,,,,,,,,,,,,,,,,,,,,,,,,,,,,,,,,,,,,,,,,,,,,,,,,,,,,,,,,,,,,,,,,,,,,,,,,,,,,,,,,,,,,,,,,,,,,,,
1905,6,274.0,-34.0,,,,,,,,,,,,,,,,,,,,,,,,,,,,,,,,,,,,,,,,6.09,9.3,15.92,10.97,3,7.34,20,1.0,0.4,0.4,5.88,8.62,11.91,8.89,3,4.42,20,1.0,0.4,0.4,1.11,3.48,10.28,5.64,3,6.97,20,1.0,0.4,0.4,1001.97,1003.4,1009.48,1005.67,3,5.84,20,1.0,0.4,0.4,,,,,,,,,,,,,,,,,,,,,,,,,,,,,,,,,,,,,,,,,,,,,,,,,,,,,,,,,,,,,,,,,,,,,,,,,,,,,,,,,,,,,,,,,,,,,,,,,,,,,,,,,,,,,,,,,,,,,,,,,,,,,,,,,,,,,,,,,,,,,,,,,,,,,,
1905,6,274.0,-32.0,,,,,,,,,,,,,,,,,,,,,,,,,,,,,,,,,,,,,,,,12.3,12.3,12.3,12.3,1,0.0,8,1.0,0.3,0.3,4.61,4.61,4.61,4.61,1,0.0,8,1.0,0.3,0.3,-11.4,-11.4,-11.4,-11.4,1,0.0,8,1.0,0.3,0.3,1012.7,1012.7,1012.7,1012.7,1,0.0,8,1.0,0.3,0.3,,,,,,,,,,,,,,,,,,,,,,,,,,,,,,,,,,,,,,,,,,,,,,,,,,,,,,,,,,,,,,,,,,,,,,,,,,,,,,,,,,,,,,,,,,,,,,,,,,,,,,,,,,,,,,,,,,,,,,,,,,,,,,,,,,,,,,,,,,,,,,,,,,,,,,
1905,6,274.0,-30.0,,,,,,,,,,,,,,,,,,,,,,,,,,,,,,,,,,,,,,,,4.6,4.6,5.03,4.95,6,0.86,6,0.7,0.8,0.6,3.19,3.75,4.05,3.67,6,0.51,6,0.7,0.8,0.6,-3.86,2.3,3.02,0.36,6,3.68,6,0.7,0.8,0.6,1014.88,1015.15,1015.96,1015.3,6,0.65,6,0.7,0.8,0.6,,,,,,,,,,,,,,,,,,,,,,,,,,,,,,,,,,,,,,,,,,,,,,,,,,,,,,,,,,,,,,,,,,,,,,,,,,,,,,,,,,,,,,,,,,,,,,,,,,,,,,,,,,,,,,,,,,,,,,,,,,,,,,,,,,,,,,,,,,,,,,,,,,,,,,
1905,6,274.0,-28.0,,,,,,,,,,,,,,,,,,,,,,,,,,,,,,,,,,,,,,,,0.43,1.0,2.6,1.28,10,0.99,6,0.5,0.9,0.4,-0.96,0.0,0.34,-0.31,10,0.94,6,0.5,0.9,0.4,-1.72,-0.66,0.54,-0.62,10,1.18,6,0.5,0.9,0.4,1016.81,1017.7,1018.53,1017.58,10,1.05,6,0.5,0.9,0.4,,,,,,,,,,,,,,,,,,,,,,,,,,,,,,,,,,,,,,,,,,,,,,,,,,,,,,,,,,,,,,,,,,,,,,,,,,,,,,,,,,,,,,,,,,,,,,,,,,,,,,,,,,,,,,,,,,,,,,,,,,,,,,,,,,,,,,,,,,,,,,,,,,,,,,
1905,6,274.0,-10.0,,,,,,,,,,,,,,,,,,,,,,,,,,,,,,,,,,,,,,,,1.57,2.8,4.03,2.8,2,2.55,18,1.0,0.8,0.5,-2.85,-1.98,-1.11,-1.98,2,1.8,18,1.0,0.8,0.5,1.11,1.98,2.85,1.98,2,1.8,18,1.0,0.8,0.5,1013.69,1014.1,1014.51,1014.1,2,0.85,18,1.0,0.8,0.5,,,,,,,,,,,,,,,,,,,,,,,,,,,,,,,,,,,,,,,,,,,,,,,,,,,,,,,,,,,,,,,,,,,,,,,,,,,,,,,,,,,,,,,,,,,,,,,,,,,,,,,,,,,,,,,,,,,,,,,,,,,,,,,,,,,,,,,,,,,,,,,,,,,,,,
1905,6,274.0,20.0,,,,,,,,,,,,,,,,,,,,,,,,,,,,,,,,,,,,,,,,1.69,2.6,4.6,3.29,10,1.8,10,0.4,0.7,0.6,-2.97,-2.14,-0.34,-1.85,10,1.25,10,0.4,0.7,0.6,-3.86,-2.14,-0.4,-2.3,10,2.0,10,0.4,0.7,0.6,1011.1,1011.1,1011.1,1011.1,1,0.0,14,1.0,1.0,0.5,,,,,,,,,,,,,,,,,,,,,,,,,,,,,,,,,,,,,,,,,,,,,,,,,,,,,,,,,,,,,,,,,,,,,,,,,,,,,,,,,,,,,,,,,,,,,,,,,,,,,,,,,,,,,,,,,,,,,,,,,,,,,,,,,,,,,,,,,,,,,,,,,,,,,,
1905,6,274.0,22.0,,,,,,,,,,,,,,,,,,,,,,,,,,,,,,,,,,,,,,,,1.0,4.6,4.6,3.98,13,2.23,18,0.5,0.7,0.3,-4.3,-3.25,-1.0,-2.95,13,1.95,18,0.5,0.7,0.3,-3.25,0.0,1.94,-0.45,13,2.95,18,0.5,0.7,0.3,1011.43,1014.2,1017.37,1014.3,5,3.28,18,0.4,0.9,0.3,,,,,,,,,,,,,,,,,,,,,,,,,,,,,,,,,,,,,,,,,,,,,,,,,,,,,,,,,,,,,,,,,,,,,,,,,,,,,,,,,,,,,,,,,,,,,,,,,,,,,,,,,,,,,,,,,,,,,,,,,,,,,,,,,,,,,,,,,,,,,,,,,,,,,,
1905,6,274.0,24.0,,,,,,,,,,,,,,,,,,,,,,,,,,,,,,,,,,,,,,,,1.0,2.6,4.8,3.48,13,1.99,14,0.4,0.9,0.5,-4.8,-2.39,-0.64,-2.36,13,2.79,14,0.4,0.9,0.5,-2.41,0.0,0.74,-0.44,13,1.74,14,0.4,0.9,0.5,1012.53,1014.1,1015.12,1013.9,5,1.37,14,0.4,0.8,0.5,,,,,,,,,,,,,,,,,,,,,,,,,,,,,,,,,,,,,,,,,,,,,,,,,,,,,,,,,,,,,,,,,,,,,,,,,,,,,,,,,,,,,,,,,,,,,,,,,,,,,,,,,,,,,,,,,,,,,,,,,,,,,,,,,,,,,,,,,,,,,,,,,,,,,,
1905,6,274.0,26.0,,,,,,,,,,,,,,,,,,,,,,,,,,,,,,,,,,,,,,,,2.6,2.6,4.6,3.43,15,1.44,20,0.7,0.4,0.3,-4.11,1.67,2.67,-0.18,15,3.46,20,0.7,0.4,0.3,-1.99,0.0,0.55,-0.73,15,1.47,20,0.7,0.4,0.3,1017.49,1018.4,1018.79,1018.31,8,0.72,30,0.6,0.3,0.5,,,,,,,,,,,,,,,,,,,,,,,,,,,,,,,,,,,,,,,,,,,,,,,,,,,,,,,,,,,,,,,,,,,,,,,,,,,,,,,,,,,,,,,,,,,,,,,,,,,,,,,,,,,,,,,,,,,,,,,,,,,,,,,,,,,,,,,,,,,,,,,,,,,,,,
1905,6,276.0,-58.0,,,,,,,,,,,,,,,,,,,,,,,,,,,,,,,,,,,,,,,,1.0,1.0,1.0,1.0,1,0.0,26,1.0,0.3,0.8,0.37,0.37,0.37,0.37,1,0.0,26,1.0,0.3,0.8,-0.93,-0.93,-0.93,-0.93,1,0.0,26,1.0,0.3,0.8,981.74,987.0,987.68,984.77,3,4.76,26,1.0,0.8,0.9,,,,,,,,,,,,,,,,,,,,,,,,,,,,,,,,,,,,,,,,,,,,,,,,,,,,,,,,,,,,,,,,,,,,,,,,,,,,,,,,,,,,,,,,,,,,,,,,,,,,,,,,,,,,,,,,,,,,,,,,,,,,,,,,,,,,,,,,,,,,,,,,,,,,,,
1905,6,276.0,-56.0,,,,,,,,,,,,,,,,,,,,,,,,,,,,,,,,,,,,,,,,4.6,4.6,9.86,7.17,3,4.45,26,1.0,0.4,0.4,-1.8,-1.8,2.57,0.34,3,3.7,26,1.0,0.4,0.4,-9.13,-4.23,-4.23,-6.62,3,4.14,26,1.0,0.4,0.4,978.4,978.4,979.77,979.07,3,1.15,26,1.0,0.4,0.4,,,,,,,,,,,,,,,,,,,,,,,,,,,,,,,,,,,,,,,,,,,,,,,,,,,,,,,,,,,,,,,,,,,,,,,,,,,,,,,,,,,,,,,,,,,,,,,,,,,,,,,,,,,,,,,,,,,,,,,,,,,,,,,,,,,,,,,,,,,,,,,,,,,,,,
1905,6,276.0,-54.0,,,,,,,,,,,,,,,,,,,,,,,,,,,,,,,,,,,,,,,,4.55,8.0,12.5,8.5,4,5.36,24,1.0,0.4,0.6,-3.45,1.3,4.49,0.56,4,5.4,24,1.0,0.4,0.6,-3.45,1.25,9.26,2.83,4,9.21,24,1.0,0.4,0.6,983.56,983.7,1001.11,992.13,3,14.78,28,1.0,0.4,0.6,,,,,,,,,,,,,,,,,,,,,,,,,,,,,,,,,,,,,,,,,,,,,,,,,,,,,,,,,,,,,,,,,,,,,,,,,,,,,,,,,,,,,,,,,,,,,,,,,,,,,,,,,,,,,,,,,,,,,,,,,,,,,,,,,,,,,,,,,,,,,,,,,,,,,,
1905,6,276.0,-52.0,,,,,,,,,,,,,,,,,,,,,,,,,,,,,,,,,,,,,,,,5.79,10.8,15.81,10.8,4,6.81,20,1.0,0.4,0.4,-7.04,4.65,10.4,1.82,4,11.31,20,1.0,0.4,0.4,1.24,3.6,9.23,5.16,4,5.83,20,1.0,0.4,0.4,985.97,997.55,1014.69,1000.2,4,18.62,20,1.0,0.4,0.4,,,,,,,,,,,,,,,,,,,,,,,,,,,,,,,,,,,,,,,,,,,,,,,,,,,,,,,,,,,,,,,,,,,,,,,,,,,,,,,,,,,,,,,,,,,,,,,,,,,,,,,,,,,,,,,,,,,,,,,,,,,,,,,,,,,,,,,,,,,,,,,,,,,,,,
1905,6,276.0,-50.0,,,,,,,,,,,,,,,,,,,,,,,,,,,,,,,,,,,,,,,,6.6,9.3,9.44,8.31,7,2.51,20,0.4,0.6,0.8,-0.08,2.14,6.58,2.43,7,3.26,20,0.4,0.6,0.8,4.12,6.7,9.43,6.82,7,3.89,20,0.4,0.6,0.8,1001.88,1005.6,1011.49,1007.99,7,9.07,20,0.4,0.6,0.8,,,,,,,,,,,,,,,,,,,,,,,,,,,,,,,,,,,,,,,,,,,,,,,,,,,,,,,,,,,,,,,,,,,,,,,,,,,,,,,,,,,,,,,,,,,,,,,,,,,,,,,,,,,,,,,,,,,,,,,,,,,,,,,,,,,,,,,,,,,,,,,,,,,,,,
1905,6,276.0,-48.0,,,,,,,,,,,,,,,,,,,,,,,,,,,,,,,,,,,,,,,,5.4,9.3,15.4,10.16,16,5.19,16,0.4,0.8,0.3,-4.86,-1.03,2.93,-0.69,16,4.18,16,0.4,0.8,0.3,-5.49,7.65,14.4,5.1,16,9.55,16,0.4,0.8,0.3,981.78,994.1,1001.87,992.56,14,10.91,16,0.3,0.8,0.3,,,,,,,,,,,,,,,,,,,,,,,,,,,,,,,,,,,,,,,,,,,,,,,,,,,,,,,,,,,,,,,,,,,,,,,,,,,,,,,,,,,,,,,,,,,,,,,,,,,,,,,,,,,,,,,,,,,,,,,,,,,,,,,,,,,,,,,,,,,,,,,,,,,,,,
1905,6,276.0,-46.0,,,,,,,,,,,,,,,,,,,,,,,,,,,,,,,,,,,,,,,,1.0,9.3,21.8,10.68,15,9.2,16,0.8,0.7,0.4,0.0,2.14,7.87,4.35,15,6.63,16,0.8,0.7,0.4,-18.94,-7.12,-0.22,-7.95,15,8.65,16,0.8,0.7,0.4,981.81,997.0,1002.52,995.95,19,12.67,16,0.6,0.6,0.3,,,,,,,,,,,,,,,,,,,,,,,,,,,,,,,,,,,,,,,,,,,,,,,,,,,,,,,,,,,,,,,,,,,,,,,,,,,,,,,,,,,,,,,,,,,,,,,,,,,,,,,,,,,,,,,,,,,,,,,,,,,,,,,,,,,,,,,,,,,,,,,,,,,,,,
1905,6,276.0,-44.0,,,,,,,,,,,,,,,,,,,,,,,,,,,,,,,,,,,,,,,,4.19,5.65,7.24,5.75,6,2.32,12,0.5,0.9,0.6,0.87,1.71,3.12,2.28,6,2.05,12,0.5,0.9,0.6,-5.49,-0.08,4.66,-0.55,6,5.85,12,0.5,0.9,0.6,1023.7,1028.8,1029.48,1026.7,6,4.46,12,0.5,0.9,0.6,,,,,,,,,,,,,,,,,,,,,,,,,,,,,,,,,,,,,,,,,,,,,,,,,,,,,,,,,,,,,,,,,,,,,,,,,,,,,,,,,,,,,,,,,,,,,,,,,,,,,,,,,,,,,,,,,,,,,,,,,,,,,,,,,,,,,,,,,,,,,,,,,,,,,,
1905,6,276.0,-42.0,,,,,,,,,,,,,,,,,,,,,,,,,,,,,,,,,,,,,,,,9.3,12.3,15.07,12.19,11,3.85,12,0.6,0.4,0.6,3.97,4.65,8.07,5.82,11,3.17,12,0.6,0.4,0.6,-1.85,8.05,11.56,4.83,11,10.26,12,0.6,0.4,0.6,1014.07,1019.5,1027.71,1017.87,10,13.38,12,0.6,0.4,0.5,,,,,,,,,,,,,,,,,,,,,,,,,,,,,,,,,,,,,,,,,,,,,,,,,,,,,,,,,,,,,,,,,,,,,,,,,,,,,,,,,,,,,,,,,,,,,,,,,,,,,,,,,,,,,,,,,,,,,,,,,,,,,,,,,,,,,,,,,,,,,,,,,,,,,,
1905,6,276.0,-40.0,,,,,,,,,,,,,,,,,,,,,,,,,,,,,,,,,,,,,,,,19.0,19.0,19.0,19.0,1,0.0,14,0.0,0.3,0.8,6.5,6.5,6.5,6.5,1,0.0,14,0.0,0.3,0.8,-17.85,-17.85,-17.85,-17.85,1,0.0,14,0.0,0.3,0.8,1014.6,1014.6,1014.6,1014.6,1,0.0,14,0.0,0.3,0.8,,,,,,,,,,,,,,,,,,,,,,,,,,,,,,,,,,,,,,,,,,,,,,,,,,,,,,,,,,,,,,,,,,,,,,,,,,,,,,,,,,,,,,,,,,,,,,,,,,,,,,,,,,,,,,,,,,,,,,,,,,,,,,,,,,,,,,,,,,,,,,,,,,,,,,
1905,6,276.0,-38.0,,,,,,,,,,,,,,,,,,,,,,,,,,,,,,,,,,,,,,,,10.73,13.85,17.29,14.0,4,4.16,18,0.8,0.7,0.3,7.84,10.61,14.55,11.17,4,4.78,18,0.8,0.7,0.3,-9.72,-7.27,-5.91,-7.79,4,2.92,18,0.8,0.7,0.3,1009.05,1014.25,1019.19,1014.13,4,6.2,18,0.8,0.7,0.3,,,,,,,,,,,,,,,,,,,,,,,,,,,,,,,,,,,,,,,,,,,,,,,,,,,,,,,,,,,,,,,,,,,,,,,,,,,,,,,,,,,,,,,,,,,,,,,,,,,,,,,,,,,,,,,,,,,,,,,,,,,,,,,,,,,,,,,,,,,,,,,,,,,,,,
1905,6,276.0,-36.0,,,,,,,,,,,,,,,,,,,,,,,,,,,,,,,,,,,,,,,,9.3,9.3,9.3,9.3,1,0.0,8,1.0,0.8,0.8,3.48,3.48,3.48,3.48,1,0.0,8,1.0,0.8,0.8,-8.62,-8.62,-8.62,-8.62,1,0.0,8,1.0,0.8,0.8,1010.6,1010.6,1010.6,1010.6,1,0.0,8,1.0,0.8,0.8,,,,,,,,,,,,,,,,,,,,,,,,,,,,,,,,,,,,,,,,,,,,,,,,,,,,,,,,,,,,,,,,,,,,,,,,,,,,,,,,,,,,,,,,,,,,,,,,,,,,,,,,,,,,,,,,,,,,,,,,,,,,,,,,,,,,,,,,,,,,,,,,,,,,,,
1905,6,276.0,-34.0,,,,,,,,,,,,,,,,,,,,,,,,,,,,,,,,,,,,,,,,8.33,9.3,13.68,10.63,6,4.79,8,0.7,0.4,0.6,3.42,4.24,7.75,5.94,6,4.33,8,0.7,0.4,0.6,-9.32,-7.87,3.89,-3.68,6,9.01,8,0.7,0.4,0.6,1013.5,1013.9,1014.77,1014.08,6,0.83,8,0.7,0.4,0.6,,,,,,,,,,,,,,,,,,,,,,,,,,,,,,,,,,,,,,,,,,,,,,,,,,,,,,,,,,,,,,,,,,,,,,,,,,,,,,,,,,,,,,,,,,,,,,,,,,,,,,,,,,,,,,,,,,,,,,,,,,,,,,,,,,,,,,,,,,,,,,,,,,,,,,
1905,6,276.0,-32.0,,,,,,,,,,,,,,,,,,,,,,,,,,,,,,,,,,,,,,,,2.6,2.6,6.13,3.96,9,1.77,10,0.6,0.3,0.5,2.25,2.56,4.63,3.45,9,1.46,10,0.6,0.3,0.5,-2.1,0.97,1.3,-0.11,9,2.28,10,0.6,0.3,0.5,1015.43,1016.4,1017.58,1016.41,9,1.19,10,0.6,0.3,0.5,,,,,,,,,,,,,,,,,,,,,,,,,,,,,,,,,,,,,,,,,,,,,,,,,,,,,,,,,,,,,,,,,,,,,,,,,,,,,,,,,,,,,,,,,,,,,,,,,,,,,,,,,,,,,,,,,,,,,,,,,,,,,,,,,,,,,,,,,,,,,,,,,,,,,,
1905,6,276.0,-30.0,,,,,,,,,,,,,,,,,,,,,,,,,,,,,,,,,,,,,,,,6.7,6.7,6.7,6.7,1,0.0,28,1.0,0.8,0.8,6.17,6.17,6.17,6.17,1,0.0,28,1.0,0.8,0.8,-2.62,-2.62,-2.62,-2.62,1,0.0,28,1.0,0.8,0.8,1019.1,1019.1,1019.1,1019.1,1,0.0,28,1.0,0.8,0.8,,,,,,,,,,,,,,,,,,,,,,,,,,,,,,,,,,,,,,,,,,,,,,,,,,,,,,,,,,,,,,,,,,,,,,,,,,,,,,,,,,,,,,,,,,,,,,,,,,,,,,,,,,,,,,,,,,,,,,,,,,,,,,,,,,,,,,,,,,,,,,,,,,,,,,
1905,6,276.0,-28.0,,,,,,,,,,,,,,,,,,,,,,,,,,,,,,,,,,,,,,,,2.52,2.6,4.6,2.94,7,1.27,8,0.6,0.2,0.7,0.87,0.89,2.5,1.75,7,1.44,8,0.6,0.2,0.7,-1.16,0.92,2.44,0.35,7,2.43,8,0.6,0.2,0.7,1014.78,1015.7,1017.18,1016.33,7,2.16,8,0.6,0.2,0.7,,,,,,,,,,,,,,,,,,,,,,,,,,,,,,,,,,,,,,,,,,,,,,,,,,,,,,,,,,,,,,,,,,,,,,,,,,,,,,,,,,,,,,,,,,,,,,,,,,,,,,,,,,,,,,,,,,,,,,,,,,,,,,,,,,,,,,,,,,,,,,,,,,,,,,
1905,6,276.0,-26.0,,,,,,,,,,,,,,,,,,,,,,,,,,,,,,,,,,,,,,,,0.7,1.0,2.6,1.48,18,1.2,4,0.7,0.5,0.6,-0.98,0.0,2.44,0.26,18,1.53,4,0.7,0.5,0.6,-0.87,0.0,1.05,0.25,18,1.13,4,0.7,0.5,0.6,1015.19,1016.6,1018.66,1017.01,19,1.93,4,0.7,0.5,0.6,,,,,,,,,,,,,,,,,,,,,,,,,,,,,,,,,,,,,,,,,,,,,,,,,,,,,,,,,,,,,,,,,,,,,,,,,,,,,,,,,,,,,,,,,,,,,,,,,,,,,,,,,,,,,,,,,,,,,,,,,,,,,,,,,,,,,,,,,,,,,,,,,,,,,,
1905,6,276.0,-24.0,,,,,,,,,,,,,,,,,,,,,,,,,,,,,,,,,,,,,,,,4.93,5.65,6.37,5.65,2,1.48,2,0.0,0.9,0.1,-3.29,-3.15,-3.02,-3.15,2,0.28,2,0.0,0.9,0.1,3.89,4.66,5.44,4.66,2,1.61,2,0.0,0.9,0.1,1018.01,1018.45,1018.89,1018.45,2,0.92,2,0.0,0.9,0.1,,,,,,,,,,,,,,,,,,,,,,,,,,,,,,,,,,,,,,,,,,,,,,,,,,,,,,,,,,,,,,,,,,,,,,,,,,,,,,,,,,,,,,,,,,,,,,,,,,,,,,,,,,,,,,,,,,,,,,,,,,,,,,,,,,,,,,,,,,,,,,,,,,,,,,
1905,6,276.0,-10.0,,,,,,,,,,,,,,,,,,,,,,,,,,,,,,,,,,,,,,,,1.0,1.0,1.0,1.0,1,0.0,16,1.0,0.8,0.8,-0.71,-0.71,-0.71,-0.71,1,0.0,16,1.0,0.8,0.8,0.71,0.71,0.71,0.71,1,0.0,16,1.0,0.8,0.8,1013.2,1013.2,1013.2,1013.2,1,0.0,16,1.0,0.8,0.8,,,,,,,,,,,,,,,,,,,,,,,,,,,,,,,,,,,,,,,,,,,,,,,,,,,,,,,,,,,,,,,,,,,,,,,,,,,,,,,,,,,,,,,,,,,,,,,,,,,,,,,,,,,,,,,,,,,,,,,,,,,,,,,,,,,,,,,,,,,,,,,,,,,,,,
1905,6,276.0,-8.0,,,,,,,,,,,,,,,,,,,,,,,,,,,,,,,,,,,,,,,,2.6,2.6,2.6,2.6,1,0.0,16,1.0,0.8,0.3,-0.97,-0.97,-0.97,-0.97,1,0.0,16,1.0,0.8,0.3,2.41,2.41,2.41,2.41,1,0.0,16,1.0,0.8,0.3,1013.9,1013.9,1013.9,1013.9,1,0.0,16,1.0,0.8,0.3,,,,,,,,,,,,,,,,,,,,,,,,,,,,,,,,,,,,,,,,,,,,,,,,,,,,,,,,,,,,,,,,,,,,,,,,,,,,,,,,,,,,,,,,,,,,,,,,,,,,,,,,,,,,,,,,,,,,,,,,,,,,,,,,,,,,,,,,,,,,,,,,,,,,,,
1905,6,276.0,20.0,,,,,,,,,,,,,,,,,,,,,,,,,,,,,,,,,,,,,,,,2.6,2.6,4.6,3.5,9,1.48,18,0.7,0.6,0.4,-2.6,-2.6,-2.32,-2.5,9,0.44,18,0.7,0.6,0.4,-4.03,0.0,0.0,-1.65,9,2.38,18,0.7,0.6,0.4,1011.18,1012.2,1012.88,1012.03,3,1.26,14,0.7,0.7,0.5,,,,,,,,,,,,,,,,,,,,,,,,,,,,,,,,,,,,,,,,,,,,,,,,,,,,,,,,,,,,,,,,,,,,,,,,,,,,,,,,,,,,,,,,,,,,,,,,,,,,,,,,,,,,,,,,,,,,,,,,,,,,,,,,,,,,,,,,,,,,,,,,,,,,,,
1905,6,276.0,22.0,,,,,,,,,,,,,,,,,,,,,,,,,,,,,,,,,,,,,,,,1.0,1.0,4.6,2.29,15,2.0,22,0.3,0.8,0.5,-3.25,-0.71,0.78,-1.13,15,2.1,22,0.3,0.8,0.5,-2.75,0.0,0.71,-0.43,15,1.91,22,0.3,0.8,0.5,1010.11,1016.5,1017.53,1014.45,8,3.77,22,0.4,0.8,0.5,,,,,,,,,,,,,,,,,,,,,,,,,,,,,,,,,,,,,,,,,,,,,,,,,,,,,,,,,,,,,,,,,,,,,,,,,,,,,,,,,,,,,,,,,,,,,,,,,,,,,,,,,,,,,,,,,,,,,,,,,,,,,,,,,,,,,,,,,,,,,,,,,,,,,,
1905,6,276.0,24.0,,,,,,,,,,,,,,,,,,,,,,,,,,,,,,,,,,,,,,,,2.6,4.6,5.9,3.92,16,1.86,14,0.4,0.7,0.1,-5.9,-3.25,-0.81,-3.39,16,2.23,14,0.4,0.7,0.1,-1.51,0.0,0.44,-0.08,16,1.61,14,0.4,0.7,0.1,1012.13,1015.0,1015.81,1014.18,5,1.93,18,0.6,0.7,0.0,,,,,,,,,,,,,,,,,,,,,,,,,,,,,,,,,,,,,,,,,,,,,,,,,,,,,,,,,,,,,,,,,,,,,,,,,,,,,,,,,,,,,,,,,,,,,,,,,,,,,,,,,,,,,,,,,,,,,,,,,,,,,,,,,,,,,,,,,,,,,,,,,,,,,,
1905,6,278.0,-58.0,,,,,,,,,,,,,,,,,,,,,,,,,,,,,,,,,,,,,,,,11.46,19.0,19.0,15.4,5,6.24,24,1.0,0.5,0.6,-19.0,-17.62,-11.32,-15.05,5,6.22,24,1.0,0.5,0.6,-2.6,0.0,0.66,-1.06,5,3.47,24,1.0,0.5,0.6,981.62,984.55,988.26,984.93,4,5.08,24,1.0,0.5,0.5,,,,,,,,,,,,,,,,,,,,,,,,,,,,,,,,,,,,,,,,,,,,,,,,,,,,,,,,,,,,,,,,,,,,,,,,,,,,,,,,,,,,,,,,,,,,,,,,,,,,,,,,,,,,,,,,,,,,,,,,,,,,,,,,,,,,,,,,,,,,,,,,,,,,,,
1905,6,278.0,-56.0,,,,,,,,,,,,,,,,,,,,,,,,,,,,,,,,,,,,,,,,9.3,9.3,9.3,9.3,1,0.0,16,1.0,0.8,0.8,6.58,6.58,6.58,6.58,1,0.0,16,1.0,0.8,0.8,6.58,6.58,6.58,6.58,1,0.0,16,1.0,0.8,0.8,995.1,995.1,995.1,995.1,1,0.0,16,1.0,0.8,0.8,,,,,,,,,,,,,,,,,,,,,,,,,,,,,,,,,,,,,,,,,,,,,,,,,,,,,,,,,,,,,,,,,,,,,,,,,,,,,,,,,,,,,,,,,,,,,,,,,,,,,,,,,,,,,,,,,,,,,,,,,,,,,,,,,,,,,,,,,,,,,,,,,,,,,,
1905,6,278.0,-54.0,,,,,,,,,,,,,,,,,,,,,,,,,,,,,,,,,,,,,,,,4.6,8.45,15.81,10.13,4,6.94,12,1.0,0.6,0.4,1.55,5.34,8.09,4.84,4,3.98,12,1.0,0.6,0.4,0.49,6.65,13.3,6.88,4,8.64,12,1.0,0.6,0.4,1007.27,1017.1,1023.45,1015.4,3,11.94,12,1.0,0.6,0.4,,,,,,,,,,,,,,,,,,,,,,,,,,,,,,,,,,,,,,,,,,,,,,,,,,,,,,,,,,,,,,,,,,,,,,,,,,,,,,,,,,,,,,,,,,,,,,,,,,,,,,,,,,,,,,,,,,,,,,,,,,,,,,,,,,,,,,,,,,,,,,,,,,,,,,
1905,6,278.0,-52.0,,,,,,,,,,,,,,,,,,,,,,,,,,,,,,,,,,,,,,,,6.17,9.3,15.4,10.19,12,4.68,16,0.5,0.6,0.6,0.88,7.0,11.75,5.98,12,7.53,16,0.5,0.6,0.6,0.0,2.77,7.46,3.21,12,5.31,16,0.5,0.6,0.6,1000.94,1003.8,1007.91,1005.44,13,7.99,16,0.5,0.7,0.5,,,,,,,,,,,,,,,,,,,,,,,,,,,,,,,,,,,,,,,,,,,,,,,,,,,,,,,,,,,,,,,,,,,,,,,,,,,,,,,,,,,,,,,,,,,,,,,,,,,,,,,,,,,,,,,,,,,,,,,,,,,,,,,,,,,,,,,,,,,,,,,,,,,,,,
1905,6,278.0,-50.0,,,,,,,,,,,,,,,,,,,,,,,,,,,,,,,,,,,,,,,,6.7,12.3,19.52,12.48,10,6.26,18,0.6,0.3,0.3,0.0,2.91,13.11,6.53,10,7.7,18,0.6,0.3,0.3,4.26,6.7,10.53,7.89,10,6.03,18,0.6,0.3,0.3,1001.43,1002.6,1005.77,1001.58,9,7.63,18,0.6,0.3,0.3,,,,,,,,,,,,,,,,,,,,,,,,,,,,,,,,,,,,,,,,,,,,,,,,,,,,,,,,,,,,,,,,,,,,,,,,,,,,,,,,,,,,,,,,,,,,,,,,,,,,,,,,,,,,,,,,,,,,,,,,,,,,,,,,,,,,,,,,,,,,,,,,,,,,,,
1905,6,278.0,-48.0,,,,,,,,,,,,,,,,,,,,,,,,,,,,,,,,,,,,,,,,9.37,13.85,17.29,13.35,4,5.21,16,0.3,0.3,0.6,-11.11,-7.05,1.25,-5.03,4,8.21,16,0.3,0.3,0.6,6.82,11.68,13.24,10.11,4,5.24,16,0.3,0.3,0.6,988.96,992.2,1000.64,994.96,5,8.93,16,0.2,0.4,0.5,,,,,,,,,,,,,,,,,,,,,,,,,,,,,,,,,,,,,,,,,,,,,,,,,,,,,,,,,,,,,,,,,,,,,,,,,,,,,,,,,,,,,,,,,,,,,,,,,,,,,,,,,,,,,,,,,,,,,,,,,,,,,,,,,,,,,,,,,,,,,,,,,,,,,,
1905,6,278.0,-46.0,,,,,,,,,,,,,,,,,,,,,,,,,,,,,,,,,,,,,,,,8.76,15.4,15.4,12.22,5,5.54,20,0.8,0.5,0.5,-6.55,-5.27,-3.7,-5.04,5,2.52,20,0.8,0.5,0.5,6.86,14.28,14.47,11.01,5,5.27,20,0.8,0.5,0.5,994.02,994.4,1007.48,1001.1,5,14.46,20,0.8,0.5,0.5,,,,,,,,,,,,,,,,,,,,,,,,,,,,,,,,,,,,,,,,,,,,,,,,,,,,,,,,,,,,,,,,,,,,,,,,,,,,,,,,,,,,,,,,,,,,,,,,,,,,,,,,,,,,,,,,,,,,,,,,,,,,,,,,,,,,,,,,,,,,,,,,,,,,,,
1905,6,278.0,-38.0,,,,,,,,,,,,,,,,,,,,,,,,,,,,,,,,,,,,,,,,9.3,9.3,9.3,9.3,2,0.0,14,1.0,0.2,0.8,-2.12,0.15,2.43,0.15,2,4.71,14,1.0,0.2,0.8,-8.72,-8.68,-8.64,-8.68,2,0.08,14,1.0,0.2,0.8,1025.8,1025.8,1025.8,1025.8,1,0.0,14,1.0,0.2,0.9,,,,,,,,,,,,,,,,,,,,,,,,,,,,,,,,,,,,,,,,,,,,,,,,,,,,,,,,,,,,,,,,,,,,,,,,,,,,,,,,,,,,,,,,,,,,,,,,,,,,,,,,,,,,,,,,,,,,,,,,,,,,,,,,,,,,,,,,,,,,,,,,,,,,,,
1905,6,278.0,-36.0,,,,,,,,,,,,,,,,,,,,,,,,,,,,,,,,,,,,,,,,1.69,3.6,6.7,4.47,10,3.43,12,0.4,0.4,0.6,-3.37,-2.14,-0.81,-2.0,10,1.38,12,0.4,0.4,0.6,-2.08,0.52,6.3,1.84,10,4.89,12,0.4,0.4,0.6,1026.26,1029.9,1030.7,1028.68,11,2.33,12,0.5,0.4,0.6,,,,,,,,,,,,,,,,,,,,,,,,,,,,,,,,,,,,,,,,,,,,,,,,,,,,,,,,,,,,,,,,,,,,,,,,,,,,,,,,,,,,,,,,,,,,,,,,,,,,,,,,,,,,,,,,,,,,,,,,,,,,,,,,,,,,,,,,,,,,,,,,,,,,,,
1905,6,278.0,-34.0,,,,,,,,,,,,,,,,,,,,,,,,,,,,,,,,,,,,,,,,13.92,19.0,19.0,16.58,4,4.85,10,1.0,0.6,0.4,6.4,13.44,14.02,10.36,4,6.92,10,1.0,0.6,0.4,-11.47,1.46,12.85,0.73,4,14.08,10,1.0,0.6,0.4,1010.28,1017.9,1020.66,1015.46,5,7.35,10,1.0,0.5,0.4,,,,,,,,,,,,,,,,,,,,,,,,,,,,,,,,,,,,,,,,,,,,,,,,,,,,,,,,,,,,,,,,,,,,,,,,,,,,,,,,,,,,,,,,,,,,,,,,,,,,,,,,,,,,,,,,,,,,,,,,,,,,,,,,,,,,,,,,,,,,,,,,,,,,,,
1905,6,278.0,-32.0,,,,,,,,,,,,,,,,,,,,,,,,,,,,,,,,,,,,,,,,13.28,15.4,17.86,15.57,3,3.35,16,0.3,0.3,0.3,0.94,8.7,12.7,6.86,3,8.76,16,0.3,0.3,0.3,-2.06,12.21,14.23,6.23,3,13.01,16,0.3,0.3,0.3,1011.09,1013.0,1014.63,1012.92,5,3.02,14,0.6,0.3,0.5,,,,,,,,,,,,,,,,,,,,,,,,,,,,,,,,,,,,,,,,,,,,,,,,,,,,,,,,,,,,,,,,,,,,,,,,,,,,,,,,,,,,,,,,,,,,,,,,,,,,,,,,,,,,,,,,,,,,,,,,,,,,,,,,,,,,,,,,,,,,,,,,,,,,,,
1905,6,278.0,-28.0,,,,,,,,,,,,,,,,,,,,,,,,,,,,,,,,,,,,,,,,2.6,2.6,2.6,2.6,1,0.0,30,1.0,0.3,0.8,1.02,1.02,1.02,1.02,1,0.0,30,1.0,0.3,0.8,2.39,2.39,2.39,2.39,1,0.0,30,1.0,0.3,0.8,1013.74,1014.4,1015.01,1014.38,4,0.77,10,0.3,0.6,0.5,,,,,,,,,,,,,,,,,,,,,,,,,,,,,,,,,,,,,,,,,,,,,,,,,,,,,,,,,,,,,,,,,,,,,,,,,,,,,,,,,,,,,,,,,,,,,,,,,,,,,,,,,,,,,,,,,,,,,,,,,,,,,,,,,,,,,,,,,,,,,,,,,,,,,,
1905,6,278.0,-26.0,,,,,,,,,,,,,,,,,,,,,,,,,,,,,,,,,,,,,,,,1.0,1.0,3.43,1.95,11,1.46,14,0.7,0.7,0.4,-0.77,-0.64,2.49,0.2,11,2.39,14,0.7,0.7,0.4,0.0,0.77,0.83,0.4,11,0.58,14,0.7,0.7,0.4,1017.01,1017.4,1018.49,1017.63,7,1.54,8,0.6,0.9,0.4,,,,,,,,,,,,,,,,,,,,,,,,,,,,,,,,,,,,,,,,,,,,,,,,,,,,,,,,,,,,,,,,,,,,,,,,,,,,,,,,,,,,,,,,,,,,,,,,,,,,,,,,,,,,,,,,,,,,,,,,,,,,,,,,,,,,,,,,,,,,,,,,,,,,,,
1905,6,278.0,-24.0,,,,,,,,,,,,,,,,,,,,,,,,,,,,,,,,,,,,,,,,3.23,4.6,4.6,3.93,3,1.15,18,0.7,0.5,0.3,-3.3,-1.84,1.64,-0.86,3,3.72,18,0.7,0.5,0.3,-2.8,-1.84,0.99,-0.93,3,2.89,18,0.7,0.5,0.3,1018.6,1018.6,1018.6,1018.6,1,0.0,2,0.0,0.1,0.3,,,,,,,,,,,,,,,,,,,,,,,,,,,,,,,,,,,,,,,,,,,,,,,,,,,,,,,,,,,,,,,,,,,,,,,,,,,,,,,,,,,,,,,,,,,,,,,,,,,,,,,,,,,,,,,,,,,,,,,,,,,,,,,,,,,,,,,,,,,,,,,,,,,,,,
1905,6,278.0,-8.0,,,,,,,,,,,,,,,,,,,,,,,,,,,,,,,,,,,,,,,,2.6,4.6,9.3,4.64,13,2.88,16,0.7,0.8,0.6,-3.57,-1.84,0.0,-2.32,13,2.19,16,0.7,0.8,0.6,1.84,3.25,6.58,3.69,13,2.49,16,0.7,0.8,0.6,1011.7,1011.7,1011.7,1011.7,1,0.0,14,1.0,0.3,0.3,,,,,,,,,,,,,,,,,,,,,,,,,,,,,,,,,,,,,,,,,,,,,,,,,,,,,,,,,,,,,,,,,,,,,,,,,,,,,,,,,,,,,,,,,,,,,,,,,,,,,,,,,,,,,,,,,,,,,,,,,,,,,,,,,,,,,,,,,,,,,,,,,,,,,,
1905,6,278.0,20.0,,,,,,,,,,,,,,,,,,,,,,,,,,,,,,,,,,,,,,,,1.0,1.8,2.6,1.8,6,0.88,22,0.5,0.7,0.5,-2.6,-1.8,-0.98,-1.79,6,0.89,22,0.5,0.7,0.5,-0.08,0.0,0.0,-0.06,6,0.15,22,0.5,0.7,0.5,1011.5,1012.35,1013.2,1012.35,2,1.77,16,0.0,0.8,0.5,,,,,,,,,,,,,,,,,,,,,,,,,,,,,,,,,,,,,,,,,,,,,,,,,,,,,,,,,,,,,,,,,,,,,,,,,,,,,,,,,,,,,,,,,,,,,,,,,,,,,,,,,,,,,,,,,,,,,,,,,,,,,,,,,,,,,,,,,,,,,,,,,,,,,,
1905,6,278.0,22.0,,,,,,,,,,,,,,,,,,,,,,,,,,,,,,,,,,,,,,,,1.0,2.6,2.6,2.28,19,1.51,20,0.3,0.7,0.4,-2.6,-1.0,0.37,-1.29,19,2.2,20,0.3,0.7,0.4,-0.75,0.0,0.0,-0.36,19,1.02,20,0.3,0.7,0.4,1013.09,1013.3,1017.71,1014.61,7,2.66,18,0.3,0.7,0.4,,,,,,,,,,,,,,,,,,,,,,,,,,,,,,,,,,,,,,,,,,,,,,,,,,,,,,,,,,,,,,,,,,,,,,,,,,,,,,,,,,,,,,,,,,,,,,,,,,,,,,,,,,,,,,,,,,,,,,,,,,,,,,,,,,,,,,,,,,,,,,,,,,,,,,
1905,6,278.0,24.0,,,,,,,,,,,,,,,,,,,,,,,,,,,,,,,,,,,,,,,,1.0,2.6,6.7,3.47,26,2.41,12,0.5,0.8,0.1,-4.79,-1.84,0.0,-2.24,26,2.79,12,0.5,0.8,0.1,-2.51,0.0,1.84,-0.09,26,2.29,12,0.5,0.8,0.1,1013.33,1014.1,1016.54,1014.79,11,1.7,12,0.5,0.8,0.1,,,,,,,,,,,,,,,,,,,,,,,,,,,,,,,,,,,,,,,,,,,,,,,,,,,,,,,,,,,,,,,,,,,,,,,,,,,,,,,,,,,,,,,,,,,,,,,,,,,,,,,,,,,,,,,,,,,,,,,,,,,,,,,,,,,,,,,,,,,,,,,,,,,,,,
1905,6,280.0,-58.0,,,,,,,,,,,,,,,,,,,,,,,,,,,,,,,,,,,,,,,,2.13,6.7,12.64,7.37,3,7.72,22,1.0,0.4,0.4,1.91,6.02,6.48,4.24,3,3.69,22,1.0,0.4,0.4,0.0,0.0,9.68,4.73,3,8.18,22,1.0,0.4,0.4,983.02,984.45,999.14,990.78,4,14.06,22,1.0,0.4,0.5,,,,,,,,,,,,,,,,,,,,,,,,,,,,,,,,,,,,,,,,,,,,,,,,,,,,,,,,,,,,,,,,,,,,,,,,,,,,,,,,,,,,,,,,,,,,,,,,,,,,,,,,,,,,,,,,,,,,,,,,,,,,,,,,,,,,,,,,,,,,,,,,,,,,,,
1905,6,280.0,-56.0,,,,,,,,,,,,,,,,,,,,,,,,,,,,,,,,,,,,,,,,4.5,9.3,12.99,10.66,7,8.01,16,0.9,0.5,0.7,-2.45,4.74,9.47,4.18,7,5.71,16,0.9,0.5,0.7,4.08,7.91,9.46,8.55,7,7.64,16,0.9,0.5,0.7,986.69,995.4,1009.92,998.26,5,13.7,14,0.8,0.6,0.6,,,,,,,,,,,,,,,,,,,,,,,,,,,,,,,,,,,,,,,,,,,,,,,,,,,,,,,,,,,,,,,,,,,,,,,,,,,,,,,,,,,,,,,,,,,,,,,,,,,,,,,,,,,,,,,,,,,,,,,,,,,,,,,,,,,,,,,,,,,,,,,,,,,,,,
1905,6,280.0,-54.0,,,,,,,,,,,,,,,,,,,,,,,,,,,,,,,,,,,,,,,,9.49,13.85,25.75,15.34,14,7.09,14,0.5,0.5,0.5,0.15,9.0,12.27,7.48,14,8.62,14,0.5,0.5,0.5,-11.46,3.48,14.33,4.0,14,12.33,14,0.5,0.5,0.5,989.28,1002.95,1011.86,1002.04,14,11.39,14,0.5,0.5,0.5,,,,,,,,,,,,,,,,,,,,,,,,,,,,,,,,,,,,,,,,,,,,,,,,,,,,,,,,,,,,,,,,,,,,,,,,,,,,,,,,,,,,,,,,,,,,,,,,,,,,,,,,,,,,,,,,,,,,,,,,,,,,,,,,,,,,,,,,,,,,,,,,,,,,,,
1905,6,280.0,-52.0,,,,,,,,,,,,,,,,,,,,,,,,,,,,,,,,,,,,,,,,9.3,15.4,23.16,16.68,5,8.72,8,0.6,0.2,0.7,6.04,9.16,16.97,11.37,5,7.52,8,0.6,0.2,0.7,4.3,8.56,18.24,10.34,5,8.5,8,0.6,0.2,0.7,1003.05,1015.9,1019.05,1010.44,5,16.44,8,0.6,0.2,0.7,,,,,,,,,,,,,,,,,,,,,,,,,,,,,,,,,,,,,,,,,,,,,,,,,,,,,,,,,,,,,,,,,,,,,,,,,,,,,,,,,,,,,,,,,,,,,,,,,,,,,,,,,,,,,,,,,,,,,,,,,,,,,,,,,,,,,,,,,,,,,,,,,,,,,,
1905,6,280.0,-50.0,,,,,,,,,,,,,,,,,,,,,,,,,,,,,,,,,,,,,,,,3.68,15.4,26.48,14.73,17,9.84,14,0.5,0.3,0.2,0.0,6.7,17.81,7.88,17,7.83,14,0.5,0.3,0.2,-19.47,-12.3,0.0,-9.04,17,10.65,14,0.5,0.3,0.2,974.65,989.1,997.72,987.87,16,11.29,14,0.5,0.3,0.2,,,,,,,,,,,,,,,,,,,,,,,,,,,,,,,,,,,,,,,,,,,,,,,,,,,,,,,,,,,,,,,,,,,,,,,,,,,,,,,,,,,,,,,,,,,,,,,,,,,,,,,,,,,,,,,,,,,,,,,,,,,,,,,,,,,,,,,,,,,,,,,,,,,,,,
1905,6,280.0,-44.0,,,,,,,,,,,,,,,,,,,,,,,,,,,,,,,,,,,,,,,,12.3,12.3,13.92,13.08,4,1.55,18,0.5,0.3,0.6,-8.95,-7.91,2.68,-3.35,4,10.48,18,0.5,0.3,0.6,4.49,9.42,10.67,7.66,4,5.23,18,0.5,0.3,0.6,996.89,999.0,1014.95,1005.6,4,14.92,18,0.5,0.3,0.6,,,,,,,,,,,,,,,,,,,,,,,,,,,,,,,,,,,,,,,,,,,,,,,,,,,,,,,,,,,,,,,,,,,,,,,,,,,,,,,,,,,,,,,,,,,,,,,,,,,,,,,,,,,,,,,,,,,,,,,,,,,,,,,,,,,,,,,,,,,,,,,,,,,,,,
1905,6,280.0,-42.0,,,,,,,,,,,,,,,,,,,,,,,,,,,,,,,,,,,,,,,,10.73,12.3,12.3,11.55,4,1.5,18,0.8,0.8,0.4,-10.2,-8.3,-6.9,-8.53,4,2.32,18,0.8,0.8,0.4,5.6,7.91,9.08,7.36,4,2.31,18,0.8,0.8,0.4,1000.99,1001.3,1002.13,1001.55,4,0.87,18,0.8,0.8,0.4,,,,,,,,,,,,,,,,,,,,,,,,,,,,,,,,,,,,,,,,,,,,,,,,,,,,,,,,,,,,,,,,,,,,,,,,,,,,,,,,,,,,,,,,,,,,,,,,,,,,,,,,,,,,,,,,,,,,,,,,,,,,,,,,,,,,,,,,,,,,,,,,,,,,,,
1905,6,280.0,-40.0,,,,,,,,,,,,,,,,,,,,,,,,,,,,,,,,,,,,,,,,4.6,4.6,4.6,4.6,1,0.0,20,1.0,0.8,0.3,0.0,0.0,0.0,0.0,1,0.0,20,1.0,0.8,0.3,4.6,4.6,4.6,4.6,1,0.0,20,1.0,0.8,0.3,1029.1,1029.1,1029.1,1029.1,1,0.0,20,1.0,0.8,0.3,,,,,,,,,,,,,,,,,,,,,,,,,,,,,,,,,,,,,,,,,,,,,,,,,,,,,,,,,,,,,,,,,,,,,,,,,,,,,,,,,,,,,,,,,,,,,,,,,,,,,,,,,,,,,,,,,,,,,,,,,,,,,,,,,,,,,,,,,,,,,,,,,,,,,,
1905,6,280.0,-36.0,,,,,,,,,,,,,,,,,,,,,,,,,,,,,,,,,,,,,,,,12.3,12.3,12.3,12.3,2,0.0,18,1.0,0.3,0.5,1.8,5.66,9.53,5.66,2,8.01,18,1.0,0.3,0.5,-11.11,-8.55,-6.0,-8.55,2,5.3,18,1.0,0.3,0.5,1005.68,1006.7,1007.72,1006.7,2,2.12,18,1.0,0.3,0.5,,,,,,,,,,,,,,,,,,,,,,,,,,,,,,,,,,,,,,,,,,,,,,,,,,,,,,,,,,,,,,,,,,,,,,,,,,,,,,,,,,,,,,,,,,,,,,,,,,,,,,,,,,,,,,,,,,,,,,,,,,,,,,,,,,,,,,,,,,,,,,,,,,,,,,
1905,6,280.0,-34.0,,,,,,,,,,,,,,,,,,,,,,,,,,,,,,,,,,,,,,,,6.7,6.7,6.7,6.7,1,0.0,12,1.0,0.8,0.3,0.0,0.0,0.0,0.0,1,0.0,12,1.0,0.8,0.3,6.7,6.7,6.7,6.7,1,0.0,12,1.0,0.8,0.3,1032.8,1032.8,1032.8,1032.8,1,0.0,12,1.0,0.8,0.3,,,,,,,,,,,,,,,,,,,,,,,,,,,,,,,,,,,,,,,,,,,,,,,,,,,,,,,,,,,,,,,,,,,,,,,,,,,,,,,,,,,,,,,,,,,,,,,,,,,,,,,,,,,,,,,,,,,,,,,,,,,,,,,,,,,,,,,,,,,,,,,,,,,,,,
1905,6,280.0,-32.0,,,,,,,,,,,,,,,,,,,,,,,,,,,,,,,,,,,,,,,,12.3,12.3,12.3,12.3,1,0.0,10,1.0,0.8,0.8,8.7,8.7,8.7,8.7,1,0.0,10,1.0,0.8,0.8,-8.7,-8.7,-8.7,-8.7,1,0.0,10,1.0,0.8,0.8,1012.6,1012.6,1012.6,1012.6,1,0.0,10,1.0,0.8,0.8,,,,,,,,,,,,,,,,,,,,,,,,,,,,,,,,,,,,,,,,,,,,,,,,,,,,,,,,,,,,,,,,,,,,,,,,,,,,,,,,,,,,,,,,,,,,,,,,,,,,,,,,,,,,,,,,,,,,,,,,,,,,,,,,,,,,,,,,,,,,,,,,,,,,,,
1905,6,280.0,-26.0,,,,,,,,,,,,,,,,,,,,,,,,,,,,,,,,,,,,,,,,1.0,1.0,2.6,1.64,5,0.88,8,0.4,0.3,0.8,-1.17,-0.71,-0.53,-0.85,5,0.5,8,0.4,0.3,0.8,0.74,0.94,2.16,1.37,5,0.79,8,0.4,0.3,0.8,1017.5,1017.55,1018.12,1017.8,4,0.54,8,0.3,0.3,0.8,,,,,,,,,,,,,,,,,,,,,,,,,,,,,,,,,,,,,,,,,,,,,,,,,,,,,,,,,,,,,,,,,,,,,,,,,,,,,,,,,,,,,,,,,,,,,,,,,,,,,,,,,,,,,,,,,,,,,,,,,,,,,,,,,,,,,,,,,,,,,,,,,,,,,,
1905,6,280.0,-24.0,,,,,,,,,,,,,,,,,,,,,,,,,,,,,,,,,,,,,,,,1.0,2.6,2.7,2.2,7,1.33,14,1.0,0.6,0.5,-1.87,-1.57,-0.37,-1.23,7,0.88,14,1.0,0.6,0.5,0.63,1.0,2.1,1.4,7,1.6,14,1.0,0.6,0.5,1017.93,1018.2,1018.47,1018.2,3,0.4,8,1.0,0.8,0.3,,,,,,,,,,,,,,,,,,,,,,,,,,,,,,,,,,,,,,,,,,,,,,,,,,,,,,,,,,,,,,,,,,,,,,,,,,,,,,,,,,,,,,,,,,,,,,,,,,,,,,,,,,,,,,,,,,,,,,,,,,,,,,,,,,,,,,,,,,,,,,,,,,,,,,
1905,6,280.0,24.0,,,,,,,,,,,,,,,,,,,,,,,,,,,,,,,,,,,,,,,,0.0,1.0,3.33,1.64,5,1.97,24,0.2,0.3,0.8,0.0,0.0,0.0,0.0,5,0.0,24,0.2,0.3,0.8,-0.95,0.0,2.31,0.6,5,2.6,24,0.2,0.3,0.8,1017.0,1017.0,1017.0,1017.0,1,0.0,28,0.0,0.3,0.8,,,,,,,,,,,,,,,,,,,,,,,,,,,,,,,,,,,,,,,,,,,,,,,,,,,,,,,,,,,,,,,,,,,,,,,,,,,,,,,,,,,,,,,,,,,,,,,,,,,,,,,,,,,,,,,,,,,,,,,,,,,,,,,,,,,,,,,,,,,,,,,,,,,,,,
1905,6,280.0,26.0,,,,,,,,,,,,,,,,,,,,,,,,,,,,,,,,,,,,,,,,0.0,2.6,4.6,2.32,12,1.75,16,0.9,0.4,0.4,-0.26,0.0,1.15,0.15,12,1.02,16,0.9,0.4,0.4,-2.45,0.0,3.02,0.28,12,2.79,16,0.9,0.4,0.4,1012.28,1013.3,1015.92,1013.83,6,1.92,10,0.8,0.4,0.3,,,,,,,,,,,,,,,,,,,,,,,,,,,,,,,,,,,,,,,,,,,,,,,,,,,,,,,,,,,,,,,,,,,,,,,,,,,,,,,,,,,,,,,,,,,,,,,,,,,,,,,,,,,,,,,,,,,,,,,,,,,,,,,,,,,,,,,,,,,,,,,,,,,,,,
1905,6,280.0,28.0,,,,,,,,,,,,,,,,,,,,,,,,,,,,,,,,,,,,,,,,2.6,5.65,7.34,5.5,6,2.79,14,0.3,0.6,0.3,-5.19,-2.94,-2.29,-3.63,6,1.9,14,0.3,0.6,0.3,-6.32,-2.11,2.44,-1.79,6,4.56,14,0.3,0.6,0.3,1014.77,1016.0,1017.64,1016.2,3,2.11,8,0.3,0.8,0.3,,,,,,,,,,,,,,,,,,,,,,,,,,,,,,,,,,,,,,,,,,,,,,,,,,,,,,,,,,,,,,,,,,,,,,,,,,,,,,,,,,,,,,,,,,,,,,,,,,,,,,,,,,,,,,,,,,,,,,,,,,,,,,,,,,,,,,,,,,,,,,,,,,,,,,
1905,6,282.0,-60.0,,,,,,,,,,,,,,,,,,,,,,,,,,,,,,,,,,,,,,,,6.7,6.7,6.7,6.7,1,0.0,24,1.0,0.3,0.3,-6.17,-6.17,-6.17,-6.17,1,0.0,24,1.0,0.3,0.3,2.62,2.62,2.62,2.62,1,0.0,24,1.0,0.3,0.3,1006.1,1006.1,1006.1,1006.1,1,0.0,24,1.0,0.3,0.3,,,,,,,,,,,,,,,,,,,,,,,,,,,,,,,,,,,,,,,,,,,,,,,,,,,,,,,,,,,,,,,,,,,,,,,,,,,,,,,,,,,,,,,,,,,,,,,,,,,,,,,,,,,,,,,,,,,,,,,,,,,,,,,,,,,,,,,,,,,,,,,,,,,,,,
1905,6,282.0,-58.0,,,,,,,,,,,,,,,,,,,,,,,,,,,,,,,,,,,,,,,,6.5,9.3,12.62,9.79,7,5.05,14,1.0,0.6,0.7,-3.73,2.6,5.15,1.98,7,6.9,14,1.0,0.6,0.7,-0.23,8.62,9.36,6.25,7,6.28,14,1.0,0.6,0.7,981.96,992.0,1000.15,991.26,5,9.14,14,1.0,0.6,0.8,,,,,,,,,,,,,,,,,,,,,,,,,,,,,,,,,,,,,,,,,,,,,,,,,,,,,,,,,,,,,,,,,,,,,,,,,,,,,,,,,,,,,,,,,,,,,,,,,,,,,,,,,,,,,,,,,,,,,,,,,,,,,,,,,,,,,,,,,,,,,,,,,,,,,,
1905,6,282.0,-56.0,,,,,,,,,,,,,,,,,,,,,,,,,,,,,,,,,,,,,,,,7.28,19.0,29.47,17.18,15,9.98,16,0.6,0.4,0.5,2.22,17.62,24.01,14.35,15,10.43,16,0.6,0.4,0.5,-7.22,-0.71,7.73,1.31,15,9.19,16,0.6,0.4,0.5,984.09,987.5,1000.83,990.83,13,8.97,16,0.5,0.4,0.4,,,,,,,,,,,,,,,,,,,,,,,,,,,,,,,,,,,,,,,,,,,,,,,,,,,,,,,,,,,,,,,,,,,,,,,,,,,,,,,,,,,,,,,,,,,,,,,,,,,,,,,,,,,,,,,,,,,,,,,,,,,,,,,,,,,,,,,,,,,,,,,,,,,,,,
1905,6,282.0,-54.0,,,,,,,,,,,,,,,,,,,,,,,,,,,,,,,,,,,,,,,,23.27,24.7,26.13,24.7,2,2.97,6,1.0,0.5,0.3,17.39,20.41,23.44,20.41,2,6.27,6,1.0,0.5,0.3,10.98,13.01,15.04,13.01,2,4.2,6,1.0,0.5,0.3,1005.67,1008.4,1011.13,1008.4,2,5.66,6,1.0,0.5,0.3,,,,,,,,,,,,,,,,,,,,,,,,,,,,,,,,,,,,,,,,,,,,,,,,,,,,,,,,,,,,,,,,,,,,,,,,,,,,,,,,,,,,,,,,,,,,,,,,,,,,,,,,,,,,,,,,,,,,,,,,,,,,,,,,,,,,,,,,,,,,,,,,,,,,,,
1905,6,282.0,-40.0,,,,,,,,,,,,,,,,,,,,,,,,,,,,,,,,,,,,,,,,9.3,9.3,9.3,9.3,2,0.0,18,0.5,0.5,0.8,-5.53,-4.58,-3.62,-4.58,2,1.98,18,0.5,0.5,0.8,7.38,7.93,8.48,7.93,2,1.14,18,0.5,0.5,0.8,1001.44,1003.9,1008.06,1004.73,3,4.9,18,0.3,0.4,0.6,,,,,,,,,,,,,,,,,,,,,,,,,,,,,,,,,,,,,,,,,,,,,,,,,,,,,,,,,,,,,,,,,,,,,,,,,,,,,,,,,,,,,,,,,,,,,,,,,,,,,,,,,,,,,,,,,,,,,,,,,,,,,,,,,,,,,,,,,,,,,,,,,,,,,,
1905,6,282.0,-38.0,,,,,,,,,,,,,,,,,,,,,,,,,,,,,,,,,,,,,,,,6.7,6.7,6.7,6.7,3,0.0,18,1.0,0.8,0.3,-2.44,-2.29,-0.73,-1.6,3,1.39,18,1.0,0.8,0.3,6.24,6.3,6.57,6.4,3,0.26,18,1.0,0.8,0.3,1017.7,1017.9,1018.38,1018.03,3,0.51,18,1.0,0.8,0.3,,,,,,,,,,,,,,,,,,,,,,,,,,,,,,,,,,,,,,,,,,,,,,,,,,,,,,,,,,,,,,,,,,,,,,,,,,,,,,,,,,,,,,,,,,,,,,,,,,,,,,,,,,,,,,,,,,,,,,,,,,,,,,,,,,,,,,,,,,,,,,,,,,,,,,
1905,6,282.0,-36.0,,,,,,,,,,,,,,,,,,,,,,,,,,,,,,,,,,,,,,,,9.3,9.3,9.3,9.3,2,0.0,20,1.0,0.5,0.8,6.9,7.6,8.3,7.6,2,1.45,20,1.0,0.5,0.8,-4.98,-1.55,1.89,-1.55,2,7.11,20,1.0,0.5,0.8,1009.17,1011.25,1013.33,1011.25,2,4.31,20,1.0,0.5,0.8,,,,,,,,,,,,,,,,,,,,,,,,,,,,,,,,,,,,,,,,,,,,,,,,,,,,,,,,,,,,,,,,,,,,,,,,,,,,,,,,,,,,,,,,,,,,,,,,,,,,,,,,,,,,,,,,,,,,,,,,,,,,,,,,,,,,,,,,,,,,,,,,,,,,,,
1905,6,282.0,-32.0,,,,,,,,,,,,,,,,,,,,,,,,,,,,,,,,,,,,,,,,7.04,12.3,12.3,9.73,3,4.45,22,1.0,0.6,0.6,-1.94,4.23,7.28,2.71,3,6.88,22,1.0,0.6,0.6,-10.49,-8.7,-3.99,-7.27,3,4.92,22,1.0,0.6,0.6,1014.51,1016.55,1019.95,1017.2,4,3.6,18,1.0,0.5,0.5,,,,,,,,,,,,,,,,,,,,,,,,,,,,,,,,,,,,,,,,,,,,,,,,,,,,,,,,,,,,,,,,,,,,,,,,,,,,,,,,,,,,,,,,,,,,,,,,,,,,,,,,,,,,,,,,,,,,,,,,,,,,,,,,,,,,,,,,,,,,,,,,,,,,,,
1905,6,282.0,-30.0,,,,,,,,,,,,,,,,,,,,,,,,,,,,,,,,,,,,,,,,6.09,9.3,9.3,7.73,3,2.71,16,1.0,0.6,0.6,4.96,8.62,9.09,7.06,3,3.31,16,1.0,0.6,0.6,-2.22,0.0,2.38,0.08,3,3.37,16,1.0,0.6,0.6,1016.53,1018.1,1020.15,1018.33,3,2.66,16,1.0,0.6,0.6,,,,,,,,,,,,,,,,,,,,,,,,,,,,,,,,,,,,,,,,,,,,,,,,,,,,,,,,,,,,,,,,,,,,,,,,,,,,,,,,,,,,,,,,,,,,,,,,,,,,,,,,,,,,,,,,,,,,,,,,,,,,,,,,,,,,,,,,,,,,,,,,,,,,,,
1905,6,282.0,-28.0,,,,,,,,,,,,,,,,,,,,,,,,,,,,,,,,,,,,,,,,2.6,2.6,2.6,2.6,1,0.0,10,1.0,0.8,0.8,2.6,2.6,2.6,2.6,1,0.0,10,1.0,0.8,0.8,0.0,0.0,0.0,0.0,1,0.0,10,1.0,0.8,0.8,1014.9,1014.9,1014.9,1014.9,1,0.0,10,1.0,0.8,0.8,,,,,,,,,,,,,,,,,,,,,,,,,,,,,,,,,,,,,,,,,,,,,,,,,,,,,,,,,,,,,,,,,,,,,,,,,,,,,,,,,,,,,,,,,,,,,,,,,,,,,,,,,,,,,,,,,,,,,,,,,,,,,,,,,,,,,,,,,,,,,,,,,,,,,,
1905,6,282.0,-24.0,,,,,,,,,,,,,,,,,,,,,,,,,,,,,,,,,,,,,,,,1.43,2.6,6.13,3.6,9,2.17,8,0.6,0.5,0.7,-3.77,-1.57,-0.9,-2.08,9,1.4,8,0.6,0.5,0.7,0.49,2.44,4.91,2.66,9,2.13,8,0.6,0.5,0.7,1015.96,1016.3,1016.72,1016.3,7,0.65,6,0.4,0.6,0.7,,,,,,,,,,,,,,,,,,,,,,,,,,,,,,,,,,,,,,,,,,,,,,,,,,,,,,,,,,,,,,,,,,,,,,,,,,,,,,,,,,,,,,,,,,,,,,,,,,,,,,,,,,,,,,,,,,,,,,,,,,,,,,,,,,,,,,,,,,,,,,,,,,,,,,
1905,6,282.0,-22.0,,,,,,,,,,,,,,,,,,,,,,,,,,,,,,,,,,,,,,,,2.6,2.6,2.6,2.6,1,0.0,6,0.0,1.0,0.1,-1.67,-1.67,-1.67,-1.67,1,0.0,6,0.0,1.0,0.1,1.99,1.99,1.99,1.99,1,0.0,6,0.0,1.0,0.1,1017.0,1017.0,1017.0,1017.0,1,0.0,6,0.0,1.0,0.1,,,,,,,,,,,,,,,,,,,,,,,,,,,,,,,,,,,,,,,,,,,,,,,,,,,,,,,,,,,,,,,,,,,,,,,,,,,,,,,,,,,,,,,,,,,,,,,,,,,,,,,,,,,,,,,,,,,,,,,,,,,,,,,,,,,,,,,,,,,,,,,,,,,,,,
1905,6,282.0,24.0,,,,,,,,,,,,,,,,,,,,,,,,,,,,,,,,,,,,,,,,2.19,4.6,4.6,3.45,4,2.3,28,0.3,0.4,0.8,0.86,1.8,1.8,1.35,4,0.9,28,0.3,0.4,0.8,2.02,4.23,4.23,3.18,4,2.12,28,0.3,0.4,0.8,1016.5,1016.5,1016.5,1016.5,1,0.0,26,1.0,0.3,0.8,,,,,,,,,,,,,,,,,,,,,,,,,,,,,,,,,,,,,,,,,,,,,,,,,,,,,,,,,,,,,,,,,,,,,,,,,,,,,,,,,,,,,,,,,,,,,,,,,,,,,,,,,,,,,,,,,,,,,,,,,,,,,,,,,,,,,,,,,,,,,,,,,,,,,,
1905,6,282.0,28.0,,,,,,,,,,,,,,,,,,,,,,,,,,,,,,,,,,,,,,,,3.87,4.6,6.5,5.24,5,2.69,12,0.6,0.5,0.6,-4.6,-3.25,-3.01,-3.86,5,1.74,12,0.6,0.5,0.6,-4.6,0.0,3.25,-0.74,5,4.39,12,0.6,0.5,0.6,1015.26,1016.95,1018.59,1016.93,4,2.08,6,0.8,0.4,0.5,,,,,,,,,,,,,,,,,,,,,,,,,,,,,,,,,,,,,,,,,,,,,,,,,,,,,,,,,,,,,,,,,,,,,,,,,,,,,,,,,,,,,,,,,,,,,,,,,,,,,,,,,,,,,,,,,,,,,,,,,,,,,,,,,,,,,,,,,,,,,,,,,,,,,,
1905,6,282.0,30.0,,,,,,,,,,,,,,,,,,,,,,,,,,,,,,,,,,,,,,,,3.29,6.7,6.7,5.14,5,2.49,8,0.6,0.6,0.3,-5.28,-4.74,-2.4,-3.97,5,2.0,8,0.6,0.6,0.3,-4.74,-3.25,-1.73,-3.12,5,1.81,8,0.6,0.6,0.3,1017.1,1017.1,1017.1,1017.1,1,0.0,2,1.0,1.0,0.0,,,,,,,,,,,,,,,,,,,,,,,,,,,,,,,,,,,,,,,,,,,,,,,,,,,,,,,,,,,,,,,,,,,,,,,,,,,,,,,,,,,,,,,,,,,,,,,,,,,,,,,,,,,,,,,,,,,,,,,,,,,,,,,,,,,,,,,,,,,,,,,,,,,,,,
1905,6,284.0,-60.0,,,,,,,,,,,,,,,,,,,,,,,,,,,,,,,,,,,,,,,,8.48,12.3,12.3,10.43,3,3.23,24,1.0,0.4,0.8,-5.94,0.0,1.79,-2.03,3,5.92,24,1.0,0.4,0.8,6.97,8.7,11.16,9.05,3,3.08,24,1.0,0.4,0.8,1002.1,1002.1,1002.1,1002.1,1,0.0,24,1.0,0.3,0.8,,,,,,,,,,,,,,,,,,,,,,,,,,,,,,,,,,,,,,,,,,,,,,,,,,,,,,,,,,,,,,,,,,,,,,,,,,,,,,,,,,,,,,,,,,,,,,,,,,,,,,,,,,,,,,,,,,,,,,,,,,,,,,,,,,,,,,,,,,,,,,,,,,,,,,
1905,6,284.0,-58.0,,,,,,,,,,,,,,,,,,,,,,,,,,,,,,,,,,,,,,,,6.7,9.3,25.75,13.6,14,9.25,18,0.7,0.5,0.6,0.0,5.69,24.27,10.07,14,11.34,18,0.7,0.5,0.6,0.0,6.19,9.28,5.36,14,4.02,18,0.7,0.5,0.6,982.2,986.4,999.01,990.14,13,8.39,18,0.7,0.5,0.7,,,,,,,,,,,,,,,,,,,,,,,,,,,,,,,,,,,,,,,,,,,,,,,,,,,,,,,,,,,,,,,,,,,,,,,,,,,,,,,,,,,,,,,,,,,,,,,,,,,,,,,,,,,,,,,,,,,,,,,,,,,,,,,,,,,,,,,,,,,,,,,,,,,,,,
1905,6,284.0,-56.0,,,,,,,,,,,,,,,,,,,,,,,,,,,,,,,,,,,,,,,,20.71,24.4,26.51,23.65,4,3.61,14,0.5,0.5,0.2,19.99,23.72,25.56,22.82,4,3.77,14,0.5,0.5,0.2,0.0,3.56,8.65,4.29,4,5.09,14,0.5,0.5,0.2,982.29,988.35,996.24,989.23,4,8.37,14,0.5,0.5,0.2,,,,,,,,,,,,,,,,,,,,,,,,,,,,,,,,,,,,,,,,,,,,,,,,,,,,,,,,,,,,,,,,,,,,,,,,,,,,,,,,,,,,,,,,,,,,,,,,,,,,,,,,,,,,,,,,,,,,,,,,,,,,,,,,,,,,,,,,,,,,,,,,,,,,,,
1905,6,284.0,-38.0,,,,,,,,,,,,,,,,,,,,,,,,,,,,,,,,,,,,,,,,3.55,4.6,5.7,4.63,4,1.67,20,0.3,0.2,0.8,-3.66,-2.31,-0.8,-2.23,4,1.84,20,0.3,0.2,0.8,2.72,4.06,4.88,3.81,4,1.39,20,0.3,0.2,0.8,1021.35,1025.2,1027.07,1024.34,5,3.32,20,0.4,0.2,0.8,,,,,,,,,,,,,,,,,,,,,,,,,,,,,,,,,,,,,,,,,,,,,,,,,,,,,,,,,,,,,,,,,,,,,,,,,,,,,,,,,,,,,,,,,,,,,,,,,,,,,,,,,,,,,,,,,,,,,,,,,,,,,,,,,,,,,,,,,,,,,,,,,,,,,,
1905,6,284.0,-36.0,,,,,,,,,,,,,,,,,,,,,,,,,,,,,,,,,,,,,,,,9.78,10.8,11.82,10.8,2,2.12,20,1.0,0.8,0.3,-7.7,-7.24,-6.79,-7.24,2,0.94,20,1.0,0.8,0.3,7.03,8.0,8.97,8.0,2,2.01,20,1.0,0.8,0.3,1028.45,1028.55,1028.65,1028.55,2,0.21,20,1.0,0.8,0.3,,,,,,,,,,,,,,,,,,,,,,,,,,,,,,,,,,,,,,,,,,,,,,,,,,,,,,,,,,,,,,,,,,,,,,,,,,,,,,,,,,,,,,,,,,,,,,,,,,,,,,,,,,,,,,,,,,,,,,,,,,,,,,,,,,,,,,,,,,,,,,,,,,,,,,
1905,6,284.0,-34.0,,,,,,,,,,,,,,,,,,,,,,,,,,,,,,,,,,,,,,,,9.3,9.3,9.3,9.3,1,0.0,12,1.0,0.3,0.3,9.3,9.3,9.3,9.3,1,0.0,12,1.0,0.3,0.3,0.0,0.0,0.0,0.0,1,0.0,12,1.0,0.3,0.3,1017.7,1017.7,1017.7,1017.7,1,0.0,12,1.0,0.3,0.3,,,,,,,,,,,,,,,,,,,,,,,,,,,,,,,,,,,,,,,,,,,,,,,,,,,,,,,,,,,,,,,,,,,,,,,,,,,,,,,,,,,,,,,,,,,,,,,,,,,,,,,,,,,,,,,,,,,,,,,,,,,,,,,,,,,,,,,,,,,,,,,,,,,,,,
1905,6,284.0,-30.0,,,,,,,,,,,,,,,,,,,,,,,,,,,,,,,,,,,,,,,,4.14,7.45,10.76,7.45,2,6.86,20,1.0,0.5,0.5,-3.58,-1.38,0.82,-1.38,2,4.56,20,1.0,0.5,0.5,3.36,6.62,9.89,6.62,2,6.76,20,1.0,0.5,0.5,1019.45,1021.05,1022.65,1021.05,2,3.32,20,1.0,0.5,0.5,,,,,,,,,,,,,,,,,,,,,,,,,,,,,,,,,,,,,,,,,,,,,,,,,,,,,,,,,,,,,,,,,,,,,,,,,,,,,,,,,,,,,,,,,,,,,,,,,,,,,,,,,,,,,,,,,,,,,,,,,,,,,,,,,,,,,,,,,,,,,,,,,,,,,,
1905,6,284.0,-28.0,,,,,,,,,,,,,,,,,,,,,,,,,,,,,,,,,,,,,,,,2.14,4.6,6.03,4.1,3,2.88,30,1.0,0.8,0.4,-2.0,0.71,3.46,0.73,3,4.0,30,1.0,0.8,0.4,1.52,3.25,4.27,2.9,3,2.04,30,1.0,0.8,0.4,1018.29,1018.9,1019.24,1018.77,3,0.71,30,1.0,0.8,0.4,,,,,,,,,,,,,,,,,,,,,,,,,,,,,,,,,,,,,,,,,,,,,,,,,,,,,,,,,,,,,,,,,,,,,,,,,,,,,,,,,,,,,,,,,,,,,,,,,,,,,,,,,,,,,,,,,,,,,,,,,,,,,,,,,,,,,,,,,,,,,,,,,,,,,,
1905,6,284.0,-26.0,,,,,,,,,,,,,,,,,,,,,,,,,,,,,,,,,,,,,,,,4.6,4.6,4.6,4.6,1,0.0,8,1.0,0.3,0.3,0.0,0.0,0.0,0.0,1,0.0,8,1.0,0.3,0.3,4.6,4.6,4.6,4.6,1,0.0,8,1.0,0.3,0.3,1016.7,1016.7,1016.7,1016.7,1,0.0,8,1.0,0.3,0.3,,,,,,,,,,,,,,,,,,,,,,,,,,,,,,,,,,,,,,,,,,,,,,,,,,,,,,,,,,,,,,,,,,,,,,,,,,,,,,,,,,,,,,,,,,,,,,,,,,,,,,,,,,,,,,,,,,,,,,,,,,,,,,,,,,,,,,,,,,,,,,,,,,,,,,
1905,6,284.0,-22.0,,,,,,,,,,,,,,,,,,,,,,,,,,,,,,,,,,,,,,,,1.0,1.0,3.52,2.23,17,1.69,6,0.6,0.5,0.4,-2.47,-0.94,0.0,-1.24,17,1.15,6,0.6,0.5,0.4,0.83,1.0,2.94,1.64,17,1.52,6,0.6,0.5,0.4,1015.5,1016.5,1017.6,1016.61,14,0.96,4,0.5,0.6,0.4,,,,,,,,,,,,,,,,,,,,,,,,,,,,,,,,,,,,,,,,,,,,,,,,,,,,,,,,,,,,,,,,,,,,,,,,,,,,,,,,,,,,,,,,,,,,,,,,,,,,,,,,,,,,,,,,,,,,,,,,,,,,,,,,,,,,,,,,,,,,,,,,,,,,,,
1905,6,284.0,26.0,,,,,,,,,,,,,,,,,,,,,,,,,,,,,,,,,,,,,,,,2.6,3.6,4.6,3.6,4,1.15,26,0.5,0.5,0.3,-0.03,1.41,2.56,1.27,4,1.76,26,0.5,0.5,0.3,2.4,2.83,3.77,3.07,4,0.87,26,0.5,0.5,0.3,1016.5,1016.5,1016.5,1016.5,2,0.0,26,0.0,0.5,0.3,,,,,,,,,,,,,,,,,,,,,,,,,,,,,,,,,,,,,,,,,,,,,,,,,,,,,,,,,,,,,,,,,,,,,,,,,,,,,,,,,,,,,,,,,,,,,,,,,,,,,,,,,,,,,,,,,,,,,,,,,,,,,,,,,,,,,,,,,,,,,,,,,,,,,,
1905,6,284.0,28.0,,,,,,,,,,,,,,,,,,,,,,,,,,,,,,,,,,,,,,,,6.7,6.7,6.7,6.7,2,0.0,12,0.0,0.3,0.8,-4.74,-4.74,-4.74,-4.74,2,0.0,12,0.0,0.3,0.8,-4.74,-4.74,-4.74,-4.74,2,0.0,12,0.0,0.3,0.8,1018.82,1018.85,1018.88,1018.85,2,0.07,12,0.0,0.3,0.8,,,,,,,,,,,,,,,,,,,,,,,,,,,,,,,,,,,,,,,,,,,,,,,,,,,,,,,,,,,,,,,,,,,,,,,,,,,,,,,,,,,,,,,,,,,,,,,,,,,,,,,,,,,,,,,,,,,,,,,,,,,,,,,,,,,,,,,,,,,,,,,,,,,,,,
1905,6,284.0,30.0,,,,,,,,,,,,,,,,,,,,,,,,,,,,,,,,,,,,,,,,2.82,5.65,6.7,5.15,8,1.82,14,0.4,0.8,0.1,-4.74,-3.25,-2.41,-2.78,8,3.31,14,0.4,0.8,0.1,-2.34,1.14,4.74,1.22,8,3.48,14,0.4,0.8,0.1,1016.33,1017.75,1018.86,1017.6,4,1.49,4,0.3,0.8,0.1,,,,,,,,,,,,,,,,,,,,,,,,,,,,,,,,,,,,,,,,,,,,,,,,,,,,,,,,,,,,,,,,,,,,,,,,,,,,,,,,,,,,,,,,,,,,,,,,,,,,,,,,,,,,,,,,,,,,,,,,,,,,,,,,,,,,,,,,,,,,,,,,,,,,,,
1905,6,284.0,36.0,,,,,,,,,,,,,,,,,,,,,,,,,,,,,,,,,,,,,,,,1.0,2.6,4.6,3.24,44,1.92,14,0.5,0.7,0.4,-1.14,0.0,1.8,-0.07,44,2.15,14,0.5,0.7,0.4,-1.94,1.84,4.23,1.04,44,2.95,14,0.5,0.7,0.4,1009.14,1012.3,1017.69,1013.64,19,4.38,12,0.3,0.7,0.5,,,,,,,,,,,,,,,,,,,,,,,,,,,,,,,,,,,,,,,,,,,,,,,,,,,,,,,,,,,,,,,,,,,,,,,,,,,,,,,,,,,,,,,,,,,,,,,,,,,,,,,,,,,,,,,,,,,,,,,,,,,,,,,,,,,,,,,,,,,,,,,,,,,,,,
1905,6,284.0,38.0,,,,,,,,,,,,,,,,,,,,,,,,,,,,,,,,,,,,,,,,2.6,2.6,4.6,3.43,12,1.03,12,0.7,0.9,0.0,0.0,1.37,1.84,1.12,12,1.5,12,0.7,0.9,0.0,0.93,2.5,4.24,2.29,12,2.14,12,0.7,0.9,0.0,1017.6,1017.6,1017.6,1017.6,1,0.0,2,0.0,1.0,0.0,,,,,,,,,,,,,,,,,,,,,,,,,,,,,,,,,,,,,,,,,,,,,,,,,,,,,,,,,,,,,,,,,,,,,,,,,,,,,,,,,,,,,,,,,,,,,,,,,,,,,,,,,,,,,,,,,,,,,,,,,,,,,,,,,,,,,,,,,,,,,,,,,,,,,,
1905,6,286.0,-60.0,,,,,,,,,,,,,,,,,,,,,,,,,,,,,,,,,,,,,,,,15.4,15.4,15.4,15.4,1,0.0,22,1.0,0.3,0.8,15.4,15.4,15.4,15.4,1,0.0,22,1.0,0.3,0.8,0.0,0.0,0.0,0.0,1,0.0,22,1.0,0.3,0.8,989.7,989.7,989.7,989.7,1,0.0,22,1.0,0.3,0.8,,,,,,,,,,,,,,,,,,,,,,,,,,,,,,,,,,,,,,,,,,,,,,,,,,,,,,,,,,,,,,,,,,,,,,,,,,,,,,,,,,,,,,,,,,,,,,,,,,,,,,,,,,,,,,,,,,,,,,,,,,,,,,,,,,,,,,,,,,,,,,,,,,,,,,
1905,6,286.0,-58.0,,,,,,,,,,,,,,,,,,,,,,,,,,,,,,,,,,,,,,,,9.3,12.3,26.31,15.43,25,7.66,18,0.7,0.5,0.5,3.28,8.56,22.68,10.2,25,9.66,18,0.7,0.5,0.5,-7.4,0.0,11.56,1.08,25,10.19,18,0.7,0.5,0.5,978.37,991.6,993.98,988.19,21,8.5,20,0.7,0.5,0.5,,,,,,,,,,,,,,,,,,,,,,,,,,,,,,,,,,,,,,,,,,,,,,,,,,,,,,,,,,,,,,,,,,,,,,,,,,,,,,,,,,,,,,,,,,,,,,,,,,,,,,,,,,,,,,,,,,,,,,,,,,,,,,,,,,,,,,,,,,,,,,,,,,,,,,
1905,6,286.0,-56.0,,,,,,,,,,,,,,,,,,,,,,,,,,,,,,,,,,,,,,,,12.3,12.3,12.3,12.3,1,0.0,12,1.0,0.3,0.3,8.7,8.7,8.7,8.7,1,0.0,12,1.0,0.3,0.3,8.7,8.7,8.7,8.7,1,0.0,12,1.0,0.3,0.3,998.0,998.0,998.0,998.0,1,0.0,12,1.0,0.3,0.3,,,,,,,,,,,,,,,,,,,,,,,,,,,,,,,,,,,,,,,,,,,,,,,,,,,,,,,,,,,,,,,,,,,,,,,,,,,,,,,,,,,,,,,,,,,,,,,,,,,,,,,,,,,,,,,,,,,,,,,,,,,,,,,,,,,,,,,,,,,,,,,,,,,,,,
1905,6,286.0,-36.0,,,,,,,,,,,,,,,,,,,,,,,,,,,,,,,,,,,,,,,,3.46,6.95,12.3,7.6,10,4.79,20,0.5,0.8,0.7,-4.22,-1.22,0.0,-1.8,10,2.06,20,0.5,0.8,0.7,-11.02,-0.02,5.77,-1.8,10,8.7,20,0.5,0.8,0.7,1012.3,1020.15,1027.1,1019.73,4,8.55,22,0.8,0.5,0.6,,,,,,,,,,,,,,,,,,,,,,,,,,,,,,,,,,,,,,,,,,,,,,,,,,,,,,,,,,,,,,,,,,,,,,,,,,,,,,,,,,,,,,,,,,,,,,,,,,,,,,,,,,,,,,,,,,,,,,,,,,,,,,,,,,,,,,,,,,,,,,,,,,,,,,
1905,6,286.0,-34.0,,,,,,,,,,,,,,,,,,,,,,,,,,,,,,,,,,,,,,,,5.85,6.7,9.3,6.88,6,2.45,20,0.5,0.9,0.3,-0.66,0.0,0.21,-0.36,6,1.44,20,0.5,0.9,0.3,-7.24,4.55,7.12,1.42,6,7.63,20,0.5,0.9,0.3,1017.15,1022.25,1026.2,1021.7,4,6.55,20,0.5,0.8,0.2,,,,,,,,,,,,,,,,,,,,,,,,,,,,,,,,,,,,,,,,,,,,,,,,,,,,,,,,,,,,,,,,,,,,,,,,,,,,,,,,,,,,,,,,,,,,,,,,,,,,,,,,,,,,,,,,,,,,,,,,,,,,,,,,,,,,,,,,,,,,,,,,,,,,,,
1905,6,286.0,-32.0,,,,,,,,,,,,,,,,,,,,,,,,,,,,,,,,,,,,,,,,3.66,5.95,8.24,5.95,2,4.74,10,1.0,0.5,0.5,0.15,0.49,0.82,0.49,2,0.69,10,1.0,0.5,0.5,-8.21,-5.86,-3.5,-5.86,2,4.87,10,1.0,0.5,0.5,1015.16,1016.15,1017.14,1016.15,2,2.05,10,1.0,0.5,0.5,,,,,,,,,,,,,,,,,,,,,,,,,,,,,,,,,,,,,,,,,,,,,,,,,,,,,,,,,,,,,,,,,,,,,,,,,,,,,,,,,,,,,,,,,,,,,,,,,,,,,,,,,,,,,,,,,,,,,,,,,,,,,,,,,,,,,,,,,,,,,,,,,,,,,,
1905,6,286.0,-28.0,,,,,,,,,,,,,,,,,,,,,,,,,,,,,,,,,,,,,,,,15.4,15.4,15.4,15.4,1,0.0,12,1.0,0.3,0.8,-5.77,-5.77,-5.77,-5.77,1,0.0,12,1.0,0.3,0.8,14.28,14.28,14.28,14.28,1,0.0,12,1.0,0.3,0.8,1022.0,1022.0,1022.0,1022.0,1,0.0,12,1.0,0.3,0.8,,,,,,,,,,,,,,,,,,,,,,,,,,,,,,,,,,,,,,,,,,,,,,,,,,,,,,,,,,,,,,,,,,,,,,,,,,,,,,,,,,,,,,,,,,,,,,,,,,,,,,,,,,,,,,,,,,,,,,,,,,,,,,,,,,,,,,,,,,,,,,,,,,,,,,
1905,6,286.0,-26.0,,,,,,,,,,,,,,,,,,,,,,,,,,,,,,,,,,,,,,,,6.7,6.7,6.7,6.7,1,0.0,8,1.0,0.8,0.3,0.0,0.0,0.0,0.0,1,0.0,8,1.0,0.8,0.3,6.7,6.7,6.7,6.7,1,0.0,8,1.0,0.8,0.3,1016.0,1016.0,1016.0,1016.0,1,0.0,8,1.0,0.8,0.3,,,,,,,,,,,,,,,,,,,,,,,,,,,,,,,,,,,,,,,,,,,,,,,,,,,,,,,,,,,,,,,,,,,,,,,,,,,,,,,,,,,,,,,,,,,,,,,,,,,,,,,,,,,,,,,,,,,,,,,,,,,,,,,,,,,,,,,,,,,,,,,,,,,,,,
1905,6,286.0,-22.0,,,,,,,,,,,,,,,,,,,,,,,,,,,,,,,,,,,,,,,,1.69,3.6,4.6,3.49,10,1.83,8,0.5,0.6,0.7,-2.1,-1.67,-0.96,-1.57,10,0.8,8,0.5,0.6,0.7,0.79,2.76,4.48,2.85,10,2.12,8,0.5,0.6,0.7,1015.35,1016.0,1016.11,1015.78,5,0.48,2,0.4,0.5,0.6,,,,,,,,,,,,,,,,,,,,,,,,,,,,,,,,,,,,,,,,,,,,,,,,,,,,,,,,,,,,,,,,,,,,,,,,,,,,,,,,,,,,,,,,,,,,,,,,,,,,,,,,,,,,,,,,,,,,,,,,,,,,,,,,,,,,,,,,,,,,,,,,,,,,,,
1905,6,286.0,26.0,,,,,,,,,,,,,,,,,,,,,,,,,,,,,,,,,,,,,,,,1.0,3.6,4.6,3.07,6,1.78,26,0.7,0.4,0.4,0.36,1.98,3.25,1.7,6,1.81,26,0.7,0.4,0.4,0.71,2.83,3.25,2.26,6,1.25,26,0.7,0.4,0.4,1017.71,1018.8,1019.48,1018.6,3,1.31,26,1.0,0.4,0.6,,,,,,,,,,,,,,,,,,,,,,,,,,,,,,,,,,,,,,,,,,,,,,,,,,,,,,,,,,,,,,,,,,,,,,,,,,,,,,,,,,,,,,,,,,,,,,,,,,,,,,,,,,,,,,,,,,,,,,,,,,,,,,,,,,,,,,,,,,,,,,,,,,,,,,
1905,6,286.0,30.0,,,,,,,,,,,,,,,,,,,,,,,,,,,,,,,,,,,,,,,,4.6,5.65,9.01,6.3,8,2.07,14,0.8,0.8,0.4,-3.25,-1.8,6.37,0.38,8,4.75,14,0.8,0.8,0.4,-4.23,-3.25,6.37,-0.23,8,5.18,14,0.8,0.8,0.4,1016.84,1017.7,1018.32,1017.6,5,1.31,8,0.8,0.8,0.3,,,,,,,,,,,,,,,,,,,,,,,,,,,,,,,,,,,,,,,,,,,,,,,,,,,,,,,,,,,,,,,,,,,,,,,,,,,,,,,,,,,,,,,,,,,,,,,,,,,,,,,,,,,,,,,,,,,,,,,,,,,,,,,,,,,,,,,,,,,,,,,,,,,,,,
1905,6,286.0,36.0,,,,,,,,,,,,,,,,,,,,,,,,,,,,,,,,,,,,,,,,2.6,2.6,4.6,3.81,33,2.6,16,0.5,0.7,0.5,-1.69,0.0,2.41,0.49,33,2.46,16,0.5,0.7,0.5,-3.25,1.84,2.6,0.01,33,3.92,16,0.5,0.7,0.5,1011.23,1013.7,1017.78,1014.43,11,3.63,12,0.6,0.6,0.6,,,,,,,,,,,,,,,,,,,,,,,,,,,,,,,,,,,,,,,,,,,,,,,,,,,,,,,,,,,,,,,,,,,,,,,,,,,,,,,,,,,,,,,,,,,,,,,,,,,,,,,,,,,,,,,,,,,,,,,,,,,,,,,,,,,,,,,,,,,,,,,,,,,,,,
1905,6,286.0,38.0,,,,,,,,,,,,,,,,,,,,,,,,,,,,,,,,,,,,,,,,1.0,2.6,6.7,3.45,33,2.26,14,0.4,0.7,0.2,0.0,1.84,3.25,1.83,33,1.89,14,0.4,0.7,0.2,0.0,1.72,3.25,1.08,33,3.02,14,0.4,0.7,0.2,1010.25,1014.6,1019.23,1014.61,11,4.38,10,0.5,0.6,0.2,,,,,,,,,,,,,,,,,,,,,,,,,,,,,,,,,,,,,,,,,,,,,,,,,,,,,,,,,,,,,,,,,,,,,,,,,,,,,,,,,,,,,,,,,,,,,,,,,,,,,,,,,,,,,,,,,,,,,,,,,,,,,,,,,,,,,,,,,,,,,,,,,,,,,,
1905,6,286.0,40.0,,,,,,,,,,,,,,,,,,,,,,,,,,,,,,,,,,,,,,,,1.0,4.6,6.7,3.85,67,2.53,14,0.6,0.7,0.1,-1.84,0.0,4.23,0.64,67,3.25,14,0.6,0.7,0.1,-3.77,0.0,3.25,-0.06,67,3.23,14,0.6,0.7,0.1,1008.57,1015.5,1019.4,1014.3,31,5.13,16,0.6,0.7,0.1,,,,,,,,,,,,,,,,,,,,,,,,,,,,,,,,,,,,,,,,,,,,,,,,,,,,,,,,,,,,,,,,,,,,,,,,,,,,,,,,,,,,,,,,,,,,,,,,,,,,,,,,,,,,,,,,,,,,,,,,,,,,,,,,,,,,,,,,,,,,,,,,,,,,,,
1905,6,288.0,-60.0,,,,,,,,,,,,,,,,,,,,,,,,,,,,,,,,,,,,,,,,6.7,14.15,26.8,15.5,10,9.18,22,0.8,0.6,0.8,-1.5,10.56,22.24,10.5,10,11.5,22,0.8,0.6,0.8,-10.47,-6.8,3.83,-4.86,10,8.37,22,0.8,0.6,0.8,969.3,980.0,991.05,980.66,5,12.58,22,1.0,0.5,0.8,,,,,,,,,,,,,,,,,,,,,,,,,,,,,,,,,,,,,,,,,,,,,,,,,,,,,,,,,,,,,,,,,,,,,,,,,,,,,,,,,,,,,,,,,,,,,,,,,,,,,,,,,,,,,,,,,,,,,,,,,,,,,,,,,,,,,,,,,,,,,,,,,,,,,,
1905,6,288.0,-58.0,,,,,,,,,,,,,,,,,,,,,,,,,,,,,,,,,,,,,,,,4.6,15.4,22.6,14.99,24,9.59,18,0.8,0.5,0.5,-2.84,5.38,22.11,9.1,24,12.19,18,0.8,0.5,0.5,-2.16,4.43,9.55,3.29,24,8.94,18,0.8,0.5,0.5,977.5,986.2,992.38,985.58,20,7.66,18,0.7,0.6,0.6,,,,,,,,,,,,,,,,,,,,,,,,,,,,,,,,,,,,,,,,,,,,,,,,,,,,,,,,,,,,,,,,,,,,,,,,,,,,,,,,,,,,,,,,,,,,,,,,,,,,,,,,,,,,,,,,,,,,,,,,,,,,,,,,,,,,,,,,,,,,,,,,,,,,,,
1905,6,288.0,-56.0,,,,,,,,,,,,,,,,,,,,,,,,,,,,,,,,,,,,,,,,9.22,14.65,20.08,14.65,2,11.24,14,1.0,0.3,0.3,7.31,12.85,18.38,12.85,2,11.47,14,1.0,0.3,0.3,5.33,6.6,7.87,6.6,2,2.64,14,1.0,0.3,0.3,985.82,991.9,997.98,991.9,2,12.59,14,1.0,0.3,0.3,,,,,,,,,,,,,,,,,,,,,,,,,,,,,,,,,,,,,,,,,,,,,,,,,,,,,,,,,,,,,,,,,,,,,,,,,,,,,,,,,,,,,,,,,,,,,,,,,,,,,,,,,,,,,,,,,,,,,,,,,,,,,,,,,,,,,,,,,,,,,,,,,,,,,,
1905,6,288.0,-30.0,,,,,,,,,,,,,,,,,,,,,,,,,,,,,,,,,,,,,,,,3.23,4.6,4.6,3.93,3,1.15,26,0.7,0.5,0.7,-1.72,-1.72,0.71,-0.54,3,2.06,26,0.7,0.5,0.7,2.61,4.27,4.27,3.46,3,1.4,26,0.7,0.5,0.7,1019.4,1019.4,1019.4,1019.4,1,0.0,12,1.0,0.3,0.8,,,,,,,,,,,,,,,,,,,,,,,,,,,,,,,,,,,,,,,,,,,,,,,,,,,,,,,,,,,,,,,,,,,,,,,,,,,,,,,,,,,,,,,,,,,,,,,,,,,,,,,,,,,,,,,,,,,,,,,,,,,,,,,,,,,,,,,,,,,,,,,,,,,,,,
1905,6,288.0,-28.0,,,,,,,,,,,,,,,,,,,,,,,,,,,,,,,,,,,,,,,,2.71,4.6,4.6,3.7,4,1.8,20,0.5,0.6,0.6,-1.09,-0.2,0.9,-0.1,4,1.42,20,0.5,0.6,0.6,-2.67,1.67,4.44,0.92,4,4.28,20,0.5,0.6,0.6,1010.93,1012.95,1013.81,1012.4,4,1.99,14,1.0,0.5,0.6,,,,,,,,,,,,,,,,,,,,,,,,,,,,,,,,,,,,,,,,,,,,,,,,,,,,,,,,,,,,,,,,,,,,,,,,,,,,,,,,,,,,,,,,,,,,,,,,,,,,,,,,,,,,,,,,,,,,,,,,,,,,,,,,,,,,,,,,,,,,,,,,,,,,,,
1905,6,288.0,-26.0,,,,,,,,,,,,,,,,,,,,,,,,,,,,,,,,,,,,,,,,0.59,2.6,4.6,2.56,11,1.86,18,1.0,0.8,0.4,-2.4,-0.93,0.74,-0.61,11,1.92,18,1.0,0.8,0.4,-1.92,0.0,2.76,0.28,11,2.55,18,1.0,0.8,0.4,1013.1,1013.4,1013.7,1013.35,6,0.38,16,1.0,0.8,0.6,,,,,,,,,,,,,,,,,,,,,,,,,,,,,,,,,,,,,,,,,,,,,,,,,,,,,,,,,,,,,,,,,,,,,,,,,,,,,,,,,,,,,,,,,,,,,,,,,,,,,,,,,,,,,,,,,,,,,,,,,,,,,,,,,,,,,,,,,,,,,,,,,,,,,,
1905,6,288.0,-24.0,,,,,,,,,,,,,,,,,,,,,,,,,,,,,,,,,,,,,,,,2.19,2.6,4.6,3.0,12,1.32,18,0.5,0.9,0.7,-1.19,0.0,0.0,-0.6,12,1.43,18,0.5,0.9,0.7,-0.18,2.51,4.6,1.91,12,2.27,18,0.5,0.9,0.7,1015.01,1015.9,1016.79,1015.9,3,1.3,24,1.0,0.8,0.4,,,,,,,,,,,,,,,,,,,,,,,,,,,,,,,,,,,,,,,,,,,,,,,,,,,,,,,,,,,,,,,,,,,,,,,,,,,,,,,,,,,,,,,,,,,,,,,,,,,,,,,,,,,,,,,,,,,,,,,,,,,,,,,,,,,,,,,,,,,,,,,,,,,,,,
1905,6,288.0,-22.0,,,,,,,,,,,,,,,,,,,,,,,,,,,,,,,,,,,,,,,,1.0,1.0,3.93,2.05,22,1.45,6,0.6,0.6,0.8,-2.21,-0.23,0.0,-0.82,22,1.32,6,0.6,0.6,0.8,0.0,1.0,2.52,1.19,22,1.6,6,0.6,0.6,0.8,1014.72,1015.2,1016.07,1015.81,11,2.23,2,0.5,0.6,0.9,,,,,,,,,,,,,,,,,,,,,,,,,,,,,,,,,,,,,,,,,,,,,,,,,,,,,,,,,,,,,,,,,,,,,,,,,,,,,,,,,,,,,,,,,,,,,,,,,,,,,,,,,,,,,,,,,,,,,,,,,,,,,,,,,,,,,,,,,,,,,,,,,,,,,,
1905,6,288.0,26.0,,,,,,,,,,,,,,,,,,,,,,,,,,,,,,,,,,,,,,,,2.71,5.65,6.7,4.75,4,2.69,26,0.5,0.5,0.8,1.73,3.44,5.29,3.5,4,2.26,26,0.5,0.5,0.8,0.62,2.12,4.43,2.5,4,2.73,26,0.5,0.5,0.8,1019.4,1019.4,1019.4,1019.4,1,0.0,26,0.0,0.3,0.8,,,,,,,,,,,,,,,,,,,,,,,,,,,,,,,,,,,,,,,,,,,,,,,,,,,,,,,,,,,,,,,,,,,,,,,,,,,,,,,,,,,,,,,,,,,,,,,,,,,,,,,,,,,,,,,,,,,,,,,,,,,,,,,,,,,,,,,,,,,,,,,,,,,,,,
1905,6,288.0,28.0,,,,,,,,,,,,,,,,,,,,,,,,,,,,,,,,,,,,,,,,2.6,2.6,2.6,2.6,1,0.0,26,0.0,0.8,0.3,2.6,2.6,2.6,2.6,1,0.0,26,0.0,0.8,0.3,0.0,0.0,0.0,0.0,1,0.0,26,0.0,0.8,0.3,1020.5,1020.5,1020.5,1020.5,1,0.0,26,0.0,0.8,0.3,,,,,,,,,,,,,,,,,,,,,,,,,,,,,,,,,,,,,,,,,,,,,,,,,,,,,,,,,,,,,,,,,,,,,,,,,,,,,,,,,,,,,,,,,,,,,,,,,,,,,,,,,,,,,,,,,,,,,,,,,,,,,,,,,,,,,,,,,,,,,,,,,,,,,,
1905,6,288.0,30.0,,,,,,,,,,,,,,,,,,,,,,,,,,,,,,,,,,,,,,,,1.51,2.6,5.4,3.43,3,2.94,14,0.3,0.8,0.3,-1.48,-0.71,3.01,0.73,3,3.52,14,0.3,0.8,0.3,-1.03,0.71,3.46,1.2,3,3.32,14,0.3,0.8,0.3,1015.33,1015.4,1015.47,1015.4,2,0.14,12,0.0,0.8,0.5,,,,,,,,,,,,,,,,,,,,,,,,,,,,,,,,,,,,,,,,,,,,,,,,,,,,,,,,,,,,,,,,,,,,,,,,,,,,,,,,,,,,,,,,,,,,,,,,,,,,,,,,,,,,,,,,,,,,,,,,,,,,,,,,,,,,,,,,,,,,,,,,,,,,,,
1905,6,288.0,32.0,,,,,,,,,,,,,,,,,,,,,,,,,,,,,,,,,,,,,,,,2.6,5.95,9.3,5.95,6,3.67,14,0.5,0.8,0.0,-1.02,3.8,8.62,3.8,6,5.28,14,0.5,0.8,0.0,-2.39,0.55,3.48,0.55,6,3.22,14,0.5,0.8,0.0,1019.65,1020.4,1020.81,1020.23,3,0.86,4,0.7,0.7,0.0,,,,,,,,,,,,,,,,,,,,,,,,,,,,,,,,,,,,,,,,,,,,,,,,,,,,,,,,,,,,,,,,,,,,,,,,,,,,,,,,,,,,,,,,,,,,,,,,,,,,,,,,,,,,,,,,,,,,,,,,,,,,,,,,,,,,,,,,,,,,,,,,,,,,,,
1905,6,288.0,36.0,,,,,,,,,,,,,,,,,,,,,,,,,,,,,,,,,,,,,,,,1.53,3.6,4.6,4.06,22,3.12,16,0.6,0.7,0.4,-0.85,0.0,3.25,0.75,22,2.53,16,0.6,0.7,0.4,-2.6,0.0,3.25,-0.56,22,4.44,16,0.6,0.7,0.4,1009.78,1014.15,1019.01,1014.16,8,4.18,12,0.4,0.7,0.5,,,,,,,,,,,,,,,,,,,,,,,,,,,,,,,,,,,,,,,,,,,,,,,,,,,,,,,,,,,,,,,,,,,,,,,,,,,,,,,,,,,,,,,,,,,,,,,,,,,,,,,,,,,,,,,,,,,,,,,,,,,,,,,,,,,,,,,,,,,,,,,,,,,,,,
1905,6,288.0,38.0,,,,,,,,,,,,,,,,,,,,,,,,,,,,,,,,,,,,,,,,1.0,4.6,6.7,4.03,22,2.37,14,0.5,0.7,0.3,0.0,2.12,4.27,2.25,22,2.11,14,0.5,0.7,0.3,-0.37,1.37,3.91,1.25,22,3.36,14,0.5,0.7,0.3,1008.82,1010.65,1019.26,1012.33,8,5.46,16,0.6,0.6,0.4,,,,,,,,,,,,,,,,,,,,,,,,,,,,,,,,,,,,,,,,,,,,,,,,,,,,,,,,,,,,,,,,,,,,,,,,,,,,,,,,,,,,,,,,,,,,,,,,,,,,,,,,,,,,,,,,,,,,,,,,,,,,,,,,,,,,,,,,,,,,,,,,,,,,,,
1905,6,288.0,40.0,,,,,,,,,,,,,,,,,,,,,,,,,,,,,,,,,,,,,,,,1.0,2.6,6.7,3.72,85,2.38,14,0.4,0.7,0.1,-3.25,0.0,3.25,0.38,85,3.45,14,0.4,0.7,0.1,-2.29,0.71,3.04,0.54,85,2.72,14,0.4,0.7,0.1,1010.03,1015.8,1020.0,1015.1,39,5.23,14,0.4,0.7,0.1,,,,,,,,,,,,,,,,,,,,,,,,,,,,,,,,,,,,,,,,,,,,,,,,,,,,,,,,,,,,,,,,,,,,,,,,,,,,,,,,,,,,,,,,,,,,,,,,,,,,,,,,,,,,,,,,,,,,,,,,,,,,,,,,,,,,,,,,,,,,,,,,,,,,,,
1905,6,288.0,42.0,,,,,,,,,,,,,,,,,,,,,,,,,,,,,,,,,,,,,,,,0.48,1.8,4.75,2.58,4,2.95,14,0.3,1.0,0.0,0.0,0.51,1.86,0.91,4,1.24,14,0.3,1.0,0.0,0.48,1.7,4.37,2.39,4,2.7,14,0.3,1.0,0.0,1010.0,1010.0,1010.0,1010.0,1,0.0,4,0.0,1.0,0.0,,,,,,,,,,,,,,,,,,,,,,,,,,,,,,,,,,,,,,,,,,,,,,,,,,,,,,,,,,,,,,,,,,,,,,,,,,,,,,,,,,,,,,,,,,,,,,,,,,,,,,,,,,,,,,,,,,,,,,,,,,,,,,,,,,,,,,,,,,,,,,,,,,,,,,
1905,6,290.0,-60.0,,,,,,,,,,,,,,,,,,,,,,,,,,,,,,,,,,,,,,,,2.6,3.6,9.98,6.95,6,7.84,26,0.3,0.3,0.8,1.81,1.84,3.82,3.1,6,2.82,26,0.3,0.3,0.8,-4.67,-1.84,2.84,0.8,6,9.96,26,0.3,0.3,0.8,987.4,987.4,987.4,987.4,1,0.0,28,0.0,0.3,0.8,,,,,,,,,,,,,,,,,,,,,,,,,,,,,,,,,,,,,,,,,,,,,,,,,,,,,,,,,,,,,,,,,,,,,,,,,,,,,,,,,,,,,,,,,,,,,,,,,,,,,,,,,,,,,,,,,,,,,,,,,,,,,,,,,,,,,,,,,,,,,,,,,,,,,,
1905,6,290.0,-58.0,,,,,,,,,,,,,,,,,,,,,,,,,,,,,,,,,,,,,,,,4.6,9.8,19.0,11.78,77,7.16,18,0.2,0.6,0.4,-4.74,2.51,15.21,4.0,77,10.2,18,0.2,0.6,0.4,-3.57,0.92,10.89,2.62,77,8.05,18,0.2,0.6,0.4,983.92,986.8,993.98,987.65,30,6.43,16,0.3,0.6,0.5,,,,,,,,,,,,,,,,,,,,,,,,,,,,,,,,,,,,,,,,,,,,,,,,,,,,,,,,,,,,,,,,,,,,,,,,,,,,,,,,,,,,,,,,,,,,,,,,,,,,,,,,,,,,,,,,,,,,,,,,,,,,,,,,,,,,,,,,,,,,,,,,,,,,,,
1905,6,290.0,-56.0,,,,,,,,,,,,,,,,,,,,,,,,,,,,,,,,,,,,,,,,22.6,22.6,22.6,22.6,1,0.0,8,0.0,0.5,0.5,15.98,15.98,15.98,15.98,1,0.0,8,0.0,0.5,0.5,15.98,15.98,15.98,15.98,1,0.0,8,0.0,0.5,0.5,984.6,984.6,984.6,984.6,1,0.0,8,0.0,0.5,0.5,,,,,,,,,,,,,,,,,,,,,,,,,,,,,,,,,,,,,,,,,,,,,,,,,,,,,,,,,,,,,,,,,,,,,,,,,,,,,,,,,,,,,,,,,,,,,,,,,,,,,,,,,,,,,,,,,,,,,,,,,,,,,,,,,,,,,,,,,,,,,,,,,,,,,,
1905,6,290.0,18.0,,,,,,,,,,,,,,,,,,,,,,,,,,,,,,,,,,,,,,,,6.7,6.7,6.7,6.7,2,0.0,20,1.0,0.8,0.5,-6.39,-5.72,-5.05,-5.72,2,1.39,20,1.0,0.8,0.5,0.75,2.37,3.99,2.37,2,3.35,20,1.0,0.8,0.5,1014.4,1014.4,1014.4,1014.4,1,0.0,12,1.0,0.8,0.8,,,,,,,,,,,,,,,,,,,,,,,,,,,,,,,,,,,,,,,,,,,,,,,,,,,,,,,,,,,,,,,,,,,,,,,,,,,,,,,,,,,,,,,,,,,,,,,,,,,,,,,,,,,,,,,,,,,,,,,,,,,,,,,,,,,,,,,,,,,,,,,,,,,,,,
1905,6,290.0,28.0,,,,,,,,,,,,,,,,,,,,,,,,,,,,,,,,,,,,,,,,2.6,3.6,4.6,3.6,4,1.15,8,0.3,0.9,0.3,0.0,0.86,1.72,0.86,4,0.99,8,0.3,0.9,0.3,2.6,3.43,4.27,3.43,4,0.96,8,0.3,0.9,0.3,1016.02,1018.4,1019.39,1017.92,5,1.99,14,0.4,0.8,0.3,,,,,,,,,,,,,,,,,,,,,,,,,,,,,,,,,,,,,,,,,,,,,,,,,,,,,,,,,,,,,,,,,,,,,,,,,,,,,,,,,,,,,,,,,,,,,,,,,,,,,,,,,,,,,,,,,,,,,,,,,,,,,,,,,,,,,,,,,,,,,,,,,,,,,,
1905,6,290.0,32.0,,,,,,,,,,,,,,,,,,,,,,,,,,,,,,,,,,,,,,,,1.43,4.6,8.6,5.14,9,3.26,16,0.6,0.6,0.3,-3.6,-0.71,4.74,-0.04,9,4.88,16,0.6,0.6,0.3,-1.56,1.72,4.74,1.85,9,3.58,16,0.6,0.6,0.3,1015.4,1017.2,1018.64,1017.03,4,2.15,8,0.3,0.6,0.4,,,,,,,,,,,,,,,,,,,,,,,,,,,,,,,,,,,,,,,,,,,,,,,,,,,,,,,,,,,,,,,,,,,,,,,,,,,,,,,,,,,,,,,,,,,,,,,,,,,,,,,,,,,,,,,,,,,,,,,,,,,,,,,,,,,,,,,,,,,,,,,,,,,,,,
1905,6,290.0,36.0,,,,,,,,,,,,,,,,,,,,,,,,,,,,,,,,,,,,,,,,2.6,4.6,6.7,4.88,16,3.35,16,0.4,0.7,0.5,-1.75,0.92,3.86,1.0,16,2.72,16,0.4,0.7,0.5,-5.57,-1.76,1.34,-2.47,16,4.64,16,0.4,0.7,0.5,1009.89,1016.0,1020.07,1015.21,9,4.75,14,0.6,0.6,0.6,,,,,,,,,,,,,,,,,,,,,,,,,,,,,,,,,,,,,,,,,,,,,,,,,,,,,,,,,,,,,,,,,,,,,,,,,,,,,,,,,,,,,,,,,,,,,,,,,,,,,,,,,,,,,,,,,,,,,,,,,,,,,,,,,,,,,,,,,,,,,,,,,,,,,,
1905,6,290.0,38.0,,,,,,,,,,,,,,,,,,,,,,,,,,,,,,,,,,,,,,,,2.6,4.6,6.7,4.85,23,2.54,18,0.4,0.6,0.4,0.0,3.25,4.74,2.72,23,2.57,18,0.4,0.6,0.4,-4.74,1.72,4.6,0.47,23,4.06,18,0.4,0.6,0.4,1002.4,1011.75,1013.87,1010.26,10,6.33,16,0.1,0.6,0.6,,,,,,,,,,,,,,,,,,,,,,,,,,,,,,,,,,,,,,,,,,,,,,,,,,,,,,,,,,,,,,,,,,,,,,,,,,,,,,,,,,,,,,,,,,,,,,,,,,,,,,,,,,,,,,,,,,,,,,,,,,,,,,,,,,,,,,,,,,,,,,,,,,,,,,
1905,6,290.0,40.0,,,,,,,,,,,,,,,,,,,,,,,,,,,,,,,,,,,,,,,,1.0,4.6,6.7,3.85,88,2.34,14,0.4,0.7,0.1,-1.16,1.36,3.25,0.85,88,3.13,14,0.4,0.7,0.1,-1.8,1.02,3.45,0.97,88,2.99,14,0.4,0.7,0.1,1010.4,1014.3,1020.18,1014.53,35,5.08,14,0.4,0.6,0.1,,,,,,,,,,,,,,,,,,,,,,,,,,,,,,,,,,,,,,,,,,,,,,,,,,,,,,,,,,,,,,,,,,,,,,,,,,,,,,,,,,,,,,,,,,,,,,,,,,,,,,,,,,,,,,,,,,,,,,,,,,,,,,,,,,,,,,,,,,,,,,,,,,,,,,
1905,6,292.0,-58.0,,,,,,,,,,,,,,,,,,,,,,,,,,,,,,,,,,,,,,,,4.6,9.3,19.0,12.39,87,7.23,14,0.2,0.6,0.7,-7.59,3.63,14.81,3.91,87,10.59,14,0.2,0.6,0.7,-3.86,3.48,10.89,4.14,87,7.91,14,0.2,0.6,0.7,983.89,989.0,999.43,990.06,34,8.24,14,0.2,0.7,0.8,,,,,,,,,,,,,,,,,,,,,,,,,,,,,,,,,,,,,,,,,,,,,,,,,,,,,,,,,,,,,,,,,,,,,,,,,,,,,,,,,,,,,,,,,,,,,,,,,,,,,,,,,,,,,,,,,,,,,,,,,,,,,,,,,,,,,,,,,,,,,,,,,,,,,,
1905,6,292.0,-56.0,,,,,,,,,,,,,,,,,,,,,,,,,,,,,,,,,,,,,,,,6.7,9.3,15.57,11.24,7,4.61,8,0.1,0.9,0.8,-0.12,9.3,13.53,7.66,7,6.74,8,0.1,0.9,0.8,-0.44,0.0,6.56,2.16,7,7.02,8,0.1,0.9,0.8,984.81,985.5,986.15,985.46,5,0.81,6,0.2,1.0,1.0,,,,,,,,,,,,,,,,,,,,,,,,,,,,,,,,,,,,,,,,,,,,,,,,,,,,,,,,,,,,,,,,,,,,,,,,,,,,,,,,,,,,,,,,,,,,,,,,,,,,,,,,,,,,,,,,,,,,,,,,,,,,,,,,,,,,,,,,,,,,,,,,,,,,,,
1905,6,292.0,-54.0,,,,,,,,,,,,,,,,,,,,,,,,,,,,,,,,,,,,,,,,9.3,15.4,22.6,16.87,16,5.92,6,0.3,0.9,0.8,4.66,12.87,22.6,13.1,16,7.88,6,0.3,0.9,0.8,0.0,7.6,14.65,7.06,16,6.34,6,0.3,0.9,0.8,989.63,999.7,1005.69,998.96,13,8.08,4,0.2,1.0,0.7,,,,,,,,,,,,,,,,,,,,,,,,,,,,,,,,,,,,,,,,,,,,,,,,,,,,,,,,,,,,,,,,,,,,,,,,,,,,,,,,,,,,,,,,,,,,,,,,,,,,,,,,,,,,,,,,,,,,,,,,,,,,,,,,,,,,,,,,,,,,,,,,,,,,,,
1905,6,292.0,-52.0,,,,,,,,,,,,,,,,,,,,,,,,,,,,,,,,,,,,,,,,9.3,15.4,19.0,14.37,31,6.64,12,0.3,0.8,0.6,1.57,8.7,16.34,9.48,31,6.48,12,0.3,0.8,0.6,0.0,8.62,15.98,8.22,31,7.29,12,0.3,0.8,0.6,988.06,1009.9,1011.54,1000.03,3,19.21,6,0.7,0.7,0.5,,,,,,,,,,,,,,,,,,,,,,,,,,,,,,,,,,,,,,,,,,,,,,,,,,,,,,,,,,,,,,,,,,,,,,,,,,,,,,,,,,,,,,,,,,,,,,,,,,,,,,,,,,,,,,,,,,,,,,,,,,,,,,,,,,,,,,,,,,,,,,,,,,,,,,
1905,6,292.0,18.0,,,,,,,,,,,,,,,,,,,,,,,,,,,,,,,,,,,,,,,,4.14,7.45,10.76,7.45,2,6.86,10,0.0,0.5,0.5,-9.82,-6.58,-3.34,-6.58,2,6.71,10,0.0,0.5,0.5,2.31,3.32,4.34,3.32,2,2.1,10,0.0,0.5,0.5,1014.4,1014.4,1014.4,1014.4,1,0.0,12,0.0,0.3,0.8,,,,,,,,,,,,,,,,,,,,,,,,,,,,,,,,,,,,,,,,,,,,,,,,,,,,,,,,,,,,,,,,,,,,,,,,,,,,,,,,,,,,,,,,,,,,,,,,,,,,,,,,,,,,,,,,,,,,,,,,,,,,,,,,,,,,,,,,,,,,,,,,,,,,,,
1905,6,292.0,20.0,,,,,,,,,,,,,,,,,,,,,,,,,,,,,,,,,,,,,,,,2.92,3.6,4.28,3.6,2,1.41,12,0.0,0.8,0.3,-3.94,-3.31,-2.69,-3.31,2,1.3,12,0.0,0.8,0.3,1.14,1.41,1.67,1.41,2,0.55,12,0.0,0.8,0.3,1013.19,1013.6,1014.01,1013.6,2,0.85,12,0.0,0.8,0.3,,,,,,,,,,,,,,,,,,,,,,,,,,,,,,,,,,,,,,,,,,,,,,,,,,,,,,,,,,,,,,,,,,,,,,,,,,,,,,,,,,,,,,,,,,,,,,,,,,,,,,,,,,,,,,,,,,,,,,,,,,,,,,,,,,,,,,,,,,,,,,,,,,,,,,
1905,6,292.0,28.0,,,,,,,,,,,,,,,,,,,,,,,,,,,,,,,,,,,,,,,,1.0,2.6,4.6,2.62,9,1.73,18,0.6,0.7,0.4,-2.16,0.0,2.64,0.18,9,2.64,18,0.6,0.7,0.4,-0.27,1.0,2.41,0.97,9,1.62,18,0.6,0.7,0.4,1016.44,1017.15,1020.58,1018.45,4,3.22,16,1.0,0.7,0.6,,,,,,,,,,,,,,,,,,,,,,,,,,,,,,,,,,,,,,,,,,,,,,,,,,,,,,,,,,,,,,,,,,,,,,,,,,,,,,,,,,,,,,,,,,,,,,,,,,,,,,,,,,,,,,,,,,,,,,,,,,,,,,,,,,,,,,,,,,,,,,,,,,,,,,
1905,6,292.0,32.0,,,,,,,,,,,,,,,,,,,,,,,,,,,,,,,,,,,,,,,,2.6,4.65,8.32,5.43,4,3.5,14,1.0,0.4,0.6,-2.61,-2.22,2.76,-0.03,4,4.66,14,1.0,0.4,0.6,-3.23,0.92,4.51,0.65,4,5.41,14,1.0,0.4,0.6,1015.74,1016.7,1018.54,1017.13,3,2.08,10,1.0,0.5,0.5,,,,,,,,,,,,,,,,,,,,,,,,,,,,,,,,,,,,,,,,,,,,,,,,,,,,,,,,,,,,,,,,,,,,,,,,,,,,,,,,,,,,,,,,,,,,,,,,,,,,,,,,,,,,,,,,,,,,,,,,,,,,,,,,,,,,,,,,,,,,,,,,,,,,,,
1905,6,292.0,34.0,,,,,,,,,,,,,,,,,,,,,,,,,,,,,,,,,,,,,,,,7.04,12.3,12.3,9.73,3,4.45,20,0.3,0.6,0.3,1.53,8.7,8.7,5.2,3,6.06,20,0.3,0.6,0.3,-0.13,8.7,8.7,4.39,3,7.47,20,0.3,0.6,0.3,1020.2,1020.2,1020.2,1020.2,1,0.0,4,1.0,0.8,0.3,,,,,,,,,,,,,,,,,,,,,,,,,,,,,,,,,,,,,,,,,,,,,,,,,,,,,,,,,,,,,,,,,,,,,,,,,,,,,,,,,,,,,,,,,,,,,,,,,,,,,,,,,,,,,,,,,,,,,,,,,,,,,,,,,,,,,,,,,,,,,,,,,,,,,,
1905,6,292.0,36.0,,,,,,,,,,,,,,,,,,,,,,,,,,,,,,,,,,,,,,,,2.6,6.7,9.3,6.28,12,3.32,14,0.5,0.6,0.4,-1.23,0.0,3.48,0.53,12,2.49,14,0.5,0.6,0.4,-6.7,-2.12,8.62,-0.74,12,6.84,14,0.5,0.6,0.4,1012.98,1015.7,1016.32,1014.7,4,2.78,16,0.3,0.4,0.7,,,,,,,,,,,,,,,,,,,,,,,,,,,,,,,,,,,,,,,,,,,,,,,,,,,,,,,,,,,,,,,,,,,,,,,,,,,,,,,,,,,,,,,,,,,,,,,,,,,,,,,,,,,,,,,,,,,,,,,,,,,,,,,,,,,,,,,,,,,,,,,,,,,,,,
1905,6,292.0,38.0,,,,,,,,,,,,,,,,,,,,,,,,,,,,,,,,,,,,,,,,2.6,4.6,9.3,5.02,32,2.87,14,0.6,0.7,0.3,-2.4,0.86,4.27,1.18,32,3.07,14,0.6,0.7,0.3,-6.21,0.0,4.74,0.04,32,4.84,14,0.6,0.7,0.3,1012.25,1014.2,1020.84,1015.15,13,5.57,12,0.6,0.7,0.4,,,,,,,,,,,,,,,,,,,,,,,,,,,,,,,,,,,,,,,,,,,,,,,,,,,,,,,,,,,,,,,,,,,,,,,,,,,,,,,,,,,,,,,,,,,,,,,,,,,,,,,,,,,,,,,,,,,,,,,,,,,,,,,,,,,,,,,,,,,,,,,,,,,,,,
1905,6,292.0,40.0,,,,,,,,,,,,,,,,,,,,,,,,,,,,,,,,,,,,,,,,2.6,2.6,6.7,4.09,74,2.51,14,0.6,0.7,0.1,-0.42,1.82,3.63,1.28,74,2.97,14,0.6,0.7,0.1,-2.55,1.0,3.25,0.71,74,3.5,14,0.6,0.7,0.1,1011.16,1015.8,1020.0,1015.1,33,4.96,16,0.6,0.7,0.1,,,,,,,,,,,,,,,,,,,,,,,,,,,,,,,,,,,,,,,,,,,,,,,,,,,,,,,,,,,,,,,,,,,,,,,,,,,,,,,,,,,,,,,,,,,,,,,,,,,,,,,,,,,,,,,,,,,,,,,,,,,,,,,,,,,,,,,,,,,,,,,,,,,,,,
1905,6,294.0,-58.0,,,,,,,,,,,,,,,,,,,,,,,,,,,,,,,,,,,,,,,,4.6,9.3,19.0,11.26,84,6.3,14,0.2,0.6,0.8,-3.48,4.74,12.3,4.28,84,8.29,14,0.2,0.6,0.8,-3.12,2.23,13.24,3.76,84,8.14,14,0.2,0.6,0.8,987.24,994.1,1001.65,994.2,29,6.73,12,0.2,0.7,0.9,,,,,,,,,,,,,,,,,,,,,,,,,,,,,,,,,,,,,,,,,,,,,,,,,,,,,,,,,,,,,,,,,,,,,,,,,,,,,,,,,,,,,,,,,,,,,,,,,,,,,,,,,,,,,,,,,,,,,,,,,,,,,,,,,,,,,,,,,,,,,,,,,,,,,,
1905,6,294.0,-56.0,,,,,,,,,,,,,,,,,,,,,,,,,,,,,,,,,,,,,,,,6.7,15.4,19.0,13.8,113,6.15,14,0.2,0.7,0.7,-1.74,8.7,14.53,7.4,113,9.12,14,0.2,0.7,0.7,-5.77,3.48,13.44,3.46,113,8.9,14,0.2,0.7,0.7,980.42,989.2,996.59,987.53,39,9.35,10,0.1,0.8,0.8,,,,,,,,,,,,,,,,,,,,,,,,,,,,,,,,,,,,,,,,,,,,,,,,,,,,,,,,,,,,,,,,,,,,,,,,,,,,,,,,,,,,,,,,,,,,,,,,,,,,,,,,,,,,,,,,,,,,,,,,,,,,,,,,,,,,,,,,,,,,,,,,,,,,,,
1905,6,294.0,-54.0,,,,,,,,,,,,,,,,,,,,,,,,,,,,,,,,,,,,,,,,6.7,15.4,22.6,15.3,133,7.5,8,0.3,0.7,0.6,0.0,7.12,18.95,7.48,133,9.27,8,0.3,0.7,0.6,-1.72,8.7,18.95,7.81,133,9.41,8,0.3,0.7,0.6,978.5,988.45,1002.01,990.18,86,10.4,4,0.3,0.7,0.6,,,,,,,,,,,,,,,,,,,,,,,,,,,,,,,,,,,,,,,,,,,,,,,,,,,,,,,,,,,,,,,,,,,,,,,,,,,,,,,,,,,,,,,,,,,,,,,,,,,,,,,,,,,,,,,,,,,,,,,,,,,,,,,,,,,,,,,,,,,,,,,,,,,,,,
1905,6,294.0,-52.0,,,,,,,,,,,,,,,,,,,,,,,,,,,,,,,,,,,,,,,,4.6,12.3,19.0,12.64,76,6.95,18,0.3,0.7,0.6,-0.81,4.67,15.46,6.13,76,8.66,18,0.3,0.7,0.6,-6.59,3.74,11.47,2.64,76,9.48,18,0.3,0.7,0.6,973.8,983.5,1003.25,986.73,33,12.54,20,0.3,0.8,0.7,,,,,,,,,,,,,,,,,,,,,,,,,,,,,,,,,,,,,,,,,,,,,,,,,,,,,,,,,,,,,,,,,,,,,,,,,,,,,,,,,,,,,,,,,,,,,,,,,,,,,,,,,,,,,,,,,,,,,,,,,,,,,,,,,,,,,,,,,,,,,,,,,,,,,,
1905,6,294.0,-50.0,,,,,,,,,,,,,,,,,,,,,,,,,,,,,,,,,,,,,,,,2.69,9.3,15.4,10.0,58,6.25,16,0.4,0.8,0.6,0.0,5.25,13.44,6.44,58,6.87,16,0.4,0.8,0.6,-3.48,0.71,10.4,2.45,58,6.73,16,0.4,0.8,0.6,989.15,995.1,1002.74,995.59,27,6.84,16,0.4,0.8,0.6,,,,,,,,,,,,,,,,,,,,,,,,,,,,,,,,,,,,,,,,,,,,,,,,,,,,,,,,,,,,,,,,,,,,,,,,,,,,,,,,,,,,,,,,,,,,,,,,,,,,,,,,,,,,,,,,,,,,,,,,,,,,,,,,,,,,,,,,,,,,,,,,,,,,,,
1905,6,294.0,-48.0,,,,,,,,,,,,,,,,,,,,,,,,,,,,,,,,,,,,,,,,4.83,9.55,18.26,10.66,8,5.78,14,0.0,0.8,0.4,1.98,5.0,16.51,7.56,8,7.11,14,0.0,0.8,0.4,-7.11,-1.31,8.14,-0.18,8,6.89,14,0.0,0.8,0.4,999.75,1003.5,1007.25,1003.5,2,7.78,18,0.0,0.9,0.4,,,,,,,,,,,,,,,,,,,,,,,,,,,,,,,,,,,,,,,,,,,,,,,,,,,,,,,,,,,,,,,,,,,,,,,,,,,,,,,,,,,,,,,,,,,,,,,,,,,,,,,,,,,,,,,,,,,,,,,,,,,,,,,,,,,,,,,,,,,,,,,,,,,,,,
1905,6,294.0,20.0,,,,,,,,,,,,,,,,,,,,,,,,,,,,,,,,,,,,,,,,2.6,6.7,9.01,5.88,8,2.96,12,0.5,0.7,0.4,-6.53,-4.74,-2.39,-4.47,8,2.04,12,0.5,0.7,0.4,1.11,3.68,6.37,3.68,8,2.39,12,0.5,0.7,0.4,1014.29,1014.4,1015.21,1014.68,5,0.54,12,0.6,0.7,0.4,,,,,,,,,,,,,,,,,,,,,,,,,,,,,,,,,,,,,,,,,,,,,,,,,,,,,,,,,,,,,,,,,,,,,,,,,,,,,,,,,,,,,,,,,,,,,,,,,,,,,,,,,,,,,,,,,,,,,,,,,,,,,,,,,,,,,,,,,,,,,,,,,,,,,,
1905,6,294.0,28.0,,,,,,,,,,,,,,,,,,,,,,,,,,,,,,,,,,,,,,,,0.0,2.6,4.6,2.4,6,2.06,22,0.3,0.6,0.4,0.0,2.4,3.46,2.05,6,1.72,22,0.3,0.6,0.4,-1.18,-0.49,0.67,-0.09,6,1.77,22,0.3,0.6,0.4,1022.71,1022.95,1023.19,1022.95,2,0.49,24,0.0,0.5,0.8,,,,,,,,,,,,,,,,,,,,,,,,,,,,,,,,,,,,,,,,,,,,,,,,,,,,,,,,,,,,,,,,,,,,,,,,,,,,,,,,,,,,,,,,,,,,,,,,,,,,,,,,,,,,,,,,,,,,,,,,,,,,,,,,,,,,,,,,,,,,,,,,,,,,,,
1905,6,294.0,32.0,,,,,,,,,,,,,,,,,,,,,,,,,,,,,,,,,,,,,,,,4.6,4.6,4.6,4.6,1,0.0,14,0.0,1.0,0.5,-1.8,-1.8,-1.8,-1.8,1,0.0,14,0.0,1.0,0.5,4.23,4.23,4.23,4.23,1,0.0,14,0.0,1.0,0.5,1018.6,1018.6,1018.6,1018.6,1,0.0,14,0.0,1.0,0.5,,,,,,,,,,,,,,,,,,,,,,,,,,,,,,,,,,,,,,,,,,,,,,,,,,,,,,,,,,,,,,,,,,,,,,,,,,,,,,,,,,,,,,,,,,,,,,,,,,,,,,,,,,,,,,,,,,,,,,,,,,,,,,,,,,,,,,,,,,,,,,,,,,,,,,
1905,6,294.0,34.0,,,,,,,,,,,,,,,,,,,,,,,,,,,,,,,,,,,,,,,,4.6,4.6,12.3,7.68,5,4.22,16,0.4,0.5,0.5,-1.8,-1.72,8.7,2.42,5,5.73,16,0.4,0.5,0.5,-4.23,4.27,8.7,2.64,5,6.53,16,0.4,0.5,0.5,1018.81,1019.7,1020.04,1019.43,3,0.93,8,0.3,0.6,0.4,,,,,,,,,,,,,,,,,,,,,,,,,,,,,,,,,,,,,,,,,,,,,,,,,,,,,,,,,,,,,,,,,,,,,,,,,,,,,,,,,,,,,,,,,,,,,,,,,,,,,,,,,,,,,,,,,,,,,,,,,,,,,,,,,,,,,,,,,,,,,,,,,,,,,,
1905,6,294.0,36.0,,,,,,,,,,,,,,,,,,,,,,,,,,,,,,,,,,,,,,,,4.6,6.7,6.82,6.47,7,1.59,10,0.3,0.7,0.4,-0.12,0.0,2.56,0.5,7,1.96,10,0.3,0.7,0.4,-6.7,4.6,6.33,0.63,7,6.84,10,0.3,0.7,0.4,1017.1,1017.1,1017.1,1017.1,1,0.0,10,0.0,1.0,0.5,,,,,,,,,,,,,,,,,,,,,,,,,,,,,,,,,,,,,,,,,,,,,,,,,,,,,,,,,,,,,,,,,,,,,,,,,,,,,,,,,,,,,,,,,,,,,,,,,,,,,,,,,,,,,,,,,,,,,,,,,,,,,,,,,,,,,,,,,,,,,,,,,,,,,,
1905,6,294.0,38.0,,,,,,,,,,,,,,,,,,,,,,,,,,,,,,,,,,,,,,,,1.0,4.6,6.7,4.14,32,2.84,16,0.6,0.7,0.2,-2.39,0.35,3.27,0.35,32,2.81,16,0.6,0.7,0.2,-4.24,-0.71,3.25,-0.46,32,4.19,16,0.6,0.7,0.2,1014.15,1018.1,1019.67,1017.42,9,3.15,14,0.6,0.7,0.2,,,,,,,,,,,,,,,,,,,,,,,,,,,,,,,,,,,,,,,,,,,,,,,,,,,,,,,,,,,,,,,,,,,,,,,,,,,,,,,,,,,,,,,,,,,,,,,,,,,,,,,,,,,,,,,,,,,,,,,,,,,,,,,,,,,,,,,,,,,,,,,,,,,,,,
1905,6,294.0,40.0,,,,,,,,,,,,,,,,,,,,,,,,,,,,,,,,,,,,,,,,1.0,4.6,6.7,4.42,74,2.76,16,0.6,0.7,0.1,-0.16,1.76,4.6,1.71,74,3.26,16,0.6,0.7,0.1,-2.45,0.99,4.25,0.73,74,3.64,16,0.6,0.7,0.1,1009.0,1016.0,1019.29,1014.65,37,4.85,14,0.6,0.6,0.1,,,,,,,,,,,,,,,,,,,,,,,,,,,,,,,,,,,,,,,,,,,,,,,,,,,,,,,,,,,,,,,,,,,,,,,,,,,,,,,,,,,,,,,,,,,,,,,,,,,,,,,,,,,,,,,,,,,,,,,,,,,,,,,,,,,,,,,,,,,,,,,,,,,,,,
1905,6,296.0,-58.0,,,,,,,,,,,,,,,,,,,,,,,,,,,,,,,,,,,,,,,,4.6,6.7,9.3,6.97,36,4.38,12,0.2,0.6,0.9,0.0,3.25,6.63,3.16,36,4.84,12,0.2,0.6,0.9,-2.11,2.12,6.7,2.91,36,5.18,12,0.2,0.6,0.9,983.03,988.85,1000.63,990.31,22,7.85,8,0.2,0.7,1.0,,,,,,,,,,,,,,,,,,,,,,,,,,,,,,,,,,,,,,,,,,,,,,,,,,,,,,,,,,,,,,,,,,,,,,,,,,,,,,,,,,,,,,,,,,,,,,,,,,,,,,,,,,,,,,,,,,,,,,,,,,,,,,,,,,,,,,,,,,,,,,,,,,,,,,
1905,6,296.0,-56.0,,,,,,,,,,,,,,,,,,,,,,,,,,,,,,,,,,,,,,,,4.6,12.3,19.0,12.33,109,6.69,14,0.2,0.5,0.6,-4.61,4.74,15.24,5.37,109,9.7,14,0.2,0.5,0.6,-2.33,4.27,11.4,4.28,109,7.51,14,0.2,0.5,0.6,981.04,988.7,999.87,989.8,41,7.9,8,0.2,0.7,0.7,,,,,,,,,,,,,,,,,,,,,,,,,,,,,,,,,,,,,,,,,,,,,,,,,,,,,,,,,,,,,,,,,,,,,,,,,,,,,,,,,,,,,,,,,,,,,,,,,,,,,,,,,,,,,,,,,,,,,,,,,,,,,,,,,,,,,,,,,,,,,,,,,,,,,,
1905,6,296.0,-54.0,,,,,,,,,,,,,,,,,,,,,,,,,,,,,,,,,,,,,,,,5.7,12.3,19.0,13.6,61,7.06,8,0.2,0.5,0.5,-5.27,3.63,15.98,4.59,61,9.44,8,0.2,0.5,0.5,0.0,8.62,15.98,7.45,61,8.43,8,0.2,0.5,0.5,984.71,992.0,1003.38,993.63,27,9.14,2,0.1,0.7,0.6,,,,,,,,,,,,,,,,,,,,,,,,,,,,,,,,,,,,,,,,,,,,,,,,,,,,,,,,,,,,,,,,,,,,,,,,,,,,,,,,,,,,,,,,,,,,,,,,,,,,,,,,,,,,,,,,,,,,,,,,,,,,,,,,,,,,,,,,,,,,,,,,,,,,,,
1905,6,296.0,-52.0,,,,,,,,,,,,,,,,,,,,,,,,,,,,,,,,,,,,,,,,1.28,9.3,15.4,9.07,21,6.93,8,0.4,0.6,0.5,0.0,8.62,13.07,6.86,21,6.53,8,0.4,0.6,0.5,-4.81,-0.71,6.44,0.99,21,6.43,8,0.4,0.6,0.5,1006.35,1007.1,1007.85,1007.1,2,1.56,10,0.5,0.5,1.0,,,,,,,,,,,,,,,,,,,,,,,,,,,,,,,,,,,,,,,,,,,,,,,,,,,,,,,,,,,,,,,,,,,,,,,,,,,,,,,,,,,,,,,,,,,,,,,,,,,,,,,,,,,,,,,,,,,,,,,,,,,,,,,,,,,,,,,,,,,,,,,,,,,,,,
1905,6,296.0,-50.0,,,,,,,,,,,,,,,,,,,,,,,,,,,,,,,,,,,,,,,,4.6,10.8,15.4,10.52,54,5.74,12,0.4,0.5,0.5,3.25,8.7,13.87,8.53,54,5.22,12,0.4,0.5,0.5,-6.89,3.25,7.42,1.51,54,6.49,12,0.4,0.5,0.5,988.45,1001.3,1005.86,998.61,41,8.29,14,0.4,0.4,0.4,,,,,,,,,,,,,,,,,,,,,,,,,,,,,,,,,,,,,,,,,,,,,,,,,,,,,,,,,,,,,,,,,,,,,,,,,,,,,,,,,,,,,,,,,,,,,,,,,,,,,,,,,,,,,,,,,,,,,,,,,,,,,,,,,,,,,,,,,,,,,,,,,,,,,,
1905,6,296.0,-48.0,,,,,,,,,,,,,,,,,,,,,,,,,,,,,,,,,,,,,,,,3.74,9.3,15.4,9.46,55,5.05,12,0.3,0.6,0.6,2.56,6.58,13.44,7.83,55,4.68,12,0.3,0.6,0.6,-6.02,0.0,5.33,-0.02,55,5.69,12,0.3,0.6,0.6,999.43,1006.8,1010.1,1004.79,30,5.76,12,0.3,0.6,0.6,,,,,,,,,,,,,,,,,,,,,,,,,,,,,,,,,,,,,,,,,,,,,,,,,,,,,,,,,,,,,,,,,,,,,,,,,,,,,,,,,,,,,,,,,,,,,,,,,,,,,,,,,,,,,,,,,,,,,,,,,,,,,,,,,,,,,,,,,,,,,,,,,,,,,,
1905,6,296.0,-46.0,,,,,,,,,,,,,,,,,,,,,,,,,,,,,,,,,,,,,,,,4.6,9.3,15.4,8.92,29,4.98,16,0.6,0.7,0.5,0.44,3.63,10.89,4.87,29,5.36,16,0.6,0.7,0.5,-6.21,2.39,8.7,1.68,29,7.15,16,0.6,0.7,0.5,992.9,1000.25,1005.4,999.17,10,5.87,18,0.6,0.9,0.5,,,,,,,,,,,,,,,,,,,,,,,,,,,,,,,,,,,,,,,,,,,,,,,,,,,,,,,,,,,,,,,,,,,,,,,,,,,,,,,,,,,,,,,,,,,,,,,,,,,,,,,,,,,,,,,,,,,,,,,,,,,,,,,,,,,,,,,,,,,,,,,,,,,,,,
1905,6,296.0,-44.0,,,,,,,,,,,,,,,,,,,,,,,,,,,,,,,,,,,,,,,,6.7,6.7,6.7,6.7,1,0.0,16,0.0,0.8,0.3,4.74,4.74,4.74,4.74,1,0.0,16,0.0,0.8,0.3,-4.74,-4.74,-4.74,-4.74,1,0.0,16,0.0,0.8,0.3,1005.4,1005.4,1005.4,1005.4,1,0.0,16,0.0,0.8,0.3,,,,,,,,,,,,,,,,,,,,,,,,,,,,,,,,,,,,,,,,,,,,,,,,,,,,,,,,,,,,,,,,,,,,,,,,,,,,,,,,,,,,,,,,,,,,,,,,,,,,,,,,,,,,,,,,,,,,,,,,,,,,,,,,,,,,,,,,,,,,,,,,,,,,,,
1905,6,296.0,20.0,,,,,,,,,,,,,,,,,,,,,,,,,,,,,,,,,,,,,,,,2.6,4.6,7.49,5.32,18,2.42,18,0.7,0.7,0.2,-6.77,-4.6,-2.6,-4.98,18,2.12,18,0.7,0.7,0.2,0.0,0.0,2.54,0.84,18,2.09,18,0.7,0.7,0.2,1015.04,1016.0,1016.96,1016.0,2,1.98,14,0.5,0.3,0.8,,,,,,,,,,,,,,,,,,,,,,,,,,,,,,,,,,,,,,,,,,,,,,,,,,,,,,,,,,,,,,,,,,,,,,,,,,,,,,,,,,,,,,,,,,,,,,,,,,,,,,,,,,,,,,,,,,,,,,,,,,,,,,,,,,,,,,,,,,,,,,,,,,,,,,
1905,6,296.0,22.0,,,,,,,,,,,,,,,,,,,,,,,,,,,,,,,,,,,,,,,,2.6,2.6,9.3,5.1,7,3.24,22,0.7,0.9,0.0,-6.58,-2.41,-2.41,-4.14,7,2.17,22,0.7,0.9,0.0,0.97,0.97,6.58,2.79,7,2.64,22,0.7,0.9,0.0,1017.66,1017.8,1017.94,1017.8,2,0.28,14,1.0,0.8,0.0,,,,,,,,,,,,,,,,,,,,,,,,,,,,,,,,,,,,,,,,,,,,,,,,,,,,,,,,,,,,,,,,,,,,,,,,,,,,,,,,,,,,,,,,,,,,,,,,,,,,,,,,,,,,,,,,,,,,,,,,,,,,,,,,,,,,,,,,,,,,,,,,,,,,,,
1905,6,296.0,30.0,,,,,,,,,,,,,,,,,,,,,,,,,,,,,,,,,,,,,,,,0.16,0.5,0.84,0.5,2,0.71,24,0.5,0.5,0.3,0.16,0.5,0.84,0.5,2,0.71,24,0.5,0.5,0.3,0.0,0.0,0.0,0.0,2,0.0,24,0.5,0.5,0.3,1023.72,1023.75,1023.78,1023.75,2,0.07,24,0.5,0.5,0.3,,,,,,,,,,,,,,,,,,,,,,,,,,,,,,,,,,,,,,,,,,,,,,,,,,,,,,,,,,,,,,,,,,,,,,,,,,,,,,,,,,,,,,,,,,,,,,,,,,,,,,,,,,,,,,,,,,,,,,,,,,,,,,,,,,,,,,,,,,,,,,,,,,,,,,
1905,6,296.0,34.0,,,,,,,,,,,,,,,,,,,,,,,,,,,,,,,,,,,,,,,,2.6,6.7,11.85,7.42,5,5.39,16,0.4,0.4,0.6,-0.67,0.0,8.38,3.2,5,5.45,16,0.4,0.4,0.6,-2.12,6.7,8.38,4.02,5,5.94,16,0.4,0.4,0.6,1019.63,1019.7,1020.45,1020.03,3,0.67,8,0.3,0.4,0.6,,,,,,,,,,,,,,,,,,,,,,,,,,,,,,,,,,,,,,,,,,,,,,,,,,,,,,,,,,,,,,,,,,,,,,,,,,,,,,,,,,,,,,,,,,,,,,,,,,,,,,,,,,,,,,,,,,,,,,,,,,,,,,,,,,,,,,,,,,,,,,,,,,,,,,
1905,6,296.0,36.0,,,,,,,,,,,,,,,,,,,,,,,,,,,,,,,,,,,,,,,,4.6,5.65,7.86,6.58,6,2.98,14,0.5,0.7,0.4,0.0,0.0,1.8,1.45,6,3.55,14,0.5,0.7,0.4,2.27,4.6,7.11,3.75,6,5.38,14,0.5,0.7,0.4,1017.0,1017.0,1017.0,1017.0,1,0.0,12,0.0,0.3,0.8,,,,,,,,,,,,,,,,,,,,,,,,,,,,,,,,,,,,,,,,,,,,,,,,,,,,,,,,,,,,,,,,,,,,,,,,,,,,,,,,,,,,,,,,,,,,,,,,,,,,,,,,,,,,,,,,,,,,,,,,,,,,,,,,,,,,,,,,,,,,,,,,,,,,,,
1905,6,296.0,38.0,,,,,,,,,,,,,,,,,,,,,,,,,,,,,,,,,,,,,,,,2.6,4.6,8.4,5.34,41,3.42,14,0.5,0.7,0.3,-1.84,0.0,4.21,0.79,41,3.3,14,0.5,0.7,0.3,-4.69,-1.84,4.74,0.02,41,5.42,14,0.5,0.7,0.3,1014.18,1017.8,1020.4,1017.45,15,2.72,14,0.5,0.6,0.3,,,,,,,,,,,,,,,,,,,,,,,,,,,,,,,,,,,,,,,,,,,,,,,,,,,,,,,,,,,,,,,,,,,,,,,,,,,,,,,,,,,,,,,,,,,,,,,,,,,,,,,,,,,,,,,,,,,,,,,,,,,,,,,,,,,,,,,,,,,,,,,,,,,,,,
1905,6,296.0,40.0,,,,,,,,,,,,,,,,,,,,,,,,,,,,,,,,,,,,,,,,2.6,4.6,6.7,4.87,73,3.0,16,0.4,0.7,0.1,0.0,2.41,6.17,2.44,73,3.35,16,0.4,0.7,0.1,-3.57,0.39,4.27,0.59,73,3.93,16,0.4,0.7,0.1,1008.0,1015.5,1020.0,1014.66,31,5.28,16,0.4,0.6,0.2,,,,,,,,,,,,,,,,,,,,,,,,,,,,,,,,,,,,,,,,,,,,,,,,,,,,,,,,,,,,,,,,,,,,,,,,,,,,,,,,,,,,,,,,,,,,,,,,,,,,,,,,,,,,,,,,,,,,,,,,,,,,,,,,,,,,,,,,,,,,,,,,,,,,,,
1905,6,298.0,-56.0,,,,,,,,,,,,,,,,,,,,,,,,,,,,,,,,,,,,,,,,2.6,9.3,15.4,9.61,37,6.07,12,0.2,0.6,0.6,-4.23,4.27,11.99,4.65,37,7.61,12,0.2,0.6,0.6,-5.01,2.6,10.89,2.99,37,6.52,12,0.2,0.6,0.6,981.5,984.95,990.93,985.76,22,5.11,8,0.1,0.8,0.7,,,,,,,,,,,,,,,,,,,,,,,,,,,,,,,,,,,,,,,,,,,,,,,,,,,,,,,,,,,,,,,,,,,,,,,,,,,,,,,,,,,,,,,,,,,,,,,,,,,,,,,,,,,,,,,,,,,,,,,,,,,,,,,,,,,,,,,,,,,,,,,,,,,,,,
1905,6,298.0,-50.0,,,,,,,,,,,,,,,,,,,,,,,,,,,,,,,,,,,,,,,,9.3,15.4,19.0,14.57,19,3.77,8,0.3,0.5,0.4,8.56,11.4,14.19,12.36,19,3.67,8,0.3,0.5,0.4,-10.89,-6.02,4.77,-3.58,19,7.09,8,0.3,0.5,0.4,990.02,999.4,1003.86,997.02,13,8.01,10,0.2,0.5,0.4,,,,,,,,,,,,,,,,,,,,,,,,,,,,,,,,,,,,,,,,,,,,,,,,,,,,,,,,,,,,,,,,,,,,,,,,,,,,,,,,,,,,,,,,,,,,,,,,,,,,,,,,,,,,,,,,,,,,,,,,,,,,,,,,,,,,,,,,,,,,,,,,,,,,,,
1905,6,298.0,-48.0,,,,,,,,,,,,,,,,,,,,,,,,,,,,,,,,,,,,,,,,4.6,9.3,12.3,9.3,29,5.91,10,0.5,0.5,0.8,3.82,6.58,11.37,8.03,29,5.81,10,0.5,0.5,0.8,-6.88,-1.8,0.0,-2.52,29,4.16,10,0.5,0.5,0.8,999.26,1002.4,1010.76,1004.37,19,5.49,8,0.5,0.5,0.7,,,,,,,,,,,,,,,,,,,,,,,,,,,,,,,,,,,,,,,,,,,,,,,,,,,,,,,,,,,,,,,,,,,,,,,,,,,,,,,,,,,,,,,,,,,,,,,,,,,,,,,,,,,,,,,,,,,,,,,,,,,,,,,,,,,,,,,,,,,,,,,,,,,,,,
1905,6,298.0,-46.0,,,,,,,,,,,,,,,,,,,,,,,,,,,,,,,,,,,,,,,,3.3,9.3,12.3,8.49,41,4.24,10,0.5,0.6,0.5,0.71,6.58,11.81,6.53,41,4.45,10,0.5,0.6,0.5,-3.63,0.0,6.58,0.51,41,5.3,10,0.5,0.6,0.5,1002.86,1005.3,1007.24,1005.06,24,2.56,8,0.5,0.6,0.4,,,,,,,,,,,,,,,,,,,,,,,,,,,,,,,,,,,,,,,,,,,,,,,,,,,,,,,,,,,,,,,,,,,,,,,,,,,,,,,,,,,,,,,,,,,,,,,,,,,,,,,,,,,,,,,,,,,,,,,,,,,,,,,,,,,,,,,,,,,,,,,,,,,,,,
1905,6,298.0,-44.0,,,,,,,,,,,,,,,,,,,,,,,,,,,,,,,,,,,,,,,,2.6,6.7,10.69,8.29,19,6.38,14,0.5,0.8,0.6,2.31,4.6,7.92,5.82,19,5.1,14,0.5,0.8,0.6,-6.7,-2.51,2.48,-2.55,19,6.68,14,0.5,0.8,0.6,1005.92,1007.7,1011.54,1008.66,7,3.43,22,0.4,0.7,0.6,,,,,,,,,,,,,,,,,,,,,,,,,,,,,,,,,,,,,,,,,,,,,,,,,,,,,,,,,,,,,,,,,,,,,,,,,,,,,,,,,,,,,,,,,,,,,,,,,,,,,,,,,,,,,,,,,,,,,,,,,,,,,,,,,,,,,,,,,,,,,,,,,,,,,,
1905,6,298.0,-42.0,,,,,,,,,,,,,,,,,,,,,,,,,,,,,,,,,,,,,,,,4.6,9.3,12.3,8.73,6,3.47,12,0.7,0.7,0.3,4.06,7.64,8.82,6.8,6,2.55,12,0.7,0.7,0.3,-8.7,-4.91,0.36,-4.25,6,4.47,12,0.7,0.7,0.3,1012.55,1016.4,1019.61,1016.14,5,3.58,14,0.6,0.6,0.3,,,,,,,,,,,,,,,,,,,,,,,,,,,,,,,,,,,,,,,,,,,,,,,,,,,,,,,,,,,,,,,,,,,,,,,,,,,,,,,,,,,,,,,,,,,,,,,,,,,,,,,,,,,,,,,,,,,,,,,,,,,,,,,,,,,,,,,,,,,,,,,,,,,,,,
1905,6,298.0,22.0,,,,,,,,,,,,,,,,,,,,,,,,,,,,,,,,,,,,,,,,5.5,6.7,8.19,6.6,10,1.96,14,0.3,1.0,0.0,-6.7,-6.39,-4.47,-5.83,10,1.87,14,0.3,1.0,0.0,0.0,1.35,4.74,2.13,10,2.43,14,0.3,1.0,0.0,1020.2,1020.2,1020.2,1020.2,1,0.0,14,0.0,0.5,0.0,,,,,,,,,,,,,,,,,,,,,,,,,,,,,,,,,,,,,,,,,,,,,,,,,,,,,,,,,,,,,,,,,,,,,,,,,,,,,,,,,,,,,,,,,,,,,,,,,,,,,,,,,,,,,,,,,,,,,,,,,,,,,,,,,,,,,,,,,,,,,,,,,,,,,,
1905,6,298.0,32.0,,,,,,,,,,,,,,,,,,,,,,,,,,,,,,,,,,,,,,,,4.6,4.6,4.6,4.6,1,0.0,2,1.0,1.0,0.0,1.72,1.72,1.72,1.72,1,0.0,2,1.0,1.0,0.0,4.27,4.27,4.27,4.27,1,0.0,2,1.0,1.0,0.0,1018.7,1018.7,1018.7,1018.7,1,0.0,2,1.0,1.0,0.0,,,,,,,,,,,,,,,,,,,,,,,,,,,,,,,,,,,,,,,,,,,,,,,,,,,,,,,,,,,,,,,,,,,,,,,,,,,,,,,,,,,,,,,,,,,,,,,,,,,,,,,,,,,,,,,,,,,,,,,,,,,,,,,,,,,,,,,,,,,,,,,,,,,,,,
1905,6,298.0,34.0,,,,,,,,,,,,,,,,,,,,,,,,,,,,,,,,,,,,,,,,9.8,9.8,9.8,9.8,1,0.0,14,1.0,0.3,0.3,0.0,0.0,0.0,0.0,1,0.0,14,1.0,0.3,0.3,9.8,9.8,9.8,9.8,1,0.0,14,1.0,0.3,0.3,1022.6,1022.6,1022.6,1022.6,1,0.0,14,1.0,0.3,0.3,,,,,,,,,,,,,,,,,,,,,,,,,,,,,,,,,,,,,,,,,,,,,,,,,,,,,,,,,,,,,,,,,,,,,,,,,,,,,,,,,,,,,,,,,,,,,,,,,,,,,,,,,,,,,,,,,,,,,,,,,,,,,,,,,,,,,,,,,,,,,,,,,,,,,,
1905,6,298.0,36.0,,,,,,,,,,,,,,,,,,,,,,,,,,,,,,,,,,,,,,,,2.6,2.6,4.7,3.76,7,1.6,14,0.7,0.7,0.0,-0.13,0.0,1.02,-0.08,7,1.22,14,0.7,0.7,0.0,-2.7,-2.39,4.67,0.2,7,4.18,14,0.7,0.7,0.0,1020.79,1021.2,1021.4,1021.1,3,0.46,6,1.0,0.7,0.0,,,,,,,,,,,,,,,,,,,,,,,,,,,,,,,,,,,,,,,,,,,,,,,,,,,,,,,,,,,,,,,,,,,,,,,,,,,,,,,,,,,,,,,,,,,,,,,,,,,,,,,,,,,,,,,,,,,,,,,,,,,,,,,,,,,,,,,,,,,,,,,,,,,,,,
1905,6,298.0,38.0,,,,,,,,,,,,,,,,,,,,,,,,,,,,,,,,,,,,,,,,2.6,4.6,6.7,4.7,39,2.77,12,0.5,0.7,0.3,-2.58,0.0,3.25,0.58,39,3.65,12,0.5,0.7,0.3,-4.73,-0.39,4.22,0.07,39,4.08,12,0.5,0.7,0.3,1016.1,1018.9,1020.07,1018.09,13,2.75,12,0.4,0.6,0.4,,,,,,,,,,,,,,,,,,,,,,,,,,,,,,,,,,,,,,,,,,,,,,,,,,,,,,,,,,,,,,,,,,,,,,,,,,,,,,,,,,,,,,,,,,,,,,,,,,,,,,,,,,,,,,,,,,,,,,,,,,,,,,,,,,,,,,,,,,,,,,,,,,,,,,
1905,6,298.0,40.0,,,,,,,,,,,,,,,,,,,,,,,,,,,,,,,,,,,,,,,,2.6,4.6,9.3,5.46,78,3.27,14,0.6,0.7,0.1,-1.01,1.84,6.5,2.14,78,3.89,14,0.6,0.7,0.1,-2.56,1.82,5.85,1.69,78,4.27,14,0.6,0.7,0.1,1009.0,1016.7,1020.0,1014.99,35,5.77,14,0.6,0.7,0.2,,,,,,,,,,,,,,,,,,,,,,,,,,,,,,,,,,,,,,,,,,,,,,,,,,,,,,,,,,,,,,,,,,,,,,,,,,,,,,,,,,,,,,,,,,,,,,,,,,,,,,,,,,,,,,,,,,,,,,,,,,,,,,,,,,,,,,,,,,,,,,,,,,,,,,
1905,6,300.0,-56.0,,,,,,,,,,,,,,,,,,,,,,,,,,,,,,,,,,,,,,,,3.58,9.3,13.88,9.45,23,5.74,20,0.3,0.5,0.8,-0.36,4.27,11.36,5.63,23,6.78,20,0.3,0.5,0.8,-6.58,-3.25,5.2,-1.59,23,6.68,20,0.3,0.5,0.8,989.72,993.95,998.32,994.01,24,4.25,20,0.3,0.5,0.8,,,,,,,,,,,,,,,,,,,,,,,,,,,,,,,,,,,,,,,,,,,,,,,,,,,,,,,,,,,,,,,,,,,,,,,,,,,,,,,,,,,,,,,,,,,,,,,,,,,,,,,,,,,,,,,,,,,,,,,,,,,,,,,,,,,,,,,,,,,,,,,,,,,,,,
1905,6,300.0,-54.0,,,,,,,,,,,,,,,,,,,,,,,,,,,,,,,,,,,,,,,,7.53,9.3,11.35,9.43,3,2.8,18,0.0,0.8,0.3,0.8,2.51,3.28,2.05,3,1.86,18,0.0,0.8,0.3,-1.52,8.56,11.11,4.88,3,9.79,18,0.0,0.8,0.3,994.14,995.1,997.56,995.83,3,2.58,18,0.0,0.8,0.3,,,,,,,,,,,,,,,,,,,,,,,,,,,,,,,,,,,,,,,,,,,,,,,,,,,,,,,,,,,,,,,,,,,,,,,,,,,,,,,,,,,,,,,,,,,,,,,,,,,,,,,,,,,,,,,,,,,,,,,,,,,,,,,,,,,,,,,,,,,,,,,,,,,,,,
1905,6,300.0,-50.0,,,,,,,,,,,,,,,,,,,,,,,,,,,,,,,,,,,,,,,,9.18,12.3,15.4,12.4,7,3.39,8,0.3,0.5,0.8,9.08,10.89,12.3,10.19,7,2.61,8,0.3,0.5,0.8,-10.89,0.0,5.03,-0.88,7,7.88,8,0.3,0.5,0.8,999.51,999.75,999.99,999.75,2,0.5,6,0.0,0.3,0.8,,,,,,,,,,,,,,,,,,,,,,,,,,,,,,,,,,,,,,,,,,,,,,,,,,,,,,,,,,,,,,,,,,,,,,,,,,,,,,,,,,,,,,,,,,,,,,,,,,,,,,,,,,,,,,,,,,,,,,,,,,,,,,,,,,,,,,,,,,,,,,,,,,,,,,
1905,6,300.0,-48.0,,,,,,,,,,,,,,,,,,,,,,,,,,,,,,,,,,,,,,,,4.97,12.3,15.4,11.31,21,5.2,10,0.5,0.5,0.5,3.61,5.77,15.19,8.08,21,5.74,10,0.5,0.5,0.5,-8.17,0.0,10.5,-0.35,21,7.73,10,0.5,0.5,0.5,997.32,1000.6,1003.2,1000.22,21,3.76,10,0.5,0.5,0.5,,,,,,,,,,,,,,,,,,,,,,,,,,,,,,,,,,,,,,,,,,,,,,,,,,,,,,,,,,,,,,,,,,,,,,,,,,,,,,,,,,,,,,,,,,,,,,,,,,,,,,,,,,,,,,,,,,,,,,,,,,,,,,,,,,,,,,,,,,,,,,,,,,,,,,
1905,6,300.0,-46.0,,,,,,,,,,,,,,,,,,,,,,,,,,,,,,,,,,,,,,,,5.23,9.3,15.4,9.77,47,4.62,8,0.5,0.6,0.7,2.62,8.56,11.19,7.47,47,4.35,8,0.5,0.6,0.7,-4.81,0.0,4.59,0.81,47,6.5,8,0.5,0.6,0.7,1002.78,1008.5,1011.8,1007.63,35,4.1,6,0.5,0.6,0.6,,,,,,,,,,,,,,,,,,,,,,,,,,,,,,,,,,,,,,,,,,,,,,,,,,,,,,,,,,,,,,,,,,,,,,,,,,,,,,,,,,,,,,,,,,,,,,,,,,,,,,,,,,,,,,,,,,,,,,,,,,,,,,,,,,,,,,,,,,,,,,,,,,,,,,
1905,6,300.0,-44.0,,,,,,,,,,,,,,,,,,,,,,,,,,,,,,,,,,,,,,,,4.6,9.3,12.3,9.08,35,4.93,16,0.5,0.7,0.7,1.15,4.81,11.4,6.48,35,4.73,16,0.5,0.7,0.7,-4.74,0.0,10.28,1.83,35,6.34,16,0.5,0.7,0.7,1001.9,1010.9,1015.4,1009.75,22,6.66,14,0.5,0.7,0.8,,,,,,,,,,,,,,,,,,,,,,,,,,,,,,,,,,,,,,,,,,,,,,,,,,,,,,,,,,,,,,,,,,,,,,,,,,,,,,,,,,,,,,,,,,,,,,,,,,,,,,,,,,,,,,,,,,,,,,,,,,,,,,,,,,,,,,,,,,,,,,,,,,,,,,
1905,6,300.0,-42.0,,,,,,,,,,,,,,,,,,,,,,,,,,,,,,,,,,,,,,,,1.23,5.65,12.3,7.13,46,5.4,8,0.5,0.7,0.6,0.0,2.51,6.02,3.38,46,3.68,8,0.5,0.7,0.6,-6.62,0.99,10.95,1.34,46,7.36,8,0.5,0.7,0.6,1007.33,1012.8,1016.69,1012.45,33,5.3,6,0.5,0.7,0.6,,,,,,,,,,,,,,,,,,,,,,,,,,,,,,,,,,,,,,,,,,,,,,,,,,,,,,,,,,,,,,,,,,,,,,,,,,,,,,,,,,,,,,,,,,,,,,,,,,,,,,,,,,,,,,,,,,,,,,,,,,,,,,,,,,,,,,,,,,,,,,,,,,,,,,
1905,6,300.0,-40.0,,,,,,,,,,,,,,,,,,,,,,,,,,,,,,,,,,,,,,,,4.6,6.7,10.06,7.46,12,3.61,8,0.4,0.8,0.3,1.94,4.67,6.3,3.9,12,2.65,8,0.4,0.8,0.3,-4.35,0.0,7.08,1.46,12,6.92,8,0.4,0.8,0.3,997.58,1002.2,1015.01,1004.98,9,8.13,8,0.6,0.8,0.3,,,,,,,,,,,,,,,,,,,,,,,,,,,,,,,,,,,,,,,,,,,,,,,,,,,,,,,,,,,,,,,,,,,,,,,,,,,,,,,,,,,,,,,,,,,,,,,,,,,,,,,,,,,,,,,,,,,,,,,,,,,,,,,,,,,,,,,,,,,,,,,,,,,,,,
1905,6,300.0,22.0,,,,,,,,,,,,,,,,,,,,,,,,,,,,,,,,,,,,,,,,4.6,6.7,9.3,6.28,21,2.33,14,0.7,0.7,0.4,-8.56,-4.74,-4.27,-5.43,21,2.85,14,0.7,0.7,0.4,0.0,1.72,3.44,1.23,21,2.46,14,0.7,0.7,0.4,1022.1,1022.3,1022.37,1022.23,3,0.21,14,1.0,0.7,0.5,,,,,,,,,,,,,,,,,,,,,,,,,,,,,,,,,,,,,,,,,,,,,,,,,,,,,,,,,,,,,,,,,,,,,,,,,,,,,,,,,,,,,,,,,,,,,,,,,,,,,,,,,,,,,,,,,,,,,,,,,,,,,,,,,,,,,,,,,,,,,,,,,,,,,,
1905,6,300.0,30.0,,,,,,,,,,,,,,,,,,,,,,,,,,,,,,,,,,,,,,,,3.55,4.6,7.06,5.28,4,2.84,20,0.0,0.8,0.4,-0.67,3.42,4.43,1.95,4,3.82,20,0.0,0.8,0.4,0.0,0.9,5.34,2.59,4,4.07,20,0.0,0.8,0.4,1022.6,1022.6,1022.6,1022.6,2,0.0,24,0.0,0.8,0.5,,,,,,,,,,,,,,,,,,,,,,,,,,,,,,,,,,,,,,,,,,,,,,,,,,,,,,,,,,,,,,,,,,,,,,,,,,,,,,,,,,,,,,,,,,,,,,,,,,,,,,,,,,,,,,,,,,,,,,,,,,,,,,,,,,,,,,,,,,,,,,,,,,,,,,
1905,6,300.0,32.0,,,,,,,,,,,,,,,,,,,,,,,,,,,,,,,,,,,,,,,,1.0,3.6,7.24,4.2,6,3.33,8,0.2,0.8,0.1,-0.75,0.49,3.56,0.89,6,2.91,8,0.2,0.8,0.1,1.0,2.83,5.53,3.49,6,2.86,8,0.2,0.8,0.1,1018.9,1020.0,1020.24,1019.54,5,1.16,8,0.0,0.7,0.1,,,,,,,,,,,,,,,,,,,,,,,,,,,,,,,,,,,,,,,,,,,,,,,,,,,,,,,,,,,,,,,,,,,,,,,,,,,,,,,,,,,,,,,,,,,,,,,,,,,,,,,,,,,,,,,,,,,,,,,,,,,,,,,,,,,,,,,,,,,,,,,,,,,,,,
1905,6,300.0,34.0,,,,,,,,,,,,,,,,,,,,,,,,,,,,,,,,,,,,,,,,4.93,5.65,6.37,5.65,2,1.48,14,0.0,0.8,0.5,1.85,2.12,2.39,2.12,2,0.56,14,0.0,0.8,0.5,4.57,5.24,5.9,5.24,2,1.38,14,0.0,0.8,0.5,1026.35,1026.9,1027.45,1026.9,2,1.13,14,0.0,0.8,0.5,,,,,,,,,,,,,,,,,,,,,,,,,,,,,,,,,,,,,,,,,,,,,,,,,,,,,,,,,,,,,,,,,,,,,,,,,,,,,,,,,,,,,,,,,,,,,,,,,,,,,,,,,,,,,,,,,,,,,,,,,,,,,,,,,,,,,,,,,,,,,,,,,,,,,,
1905,6,300.0,36.0,,,,,,,,,,,,,,,,,,,,,,,,,,,,,,,,,,,,,,,,2.6,2.6,9.3,4.83,6,3.46,16,0.2,0.8,0.4,-3.63,0.0,0.21,-1.04,6,2.05,16,0.2,0.8,0.4,-2.44,2.6,8.56,2.89,6,4.95,16,0.2,0.8,0.4,1022.02,1022.05,1022.08,1022.05,2,0.07,6,0.0,0.8,0.5,,,,,,,,,,,,,,,,,,,,,,,,,,,,,,,,,,,,,,,,,,,,,,,,,,,,,,,,,,,,,,,,,,,,,,,,,,,,,,,,,,,,,,,,,,,,,,,,,,,,,,,,,,,,,,,,,,,,,,,,,,,,,,,,,,,,,,,,,,,,,,,,,,,,,,
1905,6,300.0,38.0,,,,,,,,,,,,,,,,,,,,,,,,,,,,,,,,,,,,,,,,2.6,6.7,9.3,6.34,38,4.26,12,0.7,0.7,0.4,-1.82,0.0,4.74,1.04,38,3.94,12,0.7,0.7,0.4,-3.38,0.0,9.3,2.18,38,6.16,12,0.7,0.7,0.4,1013.14,1019.1,1021.88,1018.28,14,4.54,16,0.6,0.7,0.4,,,,,,,,,,,,,,,,,,,,,,,,,,,,,,,,,,,,,,,,,,,,,,,,,,,,,,,,,,,,,,,,,,,,,,,,,,,,,,,,,,,,,,,,,,,,,,,,,,,,,,,,,,,,,,,,,,,,,,,,,,,,,,,,,,,,,,,,,,,,,,,,,,,,,,
1905,6,300.0,40.0,,,,,,,,,,,,,,,,,,,,,,,,,,,,,,,,,,,,,,,,2.6,6.7,9.3,6.34,75,4.05,16,0.6,0.8,0.1,-3.25,1.72,6.18,1.86,75,5.08,16,0.6,0.8,0.1,-2.01,0.0,6.07,2.0,75,4.87,16,0.6,0.8,0.1,1010.0,1017.9,1021.0,1016.35,38,4.89,14,0.7,0.7,0.2,,,,,,,,,,,,,,,,,,,,,,,,,,,,,,,,,,,,,,,,,,,,,,,,,,,,,,,,,,,,,,,,,,,,,,,,,,,,,,,,,,,,,,,,,,,,,,,,,,,,,,,,,,,,,,,,,,,,,,,,,,,,,,,,,,,,,,,,,,,,,,,,,,,,,,
1905,6,302.0,-56.0,,,,,,,,,,,,,,,,,,,,,,,,,,,,,,,,,,,,,,,,6.7,6.7,11.02,8.18,10,3.27,10,0.2,0.6,0.8,-1.67,4.74,6.17,2.9,10,4.54,10,0.2,0.6,0.8,-9.29,-4.74,-2.15,-5.01,10,5.21,10,0.2,0.6,0.8,973.06,977.8,1003.92,985.12,11,14.21,10,0.2,0.6,0.8,,,,,,,,,,,,,,,,,,,,,,,,,,,,,,,,,,,,,,,,,,,,,,,,,,,,,,,,,,,,,,,,,,,,,,,,,,,,,,,,,,,,,,,,,,,,,,,,,,,,,,,,,,,,,,,,,,,,,,,,,,,,,,,,,,,,,,,,,,,,,,,,,,,,,,
1905,6,302.0,-54.0,,,,,,,,,,,,,,,,,,,,,,,,,,,,,,,,,,,,,,,,4.63,9.3,18.9,10.88,20,6.3,18,0.1,0.6,0.4,1.0,7.06,12.29,7.48,20,5.8,18,0.1,0.6,0.4,-8.67,0.0,6.55,-1.83,20,8.26,18,0.1,0.6,0.4,989.41,999.6,1001.3,995.63,20,8.0,18,0.1,0.6,0.4,,,,,,,,,,,,,,,,,,,,,,,,,,,,,,,,,,,,,,,,,,,,,,,,,,,,,,,,,,,,,,,,,,,,,,,,,,,,,,,,,,,,,,,,,,,,,,,,,,,,,,,,,,,,,,,,,,,,,,,,,,,,,,,,,,,,,,,,,,,,,,,,,,,,,,
1905,6,302.0,-52.0,,,,,,,,,,,,,,,,,,,,,,,,,,,,,,,,,,,,,,,,4.6,4.6,4.6,4.6,1,0.0,26,1.0,1.0,1.0,-1.72,-1.72,-1.72,-1.72,1,0.0,26,1.0,1.0,1.0,-4.27,-4.27,-4.27,-4.27,1,0.0,26,1.0,1.0,1.0,986.4,986.4,986.4,986.4,1,0.0,26,1.0,1.0,1.0,,,,,,,,,,,,,,,,,,,,,,,,,,,,,,,,,,,,,,,,,,,,,,,,,,,,,,,,,,,,,,,,,,,,,,,,,,,,,,,,,,,,,,,,,,,,,,,,,,,,,,,,,,,,,,,,,,,,,,,,,,,,,,,,,,,,,,,,,,,,,,,,,,,,,,
1905,6,302.0,-48.0,,,,,,,,,,,,,,,,,,,,,,,,,,,,,,,,,,,,,,,,12.3,15.4,19.0,15.34,42,4.87,8,0.5,0.4,0.6,5.89,12.87,17.62,12.01,42,5.46,8,0.5,0.4,0.6,-7.62,4.61,11.03,2.91,42,8.86,8,0.5,0.4,0.6,991.38,998.5,1002.6,997.94,35,6.15,8,0.6,0.4,0.6,,,,,,,,,,,,,,,,,,,,,,,,,,,,,,,,,,,,,,,,,,,,,,,,,,,,,,,,,,,,,,,,,,,,,,,,,,,,,,,,,,,,,,,,,,,,,,,,,,,,,,,,,,,,,,,,,,,,,,,,,,,,,,,,,,,,,,,,,,,,,,,,,,,,,,
1905,6,302.0,-46.0,,,,,,,,,,,,,,,,,,,,,,,,,,,,,,,,,,,,,,,,9.3,15.4,19.0,15.14,40,4.94,4,0.5,0.5,0.6,6.05,10.89,17.09,11.09,40,4.85,4,0.5,0.5,0.6,-6.27,7.12,13.44,5.04,40,9.16,4,0.5,0.5,0.6,1001.56,1005.8,1007.88,1005.09,40,3.8,4,0.5,0.5,0.6,,,,,,,,,,,,,,,,,,,,,,,,,,,,,,,,,,,,,,,,,,,,,,,,,,,,,,,,,,,,,,,,,,,,,,,,,,,,,,,,,,,,,,,,,,,,,,,,,,,,,,,,,,,,,,,,,,,,,,,,,,,,,,,,,,,,,,,,,,,,,,,,,,,,,,
1905,6,302.0,-44.0,,,,,,,,,,,,,,,,,,,,,,,,,,,,,,,,,,,,,,,,5.1,15.4,22.6,14.27,34,7.27,8,0.5,0.6,0.6,3.75,12.42,17.62,11.15,34,6.4,8,0.5,0.6,0.6,-0.54,7.79,14.08,6.76,34,6.82,8,0.5,0.6,0.6,1009.27,1012.3,1014.94,1011.44,25,5.73,6,0.5,0.6,0.5,,,,,,,,,,,,,,,,,,,,,,,,,,,,,,,,,,,,,,,,,,,,,,,,,,,,,,,,,,,,,,,,,,,,,,,,,,,,,,,,,,,,,,,,,,,,,,,,,,,,,,,,,,,,,,,,,,,,,,,,,,,,,,,,,,,,,,,,,,,,,,,,,,,,,,
1905,6,302.0,-42.0,,,,,,,,,,,,,,,,,,,,,,,,,,,,,,,,,,,,,,,,2.6,4.6,12.3,7.29,39,5.26,16,0.5,0.6,0.5,1.0,4.27,11.31,5.72,39,5.0,16,0.5,0.6,0.5,-8.62,-1.8,0.69,-2.42,39,4.21,16,0.5,0.6,0.5,996.61,1009.7,1016.22,1007.64,27,8.95,16,0.5,0.6,0.5,,,,,,,,,,,,,,,,,,,,,,,,,,,,,,,,,,,,,,,,,,,,,,,,,,,,,,,,,,,,,,,,,,,,,,,,,,,,,,,,,,,,,,,,,,,,,,,,,,,,,,,,,,,,,,,,,,,,,,,,,,,,,,,,,,,,,,,,,,,,,,,,,,,,,,
1905,6,302.0,-40.0,,,,,,,,,,,,,,,,,,,,,,,,,,,,,,,,,,,,,,,,4.6,6.7,12.3,7.47,30,4.37,10,0.5,0.6,0.6,0.0,3.74,8.7,4.21,30,4.63,10,0.5,0.6,0.6,-6.63,-0.92,3.87,-0.76,30,6.03,10,0.5,0.6,0.6,1007.08,1010.2,1016.79,1011.48,19,5.84,12,0.5,0.6,0.6,,,,,,,,,,,,,,,,,,,,,,,,,,,,,,,,,,,,,,,,,,,,,,,,,,,,,,,,,,,,,,,,,,,,,,,,,,,,,,,,,,,,,,,,,,,,,,,,,,,,,,,,,,,,,,,,,,,,,,,,,,,,,,,,,,,,,,,,,,,,,,,,,,,,,,
1905,6,302.0,-36.0,,,,,,,,,,,,,,,,,,,,,,,,,,,,,,,,,,,,,,,,1.43,6.7,9.3,5.9,9,3.67,8,0.4,1.0,0.5,0.0,1.84,6.58,3.01,9,3.5,8,0.4,1.0,0.5,0.79,6.58,6.58,3.59,9,3.95,8,0.4,1.0,0.5,1005.9,1005.9,1005.9,1005.9,1,0.0,6,1.0,1.0,0.5,,,,,,,,,,,,,,,,,,,,,,,,,,,,,,,,,,,,,,,,,,,,,,,,,,,,,,,,,,,,,,,,,,,,,,,,,,,,,,,,,,,,,,,,,,,,,,,,,,,,,,,,,,,,,,,,,,,,,,,,,,,,,,,,,,,,,,,,,,,,,,,,,,,,,,
1905,6,302.0,24.0,,,,,,,,,,,,,,,,,,,,,,,,,,,,,,,,,,,,,,,,1.35,4.6,6.7,4.45,15,2.15,12,0.5,0.6,0.4,-6.17,-4.6,-1.26,-4.21,15,2.03,12,0.5,0.6,0.4,-0.29,0.97,2.59,1.02,15,1.24,12,0.5,0.6,0.4,1021.77,1023.0,1023.2,1022.5,3,1.14,16,0.0,0.7,0.0,,,,,,,,,,,,,,,,,,,,,,,,,,,,,,,,,,,,,,,,,,,,,,,,,,,,,,,,,,,,,,,,,,,,,,,,,,,,,,,,,,,,,,,,,,,,,,,,,,,,,,,,,,,,,,,,,,,,,,,,,,,,,,,,,,,,,,,,,,,,,,,,,,,,,,
1905,6,302.0,30.0,,,,,,,,,,,,,,,,,,,,,,,,,,,,,,,,,,,,,,,,0.7,1.0,4.6,1.99,18,1.67,22,0.5,0.9,0.1,-0.92,0.19,2.07,0.62,18,1.91,22,0.5,0.9,0.1,-1.76,-0.39,0.12,-0.72,18,1.54,22,0.5,0.9,0.1,1022.65,1022.75,1022.85,1022.75,2,0.21,22,0.5,0.6,0.6,,,,,,,,,,,,,,,,,,,,,,,,,,,,,,,,,,,,,,,,,,,,,,,,,,,,,,,,,,,,,,,,,,,,,,,,,,,,,,,,,,,,,,,,,,,,,,,,,,,,,,,,,,,,,,,,,,,,,,,,,,,,,,,,,,,,,,,,,,,,,,,,,,,,,,
1905,6,302.0,32.0,,,,,,,,,,,,,,,,,,,,,,,,,,,,,,,,,,,,,,,,0.48,5.15,9.3,4.9,4,5.1,14,1.0,0.8,0.1,-1.9,0.0,0.0,-0.91,4,1.82,14,1.0,0.8,0.1,0.48,4.78,8.95,4.72,4,4.89,14,1.0,0.8,0.1,1019.54,1019.85,1020.16,1019.85,2,0.64,18,1.0,0.8,0.3,,,,,,,,,,,,,,,,,,,,,,,,,,,,,,,,,,,,,,,,,,,,,,,,,,,,,,,,,,,,,,,,,,,,,,,,,,,,,,,,,,,,,,,,,,,,,,,,,,,,,,,,,,,,,,,,,,,,,,,,,,,,,,,,,,,,,,,,,,,,,,,,,,,,,,
1905,6,302.0,36.0,,,,,,,,,,,,,,,,,,,,,,,,,,,,,,,,,,,,,,,,2.6,2.6,6.82,4.43,7,2.66,16,0.7,0.7,0.4,-2.67,0.97,1.95,0.26,7,2.68,16,0.7,0.7,0.4,-1.73,2.41,6.28,2.66,7,3.8,16,0.7,0.7,0.4,1023.89,1027.3,1027.71,1025.83,3,3.07,12,0.7,0.7,0.2,,,,,,,,,,,,,,,,,,,,,,,,,,,,,,,,,,,,,,,,,,,,,,,,,,,,,,,,,,,,,,,,,,,,,,,,,,,,,,,,,,,,,,,,,,,,,,,,,,,,,,,,,,,,,,,,,,,,,,,,,,,,,,,,,,,,,,,,,,,,,,,,,,,,,,
1905,6,302.0,38.0,,,,,,,,,,,,,,,,,,,,,,,,,,,,,,,,,,,,,,,,2.6,6.7,12.3,7.21,39,4.68,14,0.4,0.7,0.4,0.0,0.0,5.74,1.47,39,3.75,14,0.4,0.7,0.4,-2.6,4.6,9.28,3.92,39,6.57,14,0.4,0.7,0.4,1012.83,1022.0,1023.99,1019.49,14,5.42,14,0.6,0.7,0.4,,,,,,,,,,,,,,,,,,,,,,,,,,,,,,,,,,,,,,,,,,,,,,,,,,,,,,,,,,,,,,,,,,,,,,,,,,,,,,,,,,,,,,,,,,,,,,,,,,,,,,,,,,,,,,,,,,,,,,,,,,,,,,,,,,,,,,,,,,,,,,,,,,,,,,
1905,6,302.0,40.0,,,,,,,,,,,,,,,,,,,,,,,,,,,,,,,,,,,,,,,,2.6,6.7,9.3,6.47,85,3.66,16,0.4,0.7,0.1,-3.04,1.84,6.2,1.72,85,4.85,16,0.4,0.7,0.1,-3.25,0.0,5.72,1.1,85,5.29,16,0.4,0.7,0.1,1011.42,1017.7,1020.69,1016.56,39,4.56,14,0.4,0.7,0.2,,,,,,,,,,,,,,,,,,,,,,,,,,,,,,,,,,,,,,,,,,,,,,,,,,,,,,,,,,,,,,,,,,,,,,,,,,,,,,,,,,,,,,,,,,,,,,,,,,,,,,,,,,,,,,,,,,,,,,,,,,,,,,,,,,,,,,,,,,,,,,,,,,,,,,
1905,6,304.0,-54.0,,,,,,,,,,,,,,,,,,,,,,,,,,,,,,,,,,,,,,,,2.6,9.3,15.4,9.72,28,6.91,20,0.1,0.4,0.6,-4.7,0.5,10.61,2.48,28,7.85,20,0.1,0.4,0.6,-10.26,-2.12,4.74,-2.6,28,8.41,20,0.1,0.4,0.6,980.1,991.0,1001.6,990.5,31,11.92,20,0.2,0.5,0.5,,,,,,,,,,,,,,,,,,,,,,,,,,,,,,,,,,,,,,,,,,,,,,,,,,,,,,,,,,,,,,,,,,,,,,,,,,,,,,,,,,,,,,,,,,,,,,,,,,,,,,,,,,,,,,,,,,,,,,,,,,,,,,,,,,,,,,,,,,,,,,,,,,,,,,
1905,6,304.0,-52.0,,,,,,,,,,,,,,,,,,,,,,,,,,,,,,,,,,,,,,,,5.17,6.7,14.56,8.79,9,4.36,24,0.3,0.7,0.5,-6.17,4.27,10.14,1.54,9,8.68,24,0.3,0.7,0.5,-3.92,0.0,4.7,-0.44,9,5.27,24,0.3,0.7,0.5,986.27,993.75,1004.14,994.9,10,8.12,24,0.3,0.7,0.5,,,,,,,,,,,,,,,,,,,,,,,,,,,,,,,,,,,,,,,,,,,,,,,,,,,,,,,,,,,,,,,,,,,,,,,,,,,,,,,,,,,,,,,,,,,,,,,,,,,,,,,,,,,,,,,,,,,,,,,,,,,,,,,,,,,,,,,,,,,,,,,,,,,,,,
1905,6,304.0,-48.0,,,,,,,,,,,,,,,,,,,,,,,,,,,,,,,,,,,,,,,,9.3,9.3,9.3,9.3,1,0.0,6,0.0,0.3,0.8,3.63,3.63,3.63,3.63,1,0.0,6,0.0,0.3,0.8,8.56,8.56,8.56,8.56,1,0.0,6,0.0,0.3,0.8,993.7,993.7,993.7,993.7,1,0.0,12,0.0,0.3,0.8,,,,,,,,,,,,,,,,,,,,,,,,,,,,,,,,,,,,,,,,,,,,,,,,,,,,,,,,,,,,,,,,,,,,,,,,,,,,,,,,,,,,,,,,,,,,,,,,,,,,,,,,,,,,,,,,,,,,,,,,,,,,,,,,,,,,,,,,,,,,,,,,,,,,,,
1905,6,304.0,-46.0,,,,,,,,,,,,,,,,,,,,,,,,,,,,,,,,,,,,,,,,9.3,15.4,19.86,15.0,31,5.49,6,0.3,0.6,0.6,5.77,9.3,16.37,10.61,31,6.1,6,0.3,0.6,0.6,-14.28,-6.58,6.09,-5.31,31,8.93,6,0.3,0.6,0.6,998.6,1009.2,1011.87,1006.36,25,6.42,6,0.3,0.5,0.6,,,,,,,,,,,,,,,,,,,,,,,,,,,,,,,,,,,,,,,,,,,,,,,,,,,,,,,,,,,,,,,,,,,,,,,,,,,,,,,,,,,,,,,,,,,,,,,,,,,,,,,,,,,,,,,,,,,,,,,,,,,,,,,,,,,,,,,,,,,,,,,,,,,,,,
1905,6,304.0,-44.0,,,,,,,,,,,,,,,,,,,,,,,,,,,,,,,,,,,,,,,,6.7,15.4,26.67,16.45,39,7.79,4,0.5,0.8,0.5,6.22,14.28,24.78,15.0,39,7.57,4,0.5,0.8,0.5,0.0,1.84,10.04,2.65,39,6.56,4,0.5,0.8,0.5,1003.87,1011.3,1014.71,1009.85,26,4.74,4,0.5,0.8,0.6,,,,,,,,,,,,,,,,,,,,,,,,,,,,,,,,,,,,,,,,,,,,,,,,,,,,,,,,,,,,,,,,,,,,,,,,,,,,,,,,,,,,,,,,,,,,,,,,,,,,,,,,,,,,,,,,,,,,,,,,,,,,,,,,,,,,,,,,,,,,,,,,,,,,,,
1905,6,304.0,-42.0,,,,,,,,,,,,,,,,,,,,,,,,,,,,,,,,,,,,,,,,4.44,9.3,15.4,9.88,32,6.11,8,0.5,0.6,0.7,1.77,6.58,12.55,7.32,32,5.73,8,0.5,0.6,0.7,-1.9,0.0,10.93,2.45,32,6.62,8,0.5,0.6,0.7,1006.5,1013.7,1018.59,1013.23,20,7.24,6,0.5,0.6,0.6,,,,,,,,,,,,,,,,,,,,,,,,,,,,,,,,,,,,,,,,,,,,,,,,,,,,,,,,,,,,,,,,,,,,,,,,,,,,,,,,,,,,,,,,,,,,,,,,,,,,,,,,,,,,,,,,,,,,,,,,,,,,,,,,,,,,,,,,,,,,,,,,,,,,,,
1905,6,304.0,-40.0,,,,,,,,,,,,,,,,,,,,,,,,,,,,,,,,,,,,,,,,2.6,5.65,12.3,6.85,38,4.57,18,0.4,0.6,0.6,0.8,4.6,8.7,4.4,38,4.53,18,0.4,0.6,0.6,-6.85,-2.1,1.1,-2.48,38,4.72,18,0.4,0.6,0.6,1003.87,1009.15,1015.99,1010.46,24,7.98,16,0.5,0.6,0.6,,,,,,,,,,,,,,,,,,,,,,,,,,,,,,,,,,,,,,,,,,,,,,,,,,,,,,,,,,,,,,,,,,,,,,,,,,,,,,,,,,,,,,,,,,,,,,,,,,,,,,,,,,,,,,,,,,,,,,,,,,,,,,,,,,,,,,,,,,,,,,,,,,,,,,
1905,6,304.0,-38.0,,,,,,,,,,,,,,,,,,,,,,,,,,,,,,,,,,,,,,,,2.6,4.6,6.23,4.82,15,2.92,10,0.5,0.6,0.5,-3.25,2.6,4.6,1.56,15,4.55,10,0.5,0.6,0.5,-3.25,0.0,0.0,-0.66,15,3.1,10,0.5,0.6,0.5,1011.65,1018.2,1021.82,1017.24,13,4.94,10,0.5,0.6,0.4,,,,,,,,,,,,,,,,,,,,,,,,,,,,,,,,,,,,,,,,,,,,,,,,,,,,,,,,,,,,,,,,,,,,,,,,,,,,,,,,,,,,,,,,,,,,,,,,,,,,,,,,,,,,,,,,,,,,,,,,,,,,,,,,,,,,,,,,,,,,,,,,,,,,,,
1905,6,304.0,-36.0,,,,,,,,,,,,,,,,,,,,,,,,,,,,,,,,,,,,,,,,1.0,4.6,9.3,5.5,54,4.43,16,0.4,0.7,0.7,-3.25,0.0,3.13,-0.18,54,4.33,16,0.4,0.7,0.7,-4.25,0.0,6.5,1.01,54,5.54,16,0.4,0.7,0.7,1007.86,1013.15,1022.34,1014.04,14,6.3,16,0.4,0.7,0.7,,,,,,,,,,,,,,,,,,,,,,,,,,,,,,,,,,,,,,,,,,,,,,,,,,,,,,,,,,,,,,,,,,,,,,,,,,,,,,,,,,,,,,,,,,,,,,,,,,,,,,,,,,,,,,,,,,,,,,,,,,,,,,,,,,,,,,,,,,,,,,,,,,,,,,
1905,6,304.0,6.0,,,,,,,,,,,,,,,,,,,,,,,,,,,,,,,,,,,,,,,,3.55,4.6,5.7,4.63,4,1.67,4,0.5,0.8,0.4,-5.7,-4.43,-2.99,-4.35,4,1.99,4,0.5,0.8,0.4,-1.78,-0.86,0.0,-0.89,4,1.03,4,0.5,0.8,0.4,1008.83,1010.55,1012.84,1010.83,4,2.41,4,0.5,0.8,0.4,,,,,,,,,,,,,,,,,,,,,,,,,,,,,,,,,,,,,,,,,,,,,,,,,,,,,,,,,,,,,,,,,,,,,,,,,,,,,,,,,,,,,,,,,,,,,,,,,,,,,,,,,,,,,,,,,,,,,,,,,,,,,,,,,,,,,,,,,,,,,,,,,,,,,,
1905,6,304.0,8.0,,,,,,,,,,,,,,,,,,,,,,,,,,,,,,,,,,,,,,,,9.3,9.3,9.3,9.3,1,0.0,8,1.0,0.8,0.3,-8.62,-8.62,-8.62,-8.62,1,0.0,8,1.0,0.8,0.3,-3.48,-3.48,-3.48,-3.48,1,0.0,8,1.0,0.8,0.3,1007.9,1007.9,1007.9,1007.9,1,0.0,8,1.0,0.8,0.3,,,,,,,,,,,,,,,,,,,,,,,,,,,,,,,,,,,,,,,,,,,,,,,,,,,,,,,,,,,,,,,,,,,,,,,,,,,,,,,,,,,,,,,,,,,,,,,,,,,,,,,,,,,,,,,,,,,,,,,,,,,,,,,,,,,,,,,,,,,,,,,,,,,,,,
1905,6,304.0,24.0,,,,,,,,,,,,,,,,,,,,,,,,,,,,,,,,,,,,,,,,4.19,4.6,7.34,5.48,6,2.48,18,1.0,0.7,0.3,-5.19,-2.55,-1.43,-3.09,6,2.46,18,1.0,0.7,0.3,2.2,4.42,5.19,3.65,6,2.95,18,1.0,0.7,0.3,1021.34,1021.85,1022.36,1021.85,2,1.06,22,1.0,0.6,0.4,,,,,,,,,,,,,,,,,,,,,,,,,,,,,,,,,,,,,,,,,,,,,,,,,,,,,,,,,,,,,,,,,,,,,,,,,,,,,,,,,,,,,,,,,,,,,,,,,,,,,,,,,,,,,,,,,,,,,,,,,,,,,,,,,,,,,,,,,,,,,,,,,,,,,,
1905,6,304.0,26.0,,,,,,,,,,,,,,,,,,,,,,,,,,,,,,,,,,,,,,,,1.0,3.6,6.7,3.81,12,3.16,12,0.4,0.5,0.5,-6.17,-3.6,-0.87,-3.57,12,2.94,12,0.4,0.5,0.5,-0.37,0.0,2.62,0.94,12,1.52,12,0.4,0.5,0.5,1022.8,1022.8,1022.8,1022.8,1,0.0,18,0.0,0.8,0.8,,,,,,,,,,,,,,,,,,,,,,,,,,,,,,,,,,,,,,,,,,,,,,,,,,,,,,,,,,,,,,,,,,,,,,,,,,,,,,,,,,,,,,,,,,,,,,,,,,,,,,,,,,,,,,,,,,,,,,,,,,,,,,,,,,,,,,,,,,,,,,,,,,,,,,
1905,6,304.0,32.0,,,,,,,,,,,,,,,,,,,,,,,,,,,,,,,,,,,,,,,,2.6,9.3,11.02,7.16,10,4.35,20,0.6,0.8,0.2,-1.82,4.28,9.3,4.27,10,5.78,20,0.6,0.8,0.2,0.0,1.84,6.79,2.95,10,3.54,20,0.6,0.8,0.2,1020.53,1022.1,1022.44,1021.5,3,1.49,20,1.0,0.7,0.2,,,,,,,,,,,,,,,,,,,,,,,,,,,,,,,,,,,,,,,,,,,,,,,,,,,,,,,,,,,,,,,,,,,,,,,,,,,,,,,,,,,,,,,,,,,,,,,,,,,,,,,,,,,,,,,,,,,,,,,,,,,,,,,,,,,,,,,,,,,,,,,,,,,,,,
1905,6,304.0,34.0,,,,,,,,,,,,,,,,,,,,,,,,,,,,,,,,,,,,,,,,0.0,0.0,0.0,0.0,1,0.0,18,0.0,1.0,0.0,0.0,0.0,0.0,0.0,1,0.0,18,0.0,1.0,0.0,0.0,0.0,0.0,0.0,1,0.0,18,0.0,1.0,0.0,1019.8,1019.8,1019.8,1019.8,1,0.0,18,0.0,1.0,0.0,,,,,,,,,,,,,,,,,,,,,,,,,,,,,,,,,,,,,,,,,,,,,,,,,,,,,,,,,,,,,,,,,,,,,,,,,,,,,,,,,,,,,,,,,,,,,,,,,,,,,,,,,,,,,,,,,,,,,,,,,,,,,,,,,,,,,,,,,,,,,,,,,,,,,,
1905,6,304.0,36.0,,,,,,,,,,,,,,,,,,,,,,,,,,,,,,,,,,,,,,,,3.55,5.65,6.7,5.15,4,1.97,12,0.5,0.8,0.4,-2.62,-0.82,1.37,-0.63,4,2.31,12,0.5,0.8,0.4,3.29,5.22,6.17,4.75,4,1.8,12,0.5,0.8,0.4,1027.13,1027.4,1027.67,1027.4,2,0.57,14,0.5,0.8,0.3,,,,,,,,,,,,,,,,,,,,,,,,,,,,,,,,,,,,,,,,,,,,,,,,,,,,,,,,,,,,,,,,,,,,,,,,,,,,,,,,,,,,,,,,,,,,,,,,,,,,,,,,,,,,,,,,,,,,,,,,,,,,,,,,,,,,,,,,,,,,,,,,,,,,,,
1905,6,304.0,38.0,,,,,,,,,,,,,,,,,,,,,,,,,,,,,,,,,,,,,,,,2.6,6.7,12.3,6.9,38,4.01,14,0.5,0.7,0.4,-2.87,0.0,4.76,0.57,38,4.14,14,0.5,0.7,0.4,-2.42,4.23,8.77,3.28,38,6.03,14,0.5,0.7,0.4,1014.99,1021.9,1024.93,1019.96,15,5.94,14,0.6,0.7,0.4,,,,,,,,,,,,,,,,,,,,,,,,,,,,,,,,,,,,,,,,,,,,,,,,,,,,,,,,,,,,,,,,,,,,,,,,,,,,,,,,,,,,,,,,,,,,,,,,,,,,,,,,,,,,,,,,,,,,,,,,,,,,,,,,,,,,,,,,,,,,,,,,,,,,,,
1905,6,304.0,40.0,,,,,,,,,,,,,,,,,,,,,,,,,,,,,,,,,,,,,,,,4.6,6.7,9.88,7.31,88,4.0,16,0.5,0.7,0.2,-2.6,2.6,6.6,1.82,88,5.35,16,0.5,0.7,0.2,-2.73,2.46,7.06,2.23,88,5.75,16,0.5,0.7,0.2,1011.2,1018.0,1021.18,1016.96,35,4.65,14,0.3,0.6,0.2,,,,,,,,,,,,,,,,,,,,,,,,,,,,,,,,,,,,,,,,,,,,,,,,,,,,,,,,,,,,,,,,,,,,,,,,,,,,,,,,,,,,,,,,,,,,,,,,,,,,,,,,,,,,,,,,,,,,,,,,,,,,,,,,,,,,,,,,,,,,,,,,,,,,,,
1905,6,306.0,-54.0,,,,,,,,,,,,,,,,,,,,,,,,,,,,,,,,,,,,,,,,4.6,6.7,19.34,10.59,13,7.98,24,0.2,0.3,0.4,-4.3,0.0,16.14,3.34,13,9.28,24,0.2,0.3,0.4,-4.98,-0.97,7.91,0.18,13,9.33,24,0.2,0.3,0.4,971.09,973.7,989.78,978.92,13,10.14,24,0.2,0.3,0.4,,,,,,,,,,,,,,,,,,,,,,,,,,,,,,,,,,,,,,,,,,,,,,,,,,,,,,,,,,,,,,,,,,,,,,,,,,,,,,,,,,,,,,,,,,,,,,,,,,,,,,,,,,,,,,,,,,,,,,,,,,,,,,,,,,,,,,,,,,,,,,,,,,,,,,
1905,6,306.0,-52.0,,,,,,,,,,,,,,,,,,,,,,,,,,,,,,,,,,,,,,,,6.7,13.85,26.8,16.04,16,8.52,18,0.4,0.6,0.5,-4.74,7.36,20.75,7.44,16,11.03,18,0.4,0.6,0.5,-16.85,2.3,11.16,-0.95,16,12.85,18,0.4,0.6,0.5,992.57,995.05,999.61,995.01,16,7.36,18,0.4,0.6,0.5,,,,,,,,,,,,,,,,,,,,,,,,,,,,,,,,,,,,,,,,,,,,,,,,,,,,,,,,,,,,,,,,,,,,,,,,,,,,,,,,,,,,,,,,,,,,,,,,,,,,,,,,,,,,,,,,,,,,,,,,,,,,,,,,,,,,,,,,,,,,,,,,,,,,,,
1905,6,306.0,-50.0,,,,,,,,,,,,,,,,,,,,,,,,,,,,,,,,,,,,,,,,7.94,10.8,12.3,10.15,4,2.7,26,0.3,0.7,0.4,0.67,8.0,10.87,5.87,4,7.48,26,0.3,0.7,0.4,-5.93,0.0,0.0,-2.83,4,5.66,26,0.3,0.7,0.4,992.95,995.25,998.02,995.48,4,3.2,26,0.3,0.7,0.4,,,,,,,,,,,,,,,,,,,,,,,,,,,,,,,,,,,,,,,,,,,,,,,,,,,,,,,,,,,,,,,,,,,,,,,,,,,,,,,,,,,,,,,,,,,,,,,,,,,,,,,,,,,,,,,,,,,,,,,,,,,,,,,,,,,,,,,,,,,,,,,,,,,,,,
1905,6,306.0,-46.0,,,,,,,,,,,,,,,,,,,,,,,,,,,,,,,,,,,,,,,,12.3,26.8,26.8,22.06,21,6.68,6,0.3,0.4,0.8,8.72,18.95,24.85,17.67,21,6.4,6,0.3,0.4,0.8,-3.0,10.04,18.95,9.23,21,9.86,6,0.3,0.4,0.8,1001.54,1004.5,1010.73,1005.52,19,4.94,6,0.3,0.4,0.8,,,,,,,,,,,,,,,,,,,,,,,,,,,,,,,,,,,,,,,,,,,,,,,,,,,,,,,,,,,,,,,,,,,,,,,,,,,,,,,,,,,,,,,,,,,,,,,,,,,,,,,,,,,,,,,,,,,,,,,,,,,,,,,,,,,,,,,,,,,,,,,,,,,,,,
1905,6,306.0,-44.0,,,,,,,,,,,,,,,,,,,,,,,,,,,,,,,,,,,,,,,,3.17,13.85,22.6,13.41,28,8.27,6,0.4,0.6,0.4,2.24,11.32,20.91,12.18,28,8.12,6,0.4,0.6,0.4,-7.18,-0.71,0.0,-1.76,28,5.66,6,0.4,0.6,0.4,1001.24,1009.6,1013.84,1008.91,28,7.98,6,0.4,0.6,0.4,,,,,,,,,,,,,,,,,,,,,,,,,,,,,,,,,,,,,,,,,,,,,,,,,,,,,,,,,,,,,,,,,,,,,,,,,,,,,,,,,,,,,,,,,,,,,,,,,,,,,,,,,,,,,,,,,,,,,,,,,,,,,,,,,,,,,,,,,,,,,,,,,,,,,,
1905,6,306.0,-42.0,,,,,,,,,,,,,,,,,,,,,,,,,,,,,,,,,,,,,,,,0.22,22.6,22.6,14.94,15,11.12,18,0.3,0.6,0.4,-0.78,15.98,22.6,12.78,15,12.16,18,0.3,0.6,0.4,-5.52,0.0,0.0,-2.76,15,5.64,18,0.3,0.6,0.4,995.49,999.3,1009.91,1001.03,12,6.6,22,0.3,0.7,0.4,,,,,,,,,,,,,,,,,,,,,,,,,,,,,,,,,,,,,,,,,,,,,,,,,,,,,,,,,,,,,,,,,,,,,,,,,,,,,,,,,,,,,,,,,,,,,,,,,,,,,,,,,,,,,,,,,,,,,,,,,,,,,,,,,,,,,,,,,,,,,,,,,,,,,,
1905,6,306.0,-40.0,,,,,,,,,,,,,,,,,,,,,,,,,,,,,,,,,,,,,,,,4.6,10.8,22.37,12.29,14,8.1,14,0.6,0.4,0.8,0.06,3.74,8.74,3.99,14,4.46,14,0.6,0.4,0.8,-2.93,3.25,20.59,7.49,14,11.43,14,0.6,0.4,0.8,1008.92,1011.1,1014.31,1011.6,3,3.97,10,0.3,0.6,0.8,,,,,,,,,,,,,,,,,,,,,,,,,,,,,,,,,,,,,,,,,,,,,,,,,,,,,,,,,,,,,,,,,,,,,,,,,,,,,,,,,,,,,,,,,,,,,,,,,,,,,,,,,,,,,,,,,,,,,,,,,,,,,,,,,,,,,,,,,,,,,,,,,,,,,,
1905,6,306.0,-38.0,,,,,,,,,,,,,,,,,,,,,,,,,,,,,,,,,,,,,,,,2.6,6.7,9.3,6.28,38,4.49,20,0.4,0.6,0.5,0.0,2.51,5.82,2.46,38,2.99,20,0.4,0.6,0.5,-6.59,-2.61,2.41,-1.58,38,6.56,20,0.4,0.6,0.5,1010.81,1012.3,1014.75,1012.76,16,1.73,22,0.3,0.6,0.5,,,,,,,,,,,,,,,,,,,,,,,,,,,,,,,,,,,,,,,,,,,,,,,,,,,,,,,,,,,,,,,,,,,,,,,,,,,,,,,,,,,,,,,,,,,,,,,,,,,,,,,,,,,,,,,,,,,,,,,,,,,,,,,,,,,,,,,,,,,,,,,,,,,,,,
1905,6,306.0,-36.0,,,,,,,,,,,,,,,,,,,,,,,,,,,,,,,,,,,,,,,,2.6,4.6,9.3,5.48,50,3.38,16,0.4,0.5,0.8,-3.25,0.0,4.27,0.12,50,3.77,16,0.4,0.5,0.8,-7.13,-2.83,1.17,-2.95,50,4.35,16,0.4,0.5,0.8,1010.8,1015.8,1020.37,1014.92,25,6.04,14,0.3,0.5,0.6,,,,,,,,,,,,,,,,,,,,,,,,,,,,,,,,,,,,,,,,,,,,,,,,,,,,,,,,,,,,,,,,,,,,,,,,,,,,,,,,,,,,,,,,,,,,,,,,,,,,,,,,,,,,,,,,,,,,,,,,,,,,,,,,,,,,,,,,,,,,,,,,,,,,,,
1905,6,306.0,-34.0,,,,,,,,,,,,,,,,,,,,,,,,,,,,,,,,,,,,,,,,2.6,4.6,7.32,5.17,31,3.31,16,0.5,0.9,0.5,-3.25,0.0,2.5,0.2,31,4.25,16,0.5,0.9,0.5,-4.35,-1.84,4.65,-0.35,31,4.51,16,0.5,0.9,0.5,1012.48,1021.5,1023.7,1018.45,13,6.92,14,0.8,0.9,0.5,,,,,,,,,,,,,,,,,,,,,,,,,,,,,,,,,,,,,,,,,,,,,,,,,,,,,,,,,,,,,,,,,,,,,,,,,,,,,,,,,,,,,,,,,,,,,,,,,,,,,,,,,,,,,,,,,,,,,,,,,,,,,,,,,,,,,,,,,,,,,,,,,,,,,,
1905,6,306.0,6.0,,,,,,,,,,,,,,,,,,,,,,,,,,,,,,,,,,,,,,,,6.7,6.7,8.47,7.57,3,1.5,6,0.3,0.3,0.8,-7.86,-6.21,-6.21,-7.02,3,1.39,6,0.3,0.3,0.8,-3.17,-2.51,-2.51,-2.83,3,0.56,6,0.3,0.3,0.8,1006.92,1007.6,1010.13,1008.5,3,2.48,6,0.3,0.3,0.8,,,,,,,,,,,,,,,,,,,,,,,,,,,,,,,,,,,,,,,,,,,,,,,,,,,,,,,,,,,,,,,,,,,,,,,,,,,,,,,,,,,,,,,,,,,,,,,,,,,,,,,,,,,,,,,,,,,,,,,,,,,,,,,,,,,,,,,,,,,,,,,,,,,,,,
1905,6,306.0,8.0,,,,,,,,,,,,,,,,,,,,,,,,,,,,,,,,,,,,,,,,6.7,9.3,9.3,8.19,7,1.39,4,0.6,0.5,0.5,-8.66,-8.62,-6.21,-7.76,7,1.32,4,0.6,0.5,0.5,-3.48,-2.51,0.0,-2.21,7,1.57,4,0.6,0.5,0.5,1007.8,1011.3,1011.93,1010.36,7,2.06,4,0.6,0.5,0.5,,,,,,,,,,,,,,,,,,,,,,,,,,,,,,,,,,,,,,,,,,,,,,,,,,,,,,,,,,,,,,,,,,,,,,,,,,,,,,,,,,,,,,,,,,,,,,,,,,,,,,,,,,,,,,,,,,,,,,,,,,,,,,,,,,,,,,,,,,,,,,,,,,,,,,
1905,6,306.0,10.0,,,,,,,,,,,,,,,,,,,,,,,,,,,,,,,,,,,,,,,,5.27,6.7,8.47,6.87,3,2.35,14,0.0,0.8,0.3,-8.01,-6.7,-5.27,-6.64,3,2.01,14,0.0,0.8,0.3,-2.38,0.0,0.0,-1.16,3,2.01,14,0.0,0.8,0.3,1010.12,1012.1,1012.71,1011.43,3,1.99,14,0.0,0.8,0.3,,,,,,,,,,,,,,,,,,,,,,,,,,,,,,,,,,,,,,,,,,,,,,,,,,,,,,,,,,,,,,,,,,,,,,,,,,,,,,,,,,,,,,,,,,,,,,,,,,,,,,,,,,,,,,,,,,,,,,,,,,,,,,,,,,,,,,,,,,,,,,,,,,,,,,
1905,6,306.0,24.0,,,,,,,,,,,,,,,,,,,,,,,,,,,,,,,,,,,,,,,,1.94,4.6,4.6,3.68,11,1.93,22,0.2,0.5,0.4,-3.66,-3.25,0.0,-2.17,11,1.86,22,0.2,0.5,0.4,1.47,3.25,3.81,2.69,11,1.44,22,0.2,0.5,0.4,1020.78,1021.6,1022.42,1021.6,2,1.7,30,0.0,0.6,0.4,,,,,,,,,,,,,,,,,,,,,,,,,,,,,,,,,,,,,,,,,,,,,,,,,,,,,,,,,,,,,,,,,,,,,,,,,,,,,,,,,,,,,,,,,,,,,,,,,,,,,,,,,,,,,,,,,,,,,,,,,,,,,,,,,,,,,,,,,,,,,,,,,,,,,,
1905,6,306.0,28.0,,,,,,,,,,,,,,,,,,,,,,,,,,,,,,,,,,,,,,,,0.27,4.6,4.6,3.19,9,2.39,12,0.4,0.8,0.1,-4.51,-3.25,0.0,-2.69,9,2.54,12,0.4,0.8,0.1,0.0,0.0,1.83,0.88,9,1.31,12,0.4,0.8,0.1,1020.4,1020.4,1020.4,1020.4,1,0.0,16,1.0,0.8,0.3,,,,,,,,,,,,,,,,,,,,,,,,,,,,,,,,,,,,,,,,,,,,,,,,,,,,,,,,,,,,,,,,,,,,,,,,,,,,,,,,,,,,,,,,,,,,,,,,,,,,,,,,,,,,,,,,,,,,,,,,,,,,,,,,,,,,,,,,,,,,,,,,,,,,,,
1905,6,306.0,32.0,,,,,,,,,,,,,,,,,,,,,,,,,,,,,,,,,,,,,,,,2.6,4.6,11.68,5.84,8,4.34,22,0.3,0.7,0.5,-0.94,4.6,5.99,3.25,8,3.69,22,0.3,0.7,0.5,-2.13,0.35,8.02,2.33,8,5.09,22,0.3,0.7,0.5,1021.98,1022.8,1022.87,1022.43,3,0.72,22,0.0,0.8,0.4,,,,,,,,,,,,,,,,,,,,,,,,,,,,,,,,,,,,,,,,,,,,,,,,,,,,,,,,,,,,,,,,,,,,,,,,,,,,,,,,,,,,,,,,,,,,,,,,,,,,,,,,,,,,,,,,,,,,,,,,,,,,,,,,,,,,,,,,,,,,,,,,,,,,,,
1905,6,306.0,34.0,,,,,,,,,,,,,,,,,,,,,,,,,,,,,,,,,,,,,,,,1.0,1.0,7.65,3.8,5,3.94,16,0.6,0.9,0.0,0.58,0.92,3.99,2.19,5,2.62,16,0.6,0.9,0.0,0.39,1.0,6.35,2.91,5,3.19,16,0.6,0.9,0.0,1020.01,1020.25,1020.49,1020.25,2,0.5,18,0.0,0.8,0.0,,,,,,,,,,,,,,,,,,,,,,,,,,,,,,,,,,,,,,,,,,,,,,,,,,,,,,,,,,,,,,,,,,,,,,,,,,,,,,,,,,,,,,,,,,,,,,,,,,,,,,,,,,,,,,,,,,,,,,,,,,,,,,,,,,,,,,,,,,,,,,,,,,,,,,
1905,6,306.0,36.0,,,,,,,,,,,,,,,,,,,,,,,,,,,,,,,,,,,,,,,,4.6,4.6,4.6,4.6,2,0.0,16,0.0,0.8,0.5,3.25,3.25,3.25,3.25,2,0.0,16,0.0,0.8,0.5,3.25,3.25,3.25,3.25,2,0.0,16,0.0,0.8,0.5,1025.77,1026.15,1026.53,1026.15,2,0.78,16,0.0,0.8,0.5,,,,,,,,,,,,,,,,,,,,,,,,,,,,,,,,,,,,,,,,,,,,,,,,,,,,,,,,,,,,,,,,,,,,,,,,,,,,,,,,,,,,,,,,,,,,,,,,,,,,,,,,,,,,,,,,,,,,,,,,,,,,,,,,,,,,,,,,,,,,,,,,,,,,,,
1905,6,306.0,38.0,,,,,,,,,,,,,,,,,,,,,,,,,,,,,,,,,,,,,,,,2.6,6.7,9.3,6.37,35,3.46,12,0.5,0.7,0.5,-2.58,0.0,4.61,0.5,35,3.54,12,0.5,0.7,0.5,0.15,4.6,8.6,3.81,35,5.1,12,0.5,0.7,0.5,1015.19,1019.75,1026.41,1019.78,16,5.96,12,0.5,0.7,0.6,,,,,,,,,,,,,,,,,,,,,,,,,,,,,,,,,,,,,,,,,,,,,,,,,,,,,,,,,,,,,,,,,,,,,,,,,,,,,,,,,,,,,,,,,,,,,,,,,,,,,,,,,,,,,,,,,,,,,,,,,,,,,,,,,,,,,,,,,,,,,,,,,,,,,,
1905,6,306.0,40.0,,,,,,,,,,,,,,,,,,,,,,,,,,,,,,,,,,,,,,,,2.6,6.7,9.3,6.71,97,3.19,16,0.6,0.7,0.2,-2.48,2.51,6.17,1.65,97,4.18,16,0.6,0.7,0.2,-1.83,2.62,8.62,3.14,97,5.04,16,0.6,0.7,0.2,1012.0,1019.05,1024.73,1017.98,38,5.46,14,0.8,0.7,0.3,,,,,,,,,,,,,,,,,,,,,,,,,,,,,,,,,,,,,,,,,,,,,,,,,,,,,,,,,,,,,,,,,,,,,,,,,,,,,,,,,,,,,,,,,,,,,,,,,,,,,,,,,,,,,,,,,,,,,,,,,,,,,,,,,,,,,,,,,,,,,,,,,,,,,,
1905,6,306.0,42.0,,,,,,,,,,,,,,,,,,,,,,,,,,,,,,,,,,,,,,,,2.6,2.6,2.6,2.6,1,0.0,30,1.0,0.8,0.8,2.39,2.39,2.39,2.39,1,0.0,30,1.0,0.8,0.8,-1.02,-1.02,-1.02,-1.02,1,0.0,30,1.0,0.8,0.8,1024.8,1024.8,1024.8,1024.8,1,0.0,30,1.0,0.8,0.8,,,,,,,,,,,,,,,,,,,,,,,,,,,,,,,,,,,,,,,,,,,,,,,,,,,,,,,,,,,,,,,,,,,,,,,,,,,,,,,,,,,,,,,,,,,,,,,,,,,,,,,,,,,,,,,,,,,,,,,,,,,,,,,,,,,,,,,,,,,,,,,,,,,,,,
1905,6,308.0,-54.0,,,,,,,,,,,,,,,,,,,,,,,,,,,,,,,,,,,,,,,,4.6,4.6,6.03,5.3,3,1.21,16,0.7,0.6,0.6,3.56,4.23,5.58,4.57,3,1.51,16,0.7,0.6,0.6,-2.79,-1.8,1.14,-0.85,3,3.0,16,0.7,0.6,0.6,1003.8,1003.8,1004.35,1004.07,3,0.46,16,0.7,0.6,0.6,,,,,,,,,,,,,,,,,,,,,,,,,,,,,,,,,,,,,,,,,,,,,,,,,,,,,,,,,,,,,,,,,,,,,,,,,,,,,,,,,,,,,,,,,,,,,,,,,,,,,,,,,,,,,,,,,,,,,,,,,,,,,,,,,,,,,,,,,,,,,,,,,,,,,,
1905,6,308.0,-52.0,,,,,,,,,,,,,,,,,,,,,,,,,,,,,,,,,,,,,,,,6.7,9.3,18.03,11.6,9,5.09,18,0.2,0.4,0.8,-3.22,6.7,15.71,5.68,9,9.13,18,0.2,0.4,0.8,0.0,6.58,8.68,4.56,9,5.85,18,0.2,0.4,0.8,989.29,1000.9,1008.94,1000.08,9,9.26,18,0.2,0.4,0.8,,,,,,,,,,,,,,,,,,,,,,,,,,,,,,,,,,,,,,,,,,,,,,,,,,,,,,,,,,,,,,,,,,,,,,,,,,,,,,,,,,,,,,,,,,,,,,,,,,,,,,,,,,,,,,,,,,,,,,,,,,,,,,,,,,,,,,,,,,,,,,,,,,,,,,
1905,6,308.0,-50.0,,,,,,,,,,,,,,,,,,,,,,,,,,,,,,,,,,,,,,,,2.63,9.3,15.4,9.69,20,5.88,18,0.4,0.6,0.6,0.0,3.43,10.87,4.98,20,5.77,18,0.4,0.6,0.6,-8.66,-1.78,6.48,-2.31,20,8.26,18,0.4,0.6,0.6,999.91,1004.7,1010.96,1004.0,20,7.0,18,0.4,0.6,0.6,,,,,,,,,,,,,,,,,,,,,,,,,,,,,,,,,,,,,,,,,,,,,,,,,,,,,,,,,,,,,,,,,,,,,,,,,,,,,,,,,,,,,,,,,,,,,,,,,,,,,,,,,,,,,,,,,,,,,,,,,,,,,,,,,,,,,,,,,,,,,,,,,,,,,,
1905,6,308.0,-48.0,,,,,,,,,,,,,,,,,,,,,,,,,,,,,,,,,,,,,,,,15.4,15.4,15.4,15.4,1,0.0,22,0.0,0.8,0.3,10.89,10.89,10.89,10.89,1,0.0,22,0.0,0.8,0.3,10.89,10.89,10.89,10.89,1,0.0,22,0.0,0.8,0.3,1012.6,1012.6,1012.6,1012.6,1,0.0,22,0.0,0.8,0.3,,,,,,,,,,,,,,,,,,,,,,,,,,,,,,,,,,,,,,,,,,,,,,,,,,,,,,,,,,,,,,,,,,,,,,,,,,,,,,,,,,,,,,,,,,,,,,,,,,,,,,,,,,,,,,,,,,,,,,,,,,,,,,,,,,,,,,,,,,,,,,,,,,,,,,
1905,6,308.0,-42.0,,,,,,,,,,,,,,,,,,,,,,,,,,,,,,,,,,,,,,,,6.85,19.0,20.31,14.5,5,8.29,18,0.2,0.3,0.7,-3.13,13.44,16.53,7.67,5,11.41,18,0.2,0.3,0.7,-14.36,-7.42,-1.36,-7.57,5,7.48,18,0.2,0.3,0.7,1004.06,1005.3,1018.33,1010.93,4,12.62,22,0.3,0.3,0.6,,,,,,,,,,,,,,,,,,,,,,,,,,,,,,,,,,,,,,,,,,,,,,,,,,,,,,,,,,,,,,,,,,,,,,,,,,,,,,,,,,,,,,,,,,,,,,,,,,,,,,,,,,,,,,,,,,,,,,,,,,,,,,,,,,,,,,,,,,,,,,,,,,,,,,
1905,6,308.0,-40.0,,,,,,,,,,,,,,,,,,,,,,,,,,,,,,,,,,,,,,,,15.4,19.0,19.0,17.74,11,2.81,30,0.5,0.7,0.3,10.89,17.49,19.0,14.52,11,6.16,30,0.5,0.7,0.3,-9.91,0.0,7.2,-2.25,11,8.86,30,0.5,0.7,0.3,1004.39,1005.8,1007.7,1005.77,11,1.57,30,0.5,0.7,0.3,,,,,,,,,,,,,,,,,,,,,,,,,,,,,,,,,,,,,,,,,,,,,,,,,,,,,,,,,,,,,,,,,,,,,,,,,,,,,,,,,,,,,,,,,,,,,,,,,,,,,,,,,,,,,,,,,,,,,,,,,,,,,,,,,,,,,,,,,,,,,,,,,,,,,,
1905,6,308.0,-38.0,,,,,,,,,,,,,,,,,,,,,,,,,,,,,,,,,,,,,,,,2.45,6.7,9.59,6.21,13,3.88,22,0.5,0.4,0.8,-3.75,2.41,6.21,1.35,13,4.75,22,0.5,0.4,0.8,-8.57,-2.62,0.0,-3.93,13,3.94,22,0.5,0.4,0.8,1013.19,1015.1,1016.74,1014.64,7,2.27,26,0.6,0.3,0.8,,,,,,,,,,,,,,,,,,,,,,,,,,,,,,,,,,,,,,,,,,,,,,,,,,,,,,,,,,,,,,,,,,,,,,,,,,,,,,,,,,,,,,,,,,,,,,,,,,,,,,,,,,,,,,,,,,,,,,,,,,,,,,,,,,,,,,,,,,,,,,,,,,,,,,
1905,6,308.0,-36.0,,,,,,,,,,,,,,,,,,,,,,,,,,,,,,,,,,,,,,,,2.6,6.7,10.97,6.54,29,4.06,18,0.4,0.7,0.6,-0.83,1.8,4.78,2.15,29,3.41,18,0.4,0.7,0.6,-9.3,-4.23,-0.52,-5.03,29,4.27,18,0.4,0.7,0.6,1011.34,1018.8,1021.92,1017.47,16,4.66,16,0.4,0.6,0.6,,,,,,,,,,,,,,,,,,,,,,,,,,,,,,,,,,,,,,,,,,,,,,,,,,,,,,,,,,,,,,,,,,,,,,,,,,,,,,,,,,,,,,,,,,,,,,,,,,,,,,,,,,,,,,,,,,,,,,,,,,,,,,,,,,,,,,,,,,,,,,,,,,,,,,
1905,6,308.0,-34.0,,,,,,,,,,,,,,,,,,,,,,,,,,,,,,,,,,,,,,,,2.6,4.6,9.3,5.88,59,3.69,16,0.6,0.6,0.8,-2.37,0.0,1.84,0.18,59,3.92,16,0.6,0.6,0.8,-6.5,-1.84,6.67,-0.49,59,5.76,16,0.6,0.6,0.8,1004.77,1016.4,1024.04,1015.65,25,8.28,16,0.6,0.6,0.6,,,,,,,,,,,,,,,,,,,,,,,,,,,,,,,,,,,,,,,,,,,,,,,,,,,,,,,,,,,,,,,,,,,,,,,,,,,,,,,,,,,,,,,,,,,,,,,,,,,,,,,,,,,,,,,,,,,,,,,,,,,,,,,,,,,,,,,,,,,,,,,,,,,,,,
1905,6,308.0,-32.0,,,,,,,,,,,,,,,,,,,,,,,,,,,,,,,,,,,,,,,,4.6,4.6,12.3,7.12,23,3.78,22,0.2,0.9,0.5,-4.01,0.0,3.13,0.54,23,5.98,22,0.2,0.9,0.5,-6.7,-4.6,4.42,-2.59,23,4.91,22,0.2,0.9,0.5,1008.2,1021.2,1023.33,1017.77,9,8.05,22,0.0,0.8,0.5,,,,,,,,,,,,,,,,,,,,,,,,,,,,,,,,,,,,,,,,,,,,,,,,,,,,,,,,,,,,,,,,,,,,,,,,,,,,,,,,,,,,,,,,,,,,,,,,,,,,,,,,,,,,,,,,,,,,,,,,,,,,,,,,,,,,,,,,,,,,,,,,,,,,,,
1905,6,308.0,10.0,,,,,,,,,,,,,,,,,,,,,,,,,,,,,,,,,,,,,,,,4.83,6.7,9.01,6.83,8,1.78,10,0.8,0.3,0.6,-8.41,-6.7,-3.58,-6.25,8,2.06,10,0.8,0.3,0.6,-3.1,0.0,3.18,0.27,8,2.72,10,0.8,0.3,0.6,1011.2,1012.9,1013.61,1012.66,7,1.09,8,0.7,0.3,0.5,,,,,,,,,,,,,,,,,,,,,,,,,,,,,,,,,,,,,,,,,,,,,,,,,,,,,,,,,,,,,,,,,,,,,,,,,,,,,,,,,,,,,,,,,,,,,,,,,,,,,,,,,,,,,,,,,,,,,,,,,,,,,,,,,,,,,,,,,,,,,,,,,,,,,,
1905,6,308.0,12.0,,,,,,,,,,,,,,,,,,,,,,,,,,,,,,,,,,,,,,,,6.7,6.7,6.7,6.7,9,0.0,14,0.3,0.7,0.4,-6.7,-6.21,-6.17,-6.2,9,0.6,14,0.3,0.7,0.4,-2.51,0.0,2.62,-0.21,9,2.63,14,0.3,0.7,0.4,1012.31,1013.5,1014.99,1013.66,8,1.71,12,0.4,0.7,0.4,,,,,,,,,,,,,,,,,,,,,,,,,,,,,,,,,,,,,,,,,,,,,,,,,,,,,,,,,,,,,,,,,,,,,,,,,,,,,,,,,,,,,,,,,,,,,,,,,,,,,,,,,,,,,,,,,,,,,,,,,,,,,,,,,,,,,,,,,,,,,,,,,,,,,,
1905,6,308.0,24.0,,,,,,,,,,,,,,,,,,,,,,,,,,,,,,,,,,,,,,,,4.6,4.6,4.6,4.6,3,0.0,28,1.0,0.3,0.8,-2.77,-1.72,-1.72,-2.23,3,0.88,28,1.0,0.3,0.8,3.57,4.27,4.27,3.93,3,0.58,28,1.0,0.3,0.8,1022.6,1022.6,1022.6,1022.6,1,0.0,30,1.0,0.3,0.8,,,,,,,,,,,,,,,,,,,,,,,,,,,,,,,,,,,,,,,,,,,,,,,,,,,,,,,,,,,,,,,,,,,,,,,,,,,,,,,,,,,,,,,,,,,,,,,,,,,,,,,,,,,,,,,,,,,,,,,,,,,,,,,,,,,,,,,,,,,,,,,,,,,,,,
1905,6,308.0,26.0,,,,,,,,,,,,,,,,,,,,,,,,,,,,,,,,,,,,,,,,0.7,4.6,4.6,3.59,9,2.28,20,0.7,0.5,0.3,-3.25,-1.84,0.0,-1.09,9,2.47,20,0.7,0.5,0.3,0.46,3.25,4.24,2.68,9,2.04,20,0.7,0.5,0.3,1024.1,1024.1,1024.1,1024.1,2,0.0,30,1.0,0.5,0.3,,,,,,,,,,,,,,,,,,,,,,,,,,,,,,,,,,,,,,,,,,,,,,,,,,,,,,,,,,,,,,,,,,,,,,,,,,,,,,,,,,,,,,,,,,,,,,,,,,,,,,,,,,,,,,,,,,,,,,,,,,,,,,,,,,,,,,,,,,,,,,,,,,,,,,
1905,6,308.0,28.0,,,,,,,,,,,,,,,,,,,,,,,,,,,,,,,,,,,,,,,,0.0,2.6,2.6,1.86,10,1.54,14,0.5,0.6,0.6,-2.6,-1.27,0.0,-1.44,10,1.51,14,0.5,0.6,0.6,0.0,0.0,1.79,0.64,10,1.08,14,0.5,0.6,0.6,1019.56,1019.9,1020.24,1019.9,2,0.71,18,0.0,0.6,0.6,,,,,,,,,,,,,,,,,,,,,,,,,,,,,,,,,,,,,,,,,,,,,,,,,,,,,,,,,,,,,,,,,,,,,,,,,,,,,,,,,,,,,,,,,,,,,,,,,,,,,,,,,,,,,,,,,,,,,,,,,,,,,,,,,,,,,,,,,,,,,,,,,,,,,,
1905,6,308.0,32.0,,,,,,,,,,,,,,,,,,,,,,,,,,,,,,,,,,,,,,,,1.25,1.8,2.35,1.8,2,1.13,22,0.5,0.8,0.5,-0.82,-0.49,-0.15,-0.49,2,0.69,22,0.5,0.8,0.5,-2.19,-1.71,-1.22,-1.71,2,1.0,22,0.5,0.8,0.5,1020.67,1021.45,1022.24,1021.45,2,1.63,22,0.5,0.8,0.5,,,,,,,,,,,,,,,,,,,,,,,,,,,,,,,,,,,,,,,,,,,,,,,,,,,,,,,,,,,,,,,,,,,,,,,,,,,,,,,,,,,,,,,,,,,,,,,,,,,,,,,,,,,,,,,,,,,,,,,,,,,,,,,,,,,,,,,,,,,,,,,,,,,,,,
1905,6,308.0,34.0,,,,,,,,,,,,,,,,,,,,,,,,,,,,,,,,,,,,,,,,4.36,9.3,9.3,7.54,10,3.15,22,0.6,0.8,0.3,2.86,4.11,6.58,4.66,10,2.38,22,0.6,0.8,0.3,2.14,6.58,8.62,5.57,10,2.98,22,0.6,0.8,0.3,1019.2,1019.4,1019.6,1019.4,2,0.42,18,1.0,0.8,0.3,,,,,,,,,,,,,,,,,,,,,,,,,,,,,,,,,,,,,,,,,,,,,,,,,,,,,,,,,,,,,,,,,,,,,,,,,,,,,,,,,,,,,,,,,,,,,,,,,,,,,,,,,,,,,,,,,,,,,,,,,,,,,,,,,,,,,,,,,,,,,,,,,,,,,,
1905,6,308.0,38.0,,,,,,,,,,,,,,,,,,,,,,,,,,,,,,,,,,,,,,,,4.6,4.6,9.3,6.27,38,3.13,12,0.6,0.7,0.5,-0.13,1.72,6.58,2.12,38,3.88,12,0.6,0.7,0.5,1.57,4.6,6.94,4.01,38,3.74,12,0.6,0.7,0.5,1017.76,1022.1,1027.24,1022.11,17,5.49,14,0.5,0.7,0.5,,,,,,,,,,,,,,,,,,,,,,,,,,,,,,,,,,,,,,,,,,,,,,,,,,,,,,,,,,,,,,,,,,,,,,,,,,,,,,,,,,,,,,,,,,,,,,,,,,,,,,,,,,,,,,,,,,,,,,,,,,,,,,,,,,,,,,,,,,,,,,,,,,,,,,
1905,6,308.0,40.0,,,,,,,,,,,,,,,,,,,,,,,,,,,,,,,,,,,,,,,,2.6,4.6,9.3,5.48,96,2.94,16,0.7,0.7,0.2,-2.35,1.72,4.74,1.59,96,3.5,16,0.7,0.7,0.2,-1.02,2.62,6.55,2.71,96,4.09,16,0.7,0.7,0.2,1011.03,1019.2,1023.58,1018.61,39,5.49,14,0.7,0.7,0.3,,,,,,,,,,,,,,,,,,,,,,,,,,,,,,,,,,,,,,,,,,,,,,,,,,,,,,,,,,,,,,,,,,,,,,,,,,,,,,,,,,,,,,,,,,,,,,,,,,,,,,,,,,,,,,,,,,,,,,,,,,,,,,,,,,,,,,,,,,,,,,,,,,,,,,
1905,6,308.0,42.0,,,,,,,,,,,,,,,,,,,,,,,,,,,,,,,,,,,,,,,,2.6,2.6,2.6,2.6,1,0.0,30,1.0,0.8,0.8,2.39,2.39,2.39,2.39,1,0.0,30,1.0,0.8,0.8,-1.02,-1.02,-1.02,-1.02,1,0.0,30,1.0,0.8,0.8,1023.8,1023.8,1023.8,1023.8,1,0.0,30,1.0,0.8,0.8,,,,,,,,,,,,,,,,,,,,,,,,,,,,,,,,,,,,,,,,,,,,,,,,,,,,,,,,,,,,,,,,,,,,,,,,,,,,,,,,,,,,,,,,,,,,,,,,,,,,,,,,,,,,,,,,,,,,,,,,,,,,,,,,,,,,,,,,,,,,,,,,,,,,,,
1905,6,310.0,-52.0,,,,,,,,,,,,,,,,,,,,,,,,,,,,,,,,,,,,,,,,6.84,12.35,15.4,11.18,4,5.24,16,0.0,0.5,0.3,0.0,5.44,10.89,5.44,4,6.29,16,0.0,0.5,0.3,-10.89,-10.09,-6.84,-8.92,4,2.98,16,0.0,0.5,0.3,991.59,994.6,998.45,995.0,4,4.39,16,0.0,0.5,0.3,,,,,,,,,,,,,,,,,,,,,,,,,,,,,,,,,,,,,,,,,,,,,,,,,,,,,,,,,,,,,,,,,,,,,,,,,,,,,,,,,,,,,,,,,,,,,,,,,,,,,,,,,,,,,,,,,,,,,,,,,,,,,,,,,,,,,,,,,,,,,,,,,,,,,,
1905,6,310.0,-50.0,,,,,,,,,,,,,,,,,,,,,,,,,,,,,,,,,,,,,,,,14.12,15.4,19.0,16.2,11,3.61,14,0.5,0.5,0.4,5.29,10.89,13.44,9.41,11,4.41,14,0.5,0.5,0.4,-14.28,-13.44,-10.89,-12.81,11,2.11,14,0.5,0.5,0.4,996.35,1001.1,1003.18,1000.18,11,3.38,14,0.5,0.5,0.4,,,,,,,,,,,,,,,,,,,,,,,,,,,,,,,,,,,,,,,,,,,,,,,,,,,,,,,,,,,,,,,,,,,,,,,,,,,,,,,,,,,,,,,,,,,,,,,,,,,,,,,,,,,,,,,,,,,,,,,,,,,,,,,,,,,,,,,,,,,,,,,,,,,,,,
1905,6,310.0,-48.0,,,,,,,,,,,,,,,,,,,,,,,,,,,,,,,,,,,,,,,,3.77,9.3,22.6,11.08,11,8.89,24,0.4,0.6,0.5,-1.34,6.58,19.78,7.78,11,9.35,24,0.4,0.6,0.5,-3.25,0.0,7.36,-0.28,11,7.75,24,0.4,0.6,0.5,998.01,1007.3,1016.17,1006.27,11,8.48,24,0.4,0.6,0.5,,,,,,,,,,,,,,,,,,,,,,,,,,,,,,,,,,,,,,,,,,,,,,,,,,,,,,,,,,,,,,,,,,,,,,,,,,,,,,,,,,,,,,,,,,,,,,,,,,,,,,,,,,,,,,,,,,,,,,,,,,,,,,,,,,,,,,,,,,,,,,,,,,,,,,
1905,6,310.0,-40.0,,,,,,,,,,,,,,,,,,,,,,,,,,,,,,,,,,,,,,,,6.7,12.3,15.4,11.56,20,5.37,26,0.5,0.4,0.4,-8.67,0.0,13.42,2.78,20,9.37,26,0.5,0.4,0.4,-10.89,-6.3,0.0,-5.18,20,6.72,26,0.5,0.4,0.4,1003.23,1009.0,1012.23,1008.33,19,6.73,26,0.5,0.4,0.4,,,,,,,,,,,,,,,,,,,,,,,,,,,,,,,,,,,,,,,,,,,,,,,,,,,,,,,,,,,,,,,,,,,,,,,,,,,,,,,,,,,,,,,,,,,,,,,,,,,,,,,,,,,,,,,,,,,,,,,,,,,,,,,,,,,,,,,,,,,,,,,,,,,,,,
1905,6,310.0,-38.0,,,,,,,,,,,,,,,,,,,,,,,,,,,,,,,,,,,,,,,,5.93,9.3,10.4,8.44,5,2.92,26,0.6,0.8,0.3,-5.41,0.0,8.67,1.51,5,7.89,26,0.6,0.8,0.3,-6.58,-4.74,-2.92,-4.5,5,2.69,26,0.6,0.8,0.3,1017.16,1017.5,1022.2,1019.92,5,5.75,26,0.6,0.8,0.3,,,,,,,,,,,,,,,,,,,,,,,,,,,,,,,,,,,,,,,,,,,,,,,,,,,,,,,,,,,,,,,,,,,,,,,,,,,,,,,,,,,,,,,,,,,,,,,,,,,,,,,,,,,,,,,,,,,,,,,,,,,,,,,,,,,,,,,,,,,,,,,,,,,,,,
1905,6,310.0,-36.0,,,,,,,,,,,,,,,,,,,,,,,,,,,,,,,,,,,,,,,,2.6,9.3,12.3,8.2,23,4.68,16,0.5,0.4,0.5,-6.02,0.71,8.63,1.4,23,5.99,16,0.5,0.4,0.5,-10.03,-3.63,3.31,-3.26,23,6.58,16,0.5,0.4,0.5,1013.1,1016.3,1020.3,1016.21,10,3.86,24,0.5,0.4,0.6,,,,,,,,,,,,,,,,,,,,,,,,,,,,,,,,,,,,,,,,,,,,,,,,,,,,,,,,,,,,,,,,,,,,,,,,,,,,,,,,,,,,,,,,,,,,,,,,,,,,,,,,,,,,,,,,,,,,,,,,,,,,,,,,,,,,,,,,,,,,,,,,,,,,,,
1905,6,310.0,-34.0,,,,,,,,,,,,,,,,,,,,,,,,,,,,,,,,,,,,,,,,4.6,9.3,15.4,8.85,49,5.48,14,0.5,0.7,0.5,-2.79,1.02,11.05,3.49,49,6.64,14,0.5,0.7,0.5,-9.91,0.0,4.76,-2.24,49,6.95,14,0.5,0.7,0.5,1006.98,1020.6,1025.87,1017.42,33,8.77,14,0.5,0.7,0.5,,,,,,,,,,,,,,,,,,,,,,,,,,,,,,,,,,,,,,,,,,,,,,,,,,,,,,,,,,,,,,,,,,,,,,,,,,,,,,,,,,,,,,,,,,,,,,,,,,,,,,,,,,,,,,,,,,,,,,,,,,,,,,,,,,,,,,,,,,,,,,,,,,,,,,
1905,6,310.0,-32.0,,,,,,,,,,,,,,,,,,,,,,,,,,,,,,,,,,,,,,,,4.6,6.7,9.3,7.3,65,3.37,16,0.6,0.7,0.7,-4.11,0.0,4.29,0.54,65,4.92,16,0.6,0.7,0.7,-6.7,-4.27,6.14,-1.93,65,6.09,16,0.6,0.7,0.7,1011.8,1015.3,1025.72,1017.27,26,5.76,14,0.7,0.6,0.6,,,,,,,,,,,,,,,,,,,,,,,,,,,,,,,,,,,,,,,,,,,,,,,,,,,,,,,,,,,,,,,,,,,,,,,,,,,,,,,,,,,,,,,,,,,,,,,,,,,,,,,,,,,,,,,,,,,,,,,,,,,,,,,,,,,,,,,,,,,,,,,,,,,,,,
1905,6,310.0,-30.0,,,,,,,,,,,,,,,,,,,,,,,,,,,,,,,,,,,,,,,,2.6,4.6,6.7,4.5,25,1.78,24,0.5,0.9,0.7,-3.25,-0.37,1.99,-0.45,25,2.73,24,0.5,0.9,0.7,-4.63,-3.25,-1.84,-3.04,25,2.64,24,0.5,0.9,0.7,1013.27,1014.9,1022.17,1016.57,10,5.61,26,0.6,0.9,0.7,,,,,,,,,,,,,,,,,,,,,,,,,,,,,,,,,,,,,,,,,,,,,,,,,,,,,,,,,,,,,,,,,,,,,,,,,,,,,,,,,,,,,,,,,,,,,,,,,,,,,,,,,,,,,,,,,,,,,,,,,,,,,,,,,,,,,,,,,,,,,,,,,,,,,,
1905,6,310.0,-28.0,,,,,,,,,,,,,,,,,,,,,,,,,,,,,,,,,,,,,,,,1.76,2.6,3.65,2.7,4,1.47,24,0.8,1.0,0.6,-1.7,0.19,1.44,-0.12,4,2.34,24,0.8,1.0,0.6,-2.94,-1.79,0.02,-1.47,4,1.87,24,0.8,1.0,0.6,1019.19,1019.6,1020.01,1019.6,2,0.85,26,1.0,1.0,0.8,,,,,,,,,,,,,,,,,,,,,,,,,,,,,,,,,,,,,,,,,,,,,,,,,,,,,,,,,,,,,,,,,,,,,,,,,,,,,,,,,,,,,,,,,,,,,,,,,,,,,,,,,,,,,,,,,,,,,,,,,,,,,,,,,,,,,,,,,,,,,,,,,,,,,,
1905,6,310.0,-2.0,,,,,,,,,,,,,,,,,,,,,,,,,,,,,,,,,,,,,,,,5.35,6.95,8.55,6.95,2,3.32,8,0.5,0.9,0.9,-8.55,-6.95,-5.35,-6.95,2,3.32,8,0.5,0.9,0.9,0.0,0.0,0.0,0.0,2,0.0,8,0.5,0.9,0.9,1011.0,1011.0,1011.0,1011.0,1,0.0,16,1.0,0.8,0.8,,,,,,,,,,,,,,,,,,,,,,,,,,,,,,,,,,,,,,,,,,,,,,,,,,,,,,,,,,,,,,,,,,,,,,,,,,,,,,,,,,,,,,,,,,,,,,,,,,,,,,,,,,,,,,,,,,,,,,,,,,,,,,,,,,,,,,,,,,,,,,,,,,,,,,
1905,6,310.0,12.0,,,,,,,,,,,,,,,,,,,,,,,,,,,,,,,,,,,,,,,,6.7,6.7,6.7,6.7,2,0.0,20,0.0,0.3,0.8,-6.21,-6.19,-6.17,-6.19,2,0.03,20,0.0,0.3,0.8,-1.7,0.05,1.8,0.05,2,3.63,20,0.0,0.3,0.8,1013.0,1013.0,1013.0,1013.0,1,0.0,10,0.0,0.3,0.8,,,,,,,,,,,,,,,,,,,,,,,,,,,,,,,,,,,,,,,,,,,,,,,,,,,,,,,,,,,,,,,,,,,,,,,,,,,,,,,,,,,,,,,,,,,,,,,,,,,,,,,,,,,,,,,,,,,,,,,,,,,,,,,,,,,,,,,,,,,,,,,,,,,,,,
1905,6,310.0,14.0,,,,,,,,,,,,,,,,,,,,,,,,,,,,,,,,,,,,,,,,6.27,6.7,7.24,6.78,6,1.49,16,0.8,0.7,0.5,-7.24,-6.7,-5.6,-6.48,6,1.93,16,0.8,0.7,0.5,-2.66,0.0,0.0,-0.96,6,1.51,16,0.8,0.7,0.5,1014.57,1015.2,1017.12,1015.79,7,1.37,18,0.9,0.6,0.5,,,,,,,,,,,,,,,,,,,,,,,,,,,,,,,,,,,,,,,,,,,,,,,,,,,,,,,,,,,,,,,,,,,,,,,,,,,,,,,,,,,,,,,,,,,,,,,,,,,,,,,,,,,,,,,,,,,,,,,,,,,,,,,,,,,,,,,,,,,,,,,,,,,,,,
1905,6,310.0,26.0,,,,,,,,,,,,,,,,,,,,,,,,,,,,,,,,,,,,,,,,2.6,2.6,4.6,3.31,9,1.32,24,0.4,0.6,0.5,-1.8,-0.97,0.68,-0.67,9,1.55,24,0.4,0.6,0.5,1.99,2.6,4.23,2.88,9,1.35,24,0.4,0.6,0.5,1024.73,1026.1,1026.24,1025.5,3,1.22,28,0.0,0.8,0.4,,,,,,,,,,,,,,,,,,,,,,,,,,,,,,,,,,,,,,,,,,,,,,,,,,,,,,,,,,,,,,,,,,,,,,,,,,,,,,,,,,,,,,,,,,,,,,,,,,,,,,,,,,,,,,,,,,,,,,,,,,,,,,,,,,,,,,,,,,,,,,,,,,,,,,
1905,6,310.0,30.0,,,,,,,,,,,,,,,,,,,,,,,,,,,,,,,,,,,,,,,,2.6,4.6,4.6,3.8,5,1.1,16,0.6,0.6,0.6,-4.6,-3.25,-2.32,-3.38,5,1.22,16,0.6,0.6,0.6,0.0,0.0,2.35,1.02,5,1.48,16,0.6,0.6,0.6,1020.52,1020.55,1020.58,1020.55,2,0.07,18,1.0,0.5,0.5,,,,,,,,,,,,,,,,,,,,,,,,,,,,,,,,,,,,,,,,,,,,,,,,,,,,,,,,,,,,,,,,,,,,,,,,,,,,,,,,,,,,,,,,,,,,,,,,,,,,,,,,,,,,,,,,,,,,,,,,,,,,,,,,,,,,,,,,,,,,,,,,,,,,,,
1905,6,310.0,32.0,,,,,,,,,,,,,,,,,,,,,,,,,,,,,,,,,,,,,,,,4.6,4.6,4.6,4.6,1,0.0,22,1.0,0.3,0.8,-1.8,-1.8,-1.8,-1.8,1,0.0,22,1.0,0.3,0.8,-4.23,-4.23,-4.23,-4.23,1,0.0,22,1.0,0.3,0.8,1018.9,1018.9,1018.9,1018.9,1,0.0,22,1.0,0.3,0.8,,,,,,,,,,,,,,,,,,,,,,,,,,,,,,,,,,,,,,,,,,,,,,,,,,,,,,,,,,,,,,,,,,,,,,,,,,,,,,,,,,,,,,,,,,,,,,,,,,,,,,,,,,,,,,,,,,,,,,,,,,,,,,,,,,,,,,,,,,,,,,,,,,,,,,
1905,6,310.0,34.0,,,,,,,,,,,,,,,,,,,,,,,,,,,,,,,,,,,,,,,,6.7,6.7,6.7,6.7,1,0.0,22,1.0,0.8,0.3,-2.62,-2.62,-2.62,-2.62,1,0.0,22,1.0,0.8,0.3,-6.17,-6.17,-6.17,-6.17,1,0.0,22,1.0,0.8,0.3,1017.8,1017.8,1017.8,1017.8,1,0.0,22,1.0,0.8,0.3,,,,,,,,,,,,,,,,,,,,,,,,,,,,,,,,,,,,,,,,,,,,,,,,,,,,,,,,,,,,,,,,,,,,,,,,,,,,,,,,,,,,,,,,,,,,,,,,,,,,,,,,,,,,,,,,,,,,,,,,,,,,,,,,,,,,,,,,,,,,,,,,,,,,,,
1905,6,310.0,38.0,,,,,,,,,,,,,,,,,,,,,,,,,,,,,,,,,,,,,,,,2.6,5.65,7.49,5.88,12,2.96,14,0.5,0.5,0.6,-0.44,2.17,5.11,2.47,12,3.19,14,0.5,0.5,0.6,0.17,2.93,6.84,2.84,12,4.56,14,0.5,0.5,0.6,1016.44,1019.0,1029.28,1021.64,9,6.59,16,0.6,0.5,0.6,,,,,,,,,,,,,,,,,,,,,,,,,,,,,,,,,,,,,,,,,,,,,,,,,,,,,,,,,,,,,,,,,,,,,,,,,,,,,,,,,,,,,,,,,,,,,,,,,,,,,,,,,,,,,,,,,,,,,,,,,,,,,,,,,,,,,,,,,,,,,,,,,,,,,,
1905,6,310.0,40.0,,,,,,,,,,,,,,,,,,,,,,,,,,,,,,,,,,,,,,,,1.99,4.6,9.3,5.13,112,3.14,16,0.4,0.7,0.2,-1.33,0.0,4.37,1.08,112,3.29,16,0.4,0.7,0.2,-2.05,1.84,6.35,2.31,112,4.36,16,0.4,0.7,0.2,1011.33,1020.1,1026.0,1019.31,43,6.78,14,0.4,0.7,0.3,,,,,,,,,,,,,,,,,,,,,,,,,,,,,,,,,,,,,,,,,,,,,,,,,,,,,,,,,,,,,,,,,,,,,,,,,,,,,,,,,,,,,,,,,,,,,,,,,,,,,,,,,,,,,,,,,,,,,,,,,,,,,,,,,,,,,,,,,,,,,,,,,,,,,,
1905,6,310.0,42.0,,,,,,,,,,,,,,,,,,,,,,,,,,,,,,,,,,,,,,,,1.06,3.35,5.64,3.35,2,4.74,18,0.5,0.4,0.6,0.4,1.25,2.11,1.25,2,1.77,18,0.5,0.4,0.6,0.99,3.11,5.23,3.11,2,4.39,18,0.5,0.4,0.6,1022.3,1022.3,1022.3,1022.3,1,0.0,30,1.0,0.3,0.8,,,,,,,,,,,,,,,,,,,,,,,,,,,,,,,,,,,,,,,,,,,,,,,,,,,,,,,,,,,,,,,,,,,,,,,,,,,,,,,,,,,,,,,,,,,,,,,,,,,,,,,,,,,,,,,,,,,,,,,,,,,,,,,,,,,,,,,,,,,,,,,,,,,,,,
1905,6,312.0,-52.0,,,,,,,,,,,,,,,,,,,,,,,,,,,,,,,,,,,,,,,,12.79,13.85,14.91,13.85,2,2.19,16,1.0,0.5,0.5,9.05,9.79,10.54,9.79,2,1.55,16,1.0,0.5,0.5,-10.54,-9.79,-9.05,-9.79,2,1.55,16,1.0,0.5,0.5,990.05,990.6,991.15,990.6,2,1.13,16,1.0,0.5,0.5,,,,,,,,,,,,,,,,,,,,,,,,,,,,,,,,,,,,,,,,,,,,,,,,,,,,,,,,,,,,,,,,,,,,,,,,,,,,,,,,,,,,,,,,,,,,,,,,,,,,,,,,,,,,,,,,,,,,,,,,,,,,,,,,,,,,,,,,,,,,,,,,,,,,,,
1905,6,312.0,-50.0,,,,,,,,,,,,,,,,,,,,,,,,,,,,,,,,,,,,,,,,3.77,12.3,20.49,11.77,11,7.21,16,0.2,0.5,0.7,2.29,8.47,12.19,7.69,11,4.75,16,0.2,0.5,0.7,-14.49,-6.58,-1.08,-8.0,11,6.82,16,0.2,0.5,0.7,1002.32,1004.6,1008.24,1004.45,11,4.4,16,0.2,0.5,0.7,,,,,,,,,,,,,,,,,,,,,,,,,,,,,,,,,,,,,,,,,,,,,,,,,,,,,,,,,,,,,,,,,,,,,,,,,,,,,,,,,,,,,,,,,,,,,,,,,,,,,,,,,,,,,,,,,,,,,,,,,,,,,,,,,,,,,,,,,,,,,,,,,,,,,,
1905,6,312.0,-48.0,,,,,,,,,,,,,,,,,,,,,,,,,,,,,,,,,,,,,,,,12.16,15.4,26.8,18.37,7,7.03,22,0.6,0.7,0.5,7.69,14.28,19.05,11.75,7,10.93,22,0.6,0.7,0.5,-18.95,-5.77,-2.91,-7.74,7,9.62,22,0.6,0.7,0.5,990.88,991.4,1005.22,995.34,7,7.11,22,0.6,0.7,0.5,,,,,,,,,,,,,,,,,,,,,,,,,,,,,,,,,,,,,,,,,,,,,,,,,,,,,,,,,,,,,,,,,,,,,,,,,,,,,,,,,,,,,,,,,,,,,,,,,,,,,,,,,,,,,,,,,,,,,,,,,,,,,,,,,,,,,,,,,,,,,,,,,,,,,,
1905,6,312.0,-46.0,,,,,,,,,,,,,,,,,,,,,,,,,,,,,,,,,,,,,,,,6.7,6.7,10.4,8.34,5,2.48,24,0.6,0.5,0.5,5.65,6.7,10.07,7.66,5,2.66,24,0.6,0.5,0.5,-3.39,0.0,1.68,-0.55,5,3.5,24,0.6,0.5,0.5,1018.59,1021.9,1023.17,1021.14,5,2.48,24,0.6,0.5,0.5,,,,,,,,,,,,,,,,,,,,,,,,,,,,,,,,,,,,,,,,,,,,,,,,,,,,,,,,,,,,,,,,,,,,,,,,,,,,,,,,,,,,,,,,,,,,,,,,,,,,,,,,,,,,,,,,,,,,,,,,,,,,,,,,,,,,,,,,,,,,,,,,,,,,,,
1905,6,312.0,-40.0,,,,,,,,,,,,,,,,,,,,,,,,,,,,,,,,,,,,,,,,1.0,3.6,4.6,3.79,10,3.46,26,0.5,0.6,0.7,0.0,1.72,3.55,2.01,10,2.79,26,0.5,0.6,0.7,-4.27,-1.3,0.53,-2.14,10,3.25,26,0.5,0.6,0.7,1014.41,1016.45,1018.17,1016.43,10,1.79,26,0.5,0.6,0.7,,,,,,,,,,,,,,,,,,,,,,,,,,,,,,,,,,,,,,,,,,,,,,,,,,,,,,,,,,,,,,,,,,,,,,,,,,,,,,,,,,,,,,,,,,,,,,,,,,,,,,,,,,,,,,,,,,,,,,,,,,,,,,,,,,,,,,,,,,,,,,,,,,,,,,
1905,6,312.0,-38.0,,,,,,,,,,,,,,,,,,,,,,,,,,,,,,,,,,,,,,,,12.3,12.3,13.92,13.08,4,1.55,26,0.3,0.3,0.8,8.7,8.7,9.85,9.25,4,1.1,26,0.3,0.3,0.8,-9.85,-8.7,-8.7,-9.25,4,1.1,26,0.3,0.3,0.8,1015.24,1015.55,1016.43,1015.83,4,0.88,26,0.3,0.3,0.8,,,,,,,,,,,,,,,,,,,,,,,,,,,,,,,,,,,,,,,,,,,,,,,,,,,,,,,,,,,,,,,,,,,,,,,,,,,,,,,,,,,,,,,,,,,,,,,,,,,,,,,,,,,,,,,,,,,,,,,,,,,,,,,,,,,,,,,,,,,,,,,,,,,,,,
1905,6,312.0,-36.0,,,,,,,,,,,,,,,,,,,,,,,,,,,,,,,,,,,,,,,,7.53,9.3,11.35,9.43,3,2.8,26,0.7,0.8,0.3,5.32,6.58,8.02,6.67,3,1.98,26,0.7,0.8,0.3,-8.02,-6.58,-5.32,-6.67,3,1.98,26,0.7,0.8,0.3,1015.5,1015.7,1017.82,1016.63,3,1.88,26,0.7,0.8,0.3,,,,,,,,,,,,,,,,,,,,,,,,,,,,,,,,,,,,,,,,,,,,,,,,,,,,,,,,,,,,,,,,,,,,,,,,,,,,,,,,,,,,,,,,,,,,,,,,,,,,,,,,,,,,,,,,,,,,,,,,,,,,,,,,,,,,,,,,,,,,,,,,,,,,,,
1905,6,312.0,-34.0,,,,,,,,,,,,,,,,,,,,,,,,,,,,,,,,,,,,,,,,1.0,3.6,12.11,5.5,14,4.92,20,0.6,0.5,0.6,-2.36,-0.82,0.0,0.3,14,4.81,20,0.6,0.5,0.6,-9.14,-0.54,1.0,-2.84,14,4.99,20,0.6,0.5,0.6,1006.93,1023.65,1025.54,1019.74,14,8.98,20,0.6,0.5,0.6,,,,,,,,,,,,,,,,,,,,,,,,,,,,,,,,,,,,,,,,,,,,,,,,,,,,,,,,,,,,,,,,,,,,,,,,,,,,,,,,,,,,,,,,,,,,,,,,,,,,,,,,,,,,,,,,,,,,,,,,,,,,,,,,,,,,,,,,,,,,,,,,,,,,,,
1905,6,312.0,-32.0,,,,,,,,,,,,,,,,,,,,,,,,,,,,,,,,,,,,,,,,3.49,6.7,10.97,6.5,29,3.44,14,0.4,0.6,0.7,-6.39,-3.25,0.0,-2.92,29,3.4,14,0.4,0.6,0.7,-6.65,0.0,2.61,-0.37,29,5.92,14,0.4,0.6,0.7,1010.91,1015.7,1018.96,1015.0,10,3.65,12,0.3,0.6,0.8,,,,,,,,,,,,,,,,,,,,,,,,,,,,,,,,,,,,,,,,,,,,,,,,,,,,,,,,,,,,,,,,,,,,,,,,,,,,,,,,,,,,,,,,,,,,,,,,,,,,,,,,,,,,,,,,,,,,,,,,,,,,,,,,,,,,,,,,,,,,,,,,,,,,,,
1905,6,312.0,-30.0,,,,,,,,,,,,,,,,,,,,,,,,,,,,,,,,,,,,,,,,2.6,6.7,12.3,7.43,68,5.01,12,0.6,0.7,0.7,-2.12,0.0,8.65,2.12,68,5.49,12,0.6,0.7,0.7,-5.26,0.0,5.12,0.26,68,6.81,12,0.6,0.7,0.7,1006.63,1018.9,1020.65,1015.39,32,7.23,8,0.6,0.7,0.5,,,,,,,,,,,,,,,,,,,,,,,,,,,,,,,,,,,,,,,,,,,,,,,,,,,,,,,,,,,,,,,,,,,,,,,,,,,,,,,,,,,,,,,,,,,,,,,,,,,,,,,,,,,,,,,,,,,,,,,,,,,,,,,,,,,,,,,,,,,,,,,,,,,,,,
1905,6,312.0,-28.0,,,,,,,,,,,,,,,,,,,,,,,,,,,,,,,,,,,,,,,,1.0,2.6,6.7,3.35,16,2.38,20,0.6,0.8,0.6,-1.79,0.0,1.94,-0.11,16,2.26,20,0.6,0.8,0.6,-4.27,0.0,1.61,-0.83,16,3.43,20,0.6,0.8,0.6,1013.14,1014.1,1015.06,1014.1,2,1.98,10,0.5,0.9,0.6,,,,,,,,,,,,,,,,,,,,,,,,,,,,,,,,,,,,,,,,,,,,,,,,,,,,,,,,,,,,,,,,,,,,,,,,,,,,,,,,,,,,,,,,,,,,,,,,,,,,,,,,,,,,,,,,,,,,,,,,,,,,,,,,,,,,,,,,,,,,,,,,,,,,,,
1905,6,312.0,-26.0,,,,,,,,,,,,,,,,,,,,,,,,,,,,,,,,,,,,,,,,0.0,1.8,4.6,2.1,20,2.04,20,0.5,0.9,0.8,-1.01,0.0,2.38,0.34,20,2.49,20,0.5,0.9,0.8,-0.98,0.0,1.71,0.23,20,1.55,20,0.5,0.9,0.8,1017.63,1019.4,1024.02,1019.03,7,5.37,16,0.6,0.9,0.7,,,,,,,,,,,,,,,,,,,,,,,,,,,,,,,,,,,,,,,,,,,,,,,,,,,,,,,,,,,,,,,,,,,,,,,,,,,,,,,,,,,,,,,,,,,,,,,,,,,,,,,,,,,,,,,,,,,,,,,,,,,,,,,,,,,,,,,,,,,,,,,,,,,,,,
1905,6,312.0,-2.0,,,,,,,,,,,,,,,,,,,,,,,,,,,,,,,,,,,,,,,,5.17,6.7,8.6,6.81,9,1.67,10,0.7,0.6,1.0,-8.1,-6.7,-5.03,-6.59,9,1.63,10,0.7,0.6,1.0,0.0,0.0,2.51,1.14,9,1.42,10,0.7,0.6,1.0,1011.7,1011.7,1011.7,1011.7,1,0.0,16,1.0,0.5,1.0,,,,,,,,,,,,,,,,,,,,,,,,,,,,,,,,,,,,,,,,,,,,,,,,,,,,,,,,,,,,,,,,,,,,,,,,,,,,,,,,,,,,,,,,,,,,,,,,,,,,,,,,,,,,,,,,,,,,,,,,,,,,,,,,,,,,,,,,,,,,,,,,,,,,,,
1905,6,312.0,0.0,,,,,,,,,,,,,,,,,,,,,,,,,,,,,,,,,,,,,,,,4.5,6.7,6.85,5.96,7,2.29,14,0.3,0.6,0.4,-6.85,-6.7,-3.22,-5.71,7,2.5,14,0.3,0.6,0.4,0.0,0.0,1.87,0.72,7,1.3,14,0.3,0.6,0.4,1014.8,1014.8,1014.8,1014.8,1,0.0,16,0.0,0.8,0.3,,,,,,,,,,,,,,,,,,,,,,,,,,,,,,,,,,,,,,,,,,,,,,,,,,,,,,,,,,,,,,,,,,,,,,,,,,,,,,,,,,,,,,,,,,,,,,,,,,,,,,,,,,,,,,,,,,,,,,,,,,,,,,,,,,,,,,,,,,,,,,,,,,,,,,
1905,6,312.0,14.0,,,,,,,,,,,,,,,,,,,,,,,,,,,,,,,,,,,,,,,,4.6,4.6,4.6,4.6,1,0.0,30,0.0,0.3,0.8,-3.25,-3.25,-3.25,-3.25,1,0.0,30,0.0,0.3,0.8,-3.25,-3.25,-3.25,-3.25,1,0.0,30,0.0,0.3,0.8,1015.5,1015.5,1015.5,1015.5,1,0.0,30,0.0,0.3,0.8,,,,,,,,,,,,,,,,,,,,,,,,,,,,,,,,,,,,,,,,,,,,,,,,,,,,,,,,,,,,,,,,,,,,,,,,,,,,,,,,,,,,,,,,,,,,,,,,,,,,,,,,,,,,,,,,,,,,,,,,,,,,,,,,,,,,,,,,,,,,,,,,,,,,,,
1905,6,312.0,16.0,,,,,,,,,,,,,,,,,,,,,,,,,,,,,,,,,,,,,,,,4.6,9.3,9.3,7.59,7,2.25,18,0.4,0.5,0.5,-9.3,-8.62,-3.25,-7.1,7,2.79,18,0.4,0.5,0.5,-3.26,0.0,0.0,-1.43,7,1.78,18,0.4,0.5,0.5,1016.76,1019.6,1020.34,1018.9,6,1.93,16,0.3,0.5,0.5,,,,,,,,,,,,,,,,,,,,,,,,,,,,,,,,,,,,,,,,,,,,,,,,,,,,,,,,,,,,,,,,,,,,,,,,,,,,,,,,,,,,,,,,,,,,,,,,,,,,,,,,,,,,,,,,,,,,,,,,,,,,,,,,,,,,,,,,,,,,,,,,,,,,,,
1905,6,312.0,18.0,,,,,,,,,,,,,,,,,,,,,,,,,,,,,,,,,,,,,,,,9.3,9.3,9.3,9.3,2,0.0,20,1.0,0.8,0.3,-9.19,-8.96,-8.73,-8.96,2,0.48,20,1.0,0.8,0.3,-2.93,-1.74,-0.55,-1.74,2,2.46,20,1.0,0.8,0.3,1019.1,1020.6,1022.1,1020.6,2,3.11,20,1.0,0.8,0.3,,,,,,,,,,,,,,,,,,,,,,,,,,,,,,,,,,,,,,,,,,,,,,,,,,,,,,,,,,,,,,,,,,,,,,,,,,,,,,,,,,,,,,,,,,,,,,,,,,,,,,,,,,,,,,,,,,,,,,,,,,,,,,,,,,,,,,,,,,,,,,,,,,,,,,
1905,6,312.0,26.0,,,,,,,,,,,,,,,,,,,,,,,,,,,,,,,,,,,,,,,,4.6,4.6,4.6,4.6,2,0.0,28,1.0,0.5,0.5,-3.02,-2.53,-2.03,-2.53,2,1.03,28,1.0,0.5,0.5,3.41,3.74,4.08,3.74,2,0.69,28,1.0,0.5,0.5,1025.9,1025.9,1025.9,1025.9,1,0.0,28,1.0,0.5,0.5,,,,,,,,,,,,,,,,,,,,,,,,,,,,,,,,,,,,,,,,,,,,,,,,,,,,,,,,,,,,,,,,,,,,,,,,,,,,,,,,,,,,,,,,,,,,,,,,,,,,,,,,,,,,,,,,,,,,,,,,,,,,,,,,,,,,,,,,,,,,,,,,,,,,,,
1905,6,312.0,28.0,,,,,,,,,,,,,,,,,,,,,,,,,,,,,,,,,,,,,,,,2.6,4.6,6.7,4.52,9,2.64,18,0.4,0.8,0.2,-4.54,0.97,1.81,-0.6,9,3.98,18,0.4,0.8,0.2,1.99,2.6,4.27,3.14,9,1.62,18,0.4,0.8,0.2,1027.0,1027.0,1027.0,1027.0,1,0.0,28,1.0,1.0,0.0,,,,,,,,,,,,,,,,,,,,,,,,,,,,,,,,,,,,,,,,,,,,,,,,,,,,,,,,,,,,,,,,,,,,,,,,,,,,,,,,,,,,,,,,,,,,,,,,,,,,,,,,,,,,,,,,,,,,,,,,,,,,,,,,,,,,,,,,,,,,,,,,,,,,,,
1905,6,312.0,32.0,,,,,,,,,,,,,,,,,,,,,,,,,,,,,,,,,,,,,,,,1.0,1.0,1.0,1.0,3,0.0,16,1.0,0.6,0.3,-1.0,-1.0,-0.8,-0.9,3,0.17,16,1.0,0.6,0.3,0.0,0.0,0.48,0.24,3,0.41,16,1.0,0.6,0.3,1022.6,1022.6,1022.6,1022.6,1,0.0,18,1.0,0.8,0.3,,,,,,,,,,,,,,,,,,,,,,,,,,,,,,,,,,,,,,,,,,,,,,,,,,,,,,,,,,,,,,,,,,,,,,,,,,,,,,,,,,,,,,,,,,,,,,,,,,,,,,,,,,,,,,,,,,,,,,,,,,,,,,,,,,,,,,,,,,,,,,,,,,,,,,
1905,6,312.0,34.0,,,,,,,,,,,,,,,,,,,,,,,,,,,,,,,,,,,,,,,,4.6,4.6,4.6,4.6,2,0.0,22,0.0,0.5,0.3,0.0,0.0,0.0,0.0,2,0.0,22,0.0,0.5,0.3,-4.6,-4.6,-4.6,-4.6,2,0.0,22,0.0,0.5,0.3,1016.1,1016.3,1016.5,1016.3,2,0.42,22,0.0,0.5,0.3,,,,,,,,,,,,,,,,,,,,,,,,,,,,,,,,,,,,,,,,,,,,,,,,,,,,,,,,,,,,,,,,,,,,,,,,,,,,,,,,,,,,,,,,,,,,,,,,,,,,,,,,,,,,,,,,,,,,,,,,,,,,,,,,,,,,,,,,,,,,,,,,,,,,,,
1905,6,312.0,38.0,,,,,,,,,,,,,,,,,,,,,,,,,,,,,,,,,,,,,,,,2.6,4.6,7.98,5.57,11,2.62,14,0.4,0.5,0.7,0.0,1.84,4.66,2.23,11,2.27,14,0.4,0.5,0.7,1.08,4.23,7.66,3.6,11,4.02,14,0.4,0.5,0.7,1016.67,1018.4,1027.18,1022.01,7,6.65,18,0.6,0.5,0.7,,,,,,,,,,,,,,,,,,,,,,,,,,,,,,,,,,,,,,,,,,,,,,,,,,,,,,,,,,,,,,,,,,,,,,,,,,,,,,,,,,,,,,,,,,,,,,,,,,,,,,,,,,,,,,,,,,,,,,,,,,,,,,,,,,,,,,,,,,,,,,,,,,,,,,
1905,6,312.0,40.0,,,,,,,,,,,,,,,,,,,,,,,,,,,,,,,,,,,,,,,,2.6,4.6,9.3,5.25,116,3.15,16,0.5,0.7,0.3,0.0,2.41,4.74,2.42,116,2.65,16,0.5,0.7,0.3,-2.58,2.6,6.2,1.72,116,4.67,16,0.5,0.7,0.3,1010.99,1021.0,1028.0,1019.92,45,6.73,14,0.4,0.7,0.3,,,,,,,,,,,,,,,,,,,,,,,,,,,,,,,,,,,,,,,,,,,,,,,,,,,,,,,,,,,,,,,,,,,,,,,,,,,,,,,,,,,,,,,,,,,,,,,,,,,,,,,,,,,,,,,,,,,,,,,,,,,,,,,,,,,,,,,,,,,,,,,,,,,,,,
1905,6,312.0,42.0,,,,,,,,,,,,,,,,,,,,,,,,,,,,,,,,,,,,,,,,4.6,6.7,9.3,7.49,9,2.72,18,0.6,0.7,0.1,0.0,4.23,6.67,3.79,9,3.24,18,0.6,0.7,0.1,-2.38,3.48,8.57,3.34,9,5.59,18,0.6,0.7,0.1,1014.22,1019.0,1020.98,1017.63,3,5.09,20,0.7,0.5,0.3,,,,,,,,,,,,,,,,,,,,,,,,,,,,,,,,,,,,,,,,,,,,,,,,,,,,,,,,,,,,,,,,,,,,,,,,,,,,,,,,,,,,,,,,,,,,,,,,,,,,,,,,,,,,,,,,,,,,,,,,,,,,,,,,,,,,,,,,,,,,,,,,,,,,,,
1905,6,312.0,44.0,,,,,,,,,,,,,,,,,,,,,,,,,,,,,,,,,,,,,,,,6.7,6.7,6.7,6.7,1,0.0,30,0.0,0.8,0.3,6.7,6.7,6.7,6.7,1,0.0,30,0.0,0.8,0.3,0.0,0.0,0.0,0.0,1,0.0,30,0.0,0.8,0.3,1016.7,1016.7,1016.7,1016.7,1,0.0,30,0.0,0.8,0.3,,,,,,,,,,,,,,,,,,,,,,,,,,,,,,,,,,,,,,,,,,,,,,,,,,,,,,,,,,,,,,,,,,,,,,,,,,,,,,,,,,,,,,,,,,,,,,,,,,,,,,,,,,,,,,,,,,,,,,,,,,,,,,,,,,,,,,,,,,,,,,,,,,,,,,
1905,6,314.0,-50.0,,,,,,,,,,,,,,,,,,,,,,,,,,,,,,,,,,,,,,,,10.25,12.3,14.42,12.33,3,3.05,18,0.3,0.4,0.6,7.25,8.7,10.19,8.72,3,2.16,18,0.3,0.4,0.6,-10.19,-8.7,-7.25,-8.72,3,2.16,18,0.3,0.4,0.6,989.31,994.5,994.5,991.97,3,4.39,18,0.3,0.4,0.6,,,,,,,,,,,,,,,,,,,,,,,,,,,,,,,,,,,,,,,,,,,,,,,,,,,,,,,,,,,,,,,,,,,,,,,,,,,,,,,,,,,,,,,,,,,,,,,,,,,,,,,,,,,,,,,,,,,,,,,,,,,,,,,,,,,,,,,,,,,,,,,,,,,,,,
1905,6,314.0,-48.0,,,,,,,,,,,,,,,,,,,,,,,,,,,,,,,,,,,,,,,,9.3,13.85,22.37,15.18,14,6.23,20,0.6,0.5,0.5,6.58,12.87,18.66,11.87,14,5.69,20,0.6,0.5,0.5,-13.44,-6.58,-0.22,-6.18,14,7.86,20,0.6,0.5,0.5,993.24,1003.1,1005.26,1001.36,14,5.63,20,0.6,0.5,0.5,,,,,,,,,,,,,,,,,,,,,,,,,,,,,,,,,,,,,,,,,,,,,,,,,,,,,,,,,,,,,,,,,,,,,,,,,,,,,,,,,,,,,,,,,,,,,,,,,,,,,,,,,,,,,,,,,,,,,,,,,,,,,,,,,,,,,,,,,,,,,,,,,,,,,,
1905,6,314.0,-46.0,,,,,,,,,,,,,,,,,,,,,,,,,,,,,,,,,,,,,,,,11.46,20.8,22.6,17.2,4,8.57,18,0.5,0.8,0.5,5.24,8.13,15.18,10.12,4,7.6,18,0.5,0.8,0.5,-19.23,-10.37,2.89,-8.27,4,13.51,18,0.5,0.8,0.5,1007.6,1008.2,1016.72,1011.98,4,8.03,18,0.5,0.8,0.5,,,,,,,,,,,,,,,,,,,,,,,,,,,,,,,,,,,,,,,,,,,,,,,,,,,,,,,,,,,,,,,,,,,,,,,,,,,,,,,,,,,,,,,,,,,,,,,,,,,,,,,,,,,,,,,,,,,,,,,,,,,,,,,,,,,,,,,,,,,,,,,,,,,,,,
1905,6,314.0,-44.0,,,,,,,,,,,,,,,,,,,,,,,,,,,,,,,,,,,,,,,,5.27,6.7,6.7,6.0,3,1.21,24,0.3,0.8,0.3,0.55,1.72,2.26,1.41,3,1.28,24,0.3,0.8,0.3,-6.55,-6.21,-4.88,-5.73,3,1.29,24,0.3,0.8,0.3,1022.23,1022.3,1022.3,1022.27,3,0.06,24,0.3,0.8,0.3,,,,,,,,,,,,,,,,,,,,,,,,,,,,,,,,,,,,,,,,,,,,,,,,,,,,,,,,,,,,,,,,,,,,,,,,,,,,,,,,,,,,,,,,,,,,,,,,,,,,,,,,,,,,,,,,,,,,,,,,,,,,,,,,,,,,,,,,,,,,,,,,,,,,,,
1905,6,314.0,-38.0,,,,,,,,,,,,,,,,,,,,,,,,,,,,,,,,,,,,,,,,1.53,6.7,13.58,7.3,11,5.62,24,0.5,0.4,0.5,0.0,4.61,6.1,3.41,11,2.77,24,0.5,0.4,0.5,-12.59,-4.74,0.0,-5.64,11,5.89,24,0.5,0.4,0.5,1014.02,1014.9,1019.18,1016.45,11,3.76,24,0.5,0.4,0.5,,,,,,,,,,,,,,,,,,,,,,,,,,,,,,,,,,,,,,,,,,,,,,,,,,,,,,,,,,,,,,,,,,,,,,,,,,,,,,,,,,,,,,,,,,,,,,,,,,,,,,,,,,,,,,,,,,,,,,,,,,,,,,,,,,,,,,,,,,,,,,,,,,,,,,
1905,6,314.0,-36.0,,,,,,,,,,,,,,,,,,,,,,,,,,,,,,,,,,,,,,,,13.78,15.4,15.4,14.63,4,1.55,24,0.5,0.6,0.8,7.16,9.79,10.89,9.06,4,2.43,24,0.5,0.6,0.8,-12.67,-10.89,-9.74,-11.19,4,2.3,24,0.5,0.6,0.8,1016.09,1017.1,1019.9,1017.95,4,2.7,24,0.5,0.6,0.8,,,,,,,,,,,,,,,,,,,,,,,,,,,,,,,,,,,,,,,,,,,,,,,,,,,,,,,,,,,,,,,,,,,,,,,,,,,,,,,,,,,,,,,,,,,,,,,,,,,,,,,,,,,,,,,,,,,,,,,,,,,,,,,,,,,,,,,,,,,,,,,,,,,,,,
1905,6,314.0,-34.0,,,,,,,,,,,,,,,,,,,,,,,,,,,,,,,,,,,,,,,,1.0,2.6,9.3,3.77,31,3.8,22,0.5,0.5,0.7,-0.71,0.0,0.76,0.09,31,1.73,22,0.5,0.5,0.7,-0.94,0.0,6.7,1.11,31,4.99,22,0.5,0.5,0.7,1022.64,1024.3,1026.46,1024.35,32,3.03,22,0.5,0.5,0.7,,,,,,,,,,,,,,,,,,,,,,,,,,,,,,,,,,,,,,,,,,,,,,,,,,,,,,,,,,,,,,,,,,,,,,,,,,,,,,,,,,,,,,,,,,,,,,,,,,,,,,,,,,,,,,,,,,,,,,,,,,,,,,,,,,,,,,,,,,,,,,,,,,,,,,
1905,6,314.0,-32.0,,,,,,,,,,,,,,,,,,,,,,,,,,,,,,,,,,,,,,,,9.3,12.3,12.3,11.53,11,2.29,18,0.5,0.6,0.4,4.21,8.7,8.7,6.3,11,4.29,18,0.5,0.6,0.4,-9.6,-8.7,8.62,-2.42,11,9.11,18,0.5,0.6,0.4,1017.86,1019.5,1022.17,1019.67,11,2.02,18,0.5,0.6,0.4,,,,,,,,,,,,,,,,,,,,,,,,,,,,,,,,,,,,,,,,,,,,,,,,,,,,,,,,,,,,,,,,,,,,,,,,,,,,,,,,,,,,,,,,,,,,,,,,,,,,,,,,,,,,,,,,,,,,,,,,,,,,,,,,,,,,,,,,,,,,,,,,,,,,,,
1905,6,314.0,-30.0,,,,,,,,,,,,,,,,,,,,,,,,,,,,,,,,,,,,,,,,4.6,6.7,12.3,7.58,29,4.36,16,0.4,0.6,0.8,-4.53,0.0,6.02,0.99,29,5.08,16,0.4,0.6,0.8,-9.03,0.0,4.68,-1.39,29,7.05,16,0.4,0.6,0.8,1012.42,1017.2,1022.42,1017.48,13,4.75,18,0.5,0.6,0.8,,,,,,,,,,,,,,,,,,,,,,,,,,,,,,,,,,,,,,,,,,,,,,,,,,,,,,,,,,,,,,,,,,,,,,,,,,,,,,,,,,,,,,,,,,,,,,,,,,,,,,,,,,,,,,,,,,,,,,,,,,,,,,,,,,,,,,,,,,,,,,,,,,,,,,
1905,6,314.0,-28.0,,,,,,,,,,,,,,,,,,,,,,,,,,,,,,,,,,,,,,,,2.6,6.7,9.3,6.24,65,3.17,16,0.4,0.7,0.7,-4.74,-1.84,0.0,-2.06,65,3.35,16,0.4,0.7,0.7,-6.7,-2.62,4.23,-2.02,65,5.46,16,0.4,0.7,0.7,1012.92,1017.2,1025.7,1018.33,29,5.35,16,0.2,0.7,0.7,,,,,,,,,,,,,,,,,,,,,,,,,,,,,,,,,,,,,,,,,,,,,,,,,,,,,,,,,,,,,,,,,,,,,,,,,,,,,,,,,,,,,,,,,,,,,,,,,,,,,,,,,,,,,,,,,,,,,,,,,,,,,,,,,,,,,,,,,,,,,,,,,,,,,,
1905,6,314.0,-26.0,,,,,,,,,,,,,,,,,,,,,,,,,,,,,,,,,,,,,,,,2.6,4.6,6.7,4.34,31,2.21,16,0.4,0.7,0.8,-4.23,-0.97,3.31,-0.5,31,3.52,16,0.4,0.7,0.8,-4.24,-1.8,2.61,-0.83,31,3.31,16,0.4,0.7,0.8,1017.29,1024.2,1025.64,1021.75,13,5.66,14,0.3,0.7,0.8,,,,,,,,,,,,,,,,,,,,,,,,,,,,,,,,,,,,,,,,,,,,,,,,,,,,,,,,,,,,,,,,,,,,,,,,,,,,,,,,,,,,,,,,,,,,,,,,,,,,,,,,,,,,,,,,,,,,,,,,,,,,,,,,,,,,,,,,,,,,,,,,,,,,,,
1905,6,314.0,-24.0,,,,,,,,,,,,,,,,,,,,,,,,,,,,,,,,,,,,,,,,2.6,4.6,6.7,4.23,15,2.84,12,0.1,1.0,0.5,-2.6,0.0,4.63,1.07,15,4.06,12,0.1,1.0,0.5,-2.27,0.0,3.11,-0.07,15,3.08,12,0.1,1.0,0.5,1015.02,1021.45,1025.68,1020.4,4,6.49,10,0.0,1.0,0.5,,,,,,,,,,,,,,,,,,,,,,,,,,,,,,,,,,,,,,,,,,,,,,,,,,,,,,,,,,,,,,,,,,,,,,,,,,,,,,,,,,,,,,,,,,,,,,,,,,,,,,,,,,,,,,,,,,,,,,,,,,,,,,,,,,,,,,,,,,,,,,,,,,,,,,
1905,6,314.0,0.0,,,,,,,,,,,,,,,,,,,,,,,,,,,,,,,,,,,,,,,,4.6,4.6,6.03,5.3,3,1.21,18,0.3,0.3,0.8,-5.24,-3.25,-3.25,-4.22,3,1.68,18,0.3,0.3,0.8,2.82,3.25,3.25,3.04,3,0.37,18,0.3,0.3,0.8,1014.25,1014.35,1014.45,1014.35,2,0.21,16,0.0,0.3,0.8,,,,,,,,,,,,,,,,,,,,,,,,,,,,,,,,,,,,,,,,,,,,,,,,,,,,,,,,,,,,,,,,,,,,,,,,,,,,,,,,,,,,,,,,,,,,,,,,,,,,,,,,,,,,,,,,,,,,,,,,,,,,,,,,,,,,,,,,,,,,,,,,,,,,,,
1905,6,314.0,2.0,,,,,,,,,,,,,,,,,,,,,,,,,,,,,,,,,,,,,,,,4.6,4.6,6.13,5.07,9,0.93,14,0.6,0.6,0.4,-4.61,-4.23,-3.25,-4.07,9,0.98,14,0.6,0.6,0.4,-3.25,1.8,3.08,-0.03,9,3.18,14,0.6,0.6,0.4,1012.55,1013.3,1014.05,1013.3,2,1.56,16,1.0,0.8,0.3,,,,,,,,,,,,,,,,,,,,,,,,,,,,,,,,,,,,,,,,,,,,,,,,,,,,,,,,,,,,,,,,,,,,,,,,,,,,,,,,,,,,,,,,,,,,,,,,,,,,,,,,,,,,,,,,,,,,,,,,,,,,,,,,,,,,,,,,,,,,,,,,,,,,,,
1905,6,314.0,18.0,,,,,,,,,,,,,,,,,,,,,,,,,,,,,,,,,,,,,,,,8.33,9.3,9.3,8.52,6,1.92,16,0.3,0.4,0.5,-9.3,-8.62,-7.72,-8.12,6,1.92,16,0.3,0.4,0.5,-3.48,-2.6,0.0,-2.03,6,1.71,16,0.3,0.4,0.5,1019.87,1020.5,1021.41,1020.49,7,0.87,18,0.3,0.4,0.5,,,,,,,,,,,,,,,,,,,,,,,,,,,,,,,,,,,,,,,,,,,,,,,,,,,,,,,,,,,,,,,,,,,,,,,,,,,,,,,,,,,,,,,,,,,,,,,,,,,,,,,,,,,,,,,,,,,,,,,,,,,,,,,,,,,,,,,,,,,,,,,,,,,,,,
1905,6,314.0,20.0,,,,,,,,,,,,,,,,,,,,,,,,,,,,,,,,,,,,,,,,9.3,9.3,9.3,9.3,3,0.0,16,0.7,0.8,0.3,-8.62,-8.62,-8.62,-8.62,3,0.0,16,0.7,0.8,0.3,-3.48,-3.48,-3.48,-3.48,3,0.0,16,0.7,0.8,0.3,1020.73,1020.8,1021.0,1020.87,3,0.21,16,0.7,0.8,0.3,,,,,,,,,,,,,,,,,,,,,,,,,,,,,,,,,,,,,,,,,,,,,,,,,,,,,,,,,,,,,,,,,,,,,,,,,,,,,,,,,,,,,,,,,,,,,,,,,,,,,,,,,,,,,,,,,,,,,,,,,,,,,,,,,,,,,,,,,,,,,,,,,,,,,,
1905,6,314.0,28.0,,,,,,,,,,,,,,,,,,,,,,,,,,,,,,,,,,,,,,,,2.6,4.6,6.7,4.34,17,2.4,22,0.5,0.8,0.5,-5.42,0.0,1.84,-1.21,17,3.87,22,0.5,0.8,0.5,0.93,2.51,4.48,2.47,17,1.63,22,0.5,0.8,0.5,1026.59,1027.0,1027.07,1026.83,3,0.38,28,0.0,0.8,0.3,,,,,,,,,,,,,,,,,,,,,,,,,,,,,,,,,,,,,,,,,,,,,,,,,,,,,,,,,,,,,,,,,,,,,,,,,,,,,,,,,,,,,,,,,,,,,,,,,,,,,,,,,,,,,,,,,,,,,,,,,,,,,,,,,,,,,,,,,,,,,,,,,,,,,,
1905,6,314.0,32.0,,,,,,,,,,,,,,,,,,,,,,,,,,,,,,,,,,,,,,,,0.0,1.3,3.65,1.8,4,2.23,16,0.3,0.4,0.6,-0.53,0.0,0.0,-0.25,4,0.51,16,0.3,0.4,0.6,-1.25,0.0,2.41,0.55,4,2.93,16,0.3,0.4,0.6,1022.8,1022.8,1022.8,1022.8,1,0.0,18,1.0,0.3,0.8,,,,,,,,,,,,,,,,,,,,,,,,,,,,,,,,,,,,,,,,,,,,,,,,,,,,,,,,,,,,,,,,,,,,,,,,,,,,,,,,,,,,,,,,,,,,,,,,,,,,,,,,,,,,,,,,,,,,,,,,,,,,,,,,,,,,,,,,,,,,,,,,,,,,,,
1905,6,314.0,34.0,,,,,,,,,,,,,,,,,,,,,,,,,,,,,,,,,,,,,,,,6.7,6.7,6.7,6.7,1,0.0,20,1.0,0.3,0.8,0.0,0.0,0.0,0.0,1,0.0,20,1.0,0.3,0.8,-6.7,-6.7,-6.7,-6.7,1,0.0,20,1.0,0.3,0.8,1012.1,1012.1,1012.1,1012.1,1,0.0,20,1.0,0.3,0.8,,,,,,,,,,,,,,,,,,,,,,,,,,,,,,,,,,,,,,,,,,,,,,,,,,,,,,,,,,,,,,,,,,,,,,,,,,,,,,,,,,,,,,,,,,,,,,,,,,,,,,,,,,,,,,,,,,,,,,,,,,,,,,,,,,,,,,,,,,,,,,,,,,,,,,
1905,6,314.0,38.0,,,,,,,,,,,,,,,,,,,,,,,,,,,,,,,,,,,,,,,,0.29,5.65,9.46,5.34,8,4.43,12,0.6,0.4,0.5,0.0,2.83,4.74,2.49,8,2.28,12,0.6,0.4,0.5,-4.21,0.92,8.53,2.16,8,5.87,12,0.6,0.4,0.5,1017.16,1028.9,1034.05,1026.28,5,8.6,14,0.4,0.5,0.4,,,,,,,,,,,,,,,,,,,,,,,,,,,,,,,,,,,,,,,,,,,,,,,,,,,,,,,,,,,,,,,,,,,,,,,,,,,,,,,,,,,,,,,,,,,,,,,,,,,,,,,,,,,,,,,,,,,,,,,,,,,,,,,,,,,,,,,,,,,,,,,,,,,,,,
1905,6,314.0,40.0,,,,,,,,,,,,,,,,,,,,,,,,,,,,,,,,,,,,,,,,2.6,4.6,9.3,5.89,102,2.91,14,0.6,0.7,0.4,-4.21,2.46,4.74,1.39,102,4.59,14,0.6,0.7,0.4,-4.6,0.84,4.74,0.48,102,4.49,14,0.6,0.7,0.4,1010.41,1019.0,1026.49,1019.68,42,6.65,14,0.7,0.7,0.4,,,,,,,,,,,,,,,,,,,,,,,,,,,,,,,,,,,,,,,,,,,,,,,,,,,,,,,,,,,,,,,,,,,,,,,,,,,,,,,,,,,,,,,,,,,,,,,,,,,,,,,,,,,,,,,,,,,,,,,,,,,,,,,,,,,,,,,,,,,,,,,,,,,,,,
1905,6,314.0,42.0,,,,,,,,,,,,,,,,,,,,,,,,,,,,,,,,,,,,,,,,4.6,4.6,12.3,7.0,43,3.86,18,0.4,0.8,0.1,1.72,4.23,6.58,3.75,43,3.79,18,0.4,0.8,0.1,-2.03,2.62,8.61,3.2,43,5.08,18,0.4,0.8,0.1,1013.75,1017.5,1026.13,1018.25,12,6.5,20,0.4,0.7,0.1,,,,,,,,,,,,,,,,,,,,,,,,,,,,,,,,,,,,,,,,,,,,,,,,,,,,,,,,,,,,,,,,,,,,,,,,,,,,,,,,,,,,,,,,,,,,,,,,,,,,,,,,,,,,,,,,,,,,,,,,,,,,,,,,,,,,,,,,,,,,,,,,,,,,,,
1905,6,314.0,44.0,,,,,,,,,,,,,,,,,,,,,,,,,,,,,,,,,,,,,,,,9.3,9.3,9.3,9.3,1,0.0,30,0.0,0.8,0.3,9.3,9.3,9.3,9.3,1,0.0,30,0.0,0.8,0.3,0.0,0.0,0.0,0.0,1,0.0,30,0.0,0.8,0.3,1012.9,1012.9,1012.9,1012.9,1,0.0,30,0.0,0.8,0.3,,,,,,,,,,,,,,,,,,,,,,,,,,,,,,,,,,,,,,,,,,,,,,,,,,,,,,,,,,,,,,,,,,,,,,,,,,,,,,,,,,,,,,,,,,,,,,,,,,,,,,,,,,,,,,,,,,,,,,,,,,,,,,,,,,,,,,,,,,,,,,,,,,,,,,
1905,6,316.0,-50.0,,,,,,,,,,,,,,,,,,,,,,,,,,,,,,,,,,,,,,,,12.3,12.3,12.3,12.3,2,0.0,18,0.5,0.3,0.8,8.7,8.7,8.7,8.7,2,0.0,18,0.5,0.3,0.8,-8.7,-8.7,-8.7,-8.7,2,0.0,18,0.5,0.3,0.8,994.81,995.25,995.69,995.25,2,0.92,18,0.5,0.3,0.8,,,,,,,,,,,,,,,,,,,,,,,,,,,,,,,,,,,,,,,,,,,,,,,,,,,,,,,,,,,,,,,,,,,,,,,,,,,,,,,,,,,,,,,,,,,,,,,,,,,,,,,,,,,,,,,,,,,,,,,,,,,,,,,,,,,,,,,,,,,,,,,,,,,,,,
1905,6,316.0,-48.0,,,,,,,,,,,,,,,,,,,,,,,,,,,,,,,,,,,,,,,,12.16,12.3,12.45,12.31,7,1.76,18,0.4,0.5,0.7,8.6,8.7,10.91,9.08,7,1.59,18,0.4,0.5,0.7,-8.8,-8.7,-6.49,-8.15,7,1.93,18,0.4,0.5,0.7,1001.29,1002.9,1005.34,1003.14,7,2.56,18,0.4,0.5,0.7,,,,,,,,,,,,,,,,,,,,,,,,,,,,,,,,,,,,,,,,,,,,,,,,,,,,,,,,,,,,,,,,,,,,,,,,,,,,,,,,,,,,,,,,,,,,,,,,,,,,,,,,,,,,,,,,,,,,,,,,,,,,,,,,,,,,,,,,,,,,,,,,,,,,,,
1905,6,316.0,-46.0,,,,,,,,,,,,,,,,,,,,,,,,,,,,,,,,,,,,,,,,12.3,15.4,19.0,15.04,10,4.48,18,0.4,0.8,0.7,4.77,8.13,13.43,8.69,10,5.2,18,0.4,0.8,0.7,-16.07,-11.11,3.3,-7.88,10,9.56,18,0.4,0.8,0.7,994.47,1002.2,1008.77,1001.87,10,6.85,18,0.4,0.8,0.7,,,,,,,,,,,,,,,,,,,,,,,,,,,,,,,,,,,,,,,,,,,,,,,,,,,,,,,,,,,,,,,,,,,,,,,,,,,,,,,,,,,,,,,,,,,,,,,,,,,,,,,,,,,,,,,,,,,,,,,,,,,,,,,,,,,,,,,,,,,,,,,,,,,,,,
1905,6,316.0,-44.0,,,,,,,,,,,,,,,,,,,,,,,,,,,,,,,,,,,,,,,,3.14,6.7,12.3,8.56,9,5.67,20,0.7,0.7,0.5,0.0,1.84,4.24,1.36,9,4.27,20,0.7,0.7,0.5,-12.06,-2.62,2.87,-4.87,9,8.21,20,0.7,0.7,0.5,991.27,1022.3,1022.69,1013.09,8,17.84,22,0.6,0.6,0.5,,,,,,,,,,,,,,,,,,,,,,,,,,,,,,,,,,,,,,,,,,,,,,,,,,,,,,,,,,,,,,,,,,,,,,,,,,,,,,,,,,,,,,,,,,,,,,,,,,,,,,,,,,,,,,,,,,,,,,,,,,,,,,,,,,,,,,,,,,,,,,,,,,,,,,
1905,6,316.0,-42.0,,,,,,,,,,,,,,,,,,,,,,,,,,,,,,,,,,,,,,,,1.51,2.6,5.4,3.43,3,2.94,26,0.7,0.8,0.3,0.29,0.92,0.96,0.63,3,0.55,26,0.7,0.8,0.3,-5.34,-2.41,-1.03,-3.17,3,3.22,26,0.7,0.8,0.3,1022.46,1022.8,1023.21,1022.83,3,0.55,26,0.7,0.8,0.3,,,,,,,,,,,,,,,,,,,,,,,,,,,,,,,,,,,,,,,,,,,,,,,,,,,,,,,,,,,,,,,,,,,,,,,,,,,,,,,,,,,,,,,,,,,,,,,,,,,,,,,,,,,,,,,,,,,,,,,,,,,,,,,,,,,,,,,,,,,,,,,,,,,,,,
1905,6,316.0,-36.0,,,,,,,,,,,,,,,,,,,,,,,,,,,,,,,,,,,,,,,,0.43,2.6,6.7,3.4,10,2.97,22,0.5,0.6,0.5,0.0,0.92,4.74,1.98,10,2.47,22,0.5,0.6,0.5,0.0,2.17,4.74,2.25,10,2.37,22,0.5,0.6,0.5,1024.74,1026.55,1027.9,1026.33,10,1.7,22,0.5,0.6,0.5,,,,,,,,,,,,,,,,,,,,,,,,,,,,,,,,,,,,,,,,,,,,,,,,,,,,,,,,,,,,,,,,,,,,,,,,,,,,,,,,,,,,,,,,,,,,,,,,,,,,,,,,,,,,,,,,,,,,,,,,,,,,,,,,,,,,,,,,,,,,,,,,,,,,,,
1905,6,316.0,-34.0,,,,,,,,,,,,,,,,,,,,,,,,,,,,,,,,,,,,,,,,1.0,2.6,6.7,3.77,25,3.11,22,0.4,0.6,0.5,-0.71,0.0,0.77,0.15,25,1.75,22,0.4,0.6,0.5,0.0,2.39,6.7,3.14,25,3.34,22,0.4,0.6,0.5,1023.44,1025.1,1026.28,1024.95,25,1.32,22,0.4,0.6,0.5,,,,,,,,,,,,,,,,,,,,,,,,,,,,,,,,,,,,,,,,,,,,,,,,,,,,,,,,,,,,,,,,,,,,,,,,,,,,,,,,,,,,,,,,,,,,,,,,,,,,,,,,,,,,,,,,,,,,,,,,,,,,,,,,,,,,,,,,,,,,,,,,,,,,,,
1905,6,316.0,-32.0,,,,,,,,,,,,,,,,,,,,,,,,,,,,,,,,,,,,,,,,7.53,9.3,11.35,9.43,3,2.8,20,1.0,0.6,0.8,-3.31,-2.62,5.11,0.82,3,6.85,20,1.0,0.6,0.8,-8.65,-8.56,-6.93,-7.81,3,1.42,20,1.0,0.6,0.8,1024.72,1025.4,1025.47,1025.1,3,0.61,20,1.0,0.6,0.8,,,,,,,,,,,,,,,,,,,,,,,,,,,,,,,,,,,,,,,,,,,,,,,,,,,,,,,,,,,,,,,,,,,,,,,,,,,,,,,,,,,,,,,,,,,,,,,,,,,,,,,,,,,,,,,,,,,,,,,,,,,,,,,,,,,,,,,,,,,,,,,,,,,,,,
1905,6,316.0,-30.0,,,,,,,,,,,,,,,,,,,,,,,,,,,,,,,,,,,,,,,,1.0,4.6,11.49,5.3,9,4.84,14,0.4,0.4,0.8,-3.25,-0.71,0.0,-1.74,9,2.27,14,0.4,0.4,0.8,-10.76,-3.25,0.92,-3.79,9,5.5,14,0.4,0.4,0.8,1022.86,1024.2,1024.37,1023.81,9,0.77,14,0.4,0.4,0.8,,,,,,,,,,,,,,,,,,,,,,,,,,,,,,,,,,,,,,,,,,,,,,,,,,,,,,,,,,,,,,,,,,,,,,,,,,,,,,,,,,,,,,,,,,,,,,,,,,,,,,,,,,,,,,,,,,,,,,,,,,,,,,,,,,,,,,,,,,,,,,,,,,,,,,
1905,6,316.0,-28.0,,,,,,,,,,,,,,,,,,,,,,,,,,,,,,,,,,,,,,,,1.0,4.6,9.3,5.67,35,3.86,14,0.6,0.6,0.7,-3.25,0.0,4.15,0.2,35,3.92,14,0.6,0.6,0.7,-9.03,-1.02,2.69,-2.34,35,5.19,14,0.6,0.6,0.7,1018.59,1020.45,1026.47,1021.3,24,3.83,16,0.6,0.7,0.7,,,,,,,,,,,,,,,,,,,,,,,,,,,,,,,,,,,,,,,,,,,,,,,,,,,,,,,,,,,,,,,,,,,,,,,,,,,,,,,,,,,,,,,,,,,,,,,,,,,,,,,,,,,,,,,,,,,,,,,,,,,,,,,,,,,,,,,,,,,,,,,,,,,,,,
1905,6,316.0,-26.0,,,,,,,,,,,,,,,,,,,,,,,,,,,,,,,,,,,,,,,,2.6,5.65,9.3,5.95,72,3.85,16,0.6,0.7,0.7,-4.7,0.0,4.74,0.09,72,4.71,16,0.6,0.7,0.7,-6.58,0.0,4.7,-0.38,72,5.33,16,0.6,0.7,0.7,1013.04,1018.6,1022.77,1018.15,21,4.38,14,0.7,0.7,0.7,,,,,,,,,,,,,,,,,,,,,,,,,,,,,,,,,,,,,,,,,,,,,,,,,,,,,,,,,,,,,,,,,,,,,,,,,,,,,,,,,,,,,,,,,,,,,,,,,,,,,,,,,,,,,,,,,,,,,,,,,,,,,,,,,,,,,,,,,,,,,,,,,,,,,,
1905,6,316.0,-24.0,,,,,,,,,,,,,,,,,,,,,,,,,,,,,,,,,,,,,,,,1.0,4.6,9.3,5.06,49,3.99,14,0.5,0.8,0.6,-4.39,-1.0,3.77,-0.76,49,4.73,14,0.5,0.8,0.6,-3.25,0.0,3.63,-0.05,49,4.37,14,0.5,0.8,0.6,1018.35,1023.4,1024.94,1022.52,17,3.44,18,0.4,0.8,0.6,,,,,,,,,,,,,,,,,,,,,,,,,,,,,,,,,,,,,,,,,,,,,,,,,,,,,,,,,,,,,,,,,,,,,,,,,,,,,,,,,,,,,,,,,,,,,,,,,,,,,,,,,,,,,,,,,,,,,,,,,,,,,,,,,,,,,,,,,,,,,,,,,,,,,,
1905,6,316.0,2.0,,,,,,,,,,,,,,,,,,,,,,,,,,,,,,,,,,,,,,,,4.6,4.6,4.6,4.6,2,0.0,20,0.5,0.3,0.8,-4.08,-3.74,-3.41,-3.74,2,0.69,20,0.5,0.3,0.8,2.03,2.53,3.02,2.53,2,1.03,20,0.5,0.3,0.8,1012.8,1012.8,1012.8,1012.8,1,0.0,16,1.0,0.3,0.8,,,,,,,,,,,,,,,,,,,,,,,,,,,,,,,,,,,,,,,,,,,,,,,,,,,,,,,,,,,,,,,,,,,,,,,,,,,,,,,,,,,,,,,,,,,,,,,,,,,,,,,,,,,,,,,,,,,,,,,,,,,,,,,,,,,,,,,,,,,,,,,,,,,,,,
1905,6,316.0,4.0,,,,,,,,,,,,,,,,,,,,,,,,,,,,,,,,,,,,,,,,2.6,4.6,4.6,3.91,8,1.76,14,0.8,0.6,0.4,-4.27,-3.25,-1.9,-3.27,8,1.69,14,0.8,0.6,0.4,-2.42,-1.22,1.75,-0.48,8,2.28,14,0.8,0.6,0.4,1015.8,1015.8,1015.8,1015.8,1,0.0,16,0.0,0.8,0.3,,,,,,,,,,,,,,,,,,,,,,,,,,,,,,,,,,,,,,,,,,,,,,,,,,,,,,,,,,,,,,,,,,,,,,,,,,,,,,,,,,,,,,,,,,,,,,,,,,,,,,,,,,,,,,,,,,,,,,,,,,,,,,,,,,,,,,,,,,,,,,,,,,,,,,
1905,6,316.0,20.0,,,,,,,,,,,,,,,,,,,,,,,,,,,,,,,,,,,,,,,,6.7,6.7,9.3,7.74,5,1.42,20,0.6,0.4,0.6,-7.32,-6.21,-6.17,-6.75,5,1.06,20,0.6,0.4,0.6,-4.61,-2.51,2.62,-1.47,5,4.02,20,0.6,0.4,0.6,1020.82,1021.1,1021.32,1021.08,5,0.43,20,0.6,0.4,0.6,,,,,,,,,,,,,,,,,,,,,,,,,,,,,,,,,,,,,,,,,,,,,,,,,,,,,,,,,,,,,,,,,,,,,,,,,,,,,,,,,,,,,,,,,,,,,,,,,,,,,,,,,,,,,,,,,,,,,,,,,,,,,,,,,,,,,,,,,,,,,,,,,,,,,,
1905,6,316.0,22.0,,,,,,,,,,,,,,,,,,,,,,,,,,,,,,,,,,,,,,,,7.11,8.0,8.89,8.0,2,1.84,12,0.5,0.8,0.3,-6.28,-5.66,-5.03,-5.66,2,1.3,12,0.5,0.8,0.3,-6.28,-5.66,-5.03,-5.66,2,1.3,12,0.5,0.8,0.3,1020.9,1021.1,1021.24,1021.07,3,0.25,18,0.3,0.8,0.3,,,,,,,,,,,,,,,,,,,,,,,,,,,,,,,,,,,,,,,,,,,,,,,,,,,,,,,,,,,,,,,,,,,,,,,,,,,,,,,,,,,,,,,,,,,,,,,,,,,,,,,,,,,,,,,,,,,,,,,,,,,,,,,,,,,,,,,,,,,,,,,,,,,,,,
1905,6,316.0,28.0,,,,,,,,,,,,,,,,,,,,,,,,,,,,,,,,,,,,,,,,4.6,9.3,12.3,8.44,7,3.26,14,0.4,0.8,0.3,-11.37,-8.56,-3.81,-6.75,7,5.73,14,0.4,0.8,0.3,-3.69,-1.8,0.0,-1.84,7,1.95,14,0.4,0.8,0.3,1026.6,1026.6,1026.6,1026.6,1,0.0,28,1.0,0.5,0.5,,,,,,,,,,,,,,,,,,,,,,,,,,,,,,,,,,,,,,,,,,,,,,,,,,,,,,,,,,,,,,,,,,,,,,,,,,,,,,,,,,,,,,,,,,,,,,,,,,,,,,,,,,,,,,,,,,,,,,,,,,,,,,,,,,,,,,,,,,,,,,,,,,,,,,
1905,6,316.0,30.0,,,,,,,,,,,,,,,,,,,,,,,,,,,,,,,,,,,,,,,,2.6,4.6,9.3,5.99,8,3.78,12,0.4,0.8,0.4,-8.56,-0.28,4.29,-2.24,8,6.43,12,0.4,0.8,0.4,-3.63,-0.51,1.63,-1.18,8,2.57,12,0.4,0.8,0.4,1025.42,1026.1,1026.71,1026.07,3,0.95,18,0.7,0.7,0.3,,,,,,,,,,,,,,,,,,,,,,,,,,,,,,,,,,,,,,,,,,,,,,,,,,,,,,,,,,,,,,,,,,,,,,,,,,,,,,,,,,,,,,,,,,,,,,,,,,,,,,,,,,,,,,,,,,,,,,,,,,,,,,,,,,,,,,,,,,,,,,,,,,,,,,
1905,6,316.0,34.0,,,,,,,,,,,,,,,,,,,,,,,,,,,,,,,,,,,,,,,,2.6,3.6,5.7,4.13,4,1.96,18,0.8,0.8,0.3,-1.02,1.12,4.03,1.49,4,2.96,18,0.8,0.8,0.3,-2.39,0.43,4.03,0.8,4,3.74,18,0.8,0.8,0.3,1018.71,1018.95,1019.19,1018.95,2,0.49,20,0.5,0.8,0.3,,,,,,,,,,,,,,,,,,,,,,,,,,,,,,,,,,,,,,,,,,,,,,,,,,,,,,,,,,,,,,,,,,,,,,,,,,,,,,,,,,,,,,,,,,,,,,,,,,,,,,,,,,,,,,,,,,,,,,,,,,,,,,,,,,,,,,,,,,,,,,,,,,,,,,
1905,6,316.0,36.0,,,,,,,,,,,,,,,,,,,,,,,,,,,,,,,,,,,,,,,,3.74,6.2,8.66,6.2,2,5.09,8,0.5,0.6,0.6,3.63,5.84,8.06,5.84,2,4.59,8,0.5,0.6,0.6,0.58,1.84,3.09,1.84,2,2.6,8,0.5,0.6,0.6,1007.58,1013.2,1020.71,1014.1,4,7.72,14,0.5,0.6,0.4,,,,,,,,,,,,,,,,,,,,,,,,,,,,,,,,,,,,,,,,,,,,,,,,,,,,,,,,,,,,,,,,,,,,,,,,,,,,,,,,,,,,,,,,,,,,,,,,,,,,,,,,,,,,,,,,,,,,,,,,,,,,,,,,,,,,,,,,,,,,,,,,,,,,,,
1905,6,316.0,38.0,,,,,,,,,,,,,,,,,,,,,,,,,,,,,,,,,,,,,,,,1.76,4.65,6.7,4.25,4,2.9,10,0.5,0.6,0.5,-0.49,1.81,3.73,1.63,4,2.77,10,0.5,0.6,0.5,-3.36,-0.92,3.23,-0.1,4,4.61,10,0.5,0.6,0.5,1022.46,1031.2,1033.79,1028.2,3,8.7,12,0.3,0.8,0.4,,,,,,,,,,,,,,,,,,,,,,,,,,,,,,,,,,,,,,,,,,,,,,,,,,,,,,,,,,,,,,,,,,,,,,,,,,,,,,,,,,,,,,,,,,,,,,,,,,,,,,,,,,,,,,,,,,,,,,,,,,,,,,,,,,,,,,,,,,,,,,,,,,,,,,
1905,6,316.0,40.0,,,,,,,,,,,,,,,,,,,,,,,,,,,,,,,,,,,,,,,,2.6,4.6,9.3,5.73,38,3.35,14,0.5,0.6,0.5,-3.63,1.84,4.92,1.06,38,4.91,14,0.5,0.6,0.5,-4.62,-1.84,3.25,-0.72,38,4.38,14,0.5,0.6,0.5,1016.33,1020.9,1025.29,1019.98,19,6.18,16,0.4,0.7,0.5,,,,,,,,,,,,,,,,,,,,,,,,,,,,,,,,,,,,,,,,,,,,,,,,,,,,,,,,,,,,,,,,,,,,,,,,,,,,,,,,,,,,,,,,,,,,,,,,,,,,,,,,,,,,,,,,,,,,,,,,,,,,,,,,,,,,,,,,,,,,,,,,,,,,,,
1905,6,316.0,42.0,,,,,,,,,,,,,,,,,,,,,,,,,,,,,,,,,,,,,,,,2.6,6.7,9.3,6.96,98,3.52,16,0.5,0.7,0.1,-1.51,4.27,6.65,3.2,98,4.93,16,0.5,0.7,0.1,-2.6,2.51,6.58,1.96,98,4.77,16,0.5,0.7,0.1,1010.89,1022.55,1028.64,1020.56,36,8.76,14,0.5,0.7,0.2,,,,,,,,,,,,,,,,,,,,,,,,,,,,,,,,,,,,,,,,,,,,,,,,,,,,,,,,,,,,,,,,,,,,,,,,,,,,,,,,,,,,,,,,,,,,,,,,,,,,,,,,,,,,,,,,,,,,,,,,,,,,,,,,,,,,,,,,,,,,,,,,,,,,,,
1905,6,316.0,44.0,,,,,,,,,,,,,,,,,,,,,,,,,,,,,,,,,,,,,,,,1.4,5.65,9.01,6.04,8,4.86,18,0.5,0.9,0.1,0.0,2.12,4.69,2.32,8,2.5,18,0.5,0.9,0.1,-0.63,4.5,8.96,4.53,8,5.42,18,0.5,0.9,0.1,1011.28,1011.45,1011.62,1011.45,2,0.35,30,0.5,0.5,0.3,,,,,,,,,,,,,,,,,,,,,,,,,,,,,,,,,,,,,,,,,,,,,,,,,,,,,,,,,,,,,,,,,,,,,,,,,,,,,,,,,,,,,,,,,,,,,,,,,,,,,,,,,,,,,,,,,,,,,,,,,,,,,,,,,,,,,,,,,,,,,,,,,,,,,,
1905,6,318.0,-48.0,,,,,,,,,,,,,,,,,,,,,,,,,,,,,,,,,,,,,,,,10.25,12.3,12.3,11.3,3,1.73,18,0.0,0.3,0.4,7.25,8.7,8.7,7.99,3,1.22,18,0.0,0.3,0.4,-8.7,-8.7,-7.25,-7.99,3,1.22,18,0.0,0.3,0.4,999.0,999.0,1003.16,1001.03,3,3.52,18,0.0,0.3,0.4,,,,,,,,,,,,,,,,,,,,,,,,,,,,,,,,,,,,,,,,,,,,,,,,,,,,,,,,,,,,,,,,,,,,,,,,,,,,,,,,,,,,,,,,,,,,,,,,,,,,,,,,,,,,,,,,,,,,,,,,,,,,,,,,,,,,,,,,,,,,,,,,,,,,,,
1905,6,318.0,-46.0,,,,,,,,,,,,,,,,,,,,,,,,,,,,,,,,,,,,,,,,8.64,10.8,19.92,12.98,12,6.01,20,0.5,0.5,0.7,1.28,6.3,11.25,6.04,12,4.44,20,0.5,0.5,0.7,-16.32,-7.57,-4.62,-10.08,12,7.04,20,0.5,0.5,0.7,993.7,1002.1,1007.93,1000.86,12,8.12,20,0.5,0.5,0.7,,,,,,,,,,,,,,,,,,,,,,,,,,,,,,,,,,,,,,,,,,,,,,,,,,,,,,,,,,,,,,,,,,,,,,,,,,,,,,,,,,,,,,,,,,,,,,,,,,,,,,,,,,,,,,,,,,,,,,,,,,,,,,,,,,,,,,,,,,,,,,,,,,,,,,
1905,6,318.0,-44.0,,,,,,,,,,,,,,,,,,,,,,,,,,,,,,,,,,,,,,,,2.6,6.7,9.76,7.73,7,5.71,18,0.3,0.6,0.6,-0.09,6.21,9.5,5.06,7,5.42,18,0.3,0.6,0.6,-6.9,-2.6,0.12,-3.74,7,5.17,18,0.3,0.6,0.6,1008.06,1012.7,1013.98,1011.37,7,8.43,18,0.3,0.6,0.6,,,,,,,,,,,,,,,,,,,,,,,,,,,,,,,,,,,,,,,,,,,,,,,,,,,,,,,,,,,,,,,,,,,,,,,,,,,,,,,,,,,,,,,,,,,,,,,,,,,,,,,,,,,,,,,,,,,,,,,,,,,,,,,,,,,,,,,,,,,,,,,,,,,,,,
1905,6,318.0,-42.0,,,,,,,,,,,,,,,,,,,,,,,,,,,,,,,,,,,,,,,,4.6,6.7,8.6,7.26,9,3.41,20,0.7,0.6,0.5,-1.91,4.27,5.78,1.78,9,5.59,20,0.7,0.6,0.5,-4.89,1.72,5.18,0.35,9,5.99,20,0.7,0.6,0.5,1019.49,1021.8,1022.4,1020.92,9,2.4,20,0.7,0.6,0.5,,,,,,,,,,,,,,,,,,,,,,,,,,,,,,,,,,,,,,,,,,,,,,,,,,,,,,,,,,,,,,,,,,,,,,,,,,,,,,,,,,,,,,,,,,,,,,,,,,,,,,,,,,,,,,,,,,,,,,,,,,,,,,,,,,,,,,,,,,,,,,,,,,,,,,
1905,6,318.0,-40.0,,,,,,,,,,,,,,,,,,,,,,,,,,,,,,,,,,,,,,,,4.6,9.3,22.6,12.77,7,8.31,2,0.6,0.8,0.3,-15.98,-3.25,4.83,-4.72,7,10.24,2,0.6,0.8,0.3,-15.98,-3.25,4.83,-5.09,7,9.91,2,0.6,0.8,0.3,1001.76,1005.1,1008.51,1005.13,3,4.95,2,0.3,0.8,0.3,,,,,,,,,,,,,,,,,,,,,,,,,,,,,,,,,,,,,,,,,,,,,,,,,,,,,,,,,,,,,,,,,,,,,,,,,,,,,,,,,,,,,,,,,,,,,,,,,,,,,,,,,,,,,,,,,,,,,,,,,,,,,,,,,,,,,,,,,,,,,,,,,,,,,,
1905,6,318.0,-34.0,,,,,,,,,,,,,,,,,,,,,,,,,,,,,,,,,,,,,,,,2.19,9.3,16.32,9.63,12,6.62,20,0.5,0.3,0.7,-2.2,4.22,15.02,5.61,12,8.29,20,0.5,0.3,0.7,-1.53,2.55,9.15,2.67,12,5.84,20,0.5,0.3,0.7,1019.39,1022.85,1023.73,1021.83,12,2.68,20,0.5,0.3,0.7,,,,,,,,,,,,,,,,,,,,,,,,,,,,,,,,,,,,,,,,,,,,,,,,,,,,,,,,,,,,,,,,,,,,,,,,,,,,,,,,,,,,,,,,,,,,,,,,,,,,,,,,,,,,,,,,,,,,,,,,,,,,,,,,,,,,,,,,,,,,,,,,,,,,,,
1905,6,318.0,-32.0,,,,,,,,,,,,,,,,,,,,,,,,,,,,,,,,,,,,,,,,15.4,17.2,19.0,17.2,4,2.08,20,0.8,0.8,0.3,-13.44,-12.16,2.24,-5.9,4,13.43,20,0.8,0.8,0.3,-13.44,-12.16,-8.34,-10.94,4,3.5,20,0.8,0.8,0.3,1019.24,1019.85,1021.35,1020.28,4,1.44,20,0.8,0.8,0.3,,,,,,,,,,,,,,,,,,,,,,,,,,,,,,,,,,,,,,,,,,,,,,,,,,,,,,,,,,,,,,,,,,,,,,,,,,,,,,,,,,,,,,,,,,,,,,,,,,,,,,,,,,,,,,,,,,,,,,,,,,,,,,,,,,,,,,,,,,,,,,,,,,,,,,
1905,6,318.0,-30.0,,,,,,,,,,,,,,,,,,,,,,,,,,,,,,,,,,,,,,,,6.7,6.7,6.7,6.7,6,0.0,18,0.5,0.5,0.6,-4.74,-4.74,-4.74,-4.74,6,0.0,18,0.5,0.5,0.6,-4.74,-4.74,-4.74,-4.74,6,0.0,18,0.5,0.5,0.6,1024.38,1026.6,1027.81,1026.45,6,1.92,18,0.5,0.5,0.6,,,,,,,,,,,,,,,,,,,,,,,,,,,,,,,,,,,,,,,,,,,,,,,,,,,,,,,,,,,,,,,,,,,,,,,,,,,,,,,,,,,,,,,,,,,,,,,,,,,,,,,,,,,,,,,,,,,,,,,,,,,,,,,,,,,,,,,,,,,,,,,,,,,,,,
1905,6,318.0,-28.0,,,,,,,,,,,,,,,,,,,,,,,,,,,,,,,,,,,,,,,,4.6,6.7,9.3,6.7,24,2.98,14,0.5,0.5,0.7,-4.38,0.0,6.21,0.53,24,4.61,14,0.5,0.5,0.7,-9.3,-0.86,1.8,-3.12,24,4.9,14,0.5,0.5,0.7,1017.7,1024.65,1026.83,1022.54,22,4.56,16,0.5,0.5,0.7,,,,,,,,,,,,,,,,,,,,,,,,,,,,,,,,,,,,,,,,,,,,,,,,,,,,,,,,,,,,,,,,,,,,,,,,,,,,,,,,,,,,,,,,,,,,,,,,,,,,,,,,,,,,,,,,,,,,,,,,,,,,,,,,,,,,,,,,,,,,,,,,,,,,,,
1905,6,318.0,-26.0,,,,,,,,,,,,,,,,,,,,,,,,,,,,,,,,,,,,,,,,2.6,4.6,6.7,5.04,23,2.2,16,0.4,0.5,0.6,-3.94,0.0,2.61,-0.06,23,3.09,16,0.4,0.5,0.6,-6.64,-3.25,1.84,-2.2,23,4.11,16,0.4,0.5,0.6,1019.07,1021.45,1023.5,1021.56,18,2.4,18,0.4,0.5,0.5,,,,,,,,,,,,,,,,,,,,,,,,,,,,,,,,,,,,,,,,,,,,,,,,,,,,,,,,,,,,,,,,,,,,,,,,,,,,,,,,,,,,,,,,,,,,,,,,,,,,,,,,,,,,,,,,,,,,,,,,,,,,,,,,,,,,,,,,,,,,,,,,,,,,,,
1905,6,318.0,-24.0,,,,,,,,,,,,,,,,,,,,,,,,,,,,,,,,,,,,,,,,1.0,4.6,6.7,4.57,111,3.26,14,0.5,0.6,0.8,-4.43,0.0,2.61,-0.4,111,3.74,14,0.5,0.6,0.8,-4.6,0.0,4.27,-0.45,111,4.17,14,0.5,0.6,0.8,1017.75,1022.8,1025.3,1021.79,42,4.02,16,0.5,0.7,0.8,,,,,,,,,,,,,,,,,,,,,,,,,,,,,,,,,,,,,,,,,,,,,,,,,,,,,,,,,,,,,,,,,,,,,,,,,,,,,,,,,,,,,,,,,,,,,,,,,,,,,,,,,,,,,,,,,,,,,,,,,,,,,,,,,,,,,,,,,,,,,,,,,,,,,,
1905,6,318.0,-22.0,,,,,,,,,,,,,,,,,,,,,,,,,,,,,,,,,,,,,,,,1.0,4.6,6.7,4.72,57,3.01,12,0.5,1.0,0.6,-4.28,0.0,3.25,-0.29,57,3.53,12,0.5,1.0,0.6,-4.9,0.39,4.3,0.07,57,4.39,12,0.5,1.0,0.6,1020.09,1022.7,1026.79,1022.63,15,3.66,16,0.4,1.0,0.5,,,,,,,,,,,,,,,,,,,,,,,,,,,,,,,,,,,,,,,,,,,,,,,,,,,,,,,,,,,,,,,,,,,,,,,,,,,,,,,,,,,,,,,,,,,,,,,,,,,,,,,,,,,,,,,,,,,,,,,,,,,,,,,,,,,,,,,,,,,,,,,,,,,,,,
1905,6,318.0,6.0,,,,,,,,,,,,,,,,,,,,,,,,,,,,,,,,,,,,,,,,1.0,4.6,4.6,3.18,9,1.76,16,0.3,0.5,0.5,-4.27,-3.25,-0.77,-2.57,9,1.74,16,0.3,0.5,0.5,-1.53,-0.37,2.87,0.31,9,1.98,16,0.3,0.5,0.5,1014.71,1015.8,1015.94,1015.33,3,0.99,14,0.7,0.4,0.4,,,,,,,,,,,,,,,,,,,,,,,,,,,,,,,,,,,,,,,,,,,,,,,,,,,,,,,,,,,,,,,,,,,,,,,,,,,,,,,,,,,,,,,,,,,,,,,,,,,,,,,,,,,,,,,,,,,,,,,,,,,,,,,,,,,,,,,,,,,,,,,,,,,,,,
1905,6,318.0,22.0,,,,,,,,,,,,,,,,,,,,,,,,,,,,,,,,,,,,,,,,2.6,5.65,6.7,4.98,6,2.02,20,0.5,0.3,0.5,-6.31,-4.49,-2.28,-4.35,6,1.96,20,0.5,0.3,0.5,-2.97,0.51,1.81,-0.43,6,2.66,20,0.5,0.3,0.5,1020.41,1021.05,1021.97,1021.08,6,1.12,20,0.5,0.3,0.5,,,,,,,,,,,,,,,,,,,,,,,,,,,,,,,,,,,,,,,,,,,,,,,,,,,,,,,,,,,,,,,,,,,,,,,,,,,,,,,,,,,,,,,,,,,,,,,,,,,,,,,,,,,,,,,,,,,,,,,,,,,,,,,,,,,,,,,,,,,,,,,,,,,,,,
1905,6,318.0,24.0,,,,,,,,,,,,,,,,,,,,,,,,,,,,,,,,,,,,,,,,4.55,6.7,6.7,5.68,4,2.05,16,0.3,0.8,0.2,-6.21,-6.21,-1.99,-4.2,4,4.03,16,0.3,0.8,0.2,-2.51,-2.51,-0.23,-1.42,4,2.17,16,0.3,0.8,0.2,1021.8,1022.95,1023.1,1022.48,4,1.12,16,0.3,0.8,0.2,,,,,,,,,,,,,,,,,,,,,,,,,,,,,,,,,,,,,,,,,,,,,,,,,,,,,,,,,,,,,,,,,,,,,,,,,,,,,,,,,,,,,,,,,,,,,,,,,,,,,,,,,,,,,,,,,,,,,,,,,,,,,,,,,,,,,,,,,,,,,,,,,,,,,,
1905,6,318.0,30.0,,,,,,,,,,,,,,,,,,,,,,,,,,,,,,,,,,,,,,,,1.0,4.6,6.47,3.65,8,2.64,14,0.5,0.6,0.5,-2.33,0.0,0.93,-0.11,8,2.73,14,0.5,0.6,0.5,0.04,2.49,4.72,2.61,8,2.64,14,0.5,0.6,0.5,1023.8,1023.8,1023.8,1023.8,1,0.0,28,0.0,0.3,0.3,,,,,,,,,,,,,,,,,,,,,,,,,,,,,,,,,,,,,,,,,,,,,,,,,,,,,,,,,,,,,,,,,,,,,,,,,,,,,,,,,,,,,,,,,,,,,,,,,,,,,,,,,,,,,,,,,,,,,,,,,,,,,,,,,,,,,,,,,,,,,,,,,,,,,,
1905,6,318.0,34.0,,,,,,,,,,,,,,,,,,,,,,,,,,,,,,,,,,,,,,,,2.6,7.45,12.3,7.45,4,5.6,18,0.3,0.6,0.6,0.0,5.7,11.4,5.7,4,6.58,18,0.3,0.6,0.6,-2.6,1.0,4.61,1.0,4,4.16,18,0.3,0.6,0.6,1015.13,1015.85,1016.57,1015.85,2,1.48,20,0.5,0.5,0.8,,,,,,,,,,,,,,,,,,,,,,,,,,,,,,,,,,,,,,,,,,,,,,,,,,,,,,,,,,,,,,,,,,,,,,,,,,,,,,,,,,,,,,,,,,,,,,,,,,,,,,,,,,,,,,,,,,,,,,,,,,,,,,,,,,,,,,,,,,,,,,,,,,,,,,
1905,6,318.0,36.0,,,,,,,,,,,,,,,,,,,,,,,,,,,,,,,,,,,,,,,,2.6,2.6,2.6,2.6,1,0.0,6,0.0,0.5,0.0,-1.84,-1.84,-1.84,-1.84,1,0.0,6,0.0,0.5,0.0,1.84,1.84,1.84,1.84,1,0.0,6,0.0,0.5,0.0,1012.05,1012.6,1012.6,1012.33,3,0.46,20,0.3,0.6,0.4,,,,,,,,,,,,,,,,,,,,,,,,,,,,,,,,,,,,,,,,,,,,,,,,,,,,,,,,,,,,,,,,,,,,,,,,,,,,,,,,,,,,,,,,,,,,,,,,,,,,,,,,,,,,,,,,,,,,,,,,,,,,,,,,,,,,,,,,,,,,,,,,,,,,,,
1905,6,318.0,38.0,,,,,,,,,,,,,,,,,,,,,,,,,,,,,,,,,,,,,,,,1.18,4.6,6.47,3.98,8,2.26,12,0.5,0.5,0.5,-1.49,1.81,3.18,1.26,8,2.09,12,0.5,0.5,0.5,-3.25,-0.92,5.48,-0.03,8,4.12,12,0.5,0.5,0.5,1019.32,1031.8,1035.02,1028.68,6,7.53,12,0.7,0.5,0.4,,,,,,,,,,,,,,,,,,,,,,,,,,,,,,,,,,,,,,,,,,,,,,,,,,,,,,,,,,,,,,,,,,,,,,,,,,,,,,,,,,,,,,,,,,,,,,,,,,,,,,,,,,,,,,,,,,,,,,,,,,,,,,,,,,,,,,,,,,,,,,,,,,,,,,
1905,6,318.0,40.0,,,,,,,,,,,,,,,,,,,,,,,,,,,,,,,,,,,,,,,,5.85,8.0,12.94,8.83,6,4.55,10,0.3,0.6,0.5,-6.71,0.92,7.25,0.76,6,7.5,10,0.3,0.6,0.5,-1.72,2.56,3.72,-0.06,6,7.58,10,0.3,0.6,0.5,1017.84,1020.55,1028.21,1022.27,6,5.01,10,0.3,0.6,0.5,,,,,,,,,,,,,,,,,,,,,,,,,,,,,,,,,,,,,,,,,,,,,,,,,,,,,,,,,,,,,,,,,,,,,,,,,,,,,,,,,,,,,,,,,,,,,,,,,,,,,,,,,,,,,,,,,,,,,,,,,,,,,,,,,,,,,,,,,,,,,,,,,,,,,,
1905,6,318.0,42.0,,,,,,,,,,,,,,,,,,,,,,,,,,,,,,,,,,,,,,,,2.6,6.7,9.3,6.02,120,3.05,14,0.6,0.7,0.3,-0.41,2.94,6.58,2.98,120,4.19,14,0.6,0.7,0.3,-3.57,0.0,4.74,-0.05,120,4.4,14,0.6,0.7,0.3,1011.33,1019.5,1028.0,1018.99,50,8.68,14,0.4,0.6,0.4,,,,,,,,,,,,,,,,,,,,,,,,,,,,,,,,,,,,,,,,,,,,,,,,,,,,,,,,,,,,,,,,,,,,,,,,,,,,,,,,,,,,,,,,,,,,,,,,,,,,,,,,,,,,,,,,,,,,,,,,,,,,,,,,,,,,,,,,,,,,,,,,,,,,,,
1905,6,318.0,44.0,,,,,,,,,,,,,,,,,,,,,,,,,,,,,,,,,,,,,,,,2.6,6.7,9.3,6.75,19,3.92,16,0.6,0.8,0.2,-0.87,3.25,8.57,3.22,19,4.64,16,0.6,0.8,0.2,-3.48,3.25,4.95,2.06,19,5.14,16,0.6,0.8,0.2,1006.33,1016.2,1021.77,1014.15,4,11.05,20,0.8,0.9,0.3,,,,,,,,,,,,,,,,,,,,,,,,,,,,,,,,,,,,,,,,,,,,,,,,,,,,,,,,,,,,,,,,,,,,,,,,,,,,,,,,,,,,,,,,,,,,,,,,,,,,,,,,,,,,,,,,,,,,,,,,,,,,,,,,,,,,,,,,,,,,,,,,,,,,,,
1905,6,320.0,-48.0,,,,,,,,,,,,,,,,,,,,,,,,,,,,,,,,,,,,,,,,7.59,9.5,11.41,9.5,2,3.96,18,1.0,0.3,0.8,5.94,8.52,11.1,8.52,2,5.35,18,1.0,0.3,0.8,-3.99,-2.37,-0.75,-2.37,2,3.35,18,1.0,0.3,0.8,998.97,999.75,1000.54,999.75,2,1.63,18,1.0,0.3,0.8,,,,,,,,,,,,,,,,,,,,,,,,,,,,,,,,,,,,,,,,,,,,,,,,,,,,,,,,,,,,,,,,,,,,,,,,,,,,,,,,,,,,,,,,,,,,,,,,,,,,,,,,,,,,,,,,,,,,,,,,,,,,,,,,,,,,,,,,,,,,,,,,,,,,,,
1905,6,320.0,-46.0,,,,,,,,,,,,,,,,,,,,,,,,,,,,,,,,,,,,,,,,9.63,12.3,15.4,13.16,8,3.3,22,0.1,0.5,0.6,6.58,11.11,13.2,10.02,8,3.74,22,0.1,0.5,0.6,-11.35,-6.58,4.27,-4.91,8,7.26,22,0.1,0.5,0.6,994.29,999.7,1005.09,999.38,8,6.51,22,0.1,0.5,0.6,,,,,,,,,,,,,,,,,,,,,,,,,,,,,,,,,,,,,,,,,,,,,,,,,,,,,,,,,,,,,,,,,,,,,,,,,,,,,,,,,,,,,,,,,,,,,,,,,,,,,,,,,,,,,,,,,,,,,,,,,,,,,,,,,,,,,,,,,,,,,,,,,,,,,,
1905,6,320.0,-44.0,,,,,,,,,,,,,,,,,,,,,,,,,,,,,,,,,,,,,,,,4.6,17.2,22.6,14.37,10,8.31,24,0.3,0.6,0.7,-1.03,11.11,14.89,8.24,10,8.36,24,0.3,0.6,0.7,-14.89,-4.23,6.9,-4.57,10,11.4,24,0.3,0.6,0.7,996.76,999.35,1008.66,1001.97,10,6.04,24,0.3,0.6,0.7,,,,,,,,,,,,,,,,,,,,,,,,,,,,,,,,,,,,,,,,,,,,,,,,,,,,,,,,,,,,,,,,,,,,,,,,,,,,,,,,,,,,,,,,,,,,,,,,,,,,,,,,,,,,,,,,,,,,,,,,,,,,,,,,,,,,,,,,,,,,,,,,,,,,,,
1905,6,320.0,-42.0,,,,,,,,,,,,,,,,,,,,,,,,,,,,,,,,,,,,,,,,2.6,6.7,15.74,8.89,13,6.12,16,0.4,0.5,0.6,-6.45,-2.62,11.13,0.12,13,7.99,16,0.4,0.5,0.6,-1.9,2.51,11.13,3.57,13,6.74,16,0.4,0.5,0.6,1018.67,1020.8,1022.71,1020.16,13,3.36,16,0.4,0.5,0.6,,,,,,,,,,,,,,,,,,,,,,,,,,,,,,,,,,,,,,,,,,,,,,,,,,,,,,,,,,,,,,,,,,,,,,,,,,,,,,,,,,,,,,,,,,,,,,,,,,,,,,,,,,,,,,,,,,,,,,,,,,,,,,,,,,,,,,,,,,,,,,,,,,,,,,
1905,6,320.0,-40.0,,,,,,,,,,,,,,,,,,,,,,,,,,,,,,,,,,,,,,,,4.6,9.3,9.3,7.73,6,2.43,10,0.5,0.6,0.6,1.72,6.58,8.76,5.75,6,3.31,10,0.5,0.6,0.6,-4.27,1.74,6.58,1.35,6,4.98,10,0.5,0.6,0.6,1004.04,1007.1,1022.71,1011.17,6,9.56,10,0.5,0.6,0.6,,,,,,,,,,,,,,,,,,,,,,,,,,,,,,,,,,,,,,,,,,,,,,,,,,,,,,,,,,,,,,,,,,,,,,,,,,,,,,,,,,,,,,,,,,,,,,,,,,,,,,,,,,,,,,,,,,,,,,,,,,,,,,,,,,,,,,,,,,,,,,,,,,,,,,
1905,6,320.0,-38.0,,,,,,,,,,,,,,,,,,,,,,,,,,,,,,,,,,,,,,,,9.3,9.3,9.3,9.3,1,0.0,4,1.0,0.8,0.3,8.62,8.62,8.62,8.62,1,0.0,4,1.0,0.8,0.3,3.48,3.48,3.48,3.48,1,0.0,4,1.0,0.8,0.3,1010.3,1010.3,1010.3,1010.3,1,0.0,4,1.0,0.8,0.3,,,,,,,,,,,,,,,,,,,,,,,,,,,,,,,,,,,,,,,,,,,,,,,,,,,,,,,,,,,,,,,,,,,,,,,,,,,,,,,,,,,,,,,,,,,,,,,,,,,,,,,,,,,,,,,,,,,,,,,,,,,,,,,,,,,,,,,,,,,,,,,,,,,,,,
1905,6,320.0,-32.0,,,,,,,,,,,,,,,,,,,,,,,,,,,,,,,,,,,,,,,,2.6,4.6,15.4,7.29,10,5.8,18,0.5,0.5,0.6,-10.89,-1.27,0.99,-3.28,10,5.42,18,0.5,0.5,0.6,-10.89,-4.6,-1.84,-5.67,10,3.95,18,0.5,0.5,0.6,1023.6,1027.0,1028.66,1026.36,10,2.41,18,0.5,0.5,0.6,,,,,,,,,,,,,,,,,,,,,,,,,,,,,,,,,,,,,,,,,,,,,,,,,,,,,,,,,,,,,,,,,,,,,,,,,,,,,,,,,,,,,,,,,,,,,,,,,,,,,,,,,,,,,,,,,,,,,,,,,,,,,,,,,,,,,,,,,,,,,,,,,,,,,,
1905,6,320.0,-30.0,,,,,,,,,,,,,,,,,,,,,,,,,,,,,,,,,,,,,,,,4.6,5.65,9.92,7.02,6,3.19,18,0.5,0.6,0.5,-7.01,-4.0,-3.25,-4.96,6,2.25,18,0.5,0.6,0.5,-7.01,-4.0,-3.25,-4.96,6,2.25,18,0.5,0.6,0.5,1026.6,1026.8,1026.92,1026.83,6,0.29,18,0.5,0.6,0.5,,,,,,,,,,,,,,,,,,,,,,,,,,,,,,,,,,,,,,,,,,,,,,,,,,,,,,,,,,,,,,,,,,,,,,,,,,,,,,,,,,,,,,,,,,,,,,,,,,,,,,,,,,,,,,,,,,,,,,,,,,,,,,,,,,,,,,,,,,,,,,,,,,,,,,
1905,6,320.0,-28.0,,,,,,,,,,,,,,,,,,,,,,,,,,,,,,,,,,,,,,,,2.6,4.6,6.7,4.8,23,2.95,18,0.5,0.6,0.7,-3.62,1.02,4.67,0.54,23,3.56,18,0.5,0.6,0.7,-3.59,0.0,4.49,-0.15,23,4.44,18,0.5,0.6,0.7,1023.43,1025.7,1026.77,1024.82,22,3.03,18,0.4,0.6,0.7,,,,,,,,,,,,,,,,,,,,,,,,,,,,,,,,,,,,,,,,,,,,,,,,,,,,,,,,,,,,,,,,,,,,,,,,,,,,,,,,,,,,,,,,,,,,,,,,,,,,,,,,,,,,,,,,,,,,,,,,,,,,,,,,,,,,,,,,,,,,,,,,,,,,,,
1905,6,320.0,-26.0,,,,,,,,,,,,,,,,,,,,,,,,,,,,,,,,,,,,,,,,4.6,6.7,12.3,7.6,23,3.45,12,0.5,0.5,0.5,-3.63,0.0,4.53,0.03,23,5.02,12,0.5,0.5,0.5,-8.56,-3.25,4.42,-2.09,23,6.51,12,0.5,0.5,0.5,1016.38,1018.5,1020.65,1018.53,14,1.8,16,0.5,0.5,0.6,,,,,,,,,,,,,,,,,,,,,,,,,,,,,,,,,,,,,,,,,,,,,,,,,,,,,,,,,,,,,,,,,,,,,,,,,,,,,,,,,,,,,,,,,,,,,,,,,,,,,,,,,,,,,,,,,,,,,,,,,,,,,,,,,,,,,,,,,,,,,,,,,,,,,,
1905,6,320.0,-24.0,,,,,,,,,,,,,,,,,,,,,,,,,,,,,,,,,,,,,,,,4.6,4.6,7.07,6.24,19,3.61,16,0.5,0.7,0.5,-4.92,-3.25,1.73,-2.14,19,2.96,16,0.5,0.7,0.5,-6.23,-4.23,-3.25,-4.67,19,4.18,16,0.5,0.7,0.5,1018.65,1020.6,1021.95,1020.41,17,1.94,18,0.5,0.7,0.6,,,,,,,,,,,,,,,,,,,,,,,,,,,,,,,,,,,,,,,,,,,,,,,,,,,,,,,,,,,,,,,,,,,,,,,,,,,,,,,,,,,,,,,,,,,,,,,,,,,,,,,,,,,,,,,,,,,,,,,,,,,,,,,,,,,,,,,,,,,,,,,,,,,,,,
1905,6,320.0,-22.0,,,,,,,,,,,,,,,,,,,,,,,,,,,,,,,,,,,,,,,,1.0,4.6,6.7,4.66,89,2.97,16,0.5,0.6,0.8,-3.48,0.0,1.84,-1.02,89,2.96,16,0.5,0.6,0.8,-4.24,1.0,4.74,0.8,89,4.51,16,0.5,0.6,0.8,1018.76,1021.95,1023.49,1021.4,46,2.41,18,0.5,0.6,0.8,,,,,,,,,,,,,,,,,,,,,,,,,,,,,,,,,,,,,,,,,,,,,,,,,,,,,,,,,,,,,,,,,,,,,,,,,,,,,,,,,,,,,,,,,,,,,,,,,,,,,,,,,,,,,,,,,,,,,,,,,,,,,,,,,,,,,,,,,,,,,,,,,,,,,,
1905,6,320.0,-20.0,,,,,,,,,,,,,,,,,,,,,,,,,,,,,,,,,,,,,,,,2.6,4.6,6.7,4.7,135,2.81,14,0.4,0.8,0.7,-4.27,-1.8,0.0,-1.85,135,2.21,14,0.4,0.8,0.7,-1.78,1.84,6.2,2.25,135,4.09,14,0.4,0.8,0.7,1018.0,1021.5,1022.91,1020.94,51,2.73,16,0.5,0.8,0.6,,,,,,,,,,,,,,,,,,,,,,,,,,,,,,,,,,,,,,,,,,,,,,,,,,,,,,,,,,,,,,,,,,,,,,,,,,,,,,,,,,,,,,,,,,,,,,,,,,,,,,,,,,,,,,,,,,,,,,,,,,,,,,,,,,,,,,,,,,,,,,,,,,,,,,
1905,6,320.0,-18.0,,,,,,,,,,,,,,,,,,,,,,,,,,,,,,,,,,,,,,,,4.37,4.6,6.7,5.1,57,1.86,14,0.5,1.0,0.6,-6.17,-3.25,-1.02,-3.6,57,2.2,14,0.5,1.0,0.6,0.0,2.39,4.6,1.75,57,2.98,14,0.5,1.0,0.6,1019.12,1021.2,1022.47,1020.75,15,1.53,18,0.5,1.0,0.5,,,,,,,,,,,,,,,,,,,,,,,,,,,,,,,,,,,,,,,,,,,,,,,,,,,,,,,,,,,,,,,,,,,,,,,,,,,,,,,,,,,,,,,,,,,,,,,,,,,,,,,,,,,,,,,,,,,,,,,,,,,,,,,,,,,,,,,,,,,,,,,,,,,,,,
1905,6,320.0,-16.0,,,,,,,,,,,,,,,,,,,,,,,,,,,,,,,,,,,,,,,,4.6,6.7,9.3,6.47,25,1.83,14,0.4,1.0,0.7,-6.7,-4.74,-3.13,-4.81,25,2.19,14,0.4,1.0,0.7,0.0,3.25,5.01,2.88,25,3.07,14,0.4,1.0,0.7,1019.03,1019.8,1020.24,1019.58,6,0.87,18,0.7,1.0,0.8,,,,,,,,,,,,,,,,,,,,,,,,,,,,,,,,,,,,,,,,,,,,,,,,,,,,,,,,,,,,,,,,,,,,,,,,,,,,,,,,,,,,,,,,,,,,,,,,,,,,,,,,,,,,,,,,,,,,,,,,,,,,,,,,,,,,,,,,,,,,,,,,,,,,,,
1905,6,320.0,-14.0,,,,,,,,,,,,,,,,,,,,,,,,,,,,,,,,,,,,,,,,4.6,6.7,6.7,6.07,21,1.67,12,0.3,1.0,0.6,-6.58,-4.74,-3.25,-4.92,21,1.6,12,0.3,1.0,0.6,0.3,3.25,4.74,3.0,21,2.01,12,0.3,1.0,0.6,1019.03,1019.85,1020.51,1019.78,4,0.9,20,0.3,1.0,0.6,,,,,,,,,,,,,,,,,,,,,,,,,,,,,,,,,,,,,,,,,,,,,,,,,,,,,,,,,,,,,,,,,,,,,,,,,,,,,,,,,,,,,,,,,,,,,,,,,,,,,,,,,,,,,,,,,,,,,,,,,,,,,,,,,,,,,,,,,,,,,,,,,,,,,,
1905,6,320.0,10.0,,,,,,,,,,,,,,,,,,,,,,,,,,,,,,,,,,,,,,,,6.25,9.8,9.8,8.07,3,3.0,10,0.3,0.8,0.3,-8.4,-6.93,-5.11,-6.76,3,2.42,10,0.3,0.8,0.3,-5.9,-3.67,-2.34,-4.11,3,2.63,10,0.3,0.8,0.3,1013.0,1013.0,1013.0,1013.0,1,0.0,14,1.0,0.8,0.3,,,,,,,,,,,,,,,,,,,,,,,,,,,,,,,,,,,,,,,,,,,,,,,,,,,,,,,,,,,,,,,,,,,,,,,,,,,,,,,,,,,,,,,,,,,,,,,,,,,,,,,,,,,,,,,,,,,,,,,,,,,,,,,,,,,,,,,,,,,,,,,,,,,,,,
1905,6,320.0,24.0,,,,,,,,,,,,,,,,,,,,,,,,,,,,,,,,,,,,,,,,1.94,2.6,5.47,3.33,11,2.12,20,0.5,0.6,0.6,-5.05,-2.6,0.0,-2.46,11,2.6,20,0.5,0.6,0.6,-1.04,0.39,1.84,0.48,11,1.74,20,0.5,0.6,0.6,1019.07,1019.5,1025.04,1021.5,5,3.26,20,0.6,0.4,0.6,,,,,,,,,,,,,,,,,,,,,,,,,,,,,,,,,,,,,,,,,,,,,,,,,,,,,,,,,,,,,,,,,,,,,,,,,,,,,,,,,,,,,,,,,,,,,,,,,,,,,,,,,,,,,,,,,,,,,,,,,,,,,,,,,,,,,,,,,,,,,,,,,,,,,,
1905,6,320.0,26.0,,,,,,,,,,,,,,,,,,,,,,,,,,,,,,,,,,,,,,,,1.0,2.6,4.7,3.3,7,2.1,20,0.3,0.8,0.4,-4.7,0.71,1.17,-0.62,7,3.74,20,0.3,0.8,0.4,-0.76,0.0,2.4,0.36,7,1.6,20,0.3,0.8,0.4,1020.69,1025.6,1026.28,1023.53,3,4.47,18,0.3,0.8,0.3,,,,,,,,,,,,,,,,,,,,,,,,,,,,,,,,,,,,,,,,,,,,,,,,,,,,,,,,,,,,,,,,,,,,,,,,,,,,,,,,,,,,,,,,,,,,,,,,,,,,,,,,,,,,,,,,,,,,,,,,,,,,,,,,,,,,,,,,,,,,,,,,,,,,,,
1905,6,320.0,30.0,,,,,,,,,,,,,,,,,,,,,,,,,,,,,,,,,,,,,,,,1.0,2.6,6.13,3.09,9,2.43,24,0.7,0.6,0.5,0.25,2.6,6.13,2.71,9,2.75,24,0.7,0.6,0.5,-0.29,0.0,0.0,0.14,9,0.88,24,0.7,0.6,0.5,1022.74,1023.25,1023.76,1023.25,2,1.06,26,0.5,0.3,0.8,,,,,,,,,,,,,,,,,,,,,,,,,,,,,,,,,,,,,,,,,,,,,,,,,,,,,,,,,,,,,,,,,,,,,,,,,,,,,,,,,,,,,,,,,,,,,,,,,,,,,,,,,,,,,,,,,,,,,,,,,,,,,,,,,,,,,,,,,,,,,,,,,,,,,,
1905,6,320.0,32.0,,,,,,,,,,,,,,,,,,,,,,,,,,,,,,,,,,,,,,,,1.51,2.6,5.4,3.43,3,2.94,24,0.3,0.8,0.2,1.31,2.6,5.4,3.34,3,3.06,24,0.3,0.8,0.2,-0.48,0.0,0.0,-0.24,3,0.41,24,0.3,0.8,0.2,1020.6,1020.6,1020.6,1020.6,1,0.0,26,1.0,0.8,0.3,,,,,,,,,,,,,,,,,,,,,,,,,,,,,,,,,,,,,,,,,,,,,,,,,,,,,,,,,,,,,,,,,,,,,,,,,,,,,,,,,,,,,,,,,,,,,,,,,,,,,,,,,,,,,,,,,,,,,,,,,,,,,,,,,,,,,,,,,,,,,,,,,,,,,,
1905,6,320.0,34.0,,,,,,,,,,,,,,,,,,,,,,,,,,,,,,,,,,,,,,,,5.6,8.0,10.87,8.23,4,3.33,20,0.5,0.7,0.2,3.96,5.66,9.11,6.49,4,3.55,20,0.5,0.7,0.2,3.9,4.67,5.7,4.79,4,1.36,20,0.5,0.7,0.2,1012.0,1012.0,1012.0,1012.0,1,0.0,22,0.0,0.3,0.8,,,,,,,,,,,,,,,,,,,,,,,,,,,,,,,,,,,,,,,,,,,,,,,,,,,,,,,,,,,,,,,,,,,,,,,,,,,,,,,,,,,,,,,,,,,,,,,,,,,,,,,,,,,,,,,,,,,,,,,,,,,,,,,,,,,,,,,,,,,,,,,,,,,,,,
1905,6,320.0,36.0,,,,,,,,,,,,,,,,,,,,,,,,,,,,,,,,,,,,,,,,2.6,2.6,10.71,5.98,5,4.71,18,0.6,0.6,0.5,1.52,2.39,9.93,5.06,5,4.91,18,0.6,0.6,0.5,-1.59,-1.02,4.01,0.73,5,3.2,18,0.6,0.6,0.5,1010.39,1012.1,1013.81,1012.1,2,3.54,20,0.5,0.8,0.5,,,,,,,,,,,,,,,,,,,,,,,,,,,,,,,,,,,,,,,,,,,,,,,,,,,,,,,,,,,,,,,,,,,,,,,,,,,,,,,,,,,,,,,,,,,,,,,,,,,,,,,,,,,,,,,,,,,,,,,,,,,,,,,,,,,,,,,,,,,,,,,,,,,,,,
1905,6,320.0,38.0,,,,,,,,,,,,,,,,,,,,,,,,,,,,,,,,,,,,,,,,3.65,4.6,4.6,3.83,6,1.88,10,0.5,0.5,0.4,-0.37,0.9,2.1,0.84,6,1.79,10,0.5,0.5,0.4,-3.46,2.12,4.31,0.93,6,4.01,10,0.5,0.5,0.4,1026.39,1033.25,1034.08,1030.38,4,6.75,10,0.5,0.6,0.4,,,,,,,,,,,,,,,,,,,,,,,,,,,,,,,,,,,,,,,,,,,,,,,,,,,,,,,,,,,,,,,,,,,,,,,,,,,,,,,,,,,,,,,,,,,,,,,,,,,,,,,,,,,,,,,,,,,,,,,,,,,,,,,,,,,,,,,,,,,,,,,,,,,,,,
1905,6,320.0,40.0,,,,,,,,,,,,,,,,,,,,,,,,,,,,,,,,,,,,,,,,0.0,2.6,6.7,2.94,37,2.82,8,0.6,0.6,0.2,-0.92,0.0,2.51,0.38,37,2.99,8,0.6,0.6,0.2,-1.21,0.0,3.48,0.32,37,2.77,8,0.6,0.6,0.2,1025.92,1027.6,1030.62,1027.56,15,2.77,4,0.5,0.6,0.3,,,,,,,,,,,,,,,,,,,,,,,,,,,,,,,,,,,,,,,,,,,,,,,,,,,,,,,,,,,,,,,,,,,,,,,,,,,,,,,,,,,,,,,,,,,,,,,,,,,,,,,,,,,,,,,,,,,,,,,,,,,,,,,,,,,,,,,,,,,,,,,,,,,,,,
1905,6,320.0,42.0,,,,,,,,,,,,,,,,,,,,,,,,,,,,,,,,,,,,,,,,2.6,6.7,9.3,6.21,90,3.01,14,0.7,0.7,0.5,0.0,3.37,8.36,3.5,90,4.19,14,0.7,0.7,0.5,-4.74,-0.35,3.63,-0.73,90,4.19,14,0.7,0.7,0.5,1012.66,1017.0,1026.57,1018.18,37,8.69,16,0.8,0.6,0.5,,,,,,,,,,,,,,,,,,,,,,,,,,,,,,,,,,,,,,,,,,,,,,,,,,,,,,,,,,,,,,,,,,,,,,,,,,,,,,,,,,,,,,,,,,,,,,,,,,,,,,,,,,,,,,,,,,,,,,,,,,,,,,,,,,,,,,,,,,,,,,,,,,,,,,
1905,6,320.0,44.0,,,,,,,,,,,,,,,,,,,,,,,,,,,,,,,,,,,,,,,,2.6,6.7,9.3,7.13,58,3.98,16,0.6,0.7,0.2,0.0,4.27,8.62,4.59,58,4.27,16,0.6,0.7,0.2,-3.48,0.0,6.1,0.88,58,5.2,16,0.6,0.7,0.2,1012.0,1018.0,1023.51,1016.82,21,7.78,16,0.7,0.7,0.2,,,,,,,,,,,,,,,,,,,,,,,,,,,,,,,,,,,,,,,,,,,,,,,,,,,,,,,,,,,,,,,,,,,,,,,,,,,,,,,,,,,,,,,,,,,,,,,,,,,,,,,,,,,,,,,,,,,,,,,,,,,,,,,,,,,,,,,,,,,,,,,,,,,,,,
1905,6,322.0,-46.0,,,,,,,,,,,,,,,,,,,,,,,,,,,,,,,,,,,,,,,,13.28,15.4,20.31,16.77,3,5.28,18,0.0,0.3,0.8,8.54,8.7,10.19,9.35,3,1.34,18,0.0,0.3,0.8,-17.76,-10.89,-9.39,-13.51,3,6.54,18,0.0,0.3,0.8,999.75,1003.3,1006.64,1003.2,3,5.05,18,0.0,0.3,0.8,,,,,,,,,,,,,,,,,,,,,,,,,,,,,,,,,,,,,,,,,,,,,,,,,,,,,,,,,,,,,,,,,,,,,,,,,,,,,,,,,,,,,,,,,,,,,,,,,,,,,,,,,,,,,,,,,,,,,,,,,,,,,,,,,,,,,,,,,,,,,,,,,,,,,,
1905,6,322.0,-44.0,,,,,,,,,,,,,,,,,,,,,,,,,,,,,,,,,,,,,,,,9.3,10.8,15.06,13.0,8,6.0,22,0.6,0.7,0.5,8.56,9.33,12.2,9.64,8,3.21,22,0.6,0.7,0.5,-8.33,-4.12,-3.5,-6.86,8,7.67,22,0.6,0.7,0.5,997.72,1001.5,1008.12,1002.44,9,5.45,22,0.6,0.7,0.4,,,,,,,,,,,,,,,,,,,,,,,,,,,,,,,,,,,,,,,,,,,,,,,,,,,,,,,,,,,,,,,,,,,,,,,,,,,,,,,,,,,,,,,,,,,,,,,,,,,,,,,,,,,,,,,,,,,,,,,,,,,,,,,,,,,,,,,,,,,,,,,,,,,,,,
1905,6,322.0,-42.0,,,,,,,,,,,,,,,,,,,,,,,,,,,,,,,,,,,,,,,,9.3,12.35,19.0,13.55,6,4.84,24,0.2,0.5,0.7,8.2,12.35,19.0,12.98,6,5.51,24,0.2,0.5,0.7,0.0,0.0,4.12,1.68,6,2.78,24,0.2,0.5,0.7,1005.04,1013.8,1020.46,1012.77,6,8.46,24,0.2,0.5,0.7,,,,,,,,,,,,,,,,,,,,,,,,,,,,,,,,,,,,,,,,,,,,,,,,,,,,,,,,,,,,,,,,,,,,,,,,,,,,,,,,,,,,,,,,,,,,,,,,,,,,,,,,,,,,,,,,,,,,,,,,,,,,,,,,,,,,,,,,,,,,,,,,,,,,,,
1905,6,322.0,-40.0,,,,,,,,,,,,,,,,,,,,,,,,,,,,,,,,,,,,,,,,6.7,8.0,11.97,8.88,8,3.53,22,0.5,0.6,0.5,-8.4,-2.15,2.51,-3.03,8,6.02,22,0.5,0.6,0.5,-6.21,-2.13,6.23,0.17,8,7.46,22,0.5,0.6,0.5,1015.33,1022.55,1023.47,1020.23,8,5.13,22,0.5,0.6,0.5,,,,,,,,,,,,,,,,,,,,,,,,,,,,,,,,,,,,,,,,,,,,,,,,,,,,,,,,,,,,,,,,,,,,,,,,,,,,,,,,,,,,,,,,,,,,,,,,,,,,,,,,,,,,,,,,,,,,,,,,,,,,,,,,,,,,,,,,,,,,,,,,,,,,,,
1905,6,322.0,-38.0,,,,,,,,,,,,,,,,,,,,,,,,,,,,,,,,,,,,,,,,6.7,9.3,11.97,9.08,8,2.33,10,0.4,0.7,0.6,-3.53,6.64,9.22,4.42,8,7.16,10,0.4,0.7,0.6,-4.72,-1.31,3.1,-1.33,8,4.89,10,0.4,0.7,0.6,1005.27,1010.4,1013.58,1009.81,8,3.81,10,0.4,0.7,0.6,,,,,,,,,,,,,,,,,,,,,,,,,,,,,,,,,,,,,,,,,,,,,,,,,,,,,,,,,,,,,,,,,,,,,,,,,,,,,,,,,,,,,,,,,,,,,,,,,,,,,,,,,,,,,,,,,,,,,,,,,,,,,,,,,,,,,,,,,,,,,,,,,,,,,,
1905,6,322.0,-30.0,,,,,,,,,,,,,,,,,,,,,,,,,,,,,,,,,,,,,,,,0.0,1.8,4.6,2.47,18,2.17,18,0.5,0.3,0.4,-0.98,0.93,4.27,0.8,18,2.66,18,0.5,0.3,0.4,0.0,0.67,2.19,1.12,18,1.46,18,0.5,0.3,0.4,1025.01,1027.85,1029.15,1027.49,18,1.87,18,0.5,0.3,0.4,,,,,,,,,,,,,,,,,,,,,,,,,,,,,,,,,,,,,,,,,,,,,,,,,,,,,,,,,,,,,,,,,,,,,,,,,,,,,,,,,,,,,,,,,,,,,,,,,,,,,,,,,,,,,,,,,,,,,,,,,,,,,,,,,,,,,,,,,,,,,,,,,,,,,,
1905,6,322.0,-28.0,,,,,,,,,,,,,,,,,,,,,,,,,,,,,,,,,,,,,,,,2.6,2.6,6.7,4.64,20,3.53,16,0.5,0.3,0.4,-1.81,2.6,6.67,2.35,20,4.35,16,0.5,0.3,0.4,0.0,0.0,4.71,1.27,20,2.95,16,0.5,0.3,0.4,1021.42,1023.65,1025.54,1023.51,24,2.48,16,0.5,0.3,0.5,,,,,,,,,,,,,,,,,,,,,,,,,,,,,,,,,,,,,,,,,,,,,,,,,,,,,,,,,,,,,,,,,,,,,,,,,,,,,,,,,,,,,,,,,,,,,,,,,,,,,,,,,,,,,,,,,,,,,,,,,,,,,,,,,,,,,,,,,,,,,,,,,,,,,,
1905,6,322.0,-26.0,,,,,,,,,,,,,,,,,,,,,,,,,,,,,,,,,,,,,,,,2.6,9.3,12.3,7.98,20,4.14,18,0.6,0.7,0.7,-8.66,1.84,4.59,-0.65,20,5.83,18,0.6,0.7,0.7,-9.29,-5.66,-1.84,-5.57,20,4.12,18,0.6,0.7,0.7,1017.27,1020.8,1023.77,1020.6,22,2.7,18,0.5,0.7,0.6,,,,,,,,,,,,,,,,,,,,,,,,,,,,,,,,,,,,,,,,,,,,,,,,,,,,,,,,,,,,,,,,,,,,,,,,,,,,,,,,,,,,,,,,,,,,,,,,,,,,,,,,,,,,,,,,,,,,,,,,,,,,,,,,,,,,,,,,,,,,,,,,,,,,,,
1905,6,322.0,-24.0,,,,,,,,,,,,,,,,,,,,,,,,,,,,,,,,,,,,,,,,6.7,6.7,9.3,7.29,22,2.07,16,0.5,0.6,0.6,-9.05,-4.74,-2.62,-5.21,22,2.71,16,0.5,0.6,0.6,-6.17,-3.43,0.0,-3.37,22,3.49,16,0.5,0.6,0.6,1019.01,1020.8,1022.39,1020.61,20,2.06,16,0.5,0.6,0.6,,,,,,,,,,,,,,,,,,,,,,,,,,,,,,,,,,,,,,,,,,,,,,,,,,,,,,,,,,,,,,,,,,,,,,,,,,,,,,,,,,,,,,,,,,,,,,,,,,,,,,,,,,,,,,,,,,,,,,,,,,,,,,,,,,,,,,,,,,,,,,,,,,,,,,
1905,6,322.0,-22.0,,,,,,,,,,,,,,,,,,,,,,,,,,,,,,,,,,,,,,,,2.6,4.6,6.7,4.75,32,2.09,14,0.6,0.5,0.6,-4.85,-3.76,-2.41,-3.77,32,1.6,14,0.6,0.5,0.6,-1.73,0.0,3.25,0.33,32,3.21,14,0.6,0.5,0.6,1017.9,1019.2,1022.97,1020.08,28,2.56,16,0.6,0.6,0.6,,,,,,,,,,,,,,,,,,,,,,,,,,,,,,,,,,,,,,,,,,,,,,,,,,,,,,,,,,,,,,,,,,,,,,,,,,,,,,,,,,,,,,,,,,,,,,,,,,,,,,,,,,,,,,,,,,,,,,,,,,,,,,,,,,,,,,,,,,,,,,,,,,,,,,
1905,6,322.0,-20.0,,,,,,,,,,,,,,,,,,,,,,,,,,,,,,,,,,,,,,,,1.0,2.6,4.6,2.82,27,2.11,24,0.5,0.6,0.7,-4.23,-1.84,-0.42,-2.07,27,1.64,24,0.5,0.6,0.7,0.0,1.8,3.25,1.56,27,1.75,24,0.5,0.6,0.7,1020.96,1022.1,1023.1,1021.73,24,1.6,24,0.5,0.6,0.7,,,,,,,,,,,,,,,,,,,,,,,,,,,,,,,,,,,,,,,,,,,,,,,,,,,,,,,,,,,,,,,,,,,,,,,,,,,,,,,,,,,,,,,,,,,,,,,,,,,,,,,,,,,,,,,,,,,,,,,,,,,,,,,,,,,,,,,,,,,,,,,,,,,,,,
1905,6,322.0,-18.0,,,,,,,,,,,,,,,,,,,,,,,,,,,,,,,,,,,,,,,,2.6,4.6,6.7,5.59,88,2.57,16,0.6,0.5,0.7,-6.21,-4.43,-2.41,-4.32,88,2.53,16,0.6,0.5,0.7,0.0,0.49,4.33,1.44,88,3.29,16,0.6,0.5,0.7,1017.61,1019.7,1021.17,1019.26,46,1.99,16,0.5,0.6,0.7,,,,,,,,,,,,,,,,,,,,,,,,,,,,,,,,,,,,,,,,,,,,,,,,,,,,,,,,,,,,,,,,,,,,,,,,,,,,,,,,,,,,,,,,,,,,,,,,,,,,,,,,,,,,,,,,,,,,,,,,,,,,,,,,,,,,,,,,,,,,,,,,,,,,,,
1905,6,322.0,-16.0,,,,,,,,,,,,,,,,,,,,,,,,,,,,,,,,,,,,,,,,4.6,6.7,7.45,6.28,100,2.14,14,0.4,0.8,0.7,-6.7,-4.67,-3.25,-4.95,100,2.16,14,0.4,0.8,0.7,0.0,2.51,4.74,2.21,100,3.17,14,0.4,0.8,0.7,1014.66,1018.35,1020.2,1017.65,36,2.67,14,0.5,0.8,0.7,,,,,,,,,,,,,,,,,,,,,,,,,,,,,,,,,,,,,,,,,,,,,,,,,,,,,,,,,,,,,,,,,,,,,,,,,,,,,,,,,,,,,,,,,,,,,,,,,,,,,,,,,,,,,,,,,,,,,,,,,,,,,,,,,,,,,,,,,,,,,,,,,,,,,,
1905,6,322.0,-14.0,,,,,,,,,,,,,,,,,,,,,,,,,,,,,,,,,,,,,,,,4.6,6.7,6.7,6.42,57,1.8,16,0.7,0.9,0.7,-6.7,-4.74,-4.12,-5.31,57,1.6,16,0.7,0.9,0.7,0.0,2.51,4.74,2.52,57,2.73,16,0.7,0.9,0.7,1016.44,1018.35,1019.09,1017.84,14,1.66,18,0.6,0.9,0.7,,,,,,,,,,,,,,,,,,,,,,,,,,,,,,,,,,,,,,,,,,,,,,,,,,,,,,,,,,,,,,,,,,,,,,,,,,,,,,,,,,,,,,,,,,,,,,,,,,,,,,,,,,,,,,,,,,,,,,,,,,,,,,,,,,,,,,,,,,,,,,,,,,,,,,
1905,6,322.0,-12.0,,,,,,,,,,,,,,,,,,,,,,,,,,,,,,,,,,,,,,,,6.7,6.7,9.3,7.2,31,1.87,14,0.5,0.9,0.6,-7.16,-6.21,-4.74,-6.23,31,1.76,14,0.5,0.9,0.6,2.51,2.51,4.74,3.27,31,1.7,14,0.5,0.9,0.6,1018.22,1018.4,1019.13,1018.49,7,0.94,20,0.6,0.9,0.6,,,,,,,,,,,,,,,,,,,,,,,,,,,,,,,,,,,,,,,,,,,,,,,,,,,,,,,,,,,,,,,,,,,,,,,,,,,,,,,,,,,,,,,,,,,,,,,,,,,,,,,,,,,,,,,,,,,,,,,,,,,,,,,,,,,,,,,,,,,,,,,,,,,,,,
1905,6,322.0,10.0,,,,,,,,,,,,,,,,,,,,,,,,,,,,,,,,,,,,,,,,2.6,4.6,4.6,4.3,8,2.6,18,0.5,0.4,0.6,-4.27,-4.27,-2.6,-4.01,8,2.42,18,0.5,0.4,0.6,-1.72,-1.72,-0.08,-1.41,8,1.19,18,0.5,0.4,0.6,1013.5,1014.8,1014.94,1014.23,3,1.16,14,0.0,0.4,0.6,,,,,,,,,,,,,,,,,,,,,,,,,,,,,,,,,,,,,,,,,,,,,,,,,,,,,,,,,,,,,,,,,,,,,,,,,,,,,,,,,,,,,,,,,,,,,,,,,,,,,,,,,,,,,,,,,,,,,,,,,,,,,,,,,,,,,,,,,,,,,,,,,,,,,,
1905,6,322.0,12.0,,,,,,,,,,,,,,,,,,,,,,,,,,,,,,,,,,,,,,,,6.27,9.3,10.32,8.67,6,2.67,12,0.7,0.7,0.5,-9.57,-8.62,-5.88,-8.09,6,2.38,12,0.7,0.7,0.5,-3.86,-3.48,-1.99,-2.96,6,1.6,12,0.7,0.7,0.5,1012.9,1012.9,1012.9,1012.9,1,0.0,12,1.0,0.8,0.3,,,,,,,,,,,,,,,,,,,,,,,,,,,,,,,,,,,,,,,,,,,,,,,,,,,,,,,,,,,,,,,,,,,,,,,,,,,,,,,,,,,,,,,,,,,,,,,,,,,,,,,,,,,,,,,,,,,,,,,,,,,,,,,,,,,,,,,,,,,,,,,,,,,,,,
1905,6,322.0,26.0,,,,,,,,,,,,,,,,,,,,,,,,,,,,,,,,,,,,,,,,2.6,2.6,3.65,3.1,4,1.0,20,0.5,0.3,0.6,-3.65,-0.79,1.75,-0.94,4,3.23,20,0.5,0.3,0.6,0.0,0.49,1.72,0.84,4,1.13,20,0.5,0.3,0.6,1016.87,1020.9,1024.3,1020.6,4,4.31,20,0.5,0.3,0.6,,,,,,,,,,,,,,,,,,,,,,,,,,,,,,,,,,,,,,,,,,,,,,,,,,,,,,,,,,,,,,,,,,,,,,,,,,,,,,,,,,,,,,,,,,,,,,,,,,,,,,,,,,,,,,,,,,,,,,,,,,,,,,,,,,,,,,,,,,,,,,,,,,,,,,
1905,6,322.0,28.0,,,,,,,,,,,,,,,,,,,,,,,,,,,,,,,,,,,,,,,,1.0,2.6,3.33,2.36,5,1.49,18,0.8,0.6,0.4,-1.58,0.0,2.35,0.3,5,2.31,18,0.8,0.6,0.4,-0.37,0.0,2.35,0.82,5,1.7,18,0.8,0.6,0.4,1020.97,1027.35,1028.08,1024.65,4,6.26,16,1.0,0.6,0.4,,,,,,,,,,,,,,,,,,,,,,,,,,,,,,,,,,,,,,,,,,,,,,,,,,,,,,,,,,,,,,,,,,,,,,,,,,,,,,,,,,,,,,,,,,,,,,,,,,,,,,,,,,,,,,,,,,,,,,,,,,,,,,,,,,,,,,,,,,,,,,,,,,,,,,
1905,6,322.0,32.0,,,,,,,,,,,,,,,,,,,,,,,,,,,,,,,,,,,,,,,,4.09,4.6,7.49,5.18,12,2.55,22,0.4,0.5,0.3,1.55,4.42,5.3,3.94,12,3.19,22,0.4,0.5,0.3,-1.8,0.0,3.63,0.58,12,2.87,22,0.4,0.5,0.3,1020.03,1020.1,1020.37,1020.2,3,0.26,26,0.3,0.4,0.3,,,,,,,,,,,,,,,,,,,,,,,,,,,,,,,,,,,,,,,,,,,,,,,,,,,,,,,,,,,,,,,,,,,,,,,,,,,,,,,,,,,,,,,,,,,,,,,,,,,,,,,,,,,,,,,,,,,,,,,,,,,,,,,,,,,,,,,,,,,,,,,,,,,,,,
1905,6,322.0,36.0,,,,,,,,,,,,,,,,,,,,,,,,,,,,,,,,,,,,,,,,1.69,2.6,12.3,6.22,10,5.56,24,0.6,0.6,0.5,-0.56,2.39,11.4,4.63,10,5.93,24,0.6,0.6,0.5,-1.02,0.97,4.61,1.11,10,3.68,24,0.6,0.6,0.5,1006.27,1008.6,1015.76,1011.38,5,8.89,22,0.8,0.6,0.6,,,,,,,,,,,,,,,,,,,,,,,,,,,,,,,,,,,,,,,,,,,,,,,,,,,,,,,,,,,,,,,,,,,,,,,,,,,,,,,,,,,,,,,,,,,,,,,,,,,,,,,,,,,,,,,,,,,,,,,,,,,,,,,,,,,,,,,,,,,,,,,,,,,,,,
1905,6,322.0,38.0,,,,,,,,,,,,,,,,,,,,,,,,,,,,,,,,,,,,,,,,4.6,4.6,6.13,5.19,9,2.01,14,0.4,0.5,0.4,-0.74,1.8,5.77,2.4,9,3.79,14,0.4,0.5,0.4,-3.25,0.0,4.23,0.51,9,3.63,14,0.4,0.5,0.4,1016.89,1027.0,1033.03,1025.55,8,7.96,14,0.4,0.5,0.4,,,,,,,,,,,,,,,,,,,,,,,,,,,,,,,,,,,,,,,,,,,,,,,,,,,,,,,,,,,,,,,,,,,,,,,,,,,,,,,,,,,,,,,,,,,,,,,,,,,,,,,,,,,,,,,,,,,,,,,,,,,,,,,,,,,,,,,,,,,,,,,,,,,,,,
1905,6,322.0,40.0,,,,,,,,,,,,,,,,,,,,,,,,,,,,,,,,,,,,,,,,6.7,6.7,6.7,6.76,8,1.26,6,0.6,0.6,0.6,-6.01,-3.87,2.51,-2.17,8,3.98,6,0.6,0.6,0.6,2.52,5.47,6.21,4.86,8,2.39,6,0.6,0.6,0.6,1026.11,1031.05,1032.48,1029.78,8,2.95,6,0.6,0.6,0.6,,,,,,,,,,,,,,,,,,,,,,,,,,,,,,,,,,,,,,,,,,,,,,,,,,,,,,,,,,,,,,,,,,,,,,,,,,,,,,,,,,,,,,,,,,,,,,,,,,,,,,,,,,,,,,,,,,,,,,,,,,,,,,,,,,,,,,,,,,,,,,,,,,,,,,
1905,6,322.0,42.0,,,,,,,,,,,,,,,,,,,,,,,,,,,,,,,,,,,,,,,,2.85,6.7,9.3,6.88,27,3.85,16,0.4,0.6,0.5,0.0,3.25,6.53,2.87,27,3.67,16,0.4,0.6,0.5,-5.99,0.92,8.31,0.71,27,6.44,16,0.4,0.6,0.5,1015.06,1018.0,1030.75,1019.74,14,9.49,16,0.6,0.6,0.5,,,,,,,,,,,,,,,,,,,,,,,,,,,,,,,,,,,,,,,,,,,,,,,,,,,,,,,,,,,,,,,,,,,,,,,,,,,,,,,,,,,,,,,,,,,,,,,,,,,,,,,,,,,,,,,,,,,,,,,,,,,,,,,,,,,,,,,,,,,,,,,,,,,,,,
1905,6,322.0,44.0,,,,,,,,,,,,,,,,,,,,,,,,,,,,,,,,,,,,,,,,2.6,6.7,9.3,6.74,99,3.76,14,0.7,0.7,0.1,0.0,4.23,8.62,4.19,99,4.38,14,0.7,0.7,0.1,-4.74,0.0,4.25,-0.57,99,4.77,14,0.7,0.7,0.1,1009.24,1016.0,1025.82,1016.93,41,9.72,16,0.7,0.7,0.2,,,,,,,,,,,,,,,,,,,,,,,,,,,,,,,,,,,,,,,,,,,,,,,,,,,,,,,,,,,,,,,,,,,,,,,,,,,,,,,,,,,,,,,,,,,,,,,,,,,,,,,,,,,,,,,,,,,,,,,,,,,,,,,,,,,,,,,,,,,,,,,,,,,,,,
1905,6,322.0,46.0,,,,,,,,,,,,,,,,,,,,,,,,,,,,,,,,,,,,,,,,8.1,9.3,12.3,10.32,17,2.93,22,0.6,0.7,0.3,4.67,8.56,11.36,7.82,17,3.52,22,0.6,0.7,0.3,-5.14,0.0,5.43,0.73,17,6.62,22,0.6,0.7,0.3,1016.6,1016.6,1016.6,1016.6,1,0.0,30,0.0,0.8,0.3,,,,,,,,,,,,,,,,,,,,,,,,,,,,,,,,,,,,,,,,,,,,,,,,,,,,,,,,,,,,,,,,,,,,,,,,,,,,,,,,,,,,,,,,,,,,,,,,,,,,,,,,,,,,,,,,,,,,,,,,,,,,,,,,,,,,,,,,,,,,,,,,,,,,,,
1905,6,324.0,-44.0,,,,,,,,,,,,,,,,,,,,,,,,,,,,,,,,,,,,,,,,12.3,13.85,15.4,13.93,8,2.97,20,0.5,0.4,0.6,0.51,7.16,13.86,7.93,8,6.71,20,0.5,0.4,0.6,-14.06,-8.71,-3.76,-8.48,8,5.6,20,0.5,0.4,0.6,992.81,993.95,999.63,995.95,8,4.57,20,0.5,0.4,0.6,,,,,,,,,,,,,,,,,,,,,,,,,,,,,,,,,,,,,,,,,,,,,,,,,,,,,,,,,,,,,,,,,,,,,,,,,,,,,,,,,,,,,,,,,,,,,,,,,,,,,,,,,,,,,,,,,,,,,,,,,,,,,,,,,,,,,,,,,,,,,,,,,,,,,,
1905,6,324.0,-42.0,,,,,,,,,,,,,,,,,,,,,,,,,,,,,,,,,,,,,,,,7.68,9.8,13.62,10.63,3,4.41,16,0.3,0.6,0.6,5.9,6.17,8.12,6.99,3,1.77,16,0.3,0.6,0.6,-10.96,-3.83,-3.0,-6.91,3,6.41,16,0.3,0.6,0.6,992.96,1003.0,1018.7,1005.7,4,15.53,18,0.5,0.6,0.5,,,,,,,,,,,,,,,,,,,,,,,,,,,,,,,,,,,,,,,,,,,,,,,,,,,,,,,,,,,,,,,,,,,,,,,,,,,,,,,,,,,,,,,,,,,,,,,,,,,,,,,,,,,,,,,,,,,,,,,,,,,,,,,,,,,,,,,,,,,,,,,,,,,,,,
1905,6,324.0,-40.0,,,,,,,,,,,,,,,,,,,,,,,,,,,,,,,,,,,,,,,,9.3,12.3,18.03,13.13,9,3.88,26,0.4,0.5,0.6,3.48,8.7,12.87,8.55,9,4.15,26,0.4,0.5,0.6,-12.75,-8.7,-8.62,-9.54,9,2.7,26,0.4,0.5,0.6,1009.8,1019.35,1024.54,1018.21,10,6.64,26,0.5,0.6,0.6,,,,,,,,,,,,,,,,,,,,,,,,,,,,,,,,,,,,,,,,,,,,,,,,,,,,,,,,,,,,,,,,,,,,,,,,,,,,,,,,,,,,,,,,,,,,,,,,,,,,,,,,,,,,,,,,,,,,,,,,,,,,,,,,,,,,,,,,,,,,,,,,,,,,,,
1905,6,324.0,-38.0,,,,,,,,,,,,,,,,,,,,,,,,,,,,,,,,,,,,,,,,4.6,5.65,8.06,6.3,4,2.23,4,0.8,0.3,0.8,3.25,4.0,5.7,4.45,4,1.58,4,0.8,0.3,0.8,-5.7,-4.0,-3.25,-4.45,4,1.58,4,0.8,0.3,0.8,1014.2,1014.65,1015.47,1014.83,4,0.78,4,0.8,0.3,0.8,,,,,,,,,,,,,,,,,,,,,,,,,,,,,,,,,,,,,,,,,,,,,,,,,,,,,,,,,,,,,,,,,,,,,,,,,,,,,,,,,,,,,,,,,,,,,,,,,,,,,,,,,,,,,,,,,,,,,,,,,,,,,,,,,,,,,,,,,,,,,,,,,,,,,,
1905,6,324.0,-36.0,,,,,,,,,,,,,,,,,,,,,,,,,,,,,,,,,,,,,,,,6.99,10.8,15.06,11.38,8,4.28,8,0.3,0.8,0.6,-9.01,3.0,14.66,2.6,8,11.47,8,0.3,0.8,0.6,-8.36,0.0,0.0,-2.94,8,4.13,8,0.3,0.8,0.6,1014.49,1016.3,1017.65,1016.12,5,2.77,12,0.2,0.7,0.5,,,,,,,,,,,,,,,,,,,,,,,,,,,,,,,,,,,,,,,,,,,,,,,,,,,,,,,,,,,,,,,,,,,,,,,,,,,,,,,,,,,,,,,,,,,,,,,,,,,,,,,,,,,,,,,,,,,,,,,,,,,,,,,,,,,,,,,,,,,,,,,,,,,,,,
1905,6,324.0,-28.0,,,,,,,,,,,,,,,,,,,,,,,,,,,,,,,,,,,,,,,,3.14,4.6,8.6,5.43,9,2.51,30,0.6,0.9,0.8,-3.22,0.0,1.8,-0.6,9,2.99,30,0.6,0.9,0.8,-6.48,-4.23,-3.04,-4.84,9,1.96,30,0.6,0.9,0.8,1022.15,1022.3,1023.32,1022.63,9,0.62,30,0.6,0.9,0.8,,,,,,,,,,,,,,,,,,,,,,,,,,,,,,,,,,,,,,,,,,,,,,,,,,,,,,,,,,,,,,,,,,,,,,,,,,,,,,,,,,,,,,,,,,,,,,,,,,,,,,,,,,,,,,,,,,,,,,,,,,,,,,,,,,,,,,,,,,,,,,,,,,,,,,
1905,6,324.0,-26.0,,,,,,,,,,,,,,,,,,,,,,,,,,,,,,,,,,,,,,,,2.6,2.6,4.6,3.41,13,1.5,28,0.4,0.7,0.7,-3.25,-2.39,0.0,-1.73,13,1.59,28,0.4,0.7,0.7,-4.3,-2.6,-1.02,-2.54,13,1.44,28,0.4,0.7,0.7,1022.88,1023.8,1024.11,1023.72,13,0.96,28,0.4,0.7,0.7,,,,,,,,,,,,,,,,,,,,,,,,,,,,,,,,,,,,,,,,,,,,,,,,,,,,,,,,,,,,,,,,,,,,,,,,,,,,,,,,,,,,,,,,,,,,,,,,,,,,,,,,,,,,,,,,,,,,,,,,,,,,,,,,,,,,,,,,,,,,,,,,,,,,,,
1905,6,324.0,-24.0,,,,,,,,,,,,,,,,,,,,,,,,,,,,,,,,,,,,,,,,1.0,1.0,3.71,2.34,29,2.04,24,0.4,0.5,0.7,-3.19,-0.37,2.39,-0.61,29,2.85,24,0.4,0.5,0.7,-0.97,-0.71,0.88,-0.38,29,1.06,24,0.4,0.5,0.7,1019.84,1021.1,1022.77,1021.33,29,1.71,24,0.4,0.5,0.7,,,,,,,,,,,,,,,,,,,,,,,,,,,,,,,,,,,,,,,,,,,,,,,,,,,,,,,,,,,,,,,,,,,,,,,,,,,,,,,,,,,,,,,,,,,,,,,,,,,,,,,,,,,,,,,,,,,,,,,,,,,,,,,,,,,,,,,,,,,,,,,,,,,,,,
1905,6,324.0,-22.0,,,,,,,,,,,,,,,,,,,,,,,,,,,,,,,,,,,,,,,,1.0,2.6,9.3,3.75,47,4.06,20,0.5,0.7,0.6,-8.7,-0.97,0.0,-2.92,47,3.78,20,0.5,0.7,0.6,-0.65,0.0,0.96,0.65,47,2.72,20,0.5,0.7,0.6,1018.89,1021.6,1022.3,1020.75,47,1.93,20,0.5,0.7,0.6,,,,,,,,,,,,,,,,,,,,,,,,,,,,,,,,,,,,,,,,,,,,,,,,,,,,,,,,,,,,,,,,,,,,,,,,,,,,,,,,,,,,,,,,,,,,,,,,,,,,,,,,,,,,,,,,,,,,,,,,,,,,,,,,,,,,,,,,,,,,,,,,,,,,,,
1905,6,324.0,-20.0,,,,,,,,,,,,,,,,,,,,,,,,,,,,,,,,,,,,,,,,4.6,6.7,9.36,7.02,38,3.21,12,0.5,0.6,0.6,-9.3,-5.47,-0.34,-5.53,38,3.75,12,0.5,0.6,0.6,-0.13,0.0,4.62,1.74,38,3.51,12,0.5,0.6,0.6,1015.7,1017.95,1023.3,1019.19,36,3.31,12,0.5,0.7,0.6,,,,,,,,,,,,,,,,,,,,,,,,,,,,,,,,,,,,,,,,,,,,,,,,,,,,,,,,,,,,,,,,,,,,,,,,,,,,,,,,,,,,,,,,,,,,,,,,,,,,,,,,,,,,,,,,,,,,,,,,,,,,,,,,,,,,,,,,,,,,,,,,,,,,,,
1905,6,324.0,-18.0,,,,,,,,,,,,,,,,,,,,,,,,,,,,,,,,,,,,,,,,5.63,9.3,12.3,9.1,23,3.17,16,0.5,0.7,0.6,-12.3,-8.56,-4.67,-8.09,23,2.96,16,0.5,0.7,0.6,0.0,0.0,6.58,2.27,23,3.73,16,0.5,0.7,0.6,1016.09,1020.0,1023.46,1019.83,23,3.28,16,0.5,0.7,0.6,,,,,,,,,,,,,,,,,,,,,,,,,,,,,,,,,,,,,,,,,,,,,,,,,,,,,,,,,,,,,,,,,,,,,,,,,,,,,,,,,,,,,,,,,,,,,,,,,,,,,,,,,,,,,,,,,,,,,,,,,,,,,,,,,,,,,,,,,,,,,,,,,,,,,,
1905,6,324.0,-16.0,,,,,,,,,,,,,,,,,,,,,,,,,,,,,,,,,,,,,,,,4.6,6.7,12.3,7.75,26,2.98,18,0.4,0.6,0.6,-11.32,-6.58,-4.23,-6.95,26,2.83,18,0.4,0.6,0.6,0.0,2.51,4.81,2.87,26,2.12,18,0.4,0.6,0.6,1017.71,1020.0,1021.12,1019.37,25,1.84,20,0.4,0.6,0.6,,,,,,,,,,,,,,,,,,,,,,,,,,,,,,,,,,,,,,,,,,,,,,,,,,,,,,,,,,,,,,,,,,,,,,,,,,,,,,,,,,,,,,,,,,,,,,,,,,,,,,,,,,,,,,,,,,,,,,,,,,,,,,,,,,,,,,,,,,,,,,,,,,,,,,
1905,6,324.0,-14.0,,,,,,,,,,,,,,,,,,,,,,,,,,,,,,,,,,,,,,,,4.6,6.7,9.3,7.7,71,2.41,14,0.5,0.6,0.8,-8.62,-6.21,-4.27,-6.07,71,2.24,14,0.5,0.6,0.8,1.72,3.48,6.58,3.86,71,2.91,14,0.5,0.6,0.8,1014.95,1017.4,1019.4,1017.23,38,2.07,14,0.5,0.6,0.7,,,,,,,,,,,,,,,,,,,,,,,,,,,,,,,,,,,,,,,,,,,,,,,,,,,,,,,,,,,,,,,,,,,,,,,,,,,,,,,,,,,,,,,,,,,,,,,,,,,,,,,,,,,,,,,,,,,,,,,,,,,,,,,,,,,,,,,,,,,,,,,,,,,,,,
1905,6,324.0,-12.0,,,,,,,,,,,,,,,,,,,,,,,,,,,,,,,,,,,,,,,,4.6,6.7,9.3,7.45,107,2.55,14,0.4,0.7,0.7,-8.62,-6.21,-4.23,-6.07,107,2.2,14,0.4,0.7,0.7,1.59,3.48,6.58,3.57,107,2.77,14,0.4,0.7,0.7,1014.0,1016.05,1017.79,1015.95,36,1.72,14,0.5,0.8,0.7,,,,,,,,,,,,,,,,,,,,,,,,,,,,,,,,,,,,,,,,,,,,,,,,,,,,,,,,,,,,,,,,,,,,,,,,,,,,,,,,,,,,,,,,,,,,,,,,,,,,,,,,,,,,,,,,,,,,,,,,,,,,,,,,,,,,,,,,,,,,,,,,,,,,,,
1905,6,324.0,-10.0,,,,,,,,,,,,,,,,,,,,,,,,,,,,,,,,,,,,,,,,4.6,6.7,9.3,6.22,86,2.36,14,0.6,0.9,0.7,-6.4,-4.6,-2.51,-4.46,86,2.23,14,0.6,0.9,0.7,1.78,3.25,6.17,3.8,86,2.22,14,0.6,0.9,0.7,1014.02,1015.45,1017.6,1015.68,24,1.61,16,0.5,0.9,0.7,,,,,,,,,,,,,,,,,,,,,,,,,,,,,,,,,,,,,,,,,,,,,,,,,,,,,,,,,,,,,,,,,,,,,,,,,,,,,,,,,,,,,,,,,,,,,,,,,,,,,,,,,,,,,,,,,,,,,,,,,,,,,,,,,,,,,,,,,,,,,,,,,,,,,,
1905,6,324.0,-8.0,,,,,,,,,,,,,,,,,,,,,,,,,,,,,,,,,,,,,,,,4.6,6.7,8.15,6.28,29,1.79,14,0.6,1.0,0.6,-6.41,-4.74,-3.25,-4.95,29,1.9,14,0.6,1.0,0.6,1.72,3.25,5.53,3.4,29,1.76,14,0.6,1.0,0.6,1014.45,1015.3,1015.48,1014.98,5,0.88,20,0.8,1.0,0.7,,,,,,,,,,,,,,,,,,,,,,,,,,,,,,,,,,,,,,,,,,,,,,,,,,,,,,,,,,,,,,,,,,,,,,,,,,,,,,,,,,,,,,,,,,,,,,,,,,,,,,,,,,,,,,,,,,,,,,,,,,,,,,,,,,,,,,,,,,,,,,,,,,,,,,
1905,6,324.0,12.0,,,,,,,,,,,,,,,,,,,,,,,,,,,,,,,,,,,,,,,,6.7,8.0,9.3,7.8,8,1.88,18,0.4,0.3,0.4,-8.41,-6.64,-4.94,-6.66,8,1.66,18,0.4,0.3,0.4,-6.37,-3.58,-0.19,-3.35,8,2.62,18,0.4,0.3,0.4,1015.0,1015.0,1015.0,1015.0,1,0.0,12,1.0,0.3,0.8,,,,,,,,,,,,,,,,,,,,,,,,,,,,,,,,,,,,,,,,,,,,,,,,,,,,,,,,,,,,,,,,,,,,,,,,,,,,,,,,,,,,,,,,,,,,,,,,,,,,,,,,,,,,,,,,,,,,,,,,,,,,,,,,,,,,,,,,,,,,,,,,,,,,,,
1905,6,324.0,28.0,,,,,,,,,,,,,,,,,,,,,,,,,,,,,,,,,,,,,,,,2.6,2.6,2.6,2.6,3,0.0,22,0.0,0.3,0.8,-1.84,-1.84,-0.58,-1.23,3,1.06,22,0.0,0.3,0.8,-1.19,1.84,1.84,0.36,3,2.56,22,0.0,0.3,0.8,1018.23,1019.6,1024.99,1021.57,3,5.23,22,0.0,0.3,0.8,,,,,,,,,,,,,,,,,,,,,,,,,,,,,,,,,,,,,,,,,,,,,,,,,,,,,,,,,,,,,,,,,,,,,,,,,,,,,,,,,,,,,,,,,,,,,,,,,,,,,,,,,,,,,,,,,,,,,,,,,,,,,,,,,,,,,,,,,,,,,,,,,,,,,,
1905,6,324.0,30.0,,,,,,,,,,,,,,,,,,,,,,,,,,,,,,,,,,,,,,,,0.0,0.5,2.89,1.4,4,2.18,20,0.5,0.8,0.2,0.0,0.46,2.68,1.3,4,2.03,20,0.5,0.8,0.2,0.0,0.19,1.08,0.52,4,0.82,20,0.5,0.8,0.2,1018.83,1024.1,1026.86,1022.9,4,5.02,20,0.5,0.8,0.2,,,,,,,,,,,,,,,,,,,,,,,,,,,,,,,,,,,,,,,,,,,,,,,,,,,,,,,,,,,,,,,,,,,,,,,,,,,,,,,,,,,,,,,,,,,,,,,,,,,,,,,,,,,,,,,,,,,,,,,,,,,,,,,,,,,,,,,,,,,,,,,,,,,,,,
1905,6,324.0,32.0,,,,,,,,,,,,,,,,,,,,,,,,,,,,,,,,,,,,,,,,6.7,8.25,11.11,8.88,4,2.71,20,0.8,0.5,0.8,6.17,6.55,9.27,7.67,4,2.52,20,0.8,0.5,0.8,-2.62,0.99,5.82,1.58,4,4.93,20,0.8,0.5,0.8,1018.86,1019.0,1019.96,1019.4,3,0.87,26,0.7,0.4,0.8,,,,,,,,,,,,,,,,,,,,,,,,,,,,,,,,,,,,,,,,,,,,,,,,,,,,,,,,,,,,,,,,,,,,,,,,,,,,,,,,,,,,,,,,,,,,,,,,,,,,,,,,,,,,,,,,,,,,,,,,,,,,,,,,,,,,,,,,,,,,,,,,,,,,,,
1905,6,324.0,36.0,,,,,,,,,,,,,,,,,,,,,,,,,,,,,,,,,,,,,,,,9.8,9.8,9.8,9.8,1,0.0,22,0.0,0.3,0.8,9.02,9.02,9.02,9.02,1,0.0,22,0.0,0.3,0.8,-3.83,-3.83,-3.83,-3.83,1,0.0,22,0.0,0.3,0.8,1010.9,1010.9,1010.9,1010.9,1,0.0,22,0.0,0.3,0.8,,,,,,,,,,,,,,,,,,,,,,,,,,,,,,,,,,,,,,,,,,,,,,,,,,,,,,,,,,,,,,,,,,,,,,,,,,,,,,,,,,,,,,,,,,,,,,,,,,,,,,,,,,,,,,,,,,,,,,,,,,,,,,,,,,,,,,,,,,,,,,,,,,,,,,
1905,6,324.0,38.0,,,,,,,,,,,,,,,,,,,,,,,,,,,,,,,,,,,,,,,,2.6,4.6,6.7,4.48,13,1.77,16,0.5,0.6,0.4,0.92,1.84,6.17,2.89,13,2.31,16,0.5,0.6,0.4,-2.62,0.0,3.35,-0.11,13,3.23,16,0.5,0.6,0.4,1014.75,1020.3,1032.2,1022.73,9,8.6,16,0.6,0.6,0.4,,,,,,,,,,,,,,,,,,,,,,,,,,,,,,,,,,,,,,,,,,,,,,,,,,,,,,,,,,,,,,,,,,,,,,,,,,,,,,,,,,,,,,,,,,,,,,,,,,,,,,,,,,,,,,,,,,,,,,,,,,,,,,,,,,,,,,,,,,,,,,,,,,,,,,
1905,6,324.0,40.0,,,,,,,,,,,,,,,,,,,,,,,,,,,,,,,,,,,,,,,,4.6,4.6,8.72,5.59,15,2.42,8,0.5,0.9,0.2,-3.09,3.25,4.23,1.58,15,3.58,8,0.5,0.9,0.2,-5.77,0.92,2.26,-1.0,15,4.77,8,0.5,0.9,0.2,1027.0,1028.5,1033.87,1028.21,14,5.03,8,0.4,0.9,0.2,,,,,,,,,,,,,,,,,,,,,,,,,,,,,,,,,,,,,,,,,,,,,,,,,,,,,,,,,,,,,,,,,,,,,,,,,,,,,,,,,,,,,,,,,,,,,,,,,,,,,,,,,,,,,,,,,,,,,,,,,,,,,,,,,,,,,,,,,,,,,,,,,,,,,,
1905,6,324.0,42.0,,,,,,,,,,,,,,,,,,,,,,,,,,,,,,,,,,,,,,,,6.84,10.8,12.3,9.63,4,3.64,4,0.3,0.6,0.3,-1.7,2.4,6.81,2.54,4,5.23,4,0.3,0.6,0.3,-0.05,7.4,11.83,5.96,4,7.3,4,0.3,0.6,0.3,1028.08,1029.45,1031.19,1029.63,4,1.94,4,0.3,0.6,0.3,,,,,,,,,,,,,,,,,,,,,,,,,,,,,,,,,,,,,,,,,,,,,,,,,,,,,,,,,,,,,,,,,,,,,,,,,,,,,,,,,,,,,,,,,,,,,,,,,,,,,,,,,,,,,,,,,,,,,,,,,,,,,,,,,,,,,,,,,,,,,,,,,,,,,,
1905,6,324.0,44.0,,,,,,,,,,,,,,,,,,,,,,,,,,,,,,,,,,,,,,,,2.6,6.7,12.3,7.3,113,4.22,14,0.6,0.7,0.3,0.0,4.27,8.83,4.82,113,4.69,14,0.6,0.7,0.3,-8.56,-1.02,3.25,-1.8,113,4.79,14,0.6,0.7,0.3,1006.73,1017.0,1027.0,1016.5,43,10.14,16,0.5,0.7,0.3,,,,,,,,,,,,,,,,,,,,,,,,,,,,,,,,,,,,,,,,,,,,,,,,,,,,,,,,,,,,,,,,,,,,,,,,,,,,,,,,,,,,,,,,,,,,,,,,,,,,,,,,,,,,,,,,,,,,,,,,,,,,,,,,,,,,,,,,,,,,,,,,,,,,,,
1905,6,324.0,46.0,,,,,,,,,,,,,,,,,,,,,,,,,,,,,,,,,,,,,,,,2.82,6.7,9.01,6.06,8,2.63,22,0.6,0.8,0.3,2.42,4.73,6.54,4.7,8,2.5,22,0.6,0.8,0.3,-3.38,0.43,3.17,0.03,8,4.17,22,0.6,0.8,0.3,1009.03,1012.55,1016.07,1012.55,2,7.28,26,0.5,0.5,0.3,,,,,,,,,,,,,,,,,,,,,,,,,,,,,,,,,,,,,,,,,,,,,,,,,,,,,,,,,,,,,,,,,,,,,,,,,,,,,,,,,,,,,,,,,,,,,,,,,,,,,,,,,,,,,,,,,,,,,,,,,,,,,,,,,,,,,,,,,,,,,,,,,,,,,,
1905,6,326.0,-42.0,,,,,,,,,,,,,,,,,,,,,,,,,,,,,,,,,,,,,,,,12.3,15.4,15.57,15.03,7,2.28,20,0.7,0.4,0.4,8.5,13.44,14.33,11.64,7,3.86,20,0.7,0.4,0.4,-8.83,0.0,11.01,0.57,7,9.76,20,0.7,0.4,0.4,990.49,994.2,1000.3,995.81,7,5.28,20,0.7,0.4,0.4,,,,,,,,,,,,,,,,,,,,,,,,,,,,,,,,,,,,,,,,,,,,,,,,,,,,,,,,,,,,,,,,,,,,,,,,,,,,,,,,,,,,,,,,,,,,,,,,,,,,,,,,,,,,,,,,,,,,,,,,,,,,,,,,,,,,,,,,,,,,,,,,,,,,,,
1905,6,326.0,-40.0,,,,,,,,,,,,,,,,,,,,,,,,,,,,,,,,,,,,,,,,6.7,8.0,12.94,9.52,6,3.64,10,0.2,0.5,0.7,-6.18,0.63,9.15,1.41,6,7.66,10,0.2,0.5,0.7,1.56,6.68,9.15,5.51,6,4.94,10,0.2,0.5,0.7,1017.19,1022.6,1026.46,1021.4,6,6.2,10,0.2,0.5,0.7,,,,,,,,,,,,,,,,,,,,,,,,,,,,,,,,,,,,,,,,,,,,,,,,,,,,,,,,,,,,,,,,,,,,,,,,,,,,,,,,,,,,,,,,,,,,,,,,,,,,,,,,,,,,,,,,,,,,,,,,,,,,,,,,,,,,,,,,,,,,,,,,,,,,,,
1905,6,326.0,-38.0,,,,,,,,,,,,,,,,,,,,,,,,,,,,,,,,,,,,,,,,6.7,9.3,15.92,11.77,19,4.84,18,0.5,0.5,0.5,5.96,6.7,11.25,7.77,19,6.08,18,0.5,0.5,0.5,-10.96,-6.58,0.0,-5.81,19,5.78,18,0.5,0.5,0.5,1002.29,1017.9,1023.0,1014.44,26,8.52,14,0.5,0.5,0.6,,,,,,,,,,,,,,,,,,,,,,,,,,,,,,,,,,,,,,,,,,,,,,,,,,,,,,,,,,,,,,,,,,,,,,,,,,,,,,,,,,,,,,,,,,,,,,,,,,,,,,,,,,,,,,,,,,,,,,,,,,,,,,,,,,,,,,,,,,,,,,,,,,,,,,
1905,6,326.0,-36.0,,,,,,,,,,,,,,,,,,,,,,,,,,,,,,,,,,,,,,,,6.7,8.0,9.3,8.17,12,3.02,6,0.5,0.6,0.4,1.87,3.56,8.8,5.19,12,4.32,6,0.5,0.6,0.4,-6.7,-2.88,3.48,-2.06,12,5.41,6,0.5,0.6,0.4,1015.72,1019.85,1021.43,1018.74,12,3.0,6,0.5,0.6,0.4,,,,,,,,,,,,,,,,,,,,,,,,,,,,,,,,,,,,,,,,,,,,,,,,,,,,,,,,,,,,,,,,,,,,,,,,,,,,,,,,,,,,,,,,,,,,,,,,,,,,,,,,,,,,,,,,,,,,,,,,,,,,,,,,,,,,,,,,,,,,,,,,,,,,,,
1905,6,326.0,-34.0,,,,,,,,,,,,,,,,,,,,,,,,,,,,,,,,,,,,,,,,6.7,9.3,12.3,9.76,11,2.8,6,0.7,0.7,0.6,1.54,8.62,11.36,6.37,11,5.22,6,0.7,0.7,0.6,-5.33,-4.6,5.54,-1.78,11,6.11,6,0.7,0.7,0.6,1024.45,1025.0,1025.89,1025.17,3,1.06,18,1.0,1.0,0.5,,,,,,,,,,,,,,,,,,,,,,,,,,,,,,,,,,,,,,,,,,,,,,,,,,,,,,,,,,,,,,,,,,,,,,,,,,,,,,,,,,,,,,,,,,,,,,,,,,,,,,,,,,,,,,,,,,,,,,,,,,,,,,,,,,,,,,,,,,,,,,,,,,,,,,
1905,6,326.0,-30.0,,,,,,,,,,,,,,,,,,,,,,,,,,,,,,,,,,,,,,,,5.6,6.7,6.7,6.18,4,1.05,30,0.8,0.8,0.9,2.19,2.62,2.62,2.41,4,0.41,30,0.8,0.8,0.9,-6.17,-6.17,-5.15,-5.68,4,0.97,30,0.8,0.8,0.9,1021.79,1022.35,1022.76,1022.28,4,0.61,30,0.8,0.8,0.9,,,,,,,,,,,,,,,,,,,,,,,,,,,,,,,,,,,,,,,,,,,,,,,,,,,,,,,,,,,,,,,,,,,,,,,,,,,,,,,,,,,,,,,,,,,,,,,,,,,,,,,,,,,,,,,,,,,,,,,,,,,,,,,,,,,,,,,,,,,,,,,,,,,,,,
1905,6,326.0,-28.0,,,,,,,,,,,,,,,,,,,,,,,,,,,,,,,,,,,,,,,,4.6,6.7,6.7,5.8,7,1.12,12,0.4,0.9,0.8,-6.17,-4.74,-3.01,-4.14,7,2.85,12,0.4,0.9,0.8,-4.26,-2.62,-2.58,-3.11,7,1.05,12,0.4,0.9,0.8,1022.1,1022.1,1022.1,1022.1,1,0.0,30,0.0,0.5,0.5,,,,,,,,,,,,,,,,,,,,,,,,,,,,,,,,,,,,,,,,,,,,,,,,,,,,,,,,,,,,,,,,,,,,,,,,,,,,,,,,,,,,,,,,,,,,,,,,,,,,,,,,,,,,,,,,,,,,,,,,,,,,,,,,,,,,,,,,,,,,,,,,,,,,,,
1905,6,326.0,-24.0,,,,,,,,,,,,,,,,,,,,,,,,,,,,,,,,,,,,,,,,4.09,9.3,12.3,7.98,12,3.76,8,0.5,0.7,0.6,-11.63,-6.64,-0.69,-5.81,12,5.32,8,0.5,0.7,0.6,-6.61,-0.19,0.0,-2.59,12,3.32,8,0.5,0.7,0.6,1014.73,1016.05,1016.84,1015.82,6,1.12,2,0.5,0.4,0.4,,,,,,,,,,,,,,,,,,,,,,,,,,,,,,,,,,,,,,,,,,,,,,,,,,,,,,,,,,,,,,,,,,,,,,,,,,,,,,,,,,,,,,,,,,,,,,,,,,,,,,,,,,,,,,,,,,,,,,,,,,,,,,,,,,,,,,,,,,,,,,,,,,,,,,
1905,6,326.0,-22.0,,,,,,,,,,,,,,,,,,,,,,,,,,,,,,,,,,,,,,,,9.63,12.3,12.3,11.55,8,1.39,12,0.5,0.7,0.5,-12.3,-11.4,-8.92,-11.03,8,1.55,12,0.5,0.7,0.5,-4.48,-1.74,0.0,-1.42,8,3.24,12,0.5,0.7,0.5,1020.85,1022.4,1022.74,1021.78,5,1.49,14,0.6,0.6,0.6,,,,,,,,,,,,,,,,,,,,,,,,,,,,,,,,,,,,,,,,,,,,,,,,,,,,,,,,,,,,,,,,,,,,,,,,,,,,,,,,,,,,,,,,,,,,,,,,,,,,,,,,,,,,,,,,,,,,,,,,,,,,,,,,,,,,,,,,,,,,,,,,,,,,,,
1905,6,326.0,-20.0,,,,,,,,,,,,,,,,,,,,,,,,,,,,,,,,,,,,,,,,2.6,9.3,12.3,7.85,11,5.02,8,0.5,0.5,0.5,-11.32,-8.56,-1.02,-6.61,11,4.83,8,0.5,0.5,0.5,-2.39,0.0,4.81,1.08,11,4.51,8,0.5,0.5,0.5,1018.53,1019.5,1021.4,1019.73,6,1.43,12,0.3,0.3,0.4,,,,,,,,,,,,,,,,,,,,,,,,,,,,,,,,,,,,,,,,,,,,,,,,,,,,,,,,,,,,,,,,,,,,,,,,,,,,,,,,,,,,,,,,,,,,,,,,,,,,,,,,,,,,,,,,,,,,,,,,,,,,,,,,,,,,,,,,,,,,,,,,,,,,,,
1905,6,326.0,-18.0,,,,,,,,,,,,,,,,,,,,,,,,,,,,,,,,,,,,,,,,4.63,10.8,12.3,9.66,20,3.56,10,0.5,0.7,0.6,-12.3,-8.7,-4.62,-8.52,20,3.35,10,0.5,0.7,0.6,0.0,0.51,8.7,2.57,20,4.02,10,0.5,0.7,0.6,1014.6,1015.5,1018.63,1016.43,12,2.06,8,0.3,0.6,0.6,,,,,,,,,,,,,,,,,,,,,,,,,,,,,,,,,,,,,,,,,,,,,,,,,,,,,,,,,,,,,,,,,,,,,,,,,,,,,,,,,,,,,,,,,,,,,,,,,,,,,,,,,,,,,,,,,,,,,,,,,,,,,,,,,,,,,,,,,,,,,,,,,,,,,,
1905,6,326.0,-16.0,,,,,,,,,,,,,,,,,,,,,,,,,,,,,,,,,,,,,,,,9.3,10.8,12.3,11.03,16,2.42,8,0.6,0.4,0.6,-10.89,-8.66,-6.58,-8.68,16,1.85,8,0.6,0.4,0.6,3.54,6.58,8.7,6.15,16,3.35,8,0.6,0.4,0.6,1014.3,1015.5,1016.84,1015.71,15,1.23,8,0.6,0.4,0.6,,,,,,,,,,,,,,,,,,,,,,,,,,,,,,,,,,,,,,,,,,,,,,,,,,,,,,,,,,,,,,,,,,,,,,,,,,,,,,,,,,,,,,,,,,,,,,,,,,,,,,,,,,,,,,,,,,,,,,,,,,,,,,,,,,,,,,,,,,,,,,,,,,,,,,
1905,6,326.0,-14.0,,,,,,,,,,,,,,,,,,,,,,,,,,,,,,,,,,,,,,,,9.3,9.3,12.3,9.71,14,2.86,16,0.2,0.6,0.7,-11.27,-8.59,-3.68,-7.94,14,3.25,16,0.2,0.6,0.7,3.25,4.61,6.58,4.71,14,2.7,16,0.2,0.6,0.7,1014.68,1016.3,1019.9,1016.77,13,2.29,16,0.2,0.5,0.7,,,,,,,,,,,,,,,,,,,,,,,,,,,,,,,,,,,,,,,,,,,,,,,,,,,,,,,,,,,,,,,,,,,,,,,,,,,,,,,,,,,,,,,,,,,,,,,,,,,,,,,,,,,,,,,,,,,,,,,,,,,,,,,,,,,,,,,,,,,,,,,,,,,,,,
1905,6,326.0,-12.0,,,,,,,,,,,,,,,,,,,,,,,,,,,,,,,,,,,,,,,,4.6,9.3,10.35,7.85,24,3.05,18,0.7,0.5,0.7,-8.65,-6.58,-3.25,-6.01,24,2.65,18,0.7,0.5,0.7,0.0,3.48,6.58,4.27,24,3.13,18,0.7,0.5,0.7,1014.8,1018.0,1019.15,1017.01,23,2.14,18,0.7,0.5,0.6,,,,,,,,,,,,,,,,,,,,,,,,,,,,,,,,,,,,,,,,,,,,,,,,,,,,,,,,,,,,,,,,,,,,,,,,,,,,,,,,,,,,,,,,,,,,,,,,,,,,,,,,,,,,,,,,,,,,,,,,,,,,,,,,,,,,,,,,,,,,,,,,,,,,,,
1905,6,326.0,-10.0,,,,,,,,,,,,,,,,,,,,,,,,,,,,,,,,,,,,,,,,4.28,6.7,9.3,6.74,63,2.93,14,0.3,0.6,0.7,-8.57,-4.74,-2.62,-5.43,63,2.6,14,0.3,0.6,0.7,0.97,3.48,6.58,3.56,63,2.27,14,0.3,0.6,0.7,1013.8,1015.9,1017.7,1015.94,39,1.84,14,0.4,0.6,0.6,,,,,,,,,,,,,,,,,,,,,,,,,,,,,,,,,,,,,,,,,,,,,,,,,,,,,,,,,,,,,,,,,,,,,,,,,,,,,,,,,,,,,,,,,,,,,,,,,,,,,,,,,,,,,,,,,,,,,,,,,,,,,,,,,,,,,,,,,,,,,,,,,,,,,,
1905,6,326.0,-8.0,,,,,,,,,,,,,,,,,,,,,,,,,,,,,,,,,,,,,,,,4.6,6.7,9.3,7.23,106,2.59,14,0.5,0.6,0.8,-8.62,-6.21,-3.25,-5.66,106,2.5,14,0.5,0.6,0.8,0.65,3.48,6.58,3.78,106,2.56,14,0.5,0.6,0.8,1012.5,1014.65,1016.1,1014.36,42,1.92,14,0.5,0.6,0.7,,,,,,,,,,,,,,,,,,,,,,,,,,,,,,,,,,,,,,,,,,,,,,,,,,,,,,,,,,,,,,,,,,,,,,,,,,,,,,,,,,,,,,,,,,,,,,,,,,,,,,,,,,,,,,,,,,,,,,,,,,,,,,,,,,,,,,,,,,,,,,,,,,,,,,
1905,6,326.0,-6.0,,,,,,,,,,,,,,,,,,,,,,,,,,,,,,,,,,,,,,,,4.6,6.7,9.3,7.53,102,2.66,14,0.5,0.8,0.7,-8.62,-6.21,-3.25,-6.04,102,2.52,14,0.5,0.8,0.7,2.51,3.48,6.58,3.91,102,2.37,14,0.5,0.8,0.7,1011.76,1014.15,1016.08,1014.15,30,1.88,16,0.4,0.9,0.7,,,,,,,,,,,,,,,,,,,,,,,,,,,,,,,,,,,,,,,,,,,,,,,,,,,,,,,,,,,,,,,,,,,,,,,,,,,,,,,,,,,,,,,,,,,,,,,,,,,,,,,,,,,,,,,,,,,,,,,,,,,,,,,,,,,,,,,,,,,,,,,,,,,,,,
1905,6,326.0,-4.0,,,,,,,,,,,,,,,,,,,,,,,,,,,,,,,,,,,,,,,,4.6,6.7,9.3,7.3,54,2.91,14,0.6,1.0,0.7,-8.62,-4.74,-3.25,-5.55,54,2.41,14,0.6,1.0,0.7,2.05,3.48,6.58,4.29,54,2.6,14,0.6,1.0,0.7,1012.84,1013.7,1015.08,1013.83,15,1.29,12,0.7,1.0,0.7,,,,,,,,,,,,,,,,,,,,,,,,,,,,,,,,,,,,,,,,,,,,,,,,,,,,,,,,,,,,,,,,,,,,,,,,,,,,,,,,,,,,,,,,,,,,,,,,,,,,,,,,,,,,,,,,,,,,,,,,,,,,,,,,,,,,,,,,,,,,,,,,,,,,,,
1905,6,326.0,14.0,,,,,,,,,,,,,,,,,,,,,,,,,,,,,,,,,,,,,,,,8.18,9.8,9.8,9.03,4,1.55,22,0.5,0.4,0.6,-8.06,-6.93,-5.78,-6.92,4,1.78,22,0.5,0.4,0.6,-6.93,-5.83,-4.18,-5.57,4,1.63,22,0.5,0.4,0.6,1014.6,1014.6,1014.6,1014.6,1,0.0,12,1.0,0.3,0.8,,,,,,,,,,,,,,,,,,,,,,,,,,,,,,,,,,,,,,,,,,,,,,,,,,,,,,,,,,,,,,,,,,,,,,,,,,,,,,,,,,,,,,,,,,,,,,,,,,,,,,,,,,,,,,,,,,,,,,,,,,,,,,,,,,,,,,,,,,,,,,,,,,,,,,
1905,6,326.0,16.0,,,,,,,,,,,,,,,,,,,,,,,,,,,,,,,,,,,,,,,,9.16,9.8,12.3,10.12,6,2.07,14,0.3,0.6,0.4,-8.78,-7.81,-6.48,-7.51,6,1.65,14,0.3,0.6,0.4,-8.7,-6.93,-4.52,-6.61,6,2.05,14,0.3,0.6,0.4,1016.5,1016.5,1016.5,1016.5,1,0.0,12,1.0,0.8,0.3,,,,,,,,,,,,,,,,,,,,,,,,,,,,,,,,,,,,,,,,,,,,,,,,,,,,,,,,,,,,,,,,,,,,,,,,,,,,,,,,,,,,,,,,,,,,,,,,,,,,,,,,,,,,,,,,,,,,,,,,,,,,,,,,,,,,,,,,,,,,,,,,,,,,,,
1905,6,326.0,30.0,,,,,,,,,,,,,,,,,,,,,,,,,,,,,,,,,,,,,,,,2.02,2.6,7.65,4.44,5,3.44,16,0.6,0.3,0.7,-2.49,0.93,3.77,0.8,5,3.81,16,0.6,0.3,0.7,-4.79,-1.84,-0.51,-2.73,5,3.44,16,0.6,0.3,0.7,1021.38,1024.55,1025.99,1023.73,4,3.35,14,0.8,0.3,0.7,,,,,,,,,,,,,,,,,,,,,,,,,,,,,,,,,,,,,,,,,,,,,,,,,,,,,,,,,,,,,,,,,,,,,,,,,,,,,,,,,,,,,,,,,,,,,,,,,,,,,,,,,,,,,,,,,,,,,,,,,,,,,,,,,,,,,,,,,,,,,,,,,,,,,,
1905,6,326.0,32.0,,,,,,,,,,,,,,,,,,,,,,,,,,,,,,,,,,,,,,,,2.6,4.6,6.7,4.44,8,2.2,14,0.3,0.7,0.3,-1.84,1.76,4.74,1.53,8,3.78,14,0.3,0.7,0.3,-4.57,-2.23,-1.8,-2.69,8,1.46,14,0.3,0.7,0.3,1019.1,1023.15,1026.87,1023.12,6,3.59,14,0.3,0.8,0.2,,,,,,,,,,,,,,,,,,,,,,,,,,,,,,,,,,,,,,,,,,,,,,,,,,,,,,,,,,,,,,,,,,,,,,,,,,,,,,,,,,,,,,,,,,,,,,,,,,,,,,,,,,,,,,,,,,,,,,,,,,,,,,,,,,,,,,,,,,,,,,,,,,,,,,
1905,6,326.0,34.0,,,,,,,,,,,,,,,,,,,,,,,,,,,,,,,,,,,,,,,,5.27,6.7,8.82,7.03,3,2.62,22,0.7,0.6,0.1,4.87,6.17,6.69,5.79,3,1.37,22,0.7,0.6,0.1,-0.35,2.62,5.56,2.61,3,4.33,22,0.7,0.6,0.1,1018.1,1018.1,1018.1,1018.1,1,0.0,26,1.0,0.3,0.3,,,,,,,,,,,,,,,,,,,,,,,,,,,,,,,,,,,,,,,,,,,,,,,,,,,,,,,,,,,,,,,,,,,,,,,,,,,,,,,,,,,,,,,,,,,,,,,,,,,,,,,,,,,,,,,,,,,,,,,,,,,,,,,,,,,,,,,,,,,,,,,,,,,,,,
1905,6,326.0,38.0,,,,,,,,,,,,,,,,,,,,,,,,,,,,,,,,,,,,,,,,0.0,2.6,6.7,3.16,16,2.77,16,0.4,0.5,0.5,0.0,1.84,6.51,2.66,16,2.78,16,0.4,0.5,0.5,-1.84,0.0,0.0,-0.5,16,1.66,16,0.4,0.5,0.5,1016.14,1026.5,1031.23,1024.44,11,6.79,18,0.4,0.5,0.5,,,,,,,,,,,,,,,,,,,,,,,,,,,,,,,,,,,,,,,,,,,,,,,,,,,,,,,,,,,,,,,,,,,,,,,,,,,,,,,,,,,,,,,,,,,,,,,,,,,,,,,,,,,,,,,,,,,,,,,,,,,,,,,,,,,,,,,,,,,,,,,,,,,,,,
1905,6,326.0,40.0,,,,,,,,,,,,,,,,,,,,,,,,,,,,,,,,,,,,,,,,6.7,6.7,9.3,8.19,18,1.93,8,0.5,0.8,0.3,0.0,3.13,6.18,3.1,18,2.93,8,0.5,0.8,0.3,-9.3,-6.43,-1.75,-5.87,18,4.42,8,0.5,0.8,0.3,1025.0,1029.0,1031.62,1027.44,16,5.3,8,0.5,0.8,0.3,,,,,,,,,,,,,,,,,,,,,,,,,,,,,,,,,,,,,,,,,,,,,,,,,,,,,,,,,,,,,,,,,,,,,,,,,,,,,,,,,,,,,,,,,,,,,,,,,,,,,,,,,,,,,,,,,,,,,,,,,,,,,,,,,,,,,,,,,,,,,,,,,,,,,,
1905,6,326.0,42.0,,,,,,,,,,,,,,,,,,,,,,,,,,,,,,,,,,,,,,,,6.7,9.3,9.3,8.19,7,1.39,6,0.4,0.6,0.5,-4.74,9.3,9.3,4.92,7,6.66,6,0.4,0.6,0.5,-4.74,0.0,0.0,-1.35,7,2.31,6,0.4,0.6,0.5,1026.38,1027.9,1029.1,1027.84,7,1.75,6,0.4,0.6,0.5,,,,,,,,,,,,,,,,,,,,,,,,,,,,,,,,,,,,,,,,,,,,,,,,,,,,,,,,,,,,,,,,,,,,,,,,,,,,,,,,,,,,,,,,,,,,,,,,,,,,,,,,,,,,,,,,,,,,,,,,,,,,,,,,,,,,,,,,,,,,,,,,,,,,,,
1905,6,326.0,44.0,,,,,,,,,,,,,,,,,,,,,,,,,,,,,,,,,,,,,,,,2.6,6.7,12.3,7.78,84,4.63,14,0.5,0.7,0.5,0.0,4.74,8.7,5.02,84,4.85,14,0.5,0.7,0.5,-8.56,-1.02,3.12,-2.37,84,5.29,14,0.5,0.7,0.5,1004.89,1014.7,1026.72,1015.6,36,10.63,16,0.6,0.7,0.5,,,,,,,,,,,,,,,,,,,,,,,,,,,,,,,,,,,,,,,,,,,,,,,,,,,,,,,,,,,,,,,,,,,,,,,,,,,,,,,,,,,,,,,,,,,,,,,,,,,,,,,,,,,,,,,,,,,,,,,,,,,,,,,,,,,,,,,,,,,,,,,,,,,,,,
1905,6,326.0,46.0,,,,,,,,,,,,,,,,,,,,,,,,,,,,,,,,,,,,,,,,4.03,6.7,9.3,7.32,37,4.43,18,0.6,0.8,0.1,1.81,4.6,8.62,5.52,37,4.65,18,0.6,0.8,0.1,-4.64,0.0,3.25,-0.63,37,4.61,18,0.6,0.8,0.1,1004.4,1014.8,1022.66,1013.55,18,9.39,20,0.6,0.7,0.1,,,,,,,,,,,,,,,,,,,,,,,,,,,,,,,,,,,,,,,,,,,,,,,,,,,,,,,,,,,,,,,,,,,,,,,,,,,,,,,,,,,,,,,,,,,,,,,,,,,,,,,,,,,,,,,,,,,,,,,,,,,,,,,,,,,,,,,,,,,,,,,,,,,,,,
1905,6,328.0,-42.0,,,,,,,,,,,,,,,,,,,,,,,,,,,,,,,,,,,,,,,,15.97,17.2,18.43,17.2,2,2.55,20,0.0,0.3,0.8,7.19,9.73,12.26,9.73,2,5.25,20,0.0,0.3,0.8,13.55,13.81,14.06,13.81,2,0.52,20,0.0,0.3,0.8,1006.67,1009.4,1012.13,1009.4,2,5.66,20,0.0,0.3,0.8,,,,,,,,,,,,,,,,,,,,,,,,,,,,,,,,,,,,,,,,,,,,,,,,,,,,,,,,,,,,,,,,,,,,,,,,,,,,,,,,,,,,,,,,,,,,,,,,,,,,,,,,,,,,,,,,,,,,,,,,,,,,,,,,,,,,,,,,,,,,,,,,,,,,,,
1905,6,328.0,-40.0,,,,,,,,,,,,,,,,,,,,,,,,,,,,,,,,,,,,,,,,6.7,8.0,10.87,8.75,4,2.67,22,0.8,0.5,0.5,5.61,6.64,7.75,6.68,4,1.62,22,0.8,0.5,0.5,-2.48,3.29,7.69,2.63,4,6.15,22,0.8,0.5,0.5,1016.23,1017.55,1019.19,1017.7,4,1.82,22,0.8,0.5,0.5,,,,,,,,,,,,,,,,,,,,,,,,,,,,,,,,,,,,,,,,,,,,,,,,,,,,,,,,,,,,,,,,,,,,,,,,,,,,,,,,,,,,,,,,,,,,,,,,,,,,,,,,,,,,,,,,,,,,,,,,,,,,,,,,,,,,,,,,,,,,,,,,,,,,,,
1905,6,328.0,-38.0,,,,,,,,,,,,,,,,,,,,,,,,,,,,,,,,,,,,,,,,6.7,9.3,12.84,10.2,5,5.09,26,0.6,0.5,0.6,5.65,6.58,6.77,6.23,5,0.9,26,0.6,0.5,0.6,-10.61,-6.58,-3.96,-7.62,5,5.82,26,0.6,0.5,0.6,1017.38,1020.3,1024.87,1020.54,5,5.15,26,0.6,0.5,0.6,,,,,,,,,,,,,,,,,,,,,,,,,,,,,,,,,,,,,,,,,,,,,,,,,,,,,,,,,,,,,,,,,,,,,,,,,,,,,,,,,,,,,,,,,,,,,,,,,,,,,,,,,,,,,,,,,,,,,,,,,,,,,,,,,,,,,,,,,,,,,,,,,,,,,,
1905,6,328.0,-36.0,,,,,,,,,,,,,,,,,,,,,,,,,,,,,,,,,,,,,,,,6.7,6.7,15.4,9.21,22,4.63,18,0.5,0.5,0.6,0.0,4.23,7.63,4.79,22,4.96,18,0.5,0.5,0.6,-10.48,-6.7,-3.38,-6.67,22,3.86,18,0.5,0.5,0.6,1018.93,1020.7,1024.0,1021.05,22,2.67,18,0.5,0.5,0.6,,,,,,,,,,,,,,,,,,,,,,,,,,,,,,,,,,,,,,,,,,,,,,,,,,,,,,,,,,,,,,,,,,,,,,,,,,,,,,,,,,,,,,,,,,,,,,,,,,,,,,,,,,,,,,,,,,,,,,,,,,,,,,,,,,,,,,,,,,,,,,,,,,,,,,
1905,6,328.0,-34.0,,,,,,,,,,,,,,,,,,,,,,,,,,,,,,,,,,,,,,,,6.7,6.7,9.3,7.58,14,3.57,12,0.4,0.6,0.6,-0.37,4.34,9.25,4.49,14,5.51,12,0.4,0.6,0.6,-6.21,0.0,3.57,-0.84,14,4.67,12,0.4,0.6,0.6,1020.5,1022.95,1027.28,1023.31,12,2.84,14,0.3,0.5,0.5,,,,,,,,,,,,,,,,,,,,,,,,,,,,,,,,,,,,,,,,,,,,,,,,,,,,,,,,,,,,,,,,,,,,,,,,,,,,,,,,,,,,,,,,,,,,,,,,,,,,,,,,,,,,,,,,,,,,,,,,,,,,,,,,,,,,,,,,,,,,,,,,,,,,,,
1905,6,328.0,-32.0,,,,,,,,,,,,,,,,,,,,,,,,,,,,,,,,,,,,,,,,2.6,6.7,9.3,6.65,31,4.96,12,0.5,0.8,0.7,-4.35,-1.84,2.51,-1.95,31,4.34,12,0.5,0.8,0.7,-7.14,-1.02,6.21,-1.53,31,6.72,12,0.5,0.8,0.7,1023.97,1028.3,1029.68,1027.1,15,2.92,20,0.6,0.8,0.7,,,,,,,,,,,,,,,,,,,,,,,,,,,,,,,,,,,,,,,,,,,,,,,,,,,,,,,,,,,,,,,,,,,,,,,,,,,,,,,,,,,,,,,,,,,,,,,,,,,,,,,,,,,,,,,,,,,,,,,,,,,,,,,,,,,,,,,,,,,,,,,,,,,,,,
1905,6,328.0,-30.0,,,,,,,,,,,,,,,,,,,,,,,,,,,,,,,,,,,,,,,,1.0,4.6,9.3,5.01,35,3.61,18,0.5,0.7,0.6,-4.74,0.0,2.6,-0.63,35,3.91,18,0.5,0.7,0.6,-6.65,-4.23,0.71,-2.98,35,3.75,18,0.5,0.7,0.6,1024.4,1025.2,1025.75,1025.14,23,0.94,26,0.5,0.7,0.5,,,,,,,,,,,,,,,,,,,,,,,,,,,,,,,,,,,,,,,,,,,,,,,,,,,,,,,,,,,,,,,,,,,,,,,,,,,,,,,,,,,,,,,,,,,,,,,,,,,,,,,,,,,,,,,,,,,,,,,,,,,,,,,,,,,,,,,,,,,,,,,,,,,,,,
1905,6,328.0,-26.0,,,,,,,,,,,,,,,,,,,,,,,,,,,,,,,,,,,,,,,,4.6,4.6,6.7,5.44,5,1.15,8,0.4,0.8,0.8,-4.74,0.0,0.0,-1.9,5,2.59,8,0.4,0.8,0.8,-4.74,4.6,4.6,0.86,5,5.11,8,0.4,0.8,0.8,1017.32,1018.4,1022.55,1019.56,5,2.88,8,0.4,0.8,0.8,,,,,,,,,,,,,,,,,,,,,,,,,,,,,,,,,,,,,,,,,,,,,,,,,,,,,,,,,,,,,,,,,,,,,,,,,,,,,,,,,,,,,,,,,,,,,,,,,,,,,,,,,,,,,,,,,,,,,,,,,,,,,,,,,,,,,,,,,,,,,,,,,,,,,,
1905,6,328.0,-24.0,,,,,,,,,,,,,,,,,,,,,,,,,,,,,,,,,,,,,,,,2.37,4.6,9.73,5.25,19,3.95,20,0.5,0.6,0.4,-6.99,-2.41,0.25,-2.95,19,4.34,20,0.5,0.6,0.4,-4.89,0.0,1.92,-1.22,19,3.89,20,0.5,0.6,0.4,1020.11,1022.5,1023.66,1021.76,18,2.65,20,0.6,0.6,0.4,,,,,,,,,,,,,,,,,,,,,,,,,,,,,,,,,,,,,,,,,,,,,,,,,,,,,,,,,,,,,,,,,,,,,,,,,,,,,,,,,,,,,,,,,,,,,,,,,,,,,,,,,,,,,,,,,,,,,,,,,,,,,,,,,,,,,,,,,,,,,,,,,,,,,,
1905,6,328.0,-22.0,,,,,,,,,,,,,,,,,,,,,,,,,,,,,,,,,,,,,,,,6.17,6.7,6.7,6.82,12,1.91,14,0.5,0.6,0.5,-6.21,-6.17,-4.7,-6.04,12,2.12,14,0.5,0.6,0.5,-4.74,-0.86,2.62,-0.87,12,3.03,14,0.5,0.6,0.5,1023.96,1024.4,1024.82,1024.36,5,0.73,28,0.6,0.8,0.5,,,,,,,,,,,,,,,,,,,,,,,,,,,,,,,,,,,,,,,,,,,,,,,,,,,,,,,,,,,,,,,,,,,,,,,,,,,,,,,,,,,,,,,,,,,,,,,,,,,,,,,,,,,,,,,,,,,,,,,,,,,,,,,,,,,,,,,,,,,,,,,,,,,,,,
1905,6,328.0,-20.0,,,,,,,,,,,,,,,,,,,,,,,,,,,,,,,,,,,,,,,,5.07,6.7,12.3,8.91,15,3.77,16,0.5,0.6,0.6,-12.3,-6.7,-4.63,-8.48,15,3.98,16,0.5,0.6,0.6,-3.59,0.0,1.4,-0.4,15,2.49,16,0.5,0.6,0.6,1019.67,1020.75,1024.36,1021.45,8,2.24,20,0.4,0.8,0.5,,,,,,,,,,,,,,,,,,,,,,,,,,,,,,,,,,,,,,,,,,,,,,,,,,,,,,,,,,,,,,,,,,,,,,,,,,,,,,,,,,,,,,,,,,,,,,,,,,,,,,,,,,,,,,,,,,,,,,,,,,,,,,,,,,,,,,,,,,,,,,,,,,,,,,
1905,6,328.0,-18.0,,,,,,,,,,,,,,,,,,,,,,,,,,,,,,,,,,,,,,,,5.5,9.3,9.3,8.14,10,2.43,14,0.7,0.6,0.6,-9.3,-8.56,-5.06,-7.64,10,2.34,14,0.7,0.6,0.6,0.77,2.62,3.63,2.45,10,1.59,14,0.7,0.6,0.6,1018.24,1019.1,1020.23,1019.14,7,1.25,18,0.7,0.8,0.5,,,,,,,,,,,,,,,,,,,,,,,,,,,,,,,,,,,,,,,,,,,,,,,,,,,,,,,,,,,,,,,,,,,,,,,,,,,,,,,,,,,,,,,,,,,,,,,,,,,,,,,,,,,,,,,,,,,,,,,,,,,,,,,,,,,,,,,,,,,,,,,,,,,,,,
1905,6,328.0,-16.0,,,,,,,,,,,,,,,,,,,,,,,,,,,,,,,,,,,,,,,,6.17,9.3,12.3,9.55,12,2.94,12,0.3,0.4,0.5,-12.3,-8.93,-5.73,-8.81,12,3.31,12,0.3,0.4,0.5,0.0,3.25,4.81,2.5,12,2.38,12,0.3,0.4,0.5,1017.2,1018.25,1018.4,1018.05,8,0.77,16,0.4,0.5,0.4,,,,,,,,,,,,,,,,,,,,,,,,,,,,,,,,,,,,,,,,,,,,,,,,,,,,,,,,,,,,,,,,,,,,,,,,,,,,,,,,,,,,,,,,,,,,,,,,,,,,,,,,,,,,,,,,,,,,,,,,,,,,,,,,,,,,,,,,,,,,,,,,,,,,,,
1905,6,328.0,-14.0,,,,,,,,,,,,,,,,,,,,,,,,,,,,,,,,,,,,,,,,12.3,12.3,15.4,13.15,11,1.99,8,0.6,0.6,0.6,-12.3,-11.32,-10.23,-11.22,11,1.47,8,0.6,0.6,0.6,0.0,4.81,10.89,5.62,11,4.36,8,0.6,0.6,0.6,1015.13,1016.1,1019.89,1017.05,6,2.69,10,0.7,0.5,0.6,,,,,,,,,,,,,,,,,,,,,,,,,,,,,,,,,,,,,,,,,,,,,,,,,,,,,,,,,,,,,,,,,,,,,,,,,,,,,,,,,,,,,,,,,,,,,,,,,,,,,,,,,,,,,,,,,,,,,,,,,,,,,,,,,,,,,,,,,,,,,,,,,,,,,,
1905,6,328.0,-12.0,,,,,,,,,,,,,,,,,,,,,,,,,,,,,,,,,,,,,,,,12.3,12.3,15.4,12.7,20,2.73,10,0.5,0.6,0.7,-14.15,-11.32,-8.7,-10.75,20,2.81,10,0.5,0.6,0.7,0.05,5.29,10.86,5.52,20,3.94,10,0.5,0.6,0.7,1010.9,1013.75,1016.31,1013.82,10,2.52,12,0.5,0.6,0.6,,,,,,,,,,,,,,,,,,,,,,,,,,,,,,,,,,,,,,,,,,,,,,,,,,,,,,,,,,,,,,,,,,,,,,,,,,,,,,,,,,,,,,,,,,,,,,,,,,,,,,,,,,,,,,,,,,,,,,,,,,,,,,,,,,,,,,,,,,,,,,,,,,,,,,
1905,6,328.0,-10.0,,,,,,,,,,,,,,,,,,,,,,,,,,,,,,,,,,,,,,,,9.3,12.3,15.4,11.85,26,3.06,14,0.5,0.6,0.6,-12.3,-10.89,-6.58,-9.89,26,2.88,14,0.5,0.6,0.6,3.43,4.81,10.89,5.74,26,3.36,14,0.5,0.6,0.6,1011.31,1013.2,1014.9,1013.37,13,2.49,16,0.5,0.5,0.6,,,,,,,,,,,,,,,,,,,,,,,,,,,,,,,,,,,,,,,,,,,,,,,,,,,,,,,,,,,,,,,,,,,,,,,,,,,,,,,,,,,,,,,,,,,,,,,,,,,,,,,,,,,,,,,,,,,,,,,,,,,,,,,,,,,,,,,,,,,,,,,,,,,,,,
1905,6,328.0,-8.0,,,,,,,,,,,,,,,,,,,,,,,,,,,,,,,,,,,,,,,,4.6,9.3,12.3,9.12,32,2.88,16,0.6,0.7,0.6,-11.4,-8.59,-4.27,-7.82,32,2.69,16,0.6,0.7,0.6,1.79,3.63,6.58,4.15,32,2.5,16,0.6,0.7,0.6,1012.89,1014.85,1016.79,1014.41,18,2.42,16,0.6,0.6,0.6,,,,,,,,,,,,,,,,,,,,,,,,,,,,,,,,,,,,,,,,,,,,,,,,,,,,,,,,,,,,,,,,,,,,,,,,,,,,,,,,,,,,,,,,,,,,,,,,,,,,,,,,,,,,,,,,,,,,,,,,,,,,,,,,,,,,,,,,,,,,,,,,,,,,,,
1905,6,328.0,-6.0,,,,,,,,,,,,,,,,,,,,,,,,,,,,,,,,,,,,,,,,5.0,9.3,9.3,8.0,40,2.29,12,0.4,0.7,0.7,-8.7,-6.58,-4.35,-6.63,40,2.5,12,0.4,0.7,0.7,2.65,3.56,4.74,3.9,40,1.95,12,0.4,0.7,0.7,1012.36,1013.6,1016.73,1014.3,18,2.11,14,0.5,0.7,0.6,,,,,,,,,,,,,,,,,,,,,,,,,,,,,,,,,,,,,,,,,,,,,,,,,,,,,,,,,,,,,,,,,,,,,,,,,,,,,,,,,,,,,,,,,,,,,,,,,,,,,,,,,,,,,,,,,,,,,,,,,,,,,,,,,,,,,,,,,,,,,,,,,,,,,,
1905,6,328.0,-4.0,,,,,,,,,,,,,,,,,,,,,,,,,,,,,,,,,,,,,,,,4.6,6.7,11.64,7.73,78,2.75,14,0.5,0.6,0.8,-8.7,-6.21,-3.25,-6.32,78,2.82,14,0.5,0.6,0.8,1.99,3.48,4.79,3.84,78,2.18,14,0.5,0.6,0.8,1009.77,1013.15,1014.34,1012.66,24,2.1,14,0.4,0.6,0.7,,,,,,,,,,,,,,,,,,,,,,,,,,,,,,,,,,,,,,,,,,,,,,,,,,,,,,,,,,,,,,,,,,,,,,,,,,,,,,,,,,,,,,,,,,,,,,,,,,,,,,,,,,,,,,,,,,,,,,,,,,,,,,,,,,,,,,,,,,,,,,,,,,,,,,
1905,6,328.0,-2.0,,,,,,,,,,,,,,,,,,,,,,,,,,,,,,,,,,,,,,,,4.6,6.7,9.3,7.09,108,2.23,16,0.5,0.7,0.7,-8.62,-6.21,-3.25,-5.8,108,2.38,16,0.5,0.7,0.7,2.51,3.48,4.74,3.63,108,1.66,16,0.5,0.7,0.7,1011.75,1014.0,1015.49,1013.68,33,1.77,16,0.5,0.6,0.7,,,,,,,,,,,,,,,,,,,,,,,,,,,,,,,,,,,,,,,,,,,,,,,,,,,,,,,,,,,,,,,,,,,,,,,,,,,,,,,,,,,,,,,,,,,,,,,,,,,,,,,,,,,,,,,,,,,,,,,,,,,,,,,,,,,,,,,,,,,,,,,,,,,,,,
1905,6,328.0,0.0,,,,,,,,,,,,,,,,,,,,,,,,,,,,,,,,,,,,,,,,4.6,6.7,9.3,6.17,76,2.23,14,0.5,0.9,0.3,-6.58,-4.74,-3.25,-4.87,76,1.88,14,0.5,0.9,0.3,1.72,3.25,4.74,3.37,76,2.11,14,0.5,0.9,0.3,1012.27,1013.25,1015.23,1013.57,22,1.5,14,0.4,0.9,0.2,,,,,,,,,,,,,,,,,,,,,,,,,,,,,,,,,,,,,,,,,,,,,,,,,,,,,,,,,,,,,,,,,,,,,,,,,,,,,,,,,,,,,,,,,,,,,,,,,,,,,,,,,,,,,,,,,,,,,,,,,,,,,,,,,,,,,,,,,,,,,,,,,,,,,,
1905,6,328.0,2.0,,,,,,,,,,,,,,,,,,,,,,,,,,,,,,,,,,,,,,,,2.6,4.6,6.7,5.59,32,2.56,14,0.4,0.8,0.3,-6.7,-4.25,-2.6,-4.44,32,2.28,14,0.4,0.8,0.3,0.0,2.51,4.27,2.63,32,2.49,14,0.4,0.8,0.3,1012.01,1013.4,1013.87,1013.0,9,0.95,18,0.8,0.9,0.3,,,,,,,,,,,,,,,,,,,,,,,,,,,,,,,,,,,,,,,,,,,,,,,,,,,,,,,,,,,,,,,,,,,,,,,,,,,,,,,,,,,,,,,,,,,,,,,,,,,,,,,,,,,,,,,,,,,,,,,,,,,,,,,,,,,,,,,,,,,,,,,,,,,,,,
1905,6,328.0,4.0,,,,,,,,,,,,,,,,,,,,,,,,,,,,,,,,,,,,,,,,2.02,2.6,4.1,3.1,5,2.13,12,0.4,0.3,0.5,-3.78,-2.39,-1.78,-2.81,5,2.01,12,0.4,0.3,0.5,-0.8,1.02,1.6,0.59,5,1.47,12,0.4,0.3,0.5,1013.4,1013.4,1013.4,1013.4,2,0.0,30,1.0,0.8,0.3,,,,,,,,,,,,,,,,,,,,,,,,,,,,,,,,,,,,,,,,,,,,,,,,,,,,,,,,,,,,,,,,,,,,,,,,,,,,,,,,,,,,,,,,,,,,,,,,,,,,,,,,,,,,,,,,,,,,,,,,,,,,,,,,,,,,,,,,,,,,,,,,,,,,,,
1905,6,328.0,16.0,,,,,,,,,,,,,,,,,,,,,,,,,,,,,,,,,,,,,,,,6.7,9.8,9.8,8.56,5,1.7,20,0.6,0.3,0.6,-6.93,-6.93,-4.74,-6.05,5,1.2,20,0.6,0.3,0.6,-6.93,-6.93,-4.74,-6.05,5,1.2,20,0.6,0.3,0.6,1016.5,1017.15,1017.8,1017.15,2,1.34,12,0.0,0.3,0.8,,,,,,,,,,,,,,,,,,,,,,,,,,,,,,,,,,,,,,,,,,,,,,,,,,,,,,,,,,,,,,,,,,,,,,,,,,,,,,,,,,,,,,,,,,,,,,,,,,,,,,,,,,,,,,,,,,,,,,,,,,,,,,,,,,,,,,,,,,,,,,,,,,,,,,
1905,6,328.0,18.0,,,,,,,,,,,,,,,,,,,,,,,,,,,,,,,,,,,,,,,,6.7,6.7,12.02,8.49,8,2.58,14,0.4,0.6,0.4,-8.5,-6.21,-4.74,-6.37,8,1.66,14,0.4,0.6,0.4,-8.5,-4.74,-2.76,-5.44,8,2.45,14,0.4,0.6,0.4,1016.99,1017.4,1017.81,1017.4,2,0.85,10,0.5,0.8,0.3,,,,,,,,,,,,,,,,,,,,,,,,,,,,,,,,,,,,,,,,,,,,,,,,,,,,,,,,,,,,,,,,,,,,,,,,,,,,,,,,,,,,,,,,,,,,,,,,,,,,,,,,,,,,,,,,,,,,,,,,,,,,,,,,,,,,,,,,,,,,,,,,,,,,,,
1905,6,328.0,32.0,,,,,,,,,,,,,,,,,,,,,,,,,,,,,,,,,,,,,,,,2.27,2.6,9.3,4.57,6,3.72,14,0.7,0.5,0.7,-4.24,-1.27,1.84,-1.51,6,3.27,14,0.7,0.5,0.7,-6.99,-1.84,-1.6,-3.56,6,3.2,14,0.7,0.5,0.7,1019.27,1022.35,1025.98,1022.47,6,3.23,14,0.7,0.5,0.7,,,,,,,,,,,,,,,,,,,,,,,,,,,,,,,,,,,,,,,,,,,,,,,,,,,,,,,,,,,,,,,,,,,,,,,,,,,,,,,,,,,,,,,,,,,,,,,,,,,,,,,,,,,,,,,,,,,,,,,,,,,,,,,,,,,,,,,,,,,,,,,,,,,,,,
1905,6,328.0,34.0,,,,,,,,,,,,,,,,,,,,,,,,,,,,,,,,,,,,,,,,1.53,2.6,5.47,3.42,11,2.28,16,0.5,0.7,0.2,-1.84,0.0,4.46,1.26,11,3.04,16,0.5,0.7,0.2,-2.82,-1.84,0.0,-1.14,11,2.37,16,0.5,0.7,0.2,1018.81,1019.5,1026.43,1021.25,8,3.72,18,0.4,0.7,0.3,,,,,,,,,,,,,,,,,,,,,,,,,,,,,,,,,,,,,,,,,,,,,,,,,,,,,,,,,,,,,,,,,,,,,,,,,,,,,,,,,,,,,,,,,,,,,,,,,,,,,,,,,,,,,,,,,,,,,,,,,,,,,,,,,,,,,,,,,,,,,,,,,,,,,,
1905,6,328.0,38.0,,,,,,,,,,,,,,,,,,,,,,,,,,,,,,,,,,,,,,,,0.59,4.6,5.47,3.31,11,2.5,16,0.6,0.4,0.5,-1.16,0.0,3.81,0.89,11,2.62,16,0.6,0.4,0.5,-4.23,0.0,0.83,-1.53,11,2.83,16,0.6,0.4,0.5,1017.03,1023.1,1031.54,1024.0,9,6.6,16,0.7,0.4,0.5,,,,,,,,,,,,,,,,,,,,,,,,,,,,,,,,,,,,,,,,,,,,,,,,,,,,,,,,,,,,,,,,,,,,,,,,,,,,,,,,,,,,,,,,,,,,,,,,,,,,,,,,,,,,,,,,,,,,,,,,,,,,,,,,,,,,,,,,,,,,,,,,,,,,,,
1905,6,328.0,40.0,,,,,,,,,,,,,,,,,,,,,,,,,,,,,,,,,,,,,,,,2.6,6.7,9.3,6.23,27,3.55,16,0.5,0.9,0.3,-3.48,0.0,4.74,0.44,27,3.89,16,0.5,0.9,0.3,-8.62,-2.62,0.67,-3.7,27,4.84,16,0.5,0.9,0.3,1014.81,1028.0,1032.27,1025.2,13,7.95,12,0.5,0.7,0.4,,,,,,,,,,,,,,,,,,,,,,,,,,,,,,,,,,,,,,,,,,,,,,,,,,,,,,,,,,,,,,,,,,,,,,,,,,,,,,,,,,,,,,,,,,,,,,,,,,,,,,,,,,,,,,,,,,,,,,,,,,,,,,,,,,,,,,,,,,,,,,,,,,,,,,
1905,6,328.0,42.0,,,,,,,,,,,,,,,,,,,,,,,,,,,,,,,,,,,,,,,,4.6,6.7,9.01,6.56,8,1.95,6,0.5,0.8,0.2,-1.24,3.25,6.69,3.15,8,4.6,6,0.5,0.8,0.2,-6.01,-3.76,-0.36,-3.53,8,2.49,6,0.5,0.8,0.2,1026.62,1030.0,1030.0,1029.09,8,2.04,6,0.5,0.8,0.2,,,,,,,,,,,,,,,,,,,,,,,,,,,,,,,,,,,,,,,,,,,,,,,,,,,,,,,,,,,,,,,,,,,,,,,,,,,,,,,,,,,,,,,,,,,,,,,,,,,,,,,,,,,,,,,,,,,,,,,,,,,,,,,,,,,,,,,,,,,,,,,,,,,,,,
1905,6,328.0,44.0,,,,,,,,,,,,,,,,,,,,,,,,,,,,,,,,,,,,,,,,3.9,6.7,15.4,8.88,24,5.57,18,0.4,0.6,0.5,1.8,4.74,9.62,5.49,24,5.23,18,0.4,0.6,0.5,-8.7,-2.55,4.76,-2.16,24,7.04,18,0.4,0.6,0.5,1007.75,1012.5,1024.28,1014.63,12,8.92,18,0.4,0.6,0.6,,,,,,,,,,,,,,,,,,,,,,,,,,,,,,,,,,,,,,,,,,,,,,,,,,,,,,,,,,,,,,,,,,,,,,,,,,,,,,,,,,,,,,,,,,,,,,,,,,,,,,,,,,,,,,,,,,,,,,,,,,,,,,,,,,,,,,,,,,,,,,,,,,,,,,
1905,6,328.0,46.0,,,,,,,,,,,,,,,,,,,,,,,,,,,,,,,,,,,,,,,,2.6,6.7,12.3,7.48,86,4.32,16,0.6,0.8,0.1,1.76,4.43,8.7,5.02,86,4.34,16,0.6,0.8,0.1,-8.56,0.0,4.27,-1.29,86,5.4,16,0.6,0.8,0.1,1004.76,1012.0,1025.27,1014.09,31,9.89,16,0.7,0.7,0.2,,,,,,,,,,,,,,,,,,,,,,,,,,,,,,,,,,,,,,,,,,,,,,,,,,,,,,,,,,,,,,,,,,,,,,,,,,,,,,,,,,,,,,,,,,,,,,,,,,,,,,,,,,,,,,,,,,,,,,,,,,,,,,,,,,,,,,,,,,,,,,,,,,,,,,
1905,6,330.0,-38.0,,,,,,,,,,,,,,,,,,,,,,,,,,,,,,,,,,,,,,,,9.3,9.3,9.3,9.3,5,0.0,22,0.6,0.5,0.6,3.48,3.48,4.61,4.1,5,1.38,22,0.6,0.5,0.6,-8.62,-8.62,-7.88,-8.21,5,0.92,22,0.6,0.5,0.6,1016.4,1016.8,1017.18,1016.82,5,0.46,22,0.6,0.5,0.6,,,,,,,,,,,,,,,,,,,,,,,,,,,,,,,,,,,,,,,,,,,,,,,,,,,,,,,,,,,,,,,,,,,,,,,,,,,,,,,,,,,,,,,,,,,,,,,,,,,,,,,,,,,,,,,,,,,,,,,,,,,,,,,,,,,,,,,,,,,,,,,,,,,,,,
1905,6,330.0,-36.0,,,,,,,,,,,,,,,,,,,,,,,,,,,,,,,,,,,,,,,,7.53,9.3,9.3,8.43,3,1.5,18,0.0,0.6,0.4,1.11,3.48,5.59,3.35,3,3.29,18,0.0,0.6,0.4,-8.01,-6.7,-6.62,-7.3,3,1.15,18,0.0,0.6,0.4,1014.01,1015.1,1019.67,1016.8,3,4.4,18,0.0,0.6,0.4,,,,,,,,,,,,,,,,,,,,,,,,,,,,,,,,,,,,,,,,,,,,,,,,,,,,,,,,,,,,,,,,,,,,,,,,,,,,,,,,,,,,,,,,,,,,,,,,,,,,,,,,,,,,,,,,,,,,,,,,,,,,,,,,,,,,,,,,,,,,,,,,,,,,,,
1905,6,330.0,-34.0,,,,,,,,,,,,,,,,,,,,,,,,,,,,,,,,,,,,,,,,4.6,6.7,9.3,6.85,26,2.64,12,0.5,0.5,0.4,-2.68,0.0,3.48,-0.03,26,3.61,12,0.5,0.5,0.4,-6.7,-4.74,4.41,-2.25,26,6.12,12,0.5,0.5,0.4,1023.88,1025.4,1026.34,1025.1,24,1.73,14,0.5,0.5,0.3,,,,,,,,,,,,,,,,,,,,,,,,,,,,,,,,,,,,,,,,,,,,,,,,,,,,,,,,,,,,,,,,,,,,,,,,,,,,,,,,,,,,,,,,,,,,,,,,,,,,,,,,,,,,,,,,,,,,,,,,,,,,,,,,,,,,,,,,,,,,,,,,,,,,,,
1905,6,330.0,-32.0,,,,,,,,,,,,,,,,,,,,,,,,,,,,,,,,,,,,,,,,2.6,6.7,9.3,6.35,13,3.33,20,0.5,0.3,0.5,-6.95,-4.74,-2.34,-4.84,13,3.12,20,0.5,0.3,0.5,-6.21,-4.74,0.0,-3.15,13,2.97,20,0.5,0.3,0.5,1025.46,1026.7,1028.47,1026.87,10,1.5,24,0.5,0.3,0.5,,,,,,,,,,,,,,,,,,,,,,,,,,,,,,,,,,,,,,,,,,,,,,,,,,,,,,,,,,,,,,,,,,,,,,,,,,,,,,,,,,,,,,,,,,,,,,,,,,,,,,,,,,,,,,,,,,,,,,,,,,,,,,,,,,,,,,,,,,,,,,,,,,,,,,
1905,6,330.0,-30.0,,,,,,,,,,,,,,,,,,,,,,,,,,,,,,,,,,,,,,,,4.6,6.7,9.3,7.4,16,2.73,14,0.6,0.5,0.7,-7.89,1.72,4.74,-0.49,16,6.33,14,0.6,0.5,0.7,-4.27,1.63,5.88,1.14,16,4.91,14,0.6,0.5,0.7,1024.12,1025.0,1026.19,1025.07,11,0.98,20,0.7,0.4,0.7,,,,,,,,,,,,,,,,,,,,,,,,,,,,,,,,,,,,,,,,,,,,,,,,,,,,,,,,,,,,,,,,,,,,,,,,,,,,,,,,,,,,,,,,,,,,,,,,,,,,,,,,,,,,,,,,,,,,,,,,,,,,,,,,,,,,,,,,,,,,,,,,,,,,,,
1905,6,330.0,-28.0,,,,,,,,,,,,,,,,,,,,,,,,,,,,,,,,,,,,,,,,2.95,6.7,9.3,6.45,21,2.98,18,0.5,0.7,0.5,-6.7,-1.8,3.44,-2.12,21,4.99,18,0.5,0.7,0.5,-4.23,0.0,4.79,-0.32,21,4.77,18,0.5,0.7,0.5,1023.03,1024.6,1026.08,1024.44,17,1.67,20,0.4,0.6,0.4,,,,,,,,,,,,,,,,,,,,,,,,,,,,,,,,,,,,,,,,,,,,,,,,,,,,,,,,,,,,,,,,,,,,,,,,,,,,,,,,,,,,,,,,,,,,,,,,,,,,,,,,,,,,,,,,,,,,,,,,,,,,,,,,,,,,,,,,,,,,,,,,,,,,,,
1905,6,330.0,-26.0,,,,,,,,,,,,,,,,,,,,,,,,,,,,,,,,,,,,,,,,4.6,5.65,6.7,5.5,20,2.26,12,0.5,0.5,0.6,-6.21,-4.67,-3.25,-4.6,20,2.47,12,0.5,0.5,0.6,-3.25,-1.25,1.8,-0.59,20,2.88,12,0.5,0.5,0.6,1019.72,1022.6,1025.18,1022.47,21,2.51,12,0.5,0.5,0.5,,,,,,,,,,,,,,,,,,,,,,,,,,,,,,,,,,,,,,,,,,,,,,,,,,,,,,,,,,,,,,,,,,,,,,,,,,,,,,,,,,,,,,,,,,,,,,,,,,,,,,,,,,,,,,,,,,,,,,,,,,,,,,,,,,,,,,,,,,,,,,,,,,,,,,
1905,6,330.0,-24.0,,,,,,,,,,,,,,,,,,,,,,,,,,,,,,,,,,,,,,,,6.31,6.7,9.3,7.18,13,2.95,16,0.6,0.7,0.5,-9.3,-6.7,-4.46,-6.67,13,3.07,16,0.6,0.7,0.5,-4.62,0.0,0.0,-1.55,13,2.06,16,0.6,0.7,0.5,1022.44,1023.4,1024.39,1023.43,14,1.18,16,0.6,0.6,0.5,,,,,,,,,,,,,,,,,,,,,,,,,,,,,,,,,,,,,,,,,,,,,,,,,,,,,,,,,,,,,,,,,,,,,,,,,,,,,,,,,,,,,,,,,,,,,,,,,,,,,,,,,,,,,,,,,,,,,,,,,,,,,,,,,,,,,,,,,,,,,,,,,,,,,,
1905,6,330.0,-22.0,,,,,,,,,,,,,,,,,,,,,,,,,,,,,,,,,,,,,,,,6.7,9.3,9.3,8.56,10,1.84,14,0.4,0.6,0.4,-9.3,-8.0,-6.7,-8.29,10,1.92,14,0.4,0.6,0.4,0.0,0.0,0.0,0.66,10,2.08,14,0.4,0.6,0.4,1021.63,1022.8,1023.91,1022.76,10,1.33,14,0.4,0.6,0.4,,,,,,,,,,,,,,,,,,,,,,,,,,,,,,,,,,,,,,,,,,,,,,,,,,,,,,,,,,,,,,,,,,,,,,,,,,,,,,,,,,,,,,,,,,,,,,,,,,,,,,,,,,,,,,,,,,,,,,,,,,,,,,,,,,,,,,,,,,,,,,,,,,,,,,
1905,6,330.0,-20.0,,,,,,,,,,,,,,,,,,,,,,,,,,,,,,,,,,,,,,,,2.6,6.7,9.3,5.65,17,3.28,8,0.5,0.9,0.6,-9.3,-4.74,-2.08,-4.98,17,3.51,8,0.5,0.9,0.6,-4.48,-1.02,0.0,-1.53,17,1.88,8,0.5,0.9,0.6,1021.01,1021.4,1022.07,1021.48,6,0.8,18,0.5,0.8,0.5,,,,,,,,,,,,,,,,,,,,,,,,,,,,,,,,,,,,,,,,,,,,,,,,,,,,,,,,,,,,,,,,,,,,,,,,,,,,,,,,,,,,,,,,,,,,,,,,,,,,,,,,,,,,,,,,,,,,,,,,,,,,,,,,,,,,,,,,,,,,,,,,,,,,,,
1905,6,330.0,-18.0,,,,,,,,,,,,,,,,,,,,,,,,,,,,,,,,,,,,,,,,6.7,9.3,9.3,8.2,11,2.12,12,0.4,0.5,0.6,-9.3,-8.56,-6.17,-7.91,11,2.06,12,0.4,0.5,0.6,-2.14,0.0,1.5,0.13,11,2.3,12,0.4,0.5,0.6,1018.12,1019.5,1021.43,1019.8,5,1.97,18,0.2,0.6,0.6,,,,,,,,,,,,,,,,,,,,,,,,,,,,,,,,,,,,,,,,,,,,,,,,,,,,,,,,,,,,,,,,,,,,,,,,,,,,,,,,,,,,,,,,,,,,,,,,,,,,,,,,,,,,,,,,,,,,,,,,,,,,,,,,,,,,,,,,,,,,,,,,,,,,,,
1905,6,330.0,-16.0,,,,,,,,,,,,,,,,,,,,,,,,,,,,,,,,,,,,,,,,6.86,9.3,9.3,9.39,14,2.26,14,0.6,0.5,0.6,-9.3,-8.56,-6.32,-8.59,14,1.91,14,0.6,0.5,0.6,-2.45,0.0,3.63,1.38,14,3.87,14,0.6,0.5,0.6,1017.1,1017.5,1018.88,1017.85,11,0.88,18,0.6,0.5,0.5,,,,,,,,,,,,,,,,,,,,,,,,,,,,,,,,,,,,,,,,,,,,,,,,,,,,,,,,,,,,,,,,,,,,,,,,,,,,,,,,,,,,,,,,,,,,,,,,,,,,,,,,,,,,,,,,,,,,,,,,,,,,,,,,,,,,,,,,,,,,,,,,,,,,,,
1905,6,330.0,-14.0,,,,,,,,,,,,,,,,,,,,,,,,,,,,,,,,,,,,,,,,8.93,9.3,12.74,10.64,19,2.82,18,0.6,0.4,0.6,-11.32,-9.3,-8.22,-9.16,19,2.15,18,0.6,0.4,0.6,-0.38,3.63,9.01,3.49,19,4.64,18,0.6,0.4,0.6,1016.2,1017.05,1018.36,1017.16,16,1.18,20,0.6,0.4,0.5,,,,,,,,,,,,,,,,,,,,,,,,,,,,,,,,,,,,,,,,,,,,,,,,,,,,,,,,,,,,,,,,,,,,,,,,,,,,,,,,,,,,,,,,,,,,,,,,,,,,,,,,,,,,,,,,,,,,,,,,,,,,,,,,,,,,,,,,,,,,,,,,,,,,,,
1905,6,330.0,-12.0,,,,,,,,,,,,,,,,,,,,,,,,,,,,,,,,,,,,,,,,4.6,9.3,9.3,7.83,16,2.35,20,0.5,0.5,0.5,-8.62,-6.58,-4.23,-6.5,16,2.44,20,0.5,0.5,0.5,2.35,3.56,5.9,3.93,16,1.82,20,0.5,0.5,0.5,1015.21,1015.85,1017.2,1016.16,16,1.15,20,0.5,0.5,0.5,,,,,,,,,,,,,,,,,,,,,,,,,,,,,,,,,,,,,,,,,,,,,,,,,,,,,,,,,,,,,,,,,,,,,,,,,,,,,,,,,,,,,,,,,,,,,,,,,,,,,,,,,,,,,,,,,,,,,,,,,,,,,,,,,,,,,,,,,,,,,,,,,,,,,,
1905,6,330.0,-10.0,,,,,,,,,,,,,,,,,,,,,,,,,,,,,,,,,,,,,,,,4.6,8.0,12.3,8.71,22,3.96,16,0.5,0.7,0.6,-9.3,-6.64,-4.6,-7.12,22,2.37,16,0.5,0.7,0.6,0.0,1.31,8.7,3.78,22,4.63,16,0.5,0.7,0.6,1013.26,1014.9,1015.88,1014.48,17,1.82,16,0.5,0.7,0.6,,,,,,,,,,,,,,,,,,,,,,,,,,,,,,,,,,,,,,,,,,,,,,,,,,,,,,,,,,,,,,,,,,,,,,,,,,,,,,,,,,,,,,,,,,,,,,,,,,,,,,,,,,,,,,,,,,,,,,,,,,,,,,,,,,,,,,,,,,,,,,,,,,,,,,
1905,6,330.0,-8.0,,,,,,,,,,,,,,,,,,,,,,,,,,,,,,,,,,,,,,,,6.7,12.3,14.52,11.43,28,3.86,16,0.6,0.7,0.6,-11.32,-8.7,-6.18,-8.73,28,2.79,16,0.6,0.7,0.6,2.54,7.64,10.26,6.55,28,4.34,16,0.6,0.7,0.6,1012.34,1014.6,1015.4,1014.07,19,1.65,18,0.5,0.7,0.6,,,,,,,,,,,,,,,,,,,,,,,,,,,,,,,,,,,,,,,,,,,,,,,,,,,,,,,,,,,,,,,,,,,,,,,,,,,,,,,,,,,,,,,,,,,,,,,,,,,,,,,,,,,,,,,,,,,,,,,,,,,,,,,,,,,,,,,,,,,,,,,,,,,,,,
1905,6,330.0,-6.0,,,,,,,,,,,,,,,,,,,,,,,,,,,,,,,,,,,,,,,,6.7,9.3,12.3,9.55,31,2.68,20,0.5,0.6,0.6,-8.7,-8.62,-4.74,-7.17,31,2.57,20,0.5,0.6,0.6,3.48,4.81,8.7,5.91,31,2.38,20,0.5,0.6,0.6,1012.31,1014.4,1015.3,1013.77,20,2.22,20,0.6,0.6,0.6,,,,,,,,,,,,,,,,,,,,,,,,,,,,,,,,,,,,,,,,,,,,,,,,,,,,,,,,,,,,,,,,,,,,,,,,,,,,,,,,,,,,,,,,,,,,,,,,,,,,,,,,,,,,,,,,,,,,,,,,,,,,,,,,,,,,,,,,,,,,,,,,,,,,,,
1905,6,330.0,-4.0,,,,,,,,,,,,,,,,,,,,,,,,,,,,,,,,,,,,,,,,6.7,8.0,12.3,8.41,38,2.54,18,0.4,0.7,0.7,-8.77,-6.37,-4.74,-6.91,38,2.46,18,0.4,0.7,0.7,2.52,4.74,6.58,4.2,38,2.42,18,0.4,0.7,0.7,1010.92,1013.7,1015.76,1013.24,29,2.25,18,0.4,0.7,0.6,,,,,,,,,,,,,,,,,,,,,,,,,,,,,,,,,,,,,,,,,,,,,,,,,,,,,,,,,,,,,,,,,,,,,,,,,,,,,,,,,,,,,,,,,,,,,,,,,,,,,,,,,,,,,,,,,,,,,,,,,,,,,,,,,,,,,,,,,,,,,,,,,,,,,,
1905,6,330.0,-2.0,,,,,,,,,,,,,,,,,,,,,,,,,,,,,,,,,,,,,,,,5.0,6.7,9.3,7.01,40,1.84,14,0.6,0.6,0.7,-6.7,-6.17,-3.32,-5.66,40,2.12,14,0.6,0.6,0.7,1.81,3.25,4.74,3.44,40,2.06,14,0.6,0.6,0.7,1011.0,1013.1,1015.4,1012.97,24,2.19,14,0.8,0.6,0.5,,,,,,,,,,,,,,,,,,,,,,,,,,,,,,,,,,,,,,,,,,,,,,,,,,,,,,,,,,,,,,,,,,,,,,,,,,,,,,,,,,,,,,,,,,,,,,,,,,,,,,,,,,,,,,,,,,,,,,,,,,,,,,,,,,,,,,,,,,,,,,,,,,,,,,
1905,6,330.0,0.0,,,,,,,,,,,,,,,,,,,,,,,,,,,,,,,,,,,,,,,,4.6,6.7,6.7,6.22,73,1.65,16,0.5,0.6,0.3,-6.58,-4.27,-2.62,-4.35,73,2.06,16,0.5,0.6,0.3,1.81,3.25,6.17,3.72,73,2.14,16,0.5,0.6,0.3,1011.66,1012.6,1014.41,1012.88,25,1.38,16,0.3,0.6,0.4,,,,,,,,,,,,,,,,,,,,,,,,,,,,,,,,,,,,,,,,,,,,,,,,,,,,,,,,,,,,,,,,,,,,,,,,,,,,,,,,,,,,,,,,,,,,,,,,,,,,,,,,,,,,,,,,,,,,,,,,,,,,,,,,,,,,,,,,,,,,,,,,,,,,,,
1905,6,330.0,2.0,,,,,,,,,,,,,,,,,,,,,,,,,,,,,,,,,,,,,,,,4.6,4.6,6.7,5.62,93,1.7,16,0.5,0.7,0.3,-4.74,-3.25,-1.8,-3.32,93,1.68,16,0.5,0.7,0.3,2.17,4.23,6.17,4.14,93,1.87,16,0.5,0.7,0.3,1011.7,1013.6,1015.1,1013.42,30,1.65,16,0.5,0.6,0.3,,,,,,,,,,,,,,,,,,,,,,,,,,,,,,,,,,,,,,,,,,,,,,,,,,,,,,,,,,,,,,,,,,,,,,,,,,,,,,,,,,,,,,,,,,,,,,,,,,,,,,,,,,,,,,,,,,,,,,,,,,,,,,,,,,,,,,,,,,,,,,,,,,,,,,
1905,6,330.0,4.0,,,,,,,,,,,,,,,,,,,,,,,,,,,,,,,,,,,,,,,,2.6,4.6,6.7,4.07,74,2.06,16,0.5,0.7,0.3,-4.27,-1.84,0.0,-2.05,74,2.12,16,0.5,0.7,0.3,0.0,2.55,4.6,2.47,74,2.48,16,0.5,0.7,0.3,1011.49,1012.85,1015.0,1012.91,32,1.64,18,0.5,0.6,0.3,,,,,,,,,,,,,,,,,,,,,,,,,,,,,,,,,,,,,,,,,,,,,,,,,,,,,,,,,,,,,,,,,,,,,,,,,,,,,,,,,,,,,,,,,,,,,,,,,,,,,,,,,,,,,,,,,,,,,,,,,,,,,,,,,,,,,,,,,,,,,,,,,,,,,,
1905,6,330.0,6.0,,,,,,,,,,,,,,,,,,,,,,,,,,,,,,,,,,,,,,,,1.0,2.6,4.6,2.84,66,1.87,16,0.5,0.7,0.3,-3.25,-0.99,0.0,-1.58,66,1.74,16,0.5,0.7,0.3,-3.25,-0.71,0.98,-0.85,66,2.32,16,0.5,0.7,0.3,1011.6,1013.2,1014.9,1013.19,23,1.55,18,0.5,0.8,0.4,,,,,,,,,,,,,,,,,,,,,,,,,,,,,,,,,,,,,,,,,,,,,,,,,,,,,,,,,,,,,,,,,,,,,,,,,,,,,,,,,,,,,,,,,,,,,,,,,,,,,,,,,,,,,,,,,,,,,,,,,,,,,,,,,,,,,,,,,,,,,,,,,,,,,,
1905,6,330.0,8.0,,,,,,,,,,,,,,,,,,,,,,,,,,,,,,,,,,,,,,,,2.6,4.6,6.7,4.2,22,1.81,18,0.6,0.8,0.2,-3.93,-2.6,-0.12,-2.26,22,1.66,18,0.6,0.8,0.2,-4.74,-3.25,-0.24,-2.76,22,2.38,18,0.6,0.8,0.2,1012.66,1013.9,1014.72,1013.71,7,1.16,24,0.6,0.9,0.4,,,,,,,,,,,,,,,,,,,,,,,,,,,,,,,,,,,,,,,,,,,,,,,,,,,,,,,,,,,,,,,,,,,,,,,,,,,,,,,,,,,,,,,,,,,,,,,,,,,,,,,,,,,,,,,,,,,,,,,,,,,,,,,,,,,,,,,,,,,,,,,,,,,,,,
1905,6,330.0,10.0,,,,,,,,,,,,,,,,,,,,,,,,,,,,,,,,,,,,,,,,3.23,4.6,4.6,3.93,3,1.15,28,0.7,0.8,0.6,-3.25,-3.25,-2.29,-2.78,3,0.82,28,0.7,0.8,0.6,-3.25,-3.25,0.22,-1.56,3,2.94,28,0.7,0.8,0.6,1013.82,1014.5,1015.59,1014.7,3,1.31,28,0.7,0.8,0.6,,,,,,,,,,,,,,,,,,,,,,,,,,,,,,,,,,,,,,,,,,,,,,,,,,,,,,,,,,,,,,,,,,,,,,,,,,,,,,,,,,,,,,,,,,,,,,,,,,,,,,,,,,,,,,,,,,,,,,,,,,,,,,,,,,,,,,,,,,,,,,,,,,,,,,
1905,6,330.0,18.0,,,,,,,,,,,,,,,,,,,,,,,,,,,,,,,,,,,,,,,,5.6,6.7,6.7,6.18,4,1.05,20,0.8,0.3,0.8,-4.74,-4.74,-3.96,-4.37,4,0.74,20,0.8,0.3,0.8,-4.74,-4.74,-3.96,-4.37,4,0.74,20,0.8,0.3,0.8,1018.86,1019.0,1019.14,1019.0,2,0.28,10,1.0,0.3,0.8,,,,,,,,,,,,,,,,,,,,,,,,,,,,,,,,,,,,,,,,,,,,,,,,,,,,,,,,,,,,,,,,,,,,,,,,,,,,,,,,,,,,,,,,,,,,,,,,,,,,,,,,,,,,,,,,,,,,,,,,,,,,,,,,,,,,,,,,,,,,,,,,,,,,,,
1905,6,330.0,20.0,,,,,,,,,,,,,,,,,,,,,,,,,,,,,,,,,,,,,,,,4.6,6.7,6.7,5.8,7,1.12,16,0.7,0.6,0.4,-4.81,-4.74,-3.25,-4.31,7,1.12,16,0.7,0.6,0.4,-4.74,-3.25,-3.22,-3.78,7,0.93,16,0.7,0.6,0.4,1020.56,1020.7,1020.84,1020.7,2,0.28,10,0.0,0.8,0.3,,,,,,,,,,,,,,,,,,,,,,,,,,,,,,,,,,,,,,,,,,,,,,,,,,,,,,,,,,,,,,,,,,,,,,,,,,,,,,,,,,,,,,,,,,,,,,,,,,,,,,,,,,,,,,,,,,,,,,,,,,,,,,,,,,,,,,,,,,,,,,,,,,,,,,
1905,6,330.0,34.0,,,,,,,,,,,,,,,,,,,,,,,,,,,,,,,,,,,,,,,,1.0,4.6,4.9,3.89,19,2.38,16,0.6,0.6,0.6,-2.14,0.0,4.54,0.71,19,3.95,16,0.6,0.6,0.6,-3.4,-1.72,0.0,-1.64,19,1.63,16,0.6,0.6,0.6,1018.31,1019.3,1025.13,1021.09,10,4.25,16,0.5,0.5,0.6,,,,,,,,,,,,,,,,,,,,,,,,,,,,,,,,,,,,,,,,,,,,,,,,,,,,,,,,,,,,,,,,,,,,,,,,,,,,,,,,,,,,,,,,,,,,,,,,,,,,,,,,,,,,,,,,,,,,,,,,,,,,,,,,,,,,,,,,,,,,,,,,,,,,,,
1905,6,330.0,36.0,,,,,,,,,,,,,,,,,,,,,,,,,,,,,,,,,,,,,,,,2.6,4.6,6.7,4.84,13,2.22,14,0.3,0.8,0.3,-0.09,0.97,4.42,1.96,13,3.07,14,0.3,0.8,0.3,-6.26,-2.41,0.17,-2.71,13,2.95,14,0.3,0.8,0.3,1018.33,1023.75,1029.11,1023.73,4,6.35,12,0.5,0.6,0.4,,,,,,,,,,,,,,,,,,,,,,,,,,,,,,,,,,,,,,,,,,,,,,,,,,,,,,,,,,,,,,,,,,,,,,,,,,,,,,,,,,,,,,,,,,,,,,,,,,,,,,,,,,,,,,,,,,,,,,,,,,,,,,,,,,,,,,,,,,,,,,,,,,,,,,
1905,6,330.0,38.0,,,,,,,,,,,,,,,,,,,,,,,,,,,,,,,,,,,,,,,,3.14,4.6,6.7,5.09,9,2.7,12,0.7,0.8,0.1,0.0,0.0,3.53,1.36,9,2.79,12,0.7,0.8,0.1,-6.7,-3.25,-1.39,-4.06,9,2.83,12,0.7,0.8,0.1,1022.29,1027.8,1030.76,1026.49,7,4.52,20,0.7,0.8,0.2,,,,,,,,,,,,,,,,,,,,,,,,,,,,,,,,,,,,,,,,,,,,,,,,,,,,,,,,,,,,,,,,,,,,,,,,,,,,,,,,,,,,,,,,,,,,,,,,,,,,,,,,,,,,,,,,,,,,,,,,,,,,,,,,,,,,,,,,,,,,,,,,,,,,,,
1905,6,330.0,40.0,,,,,,,,,,,,,,,,,,,,,,,,,,,,,,,,,,,,,,,,0.65,4.6,10.35,5.45,24,4.43,16,0.5,0.8,0.4,-0.98,1.84,8.7,3.21,24,4.78,16,0.5,0.8,0.4,-5.38,-2.12,0.0,-2.35,24,3.35,16,0.5,0.8,0.4,1017.0,1020.5,1026.0,1020.58,12,4.68,16,0.6,0.8,0.4,,,,,,,,,,,,,,,,,,,,,,,,,,,,,,,,,,,,,,,,,,,,,,,,,,,,,,,,,,,,,,,,,,,,,,,,,,,,,,,,,,,,,,,,,,,,,,,,,,,,,,,,,,,,,,,,,,,,,,,,,,,,,,,,,,,,,,,,,,,,,,,,,,,,,,
1905,6,330.0,42.0,,,,,,,,,,,,,,,,,,,,,,,,,,,,,,,,,,,,,,,,4.73,9.3,12.11,8.53,14,3.65,12,0.4,0.8,0.1,-0.36,6.58,8.56,5.39,14,4.73,12,0.4,0.8,0.1,-6.58,-6.58,-2.62,-5.47,14,2.4,12,0.4,0.8,0.1,1018.46,1028.5,1029.25,1024.42,12,7.79,10,0.4,0.7,0.1,,,,,,,,,,,,,,,,,,,,,,,,,,,,,,,,,,,,,,,,,,,,,,,,,,,,,,,,,,,,,,,,,,,,,,,,,,,,,,,,,,,,,,,,,,,,,,,,,,,,,,,,,,,,,,,,,,,,,,,,,,,,,,,,,,,,,,,,,,,,,,,,,,,,,,
1905,6,330.0,44.0,,,,,,,,,,,,,,,,,,,,,,,,,,,,,,,,,,,,,,,,9.3,9.3,15.4,11.33,6,3.15,6,0.7,0.5,0.5,8.15,8.56,10.89,9.01,6,1.65,6,0.7,0.5,0.5,-4.24,-3.63,10.89,0.72,6,7.96,6,0.7,0.5,0.5,1011.54,1025.9,1026.2,1020.18,5,8.13,4,0.6,0.5,0.5,,,,,,,,,,,,,,,,,,,,,,,,,,,,,,,,,,,,,,,,,,,,,,,,,,,,,,,,,,,,,,,,,,,,,,,,,,,,,,,,,,,,,,,,,,,,,,,,,,,,,,,,,,,,,,,,,,,,,,,,,,,,,,,,,,,,,,,,,,,,,,,,,,,,,,
1905,6,330.0,46.0,,,,,,,,,,,,,,,,,,,,,,,,,,,,,,,,,,,,,,,,2.6,6.7,12.3,7.44,102,4.32,16,0.4,0.7,0.2,0.93,4.6,8.62,4.5,102,3.82,16,0.4,0.7,0.2,-6.17,0.0,4.72,-0.87,102,6.22,16,0.4,0.7,0.2,1004.0,1010.0,1022.83,1011.75,43,8.59,18,0.4,0.7,0.2,,,,,,,,,,,,,,,,,,,,,,,,,,,,,,,,,,,,,,,,,,,,,,,,,,,,,,,,,,,,,,,,,,,,,,,,,,,,,,,,,,,,,,,,,,,,,,,,,,,,,,,,,,,,,,,,,,,,,,,,,,,,,,,,,,,,,,,,,,,,,,,,,,,,,,
1905,6,332.0,-36.0,,,,,,,,,,,,,,,,,,,,,,,,,,,,,,,,,,,,,,,,7.11,8.0,8.89,8.0,2,1.84,24,1.0,0.3,0.8,5.34,6.65,7.95,6.65,2,2.7,24,1.0,0.3,0.8,-2.31,0.55,3.41,0.55,2,5.92,24,1.0,0.3,0.8,1015.69,1017.4,1019.11,1017.4,2,3.54,24,1.0,0.3,0.8,,,,,,,,,,,,,,,,,,,,,,,,,,,,,,,,,,,,,,,,,,,,,,,,,,,,,,,,,,,,,,,,,,,,,,,,,,,,,,,,,,,,,,,,,,,,,,,,,,,,,,,,,,,,,,,,,,,,,,,,,,,,,,,,,,,,,,,,,,,,,,,,,,,,,,
1905,6,332.0,-34.0,,,,,,,,,,,,,,,,,,,,,,,,,,,,,,,,,,,,,,,,2.6,4.6,6.7,5.02,37,2.36,12,0.5,0.5,0.6,-2.47,0.0,2.62,0.59,37,2.54,12,0.5,0.5,0.6,-6.61,-3.25,0.93,-2.62,37,4.2,12,0.5,0.5,0.6,1022.34,1026.2,1027.5,1025.2,37,2.65,12,0.5,0.5,0.6,,,,,,,,,,,,,,,,,,,,,,,,,,,,,,,,,,,,,,,,,,,,,,,,,,,,,,,,,,,,,,,,,,,,,,,,,,,,,,,,,,,,,,,,,,,,,,,,,,,,,,,,,,,,,,,,,,,,,,,,,,,,,,,,,,,,,,,,,,,,,,,,,,,,,,
1905,6,332.0,-32.0,,,,,,,,,,,,,,,,,,,,,,,,,,,,,,,,,,,,,,,,2.6,4.6,6.7,4.39,19,2.38,16,0.5,0.7,0.4,-4.62,-1.84,0.0,-2.56,19,2.7,16,0.5,0.7,0.4,-2.69,-0.97,3.79,-0.01,19,3.44,16,0.5,0.7,0.4,1024.61,1026.7,1029.2,1026.91,20,2.23,16,0.5,0.7,0.4,,,,,,,,,,,,,,,,,,,,,,,,,,,,,,,,,,,,,,,,,,,,,,,,,,,,,,,,,,,,,,,,,,,,,,,,,,,,,,,,,,,,,,,,,,,,,,,,,,,,,,,,,,,,,,,,,,,,,,,,,,,,,,,,,,,,,,,,,,,,,,,,,,,,,,
1905,6,332.0,-30.0,,,,,,,,,,,,,,,,,,,,,,,,,,,,,,,,,,,,,,,,4.6,6.7,7.2,5.87,25,2.04,12,0.5,0.6,0.5,-7.2,-4.74,-4.05,-5.49,25,2.17,12,0.5,0.6,0.5,-2.51,0.0,1.8,-0.26,25,1.97,12,0.5,0.6,0.5,1025.16,1027.2,1029.8,1027.47,25,2.12,12,0.5,0.6,0.5,,,,,,,,,,,,,,,,,,,,,,,,,,,,,,,,,,,,,,,,,,,,,,,,,,,,,,,,,,,,,,,,,,,,,,,,,,,,,,,,,,,,,,,,,,,,,,,,,,,,,,,,,,,,,,,,,,,,,,,,,,,,,,,,,,,,,,,,,,,,,,,,,,,,,,
1905,6,332.0,-28.0,,,,,,,,,,,,,,,,,,,,,,,,,,,,,,,,,,,,,,,,3.07,6.7,9.3,6.25,34,2.44,14,0.5,0.6,0.6,-6.7,-6.21,-1.97,-4.6,34,4.07,14,0.5,0.6,0.6,-3.08,0.0,0.0,-0.82,34,2.67,14,0.5,0.6,0.6,1025.12,1026.5,1027.1,1026.16,30,1.36,16,0.5,0.6,0.6,,,,,,,,,,,,,,,,,,,,,,,,,,,,,,,,,,,,,,,,,,,,,,,,,,,,,,,,,,,,,,,,,,,,,,,,,,,,,,,,,,,,,,,,,,,,,,,,,,,,,,,,,,,,,,,,,,,,,,,,,,,,,,,,,,,,,,,,,,,,,,,,,,,,,,
1905,6,332.0,-26.0,,,,,,,,,,,,,,,,,,,,,,,,,,,,,,,,,,,,,,,,6.7,6.7,9.73,8.29,19,2.25,14,0.5,0.5,0.6,-9.6,-6.7,2.92,-5.48,19,5.79,14,0.5,0.5,0.6,-4.74,0.0,0.0,-1.31,19,3.27,14,0.5,0.5,0.6,1022.04,1025.3,1027.38,1025.03,14,2.46,16,0.6,0.5,0.5,,,,,,,,,,,,,,,,,,,,,,,,,,,,,,,,,,,,,,,,,,,,,,,,,,,,,,,,,,,,,,,,,,,,,,,,,,,,,,,,,,,,,,,,,,,,,,,,,,,,,,,,,,,,,,,,,,,,,,,,,,,,,,,,,,,,,,,,,,,,,,,,,,,,,,
1905,6,332.0,-24.0,,,,,,,,,,,,,,,,,,,,,,,,,,,,,,,,,,,,,,,,2.6,8.0,12.3,7.21,12,4.08,6,0.6,0.6,0.7,-12.3,-8.0,-2.39,-7.06,12,4.24,6,0.6,0.6,0.7,-1.02,0.0,0.25,-0.08,12,0.93,6,0.6,0.6,0.7,1023.0,1023.0,1023.89,1023.43,3,0.75,16,0.3,0.3,0.3,,,,,,,,,,,,,,,,,,,,,,,,,,,,,,,,,,,,,,,,,,,,,,,,,,,,,,,,,,,,,,,,,,,,,,,,,,,,,,,,,,,,,,,,,,,,,,,,,,,,,,,,,,,,,,,,,,,,,,,,,,,,,,,,,,,,,,,,,,,,,,,,,,,,,,
1905,6,332.0,-12.0,,,,,,,,,,,,,,,,,,,,,,,,,,,,,,,,,,,,,,,,9.3,12.3,12.3,11.3,6,1.55,18,0.5,0.8,0.8,-12.3,-10.35,-8.68,-10.44,6,1.76,18,0.5,0.8,0.8,0.0,1.74,5.45,2.8,6,3.52,18,0.5,0.8,0.8,1017.76,1018.1,1018.3,1018.03,3,0.4,28,0.3,1.0,0.8,,,,,,,,,,,,,,,,,,,,,,,,,,,,,,,,,,,,,,,,,,,,,,,,,,,,,,,,,,,,,,,,,,,,,,,,,,,,,,,,,,,,,,,,,,,,,,,,,,,,,,,,,,,,,,,,,,,,,,,,,,,,,,,,,,,,,,,,,,,,,,,,,,,,,,
1905,6,332.0,-10.0,,,,,,,,,,,,,,,,,,,,,,,,,,,,,,,,,,,,,,,,9.3,9.3,11.02,9.9,10,1.26,24,0.4,0.8,0.8,-10.5,-8.62,-8.62,-9.31,10,1.14,24,0.4,0.8,0.8,1.49,3.48,4.13,3.01,10,1.65,24,0.4,0.8,0.8,1015.5,1016.6,1017.52,1016.53,7,0.99,30,0.4,0.9,0.8,,,,,,,,,,,,,,,,,,,,,,,,,,,,,,,,,,,,,,,,,,,,,,,,,,,,,,,,,,,,,,,,,,,,,,,,,,,,,,,,,,,,,,,,,,,,,,,,,,,,,,,,,,,,,,,,,,,,,,,,,,,,,,,,,,,,,,,,,,,,,,,,,,,,,,
1905,6,332.0,-8.0,,,,,,,,,,,,,,,,,,,,,,,,,,,,,,,,,,,,,,,,6.7,9.3,9.3,8.43,9,1.3,18,0.6,0.7,0.8,-8.62,-8.62,-6.31,-7.65,9,1.17,18,0.6,0.7,0.8,2.51,3.48,3.48,3.22,9,1.7,18,0.6,0.7,0.8,1014.19,1014.7,1015.54,1014.82,5,1.07,24,0.4,0.9,0.8,,,,,,,,,,,,,,,,,,,,,,,,,,,,,,,,,,,,,,,,,,,,,,,,,,,,,,,,,,,,,,,,,,,,,,,,,,,,,,,,,,,,,,,,,,,,,,,,,,,,,,,,,,,,,,,,,,,,,,,,,,,,,,,,,,,,,,,,,,,,,,,,,,,,,,
1905,6,332.0,-6.0,,,,,,,,,,,,,,,,,,,,,,,,,,,,,,,,,,,,,,,,6.7,9.3,12.74,9.65,19,3.19,12,0.5,0.6,0.7,-9.53,-6.58,-4.72,-7.26,19,2.45,12,0.5,0.6,0.7,2.4,4.74,10.89,5.58,19,3.73,12,0.5,0.6,0.7,1012.8,1014.0,1015.0,1013.89,15,2.0,12,0.5,0.6,0.7,,,,,,,,,,,,,,,,,,,,,,,,,,,,,,,,,,,,,,,,,,,,,,,,,,,,,,,,,,,,,,,,,,,,,,,,,,,,,,,,,,,,,,,,,,,,,,,,,,,,,,,,,,,,,,,,,,,,,,,,,,,,,,,,,,,,,,,,,,,,,,,,,,,,,,
1905,6,332.0,-4.0,,,,,,,,,,,,,,,,,,,,,,,,,,,,,,,,,,,,,,,,4.6,6.7,9.3,7.29,25,2.42,16,0.4,0.7,0.7,-8.81,-4.74,-3.25,-5.82,25,2.68,16,0.4,0.7,0.7,0.0,3.25,6.21,3.36,25,2.65,16,0.4,0.7,0.7,1012.63,1013.6,1014.43,1013.5,19,1.22,18,0.4,0.8,0.6,,,,,,,,,,,,,,,,,,,,,,,,,,,,,,,,,,,,,,,,,,,,,,,,,,,,,,,,,,,,,,,,,,,,,,,,,,,,,,,,,,,,,,,,,,,,,,,,,,,,,,,,,,,,,,,,,,,,,,,,,,,,,,,,,,,,,,,,,,,,,,,,,,,,,,
1905,6,332.0,-2.0,,,,,,,,,,,,,,,,,,,,,,,,,,,,,,,,,,,,,,,,6.7,6.7,9.3,7.76,33,1.74,20,0.5,0.6,0.7,-6.58,-6.21,-4.74,-6.05,33,1.85,20,0.5,0.6,0.7,2.51,4.74,6.58,4.4,33,2.03,20,0.5,0.6,0.7,1011.33,1013.9,1015.8,1013.67,23,2.16,18,0.4,0.6,0.7,,,,,,,,,,,,,,,,,,,,,,,,,,,,,,,,,,,,,,,,,,,,,,,,,,,,,,,,,,,,,,,,,,,,,,,,,,,,,,,,,,,,,,,,,,,,,,,,,,,,,,,,,,,,,,,,,,,,,,,,,,,,,,,,,,,,,,,,,,,,,,,,,,,,,,
1905,6,332.0,0.0,,,,,,,,,,,,,,,,,,,,,,,,,,,,,,,,,,,,,,,,6.7,6.7,9.3,7.46,32,1.44,16,0.5,0.7,0.3,-6.58,-4.74,-4.74,-5.55,32,1.83,16,0.5,0.7,0.3,3.19,4.74,6.58,4.55,32,1.76,16,0.5,0.7,0.3,1009.64,1014.0,1016.3,1013.62,27,2.68,14,0.6,0.7,0.3,,,,,,,,,,,,,,,,,,,,,,,,,,,,,,,,,,,,,,,,,,,,,,,,,,,,,,,,,,,,,,,,,,,,,,,,,,,,,,,,,,,,,,,,,,,,,,,,,,,,,,,,,,,,,,,,,,,,,,,,,,,,,,,,,,,,,,,,,,,,,,,,,,,,,,
1905,6,332.0,2.0,,,,,,,,,,,,,,,,,,,,,,,,,,,,,,,,,,,,,,,,4.6,6.7,9.3,6.14,39,2.28,14,0.5,0.6,0.3,-6.58,-3.25,-1.04,-3.6,39,2.46,14,0.5,0.6,0.3,2.42,4.27,6.58,4.49,39,1.94,14,0.5,0.6,0.3,1009.93,1013.25,1014.65,1012.6,24,2.14,12,0.5,0.6,0.3,,,,,,,,,,,,,,,,,,,,,,,,,,,,,,,,,,,,,,,,,,,,,,,,,,,,,,,,,,,,,,,,,,,,,,,,,,,,,,,,,,,,,,,,,,,,,,,,,,,,,,,,,,,,,,,,,,,,,,,,,,,,,,,,,,,,,,,,,,,,,,,,,,,,,,
1905,6,332.0,4.0,,,,,,,,,,,,,,,,,,,,,,,,,,,,,,,,,,,,,,,,2.6,4.6,6.7,4.66,54,2.33,16,0.5,0.7,0.3,-3.25,-1.02,0.86,-1.1,54,2.05,16,0.5,0.7,0.3,0.99,4.23,6.21,3.65,54,2.91,16,0.5,0.7,0.3,1011.9,1013.15,1015.19,1013.31,20,1.56,12,0.4,0.8,0.2,,,,,,,,,,,,,,,,,,,,,,,,,,,,,,,,,,,,,,,,,,,,,,,,,,,,,,,,,,,,,,,,,,,,,,,,,,,,,,,,,,,,,,,,,,,,,,,,,,,,,,,,,,,,,,,,,,,,,,,,,,,,,,,,,,,,,,,,,,,,,,,,,,,,,,
1905,6,332.0,6.0,,,,,,,,,,,,,,,,,,,,,,,,,,,,,,,,,,,,,,,,1.0,2.6,4.6,2.54,71,1.85,18,0.5,0.8,0.3,-2.6,0.0,1.01,-0.38,71,1.79,18,0.5,0.8,0.3,-2.33,0.0,2.6,0.23,71,2.56,18,0.5,0.8,0.3,1012.57,1013.5,1014.79,1013.43,17,1.14,12,0.5,0.8,0.3,,,,,,,,,,,,,,,,,,,,,,,,,,,,,,,,,,,,,,,,,,,,,,,,,,,,,,,,,,,,,,,,,,,,,,,,,,,,,,,,,,,,,,,,,,,,,,,,,,,,,,,,,,,,,,,,,,,,,,,,,,,,,,,,,,,,,,,,,,,,,,,,,,,,,,
1905,6,332.0,8.0,,,,,,,,,,,,,,,,,,,,,,,,,,,,,,,,,,,,,,,,1.0,2.6,5.4,3.5,49,2.18,18,0.6,0.6,0.3,-3.25,-1.72,0.79,-1.5,49,2.34,18,0.6,0.6,0.3,-3.77,-1.84,0.38,-1.65,49,2.58,18,0.6,0.6,0.3,1012.21,1012.7,1013.49,1013.01,14,1.03,10,0.6,0.5,0.3,,,,,,,,,,,,,,,,,,,,,,,,,,,,,,,,,,,,,,,,,,,,,,,,,,,,,,,,,,,,,,,,,,,,,,,,,,,,,,,,,,,,,,,,,,,,,,,,,,,,,,,,,,,,,,,,,,,,,,,,,,,,,,,,,,,,,,,,,,,,,,,,,,,,,,
1905,6,332.0,10.0,,,,,,,,,,,,,,,,,,,,,,,,,,,,,,,,,,,,,,,,4.6,4.6,6.7,5.26,34,1.57,16,0.3,0.4,0.5,-4.74,-3.25,-2.77,-3.66,34,2.01,16,0.3,0.4,0.5,-4.74,-3.25,-1.75,-3.11,34,1.77,16,0.3,0.4,0.5,1012.6,1014.6,1015.22,1014.2,13,1.16,18,0.2,0.4,0.4,,,,,,,,,,,,,,,,,,,,,,,,,,,,,,,,,,,,,,,,,,,,,,,,,,,,,,,,,,,,,,,,,,,,,,,,,,,,,,,,,,,,,,,,,,,,,,,,,,,,,,,,,,,,,,,,,,,,,,,,,,,,,,,,,,,,,,,,,,,,,,,,,,,,,,
1905,6,332.0,12.0,,,,,,,,,,,,,,,,,,,,,,,,,,,,,,,,,,,,,,,,2.6,4.6,6.7,4.85,42,1.73,16,0.6,0.7,0.5,-4.27,-3.25,-1.84,-3.36,42,1.87,16,0.6,0.7,0.5,-4.23,-3.25,-1.72,-3.07,42,1.55,16,0.6,0.7,0.5,1012.83,1014.8,1016.4,1014.62,19,1.78,16,0.6,0.6,0.5,,,,,,,,,,,,,,,,,,,,,,,,,,,,,,,,,,,,,,,,,,,,,,,,,,,,,,,,,,,,,,,,,,,,,,,,,,,,,,,,,,,,,,,,,,,,,,,,,,,,,,,,,,,,,,,,,,,,,,,,,,,,,,,,,,,,,,,,,,,,,,,,,,,,,,
1905,6,332.0,14.0,,,,,,,,,,,,,,,,,,,,,,,,,,,,,,,,,,,,,,,,6.5,6.7,10.04,8.39,13,3.09,20,0.6,0.7,0.4,-7.1,-4.74,-3.19,-5.66,13,2.51,20,0.6,0.7,0.4,-7.1,-6.17,-4.69,-6.12,13,2.06,20,0.6,0.7,0.4,1015.71,1016.1,1017.37,1016.42,5,0.96,28,0.6,0.6,0.5,,,,,,,,,,,,,,,,,,,,,,,,,,,,,,,,,,,,,,,,,,,,,,,,,,,,,,,,,,,,,,,,,,,,,,,,,,,,,,,,,,,,,,,,,,,,,,,,,,,,,,,,,,,,,,,,,,,,,,,,,,,,,,,,,,,,,,,,,,,,,,,,,,,,,,
1905,6,332.0,16.0,,,,,,,,,,,,,,,,,,,,,,,,,,,,,,,,,,,,,,,,9.3,9.3,9.3,9.3,2,0.0,2,0.5,1.0,0.0,-3.48,-3.48,-3.48,-3.48,2,0.0,2,0.5,1.0,0.0,-8.62,-8.62,-8.62,-8.62,2,0.0,2,0.5,1.0,0.0,1016.36,1016.5,1016.64,1016.5,2,0.28,2,0.5,1.0,0.0,,,,,,,,,,,,,,,,,,,,,,,,,,,,,,,,,,,,,,,,,,,,,,,,,,,,,,,,,,,,,,,,,,,,,,,,,,,,,,,,,,,,,,,,,,,,,,,,,,,,,,,,,,,,,,,,,,,,,,,,,,,,,,,,,,,,,,,,,,,,,,,,,,,,,,
1905,6,332.0,20.0,,,,,,,,,,,,,,,,,,,,,,,,,,,,,,,,,,,,,,,,5.6,6.7,8.32,6.95,4,2.14,20,0.3,0.4,0.8,-7.72,-5.47,-3.96,-5.82,4,2.49,20,0.3,0.4,0.8,-4.23,-3.46,-2.86,-3.54,4,0.93,20,0.3,0.4,0.8,1020.12,1020.15,1020.18,1020.15,2,0.07,10,0.5,0.5,0.8,,,,,,,,,,,,,,,,,,,,,,,,,,,,,,,,,,,,,,,,,,,,,,,,,,,,,,,,,,,,,,,,,,,,,,,,,,,,,,,,,,,,,,,,,,,,,,,,,,,,,,,,,,,,,,,,,,,,,,,,,,,,,,,,,,,,,,,,,,,,,,,,,,,,,,
1905,6,332.0,36.0,,,,,,,,,,,,,,,,,,,,,,,,,,,,,,,,,,,,,,,,3.17,4.6,6.7,5.27,28,1.97,14,0.4,0.7,0.4,-2.84,0.9,4.74,1.25,28,3.95,14,0.4,0.7,0.4,-4.7,-2.12,0.0,-1.7,28,3.52,14,0.4,0.7,0.4,1015.03,1020.15,1027.66,1020.9,14,5.65,14,0.4,0.6,0.5,,,,,,,,,,,,,,,,,,,,,,,,,,,,,,,,,,,,,,,,,,,,,,,,,,,,,,,,,,,,,,,,,,,,,,,,,,,,,,,,,,,,,,,,,,,,,,,,,,,,,,,,,,,,,,,,,,,,,,,,,,,,,,,,,,,,,,,,,,,,,,,,,,,,,,
1905,6,332.0,38.0,,,,,,,,,,,,,,,,,,,,,,,,,,,,,,,,,,,,,,,,1.69,4.6,8.19,4.63,10,3.03,14,0.3,0.7,0.1,-1.0,0.51,5.32,1.35,10,3.35,14,0.3,0.7,0.1,-5.73,-2.83,0.0,-3.2,10,2.89,14,0.3,0.7,0.1,1020.89,1024.45,1027.67,1024.32,6,3.74,18,0.2,0.7,0.2,,,,,,,,,,,,,,,,,,,,,,,,,,,,,,,,,,,,,,,,,,,,,,,,,,,,,,,,,,,,,,,,,,,,,,,,,,,,,,,,,,,,,,,,,,,,,,,,,,,,,,,,,,,,,,,,,,,,,,,,,,,,,,,,,,,,,,,,,,,,,,,,,,,,,,
1905,6,332.0,40.0,,,,,,,,,,,,,,,,,,,,,,,,,,,,,,,,,,,,,,,,1.69,5.65,8.19,5.25,10,3.84,18,0.7,0.7,0.4,1.19,4.0,6.42,4.0,10,2.9,18,0.7,0.7,0.4,-5.79,-2.17,-0.3,-2.75,10,3.27,18,0.7,0.7,0.4,1015.9,1018.0,1021.0,1018.2,5,2.95,24,0.4,0.8,0.2,,,,,,,,,,,,,,,,,,,,,,,,,,,,,,,,,,,,,,,,,,,,,,,,,,,,,,,,,,,,,,,,,,,,,,,,,,,,,,,,,,,,,,,,,,,,,,,,,,,,,,,,,,,,,,,,,,,,,,,,,,,,,,,,,,,,,,,,,,,,,,,,,,,,,,
1905,6,332.0,42.0,,,,,,,,,,,,,,,,,,,,,,,,,,,,,,,,,,,,,,,,0.06,6.7,12.11,6.21,14,5.09,16,0.4,0.8,0.2,0.0,4.74,8.56,4.83,14,4.61,16,0.4,0.8,0.2,-6.53,-3.56,0.0,-3.38,14,2.96,16,0.4,0.8,0.2,1010.33,1020.0,1027.89,1019.38,8,8.33,12,0.3,0.8,0.2,,,,,,,,,,,,,,,,,,,,,,,,,,,,,,,,,,,,,,,,,,,,,,,,,,,,,,,,,,,,,,,,,,,,,,,,,,,,,,,,,,,,,,,,,,,,,,,,,,,,,,,,,,,,,,,,,,,,,,,,,,,,,,,,,,,,,,,,,,,,,,,,,,,,,,
1905,6,332.0,44.0,,,,,,,,,,,,,,,,,,,,,,,,,,,,,,,,,,,,,,,,4.09,9.3,12.3,8.48,12,4.11,8,0.5,0.6,0.2,3.77,4.81,7.12,5.28,12,2.27,8,0.5,0.6,0.2,-11.32,-5.66,-0.86,-4.81,12,5.87,8,0.5,0.6,0.2,1012.75,1025.9,1028.25,1021.21,12,7.74,8,0.5,0.6,0.2,,,,,,,,,,,,,,,,,,,,,,,,,,,,,,,,,,,,,,,,,,,,,,,,,,,,,,,,,,,,,,,,,,,,,,,,,,,,,,,,,,,,,,,,,,,,,,,,,,,,,,,,,,,,,,,,,,,,,,,,,,,,,,,,,,,,,,,,,,,,,,,,,,,,,,
1905,6,332.0,46.0,,,,,,,,,,,,,,,,,,,,,,,,,,,,,,,,,,,,,,,,2.6,6.7,12.3,6.88,109,3.79,16,0.6,0.7,0.4,0.0,4.23,8.56,3.6,109,3.86,16,0.6,0.7,0.4,-8.28,-0.39,3.45,-1.7,109,5.58,16,0.6,0.7,0.4,1003.33,1015.0,1022.07,1012.65,43,9.46,16,0.6,0.7,0.4,,,,,,,,,,,,,,,,,,,,,,,,,,,,,,,,,,,,,,,,,,,,,,,,,,,,,,,,,,,,,,,,,,,,,,,,,,,,,,,,,,,,,,,,,,,,,,,,,,,,,,,,,,,,,,,,,,,,,,,,,,,,,,,,,,,,,,,,,,,,,,,,,,,,,,
1905,6,332.0,48.0,,,,,,,,,,,,,,,,,,,,,,,,,,,,,,,,,,,,,,,,5.2,9.3,13.43,9.26,5,4.95,20,0.4,0.6,0.2,0.6,8.56,9.5,5.61,5,5.53,20,0.4,0.6,0.2,1.94,6.21,9.5,5.68,5,4.62,20,0.4,0.6,0.2,1003.63,1009.05,1019.45,1011.43,4,9.94,20,0.3,0.6,0.2,,,,,,,,,,,,,,,,,,,,,,,,,,,,,,,,,,,,,,,,,,,,,,,,,,,,,,,,,,,,,,,,,,,,,,,,,,,,,,,,,,,,,,,,,,,,,,,,,,,,,,,,,,,,,,,,,,,,,,,,,,,,,,,,,,,,,,,,,,,,,,,,,,,,,,
1905,6,334.0,-34.0,,,,,,,,,,,,,,,,,,,,,,,,,,,,,,,,,,,,,,,,4.6,6.7,9.3,6.92,13,2.47,10,0.5,0.3,0.6,-3.63,-2.62,0.0,-2.12,13,1.64,10,0.5,0.3,0.6,-8.63,-6.17,-4.57,-6.44,13,2.35,10,0.5,0.3,0.6,1024.72,1027.0,1028.22,1026.35,13,1.81,10,0.5,0.3,0.6,,,,,,,,,,,,,,,,,,,,,,,,,,,,,,,,,,,,,,,,,,,,,,,,,,,,,,,,,,,,,,,,,,,,,,,,,,,,,,,,,,,,,,,,,,,,,,,,,,,,,,,,,,,,,,,,,,,,,,,,,,,,,,,,,,,,,,,,,,,,,,,,,,,,,,
1905,6,334.0,-32.0,,,,,,,,,,,,,,,,,,,,,,,,,,,,,,,,,,,,,,,,2.6,4.6,4.9,4.19,19,2.01,18,0.6,0.4,0.5,-0.26,0.0,3.59,0.77,19,2.66,18,0.6,0.4,0.5,-4.83,-2.6,0.0,-2.48,19,2.9,18,0.6,0.4,0.5,1022.4,1024.4,1026.23,1024.34,19,1.68,18,0.6,0.4,0.5,,,,,,,,,,,,,,,,,,,,,,,,,,,,,,,,,,,,,,,,,,,,,,,,,,,,,,,,,,,,,,,,,,,,,,,,,,,,,,,,,,,,,,,,,,,,,,,,,,,,,,,,,,,,,,,,,,,,,,,,,,,,,,,,,,,,,,,,,,,,,,,,,,,,,,
1905,6,334.0,-30.0,,,,,,,,,,,,,,,,,,,,,,,,,,,,,,,,,,,,,,,,1.69,5.95,15.4,8.12,10,6.96,18,0.5,0.4,0.4,-10.89,-4.59,-0.96,-5.78,10,4.91,18,0.5,0.4,0.4,-10.89,-4.48,-0.39,-5.44,10,5.25,18,0.5,0.4,0.4,1027.97,1029.6,1030.43,1029.06,10,1.97,18,0.5,0.4,0.4,,,,,,,,,,,,,,,,,,,,,,,,,,,,,,,,,,,,,,,,,,,,,,,,,,,,,,,,,,,,,,,,,,,,,,,,,,,,,,,,,,,,,,,,,,,,,,,,,,,,,,,,,,,,,,,,,,,,,,,,,,,,,,,,,,,,,,,,,,,,,,,,,,,,,,
1905,6,334.0,-28.0,,,,,,,,,,,,,,,,,,,,,,,,,,,,,,,,,,,,,,,,6.7,6.7,6.7,6.7,1,0.0,16,0.0,0.3,0.3,-4.74,-4.74,-4.74,-4.74,1,0.0,16,0.0,0.3,0.3,-4.74,-4.74,-4.74,-4.74,1,0.0,16,0.0,0.3,0.3,1027.6,1027.6,1027.6,1027.6,1,0.0,16,0.0,0.3,0.3,,,,,,,,,,,,,,,,,,,,,,,,,,,,,,,,,,,,,,,,,,,,,,,,,,,,,,,,,,,,,,,,,,,,,,,,,,,,,,,,,,,,,,,,,,,,,,,,,,,,,,,,,,,,,,,,,,,,,,,,,,,,,,,,,,,,,,,,,,,,,,,,,,,,,,
1905,6,334.0,-26.0,,,,,,,,,,,,,,,,,,,,,,,,,,,,,,,,,,,,,,,,4.93,5.65,6.37,5.65,2,1.48,22,0.5,0.5,1.0,3.49,4.0,4.5,4.0,2,1.05,22,0.5,0.5,1.0,-4.5,-4.0,-3.49,-4.0,2,1.05,22,0.5,0.5,1.0,1022.6,1022.6,1022.6,1022.6,2,0.0,22,0.5,0.5,1.0,,,,,,,,,,,,,,,,,,,,,,,,,,,,,,,,,,,,,,,,,,,,,,,,,,,,,,,,,,,,,,,,,,,,,,,,,,,,,,,,,,,,,,,,,,,,,,,,,,,,,,,,,,,,,,,,,,,,,,,,,,,,,,,,,,,,,,,,,,,,,,,,,,,,,,
1905,6,334.0,-24.0,,,,,,,,,,,,,,,,,,,,,,,,,,,,,,,,,,,,,,,,6.7,6.7,9.3,7.74,5,1.42,24,0.6,0.8,0.8,4.74,4.74,6.58,5.47,5,1.01,24,0.6,0.8,0.8,-6.58,-4.74,-4.74,-5.47,5,1.01,24,0.6,0.8,0.8,1019.93,1020.8,1021.0,1020.48,5,0.72,24,0.6,0.8,0.8,,,,,,,,,,,,,,,,,,,,,,,,,,,,,,,,,,,,,,,,,,,,,,,,,,,,,,,,,,,,,,,,,,,,,,,,,,,,,,,,,,,,,,,,,,,,,,,,,,,,,,,,,,,,,,,,,,,,,,,,,,,,,,,,,,,,,,,,,,,,,,,,,,,,,,
1905,6,334.0,-22.0,,,,,,,,,,,,,,,,,,,,,,,,,,,,,,,,,,,,,,,,2.52,4.6,4.7,3.81,7,1.87,24,0.4,1.0,0.7,-2.7,-0.37,4.61,0.72,7,3.81,24,0.4,1.0,0.7,-1.87,0.0,0.11,-0.71,7,2.18,24,0.4,1.0,0.7,1020.57,1021.1,1021.32,1020.93,7,0.59,24,0.4,1.0,0.7,,,,,,,,,,,,,,,,,,,,,,,,,,,,,,,,,,,,,,,,,,,,,,,,,,,,,,,,,,,,,,,,,,,,,,,,,,,,,,,,,,,,,,,,,,,,,,,,,,,,,,,,,,,,,,,,,,,,,,,,,,,,,,,,,,,,,,,,,,,,,,,,,,,,,,
1905,6,334.0,-20.0,,,,,,,,,,,,,,,,,,,,,,,,,,,,,,,,,,,,,,,,4.19,6.7,6.7,5.67,6,1.72,26,0.5,1.0,0.7,-6.17,-6.17,-3.08,-5.05,6,1.75,26,0.5,1.0,0.7,-2.75,-2.62,-2.29,-2.46,6,0.75,26,0.5,1.0,0.7,1020.68,1021.2,1021.98,1021.27,6,0.79,26,0.5,1.0,0.7,,,,,,,,,,,,,,,,,,,,,,,,,,,,,,,,,,,,,,,,,,,,,,,,,,,,,,,,,,,,,,,,,,,,,,,,,,,,,,,,,,,,,,,,,,,,,,,,,,,,,,,,,,,,,,,,,,,,,,,,,,,,,,,,,,,,,,,,,,,,,,,,,,,,,,
1905,6,334.0,-18.0,,,,,,,,,,,,,,,,,,,,,,,,,,,,,,,,,,,,,,,,6.7,6.7,8.06,7.35,4,1.3,26,0.5,0.9,0.8,-7.42,-6.17,-6.17,-6.77,4,1.2,26,0.5,0.9,0.8,-3.15,-2.62,-2.62,-2.87,4,0.51,26,0.5,0.9,0.8,1021.11,1022.0,1022.41,1021.78,4,0.98,26,0.5,0.9,0.8,,,,,,,,,,,,,,,,,,,,,,,,,,,,,,,,,,,,,,,,,,,,,,,,,,,,,,,,,,,,,,,,,,,,,,,,,,,,,,,,,,,,,,,,,,,,,,,,,,,,,,,,,,,,,,,,,,,,,,,,,,,,,,,,,,,,,,,,,,,,,,,,,,,,,,
1905,6,334.0,-16.0,,,,,,,,,,,,,,,,,,,,,,,,,,,,,,,,,,,,,,,,9.3,9.3,13.46,11.33,3,3.52,26,0.3,0.5,0.8,-13.46,-9.3,-8.8,-11.09,3,3.75,26,0.3,0.5,0.8,-2.48,0.0,0.0,-1.21,3,2.1,26,0.3,0.5,0.8,1021.13,1021.2,1021.2,1021.17,3,0.06,26,0.3,0.5,0.8,,,,,,,,,,,,,,,,,,,,,,,,,,,,,,,,,,,,,,,,,,,,,,,,,,,,,,,,,,,,,,,,,,,,,,,,,,,,,,,,,,,,,,,,,,,,,,,,,,,,,,,,,,,,,,,,,,,,,,,,,,,,,,,,,,,,,,,,,,,,,,,,,,,,,,
1905,6,334.0,-14.0,,,,,,,,,,,,,,,,,,,,,,,,,,,,,,,,,,,,,,,,12.3,12.3,12.3,12.3,2,0.0,28,0.5,0.5,0.8,-12.3,-12.3,-12.3,-12.3,2,0.0,28,0.5,0.5,0.8,0.0,0.0,0.0,0.0,2,0.0,28,0.5,0.5,0.8,1019.69,1020.3,1020.91,1020.3,2,1.27,28,0.5,0.5,0.8,,,,,,,,,,,,,,,,,,,,,,,,,,,,,,,,,,,,,,,,,,,,,,,,,,,,,,,,,,,,,,,,,,,,,,,,,,,,,,,,,,,,,,,,,,,,,,,,,,,,,,,,,,,,,,,,,,,,,,,,,,,,,,,,,,,,,,,,,,,,,,,,,,,,,,
1905,6,334.0,-12.0,,,,,,,,,,,,,,,,,,,,,,,,,,,,,,,,,,,,,,,,12.3,12.3,12.3,12.3,1,0.0,28,1.0,0.5,0.5,-12.3,-12.3,-12.3,-12.3,1,0.0,28,1.0,0.5,0.5,0.0,0.0,0.0,0.0,1,0.0,28,1.0,0.5,0.5,1019.3,1019.3,1019.3,1019.3,1,0.0,28,1.0,0.5,0.5,,,,,,,,,,,,,,,,,,,,,,,,,,,,,,,,,,,,,,,,,,,,,,,,,,,,,,,,,,,,,,,,,,,,,,,,,,,,,,,,,,,,,,,,,,,,,,,,,,,,,,,,,,,,,,,,,,,,,,,,,,,,,,,,,,,,,,,,,,,,,,,,,,,,,,
1905,6,334.0,-8.0,,,,,,,,,,,,,,,,,,,,,,,,,,,,,,,,,,,,,,,,6.7,6.7,6.7,6.7,3,0.0,30,0.7,0.5,0.8,-6.21,-6.21,-6.21,-6.21,3,0.0,30,0.7,0.5,0.8,2.51,2.51,2.51,2.51,3,0.0,30,0.7,0.5,0.8,1016.1,1016.3,1016.3,1016.2,3,0.17,30,0.7,0.5,0.8,,,,,,,,,,,,,,,,,,,,,,,,,,,,,,,,,,,,,,,,,,,,,,,,,,,,,,,,,,,,,,,,,,,,,,,,,,,,,,,,,,,,,,,,,,,,,,,,,,,,,,,,,,,,,,,,,,,,,,,,,,,,,,,,,,,,,,,,,,,,,,,,,,,,,,
1905,6,334.0,-6.0,,,,,,,,,,,,,,,,,,,,,,,,,,,,,,,,,,,,,,,,6.7,6.7,6.7,6.7,5,0.0,28,0.6,1.0,0.8,-4.74,-4.74,-4.74,-4.74,5,0.0,28,0.6,1.0,0.8,4.74,4.74,4.74,4.74,5,0.0,28,0.6,1.0,0.8,1015.54,1016.2,1016.91,1016.2,5,0.8,28,0.6,1.0,0.8,,,,,,,,,,,,,,,,,,,,,,,,,,,,,,,,,,,,,,,,,,,,,,,,,,,,,,,,,,,,,,,,,,,,,,,,,,,,,,,,,,,,,,,,,,,,,,,,,,,,,,,,,,,,,,,,,,,,,,,,,,,,,,,,,,,,,,,,,,,,,,,,,,,,,,
1905,6,334.0,-4.0,,,,,,,,,,,,,,,,,,,,,,,,,,,,,,,,,,,,,,,,4.6,4.6,5.7,5.13,4,1.05,6,0.8,0.4,0.9,-5.26,-4.27,-4.27,-4.74,4,0.95,6,0.8,0.4,0.9,1.72,1.72,2.19,1.95,4,0.45,6,0.8,0.4,0.9,1012.09,1012.6,1013.74,1012.9,4,1.21,6,0.8,0.4,0.9,,,,,,,,,,,,,,,,,,,,,,,,,,,,,,,,,,,,,,,,,,,,,,,,,,,,,,,,,,,,,,,,,,,,,,,,,,,,,,,,,,,,,,,,,,,,,,,,,,,,,,,,,,,,,,,,,,,,,,,,,,,,,,,,,,,,,,,,,,,,,,,,,,,,,,
1905,6,334.0,-2.0,,,,,,,,,,,,,,,,,,,,,,,,,,,,,,,,,,,,,,,,4.09,5.65,6.7,5.53,12,1.95,6,0.7,0.4,0.7,-6.7,-5.38,-3.79,-5.24,12,1.85,6,0.7,0.4,0.7,0.0,1.72,2.54,1.52,12,1.15,6,0.7,0.4,0.7,1012.6,1013.0,1014.23,1013.24,12,1.28,6,0.7,0.4,0.7,,,,,,,,,,,,,,,,,,,,,,,,,,,,,,,,,,,,,,,,,,,,,,,,,,,,,,,,,,,,,,,,,,,,,,,,,,,,,,,,,,,,,,,,,,,,,,,,,,,,,,,,,,,,,,,,,,,,,,,,,,,,,,,,,,,,,,,,,,,,,,,,,,,,,,
1905,6,334.0,0.0,,,,,,,,,,,,,,,,,,,,,,,,,,,,,,,,,,,,,,,,2.85,4.6,8.97,5.72,27,2.25,12,0.6,0.6,0.4,-6.52,-3.25,-1.84,-3.97,27,2.07,12,0.6,0.6,0.4,1.73,4.23,6.17,3.76,27,1.93,12,0.6,0.6,0.4,1011.76,1012.6,1013.95,1012.99,24,1.61,10,0.6,0.6,0.4,,,,,,,,,,,,,,,,,,,,,,,,,,,,,,,,,,,,,,,,,,,,,,,,,,,,,,,,,,,,,,,,,,,,,,,,,,,,,,,,,,,,,,,,,,,,,,,,,,,,,,,,,,,,,,,,,,,,,,,,,,,,,,,,,,,,,,,,,,,,,,,,,,,,,,
1905,6,334.0,2.0,,,,,,,,,,,,,,,,,,,,,,,,,,,,,,,,,,,,,,,,4.6,6.7,9.3,6.53,34,2.09,12,0.4,0.7,0.4,-4.74,-2.94,-1.72,-3.05,34,2.19,12,0.4,0.7,0.4,4.23,4.74,6.58,5.41,34,1.93,12,0.4,0.7,0.4,1011.85,1014.15,1017.04,1014.03,32,2.79,12,0.4,0.6,0.4,,,,,,,,,,,,,,,,,,,,,,,,,,,,,,,,,,,,,,,,,,,,,,,,,,,,,,,,,,,,,,,,,,,,,,,,,,,,,,,,,,,,,,,,,,,,,,,,,,,,,,,,,,,,,,,,,,,,,,,,,,,,,,,,,,,,,,,,,,,,,,,,,,,,,,
1905,6,334.0,4.0,,,,,,,,,,,,,,,,,,,,,,,,,,,,,,,,,,,,,,,,1.0,2.6,4.6,3.11,47,1.83,16,0.5,0.8,0.4,-1.72,0.0,0.37,-0.41,47,1.54,16,0.5,0.8,0.4,-0.76,2.39,4.6,1.91,47,2.64,16,0.5,0.8,0.4,1012.4,1013.4,1015.72,1013.8,48,1.53,16,0.5,0.8,0.4,,,,,,,,,,,,,,,,,,,,,,,,,,,,,,,,,,,,,,,,,,,,,,,,,,,,,,,,,,,,,,,,,,,,,,,,,,,,,,,,,,,,,,,,,,,,,,,,,,,,,,,,,,,,,,,,,,,,,,,,,,,,,,,,,,,,,,,,,,,,,,,,,,,,,,
1905,6,334.0,6.0,,,,,,,,,,,,,,,,,,,,,,,,,,,,,,,,,,,,,,,,1.0,2.6,2.6,2.17,54,1.48,12,0.5,0.8,0.3,-1.79,0.0,0.0,-0.44,54,1.04,12,0.5,0.8,0.3,-2.6,-0.82,0.71,-0.76,54,2.27,12,0.5,0.8,0.3,1012.6,1013.9,1015.06,1013.8,60,1.28,12,0.5,0.9,0.3,,,,,,,,,,,,,,,,,,,,,,,,,,,,,,,,,,,,,,,,,,,,,,,,,,,,,,,,,,,,,,,,,,,,,,,,,,,,,,,,,,,,,,,,,,,,,,,,,,,,,,,,,,,,,,,,,,,,,,,,,,,,,,,,,,,,,,,,,,,,,,,,,,,,,,
1905,6,334.0,8.0,,,,,,,,,,,,,,,,,,,,,,,,,,,,,,,,,,,,,,,,1.0,2.6,4.6,2.75,36,2.07,16,0.5,0.5,0.3,-3.25,-0.54,0.71,-0.89,36,1.82,16,0.5,0.5,0.3,-3.25,-0.81,0.0,-1.41,36,2.42,16,0.5,0.5,0.3,1012.84,1014.7,1015.48,1014.37,25,1.22,16,0.4,0.5,0.4,,,,,,,,,,,,,,,,,,,,,,,,,,,,,,,,,,,,,,,,,,,,,,,,,,,,,,,,,,,,,,,,,,,,,,,,,,,,,,,,,,,,,,,,,,,,,,,,,,,,,,,,,,,,,,,,,,,,,,,,,,,,,,,,,,,,,,,,,,,,,,,,,,,,,,
1905,6,334.0,10.0,,,,,,,,,,,,,,,,,,,,,,,,,,,,,,,,,,,,,,,,2.4,4.6,4.87,3.93,38,2.23,16,0.4,0.6,0.5,-3.25,-2.22,-0.96,-2.23,38,1.26,16,0.4,0.6,0.5,-4.62,-3.25,-0.62,-2.96,38,2.27,16,0.4,0.6,0.5,1012.84,1014.15,1014.5,1013.85,6,0.9,10,0.3,0.7,0.4,,,,,,,,,,,,,,,,,,,,,,,,,,,,,,,,,,,,,,,,,,,,,,,,,,,,,,,,,,,,,,,,,,,,,,,,,,,,,,,,,,,,,,,,,,,,,,,,,,,,,,,,,,,,,,,,,,,,,,,,,,,,,,,,,,,,,,,,,,,,,,,,,,,,,,
1905,6,334.0,12.0,,,,,,,,,,,,,,,,,,,,,,,,,,,,,,,,,,,,,,,,2.6,4.6,5.23,4.42,18,1.49,20,0.7,0.6,0.4,-4.37,-3.25,-1.83,-3.0,18,1.21,20,0.7,0.6,0.4,-4.39,-2.55,-0.64,-2.46,18,2.33,20,0.7,0.6,0.4,1014.38,1015.2,1015.47,1014.93,3,0.83,18,1.0,0.4,0.4,,,,,,,,,,,,,,,,,,,,,,,,,,,,,,,,,,,,,,,,,,,,,,,,,,,,,,,,,,,,,,,,,,,,,,,,,,,,,,,,,,,,,,,,,,,,,,,,,,,,,,,,,,,,,,,,,,,,,,,,,,,,,,,,,,,,,,,,,,,,,,,,,,,,,,
1905,6,334.0,14.0,,,,,,,,,,,,,,,,,,,,,,,,,,,,,,,,,,,,,,,,2.6,6.7,9.8,6.09,34,3.16,16,0.3,0.4,0.5,-6.93,-3.25,-1.84,-4.19,34,2.69,16,0.3,0.4,0.5,-6.93,-3.25,-0.23,-3.84,34,2.77,16,0.3,0.4,0.5,1012.23,1015.05,1016.56,1014.63,16,2.02,16,0.3,0.3,0.6,,,,,,,,,,,,,,,,,,,,,,,,,,,,,,,,,,,,,,,,,,,,,,,,,,,,,,,,,,,,,,,,,,,,,,,,,,,,,,,,,,,,,,,,,,,,,,,,,,,,,,,,,,,,,,,,,,,,,,,,,,,,,,,,,,,,,,,,,,,,,,,,,,,,,,
1905,6,334.0,16.0,,,,,,,,,,,,,,,,,,,,,,,,,,,,,,,,,,,,,,,,2.6,6.7,9.3,6.35,54,3.35,14,0.4,0.6,0.3,-6.58,-4.74,-1.84,-4.25,54,2.71,14,0.4,0.6,0.3,-6.58,-4.74,-1.84,-4.49,54,2.45,14,0.4,0.6,0.3,1014.02,1016.6,1018.02,1016.02,25,2.07,16,0.5,0.6,0.3,,,,,,,,,,,,,,,,,,,,,,,,,,,,,,,,,,,,,,,,,,,,,,,,,,,,,,,,,,,,,,,,,,,,,,,,,,,,,,,,,,,,,,,,,,,,,,,,,,,,,,,,,,,,,,,,,,,,,,,,,,,,,,,,,,,,,,,,,,,,,,,,,,,,,,
1905,6,334.0,18.0,,,,,,,,,,,,,,,,,,,,,,,,,,,,,,,,,,,,,,,,2.6,6.7,9.8,7.1,23,3.14,16,0.6,0.8,0.3,-6.93,-4.74,-1.84,-4.72,23,2.74,16,0.6,0.8,0.3,-6.93,-4.74,-2.41,-5.12,23,2.12,16,0.6,0.8,0.3,1013.35,1017.2,1019.34,1016.79,11,2.61,18,0.5,0.8,0.3,,,,,,,,,,,,,,,,,,,,,,,,,,,,,,,,,,,,,,,,,,,,,,,,,,,,,,,,,,,,,,,,,,,,,,,,,,,,,,,,,,,,,,,,,,,,,,,,,,,,,,,,,,,,,,,,,,,,,,,,,,,,,,,,,,,,,,,,,,,,,,,,,,,,,,
1905,6,334.0,20.0,,,,,,,,,,,,,,,,,,,,,,,,,,,,,,,,,,,,,,,,9.3,9.3,9.3,9.3,1,0.0,26,0.0,0.8,0.3,-6.58,-6.58,-6.58,-6.58,1,0.0,26,0.0,0.8,0.3,-6.58,-6.58,-6.58,-6.58,1,0.0,26,0.0,0.8,0.3,1018.0,1018.0,1018.0,1018.0,1,0.0,26,0.0,0.8,0.3,,,,,,,,,,,,,,,,,,,,,,,,,,,,,,,,,,,,,,,,,,,,,,,,,,,,,,,,,,,,,,,,,,,,,,,,,,,,,,,,,,,,,,,,,,,,,,,,,,,,,,,,,,,,,,,,,,,,,,,,,,,,,,,,,,,,,,,,,,,,,,,,,,,,,,
1905,6,334.0,36.0,,,,,,,,,,,,,,,,,,,,,,,,,,,,,,,,,,,,,,,,2.6,4.6,6.7,5.53,32,2.47,16,0.6,0.7,0.3,-1.03,2.12,4.74,2.0,32,3.84,16,0.6,0.7,0.3,-4.85,-2.51,0.34,-1.87,32,3.89,16,0.6,0.7,0.3,1020.13,1021.7,1025.15,1021.99,7,3.12,22,0.7,0.6,0.4,,,,,,,,,,,,,,,,,,,,,,,,,,,,,,,,,,,,,,,,,,,,,,,,,,,,,,,,,,,,,,,,,,,,,,,,,,,,,,,,,,,,,,,,,,,,,,,,,,,,,,,,,,,,,,,,,,,,,,,,,,,,,,,,,,,,,,,,,,,,,,,,,,,,,,
1905,6,334.0,38.0,,,,,,,,,,,,,,,,,,,,,,,,,,,,,,,,,,,,,,,,1.0,6.7,9.3,5.37,16,4.41,10,0.5,0.7,0.2,-2.58,0.0,1.87,0.52,16,3.57,10,0.5,0.7,0.2,-7.67,-0.99,0.0,-2.39,16,5.57,10,0.5,0.7,0.2,1015.3,1022.95,1028.9,1022.16,12,6.35,12,0.6,0.6,0.3,,,,,,,,,,,,,,,,,,,,,,,,,,,,,,,,,,,,,,,,,,,,,,,,,,,,,,,,,,,,,,,,,,,,,,,,,,,,,,,,,,,,,,,,,,,,,,,,,,,,,,,,,,,,,,,,,,,,,,,,,,,,,,,,,,,,,,,,,,,,,,,,,,,,,,
1905,6,334.0,40.0,,,,,,,,,,,,,,,,,,,,,,,,,,,,,,,,,,,,,,,,5.2,6.7,9.3,6.92,5,2.74,18,0.6,0.7,0.1,3.68,4.74,8.58,5.7,5,2.89,18,0.6,0.7,0.1,-4.74,-3.48,2.49,-1.5,5,3.95,18,0.6,0.7,0.1,1013.43,1016.0,1017.0,1015.25,4,2.36,22,0.8,0.8,0.0,,,,,,,,,,,,,,,,,,,,,,,,,,,,,,,,,,,,,,,,,,,,,,,,,,,,,,,,,,,,,,,,,,,,,,,,,,,,,,,,,,,,,,,,,,,,,,,,,,,,,,,,,,,,,,,,,,,,,,,,,,,,,,,,,,,,,,,,,,,,,,,,,,,,,,
1905,6,334.0,42.0,,,,,,,,,,,,,,,,,,,,,,,,,,,,,,,,,,,,,,,,1.0,4.6,14.71,7.29,15,6.72,18,0.4,0.7,0.2,-0.55,3.25,12.98,5.39,15,6.28,18,0.4,0.7,0.2,-7.0,-0.71,2.27,-2.49,15,4.97,18,0.4,0.7,0.2,1018.52,1022.0,1022.21,1019.83,6,5.34,18,0.8,0.7,0.3,,,,,,,,,,,,,,,,,,,,,,,,,,,,,,,,,,,,,,,,,,,,,,,,,,,,,,,,,,,,,,,,,,,,,,,,,,,,,,,,,,,,,,,,,,,,,,,,,,,,,,,,,,,,,,,,,,,,,,,,,,,,,,,,,,,,,,,,,,,,,,,,,,,,,,
1905,6,334.0,44.0,,,,,,,,,,,,,,,,,,,,,,,,,,,,,,,,,,,,,,,,6.86,12.3,15.2,11.55,14,3.09,12,0.6,0.7,0.2,4.81,6.09,8.7,6.81,14,2.32,12,0.6,0.7,0.2,-11.32,-9.79,-4.85,-9.0,14,3.27,12,0.6,0.7,0.2,1007.0,1016.0,1024.73,1016.03,12,8.54,10,0.7,0.6,0.3,,,,,,,,,,,,,,,,,,,,,,,,,,,,,,,,,,,,,,,,,,,,,,,,,,,,,,,,,,,,,,,,,,,,,,,,,,,,,,,,,,,,,,,,,,,,,,,,,,,,,,,,,,,,,,,,,,,,,,,,,,,,,,,,,,,,,,,,,,,,,,,,,,,,,,
1905,6,334.0,46.0,,,,,,,,,,,,,,,,,,,,,,,,,,,,,,,,,,,,,,,,2.6,6.7,12.3,7.12,90,3.95,14,0.7,0.7,0.5,0.0,3.25,8.62,3.79,90,4.32,14,0.7,0.7,0.5,-6.58,-2.55,4.16,-1.65,90,5.55,14,0.7,0.7,0.5,999.55,1011.2,1019.0,1009.82,36,9.16,18,0.5,0.7,0.5,,,,,,,,,,,,,,,,,,,,,,,,,,,,,,,,,,,,,,,,,,,,,,,,,,,,,,,,,,,,,,,,,,,,,,,,,,,,,,,,,,,,,,,,,,,,,,,,,,,,,,,,,,,,,,,,,,,,,,,,,,,,,,,,,,,,,,,,,,,,,,,,,,,,,,
1905,6,334.0,48.0,,,,,,,,,,,,,,,,,,,,,,,,,,,,,,,,,,,,,,,,4.6,6.7,12.3,8.03,19,3.83,18,1.0,0.7,0.1,0.32,6.02,8.7,4.63,19,3.63,18,1.0,0.7,0.1,-8.7,0.0,6.28,-0.88,19,6.79,18,1.0,0.7,0.1,1006.42,1011.0,1021.37,1013.41,9,7.33,14,1.0,0.6,0.2,,,,,,,,,,,,,,,,,,,,,,,,,,,,,,,,,,,,,,,,,,,,,,,,,,,,,,,,,,,,,,,,,,,,,,,,,,,,,,,,,,,,,,,,,,,,,,,,,,,,,,,,,,,,,,,,,,,,,,,,,,,,,,,,,,,,,,,,,,,,,,,,,,,,,,
1905,6,334.0,64.0,,,,,,,,,,,,,,,,,,,,,,,,,,,,,,,,,,,,,,,,3.25,4.65,6.05,4.65,2,2.9,14,1.0,0.9,0.8,-3.6,-1.16,1.28,-1.16,2,5.05,14,1.0,0.9,0.8,1.57,2.86,4.14,2.86,2,2.66,14,1.0,0.9,0.8,999.7,999.7,999.7,999.7,1,0.0,2,1.0,0.9,0.7,,,,,,,,,,,,,,,,,,,,,,,,,,,,,,,,,,,,,,,,,,,,,,,,,,,,,,,,,,,,,,,,,,,,,,,,,,,,,,,,,,,,,,,,,,,,,,,,,,,,,,,,,,,,,,,,,,,,,,,,,,,,,,,,,,,,,,,,,,,,,,,,,,,,,,
1905,6,336.0,-36.0,,,,,,,,,,,,,,,,,,,,,,,,,,,,,,,,,,,,,,,,12.3,12.3,14.42,13.33,3,1.79,10,1.0,0.6,0.8,0.0,0.0,3.15,1.54,3,2.66,10,1.0,0.6,0.8,-14.42,-12.3,-11.69,-13.03,3,2.1,10,1.0,0.6,0.8,1020.49,1021.1,1022.19,1021.33,3,1.27,10,1.0,0.6,0.8,,,,,,,,,,,,,,,,,,,,,,,,,,,,,,,,,,,,,,,,,,,,,,,,,,,,,,,,,,,,,,,,,,,,,,,,,,,,,,,,,,,,,,,,,,,,,,,,,,,,,,,,,,,,,,,,,,,,,,,,,,,,,,,,,,,,,,,,,,,,,,,,,,,,,,
1905,6,336.0,-34.0,,,,,,,,,,,,,,,,,,,,,,,,,,,,,,,,,,,,,,,,12.3,12.3,12.3,12.3,1,0.0,10,0.0,0.3,0.3,-4.81,-4.81,-4.81,-4.81,1,0.0,10,0.0,0.3,0.3,-11.32,-11.32,-11.32,-11.32,1,0.0,10,0.0,0.3,0.3,1023.5,1023.5,1023.5,1023.5,1,0.0,10,0.0,0.3,0.3,,,,,,,,,,,,,,,,,,,,,,,,,,,,,,,,,,,,,,,,,,,,,,,,,,,,,,,,,,,,,,,,,,,,,,,,,,,,,,,,,,,,,,,,,,,,,,,,,,,,,,,,,,,,,,,,,,,,,,,,,,,,,,,,,,,,,,,,,,,,,,,,,,,,,,
1905,6,336.0,-32.0,,,,,,,,,,,,,,,,,,,,,,,,,,,,,,,,,,,,,,,,4.6,8.0,11.02,7.97,10,2.98,20,0.7,0.5,0.6,-5.79,1.72,4.13,-0.48,10,4.63,20,0.7,0.5,0.6,-10.21,-5.66,-4.27,-6.69,10,2.86,20,0.7,0.5,0.6,1022.03,1025.3,1032.36,1026.98,10,4.64,20,0.7,0.5,0.6,,,,,,,,,,,,,,,,,,,,,,,,,,,,,,,,,,,,,,,,,,,,,,,,,,,,,,,,,,,,,,,,,,,,,,,,,,,,,,,,,,,,,,,,,,,,,,,,,,,,,,,,,,,,,,,,,,,,,,,,,,,,,,,,,,,,,,,,,,,,,,,,,,,,,,
1905,6,336.0,-30.0,,,,,,,,,,,,,,,,,,,,,,,,,,,,,,,,,,,,,,,,3.46,4.6,7.29,6.11,10,4.88,26,0.4,0.3,0.5,-2.73,3.25,4.46,0.92,10,6.03,26,0.4,0.3,0.5,-5.15,-0.51,0.99,-2.41,10,4.64,26,0.4,0.3,0.5,1023.0,1023.1,1028.36,1024.93,10,3.57,26,0.4,0.3,0.5,,,,,,,,,,,,,,,,,,,,,,,,,,,,,,,,,,,,,,,,,,,,,,,,,,,,,,,,,,,,,,,,,,,,,,,,,,,,,,,,,,,,,,,,,,,,,,,,,,,,,,,,,,,,,,,,,,,,,,,,,,,,,,,,,,,,,,,,,,,,,,,,,,,,,,
1905,6,336.0,-28.0,,,,,,,,,,,,,,,,,,,,,,,,,,,,,,,,,,,,,,,,0.0,2.6,2.6,1.69,11,1.57,30,0.5,0.3,0.5,0.0,1.84,2.6,1.4,11,1.64,30,0.5,0.3,0.5,0.0,0.0,1.28,0.38,11,0.77,30,0.5,0.3,0.5,1023.91,1025.1,1027.44,1025.41,11,1.77,30,0.5,0.3,0.5,,,,,,,,,,,,,,,,,,,,,,,,,,,,,,,,,,,,,,,,,,,,,,,,,,,,,,,,,,,,,,,,,,,,,,,,,,,,,,,,,,,,,,,,,,,,,,,,,,,,,,,,,,,,,,,,,,,,,,,,,,,,,,,,,,,,,,,,,,,,,,,,,,,,,,
1905,6,336.0,-4.0,,,,,,,,,,,,,,,,,,,,,,,,,,,,,,,,,,,,,,,,6.7,6.7,8.06,7.35,4,1.3,28,0.3,0.5,0.8,-7.48,-6.21,-5.44,-6.45,4,1.61,28,0.3,0.5,0.8,2.51,3.0,4.14,3.31,4,1.06,28,0.3,0.5,0.8,1015.2,1015.55,1015.9,1015.55,4,0.42,28,0.3,0.5,0.8,,,,,,,,,,,,,,,,,,,,,,,,,,,,,,,,,,,,,,,,,,,,,,,,,,,,,,,,,,,,,,,,,,,,,,,,,,,,,,,,,,,,,,,,,,,,,,,,,,,,,,,,,,,,,,,,,,,,,,,,,,,,,,,,,,,,,,,,,,,,,,,,,,,,,,
1905,6,336.0,-2.0,,,,,,,,,,,,,,,,,,,,,,,,,,,,,,,,,,,,,,,,6.7,6.7,8.47,7.57,3,1.5,28,0.7,0.8,0.7,-7.86,-6.21,-6.21,-7.02,3,1.39,28,0.7,0.8,0.7,2.51,2.51,3.17,2.83,3,0.56,28,0.7,0.8,0.7,1015.99,1016.4,1016.81,1016.4,3,0.6,28,0.7,0.8,0.7,,,,,,,,,,,,,,,,,,,,,,,,,,,,,,,,,,,,,,,,,,,,,,,,,,,,,,,,,,,,,,,,,,,,,,,,,,,,,,,,,,,,,,,,,,,,,,,,,,,,,,,,,,,,,,,,,,,,,,,,,,,,,,,,,,,,,,,,,,,,,,,,,,,,,,
1905,6,336.0,0.0,,,,,,,,,,,,,,,,,,,,,,,,,,,,,,,,,,,,,,,,5.6,6.7,8.06,6.83,4,1.92,22,0.0,0.6,0.4,-6.4,-5.47,-3.96,-5.19,4,1.52,22,0.0,0.6,0.4,2.86,4.0,5.7,4.27,4,1.8,22,0.0,0.6,0.4,1012.65,1014.25,1016.43,1014.53,4,2.22,22,0.0,0.6,0.4,,,,,,,,,,,,,,,,,,,,,,,,,,,,,,,,,,,,,,,,,,,,,,,,,,,,,,,,,,,,,,,,,,,,,,,,,,,,,,,,,,,,,,,,,,,,,,,,,,,,,,,,,,,,,,,,,,,,,,,,,,,,,,,,,,,,,,,,,,,,,,,,,,,,,,
1905,6,336.0,2.0,,,,,,,,,,,,,,,,,,,,,,,,,,,,,,,,,,,,,,,,3.07,4.6,9.3,5.96,34,3.01,10,0.5,0.6,0.4,-4.53,-1.8,-1.02,-2.69,34,2.42,10,0.5,0.6,0.4,2.6,4.23,8.09,5.02,34,2.51,10,0.5,0.6,0.4,1011.66,1012.4,1013.74,1012.57,30,1.24,8,0.5,0.6,0.4,,,,,,,,,,,,,,,,,,,,,,,,,,,,,,,,,,,,,,,,,,,,,,,,,,,,,,,,,,,,,,,,,,,,,,,,,,,,,,,,,,,,,,,,,,,,,,,,,,,,,,,,,,,,,,,,,,,,,,,,,,,,,,,,,,,,,,,,,,,,,,,,,,,,,,
1905,6,336.0,4.0,,,,,,,,,,,,,,,,,,,,,,,,,,,,,,,,,,,,,,,,1.0,2.6,6.7,3.87,102,2.84,12,0.5,0.7,0.4,-1.8,0.0,0.71,-0.54,102,1.81,12,0.5,0.7,0.4,0.38,2.6,6.17,3.23,102,3.01,12,0.5,0.7,0.4,1010.52,1013.1,1015.7,1013.05,98,2.35,12,0.5,0.7,0.4,,,,,,,,,,,,,,,,,,,,,,,,,,,,,,,,,,,,,,,,,,,,,,,,,,,,,,,,,,,,,,,,,,,,,,,,,,,,,,,,,,,,,,,,,,,,,,,,,,,,,,,,,,,,,,,,,,,,,,,,,,,,,,,,,,,,,,,,,,,,,,,,,,,,,,
1905,6,336.0,6.0,,,,,,,,,,,,,,,,,,,,,,,,,,,,,,,,,,,,,,,,1.0,1.0,4.6,2.05,86,1.91,22,0.5,0.8,0.3,-0.37,0.37,2.12,0.84,86,1.92,22,0.5,0.8,0.3,-0.93,0.0,2.41,0.5,86,1.8,22,0.5,0.8,0.3,1013.05,1014.3,1015.59,1014.36,80,1.29,20,0.5,0.8,0.3,,,,,,,,,,,,,,,,,,,,,,,,,,,,,,,,,,,,,,,,,,,,,,,,,,,,,,,,,,,,,,,,,,,,,,,,,,,,,,,,,,,,,,,,,,,,,,,,,,,,,,,,,,,,,,,,,,,,,,,,,,,,,,,,,,,,,,,,,,,,,,,,,,,,,,
1905,6,336.0,8.0,,,,,,,,,,,,,,,,,,,,,,,,,,,,,,,,,,,,,,,,1.0,2.6,4.54,2.07,39,1.52,18,0.5,0.8,0.5,-0.97,0.0,1.84,0.35,39,1.51,18,0.5,0.8,0.5,-2.39,0.0,1.84,-0.14,39,2.07,18,0.5,0.8,0.5,1013.9,1014.9,1015.83,1014.91,38,1.07,18,0.5,0.8,0.5,,,,,,,,,,,,,,,,,,,,,,,,,,,,,,,,,,,,,,,,,,,,,,,,,,,,,,,,,,,,,,,,,,,,,,,,,,,,,,,,,,,,,,,,,,,,,,,,,,,,,,,,,,,,,,,,,,,,,,,,,,,,,,,,,,,,,,,,,,,,,,,,,,,,,,
1905,6,336.0,10.0,,,,,,,,,,,,,,,,,,,,,,,,,,,,,,,,,,,,,,,,1.79,2.6,4.6,3.24,23,1.62,18,0.5,0.7,0.4,-1.02,0.0,1.72,-0.28,23,1.52,18,0.5,0.7,0.4,-4.27,-2.41,-1.65,-2.83,23,1.68,18,0.5,0.7,0.4,1014.07,1015.1,1016.2,1015.14,21,0.98,18,0.5,0.8,0.4,,,,,,,,,,,,,,,,,,,,,,,,,,,,,,,,,,,,,,,,,,,,,,,,,,,,,,,,,,,,,,,,,,,,,,,,,,,,,,,,,,,,,,,,,,,,,,,,,,,,,,,,,,,,,,,,,,,,,,,,,,,,,,,,,,,,,,,,,,,,,,,,,,,,,,
1905,6,336.0,12.0,,,,,,,,,,,,,,,,,,,,,,,,,,,,,,,,,,,,,,,,4.25,4.6,9.8,5.68,44,2.46,16,0.5,0.4,0.5,-4.62,-3.25,-0.32,-2.81,44,2.17,16,0.5,0.4,0.5,-6.93,-4.27,-1.84,-4.45,44,2.45,16,0.5,0.4,0.5,1014.42,1015.8,1016.4,1015.39,21,1.14,16,0.4,0.6,0.5,,,,,,,,,,,,,,,,,,,,,,,,,,,,,,,,,,,,,,,,,,,,,,,,,,,,,,,,,,,,,,,,,,,,,,,,,,,,,,,,,,,,,,,,,,,,,,,,,,,,,,,,,,,,,,,,,,,,,,,,,,,,,,,,,,,,,,,,,,,,,,,,,,,,,,
1905,6,336.0,14.0,,,,,,,,,,,,,,,,,,,,,,,,,,,,,,,,,,,,,,,,4.6,6.7,9.3,5.95,44,2.61,18,0.5,0.6,0.5,-4.35,-3.25,-1.8,-3.02,44,1.29,18,0.5,0.6,0.5,-8.56,-4.74,-3.25,-4.96,44,2.62,18,0.5,0.6,0.5,1014.6,1016.0,1017.0,1015.88,12,1.14,16,0.4,0.7,0.5,,,,,,,,,,,,,,,,,,,,,,,,,,,,,,,,,,,,,,,,,,,,,,,,,,,,,,,,,,,,,,,,,,,,,,,,,,,,,,,,,,,,,,,,,,,,,,,,,,,,,,,,,,,,,,,,,,,,,,,,,,,,,,,,,,,,,,,,,,,,,,,,,,,,,,
1905,6,336.0,16.0,,,,,,,,,,,,,,,,,,,,,,,,,,,,,,,,,,,,,,,,4.6,6.7,9.3,6.92,44,2.24,18,0.5,0.8,0.2,-4.74,-3.48,-1.78,-3.61,44,1.8,18,0.5,0.8,0.2,-8.56,-5.45,-4.23,-5.72,44,2.0,18,0.5,0.8,0.2,1014.79,1015.4,1017.0,1015.59,13,0.97,14,0.5,0.7,0.3,,,,,,,,,,,,,,,,,,,,,,,,,,,,,,,,,,,,,,,,,,,,,,,,,,,,,,,,,,,,,,,,,,,,,,,,,,,,,,,,,,,,,,,,,,,,,,,,,,,,,,,,,,,,,,,,,,,,,,,,,,,,,,,,,,,,,,,,,,,,,,,,,,,,,,
1905,6,336.0,18.0,,,,,,,,,,,,,,,,,,,,,,,,,,,,,,,,,,,,,,,,4.6,6.7,6.7,6.38,33,1.84,14,0.4,0.4,0.5,-4.74,-3.83,-2.52,-3.77,33,1.85,14,0.4,0.4,0.5,-6.21,-4.74,-3.25,-4.93,33,1.48,14,0.4,0.4,0.5,1012.78,1016.4,1017.88,1015.58,13,2.45,16,0.3,0.3,0.7,,,,,,,,,,,,,,,,,,,,,,,,,,,,,,,,,,,,,,,,,,,,,,,,,,,,,,,,,,,,,,,,,,,,,,,,,,,,,,,,,,,,,,,,,,,,,,,,,,,,,,,,,,,,,,,,,,,,,,,,,,,,,,,,,,,,,,,,,,,,,,,,,,,,,,
1905,6,336.0,20.0,,,,,,,,,,,,,,,,,,,,,,,,,,,,,,,,,,,,,,,,4.6,6.7,6.7,6.24,43,1.59,14,0.4,0.5,0.5,-4.74,-4.27,-2.36,-3.58,43,2.01,14,0.4,0.5,0.5,-6.17,-4.74,-3.25,-4.79,43,1.32,14,0.4,0.5,0.5,1013.81,1017.0,1018.49,1016.35,20,2.17,16,0.6,0.6,0.5,,,,,,,,,,,,,,,,,,,,,,,,,,,,,,,,,,,,,,,,,,,,,,,,,,,,,,,,,,,,,,,,,,,,,,,,,,,,,,,,,,,,,,,,,,,,,,,,,,,,,,,,,,,,,,,,,,,,,,,,,,,,,,,,,,,,,,,,,,,,,,,,,,,,,,
1905,6,336.0,22.0,,,,,,,,,,,,,,,,,,,,,,,,,,,,,,,,,,,,,,,,4.63,6.7,9.3,7.09,20,1.75,16,0.6,0.7,0.3,-6.58,-4.5,-0.03,-3.45,20,3.07,16,0.6,0.7,0.3,-6.58,-6.17,-4.6,-5.47,20,1.58,16,0.6,0.7,0.3,1014.24,1017.55,1019.11,1016.89,10,2.35,18,0.5,0.6,0.4,,,,,,,,,,,,,,,,,,,,,,,,,,,,,,,,,,,,,,,,,,,,,,,,,,,,,,,,,,,,,,,,,,,,,,,,,,,,,,,,,,,,,,,,,,,,,,,,,,,,,,,,,,,,,,,,,,,,,,,,,,,,,,,,,,,,,,,,,,,,,,,,,,,,,,
1905,6,336.0,24.0,,,,,,,,,,,,,,,,,,,,,,,,,,,,,,,,,,,,,,,,3.9,6.7,8.82,6.37,3,3.61,22,0.3,0.4,0.6,-5.56,-2.62,0.42,-2.57,3,4.38,22,0.3,0.4,0.6,-6.69,-6.17,-3.21,-4.98,3,2.75,22,0.3,0.4,0.6,1019.05,1019.6,1020.15,1019.6,2,1.13,16,0.5,0.5,0.5,,,,,,,,,,,,,,,,,,,,,,,,,,,,,,,,,,,,,,,,,,,,,,,,,,,,,,,,,,,,,,,,,,,,,,,,,,,,,,,,,,,,,,,,,,,,,,,,,,,,,,,,,,,,,,,,,,,,,,,,,,,,,,,,,,,,,,,,,,,,,,,,,,,,,,
1905,6,336.0,26.0,,,,,,,,,,,,,,,,,,,,,,,,,,,,,,,,,,,,,,,,4.6,6.7,7.98,6.32,11,2.18,12,0.7,0.5,0.6,-4.74,-2.62,0.0,-2.59,11,2.23,12,0.7,0.5,0.6,-6.79,-4.74,-3.83,-5.41,11,2.02,12,0.7,0.5,0.6,1020.4,1020.4,1020.4,1020.4,1,0.0,8,0.0,0.8,0.8,,,,,,,,,,,,,,,,,,,,,,,,,,,,,,,,,,,,,,,,,,,,,,,,,,,,,,,,,,,,,,,,,,,,,,,,,,,,,,,,,,,,,,,,,,,,,,,,,,,,,,,,,,,,,,,,,,,,,,,,,,,,,,,,,,,,,,,,,,,,,,,,,,,,,,
1905,6,336.0,36.0,,,,,,,,,,,,,,,,,,,,,,,,,,,,,,,,,,,,,,,,1.0,4.6,9.3,5.08,17,3.98,14,0.5,0.6,0.5,-0.33,1.02,6.58,2.44,17,3.4,14,0.5,0.6,0.5,-6.63,-3.25,-0.71,-3.27,17,3.73,14,0.5,0.6,0.5,1020.51,1023.0,1029.12,1023.94,7,4.1,14,0.6,0.6,0.6,,,,,,,,,,,,,,,,,,,,,,,,,,,,,,,,,,,,,,,,,,,,,,,,,,,,,,,,,,,,,,,,,,,,,,,,,,,,,,,,,,,,,,,,,,,,,,,,,,,,,,,,,,,,,,,,,,,,,,,,,,,,,,,,,,,,,,,,,,,,,,,,,,,,,,
1905,6,336.0,38.0,,,,,,,,,,,,,,,,,,,,,,,,,,,,,,,,,,,,,,,,1.0,6.7,9.3,6.45,22,4.1,14,0.5,0.7,0.3,-2.27,0.0,4.42,0.99,22,4.63,14,0.5,0.7,0.3,-6.54,-2.24,6.46,-1.44,22,5.97,14,0.5,0.7,0.3,1015.76,1017.95,1024.2,1019.38,10,5.07,18,0.3,0.5,0.6,,,,,,,,,,,,,,,,,,,,,,,,,,,,,,,,,,,,,,,,,,,,,,,,,,,,,,,,,,,,,,,,,,,,,,,,,,,,,,,,,,,,,,,,,,,,,,,,,,,,,,,,,,,,,,,,,,,,,,,,,,,,,,,,,,,,,,,,,,,,,,,,,,,,,,
1905,6,336.0,40.0,,,,,,,,,,,,,,,,,,,,,,,,,,,,,,,,,,,,,,,,3.14,6.7,11.49,7.38,9,3.71,20,0.3,0.8,0.2,-3.94,2.6,10.65,3.53,9,6.39,20,0.3,0.8,0.2,-4.51,0.0,4.74,0.01,9,4.49,20,0.3,0.8,0.2,1012.49,1017.9,1019.71,1017.7,8,5.12,20,0.3,0.8,0.2,,,,,,,,,,,,,,,,,,,,,,,,,,,,,,,,,,,,,,,,,,,,,,,,,,,,,,,,,,,,,,,,,,,,,,,,,,,,,,,,,,,,,,,,,,,,,,,,,,,,,,,,,,,,,,,,,,,,,,,,,,,,,,,,,,,,,,,,,,,,,,,,,,,,,,
1905,6,336.0,42.0,,,,,,,,,,,,,,,,,,,,,,,,,,,,,,,,,,,,,,,,4.6,9.3,12.3,8.57,9,4.27,14,0.7,0.7,0.4,-1.02,6.58,8.7,4.73,9,5.15,14,0.7,0.7,0.4,-8.7,-6.58,-0.48,-4.97,9,4.62,14,0.7,0.7,0.4,1017.11,1019.5,1021.89,1019.5,2,4.95,18,0.5,0.8,0.5,,,,,,,,,,,,,,,,,,,,,,,,,,,,,,,,,,,,,,,,,,,,,,,,,,,,,,,,,,,,,,,,,,,,,,,,,,,,,,,,,,,,,,,,,,,,,,,,,,,,,,,,,,,,,,,,,,,,,,,,,,,,,,,,,,,,,,,,,,,,,,,,,,,,,,
1905,6,336.0,44.0,,,,,,,,,,,,,,,,,,,,,,,,,,,,,,,,,,,,,,,,4.6,12.3,15.4,11.1,16,5.25,16,0.7,0.8,0.4,-3.01,6.17,10.06,4.8,16,5.82,16,0.7,0.8,0.4,-13.15,-7.64,1.33,-6.83,16,7.13,16,0.7,0.8,0.4,1004.0,1019.6,1021.66,1014.35,10,8.78,12,0.5,0.7,0.5,,,,,,,,,,,,,,,,,,,,,,,,,,,,,,,,,,,,,,,,,,,,,,,,,,,,,,,,,,,,,,,,,,,,,,,,,,,,,,,,,,,,,,,,,,,,,,,,,,,,,,,,,,,,,,,,,,,,,,,,,,,,,,,,,,,,,,,,,,,,,,,,,,,,,,
1905,6,336.0,46.0,,,,,,,,,,,,,,,,,,,,,,,,,,,,,,,,,,,,,,,,1.0,6.7,12.3,6.76,64,4.69,14,0.6,0.7,0.5,-0.93,2.55,8.62,3.22,64,5.36,14,0.6,0.7,0.5,-6.17,-1.0,0.92,-2.24,64,4.91,14,0.6,0.7,0.5,999.24,1009.55,1022.46,1011.56,34,11.02,12,0.7,0.8,0.5,,,,,,,,,,,,,,,,,,,,,,,,,,,,,,,,,,,,,,,,,,,,,,,,,,,,,,,,,,,,,,,,,,,,,,,,,,,,,,,,,,,,,,,,,,,,,,,,,,,,,,,,,,,,,,,,,,,,,,,,,,,,,,,,,,,,,,,,,,,,,,,,,,,,,,
1905,6,336.0,48.0,,,,,,,,,,,,,,,,,,,,,,,,,,,,,,,,,,,,,,,,2.79,6.7,12.3,7.41,52,4.21,16,0.7,0.8,0.1,0.0,3.44,8.69,4.11,52,3.9,16,0.7,0.8,0.1,-4.73,0.0,6.08,0.78,52,6.38,16,0.7,0.8,0.1,1000.85,1009.0,1016.0,1009.05,21,7.45,18,0.8,0.7,0.1,,,,,,,,,,,,,,,,,,,,,,,,,,,,,,,,,,,,,,,,,,,,,,,,,,,,,,,,,,,,,,,,,,,,,,,,,,,,,,,,,,,,,,,,,,,,,,,,,,,,,,,,,,,,,,,,,,,,,,,,,,,,,,,,,,,,,,,,,,,,,,,,,,,,,,
1905,6,336.0,66.0,,,,,,,,,,,,,,,,,,,,,,,,,,,,,,,,,,,,,,,,0.63,4.6,5.37,3.38,5,2.79,16,1.0,0.5,0.2,-3.62,-0.71,0.0,-1.64,5,1.98,16,1.0,0.5,0.2,-4.51,-1.72,0.26,-2.19,5,2.95,16,1.0,0.5,0.2,984.67,999.0,1013.33,999.0,2,29.7,6,1.0,0.7,0.1,,,,,,,,,,,,,,,,,,,,,,,,,,,,,,,,,,,,,,,,,,,,,,,,,,,,,,,,,,,,,,,,,,,,,,,,,,,,,,,,,,,,,,,,,,,,,,,,,,,,,,,,,,,,,,,,,,,,,,,,,,,,,,,,,,,,,,,,,,,,,,,,,,,,,,
1905,6,338.0,-36.0,,,,,,,,,,,,,,,,,,,,,,,,,,,,,,,,,,,,,,,,15.4,15.4,15.4,15.4,2,0.0,10,0.0,0.5,0.8,14.19,14.23,14.26,14.23,2,0.07,10,0.0,0.5,0.8,-4.15,-0.12,3.9,-0.12,2,8.33,10,0.0,0.5,0.8,1021.18,1021.35,1021.52,1021.35,2,0.35,10,0.0,0.5,0.8,,,,,,,,,,,,,,,,,,,,,,,,,,,,,,,,,,,,,,,,,,,,,,,,,,,,,,,,,,,,,,,,,,,,,,,,,,,,,,,,,,,,,,,,,,,,,,,,,,,,,,,,,,,,,,,,,,,,,,,,,,,,,,,,,,,,,,,,,,,,,,,,,,,,,,
1905,6,338.0,-34.0,,,,,,,,,,,,,,,,,,,,,,,,,,,,,,,,,,,,,,,,4.6,4.6,4.6,4.6,2,0.0,18,1.0,0.8,0.8,-3.25,-3.25,-3.25,-3.25,2,0.0,18,1.0,0.8,0.8,-3.25,-3.25,-3.25,-3.25,2,0.0,18,1.0,0.8,0.8,1033.1,1033.1,1033.1,1033.1,1,0.0,18,1.0,0.8,0.8,,,,,,,,,,,,,,,,,,,,,,,,,,,,,,,,,,,,,,,,,,,,,,,,,,,,,,,,,,,,,,,,,,,,,,,,,,,,,,,,,,,,,,,,,,,,,,,,,,,,,,,,,,,,,,,,,,,,,,,,,,,,,,,,,,,,,,,,,,,,,,,,,,,,,,
1905,6,338.0,-32.0,,,,,,,,,,,,,,,,,,,,,,,,,,,,,,,,,,,,,,,,3.14,6.7,9.3,6.42,9,3.4,20,0.4,0.3,0.6,-6.58,-4.27,0.0,-3.46,9,2.92,20,0.4,0.3,0.6,-6.58,-1.72,4.89,-1.24,9,5.85,20,0.4,0.3,0.6,1021.64,1022.3,1030.94,1024.35,8,5.12,20,0.5,0.3,0.6,,,,,,,,,,,,,,,,,,,,,,,,,,,,,,,,,,,,,,,,,,,,,,,,,,,,,,,,,,,,,,,,,,,,,,,,,,,,,,,,,,,,,,,,,,,,,,,,,,,,,,,,,,,,,,,,,,,,,,,,,,,,,,,,,,,,,,,,,,,,,,,,,,,,,,
1905,6,338.0,0.0,,,,,,,,,,,,,,,,,,,,,,,,,,,,,,,,,,,,,,,,6.7,8.0,9.3,8.0,4,1.5,26,0.8,0.5,0.4,-7.65,-5.66,-4.74,-6.17,4,1.85,26,0.8,0.5,0.4,4.08,4.74,5.7,4.88,4,1.27,26,0.8,0.5,0.4,1014.84,1015.45,1016.11,1015.48,4,0.75,26,0.8,0.5,0.4,,,,,,,,,,,,,,,,,,,,,,,,,,,,,,,,,,,,,,,,,,,,,,,,,,,,,,,,,,,,,,,,,,,,,,,,,,,,,,,,,,,,,,,,,,,,,,,,,,,,,,,,,,,,,,,,,,,,,,,,,,,,,,,,,,,,,,,,,,,,,,,,,,,,,,
1905,6,338.0,2.0,,,,,,,,,,,,,,,,,,,,,,,,,,,,,,,,,,,,,,,,3.46,4.6,4.6,4.41,10,1.16,18,0.6,0.8,0.4,-3.83,-2.12,-1.8,-2.83,10,1.47,18,0.6,0.8,0.4,1.77,3.25,4.23,3.05,10,1.23,18,0.6,0.8,0.4,1012.79,1014.95,1015.76,1014.32,10,2.05,18,0.6,0.8,0.4,,,,,,,,,,,,,,,,,,,,,,,,,,,,,,,,,,,,,,,,,,,,,,,,,,,,,,,,,,,,,,,,,,,,,,,,,,,,,,,,,,,,,,,,,,,,,,,,,,,,,,,,,,,,,,,,,,,,,,,,,,,,,,,,,,,,,,,,,,,,,,,,,,,,,,
1905,6,338.0,4.0,,,,,,,,,,,,,,,,,,,,,,,,,,,,,,,,,,,,,,,,1.96,4.6,6.7,4.31,30,2.47,18,0.5,0.6,0.3,-3.25,-0.7,0.71,-1.21,30,1.9,18,0.5,0.6,0.3,1.44,4.23,5.32,3.77,30,2.33,18,0.5,0.6,0.3,1011.33,1013.5,1015.46,1013.51,29,1.8,16,0.5,0.6,0.3,,,,,,,,,,,,,,,,,,,,,,,,,,,,,,,,,,,,,,,,,,,,,,,,,,,,,,,,,,,,,,,,,,,,,,,,,,,,,,,,,,,,,,,,,,,,,,,,,,,,,,,,,,,,,,,,,,,,,,,,,,,,,,,,,,,,,,,,,,,,,,,,,,,,,,
1905,6,338.0,6.0,,,,,,,,,,,,,,,,,,,,,,,,,,,,,,,,,,,,,,,,2.37,6.7,6.7,4.56,19,2.48,24,0.5,0.5,0.3,-0.68,0.0,3.13,1.08,19,2.74,24,0.5,0.5,0.3,2.19,2.6,6.21,3.71,19,2.2,24,0.5,0.5,0.3,1013.57,1015.0,1015.94,1014.93,19,1.13,24,0.5,0.5,0.3,,,,,,,,,,,,,,,,,,,,,,,,,,,,,,,,,,,,,,,,,,,,,,,,,,,,,,,,,,,,,,,,,,,,,,,,,,,,,,,,,,,,,,,,,,,,,,,,,,,,,,,,,,,,,,,,,,,,,,,,,,,,,,,,,,,,,,,,,,,,,,,,,,,,,,
1905,6,338.0,10.0,,,,,,,,,,,,,,,,,,,,,,,,,,,,,,,,,,,,,,,,2.6,2.6,2.6,2.6,1,0.0,6,1.0,0.3,0.8,-1.02,-1.02,-1.02,-1.02,1,0.0,6,1.0,0.3,0.8,-2.39,-2.39,-2.39,-2.39,1,0.0,6,1.0,0.3,0.8,1015.5,1015.5,1015.5,1015.5,1,0.0,6,1.0,0.3,0.8,,,,,,,,,,,,,,,,,,,,,,,,,,,,,,,,,,,,,,,,,,,,,,,,,,,,,,,,,,,,,,,,,,,,,,,,,,,,,,,,,,,,,,,,,,,,,,,,,,,,,,,,,,,,,,,,,,,,,,,,,,,,,,,,,,,,,,,,,,,,,,,,,,,,,,
1905,6,338.0,12.0,,,,,,,,,,,,,,,,,,,,,,,,,,,,,,,,,,,,,,,,1.0,2.6,2.6,2.32,10,1.1,6,0.4,0.3,0.6,-1.46,-1.02,-0.39,-0.95,10,0.58,6,0.4,0.3,0.6,-2.39,-2.39,-0.95,-2.09,10,1.0,6,0.4,0.3,0.6,1012.74,1014.05,1014.97,1014.22,10,1.58,6,0.4,0.3,0.6,,,,,,,,,,,,,,,,,,,,,,,,,,,,,,,,,,,,,,,,,,,,,,,,,,,,,,,,,,,,,,,,,,,,,,,,,,,,,,,,,,,,,,,,,,,,,,,,,,,,,,,,,,,,,,,,,,,,,,,,,,,,,,,,,,,,,,,,,,,,,,,,,,,,,,
1905,6,338.0,14.0,,,,,,,,,,,,,,,,,,,,,,,,,,,,,,,,,,,,,,,,2.6,4.6,5.13,4.41,12,2.26,10,0.6,0.3,0.4,-3.25,-1.41,0.0,-1.58,12,1.58,10,0.6,0.3,0.4,-5.0,-3.25,-2.55,-3.91,12,2.08,10,0.6,0.3,0.4,1013.49,1014.0,1014.65,1014.08,11,0.66,10,0.5,0.3,0.4,,,,,,,,,,,,,,,,,,,,,,,,,,,,,,,,,,,,,,,,,,,,,,,,,,,,,,,,,,,,,,,,,,,,,,,,,,,,,,,,,,,,,,,,,,,,,,,,,,,,,,,,,,,,,,,,,,,,,,,,,,,,,,,,,,,,,,,,,,,,,,,,,,,,,,
1905,6,338.0,16.0,,,,,,,,,,,,,,,,,,,,,,,,,,,,,,,,,,,,,,,,4.6,6.7,9.8,7.64,43,2.9,14,0.4,0.4,0.5,-6.58,-3.25,0.0,-3.33,43,2.62,14,0.4,0.4,0.5,-9.11,-6.58,-3.25,-6.39,43,2.88,14,0.4,0.4,0.5,1013.42,1014.9,1015.8,1014.7,21,1.32,12,0.4,0.4,0.5,,,,,,,,,,,,,,,,,,,,,,,,,,,,,,,,,,,,,,,,,,,,,,,,,,,,,,,,,,,,,,,,,,,,,,,,,,,,,,,,,,,,,,,,,,,,,,,,,,,,,,,,,,,,,,,,,,,,,,,,,,,,,,,,,,,,,,,,,,,,,,,,,,,,,,
1905,6,338.0,18.0,,,,,,,,,,,,,,,,,,,,,,,,,,,,,,,,,,,,,,,,6.7,6.7,12.3,8.12,45,2.65,16,0.6,0.5,0.5,-4.81,-4.74,-2.62,-4.13,45,1.67,16,0.6,0.5,0.5,-11.32,-4.74,-4.74,-6.69,45,2.88,16,0.6,0.5,0.5,1013.68,1014.9,1016.71,1015.09,16,1.76,12,0.6,0.5,0.5,,,,,,,,,,,,,,,,,,,,,,,,,,,,,,,,,,,,,,,,,,,,,,,,,,,,,,,,,,,,,,,,,,,,,,,,,,,,,,,,,,,,,,,,,,,,,,,,,,,,,,,,,,,,,,,,,,,,,,,,,,,,,,,,,,,,,,,,,,,,,,,,,,,,,,
1905,6,338.0,20.0,,,,,,,,,,,,,,,,,,,,,,,,,,,,,,,,,,,,,,,,4.6,6.7,9.8,7.09,45,2.63,16,0.4,0.6,0.5,-6.58,-3.63,0.0,-3.33,45,3.21,16,0.4,0.6,0.5,-6.96,-4.74,-4.22,-5.56,45,2.25,16,0.4,0.6,0.5,1013.86,1016.3,1019.25,1016.57,17,2.76,10,0.3,0.5,0.5,,,,,,,,,,,,,,,,,,,,,,,,,,,,,,,,,,,,,,,,,,,,,,,,,,,,,,,,,,,,,,,,,,,,,,,,,,,,,,,,,,,,,,,,,,,,,,,,,,,,,,,,,,,,,,,,,,,,,,,,,,,,,,,,,,,,,,,,,,,,,,,,,,,,,,
1905,6,338.0,22.0,,,,,,,,,,,,,,,,,,,,,,,,,,,,,,,,,,,,,,,,4.6,6.7,8.4,6.41,41,2.17,14,0.6,0.4,0.6,-4.74,-3.25,0.0,-3.32,41,2.91,14,0.6,0.4,0.6,-6.43,-4.74,-3.25,-4.89,41,1.62,14,0.6,0.4,0.6,1012.44,1018.0,1021.71,1017.67,23,3.74,14,0.6,0.4,0.6,,,,,,,,,,,,,,,,,,,,,,,,,,,,,,,,,,,,,,,,,,,,,,,,,,,,,,,,,,,,,,,,,,,,,,,,,,,,,,,,,,,,,,,,,,,,,,,,,,,,,,,,,,,,,,,,,,,,,,,,,,,,,,,,,,,,,,,,,,,,,,,,,,,,,,
1905,6,338.0,24.0,,,,,,,,,,,,,,,,,,,,,,,,,,,,,,,,,,,,,,,,2.6,4.6,6.7,5.31,54,2.26,14,0.4,0.5,0.5,-4.74,-3.25,0.0,-2.85,54,2.35,14,0.4,0.5,0.5,-6.17,-4.6,-1.77,-3.92,54,2.11,14,0.4,0.5,0.5,1017.38,1019.4,1022.09,1019.44,31,2.75,16,0.5,0.6,0.6,,,,,,,,,,,,,,,,,,,,,,,,,,,,,,,,,,,,,,,,,,,,,,,,,,,,,,,,,,,,,,,,,,,,,,,,,,,,,,,,,,,,,,,,,,,,,,,,,,,,,,,,,,,,,,,,,,,,,,,,,,,,,,,,,,,,,,,,,,,,,,,,,,,,,,
1905,6,338.0,26.0,,,,,,,,,,,,,,,,,,,,,,,,,,,,,,,,,,,,,,,,2.6,4.6,6.7,4.43,25,2.39,16,0.6,0.6,0.3,-4.74,-1.02,0.0,-2.05,25,2.55,16,0.6,0.6,0.3,-4.74,-2.39,-1.58,-3.21,25,2.13,16,0.6,0.6,0.3,1018.18,1021.1,1023.56,1020.97,15,2.45,16,0.5,0.6,0.4,,,,,,,,,,,,,,,,,,,,,,,,,,,,,,,,,,,,,,,,,,,,,,,,,,,,,,,,,,,,,,,,,,,,,,,,,,,,,,,,,,,,,,,,,,,,,,,,,,,,,,,,,,,,,,,,,,,,,,,,,,,,,,,,,,,,,,,,,,,,,,,,,,,,,,
1905,6,338.0,28.0,,,,,,,,,,,,,,,,,,,,,,,,,,,,,,,,,,,,,,,,2.6,4.6,6.57,4.48,14,1.49,10,0.5,0.6,0.5,-2.62,-1.8,0.91,-1.25,14,2.05,10,0.5,0.6,0.5,-4.73,-4.23,-2.39,-3.78,14,1.6,10,0.5,0.6,0.5,1022.54,1023.0,1024.28,1023.28,6,0.91,14,0.5,0.8,0.4,,,,,,,,,,,,,,,,,,,,,,,,,,,,,,,,,,,,,,,,,,,,,,,,,,,,,,,,,,,,,,,,,,,,,,,,,,,,,,,,,,,,,,,,,,,,,,,,,,,,,,,,,,,,,,,,,,,,,,,,,,,,,,,,,,,,,,,,,,,,,,,,,,,,,,
1905,6,338.0,30.0,,,,,,,,,,,,,,,,,,,,,,,,,,,,,,,,,,,,,,,,4.6,4.6,5.03,4.95,6,0.86,12,0.5,0.8,0.2,0.45,1.8,2.1,0.95,6,2.85,12,0.5,0.8,0.2,-4.34,-4.23,-4.03,-4.15,6,0.49,12,0.5,0.8,0.2,1021.18,1021.85,1023.06,1022.05,6,0.98,12,0.5,0.8,0.2,,,,,,,,,,,,,,,,,,,,,,,,,,,,,,,,,,,,,,,,,,,,,,,,,,,,,,,,,,,,,,,,,,,,,,,,,,,,,,,,,,,,,,,,,,,,,,,,,,,,,,,,,,,,,,,,,,,,,,,,,,,,,,,,,,,,,,,,,,,,,,,,,,,,,,
1905,6,338.0,32.0,,,,,,,,,,,,,,,,,,,,,,,,,,,,,,,,,,,,,,,,3.55,5.65,6.7,5.15,4,1.97,12,0.8,1.0,0.3,1.55,4.0,4.74,3.18,4,2.23,12,0.8,1.0,0.3,-4.74,-4.0,-2.91,-3.83,4,1.08,12,0.8,1.0,0.3,1019.51,1020.55,1021.17,1020.35,4,1.21,12,0.8,1.0,0.3,,,,,,,,,,,,,,,,,,,,,,,,,,,,,,,,,,,,,,,,,,,,,,,,,,,,,,,,,,,,,,,,,,,,,,,,,,,,,,,,,,,,,,,,,,,,,,,,,,,,,,,,,,,,,,,,,,,,,,,,,,,,,,,,,,,,,,,,,,,,,,,,,,,,,,
1905,6,338.0,36.0,,,,,,,,,,,,,,,,,,,,,,,,,,,,,,,,,,,,,,,,1.1,6.7,12.11,6.76,14,4.67,12,0.6,0.7,0.6,-3.11,1.25,6.55,1.11,14,5.91,12,0.6,0.7,0.6,-8.56,-4.19,-1.02,-4.69,14,3.31,12,0.6,0.7,0.6,1020.46,1022.8,1028.82,1023.5,7,4.27,14,0.3,0.6,0.6,,,,,,,,,,,,,,,,,,,,,,,,,,,,,,,,,,,,,,,,,,,,,,,,,,,,,,,,,,,,,,,,,,,,,,,,,,,,,,,,,,,,,,,,,,,,,,,,,,,,,,,,,,,,,,,,,,,,,,,,,,,,,,,,,,,,,,,,,,,,,,,,,,,,,,
1905,6,338.0,38.0,,,,,,,,,,,,,,,,,,,,,,,,,,,,,,,,,,,,,,,,4.6,6.7,12.11,7.19,14,3.81,18,0.7,0.7,0.4,1.72,3.48,4.8,3.0,14,1.75,18,0.7,0.7,0.4,-10.67,4.27,8.47,1.31,14,7.46,18,0.7,0.7,0.4,1019.62,1021.6,1021.94,1020.8,3,1.84,22,1.0,0.7,0.5,,,,,,,,,,,,,,,,,,,,,,,,,,,,,,,,,,,,,,,,,,,,,,,,,,,,,,,,,,,,,,,,,,,,,,,,,,,,,,,,,,,,,,,,,,,,,,,,,,,,,,,,,,,,,,,,,,,,,,,,,,,,,,,,,,,,,,,,,,,,,,,,,,,,,,
1905,6,338.0,40.0,,,,,,,,,,,,,,,,,,,,,,,,,,,,,,,,,,,,,,,,2.6,6.7,9.3,6.35,20,3.91,14,0.8,0.7,0.3,-2.51,2.16,6.55,2.27,20,4.36,14,0.8,0.7,0.3,-6.57,-3.34,3.24,-2.51,20,5.17,14,0.8,0.7,0.3,1012.89,1018.4,1028.23,1018.69,12,8.14,16,0.8,0.6,0.4,,,,,,,,,,,,,,,,,,,,,,,,,,,,,,,,,,,,,,,,,,,,,,,,,,,,,,,,,,,,,,,,,,,,,,,,,,,,,,,,,,,,,,,,,,,,,,,,,,,,,,,,,,,,,,,,,,,,,,,,,,,,,,,,,,,,,,,,,,,,,,,,,,,,,,
1905,6,338.0,42.0,,,,,,,,,,,,,,,,,,,,,,,,,,,,,,,,,,,,,,,,6.7,8.0,10.87,8.75,4,2.67,8,0.8,0.8,0.3,0.94,5.66,7.69,4.38,4,4.87,8,0.8,0.8,0.3,-7.69,-6.39,-5.44,-6.56,4,1.63,8,0.8,0.8,0.3,1011.16,1011.5,1011.84,1011.5,2,0.71,12,0.5,0.8,0.5,,,,,,,,,,,,,,,,,,,,,,,,,,,,,,,,,,,,,,,,,,,,,,,,,,,,,,,,,,,,,,,,,,,,,,,,,,,,,,,,,,,,,,,,,,,,,,,,,,,,,,,,,,,,,,,,,,,,,,,,,,,,,,,,,,,,,,,,,,,,,,,,,,,,,,
1905,6,338.0,44.0,,,,,,,,,,,,,,,,,,,,,,,,,,,,,,,,,,,,,,,,2.6,6.7,13.24,7.94,18,5.77,16,0.6,0.6,0.5,-4.74,-1.41,9.52,0.88,18,7.41,16,0.6,0.6,0.5,-8.6,-3.93,2.96,-3.3,18,5.72,16,0.6,0.6,0.5,1016.17,1018.0,1023.0,1017.9,10,6.49,12,0.9,0.6,0.6,,,,,,,,,,,,,,,,,,,,,,,,,,,,,,,,,,,,,,,,,,,,,,,,,,,,,,,,,,,,,,,,,,,,,,,,,,,,,,,,,,,,,,,,,,,,,,,,,,,,,,,,,,,,,,,,,,,,,,,,,,,,,,,,,,,,,,,,,,,,,,,,,,,,,,
1905,6,338.0,46.0,,,,,,,,,,,,,,,,,,,,,,,,,,,,,,,,,,,,,,,,2.6,4.6,9.3,5.38,41,3.43,14,0.5,0.6,0.3,-2.76,1.8,6.58,1.73,41,5.02,14,0.5,0.6,0.3,-5.41,-1.72,0.0,-2.17,41,2.88,14,0.5,0.6,0.3,996.0,1020.0,1025.12,1011.89,35,13.42,12,0.5,0.6,0.3,,,,,,,,,,,,,,,,,,,,,,,,,,,,,,,,,,,,,,,,,,,,,,,,,,,,,,,,,,,,,,,,,,,,,,,,,,,,,,,,,,,,,,,,,,,,,,,,,,,,,,,,,,,,,,,,,,,,,,,,,,,,,,,,,,,,,,,,,,,,,,,,,,,,,,
1905,6,338.0,48.0,,,,,,,,,,,,,,,,,,,,,,,,,,,,,,,,,,,,,,,,2.6,4.6,12.3,6.65,95,4.6,16,0.7,0.7,0.1,-1.84,2.6,8.88,3.65,95,5.42,16,0.7,0.7,0.1,-4.27,0.0,3.63,-0.25,95,4.79,16,0.7,0.7,0.1,1000.87,1008.3,1018.22,1009.85,36,8.35,18,0.6,0.6,0.2,,,,,,,,,,,,,,,,,,,,,,,,,,,,,,,,,,,,,,,,,,,,,,,,,,,,,,,,,,,,,,,,,,,,,,,,,,,,,,,,,,,,,,,,,,,,,,,,,,,,,,,,,,,,,,,,,,,,,,,,,,,,,,,,,,,,,,,,,,,,,,,,,,,,,,
1905,6,338.0,66.0,,,,,,,,,,,,,,,,,,,,,,,,,,,,,,,,,,,,,,,,1.25,1.8,2.35,1.8,2,1.13,24,1.0,0.9,0.0,-0.3,0.57,1.43,0.57,2,1.8,24,1.0,0.9,0.0,-1.43,-0.57,0.3,-0.57,2,1.8,24,1.0,0.9,0.0,1013.12,1015.75,1018.38,1015.75,2,5.44,24,1.0,0.9,0.0,,,,,,,,,,,,,,,,,,,,,,,,,,,,,,,,,,,,,,,,,,,,,,,,,,,,,,,,,,,,,,,,,,,,,,,,,,,,,,,,,,,,,,,,,,,,,,,,,,,,,,,,,,,,,,,,,,,,,,,,,,,,,,,,,,,,,,,,,,,,,,,,,,,,,,
1905,6,340.0,-36.0,,,,,,,,,,,,,,,,,,,,,,,,,,,,,,,,,,,,,,,,15.4,15.4,15.4,15.4,2,0.0,12,0.5,0.5,0.8,14.28,14.28,14.28,14.28,2,0.0,12,0.5,0.5,0.8,5.77,5.77,5.77,5.77,2,0.0,12,0.5,0.5,0.8,1022.68,1023.5,1024.32,1023.5,2,1.7,12,0.5,0.5,0.8,,,,,,,,,,,,,,,,,,,,,,,,,,,,,,,,,,,,,,,,,,,,,,,,,,,,,,,,,,,,,,,,,,,,,,,,,,,,,,,,,,,,,,,,,,,,,,,,,,,,,,,,,,,,,,,,,,,,,,,,,,,,,,,,,,,,,,,,,,,,,,,,,,,,,,
1905,6,340.0,-34.0,,,,,,,,,,,,,,,,,,,,,,,,,,,,,,,,,,,,,,,,2.6,2.6,4.6,3.4,5,1.1,18,0.4,0.5,0.6,-3.09,-1.02,0.0,-1.54,5,1.82,18,0.4,0.5,0.6,-3.33,-2.39,-1.45,-2.46,5,1.36,18,0.4,0.5,0.6,1029.2,1030.15,1031.52,1030.35,4,1.37,18,0.3,0.5,0.6,,,,,,,,,,,,,,,,,,,,,,,,,,,,,,,,,,,,,,,,,,,,,,,,,,,,,,,,,,,,,,,,,,,,,,,,,,,,,,,,,,,,,,,,,,,,,,,,,,,,,,,,,,,,,,,,,,,,,,,,,,,,,,,,,,,,,,,,,,,,,,,,,,,,,,
1905,6,340.0,-32.0,,,,,,,,,,,,,,,,,,,,,,,,,,,,,,,,,,,,,,,,0.0,6.95,9.92,5.92,6,5.2,22,0.5,0.3,0.3,-3.15,0.0,0.75,-1.12,6,4.07,22,0.5,0.3,0.3,-0.72,2.13,9.33,3.61,6,5.95,22,0.5,0.3,0.3,1016.41,1017.15,1017.24,1016.87,6,0.63,22,0.5,0.3,0.3,,,,,,,,,,,,,,,,,,,,,,,,,,,,,,,,,,,,,,,,,,,,,,,,,,,,,,,,,,,,,,,,,,,,,,,,,,,,,,,,,,,,,,,,,,,,,,,,,,,,,,,,,,,,,,,,,,,,,,,,,,,,,,,,,,,,,,,,,,,,,,,,,,,,,,
1905,6,340.0,4.0,,,,,,,,,,,,,,,,,,,,,,,,,,,,,,,,,,,,,,,,4.6,4.6,4.6,4.6,2,0.0,24,0.5,0.5,0.5,-4.27,-4.27,-4.27,-4.27,2,0.0,24,0.5,0.5,0.5,1.72,1.72,1.72,1.72,2,0.0,24,0.5,0.5,0.5,1015.45,1015.55,1015.65,1015.55,2,0.21,24,0.5,0.5,0.5,,,,,,,,,,,,,,,,,,,,,,,,,,,,,,,,,,,,,,,,,,,,,,,,,,,,,,,,,,,,,,,,,,,,,,,,,,,,,,,,,,,,,,,,,,,,,,,,,,,,,,,,,,,,,,,,,,,,,,,,,,,,,,,,,,,,,,,,,,,,,,,,,,,,,,
1905,6,340.0,6.0,,,,,,,,,,,,,,,,,,,,,,,,,,,,,,,,,,,,,,,,4.6,4.6,4.6,4.6,1,0.0,24,1.0,0.5,0.0,-3.25,-3.25,-3.25,-3.25,1,0.0,24,1.0,0.5,0.0,3.25,3.25,3.25,3.25,1,0.0,24,1.0,0.5,0.0,1016.0,1016.0,1016.0,1016.0,1,0.0,24,1.0,0.5,0.0,,,,,,,,,,,,,,,,,,,,,,,,,,,,,,,,,,,,,,,,,,,,,,,,,,,,,,,,,,,,,,,,,,,,,,,,,,,,,,,,,,,,,,,,,,,,,,,,,,,,,,,,,,,,,,,,,,,,,,,,,,,,,,,,,,,,,,,,,,,,,,,,,,,,,,
1905,6,340.0,20.0,,,,,,,,,,,,,,,,,,,,,,,,,,,,,,,,,,,,,,,,4.6,8.0,9.8,7.75,16,2.99,14,0.6,0.3,0.6,-6.93,-4.74,-2.11,-4.44,16,2.06,14,0.6,0.3,0.6,-7.94,-6.55,-3.63,-6.18,16,2.64,14,0.6,0.3,0.6,1015.33,1016.85,1017.27,1016.33,4,1.59,14,0.8,0.3,0.6,,,,,,,,,,,,,,,,,,,,,,,,,,,,,,,,,,,,,,,,,,,,,,,,,,,,,,,,,,,,,,,,,,,,,,,,,,,,,,,,,,,,,,,,,,,,,,,,,,,,,,,,,,,,,,,,,,,,,,,,,,,,,,,,,,,,,,,,,,,,,,,,,,,,,,
1905,6,340.0,22.0,,,,,,,,,,,,,,,,,,,,,,,,,,,,,,,,,,,,,,,,4.6,6.7,9.8,7.42,42,3.06,16,0.4,0.5,0.5,-6.93,-3.54,-1.8,-3.97,42,2.45,16,0.4,0.5,0.5,-8.7,-6.17,-4.23,-6.05,42,2.48,16,0.4,0.5,0.5,1016.42,1017.0,1018.16,1017.19,8,0.82,10,0.4,0.6,0.5,,,,,,,,,,,,,,,,,,,,,,,,,,,,,,,,,,,,,,,,,,,,,,,,,,,,,,,,,,,,,,,,,,,,,,,,,,,,,,,,,,,,,,,,,,,,,,,,,,,,,,,,,,,,,,,,,,,,,,,,,,,,,,,,,,,,,,,,,,,,,,,,,,,,,,
1905,6,340.0,24.0,,,,,,,,,,,,,,,,,,,,,,,,,,,,,,,,,,,,,,,,2.6,4.6,6.7,4.61,36,2.34,18,0.5,0.6,0.4,-4.74,-1.8,0.83,-1.85,36,2.47,18,0.5,0.6,0.4,-4.74,-3.25,-2.15,-3.6,36,2.1,18,0.5,0.6,0.4,1011.96,1018.8,1019.12,1016.16,5,4.01,12,0.2,0.4,0.5,,,,,,,,,,,,,,,,,,,,,,,,,,,,,,,,,,,,,,,,,,,,,,,,,,,,,,,,,,,,,,,,,,,,,,,,,,,,,,,,,,,,,,,,,,,,,,,,,,,,,,,,,,,,,,,,,,,,,,,,,,,,,,,,,,,,,,,,,,,,,,,,,,,,,,
1905,6,340.0,26.0,,,,,,,,,,,,,,,,,,,,,,,,,,,,,,,,,,,,,,,,2.6,4.6,6.7,5.57,38,3.08,14,0.6,0.4,0.6,-4.74,-2.62,0.0,-2.44,38,2.73,14,0.6,0.4,0.6,-6.17,-4.27,-2.32,-4.5,38,2.64,14,0.6,0.4,0.6,1013.9,1018.8,1020.74,1017.77,19,3.17,14,0.6,0.3,0.5,,,,,,,,,,,,,,,,,,,,,,,,,,,,,,,,,,,,,,,,,,,,,,,,,,,,,,,,,,,,,,,,,,,,,,,,,,,,,,,,,,,,,,,,,,,,,,,,,,,,,,,,,,,,,,,,,,,,,,,,,,,,,,,,,,,,,,,,,,,,,,,,,,,,,,
1905,6,340.0,28.0,,,,,,,,,,,,,,,,,,,,,,,,,,,,,,,,,,,,,,,,2.6,4.6,6.7,4.89,44,1.97,14,0.4,0.6,0.5,-4.74,-2.12,0.0,-2.47,44,2.82,14,0.4,0.6,0.5,-4.74,-3.67,-1.72,-3.28,44,1.76,14,0.4,0.6,0.5,1017.0,1019.15,1020.9,1018.98,30,2.16,12,0.5,0.6,0.5,,,,,,,,,,,,,,,,,,,,,,,,,,,,,,,,,,,,,,,,,,,,,,,,,,,,,,,,,,,,,,,,,,,,,,,,,,,,,,,,,,,,,,,,,,,,,,,,,,,,,,,,,,,,,,,,,,,,,,,,,,,,,,,,,,,,,,,,,,,,,,,,,,,,,,
1905,6,340.0,30.0,,,,,,,,,,,,,,,,,,,,,,,,,,,,,,,,,,,,,,,,2.6,4.6,6.7,5.06,48,2.06,12,0.5,0.7,0.2,-4.74,-1.78,1.02,-1.24,48,3.45,12,0.5,0.7,0.2,-4.74,-4.43,-2.09,-3.72,48,1.68,12,0.5,0.7,0.2,1019.8,1021.7,1022.92,1021.37,31,1.83,14,0.5,0.6,0.3,,,,,,,,,,,,,,,,,,,,,,,,,,,,,,,,,,,,,,,,,,,,,,,,,,,,,,,,,,,,,,,,,,,,,,,,,,,,,,,,,,,,,,,,,,,,,,,,,,,,,,,,,,,,,,,,,,,,,,,,,,,,,,,,,,,,,,,,,,,,,,,,,,,,,,
1905,6,340.0,32.0,,,,,,,,,,,,,,,,,,,,,,,,,,,,,,,,,,,,,,,,4.41,6.7,6.95,5.7,13,2.37,12,0.2,0.9,0.2,-2.51,0.0,4.61,0.5,13,3.18,12,0.2,0.9,0.2,-6.59,-4.74,-0.9,-4.45,13,2.99,12,0.2,0.9,0.2,1017.76,1021.5,1022.04,1020.59,11,2.17,12,0.3,0.9,0.2,,,,,,,,,,,,,,,,,,,,,,,,,,,,,,,,,,,,,,,,,,,,,,,,,,,,,,,,,,,,,,,,,,,,,,,,,,,,,,,,,,,,,,,,,,,,,,,,,,,,,,,,,,,,,,,,,,,,,,,,,,,,,,,,,,,,,,,,,,,,,,,,,,,,,,
1905,6,340.0,34.0,,,,,,,,,,,,,,,,,,,,,,,,,,,,,,,,,,,,,,,,4.19,6.7,7.24,6.1,6,2.27,10,0.7,0.6,0.2,-7.08,-5.41,-0.08,-3.54,6,5.5,10,0.7,0.6,0.2,-2.21,0.0,0.52,-0.49,6,2.07,10,0.7,0.6,0.2,1017.36,1017.85,1019.2,1018.63,6,2.57,10,0.7,0.6,0.2,,,,,,,,,,,,,,,,,,,,,,,,,,,,,,,,,,,,,,,,,,,,,,,,,,,,,,,,,,,,,,,,,,,,,,,,,,,,,,,,,,,,,,,,,,,,,,,,,,,,,,,,,,,,,,,,,,,,,,,,,,,,,,,,,,,,,,,,,,,,,,,,,,,,,,
1905,6,340.0,36.0,,,,,,,,,,,,,,,,,,,,,,,,,,,,,,,,,,,,,,,,2.6,6.7,9.3,6.26,17,3.36,12,0.2,0.8,0.4,-6.63,-1.84,4.22,-0.92,17,6.15,12,0.2,0.8,0.4,-4.67,-3.25,0.33,-2.36,17,2.89,12,0.2,0.8,0.4,1016.87,1019.0,1025.29,1020.45,10,4.45,12,0.4,0.8,0.4,,,,,,,,,,,,,,,,,,,,,,,,,,,,,,,,,,,,,,,,,,,,,,,,,,,,,,,,,,,,,,,,,,,,,,,,,,,,,,,,,,,,,,,,,,,,,,,,,,,,,,,,,,,,,,,,,,,,,,,,,,,,,,,,,,,,,,,,,,,,,,,,,,,,,,
1905,6,340.0,40.0,,,,,,,,,,,,,,,,,,,,,,,,,,,,,,,,,,,,,,,,1.79,4.6,8.02,5.45,23,3.92,16,0.3,0.7,0.4,0.0,1.8,3.88,2.55,23,3.11,16,0.3,0.7,0.4,-3.75,2.62,6.21,0.87,23,5.4,16,0.3,0.7,0.4,1014.53,1020.5,1022.0,1018.63,10,6.58,20,0.3,0.6,0.5,,,,,,,,,,,,,,,,,,,,,,,,,,,,,,,,,,,,,,,,,,,,,,,,,,,,,,,,,,,,,,,,,,,,,,,,,,,,,,,,,,,,,,,,,,,,,,,,,,,,,,,,,,,,,,,,,,,,,,,,,,,,,,,,,,,,,,,,,,,,,,,,,,,,,,
1905,6,340.0,42.0,,,,,,,,,,,,,,,,,,,,,,,,,,,,,,,,,,,,,,,,2.19,4.6,6.7,4.75,12,2.43,12,0.3,0.7,0.2,0.0,3.76,5.11,3.4,12,2.77,12,0.3,0.7,0.2,-2.01,-1.0,3.63,0.12,12,3.2,12,0.3,0.7,0.2,1013.13,1015.15,1017.87,1015.85,6,5.47,16,0.2,0.7,0.3,,,,,,,,,,,,,,,,,,,,,,,,,,,,,,,,,,,,,,,,,,,,,,,,,,,,,,,,,,,,,,,,,,,,,,,,,,,,,,,,,,,,,,,,,,,,,,,,,,,,,,,,,,,,,,,,,,,,,,,,,,,,,,,,,,,,,,,,,,,,,,,,,,,,,,
1905,6,340.0,44.0,,,,,,,,,,,,,,,,,,,,,,,,,,,,,,,,,,,,,,,,2.6,4.6,6.7,4.83,11,2.69,16,0.6,0.6,0.5,-4.74,-1.84,0.76,-1.68,11,3.52,16,0.6,0.6,0.5,-4.74,0.0,2.75,-1.09,11,4.01,16,0.6,0.6,0.5,1018.0,1019.35,1020.12,1019.22,6,1.06,14,0.7,0.6,0.7,,,,,,,,,,,,,,,,,,,,,,,,,,,,,,,,,,,,,,,,,,,,,,,,,,,,,,,,,,,,,,,,,,,,,,,,,,,,,,,,,,,,,,,,,,,,,,,,,,,,,,,,,,,,,,,,,,,,,,,,,,,,,,,,,,,,,,,,,,,,,,,,,,,,,,
1905,6,340.0,46.0,,,,,,,,,,,,,,,,,,,,,,,,,,,,,,,,,,,,,,,,4.6,6.7,9.3,6.38,13,2.32,18,0.6,0.7,0.3,-0.07,4.23,6.77,3.48,13,3.92,18,0.6,0.7,0.3,-6.59,-3.48,2.62,-2.37,13,3.86,18,0.6,0.7,0.3,994.55,1009.0,1022.96,1008.71,8,13.64,12,0.5,0.6,0.4,,,,,,,,,,,,,,,,,,,,,,,,,,,,,,,,,,,,,,,,,,,,,,,,,,,,,,,,,,,,,,,,,,,,,,,,,,,,,,,,,,,,,,,,,,,,,,,,,,,,,,,,,,,,,,,,,,,,,,,,,,,,,,,,,,,,,,,,,,,,,,,,,,,,,,
1905,6,340.0,48.0,,,,,,,,,,,,,,,,,,,,,,,,,,,,,,,,,,,,,,,,2.6,6.7,9.3,6.05,106,4.16,16,0.7,0.7,0.1,0.0,1.82,8.56,2.88,106,4.72,16,0.7,0.7,0.1,-4.36,0.0,4.67,0.93,106,4.77,16,0.7,0.7,0.1,997.48,1010.0,1020.29,1008.7,53,9.49,16,0.7,0.7,0.2,,,,,,,,,,,,,,,,,,,,,,,,,,,,,,,,,,,,,,,,,,,,,,,,,,,,,,,,,,,,,,,,,,,,,,,,,,,,,,,,,,,,,,,,,,,,,,,,,,,,,,,,,,,,,,,,,,,,,,,,,,,,,,,,,,,,,,,,,,,,,,,,,,,,,,
1905,6,340.0,66.0,,,,,,,,,,,,,,,,,,,,,,,,,,,,,,,,,,,,,,,,1.0,2.6,6.25,2.9,8,2.53,22,1.0,0.7,0.1,-2.21,-0.35,1.63,-0.25,8,3.77,22,1.0,0.7,0.1,-0.71,0.0,0.9,-0.14,8,1.31,22,1.0,0.7,0.1,1015.01,1017.25,1021.64,1018.28,4,4.47,24,1.0,0.6,0.1,,,,,,,,,,,,,,,,,,,,,,,,,,,,,,,,,,,,,,,,,,,,,,,,,,,,,,,,,,,,,,,,,,,,,,,,,,,,,,,,,,,,,,,,,,,,,,,,,,,,,,,,,,,,,,,,,,,,,,,,,,,,,,,,,,,,,,,,,,,,,,,,,,,,,,
1905,6,342.0,-36.0,,,,,,,,,,,,,,,,,,,,,,,,,,,,,,,,,,,,,,,,5.93,12.3,13.43,10.26,5,4.46,14,0.6,0.6,0.8,5.46,11.4,12.45,9.5,5,4.15,14,0.6,0.6,0.8,-2.1,4.61,5.03,2.11,5,3.98,14,0.6,0.6,0.8,1024.52,1026.3,1028.34,1026.32,5,2.1,14,0.6,0.6,0.8,,,,,,,,,,,,,,,,,,,,,,,,,,,,,,,,,,,,,,,,,,,,,,,,,,,,,,,,,,,,,,,,,,,,,,,,,,,,,,,,,,,,,,,,,,,,,,,,,,,,,,,,,,,,,,,,,,,,,,,,,,,,,,,,,,,,,,,,,,,,,,,,,,,,,,
1905,6,342.0,-34.0,,,,,,,,,,,,,,,,,,,,,,,,,,,,,,,,,,,,,,,,4.19,4.6,12.3,6.83,6,4.3,20,0.5,0.4,0.4,0.0,1.72,2.13,1.42,6,1.25,20,0.5,0.4,0.4,-4.27,-2.55,12.3,1.83,6,8.16,20,0.5,0.4,0.4,1020.01,1027.0,1028.69,1024.82,5,4.74,20,0.4,0.5,0.5,,,,,,,,,,,,,,,,,,,,,,,,,,,,,,,,,,,,,,,,,,,,,,,,,,,,,,,,,,,,,,,,,,,,,,,,,,,,,,,,,,,,,,,,,,,,,,,,,,,,,,,,,,,,,,,,,,,,,,,,,,,,,,,,,,,,,,,,,,,,,,,,,,,,,,
1905,6,342.0,-32.0,,,,,,,,,,,,,,,,,,,,,,,,,,,,,,,,,,,,,,,,10.25,12.3,14.42,12.33,3,3.05,20,0.3,0.3,0.4,1.15,3.63,10.83,5.94,3,7.36,20,0.3,0.3,0.4,-1.39,8.56,11.11,4.95,3,9.68,20,0.3,0.3,0.4,1018.7,1018.7,1018.7,1018.7,2,0.0,24,0.0,0.3,0.3,,,,,,,,,,,,,,,,,,,,,,,,,,,,,,,,,,,,,,,,,,,,,,,,,,,,,,,,,,,,,,,,,,,,,,,,,,,,,,,,,,,,,,,,,,,,,,,,,,,,,,,,,,,,,,,,,,,,,,,,,,,,,,,,,,,,,,,,,,,,,,,,,,,,,,
1905,6,342.0,8.0,,,,,,,,,,,,,,,,,,,,,,,,,,,,,,,,,,,,,,,,1.18,2.6,4.38,2.96,8,1.89,22,0.5,0.8,0.5,0.0,0.84,2.33,1.39,8,2.23,22,0.5,0.8,0.5,0.74,2.12,2.59,1.96,8,1.42,22,0.5,0.8,0.5,1015.4,1015.4,1015.4,1015.4,1,0.0,26,0.0,0.8,0.8,,,,,,,,,,,,,,,,,,,,,,,,,,,,,,,,,,,,,,,,,,,,,,,,,,,,,,,,,,,,,,,,,,,,,,,,,,,,,,,,,,,,,,,,,,,,,,,,,,,,,,,,,,,,,,,,,,,,,,,,,,,,,,,,,,,,,,,,,,,,,,,,,,,,,,
1905,6,342.0,10.0,,,,,,,,,,,,,,,,,,,,,,,,,,,,,,,,,,,,,,,,4.6,5.65,6.7,5.65,6,1.15,26,0.3,0.6,0.6,1.37,2.51,3.56,2.46,6,1.58,26,0.3,0.6,0.6,-6.21,-4.43,-1.6,-3.3,6,4.1,26,0.3,0.6,0.6,1013.2,1014.4,1015.87,1014.56,7,1.5,26,0.3,0.6,0.5,,,,,,,,,,,,,,,,,,,,,,,,,,,,,,,,,,,,,,,,,,,,,,,,,,,,,,,,,,,,,,,,,,,,,,,,,,,,,,,,,,,,,,,,,,,,,,,,,,,,,,,,,,,,,,,,,,,,,,,,,,,,,,,,,,,,,,,,,,,,,,,,,,,,,,
1905,6,342.0,12.0,,,,,,,,,,,,,,,,,,,,,,,,,,,,,,,,,,,,,,,,4.41,4.6,4.6,4.33,13,1.3,20,0.5,0.4,0.5,0.0,0.0,4.27,1.51,13,2.49,20,0.5,0.4,0.5,-4.6,-3.25,1.8,-1.71,13,3.19,20,0.5,0.4,0.5,1012.07,1014.3,1015.07,1013.73,9,2.65,22,0.6,0.3,0.5,,,,,,,,,,,,,,,,,,,,,,,,,,,,,,,,,,,,,,,,,,,,,,,,,,,,,,,,,,,,,,,,,,,,,,,,,,,,,,,,,,,,,,,,,,,,,,,,,,,,,,,,,,,,,,,,,,,,,,,,,,,,,,,,,,,,,,,,,,,,,,,,,,,,,,
1905,6,342.0,14.0,,,,,,,,,,,,,,,,,,,,,,,,,,,,,,,,,,,,,,,,1.0,4.6,6.7,4.09,21,2.65,18,0.5,0.4,0.3,-2.14,0.92,4.6,1.37,21,3.25,18,0.5,0.4,0.3,-4.71,0.0,0.32,-1.57,21,3.08,18,0.5,0.4,0.3,1012.86,1014.1,1015.32,1014.33,9,1.77,20,0.6,0.3,0.4,,,,,,,,,,,,,,,,,,,,,,,,,,,,,,,,,,,,,,,,,,,,,,,,,,,,,,,,,,,,,,,,,,,,,,,,,,,,,,,,,,,,,,,,,,,,,,,,,,,,,,,,,,,,,,,,,,,,,,,,,,,,,,,,,,,,,,,,,,,,,,,,,,,,,,
1905,6,342.0,16.0,,,,,,,,,,,,,,,,,,,,,,,,,,,,,,,,,,,,,,,,2.6,6.7,6.7,5.23,7,1.95,26,0.6,0.3,0.5,1.83,2.51,2.51,2.21,7,0.38,26,0.6,0.3,0.5,-6.21,-6.21,-1.84,-4.68,7,2.07,26,0.6,0.3,0.5,1013.54,1014.8,1015.71,1014.94,7,1.78,26,0.6,0.3,0.5,,,,,,,,,,,,,,,,,,,,,,,,,,,,,,,,,,,,,,,,,,,,,,,,,,,,,,,,,,,,,,,,,,,,,,,,,,,,,,,,,,,,,,,,,,,,,,,,,,,,,,,,,,,,,,,,,,,,,,,,,,,,,,,,,,,,,,,,,,,,,,,,,,,,,,
1905,6,342.0,18.0,,,,,,,,,,,,,,,,,,,,,,,,,,,,,,,,,,,,,,,,6.7,11.05,12.94,10.53,6,3.46,28,0.5,0.3,0.5,0.0,0.0,4.85,1.73,6,2.7,28,0.5,0.3,0.5,-12.71,-10.6,-6.7,-10.2,6,3.07,28,0.5,0.3,0.5,1014.1,1015.7,1017.34,1015.55,6,2.05,28,0.5,0.3,0.5,,,,,,,,,,,,,,,,,,,,,,,,,,,,,,,,,,,,,,,,,,,,,,,,,,,,,,,,,,,,,,,,,,,,,,,,,,,,,,,,,,,,,,,,,,,,,,,,,,,,,,,,,,,,,,,,,,,,,,,,,,,,,,,,,,,,,,,,,,,,,,,,,,,,,,
1905,6,342.0,20.0,,,,,,,,,,,,,,,,,,,,,,,,,,,,,,,,,,,,,,,,6.99,10.8,12.3,10.54,8,3.06,28,0.4,0.3,0.5,0.0,0.0,0.0,-0.01,8,1.37,28,0.4,0.3,0.5,-12.3,-10.8,-6.55,-10.41,8,3.24,28,0.4,0.3,0.5,1014.84,1016.15,1017.54,1015.99,8,1.68,28,0.4,0.3,0.5,,,,,,,,,,,,,,,,,,,,,,,,,,,,,,,,,,,,,,,,,,,,,,,,,,,,,,,,,,,,,,,,,,,,,,,,,,,,,,,,,,,,,,,,,,,,,,,,,,,,,,,,,,,,,,,,,,,,,,,,,,,,,,,,,,,,,,,,,,,,,,,,,,,,,,
1905,6,342.0,22.0,,,,,,,,,,,,,,,,,,,,,,,,,,,,,,,,,,,,,,,,4.6,6.7,8.75,6.98,5,3.15,26,0.8,0.5,0.5,-3.25,-2.62,0.92,-1.32,5,2.53,26,0.8,0.5,0.5,-8.44,-6.17,-3.25,-6.24,5,3.69,26,0.8,0.5,0.5,1015.79,1018.3,1019.07,1017.66,5,1.85,26,0.8,0.5,0.5,,,,,,,,,,,,,,,,,,,,,,,,,,,,,,,,,,,,,,,,,,,,,,,,,,,,,,,,,,,,,,,,,,,,,,,,,,,,,,,,,,,,,,,,,,,,,,,,,,,,,,,,,,,,,,,,,,,,,,,,,,,,,,,,,,,,,,,,,,,,,,,,,,,,,,
1905,6,342.0,24.0,,,,,,,,,,,,,,,,,,,,,,,,,,,,,,,,,,,,,,,,4.6,4.6,9.3,5.84,23,2.28,20,0.5,0.3,0.6,-5.67,-3.25,-1.84,-3.72,23,2.11,20,0.5,0.3,0.6,-6.38,-3.48,-2.82,-4.22,23,1.82,20,0.5,0.3,0.6,1017.33,1018.9,1019.4,1018.47,6,1.11,22,0.5,0.5,0.5,,,,,,,,,,,,,,,,,,,,,,,,,,,,,,,,,,,,,,,,,,,,,,,,,,,,,,,,,,,,,,,,,,,,,,,,,,,,,,,,,,,,,,,,,,,,,,,,,,,,,,,,,,,,,,,,,,,,,,,,,,,,,,,,,,,,,,,,,,,,,,,,,,,,,,
1905,6,342.0,26.0,,,,,,,,,,,,,,,,,,,,,,,,,,,,,,,,,,,,,,,,2.6,4.6,6.7,5.09,47,2.89,18,0.5,0.5,0.5,-5.77,-3.25,0.0,-2.97,47,3.09,18,0.5,0.5,0.5,-4.74,-3.25,-0.99,-3.21,47,2.4,18,0.5,0.5,0.5,1018.39,1019.05,1019.4,1018.85,6,0.69,18,0.3,0.7,0.4,,,,,,,,,,,,,,,,,,,,,,,,,,,,,,,,,,,,,,,,,,,,,,,,,,,,,,,,,,,,,,,,,,,,,,,,,,,,,,,,,,,,,,,,,,,,,,,,,,,,,,,,,,,,,,,,,,,,,,,,,,,,,,,,,,,,,,,,,,,,,,,,,,,,,,
1905,6,342.0,28.0,,,,,,,,,,,,,,,,,,,,,,,,,,,,,,,,,,,,,,,,2.6,4.6,9.8,5.69,31,3.19,18,0.6,0.6,0.4,-6.38,-2.6,0.0,-2.89,31,3.68,18,0.6,0.6,0.4,-6.7,-3.25,-1.01,-3.71,31,2.72,18,0.6,0.6,0.4,1018.27,1019.75,1020.6,1019.45,4,1.42,22,0.5,0.5,0.5,,,,,,,,,,,,,,,,,,,,,,,,,,,,,,,,,,,,,,,,,,,,,,,,,,,,,,,,,,,,,,,,,,,,,,,,,,,,,,,,,,,,,,,,,,,,,,,,,,,,,,,,,,,,,,,,,,,,,,,,,,,,,,,,,,,,,,,,,,,,,,,,,,,,,,
1905,6,342.0,30.0,,,,,,,,,,,,,,,,,,,,,,,,,,,,,,,,,,,,,,,,2.6,4.6,9.3,5.24,62,2.72,14,0.4,0.7,0.3,-3.72,0.0,2.62,-0.26,62,3.95,14,0.4,0.7,0.3,-6.18,-4.23,-1.77,-3.75,62,2.31,14,0.4,0.7,0.3,1019.48,1020.6,1021.4,1020.38,31,1.23,10,0.4,0.5,0.4,,,,,,,,,,,,,,,,,,,,,,,,,,,,,,,,,,,,,,,,,,,,,,,,,,,,,,,,,,,,,,,,,,,,,,,,,,,,,,,,,,,,,,,,,,,,,,,,,,,,,,,,,,,,,,,,,,,,,,,,,,,,,,,,,,,,,,,,,,,,,,,,,,,,,,
1905,6,342.0,32.0,,,,,,,,,,,,,,,,,,,,,,,,,,,,,,,,,,,,,,,,2.6,4.6,9.3,5.41,56,2.42,14,0.5,0.7,0.2,-4.37,0.0,3.25,-0.52,56,4.28,14,0.5,0.7,0.2,-6.17,-3.25,0.0,-2.55,56,3.24,14,0.5,0.7,0.2,1017.1,1019.5,1022.14,1019.46,36,2.22,14,0.5,0.7,0.4,,,,,,,,,,,,,,,,,,,,,,,,,,,,,,,,,,,,,,,,,,,,,,,,,,,,,,,,,,,,,,,,,,,,,,,,,,,,,,,,,,,,,,,,,,,,,,,,,,,,,,,,,,,,,,,,,,,,,,,,,,,,,,,,,,,,,,,,,,,,,,,,,,,,,,
1905,6,342.0,34.0,,,,,,,,,,,,,,,,,,,,,,,,,,,,,,,,,,,,,,,,2.6,4.6,6.7,4.55,35,2.79,14,0.5,0.7,0.3,-1.8,1.72,4.47,1.4,35,3.12,14,0.5,0.7,0.3,-6.21,-2.51,0.0,-2.69,35,3.16,14,0.5,0.7,0.3,1019.32,1021.9,1025.02,1021.79,29,2.92,14,0.5,0.8,0.3,,,,,,,,,,,,,,,,,,,,,,,,,,,,,,,,,,,,,,,,,,,,,,,,,,,,,,,,,,,,,,,,,,,,,,,,,,,,,,,,,,,,,,,,,,,,,,,,,,,,,,,,,,,,,,,,,,,,,,,,,,,,,,,,,,,,,,,,,,,,,,,,,,,,,,
1905,6,342.0,36.0,,,,,,,,,,,,,,,,,,,,,,,,,,,,,,,,,,,,,,,,1.0,4.6,6.7,4.68,30,3.0,10,0.6,0.7,0.4,-3.64,0.0,2.0,-0.36,30,4.0,10,0.6,0.7,0.4,-6.41,-1.72,0.81,-2.05,30,3.34,10,0.6,0.7,0.4,1016.9,1021.65,1025.96,1021.48,18,4.43,10,0.6,0.7,0.4,,,,,,,,,,,,,,,,,,,,,,,,,,,,,,,,,,,,,,,,,,,,,,,,,,,,,,,,,,,,,,,,,,,,,,,,,,,,,,,,,,,,,,,,,,,,,,,,,,,,,,,,,,,,,,,,,,,,,,,,,,,,,,,,,,,,,,,,,,,,,,,,,,,,,,
1905,6,342.0,38.0,,,,,,,,,,,,,,,,,,,,,,,,,,,,,,,,,,,,,,,,3.9,6.7,8.47,6.2,3,3.38,10,1.0,0.8,0.0,3.62,6.21,6.46,5.07,3,2.31,10,1.0,0.8,0.0,-5.29,-2.51,-1.46,-3.35,3,2.89,10,1.0,0.8,0.0,1018.2,1018.4,1018.74,1018.47,3,0.4,10,1.0,0.8,0.0,,,,,,,,,,,,,,,,,,,,,,,,,,,,,,,,,,,,,,,,,,,,,,,,,,,,,,,,,,,,,,,,,,,,,,,,,,,,,,,,,,,,,,,,,,,,,,,,,,,,,,,,,,,,,,,,,,,,,,,,,,,,,,,,,,,,,,,,,,,,,,,,,,,,,,
1905,6,342.0,40.0,,,,,,,,,,,,,,,,,,,,,,,,,,,,,,,,,,,,,,,,3.29,4.6,10.4,6.36,5,4.44,20,0.0,0.7,0.5,0.45,1.72,9.57,4.46,5,5.13,20,0.0,0.7,0.5,-1.23,3.63,4.46,1.76,5,3.89,20,0.0,0.7,0.5,1008.44,1018.0,1018.68,1013.67,3,8.39,22,0.0,0.8,0.5,,,,,,,,,,,,,,,,,,,,,,,,,,,,,,,,,,,,,,,,,,,,,,,,,,,,,,,,,,,,,,,,,,,,,,,,,,,,,,,,,,,,,,,,,,,,,,,,,,,,,,,,,,,,,,,,,,,,,,,,,,,,,,,,,,,,,,,,,,,,,,,,,,,,,,
1905,6,342.0,42.0,,,,,,,,,,,,,,,,,,,,,,,,,,,,,,,,,,,,,,,,2.6,4.6,6.7,4.87,26,2.18,12,0.6,0.7,0.3,0.9,2.51,4.27,2.63,26,1.83,12,0.6,0.7,0.3,-1.93,0.51,6.21,1.05,26,4.21,12,0.6,0.7,0.3,1011.88,1015.9,1023.12,1017.49,13,6.7,16,0.7,0.6,0.4,,,,,,,,,,,,,,,,,,,,,,,,,,,,,,,,,,,,,,,,,,,,,,,,,,,,,,,,,,,,,,,,,,,,,,,,,,,,,,,,,,,,,,,,,,,,,,,,,,,,,,,,,,,,,,,,,,,,,,,,,,,,,,,,,,,,,,,,,,,,,,,,,,,,,,
1905,6,342.0,44.0,,,,,,,,,,,,,,,,,,,,,,,,,,,,,,,,,,,,,,,,4.6,6.7,9.14,6.07,14,2.79,10,0.4,0.6,0.6,-6.21,-4.19,0.87,-2.95,14,3.97,10,0.4,0.6,0.6,-6.17,-4.11,-1.72,-3.86,14,2.52,10,0.4,0.6,0.6,1018.6,1019.75,1023.03,1020.62,10,2.29,10,0.4,0.6,0.8,,,,,,,,,,,,,,,,,,,,,,,,,,,,,,,,,,,,,,,,,,,,,,,,,,,,,,,,,,,,,,,,,,,,,,,,,,,,,,,,,,,,,,,,,,,,,,,,,,,,,,,,,,,,,,,,,,,,,,,,,,,,,,,,,,,,,,,,,,,,,,,,,,,,,,
1905,6,342.0,46.0,,,,,,,,,,,,,,,,,,,,,,,,,,,,,,,,,,,,,,,,0.16,6.7,9.3,5.56,14,4.32,16,0.4,0.8,0.2,0.0,0.0,3.43,1.46,14,1.85,16,0.4,0.8,0.2,-6.7,0.0,8.47,0.77,14,6.75,16,0.4,0.8,0.2,1006.81,1015.0,1024.7,1016.03,7,8.82,14,0.4,0.8,0.3,,,,,,,,,,,,,,,,,,,,,,,,,,,,,,,,,,,,,,,,,,,,,,,,,,,,,,,,,,,,,,,,,,,,,,,,,,,,,,,,,,,,,,,,,,,,,,,,,,,,,,,,,,,,,,,,,,,,,,,,,,,,,,,,,,,,,,,,,,,,,,,,,,,,,,
1905,6,342.0,48.0,,,,,,,,,,,,,,,,,,,,,,,,,,,,,,,,,,,,,,,,2.6,4.6,9.3,6.14,112,3.81,16,0.6,0.7,0.3,-2.86,0.99,6.58,1.92,112,4.78,16,0.6,0.7,0.3,-4.25,0.0,4.74,0.72,112,5.05,16,0.6,0.7,0.3,996.0,1006.0,1020.91,1008.24,57,10.48,16,0.7,0.6,0.3,,,,,,,,,,,,,,,,,,,,,,,,,,,,,,,,,,,,,,,,,,,,,,,,,,,,,,,,,,,,,,,,,,,,,,,,,,,,,,,,,,,,,,,,,,,,,,,,,,,,,,,,,,,,,,,,,,,,,,,,,,,,,,,,,,,,,,,,,,,,,,,,,,,,,,
1905,6,342.0,66.0,,,,,,,,,,,,,,,,,,,,,,,,,,,,,,,,,,,,,,,,4.6,4.6,4.6,4.6,1,0.0,20,1.0,0.8,0.3,-3.25,-3.25,-3.25,-3.25,1,0.0,20,1.0,0.8,0.3,3.25,3.25,3.25,3.25,1,0.0,20,1.0,0.8,0.3,1026.4,1026.4,1026.4,1026.4,1,0.0,20,1.0,0.8,0.2,,,,,,,,,,,,,,,,,,,,,,,,,,,,,,,,,,,,,,,,,,,,,,,,,,,,,,,,,,,,,,,,,,,,,,,,,,,,,,,,,,,,,,,,,,,,,,,,,,,,,,,,,,,,,,,,,,,,,,,,,,,,,,,,,,,,,,,,,,,,,,,,,,,,,,
1905,6,344.0,-36.0,,,,,,,,,,,,,,,,,,,,,,,,,,,,,,,,,,,,,,,,1.94,4.6,10.54,5.7,11,4.76,16,0.5,0.4,0.5,0.42,2.6,4.47,3.25,11,4.01,16,0.5,0.4,0.5,-1.16,2.6,7.16,3.15,11,4.46,16,0.5,0.4,0.5,1027.8,1029.5,1029.94,1029.05,11,1.14,16,0.5,0.4,0.5,,,,,,,,,,,,,,,,,,,,,,,,,,,,,,,,,,,,,,,,,,,,,,,,,,,,,,,,,,,,,,,,,,,,,,,,,,,,,,,,,,,,,,,,,,,,,,,,,,,,,,,,,,,,,,,,,,,,,,,,,,,,,,,,,,,,,,,,,,,,,,,,,,,,,,
1905,6,344.0,-34.0,,,,,,,,,,,,,,,,,,,,,,,,,,,,,,,,,,,,,,,,3.55,6.95,10.87,7.2,4,4.41,24,0.5,0.6,0.8,-1.37,-0.49,0.0,-0.67,4,0.84,24,0.5,0.6,0.8,3.29,6.78,10.87,7.07,4,4.54,24,0.5,0.6,0.8,1021.67,1023.1,1024.48,1023.08,4,1.77,24,0.5,0.6,0.8,,,,,,,,,,,,,,,,,,,,,,,,,,,,,,,,,,,,,,,,,,,,,,,,,,,,,,,,,,,,,,,,,,,,,,,,,,,,,,,,,,,,,,,,,,,,,,,,,,,,,,,,,,,,,,,,,,,,,,,,,,,,,,,,,,,,,,,,,,,,,,,,,,,,,,
1905,6,344.0,6.0,,,,,,,,,,,,,,,,,,,,,,,,,,,,,,,,,,,,,,,,4.09,4.6,6.7,4.97,12,1.48,20,0.3,0.8,0.3,-0.46,1.72,5.1,1.91,12,3.18,20,0.3,0.8,0.3,2.25,2.94,4.39,3.44,12,1.45,20,0.3,0.8,0.3,1012.6,1012.6,1012.6,1012.6,1,0.0,26,1.0,0.8,0.8,,,,,,,,,,,,,,,,,,,,,,,,,,,,,,,,,,,,,,,,,,,,,,,,,,,,,,,,,,,,,,,,,,,,,,,,,,,,,,,,,,,,,,,,,,,,,,,,,,,,,,,,,,,,,,,,,,,,,,,,,,,,,,,,,,,,,,,,,,,,,,,,,,,,,,
1905,6,344.0,8.0,,,,,,,,,,,,,,,,,,,,,,,,,,,,,,,,,,,,,,,,0.16,2.6,6.57,3.25,14,2.73,16,0.6,0.6,0.3,0.0,0.0,1.84,0.93,14,1.92,16,0.6,0.6,0.3,0.12,2.4,4.71,2.75,14,2.46,16,0.6,0.6,0.3,1013.21,1013.9,1015.41,1014.14,8,1.26,18,0.6,0.5,0.4,,,,,,,,,,,,,,,,,,,,,,,,,,,,,,,,,,,,,,,,,,,,,,,,,,,,,,,,,,,,,,,,,,,,,,,,,,,,,,,,,,,,,,,,,,,,,,,,,,,,,,,,,,,,,,,,,,,,,,,,,,,,,,,,,,,,,,,,,,,,,,,,,,,,,,
1905,6,344.0,10.0,,,,,,,,,,,,,,,,,,,,,,,,,,,,,,,,,,,,,,,,4.6,4.6,4.6,4.6,1,0.0,26,1.0,0.3,0.3,3.25,3.25,3.25,3.25,1,0.0,26,1.0,0.3,0.3,3.25,3.25,3.25,3.25,1,0.0,26,1.0,0.3,0.3,1012.6,1012.6,1012.6,1012.6,1,0.0,26,1.0,0.3,0.3,,,,,,,,,,,,,,,,,,,,,,,,,,,,,,,,,,,,,,,,,,,,,,,,,,,,,,,,,,,,,,,,,,,,,,,,,,,,,,,,,,,,,,,,,,,,,,,,,,,,,,,,,,,,,,,,,,,,,,,,,,,,,,,,,,,,,,,,,,,,,,,,,,,,,,
1905,6,344.0,26.0,,,,,,,,,,,,,,,,,,,,,,,,,,,,,,,,,,,,,,,,6.7,6.7,6.7,6.7,1,0.0,22,0.0,0.3,0.8,-4.74,-4.74,-4.74,-4.74,1,0.0,22,0.0,0.3,0.8,-4.74,-4.74,-4.74,-4.74,1,0.0,22,0.0,0.3,0.8,1020.7,1020.7,1020.7,1020.7,1,0.0,22,0.0,0.3,0.8,,,,,,,,,,,,,,,,,,,,,,,,,,,,,,,,,,,,,,,,,,,,,,,,,,,,,,,,,,,,,,,,,,,,,,,,,,,,,,,,,,,,,,,,,,,,,,,,,,,,,,,,,,,,,,,,,,,,,,,,,,,,,,,,,,,,,,,,,,,,,,,,,,,,,,
1905,6,344.0,28.0,,,,,,,,,,,,,,,,,,,,,,,,,,,,,,,,,,,,,,,,2.6,4.6,6.7,4.88,24,2.86,20,0.5,0.3,0.7,-3.25,-1.02,0.0,-1.56,24,2.7,20,0.5,0.3,0.7,-6.17,-3.93,-2.39,-4.19,24,2.21,20,0.5,0.3,0.7,1019.25,1020.2,1021.52,1020.38,4,1.34,22,0.0,0.3,0.6,,,,,,,,,,,,,,,,,,,,,,,,,,,,,,,,,,,,,,,,,,,,,,,,,,,,,,,,,,,,,,,,,,,,,,,,,,,,,,,,,,,,,,,,,,,,,,,,,,,,,,,,,,,,,,,,,,,,,,,,,,,,,,,,,,,,,,,,,,,,,,,,,,,,,,
1905,6,344.0,30.0,,,,,,,,,,,,,,,,,,,,,,,,,,,,,,,,,,,,,,,,2.6,4.6,6.7,5.08,80,2.64,18,0.5,0.8,0.3,-2.85,0.0,2.1,-0.49,80,2.59,18,0.5,0.8,0.3,-6.7,-4.27,-1.42,-4.3,80,2.73,18,0.5,0.8,0.3,1017.61,1019.05,1022.4,1019.7,14,2.24,14,0.7,0.7,0.4,,,,,,,,,,,,,,,,,,,,,,,,,,,,,,,,,,,,,,,,,,,,,,,,,,,,,,,,,,,,,,,,,,,,,,,,,,,,,,,,,,,,,,,,,,,,,,,,,,,,,,,,,,,,,,,,,,,,,,,,,,,,,,,,,,,,,,,,,,,,,,,,,,,,,,
1905,6,344.0,32.0,,,,,,,,,,,,,,,,,,,,,,,,,,,,,,,,,,,,,,,,2.6,4.6,6.7,5.27,84,2.1,14,0.5,0.7,0.3,-3.48,0.0,3.25,0.01,84,3.61,14,0.5,0.7,0.3,-6.17,-4.23,-0.97,-3.66,84,2.43,14,0.5,0.7,0.3,1017.6,1018.85,1022.0,1019.47,22,2.16,12,0.3,0.6,0.4,,,,,,,,,,,,,,,,,,,,,,,,,,,,,,,,,,,,,,,,,,,,,,,,,,,,,,,,,,,,,,,,,,,,,,,,,,,,,,,,,,,,,,,,,,,,,,,,,,,,,,,,,,,,,,,,,,,,,,,,,,,,,,,,,,,,,,,,,,,,,,,,,,,,,,
1905,6,344.0,34.0,,,,,,,,,,,,,,,,,,,,,,,,,,,,,,,,,,,,,,,,2.6,4.6,6.7,4.55,58,2.32,14,0.5,0.8,0.2,-2.51,0.71,4.6,1.08,58,3.53,14,0.5,0.8,0.2,-4.6,-2.45,0.0,-2.66,58,2.37,14,0.5,0.8,0.2,1016.46,1019.65,1022.84,1019.44,24,2.86,12,0.5,0.7,0.3,,,,,,,,,,,,,,,,,,,,,,,,,,,,,,,,,,,,,,,,,,,,,,,,,,,,,,,,,,,,,,,,,,,,,,,,,,,,,,,,,,,,,,,,,,,,,,,,,,,,,,,,,,,,,,,,,,,,,,,,,,,,,,,,,,,,,,,,,,,,,,,,,,,,,,
1905,6,344.0,36.0,,,,,,,,,,,,,,,,,,,,,,,,,,,,,,,,,,,,,,,,1.4,2.6,8.64,4.54,53,3.42,14,0.4,0.7,0.3,-2.55,0.0,4.62,1.1,53,4.01,14,0.4,0.7,0.3,-6.67,-0.97,0.0,-2.12,53,3.29,14,0.4,0.7,0.3,1018.4,1019.8,1023.23,1020.16,43,2.45,14,0.4,0.6,0.3,,,,,,,,,,,,,,,,,,,,,,,,,,,,,,,,,,,,,,,,,,,,,,,,,,,,,,,,,,,,,,,,,,,,,,,,,,,,,,,,,,,,,,,,,,,,,,,,,,,,,,,,,,,,,,,,,,,,,,,,,,,,,,,,,,,,,,,,,,,,,,,,,,,,,,
1905,6,344.0,38.0,,,,,,,,,,,,,,,,,,,,,,,,,,,,,,,,,,,,,,,,1.0,2.6,9.3,4.43,39,3.88,16,0.5,0.7,0.3,0.0,0.71,6.56,1.95,39,3.52,16,0.5,0.7,0.3,-6.7,-0.71,0.38,-2.46,39,3.57,16,0.5,0.7,0.3,1016.07,1018.7,1021.83,1019.19,34,3.07,16,0.5,0.7,0.3,,,,,,,,,,,,,,,,,,,,,,,,,,,,,,,,,,,,,,,,,,,,,,,,,,,,,,,,,,,,,,,,,,,,,,,,,,,,,,,,,,,,,,,,,,,,,,,,,,,,,,,,,,,,,,,,,,,,,,,,,,,,,,,,,,,,,,,,,,,,,,,,,,,,,,
1905,6,344.0,40.0,,,,,,,,,,,,,,,,,,,,,,,,,,,,,,,,,,,,,,,,1.0,4.6,9.3,5.83,23,4.2,18,0.6,0.7,0.3,-0.19,1.84,6.58,2.78,23,3.28,18,0.6,0.7,0.3,-9.3,-3.25,-0.93,-4.02,23,4.18,18,0.6,0.7,0.3,1015.0,1018.0,1021.0,1017.0,19,4.52,20,0.6,0.7,0.3,,,,,,,,,,,,,,,,,,,,,,,,,,,,,,,,,,,,,,,,,,,,,,,,,,,,,,,,,,,,,,,,,,,,,,,,,,,,,,,,,,,,,,,,,,,,,,,,,,,,,,,,,,,,,,,,,,,,,,,,,,,,,,,,,,,,,,,,,,,,,,,,,,,,,,
1905,6,344.0,42.0,,,,,,,,,,,,,,,,,,,,,,,,,,,,,,,,,,,,,,,,2.6,6.7,8.43,5.62,22,2.57,12,0.5,0.8,0.4,-1.91,2.13,6.17,2.12,22,3.81,12,0.5,0.8,0.4,-4.74,1.56,3.51,-0.08,22,4.52,12,0.5,0.8,0.4,1006.35,1012.0,1020.0,1012.89,9,6.39,14,0.4,0.9,0.2,,,,,,,,,,,,,,,,,,,,,,,,,,,,,,,,,,,,,,,,,,,,,,,,,,,,,,,,,,,,,,,,,,,,,,,,,,,,,,,,,,,,,,,,,,,,,,,,,,,,,,,,,,,,,,,,,,,,,,,,,,,,,,,,,,,,,,,,,,,,,,,,,,,,,,
1905,6,344.0,44.0,,,,,,,,,,,,,,,,,,,,,,,,,,,,,,,,,,,,,,,,2.6,6.7,7.77,5.72,11,2.71,12,0.4,0.7,0.2,0.0,3.25,6.21,2.95,11,3.23,12,0.4,0.7,0.2,-2.45,2.51,6.63,2.24,11,4.22,12,0.4,0.7,0.2,1015.93,1019.0,1021.22,1018.46,7,2.8,14,0.3,0.6,0.2,,,,,,,,,,,,,,,,,,,,,,,,,,,,,,,,,,,,,,,,,,,,,,,,,,,,,,,,,,,,,,,,,,,,,,,,,,,,,,,,,,,,,,,,,,,,,,,,,,,,,,,,,,,,,,,,,,,,,,,,,,,,,,,,,,,,,,,,,,,,,,,,,,,,,,
1905,6,344.0,46.0,,,,,,,,,,,,,,,,,,,,,,,,,,,,,,,,,,,,,,,,1.0,2.6,4.9,3.23,19,2.74,16,0.5,0.7,0.3,0.0,0.97,2.73,1.46,19,1.39,16,0.5,0.7,0.3,-0.94,0.97,4.54,1.61,19,3.4,16,0.5,0.7,0.3,1012.91,1015.5,1018.64,1015.86,10,3.17,16,0.6,0.6,0.4,,,,,,,,,,,,,,,,,,,,,,,,,,,,,,,,,,,,,,,,,,,,,,,,,,,,,,,,,,,,,,,,,,,,,,,,,,,,,,,,,,,,,,,,,,,,,,,,,,,,,,,,,,,,,,,,,,,,,,,,,,,,,,,,,,,,,,,,,,,,,,,,,,,,,,
1905,6,344.0,48.0,,,,,,,,,,,,,,,,,,,,,,,,,,,,,,,,,,,,,,,,1.0,4.6,9.3,5.91,116,4.25,14,0.7,0.7,0.4,-4.51,0.0,4.6,0.87,116,4.55,14,0.7,0.7,0.4,-3.09,0.19,6.58,1.57,116,5.41,14,0.7,0.7,0.4,995.0,1014.0,1021.5,1010.29,67,11.02,14,0.7,0.7,0.4,,,,,,,,,,,,,,,,,,,,,,,,,,,,,,,,,,,,,,,,,,,,,,,,,,,,,,,,,,,,,,,,,,,,,,,,,,,,,,,,,,,,,,,,,,,,,,,,,,,,,,,,,,,,,,,,,,,,,,,,,,,,,,,,,,,,,,,,,,,,,,,,,,,,,,
1905,6,344.0,50.0,,,,,,,,,,,,,,,,,,,,,,,,,,,,,,,,,,,,,,,,5.17,9.3,11.49,8.63,9,2.85,16,0.9,0.9,0.0,-7.97,-3.63,2.88,-2.3,9,6.48,16,0.9,0.9,0.0,2.77,4.23,8.61,5.43,9,3.3,16,0.9,0.9,0.0,1005.75,1007.0,1009.0,1007.13,6,1.66,14,0.8,0.9,0.0,,,,,,,,,,,,,,,,,,,,,,,,,,,,,,,,,,,,,,,,,,,,,,,,,,,,,,,,,,,,,,,,,,,,,,,,,,,,,,,,,,,,,,,,,,,,,,,,,,,,,,,,,,,,,,,,,,,,,,,,,,,,,,,,,,,,,,,,,,,,,,,,,,,,,,
1905,6,344.0,64.0,,,,,,,,,,,,,,,,,,,,,,,,,,,,,,,,,,,,,,,,1.0,1.0,1.0,1.0,1,0.0,18,1.0,1.0,0.9,-0.39,-0.39,-0.39,-0.39,1,0.0,18,1.0,1.0,0.9,-0.92,-0.92,-0.92,-0.92,1,0.0,18,1.0,1.0,0.9,1019.3,1019.3,1019.3,1019.3,1,0.0,18,1.0,1.0,0.9,,,,,,,,,,,,,,,,,,,,,,,,,,,,,,,,,,,,,,,,,,,,,,,,,,,,,,,,,,,,,,,,,,,,,,,,,,,,,,,,,,,,,,,,,,,,,,,,,,,,,,,,,,,,,,,,,,,,,,,,,,,,,,,,,,,,,,,,,,,,,,,,,,,,,,
1905,6,344.0,66.0,,,,,,,,,,,,,,,,,,,,,,,,,,,,,,,,,,,,,,,,1.0,1.0,4.6,2.26,7,1.7,20,1.0,0.8,0.1,-1.8,-0.71,-0.36,-1.05,7,1.11,20,1.0,0.8,0.1,0.34,0.93,3.3,1.67,7,1.76,20,1.0,0.8,0.1,1028.8,1028.8,1028.8,1028.8,1,0.0,18,1.0,1.0,0.2,,,,,,,,,,,,,,,,,,,,,,,,,,,,,,,,,,,,,,,,,,,,,,,,,,,,,,,,,,,,,,,,,,,,,,,,,,,,,,,,,,,,,,,,,,,,,,,,,,,,,,,,,,,,,,,,,,,,,,,,,,,,,,,,,,,,,,,,,,,,,,,,,,,,,,
1905,6,346.0,-38.0,,,,,,,,,,,,,,,,,,,,,,,,,,,,,,,,,,,,,,,,7.11,8.0,8.89,8.0,2,1.84,22,0.0,0.8,0.8,2.66,3.0,3.33,3.0,2,0.69,22,0.0,0.8,0.8,-8.24,-7.42,-6.59,-7.42,2,1.7,22,0.0,0.8,0.8,1019.69,1020.3,1020.91,1020.3,2,1.27,22,0.0,0.8,0.8,,,,,,,,,,,,,,,,,,,,,,,,,,,,,,,,,,,,,,,,,,,,,,,,,,,,,,,,,,,,,,,,,,,,,,,,,,,,,,,,,,,,,,,,,,,,,,,,,,,,,,,,,,,,,,,,,,,,,,,,,,,,,,,,,,,,,,,,,,,,,,,,,,,,,,
1905,6,346.0,-36.0,,,,,,,,,,,,,,,,,,,,,,,,,,,,,,,,,,,,,,,,4.6,6.7,7.65,6.38,5,1.94,16,0.4,0.5,0.3,3.25,4.74,5.41,4.51,5,1.37,16,0.4,0.5,0.3,-3.25,4.74,5.41,1.91,5,4.77,16,0.4,0.5,0.3,1025.23,1029.8,1030.85,1028.36,5,3.03,16,0.4,0.5,0.3,,,,,,,,,,,,,,,,,,,,,,,,,,,,,,,,,,,,,,,,,,,,,,,,,,,,,,,,,,,,,,,,,,,,,,,,,,,,,,,,,,,,,,,,,,,,,,,,,,,,,,,,,,,,,,,,,,,,,,,,,,,,,,,,,,,,,,,,,,,,,,,,,,,,,,
1905,6,346.0,-34.0,,,,,,,,,,,,,,,,,,,,,,,,,,,,,,,,,,,,,,,,1.0,1.8,4.38,2.18,8,1.73,26,0.5,0.6,0.8,-1.84,0.35,1.0,0.01,8,2.33,26,0.5,0.6,0.8,0.0,0.86,1.84,0.99,8,1.36,26,0.5,0.6,0.8,1027.2,1028.35,1028.4,1027.89,8,1.15,26,0.5,0.6,0.8,,,,,,,,,,,,,,,,,,,,,,,,,,,,,,,,,,,,,,,,,,,,,,,,,,,,,,,,,,,,,,,,,,,,,,,,,,,,,,,,,,,,,,,,,,,,,,,,,,,,,,,,,,,,,,,,,,,,,,,,,,,,,,,,,,,,,,,,,,,,,,,,,,,,,,
1905,6,346.0,6.0,,,,,,,,,,,,,,,,,,,,,,,,,,,,,,,,,,,,,,,,3.36,6.7,8.31,5.93,16,2.45,16,0.3,0.7,0.3,0.0,1.72,4.74,1.84,16,2.95,16,0.3,0.7,0.3,2.85,4.74,6.65,4.98,16,2.17,16,0.3,0.7,0.3,1014.54,1015.0,1015.05,1014.79,7,0.81,18,0.1,0.6,0.5,,,,,,,,,,,,,,,,,,,,,,,,,,,,,,,,,,,,,,,,,,,,,,,,,,,,,,,,,,,,,,,,,,,,,,,,,,,,,,,,,,,,,,,,,,,,,,,,,,,,,,,,,,,,,,,,,,,,,,,,,,,,,,,,,,,,,,,,,,,,,,,,,,,,,,
1905,6,346.0,32.0,,,,,,,,,,,,,,,,,,,,,,,,,,,,,,,,,,,,,,,,2.6,4.6,9.3,5.6,49,2.92,18,0.5,0.6,0.3,-3.48,0.0,3.25,0.38,49,2.82,18,0.5,0.6,0.3,-8.62,-4.27,-0.57,-4.49,49,3.45,18,0.5,0.6,0.3,1017.45,1019.0,1020.0,1018.93,6,1.83,14,0.5,0.5,0.5,,,,,,,,,,,,,,,,,,,,,,,,,,,,,,,,,,,,,,,,,,,,,,,,,,,,,,,,,,,,,,,,,,,,,,,,,,,,,,,,,,,,,,,,,,,,,,,,,,,,,,,,,,,,,,,,,,,,,,,,,,,,,,,,,,,,,,,,,,,,,,,,,,,,,,
1905,6,346.0,34.0,,,,,,,,,,,,,,,,,,,,,,,,,,,,,,,,,,,,,,,,2.6,4.6,9.3,5.48,92,2.32,16,0.4,0.7,0.3,-1.72,1.02,4.45,1.38,92,3.31,16,0.4,0.7,0.3,-6.7,-4.23,0.0,-3.52,92,3.22,16,0.4,0.7,0.3,1015.53,1020.2,1021.86,1018.82,21,2.95,12,0.6,0.6,0.4,,,,,,,,,,,,,,,,,,,,,,,,,,,,,,,,,,,,,,,,,,,,,,,,,,,,,,,,,,,,,,,,,,,,,,,,,,,,,,,,,,,,,,,,,,,,,,,,,,,,,,,,,,,,,,,,,,,,,,,,,,,,,,,,,,,,,,,,,,,,,,,,,,,,,,
1905,6,346.0,36.0,,,,,,,,,,,,,,,,,,,,,,,,,,,,,,,,,,,,,,,,1.0,4.6,6.7,4.31,100,2.64,16,0.6,0.8,0.2,-1.0,0.0,4.27,1.28,100,3.09,16,0.6,0.8,0.2,-4.6,-2.41,0.0,-2.15,100,3.14,16,0.6,0.8,0.2,1015.96,1019.9,1022.6,1019.6,28,3.08,14,0.4,0.7,0.3,,,,,,,,,,,,,,,,,,,,,,,,,,,,,,,,,,,,,,,,,,,,,,,,,,,,,,,,,,,,,,,,,,,,,,,,,,,,,,,,,,,,,,,,,,,,,,,,,,,,,,,,,,,,,,,,,,,,,,,,,,,,,,,,,,,,,,,,,,,,,,,,,,,,,,
1905,6,346.0,38.0,,,,,,,,,,,,,,,,,,,,,,,,,,,,,,,,,,,,,,,,3.71,4.6,7.86,5.64,36,2.6,10,0.4,0.7,0.3,-1.72,1.25,6.37,2.24,36,3.82,10,0.4,0.7,0.3,-6.19,-4.25,-1.27,-3.51,36,2.65,10,0.4,0.7,0.3,1015.91,1021.6,1024.46,1020.05,17,4.2,10,0.5,0.5,0.5,,,,,,,,,,,,,,,,,,,,,,,,,,,,,,,,,,,,,,,,,,,,,,,,,,,,,,,,,,,,,,,,,,,,,,,,,,,,,,,,,,,,,,,,,,,,,,,,,,,,,,,,,,,,,,,,,,,,,,,,,,,,,,,,,,,,,,,,,,,,,,,,,,,,,,
1905,6,346.0,40.0,,,,,,,,,,,,,,,,,,,,,,,,,,,,,,,,,,,,,,,,2.6,6.7,9.3,6.48,35,3.8,10,0.5,0.7,0.4,0.0,2.62,7.7,3.42,35,4.0,10,0.5,0.7,0.4,-7.82,-3.25,0.0,-3.46,35,4.16,10,0.5,0.7,0.4,1012.03,1017.0,1021.46,1016.89,33,4.74,10,0.5,0.7,0.4,,,,,,,,,,,,,,,,,,,,,,,,,,,,,,,,,,,,,,,,,,,,,,,,,,,,,,,,,,,,,,,,,,,,,,,,,,,,,,,,,,,,,,,,,,,,,,,,,,,,,,,,,,,,,,,,,,,,,,,,,,,,,,,,,,,,,,,,,,,,,,,,,,,,,,
1905,6,346.0,42.0,,,,,,,,,,,,,,,,,,,,,,,,,,,,,,,,,,,,,,,,1.0,2.6,6.7,3.67,46,2.54,14,0.6,0.6,0.3,-0.94,0.71,2.6,0.76,46,2.37,14,0.6,0.6,0.3,-4.12,-0.99,2.6,-0.31,46,3.73,14,0.6,0.6,0.3,1014.0,1020.0,1022.82,1018.87,32,5.19,16,0.6,0.6,0.3,,,,,,,,,,,,,,,,,,,,,,,,,,,,,,,,,,,,,,,,,,,,,,,,,,,,,,,,,,,,,,,,,,,,,,,,,,,,,,,,,,,,,,,,,,,,,,,,,,,,,,,,,,,,,,,,,,,,,,,,,,,,,,,,,,,,,,,,,,,,,,,,,,,,,,
1905,6,346.0,44.0,,,,,,,,,,,,,,,,,,,,,,,,,,,,,,,,,,,,,,,,1.0,4.6,7.69,5.33,49,3.34,12,0.6,0.8,0.3,-1.26,1.84,5.28,2.17,49,3.52,12,0.6,0.8,0.3,-4.27,0.39,6.21,0.93,49,4.7,12,0.6,0.8,0.3,1014.76,1018.0,1020.54,1017.33,31,3.82,14,0.6,0.8,0.4,,,,,,,,,,,,,,,,,,,,,,,,,,,,,,,,,,,,,,,,,,,,,,,,,,,,,,,,,,,,,,,,,,,,,,,,,,,,,,,,,,,,,,,,,,,,,,,,,,,,,,,,,,,,,,,,,,,,,,,,,,,,,,,,,,,,,,,,,,,,,,,,,,,,,,
1905,6,346.0,46.0,,,,,,,,,,,,,,,,,,,,,,,,,,,,,,,,,,,,,,,,2.6,5.65,9.3,6.24,22,3.74,14,0.5,0.7,0.4,-1.67,0.99,3.25,1.11,22,3.02,14,0.5,0.7,0.4,-1.83,5.22,9.1,4.36,22,4.94,14,0.5,0.7,0.4,1007.78,1014.0,1019.1,1013.6,13,4.97,14,0.4,0.8,0.4,,,,,,,,,,,,,,,,,,,,,,,,,,,,,,,,,,,,,,,,,,,,,,,,,,,,,,,,,,,,,,,,,,,,,,,,,,,,,,,,,,,,,,,,,,,,,,,,,,,,,,,,,,,,,,,,,,,,,,,,,,,,,,,,,,,,,,,,,,,,,,,,,,,,,,
1905,6,346.0,48.0,,,,,,,,,,,,,,,,,,,,,,,,,,,,,,,,,,,,,,,,2.6,4.6,9.3,6.09,101,3.94,14,0.7,0.7,0.5,-4.27,0.0,4.31,0.09,101,4.51,14,0.7,0.7,0.5,-3.25,0.93,6.26,1.37,101,5.54,14,0.7,0.7,0.5,998.41,1016.15,1021.06,1013.0,54,9.53,16,0.8,0.6,0.6,,,,,,,,,,,,,,,,,,,,,,,,,,,,,,,,,,,,,,,,,,,,,,,,,,,,,,,,,,,,,,,,,,,,,,,,,,,,,,,,,,,,,,,,,,,,,,,,,,,,,,,,,,,,,,,,,,,,,,,,,,,,,,,,,,,,,,,,,,,,,,,,,,,,,,
1905,6,346.0,50.0,,,,,,,,,,,,,,,,,,,,,,,,,,,,,,,,,,,,,,,,3.91,6.7,12.89,8.1,25,4.98,16,0.7,0.7,0.1,-10.89,-3.63,1.22,-3.58,25,5.51,16,0.7,0.7,0.1,0.32,4.74,8.81,4.36,25,5.44,16,0.7,0.7,0.1,998.0,1000.0,1004.51,1001.09,23,5.39,14,0.7,0.7,0.1,,,,,,,,,,,,,,,,,,,,,,,,,,,,,,,,,,,,,,,,,,,,,,,,,,,,,,,,,,,,,,,,,,,,,,,,,,,,,,,,,,,,,,,,,,,,,,,,,,,,,,,,,,,,,,,,,,,,,,,,,,,,,,,,,,,,,,,,,,,,,,,,,,,,,,
1905,6,346.0,64.0,,,,,,,,,,,,,,,,,,,,,,,,,,,,,,,,,,,,,,,,0.48,1.8,3.65,2.05,4,2.01,16,0.8,0.6,0.8,-1.38,-0.46,0.53,-0.43,4,1.21,16,0.8,0.6,0.8,-2.22,0.2,1.44,-0.36,4,2.79,16,0.8,0.6,0.8,1025.7,1025.7,1025.7,1025.7,1,0.0,18,1.0,1.0,1.0,,,,,,,,,,,,,,,,,,,,,,,,,,,,,,,,,,,,,,,,,,,,,,,,,,,,,,,,,,,,,,,,,,,,,,,,,,,,,,,,,,,,,,,,,,,,,,,,,,,,,,,,,,,,,,,,,,,,,,,,,,,,,,,,,,,,,,,,,,,,,,,,,,,,,,
1905,6,346.0,66.0,,,,,,,,,,,,,,,,,,,,,,,,,,,,,,,,,,,,,,,,1.0,1.0,1.0,1.0,1,0.0,18,1.0,0.5,0.0,-0.37,-0.37,-0.37,-0.37,1,0.0,18,1.0,0.5,0.0,0.93,0.93,0.93,0.93,1,0.0,18,1.0,0.5,0.0,1026.4,1026.4,1026.4,1026.4,1,0.0,18,1.0,0.5,0.0,,,,,,,,,,,,,,,,,,,,,,,,,,,,,,,,,,,,,,,,,,,,,,,,,,,,,,,,,,,,,,,,,,,,,,,,,,,,,,,,,,,,,,,,,,,,,,,,,,,,,,,,,,,,,,,,,,,,,,,,,,,,,,,,,,,,,,,,,,,,,,,,,,,,,,
1905,6,348.0,-38.0,,,,,,,,,,,,,,,,,,,,,,,,,,,,,,,,,,,,,,,,10.25,12.3,16.71,13.14,5,4.54,20,0.8,0.6,0.5,4.73,5.77,11.19,8.18,5,6.11,20,0.8,0.6,0.5,-12.45,0.0,4.13,-2.87,5,10.26,20,0.8,0.6,0.5,1014.65,1015.1,1016.08,1015.35,4,0.93,22,0.8,0.5,0.4,,,,,,,,,,,,,,,,,,,,,,,,,,,,,,,,,,,,,,,,,,,,,,,,,,,,,,,,,,,,,,,,,,,,,,,,,,,,,,,,,,,,,,,,,,,,,,,,,,,,,,,,,,,,,,,,,,,,,,,,,,,,,,,,,,,,,,,,,,,,,,,,,,,,,,
1905,6,348.0,-36.0,,,,,,,,,,,,,,,,,,,,,,,,,,,,,,,,,,,,,,,,12.3,12.3,12.3,12.3,2,0.0,14,0.5,0.3,0.3,9.13,10.05,10.97,10.05,2,1.91,14,0.5,0.3,0.3,5.26,6.65,8.05,6.65,2,2.89,14,0.5,0.3,0.3,1030.7,1030.7,1030.7,1030.7,1,0.0,14,0.0,0.3,0.3,,,,,,,,,,,,,,,,,,,,,,,,,,,,,,,,,,,,,,,,,,,,,,,,,,,,,,,,,,,,,,,,,,,,,,,,,,,,,,,,,,,,,,,,,,,,,,,,,,,,,,,,,,,,,,,,,,,,,,,,,,,,,,,,,,,,,,,,,,,,,,,,,,,,,,
1905,6,348.0,-34.0,,,,,,,,,,,,,,,,,,,,,,,,,,,,,,,,,,,,,,,,5.6,6.7,6.7,6.18,4,1.05,26,0.5,0.4,0.8,3.96,4.74,5.51,4.74,4,1.21,26,0.5,0.4,0.8,2.86,4.0,4.74,3.81,4,1.11,26,0.5,0.4,0.8,1027.55,1027.9,1028.41,1027.98,4,0.52,26,0.5,0.4,0.8,,,,,,,,,,,,,,,,,,,,,,,,,,,,,,,,,,,,,,,,,,,,,,,,,,,,,,,,,,,,,,,,,,,,,,,,,,,,,,,,,,,,,,,,,,,,,,,,,,,,,,,,,,,,,,,,,,,,,,,,,,,,,,,,,,,,,,,,,,,,,,,,,,,,,,
1905,6,348.0,4.0,,,,,,,,,,,,,,,,,,,,,,,,,,,,,,,,,,,,,,,,4.83,8.0,9.3,7.23,8,2.57,18,0.5,0.8,0.5,0.0,0.86,6.37,2.32,8,3.16,18,0.5,0.8,0.5,4.32,6.58,9.01,6.23,8,2.39,18,0.5,0.8,0.5,1014.8,1015.5,1016.41,1015.66,5,1.03,22,0.8,0.6,0.6,,,,,,,,,,,,,,,,,,,,,,,,,,,,,,,,,,,,,,,,,,,,,,,,,,,,,,,,,,,,,,,,,,,,,,,,,,,,,,,,,,,,,,,,,,,,,,,,,,,,,,,,,,,,,,,,,,,,,,,,,,,,,,,,,,,,,,,,,,,,,,,,,,,,,,
1905,6,348.0,6.0,,,,,,,,,,,,,,,,,,,,,,,,,,,,,,,,,,,,,,,,4.6,5.65,6.7,5.53,8,2.43,14,0.8,0.7,0.0,-3.18,0.19,3.17,-0.12,8,3.14,14,0.8,0.7,0.0,3.25,4.67,6.21,4.72,8,2.34,14,0.8,0.7,0.0,1017.36,1017.5,1018.73,1018.03,3,1.1,14,0.7,0.7,0.0,,,,,,,,,,,,,,,,,,,,,,,,,,,,,,,,,,,,,,,,,,,,,,,,,,,,,,,,,,,,,,,,,,,,,,,,,,,,,,,,,,,,,,,,,,,,,,,,,,,,,,,,,,,,,,,,,,,,,,,,,,,,,,,,,,,,,,,,,,,,,,,,,,,,,,
1905,6,348.0,34.0,,,,,,,,,,,,,,,,,,,,,,,,,,,,,,,,,,,,,,,,2.6,6.7,9.3,6.32,19,2.63,18,0.5,0.5,0.4,-2.62,2.6,4.74,1.5,19,3.08,18,0.5,0.5,0.4,-8.62,-4.74,-2.15,-4.98,19,3.33,18,0.5,0.5,0.4,1015.0,1015.0,1015.0,1015.0,1,0.0,8,0.0,0.5,0.5,,,,,,,,,,,,,,,,,,,,,,,,,,,,,,,,,,,,,,,,,,,,,,,,,,,,,,,,,,,,,,,,,,,,,,,,,,,,,,,,,,,,,,,,,,,,,,,,,,,,,,,,,,,,,,,,,,,,,,,,,,,,,,,,,,,,,,,,,,,,,,,,,,,,,,
1905,6,348.0,36.0,,,,,,,,,,,,,,,,,,,,,,,,,,,,,,,,,,,,,,,,2.6,4.6,6.7,5.17,75,2.29,14,0.6,0.7,0.3,0.0,1.84,4.74,2.06,75,2.79,14,0.6,0.7,0.3,-6.21,-3.25,0.0,-2.93,75,3.4,14,0.6,0.7,0.3,1013.91,1018.6,1020.29,1017.58,20,3.01,10,0.6,0.6,0.3,,,,,,,,,,,,,,,,,,,,,,,,,,,,,,,,,,,,,,,,,,,,,,,,,,,,,,,,,,,,,,,,,,,,,,,,,,,,,,,,,,,,,,,,,,,,,,,,,,,,,,,,,,,,,,,,,,,,,,,,,,,,,,,,,,,,,,,,,,,,,,,,,,,,,,
1905,6,348.0,38.0,,,,,,,,,,,,,,,,,,,,,,,,,,,,,,,,,,,,,,,,2.6,4.6,6.7,5.14,87,2.34,16,0.5,0.6,0.3,0.0,2.39,4.74,2.59,87,2.66,16,0.5,0.6,0.3,-5.24,-1.8,2.62,-1.4,87,4.04,16,0.5,0.6,0.3,1013.49,1015.25,1023.29,1017.4,16,4.46,14,0.4,0.5,0.3,,,,,,,,,,,,,,,,,,,,,,,,,,,,,,,,,,,,,,,,,,,,,,,,,,,,,,,,,,,,,,,,,,,,,,,,,,,,,,,,,,,,,,,,,,,,,,,,,,,,,,,,,,,,,,,,,,,,,,,,,,,,,,,,,,,,,,,,,,,,,,,,,,,,,,
1905,6,348.0,40.0,,,,,,,,,,,,,,,,,,,,,,,,,,,,,,,,,,,,,,,,2.6,4.6,8.03,5.41,86,2.93,14,0.5,0.8,0.3,0.0,2.51,6.21,2.85,86,3.09,14,0.5,0.8,0.3,-5.47,-2.41,2.57,-1.62,86,4.21,14,0.5,0.8,0.3,1012.73,1022.0,1024.83,1018.79,21,6.98,14,0.6,0.7,0.5,,,,,,,,,,,,,,,,,,,,,,,,,,,,,,,,,,,,,,,,,,,,,,,,,,,,,,,,,,,,,,,,,,,,,,,,,,,,,,,,,,,,,,,,,,,,,,,,,,,,,,,,,,,,,,,,,,,,,,,,,,,,,,,,,,,,,,,,,,,,,,,,,,,,,,
1905,6,348.0,42.0,,,,,,,,,,,,,,,,,,,,,,,,,,,,,,,,,,,,,,,,1.0,2.6,4.6,3.43,59,2.27,8,0.5,0.7,0.2,-0.64,1.0,3.25,1.42,59,2.42,8,0.5,0.7,0.2,-3.25,-0.71,1.83,-0.59,59,2.98,8,0.5,0.7,0.2,1011.0,1015.0,1024.0,1016.92,45,6.34,8,0.4,0.7,0.3,,,,,,,,,,,,,,,,,,,,,,,,,,,,,,,,,,,,,,,,,,,,,,,,,,,,,,,,,,,,,,,,,,,,,,,,,,,,,,,,,,,,,,,,,,,,,,,,,,,,,,,,,,,,,,,,,,,,,,,,,,,,,,,,,,,,,,,,,,,,,,,,,,,,,,
1905,6,348.0,44.0,,,,,,,,,,,,,,,,,,,,,,,,,,,,,,,,,,,,,,,,2.6,4.6,9.3,5.58,60,3.3,14,0.5,0.7,0.3,-2.51,2.46,6.44,2.16,60,4.4,14,0.5,0.7,0.3,-3.5,0.2,4.74,0.66,60,4.25,14,0.5,0.7,0.3,1010.28,1018.0,1024.0,1017.45,46,6.14,14,0.5,0.7,0.3,,,,,,,,,,,,,,,,,,,,,,,,,,,,,,,,,,,,,,,,,,,,,,,,,,,,,,,,,,,,,,,,,,,,,,,,,,,,,,,,,,,,,,,,,,,,,,,,,,,,,,,,,,,,,,,,,,,,,,,,,,,,,,,,,,,,,,,,,,,,,,,,,,,,,,
1905,6,348.0,46.0,,,,,,,,,,,,,,,,,,,,,,,,,,,,,,,,,,,,,,,,1.0,4.6,9.3,5.62,37,3.81,12,0.5,0.7,0.3,-4.4,1.84,6.87,1.65,37,5.17,12,0.5,0.7,0.3,-2.8,0.0,3.7,0.72,37,4.11,12,0.5,0.7,0.3,1002.38,1019.5,1021.37,1013.88,27,9.81,12,0.4,0.6,0.3,,,,,,,,,,,,,,,,,,,,,,,,,,,,,,,,,,,,,,,,,,,,,,,,,,,,,,,,,,,,,,,,,,,,,,,,,,,,,,,,,,,,,,,,,,,,,,,,,,,,,,,,,,,,,,,,,,,,,,,,,,,,,,,,,,,,,,,,,,,,,,,,,,,,,,
1905,6,348.0,48.0,,,,,,,,,,,,,,,,,,,,,,,,,,,,,,,,,,,,,,,,2.6,4.6,9.3,5.57,121,3.42,14,0.6,0.7,0.5,-4.2,0.71,4.59,0.4,121,3.93,14,0.6,0.7,0.5,-3.25,1.72,6.21,1.74,121,4.93,14,0.6,0.7,0.5,1000.68,1017.0,1021.93,1013.37,62,9.16,16,0.6,0.7,0.5,,,,,,,,,,,,,,,,,,,,,,,,,,,,,,,,,,,,,,,,,,,,,,,,,,,,,,,,,,,,,,,,,,,,,,,,,,,,,,,,,,,,,,,,,,,,,,,,,,,,,,,,,,,,,,,,,,,,,,,,,,,,,,,,,,,,,,,,,,,,,,,,,,,,,,
1905,6,348.0,50.0,,,,,,,,,,,,,,,,,,,,,,,,,,,,,,,,,,,,,,,,4.6,4.6,9.59,6.48,13,3.06,18,0.8,0.5,0.3,-1.19,0.0,4.27,0.58,13,2.89,18,0.8,0.5,0.3,2.34,4.6,8.88,5.72,13,3.26,18,0.8,0.5,0.3,1002.0,1012.25,1018.53,1010.17,10,8.42,16,0.7,0.5,0.4,,,,,,,,,,,,,,,,,,,,,,,,,,,,,,,,,,,,,,,,,,,,,,,,,,,,,,,,,,,,,,,,,,,,,,,,,,,,,,,,,,,,,,,,,,,,,,,,,,,,,,,,,,,,,,,,,,,,,,,,,,,,,,,,,,,,,,,,,,,,,,,,,,,,,,
1905,6,348.0,52.0,,,,,,,,,,,,,,,,,,,,,,,,,,,,,,,,,,,,,,,,6.7,6.7,6.7,6.7,6,0.0,26,0.8,0.3,0.5,4.3,5.47,6.7,5.28,6,1.59,26,0.8,0.3,0.5,-0.98,1.25,5.03,1.45,6,3.92,26,0.8,0.3,0.5,1013.32,1013.75,1015.64,1014.22,6,1.19,26,0.8,0.3,0.5,,,,,,,,,,,,,,,,,,,,,,,,,,,,,,,,,,,,,,,,,,,,,,,,,,,,,,,,,,,,,,,,,,,,,,,,,,,,,,,,,,,,,,,,,,,,,,,,,,,,,,,,,,,,,,,,,,,,,,,,,,,,,,,,,,,,,,,,,,,,,,,,,,,,,,
1905,6,348.0,54.0,,,,,,,,,,,,,,,,,,,,,,,,,,,,,,,,,,,,,,,,0.0,2.6,6.7,2.92,9,3.01,28,0.8,0.6,0.5,-0.74,0.0,2.33,0.2,9,2.22,28,0.8,0.6,0.5,-5.81,-1.84,0.0,-2.46,9,2.62,28,0.8,0.6,0.5,1006.56,1009.0,1012.06,1009.07,9,2.43,28,0.8,0.6,0.5,,,,,,,,,,,,,,,,,,,,,,,,,,,,,,,,,,,,,,,,,,,,,,,,,,,,,,,,,,,,,,,,,,,,,,,,,,,,,,,,,,,,,,,,,,,,,,,,,,,,,,,,,,,,,,,,,,,,,,,,,,,,,,,,,,,,,,,,,,,,,,,,,,,,,,
1905,6,348.0,56.0,,,,,,,,,,,,,,,,,,,,,,,,,,,,,,,,,,,,,,,,4.09,4.6,6.7,4.83,12,1.76,20,0.9,0.6,0.5,-4.74,-2.51,2.17,-1.75,12,3.02,20,0.9,0.6,0.5,-4.74,-3.74,1.16,-2.39,12,3.14,20,0.9,0.6,0.5,1018.07,1019.1,1019.44,1018.72,5,1.11,30,1.0,0.6,0.6,,,,,,,,,,,,,,,,,,,,,,,,,,,,,,,,,,,,,,,,,,,,,,,,,,,,,,,,,,,,,,,,,,,,,,,,,,,,,,,,,,,,,,,,,,,,,,,,,,,,,,,,,,,,,,,,,,,,,,,,,,,,,,,,,,,,,,,,,,,,,,,,,,,,,,
1905,6,348.0,64.0,,,,,,,,,,,,,,,,,,,,,,,,,,,,,,,,,,,,,,,,1.57,2.8,4.03,2.8,2,2.55,16,0.5,0.6,0.6,-0.33,-0.2,-0.06,-0.2,2,0.28,16,0.5,0.6,0.6,-0.04,1.84,3.72,1.84,2,3.9,16,0.5,0.6,0.6,1024.0,1024.0,1024.0,1024.0,1,0.0,18,0.0,0.7,0.8,,,,,,,,,,,,,,,,,,,,,,,,,,,,,,,,,,,,,,,,,,,,,,,,,,,,,,,,,,,,,,,,,,,,,,,,,,,,,,,,,,,,,,,,,,,,,,,,,,,,,,,,,,,,,,,,,,,,,,,,,,,,,,,,,,,,,,,,,,,,,,,,,,,,,,
1905,6,350.0,-38.0,,,,,,,,,,,,,,,,,,,,,,,,,,,,,,,,,,,,,,,,4.6,6.7,15.4,9.83,7,5.28,16,0.3,0.5,0.5,4.51,6.02,6.05,5.22,7,1.39,16,0.3,0.5,0.5,0.0,6.17,14.18,6.96,7,7.1,16,0.3,0.5,0.5,1015.9,1017.5,1027.01,1020.96,5,7.7,16,0.2,0.6,0.5,,,,,,,,,,,,,,,,,,,,,,,,,,,,,,,,,,,,,,,,,,,,,,,,,,,,,,,,,,,,,,,,,,,,,,,,,,,,,,,,,,,,,,,,,,,,,,,,,,,,,,,,,,,,,,,,,,,,,,,,,,,,,,,,,,,,,,,,,,,,,,,,,,,,,,
1905,6,350.0,-34.0,,,,,,,,,,,,,,,,,,,,,,,,,,,,,,,,,,,,,,,,6.7,6.7,6.7,6.7,4,0.0,28,0.8,0.5,0.3,6.21,6.21,6.47,6.33,4,0.24,28,0.8,0.5,0.3,1.19,2.51,2.51,1.88,4,1.25,28,0.8,0.5,0.3,1022.26,1024.1,1025.31,1023.8,4,1.86,28,0.8,0.5,0.3,,,,,,,,,,,,,,,,,,,,,,,,,,,,,,,,,,,,,,,,,,,,,,,,,,,,,,,,,,,,,,,,,,,,,,,,,,,,,,,,,,,,,,,,,,,,,,,,,,,,,,,,,,,,,,,,,,,,,,,,,,,,,,,,,,,,,,,,,,,,,,,,,,,,,,
1905,6,350.0,2.0,,,,,,,,,,,,,,,,,,,,,,,,,,,,,,,,,,,,,,,,4.6,6.7,8.75,6.98,5,3.15,16,0.6,1.0,0.4,-0.96,0.0,2.85,0.78,5,2.73,16,0.6,1.0,0.4,4.48,6.17,8.39,6.61,5,2.83,16,0.6,1.0,0.4,1014.31,1015.2,1015.68,1015.0,3,1.01,26,0.0,0.4,0.6,,,,,,,,,,,,,,,,,,,,,,,,,,,,,,,,,,,,,,,,,,,,,,,,,,,,,,,,,,,,,,,,,,,,,,,,,,,,,,,,,,,,,,,,,,,,,,,,,,,,,,,,,,,,,,,,,,,,,,,,,,,,,,,,,,,,,,,,,,,,,,,,,,,,,,
1905,6,350.0,4.0,,,,,,,,,,,,,,,,,,,,,,,,,,,,,,,,,,,,,,,,4.6,6.7,6.7,5.83,9,1.94,14,0.4,0.7,0.1,0.0,0.0,2.3,0.71,9,2.06,14,0.4,0.7,0.1,4.36,4.74,6.57,5.46,9,1.9,14,0.4,0.7,0.1,1014.88,1015.55,1016.28,1015.58,4,0.99,16,0.3,0.8,0.1,,,,,,,,,,,,,,,,,,,,,,,,,,,,,,,,,,,,,,,,,,,,,,,,,,,,,,,,,,,,,,,,,,,,,,,,,,,,,,,,,,,,,,,,,,,,,,,,,,,,,,,,,,,,,,,,,,,,,,,,,,,,,,,,,,,,,,,,,,,,,,,,,,,,,,
1905,6,350.0,36.0,,,,,,,,,,,,,,,,,,,,,,,,,,,,,,,,,,,,,,,,2.6,4.6,6.7,5.29,253,2.74,14,0.4,0.7,0.3,0.0,2.41,4.74,2.38,253,2.54,14,0.4,0.7,0.3,-6.7,-2.6,0.71,-2.71,253,4.01,14,0.4,0.7,0.3,1013.19,1015.4,1020.0,1016.04,67,2.99,16,0.5,0.6,0.4,,,,,,,,,,,,,,,,,,,,,,,,,,,,,,,,,,,,,,,,,,,,,,,,,,,,,,,,,,,,,,,,,,,,,,,,,,,,,,,,,,,,,,,,,,,,,,,,,,,,,,,,,,,,,,,,,,,,,,,,,,,,,,,,,,,,,,,,,,,,,,,,,,,,,,
1905,6,350.0,38.0,,,,,,,,,,,,,,,,,,,,,,,,,,,,,,,,,,,,,,,,2.6,4.6,9.3,5.58,306,2.62,14,0.5,0.4,0.3,0.0,1.8,4.74,2.28,306,2.66,14,0.5,0.4,0.3,-6.7,-4.23,0.0,-3.11,306,4.02,14,0.5,0.4,0.3,1012.05,1015.45,1020.09,1015.85,80,3.91,14,0.5,0.4,0.4,,,,,,,,,,,,,,,,,,,,,,,,,,,,,,,,,,,,,,,,,,,,,,,,,,,,,,,,,,,,,,,,,,,,,,,,,,,,,,,,,,,,,,,,,,,,,,,,,,,,,,,,,,,,,,,,,,,,,,,,,,,,,,,,,,,,,,,,,,,,,,,,,,,,,,
1905,6,350.0,40.0,,,,,,,,,,,,,,,,,,,,,,,,,,,,,,,,,,,,,,,,1.0,4.6,6.7,4.58,295,3.0,14,0.6,0.5,0.3,0.0,1.72,4.23,1.76,295,2.52,14,0.6,0.5,0.3,-4.74,-1.84,3.25,-1.45,295,4.3,14,0.6,0.5,0.3,1011.0,1014.7,1020.6,1015.58,75,4.38,14,0.6,0.4,0.4,,,,,,,,,,,,,,,,,,,,,,,,,,,,,,,,,,,,,,,,,,,,,,,,,,,,,,,,,,,,,,,,,,,,,,,,,,,,,,,,,,,,,,,,,,,,,,,,,,,,,,,,,,,,,,,,,,,,,,,,,,,,,,,,,,,,,,,,,,,,,,,,,,,,,,
1905,6,350.0,42.0,,,,,,,,,,,,,,,,,,,,,,,,,,,,,,,,,,,,,,,,1.0,4.6,6.7,4.3,408,2.82,16,0.6,0.5,0.3,-1.84,0.39,3.48,0.96,408,3.16,16,0.6,0.5,0.3,-4.27,-0.37,3.25,-0.57,408,3.91,16,0.6,0.5,0.3,1009.02,1016.0,1021.38,1015.46,119,5.55,16,0.5,0.5,0.4,,,,,,,,,,,,,,,,,,,,,,,,,,,,,,,,,,,,,,,,,,,,,,,,,,,,,,,,,,,,,,,,,,,,,,,,,,,,,,,,,,,,,,,,,,,,,,,,,,,,,,,,,,,,,,,,,,,,,,,,,,,,,,,,,,,,,,,,,,,,,,,,,,,,,,
1905,6,350.0,44.0,,,,,,,,,,,,,,,,,,,,,,,,,,,,,,,,,,,,,,,,2.6,4.6,6.7,4.86,211,3.1,16,0.7,0.9,0.1,-4.23,0.0,4.74,0.65,211,4.3,16,0.7,0.9,0.1,-3.25,0.0,4.7,0.19,211,3.8,16,0.7,0.9,0.1,1009.42,1017.2,1021.02,1015.71,57,5.75,14,0.7,0.8,0.2,,,,,,,,,,,,,,,,,,,,,,,,,,,,,,,,,,,,,,,,,,,,,,,,,,,,,,,,,,,,,,,,,,,,,,,,,,,,,,,,,,,,,,,,,,,,,,,,,,,,,,,,,,,,,,,,,,,,,,,,,,,,,,,,,,,,,,,,,,,,,,,,,,,,,,
1905,6,350.0,46.0,,,,,,,,,,,,,,,,,,,,,,,,,,,,,,,,,,,,,,,,2.6,6.7,9.3,6.56,55,4.09,12,0.7,0.7,0.3,-4.6,2.62,8.56,2.52,55,5.13,12,0.7,0.7,0.3,-4.74,0.0,6.34,0.75,55,5.22,12,0.7,0.7,0.3,1008.83,1018.65,1021.94,1016.64,24,7.25,12,0.8,0.5,0.5,,,,,,,,,,,,,,,,,,,,,,,,,,,,,,,,,,,,,,,,,,,,,,,,,,,,,,,,,,,,,,,,,,,,,,,,,,,,,,,,,,,,,,,,,,,,,,,,,,,,,,,,,,,,,,,,,,,,,,,,,,,,,,,,,,,,,,,,,,,,,,,,,,,,,,
1905,6,350.0,48.0,,,,,,,,,,,,,,,,,,,,,,,,,,,,,,,,,,,,,,,,1.02,4.6,9.3,5.31,146,3.53,14,0.6,0.7,0.5,-3.25,0.35,4.6,0.43,146,3.71,14,0.6,0.7,0.5,-3.25,0.19,6.21,1.47,146,4.97,14,0.6,0.7,0.5,1004.37,1017.5,1022.36,1014.51,81,7.86,14,0.6,0.7,0.5,,,,,,,,,,,,,,,,,,,,,,,,,,,,,,,,,,,,,,,,,,,,,,,,,,,,,,,,,,,,,,,,,,,,,,,,,,,,,,,,,,,,,,,,,,,,,,,,,,,,,,,,,,,,,,,,,,,,,,,,,,,,,,,,,,,,,,,,,,,,,,,,,,,,,,
1905,6,350.0,50.0,,,,,,,,,,,,,,,,,,,,,,,,,,,,,,,,,,,,,,,,6.7,6.7,12.3,8.94,5,3.07,16,0.4,0.6,0.2,0.0,4.61,5.18,3.08,5,2.88,16,0.4,0.6,0.2,5.21,6.7,11.4,7.77,5,3.72,16,0.4,0.6,0.2,1002.32,1003.0,1011.87,1007.0,3,7.81,14,0.7,0.7,0.0,,,,,,,,,,,,,,,,,,,,,,,,,,,,,,,,,,,,,,,,,,,,,,,,,,,,,,,,,,,,,,,,,,,,,,,,,,,,,,,,,,,,,,,,,,,,,,,,,,,,,,,,,,,,,,,,,,,,,,,,,,,,,,,,,,,,,,,,,,,,,,,,,,,,,,
1905,6,352.0,-38.0,,,,,,,,,,,,,,,,,,,,,,,,,,,,,,,,,,,,,,,,3.14,4.6,14.56,7.93,9,5.28,14,0.4,0.5,0.4,2.91,4.27,8.13,4.98,9,3.84,14,0.4,0.5,0.4,0.26,1.72,10.3,3.7,9,6.37,14,0.4,0.5,0.4,1013.72,1027.5,1031.42,1024.63,9,8.81,14,0.4,0.5,0.4,,,,,,,,,,,,,,,,,,,,,,,,,,,,,,,,,,,,,,,,,,,,,,,,,,,,,,,,,,,,,,,,,,,,,,,,,,,,,,,,,,,,,,,,,,,,,,,,,,,,,,,,,,,,,,,,,,,,,,,,,,,,,,,,,,,,,,,,,,,,,,,,,,,,,,
1905,6,352.0,-36.0,,,,,,,,,,,,,,,,,,,,,,,,,,,,,,,,,,,,,,,,6.7,6.7,10.52,8.57,3,3.23,28,0.0,0.6,0.8,6.18,6.21,9.7,7.9,3,2.96,28,0.0,0.6,0.8,-4.11,-2.62,0.88,-1.64,3,3.76,28,0.0,0.6,0.8,1016.23,1017.8,1019.51,1017.87,3,2.4,28,0.0,0.6,0.8,,,,,,,,,,,,,,,,,,,,,,,,,,,,,,,,,,,,,,,,,,,,,,,,,,,,,,,,,,,,,,,,,,,,,,,,,,,,,,,,,,,,,,,,,,,,,,,,,,,,,,,,,,,,,,,,,,,,,,,,,,,,,,,,,,,,,,,,,,,,,,,,,,,,,,
1905,6,352.0,0.0,,,,,,,,,,,,,,,,,,,,,,,,,,,,,,,,,,,,,,,,4.6,5.65,9.3,6.38,8,2.66,18,0.6,0.8,0.4,-3.18,-1.41,0.0,-1.09,8,2.35,18,0.6,0.8,0.4,3.36,5.38,8.56,5.88,8,2.66,18,0.6,0.8,0.4,1014.68,1014.85,1015.02,1014.85,2,0.35,28,1.0,0.5,0.8,,,,,,,,,,,,,,,,,,,,,,,,,,,,,,,,,,,,,,,,,,,,,,,,,,,,,,,,,,,,,,,,,,,,,,,,,,,,,,,,,,,,,,,,,,,,,,,,,,,,,,,,,,,,,,,,,,,,,,,,,,,,,,,,,,,,,,,,,,,,,,,,,,,,,,
1905,6,352.0,2.0,,,,,,,,,,,,,,,,,,,,,,,,,,,,,,,,,,,,,,,,5.27,6.7,10.52,7.87,3,3.98,18,0.3,0.4,0.1,-1.79,0.0,3.28,0.73,3,3.77,18,0.3,0.4,0.1,5.1,6.17,9.69,7.36,3,3.52,18,0.3,0.4,0.1,1015.1,1015.1,1015.1,1015.1,1,0.0,28,1.0,0.3,0.3,,,,,,,,,,,,,,,,,,,,,,,,,,,,,,,,,,,,,,,,,,,,,,,,,,,,,,,,,,,,,,,,,,,,,,,,,,,,,,,,,,,,,,,,,,,,,,,,,,,,,,,,,,,,,,,,,,,,,,,,,,,,,,,,,,,,,,,,,,,,,,,,,,,,,,
1905,6,352.0,4.0,,,,,,,,,,,,,,,,,,,,,,,,,,,,,,,,,,,,,,,,4.93,5.65,6.37,5.65,2,1.48,16,0.0,0.8,0.0,0.0,0.0,0.0,0.0,2,0.0,16,0.0,0.8,0.0,4.93,5.65,6.37,5.65,2,1.48,16,0.0,0.8,0.0,1016.54,1016.85,1017.16,1016.85,2,0.64,16,0.0,0.8,0.0,,,,,,,,,,,,,,,,,,,,,,,,,,,,,,,,,,,,,,,,,,,,,,,,,,,,,,,,,,,,,,,,,,,,,,,,,,,,,,,,,,,,,,,,,,,,,,,,,,,,,,,,,,,,,,,,,,,,,,,,,,,,,,,,,,,,,,,,,,,,,,,,,,,,,,
1905,6,352.0,34.0,,,,,,,,,,,,,,,,,,,,,,,,,,,,,,,,,,,,,,,,0.63,2.6,2.6,1.76,5,1.2,16,1.0,0.7,0.6,0.0,1.02,2.48,1.21,5,1.26,16,1.0,0.7,0.6,-1.51,-0.97,0.0,-0.87,5,0.98,16,1.0,0.7,0.6,1013.09,1013.7,1014.31,1013.7,2,1.27,24,1.0,0.5,0.8,,,,,,,,,,,,,,,,,,,,,,,,,,,,,,,,,,,,,,,,,,,,,,,,,,,,,,,,,,,,,,,,,,,,,,,,,,,,,,,,,,,,,,,,,,,,,,,,,,,,,,,,,,,,,,,,,,,,,,,,,,,,,,,,,,,,,,,,,,,,,,,,,,,,,,
1905,6,352.0,36.0,,,,,,,,,,,,,,,,,,,,,,,,,,,,,,,,,,,,,,,,2.6,4.6,8.24,4.97,180,2.74,14,0.5,0.7,0.1,0.0,3.25,6.65,3.1,180,3.6,14,0.5,0.7,0.1,-3.25,0.0,3.25,-0.43,180,3.09,14,0.5,0.7,0.1,1013.17,1015.35,1017.67,1015.43,60,2.45,16,0.5,0.6,0.2,,,,,,,,,,,,,,,,,,,,,,,,,,,,,,,,,,,,,,,,,,,,,,,,,,,,,,,,,,,,,,,,,,,,,,,,,,,,,,,,,,,,,,,,,,,,,,,,,,,,,,,,,,,,,,,,,,,,,,,,,,,,,,,,,,,,,,,,,,,,,,,,,,,,,,
1905,6,352.0,42.0,,,,,,,,,,,,,,,,,,,,,,,,,,,,,,,,,,,,,,,,2.6,4.6,6.7,4.93,7,1.85,14,0.7,0.7,0.5,-4.33,2.6,6.21,0.78,7,5.03,14,0.7,0.7,0.5,-2.52,-1.8,0.16,-1.03,7,2.12,14,0.7,0.7,0.5,1006.13,1006.75,1006.95,1006.55,4,0.59,14,0.5,0.8,0.5,,,,,,,,,,,,,,,,,,,,,,,,,,,,,,,,,,,,,,,,,,,,,,,,,,,,,,,,,,,,,,,,,,,,,,,,,,,,,,,,,,,,,,,,,,,,,,,,,,,,,,,,,,,,,,,,,,,,,,,,,,,,,,,,,,,,,,,,,,,,,,,,,,,,,,
1905,6,352.0,44.0,,,,,,,,,,,,,,,,,,,,,,,,,,,,,,,,,,,,,,,,1.04,4.6,6.7,4.88,165,3.1,16,0.7,0.4,0.5,-4.27,0.0,4.74,0.4,165,4.13,16,0.7,0.4,0.5,-4.26,0.0,4.59,0.13,165,4.04,16,0.7,0.4,0.5,1008.38,1016.25,1021.99,1015.52,46,6.38,16,0.6,0.4,0.5,,,,,,,,,,,,,,,,,,,,,,,,,,,,,,,,,,,,,,,,,,,,,,,,,,,,,,,,,,,,,,,,,,,,,,,,,,,,,,,,,,,,,,,,,,,,,,,,,,,,,,,,,,,,,,,,,,,,,,,,,,,,,,,,,,,,,,,,,,,,,,,,,,,,,,
1905,6,352.0,46.0,,,,,,,,,,,,,,,,,,,,,,,,,,,,,,,,,,,,,,,,2.6,4.6,6.7,4.93,333,3.16,14,0.6,0.8,0.3,-2.82,0.0,4.35,0.57,333,3.61,14,0.6,0.8,0.3,-4.27,0.0,4.74,0.36,333,4.57,14,0.6,0.8,0.3,1007.2,1014.8,1020.73,1014.7,100,6.81,16,0.7,0.7,0.4,,,,,,,,,,,,,,,,,,,,,,,,,,,,,,,,,,,,,,,,,,,,,,,,,,,,,,,,,,,,,,,,,,,,,,,,,,,,,,,,,,,,,,,,,,,,,,,,,,,,,,,,,,,,,,,,,,,,,,,,,,,,,,,,,,,,,,,,,,,,,,,,,,,,,,
1905,6,352.0,48.0,,,,,,,,,,,,,,,,,,,,,,,,,,,,,,,,,,,,,,,,2.6,4.6,9.3,5.2,150,2.9,16,0.7,0.7,0.5,-4.6,0.0,3.33,-0.37,150,3.83,16,0.7,0.7,0.5,-4.25,0.0,6.21,0.79,150,4.5,16,0.7,0.7,0.5,1004.88,1012.65,1024.33,1013.84,74,8.1,16,0.6,0.7,0.5,,,,,,,,,,,,,,,,,,,,,,,,,,,,,,,,,,,,,,,,,,,,,,,,,,,,,,,,,,,,,,,,,,,,,,,,,,,,,,,,,,,,,,,,,,,,,,,,,,,,,,,,,,,,,,,,,,,,,,,,,,,,,,,,,,,,,,,,,,,,,,,,,,,,,,
1905,6,352.0,50.0,,,,,,,,,,,,,,,,,,,,,,,,,,,,,,,,,,,,,,,,4.6,6.7,6.7,6.1,7,1.02,22,0.9,0.9,0.1,-2.62,3.25,6.7,2.7,7,4.61,22,0.9,0.9,0.1,-4.81,-3.25,0.0,-2.85,7,2.29,22,0.9,0.9,0.1,1009.16,1009.5,1009.84,1009.5,2,0.71,30,1.0,1.0,0.0,,,,,,,,,,,,,,,,,,,,,,,,,,,,,,,,,,,,,,,,,,,,,,,,,,,,,,,,,,,,,,,,,,,,,,,,,,,,,,,,,,,,,,,,,,,,,,,,,,,,,,,,,,,,,,,,,,,,,,,,,,,,,,,,,,,,,,,,,,,,,,,,,,,,,,
1905,6,354.0,-40.0,,,,,,,,,,,,,,,,,,,,,,,,,,,,,,,,,,,,,,,,19.57,20.8,22.03,20.8,2,2.55,12,0.5,0.8,0.8,-6.25,-0.7,4.84,-0.7,2,11.49,12,0.5,0.8,0.8,-14.73,-1.66,11.41,-1.66,2,27.08,12,0.5,0.8,0.8,1008.47,1011.85,1015.23,1011.85,2,7.0,12,0.5,0.8,0.8,,,,,,,,,,,,,,,,,,,,,,,,,,,,,,,,,,,,,,,,,,,,,,,,,,,,,,,,,,,,,,,,,,,,,,,,,,,,,,,,,,,,,,,,,,,,,,,,,,,,,,,,,,,,,,,,,,,,,,,,,,,,,,,,,,,,,,,,,,,,,,,,,,,,,,
1905,6,354.0,-38.0,,,,,,,,,,,,,,,,,,,,,,,,,,,,,,,,,,,,,,,,9.98,15.4,15.4,13.74,8,4.55,14,0.8,0.4,0.4,-8.63,10.89,13.9,4.75,8,12.39,14,0.8,0.4,0.4,-2.89,0.0,10.32,1.68,8,7.34,14,0.8,0.4,0.4,1010.13,1025.15,1029.07,1021.51,8,9.15,14,0.8,0.4,0.4,,,,,,,,,,,,,,,,,,,,,,,,,,,,,,,,,,,,,,,,,,,,,,,,,,,,,,,,,,,,,,,,,,,,,,,,,,,,,,,,,,,,,,,,,,,,,,,,,,,,,,,,,,,,,,,,,,,,,,,,,,,,,,,,,,,,,,,,,,,,,,,,,,,,,,
1905,6,354.0,-36.0,,,,,,,,,,,,,,,,,,,,,,,,,,,,,,,,,,,,,,,,10.25,12.3,12.3,11.3,3,1.73,28,1.0,0.6,0.3,9.44,11.32,11.32,10.4,3,1.59,28,1.0,0.6,0.3,-4.81,-4.81,-4.01,-4.42,3,0.68,28,1.0,0.6,0.3,1012.55,1013.1,1015.01,1013.77,3,1.89,28,1.0,0.6,0.3,,,,,,,,,,,,,,,,,,,,,,,,,,,,,,,,,,,,,,,,,,,,,,,,,,,,,,,,,,,,,,,,,,,,,,,,,,,,,,,,,,,,,,,,,,,,,,,,,,,,,,,,,,,,,,,,,,,,,,,,,,,,,,,,,,,,,,,,,,,,,,,,,,,,,,
1905,6,354.0,-2.0,,,,,,,,,,,,,,,,,,,,,,,,,,,,,,,,,,,,,,,,2.45,2.6,4.6,3.28,13,1.39,12,0.4,0.8,0.7,-3.25,-1.84,-0.68,-1.86,13,1.13,12,0.4,0.8,0.7,1.75,2.39,3.35,2.56,13,1.2,12,0.4,0.8,0.7,1013.27,1013.85,1015.65,1014.22,6,1.6,10,0.5,0.8,0.8,,,,,,,,,,,,,,,,,,,,,,,,,,,,,,,,,,,,,,,,,,,,,,,,,,,,,,,,,,,,,,,,,,,,,,,,,,,,,,,,,,,,,,,,,,,,,,,,,,,,,,,,,,,,,,,,,,,,,,,,,,,,,,,,,,,,,,,,,,,,,,,,,,,,,,
1905,6,354.0,0.0,,,,,,,,,,,,,,,,,,,,,,,,,,,,,,,,,,,,,,,,3.9,6.7,6.7,5.33,3,2.37,24,0.3,0.3,0.2,-1.25,0.0,0.0,-0.61,3,1.06,24,0.3,0.3,0.2,3.38,6.7,6.7,5.08,3,2.81,24,0.3,0.3,0.2,1015.06,1015.2,1015.34,1015.2,2,0.28,28,0.0,0.3,0.3,,,,,,,,,,,,,,,,,,,,,,,,,,,,,,,,,,,,,,,,,,,,,,,,,,,,,,,,,,,,,,,,,,,,,,,,,,,,,,,,,,,,,,,,,,,,,,,,,,,,,,,,,,,,,,,,,,,,,,,,,,,,,,,,,,,,,,,,,,,,,,,,,,,,,,
1905,6,354.0,4.0,,,,,,,,,,,,,,,,,,,,,,,,,,,,,,,,,,,,,,,,3.25,4.65,6.05,4.65,2,2.9,18,0.5,0.8,0.0,2.3,3.29,4.28,3.29,2,2.05,18,0.5,0.8,0.0,2.3,3.29,4.28,3.29,2,2.05,18,0.5,0.8,0.0,1014.7,1014.7,1014.7,1014.7,2,0.0,18,0.5,0.8,0.0,,,,,,,,,,,,,,,,,,,,,,,,,,,,,,,,,,,,,,,,,,,,,,,,,,,,,,,,,,,,,,,,,,,,,,,,,,,,,,,,,,,,,,,,,,,,,,,,,,,,,,,,,,,,,,,,,,,,,,,,,,,,,,,,,,,,,,,,,,,,,,,,,,,,,,
1905,6,354.0,34.0,,,,,,,,,,,,,,,,,,,,,,,,,,,,,,,,,,,,,,,,1.0,3.6,7.98,4.38,42,3.39,14,0.5,0.4,0.6,0.71,2.6,7.62,3.6,42,3.72,14,0.5,0.4,0.6,-0.71,0.0,2.11,0.5,42,1.96,14,0.5,0.4,0.6,1013.4,1015.8,1017.49,1015.97,13,2.39,18,0.5,0.3,0.7,,,,,,,,,,,,,,,,,,,,,,,,,,,,,,,,,,,,,,,,,,,,,,,,,,,,,,,,,,,,,,,,,,,,,,,,,,,,,,,,,,,,,,,,,,,,,,,,,,,,,,,,,,,,,,,,,,,,,,,,,,,,,,,,,,,,,,,,,,,,,,,,,,,,,,
1905,6,354.0,36.0,,,,,,,,,,,,,,,,,,,,,,,,,,,,,,,,,,,,,,,,2.6,4.6,9.3,5.41,154,3.54,16,0.5,0.7,0.1,-0.51,4.23,9.09,3.57,154,4.98,16,0.5,0.7,0.1,-0.71,0.0,2.51,0.45,154,2.04,16,0.5,0.7,0.1,1011.5,1015.1,1017.53,1014.78,51,2.96,16,0.5,0.6,0.2,,,,,,,,,,,,,,,,,,,,,,,,,,,,,,,,,,,,,,,,,,,,,,,,,,,,,,,,,,,,,,,,,,,,,,,,,,,,,,,,,,,,,,,,,,,,,,,,,,,,,,,,,,,,,,,,,,,,,,,,,,,,,,,,,,,,,,,,,,,,,,,,,,,,,,
1905,6,354.0,42.0,,,,,,,,,,,,,,,,,,,,,,,,,,,,,,,,,,,,,,,,1.0,1.8,6.7,3.17,6,2.81,12,0.5,0.8,0.5,-0.71,1.27,6.31,2.34,6,3.33,12,0.5,0.8,0.5,-1.08,-0.35,0.94,-0.23,6,1.47,12,0.5,0.8,0.5,1007.75,1007.8,1008.22,1007.98,4,0.42,14,0.8,0.8,0.5,,,,,,,,,,,,,,,,,,,,,,,,,,,,,,,,,,,,,,,,,,,,,,,,,,,,,,,,,,,,,,,,,,,,,,,,,,,,,,,,,,,,,,,,,,,,,,,,,,,,,,,,,,,,,,,,,,,,,,,,,,,,,,,,,,,,,,,,,,,,,,,,,,,,,,
1905,6,354.0,44.0,,,,,,,,,,,,,,,,,,,,,,,,,,,,,,,,,,,,,,,,1.0,4.6,7.32,4.4,31,2.98,12,0.5,0.8,0.5,-3.25,-0.93,4.74,-0.17,31,4.09,12,0.5,0.8,0.5,-4.74,-0.37,2.51,-0.91,31,3.36,12,0.5,0.8,0.5,1012.96,1013.1,1013.24,1013.1,2,0.28,6,1.0,0.5,0.5,,,,,,,,,,,,,,,,,,,,,,,,,,,,,,,,,,,,,,,,,,,,,,,,,,,,,,,,,,,,,,,,,,,,,,,,,,,,,,,,,,,,,,,,,,,,,,,,,,,,,,,,,,,,,,,,,,,,,,,,,,,,,,,,,,,,,,,,,,,,,,,,,,,,,,
1905,6,354.0,46.0,,,,,,,,,,,,,,,,,,,,,,,,,,,,,,,,,,,,,,,,2.24,4.6,6.7,4.54,113,2.79,14,0.6,0.5,0.5,-2.6,0.71,4.74,1.01,113,3.33,14,0.6,0.5,0.5,-4.27,0.0,4.63,-0.19,113,4.05,14,0.6,0.5,0.5,1006.03,1012.05,1023.9,1013.67,22,7.94,14,0.6,0.5,0.6,,,,,,,,,,,,,,,,,,,,,,,,,,,,,,,,,,,,,,,,,,,,,,,,,,,,,,,,,,,,,,,,,,,,,,,,,,,,,,,,,,,,,,,,,,,,,,,,,,,,,,,,,,,,,,,,,,,,,,,,,,,,,,,,,,,,,,,,,,,,,,,,,,,,,,
1905,6,354.0,48.0,,,,,,,,,,,,,,,,,,,,,,,,,,,,,,,,,,,,,,,,1.0,4.6,6.7,4.43,383,2.63,16,0.7,0.6,0.2,-3.25,0.0,3.25,0.13,383,3.26,16,0.7,0.6,0.2,-3.25,0.0,4.6,0.23,383,3.99,16,0.7,0.6,0.2,1006.42,1013.9,1021.34,1014.03,98,7.59,16,0.7,0.6,0.3,,,,,,,,,,,,,,,,,,,,,,,,,,,,,,,,,,,,,,,,,,,,,,,,,,,,,,,,,,,,,,,,,,,,,,,,,,,,,,,,,,,,,,,,,,,,,,,,,,,,,,,,,,,,,,,,,,,,,,,,,,,,,,,,,,,,,,,,,,,,,,,,,,,,,,
1905,6,354.0,50.0,,,,,,,,,,,,,,,,,,,,,,,,,,,,,,,,,,,,,,,,1.0,2.6,6.7,3.76,62,2.49,18,0.7,0.9,0.2,-4.37,0.0,2.02,-0.66,62,3.27,18,0.7,0.9,0.2,-2.6,0.0,3.37,0.07,62,3.07,18,0.7,0.9,0.2,1007.98,1014.0,1026.0,1015.58,12,8.96,18,0.8,1.0,0.0,,,,,,,,,,,,,,,,,,,,,,,,,,,,,,,,,,,,,,,,,,,,,,,,,,,,,,,,,,,,,,,,,,,,,,,,,,,,,,,,,,,,,,,,,,,,,,,,,,,,,,,,,,,,,,,,,,,,,,,,,,,,,,,,,,,,,,,,,,,,,,,,,,,,,,
1905,6,356.0,-40.0,,,,,,,,,,,,,,,,,,,,,,,,,,,,,,,,,,,,,,,,12.3,15.65,22.6,16.85,6,5.15,12,0.2,0.5,0.8,-1.82,2.4,5.35,1.37,6,5.8,12,0.2,0.5,0.8,-21.17,-0.49,12.6,-2.59,6,17.98,12,0.2,0.5,0.8,1007.38,1010.25,1013.82,1010.48,6,3.32,12,0.2,0.5,0.8,,,,,,,,,,,,,,,,,,,,,,,,,,,,,,,,,,,,,,,,,,,,,,,,,,,,,,,,,,,,,,,,,,,,,,,,,,,,,,,,,,,,,,,,,,,,,,,,,,,,,,,,,,,,,,,,,,,,,,,,,,,,,,,,,,,,,,,,,,,,,,,,,,,,,,
1905,6,356.0,-38.0,,,,,,,,,,,,,,,,,,,,,,,,,,,,,,,,,,,,,,,,12.3,12.3,12.3,12.3,3,0.0,16,0.7,0.4,0.3,4.81,4.81,4.81,4.81,3,0.0,16,0.7,0.4,0.3,11.32,11.32,11.32,11.32,3,0.0,16,0.7,0.4,0.3,1028.66,1028.8,1029.82,1029.23,3,0.93,16,0.7,0.4,0.3,,,,,,,,,,,,,,,,,,,,,,,,,,,,,,,,,,,,,,,,,,,,,,,,,,,,,,,,,,,,,,,,,,,,,,,,,,,,,,,,,,,,,,,,,,,,,,,,,,,,,,,,,,,,,,,,,,,,,,,,,,,,,,,,,,,,,,,,,,,,,,,,,,,,,,
1905,6,356.0,-36.0,,,,,,,,,,,,,,,,,,,,,,,,,,,,,,,,,,,,,,,,6.84,10.8,12.3,9.63,4,3.64,14,0.0,0.6,0.3,3.23,6.71,10.08,6.66,4,4.22,14,0.0,0.6,0.3,3.84,4.42,8.13,5.91,4,3.64,14,0.0,0.6,0.3,1015.19,1019.65,1024.85,1020.0,4,5.61,14,0.0,0.6,0.3,,,,,,,,,,,,,,,,,,,,,,,,,,,,,,,,,,,,,,,,,,,,,,,,,,,,,,,,,,,,,,,,,,,,,,,,,,,,,,,,,,,,,,,,,,,,,,,,,,,,,,,,,,,,,,,,,,,,,,,,,,,,,,,,,,,,,,,,,,,,,,,,,,,,,,
1905,6,356.0,-18.0,,,,,,,,,,,,,,,,,,,,,,,,,,,,,,,,,,,,,,,,4.93,5.65,6.37,5.65,2,1.48,30,0.5,1.0,0.5,-4.5,-4.0,-3.49,-4.0,2,1.05,30,0.5,1.0,0.5,3.49,4.0,4.5,4.0,2,1.05,30,0.5,1.0,0.5,1020.5,1020.7,1020.9,1020.7,2,0.42,30,0.5,1.0,0.5,,,,,,,,,,,,,,,,,,,,,,,,,,,,,,,,,,,,,,,,,,,,,,,,,,,,,,,,,,,,,,,,,,,,,,,,,,,,,,,,,,,,,,,,,,,,,,,,,,,,,,,,,,,,,,,,,,,,,,,,,,,,,,,,,,,,,,,,,,,,,,,,,,,,,,
1905,6,356.0,-4.0,,,,,,,,,,,,,,,,,,,,,,,,,,,,,,,,,,,,,,,,4.6,4.6,6.7,4.91,14,1.37,14,0.5,0.8,0.8,-4.71,-3.25,-1.07,-2.99,14,1.66,14,0.5,0.8,0.8,1.87,3.25,4.74,3.53,14,1.43,14,0.5,0.8,0.8,1011.73,1013.25,1015.1,1013.33,6,1.7,10,0.2,0.8,0.8,,,,,,,,,,,,,,,,,,,,,,,,,,,,,,,,,,,,,,,,,,,,,,,,,,,,,,,,,,,,,,,,,,,,,,,,,,,,,,,,,,,,,,,,,,,,,,,,,,,,,,,,,,,,,,,,,,,,,,,,,,,,,,,,,,,,,,,,,,,,,,,,,,,,,,
1905,6,356.0,-2.0,,,,,,,,,,,,,,,,,,,,,,,,,,,,,,,,,,,,,,,,4.6,4.6,4.6,4.6,2,0.0,28,1.0,0.3,0.3,-1.72,-1.72,-1.72,-1.72,2,0.0,28,1.0,0.3,0.3,4.27,4.27,4.27,4.27,2,0.0,28,1.0,0.3,0.3,1015.16,1015.3,1015.44,1015.3,2,0.28,28,1.0,0.3,0.3,,,,,,,,,,,,,,,,,,,,,,,,,,,,,,,,,,,,,,,,,,,,,,,,,,,,,,,,,,,,,,,,,,,,,,,,,,,,,,,,,,,,,,,,,,,,,,,,,,,,,,,,,,,,,,,,,,,,,,,,,,,,,,,,,,,,,,,,,,,,,,,,,,,,,,
1905,6,356.0,2.0,,,,,,,,,,,,,,,,,,,,,,,,,,,,,,,,,,,,,,,,5.27,6.7,8.47,6.87,3,2.35,18,0.3,0.8,0.5,0.0,0.0,0.0,0.0,3,0.0,18,0.3,0.8,0.5,5.27,6.7,8.47,6.87,3,2.35,18,0.3,0.8,0.5,1013.03,1014.4,1015.42,1014.23,3,1.76,18,0.3,0.8,0.5,,,,,,,,,,,,,,,,,,,,,,,,,,,,,,,,,,,,,,,,,,,,,,,,,,,,,,,,,,,,,,,,,,,,,,,,,,,,,,,,,,,,,,,,,,,,,,,,,,,,,,,,,,,,,,,,,,,,,,,,,,,,,,,,,,,,,,,,,,,,,,,,,,,,,,
1905,6,356.0,4.0,,,,,,,,,,,,,,,,,,,,,,,,,,,,,,,,,,,,,,,,2.6,2.6,2.6,2.6,1,0.0,18,1.0,0.5,0.0,1.84,1.84,1.84,1.84,1,0.0,18,1.0,0.5,0.0,1.84,1.84,1.84,1.84,1,0.0,18,1.0,0.5,0.0,1014.9,1014.9,1014.9,1014.9,1,0.0,18,1.0,0.5,0.0,,,,,,,,,,,,,,,,,,,,,,,,,,,,,,,,,,,,,,,,,,,,,,,,,,,,,,,,,,,,,,,,,,,,,,,,,,,,,,,,,,,,,,,,,,,,,,,,,,,,,,,,,,,,,,,,,,,,,,,,,,,,,,,,,,,,,,,,,,,,,,,,,,,,,,
1905,6,356.0,36.0,,,,,,,,,,,,,,,,,,,,,,,,,,,,,,,,,,,,,,,,1.0,4.6,9.3,5.61,198,4.38,14,0.4,0.7,0.1,0.0,4.27,9.3,4.41,198,5.25,14,0.4,0.7,0.1,0.0,0.0,2.33,0.45,198,1.89,14,0.4,0.7,0.1,1011.1,1013.5,1016.2,1013.64,59,2.85,18,0.5,0.6,0.2,,,,,,,,,,,,,,,,,,,,,,,,,,,,,,,,,,,,,,,,,,,,,,,,,,,,,,,,,,,,,,,,,,,,,,,,,,,,,,,,,,,,,,,,,,,,,,,,,,,,,,,,,,,,,,,,,,,,,,,,,,,,,,,,,,,,,,,,,,,,,,,,,,,,,,
1905,6,356.0,42.0,,,,,,,,,,,,,,,,,,,,,,,,,,,,,,,,,,,,,,,,1.0,2.6,9.14,4.09,14,3.32,12,0.5,0.4,0.6,-2.59,-0.35,6.33,0.83,14,4.12,12,0.5,0.4,0.6,-4.5,0.0,1.77,-0.63,14,3.29,12,0.5,0.4,0.6,1006.46,1006.6,1010.29,1008.33,3,3.18,14,0.7,0.5,0.5,,,,,,,,,,,,,,,,,,,,,,,,,,,,,,,,,,,,,,,,,,,,,,,,,,,,,,,,,,,,,,,,,,,,,,,,,,,,,,,,,,,,,,,,,,,,,,,,,,,,,,,,,,,,,,,,,,,,,,,,,,,,,,,,,,,,,,,,,,,,,,,,,,,,,,
1905,6,356.0,44.0,,,,,,,,,,,,,,,,,,,,,,,,,,,,,,,,,,,,,,,,1.0,2.6,6.7,3.51,17,3.0,14,0.6,0.4,0.3,-0.33,1.8,5.13,1.64,17,3.2,14,0.6,0.4,0.3,-3.71,0.0,1.0,-1.13,17,2.75,14,0.6,0.4,0.3,1006.57,1012.2,1012.61,1010.66,7,3.0,12,0.3,0.5,0.5,,,,,,,,,,,,,,,,,,,,,,,,,,,,,,,,,,,,,,,,,,,,,,,,,,,,,,,,,,,,,,,,,,,,,,,,,,,,,,,,,,,,,,,,,,,,,,,,,,,,,,,,,,,,,,,,,,,,,,,,,,,,,,,,,,,,,,,,,,,,,,,,,,,,,,
1905,6,356.0,46.0,,,,,,,,,,,,,,,,,,,,,,,,,,,,,,,,,,,,,,,,2.6,2.6,2.6,2.6,1,0.0,28,0.0,0.8,0.8,2.41,2.41,2.41,2.41,1,0.0,28,0.0,0.8,0.8,0.97,0.97,0.97,0.97,1,0.0,28,0.0,0.8,0.8,1016.6,1016.6,1016.6,1016.6,1,0.0,28,0.0,0.8,0.8,,,,,,,,,,,,,,,,,,,,,,,,,,,,,,,,,,,,,,,,,,,,,,,,,,,,,,,,,,,,,,,,,,,,,,,,,,,,,,,,,,,,,,,,,,,,,,,,,,,,,,,,,,,,,,,,,,,,,,,,,,,,,,,,,,,,,,,,,,,,,,,,,,,,,,
1905,6,356.0,48.0,,,,,,,,,,,,,,,,,,,,,,,,,,,,,,,,,,,,,,,,1.0,4.6,6.7,4.47,255,3.06,16,0.6,0.7,0.5,-4.26,0.0,3.25,-0.36,255,3.56,16,0.6,0.7,0.5,-4.26,0.0,2.62,-0.66,255,4.02,16,0.6,0.7,0.5,1007.89,1012.8,1021.42,1014.51,51,6.75,16,0.6,0.7,0.5,,,,,,,,,,,,,,,,,,,,,,,,,,,,,,,,,,,,,,,,,,,,,,,,,,,,,,,,,,,,,,,,,,,,,,,,,,,,,,,,,,,,,,,,,,,,,,,,,,,,,,,,,,,,,,,,,,,,,,,,,,,,,,,,,,,,,,,,,,,,,,,,,,,,,,
1905,6,356.0,50.0,,,,,,,,,,,,,,,,,,,,,,,,,,,,,,,,,,,,,,,,1.0,2.6,6.7,4.08,88,2.92,16,0.6,0.8,0.0,-4.24,0.0,2.6,-0.56,88,3.47,16,0.6,0.8,0.0,-4.24,0.0,2.6,-0.47,88,3.57,16,0.6,0.8,0.0,1009.0,1012.5,1026.72,1016.36,28,8.26,20,0.6,0.8,0.0,,,,,,,,,,,,,,,,,,,,,,,,,,,,,,,,,,,,,,,,,,,,,,,,,,,,,,,,,,,,,,,,,,,,,,,,,,,,,,,,,,,,,,,,,,,,,,,,,,,,,,,,,,,,,,,,,,,,,,,,,,,,,,,,,,,,,,,,,,,,,,,,,,,,,,
1905,6,358.0,-40.0,,,,,,,,,,,,,,,,,,,,,,,,,,,,,,,,,,,,,,,,6.43,12.3,22.6,12.47,7,8.29,18,0.6,0.3,0.8,0.88,4.74,5.9,3.9,7,2.93,18,0.6,0.3,0.8,-21.03,-0.39,6.41,-5.14,7,13.89,18,0.6,0.3,0.8,1008.01,1012.2,1013.01,1011.06,7,2.73,18,0.6,0.3,0.8,,,,,,,,,,,,,,,,,,,,,,,,,,,,,,,,,,,,,,,,,,,,,,,,,,,,,,,,,,,,,,,,,,,,,,,,,,,,,,,,,,,,,,,,,,,,,,,,,,,,,,,,,,,,,,,,,,,,,,,,,,,,,,,,,,,,,,,,,,,,,,,,,,,,,,
1905,6,358.0,-38.0,,,,,,,,,,,,,,,,,,,,,,,,,,,,,,,,,,,,,,,,4.95,10.8,12.3,8.73,4,5.34,14,0.5,0.5,0.3,1.53,4.22,4.81,3.22,4,2.46,14,0.5,0.5,0.3,4.56,9.94,11.32,8.03,4,4.91,14,0.5,0.5,0.3,1017.11,1028.2,1028.65,1023.13,4,10.49,14,0.5,0.5,0.3,,,,,,,,,,,,,,,,,,,,,,,,,,,,,,,,,,,,,,,,,,,,,,,,,,,,,,,,,,,,,,,,,,,,,,,,,,,,,,,,,,,,,,,,,,,,,,,,,,,,,,,,,,,,,,,,,,,,,,,,,,,,,,,,,,,,,,,,,,,,,,,,,,,,,,
1905,6,358.0,-36.0,,,,,,,,,,,,,,,,,,,,,,,,,,,,,,,,,,,,,,,,2.6,4.6,11.49,6.4,9,4.0,10,0.6,0.5,0.3,-2.54,1.8,10.65,2.54,9,6.47,10,0.6,0.5,0.3,0.27,3.48,4.51,2.45,9,2.49,10,0.6,0.5,0.3,1018.31,1027.8,1028.62,1024.53,9,5.34,10,0.6,0.5,0.3,,,,,,,,,,,,,,,,,,,,,,,,,,,,,,,,,,,,,,,,,,,,,,,,,,,,,,,,,,,,,,,,,,,,,,,,,,,,,,,,,,,,,,,,,,,,,,,,,,,,,,,,,,,,,,,,,,,,,,,,,,,,,,,,,,,,,,,,,,,,,,,,,,,,,,
1905,6,358.0,-20.0,,,,,,,,,,,,,,,,,,,,,,,,,,,,,,,,,,,,,,,,3.55,5.65,6.7,5.15,4,1.97,30,0.3,1.0,0.9,-4.74,-4.0,-2.51,-3.64,4,1.39,30,0.3,1.0,0.9,2.51,4.0,4.74,3.64,4,1.39,30,0.3,1.0,0.9,1020.25,1020.65,1021.31,1020.78,4,0.66,30,0.3,1.0,0.9,,,,,,,,,,,,,,,,,,,,,,,,,,,,,,,,,,,,,,,,,,,,,,,,,,,,,,,,,,,,,,,,,,,,,,,,,,,,,,,,,,,,,,,,,,,,,,,,,,,,,,,,,,,,,,,,,,,,,,,,,,,,,,,,,,,,,,,,,,,,,,,,,,,,,,
1905,6,358.0,-18.0,,,,,,,,,,,,,,,,,,,,,,,,,,,,,,,,,,,,,,,,6.7,6.7,6.7,6.7,2,0.0,30,1.0,0.5,0.5,-4.74,-4.74,-4.74,-4.74,2,0.0,30,1.0,0.5,0.5,4.74,4.74,4.74,4.74,2,0.0,30,1.0,0.5,0.5,1021.2,1021.2,1021.2,1021.2,2,0.0,30,1.0,0.5,0.5,,,,,,,,,,,,,,,,,,,,,,,,,,,,,,,,,,,,,,,,,,,,,,,,,,,,,,,,,,,,,,,,,,,,,,,,,,,,,,,,,,,,,,,,,,,,,,,,,,,,,,,,,,,,,,,,,,,,,,,,,,,,,,,,,,,,,,,,,,,,,,,,,,,,,,
1905,6,358.0,-8.0,,,,,,,,,,,,,,,,,,,,,,,,,,,,,,,,,,,,,,,,7.53,9.3,9.3,8.43,3,1.5,8,0.3,1.0,1.0,-5.39,-3.63,-1.15,-3.28,3,3.12,8,0.3,1.0,1.0,4.43,8.56,9.07,6.79,3,3.73,8,0.3,1.0,1.0,1013.6,1013.6,1013.6,1013.6,2,0.0,2,0.0,1.0,1.0,,,,,,,,,,,,,,,,,,,,,,,,,,,,,,,,,,,,,,,,,,,,,,,,,,,,,,,,,,,,,,,,,,,,,,,,,,,,,,,,,,,,,,,,,,,,,,,,,,,,,,,,,,,,,,,,,,,,,,,,,,,,,,,,,,,,,,,,,,,,,,,,,,,,,,
1905,6,358.0,-6.0,,,,,,,,,,,,,,,,,,,,,,,,,,,,,,,,,,,,,,,,4.6,6.7,8.19,6.18,10,2.13,12,0.5,0.6,0.7,-6.42,-4.74,-3.25,-4.77,10,1.64,12,0.5,0.6,0.7,2.13,3.25,5.79,3.77,10,1.8,12,0.5,0.6,0.7,1013.19,1014.0,1015.04,1014.08,5,1.28,12,1.0,0.5,0.6,,,,,,,,,,,,,,,,,,,,,,,,,,,,,,,,,,,,,,,,,,,,,,,,,,,,,,,,,,,,,,,,,,,,,,,,,,,,,,,,,,,,,,,,,,,,,,,,,,,,,,,,,,,,,,,,,,,,,,,,,,,,,,,,,,,,,,,,,,,,,,,,,,,,,,
1905,6,358.0,2.0,,,,,,,,,,,,,,,,,,,,,,,,,,,,,,,,,,,,,,,,5.27,6.7,6.7,6.0,3,1.21,18,0.7,0.7,0.5,0.0,0.0,0.0,0.0,3,0.0,18,0.7,0.7,0.5,5.27,6.7,6.7,6.0,3,1.21,18,0.7,0.7,0.5,1013.26,1013.6,1015.44,1014.33,3,1.72,18,0.7,0.7,0.5,,,,,,,,,,,,,,,,,,,,,,,,,,,,,,,,,,,,,,,,,,,,,,,,,,,,,,,,,,,,,,,,,,,,,,,,,,,,,,,,,,,,,,,,,,,,,,,,,,,,,,,,,,,,,,,,,,,,,,,,,,,,,,,,,,,,,,,,,,,,,,,,,,,,,,
1905,6,358.0,36.0,,,,,,,,,,,,,,,,,,,,,,,,,,,,,,,,,,,,,,,,1.0,4.6,6.7,4.69,186,3.33,16,0.5,0.6,0.3,-1.84,1.84,6.58,2.66,186,4.22,16,0.5,0.6,0.3,-1.47,1.01,4.02,1.29,186,2.57,16,0.5,0.6,0.3,1010.7,1013.4,1016.23,1013.4,62,2.79,16,0.4,0.5,0.4,,,,,,,,,,,,,,,,,,,,,,,,,,,,,,,,,,,,,,,,,,,,,,,,,,,,,,,,,,,,,,,,,,,,,,,,,,,,,,,,,,,,,,,,,,,,,,,,,,,,,,,,,,,,,,,,,,,,,,,,,,,,,,,,,,,,,,,,,,,,,,,,,,,,,,
1905,6,358.0,38.0,,,,,,,,,,,,,,,,,,,,,,,,,,,,,,,,,,,,,,,,0.06,1.8,4.6,2.31,14,2.11,14,0.3,0.9,0.1,-0.66,0.0,1.84,0.34,14,1.76,14,0.3,0.9,0.1,-1.79,0.0,1.84,-0.01,14,2.64,14,0.3,0.9,0.1,1008.66,1010.75,1012.26,1010.48,4,2.16,18,0.5,0.8,0.3,,,,,,,,,,,,,,,,,,,,,,,,,,,,,,,,,,,,,,,,,,,,,,,,,,,,,,,,,,,,,,,,,,,,,,,,,,,,,,,,,,,,,,,,,,,,,,,,,,,,,,,,,,,,,,,,,,,,,,,,,,,,,,,,,,,,,,,,,,,,,,,,,,,,,,
1905,6,358.0,48.0,,,,,,,,,,,,,,,,,,,,,,,,,,,,,,,,,,,,,,,,1.0,2.6,6.7,3.83,50,2.92,14,0.6,0.6,0.5,-3.25,0.0,0.97,-0.32,50,3.07,14,0.6,0.6,0.5,-4.37,0.0,2.41,-1.01,50,3.59,14,0.6,0.6,0.5,1008.81,1012.2,1021.87,1014.0,15,6.12,14,0.5,0.7,0.5,,,,,,,,,,,,,,,,,,,,,,,,,,,,,,,,,,,,,,,,,,,,,,,,,,,,,,,,,,,,,,,,,,,,,,,,,,,,,,,,,,,,,,,,,,,,,,,,,,,,,,,,,,,,,,,,,,,,,,,,,,,,,,,,,,,,,,,,,,,,,,,,,,,,,,
1905,6,358.0,50.0,,,,,,,,,,,,,,,,,,,,,,,,,,,,,,,,,,,,,,,,1.0,4.6,6.7,4.15,231,2.6,14,0.8,0.8,0.0,-3.86,0.0,2.55,-0.48,231,3.28,14,0.8,0.8,0.0,-4.6,0.0,2.55,-0.97,231,3.47,14,0.8,0.8,0.0,1008.0,1011.6,1020.0,1013.63,53,6.47,18,0.8,0.7,0.0,,,,,,,,,,,,,,,,,,,,,,,,,,,,,,,,,,,,,,,,,,,,,,,,,,,,,,,,,,,,,,,,,,,,,,,,,,,,,,,,,,,,,,,,,,,,,,,,,,,,,,,,,,,,,,,,,,,,,,,,,,,,,,,,,,,,,,,,,,,,,,,,,,,,,,
