Year,Month,Running Month,Longitude,Latitude,S-S1,S-Median,S-S5,S-Mean,S-Observation number,S-Standard deviation,S-Mean day of the month,S-Fraction of daylight observations,A-S1,A-Median,A-S5,A-Mean,A-Observation number,A-Standard deviation,A-Mean day of the month,A-Fraction of daylight observations,Q-S1,Q-Median,Q-S5,Q-Mean,Q-Observation number,Q-Standard deviation,Q-Mean day of the month,Q-Fraction of daylight observations,R-S1_x,R-Median_x,R-S5_x,R-Mean_x,R-Observation number_x,R-Standard deviation_x,R-Mean day of the month_x,R-Fraction of daylight observations_x,W-S1,W-Median,W-S5,W-Mean,W-Observation number,W-Standard deviation,W-Mean day of the month,W-Fraction of daylight observations,U-S1,U-Median,U-S5,U-Mean,U-Observation number,U-Standard deviation,U-Mean day of the month,U-Fraction of daylight observations,V-S1,V-Median,V-S5,V-Mean,V-Observation number,V-Standard deviation,V-Mean day of the month,V-Fraction of daylight observations,P-S1,P-Median,P-S5,P-Mean,P-Observation number,P-Standard deviation,P-Mean day of the month,P-Fraction of daylight observations,C-S1,C-Median,C-S5,C-Mean,C-Observation number,C-Standard deviation,C-Mean day of the month,C-Fraction of daylight observations,R-S1_y,R-Median_y,R-S5_y,R-Mean_y,R-Observation number_y,R-Standard deviation_y,R-Mean day of the month_y,R-Fraction of daylight observations_y,X=W*U-S1,X=W*U-Median,X=W*U-S5,X=W*U-Mean,X=W*U-Observation number,X=W*U-Standard deviation,X=W*U-Mean day of the month,X=W*U-Fraction of daylight observations,Y=W*V-S1,Y=W*V-Median,Y=W*V-S5,Y=W*V-Mean,Y=W*V-Observation number,Y=W*V-Standard deviation,Y=W*V-Mean day of the month,Y=W*V-Fraction of daylight observations,D=S-A-S1,D=S-A-Median,D=S-A-S5,D=S-A-Mean,D=S-A-Observation number,D=S-A-Standard deviation,D=S-A-Mean day of the month,D=S-A-Fraction of daylight observations,E=(S-A)*W-S1,E=(S-A)*W-Median,E=(S-A)*W-S5,E=(S-A)*W-Mean,E=(S-A)*W-Observation number,E=(S-A)*W-Standard deviation,E=(S-A)*W-Mean day of the month,E=(S-A)*W-Fraction of daylight observations,F=QS-Q-S1,F=QS-Q-Median,F=QS-Q-S5,F=QS-Q-Mean,F=QS-Q-Observation number,F=QS-Q-Standard deviation,F=QS-Q-Mean day of the month,F=QS-Q-Fraction of daylight observations,G=(QS-Q)*W-S1,G=(QS-Q)*W-Median,G=(QS-Q)*W-S5,G=(QS-Q)*W-Mean,G=(QS-Q)*W-Observation number,G=(QS-Q)*W-Standard deviation,G=(QS-Q)*W-Mean day of the month,G=(QS-Q)*W-Fraction of daylight observations,I=U*A-S1,I=U*A-Median,I=U*A-S5,I=U*A-Mean,I=U*A-Observation number,I=U*A-Standard deviation,I=U*A-Mean day of the month,I=U*A-Fraction of daylight observations,J=V*A-S1,J=V*A-Median,J=V*A-S5,J=V*A-Mean,J=V*A-Observation number,J=V*A-Standard deviation,J=V*A-Mean day of the month,J=V*A-Fraction of daylight observations,K=U*Q-S1,K=U*Q-Median,K=U*Q-S5,K=U*Q-Mean,K=U*Q-Observation number,K=U*Q-Standard deviation,K=U*Q-Mean day of the month,K=U*Q-Fraction of daylight observations,L=V*Q-S1,L=V*Q-Median,L=V*Q-S5,L=V*Q-Mean,L=V*Q-Observation number,L=V*Q-Standard deviation,L=V*Q-Mean day of the month,L=V*Q-Fraction of daylight observations,M=(QS-Q)*U-S1,M=(QS-Q)*U-Median,M=(QS-Q)*U-S5,M=(QS-Q)*U-Mean,M=(QS-Q)*U-Observation number,M=(QS-Q)*U-Standard deviation,M=(QS-Q)*U-Mean day of the month,M=(QS-Q)*U-Fraction of daylight observations,N=(QS-Q)*V-S1,N=(QS-Q)*V-Median,N=(QS-Q)*V-S5,N=(QS-Q)*V-Mean,N=(QS-Q)*V-Observation number,N=(QS-Q)*V-Standard deviation,N=(QS-Q)*V-Mean day of the month,N=(QS-Q)*V-Fraction of daylight observations,B1=W*W*W-S1,B1=W*W*W-Median,B1=W*W*W-S5,B1=W*W*W-Mean,B1=W*W*W-Observation number,B1=W*W*W-Standard deviation,B1=W*W*W-Mean day of the month,B1=W*W*W-Fraction of daylight observations,B2=W*W*W-S1,B2=W*W*W-Median,B2=W*W*W-S5,B2=W*W*W-Mean,B2=W*W*W-Observation number,B2=W*W*W-Standard deviation,B2=W*W*W-Mean day of the month,B2=W*W*W-Fraction of daylight observations
1900,10,22810,-179.2,42.3,,,,,,,,,,,,,,,,,,,,,,,,,,,,,,,,,19.0,19.0,19.0,19.0,1.0,0.0,20.0,1.0,17.62,17.62,17.62,17.62,1.0,0.0,20.0,1.0,7.12,7.12,7.12,7.12,1.0,0.0,20.0,1.0,1002.0,1002.0,1002.0,1002.0,1.0,0.0,20.0,1.0,,,,,,,,,,,,,,,,,,,,,,,,,,,,,,,,,,,,,,,,,,,,,,,,,,,,,,,,,,,,,,,,,,,,,,,,,,,,,,,,,,,,,,,,,,,,,,,,,,,,,,,,,,,,,,,,,,,,,,,,,,,,,,,,
1900,10,22810,-179.2,44.8,,,,,,,,,,,,,,,,,,,,,,,,,,,,,,,,,12.3,12.3,12.3,12.3,1.0,0.0,16.0,1.0,4.81,4.81,4.81,4.81,1.0,0.0,16.0,1.0,11.32,11.32,11.32,11.32,1.0,0.0,16.0,1.0,1027.8,1027.8,1027.8,1027.8,1.0,0.0,16.0,1.0,,,,,,,,,,,,,,,,,,,,,,,,,,,,,,,,,,,,,,,,,,,,,,,,,,,,,,,,,,,,,,,,,,,,,,,,,,,,,,,,,,,,,,,,,,,,,,,,,,,,,,,,,,,,,,,,,,,,,,,,,,,,,,,,
1900,10,22810,-177.4,-49.6,,,,,,,,,,,,,,,,,,,,,,,,,,,,,,,,,10.25,12.3,12.3,11.3,3.0,1.73,8.0,1.0,3.62,11.4,11.4,7.6,3.0,6.58,8.0,1.0,-4.89,4.61,4.61,-0.03,3.0,8.03,8.0,1.0,995.9,995.9,995.9,995.9,1.0,0.0,6.0,1.0,,,,,,,,,,,,,,,,,,,,,,,,,,,,,,,,,,,,,,,,,,,,,,,,,,,,,,,,,,,,,,,,,,,,,,,,,,,,,,,,,,,,,,,,,,,,,,,,,,,,,,,,,,,,,,,,,,,,,,,,,,,,,,,,
1900,10,22810,-173.2,44.8,,,,,,,,,,,,,,,,,,,,,,,,,,,,,,,,,9.3,9.3,9.3,9.3,1.0,0.0,16.0,1.0,6.58,6.58,6.58,6.58,1.0,0.0,16.0,1.0,-6.58,-6.58,-6.58,-6.58,1.0,0.0,16.0,1.0,1023.1,1023.1,1023.1,1023.1,1.0,0.0,16.0,1.0,,,,,,,,,,,,,,,,,,,,,,,,,,,,,,,,,,,,,,,,,,,,,,,,,,,,,,,,,,,,,,,,,,,,,,,,,,,,,,,,,,,,,,,,,,,,,,,,,,,,,,,,,,,,,,,,,,,,,,,,,,,,,,,,
1900,10,22810,-171.7,42.8,,,,,,,,,,,,,,,,,,,,,,,,,,,,,,,,,15.4,15.4,15.4,15.4,1.0,0.0,20.0,1.0,10.89,10.89,10.89,10.89,1.0,0.0,20.0,1.0,-10.89,-10.89,-10.89,-10.89,1.0,0.0,20.0,1.0,1015.7,1015.7,1015.7,1015.7,1.0,0.0,20.0,1.0,,,,,,,,,,,,,,,,,,,,,,,,,,,,,,,,,,,,,,,,,,,,,,,,,,,,,,,,,,,,,,,,,,,,,,,,,,,,,,,,,,,,,,,,,,,,,,,,,,,,,,,,,,,,,,,,,,,,,,,,,,,,,,,,
1900,10,22810,-171.6,-49.6,,,,,,,,,,,,,,,,,,,,,,,,,,,,,,,,,7.94,9.55,11.11,9.53,4.0,2.3,8.0,0.5,7.94,9.46,10.91,9.42,4.0,2.2,8.0,0.5,0.0,0.93,2.12,1.05,4.0,1.23,8.0,0.5,992.2,992.2,992.2,992.2,1.0,0.0,6.0,1.0,,,,,,,,,,,,,,,,,,,,,,,,,,,,,,,,,,,,,,,,,,,,,,,,,,,,,,,,,,,,,,,,,,,,,,,,,,,,,,,,,,,,,,,,,,,,,,,,,,,,,,,,,,,,,,,,,,,,,,,,,,,,,,,,
1900,10,22810,-169.7,44.8,,,,,,,,,,,,,,,,,,,,,,,,,,,,,,,,,6.7,6.7,6.7,6.7,1.0,0.0,16.0,1.0,4.74,4.74,4.74,4.74,1.0,0.0,16.0,1.0,4.74,4.74,4.74,4.74,1.0,0.0,16.0,1.0,1024.8,1024.8,1024.8,1024.8,1.0,0.0,16.0,1.0,,,,,,,,,,,,,,,,,,,,,,,,,,,,,,,,,,,,,,,,,,,,,,,,,,,,,,,,,,,,,,,,,,,,,,,,,,,,,,,,,,,,,,,,,,,,,,,,,,,,,,,,,,,,,,,,,,,,,,,,,,,,,,,,
1900,10,22810,-167.7,48.8,,,,,,,,,,,,,,,,,,,,,,,,,,,,,,,,,9.3,9.3,9.3,9.3,1.0,0.0,2.0,1.0,-8.56,-8.56,-8.56,-8.56,1.0,0.0,2.0,1.0,3.63,3.63,3.63,3.63,1.0,0.0,2.0,1.0,1019.5,1019.5,1019.5,1019.5,1.0,0.0,2.0,1.0,,,,,,,,,,,,,,,,,,,,,,,,,,,,,,,,,,,,,,,,,,,,,,,,,,,,,,,,,,,,,,,,,,,,,,,,,,,,,,,,,,,,,,,,,,,,,,,,,,,,,,,,,,,,,,,,,,,,,,,,,,,,,,,,
1900,10,22810,-165.4,50.8,,,,,,,,,,,,,,,,,,,,,,,,,,,,,,,,,20.14,22.6,22.6,21.4,3.0,2.08,10.0,0.3,-2.57,20.8,21.75,9.85,3.0,20.18,10.0,0.3,-7.4,-4.31,7.8,0.1,3.0,11.77,10.0,0.3,1011.9,1011.9,1011.9,1011.9,1.0,0.0,2.0,1.0,,,,,,,,,,,,,,,,,,,,,,,,,,,,,,,,,,,,,,,,,,,,,,,,,,,,,,,,,,,,,,,,,,,,,,,,,,,,,,,,,,,,,,,,,,,,,,,,,,,,,,,,,,,,,,,,,,,,,,,,,,,,,,,,
1900,10,22810,-165.2,-47.2,,,,,,,,,,,,,,,,,,,,,,,,,,,,,,,,,6.7,6.7,6.7,6.7,1.0,0.0,8.0,1.0,6.21,6.21,6.21,6.21,1.0,0.0,8.0,1.0,2.51,2.51,2.51,2.51,1.0,0.0,8.0,1.0,1006.0,1006.0,1006.0,1006.0,1.0,0.0,8.0,1.0,,,,,,,,,,,,,,,,,,,,,,,,,,,,,,,,,,,,,,,,,,,,,,,,,,,,,,,,,,,,,,,,,,,,,,,,,,,,,,,,,,,,,,,,,,,,,,,,,,,,,,,,,,,,,,,,,,,,,,,,,,,,,,,,
1900,10,22810,-165.2,42.3,,,,,,,,,,,,,,,,,,,,,,,,,,,,,,,,,15.4,15.4,15.4,15.4,1.0,0.0,20.0,1.0,10.89,10.89,10.89,10.89,1.0,0.0,20.0,1.0,-10.89,-10.89,-10.89,-10.89,1.0,0.0,20.0,1.0,1030.1,1030.1,1030.1,1030.1,1.0,0.0,20.0,1.0,,,,,,,,,,,,,,,,,,,,,,,,,,,,,,,,,,,,,,,,,,,,,,,,,,,,,,,,,,,,,,,,,,,,,,,,,,,,,,,,,,,,,,,,,,,,,,,,,,,,,,,,,,,,,,,,,,,,,,,,,,,,,,,,
1900,10,22810,-163.2,44.8,,,,,,,,,,,,,,,,,,,,,,,,,,,,,,,,,19.0,19.0,19.0,19.0,1.0,0.0,18.0,1.0,17.62,17.62,17.62,17.62,1.0,0.0,18.0,1.0,7.12,7.12,7.12,7.12,1.0,0.0,18.0,1.0,1003.8,1003.8,1003.8,1003.8,1.0,0.0,18.0,1.0,,,,,,,,,,,,,,,,,,,,,,,,,,,,,,,,,,,,,,,,,,,,,,,,,,,,,,,,,,,,,,,,,,,,,,,,,,,,,,,,,,,,,,,,,,,,,,,,,,,,,,,,,,,,,,,,,,,,,,,,,,,,,,,,
1900,10,22810,-161.7,-51.7,,,,,,,,,,,,,,,,,,,,,,,,,,,,,,,,,15.4,15.4,15.4,15.4,1.0,0.0,4.0,1.0,-5.77,-5.77,-5.77,-5.77,1.0,0.0,4.0,1.0,14.28,14.28,14.28,14.28,1.0,0.0,4.0,1.0,994.1,994.1,994.1,994.1,1.0,0.0,4.0,1.0,,,,,,,,,,,,,,,,,,,,,,,,,,,,,,,,,,,,,,,,,,,,,,,,,,,,,,,,,,,,,,,,,,,,,,,,,,,,,,,,,,,,,,,,,,,,,,,,,,,,,,,,,,,,,,,,,,,,,,,,,,,,,,,,
1900,10,22810,-161.7,-45.7,,,,,,,,,,,,,,,,,,,,,,,,,,,,,,,,,4.6,4.6,4.6,4.6,1.0,0.0,8.0,1.0,4.6,4.6,4.6,4.6,1.0,0.0,8.0,1.0,0.0,0.0,0.0,0.0,1.0,0.0,8.0,1.0,1011.9,1011.9,1011.9,1011.9,1.0,0.0,8.0,1.0,,,,,,,,,,,,,,,,,,,,,,,,,,,,,,,,,,,,,,,,,,,,,,,,,,,,,,,,,,,,,,,,,,,,,,,,,,,,,,,,,,,,,,,,,,,,,,,,,,,,,,,,,,,,,,,,,,,,,,,,,,,,,,,,
1900,10,22810,-161.2,42.3,,,,,,,,,,,,,,,,,,,,,,,,,,,,,,,,,4.6,4.6,4.6,4.6,1.0,0.0,22.0,1.0,4.23,4.23,4.23,4.23,1.0,0.0,22.0,1.0,-1.8,-1.8,-1.8,-1.8,1.0,0.0,22.0,1.0,1039.4,1039.4,1039.4,1039.4,1.0,0.0,22.0,1.0,,,,,,,,,,,,,,,,,,,,,,,,,,,,,,,,,,,,,,,,,,,,,,,,,,,,,,,,,,,,,,,,,,,,,,,,,,,,,,,,,,,,,,,,,,,,,,,,,,,,,,,,,,,,,,,,,,,,,,,,,,,,,,,,
1900,10,22810,-159.7,-45.7,,,,,,,,,,,,,,,,,,,,,,,,,,,,,,,,,4.6,4.6,4.6,4.6,1.0,0.0,10.0,1.0,4.27,4.27,4.27,4.27,1.0,0.0,10.0,1.0,1.72,1.72,1.72,1.72,1.0,0.0,10.0,1.0,1019.3,1019.3,1019.3,1019.3,1.0,0.0,10.0,1.0,,,,,,,,,,,,,,,,,,,,,,,,,,,,,,,,,,,,,,,,,,,,,,,,,,,,,,,,,,,,,,,,,,,,,,,,,,,,,,,,,,,,,,,,,,,,,,,,,,,,,,,,,,,,,,,,,,,,,,,,,,,,,,,,
1900,10,22810,-159.2,42.8,,,,,,,,,,,,,,,,,,,,,,,,,,,,,,,,,6.7,6.7,6.7,6.7,1.0,0.0,22.0,1.0,4.74,4.74,4.74,4.74,1.0,0.0,22.0,1.0,4.74,4.74,4.74,4.74,1.0,0.0,22.0,1.0,1038.0,1038.0,1038.0,1038.0,1.0,0.0,22.0,1.0,,,,,,,,,,,,,,,,,,,,,,,,,,,,,,,,,,,,,,,,,,,,,,,,,,,,,,,,,,,,,,,,,,,,,,,,,,,,,,,,,,,,,,,,,,,,,,,,,,,,,,,,,,,,,,,,,,,,,,,,,,,,,,,,
1900,10,22810,-157.2,46.3,,,,,,,,,,,,,,,,,,,,,,,,,,,,,,,,,12.3,12.3,12.3,12.3,1.0,0.0,18.0,1.0,11.32,11.32,11.32,11.32,1.0,0.0,18.0,1.0,-4.81,-4.81,-4.81,-4.81,1.0,0.0,18.0,1.0,1006.4,1006.4,1006.4,1006.4,1.0,0.0,18.0,1.0,,,,,,,,,,,,,,,,,,,,,,,,,,,,,,,,,,,,,,,,,,,,,,,,,,,,,,,,,,,,,,,,,,,,,,,,,,,,,,,,,,,,,,,,,,,,,,,,,,,,,,,,,,,,,,,,,,,,,,,,,,,,,,,,
1900,10,22810,-155.7,-51.2,,,,,,,,,,,,,,,,,,,,,,,,,,,,,,,,,6.7,6.7,6.7,6.7,1.0,0.0,4.0,1.0,0.0,0.0,0.0,0.0,1.0,0.0,4.0,1.0,6.7,6.7,6.7,6.7,1.0,0.0,4.0,1.0,999.0,999.0,999.0,999.0,1.0,0.0,4.0,1.0,,,,,,,,,,,,,,,,,,,,,,,,,,,,,,,,,,,,,,,,,,,,,,,,,,,,,,,,,,,,,,,,,,,,,,,,,,,,,,,,,,,,,,,,,,,,,,,,,,,,,,,,,,,,,,,,,,,,,,,,,,,,,,,,
1900,10,22810,-153.2,42.8,,,,,,,,,,,,,,,,,,,,,,,,,,,,,,,,,19.0,19.0,19.0,19.0,1.0,0.0,24.0,1.0,13.44,13.44,13.44,13.44,1.0,0.0,24.0,1.0,13.44,13.44,13.44,13.44,1.0,0.0,24.0,1.0,1026.6,1026.6,1026.6,1026.6,1.0,0.0,24.0,1.0,,,,,,,,,,,,,,,,,,,,,,,,,,,,,,,,,,,,,,,,,,,,,,,,,,,,,,,,,,,,,,,,,,,,,,,,,,,,,,,,,,,,,,,,,,,,,,,,,,,,,,,,,,,,,,,,,,,,,,,,,,,,,,,,
1900,10,22810,-151.5,-51.4,,,,,,,,,,,,,,,,,,,,,,,,,,,,,,,,,1.76,7.45,12.3,7.05,4.0,6.1,8.0,1.0,0.44,2.87,4.81,2.63,4.0,2.54,8.0,1.0,1.43,6.96,11.32,6.4,4.0,5.75,8.0,1.0,1003.4,1003.4,1003.4,1003.4,1.0,0.0,6.0,1.0,,,,,,,,,,,,,,,,,,,,,,,,,,,,,,,,,,,,,,,,,,,,,,,,,,,,,,,,,,,,,,,,,,,,,,,,,,,,,,,,,,,,,,,,,,,,,,,,,,,,,,,,,,,,,,,,,,,,,,,,,,,,,,,,
1900,10,22810,-151.2,34.8,,,,,,,,,,,,,,,,,,,,,,,,,,,,,,,,,6.7,6.7,6.7,6.7,1.0,0.0,30.0,1.0,6.21,6.21,6.21,6.21,1.0,0.0,30.0,1.0,2.51,2.51,2.51,2.51,1.0,0.0,30.0,1.0,1022.9,1022.9,1022.9,1022.9,1.0,0.0,30.0,1.0,,,,,,,,,,,,,,,,,,,,,,,,,,,,,,,,,,,,,,,,,,,,,,,,,,,,,,,,,,,,,,,,,,,,,,,,,,,,,,,,,,,,,,,,,,,,,,,,,,,,,,,,,,,,,,,,,,,,,,,,,,,,,,,,
1900,10,22810,-151.2,46.3,,,,,,,,,,,,,,,,,,,,,,,,,,,,,,,,,12.3,12.3,12.3,12.3,1.0,0.0,20.0,1.0,11.4,11.4,11.4,11.4,1.0,0.0,20.0,1.0,4.61,4.61,4.61,4.61,1.0,0.0,20.0,1.0,1004.8,1004.8,1004.8,1004.8,1.0,0.0,20.0,1.0,,,,,,,,,,,,,,,,,,,,,,,,,,,,,,,,,,,,,,,,,,,,,,,,,,,,,,,,,,,,,,,,,,,,,,,,,,,,,,,,,,,,,,,,,,,,,,,,,,,,,,,,,,,,,,,,,,,,,,,,,,,,,,,,
1900,10,22810,-149.4,-51.5,,,,,,,,,,,,,,,,,,,,,,,,,,,,,,,,,10.73,12.3,12.3,11.55,4.0,1.5,10.0,0.5,0.0,2.4,4.81,2.4,4.0,2.77,10.0,0.5,-10.87,1.01,11.32,0.26,4.0,12.83,10.0,0.5,998.4,998.4,998.4,998.4,1.0,0.0,6.0,1.0,,,,,,,,,,,,,,,,,,,,,,,,,,,,,,,,,,,,,,,,,,,,,,,,,,,,,,,,,,,,,,,,,,,,,,,,,,,,,,,,,,,,,,,,,,,,,,,,,,,,,,,,,,,,,,,,,,,,,,,,,,,,,,,,
1900,10,22810,-147.7,20.8,,,,,,,,,,,,,,,,,,,,,,,,,,,,,,,,,0.0,0.0,0.0,0.0,1.0,0.0,18.0,0.0,0.0,0.0,0.0,0.0,1.0,0.0,18.0,0.0,0.0,0.0,0.0,0.0,1.0,0.0,18.0,0.0,1013.7,1013.7,1013.7,1013.7,1.0,0.0,18.0,0.0,,,,,,,,,,,,,,,,,,,,,,,,,,,,,,,,,,,,,,,,,,,,,,,,,,,,,,,,,,,,,,,,,,,,,,,,,,,,,,,,,,,,,,,,,,,,,,,,,,,,,,,,,,,,,,,,,,,,,,,,,,,,,,,,
1900,10,22810,-147.2,42.8,,,,,,,,,,,,,,,,,,,,,,,,,,,,,,,,,19.0,19.0,19.0,19.0,1.0,0.0,24.0,1.0,13.44,13.44,13.44,13.44,1.0,0.0,24.0,1.0,-13.44,-13.44,-13.44,-13.44,1.0,0.0,24.0,1.0,1023.5,1023.5,1023.5,1023.5,1.0,0.0,24.0,1.0,,,,,,,,,,,,,,,,,,,,,,,,,,,,,,,,,,,,,,,,,,,,,,,,,,,,,,,,,,,,,,,,,,,,,,,,,,,,,,,,,,,,,,,,,,,,,,,,,,,,,,,,,,,,,,,,,,,,,,,,,,,,,,,,
1900,10,22810,-145.7,36.3,,,,,,,,,,,,,,,,,,,,,,,,,,,,,,,,,4.6,4.6,4.6,4.6,1.0,0.0,30.0,1.0,4.6,4.6,4.6,4.6,1.0,0.0,30.0,1.0,0.0,0.0,0.0,0.0,1.0,0.0,30.0,1.0,1028.6,1028.6,1028.6,1028.6,1.0,0.0,30.0,1.0,,,,,,,,,,,,,,,,,,,,,,,,,,,,,,,,,,,,,,,,,,,,,,,,,,,,,,,,,,,,,,,,,,,,,,,,,,,,,,,,,,,,,,,,,,,,,,,,,,,,,,,,,,,,,,,,,,,,,,,,,,,,,,,,
1900,10,22810,-145.5,-47.5,,,,,,,,,,,,,,,,,,,,,,,,,,,,,,,,,7.11,8.0,8.89,8.0,2.0,1.84,16.0,1.0,-1.99,1.53,5.06,1.53,2.0,7.31,16.0,1.0,-7.2,-4.28,-1.36,-4.28,2.0,6.05,16.0,1.0,1017.1,1017.1,1017.1,1017.1,1.0,0.0,20.0,1.0,,,,,,,,,,,,,,,,,,,,,,,,,,,,,,,,,,,,,,,,,,,,,,,,,,,,,,,,,,,,,,,,,,,,,,,,,,,,,,,,,,,,,,,,,,,,,,,,,,,,,,,,,,,,,,,,,,,,,,,,,,,,,,,,
1900,10,22810,-143.7,46.3,,,,,,,,,,,,,,,,,,,,,,,,,,,,,,,,,9.3,9.3,9.3,9.3,1.0,0.0,20.0,1.0,9.3,9.3,9.3,9.3,1.0,0.0,20.0,1.0,0.0,0.0,0.0,0.0,1.0,0.0,20.0,1.0,1006.4,1006.4,1006.4,1006.4,1.0,0.0,20.0,1.0,,,,,,,,,,,,,,,,,,,,,,,,,,,,,,,,,,,,,,,,,,,,,,,,,,,,,,,,,,,,,,,,,,,,,,,,,,,,,,,,,,,,,,,,,,,,,,,,,,,,,,,,,,,,,,,,,,,,,,,,,,,,,,,,
1900,10,22810,-141.5,50.5,,,,,,,,,,,,,,,,,,,,,,,,,,,,,,,,,6.7,8.25,11.11,8.88,4.0,2.71,8.0,0.0,-6.21,0.55,6.64,0.23,4.0,7.42,8.0,0.0,-9.21,-4.06,0.67,-4.26,4.0,5.74,8.0,0.0,1011.5,1011.5,1011.5,1011.5,1.0,0.0,8.0,1.0,,,,,,,,,,,,,,,,,,,,,,,,,,,,,,,,,,,,,,,,,,,,,,,,,,,,,,,,,,,,,,,,,,,,,,,,,,,,,,,,,,,,,,,,,,,,,,,,,,,,,,,,,,,,,,,,,,,,,,,,,,,,,,,,
1900,10,22810,-141.2,34.8,,,,,,,,,,,,,,,,,,,,,,,,,,,,,,,,,1.0,1.0,1.0,1.0,1.0,0.0,12.0,1.0,-0.37,-0.37,-0.37,-0.37,1.0,0.0,12.0,1.0,0.93,0.93,0.93,0.93,1.0,0.0,12.0,1.0,1018.4,1018.4,1018.4,1018.4,1.0,0.0,12.0,1.0,,,,,,,,,,,,,,,,,,,,,,,,,,,,,,,,,,,,,,,,,,,,,,,,,,,,,,,,,,,,,,,,,,,,,,,,,,,,,,,,,,,,,,,,,,,,,,,,,,,,,,,,,,,,,,,,,,,,,,,,,,,,,,,,
1900,10,22810,-141.2,44.3,,,,,,,,,,,,,,,,,,,,,,,,,,,,,,,,,12.3,12.3,12.3,12.3,1.0,0.0,26.0,1.0,8.7,8.7,8.7,8.7,1.0,0.0,26.0,1.0,-8.7,-8.7,-8.7,-8.7,1.0,0.0,26.0,1.0,1023.4,1023.4,1023.4,1023.4,1.0,0.0,26.0,1.0,,,,,,,,,,,,,,,,,,,,,,,,,,,,,,,,,,,,,,,,,,,,,,,,,,,,,,,,,,,,,,,,,,,,,,,,,,,,,,,,,,,,,,,,,,,,,,,,,,,,,,,,,,,,,,,,,,,,,,,,,,,,,,,,
1900,10,22810,-141.2,46.8,,,,,,,,,,,,,,,,,,,,,,,,,,,,,,,,,15.4,15.4,15.4,15.4,1.0,0.0,2.0,1.0,-6.02,-6.02,-6.02,-6.02,1.0,0.0,2.0,1.0,-14.18,-14.18,-14.18,-14.18,1.0,0.0,2.0,1.0,1025.6,1025.6,1025.6,1025.6,1.0,0.0,2.0,1.0,,,,,,,,,,,,,,,,,,,,,,,,,,,,,,,,,,,,,,,,,,,,,,,,,,,,,,,,,,,,,,,,,,,,,,,,,,,,,,,,,,,,,,,,,,,,,,,,,,,,,,,,,,,,,,,,,,,,,,,,,,,,,,,,
1900,10,22810,-139.7,34.8,,,,,,,,,,,,,,,,,,,,,,,,,,,,,,,,,6.7,6.7,6.7,6.7,1.0,0.0,12.0,1.0,-2.62,-2.62,-2.62,-2.62,1.0,0.0,12.0,1.0,-6.17,-6.17,-6.17,-6.17,1.0,0.0,12.0,1.0,1023.3,1023.3,1023.3,1023.3,1.0,0.0,12.0,1.0,,,,,,,,,,,,,,,,,,,,,,,,,,,,,,,,,,,,,,,,,,,,,,,,,,,,,,,,,,,,,,,,,,,,,,,,,,,,,,,,,,,,,,,,,,,,,,,,,,,,,,,,,,,,,,,,,,,,,,,,,,,,,,,,
1900,10,22810,-139.6,36.5,,,,,,,,,,,,,,,,,,,,,,,,,,,,,,,,,2.06,3.6,7.24,4.3,6.0,3.32,14.0,1.0,-1.96,0.0,3.84,1.14,6.0,4.08,14.0,1.0,-4.74,0.0,0.72,-1.24,6.0,3.63,14.0,1.0,1017.38,1021.45,1025.82,1021.93,6.0,5.85,14.0,1.0,,,,,,,,,,,,,,,,,,,,,,,,,,,,,,,,,,,,,,,,,,,,,,,,,,,,,,,,,,,,,,,,,,,,,,,,,,,,,,,,,,,,,,,,,,,,,,,,,,,,,,,,,,,,,,,,,,,,,,,,,,,,,,,,
1900,10,22810,-139.5,38.7,,,,,,,,,,,,,,,,,,,,,,,,,,,,,,,,,9.18,9.8,12.3,10.0,7.0,1.92,18.0,0.6,6.49,6.93,8.77,7.46,7.0,1.74,18.0,0.6,-7.01,4.74,6.59,0.16,7.0,7.24,18.0,0.6,1014.27,1015.05,1015.84,1015.05,2.0,1.63,14.0,1.0,,,,,,,,,,,,,,,,,,,,,,,,,,,,,,,,,,,,,,,,,,,,,,,,,,,,,,,,,,,,,,,,,,,,,,,,,,,,,,,,,,,,,,,,,,,,,,,,,,,,,,,,,,,,,,,,,,,,,,,,,,,,,,,,
1900,10,22810,-139.2,30.3,,,,,,,,,,,,,,,,,,,,,,,,,,,,,,,,,2.6,2.6,2.6,2.6,1.0,0.0,14.0,1.0,0.0,0.0,0.0,0.0,1.0,0.0,14.0,1.0,2.6,2.6,2.6,2.6,1.0,0.0,14.0,1.0,1017.2,1017.2,1017.2,1017.2,1.0,0.0,14.0,1.0,,,,,,,,,,,,,,,,,,,,,,,,,,,,,,,,,,,,,,,,,,,,,,,,,,,,,,,,,,,,,,,,,,,,,,,,,,,,,,,,,,,,,,,,,,,,,,,,,,,,,,,,,,,,,,,,,,,,,,,,,,,,,,,,
1900,10,22810,-137.7,30.3,,,,,,,,,,,,,,,,,,,,,,,,,,,,,,,,,4.6,4.6,4.6,4.6,1.0,0.0,12.0,1.0,-1.8,-1.8,-1.8,-1.8,1.0,0.0,12.0,1.0,-4.23,-4.23,-4.23,-4.23,1.0,0.0,12.0,1.0,1016.3,1016.3,1016.3,1016.3,1.0,0.0,12.0,1.0,,,,,,,,,,,,,,,,,,,,,,,,,,,,,,,,,,,,,,,,,,,,,,,,,,,,,,,,,,,,,,,,,,,,,,,,,,,,,,,,,,,,,,,,,,,,,,,,,,,,,,,,,,,,,,,,,,,,,,,,,,,,,,,,
1900,10,22810,-137.5,32.3,,,,,,,,,,,,,,,,,,,,,,,,,,,,,,,,,5.35,6.95,8.55,6.95,2.0,3.32,12.0,1.0,-2.77,-0.92,0.94,-0.92,2.0,3.84,12.0,1.0,-6.53,-2.16,2.2,-2.16,2.0,9.05,12.0,1.0,1020.59,1022.3,1024.01,1022.3,2.0,3.54,12.0,1.0,,,,,,,,,,,,,,,,,,,,,,,,,,,,,,,,,,,,,,,,,,,,,,,,,,,,,,,,,,,,,,,,,,,,,,,,,,,,,,,,,,,,,,,,,,,,,,,,,,,,,,,,,,,,,,,,,,,,,,,,,,,,,,,,
1900,10,22810,-137.5,40.4,,,,,,,,,,,,,,,,,,,,,,,,,,,,,,,,,9.43,12.3,12.3,11.13,9.0,2.51,18.0,0.7,0.99,9.62,11.32,7.23,9.0,4.98,18.0,0.7,-7.93,-4.81,5.53,-1.95,9.0,7.6,18.0,0.7,1015.14,1015.45,1015.76,1015.45,2.0,0.64,14.0,1.0,,,,,,,,,,,,,,,,,,,,,,,,,,,,,,,,,,,,,,,,,,,,,,,,,,,,,,,,,,,,,,,,,,,,,,,,,,,,,,,,,,,,,,,,,,,,,,,,,,,,,,,,,,,,,,,,,,,,,,,,,,,,,,,,
1900,10,22810,-137.5,50.4,,,,,,,,,,,,,,,,,,,,,,,,,,,,,,,,,4.6,5.65,8.32,6.43,4.0,2.46,8.0,1.0,4.01,5.47,8.23,6.09,4.0,2.67,8.0,1.0,-2.24,-1.83,-0.86,-1.56,4.0,1.1,8.0,1.0,1025.6,1025.6,1025.6,1025.6,1.0,0.0,10.0,1.0,,,,,,,,,,,,,,,,,,,,,,,,,,,,,,,,,,,,,,,,,,,,,,,,,,,,,,,,,,,,,,,,,,,,,,,,,,,,,,,,,,,,,,,,,,,,,,,,,,,,,,,,,,,,,,,,,,,,,,,,,,,,,,,,
1900,10,22810,-137.2,28.8,,,,,,,,,,,,,,,,,,,,,,,,,,,,,,,,,6.7,6.7,6.7,6.7,1.0,0.0,12.0,1.0,-2.62,-2.62,-2.62,-2.62,1.0,0.0,12.0,1.0,-6.17,-6.17,-6.17,-6.17,1.0,0.0,12.0,1.0,1017.9,1017.9,1017.9,1017.9,1.0,0.0,12.0,1.0,,,,,,,,,,,,,,,,,,,,,,,,,,,,,,,,,,,,,,,,,,,,,,,,,,,,,,,,,,,,,,,,,,,,,,,,,,,,,,,,,,,,,,,,,,,,,,,,,,,,,,,,,,,,,,,,,,,,,,,,,,,,,,,,
1900,10,22810,-137.2,34.5,,,,,,,,,,,,,,,,,,,,,,,,,,,,,,,,,7.11,8.0,8.89,8.0,2.0,1.84,10.0,1.0,-3.47,-3.13,-2.78,-3.13,2.0,0.72,10.0,1.0,-8.18,-7.36,-6.55,-7.36,2.0,1.69,10.0,1.0,1026.1,1026.1,1026.1,1026.1,1.0,0.0,10.0,1.0,,,,,,,,,,,,,,,,,,,,,,,,,,,,,,,,,,,,,,,,,,,,,,,,,,,,,,,,,,,,,,,,,,,,,,,,,,,,,,,,,,,,,,,,,,,,,,,,,,,,,,,,,,,,,,,,,,,,,,,,,,,,,,,,
1900,10,22810,-137.2,42.5,,,,,,,,,,,,,,,,,,,,,,,,,,,,,,,,,15.4,15.4,15.4,15.4,1.0,0.0,2.0,1.0,5.27,5.27,5.27,5.27,1.0,0.0,2.0,1.0,-14.47,-14.47,-14.47,-14.47,1.0,0.0,2.0,1.0,1025.4,1025.4,1025.4,1025.4,1.0,0.0,2.0,1.0,,,,,,,,,,,,,,,,,,,,,,,,,,,,,,,,,,,,,,,,,,,,,,,,,,,,,,,,,,,,,,,,,,,,,,,,,,,,,,,,,,,,,,,,,,,,,,,,,,,,,,,,,,,,,,,,,,,,,,,,,,,,,,,,
1900,10,22810,-137.2,44.3,,,,,,,,,,,,,,,,,,,,,,,,,,,,,,,,,9.3,9.3,9.3,9.3,1.0,0.0,2.0,1.0,-3.63,-3.63,-3.63,-3.63,1.0,0.0,2.0,1.0,-8.56,-8.56,-8.56,-8.56,1.0,0.0,2.0,1.0,1018.7,1018.7,1018.7,1018.7,1.0,0.0,2.0,1.0,,,,,,,,,,,,,,,,,,,,,,,,,,,,,,,,,,,,,,,,,,,,,,,,,,,,,,,,,,,,,,,,,,,,,,,,,,,,,,,,,,,,,,,,,,,,,,,,,,,,,,,,,,,,,,,,,,,,,,,,,,,,,,,,
1900,10,22810,-135.7,-47.7,,,,,,,,,,,,,,,,,,,,,,,,,,,,,,,,,8.08,11.05,14.02,11.05,2.0,6.15,18.0,1.0,5.71,7.81,9.91,7.81,2.0,4.35,18.0,1.0,-8.41,-3.08,2.26,-3.08,2.0,11.05,18.0,1.0,1004.4,1004.4,1004.4,1004.4,1.0,0.0,22.0,1.0,,,,,,,,,,,,,,,,,,,,,,,,,,,,,,,,,,,,,,,,,,,,,,,,,,,,,,,,,,,,,,,,,,,,,,,,,,,,,,,,,,,,,,,,,,,,,,,,,,,,,,,,,,,,,,,,,,,,,,,,,,,,,,,,
1900,10,22810,-135.7,34.3,,,,,,,,,,,,,,,,,,,,,,,,,,,,,,,,,6.7,6.7,6.7,6.7,1.0,0.0,16.0,1.0,-4.74,-4.74,-4.74,-4.74,1.0,0.0,16.0,1.0,4.74,4.74,4.74,4.74,1.0,0.0,16.0,1.0,1021.9,1021.9,1021.9,1021.9,1.0,0.0,16.0,1.0,,,,,,,,,,,,,,,,,,,,,,,,,,,,,,,,,,,,,,,,,,,,,,,,,,,,,,,,,,,,,,,,,,,,,,,,,,,,,,,,,,,,,,,,,,,,,,,,,,,,,,,,,,,,,,,,,,,,,,,,,,,,,,,,
1900,10,22810,-135.5,40.8,,,,,,,,,,,,,,,,,,,,,,,,,,,,,,,,,9.78,10.8,11.82,10.8,2.0,2.12,18.0,1.0,1.8,5.66,9.53,5.66,2.0,8.01,18.0,1.0,-2.57,2.25,7.06,2.25,2.0,9.97,18.0,1.0,1018.4,1018.4,1018.4,1018.4,1.0,0.0,16.0,1.0,,,,,,,,,,,,,,,,,,,,,,,,,,,,,,,,,,,,,,,,,,,,,,,,,,,,,,,,,,,,,,,,,,,,,,,,,,,,,,,,,,,,,,,,,,,,,,,,,,,,,,,,,,,,,,,,,,,,,,,,,,,,,,,,
1900,10,22810,-135.5,42.4,,,,,,,,,,,,,,,,,,,,,,,,,,,,,,,,,10.47,12.3,15.4,12.78,9.0,2.22,10.0,0.2,0.58,7.91,10.55,6.36,9.0,4.58,10.0,0.2,-13.75,-10.89,0.07,-8.39,9.0,6.55,10.0,0.2,1020.18,1022.3,1023.46,1021.83,3.0,2.43,2.0,0.0,,,,,,,,,,,,,,,,,,,,,,,,,,,,,,,,,,,,,,,,,,,,,,,,,,,,,,,,,,,,,,,,,,,,,,,,,,,,,,,,,,,,,,,,,,,,,,,,,,,,,,,,,,,,,,,,,,,,,,,,,,,,,,,,
1900,10,22810,-135.2,30.3,,,,,,,,,,,,,,,,,,,,,,,,,,,,,,,,,1.0,1.0,1.0,1.0,1.0,0.0,30.0,1.0,0.37,0.37,0.37,0.37,1.0,0.0,30.0,1.0,-0.93,-0.93,-0.93,-0.93,1.0,0.0,30.0,1.0,1025.7,1025.7,1025.7,1025.7,1.0,0.0,30.0,1.0,,,,,,,,,,,,,,,,,,,,,,,,,,,,,,,,,,,,,,,,,,,,,,,,,,,,,,,,,,,,,,,,,,,,,,,,,,,,,,,,,,,,,,,,,,,,,,,,,,,,,,,,,,,,,,,,,,,,,,,,,,,,,,,,
1900,10,22810,-135.2,32.8,,,,,,,,,,,,,,,,,,,,,,,,,,,,,,,,,6.7,6.7,6.7,6.7,1.0,0.0,10.0,1.0,2.51,2.51,2.51,2.51,1.0,0.0,10.0,1.0,-6.21,-6.21,-6.21,-6.21,1.0,0.0,10.0,1.0,1027.3,1027.3,1027.3,1027.3,1.0,0.0,10.0,1.0,,,,,,,,,,,,,,,,,,,,,,,,,,,,,,,,,,,,,,,,,,,,,,,,,,,,,,,,,,,,,,,,,,,,,,,,,,,,,,,,,,,,,,,,,,,,,,,,,,,,,,,,,,,,,,,,,,,,,,,,,,,,,,,,
1900,10,22810,-133.8,42.7,,,,,,,,,,,,,,,,,,,,,,,,,,,,,,,,,9.18,15.4,15.4,13.29,7.0,3.69,16.0,0.7,-0.12,9.9,11.09,6.85,7.0,6.52,16.0,0.7,-11.97,-10.89,6.32,-5.31,7.0,9.46,16.0,0.7,1004.16,1009.4,1016.5,1010.24,5.0,7.11,4.0,0.8,,,,,,,,,,,,,,,,,,,,,,,,,,,,,,,,,,,,,,,,,,,,,,,,,,,,,,,,,,,,,,,,,,,,,,,,,,,,,,,,,,,,,,,,,,,,,,,,,,,,,,,,,,,,,,,,,,,,,,,,,,,,,,,,
1900,10,22810,-133.7,-21.6,,,,,,,,,,,,,,,,,,,,,,,,,,,,,,,,,7.53,9.3,11.35,9.43,3.0,2.8,30.0,1.0,-9.82,-6.58,-6.3,-8.02,3.0,2.87,30.0,1.0,3.31,4.81,6.01,4.67,3.0,1.98,30.0,1.0,1015.46,1015.8,1017.92,1016.67,3.0,1.95,30.0,1.0,,,,,,,,,,,,,,,,,,,,,,,,,,,,,,,,,,,,,,,,,,,,,,,,,,,,,,,,,,,,,,,,,,,,,,,,,,,,,,,,,,,,,,,,,,,,,,,,,,,,,,,,,,,,,,,,,,,,,,,,,,,,,,,,
1900,10,22810,-133.7,26.8,,,,,,,,,,,,,,,,,,,,,,,,,,,,,,,,,9.3,9.3,9.3,9.3,1.0,0.0,10.0,1.0,-3.63,-3.63,-3.63,-3.63,1.0,0.0,10.0,1.0,-8.56,-8.56,-8.56,-8.56,1.0,0.0,10.0,1.0,1018.0,1018.0,1018.0,1018.0,1.0,0.0,10.0,1.0,,,,,,,,,,,,,,,,,,,,,,,,,,,,,,,,,,,,,,,,,,,,,,,,,,,,,,,,,,,,,,,,,,,,,,,,,,,,,,,,,,,,,,,,,,,,,,,,,,,,,,,,,,,,,,,,,,,,,,,,,,,,,,,,
1900,10,22810,-133.7,30.5,,,,,,,,,,,,,,,,,,,,,,,,,,,,,,,,,4.93,5.65,6.37,5.65,2.0,1.48,20.0,1.0,-1.51,-0.9,-0.29,-0.9,2.0,1.27,20.0,1.0,-6.31,-5.47,-4.63,-5.47,2.0,1.74,20.0,1.0,1024.92,1025.6,1026.28,1025.6,2.0,1.41,20.0,1.0,,,,,,,,,,,,,,,,,,,,,,,,,,,,,,,,,,,,,,,,,,,,,,,,,,,,,,,,,,,,,,,,,,,,,,,,,,,,,,,,,,,,,,,,,,,,,,,,,,,,,,,,,,,,,,,,,,,,,,,,,,,,,,,,
1900,10,22810,-133.7,36.3,,,,,,,,,,,,,,,,,,,,,,,,,,,,,,,,,9.78,10.8,11.82,10.8,2.0,2.12,22.0,1.0,0.0,0.0,0.0,0.0,2.0,0.0,22.0,1.0,-5.87,1.5,8.87,1.5,2.0,15.27,22.0,1.0,1018.12,1022.9,1027.68,1022.9,2.0,9.9,22.0,1.0,,,,,,,,,,,,,,,,,,,,,,,,,,,,,,,,,,,,,,,,,,,,,,,,,,,,,,,,,,,,,,,,,,,,,,,,,,,,,,,,,,,,,,,,,,,,,,,,,,,,,,,,,,,,,,,,,,,,,,,,,,,,,,,,
1900,10,22810,-133.7,48.8,,,,,,,,,,,,,,,,,,,,,,,,,,,,,,,,,6.7,6.7,6.7,6.7,2.0,0.0,10.0,0.5,4.96,5.45,5.94,5.45,2.0,1.01,10.0,0.5,-4.4,-3.68,-2.95,-3.68,2.0,1.5,10.0,0.5,1029.7,1029.7,1029.7,1029.7,1.0,0.0,10.0,1.0,,,,,,,,,,,,,,,,,,,,,,,,,,,,,,,,,,,,,,,,,,,,,,,,,,,,,,,,,,,,,,,,,,,,,,,,,,,,,,,,,,,,,,,,,,,,,,,,,,,,,,,,,,,,,,,,,,,,,,,,,,,,,,,,
1900,10,22810,-133.5,32.3,,,,,,,,,,,,,,,,,,,,,,,,,,,,,,,,,7.11,8.0,8.89,8.0,2.0,1.84,8.0,1.0,-2.2,-1.31,-0.42,-1.31,2.0,1.85,8.0,1.0,-8.8,-7.73,-6.66,-7.73,2.0,2.22,8.0,1.0,1026.6,1026.6,1026.6,1026.6,1.0,0.0,8.0,1.0,,,,,,,,,,,,,,,,,,,,,,,,,,,,,,,,,,,,,,,,,,,,,,,,,,,,,,,,,,,,,,,,,,,,,,,,,,,,,,,,,,,,,,,,,,,,,,,,,,,,,,,,,,,,,,,,,,,,,,,,,,,,,,,,
1900,10,22810,-133.4,44.4,,,,,,,,,,,,,,,,,,,,,,,,,,,,,,,,,8.67,15.4,18.03,13.98,5.0,6.1,18.0,1.0,-2.27,10.89,15.43,7.16,5.0,9.81,18.0,1.0,-12.75,-9.8,-2.78,-8.42,5.0,5.7,18.0,1.0,1003.56,1004.55,1005.54,1004.55,2.0,2.05,16.0,1.0,,,,,,,,,,,,,,,,,,,,,,,,,,,,,,,,,,,,,,,,,,,,,,,,,,,,,,,,,,,,,,,,,,,,,,,,,,,,,,,,,,,,,,,,,,,,,,,,,,,,,,,,,,,,,,,,,,,,,,,,,,,,,,,,
1900,10,22810,-133.3,-47.3,,,,,,,,,,,,,,,,,,,,,,,,,,,,,,,,,3.63,9.3,9.3,6.53,3.0,4.79,14.0,1.0,1.79,3.48,6.95,4.35,3.0,3.85,14.0,1.0,-7.04,-3.63,-1.15,-4.09,3.0,4.33,14.0,1.0,1001.2,1001.2,1001.2,1001.2,1.0,0.0,24.0,1.0,,,,,,,,,,,,,,,,,,,,,,,,,,,,,,,,,,,,,,,,,,,,,,,,,,,,,,,,,,,,,,,,,,,,,,,,,,,,,,,,,,,,,,,,,,,,,,,,,,,,,,,,,,,,,,,,,,,,,,,,,,,,,,,,
1900,10,22810,-133.2,-19.7,,,,,,,,,,,,,,,,,,,,,,,,,,,,,,,,,9.3,9.3,9.3,9.3,1.0,0.0,28.0,1.0,-6.58,-6.58,-6.58,-6.58,1.0,0.0,28.0,1.0,6.58,6.58,6.58,6.58,1.0,0.0,28.0,1.0,1016.4,1016.4,1016.4,1016.4,1.0,0.0,28.0,1.0,,,,,,,,,,,,,,,,,,,,,,,,,,,,,,,,,,,,,,,,,,,,,,,,,,,,,,,,,,,,,,,,,,,,,,,,,,,,,,,,,,,,,,,,,,,,,,,,,,,,,,,,,,,,,,,,,,,,,,,,,,,,,,,,
1900,10,22810,-131.7,30.5,,,,,,,,,,,,,,,,,,,,,,,,,,,,,,,,,4.93,5.65,6.37,5.65,2.0,1.48,8.0,1.0,-2.49,-2.21,-1.93,-2.21,2.0,0.58,8.0,1.0,-5.86,-5.2,-4.54,-5.2,2.0,1.37,8.0,1.0,1024.2,1024.2,1024.2,1024.2,1.0,0.0,8.0,1.0,,,,,,,,,,,,,,,,,,,,,,,,,,,,,,,,,,,,,,,,,,,,,,,,,,,,,,,,,,,,,,,,,,,,,,,,,,,,,,,,,,,,,,,,,,,,,,,,,,,,,,,,,,,,,,,,,,,,,,,,,,,,,,,,
1900,10,22810,-131.5,-17.5,,,,,,,,,,,,,,,,,,,,,,,,,,,,,,,,,4.93,5.65,6.37,5.65,2.0,1.48,28.0,1.0,-6.31,-5.47,-4.63,-5.47,2.0,1.74,28.0,1.0,0.29,0.9,1.51,0.9,2.0,1.27,28.0,1.0,1013.79,1014.4,1015.01,1014.4,2.0,1.27,28.0,1.0,,,,,,,,,,,,,,,,,,,,,,,,,,,,,,,,,,,,,,,,,,,,,,,,,,,,,,,,,,,,,,,,,,,,,,,,,,,,,,,,,,,,,,,,,,,,,,,,,,,,,,,,,,,,,,,,,,,,,,,,,,,,,,,,
1900,10,22810,-131.5,-15.2,,,,,,,,,,,,,,,,,,,,,,,,,,,,,,,,,5.35,6.95,8.55,6.95,2.0,3.32,28.0,1.0,-8.34,-6.28,-4.21,-6.28,2.0,4.28,28.0,1.0,0.52,1.63,2.74,1.63,2.0,2.3,28.0,1.0,1012.65,1013.2,1013.75,1013.2,2.0,1.13,28.0,1.0,,,,,,,,,,,,,,,,,,,,,,,,,,,,,,,,,,,,,,,,,,,,,,,,,,,,,,,,,,,,,,,,,,,,,,,,,,,,,,,,,,,,,,,,,,,,,,,,,,,,,,,,,,,,,,,,,,,,,,,,,,,,,,,,
1900,10,22810,-131.5,-13.2,,,,,,,,,,,,,,,,,,,,,,,,,,,,,,,,,6.7,6.7,6.7,6.7,2.0,0.0,26.0,1.0,-6.21,-6.21,-6.21,-6.21,2.0,0.0,26.0,1.0,-2.51,-2.51,-2.51,-2.51,2.0,0.0,26.0,1.0,1013.25,1013.35,1013.45,1013.35,2.0,0.21,26.0,1.0,,,,,,,,,,,,,,,,,,,,,,,,,,,,,,,,,,,,,,,,,,,,,,,,,,,,,,,,,,,,,,,,,,,,,,,,,,,,,,,,,,,,,,,,,,,,,,,,,,,,,,,,,,,,,,,,,,,,,,,,,,,,,,,,
1900,10,22810,-131.5,-9.7,,,,,,,,,,,,,,,,,,,,,,,,,,,,,,,,,7.11,8.0,8.89,8.0,2.0,1.84,26.0,1.0,-8.89,-8.0,-7.11,-8.0,2.0,1.84,26.0,1.0,0.0,0.0,0.0,0.0,2.0,0.0,26.0,1.0,1011.67,1012.45,1013.24,1012.45,2.0,1.63,26.0,1.0,,,,,,,,,,,,,,,,,,,,,,,,,,,,,,,,,,,,,,,,,,,,,,,,,,,,,,,,,,,,,,,,,,,,,,,,,,,,,,,,,,,,,,,,,,,,,,,,,,,,,,,,,,,,,,,,,,,,,,,,,,,,,,,,
1900,10,22810,-131.5,-7.5,,,,,,,,,,,,,,,,,,,,,,,,,,,,,,,,,4.93,5.65,6.37,5.65,2.0,1.48,24.0,1.0,-5.92,-5.38,-4.85,-5.38,2.0,1.11,24.0,1.0,0.42,1.31,2.2,1.31,2.0,1.85,24.0,1.0,1012.44,1012.95,1013.46,1012.95,2.0,1.06,24.0,1.0,,,,,,,,,,,,,,,,,,,,,,,,,,,,,,,,,,,,,,,,,,,,,,,,,,,,,,,,,,,,,,,,,,,,,,,,,,,,,,,,,,,,,,,,,,,,,,,,,,,,,,,,,,,,,,,,,,,,,,,,,,,,,,,,
1900,10,22810,-131.5,42.5,,,,,,,,,,,,,,,,,,,,,,,,,,,,,,,,,16.54,19.0,19.0,17.8,3.0,2.08,2.0,0.7,2.06,6.5,6.5,4.33,3.0,3.75,2.0,0.7,-17.85,-17.85,-16.18,-17.04,3.0,1.42,2.0,0.7,999.97,1000.7,1002.16,1001.05,4.0,1.68,2.0,0.5,,,,,,,,,,,,,,,,,,,,,,,,,,,,,,,,,,,,,,,,,,,,,,,,,,,,,,,,,,,,,,,,,,,,,,,,,,,,,,,,,,,,,,,,,,,,,,,,,,,,,,,,,,,,,,,,,,,,,,,,,,,,,,,,
1900,10,22810,-131.4,44.6,,,,,,,,,,,,,,,,,,,,,,,,,,,,,,,,,9.8,11.05,15.4,11.93,10.0,2.61,18.0,0.6,-4.27,-1.82,12.28,2.38,10.0,8.81,18.0,0.6,-8.82,1.84,10.24,1.65,10.0,8.83,18.0,0.6,1009.79,1010.35,1012.01,1010.88,4.0,1.62,18.0,1.0,,,,,,,,,,,,,,,,,,,,,,,,,,,,,,,,,,,,,,,,,,,,,,,,,,,,,,,,,,,,,,,,,,,,,,,,,,,,,,,,,,,,,,,,,,,,,,,,,,,,,,,,,,,,,,,,,,,,,,,,,,,,,,,,
1900,10,22810,-131.4,48.6,,,,,,,,,,,,,,,,,,,,,,,,,,,,,,,,,6.7,9.3,13.43,10.08,5.0,3.76,6.0,0.6,0.73,4.74,6.4,3.47,5.0,5.67,6.0,0.6,-12.42,-4.74,-3.01,-7.01,5.0,5.7,6.0,0.6,1019.9,1019.9,1019.9,1019.9,1.0,0.0,12.0,1.0,,,,,,,,,,,,,,,,,,,,,,,,,,,,,,,,,,,,,,,,,,,,,,,,,,,,,,,,,,,,,,,,,,,,,,,,,,,,,,,,,,,,,,,,,,,,,,,,,,,,,,,,,,,,,,,,,,,,,,,,,,,,,,,,
1900,10,22810,-131.2,26.8,,,,,,,,,,,,,,,,,,,,,,,,,,,,,,,,,6.7,6.7,6.7,6.7,1.0,0.0,10.0,1.0,0.0,0.0,0.0,0.0,1.0,0.0,10.0,1.0,-6.7,-6.7,-6.7,-6.7,1.0,0.0,10.0,1.0,1021.6,1021.6,1021.6,1021.6,1.0,0.0,10.0,1.0,,,,,,,,,,,,,,,,,,,,,,,,,,,,,,,,,,,,,,,,,,,,,,,,,,,,,,,,,,,,,,,,,,,,,,,,,,,,,,,,,,,,,,,,,,,,,,,,,,,,,,,,,,,,,,,,,,,,,,,,,,,,,,,,
1900,10,22810,-131.2,28.3,,,,,,,,,,,,,,,,,,,,,,,,,,,,,,,,,7.11,8.0,8.89,8.0,2.0,1.84,18.0,1.0,-5.95,-4.6,-3.25,-4.6,2.0,2.8,18.0,1.0,-6.51,-6.37,-6.23,-6.37,2.0,0.29,18.0,1.0,1020.96,1022.6,1024.24,1022.6,2.0,3.39,18.0,1.0,,,,,,,,,,,,,,,,,,,,,,,,,,,,,,,,,,,,,,,,,,,,,,,,,,,,,,,,,,,,,,,,,,,,,,,,,,,,,,,,,,,,,,,,,,,,,,,,,,,,,,,,,,,,,,,,,,,,,,,,,,,,,,,,
1900,10,22810,-129.7,-3.5,,,,,,,,,,,,,,,,,,,,,,,,,,,,,,,,,4.93,5.65,6.37,5.65,2.0,1.48,24.0,1.0,-4.66,-4.5,-4.34,-4.5,2.0,0.33,24.0,1.0,-0.7,1.51,3.71,1.51,2.0,4.57,24.0,1.0,1012.43,1012.5,1012.57,1012.5,2.0,0.14,24.0,1.0,,,,,,,,,,,,,,,,,,,,,,,,,,,,,,,,,,,,,,,,,,,,,,,,,,,,,,,,,,,,,,,,,,,,,,,,,,,,,,,,,,,,,,,,,,,,,,,,,,,,,,,,,,,,,,,,,,,,,,,,,,,,,,,,
1900,10,22810,-129.7,28.8,,,,,,,,,,,,,,,,,,,,,,,,,,,,,,,,,9.3,9.3,9.3,9.3,2.0,0.0,8.0,1.0,-5.53,-3.29,-1.04,-3.29,2.0,4.65,8.0,1.0,-8.87,-7.94,-7.01,-7.94,2.0,1.93,8.0,1.0,1021.7,1021.7,1021.7,1021.7,1.0,0.0,8.0,1.0,,,,,,,,,,,,,,,,,,,,,,,,,,,,,,,,,,,,,,,,,,,,,,,,,,,,,,,,,,,,,,,,,,,,,,,,,,,,,,,,,,,,,,,,,,,,,,,,,,,,,,,,,,,,,,,,,,,,,,,,,,,,,,,,
1900,10,22810,-129.5,-1.5,,,,,,,,,,,,,,,,,,,,,,,,,,,,,,,,,4.93,5.65,6.37,5.65,2.0,1.48,22.0,1.0,-3.96,-3.37,-2.78,-3.37,2.0,1.22,22.0,1.0,2.5,4.0,5.51,4.0,2.0,3.12,22.0,1.0,1011.05,1011.15,1011.25,1011.15,2.0,0.21,22.0,1.0,,,,,,,,,,,,,,,,,,,,,,,,,,,,,,,,,,,,,,,,,,,,,,,,,,,,,,,,,,,,,,,,,,,,,,,,,,,,,,,,,,,,,,,,,,,,,,,,,,,,,,,,,,,,,,,,,,,,,,,,,,,,,,,,
1900,10,22810,-129.5,40.8,,,,,,,,,,,,,,,,,,,,,,,,,,,,,,,,,12.3,12.3,12.3,12.3,2.0,0.0,10.0,1.0,6.0,8.55,11.11,8.55,2.0,5.3,10.0,1.0,1.8,5.66,9.53,5.66,2.0,8.01,10.0,1.0,1006.59,1007.85,1009.11,1007.85,2.0,2.62,10.0,1.0,,,,,,,,,,,,,,,,,,,,,,,,,,,,,,,,,,,,,,,,,,,,,,,,,,,,,,,,,,,,,,,,,,,,,,,,,,,,,,,,,,,,,,,,,,,,,,,,,,,,,,,,,,,,,,,,,,,,,,,,,,,,,,,,
1900,10,22810,-129.5,44.8,,,,,,,,,,,,,,,,,,,,,,,,,,,,,,,,,3.87,9.3,10.4,7.62,5.0,3.93,20.0,0.6,-0.37,6.58,9.97,5.3,5.0,5.69,20.0,0.6,-0.87,3.48,5.32,2.45,5.0,3.61,20.0,0.6,1015.7,1015.7,1015.7,1015.7,1.0,0.0,30.0,1.0,,,,,,,,,,,,,,,,,,,,,,,,,,,,,,,,,,,,,,,,,,,,,,,,,,,,,,,,,,,,,,,,,,,,,,,,,,,,,,,,,,,,,,,,,,,,,,,,,,,,,,,,,,,,,,,,,,,,,,,,,,,,,,,,
1900,10,22810,-129.4,26.5,,,,,,,,,,,,,,,,,,,,,,,,,,,,,,,,,3.55,5.65,8.06,5.8,4.0,2.87,12.0,1.0,-4.99,-2.94,-1.78,-3.37,4.0,2.34,12.0,1.0,-6.38,-4.71,-2.8,-4.6,4.0,2.09,12.0,1.0,1018.52,1019.0,1019.55,1019.03,3.0,0.75,14.0,1.0,,,,,,,,,,,,,,,,,,,,,,,,,,,,,,,,,,,,,,,,,,,,,,,,,,,,,,,,,,,,,,,,,,,,,,,,,,,,,,,,,,,,,,,,,,,,,,,,,,,,,,,,,,,,,,,,,,,,,,,,,,,,,,,,
1900,10,22810,-129.4,42.5,,,,,,,,,,,,,,,,,,,,,,,,,,,,,,,,,2.6,9.3,12.45,8.31,7.0,4.76,6.0,0.6,-2.75,2.25,2.64,0.95,7.0,3.61,6.0,0.6,-11.73,-6.3,1.55,-4.79,7.0,7.9,6.0,0.6,1002.76,1003.6,1004.54,1003.68,6.0,1.02,4.0,0.5,,,,,,,,,,,,,,,,,,,,,,,,,,,,,,,,,,,,,,,,,,,,,,,,,,,,,,,,,,,,,,,,,,,,,,,,,,,,,,,,,,,,,,,,,,,,,,,,,,,,,,,,,,,,,,,,,,,,,,,,,,,,,,,,
1900,10,22810,-129.3,46.5,,,,,,,,,,,,,,,,,,,,,,,,,,,,,,,,,8.98,15.4,15.57,12.77,7.0,5.4,20.0,0.7,8.09,10.89,12.55,9.78,7.0,6.11,20.0,0.7,-0.35,3.48,10.89,4.1,7.0,7.13,20.0,0.7,997.39,999.45,1001.4,999.4,4.0,2.32,22.0,1.0,,,,,,,,,,,,,,,,,,,,,,,,,,,,,,,,,,,,,,,,,,,,,,,,,,,,,,,,,,,,,,,,,,,,,,,,,,,,,,,,,,,,,,,,,,,,,,,,,,,,,,,,,,,,,,,,,,,,,,,,,,,,,,,,
1900,10,22810,-129.2,-7.4,,,,,,,,,,,,,,,,,,,,,,,,,,,,,,,,,6.7,6.7,9.3,7.74,5.0,1.42,12.0,0.8,-8.63,-6.7,-4.31,-6.52,5.0,2.17,12.0,0.8,2.02,3.63,5.13,3.42,5.0,2.1,12.0,0.8,1010.07,1012.4,1012.6,1011.5,5.0,1.45,12.0,0.8,,,,,,,,,,,,,,,,,,,,,,,,,,,,,,,,,,,,,,,,,,,,,,,,,,,,,,,,,,,,,,,,,,,,,,,,,,,,,,,,,,,,,,,,,,,,,,,,,,,,,,,,,,,,,,,,,,,,,,,,,,,,,,,,
1900,10,22810,-129.2,38.3,,,,,,,,,,,,,,,,,,,,,,,,,,,,,,,,,6.7,6.7,6.7,6.7,1.0,0.0,2.0,1.0,6.21,6.21,6.21,6.21,1.0,0.0,2.0,1.0,2.51,2.51,2.51,2.51,1.0,0.0,2.0,1.0,1006.6,1006.6,1006.6,1006.6,1.0,0.0,2.0,1.0,,,,,,,,,,,,,,,,,,,,,,,,,,,,,,,,,,,,,,,,,,,,,,,,,,,,,,,,,,,,,,,,,,,,,,,,,,,,,,,,,,,,,,,,,,,,,,,,,,,,,,,,,,,,,,,,,,,,,,,,,,,,,,,,
1900,10,22810,-129.1,-5.6,,,,,,,,,,,,,,,,,,,,,,,,,,,,,,,,,6.7,6.7,6.7,6.7,3.0,0.0,10.0,0.3,-6.5,-6.3,-6.21,-6.35,3.0,0.22,10.0,0.3,1.52,2.29,2.51,2.02,3.0,0.76,10.0,0.3,1010.86,1011.2,1011.75,1011.3,3.0,0.66,10.0,0.3,,,,,,,,,,,,,,,,,,,,,,,,,,,,,,,,,,,,,,,,,,,,,,,,,,,,,,,,,,,,,,,,,,,,,,,,,,,,,,,,,,,,,,,,,,,,,,,,,,,,,,,,,,,,,,,,,,,,,,,,,,,,,,,,
1900,10,22810,-129.1,0.4,,,,,,,,,,,,,,,,,,,,,,,,,,,,,,,,,6.7,6.7,6.7,6.7,2.0,0.0,22.0,1.0,-5.59,-4.34,-3.09,-4.34,2.0,2.59,22.0,1.0,3.19,4.42,5.64,4.42,2.0,2.54,22.0,1.0,1011.11,1011.35,1011.59,1011.35,2.0,0.5,22.0,1.0,,,,,,,,,,,,,,,,,,,,,,,,,,,,,,,,,,,,,,,,,,,,,,,,,,,,,,,,,,,,,,,,,,,,,,,,,,,,,,,,,,,,,,,,,,,,,,,,,,,,,,,,,,,,,,,,,,,,,,,,,,,,,,,,
1900,10,22810,-129.0,-9.2,,,,,,,,,,,,,,,,,,,,,,,,,,,,,,,,,7.53,9.3,9.3,8.43,3.0,1.5,12.0,0.3,-9.3,-9.3,-7.53,-8.43,3.0,1.5,12.0,0.3,0.0,0.0,0.0,0.0,3.0,0.0,12.0,0.3,1010.31,1011.2,1011.95,1011.13,3.0,1.2,12.0,0.3,,,,,,,,,,,,,,,,,,,,,,,,,,,,,,,,,,,,,,,,,,,,,,,,,,,,,,,,,,,,,,,,,,,,,,,,,,,,,,,,,,,,,,,,,,,,,,,,,,,,,,,,,,,,,,,,,,,,,,,,,,,,,,,,
1900,10,22810,-127.7,-53.2,,,,,,,,,,,,,,,,,,,,,,,,,,,,,,,,,22.6,22.6,22.6,22.6,1.0,0.0,10.0,1.0,15.98,15.98,15.98,15.98,1.0,0.0,10.0,1.0,-15.98,-15.98,-15.98,-15.98,1.0,0.0,10.0,1.0,1011.8,1011.8,1011.8,1011.8,1.0,0.0,10.0,1.0,,,,,,,,,,,,,,,,,,,,,,,,,,,,,,,,,,,,,,,,,,,,,,,,,,,,,,,,,,,,,,,,,,,,,,,,,,,,,,,,,,,,,,,,,,,,,,,,,,,,,,,,,,,,,,,,,,,,,,,,,,,,,,,,
1900,10,22810,-127.7,-15.5,,,,,,,,,,,,,,,,,,,,,,,,,,,,,,,,,6.7,6.7,9.3,7.57,6.0,1.34,14.0,0.7,-8.68,-6.7,-6.68,-7.4,6.0,1.14,14.0,0.7,0.0,0.58,2.03,1.07,6.0,1.44,14.0,0.7,1012.67,1015.6,1016.24,1014.58,5.0,2.45,14.0,0.6,,,,,,,,,,,,,,,,,,,,,,,,,,,,,,,,,,,,,,,,,,,,,,,,,,,,,,,,,,,,,,,,,,,,,,,,,,,,,,,,,,,,,,,,,,,,,,,,,,,,,,,,,,,,,,,,,,,,,,,,,,,,,,,,
1900,10,22810,-127.7,-13.5,,,,,,,,,,,,,,,,,,,,,,,,,,,,,,,,,6.7,8.0,10.87,8.75,4.0,2.67,14.0,0.3,-10.71,-7.88,-6.6,-8.62,4.0,2.62,14.0,0.3,1.16,1.39,1.89,1.52,4.0,0.46,14.0,0.3,1011.46,1012.8,1013.14,1012.28,5.0,1.32,14.0,0.4,,,,,,,,,,,,,,,,,,,,,,,,,,,,,,,,,,,,,,,,,,,,,,,,,,,,,,,,,,,,,,,,,,,,,,,,,,,,,,,,,,,,,,,,,,,,,,,,,,,,,,,,,,,,,,,,,,,,,,,,,,,,,,,,
1900,10,22810,-127.7,-11.4,,,,,,,,,,,,,,,,,,,,,,,,,,,,,,,,,6.7,9.3,12.3,9.41,7.0,2.29,12.0,0.6,-12.3,-9.3,-6.7,-9.4,7.0,2.31,12.0,0.6,-0.06,0.0,0.0,-0.17,7.0,0.44,12.0,0.6,1011.34,1012.0,1013.28,1012.5,6.0,1.76,12.0,0.5,,,,,,,,,,,,,,,,,,,,,,,,,,,,,,,,,,,,,,,,,,,,,,,,,,,,,,,,,,,,,,,,,,,,,,,,,,,,,,,,,,,,,,,,,,,,,,,,,,,,,,,,,,,,,,,,,,,,,,,,,,,,,,,,
1900,10,22810,-127.7,-9.7,,,,,,,,,,,,,,,,,,,,,,,,,,,,,,,,,6.7,6.7,8.06,7.35,4.0,1.3,12.0,1.0,-7.99,-6.7,-6.42,-7.18,4.0,1.34,12.0,1.0,-0.85,0.0,1.37,0.25,4.0,1.75,12.0,1.0,1010.18,1011.0,1013.32,1011.73,3.0,2.39,12.0,1.0,,,,,,,,,,,,,,,,,,,,,,,,,,,,,,,,,,,,,,,,,,,,,,,,,,,,,,,,,,,,,,,,,,,,,,,,,,,,,,,,,,,,,,,,,,,,,,,,,,,,,,,,,,,,,,,,,,,,,,,,,,,,,,,,
1900,10,22810,-127.7,-5.3,,,,,,,,,,,,,,,,,,,,,,,,,,,,,,,,,4.6,5.65,6.7,5.65,4.0,1.21,10.0,0.8,-6.23,-5.35,-4.42,-5.33,4.0,1.05,10.0,0.8,1.17,1.93,2.46,1.82,4.0,0.81,10.0,0.8,1010.19,1010.8,1011.76,1010.97,3.0,1.16,10.0,0.7,,,,,,,,,,,,,,,,,,,,,,,,,,,,,,,,,,,,,,,,,,,,,,,,,,,,,,,,,,,,,,,,,,,,,,,,,,,,,,,,,,,,,,,,,,,,,,,,,,,,,,,,,,,,,,,,,,,,,,,,,,,,,,,,
1900,10,22810,-127.7,26.4,,,,,,,,,,,,,,,,,,,,,,,,,,,,,,,,,3.9,6.7,6.7,5.33,3.0,2.37,6.0,1.0,-3.82,-1.84,-0.58,-2.19,3.0,2.39,6.0,1.0,-6.08,-4.74,-2.76,-4.43,3.0,2.45,6.0,1.0,1018.87,1020.1,1021.33,1020.1,2.0,2.55,6.0,1.0,,,,,,,,,,,,,,,,,,,,,,,,,,,,,,,,,,,,,,,,,,,,,,,,,,,,,,,,,,,,,,,,,,,,,,,,,,,,,,,,,,,,,,,,,,,,,,,,,,,,,,,,,,,,,,,,,,,,,,,,,,,,,,,,
1900,10,22810,-127.6,-19.6,,,,,,,,,,,,,,,,,,,,,,,,,,,,,,,,,6.27,6.7,7.86,7.28,6.0,2.6,16.0,0.5,-7.86,-6.65,-6.19,-7.25,6.0,2.61,16.0,0.5,-0.24,0.0,0.24,0.0,6.0,0.74,16.0,0.5,1016.59,1017.6,1018.09,1017.3,5.0,1.36,16.0,0.4,,,,,,,,,,,,,,,,,,,,,,,,,,,,,,,,,,,,,,,,,,,,,,,,,,,,,,,,,,,,,,,,,,,,,,,,,,,,,,,,,,,,,,,,,,,,,,,,,,,,,,,,,,,,,,,,,,,,,,,,,,,,,,,,
1900,10,22810,-127.6,48.3,,,,,,,,,,,,,,,,,,,,,,,,,,,,,,,,,3.14,9.3,11.63,7.83,9.0,4.49,12.0,0.8,1.84,4.23,8.12,4.7,9.0,3.08,12.0,0.8,-3.15,-1.8,9.92,1.76,9.0,7.17,12.0,0.8,1000.86,1004.3,1011.52,1005.0,8.0,5.45,22.0,1.0,,,,,,,,,,,,,,,,,,,,,,,,,,,,,,,,,,,,,,,,,,,,,,,,,,,,,,,,,,,,,,,,,,,,,,,,,,,,,,,,,,,,,,,,,,,,,,,,,,,,,,,,,,,,,,,,,,,,,,,,,,,,,,,,
1900,10,22810,-127.5,-21.6,,,,,,,,,,,,,,,,,,,,,,,,,,,,,,,,,5.17,6.7,8.6,7.14,9.0,2.38,16.0,0.7,-8.16,-5.8,-4.37,-6.37,9.0,2.66,16.0,0.7,-3.0,-0.8,3.75,-0.17,9.0,3.22,16.0,0.7,1015.44,1017.15,1018.58,1017.06,8.0,1.67,16.0,0.6,,,,,,,,,,,,,,,,,,,,,,,,,,,,,,,,,,,,,,,,,,,,,,,,,,,,,,,,,,,,,,,,,,,,,,,,,,,,,,,,,,,,,,,,,,,,,,,,,,,,,,,,,,,,,,,,,,,,,,,,,,,,,,,,
1900,10,22810,-127.5,-17.4,,,,,,,,,,,,,,,,,,,,,,,,,,,,,,,,,6.7,6.7,8.47,7.57,3.0,1.5,14.0,0.7,-8.47,-6.7,-6.7,-7.57,3.0,1.5,14.0,0.7,0.0,0.0,0.0,0.0,3.0,0.0,14.0,0.7,1014.1,1015.7,1017.87,1015.72,5.0,2.61,16.0,0.8,,,,,,,,,,,,,,,,,,,,,,,,,,,,,,,,,,,,,,,,,,,,,,,,,,,,,,,,,,,,,,,,,,,,,,,,,,,,,,,,,,,,,,,,,,,,,,,,,,,,,,,,,,,,,,,,,,,,,,,,,,,,,,,,
1900,10,22810,-127.5,34.8,,,,,,,,,,,,,,,,,,,,,,,,,,,,,,,,,5.35,6.95,8.55,6.95,2.0,3.32,14.0,1.0,-1.69,1.66,5.02,1.66,2.0,6.95,14.0,1.0,-1.69,1.66,5.02,1.66,2.0,6.95,14.0,1.0,1014.6,1014.6,1014.6,1014.6,1.0,0.0,4.0,1.0,,,,,,,,,,,,,,,,,,,,,,,,,,,,,,,,,,,,,,,,,,,,,,,,,,,,,,,,,,,,,,,,,,,,,,,,,,,,,,,,,,,,,,,,,,,,,,,,,,,,,,,,,,,,,,,,,,,,,,,,,,,,,,,,
1900,10,22810,-127.5,42.8,,,,,,,,,,,,,,,,,,,,,,,,,,,,,,,,,1.51,2.6,5.4,3.43,3.0,2.94,12.0,1.0,0.29,0.92,1.55,0.92,3.0,0.92,12.0,1.0,0.32,1.84,5.16,2.72,3.0,3.63,12.0,1.0,1001.16,1004.45,1013.76,1007.33,4.0,8.89,14.0,1.0,,,,,,,,,,,,,,,,,,,,,,,,,,,,,,,,,,,,,,,,,,,,,,,,,,,,,,,,,,,,,,,,,,,,,,,,,,,,,,,,,,,,,,,,,,,,,,,,,,,,,,,,,,,,,,,,,,,,,,,,,,,,,,,,
1900,10,22810,-127.5,44.5,,,,,,,,,,,,,,,,,,,,,,,,,,,,,,,,,4.6,9.3,14.07,9.87,10.0,5.11,14.0,0.9,-2.41,1.07,6.89,1.66,10.0,4.75,14.0,0.9,-11.88,2.79,6.89,-0.56,10.0,10.41,14.0,0.9,1003.05,1005.5,1011.3,1007.11,9.0,5.59,10.0,0.7,,,,,,,,,,,,,,,,,,,,,,,,,,,,,,,,,,,,,,,,,,,,,,,,,,,,,,,,,,,,,,,,,,,,,,,,,,,,,,,,,,,,,,,,,,,,,,,,,,,,,,,,,,,,,,,,,,,,,,,,,,,,,,,,
1900,10,22810,-127.4,-3.4,,,,,,,,,,,,,,,,,,,,,,,,,,,,,,,,,2.6,6.7,6.82,5.31,7.0,2.7,10.0,0.7,-6.38,-6.3,-2.44,-4.89,7.0,2.39,10.0,0.7,0.89,2.29,2.4,2.05,7.0,1.34,10.0,0.7,1010.99,1013.5,1013.81,1012.73,7.0,1.38,10.0,0.6,,,,,,,,,,,,,,,,,,,,,,,,,,,,,,,,,,,,,,,,,,,,,,,,,,,,,,,,,,,,,,,,,,,,,,,,,,,,,,,,,,,,,,,,,,,,,,,,,,,,,,,,,,,,,,,,,,,,,,,,,,,,,,,,
1900,10,22810,-127.4,36.8,,,,,,,,,,,,,,,,,,,,,,,,,,,,,,,,,5.27,6.7,8.47,6.87,3.0,2.35,18.0,1.0,3.72,4.23,5.58,4.64,3.0,1.41,18.0,1.0,-6.46,-1.8,1.14,-2.64,3.0,5.61,18.0,1.0,1009.16,1011.65,1014.14,1011.65,2.0,5.16,14.0,1.0,,,,,,,,,,,,,,,,,,,,,,,,,,,,,,,,,,,,,,,,,,,,,,,,,,,,,,,,,,,,,,,,,,,,,,,,,,,,,,,,,,,,,,,,,,,,,,,,,,,,,,,,,,,,,,,,,,,,,,,,,,,,,,,,
1900,10,22810,-127.4,46.6,,,,,,,,,,,,,,,,,,,,,,,,,,,,,,,,,4.6,9.55,17.63,10.76,16.0,6.06,20.0,0.9,-5.2,4.19,10.89,3.82,16.0,6.74,20.0,0.9,-1.45,4.49,12.99,5.27,16.0,8.34,20.0,0.9,993.86,1002.9,1019.56,1005.89,7.0,11.92,24.0,1.0,,,,,,,,,,,,,,,,,,,,,,,,,,,,,,,,,,,,,,,,,,,,,,,,,,,,,,,,,,,,,,,,,,,,,,,,,,,,,,,,,,,,,,,,,,,,,,,,,,,,,,,,,,,,,,,,,,,,,,,,,,,,,,,,
1900,10,22810,-127.3,-23.5,,,,,,,,,,,,,,,,,,,,,,,,,,,,,,,,,4.5,4.6,6.7,5.21,7.0,1.56,18.0,0.6,-6.7,-4.32,-3.9,-4.97,7.0,1.73,18.0,0.6,-1.75,-1.3,0.0,-1.15,7.0,0.87,18.0,0.6,1016.86,1017.6,1018.29,1017.65,6.0,1.05,18.0,0.5,,,,,,,,,,,,,,,,,,,,,,,,,,,,,,,,,,,,,,,,,,,,,,,,,,,,,,,,,,,,,,,,,,,,,,,,,,,,,,,,,,,,,,,,,,,,,,,,,,,,,,,,,,,,,,,,,,,,,,,,,,,,,,,,
1900,10,22810,-127.3,-1.4,,,,,,,,,,,,,,,,,,,,,,,,,,,,,,,,,6.7,6.7,9.3,7.81,7.0,1.39,8.0,0.6,-8.57,-6.3,-6.15,-7.13,7.0,1.26,8.0,0.6,2.29,3.18,3.68,3.15,7.0,0.84,8.0,0.6,1010.85,1012.0,1012.8,1011.82,6.0,1.21,8.0,0.5,,,,,,,,,,,,,,,,,,,,,,,,,,,,,,,,,,,,,,,,,,,,,,,,,,,,,,,,,,,,,,,,,,,,,,,,,,,,,,,,,,,,,,,,,,,,,,,,,,,,,,,,,,,,,,,,,,,,,,,,,,,,,,,,
1900,10,22810,-127.2,2.3,,,,,,,,,,,,,,,,,,,,,,,,,,,,,,,,,6.7,6.7,6.7,6.7,1.0,0.0,22.0,1.0,-4.74,-4.74,-4.74,-4.74,1.0,0.0,22.0,1.0,4.74,4.74,4.74,4.74,1.0,0.0,22.0,1.0,1011.9,1011.9,1011.9,1011.9,1.0,0.0,22.0,1.0,,,,,,,,,,,,,,,,,,,,,,,,,,,,,,,,,,,,,,,,,,,,,,,,,,,,,,,,,,,,,,,,,,,,,,,,,,,,,,,,,,,,,,,,,,,,,,,,,,,,,,,,,,,,,,,,,,,,,,,,,,,,,,,,
1900,10,22810,-127.2,24.4,,,,,,,,,,,,,,,,,,,,,,,,,,,,,,,,,1.51,2.6,3.97,2.73,3.0,1.8,12.0,1.0,-3.23,-1.02,-0.81,-2.0,3.0,1.97,12.0,1.0,-2.18,-1.72,-0.06,-1.14,3.0,1.63,12.0,1.0,1016.92,1017.4,1017.88,1017.4,2.0,0.99,16.0,1.0,,,,,,,,,,,,,,,,,,,,,,,,,,,,,,,,,,,,,,,,,,,,,,,,,,,,,,,,,,,,,,,,,,,,,,,,,,,,,,,,,,,,,,,,,,,,,,,,,,,,,,,,,,,,,,,,,,,,,,,,,,,,,,,,
1900,10,22810,-127.1,0.1,,,,,,,,,,,,,,,,,,,,,,,,,,,,,,,,,7.53,9.3,9.3,8.43,3.0,1.5,8.0,1.0,-8.4,-8.05,-5.79,-7.12,3.0,2.08,8.0,1.0,3.96,4.65,4.71,4.34,3.0,0.61,8.0,1.0,1010.47,1011.9,1012.1,1011.3,3.0,1.31,8.0,0.7,,,,,,,,,,,,,,,,,,,,,,,,,,,,,,,,,,,,,,,,,,,,,,,,,,,,,,,,,,,,,,,,,,,,,,,,,,,,,,,,,,,,,,,,,,,,,,,,,,,,,,,,,,,,,,,,,,,,,,,,,,,,,,,,
1900,10,22810,-127.0,-25.0,,,,,,,,,,,,,,,,,,,,,,,,,,,,,,,,,4.6,4.6,4.6,4.6,1.0,0.0,20.0,0.0,-3.98,-3.98,-3.98,-3.98,1.0,0.0,20.0,0.0,-2.3,-2.3,-2.3,-2.3,1.0,0.0,20.0,0.0,1018.8,1018.8,1018.8,1018.8,1.0,0.0,20.0,0.0,,,,,,,,,,,,,,,,,,,,,,,,,,,,,,,,,,,,,,,,,,,,,,,,,,,,,,,,,,,,,,,,,,,,,,,,,,,,,,,,,,,,,,,,,,,,,,,,,,,,,,,,,,,,,,,,,,,,,,,,,,,,,,,,
1900,10,22810,-125.8,-31.4,,,,,,,,,,,,,,,,,,,,,,,,,,,,,,,,,4.6,6.7,6.7,6.0,6.0,1.08,24.0,0.7,-6.3,-6.23,-4.32,-5.62,6.0,1.0,24.0,0.7,0.92,2.29,2.36,1.58,6.0,1.58,24.0,0.7,1024.15,1024.4,1025.69,1024.84,5.0,0.94,24.0,0.6,,,,,,,,,,,,,,,,,,,,,,,,,,,,,,,,,,,,,,,,,,,,,,,,,,,,,,,,,,,,,,,,,,,,,,,,,,,,,,,,,,,,,,,,,,,,,,,,,,,,,,,,,,,,,,,,,,,,,,,,,,,,,,,,
1900,10,22810,-125.8,-25.6,,,,,,,,,,,,,,,,,,,,,,,,,,,,,,,,,4.19,4.6,6.7,4.97,6.0,1.55,18.0,0.7,-5.8,-3.76,-2.41,-3.98,6.0,1.58,18.0,0.7,-3.48,-3.3,-1.55,-2.76,6.0,1.18,18.0,0.7,1017.58,1018.7,1019.54,1018.56,5.0,1.05,18.0,0.6,,,,,,,,,,,,,,,,,,,,,,,,,,,,,,,,,,,,,,,,,,,,,,,,,,,,,,,,,,,,,,,,,,,,,,,,,,,,,,,,,,,,,,,,,,,,,,,,,,,,,,,,,,,,,,,,,,,,,,,,,,,,,,,,
1900,10,22810,-125.7,-23.7,,,,,,,,,,,,,,,,,,,,,,,,,,,,,,,,,4.6,4.6,4.6,4.6,1.0,0.0,16.0,1.0,-4.6,-4.6,-4.6,-4.6,1.0,0.0,16.0,1.0,0.0,0.0,0.0,0.0,1.0,0.0,16.0,1.0,1018.9,1018.9,1018.9,1018.9,1.0,0.0,16.0,1.0,,,,,,,,,,,,,,,,,,,,,,,,,,,,,,,,,,,,,,,,,,,,,,,,,,,,,,,,,,,,,,,,,,,,,,,,,,,,,,,,,,,,,,,,,,,,,,,,,,,,,,,,,,,,,,,,,,,,,,,,,,,,,,,,
1900,10,22810,-125.7,-13.2,,,,,,,,,,,,,,,,,,,,,,,,,,,,,,,,,9.3,9.3,9.3,9.3,1.0,0.0,10.0,1.0,-9.3,-9.3,-9.3,-9.3,1.0,0.0,10.0,1.0,0.0,0.0,0.0,0.0,1.0,0.0,10.0,1.0,1014.9,1014.9,1014.9,1014.9,1.0,0.0,10.0,1.0,,,,,,,,,,,,,,,,,,,,,,,,,,,,,,,,,,,,,,,,,,,,,,,,,,,,,,,,,,,,,,,,,,,,,,,,,,,,,,,,,,,,,,,,,,,,,,,,,,,,,,,,,,,,,,,,,,,,,,,,,,,,,,,,
1900,10,22810,-125.7,-7.2,,,,,,,,,,,,,,,,,,,,,,,,,,,,,,,,,12.3,12.3,12.3,12.3,1.0,0.0,8.0,1.0,-11.32,-11.32,-11.32,-11.32,1.0,0.0,8.0,1.0,4.81,4.81,4.81,4.81,1.0,0.0,8.0,1.0,1012.7,1012.7,1012.7,1012.7,1.0,0.0,8.0,1.0,,,,,,,,,,,,,,,,,,,,,,,,,,,,,,,,,,,,,,,,,,,,,,,,,,,,,,,,,,,,,,,,,,,,,,,,,,,,,,,,,,,,,,,,,,,,,,,,,,,,,,,,,,,,,,,,,,,,,,,,,,,,,,,,
1900,10,22810,-125.7,34.3,,,,,,,,,,,,,,,,,,,,,,,,,,,,,,,,,4.93,5.65,6.37,5.65,2.0,1.48,12.0,1.0,0.99,3.11,5.23,3.11,2.0,4.39,12.0,1.0,-3.47,-1.05,1.38,-1.05,2.0,5.03,12.0,1.0,1014.9,1014.9,1014.9,1014.9,1.0,0.0,4.0,1.0,,,,,,,,,,,,,,,,,,,,,,,,,,,,,,,,,,,,,,,,,,,,,,,,,,,,,,,,,,,,,,,,,,,,,,,,,,,,,,,,,,,,,,,,,,,,,,,,,,,,,,,,,,,,,,,,,,,,,,,,,,,,,,,,
1900,10,22810,-125.6,-33.2,,,,,,,,,,,,,,,,,,,,,,,,,,,,,,,,,6.7,6.7,8.47,7.57,3.0,1.5,24.0,0.3,-5.13,-5.13,-4.8,-4.97,3.0,0.28,24.0,0.3,-6.86,-4.31,-4.31,-5.56,3.0,2.16,24.0,0.3,1016.34,1020.0,1022.19,1019.3,4.0,4.49,24.0,0.5,,,,,,,,,,,,,,,,,,,,,,,,,,,,,,,,,,,,,,,,,,,,,,,,,,,,,,,,,,,,,,,,,,,,,,,,,,,,,,,,,,,,,,,,,,,,,,,,,,,,,,,,,,,,,,,,,,,,,,,,,,,,,,,,
1900,10,22810,-125.6,22.6,,,,,,,,,,,,,,,,,,,,,,,,,,,,,,,,,3.23,4.6,7.81,5.5,3.0,3.44,4.0,1.0,-4.06,-3.63,-1.15,-2.63,3.0,2.3,4.0,1.0,-6.67,-2.6,-2.0,-4.29,3.0,3.72,4.0,1.0,1015.75,1015.85,1015.95,1015.85,2.0,0.21,4.0,1.0,,,,,,,,,,,,,,,,,,,,,,,,,,,,,,,,,,,,,,,,,,,,,,,,,,,,,,,,,,,,,,,,,,,,,,,,,,,,,,,,,,,,,,,,,,,,,,,,,,,,,,,,,,,,,,,,,,,,,,,,,,,,,,,,
1900,10,22810,-125.6,24.3,,,,,,,,,,,,,,,,,,,,,,,,,,,,,,,,,1.51,2.6,5.4,3.43,3.0,2.94,18.0,1.0,-4.56,-1.02,-0.59,-2.54,3.0,3.2,18.0,1.0,-2.47,-2.39,-1.39,-1.94,3.0,0.89,18.0,1.0,1015.06,1015.2,1015.34,1015.2,2.0,0.28,14.0,1.0,,,,,,,,,,,,,,,,,,,,,,,,,,,,,,,,,,,,,,,,,,,,,,,,,,,,,,,,,,,,,,,,,,,,,,,,,,,,,,,,,,,,,,,,,,,,,,,,,,,,,,,,,,,,,,,,,,,,,,,,,,,,,,,,
1900,10,22810,-125.6,32.3,,,,,,,,,,,,,,,,,,,,,,,,,,,,,,,,,5.27,6.7,8.47,6.87,3.0,2.35,16.0,1.0,0.0,0.0,5.89,2.87,3.0,4.98,16.0,1.0,-6.03,-4.6,0.92,-2.61,3.0,5.38,16.0,1.0,1016.4,1016.4,1016.4,1016.4,1.0,0.0,4.0,1.0,,,,,,,,,,,,,,,,,,,,,,,,,,,,,,,,,,,,,,,,,,,,,,,,,,,,,,,,,,,,,,,,,,,,,,,,,,,,,,,,,,,,,,,,,,,,,,,,,,,,,,,,,,,,,,,,,,,,,,,,,,,,,,,,
1900,10,22810,-125.5,0.6,,,,,,,,,,,,,,,,,,,,,,,,,,,,,,,,,4.6,5.65,9.01,6.3,8.0,2.07,8.0,0.8,-7.49,-2.4,-1.79,-3.75,8.0,2.85,8.0,0.8,3.67,4.29,6.04,4.61,8.0,1.08,8.0,0.8,1010.24,1011.5,1012.34,1011.39,7.0,1.41,10.0,0.7,,,,,,,,,,,,,,,,,,,,,,,,,,,,,,,,,,,,,,,,,,,,,,,,,,,,,,,,,,,,,,,,,,,,,,,,,,,,,,,,,,,,,,,,,,,,,,,,,,,,,,,,,,,,,,,,,,,,,,,,,,,,,,,,
1900,10,22810,-125.5,30.4,,,,,,,,,,,,,,,,,,,,,,,,,,,,,,,,,3.55,4.6,7.06,5.28,4.0,2.84,18.0,1.0,-3.96,-2.72,-0.35,-2.18,4.0,2.35,18.0,1.0,-6.5,-3.32,-2.05,-4.23,4.0,3.07,18.0,1.0,1019.0,1019.0,1019.0,1019.0,1.0,0.0,6.0,1.0,,,,,,,,,,,,,,,,,,,,,,,,,,,,,,,,,,,,,,,,,,,,,,,,,,,,,,,,,,,,,,,,,,,,,,,,,,,,,,,,,,,,,,,,,,,,,,,,,,,,,,,,,,,,,,,,,,,,,,,,,,,,,,,,
1900,10,22810,-125.4,26.3,,,,,,,,,,,,,,,,,,,,,,,,,,,,,,,,,3.23,4.6,6.03,4.63,3.0,2.05,20.0,1.0,-1.83,-1.8,-0.57,-1.21,3.0,1.05,20.0,1.0,-5.92,-4.23,-2.6,-4.26,3.0,2.43,20.0,1.0,1019.5,1019.5,1019.5,1019.5,1.0,0.0,8.0,1.0,,,,,,,,,,,,,,,,,,,,,,,,,,,,,,,,,,,,,,,,,,,,,,,,,,,,,,,,,,,,,,,,,,,,,,,,,,,,,,,,,,,,,,,,,,,,,,,,,,,,,,,,,,,,,,,,,,,,,,,,,,,,,,,,
1900,10,22810,-125.4,46.3,,,,,,,,,,,,,,,,,,,,,,,,,,,,,,,,,4.6,4.6,7.81,6.17,3.0,2.71,4.0,1.0,-5.95,-4.6,-2.64,-4.3,3.0,2.44,4.0,1.0,-4.49,0.0,2.91,-0.77,3.0,5.46,4.0,1.0,1003.76,1003.9,1016.05,1009.77,3.0,10.34,4.0,1.0,,,,,,,,,,,,,,,,,,,,,,,,,,,,,,,,,,,,,,,,,,,,,,,,,,,,,,,,,,,,,,,,,,,,,,,,,,,,,,,,,,,,,,,,,,,,,,,,,,,,,,,,,,,,,,,,,,,,,,,,,,,,,,,,
1900,10,22810,-125.3,-29.3,,,,,,,,,,,,,,,,,,,,,,,,,,,,,,,,,2.6,2.6,4.6,3.37,11.0,1.57,22.0,0.5,-4.12,-1.84,-0.56,-2.34,11.0,1.79,22.0,0.5,1.29,1.99,2.91,2.13,11.0,0.88,22.0,0.5,1018.89,1020.3,1024.76,1021.27,10.0,2.97,22.0,0.5,,,,,,,,,,,,,,,,,,,,,,,,,,,,,,,,,,,,,,,,,,,,,,,,,,,,,,,,,,,,,,,,,,,,,,,,,,,,,,,,,,,,,,,,,,,,,,,,,,,,,,,,,,,,,,,,,,,,,,,,,,,,,,,,
1900,10,22810,-125.3,44.7,,,,,,,,,,,,,,,,,,,,,,,,,,,,,,,,,4.83,8.0,12.3,8.15,8.0,4.16,8.0,0.5,2.26,5.71,7.82,5.41,8.0,3.26,8.0,0.5,-9.06,1.47,4.19,-1.4,8.0,6.85,8.0,0.5,1009.12,1014.4,1023.44,1015.66,9.0,7.13,8.0,0.6,,,,,,,,,,,,,,,,,,,,,,,,,,,,,,,,,,,,,,,,,,,,,,,,,,,,,,,,,,,,,,,,,,,,,,,,,,,,,,,,,,,,,,,,,,,,,,,,,,,,,,,,,,,,,,,,,,,,,,,,,,,,,,,,
1900,10,22810,-125.3,48.7,,,,,,,,,,,,,,,,,,,,,,,,,,,,,,,,,0.0,1.0,4.6,2.18,95.0,2.26,10.0,0.5,-2.48,0.0,0.92,-0.73,95.0,2.36,10.0,0.5,-0.39,0.0,1.8,0.6,95.0,1.84,10.0,0.5,1015.58,1016.6,1016.74,1016.17,3.0,0.93,24.0,1.0,,,,,,,,,,,,,,,,,,,,,,,,,,,,,,,,,,,,,,,,,,,,,,,,,,,,,,,,,,,,,,,,,,,,,,,,,,,,,,,,,,,,,,,,,,,,,,,,,,,,,,,,,,,,,,,,,,,,,,,,,,,,,,,,
1900,10,22810,-125.2,-27.5,,,,,,,,,,,,,,,,,,,,,,,,,,,,,,,,,2.6,5.65,6.7,4.98,6.0,2.02,20.0,0.7,-0.5,0.44,2.55,0.72,6.0,2.06,20.0,0.7,-6.7,-1.71,3.65,-1.26,6.0,5.21,20.0,0.7,1014.8,1015.9,1016.8,1016.09,7.0,1.4,20.0,0.6,,,,,,,,,,,,,,,,,,,,,,,,,,,,,,,,,,,,,,,,,,,,,,,,,,,,,,,,,,,,,,,,,,,,,,,,,,,,,,,,,,,,,,,,,,,,,,,,,,,,,,,,,,,,,,,,,,,,,,,,,,,,,,,,
1900,10,22810,-125.2,-15.7,,,,,,,,,,,,,,,,,,,,,,,,,,,,,,,,,9.3,9.3,9.3,9.3,1.0,0.0,12.0,1.0,-8.62,-8.62,-8.62,-8.62,1.0,0.0,12.0,1.0,-3.48,-3.48,-3.48,-3.48,1.0,0.0,12.0,1.0,1014.0,1014.0,1014.0,1014.0,1.0,0.0,12.0,1.0,,,,,,,,,,,,,,,,,,,,,,,,,,,,,,,,,,,,,,,,,,,,,,,,,,,,,,,,,,,,,,,,,,,,,,,,,,,,,,,,,,,,,,,,,,,,,,,,,,,,,,,,,,,,,,,,,,,,,,,,,,,,,,,,
1900,10,22810,-125.2,-3.7,,,,,,,,,,,,,,,,,,,,,,,,,,,,,,,,,6.7,6.7,6.7,6.7,1.0,0.0,8.0,1.0,-6.7,-6.7,-6.7,-6.7,1.0,0.0,8.0,1.0,0.0,0.0,0.0,0.0,1.0,0.0,8.0,1.0,1011.4,1011.4,1011.4,1011.4,1.0,0.0,8.0,1.0,,,,,,,,,,,,,,,,,,,,,,,,,,,,,,,,,,,,,,,,,,,,,,,,,,,,,,,,,,,,,,,,,,,,,,,,,,,,,,,,,,,,,,,,,,,,,,,,,,,,,,,,,,,,,,,,,,,,,,,,,,,,,,,,
1900,10,22810,-125.2,2.1,,,,,,,,,,,,,,,,,,,,,,,,,,,,,,,,,4.93,5.65,6.37,5.65,2.0,1.48,8.0,0.5,-4.14,-3.78,-3.42,-3.78,2.0,0.75,8.0,0.5,3.55,4.19,4.83,4.19,2.0,1.33,8.0,0.5,1009.53,1011.1,1011.51,1010.53,3.0,1.53,8.0,0.3,,,,,,,,,,,,,,,,,,,,,,,,,,,,,,,,,,,,,,,,,,,,,,,,,,,,,,,,,,,,,,,,,,,,,,,,,,,,,,,,,,,,,,,,,,,,,,,,,,,,,,,,,,,,,,,,,,,,,,,,,,,,,,,,
1900,10,22810,-123.7,-35.7,,,,,,,,,,,,,,,,,,,,,,,,,,,,,,,,,6.7,6.7,6.7,6.7,4.0,0.0,26.0,0.8,0.0,0.0,0.61,0.29,4.0,0.58,26.0,0.8,6.65,6.7,6.7,6.67,4.0,0.05,26.0,0.8,1009.08,1009.9,1010.24,1009.67,3.0,0.87,26.0,0.7,,,,,,,,,,,,,,,,,,,,,,,,,,,,,,,,,,,,,,,,,,,,,,,,,,,,,,,,,,,,,,,,,,,,,,,,,,,,,,,,,,,,,,,,,,,,,,,,,,,,,,,,,,,,,,,,,,,,,,,,,,,,,,,,
1900,10,22810,-123.7,-27.8,,,,,,,,,,,,,,,,,,,,,,,,,,,,,,,,,2.6,2.6,4.6,3.74,8.0,2.54,24.0,0.6,-0.79,1.55,2.39,0.24,8.0,3.77,24.0,0.6,-0.5,2.33,3.59,1.97,8.0,1.91,24.0,0.6,1015.91,1017.1,1022.08,1018.27,6.0,3.16,24.0,0.5,,,,,,,,,,,,,,,,,,,,,,,,,,,,,,,,,,,,,,,,,,,,,,,,,,,,,,,,,,,,,,,,,,,,,,,,,,,,,,,,,,,,,,,,,,,,,,,,,,,,,,,,,,,,,,,,,,,,,,,,,,,,,,,,
1900,10,22810,-123.7,-15.2,,,,,,,,,,,,,,,,,,,,,,,,,,,,,,,,,6.7,6.7,6.7,6.7,1.0,0.0,22.0,1.0,-6.17,-6.17,-6.17,-6.17,1.0,0.0,22.0,1.0,2.62,2.62,2.62,2.62,1.0,0.0,22.0,1.0,1015.59,1016.0,1016.41,1016.0,2.0,0.85,12.0,1.0,,,,,,,,,,,,,,,,,,,,,,,,,,,,,,,,,,,,,,,,,,,,,,,,,,,,,,,,,,,,,,,,,,,,,,,,,,,,,,,,,,,,,,,,,,,,,,,,,,,,,,,,,,,,,,,,,,,,,,,,,,,,,,,,
1900,10,22810,-123.7,-11.7,,,,,,,,,,,,,,,,,,,,,,,,,,,,,,,,,9.3,9.3,9.3,9.3,1.0,0.0,20.0,1.0,-8.56,-8.56,-8.56,-8.56,1.0,0.0,20.0,1.0,3.63,3.63,3.63,3.63,1.0,0.0,20.0,1.0,1014.26,1015.9,1017.54,1015.9,2.0,3.39,12.0,1.0,,,,,,,,,,,,,,,,,,,,,,,,,,,,,,,,,,,,,,,,,,,,,,,,,,,,,,,,,,,,,,,,,,,,,,,,,,,,,,,,,,,,,,,,,,,,,,,,,,,,,,,,,,,,,,,,,,,,,,,,,,,,,,,,
1900,10,22810,-123.7,2.4,,,,,,,,,,,,,,,,,,,,,,,,,,,,,,,,,4.55,6.7,6.7,5.68,4.0,2.05,10.0,1.0,-2.51,-2.51,-1.71,-2.13,4.0,0.77,10.0,1.0,4.22,6.21,6.21,5.26,4.0,1.9,10.0,1.0,1009.63,1010.15,1012.07,1010.44,8.0,1.54,8.0,0.8,,,,,,,,,,,,,,,,,,,,,,,,,,,,,,,,,,,,,,,,,,,,,,,,,,,,,,,,,,,,,,,,,,,,,,,,,,,,,,,,,,,,,,,,,,,,,,,,,,,,,,,,,,,,,,,,,,,,,,,,,,,,,,,,
1900,10,22810,-123.7,26.4,,,,,,,,,,,,,,,,,,,,,,,,,,,,,,,,,2.6,2.6,3.97,3.27,3.0,1.15,16.0,1.0,-2.22,0.0,0.0,-1.08,3.0,1.88,16.0,1.0,-3.05,-2.6,-2.6,-2.82,3.0,0.38,16.0,1.0,1019.5,1019.5,1019.5,1019.5,1.0,0.0,8.0,1.0,,,,,,,,,,,,,,,,,,,,,,,,,,,,,,,,,,,,,,,,,,,,,,,,,,,,,,,,,,,,,,,,,,,,,,,,,,,,,,,,,,,,,,,,,,,,,,,,,,,,,,,,,,,,,,,,,,,,,,,,,,,,,,,,
1900,10,22810,-123.7,32.3,,,,,,,,,,,,,,,,,,,,,,,,,,,,,,,,,9.3,9.3,9.3,9.3,1.0,0.0,4.0,1.0,8.62,8.62,8.62,8.62,1.0,0.0,4.0,1.0,3.48,3.48,3.48,3.48,1.0,0.0,4.0,1.0,1016.8,1016.8,1016.8,1016.8,1.0,0.0,4.0,1.0,,,,,,,,,,,,,,,,,,,,,,,,,,,,,,,,,,,,,,,,,,,,,,,,,,,,,,,,,,,,,,,,,,,,,,,,,,,,,,,,,,,,,,,,,,,,,,,,,,,,,,,,,,,,,,,,,,,,,,,,,,,,,,,,
1900,10,22810,-123.6,-29.2,,,,,,,,,,,,,,,,,,,,,,,,,,,,,,,,,2.6,2.6,3.97,3.27,3.0,1.15,24.0,1.0,-1.8,-1.72,-1.15,-1.48,3.0,0.52,24.0,1.0,2.03,2.44,3.69,2.85,3.0,1.26,24.0,1.0,1016.78,1019.1,1024.97,1020.83,3.0,6.18,24.0,1.0,,,,,,,,,,,,,,,,,,,,,,,,,,,,,,,,,,,,,,,,,,,,,,,,,,,,,,,,,,,,,,,,,,,,,,,,,,,,,,,,,,,,,,,,,,,,,,,,,,,,,,,,,,,,,,,,,,,,,,,,,,,,,,,,
1900,10,22810,-123.6,-19.6,,,,,,,,,,,,,,,,,,,,,,,,,,,,,,,,,9.3,9.3,11.35,10.3,3.0,1.73,14.0,1.0,-10.74,-9.3,-9.3,-10.0,3.0,1.21,14.0,1.0,-3.15,0.0,0.0,-1.54,3.0,2.66,14.0,1.0,1015.25,1016.0,1019.55,1017.37,3.0,3.37,14.0,1.0,,,,,,,,,,,,,,,,,,,,,,,,,,,,,,,,,,,,,,,,,,,,,,,,,,,,,,,,,,,,,,,,,,,,,,,,,,,,,,,,,,,,,,,,,,,,,,,,,,,,,,,,,,,,,,,,,,,,,,,,,,,,,,,,
1900,10,22810,-123.6,24.6,,,,,,,,,,,,,,,,,,,,,,,,,,,,,,,,,2.6,2.6,7.17,4.83,3.0,3.87,18.0,1.0,-3.06,-1.84,-0.58,-1.82,3.0,1.82,18.0,1.0,-6.67,-2.6,-2.08,-4.33,3.0,3.68,18.0,1.0,1016.4,1016.4,1016.4,1016.4,1.0,0.0,6.0,1.0,,,,,,,,,,,,,,,,,,,,,,,,,,,,,,,,,,,,,,,,,,,,,,,,,,,,,,,,,,,,,,,,,,,,,,,,,,,,,,,,,,,,,,,,,,,,,,,,,,,,,,,,,,,,,,,,,,,,,,,,,,,,,,,,
1900,10,22810,-123.6,28.3,,,,,,,,,,,,,,,,,,,,,,,,,,,,,,,,,3.23,4.6,6.03,4.63,3.0,2.05,10.0,1.0,-4.27,-3.25,0.6,-1.87,3.0,3.76,10.0,1.0,-4.27,-3.25,-1.73,-3.0,3.0,1.87,10.0,1.0,1018.54,1018.85,1019.16,1018.85,2.0,0.64,6.0,1.0,,,,,,,,,,,,,,,,,,,,,,,,,,,,,,,,,,,,,,,,,,,,,,,,,,,,,,,,,,,,,,,,,,,,,,,,,,,,,,,,,,,,,,,,,,,,,,,,,,,,,,,,,,,,,,,,,,,,,,,,,,,,,,,,
1900,10,22810,-123.5,20.6,,,,,,,,,,,,,,,,,,,,,,,,,,,,,,,,,4.55,8.0,9.3,6.98,4.0,3.16,16.0,1.0,-5.24,-1.82,0.0,-2.58,4.0,3.24,16.0,1.0,-8.95,-5.58,-1.24,-5.12,4.0,4.54,16.0,1.0,1013.23,1013.3,1014.19,1013.7,3.0,0.78,12.0,1.0,,,,,,,,,,,,,,,,,,,,,,,,,,,,,,,,,,,,,,,,,,,,,,,,,,,,,,,,,,,,,,,,,,,,,,,,,,,,,,,,,,,,,,,,,,,,,,,,,,,,,,,,,,,,,,,,,,,,,,,,,,,,,,,,
1900,10,22810,-123.5,22.5,,,,,,,,,,,,,,,,,,,,,,,,,,,,,,,,,3.55,5.65,8.06,5.8,4.0,2.87,22.0,1.0,-4.69,-2.61,-2.18,-3.4,4.0,2.15,22.0,1.0,-6.38,-5.2,-2.02,-4.24,4.0,3.01,22.0,1.0,1015.03,1016.4,1017.77,1016.4,2.0,2.83,16.0,1.0,,,,,,,,,,,,,,,,,,,,,,,,,,,,,,,,,,,,,,,,,,,,,,,,,,,,,,,,,,,,,,,,,,,,,,,,,,,,,,,,,,,,,,,,,,,,,,,,,,,,,,,,,,,,,,,,,,,,,,,,,,,,,,,,
1900,10,22810,-123.4,-21.4,,,,,,,,,,,,,,,,,,,,,,,,,,,,,,,,,5.27,6.7,8.47,6.87,3.0,2.35,14.0,1.0,-8.01,-6.7,-5.27,-6.64,3.0,2.01,14.0,1.0,-2.38,0.0,0.0,-1.16,3.0,2.01,14.0,1.0,1017.23,1017.5,1019.07,1018.13,3.0,1.46,14.0,1.0,,,,,,,,,,,,,,,,,,,,,,,,,,,,,,,,,,,,,,,,,,,,,,,,,,,,,,,,,,,,,,,,,,,,,,,,,,,,,,,,,,,,,,,,,,,,,,,,,,,,,,,,,,,,,,,,,,,,,,,,,,,,,,,,
1900,10,22810,-123.2,-37.2,,,,,,,,,,,,,,,,,,,,,,,,,,,,,,,,,5.6,6.7,8.06,6.83,4.0,1.92,26.0,0.3,0.0,3.15,7.8,3.86,4.0,4.61,26.0,0.3,1.94,3.45,5.7,3.8,4.0,2.32,26.0,0.3,1006.29,1007.9,1008.25,1007.3,4.0,1.5,26.0,0.3,,,,,,,,,,,,,,,,,,,,,,,,,,,,,,,,,,,,,,,,,,,,,,,,,,,,,,,,,,,,,,,,,,,,,,,,,,,,,,,,,,,,,,,,,,,,,,,,,,,,,,,,,,,,,,,,,,,,,,,,,,,,,,,,
1900,10,22810,-123.2,-25.2,,,,,,,,,,,,,,,,,,,,,,,,,,,,,,,,,6.7,6.7,6.7,6.7,1.0,0.0,8.0,1.0,-6.21,-6.21,-6.21,-6.21,1.0,0.0,8.0,1.0,-2.51,-2.51,-2.51,-2.51,1.0,0.0,8.0,1.0,1019.0,1019.0,1019.0,1019.0,1.0,0.0,8.0,1.0,,,,,,,,,,,,,,,,,,,,,,,,,,,,,,,,,,,,,,,,,,,,,,,,,,,,,,,,,,,,,,,,,,,,,,,,,,,,,,,,,,,,,,,,,,,,,,,,,,,,,,,,,,,,,,,,,,,,,,,,,,,,,,,,
1900,10,22810,-123.2,-23.2,,,,,,,,,,,,,,,,,,,,,,,,,,,,,,,,,4.6,4.6,4.6,4.6,1.0,0.0,6.0,1.0,-4.27,-4.27,-4.27,-4.27,1.0,0.0,6.0,1.0,-1.72,-1.72,-1.72,-1.72,1.0,0.0,6.0,1.0,1017.1,1017.1,1017.1,1017.1,1.0,0.0,6.0,1.0,,,,,,,,,,,,,,,,,,,,,,,,,,,,,,,,,,,,,,,,,,,,,,,,,,,,,,,,,,,,,,,,,,,,,,,,,,,,,,,,,,,,,,,,,,,,,,,,,,,,,,,,,,,,,,,,,,,,,,,,,,,,,,,,
1900,10,22810,-123.2,-17.7,,,,,,,,,,,,,,,,,,,,,,,,,,,,,,,,,6.7,6.7,6.7,6.7,1.0,0.0,22.0,1.0,-6.21,-6.21,-6.21,-6.21,1.0,0.0,22.0,1.0,-2.51,-2.51,-2.51,-2.51,1.0,0.0,22.0,1.0,1019.8,1019.8,1019.8,1019.8,1.0,0.0,22.0,1.0,,,,,,,,,,,,,,,,,,,,,,,,,,,,,,,,,,,,,,,,,,,,,,,,,,,,,,,,,,,,,,,,,,,,,,,,,,,,,,,,,,,,,,,,,,,,,,,,,,,,,,,,,,,,,,,,,,,,,,,,,,,,,,,,
1900,10,22810,-123.2,-5.7,,,,,,,,,,,,,,,,,,,,,,,,,,,,,,,,,9.3,9.3,9.3,9.3,1.0,0.0,18.0,1.0,-8.56,-8.56,-8.56,-8.56,1.0,0.0,18.0,1.0,3.63,3.63,3.63,3.63,1.0,0.0,18.0,1.0,1016.7,1016.7,1016.7,1016.7,1.0,0.0,18.0,1.0,,,,,,,,,,,,,,,,,,,,,,,,,,,,,,,,,,,,,,,,,,,,,,,,,,,,,,,,,,,,,,,,,,,,,,,,,,,,,,,,,,,,,,,,,,,,,,,,,,,,,,,,,,,,,,,,,,,,,,,,,,,,,,,,
1900,10,22810,-123.2,14.3,,,,,,,,,,,,,,,,,,,,,,,,,,,,,,,,,0.73,2.3,3.87,2.3,2.0,3.25,2.0,1.0,0.0,0.0,0.0,0.0,2.0,0.0,2.0,1.0,-3.87,-2.3,-0.73,-2.3,2.0,3.25,2.0,1.0,1014.76,1014.9,1015.04,1014.9,2.0,0.28,2.0,1.0,,,,,,,,,,,,,,,,,,,,,,,,,,,,,,,,,,,,,,,,,,,,,,,,,,,,,,,,,,,,,,,,,,,,,,,,,,,,,,,,,,,,,,,,,,,,,,,,,,,,,,,,,,,,,,,,,,,,,,,,,,,,,,,,
1900,10,22810,-123.2,30.3,,,,,,,,,,,,,,,,,,,,,,,,,,,,,,,,,4.6,4.6,4.6,4.6,1.0,0.0,6.0,1.0,-3.25,-3.25,-3.25,-3.25,1.0,0.0,6.0,1.0,-3.25,-3.25,-3.25,-3.25,1.0,0.0,6.0,1.0,1017.2,1017.2,1017.2,1017.2,1.0,0.0,6.0,1.0,,,,,,,,,,,,,,,,,,,,,,,,,,,,,,,,,,,,,,,,,,,,,,,,,,,,,,,,,,,,,,,,,,,,,,,,,,,,,,,,,,,,,,,,,,,,,,,,,,,,,,,,,,,,,,,,,,,,,,,,,,,,,,,,
1900,10,22810,-121.9,-37.7,,,,,,,,,,,,,,,,,,,,,,,,,,,,,,,,,7.11,8.0,8.89,8.0,2.0,1.84,26.0,1.0,6.83,7.33,7.82,7.33,2.0,1.03,26.0,1.0,1.72,2.91,4.1,2.91,2.0,2.47,26.0,1.0,1003.48,1004.3,1005.12,1004.3,2.0,1.7,26.0,1.0,,,,,,,,,,,,,,,,,,,,,,,,,,,,,,,,,,,,,,,,,,,,,,,,,,,,,,,,,,,,,,,,,,,,,,,,,,,,,,,,,,,,,,,,,,,,,,,,,,,,,,,,,,,,,,,,,,,,,,,,,,,,,,,,
1900,10,22810,-121.7,-47.7,,,,,,,,,,,,,,,,,,,,,,,,,,,,,,,,,12.3,12.3,12.3,12.3,1.0,0.0,28.0,1.0,4.61,4.61,4.61,4.61,1.0,0.0,28.0,1.0,-11.4,-11.4,-11.4,-11.4,1.0,0.0,28.0,1.0,988.3,988.3,988.3,988.3,1.0,0.0,28.0,1.0,,,,,,,,,,,,,,,,,,,,,,,,,,,,,,,,,,,,,,,,,,,,,,,,,,,,,,,,,,,,,,,,,,,,,,,,,,,,,,,,,,,,,,,,,,,,,,,,,,,,,,,,,,,,,,,,,,,,,,,,,,,,,,,,
1900,10,22810,-121.7,-31.6,,,,,,,,,,,,,,,,,,,,,,,,,,,,,,,,,3.9,6.7,8.47,6.2,3.0,3.38,20.0,1.0,0.0,0.0,5.84,2.85,3.0,4.94,20.0,1.0,-5.73,-3.63,-2.93,-4.31,3.0,2.13,20.0,1.0,1012.98,1015.3,1018.37,1015.67,3.0,3.96,20.0,1.0,,,,,,,,,,,,,,,,,,,,,,,,,,,,,,,,,,,,,,,,,,,,,,,,,,,,,,,,,,,,,,,,,,,,,,,,,,,,,,,,,,,,,,,,,,,,,,,,,,,,,,,,,,,,,,,,,,,,,,,,,,,,,,,,
1900,10,22810,-121.7,-29.7,,,,,,,,,,,,,,,,,,,,,,,,,,,,,,,,,2.6,2.6,2.6,2.6,1.0,0.0,18.0,1.0,0.97,0.97,0.97,0.97,1.0,0.0,18.0,1.0,-2.41,-2.41,-2.41,-2.41,1.0,0.0,18.0,1.0,1017.9,1017.9,1017.9,1017.9,1.0,0.0,18.0,1.0,,,,,,,,,,,,,,,,,,,,,,,,,,,,,,,,,,,,,,,,,,,,,,,,,,,,,,,,,,,,,,,,,,,,,,,,,,,,,,,,,,,,,,,,,,,,,,,,,,,,,,,,,,,,,,,,,,,,,,,,,,,,,,,,
1900,10,22810,-121.7,-27.5,,,,,,,,,,,,,,,,,,,,,,,,,,,,,,,,,2.6,2.6,2.6,2.6,2.0,0.0,16.0,1.0,0.29,0.92,1.55,0.92,2.0,1.3,16.0,1.0,-2.48,-2.22,-1.96,-2.22,2.0,0.54,16.0,1.0,1018.41,1019.3,1020.67,1019.53,3.0,1.66,14.0,1.0,,,,,,,,,,,,,,,,,,,,,,,,,,,,,,,,,,,,,,,,,,,,,,,,,,,,,,,,,,,,,,,,,,,,,,,,,,,,,,,,,,,,,,,,,,,,,,,,,,,,,,,,,,,,,,,,,,,,,,,,,,,,,,,,
1900,10,22810,-121.7,-25.5,,,,,,,,,,,,,,,,,,,,,,,,,,,,,,,,,4.6,4.6,4.6,4.6,2.0,0.0,20.0,1.0,0.0,0.0,0.0,0.0,2.0,0.0,20.0,1.0,-3.14,0.0,3.14,0.0,2.0,6.51,20.0,1.0,1020.45,1020.55,1020.65,1020.55,2.0,0.21,20.0,1.0,,,,,,,,,,,,,,,,,,,,,,,,,,,,,,,,,,,,,,,,,,,,,,,,,,,,,,,,,,,,,,,,,,,,,,,,,,,,,,,,,,,,,,,,,,,,,,,,,,,,,,,,,,,,,,,,,,,,,,,,,,,,,,,,
1900,10,22810,-121.7,-19.2,,,,,,,,,,,,,,,,,,,,,,,,,,,,,,,,,2.6,2.6,2.6,2.6,1.0,0.0,2.0,1.0,-2.39,-2.39,-2.39,-2.39,1.0,0.0,2.0,1.0,1.02,1.02,1.02,1.02,1.0,0.0,2.0,1.0,1017.6,1017.6,1017.6,1017.6,1.0,0.0,2.0,1.0,,,,,,,,,,,,,,,,,,,,,,,,,,,,,,,,,,,,,,,,,,,,,,,,,,,,,,,,,,,,,,,,,,,,,,,,,,,,,,,,,,,,,,,,,,,,,,,,,,,,,,,,,,,,,,,,,,,,,,,,,,,,,,,,
1900,10,22810,-121.7,-17.2,,,,,,,,,,,,,,,,,,,,,,,,,,,,,,,,,4.6,4.6,4.6,4.6,1.0,0.0,2.0,1.0,-4.27,-4.27,-4.27,-4.27,1.0,0.0,2.0,1.0,-1.72,-1.72,-1.72,-1.72,1.0,0.0,2.0,1.0,1016.3,1016.3,1016.3,1016.3,1.0,0.0,2.0,1.0,,,,,,,,,,,,,,,,,,,,,,,,,,,,,,,,,,,,,,,,,,,,,,,,,,,,,,,,,,,,,,,,,,,,,,,,,,,,,,,,,,,,,,,,,,,,,,,,,,,,,,,,,,,,,,,,,,,,,,,,,,,,,,,,
1900,10,22810,-121.7,-9.2,,,,,,,,,,,,,,,,,,,,,,,,,,,,,,,,,9.3,9.3,9.3,9.3,1.0,0.0,2.0,1.0,-8.56,-8.56,-8.56,-8.56,1.0,0.0,2.0,1.0,3.63,3.63,3.63,3.63,1.0,0.0,2.0,1.0,1011.9,1011.9,1011.9,1011.9,1.0,0.0,2.0,1.0,,,,,,,,,,,,,,,,,,,,,,,,,,,,,,,,,,,,,,,,,,,,,,,,,,,,,,,,,,,,,,,,,,,,,,,,,,,,,,,,,,,,,,,,,,,,,,,,,,,,,,,,,,,,,,,,,,,,,,,,,,,,,,,,
1900,10,22810,-121.7,2.8,,,,,,,,,,,,,,,,,,,,,,,,,,,,,,,,,2.6,2.6,2.6,2.6,2.0,0.0,4.0,1.0,-0.82,-0.49,-0.15,-0.49,2.0,0.69,4.0,1.0,2.44,2.51,2.57,2.51,2.0,0.13,4.0,1.0,1010.14,1010.8,1012.24,1011.08,5.0,1.47,6.0,0.6,,,,,,,,,,,,,,,,,,,,,,,,,,,,,,,,,,,,,,,,,,,,,,,,,,,,,,,,,,,,,,,,,,,,,,,,,,,,,,,,,,,,,,,,,,,,,,,,,,,,,,,,,,,,,,,,,,,,,,,,,,,,,,,,
1900,10,22810,-121.7,12.3,,,,,,,,,,,,,,,,,,,,,,,,,,,,,,,,,0.0,0.0,0.0,0.0,1.0,0.0,4.0,1.0,0.0,0.0,0.0,0.0,1.0,0.0,4.0,1.0,0.0,0.0,0.0,0.0,1.0,0.0,4.0,1.0,1013.2,1013.2,1013.2,1013.2,1.0,0.0,4.0,1.0,,,,,,,,,,,,,,,,,,,,,,,,,,,,,,,,,,,,,,,,,,,,,,,,,,,,,,,,,,,,,,,,,,,,,,,,,,,,,,,,,,,,,,,,,,,,,,,,,,,,,,,,,,,,,,,,,,,,,,,,,,,,,,,,
1900,10,22810,-121.7,24.8,,,,,,,,,,,,,,,,,,,,,,,,,,,,,,,,,6.7,6.7,6.7,6.7,1.0,0.0,8.0,1.0,-4.74,-4.74,-4.74,-4.74,1.0,0.0,8.0,1.0,-4.74,-4.74,-4.74,-4.74,1.0,0.0,8.0,1.0,1017.0,1017.0,1017.0,1017.0,1.0,0.0,8.0,1.0,,,,,,,,,,,,,,,,,,,,,,,,,,,,,,,,,,,,,,,,,,,,,,,,,,,,,,,,,,,,,,,,,,,,,,,,,,,,,,,,,,,,,,,,,,,,,,,,,,,,,,,,,,,,,,,,,,,,,,,,,,,,,,,,
1900,10,22810,-121.5,-21.4,,,,,,,,,,,,,,,,,,,,,,,,,,,,,,,,,1.76,2.6,3.65,2.7,4.0,1.47,2.0,1.0,-3.47,-1.81,-1.01,-2.22,4.0,1.56,2.0,1.0,-2.07,-0.86,0.0,-1.03,4.0,1.22,2.0,1.0,1017.53,1018.15,1018.92,1018.23,4.0,0.93,2.0,1.0,,,,,,,,,,,,,,,,,,,,,,,,,,,,,,,,,,,,,,,,,,,,,,,,,,,,,,,,,,,,,,,,,,,,,,,,,,,,,,,,,,,,,,,,,,,,,,,,,,,,,,,,,,,,,,,,,,,,,,,,,,,,,,,,
1900,10,22810,-121.5,4.6,,,,,,,,,,,,,,,,,,,,,,,,,,,,,,,,,3.87,6.7,6.7,5.46,5.0,1.84,12.0,1.0,-2.51,-1.72,0.37,-1.15,5.0,1.58,12.0,1.0,3.58,6.21,6.39,5.16,5.0,1.81,12.0,1.0,1009.03,1011.2,1012.53,1010.92,15.0,1.56,8.0,0.6,,,,,,,,,,,,,,,,,,,,,,,,,,,,,,,,,,,,,,,,,,,,,,,,,,,,,,,,,,,,,,,,,,,,,,,,,,,,,,,,,,,,,,,,,,,,,,,,,,,,,,,,,,,,,,,,,,,,,,,,,,,,,,,,
1900,10,22810,-121.5,14.5,,,,,,,,,,,,,,,,,,,,,,,,,,,,,,,,,1.76,3.6,5.7,3.73,4.0,2.47,20.0,1.0,-4.03,-1.63,0.96,-1.54,4.0,3.0,20.0,1.0,-4.03,-2.55,-1.4,-2.71,4.0,1.64,20.0,1.0,1011.86,1012.0,1012.14,1012.0,2.0,0.28,12.0,1.0,,,,,,,,,,,,,,,,,,,,,,,,,,,,,,,,,,,,,,,,,,,,,,,,,,,,,,,,,,,,,,,,,,,,,,,,,,,,,,,,,,,,,,,,,,,,,,,,,,,,,,,,,,,,,,,,,,,,,,,,,,,,,,,,
1900,10,22810,-121.4,-51.7,,,,,,,,,,,,,,,,,,,,,,,,,,,,,,,,,14.43,19.0,19.0,16.77,3.0,3.87,16.0,0.3,10.94,15.75,17.97,14.48,3.0,5.27,16.0,0.3,-5.94,0.0,7.25,0.64,3.0,9.68,16.0,0.3,1011.9,1011.9,1011.9,1011.9,1.0,0.0,12.0,1.0,,,,,,,,,,,,,,,,,,,,,,,,,,,,,,,,,,,,,,,,,,,,,,,,,,,,,,,,,,,,,,,,,,,,,,,,,,,,,,,,,,,,,,,,,,,,,,,,,,,,,,,,,,,,,,,,,,,,,,,,,,,,,,,,
1900,10,22810,-121.4,-39.3,,,,,,,,,,,,,,,,,,,,,,,,,,,,,,,,,7.53,9.3,9.3,8.43,3.0,1.5,28.0,0.3,7.07,8.74,8.74,7.92,3.0,1.41,28.0,0.3,2.57,3.18,3.18,2.88,3.0,0.51,28.0,0.3,1003.32,1004.0,1004.68,1004.0,3.0,1.0,28.0,0.3,,,,,,,,,,,,,,,,,,,,,,,,,,,,,,,,,,,,,,,,,,,,,,,,,,,,,,,,,,,,,,,,,,,,,,,,,,,,,,,,,,,,,,,,,,,,,,,,,,,,,,,,,,,,,,,,,,,,,,,,,,,,,,,,
1900,10,22810,-121.4,-23.4,,,,,,,,,,,,,,,,,,,,,,,,,,,,,,,,,1.0,2.6,2.6,1.96,5.0,0.88,12.0,1.0,-1.84,0.0,0.59,-0.47,5.0,1.3,12.0,1.0,-2.05,-1.84,-0.97,-1.6,5.0,0.63,12.0,1.0,1018.01,1019.1,1019.43,1018.74,5.0,1.18,12.0,1.0,,,,,,,,,,,,,,,,,,,,,,,,,,,,,,,,,,,,,,,,,,,,,,,,,,,,,,,,,,,,,,,,,,,,,,,,,,,,,,,,,,,,,,,,,,,,,,,,,,,,,,,,,,,,,,,,,,,,,,,,,,,,,,,,
1900,10,22810,-121.4,10.6,,,,,,,,,,,,,,,,,,,,,,,,,,,,,,,,,1.51,2.6,3.97,2.73,3.0,1.8,22.0,1.0,-1.14,0.37,1.35,0.11,3.0,1.83,22.0,1.0,-1.55,-0.93,2.6,0.49,3.0,3.27,22.0,1.0,1013.04,1013.55,1014.06,1013.55,2.0,1.06,4.0,1.0,,,,,,,,,,,,,,,,,,,,,,,,,,,,,,,,,,,,,,,,,,,,,,,,,,,,,,,,,,,,,,,,,,,,,,,,,,,,,,,,,,,,,,,,,,,,,,,,,,,,,,,,,,,,,,,,,,,,,,,,,,,,,,,,
1900,10,22810,-121.2,-35.2,,,,,,,,,,,,,,,,,,,,,,,,,,,,,,,,,9.3,9.3,9.3,9.3,1.0,0.0,20.0,1.0,3.48,3.48,3.48,3.48,1.0,0.0,20.0,1.0,-8.62,-8.62,-8.62,-8.62,1.0,0.0,20.0,1.0,1009.79,1011.5,1013.21,1011.5,2.0,3.54,20.0,1.0,,,,,,,,,,,,,,,,,,,,,,,,,,,,,,,,,,,,,,,,,,,,,,,,,,,,,,,,,,,,,,,,,,,,,,,,,,,,,,,,,,,,,,,,,,,,,,,,,,,,,,,,,,,,,,,,,,,,,,,,,,,,,,,,
1900,10,22810,-121.2,-3.2,,,,,,,,,,,,,,,,,,,,,,,,,,,,,,,,,6.7,6.7,6.7,6.7,1.0,0.0,18.0,1.0,-4.74,-4.74,-4.74,-4.74,1.0,0.0,18.0,1.0,4.74,4.74,4.74,4.74,1.0,0.0,18.0,1.0,1014.6,1014.6,1014.6,1014.6,1.0,0.0,18.0,1.0,,,,,,,,,,,,,,,,,,,,,,,,,,,,,,,,,,,,,,,,,,,,,,,,,,,,,,,,,,,,,,,,,,,,,,,,,,,,,,,,,,,,,,,,,,,,,,,,,,,,,,,,,,,,,,,,,,,,,,,,,,,,,,,,
1900,10,22810,-121.2,16.8,,,,,,,,,,,,,,,,,,,,,,,,,,,,,,,,,6.7,6.7,6.7,6.7,1.0,0.0,10.0,1.0,-4.74,-4.74,-4.74,-4.74,1.0,0.0,10.0,1.0,-4.74,-4.74,-4.74,-4.74,1.0,0.0,10.0,1.0,1010.7,1010.7,1010.7,1010.7,1.0,0.0,10.0,1.0,,,,,,,,,,,,,,,,,,,,,,,,,,,,,,,,,,,,,,,,,,,,,,,,,,,,,,,,,,,,,,,,,,,,,,,,,,,,,,,,,,,,,,,,,,,,,,,,,,,,,,,,,,,,,,,,,,,,,,,,,,,,,,,,
1900,10,22810,-121.2,20.8,,,,,,,,,,,,,,,,,,,,,,,,,,,,,,,,,2.6,2.6,2.6,2.6,1.0,0.0,24.0,1.0,-1.02,-1.02,-1.02,-1.02,1.0,0.0,24.0,1.0,-2.39,-2.39,-2.39,-2.39,1.0,0.0,24.0,1.0,1013.1,1013.1,1013.1,1013.1,1.0,0.0,24.0,1.0,,,,,,,,,,,,,,,,,,,,,,,,,,,,,,,,,,,,,,,,,,,,,,,,,,,,,,,,,,,,,,,,,,,,,,,,,,,,,,,,,,,,,,,,,,,,,,,,,,,,,,,,,,,,,,,,,,,,,,,,,,,,,,,,
1900,10,22810,-121.2,22.8,,,,,,,,,,,,,,,,,,,,,,,,,,,,,,,,,9.3,9.3,9.3,9.3,2.0,0.0,6.0,1.0,-6.11,-5.1,-4.1,-5.1,2.0,2.08,6.0,1.0,-8.25,-7.57,-6.89,-7.57,2.0,1.4,6.0,1.0,1014.97,1016.2,1017.43,1016.2,2.0,2.55,6.0,1.0,,,,,,,,,,,,,,,,,,,,,,,,,,,,,,,,,,,,,,,,,,,,,,,,,,,,,,,,,,,,,,,,,,,,,,,,,,,,,,,,,,,,,,,,,,,,,,,,,,,,,,,,,,,,,,,,,,,,,,,,,,,,,,,,
1900,10,22810,-119.9,-39.7,,,,,,,,,,,,,,,,,,,,,,,,,,,,,,,,,9.3,9.3,9.3,9.3,1.0,0.0,28.0,0.0,8.74,8.74,8.74,8.74,1.0,0.0,28.0,0.0,3.18,3.18,3.18,3.18,1.0,0.0,28.0,0.0,1003.4,1003.4,1003.4,1003.4,1.0,0.0,28.0,0.0,,,,,,,,,,,,,,,,,,,,,,,,,,,,,,,,,,,,,,,,,,,,,,,,,,,,,,,,,,,,,,,,,,,,,,,,,,,,,,,,,,,,,,,,,,,,,,,,,,,,,,,,,,,,,,,,,,,,,,,,,,,,,,,,
1900,10,22810,-119.7,10.5,,,,,,,,,,,,,,,,,,,,,,,,,,,,,,,,,1.48,4.65,7.82,4.65,2.0,6.58,22.0,1.0,-7.82,-4.65,-1.48,-4.65,2.0,6.58,22.0,1.0,0.0,0.0,0.0,0.0,2.0,0.0,22.0,1.0,1011.0,1011.0,1011.0,1011.0,1.0,0.0,14.0,1.0,,,,,,,,,,,,,,,,,,,,,,,,,,,,,,,,,,,,,,,,,,,,,,,,,,,,,,,,,,,,,,,,,,,,,,,,,,,,,,,,,,,,,,,,,,,,,,,,,,,,,,,,,,,,,,,,,,,,,,,,,,,,,,,,
1900,10,22810,-119.7,18.8,,,,,,,,,,,,,,,,,,,,,,,,,,,,,,,,,9.3,9.3,9.3,9.3,2.0,0.0,6.0,1.0,-5.53,-3.29,-1.04,-3.29,2.0,4.65,6.0,1.0,-8.87,-7.94,-7.01,-7.94,2.0,1.93,6.0,1.0,1011.52,1012.0,1012.48,1012.0,2.0,0.99,6.0,1.0,,,,,,,,,,,,,,,,,,,,,,,,,,,,,,,,,,,,,,,,,,,,,,,,,,,,,,,,,,,,,,,,,,,,,,,,,,,,,,,,,,,,,,,,,,,,,,,,,,,,,,,,,,,,,,,,,,,,,,,,,,,,,,,,
1900,10,22810,-119.6,-25.4,,,,,,,,,,,,,,,,,,,,,,,,,,,,,,,,,1.0,1.0,2.09,1.53,3.0,0.92,6.0,1.0,-0.86,-0.71,1.03,0.07,3.0,1.54,6.0,1.0,-1.37,-0.37,0.36,-0.5,3.0,1.28,6.0,1.0,1019.22,1019.7,1020.66,1019.93,3.0,1.07,6.0,1.0,,,,,,,,,,,,,,,,,,,,,,,,,,,,,,,,,,,,,,,,,,,,,,,,,,,,,,,,,,,,,,,,,,,,,,,,,,,,,,,,,,,,,,,,,,,,,,,,,,,,,,,,,,,,,,,,,,,,,,,,,,,,,,,,
1900,10,22810,-119.5,-41.2,,,,,,,,,,,,,,,,,,,,,,,,,,,,,,,,,10.73,12.3,12.3,11.55,4.0,1.5,28.0,1.0,10.3,11.56,11.95,11.14,4.0,1.37,28.0,1.0,-2.97,-0.81,2.2,-0.4,4.0,3.53,28.0,1.0,999.91,1001.0,1002.23,1001.07,3.0,1.7,28.0,1.0,,,,,,,,,,,,,,,,,,,,,,,,,,,,,,,,,,,,,,,,,,,,,,,,,,,,,,,,,,,,,,,,,,,,,,,,,,,,,,,,,,,,,,,,,,,,,,,,,,,,,,,,,,,,,,,,,,,,,,,,,,,,,,,,
1900,10,22810,-119.5,-23.7,,,,,,,,,,,,,,,,,,,,,,,,,,,,,,,,,1.0,1.0,1.0,1.0,2.0,0.0,6.0,1.0,-0.66,-0.55,-0.44,-0.55,2.0,0.22,6.0,1.0,-0.89,-0.81,-0.74,-0.81,2.0,0.15,6.0,1.0,1018.93,1019.0,1019.07,1019.0,2.0,0.14,6.0,1.0,,,,,,,,,,,,,,,,,,,,,,,,,,,,,,,,,,,,,,,,,,,,,,,,,,,,,,,,,,,,,,,,,,,,,,,,,,,,,,,,,,,,,,,,,,,,,,,,,,,,,,,,,,,,,,,,,,,,,,,,,,,,,,,,
1900,10,22810,-119.5,4.8,,,,,,,,,,,,,,,,,,,,,,,,,,,,,,,,,2.6,4.6,6.7,5.15,13.0,2.0,4.0,0.6,-2.58,-0.8,0.04,-1.16,13.0,1.49,4.0,0.6,2.6,4.53,6.7,4.83,13.0,1.93,4.0,0.6,1008.13,1010.0,1010.68,1009.71,15.0,1.23,4.0,0.6,,,,,,,,,,,,,,,,,,,,,,,,,,,,,,,,,,,,,,,,,,,,,,,,,,,,,,,,,,,,,,,,,,,,,,,,,,,,,,,,,,,,,,,,,,,,,,,,,,,,,,,,,,,,,,,,,,,,,,,,,,,,,,,,
1900,10,22810,-119.5,6.2,,,,,,,,,,,,,,,,,,,,,,,,,,,,,,,,,1.18,2.6,4.38,2.7,8.0,1.36,4.0,0.9,-1.16,0.0,0.42,-0.17,8.0,0.9,4.0,0.9,1.14,2.48,4.08,2.58,8.0,1.31,4.0,0.9,1007.9,1010.9,1011.02,1010.04,7.0,1.51,6.0,0.9,,,,,,,,,,,,,,,,,,,,,,,,,,,,,,,,,,,,,,,,,,,,,,,,,,,,,,,,,,,,,,,,,,,,,,,,,,,,,,,,,,,,,,,,,,,,,,,,,,,,,,,,,,,,,,,,,,,,,,,,,,,,,,,,
1900,10,22810,-119.5,20.3,,,,,,,,,,,,,,,,,,,,,,,,,,,,,,,,,0.41,1.3,2.19,1.3,2.0,1.84,22.0,1.0,0.0,0.0,0.0,0.0,2.0,0.0,22.0,1.0,-2.19,-1.3,-0.41,-1.3,2.0,1.84,22.0,1.0,1011.75,1011.85,1011.95,1011.85,2.0,0.21,22.0,1.0,,,,,,,,,,,,,,,,,,,,,,,,,,,,,,,,,,,,,,,,,,,,,,,,,,,,,,,,,,,,,,,,,,,,,,,,,,,,,,,,,,,,,,,,,,,,,,,,,,,,,,,,,,,,,,,,,,,,,,,,,,,,,,,,
1900,10,22810,-119.4,8.4,,,,,,,,,,,,,,,,,,,,,,,,,,,,,,,,,1.0,4.6,7.65,4.52,5.0,3.62,8.0,1.0,-7.07,0.0,0.9,-2.52,5.0,4.57,8.0,1.0,-1.55,0.92,3.85,1.06,5.0,2.9,8.0,1.0,1012.26,1013.3,1015.59,1013.88,5.0,2.21,8.0,1.0,,,,,,,,,,,,,,,,,,,,,,,,,,,,,,,,,,,,,,,,,,,,,,,,,,,,,,,,,,,,,,,,,,,,,,,,,,,,,,,,,,,,,,,,,,,,,,,,,,,,,,,,,,,,,,,,,,,,,,,,,,,,,,,,
1900,10,22810,-119.2,-37.7,,,,,,,,,,,,,,,,,,,,,,,,,,,,,,,,,6.7,6.7,6.7,6.7,1.0,0.0,22.0,1.0,6.17,6.17,6.17,6.17,1.0,0.0,22.0,1.0,-2.62,-2.62,-2.62,-2.62,1.0,0.0,22.0,1.0,1011.0,1011.0,1011.0,1011.0,1.0,0.0,22.0,1.0,,,,,,,,,,,,,,,,,,,,,,,,,,,,,,,,,,,,,,,,,,,,,,,,,,,,,,,,,,,,,,,,,,,,,,,,,,,,,,,,,,,,,,,,,,,,,,,,,,,,,,,,,,,,,,,,,,,,,,,,,,,,,,,,
1900,10,22810,-119.2,-27.2,,,,,,,,,,,,,,,,,,,,,,,,,,,,,,,,,4.6,4.6,4.6,4.6,2.0,0.0,8.0,1.0,-4.27,-4.27,-4.27,-4.27,2.0,0.0,8.0,1.0,-1.72,-1.72,-1.72,-1.72,2.0,0.0,8.0,1.0,1020.33,1020.6,1020.87,1020.6,2.0,0.57,8.0,1.0,,,,,,,,,,,,,,,,,,,,,,,,,,,,,,,,,,,,,,,,,,,,,,,,,,,,,,,,,,,,,,,,,,,,,,,,,,,,,,,,,,,,,,,,,,,,,,,,,,,,,,,,,,,,,,,,,,,,,,,,,,,,,,,,
1900,10,22810,-119.2,-1.2,,,,,,,,,,,,,,,,,,,,,,,,,,,,,,,,,6.7,6.7,6.7,6.7,1.0,0.0,16.0,1.0,-4.74,-4.74,-4.74,-4.74,1.0,0.0,16.0,1.0,4.74,4.74,4.74,4.74,1.0,0.0,16.0,1.0,1014.1,1014.1,1014.1,1014.1,1.0,0.0,16.0,1.0,,,,,,,,,,,,,,,,,,,,,,,,,,,,,,,,,,,,,,,,,,,,,,,,,,,,,,,,,,,,,,,,,,,,,,,,,,,,,,,,,,,,,,,,,,,,,,,,,,,,,,,,,,,,,,,,,,,,,,,,,,,,,,,,
1900,10,22810,-119.2,14.3,,,,,,,,,,,,,,,,,,,,,,,,,,,,,,,,,4.6,4.6,4.6,4.6,1.0,0.0,12.0,1.0,3.25,3.25,3.25,3.25,1.0,0.0,12.0,1.0,-3.25,-3.25,-3.25,-3.25,1.0,0.0,12.0,1.0,1011.4,1011.4,1011.4,1011.4,1.0,0.0,12.0,1.0,,,,,,,,,,,,,,,,,,,,,,,,,,,,,,,,,,,,,,,,,,,,,,,,,,,,,,,,,,,,,,,,,,,,,,,,,,,,,,,,,,,,,,,,,,,,,,,,,,,,,,,,,,,,,,,,,,,,,,,,,,,,,,,,
1900,10,22810,-119.2,16.3,,,,,,,,,,,,,,,,,,,,,,,,,,,,,,,,,6.7,6.7,6.7,6.7,1.0,0.0,10.0,1.0,0.0,0.0,0.0,0.0,1.0,0.0,10.0,1.0,-6.7,-6.7,-6.7,-6.7,1.0,0.0,10.0,1.0,1009.9,1009.9,1009.9,1009.9,1.0,0.0,10.0,1.0,,,,,,,,,,,,,,,,,,,,,,,,,,,,,,,,,,,,,,,,,,,,,,,,,,,,,,,,,,,,,,,,,,,,,,,,,,,,,,,,,,,,,,,,,,,,,,,,,,,,,,,,,,,,,,,,,,,,,,,,,,,,,,,,
1900,10,22810,-119.0,0.0,,,,,,,,,,,,,,,,,,,,,,,,,,,,,,,,,6.7,6.7,6.7,6.7,1.0,0.0,16.0,1.0,-4.74,-4.74,-4.74,-4.74,1.0,0.0,16.0,1.0,4.74,4.74,4.74,4.74,1.0,0.0,16.0,1.0,1014.0,1014.0,1014.0,1014.0,1.0,0.0,16.0,1.0,,,,,,,,,,,,,,,,,,,,,,,,,,,,,,,,,,,,,,,,,,,,,,,,,,,,,,,,,,,,,,,,,,,,,,,,,,,,,,,,,,,,,,,,,,,,,,,,,,,,,,,,,,,,,,,,,,,,,,,,,,,,,,,,
1900,10,22810,-117.7,-41.6,,,,,,,,,,,,,,,,,,,,,,,,,,,,,,,,,9.3,9.3,11.35,10.3,3.0,1.73,26.0,0.3,7.44,9.3,10.84,9.14,3.0,2.49,26.0,0.3,-4.49,0.0,2.87,-0.79,3.0,5.43,26.0,0.3,1001.97,1003.2,1007.64,1004.77,3.0,4.37,26.0,0.3,,,,,,,,,,,,,,,,,,,,,,,,,,,,,,,,,,,,,,,,,,,,,,,,,,,,,,,,,,,,,,,,,,,,,,,,,,,,,,,,,,,,,,,,,,,,,,,,,,,,,,,,,,,,,,,,,,,,,,,,,,,,,,,,
1900,10,22810,-117.7,-39.2,,,,,,,,,,,,,,,,,,,,,,,,,,,,,,,,,15.4,15.4,15.4,15.4,1.0,0.0,22.0,1.0,14.18,14.18,14.18,14.18,1.0,0.0,22.0,1.0,-6.02,-6.02,-6.02,-6.02,1.0,0.0,22.0,1.0,1013.3,1013.3,1013.3,1013.3,1.0,0.0,22.0,1.0,,,,,,,,,,,,,,,,,,,,,,,,,,,,,,,,,,,,,,,,,,,,,,,,,,,,,,,,,,,,,,,,,,,,,,,,,,,,,,,,,,,,,,,,,,,,,,,,,,,,,,,,,,,,,,,,,,,,,,,,,,,,,,,,
1900,10,22810,-117.7,4.5,,,,,,,,,,,,,,,,,,,,,,,,,,,,,,,,,6.27,6.7,6.7,6.35,6.0,0.86,28.0,0.7,-4.74,-3.75,-2.97,-3.45,6.0,1.76,28.0,0.7,4.71,5.15,5.55,5.12,6.0,0.48,28.0,0.7,1010.7,1010.7,1010.7,1010.7,1.0,0.0,16.0,1.0,,,,,,,,,,,,,,,,,,,,,,,,,,,,,,,,,,,,,,,,,,,,,,,,,,,,,,,,,,,,,,,,,,,,,,,,,,,,,,,,,,,,,,,,,,,,,,,,,,,,,,,,,,,,,,,,,,,,,,,,,,,,,,,,
1900,10,22810,-117.7,6.5,,,,,,,,,,,,,,,,,,,,,,,,,,,,,,,,,3.68,6.7,6.7,5.64,17.0,1.86,18.0,0.6,-3.54,0.0,1.9,-0.49,17.0,2.69,18.0,0.6,3.53,4.74,6.43,4.9,17.0,2.05,18.0,0.6,1010.08,1010.7,1011.68,1010.94,9.0,1.82,4.0,0.8,,,,,,,,,,,,,,,,,,,,,,,,,,,,,,,,,,,,,,,,,,,,,,,,,,,,,,,,,,,,,,,,,,,,,,,,,,,,,,,,,,,,,,,,,,,,,,,,,,,,,,,,,,,,,,,,,,,,,,,,,,,,,,,,
1900,10,22810,-117.7,12.8,,,,,,,,,,,,,,,,,,,,,,,,,,,,,,,,,2.6,2.6,2.6,2.6,1.0,0.0,12.0,1.0,-1.02,-1.02,-1.02,-1.02,1.0,0.0,12.0,1.0,-2.39,-2.39,-2.39,-2.39,1.0,0.0,12.0,1.0,1011.8,1011.8,1011.8,1011.8,1.0,0.0,12.0,1.0,,,,,,,,,,,,,,,,,,,,,,,,,,,,,,,,,,,,,,,,,,,,,,,,,,,,,,,,,,,,,,,,,,,,,,,,,,,,,,,,,,,,,,,,,,,,,,,,,,,,,,,,,,,,,,,,,,,,,,,,,,,,,,,,
1900,10,22810,-117.7,18.3,,,,,,,,,,,,,,,,,,,,,,,,,,,,,,,,,9.3,9.3,9.3,9.3,1.0,0.0,2.0,1.0,-3.63,-3.63,-3.63,-3.63,1.0,0.0,2.0,1.0,-8.56,-8.56,-8.56,-8.56,1.0,0.0,2.0,1.0,1011.0,1011.0,1011.0,1011.0,1.0,0.0,2.0,1.0,,,,,,,,,,,,,,,,,,,,,,,,,,,,,,,,,,,,,,,,,,,,,,,,,,,,,,,,,,,,,,,,,,,,,,,,,,,,,,,,,,,,,,,,,,,,,,,,,,,,,,,,,,,,,,,,,,,,,,,,,,,,,,,,
1900,10,22810,-117.7,20.5,,,,,,,,,,,,,,,,,,,,,,,,,,,,,,,,,5.35,6.95,8.55,6.95,2.0,3.32,12.0,1.0,-2.78,-0.96,0.87,-0.96,2.0,3.79,12.0,1.0,-7.88,-6.41,-4.95,-6.41,2.0,3.04,12.0,1.0,1012.83,1012.9,1012.97,1012.9,2.0,0.14,12.0,1.0,,,,,,,,,,,,,,,,,,,,,,,,,,,,,,,,,,,,,,,,,,,,,,,,,,,,,,,,,,,,,,,,,,,,,,,,,,,,,,,,,,,,,,,,,,,,,,,,,,,,,,,,,,,,,,,,,,,,,,,,,,,,,,,,
1900,10,22810,-117.5,-33.2,,,,,,,,,,,,,,,,,,,,,,,,,,,,,,,,,1.9,3.85,5.8,3.85,2.0,4.03,10.0,1.0,0.22,2.85,5.48,2.85,2.0,5.44,10.0,1.0,0.0,0.0,0.0,0.0,2.0,0.0,10.0,1.0,1017.63,1018.55,1019.47,1018.55,2.0,1.91,10.0,1.0,,,,,,,,,,,,,,,,,,,,,,,,,,,,,,,,,,,,,,,,,,,,,,,,,,,,,,,,,,,,,,,,,,,,,,,,,,,,,,,,,,,,,,,,,,,,,,,,,,,,,,,,,,,,,,,,,,,,,,,,,,,,,,,,
1900,10,22810,-117.4,0.6,,,,,,,,,,,,,,,,,,,,,,,,,,,,,,,,,6.09,9.3,9.64,7.9,3.0,2.87,24.0,1.0,-6.19,-4.6,-3.84,-5.0,3.0,1.76,24.0,1.0,2.2,6.93,8.09,5.18,3.0,4.57,24.0,1.0,1012.42,1013.75,1015.08,1013.75,2.0,2.76,24.0,1.0,,,,,,,,,,,,,,,,,,,,,,,,,,,,,,,,,,,,,,,,,,,,,,,,,,,,,,,,,,,,,,,,,,,,,,,,,,,,,,,,,,,,,,,,,,,,,,,,,,,,,,,,,,,,,,,,,,,,,,,,,,,,,,,,
1900,10,22810,-117.2,-29.2,,,,,,,,,,,,,,,,,,,,,,,,,,,,,,,,,4.6,4.6,4.6,4.6,1.0,0.0,10.0,1.0,1.72,1.72,1.72,1.72,1.0,0.0,10.0,1.0,-4.27,-4.27,-4.27,-4.27,1.0,0.0,10.0,1.0,1017.18,1017.35,1017.52,1017.35,2.0,0.35,10.0,1.0,,,,,,,,,,,,,,,,,,,,,,,,,,,,,,,,,,,,,,,,,,,,,,,,,,,,,,,,,,,,,,,,,,,,,,,,,,,,,,,,,,,,,,,,,,,,,,,,,,,,,,,,,,,,,,,,,,,,,,,,,,,,,,,,
1900,10,22810,-117.2,8.3,,,,,,,,,,,,,,,,,,,,,,,,,,,,,,,,,6.7,6.7,6.7,6.7,1.0,0.0,14.0,1.0,-6.21,-6.21,-6.21,-6.21,1.0,0.0,14.0,1.0,-2.51,-2.51,-2.51,-2.51,1.0,0.0,14.0,1.0,1011.3,1011.3,1011.3,1011.3,1.0,0.0,14.0,1.0,,,,,,,,,,,,,,,,,,,,,,,,,,,,,,,,,,,,,,,,,,,,,,,,,,,,,,,,,,,,,,,,,,,,,,,,,,,,,,,,,,,,,,,,,,,,,,,,,,,,,,,,,,,,,,,,,,,,,,,,,,,,,,,,
1900,10,22810,-117.2,10.8,,,,,,,,,,,,,,,,,,,,,,,,,,,,,,,,,6.7,6.7,6.7,6.7,1.0,0.0,14.0,1.0,-6.7,-6.7,-6.7,-6.7,1.0,0.0,14.0,1.0,0.0,0.0,0.0,0.0,1.0,0.0,14.0,1.0,1011.7,1011.7,1011.7,1011.7,1.0,0.0,14.0,1.0,,,,,,,,,,,,,,,,,,,,,,,,,,,,,,,,,,,,,,,,,,,,,,,,,,,,,,,,,,,,,,,,,,,,,,,,,,,,,,,,,,,,,,,,,,,,,,,,,,,,,,,,,,,,,,,,,,,,,,,,,,,,,,,,
1900,10,22810,-117.1,-43.3,,,,,,,,,,,,,,,,,,,,,,,,,,,,,,,,,9.78,10.8,11.82,10.8,2.0,2.12,28.0,0.5,9.19,10.15,11.11,10.15,2.0,1.99,28.0,0.5,3.34,3.69,4.04,3.69,2.0,0.73,28.0,0.5,1005.41,1006.3,1007.19,1006.3,2.0,1.84,28.0,0.5,,,,,,,,,,,,,,,,,,,,,,,,,,,,,,,,,,,,,,,,,,,,,,,,,,,,,,,,,,,,,,,,,,,,,,,,,,,,,,,,,,,,,,,,,,,,,,,,,,,,,,,,,,,,,,,,,,,,,,,,,,,,,,,,
1900,10,22810,-115.7,-29.7,,,,,,,,,,,,,,,,,,,,,,,,,,,,,,,,,1.0,1.0,1.0,1.0,1.0,0.0,10.0,1.0,0.93,0.93,0.93,0.93,1.0,0.0,10.0,1.0,0.37,0.37,0.37,0.37,1.0,0.0,10.0,1.0,1019.5,1019.5,1019.5,1019.5,1.0,0.0,10.0,1.0,,,,,,,,,,,,,,,,,,,,,,,,,,,,,,,,,,,,,,,,,,,,,,,,,,,,,,,,,,,,,,,,,,,,,,,,,,,,,,,,,,,,,,,,,,,,,,,,,,,,,,,,,,,,,,,,,,,,,,,,,,,,,,,,
1900,10,22810,-115.5,-43.6,,,,,,,,,,,,,,,,,,,,,,,,,,,,,,,,,9.3,9.3,9.3,9.3,3.0,0.0,26.0,1.0,5.25,8.74,8.74,7.04,3.0,2.95,26.0,1.0,-3.18,-3.18,4.83,0.73,3.0,6.78,26.0,1.0,1006.99,1007.6,1013.74,1010.3,3.0,5.47,26.0,1.0,,,,,,,,,,,,,,,,,,,,,,,,,,,,,,,,,,,,,,,,,,,,,,,,,,,,,,,,,,,,,,,,,,,,,,,,,,,,,,,,,,,,,,,,,,,,,,,,,,,,,,,,,,,,,,,,,,,,,,,,,,,,,,,,
1900,10,22810,-115.5,-31.5,,,,,,,,,,,,,,,,,,,,,,,,,,,,,,,,,1.57,2.8,4.03,2.8,2.0,2.55,12.0,1.0,-3.73,-2.59,-1.45,-2.59,2.0,2.36,12.0,1.0,-1.39,-0.67,0.06,-0.67,2.0,1.49,12.0,1.0,1019.46,1019.6,1019.74,1019.6,2.0,0.28,12.0,1.0,,,,,,,,,,,,,,,,,,,,,,,,,,,,,,,,,,,,,,,,,,,,,,,,,,,,,,,,,,,,,,,,,,,,,,,,,,,,,,,,,,,,,,,,,,,,,,,,,,,,,,,,,,,,,,,,,,,,,,,,,,,,,,,,
1900,10,22810,-115.5,20.5,,,,,,,,,,,,,,,,,,,,,,,,,,,,,,,,,3.25,4.65,6.05,4.65,2.0,2.9,12.0,1.0,-2.05,-0.82,0.4,-0.82,2.0,2.54,12.0,1.0,-5.57,-4.29,-3.01,-4.29,2.0,2.66,12.0,1.0,1012.47,1013.05,1013.63,1013.05,2.0,1.2,12.0,1.0,,,,,,,,,,,,,,,,,,,,,,,,,,,,,,,,,,,,,,,,,,,,,,,,,,,,,,,,,,,,,,,,,,,,,,,,,,,,,,,,,,,,,,,,,,,,,,,,,,,,,,,,,,,,,,,,,,,,,,,,,,,,,,,,
1900,10,22810,-115.2,-49.5,,,,,,,,,,,,,,,,,,,,,,,,,,,,,,,,,10.27,12.35,14.43,12.35,2.0,4.31,22.0,1.0,7.98,10.99,14.0,10.99,2.0,6.24,22.0,1.0,-5.53,-3.29,-1.04,-3.29,2.0,4.65,22.0,1.0,1005.9,1005.9,1005.9,1005.9,1.0,0.0,12.0,1.0,,,,,,,,,,,,,,,,,,,,,,,,,,,,,,,,,,,,,,,,,,,,,,,,,,,,,,,,,,,,,,,,,,,,,,,,,,,,,,,,,,,,,,,,,,,,,,,,,,,,,,,,,,,,,,,,,,,,,,,,,,,,,,,,
1900,10,22810,-115.2,-41.7,,,,,,,,,,,,,,,,,,,,,,,,,,,,,,,,,12.3,12.3,12.3,12.3,1.0,0.0,24.0,1.0,8.7,8.7,8.7,8.7,1.0,0.0,24.0,1.0,8.7,8.7,8.7,8.7,1.0,0.0,24.0,1.0,1018.4,1018.4,1018.4,1018.4,1.0,0.0,24.0,1.0,,,,,,,,,,,,,,,,,,,,,,,,,,,,,,,,,,,,,,,,,,,,,,,,,,,,,,,,,,,,,,,,,,,,,,,,,,,,,,,,,,,,,,,,,,,,,,,,,,,,,,,,,,,,,,,,,,,,,,,,,,,,,,,,
1900,10,22810,-115.2,-33.2,,,,,,,,,,,,,,,,,,,,,,,,,,,,,,,,,6.7,6.7,6.7,6.7,1.0,0.0,12.0,1.0,2.51,2.51,2.51,2.51,1.0,0.0,12.0,1.0,-6.21,-6.21,-6.21,-6.21,1.0,0.0,12.0,1.0,1020.0,1020.0,1020.0,1020.0,1.0,0.0,12.0,1.0,,,,,,,,,,,,,,,,,,,,,,,,,,,,,,,,,,,,,,,,,,,,,,,,,,,,,,,,,,,,,,,,,,,,,,,,,,,,,,,,,,,,,,,,,,,,,,,,,,,,,,,,,,,,,,,,,,,,,,,,,,,,,,,,
1900,10,22810,-115.2,-1.7,,,,,,,,,,,,,,,,,,,,,,,,,,,,,,,,,6.7,6.7,6.7,6.7,1.0,0.0,30.0,1.0,-6.7,-6.7,-6.7,-6.7,1.0,0.0,30.0,1.0,0.0,0.0,0.0,0.0,1.0,0.0,30.0,1.0,1011.0,1011.0,1011.0,1011.0,1.0,0.0,30.0,1.0,,,,,,,,,,,,,,,,,,,,,,,,,,,,,,,,,,,,,,,,,,,,,,,,,,,,,,,,,,,,,,,,,,,,,,,,,,,,,,,,,,,,,,,,,,,,,,,,,,,,,,,,,,,,,,,,,,,,,,,,,,,,,,,,
1900,10,22810,-115.2,4.8,,,,,,,,,,,,,,,,,,,,,,,,,,,,,,,,,2.6,2.6,2.6,2.6,1.0,0.0,14.0,1.0,0.0,0.0,0.0,0.0,1.0,0.0,14.0,1.0,2.6,2.6,2.6,2.6,1.0,0.0,14.0,1.0,1015.0,1015.0,1015.0,1015.0,1.0,0.0,14.0,1.0,,,,,,,,,,,,,,,,,,,,,,,,,,,,,,,,,,,,,,,,,,,,,,,,,,,,,,,,,,,,,,,,,,,,,,,,,,,,,,,,,,,,,,,,,,,,,,,,,,,,,,,,,,,,,,,,,,,,,,,,,,,,,,,,
1900,10,22810,-115.2,6.5,,,,,,,,,,,,,,,,,,,,,,,,,,,,,,,,,2.92,3.6,4.28,3.6,2.0,1.41,12.0,1.0,1.8,1.82,1.83,1.82,2.0,0.03,12.0,1.0,2.22,3.04,3.85,3.04,2.0,1.69,12.0,1.0,1013.77,1014.15,1014.53,1014.15,2.0,0.78,12.0,1.0,,,,,,,,,,,,,,,,,,,,,,,,,,,,,,,,,,,,,,,,,,,,,,,,,,,,,,,,,,,,,,,,,,,,,,,,,,,,,,,,,,,,,,,,,,,,,,,,,,,,,,,,,,,,,,,,,,,,,,,,,,,,,,,,
1900,10,22810,-115.1,-45.2,,,,,,,,,,,,,,,,,,,,,,,,,,,,,,,,,7.11,8.0,8.89,8.0,2.0,1.84,30.0,0.0,6.16,6.93,7.7,6.93,2.0,1.59,30.0,0.0,-4.44,-4.0,-3.56,-4.0,2.0,0.92,30.0,0.0,1006.32,1006.35,1006.38,1006.35,2.0,0.07,30.0,0.0,,,,,,,,,,,,,,,,,,,,,,,,,,,,,,,,,,,,,,,,,,,,,,,,,,,,,,,,,,,,,,,,,,,,,,,,,,,,,,,,,,,,,,,,,,,,,,,,,,,,,,,,,,,,,,,,,,,,,,,,,,,,,,,,
1900,10,22810,-113.8,-45.7,,,,,,,,,,,,,,,,,,,,,,,,,,,,,,,,,6.7,6.7,6.7,6.7,2.0,0.0,30.0,0.5,5.8,5.8,5.8,5.8,2.0,0.0,30.0,0.5,-3.35,-3.35,-3.35,-3.35,2.0,0.0,30.0,0.5,1004.76,1004.9,1005.04,1004.9,2.0,0.28,30.0,0.5,,,,,,,,,,,,,,,,,,,,,,,,,,,,,,,,,,,,,,,,,,,,,,,,,,,,,,,,,,,,,,,,,,,,,,,,,,,,,,,,,,,,,,,,,,,,,,,,,,,,,,,,,,,,,,,,,,,,,,,,,,,,,,,,
1900,10,22810,-113.7,-33.7,,,,,,,,,,,,,,,,,,,,,,,,,,,,,,,,,2.6,2.6,2.6,2.6,1.0,0.0,12.0,1.0,0.97,0.97,0.97,0.97,1.0,0.0,12.0,1.0,-2.41,-2.41,-2.41,-2.41,1.0,0.0,12.0,1.0,1018.7,1018.7,1018.7,1018.7,1.0,0.0,12.0,1.0,,,,,,,,,,,,,,,,,,,,,,,,,,,,,,,,,,,,,,,,,,,,,,,,,,,,,,,,,,,,,,,,,,,,,,,,,,,,,,,,,,,,,,,,,,,,,,,,,,,,,,,,,,,,,,,,,,,,,,,,,,,,,,,,
1900,10,22810,-113.7,2.8,,,,,,,,,,,,,,,,,,,,,,,,,,,,,,,,,9.3,9.3,9.3,9.3,1.0,0.0,14.0,1.0,-3.48,-3.48,-3.48,-3.48,1.0,0.0,14.0,1.0,8.62,8.62,8.62,8.62,1.0,0.0,14.0,1.0,1015.5,1015.5,1015.5,1015.5,1.0,0.0,14.0,1.0,,,,,,,,,,,,,,,,,,,,,,,,,,,,,,,,,,,,,,,,,,,,,,,,,,,,,,,,,,,,,,,,,,,,,,,,,,,,,,,,,,,,,,,,,,,,,,,,,,,,,,,,,,,,,,,,,,,,,,,,,,,,,,,,
1900,10,22810,-113.5,20.3,,,,,,,,,,,,,,,,,,,,,,,,,,,,,,,,,4.93,5.65,6.37,5.65,2.0,1.48,10.0,1.0,0.27,0.86,1.45,0.86,2.0,1.22,10.0,1.0,-6.31,-5.48,-4.65,-5.48,2.0,1.72,10.0,1.0,1011.16,1012.35,1013.54,1012.35,2.0,2.47,10.0,1.0,,,,,,,,,,,,,,,,,,,,,,,,,,,,,,,,,,,,,,,,,,,,,,,,,,,,,,,,,,,,,,,,,,,,,,,,,,,,,,,,,,,,,,,,,,,,,,,,,,,,,,,,,,,,,,,,,,,,,,,,,,,,,,,,
1900,10,22810,-113.3,-47.2,,,,,,,,,,,,,,,,,,,,,,,,,,,,,,,,,6.7,6.7,6.7,6.7,3.0,0.0,30.0,0.7,4.31,4.31,5.33,4.81,3.0,0.86,30.0,0.7,-5.13,-5.13,-3.92,-4.54,3.0,1.03,30.0,0.7,996.31,1002.15,1003.12,999.83,4.0,5.6,30.0,0.8,,,,,,,,,,,,,,,,,,,,,,,,,,,,,,,,,,,,,,,,,,,,,,,,,,,,,,,,,,,,,,,,,,,,,,,,,,,,,,,,,,,,,,,,,,,,,,,,,,,,,,,,,,,,,,,,,,,,,,,,,,,,,,,,
1900,10,22810,-113.2,-35.7,,,,,,,,,,,,,,,,,,,,,,,,,,,,,,,,,6.7,6.7,6.7,6.7,1.0,0.0,14.0,1.0,4.74,4.74,4.74,4.74,1.0,0.0,14.0,1.0,-4.74,-4.74,-4.74,-4.74,1.0,0.0,14.0,1.0,1012.4,1012.4,1012.4,1012.4,1.0,0.0,14.0,1.0,,,,,,,,,,,,,,,,,,,,,,,,,,,,,,,,,,,,,,,,,,,,,,,,,,,,,,,,,,,,,,,,,,,,,,,,,,,,,,,,,,,,,,,,,,,,,,,,,,,,,,,,,,,,,,,,,,,,,,,,,,,,,,,,
1900,10,22810,-113.2,-3.7,,,,,,,,,,,,,,,,,,,,,,,,,,,,,,,,,6.7,6.7,6.7,6.7,1.0,0.0,30.0,1.0,-6.17,-6.17,-6.17,-6.17,1.0,0.0,30.0,1.0,2.62,2.62,2.62,2.62,1.0,0.0,30.0,1.0,1011.1,1011.1,1011.1,1011.1,1.0,0.0,30.0,1.0,,,,,,,,,,,,,,,,,,,,,,,,,,,,,,,,,,,,,,,,,,,,,,,,,,,,,,,,,,,,,,,,,,,,,,,,,,,,,,,,,,,,,,,,,,,,,,,,,,,,,,,,,,,,,,,,,,,,,,,,,,,,,,,,
1900,10,22810,-111.7,-13.2,,,,,,,,,,,,,,,,,,,,,,,,,,,,,,,,,4.6,4.6,4.6,4.6,1.0,0.0,30.0,1.0,-4.23,-4.23,-4.23,-4.23,1.0,0.0,30.0,1.0,1.8,1.8,1.8,1.8,1.0,0.0,30.0,1.0,1014.0,1014.0,1014.0,1014.0,1.0,0.0,30.0,1.0,,,,,,,,,,,,,,,,,,,,,,,,,,,,,,,,,,,,,,,,,,,,,,,,,,,,,,,,,,,,,,,,,,,,,,,,,,,,,,,,,,,,,,,,,,,,,,,,,,,,,,,,,,,,,,,,,,,,,,,,,,,,,,,,
1900,10,22810,-111.6,-43.7,,,,,,,,,,,,,,,,,,,,,,,,,,,,,,,,,2.14,4.6,4.6,3.4,3.0,2.08,24.0,1.0,-2.22,0.0,1.23,-0.49,3.0,2.56,24.0,1.0,-1.9,1.0,3.21,0.66,3.0,3.76,24.0,1.0,1016.59,1020.0,1020.41,1018.53,3.0,3.07,24.0,1.0,,,,,,,,,,,,,,,,,,,,,,,,,,,,,,,,,,,,,,,,,,,,,,,,,,,,,,,,,,,,,,,,,,,,,,,,,,,,,,,,,,,,,,,,,,,,,,,,,,,,,,,,,,,,,,,,,,,,,,,,,,,,,,,,
1900,10,22810,-111.5,-47.6,,,,,,,,,,,,,,,,,,,,,,,,,,,,,,,,,8.27,12.3,15.81,12.05,4.0,5.89,22.0,0.5,-1.12,2.12,11.18,4.9,4.0,8.8,22.0,0.5,-12.21,-9.77,-4.48,-8.41,4.0,4.95,22.0,0.5,998.21,999.1,999.99,999.1,2.0,1.84,30.0,0.0,,,,,,,,,,,,,,,,,,,,,,,,,,,,,,,,,,,,,,,,,,,,,,,,,,,,,,,,,,,,,,,,,,,,,,,,,,,,,,,,,,,,,,,,,,,,,,,,,,,,,,,,,,,,,,,,,,,,,,,,,,,,,,,,
1900,10,22810,-111.5,20.5,,,,,,,,,,,,,,,,,,,,,,,,,,,,,,,,,3.66,5.95,8.24,5.95,2.0,4.74,10.0,1.0,3.06,4.48,5.91,4.48,2.0,2.96,10.0,1.0,-5.69,-3.8,-1.9,-3.8,2.0,3.93,10.0,1.0,1010.05,1010.15,1010.25,1010.15,2.0,0.21,10.0,1.0,,,,,,,,,,,,,,,,,,,,,,,,,,,,,,,,,,,,,,,,,,,,,,,,,,,,,,,,,,,,,,,,,,,,,,,,,,,,,,,,,,,,,,,,,,,,,,,,,,,,,,,,,,,,,,,,,,,,,,,,,,,,,,,,
1900,10,22810,-111.2,-45.2,,,,,,,,,,,,,,,,,,,,,,,,,,,,,,,,,6.7,6.7,6.7,6.7,1.0,0.0,26.0,1.0,-2.62,-2.62,-2.62,-2.62,1.0,0.0,26.0,1.0,-6.17,-6.17,-6.17,-6.17,1.0,0.0,26.0,1.0,1015.1,1015.1,1015.1,1015.1,1.0,0.0,26.0,1.0,,,,,,,,,,,,,,,,,,,,,,,,,,,,,,,,,,,,,,,,,,,,,,,,,,,,,,,,,,,,,,,,,,,,,,,,,,,,,,,,,,,,,,,,,,,,,,,,,,,,,,,,,,,,,,,,,,,,,,,,,,,,,,,,
1900,10,22810,-111.2,-35.7,,,,,,,,,,,,,,,,,,,,,,,,,,,,,,,,,4.6,4.6,4.6,4.6,1.0,0.0,14.0,1.0,3.25,3.25,3.25,3.25,1.0,0.0,14.0,1.0,-3.25,-3.25,-3.25,-3.25,1.0,0.0,14.0,1.0,1016.3,1016.3,1016.3,1016.3,1.0,0.0,14.0,1.0,,,,,,,,,,,,,,,,,,,,,,,,,,,,,,,,,,,,,,,,,,,,,,,,,,,,,,,,,,,,,,,,,,,,,,,,,,,,,,,,,,,,,,,,,,,,,,,,,,,,,,,,,,,,,,,,,,,,,,,,,,,,,,,,
1900,10,22810,-111.2,26.3,,,,,,,,,,,,,,,,,,,,,,,,,,,,,,,,,4.6,4.6,4.6,4.6,1.0,0.0,14.0,1.0,1.72,1.72,1.72,1.72,1.0,0.0,14.0,1.0,-4.27,-4.27,-4.27,-4.27,1.0,0.0,14.0,1.0,1010.6,1010.6,1010.6,1010.6,1.0,0.0,14.0,1.0,,,,,,,,,,,,,,,,,,,,,,,,,,,,,,,,,,,,,,,,,,,,,,,,,,,,,,,,,,,,,,,,,,,,,,,,,,,,,,,,,,,,,,,,,,,,,,,,,,,,,,,,,,,,,,,,,,,,,,,,,,,,,,,,
1900,10,22810,-109.7,-37.2,,,,,,,,,,,,,,,,,,,,,,,,,,,,,,,,,6.7,6.7,6.7,6.7,1.0,0.0,14.0,1.0,-2.51,-2.51,-2.51,-2.51,1.0,0.0,14.0,1.0,6.21,6.21,6.21,6.21,1.0,0.0,14.0,1.0,1019.0,1019.0,1019.0,1019.0,1.0,0.0,14.0,1.0,,,,,,,,,,,,,,,,,,,,,,,,,,,,,,,,,,,,,,,,,,,,,,,,,,,,,,,,,,,,,,,,,,,,,,,,,,,,,,,,,,,,,,,,,,,,,,,,,,,,,,,,,,,,,,,,,,,,,,,,,,,,,,,,
1900,10,22810,-109.7,-5.7,,,,,,,,,,,,,,,,,,,,,,,,,,,,,,,,,6.7,6.7,6.7,6.7,1.0,0.0,28.0,1.0,-6.17,-6.17,-6.17,-6.17,1.0,0.0,28.0,1.0,2.62,2.62,2.62,2.62,1.0,0.0,28.0,1.0,1013.0,1013.0,1013.0,1013.0,1.0,0.0,28.0,1.0,,,,,,,,,,,,,,,,,,,,,,,,,,,,,,,,,,,,,,,,,,,,,,,,,,,,,,,,,,,,,,,,,,,,,,,,,,,,,,,,,,,,,,,,,,,,,,,,,,,,,,,,,,,,,,,,,,,,,,,,,,,,,,,,
1900,10,22810,-109.7,24.6,,,,,,,,,,,,,,,,,,,,,,,,,,,,,,,,,4.6,4.6,6.32,5.54,5.0,2.1,8.0,1.0,3.25,3.25,5.09,4.11,5.0,1.44,8.0,1.0,-4.47,-3.25,-2.72,-3.63,5.0,1.77,8.0,1.0,1010.0,1010.0,1010.0,1010.0,1.0,0.0,16.0,1.0,,,,,,,,,,,,,,,,,,,,,,,,,,,,,,,,,,,,,,,,,,,,,,,,,,,,,,,,,,,,,,,,,,,,,,,,,,,,,,,,,,,,,,,,,,,,,,,,,,,,,,,,,,,,,,,,,,,,,,,,,,,,,,,,
1900,10,22810,-109.6,-49.3,,,,,,,,,,,,,,,,,,,,,,,,,,,,,,,,,10.25,12.3,14.42,12.33,3.0,3.05,30.0,1.0,-3.02,-2.67,2.02,-0.55,3.0,4.13,30.0,1.0,-14.02,-11.56,-9.63,-11.82,3.0,3.22,30.0,1.0,994.33,994.4,995.36,994.83,3.0,0.84,30.0,1.0,,,,,,,,,,,,,,,,,,,,,,,,,,,,,,,,,,,,,,,,,,,,,,,,,,,,,,,,,,,,,,,,,,,,,,,,,,,,,,,,,,,,,,,,,,,,,,,,,,,,,,,,,,,,,,,,,,,,,,,,,,,,,,,,
1900,10,22810,-109.4,-13.4,,,,,,,,,,,,,,,,,,,,,,,,,,,,,,,,,7.68,9.8,9.8,8.77,3.0,1.79,26.0,0.3,-8.74,-8.12,-6.79,-7.77,3.0,1.46,26.0,0.3,3.0,3.83,4.96,3.98,3.0,1.44,26.0,0.3,1014.6,1014.6,1014.6,1014.6,1.0,0.0,30.0,1.0,,,,,,,,,,,,,,,,,,,,,,,,,,,,,,,,,,,,,,,,,,,,,,,,,,,,,,,,,,,,,,,,,,,,,,,,,,,,,,,,,,,,,,,,,,,,,,,,,,,,,,,,,,,,,,,,,,,,,,,,,,,,,,,,
1900,10,22810,-109.4,22.6,,,,,,,,,,,,,,,,,,,,,,,,,,,,,,,,,1.76,2.6,3.65,2.7,4.0,1.47,6.0,1.0,1.31,1.78,2.13,1.72,4.0,0.6,6.0,1.0,-2.72,-0.32,1.14,-0.77,4.0,2.61,6.0,1.0,1009.5,1009.5,1009.5,1009.5,1.0,0.0,16.0,1.0,,,,,,,,,,,,,,,,,,,,,,,,,,,,,,,,,,,,,,,,,,,,,,,,,,,,,,,,,,,,,,,,,,,,,,,,,,,,,,,,,,,,,,,,,,,,,,,,,,,,,,,,,,,,,,,,,,,,,,,,,,,,,,,,
1900,10,22810,-109.2,-47.7,,,,,,,,,,,,,,,,,,,,,,,,,,,,,,,,,15.4,15.4,15.4,15.4,1.0,0.0,14.0,1.0,14.18,14.18,14.18,14.18,1.0,0.0,14.0,1.0,-6.02,-6.02,-6.02,-6.02,1.0,0.0,14.0,1.0,994.4,994.4,994.4,994.4,1.0,0.0,14.0,1.0,,,,,,,,,,,,,,,,,,,,,,,,,,,,,,,,,,,,,,,,,,,,,,,,,,,,,,,,,,,,,,,,,,,,,,,,,,,,,,,,,,,,,,,,,,,,,,,,,,,,,,,,,,,,,,,,,,,,,,,,,,,,,,,,
1900,10,22810,-109.2,-35.2,,,,,,,,,,,,,,,,,,,,,,,,,,,,,,,,,6.7,6.7,6.7,6.7,1.0,0.0,14.0,1.0,-2.51,-2.51,-2.51,-2.51,1.0,0.0,14.0,1.0,6.21,6.21,6.21,6.21,1.0,0.0,14.0,1.0,1019.4,1019.4,1019.4,1019.4,1.0,0.0,14.0,1.0,,,,,,,,,,,,,,,,,,,,,,,,,,,,,,,,,,,,,,,,,,,,,,,,,,,,,,,,,,,,,,,,,,,,,,,,,,,,,,,,,,,,,,,,,,,,,,,,,,,,,,,,,,,,,,,,,,,,,,,,,,,,,,,,
1900,10,22810,-107.7,-37.2,,,,,,,,,,,,,,,,,,,,,,,,,,,,,,,,,4.6,4.6,4.6,4.6,1.0,0.0,14.0,1.0,-1.72,-1.72,-1.72,-1.72,1.0,0.0,14.0,1.0,4.27,4.27,4.27,4.27,1.0,0.0,14.0,1.0,1019.9,1019.9,1019.9,1019.9,1.0,0.0,14.0,1.0,,,,,,,,,,,,,,,,,,,,,,,,,,,,,,,,,,,,,,,,,,,,,,,,,,,,,,,,,,,,,,,,,,,,,,,,,,,,,,,,,,,,,,,,,,,,,,,,,,,,,,,,,,,,,,,,,,,,,,,,,,,,,,,,
1900,10,22810,-107.7,-33.7,,,,,,,,,,,,,,,,,,,,,,,,,,,,,,,,,2.6,2.6,2.6,2.6,1.0,0.0,16.0,1.0,-0.97,-0.97,-0.97,-0.97,1.0,0.0,16.0,1.0,2.41,2.41,2.41,2.41,1.0,0.0,16.0,1.0,1020.6,1020.6,1020.6,1020.6,1.0,0.0,16.0,1.0,,,,,,,,,,,,,,,,,,,,,,,,,,,,,,,,,,,,,,,,,,,,,,,,,,,,,,,,,,,,,,,,,,,,,,,,,,,,,,,,,,,,,,,,,,,,,,,,,,,,,,,,,,,,,,,,,,,,,,,,,,,,,,,,
1900,10,22810,-107.7,-7.7,,,,,,,,,,,,,,,,,,,,,,,,,,,,,,,,,6.7,6.7,6.7,6.7,1.0,0.0,28.0,1.0,-6.17,-6.17,-6.17,-6.17,1.0,0.0,28.0,1.0,2.62,2.62,2.62,2.62,1.0,0.0,28.0,1.0,1014.9,1014.9,1014.9,1014.9,1.0,0.0,28.0,1.0,,,,,,,,,,,,,,,,,,,,,,,,,,,,,,,,,,,,,,,,,,,,,,,,,,,,,,,,,,,,,,,,,,,,,,,,,,,,,,,,,,,,,,,,,,,,,,,,,,,,,,,,,,,,,,,,,,,,,,,,,,,,,,,,
1900,10,22810,-107.6,12.4,,,,,,,,,,,,,,,,,,,,,,,,,,,,,,,,,6.7,6.7,8.47,7.57,3.0,1.5,4.0,1.0,3.84,6.7,8.01,5.94,3.0,3.13,4.0,1.0,-4.24,0.0,2.38,-0.91,3.0,4.91,4.0,1.0,1008.6,1008.6,1008.6,1008.6,1.0,0.0,6.0,1.0,,,,,,,,,,,,,,,,,,,,,,,,,,,,,,,,,,,,,,,,,,,,,,,,,,,,,,,,,,,,,,,,,,,,,,,,,,,,,,,,,,,,,,,,,,,,,,,,,,,,,,,,,,,,,,,,,,,,,,,,,,,,,,,,
1900,10,22810,-107.5,-35.5,,,,,,,,,,,,,,,,,,,,,,,,,,,,,,,,,4.93,5.65,6.37,5.65,2.0,1.48,16.0,1.0,3.49,4.0,4.5,4.0,2.0,1.05,16.0,1.0,3.49,4.0,4.5,4.0,2.0,1.05,16.0,1.0,1018.64,1019.15,1019.66,1019.15,2.0,1.06,16.0,1.0,,,,,,,,,,,,,,,,,,,,,,,,,,,,,,,,,,,,,,,,,,,,,,,,,,,,,,,,,,,,,,,,,,,,,,,,,,,,,,,,,,,,,,,,,,,,,,,,,,,,,,,,,,,,,,,,,,,,,,,,,,,,,,,,
1900,10,22810,-107.5,18.5,,,,,,,,,,,,,,,,,,,,,,,,,,,,,,,,,4.93,5.65,6.37,5.65,2.0,1.48,8.0,1.0,3.49,4.0,4.5,4.0,2.0,1.05,8.0,1.0,-4.5,-4.0,-3.49,-4.0,2.0,1.05,8.0,1.0,1009.5,1009.5,1009.5,1009.5,1.0,0.0,10.0,1.0,,,,,,,,,,,,,,,,,,,,,,,,,,,,,,,,,,,,,,,,,,,,,,,,,,,,,,,,,,,,,,,,,,,,,,,,,,,,,,,,,,,,,,,,,,,,,,,,,,,,,,,,,,,,,,,,,,,,,,,,,,,,,,,,
1900,10,22810,-107.3,20.6,,,,,,,,,,,,,,,,,,,,,,,,,,,,,,,,,0.43,1.8,4.94,2.42,10.0,2.46,10.0,1.0,0.0,0.55,1.47,0.94,10.0,1.46,10.0,1.0,-3.82,-0.92,0.71,-1.6,10.0,2.58,10.0,1.0,1010.46,1010.6,1011.49,1010.97,3.0,0.81,14.0,1.0,,,,,,,,,,,,,,,,,,,,,,,,,,,,,,,,,,,,,,,,,,,,,,,,,,,,,,,,,,,,,,,,,,,,,,,,,,,,,,,,,,,,,,,,,,,,,,,,,,,,,,,,,,,,,,,,,,,,,,,,,,,,,,,,
1900,10,22810,-107.2,-51.4,,,,,,,,,,,,,,,,,,,,,,,,,,,,,,,,,13.36,15.65,17.94,15.65,2.0,4.74,24.0,0.5,-0.76,6.64,14.05,6.64,2.0,15.34,24.0,0.5,-10.9,-9.49,-8.08,-9.49,2.0,2.92,24.0,0.5,993.5,993.5,993.5,993.5,1.0,0.0,30.0,0.0,,,,,,,,,,,,,,,,,,,,,,,,,,,,,,,,,,,,,,,,,,,,,,,,,,,,,,,,,,,,,,,,,,,,,,,,,,,,,,,,,,,,,,,,,,,,,,,,,,,,,,,,,,,,,,,,,,,,,,,,,,,,,,,,
1900,10,22810,-107.2,-47.2,,,,,,,,,,,,,,,,,,,,,,,,,,,,,,,,,9.3,9.3,9.3,9.3,1.0,0.0,26.0,1.0,-6.58,-6.58,-6.58,-6.58,1.0,0.0,26.0,1.0,-6.58,-6.58,-6.58,-6.58,1.0,0.0,26.0,1.0,1010.9,1010.9,1010.9,1010.9,1.0,0.0,26.0,1.0,,,,,,,,,,,,,,,,,,,,,,,,,,,,,,,,,,,,,,,,,,,,,,,,,,,,,,,,,,,,,,,,,,,,,,,,,,,,,,,,,,,,,,,,,,,,,,,,,,,,,,,,,,,,,,,,,,,,,,,,,,,,,,,,
1900,10,22810,-107.2,-15.4,,,,,,,,,,,,,,,,,,,,,,,,,,,,,,,,,8.48,12.3,12.3,10.43,3.0,3.23,24.0,0.7,-11.32,-11.32,-7.8,-9.6,3.0,2.98,24.0,0.7,3.31,4.81,4.81,4.08,3.0,1.26,24.0,0.7,1014.9,1014.9,1014.9,1014.9,1.0,0.0,30.0,1.0,,,,,,,,,,,,,,,,,,,,,,,,,,,,,,,,,,,,,,,,,,,,,,,,,,,,,,,,,,,,,,,,,,,,,,,,,,,,,,,,,,,,,,,,,,,,,,,,,,,,,,,,,,,,,,,,,,,,,,,,,,,,,,,,
1900,10,22810,-107.2,16.3,,,,,,,,,,,,,,,,,,,,,,,,,,,,,,,,,1.0,1.0,1.0,1.0,1.0,0.0,10.0,1.0,-0.37,-0.37,-0.37,-0.37,1.0,0.0,10.0,1.0,0.93,0.93,0.93,0.93,1.0,0.0,10.0,1.0,1011.0,1011.0,1011.0,1011.0,1.0,0.0,10.0,1.0,,,,,,,,,,,,,,,,,,,,,,,,,,,,,,,,,,,,,,,,,,,,,,,,,,,,,,,,,,,,,,,,,,,,,,,,,,,,,,,,,,,,,,,,,,,,,,,,,,,,,,,,,,,,,,,,,,,,,,,,,,,,,,,,
1900,10,22810,-107.2,22.4,,,,,,,,,,,,,,,,,,,,,,,,,,,,,,,,,1.51,2.6,2.6,2.07,3.0,0.92,16.0,1.0,-0.44,0.71,1.48,0.52,3.0,1.42,16.0,1.0,-1.48,-0.71,1.42,-0.04,3.0,2.2,16.0,1.0,1009.89,1010.5,1011.11,1010.5,2.0,1.27,16.0,1.0,,,,,,,,,,,,,,,,,,,,,,,,,,,,,,,,,,,,,,,,,,,,,,,,,,,,,,,,,,,,,,,,,,,,,,,,,,,,,,,,,,,,,,,,,,,,,,,,,,,,,,,,,,,,,,,,,,,,,,,,,,,,,,,,
1900,10,22810,-105.7,-35.2,,,,,,,,,,,,,,,,,,,,,,,,,,,,,,,,,1.0,1.0,1.0,1.0,1.0,0.0,18.0,1.0,0.71,0.71,0.71,0.71,1.0,0.0,18.0,1.0,-0.71,-0.71,-0.71,-0.71,1.0,0.0,18.0,1.0,1018.9,1018.9,1018.9,1018.9,1.0,0.0,18.0,1.0,,,,,,,,,,,,,,,,,,,,,,,,,,,,,,,,,,,,,,,,,,,,,,,,,,,,,,,,,,,,,,,,,,,,,,,,,,,,,,,,,,,,,,,,,,,,,,,,,,,,,,,,,,,,,,,,,,,,,,,,,,,,,,,,
1900,10,22810,-105.7,-9.7,,,,,,,,,,,,,,,,,,,,,,,,,,,,,,,,,6.7,6.7,6.7,6.7,1.0,0.0,26.0,1.0,-6.7,-6.7,-6.7,-6.7,1.0,0.0,26.0,1.0,0.0,0.0,0.0,0.0,1.0,0.0,26.0,1.0,1013.5,1013.5,1013.5,1013.5,1.0,0.0,26.0,1.0,,,,,,,,,,,,,,,,,,,,,,,,,,,,,,,,,,,,,,,,,,,,,,,,,,,,,,,,,,,,,,,,,,,,,,,,,,,,,,,,,,,,,,,,,,,,,,,,,,,,,,,,,,,,,,,,,,,,,,,,,,,,,,,,
1900,10,22810,-105.7,10.8,,,,,,,,,,,,,,,,,,,,,,,,,,,,,,,,,4.93,5.65,6.37,5.65,2.0,1.48,4.0,1.0,0.98,3.08,5.19,3.08,2.0,4.36,4.0,1.0,-4.29,-3.61,-2.93,-3.61,2.0,1.4,4.0,1.0,1008.11,1009.0,1009.89,1009.0,2.0,1.84,4.0,1.0,,,,,,,,,,,,,,,,,,,,,,,,,,,,,,,,,,,,,,,,,,,,,,,,,,,,,,,,,,,,,,,,,,,,,,,,,,,,,,,,,,,,,,,,,,,,,,,,,,,,,,,,,,,,,,,,,,,,,,,,,,,,,,,,
1900,10,22810,-105.7,18.8,,,,,,,,,,,,,,,,,,,,,,,,,,,,,,,,,2.6,2.6,2.6,2.6,1.0,0.0,12.0,1.0,2.39,2.39,2.39,2.39,1.0,0.0,12.0,1.0,-1.02,-1.02,-1.02,-1.02,1.0,0.0,12.0,1.0,1009.9,1009.9,1009.9,1009.9,1.0,0.0,12.0,1.0,,,,,,,,,,,,,,,,,,,,,,,,,,,,,,,,,,,,,,,,,,,,,,,,,,,,,,,,,,,,,,,,,,,,,,,,,,,,,,,,,,,,,,,,,,,,,,,,,,,,,,,,,,,,,,,,,,,,,,,,,,,,,,,,
1900,10,22810,-105.7,20.3,,,,,,,,,,,,,,,,,,,,,,,,,,,,,,,,,2.6,2.6,2.6,2.6,1.0,0.0,12.0,1.0,0.97,0.97,0.97,0.97,1.0,0.0,12.0,1.0,-2.41,-2.41,-2.41,-2.41,1.0,0.0,12.0,1.0,1012.8,1012.8,1012.8,1012.8,1.0,0.0,12.0,1.0,,,,,,,,,,,,,,,,,,,,,,,,,,,,,,,,,,,,,,,,,,,,,,,,,,,,,,,,,,,,,,,,,,,,,,,,,,,,,,,,,,,,,,,,,,,,,,,,,,,,,,,,,,,,,,,,,,,,,,,,,,,,,,,,
1900,10,22810,-105.5,-51.5,,,,,,,,,,,,,,,,,,,,,,,,,,,,,,,,,9.3,9.3,9.3,9.3,3.0,0.0,30.0,1.0,-2.68,-1.61,-0.51,-1.6,3.0,1.59,30.0,1.0,-9.26,-9.16,-8.87,-9.07,3.0,0.29,30.0,1.0,991.19,991.6,992.01,991.6,3.0,0.6,30.0,1.0,,,,,,,,,,,,,,,,,,,,,,,,,,,,,,,,,,,,,,,,,,,,,,,,,,,,,,,,,,,,,,,,,,,,,,,,,,,,,,,,,,,,,,,,,,,,,,,,,,,,,,,,,,,,,,,,,,,,,,,,,,,,,,,,
1900,10,22810,-105.5,-37.5,,,,,,,,,,,,,,,,,,,,,,,,,,,,,,,,,3.25,4.65,6.05,4.65,2.0,2.9,16.0,1.0,1.61,2.88,4.15,2.88,2.0,2.63,16.0,1.0,2.77,3.57,4.37,3.57,2.0,1.66,16.0,1.0,1015.9,1017.2,1018.5,1017.2,2.0,2.69,16.0,1.0,,,,,,,,,,,,,,,,,,,,,,,,,,,,,,,,,,,,,,,,,,,,,,,,,,,,,,,,,,,,,,,,,,,,,,,,,,,,,,,,,,,,,,,,,,,,,,,,,,,,,,,,,,,,,,,,,,,,,,,,,,,,,,,,
1900,10,22810,-105.2,-45.7,,,,,,,,,,,,,,,,,,,,,,,,,,,,,,,,,15.4,15.4,15.4,15.4,1.0,0.0,14.0,1.0,14.28,14.28,14.28,14.28,1.0,0.0,14.0,1.0,5.77,5.77,5.77,5.77,1.0,0.0,14.0,1.0,1003.0,1003.0,1003.0,1003.0,1.0,0.0,14.0,1.0,,,,,,,,,,,,,,,,,,,,,,,,,,,,,,,,,,,,,,,,,,,,,,,,,,,,,,,,,,,,,,,,,,,,,,,,,,,,,,,,,,,,,,,,,,,,,,,,,,,,,,,,,,,,,,,,,,,,,,,,,,,,,,,,
1900,10,22810,-105.2,-39.7,,,,,,,,,,,,,,,,,,,,,,,,,,,,,,,,,6.7,6.7,6.7,6.7,1.0,0.0,16.0,1.0,4.74,4.74,4.74,4.74,1.0,0.0,16.0,1.0,4.74,4.74,4.74,4.74,1.0,0.0,16.0,1.0,1014.1,1014.1,1014.1,1014.1,1.0,0.0,16.0,1.0,,,,,,,,,,,,,,,,,,,,,,,,,,,,,,,,,,,,,,,,,,,,,,,,,,,,,,,,,,,,,,,,,,,,,,,,,,,,,,,,,,,,,,,,,,,,,,,,,,,,,,,,,,,,,,,,,,,,,,,,,,,,,,,,
1900,10,22810,-105.2,-15.7,,,,,,,,,,,,,,,,,,,,,,,,,,,,,,,,,6.7,6.7,6.7,6.7,1.0,0.0,28.0,1.0,-6.17,-6.17,-6.17,-6.17,1.0,0.0,28.0,1.0,2.62,2.62,2.62,2.62,1.0,0.0,28.0,1.0,1017.6,1017.6,1017.6,1017.6,1.0,0.0,28.0,1.0,,,,,,,,,,,,,,,,,,,,,,,,,,,,,,,,,,,,,,,,,,,,,,,,,,,,,,,,,,,,,,,,,,,,,,,,,,,,,,,,,,,,,,,,,,,,,,,,,,,,,,,,,,,,,,,,,,,,,,,,,,,,,,,,
1900,10,22810,-105.2,4.8,,,,,,,,,,,,,,,,,,,,,,,,,,,,,,,,,6.7,6.7,6.7,6.7,1.0,0.0,2.0,1.0,2.62,2.62,2.62,2.62,1.0,0.0,2.0,1.0,6.17,6.17,6.17,6.17,1.0,0.0,2.0,1.0,1011.7,1011.7,1011.7,1011.7,1.0,0.0,2.0,1.0,,,,,,,,,,,,,,,,,,,,,,,,,,,,,,,,,,,,,,,,,,,,,,,,,,,,,,,,,,,,,,,,,,,,,,,,,,,,,,,,,,,,,,,,,,,,,,,,,,,,,,,,,,,,,,,,,,,,,,,,,,,,,,,,
1900,10,22810,-105.2,6.8,,,,,,,,,,,,,,,,,,,,,,,,,,,,,,,,,9.3,9.3,9.3,9.3,1.0,0.0,2.0,1.0,6.58,6.58,6.58,6.58,1.0,0.0,2.0,1.0,6.58,6.58,6.58,6.58,1.0,0.0,2.0,1.0,1010.7,1010.7,1010.7,1010.7,1.0,0.0,2.0,1.0,,,,,,,,,,,,,,,,,,,,,,,,,,,,,,,,,,,,,,,,,,,,,,,,,,,,,,,,,,,,,,,,,,,,,,,,,,,,,,,,,,,,,,,,,,,,,,,,,,,,,,,,,,,,,,,,,,,,,,,,,,,,,,,,
1900,10,22810,-105.2,8.8,,,,,,,,,,,,,,,,,,,,,,,,,,,,,,,,,6.7,6.7,6.7,6.7,1.0,0.0,4.0,1.0,4.74,4.74,4.74,4.74,1.0,0.0,4.0,1.0,4.74,4.74,4.74,4.74,1.0,0.0,4.0,1.0,1011.5,1011.5,1011.5,1011.5,1.0,0.0,4.0,1.0,,,,,,,,,,,,,,,,,,,,,,,,,,,,,,,,,,,,,,,,,,,,,,,,,,,,,,,,,,,,,,,,,,,,,,,,,,,,,,,,,,,,,,,,,,,,,,,,,,,,,,,,,,,,,,,,,,,,,,,,,,,,,,,,
1900,10,22810,-103.7,-41.7,,,,,,,,,,,,,,,,,,,,,,,,,,,,,,,,,2.6,2.6,2.6,2.6,1.0,0.0,18.0,1.0,-0.97,-0.97,-0.97,-0.97,1.0,0.0,18.0,1.0,2.41,2.41,2.41,2.41,1.0,0.0,18.0,1.0,1019.1,1019.1,1019.1,1019.1,1.0,0.0,18.0,1.0,,,,,,,,,,,,,,,,,,,,,,,,,,,,,,,,,,,,,,,,,,,,,,,,,,,,,,,,,,,,,,,,,,,,,,,,,,,,,,,,,,,,,,,,,,,,,,,,,,,,,,,,,,,,,,,,,,,,,,,,,,,,,,,,
1900,10,22810,-103.7,-35.7,,,,,,,,,,,,,,,,,,,,,,,,,,,,,,,,,6.7,6.7,6.7,6.7,1.0,0.0,18.0,1.0,-4.74,-4.74,-4.74,-4.74,1.0,0.0,18.0,1.0,-4.74,-4.74,-4.74,-4.74,1.0,0.0,18.0,1.0,1018.4,1018.4,1018.4,1018.4,1.0,0.0,18.0,1.0,,,,,,,,,,,,,,,,,,,,,,,,,,,,,,,,,,,,,,,,,,,,,,,,,,,,,,,,,,,,,,,,,,,,,,,,,,,,,,,,,,,,,,,,,,,,,,,,,,,,,,,,,,,,,,,,,,,,,,,,,,,,,,,,
1900,10,22810,-103.2,-43.5,,,,,,,,,,,,,,,,,,,,,,,,,,,,,,,,,0.41,1.3,2.19,1.3,2.0,1.84,10.0,1.0,-0.85,-0.51,-0.16,-0.51,2.0,0.72,10.0,1.0,-2.01,-1.2,-0.38,-1.2,2.0,1.69,10.0,1.0,1020.85,1023.1,1025.35,1023.1,2.0,4.67,10.0,1.0,,,,,,,,,,,,,,,,,,,,,,,,,,,,,,,,,,,,,,,,,,,,,,,,,,,,,,,,,,,,,,,,,,,,,,,,,,,,,,,,,,,,,,,,,,,,,,,,,,,,,,,,,,,,,,,,,,,,,,,,,,,,,,,,
1900,10,22810,-103.2,-37.7,,,,,,,,,,,,,,,,,,,,,,,,,,,,,,,,,2.6,2.6,2.6,2.6,1.0,0.0,18.0,1.0,1.02,1.02,1.02,1.02,1.0,0.0,18.0,1.0,2.39,2.39,2.39,2.39,1.0,0.0,18.0,1.0,1017.6,1017.6,1017.6,1017.6,1.0,0.0,18.0,1.0,,,,,,,,,,,,,,,,,,,,,,,,,,,,,,,,,,,,,,,,,,,,,,,,,,,,,,,,,,,,,,,,,,,,,,,,,,,,,,,,,,,,,,,,,,,,,,,,,,,,,,,,,,,,,,,,,,,,,,,,,,,,,,,,
1900,10,22810,-103.2,-17.2,,,,,,,,,,,,,,,,,,,,,,,,,,,,,,,,,9.3,9.3,9.3,9.3,1.0,0.0,28.0,1.0,-8.56,-8.56,-8.56,-8.56,1.0,0.0,28.0,1.0,3.63,3.63,3.63,3.63,1.0,0.0,28.0,1.0,1017.9,1017.9,1017.9,1017.9,1.0,0.0,28.0,1.0,,,,,,,,,,,,,,,,,,,,,,,,,,,,,,,,,,,,,,,,,,,,,,,,,,,,,,,,,,,,,,,,,,,,,,,,,,,,,,,,,,,,,,,,,,,,,,,,,,,,,,,,,,,,,,,,,,,,,,,,,,,,,,,,
1900,10,22810,-103.2,-11.7,,,,,,,,,,,,,,,,,,,,,,,,,,,,,,,,,6.7,6.7,6.7,6.7,1.0,0.0,26.0,1.0,-6.7,-6.7,-6.7,-6.7,1.0,0.0,26.0,1.0,0.0,0.0,0.0,0.0,1.0,0.0,26.0,1.0,1013.2,1013.2,1013.2,1013.2,1.0,0.0,26.0,1.0,,,,,,,,,,,,,,,,,,,,,,,,,,,,,,,,,,,,,,,,,,,,,,,,,,,,,,,,,,,,,,,,,,,,,,,,,,,,,,,,,,,,,,,,,,,,,,,,,,,,,,,,,,,,,,,,,,,,,,,,,,,,,,,,
1900,10,22810,-101.60000000000002,-45.4,,,,,,,,,,,,,,,,,,,,,,,,,,,,,,,,,3.87,6.7,11.53,7.72,5.0,4.96,14.0,1.0,0.62,4.27,7.92,4.47,5.0,4.37,14.0,1.0,-4.93,1.72,5.57,0.68,5.0,7.38,14.0,1.0,1007.95,1012.8,1020.38,1014.13,3.0,9.17,12.0,1.0,,,,,,,,,,,,,,,,,,,,,,,,,,,,,,,,,,,,,,,,,,,,,,,,,,,,,,,,,,,,,,,,,,,,,,,,,,,,,,,,,,,,,,,,,,,,,,,,,,,,,,,,,,,,,,,,,,,,,,,,,,,,,,,,
1900,10,22810,-101.5,-39.5,,,,,,,,,,,,,,,,,,,,,,,,,,,,,,,,,3.25,4.65,6.05,4.65,2.0,2.9,18.0,1.0,-1.28,1.16,3.6,1.16,2.0,5.05,18.0,1.0,-0.07,1.88,3.83,1.88,2.0,4.04,18.0,1.0,1015.55,1016.95,1018.35,1016.95,2.0,2.9,18.0,1.0,,,,,,,,,,,,,,,,,,,,,,,,,,,,,,,,,,,,,,,,,,,,,,,,,,,,,,,,,,,,,,,,,,,,,,,,,,,,,,,,,,,,,,,,,,,,,,,,,,,,,,,,,,,,,,,,,,,,,,,,,,,,,,,,
1900,10,22810,-101.2,-37.2,,,,,,,,,,,,,,,,,,,,,,,,,,,,,,,,,12.3,12.3,12.3,12.3,1.0,0.0,20.0,1.0,8.7,8.7,8.7,8.7,1.0,0.0,20.0,1.0,8.7,8.7,8.7,8.7,1.0,0.0,20.0,1.0,1015.7,1015.7,1015.7,1015.7,1.0,0.0,20.0,1.0,,,,,,,,,,,,,,,,,,,,,,,,,,,,,,,,,,,,,,,,,,,,,,,,,,,,,,,,,,,,,,,,,,,,,,,,,,,,,,,,,,,,,,,,,,,,,,,,,,,,,,,,,,,,,,,,,,,,,,,,,,,,,,,,
1900,10,22810,-101.2,-13.7,,,,,,,,,,,,,,,,,,,,,,,,,,,,,,,,,9.3,9.3,9.3,9.3,1.0,0.0,24.0,1.0,-8.56,-8.56,-8.56,-8.56,1.0,0.0,24.0,1.0,3.63,3.63,3.63,3.63,1.0,0.0,24.0,1.0,1016.3,1016.3,1016.3,1016.3,1.0,0.0,24.0,1.0,,,,,,,,,,,,,,,,,,,,,,,,,,,,,,,,,,,,,,,,,,,,,,,,,,,,,,,,,,,,,,,,,,,,,,,,,,,,,,,,,,,,,,,,,,,,,,,,,,,,,,,,,,,,,,,,,,,,,,,,,,,,,,,,
1900,10,22810,-99.7,-17.7,,,,,,,,,,,,,,,,,,,,,,,,,,,,,,,,,6.7,6.7,6.7,6.7,1.0,0.0,26.0,1.0,-6.17,-6.17,-6.17,-6.17,1.0,0.0,26.0,1.0,2.62,2.62,2.62,2.62,1.0,0.0,26.0,1.0,1018.6,1018.6,1018.6,1018.6,1.0,0.0,26.0,1.0,,,,,,,,,,,,,,,,,,,,,,,,,,,,,,,,,,,,,,,,,,,,,,,,,,,,,,,,,,,,,,,,,,,,,,,,,,,,,,,,,,,,,,,,,,,,,,,,,,,,,,,,,,,,,,,,,,,,,,,,,,,,,,,,
1900,10,22810,-99.2,-49.5,,,,,,,,,,,,,,,,,,,,,,,,,,,,,,,,,1.57,2.8,4.03,2.8,2.0,2.55,28.0,1.0,-1.51,-0.9,-0.29,-0.9,2.0,1.27,28.0,1.0,-3.72,-2.62,-1.51,-2.62,2.0,2.29,28.0,1.0,1006.22,1007.35,1008.48,1007.35,2.0,2.33,28.0,1.0,,,,,,,,,,,,,,,,,,,,,,,,,,,,,,,,,,,,,,,,,,,,,,,,,,,,,,,,,,,,,,,,,,,,,,,,,,,,,,,,,,,,,,,,,,,,,,,,,,,,,,,,,,,,,,,,,,,,,,,,,,,,,,,,
1900,10,22810,-99.2,-47.5,,,,,,,,,,,,,,,,,,,,,,,,,,,,,,,,,12.79,13.85,14.91,13.85,2.0,2.19,12.0,1.0,1.38,4.35,7.32,4.35,2.0,6.15,12.0,1.0,-11.58,-3.35,4.87,-3.35,2.0,17.04,12.0,1.0,1007.15,1007.25,1007.35,1007.25,2.0,0.21,12.0,1.0,,,,,,,,,,,,,,,,,,,,,,,,,,,,,,,,,,,,,,,,,,,,,,,,,,,,,,,,,,,,,,,,,,,,,,,,,,,,,,,,,,,,,,,,,,,,,,,,,,,,,,,,,,,,,,,,,,,,,,,,,,,,,,,,
1900,10,22810,-97.7,-19.2,,,,,,,,,,,,,,,,,,,,,,,,,,,,,,,,,6.7,6.7,6.7,6.7,1.0,0.0,26.0,1.0,-6.17,-6.17,-6.17,-6.17,1.0,0.0,26.0,1.0,2.62,2.62,2.62,2.62,1.0,0.0,26.0,1.0,1017.3,1017.3,1017.3,1017.3,1.0,0.0,26.0,1.0,,,,,,,,,,,,,,,,,,,,,,,,,,,,,,,,,,,,,,,,,,,,,,,,,,,,,,,,,,,,,,,,,,,,,,,,,,,,,,,,,,,,,,,,,,,,,,,,,,,,,,,,,,,,,,,,,,,,,,,,,,,,,,,,
1900,10,22810,-97.7,-15.7,,,,,,,,,,,,,,,,,,,,,,,,,,,,,,,,,9.3,9.3,9.3,9.3,1.0,0.0,24.0,1.0,-8.56,-8.56,-8.56,-8.56,1.0,0.0,24.0,1.0,3.63,3.63,3.63,3.63,1.0,0.0,24.0,1.0,1018.7,1018.7,1018.7,1018.7,1.0,0.0,24.0,1.0,,,,,,,,,,,,,,,,,,,,,,,,,,,,,,,,,,,,,,,,,,,,,,,,,,,,,,,,,,,,,,,,,,,,,,,,,,,,,,,,,,,,,,,,,,,,,,,,,,,,,,,,,,,,,,,,,,,,,,,,,,,,,,,,
1900,10,22810,-97.39999999999998,-43.4,,,,,,,,,,,,,,,,,,,,,,,,,,,,,,,,,7.53,9.3,15.92,11.67,3.0,6.48,18.0,1.0,5.97,8.62,14.68,10.28,3.0,6.54,18.0,1.0,-3.96,3.48,4.34,0.27,3.0,6.69,18.0,1.0,1008.0,1008.0,1008.0,1008.0,1.0,0.0,16.0,1.0,,,,,,,,,,,,,,,,,,,,,,,,,,,,,,,,,,,,,,,,,,,,,,,,,,,,,,,,,,,,,,,,,,,,,,,,,,,,,,,,,,,,,,,,,,,,,,,,,,,,,,,,,,,,,,,,,,,,,,,,,,,,,,,,
1900,10,22810,-97.2,-51.2,,,,,,,,,,,,,,,,,,,,,,,,,,,,,,,,,9.3,9.3,9.3,9.3,1.0,0.0,30.0,1.0,6.58,6.58,6.58,6.58,1.0,0.0,30.0,1.0,6.58,6.58,6.58,6.58,1.0,0.0,30.0,1.0,1004.0,1004.0,1004.0,1004.0,1.0,0.0,30.0,1.0,,,,,,,,,,,,,,,,,,,,,,,,,,,,,,,,,,,,,,,,,,,,,,,,,,,,,,,,,,,,,,,,,,,,,,,,,,,,,,,,,,,,,,,,,,,,,,,,,,,,,,,,,,,,,,,,,,,,,,,,,,,,,,,,
1900,10,22810,-97.2,-49.7,,,,,,,,,,,,,,,,,,,,,,,,,,,,,,,,,9.3,9.3,9.3,9.3,1.0,0.0,30.0,1.0,6.58,6.58,6.58,6.58,1.0,0.0,30.0,1.0,6.58,6.58,6.58,6.58,1.0,0.0,30.0,1.0,1004.3,1004.3,1004.3,1004.3,1.0,0.0,30.0,1.0,,,,,,,,,,,,,,,,,,,,,,,,,,,,,,,,,,,,,,,,,,,,,,,,,,,,,,,,,,,,,,,,,,,,,,,,,,,,,,,,,,,,,,,,,,,,,,,,,,,,,,,,,,,,,,,,,,,,,,,,,,,,,,,,
1900,10,22810,-97.2,-39.2,,,,,,,,,,,,,,,,,,,,,,,,,,,,,,,,,6.7,6.7,6.7,6.7,1.0,0.0,20.0,1.0,6.17,6.17,6.17,6.17,1.0,0.0,20.0,1.0,-2.62,-2.62,-2.62,-2.62,1.0,0.0,20.0,1.0,1015.7,1015.7,1015.7,1015.7,1.0,0.0,20.0,1.0,,,,,,,,,,,,,,,,,,,,,,,,,,,,,,,,,,,,,,,,,,,,,,,,,,,,,,,,,,,,,,,,,,,,,,,,,,,,,,,,,,,,,,,,,,,,,,,,,,,,,,,,,,,,,,,,,,,,,,,,,,,,,,,,
1900,10,22810,-95.7,-35.7,,,,,,,,,,,,,,,,,,,,,,,,,,,,,,,,,9.3,9.3,9.3,9.3,1.0,0.0,20.0,1.0,6.58,6.58,6.58,6.58,1.0,0.0,20.0,1.0,6.58,6.58,6.58,6.58,1.0,0.0,20.0,1.0,1018.0,1018.0,1018.0,1018.0,1.0,0.0,20.0,1.0,,,,,,,,,,,,,,,,,,,,,,,,,,,,,,,,,,,,,,,,,,,,,,,,,,,,,,,,,,,,,,,,,,,,,,,,,,,,,,,,,,,,,,,,,,,,,,,,,,,,,,,,,,,,,,,,,,,,,,,,,,,,,,,,
1900,10,22810,-95.5,-49.7,,,,,,,,,,,,,,,,,,,,,,,,,,,,,,,,,8.08,11.05,14.02,11.05,2.0,6.15,12.0,1.0,3.93,6.75,9.58,6.75,2.0,5.85,12.0,1.0,-8.18,-2.36,3.46,-2.36,2.0,12.06,12.0,1.0,1001.74,1004.2,1006.66,1004.2,2.0,5.09,12.0,1.0,,,,,,,,,,,,,,,,,,,,,,,,,,,,,,,,,,,,,,,,,,,,,,,,,,,,,,,,,,,,,,,,,,,,,,,,,,,,,,,,,,,,,,,,,,,,,,,,,,,,,,,,,,,,,,,,,,,,,,,,,,,,,,,,
1900,10,22810,-95.5,-19.5,,,,,,,,,,,,,,,,,,,,,,,,,,,,,,,,,7.59,9.5,11.41,9.5,2.0,3.96,24.0,1.0,-10.5,-8.74,-6.99,-8.74,2.0,3.65,24.0,1.0,2.97,3.71,4.46,3.71,2.0,1.55,24.0,1.0,1019.59,1020.0,1020.41,1020.0,2.0,0.85,24.0,1.0,,,,,,,,,,,,,,,,,,,,,,,,,,,,,,,,,,,,,,,,,,,,,,,,,,,,,,,,,,,,,,,,,,,,,,,,,,,,,,,,,,,,,,,,,,,,,,,,,,,,,,,,,,,,,,,,,,,,,,,,,,,,,,,,
1900,10,22810,-95.39999999999998,-11.7,,,,,,,,,,,,,,,,,,,,,,,,,,,,,,,,,2.6,2.6,2.6,2.6,4.0,0.0,30.0,1.0,-2.56,-2.56,-2.47,-2.52,4.0,0.08,30.0,1.0,0.45,0.45,0.75,0.59,4.0,0.28,30.0,1.0,1013.45,1014.0,1015.37,1014.4,3.0,1.44,30.0,1.0,,,,,,,,,,,,,,,,,,,,,,,,,,,,,,,,,,,,,,,,,,,,,,,,,,,,,,,,,,,,,,,,,,,,,,,,,,,,,,,,,,,,,,,,,,,,,,,,,,,,,,,,,,,,,,,,,,,,,,,,,,,,,,,,
1900,10,22810,-95.2,-41.2,,,,,,,,,,,,,,,,,,,,,,,,,,,,,,,,,4.6,4.6,4.6,4.6,1.0,0.0,12.0,1.0,0.0,0.0,0.0,0.0,1.0,0.0,12.0,1.0,-4.6,-4.6,-4.6,-4.6,1.0,0.0,12.0,1.0,1022.6,1022.6,1022.6,1022.6,1.0,0.0,12.0,1.0,,,,,,,,,,,,,,,,,,,,,,,,,,,,,,,,,,,,,,,,,,,,,,,,,,,,,,,,,,,,,,,,,,,,,,,,,,,,,,,,,,,,,,,,,,,,,,,,,,,,,,,,,,,,,,,,,,,,,,,,,,,,,,,,
1900,10,22810,-95.2,-39.6,,,,,,,,,,,,,,,,,,,,,,,,,,,,,,,,,7.33,15.4,15.4,11.55,4.0,7.7,8.0,0.8,6.08,13.52,14.28,10.33,4.0,6.92,8.0,0.8,2.75,5.77,7.26,5.04,4.0,3.62,8.0,0.8,1026.9,1026.9,1026.9,1026.9,1.0,0.0,12.0,1.0,,,,,,,,,,,,,,,,,,,,,,,,,,,,,,,,,,,,,,,,,,,,,,,,,,,,,,,,,,,,,,,,,,,,,,,,,,,,,,,,,,,,,,,,,,,,,,,,,,,,,,,,,,,,,,,,,,,,,,,,,,,,,,,,
1900,10,22810,-95.2,-13.2,,,,,,,,,,,,,,,,,,,,,,,,,,,,,,,,,2.6,2.6,3.97,3.27,3.0,1.15,30.0,0.0,-3.9,-2.56,-2.56,-3.22,3.0,1.14,30.0,0.0,0.45,0.45,0.69,0.57,3.0,0.2,30.0,0.0,1014.36,1014.7,1015.79,1015.07,3.0,1.1,30.0,0.0,,,,,,,,,,,,,,,,,,,,,,,,,,,,,,,,,,,,,,,,,,,,,,,,,,,,,,,,,,,,,,,,,,,,,,,,,,,,,,,,,,,,,,,,,,,,,,,,,,,,,,,,,,,,,,,,,,,,,,,,,,,,,,,,
1900,10,22810,-93.8,-13.7,,,,,,,,,,,,,,,,,,,,,,,,,,,,,,,,,5.6,6.7,6.7,6.18,4.0,1.05,30.0,1.0,-6.6,-6.38,-5.35,-5.99,4.0,0.95,30.0,1.0,0.55,1.16,1.93,1.24,4.0,1.07,30.0,1.0,1015.36,1017.0,1017.07,1016.23,3.0,1.42,30.0,1.0,,,,,,,,,,,,,,,,,,,,,,,,,,,,,,,,,,,,,,,,,,,,,,,,,,,,,,,,,,,,,,,,,,,,,,,,,,,,,,,,,,,,,,,,,,,,,,,,,,,,,,,,,,,,,,,,,,,,,,,,,,,,,,,,
1900,10,22810,-93.7,-51.5,,,,,,,,,,,,,,,,,,,,,,,,,,,,,,,,,1.0,1.0,1.0,1.0,2.0,0.0,30.0,1.0,0.71,0.71,0.71,0.71,2.0,0.0,30.0,1.0,0.71,0.71,0.71,0.71,2.0,0.0,30.0,1.0,1014.79,1015.2,1015.61,1015.2,2.0,0.85,30.0,1.0,,,,,,,,,,,,,,,,,,,,,,,,,,,,,,,,,,,,,,,,,,,,,,,,,,,,,,,,,,,,,,,,,,,,,,,,,,,,,,,,,,,,,,,,,,,,,,,,,,,,,,,,,,,,,,,,,,,,,,,,,,,,,,,,
1900,10,22810,-93.7,-35.2,,,,,,,,,,,,,,,,,,,,,,,,,,,,,,,,,9.3,9.3,9.3,9.3,1.0,0.0,6.0,1.0,9.3,9.3,9.3,9.3,1.0,0.0,6.0,1.0,0.0,0.0,0.0,0.0,1.0,0.0,6.0,1.0,1022.9,1022.9,1022.9,1022.9,1.0,0.0,6.0,1.0,,,,,,,,,,,,,,,,,,,,,,,,,,,,,,,,,,,,,,,,,,,,,,,,,,,,,,,,,,,,,,,,,,,,,,,,,,,,,,,,,,,,,,,,,,,,,,,,,,,,,,,,,,,,,,,,,,,,,,,,,,,,,,,,
1900,10,22810,-93.5,-41.6,,,,,,,,,,,,,,,,,,,,,,,,,,,,,,,,,6.6,9.8,12.45,10.13,7.0,3.65,12.0,0.7,5.83,8.12,12.18,7.8,7.0,5.08,12.0,0.7,2.5,5.48,7.01,5.14,7.0,2.3,12.0,0.7,1013.7,1013.7,1013.7,1013.7,1.0,0.0,18.0,1.0,,,,,,,,,,,,,,,,,,,,,,,,,,,,,,,,,,,,,,,,,,,,,,,,,,,,,,,,,,,,,,,,,,,,,,,,,,,,,,,,,,,,,,,,,,,,,,,,,,,,,,,,,,,,,,,,,,,,,,,,,,,,,,,,
1900,10,22810,-93.5,-39.5,,,,,,,,,,,,,,,,,,,,,,,,,,,,,,,,,4.55,8.0,10.87,7.73,4.0,4.11,8.0,1.0,0.0,1.2,5.7,2.77,4.0,4.11,8.0,1.0,2.66,7.7,9.01,5.92,4.0,4.76,8.0,1.0,1008.92,1013.7,1018.48,1013.7,2.0,9.9,10.0,1.0,,,,,,,,,,,,,,,,,,,,,,,,,,,,,,,,,,,,,,,,,,,,,,,,,,,,,,,,,,,,,,,,,,,,,,,,,,,,,,,,,,,,,,,,,,,,,,,,,,,,,,,,,,,,,,,,,,,,,,,,,,,,,,,,
1900,10,22810,-93.39999999999998,-43.4,,,,,,,,,,,,,,,,,,,,,,,,,,,,,,,,,5.2,6.7,10.71,7.62,5.0,3.66,8.0,0.4,0.64,2.51,7.58,3.83,5.0,3.8,8.0,0.4,-7.58,-6.21,3.97,-2.55,5.0,6.72,8.0,0.4,1012.0,1012.0,1012.0,1012.0,1.0,0.0,14.0,1.0,,,,,,,,,,,,,,,,,,,,,,,,,,,,,,,,,,,,,,,,,,,,,,,,,,,,,,,,,,,,,,,,,,,,,,,,,,,,,,,,,,,,,,,,,,,,,,,,,,,,,,,,,,,,,,,,,,,,,,,,,,,,,,,,
1900,10,22810,-93.39999999999998,-15.5,,,,,,,,,,,,,,,,,,,,,,,,,,,,,,,,,6.7,6.7,6.7,6.7,4.0,0.0,30.0,0.3,-6.6,-6.6,-6.6,-6.6,4.0,0.0,30.0,0.3,1.16,1.16,1.16,1.16,4.0,0.0,30.0,0.3,1016.12,1016.9,1017.15,1016.65,4.0,0.73,30.0,0.3,,,,,,,,,,,,,,,,,,,,,,,,,,,,,,,,,,,,,,,,,,,,,,,,,,,,,,,,,,,,,,,,,,,,,,,,,,,,,,,,,,,,,,,,,,,,,,,,,,,,,,,,,,,,,,,,,,,,,,,,,,,,,,,,
1900,10,22810,-93.2,-37.7,,,,,,,,,,,,,,,,,,,,,,,,,,,,,,,,,6.7,6.7,6.7,6.7,1.0,0.0,22.0,1.0,6.21,6.21,6.21,6.21,1.0,0.0,22.0,1.0,2.51,2.51,2.51,2.51,1.0,0.0,22.0,1.0,1019.8,1019.8,1019.8,1019.8,1.0,0.0,22.0,1.0,,,,,,,,,,,,,,,,,,,,,,,,,,,,,,,,,,,,,,,,,,,,,,,,,,,,,,,,,,,,,,,,,,,,,,,,,,,,,,,,,,,,,,,,,,,,,,,,,,,,,,,,,,,,,,,,,,,,,,,,,,,,,,,,
1900,10,22810,-93.2,-31.2,,,,,,,,,,,,,,,,,,,,,,,,,,,,,,,,,4.6,4.6,4.6,4.6,1.0,0.0,4.0,1.0,-4.27,-4.27,-4.27,-4.27,1.0,0.0,4.0,1.0,-1.72,-1.72,-1.72,-1.72,1.0,0.0,4.0,1.0,1025.9,1025.9,1025.9,1025.9,1.0,0.0,4.0,1.0,,,,,,,,,,,,,,,,,,,,,,,,,,,,,,,,,,,,,,,,,,,,,,,,,,,,,,,,,,,,,,,,,,,,,,,,,,,,,,,,,,,,,,,,,,,,,,,,,,,,,,,,,,,,,,,,,,,,,,,,,,,,,,,,
1900,10,22810,-93.2,-25.7,,,,,,,,,,,,,,,,,,,,,,,,,,,,,,,,,2.6,2.6,2.6,2.6,1.0,0.0,20.0,1.0,-1.02,-1.02,-1.02,-1.02,1.0,0.0,20.0,1.0,-2.39,-2.39,-2.39,-2.39,1.0,0.0,20.0,1.0,1020.7,1020.7,1020.7,1020.7,1.0,0.0,20.0,1.0,,,,,,,,,,,,,,,,,,,,,,,,,,,,,,,,,,,,,,,,,,,,,,,,,,,,,,,,,,,,,,,,,,,,,,,,,,,,,,,,,,,,,,,,,,,,,,,,,,,,,,,,,,,,,,,,,,,,,,,,,,,,,,,,
1900,10,22810,-93.2,-17.2,,,,,,,,,,,,,,,,,,,,,,,,,,,,,,,,,6.7,6.7,6.7,6.7,2.0,0.0,30.0,1.0,-6.53,-6.38,-6.24,-6.38,2.0,0.3,30.0,1.0,1.39,1.89,2.39,1.89,2.0,1.03,30.0,1.0,1018.0,1018.0,1018.0,1018.0,1.0,0.0,30.0,1.0,,,,,,,,,,,,,,,,,,,,,,,,,,,,,,,,,,,,,,,,,,,,,,,,,,,,,,,,,,,,,,,,,,,,,,,,,,,,,,,,,,,,,,,,,,,,,,,,,,,,,,,,,,,,,,,,,,,,,,,,,,,,,,,,
1900,10,22810,-91.8,-17.5,,,,,,,,,,,,,,,,,,,,,,,,,,,,,,,,,5.6,6.7,6.7,6.18,4.0,1.05,30.0,0.3,-6.45,-5.3,-3.6,-5.04,4.0,1.72,30.0,0.3,1.7,2.91,4.37,3.03,4.0,1.7,30.0,0.3,1018.08,1019.0,1019.71,1018.9,4.0,1.04,30.0,0.3,,,,,,,,,,,,,,,,,,,,,,,,,,,,,,,,,,,,,,,,,,,,,,,,,,,,,,,,,,,,,,,,,,,,,,,,,,,,,,,,,,,,,,,,,,,,,,,,,,,,,,,,,,,,,,,,,,,,,,,,,,,,,,,,
1900,10,22810,-91.7,-53.2,,,,,,,,,,,,,,,,,,,,,,,,,,,,,,,,,6.7,6.7,6.7,6.7,1.0,0.0,30.0,1.0,-4.74,-4.74,-4.74,-4.74,1.0,0.0,30.0,1.0,-4.74,-4.74,-4.74,-4.74,1.0,0.0,30.0,1.0,1015.3,1015.3,1015.3,1015.3,1.0,0.0,30.0,1.0,,,,,,,,,,,,,,,,,,,,,,,,,,,,,,,,,,,,,,,,,,,,,,,,,,,,,,,,,,,,,,,,,,,,,,,,,,,,,,,,,,,,,,,,,,,,,,,,,,,,,,,,,,,,,,,,,,,,,,,,,,,,,,,,
1900,10,22810,-91.7,-47.4,,,,,,,,,,,,,,,,,,,,,,,,,,,,,,,,,7.94,10.8,13.92,10.93,4.0,3.76,8.0,0.5,5.61,8.95,12.82,9.2,4.0,4.32,8.0,0.5,-6.31,-5.41,-4.77,-5.53,4.0,0.91,8.0,0.5,991.3,991.3,991.3,991.3,1.0,0.0,16.0,1.0,,,,,,,,,,,,,,,,,,,,,,,,,,,,,,,,,,,,,,,,,,,,,,,,,,,,,,,,,,,,,,,,,,,,,,,,,,,,,,,,,,,,,,,,,,,,,,,,,,,,,,,,,,,,,,,,,,,,,,,,,,,,,,,,
1900,10,22810,-91.7,-37.7,,,,,,,,,,,,,,,,,,,,,,,,,,,,,,,,,1.0,1.0,1.0,1.0,1.0,0.0,22.0,1.0,0.37,0.37,0.37,0.37,1.0,0.0,22.0,1.0,-0.93,-0.93,-0.93,-0.93,1.0,0.0,22.0,1.0,1023.5,1023.5,1023.5,1023.5,1.0,0.0,22.0,1.0,,,,,,,,,,,,,,,,,,,,,,,,,,,,,,,,,,,,,,,,,,,,,,,,,,,,,,,,,,,,,,,,,,,,,,,,,,,,,,,,,,,,,,,,,,,,,,,,,,,,,,,,,,,,,,,,,,,,,,,,,,,,,,,,
1900,10,22810,-91.7,-29.2,,,,,,,,,,,,,,,,,,,,,,,,,,,,,,,,,2.6,2.6,2.6,2.6,1.0,0.0,4.0,1.0,-0.97,-0.97,-0.97,-0.97,1.0,0.0,4.0,1.0,2.41,2.41,2.41,2.41,1.0,0.0,4.0,1.0,1026.4,1026.4,1026.4,1026.4,1.0,0.0,4.0,1.0,,,,,,,,,,,,,,,,,,,,,,,,,,,,,,,,,,,,,,,,,,,,,,,,,,,,,,,,,,,,,,,,,,,,,,,,,,,,,,,,,,,,,,,,,,,,,,,,,,,,,,,,,,,,,,,,,,,,,,,,,,,,,,,,
1900,10,22810,-91.7,-23.7,,,,,,,,,,,,,,,,,,,,,,,,,,,,,,,,,2.6,2.6,2.6,2.6,1.0,0.0,20.0,1.0,2.39,2.39,2.39,2.39,1.0,0.0,20.0,1.0,-1.02,-1.02,-1.02,-1.02,1.0,0.0,20.0,1.0,1018.4,1018.4,1018.4,1018.4,1.0,0.0,20.0,1.0,,,,,,,,,,,,,,,,,,,,,,,,,,,,,,,,,,,,,,,,,,,,,,,,,,,,,,,,,,,,,,,,,,,,,,,,,,,,,,,,,,,,,,,,,,,,,,,,,,,,,,,,,,,,,,,,,,,,,,,,,,,,,,,,
1900,10,22810,-91.5,-49.4,,,,,,,,,,,,,,,,,,,,,,,,,,,,,,,,,6.27,9.55,14.43,10.88,6.0,6.32,6.0,0.7,0.0,4.02,10.14,5.44,6.0,6.22,6.0,0.7,-13.06,-7.11,-1.36,-6.94,6.0,7.08,6.0,0.7,999.9,999.9,999.9,999.9,1.0,0.0,18.0,1.0,,,,,,,,,,,,,,,,,,,,,,,,,,,,,,,,,,,,,,,,,,,,,,,,,,,,,,,,,,,,,,,,,,,,,,,,,,,,,,,,,,,,,,,,,,,,,,,,,,,,,,,,,,,,,,,,,,,,,,,,,,,,,,,,
1900,10,22810,-91.5,-39.6,,,,,,,,,,,,,,,,,,,,,,,,,,,,,,,,,4.6,5.65,6.7,5.65,4.0,1.21,14.0,1.0,-5.54,-3.03,-0.86,-3.19,4.0,2.92,14.0,1.0,-3.04,-0.86,3.51,0.19,4.0,4.68,14.0,1.0,1021.7,1021.7,1021.7,1021.7,1.0,0.0,18.0,1.0,,,,,,,,,,,,,,,,,,,,,,,,,,,,,,,,,,,,,,,,,,,,,,,,,,,,,,,,,,,,,,,,,,,,,,,,,,,,,,,,,,,,,,,,,,,,,,,,,,,,,,,,,,,,,,,,,,,,,,,,,,,,,,,,
1900,10,22810,-91.5,-35.7,,,,,,,,,,,,,,,,,,,,,,,,,,,,,,,,,6.7,6.7,6.7,6.7,2.0,0.0,22.0,1.0,-4.77,-1.77,1.22,-1.77,2.0,6.21,22.0,1.0,3.18,4.39,5.6,4.39,2.0,2.51,22.0,1.0,1021.81,1023.55,1025.29,1023.55,2.0,3.61,22.0,1.0,,,,,,,,,,,,,,,,,,,,,,,,,,,,,,,,,,,,,,,,,,,,,,,,,,,,,,,,,,,,,,,,,,,,,,,,,,,,,,,,,,,,,,,,,,,,,,,,,,,,,,,,,,,,,,,,,,,,,,,,,,,,,,,,
1900,10,22810,-91.5,-27.5,,,,,,,,,,,,,,,,,,,,,,,,,,,,,,,,,3.25,4.65,6.05,4.65,2.0,2.9,10.0,1.0,-0.4,0.82,2.05,0.82,2.0,2.54,10.0,1.0,3.01,4.29,5.57,4.29,2.0,2.66,10.0,1.0,1021.56,1022.55,1023.54,1022.55,2.0,2.05,10.0,1.0,,,,,,,,,,,,,,,,,,,,,,,,,,,,,,,,,,,,,,,,,,,,,,,,,,,,,,,,,,,,,,,,,,,,,,,,,,,,,,,,,,,,,,,,,,,,,,,,,,,,,,,,,,,,,,,,,,,,,,,,,,,,,,,,
1900,10,22810,-91.39999999999998,-51.4,,,,,,,,,,,,,,,,,,,,,,,,,,,,,,,,,5.27,6.7,12.64,8.9,3.0,5.73,20.0,1.0,-2.66,1.8,10.25,3.75,3.0,9.61,20.0,1.0,-5.61,-4.74,1.39,-2.17,3.0,5.59,20.0,1.0,1005.4,1015.3,1019.4,1012.47,3.0,10.54,20.0,1.0,,,,,,,,,,,,,,,,,,,,,,,,,,,,,,,,,,,,,,,,,,,,,,,,,,,,,,,,,,,,,,,,,,,,,,,,,,,,,,,,,,,,,,,,,,,,,,,,,,,,,,,,,,,,,,,,,,,,,,,,,,,,,,,,
1900,10,22810,-91.3,-19.4,,,,,,,,,,,,,,,,,,,,,,,,,,,,,,,,,4.6,4.6,5.57,5.38,6.0,1.92,28.0,0.8,-4.11,-2.3,-2.18,-3.36,6.0,2.58,28.0,0.8,3.61,3.98,4.04,3.9,6.0,0.27,28.0,0.8,1019.42,1020.4,1020.69,1020.04,5.0,1.25,28.0,0.8,,,,,,,,,,,,,,,,,,,,,,,,,,,,,,,,,,,,,,,,,,,,,,,,,,,,,,,,,,,,,,,,,,,,,,,,,,,,,,,,,,,,,,,,,,,,,,,,,,,,,,,,,,,,,,,,,,,,,,,,,,,,,,,,
1900,10,22810,-89.80000000000001,-19.9,,,,,,,,,,,,,,,,,,,,,,,,,,,,,,,,,4.93,5.65,6.37,5.65,2.0,1.48,28.0,0.0,-3.18,-2.82,-2.47,-2.82,2.0,0.74,28.0,0.0,4.27,4.89,5.51,4.89,2.0,1.29,28.0,0.0,1021.23,1021.5,1021.77,1021.5,2.0,0.57,28.0,0.0,,,,,,,,,,,,,,,,,,,,,,,,,,,,,,,,,,,,,,,,,,,,,,,,,,,,,,,,,,,,,,,,,,,,,,,,,,,,,,,,,,,,,,,,,,,,,,,,,,,,,,,,,,,,,,,,,,,,,,,,,,,,,,,,
1900,10,22810,-89.69999999999999,-53.2,,,,,,,,,,,,,,,,,,,,,,,,,,,,,,,,,4.6,4.6,4.6,4.6,1.0,0.0,24.0,1.0,4.27,4.27,4.27,4.27,1.0,0.0,24.0,1.0,1.72,1.72,1.72,1.72,1.0,0.0,24.0,1.0,1025.0,1025.0,1025.0,1025.0,1.0,0.0,24.0,1.0,,,,,,,,,,,,,,,,,,,,,,,,,,,,,,,,,,,,,,,,,,,,,,,,,,,,,,,,,,,,,,,,,,,,,,,,,,,,,,,,,,,,,,,,,,,,,,,,,,,,,,,,,,,,,,,,,,,,,,,,,,,,,,,,
1900,10,22810,-89.69999999999999,-51.2,,,,,,,,,,,,,,,,,,,,,,,,,,,,,,,,,15.4,15.4,15.4,15.4,1.0,0.0,2.0,1.0,6.02,6.02,6.02,6.02,1.0,0.0,2.0,1.0,14.18,14.18,14.18,14.18,1.0,0.0,2.0,1.0,997.9,997.9,997.9,997.9,1.0,0.0,2.0,1.0,,,,,,,,,,,,,,,,,,,,,,,,,,,,,,,,,,,,,,,,,,,,,,,,,,,,,,,,,,,,,,,,,,,,,,,,,,,,,,,,,,,,,,,,,,,,,,,,,,,,,,,,,,,,,,,,,,,,,,,,,,,,,,,,
1900,10,22810,-89.69999999999999,-27.7,,,,,,,,,,,,,,,,,,,,,,,,,,,,,,,,,2.6,2.6,2.6,2.6,1.0,0.0,2.0,1.0,0.0,0.0,0.0,0.0,1.0,0.0,2.0,1.0,2.6,2.6,2.6,2.6,1.0,0.0,2.0,1.0,1024.4,1024.4,1024.4,1024.4,1.0,0.0,2.0,1.0,,,,,,,,,,,,,,,,,,,,,,,,,,,,,,,,,,,,,,,,,,,,,,,,,,,,,,,,,,,,,,,,,,,,,,,,,,,,,,,,,,,,,,,,,,,,,,,,,,,,,,,,,,,,,,,,,,,,,,,,,,,,,,,,
1900,10,22810,-89.60000000000002,-35.7,,,,,,,,,,,,,,,,,,,,,,,,,,,,,,,,,2.14,4.6,7.81,4.97,3.0,4.16,18.0,1.0,-2.6,0.92,6.64,2.0,3.0,6.83,18.0,1.0,-0.27,0.0,1.23,0.47,3.0,1.17,18.0,1.0,1025.37,1026.15,1026.94,1026.15,2.0,1.63,22.0,1.0,,,,,,,,,,,,,,,,,,,,,,,,,,,,,,,,,,,,,,,,,,,,,,,,,,,,,,,,,,,,,,,,,,,,,,,,,,,,,,,,,,,,,,,,,,,,,,,,,,,,,,,,,,,,,,,,,,,,,,,,,,,,,,,,
1900,10,22810,-89.5,-37.7,,,,,,,,,,,,,,,,,,,,,,,,,,,,,,,,,7.11,8.0,8.89,8.0,2.0,1.84,22.0,1.0,-6.28,-5.66,-5.03,-5.66,2.0,1.3,22.0,1.0,-4.78,-0.92,2.94,-0.92,2.0,8.0,22.0,1.0,1023.0,1023.0,1023.0,1023.0,1.0,0.0,24.0,1.0,,,,,,,,,,,,,,,,,,,,,,,,,,,,,,,,,,,,,,,,,,,,,,,,,,,,,,,,,,,,,,,,,,,,,,,,,,,,,,,,,,,,,,,,,,,,,,,,,,,,,,,,,,,,,,,,,,,,,,,,,,,,,,,,
1900,10,22810,-89.5,-33.2,,,,,,,,,,,,,,,,,,,,,,,,,,,,,,,,,3.25,4.65,6.05,4.65,2.0,2.9,18.0,1.0,-2.2,-1.31,-0.42,-1.31,2.0,1.85,18.0,1.0,-5.6,-4.38,-3.17,-4.38,2.0,2.52,18.0,1.0,1015.4,1021.0,1022.57,1019.03,3.0,5.52,16.0,1.0,,,,,,,,,,,,,,,,,,,,,,,,,,,,,,,,,,,,,,,,,,,,,,,,,,,,,,,,,,,,,,,,,,,,,,,,,,,,,,,,,,,,,,,,,,,,,,,,,,,,,,,,,,,,,,,,,,,,,,,,,,,,,,,,
1900,10,22810,-89.39999999999998,-39.4,,,,,,,,,,,,,,,,,,,,,,,,,,,,,,,,,2.02,4.6,4.6,3.48,5.0,1.63,14.0,1.0,-3.25,0.0,1.92,-0.31,5.0,3.24,14.0,1.0,-1.54,0.0,3.25,0.6,5.0,2.6,14.0,1.0,1013.43,1015.0,1016.57,1015.0,2.0,3.25,20.0,1.0,,,,,,,,,,,,,,,,,,,,,,,,,,,,,,,,,,,,,,,,,,,,,,,,,,,,,,,,,,,,,,,,,,,,,,,,,,,,,,,,,,,,,,,,,,,,,,,,,,,,,,,,,,,,,,,,,,,,,,,,,,,,,,,,
1900,10,22810,-89.39999999999998,-29.4,,,,,,,,,,,,,,,,,,,,,,,,,,,,,,,,,1.0,1.0,3.46,2.2,3.0,2.08,16.0,1.0,-1.52,-0.93,-0.78,-1.14,3.0,0.58,16.0,1.0,-3.11,-0.71,-0.48,-1.77,3.0,2.14,16.0,1.0,1019.86,1021.7,1023.75,1021.8,3.0,2.85,16.0,1.0,,,,,,,,,,,,,,,,,,,,,,,,,,,,,,,,,,,,,,,,,,,,,,,,,,,,,,,,,,,,,,,,,,,,,,,,,,,,,,,,,,,,,,,,,,,,,,,,,,,,,,,,,,,,,,,,,,,,,,,,,,,,,,,,
1900,10,22810,-89.30000000000001,-21.4,,,,,,,,,,,,,,,,,,,,,,,,,,,,,,,,,6.7,6.7,6.7,6.7,7.0,0.0,26.0,0.7,-6.19,-3.35,-3.31,-4.1,7.0,1.6,26.0,0.7,2.55,5.8,5.82,4.74,7.0,2.0,26.0,0.7,1019.76,1021.35,1022.72,1021.27,6.0,1.37,26.0,0.7,,,,,,,,,,,,,,,,,,,,,,,,,,,,,,,,,,,,,,,,,,,,,,,,,,,,,,,,,,,,,,,,,,,,,,,,,,,,,,,,,,,,,,,,,,,,,,,,,,,,,,,,,,,,,,,,,,,,,,,,,,,,,,,,
1900,10,22810,-89.19999999999999,-55.2,,,,,,,,,,,,,,,,,,,,,,,,,,,,,,,,,7.46,13.6,19.74,13.6,2.0,12.73,22.0,1.0,6.89,12.53,18.18,12.53,2.0,11.69,22.0,1.0,-7.16,-3.55,0.05,-3.55,2.0,7.46,22.0,1.0,982.4,982.4,982.4,982.4,1.0,0.0,2.0,1.0,,,,,,,,,,,,,,,,,,,,,,,,,,,,,,,,,,,,,,,,,,,,,,,,,,,,,,,,,,,,,,,,,,,,,,,,,,,,,,,,,,,,,,,,,,,,,,,,,,,,,,,,,,,,,,,,,,,,,,,,,,,,,,,,
1900,10,22810,-89.19999999999999,-47.7,,,,,,,,,,,,,,,,,,,,,,,,,,,,,,,,,2.6,2.6,2.6,2.6,1.0,0.0,4.0,1.0,0.0,0.0,0.0,0.0,1.0,0.0,4.0,1.0,-2.6,-2.6,-2.6,-2.6,1.0,0.0,4.0,1.0,1022.1,1022.1,1022.1,1022.1,1.0,0.0,4.0,1.0,,,,,,,,,,,,,,,,,,,,,,,,,,,,,,,,,,,,,,,,,,,,,,,,,,,,,,,,,,,,,,,,,,,,,,,,,,,,,,,,,,,,,,,,,,,,,,,,,,,,,,,,,,,,,,,,,,,,,,,,,,,,,,,,
1900,10,22810,-89.19999999999999,-31.4,,,,,,,,,,,,,,,,,,,,,,,,,,,,,,,,,2.14,4.6,6.03,4.1,3.0,2.88,16.0,1.0,-3.11,-0.71,3.99,0.41,3.0,5.29,16.0,1.0,-1.56,0.71,1.45,-0.04,3.0,2.3,16.0,1.0,1017.17,1018.4,1023.31,1020.2,3.0,4.76,16.0,1.0,,,,,,,,,,,,,,,,,,,,,,,,,,,,,,,,,,,,,,,,,,,,,,,,,,,,,,,,,,,,,,,,,,,,,,,,,,,,,,,,,,,,,,,,,,,,,,,,,,,,,,,,,,,,,,,,,,,,,,,,,,,,,,,,
1900,10,22810,-87.69999999999999,-27.7,,,,,,,,,,,,,,,,,,,,,,,,,,,,,,,,,4.6,4.6,6.03,5.3,3.0,1.21,14.0,1.0,-4.27,-3.25,-3.25,-3.75,3.0,0.86,14.0,1.0,3.25,3.25,4.27,3.75,3.0,0.86,14.0,1.0,1018.52,1021.8,1025.08,1021.8,2.0,6.79,8.0,1.0,,,,,,,,,,,,,,,,,,,,,,,,,,,,,,,,,,,,,,,,,,,,,,,,,,,,,,,,,,,,,,,,,,,,,,,,,,,,,,,,,,,,,,,,,,,,,,,,,,,,,,,,,,,,,,,,,,,,,,,,,,,,,,,,
1900,10,22810,-87.5,-53.5,,,,,,,,,,,,,,,,,,,,,,,,,,,,,,,,,13.93,17.45,20.97,17.45,2.0,7.28,10.0,1.0,12.06,13.65,15.24,13.65,2.0,3.29,10.0,1.0,-1.51,5.59,12.68,5.59,2.0,14.7,10.0,1.0,985.7,992.15,998.6,992.15,2.0,13.36,10.0,1.0,,,,,,,,,,,,,,,,,,,,,,,,,,,,,,,,,,,,,,,,,,,,,,,,,,,,,,,,,,,,,,,,,,,,,,,,,,,,,,,,,,,,,,,,,,,,,,,,,,,,,,,,,,,,,,,,,,,,,,,,,,,,,,,,
1900,10,22810,-87.5,-35.5,,,,,,,,,,,,,,,,,,,,,,,,,,,,,,,,,1.0,1.0,5.79,3.11,15.0,3.51,14.0,0.8,0.5,0.98,4.15,2.25,15.0,2.57,14.0,0.8,-1.64,-0.17,0.82,-0.94,15.0,3.11,14.0,0.8,1017.45,1020.05,1023.41,1020.55,12.0,3.49,18.0,0.8,,,,,,,,,,,,,,,,,,,,,,,,,,,,,,,,,,,,,,,,,,,,,,,,,,,,,,,,,,,,,,,,,,,,,,,,,,,,,,,,,,,,,,,,,,,,,,,,,,,,,,,,,,,,,,,,,,,,,,,,,,,,,,,,
1900,10,22810,-87.5,-23.4,,,,,,,,,,,,,,,,,,,,,,,,,,,,,,,,,2.82,4.6,6.7,4.69,8.0,2.07,26.0,0.6,-4.31,-2.3,-1.35,-2.88,8.0,1.72,26.0,0.6,2.37,3.98,5.04,3.51,8.0,1.7,26.0,0.6,1022.08,1022.6,1023.37,1022.7,6.0,0.84,26.0,0.5,,,,,,,,,,,,,,,,,,,,,,,,,,,,,,,,,,,,,,,,,,,,,,,,,,,,,,,,,,,,,,,,,,,,,,,,,,,,,,,,,,,,,,,,,,,,,,,,,,,,,,,,,,,,,,,,,,,,,,,,,,,,,,,,
1900,10,22810,-87.39999999999998,-45.6,,,,,,,,,,,,,,,,,,,,,,,,,,,,,,,,,1.76,3.6,12.14,6.8,4.0,8.27,28.0,1.0,0.34,1.65,10.4,5.2,4.0,8.27,28.0,1.0,-6.08,-2.65,-0.34,-3.18,4.0,3.48,28.0,1.0,1015.54,1016.7,1018.47,1017.0,3.0,2.17,28.0,1.0,,,,,,,,,,,,,,,,,,,,,,,,,,,,,,,,,,,,,,,,,,,,,,,,,,,,,,,,,,,,,,,,,,,,,,,,,,,,,,,,,,,,,,,,,,,,,,,,,,,,,,,,,,,,,,,,,,,,,,,,,,,,,,,,
1900,10,22810,-87.39999999999998,-39.3,,,,,,,,,,,,,,,,,,,,,,,,,,,,,,,,,5.5,12.3,15.4,10.68,10.0,5.04,16.0,0.8,-1.05,2.56,10.78,4.46,10.0,6.29,16.0,0.8,-12.84,0.92,7.16,-1.74,10.0,9.33,16.0,0.8,999.34,1005.1,1011.59,1005.45,4.0,7.08,18.0,0.8,,,,,,,,,,,,,,,,,,,,,,,,,,,,,,,,,,,,,,,,,,,,,,,,,,,,,,,,,,,,,,,,,,,,,,,,,,,,,,,,,,,,,,,,,,,,,,,,,,,,,,,,,,,,,,,,,,,,,,,,,,,,,,,,
1900,10,22810,-87.39999999999998,-37.5,,,,,,,,,,,,,,,,,,,,,,,,,,,,,,,,,2.6,5.65,12.11,7.2,14.0,5.01,16.0,0.7,-0.51,4.32,9.28,4.52,14.0,5.57,16.0,0.7,-0.88,1.57,6.54,2.39,14.0,4.67,16.0,0.7,1008.54,1015.5,1018.56,1014.18,12.0,6.41,16.0,0.7,,,,,,,,,,,,,,,,,,,,,,,,,,,,,,,,,,,,,,,,,,,,,,,,,,,,,,,,,,,,,,,,,,,,,,,,,,,,,,,,,,,,,,,,,,,,,,,,,,,,,,,,,,,,,,,,,,,,,,,,,,,,,,,,
1900,10,22810,-87.39999999999998,-33.3,,,,,,,,,,,,,,,,,,,,,,,,,,,,,,,,,2.6,3.6,6.47,4.25,8.0,2.69,18.0,1.0,-1.83,0.2,2.41,0.78,8.0,4.16,18.0,1.0,-3.76,0.46,0.97,-0.78,8.0,3.03,18.0,1.0,1012.63,1024.5,1027.4,1021.15,6.0,7.82,18.0,1.0,,,,,,,,,,,,,,,,,,,,,,,,,,,,,,,,,,,,,,,,,,,,,,,,,,,,,,,,,,,,,,,,,,,,,,,,,,,,,,,,,,,,,,,,,,,,,,,,,,,,,,,,,,,,,,,,,,,,,,,,,,,,,,,,
1900,10,22810,-87.39999999999998,-31.4,,,,,,,,,,,,,,,,,,,,,,,,,,,,,,,,,1.0,2.6,4.38,2.64,8.0,2.16,20.0,1.0,-1.75,-0.97,0.63,-0.26,8.0,2.99,20.0,1.0,-2.21,0.2,1.83,0.13,8.0,1.89,20.0,1.0,1015.54,1027.0,1027.44,1022.56,5.0,6.5,22.0,1.0,,,,,,,,,,,,,,,,,,,,,,,,,,,,,,,,,,,,,,,,,,,,,,,,,,,,,,,,,,,,,,,,,,,,,,,,,,,,,,,,,,,,,,,,,,,,,,,,,,,,,,,,,,,,,,,,,,,,,,,,,,,,,,,,
1900,10,22810,-87.39999999999998,-29.6,,,,,,,,,,,,,,,,,,,,,,,,,,,,,,,,,2.6,3.6,4.6,3.6,4.0,1.15,26.0,1.0,-4.44,-3.33,-1.65,-3.06,4.0,1.7,26.0,1.0,-0.9,0.51,1.75,0.43,4.0,1.74,26.0,1.0,1025.7,1025.9,1026.86,1026.27,3.0,0.91,26.0,1.0,,,,,,,,,,,,,,,,,,,,,,,,,,,,,,,,,,,,,,,,,,,,,,,,,,,,,,,,,,,,,,,,,,,,,,,,,,,,,,,,,,,,,,,,,,,,,,,,,,,,,,,,,,,,,,,,,,,,,,,,,,,,,,,,
1900,10,22810,-87.30000000000001,-51.5,,,,,,,,,,,,,,,,,,,,,,,,,,,,,,,,,4.6,4.6,15.4,8.38,9.0,6.29,4.0,0.7,1.57,1.72,5.35,1.93,9.0,3.85,4.0,0.7,1.45,4.32,14.18,6.5,9.0,7.21,4.0,0.7,998.67,1011.0,1019.8,1009.34,9.0,11.54,4.0,0.7,,,,,,,,,,,,,,,,,,,,,,,,,,,,,,,,,,,,,,,,,,,,,,,,,,,,,,,,,,,,,,,,,,,,,,,,,,,,,,,,,,,,,,,,,,,,,,,,,,,,,,,,,,,,,,,,,,,,,,,,,,,,,,,,
1900,10,22810,-87.19999999999999,-49.8,,,,,,,,,,,,,,,,,,,,,,,,,,,,,,,,,1.51,2.6,5.4,3.43,3.0,2.94,10.0,1.0,-3.92,1.0,1.46,-1.18,3.0,4.37,10.0,1.0,-2.35,-1.99,-0.63,-1.5,3.0,1.33,10.0,1.0,1023.45,1024.2,1024.95,1024.2,2.0,1.56,14.0,1.0,,,,,,,,,,,,,,,,,,,,,,,,,,,,,,,,,,,,,,,,,,,,,,,,,,,,,,,,,,,,,,,,,,,,,,,,,,,,,,,,,,,,,,,,,,,,,,,,,,,,,,,,,,,,,,,,,,,,,,,,,,,,,,,,
1900,10,22810,-87.19999999999999,-47.6,,,,,,,,,,,,,,,,,,,,,,,,,,,,,,,,,6.09,9.3,13.46,9.77,3.0,5.42,20.0,1.0,-5.52,-3.25,2.91,-1.35,3.0,6.39,20.0,1.0,-11.83,-6.58,-4.31,-8.04,3.0,5.66,20.0,1.0,1012.34,1017.6,1022.86,1017.6,2.0,10.89,14.0,1.0,,,,,,,,,,,,,,,,,,,,,,,,,,,,,,,,,,,,,,,,,,,,,,,,,,,,,,,,,,,,,,,,,,,,,,,,,,,,,,,,,,,,,,,,,,,,,,,,,,,,,,,,,,,,,,,,,,,,,,,,,,,,,,,,
1900,10,22810,-87.19999999999999,-21.7,,,,,,,,,,,,,,,,,,,,,,,,,,,,,,,,,6.7,6.7,6.7,6.7,1.0,0.0,22.0,1.0,-4.74,-4.74,-4.74,-4.74,1.0,0.0,22.0,1.0,4.74,4.74,4.74,4.74,1.0,0.0,22.0,1.0,1019.0,1019.0,1019.0,1019.0,1.0,0.0,22.0,1.0,,,,,,,,,,,,,,,,,,,,,,,,,,,,,,,,,,,,,,,,,,,,,,,,,,,,,,,,,,,,,,,,,,,,,,,,,,,,,,,,,,,,,,,,,,,,,,,,,,,,,,,,,,,,,,,,,,,,,,,,,,,,,,,,
1900,10,22810,-87.19999999999999,8.3,,,,,,,,,,,,,,,,,,,,,,,,,,,,,,,,,2.6,2.6,2.6,2.6,1.0,0.0,2.0,1.0,0.0,0.0,0.0,0.0,1.0,0.0,2.0,1.0,2.6,2.6,2.6,2.6,1.0,0.0,2.0,1.0,1010.6,1010.6,1010.6,1010.6,1.0,0.0,2.0,1.0,,,,,,,,,,,,,,,,,,,,,,,,,,,,,,,,,,,,,,,,,,,,,,,,,,,,,,,,,,,,,,,,,,,,,,,,,,,,,,,,,,,,,,,,,,,,,,,,,,,,,,,,,,,,,,,,,,,,,,,,,,,,,,,,
1900,10,22810,-87.10000000000002,-25.4,,,,,,,,,,,,,,,,,,,,,,,,,,,,,,,,,4.6,4.6,4.6,4.6,2.0,0.0,24.0,0.5,-3.21,-3.1,-3.0,-3.1,2.0,0.21,24.0,0.5,3.3,3.39,3.48,3.39,2.0,0.19,24.0,0.5,1023.4,1023.4,1023.4,1023.4,1.0,0.0,26.0,0.0,,,,,,,,,,,,,,,,,,,,,,,,,,,,,,,,,,,,,,,,,,,,,,,,,,,,,,,,,,,,,,,,,,,,,,,,,,,,,,,,,,,,,,,,,,,,,,,,,,,,,,,,,,,,,,,,,,,,,,,,,,,,,,,,
1900,10,22810,-85.69999999999999,-31.5,,,,,,,,,,,,,,,,,,,,,,,,,,,,,,,,,1.0,2.8,5.7,3.33,4.0,2.82,24.0,1.0,-1.7,0.0,0.52,-0.56,4.0,1.85,24.0,1.0,-5.06,-1.63,0.52,-2.24,4.0,3.48,24.0,1.0,1018.1,1018.1,1018.1,1018.1,1.0,0.0,14.0,1.0,,,,,,,,,,,,,,,,,,,,,,,,,,,,,,,,,,,,,,,,,,,,,,,,,,,,,,,,,,,,,,,,,,,,,,,,,,,,,,,,,,,,,,,,,,,,,,,,,,,,,,,,,,,,,,,,,,,,,,,,,,,,,,,,
1900,10,22810,-85.60000000000002,-53.4,,,,,,,,,,,,,,,,,,,,,,,,,,,,,,,,,4.5,6.7,6.7,5.81,7.0,1.62,10.0,1.0,-2.52,4.74,5.13,2.55,7.0,4.19,10.0,1.0,-0.05,4.31,4.74,3.06,7.0,2.45,10.0,1.0,1002.75,1012.7,1022.5,1012.3,6.0,10.17,10.0,1.0,,,,,,,,,,,,,,,,,,,,,,,,,,,,,,,,,,,,,,,,,,,,,,,,,,,,,,,,,,,,,,,,,,,,,,,,,,,,,,,,,,,,,,,,,,,,,,,,,,,,,,,,,,,,,,,,,,,,,,,,,,,,,,,,
1900,10,22810,-85.60000000000002,-35.4,,,,,,,,,,,,,,,,,,,,,,,,,,,,,,,,,2.27,3.6,5.03,3.68,6.0,2.02,18.0,0.5,1.07,2.28,4.67,2.75,6.0,2.25,18.0,0.5,-2.25,0.37,2.66,0.33,6.0,2.46,18.0,0.5,1019.12,1020.2,1021.95,1020.6,5.0,2.69,16.0,0.4,,,,,,,,,,,,,,,,,,,,,,,,,,,,,,,,,,,,,,,,,,,,,,,,,,,,,,,,,,,,,,,,,,,,,,,,,,,,,,,,,,,,,,,,,,,,,,,,,,,,,,,,,,,,,,,,,,,,,,,,,,,,,,,,
1900,10,22810,-85.60000000000002,-25.5,,,,,,,,,,,,,,,,,,,,,,,,,,,,,,,,,4.6,4.6,4.6,4.94,8.0,1.9,22.0,0.8,-3.25,-2.96,-2.96,-2.94,8.0,0.55,22.0,0.8,3.25,3.52,3.52,3.9,8.0,1.98,22.0,0.8,1022.55,1023.4,1023.62,1023.16,5.0,0.67,26.0,0.6,,,,,,,,,,,,,,,,,,,,,,,,,,,,,,,,,,,,,,,,,,,,,,,,,,,,,,,,,,,,,,,,,,,,,,,,,,,,,,,,,,,,,,,,,,,,,,,,,,,,,,,,,,,,,,,,,,,,,,,,,,,,,,,,
1900,10,22810,-85.5,-51.2,,,,,,,,,,,,,,,,,,,,,,,,,,,,,,,,,6.89,11.8,16.71,11.8,2.0,10.18,8.0,1.0,-5.26,-1.26,2.74,-1.26,2.0,8.29,8.0,1.0,2.8,8.81,14.82,8.81,2.0,12.46,8.0,1.0,992.8,993.65,994.5,993.65,2.0,1.77,8.0,1.0,,,,,,,,,,,,,,,,,,,,,,,,,,,,,,,,,,,,,,,,,,,,,,,,,,,,,,,,,,,,,,,,,,,,,,,,,,,,,,,,,,,,,,,,,,,,,,,,,,,,,,,,,,,,,,,,,,,,,,,,,,,,,,,,
1900,10,22810,-85.5,-45.4,,,,,,,,,,,,,,,,,,,,,,,,,,,,,,,,,6.27,8.0,15.4,9.68,6.0,4.67,18.0,1.0,-4.36,4.85,14.51,5.06,6.0,8.7,18.0,1.0,-5.54,-0.86,3.18,-1.13,6.0,5.13,18.0,1.0,989.22,1003.65,1020.23,1004.68,4.0,19.73,12.0,1.0,,,,,,,,,,,,,,,,,,,,,,,,,,,,,,,,,,,,,,,,,,,,,,,,,,,,,,,,,,,,,,,,,,,,,,,,,,,,,,,,,,,,,,,,,,,,,,,,,,,,,,,,,,,,,,,,,,,,,,,,,,,,,,,,
1900,10,22810,-85.5,-41.5,,,,,,,,,,,,,,,,,,,,,,,,,,,,,,,,,5.6,11.05,17.29,11.43,4.0,6.88,18.0,1.0,3.81,6.36,12.42,8.03,4.0,6.75,18.0,1.0,2.02,5.68,10.82,6.38,4.0,5.96,18.0,1.0,1012.54,1015.0,1017.46,1015.0,2.0,5.09,16.0,1.0,,,,,,,,,,,,,,,,,,,,,,,,,,,,,,,,,,,,,,,,,,,,,,,,,,,,,,,,,,,,,,,,,,,,,,,,,,,,,,,,,,,,,,,,,,,,,,,,,,,,,,,,,,,,,,,,,,,,,,,,,,,,,,,,
1900,10,22810,-85.5,-37.5,,,,,,,,,,,,,,,,,,,,,,,,,,,,,,,,,2.92,6.7,9.88,6.68,5.0,5.59,22.0,1.0,-5.2,0.0,3.22,-0.77,5.0,4.49,22.0,1.0,-8.18,0.0,3.35,-2.2,5.0,7.75,22.0,1.0,1017.38,1020.95,1021.95,1019.73,4.0,3.28,20.0,1.0,,,,,,,,,,,,,,,,,,,,,,,,,,,,,,,,,,,,,,,,,,,,,,,,,,,,,,,,,,,,,,,,,,,,,,,,,,,,,,,,,,,,,,,,,,,,,,,,,,,,,,,,,,,,,,,,,,,,,,,,,,,,,,,,
1900,10,22810,-85.5,-29.4,,,,,,,,,,,,,,,,,,,,,,,,,,,,,,,,,3.86,5.65,6.7,5.05,6.0,2.23,14.0,1.0,-5.03,-2.12,-0.79,-2.69,6.0,2.34,14.0,1.0,2.08,4.43,5.04,3.74,6.0,2.16,14.0,1.0,1025.35,1025.9,1026.86,1026.1,3.0,1.11,18.0,1.0,,,,,,,,,,,,,,,,,,,,,,,,,,,,,,,,,,,,,,,,,,,,,,,,,,,,,,,,,,,,,,,,,,,,,,,,,,,,,,,,,,,,,,,,,,,,,,,,,,,,,,,,,,,,,,,,,,,,,,,,,,,,,,,,
1900,10,22810,-85.39999999999998,-55.6,,,,,,,,,,,,,,,,,,,,,,,,,,,,,,,,,4.6,4.6,6.47,5.58,8.0,2.93,6.0,0.6,-0.4,1.55,4.14,2.27,8.0,3.17,6.0,0.6,-1.31,4.26,4.59,1.94,8.0,4.89,6.0,0.6,986.85,993.9,997.24,995.7,7.0,12.42,8.0,0.6,,,,,,,,,,,,,,,,,,,,,,,,,,,,,,,,,,,,,,,,,,,,,,,,,,,,,,,,,,,,,,,,,,,,,,,,,,,,,,,,,,,,,,,,,,,,,,,,,,,,,,,,,,,,,,,,,,,,,,,,,,,,,,,,
1900,10,22810,-85.39999999999998,-47.7,,,,,,,,,,,,,,,,,,,,,,,,,,,,,,,,,1.46,4.6,6.03,3.77,3.0,3.43,26.0,1.0,-4.59,-4.27,-1.35,-3.0,3.0,2.61,26.0,1.0,-3.78,-1.72,-0.55,-2.15,3.0,2.4,26.0,1.0,1027.1,1027.1,1027.1,1027.1,1.0,0.0,26.0,1.0,,,,,,,,,,,,,,,,,,,,,,,,,,,,,,,,,,,,,,,,,,,,,,,,,,,,,,,,,,,,,,,,,,,,,,,,,,,,,,,,,,,,,,,,,,,,,,,,,,,,,,,,,,,,,,,,,,,,,,,,,,,,,,,,
1900,10,22810,-85.39999999999998,-43.6,,,,,,,,,,,,,,,,,,,,,,,,,,,,,,,,,4.6,10.8,19.0,11.43,8.0,8.18,20.0,1.0,-3.76,2.4,17.62,5.17,8.0,10.67,20.0,1.0,0.0,0.9,6.36,0.85,8.0,8.42,20.0,1.0,1007.55,1017.7,1029.11,1016.92,6.0,13.16,22.0,1.0,,,,,,,,,,,,,,,,,,,,,,,,,,,,,,,,,,,,,,,,,,,,,,,,,,,,,,,,,,,,,,,,,,,,,,,,,,,,,,,,,,,,,,,,,,,,,,,,,,,,,,,,,,,,,,,,,,,,,,,,,,,,,,,,
1900,10,22810,-85.39999999999998,-39.3,,,,,,,,,,,,,,,,,,,,,,,,,,,,,,,,,1.0,2.6,11.16,5.21,16.0,4.92,14.0,0.6,0.0,0.94,2.15,1.09,16.0,3.22,14.0,0.6,-9.04,-1.48,0.34,-2.77,16.0,5.77,14.0,0.6,1017.3,1024.25,1027.4,1022.21,12.0,6.36,14.0,0.5,,,,,,,,,,,,,,,,,,,,,,,,,,,,,,,,,,,,,,,,,,,,,,,,,,,,,,,,,,,,,,,,,,,,,,,,,,,,,,,,,,,,,,,,,,,,,,,,,,,,,,,,,,,,,,,,,,,,,,,,,,,,,,,,
1900,10,22810,-85.39999999999998,-27.3,,,,,,,,,,,,,,,,,,,,,,,,,,,,,,,,,4.6,4.6,6.13,4.84,9.0,1.24,20.0,0.9,-3.17,-2.96,-0.46,-1.87,9.0,2.78,20.0,0.9,2.78,3.52,4.07,2.69,9.0,2.85,20.0,0.9,1022.38,1023.3,1025.21,1022.89,7.0,3.26,20.0,0.9,,,,,,,,,,,,,,,,,,,,,,,,,,,,,,,,,,,,,,,,,,,,,,,,,,,,,,,,,,,,,,,,,,,,,,,,,,,,,,,,,,,,,,,,,,,,,,,,,,,,,,,,,,,,,,,,,,,,,,,,,,,,,,,,
1900,10,22810,-85.30000000000001,-49.5,,,,,,,,,,,,,,,,,,,,,,,,,,,,,,,,,4.5,9.3,12.3,8.59,7.0,4.02,14.0,0.6,-8.83,2.96,6.07,-0.22,7.0,7.5,14.0,0.6,-8.73,-5.13,-3.36,-5.5,7.0,3.25,14.0,0.6,1010.16,1020.45,1023.6,1016.58,6.0,10.99,12.0,0.5,,,,,,,,,,,,,,,,,,,,,,,,,,,,,,,,,,,,,,,,,,,,,,,,,,,,,,,,,,,,,,,,,,,,,,,,,,,,,,,,,,,,,,,,,,,,,,,,,,,,,,,,,,,,,,,,,,,,,,,,,,,,,,,,
1900,10,22810,-85.30000000000001,-33.8,,,,,,,,,,,,,,,,,,,,,,,,,,,,,,,,,1.0,1.0,1.91,1.99,10.0,2.62,20.0,0.7,-0.17,0.09,0.87,0.82,10.0,2.08,20.0,0.7,-0.98,-0.79,1.27,0.27,10.0,2.47,20.0,0.7,1019.59,1021.9,1022.92,1021.26,9.0,2.93,20.0,0.7,,,,,,,,,,,,,,,,,,,,,,,,,,,,,,,,,,,,,,,,,,,,,,,,,,,,,,,,,,,,,,,,,,,,,,,,,,,,,,,,,,,,,,,,,,,,,,,,,,,,,,,,,,,,,,,,,,,,,,,,,,,,,,,,
1900,10,22810,-85.19999999999999,-23.5,,,,,,,,,,,,,,,,,,,,,,,,,,,,,,,,,1.0,1.0,1.0,1.0,4.0,0.0,20.0,1.0,-0.71,-0.71,-0.34,-0.53,4.0,0.35,20.0,1.0,-0.71,0.0,0.86,0.07,4.0,0.91,20.0,1.0,1018.11,1019.0,1019.55,1018.83,3.0,1.06,20.0,1.0,,,,,,,,,,,,,,,,,,,,,,,,,,,,,,,,,,,,,,,,,,,,,,,,,,,,,,,,,,,,,,,,,,,,,,,,,,,,,,,,,,,,,,,,,,,,,,,,,,,,,,,,,,,,,,,,,,,,,,,,,,,,,,,,
1900,10,22810,-85.19999999999999,8.8,,,,,,,,,,,,,,,,,,,,,,,,,,,,,,,,,2.6,2.6,2.6,2.6,1.0,0.0,2.0,1.0,2.39,2.39,2.39,2.39,1.0,0.0,2.0,1.0,-1.02,-1.02,-1.02,-1.02,1.0,0.0,2.0,1.0,1010.6,1010.6,1010.6,1010.6,1.0,0.0,2.0,1.0,,,,,,,,,,,,,,,,,,,,,,,,,,,,,,,,,,,,,,,,,,,,,,,,,,,,,,,,,,,,,,,,,,,,,,,,,,,,,,,,,,,,,,,,,,,,,,,,,,,,,,,,,,,,,,,,,,,,,,,,,,,,,,,,
1900,10,22810,-83.80000000000001,-39.8,,,,,,,,,,,,,,,,,,,,,,,,,,,,,,,,,2.6,4.65,6.7,4.65,4.0,2.37,14.0,1.0,-0.41,3.56,5.7,2.68,4.0,3.95,14.0,1.0,0.8,2.09,3.45,2.12,4.0,1.79,14.0,1.0,1014.97,1026.3,1026.3,1020.77,3.0,9.58,14.0,1.0,,,,,,,,,,,,,,,,,,,,,,,,,,,,,,,,,,,,,,,,,,,,,,,,,,,,,,,,,,,,,,,,,,,,,,,,,,,,,,,,,,,,,,,,,,,,,,,,,,,,,,,,,,,,,,,,,,,,,,,,,,,,,,,,
1900,10,22810,-83.69999999999999,-57.6,,,,,,,,,,,,,,,,,,,,,,,,,,,,,,,,,2.6,3.6,4.6,3.6,4.0,1.15,8.0,0.3,-2.11,-1.57,-0.99,-1.55,4.0,0.88,8.0,0.3,1.22,3.44,4.32,2.8,4.0,2.04,8.0,0.3,980.35,983.05,999.79,989.75,4.0,15.98,8.0,0.3,,,,,,,,,,,,,,,,,,,,,,,,,,,,,,,,,,,,,,,,,,,,,,,,,,,,,,,,,,,,,,,,,,,,,,,,,,,,,,,,,,,,,,,,,,,,,,,,,,,,,,,,,,,,,,,,,,,,,,,,,,,,,,,,
1900,10,22810,-83.60000000000002,-27.6,,,,,,,,,,,,,,,,,,,,,,,,,,,,,,,,,1.0,3.6,4.6,3.33,10.0,1.98,20.0,0.7,-1.51,-0.25,2.98,0.19,10.0,2.19,20.0,0.7,-1.49,1.5,4.02,1.45,10.0,3.01,20.0,0.7,1017.54,1023.5,1024.93,1021.96,10.0,3.64,20.0,0.7,,,,,,,,,,,,,,,,,,,,,,,,,,,,,,,,,,,,,,,,,,,,,,,,,,,,,,,,,,,,,,,,,,,,,,,,,,,,,,,,,,,,,,,,,,,,,,,,,,,,,,,,,,,,,,,,,,,,,,,,,,,,,,,,
1900,10,22810,-83.5,-45.5,,,,,,,,,,,,,,,,,,,,,,,,,,,,,,,,,0.95,4.6,9.59,5.66,7.0,5.38,16.0,1.0,-0.58,0.0,2.81,1.02,7.0,3.36,16.0,1.0,-0.96,0.0,7.0,3.64,7.0,6.18,16.0,1.0,1001.2,1018.4,1019.7,1010.63,3.0,15.13,22.0,1.0,,,,,,,,,,,,,,,,,,,,,,,,,,,,,,,,,,,,,,,,,,,,,,,,,,,,,,,,,,,,,,,,,,,,,,,,,,,,,,,,,,,,,,,,,,,,,,,,,,,,,,,,,,,,,,,,,,,,,,,,,,,,,,,,
1900,10,22810,-83.5,-37.6,,,,,,,,,,,,,,,,,,,,,,,,,,,,,,,,,8.35,12.3,15.4,11.82,5.0,3.82,16.0,1.0,0.0,2.51,12.13,5.54,5.0,6.62,16.0,1.0,-10.4,-6.21,7.64,-2.23,5.0,10.04,16.0,1.0,1008.39,1010.3,1019.92,1014.07,3.0,9.06,16.0,1.0,,,,,,,,,,,,,,,,,,,,,,,,,,,,,,,,,,,,,,,,,,,,,,,,,,,,,,,,,,,,,,,,,,,,,,,,,,,,,,,,,,,,,,,,,,,,,,,,,,,,,,,,,,,,,,,,,,,,,,,,,,,,,,,,
1900,10,22810,-83.5,-35.5,,,,,,,,,,,,,,,,,,,,,,,,,,,,,,,,,6.31,10.0,13.69,10.0,2.0,7.64,16.0,1.0,4.46,7.07,9.68,7.07,2.0,5.4,16.0,1.0,4.46,7.07,9.68,7.07,2.0,5.4,16.0,1.0,1024.0,1024.0,1024.0,1024.0,1.0,0.0,22.0,1.0,,,,,,,,,,,,,,,,,,,,,,,,,,,,,,,,,,,,,,,,,,,,,,,,,,,,,,,,,,,,,,,,,,,,,,,,,,,,,,,,,,,,,,,,,,,,,,,,,,,,,,,,,,,,,,,,,,,,,,,,,,,,,,,,
1900,10,22810,-83.5,-29.4,,,,,,,,,,,,,,,,,,,,,,,,,,,,,,,,,1.0,1.0,2.79,1.68,13.0,1.37,20.0,0.8,-0.5,0.17,0.55,0.05,13.0,0.84,20.0,0.8,0.87,0.98,2.57,1.56,13.0,1.26,20.0,0.8,1023.22,1023.75,1024.98,1023.96,8.0,1.06,22.0,0.6,,,,,,,,,,,,,,,,,,,,,,,,,,,,,,,,,,,,,,,,,,,,,,,,,,,,,,,,,,,,,,,,,,,,,,,,,,,,,,,,,,,,,,,,,,,,,,,,,,,,,,,,,,,,,,,,,,,,,,,,,,,,,,,,
1900,10,22810,-83.5,-25.5,,,,,,,,,,,,,,,,,,,,,,,,,,,,,,,,,2.6,4.6,6.7,4.64,5.0,2.05,10.0,1.0,-2.01,1.84,3.38,0.99,5.0,3.04,10.0,1.0,-2.9,0.0,4.98,0.78,5.0,4.46,10.0,1.0,1016.63,1018.7,1019.98,1018.33,4.0,2.26,14.0,1.0,,,,,,,,,,,,,,,,,,,,,,,,,,,,,,,,,,,,,,,,,,,,,,,,,,,,,,,,,,,,,,,,,,,,,,,,,,,,,,,,,,,,,,,,,,,,,,,,,,,,,,,,,,,,,,,,,,,,,,,,,,,,,,,,
1900,10,22810,-83.5,-23.7,,,,,,,,,,,,,,,,,,,,,,,,,,,,,,,,,3.66,5.95,8.24,5.95,2.0,4.74,14.0,1.0,-2.52,-0.44,1.63,-0.44,2.0,4.3,14.0,1.0,1.37,4.31,7.25,4.31,2.0,6.1,14.0,1.0,1017.0,1017.0,1017.0,1017.0,1.0,0.0,8.0,1.0,,,,,,,,,,,,,,,,,,,,,,,,,,,,,,,,,,,,,,,,,,,,,,,,,,,,,,,,,,,,,,,,,,,,,,,,,,,,,,,,,,,,,,,,,,,,,,,,,,,,,,,,,,,,,,,,,,,,,,,,,,,,,,,,
1900,10,22810,-83.39999999999998,-53.5,,,,,,,,,,,,,,,,,,,,,,,,,,,,,,,,,6.7,6.7,18.26,10.74,8.0,8.36,6.0,0.6,-4.31,0.0,4.8,0.1,8.0,5.78,6.0,0.6,0.87,5.72,10.81,3.43,8.0,12.44,6.0,0.6,991.94,995.5,999.33,998.11,7.0,11.72,6.0,0.6,,,,,,,,,,,,,,,,,,,,,,,,,,,,,,,,,,,,,,,,,,,,,,,,,,,,,,,,,,,,,,,,,,,,,,,,,,,,,,,,,,,,,,,,,,,,,,,,,,,,,,,,,,,,,,,,,,,,,,,,,,,,,,,,
1900,10,22810,-83.39999999999998,-51.5,,,,,,,,,,,,,,,,,,,,,,,,,,,,,,,,,5.5,12.3,15.4,11.66,10.0,6.01,14.0,1.0,0.0,6.11,14.28,6.82,10.0,6.43,14.0,1.0,-5.73,4.04,10.58,3.04,10.0,9.16,14.0,1.0,983.69,1001.8,1022.05,1001.43,7.0,17.49,14.0,1.0,,,,,,,,,,,,,,,,,,,,,,,,,,,,,,,,,,,,,,,,,,,,,,,,,,,,,,,,,,,,,,,,,,,,,,,,,,,,,,,,,,,,,,,,,,,,,,,,,,,,,,,,,,,,,,,,,,,,,,,,,,,,,,,,
1900,10,22810,-83.39999999999998,-49.4,,,,,,,,,,,,,,,,,,,,,,,,,,,,,,,,,6.17,9.3,12.3,9.25,12.0,3.6,10.0,0.8,-4.4,6.26,9.3,3.65,12.0,6.86,10.0,0.8,-9.91,-1.22,1.7,-2.13,12.0,6.3,10.0,0.8,1007.98,1011.2,1013.39,1009.37,7.0,12.87,8.0,0.6,,,,,,,,,,,,,,,,,,,,,,,,,,,,,,,,,,,,,,,,,,,,,,,,,,,,,,,,,,,,,,,,,,,,,,,,,,,,,,,,,,,,,,,,,,,,,,,,,,,,,,,,,,,,,,,,,,,,,,,,,,,,,,,,
1900,10,22810,-83.39999999999998,-47.5,,,,,,,,,,,,,,,,,,,,,,,,,,,,,,,,,9.97,15.4,22.6,15.99,15.0,7.83,20.0,0.8,0.0,11.4,22.3,11.46,15.0,10.62,20.0,0.8,-13.99,-5.27,0.78,-4.91,15.0,7.47,20.0,0.8,1000.97,1002.6,1008.9,1002.54,13.0,9.18,24.0,0.8,,,,,,,,,,,,,,,,,,,,,,,,,,,,,,,,,,,,,,,,,,,,,,,,,,,,,,,,,,,,,,,,,,,,,,,,,,,,,,,,,,,,,,,,,,,,,,,,,,,,,,,,,,,,,,,,,,,,,,,,,,,,,,,,
1900,10,22810,-83.39999999999998,-43.2,,,,,,,,,,,,,,,,,,,,,,,,,,,,,,,,,4.19,8.0,16.14,9.6,6.0,6.4,8.0,1.0,1.58,3.9,12.56,6.61,6.0,7.1,8.0,1.0,-1.78,1.62,7.57,2.04,6.0,6.61,8.0,1.0,995.37,1008.35,1020.08,1007.75,4.0,14.28,10.0,1.0,,,,,,,,,,,,,,,,,,,,,,,,,,,,,,,,,,,,,,,,,,,,,,,,,,,,,,,,,,,,,,,,,,,,,,,,,,,,,,,,,,,,,,,,,,,,,,,,,,,,,,,,,,,,,,,,,,,,,,,,,,,,,,,,
1900,10,22810,-83.39999999999998,-41.5,,,,,,,,,,,,,,,,,,,,,,,,,,,,,,,,,6.6,6.7,9.59,8.01,7.0,3.53,14.0,0.6,4.72,6.3,8.89,7.26,7.0,3.39,14.0,0.6,2.26,2.29,4.79,3.21,7.0,1.54,14.0,0.6,1019.46,1023.1,1024.04,1021.07,6.0,5.43,16.0,0.5,,,,,,,,,,,,,,,,,,,,,,,,,,,,,,,,,,,,,,,,,,,,,,,,,,,,,,,,,,,,,,,,,,,,,,,,,,,,,,,,,,,,,,,,,,,,,,,,,,,,,,,,,,,,,,,,,,,,,,,,,,,,,,,,
1900,10,22810,-83.39999999999998,-33.6,,,,,,,,,,,,,,,,,,,,,,,,,,,,,,,,,1.0,1.0,6.7,2.84,13.0,2.44,20.0,0.5,0.17,0.8,2.67,1.6,13.0,2.29,20.0,0.5,-2.75,-1.0,-0.69,-1.69,13.0,1.89,20.0,0.5,1011.59,1012.6,1019.28,1014.47,11.0,4.0,20.0,0.5,,,,,,,,,,,,,,,,,,,,,,,,,,,,,,,,,,,,,,,,,,,,,,,,,,,,,,,,,,,,,,,,,,,,,,,,,,,,,,,,,,,,,,,,,,,,,,,,,,,,,,,,,,,,,,,,,,,,,,,,,,,,,,,,
1900,10,22810,-83.19999999999999,-55.5,,,,,,,,,,,,,,,,,,,,,,,,,,,,,,,,,6.6,6.7,9.59,8.39,7.0,3.51,12.0,1.0,-6.17,-3.25,5.9,-0.36,7.0,6.15,12.0,1.0,-8.89,-3.25,2.72,-2.83,7.0,6.86,12.0,1.0,969.43,976.4,984.92,980.44,7.0,16.34,12.0,1.0,,,,,,,,,,,,,,,,,,,,,,,,,,,,,,,,,,,,,,,,,,,,,,,,,,,,,,,,,,,,,,,,,,,,,,,,,,,,,,,,,,,,,,,,,,,,,,,,,,,,,,,,,,,,,,,,,,,,,,,,,,,,,,,,
1900,10,22810,-83.19999999999999,-31.5,,,,,,,,,,,,,,,,,,,,,,,,,,,,,,,,,4.6,4.6,4.6,4.15,8.0,1.27,22.0,0.6,2.49,3.98,4.27,3.48,8.0,1.38,22.0,0.6,0.96,2.01,2.3,1.8,8.0,1.37,22.0,0.6,1017.15,1019.5,1021.64,1019.28,6.0,2.4,22.0,0.5,,,,,,,,,,,,,,,,,,,,,,,,,,,,,,,,,,,,,,,,,,,,,,,,,,,,,,,,,,,,,,,,,,,,,,,,,,,,,,,,,,,,,,,,,,,,,,,,,,,,,,,,,,,,,,,,,,,,,,,,,,,,,,,,
1900,10,22810,-81.69999999999999,-39.7,,,,,,,,,,,,,,,,,,,,,,,,,,,,,,,,,2.6,2.6,2.6,2.6,1.0,0.0,12.0,1.0,1.02,1.02,1.02,1.02,1.0,0.0,12.0,1.0,2.39,2.39,2.39,2.39,1.0,0.0,12.0,1.0,1015.9,1015.9,1015.9,1015.9,1.0,0.0,12.0,1.0,,,,,,,,,,,,,,,,,,,,,,,,,,,,,,,,,,,,,,,,,,,,,,,,,,,,,,,,,,,,,,,,,,,,,,,,,,,,,,,,,,,,,,,,,,,,,,,,,,,,,,,,,,,,,,,,,,,,,,,,,,,,,,,,
1900,10,22810,-81.69999999999999,-33.7,,,,,,,,,,,,,,,,,,,,,,,,,,,,,,,,,4.6,4.6,4.6,4.6,1.0,0.0,24.0,1.0,-1.72,-1.72,-1.72,-1.72,1.0,0.0,24.0,1.0,4.27,4.27,4.27,4.27,1.0,0.0,24.0,1.0,1024.4,1024.4,1024.4,1024.4,1.0,0.0,24.0,1.0,,,,,,,,,,,,,,,,,,,,,,,,,,,,,,,,,,,,,,,,,,,,,,,,,,,,,,,,,,,,,,,,,,,,,,,,,,,,,,,,,,,,,,,,,,,,,,,,,,,,,,,,,,,,,,,,,,,,,,,,,,,,,,,,
1900,10,22810,-81.60000000000002,-49.4,,,,,,,,,,,,,,,,,,,,,,,,,,,,,,,,,2.55,4.6,6.78,5.06,26.0,2.93,20.0,0.7,-1.58,0.0,4.28,0.96,26.0,2.99,20.0,0.7,0.0,4.29,6.76,3.66,26.0,3.38,20.0,0.7,1002.45,1020.6,1022.7,1015.56,25.0,11.48,20.0,0.6,,,,,,,,,,,,,,,,,,,,,,,,,,,,,,,,,,,,,,,,,,,,,,,,,,,,,,,,,,,,,,,,,,,,,,,,,,,,,,,,,,,,,,,,,,,,,,,,,,,,,,,,,,,,,,,,,,,,,,,,,,,,,,,,
1900,10,22810,-81.60000000000002,-43.6,,,,,,,,,,,,,,,,,,,,,,,,,,,,,,,,,1.0,2.6,15.4,6.49,16.0,7.03,16.0,0.8,-0.64,0.5,13.96,4.58,16.0,6.84,16.0,0.8,0.29,2.3,6.27,3.34,16.0,3.64,16.0,0.8,1007.66,1015.35,1020.6,1014.45,16.0,6.13,16.0,0.8,,,,,,,,,,,,,,,,,,,,,,,,,,,,,,,,,,,,,,,,,,,,,,,,,,,,,,,,,,,,,,,,,,,,,,,,,,,,,,,,,,,,,,,,,,,,,,,,,,,,,,,,,,,,,,,,,,,,,,,,,,,,,,,,
1900,10,22810,-81.60000000000002,-27.2,,,,,,,,,,,,,,,,,,,,,,,,,,,,,,,,,2.6,3.6,7.06,4.78,4.0,3.16,12.0,1.0,-2.7,-0.92,0.0,-1.33,4.0,1.68,12.0,1.0,2.2,3.6,6.71,4.42,4.0,3.04,12.0,1.0,1018.51,1019.4,1022.06,1020.27,3.0,2.71,8.0,1.0,,,,,,,,,,,,,,,,,,,,,,,,,,,,,,,,,,,,,,,,,,,,,,,,,,,,,,,,,,,,,,,,,,,,,,,,,,,,,,,,,,,,,,,,,,,,,,,,,,,,,,,,,,,,,,,,,,,,,,,,,,,,,,,,
1900,10,22810,-81.60000000000002,-25.4,,,,,,,,,,,,,,,,,,,,,,,,,,,,,,,,,1.0,1.0,4.6,2.72,9.0,2.39,14.0,1.0,-3.25,-0.71,0.52,-0.9,9.0,2.73,14.0,1.0,-0.71,0.0,3.25,0.93,9.0,2.17,14.0,1.0,1016.33,1019.65,1020.93,1019.14,8.0,2.2,16.0,1.0,,,,,,,,,,,,,,,,,,,,,,,,,,,,,,,,,,,,,,,,,,,,,,,,,,,,,,,,,,,,,,,,,,,,,,,,,,,,,,,,,,,,,,,,,,,,,,,,,,,,,,,,,,,,,,,,,,,,,,,,,,,,,,,,
1900,10,22810,-81.60000000000002,-23.7,,,,,,,,,,,,,,,,,,,,,,,,,,,,,,,,,3.23,4.6,7.81,5.5,3.0,3.44,10.0,1.0,-2.93,-1.72,-1.21,-2.06,3.0,1.29,10.0,1.0,3.0,4.27,7.24,5.1,3.0,3.19,10.0,1.0,1018.7,1018.9,1020.81,1019.73,3.0,1.71,10.0,1.0,,,,,,,,,,,,,,,,,,,,,,,,,,,,,,,,,,,,,,,,,,,,,,,,,,,,,,,,,,,,,,,,,,,,,,,,,,,,,,,,,,,,,,,,,,,,,,,,,,,,,,,,,,,,,,,,,,,,,,,,,,,,,,,,
1900,10,22810,-81.5,-55.5,,,,,,,,,,,,,,,,,,,,,,,,,,,,,,,,,8.64,13.85,19.92,14.57,12.0,6.36,12.0,0.8,-10.89,3.08,14.08,2.84,12.0,11.58,12.0,0.8,-13.24,-2.56,10.89,-1.9,12.0,11.18,12.0,0.8,972.52,989.5,1007.47,989.74,11.0,15.64,12.0,0.7,,,,,,,,,,,,,,,,,,,,,,,,,,,,,,,,,,,,,,,,,,,,,,,,,,,,,,,,,,,,,,,,,,,,,,,,,,,,,,,,,,,,,,,,,,,,,,,,,,,,,,,,,,,,,,,,,,,,,,,,,,,,,,,,
1900,10,22810,-81.5,-47.3,,,,,,,,,,,,,,,,,,,,,,,,,,,,,,,,,2.6,8.0,15.4,9.22,46.0,6.37,10.0,0.7,0.41,4.61,9.21,5.49,46.0,6.53,10.0,0.7,-8.4,-2.43,4.33,-2.76,46.0,6.79,10.0,0.7,992.25,1007.65,1017.18,1005.48,42.0,12.0,10.0,0.6,,,,,,,,,,,,,,,,,,,,,,,,,,,,,,,,,,,,,,,,,,,,,,,,,,,,,,,,,,,,,,,,,,,,,,,,,,,,,,,,,,,,,,,,,,,,,,,,,,,,,,,,,,,,,,,,,,,,,,,,,,,,,,,,
1900,10,22810,-81.5,-41.5,,,,,,,,,,,,,,,,,,,,,,,,,,,,,,,,,4.19,9.3,12.94,8.92,6.0,4.74,20.0,1.0,1.15,6.43,11.18,5.8,6.0,5.99,20.0,1.0,-3.19,-0.51,5.01,0.5,6.0,6.43,20.0,1.0,1006.02,1019.25,1022.03,1016.17,6.0,8.36,20.0,1.0,,,,,,,,,,,,,,,,,,,,,,,,,,,,,,,,,,,,,,,,,,,,,,,,,,,,,,,,,,,,,,,,,,,,,,,,,,,,,,,,,,,,,,,,,,,,,,,,,,,,,,,,,,,,,,,,,,,,,,,,,,,,,,,,
1900,10,22810,-81.39999999999998,-57.4,,,,,,,,,,,,,,,,,,,,,,,,,,,,,,,,,2.6,3.6,10.26,6.3,4.0,6.14,22.0,0.8,-2.17,0.0,6.17,1.91,4.0,6.23,22.0,0.8,-0.12,2.83,7.25,3.54,4.0,5.5,22.0,0.8,993.96,1012.8,1016.76,1005.53,3.0,17.85,20.0,0.7,,,,,,,,,,,,,,,,,,,,,,,,,,,,,,,,,,,,,,,,,,,,,,,,,,,,,,,,,,,,,,,,,,,,,,,,,,,,,,,,,,,,,,,,,,,,,,,,,,,,,,,,,,,,,,,,,,,,,,,,,,,,,,,,
1900,10,22810,-81.39999999999998,-53.5,,,,,,,,,,,,,,,,,,,,,,,,,,,,,,,,,2.6,9.3,26.8,12.41,11.0,10.11,18.0,0.9,-2.6,0.0,8.54,3.76,11.0,8.3,18.0,0.9,-17.22,0.0,2.82,-4.72,11.0,12.76,18.0,0.9,993.59,1008.4,1021.2,1005.95,10.0,17.36,18.0,0.9,,,,,,,,,,,,,,,,,,,,,,,,,,,,,,,,,,,,,,,,,,,,,,,,,,,,,,,,,,,,,,,,,,,,,,,,,,,,,,,,,,,,,,,,,,,,,,,,,,,,,,,,,,,,,,,,,,,,,,,,,,,,,,,,
1900,10,22810,-81.39999999999998,-51.4,,,,,,,,,,,,,,,,,,,,,,,,,,,,,,,,,2.6,6.7,12.3,7.81,25.0,5.47,20.0,0.6,-5.09,-0.34,5.07,0.48,25.0,6.59,20.0,0.6,-6.58,-0.45,4.63,0.08,25.0,7.06,20.0,0.6,993.33,1015.1,1025.94,1010.79,21.0,14.49,22.0,0.5,,,,,,,,,,,,,,,,,,,,,,,,,,,,,,,,,,,,,,,,,,,,,,,,,,,,,,,,,,,,,,,,,,,,,,,,,,,,,,,,,,,,,,,,,,,,,,,,,,,,,,,,,,,,,,,,,,,,,,,,,,,,,,,,
1900,10,22810,-81.39999999999998,-45.6,,,,,,,,,,,,,,,,,,,,,,,,,,,,,,,,,6.7,9.3,19.0,11.44,40.0,5.9,10.0,0.5,-2.21,5.89,17.09,6.44,40.0,8.08,10.0,0.5,-8.7,-3.63,6.56,-2.56,40.0,7.37,10.0,0.5,986.32,998.8,1011.64,999.65,29.0,11.01,12.0,0.4,,,,,,,,,,,,,,,,,,,,,,,,,,,,,,,,,,,,,,,,,,,,,,,,,,,,,,,,,,,,,,,,,,,,,,,,,,,,,,,,,,,,,,,,,,,,,,,,,,,,,,,,,,,,,,,,,,,,,,,,,,,,,,,,
1900,10,22810,-81.19999999999999,-37.5,,,,,,,,,,,,,,,,,,,,,,,,,,,,,,,,,7.59,9.5,11.41,9.5,2.0,3.96,16.0,1.0,0.75,2.37,3.99,2.37,2.0,3.35,16.0,1.0,-11.1,-8.52,-5.94,-8.52,2.0,5.35,16.0,1.0,1024.6,1024.6,1024.6,1024.6,1.0,0.0,28.0,1.0,,,,,,,,,,,,,,,,,,,,,,,,,,,,,,,,,,,,,,,,,,,,,,,,,,,,,,,,,,,,,,,,,,,,,,,,,,,,,,,,,,,,,,,,,,,,,,,,,,,,,,,,,,,,,,,,,,,,,,,,,,,,,,,,
1900,10,22810,-79.69999999999999,-49.5,,,,,,,,,,,,,,,,,,,,,,,,,,,,,,,,,2.32,5.15,7.98,5.15,2.0,5.87,18.0,1.0,-7.26,-4.47,-1.67,-4.47,2.0,5.79,18.0,1.0,1.36,2.28,3.2,2.28,2.0,1.91,18.0,1.0,987.98,1004.5,1021.02,1004.5,2.0,34.22,18.0,1.0,,,,,,,,,,,,,,,,,,,,,,,,,,,,,,,,,,,,,,,,,,,,,,,,,,,,,,,,,,,,,,,,,,,,,,,,,,,,,,,,,,,,,,,,,,,,,,,,,,,,,,,,,,,,,,,,,,,,,,,,,,,,,,,,
1900,10,22810,-79.69999999999999,-25.2,,,,,,,,,,,,,,,,,,,,,,,,,,,,,,,,,7.59,9.5,11.41,9.5,2.0,3.96,2.0,1.0,-7.32,-4.35,-1.38,-4.35,2.0,6.15,2.0,1.0,7.02,7.7,8.38,7.7,2.0,1.41,2.0,1.0,1018.6,1018.6,1018.6,1018.6,1.0,0.0,4.0,1.0,,,,,,,,,,,,,,,,,,,,,,,,,,,,,,,,,,,,,,,,,,,,,,,,,,,,,,,,,,,,,,,,,,,,,,,,,,,,,,,,,,,,,,,,,,,,,,,,,,,,,,,,,,,,,,,,,,,,,,,,,,,,,,,,
1900,10,22810,-79.60000000000002,-51.6,,,,,,,,,,,,,,,,,,,,,,,,,,,,,,,,,1.11,4.6,8.19,4.43,10.0,3.31,16.0,0.8,0.42,3.37,5.7,3.22,10.0,2.4,16.0,0.8,-5.15,0.0,1.01,-1.67,10.0,3.51,16.0,0.8,1000.3,1027.9,1030.29,1016.55,11.0,17.33,16.0,0.8,,,,,,,,,,,,,,,,,,,,,,,,,,,,,,,,,,,,,,,,,,,,,,,,,,,,,,,,,,,,,,,,,,,,,,,,,,,,,,,,,,,,,,,,,,,,,,,,,,,,,,,,,,,,,,,,,,,,,,,,,,,,,,,,
1900,10,22810,-79.60000000000002,-43.4,,,,,,,,,,,,,,,,,,,,,,,,,,,,,,,,,3.14,9.3,14.56,9.02,9.0,5.13,8.0,0.7,2.04,4.74,9.73,5.71,9.0,3.76,8.0,0.7,-3.96,0.0,9.73,1.99,9.0,7.91,8.0,0.7,995.94,1002.9,1013.14,1005.5,6.0,12.55,8.0,0.5,,,,,,,,,,,,,,,,,,,,,,,,,,,,,,,,,,,,,,,,,,,,,,,,,,,,,,,,,,,,,,,,,,,,,,,,,,,,,,,,,,,,,,,,,,,,,,,,,,,,,,,,,,,,,,,,,,,,,,,,,,,,,,,,
1900,10,22810,-79.60000000000002,-39.4,,,,,,,,,,,,,,,,,,,,,,,,,,,,,,,,,6.7,6.7,12.3,8.51,11.0,2.76,16.0,0.7,2.28,4.74,9.78,5.75,11.0,3.67,16.0,0.7,4.45,4.74,6.63,4.82,11.0,3.46,16.0,0.7,1020.72,1022.6,1024.4,1022.34,11.0,2.39,16.0,0.7,,,,,,,,,,,,,,,,,,,,,,,,,,,,,,,,,,,,,,,,,,,,,,,,,,,,,,,,,,,,,,,,,,,,,,,,,,,,,,,,,,,,,,,,,,,,,,,,,,,,,,,,,,,,,,,,,,,,,,,,,,,,,,,,
1900,10,22810,-79.60000000000002,-23.6,,,,,,,,,,,,,,,,,,,,,,,,,,,,,,,,,2.6,2.6,7.17,4.83,3.0,3.87,8.0,1.0,-4.8,-0.97,-0.31,-2.52,3.0,3.55,8.0,1.0,2.47,2.6,5.31,3.86,3.0,2.35,8.0,1.0,1018.4,1018.6,1018.87,1018.63,3.0,0.35,8.0,1.0,,,,,,,,,,,,,,,,,,,,,,,,,,,,,,,,,,,,,,,,,,,,,,,,,,,,,,,,,,,,,,,,,,,,,,,,,,,,,,,,,,,,,,,,,,,,,,,,,,,,,,,,,,,,,,,,,,,,,,,,,,,,,,,,
1900,10,22810,-79.5,-57.5,,,,,,,,,,,,,,,,,,,,,,,,,,,,,,,,,3.05,11.05,19.0,11.83,8.0,8.06,14.0,1.0,1.55,10.19,17.32,9.69,8.0,7.51,14.0,1.0,-7.42,-4.21,2.5,-3.98,8.0,6.54,14.0,1.0,981.42,992.4,994.37,992.27,7.0,14.49,14.0,1.0,,,,,,,,,,,,,,,,,,,,,,,,,,,,,,,,,,,,,,,,,,,,,,,,,,,,,,,,,,,,,,,,,,,,,,,,,,,,,,,,,,,,,,,,,,,,,,,,,,,,,,,,,,,,,,,,,,,,,,,,,,,,,,,,
1900,10,22810,-79.5,-53.5,,,,,,,,,,,,,,,,,,,,,,,,,,,,,,,,,4.6,9.3,14.71,10.07,15.0,5.43,16.0,0.8,-1.95,8.7,12.08,6.44,15.0,6.37,16.0,0.8,-5.75,0.0,4.35,-1.15,15.0,7.18,16.0,0.8,994.02,1017.15,1024.54,1012.92,14.0,13.05,18.0,0.8,,,,,,,,,,,,,,,,,,,,,,,,,,,,,,,,,,,,,,,,,,,,,,,,,,,,,,,,,,,,,,,,,,,,,,,,,,,,,,,,,,,,,,,,,,,,,,,,,,,,,,,,,,,,,,,,,,,,,,,,,,,,,,,,
1900,10,22810,-79.5,-47.2,,,,,,,,,,,,,,,,,,,,,,,,,,,,,,,,,7.53,9.3,9.3,8.43,3.0,1.5,30.0,1.0,0.0,0.0,0.0,0.0,3.0,0.0,30.0,1.0,7.53,9.3,9.3,8.43,3.0,1.5,30.0,1.0,1012.37,1013.6,1015.44,1013.9,3.0,2.26,30.0,1.0,,,,,,,,,,,,,,,,,,,,,,,,,,,,,,,,,,,,,,,,,,,,,,,,,,,,,,,,,,,,,,,,,,,,,,,,,,,,,,,,,,,,,,,,,,,,,,,,,,,,,,,,,,,,,,,,,,,,,,,,,,,,,,,,
1900,10,22810,-79.5,-41.3,,,,,,,,,,,,,,,,,,,,,,,,,,,,,,,,,2.6,4.6,5.47,4.16,11.0,2.31,14.0,0.7,-0.76,1.8,5.25,2.14,11.0,3.66,14.0,0.7,-2.15,0.0,2.87,0.34,11.0,2.41,14.0,0.7,1006.39,1013.5,1020.6,1013.55,11.0,6.71,14.0,0.7,,,,,,,,,,,,,,,,,,,,,,,,,,,,,,,,,,,,,,,,,,,,,,,,,,,,,,,,,,,,,,,,,,,,,,,,,,,,,,,,,,,,,,,,,,,,,,,,,,,,,,,,,,,,,,,,,,,,,,,,,,,,,,,,
1900,10,22810,-79.5,-31.5,,,,,,,,,,,,,,,,,,,,,,,,,,,,,,,,,5.35,6.95,8.55,6.95,2.0,3.32,26.0,1.0,-7.48,-5.14,-2.81,-5.14,2.0,4.83,26.0,1.0,3.73,3.95,4.16,3.95,2.0,0.45,26.0,1.0,1026.4,1026.4,1026.4,1026.4,1.0,0.0,24.0,1.0,,,,,,,,,,,,,,,,,,,,,,,,,,,,,,,,,,,,,,,,,,,,,,,,,,,,,,,,,,,,,,,,,,,,,,,,,,,,,,,,,,,,,,,,,,,,,,,,,,,,,,,,,,,,,,,,,,,,,,,,,,,,,,,,
1900,10,22810,-79.5,30.3,,,,,,,,,,,,,,,,,,,,,,,,,,,,,,,,,2.6,2.6,4.6,3.09,9.0,1.25,6.0,0.6,-2.6,-1.84,-0.19,-1.78,9.0,1.45,6.0,0.6,-3.86,0.0,1.53,-0.74,9.0,2.45,6.0,0.6,1019.61,1021.2,1022.51,1020.97,9.0,1.47,6.0,0.6,,,,,,,,,,,,,,,,,,,,,,,,,,,,,,,,,,,,,,,,,,,,,,,,,,,,,,,,,,,,,,,,,,,,,,,,,,,,,,,,,,,,,,,,,,,,,,,,,,,,,,,,,,,,,,,,,,,,,,,,,,,,,,,,
1900,10,22810,-79.30000000000001,-55.3,,,,,,,,,,,,,,,,,,,,,,,,,,,,,,,,,3.77,12.3,13.58,10.13,11.0,6.21,14.0,1.0,-1.9,4.6,8.12,3.7,11.0,7.54,14.0,1.0,-5.18,2.6,11.36,2.84,11.0,8.4,14.0,1.0,991.87,1006.85,1013.87,1004.55,6.0,11.32,12.0,1.0,,,,,,,,,,,,,,,,,,,,,,,,,,,,,,,,,,,,,,,,,,,,,,,,,,,,,,,,,,,,,,,,,,,,,,,,,,,,,,,,,,,,,,,,,,,,,,,,,,,,,,,,,,,,,,,,,,,,,,,,,,,,,,,,
1900,10,22810,-79.19999999999999,-37.4,,,,,,,,,,,,,,,,,,,,,,,,,,,,,,,,,3.14,4.6,8.6,5.77,9.0,3.19,14.0,0.7,0.88,3.25,6.08,4.07,9.0,3.71,14.0,0.7,2.6,3.25,4.34,3.28,9.0,1.76,14.0,0.7,1022.19,1025.0,1025.95,1024.36,9.0,2.26,14.0,0.7,,,,,,,,,,,,,,,,,,,,,,,,,,,,,,,,,,,,,,,,,,,,,,,,,,,,,,,,,,,,,,,,,,,,,,,,,,,,,,,,,,,,,,,,,,,,,,,,,,,,,,,,,,,,,,,,,,,,,,,,,,,,,,,,
1900,10,22810,-79.0,-35.0,,,,,,,,,,,,,,,,,,,,,,,,,,,,,,,,,6.7,6.7,6.7,6.7,1.0,0.0,28.0,1.0,6.21,6.21,6.21,6.21,1.0,0.0,28.0,1.0,2.51,2.51,2.51,2.51,1.0,0.0,28.0,1.0,1022.0,1022.0,1022.0,1022.0,1.0,0.0,28.0,1.0,,,,,,,,,,,,,,,,,,,,,,,,,,,,,,,,,,,,,,,,,,,,,,,,,,,,,,,,,,,,,,,,,,,,,,,,,,,,,,,,,,,,,,,,,,,,,,,,,,,,,,,,,,,,,,,,,,,,,,,,,,,,,,,,
1900,10,22810,-77.69999999999999,-53.7,,,,,,,,,,,,,,,,,,,,,,,,,,,,,,,,,6.7,9.3,9.3,8.26,5.0,1.42,22.0,0.8,2.62,3.48,9.21,5.44,5.0,3.48,22.0,0.8,-3.15,1.61,6.17,1.07,5.0,6.07,22.0,0.8,1019.24,1022.25,1025.26,1022.25,4.0,3.48,26.0,0.8,,,,,,,,,,,,,,,,,,,,,,,,,,,,,,,,,,,,,,,,,,,,,,,,,,,,,,,,,,,,,,,,,,,,,,,,,,,,,,,,,,,,,,,,,,,,,,,,,,,,,,,,,,,,,,,,,,,,,,,,,,,,,,,,
1900,10,22810,-77.69999999999999,-51.7,,,,,,,,,,,,,,,,,,,,,,,,,,,,,,,,,4.63,9.0,13.37,9.0,2.0,9.05,22.0,1.0,4.28,8.29,12.31,8.29,2.0,8.32,22.0,1.0,-4.91,-2.52,-0.14,-2.52,2.0,4.94,22.0,1.0,1013.57,1019.95,1026.33,1019.95,2.0,13.22,22.0,1.0,,,,,,,,,,,,,,,,,,,,,,,,,,,,,,,,,,,,,,,,,,,,,,,,,,,,,,,,,,,,,,,,,,,,,,,,,,,,,,,,,,,,,,,,,,,,,,,,,,,,,,,,,,,,,,,,,,,,,,,,,,,,,,,,
1900,10,22810,-77.69999999999999,-21.7,,,,,,,,,,,,,,,,,,,,,,,,,,,,,,,,,4.93,5.65,6.37,5.65,2.0,1.48,8.0,1.0,-2.39,-2.12,-1.85,-2.12,2.0,0.56,8.0,1.0,4.57,5.24,5.9,5.24,2.0,1.38,8.0,1.0,1017.61,1018.7,1019.79,1018.7,2.0,2.26,8.0,1.0,,,,,,,,,,,,,,,,,,,,,,,,,,,,,,,,,,,,,,,,,,,,,,,,,,,,,,,,,,,,,,,,,,,,,,,,,,,,,,,,,,,,,,,,,,,,,,,,,,,,,,,,,,,,,,,,,,,,,,,,,,,,,,,,
1900,10,22810,-77.60000000000002,-23.2,,,,,,,,,,,,,,,,,,,,,,,,,,,,,,,,,5.27,6.7,8.47,6.87,3.0,2.35,20.0,1.0,-5.52,-3.25,-1.03,-3.28,3.0,3.29,20.0,1.0,4.31,6.58,6.66,5.51,3.0,1.96,20.0,1.0,1018.57,1020.0,1021.43,1020.0,2.0,2.97,14.0,1.0,,,,,,,,,,,,,,,,,,,,,,,,,,,,,,,,,,,,,,,,,,,,,,,,,,,,,,,,,,,,,,,,,,,,,,,,,,,,,,,,,,,,,,,,,,,,,,,,,,,,,,,,,,,,,,,,,,,,,,,,,,,,,,,,
1900,10,22810,-77.5,-39.5,,,,,,,,,,,,,,,,,,,,,,,,,,,,,,,,,1.97,6.7,15.4,8.39,9.0,5.89,12.0,1.0,1.0,4.74,9.73,5.53,9.0,4.61,12.0,1.0,-9.58,-0.93,4.6,-2.45,9.0,7.18,12.0,1.0,1018.06,1022.3,1024.58,1021.26,5.0,4.5,16.0,1.0,,,,,,,,,,,,,,,,,,,,,,,,,,,,,,,,,,,,,,,,,,,,,,,,,,,,,,,,,,,,,,,,,,,,,,,,,,,,,,,,,,,,,,,,,,,,,,,,,,,,,,,,,,,,,,,,,,,,,,,,,,,,,,,,
1900,10,22810,-77.5,-37.4,,,,,,,,,,,,,,,,,,,,,,,,,,,,,,,,,4.6,6.7,10.4,7.5,5.0,3.31,12.0,1.0,0.0,0.0,3.99,1.65,5.0,2.28,12.0,1.0,-8.42,-4.6,6.05,-1.91,5.0,8.25,12.0,1.0,1020.59,1025.95,1031.52,1026.05,4.0,6.3,14.0,1.0,,,,,,,,,,,,,,,,,,,,,,,,,,,,,,,,,,,,,,,,,,,,,,,,,,,,,,,,,,,,,,,,,,,,,,,,,,,,,,,,,,,,,,,,,,,,,,,,,,,,,,,,,,,,,,,,,,,,,,,,,,,,,,,,
1900,10,22810,-77.5,-33.5,,,,,,,,,,,,,,,,,,,,,,,,,,,,,,,,,4.6,5.65,6.7,5.65,4.0,1.21,16.0,1.0,0.0,0.0,0.0,0.0,4.0,0.0,16.0,1.0,4.6,5.65,6.7,5.65,4.0,1.21,16.0,1.0,1022.32,1024.15,1024.93,1023.65,4.0,2.01,16.0,1.0,,,,,,,,,,,,,,,,,,,,,,,,,,,,,,,,,,,,,,,,,,,,,,,,,,,,,,,,,,,,,,,,,,,,,,,,,,,,,,,,,,,,,,,,,,,,,,,,,,,,,,,,,,,,,,,,,,,,,,,,,,,,,,,,
1900,10,22810,-77.5,-31.5,,,,,,,,,,,,,,,,,,,,,,,,,,,,,,,,,7.59,9.5,11.41,9.5,2.0,3.96,22.0,1.0,-6.33,-1.24,3.85,-1.24,2.0,10.54,22.0,1.0,3.49,5.6,7.72,5.6,2.0,4.38,22.0,1.0,1016.8,1016.8,1016.8,1016.8,1.0,0.0,20.0,1.0,,,,,,,,,,,,,,,,,,,,,,,,,,,,,,,,,,,,,,,,,,,,,,,,,,,,,,,,,,,,,,,,,,,,,,,,,,,,,,,,,,,,,,,,,,,,,,,,,,,,,,,,,,,,,,,,,,,,,,,,,,,,,,,,
1900,10,22810,-77.39999999999998,-57.5,,,,,,,,,,,,,,,,,,,,,,,,,,,,,,,,,4.6,9.3,17.58,10.87,18.0,7.59,22.0,0.8,2.06,8.86,13.24,8.71,18.0,6.86,22.0,0.8,-7.0,-0.81,1.61,-2.92,18.0,6.8,22.0,0.8,991.32,1014.05,1016.12,1007.78,18.0,12.5,20.0,0.8,,,,,,,,,,,,,,,,,,,,,,,,,,,,,,,,,,,,,,,,,,,,,,,,,,,,,,,,,,,,,,,,,,,,,,,,,,,,,,,,,,,,,,,,,,,,,,,,,,,,,,,,,,,,,,,,,,,,,,,,,,,,,,,,
1900,10,22810,-77.39999999999998,-55.4,,,,,,,,,,,,,,,,,,,,,,,,,,,,,,,,,4.6,6.7,9.3,8.0,22.0,5.11,22.0,0.7,3.25,4.74,9.16,5.88,22.0,4.82,22.0,0.7,-3.25,1.61,3.93,-0.11,22.0,5.79,22.0,0.7,1003.06,1019.75,1021.89,1015.84,20.0,8.06,22.0,0.7,,,,,,,,,,,,,,,,,,,,,,,,,,,,,,,,,,,,,,,,,,,,,,,,,,,,,,,,,,,,,,,,,,,,,,,,,,,,,,,,,,,,,,,,,,,,,,,,,,,,,,,,,,,,,,,,,,,,,,,,,,,,,,,,
1900,10,22810,-77.39999999999998,-35.4,,,,,,,,,,,,,,,,,,,,,,,,,,,,,,,,,2.6,4.6,8.03,5.09,9.0,3.45,14.0,0.6,0.0,0.0,3.19,1.28,9.0,1.78,14.0,0.6,-7.0,2.39,4.6,-0.32,9.0,5.99,14.0,0.6,1013.37,1020.8,1023.14,1018.59,11.0,5.23,14.0,0.5,,,,,,,,,,,,,,,,,,,,,,,,,,,,,,,,,,,,,,,,,,,,,,,,,,,,,,,,,,,,,,,,,,,,,,,,,,,,,,,,,,,,,,,,,,,,,,,,,,,,,,,,,,,,,,,,,,,,,,,,,,,,,,,,
1900,10,22810,-77.39999999999998,30.3,,,,,,,,,,,,,,,,,,,,,,,,,,,,,,,,,4.6,4.6,6.7,5.44,5.0,1.15,4.0,0.6,-4.6,-3.25,-2.51,-3.49,5.0,1.05,4.0,0.6,0.0,3.25,6.21,3.14,5.0,3.11,4.0,0.6,1019.16,1019.6,1019.97,1019.62,5.0,0.59,4.0,0.6,,,,,,,,,,,,,,,,,,,,,,,,,,,,,,,,,,,,,,,,,,,,,,,,,,,,,,,,,,,,,,,,,,,,,,,,,,,,,,,,,,,,,,,,,,,,,,,,,,,,,,,,,,,,,,,,,,,,,,,,,,,,,,,,
1900,10,22810,-77.30000000000001,-59.2,,,,,,,,,,,,,,,,,,,,,,,,,,,,,,,,,3.23,4.6,7.81,5.5,3.0,3.44,22.0,0.3,2.78,3.25,6.53,4.62,3.0,2.99,22.0,0.3,-2.08,0.45,3.32,0.62,3.0,3.95,22.0,0.3,1012.43,1013.35,1014.27,1013.35,2.0,1.91,24.0,0.0,,,,,,,,,,,,,,,,,,,,,,,,,,,,,,,,,,,,,,,,,,,,,,,,,,,,,,,,,,,,,,,,,,,,,,,,,,,,,,,,,,,,,,,,,,,,,,,,,,,,,,,,,,,,,,,,,,,,,,,,,,,,,,,,
1900,10,22810,-77.19999999999999,-29.2,,,,,,,,,,,,,,,,,,,,,,,,,,,,,,,,,9.3,9.3,9.3,9.3,1.0,0.0,30.0,1.0,-3.48,-3.48,-3.48,-3.48,1.0,0.0,30.0,1.0,8.62,8.62,8.62,8.62,1.0,0.0,30.0,1.0,1024.8,1024.8,1024.8,1024.8,1.0,0.0,26.0,1.0,,,,,,,,,,,,,,,,,,,,,,,,,,,,,,,,,,,,,,,,,,,,,,,,,,,,,,,,,,,,,,,,,,,,,,,,,,,,,,,,,,,,,,,,,,,,,,,,,,,,,,,,,,,,,,,,,,,,,,,,,,,,,,,,
1900,10,22810,-75.69999999999999,-53.2,,,,,,,,,,,,,,,,,,,,,,,,,,,,,,,,,12.3,12.3,12.3,12.3,1.0,0.0,20.0,1.0,11.32,11.32,11.32,11.32,1.0,0.0,20.0,1.0,-4.81,-4.81,-4.81,-4.81,1.0,0.0,20.0,1.0,1008.7,1008.7,1008.7,1008.7,1.0,0.0,20.0,1.0,,,,,,,,,,,,,,,,,,,,,,,,,,,,,,,,,,,,,,,,,,,,,,,,,,,,,,,,,,,,,,,,,,,,,,,,,,,,,,,,,,,,,,,,,,,,,,,,,,,,,,,,,,,,,,,,,,,,,,,,,,,,,,,,
1900,10,22810,-75.69999999999999,-37.4,,,,,,,,,,,,,,,,,,,,,,,,,,,,,,,,,9.3,9.3,11.35,10.3,3.0,1.73,16.0,1.0,5.2,8.56,10.45,7.84,3.0,3.89,16.0,1.0,-4.43,-3.63,4.69,0.04,3.0,7.4,16.0,1.0,1019.0,1019.0,1019.0,1019.0,1.0,0.0,30.0,1.0,,,,,,,,,,,,,,,,,,,,,,,,,,,,,,,,,,,,,,,,,,,,,,,,,,,,,,,,,,,,,,,,,,,,,,,,,,,,,,,,,,,,,,,,,,,,,,,,,,,,,,,,,,,,,,,,,,,,,,,,,,,,,,,,
1900,10,22810,-75.69999999999999,-27.2,,,,,,,,,,,,,,,,,,,,,,,,,,,,,,,,,9.3,9.3,9.3,9.3,1.0,0.0,26.0,1.0,-6.58,-6.58,-6.58,-6.58,1.0,0.0,26.0,1.0,6.58,6.58,6.58,6.58,1.0,0.0,26.0,1.0,1021.9,1021.9,1021.9,1021.9,1.0,0.0,26.0,1.0,,,,,,,,,,,,,,,,,,,,,,,,,,,,,,,,,,,,,,,,,,,,,,,,,,,,,,,,,,,,,,,,,,,,,,,,,,,,,,,,,,,,,,,,,,,,,,,,,,,,,,,,,,,,,,,,,,,,,,,,,,,,,,,,
1900,10,22810,-75.5,-39.5,,,,,,,,,,,,,,,,,,,,,,,,,,,,,,,,,6.7,6.7,6.7,6.7,2.0,0.0,18.0,1.0,-2.11,-1.25,-0.4,-1.25,2.0,1.77,18.0,1.0,-4.65,-0.24,4.16,-0.24,2.0,9.13,18.0,1.0,1010.1,1010.1,1010.1,1010.1,1.0,0.0,8.0,1.0,,,,,,,,,,,,,,,,,,,,,,,,,,,,,,,,,,,,,,,,,,,,,,,,,,,,,,,,,,,,,,,,,,,,,,,,,,,,,,,,,,,,,,,,,,,,,,,,,,,,,,,,,,,,,,,,,,,,,,,,,,,,,,,,
1900,10,22810,-75.5,-35.4,,,,,,,,,,,,,,,,,,,,,,,,,,,,,,,,,1.0,2.6,8.6,3.9,9.0,3.59,14.0,0.8,0.71,1.84,6.47,3.2,9.0,3.08,14.0,0.8,-3.36,0.0,1.53,-0.97,9.0,2.82,14.0,0.8,1011.99,1014.2,1019.38,1015.11,8.0,3.59,16.0,0.8,,,,,,,,,,,,,,,,,,,,,,,,,,,,,,,,,,,,,,,,,,,,,,,,,,,,,,,,,,,,,,,,,,,,,,,,,,,,,,,,,,,,,,,,,,,,,,,,,,,,,,,,,,,,,,,,,,,,,,,,,,,,,,,,
1900,10,22810,-75.5,-33.4,,,,,,,,,,,,,,,,,,,,,,,,,,,,,,,,,1.35,2.6,4.6,3.09,15.0,1.62,16.0,0.6,-1.56,0.0,1.83,0.41,15.0,2.09,16.0,0.6,1.19,2.41,4.23,2.51,15.0,1.26,16.0,0.6,1018.01,1020.0,1020.87,1019.46,15.0,1.78,16.0,0.6,,,,,,,,,,,,,,,,,,,,,,,,,,,,,,,,,,,,,,,,,,,,,,,,,,,,,,,,,,,,,,,,,,,,,,,,,,,,,,,,,,,,,,,,,,,,,,,,,,,,,,,,,,,,,,,,,,,,,,,,,,,,,,,,
1900,10,22810,-75.5,-21.5,,,,,,,,,,,,,,,,,,,,,,,,,,,,,,,,,6.27,6.7,7.24,6.78,6.0,1.49,12.0,1.0,-2.97,-1.25,0.54,-1.19,6.0,2.58,12.0,1.0,4.71,6.19,6.85,6.2,6.0,1.69,12.0,1.0,1017.23,1017.9,1018.45,1017.86,5.0,1.06,10.0,1.0,,,,,,,,,,,,,,,,,,,,,,,,,,,,,,,,,,,,,,,,,,,,,,,,,,,,,,,,,,,,,,,,,,,,,,,,,,,,,,,,,,,,,,,,,,,,,,,,,,,,,,,,,,,,,,,,,,,,,,,,,,,,,,,,
1900,10,22810,-75.39999999999998,-59.4,,,,,,,,,,,,,,,,,,,,,,,,,,,,,,,,,5.52,10.8,14.43,10.7,6.0,7.19,22.0,1.0,3.42,4.69,7.11,5.8,6.0,5.27,22.0,1.0,-2.57,6.4,11.37,3.44,6.0,10.34,22.0,1.0,998.03,1004.4,1005.93,1001.78,5.0,7.86,22.0,1.0,,,,,,,,,,,,,,,,,,,,,,,,,,,,,,,,,,,,,,,,,,,,,,,,,,,,,,,,,,,,,,,,,,,,,,,,,,,,,,,,,,,,,,,,,,,,,,,,,,,,,,,,,,,,,,,,,,,,,,,,,,,,,,,,
1900,10,22810,-75.39999999999998,30.3,,,,,,,,,,,,,,,,,,,,,,,,,,,,,,,,,6.7,6.7,6.7,6.7,3.0,0.0,4.0,0.0,-4.74,-4.74,-3.22,-4.0,3.0,1.29,4.0,0.0,4.74,4.74,5.74,5.23,3.0,0.85,4.0,0.0,1019.67,1021.1,1021.37,1020.53,3.0,1.34,4.0,0.0,,,,,,,,,,,,,,,,,,,,,,,,,,,,,,,,,,,,,,,,,,,,,,,,,,,,,,,,,,,,,,,,,,,,,,,,,,,,,,,,,,,,,,,,,,,,,,,,,,,,,,,,,,,,,,,,,,,,,,,,,,,,,,,,
1900,10,22810,-75.30000000000001,-57.4,,,,,,,,,,,,,,,,,,,,,,,,,,,,,,,,,6.7,9.3,17.8,11.29,22.0,6.26,14.0,0.9,-0.61,5.69,9.79,5.18,22.0,6.62,14.0,0.9,-11.1,0.0,6.66,-2.54,22.0,9.69,14.0,0.9,976.91,1001.45,1015.85,998.1,14.0,16.55,12.0,0.8,,,,,,,,,,,,,,,,,,,,,,,,,,,,,,,,,,,,,,,,,,,,,,,,,,,,,,,,,,,,,,,,,,,,,,,,,,,,,,,,,,,,,,,,,,,,,,,,,,,,,,,,,,,,,,,,,,,,,,,,,,,,,,,,
1900,10,22810,-75.30000000000001,-55.5,,,,,,,,,,,,,,,,,,,,,,,,,,,,,,,,,5.4,6.7,14.22,10.05,16.0,5.86,24.0,0.6,5.01,6.21,13.18,8.76,16.0,6.36,24.0,0.6,1.72,2.51,5.33,3.07,16.0,3.13,24.0,0.6,1011.75,1015.8,1017.72,1014.75,15.0,4.72,24.0,0.5,,,,,,,,,,,,,,,,,,,,,,,,,,,,,,,,,,,,,,,,,,,,,,,,,,,,,,,,,,,,,,,,,,,,,,,,,,,,,,,,,,,,,,,,,,,,,,,,,,,,,,,,,,,,,,,,,,,,,,,,,,,,,,,,
1900,10,22810,-75.30000000000001,-31.4,,,,,,,,,,,,,,,,,,,,,,,,,,,,,,,,,2.19,4.6,7.36,4.88,12.0,3.4,16.0,0.8,-1.72,-0.49,0.25,-0.68,12.0,1.75,16.0,0.8,0.75,3.43,7.36,3.53,12.0,4.51,16.0,0.8,1018.0,1020.1,1021.13,1019.72,12.0,1.89,16.0,0.8,,,,,,,,,,,,,,,,,,,,,,,,,,,,,,,,,,,,,,,,,,,,,,,,,,,,,,,,,,,,,,,,,,,,,,,,,,,,,,,,,,,,,,,,,,,,,,,,,,,,,,,,,,,,,,,,,,,,,,,,,,,,,,,,
1900,10,22810,-75.19999999999999,-25.5,,,,,,,,,,,,,,,,,,,,,,,,,,,,,,,,,4.93,5.65,6.37,5.65,2.0,1.48,22.0,1.0,0.0,0.0,0.0,0.0,2.0,0.0,22.0,1.0,4.93,5.65,6.37,5.65,2.0,1.48,22.0,1.0,1020.3,1020.3,1020.3,1020.3,1.0,0.0,14.0,1.0,,,,,,,,,,,,,,,,,,,,,,,,,,,,,,,,,,,,,,,,,,,,,,,,,,,,,,,,,,,,,,,,,,,,,,,,,,,,,,,,,,,,,,,,,,,,,,,,,,,,,,,,,,,,,,,,,,,,,,,,,,,,,,,,
1900,10,22810,-75.19999999999999,36.8,,,,,,,,,,,,,,,,,,,,,,,,,,,,,,,,,1.0,1.0,1.0,1.0,1.0,0.0,16.0,0.0,0.0,0.0,0.0,0.0,1.0,0.0,16.0,0.0,-1.0,-1.0,-1.0,-1.0,1.0,0.0,16.0,0.0,1018.6,1018.6,1018.6,1018.6,1.0,0.0,16.0,0.0,,,,,,,,,,,,,,,,,,,,,,,,,,,,,,,,,,,,,,,,,,,,,,,,,,,,,,,,,,,,,,,,,,,,,,,,,,,,,,,,,,,,,,,,,,,,,,,,,,,,,,,,,,,,,,,,,,,,,,,,,,,,,,,,
1900,10,22810,-75.19999999999999,38.3,,,,,,,,,,,,,,,,,,,,,,,,,,,,,,,,,1.0,1.0,1.0,1.0,2.0,0.0,16.0,0.0,0.74,0.81,0.89,0.81,2.0,0.15,16.0,0.0,-0.66,-0.55,-0.44,-0.55,2.0,0.22,16.0,0.0,1015.69,1016.3,1016.91,1016.3,2.0,1.27,16.0,0.0,,,,,,,,,,,,,,,,,,,,,,,,,,,,,,,,,,,,,,,,,,,,,,,,,,,,,,,,,,,,,,,,,,,,,,,,,,,,,,,,,,,,,,,,,,,,,,,,,,,,,,,,,,,,,,,,,,,,,,,,,,,,,,,,
1900,10,22810,-75.10000000000002,-29.5,,,,,,,,,,,,,,,,,,,,,,,,,,,,,,,,,4.19,6.7,7.24,6.1,6.0,2.27,16.0,0.7,-2.8,-2.51,-0.83,-1.71,6.0,2.18,16.0,0.7,-1.27,5.24,6.71,3.19,6.0,5.42,16.0,0.7,1016.96,1019.4,1020.86,1018.75,6.0,2.6,16.0,0.7,,,,,,,,,,,,,,,,,,,,,,,,,,,,,,,,,,,,,,,,,,,,,,,,,,,,,,,,,,,,,,,,,,,,,,,,,,,,,,,,,,,,,,,,,,,,,,,,,,,,,,,,,,,,,,,,,,,,,,,,,,,,,,,,
1900,10,22810,-73.69999999999999,-25.5,,,,,,,,,,,,,,,,,,,,,,,,,,,,,,,,,6.7,6.7,6.7,6.7,2.0,0.0,24.0,1.0,-4.38,-3.62,-2.86,-3.62,2.0,1.58,24.0,1.0,4.97,5.47,5.98,5.47,2.0,1.04,24.0,1.0,1018.7,1018.7,1018.7,1018.7,1.0,0.0,16.0,1.0,,,,,,,,,,,,,,,,,,,,,,,,,,,,,,,,,,,,,,,,,,,,,,,,,,,,,,,,,,,,,,,,,,,,,,,,,,,,,,,,,,,,,,,,,,,,,,,,,,,,,,,,,,,,,,,,,,,,,,,,,,,,,,,,
1900,10,22810,-73.60000000000002,-57.7,,,,,,,,,,,,,,,,,,,,,,,,,,,,,,,,,6.7,19.0,23.46,16.82,31.0,7.46,18.0,0.7,-3.52,15.4,21.24,9.91,31.0,11.49,18.0,0.7,-12.01,-6.58,3.49,-5.96,31.0,8.8,18.0,0.7,982.71,990.75,999.04,992.74,28.0,10.63,18.0,0.6,,,,,,,,,,,,,,,,,,,,,,,,,,,,,,,,,,,,,,,,,,,,,,,,,,,,,,,,,,,,,,,,,,,,,,,,,,,,,,,,,,,,,,,,,,,,,,,,,,,,,,,,,,,,,,,,,,,,,,,,,,,,,,,,
1900,10,22810,-73.60000000000002,-33.6,,,,,,,,,,,,,,,,,,,,,,,,,,,,,,,,,6.7,6.7,10.52,8.57,3.0,3.23,18.0,1.0,1.5,4.74,4.74,3.16,3.0,2.74,18.0,1.0,-1.73,4.74,9.9,4.1,3.0,8.54,18.0,1.0,1018.1,1018.1,1018.1,1018.1,1.0,0.0,30.0,1.0,,,,,,,,,,,,,,,,,,,,,,,,,,,,,,,,,,,,,,,,,,,,,,,,,,,,,,,,,,,,,,,,,,,,,,,,,,,,,,,,,,,,,,,,,,,,,,,,,,,,,,,,,,,,,,,,,,,,,,,,,,,,,,,,
1900,10,22810,-73.5,-59.4,,,,,,,,,,,,,,,,,,,,,,,,,,,,,,,,,6.63,12.3,19.12,12.6,26.0,6.84,20.0,0.6,0.0,3.24,10.65,3.96,26.0,5.69,20.0,0.6,-18.84,-6.81,-0.33,-8.21,26.0,9.66,20.0,0.6,991.07,994.7,998.81,994.83,26.0,4.67,20.0,0.6,,,,,,,,,,,,,,,,,,,,,,,,,,,,,,,,,,,,,,,,,,,,,,,,,,,,,,,,,,,,,,,,,,,,,,,,,,,,,,,,,,,,,,,,,,,,,,,,,,,,,,,,,,,,,,,,,,,,,,,,,,,,,,,,
1900,10,22810,-73.5,-35.2,,,,,,,,,,,,,,,,,,,,,,,,,,,,,,,,,12.3,12.3,12.3,12.3,2.0,0.0,8.0,1.0,-2.5,2.04,6.59,2.04,2.0,9.41,8.0,1.0,-5.51,1.35,8.21,1.35,2.0,14.21,8.0,1.0,1016.4,1016.4,1016.4,1016.4,1.0,0.0,6.0,1.0,,,,,,,,,,,,,,,,,,,,,,,,,,,,,,,,,,,,,,,,,,,,,,,,,,,,,,,,,,,,,,,,,,,,,,,,,,,,,,,,,,,,,,,,,,,,,,,,,,,,,,,,,,,,,,,,,,,,,,,,,,,,,,,,
1900,10,22810,-73.5,-29.3,,,,,,,,,,,,,,,,,,,,,,,,,,,,,,,,,3.29,4.6,13.43,7.58,5.0,6.01,18.0,1.0,-2.78,0.0,0.0,-1.27,5.0,2.01,18.0,1.0,2.34,4.6,12.86,6.93,5.0,6.46,18.0,1.0,1016.92,1017.9,1019.4,1018.08,5.0,1.29,20.0,1.0,,,,,,,,,,,,,,,,,,,,,,,,,,,,,,,,,,,,,,,,,,,,,,,,,,,,,,,,,,,,,,,,,,,,,,,,,,,,,,,,,,,,,,,,,,,,,,,,,,,,,,,,,,,,,,,,,,,,,,,,,,,,,,,,
1900,10,22810,-73.5,-23.5,,,,,,,,,,,,,,,,,,,,,,,,,,,,,,,,,4.93,5.65,6.37,5.65,2.0,1.48,22.0,1.0,-3.13,-2.88,-2.63,-2.88,2.0,0.53,22.0,1.0,3.72,4.73,5.74,4.73,2.0,2.09,22.0,1.0,1017.92,1017.95,1017.98,1017.95,2.0,0.07,22.0,1.0,,,,,,,,,,,,,,,,,,,,,,,,,,,,,,,,,,,,,,,,,,,,,,,,,,,,,,,,,,,,,,,,,,,,,,,,,,,,,,,,,,,,,,,,,,,,,,,,,,,,,,,,,,,,,,,,,,,,,,,,,,,,,,,,
1900,10,22810,-73.5,-21.2,,,,,,,,,,,,,,,,,,,,,,,,,,,,,,,,,4.6,4.6,6.7,5.44,5.0,1.15,18.0,1.0,-2.01,0.0,0.66,-0.49,5.0,1.68,18.0,1.0,4.25,4.6,6.39,5.2,5.0,1.17,18.0,1.0,1015.64,1018.3,1019.6,1017.63,3.0,2.96,12.0,1.0,,,,,,,,,,,,,,,,,,,,,,,,,,,,,,,,,,,,,,,,,,,,,,,,,,,,,,,,,,,,,,,,,,,,,,,,,,,,,,,,,,,,,,,,,,,,,,,,,,,,,,,,,,,,,,,,,,,,,,,,,,,,,,,,
1900,10,22810,-73.5,30.6,,,,,,,,,,,,,,,,,,,,,,,,,,,,,,,,,6.7,6.7,6.7,6.7,4.0,0.0,4.0,0.8,-2.51,-2.51,-2.51,-2.51,4.0,0.0,4.0,0.8,6.21,6.21,6.21,6.21,4.0,0.0,4.0,0.8,1021.69,1022.3,1023.28,1022.48,4.0,1.07,4.0,0.8,,,,,,,,,,,,,,,,,,,,,,,,,,,,,,,,,,,,,,,,,,,,,,,,,,,,,,,,,,,,,,,,,,,,,,,,,,,,,,,,,,,,,,,,,,,,,,,,,,,,,,,,,,,,,,,,,,,,,,,,,,,,,,,,
1900,10,22810,-73.5,40.2,,,,,,,,,,,,,,,,,,,,,,,,,,,,,,,,,0.22,2.6,8.72,4.53,15.0,4.16,20.0,0.5,-6.59,-0.71,2.27,-2.23,15.0,4.71,20.0,0.5,-2.34,0.0,0.0,-1.4,15.0,3.1,20.0,0.5,1016.29,1020.5,1027.25,1021.19,12.0,5.85,18.0,0.7,,,,,,,,,,,,,,,,,,,,,,,,,,,,,,,,,,,,,,,,,,,,,,,,,,,,,,,,,,,,,,,,,,,,,,,,,,,,,,,,,,,,,,,,,,,,,,,,,,,,,,,,,,,,,,,,,,,,,,,,,,,,,,,,
1900,10,22810,-73.39999999999998,36.5,,,,,,,,,,,,,,,,,,,,,,,,,,,,,,,,,2.6,5.65,6.7,5.23,8.0,2.51,14.0,0.8,2.39,2.88,6.01,3.98,8.0,2.35,14.0,0.8,-4.62,-2.94,-1.11,-3.04,8.0,1.82,14.0,0.8,1016.92,1017.95,1018.61,1017.78,4.0,1.12,16.0,0.8,,,,,,,,,,,,,,,,,,,,,,,,,,,,,,,,,,,,,,,,,,,,,,,,,,,,,,,,,,,,,,,,,,,,,,,,,,,,,,,,,,,,,,,,,,,,,,,,,,,,,,,,,,,,,,,,,,,,,,,,,,,,,,,,
1900,10,22810,-73.30000000000001,-27.5,,,,,,,,,,,,,,,,,,,,,,,,,,,,,,,,,4.43,6.7,6.97,6.09,7.0,3.42,20.0,0.9,0.0,0.0,0.46,0.31,7.0,0.67,20.0,0.9,4.08,6.7,6.97,6.02,7.0,3.46,20.0,0.9,1014.14,1016.4,1019.07,1016.47,9.0,2.36,20.0,0.7,,,,,,,,,,,,,,,,,,,,,,,,,,,,,,,,,,,,,,,,,,,,,,,,,,,,,,,,,,,,,,,,,,,,,,,,,,,,,,,,,,,,,,,,,,,,,,,,,,,,,,,,,,,,,,,,,,,,,,,,,,,,,,,,
1900,10,22810,-73.30000000000001,38.5,,,,,,,,,,,,,,,,,,,,,,,,,,,,,,,,,2.6,3.6,9.26,4.82,20.0,3.38,24.0,0.6,-6.21,-2.4,2.58,-2.06,20.0,4.96,24.0,0.6,-2.5,0.0,2.39,0.27,20.0,2.61,24.0,0.6,1018.22,1025.1,1030.44,1025.11,11.0,5.59,28.0,0.5,,,,,,,,,,,,,,,,,,,,,,,,,,,,,,,,,,,,,,,,,,,,,,,,,,,,,,,,,,,,,,,,,,,,,,,,,,,,,,,,,,,,,,,,,,,,,,,,,,,,,,,,,,,,,,,,,,,,,,,,,,,,,,,,
1900,10,22810,-73.19999999999999,-31.2,,,,,,,,,,,,,,,,,,,,,,,,,,,,,,,,,6.7,6.7,6.7,6.7,1.0,0.0,28.0,1.0,4.74,4.74,4.74,4.74,1.0,0.0,28.0,1.0,4.74,4.74,4.74,4.74,1.0,0.0,28.0,1.0,1017.5,1017.5,1017.5,1017.5,1.0,0.0,28.0,1.0,,,,,,,,,,,,,,,,,,,,,,,,,,,,,,,,,,,,,,,,,,,,,,,,,,,,,,,,,,,,,,,,,,,,,,,,,,,,,,,,,,,,,,,,,,,,,,,,,,,,,,,,,,,,,,,,,,,,,,,,,,,,,,,,
1900,10,22810,-73.19999999999999,-19.7,,,,,,,,,,,,,,,,,,,,,,,,,,,,,,,,,3.55,5.65,6.7,5.15,4.0,1.97,6.0,1.0,-1.31,0.0,0.0,-0.63,4.0,1.25,6.0,1.0,3.55,5.41,6.47,5.03,4.0,1.85,6.0,1.0,1013.67,1015.95,1017.76,1015.73,4.0,2.39,6.0,1.0,,,,,,,,,,,,,,,,,,,,,,,,,,,,,,,,,,,,,,,,,,,,,,,,,,,,,,,,,,,,,,,,,,,,,,,,,,,,,,,,,,,,,,,,,,,,,,,,,,,,,,,,,,,,,,,,,,,,,,,,,,,,,,,,
1900,10,22810,-73.10000000000002,16.3,,,,,,,,,,,,,,,,,,,,,,,,,,,,,,,,,4.6,5.65,6.7,5.65,4.0,1.21,6.0,0.3,-5.77,-4.67,-4.6,-5.16,4.0,1.03,6.0,0.3,0.0,0.0,2.48,1.18,4.0,2.37,6.0,0.3,1011.6,1011.6,1011.6,1011.6,1.0,0.0,6.0,0.0,,,,,,,,,,,,,,,,,,,,,,,,,,,,,,,,,,,,,,,,,,,,,,,,,,,,,,,,,,,,,,,,,,,,,,,,,,,,,,,,,,,,,,,,,,,,,,,,,,,,,,,,,,,,,,,,,,,,,,,,,,,,,,,,
1900,10,22810,-71.69999999999999,-29.7,,,,,,,,,,,,,,,,,,,,,,,,,,,,,,,,,6.7,6.7,6.7,6.7,1.0,0.0,10.0,1.0,0.0,0.0,0.0,0.0,1.0,0.0,10.0,1.0,-6.7,-6.7,-6.7,-6.7,1.0,0.0,10.0,1.0,1018.3,1018.3,1018.3,1018.3,1.0,0.0,10.0,1.0,,,,,,,,,,,,,,,,,,,,,,,,,,,,,,,,,,,,,,,,,,,,,,,,,,,,,,,,,,,,,,,,,,,,,,,,,,,,,,,,,,,,,,,,,,,,,,,,,,,,,,,,,,,,,,,,,,,,,,,,,,,,,,,,
1900,10,22810,-71.60000000000002,16.1,,,,,,,,,,,,,,,,,,,,,,,,,,,,,,,,,4.6,5.65,6.7,5.65,4.0,1.21,6.0,0.8,-4.74,-4.67,-4.6,-4.67,4.0,0.08,6.0,0.8,0.0,2.37,4.74,2.37,4.0,2.74,6.0,0.8,1010.31,1010.55,1010.79,1010.55,2.0,0.49,6.0,0.5,,,,,,,,,,,,,,,,,,,,,,,,,,,,,,,,,,,,,,,,,,,,,,,,,,,,,,,,,,,,,,,,,,,,,,,,,,,,,,,,,,,,,,,,,,,,,,,,,,,,,,,,,,,,,,,,,,,,,,,,,,,,,,,,
1900,10,22810,-71.5,-27.3,,,,,,,,,,,,,,,,,,,,,,,,,,,,,,,,,1.0,2.6,4.6,2.73,6.0,1.61,22.0,0.8,-0.76,-0.35,0.21,-0.23,6.0,0.73,22.0,0.8,0.71,2.4,4.6,2.57,6.0,1.75,22.0,0.8,1013.93,1014.7,1019.56,1016.36,5.0,3.03,20.0,0.8,,,,,,,,,,,,,,,,,,,,,,,,,,,,,,,,,,,,,,,,,,,,,,,,,,,,,,,,,,,,,,,,,,,,,,,,,,,,,,,,,,,,,,,,,,,,,,,,,,,,,,,,,,,,,,,,,,,,,,,,,,,,,,,,
1900,10,22810,-71.5,-21.4,,,,,,,,,,,,,,,,,,,,,,,,,,,,,,,,,1.18,3.6,4.6,3.08,8.0,1.83,24.0,1.0,-1.74,0.0,3.09,0.28,8.0,2.35,24.0,1.0,1.09,2.83,3.25,2.41,8.0,1.39,24.0,1.0,1014.79,1015.9,1016.26,1015.5,5.0,1.34,26.0,1.0,,,,,,,,,,,,,,,,,,,,,,,,,,,,,,,,,,,,,,,,,,,,,,,,,,,,,,,,,,,,,,,,,,,,,,,,,,,,,,,,,,,,,,,,,,,,,,,,,,,,,,,,,,,,,,,,,,,,,,,,,,,,,,,,
1900,10,22810,-71.5,-19.7,,,,,,,,,,,,,,,,,,,,,,,,,,,,,,,,,2.6,2.6,2.6,2.6,2.0,0.0,4.0,1.0,0.16,0.51,0.85,0.51,2.0,0.72,4.0,1.0,2.43,2.5,2.57,2.5,2.0,0.15,4.0,1.0,1013.84,1015.0,1016.16,1015.0,2.0,2.4,4.0,1.0,,,,,,,,,,,,,,,,,,,,,,,,,,,,,,,,,,,,,,,,,,,,,,,,,,,,,,,,,,,,,,,,,,,,,,,,,,,,,,,,,,,,,,,,,,,,,,,,,,,,,,,,,,,,,,,,,,,,,,,,,,,,,,,,
1900,10,22810,-71.5,40.3,,,,,,,,,,,,,,,,,,,,,,,,,,,,,,,,,1.0,2.6,4.6,3.93,15.0,3.7,18.0,0.1,-4.27,-0.71,1.65,-2.0,15.0,4.19,18.0,0.1,-1.72,-0.37,0.55,-0.23,15.0,2.9,18.0,0.1,1015.1,1021.2,1025.22,1020.37,15.0,5.14,18.0,0.1,,,,,,,,,,,,,,,,,,,,,,,,,,,,,,,,,,,,,,,,,,,,,,,,,,,,,,,,,,,,,,,,,,,,,,,,,,,,,,,,,,,,,,,,,,,,,,,,,,,,,,,,,,,,,,,,,,,,,,,,,,,,,,,,
1900,10,22810,-71.39999999999998,-23.5,,,,,,,,,,,,,,,,,,,,,,,,,,,,,,,,,1.94,2.6,4.6,3.65,11.0,2.32,24.0,0.7,-1.33,0.0,0.96,-0.15,11.0,1.49,24.0,0.7,1.23,2.6,4.6,3.26,11.0,2.46,24.0,0.7,1014.08,1016.6,1017.32,1015.99,11.0,1.62,24.0,0.7,,,,,,,,,,,,,,,,,,,,,,,,,,,,,,,,,,,,,,,,,,,,,,,,,,,,,,,,,,,,,,,,,,,,,,,,,,,,,,,,,,,,,,,,,,,,,,,,,,,,,,,,,,,,,,,,,,,,,,,,,,,,,,,,
1900,10,22810,-71.39999999999998,30.8,,,,,,,,,,,,,,,,,,,,,,,,,,,,,,,,,6.7,6.7,6.7,6.7,3.0,0.0,2.0,0.3,-2.51,-2.51,-2.51,-2.51,3.0,0.0,2.0,0.3,6.21,6.21,6.21,6.21,3.0,0.0,2.0,0.3,1021.56,1021.9,1022.17,1021.87,3.0,0.45,2.0,0.3,,,,,,,,,,,,,,,,,,,,,,,,,,,,,,,,,,,,,,,,,,,,,,,,,,,,,,,,,,,,,,,,,,,,,,,,,,,,,,,,,,,,,,,,,,,,,,,,,,,,,,,,,,,,,,,,,,,,,,,,,,,,,,,,
1900,10,22810,-71.39999999999998,38.4,,,,,,,,,,,,,,,,,,,,,,,,,,,,,,,,,1.0,4.6,6.7,4.69,27.0,3.07,20.0,0.5,-6.16,-1.84,0.67,-2.47,27.0,3.79,20.0,0.5,-4.73,-2.39,-0.73,-2.3,27.0,2.46,20.0,0.5,1017.75,1020.2,1021.85,1020.18,23.0,2.61,22.0,0.5,,,,,,,,,,,,,,,,,,,,,,,,,,,,,,,,,,,,,,,,,,,,,,,,,,,,,,,,,,,,,,,,,,,,,,,,,,,,,,,,,,,,,,,,,,,,,,,,,,,,,,,,,,,,,,,,,,,,,,,,,,,,,,,,
1900,10,22810,-71.30000000000001,34.6,,,,,,,,,,,,,,,,,,,,,,,,,,,,,,,,,0.79,3.85,6.7,3.68,6.0,3.32,18.0,0.5,-0.21,2.87,6.28,2.93,6.0,3.34,18.0,0.5,-0.54,0.0,0.98,0.35,6.0,2.39,18.0,0.5,1016.85,1017.4,1017.6,1017.23,3.0,0.57,14.0,0.3,,,,,,,,,,,,,,,,,,,,,,,,,,,,,,,,,,,,,,,,,,,,,,,,,,,,,,,,,,,,,,,,,,,,,,,,,,,,,,,,,,,,,,,,,,,,,,,,,,,,,,,,,,,,,,,,,,,,,,,,,,,,,,,,
1900,10,22810,-71.19999999999999,-59.2,,,,,,,,,,,,,,,,,,,,,,,,,,,,,,,,,2.12,15.4,19.0,12.29,18.0,7.52,20.0,0.6,0.7,7.64,17.49,8.64,18.0,7.11,20.0,0.6,-13.69,-7.42,0.56,-6.28,18.0,6.74,20.0,0.6,988.34,992.95,995.69,992.15,18.0,4.14,20.0,0.6,,,,,,,,,,,,,,,,,,,,,,,,,,,,,,,,,,,,,,,,,,,,,,,,,,,,,,,,,,,,,,,,,,,,,,,,,,,,,,,,,,,,,,,,,,,,,,,,,,,,,,,,,,,,,,,,,,,,,,,,,,,,,,,,
1900,10,22810,-71.19999999999999,-57.5,,,,,,,,,,,,,,,,,,,,,,,,,,,,,,,,,4.09,15.4,19.0,12.54,12.0,7.85,16.0,0.7,-3.35,3.34,14.08,4.99,12.0,8.45,16.0,0.7,-13.93,-7.99,1.16,-5.89,12.0,9.84,16.0,0.7,978.4,982.3,990.31,986.64,7.0,11.98,18.0,0.4,,,,,,,,,,,,,,,,,,,,,,,,,,,,,,,,,,,,,,,,,,,,,,,,,,,,,,,,,,,,,,,,,,,,,,,,,,,,,,,,,,,,,,,,,,,,,,,,,,,,,,,,,,,,,,,,,,,,,,,,,,,,,,,,
1900,10,22810,-71.19999999999999,14.8,,,,,,,,,,,,,,,,,,,,,,,,,,,,,,,,,6.7,6.7,6.7,6.7,2.0,0.0,6.0,1.0,-4.74,-4.74,-4.74,-4.74,2.0,0.0,6.0,1.0,4.74,4.74,4.74,4.74,2.0,0.0,6.0,1.0,1011.14,1011.45,1011.76,1011.45,2.0,0.64,6.0,1.0,,,,,,,,,,,,,,,,,,,,,,,,,,,,,,,,,,,,,,,,,,,,,,,,,,,,,,,,,,,,,,,,,,,,,,,,,,,,,,,,,,,,,,,,,,,,,,,,,,,,,,,,,,,,,,,,,,,,,,,,,,,,,,,,
1900,10,22810,-71.10000000000002,-25.3,,,,,,,,,,,,,,,,,,,,,,,,,,,,,,,,,1.0,2.6,4.8,3.23,13.0,2.18,20.0,0.6,-1.72,0.0,0.04,-0.4,13.0,0.99,20.0,0.6,0.99,2.6,4.75,3.1,13.0,2.13,20.0,0.6,1014.77,1016.5,1017.38,1016.33,12.0,1.22,22.0,0.6,,,,,,,,,,,,,,,,,,,,,,,,,,,,,,,,,,,,,,,,,,,,,,,,,,,,,,,,,,,,,,,,,,,,,,,,,,,,,,,,,,,,,,,,,,,,,,,,,,,,,,,,,,,,,,,,,,,,,,,,,,,,,,,,
1900,10,22810,-69.69999999999999,14.3,,,,,,,,,,,,,,,,,,,,,,,,,,,,,,,,,7.11,8.0,8.89,8.0,2.0,1.84,6.0,0.0,-6.28,-5.66,-5.03,-5.66,2.0,1.3,6.0,0.0,5.03,5.66,6.28,5.66,2.0,1.3,6.0,0.0,1010.76,1010.9,1011.04,1010.9,2.0,0.28,6.0,0.0,,,,,,,,,,,,,,,,,,,,,,,,,,,,,,,,,,,,,,,,,,,,,,,,,,,,,,,,,,,,,,,,,,,,,,,,,,,,,,,,,,,,,,,,,,,,,,,,,,,,,,,,,,,,,,,,,,,,,,,,,,,,,,,,
1900,10,22810,-69.60000000000002,30.8,,,,,,,,,,,,,,,,,,,,,,,,,,,,,,,,,6.7,6.7,8.47,7.57,3.0,1.5,2.0,0.7,-3.17,-2.51,-0.8,-2.0,3.0,1.8,2.0,0.7,6.37,6.7,8.01,7.18,3.0,1.27,2.0,0.7,1019.08,1021.4,1021.47,1020.3,3.0,1.99,2.0,0.7,,,,,,,,,,,,,,,,,,,,,,,,,,,,,,,,,,,,,,,,,,,,,,,,,,,,,,,,,,,,,,,,,,,,,,,,,,,,,,,,,,,,,,,,,,,,,,,,,,,,,,,,,,,,,,,,,,,,,,,,,,,,,,,,
1900,10,22810,-69.5,-59.2,,,,,,,,,,,,,,,,,,,,,,,,,,,,,,,,,7.69,19.0,22.6,16.26,16.0,7.73,18.0,0.4,6.19,17.49,20.8,14.57,16.0,7.43,18.0,0.4,-8.83,-8.06,-3.63,-6.85,16.0,3.14,18.0,0.4,985.08,985.9,986.72,985.9,2.0,1.7,8.0,0.0,,,,,,,,,,,,,,,,,,,,,,,,,,,,,,,,,,,,,,,,,,,,,,,,,,,,,,,,,,,,,,,,,,,,,,,,,,,,,,,,,,,,,,,,,,,,,,,,,,,,,,,,,,,,,,,,,,,,,,,,,,,,,,,,
1900,10,22810,-69.5,24.0,,,,,,,,,,,,,,,,,,,,,,,,,,,,,,,,,4.93,5.65,6.37,5.65,2.0,1.48,2.0,0.0,-3.47,-0.74,1.98,-0.74,2.0,5.65,2.0,0.0,3.49,4.0,4.5,4.0,2.0,1.05,2.0,0.0,1014.74,1015.05,1015.36,1015.05,2.0,0.64,2.0,0.0,,,,,,,,,,,,,,,,,,,,,,,,,,,,,,,,,,,,,,,,,,,,,,,,,,,,,,,,,,,,,,,,,,,,,,,,,,,,,,,,,,,,,,,,,,,,,,,,,,,,,,,,,,,,,,,,,,,,,,,,,,,,,,,,
1900,10,22810,-69.5,40.3,,,,,,,,,,,,,,,,,,,,,,,,,,,,,,,,,2.6,4.6,6.7,4.91,18.0,1.99,20.0,0.8,-5.09,-2.51,2.8,-1.73,18.0,4.18,20.0,0.8,-2.73,-0.97,1.24,-0.63,18.0,2.91,20.0,0.8,1015.0,1024.65,1028.31,1023.07,18.0,6.08,20.0,0.8,,,,,,,,,,,,,,,,,,,,,,,,,,,,,,,,,,,,,,,,,,,,,,,,,,,,,,,,,,,,,,,,,,,,,,,,,,,,,,,,,,,,,,,,,,,,,,,,,,,,,,,,,,,,,,,,,,,,,,,,,,,,,,,,
1900,10,22810,-69.39999999999998,34.4,,,,,,,,,,,,,,,,,,,,,,,,,,,,,,,,,5.17,9.3,11.49,7.94,9.0,3.64,18.0,0.3,-3.48,-1.72,2.65,-0.82,9.0,3.26,18.0,0.3,-8.62,-1.0,8.06,-0.56,9.0,8.52,18.0,0.3,1017.51,1018.7,1019.05,1018.3,4.0,1.11,14.0,0.3,,,,,,,,,,,,,,,,,,,,,,,,,,,,,,,,,,,,,,,,,,,,,,,,,,,,,,,,,,,,,,,,,,,,,,,,,,,,,,,,,,,,,,,,,,,,,,,,,,,,,,,,,,,,,,,,,,,,,,,,,,,,,,,,
1900,10,22810,-69.39999999999998,36.7,,,,,,,,,,,,,,,,,,,,,,,,,,,,,,,,,4.09,4.6,6.7,5.01,12.0,1.83,8.0,0.5,-4.46,-3.39,-1.94,-3.48,12.0,1.52,8.0,0.5,-4.25,-3.1,0.46,-2.46,12.0,2.93,8.0,0.5,1016.7,1016.9,1017.42,1017.05,4.0,0.53,6.0,0.5,,,,,,,,,,,,,,,,,,,,,,,,,,,,,,,,,,,,,,,,,,,,,,,,,,,,,,,,,,,,,,,,,,,,,,,,,,,,,,,,,,,,,,,,,,,,,,,,,,,,,,,,,,,,,,,,,,,,,,,,,,,,,,,,
1900,10,22810,-69.39999999999998,38.4,,,,,,,,,,,,,,,,,,,,,,,,,,,,,,,,,2.52,2.6,6.7,3.83,7.0,2.22,26.0,0.4,-2.69,1.0,2.6,-0.25,7.0,3.41,26.0,0.4,-4.36,0.0,0.0,-1.82,7.0,2.54,26.0,0.4,1012.7,1014.3,1016.09,1014.59,7.0,1.95,26.0,0.4,,,,,,,,,,,,,,,,,,,,,,,,,,,,,,,,,,,,,,,,,,,,,,,,,,,,,,,,,,,,,,,,,,,,,,,,,,,,,,,,,,,,,,,,,,,,,,,,,,,,,,,,,,,,,,,,,,,,,,,,,,,,,,,,
1900,10,22810,-69.30000000000001,-57.3,,,,,,,,,,,,,,,,,,,,,,,,,,,,,,,,,6.7,9.3,15.4,11.06,64.0,5.5,14.0,0.6,-8.56,-1.09,7.12,-0.79,64.0,8.35,14.0,0.6,-11.4,-3.63,6.7,-2.8,64.0,8.74,14.0,0.6,985.41,992.5,998.19,992.64,39.0,7.95,12.0,0.6,,,,,,,,,,,,,,,,,,,,,,,,,,,,,,,,,,,,,,,,,,,,,,,,,,,,,,,,,,,,,,,,,,,,,,,,,,,,,,,,,,,,,,,,,,,,,,,,,,,,,,,,,,,,,,,,,,,,,,,,,,,,,,,,
1900,10,22810,-67.5,36.5,,,,,,,,,,,,,,,,,,,,,,,,,,,,,,,,,1.0,2.6,2.6,2.46,14.0,1.6,6.0,0.5,-1.99,-1.43,-0.72,-1.78,14.0,1.47,6.0,0.5,-1.83,-0.79,1.7,-0.49,14.0,1.81,6.0,0.5,1015.85,1016.2,1016.42,1016.16,5.0,0.43,6.0,0.4,,,,,,,,,,,,,,,,,,,,,,,,,,,,,,,,,,,,,,,,,,,,,,,,,,,,,,,,,,,,,,,,,,,,,,,,,,,,,,,,,,,,,,,,,,,,,,,,,,,,,,,,,,,,,,,,,,,,,,,,,,,,,,,,
1900,10,22810,-67.5,38.5,,,,,,,,,,,,,,,,,,,,,,,,,,,,,,,,,5.82,8.45,11.08,8.45,2.0,5.44,30.0,0.5,-4.39,-3.93,-3.47,-3.93,2.0,0.96,30.0,0.5,-10.11,-7.33,-4.55,-7.33,2.0,5.76,30.0,0.5,1012.72,1013.4,1014.08,1013.4,2.0,1.41,30.0,0.5,,,,,,,,,,,,,,,,,,,,,,,,,,,,,,,,,,,,,,,,,,,,,,,,,,,,,,,,,,,,,,,,,,,,,,,,,,,,,,,,,,,,,,,,,,,,,,,,,,,,,,,,,,,,,,,,,,,,,,,,,,,,,,,,
1900,10,22810,-67.5,40.5,,,,,,,,,,,,,,,,,,,,,,,,,,,,,,,,,4.6,4.6,7.36,5.74,12.0,2.04,16.0,0.8,-4.35,1.76,5.13,0.85,12.0,5.0,16.0,0.8,-2.96,0.0,1.08,-0.64,12.0,3.73,16.0,0.8,1015.07,1021.7,1025.53,1020.26,12.0,5.29,16.0,0.8,,,,,,,,,,,,,,,,,,,,,,,,,,,,,,,,,,,,,,,,,,,,,,,,,,,,,,,,,,,,,,,,,,,,,,,,,,,,,,,,,,,,,,,,,,,,,,,,,,,,,,,,,,,,,,,,,,,,,,,,,,,,,,,,
1900,10,22810,-67.39999999999998,32.3,,,,,,,,,,,,,,,,,,,,,,,,,,,,,,,,,9.3,9.3,9.3,9.3,3.0,0.0,2.0,0.7,0.0,0.0,0.0,0.0,3.0,0.0,2.0,0.7,9.3,9.3,9.3,9.3,3.0,0.0,2.0,0.7,1019.26,1019.4,1019.74,1019.5,3.0,0.36,2.0,0.7,,,,,,,,,,,,,,,,,,,,,,,,,,,,,,,,,,,,,,,,,,,,,,,,,,,,,,,,,,,,,,,,,,,,,,,,,,,,,,,,,,,,,,,,,,,,,,,,,,,,,,,,,,,,,,,,,,,,,,,,,,,,,,,,
1900,10,22810,-67.30000000000001,34.4,,,,,,,,,,,,,,,,,,,,,,,,,,,,,,,,,4.6,4.6,15.06,8.01,8.0,5.39,14.0,0.6,-4.13,-1.78,0.0,-1.91,8.0,1.84,14.0,0.6,-15.06,1.8,3.1,-3.77,8.0,8.87,14.0,0.6,1018.43,1018.7,1019.45,1018.93,3.0,0.78,14.0,1.0,,,,,,,,,,,,,,,,,,,,,,,,,,,,,,,,,,,,,,,,,,,,,,,,,,,,,,,,,,,,,,,,,,,,,,,,,,,,,,,,,,,,,,,,,,,,,,,,,,,,,,,,,,,,,,,,,,,,,,,,,,,,,,,,
1900,10,22810,-67.19999999999999,-57.2,,,,,,,,,,,,,,,,,,,,,,,,,,,,,,,,,4.6,9.3,19.0,11.2,101.0,5.97,16.0,0.5,-6.58,3.48,13.44,3.45,101.0,9.19,16.0,0.5,-8.7,2.39,8.62,0.98,101.0,8.06,16.0,0.5,987.7,992.0,1003.32,994.4,59.0,8.98,12.0,0.5,,,,,,,,,,,,,,,,,,,,,,,,,,,,,,,,,,,,,,,,,,,,,,,,,,,,,,,,,,,,,,,,,,,,,,,,,,,,,,,,,,,,,,,,,,,,,,,,,,,,,,,,,,,,,,,,,,,,,,,,,,,,,,,,
1900,10,22810,-67.10000000000002,-55.5,,,,,,,,,,,,,,,,,,,,,,,,,,,,,,,,,3.87,6.7,9.3,6.5,5.0,2.94,14.0,0.2,2.31,2.62,3.63,2.86,5.0,0.78,14.0,0.2,-8.56,-6.17,-2.69,-5.5,5.0,3.57,14.0,0.2,989.1,989.1,989.1,989.1,1.0,0.0,6.0,1.0,,,,,,,,,,,,,,,,,,,,,,,,,,,,,,,,,,,,,,,,,,,,,,,,,,,,,,,,,,,,,,,,,,,,,,,,,,,,,,,,,,,,,,,,,,,,,,,,,,,,,,,,,,,,,,,,,,,,,,,,,,,,,,,,
1900,10,22810,-67.0,-53.4,,,,,,,,,,,,,,,,,,,,,,,,,,,,,,,,,1.0,4.6,9.44,5.34,7.0,4.15,14.0,0.3,-4.23,0.0,8.73,1.26,7.0,5.59,14.0,0.3,-1.8,0.71,4.8,1.63,7.0,3.79,14.0,0.3,1004.99,1008.1,1012.4,1008.79,7.0,4.14,14.0,0.3,,,,,,,,,,,,,,,,,,,,,,,,,,,,,,,,,,,,,,,,,,,,,,,,,,,,,,,,,,,,,,,,,,,,,,,,,,,,,,,,,,,,,,,,,,,,,,,,,,,,,,,,,,,,,,,,,,,,,,,,,,,,,,,,
1900,10,22810,-67.0,-51.2,,,,,,,,,,,,,,,,,,,,,,,,,,,,,,,,,1.0,2.6,4.6,3.08,9.0,2.2,24.0,0.6,-1.83,-0.93,0.71,-0.32,9.0,2.9,24.0,0.6,-1.45,0.0,3.74,0.64,9.0,2.55,24.0,0.6,1001.22,1016.7,1019.07,1010.23,9.0,12.97,24.0,0.6,,,,,,,,,,,,,,,,,,,,,,,,,,,,,,,,,,,,,,,,,,,,,,,,,,,,,,,,,,,,,,,,,,,,,,,,,,,,,,,,,,,,,,,,,,,,,,,,,,,,,,,,,,,,,,,,,,,,,,,,,,,,,,,,
1900,10,22810,-65.5,32.5,,,,,,,,,,,,,,,,,,,,,,,,,,,,,,,,,5.6,6.7,6.7,6.18,4.0,1.05,2.0,0.3,-2.14,-0.86,0.0,-1.06,4.0,1.26,2.0,0.3,5.19,6.46,6.7,5.97,4.0,1.16,2.0,0.3,1017.62,1019.0,1020.01,1018.83,4.0,1.44,2.0,0.3,,,,,,,,,,,,,,,,,,,,,,,,,,,,,,,,,,,,,,,,,,,,,,,,,,,,,,,,,,,,,,,,,,,,,,,,,,,,,,,,,,,,,,,,,,,,,,,,,,,,,,,,,,,,,,,,,,,,,,,,,,,,,,,,
1900,10,22810,-65.5,36.3,,,,,,,,,,,,,,,,,,,,,,,,,,,,,,,,,3.68,4.6,9.3,5.63,17.0,2.56,8.0,0.5,-8.56,-4.6,-2.44,-5.17,17.0,2.56,8.0,0.5,-2.39,-0.87,1.71,-0.56,17.0,2.21,8.0,0.5,1016.59,1017.5,1017.85,1017.25,11.0,0.7,8.0,0.5,,,,,,,,,,,,,,,,,,,,,,,,,,,,,,,,,,,,,,,,,,,,,,,,,,,,,,,,,,,,,,,,,,,,,,,,,,,,,,,,,,,,,,,,,,,,,,,,,,,,,,,,,,,,,,,,,,,,,,,,,,,,,,,,
1900,10,22810,-65.5,40.7,,,,,,,,,,,,,,,,,,,,,,,,,,,,,,,,,5.4,6.7,9.3,7.47,16.0,3.06,16.0,0.2,-8.56,-0.84,7.0,-0.88,16.0,7.31,16.0,0.2,-3.11,0.0,3.63,0.4,16.0,3.8,16.0,0.2,1017.07,1021.7,1023.85,1020.31,16.0,4.53,16.0,0.2,,,,,,,,,,,,,,,,,,,,,,,,,,,,,,,,,,,,,,,,,,,,,,,,,,,,,,,,,,,,,,,,,,,,,,,,,,,,,,,,,,,,,,,,,,,,,,,,,,,,,,,,,,,,,,,,,,,,,,,,,,,,,,,,
1900,10,22810,-65.30000000000001,-55.3,,,,,,,,,,,,,,,,,,,,,,,,,,,,,,,,,1.0,4.6,9.3,5.45,62.0,5.16,14.0,0.5,-0.31,2.41,6.18,3.12,62.0,4.96,14.0,0.5,-3.25,0.0,3.25,0.26,62.0,4.71,14.0,0.5,991.95,1007.8,1011.01,1002.94,33.0,8.33,12.0,0.5,,,,,,,,,,,,,,,,,,,,,,,,,,,,,,,,,,,,,,,,,,,,,,,,,,,,,,,,,,,,,,,,,,,,,,,,,,,,,,,,,,,,,,,,,,,,,,,,,,,,,,,,,,,,,,,,,,,,,,,,,,,,,,,,
1900,10,22810,-65.30000000000001,-53.3,,,,,,,,,,,,,,,,,,,,,,,,,,,,,,,,,2.6,4.6,9.3,5.55,75.0,3.37,14.0,0.5,-2.45,1.84,6.58,2.07,75.0,4.41,14.0,0.5,-0.26,1.84,6.21,2.24,75.0,3.7,14.0,0.5,993.1,1005.4,1009.61,1002.31,29.0,8.58,14.0,0.6,,,,,,,,,,,,,,,,,,,,,,,,,,,,,,,,,,,,,,,,,,,,,,,,,,,,,,,,,,,,,,,,,,,,,,,,,,,,,,,,,,,,,,,,,,,,,,,,,,,,,,,,,,,,,,,,,,,,,,,,,,,,,,,,
1900,10,22810,-65.30000000000001,34.3,,,,,,,,,,,,,,,,,,,,,,,,,,,,,,,,,1.0,4.6,10.97,5.43,29.0,5.36,16.0,0.4,-2.36,2.39,7.12,2.52,29.0,4.7,16.0,0.4,-1.72,0.0,1.8,0.65,29.0,5.5,16.0,0.4,1017.08,1017.9,1018.24,1017.67,3.0,0.87,14.0,0.0,,,,,,,,,,,,,,,,,,,,,,,,,,,,,,,,,,,,,,,,,,,,,,,,,,,,,,,,,,,,,,,,,,,,,,,,,,,,,,,,,,,,,,,,,,,,,,,,,,,,,,,,,,,,,,,,,,,,,,,,,,,,,,,,
1900,10,22810,-65.19999999999999,-57.2,,,,,,,,,,,,,,,,,,,,,,,,,,,,,,,,,2.6,6.7,12.3,7.3,66.0,4.3,16.0,0.5,-2.58,1.84,9.07,2.58,66.0,5.87,16.0,0.5,-4.7,0.0,6.46,0.5,66.0,5.59,16.0,0.5,983.37,996.7,1011.93,997.66,43.0,12.24,12.0,0.5,,,,,,,,,,,,,,,,,,,,,,,,,,,,,,,,,,,,,,,,,,,,,,,,,,,,,,,,,,,,,,,,,,,,,,,,,,,,,,,,,,,,,,,,,,,,,,,,,,,,,,,,,,,,,,,,,,,,,,,,,,,,,,,,
1900,10,22810,-65.19999999999999,-51.3,,,,,,,,,,,,,,,,,,,,,,,,,,,,,,,,,1.0,4.6,6.7,4.26,73.0,3.02,12.0,0.5,-0.88,1.84,6.17,2.22,73.0,3.76,12.0,0.5,-1.82,0.93,3.25,0.75,73.0,2.79,12.0,0.5,986.19,992.4,1004.32,994.77,32.0,9.92,10.0,0.4,,,,,,,,,,,,,,,,,,,,,,,,,,,,,,,,,,,,,,,,,,,,,,,,,,,,,,,,,,,,,,,,,,,,,,,,,,,,,,,,,,,,,,,,,,,,,,,,,,,,,,,,,,,,,,,,,,,,,,,,,,,,,,,,
1900,10,22810,-65.19999999999999,38.3,,,,,,,,,,,,,,,,,,,,,,,,,,,,,,,,,11.14,13.85,19.0,14.12,6.0,4.71,30.0,0.5,-13.44,-9.79,-7.88,-9.98,6.0,3.33,30.0,0.5,-13.44,-9.79,-7.88,-9.98,6.0,3.33,30.0,0.5,1015.22,1022.55,1025.37,1020.9,6.0,5.56,30.0,0.5,,,,,,,,,,,,,,,,,,,,,,,,,,,,,,,,,,,,,,,,,,,,,,,,,,,,,,,,,,,,,,,,,,,,,,,,,,,,,,,,,,,,,,,,,,,,,,,,,,,,,,,,,,,,,,,,,,,,,,,,,,,,,,,,
1900,10,22810,-65.0,-49.4,,,,,,,,,,,,,,,,,,,,,,,,,,,,,,,,,1.0,4.6,12.3,6.96,40.0,5.82,18.0,0.6,-1.01,1.4,11.4,4.15,40.0,6.41,18.0,0.6,-6.86,0.0,2.41,-1.22,40.0,4.83,18.0,0.6,993.42,1005.2,1018.68,1005.82,30.0,11.59,20.0,0.6,,,,,,,,,,,,,,,,,,,,,,,,,,,,,,,,,,,,,,,,,,,,,,,,,,,,,,,,,,,,,,,,,,,,,,,,,,,,,,,,,,,,,,,,,,,,,,,,,,,,,,,,,,,,,,,,,,,,,,,,,,,,,,,,
1900,10,22810,-65.0,-47.2,,,,,,,,,,,,,,,,,,,,,,,,,,,,,,,,,2.6,2.6,3.01,2.93,6.0,0.82,26.0,0.5,2.1,2.51,3.01,2.6,6.0,1.16,26.0,0.5,-0.2,0.0,1.3,0.41,6.0,1.17,26.0,0.5,1020.43,1022.75,1023.64,1022.12,6.0,1.88,26.0,0.5,,,,,,,,,,,,,,,,,,,,,,,,,,,,,,,,,,,,,,,,,,,,,,,,,,,,,,,,,,,,,,,,,,,,,,,,,,,,,,,,,,,,,,,,,,,,,,,,,,,,,,,,,,,,,,,,,,,,,,,,,,,,,,,,
1900,10,22810,-63.69999999999999,36.7,,,,,,,,,,,,,,,,,,,,,,,,,,,,,,,,,9.3,12.3,15.4,11.9,7.0,2.74,8.0,0.6,-14.19,-11.56,-8.73,-11.11,7.0,2.54,8.0,0.6,3.18,4.21,5.3,4.24,7.0,1.07,8.0,0.6,1018.18,1019.0,1020.08,1019.1,5.0,1.06,8.0,0.6,,,,,,,,,,,,,,,,,,,,,,,,,,,,,,,,,,,,,,,,,,,,,,,,,,,,,,,,,,,,,,,,,,,,,,,,,,,,,,,,,,,,,,,,,,,,,,,,,,,,,,,,,,,,,,,,,,,,,,,,,,,,,,,,
1900,10,22810,-63.60000000000002,-51.3,,,,,,,,,,,,,,,,,,,,,,,,,,,,,,,,,4.41,4.6,15.4,7.94,13.0,5.31,8.0,0.5,-3.58,3.25,14.18,3.2,13.0,7.76,8.0,0.5,-0.23,3.25,6.02,1.59,13.0,4.74,8.0,0.5,987.32,987.7,988.46,988.05,6.0,1.29,2.0,0.5,,,,,,,,,,,,,,,,,,,,,,,,,,,,,,,,,,,,,,,,,,,,,,,,,,,,,,,,,,,,,,,,,,,,,,,,,,,,,,,,,,,,,,,,,,,,,,,,,,,,,,,,,,,,,,,,,,,,,,,,,,,,,,,,
1900,10,22810,-63.5,-53.4,,,,,,,,,,,,,,,,,,,,,,,,,,,,,,,,,4.6,9.3,22.6,11.52,19.0,7.92,8.0,0.5,3.25,8.7,15.98,9.23,19.0,7.09,8.0,0.5,-1.74,2.62,9.74,3.96,19.0,6.79,8.0,0.5,986.95,1001.25,1005.0,998.24,14.0,8.04,4.0,0.6,,,,,,,,,,,,,,,,,,,,,,,,,,,,,,,,,,,,,,,,,,,,,,,,,,,,,,,,,,,,,,,,,,,,,,,,,,,,,,,,,,,,,,,,,,,,,,,,,,,,,,,,,,,,,,,,,,,,,,,,,,,,,,,,
1900,10,22810,-63.5,40.8,,,,,,,,,,,,,,,,,,,,,,,,,,,,,,,,,3.46,6.95,9.3,6.29,10.0,3.45,16.0,0.3,-3.91,0.0,7.29,0.88,10.0,5.9,16.0,0.3,0.0,1.37,6.49,2.61,10.0,3.55,16.0,0.3,1016.91,1021.55,1024.1,1020.66,10.0,3.8,16.0,0.3,,,,,,,,,,,,,,,,,,,,,,,,,,,,,,,,,,,,,,,,,,,,,,,,,,,,,,,,,,,,,,,,,,,,,,,,,,,,,,,,,,,,,,,,,,,,,,,,,,,,,,,,,,,,,,,,,,,,,,,,,,,,,,,,
1900,10,22810,-63.5,42.3,,,,,,,,,,,,,,,,,,,,,,,,,,,,,,,,,4.19,8.0,9.92,7.47,6.0,3.54,16.0,0.7,-6.6,-3.22,1.8,-1.84,6.0,5.8,16.0,0.7,-1.92,0.92,7.01,1.3,6.0,6.3,16.0,0.7,1019.17,1022.2,1023.58,1021.87,6.0,2.8,16.0,0.7,,,,,,,,,,,,,,,,,,,,,,,,,,,,,,,,,,,,,,,,,,,,,,,,,,,,,,,,,,,,,,,,,,,,,,,,,,,,,,,,,,,,,,,,,,,,,,,,,,,,,,,,,,,,,,,,,,,,,,,,,,,,,,,,
1900,10,22810,-63.39999999999998,-57.1,,,,,,,,,,,,,,,,,,,,,,,,,,,,,,,,,2.6,6.7,11.54,8.74,53.0,7.53,20.0,0.5,0.0,4.74,8.61,6.56,53.0,7.67,20.0,0.5,-2.04,2.62,5.84,2.38,53.0,5.09,20.0,0.5,996.6,1009.1,1016.25,1007.14,27.0,10.51,16.0,0.5,,,,,,,,,,,,,,,,,,,,,,,,,,,,,,,,,,,,,,,,,,,,,,,,,,,,,,,,,,,,,,,,,,,,,,,,,,,,,,,,,,,,,,,,,,,,,,,,,,,,,,,,,,,,,,,,,,,,,,,,,,,,,,,,
1900,10,22810,-63.39999999999998,-55.4,,,,,,,,,,,,,,,,,,,,,,,,,,,,,,,,,1.0,4.6,12.3,7.1,82.0,5.87,16.0,0.5,-1.69,2.6,9.53,3.79,82.0,6.7,16.0,0.5,-1.82,0.2,7.42,1.65,82.0,4.82,16.0,0.5,995.05,1004.45,1014.43,1004.13,56.0,9.54,16.0,0.4,,,,,,,,,,,,,,,,,,,,,,,,,,,,,,,,,,,,,,,,,,,,,,,,,,,,,,,,,,,,,,,,,,,,,,,,,,,,,,,,,,,,,,,,,,,,,,,,,,,,,,,,,,,,,,,,,,,,,,,,,,,,,,,,
1900,10,22810,-63.39999999999998,-49.3,,,,,,,,,,,,,,,,,,,,,,,,,,,,,,,,,4.6,6.7,12.3,8.14,24.0,3.86,10.0,0.5,-2.51,4.43,8.7,3.86,24.0,4.86,10.0,0.5,-9.46,-3.61,1.3,-3.67,24.0,5.55,10.0,0.5,991.26,995.5,1000.78,996.36,17.0,5.31,10.0,0.5,,,,,,,,,,,,,,,,,,,,,,,,,,,,,,,,,,,,,,,,,,,,,,,,,,,,,,,,,,,,,,,,,,,,,,,,,,,,,,,,,,,,,,,,,,,,,,,,,,,,,,,,,,,,,,,,,,,,,,,,,,,,,,,,
1900,10,22810,-63.39999999999998,34.5,,,,,,,,,,,,,,,,,,,,,,,,,,,,,,,,,2.73,4.6,9.3,5.88,14.0,3.03,12.0,0.6,-3.16,2.39,3.48,1.47,14.0,3.64,12.0,0.6,-4.17,-1.02,8.49,0.96,14.0,5.46,12.0,0.6,1014.72,1015.4,1015.67,1015.2,3.0,0.72,12.0,1.0,,,,,,,,,,,,,,,,,,,,,,,,,,,,,,,,,,,,,,,,,,,,,,,,,,,,,,,,,,,,,,,,,,,,,,,,,,,,,,,,,,,,,,,,,,,,,,,,,,,,,,,,,,,,,,,,,,,,,,,,,,,,,,,,
1900,10,22810,-63.30000000000001,-47.3,,,,,,,,,,,,,,,,,,,,,,,,,,,,,,,,,4.6,6.7,12.3,8.12,53.0,3.48,16.0,0.4,-3.48,3.25,6.7,2.22,53.0,4.83,16.0,0.4,-8.61,0.0,5.81,-0.77,53.0,7.09,16.0,0.4,991.94,1001.0,1017.6,1004.88,35.0,10.61,18.0,0.4,,,,,,,,,,,,,,,,,,,,,,,,,,,,,,,,,,,,,,,,,,,,,,,,,,,,,,,,,,,,,,,,,,,,,,,,,,,,,,,,,,,,,,,,,,,,,,,,,,,,,,,,,,,,,,,,,,,,,,,,,,,,,,,,
1900,10,22810,-63.30000000000001,38.0,,,,,,,,,,,,,,,,,,,,,,,,,,,,,,,,,7.53,9.3,9.3,8.43,3.0,1.5,16.0,0.7,-8.52,-8.05,-5.79,-7.18,3.0,2.14,16.0,0.7,-2.22,3.18,4.18,1.03,3.0,5.05,16.0,0.7,1020.33,1020.4,1024.63,1022.43,3.0,3.61,16.0,0.7,,,,,,,,,,,,,,,,,,,,,,,,,,,,,,,,,,,,,,,,,,,,,,,,,,,,,,,,,,,,,,,,,,,,,,,,,,,,,,,,,,,,,,,,,,,,,,,,,,,,,,,,,,,,,,,,,,,,,,,,,,,,,,,,
1900,10,22810,-63.10000000000002,-45.4,,,,,,,,,,,,,,,,,,,,,,,,,,,,,,,,,2.6,5.65,6.7,5.38,22.0,3.42,24.0,0.6,-1.54,0.0,4.23,0.9,22.0,3.13,24.0,0.6,-5.69,0.0,4.57,0.02,22.0,5.6,24.0,0.6,1004.03,1011.1,1016.87,1011.16,13.0,5.57,26.0,0.5,,,,,,,,,,,,,,,,,,,,,,,,,,,,,,,,,,,,,,,,,,,,,,,,,,,,,,,,,,,,,,,,,,,,,,,,,,,,,,,,,,,,,,,,,,,,,,,,,,,,,,,,,,,,,,,,,,,,,,,,,,,,,,,,
1900,10,22810,-61.69999999999999,40.8,,,,,,,,,,,,,,,,,,,,,,,,,,,,,,,,,3.55,5.65,8.06,5.8,4.0,2.87,16.0,1.0,-5.46,-3.31,2.37,-1.63,4.0,5.81,16.0,1.0,0.48,1.41,4.3,2.35,4.0,2.91,16.0,1.0,1021.49,1023.2,1024.75,1023.13,4.0,1.88,16.0,1.0,,,,,,,,,,,,,,,,,,,,,,,,,,,,,,,,,,,,,,,,,,,,,,,,,,,,,,,,,,,,,,,,,,,,,,,,,,,,,,,,,,,,,,,,,,,,,,,,,,,,,,,,,,,,,,,,,,,,,,,,,,,,,,,,
1900,10,22810,-61.5,-47.1,,,,,,,,,,,,,,,,,,,,,,,,,,,,,,,,,6.7,9.3,11.49,8.81,9.0,2.32,16.0,0.6,-3.83,6.17,10.65,4.3,9.0,6.84,16.0,0.6,-5.75,0.0,3.25,-0.46,9.0,4.99,16.0,0.6,1002.67,1006.9,1008.33,1005.53,3.0,4.32,22.0,0.7,,,,,,,,,,,,,,,,,,,,,,,,,,,,,,,,,,,,,,,,,,,,,,,,,,,,,,,,,,,,,,,,,,,,,,,,,,,,,,,,,,,,,,,,,,,,,,,,,,,,,,,,,,,,,,,,,,,,,,,,,,,,,,,,
1900,10,22810,-61.39999999999998,34.2,,,,,,,,,,,,,,,,,,,,,,,,,,,,,,,,,1.0,2.6,4.9,3.04,19.0,2.11,10.0,0.5,-2.44,-0.39,2.4,-0.35,19.0,2.08,10.0,0.5,-0.98,0.0,4.82,1.33,19.0,2.81,10.0,0.5,1012.51,1013.0,1015.66,1014.1,5.0,2.76,10.0,0.2,,,,,,,,,,,,,,,,,,,,,,,,,,,,,,,,,,,,,,,,,,,,,,,,,,,,,,,,,,,,,,,,,,,,,,,,,,,,,,,,,,,,,,,,,,,,,,,,,,,,,,,,,,,,,,,,,,,,,,,,,,,,,,,,
1900,10,22810,-61.39999999999998,38.5,,,,,,,,,,,,,,,,,,,,,,,,,,,,,,,,,7.81,9.3,11.02,9.38,10.0,1.87,10.0,0.5,-9.92,-7.32,-5.35,-7.4,10.0,2.58,10.0,0.5,4.65,4.77,6.58,5.28,10.0,1.64,10.0,0.5,1018.5,1018.65,1019.38,1018.93,4.0,0.73,10.0,0.5,,,,,,,,,,,,,,,,,,,,,,,,,,,,,,,,,,,,,,,,,,,,,,,,,,,,,,,,,,,,,,,,,,,,,,,,,,,,,,,,,,,,,,,,,,,,,,,,,,,,,,,,,,,,,,,,,,,,,,,,,,,,,,,,
1900,10,22810,-61.39999999999998,42.3,,,,,,,,,,,,,,,,,,,,,,,,,,,,,,,,,0.9,4.6,6.95,3.79,13.0,3.23,14.0,0.8,-2.07,0.0,1.15,-0.29,13.0,2.9,14.0,0.8,-4.72,0.0,0.71,-1.32,13.0,3.95,14.0,0.8,1013.06,1024.5,1026.33,1021.18,13.0,6.46,14.0,0.8,,,,,,,,,,,,,,,,,,,,,,,,,,,,,,,,,,,,,,,,,,,,,,,,,,,,,,,,,,,,,,,,,,,,,,,,,,,,,,,,,,,,,,,,,,,,,,,,,,,,,,,,,,,,,,,,,,,,,,,,,,,,,,,,
1900,10,22810,-61.30000000000001,-57.0,,,,,,,,,,,,,,,,,,,,,,,,,,,,,,,,,6.7,9.3,22.6,11.23,16.0,6.96,24.0,0.6,0.96,6.58,20.8,8.22,16.0,8.07,24.0,0.6,0.68,6.39,8.83,4.53,16.0,4.88,24.0,0.6,990.67,995.35,999.82,995.25,4.0,5.29,14.0,1.0,,,,,,,,,,,,,,,,,,,,,,,,,,,,,,,,,,,,,,,,,,,,,,,,,,,,,,,,,,,,,,,,,,,,,,,,,,,,,,,,,,,,,,,,,,,,,,,,,,,,,,,,,,,,,,,,,,,,,,,,,,,,,,,,
1900,10,22810,-61.30000000000001,-55.3,,,,,,,,,,,,,,,,,,,,,,,,,,,,,,,,,2.57,4.6,9.3,5.89,45.0,4.68,20.0,0.5,-1.8,1.72,6.73,2.97,45.0,5.15,20.0,0.5,-2.97,0.71,4.27,0.98,45.0,4.56,20.0,0.5,999.64,1002.7,1009.5,1004.09,30.0,4.64,22.0,0.4,,,,,,,,,,,,,,,,,,,,,,,,,,,,,,,,,,,,,,,,,,,,,,,,,,,,,,,,,,,,,,,,,,,,,,,,,,,,,,,,,,,,,,,,,,,,,,,,,,,,,,,,,,,,,,,,,,,,,,,,,,,,,,,,
1900,10,22810,-61.30000000000001,-49.2,,,,,,,,,,,,,,,,,,,,,,,,,,,,,,,,,2.19,8.0,12.3,8.27,12.0,5.32,18.0,0.3,1.47,6.64,11.57,6.69,12.0,5.38,18.0,0.3,-5.1,-0.2,5.47,0.33,12.0,4.99,18.0,0.3,994.3,994.3,995.67,994.97,3.0,1.15,8.0,0.3,,,,,,,,,,,,,,,,,,,,,,,,,,,,,,,,,,,,,,,,,,,,,,,,,,,,,,,,,,,,,,,,,,,,,,,,,,,,,,,,,,,,,,,,,,,,,,,,,,,,,,,,,,,,,,,,,,,,,,,,,,,,,,,,
1900,10,22810,-61.30000000000001,-45.2,,,,,,,,,,,,,,,,,,,,,,,,,,,,,,,,,4.6,6.7,12.3,7.81,33.0,3.52,18.0,0.5,0.0,4.74,8.62,4.33,33.0,4.23,18.0,0.5,-4.74,-1.84,6.42,-0.47,33.0,6.15,18.0,0.5,1002.97,1006.75,1018.07,1009.38,22.0,6.71,22.0,0.5,,,,,,,,,,,,,,,,,,,,,,,,,,,,,,,,,,,,,,,,,,,,,,,,,,,,,,,,,,,,,,,,,,,,,,,,,,,,,,,,,,,,,,,,,,,,,,,,,,,,,,,,,,,,,,,,,,,,,,,,,,,,,,,,
1900,10,22810,-61.19999999999999,-43.5,,,,,,,,,,,,,,,,,,,,,,,,,,,,,,,,,1.53,6.7,12.3,6.97,22.0,4.63,16.0,0.5,0.0,3.12,8.62,3.42,22.0,3.66,16.0,0.5,-8.7,-3.48,0.0,-3.43,22.0,5.87,16.0,0.5,1003.58,1004.2,1020.63,1009.62,9.0,8.59,18.0,0.2,,,,,,,,,,,,,,,,,,,,,,,,,,,,,,,,,,,,,,,,,,,,,,,,,,,,,,,,,,,,,,,,,,,,,,,,,,,,,,,,,,,,,,,,,,,,,,,,,,,,,,,,,,,,,,,,,,,,,,,,,,,,,,,,
1900,10,22810,-61.19999999999999,10.3,,,,,,,,,,,,,,,,,,,,,,,,,,,,,,,,,9.3,9.3,9.3,9.3,2.0,0.0,16.0,0.0,-9.3,-9.3,-9.3,-9.3,2.0,0.0,16.0,0.0,0.0,0.0,0.0,0.0,2.0,0.0,16.0,0.0,1011.01,1011.25,1011.49,1011.25,2.0,0.49,16.0,0.0,,,,,,,,,,,,,,,,,,,,,,,,,,,,,,,,,,,,,,,,,,,,,,,,,,,,,,,,,,,,,,,,,,,,,,,,,,,,,,,,,,,,,,,,,,,,,,,,,,,,,,,,,,,,,,,,,,,,,,,,,,,,,,,,
1900,10,22810,-61.0,-53.5,,,,,,,,,,,,,,,,,,,,,,,,,,,,,,,,,1.0,1.0,2.09,1.53,3.0,0.92,22.0,0.3,-0.98,-0.93,0.96,-0.03,3.0,1.62,22.0,0.3,0.12,0.37,1.37,0.74,3.0,0.97,22.0,0.3,1000.99,1002.7,1004.07,1002.53,3.0,2.25,22.0,0.3,,,,,,,,,,,,,,,,,,,,,,,,,,,,,,,,,,,,,,,,,,,,,,,,,,,,,,,,,,,,,,,,,,,,,,,,,,,,,,,,,,,,,,,,,,,,,,,,,,,,,,,,,,,,,,,,,,,,,,,,,,,,,,,,
1900,10,22810,-59.60000000000002,10.3,,,,,,,,,,,,,,,,,,,,,,,,,,,,,,,,,1.0,6.7,9.3,4.96,11.0,3.66,24.0,0.5,-8.56,-2.51,-0.92,-4.28,11.0,3.44,24.0,0.5,-1.61,0.0,3.63,0.62,11.0,2.85,24.0,0.5,1010.4,1010.4,1010.4,1010.4,1.0,0.0,16.0,1.0,,,,,,,,,,,,,,,,,,,,,,,,,,,,,,,,,,,,,,,,,,,,,,,,,,,,,,,,,,,,,,,,,,,,,,,,,,,,,,,,,,,,,,,,,,,,,,,,,,,,,,,,,,,,,,,,,,,,,,,,,,,,,,,,
1900,10,22810,-59.5,34.2,,,,,,,,,,,,,,,,,,,,,,,,,,,,,,,,,1.53,4.6,6.7,4.74,22.0,2.61,10.0,0.5,-4.49,0.0,4.6,0.44,22.0,4.35,10.0,0.5,-0.71,0.0,2.55,1.01,22.0,3.18,10.0,0.5,1013.71,1014.8,1015.21,1014.47,3.0,1.14,12.0,0.7,,,,,,,,,,,,,,,,,,,,,,,,,,,,,,,,,,,,,,,,,,,,,,,,,,,,,,,,,,,,,,,,,,,,,,,,,,,,,,,,,,,,,,,,,,,,,,,,,,,,,,,,,,,,,,,,,,,,,,,,,,,,,,,,
1900,10,22810,-59.5,38.8,,,,,,,,,,,,,,,,,,,,,,,,,,,,,,,,,9.18,15.4,22.6,15.93,7.0,6.78,10.0,0.6,-15.98,-14.18,-7.95,-12.38,7.0,4.22,10.0,0.6,4.59,6.15,15.98,9.73,7.0,5.92,10.0,0.6,1016.88,1017.9,1018.24,1017.57,3.0,1.04,10.0,0.7,,,,,,,,,,,,,,,,,,,,,,,,,,,,,,,,,,,,,,,,,,,,,,,,,,,,,,,,,,,,,,,,,,,,,,,,,,,,,,,,,,,,,,,,,,,,,,,,,,,,,,,,,,,,,,,,,,,,,,,,,,,,,,,,
1900,10,22810,-59.5,42.5,,,,,,,,,,,,,,,,,,,,,,,,,,,,,,,,,1.86,4.6,6.7,4.9,17.0,2.78,18.0,0.3,-5.42,0.0,2.85,-0.86,17.0,4.35,18.0,0.3,-4.47,-2.51,0.83,-1.76,17.0,3.2,18.0,0.3,1008.71,1021.8,1027.76,1020.43,17.0,7.77,18.0,0.3,,,,,,,,,,,,,,,,,,,,,,,,,,,,,,,,,,,,,,,,,,,,,,,,,,,,,,,,,,,,,,,,,,,,,,,,,,,,,,,,,,,,,,,,,,,,,,,,,,,,,,,,,,,,,,,,,,,,,,,,,,,,,,,,
1900,10,22810,-59.39999999999998,8.4,,,,,,,,,,,,,,,,,,,,,,,,,,,,,,,,,3.55,5.65,6.7,5.15,4.0,1.97,16.0,0.5,-6.17,-5.2,-3.27,-4.74,4.0,1.81,16.0,0.5,1.39,2.21,2.62,2.01,4.0,0.77,16.0,0.5,1010.09,1010.45,1010.81,1010.45,4.0,0.47,16.0,0.5,,,,,,,,,,,,,,,,,,,,,,,,,,,,,,,,,,,,,,,,,,,,,,,,,,,,,,,,,,,,,,,,,,,,,,,,,,,,,,,,,,,,,,,,,,,,,,,,,,,,,,,,,,,,,,,,,,,,,,,,,,,,,,,,
1900,10,22810,-59.30000000000001,-55.3,,,,,,,,,,,,,,,,,,,,,,,,,,,,,,,,,4.6,6.7,15.4,7.93,31.0,5.45,20.0,0.5,-4.25,2.62,10.89,2.68,31.0,6.89,20.0,0.5,-5.08,1.8,6.15,1.39,31.0,6.13,20.0,0.5,1001.38,1006.9,1012.52,1005.15,26.0,8.65,22.0,0.5,,,,,,,,,,,,,,,,,,,,,,,,,,,,,,,,,,,,,,,,,,,,,,,,,,,,,,,,,,,,,,,,,,,,,,,,,,,,,,,,,,,,,,,,,,,,,,,,,,,,,,,,,,,,,,,,,,,,,,,,,,,,,,,,
1900,10,22810,-59.30000000000001,-53.5,,,,,,,,,,,,,,,,,,,,,,,,,,,,,,,,,1.79,4.6,6.7,4.71,23.0,3.61,20.0,0.5,-5.23,0.0,4.42,0.48,23.0,5.67,20.0,0.5,0.0,1.72,2.51,1.01,23.0,1.67,20.0,0.5,999.3,1005.1,1012.62,1004.84,16.0,7.48,22.0,0.5,,,,,,,,,,,,,,,,,,,,,,,,,,,,,,,,,,,,,,,,,,,,,,,,,,,,,,,,,,,,,,,,,,,,,,,,,,,,,,,,,,,,,,,,,,,,,,,,,,,,,,,,,,,,,,,,,,,,,,,,,,,,,,,,
1900,10,22810,-59.30000000000001,-45.3,,,,,,,,,,,,,,,,,,,,,,,,,,,,,,,,,2.6,6.7,9.3,5.43,26.0,3.1,18.0,0.6,0.68,2.62,4.8,2.72,26.0,2.73,18.0,0.6,-6.17,-2.82,0.08,-2.55,26.0,4.29,18.0,0.6,1002.54,1014.8,1020.23,1012.09,12.0,8.34,22.0,0.7,,,,,,,,,,,,,,,,,,,,,,,,,,,,,,,,,,,,,,,,,,,,,,,,,,,,,,,,,,,,,,,,,,,,,,,,,,,,,,,,,,,,,,,,,,,,,,,,,,,,,,,,,,,,,,,,,,,,,,,,,,,,,,,,
1900,10,22810,-59.30000000000001,-43.1,,,,,,,,,,,,,,,,,,,,,,,,,,,,,,,,,3.58,6.7,9.3,6.67,23.0,3.68,18.0,0.5,0.0,4.27,7.68,3.82,23.0,3.93,18.0,0.5,-5.46,-1.72,3.25,-1.69,23.0,5.13,18.0,0.5,1007.6,1013.0,1020.16,1013.65,15.0,6.23,22.0,0.6,,,,,,,,,,,,,,,,,,,,,,,,,,,,,,,,,,,,,,,,,,,,,,,,,,,,,,,,,,,,,,,,,,,,,,,,,,,,,,,,,,,,,,,,,,,,,,,,,,,,,,,,,,,,,,,,,,,,,,,,,,,,,,,,
1900,10,22810,-59.19999999999999,-47.3,,,,,,,,,,,,,,,,,,,,,,,,,,,,,,,,,5.2,6.7,7.65,6.4,5.0,2.4,8.0,0.4,2.33,3.63,6.7,4.3,5.0,2.28,8.0,0.4,-7.04,-1.84,0.0,-3.31,5.0,3.87,8.0,0.4,1000.9,1001.9,1002.75,1001.74,5.0,1.36,8.0,0.4,,,,,,,,,,,,,,,,,,,,,,,,,,,,,,,,,,,,,,,,,,,,,,,,,,,,,,,,,,,,,,,,,,,,,,,,,,,,,,,,,,,,,,,,,,,,,,,,,,,,,,,,,,,,,,,,,,,,,,,,,,,,,,,,
1900,10,22810,-59.19999999999999,-41.4,,,,,,,,,,,,,,,,,,,,,,,,,,,,,,,,,6.7,6.7,9.3,7.97,13.0,2.01,18.0,0.6,-6.77,-3.48,3.74,-1.79,13.0,5.54,18.0,0.6,-8.57,-4.74,4.31,-3.4,13.0,5.12,18.0,0.6,1002.48,1007.2,1020.05,1010.3,6.0,9.92,20.0,0.7,,,,,,,,,,,,,,,,,,,,,,,,,,,,,,,,,,,,,,,,,,,,,,,,,,,,,,,,,,,,,,,,,,,,,,,,,,,,,,,,,,,,,,,,,,,,,,,,,,,,,,,,,,,,,,,,,,,,,,,,,,,,,,,,
1900,10,22810,-59.19999999999999,-39.5,,,,,,,,,,,,,,,,,,,,,,,,,,,,,,,,,5.35,6.95,8.55,6.95,2.0,3.32,16.0,0.5,-3.45,-3.37,-3.29,-3.37,2.0,0.16,16.0,0.5,-6.74,-2.69,1.37,-2.69,2.0,8.4,16.0,0.5,1025.9,1025.9,1025.9,1025.9,1.0,0.0,18.0,0.0,,,,,,,,,,,,,,,,,,,,,,,,,,,,,,,,,,,,,,,,,,,,,,,,,,,,,,,,,,,,,,,,,,,,,,,,,,,,,,,,,,,,,,,,,,,,,,,,,,,,,,,,,,,,,,,,,,,,,,,,,,,,,,,,
1900,10,22810,-59.19999999999999,40.1,,,,,,,,,,,,,,,,,,,,,,,,,,,,,,,,,13.28,15.4,20.31,16.77,3.0,5.28,12.0,0.3,-15.5,-14.47,-11.86,-13.7,3.0,2.75,12.0,0.3,5.55,6.15,12.86,9.13,3.0,5.95,12.0,0.3,1015.52,1015.55,1015.58,1015.55,2.0,0.07,10.0,0.5,,,,,,,,,,,,,,,,,,,,,,,,,,,,,,,,,,,,,,,,,,,,,,,,,,,,,,,,,,,,,,,,,,,,,,,,,,,,,,,,,,,,,,,,,,,,,,,,,,,,,,,,,,,,,,,,,,,,,,,,,,,,,,,,
1900,10,22810,-57.60000000000002,6.5,,,,,,,,,,,,,,,,,,,,,,,,,,,,,,,,,4.6,4.6,4.6,4.6,4.0,0.0,18.0,0.3,-4.23,-4.23,-4.23,-4.23,4.0,0.0,18.0,0.3,1.8,1.8,1.8,1.8,4.0,0.0,18.0,0.3,1011.79,1012.25,1013.02,1012.4,4.0,0.82,18.0,0.3,,,,,,,,,,,,,,,,,,,,,,,,,,,,,,,,,,,,,,,,,,,,,,,,,,,,,,,,,,,,,,,,,,,,,,,,,,,,,,,,,,,,,,,,,,,,,,,,,,,,,,,,,,,,,,,,,,,,,,,,,,,,,,,,
1900,10,22810,-57.60000000000002,42.7,,,,,,,,,,,,,,,,,,,,,,,,,,,,,,,,,4.6,4.6,6.7,5.41,13.0,1.06,16.0,0.4,-3.39,1.72,3.58,0.28,13.0,4.16,16.0,0.4,-4.31,0.0,3.35,-0.51,13.0,3.89,16.0,0.4,1017.19,1023.6,1029.33,1022.7,13.0,7.36,16.0,0.4,,,,,,,,,,,,,,,,,,,,,,,,,,,,,,,,,,,,,,,,,,,,,,,,,,,,,,,,,,,,,,,,,,,,,,,,,,,,,,,,,,,,,,,,,,,,,,,,,,,,,,,,,,,,,,,,,,,,,,,,,,,,,,,,
1900,10,22810,-57.5,-47.0,,,,,,,,,,,,,,,,,,,,,,,,,,,,,,,,,7.11,8.0,8.89,8.0,2.0,1.84,6.0,1.0,6.27,6.39,6.52,6.39,2.0,0.26,6.0,1.0,-5.93,-4.54,-3.16,-4.54,2.0,2.88,6.0,1.0,1000.68,1000.85,1001.02,1000.85,2.0,0.35,6.0,1.0,,,,,,,,,,,,,,,,,,,,,,,,,,,,,,,,,,,,,,,,,,,,,,,,,,,,,,,,,,,,,,,,,,,,,,,,,,,,,,,,,,,,,,,,,,,,,,,,,,,,,,,,,,,,,,,,,,,,,,,,,,,,,,,,
1900,10,22810,-57.5,40.6,,,,,,,,,,,,,,,,,,,,,,,,,,,,,,,,,10.25,19.0,22.6,16.64,5.0,6.97,12.0,0.6,-7.73,5.13,11.3,2.73,5.0,10.11,12.0,0.6,6.59,12.21,21.24,13.38,5.0,7.7,12.0,0.6,1004.45,1006.0,1009.68,1006.93,9.0,3.06,12.0,0.4,,,,,,,,,,,,,,,,,,,,,,,,,,,,,,,,,,,,,,,,,,,,,,,,,,,,,,,,,,,,,,,,,,,,,,,,,,,,,,,,,,,,,,,,,,,,,,,,,,,,,,,,,,,,,,,,,,,,,,,,,,,,,,,,
1900,10,22810,-57.5,44.3,,,,,,,,,,,,,,,,,,,,,,,,,,,,,,,,,6.7,6.7,6.7,6.7,2.0,0.0,16.0,1.0,4.97,5.47,5.98,5.47,2.0,1.04,16.0,1.0,-3.59,-1.11,1.36,-1.11,2.0,5.12,16.0,1.0,1006.3,1007.8,1009.3,1007.8,2.0,3.11,16.0,1.0,,,,,,,,,,,,,,,,,,,,,,,,,,,,,,,,,,,,,,,,,,,,,,,,,,,,,,,,,,,,,,,,,,,,,,,,,,,,,,,,,,,,,,,,,,,,,,,,,,,,,,,,,,,,,,,,,,,,,,,,,,,,,,,,
1900,10,22810,-57.39999999999998,-55.2,,,,,,,,,,,,,,,,,,,,,,,,,,,,,,,,,4.09,6.7,13.09,8.09,12.0,4.71,18.0,0.5,-7.21,0.93,7.12,0.14,12.0,7.08,18.0,0.5,1.17,2.73,9.25,4.45,12.0,4.69,18.0,0.5,984.48,998.7,1014.2,997.25,11.0,12.86,20.0,0.5,,,,,,,,,,,,,,,,,,,,,,,,,,,,,,,,,,,,,,,,,,,,,,,,,,,,,,,,,,,,,,,,,,,,,,,,,,,,,,,,,,,,,,,,,,,,,,,,,,,,,,,,,,,,,,,,,,,,,,,,,,,,,,,,
1900,10,22810,-57.39999999999998,34.3,,,,,,,,,,,,,,,,,,,,,,,,,,,,,,,,,4.6,6.7,9.3,6.93,11.0,2.64,10.0,0.4,-6.7,-4.27,0.38,-3.12,11.0,4.0,10.0,0.4,0.0,4.23,7.42,4.05,11.0,3.88,10.0,0.4,1017.77,1019.0,1019.55,1018.67,3.0,1.33,10.0,0.3,,,,,,,,,,,,,,,,,,,,,,,,,,,,,,,,,,,,,,,,,,,,,,,,,,,,,,,,,,,,,,,,,,,,,,,,,,,,,,,,,,,,,,,,,,,,,,,,,,,,,,,,,,,,,,,,,,,,,,,,,,,,,,,,
1900,10,22810,-57.30000000000001,-53.3,,,,,,,,,,,,,,,,,,,,,,,,,,,,,,,,,4.6,6.7,15.4,8.92,44.0,6.49,22.0,0.5,-4.74,1.84,14.48,3.63,44.0,8.26,22.0,0.5,0.0,3.25,7.75,3.93,44.0,5.11,22.0,0.5,994.42,1012.1,1014.5,1007.09,35.0,9.02,22.0,0.6,,,,,,,,,,,,,,,,,,,,,,,,,,,,,,,,,,,,,,,,,,,,,,,,,,,,,,,,,,,,,,,,,,,,,,,,,,,,,,,,,,,,,,,,,,,,,,,,,,,,,,,,,,,,,,,,,,,,,,,,,,,,,,,,
1900,10,22810,-57.30000000000001,-45.1,,,,,,,,,,,,,,,,,,,,,,,,,,,,,,,,,3.46,9.3,12.3,9.0,10.0,4.41,6.0,0.4,3.2,8.62,11.4,7.93,10.0,4.19,6.0,0.4,-5.27,-3.48,-2.01,-3.92,10.0,2.2,6.0,0.4,1004.81,1007.6,1008.16,1006.7,6.0,2.01,6.0,0.3,,,,,,,,,,,,,,,,,,,,,,,,,,,,,,,,,,,,,,,,,,,,,,,,,,,,,,,,,,,,,,,,,,,,,,,,,,,,,,,,,,,,,,,,,,,,,,,,,,,,,,,,,,,,,,,,,,,,,,,,,,,,,,,,
1900,10,22810,-57.30000000000001,-39.4,,,,,,,,,,,,,,,,,,,,,,,,,,,,,,,,,2.6,2.6,4.6,3.25,13.0,1.47,16.0,0.5,-2.43,-1.84,1.81,-0.64,13.0,2.15,16.0,0.5,-0.18,0.97,3.35,1.51,13.0,2.47,16.0,0.5,1013.95,1014.5,1014.64,1014.3,3.0,0.53,20.0,1.0,,,,,,,,,,,,,,,,,,,,,,,,,,,,,,,,,,,,,,,,,,,,,,,,,,,,,,,,,,,,,,,,,,,,,,,,,,,,,,,,,,,,,,,,,,,,,,,,,,,,,,,,,,,,,,,,,,,,,,,,,,,,,,,,
1900,10,22810,-57.19999999999999,-51.4,,,,,,,,,,,,,,,,,,,,,,,,,,,,,,,,,1.0,2.6,4.6,2.68,9.0,2.21,20.0,0.6,-3.99,-2.39,-0.1,-2.08,9.0,2.28,20.0,0.6,0.11,0.97,2.3,1.07,9.0,1.27,20.0,0.6,1010.49,1011.05,1012.4,1011.43,4.0,1.33,24.0,0.5,,,,,,,,,,,,,,,,,,,,,,,,,,,,,,,,,,,,,,,,,,,,,,,,,,,,,,,,,,,,,,,,,,,,,,,,,,,,,,,,,,,,,,,,,,,,,,,,,,,,,,,,,,,,,,,,,,,,,,,,,,,,,,,,
1900,10,22810,-57.19999999999999,-43.4,,,,,,,,,,,,,,,,,,,,,,,,,,,,,,,,,2.4,9.3,12.3,8.55,38.0,5.43,18.0,0.6,0.62,4.42,9.57,4.86,38.0,4.7,18.0,0.6,-4.61,1.82,11.33,3.06,38.0,6.97,18.0,0.6,1008.83,1011.9,1018.81,1013.42,21.0,4.89,18.0,0.5,,,,,,,,,,,,,,,,,,,,,,,,,,,,,,,,,,,,,,,,,,,,,,,,,,,,,,,,,,,,,,,,,,,,,,,,,,,,,,,,,,,,,,,,,,,,,,,,,,,,,,,,,,,,,,,,,,,,,,,,,,,,,,,,
1900,10,22810,-57.19999999999999,-41.2,,,,,,,,,,,,,,,,,,,,,,,,,,,,,,,,,2.6,4.6,6.7,5.05,52.0,3.14,14.0,0.4,-2.51,1.8,4.72,1.41,52.0,3.94,14.0,0.4,-6.21,-1.82,0.64,-2.12,52.0,3.7,14.0,0.4,1009.45,1013.0,1016.8,1013.82,33.0,4.98,18.0,0.5,,,,,,,,,,,,,,,,,,,,,,,,,,,,,,,,,,,,,,,,,,,,,,,,,,,,,,,,,,,,,,,,,,,,,,,,,,,,,,,,,,,,,,,,,,,,,,,,,,,,,,,,,,,,,,,,,,,,,,,,,,,,,,,,
1900,10,22810,-55.69999999999999,42.8,,,,,,,,,,,,,,,,,,,,,,,,,,,,,,,,,4.19,5.65,6.7,5.32,6.0,1.68,14.0,0.7,-2.35,0.51,3.96,0.75,6.0,3.96,14.0,0.7,-5.14,1.2,3.46,-0.25,6.0,4.5,14.0,0.7,1011.53,1026.55,1030.49,1022.58,6.0,10.89,14.0,0.7,,,,,,,,,,,,,,,,,,,,,,,,,,,,,,,,,,,,,,,,,,,,,,,,,,,,,,,,,,,,,,,,,,,,,,,,,,,,,,,,,,,,,,,,,,,,,,,,,,,,,,,,,,,,,,,,,,,,,,,,,,,,,,,,
1900,10,22810,-55.60000000000002,40.5,,,,,,,,,,,,,,,,,,,,,,,,,,,,,,,,,5.93,6.7,9.3,7.32,5.0,2.0,12.0,0.4,5.08,6.3,7.19,6.17,5.0,1.85,12.0,0.4,-1.15,2.29,3.04,0.72,5.0,4.4,12.0,0.4,1004.87,1005.6,1006.51,1005.7,5.0,1.14,12.0,0.4,,,,,,,,,,,,,,,,,,,,,,,,,,,,,,,,,,,,,,,,,,,,,,,,,,,,,,,,,,,,,,,,,,,,,,,,,,,,,,,,,,,,,,,,,,,,,,,,,,,,,,,,,,,,,,,,,,,,,,,,,,,,,,,,
1900,10,22810,-55.5,-45.0,,,,,,,,,,,,,,,,,,,,,,,,,,,,,,,,,9.3,12.3,20.31,14.5,5.0,6.02,6.0,0.6,8.67,9.3,16.53,12.02,5.0,4.35,6.0,0.6,-1.27,7.42,11.36,5.72,5.0,7.66,6.0,0.6,1010.9,1012.7,1013.67,1012.42,5.0,1.5,6.0,0.6,,,,,,,,,,,,,,,,,,,,,,,,,,,,,,,,,,,,,,,,,,,,,,,,,,,,,,,,,,,,,,,,,,,,,,,,,,,,,,,,,,,,,,,,,,,,,,,,,,,,,,,,,,,,,,,,,,,,,,,,,,,,,,,,
1900,10,22810,-55.5,6.4,,,,,,,,,,,,,,,,,,,,,,,,,,,,,,,,,4.6,4.6,6.7,5.14,8.0,1.46,12.0,0.5,-4.74,-3.74,-3.25,-3.76,8.0,1.04,12.0,0.5,-4.74,-3.25,1.39,-2.19,8.0,3.1,12.0,0.5,1010.36,1011.25,1011.59,1011.19,8.0,0.91,12.0,0.5,,,,,,,,,,,,,,,,,,,,,,,,,,,,,,,,,,,,,,,,,,,,,,,,,,,,,,,,,,,,,,,,,,,,,,,,,,,,,,,,,,,,,,,,,,,,,,,,,,,,,,,,,,,,,,,,,,,,,,,,,,,,,,,,
1900,10,22810,-55.39999999999998,-55.0,,,,,,,,,,,,,,,,,,,,,,,,,,,,,,,,,1.18,12.35,19.0,10.79,8.0,8.32,14.0,0.3,-7.42,-3.02,0.53,-1.64,8.0,7.57,14.0,0.3,0.41,4.77,17.49,7.89,8.0,8.41,14.0,0.3,985.93,988.7,990.26,988.4,7.0,3.96,16.0,0.3,,,,,,,,,,,,,,,,,,,,,,,,,,,,,,,,,,,,,,,,,,,,,,,,,,,,,,,,,,,,,,,,,,,,,,,,,,,,,,,,,,,,,,,,,,,,,,,,,,,,,,,,,,,,,,,,,,,,,,,,,,,,,,,,
1900,10,22810,-55.39999999999998,-43.3,,,,,,,,,,,,,,,,,,,,,,,,,,,,,,,,,2.63,8.0,15.35,9.28,20.0,6.37,18.0,0.5,2.42,5.47,11.4,7.02,20.0,4.82,18.0,0.5,-5.75,-0.9,3.23,-0.26,20.0,7.48,18.0,0.5,1010.83,1011.1,1011.37,1011.1,2.0,0.57,6.0,0.5,,,,,,,,,,,,,,,,,,,,,,,,,,,,,,,,,,,,,,,,,,,,,,,,,,,,,,,,,,,,,,,,,,,,,,,,,,,,,,,,,,,,,,,,,,,,,,,,,,,,,,,,,,,,,,,,,,,,,,,,,,,,,,,,
1900,10,22810,-55.39999999999998,34.3,,,,,,,,,,,,,,,,,,,,,,,,,,,,,,,,,3.65,4.6,5.03,4.18,6.0,2.21,10.0,0.5,-4.93,-4.27,-3.36,-3.93,6.0,2.07,10.0,0.5,-1.94,0.0,1.72,-0.14,6.0,1.75,10.0,0.5,1020.29,1022.2,1022.54,1021.43,3.0,1.78,10.0,0.7,,,,,,,,,,,,,,,,,,,,,,,,,,,,,,,,,,,,,,,,,,,,,,,,,,,,,,,,,,,,,,,,,,,,,,,,,,,,,,,,,,,,,,,,,,,,,,,,,,,,,,,,,,,,,,,,,,,,,,,,,,,,,,,,
1900,10,22810,-55.39999999999998,44.3,,,,,,,,,,,,,,,,,,,,,,,,,,,,,,,,,6.7,6.7,8.19,7.31,10.0,2.08,14.0,0.6,-3.83,5.45,8.19,3.61,10.0,6.12,14.0,0.6,-4.74,-2.15,0.0,-2.01,10.0,2.7,14.0,0.6,1005.43,1015.05,1022.61,1015.62,10.0,10.45,14.0,0.6,,,,,,,,,,,,,,,,,,,,,,,,,,,,,,,,,,,,,,,,,,,,,,,,,,,,,,,,,,,,,,,,,,,,,,,,,,,,,,,,,,,,,,,,,,,,,,,,,,,,,,,,,,,,,,,,,,,,,,,,,,,,,,,,
1900,10,22810,-55.30000000000001,-53.2,,,,,,,,,,,,,,,,,,,,,,,,,,,,,,,,,4.22,9.3,12.89,8.54,25.0,5.76,16.0,0.6,0.3,3.25,11.16,5.11,25.0,6.38,16.0,0.6,0.0,3.25,7.08,3.98,25.0,4.97,16.0,0.6,991.82,998.0,1017.08,1004.37,15.0,12.0,18.0,0.5,,,,,,,,,,,,,,,,,,,,,,,,,,,,,,,,,,,,,,,,,,,,,,,,,,,,,,,,,,,,,,,,,,,,,,,,,,,,,,,,,,,,,,,,,,,,,,,,,,,,,,,,,,,,,,,,,,,,,,,,,,,,,,,,
1900,10,22810,-55.30000000000001,-41.2,,,,,,,,,,,,,,,,,,,,,,,,,,,,,,,,,2.6,6.7,9.3,6.54,52.0,4.59,16.0,0.5,0.44,4.27,8.62,4.45,52.0,4.76,16.0,0.5,-4.74,0.46,4.8,0.86,52.0,4.59,16.0,0.5,1006.1,1012.4,1018.32,1012.63,26.0,5.76,14.0,0.4,,,,,,,,,,,,,,,,,,,,,,,,,,,,,,,,,,,,,,,,,,,,,,,,,,,,,,,,,,,,,,,,,,,,,,,,,,,,,,,,,,,,,,,,,,,,,,,,,,,,,,,,,,,,,,,,,,,,,,,,,,,,,,,,
1900,10,22810,-55.30000000000001,-39.5,,,,,,,,,,,,,,,,,,,,,,,,,,,,,,,,,2.6,4.6,12.3,6.92,58.0,4.95,12.0,0.5,0.0,3.04,8.48,3.86,58.0,4.29,12.0,0.5,-2.5,0.84,8.62,1.77,58.0,6.04,12.0,0.5,1006.25,1010.3,1018.3,1010.96,32.0,5.84,12.0,0.5,,,,,,,,,,,,,,,,,,,,,,,,,,,,,,,,,,,,,,,,,,,,,,,,,,,,,,,,,,,,,,,,,,,,,,,,,,,,,,,,,,,,,,,,,,,,,,,,,,,,,,,,,,,,,,,,,,,,,,,,,,,,,,,,
1900,10,22810,-55.19999999999999,-51.4,,,,,,,,,,,,,,,,,,,,,,,,,,,,,,,,,2.6,4.6,9.3,6.39,30.0,4.67,24.0,0.4,0.0,2.93,6.05,3.17,30.0,4.43,24.0,0.4,-3.88,3.25,5.32,2.63,30.0,5.19,24.0,0.4,998.69,1006.2,1015.1,1006.37,28.0,8.69,24.0,0.4,,,,,,,,,,,,,,,,,,,,,,,,,,,,,,,,,,,,,,,,,,,,,,,,,,,,,,,,,,,,,,,,,,,,,,,,,,,,,,,,,,,,,,,,,,,,,,,,,,,,,,,,,,,,,,,,,,,,,,,,,,,,,,,,
1900,10,22810,-55.19999999999999,-49.6,,,,,,,,,,,,,,,,,,,,,,,,,,,,,,,,,3.55,4.6,4.6,4.1,4.0,1.0,26.0,0.8,2.51,3.25,3.25,2.9,4.0,0.71,26.0,0.8,2.51,3.25,3.25,2.9,4.0,0.71,26.0,0.8,1015.76,1015.9,1016.45,1016.1,3.0,0.53,26.0,0.7,,,,,,,,,,,,,,,,,,,,,,,,,,,,,,,,,,,,,,,,,,,,,,,,,,,,,,,,,,,,,,,,,,,,,,,,,,,,,,,,,,,,,,,,,,,,,,,,,,,,,,,,,,,,,,,,,,,,,,,,,,,,,,,,
1900,10,22810,-53.69999999999999,6.8,,,,,,,,,,,,,,,,,,,,,,,,,,,,,,,,,2.6,2.6,2.6,2.6,1.0,0.0,22.0,1.0,-1.02,-1.02,-1.02,-1.02,1.0,0.0,22.0,1.0,-2.39,-2.39,-2.39,-2.39,1.0,0.0,22.0,1.0,1010.8,1010.8,1010.8,1010.8,1.0,0.0,22.0,1.0,,,,,,,,,,,,,,,,,,,,,,,,,,,,,,,,,,,,,,,,,,,,,,,,,,,,,,,,,,,,,,,,,,,,,,,,,,,,,,,,,,,,,,,,,,,,,,,,,,,,,,,,,,,,,,,,,,,,,,,,,,,,,,,,
1900,10,22810,-53.69999999999999,42.8,,,,,,,,,,,,,,,,,,,,,,,,,,,,,,,,,4.6,4.6,4.6,4.6,1.0,0.0,30.0,1.0,0.0,0.0,0.0,0.0,1.0,0.0,30.0,1.0,4.6,4.6,4.6,4.6,1.0,0.0,30.0,1.0,1010.0,1010.0,1010.0,1010.0,1.0,0.0,30.0,1.0,,,,,,,,,,,,,,,,,,,,,,,,,,,,,,,,,,,,,,,,,,,,,,,,,,,,,,,,,,,,,,,,,,,,,,,,,,,,,,,,,,,,,,,,,,,,,,,,,,,,,,,,,,,,,,,,,,,,,,,,,,,,,,,,
1900,10,22810,-53.5,8.5,,,,,,,,,,,,,,,,,,,,,,,,,,,,,,,,,1.4,4.6,6.47,4.55,8.0,2.74,14.0,0.4,-4.69,-3.25,-0.99,-3.26,8.0,2.12,14.0,0.4,-4.57,-3.25,-1.08,-3.06,8.0,1.96,14.0,0.4,1008.75,1009.6,1010.54,1009.56,9.0,0.9,14.0,0.3,,,,,,,,,,,,,,,,,,,,,,,,,,,,,,,,,,,,,,,,,,,,,,,,,,,,,,,,,,,,,,,,,,,,,,,,,,,,,,,,,,,,,,,,,,,,,,,,,,,,,,,,,,,,,,,,,,,,,,,,,,,,,,,,
1900,10,22810,-53.5,44.4,,,,,,,,,,,,,,,,,,,,,,,,,,,,,,,,,4.6,4.6,8.72,6.17,15.0,2.51,16.0,0.4,-2.04,3.25,4.6,2.16,15.0,4.44,16.0,0.4,-5.87,-2.51,2.75,-1.74,15.0,4.38,16.0,0.4,1004.59,1015.6,1025.01,1014.99,15.0,11.94,16.0,0.4,,,,,,,,,,,,,,,,,,,,,,,,,,,,,,,,,,,,,,,,,,,,,,,,,,,,,,,,,,,,,,,,,,,,,,,,,,,,,,,,,,,,,,,,,,,,,,,,,,,,,,,,,,,,,,,,,,,,,,,,,,,,,,,,
1900,10,22810,-53.39999999999998,-53.0,,,,,,,,,,,,,,,,,,,,,,,,,,,,,,,,,3.77,6.7,9.3,6.33,11.0,2.69,12.0,0.4,-3.14,0.0,8.59,1.97,11.0,5.86,12.0,0.4,-4.6,-2.41,2.97,-0.91,11.0,3.44,12.0,0.4,997.89,999.0,999.9,998.84,7.0,1.0,12.0,0.4,,,,,,,,,,,,,,,,,,,,,,,,,,,,,,,,,,,,,,,,,,,,,,,,,,,,,,,,,,,,,,,,,,,,,,,,,,,,,,,,,,,,,,,,,,,,,,,,,,,,,,,,,,,,,,,,,,,,,,,,,,,,,,,,
1900,10,22810,-53.39999999999998,-51.2,,,,,,,,,,,,,,,,,,,,,,,,,,,,,,,,,2.6,6.7,16.83,10.09,30.0,8.42,20.0,0.6,-2.61,2.83,11.9,4.96,30.0,7.61,20.0,0.6,-12.45,0.0,4.6,-2.94,30.0,9.16,20.0,0.6,1001.4,1003.5,1016.4,1007.32,20.0,7.18,22.0,0.5,,,,,,,,,,,,,,,,,,,,,,,,,,,,,,,,,,,,,,,,,,,,,,,,,,,,,,,,,,,,,,,,,,,,,,,,,,,,,,,,,,,,,,,,,,,,,,,,,,,,,,,,,,,,,,,,,,,,,,,,,,,,,,,,
1900,10,22810,-53.39999999999998,-39.3,,,,,,,,,,,,,,,,,,,,,,,,,,,,,,,,,2.6,4.6,12.35,7.4,45.0,5.92,10.0,0.4,-3.26,0.0,4.77,1.15,45.0,6.53,10.0,0.4,0.0,2.6,8.56,3.22,45.0,6.03,10.0,0.4,1008.43,1012.05,1015.37,1011.7,22.0,3.62,10.0,0.4,,,,,,,,,,,,,,,,,,,,,,,,,,,,,,,,,,,,,,,,,,,,,,,,,,,,,,,,,,,,,,,,,,,,,,,,,,,,,,,,,,,,,,,,,,,,,,,,,,,,,,,,,,,,,,,,,,,,,,,,,,,,,,,,
1900,10,22810,-53.39999999999998,40.2,,,,,,,,,,,,,,,,,,,,,,,,,,,,,,,,,5.17,9.3,12.3,9.3,9.0,3.3,6.0,0.7,-1.26,6.15,7.55,4.09,9.0,4.11,6.0,0.7,-10.32,4.27,6.08,-1.14,9.0,8.43,6.0,0.7,1012.44,1026.3,1027.82,1021.44,8.0,7.93,6.0,0.6,,,,,,,,,,,,,,,,,,,,,,,,,,,,,,,,,,,,,,,,,,,,,,,,,,,,,,,,,,,,,,,,,,,,,,,,,,,,,,,,,,,,,,,,,,,,,,,,,,,,,,,,,,,,,,,,,,,,,,,,,,,,,,,,
1900,10,22810,-53.30000000000001,-41.2,,,,,,,,,,,,,,,,,,,,,,,,,,,,,,,,,9.97,15.4,21.8,15.31,15.0,5.92,10.0,0.5,3.07,10.89,15.42,9.6,15.0,5.53,10.0,0.5,-9.52,8.7,15.42,4.67,15.0,11.54,10.0,0.5,1012.24,1014.6,1015.84,1014.36,7.0,2.05,14.0,0.7,,,,,,,,,,,,,,,,,,,,,,,,,,,,,,,,,,,,,,,,,,,,,,,,,,,,,,,,,,,,,,,,,,,,,,,,,,,,,,,,,,,,,,,,,,,,,,,,,,,,,,,,,,,,,,,,,,,,,,,,,,,,,,,,
1900,10,22810,-53.30000000000001,34.2,,,,,,,,,,,,,,,,,,,,,,,,,,,,,,,,,4.6,6.7,6.82,6.47,7.0,1.59,10.0,0.6,-4.81,-3.48,-2.47,-3.81,7.0,1.52,10.0,0.6,-6.33,-4.74,-3.22,-4.91,7.0,2.02,10.0,0.6,1024.2,1024.3,1024.92,1024.55,4.0,0.57,10.0,0.5,,,,,,,,,,,,,,,,,,,,,,,,,,,,,,,,,,,,,,,,,,,,,,,,,,,,,,,,,,,,,,,,,,,,,,,,,,,,,,,,,,,,,,,,,,,,,,,,,,,,,,,,,,,,,,,,,,,,,,,,,,,,,,,,
1900,10,22810,-53.19999999999999,-37.4,,,,,,,,,,,,,,,,,,,,,,,,,,,,,,,,,1.0,4.6,6.7,4.72,55.0,3.86,8.0,0.5,-2.62,0.0,3.25,0.12,55.0,4.14,8.0,0.5,-4.05,0.71,3.25,0.09,55.0,4.52,8.0,0.5,1006.95,1012.9,1016.3,1013.24,32.0,6.21,8.0,0.4,,,,,,,,,,,,,,,,,,,,,,,,,,,,,,,,,,,,,,,,,,,,,,,,,,,,,,,,,,,,,,,,,,,,,,,,,,,,,,,,,,,,,,,,,,,,,,,,,,,,,,,,,,,,,,,,,,,,,,,,,,,,,,,,
1900,10,22810,-53.10000000000002,-49.4,,,,,,,,,,,,,,,,,,,,,,,,,,,,,,,,,2.6,4.6,12.3,6.47,20.0,4.31,26.0,0.5,-0.69,3.25,8.7,3.95,20.0,5.0,26.0,0.5,-1.71,0.99,4.25,1.83,20.0,4.2,26.0,0.5,1001.77,1009.7,1013.75,1008.56,21.0,5.1,26.0,0.5,,,,,,,,,,,,,,,,,,,,,,,,,,,,,,,,,,,,,,,,,,,,,,,,,,,,,,,,,,,,,,,,,,,,,,,,,,,,,,,,,,,,,,,,,,,,,,,,,,,,,,,,,,,,,,,,,,,,,,,,,,,,,,,,
1900,10,22810,-53.0,-35.5,,,,,,,,,,,,,,,,,,,,,,,,,,,,,,,,,5.85,6.7,9.92,7.38,6.0,3.23,8.0,0.3,-6.7,-5.59,-0.81,-4.27,6.0,3.04,8.0,0.3,-7.67,-3.29,0.49,-3.71,6.0,5.31,8.0,0.3,1015.03,1015.55,1023.56,1019.13,4.0,7.73,6.0,0.5,,,,,,,,,,,,,,,,,,,,,,,,,,,,,,,,,,,,,,,,,,,,,,,,,,,,,,,,,,,,,,,,,,,,,,,,,,,,,,,,,,,,,,,,,,,,,,,,,,,,,,,,,,,,,,,,,,,,,,,,,,,,,,,,
1900,10,22810,-51.60000000000002,10.6,,,,,,,,,,,,,,,,,,,,,,,,,,,,,,,,,2.6,5.65,7.36,5.37,12.0,2.76,16.0,0.6,-6.81,-4.67,-2.6,-4.74,12.0,2.56,16.0,0.6,-3.31,-2.51,0.0,-1.55,12.0,2.31,16.0,0.6,1009.96,1010.95,1011.78,1010.9,8.0,1.05,16.0,0.6,,,,,,,,,,,,,,,,,,,,,,,,,,,,,,,,,,,,,,,,,,,,,,,,,,,,,,,,,,,,,,,,,,,,,,,,,,,,,,,,,,,,,,,,,,,,,,,,,,,,,,,,,,,,,,,,,,,,,,,,,,,,,,,,
1900,10,22810,-51.5,-53.0,,,,,,,,,,,,,,,,,,,,,,,,,,,,,,,,,1.0,1.0,1.0,1.0,1.0,0.0,12.0,0.0,-0.37,-0.37,-0.37,-0.37,1.0,0.0,12.0,0.0,-0.93,-0.93,-0.93,-0.93,1.0,0.0,12.0,0.0,994.4,994.4,994.4,994.4,1.0,0.0,12.0,0.0,,,,,,,,,,,,,,,,,,,,,,,,,,,,,,,,,,,,,,,,,,,,,,,,,,,,,,,,,,,,,,,,,,,,,,,,,,,,,,,,,,,,,,,,,,,,,,,,,,,,,,,,,,,,,,,,,,,,,,,,,,,,,,,,
1900,10,22810,-51.5,40.5,,,,,,,,,,,,,,,,,,,,,,,,,,,,,,,,,9.3,9.3,9.3,9.3,6.0,0.0,2.0,0.5,4.47,6.58,8.57,5.55,6.0,4.6,2.0,0.5,-4.65,5.03,6.58,1.84,6.0,6.45,2.0,0.5,1027.6,1027.8,1028.78,1028.1,6.0,0.64,2.0,0.5,,,,,,,,,,,,,,,,,,,,,,,,,,,,,,,,,,,,,,,,,,,,,,,,,,,,,,,,,,,,,,,,,,,,,,,,,,,,,,,,,,,,,,,,,,,,,,,,,,,,,,,,,,,,,,,,,,,,,,,,,,,,,,,,
1900,10,22810,-51.5,44.6,,,,,,,,,,,,,,,,,,,,,,,,,,,,,,,,,2.6,4.6,11.63,6.17,15.0,5.08,16.0,0.4,0.0,1.84,4.71,2.24,15.0,3.86,16.0,0.4,-6.18,0.97,3.11,-1.88,15.0,6.52,16.0,0.4,1000.4,1022.5,1030.0,1017.63,15.0,15.46,16.0,0.4,,,,,,,,,,,,,,,,,,,,,,,,,,,,,,,,,,,,,,,,,,,,,,,,,,,,,,,,,,,,,,,,,,,,,,,,,,,,,,,,,,,,,,,,,,,,,,,,,,,,,,,,,,,,,,,,,,,,,,,,,,,,,,,,
1900,10,22810,-51.39999999999998,-37.2,,,,,,,,,,,,,,,,,,,,,,,,,,,,,,,,,2.4,4.6,12.3,6.67,38.0,5.04,8.0,0.6,-6.58,0.0,3.28,-0.68,38.0,4.85,8.0,0.6,-6.58,0.0,4.62,-0.4,38.0,6.85,8.0,0.6,1003.09,1011.4,1015.99,1009.76,13.0,6.52,8.0,0.7,,,,,,,,,,,,,,,,,,,,,,,,,,,,,,,,,,,,,,,,,,,,,,,,,,,,,,,,,,,,,,,,,,,,,,,,,,,,,,,,,,,,,,,,,,,,,,,,,,,,,,,,,,,,,,,,,,,,,,,,,,,,,,,,
1900,10,22810,-51.39999999999998,-35.5,,,,,,,,,,,,,,,,,,,,,,,,,,,,,,,,,2.6,6.7,12.3,8.15,23.0,4.59,10.0,0.6,-4.77,-1.84,0.94,-2.02,23.0,3.74,10.0,0.6,-11.4,-4.74,4.44,-4.12,23.0,7.38,10.0,0.6,1008.76,1010.2,1025.6,1015.41,17.0,8.95,8.0,0.5,,,,,,,,,,,,,,,,,,,,,,,,,,,,,,,,,,,,,,,,,,,,,,,,,,,,,,,,,,,,,,,,,,,,,,,,,,,,,,,,,,,,,,,,,,,,,,,,,,,,,,,,,,,,,,,,,,,,,,,,,,,,,,,,
1900,10,22810,-51.39999999999998,34.1,,,,,,,,,,,,,,,,,,,,,,,,,,,,,,,,,4.19,6.7,9.92,7.03,6.0,3.43,10.0,0.3,-3.56,-0.92,0.0,-1.64,6.0,2.02,10.0,0.3,-9.92,-5.72,-2.96,-6.35,6.0,3.92,10.0,0.3,1024.26,1024.4,1024.81,1024.53,3.0,0.42,10.0,0.3,,,,,,,,,,,,,,,,,,,,,,,,,,,,,,,,,,,,,,,,,,,,,,,,,,,,,,,,,,,,,,,,,,,,,,,,,,,,,,,,,,,,,,,,,,,,,,,,,,,,,,,,,,,,,,,,,,,,,,,,,,,,,,,,
1900,10,22810,-51.39999999999998,38.8,,,,,,,,,,,,,,,,,,,,,,,,,,,,,,,,,5.93,6.7,8.75,7.4,5.0,2.89,14.0,0.2,-4.88,-3.52,0.79,-1.91,5.0,4.64,14.0,0.2,-7.89,-4.74,-3.81,-5.79,5.0,2.97,14.0,0.2,1016.7,1018.45,1020.57,1018.63,4.0,2.66,14.0,0.3,,,,,,,,,,,,,,,,,,,,,,,,,,,,,,,,,,,,,,,,,,,,,,,,,,,,,,,,,,,,,,,,,,,,,,,,,,,,,,,,,,,,,,,,,,,,,,,,,,,,,,,,,,,,,,,,,,,,,,,,,,,,,,,,
1900,10,22810,-51.30000000000001,-51.3,,,,,,,,,,,,,,,,,,,,,,,,,,,,,,,,,1.02,4.6,12.3,6.9,20.0,6.69,14.0,0.5,-1.8,0.19,4.74,0.6,20.0,4.96,14.0,0.5,-11.3,-0.37,4.21,-2.83,20.0,7.84,14.0,0.5,999.51,1003.4,1014.32,1006.83,3.0,11.25,14.0,0.7,,,,,,,,,,,,,,,,,,,,,,,,,,,,,,,,,,,,,,,,,,,,,,,,,,,,,,,,,,,,,,,,,,,,,,,,,,,,,,,,,,,,,,,,,,,,,,,,,,,,,,,,,,,,,,,,,,,,,,,,,,,,,,,,
1900,10,22810,-51.30000000000001,-49.3,,,,,,,,,,,,,,,,,,,,,,,,,,,,,,,,,4.6,12.3,20.26,12.78,24.0,7.57,24.0,0.4,-3.92,2.4,16.15,5.58,24.0,9.14,24.0,0.4,-11.66,4.23,12.05,1.91,24.0,10.39,24.0,0.4,992.97,1006.4,1015.7,1005.25,22.0,10.79,24.0,0.5,,,,,,,,,,,,,,,,,,,,,,,,,,,,,,,,,,,,,,,,,,,,,,,,,,,,,,,,,,,,,,,,,,,,,,,,,,,,,,,,,,,,,,,,,,,,,,,,,,,,,,,,,,,,,,,,,,,,,,,,,,,,,,,,
1900,10,22810,-51.19999999999999,-41.0,,,,,,,,,,,,,,,,,,,,,,,,,,,,,,,,,1.0,1.0,2.6,3.08,8.0,5.06,22.0,0.4,-2.31,0.92,0.92,-0.93,8.0,4.27,22.0,0.4,0.0,0.39,0.39,-1.04,8.0,3.99,22.0,0.4,1012.4,1016.2,1017.1,1014.59,9.0,4.21,22.0,0.3,,,,,,,,,,,,,,,,,,,,,,,,,,,,,,,,,,,,,,,,,,,,,,,,,,,,,,,,,,,,,,,,,,,,,,,,,,,,,,,,,,,,,,,,,,,,,,,,,,,,,,,,,,,,,,,,,,,,,,,,,,,,,,,,
1900,10,22810,-51.19999999999999,12.3,,,,,,,,,,,,,,,,,,,,,,,,,,,,,,,,,4.6,4.6,6.97,6.3,7.0,2.82,16.0,0.4,-6.97,-4.6,-3.1,-5.15,7.0,3.75,16.0,0.4,-3.42,0.0,0.0,-1.42,7.0,2.62,16.0,0.4,1010.3,1010.3,1010.5,1010.4,3.0,0.17,14.0,0.0,,,,,,,,,,,,,,,,,,,,,,,,,,,,,,,,,,,,,,,,,,,,,,,,,,,,,,,,,,,,,,,,,,,,,,,,,,,,,,,,,,,,,,,,,,,,,,,,,,,,,,,,,,,,,,,,,,,,,,,,,,,,,,,,
1900,10,22810,-51.10000000000002,-47.5,,,,,,,,,,,,,,,,,,,,,,,,,,,,,,,,,4.6,12.3,15.4,11.43,7.0,4.87,26.0,1.0,-0.09,11.32,14.23,9.23,7.0,7.1,26.0,1.0,4.03,4.81,6.02,4.35,7.0,2.04,26.0,1.0,997.3,999.15,1016.01,1004.02,6.0,9.62,26.0,1.0,,,,,,,,,,,,,,,,,,,,,,,,,,,,,,,,,,,,,,,,,,,,,,,,,,,,,,,,,,,,,,,,,,,,,,,,,,,,,,,,,,,,,,,,,,,,,,,,,,,,,,,,,,,,,,,,,,,,,,,,,,,,,,,,
1900,10,22810,-51.0,-33.5,,,,,,,,,,,,,,,,,,,,,,,,,,,,,,,,,9.3,9.3,9.3,9.3,2.0,0.0,18.0,0.0,-6.58,-6.58,-6.58,-6.58,2.0,0.0,18.0,0.0,6.58,6.58,6.58,6.58,2.0,0.0,18.0,0.0,1029.92,1029.95,1029.98,1029.95,2.0,0.07,18.0,0.0,,,,,,,,,,,,,,,,,,,,,,,,,,,,,,,,,,,,,,,,,,,,,,,,,,,,,,,,,,,,,,,,,,,,,,,,,,,,,,,,,,,,,,,,,,,,,,,,,,,,,,,,,,,,,,,,,,,,,,,,,,,,,,,,
1900,10,22810,-49.60000000000002,-37.1,,,,,,,,,,,,,,,,,,,,,,,,,,,,,,,,,14.43,19.0,19.0,16.77,3.0,3.87,6.0,1.0,7.21,7.42,8.29,7.75,3.0,0.84,6.0,1.0,-0.39,17.49,17.58,8.8,3.0,15.16,6.0,1.0,1000.89,1001.3,1001.71,1001.3,2.0,0.85,4.0,1.0,,,,,,,,,,,,,,,,,,,,,,,,,,,,,,,,,,,,,,,,,,,,,,,,,,,,,,,,,,,,,,,,,,,,,,,,,,,,,,,,,,,,,,,,,,,,,,,,,,,,,,,,,,,,,,,,,,,,,,,,,,,,,,,,
1900,10,22810,-49.60000000000002,12.6,,,,,,,,,,,,,,,,,,,,,,,,,,,,,,,,,3.71,6.7,9.3,6.66,9.0,2.6,18.0,0.7,-8.56,-6.7,-2.6,-5.82,9.0,2.76,18.0,0.7,-3.04,0.0,3.36,-0.18,9.0,3.29,18.0,0.7,1010.55,1010.8,1011.47,1011.0,4.0,0.64,16.0,1.0,,,,,,,,,,,,,,,,,,,,,,,,,,,,,,,,,,,,,,,,,,,,,,,,,,,,,,,,,,,,,,,,,,,,,,,,,,,,,,,,,,,,,,,,,,,,,,,,,,,,,,,,,,,,,,,,,,,,,,,,,,,,,,,,
1900,10,22810,-49.5,38.3,,,,,,,,,,,,,,,,,,,,,,,,,,,,,,,,,1.1,4.6,4.6,3.56,14.0,2.16,14.0,0.6,-4.32,-1.22,1.8,-1.47,14.0,2.89,14.0,0.6,-3.16,-0.44,1.83,-0.37,14.0,2.74,14.0,0.6,1021.53,1023.2,1024.61,1023.0,7.0,1.62,14.0,0.6,,,,,,,,,,,,,,,,,,,,,,,,,,,,,,,,,,,,,,,,,,,,,,,,,,,,,,,,,,,,,,,,,,,,,,,,,,,,,,,,,,,,,,,,,,,,,,,,,,,,,,,,,,,,,,,,,,,,,,,,,,,,,,,,
1900,10,22810,-49.5,40.4,,,,,,,,,,,,,,,,,,,,,,,,,,,,,,,,,9.3,9.3,10.4,9.9,5.0,1.34,2.0,0.4,-7.35,-3.63,-3.63,-5.23,5.0,2.32,2.0,0.4,-8.61,-8.56,-7.84,-8.19,5.0,0.9,2.0,0.4,1029.83,1030.3,1030.97,1030.38,5.0,0.86,2.0,0.4,,,,,,,,,,,,,,,,,,,,,,,,,,,,,,,,,,,,,,,,,,,,,,,,,,,,,,,,,,,,,,,,,,,,,,,,,,,,,,,,,,,,,,,,,,,,,,,,,,,,,,,,,,,,,,,,,,,,,,,,,,,,,,,,
1900,10,22810,-49.5,44.8,,,,,,,,,,,,,,,,,,,,,,,,,,,,,,,,,1.0,2.6,11.67,5.29,10.0,5.62,16.0,0.5,0.0,0.85,2.22,0.93,10.0,1.29,16.0,0.5,-11.46,-0.35,2.17,-3.41,10.0,6.86,16.0,0.5,1000.31,1022.5,1029.69,1016.96,11.0,16.02,16.0,0.5,,,,,,,,,,,,,,,,,,,,,,,,,,,,,,,,,,,,,,,,,,,,,,,,,,,,,,,,,,,,,,,,,,,,,,,,,,,,,,,,,,,,,,,,,,,,,,,,,,,,,,,,,,,,,,,,,,,,,,,,,,,,,,,,
1900,10,22810,-49.39999999999998,-49.2,,,,,,,,,,,,,,,,,,,,,,,,,,,,,,,,,4.6,12.3,20.66,12.39,17.0,7.66,18.0,0.4,-0.96,4.81,14.61,5.61,17.0,7.35,18.0,0.4,-14.18,-6.17,12.28,-2.59,17.0,11.28,18.0,0.4,997.82,1009.8,1022.88,1010.4,6.0,13.52,22.0,0.3,,,,,,,,,,,,,,,,,,,,,,,,,,,,,,,,,,,,,,,,,,,,,,,,,,,,,,,,,,,,,,,,,,,,,,,,,,,,,,,,,,,,,,,,,,,,,,,,,,,,,,,,,,,,,,,,,,,,,,,,,,,,,,,,
1900,10,22810,-49.39999999999998,-35.3,,,,,,,,,,,,,,,,,,,,,,,,,,,,,,,,,9.3,12.3,17.06,12.96,17.0,3.46,14.0,0.3,-7.81,-4.81,5.87,-1.78,17.0,6.84,14.0,0.3,-13.73,-8.7,-5.15,-7.09,17.0,9.33,14.0,0.3,1008.53,1021.0,1023.24,1017.03,7.0,7.84,12.0,0.3,,,,,,,,,,,,,,,,,,,,,,,,,,,,,,,,,,,,,,,,,,,,,,,,,,,,,,,,,,,,,,,,,,,,,,,,,,,,,,,,,,,,,,,,,,,,,,,,,,,,,,,,,,,,,,,,,,,,,,,,,,,,,,,,
1900,10,22810,-49.39999999999998,34.2,,,,,,,,,,,,,,,,,,,,,,,,,,,,,,,,,4.6,4.6,6.03,5.3,3.0,1.21,8.0,0.7,-3.05,-2.62,-2.06,-2.56,3.0,0.73,8.0,0.7,-5.55,-4.23,-3.56,-4.55,3.0,1.48,8.0,0.7,1021.24,1022.2,1023.16,1022.2,3.0,1.4,8.0,0.7,,,,,,,,,,,,,,,,,,,,,,,,,,,,,,,,,,,,,,,,,,,,,,,,,,,,,,,,,,,,,,,,,,,,,,,,,,,,,,,,,,,,,,,,,,,,,,,,,,,,,,,,,,,,,,,,,,,,,,,,,,,,,,,,
1900,10,22810,-49.39999999999998,46.3,,,,,,,,,,,,,,,,,,,,,,,,,,,,,,,,,3.29,6.7,9.88,6.88,5.0,5.3,14.0,0.6,-1.64,4.74,6.11,2.65,5.0,4.38,14.0,0.6,-5.21,0.71,3.79,-1.12,5.0,7.6,14.0,0.6,1005.26,1013.95,1019.63,1010.05,6.0,14.91,16.0,0.5,,,,,,,,,,,,,,,,,,,,,,,,,,,,,,,,,,,,,,,,,,,,,,,,,,,,,,,,,,,,,,,,,,,,,,,,,,,,,,,,,,,,,,,,,,,,,,,,,,,,,,,,,,,,,,,,,,,,,,,,,,,,,,,,
1900,10,22810,-49.30000000000001,-51.2,,,,,,,,,,,,,,,,,,,,,,,,,,,,,,,,,6.7,6.7,9.3,7.96,11.0,2.13,14.0,0.5,2.57,4.74,9.3,5.27,11.0,4.43,14.0,0.5,-6.19,-4.74,0.0,-3.3,11.0,3.49,14.0,0.5,1008.45,1010.8,1013.41,1010.93,4.0,3.14,12.0,0.5,,,,,,,,,,,,,,,,,,,,,,,,,,,,,,,,,,,,,,,,,,,,,,,,,,,,,,,,,,,,,,,,,,,,,,,,,,,,,,,,,,,,,,,,,,,,,,,,,,,,,,,,,,,,,,,,,,,,,,,,,,,,,,,,
1900,10,22810,-49.30000000000001,14.4,,,,,,,,,,,,,,,,,,,,,,,,,,,,,,,,,4.6,5.65,6.7,5.65,6.0,1.15,16.0,0.3,-6.28,-4.71,-3.25,-4.8,6.0,1.7,16.0,0.3,-3.25,-1.63,2.62,-0.75,6.0,2.9,16.0,0.3,1010.8,1012.05,1012.22,1011.7,6.0,0.7,16.0,0.3,,,,,,,,,,,,,,,,,,,,,,,,,,,,,,,,,,,,,,,,,,,,,,,,,,,,,,,,,,,,,,,,,,,,,,,,,,,,,,,,,,,,,,,,,,,,,,,,,,,,,,,,,,,,,,,,,,,,,,,,,,,,,,,,
1900,10,22810,-49.19999999999999,-47.3,,,,,,,,,,,,,,,,,,,,,,,,,,,,,,,,,4.6,8.0,19.0,10.87,24.0,7.43,26.0,0.5,-0.25,5.77,14.33,7.06,24.0,6.99,26.0,0.5,0.46,4.5,13.44,6.65,24.0,5.61,26.0,0.5,997.9,1000.45,1007.77,1002.5,22.0,6.21,26.0,0.5,,,,,,,,,,,,,,,,,,,,,,,,,,,,,,,,,,,,,,,,,,,,,,,,,,,,,,,,,,,,,,,,,,,,,,,,,,,,,,,,,,,,,,,,,,,,,,,,,,,,,,,,,,,,,,,,,,,,,,,,,,,,,,,,
1900,10,22810,-49.10000000000002,-33.3,,,,,,,,,,,,,,,,,,,,,,,,,,,,,,,,,6.7,9.3,15.4,10.08,27.0,5.46,20.0,0.5,-9.22,-4.74,6.19,-2.74,27.0,7.5,20.0,0.5,-8.43,0.0,8.69,-0.11,27.0,8.44,20.0,0.5,1007.21,1017.2,1027.0,1016.73,28.0,8.67,24.0,0.5,,,,,,,,,,,,,,,,,,,,,,,,,,,,,,,,,,,,,,,,,,,,,,,,,,,,,,,,,,,,,,,,,,,,,,,,,,,,,,,,,,,,,,,,,,,,,,,,,,,,,,,,,,,,,,,,,,,,,,,,,,,,,,,,
1900,10,22810,-49.0,-45.5,,,,,,,,,,,,,,,,,,,,,,,,,,,,,,,,,12.3,12.3,12.3,12.3,1.0,0.0,28.0,1.0,8.7,8.7,8.7,8.7,1.0,0.0,28.0,1.0,8.7,8.7,8.7,8.7,1.0,0.0,28.0,1.0,1002.1,1002.1,1002.1,1002.1,1.0,0.0,28.0,1.0,,,,,,,,,,,,,,,,,,,,,,,,,,,,,,,,,,,,,,,,,,,,,,,,,,,,,,,,,,,,,,,,,,,,,,,,,,,,,,,,,,,,,,,,,,,,,,,,,,,,,,,,,,,,,,,,,,,,,,,,,,,,,,,,
1900,10,22810,-49.0,36.9,,,,,,,,,,,,,,,,,,,,,,,,,,,,,,,,,4.6,4.6,4.6,4.6,1.0,0.0,16.0,1.0,1.57,1.57,1.57,1.57,1.0,0.0,16.0,1.0,4.32,4.32,4.32,4.32,1.0,0.0,16.0,1.0,1018.4,1018.4,1018.4,1018.4,1.0,0.0,16.0,1.0,,,,,,,,,,,,,,,,,,,,,,,,,,,,,,,,,,,,,,,,,,,,,,,,,,,,,,,,,,,,,,,,,,,,,,,,,,,,,,,,,,,,,,,,,,,,,,,,,,,,,,,,,,,,,,,,,,,,,,,,,,,,,,,,
1900,10,22810,-47.60000000000002,44.8,,,,,,,,,,,,,,,,,,,,,,,,,,,,,,,,,2.27,6.7,19.0,9.17,6.0,7.94,20.0,0.7,-0.38,0.0,1.38,0.81,6.0,2.98,20.0,0.7,-19.0,-3.35,1.17,-6.98,6.0,9.79,20.0,0.7,992.8,1014.55,1028.84,1012.55,6.0,18.28,20.0,0.7,,,,,,,,,,,,,,,,,,,,,,,,,,,,,,,,,,,,,,,,,,,,,,,,,,,,,,,,,,,,,,,,,,,,,,,,,,,,,,,,,,,,,,,,,,,,,,,,,,,,,,,,,,,,,,,,,,,,,,,,,,,,,,,,
1900,10,22810,-47.5,14.5,,,,,,,,,,,,,,,,,,,,,,,,,,,,,,,,,4.6,8.45,12.3,8.45,4.0,4.45,18.0,0.3,-11.32,-7.29,-3.25,-7.29,4.0,4.66,18.0,0.3,-3.25,0.78,4.81,0.78,4.0,4.65,18.0,0.3,1011.35,1011.9,1012.45,1011.9,2.0,1.13,18.0,0.0,,,,,,,,,,,,,,,,,,,,,,,,,,,,,,,,,,,,,,,,,,,,,,,,,,,,,,,,,,,,,,,,,,,,,,,,,,,,,,,,,,,,,,,,,,,,,,,,,,,,,,,,,,,,,,,,,,,,,,,,,,,,,,,,
1900,10,22810,-47.5,16.5,,,,,,,,,,,,,,,,,,,,,,,,,,,,,,,,,0.51,4.6,4.6,3.45,8.0,2.13,18.0,0.8,-4.15,-3.25,-0.36,-2.69,8.0,1.72,18.0,0.8,-3.25,-2.49,-0.19,-2.06,8.0,1.43,18.0,0.8,1011.26,1013.45,1014.9,1013.29,8.0,1.75,18.0,0.8,,,,,,,,,,,,,,,,,,,,,,,,,,,,,,,,,,,,,,,,,,,,,,,,,,,,,,,,,,,,,,,,,,,,,,,,,,,,,,,,,,,,,,,,,,,,,,,,,,,,,,,,,,,,,,,,,,,,,,,,,,,,,,,,
1900,10,22810,-47.5,36.8,,,,,,,,,,,,,,,,,,,,,,,,,,,,,,,,,5.93,9.3,10.4,8.44,5.0,2.92,16.0,0.0,2.11,6.15,6.78,4.79,5.0,2.53,16.0,0.0,5.34,6.3,8.06,6.75,5.0,2.37,16.0,0.0,1015.43,1017.2,1018.16,1016.8,3.0,2.03,16.0,0.0,,,,,,,,,,,,,,,,,,,,,,,,,,,,,,,,,,,,,,,,,,,,,,,,,,,,,,,,,,,,,,,,,,,,,,,,,,,,,,,,,,,,,,,,,,,,,,,,,,,,,,,,,,,,,,,,,,,,,,,,,,,,,,,,
1900,10,22810,-47.5,40.4,,,,,,,,,,,,,,,,,,,,,,,,,,,,,,,,,1.0,2.6,6.7,3.48,13.0,2.16,4.0,0.5,-2.78,-0.93,2.41,-0.55,13.0,2.91,4.0,0.5,-1.8,0.37,1.32,0.2,13.0,3.0,4.0,0.5,1021.75,1028.2,1031.31,1026.69,13.0,4.77,4.0,0.5,,,,,,,,,,,,,,,,,,,,,,,,,,,,,,,,,,,,,,,,,,,,,,,,,,,,,,,,,,,,,,,,,,,,,,,,,,,,,,,,,,,,,,,,,,,,,,,,,,,,,,,,,,,,,,,,,,,,,,,,,,,,,,,,
1900,10,22810,-47.5,46.3,,,,,,,,,,,,,,,,,,,,,,,,,,,,,,,,,1.43,6.7,6.7,4.81,9.0,3.03,14.0,0.6,-0.62,3.48,6.17,2.81,9.0,3.23,14.0,0.6,0.0,0.93,3.96,0.68,9.0,3.92,14.0,0.6,1002.99,1017.4,1023.98,1012.79,9.0,13.85,14.0,0.6,,,,,,,,,,,,,,,,,,,,,,,,,,,,,,,,,,,,,,,,,,,,,,,,,,,,,,,,,,,,,,,,,,,,,,,,,,,,,,,,,,,,,,,,,,,,,,,,,,,,,,,,,,,,,,,,,,,,,,,,,,,,,,,,
1900,10,22810,-47.39999999999998,-49.3,,,,,,,,,,,,,,,,,,,,,,,,,,,,,,,,,6.7,9.3,12.3,10.11,9.0,3.13,12.0,0.4,3.63,4.81,6.2,4.61,9.0,2.02,12.0,0.4,-12.04,-8.56,-2.51,-7.63,9.0,5.6,12.0,0.4,1015.2,1016.6,1021.61,1018.33,4.0,5.11,14.0,0.5,,,,,,,,,,,,,,,,,,,,,,,,,,,,,,,,,,,,,,,,,,,,,,,,,,,,,,,,,,,,,,,,,,,,,,,,,,,,,,,,,,,,,,,,,,,,,,,,,,,,,,,,,,,,,,,,,,,,,,,,,,,,,,,,
1900,10,22810,-47.39999999999998,-47.2,,,,,,,,,,,,,,,,,,,,,,,,,,,,,,,,,9.97,19.0,22.6,15.68,15.0,7.24,24.0,0.5,4.81,13.44,15.98,10.98,15.0,5.62,24.0,0.5,-10.09,3.63,15.98,4.17,15.0,11.68,24.0,0.5,999.49,1001.4,1005.24,1003.17,11.0,7.74,26.0,0.5,,,,,,,,,,,,,,,,,,,,,,,,,,,,,,,,,,,,,,,,,,,,,,,,,,,,,,,,,,,,,,,,,,,,,,,,,,,,,,,,,,,,,,,,,,,,,,,,,,,,,,,,,,,,,,,,,,,,,,,,,,,,,,,,
1900,10,22810,-47.39999999999998,34.2,,,,,,,,,,,,,,,,,,,,,,,,,,,,,,,,,6.7,6.7,8.47,7.57,3.0,1.5,8.0,0.3,-5.32,-2.62,-2.62,-3.94,3.0,2.29,8.0,0.3,-6.45,-6.17,-6.17,-6.3,3.0,0.24,8.0,0.3,1015.85,1016.6,1018.37,1017.1,3.0,1.9,8.0,0.3,,,,,,,,,,,,,,,,,,,,,,,,,,,,,,,,,,,,,,,,,,,,,,,,,,,,,,,,,,,,,,,,,,,,,,,,,,,,,,,,,,,,,,,,,,,,,,,,,,,,,,,,,,,,,,,,,,,,,,,,,,,,,,,,
1900,10,22810,-47.30000000000001,-33.1,,,,,,,,,,,,,,,,,,,,,,,,,,,,,,,,,2.6,6.7,15.4,8.55,37.0,6.01,24.0,0.5,-6.58,0.0,7.18,0.5,37.0,7.35,24.0,0.5,-2.51,4.27,9.33,3.39,37.0,6.72,24.0,0.5,1013.45,1018.4,1021.73,1017.95,31.0,5.76,26.0,0.5,,,,,,,,,,,,,,,,,,,,,,,,,,,,,,,,,,,,,,,,,,,,,,,,,,,,,,,,,,,,,,,,,,,,,,,,,,,,,,,,,,,,,,,,,,,,,,,,,,,,,,,,,,,,,,,,,,,,,,,,,,,,,,,,
1900,10,22810,-47.19999999999999,-45.4,,,,,,,,,,,,,,,,,,,,,,,,,,,,,,,,,9.3,13.85,22.6,15.16,16.0,5.61,28.0,0.4,-8.67,9.79,15.98,6.81,16.0,9.98,28.0,0.4,6.58,8.7,15.43,9.4,16.0,5.78,28.0,0.4,996.1,998.3,1002.72,999.28,13.0,3.33,28.0,0.4,,,,,,,,,,,,,,,,,,,,,,,,,,,,,,,,,,,,,,,,,,,,,,,,,,,,,,,,,,,,,,,,,,,,,,,,,,,,,,,,,,,,,,,,,,,,,,,,,,,,,,,,,,,,,,,,,,,,,,,,,,,,,,,,
1900,10,22810,-47.19999999999999,-35.1,,,,,,,,,,,,,,,,,,,,,,,,,,,,,,,,,14.27,15.4,15.4,14.78,5.0,1.39,6.0,0.6,10.09,10.89,10.89,10.45,5.0,0.98,6.0,0.6,10.09,10.89,10.89,10.45,5.0,0.98,6.0,0.6,1013.07,1015.8,1017.57,1015.32,5.0,3.51,6.0,0.6,,,,,,,,,,,,,,,,,,,,,,,,,,,,,,,,,,,,,,,,,,,,,,,,,,,,,,,,,,,,,,,,,,,,,,,,,,,,,,,,,,,,,,,,,,,,,,,,,,,,,,,,,,,,,,,,,,,,,,,,,,,,,,,,
1900,10,22810,-47.19999999999999,18.3,,,,,,,,,,,,,,,,,,,,,,,,,,,,,,,,,0.73,2.3,3.87,2.3,2.0,3.25,18.0,0.0,-3.59,-2.13,-0.68,-2.13,2.0,3.02,18.0,0.0,-1.45,-0.86,-0.27,-0.86,2.0,1.22,18.0,0.0,1011.46,1013.1,1014.74,1013.1,2.0,3.39,18.0,0.0,,,,,,,,,,,,,,,,,,,,,,,,,,,,,,,,,,,,,,,,,,,,,,,,,,,,,,,,,,,,,,,,,,,,,,,,,,,,,,,,,,,,,,,,,,,,,,,,,,,,,,,,,,,,,,,,,,,,,,,,,,,,,,,,
1900,10,22810,-47.10000000000002,-31.4,,,,,,,,,,,,,,,,,,,,,,,,,,,,,,,,,4.6,9.3,15.4,9.43,49.0,5.06,20.0,0.5,-5.77,0.0,6.23,-0.46,49.0,6.37,20.0,0.5,-6.35,4.6,11.05,2.56,49.0,8.3,20.0,0.5,1003.89,1014.65,1026.14,1013.98,48.0,9.18,22.0,0.5,,,,,,,,,,,,,,,,,,,,,,,,,,,,,,,,,,,,,,,,,,,,,,,,,,,,,,,,,,,,,,,,,,,,,,,,,,,,,,,,,,,,,,,,,,,,,,,,,,,,,,,,,,,,,,,,,,,,,,,,,,,,,,,,
1900,10,22810,-47.10000000000002,42.2,,,,,,,,,,,,,,,,,,,,,,,,,,,,,,,,,2.6,6.7,26.8,13.03,7.0,10.9,14.0,0.6,0.97,6.17,18.95,9.97,7.0,8.27,14.0,0.6,-18.95,2.41,2.62,-4.99,7.0,10.16,14.0,0.6,1025.48,1026.5,1027.0,1026.25,4.0,0.96,2.0,0.5,,,,,,,,,,,,,,,,,,,,,,,,,,,,,,,,,,,,,,,,,,,,,,,,,,,,,,,,,,,,,,,,,,,,,,,,,,,,,,,,,,,,,,,,,,,,,,,,,,,,,,,,,,,,,,,,,,,,,,,,,,,,,,,,
1900,10,22810,-47.0,-29.2,,,,,,,,,,,,,,,,,,,,,,,,,,,,,,,,,1.0,2.6,9.3,4.25,12.0,3.91,24.0,0.5,-7.27,-0.99,-0.71,-2.95,12.0,3.47,24.0,0.5,-2.88,-0.35,1.14,-0.31,12.0,3.66,24.0,0.5,1014.06,1017.6,1019.39,1017.02,9.0,2.66,28.0,0.7,,,,,,,,,,,,,,,,,,,,,,,,,,,,,,,,,,,,,,,,,,,,,,,,,,,,,,,,,,,,,,,,,,,,,,,,,,,,,,,,,,,,,,,,,,,,,,,,,,,,,,,,,,,,,,,,,,,,,,,,,,,,,,,,
1900,10,22810,-45.69999999999999,44.8,,,,,,,,,,,,,,,,,,,,,,,,,,,,,,,,,19.0,19.0,19.0,19.0,1.0,0.0,30.0,1.0,0.0,0.0,0.0,0.0,1.0,0.0,30.0,1.0,-19.0,-19.0,-19.0,-19.0,1.0,0.0,30.0,1.0,997.6,997.6,997.6,997.6,1.0,0.0,30.0,1.0,,,,,,,,,,,,,,,,,,,,,,,,,,,,,,,,,,,,,,,,,,,,,,,,,,,,,,,,,,,,,,,,,,,,,,,,,,,,,,,,,,,,,,,,,,,,,,,,,,,,,,,,,,,,,,,,,,,,,,,,,,,,,,,,
1900,10,22810,-45.60000000000002,40.8,,,,,,,,,,,,,,,,,,,,,,,,,,,,,,,,,6.09,9.3,9.3,7.73,3.0,2.71,6.0,0.3,2.38,3.63,7.0,4.66,3.0,3.5,6.0,0.3,-1.14,4.23,7.19,3.05,3.0,6.18,6.0,0.3,1011.83,1013.4,1014.49,1013.17,3.0,1.96,6.0,0.3,,,,,,,,,,,,,,,,,,,,,,,,,,,,,,,,,,,,,,,,,,,,,,,,,,,,,,,,,,,,,,,,,,,,,,,,,,,,,,,,,,,,,,,,,,,,,,,,,,,,,,,,,,,,,,,,,,,,,,,,,,,,,,,,
1900,10,22810,-45.5,18.6,,,,,,,,,,,,,,,,,,,,,,,,,,,,,,,,,2.48,4.6,4.6,3.37,7.0,1.76,20.0,0.7,-4.27,-4.27,0.0,-2.7,7.0,2.05,20.0,0.7,-1.72,-1.72,1.87,-0.35,7.0,1.88,20.0,0.7,1010.47,1014.5,1015.5,1013.23,7.0,2.43,20.0,0.7,,,,,,,,,,,,,,,,,,,,,,,,,,,,,,,,,,,,,,,,,,,,,,,,,,,,,,,,,,,,,,,,,,,,,,,,,,,,,,,,,,,,,,,,,,,,,,,,,,,,,,,,,,,,,,,,,,,,,,,,,,,,,,,,
1900,10,22810,-45.5,46.4,,,,,,,,,,,,,,,,,,,,,,,,,,,,,,,,,2.6,4.6,15.41,8.35,18.0,7.36,18.0,0.4,-2.56,0.0,9.62,1.82,18.0,5.98,18.0,0.4,-9.26,1.25,3.66,-2.43,18.0,9.08,18.0,0.4,994.93,1016.3,1025.97,1010.83,18.0,14.64,18.0,0.4,,,,,,,,,,,,,,,,,,,,,,,,,,,,,,,,,,,,,,,,,,,,,,,,,,,,,,,,,,,,,,,,,,,,,,,,,,,,,,,,,,,,,,,,,,,,,,,,,,,,,,,,,,,,,,,,,,,,,,,,,,,,,,,,
1900,10,22810,-45.39999999999998,-45.2,,,,,,,,,,,,,,,,,,,,,,,,,,,,,,,,,15.4,19.0,22.6,18.54,20.0,3.79,28.0,0.6,10.93,15.23,17.62,13.59,20.0,6.97,28.0,0.6,-5.68,11.11,14.53,7.55,20.0,8.54,28.0,0.6,995.66,1001.5,1002.99,999.32,17.0,4.95,28.0,0.5,,,,,,,,,,,,,,,,,,,,,,,,,,,,,,,,,,,,,,,,,,,,,,,,,,,,,,,,,,,,,,,,,,,,,,,,,,,,,,,,,,,,,,,,,,,,,,,,,,,,,,,,,,,,,,,,,,,,,,,,,,,,,,,,
1900,10,22810,-45.39999999999998,-31.2,,,,,,,,,,,,,,,,,,,,,,,,,,,,,,,,,6.7,9.3,15.4,11.1,26.0,3.91,18.0,0.6,-4.86,0.0,6.04,0.48,26.0,6.08,18.0,0.6,-6.84,6.09,14.18,3.14,26.0,9.79,18.0,0.6,1005.55,1010.9,1022.82,1013.15,13.0,8.12,18.0,0.4,,,,,,,,,,,,,,,,,,,,,,,,,,,,,,,,,,,,,,,,,,,,,,,,,,,,,,,,,,,,,,,,,,,,,,,,,,,,,,,,,,,,,,,,,,,,,,,,,,,,,,,,,,,,,,,,,,,,,,,,,,,,,,,,
1900,10,22810,-45.39999999999998,-27.4,,,,,,,,,,,,,,,,,,,,,,,,,,,,,,,,,4.6,9.3,9.44,8.39,7.0,2.81,20.0,0.6,-8.56,-3.63,0.0,-3.83,7.0,3.62,20.0,0.6,-3.63,4.23,9.44,4.12,7.0,6.32,20.0,0.6,1017.46,1018.35,1019.19,1018.33,4.0,1.31,28.0,0.3,,,,,,,,,,,,,,,,,,,,,,,,,,,,,,,,,,,,,,,,,,,,,,,,,,,,,,,,,,,,,,,,,,,,,,,,,,,,,,,,,,,,,,,,,,,,,,,,,,,,,,,,,,,,,,,,,,,,,,,,,,,,,,,,
1900,10,22810,-45.39999999999998,34.2,,,,,,,,,,,,,,,,,,,,,,,,,,,,,,,,,2.6,2.6,3.97,3.27,3.0,1.15,8.0,0.7,2.46,2.6,3.74,3.09,3.0,1.03,8.0,0.7,-0.69,0.0,1.18,0.24,3.0,1.38,8.0,0.7,1013.99,1014.4,1014.88,1014.43,3.0,0.65,8.0,0.7,,,,,,,,,,,,,,,,,,,,,,,,,,,,,,,,,,,,,,,,,,,,,,,,,,,,,,,,,,,,,,,,,,,,,,,,,,,,,,,,,,,,,,,,,,,,,,,,,,,,,,,,,,,,,,,,,,,,,,,,,,,,,,,,
1900,10,22810,-45.30000000000001,-49.2,,,,,,,,,,,,,,,,,,,,,,,,,,,,,,,,,2.19,4.6,8.91,5.73,12.0,4.94,16.0,0.5,1.37,2.94,6.2,3.97,12.0,3.55,16.0,0.5,-7.37,-1.72,0.25,-3.25,12.0,4.36,16.0,0.5,1018.34,1019.3,1019.44,1018.9,3.0,0.87,14.0,0.3,,,,,,,,,,,,,,,,,,,,,,,,,,,,,,,,,,,,,,,,,,,,,,,,,,,,,,,,,,,,,,,,,,,,,,,,,,,,,,,,,,,,,,,,,,,,,,,,,,,,,,,,,,,,,,,,,,,,,,,,,,,,,,,,
1900,10,22810,-45.30000000000001,-29.3,,,,,,,,,,,,,,,,,,,,,,,,,,,,,,,,,2.6,4.6,9.3,5.46,26.0,3.6,22.0,0.5,-3.49,-0.35,1.72,-1.37,26.0,3.53,22.0,0.5,-6.22,-3.93,2.41,-2.88,26.0,4.58,22.0,0.5,1006.17,1012.45,1018.85,1012.8,24.0,5.56,24.0,0.5,,,,,,,,,,,,,,,,,,,,,,,,,,,,,,,,,,,,,,,,,,,,,,,,,,,,,,,,,,,,,,,,,,,,,,,,,,,,,,,,,,,,,,,,,,,,,,,,,,,,,,,,,,,,,,,,,,,,,,,,,,,,,,,,
1900,10,22810,-45.30000000000001,36.5,,,,,,,,,,,,,,,,,,,,,,,,,,,,,,,,,2.6,12.3,12.3,8.43,7.0,4.87,10.0,0.9,2.21,8.7,9.42,5.75,7.0,4.58,10.0,0.9,-1.13,7.91,7.94,3.88,7.0,5.43,10.0,0.9,1013.42,1013.9,1014.1,1013.77,3.0,0.51,16.0,1.0,,,,,,,,,,,,,,,,,,,,,,,,,,,,,,,,,,,,,,,,,,,,,,,,,,,,,,,,,,,,,,,,,,,,,,,,,,,,,,,,,,,,,,,,,,,,,,,,,,,,,,,,,,,,,,,,,,,,,,,,,,,,,,,,
1900,10,22810,-45.19999999999999,-47.4,,,,,,,,,,,,,,,,,,,,,,,,,,,,,,,,,4.6,10.8,19.0,10.74,20.0,6.36,18.0,0.6,-1.84,4.22,7.42,3.63,20.0,4.71,18.0,0.6,-17.44,-8.63,-3.27,-9.35,20.0,5.8,18.0,0.6,1021.46,1025.9,1026.1,1023.83,3.0,3.84,16.0,0.7,,,,,,,,,,,,,,,,,,,,,,,,,,,,,,,,,,,,,,,,,,,,,,,,,,,,,,,,,,,,,,,,,,,,,,,,,,,,,,,,,,,,,,,,,,,,,,,,,,,,,,,,,,,,,,,,,,,,,,,,,,,,,,,,
1900,10,22810,-45.19999999999999,-33.5,,,,,,,,,,,,,,,,,,,,,,,,,,,,,,,,,2.27,5.65,9.3,5.58,6.0,3.46,6.0,0.3,1.6,4.0,6.58,3.95,6.0,2.44,6.0,0.3,-0.94,4.0,6.58,3.1,6.0,3.63,6.0,0.3,1022.4,1025.7,1026.0,1024.7,6.0,1.79,6.0,0.3,,,,,,,,,,,,,,,,,,,,,,,,,,,,,,,,,,,,,,,,,,,,,,,,,,,,,,,,,,,,,,,,,,,,,,,,,,,,,,,,,,,,,,,,,,,,,,,,,,,,,,,,,,,,,,,,,,,,,,,,,,,,,,,,
1900,10,22810,-45.19999999999999,20.3,,,,,,,,,,,,,,,,,,,,,,,,,,,,,,,,,4.6,4.6,4.6,4.6,3.0,0.0,16.0,0.3,-3.94,-3.25,-1.03,-2.51,3.0,2.23,16.0,0.3,-0.14,3.25,4.17,2.04,3.0,3.33,16.0,0.3,1010.45,1011.0,1015.23,1012.8,3.0,3.83,16.0,0.3,,,,,,,,,,,,,,,,,,,,,,,,,,,,,,,,,,,,,,,,,,,,,,,,,,,,,,,,,,,,,,,,,,,,,,,,,,,,,,,,,,,,,,,,,,,,,,,,,,,,,,,,,,,,,,,,,,,,,,,,,,,,,,,,
1900,10,22810,-45.19999999999999,42.3,,,,,,,,,,,,,,,,,,,,,,,,,,,,,,,,,6.7,9.3,12.3,9.56,10.0,3.43,20.0,0.4,6.4,8.59,11.37,8.67,10.0,2.98,20.0,0.4,-4.72,0.0,3.2,-0.19,10.0,4.57,20.0,0.4,1017.08,1023.5,1024.0,1020.68,4.0,6.0,2.0,0.3,,,,,,,,,,,,,,,,,,,,,,,,,,,,,,,,,,,,,,,,,,,,,,,,,,,,,,,,,,,,,,,,,,,,,,,,,,,,,,,,,,,,,,,,,,,,,,,,,,,,,,,,,,,,,,,,,,,,,,,,,,,,,,,,
1900,10,22810,-45.10000000000002,-43.6,,,,,,,,,,,,,,,,,,,,,,,,,,,,,,,,,9.3,15.4,15.4,13.02,9.0,2.97,28.0,0.7,-0.88,10.89,14.28,7.72,9.0,7.42,28.0,0.7,5.77,6.58,10.89,7.96,9.0,2.49,28.0,0.7,1000.48,1003.6,1004.08,1002.73,8.0,2.1,28.0,0.6,,,,,,,,,,,,,,,,,,,,,,,,,,,,,,,,,,,,,,,,,,,,,,,,,,,,,,,,,,,,,,,,,,,,,,,,,,,,,,,,,,,,,,,,,,,,,,,,,,,,,,,,,,,,,,,,,,,,,,,,,,,,,,,,
1900,10,22810,-43.60000000000002,20.6,,,,,,,,,,,,,,,,,,,,,,,,,,,,,,,,,4.6,4.6,5.03,4.95,6.0,0.86,20.0,0.3,-4.36,-4.27,-3.25,-4.01,6.0,0.61,20.0,0.3,-1.72,0.76,3.56,1.01,6.0,3.05,20.0,0.3,1010.64,1014.0,1017.84,1014.15,6.0,3.86,20.0,0.3,,,,,,,,,,,,,,,,,,,,,,,,,,,,,,,,,,,,,,,,,,,,,,,,,,,,,,,,,,,,,,,,,,,,,,,,,,,,,,,,,,,,,,,,,,,,,,,,,,,,,,,,,,,,,,,,,,,,,,,,,,,,,,,,
1900,10,22810,-43.60000000000002,36.0,,,,,,,,,,,,,,,,,,,,,,,,,,,,,,,,,1.0,1.0,8.71,4.77,3.0,6.52,8.0,0.7,0.48,0.71,6.66,3.5,3.0,5.13,8.0,0.7,0.78,0.93,5.69,3.18,3.0,4.09,8.0,0.7,1013.9,1013.9,1013.9,1013.9,1.0,0.0,16.0,0.0,,,,,,,,,,,,,,,,,,,,,,,,,,,,,,,,,,,,,,,,,,,,,,,,,,,,,,,,,,,,,,,,,,,,,,,,,,,,,,,,,,,,,,,,,,,,,,,,,,,,,,,,,,,,,,,,,,,,,,,,,,,,,,,,
1900,10,22810,-43.5,-31.0,,,,,,,,,,,,,,,,,,,,,,,,,,,,,,,,,9.49,15.4,15.4,12.62,5.0,4.68,16.0,0.6,-5.77,1.8,7.03,1.19,5.0,7.15,16.0,0.6,-14.28,-11.32,-8.46,-11.0,5.0,4.1,16.0,0.6,998.3,999.9,1001.92,1000.1,4.0,2.1,16.0,0.3,,,,,,,,,,,,,,,,,,,,,,,,,,,,,,,,,,,,,,,,,,,,,,,,,,,,,,,,,,,,,,,,,,,,,,,,,,,,,,,,,,,,,,,,,,,,,,,,,,,,,,,,,,,,,,,,,,,,,,,,,,,,,,,,
1900,10,22810,-43.5,32.7,,,,,,,,,,,,,,,,,,,,,,,,,,,,,,,,,2.6,2.6,2.6,2.6,2.0,0.0,8.0,0.5,2.44,2.51,2.57,2.51,2.0,0.13,8.0,0.5,0.15,0.49,0.82,0.49,2.0,0.69,8.0,0.5,1015.67,1016.05,1016.43,1016.05,2.0,0.78,8.0,0.5,,,,,,,,,,,,,,,,,,,,,,,,,,,,,,,,,,,,,,,,,,,,,,,,,,,,,,,,,,,,,,,,,,,,,,,,,,,,,,,,,,,,,,,,,,,,,,,,,,,,,,,,,,,,,,,,,,,,,,,,,,,,,,,,
1900,10,22810,-43.5,46.7,,,,,,,,,,,,,,,,,,,,,,,,,,,,,,,,,2.6,6.7,12.6,8.1,13.0,6.46,14.0,0.5,-1.91,0.0,12.3,3.92,13.0,6.78,14.0,0.5,-4.86,0.0,4.3,-0.65,13.0,7.06,14.0,0.5,993.91,1022.4,1024.95,1014.2,14.0,14.83,16.0,0.5,,,,,,,,,,,,,,,,,,,,,,,,,,,,,,,,,,,,,,,,,,,,,,,,,,,,,,,,,,,,,,,,,,,,,,,,,,,,,,,,,,,,,,,,,,,,,,,,,,,,,,,,,,,,,,,,,,,,,,,,,,,,,,,,
1900,10,22810,-43.39999999999998,42.4,,,,,,,,,,,,,,,,,,,,,,,,,,,,,,,,,8.23,9.3,12.3,9.77,11.0,2.5,8.0,0.5,3.57,4.61,7.42,5.27,11.0,1.97,8.0,0.5,-11.4,-8.56,-3.69,-7.69,11.0,3.44,8.0,0.5,1016.42,1019.2,1022.0,1019.18,8.0,2.85,4.0,0.8,,,,,,,,,,,,,,,,,,,,,,,,,,,,,,,,,,,,,,,,,,,,,,,,,,,,,,,,,,,,,,,,,,,,,,,,,,,,,,,,,,,,,,,,,,,,,,,,,,,,,,,,,,,,,,,,,,,,,,,,,,,,,,,,
1900,10,22810,-43.30000000000001,-43.3,,,,,,,,,,,,,,,,,,,,,,,,,,,,,,,,,9.3,15.4,16.49,14.22,18.0,4.51,28.0,0.3,7.03,12.38,15.4,11.07,18.0,6.08,28.0,0.3,0.0,5.04,11.32,5.7,18.0,5.78,28.0,0.3,1000.47,1004.2,1005.5,1002.89,17.0,3.88,28.0,0.3,,,,,,,,,,,,,,,,,,,,,,,,,,,,,,,,,,,,,,,,,,,,,,,,,,,,,,,,,,,,,,,,,,,,,,,,,,,,,,,,,,,,,,,,,,,,,,,,,,,,,,,,,,,,,,,,,,,,,,,,,,,,,,,,
1900,10,22810,-43.30000000000001,-33.0,,,,,,,,,,,,,,,,,,,,,,,,,,,,,,,,,4.6,6.7,9.01,6.56,8.0,1.95,8.0,0.5,-3.38,0.0,1.6,-1.02,8.0,3.01,8.0,0.5,-6.69,-6.19,-4.6,-5.96,8.0,1.45,8.0,0.5,1025.14,1026.45,1027.24,1026.26,8.0,0.94,8.0,0.5,,,,,,,,,,,,,,,,,,,,,,,,,,,,,,,,,,,,,,,,,,,,,,,,,,,,,,,,,,,,,,,,,,,,,,,,,,,,,,,,,,,,,,,,,,,,,,,,,,,,,,,,,,,,,,,,,,,,,,,,,,,,,,,,
1900,10,22810,-43.19999999999999,-47.3,,,,,,,,,,,,,,,,,,,,,,,,,,,,,,,,,1.0,6.7,13.73,6.65,17.0,5.56,14.0,0.6,0.21,2.62,6.58,3.15,17.0,3.97,14.0,0.6,-10.89,-6.17,-0.67,-5.22,17.0,4.76,14.0,0.6,1011.9,1017.3,1022.83,1017.22,11.0,5.88,16.0,0.6,,,,,,,,,,,,,,,,,,,,,,,,,,,,,,,,,,,,,,,,,,,,,,,,,,,,,,,,,,,,,,,,,,,,,,,,,,,,,,,,,,,,,,,,,,,,,,,,,,,,,,,,,,,,,,,,,,,,,,,,,,,,,,,,
1900,10,22810,-43.19999999999999,-29.2,,,,,,,,,,,,,,,,,,,,,,,,,,,,,,,,,4.6,6.7,9.3,6.62,29.0,2.78,20.0,0.5,-6.58,-2.62,2.51,-2.31,29.0,4.28,20.0,0.5,-6.58,-3.25,5.47,-1.24,29.0,5.26,20.0,0.5,1011.73,1014.5,1016.2,1013.75,22.0,2.92,22.0,0.5,,,,,,,,,,,,,,,,,,,,,,,,,,,,,,,,,,,,,,,,,,,,,,,,,,,,,,,,,,,,,,,,,,,,,,,,,,,,,,,,,,,,,,,,,,,,,,,,,,,,,,,,,,,,,,,,,,,,,,,,,,,,,,,,
1900,10,22810,-43.19999999999999,-27.3,,,,,,,,,,,,,,,,,,,,,,,,,,,,,,,,,2.6,6.7,12.3,7.63,24.0,4.28,20.0,0.7,-7.32,-3.29,0.84,-2.83,24.0,4.69,20.0,0.7,-9.86,-4.74,2.47,-3.54,24.0,5.97,20.0,0.7,1008.04,1014.1,1016.4,1012.92,21.0,3.7,22.0,0.7,,,,,,,,,,,,,,,,,,,,,,,,,,,,,,,,,,,,,,,,,,,,,,,,,,,,,,,,,,,,,,,,,,,,,,,,,,,,,,,,,,,,,,,,,,,,,,,,,,,,,,,,,,,,,,,,,,,,,,,,,,,,,,,,
1900,10,22810,-43.19999999999999,-25.2,,,,,,,,,,,,,,,,,,,,,,,,,,,,,,,,,3.66,5.95,8.24,5.95,2.0,4.74,16.0,0.5,-7.82,-4.65,-1.48,-4.65,2.0,6.58,16.0,0.5,0.41,1.3,2.19,1.3,2.0,1.84,16.0,0.5,1014.1,1014.1,1014.1,1014.1,1.0,0.0,26.0,1.0,,,,,,,,,,,,,,,,,,,,,,,,,,,,,,,,,,,,,,,,,,,,,,,,,,,,,,,,,,,,,,,,,,,,,,,,,,,,,,,,,,,,,,,,,,,,,,,,,,,,,,,,,,,,,,,,,,,,,,,,,,,,,,,,
1900,10,22810,-43.19999999999999,22.3,,,,,,,,,,,,,,,,,,,,,,,,,,,,,,,,,4.6,4.6,6.03,5.3,3.0,1.21,22.0,1.0,-4.59,-4.27,-4.27,-4.42,3.0,0.27,22.0,1.0,-1.72,-1.72,2.69,0.43,3.0,3.73,22.0,1.0,1013.79,1017.2,1017.47,1015.67,3.0,3.01,22.0,1.0,,,,,,,,,,,,,,,,,,,,,,,,,,,,,,,,,,,,,,,,,,,,,,,,,,,,,,,,,,,,,,,,,,,,,,,,,,,,,,,,,,,,,,,,,,,,,,,,,,,,,,,,,,,,,,,,,,,,,,,,,,,,,,,,
1900,10,22810,-43.19999999999999,34.8,,,,,,,,,,,,,,,,,,,,,,,,,,,,,,,,,9.78,10.8,11.82,10.8,2.0,2.12,18.0,0.0,7.03,8.0,8.97,8.0,2.0,2.01,18.0,0.0,6.79,7.24,7.7,7.24,2.0,0.94,18.0,0.0,1014.4,1014.4,1014.4,1014.4,1.0,0.0,18.0,0.0,,,,,,,,,,,,,,,,,,,,,,,,,,,,,,,,,,,,,,,,,,,,,,,,,,,,,,,,,,,,,,,,,,,,,,,,,,,,,,,,,,,,,,,,,,,,,,,,,,,,,,,,,,,,,,,,,,,,,,,,,,,,,,,,
1900,10,22810,-43.10000000000002,-45.3,,,,,,,,,,,,,,,,,,,,,,,,,,,,,,,,,9.3,15.4,19.0,13.73,14.0,4.94,22.0,0.6,-3.05,10.89,13.44,6.58,14.0,9.01,22.0,0.6,-10.89,-5.1,13.06,-1.32,14.0,9.88,22.0,0.6,989.71,994.9,1000.09,994.9,2.0,10.75,28.0,0.0,,,,,,,,,,,,,,,,,,,,,,,,,,,,,,,,,,,,,,,,,,,,,,,,,,,,,,,,,,,,,,,,,,,,,,,,,,,,,,,,,,,,,,,,,,,,,,,,,,,,,,,,,,,,,,,,,,,,,,,,,,,,,,,,
1900,10,22810,-43.0,-41.5,,,,,,,,,,,,,,,,,,,,,,,,,,,,,,,,,12.79,13.85,14.91,13.85,2.0,2.19,28.0,1.0,9.05,9.79,10.54,9.79,2.0,1.55,28.0,1.0,9.05,9.79,10.54,9.79,2.0,1.55,28.0,1.0,1006.64,1006.95,1007.26,1006.95,2.0,0.64,28.0,1.0,,,,,,,,,,,,,,,,,,,,,,,,,,,,,,,,,,,,,,,,,,,,,,,,,,,,,,,,,,,,,,,,,,,,,,,,,,,,,,,,,,,,,,,,,,,,,,,,,,,,,,,,,,,,,,,,,,,,,,,,,,,,,,,,
1900,10,22810,-41.69999999999999,22.6,,,,,,,,,,,,,,,,,,,,,,,,,,,,,,,,,5.93,6.7,7.65,6.8,5.0,1.67,18.0,0.2,-6.35,-6.17,-5.47,-5.88,5.0,0.92,18.0,0.2,-2.01,2.62,4.06,1.52,5.0,3.7,18.0,0.2,1012.79,1015.2,1017.34,1015.02,5.0,2.43,18.0,0.2,,,,,,,,,,,,,,,,,,,,,,,,,,,,,,,,,,,,,,,,,,,,,,,,,,,,,,,,,,,,,,,,,,,,,,,,,,,,,,,,,,,,,,,,,,,,,,,,,,,,,,,,,,,,,,,,,,,,,,,,,,,,,,,,
1900,10,22810,-41.5,-47.0,,,,,,,,,,,,,,,,,,,,,,,,,,,,,,,,,2.02,4.6,11.53,6.58,5.0,5.83,18.0,0.0,0.45,2.41,8.15,4.12,5.0,4.57,18.0,0.0,-8.15,-0.97,2.13,-2.63,5.0,6.12,18.0,0.0,1009.32,1010.6,1026.4,1016.38,5.0,9.17,18.0,0.0,,,,,,,,,,,,,,,,,,,,,,,,,,,,,,,,,,,,,,,,,,,,,,,,,,,,,,,,,,,,,,,,,,,,,,,,,,,,,,,,,,,,,,,,,,,,,,,,,,,,,,,,,,,,,,,,,,,,,,,,,,,,,,,,
1900,10,22810,-41.5,-29.0,,,,,,,,,,,,,,,,,,,,,,,,,,,,,,,,,9.3,9.3,9.3,9.3,2.0,0.0,16.0,0.0,-6.58,-6.58,-6.58,-6.58,2.0,0.0,16.0,0.0,-6.58,-6.58,-6.58,-6.58,2.0,0.0,16.0,0.0,1013.9,1014.55,1015.2,1014.55,2.0,1.34,16.0,0.0,,,,,,,,,,,,,,,,,,,,,,,,,,,,,,,,,,,,,,,,,,,,,,,,,,,,,,,,,,,,,,,,,,,,,,,,,,,,,,,,,,,,,,,,,,,,,,,,,,,,,,,,,,,,,,,,,,,,,,,,,,,,,,,,
1900,10,22810,-41.5,46.7,,,,,,,,,,,,,,,,,,,,,,,,,,,,,,,,,5.25,9.5,15.4,9.8,12.0,6.05,16.0,0.5,0.0,0.0,12.78,4.61,12.0,6.5,16.0,0.5,-1.53,4.14,8.12,3.61,12.0,7.86,16.0,0.5,987.08,1015.85,1025.9,1009.3,12.0,17.43,16.0,0.5,,,,,,,,,,,,,,,,,,,,,,,,,,,,,,,,,,,,,,,,,,,,,,,,,,,,,,,,,,,,,,,,,,,,,,,,,,,,,,,,,,,,,,,,,,,,,,,,,,,,,,,,,,,,,,,,,,,,,,,,,,,,,,,,
1900,10,22810,-41.39999999999998,-27.1,,,,,,,,,,,,,,,,,,,,,,,,,,,,,,,,,9.3,9.3,13.24,10.69,18.0,2.72,16.0,0.2,-8.7,-6.58,0.0,-6.32,18.0,4.3,16.0,0.2,-10.21,-6.58,-4.4,-7.33,18.0,3.28,16.0,0.2,1008.17,1015.5,1018.3,1014.03,13.0,4.58,18.0,0.3,,,,,,,,,,,,,,,,,,,,,,,,,,,,,,,,,,,,,,,,,,,,,,,,,,,,,,,,,,,,,,,,,,,,,,,,,,,,,,,,,,,,,,,,,,,,,,,,,,,,,,,,,,,,,,,,,,,,,,,,,,,,,,,,
1900,10,22810,-41.39999999999998,42.3,,,,,,,,,,,,,,,,,,,,,,,,,,,,,,,,,7.94,9.3,10.87,9.4,4.0,2.29,6.0,0.3,2.97,3.48,4.18,3.57,4.0,0.94,6.0,0.3,-10.04,-8.62,-7.36,-8.69,4.0,2.09,6.0,0.3,1017.36,1018.2,1020.19,1018.75,4.0,2.29,6.0,0.3,,,,,,,,,,,,,,,,,,,,,,,,,,,,,,,,,,,,,,,,,,,,,,,,,,,,,,,,,,,,,,,,,,,,,,,,,,,,,,,,,,,,,,,,,,,,,,,,,,,,,,,,,,,,,,,,,,,,,,,,,,,,,,,,
1900,10,22810,-41.39999999999998,44.2,,,,,,,,,,,,,,,,,,,,,,,,,,,,,,,,,3.14,6.7,14.56,8.9,9.0,6.01,8.0,0.4,2.78,6.21,11.92,7.14,9.0,4.31,8.0,0.4,-10.3,-1.8,0.0,-3.95,9.0,5.64,8.0,0.4,1020.0,1020.0,1020.0,1020.0,1.0,0.0,4.0,0.0,,,,,,,,,,,,,,,,,,,,,,,,,,,,,,,,,,,,,,,,,,,,,,,,,,,,,,,,,,,,,,,,,,,,,,,,,,,,,,,,,,,,,,,,,,,,,,,,,,,,,,,,,,,,,,,,,,,,,,,,,,,,,,,,
1900,10,22810,-41.30000000000001,-43.2,,,,,,,,,,,,,,,,,,,,,,,,,,,,,,,,,6.7,9.3,15.4,10.38,16.0,4.36,26.0,0.8,3.25,6.58,11.93,7.2,16.0,4.55,26.0,0.8,-6.65,4.0,6.58,1.43,16.0,7.46,26.0,0.8,995.4,1005.55,1007.9,1003.49,8.0,6.08,28.0,1.0,,,,,,,,,,,,,,,,,,,,,,,,,,,,,,,,,,,,,,,,,,,,,,,,,,,,,,,,,,,,,,,,,,,,,,,,,,,,,,,,,,,,,,,,,,,,,,,,,,,,,,,,,,,,,,,,,,,,,,,,,,,,,,,,
1900,10,22810,-41.30000000000001,-33.2,,,,,,,,,,,,,,,,,,,,,,,,,,,,,,,,,8.76,9.3,12.3,9.87,6.0,2.14,8.0,0.5,-6.58,-4.67,-4.38,-5.1,6.0,1.23,8.0,0.5,-11.4,-7.6,-6.2,-8.22,6.0,2.76,8.0,0.5,1026.68,1027.0,1027.69,1027.25,6.0,0.82,8.0,0.5,,,,,,,,,,,,,,,,,,,,,,,,,,,,,,,,,,,,,,,,,,,,,,,,,,,,,,,,,,,,,,,,,,,,,,,,,,,,,,,,,,,,,,,,,,,,,,,,,,,,,,,,,,,,,,,,,,,,,,,,,,,,,,,,
1900,10,22810,-41.30000000000001,48.2,,,,,,,,,,,,,,,,,,,,,,,,,,,,,,,,,1.18,4.6,4.6,3.59,8.0,2.21,22.0,0.8,-1.72,-0.35,3.18,0.27,8.0,3.02,22.0,0.8,0.0,1.98,4.27,1.94,8.0,2.47,22.0,0.8,1004.46,1027.8,1029.27,1019.1,5.0,13.74,18.0,0.6,,,,,,,,,,,,,,,,,,,,,,,,,,,,,,,,,,,,,,,,,,,,,,,,,,,,,,,,,,,,,,,,,,,,,,,,,,,,,,,,,,,,,,,,,,,,,,,,,,,,,,,,,,,,,,,,,,,,,,,,,,,,,,,,
1900,10,22810,-41.19999999999999,-45.2,,,,,,,,,,,,,,,,,,,,,,,,,,,,,,,,,4.6,9.3,19.0,10.12,13.0,6.55,16.0,0.5,-0.09,3.63,13.44,5.42,13.0,7.2,16.0,0.5,-11.52,-4.74,-3.17,-6.14,13.0,5.41,16.0,0.5,1015.68,1019.95,1024.22,1019.95,2.0,8.84,18.0,1.0,,,,,,,,,,,,,,,,,,,,,,,,,,,,,,,,,,,,,,,,,,,,,,,,,,,,,,,,,,,,,,,,,,,,,,,,,,,,,,,,,,,,,,,,,,,,,,,,,,,,,,,,,,,,,,,,,,,,,,,,,,,,,,,,
1900,10,22810,-41.19999999999999,-41.5,,,,,,,,,,,,,,,,,,,,,,,,,,,,,,,,,4.6,12.3,15.4,11.16,18.0,5.45,28.0,0.5,-2.8,7.52,11.62,5.68,18.0,7.06,28.0,0.5,-12.55,0.0,3.32,-3.6,18.0,8.0,28.0,0.5,1005.92,1007.1,1008.58,1006.78,12.0,2.91,30.0,0.5,,,,,,,,,,,,,,,,,,,,,,,,,,,,,,,,,,,,,,,,,,,,,,,,,,,,,,,,,,,,,,,,,,,,,,,,,,,,,,,,,,,,,,,,,,,,,,,,,,,,,,,,,,,,,,,,,,,,,,,,,,,,,,,,
1900,10,22810,-41.19999999999999,-25.4,,,,,,,,,,,,,,,,,,,,,,,,,,,,,,,,,6.3,9.3,15.4,9.72,25.0,4.65,18.0,0.7,-8.7,-6.58,0.0,-5.42,25.0,4.16,18.0,0.7,-11.54,-6.58,-3.13,-6.86,25.0,4.8,18.0,0.7,1010.24,1014.6,1019.1,1014.61,19.0,3.88,20.0,0.6,,,,,,,,,,,,,,,,,,,,,,,,,,,,,,,,,,,,,,,,,,,,,,,,,,,,,,,,,,,,,,,,,,,,,,,,,,,,,,,,,,,,,,,,,,,,,,,,,,,,,,,,,,,,,,,,,,,,,,,,,,,,,,,,
1900,10,22810,-41.19999999999999,24.3,,,,,,,,,,,,,,,,,,,,,,,,,,,,,,,,,3.55,5.65,6.7,5.15,4.0,1.97,20.0,0.5,-6.17,-5.38,-3.55,-4.88,4.0,1.69,20.0,0.5,0.0,1.31,2.62,1.31,4.0,1.51,20.0,0.5,1015.53,1016.8,1017.81,1016.68,4.0,1.36,20.0,0.5,,,,,,,,,,,,,,,,,,,,,,,,,,,,,,,,,,,,,,,,,,,,,,,,,,,,,,,,,,,,,,,,,,,,,,,,,,,,,,,,,,,,,,,,,,,,,,,,,,,,,,,,,,,,,,,,,,,,,,,,,,,,,,,,
1900,10,22810,-41.19999999999999,34.2,,,,,,,,,,,,,,,,,,,,,,,,,,,,,,,,,5.17,6.7,9.3,7.39,9.0,1.99,12.0,0.7,4.78,6.21,7.12,6.11,9.0,1.13,12.0,0.7,-0.77,2.62,5.98,3.03,9.0,3.42,12.0,0.7,1014.61,1018.1,1020.16,1017.71,8.0,2.56,10.0,0.6,,,,,,,,,,,,,,,,,,,,,,,,,,,,,,,,,,,,,,,,,,,,,,,,,,,,,,,,,,,,,,,,,,,,,,,,,,,,,,,,,,,,,,,,,,,,,,,,,,,,,,,,,,,,,,,,,,,,,,,,,,,,,,,,
1900,10,22810,-41.10000000000002,32.5,,,,,,,,,,,,,,,,,,,,,,,,,,,,,,,,,0.0,1.0,4.16,1.6,15.0,1.76,6.0,0.5,-0.37,0.0,3.9,1.02,15.0,1.92,6.0,0.5,-0.93,0.0,0.3,-0.27,15.0,1.0,6.0,0.5,1019.39,1024.4,1025.79,1023.2,15.0,2.79,6.0,0.5,,,,,,,,,,,,,,,,,,,,,,,,,,,,,,,,,,,,,,,,,,,,,,,,,,,,,,,,,,,,,,,,,,,,,,,,,,,,,,,,,,,,,,,,,,,,,,,,,,,,,,,,,,,,,,,,,,,,,,,,,,,,,,,,
1900,10,22810,-41.0,-39.5,,,,,,,,,,,,,,,,,,,,,,,,,,,,,,,,,9.3,9.3,9.3,9.3,1.0,0.0,30.0,0.0,9.3,9.3,9.3,9.3,1.0,0.0,30.0,0.0,0.0,0.0,0.0,0.0,1.0,0.0,30.0,0.0,1008.3,1008.3,1008.3,1008.3,1.0,0.0,30.0,0.0,,,,,,,,,,,,,,,,,,,,,,,,,,,,,,,,,,,,,,,,,,,,,,,,,,,,,,,,,,,,,,,,,,,,,,,,,,,,,,,,,,,,,,,,,,,,,,,,,,,,,,,,,,,,,,,,,,,,,,,,,,,,,,,,
1900,10,22810,-39.69999999999999,24.8,,,,,,,,,,,,,,,,,,,,,,,,,,,,,,,,,3.55,4.6,5.7,4.63,4.0,1.67,20.0,1.0,-5.26,-3.76,-2.91,-4.07,4.0,1.56,20.0,1.0,-0.9,1.31,2.95,1.04,4.0,2.32,20.0,1.0,1016.99,1017.4,1017.6,1017.3,4.0,0.38,20.0,1.0,,,,,,,,,,,,,,,,,,,,,,,,,,,,,,,,,,,,,,,,,,,,,,,,,,,,,,,,,,,,,,,,,,,,,,,,,,,,,,,,,,,,,,,,,,,,,,,,,,,,,,,,,,,,,,,,,,,,,,,,,,,,,,,,
1900,10,22810,-39.60000000000002,-33.6,,,,,,,,,,,,,,,,,,,,,,,,,,,,,,,,,7.53,9.3,9.3,8.43,3.0,1.5,10.0,0.7,-7.93,-6.58,-5.32,-6.62,3.0,1.91,10.0,0.7,-5.99,-4.74,-3.98,-4.98,3.0,1.49,10.0,0.7,1028.52,1029.2,1029.34,1028.93,3.0,0.64,10.0,0.7,,,,,,,,,,,,,,,,,,,,,,,,,,,,,,,,,,,,,,,,,,,,,,,,,,,,,,,,,,,,,,,,,,,,,,,,,,,,,,,,,,,,,,,,,,,,,,,,,,,,,,,,,,,,,,,,,,,,,,,,,,,,,,,,
1900,10,22810,-39.60000000000002,46.8,,,,,,,,,,,,,,,,,,,,,,,,,,,,,,,,,2.6,3.6,8.63,5.53,4.0,4.61,16.0,0.8,-1.84,-0.92,2.52,0.28,4.0,3.14,16.0,0.8,1.84,3.22,8.12,4.9,4.0,4.48,16.0,0.8,996.01,1018.3,1026.91,1011.78,4.0,20.59,16.0,0.8,,,,,,,,,,,,,,,,,,,,,,,,,,,,,,,,,,,,,,,,,,,,,,,,,,,,,,,,,,,,,,,,,,,,,,,,,,,,,,,,,,,,,,,,,,,,,,,,,,,,,,,,,,,,,,,,,,,,,,,,,,,,,,,,
1900,10,22810,-39.5,-27.0,,,,,,,,,,,,,,,,,,,,,,,,,,,,,,,,,9.3,9.3,9.3,9.3,2.0,0.0,14.0,0.5,-8.25,-7.57,-6.89,-7.57,2.0,1.4,14.0,0.5,-6.11,-5.1,-4.1,-5.1,2.0,2.08,14.0,0.5,1017.71,1017.95,1018.19,1017.95,2.0,0.49,14.0,0.5,,,,,,,,,,,,,,,,,,,,,,,,,,,,,,,,,,,,,,,,,,,,,,,,,,,,,,,,,,,,,,,,,,,,,,,,,,,,,,,,,,,,,,,,,,,,,,,,,,,,,,,,,,,,,,,,,,,,,,,,,,,,,,,,
1900,10,22810,-39.5,42.3,,,,,,,,,,,,,,,,,,,,,,,,,,,,,,,,,4.6,6.7,12.3,8.5,7.0,3.66,6.0,0.4,-4.81,-1.8,4.81,-0.29,7.0,4.89,6.0,0.4,-11.32,-4.74,-2.98,-6.24,7.0,5.31,6.0,0.4,1014.76,1016.2,1019.64,1017.27,7.0,3.63,6.0,0.4,,,,,,,,,,,,,,,,,,,,,,,,,,,,,,,,,,,,,,,,,,,,,,,,,,,,,,,,,,,,,,,,,,,,,,,,,,,,,,,,,,,,,,,,,,,,,,,,,,,,,,,,,,,,,,,,,,,,,,,,,,,,,,,,
1900,10,22810,-39.5,44.4,,,,,,,,,,,,,,,,,,,,,,,,,,,,,,,,,4.6,9.3,19.0,9.95,11.0,6.55,14.0,0.5,0.54,3.63,13.44,5.34,11.0,6.63,14.0,0.5,-12.24,-6.7,0.97,-5.32,11.0,6.72,14.0,0.5,1022.0,1022.0,1022.0,1022.0,2.0,0.0,4.0,0.5,,,,,,,,,,,,,,,,,,,,,,,,,,,,,,,,,,,,,,,,,,,,,,,,,,,,,,,,,,,,,,,,,,,,,,,,,,,,,,,,,,,,,,,,,,,,,,,,,,,,,,,,,,,,,,,,,,,,,,,,,,,,,,,,
1900,10,22810,-39.5,48.2,,,,,,,,,,,,,,,,,,,,,,,,,,,,,,,,,4.09,6.7,14.0,8.73,12.0,6.66,16.0,0.4,-0.83,2.88,9.21,3.53,12.0,5.22,16.0,0.4,-6.91,3.5,5.24,-0.88,12.0,9.26,16.0,0.4,1006.4,1015.6,1025.54,1016.16,10.0,9.93,14.0,0.5,,,,,,,,,,,,,,,,,,,,,,,,,,,,,,,,,,,,,,,,,,,,,,,,,,,,,,,,,,,,,,,,,,,,,,,,,,,,,,,,,,,,,,,,,,,,,,,,,,,,,,,,,,,,,,,,,,,,,,,,,,,,,,,,
1900,10,22810,-39.39999999999998,-45.1,,,,,,,,,,,,,,,,,,,,,,,,,,,,,,,,,9.3,9.3,12.79,11.63,7.0,4.97,16.0,0.7,-6.68,6.58,6.68,0.96,7.0,7.78,16.0,0.7,-7.26,-6.58,6.68,-2.67,7.0,10.6,16.0,0.7,1015.17,1021.7,1026.44,1020.97,6.0,5.96,18.0,0.7,,,,,,,,,,,,,,,,,,,,,,,,,,,,,,,,,,,,,,,,,,,,,,,,,,,,,,,,,,,,,,,,,,,,,,,,,,,,,,,,,,,,,,,,,,,,,,,,,,,,,,,,,,,,,,,,,,,,,,,,,,,,,,,,
1900,10,22810,-39.39999999999998,-43.2,,,,,,,,,,,,,,,,,,,,,,,,,,,,,,,,,4.6,13.85,22.54,12.98,20.0,8.37,20.0,0.4,-4.72,3.34,15.91,3.9,20.0,9.66,20.0,0.4,-18.93,-7.6,-0.01,-7.95,20.0,8.45,20.0,0.4,995.7,1007.0,1022.49,1009.0,4.0,15.7,24.0,0.0,,,,,,,,,,,,,,,,,,,,,,,,,,,,,,,,,,,,,,,,,,,,,,,,,,,,,,,,,,,,,,,,,,,,,,,,,,,,,,,,,,,,,,,,,,,,,,,,,,,,,,,,,,,,,,,,,,,,,,,,,,,,,,,,
1900,10,22810,-39.39999999999998,-25.2,,,,,,,,,,,,,,,,,,,,,,,,,,,,,,,,,12.3,12.3,15.06,12.83,8.0,3.46,16.0,0.3,-12.19,-9.79,-8.7,-9.85,8.0,2.73,16.0,0.3,-10.65,-8.7,-4.75,-7.5,8.0,4.18,16.0,0.3,1012.68,1018.4,1019.42,1017.03,7.0,3.19,16.0,0.3,,,,,,,,,,,,,,,,,,,,,,,,,,,,,,,,,,,,,,,,,,,,,,,,,,,,,,,,,,,,,,,,,,,,,,,,,,,,,,,,,,,,,,,,,,,,,,,,,,,,,,,,,,,,,,,,,,,,,,,,,,,,,,,,
1900,10,22810,-39.30000000000001,-41.3,,,,,,,,,,,,,,,,,,,,,,,,,,,,,,,,,10.44,15.4,21.23,15.34,16.0,5.05,28.0,0.3,4.05,7.58,12.3,7.57,16.0,6.29,28.0,0.3,-17.49,-6.65,2.98,-6.22,16.0,11.61,28.0,0.3,1001.06,1005.7,1007.32,1004.3,9.0,4.14,30.0,0.2,,,,,,,,,,,,,,,,,,,,,,,,,,,,,,,,,,,,,,,,,,,,,,,,,,,,,,,,,,,,,,,,,,,,,,,,,,,,,,,,,,,,,,,,,,,,,,,,,,,,,,,,,,,,,,,,,,,,,,,,,,,,,,,,
1900,10,22810,-39.30000000000001,-23.3,,,,,,,,,,,,,,,,,,,,,,,,,,,,,,,,,9.3,12.3,12.3,11.13,27.0,2.47,16.0,0.4,-11.4,-8.7,-4.74,-8.44,27.0,3.53,16.0,0.4,-8.69,-4.74,4.61,-3.06,27.0,6.21,16.0,0.4,1013.15,1017.5,1018.46,1016.63,18.0,2.34,20.0,0.4,,,,,,,,,,,,,,,,,,,,,,,,,,,,,,,,,,,,,,,,,,,,,,,,,,,,,,,,,,,,,,,,,,,,,,,,,,,,,,,,,,,,,,,,,,,,,,,,,,,,,,,,,,,,,,,,,,,,,,,,,,,,,,,,
1900,10,22810,-39.30000000000001,32.4,,,,,,,,,,,,,,,,,,,,,,,,,,,,,,,,,2.6,4.6,5.57,3.88,17.0,1.83,10.0,0.5,-2.09,1.57,2.91,0.62,17.0,2.56,10.0,0.5,-2.1,1.67,5.17,1.07,17.0,3.33,10.0,0.5,1016.58,1023.5,1025.91,1022.12,13.0,3.91,8.0,0.5,,,,,,,,,,,,,,,,,,,,,,,,,,,,,,,,,,,,,,,,,,,,,,,,,,,,,,,,,,,,,,,,,,,,,,,,,,,,,,,,,,,,,,,,,,,,,,,,,,,,,,,,,,,,,,,,,,,,,,,,,,,,,,,,
1900,10,22810,-39.30000000000001,34.3,,,,,,,,,,,,,,,,,,,,,,,,,,,,,,,,,1.0,2.6,4.77,3.18,32.0,2.12,6.0,0.4,-1.95,0.0,3.25,0.31,32.0,2.87,6.0,0.4,-3.25,-0.96,1.68,-0.96,32.0,2.37,6.0,0.4,1016.19,1025.5,1028.23,1023.68,21.0,5.47,4.0,0.5,,,,,,,,,,,,,,,,,,,,,,,,,,,,,,,,,,,,,,,,,,,,,,,,,,,,,,,,,,,,,,,,,,,,,,,,,,,,,,,,,,,,,,,,,,,,,,,,,,,,,,,,,,,,,,,,,,,,,,,,,,,,,,,,
1900,10,22810,-39.30000000000001,36.2,,,,,,,,,,,,,,,,,,,,,,,,,,,,,,,,,1.0,2.6,6.7,3.78,25.0,3.5,4.0,0.4,-1.84,-0.71,1.95,-0.12,25.0,2.29,4.0,0.4,-6.27,-1.84,-0.65,-3.18,25.0,3.37,4.0,0.4,1015.03,1026.6,1028.62,1024.28,25.0,5.75,4.0,0.4,,,,,,,,,,,,,,,,,,,,,,,,,,,,,,,,,,,,,,,,,,,,,,,,,,,,,,,,,,,,,,,,,,,,,,,,,,,,,,,,,,,,,,,,,,,,,,,,,,,,,,,,,,,,,,,,,,,,,,,,,,,,,,,,
1900,10,22810,-39.19999999999999,-39.4,,,,,,,,,,,,,,,,,,,,,,,,,,,,,,,,,6.7,12.3,18.77,11.96,14.0,5.87,28.0,0.5,0.0,4.45,7.12,3.92,14.0,5.58,28.0,0.5,-12.06,-1.25,16.77,-0.34,14.0,11.86,28.0,0.5,999.67,1003.1,1009.09,1003.46,8.0,5.04,30.0,0.5,,,,,,,,,,,,,,,,,,,,,,,,,,,,,,,,,,,,,,,,,,,,,,,,,,,,,,,,,,,,,,,,,,,,,,,,,,,,,,,,,,,,,,,,,,,,,,,,,,,,,,,,,,,,,,,,,,,,,,,,,,,,,,,,
1900,10,22810,-39.19999999999999,26.3,,,,,,,,,,,,,,,,,,,,,,,,,,,,,,,,,1.76,3.6,4.6,3.2,4.0,1.74,20.0,0.0,-3.77,-2.55,-1.07,-2.43,4.0,1.68,20.0,0.0,-1.26,1.36,1.82,0.33,4.0,2.42,20.0,0.0,1017.34,1017.7,1017.95,1017.65,4.0,0.37,20.0,0.0,,,,,,,,,,,,,,,,,,,,,,,,,,,,,,,,,,,,,,,,,,,,,,,,,,,,,,,,,,,,,,,,,,,,,,,,,,,,,,,,,,,,,,,,,,,,,,,,,,,,,,,,,,,,,,,,,,,,,,,,,,,,,,,,
1900,10,22810,-39.10000000000002,-21.4,,,,,,,,,,,,,,,,,,,,,,,,,,,,,,,,,4.6,6.7,6.7,6.36,8.0,2.83,20.0,0.6,-4.74,-3.25,-2.52,-4.04,8.0,2.09,20.0,0.6,-6.05,-4.0,2.89,-1.65,8.0,5.31,20.0,0.6,1014.68,1019.0,1019.67,1017.59,7.0,2.83,22.0,0.6,,,,,,,,,,,,,,,,,,,,,,,,,,,,,,,,,,,,,,,,,,,,,,,,,,,,,,,,,,,,,,,,,,,,,,,,,,,,,,,,,,,,,,,,,,,,,,,,,,,,,,,,,,,,,,,,,,,,,,,,,,,,,,,,
1900,10,22810,-39.0,-35.0,,,,,,,,,,,,,,,,,,,,,,,,,,,,,,,,,9.78,10.8,11.82,10.8,2.0,2.12,10.0,0.0,-4.43,-4.05,-3.66,-4.05,2.0,0.79,10.0,0.0,-10.96,-10.01,-9.06,-10.01,2.0,1.97,10.0,0.0,1028.85,1029.4,1029.95,1029.4,2.0,1.13,10.0,0.0,,,,,,,,,,,,,,,,,,,,,,,,,,,,,,,,,,,,,,,,,,,,,,,,,,,,,,,,,,,,,,,,,,,,,,,,,,,,,,,,,,,,,,,,,,,,,,,,,,,,,,,,,,,,,,,,,,,,,,,,,,,,,,,,
1900,10,22810,-39.0,-19.5,,,,,,,,,,,,,,,,,,,,,,,,,,,,,,,,,5.6,8.0,10.87,8.23,4.0,3.33,20.0,0.0,-2.48,0.0,0.0,-1.18,4.0,2.37,20.0,0.0,-0.29,6.95,10.87,5.37,4.0,7.44,20.0,0.0,1016.73,1017.45,1018.32,1017.53,4.0,1.02,20.0,0.0,,,,,,,,,,,,,,,,,,,,,,,,,,,,,,,,,,,,,,,,,,,,,,,,,,,,,,,,,,,,,,,,,,,,,,,,,,,,,,,,,,,,,,,,,,,,,,,,,,,,,,,,,,,,,,,,,,,,,,,,,,,,,,,,
1900,10,22810,-39.0,30.4,,,,,,,,,,,,,,,,,,,,,,,,,,,,,,,,,0.75,2.6,4.6,2.73,12.0,1.87,4.0,0.5,-4.23,-0.35,2.46,-1.02,12.0,2.87,4.0,0.5,-1.8,-0.84,0.0,-1.01,12.0,1.07,4.0,0.5,1020.27,1023.0,1025.68,1023.12,12.0,2.76,4.0,0.5,,,,,,,,,,,,,,,,,,,,,,,,,,,,,,,,,,,,,,,,,,,,,,,,,,,,,,,,,,,,,,,,,,,,,,,,,,,,,,,,,,,,,,,,,,,,,,,,,,,,,,,,,,,,,,,,,,,,,,,,,,,,,,,,
1900,10,22810,-39.0,38.0,,,,,,,,,,,,,,,,,,,,,,,,,,,,,,,,,1.0,2.6,4.6,2.56,10.0,1.57,4.0,0.7,-1.82,-0.92,-0.3,-0.82,10.0,1.07,4.0,0.7,-0.57,0.72,4.25,1.36,10.0,2.41,4.0,0.7,1021.54,1023.85,1026.31,1023.89,10.0,2.28,4.0,0.7,,,,,,,,,,,,,,,,,,,,,,,,,,,,,,,,,,,,,,,,,,,,,,,,,,,,,,,,,,,,,,,,,,,,,,,,,,,,,,,,,,,,,,,,,,,,,,,,,,,,,,,,,,,,,,,,,,,,,,,,,,,,,,,,
1900,10,22810,-37.5,-25.0,,,,,,,,,,,,,,,,,,,,,,,,,,,,,,,,,12.3,12.3,12.3,12.3,2.0,0.0,14.0,1.0,-11.4,-11.4,-11.4,-11.4,2.0,0.0,14.0,1.0,4.61,4.61,4.61,4.61,2.0,0.0,14.0,1.0,1019.75,1019.85,1019.95,1019.85,2.0,0.21,14.0,1.0,,,,,,,,,,,,,,,,,,,,,,,,,,,,,,,,,,,,,,,,,,,,,,,,,,,,,,,,,,,,,,,,,,,,,,,,,,,,,,,,,,,,,,,,,,,,,,,,,,,,,,,,,,,,,,,,,,,,,,,,,,,,,,,,
1900,10,22810,-37.5,26.5,,,,,,,,,,,,,,,,,,,,,,,,,,,,,,,,,2.6,6.7,12.3,7.13,15.0,4.56,22.0,0.5,-11.4,-4.74,-1.81,-5.81,15.0,5.37,22.0,0.5,-4.61,0.0,1.84,-0.86,15.0,3.07,22.0,0.5,1017.56,1020.3,1021.6,1019.71,12.0,2.35,22.0,0.4,,,,,,,,,,,,,,,,,,,,,,,,,,,,,,,,,,,,,,,,,,,,,,,,,,,,,,,,,,,,,,,,,,,,,,,,,,,,,,,,,,,,,,,,,,,,,,,,,,,,,,,,,,,,,,,,,,,,,,,,,,,,,,,,
1900,10,22810,-37.5,42.4,,,,,,,,,,,,,,,,,,,,,,,,,,,,,,,,,6.7,8.0,9.3,8.5,14.0,2.77,10.0,0.4,-8.44,-4.74,-3.63,-6.08,14.0,3.73,10.0,0.4,-8.56,1.31,4.67,-0.46,14.0,5.62,10.0,0.4,1018.05,1020.3,1022.64,1020.33,16.0,2.42,10.0,0.4,,,,,,,,,,,,,,,,,,,,,,,,,,,,,,,,,,,,,,,,,,,,,,,,,,,,,,,,,,,,,,,,,,,,,,,,,,,,,,,,,,,,,,,,,,,,,,,,,,,,,,,,,,,,,,,,,,,,,,,,,,,,,,,,
1900,10,22810,-37.39999999999998,-43.1,,,,,,,,,,,,,,,,,,,,,,,,,,,,,,,,,6.7,10.8,17.46,11.77,10.0,5.7,16.0,0.8,-7.79,5.38,7.11,2.07,10.0,7.07,16.0,0.8,-16.07,-1.25,7.79,-3.1,10.0,11.0,16.0,0.8,1023.67,1024.2,1025.44,1024.14,7.0,1.59,18.0,0.7,,,,,,,,,,,,,,,,,,,,,,,,,,,,,,,,,,,,,,,,,,,,,,,,,,,,,,,,,,,,,,,,,,,,,,,,,,,,,,,,,,,,,,,,,,,,,,,,,,,,,,,,,,,,,,,,,,,,,,,,,,,,,,,,
1900,10,22810,-37.39999999999998,-23.1,,,,,,,,,,,,,,,,,,,,,,,,,,,,,,,,,5.12,10.8,12.3,9.38,8.0,3.83,22.0,0.4,-11.4,-9.97,0.9,-6.52,8.0,6.28,22.0,0.4,-4.74,-1.2,4.48,0.14,8.0,5.2,22.0,0.4,1015.6,1017.3,1017.97,1016.8,8.0,1.4,22.0,0.4,,,,,,,,,,,,,,,,,,,,,,,,,,,,,,,,,,,,,,,,,,,,,,,,,,,,,,,,,,,,,,,,,,,,,,,,,,,,,,,,,,,,,,,,,,,,,,,,,,,,,,,,,,,,,,,,,,,,,,,,,,,,,,,,
1900,10,22810,-37.39999999999998,48.3,,,,,,,,,,,,,,,,,,,,,,,,,,,,,,,,,4.6,4.6,13.24,8.05,18.0,6.6,16.0,0.4,0.0,3.25,10.72,4.98,18.0,6.8,16.0,0.4,0.0,3.25,5.0,1.55,18.0,6.09,16.0,0.4,1004.04,1007.5,1026.67,1011.94,16.0,14.68,16.0,0.4,,,,,,,,,,,,,,,,,,,,,,,,,,,,,,,,,,,,,,,,,,,,,,,,,,,,,,,,,,,,,,,,,,,,,,,,,,,,,,,,,,,,,,,,,,,,,,,,,,,,,,,,,,,,,,,,,,,,,,,,,,,,,,,,
1900,10,22810,-37.30000000000001,-41.2,,,,,,,,,,,,,,,,,,,,,,,,,,,,,,,,,4.6,10.8,15.4,10.53,16.0,5.85,24.0,0.6,-3.55,4.03,13.46,4.31,16.0,8.12,24.0,0.6,-3.57,2.93,7.1,0.77,16.0,8.14,24.0,0.6,999.08,1010.2,1023.82,1010.81,7.0,11.87,22.0,0.7,,,,,,,,,,,,,,,,,,,,,,,,,,,,,,,,,,,,,,,,,,,,,,,,,,,,,,,,,,,,,,,,,,,,,,,,,,,,,,,,,,,,,,,,,,,,,,,,,,,,,,,,,,,,,,,,,,,,,,,,,,,,,,,,
1900,10,22810,-37.30000000000001,-39.4,,,,,,,,,,,,,,,,,,,,,,,,,,,,,,,,,6.7,9.3,15.4,11.49,17.0,5.69,30.0,0.4,-1.67,3.63,10.68,4.3,17.0,7.26,30.0,0.4,-14.18,-6.7,0.0,-6.17,17.0,7.75,30.0,0.4,995.76,1006.4,1009.67,1003.06,10.0,7.87,30.0,0.4,,,,,,,,,,,,,,,,,,,,,,,,,,,,,,,,,,,,,,,,,,,,,,,,,,,,,,,,,,,,,,,,,,,,,,,,,,,,,,,,,,,,,,,,,,,,,,,,,,,,,,,,,,,,,,,,,,,,,,,,,,,,,,,,
1900,10,22810,-37.30000000000001,-35.0,,,,,,,,,,,,,,,,,,,,,,,,,,,,,,,,,6.6,6.7,6.82,6.77,7.0,1.36,10.0,0.6,-4.74,-2.51,-1.52,-2.44,7.0,2.51,10.0,0.6,-6.33,-6.17,-4.72,-5.85,7.0,1.47,10.0,0.6,1028.59,1029.9,1030.74,1029.59,7.0,1.68,10.0,0.6,,,,,,,,,,,,,,,,,,,,,,,,,,,,,,,,,,,,,,,,,,,,,,,,,,,,,,,,,,,,,,,,,,,,,,,,,,,,,,,,,,,,,,,,,,,,,,,,,,,,,,,,,,,,,,,,,,,,,,,,,,,,,,,,
1900,10,22810,-37.30000000000001,-21.2,,,,,,,,,,,,,,,,,,,,,,,,,,,,,,,,,6.7,9.3,12.3,9.67,31.0,2.77,18.0,0.5,-12.3,-8.62,-2.51,-7.74,31.0,3.97,18.0,0.5,-4.61,0.0,6.58,0.6,31.0,5.13,18.0,0.5,1014.61,1017.1,1019.6,1016.96,25.0,2.34,20.0,0.5,,,,,,,,,,,,,,,,,,,,,,,,,,,,,,,,,,,,,,,,,,,,,,,,,,,,,,,,,,,,,,,,,,,,,,,,,,,,,,,,,,,,,,,,,,,,,,,,,,,,,,,,,,,,,,,,,,,,,,,,,,,,,,,,
1900,10,22810,-37.30000000000001,32.2,,,,,,,,,,,,,,,,,,,,,,,,,,,,,,,,,0.0,2.6,6.7,3.84,55.0,3.86,14.0,0.5,-2.39,0.0,3.5,-0.2,55.0,4.63,14.0,0.5,-0.97,0.0,4.29,1.2,55.0,2.64,14.0,0.5,1016.8,1021.2,1025.15,1020.97,53.0,3.97,14.0,0.5,,,,,,,,,,,,,,,,,,,,,,,,,,,,,,,,,,,,,,,,,,,,,,,,,,,,,,,,,,,,,,,,,,,,,,,,,,,,,,,,,,,,,,,,,,,,,,,,,,,,,,,,,,,,,,,,,,,,,,,,,,,,,,,,
1900,10,22810,-37.30000000000001,44.3,,,,,,,,,,,,,,,,,,,,,,,,,,,,,,,,,6.7,10.8,17.46,12.03,10.0,5.5,2.0,0.4,0.0,4.74,7.79,4.7,10.0,3.77,2.0,0.4,-16.13,-7.64,-4.74,-10.09,10.0,6.27,2.0,0.4,1021.9,1023.0,1024.62,1023.11,7.0,1.73,2.0,0.4,,,,,,,,,,,,,,,,,,,,,,,,,,,,,,,,,,,,,,,,,,,,,,,,,,,,,,,,,,,,,,,,,,,,,,,,,,,,,,,,,,,,,,,,,,,,,,,,,,,,,,,,,,,,,,,,,,,,,,,,,,,,,,,,
1900,10,22810,-37.19999999999999,-37.3,,,,,,,,,,,,,,,,,,,,,,,,,,,,,,,,,9.3,9.3,12.3,10.94,8.0,3.73,28.0,0.6,6.21,6.85,8.62,6.55,8.0,2.84,28.0,0.6,-3.48,4.6,8.46,2.85,8.0,9.18,28.0,0.6,1007.5,1007.5,1007.5,1007.5,1.0,0.0,30.0,0.0,,,,,,,,,,,,,,,,,,,,,,,,,,,,,,,,,,,,,,,,,,,,,,,,,,,,,,,,,,,,,,,,,,,,,,,,,,,,,,,,,,,,,,,,,,,,,,,,,,,,,,,,,,,,,,,,,,,,,,,,,,,,,,,,
1900,10,22810,-37.19999999999999,-17.3,,,,,,,,,,,,,,,,,,,,,,,,,,,,,,,,,4.6,4.6,6.7,5.77,13.0,1.48,24.0,0.5,-6.21,-4.6,-4.17,-4.88,13.0,1.1,24.0,0.5,-0.31,1.72,4.74,1.59,13.0,2.91,24.0,0.5,1015.07,1017.2,1018.0,1016.87,12.0,1.43,24.0,0.4,,,,,,,,,,,,,,,,,,,,,,,,,,,,,,,,,,,,,,,,,,,,,,,,,,,,,,,,,,,,,,,,,,,,,,,,,,,,,,,,,,,,,,,,,,,,,,,,,,,,,,,,,,,,,,,,,,,,,,,,,,,,,,,,
1900,10,22810,-37.19999999999999,28.3,,,,,,,,,,,,,,,,,,,,,,,,,,,,,,,,,4.6,4.6,6.7,5.55,24.0,1.86,16.0,0.6,-5.98,-3.76,-1.17,-3.6,24.0,3.24,16.0,0.6,-3.72,0.0,3.45,-0.22,24.0,3.38,16.0,0.6,1018.55,1020.2,1023.51,1020.42,23.0,2.86,16.0,0.6,,,,,,,,,,,,,,,,,,,,,,,,,,,,,,,,,,,,,,,,,,,,,,,,,,,,,,,,,,,,,,,,,,,,,,,,,,,,,,,,,,,,,,,,,,,,,,,,,,,,,,,,,,,,,,,,,,,,,,,,,,,,,,,,
1900,10,22810,-37.19999999999999,30.4,,,,,,,,,,,,,,,,,,,,,,,,,,,,,,,,,1.0,2.6,6.7,3.19,64.0,2.54,14.0,0.5,-4.74,-0.97,0.0,-1.93,64.0,2.47,14.0,0.5,-2.44,0.0,3.35,0.13,64.0,2.62,14.0,0.5,1018.52,1022.2,1023.88,1021.48,59.0,2.38,14.0,0.5,,,,,,,,,,,,,,,,,,,,,,,,,,,,,,,,,,,,,,,,,,,,,,,,,,,,,,,,,,,,,,,,,,,,,,,,,,,,,,,,,,,,,,,,,,,,,,,,,,,,,,,,,,,,,,,,,,,,,,,,,,,,,,,,
1900,10,22810,-37.19999999999999,34.3,,,,,,,,,,,,,,,,,,,,,,,,,,,,,,,,,2.6,4.6,9.3,5.83,21.0,3.05,10.0,0.5,-3.97,3.25,6.2,1.6,21.0,5.76,10.0,0.5,-3.25,-0.97,1.48,-0.6,21.0,2.95,10.0,0.5,1016.6,1023.9,1029.77,1023.09,16.0,6.34,12.0,0.5,,,,,,,,,,,,,,,,,,,,,,,,,,,,,,,,,,,,,,,,,,,,,,,,,,,,,,,,,,,,,,,,,,,,,,,,,,,,,,,,,,,,,,,,,,,,,,,,,,,,,,,,,,,,,,,,,,,,,,,,,,,,,,,,
1900,10,22810,-37.19999999999999,36.1,,,,,,,,,,,,,,,,,,,,,,,,,,,,,,,,,4.6,8.0,14.0,9.54,12.0,6.07,12.0,0.4,-8.32,-4.23,0.0,-4.14,12.0,6.31,12.0,0.4,-10.06,-3.76,0.87,-3.31,12.0,8.1,12.0,0.4,1003.47,1012.1,1028.6,1014.57,15.0,10.84,12.0,0.4,,,,,,,,,,,,,,,,,,,,,,,,,,,,,,,,,,,,,,,,,,,,,,,,,,,,,,,,,,,,,,,,,,,,,,,,,,,,,,,,,,,,,,,,,,,,,,,,,,,,,,,,,,,,,,,,,,,,,,,,,,,,,,,,
1900,10,22810,-37.19999999999999,38.3,,,,,,,,,,,,,,,,,,,,,,,,,,,,,,,,,2.6,6.7,10.85,7.55,12.0,5.24,8.0,0.6,-8.41,-1.71,3.63,-2.73,12.0,6.71,8.0,0.6,0.91,4.74,6.58,4.61,12.0,3.64,8.0,0.6,1014.12,1017.9,1023.03,1018.24,12.0,4.18,8.0,0.6,,,,,,,,,,,,,,,,,,,,,,,,,,,,,,,,,,,,,,,,,,,,,,,,,,,,,,,,,,,,,,,,,,,,,,,,,,,,,,,,,,,,,,,,,,,,,,,,,,,,,,,,,,,,,,,,,,,,,,,,,,,,,,,,
1900,10,22810,-37.19999999999999,40.8,,,,,,,,,,,,,,,,,,,,,,,,,,,,,,,,,16.94,19.0,22.6,19.05,10.0,3.28,10.0,0.6,-12.92,-7.42,-6.62,-8.87,10.0,3.89,10.0,0.6,-17.49,-17.49,-14.95,-16.57,10.0,2.5,10.0,0.6,1015.75,1016.6,1020.14,1017.63,12.0,2.89,10.0,0.5,,,,,,,,,,,,,,,,,,,,,,,,,,,,,,,,,,,,,,,,,,,,,,,,,,,,,,,,,,,,,,,,,,,,,,,,,,,,,,,,,,,,,,,,,,,,,,,,,,,,,,,,,,,,,,,,,,,,,,,,,,,,,,,,
1900,10,22810,-37.10000000000002,-19.3,,,,,,,,,,,,,,,,,,,,,,,,,,,,,,,,,4.6,6.7,12.3,7.36,40.0,3.56,20.0,0.5,-8.26,-2.94,0.0,-3.99,40.0,3.84,20.0,0.5,-0.32,2.12,9.3,3.03,40.0,5.26,20.0,0.5,1015.84,1017.6,1019.5,1017.29,35.0,2.07,22.0,0.5,,,,,,,,,,,,,,,,,,,,,,,,,,,,,,,,,,,,,,,,,,,,,,,,,,,,,,,,,,,,,,,,,,,,,,,,,,,,,,,,,,,,,,,,,,,,,,,,,,,,,,,,,,,,,,,,,,,,,,,,,,,,,,,,
1900,10,22810,-37.0,-15.3,,,,,,,,,,,,,,,,,,,,,,,,,,,,,,,,,4.6,5.65,6.7,5.65,8.0,1.12,22.0,0.6,-6.21,-4.5,-3.25,-4.49,8.0,1.66,22.0,0.6,2.51,2.88,4.13,3.09,8.0,1.0,22.0,0.6,1015.5,1016.7,1017.65,1016.67,7.0,1.19,22.0,0.6,,,,,,,,,,,,,,,,,,,,,,,,,,,,,,,,,,,,,,,,,,,,,,,,,,,,,,,,,,,,,,,,,,,,,,,,,,,,,,,,,,,,,,,,,,,,,,,,,,,,,,,,,,,,,,,,,,,,,,,,,,,,,,,,
1900,10,22810,-37.0,22.5,,,,,,,,,,,,,,,,,,,,,,,,,,,,,,,,,0.95,1.0,2.7,1.83,7.0,1.54,18.0,0.4,-0.97,-0.37,0.16,0.08,7.0,1.46,18.0,0.4,-2.45,-1.0,-0.88,-1.56,7.0,1.14,18.0,0.4,1020.3,1020.75,1021.94,1020.96,8.0,0.87,18.0,0.4,,,,,,,,,,,,,,,,,,,,,,,,,,,,,,,,,,,,,,,,,,,,,,,,,,,,,,,,,,,,,,,,,,,,,,,,,,,,,,,,,,,,,,,,,,,,,,,,,,,,,,,,,,,,,,,,,,,,,,,,,,,,,,,,
1900,10,22810,-37.0,24.2,,,,,,,,,,,,,,,,,,,,,,,,,,,,,,,,,2.6,4.6,6.7,4.63,6.0,1.83,20.0,0.7,-6.17,-4.23,-2.28,-4.17,6.0,1.82,20.0,0.7,-2.62,-1.82,-1.64,-1.95,6.0,0.6,20.0,0.7,1019.8,1020.3,1020.72,1020.23,6.0,0.52,20.0,0.7,,,,,,,,,,,,,,,,,,,,,,,,,,,,,,,,,,,,,,,,,,,,,,,,,,,,,,,,,,,,,,,,,,,,,,,,,,,,,,,,,,,,,,,,,,,,,,,,,,,,,,,,,,,,,,,,,,,,,,,,,,,,,,,,
1900,10,22810,-35.5,48.4,,,,,,,,,,,,,,,,,,,,,,,,,,,,,,,,,2.6,8.0,14.22,8.39,16.0,5.09,16.0,0.6,0.39,4.11,13.46,5.45,16.0,5.74,16.0,0.6,-6.02,0.49,5.17,0.48,16.0,6.01,16.0,0.6,1004.09,1007.8,1028.03,1014.6,15.0,13.58,14.0,0.6,,,,,,,,,,,,,,,,,,,,,,,,,,,,,,,,,,,,,,,,,,,,,,,,,,,,,,,,,,,,,,,,,,,,,,,,,,,,,,,,,,,,,,,,,,,,,,,,,,,,,,,,,,,,,,,,,,,,,,,,,,,,,,,,
1900,10,22810,-35.39999999999998,-37.3,,,,,,,,,,,,,,,,,,,,,,,,,,,,,,,,,9.3,12.3,12.3,11.69,8.0,3.61,28.0,0.4,0.69,7.64,10.44,6.73,8.0,6.72,28.0,0.4,-9.23,-7.91,-2.96,-6.02,8.0,5.56,28.0,0.4,989.71,998.5,1007.19,999.14,8.0,8.78,30.0,0.6,,,,,,,,,,,,,,,,,,,,,,,,,,,,,,,,,,,,,,,,,,,,,,,,,,,,,,,,,,,,,,,,,,,,,,,,,,,,,,,,,,,,,,,,,,,,,,,,,,,,,,,,,,,,,,,,,,,,,,,,,,,,,,,,
1900,10,22810,-35.39999999999998,-21.3,,,,,,,,,,,,,,,,,,,,,,,,,,,,,,,,,6.7,6.7,11.53,8.96,5.0,3.77,22.0,0.4,-11.06,-6.17,-4.74,-7.92,5.0,4.46,22.0,0.4,-4.74,-3.63,-1.66,-3.15,5.0,1.97,22.0,0.4,1016.94,1017.95,1018.7,1017.83,4.0,1.03,22.0,0.5,,,,,,,,,,,,,,,,,,,,,,,,,,,,,,,,,,,,,,,,,,,,,,,,,,,,,,,,,,,,,,,,,,,,,,,,,,,,,,,,,,,,,,,,,,,,,,,,,,,,,,,,,,,,,,,,,,,,,,,,,,,,,,,,
1900,10,22810,-35.39999999999998,20.3,,,,,,,,,,,,,,,,,,,,,,,,,,,,,,,,,5.93,6.7,10.4,7.92,5.0,2.96,16.0,0.4,-9.57,-6.17,-5.46,-7.29,5.0,2.73,16.0,0.4,-4.06,-2.62,-2.32,-3.09,5.0,1.16,16.0,0.4,1020.78,1021.1,1021.28,1021.04,5.0,0.43,16.0,0.4,,,,,,,,,,,,,,,,,,,,,,,,,,,,,,,,,,,,,,,,,,,,,,,,,,,,,,,,,,,,,,,,,,,,,,,,,,,,,,,,,,,,,,,,,,,,,,,,,,,,,,,,,,,,,,,,,,,,,,,,,,,,,,,,
1900,10,22810,-35.39999999999998,36.2,,,,,,,,,,,,,,,,,,,,,,,,,,,,,,,,,2.6,5.65,12.3,7.61,20.0,5.73,14.0,0.5,-12.29,-4.25,1.01,-4.9,20.0,6.98,14.0,0.5,-2.41,0.0,2.5,-1.08,20.0,4.29,14.0,0.5,1001.45,1009.3,1014.01,1009.5,15.0,9.42,12.0,0.5,,,,,,,,,,,,,,,,,,,,,,,,,,,,,,,,,,,,,,,,,,,,,,,,,,,,,,,,,,,,,,,,,,,,,,,,,,,,,,,,,,,,,,,,,,,,,,,,,,,,,,,,,,,,,,,,,,,,,,,,,,,,,,,,
1900,10,22810,-35.39999999999998,38.3,,,,,,,,,,,,,,,,,,,,,,,,,,,,,,,,,3.27,6.7,9.3,7.05,22.0,3.4,12.0,0.4,-7.08,0.0,3.2,-0.99,22.0,5.75,12.0,0.4,-5.69,0.97,6.2,1.15,22.0,5.3,12.0,0.4,1012.37,1022.4,1024.47,1019.68,22.0,6.2,12.0,0.4,,,,,,,,,,,,,,,,,,,,,,,,,,,,,,,,,,,,,,,,,,,,,,,,,,,,,,,,,,,,,,,,,,,,,,,,,,,,,,,,,,,,,,,,,,,,,,,,,,,,,,,,,,,,,,,,,,,,,,,,,,,,,,,,
1900,10,22810,-35.39999999999998,44.4,,,,,,,,,,,,,,,,,,,,,,,,,,,,,,,,,3.68,12.3,20.66,10.96,17.0,7.24,6.0,0.5,-11.77,0.0,8.47,-0.2,17.0,9.08,6.0,0.5,-12.21,-0.71,5.62,-2.99,17.0,9.39,6.0,0.5,1006.11,1019.25,1023.65,1016.36,14.0,7.61,6.0,0.5,,,,,,,,,,,,,,,,,,,,,,,,,,,,,,,,,,,,,,,,,,,,,,,,,,,,,,,,,,,,,,,,,,,,,,,,,,,,,,,,,,,,,,,,,,,,,,,,,,,,,,,,,,,,,,,,,,,,,,,,,,,,,,,,
1900,10,22810,-35.30000000000001,-41.3,,,,,,,,,,,,,,,,,,,,,,,,,,,,,,,,,2.6,5.65,12.3,7.36,12.0,4.77,14.0,0.4,-0.18,1.63,5.11,2.2,12.0,3.28,14.0,0.4,-11.57,-5.65,0.83,-5.26,12.0,5.97,14.0,0.4,1017.34,1021.8,1024.4,1021.58,13.0,3.18,16.0,0.4,,,,,,,,,,,,,,,,,,,,,,,,,,,,,,,,,,,,,,,,,,,,,,,,,,,,,,,,,,,,,,,,,,,,,,,,,,,,,,,,,,,,,,,,,,,,,,,,,,,,,,,,,,,,,,,,,,,,,,,,,,,,,,,,
1900,10,22810,-35.30000000000001,-19.2,,,,,,,,,,,,,,,,,,,,,,,,,,,,,,,,,4.6,9.3,9.4,7.94,26.0,2.88,16.0,0.6,-8.72,-5.49,0.0,-5.54,26.0,3.87,16.0,0.6,-3.72,0.0,3.67,0.55,26.0,5.16,16.0,0.6,1014.55,1015.8,1021.32,1017.36,17.0,3.47,16.0,0.6,,,,,,,,,,,,,,,,,,,,,,,,,,,,,,,,,,,,,,,,,,,,,,,,,,,,,,,,,,,,,,,,,,,,,,,,,,,,,,,,,,,,,,,,,,,,,,,,,,,,,,,,,,,,,,,,,,,,,,,,,,,,,,,,
1900,10,22810,-35.30000000000001,-17.3,,,,,,,,,,,,,,,,,,,,,,,,,,,,,,,,,4.6,6.7,9.3,7.66,41.0,2.65,16.0,0.5,-9.3,-6.17,-0.84,-5.81,41.0,4.0,16.0,0.5,-4.74,0.0,1.64,-1.08,41.0,3.91,16.0,0.5,1013.3,1016.9,1018.02,1016.74,30.0,2.54,18.0,0.5,,,,,,,,,,,,,,,,,,,,,,,,,,,,,,,,,,,,,,,,,,,,,,,,,,,,,,,,,,,,,,,,,,,,,,,,,,,,,,,,,,,,,,,,,,,,,,,,,,,,,,,,,,,,,,,,,,,,,,,,,,,,,,,,
1900,10,22810,-35.30000000000001,-15.3,,,,,,,,,,,,,,,,,,,,,,,,,,,,,,,,,4.6,6.7,9.3,7.21,33.0,2.45,16.0,0.4,-9.3,-6.7,-3.33,-6.51,33.0,2.58,16.0,0.4,0.0,0.0,3.47,1.16,33.0,2.78,16.0,0.4,1014.58,1015.9,1020.24,1016.73,25.0,2.63,20.0,0.4,,,,,,,,,,,,,,,,,,,,,,,,,,,,,,,,,,,,,,,,,,,,,,,,,,,,,,,,,,,,,,,,,,,,,,,,,,,,,,,,,,,,,,,,,,,,,,,,,,,,,,,,,,,,,,,,,,,,,,,,,,,,,,,,
1900,10,22810,-35.30000000000001,-13.3,,,,,,,,,,,,,,,,,,,,,,,,,,,,,,,,,4.6,6.7,9.22,6.26,39.0,2.39,20.0,0.6,-6.21,-4.74,-3.25,-4.85,39.0,2.0,20.0,0.6,1.72,2.51,4.74,3.42,39.0,2.4,20.0,0.6,1014.62,1016.5,1019.69,1016.77,24.0,2.63,20.0,0.5,,,,,,,,,,,,,,,,,,,,,,,,,,,,,,,,,,,,,,,,,,,,,,,,,,,,,,,,,,,,,,,,,,,,,,,,,,,,,,,,,,,,,,,,,,,,,,,,,,,,,,,,,,,,,,,,,,,,,,,,,,,,,,,,
1900,10,22810,-35.30000000000001,26.3,,,,,,,,,,,,,,,,,,,,,,,,,,,,,,,,,1.0,6.7,10.97,6.04,29.0,4.39,10.0,0.4,-8.7,-4.74,0.0,-4.7,29.0,4.06,10.0,0.4,-5.79,-2.62,0.0,-2.59,29.0,3.29,10.0,0.4,1021.25,1022.25,1023.79,1022.41,14.0,1.82,8.0,0.4,,,,,,,,,,,,,,,,,,,,,,,,,,,,,,,,,,,,,,,,,,,,,,,,,,,,,,,,,,,,,,,,,,,,,,,,,,,,,,,,,,,,,,,,,,,,,,,,,,,,,,,,,,,,,,,,,,,,,,,,,,,,,,,,
1900,10,22810,-35.30000000000001,28.3,,,,,,,,,,,,,,,,,,,,,,,,,,,,,,,,,0.0,2.6,7.57,3.52,43.0,3.42,16.0,0.5,-4.65,-0.71,1.84,-1.33,43.0,3.94,16.0,0.5,-3.53,-0.71,0.0,-1.54,43.0,2.15,16.0,0.5,1023.64,1024.7,1025.41,1024.29,15.0,2.51,14.0,0.4,,,,,,,,,,,,,,,,,,,,,,,,,,,,,,,,,,,,,,,,,,,,,,,,,,,,,,,,,,,,,,,,,,,,,,,,,,,,,,,,,,,,,,,,,,,,,,,,,,,,,,,,,,,,,,,,,,,,,,,,,,,,,,,,
1900,10,22810,-35.30000000000001,30.3,,,,,,,,,,,,,,,,,,,,,,,,,,,,,,,,,1.0,4.6,6.7,4.3,34.0,2.83,18.0,0.5,-6.21,-1.29,1.72,-1.7,34.0,3.73,18.0,0.5,-3.05,0.92,3.51,0.82,34.0,3.08,18.0,0.5,1017.51,1021.15,1025.99,1021.85,20.0,3.86,20.0,0.6,,,,,,,,,,,,,,,,,,,,,,,,,,,,,,,,,,,,,,,,,,,,,,,,,,,,,,,,,,,,,,,,,,,,,,,,,,,,,,,,,,,,,,,,,,,,,,,,,,,,,,,,,,,,,,,,,,,,,,,,,,,,,,,,
1900,10,22810,-35.30000000000001,32.2,,,,,,,,,,,,,,,,,,,,,,,,,,,,,,,,,1.0,4.6,6.7,4.51,33.0,4.07,16.0,0.5,-2.9,-0.92,2.41,-0.42,33.0,3.66,16.0,0.5,-1.0,1.02,4.21,0.7,33.0,4.84,16.0,0.5,1010.6,1017.55,1025.59,1017.52,20.0,7.05,16.0,0.5,,,,,,,,,,,,,,,,,,,,,,,,,,,,,,,,,,,,,,,,,,,,,,,,,,,,,,,,,,,,,,,,,,,,,,,,,,,,,,,,,,,,,,,,,,,,,,,,,,,,,,,,,,,,,,,,,,,,,,,,,,,,,,,,
1900,10,22810,-35.30000000000001,42.3,,,,,,,,,,,,,,,,,,,,,,,,,,,,,,,,,3.14,4.6,6.7,5.38,9.0,2.18,12.0,0.6,-4.74,-3.25,-1.23,-3.0,9.0,1.72,12.0,0.6,2.78,4.23,4.74,4.29,9.0,1.87,12.0,0.6,1017.16,1020.0,1022.46,1019.43,9.0,3.16,12.0,0.6,,,,,,,,,,,,,,,,,,,,,,,,,,,,,,,,,,,,,,,,,,,,,,,,,,,,,,,,,,,,,,,,,,,,,,,,,,,,,,,,,,,,,,,,,,,,,,,,,,,,,,,,,,,,,,,,,,,,,,,,,,,,,,,,
1900,10,22810,-35.19999999999999,-39.2,,,,,,,,,,,,,,,,,,,,,,,,,,,,,,,,,6.7,13.85,19.0,12.68,12.0,5.24,28.0,0.7,-2.77,3.27,11.02,3.54,12.0,8.68,28.0,0.7,-9.83,-3.86,10.89,-1.81,12.0,10.5,28.0,0.7,998.1,1002.9,1022.2,1005.62,14.0,11.8,28.0,0.7,,,,,,,,,,,,,,,,,,,,,,,,,,,,,,,,,,,,,,,,,,,,,,,,,,,,,,,,,,,,,,,,,,,,,,,,,,,,,,,,,,,,,,,,,,,,,,,,,,,,,,,,,,,,,,,,,,,,,,,,,,,,,,,,
1900,10,22810,-35.19999999999999,-35.2,,,,,,,,,,,,,,,,,,,,,,,,,,,,,,,,,4.6,6.7,9.3,6.99,15.0,2.93,18.0,0.5,0.0,0.0,6.58,2.98,15.0,4.52,18.0,0.5,-6.58,-4.6,3.9,-2.26,15.0,5.06,18.0,0.5,1027.13,1027.5,1028.8,1027.89,9.0,0.9,12.0,0.6,,,,,,,,,,,,,,,,,,,,,,,,,,,,,,,,,,,,,,,,,,,,,,,,,,,,,,,,,,,,,,,,,,,,,,,,,,,,,,,,,,,,,,,,,,,,,,,,,,,,,,,,,,,,,,,,,,,,,,,,,,,,,,,,
1900,10,22810,-35.19999999999999,-9.2,,,,,,,,,,,,,,,,,,,,,,,,,,,,,,,,,1.25,1.8,2.35,1.8,2.0,1.13,30.0,0.5,-1.69,-1.38,-1.07,-1.38,2.0,0.65,30.0,0.5,0.62,1.11,1.61,1.11,2.0,1.02,30.0,0.5,1013.12,1013.8,1014.48,1013.8,2.0,1.41,30.0,0.5,,,,,,,,,,,,,,,,,,,,,,,,,,,,,,,,,,,,,,,,,,,,,,,,,,,,,,,,,,,,,,,,,,,,,,,,,,,,,,,,,,,,,,,,,,,,,,,,,,,,,,,,,,,,,,,,,,,,,,,,,,,,,,,,
1900,10,22810,-35.19999999999999,22.3,,,,,,,,,,,,,,,,,,,,,,,,,,,,,,,,,2.6,6.7,9.3,6.4,14.0,3.41,18.0,0.6,-8.56,-6.3,-1.87,-5.82,14.0,3.34,18.0,0.6,-3.63,-2.07,-0.06,-2.23,14.0,1.64,18.0,0.6,1015.84,1020.8,1023.62,1019.64,7.0,4.03,20.0,0.9,,,,,,,,,,,,,,,,,,,,,,,,,,,,,,,,,,,,,,,,,,,,,,,,,,,,,,,,,,,,,,,,,,,,,,,,,,,,,,,,,,,,,,,,,,,,,,,,,,,,,,,,,,,,,,,,,,,,,,,,,,,,,,,,
1900,10,22810,-35.19999999999999,34.3,,,,,,,,,,,,,,,,,,,,,,,,,,,,,,,,,1.94,2.6,10.54,5.75,11.0,4.97,26.0,0.5,0.0,1.02,4.65,1.84,11.0,5.69,26.0,0.5,-3.15,-1.0,5.64,0.54,11.0,4.97,26.0,0.5,1009.58,1022.9,1023.85,1019.05,12.0,7.84,24.0,0.6,,,,,,,,,,,,,,,,,,,,,,,,,,,,,,,,,,,,,,,,,,,,,,,,,,,,,,,,,,,,,,,,,,,,,,,,,,,,,,,,,,,,,,,,,,,,,,,,,,,,,,,,,,,,,,,,,,,,,,,,,,,,,,,,
1900,10,22810,-35.19999999999999,40.1,,,,,,,,,,,,,,,,,,,,,,,,,,,,,,,,,4.6,6.7,9.3,6.59,24.0,2.73,10.0,0.5,-5.38,-0.35,4.41,-0.48,24.0,5.22,10.0,0.5,-6.31,0.35,4.65,-0.63,24.0,4.98,10.0,0.5,1013.65,1019.0,1021.0,1017.54,24.0,3.43,10.0,0.5,,,,,,,,,,,,,,,,,,,,,,,,,,,,,,,,,,,,,,,,,,,,,,,,,,,,,,,,,,,,,,,,,,,,,,,,,,,,,,,,,,,,,,,,,,,,,,,,,,,,,,,,,,,,,,,,,,,,,,,,,,,,,,,,
1900,10,22810,-35.10000000000002,-23.1,,,,,,,,,,,,,,,,,,,,,,,,,,,,,,,,,6.7,6.7,6.7,6.7,2.0,0.0,24.0,1.0,-4.74,-4.74,-4.74,-4.74,2.0,0.0,24.0,1.0,-4.74,-4.74,-4.74,-4.74,2.0,0.0,24.0,1.0,1016.3,1016.3,1016.3,1016.3,1.0,0.0,24.0,1.0,,,,,,,,,,,,,,,,,,,,,,,,,,,,,,,,,,,,,,,,,,,,,,,,,,,,,,,,,,,,,,,,,,,,,,,,,,,,,,,,,,,,,,,,,,,,,,,,,,,,,,,,,,,,,,,,,,,,,,,,,,,,,,,,
1900,10,22810,-35.10000000000002,-11.4,,,,,,,,,,,,,,,,,,,,,,,,,,,,,,,,,4.6,5.65,6.7,5.98,16.0,1.64,22.0,0.6,-4.74,-3.25,-1.8,-3.46,16.0,1.53,22.0,0.6,3.25,4.23,6.17,4.52,16.0,1.97,22.0,0.6,1014.99,1017.1,1020.38,1017.45,15.0,2.61,20.0,0.6,,,,,,,,,,,,,,,,,,,,,,,,,,,,,,,,,,,,,,,,,,,,,,,,,,,,,,,,,,,,,,,,,,,,,,,,,,,,,,,,,,,,,,,,,,,,,,,,,,,,,,,,,,,,,,,,,,,,,,,,,,,,,,,,
1900,10,22810,-35.10000000000002,24.3,,,,,,,,,,,,,,,,,,,,,,,,,,,,,,,,,1.0,6.7,9.3,5.73,32.0,3.97,14.0,0.5,-9.16,-6.17,-0.68,-5.19,32.0,3.93,14.0,0.5,-3.63,-1.61,-0.39,-1.99,32.0,1.49,14.0,0.5,1016.71,1019.9,1021.61,1019.09,15.0,2.22,14.0,0.4,,,,,,,,,,,,,,,,,,,,,,,,,,,,,,,,,,,,,,,,,,,,,,,,,,,,,,,,,,,,,,,,,,,,,,,,,,,,,,,,,,,,,,,,,,,,,,,,,,,,,,,,,,,,,,,,,,,,,,,,,,,,,,,,
1900,10,22810,-35.0,-29.2,,,,,,,,,,,,,,,,,,,,,,,,,,,,,,,,,1.0,2.6,4.6,3.01,14.0,3.1,2.0,0.5,-3.16,0.0,1.84,-0.46,14.0,3.06,2.0,0.5,-1.84,-0.46,3.16,0.39,14.0,3.1,2.0,0.5,1015.97,1017.4,1019.71,1017.69,14.0,1.65,2.0,0.5,,,,,,,,,,,,,,,,,,,,,,,,,,,,,,,,,,,,,,,,,,,,,,,,,,,,,,,,,,,,,,,,,,,,,,,,,,,,,,,,,,,,,,,,,,,,,,,,,,,,,,,,,,,,,,,,,,,,,,,,,,,,,,,,
1900,10,22810,-35.0,-27.5,,,,,,,,,,,,,,,,,,,,,,,,,,,,,,,,,15.4,15.4,15.4,15.4,1.0,0.0,2.0,0.0,-14.28,-14.28,-14.28,-14.28,1.0,0.0,2.0,0.0,5.77,5.77,5.77,5.77,1.0,0.0,2.0,0.0,1020.2,1020.2,1020.2,1020.2,1.0,0.0,2.0,0.0,,,,,,,,,,,,,,,,,,,,,,,,,,,,,,,,,,,,,,,,,,,,,,,,,,,,,,,,,,,,,,,,,,,,,,,,,,,,,,,,,,,,,,,,,,,,,,,,,,,,,,,,,,,,,,,,,,,,,,,,,,,,,,,,
1900,10,22810,-33.60000000000002,30.5,,,,,,,,,,,,,,,,,,,,,,,,,,,,,,,,,2.82,5.65,9.01,6.18,8.0,3.35,16.0,0.6,1.74,4.31,8.35,4.73,8.0,3.12,16.0,0.6,-4.07,0.49,3.43,0.51,8.0,4.37,16.0,0.6,1018.61,1020.5,1021.91,1020.28,4.0,1.99,22.0,0.8,,,,,,,,,,,,,,,,,,,,,,,,,,,,,,,,,,,,,,,,,,,,,,,,,,,,,,,,,,,,,,,,,,,,,,,,,,,,,,,,,,,,,,,,,,,,,,,,,,,,,,,,,,,,,,,,,,,,,,,,,,,,,,,,
1900,10,22810,-33.5,-39.4,,,,,,,,,,,,,,,,,,,,,,,,,,,,,,,,,9.3,9.3,11.49,9.97,9.0,1.32,10.0,0.6,6.58,9.3,9.3,8.66,9.0,1.87,10.0,0.6,-6.58,0.0,0.0,-3.16,9.0,3.8,10.0,0.6,1017.3,1017.7,1020.46,1018.83,4.0,2.61,22.0,0.5,,,,,,,,,,,,,,,,,,,,,,,,,,,,,,,,,,,,,,,,,,,,,,,,,,,,,,,,,,,,,,,,,,,,,,,,,,,,,,,,,,,,,,,,,,,,,,,,,,,,,,,,,,,,,,,,,,,,,,,,,,,,,,,,
1900,10,22810,-33.5,24.0,,,,,,,,,,,,,,,,,,,,,,,,,,,,,,,,,1.0,1.0,3.33,2.88,6.0,4.61,14.0,0.3,-2.9,-0.71,-0.37,-2.37,6.0,4.39,14.0,0.3,-1.73,-0.82,-0.71,-1.46,6.0,1.64,14.0,0.3,1019.9,1019.9,1019.9,1019.9,1.0,0.0,2.0,0.0,,,,,,,,,,,,,,,,,,,,,,,,,,,,,,,,,,,,,,,,,,,,,,,,,,,,,,,,,,,,,,,,,,,,,,,,,,,,,,,,,,,,,,,,,,,,,,,,,,,,,,,,,,,,,,,,,,,,,,,,,,,,,,,,
1900,10,22810,-33.5,48.6,,,,,,,,,,,,,,,,,,,,,,,,,,,,,,,,,4.6,6.7,9.3,7.09,14.0,3.4,18.0,0.6,0.0,2.17,8.45,3.07,14.0,4.47,18.0,0.6,-8.31,0.0,4.74,-0.38,14.0,5.95,18.0,0.6,1002.63,1005.25,1029.44,1013.56,14.0,14.52,18.0,0.6,,,,,,,,,,,,,,,,,,,,,,,,,,,,,,,,,,,,,,,,,,,,,,,,,,,,,,,,,,,,,,,,,,,,,,,,,,,,,,,,,,,,,,,,,,,,,,,,,,,,,,,,,,,,,,,,,,,,,,,,,,,,,,,,
1900,10,22810,-33.39999999999998,-41.2,,,,,,,,,,,,,,,,,,,,,,,,,,,,,,,,,1.0,6.7,12.3,7.37,14.0,5.87,4.0,0.5,-1.61,1.0,6.54,2.21,14.0,4.29,4.0,0.5,-11.16,-5.42,0.0,-5.33,14.0,6.22,4.0,0.5,1009.75,1010.5,1013.37,1011.53,3.0,2.8,2.0,0.3,,,,,,,,,,,,,,,,,,,,,,,,,,,,,,,,,,,,,,,,,,,,,,,,,,,,,,,,,,,,,,,,,,,,,,,,,,,,,,,,,,,,,,,,,,,,,,,,,,,,,,,,,,,,,,,,,,,,,,,,,,,,,,,,
1900,10,22810,-33.39999999999998,-25.2,,,,,,,,,,,,,,,,,,,,,,,,,,,,,,,,,6.7,9.3,10.4,8.86,5.0,2.32,10.0,0.4,-9.57,-8.56,-6.7,-8.37,5.0,1.9,10.0,0.4,-4.06,-3.63,0.0,-2.41,5.0,2.26,10.0,0.4,1021.05,1023.4,1024.05,1022.78,5.0,1.75,10.0,0.4,,,,,,,,,,,,,,,,,,,,,,,,,,,,,,,,,,,,,,,,,,,,,,,,,,,,,,,,,,,,,,,,,,,,,,,,,,,,,,,,,,,,,,,,,,,,,,,,,,,,,,,,,,,,,,,,,,,,,,,,,,,,,,,,
1900,10,22810,-33.39999999999998,-17.2,,,,,,,,,,,,,,,,,,,,,,,,,,,,,,,,,2.6,4.6,8.02,5.81,23.0,2.93,18.0,0.5,-8.02,-2.51,-0.99,-3.92,23.0,3.83,18.0,0.5,-4.81,-2.41,0.0,-2.39,23.0,2.69,18.0,0.5,1015.17,1016.3,1016.8,1016.05,11.0,1.14,20.0,0.5,,,,,,,,,,,,,,,,,,,,,,,,,,,,,,,,,,,,,,,,,,,,,,,,,,,,,,,,,,,,,,,,,,,,,,,,,,,,,,,,,,,,,,,,,,,,,,,,,,,,,,,,,,,,,,,,,,,,,,,,,,,,,,,,
1900,10,22810,-33.39999999999998,18.5,,,,,,,,,,,,,,,,,,,,,,,,,,,,,,,,,2.19,6.7,9.3,6.49,12.0,3.23,22.0,0.4,-9.19,-6.7,-1.55,-6.25,12.0,3.3,22.0,0.4,-2.09,0.0,0.71,-0.54,12.0,1.63,22.0,0.4,1012.4,1012.7,1013.62,1012.98,5.0,0.7,26.0,0.4,,,,,,,,,,,,,,,,,,,,,,,,,,,,,,,,,,,,,,,,,,,,,,,,,,,,,,,,,,,,,,,,,,,,,,,,,,,,,,,,,,,,,,,,,,,,,,,,,,,,,,,,,,,,,,,,,,,,,,,,,,,,,,,,
1900,10,22810,-33.39999999999998,20.4,,,,,,,,,,,,,,,,,,,,,,,,,,,,,,,,,4.6,6.7,9.3,7.3,23.0,2.76,18.0,0.5,-9.3,-6.7,-4.23,-6.77,23.0,2.85,18.0,0.5,-3.63,-1.8,0.0,-1.31,23.0,2.34,18.0,0.5,1013.38,1015.8,1017.94,1015.65,13.0,2.11,20.0,0.6,,,,,,,,,,,,,,,,,,,,,,,,,,,,,,,,,,,,,,,,,,,,,,,,,,,,,,,,,,,,,,,,,,,,,,,,,,,,,,,,,,,,,,,,,,,,,,,,,,,,,,,,,,,,,,,,,,,,,,,,,,,,,,,,
1900,10,22810,-33.39999999999998,22.2,,,,,,,,,,,,,,,,,,,,,,,,,,,,,,,,,4.6,6.7,9.3,6.32,17.0,2.87,18.0,0.5,-9.3,-4.74,-3.25,-5.8,17.0,3.09,18.0,0.5,-3.25,-1.8,0.0,-1.76,17.0,1.48,18.0,0.5,1016.0,1017.6,1018.36,1017.57,7.0,1.25,24.0,0.4,,,,,,,,,,,,,,,,,,,,,,,,,,,,,,,,,,,,,,,,,,,,,,,,,,,,,,,,,,,,,,,,,,,,,,,,,,,,,,,,,,,,,,,,,,,,,,,,,,,,,,,,,,,,,,,,,,,,,,,,,,,,,,,,
1900,10,22810,-33.39999999999998,32.3,,,,,,,,,,,,,,,,,,,,,,,,,,,,,,,,,2.6,4.6,9.3,5.42,19.0,3.28,14.0,0.4,-1.12,0.93,4.31,1.05,19.0,3.36,14.0,0.4,-4.24,-1.72,9.3,0.34,19.0,5.4,14.0,0.4,1018.38,1020.6,1024.61,1021.17,7.0,3.05,14.0,0.1,,,,,,,,,,,,,,,,,,,,,,,,,,,,,,,,,,,,,,,,,,,,,,,,,,,,,,,,,,,,,,,,,,,,,,,,,,,,,,,,,,,,,,,,,,,,,,,,,,,,,,,,,,,,,,,,,,,,,,,,,,,,,,,,
1900,10,22810,-33.39999999999998,34.3,,,,,,,,,,,,,,,,,,,,,,,,,,,,,,,,,3.68,4.6,7.9,5.57,17.0,2.23,18.0,0.6,-5.73,0.0,4.42,-0.42,17.0,4.95,18.0,0.6,-2.46,0.0,4.4,1.08,17.0,3.47,18.0,0.6,1031.6,1031.8,1032.07,1031.83,3.0,0.35,24.0,1.0,,,,,,,,,,,,,,,,,,,,,,,,,,,,,,,,,,,,,,,,,,,,,,,,,,,,,,,,,,,,,,,,,,,,,,,,,,,,,,,,,,,,,,,,,,,,,,,,,,,,,,,,,,,,,,,,,,,,,,,,,,,,,,,,
1900,10,22810,-33.39999999999998,36.3,,,,,,,,,,,,,,,,,,,,,,,,,,,,,,,,,6.7,9.3,15.4,10.74,18.0,3.2,18.0,0.3,-9.3,-4.74,2.63,-3.18,18.0,7.41,18.0,0.3,0.0,5.38,10.89,5.76,18.0,5.63,18.0,0.3,1012.79,1015.75,1027.24,1018.15,16.0,8.55,18.0,0.3,,,,,,,,,,,,,,,,,,,,,,,,,,,,,,,,,,,,,,,,,,,,,,,,,,,,,,,,,,,,,,,,,,,,,,,,,,,,,,,,,,,,,,,,,,,,,,,,,,,,,,,,,,,,,,,,,,,,,,,,,,,,,,,,
1900,10,22810,-33.30000000000001,-35.1,,,,,,,,,,,,,,,,,,,,,,,,,,,,,,,,,4.6,6.7,11.16,6.74,16.0,3.23,20.0,0.4,0.0,3.13,7.19,3.75,16.0,3.86,20.0,0.4,-6.7,-4.25,1.77,-2.84,16.0,4.52,20.0,0.4,1005.67,1024.9,1027.03,1017.53,12.0,11.54,20.0,0.5,,,,,,,,,,,,,,,,,,,,,,,,,,,,,,,,,,,,,,,,,,,,,,,,,,,,,,,,,,,,,,,,,,,,,,,,,,,,,,,,,,,,,,,,,,,,,,,,,,,,,,,,,,,,,,,,,,,,,,,,,,,,,,,,
1900,10,22810,-33.30000000000001,-23.3,,,,,,,,,,,,,,,,,,,,,,,,,,,,,,,,,4.6,6.7,10.68,6.99,17.0,3.36,14.0,0.6,-8.83,-4.74,-2.96,-5.42,17.0,3.28,14.0,0.6,-5.43,-4.74,0.0,-3.2,17.0,3.21,14.0,0.6,1017.9,1019.7,1021.62,1019.81,13.0,1.71,12.0,0.5,,,,,,,,,,,,,,,,,,,,,,,,,,,,,,,,,,,,,,,,,,,,,,,,,,,,,,,,,,,,,,,,,,,,,,,,,,,,,,,,,,,,,,,,,,,,,,,,,,,,,,,,,,,,,,,,,,,,,,,,,,,,,,,,
1900,10,22810,-33.30000000000001,-15.2,,,,,,,,,,,,,,,,,,,,,,,,,,,,,,,,,5.63,6.7,9.3,7.01,23.0,1.59,18.0,0.5,-6.4,-6.17,-4.27,-5.68,23.0,1.57,18.0,0.5,0.85,2.51,4.74,2.52,23.0,3.33,18.0,0.5,1014.3,1014.8,1017.24,1015.38,16.0,1.52,18.0,0.5,,,,,,,,,,,,,,,,,,,,,,,,,,,,,,,,,,,,,,,,,,,,,,,,,,,,,,,,,,,,,,,,,,,,,,,,,,,,,,,,,,,,,,,,,,,,,,,,,,,,,,,,,,,,,,,,,,,,,,,,,,,,,,,,
1900,10,22810,-33.30000000000001,-11.2,,,,,,,,,,,,,,,,,,,,,,,,,,,,,,,,,4.6,6.7,12.3,7.59,40.0,3.15,16.0,0.5,-8.68,-4.81,-2.62,-5.65,40.0,3.06,16.0,0.5,1.72,3.37,6.58,4.16,40.0,3.01,16.0,0.5,1013.64,1015.3,1016.85,1015.32,23.0,1.77,18.0,0.4,,,,,,,,,,,,,,,,,,,,,,,,,,,,,,,,,,,,,,,,,,,,,,,,,,,,,,,,,,,,,,,,,,,,,,,,,,,,,,,,,,,,,,,,,,,,,,,,,,,,,,,,,,,,,,,,,,,,,,,,,,,,,,,,
1900,10,22810,-33.30000000000001,38.3,,,,,,,,,,,,,,,,,,,,,,,,,,,,,,,,,4.6,6.7,9.3,7.61,21.0,3.47,16.0,0.6,-6.17,-3.63,1.48,-2.62,21.0,4.73,16.0,0.6,-4.13,0.0,8.56,0.02,21.0,6.57,16.0,0.6,1018.89,1023.6,1032.69,1023.57,13.0,9.58,18.0,0.6,,,,,,,,,,,,,,,,,,,,,,,,,,,,,,,,,,,,,,,,,,,,,,,,,,,,,,,,,,,,,,,,,,,,,,,,,,,,,,,,,,,,,,,,,,,,,,,,,,,,,,,,,,,,,,,,,,,,,,,,,,,,,,,,
1900,10,22810,-33.30000000000001,44.4,,,,,,,,,,,,,,,,,,,,,,,,,,,,,,,,,4.6,8.0,15.4,10.24,16.0,5.73,10.0,0.5,-6.17,0.51,14.24,3.06,16.0,9.19,10.0,0.5,-5.92,-1.31,2.21,-2.01,16.0,6.78,10.0,0.5,1011.71,1016.0,1027.0,1018.49,15.0,7.11,10.0,0.5,,,,,,,,,,,,,,,,,,,,,,,,,,,,,,,,,,,,,,,,,,,,,,,,,,,,,,,,,,,,,,,,,,,,,,,,,,,,,,,,,,,,,,,,,,,,,,,,,,,,,,,,,,,,,,,,,,,,,,,,,,,,,,,,
1900,10,22810,-33.19999999999999,-31.2,,,,,,,,,,,,,,,,,,,,,,,,,,,,,,,,,4.38,9.3,12.3,7.79,7.0,4.42,4.0,0.3,-11.4,-6.58,-4.38,-6.68,7.0,3.96,4.0,0.3,-6.58,0.0,4.61,-0.94,7.0,4.65,4.0,0.3,1019.1,1020.4,1022.45,1021.0,7.0,2.3,4.0,0.3,,,,,,,,,,,,,,,,,,,,,,,,,,,,,,,,,,,,,,,,,,,,,,,,,,,,,,,,,,,,,,,,,,,,,,,,,,,,,,,,,,,,,,,,,,,,,,,,,,,,,,,,,,,,,,,,,,,,,,,,,,,,,,,,
1900,10,22810,-33.19999999999999,-21.4,,,,,,,,,,,,,,,,,,,,,,,,,,,,,,,,,3.68,4.6,12.3,6.84,17.0,4.83,16.0,0.5,-11.32,-1.84,0.83,-4.61,17.0,5.8,16.0,0.5,-4.81,-4.27,1.5,-2.24,17.0,3.4,16.0,0.5,1017.61,1020.0,1021.09,1019.41,14.0,1.66,14.0,0.5,,,,,,,,,,,,,,,,,,,,,,,,,,,,,,,,,,,,,,,,,,,,,,,,,,,,,,,,,,,,,,,,,,,,,,,,,,,,,,,,,,,,,,,,,,,,,,,,,,,,,,,,,,,,,,,,,,,,,,,,,,,,,,,,
1900,10,22810,-33.19999999999999,-19.3,,,,,,,,,,,,,,,,,,,,,,,,,,,,,,,,,6.27,9.5,12.3,9.15,6.0,3.53,16.0,0.5,-11.32,-8.74,-5.25,-8.0,6.0,3.98,16.0,0.5,-4.81,-4.54,-2.62,-3.99,6.0,1.08,16.0,0.5,1017.13,1017.5,1020.99,1018.78,5.0,2.14,18.0,0.6,,,,,,,,,,,,,,,,,,,,,,,,,,,,,,,,,,,,,,,,,,,,,,,,,,,,,,,,,,,,,,,,,,,,,,,,,,,,,,,,,,,,,,,,,,,,,,,,,,,,,,,,,,,,,,,,,,,,,,,,,,,,,,,,
1900,10,22810,-33.19999999999999,-13.2,,,,,,,,,,,,,,,,,,,,,,,,,,,,,,,,,4.6,6.7,9.3,7.09,31.0,2.64,16.0,0.4,-8.64,-6.21,-2.22,-5.66,31.0,3.35,16.0,0.4,0.0,2.51,4.74,2.75,31.0,2.6,16.0,0.4,1013.53,1014.9,1015.7,1014.82,21.0,1.27,18.0,0.4,,,,,,,,,,,,,,,,,,,,,,,,,,,,,,,,,,,,,,,,,,,,,,,,,,,,,,,,,,,,,,,,,,,,,,,,,,,,,,,,,,,,,,,,,,,,,,,,,,,,,,,,,,,,,,,,,,,,,,,,,,,,,,,,
1900,10,22810,-33.19999999999999,-7.4,,,,,,,,,,,,,,,,,,,,,,,,,,,,,,,,,6.7,6.7,10.68,8.24,17.0,2.9,22.0,0.5,-8.66,-6.21,-4.74,-6.86,17.0,2.3,22.0,0.5,2.51,3.48,5.58,4.16,17.0,2.6,22.0,0.5,1012.3,1013.7,1014.7,1013.64,16.0,1.68,22.0,0.5,,,,,,,,,,,,,,,,,,,,,,,,,,,,,,,,,,,,,,,,,,,,,,,,,,,,,,,,,,,,,,,,,,,,,,,,,,,,,,,,,,,,,,,,,,,,,,,,,,,,,,,,,,,,,,,,,,,,,,,,,,,,,,,,
1900,10,22810,-33.19999999999999,16.5,,,,,,,,,,,,,,,,,,,,,,,,,,,,,,,,,6.7,6.7,9.3,7.39,12.0,1.53,28.0,0.4,-8.65,-6.7,-6.26,-7.08,12.0,1.47,28.0,0.4,-3.26,0.0,1.79,-0.4,12.0,2.21,28.0,0.4,1011.84,1012.5,1013.16,1012.5,6.0,0.7,28.0,0.5,,,,,,,,,,,,,,,,,,,,,,,,,,,,,,,,,,,,,,,,,,,,,,,,,,,,,,,,,,,,,,,,,,,,,,,,,,,,,,,,,,,,,,,,,,,,,,,,,,,,,,,,,,,,,,,,,,,,,,,,,,,,,,,,
1900,10,22810,-33.19999999999999,40.3,,,,,,,,,,,,,,,,,,,,,,,,,,,,,,,,,2.6,6.7,12.3,7.94,42.0,5.39,14.0,0.5,-0.19,4.67,10.08,5.06,42.0,5.19,14.0,0.5,-4.67,-1.43,4.48,-0.31,42.0,6.36,14.0,0.5,1011.6,1014.5,1025.8,1016.73,30.0,6.64,12.0,0.5,,,,,,,,,,,,,,,,,,,,,,,,,,,,,,,,,,,,,,,,,,,,,,,,,,,,,,,,,,,,,,,,,,,,,,,,,,,,,,,,,,,,,,,,,,,,,,,,,,,,,,,,,,,,,,,,,,,,,,,,,,,,,,,,
1900,10,22810,-33.10000000000002,-37.2,,,,,,,,,,,,,,,,,,,,,,,,,,,,,,,,,6.5,9.3,15.74,10.41,13.0,5.09,18.0,0.5,-11.13,6.17,8.62,1.39,13.0,8.86,18.0,0.5,-3.48,2.51,13.44,3.66,13.0,6.94,18.0,0.5,1001.88,1005.9,1018.42,1008.49,11.0,8.76,26.0,0.5,,,,,,,,,,,,,,,,,,,,,,,,,,,,,,,,,,,,,,,,,,,,,,,,,,,,,,,,,,,,,,,,,,,,,,,,,,,,,,,,,,,,,,,,,,,,,,,,,,,,,,,,,,,,,,,,,,,,,,,,,,,,,,,,
1900,10,22810,-33.10000000000002,-29.4,,,,,,,,,,,,,,,,,,,,,,,,,,,,,,,,,1.0,2.6,3.74,2.36,10.0,1.4,12.0,0.5,-2.39,-1.38,0.1,-1.09,10.0,1.9,12.0,0.5,-2.65,-1.02,-0.53,-1.36,10.0,1.08,12.0,0.5,1020.87,1023.95,1025.74,1023.61,10.0,3.06,12.0,0.5,,,,,,,,,,,,,,,,,,,,,,,,,,,,,,,,,,,,,,,,,,,,,,,,,,,,,,,,,,,,,,,,,,,,,,,,,,,,,,,,,,,,,,,,,,,,,,,,,,,,,,,,,,,,,,,,,,,,,,,,,,,,,,,,
1900,10,22810,-33.10000000000002,-9.3,,,,,,,,,,,,,,,,,,,,,,,,,,,,,,,,,4.6,6.7,9.3,6.95,34.0,2.1,16.0,0.5,-8.62,-5.47,-3.34,-5.84,34.0,2.19,16.0,0.5,2.51,3.25,4.74,3.45,34.0,1.42,16.0,0.5,1013.33,1015.1,1018.3,1015.6,27.0,2.5,16.0,0.5,,,,,,,,,,,,,,,,,,,,,,,,,,,,,,,,,,,,,,,,,,,,,,,,,,,,,,,,,,,,,,,,,,,,,,,,,,,,,,,,,,,,,,,,,,,,,,,,,,,,,,,,,,,,,,,,,,,,,,,,,,,,,,,,
1900,10,22810,-33.10000000000002,-5.4,,,,,,,,,,,,,,,,,,,,,,,,,,,,,,,,,5.5,10.8,15.4,10.53,10.0,4.29,20.0,0.5,-10.89,-7.64,-4.47,-7.65,10.0,2.74,20.0,0.5,3.01,7.64,10.89,7.14,10.0,3.53,20.0,0.5,1011.07,1012.2,1013.66,1012.21,10.0,1.52,20.0,0.5,,,,,,,,,,,,,,,,,,,,,,,,,,,,,,,,,,,,,,,,,,,,,,,,,,,,,,,,,,,,,,,,,,,,,,,,,,,,,,,,,,,,,,,,,,,,,,,,,,,,,,,,,,,,,,,,,,,,,,,,,,,,,,,,
1900,10,22810,-33.10000000000002,42.3,,,,,,,,,,,,,,,,,,,,,,,,,,,,,,,,,6.63,9.3,19.0,11.67,26.0,5.98,14.0,0.5,-13.46,-7.57,-1.6,-7.19,26.0,7.11,14.0,0.5,-13.44,-4.81,3.28,-4.35,26.0,7.3,14.0,0.5,1018.0,1021.0,1022.19,1020.12,25.0,2.37,10.0,0.5,,,,,,,,,,,,,,,,,,,,,,,,,,,,,,,,,,,,,,,,,,,,,,,,,,,,,,,,,,,,,,,,,,,,,,,,,,,,,,,,,,,,,,,,,,,,,,,,,,,,,,,,,,,,,,,,,,,,,,,,,,,,,,,,
1900,10,22810,-33.10000000000002,46.4,,,,,,,,,,,,,,,,,,,,,,,,,,,,,,,,,1.0,1.0,18.09,5.46,14.0,8.12,18.0,0.3,-0.71,0.0,7.99,2.09,14.0,5.52,18.0,0.3,-12.7,-0.35,0.93,-3.26,14.0,7.16,18.0,0.3,1014.79,1020.15,1025.51,1020.15,2.0,11.1,8.0,0.0,,,,,,,,,,,,,,,,,,,,,,,,,,,,,,,,,,,,,,,,,,,,,,,,,,,,,,,,,,,,,,,,,,,,,,,,,,,,,,,,,,,,,,,,,,,,,,,,,,,,,,,,,,,,,,,,,,,,,,,,,,,,,,,,
1900,10,22810,-33.0,-33.5,,,,,,,,,,,,,,,,,,,,,,,,,,,,,,,,,4.6,5.65,6.7,5.65,6.0,1.15,26.0,0.5,3.92,4.6,6.17,4.74,6.0,1.33,26.0,0.5,-2.64,0.0,2.62,-0.44,6.0,3.27,26.0,0.5,1022.7,1022.7,1022.7,1022.7,1.0,0.0,14.0,0.0,,,,,,,,,,,,,,,,,,,,,,,,,,,,,,,,,,,,,,,,,,,,,,,,,,,,,,,,,,,,,,,,,,,,,,,,,,,,,,,,,,,,,,,,,,,,,,,,,,,,,,,,,,,,,,,,,,,,,,,,,,,,,,,,
1900,10,22810,-33.0,-27.3,,,,,,,,,,,,,,,,,,,,,,,,,,,,,,,,,4.6,4.6,6.03,5.3,3.0,1.21,14.0,1.0,-5.55,-4.23,-4.23,-4.88,3.0,1.12,14.0,1.0,-2.36,-1.8,-1.8,-2.07,3.0,0.47,14.0,1.0,1025.8,1025.8,1026.07,1025.93,3.0,0.23,14.0,1.0,,,,,,,,,,,,,,,,,,,,,,,,,,,,,,,,,,,,,,,,,,,,,,,,,,,,,,,,,,,,,,,,,,,,,,,,,,,,,,,,,,,,,,,,,,,,,,,,,,,,,,,,,,,,,,,,,,,,,,,,,,,,,,,,
1900,10,22810,-33.0,-3.5,,,,,,,,,,,,,,,,,,,,,,,,,,,,,,,,,9.3,9.3,9.3,9.3,2.0,0.0,20.0,0.5,-8.3,-7.6,-6.9,-7.6,2.0,1.45,20.0,0.5,3.97,5.03,6.09,5.03,2.0,2.19,20.0,0.5,1010.74,1011.3,1012.43,1011.58,4.0,1.12,26.0,0.3,,,,,,,,,,,,,,,,,,,,,,,,,,,,,,,,,,,,,,,,,,,,,,,,,,,,,,,,,,,,,,,,,,,,,,,,,,,,,,,,,,,,,,,,,,,,,,,,,,,,,,,,,,,,,,,,,,,,,,,,,,,,,,,,
1900,10,22810,-33.0,14.9,,,,,,,,,,,,,,,,,,,,,,,,,,,,,,,,,9.3,9.3,9.3,9.3,1.0,0.0,28.0,1.0,-8.74,-8.74,-8.74,-8.74,1.0,0.0,28.0,1.0,-3.18,-3.18,-3.18,-3.18,1.0,0.0,28.0,1.0,1011.6,1011.6,1011.6,1011.6,1.0,0.0,28.0,1.0,,,,,,,,,,,,,,,,,,,,,,,,,,,,,,,,,,,,,,,,,,,,,,,,,,,,,,,,,,,,,,,,,,,,,,,,,,,,,,,,,,,,,,,,,,,,,,,,,,,,,,,,,,,,,,,,,,,,,,,,,,,,,,,,
1900,10,22810,-31.600000000000023,14.4,,,,,,,,,,,,,,,,,,,,,,,,,,,,,,,,,9.3,9.3,11.97,10.05,8.0,1.39,28.0,0.5,-11.25,-8.74,-8.62,-9.4,8.0,1.33,28.0,0.5,-4.13,-3.48,-3.18,-3.55,8.0,0.43,28.0,0.5,1010.65,1011.5,1012.42,1011.54,5.0,0.98,28.0,0.4,,,,,,,,,,,,,,,,,,,,,,,,,,,,,,,,,,,,,,,,,,,,,,,,,,,,,,,,,,,,,,,,,,,,,,,,,,,,,,,,,,,,,,,,,,,,,,,,,,,,,,,,,,,,,,,,,,,,,,,,,,,,,,,,
1900,10,22810,-31.5,-19.3,,,,,,,,,,,,,,,,,,,,,,,,,,,,,,,,,4.6,4.6,12.3,7.81,22.0,4.35,12.0,0.5,-12.3,-3.93,-2.03,-6.83,22.0,4.82,12.0,0.5,-4.27,-3.25,0.0,-2.47,22.0,2.05,12.0,0.5,1018.23,1019.9,1020.26,1019.36,5.0,1.24,4.0,0.4,,,,,,,,,,,,,,,,,,,,,,,,,,,,,,,,,,,,,,,,,,,,,,,,,,,,,,,,,,,,,,,,,,,,,,,,,,,,,,,,,,,,,,,,,,,,,,,,,,,,,,,,,,,,,,,,,,,,,,,,,,,,,,,,
1900,10,22810,-31.5,-17.3,,,,,,,,,,,,,,,,,,,,,,,,,,,,,,,,,9.3,9.3,12.3,10.3,12.0,1.48,8.0,0.5,-12.3,-8.66,-8.56,-9.22,12.0,2.41,8.0,0.5,-4.9,0.0,3.48,-1.17,12.0,4.24,8.0,0.5,1018.28,1019.15,1019.71,1019.0,4.0,0.92,4.0,0.5,,,,,,,,,,,,,,,,,,,,,,,,,,,,,,,,,,,,,,,,,,,,,,,,,,,,,,,,,,,,,,,,,,,,,,,,,,,,,,,,,,,,,,,,,,,,,,,,,,,,,,,,,,,,,,,,,,,,,,,,,,,,,,,,
1900,10,22810,-31.5,18.2,,,,,,,,,,,,,,,,,,,,,,,,,,,,,,,,,4.6,6.7,6.7,6.06,9.0,1.61,28.0,0.6,-6.57,-4.74,-3.25,-5.08,9.0,2.02,28.0,0.6,-4.34,-3.25,-0.46,-2.61,9.0,1.76,28.0,0.6,1011.84,1012.8,1014.6,1012.81,7.0,1.43,30.0,0.7,,,,,,,,,,,,,,,,,,,,,,,,,,,,,,,,,,,,,,,,,,,,,,,,,,,,,,,,,,,,,,,,,,,,,,,,,,,,,,,,,,,,,,,,,,,,,,,,,,,,,,,,,,,,,,,,,,,,,,,,,,,,,,,,
1900,10,22810,-31.5,32.6,,,,,,,,,,,,,,,,,,,,,,,,,,,,,,,,,2.6,2.6,4.6,3.72,9.0,1.48,16.0,0.8,-1.9,0.97,1.81,0.39,9.0,2.72,16.0,0.8,-4.27,-2.6,-0.5,-2.52,9.0,1.74,16.0,0.8,1015.45,1018.8,1022.56,1018.76,9.0,3.29,16.0,0.8,,,,,,,,,,,,,,,,,,,,,,,,,,,,,,,,,,,,,,,,,,,,,,,,,,,,,,,,,,,,,,,,,,,,,,,,,,,,,,,,,,,,,,,,,,,,,,,,,,,,,,,,,,,,,,,,,,,,,,,,,,,,,,,,
1900,10,22810,-31.5,48.7,,,,,,,,,,,,,,,,,,,,,,,,,,,,,,,,,2.45,6.7,12.3,6.28,13.0,4.27,16.0,0.4,-0.17,2.62,8.95,3.35,13.0,5.14,16.0,0.4,-4.98,-1.8,2.25,-1.38,13.0,4.52,16.0,0.4,997.72,1016.7,1027.07,1012.4,13.0,13.33,16.0,0.4,,,,,,,,,,,,,,,,,,,,,,,,,,,,,,,,,,,,,,,,,,,,,,,,,,,,,,,,,,,,,,,,,,,,,,,,,,,,,,,,,,,,,,,,,,,,,,,,,,,,,,,,,,,,,,,,,,,,,,,,,,,,,,,,
1900,10,22810,-31.399999999999977,-35.2,,,,,,,,,,,,,,,,,,,,,,,,,,,,,,,,,4.6,6.7,15.4,9.24,10.0,5.88,16.0,0.5,-5.41,2.6,5.56,2.13,10.0,7.12,16.0,0.5,-6.94,-2.17,7.94,-0.8,10.0,8.54,16.0,0.5,1001.72,1015.5,1017.58,1011.6,6.0,8.82,24.0,0.5,,,,,,,,,,,,,,,,,,,,,,,,,,,,,,,,,,,,,,,,,,,,,,,,,,,,,,,,,,,,,,,,,,,,,,,,,,,,,,,,,,,,,,,,,,,,,,,,,,,,,,,,,,,,,,,,,,,,,,,,,,,,,,,,
1900,10,22810,-31.399999999999977,-15.2,,,,,,,,,,,,,,,,,,,,,,,,,,,,,,,,,4.6,6.7,9.3,7.46,22.0,2.43,6.0,0.6,-8.67,-6.7,-4.27,-6.59,22.0,2.31,6.0,0.6,-3.3,0.86,3.48,0.16,22.0,3.66,6.0,0.6,1016.61,1017.65,1019.14,1017.66,14.0,1.68,4.0,0.6,,,,,,,,,,,,,,,,,,,,,,,,,,,,,,,,,,,,,,,,,,,,,,,,,,,,,,,,,,,,,,,,,,,,,,,,,,,,,,,,,,,,,,,,,,,,,,,,,,,,,,,,,,,,,,,,,,,,,,,,,,,,,,,,
1900,10,22810,-31.399999999999977,46.3,,,,,,,,,,,,,,,,,,,,,,,,,,,,,,,,,4.0,6.7,20.09,9.31,18.0,7.95,12.0,0.5,-3.56,0.0,14.2,4.2,18.0,8.86,12.0,0.5,-10.22,0.86,4.41,-1.78,18.0,7.37,12.0,0.5,1009.89,1026.5,1027.57,1020.31,10.0,8.91,8.0,0.6,,,,,,,,,,,,,,,,,,,,,,,,,,,,,,,,,,,,,,,,,,,,,,,,,,,,,,,,,,,,,,,,,,,,,,,,,,,,,,,,,,,,,,,,,,,,,,,,,,,,,,,,,,,,,,,,,,,,,,,,,,,,,,,,
1900,10,22810,-31.30000000000001,-21.3,,,,,,,,,,,,,,,,,,,,,,,,,,,,,,,,,2.6,4.6,11.45,6.19,28.0,3.78,10.0,0.6,-10.75,-3.93,-1.24,-5.28,28.0,4.24,10.0,0.6,-3.59,0.0,0.0,-1.27,28.0,2.32,10.0,0.6,1014.99,1018.4,1020.21,1017.28,12.0,4.19,6.0,0.6,,,,,,,,,,,,,,,,,,,,,,,,,,,,,,,,,,,,,,,,,,,,,,,,,,,,,,,,,,,,,,,,,,,,,,,,,,,,,,,,,,,,,,,,,,,,,,,,,,,,,,,,,,,,,,,,,,,,,,,,,,,,,,,,
1900,10,22810,-31.30000000000001,-9.3,,,,,,,,,,,,,,,,,,,,,,,,,,,,,,,,,4.6,9.3,9.3,7.78,24.0,2.71,16.0,0.5,-8.86,-6.58,-4.6,-6.8,24.0,2.87,16.0,0.5,0.0,3.48,4.74,2.86,24.0,2.34,16.0,0.5,1012.72,1013.95,1016.38,1014.38,12.0,1.67,16.0,0.3,,,,,,,,,,,,,,,,,,,,,,,,,,,,,,,,,,,,,,,,,,,,,,,,,,,,,,,,,,,,,,,,,,,,,,,,,,,,,,,,,,,,,,,,,,,,,,,,,,,,,,,,,,,,,,,,,,,,,,,,,,,,,,,,
1900,10,22810,-31.30000000000001,-7.3,,,,,,,,,,,,,,,,,,,,,,,,,,,,,,,,,5.1,6.7,9.3,7.99,34.0,2.47,14.0,0.5,-8.68,-6.39,-4.6,-6.64,34.0,2.24,14.0,0.5,0.0,3.48,6.58,3.7,34.0,2.71,14.0,0.5,1012.87,1015.2,1017.44,1015.13,16.0,2.33,16.0,0.6,,,,,,,,,,,,,,,,,,,,,,,,,,,,,,,,,,,,,,,,,,,,,,,,,,,,,,,,,,,,,,,,,,,,,,,,,,,,,,,,,,,,,,,,,,,,,,,,,,,,,,,,,,,,,,,,,,,,,,,,,,,,,,,,
1900,10,22810,-31.30000000000001,-1.3,,,,,,,,,,,,,,,,,,,,,,,,,,,,,,,,,4.6,6.7,9.26,7.15,20.0,3.47,18.0,0.5,-6.7,-4.74,-2.62,-5.24,20.0,2.65,18.0,0.5,0.03,4.23,6.57,4.23,20.0,3.32,18.0,0.5,1009.73,1011.05,1011.68,1010.9,14.0,1.42,16.0,0.4,,,,,,,,,,,,,,,,,,,,,,,,,,,,,,,,,,,,,,,,,,,,,,,,,,,,,,,,,,,,,,,,,,,,,,,,,,,,,,,,,,,,,,,,,,,,,,,,,,,,,,,,,,,,,,,,,,,,,,,,,,,,,,,,
1900,10,22810,-31.30000000000001,38.3,,,,,,,,,,,,,,,,,,,,,,,,,,,,,,,,,1.0,2.6,4.6,3.05,18.0,2.68,14.0,0.5,-1.02,0.0,1.72,-0.02,18.0,1.36,14.0,0.5,0.86,2.12,3.55,1.37,18.0,3.63,14.0,0.5,1021.33,1023.6,1025.8,1022.58,13.0,5.1,14.0,0.4,,,,,,,,,,,,,,,,,,,,,,,,,,,,,,,,,,,,,,,,,,,,,,,,,,,,,,,,,,,,,,,,,,,,,,,,,,,,,,,,,,,,,,,,,,,,,,,,,,,,,,,,,,,,,,,,,,,,,,,,,,,,,,,,
1900,10,22810,-31.30000000000001,40.4,,,,,,,,,,,,,,,,,,,,,,,,,,,,,,,,,4.6,6.7,15.4,8.84,52.0,5.29,12.0,0.5,-6.54,-0.99,9.3,0.45,52.0,7.96,12.0,0.5,-6.17,-1.69,6.54,-1.34,52.0,6.51,12.0,0.5,1015.24,1021.5,1025.0,1020.53,34.0,4.28,10.0,0.5,,,,,,,,,,,,,,,,,,,,,,,,,,,,,,,,,,,,,,,,,,,,,,,,,,,,,,,,,,,,,,,,,,,,,,,,,,,,,,,,,,,,,,,,,,,,,,,,,,,,,,,,,,,,,,,,,,,,,,,,,,,,,,,,
1900,10,22810,-31.30000000000001,42.2,,,,,,,,,,,,,,,,,,,,,,,,,,,,,,,,,4.6,12.3,18.37,10.8,21.0,5.91,14.0,0.7,-5.87,3.25,8.7,0.97,21.0,8.44,14.0,0.7,-14.26,0.0,2.37,-4.6,21.0,7.94,14.0,0.7,1011.0,1019.0,1025.98,1018.2,20.0,6.3,12.0,0.7,,,,,,,,,,,,,,,,,,,,,,,,,,,,,,,,,,,,,,,,,,,,,,,,,,,,,,,,,,,,,,,,,,,,,,,,,,,,,,,,,,,,,,,,,,,,,,,,,,,,,,,,,,,,,,,,,,,,,,,,,,,,,,,,
1900,10,22810,-31.30000000000001,44.3,,,,,,,,,,,,,,,,,,,,,,,,,,,,,,,,,12.3,15.4,19.0,14.93,14.0,3.73,16.0,0.5,-2.35,14.23,17.36,9.82,14.0,8.73,16.0,0.5,-7.05,0.0,8.41,0.13,14.0,8.59,16.0,0.5,1006.49,1009.9,1016.0,1010.49,12.0,5.04,12.0,0.5,,,,,,,,,,,,,,,,,,,,,,,,,,,,,,,,,,,,,,,,,,,,,,,,,,,,,,,,,,,,,,,,,,,,,,,,,,,,,,,,,,,,,,,,,,,,,,,,,,,,,,,,,,,,,,,,,,,,,,,,,,,,,,,,
1900,10,22810,-31.19999999999999,-41.2,,,,,,,,,,,,,,,,,,,,,,,,,,,,,,,,,9.78,10.8,11.82,10.8,2.0,2.12,20.0,0.5,7.48,9.44,11.39,9.44,2.0,4.05,20.0,0.5,-5.53,-3.29,-1.04,-3.29,2.0,4.65,20.0,0.5,1006.6,1006.6,1006.6,1006.6,1.0,0.0,28.0,0.0,,,,,,,,,,,,,,,,,,,,,,,,,,,,,,,,,,,,,,,,,,,,,,,,,,,,,,,,,,,,,,,,,,,,,,,,,,,,,,,,,,,,,,,,,,,,,,,,,,,,,,,,,,,,,,,,,,,,,,,,,,,,,,,,
1900,10,22810,-31.19999999999999,-39.3,,,,,,,,,,,,,,,,,,,,,,,,,,,,,,,,,9.3,9.3,12.3,10.09,12.0,2.22,10.0,0.4,4.79,6.58,7.1,6.33,12.0,1.46,10.0,0.4,-9.36,-6.58,-6.11,-7.54,12.0,2.87,10.0,0.4,1003.8,1007.2,1017.19,1009.88,8.0,6.79,10.0,0.5,,,,,,,,,,,,,,,,,,,,,,,,,,,,,,,,,,,,,,,,,,,,,,,,,,,,,,,,,,,,,,,,,,,,,,,,,,,,,,,,,,,,,,,,,,,,,,,,,,,,,,,,,,,,,,,,,,,,,,,,,,,,,,,,
1900,10,22810,-31.19999999999999,-33.3,,,,,,,,,,,,,,,,,,,,,,,,,,,,,,,,,1.0,2.6,6.7,3.76,35.0,2.95,18.0,0.5,-0.6,1.8,3.25,1.34,35.0,2.01,18.0,0.5,-4.68,-0.97,0.0,-1.53,35.0,3.87,18.0,0.5,1018.69,1020.6,1022.36,1020.66,10.0,2.25,16.0,0.7,,,,,,,,,,,,,,,,,,,,,,,,,,,,,,,,,,,,,,,,,,,,,,,,,,,,,,,,,,,,,,,,,,,,,,,,,,,,,,,,,,,,,,,,,,,,,,,,,,,,,,,,,,,,,,,,,,,,,,,,,,,,,,,,
1900,10,22810,-31.19999999999999,-29.3,,,,,,,,,,,,,,,,,,,,,,,,,,,,,,,,,5.5,6.7,11.02,7.92,10.0,2.79,8.0,0.6,-9.04,-6.7,-3.83,-6.65,10.0,2.7,8.0,0.6,0.0,0.0,6.4,2.28,10.0,3.9,8.0,0.6,1015.22,1015.9,1021.63,1018.22,5.0,4.44,4.0,0.6,,,,,,,,,,,,,,,,,,,,,,,,,,,,,,,,,,,,,,,,,,,,,,,,,,,,,,,,,,,,,,,,,,,,,,,,,,,,,,,,,,,,,,,,,,,,,,,,,,,,,,,,,,,,,,,,,,,,,,,,,,,,,,,,
1900,10,22810,-31.19999999999999,-27.4,,,,,,,,,,,,,,,,,,,,,,,,,,,,,,,,,6.7,6.7,9.3,7.86,9.0,1.37,8.0,0.7,-9.3,-6.7,-0.71,-5.0,9.0,4.33,8.0,0.7,-6.57,0.0,0.0,-3.07,9.0,3.71,8.0,0.7,1017.59,1018.4,1019.06,1018.33,4.0,0.88,6.0,0.8,,,,,,,,,,,,,,,,,,,,,,,,,,,,,,,,,,,,,,,,,,,,,,,,,,,,,,,,,,,,,,,,,,,,,,,,,,,,,,,,,,,,,,,,,,,,,,,,,,,,,,,,,,,,,,,,,,,,,,,,,,,,,,,,
1900,10,22810,-31.19999999999999,-25.2,,,,,,,,,,,,,,,,,,,,,,,,,,,,,,,,,4.6,6.7,9.3,6.42,28.0,2.46,18.0,0.4,-9.3,-4.27,0.0,-4.65,28.0,3.68,18.0,0.4,-5.79,-2.45,0.0,-2.18,28.0,2.81,18.0,0.4,1010.22,1018.85,1020.84,1016.78,16.0,4.9,18.0,0.4,,,,,,,,,,,,,,,,,,,,,,,,,,,,,,,,,,,,,,,,,,,,,,,,,,,,,,,,,,,,,,,,,,,,,,,,,,,,,,,,,,,,,,,,,,,,,,,,,,,,,,,,,,,,,,,,,,,,,,,,,,,,,,,,
1900,10,22810,-31.19999999999999,-23.3,,,,,,,,,,,,,,,,,,,,,,,,,,,,,,,,,2.6,4.6,6.7,5.37,43.0,2.88,14.0,0.4,-6.7,-1.0,1.8,-2.28,43.0,4.54,14.0,0.4,-4.23,0.0,3.83,-0.03,43.0,3.45,14.0,0.4,1009.15,1017.4,1020.8,1016.67,31.0,4.62,14.0,0.5,,,,,,,,,,,,,,,,,,,,,,,,,,,,,,,,,,,,,,,,,,,,,,,,,,,,,,,,,,,,,,,,,,,,,,,,,,,,,,,,,,,,,,,,,,,,,,,,,,,,,,,,,,,,,,,,,,,,,,,,,,,,,,,,
1900,10,22810,-31.19999999999999,-13.2,,,,,,,,,,,,,,,,,,,,,,,,,,,,,,,,,4.6,6.7,6.7,6.69,30.0,1.96,10.0,0.5,-6.7,-6.21,-4.27,-6.05,30.0,2.16,10.0,0.5,0.0,2.51,3.98,2.02,30.0,1.83,10.0,0.5,1016.1,1017.0,1018.09,1017.25,17.0,1.07,6.0,0.5,,,,,,,,,,,,,,,,,,,,,,,,,,,,,,,,,,,,,,,,,,,,,,,,,,,,,,,,,,,,,,,,,,,,,,,,,,,,,,,,,,,,,,,,,,,,,,,,,,,,,,,,,,,,,,,,,,,,,,,,,,,,,,,,
1900,10,22810,-31.19999999999999,-11.3,,,,,,,,,,,,,,,,,,,,,,,,,,,,,,,,,6.7,9.3,9.3,8.37,30.0,1.66,10.0,0.6,-9.3,-6.7,-6.21,-7.55,30.0,2.0,10.0,0.6,0.0,2.51,4.74,2.27,30.0,2.64,10.0,0.6,1014.07,1016.55,1018.19,1016.41,18.0,2.03,8.0,0.7,,,,,,,,,,,,,,,,,,,,,,,,,,,,,,,,,,,,,,,,,,,,,,,,,,,,,,,,,,,,,,,,,,,,,,,,,,,,,,,,,,,,,,,,,,,,,,,,,,,,,,,,,,,,,,,,,,,,,,,,,,,,,,,,
1900,10,22810,-31.19999999999999,-5.3,,,,,,,,,,,,,,,,,,,,,,,,,,,,,,,,,4.6,6.7,12.3,7.73,31.0,3.18,20.0,0.4,-11.01,-6.21,-4.52,-6.88,31.0,2.78,20.0,0.4,0.0,3.48,4.64,3.07,31.0,2.33,20.0,0.4,1012.69,1014.7,1018.36,1015.41,17.0,2.6,16.0,0.3,,,,,,,,,,,,,,,,,,,,,,,,,,,,,,,,,,,,,,,,,,,,,,,,,,,,,,,,,,,,,,,,,,,,,,,,,,,,,,,,,,,,,,,,,,,,,,,,,,,,,,,,,,,,,,,,,,,,,,,,,,,,,,,,
1900,10,22810,-31.19999999999999,0.2,,,,,,,,,,,,,,,,,,,,,,,,,,,,,,,,,7.4,9.3,15.4,11.09,9.0,3.63,20.0,0.6,-10.89,-8.62,-2.89,-6.94,9.0,3.74,20.0,0.6,6.17,8.56,10.89,8.26,9.0,2.57,20.0,0.6,1008.9,1009.9,1011.59,1010.29,9.0,1.42,20.0,0.6,,,,,,,,,,,,,,,,,,,,,,,,,,,,,,,,,,,,,,,,,,,,,,,,,,,,,,,,,,,,,,,,,,,,,,,,,,,,,,,,,,,,,,,,,,,,,,,,,,,,,,,,,,,,,,,,,,,,,,,,,,,,,,,,
1900,10,22810,-31.19999999999999,2.3,,,,,,,,,,,,,,,,,,,,,,,,,,,,,,,,,12.3,12.3,12.3,12.3,1.0,0.0,28.0,1.0,-8.7,-8.7,-8.7,-8.7,1.0,0.0,28.0,1.0,8.7,8.7,8.7,8.7,1.0,0.0,28.0,1.0,1009.7,1009.7,1009.7,1009.7,1.0,0.0,28.0,1.0,,,,,,,,,,,,,,,,,,,,,,,,,,,,,,,,,,,,,,,,,,,,,,,,,,,,,,,,,,,,,,,,,,,,,,,,,,,,,,,,,,,,,,,,,,,,,,,,,,,,,,,,,,,,,,,,,,,,,,,,,,,,,,,,
1900,10,22810,-31.19999999999999,12.6,,,,,,,,,,,,,,,,,,,,,,,,,,,,,,,,,6.7,6.7,9.3,7.81,7.0,1.39,30.0,0.3,-8.74,-6.3,-6.21,-7.3,7.0,1.31,30.0,0.3,-3.2,-2.51,-2.29,-2.78,7.0,0.49,30.0,0.3,1010.68,1011.7,1012.41,1011.55,4.0,1.08,30.0,0.3,,,,,,,,,,,,,,,,,,,,,,,,,,,,,,,,,,,,,,,,,,,,,,,,,,,,,,,,,,,,,,,,,,,,,,,,,,,,,,,,,,,,,,,,,,,,,,,,,,,,,,,,,,,,,,,,,,,,,,,,,,,,,,,,
1900,10,22810,-31.19999999999999,16.8,,,,,,,,,,,,,,,,,,,,,,,,,,,,,,,,,6.7,6.7,6.7,6.7,2.0,0.0,30.0,0.0,-4.74,-4.74,-4.74,-4.74,2.0,0.0,30.0,0.0,-4.74,-4.74,-4.74,-4.74,2.0,0.0,30.0,0.0,1011.23,1011.5,1011.77,1011.5,2.0,0.57,30.0,0.0,,,,,,,,,,,,,,,,,,,,,,,,,,,,,,,,,,,,,,,,,,,,,,,,,,,,,,,,,,,,,,,,,,,,,,,,,,,,,,,,,,,,,,,,,,,,,,,,,,,,,,,,,,,,,,,,,,,,,,,,,,,,,,,,
1900,10,22810,-31.19999999999999,20.3,,,,,,,,,,,,,,,,,,,,,,,,,,,,,,,,,2.6,4.6,5.9,4.33,16.0,2.12,18.0,0.6,-5.44,-4.23,-1.98,-3.79,16.0,2.03,18.0,0.6,-1.8,-0.2,3.01,0.61,16.0,2.17,18.0,0.6,1015.8,1017.0,1017.87,1016.66,14.0,1.16,16.0,0.6,,,,,,,,,,,,,,,,,,,,,,,,,,,,,,,,,,,,,,,,,,,,,,,,,,,,,,,,,,,,,,,,,,,,,,,,,,,,,,,,,,,,,,,,,,,,,,,,,,,,,,,,,,,,,,,,,,,,,,,,,,,,,,,,
1900,10,22810,-31.19999999999999,34.2,,,,,,,,,,,,,,,,,,,,,,,,,,,,,,,,,1.25,1.8,2.35,1.8,2.0,1.13,24.0,0.5,-0.69,-0.01,0.66,-0.01,2.0,1.4,24.0,0.5,-2.03,-1.21,-0.38,-1.21,2.0,1.7,24.0,0.5,1015.91,1017.0,1018.09,1017.0,2.0,2.26,24.0,0.5,,,,,,,,,,,,,,,,,,,,,,,,,,,,,,,,,,,,,,,,,,,,,,,,,,,,,,,,,,,,,,,,,,,,,,,,,,,,,,,,,,,,,,,,,,,,,,,,,,,,,,,,,,,,,,,,,,,,,,,,,,,,,,,,
1900,10,22810,-31.19999999999999,50.3,,,,,,,,,,,,,,,,,,,,,,,,,,,,,,,,,0.0,0.0,0.0,0.0,1.0,0.0,24.0,1.0,0.0,0.0,0.0,0.0,1.0,0.0,24.0,1.0,0.0,0.0,0.0,0.0,1.0,0.0,24.0,1.0,1036.0,1036.0,1036.0,1036.0,1.0,0.0,24.0,1.0,,,,,,,,,,,,,,,,,,,,,,,,,,,,,,,,,,,,,,,,,,,,,,,,,,,,,,,,,,,,,,,,,,,,,,,,,,,,,,,,,,,,,,,,,,,,,,,,,,,,,,,,,,,,,,,,,,,,,,,,,,,,,,,,
1900,10,22810,-31.100000000000023,-31.3,,,,,,,,,,,,,,,,,,,,,,,,,,,,,,,,,2.6,4.6,9.3,5.56,16.0,3.56,12.0,0.5,-7.94,-3.04,-0.81,-3.65,16.0,3.6,12.0,0.5,-4.09,-1.27,0.0,-1.61,16.0,3.96,12.0,0.5,1017.44,1019.4,1020.36,1019.01,7.0,1.77,12.0,0.6,,,,,,,,,,,,,,,,,,,,,,,,,,,,,,,,,,,,,,,,,,,,,,,,,,,,,,,,,,,,,,,,,,,,,,,,,,,,,,,,,,,,,,,,,,,,,,,,,,,,,,,,,,,,,,,,,,,,,,,,,,,,,,,,
1900,10,22810,-31.100000000000023,-3.3,,,,,,,,,,,,,,,,,,,,,,,,,,,,,,,,,6.7,6.7,12.3,8.55,29.0,2.76,20.0,0.6,-8.7,-6.7,-4.74,-7.05,29.0,2.32,20.0,0.6,1.11,4.61,6.94,4.23,29.0,2.83,20.0,0.6,1010.52,1012.75,1015.4,1013.22,12.0,2.8,14.0,0.7,,,,,,,,,,,,,,,,,,,,,,,,,,,,,,,,,,,,,,,,,,,,,,,,,,,,,,,,,,,,,,,,,,,,,,,,,,,,,,,,,,,,,,,,,,,,,,,,,,,,,,,,,,,,,,,,,,,,,,,,,,,,,,,,
1900,10,22810,-31.0,22.0,,,,,,,,,,,,,,,,,,,,,,,,,,,,,,,,,0.0,0.5,1.0,0.5,4.0,0.58,30.0,0.8,-0.66,-0.19,0.0,-0.32,4.0,0.44,30.0,0.8,-0.67,-0.2,0.0,-0.33,4.0,0.44,30.0,0.8,1018.06,1018.2,1018.34,1018.2,2.0,0.28,30.0,1.0,,,,,,,,,,,,,,,,,,,,,,,,,,,,,,,,,,,,,,,,,,,,,,,,,,,,,,,,,,,,,,,,,,,,,,,,,,,,,,,,,,,,,,,,,,,,,,,,,,,,,,,,,,,,,,,,,,,,,,,,,,,,,,,,
1900,10,22810,-29.69999999999999,20.8,,,,,,,,,,,,,,,,,,,,,,,,,,,,,,,,,2.6,2.6,2.6,2.6,2.0,0.0,8.0,0.5,-2.39,-2.39,-2.39,-2.39,2.0,0.0,8.0,0.5,1.02,1.02,1.02,1.02,2.0,0.0,8.0,0.5,1016.16,1016.5,1016.84,1016.5,2.0,0.71,8.0,0.5,,,,,,,,,,,,,,,,,,,,,,,,,,,,,,,,,,,,,,,,,,,,,,,,,,,,,,,,,,,,,,,,,,,,,,,,,,,,,,,,,,,,,,,,,,,,,,,,,,,,,,,,,,,,,,,,,,,,,,,,,,,,,,,,
1900,10,22810,-29.600000000000023,16.2,,,,,,,,,,,,,,,,,,,,,,,,,,,,,,,,,6.7,9.3,9.3,8.26,5.0,1.42,22.0,0.8,-8.56,-8.56,-4.74,-7.03,5.0,2.09,22.0,0.8,-4.74,-3.63,-3.63,-4.08,5.0,0.6,22.0,0.8,1013.0,1013.2,1013.4,1013.2,2.0,0.42,30.0,1.0,,,,,,,,,,,,,,,,,,,,,,,,,,,,,,,,,,,,,,,,,,,,,,,,,,,,,,,,,,,,,,,,,,,,,,,,,,,,,,,,,,,,,,,,,,,,,,,,,,,,,,,,,,,,,,,,,,,,,,,,,,,,,,,,
1900,10,22810,-29.600000000000023,32.8,,,,,,,,,,,,,,,,,,,,,,,,,,,,,,,,,3.23,4.6,4.6,3.93,3.0,1.15,4.0,0.3,1.21,1.72,2.77,1.98,3.0,1.16,4.0,0.3,-3.94,-3.25,-2.68,-3.31,3.0,0.93,4.0,0.3,1020.71,1021.8,1022.35,1021.53,3.0,1.22,4.0,0.3,,,,,,,,,,,,,,,,,,,,,,,,,,,,,,,,,,,,,,,,,,,,,,,,,,,,,,,,,,,,,,,,,,,,,,,,,,,,,,,,,,,,,,,,,,,,,,,,,,,,,,,,,,,,,,,,,,,,,,,,,,,,,,,,
1900,10,22810,-29.600000000000023,50.3,,,,,,,,,,,,,,,,,,,,,,,,,,,,,,,,,6.09,9.3,13.46,9.77,3.0,5.42,20.0,0.3,1.15,3.63,10.83,5.94,3.0,7.36,20.0,0.3,-5.57,-4.6,4.38,-0.69,3.0,8.04,20.0,0.3,1006.5,1036.4,1037.08,1022.13,3.0,25.58,20.0,0.3,,,,,,,,,,,,,,,,,,,,,,,,,,,,,,,,,,,,,,,,,,,,,,,,,,,,,,,,,,,,,,,,,,,,,,,,,,,,,,,,,,,,,,,,,,,,,,,,,,,,,,,,,,,,,,,,,,,,,,,,,,,,,,,,
1900,10,22810,-29.5,-39.0,,,,,,,,,,,,,,,,,,,,,,,,,,,,,,,,,10.25,12.3,12.3,11.3,3.0,1.73,16.0,0.3,7.25,8.7,10.49,8.87,3.0,2.38,16.0,0.3,-8.02,-6.58,1.19,-3.49,3.0,7.26,16.0,0.3,1011.19,1018.7,1019.45,1015.4,3.0,6.69,16.0,0.3,,,,,,,,,,,,,,,,,,,,,,,,,,,,,,,,,,,,,,,,,,,,,,,,,,,,,,,,,,,,,,,,,,,,,,,,,,,,,,,,,,,,,,,,,,,,,,,,,,,,,,,,,,,,,,,,,,,,,,,,,,,,,,,,
1900,10,22810,-29.5,4.5,,,,,,,,,,,,,,,,,,,,,,,,,,,,,,,,,1.0,1.0,1.0,1.0,2.0,0.0,28.0,0.5,-0.92,-0.92,-0.92,-0.92,2.0,0.0,28.0,0.5,0.39,0.39,0.39,0.39,2.0,0.0,28.0,0.5,1010.3,1010.5,1010.77,1010.53,3.0,0.35,28.0,0.3,,,,,,,,,,,,,,,,,,,,,,,,,,,,,,,,,,,,,,,,,,,,,,,,,,,,,,,,,,,,,,,,,,,,,,,,,,,,,,,,,,,,,,,,,,,,,,,,,,,,,,,,,,,,,,,,,,,,,,,,,,,,,,,,
1900,10,22810,-29.5,22.3,,,,,,,,,,,,,,,,,,,,,,,,,,,,,,,,,4.6,5.65,6.7,5.65,4.0,1.21,6.0,0.5,-6.7,-5.65,-4.41,-5.56,4.0,1.33,6.0,0.5,0.0,0.0,0.94,0.45,4.0,0.9,6.0,0.5,1016.48,1017.0,1017.0,1016.75,4.0,0.5,6.0,0.5,,,,,,,,,,,,,,,,,,,,,,,,,,,,,,,,,,,,,,,,,,,,,,,,,,,,,,,,,,,,,,,,,,,,,,,,,,,,,,,,,,,,,,,,,,,,,,,,,,,,,,,,,,,,,,,,,,,,,,,,,,,,,,,,
1900,10,22810,-29.5,34.6,,,,,,,,,,,,,,,,,,,,,,,,,,,,,,,,,2.6,2.6,3.33,3.0,5.0,0.89,20.0,0.4,0.0,0.97,0.97,0.58,5.0,0.53,20.0,0.4,-3.21,-2.41,-0.58,-1.85,5.0,2.66,20.0,0.4,1016.13,1017.7,1018.11,1017.24,5.0,1.06,20.0,0.4,,,,,,,,,,,,,,,,,,,,,,,,,,,,,,,,,,,,,,,,,,,,,,,,,,,,,,,,,,,,,,,,,,,,,,,,,,,,,,,,,,,,,,,,,,,,,,,,,,,,,,,,,,,,,,,,,,,,,,,,,,,,,,,,
1900,10,22810,-29.5,44.3,,,,,,,,,,,,,,,,,,,,,,,,,,,,,,,,,6.31,15.4,19.0,13.86,15.0,5.5,20.0,0.5,-3.07,13.44,14.28,9.17,15.0,8.11,20.0,0.5,-5.77,1.72,13.44,3.89,15.0,8.0,20.0,0.5,1007.0,1008.3,1025.0,1012.51,11.0,8.12,14.0,0.5,,,,,,,,,,,,,,,,,,,,,,,,,,,,,,,,,,,,,,,,,,,,,,,,,,,,,,,,,,,,,,,,,,,,,,,,,,,,,,,,,,,,,,,,,,,,,,,,,,,,,,,,,,,,,,,,,,,,,,,,,,,,,,,,
1900,10,22810,-29.399999999999977,-19.3,,,,,,,,,,,,,,,,,,,,,,,,,,,,,,,,,1.0,2.6,8.43,3.88,22.0,3.54,6.0,0.4,-7.94,-2.6,0.47,-3.32,22.0,3.66,6.0,0.4,0.0,0.0,2.18,0.64,22.0,1.7,6.0,0.4,1017.83,1019.0,1021.06,1019.29,21.0,1.69,6.0,0.4,,,,,,,,,,,,,,,,,,,,,,,,,,,,,,,,,,,,,,,,,,,,,,,,,,,,,,,,,,,,,,,,,,,,,,,,,,,,,,,,,,,,,,,,,,,,,,,,,,,,,,,,,,,,,,,,,,,,,,,,,,,,,,,,
1900,10,22810,-29.399999999999977,12.2,,,,,,,,,,,,,,,,,,,,,,,,,,,,,,,,,4.83,6.7,6.7,6.18,8.0,0.97,24.0,0.8,-6.29,-6.19,-4.45,-5.73,8.0,0.92,24.0,0.8,-2.61,-2.4,-1.85,-2.3,8.0,0.34,24.0,0.8,1011.22,1011.7,1012.18,1011.7,2.0,0.99,30.0,1.0,,,,,,,,,,,,,,,,,,,,,,,,,,,,,,,,,,,,,,,,,,,,,,,,,,,,,,,,,,,,,,,,,,,,,,,,,,,,,,,,,,,,,,,,,,,,,,,,,,,,,,,,,,,,,,,,,,,,,,,,,,,,,,,,
1900,10,22810,-29.399999999999977,38.5,,,,,,,,,,,,,,,,,,,,,,,,,,,,,,,,,4.6,4.6,20.31,11.08,5.0,8.96,20.0,0.2,1.72,3.25,10.51,5.79,5.0,5.18,20.0,0.2,-16.13,3.25,4.27,-4.49,5.0,11.83,20.0,0.2,1008.18,1009.0,1009.82,1009.0,2.0,1.7,30.0,0.5,,,,,,,,,,,,,,,,,,,,,,,,,,,,,,,,,,,,,,,,,,,,,,,,,,,,,,,,,,,,,,,,,,,,,,,,,,,,,,,,,,,,,,,,,,,,,,,,,,,,,,,,,,,,,,,,,,,,,,,,,,,,,,,,
1900,10,22810,-29.399999999999977,46.2,,,,,,,,,,,,,,,,,,,,,,,,,,,,,,,,,4.6,12.3,19.0,11.95,19.0,7.35,8.0,0.6,-3.25,4.6,14.18,6.09,19.0,8.13,8.0,0.6,-6.42,2.41,13.44,1.89,19.0,9.78,8.0,0.6,1009.32,1012.6,1024.73,1016.2,9.0,7.86,8.0,0.6,,,,,,,,,,,,,,,,,,,,,,,,,,,,,,,,,,,,,,,,,,,,,,,,,,,,,,,,,,,,,,,,,,,,,,,,,,,,,,,,,,,,,,,,,,,,,,,,,,,,,,,,,,,,,,,,,,,,,,,,,,,,,,,,
1900,10,22810,-29.399999999999977,48.8,,,,,,,,,,,,,,,,,,,,,,,,,,,,,,,,,2.6,4.6,8.19,5.29,10.0,3.37,14.0,0.4,-3.14,1.27,3.83,0.48,10.0,3.93,14.0,0.4,-4.1,-2.82,1.29,-1.21,10.0,5.01,14.0,0.4,1000.37,1011.9,1029.1,1013.6,10.0,14.3,14.0,0.4,,,,,,,,,,,,,,,,,,,,,,,,,,,,,,,,,,,,,,,,,,,,,,,,,,,,,,,,,,,,,,,,,,,,,,,,,,,,,,,,,,,,,,,,,,,,,,,,,,,,,,,,,,,,,,,,,,,,,,,,,,,,,,,,
1900,10,22810,-29.30000000000001,-37.3,,,,,,,,,,,,,,,,,,,,,,,,,,,,,,,,,6.7,9.3,10.54,8.95,11.0,2.29,10.0,0.7,2.05,6.58,7.45,4.87,11.0,3.36,10.0,0.7,-6.58,-4.74,8.62,-0.26,11.0,7.47,10.0,0.7,1014.11,1016.6,1019.51,1016.86,7.0,3.77,8.0,0.7,,,,,,,,,,,,,,,,,,,,,,,,,,,,,,,,,,,,,,,,,,,,,,,,,,,,,,,,,,,,,,,,,,,,,,,,,,,,,,,,,,,,,,,,,,,,,,,,,,,,,,,,,,,,,,,,,,,,,,,,,,,,,,,,
1900,10,22810,-29.30000000000001,-35.1,,,,,,,,,,,,,,,,,,,,,,,,,,,,,,,,,2.6,12.3,15.4,10.5,14.0,5.94,6.0,0.4,-4.61,1.21,6.54,0.41,14.0,5.66,6.0,0.4,-15.32,-9.98,-0.98,-8.69,14.0,6.36,6.0,0.4,1010.45,1013.4,1024.24,1015.72,13.0,6.41,4.0,0.5,,,,,,,,,,,,,,,,,,,,,,,,,,,,,,,,,,,,,,,,,,,,,,,,,,,,,,,,,,,,,,,,,,,,,,,,,,,,,,,,,,,,,,,,,,,,,,,,,,,,,,,,,,,,,,,,,,,,,,,,,,,,,,,,
1900,10,22810,-29.30000000000001,-29.3,,,,,,,,,,,,,,,,,,,,,,,,,,,,,,,,,4.6,6.7,8.31,6.14,16.0,1.98,10.0,0.4,-5.57,-3.31,2.62,-2.06,16.0,3.79,10.0,0.4,-3.25,-1.37,6.17,0.66,16.0,4.98,10.0,0.4,1016.9,1021.2,1022.8,1020.39,9.0,2.87,8.0,0.3,,,,,,,,,,,,,,,,,,,,,,,,,,,,,,,,,,,,,,,,,,,,,,,,,,,,,,,,,,,,,,,,,,,,,,,,,,,,,,,,,,,,,,,,,,,,,,,,,,,,,,,,,,,,,,,,,,,,,,,,,,,,,,,,
1900,10,22810,-29.30000000000001,-5.3,,,,,,,,,,,,,,,,,,,,,,,,,,,,,,,,,6.7,6.7,9.3,7.92,32.0,2.08,10.0,0.5,-8.7,-6.58,-3.6,-6.23,32.0,2.06,10.0,0.5,0.0,4.11,6.58,3.84,32.0,3.09,10.0,0.5,1011.95,1013.3,1015.22,1013.46,27.0,1.48,12.0,0.6,,,,,,,,,,,,,,,,,,,,,,,,,,,,,,,,,,,,,,,,,,,,,,,,,,,,,,,,,,,,,,,,,,,,,,,,,,,,,,,,,,,,,,,,,,,,,,,,,,,,,,,,,,,,,,,,,,,,,,,,,,,,,,,,
1900,10,22810,-29.30000000000001,-3.2,,,,,,,,,,,,,,,,,,,,,,,,,,,,,,,,,6.7,9.3,9.3,8.08,35.0,2.27,14.0,0.6,-8.7,-6.58,-3.63,-6.39,35.0,2.05,14.0,0.6,0.0,3.25,6.58,4.13,35.0,2.92,14.0,0.6,1011.01,1012.6,1014.97,1012.86,33.0,1.96,14.0,0.6,,,,,,,,,,,,,,,,,,,,,,,,,,,,,,,,,,,,,,,,,,,,,,,,,,,,,,,,,,,,,,,,,,,,,,,,,,,,,,,,,,,,,,,,,,,,,,,,,,,,,,,,,,,,,,,,,,,,,,,,,,,,,,,,
1900,10,22810,-29.30000000000001,-1.3,,,,,,,,,,,,,,,,,,,,,,,,,,,,,,,,,6.7,6.7,9.3,6.97,47.0,1.31,16.0,0.4,-6.66,-6.21,-4.74,-5.76,47.0,1.43,16.0,0.4,2.51,3.25,4.74,3.45,47.0,1.85,16.0,0.4,1011.07,1012.1,1015.32,1013.0,32.0,2.2,12.0,0.4,,,,,,,,,,,,,,,,,,,,,,,,,,,,,,,,,,,,,,,,,,,,,,,,,,,,,,,,,,,,,,,,,,,,,,,,,,,,,,,,,,,,,,,,,,,,,,,,,,,,,,,,,,,,,,,,,,,,,,,,,,,,,,,,
1900,10,22810,-29.30000000000001,10.6,,,,,,,,,,,,,,,,,,,,,,,,,,,,,,,,,5.83,6.7,9.3,6.85,11.0,2.03,26.0,0.5,-6.58,-5.13,-4.24,-4.96,11.0,1.96,26.0,0.5,-6.22,-4.74,-2.68,-4.05,11.0,2.58,26.0,0.5,1010.4,1012.1,1012.82,1011.8,8.0,1.15,26.0,0.6,,,,,,,,,,,,,,,,,,,,,,,,,,,,,,,,,,,,,,,,,,,,,,,,,,,,,,,,,,,,,,,,,,,,,,,,,,,,,,,,,,,,,,,,,,,,,,,,,,,,,,,,,,,,,,,,,,,,,,,,,,,,,,,,
1900,10,22810,-29.30000000000001,14.4,,,,,,,,,,,,,,,,,,,,,,,,,,,,,,,,,4.83,6.7,9.01,7.2,8.0,2.53,24.0,0.4,-8.3,-4.74,-3.42,-5.85,8.0,2.79,24.0,0.4,-4.74,-4.19,-3.25,-3.97,8.0,0.88,24.0,0.4,1011.26,1011.9,1012.62,1011.96,5.0,0.76,30.0,0.4,,,,,,,,,,,,,,,,,,,,,,,,,,,,,,,,,,,,,,,,,,,,,,,,,,,,,,,,,,,,,,,,,,,,,,,,,,,,,,,,,,,,,,,,,,,,,,,,,,,,,,,,,,,,,,,,,,,,,,,,,,,,,,,,
1900,10,22810,-29.30000000000001,40.3,,,,,,,,,,,,,,,,,,,,,,,,,,,,,,,,,4.73,6.7,9.3,8.35,14.0,5.15,14.0,0.6,0.0,3.04,6.58,4.41,14.0,5.93,14.0,0.6,0.04,6.19,6.69,3.6,14.0,5.62,14.0,0.6,1014.59,1018.0,1020.41,1017.36,11.0,3.41,14.0,0.5,,,,,,,,,,,,,,,,,,,,,,,,,,,,,,,,,,,,,,,,,,,,,,,,,,,,,,,,,,,,,,,,,,,,,,,,,,,,,,,,,,,,,,,,,,,,,,,,,,,,,,,,,,,,,,,,,,,,,,,,,,,,,,,,
1900,10,22810,-29.30000000000001,42.4,,,,,,,,,,,,,,,,,,,,,,,,,,,,,,,,,2.6,12.3,19.0,10.98,52.0,6.26,20.0,0.4,-1.72,7.42,15.4,6.69,52.0,7.99,20.0,0.4,-5.45,0.35,7.07,0.93,52.0,7.18,20.0,0.4,1011.0,1013.0,1015.98,1014.3,20.0,4.18,14.0,0.5,,,,,,,,,,,,,,,,,,,,,,,,,,,,,,,,,,,,,,,,,,,,,,,,,,,,,,,,,,,,,,,,,,,,,,,,,,,,,,,,,,,,,,,,,,,,,,,,,,,,,,,,,,,,,,,,,,,,,,,,,,,,,,,,
1900,10,22810,-29.19999999999999,-33.1,,,,,,,,,,,,,,,,,,,,,,,,,,,,,,,,,6.7,9.3,17.09,10.61,28.0,5.37,16.0,0.6,0.0,2.17,8.41,3.38,28.0,5.58,16.0,0.6,-12.3,-6.43,3.98,-4.4,28.0,9.08,16.0,0.6,1014.77,1016.9,1021.14,1016.35,22.0,6.16,14.0,0.5,,,,,,,,,,,,,,,,,,,,,,,,,,,,,,,,,,,,,,,,,,,,,,,,,,,,,,,,,,,,,,,,,,,,,,,,,,,,,,,,,,,,,,,,,,,,,,,,,,,,,,,,,,,,,,,,,,,,,,,,,,,,,,,,
1900,10,22810,-29.19999999999999,-27.2,,,,,,,,,,,,,,,,,,,,,,,,,,,,,,,,,4.76,6.7,9.3,7.12,33.0,1.83,12.0,0.5,-6.21,-3.25,4.22,-1.21,33.0,5.0,12.0,0.5,-8.41,-1.8,2.61,-1.68,33.0,5.12,12.0,0.5,1009.74,1017.8,1022.03,1017.28,21.0,5.11,12.0,0.5,,,,,,,,,,,,,,,,,,,,,,,,,,,,,,,,,,,,,,,,,,,,,,,,,,,,,,,,,,,,,,,,,,,,,,,,,,,,,,,,,,,,,,,,,,,,,,,,,,,,,,,,,,,,,,,,,,,,,,,,,,,,,,,,
1900,10,22810,-29.19999999999999,-25.3,,,,,,,,,,,,,,,,,,,,,,,,,,,,,,,,,1.0,4.6,6.7,4.03,44.0,2.93,12.0,0.5,-4.32,0.0,0.97,-1.29,44.0,2.81,12.0,0.5,-6.18,0.0,1.84,-1.42,44.0,3.68,12.0,0.5,1017.66,1020.6,1022.52,1019.94,30.0,3.63,14.0,0.5,,,,,,,,,,,,,,,,,,,,,,,,,,,,,,,,,,,,,,,,,,,,,,,,,,,,,,,,,,,,,,,,,,,,,,,,,,,,,,,,,,,,,,,,,,,,,,,,,,,,,,,,,,,,,,,,,,,,,,,,,,,,,,,,
1900,10,22810,-29.19999999999999,-23.2,,,,,,,,,,,,,,,,,,,,,,,,,,,,,,,,,1.0,2.6,4.6,3.56,29.0,2.89,6.0,0.5,-3.8,-1.72,0.0,-2.12,29.0,3.06,6.0,0.5,-3.25,-1.0,2.41,-0.84,29.0,2.58,6.0,0.5,1018.44,1020.7,1023.0,1020.44,14.0,2.42,6.0,0.6,,,,,,,,,,,,,,,,,,,,,,,,,,,,,,,,,,,,,,,,,,,,,,,,,,,,,,,,,,,,,,,,,,,,,,,,,,,,,,,,,,,,,,,,,,,,,,,,,,,,,,,,,,,,,,,,,,,,,,,,,,,,,,,,
1900,10,22810,-29.19999999999999,-21.3,,,,,,,,,,,,,,,,,,,,,,,,,,,,,,,,,1.0,2.6,5.0,3.7,25.0,2.93,6.0,0.4,-4.73,-2.39,0.44,-2.65,25.0,3.33,6.0,0.4,-1.81,0.93,2.45,0.61,25.0,2.01,6.0,0.4,1017.4,1020.65,1021.5,1019.74,20.0,2.2,6.0,0.5,,,,,,,,,,,,,,,,,,,,,,,,,,,,,,,,,,,,,,,,,,,,,,,,,,,,,,,,,,,,,,,,,,,,,,,,,,,,,,,,,,,,,,,,,,,,,,,,,,,,,,,,,,,,,,,,,,,,,,,,,,,,,,,,
1900,10,22810,-29.19999999999999,-17.2,,,,,,,,,,,,,,,,,,,,,,,,,,,,,,,,,4.6,6.7,9.3,6.26,25.0,2.31,14.0,0.6,-8.62,-4.74,-2.62,-5.62,25.0,2.42,14.0,0.6,0.0,0.0,3.72,1.56,25.0,2.22,14.0,0.6,1016.6,1017.4,1019.2,1017.76,25.0,1.46,14.0,0.6,,,,,,,,,,,,,,,,,,,,,,,,,,,,,,,,,,,,,,,,,,,,,,,,,,,,,,,,,,,,,,,,,,,,,,,,,,,,,,,,,,,,,,,,,,,,,,,,,,,,,,,,,,,,,,,,,,,,,,,,,,,,,,,,
1900,10,22810,-29.19999999999999,-15.3,,,,,,,,,,,,,,,,,,,,,,,,,,,,,,,,,4.6,6.7,6.7,6.25,21.0,1.42,14.0,0.5,-6.7,-6.17,-2.9,-5.26,21.0,2.27,14.0,0.5,0.0,0.0,4.1,1.41,21.0,2.59,14.0,0.5,1015.2,1017.6,1018.38,1017.02,21.0,1.52,14.0,0.5,,,,,,,,,,,,,,,,,,,,,,,,,,,,,,,,,,,,,,,,,,,,,,,,,,,,,,,,,,,,,,,,,,,,,,,,,,,,,,,,,,,,,,,,,,,,,,,,,,,,,,,,,,,,,,,,,,,,,,,,,,,,,,,,
1900,10,22810,-29.19999999999999,-9.3,,,,,,,,,,,,,,,,,,,,,,,,,,,,,,,,,4.6,6.7,9.3,6.44,40.0,1.9,10.0,0.5,-8.26,-4.74,-4.6,-5.61,40.0,1.93,10.0,0.5,0.0,0.86,4.74,1.94,40.0,2.52,10.0,0.5,1013.88,1015.5,1017.01,1015.44,32.0,1.5,12.0,0.5,,,,,,,,,,,,,,,,,,,,,,,,,,,,,,,,,,,,,,,,,,,,,,,,,,,,,,,,,,,,,,,,,,,,,,,,,,,,,,,,,,,,,,,,,,,,,,,,,,,,,,,,,,,,,,,,,,,,,,,,,,,,,,,,
1900,10,22810,-29.19999999999999,-7.2,,,,,,,,,,,,,,,,,,,,,,,,,,,,,,,,,4.6,6.7,9.3,7.68,39.0,2.54,12.0,0.5,-9.3,-6.58,-4.23,-6.53,39.0,2.62,12.0,0.5,0.0,3.25,6.52,2.44,39.0,3.2,12.0,0.5,1012.43,1014.6,1016.71,1014.37,29.0,1.87,12.0,0.5,,,,,,,,,,,,,,,,,,,,,,,,,,,,,,,,,,,,,,,,,,,,,,,,,,,,,,,,,,,,,,,,,,,,,,,,,,,,,,,,,,,,,,,,,,,,,,,,,,,,,,,,,,,,,,,,,,,,,,,,,,,,,,,,
1900,10,22810,-29.19999999999999,0.3,,,,,,,,,,,,,,,,,,,,,,,,,,,,,,,,,4.6,6.7,7.98,6.27,42.0,2.06,14.0,0.5,-6.21,-3.95,-2.62,-3.95,42.0,2.24,14.0,0.5,2.51,4.67,6.17,4.15,42.0,2.4,14.0,0.5,1010.9,1012.35,1015.31,1012.93,28.0,2.16,10.0,0.5,,,,,,,,,,,,,,,,,,,,,,,,,,,,,,,,,,,,,,,,,,,,,,,,,,,,,,,,,,,,,,,,,,,,,,,,,,,,,,,,,,,,,,,,,,,,,,,,,,,,,,,,,,,,,,,,,,,,,,,,,,,,,,,,
1900,10,22810,-29.19999999999999,6.4,,,,,,,,,,,,,,,,,,,,,,,,,,,,,,,,,0.0,0.0,0.68,0.33,3.0,0.58,28.0,0.7,-0.68,0.0,0.0,-0.33,3.0,0.58,28.0,0.7,0.0,0.0,0.0,0.0,3.0,0.0,28.0,0.7,1010.55,1011.1,1011.24,1010.9,3.0,0.53,28.0,0.7,,,,,,,,,,,,,,,,,,,,,,,,,,,,,,,,,,,,,,,,,,,,,,,,,,,,,,,,,,,,,,,,,,,,,,,,,,,,,,,,,,,,,,,,,,,,,,,,,,,,,,,,,,,,,,,,,,,,,,,,,,,,,,,,
1900,10,22810,-29.19999999999999,8.4,,,,,,,,,,,,,,,,,,,,,,,,,,,,,,,,,1.51,2.6,2.6,2.07,3.0,0.92,26.0,0.3,-1.63,0.0,0.0,-0.8,3.0,1.38,26.0,0.3,1.01,1.02,2.1,1.54,3.0,0.92,26.0,0.3,1010.06,1010.2,1010.54,1010.3,3.0,0.36,26.0,0.3,,,,,,,,,,,,,,,,,,,,,,,,,,,,,,,,,,,,,,,,,,,,,,,,,,,,,,,,,,,,,,,,,,,,,,,,,,,,,,,,,,,,,,,,,,,,,,,,,,,,,,,,,,,,,,,,,,,,,,,,,,,,,,,,
1900,10,22810,-29.100000000000023,-31.4,,,,,,,,,,,,,,,,,,,,,,,,,,,,,,,,,2.6,6.7,12.3,8.03,10.0,6.43,18.0,0.6,-1.0,0.0,3.18,1.62,10.0,5.55,18.0,0.6,-11.37,0.0,6.7,-1.6,10.0,8.74,18.0,0.6,1016.78,1019.3,1026.11,1020.45,8.0,4.33,16.0,0.5,,,,,,,,,,,,,,,,,,,,,,,,,,,,,,,,,,,,,,,,,,,,,,,,,,,,,,,,,,,,,,,,,,,,,,,,,,,,,,,,,,,,,,,,,,,,,,,,,,,,,,,,,,,,,,,,,,,,,,,,,,,,,,,,
1900,10,22810,-29.100000000000023,-11.2,,,,,,,,,,,,,,,,,,,,,,,,,,,,,,,,,4.6,6.7,7.61,6.7,24.0,1.46,12.0,0.4,-6.62,-6.19,-4.48,-5.82,24.0,1.26,12.0,0.4,-0.92,2.12,4.74,1.85,24.0,2.9,12.0,0.4,1014.93,1016.15,1017.4,1016.08,22.0,1.64,12.0,0.5,,,,,,,,,,,,,,,,,,,,,,,,,,,,,,,,,,,,,,,,,,,,,,,,,,,,,,,,,,,,,,,,,,,,,,,,,,,,,,,,,,,,,,,,,,,,,,,,,,,,,,,,,,,,,,,,,,,,,,,,,,,,,,,,
1900,10,22810,-29.100000000000023,2.1,,,,,,,,,,,,,,,,,,,,,,,,,,,,,,,,,4.22,6.7,6.7,5.68,25.0,2.52,18.0,0.5,-6.21,-4.27,-2.61,-4.22,25.0,1.78,18.0,0.5,0.0,3.25,6.17,3.37,25.0,2.53,18.0,0.5,1010.11,1011.2,1013.49,1011.75,20.0,1.78,14.0,0.5,,,,,,,,,,,,,,,,,,,,,,,,,,,,,,,,,,,,,,,,,,,,,,,,,,,,,,,,,,,,,,,,,,,,,,,,,,,,,,,,,,,,,,,,,,,,,,,,,,,,,,,,,,,,,,,,,,,,,,,,,,,,,,,,
1900,10,22810,-29.0,-13.3,,,,,,,,,,,,,,,,,,,,,,,,,,,,,,,,,6.7,6.7,6.7,6.73,15.0,0.89,14.0,0.5,-6.7,-6.7,-6.21,-6.2,15.0,0.96,14.0,0.5,0.0,0.0,3.09,1.64,15.0,2.09,14.0,0.5,1015.7,1016.6,1017.27,1016.33,15.0,0.99,14.0,0.5,,,,,,,,,,,,,,,,,,,,,,,,,,,,,,,,,,,,,,,,,,,,,,,,,,,,,,,,,,,,,,,,,,,,,,,,,,,,,,,,,,,,,,,,,,,,,,,,,,,,,,,,,,,,,,,,,,,,,,,,,,,,,,,,
1900,10,22810,-27.600000000000023,10.3,,,,,,,,,,,,,,,,,,,,,,,,,,,,,,,,,4.6,4.6,8.85,6.26,21.0,3.05,26.0,0.6,-8.15,-4.27,-2.58,-4.95,21.0,3.56,26.0,0.6,-2.9,-0.89,4.43,0.44,21.0,3.43,26.0,0.6,1010.33,1010.5,1011.05,1010.57,7.0,0.89,28.0,0.6,,,,,,,,,,,,,,,,,,,,,,,,,,,,,,,,,,,,,,,,,,,,,,,,,,,,,,,,,,,,,,,,,,,,,,,,,,,,,,,,,,,,,,,,,,,,,,,,,,,,,,,,,,,,,,,,,,,,,,,,,,,,,,,,
1900,10,22810,-27.600000000000023,32.8,,,,,,,,,,,,,,,,,,,,,,,,,,,,,,,,,0.32,1.0,1.0,0.67,3.0,0.58,4.0,0.7,0.12,0.37,0.37,0.25,3.0,0.22,4.0,0.7,-0.93,-0.93,-0.29,-0.62,3.0,0.54,4.0,0.7,1022.11,1023.0,1023.07,1022.6,3.0,0.78,4.0,0.7,,,,,,,,,,,,,,,,,,,,,,,,,,,,,,,,,,,,,,,,,,,,,,,,,,,,,,,,,,,,,,,,,,,,,,,,,,,,,,,,,,,,,,,,,,,,,,,,,,,,,,,,,,,,,,,,,,,,,,,,,,,,,,,,
1900,10,22810,-27.5,-11.2,,,,,,,,,,,,,,,,,,,,,,,,,,,,,,,,,5.07,6.7,11.63,7.95,15.0,3.18,10.0,0.5,-11.48,-6.17,-4.63,-7.4,15.0,3.32,10.0,0.5,-2.62,0.0,3.27,0.57,15.0,2.8,10.0,0.5,1013.81,1014.75,1016.36,1014.79,10.0,1.85,10.0,0.4,,,,,,,,,,,,,,,,,,,,,,,,,,,,,,,,,,,,,,,,,,,,,,,,,,,,,,,,,,,,,,,,,,,,,,,,,,,,,,,,,,,,,,,,,,,,,,,,,,,,,,,,,,,,,,,,,,,,,,,,,,,,,,,,
1900,10,22810,-27.5,22.2,,,,,,,,,,,,,,,,,,,,,,,,,,,,,,,,,4.6,4.6,6.7,5.3,6.0,1.08,6.0,0.3,-6.21,-4.6,-4.52,-5.08,6.0,0.89,6.0,0.3,-2.51,-0.9,0.0,-1.14,6.0,1.27,6.0,0.3,1016.0,1017.0,1017.07,1016.64,5.0,0.59,6.0,0.4,,,,,,,,,,,,,,,,,,,,,,,,,,,,,,,,,,,,,,,,,,,,,,,,,,,,,,,,,,,,,,,,,,,,,,,,,,,,,,,,,,,,,,,,,,,,,,,,,,,,,,,,,,,,,,,,,,,,,,,,,,,,,,,,
1900,10,22810,-27.5,36.5,,,,,,,,,,,,,,,,,,,,,,,,,,,,,,,,,1.0,1.8,2.6,1.8,4.0,0.92,16.0,0.3,0.34,0.86,1.45,0.89,4.0,0.76,16.0,0.3,-1.3,0.15,1.73,0.21,4.0,1.86,16.0,0.3,1017.98,1018.75,1019.42,1018.7,4.0,0.96,16.0,0.3,,,,,,,,,,,,,,,,,,,,,,,,,,,,,,,,,,,,,,,,,,,,,,,,,,,,,,,,,,,,,,,,,,,,,,,,,,,,,,,,,,,,,,,,,,,,,,,,,,,,,,,,,,,,,,,,,,,,,,,,,,,,,,,,
1900,10,22810,-27.399999999999977,-13.2,,,,,,,,,,,,,,,,,,,,,,,,,,,,,,,,,6.4,9.3,12.3,8.68,19.0,2.92,8.0,0.6,-12.3,-6.58,-5.94,-8.05,19.0,2.96,8.0,0.6,-2.62,0.0,3.48,0.9,19.0,3.19,8.0,0.6,1013.65,1016.3,1018.69,1016.01,11.0,2.29,8.0,0.5,,,,,,,,,,,,,,,,,,,,,,,,,,,,,,,,,,,,,,,,,,,,,,,,,,,,,,,,,,,,,,,,,,,,,,,,,,,,,,,,,,,,,,,,,,,,,,,,,,,,,,,,,,,,,,,,,,,,,,,,,,,,,,,,
1900,10,22810,-27.399999999999977,-9.2,,,,,,,,,,,,,,,,,,,,,,,,,,,,,,,,,6.7,6.7,9.3,8.06,14.0,2.1,10.0,0.4,-9.3,-6.7,-4.83,-7.22,14.0,2.74,10.0,0.4,0.0,0.0,4.74,1.58,14.0,2.83,10.0,0.4,1014.23,1015.0,1016.24,1015.06,9.0,1.46,8.0,0.6,,,,,,,,,,,,,,,,,,,,,,,,,,,,,,,,,,,,,,,,,,,,,,,,,,,,,,,,,,,,,,,,,,,,,,,,,,,,,,,,,,,,,,,,,,,,,,,,,,,,,,,,,,,,,,,,,,,,,,,,,,,,,,,,
1900,10,22810,-27.399999999999977,-7.2,,,,,,,,,,,,,,,,,,,,,,,,,,,,,,,,,6.7,6.7,9.3,8.05,22.0,2.04,8.0,0.5,-9.3,-6.7,-4.74,-6.83,22.0,2.92,8.0,0.5,0.0,4.05,4.74,2.82,22.0,2.53,8.0,0.5,1013.84,1015.3,1016.86,1015.15,13.0,1.64,8.0,0.5,,,,,,,,,,,,,,,,,,,,,,,,,,,,,,,,,,,,,,,,,,,,,,,,,,,,,,,,,,,,,,,,,,,,,,,,,,,,,,,,,,,,,,,,,,,,,,,,,,,,,,,,,,,,,,,,,,,,,,,,,,,,,,,,
1900,10,22810,-27.399999999999977,0.4,,,,,,,,,,,,,,,,,,,,,,,,,,,,,,,,,6.7,6.7,9.44,8.24,7.0,2.17,24.0,0.7,-6.68,-4.74,-4.64,-5.53,7.0,1.94,24.0,0.7,4.74,6.17,6.68,6.03,7.0,1.46,24.0,0.7,1015.4,1015.4,1015.4,1015.4,1.0,0.0,16.0,1.0,,,,,,,,,,,,,,,,,,,,,,,,,,,,,,,,,,,,,,,,,,,,,,,,,,,,,,,,,,,,,,,,,,,,,,,,,,,,,,,,,,,,,,,,,,,,,,,,,,,,,,,,,,,,,,,,,,,,,,,,,,,,,,,,
1900,10,22810,-27.399999999999977,12.4,,,,,,,,,,,,,,,,,,,,,,,,,,,,,,,,,4.41,6.7,9.59,7.37,13.0,3.1,22.0,0.6,-9.59,-6.17,-3.17,-6.5,13.0,3.26,22.0,0.6,-4.91,-1.84,0.1,-1.89,13.0,2.86,22.0,0.6,1010.13,1010.95,1011.72,1010.85,8.0,0.75,28.0,0.5,,,,,,,,,,,,,,,,,,,,,,,,,,,,,,,,,,,,,,,,,,,,,,,,,,,,,,,,,,,,,,,,,,,,,,,,,,,,,,,,,,,,,,,,,,,,,,,,,,,,,,,,,,,,,,,,,,,,,,,,,,,,,,,,
1900,10,22810,-27.399999999999977,46.3,,,,,,,,,,,,,,,,,,,,,,,,,,,,,,,,,4.6,9.3,17.8,10.15,22.0,6.46,6.0,0.5,-0.67,4.67,11.32,5.57,22.0,6.64,6.0,0.5,-8.57,-2.64,3.25,-2.46,22.0,8.18,6.0,0.5,1000.33,1007.2,1019.14,1008.95,8.0,9.15,6.0,0.5,,,,,,,,,,,,,,,,,,,,,,,,,,,,,,,,,,,,,,,,,,,,,,,,,,,,,,,,,,,,,,,,,,,,,,,,,,,,,,,,,,,,,,,,,,,,,,,,,,,,,,,,,,,,,,,,,,,,,,,,,,,,,,,,
1900,10,22810,-27.399999999999977,48.6,,,,,,,,,,,,,,,,,,,,,,,,,,,,,,,,,3.77,9.3,9.3,7.55,11.0,3.8,14.0,0.4,-4.13,3.25,7.42,2.66,11.0,6.53,14.0,0.4,-4.39,-0.97,6.58,0.63,11.0,5.12,14.0,0.4,998.96,1018.15,1026.96,1013.57,10.0,13.08,14.0,0.3,,,,,,,,,,,,,,,,,,,,,,,,,,,,,,,,,,,,,,,,,,,,,,,,,,,,,,,,,,,,,,,,,,,,,,,,,,,,,,,,,,,,,,,,,,,,,,,,,,,,,,,,,,,,,,,,,,,,,,,,,,,,,,,,
1900,10,22810,-27.399999999999977,50.3,,,,,,,,,,,,,,,,,,,,,,,,,,,,,,,,,4.83,12.3,12.3,10.06,8.0,4.13,16.0,0.8,0.0,0.0,11.1,3.72,8.0,6.76,16.0,0.8,-6.47,2.3,11.58,1.87,8.0,8.2,16.0,0.8,996.47,1022.65,1039.16,1018.11,8.0,19.43,16.0,0.8,,,,,,,,,,,,,,,,,,,,,,,,,,,,,,,,,,,,,,,,,,,,,,,,,,,,,,,,,,,,,,,,,,,,,,,,,,,,,,,,,,,,,,,,,,,,,,,,,,,,,,,,,,,,,,,,,,,,,,,,,,,,,,,,
1900,10,22810,-27.30000000000001,-37.2,,,,,,,,,,,,,,,,,,,,,,,,,,,,,,,,,9.3,9.3,11.35,10.3,3.0,1.73,24.0,0.0,6.58,6.58,8.02,7.28,3.0,1.22,24.0,0.0,-8.02,-6.58,-6.58,-7.28,3.0,1.22,24.0,0.0,1018.53,1018.8,1019.48,1019.0,3.0,0.72,24.0,0.0,,,,,,,,,,,,,,,,,,,,,,,,,,,,,,,,,,,,,,,,,,,,,,,,,,,,,,,,,,,,,,,,,,,,,,,,,,,,,,,,,,,,,,,,,,,,,,,,,,,,,,,,,,,,,,,,,,,,,,,,,,,,,,,,
1900,10,22810,-27.30000000000001,-35.1,,,,,,,,,,,,,,,,,,,,,,,,,,,,,,,,,2.6,9.3,9.3,7.14,18.0,3.8,10.0,0.6,-2.78,2.95,7.18,2.88,18.0,4.63,10.0,0.6,-6.58,-0.97,8.58,0.43,18.0,6.17,10.0,0.6,1029.32,1031.1,1032.88,1030.0,9.0,4.32,12.0,0.4,,,,,,,,,,,,,,,,,,,,,,,,,,,,,,,,,,,,,,,,,,,,,,,,,,,,,,,,,,,,,,,,,,,,,,,,,,,,,,,,,,,,,,,,,,,,,,,,,,,,,,,,,,,,,,,,,,,,,,,,,,,,,,,,
1900,10,22810,-27.30000000000001,-31.3,,,,,,,,,,,,,,,,,,,,,,,,,,,,,,,,,4.6,6.7,15.4,8.51,29.0,4.88,16.0,0.5,-4.27,0.0,6.02,0.77,29.0,5.13,16.0,0.5,-14.18,-4.27,1.84,-4.46,29.0,7.16,16.0,0.5,1014.56,1019.3,1028.82,1020.28,18.0,6.65,16.0,0.4,,,,,,,,,,,,,,,,,,,,,,,,,,,,,,,,,,,,,,,,,,,,,,,,,,,,,,,,,,,,,,,,,,,,,,,,,,,,,,,,,,,,,,,,,,,,,,,,,,,,,,,,,,,,,,,,,,,,,,,,,,,,,,,,
1900,10,22810,-27.30000000000001,-29.3,,,,,,,,,,,,,,,,,,,,,,,,,,,,,,,,,2.6,4.6,6.7,5.32,32.0,2.89,16.0,0.5,-6.17,-1.78,0.0,-2.39,32.0,2.58,16.0,0.5,-3.68,0.19,4.27,-0.38,32.0,4.98,16.0,0.5,1018.99,1023.85,1027.9,1022.35,26.0,5.7,14.0,0.5,,,,,,,,,,,,,,,,,,,,,,,,,,,,,,,,,,,,,,,,,,,,,,,,,,,,,,,,,,,,,,,,,,,,,,,,,,,,,,,,,,,,,,,,,,,,,,,,,,,,,,,,,,,,,,,,,,,,,,,,,,,,,,,,
1900,10,22810,-27.30000000000001,-27.4,,,,,,,,,,,,,,,,,,,,,,,,,,,,,,,,,2.6,5.65,9.3,5.45,28.0,3.17,22.0,0.6,-6.56,-2.41,2.29,-2.31,28.0,4.36,22.0,0.6,-3.25,0.0,2.57,-0.63,28.0,3.99,22.0,0.6,1016.31,1023.1,1024.1,1020.71,12.0,6.01,20.0,0.8,,,,,,,,,,,,,,,,,,,,,,,,,,,,,,,,,,,,,,,,,,,,,,,,,,,,,,,,,,,,,,,,,,,,,,,,,,,,,,,,,,,,,,,,,,,,,,,,,,,,,,,,,,,,,,,,,,,,,,,,,,,,,,,,
1900,10,22810,-27.30000000000001,-25.3,,,,,,,,,,,,,,,,,,,,,,,,,,,,,,,,,1.0,6.7,7.49,5.23,18.0,3.35,12.0,0.4,-7.49,-1.76,2.47,-3.11,18.0,4.75,12.0,0.4,-3.12,0.0,0.77,-0.92,18.0,2.57,12.0,0.4,1016.4,1021.4,1023.17,1019.79,19.0,5.27,12.0,0.4,,,,,,,,,,,,,,,,,,,,,,,,,,,,,,,,,,,,,,,,,,,,,,,,,,,,,,,,,,,,,,,,,,,,,,,,,,,,,,,,,,,,,,,,,,,,,,,,,,,,,,,,,,,,,,,,,,,,,,,,,,,,,,,,
1900,10,22810,-27.30000000000001,-5.3,,,,,,,,,,,,,,,,,,,,,,,,,,,,,,,,,6.7,6.7,9.3,7.9,31.0,1.62,10.0,0.5,-9.3,-6.58,-4.74,-6.73,31.0,1.92,10.0,0.5,0.0,3.48,5.18,3.17,31.0,2.51,10.0,0.5,1012.82,1013.8,1015.15,1013.93,12.0,1.32,8.0,0.4,,,,,,,,,,,,,,,,,,,,,,,,,,,,,,,,,,,,,,,,,,,,,,,,,,,,,,,,,,,,,,,,,,,,,,,,,,,,,,,,,,,,,,,,,,,,,,,,,,,,,,,,,,,,,,,,,,,,,,,,,,,,,,,,
1900,10,22810,-27.30000000000001,-3.3,,,,,,,,,,,,,,,,,,,,,,,,,,,,,,,,,6.7,6.7,9.3,7.82,29.0,1.74,12.0,0.4,-6.7,-6.58,-4.74,-6.05,29.0,1.56,12.0,0.4,0.0,4.74,6.58,3.96,29.0,3.13,12.0,0.4,1012.2,1013.2,1013.84,1013.1,11.0,1.0,8.0,0.5,,,,,,,,,,,,,,,,,,,,,,,,,,,,,,,,,,,,,,,,,,,,,,,,,,,,,,,,,,,,,,,,,,,,,,,,,,,,,,,,,,,,,,,,,,,,,,,,,,,,,,,,,,,,,,,,,,,,,,,,,,,,,,,,
1900,10,22810,-27.30000000000001,-1.2,,,,,,,,,,,,,,,,,,,,,,,,,,,,,,,,,6.7,6.7,9.3,7.44,40.0,1.99,16.0,0.5,-6.68,-4.74,-2.62,-5.19,40.0,2.12,16.0,0.5,2.51,4.74,6.58,4.88,40.0,2.06,16.0,0.5,1010.29,1012.15,1014.9,1012.35,32.0,2.08,14.0,0.5,,,,,,,,,,,,,,,,,,,,,,,,,,,,,,,,,,,,,,,,,,,,,,,,,,,,,,,,,,,,,,,,,,,,,,,,,,,,,,,,,,,,,,,,,,,,,,,,,,,,,,,,,,,,,,,,,,,,,,,,,,,,,,,,
1900,10,22810,-27.30000000000001,42.5,,,,,,,,,,,,,,,,,,,,,,,,,,,,,,,,,2.66,9.3,12.3,9.15,39.0,5.77,20.0,0.5,-1.7,2.62,11.26,4.2,39.0,6.2,20.0,0.5,-8.62,-1.0,4.8,-2.34,39.0,7.54,20.0,0.5,1010.0,1012.0,1018.0,1012.94,16.0,3.99,14.0,0.4,,,,,,,,,,,,,,,,,,,,,,,,,,,,,,,,,,,,,,,,,,,,,,,,,,,,,,,,,,,,,,,,,,,,,,,,,,,,,,,,,,,,,,,,,,,,,,,,,,,,,,,,,,,,,,,,,,,,,,,,,,,,,,,,
1900,10,22810,-27.30000000000001,44.3,,,,,,,,,,,,,,,,,,,,,,,,,,,,,,,,,9.3,12.3,18.37,13.35,21.0,5.13,18.0,0.5,-2.16,9.3,15.19,7.9,21.0,7.92,18.0,0.5,-4.61,4.74,8.81,2.69,21.0,8.81,18.0,0.5,1004.0,1008.6,1015.91,1009.76,18.0,6.7,16.0,0.6,,,,,,,,,,,,,,,,,,,,,,,,,,,,,,,,,,,,,,,,,,,,,,,,,,,,,,,,,,,,,,,,,,,,,,,,,,,,,,,,,,,,,,,,,,,,,,,,,,,,,,,,,,,,,,,,,,,,,,,,,,,,,,,,
1900,10,22810,-27.19999999999999,-33.3,,,,,,,,,,,,,,,,,,,,,,,,,,,,,,,,,4.6,9.3,19.0,10.62,25.0,6.06,10.0,0.4,-13.44,-3.25,4.81,-1.86,25.0,8.69,10.0,0.4,-9.09,1.72,11.38,0.43,25.0,8.65,10.0,0.4,1012.93,1030.7,1032.29,1023.48,11.0,9.82,10.0,0.4,,,,,,,,,,,,,,,,,,,,,,,,,,,,,,,,,,,,,,,,,,,,,,,,,,,,,,,,,,,,,,,,,,,,,,,,,,,,,,,,,,,,,,,,,,,,,,,,,,,,,,,,,,,,,,,,,,,,,,,,,,,,,,,,
1900,10,22810,-27.19999999999999,-19.3,,,,,,,,,,,,,,,,,,,,,,,,,,,,,,,,,1.0,6.7,9.3,5.28,27.0,3.32,10.0,0.6,-8.56,-4.74,-0.73,-4.75,27.0,3.44,10.0,0.6,-2.62,0.0,2.34,0.25,27.0,2.15,10.0,0.6,1017.2,1018.45,1019.53,1018.43,22.0,1.32,10.0,0.6,,,,,,,,,,,,,,,,,,,,,,,,,,,,,,,,,,,,,,,,,,,,,,,,,,,,,,,,,,,,,,,,,,,,,,,,,,,,,,,,,,,,,,,,,,,,,,,,,,,,,,,,,,,,,,,,,,,,,,,,,,,,,,,,
1900,10,22810,-27.19999999999999,-17.3,,,,,,,,,,,,,,,,,,,,,,,,,,,,,,,,,6.7,9.3,9.3,8.26,15.0,1.32,8.0,0.4,-8.62,-8.56,-6.21,-7.8,15.0,1.24,8.0,0.4,-2.83,2.51,3.48,0.87,15.0,2.7,8.0,0.4,1016.5,1017.9,1019.23,1017.96,12.0,1.37,10.0,0.3,,,,,,,,,,,,,,,,,,,,,,,,,,,,,,,,,,,,,,,,,,,,,,,,,,,,,,,,,,,,,,,,,,,,,,,,,,,,,,,,,,,,,,,,,,,,,,,,,,,,,,,,,,,,,,,,,,,,,,,,,,,,,,,,
1900,10,22810,-27.19999999999999,-15.2,,,,,,,,,,,,,,,,,,,,,,,,,,,,,,,,,6.7,6.7,12.11,8.16,14.0,2.68,8.0,0.4,-11.19,-6.46,-6.17,-7.75,14.0,2.71,8.0,0.4,-3.57,0.0,2.46,-0.45,14.0,2.56,8.0,0.4,1015.25,1016.4,1019.95,1017.4,9.0,2.22,6.0,0.6,,,,,,,,,,,,,,,,,,,,,,,,,,,,,,,,,,,,,,,,,,,,,,,,,,,,,,,,,,,,,,,,,,,,,,,,,,,,,,,,,,,,,,,,,,,,,,,,,,,,,,,,,,,,,,,,,,,,,,,,,,,,,,,,
1900,10,22810,-27.19999999999999,2.2,,,,,,,,,,,,,,,,,,,,,,,,,,,,,,,,,6.7,8.0,9.3,7.85,14.0,1.6,18.0,0.3,-6.58,-4.19,-2.62,-4.36,14.0,1.69,18.0,0.3,4.74,6.37,8.44,6.35,14.0,1.45,18.0,0.3,1014.49,1015.05,1015.56,1015.03,4.0,0.64,14.0,0.3,,,,,,,,,,,,,,,,,,,,,,,,,,,,,,,,,,,,,,,,,,,,,,,,,,,,,,,,,,,,,,,,,,,,,,,,,,,,,,,,,,,,,,,,,,,,,,,,,,,,,,,,,,,,,,,,,,,,,,,,,,,,,,,,
1900,10,22810,-27.19999999999999,40.3,,,,,,,,,,,,,,,,,,,,,,,,,,,,,,,,,9.18,9.3,15.57,12.06,7.0,4.51,22.0,0.3,4.68,8.56,11.01,8.39,7.0,3.59,22.0,0.3,-11.01,-8.56,3.77,-5.47,7.0,7.75,22.0,0.3,1008.63,1010.0,1010.68,1009.67,3.0,1.53,30.0,0.3,,,,,,,,,,,,,,,,,,,,,,,,,,,,,,,,,,,,,,,,,,,,,,,,,,,,,,,,,,,,,,,,,,,,,,,,,,,,,,,,,,,,,,,,,,,,,,,,,,,,,,,,,,,,,,,,,,,,,,,,,,,,,,,,
1900,10,22810,-27.100000000000023,-21.2,,,,,,,,,,,,,,,,,,,,,,,,,,,,,,,,,2.6,4.6,11.06,6.11,15.0,4.16,10.0,0.4,-10.94,1.84,2.39,-2.38,15.0,6.92,10.0,0.4,-1.8,1.02,1.84,0.33,15.0,1.8,10.0,0.4,1015.85,1017.6,1020.67,1017.91,14.0,2.27,10.0,0.4,,,,,,,,,,,,,,,,,,,,,,,,,,,,,,,,,,,,,,,,,,,,,,,,,,,,,,,,,,,,,,,,,,,,,,,,,,,,,,,,,,,,,,,,,,,,,,,,,,,,,,,,,,,,,,,,,,,,,,,,,,,,,,,,
1900,10,22810,-27.100000000000023,14.4,,,,,,,,,,,,,,,,,,,,,,,,,,,,,,,,,4.6,6.7,9.3,7.08,12.0,2.26,18.0,0.4,-9.3,-6.43,-4.6,-6.79,12.0,2.41,18.0,0.4,-0.46,0.0,0.67,-0.11,12.0,1.89,18.0,0.4,1010.8,1010.8,1011.58,1011.14,5.0,0.5,26.0,0.4,,,,,,,,,,,,,,,,,,,,,,,,,,,,,,,,,,,,,,,,,,,,,,,,,,,,,,,,,,,,,,,,,,,,,,,,,,,,,,,,,,,,,,,,,,,,,,,,,,,,,,,,,,,,,,,,,,,,,,,,,,,,,,,,
1900,10,22810,-27.0,-23.2,,,,,,,,,,,,,,,,,,,,,,,,,,,,,,,,,6.7,9.3,9.44,8.61,7.0,2.08,18.0,0.6,-9.44,-8.56,-6.17,-8.28,7.0,2.3,18.0,0.6,-2.67,-2.62,0.0,-1.64,7.0,1.58,18.0,0.6,1019.5,1020.7,1024.73,1021.64,7.0,2.41,18.0,0.6,,,,,,,,,,,,,,,,,,,,,,,,,,,,,,,,,,,,,,,,,,,,,,,,,,,,,,,,,,,,,,,,,,,,,,,,,,,,,,,,,,,,,,,,,,,,,,,,,,,,,,,,,,,,,,,,,,,,,,,,,,,,,,,,
1900,10,22810,-27.0,6.3,,,,,,,,,,,,,,,,,,,,,,,,,,,,,,,,,1.0,2.6,2.6,1.91,14.0,1.28,20.0,0.6,-2.59,-2.12,-0.92,-1.76,14.0,1.19,20.0,0.6,-1.02,-0.2,0.35,-0.21,14.0,0.89,20.0,0.6,1011.1,1011.1,1011.1,1011.1,1.0,0.0,26.0,1.0,,,,,,,,,,,,,,,,,,,,,,,,,,,,,,,,,,,,,,,,,,,,,,,,,,,,,,,,,,,,,,,,,,,,,,,,,,,,,,,,,,,,,,,,,,,,,,,,,,,,,,,,,,,,,,,,,,,,,,,,,,,,,,,,
1900,10,22810,-27.0,20.3,,,,,,,,,,,,,,,,,,,,,,,,,,,,,,,,,4.6,5.65,6.7,5.65,4.0,1.21,8.0,0.8,-4.74,-4.0,-3.25,-4.0,4.0,0.86,8.0,0.8,-4.74,-4.0,-3.25,-4.0,4.0,0.86,8.0,0.8,1015.25,1016.85,1018.24,1016.75,4.0,1.97,8.0,0.8,,,,,,,,,,,,,,,,,,,,,,,,,,,,,,,,,,,,,,,,,,,,,,,,,,,,,,,,,,,,,,,,,,,,,,,,,,,,,,,,,,,,,,,,,,,,,,,,,,,,,,,,,,,,,,,,,,,,,,,,,,,,,,,,
1900,10,22810,-25.69999999999999,16.6,,,,,,,,,,,,,,,,,,,,,,,,,,,,,,,,,2.6,2.6,2.6,2.6,3.0,0.0,24.0,1.0,-2.23,-1.84,-1.28,-1.76,3.0,0.7,24.0,1.0,-1.94,-0.97,0.95,-0.51,3.0,2.15,24.0,1.0,1011.79,1012.4,1013.77,1012.77,3.0,1.48,24.0,1.0,,,,,,,,,,,,,,,,,,,,,,,,,,,,,,,,,,,,,,,,,,,,,,,,,,,,,,,,,,,,,,,,,,,,,,,,,,,,,,,,,,,,,,,,,,,,,,,,,,,,,,,,,,,,,,,,,,,,,,,,,,,,,,,,
1900,10,22810,-25.600000000000023,32.8,,,,,,,,,,,,,,,,,,,,,,,,,,,,,,,,,0.32,1.0,2.09,1.2,3.0,1.31,2.0,0.3,0.0,0.0,1.25,0.61,3.0,1.06,2.0,0.3,-1.57,-1.0,-0.32,-0.95,3.0,0.92,2.0,0.3,1021.95,1022.5,1023.05,1022.5,3.0,0.8,2.0,0.3,,,,,,,,,,,,,,,,,,,,,,,,,,,,,,,,,,,,,,,,,,,,,,,,,,,,,,,,,,,,,,,,,,,,,,,,,,,,,,,,,,,,,,,,,,,,,,,,,,,,,,,,,,,,,,,,,,,,,,,,,,,,,,,,
1900,10,22810,-25.5,-23.2,,,,,,,,,,,,,,,,,,,,,,,,,,,,,,,,,6.7,6.7,8.47,7.57,3.0,1.5,2.0,0.0,6.21,6.21,8.32,7.24,3.0,1.78,2.0,0.0,-2.51,-2.51,-0.8,-1.67,3.0,1.45,2.0,0.0,1014.89,1017.6,1017.8,1016.4,4.0,2.54,2.0,0.3,,,,,,,,,,,,,,,,,,,,,,,,,,,,,,,,,,,,,,,,,,,,,,,,,,,,,,,,,,,,,,,,,,,,,,,,,,,,,,,,,,,,,,,,,,,,,,,,,,,,,,,,,,,,,,,,,,,,,,,,,,,,,,,,
1900,10,22810,-25.5,-21.2,,,,,,,,,,,,,,,,,,,,,,,,,,,,,,,,,1.0,1.8,2.6,2.0,10.0,1.21,2.0,0.6,-1.48,0.35,2.41,0.48,10.0,2.1,2.0,0.6,-0.97,0.35,0.99,0.12,10.0,1.12,2.0,0.6,1018.37,1020.15,1021.2,1019.86,10.0,1.31,2.0,0.6,,,,,,,,,,,,,,,,,,,,,,,,,,,,,,,,,,,,,,,,,,,,,,,,,,,,,,,,,,,,,,,,,,,,,,,,,,,,,,,,,,,,,,,,,,,,,,,,,,,,,,,,,,,,,,,,,,,,,,,,,,,,,,,,
1900,10,22810,-25.5,-11.3,,,,,,,,,,,,,,,,,,,,,,,,,,,,,,,,,6.7,9.3,9.92,8.93,6.0,2.08,30.0,0.5,-9.92,-9.3,-6.7,-8.93,6.0,2.08,30.0,0.5,0.0,0.0,0.0,0.0,6.0,0.0,30.0,0.5,1015.23,1015.85,1016.77,1015.95,6.0,0.99,30.0,0.5,,,,,,,,,,,,,,,,,,,,,,,,,,,,,,,,,,,,,,,,,,,,,,,,,,,,,,,,,,,,,,,,,,,,,,,,,,,,,,,,,,,,,,,,,,,,,,,,,,,,,,,,,,,,,,,,,,,,,,,,,,,,,,,,
1900,10,22810,-25.5,12.0,,,,,,,,,,,,,,,,,,,,,,,,,,,,,,,,,4.6,5.65,9.63,7.05,4.0,3.64,2.0,0.3,-9.38,-5.38,-4.41,-6.83,4.0,3.74,2.0,0.3,-2.23,-0.9,0.0,-1.1,4.0,1.32,2.0,0.3,1016.22,1016.7,1016.9,1016.57,3.0,0.51,2.0,0.3,,,,,,,,,,,,,,,,,,,,,,,,,,,,,,,,,,,,,,,,,,,,,,,,,,,,,,,,,,,,,,,,,,,,,,,,,,,,,,,,,,,,,,,,,,,,,,,,,,,,,,,,,,,,,,,,,,,,,,,,,,,,,,,,
1900,10,22810,-25.5,18.5,,,,,,,,,,,,,,,,,,,,,,,,,,,,,,,,,2.02,9.3,12.3,7.5,5.0,5.38,18.0,0.6,-8.92,-4.61,-1.91,-5.18,5.0,3.75,18.0,0.6,-9.69,0.0,0.26,-3.88,5.0,5.72,18.0,0.6,1013.45,1014.0,1014.55,1014.0,2.0,1.13,24.0,0.0,,,,,,,,,,,,,,,,,,,,,,,,,,,,,,,,,,,,,,,,,,,,,,,,,,,,,,,,,,,,,,,,,,,,,,,,,,,,,,,,,,,,,,,,,,,,,,,,,,,,,,,,,,,,,,,,,,,,,,,,,,,,,,,,
1900,10,22810,-25.5,50.3,,,,,,,,,,,,,,,,,,,,,,,,,,,,,,,,,6.6,12.3,15.74,12.31,7.0,5.86,16.0,0.9,-0.16,0.0,14.6,6.33,7.0,9.35,16.0,0.9,-0.32,5.77,12.3,5.06,7.0,6.88,16.0,0.9,998.07,1016.6,1040.45,1016.4,7.0,19.42,16.0,0.9,,,,,,,,,,,,,,,,,,,,,,,,,,,,,,,,,,,,,,,,,,,,,,,,,,,,,,,,,,,,,,,,,,,,,,,,,,,,,,,,,,,,,,,,,,,,,,,,,,,,,,,,,,,,,,,,,,,,,,,,,,,,,,,,
1900,10,22810,-25.399999999999977,-9.2,,,,,,,,,,,,,,,,,,,,,,,,,,,,,,,,,6.7,9.3,9.3,8.05,10.0,1.72,26.0,0.5,-9.3,-7.63,-5.53,-7.43,10.0,1.83,26.0,0.5,-2.08,0.0,2.71,0.4,10.0,3.17,26.0,0.5,1014.08,1015.0,1015.82,1015.04,7.0,0.95,24.0,0.7,,,,,,,,,,,,,,,,,,,,,,,,,,,,,,,,,,,,,,,,,,,,,,,,,,,,,,,,,,,,,,,,,,,,,,,,,,,,,,,,,,,,,,,,,,,,,,,,,,,,,,,,,,,,,,,,,,,,,,,,,,,,,,,,
1900,10,22810,-25.399999999999977,-7.1,,,,,,,,,,,,,,,,,,,,,,,,,,,,,,,,,6.7,6.7,9.3,7.44,7.0,1.27,16.0,0.4,-6.82,-6.58,-4.74,-6.42,7.0,1.54,16.0,0.4,0.0,2.51,4.83,2.65,7.0,2.75,16.0,0.4,1013.4,1014.7,1015.94,1014.89,7.0,1.35,22.0,0.3,,,,,,,,,,,,,,,,,,,,,,,,,,,,,,,,,,,,,,,,,,,,,,,,,,,,,,,,,,,,,,,,,,,,,,,,,,,,,,,,,,,,,,,,,,,,,,,,,,,,,,,,,,,,,,,,,,,,,,,,,,,,,,,,
1900,10,22810,-25.399999999999977,-5.2,,,,,,,,,,,,,,,,,,,,,,,,,,,,,,,,,6.7,6.7,8.31,7.18,16.0,2.41,10.0,0.6,-7.89,-4.74,-4.44,-5.77,16.0,2.83,10.0,0.6,0.66,4.74,4.74,3.48,16.0,2.05,10.0,0.6,1013.0,1014.15,1015.08,1014.15,12.0,1.01,12.0,0.7,,,,,,,,,,,,,,,,,,,,,,,,,,,,,,,,,,,,,,,,,,,,,,,,,,,,,,,,,,,,,,,,,,,,,,,,,,,,,,,,,,,,,,,,,,,,,,,,,,,,,,,,,,,,,,,,,,,,,,,,,,,,,,,,
1900,10,22810,-25.399999999999977,-3.2,,,,,,,,,,,,,,,,,,,,,,,,,,,,,,,,,4.6,6.7,9.3,6.72,21.0,1.74,4.0,0.5,-6.51,-4.74,-3.25,-4.85,21.0,1.71,4.0,0.5,2.51,4.27,6.5,4.24,21.0,1.97,4.0,0.5,1013.3,1013.55,1014.66,1013.85,8.0,0.68,6.0,0.5,,,,,,,,,,,,,,,,,,,,,,,,,,,,,,,,,,,,,,,,,,,,,,,,,,,,,,,,,,,,,,,,,,,,,,,,,,,,,,,,,,,,,,,,,,,,,,,,,,,,,,,,,,,,,,,,,,,,,,,,,,,,,,,,
1900,10,22810,-25.399999999999977,2.4,,,,,,,,,,,,,,,,,,,,,,,,,,,,,,,,,2.45,6.7,6.7,5.18,13.0,2.25,20.0,0.5,-4.74,-4.27,-2.27,-3.69,13.0,1.63,20.0,0.5,0.92,4.74,4.87,3.36,13.0,2.14,20.0,0.5,1015.05,1015.4,1016.14,1015.43,6.0,0.99,14.0,0.5,,,,,,,,,,,,,,,,,,,,,,,,,,,,,,,,,,,,,,,,,,,,,,,,,,,,,,,,,,,,,,,,,,,,,,,,,,,,,,,,,,,,,,,,,,,,,,,,,,,,,,,,,,,,,,,,,,,,,,,,,,,,,,,,
1900,10,22810,-25.399999999999977,4.2,,,,,,,,,,,,,,,,,,,,,,,,,,,,,,,,,1.0,2.6,6.3,3.26,40.0,2.83,20.0,0.5,-4.15,-0.39,0.37,-1.37,40.0,2.31,20.0,0.5,0.71,1.84,4.71,2.51,40.0,2.28,20.0,0.5,1015.95,1016.5,1017.05,1016.5,2.0,1.13,14.0,1.0,,,,,,,,,,,,,,,,,,,,,,,,,,,,,,,,,,,,,,,,,,,,,,,,,,,,,,,,,,,,,,,,,,,,,,,,,,,,,,,,,,,,,,,,,,,,,,,,,,,,,,,,,,,,,,,,,,,,,,,,,,,,,,,,
1900,10,22810,-25.399999999999977,6.2,,,,,,,,,,,,,,,,,,,,,,,,,,,,,,,,,2.6,2.6,9.14,4.36,14.0,2.97,8.0,0.6,-6.33,-2.4,-0.11,-2.23,14.0,3.7,8.0,0.6,-0.94,0.97,4.19,1.8,14.0,2.59,8.0,0.6,1014.08,1014.9,1015.31,1014.7,3.0,0.92,4.0,0.7,,,,,,,,,,,,,,,,,,,,,,,,,,,,,,,,,,,,,,,,,,,,,,,,,,,,,,,,,,,,,,,,,,,,,,,,,,,,,,,,,,,,,,,,,,,,,,,,,,,,,,,,,,,,,,,,,,,,,,,,,,,,,,,,
1900,10,22810,-25.399999999999977,10.2,,,,,,,,,,,,,,,,,,,,,,,,,,,,,,,,,2.6,6.7,9.3,5.97,22.0,2.87,10.0,0.5,-6.58,-4.43,0.26,-3.73,22.0,3.02,10.0,0.5,-6.58,-1.8,2.17,-2.24,22.0,4.08,10.0,0.5,1009.46,1011.3,1016.77,1012.79,11.0,3.43,16.0,0.5,,,,,,,,,,,,,,,,,,,,,,,,,,,,,,,,,,,,,,,,,,,,,,,,,,,,,,,,,,,,,,,,,,,,,,,,,,,,,,,,,,,,,,,,,,,,,,,,,,,,,,,,,,,,,,,,,,,,,,,,,,,,,,,,
1900,10,22810,-25.399999999999977,38.3,,,,,,,,,,,,,,,,,,,,,,,,,,,,,,,,,6.7,6.7,6.7,6.7,3.0,0.0,18.0,1.0,3.29,4.74,4.74,4.03,3.0,1.22,18.0,1.0,4.74,4.74,5.71,5.21,3.0,0.83,18.0,1.0,1015.93,1016.2,1017.7,1016.8,3.0,1.4,18.0,1.0,,,,,,,,,,,,,,,,,,,,,,,,,,,,,,,,,,,,,,,,,,,,,,,,,,,,,,,,,,,,,,,,,,,,,,,,,,,,,,,,,,,,,,,,,,,,,,,,,,,,,,,,,,,,,,,,,,,,,,,,,,,,,,,,
1900,10,22810,-25.399999999999977,48.5,,,,,,,,,,,,,,,,,,,,,,,,,,,,,,,,,4.6,10.8,16.32,10.48,12.0,6.77,14.0,0.4,-9.25,3.25,12.8,1.94,12.0,9.73,14.0,0.4,-1.74,4.51,11.54,4.76,12.0,6.48,14.0,0.4,1000.47,1010.0,1025.58,1012.1,9.0,12.27,16.0,0.4,,,,,,,,,,,,,,,,,,,,,,,,,,,,,,,,,,,,,,,,,,,,,,,,,,,,,,,,,,,,,,,,,,,,,,,,,,,,,,,,,,,,,,,,,,,,,,,,,,,,,,,,,,,,,,,,,,,,,,,,,,,,,,,,
1900,10,22810,-25.30000000000001,-37.0,,,,,,,,,,,,,,,,,,,,,,,,,,,,,,,,,9.3,9.3,9.3,9.3,3.0,0.0,12.0,1.0,9.3,9.3,9.3,9.3,3.0,0.0,12.0,1.0,0.0,0.0,0.0,0.0,3.0,0.0,12.0,1.0,1026.91,1027.15,1027.39,1027.15,2.0,0.49,12.0,1.0,,,,,,,,,,,,,,,,,,,,,,,,,,,,,,,,,,,,,,,,,,,,,,,,,,,,,,,,,,,,,,,,,,,,,,,,,,,,,,,,,,,,,,,,,,,,,,,,,,,,,,,,,,,,,,,,,,,,,,,,,,,,,,,,
1900,10,22810,-25.30000000000001,-33.2,,,,,,,,,,,,,,,,,,,,,,,,,,,,,,,,,6.27,9.5,12.94,9.67,6.0,4.24,16.0,0.0,2.08,4.77,6.06,4.64,6.0,3.6,16.0,0.0,-11.32,-8.53,-4.71,-8.17,6.0,3.34,16.0,0.0,1013.21,1016.25,1019.29,1016.25,2.0,6.29,16.0,0.0,,,,,,,,,,,,,,,,,,,,,,,,,,,,,,,,,,,,,,,,,,,,,,,,,,,,,,,,,,,,,,,,,,,,,,,,,,,,,,,,,,,,,,,,,,,,,,,,,,,,,,,,,,,,,,,,,,,,,,,,,,,,,,,,
1900,10,22810,-25.30000000000001,-31.3,,,,,,,,,,,,,,,,,,,,,,,,,,,,,,,,,2.14,6.7,12.3,7.39,37.0,5.12,14.0,0.6,-1.81,0.0,5.08,1.15,37.0,3.67,14.0,0.6,-11.6,-6.7,1.84,-4.91,37.0,6.53,14.0,0.6,1008.08,1021.1,1030.6,1019.79,30.0,10.33,14.0,0.6,,,,,,,,,,,,,,,,,,,,,,,,,,,,,,,,,,,,,,,,,,,,,,,,,,,,,,,,,,,,,,,,,,,,,,,,,,,,,,,,,,,,,,,,,,,,,,,,,,,,,,,,,,,,,,,,,,,,,,,,,,,,,,,,
1900,10,22810,-25.30000000000001,-29.6,,,,,,,,,,,,,,,,,,,,,,,,,,,,,,,,,6.7,10.8,13.09,9.89,12.0,4.02,16.0,0.4,-5.74,-0.92,1.67,-1.33,12.0,5.25,16.0,0.4,-9.61,-6.64,5.11,-3.63,12.0,8.89,16.0,0.4,1008.99,1017.8,1027.77,1017.4,10.0,8.33,12.0,0.4,,,,,,,,,,,,,,,,,,,,,,,,,,,,,,,,,,,,,,,,,,,,,,,,,,,,,,,,,,,,,,,,,,,,,,,,,,,,,,,,,,,,,,,,,,,,,,,,,,,,,,,,,,,,,,,,,,,,,,,,,,,,,,,,
1900,10,22810,-25.30000000000001,-1.3,,,,,,,,,,,,,,,,,,,,,,,,,,,,,,,,,4.6,6.7,6.7,6.17,26.0,1.36,4.0,0.5,-4.74,-4.74,-2.59,-3.81,26.0,1.38,4.0,0.5,3.25,4.74,4.74,4.66,26.0,1.38,4.0,0.5,1011.1,1012.55,1013.3,1012.32,6.0,1.0,6.0,0.3,,,,,,,,,,,,,,,,,,,,,,,,,,,,,,,,,,,,,,,,,,,,,,,,,,,,,,,,,,,,,,,,,,,,,,,,,,,,,,,,,,,,,,,,,,,,,,,,,,,,,,,,,,,,,,,,,,,,,,,,,,,,,,,,
1900,10,22810,-25.30000000000001,8.3,,,,,,,,,,,,,,,,,,,,,,,,,,,,,,,,,2.12,4.6,9.3,5.09,18.0,3.08,12.0,0.4,-6.58,-3.37,-1.48,-3.45,18.0,2.22,12.0,0.4,-6.58,-2.53,0.56,-2.93,18.0,3.21,12.0,0.4,1009.19,1010.2,1016.02,1012.27,11.0,3.66,16.0,0.5,,,,,,,,,,,,,,,,,,,,,,,,,,,,,,,,,,,,,,,,,,,,,,,,,,,,,,,,,,,,,,,,,,,,,,,,,,,,,,,,,,,,,,,,,,,,,,,,,,,,,,,,,,,,,,,,,,,,,,,,,,,,,,,,
1900,10,22810,-25.30000000000001,22.3,,,,,,,,,,,,,,,,,,,,,,,,,,,,,,,,,4.6,4.6,8.19,5.96,10.0,1.96,12.0,0.5,-6.42,-4.43,-4.23,-5.04,10.0,1.22,12.0,0.5,-5.15,-1.8,0.99,-2.01,10.0,3.02,12.0,0.5,1017.0,1018.8,1019.51,1018.44,9.0,1.58,14.0,0.6,,,,,,,,,,,,,,,,,,,,,,,,,,,,,,,,,,,,,,,,,,,,,,,,,,,,,,,,,,,,,,,,,,,,,,,,,,,,,,,,,,,,,,,,,,,,,,,,,,,,,,,,,,,,,,,,,,,,,,,,,,,,,,,,
1900,10,22810,-25.30000000000001,24.2,,,,,,,,,,,,,,,,,,,,,,,,,,,,,,,,,4.6,4.6,6.7,5.44,5.0,1.15,6.0,0.4,-6.17,-4.23,-4.23,-5.01,5.0,1.06,6.0,0.4,-2.62,-1.8,-1.8,-2.13,5.0,0.45,6.0,0.4,1017.73,1018.3,1019.04,1018.36,5.0,0.68,6.0,0.4,,,,,,,,,,,,,,,,,,,,,,,,,,,,,,,,,,,,,,,,,,,,,,,,,,,,,,,,,,,,,,,,,,,,,,,,,,,,,,,,,,,,,,,,,,,,,,,,,,,,,,,,,,,,,,,,,,,,,,,,,,,,,,,,
1900,10,22810,-25.30000000000001,42.4,,,,,,,,,,,,,,,,,,,,,,,,,,,,,,,,,9.3,12.3,19.0,12.73,13.0,4.18,12.0,0.6,-8.7,8.62,13.44,4.98,13.0,9.34,12.0,0.6,-13.44,-6.58,-3.15,-7.17,13.0,4.81,12.0,0.6,1009.11,1012.5,1021.89,1014.75,8.0,5.9,14.0,0.6,,,,,,,,,,,,,,,,,,,,,,,,,,,,,,,,,,,,,,,,,,,,,,,,,,,,,,,,,,,,,,,,,,,,,,,,,,,,,,,,,,,,,,,,,,,,,,,,,,,,,,,,,,,,,,,,,,,,,,,,,,,,,,,,
1900,10,22810,-25.30000000000001,44.2,,,,,,,,,,,,,,,,,,,,,,,,,,,,,,,,,7.73,12.3,17.58,12.6,35.0,4.48,20.0,0.5,-2.9,4.27,11.37,2.73,35.0,7.9,20.0,0.5,-8.15,2.62,14.17,3.35,35.0,10.09,20.0,0.5,1006.33,1012.5,1018.33,1012.4,22.0,7.01,14.0,0.6,,,,,,,,,,,,,,,,,,,,,,,,,,,,,,,,,,,,,,,,,,,,,,,,,,,,,,,,,,,,,,,,,,,,,,,,,,,,,,,,,,,,,,,,,,,,,,,,,,,,,,,,,,,,,,,,,,,,,,,,,,,,,,,,
1900,10,22810,-25.30000000000001,46.2,,,,,,,,,,,,,,,,,,,,,,,,,,,,,,,,,4.6,9.3,19.0,10.07,31.0,5.35,10.0,0.5,-7.46,2.39,10.02,2.06,31.0,8.61,10.0,0.5,-9.83,-1.8,4.63,-2.58,31.0,6.93,10.0,0.5,1002.35,1010.4,1017.29,1009.75,21.0,6.33,12.0,0.6,,,,,,,,,,,,,,,,,,,,,,,,,,,,,,,,,,,,,,,,,,,,,,,,,,,,,,,,,,,,,,,,,,,,,,,,,,,,,,,,,,,,,,,,,,,,,,,,,,,,,,,,,,,,,,,,,,,,,,,,,,,,,,,,
1900,10,22810,-25.19999999999999,-35.2,,,,,,,,,,,,,,,,,,,,,,,,,,,,,,,,,6.7,9.3,10.06,9.71,12.0,3.32,14.0,0.7,3.63,4.77,8.58,6.13,12.0,2.91,14.0,0.7,-9.26,-5.66,3.91,-4.25,12.0,6.69,14.0,0.7,1010.44,1015.9,1021.31,1015.86,9.0,5.02,18.0,0.7,,,,,,,,,,,,,,,,,,,,,,,,,,,,,,,,,,,,,,,,,,,,,,,,,,,,,,,,,,,,,,,,,,,,,,,,,,,,,,,,,,,,,,,,,,,,,,,,,,,,,,,,,,,,,,,,,,,,,,,,,,,,,,,,
1900,10,22810,-25.19999999999999,-27.1,,,,,,,,,,,,,,,,,,,,,,,,,,,,,,,,,6.7,6.7,13.14,9.78,4.0,6.15,20.0,0.3,-5.79,3.68,4.74,-0.34,4.0,8.79,20.0,0.3,-9.97,-5.45,-4.74,-7.27,4.0,4.17,20.0,0.3,1007.77,1016.2,1016.45,1012.84,5.0,4.93,16.0,0.2,,,,,,,,,,,,,,,,,,,,,,,,,,,,,,,,,,,,,,,,,,,,,,,,,,,,,,,,,,,,,,,,,,,,,,,,,,,,,,,,,,,,,,,,,,,,,,,,,,,,,,,,,,,,,,,,,,,,,,,,,,,,,,,,
1900,10,22810,-25.19999999999999,-19.4,,,,,,,,,,,,,,,,,,,,,,,,,,,,,,,,,4.6,9.3,9.44,7.71,7.0,3.1,16.0,0.6,-8.74,-8.56,-4.27,-7.3,7.0,3.04,16.0,0.6,-3.63,0.0,1.72,-1.06,7.0,2.5,16.0,0.6,1019.94,1020.4,1021.4,1020.43,7.0,0.98,16.0,0.6,,,,,,,,,,,,,,,,,,,,,,,,,,,,,,,,,,,,,,,,,,,,,,,,,,,,,,,,,,,,,,,,,,,,,,,,,,,,,,,,,,,,,,,,,,,,,,,,,,,,,,,,,,,,,,,,,,,,,,,,,,,,,,,,
1900,10,22810,-25.19999999999999,40.5,,,,,,,,,,,,,,,,,,,,,,,,,,,,,,,,,7.59,9.5,11.41,9.5,2.0,3.96,30.0,0.5,5.37,6.72,8.07,6.72,2.0,2.8,30.0,0.5,-8.07,-6.72,-5.37,-6.72,2.0,2.8,30.0,0.5,1011.32,1012.0,1012.68,1012.0,2.0,1.41,30.0,0.5,,,,,,,,,,,,,,,,,,,,,,,,,,,,,,,,,,,,,,,,,,,,,,,,,,,,,,,,,,,,,,,,,,,,,,,,,,,,,,,,,,,,,,,,,,,,,,,,,,,,,,,,,,,,,,,,,,,,,,,,,,,,,,,,
1900,10,22810,-25.100000000000023,20.4,,,,,,,,,,,,,,,,,,,,,,,,,,,,,,,,,2.6,4.6,9.3,5.76,12.0,3.29,26.0,0.5,-9.3,-3.86,-1.84,-4.89,12.0,3.27,26.0,0.5,-3.35,-1.8,0.0,-1.95,12.0,2.47,26.0,0.5,1016.2,1017.4,1018.33,1017.01,12.0,2.31,26.0,0.5,,,,,,,,,,,,,,,,,,,,,,,,,,,,,,,,,,,,,,,,,,,,,,,,,,,,,,,,,,,,,,,,,,,,,,,,,,,,,,,,,,,,,,,,,,,,,,,,,,,,,,,,,,,,,,,,,,,,,,,,,,,,,,,,
1900,10,22810,-25.100000000000023,64.6,,,,,,,,,,,,,,,,,,,,,,,,,,,,,,,,,3.23,4.6,4.6,3.93,3.0,1.15,12.0,0.3,0.83,2.6,3.05,1.95,3.0,1.72,12.0,0.3,1.03,3.25,4.17,2.62,3.0,2.36,12.0,0.3,989.38,997.95,1006.52,997.95,2.0,17.75,8.0,0.5,,,,,,,,,,,,,,,,,,,,,,,,,,,,,,,,,,,,,,,,,,,,,,,,,,,,,,,,,,,,,,,,,,,,,,,,,,,,,,,,,,,,,,,,,,,,,,,,,,,,,,,,,,,,,,,,,,,,,,,,,,,,,,,,
1900,10,22810,-25.0,-17.3,,,,,,,,,,,,,,,,,,,,,,,,,,,,,,,,,6.7,9.3,12.3,9.43,6.0,2.51,26.0,0.5,-11.34,-8.93,-6.17,-8.82,6.0,2.34,26.0,0.5,-3.88,-2.62,0.95,-1.51,6.0,3.39,26.0,0.5,1017.17,1018.2,1019.42,1018.17,6.0,1.27,26.0,0.5,,,,,,,,,,,,,,,,,,,,,,,,,,,,,,,,,,,,,,,,,,,,,,,,,,,,,,,,,,,,,,,,,,,,,,,,,,,,,,,,,,,,,,,,,,,,,,,,,,,,,,,,,,,,,,,,,,,,,,,,,,,,,,,,
1900,10,22810,-25.0,-15.3,,,,,,,,,,,,,,,,,,,,,,,,,,,,,,,,,4.83,8.0,9.3,7.23,8.0,2.57,28.0,0.4,-8.34,-6.37,-4.77,-6.23,8.0,1.96,28.0,0.4,-6.25,-3.13,-0.29,-3.21,8.0,2.52,28.0,0.4,1016.83,1017.5,1017.69,1017.3,8.0,0.58,28.0,0.4,,,,,,,,,,,,,,,,,,,,,,,,,,,,,,,,,,,,,,,,,,,,,,,,,,,,,,,,,,,,,,,,,,,,,,,,,,,,,,,,,,,,,,,,,,,,,,,,,,,,,,,,,,,,,,,,,,,,,,,,,,,,,,,,
1900,10,22810,-25.0,-13.2,,,,,,,,,,,,,,,,,,,,,,,,,,,,,,,,,9.3,9.3,9.3,9.3,5.0,0.0,28.0,0.6,-9.3,-9.3,-9.03,-9.15,5.0,0.33,28.0,0.6,-1.33,0.0,0.0,-0.73,5.0,1.63,28.0,0.6,1016.03,1016.6,1017.57,1016.8,5.0,0.93,28.0,0.6,,,,,,,,,,,,,,,,,,,,,,,,,,,,,,,,,,,,,,,,,,,,,,,,,,,,,,,,,,,,,,,,,,,,,,,,,,,,,,,,,,,,,,,,,,,,,,,,,,,,,,,,,,,,,,,,,,,,,,,,,,,,,,,,
1900,10,22810,-25.0,26.2,,,,,,,,,,,,,,,,,,,,,,,,,,,,,,,,,6.7,6.7,6.7,6.7,3.0,0.0,6.0,0.7,-6.17,-6.17,-6.17,-6.17,3.0,0.0,6.0,0.7,-2.62,-2.62,-2.62,-2.62,3.0,0.0,6.0,0.7,1018.25,1018.8,1019.48,1018.87,3.0,0.9,6.0,0.7,,,,,,,,,,,,,,,,,,,,,,,,,,,,,,,,,,,,,,,,,,,,,,,,,,,,,,,,,,,,,,,,,,,,,,,,,,,,,,,,,,,,,,,,,,,,,,,,,,,,,,,,,,,,,,,,,,,,,,,,,,,,,,,,
1900,10,22810,-24.0,64.5,,,,,,,,,,,,,,,,,,,,,,,,,,,,,,,,,6.7,6.7,6.7,6.7,1.0,0.0,8.0,1.0,-4.74,-4.74,-4.74,-4.74,1.0,0.0,8.0,1.0,-4.74,-4.74,-4.74,-4.74,1.0,0.0,8.0,1.0,1011.5,1011.5,1011.5,1011.5,1.0,0.0,8.0,1.0,,,,,,,,,,,,,,,,,,,,,,,,,,,,,,,,,,,,,,,,,,,,,,,,,,,,,,,,,,,,,,,,,,,,,,,,,,,,,,,,,,,,,,,,,,,,,,,,,,,,,,,,,,,,,,,,,,,,,,,,,,,,,,,,
1900,10,22810,-23.69999999999999,20.5,,,,,,,,,,,,,,,,,,,,,,,,,,,,,,,,,1.0,1.0,1.0,1.0,2.0,0.0,24.0,1.0,-0.83,-0.65,-0.46,-0.65,2.0,0.39,24.0,1.0,0.48,0.66,0.84,0.66,2.0,0.38,24.0,1.0,1013.5,1014.35,1015.2,1014.35,2.0,1.77,24.0,1.0,,,,,,,,,,,,,,,,,,,,,,,,,,,,,,,,,,,,,,,,,,,,,,,,,,,,,,,,,,,,,,,,,,,,,,,,,,,,,,,,,,,,,,,,,,,,,,,,,,,,,,,,,,,,,,,,,,,,,,,,,,,,,,,,
1900,10,22810,-23.600000000000023,-29.4,,,,,,,,,,,,,,,,,,,,,,,,,,,,,,,,,2.19,4.6,6.7,4.59,12.0,2.66,18.0,0.5,-0.71,3.12,6.7,2.84,12.0,3.48,18.0,0.5,0.0,0.0,1.2,0.03,12.0,3.03,18.0,0.5,1007.85,1016.7,1026.7,1016.6,15.0,7.86,14.0,0.5,,,,,,,,,,,,,,,,,,,,,,,,,,,,,,,,,,,,,,,,,,,,,,,,,,,,,,,,,,,,,,,,,,,,,,,,,,,,,,,,,,,,,,,,,,,,,,,,,,,,,,,,,,,,,,,,,,,,,,,,,,,,,,,,
1900,10,22810,-23.600000000000023,6.4,,,,,,,,,,,,,,,,,,,,,,,,,,,,,,,,,1.0,2.6,4.6,2.52,19.0,1.56,12.0,0.4,-2.4,-0.71,2.4,-0.42,19.0,2.24,12.0,0.4,-1.02,0.0,2.39,0.43,19.0,1.93,12.0,0.4,1009.09,1014.9,1016.3,1013.4,23.0,3.34,10.0,0.3,,,,,,,,,,,,,,,,,,,,,,,,,,,,,,,,,,,,,,,,,,,,,,,,,,,,,,,,,,,,,,,,,,,,,,,,,,,,,,,,,,,,,,,,,,,,,,,,,,,,,,,,,,,,,,,,,,,,,,,,,,,,,,,,
1900,10,22810,-23.600000000000023,32.8,,,,,,,,,,,,,,,,,,,,,,,,,,,,,,,,,2.14,4.6,4.6,3.4,3.0,2.08,2.0,0.7,0.8,1.72,2.77,1.78,3.0,1.44,2.0,0.7,-3.94,-3.25,-1.67,-2.81,3.0,1.71,2.0,0.7,1021.3,1022.6,1022.8,1022.07,3.0,1.19,2.0,0.7,,,,,,,,,,,,,,,,,,,,,,,,,,,,,,,,,,,,,,,,,,,,,,,,,,,,,,,,,,,,,,,,,,,,,,,,,,,,,,,,,,,,,,,,,,,,,,,,,,,,,,,,,,,,,,,,,,,,,,,,,,,,,,,,
1900,10,22810,-23.600000000000023,50.3,,,,,,,,,,,,,,,,,,,,,,,,,,,,,,,,,3.05,10.8,12.3,9.89,8.0,6.78,18.0,0.3,0.0,0.5,10.67,3.38,8.0,5.61,18.0,0.3,0.29,5.41,11.1,7.08,8.0,7.47,18.0,0.3,1004.82,1017.65,1037.18,1016.45,8.0,17.35,18.0,0.3,,,,,,,,,,,,,,,,,,,,,,,,,,,,,,,,,,,,,,,,,,,,,,,,,,,,,,,,,,,,,,,,,,,,,,,,,,,,,,,,,,,,,,,,,,,,,,,,,,,,,,,,,,,,,,,,,,,,,,,,,,,,,,,,
1900,10,22810,-23.5,-27.4,,,,,,,,,,,,,,,,,,,,,,,,,,,,,,,,,8.23,9.3,9.3,8.64,11.0,1.55,24.0,0.6,0.0,3.48,5.5,2.51,11.0,3.55,24.0,0.6,-4.85,8.56,9.3,3.51,11.0,7.16,24.0,0.6,1017.57,1020.25,1022.07,1019.97,10.0,2.3,24.0,0.6,,,,,,,,,,,,,,,,,,,,,,,,,,,,,,,,,,,,,,,,,,,,,,,,,,,,,,,,,,,,,,,,,,,,,,,,,,,,,,,,,,,,,,,,,,,,,,,,,,,,,,,,,,,,,,,,,,,,,,,,,,,,,,,,
1900,10,22810,-23.5,-25.3,,,,,,,,,,,,,,,,,,,,,,,,,,,,,,,,,6.7,8.0,12.3,9.0,6.0,2.75,22.0,0.5,-6.73,-4.77,-4.51,-5.47,6.0,1.78,22.0,0.5,4.28,6.65,9.24,6.76,6.0,3.29,22.0,0.5,1021.12,1022.35,1022.87,1022.15,6.0,1.02,22.0,0.5,,,,,,,,,,,,,,,,,,,,,,,,,,,,,,,,,,,,,,,,,,,,,,,,,,,,,,,,,,,,,,,,,,,,,,,,,,,,,,,,,,,,,,,,,,,,,,,,,,,,,,,,,,,,,,,,,,,,,,,,,,,,,,,,
1900,10,22810,-23.5,-23.2,,,,,,,,,,,,,,,,,,,,,,,,,,,,,,,,,7.94,10.8,12.3,10.15,4.0,2.7,24.0,0.3,-10.52,-7.36,-5.45,-7.96,4.0,3.28,24.0,0.3,-3.15,-1.31,5.93,1.27,4.0,6.88,24.0,0.3,1020.58,1021.5,1022.37,1021.48,4.0,1.1,24.0,0.3,,,,,,,,,,,,,,,,,,,,,,,,,,,,,,,,,,,,,,,,,,,,,,,,,,,,,,,,,,,,,,,,,,,,,,,,,,,,,,,,,,,,,,,,,,,,,,,,,,,,,,,,,,,,,,,,,,,,,,,,,,,,,,,,
1900,10,22810,-23.5,-5.0,,,,,,,,,,,,,,,,,,,,,,,,,,,,,,,,,9.3,9.3,9.3,9.3,2.0,0.0,8.0,0.0,-6.58,-6.58,-6.58,-6.58,2.0,0.0,8.0,0.0,6.58,6.58,6.58,6.58,2.0,0.0,8.0,0.0,1013.08,1013.25,1013.42,1013.25,2.0,0.35,8.0,0.0,,,,,,,,,,,,,,,,,,,,,,,,,,,,,,,,,,,,,,,,,,,,,,,,,,,,,,,,,,,,,,,,,,,,,,,,,,,,,,,,,,,,,,,,,,,,,,,,,,,,,,,,,,,,,,,,,,,,,,,,,,,,,,,,
1900,10,22810,-23.5,4.5,,,,,,,,,,,,,,,,,,,,,,,,,,,,,,,,,0.0,2.6,5.44,2.8,30.0,2.22,14.0,0.4,-2.62,0.0,1.84,-0.52,30.0,2.26,14.0,0.4,0.0,1.37,4.65,1.85,30.0,2.04,14.0,0.4,1009.2,1015.0,1016.2,1013.73,35.0,3.01,12.0,0.5,,,,,,,,,,,,,,,,,,,,,,,,,,,,,,,,,,,,,,,,,,,,,,,,,,,,,,,,,,,,,,,,,,,,,,,,,,,,,,,,,,,,,,,,,,,,,,,,,,,,,,,,,,,,,,,,,,,,,,,,,,,,,,,,
1900,10,22810,-23.5,8.5,,,,,,,,,,,,,,,,,,,,,,,,,,,,,,,,,2.02,2.6,5.37,3.5,5.0,2.2,8.0,0.6,-5.17,-1.84,-0.79,-2.8,5.0,2.47,8.0,0.6,-2.48,0.0,1.26,-0.45,5.0,1.99,8.0,0.6,1012.31,1014.0,1015.21,1013.68,5.0,1.92,8.0,0.6,,,,,,,,,,,,,,,,,,,,,,,,,,,,,,,,,,,,,,,,,,,,,,,,,,,,,,,,,,,,,,,,,,,,,,,,,,,,,,,,,,,,,,,,,,,,,,,,,,,,,,,,,,,,,,,,,,,,,,,,,,,,,,,,
1900,10,22810,-23.5,14.5,,,,,,,,,,,,,,,,,,,,,,,,,,,,,,,,,6.7,6.7,6.7,6.7,1.0,0.0,24.0,1.0,-4.74,-4.74,-4.74,-4.74,1.0,0.0,24.0,1.0,-4.74,-4.74,-4.74,-4.74,1.0,0.0,24.0,1.0,1015.3,1015.3,1015.3,1015.3,1.0,0.0,24.0,1.0,,,,,,,,,,,,,,,,,,,,,,,,,,,,,,,,,,,,,,,,,,,,,,,,,,,,,,,,,,,,,,,,,,,,,,,,,,,,,,,,,,,,,,,,,,,,,,,,,,,,,,,,,,,,,,,,,,,,,,,,,,,,,,,,
1900,10,22810,-23.5,22.4,,,,,,,,,,,,,,,,,,,,,,,,,,,,,,,,,2.6,4.6,4.6,4.08,18.0,1.47,24.0,0.4,-4.37,-3.25,-1.8,-3.25,18.0,1.57,24.0,0.4,-3.25,-1.82,0.21,-1.6,18.0,1.86,24.0,0.4,1014.2,1016.9,1019.73,1017.17,18.0,2.6,24.0,0.4,,,,,,,,,,,,,,,,,,,,,,,,,,,,,,,,,,,,,,,,,,,,,,,,,,,,,,,,,,,,,,,,,,,,,,,,,,,,,,,,,,,,,,,,,,,,,,,,,,,,,,,,,,,,,,,,,,,,,,,,,,,,,,,,
1900,10,22810,-23.5,38.8,,,,,,,,,,,,,,,,,,,,,,,,,,,,,,,,,4.93,5.65,6.37,5.65,2.0,1.48,18.0,0.0,2.72,2.94,3.15,2.94,2.0,0.45,18.0,0.0,3.72,4.71,5.7,4.71,2.0,2.06,18.0,0.0,1011.61,1012.7,1013.79,1012.7,2.0,2.26,18.0,0.0,,,,,,,,,,,,,,,,,,,,,,,,,,,,,,,,,,,,,,,,,,,,,,,,,,,,,,,,,,,,,,,,,,,,,,,,,,,,,,,,,,,,,,,,,,,,,,,,,,,,,,,,,,,,,,,,,,,,,,,,,,,,,,,,
1900,10,22810,-23.399999999999977,-21.4,,,,,,,,,,,,,,,,,,,,,,,,,,,,,,,,,0.0,9.3,9.3,6.2,6.0,4.8,16.0,0.7,-8.71,-8.56,0.0,-5.83,6.0,4.53,16.0,0.7,-3.63,-1.82,0.0,-1.82,6.0,1.99,16.0,0.7,1018.21,1019.9,1020.6,1019.48,6.0,1.29,16.0,0.7,,,,,,,,,,,,,,,,,,,,,,,,,,,,,,,,,,,,,,,,,,,,,,,,,,,,,,,,,,,,,,,,,,,,,,,,,,,,,,,,,,,,,,,,,,,,,,,,,,,,,,,,,,,,,,,,,,,,,,,,,,,,,,,,
1900,10,22810,-23.399999999999977,-3.1,,,,,,,,,,,,,,,,,,,,,,,,,,,,,,,,,6.7,6.7,8.19,7.22,10.0,1.1,6.0,0.6,-6.42,-4.74,-4.74,-5.19,10.0,1.23,6.0,0.6,3.46,4.74,6.4,4.8,10.0,1.44,6.0,0.6,1012.33,1013.35,1013.81,1013.2,10.0,0.85,6.0,0.6,,,,,,,,,,,,,,,,,,,,,,,,,,,,,,,,,,,,,,,,,,,,,,,,,,,,,,,,,,,,,,,,,,,,,,,,,,,,,,,,,,,,,,,,,,,,,,,,,,,,,,,,,,,,,,,,,,,,,,,,,,,,,,,,
1900,10,22810,-23.399999999999977,42.4,,,,,,,,,,,,,,,,,,,,,,,,,,,,,,,,,6.7,9.3,15.57,11.24,7.0,4.61,16.0,0.4,6.61,8.62,15.51,10.56,7.0,4.7,16.0,0.4,-3.66,0.0,3.69,-0.32,7.0,4.04,16.0,0.4,1015.0,1015.0,1015.0,1015.0,2.0,0.0,30.0,0.5,,,,,,,,,,,,,,,,,,,,,,,,,,,,,,,,,,,,,,,,,,,,,,,,,,,,,,,,,,,,,,,,,,,,,,,,,,,,,,,,,,,,,,,,,,,,,,,,,,,,,,,,,,,,,,,,,,,,,,,,,,,,,,,,
1900,10,22810,-23.399999999999977,48.4,,,,,,,,,,,,,,,,,,,,,,,,,,,,,,,,,4.73,9.3,22.37,12.11,14.0,7.02,12.0,0.6,1.88,7.6,15.87,8.54,14.0,7.31,12.0,0.6,-2.46,5.19,13.14,5.04,14.0,6.92,12.0,0.6,997.71,1002.5,1016.39,1005.28,10.0,12.84,14.0,0.6,,,,,,,,,,,,,,,,,,,,,,,,,,,,,,,,,,,,,,,,,,,,,,,,,,,,,,,,,,,,,,,,,,,,,,,,,,,,,,,,,,,,,,,,,,,,,,,,,,,,,,,,,,,,,,,,,,,,,,,,,,,,,,,,
1900,10,22810,-23.30000000000001,-37.5,,,,,,,,,,,,,,,,,,,,,,,,,,,,,,,,,6.7,6.7,8.47,7.57,3.0,1.5,12.0,0.0,6.34,6.7,8.47,7.39,3.0,1.68,12.0,0.0,0.0,0.0,1.79,0.87,3.0,1.51,12.0,0.0,1024.48,1026.6,1026.74,1025.63,3.0,1.85,12.0,0.0,,,,,,,,,,,,,,,,,,,,,,,,,,,,,,,,,,,,,,,,,,,,,,,,,,,,,,,,,,,,,,,,,,,,,,,,,,,,,,,,,,,,,,,,,,,,,,,,,,,,,,,,,,,,,,,,,,,,,,,,,,,,,,,,
1900,10,22810,-23.30000000000001,-31.3,,,,,,,,,,,,,,,,,,,,,,,,,,,,,,,,,1.71,4.6,9.3,5.98,29.0,4.81,14.0,0.5,-1.45,0.0,2.88,0.65,29.0,2.87,14.0,0.5,-9.3,0.0,2.88,-2.95,29.0,6.51,14.0,0.5,1008.39,1023.8,1027.1,1020.94,23.0,7.8,12.0,0.5,,,,,,,,,,,,,,,,,,,,,,,,,,,,,,,,,,,,,,,,,,,,,,,,,,,,,,,,,,,,,,,,,,,,,,,,,,,,,,,,,,,,,,,,,,,,,,,,,,,,,,,,,,,,,,,,,,,,,,,,,,,,,,,,
1900,10,22810,-23.30000000000001,24.5,,,,,,,,,,,,,,,,,,,,,,,,,,,,,,,,,2.6,2.6,4.6,3.68,15.0,2.19,14.0,0.7,-4.3,-1.84,0.0,-2.14,15.0,1.97,14.0,0.7,-4.27,-2.6,-0.97,-2.6,15.0,1.82,14.0,0.7,1017.0,1017.4,1019.0,1017.72,15.0,1.68,14.0,0.7,,,,,,,,,,,,,,,,,,,,,,,,,,,,,,,,,,,,,,,,,,,,,,,,,,,,,,,,,,,,,,,,,,,,,,,,,,,,,,,,,,,,,,,,,,,,,,,,,,,,,,,,,,,,,,,,,,,,,,,,,,,,,,,,
1900,10,22810,-23.30000000000001,26.3,,,,,,,,,,,,,,,,,,,,,,,,,,,,,,,,,4.6,4.6,4.6,4.6,3.0,0.0,12.0,0.0,-3.25,-3.25,-2.21,-2.74,3.0,0.88,12.0,0.0,-3.94,-3.25,-3.25,-3.59,3.0,0.58,12.0,0.0,1017.11,1018.2,1018.88,1018.0,3.0,1.31,12.0,0.0,,,,,,,,,,,,,,,,,,,,,,,,,,,,,,,,,,,,,,,,,,,,,,,,,,,,,,,,,,,,,,,,,,,,,,,,,,,,,,,,,,,,,,,,,,,,,,,,,,,,,,,,,,,,,,,,,,,,,,,,,,,,,,,,
1900,10,22810,-23.30000000000001,44.4,,,,,,,,,,,,,,,,,,,,,,,,,,,,,,,,,4.6,9.3,15.16,9.78,33.0,4.74,20.0,0.3,0.0,4.61,11.32,5.25,33.0,6.26,20.0,0.3,-3.0,4.6,8.47,3.05,33.0,6.63,20.0,0.3,998.12,1008.5,1010.98,1006.2,20.0,6.39,18.0,0.3,,,,,,,,,,,,,,,,,,,,,,,,,,,,,,,,,,,,,,,,,,,,,,,,,,,,,,,,,,,,,,,,,,,,,,,,,,,,,,,,,,,,,,,,,,,,,,,,,,,,,,,,,,,,,,,,,,,,,,,,,,,,,,,,
1900,10,22810,-23.30000000000001,46.2,,,,,,,,,,,,,,,,,,,,,,,,,,,,,,,,,2.6,6.7,12.3,7.36,42.0,5.02,16.0,0.5,-4.61,0.92,7.37,1.69,42.0,6.47,16.0,0.5,-1.32,1.82,6.64,1.72,42.0,5.73,16.0,0.5,1002.13,1009.5,1013.87,1008.02,27.0,7.88,16.0,0.5,,,,,,,,,,,,,,,,,,,,,,,,,,,,,,,,,,,,,,,,,,,,,,,,,,,,,,,,,,,,,,,,,,,,,,,,,,,,,,,,,,,,,,,,,,,,,,,,,,,,,,,,,,,,,,,,,,,,,,,,,,,,,,,,
1900,10,22810,-23.19999999999999,-35.3,,,,,,,,,,,,,,,,,,,,,,,,,,,,,,,,,6.7,8.0,12.3,9.13,8.0,2.77,10.0,0.4,2.73,4.61,4.8,3.9,8.0,1.87,10.0,0.4,-8.3,3.68,10.88,1.35,8.0,8.94,10.0,0.4,1008.83,1012.5,1017.93,1013.4,6.0,4.97,12.0,0.3,,,,,,,,,,,,,,,,,,,,,,,,,,,,,,,,,,,,,,,,,,,,,,,,,,,,,,,,,,,,,,,,,,,,,,,,,,,,,,,,,,,,,,,,,,,,,,,,,,,,,,,,,,,,,,,,,,,,,,,,,,,,,,,,
1900,10,22810,-23.19999999999999,-33.2,,,,,,,,,,,,,,,,,,,,,,,,,,,,,,,,,6.7,9.3,12.3,9.24,9.0,3.13,20.0,0.7,0.88,4.74,4.79,3.52,9.0,2.06,20.0,0.7,-11.38,-9.3,-4.74,-8.12,9.0,3.68,20.0,0.7,1017.63,1020.75,1021.82,1020.0,6.0,2.1,22.0,0.7,,,,,,,,,,,,,,,,,,,,,,,,,,,,,,,,,,,,,,,,,,,,,,,,,,,,,,,,,,,,,,,,,,,,,,,,,,,,,,,,,,,,,,,,,,,,,,,,,,,,,,,,,,,,,,,,,,,,,,,,,,,,,,,,
1900,10,22810,-23.19999999999999,-1.3,,,,,,,,,,,,,,,,,,,,,,,,,,,,,,,,,4.6,5.65,6.7,5.73,16.0,1.97,4.0,0.4,-4.74,-4.5,-3.25,-4.17,16.0,1.36,4.0,0.4,1.84,4.0,4.74,3.86,16.0,1.59,4.0,0.4,1011.5,1013.15,1013.95,1012.71,12.0,1.33,6.0,0.3,,,,,,,,,,,,,,,,,,,,,,,,,,,,,,,,,,,,,,,,,,,,,,,,,,,,,,,,,,,,,,,,,,,,,,,,,,,,,,,,,,,,,,,,,,,,,,,,,,,,,,,,,,,,,,,,,,,,,,,,,,,,,,,,
1900,10,22810,-23.19999999999999,40.3,,,,,,,,,,,,,,,,,,,,,,,,,,,,,,,,,6.7,6.7,6.7,6.7,1.0,0.0,18.0,0.0,6.21,6.21,6.21,6.21,1.0,0.0,18.0,0.0,2.51,2.51,2.51,2.51,1.0,0.0,18.0,0.0,1008.6,1008.6,1008.6,1008.6,1.0,0.0,18.0,0.0,,,,,,,,,,,,,,,,,,,,,,,,,,,,,,,,,,,,,,,,,,,,,,,,,,,,,,,,,,,,,,,,,,,,,,,,,,,,,,,,,,,,,,,,,,,,,,,,,,,,,,,,,,,,,,,,,,,,,,,,,,,,,,,,
1900,10,22810,-23.100000000000023,2.3,,,,,,,,,,,,,,,,,,,,,,,,,,,,,,,,,2.6,2.6,4.6,3.0,16.0,1.03,8.0,0.5,0.0,0.46,2.19,0.88,16.0,1.44,8.0,0.5,0.66,2.6,3.61,2.23,16.0,1.57,8.0,0.5,1007.78,1008.1,1009.42,1008.49,7.0,0.98,14.0,0.4,,,,,,,,,,,,,,,,,,,,,,,,,,,,,,,,,,,,,,,,,,,,,,,,,,,,,,,,,,,,,,,,,,,,,,,,,,,,,,,,,,,,,,,,,,,,,,,,,,,,,,,,,,,,,,,,,,,,,,,,,,,,,,,,
1900,10,22810,-23.100000000000023,28.3,,,,,,,,,,,,,,,,,,,,,,,,,,,,,,,,,2.6,4.6,4.6,3.74,7.0,1.07,4.0,0.6,-1.8,-1.72,-0.97,-1.62,7.0,0.81,4.0,0.6,-4.27,-3.25,-2.41,-3.33,7.0,0.93,4.0,0.6,1018.59,1019.9,1020.2,1019.59,7.0,0.76,4.0,0.6,,,,,,,,,,,,,,,,,,,,,,,,,,,,,,,,,,,,,,,,,,,,,,,,,,,,,,,,,,,,,,,,,,,,,,,,,,,,,,,,,,,,,,,,,,,,,,,,,,,,,,,,,,,,,,,,,,,,,,,,,,,,,,,,
1900,10,22810,-23.0,18.5,,,,,,,,,,,,,,,,,,,,,,,,,,,,,,,,,4.6,4.6,4.6,4.6,1.0,0.0,24.0,1.0,-3.25,-3.25,-3.25,-3.25,1.0,0.0,24.0,1.0,-3.25,-3.25,-3.25,-3.25,1.0,0.0,24.0,1.0,1017.0,1017.0,1017.0,1017.0,1.0,0.0,24.0,1.0,,,,,,,,,,,,,,,,,,,,,,,,,,,,,,,,,,,,,,,,,,,,,,,,,,,,,,,,,,,,,,,,,,,,,,,,,,,,,,,,,,,,,,,,,,,,,,,,,,,,,,,,,,,,,,,,,,,,,,,,,,,,,,,,
1900,10,22810,-23.0,30.0,,,,,,,,,,,,,,,,,,,,,,,,,,,,,,,,,1.0,1.8,2.6,1.8,8.0,0.86,4.0,0.6,-0.97,-0.37,-0.37,-0.43,8.0,0.65,4.0,0.6,-2.41,-1.66,-0.93,-1.67,8.0,0.79,4.0,0.6,1019.91,1020.35,1021.51,1020.5,8.0,0.89,4.0,0.6,,,,,,,,,,,,,,,,,,,,,,,,,,,,,,,,,,,,,,,,,,,,,,,,,,,,,,,,,,,,,,,,,,,,,,,,,,,,,,,,,,,,,,,,,,,,,,,,,,,,,,,,,,,,,,,,,,,,,,,,,,,,,,,,
1900,10,22810,-21.69999999999999,66.2,,,,,,,,,,,,,,,,,,,,,,,,,,,,,,,,,2.6,2.6,2.6,2.6,1.0,0.0,4.0,0.0,-1.84,-1.84,-1.84,-1.84,1.0,0.0,4.0,0.0,-1.84,-1.84,-1.84,-1.84,1.0,0.0,4.0,0.0,1007.1,1007.1,1007.1,1007.1,1.0,0.0,2.0,1.0,,,,,,,,,,,,,,,,,,,,,,,,,,,,,,,,,,,,,,,,,,,,,,,,,,,,,,,,,,,,,,,,,,,,,,,,,,,,,,,,,,,,,,,,,,,,,,,,,,,,,,,,,,,,,,,,,,,,,,,,,,,,,,,,
1900,10,22810,-21.600000000000023,0.5,,,,,,,,,,,,,,,,,,,,,,,,,,,,,,,,,4.6,4.6,6.7,5.38,15.0,2.01,10.0,0.5,-3.25,-1.8,0.0,-1.58,15.0,1.69,10.0,0.5,3.25,4.27,6.59,4.9,15.0,1.94,10.0,0.5,1008.77,1010.2,1011.01,1009.92,5.0,1.26,18.0,0.4,,,,,,,,,,,,,,,,,,,,,,,,,,,,,,,,,,,,,,,,,,,,,,,,,,,,,,,,,,,,,,,,,,,,,,,,,,,,,,,,,,,,,,,,,,,,,,,,,,,,,,,,,,,,,,,,,,,,,,,,,,,,,,,,
1900,10,22810,-21.5,24.5,,,,,,,,,,,,,,,,,,,,,,,,,,,,,,,,,2.6,4.6,4.6,3.92,14.0,1.44,10.0,0.5,-3.25,-2.46,-1.06,-2.45,14.0,1.16,10.0,0.5,-4.26,-2.83,-0.06,-2.59,14.0,1.88,10.0,0.5,1016.03,1017.95,1019.0,1017.75,14.0,2.03,10.0,0.5,,,,,,,,,,,,,,,,,,,,,,,,,,,,,,,,,,,,,,,,,,,,,,,,,,,,,,,,,,,,,,,,,,,,,,,,,,,,,,,,,,,,,,,,,,,,,,,,,,,,,,,,,,,,,,,,,,,,,,,,,,,,,,,,
1900,10,22810,-21.5,50.3,,,,,,,,,,,,,,,,,,,,,,,,,,,,,,,,,4.83,9.3,9.3,7.8,8.0,2.17,12.0,0.3,-3.29,5.65,9.3,3.81,8.0,5.81,12.0,0.3,0.0,0.0,8.14,2.69,8.0,3.95,12.0,0.3,1005.91,1016.55,1017.59,1016.49,8.0,10.75,12.0,0.3,,,,,,,,,,,,,,,,,,,,,,,,,,,,,,,,,,,,,,,,,,,,,,,,,,,,,,,,,,,,,,,,,,,,,,,,,,,,,,,,,,,,,,,,,,,,,,,,,,,,,,,,,,,,,,,,,,,,,,,,,,,,,,,,
1900,10,22810,-21.399999999999977,-31.3,,,,,,,,,,,,,,,,,,,,,,,,,,,,,,,,,6.7,9.3,12.3,8.72,16.0,3.26,16.0,0.7,0.0,4.91,8.7,4.15,16.0,4.54,16.0,0.7,-8.7,-6.64,-0.7,-5.89,16.0,3.97,16.0,0.7,1007.27,1015.9,1021.68,1014.15,11.0,6.68,16.0,0.8,,,,,,,,,,,,,,,,,,,,,,,,,,,,,,,,,,,,,,,,,,,,,,,,,,,,,,,,,,,,,,,,,,,,,,,,,,,,,,,,,,,,,,,,,,,,,,,,,,,,,,,,,,,,,,,,,,,,,,,,,,,,,,,,
1900,10,22810,-21.399999999999977,-1.2,,,,,,,,,,,,,,,,,,,,,,,,,,,,,,,,,6.17,6.7,6.7,6.35,12.0,0.82,8.0,0.6,-4.74,-4.74,-2.62,-3.83,12.0,1.17,8.0,0.6,4.62,4.74,6.17,4.93,12.0,0.86,8.0,0.6,1010.9,1012.2,1012.95,1012.28,12.0,1.1,8.0,0.6,,,,,,,,,,,,,,,,,,,,,,,,,,,,,,,,,,,,,,,,,,,,,,,,,,,,,,,,,,,,,,,,,,,,,,,,,,,,,,,,,,,,,,,,,,,,,,,,,,,,,,,,,,,,,,,,,,,,,,,,,,,,,,,,
1900,10,22810,-21.399999999999977,2.1,,,,,,,,,,,,,,,,,,,,,,,,,,,,,,,,,2.6,3.6,4.6,3.53,22.0,1.15,2.0,0.4,-1.2,0.0,1.72,0.32,22.0,1.28,2.0,0.4,1.84,3.42,4.49,3.26,22.0,1.21,2.0,0.4,1007.22,1007.5,1008.01,1007.64,5.0,0.75,6.0,0.4,,,,,,,,,,,,,,,,,,,,,,,,,,,,,,,,,,,,,,,,,,,,,,,,,,,,,,,,,,,,,,,,,,,,,,,,,,,,,,,,,,,,,,,,,,,,,,,,,,,,,,,,,,,,,,,,,,,,,,,,,,,,,,,,
1900,10,22810,-21.399999999999977,40.5,,,,,,,,,,,,,,,,,,,,,,,,,,,,,,,,,5.6,6.7,6.7,6.18,4.0,1.05,14.0,0.8,2.94,6.43,6.7,4.89,4.0,3.27,14.0,0.8,-3.66,-1.31,0.0,-1.8,4.0,2.24,14.0,0.8,1008.04,1008.5,1015.45,1011.6,4.0,6.61,14.0,0.8,,,,,,,,,,,,,,,,,,,,,,,,,,,,,,,,,,,,,,,,,,,,,,,,,,,,,,,,,,,,,,,,,,,,,,,,,,,,,,,,,,,,,,,,,,,,,,,,,,,,,,,,,,,,,,,,,,,,,,,,,,,,,,,,
1900,10,22810,-21.399999999999977,44.5,,,,,,,,,,,,,,,,,,,,,,,,,,,,,,,,,4.6,9.3,12.3,9.74,20.0,5.02,12.0,0.5,3.5,6.58,12.29,7.75,20.0,5.38,12.0,0.5,-8.44,-1.44,3.6,-2.2,20.0,5.27,12.0,0.5,1007.0,1010.0,1011.73,1009.11,9.0,2.62,10.0,0.4,,,,,,,,,,,,,,,,,,,,,,,,,,,,,,,,,,,,,,,,,,,,,,,,,,,,,,,,,,,,,,,,,,,,,,,,,,,,,,,,,,,,,,,,,,,,,,,,,,,,,,,,,,,,,,,,,,,,,,,,,,,,,,,,
1900,10,22810,-21.399999999999977,48.6,,,,,,,,,,,,,,,,,,,,,,,,,,,,,,,,,6.7,9.3,11.63,7.97,15.0,3.44,16.0,0.7,-2.93,6.21,8.68,4.07,15.0,5.65,16.0,0.7,0.0,3.48,8.17,3.15,15.0,4.42,16.0,0.7,1003.18,1013.4,1026.22,1014.7,11.0,10.75,18.0,0.6,,,,,,,,,,,,,,,,,,,,,,,,,,,,,,,,,,,,,,,,,,,,,,,,,,,,,,,,,,,,,,,,,,,,,,,,,,,,,,,,,,,,,,,,,,,,,,,,,,,,,,,,,,,,,,,,,,,,,,,,,,,,,,,,
1900,10,22810,-21.30000000000001,-33.1,,,,,,,,,,,,,,,,,,,,,,,,,,,,,,,,,6.7,12.3,12.3,10.43,9.0,2.8,20.0,0.6,0.0,4.81,7.65,3.84,9.0,4.22,20.0,0.6,-11.32,-8.7,-6.7,-8.85,9.0,2.79,20.0,0.6,1008.97,1017.6,1020.47,1016.2,7.0,5.52,18.0,0.6,,,,,,,,,,,,,,,,,,,,,,,,,,,,,,,,,,,,,,,,,,,,,,,,,,,,,,,,,,,,,,,,,,,,,,,,,,,,,,,,,,,,,,,,,,,,,,,,,,,,,,,,,,,,,,,,,,,,,,,,,,,,,,,,
1900,10,22810,-21.30000000000001,-27.5,,,,,,,,,,,,,,,,,,,,,,,,,,,,,,,,,1.0,2.6,4.6,3.08,13.0,1.86,30.0,0.5,-4.27,-1.84,-0.35,-2.09,13.0,2.12,30.0,0.5,0.0,0.97,2.68,1.38,13.0,1.57,30.0,0.5,1018.48,1019.8,1021.12,1019.78,11.0,1.35,30.0,0.4,,,,,,,,,,,,,,,,,,,,,,,,,,,,,,,,,,,,,,,,,,,,,,,,,,,,,,,,,,,,,,,,,,,,,,,,,,,,,,,,,,,,,,,,,,,,,,,,,,,,,,,,,,,,,,,,,,,,,,,,,,,,,,,,
1900,10,22810,-21.30000000000001,26.3,,,,,,,,,,,,,,,,,,,,,,,,,,,,,,,,,2.6,4.6,6.7,4.86,37.0,2.21,16.0,0.4,-4.4,-1.72,3.25,-1.25,37.0,3.74,16.0,0.4,-4.6,-2.51,-0.9,-2.35,37.0,2.81,16.0,0.4,1016.4,1017.65,1019.82,1017.87,32.0,1.61,16.0,0.4,,,,,,,,,,,,,,,,,,,,,,,,,,,,,,,,,,,,,,,,,,,,,,,,,,,,,,,,,,,,,,,,,,,,,,,,,,,,,,,,,,,,,,,,,,,,,,,,,,,,,,,,,,,,,,,,,,,,,,,,,,,,,,,,
1900,10,22810,-21.30000000000001,30.3,,,,,,,,,,,,,,,,,,,,,,,,,,,,,,,,,0.7,3.6,5.23,3.57,18.0,2.52,22.0,0.3,-1.72,1.41,3.56,1.37,18.0,2.78,22.0,0.3,-4.27,-1.78,0.0,-2.34,18.0,2.08,22.0,0.3,1016.63,1018.85,1020.39,1018.6,14.0,1.97,24.0,0.2,,,,,,,,,,,,,,,,,,,,,,,,,,,,,,,,,,,,,,,,,,,,,,,,,,,,,,,,,,,,,,,,,,,,,,,,,,,,,,,,,,,,,,,,,,,,,,,,,,,,,,,,,,,,,,,,,,,,,,,,,,,,,,,,
1900,10,22810,-21.30000000000001,46.2,,,,,,,,,,,,,,,,,,,,,,,,,,,,,,,,,4.6,9.3,12.3,8.94,47.0,4.43,18.0,0.5,-2.59,4.23,11.4,4.62,47.0,6.81,18.0,0.5,-5.46,1.02,6.2,0.5,47.0,5.72,18.0,0.5,1004.33,1011.0,1015.56,1011.48,29.0,7.78,16.0,0.6,,,,,,,,,,,,,,,,,,,,,,,,,,,,,,,,,,,,,,,,,,,,,,,,,,,,,,,,,,,,,,,,,,,,,,,,,,,,,,,,,,,,,,,,,,,,,,,,,,,,,,,,,,,,,,,,,,,,,,,,,,,,,,,,
1900,10,22810,-21.19999999999999,-39.0,,,,,,,,,,,,,,,,,,,,,,,,,,,,,,,,,9.3,9.3,9.3,9.3,2.0,0.0,14.0,1.0,9.3,9.3,9.3,9.3,2.0,0.0,14.0,1.0,0.0,0.0,0.0,0.0,2.0,0.0,14.0,1.0,1019.04,1020.0,1020.96,1020.0,2.0,1.98,14.0,1.0,,,,,,,,,,,,,,,,,,,,,,,,,,,,,,,,,,,,,,,,,,,,,,,,,,,,,,,,,,,,,,,,,,,,,,,,,,,,,,,,,,,,,,,,,,,,,,,,,,,,,,,,,,,,,,,,,,,,,,,,,,,,,,,,
1900,10,22810,-21.19999999999999,-37.1,,,,,,,,,,,,,,,,,,,,,,,,,,,,,,,,,0.48,3.85,8.06,4.25,4.0,4.48,16.0,1.0,0.48,1.81,6.12,3.23,4.0,4.19,16.0,1.0,-3.23,0.0,0.0,-1.54,4.0,3.08,16.0,1.0,1008.34,1009.0,1016.57,1012.3,4.0,7.15,16.0,1.0,,,,,,,,,,,,,,,,,,,,,,,,,,,,,,,,,,,,,,,,,,,,,,,,,,,,,,,,,,,,,,,,,,,,,,,,,,,,,,,,,,,,,,,,,,,,,,,,,,,,,,,,,,,,,,,,,,,,,,,,,,,,,,,,
1900,10,22810,-21.19999999999999,-35.1,,,,,,,,,,,,,,,,,,,,,,,,,,,,,,,,,1.43,6.7,14.56,7.92,9.0,5.99,8.0,0.4,0.0,0.71,4.81,1.89,9.0,2.47,8.0,0.4,-8.17,2.6,12.24,2.45,9.0,9.47,8.0,0.4,1022.29,1025.7,1026.6,1024.68,5.0,2.25,8.0,0.6,,,,,,,,,,,,,,,,,,,,,,,,,,,,,,,,,,,,,,,,,,,,,,,,,,,,,,,,,,,,,,,,,,,,,,,,,,,,,,,,,,,,,,,,,,,,,,,,,,,,,,,,,,,,,,,,,,,,,,,,,,,,,,,,
1900,10,22810,-21.19999999999999,20.5,,,,,,,,,,,,,,,,,,,,,,,,,,,,,,,,,7.53,9.3,11.35,9.43,3.0,2.8,2.0,0.3,-8.02,-6.58,-5.32,-6.67,3.0,1.98,2.0,0.3,-8.02,-6.58,-5.32,-6.67,3.0,1.98,2.0,0.3,1016.03,1017.4,1017.95,1017.0,3.0,1.44,2.0,0.3,,,,,,,,,,,,,,,,,,,,,,,,,,,,,,,,,,,,,,,,,,,,,,,,,,,,,,,,,,,,,,,,,,,,,,,,,,,,,,,,,,,,,,,,,,,,,,,,,,,,,,,,,,,,,,,,,,,,,,,,,,,,,,,,
1900,10,22810,-21.19999999999999,22.3,,,,,,,,,,,,,,,,,,,,,,,,,,,,,,,,,4.83,6.7,9.3,7.15,8.0,1.98,4.0,0.6,-6.58,-4.74,-3.42,-5.06,8.0,1.4,4.0,0.6,-6.58,-4.74,-3.42,-5.06,8.0,1.4,4.0,0.6,1016.42,1017.6,1018.38,1017.23,8.0,1.31,4.0,0.6,,,,,,,,,,,,,,,,,,,,,,,,,,,,,,,,,,,,,,,,,,,,,,,,,,,,,,,,,,,,,,,,,,,,,,,,,,,,,,,,,,,,,,,,,,,,,,,,,,,,,,,,,,,,,,,,,,,,,,,,,,,,,,,,
1900,10,22810,-21.19999999999999,28.1,,,,,,,,,,,,,,,,,,,,,,,,,,,,,,,,,3.04,4.6,9.3,6.34,15.0,3.48,20.0,0.5,-3.04,2.39,6.21,1.63,15.0,5.32,20.0,0.5,-7.6,-3.25,-0.53,-3.4,15.0,3.4,20.0,0.5,1014.53,1015.2,1017.56,1015.88,10.0,1.85,22.0,0.5,,,,,,,,,,,,,,,,,,,,,,,,,,,,,,,,,,,,,,,,,,,,,,,,,,,,,,,,,,,,,,,,,,,,,,,,,,,,,,,,,,,,,,,,,,,,,,,,,,,,,,,,,,,,,,,,,,,,,,,,,,,,,,,,
1900,10,22810,-21.19999999999999,32.3,,,,,,,,,,,,,,,,,,,,,,,,,,,,,,,,,2.6,4.6,9.3,5.95,23.0,3.55,22.0,0.6,-1.41,3.25,8.66,3.18,23.0,4.53,22.0,0.6,-3.25,0.0,5.43,0.98,23.0,4.18,22.0,0.6,1014.28,1018.6,1021.31,1017.85,26.0,3.39,22.0,0.5,,,,,,,,,,,,,,,,,,,,,,,,,,,,,,,,,,,,,,,,,,,,,,,,,,,,,,,,,,,,,,,,,,,,,,,,,,,,,,,,,,,,,,,,,,,,,,,,,,,,,,,,,,,,,,,,,,,,,,,,,,,,,,,,
1900,10,22810,-21.0,34.1,,,,,,,,,,,,,,,,,,,,,,,,,,,,,,,,,2.19,2.6,9.3,4.51,12.0,3.78,28.0,0.4,-0.25,0.95,1.81,1.31,12.0,2.9,28.0,0.4,-1.9,1.21,4.16,1.87,12.0,4.73,28.0,0.4,1012.17,1021.1,1022.63,1018.62,12.0,5.06,28.0,0.4,,,,,,,,,,,,,,,,,,,,,,,,,,,,,,,,,,,,,,,,,,,,,,,,,,,,,,,,,,,,,,,,,,,,,,,,,,,,,,,,,,,,,,,,,,,,,,,,,,,,,,,,,,,,,,,,,,,,,,,,,,,,,,,,
1900,10,22810,-21.0,38.5,,,,,,,,,,,,,,,,,,,,,,,,,,,,,,,,,15.4,15.4,15.4,15.4,1.0,0.0,30.0,0.0,0.0,0.0,0.0,0.0,1.0,0.0,30.0,0.0,-15.4,-15.4,-15.4,-15.4,1.0,0.0,30.0,0.0,1007.0,1007.0,1007.0,1007.0,1.0,0.0,30.0,0.0,,,,,,,,,,,,,,,,,,,,,,,,,,,,,,,,,,,,,,,,,,,,,,,,,,,,,,,,,,,,,,,,,,,,,,,,,,,,,,,,,,,,,,,,,,,,,,,,,,,,,,,,,,,,,,,,,,,,,,,,,,,,,,,,
1900,10,22810,-19.69999999999999,-3.5,,,,,,,,,,,,,,,,,,,,,,,,,,,,,,,,,4.19,4.6,6.7,4.97,6.0,1.55,16.0,0.7,-4.74,-2.55,-1.72,-3.0,6.0,1.46,16.0,0.7,2.96,4.27,4.74,3.85,6.0,1.12,16.0,0.7,1010.91,1011.8,1012.44,1011.7,6.0,0.97,16.0,0.7,,,,,,,,,,,,,,,,,,,,,,,,,,,,,,,,,,,,,,,,,,,,,,,,,,,,,,,,,,,,,,,,,,,,,,,,,,,,,,,,,,,,,,,,,,,,,,,,,,,,,,,,,,,,,,,,,,,,,,,,,,,,,,,,
1900,10,22810,-19.69999999999999,-1.7,,,,,,,,,,,,,,,,,,,,,,,,,,,,,,,,,6.7,6.7,6.7,6.7,1.0,0.0,18.0,0.0,-2.51,-2.51,-2.51,-2.51,1.0,0.0,18.0,0.0,6.21,6.21,6.21,6.21,1.0,0.0,18.0,0.0,1012.8,1012.8,1012.8,1012.8,1.0,0.0,18.0,0.0,,,,,,,,,,,,,,,,,,,,,,,,,,,,,,,,,,,,,,,,,,,,,,,,,,,,,,,,,,,,,,,,,,,,,,,,,,,,,,,,,,,,,,,,,,,,,,,,,,,,,,,,,,,,,,,,,,,,,,,,,,,,,,,,
1900,10,22810,-19.600000000000023,2.3,,,,,,,,,,,,,,,,,,,,,,,,,,,,,,,,,1.0,1.8,4.6,2.67,20.0,2.2,2.0,0.6,-0.38,0.0,1.02,0.27,20.0,1.18,2.0,0.6,0.92,1.7,4.59,2.42,20.0,2.17,2.0,0.6,1011.18,1012.0,1012.74,1012.01,11.0,0.82,2.0,0.5,,,,,,,,,,,,,,,,,,,,,,,,,,,,,,,,,,,,,,,,,,,,,,,,,,,,,,,,,,,,,,,,,,,,,,,,,,,,,,,,,,,,,,,,,,,,,,,,,,,,,,,,,,,,,,,,,,,,,,,,,,,,,,,,
1900,10,22810,-19.5,-31.0,,,,,,,,,,,,,,,,,,,,,,,,,,,,,,,,,9.3,9.3,9.3,9.3,1.0,0.0,26.0,0.0,6.58,6.58,6.58,6.58,1.0,0.0,26.0,0.0,-6.58,-6.58,-6.58,-6.58,1.0,0.0,26.0,0.0,1015.8,1015.8,1015.8,1015.8,1.0,0.0,26.0,0.0,,,,,,,,,,,,,,,,,,,,,,,,,,,,,,,,,,,,,,,,,,,,,,,,,,,,,,,,,,,,,,,,,,,,,,,,,,,,,,,,,,,,,,,,,,,,,,,,,,,,,,,,,,,,,,,,,,,,,,,,,,,,,,,,
1900,10,22810,-19.5,26.7,,,,,,,,,,,,,,,,,,,,,,,,,,,,,,,,,2.82,4.6,6.47,4.63,8.0,1.55,2.0,0.5,-4.72,-3.25,-2.0,-3.62,8.0,1.5,2.0,0.5,-3.25,-2.88,-1.84,-2.59,8.0,1.4,2.0,0.5,1019.0,1019.0,1019.89,1019.43,8.0,1.08,2.0,0.5,,,,,,,,,,,,,,,,,,,,,,,,,,,,,,,,,,,,,,,,,,,,,,,,,,,,,,,,,,,,,,,,,,,,,,,,,,,,,,,,,,,,,,,,,,,,,,,,,,,,,,,,,,,,,,,,,,,,,,,,,,,,,,,,
1900,10,22810,-19.5,28.3,,,,,,,,,,,,,,,,,,,,,,,,,,,,,,,,,2.6,2.6,6.7,3.9,11.0,1.89,8.0,0.5,-3.87,-0.97,-0.97,-1.29,11.0,2.91,8.0,0.5,-3.87,-2.41,-2.41,-2.87,11.0,0.98,8.0,0.5,1014.83,1019.3,1020.35,1018.35,11.0,2.79,8.0,0.5,,,,,,,,,,,,,,,,,,,,,,,,,,,,,,,,,,,,,,,,,,,,,,,,,,,,,,,,,,,,,,,,,,,,,,,,,,,,,,,,,,,,,,,,,,,,,,,,,,,,,,,,,,,,,,,,,,,,,,,,,,,,,,,,
1900,10,22810,-19.5,40.5,,,,,,,,,,,,,,,,,,,,,,,,,,,,,,,,,4.19,4.6,7.24,5.4,6.0,2.31,16.0,0.7,-2.13,0.0,0.0,-0.85,6.0,1.39,16.0,0.7,-7.24,-4.6,-2.96,-5.05,6.0,2.64,16.0,0.7,1015.22,1019.65,1021.71,1018.17,6.0,5.46,16.0,0.7,,,,,,,,,,,,,,,,,,,,,,,,,,,,,,,,,,,,,,,,,,,,,,,,,,,,,,,,,,,,,,,,,,,,,,,,,,,,,,,,,,,,,,,,,,,,,,,,,,,,,,,,,,,,,,,,,,,,,,,,,,,,,,,,
1900,10,22810,-19.399999999999977,44.2,,,,,,,,,,,,,,,,,,,,,,,,,,,,,,,,,4.6,8.0,11.97,7.71,8.0,3.66,4.0,0.4,2.6,6.95,11.97,6.85,8.0,4.44,4.0,0.4,0.0,0.0,3.76,1.3,8.0,2.46,4.0,0.4,1011.0,1011.0,1011.0,1011.0,1.0,0.0,4.0,1.0,,,,,,,,,,,,,,,,,,,,,,,,,,,,,,,,,,,,,,,,,,,,,,,,,,,,,,,,,,,,,,,,,,,,,,,,,,,,,,,,,,,,,,,,,,,,,,,,,,,,,,,,,,,,,,,,,,,,,,,,,,,,,,,,
1900,10,22810,-19.399999999999977,50.3,,,,,,,,,,,,,,,,,,,,,,,,,,,,,,,,,2.6,4.6,9.3,5.5,6.0,3.08,20.0,0.8,-1.13,2.13,8.76,3.25,6.0,4.89,20.0,0.8,1.37,2.51,3.65,2.41,6.0,1.48,20.0,0.8,1004.2,1016.65,1037.5,1019.5,6.0,15.19,20.0,0.8,,,,,,,,,,,,,,,,,,,,,,,,,,,,,,,,,,,,,,,,,,,,,,,,,,,,,,,,,,,,,,,,,,,,,,,,,,,,,,,,,,,,,,,,,,,,,,,,,,,,,,,,,,,,,,,,,,,,,,,,,,,,,,,,
1900,10,22810,-19.30000000000001,-33.4,,,,,,,,,,,,,,,,,,,,,,,,,,,,,,,,,9.3,12.3,12.3,10.73,15.0,1.86,14.0,0.5,2.81,4.81,12.1,5.82,15.0,4.27,14.0,0.5,-11.32,-8.62,-1.02,-7.14,15.0,4.19,14.0,0.5,1008.49,1012.7,1018.59,1013.35,15.0,4.27,14.0,0.5,,,,,,,,,,,,,,,,,,,,,,,,,,,,,,,,,,,,,,,,,,,,,,,,,,,,,,,,,,,,,,,,,,,,,,,,,,,,,,,,,,,,,,,,,,,,,,,,,,,,,,,,,,,,,,,,,,,,,,,,,,,,,,,,
1900,10,22810,-19.30000000000001,-29.3,,,,,,,,,,,,,,,,,,,,,,,,,,,,,,,,,6.7,6.7,9.3,7.84,14.0,1.76,26.0,0.6,-2.35,3.13,4.8,1.97,14.0,4.08,26.0,0.6,-8.44,-6.21,-4.74,-6.37,14.0,2.2,26.0,0.6,1015.98,1017.5,1020.33,1017.99,8.0,2.24,28.0,0.5,,,,,,,,,,,,,,,,,,,,,,,,,,,,,,,,,,,,,,,,,,,,,,,,,,,,,,,,,,,,,,,,,,,,,,,,,,,,,,,,,,,,,,,,,,,,,,,,,,,,,,,,,,,,,,,,,,,,,,,,,,,,,,,,
1900,10,22810,-19.30000000000001,34.3,,,,,,,,,,,,,,,,,,,,,,,,,,,,,,,,,2.6,6.7,9.3,6.24,32.0,3.45,22.0,0.6,-3.5,0.97,5.84,0.77,32.0,5.02,22.0,0.6,-2.84,2.35,4.72,0.88,32.0,5.04,22.0,0.6,1010.13,1019.8,1023.22,1018.07,31.0,5.99,22.0,0.6,,,,,,,,,,,,,,,,,,,,,,,,,,,,,,,,,,,,,,,,,,,,,,,,,,,,,,,,,,,,,,,,,,,,,,,,,,,,,,,,,,,,,,,,,,,,,,,,,,,,,,,,,,,,,,,,,,,,,,,,,,,,,,,,
1900,10,22810,-19.30000000000001,36.4,,,,,,,,,,,,,,,,,,,,,,,,,,,,,,,,,2.6,6.7,15.4,7.38,31.0,5.02,28.0,0.5,-2.0,1.72,6.58,1.73,31.0,4.46,28.0,0.5,-6.33,2.6,6.58,0.8,31.0,7.6,28.0,0.5,1010.51,1017.1,1022.09,1016.53,33.0,5.06,28.0,0.4,,,,,,,,,,,,,,,,,,,,,,,,,,,,,,,,,,,,,,,,,,,,,,,,,,,,,,,,,,,,,,,,,,,,,,,,,,,,,,,,,,,,,,,,,,,,,,,,,,,,,,,,,,,,,,,,,,,,,,,,,,,,,,,,
1900,10,22810,-19.30000000000001,46.3,,,,,,,,,,,,,,,,,,,,,,,,,,,,,,,,,4.6,9.3,15.4,10.11,59.0,4.85,16.0,0.4,-1.67,8.56,13.79,6.34,59.0,6.92,16.0,0.4,-3.48,0.97,6.02,1.7,59.0,5.98,16.0,0.4,1006.08,1012.0,1015.92,1012.78,33.0,7.05,16.0,0.4,,,,,,,,,,,,,,,,,,,,,,,,,,,,,,,,,,,,,,,,,,,,,,,,,,,,,,,,,,,,,,,,,,,,,,,,,,,,,,,,,,,,,,,,,,,,,,,,,,,,,,,,,,,,,,,,,,,,,,,,,,,,,,,,
1900,10,22810,-19.30000000000001,48.3,,,,,,,,,,,,,,,,,,,,,,,,,,,,,,,,,2.6,6.7,9.3,6.85,30.0,3.98,12.0,0.4,-3.78,0.51,7.44,1.58,30.0,6.59,12.0,0.4,-2.61,0.0,6.21,1.09,30.0,4.15,12.0,0.4,1009.02,1018.5,1024.01,1016.94,26.0,7.81,12.0,0.4,,,,,,,,,,,,,,,,,,,,,,,,,,,,,,,,,,,,,,,,,,,,,,,,,,,,,,,,,,,,,,,,,,,,,,,,,,,,,,,,,,,,,,,,,,,,,,,,,,,,,,,,,,,,,,,,,,,,,,,,,,,,,,,,
1900,10,22810,-19.19999999999999,-39.0,,,,,,,,,,,,,,,,,,,,,,,,,,,,,,,,,9.3,9.3,9.3,9.3,3.0,0.0,14.0,0.0,9.3,9.3,9.3,9.3,3.0,0.0,14.0,0.0,0.0,0.0,0.0,0.0,3.0,0.0,14.0,0.0,1014.68,1015.5,1017.07,1015.87,3.0,1.78,14.0,0.0,,,,,,,,,,,,,,,,,,,,,,,,,,,,,,,,,,,,,,,,,,,,,,,,,,,,,,,,,,,,,,,,,,,,,,,,,,,,,,,,,,,,,,,,,,,,,,,,,,,,,,,,,,,,,,,,,,,,,,,,,,,,,,,,
1900,10,22810,-19.19999999999999,-37.1,,,,,,,,,,,,,,,,,,,,,,,,,,,,,,,,,2.02,2.6,9.88,5.66,5.0,5.84,16.0,0.4,0.0,1.0,2.75,1.56,5.0,2.41,16.0,0.4,-4.1,-2.39,5.21,0.52,5.0,8.06,16.0,0.4,1008.2,1008.8,1009.61,1008.9,4.0,0.85,18.0,0.3,,,,,,,,,,,,,,,,,,,,,,,,,,,,,,,,,,,,,,,,,,,,,,,,,,,,,,,,,,,,,,,,,,,,,,,,,,,,,,,,,,,,,,,,,,,,,,,,,,,,,,,,,,,,,,,,,,,,,,,,,,,,,,,,
1900,10,22810,-19.19999999999999,-35.3,,,,,,,,,,,,,,,,,,,,,,,,,,,,,,,,,1.0,6.7,12.3,7.59,11.0,5.47,10.0,0.5,0.54,4.23,7.21,3.71,11.0,3.36,10.0,0.5,-8.7,0.39,6.62,0.03,11.0,8.18,10.0,0.5,1025.95,1027.9,1028.26,1025.84,7.0,5.73,10.0,0.4,,,,,,,,,,,,,,,,,,,,,,,,,,,,,,,,,,,,,,,,,,,,,,,,,,,,,,,,,,,,,,,,,,,,,,,,,,,,,,,,,,,,,,,,,,,,,,,,,,,,,,,,,,,,,,,,,,,,,,,,,,,,,,,,
1900,10,22810,-19.19999999999999,-5.2,,,,,,,,,,,,,,,,,,,,,,,,,,,,,,,,,4.6,4.6,4.6,4.6,2.0,0.0,16.0,0.5,-4.08,-3.74,-3.41,-3.74,2.0,0.69,16.0,0.5,2.03,2.53,3.02,2.53,2.0,1.03,16.0,0.5,1011.34,1011.85,1012.36,1011.85,2.0,1.06,16.0,0.5,,,,,,,,,,,,,,,,,,,,,,,,,,,,,,,,,,,,,,,,,,,,,,,,,,,,,,,,,,,,,,,,,,,,,,,,,,,,,,,,,,,,,,,,,,,,,,,,,,,,,,,,,,,,,,,,,,,,,,,,,,,,,,,,
1900,10,22810,-19.19999999999999,30.4,,,,,,,,,,,,,,,,,,,,,,,,,,,,,,,,,2.6,4.6,6.7,5.01,23.0,2.4,14.0,0.6,-2.51,-0.37,4.27,0.18,23.0,3.26,14.0,0.6,-6.21,-3.25,-1.72,-3.87,23.0,2.37,14.0,0.6,1015.23,1017.3,1020.23,1017.23,19.0,3.01,14.0,0.6,,,,,,,,,,,,,,,,,,,,,,,,,,,,,,,,,,,,,,,,,,,,,,,,,,,,,,,,,,,,,,,,,,,,,,,,,,,,,,,,,,,,,,,,,,,,,,,,,,,,,,,,,,,,,,,,,,,,,,,,,,,,,,,,
1900,10,22810,-19.19999999999999,32.3,,,,,,,,,,,,,,,,,,,,,,,,,,,,,,,,,1.02,5.65,9.3,5.86,20.0,3.93,18.0,0.5,-4.72,-0.54,3.98,-0.37,20.0,4.52,18.0,0.5,-8.62,-2.46,1.27,-3.39,20.0,4.35,18.0,0.5,1016.5,1018.1,1021.87,1019.08,15.0,2.81,20.0,0.5,,,,,,,,,,,,,,,,,,,,,,,,,,,,,,,,,,,,,,,,,,,,,,,,,,,,,,,,,,,,,,,,,,,,,,,,,,,,,,,,,,,,,,,,,,,,,,,,,,,,,,,,,,,,,,,,,,,,,,,,,,,,,,,,
1900,10,22810,-19.19999999999999,38.4,,,,,,,,,,,,,,,,,,,,,,,,,,,,,,,,,3.68,9.3,13.73,8.51,17.0,4.99,26.0,0.6,-4.01,0.0,6.58,0.73,17.0,4.79,26.0,0.6,-11.59,6.21,6.7,0.43,17.0,8.84,26.0,0.6,1015.95,1020.6,1021.88,1019.37,17.0,2.91,26.0,0.6,,,,,,,,,,,,,,,,,,,,,,,,,,,,,,,,,,,,,,,,,,,,,,,,,,,,,,,,,,,,,,,,,,,,,,,,,,,,,,,,,,,,,,,,,,,,,,,,,,,,,,,,,,,,,,,,,,,,,,,,,,,,,,,,
1900,10,22810,-19.19999999999999,42.3,,,,,,,,,,,,,,,,,,,,,,,,,,,,,,,,,2.6,3.6,7.06,4.78,4.0,3.16,10.0,0.5,-7.06,-3.22,-1.84,-4.39,4.0,3.52,10.0,0.5,-1.84,-0.92,0.0,-0.92,4.0,1.06,10.0,0.5,1011.02,1017.5,1023.77,1017.4,4.0,7.36,10.0,0.5,,,,,,,,,,,,,,,,,,,,,,,,,,,,,,,,,,,,,,,,,,,,,,,,,,,,,,,,,,,,,,,,,,,,,,,,,,,,,,,,,,,,,,,,,,,,,,,,,,,,,,,,,,,,,,,,,,,,,,,,,,,,,,,,
1900,10,22810,-17.600000000000023,28.3,,,,,,,,,,,,,,,,,,,,,,,,,,,,,,,,,3.23,4.6,4.6,3.93,3.0,1.15,2.0,0.3,-4.17,-3.25,-2.29,-3.23,3.0,1.38,2.0,0.3,-2.8,-1.84,-0.58,-1.7,3.0,1.63,2.0,0.3,1017.0,1017.0,1019.05,1018.0,3.0,1.73,2.0,0.3,,,,,,,,,,,,,,,,,,,,,,,,,,,,,,,,,,,,,,,,,,,,,,,,,,,,,,,,,,,,,,,,,,,,,,,,,,,,,,,,,,,,,,,,,,,,,,,,,,,,,,,,,,,,,,,,,,,,,,,,,,,,,,,,
1900,10,22810,-17.600000000000023,32.5,,,,,,,,,,,,,,,,,,,,,,,,,,,,,,,,,2.6,4.6,6.82,5.3,7.0,2.43,18.0,0.1,-1.72,-0.97,2.7,0.89,7.0,3.11,18.0,0.1,-6.23,-4.27,-2.41,-4.62,7.0,1.78,18.0,0.1,1009.5,1016.3,1017.53,1013.93,7.0,4.09,18.0,0.1,,,,,,,,,,,,,,,,,,,,,,,,,,,,,,,,,,,,,,,,,,,,,,,,,,,,,,,,,,,,,,,,,,,,,,,,,,,,,,,,,,,,,,,,,,,,,,,,,,,,,,,,,,,,,,,,,,,,,,,,,,,,,,,,
1900,10,22810,-17.600000000000023,50.2,,,,,,,,,,,,,,,,,,,,,,,,,,,,,,,,,0.95,4.6,6.82,4.41,7.0,3.39,16.0,0.9,-0.03,2.39,4.92,2.61,7.0,3.31,16.0,0.9,-1.29,0.71,3.54,0.64,7.0,3.85,16.0,0.9,1009.25,1019.0,1036.48,1020.14,7.0,13.4,16.0,0.9,,,,,,,,,,,,,,,,,,,,,,,,,,,,,,,,,,,,,,,,,,,,,,,,,,,,,,,,,,,,,,,,,,,,,,,,,,,,,,,,,,,,,,,,,,,,,,,,,,,,,,,,,,,,,,,,,,,,,,,,,,,,,,,,
1900,10,22810,-17.5,-29.5,,,,,,,,,,,,,,,,,,,,,,,,,,,,,,,,,7.11,8.0,8.89,8.0,2.0,1.84,30.0,0.5,2.78,3.13,3.47,3.13,2.0,0.72,30.0,0.5,-8.18,-7.36,-6.55,-7.36,2.0,1.69,30.0,0.5,1020.26,1020.4,1020.54,1020.4,2.0,0.28,30.0,0.5,,,,,,,,,,,,,,,,,,,,,,,,,,,,,,,,,,,,,,,,,,,,,,,,,,,,,,,,,,,,,,,,,,,,,,,,,,,,,,,,,,,,,,,,,,,,,,,,,,,,,,,,,,,,,,,,,,,,,,,,,,,,,,,,
1900,10,22810,-17.5,66.0,,,,,,,,,,,,,,,,,,,,,,,,,,,,,,,,,2.92,3.6,4.28,3.6,2.0,1.41,14.0,0.5,-3.97,-3.34,-2.7,-3.34,2.0,1.31,14.0,0.5,-1.6,-1.35,-1.09,-1.35,2.0,0.53,14.0,0.5,1011.2,1011.2,1011.2,1011.2,1.0,0.0,24.0,0.0,,,,,,,,,,,,,,,,,,,,,,,,,,,,,,,,,,,,,,,,,,,,,,,,,,,,,,,,,,,,,,,,,,,,,,,,,,,,,,,,,,,,,,,,,,,,,,,,,,,,,,,,,,,,,,,,,,,,,,,,,,,,,,,,
1900,10,22810,-17.399999999999977,-33.5,,,,,,,,,,,,,,,,,,,,,,,,,,,,,,,,,6.6,9.3,9.44,8.31,7.0,2.51,4.0,0.4,-6.82,4.74,6.81,1.29,7.0,7.92,4.0,0.4,-6.58,-4.61,0.0,-3.47,7.0,2.86,4.0,0.4,1012.39,1014.9,1028.44,1019.2,7.0,8.78,4.0,0.4,,,,,,,,,,,,,,,,,,,,,,,,,,,,,,,,,,,,,,,,,,,,,,,,,,,,,,,,,,,,,,,,,,,,,,,,,,,,,,,,,,,,,,,,,,,,,,,,,,,,,,,,,,,,,,,,,,,,,,,,,,,,,,,,
1900,10,22810,-17.399999999999977,-5.7,,,,,,,,,,,,,,,,,,,,,,,,,,,,,,,,,4.6,4.6,5.7,5.13,4.0,1.05,16.0,0.3,-3.25,-3.25,-2.86,-3.07,4.0,0.37,16.0,0.3,3.25,3.25,4.8,3.99,4.0,1.48,16.0,0.3,1010.5,1010.7,1010.9,1010.7,2.0,0.42,16.0,0.0,,,,,,,,,,,,,,,,,,,,,,,,,,,,,,,,,,,,,,,,,,,,,,,,,,,,,,,,,,,,,,,,,,,,,,,,,,,,,,,,,,,,,,,,,,,,,,,,,,,,,,,,,,,,,,,,,,,,,,,,,,,,,,,,
1900,10,22810,-17.399999999999977,40.4,,,,,,,,,,,,,,,,,,,,,,,,,,,,,,,,,8.23,9.3,20.49,13.28,11.0,6.25,24.0,0.5,-14.49,-6.58,-2.62,-8.46,11.0,5.6,24.0,0.5,-14.49,-6.58,-6.17,-9.38,11.0,5.11,24.0,0.5,1015.59,1016.4,1017.47,1016.42,11.0,1.57,24.0,0.5,,,,,,,,,,,,,,,,,,,,,,,,,,,,,,,,,,,,,,,,,,,,,,,,,,,,,,,,,,,,,,,,,,,,,,,,,,,,,,,,,,,,,,,,,,,,,,,,,,,,,,,,,,,,,,,,,,,,,,,,,,,,,,,,
1900,10,22810,-17.399999999999977,42.4,,,,,,,,,,,,,,,,,,,,,,,,,,,,,,,,,2.6,4.6,6.47,4.38,8.0,1.71,16.0,0.8,-6.22,-1.82,-1.8,-3.0,8.0,2.31,16.0,0.8,-4.23,-2.12,0.0,-1.99,8.0,2.15,16.0,0.8,1015.74,1016.8,1021.15,1017.81,8.0,2.9,16.0,0.8,,,,,,,,,,,,,,,,,,,,,,,,,,,,,,,,,,,,,,,,,,,,,,,,,,,,,,,,,,,,,,,,,,,,,,,,,,,,,,,,,,,,,,,,,,,,,,,,,,,,,,,,,,,,,,,,,,,,,,,,,,,,,,,,
1900,10,22810,-17.399999999999977,48.5,,,,,,,,,,,,,,,,,,,,,,,,,,,,,,,,,2.6,6.7,10.49,7.05,30.0,4.57,16.0,0.5,-3.25,-1.32,10.14,2.43,30.0,7.28,16.0,0.5,0.0,0.2,5.32,1.76,30.0,3.15,16.0,0.5,1009.26,1024.4,1036.19,1024.05,24.0,11.59,20.0,0.4,,,,,,,,,,,,,,,,,,,,,,,,,,,,,,,,,,,,,,,,,,,,,,,,,,,,,,,,,,,,,,,,,,,,,,,,,,,,,,,,,,,,,,,,,,,,,,,,,,,,,,,,,,,,,,,,,,,,,,,,,,,,,,,,
1900,10,22810,-17.30000000000001,-35.2,,,,,,,,,,,,,,,,,,,,,,,,,,,,,,,,,6.7,9.3,12.3,9.27,18.0,2.24,14.0,0.4,-6.33,4.67,4.81,1.71,18.0,5.63,14.0,0.4,-11.32,-4.74,0.0,-5.05,18.0,5.84,14.0,0.4,1009.38,1017.4,1027.22,1019.74,15.0,8.59,12.0,0.3,,,,,,,,,,,,,,,,,,,,,,,,,,,,,,,,,,,,,,,,,,,,,,,,,,,,,,,,,,,,,,,,,,,,,,,,,,,,,,,,,,,,,,,,,,,,,,,,,,,,,,,,,,,,,,,,,,,,,,,,,,,,,,,,
1900,10,22810,-17.30000000000001,34.3,,,,,,,,,,,,,,,,,,,,,,,,,,,,,,,,,1.0,3.6,8.56,4.84,28.0,3.84,18.0,0.6,-0.37,1.65,5.34,1.89,28.0,4.19,18.0,0.6,-4.04,0.19,4.27,-0.07,28.0,4.22,18.0,0.6,1013.0,1016.5,1023.17,1017.22,24.0,5.41,18.0,0.6,,,,,,,,,,,,,,,,,,,,,,,,,,,,,,,,,,,,,,,,,,,,,,,,,,,,,,,,,,,,,,,,,,,,,,,,,,,,,,,,,,,,,,,,,,,,,,,,,,,,,,,,,,,,,,,,,,,,,,,,,,,,,,,,
1900,10,22810,-17.30000000000001,36.4,,,,,,,,,,,,,,,,,,,,,,,,,,,,,,,,,1.0,2.6,6.67,4.13,20.0,4.7,26.0,0.4,-2.51,0.42,0.89,-0.97,20.0,5.83,26.0,0.4,0.0,0.94,2.44,1.37,20.0,1.78,26.0,0.4,1019.44,1021.9,1023.2,1021.52,19.0,2.91,28.0,0.4,,,,,,,,,,,,,,,,,,,,,,,,,,,,,,,,,,,,,,,,,,,,,,,,,,,,,,,,,,,,,,,,,,,,,,,,,,,,,,,,,,,,,,,,,,,,,,,,,,,,,,,,,,,,,,,,,,,,,,,,,,,,,,,,
1900,10,22810,-17.30000000000001,46.3,,,,,,,,,,,,,,,,,,,,,,,,,,,,,,,,,4.6,6.7,16.03,9.61,44.0,6.09,16.0,0.5,-2.09,4.61,10.89,4.84,44.0,6.58,16.0,0.5,-3.62,1.76,11.4,3.47,44.0,7.2,16.0,0.5,1010.0,1012.5,1019.0,1014.3,28.0,5.19,14.0,0.6,,,,,,,,,,,,,,,,,,,,,,,,,,,,,,,,,,,,,,,,,,,,,,,,,,,,,,,,,,,,,,,,,,,,,,,,,,,,,,,,,,,,,,,,,,,,,,,,,,,,,,,,,,,,,,,,,,,,,,,,,,,,,,,,
1900,10,22810,-17.19999999999999,-39.5,,,,,,,,,,,,,,,,,,,,,,,,,,,,,,,,,9.78,10.8,11.82,10.8,2.0,2.12,14.0,1.0,1.37,4.31,7.25,4.31,2.0,6.1,14.0,1.0,-0.98,4.41,9.8,4.41,2.0,11.16,14.0,1.0,1011.11,1011.35,1011.59,1011.35,2.0,0.5,14.0,1.0,,,,,,,,,,,,,,,,,,,,,,,,,,,,,,,,,,,,,,,,,,,,,,,,,,,,,,,,,,,,,,,,,,,,,,,,,,,,,,,,,,,,,,,,,,,,,,,,,,,,,,,,,,,,,,,,,,,,,,,,,,,,,,,,
1900,10,22810,-17.19999999999999,-37.3,,,,,,,,,,,,,,,,,,,,,,,,,,,,,,,,,1.0,5.65,15.4,7.56,8.0,6.79,14.0,0.3,-0.37,0.0,0.0,-0.41,8.0,0.87,14.0,0.3,-4.2,-0.93,15.4,4.07,8.0,9.57,14.0,0.3,1010.03,1010.2,1011.45,1010.64,5.0,0.8,20.0,0.4,,,,,,,,,,,,,,,,,,,,,,,,,,,,,,,,,,,,,,,,,,,,,,,,,,,,,,,,,,,,,,,,,,,,,,,,,,,,,,,,,,,,,,,,,,,,,,,,,,,,,,,,,,,,,,,,,,,,,,,,,,,,,,,,
1900,10,22810,-17.19999999999999,-27.3,,,,,,,,,,,,,,,,,,,,,,,,,,,,,,,,,6.7,6.7,7.65,7.22,5.0,1.16,28.0,0.4,2.62,4.74,5.41,4.26,5.0,1.67,28.0,0.4,-6.32,-6.17,-4.74,-5.68,5.0,0.87,28.0,0.4,1018.08,1018.8,1019.82,1018.86,5.0,1.21,28.0,0.4,,,,,,,,,,,,,,,,,,,,,,,,,,,,,,,,,,,,,,,,,,,,,,,,,,,,,,,,,,,,,,,,,,,,,,,,,,,,,,,,,,,,,,,,,,,,,,,,,,,,,,,,,,,,,,,,,,,,,,,,,,,,,,,,
1900,10,22810,-17.19999999999999,38.2,,,,,,,,,,,,,,,,,,,,,,,,,,,,,,,,,9.3,9.3,14.71,10.57,15.0,2.91,20.0,0.5,-13.6,-3.48,3.48,-4.69,15.0,7.7,20.0,0.5,-8.04,-2.29,8.62,-0.32,15.0,6.73,20.0,0.5,1010.6,1014.05,1021.73,1015.48,10.0,6.55,26.0,0.5,,,,,,,,,,,,,,,,,,,,,,,,,,,,,,,,,,,,,,,,,,,,,,,,,,,,,,,,,,,,,,,,,,,,,,,,,,,,,,,,,,,,,,,,,,,,,,,,,,,,,,,,,,,,,,,,,,,,,,,,,,,,,,,,
1900,10,22810,-15.600000000000025,-7.5,,,,,,,,,,,,,,,,,,,,,,,,,,,,,,,,,6.7,6.7,6.7,6.7,5.0,0.0,14.0,0.6,-6.17,-6.17,-5.65,-5.88,5.0,0.64,14.0,0.6,2.62,2.62,3.39,3.04,5.0,0.95,14.0,0.6,1010.15,1010.8,1012.1,1011.04,5.0,1.02,14.0,0.6,,,,,,,,,,,,,,,,,,,,,,,,,,,,,,,,,,,,,,,,,,,,,,,,,,,,,,,,,,,,,,,,,,,,,,,,,,,,,,,,,,,,,,,,,,,,,,,,,,,,,,,,,,,,,,,,,,,,,,,,,,,,,,,,
1900,10,22810,-15.600000000000025,36.4,,,,,,,,,,,,,,,,,,,,,,,,,,,,,,,,,2.6,4.6,7.36,5.11,12.0,2.68,16.0,0.7,-1.16,0.2,4.1,1.42,12.0,3.31,16.0,0.7,-4.35,1.68,6.27,0.8,12.0,4.67,16.0,0.7,1011.64,1024.6,1025.27,1020.33,9.0,7.02,16.0,0.6,,,,,,,,,,,,,,,,,,,,,,,,,,,,,,,,,,,,,,,,,,,,,,,,,,,,,,,,,,,,,,,,,,,,,,,,,,,,,,,,,,,,,,,,,,,,,,,,,,,,,,,,,,,,,,,,,,,,,,,,,,,,,,,,
1900,10,22810,-15.5,-33.5,,,,,,,,,,,,,,,,,,,,,,,,,,,,,,,,,15.4,15.4,15.4,15.4,1.0,0.0,4.0,0.0,15.4,15.4,15.4,15.4,1.0,0.0,4.0,0.0,0.0,0.0,0.0,0.0,1.0,0.0,4.0,0.0,1016.2,1016.2,1016.2,1016.2,1.0,0.0,4.0,0.0,,,,,,,,,,,,,,,,,,,,,,,,,,,,,,,,,,,,,,,,,,,,,,,,,,,,,,,,,,,,,,,,,,,,,,,,,,,,,,,,,,,,,,,,,,,,,,,,,,,,,,,,,,,,,,,,,,,,,,,,,,,,,,,,
1900,10,22810,-15.5,-27.0,,,,,,,,,,,,,,,,,,,,,,,,,,,,,,,,,4.6,4.6,4.6,4.6,1.0,0.0,28.0,1.0,1.8,1.8,1.8,1.8,1.0,0.0,28.0,1.0,-4.23,-4.23,-4.23,-4.23,1.0,0.0,28.0,1.0,1020.6,1020.6,1020.6,1020.6,1.0,0.0,28.0,1.0,,,,,,,,,,,,,,,,,,,,,,,,,,,,,,,,,,,,,,,,,,,,,,,,,,,,,,,,,,,,,,,,,,,,,,,,,,,,,,,,,,,,,,,,,,,,,,,,,,,,,,,,,,,,,,,,,,,,,,,,,,,,,,,,
1900,10,22810,-15.5,-23.5,,,,,,,,,,,,,,,,,,,,,,,,,,,,,,,,,2.92,3.6,4.28,3.6,2.0,1.41,30.0,0.5,-3.03,-2.55,-2.06,-2.55,2.0,1.0,30.0,0.5,-3.03,-2.55,-2.06,-2.55,2.0,1.0,30.0,0.5,1021.94,1022.25,1022.56,1022.25,2.0,0.64,30.0,0.5,,,,,,,,,,,,,,,,,,,,,,,,,,,,,,,,,,,,,,,,,,,,,,,,,,,,,,,,,,,,,,,,,,,,,,,,,,,,,,,,,,,,,,,,,,,,,,,,,,,,,,,,,,,,,,,,,,,,,,,,,,,,,,,,
1900,10,22810,-15.5,34.5,,,,,,,,,,,,,,,,,,,,,,,,,,,,,,,,,1.51,2.6,2.6,2.07,3.0,0.92,14.0,0.7,-0.97,-0.97,-0.79,-0.89,3.0,0.15,14.0,0.7,-2.41,-2.41,-1.25,-1.84,3.0,0.98,14.0,0.7,1023.85,1024.6,1025.08,1024.47,3.0,0.91,14.0,0.7,,,,,,,,,,,,,,,,,,,,,,,,,,,,,,,,,,,,,,,,,,,,,,,,,,,,,,,,,,,,,,,,,,,,,,,,,,,,,,,,,,,,,,,,,,,,,,,,,,,,,,,,,,,,,,,,,,,,,,,,,,,,,,,,
1900,10,22810,-15.5,40.2,,,,,,,,,,,,,,,,,,,,,,,,,,,,,,,,,1.0,2.6,12.3,5.96,25.0,5.19,10.0,0.5,-10.83,0.97,2.6,-1.57,25.0,6.94,10.0,0.5,-2.1,0.0,2.41,-0.52,25.0,3.61,10.0,0.5,1011.65,1021.0,1027.73,1019.96,9.0,7.06,20.0,0.4,,,,,,,,,,,,,,,,,,,,,,,,,,,,,,,,,,,,,,,,,,,,,,,,,,,,,,,,,,,,,,,,,,,,,,,,,,,,,,,,,,,,,,,,,,,,,,,,,,,,,,,,,,,,,,,,,,,,,,,,,,,,,,,,
1900,10,22810,-15.5,50.2,,,,,,,,,,,,,,,,,,,,,,,,,,,,,,,,,1.53,4.6,6.7,4.98,22.0,3.08,16.0,0.4,-0.67,2.62,4.23,1.72,22.0,3.21,16.0,0.4,-1.8,1.82,5.69,0.83,22.0,4.62,16.0,0.4,1009.65,1033.4,1041.93,1027.01,13.0,14.97,20.0,0.4,,,,,,,,,,,,,,,,,,,,,,,,,,,,,,,,,,,,,,,,,,,,,,,,,,,,,,,,,,,,,,,,,,,,,,,,,,,,,,,,,,,,,,,,,,,,,,,,,,,,,,,,,,,,,,,,,,,,,,,,,,,,,,,,
1900,10,22810,-15.399999999999975,-39.2,,,,,,,,,,,,,,,,,,,,,,,,,,,,,,,,,2.52,6.7,9.44,6.47,7.0,3.81,18.0,0.6,-1.05,0.0,0.17,-0.05,7.0,1.8,18.0,0.6,-6.24,-0.93,8.8,1.62,7.0,7.55,18.0,0.6,1011.29,1011.7,1014.31,1012.34,7.0,1.45,18.0,0.6,,,,,,,,,,,,,,,,,,,,,,,,,,,,,,,,,,,,,,,,,,,,,,,,,,,,,,,,,,,,,,,,,,,,,,,,,,,,,,,,,,,,,,,,,,,,,,,,,,,,,,,,,,,,,,,,,,,,,,,,,,,,,,,,
1900,10,22810,-15.399999999999975,-35.4,,,,,,,,,,,,,,,,,,,,,,,,,,,,,,,,,6.7,9.3,9.3,8.46,34.0,2.78,10.0,0.5,-6.58,-2.61,5.88,-0.39,34.0,6.75,10.0,0.5,-8.61,-2.62,0.0,-2.96,34.0,5.16,10.0,0.5,1013.67,1023.35,1029.72,1021.3,32.0,8.16,8.0,0.5,,,,,,,,,,,,,,,,,,,,,,,,,,,,,,,,,,,,,,,,,,,,,,,,,,,,,,,,,,,,,,,,,,,,,,,,,,,,,,,,,,,,,,,,,,,,,,,,,,,,,,,,,,,,,,,,,,,,,,,,,,,,,,,,
1900,10,22810,-15.399999999999975,46.5,,,,,,,,,,,,,,,,,,,,,,,,,,,,,,,,,4.6,8.0,15.4,9.65,24.0,5.52,18.0,0.6,-4.38,3.86,6.85,2.44,24.0,5.87,18.0,0.6,-4.23,0.51,14.21,4.04,24.0,8.36,18.0,0.6,1010.0,1013.0,1018.94,1014.66,14.0,4.93,16.0,0.6,,,,,,,,,,,,,,,,,,,,,,,,,,,,,,,,,,,,,,,,,,,,,,,,,,,,,,,,,,,,,,,,,,,,,,,,,,,,,,,,,,,,,,,,,,,,,,,,,,,,,,,,,,,,,,,,,,,,,,,,,,,,,,,,
1900,10,22810,-15.300000000000011,38.5,,,,,,,,,,,,,,,,,,,,,,,,,,,,,,,,,2.6,4.6,9.3,5.57,25.0,3.53,12.0,0.4,-3.25,0.0,2.74,-0.63,25.0,4.31,12.0,0.4,-6.05,3.25,4.6,0.87,25.0,5.0,12.0,0.4,1013.87,1023.0,1023.87,1019.82,9.0,5.81,16.0,0.4,,,,,,,,,,,,,,,,,,,,,,,,,,,,,,,,,,,,,,,,,,,,,,,,,,,,,,,,,,,,,,,,,,,,,,,,,,,,,,,,,,,,,,,,,,,,,,,,,,,,,,,,,,,,,,,,,,,,,,,,,,,,,,,,
1900,10,22810,-15.300000000000011,48.3,,,,,,,,,,,,,,,,,,,,,,,,,,,,,,,,,2.6,4.6,12.3,6.65,52.0,5.35,16.0,0.5,-3.25,0.0,6.7,1.17,52.0,5.61,16.0,0.5,0.0,1.37,4.73,3.07,52.0,5.59,16.0,0.5,1012.19,1020.0,1023.0,1019.18,40.0,5.99,16.0,0.5,,,,,,,,,,,,,,,,,,,,,,,,,,,,,,,,,,,,,,,,,,,,,,,,,,,,,,,,,,,,,,,,,,,,,,,,,,,,,,,,,,,,,,,,,,,,,,,,,,,,,,,,,,,,,,,,,,,,,,,,,,,,,,,,
1900,10,22810,-15.199999999999989,-9.2,,,,,,,,,,,,,,,,,,,,,,,,,,,,,,,,,6.7,6.7,6.7,6.7,1.0,0.0,14.0,0.0,-6.17,-6.17,-6.17,-6.17,1.0,0.0,14.0,0.0,2.62,2.62,2.62,2.62,1.0,0.0,14.0,0.0,1010.8,1010.8,1010.8,1010.8,1.0,0.0,14.0,0.0,,,,,,,,,,,,,,,,,,,,,,,,,,,,,,,,,,,,,,,,,,,,,,,,,,,,,,,,,,,,,,,,,,,,,,,,,,,,,,,,,,,,,,,,,,,,,,,,,,,,,,,,,,,,,,,,,,,,,,,,,,,,,,,,
1900,10,22810,-15.199999999999989,42.3,,,,,,,,,,,,,,,,,,,,,,,,,,,,,,,,,9.3,12.3,17.4,12.29,29.0,5.65,14.0,0.4,-8.69,-2.39,14.9,1.09,29.0,10.0,14.0,0.4,-9.3,0.0,3.89,-1.72,29.0,9.17,14.0,0.4,1014.83,1018.3,1020.97,1018.12,19.0,3.69,20.0,0.3,,,,,,,,,,,,,,,,,,,,,,,,,,,,,,,,,,,,,,,,,,,,,,,,,,,,,,,,,,,,,,,,,,,,,,,,,,,,,,,,,,,,,,,,,,,,,,,,,,,,,,,,,,,,,,,,,,,,,,,,,,,,,,,,
1900,10,22810,-15.199999999999989,44.2,,,,,,,,,,,,,,,,,,,,,,,,,,,,,,,,,4.6,12.3,23.0,12.82,13.0,8.33,16.0,0.5,-6.11,-4.27,18.95,1.33,13.0,11.42,16.0,0.5,-11.68,-2.6,1.81,-1.93,13.0,10.54,16.0,0.5,1009.0,1021.75,1027.3,1019.57,10.0,9.04,16.0,0.7,,,,,,,,,,,,,,,,,,,,,,,,,,,,,,,,,,,,,,,,,,,,,,,,,,,,,,,,,,,,,,,,,,,,,,,,,,,,,,,,,,,,,,,,,,,,,,,,,,,,,,,,,,,,,,,,,,,,,,,,,,,,,,,,
1900,10,22810,-15.100000000000025,-37.0,,,,,,,,,,,,,,,,,,,,,,,,,,,,,,,,,2.54,6.7,9.3,6.59,10.0,3.85,6.0,0.4,-6.17,-0.2,1.86,-1.33,10.0,5.27,6.0,0.4,-3.47,-1.31,4.22,-0.66,10.0,5.73,6.0,0.4,1011.93,1020.4,1024.52,1018.46,5.0,7.44,6.0,0.2,,,,,,,,,,,,,,,,,,,,,,,,,,,,,,,,,,,,,,,,,,,,,,,,,,,,,,,,,,,,,,,,,,,,,,,,,,,,,,,,,,,,,,,,,,,,,,,,,,,,,,,,,,,,,,,,,,,,,,,,,,,,,,,,
1900,10,22810,-15.100000000000025,-25.4,,,,,,,,,,,,,,,,,,,,,,,,,,,,,,,,,1.0,2.6,4.6,2.51,17.0,2.03,30.0,0.5,-2.49,0.0,1.02,-0.4,17.0,2.16,30.0,0.5,-3.25,-1.84,-0.38,-1.79,17.0,1.6,30.0,0.5,1021.05,1021.8,1022.69,1021.72,17.0,0.97,30.0,0.5,,,,,,,,,,,,,,,,,,,,,,,,,,,,,,,,,,,,,,,,,,,,,,,,,,,,,,,,,,,,,,,,,,,,,,,,,,,,,,,,,,,,,,,,,,,,,,,,,,,,,,,,,,,,,,,,,,,,,,,,,,,,,,,,
1900,10,22810,-15.0,64.5,,,,,,,,,,,,,,,,,,,,,,,,,,,,,,,,,9.3,9.3,9.3,9.3,1.0,0.0,24.0,1.0,9.3,9.3,9.3,9.3,1.0,0.0,24.0,1.0,0.0,0.0,0.0,0.0,1.0,0.0,24.0,1.0,994.9,994.9,994.9,994.9,1.0,0.0,24.0,1.0,,,,,,,,,,,,,,,,,,,,,,,,,,,,,,,,,,,,,,,,,,,,,,,,,,,,,,,,,,,,,,,,,,,,,,,,,,,,,,,,,,,,,,,,,,,,,,,,,,,,,,,,,,,,,,,,,,,,,,,,,,,,,,,,
1900,10,22810,-13.699999999999989,40.5,,,,,,,,,,,,,,,,,,,,,,,,,,,,,,,,,0.0,1.3,4.75,2.33,4.0,3.16,18.0,0.5,-3.51,0.0,1.25,-1.08,4.0,3.91,18.0,0.5,-0.53,0.0,0.0,-0.25,4.0,0.51,18.0,0.5,1012.95,1015.6,1018.2,1015.58,4.0,3.18,18.0,0.5,,,,,,,,,,,,,,,,,,,,,,,,,,,,,,,,,,,,,,,,,,,,,,,,,,,,,,,,,,,,,,,,,,,,,,,,,,,,,,,,,,,,,,,,,,,,,,,,,,,,,,,,,,,,,,,,,,,,,,,,,,,,,,,,
1900,10,22810,-13.399999999999975,-35.4,,,,,,,,,,,,,,,,,,,,,,,,,,,,,,,,,6.7,8.0,14.07,9.88,10.0,4.36,12.0,0.5,-3.2,-2.56,10.36,1.38,10.0,8.52,12.0,0.5,-6.49,-6.17,8.07,-1.53,10.0,7.08,12.0,0.5,1015.21,1017.3,1026.03,1019.33,10.0,5.37,12.0,0.5,,,,,,,,,,,,,,,,,,,,,,,,,,,,,,,,,,,,,,,,,,,,,,,,,,,,,,,,,,,,,,,,,,,,,,,,,,,,,,,,,,,,,,,,,,,,,,,,,,,,,,,,,,,,,,,,,,,,,,,,,,,,,,,,
1900,10,22810,-13.399999999999975,-9.5,,,,,,,,,,,,,,,,,,,,,,,,,,,,,,,,,6.7,6.7,7.65,7.22,5.0,1.16,14.0,0.6,-7.04,-6.17,-6.17,-6.65,5.0,1.07,14.0,0.6,2.62,2.62,2.99,2.82,5.0,0.45,14.0,0.6,1011.9,1012.6,1013.57,1012.72,5.0,0.86,14.0,0.6,,,,,,,,,,,,,,,,,,,,,,,,,,,,,,,,,,,,,,,,,,,,,,,,,,,,,,,,,,,,,,,,,,,,,,,,,,,,,,,,,,,,,,,,,,,,,,,,,,,,,,,,,,,,,,,,,,,,,,,,,,,,,,,,
1900,10,22810,-13.399999999999975,42.5,,,,,,,,,,,,,,,,,,,,,,,,,,,,,,,,,4.16,12.3,17.63,11.69,16.0,5.96,24.0,0.4,-5.39,1.2,9.36,1.49,16.0,8.76,24.0,0.4,-4.72,5.41,14.22,4.8,16.0,8.8,24.0,0.4,997.0,1006.5,1016.7,1007.73,18.0,10.45,26.0,0.5,,,,,,,,,,,,,,,,,,,,,,,,,,,,,,,,,,,,,,,,,,,,,,,,,,,,,,,,,,,,,,,,,,,,,,,,,,,,,,,,,,,,,,,,,,,,,,,,,,,,,,,,,,,,,,,,,,,,,,,,,,,,,,,,
1900,10,22810,-13.399999999999975,44.4,,,,,,,,,,,,,,,,,,,,,,,,,,,,,,,,,4.6,9.3,12.3,8.71,33.0,4.6,14.0,0.5,-8.53,-4.27,5.87,-2.37,33.0,6.82,14.0,0.5,-8.69,-1.72,0.0,-2.12,33.0,6.52,14.0,0.5,1019.9,1023.8,1028.0,1023.55,22.0,5.23,18.0,0.5,,,,,,,,,,,,,,,,,,,,,,,,,,,,,,,,,,,,,,,,,,,,,,,,,,,,,,,,,,,,,,,,,,,,,,,,,,,,,,,,,,,,,,,,,,,,,,,,,,,,,,,,,,,,,,,,,,,,,,,,,,,,,,,,
1900,10,22810,-13.399999999999975,50.2,,,,,,,,,,,,,,,,,,,,,,,,,,,,,,,,,1.0,2.6,9.3,5.12,23.0,4.99,16.0,0.5,-1.84,0.0,0.0,-0.33,23.0,2.35,16.0,0.5,-6.7,0.0,2.12,-0.04,23.0,6.84,16.0,0.5,1017.71,1024.0,1028.41,1024.21,13.0,7.59,18.0,0.5,,,,,,,,,,,,,,,,,,,,,,,,,,,,,,,,,,,,,,,,,,,,,,,,,,,,,,,,,,,,,,,,,,,,,,,,,,,,,,,,,,,,,,,,,,,,,,,,,,,,,,,,,,,,,,,,,,,,,,,,,,,,,,,,
1900,10,22810,-13.300000000000011,-37.2,,,,,,,,,,,,,,,,,,,,,,,,,,,,,,,,,7.15,9.3,14.86,10.68,21.0,3.01,10.0,0.8,-4.61,0.0,8.73,1.07,21.0,7.28,10.0,0.8,-12.14,-6.7,-0.63,-7.06,21.0,4.72,10.0,0.8,1008.6,1011.95,1019.09,1013.18,14.0,5.34,10.0,0.8,,,,,,,,,,,,,,,,,,,,,,,,,,,,,,,,,,,,,,,,,,,,,,,,,,,,,,,,,,,,,,,,,,,,,,,,,,,,,,,,,,,,,,,,,,,,,,,,,,,,,,,,,,,,,,,,,,,,,,,,,,,,,,,,
1900,10,22810,-13.300000000000011,48.3,,,,,,,,,,,,,,,,,,,,,,,,,,,,,,,,,2.6,6.7,16.95,8.83,55.0,6.17,16.0,0.5,-3.63,0.0,7.82,1.32,55.0,5.69,16.0,0.5,-3.69,0.37,13.44,3.56,55.0,8.39,16.0,0.5,1013.41,1019.0,1024.0,1019.78,42.0,6.55,14.0,0.5,,,,,,,,,,,,,,,,,,,,,,,,,,,,,,,,,,,,,,,,,,,,,,,,,,,,,,,,,,,,,,,,,,,,,,,,,,,,,,,,,,,,,,,,,,,,,,,,,,,,,,,,,,,,,,,,,,,,,,,,,,,,,,,,
1900,10,22810,-13.199999999999989,-39.2,,,,,,,,,,,,,,,,,,,,,,,,,,,,,,,,,6.27,6.7,9.92,7.72,6.0,2.7,16.0,0.3,-0.95,0.0,2.71,0.23,6.0,2.81,16.0,0.3,-7.67,-5.65,6.71,-2.43,6.0,7.98,16.0,0.3,1011.68,1014.0,1014.52,1013.12,6.0,2.05,16.0,0.3,,,,,,,,,,,,,,,,,,,,,,,,,,,,,,,,,,,,,,,,,,,,,,,,,,,,,,,,,,,,,,,,,,,,,,,,,,,,,,,,,,,,,,,,,,,,,,,,,,,,,,,,,,,,,,,,,,,,,,,,,,,,,,,,
1900,10,22810,-13.199999999999989,-11.2,,,,,,,,,,,,,,,,,,,,,,,,,,,,,,,,,6.7,6.7,6.7,6.7,1.0,0.0,14.0,0.0,-4.74,-4.74,-4.74,-4.74,1.0,0.0,14.0,0.0,4.74,4.74,4.74,4.74,1.0,0.0,14.0,0.0,1012.1,1012.1,1012.1,1012.1,1.0,0.0,14.0,0.0,,,,,,,,,,,,,,,,,,,,,,,,,,,,,,,,,,,,,,,,,,,,,,,,,,,,,,,,,,,,,,,,,,,,,,,,,,,,,,,,,,,,,,,,,,,,,,,,,,,,,,,,,,,,,,,,,,,,,,,,,,,,,,,,
1900,10,22810,-13.199999999999989,46.4,,,,,,,,,,,,,,,,,,,,,,,,,,,,,,,,,1.0,4.6,9.3,5.54,23.0,5.16,18.0,0.4,-5.23,-0.37,3.13,0.25,23.0,6.59,18.0,0.4,-6.44,-0.97,0.0,-2.46,23.0,3.0,18.0,0.4,1019.0,1021.0,1033.51,1024.87,18.0,7.4,18.0,0.4,,,,,,,,,,,,,,,,,,,,,,,,,,,,,,,,,,,,,,,,,,,,,,,,,,,,,,,,,,,,,,,,,,,,,,,,,,,,,,,,,,,,,,,,,,,,,,,,,,,,,,,,,,,,,,,,,,,,,,,,,,,,,,,,
1900,10,22810,-13.100000000000025,-33.6,,,,,,,,,,,,,,,,,,,,,,,,,,,,,,,,,9.3,9.3,9.3,9.3,2.0,0.0,10.0,1.0,-8.25,-7.57,-6.89,-7.57,2.0,1.4,10.0,1.0,4.1,5.1,6.11,5.1,2.0,2.08,10.0,1.0,1027.96,1028.1,1028.24,1028.1,2.0,0.28,10.0,1.0,,,,,,,,,,,,,,,,,,,,,,,,,,,,,,,,,,,,,,,,,,,,,,,,,,,,,,,,,,,,,,,,,,,,,,,,,,,,,,,,,,,,,,,,,,,,,,,,,,,,,,,,,,,,,,,,,,,,,,,,,,,,,,,,
1900,10,22810,-13.0,-41.0,,,,,,,,,,,,,,,,,,,,,,,,,,,,,,,,,6.7,6.7,6.7,6.7,1.0,0.0,16.0,1.0,4.74,4.74,4.74,4.74,1.0,0.0,16.0,1.0,4.74,4.74,4.74,4.74,1.0,0.0,16.0,1.0,1015.3,1015.3,1015.3,1015.3,1.0,0.0,16.0,1.0,,,,,,,,,,,,,,,,,,,,,,,,,,,,,,,,,,,,,,,,,,,,,,,,,,,,,,,,,,,,,,,,,,,,,,,,,,,,,,,,,,,,,,,,,,,,,,,,,,,,,,,,,,,,,,,,,,,,,,,,,,,,,,,,
1900,10,22810,-11.600000000000025,-11.6,,,,,,,,,,,,,,,,,,,,,,,,,,,,,,,,,4.6,6.7,6.7,5.8,7.0,1.12,12.0,0.4,-4.81,-4.74,-3.25,-4.31,7.0,1.11,12.0,0.4,3.22,3.25,4.74,3.8,7.0,0.91,12.0,0.4,1012.36,1013.5,1013.64,1013.2,7.0,0.91,12.0,0.4,,,,,,,,,,,,,,,,,,,,,,,,,,,,,,,,,,,,,,,,,,,,,,,,,,,,,,,,,,,,,,,,,,,,,,,,,,,,,,,,,,,,,,,,,,,,,,,,,,,,,,,,,,,,,,,,,,,,,,,,,,,,,,,,
1900,10,22810,-11.399999999999975,42.5,,,,,,,,,,,,,,,,,,,,,,,,,,,,,,,,,5.83,9.3,16.89,10.98,11.0,6.13,28.0,0.5,4.12,6.7,12.19,8.18,11.0,4.35,28.0,0.5,2.67,6.58,11.94,6.98,11.0,4.9,28.0,0.5,1012.88,1013.0,1015.0,1013.61,11.0,1.05,28.0,0.5,,,,,,,,,,,,,,,,,,,,,,,,,,,,,,,,,,,,,,,,,,,,,,,,,,,,,,,,,,,,,,,,,,,,,,,,,,,,,,,,,,,,,,,,,,,,,,,,,,,,,,,,,,,,,,,,,,,,,,,,,,,,,,,,
1900,10,22810,-11.399999999999975,44.4,,,,,,,,,,,,,,,,,,,,,,,,,,,,,,,,,2.6,6.7,9.3,6.48,17.0,4.8,22.0,0.5,1.32,4.27,7.03,3.88,17.0,3.85,22.0,0.5,-2.91,0.0,2.22,0.9,17.0,5.99,22.0,0.5,1008.01,1012.0,1014.94,1012.46,14.0,6.15,22.0,0.5,,,,,,,,,,,,,,,,,,,,,,,,,,,,,,,,,,,,,,,,,,,,,,,,,,,,,,,,,,,,,,,,,,,,,,,,,,,,,,,,,,,,,,,,,,,,,,,,,,,,,,,,,,,,,,,,,,,,,,,,,,,,,,,,
1900,10,22810,-11.399999999999975,46.4,,,,,,,,,,,,,,,,,,,,,,,,,,,,,,,,,2.6,4.6,15.4,7.71,27.0,6.01,18.0,0.4,-4.64,-2.39,5.92,-0.08,27.0,6.48,18.0,0.4,-5.67,-1.02,2.51,-0.92,27.0,7.42,18.0,0.4,1020.17,1023.0,1034.83,1024.93,21.0,8.08,20.0,0.5,,,,,,,,,,,,,,,,,,,,,,,,,,,,,,,,,,,,,,,,,,,,,,,,,,,,,,,,,,,,,,,,,,,,,,,,,,,,,,,,,,,,,,,,,,,,,,,,,,,,,,,,,,,,,,,,,,,,,,,,,,,,,,,,
1900,10,22810,-11.399999999999975,50.2,,,,,,,,,,,,,,,,,,,,,,,,,,,,,,,,,1.0,4.6,8.43,5.04,22.0,4.12,16.0,0.5,-3.25,-1.35,0.0,-0.43,22.0,4.07,16.0,0.5,-4.25,-1.0,1.46,-0.52,22.0,5.14,16.0,0.5,1016.23,1028.3,1030.0,1025.23,10.0,8.52,16.0,0.4,,,,,,,,,,,,,,,,,,,,,,,,,,,,,,,,,,,,,,,,,,,,,,,,,,,,,,,,,,,,,,,,,,,,,,,,,,,,,,,,,,,,,,,,,,,,,,,,,,,,,,,,,,,,,,,,,,,,,,,,,,,,,,,,
1900,10,22810,-11.300000000000011,-37.2,,,,,,,,,,,,,,,,,,,,,,,,,,,,,,,,,6.7,9.3,15.4,10.97,18.0,3.91,14.0,0.3,-2.62,0.0,7.19,1.81,18.0,6.49,14.0,0.3,-15.4,-7.63,-4.3,-8.17,18.0,5.14,14.0,0.3,1008.02,1014.3,1017.82,1012.77,14.0,5.31,14.0,0.4,,,,,,,,,,,,,,,,,,,,,,,,,,,,,,,,,,,,,,,,,,,,,,,,,,,,,,,,,,,,,,,,,,,,,,,,,,,,,,,,,,,,,,,,,,,,,,,,,,,,,,,,,,,,,,,,,,,,,,,,,,,,,,,,
1900,10,22810,-11.300000000000011,-33.5,,,,,,,,,,,,,,,,,,,,,,,,,,,,,,,,,9.3,9.3,11.35,10.3,3.0,1.73,10.0,0.0,-8.02,-6.58,-4.57,-6.3,3.0,2.54,10.0,0.0,7.21,8.56,8.65,7.94,3.0,1.19,10.0,0.0,1027.51,1028.4,1028.67,1028.1,3.0,0.89,10.0,0.0,,,,,,,,,,,,,,,,,,,,,,,,,,,,,,,,,,,,,,,,,,,,,,,,,,,,,,,,,,,,,,,,,,,,,,,,,,,,,,,,,,,,,,,,,,,,,,,,,,,,,,,,,,,,,,,,,,,,,,,,,,,,,,,,
1900,10,22810,-11.300000000000011,48.3,,,,,,,,,,,,,,,,,,,,,,,,,,,,,,,,,2.6,5.65,12.3,7.26,66.0,5.06,16.0,0.5,-2.51,0.71,9.11,2.3,66.0,5.82,16.0,0.5,-4.27,-0.2,9.11,0.64,66.0,6.27,16.0,0.5,1015.0,1021.0,1030.0,1021.85,48.0,6.97,16.0,0.5,,,,,,,,,,,,,,,,,,,,,,,,,,,,,,,,,,,,,,,,,,,,,,,,,,,,,,,,,,,,,,,,,,,,,,,,,,,,,,,,,,,,,,,,,,,,,,,,,,,,,,,,,,,,,,,,,,,,,,,,,,,,,,,,
1900,10,22810,-11.199999999999989,-41.0,,,,,,,,,,,,,,,,,,,,,,,,,,,,,,,,,9.78,10.8,11.82,10.8,2.0,2.12,16.0,0.5,8.58,8.63,8.68,8.63,2.0,0.1,16.0,0.5,4.44,6.17,7.89,6.17,2.0,3.58,16.0,0.5,1014.18,1015.0,1015.82,1015.0,2.0,1.7,16.0,0.5,,,,,,,,,,,,,,,,,,,,,,,,,,,,,,,,,,,,,,,,,,,,,,,,,,,,,,,,,,,,,,,,,,,,,,,,,,,,,,,,,,,,,,,,,,,,,,,,,,,,,,,,,,,,,,,,,,,,,,,,,,,,,,,,
1900,10,22810,-11.199999999999989,-39.1,,,,,,,,,,,,,,,,,,,,,,,,,,,,,,,,,6.7,12.3,15.4,10.65,11.0,4.01,8.0,0.5,-4.61,0.0,1.98,-0.33,11.0,3.75,8.0,0.5,-14.74,-11.32,-6.65,-10.04,11.0,3.95,8.0,0.5,1000.05,1004.5,1013.67,1006.01,9.0,6.23,10.0,0.7,,,,,,,,,,,,,,,,,,,,,,,,,,,,,,,,,,,,,,,,,,,,,,,,,,,,,,,,,,,,,,,,,,,,,,,,,,,,,,,,,,,,,,,,,,,,,,,,,,,,,,,,,,,,,,,,,,,,,,,,,,,,,,,,
1900,10,22810,-11.199999999999989,-35.0,,,,,,,,,,,,,,,,,,,,,,,,,,,,,,,,,15.97,17.2,18.43,17.2,2.0,2.55,4.0,0.0,14.7,15.83,16.96,15.83,2.0,2.34,4.0,0.0,6.24,6.72,7.2,6.72,2.0,0.99,4.0,0.0,1018.63,1018.7,1018.77,1018.7,2.0,0.14,4.0,0.0,,,,,,,,,,,,,,,,,,,,,,,,,,,,,,,,,,,,,,,,,,,,,,,,,,,,,,,,,,,,,,,,,,,,,,,,,,,,,,,,,,,,,,,,,,,,,,,,,,,,,,,,,,,,,,,,,,,,,,,,,,,,,,,,
1900,10,22810,-9.699999999999989,38.5,,,,,,,,,,,,,,,,,,,,,,,,,,,,,,,,,1.0,4.6,9.3,5.4,32.0,3.76,16.0,0.6,-0.08,0.0,1.09,-0.07,32.0,3.19,16.0,0.6,-9.3,-2.4,1.0,-2.79,32.0,5.11,16.0,0.6,1015.19,1019.5,1021.82,1018.68,32.0,3.63,16.0,0.6,,,,,,,,,,,,,,,,,,,,,,,,,,,,,,,,,,,,,,,,,,,,,,,,,,,,,,,,,,,,,,,,,,,,,,,,,,,,,,,,,,,,,,,,,,,,,,,,,,,,,,,,,,,,,,,,,,,,,,,,,,,,,,,,
1900,10,22810,-9.699999999999989,40.5,,,,,,,,,,,,,,,,,,,,,,,,,,,,,,,,,1.0,2.6,12.3,5.4,28.0,4.87,16.0,0.4,-2.16,0.0,0.0,-0.61,28.0,1.57,16.0,0.4,-12.02,-0.96,2.55,-3.55,28.0,6.17,16.0,0.4,1015.52,1017.25,1022.62,1018.21,30.0,3.62,16.0,0.4,,,,,,,,,,,,,,,,,,,,,,,,,,,,,,,,,,,,,,,,,,,,,,,,,,,,,,,,,,,,,,,,,,,,,,,,,,,,,,,,,,,,,,,,,,,,,,,,,,,,,,,,,,,,,,,,,,,,,,,,,,,,,,,,
1900,10,22810,-9.699999999999989,42.5,,,,,,,,,,,,,,,,,,,,,,,,,,,,,,,,,1.0,4.6,9.3,4.42,30.0,3.75,16.0,0.6,-3.88,0.0,1.84,-0.66,30.0,3.78,16.0,0.6,-3.27,0.0,2.07,-1.17,30.0,4.25,16.0,0.6,1013.84,1017.6,1023.16,1018.27,30.0,4.16,16.0,0.6,,,,,,,,,,,,,,,,,,,,,,,,,,,,,,,,,,,,,,,,,,,,,,,,,,,,,,,,,,,,,,,,,,,,,,,,,,,,,,,,,,,,,,,,,,,,,,,,,,,,,,,,,,,,,,,,,,,,,,,,,,,,,,,,
1900,10,22810,-9.600000000000025,-13.5,,,,,,,,,,,,,,,,,,,,,,,,,,,,,,,,,4.6,4.6,5.03,4.95,6.0,0.86,10.0,0.3,-3.56,-3.25,-3.25,-3.5,6.0,0.61,10.0,0.3,3.25,3.25,3.56,3.5,6.0,0.61,10.0,0.3,1012.3,1012.4,1012.6,1012.45,4.0,0.19,10.0,0.3,,,,,,,,,,,,,,,,,,,,,,,,,,,,,,,,,,,,,,,,,,,,,,,,,,,,,,,,,,,,,,,,,,,,,,,,,,,,,,,,,,,,,,,,,,,,,,,,,,,,,,,,,,,,,,,,,,,,,,,,,,,,,,,,
1900,10,22810,-9.5,36.5,,,,,,,,,,,,,,,,,,,,,,,,,,,,,,,,,2.22,4.6,6.7,4.64,31.0,3.06,16.0,0.5,-1.98,0.92,4.61,1.12,31.0,3.45,16.0,0.5,-4.74,-1.84,-0.3,-2.66,31.0,3.34,16.0,0.5,1014.7,1017.1,1023.42,1017.85,31.0,4.24,16.0,0.5,,,,,,,,,,,,,,,,,,,,,,,,,,,,,,,,,,,,,,,,,,,,,,,,,,,,,,,,,,,,,,,,,,,,,,,,,,,,,,,,,,,,,,,,,,,,,,,,,,,,,,,,,,,,,,,,,,,,,,,,,,,,,,,,
1900,10,22810,-9.399999999999975,-37.3,,,,,,,,,,,,,,,,,,,,,,,,,,,,,,,,,8.23,9.3,12.3,10.47,11.0,2.68,16.0,0.5,-1.08,0.0,8.7,3.16,11.0,5.28,16.0,0.5,-9.3,-8.56,6.41,-4.59,11.0,8.11,16.0,0.5,1004.48,1009.2,1018.89,1011.48,10.0,7.02,16.0,0.5,,,,,,,,,,,,,,,,,,,,,,,,,,,,,,,,,,,,,,,,,,,,,,,,,,,,,,,,,,,,,,,,,,,,,,,,,,,,,,,,,,,,,,,,,,,,,,,,,,,,,,,,,,,,,,,,,,,,,,,,,,,,,,,,
1900,10,22810,-9.399999999999975,46.4,,,,,,,,,,,,,,,,,,,,,,,,,,,,,,,,,4.6,6.7,19.0,10.51,20.0,7.18,16.0,0.7,-4.74,2.55,18.91,4.82,20.0,9.72,16.0,0.7,-4.72,0.0,8.47,0.8,20.0,6.95,16.0,0.7,1005.92,1019.4,1032.38,1018.67,17.0,10.44,18.0,0.6,,,,,,,,,,,,,,,,,,,,,,,,,,,,,,,,,,,,,,,,,,,,,,,,,,,,,,,,,,,,,,,,,,,,,,,,,,,,,,,,,,,,,,,,,,,,,,,,,,,,,,,,,,,,,,,,,,,,,,,,,,,,,,,,
1900,10,22810,-9.300000000000011,-39.1,,,,,,,,,,,,,,,,,,,,,,,,,,,,,,,,,4.73,9.3,9.3,8.02,14.0,2.83,12.0,0.4,0.0,3.62,8.62,3.76,14.0,4.69,12.0,0.4,-9.01,-4.04,-2.52,-3.67,14.0,5.06,12.0,0.4,998.99,999.9,1011.93,1003.87,10.0,6.3,12.0,0.3,,,,,,,,,,,,,,,,,,,,,,,,,,,,,,,,,,,,,,,,,,,,,,,,,,,,,,,,,,,,,,,,,,,,,,,,,,,,,,,,,,,,,,,,,,,,,,,,,,,,,,,,,,,,,,,,,,,,,,,,,,,,,,,,
1900,10,22810,-9.300000000000011,-33.1,,,,,,,,,,,,,,,,,,,,,,,,,,,,,,,,,2.27,2.6,9.3,4.57,6.0,3.72,12.0,0.5,-1.52,0.0,2.54,0.82,6.0,4.11,12.0,0.5,2.12,2.51,4.65,3.44,6.0,2.65,12.0,0.5,1026.13,1026.75,1027.25,1026.6,6.0,1.27,12.0,0.5,,,,,,,,,,,,,,,,,,,,,,,,,,,,,,,,,,,,,,,,,,,,,,,,,,,,,,,,,,,,,,,,,,,,,,,,,,,,,,,,,,,,,,,,,,,,,,,,,,,,,,,,,,,,,,,,,,,,,,,,,,,,,,,,
1900,10,22810,-9.300000000000011,44.4,,,,,,,,,,,,,,,,,,,,,,,,,,,,,,,,,1.79,6.7,9.3,6.02,23.0,3.76,18.0,0.5,-2.84,0.0,6.7,1.38,23.0,5.46,18.0,0.5,-6.18,-0.71,2.34,-0.89,23.0,4.4,18.0,0.5,1011.24,1016.3,1023.15,1016.85,23.0,6.08,18.0,0.5,,,,,,,,,,,,,,,,,,,,,,,,,,,,,,,,,,,,,,,,,,,,,,,,,,,,,,,,,,,,,,,,,,,,,,,,,,,,,,,,,,,,,,,,,,,,,,,,,,,,,,,,,,,,,,,,,,,,,,,,,,,,,,,,
1900,10,22810,-9.300000000000011,48.4,,,,,,,,,,,,,,,,,,,,,,,,,,,,,,,,,2.6,6.7,12.3,7.28,83.0,4.38,16.0,0.5,-3.24,0.0,6.58,1.65,83.0,4.73,16.0,0.5,-6.21,0.0,8.62,1.01,83.0,6.83,16.0,0.5,1014.39,1018.9,1033.63,1022.29,67.0,8.19,16.0,0.5,,,,,,,,,,,,,,,,,,,,,,,,,,,,,,,,,,,,,,,,,,,,,,,,,,,,,,,,,,,,,,,,,,,,,,,,,,,,,,,,,,,,,,,,,,,,,,,,,,,,,,,,,,,,,,,,,,,,,,,,,,,,,,,,
1900,10,22810,-9.300000000000011,50.1,,,,,,,,,,,,,,,,,,,,,,,,,,,,,,,,,2.6,5.65,9.3,5.99,20.0,3.85,18.0,0.6,-3.48,-1.35,1.82,-0.88,20.0,3.64,18.0,0.6,-6.57,-2.83,4.2,-1.94,20.0,5.88,18.0,0.6,1018.96,1032.0,1040.0,1030.13,8.0,9.02,18.0,0.8,,,,,,,,,,,,,,,,,,,,,,,,,,,,,,,,,,,,,,,,,,,,,,,,,,,,,,,,,,,,,,,,,,,,,,,,,,,,,,,,,,,,,,,,,,,,,,,,,,,,,,,,,,,,,,,,,,,,,,,,,,,,,,,,
1900,10,22810,-9.199999999999989,-41.5,,,,,,,,,,,,,,,,,,,,,,,,,,,,,,,,,9.3,9.3,9.3,9.3,3.0,0.0,16.0,0.3,9.3,9.3,9.3,9.3,3.0,0.0,16.0,0.3,0.0,0.0,0.0,0.0,3.0,0.0,16.0,0.3,1015.56,1015.9,1016.17,1015.87,3.0,0.45,16.0,0.3,,,,,,,,,,,,,,,,,,,,,,,,,,,,,,,,,,,,,,,,,,,,,,,,,,,,,,,,,,,,,,,,,,,,,,,,,,,,,,,,,,,,,,,,,,,,,,,,,,,,,,,,,,,,,,,,,,,,,,,,,,,,,,,,
1900,10,22810,-9.199999999999989,-35.0,,,,,,,,,,,,,,,,,,,,,,,,,,,,,,,,,15.4,15.4,15.4,15.4,2.0,0.0,6.0,0.5,14.18,14.18,14.18,14.18,2.0,0.0,6.0,0.5,6.02,6.02,6.02,6.02,2.0,0.0,6.0,0.5,1018.09,1018.5,1018.91,1018.5,2.0,0.85,6.0,0.5,,,,,,,,,,,,,,,,,,,,,,,,,,,,,,,,,,,,,,,,,,,,,,,,,,,,,,,,,,,,,,,,,,,,,,,,,,,,,,,,,,,,,,,,,,,,,,,,,,,,,,,,,,,,,,,,,,,,,,,,,,,,,,,,
1900,10,22810,-9.199999999999989,-15.2,,,,,,,,,,,,,,,,,,,,,,,,,,,,,,,,,5.27,6.7,6.7,6.0,3.0,1.21,10.0,1.0,-4.74,-4.74,-3.72,-4.24,3.0,0.86,10.0,1.0,3.72,4.74,4.74,4.24,3.0,0.86,10.0,1.0,1014.0,1014.0,1014.0,1014.0,2.0,0.0,10.0,1.0,,,,,,,,,,,,,,,,,,,,,,,,,,,,,,,,,,,,,,,,,,,,,,,,,,,,,,,,,,,,,,,,,,,,,,,,,,,,,,,,,,,,,,,,,,,,,,,,,,,,,,,,,,,,,,,,,,,,,,,,,,,,,,,,
1900,10,22810,-7.699999999999989,44.7,,,,,,,,,,,,,,,,,,,,,,,,,,,,,,,,,4.6,6.7,12.11,7.42,14.0,3.44,14.0,0.3,0.0,3.63,4.81,2.58,14.0,5.01,14.0,0.3,-2.59,1.63,8.56,2.63,14.0,5.61,14.0,0.3,1010.77,1016.6,1021.75,1016.6,12.0,5.2,16.0,0.3,,,,,,,,,,,,,,,,,,,,,,,,,,,,,,,,,,,,,,,,,,,,,,,,,,,,,,,,,,,,,,,,,,,,,,,,,,,,,,,,,,,,,,,,,,,,,,,,,,,,,,,,,,,,,,,,,,,,,,,,,,,,,,,,
1900,10,22810,-7.600000000000023,-33.6,,,,,,,,,,,,,,,,,,,,,,,,,,,,,,,,,9.78,10.8,11.82,10.8,2.0,2.12,12.0,1.0,9.01,9.98,10.95,9.98,2.0,2.01,12.0,1.0,3.79,4.12,4.45,4.12,2.0,0.69,12.0,1.0,1020.68,1021.5,1022.32,1021.5,2.0,1.7,12.0,1.0,,,,,,,,,,,,,,,,,,,,,,,,,,,,,,,,,,,,,,,,,,,,,,,,,,,,,,,,,,,,,,,,,,,,,,,,,,,,,,,,,,,,,,,,,,,,,,,,,,,,,,,,,,,,,,,,,,,,,,,,,,,,,,,,
1900,10,22810,-7.600000000000023,-15.6,,,,,,,,,,,,,,,,,,,,,,,,,,,,,,,,,2.6,4.6,4.6,3.85,8.0,1.04,10.0,0.4,-3.25,-3.25,-1.84,-2.85,8.0,0.9,10.0,0.4,1.84,2.55,3.25,2.54,8.0,0.76,10.0,0.4,1014.3,1014.65,1015.78,1014.83,8.0,1.05,10.0,0.4,,,,,,,,,,,,,,,,,,,,,,,,,,,,,,,,,,,,,,,,,,,,,,,,,,,,,,,,,,,,,,,,,,,,,,,,,,,,,,,,,,,,,,,,,,,,,,,,,,,,,,,,,,,,,,,,,,,,,,,,,,,,,,,,
1900,10,22810,-7.600000000000023,50.4,,,,,,,,,,,,,,,,,,,,,,,,,,,,,,,,,4.6,5.65,9.01,6.23,8.0,3.42,20.0,0.6,0.71,4.27,6.17,3.66,8.0,5.18,20.0,0.6,-4.63,-2.62,-1.72,-3.03,8.0,1.85,20.0,0.6,1014.53,1016.65,1026.53,1020.35,4.0,9.28,16.0,0.8,,,,,,,,,,,,,,,,,,,,,,,,,,,,,,,,,,,,,,,,,,,,,,,,,,,,,,,,,,,,,,,,,,,,,,,,,,,,,,,,,,,,,,,,,,,,,,,,,,,,,,,,,,,,,,,,,,,,,,,,,,,,,,,,
1900,10,22810,-7.5,36.3,,,,,,,,,,,,,,,,,,,,,,,,,,,,,,,,,2.6,4.6,6.7,4.14,22.0,2.15,18.0,0.5,-2.4,2.82,4.57,1.82,22.0,3.41,18.0,0.5,-3.25,-1.8,0.0,-1.61,22.0,2.17,18.0,0.5,1015.3,1016.2,1020.9,1017.35,22.0,3.94,18.0,0.5,,,,,,,,,,,,,,,,,,,,,,,,,,,,,,,,,,,,,,,,,,,,,,,,,,,,,,,,,,,,,,,,,,,,,,,,,,,,,,,,,,,,,,,,,,,,,,,,,,,,,,,,,,,,,,,,,,,,,,,,,,,,,,,,
1900,10,22810,-7.399999999999977,46.5,,,,,,,,,,,,,,,,,,,,,,,,,,,,,,,,,2.6,6.7,9.3,6.32,33.0,3.52,16.0,0.5,-3.25,3.25,8.41,2.83,33.0,5.54,16.0,0.5,-4.52,0.0,3.25,-0.13,33.0,3.81,16.0,0.5,1010.33,1017.35,1023.13,1017.05,32.0,6.95,18.0,0.5,,,,,,,,,,,,,,,,,,,,,,,,,,,,,,,,,,,,,,,,,,,,,,,,,,,,,,,,,,,,,,,,,,,,,,,,,,,,,,,,,,,,,,,,,,,,,,,,,,,,,,,,,,,,,,,,,,,,,,,,,,,,,,,,
1900,10,22810,-7.300000000000011,-41.5,,,,,,,,,,,,,,,,,,,,,,,,,,,,,,,,,3.23,4.6,7.81,5.5,3.0,3.44,16.0,0.7,2.71,4.6,7.81,5.25,3.0,3.77,16.0,0.7,0.0,0.0,1.25,0.61,3.0,1.06,16.0,0.7,1017.65,1018.2,1018.75,1018.2,3.0,0.8,16.0,0.7,,,,,,,,,,,,,,,,,,,,,,,,,,,,,,,,,,,,,,,,,,,,,,,,,,,,,,,,,,,,,,,,,,,,,,,,,,,,,,,,,,,,,,,,,,,,,,,,,,,,,,,,,,,,,,,,,,,,,,,,,,,,,,,,
1900,10,22810,-7.300000000000011,-39.3,,,,,,,,,,,,,,,,,,,,,,,,,,,,,,,,,2.6,6.7,14.37,7.95,22.0,4.88,14.0,0.5,0.0,0.49,13.3,3.68,22.0,6.23,14.0,0.5,-6.39,1.82,6.7,0.22,22.0,6.08,14.0,0.5,999.52,1008.55,1010.97,1006.13,14.0,5.24,16.0,0.6,,,,,,,,,,,,,,,,,,,,,,,,,,,,,,,,,,,,,,,,,,,,,,,,,,,,,,,,,,,,,,,,,,,,,,,,,,,,,,,,,,,,,,,,,,,,,,,,,,,,,,,,,,,,,,,,,,,,,,,,,,,,,,,,
1900,10,22810,-7.300000000000011,-37.3,,,,,,,,,,,,,,,,,,,,,,,,,,,,,,,,,6.7,9.3,11.49,8.81,9.0,2.32,16.0,0.6,-3.36,0.0,8.33,1.15,9.0,6.0,16.0,0.6,-8.56,-6.7,-5.03,-6.82,9.0,1.69,16.0,0.6,1008.99,1019.5,1021.22,1016.96,9.0,6.96,16.0,0.6,,,,,,,,,,,,,,,,,,,,,,,,,,,,,,,,,,,,,,,,,,,,,,,,,,,,,,,,,,,,,,,,,,,,,,,,,,,,,,,,,,,,,,,,,,,,,,,,,,,,,,,,,,,,,,,,,,,,,,,,,,,,,,,,
1900,10,22810,-7.300000000000011,48.4,,,,,,,,,,,,,,,,,,,,,,,,,,,,,,,,,2.6,6.7,10.54,6.87,74.0,4.12,16.0,0.5,-1.84,2.51,6.7,2.55,74.0,4.45,16.0,0.5,-4.74,-0.71,8.56,0.43,74.0,6.18,16.0,0.5,1012.2,1020.45,1036.7,1023.04,64.0,10.2,18.0,0.5,,,,,,,,,,,,,,,,,,,,,,,,,,,,,,,,,,,,,,,,,,,,,,,,,,,,,,,,,,,,,,,,,,,,,,,,,,,,,,,,,,,,,,,,,,,,,,,,,,,,,,,,,,,,,,,,,,,,,,,,,,,,,,,,
1900,10,22810,-7.199999999999989,-35.0,,,,,,,,,,,,,,,,,,,,,,,,,,,,,,,,,12.3,12.3,15.4,13.54,5.0,1.7,8.0,0.6,4.61,10.89,11.05,8.46,5.0,3.52,8.0,0.6,8.67,10.89,11.4,9.88,5.0,2.85,8.0,0.6,1015.81,1018.8,1019.68,1017.9,5.0,2.54,8.0,0.6,,,,,,,,,,,,,,,,,,,,,,,,,,,,,,,,,,,,,,,,,,,,,,,,,,,,,,,,,,,,,,,,,,,,,,,,,,,,,,,,,,,,,,,,,,,,,,,,,,,,,,,,,,,,,,,,,,,,,,,,,,,,,,,,
1900,10,22810,-7.199999999999989,34.8,,,,,,,,,,,,,,,,,,,,,,,,,,,,,,,,,12.3,12.3,12.3,12.3,1.0,0.0,8.0,0.0,-8.7,-8.7,-8.7,-8.7,1.0,0.0,8.0,0.0,8.7,8.7,8.7,8.7,1.0,0.0,8.0,0.0,1020.8,1020.8,1020.8,1020.8,1.0,0.0,8.0,0.0,,,,,,,,,,,,,,,,,,,,,,,,,,,,,,,,,,,,,,,,,,,,,,,,,,,,,,,,,,,,,,,,,,,,,,,,,,,,,,,,,,,,,,,,,,,,,,,,,,,,,,,,,,,,,,,,,,,,,,,,,,,,,,,,
1900,10,22810,-7.0,-43.0,,,,,,,,,,,,,,,,,,,,,,,,,,,,,,,,,1.57,2.8,4.03,2.8,2.0,2.55,18.0,0.0,-2.58,-1.13,0.33,-1.13,2.0,3.01,18.0,0.0,-2.74,-1.63,-0.52,-1.63,2.0,2.3,18.0,0.0,1014.1,1015.6,1017.1,1015.6,2.0,3.11,18.0,0.0,,,,,,,,,,,,,,,,,,,,,,,,,,,,,,,,,,,,,,,,,,,,,,,,,,,,,,,,,,,,,,,,,,,,,,,,,,,,,,,,,,,,,,,,,,,,,,,,,,,,,,,,,,,,,,,,,,,,,,,,,,,,,,,,
1900,10,22810,-5.699999999999989,34.8,,,,,,,,,,,,,,,,,,,,,,,,,,,,,,,,,2.27,6.7,9.92,6.43,6.0,4.17,20.0,0.8,1.46,6.17,9.92,5.96,6.0,4.56,20.0,0.8,-2.62,-1.42,0.0,-1.35,6.0,1.2,20.0,0.8,1013.45,1014.9,1021.38,1017.08,5.0,5.18,22.0,0.8,,,,,,,,,,,,,,,,,,,,,,,,,,,,,,,,,,,,,,,,,,,,,,,,,,,,,,,,,,,,,,,,,,,,,,,,,,,,,,,,,,,,,,,,,,,,,,,,,,,,,,,,,,,,,,,,,,,,,,,,,,,,,,,,
1900,10,22810,-5.699999999999989,46.8,,,,,,,,,,,,,,,,,,,,,,,,,,,,,,,,,4.6,6.7,8.5,7.45,6.0,4.03,22.0,0.8,-4.74,2.3,7.57,2.12,6.0,6.37,22.0,0.8,-5.9,0.0,4.74,-1.0,6.0,5.98,22.0,0.8,1009.24,1013.2,1019.18,1013.03,6.0,6.4,22.0,0.8,,,,,,,,,,,,,,,,,,,,,,,,,,,,,,,,,,,,,,,,,,,,,,,,,,,,,,,,,,,,,,,,,,,,,,,,,,,,,,,,,,,,,,,,,,,,,,,,,,,,,,,,,,,,,,,,,,,,,,,,,,,,,,,,
1900,10,22810,-5.600000000000023,48.4,,,,,,,,,,,,,,,,,,,,,,,,,,,,,,,,,4.6,6.7,9.3,7.45,40.0,3.56,16.0,0.6,0.0,2.62,6.68,3.08,40.0,4.26,16.0,0.6,-6.7,-1.84,6.51,-1.04,40.0,6.38,16.0,0.6,1012.0,1018.9,1032.69,1020.06,42.0,9.75,16.0,0.6,,,,,,,,,,,,,,,,,,,,,,,,,,,,,,,,,,,,,,,,,,,,,,,,,,,,,,,,,,,,,,,,,,,,,,,,,,,,,,,,,,,,,,,,,,,,,,,,,,,,,,,,,,,,,,,,,,,,,,,,,,,,,,,,
1900,10,22810,-5.5,-17.5,,,,,,,,,,,,,,,,,,,,,,,,,,,,,,,,,4.5,4.6,6.7,5.21,7.0,1.56,8.0,0.4,-6.17,-4.23,-4.15,-4.8,7.0,1.44,8.0,0.4,1.76,1.8,2.62,2.04,7.0,0.61,8.0,0.4,1015.95,1017.1,1017.3,1016.61,7.0,0.93,8.0,0.4,,,,,,,,,,,,,,,,,,,,,,,,,,,,,,,,,,,,,,,,,,,,,,,,,,,,,,,,,,,,,,,,,,,,,,,,,,,,,,,,,,,,,,,,,,,,,,,,,,,,,,,,,,,,,,,,,,,,,,,,,,,,,,,,
1900,10,22810,-5.399999999999977,-37.6,,,,,,,,,,,,,,,,,,,,,,,,,,,,,,,,,8.35,12.3,12.3,10.58,5.0,2.53,10.0,0.8,-2.99,12.3,12.3,6.13,5.0,8.46,10.0,0.8,-7.04,0.0,0.0,-2.95,5.0,4.12,10.0,0.8,1002.59,1003.9,1021.47,1010.4,5.0,10.31,10.0,0.8,,,,,,,,,,,,,,,,,,,,,,,,,,,,,,,,,,,,,,,,,,,,,,,,,,,,,,,,,,,,,,,,,,,,,,,,,,,,,,,,,,,,,,,,,,,,,,,,,,,,,,,,,,,,,,,,,,,,,,,,,,,,,,,,
1900,10,22810,-5.399999999999977,36.3,,,,,,,,,,,,,,,,,,,,,,,,,,,,,,,,,1.0,4.6,9.3,5.52,22.0,4.03,14.0,0.5,0.0,4.25,8.62,3.61,22.0,5.65,14.0,0.5,0.0,0.0,2.29,0.65,22.0,1.5,14.0,0.5,1013.5,1015.7,1019.21,1016.59,23.0,3.28,14.0,0.6,,,,,,,,,,,,,,,,,,,,,,,,,,,,,,,,,,,,,,,,,,,,,,,,,,,,,,,,,,,,,,,,,,,,,,,,,,,,,,,,,,,,,,,,,,,,,,,,,,,,,,,,,,,,,,,,,,,,,,,,,,,,,,,,
1900,10,22810,-5.300000000000011,-39.2,,,,,,,,,,,,,,,,,,,,,,,,,,,,,,,,,4.6,6.7,15.4,9.03,23.0,5.11,16.0,0.5,0.0,4.27,14.85,5.91,23.0,6.24,16.0,0.5,-6.7,-1.72,5.61,-1.14,23.0,5.87,16.0,0.5,999.05,1007.75,1015.18,1007.35,16.0,7.25,18.0,0.4,,,,,,,,,,,,,,,,,,,,,,,,,,,,,,,,,,,,,,,,,,,,,,,,,,,,,,,,,,,,,,,,,,,,,,,,,,,,,,,,,,,,,,,,,,,,,,,,,,,,,,,,,,,,,,,,,,,,,,,,,,,,,,,,
1900,10,22810,-5.199999999999989,-43.0,,,,,,,,,,,,,,,,,,,,,,,,,,,,,,,,,12.3,12.3,12.3,12.3,2.0,0.0,18.0,1.0,-3.11,0.1,3.31,0.1,2.0,6.66,18.0,1.0,-11.39,-11.36,-11.34,-11.36,2.0,0.06,18.0,1.0,1005.6,1007.1,1008.6,1007.1,2.0,3.11,18.0,1.0,,,,,,,,,,,,,,,,,,,,,,,,,,,,,,,,,,,,,,,,,,,,,,,,,,,,,,,,,,,,,,,,,,,,,,,,,,,,,,,,,,,,,,,,,,,,,,,,,,,,,,,,,,,,,,,,,,,,,,,,,,,,,,,,
1900,10,22810,-5.199999999999989,-41.0,,,,,,,,,,,,,,,,,,,,,,,,,,,,,,,,,4.6,4.6,6.03,5.3,3.0,1.21,22.0,0.3,0.0,0.0,2.22,1.08,3.0,1.88,22.0,0.3,-6.03,-4.6,-3.68,-4.85,3.0,1.74,22.0,0.3,1008.43,1008.7,1008.97,1008.7,2.0,0.57,24.0,0.5,,,,,,,,,,,,,,,,,,,,,,,,,,,,,,,,,,,,,,,,,,,,,,,,,,,,,,,,,,,,,,,,,,,,,,,,,,,,,,,,,,,,,,,,,,,,,,,,,,,,,,,,,,,,,,,,,,,,,,,,,,,,,,,,
1900,10,22810,-5.100000000000023,-35.1,,,,,,,,,,,,,,,,,,,,,,,,,,,,,,,,,7.94,9.3,14.38,11.08,4.0,5.42,8.0,0.3,0.0,1.74,3.48,1.74,4.0,2.01,8.0,0.3,7.62,8.62,14.06,10.74,4.0,5.58,8.0,0.3,1012.69,1021.0,1021.8,1018.04,5.0,5.16,8.0,0.2,,,,,,,,,,,,,,,,,,,,,,,,,,,,,,,,,,,,,,,,,,,,,,,,,,,,,,,,,,,,,,,,,,,,,,,,,,,,,,,,,,,,,,,,,,,,,,,,,,,,,,,,,,,,,,,,,,,,,,,,,,,,,,,,
1900,10,22810,-3.6999999999999886,-17.7,,,,,,,,,,,,,,,,,,,,,,,,,,,,,,,,,4.6,4.6,4.6,4.6,3.0,0.0,8.0,1.0,-4.23,-4.23,-4.23,-4.23,3.0,0.0,8.0,1.0,1.8,1.8,1.8,1.8,3.0,0.0,8.0,1.0,1016.99,1017.6,1017.87,1017.43,3.0,0.67,8.0,1.0,,,,,,,,,,,,,,,,,,,,,,,,,,,,,,,,,,,,,,,,,,,,,,,,,,,,,,,,,,,,,,,,,,,,,,,,,,,,,,,,,,,,,,,,,,,,,,,,,,,,,,,,,,,,,,,,,,,,,,,,,,,,,,,,
1900,10,22810,-3.5,-43.0,,,,,,,,,,,,,,,,,,,,,,,,,,,,,,,,,12.79,13.85,14.91,13.85,2.0,2.19,18.0,0.5,11.97,13.36,14.75,13.36,2.0,2.88,18.0,0.5,0.76,2.4,4.04,2.4,2.0,3.4,18.0,0.5,1006.03,1007.6,1009.17,1007.6,2.0,3.25,18.0,0.0,,,,,,,,,,,,,,,,,,,,,,,,,,,,,,,,,,,,,,,,,,,,,,,,,,,,,,,,,,,,,,,,,,,,,,,,,,,,,,,,,,,,,,,,,,,,,,,,,,,,,,,,,,,,,,,,,,,,,,,,,,,,,,,,
1900,10,22810,-3.5,-37.6,,,,,,,,,,,,,,,,,,,,,,,,,,,,,,,,,6.7,11.05,15.4,11.05,6.0,4.77,12.0,0.3,0.0,7.09,14.18,7.09,6.0,7.76,12.0,0.3,-6.7,-0.34,6.02,-0.34,6.0,6.97,12.0,0.3,1001.44,1011.85,1021.98,1011.53,6.0,11.44,12.0,0.3,,,,,,,,,,,,,,,,,,,,,,,,,,,,,,,,,,,,,,,,,,,,,,,,,,,,,,,,,,,,,,,,,,,,,,,,,,,,,,,,,,,,,,,,,,,,,,,,,,,,,,,,,,,,,,,,,,,,,,,,,,,,,,,,
1900,10,22810,-3.5,36.3,,,,,,,,,,,,,,,,,,,,,,,,,,,,,,,,,1.0,4.6,6.7,4.56,27.0,3.83,14.0,0.3,-6.16,1.84,4.56,0.47,27.0,5.52,14.0,0.3,0.0,0.0,1.84,0.47,27.0,2.29,14.0,0.3,1012.3,1015.1,1023.51,1016.87,26.0,4.48,16.0,0.3,,,,,,,,,,,,,,,,,,,,,,,,,,,,,,,,,,,,,,,,,,,,,,,,,,,,,,,,,,,,,,,,,,,,,,,,,,,,,,,,,,,,,,,,,,,,,,,,,,,,,,,,,,,,,,,,,,,,,,,,,,,,,,,,
1900,10,22810,-3.300000000000012,-39.4,,,,,,,,,,,,,,,,,,,,,,,,,,,,,,,,,6.7,9.3,15.4,10.35,15.0,3.92,16.0,0.5,2.62,6.58,13.76,7.66,15.0,5.29,16.0,0.5,-6.17,0.0,6.5,0.7,15.0,6.22,16.0,0.5,996.93,1007.8,1017.88,1006.99,13.0,9.12,16.0,0.5,,,,,,,,,,,,,,,,,,,,,,,,,,,,,,,,,,,,,,,,,,,,,,,,,,,,,,,,,,,,,,,,,,,,,,,,,,,,,,,,,,,,,,,,,,,,,,,,,,,,,,,,,,,,,,,,,,,,,,,,,,,,,,,,
1900,10,22810,-3.300000000000012,-35.1,,,,,,,,,,,,,,,,,,,,,,,,,,,,,,,,,0.0,3.6,7.36,4.28,12.0,4.54,8.0,0.6,0.0,0.35,3.25,1.15,12.0,1.86,8.0,0.6,-3.25,0.0,5.52,1.23,12.0,5.83,8.0,0.6,1017.43,1025.2,1026.61,1023.21,13.0,4.31,8.0,0.6,,,,,,,,,,,,,,,,,,,,,,,,,,,,,,,,,,,,,,,,,,,,,,,,,,,,,,,,,,,,,,,,,,,,,,,,,,,,,,,,,,,,,,,,,,,,,,,,,,,,,,,,,,,,,,,,,,,,,,,,,,,,,,,,
1900,10,22810,-3.300000000000012,48.5,,,,,,,,,,,,,,,,,,,,,,,,,,,,,,,,,15.4,15.4,17.86,16.6,3.0,2.08,4.0,0.7,-10.89,-10.89,5.71,-2.78,3.0,14.04,4.0,0.7,10.89,10.89,12.63,11.74,3.0,1.47,4.0,0.7,1005.49,1006.3,1008.42,1006.93,4.0,2.03,4.0,0.8,,,,,,,,,,,,,,,,,,,,,,,,,,,,,,,,,,,,,,,,,,,,,,,,,,,,,,,,,,,,,,,,,,,,,,,,,,,,,,,,,,,,,,,,,,,,,,,,,,,,,,,,,,,,,,,,,,,,,,,,,,,,,,,,
1900,10,22810,-3.1999999999999886,-41.1,,,,,,,,,,,,,,,,,,,,,,,,,,,,,,,,,2.6,6.7,9.3,6.14,18.0,3.17,24.0,0.4,-8.62,-1.66,3.26,-1.59,18.0,5.05,24.0,0.4,-4.74,0.0,3.86,-0.08,18.0,4.68,24.0,0.4,1009.02,1014.75,1018.17,1014.09,14.0,4.21,24.0,0.4,,,,,,,,,,,,,,,,,,,,,,,,,,,,,,,,,,,,,,,,,,,,,,,,,,,,,,,,,,,,,,,,,,,,,,,,,,,,,,,,,,,,,,,,,,,,,,,,,,,,,,,,,,,,,,,,,,,,,,,,,,,,,,,,
1900,10,22810,-3.1999999999999886,-19.4,,,,,,,,,,,,,,,,,,,,,,,,,,,,,,,,,4.6,4.6,5.37,5.02,5.0,0.94,6.0,0.4,-3.25,-3.25,-2.98,-3.1,5.0,0.33,6.0,0.4,3.25,3.25,4.33,3.84,5.0,1.32,6.0,0.4,1016.18,1017.9,1018.0,1017.22,5.0,1.04,6.0,0.4,,,,,,,,,,,,,,,,,,,,,,,,,,,,,,,,,,,,,,,,,,,,,,,,,,,,,,,,,,,,,,,,,,,,,,,,,,,,,,,,,,,,,,,,,,,,,,,,,,,,,,,,,,,,,,,,,,,,,,,,,,,,,,,,
1900,10,22810,-1.6999999999999886,-19.7,,,,,,,,,,,,,,,,,,,,,,,,,,,,,,,,,6.7,6.7,6.7,6.7,2.0,0.0,6.0,0.5,-1.7,0.05,1.8,0.05,2.0,3.63,6.0,0.5,6.17,6.19,6.21,6.19,2.0,0.03,6.0,0.5,1014.4,1015.25,1016.1,1015.25,2.0,1.77,6.0,0.5,,,,,,,,,,,,,,,,,,,,,,,,,,,,,,,,,,,,,,,,,,,,,,,,,,,,,,,,,,,,,,,,,,,,,,,,,,,,,,,,,,,,,,,,,,,,,,,,,,,,,,,,,,,,,,,,,,,,,,,,,,,,,,,,
1900,10,22810,-1.5,-37.5,,,,,,,,,,,,,,,,,,,,,,,,,,,,,,,,,6.27,11.05,19.0,11.9,6.0,6.64,16.0,0.5,0.0,7.09,17.8,8.44,6.0,9.38,16.0,0.5,-6.7,-2.3,6.31,-0.76,6.0,6.31,16.0,0.5,1005.4,1014.65,1019.85,1012.47,6.0,9.11,16.0,0.5,,,,,,,,,,,,,,,,,,,,,,,,,,,,,,,,,,,,,,,,,,,,,,,,,,,,,,,,,,,,,,,,,,,,,,,,,,,,,,,,,,,,,,,,,,,,,,,,,,,,,,,,,,,,,,,,,,,,,,,,,,,,,,,,
1900,10,22810,-1.5,36.7,,,,,,,,,,,,,,,,,,,,,,,,,,,,,,,,,1.0,2.6,8.85,4.41,21.0,3.49,14.0,0.6,-2.27,1.02,4.74,1.51,21.0,4.54,14.0,0.6,-0.32,0.71,4.52,1.29,21.0,2.81,14.0,0.6,1014.51,1016.3,1021.02,1017.06,27.0,4.09,14.0,0.6,,,,,,,,,,,,,,,,,,,,,,,,,,,,,,,,,,,,,,,,,,,,,,,,,,,,,,,,,,,,,,,,,,,,,,,,,,,,,,,,,,,,,,,,,,,,,,,,,,,,,,,,,,,,,,,,,,,,,,,,,,,,,,,,
1900,10,22810,-1.3000000000000114,-41.1,,,,,,,,,,,,,,,,,,,,,,,,,,,,,,,,,6.7,9.3,12.3,9.22,11.0,2.98,22.0,0.6,1.54,4.74,6.36,4.68,11.0,3.14,22.0,0.6,-9.96,-4.74,5.1,-2.94,11.0,7.67,22.0,0.6,1008.18,1008.6,1012.39,1009.75,6.0,2.29,26.0,0.7,,,,,,,,,,,,,,,,,,,,,,,,,,,,,,,,,,,,,,,,,,,,,,,,,,,,,,,,,,,,,,,,,,,,,,,,,,,,,,,,,,,,,,,,,,,,,,,,,,,,,,,,,,,,,,,,,,,,,,,,,,,,,,,,
1900,10,22810,-1.3000000000000114,-35.3,,,,,,,,,,,,,,,,,,,,,,,,,,,,,,,,,4.6,4.6,6.32,5.54,5.0,2.1,10.0,0.4,1.72,3.25,5.21,3.71,5.0,2.85,10.0,0.4,-3.34,-3.25,4.27,-0.29,5.0,4.16,10.0,0.4,1022.29,1026.0,1026.47,1024.2,5.0,4.48,10.0,0.4,,,,,,,,,,,,,,,,,,,,,,,,,,,,,,,,,,,,,,,,,,,,,,,,,,,,,,,,,,,,,,,,,,,,,,,,,,,,,,,,,,,,,,,,,,,,,,,,,,,,,,,,,,,,,,,,,,,,,,,,,,,,,,,,
1900,10,22810,-1.1999999999999886,-43.0,,,,,,,,,,,,,,,,,,,,,,,,,,,,,,,,,4.6,8.0,9.92,7.8,6.0,3.05,22.0,0.5,-7.01,-6.37,-3.25,-5.75,6.0,2.13,22.0,0.5,-3.94,-2.94,7.01,-0.07,6.0,6.17,22.0,0.5,1012.51,1013.65,1014.7,1013.58,6.0,1.22,22.0,0.5,,,,,,,,,,,,,,,,,,,,,,,,,,,,,,,,,,,,,,,,,,,,,,,,,,,,,,,,,,,,,,,,,,,,,,,,,,,,,,,,,,,,,,,,,,,,,,,,,,,,,,,,,,,,,,,,,,,,,,,,,,,,,,,,
1900,10,22810,-1.1999999999999886,-39.2,,,,,,,,,,,,,,,,,,,,,,,,,,,,,,,,,9.63,13.85,15.4,14.0,8.0,4.31,8.0,0.9,0.0,4.7,10.41,4.72,8.0,4.61,8.0,0.9,7.05,11.59,14.06,10.16,8.0,8.83,8.0,0.9,997.48,999.9,1003.93,1001.48,9.0,5.9,6.0,0.8,,,,,,,,,,,,,,,,,,,,,,,,,,,,,,,,,,,,,,,,,,,,,,,,,,,,,,,,,,,,,,,,,,,,,,,,,,,,,,,,,,,,,,,,,,,,,,,,,,,,,,,,,,,,,,,,,,,,,,,,,,,,,,,,
1900,10,22810,-1.1999999999999886,38.3,,,,,,,,,,,,,,,,,,,,,,,,,,,,,,,,,5.82,8.45,11.08,8.45,2.0,5.44,6.0,0.5,-7.99,-6.48,-4.97,-6.48,2.0,3.13,6.0,0.5,-7.59,-5.21,-2.83,-5.21,2.0,4.93,6.0,0.5,1018.01,1018.9,1024.63,1021.27,3.0,5.27,10.0,0.3,,,,,,,,,,,,,,,,,,,,,,,,,,,,,,,,,,,,,,,,,,,,,,,,,,,,,,,,,,,,,,,,,,,,,,,,,,,,,,,,,,,,,,,,,,,,,,,,,,,,,,,,,,,,,,,,,,,,,,,,,,,,,,,,
1900,10,22810,0.1,-43.4,,,,,,,,,,,,,,,,,,,,,,,,,,,,,,,,,1.0,2.6,6.7,3.86,11.0,3.62,24.0,0.5,-3.25,-2.6,-0.71,-2.27,11.0,2.52,24.0,0.5,-1.76,-0.71,6.17,1.03,11.0,4.04,24.0,0.5,1008.77,1010.3,1016.17,1011.91,11.0,3.9,24.0,0.5,,,,,,,,,,,,,,,,,,,,,,,,,,,,,,,,,,,,,,,,,,,,,,,,,,,,,,,,,,,,,,,,,,,,,,,,,,,,,,,,,,,,,,,,,,,,,,,,,,,,,,,,,,,,,,,,,,,,,,,,,,,,,,,,
1900,10,22810,0.3,-41.2,,,,,,,,,,,,,,,,,,,,,,,,,,,,,,,,,4.6,4.6,9.3,6.05,17.0,2.72,22.0,0.5,3.25,4.27,6.36,4.27,17.0,1.54,22.0,0.5,-4.78,0.0,5.38,-0.04,17.0,4.96,22.0,0.5,1007.98,1011.9,1012.81,1010.87,9.0,2.36,24.0,0.4,,,,,,,,,,,,,,,,,,,,,,,,,,,,,,,,,,,,,,,,,,,,,,,,,,,,,,,,,,,,,,,,,,,,,,,,,,,,,,,,,,,,,,,,,,,,,,,,,,,,,,,,,,,,,,,,,,,,,,,,,,,,,,,,
1900,10,22810,0.3,-39.1,,,,,,,,,,,,,,,,,,,,,,,,,,,,,,,,,13.63,19.0,21.06,18.02,10.0,3.64,6.0,0.3,-6.3,0.0,2.63,-0.93,10.0,4.46,6.0,0.3,12.64,18.24,21.06,17.42,10.0,4.01,6.0,0.3,1005.32,1009.6,1017.18,1010.9,11.0,5.7,6.0,0.3,,,,,,,,,,,,,,,,,,,,,,,,,,,,,,,,,,,,,,,,,,,,,,,,,,,,,,,,,,,,,,,,,,,,,,,,,,,,,,,,,,,,,,,,,,,,,,,,,,,,,,,,,,,,,,,,,,,,,,,,,,,,,,,,
1900,10,22810,0.3,-35.5,,,,,,,,,,,,,,,,,,,,,,,,,,,,,,,,,1.0,4.6,6.7,4.1,6.0,2.58,8.0,0.5,0.0,1.98,5.03,2.48,6.0,2.64,8.0,0.5,0.94,2.94,4.63,2.82,6.0,1.72,8.0,0.5,1025.36,1025.85,1026.24,1025.77,6.0,0.57,8.0,0.5,,,,,,,,,,,,,,,,,,,,,,,,,,,,,,,,,,,,,,,,,,,,,,,,,,,,,,,,,,,,,,,,,,,,,,,,,,,,,,,,,,,,,,,,,,,,,,,,,,,,,,,,,,,,,,,,,,,,,,,,,,,,,,,,
1900,10,22810,0.4,38.5,,,,,,,,,,,,,,,,,,,,,,,,,,,,,,,,,0.0,2.6,8.97,3.93,27.0,3.87,14.0,0.5,-4.48,0.0,2.58,-0.54,27.0,3.2,14.0,0.5,-4.37,0.0,3.07,-0.77,27.0,4.45,14.0,0.5,1014.48,1017.75,1023.67,1018.51,32.0,4.35,16.0,0.5,,,,,,,,,,,,,,,,,,,,,,,,,,,,,,,,,,,,,,,,,,,,,,,,,,,,,,,,,,,,,,,,,,,,,,,,,,,,,,,,,,,,,,,,,,,,,,,,,,,,,,,,,,,,,,,,,,,,,,,,,,,,,,,,
1900,10,22810,0.5,-37.2,,,,,,,,,,,,,,,,,,,,,,,,,,,,,,,,,4.6,4.6,11.19,7.9,5.0,6.27,20.0,0.6,0.0,0.0,2.71,1.48,5.0,3.32,20.0,0.6,-5.37,-4.6,3.47,-0.6,5.0,10.15,20.0,0.6,1004.59,1016.5,1017.91,1012.1,7.0,6.63,18.0,0.6,,,,,,,,,,,,,,,,,,,,,,,,,,,,,,,,,,,,,,,,,,,,,,,,,,,,,,,,,,,,,,,,,,,,,,,,,,,,,,,,,,,,,,,,,,,,,,,,,,,,,,,,,,,,,,,,,,,,,,,,,,,,,,,,
1900,10,22810,0.5,36.4,,,,,,,,,,,,,,,,,,,,,,,,,,,,,,,,,0.0,1.8,4.6,2.13,6.0,2.13,16.0,0.8,-1.74,0.0,1.65,-0.06,6.0,2.87,16.0,0.8,-0.5,0.0,0.36,-0.11,6.0,1.32,16.0,0.8,1015.38,1016.05,1018.61,1017.43,6.0,3.66,16.0,0.8,,,,,,,,,,,,,,,,,,,,,,,,,,,,,,,,,,,,,,,,,,,,,,,,,,,,,,,,,,,,,,,,,,,,,,,,,,,,,,,,,,,,,,,,,,,,,,,,,,,,,,,,,,,,,,,,,,,,,,,,,,,,,,,,
1900,10,22810,0.8,40.3,,,,,,,,,,,,,,,,,,,,,,,,,,,,,,,,,2.19,4.6,10.26,6.15,4.0,6.54,14.0,0.0,-7.72,-3.74,-1.55,-4.59,4.0,4.57,14.0,0.0,-7.25,-1.63,0.94,-3.09,4.0,5.61,14.0,0.0,1017.3,1018.45,1020.5,1018.88,4.0,1.98,14.0,0.0,,,,,,,,,,,,,,,,,,,,,,,,,,,,,,,,,,,,,,,,,,,,,,,,,,,,,,,,,,,,,,,,,,,,,,,,,,,,,,,,,,,,,,,,,,,,,,,,,,,,,,,,,,,,,,,,,,,,,,,,,,,,,,,,
1900,10,22810,2.2,-45.0,,,,,,,,,,,,,,,,,,,,,,,,,,,,,,,,,6.7,6.7,8.47,7.57,3.0,1.5,28.0,0.7,-2.51,-2.51,1.68,-0.46,3.0,3.55,28.0,0.7,-7.82,-6.21,-6.21,-6.99,3.0,1.36,28.0,0.7,1005.41,1006.3,1007.05,1006.23,3.0,1.2,28.0,0.7,,,,,,,,,,,,,,,,,,,,,,,,,,,,,,,,,,,,,,,,,,,,,,,,,,,,,,,,,,,,,,,,,,,,,,,,,,,,,,,,,,,,,,,,,,,,,,,,,,,,,,,,,,,,,,,,,,,,,,,,,,,,,,,,
1900,10,22810,2.3,-43.0,,,,,,,,,,,,,,,,,,,,,,,,,,,,,,,,,1.69,4.6,5.8,3.8,10.0,2.22,22.0,0.4,0.0,0.0,1.03,0.73,10.0,2.03,22.0,0.4,-3.5,1.3,4.6,0.48,10.0,4.0,22.0,0.4,1008.53,1021.55,1025.43,1017.91,10.0,8.61,22.0,0.4,,,,,,,,,,,,,,,,,,,,,,,,,,,,,,,,,,,,,,,,,,,,,,,,,,,,,,,,,,,,,,,,,,,,,,,,,,,,,,,,,,,,,,,,,,,,,,,,,,,,,,,,,,,,,,,,,,,,,,,,,,,,,,,,
1900,10,22810,2.3,-41.2,,,,,,,,,,,,,,,,,,,,,,,,,,,,,,,,,2.12,6.7,9.3,6.78,18.0,3.65,24.0,0.5,-8.83,-6.46,0.93,-5.09,18.0,5.16,24.0,0.5,-0.37,0.19,3.48,0.84,18.0,2.67,24.0,0.5,1011.36,1015.4,1018.98,1015.12,11.0,3.74,24.0,0.5,,,,,,,,,,,,,,,,,,,,,,,,,,,,,,,,,,,,,,,,,,,,,,,,,,,,,,,,,,,,,,,,,,,,,,,,,,,,,,,,,,,,,,,,,,,,,,,,,,,,,,,,,,,,,,,,,,,,,,,,,,,,,,,,
1900,10,22810,2.3,-39.0,,,,,,,,,,,,,,,,,,,,,,,,,,,,,,,,,1.0,5.65,16.49,7.51,18.0,6.68,6.0,0.6,-4.76,0.0,0.21,-1.23,18.0,3.0,6.0,0.6,-2.8,2.55,15.63,4.97,18.0,8.21,6.0,0.6,1018.28,1024.45,1026.16,1022.81,18.0,3.91,6.0,0.6,,,,,,,,,,,,,,,,,,,,,,,,,,,,,,,,,,,,,,,,,,,,,,,,,,,,,,,,,,,,,,,,,,,,,,,,,,,,,,,,,,,,,,,,,,,,,,,,,,,,,,,,,,,,,,,,,,,,,,,,,,,,,,,,
1900,10,22810,2.3,-37.2,,,,,,,,,,,,,,,,,,,,,,,,,,,,,,,,,6.7,6.7,6.7,7.53,8.0,3.27,16.0,0.4,2.51,2.51,5.76,4.33,8.0,4.2,16.0,0.4,-6.21,3.44,6.19,0.84,8.0,5.96,16.0,0.4,1006.62,1015.0,1024.96,1016.63,9.0,8.73,16.0,0.3,,,,,,,,,,,,,,,,,,,,,,,,,,,,,,,,,,,,,,,,,,,,,,,,,,,,,,,,,,,,,,,,,,,,,,,,,,,,,,,,,,,,,,,,,,,,,,,,,,,,,,,,,,,,,,,,,,,,,,,,,,,,,,,,
1900,10,22810,2.3,-21.7,,,,,,,,,,,,,,,,,,,,,,,,,,,,,,,,,2.6,2.6,2.6,2.6,1.0,0.0,4.0,0.0,2.41,2.41,2.41,2.41,1.0,0.0,4.0,0.0,0.97,0.97,0.97,0.97,1.0,0.0,4.0,0.0,1015.6,1015.6,1015.6,1015.6,1.0,0.0,4.0,0.0,,,,,,,,,,,,,,,,,,,,,,,,,,,,,,,,,,,,,,,,,,,,,,,,,,,,,,,,,,,,,,,,,,,,,,,,,,,,,,,,,,,,,,,,,,,,,,,,,,,,,,,,,,,,,,,,,,,,,,,,,,,,,,,,
1900,10,22810,2.3,38.8,,,,,,,,,,,,,,,,,,,,,,,,,,,,,,,,,4.6,4.6,4.6,4.6,2.0,0.0,24.0,0.0,3.25,3.25,3.25,3.25,2.0,0.0,24.0,0.0,-2.22,0.0,2.22,0.0,2.0,4.6,24.0,0.0,1016.25,1019.15,1022.05,1019.15,2.0,6.01,24.0,0.0,,,,,,,,,,,,,,,,,,,,,,,,,,,,,,,,,,,,,,,,,,,,,,,,,,,,,,,,,,,,,,,,,,,,,,,,,,,,,,,,,,,,,,,,,,,,,,,,,,,,,,,,,,,,,,,,,,,,,,,,,,,,,,,,
1900,10,22810,2.4,40.5,,,,,,,,,,,,,,,,,,,,,,,,,,,,,,,,,0.0,2.6,9.3,4.03,34.0,4.48,16.0,0.6,-4.74,0.0,1.64,-1.03,34.0,3.78,16.0,0.6,-7.65,0.0,1.63,-1.56,34.0,4.35,16.0,0.6,1015.65,1019.05,1025.59,1020.36,34.0,4.61,16.0,0.6,,,,,,,,,,,,,,,,,,,,,,,,,,,,,,,,,,,,,,,,,,,,,,,,,,,,,,,,,,,,,,,,,,,,,,,,,,,,,,,,,,,,,,,,,,,,,,,,,,,,,,,,,,,,,,,,,,,,,,,,,,,,,,,,
1900,10,22810,2.5,36.6,,,,,,,,,,,,,,,,,,,,,,,,,,,,,,,,,0.63,1.0,2.31,1.52,5.0,1.78,6.0,0.4,0.45,1.0,2.18,1.39,5.0,1.64,6.0,0.4,-1.11,0.0,0.0,-0.5,5.0,0.79,6.0,0.4,1016.76,1016.9,1017.82,1017.24,5.0,0.64,6.0,0.4,,,,,,,,,,,,,,,,,,,,,,,,,,,,,,,,,,,,,,,,,,,,,,,,,,,,,,,,,,,,,,,,,,,,,,,,,,,,,,,,,,,,,,,,,,,,,,,,,,,,,,,,,,,,,,,,,,,,,,,,,,,,,,,,
1900,10,22810,2.6,-23.4,,,,,,,,,,,,,,,,,,,,,,,,,,,,,,,,,2.6,3.6,6.47,4.25,8.0,2.69,4.0,0.6,-4.57,-2.55,-0.54,-2.73,8.0,2.2,4.0,0.6,1.84,2.93,4.57,3.13,8.0,1.81,4.0,0.6,1016.64,1017.65,1019.23,1018.02,6.0,1.65,4.0,0.7,,,,,,,,,,,,,,,,,,,,,,,,,,,,,,,,,,,,,,,,,,,,,,,,,,,,,,,,,,,,,,,,,,,,,,,,,,,,,,,,,,,,,,,,,,,,,,,,,,,,,,,,,,,,,,,,,,,,,,,,,,,,,,,,
1900,10,22810,2.8,42.3,,,,,,,,,,,,,,,,,,,,,,,,,,,,,,,,,0.0,2.3,12.14,5.9,4.0,9.0,14.0,0.5,0.0,0.9,4.58,2.23,4.0,3.37,14.0,0.5,-9.23,0.0,2.22,-3.35,4.0,9.72,14.0,0.5,1015.33,1017.45,1023.03,1019.1,4.0,5.32,14.0,0.5,,,,,,,,,,,,,,,,,,,,,,,,,,,,,,,,,,,,,,,,,,,,,,,,,,,,,,,,,,,,,,,,,,,,,,,,,,,,,,,,,,,,,,,,,,,,,,,,,,,,,,,,,,,,,,,,,,,,,,,,,,,,,,,,
1900,10,22810,2.8,52.8,,,,,,,,,,,,,,,,,,,,,,,,,,,,,,,,,6.89,11.8,16.71,11.8,2.0,10.18,30.0,1.0,0.28,7.87,15.47,7.87,2.0,15.74,30.0,1.0,0.52,1.63,2.74,1.63,2.0,2.3,30.0,1.0,1006.36,1011.0,1015.64,1011.0,2.0,9.62,30.0,1.0,,,,,,,,,,,,,,,,,,,,,,,,,,,,,,,,,,,,,,,,,,,,,,,,,,,,,,,,,,,,,,,,,,,,,,,,,,,,,,,,,,,,,,,,,,,,,,,,,,,,,,,,,,,,,,,,,,,,,,,,,,,,,,,,
1900,10,22810,2.8,54.5,,,,,,,,,,,,,,,,,,,,,,,,,,,,,,,,,15.97,17.2,18.43,17.2,2.0,2.55,28.0,1.0,-9.22,1.67,12.55,1.67,2.0,22.55,28.0,1.0,-3.72,0.67,5.07,0.67,2.0,9.11,28.0,1.0,983.42,986.05,988.68,986.05,2.0,5.44,28.0,1.0,,,,,,,,,,,,,,,,,,,,,,,,,,,,,,,,,,,,,,,,,,,,,,,,,,,,,,,,,,,,,,,,,,,,,,,,,,,,,,,,,,,,,,,,,,,,,,,,,,,,,,,,,,,,,,,,,,,,,,,,,,,,,,,,
1900,10,22810,4.0,-41.5,,,,,,,,,,,,,,,,,,,,,,,,,,,,,,,,,5.5,9.5,12.3,9.08,10.0,3.48,26.0,0.6,-12.3,-9.5,-5.27,-9.03,10.0,3.52,26.0,0.6,0.0,0.0,0.0,-0.26,10.0,0.83,26.0,0.6,1014.9,1017.5,1018.55,1016.84,5.0,2.0,26.0,0.6,,,,,,,,,,,,,,,,,,,,,,,,,,,,,,,,,,,,,,,,,,,,,,,,,,,,,,,,,,,,,,,,,,,,,,,,,,,,,,,,,,,,,,,,,,,,,,,,,,,,,,,,,,,,,,,,,,,,,,,,,,,,,,,,
1900,10,22810,4.2,-43.0,,,,,,,,,,,,,,,,,,,,,,,,,,,,,,,,,1.71,4.6,6.7,4.83,29.0,3.3,26.0,0.5,-3.82,0.0,4.25,0.41,29.0,4.58,26.0,0.5,-1.82,0.39,5.56,1.63,29.0,3.34,26.0,0.5,1006.29,1008.7,1027.09,1013.76,19.0,9.17,24.0,0.5,,,,,,,,,,,,,,,,,,,,,,,,,,,,,,,,,,,,,,,,,,,,,,,,,,,,,,,,,,,,,,,,,,,,,,,,,,,,,,,,,,,,,,,,,,,,,,,,,,,,,,,,,,,,,,,,,,,,,,,,,,,,,,,,
1900,10,22810,4.2,-39.2,,,,,,,,,,,,,,,,,,,,,,,,,,,,,,,,,6.7,6.7,10.06,7.93,12.0,3.01,10.0,0.4,1.95,4.0,7.12,4.07,12.0,3.62,10.0,0.4,-6.17,-4.74,7.12,-0.86,12.0,6.77,10.0,0.4,1012.52,1022.95,1024.73,1020.33,12.0,5.89,10.0,0.4,,,,,,,,,,,,,,,,,,,,,,,,,,,,,,,,,,,,,,,,,,,,,,,,,,,,,,,,,,,,,,,,,,,,,,,,,,,,,,,,,,,,,,,,,,,,,,,,,,,,,,,,,,,,,,,,,,,,,,,,,,,,,,,,
1900,10,22810,4.3,-45.0,,,,,,,,,,,,,,,,,,,,,,,,,,,,,,,,,5.35,6.95,8.55,6.95,2.0,3.32,28.0,0.0,3.78,4.91,6.05,4.91,2.0,2.35,28.0,0.0,-6.05,-4.91,-3.78,-4.91,2.0,2.35,28.0,0.0,1004.19,1004.8,1005.41,1004.8,2.0,1.27,28.0,0.0,,,,,,,,,,,,,,,,,,,,,,,,,,,,,,,,,,,,,,,,,,,,,,,,,,,,,,,,,,,,,,,,,,,,,,,,,,,,,,,,,,,,,,,,,,,,,,,,,,,,,,,,,,,,,,,,,,,,,,,,,,,,,,,,
1900,10,22810,4.3,-23.7,,,,,,,,,,,,,,,,,,,,,,,,,,,,,,,,,9.3,9.3,9.3,9.3,1.0,0.0,4.0,0.0,-6.58,-6.58,-6.58,-6.58,1.0,0.0,4.0,0.0,6.58,6.58,6.58,6.58,1.0,0.0,4.0,0.0,1019.5,1019.5,1019.5,1019.5,1.0,0.0,4.0,0.0,,,,,,,,,,,,,,,,,,,,,,,,,,,,,,,,,,,,,,,,,,,,,,,,,,,,,,,,,,,,,,,,,,,,,,,,,,,,,,,,,,,,,,,,,,,,,,,,,,,,,,,,,,,,,,,,,,,,,,,,,,,,,,,,
1900,10,22810,4.3,40.8,,,,,,,,,,,,,,,,,,,,,,,,,,,,,,,,,0.63,2.6,3.33,2.16,5.0,1.76,20.0,0.6,-1.59,0.0,1.64,0.07,5.0,2.17,20.0,0.6,-0.87,0.0,1.64,0.31,5.0,2.02,20.0,0.6,1017.47,1021.6,1024.83,1021.2,6.0,4.94,18.0,0.7,,,,,,,,,,,,,,,,,,,,,,,,,,,,,,,,,,,,,,,,,,,,,,,,,,,,,,,,,,,,,,,,,,,,,,,,,,,,,,,,,,,,,,,,,,,,,,,,,,,,,,,,,,,,,,,,,,,,,,,,,,,,,,,,
1900,10,22810,4.4,-37.4,,,,,,,,,,,,,,,,,,,,,,,,,,,,,,,,,1.0,4.6,6.57,3.66,14.0,2.3,14.0,0.6,-0.66,0.39,2.51,0.61,14.0,1.82,14.0,0.6,-4.03,1.56,4.17,0.63,14.0,3.95,14.0,0.6,1013.96,1023.7,1024.79,1020.86,14.0,5.18,14.0,0.6,,,,,,,,,,,,,,,,,,,,,,,,,,,,,,,,,,,,,,,,,,,,,,,,,,,,,,,,,,,,,,,,,,,,,,,,,,,,,,,,,,,,,,,,,,,,,,,,,,,,,,,,,,,,,,,,,,,,,,,,,,,,,,,,
1900,10,22810,4.4,54.3,,,,,,,,,,,,,,,,,,,,,,,,,,,,,,,,,3.55,6.95,10.87,7.2,4.0,4.41,26.0,1.0,2.51,5.98,9.01,5.77,4.0,3.78,26.0,1.0,-0.96,1.63,6.11,2.53,4.0,4.62,26.0,1.0,1002.02,1009.8,1017.26,1009.65,4.0,11.44,26.0,1.0,,,,,,,,,,,,,,,,,,,,,,,,,,,,,,,,,,,,,,,,,,,,,,,,,,,,,,,,,,,,,,,,,,,,,,,,,,,,,,,,,,,,,,,,,,,,,,,,,,,,,,,,,,,,,,,,,,,,,,,,,,,,,,,,
1900,10,22810,4.5,36.8,,,,,,,,,,,,,,,,,,,,,,,,,,,,,,,,,0.0,0.0,1.36,0.65,4.0,1.3,8.0,0.5,0.0,0.0,0.96,0.46,4.0,0.92,8.0,0.5,-0.96,0.0,0.0,-0.46,4.0,0.92,8.0,0.5,1015.29,1016.25,1017.21,1016.25,4.0,1.12,8.0,0.5,,,,,,,,,,,,,,,,,,,,,,,,,,,,,,,,,,,,,,,,,,,,,,,,,,,,,,,,,,,,,,,,,,,,,,,,,,,,,,,,,,,,,,,,,,,,,,,,,,,,,,,,,,,,,,,,,,,,,,,,,,,,,,,,
1900,10,22810,4.5,42.4,,,,,,,,,,,,,,,,,,,,,,,,,,,,,,,,,0.0,2.6,4.6,3.35,22.0,3.77,16.0,0.4,-1.82,0.0,3.25,0.61,22.0,2.47,16.0,0.4,-3.63,0.0,1.84,-1.29,22.0,4.21,16.0,0.4,1015.25,1020.2,1025.28,1020.02,21.0,4.82,16.0,0.4,,,,,,,,,,,,,,,,,,,,,,,,,,,,,,,,,,,,,,,,,,,,,,,,,,,,,,,,,,,,,,,,,,,,,,,,,,,,,,,,,,,,,,,,,,,,,,,,,,,,,,,,,,,,,,,,,,,,,,,,,,,,,,,,
1900,10,22810,4.8,-25.2,,,,,,,,,,,,,,,,,,,,,,,,,,,,,,,,,9.3,9.3,9.3,9.3,2.0,0.0,2.0,0.0,-8.25,-7.57,-6.89,-7.57,2.0,1.4,2.0,0.0,4.1,5.1,6.11,5.1,2.0,2.08,2.0,0.0,1018.99,1020.25,1021.51,1020.25,2.0,2.62,2.0,0.0,,,,,,,,,,,,,,,,,,,,,,,,,,,,,,,,,,,,,,,,,,,,,,,,,,,,,,,,,,,,,,,,,,,,,,,,,,,,,,,,,,,,,,,,,,,,,,,,,,,,,,,,,,,,,,,,,,,,,,,,,,,,,,,,
1900,10,22810,6.2,-43.1,,,,,,,,,,,,,,,,,,,,,,,,,,,,,,,,,6.5,6.7,9.3,7.61,13.0,2.17,26.0,0.5,0.0,4.74,6.44,4.19,13.0,3.56,26.0,0.5,-8.76,-2.51,1.88,-3.69,13.0,4.58,26.0,0.5,1007.91,1010.15,1013.67,1011.07,10.0,4.13,26.0,0.5,,,,,,,,,,,,,,,,,,,,,,,,,,,,,,,,,,,,,,,,,,,,,,,,,,,,,,,,,,,,,,,,,,,,,,,,,,,,,,,,,,,,,,,,,,,,,,,,,,,,,,,,,,,,,,,,,,,,,,,,,,,,,,,,
1900,10,22810,6.3,-45.0,,,,,,,,,,,,,,,,,,,,,,,,,,,,,,,,,4.6,4.6,4.6,4.6,3.0,0.0,28.0,1.0,3.57,4.27,4.49,4.04,3.0,0.7,28.0,1.0,-2.77,-1.72,-0.55,-1.66,3.0,1.63,28.0,1.0,1008.37,1009.8,1009.8,1009.1,3.0,1.21,28.0,1.0,,,,,,,,,,,,,,,,,,,,,,,,,,,,,,,,,,,,,,,,,,,,,,,,,,,,,,,,,,,,,,,,,,,,,,,,,,,,,,,,,,,,,,,,,,,,,,,,,,,,,,,,,,,,,,,,,,,,,,,,,,,,,,,,
1900,10,22810,6.3,-39.2,,,,,,,,,,,,,,,,,,,,,,,,,,,,,,,,,4.0,4.6,6.7,5.05,18.0,2.1,10.0,0.5,1.32,3.25,5.17,3.54,18.0,2.7,10.0,0.5,-0.52,2.2,4.37,1.92,18.0,2.64,10.0,0.5,1018.09,1021.8,1023.19,1020.93,18.0,2.41,10.0,0.5,,,,,,,,,,,,,,,,,,,,,,,,,,,,,,,,,,,,,,,,,,,,,,,,,,,,,,,,,,,,,,,,,,,,,,,,,,,,,,,,,,,,,,,,,,,,,,,,,,,,,,,,,,,,,,,,,,,,,,,,,,,,,,,,
1900,10,22810,6.3,54.3,,,,,,,,,,,,,,,,,,,,,,,,,,,,,,,,,4.63,9.0,13.37,9.0,2.0,9.05,22.0,1.0,2.44,7.7,12.96,7.7,2.0,10.89,22.0,1.0,-2.19,-1.3,-0.41,-1.3,2.0,1.84,22.0,1.0,1023.58,1025.7,1027.82,1025.7,2.0,4.38,22.0,1.0,,,,,,,,,,,,,,,,,,,,,,,,,,,,,,,,,,,,,,,,,,,,,,,,,,,,,,,,,,,,,,,,,,,,,,,,,,,,,,,,,,,,,,,,,,,,,,,,,,,,,,,,,,,,,,,,,,,,,,,,,,,,,,,,
1900,10,22810,6.4,-37.3,,,,,,,,,,,,,,,,,,,,,,,,,,,,,,,,,4.6,5.65,6.7,5.53,8.0,2.43,20.0,0.4,-4.68,-2.17,2.81,-1.58,8.0,3.91,20.0,0.4,-6.01,-2.72,3.09,-1.7,8.0,4.4,20.0,0.4,1010.48,1014.05,1020.51,1015.15,8.0,4.89,20.0,0.4,,,,,,,,,,,,,,,,,,,,,,,,,,,,,,,,,,,,,,,,,,,,,,,,,,,,,,,,,,,,,,,,,,,,,,,,,,,,,,,,,,,,,,,,,,,,,,,,,,,,,,,,,,,,,,,,,,,,,,,,,,,,,,,,
1900,10,22810,6.5,-41.0,,,,,,,,,,,,,,,,,,,,,,,,,,,,,,,,,2.92,3.6,4.28,3.6,2.0,1.41,8.0,0.0,1.49,2.6,3.72,2.6,2.0,2.31,8.0,0.0,1.89,2.1,2.31,2.1,2.0,0.43,8.0,0.0,1022.05,1022.15,1022.25,1022.15,2.0,0.21,8.0,0.0,,,,,,,,,,,,,,,,,,,,,,,,,,,,,,,,,,,,,,,,,,,,,,,,,,,,,,,,,,,,,,,,,,,,,,,,,,,,,,,,,,,,,,,,,,,,,,,,,,,,,,,,,,,,,,,,,,,,,,,,,,,,,,,,
1900,10,22810,6.5,-25.5,,,,,,,,,,,,,,,,,,,,,,,,,,,,,,,,,10.73,12.3,12.3,11.55,4.0,1.5,2.0,0.8,-8.7,-8.7,-7.59,-8.17,4.0,1.06,2.0,0.8,7.59,8.7,8.7,8.17,4.0,1.06,2.0,0.8,1020.97,1021.7,1022.38,1021.68,4.0,1.02,2.0,0.8,,,,,,,,,,,,,,,,,,,,,,,,,,,,,,,,,,,,,,,,,,,,,,,,,,,,,,,,,,,,,,,,,,,,,,,,,,,,,,,,,,,,,,,,,,,,,,,,,,,,,,,,,,,,,,,,,,,,,,,,,,,,,,,,
1900,10,22810,6.5,36.8,,,,,,,,,,,,,,,,,,,,,,,,,,,,,,,,,0.0,2.6,2.6,1.56,5.0,1.42,8.0,0.6,-0.67,0.0,0.87,0.11,5.0,1.5,8.0,0.6,-1.32,0.0,0.95,-0.05,5.0,1.67,8.0,0.6,1015.31,1018.0,1020.27,1017.8,5.0,2.57,8.0,0.6,,,,,,,,,,,,,,,,,,,,,,,,,,,,,,,,,,,,,,,,,,,,,,,,,,,,,,,,,,,,,,,,,,,,,,,,,,,,,,,,,,,,,,,,,,,,,,,,,,,,,,,,,,,,,,,,,,,,,,,,,,,,,,,,
1900,10,22810,6.5,42.4,,,,,,,,,,,,,,,,,,,,,,,,,,,,,,,,,1.0,2.6,6.78,4.19,26.0,3.62,14.0,0.4,-1.86,0.0,3.63,0.41,26.0,3.54,14.0,0.4,-4.25,0.0,1.88,-0.46,26.0,4.3,14.0,0.4,1012.58,1020.2,1027.31,1019.68,26.0,6.23,14.0,0.4,,,,,,,,,,,,,,,,,,,,,,,,,,,,,,,,,,,,,,,,,,,,,,,,,,,,,,,,,,,,,,,,,,,,,,,,,,,,,,,,,,,,,,,,,,,,,,,,,,,,,,,,,,,,,,,,,,,,,,,,,,,,,,,,
1900,10,22810,8.2,-41.0,,,,,,,,,,,,,,,,,,,,,,,,,,,,,,,,,7.53,9.3,9.3,8.43,3.0,1.5,10.0,0.7,7.31,8.62,8.62,7.98,3.0,1.11,10.0,0.7,-3.48,-3.48,-1.11,-2.32,3.0,2.01,10.0,0.7,1016.66,1018.3,1019.12,1017.9,3.0,1.83,10.0,0.7,,,,,,,,,,,,,,,,,,,,,,,,,,,,,,,,,,,,,,,,,,,,,,,,,,,,,,,,,,,,,,,,,,,,,,,,,,,,,,,,,,,,,,,,,,,,,,,,,,,,,,,,,,,,,,,,,,,,,,,,,,,,,,,,
1900,10,22810,8.2,-39.4,,,,,,,,,,,,,,,,,,,,,,,,,,,,,,,,,4.73,8.0,12.3,8.23,14.0,4.03,10.0,0.8,4.36,7.66,9.3,7.11,14.0,3.15,10.0,0.8,-8.44,-1.25,0.66,-2.65,14.0,4.16,10.0,0.8,1015.83,1019.1,1021.19,1018.18,14.0,3.49,10.0,0.8,,,,,,,,,,,,,,,,,,,,,,,,,,,,,,,,,,,,,,,,,,,,,,,,,,,,,,,,,,,,,,,,,,,,,,,,,,,,,,,,,,,,,,,,,,,,,,,,,,,,,,,,,,,,,,,,,,,,,,,,,,,,,,,,
1900,10,22810,8.3,-45.2,,,,,,,,,,,,,,,,,,,,,,,,,,,,,,,,,2.6,2.6,5.4,3.97,3.0,2.37,28.0,0.0,1.46,2.41,5.01,3.21,3.0,2.69,28.0,0.0,-2.47,-2.39,-1.42,-1.96,3.0,0.86,28.0,0.0,1009.41,1010.5,1011.39,1010.4,3.0,1.45,28.0,0.0,,,,,,,,,,,,,,,,,,,,,,,,,,,,,,,,,,,,,,,,,,,,,,,,,,,,,,,,,,,,,,,,,,,,,,,,,,,,,,,,,,,,,,,,,,,,,,,,,,,,,,,,,,,,,,,,,,,,,,,,,,,,,,,,
1900,10,22810,8.3,-43.4,,,,,,,,,,,,,,,,,,,,,,,,,,,,,,,,,6.5,6.7,9.3,7.53,13.0,2.79,26.0,0.5,3.19,6.17,6.59,4.89,13.0,2.4,26.0,0.5,-8.56,-6.17,0.09,-4.4,13.0,4.08,26.0,0.5,1008.89,1009.5,1010.61,1009.72,10.0,1.19,26.0,0.4,,,,,,,,,,,,,,,,,,,,,,,,,,,,,,,,,,,,,,,,,,,,,,,,,,,,,,,,,,,,,,,,,,,,,,,,,,,,,,,,,,,,,,,,,,,,,,,,,,,,,,,,,,,,,,,,,,,,,,,,,,,,,,,,
1900,10,22810,8.3,-25.7,,,,,,,,,,,,,,,,,,,,,,,,,,,,,,,,,12.3,12.3,12.3,12.3,1.0,0.0,2.0,0.0,-8.7,-8.7,-8.7,-8.7,1.0,0.0,2.0,0.0,8.7,8.7,8.7,8.7,1.0,0.0,2.0,0.0,1022.6,1022.6,1022.6,1022.6,1.0,0.0,2.0,0.0,,,,,,,,,,,,,,,,,,,,,,,,,,,,,,,,,,,,,,,,,,,,,,,,,,,,,,,,,,,,,,,,,,,,,,,,,,,,,,,,,,,,,,,,,,,,,,,,,,,,,,,,,,,,,,,,,,,,,,,,,,,,,,,,
1900,10,22810,8.4,40.8,,,,,,,,,,,,,,,,,,,,,,,,,,,,,,,,,0.59,2.6,5.47,2.76,11.0,2.37,10.0,0.6,-1.36,0.0,1.61,0.17,11.0,2.49,10.0,0.6,-2.49,-0.39,0.76,-0.29,11.0,2.77,10.0,0.6,1012.97,1024.3,1027.68,1021.34,11.0,7.08,10.0,0.6,,,,,,,,,,,,,,,,,,,,,,,,,,,,,,,,,,,,,,,,,,,,,,,,,,,,,,,,,,,,,,,,,,,,,,,,,,,,,,,,,,,,,,,,,,,,,,,,,,,,,,,,,,,,,,,,,,,,,,,,,,,,,,,,
1900,10,22810,8.5,-37.2,,,,,,,,,,,,,,,,,,,,,,,,,,,,,,,,,2.92,4.6,5.37,4.1,5.0,2.47,26.0,0.8,-4.33,0.0,4.39,-0.12,5.0,4.7,26.0,0.8,-2.78,0.0,0.63,-0.81,5.0,2.04,26.0,0.8,1002.5,1002.55,1005.74,1004.05,4.0,3.03,26.0,0.8,,,,,,,,,,,,,,,,,,,,,,,,,,,,,,,,,,,,,,,,,,,,,,,,,,,,,,,,,,,,,,,,,,,,,,,,,,,,,,,,,,,,,,,,,,,,,,,,,,,,,,,,,,,,,,,,,,,,,,,,,,,,,,,,
1900,10,22810,8.5,36.8,,,,,,,,,,,,,,,,,,,,,,,,,,,,,,,,,0.0,2.6,4.6,2.36,5.0,2.3,10.0,0.4,0.0,0.0,3.07,1.33,5.0,1.93,10.0,0.4,-2.82,-1.02,0.0,-1.48,5.0,1.9,10.0,0.4,1015.5,1016.3,1019.06,1017.06,5.0,2.0,10.0,0.4,,,,,,,,,,,,,,,,,,,,,,,,,,,,,,,,,,,,,,,,,,,,,,,,,,,,,,,,,,,,,,,,,,,,,,,,,,,,,,,,,,,,,,,,,,,,,,,,,,,,,,,,,,,,,,,,,,,,,,,,,,,,,,,,
1900,10,22810,8.6,-27.2,,,,,,,,,,,,,,,,,,,,,,,,,,,,,,,,,12.3,12.3,12.3,12.3,4.0,0.0,2.0,0.8,-8.7,-8.7,-6.55,-7.67,4.0,2.04,2.0,0.8,8.7,8.7,10.12,9.37,4.0,1.35,2.0,0.8,1021.69,1022.5,1023.0,1022.35,4.0,0.79,2.0,0.8,,,,,,,,,,,,,,,,,,,,,,,,,,,,,,,,,,,,,,,,,,,,,,,,,,,,,,,,,,,,,,,,,,,,,,,,,,,,,,,,,,,,,,,,,,,,,,,,,,,,,,,,,,,,,,,,,,,,,,,,,,,,,,,,
1900,10,22810,8.6,42.7,,,,,,,,,,,,,,,,,,,,,,,,,,,,,,,,,0.43,3.6,9.3,4.84,10.0,4.35,22.0,0.3,-3.16,0.0,4.32,0.02,10.0,4.5,22.0,0.3,-0.57,2.46,3.98,0.96,10.0,4.87,22.0,0.3,1013.5,1016.2,1018.09,1015.95,11.0,2.62,22.0,0.3,,,,,,,,,,,,,,,,,,,,,,,,,,,,,,,,,,,,,,,,,,,,,,,,,,,,,,,,,,,,,,,,,,,,,,,,,,,,,,,,,,,,,,,,,,,,,,,,,,,,,,,,,,,,,,,,,,,,,,,,,,,,,,,,
1900,10,22810,10.2,-39.5,,,,,,,,,,,,,,,,,,,,,,,,,,,,,,,,,9.3,9.3,12.3,10.36,9.0,2.55,12.0,0.0,7.13,8.7,10.46,8.68,9.0,2.03,12.0,0.0,-4.3,0.0,6.08,-0.27,9.0,6.17,12.0,0.0,1015.15,1017.7,1023.48,1016.94,9.0,7.57,12.0,0.0,,,,,,,,,,,,,,,,,,,,,,,,,,,,,,,,,,,,,,,,,,,,,,,,,,,,,,,,,,,,,,,,,,,,,,,,,,,,,,,,,,,,,,,,,,,,,,,,,,,,,,,,,,,,,,,,,,,,,,,,,,,,,,,,
1900,10,22810,10.3,-45.2,,,,,,,,,,,,,,,,,,,,,,,,,,,,,,,,,2.52,2.6,4.7,3.24,7.0,1.85,26.0,0.9,-1.04,0.0,2.55,0.49,7.0,1.95,26.0,0.9,-2.39,1.0,3.39,1.03,7.0,3.21,26.0,0.9,1001.4,1008.6,1009.42,1006.1,7.0,4.16,26.0,0.9,,,,,,,,,,,,,,,,,,,,,,,,,,,,,,,,,,,,,,,,,,,,,,,,,,,,,,,,,,,,,,,,,,,,,,,,,,,,,,,,,,,,,,,,,,,,,,,,,,,,,,,,,,,,,,,,,,,,,,,,,,,,,,,,
1900,10,22810,10.3,-43.4,,,,,,,,,,,,,,,,,,,,,,,,,,,,,,,,,6.7,6.7,9.3,7.22,11.0,1.47,30.0,0.5,3.58,6.21,8.62,5.63,11.0,3.32,30.0,0.5,-4.59,-2.51,-2.18,-3.06,11.0,1.81,30.0,0.5,1008.91,1011.3,1014.27,1011.48,6.0,2.99,30.0,0.7,,,,,,,,,,,,,,,,,,,,,,,,,,,,,,,,,,,,,,,,,,,,,,,,,,,,,,,,,,,,,,,,,,,,,,,,,,,,,,,,,,,,,,,,,,,,,,,,,,,,,,,,,,,,,,,,,,,,,,,,,,,,,,,,
1900,10,22810,10.3,-27.7,,,,,,,,,,,,,,,,,,,,,,,,,,,,,,,,,15.4,15.4,15.4,15.4,1.0,0.0,2.0,0.0,0.0,0.0,0.0,0.0,1.0,0.0,2.0,0.0,15.4,15.4,15.4,15.4,1.0,0.0,2.0,0.0,1020.1,1020.1,1020.1,1020.1,1.0,0.0,2.0,0.0,,,,,,,,,,,,,,,,,,,,,,,,,,,,,,,,,,,,,,,,,,,,,,,,,,,,,,,,,,,,,,,,,,,,,,,,,,,,,,,,,,,,,,,,,,,,,,,,,,,,,,,,,,,,,,,,,,,,,,,,,,,,,,,,
1900,10,22810,10.3,42.3,,,,,,,,,,,,,,,,,,,,,,,,,,,,,,,,,4.19,5.65,7.24,5.75,6.0,2.32,20.0,0.5,-6.67,-3.25,-0.52,-2.83,6.0,5.22,20.0,0.5,-0.72,1.82,3.25,1.11,6.0,2.6,20.0,0.5,1013.35,1015.0,1015.71,1014.57,6.0,1.7,20.0,0.5,,,,,,,,,,,,,,,,,,,,,,,,,,,,,,,,,,,,,,,,,,,,,,,,,,,,,,,,,,,,,,,,,,,,,,,,,,,,,,,,,,,,,,,,,,,,,,,,,,,,,,,,,,,,,,,,,,,,,,,,,,,,,,,,
1900,10,22810,10.4,-41.4,,,,,,,,,,,,,,,,,,,,,,,,,,,,,,,,,12.3,15.4,15.4,14.51,7.0,1.51,10.0,0.1,10.78,10.89,14.18,11.59,7.0,1.97,10.0,0.1,-10.89,-4.61,6.15,-2.36,7.0,9.0,10.0,0.1,1008.93,1013.5,1014.59,1011.64,5.0,4.99,10.0,0.2,,,,,,,,,,,,,,,,,,,,,,,,,,,,,,,,,,,,,,,,,,,,,,,,,,,,,,,,,,,,,,,,,,,,,,,,,,,,,,,,,,,,,,,,,,,,,,,,,,,,,,,,,,,,,,,,,,,,,,,,,,,,,,,,
1900,10,22810,10.5,-37.2,,,,,,,,,,,,,,,,,,,,,,,,,,,,,,,,,6.7,8.0,9.3,8.0,4.0,1.5,26.0,0.3,6.42,7.63,8.56,7.5,4.0,1.25,26.0,0.3,-3.63,-3.13,-1.25,-2.47,4.0,1.72,26.0,0.3,1006.5,1007.75,1009.21,1007.85,4.0,2.09,26.0,0.3,,,,,,,,,,,,,,,,,,,,,,,,,,,,,,,,,,,,,,,,,,,,,,,,,,,,,,,,,,,,,,,,,,,,,,,,,,,,,,,,,,,,,,,,,,,,,,,,,,,,,,,,,,,,,,,,,,,,,,,,,,,,,,,,
1900,10,22810,10.6,36.6,,,,,,,,,,,,,,,,,,,,,,,,,,,,,,,,,2.02,4.6,4.6,3.48,5.0,1.63,8.0,0.4,-1.25,-0.37,3.25,0.69,5.0,2.39,8.0,0.4,-3.25,0.93,3.09,0.22,5.0,3.38,8.0,0.4,1016.7,1018.8,1020.19,1018.56,5.0,1.83,8.0,0.4,,,,,,,,,,,,,,,,,,,,,,,,,,,,,,,,,,,,,,,,,,,,,,,,,,,,,,,,,,,,,,,,,,,,,,,,,,,,,,,,,,,,,,,,,,,,,,,,,,,,,,,,,,,,,,,,,,,,,,,,,,,,,,,,
1900,10,22810,10.6,40.5,,,,,,,,,,,,,,,,,,,,,,,,,,,,,,,,,2.04,4.6,9.3,5.61,24.0,3.72,14.0,0.5,-1.02,2.07,8.61,2.9,24.0,4.29,14.0,0.5,-4.81,-1.66,3.12,-1.21,24.0,4.24,14.0,0.5,1010.6,1015.2,1025.32,1017.33,24.0,6.68,14.0,0.5,,,,,,,,,,,,,,,,,,,,,,,,,,,,,,,,,,,,,,,,,,,,,,,,,,,,,,,,,,,,,,,,,,,,,,,,,,,,,,,,,,,,,,,,,,,,,,,,,,,,,,,,,,,,,,,,,,,,,,,,,,,,,,,,
1900,10,22810,12.2,-39.5,,,,,,,,,,,,,,,,,,,,,,,,,,,,,,,,,9.3,9.3,9.3,9.3,3.0,0.0,10.0,1.0,6.58,6.58,6.58,6.58,3.0,0.0,10.0,1.0,6.58,6.58,6.58,6.58,3.0,0.0,10.0,1.0,1017.62,1018.3,1018.3,1017.97,3.0,0.58,10.0,1.0,,,,,,,,,,,,,,,,,,,,,,,,,,,,,,,,,,,,,,,,,,,,,,,,,,,,,,,,,,,,,,,,,,,,,,,,,,,,,,,,,,,,,,,,,,,,,,,,,,,,,,,,,,,,,,,,,,,,,,,,,,,,,,,,
1900,10,22810,12.3,-45.1,,,,,,,,,,,,,,,,,,,,,,,,,,,,,,,,,1.0,4.6,9.44,5.06,7.0,4.28,26.0,0.1,1.0,3.25,8.7,4.46,7.0,4.04,26.0,0.1,-3.32,0.39,1.92,-0.03,7.0,2.94,26.0,0.1,1005.47,1007.1,1007.67,1007.1,7.0,1.99,26.0,0.1,,,,,,,,,,,,,,,,,,,,,,,,,,,,,,,,,,,,,,,,,,,,,,,,,,,,,,,,,,,,,,,,,,,,,,,,,,,,,,,,,,,,,,,,,,,,,,,,,,,,,,,,,,,,,,,,,,,,,,,,,,,,,,,,
1900,10,22810,12.3,-43.2,,,,,,,,,,,,,,,,,,,,,,,,,,,,,,,,,5.17,6.7,10.79,7.6,9.0,3.89,28.0,0.7,-3.46,1.02,10.0,3.09,9.0,6.86,28.0,0.7,-6.17,-4.61,-2.42,-3.96,9.0,2.16,28.0,0.7,1008.25,1009.2,1013.66,1009.99,7.0,3.81,26.0,0.6,,,,,,,,,,,,,,,,,,,,,,,,,,,,,,,,,,,,,,,,,,,,,,,,,,,,,,,,,,,,,,,,,,,,,,,,,,,,,,,,,,,,,,,,,,,,,,,,,,,,,,,,,,,,,,,,,,,,,,,,,,,,,,,,
1900,10,22810,12.3,-41.1,,,,,,,,,,,,,,,,,,,,,,,,,,,,,,,,,7.28,12.3,19.0,12.65,15.0,6.78,12.0,0.7,6.29,8.7,15.85,10.27,15.0,5.79,12.0,0.7,-12.33,0.0,6.18,-2.33,15.0,8.06,12.0,0.7,1000.75,1015.8,1023.67,1013.57,11.0,10.32,14.0,0.8,,,,,,,,,,,,,,,,,,,,,,,,,,,,,,,,,,,,,,,,,,,,,,,,,,,,,,,,,,,,,,,,,,,,,,,,,,,,,,,,,,,,,,,,,,,,,,,,,,,,,,,,,,,,,,,,,,,,,,,,,,,,,,,,
1900,10,22810,12.5,-37.2,,,,,,,,,,,,,,,,,,,,,,,,,,,,,,,,,9.3,9.3,9.3,9.3,4.0,0.0,28.0,0.5,8.56,8.93,9.3,8.93,4.0,0.43,28.0,0.5,-3.63,-1.82,0.0,-1.82,4.0,2.1,28.0,0.5,1013.12,1015.35,1017.37,1015.25,4.0,2.51,28.0,0.5,,,,,,,,,,,,,,,,,,,,,,,,,,,,,,,,,,,,,,,,,,,,,,,,,,,,,,,,,,,,,,,,,,,,,,,,,,,,,,,,,,,,,,,,,,,,,,,,,,,,,,,,,,,,,,,,,,,,,,,,,,,,,,,,
1900,10,22810,12.5,36.3,,,,,,,,,,,,,,,,,,,,,,,,,,,,,,,,,1.0,2.8,4.6,2.8,4.0,2.08,10.0,0.8,0.0,2.12,4.23,2.12,4.0,2.44,10.0,0.8,-1.8,-0.4,1.0,-0.4,4.0,1.62,10.0,0.8,1016.59,1019.2,1022.71,1019.63,4.0,3.63,10.0,0.8,,,,,,,,,,,,,,,,,,,,,,,,,,,,,,,,,,,,,,,,,,,,,,,,,,,,,,,,,,,,,,,,,,,,,,,,,,,,,,,,,,,,,,,,,,,,,,,,,,,,,,,,,,,,,,,,,,,,,,,,,,,,,,,,
1900,10,22810,12.5,40.3,,,,,,,,,,,,,,,,,,,,,,,,,,,,,,,,,4.6,4.6,10.79,6.49,9.0,4.49,18.0,0.2,-1.15,3.25,9.62,4.02,9.0,4.83,18.0,0.2,-3.08,1.72,4.52,1.95,9.0,4.66,18.0,0.2,1006.79,1012.75,1015.98,1011.91,12.0,4.09,20.0,0.4,,,,,,,,,,,,,,,,,,,,,,,,,,,,,,,,,,,,,,,,,,,,,,,,,,,,,,,,,,,,,,,,,,,,,,,,,,,,,,,,,,,,,,,,,,,,,,,,,,,,,,,,,,,,,,,,,,,,,,,,,,,,,,,,
1900,10,22810,12.6,38.8,,,,,,,,,,,,,,,,,,,,,,,,,,,,,,,,,0.0,1.0,6.57,2.79,14.0,3.37,14.0,0.4,0.0,0.0,2.41,1.12,14.0,1.97,14.0,0.4,-1.0,0.0,1.68,1.12,14.0,3.63,14.0,0.4,1010.88,1016.5,1025.46,1017.61,15.0,6.82,14.0,0.5,,,,,,,,,,,,,,,,,,,,,,,,,,,,,,,,,,,,,,,,,,,,,,,,,,,,,,,,,,,,,,,,,,,,,,,,,,,,,,,,,,,,,,,,,,,,,,,,,,,,,,,,,,,,,,,,,,,,,,,,,,,,,,,,
1900,10,22810,14.2,-45.1,,,,,,,,,,,,,,,,,,,,,,,,,,,,,,,,,4.6,9.3,9.44,8.01,7.0,2.84,26.0,0.6,0.0,4.74,8.69,5.06,7.0,4.2,26.0,0.6,3.55,4.74,6.71,5.06,7.0,2.36,26.0,0.6,1014.13,1014.85,1015.57,1014.85,2.0,1.48,30.0,1.0,,,,,,,,,,,,,,,,,,,,,,,,,,,,,,,,,,,,,,,,,,,,,,,,,,,,,,,,,,,,,,,,,,,,,,,,,,,,,,,,,,,,,,,,,,,,,,,,,,,,,,,,,,,,,,,,,,,,,,,,,,,,,,,,
1900,10,22810,14.2,-41.2,,,,,,,,,,,,,,,,,,,,,,,,,,,,,,,,,9.3,12.3,26.8,15.85,13.0,7.82,12.0,0.3,9.3,11.4,21.51,14.42,13.0,6.8,12.0,0.3,-9.18,0.0,0.0,-4.32,13.0,6.45,12.0,0.3,993.64,1013.0,1016.58,1008.21,7.0,11.45,12.0,0.0,,,,,,,,,,,,,,,,,,,,,,,,,,,,,,,,,,,,,,,,,,,,,,,,,,,,,,,,,,,,,,,,,,,,,,,,,,,,,,,,,,,,,,,,,,,,,,,,,,,,,,,,,,,,,,,,,,,,,,,,,,,,,,,,
1900,10,22810,14.2,-31.0,,,,,,,,,,,,,,,,,,,,,,,,,,,,,,,,,9.3,9.3,9.3,9.3,3.0,0.0,10.0,0.0,8.56,8.56,9.07,8.81,3.0,0.43,10.0,0.0,1.15,3.63,3.63,2.42,3.0,2.1,10.0,0.0,1015.46,1017.3,1017.71,1016.6,3.0,1.76,10.0,0.0,,,,,,,,,,,,,,,,,,,,,,,,,,,,,,,,,,,,,,,,,,,,,,,,,,,,,,,,,,,,,,,,,,,,,,,,,,,,,,,,,,,,,,,,,,,,,,,,,,,,,,,,,,,,,,,,,,,,,,,,,,,,,,,,
1900,10,22810,14.3,-43.0,,,,,,,,,,,,,,,,,,,,,,,,,,,,,,,,,9.3,12.35,15.4,12.35,4.0,3.52,20.0,0.8,7.55,11.4,14.18,10.89,4.0,3.89,20.0,0.8,-5.1,1.27,6.02,0.49,4.0,6.5,20.0,0.8,1000.93,1006.8,1012.99,1006.95,4.0,6.96,20.0,0.8,,,,,,,,,,,,,,,,,,,,,,,,,,,,,,,,,,,,,,,,,,,,,,,,,,,,,,,,,,,,,,,,,,,,,,,,,,,,,,,,,,,,,,,,,,,,,,,,,,,,,,,,,,,,,,,,,,,,,,,,,,,,,,,,
1900,10,22810,14.5,34.8,,,,,,,,,,,,,,,,,,,,,,,,,,,,,,,,,0.16,0.5,0.84,0.5,2.0,0.71,4.0,0.0,0.11,0.35,0.59,0.35,2.0,0.5,4.0,0.0,-0.59,-0.35,-0.11,-0.35,2.0,0.5,4.0,0.0,1020.23,1020.5,1020.77,1020.5,2.0,0.57,4.0,0.0,,,,,,,,,,,,,,,,,,,,,,,,,,,,,,,,,,,,,,,,,,,,,,,,,,,,,,,,,,,,,,,,,,,,,,,,,,,,,,,,,,,,,,,,,,,,,,,,,,,,,,,,,,,,,,,,,,,,,,,,,,,,,,,,
1900,10,22810,14.5,38.4,,,,,,,,,,,,,,,,,,,,,,,,,,,,,,,,,0.0,2.6,5.33,2.88,24.0,3.47,16.0,0.6,-0.64,0.0,5.05,1.38,24.0,3.13,16.0,0.6,-3.25,0.0,0.0,-1.47,24.0,2.58,16.0,0.6,1012.65,1014.9,1021.41,1016.57,23.0,4.69,16.0,0.7,,,,,,,,,,,,,,,,,,,,,,,,,,,,,,,,,,,,,,,,,,,,,,,,,,,,,,,,,,,,,,,,,,,,,,,,,,,,,,,,,,,,,,,,,,,,,,,,,,,,,,,,,,,,,,,,,,,,,,,,,,,,,,,,
1900,10,22810,14.6,-37.2,,,,,,,,,,,,,,,,,,,,,,,,,,,,,,,,,5.6,6.7,6.7,6.18,4.0,1.05,28.0,0.8,4.67,5.47,6.47,5.56,4.0,1.05,28.0,0.8,0.0,1.25,3.68,1.81,4.0,2.28,28.0,0.8,1019.81,1021.05,1021.61,1020.73,4.0,1.24,28.0,0.8,,,,,,,,,,,,,,,,,,,,,,,,,,,,,,,,,,,,,,,,,,,,,,,,,,,,,,,,,,,,,,,,,,,,,,,,,,,,,,,,,,,,,,,,,,,,,,,,,,,,,,,,,,,,,,,,,,,,,,,,,,,,,,,,
1900,10,22810,14.6,36.5,,,,,,,,,,,,,,,,,,,,,,,,,,,,,,,,,1.0,4.6,4.6,3.37,12.0,1.61,16.0,0.5,-0.98,1.63,3.5,1.24,12.0,2.69,16.0,0.5,-3.25,-0.9,1.95,-0.66,12.0,2.36,16.0,0.5,1012.95,1016.2,1018.56,1016.52,12.0,3.44,16.0,0.5,,,,,,,,,,,,,,,,,,,,,,,,,,,,,,,,,,,,,,,,,,,,,,,,,,,,,,,,,,,,,,,,,,,,,,,,,,,,,,,,,,,,,,,,,,,,,,,,,,,,,,,,,,,,,,,,,,,,,,,,,,,,,,,,
1900,10,22810,14.9,-33.7,,,,,,,,,,,,,,,,,,,,,,,,,,,,,,,,,6.27,6.7,9.3,7.22,6.0,1.81,10.0,0.7,3.49,4.89,5.89,4.57,6.0,1.65,10.0,0.7,2.47,3.83,8.28,4.95,6.0,2.94,10.0,0.7,1015.05,1015.5,1016.24,1015.6,5.0,0.64,10.0,0.6,,,,,,,,,,,,,,,,,,,,,,,,,,,,,,,,,,,,,,,,,,,,,,,,,,,,,,,,,,,,,,,,,,,,,,,,,,,,,,,,,,,,,,,,,,,,,,,,,,,,,,,,,,,,,,,,,,,,,,,,,,,,,,,,
1900,10,22810,16.1,-33.7,,,,,,,,,,,,,,,,,,,,,,,,,,,,,,,,,4.93,5.65,6.37,5.65,2.0,1.48,10.0,0.0,1.34,1.73,2.12,1.73,2.0,0.8,10.0,0.0,4.4,5.29,6.18,5.29,2.0,1.85,10.0,0.0,1016.23,1016.3,1016.37,1016.3,2.0,0.14,10.0,0.0,,,,,,,,,,,,,,,,,,,,,,,,,,,,,,,,,,,,,,,,,,,,,,,,,,,,,,,,,,,,,,,,,,,,,,,,,,,,,,,,,,,,,,,,,,,,,,,,,,,,,,,,,,,,,,,,,,,,,,,,,,,,,,,,
1900,10,22810,16.3,-45.2,,,,,,,,,,,,,,,,,,,,,,,,,,,,,,,,,2.52,9.3,12.45,7.79,7.0,5.26,28.0,0.4,2.52,4.81,6.78,5.24,7.0,3.21,28.0,0.4,0.0,6.58,10.91,5.31,7.0,4.82,28.0,0.4,1005.46,1016.4,1016.82,1012.22,5.0,6.19,28.0,0.2,,,,,,,,,,,,,,,,,,,,,,,,,,,,,,,,,,,,,,,,,,,,,,,,,,,,,,,,,,,,,,,,,,,,,,,,,,,,,,,,,,,,,,,,,,,,,,,,,,,,,,,,,,,,,,,,,,,,,,,,,,,,,,,,
1900,10,22810,16.3,-43.0,,,,,,,,,,,,,,,,,,,,,,,,,,,,,,,,,12.3,12.3,13.92,13.08,4.0,1.55,20.0,0.0,11.79,12.3,13.28,12.52,4.0,1.19,20.0,0.0,0.0,2.4,5.44,2.71,4.0,3.16,20.0,0.0,1006.49,1009.35,1011.11,1008.83,4.0,2.82,20.0,0.0,,,,,,,,,,,,,,,,,,,,,,,,,,,,,,,,,,,,,,,,,,,,,,,,,,,,,,,,,,,,,,,,,,,,,,,,,,,,,,,,,,,,,,,,,,,,,,,,,,,,,,,,,,,,,,,,,,,,,,,,,,,,,,,,
1900,10,22810,16.3,-41.3,,,,,,,,,,,,,,,,,,,,,,,,,,,,,,,,,9.3,12.3,26.8,15.32,12.0,7.95,14.0,0.6,9.11,11.4,20.45,13.46,12.0,6.3,14.0,0.6,-11.55,-4.61,0.0,-6.25,12.0,6.26,14.0,0.6,1007.57,1009.35,1011.96,1009.73,6.0,2.74,14.0,1.0,,,,,,,,,,,,,,,,,,,,,,,,,,,,,,,,,,,,,,,,,,,,,,,,,,,,,,,,,,,,,,,,,,,,,,,,,,,,,,,,,,,,,,,,,,,,,,,,,,,,,,,,,,,,,,,,,,,,,,,,,,,,,,,,
1900,10,22810,16.3,-31.0,,,,,,,,,,,,,,,,,,,,,,,,,,,,,,,,,6.7,6.7,8.47,7.57,3.0,1.5,12.0,1.0,6.37,6.7,7.97,7.16,3.0,1.24,12.0,1.0,-1.71,0.0,2.48,0.37,3.0,3.09,12.0,1.0,1011.51,1012.6,1013.49,1012.5,3.0,1.45,12.0,1.0,,,,,,,,,,,,,,,,,,,,,,,,,,,,,,,,,,,,,,,,,,,,,,,,,,,,,,,,,,,,,,,,,,,,,,,,,,,,,,,,,,,,,,,,,,,,,,,,,,,,,,,,,,,,,,,,,,,,,,,,,,,,,,,,
1900,10,22810,16.4,-35.5,,,,,,,,,,,,,,,,,,,,,,,,,,,,,,,,,4.6,6.7,9.3,6.91,7.0,2.35,14.0,0.7,3.9,6.3,9.3,6.36,7.0,2.83,14.0,0.7,-0.15,0.0,2.38,0.77,7.0,2.32,14.0,0.7,1012.89,1015.0,1015.89,1014.3,6.0,2.84,14.0,0.7,,,,,,,,,,,,,,,,,,,,,,,,,,,,,,,,,,,,,,,,,,,,,,,,,,,,,,,,,,,,,,,,,,,,,,,,,,,,,,,,,,,,,,,,,,,,,,,,,,,,,,,,,,,,,,,,,,,,,,,,,,,,,,,,
1900,10,22810,16.5,-37.3,,,,,,,,,,,,,,,,,,,,,,,,,,,,,,,,,2.52,4.6,19.0,7.63,7.0,7.87,24.0,0.3,1.78,4.27,16.52,6.87,7.0,7.16,24.0,0.3,-6.64,-0.71,1.73,-2.02,7.0,4.32,24.0,0.3,1005.63,1017.4,1021.02,1014.61,7.0,7.56,24.0,0.3,,,,,,,,,,,,,,,,,,,,,,,,,,,,,,,,,,,,,,,,,,,,,,,,,,,,,,,,,,,,,,,,,,,,,,,,,,,,,,,,,,,,,,,,,,,,,,,,,,,,,,,,,,,,,,,,,,,,,,,,,,,,,,,,
1900,10,22810,16.5,34.8,,,,,,,,,,,,,,,,,,,,,,,,,,,,,,,,,0.0,1.8,4.6,2.13,6.0,2.13,10.0,0.7,-0.21,0.46,3.25,1.07,6.0,1.8,10.0,0.7,-3.25,-1.39,0.0,-1.55,6.0,1.59,10.0,0.7,1015.99,1018.3,1019.47,1017.95,6.0,2.0,10.0,0.7,,,,,,,,,,,,,,,,,,,,,,,,,,,,,,,,,,,,,,,,,,,,,,,,,,,,,,,,,,,,,,,,,,,,,,,,,,,,,,,,,,,,,,,,,,,,,,,,,,,,,,,,,,,,,,,,,,,,,,,,,,,,,,,,
1900,10,22810,16.5,36.7,,,,,,,,,,,,,,,,,,,,,,,,,,,,,,,,,0.0,4.6,5.67,3.17,23.0,2.49,14.0,0.4,0.0,0.0,3.25,0.5,23.0,2.27,14.0,0.4,-2.84,0.0,4.67,0.54,23.0,3.3,14.0,0.4,1012.24,1017.0,1023.1,1017.22,23.0,4.93,14.0,0.4,,,,,,,,,,,,,,,,,,,,,,,,,,,,,,,,,,,,,,,,,,,,,,,,,,,,,,,,,,,,,,,,,,,,,,,,,,,,,,,,,,,,,,,,,,,,,,,,,,,,,,,,,,,,,,,,,,,,,,,,,,,,,,,,
1900,10,22810,18.2,-41.4,,,,,,,,,,,,,,,,,,,,,,,,,,,,,,,,,12.3,15.4,22.37,16.04,14.0,5.76,14.0,0.6,8.62,10.46,14.18,10.63,14.0,6.19,14.0,0.6,-8.7,0.0,18.18,2.37,14.0,12.02,14.0,0.6,998.87,1005.7,1007.65,1003.1,5.0,7.37,14.0,0.0,,,,,,,,,,,,,,,,,,,,,,,,,,,,,,,,,,,,,,,,,,,,,,,,,,,,,,,,,,,,,,,,,,,,,,,,,,,,,,,,,,,,,,,,,,,,,,,,,,,,,,,,,,,,,,,,,,,,,,,,,,,,,,,,
1900,10,22810,18.3,-45.2,,,,,,,,,,,,,,,,,,,,,,,,,,,,,,,,,4.6,6.7,8.6,6.28,9.0,3.21,30.0,0.6,1.8,2.62,4.74,3.37,9.0,2.43,30.0,0.6,-4.23,0.71,7.58,0.96,9.0,5.9,30.0,0.6,1008.63,1013.7,1014.64,1011.98,5.0,3.28,28.0,0.8,,,,,,,,,,,,,,,,,,,,,,,,,,,,,,,,,,,,,,,,,,,,,,,,,,,,,,,,,,,,,,,,,,,,,,,,,,,,,,,,,,,,,,,,,,,,,,,,,,,,,,,,,,,,,,,,,,,,,,,,,,,,,,,,
1900,10,22810,18.3,-43.2,,,,,,,,,,,,,,,,,,,,,,,,,,,,,,,,,9.3,12.3,12.94,11.82,6.0,2.29,20.0,0.8,8.15,11.32,12.71,10.73,6.0,2.75,20.0,0.8,-1.19,4.22,5.17,2.34,6.0,4.54,20.0,0.8,1007.95,1010.25,1015.17,1011.13,6.0,3.87,20.0,0.8,,,,,,,,,,,,,,,,,,,,,,,,,,,,,,,,,,,,,,,,,,,,,,,,,,,,,,,,,,,,,,,,,,,,,,,,,,,,,,,,,,,,,,,,,,,,,,,,,,,,,,,,,,,,,,,,,,,,,,,,,,,,,,,,
1900,10,22810,18.3,-31.0,,,,,,,,,,,,,,,,,,,,,,,,,,,,,,,,,7.11,8.0,8.89,8.0,2.0,1.84,12.0,0.0,7.01,7.66,8.32,7.66,2.0,1.36,12.0,0.0,-2.93,-1.74,-0.55,-1.74,2.0,2.46,12.0,0.0,1008.34,1009.3,1010.26,1009.3,2.0,1.98,12.0,0.0,,,,,,,,,,,,,,,,,,,,,,,,,,,,,,,,,,,,,,,,,,,,,,,,,,,,,,,,,,,,,,,,,,,,,,,,,,,,,,,,,,,,,,,,,,,,,,,,,,,,,,,,,,,,,,,,,,,,,,,,,,,,,,,,
1900,10,22810,18.6,-35.7,,,,,,,,,,,,,,,,,,,,,,,,,,,,,,,,,4.6,4.6,4.6,4.6,5.0,0.0,30.0,0.4,3.88,4.6,4.6,4.26,5.0,0.58,30.0,0.4,-0.66,0.0,1.19,0.29,5.0,1.83,30.0,0.4,1014.1,1014.8,1015.41,1014.72,5.0,0.85,30.0,0.4,,,,,,,,,,,,,,,,,,,,,,,,,,,,,,,,,,,,,,,,,,,,,,,,,,,,,,,,,,,,,,,,,,,,,,,,,,,,,,,,,,,,,,,,,,,,,,,,,,,,,,,,,,,,,,,,,,,,,,,,,,,,,,,,
1900,10,22810,18.6,34.4,,,,,,,,,,,,,,,,,,,,,,,,,,,,,,,,,2.14,4.6,4.6,3.4,3.0,2.08,14.0,0.0,-1.8,-1.8,-1.05,-1.43,3.0,0.63,14.0,0.0,-4.23,-4.23,-1.83,-3.06,3.0,2.04,14.0,0.0,1015.99,1016.4,1018.17,1017.07,3.0,1.7,14.0,0.0,,,,,,,,,,,,,,,,,,,,,,,,,,,,,,,,,,,,,,,,,,,,,,,,,,,,,,,,,,,,,,,,,,,,,,,,,,,,,,,,,,,,,,,,,,,,,,,,,,,,,,,,,,,,,,,,,,,,,,,,,,,,,,,,
1900,10,22810,18.6,36.3,,,,,,,,,,,,,,,,,,,,,,,,,,,,,,,,,1.0,4.6,5.67,3.46,23.0,2.24,14.0,0.5,-0.52,0.0,3.75,0.66,23.0,2.28,14.0,0.5,-2.5,-0.39,4.6,-0.01,23.0,3.45,14.0,0.5,1014.95,1017.3,1020.15,1017.82,23.0,3.1,14.0,0.5,,,,,,,,,,,,,,,,,,,,,,,,,,,,,,,,,,,,,,,,,,,,,,,,,,,,,,,,,,,,,,,,,,,,,,,,,,,,,,,,,,,,,,,,,,,,,,,,,,,,,,,,,,,,,,,,,,,,,,,,,,,,,,,,
1900,10,22810,20.3,36.3,,,,,,,,,,,,,,,,,,,,,,,,,,,,,,,,,0.27,2.6,6.13,2.8,9.0,2.64,16.0,0.8,0.0,0.0,1.61,0.5,9.0,1.81,16.0,0.8,-1.83,0.0,4.81,0.99,9.0,3.34,16.0,0.8,1015.92,1017.7,1020.6,1018.26,9.0,2.87,16.0,0.8,,,,,,,,,,,,,,,,,,,,,,,,,,,,,,,,,,,,,,,,,,,,,,,,,,,,,,,,,,,,,,,,,,,,,,,,,,,,,,,,,,,,,,,,,,,,,,,,,,,,,,,,,,,,,,,,,,,,,,,,,,,,,,,,
1900,10,22810,20.5,-35.7,,,,,,,,,,,,,,,,,,,,,,,,,,,,,,,,,2.6,4.6,5.37,4.22,5.0,1.71,30.0,0.8,1.82,2.41,3.79,2.81,5.0,1.23,30.0,0.8,1.52,3.25,4.42,3.01,5.0,1.59,30.0,0.8,1014.24,1015.0,1015.56,1014.92,5.0,0.83,30.0,0.8,,,,,,,,,,,,,,,,,,,,,,,,,,,,,,,,,,,,,,,,,,,,,,,,,,,,,,,,,,,,,,,,,,,,,,,,,,,,,,,,,,,,,,,,,,,,,,,,,,,,,,,,,,,,,,,,,,,,,,,,,,,,,,,,
1900,10,22810,20.6,34.6,,,,,,,,,,,,,,,,,,,,,,,,,,,,,,,,,0.17,2.6,4.6,3.23,21.0,2.51,14.0,0.5,-2.31,0.0,3.25,0.53,21.0,2.73,14.0,0.5,-2.48,-0.71,1.82,-0.12,21.0,3.08,14.0,0.5,1014.83,1018.6,1020.11,1017.96,21.0,2.84,14.0,0.5,,,,,,,,,,,,,,,,,,,,,,,,,,,,,,,,,,,,,,,,,,,,,,,,,,,,,,,,,,,,,,,,,,,,,,,,,,,,,,,,,,,,,,,,,,,,,,,,,,,,,,,,,,,,,,,,,,,,,,,,,,,,,,,,
1900,10,22810,20.8,-43.2,,,,,,,,,,,,,,,,,,,,,,,,,,,,,,,,,1.0,1.0,1.0,1.0,1.0,0.0,30.0,1.0,-0.71,-0.71,-0.71,-0.71,1.0,0.0,30.0,1.0,-0.71,-0.71,-0.71,-0.71,1.0,0.0,30.0,1.0,1017.1,1017.1,1017.1,1017.1,1.0,0.0,30.0,1.0,,,,,,,,,,,,,,,,,,,,,,,,,,,,,,,,,,,,,,,,,,,,,,,,,,,,,,,,,,,,,,,,,,,,,,,,,,,,,,,,,,,,,,,,,,,,,,,,,,,,,,,,,,,,,,,,,,,,,,,,,,,,,,,,
1900,10,22810,22.3,-41.4,,,,,,,,,,,,,,,,,,,,,,,,,,,,,,,,,9.3,9.3,11.35,10.3,3.0,1.73,14.0,1.0,3.53,3.63,8.88,6.15,3.0,4.48,14.0,1.0,-7.41,-4.81,4.32,-1.62,3.0,9.02,14.0,1.0,998.04,1002.0,1007.19,1002.6,3.0,6.72,14.0,1.0,,,,,,,,,,,,,,,,,,,,,,,,,,,,,,,,,,,,,,,,,,,,,,,,,,,,,,,,,,,,,,,,,,,,,,,,,,,,,,,,,,,,,,,,,,,,,,,,,,,,,,,,,,,,,,,,,,,,,,,,,,,,,,,,
1900,10,22810,22.3,-37.7,,,,,,,,,,,,,,,,,,,,,,,,,,,,,,,,,26.8,26.8,26.8,26.8,1.0,0.0,2.0,1.0,24.85,24.85,24.85,24.85,1.0,0.0,2.0,1.0,10.04,10.04,10.04,10.04,1.0,0.0,2.0,1.0,1013.2,1013.2,1013.2,1013.2,1.0,0.0,2.0,1.0,,,,,,,,,,,,,,,,,,,,,,,,,,,,,,,,,,,,,,,,,,,,,,,,,,,,,,,,,,,,,,,,,,,,,,,,,,,,,,,,,,,,,,,,,,,,,,,,,,,,,,,,,,,,,,,,,,,,,,,,,,,,,,,,
1900,10,22810,22.4,-35.7,,,,,,,,,,,,,,,,,,,,,,,,,,,,,,,,,6.7,8.0,9.3,8.0,4.0,1.5,30.0,0.3,2.26,4.74,6.77,4.52,4.0,3.53,30.0,0.3,4.08,4.74,7.13,5.56,4.0,2.56,30.0,0.3,1017.23,1017.65,1018.64,1017.93,4.0,1.11,30.0,0.3,,,,,,,,,,,,,,,,,,,,,,,,,,,,,,,,,,,,,,,,,,,,,,,,,,,,,,,,,,,,,,,,,,,,,,,,,,,,,,,,,,,,,,,,,,,,,,,,,,,,,,,,,,,,,,,,,,,,,,,,,,,,,,,,
1900,10,22810,22.5,34.5,,,,,,,,,,,,,,,,,,,,,,,,,,,,,,,,,1.0,4.6,9.3,5.24,25.0,4.09,14.0,0.4,-2.78,0.0,4.3,0.22,25.0,3.53,14.0,0.4,-8.59,-1.02,0.14,-2.96,25.0,4.87,14.0,0.4,1014.7,1017.25,1020.03,1017.66,26.0,2.77,14.0,0.4,,,,,,,,,,,,,,,,,,,,,,,,,,,,,,,,,,,,,,,,,,,,,,,,,,,,,,,,,,,,,,,,,,,,,,,,,,,,,,,,,,,,,,,,,,,,,,,,,,,,,,,,,,,,,,,,,,,,,,,,,,,,,,,,
1900,10,22810,22.7,-39.7,,,,,,,,,,,,,,,,,,,,,,,,,,,,,,,,,6.84,9.3,14.38,10.55,4.0,6.05,14.0,1.0,0.0,2.16,9.68,4.72,4.0,6.87,14.0,1.0,5.25,9.3,10.83,8.1,4.0,4.56,14.0,1.0,1001.01,1001.9,1002.79,1001.9,2.0,1.84,14.0,1.0,,,,,,,,,,,,,,,,,,,,,,,,,,,,,,,,,,,,,,,,,,,,,,,,,,,,,,,,,,,,,,,,,,,,,,,,,,,,,,,,,,,,,,,,,,,,,,,,,,,,,,,,,,,,,,,,,,,,,,,,,,,,,,,,
1900,10,22810,22.8,32.8,,,,,,,,,,,,,,,,,,,,,,,,,,,,,,,,,1.0,1.0,1.0,1.0,3.0,0.0,10.0,0.3,-0.71,-0.71,-0.49,-0.6,3.0,0.18,10.0,0.3,-0.85,-0.71,0.26,-0.31,3.0,0.88,10.0,0.3,1017.83,1017.9,1018.31,1018.07,3.0,0.38,10.0,0.3,,,,,,,,,,,,,,,,,,,,,,,,,,,,,,,,,,,,,,,,,,,,,,,,,,,,,,,,,,,,,,,,,,,,,,,,,,,,,,,,,,,,,,,,,,,,,,,,,,,,,,,,,,,,,,,,,,,,,,,,,,,,,,,,
1900,10,22810,24.3,-39.8,,,,,,,,,,,,,,,,,,,,,,,,,,,,,,,,,8.65,12.85,17.05,12.85,2.0,8.7,14.0,0.0,8.13,12.08,16.02,12.08,2.0,8.17,14.0,0.0,-5.83,-4.39,-2.96,-4.39,2.0,2.97,14.0,0.0,1003.4,1003.4,1003.4,1003.4,1.0,0.0,14.0,0.0,,,,,,,,,,,,,,,,,,,,,,,,,,,,,,,,,,,,,,,,,,,,,,,,,,,,,,,,,,,,,,,,,,,,,,,,,,,,,,,,,,,,,,,,,,,,,,,,,,,,,,,,,,,,,,,,,,,,,,,,,,,,,,,,
1900,10,22810,24.5,-43.7,,,,,,,,,,,,,,,,,,,,,,,,,,,,,,,,,7.59,9.5,11.41,9.5,2.0,3.96,18.0,1.0,4.0,6.97,9.94,6.97,2.0,6.15,18.0,1.0,-3.06,0.68,4.43,0.68,2.0,7.76,18.0,1.0,999.52,1009.45,1019.38,1009.45,2.0,20.58,18.0,1.0,,,,,,,,,,,,,,,,,,,,,,,,,,,,,,,,,,,,,,,,,,,,,,,,,,,,,,,,,,,,,,,,,,,,,,,,,,,,,,,,,,,,,,,,,,,,,,,,,,,,,,,,,,,,,,,,,,,,,,,,,,,,,,,,
1900,10,22810,24.5,34.3,,,,,,,,,,,,,,,,,,,,,,,,,,,,,,,,,0.0,1.0,4.25,2.18,21.0,2.44,14.0,0.7,-0.93,0.0,2.3,0.4,21.0,1.62,14.0,0.7,-1.84,-0.71,0.0,-1.02,21.0,2.66,14.0,0.7,1014.23,1016.6,1019.35,1017.05,21.0,3.08,14.0,0.7,,,,,,,,,,,,,,,,,,,,,,,,,,,,,,,,,,,,,,,,,,,,,,,,,,,,,,,,,,,,,,,,,,,,,,,,,,,,,,,,,,,,,,,,,,,,,,,,,,,,,,,,,,,,,,,,,,,,,,,,,,,,,,,,
1900,10,22810,24.6,-41.1,,,,,,,,,,,,,,,,,,,,,,,,,,,,,,,,,13.93,17.45,20.97,17.45,2.0,7.28,14.0,0.5,11.9,12.97,14.03,12.97,2.0,2.21,14.0,0.5,-13.83,-6.35,1.13,-6.35,2.0,15.5,14.0,0.5,998.81,1000.55,1002.29,1000.55,2.0,3.61,14.0,0.5,,,,,,,,,,,,,,,,,,,,,,,,,,,,,,,,,,,,,,,,,,,,,,,,,,,,,,,,,,,,,,,,,,,,,,,,,,,,,,,,,,,,,,,,,,,,,,,,,,,,,,,,,,,,,,,,,,,,,,,,,,,,,,,,
1900,10,22810,24.6,32.8,,,,,,,,,,,,,,,,,,,,,,,,,,,,,,,,,1.0,2.6,5.59,2.98,9.0,3.06,14.0,0.6,-0.93,-0.39,5.15,1.34,9.0,3.7,14.0,0.6,-2.56,-0.92,0.0,-1.14,9.0,1.47,14.0,0.6,1017.03,1017.3,1019.29,1018.21,9.0,2.34,14.0,0.6,,,,,,,,,,,,,,,,,,,,,,,,,,,,,,,,,,,,,,,,,,,,,,,,,,,,,,,,,,,,,,,,,,,,,,,,,,,,,,,,,,,,,,,,,,,,,,,,,,,,,,,,,,,,,,,,,,,,,,,,,,,,,,,,
1900,10,22810,24.8,-37.7,,,,,,,,,,,,,,,,,,,,,,,,,,,,,,,,,9.3,9.3,9.3,9.3,1.0,0.0,2.0,1.0,8.56,8.56,8.56,8.56,1.0,0.0,2.0,1.0,-3.63,-3.63,-3.63,-3.63,1.0,0.0,2.0,1.0,1017.6,1017.6,1017.6,1017.6,1.0,0.0,2.0,1.0,,,,,,,,,,,,,,,,,,,,,,,,,,,,,,,,,,,,,,,,,,,,,,,,,,,,,,,,,,,,,,,,,,,,,,,,,,,,,,,,,,,,,,,,,,,,,,,,,,,,,,,,,,,,,,,,,,,,,,,,,,,,,,,,
1900,10,22810,26.3,34.3,,,,,,,,,,,,,,,,,,,,,,,,,,,,,,,,,2.6,2.6,2.6,2.6,1.0,0.0,4.0,0.0,0.97,0.97,0.97,0.97,1.0,0.0,4.0,0.0,-2.41,-2.41,-2.41,-2.41,1.0,0.0,4.0,0.0,1016.3,1016.3,1016.3,1016.3,1.0,0.0,4.0,0.0,,,,,,,,,,,,,,,,,,,,,,,,,,,,,,,,,,,,,,,,,,,,,,,,,,,,,,,,,,,,,,,,,,,,,,,,,,,,,,,,,,,,,,,,,,,,,,,,,,,,,,,,,,,,,,,,,,,,,,,,,,,,,,,,
1900,10,22810,26.5,32.7,,,,,,,,,,,,,,,,,,,,,,,,,,,,,,,,,0.44,4.6,6.7,3.69,29.0,2.6,12.0,0.5,-1.82,0.0,4.18,0.61,29.0,2.92,12.0,0.5,-4.68,-2.6,0.0,-2.18,29.0,2.65,12.0,0.5,1015.46,1017.1,1019.07,1017.22,31.0,2.39,14.0,0.5,,,,,,,,,,,,,,,,,,,,,,,,,,,,,,,,,,,,,,,,,,,,,,,,,,,,,,,,,,,,,,,,,,,,,,,,,,,,,,,,,,,,,,,,,,,,,,,,,,,,,,,,,,,,,,,,,,,,,,,,,,,,,,,,
1900,10,22810,26.6,-41.3,,,,,,,,,,,,,,,,,,,,,,,,,,,,,,,,,14.76,17.2,22.6,17.88,6.0,4.22,16.0,1.0,5.57,10.15,16.37,10.78,6.0,5.95,16.0,1.0,-16.26,-14.28,-2.82,-9.5,6.0,10.87,16.0,1.0,996.05,997.45,1008.7,1002.15,4.0,11.03,16.0,1.0,,,,,,,,,,,,,,,,,,,,,,,,,,,,,,,,,,,,,,,,,,,,,,,,,,,,,,,,,,,,,,,,,,,,,,,,,,,,,,,,,,,,,,,,,,,,,,,,,,,,,,,,,,,,,,,,,,,,,,,,,,,,,,,,
1900,10,22810,28.3,34.3,,,,,,,,,,,,,,,,,,,,,,,,,,,,,,,,,0.0,0.0,0.0,0.0,1.0,0.0,4.0,1.0,0.0,0.0,0.0,0.0,1.0,0.0,4.0,1.0,0.0,0.0,0.0,0.0,1.0,0.0,4.0,1.0,1019.0,1019.0,1019.0,1019.0,1.0,0.0,4.0,1.0,,,,,,,,,,,,,,,,,,,,,,,,,,,,,,,,,,,,,,,,,,,,,,,,,,,,,,,,,,,,,,,,,,,,,,,,,,,,,,,,,,,,,,,,,,,,,,,,,,,,,,,,,,,,,,,,,,,,,,,,,,,,,,,,
1900,10,22810,28.5,-43.7,,,,,,,,,,,,,,,,,,,,,,,,,,,,,,,,,4.63,9.0,13.37,9.0,2.0,9.05,20.0,1.0,-1.1,1.69,4.47,1.69,2.0,5.77,20.0,1.0,-11.85,-6.63,-1.41,-6.63,2.0,10.81,20.0,1.0,1034.8,1034.8,1034.8,1034.8,1.0,0.0,26.0,1.0,,,,,,,,,,,,,,,,,,,,,,,,,,,,,,,,,,,,,,,,,,,,,,,,,,,,,,,,,,,,,,,,,,,,,,,,,,,,,,,,,,,,,,,,,,,,,,,,,,,,,,,,,,,,,,,,,,,,,,,,,,,,,,,,
1900,10,22810,28.5,-41.4,,,,,,,,,,,,,,,,,,,,,,,,,,,,,,,,,10.25,12.3,16.87,13.53,3.0,4.97,16.0,0.7,8.46,11.32,11.93,10.22,3.0,2.72,16.0,0.7,-11.46,-4.81,2.56,-4.46,3.0,10.27,16.0,0.7,995.56,995.9,1002.11,998.77,3.0,5.4,16.0,0.7,,,,,,,,,,,,,,,,,,,,,,,,,,,,,,,,,,,,,,,,,,,,,,,,,,,,,,,,,,,,,,,,,,,,,,,,,,,,,,,,,,,,,,,,,,,,,,,,,,,,,,,,,,,,,,,,,,,,,,,,,,,,,,,,
1900,10,22810,28.5,32.3,,,,,,,,,,,,,,,,,,,,,,,,,,,,,,,,,1.63,4.6,5.87,3.81,35.0,2.29,14.0,0.4,-0.71,0.97,4.23,1.52,35.0,2.62,14.0,0.4,-4.6,-2.41,-0.71,-2.6,35.0,1.98,14.0,0.4,1014.6,1016.4,1019.96,1016.88,35.0,2.29,14.0,0.4,,,,,,,,,,,,,,,,,,,,,,,,,,,,,,,,,,,,,,,,,,,,,,,,,,,,,,,,,,,,,,,,,,,,,,,,,,,,,,,,,,,,,,,,,,,,,,,,,,,,,,,,,,,,,,,,,,,,,,,,,,,,,,,,
1900,10,22810,28.8,-39.7,,,,,,,,,,,,,,,,,,,,,,,,,,,,,,,,,12.3,12.3,12.3,12.3,1.0,0.0,4.0,1.0,11.32,11.32,11.32,11.32,1.0,0.0,4.0,1.0,-4.81,-4.81,-4.81,-4.81,1.0,0.0,4.0,1.0,1017.9,1017.9,1017.9,1017.9,1.0,0.0,4.0,1.0,,,,,,,,,,,,,,,,,,,,,,,,,,,,,,,,,,,,,,,,,,,,,,,,,,,,,,,,,,,,,,,,,,,,,,,,,,,,,,,,,,,,,,,,,,,,,,,,,,,,,,,,,,,,,,,,,,,,,,,,,,,,,,,,
1900,10,22810,28.8,36.3,,,,,,,,,,,,,,,,,,,,,,,,,,,,,,,,,1.0,1.0,1.0,1.0,1.0,0.0,18.0,1.0,0.71,0.71,0.71,0.71,1.0,0.0,18.0,1.0,-0.71,-0.71,-0.71,-0.71,1.0,0.0,18.0,1.0,1015.4,1015.4,1015.4,1015.4,1.0,0.0,18.0,1.0,,,,,,,,,,,,,,,,,,,,,,,,,,,,,,,,,,,,,,,,,,,,,,,,,,,,,,,,,,,,,,,,,,,,,,,,,,,,,,,,,,,,,,,,,,,,,,,,,,,,,,,,,,,,,,,,,,,,,,,,,,,,,,,,
1900,10,22810,30.3,32.3,,,,,,,,,,,,,,,,,,,,,,,,,,,,,,,,,2.6,4.6,4.8,4.23,13.0,2.12,14.0,0.8,0.0,1.72,3.39,2.0,13.0,2.44,14.0,0.8,-4.6,-3.63,-1.84,-3.33,13.0,1.28,14.0,0.8,1014.86,1015.6,1016.5,1015.69,13.0,1.61,14.0,0.8,,,,,,,,,,,,,,,,,,,,,,,,,,,,,,,,,,,,,,,,,,,,,,,,,,,,,,,,,,,,,,,,,,,,,,,,,,,,,,,,,,,,,,,,,,,,,,,,,,,,,,,,,,,,,,,,,,,,,,,,,,,,,,,,
1900,10,22810,30.6,30.8,,,,,,,,,,,,,,,,,,,,,,,,,,,,,,,,,2.6,4.6,6.33,4.11,21.0,2.2,16.0,0.7,-2.46,0.0,3.25,0.29,21.0,2.8,16.0,0.7,-4.66,-3.25,-0.18,-3.07,21.0,2.19,16.0,0.7,1014.72,1016.2,1019.2,1016.67,21.0,2.04,16.0,0.7,,,,,,,,,,,,,,,,,,,,,,,,,,,,,,,,,,,,,,,,,,,,,,,,,,,,,,,,,,,,,,,,,,,,,,,,,,,,,,,,,,,,,,,,,,,,,,,,,,,,,,,,,,,,,,,,,,,,,,,,,,,,,,,,
1900,10,22810,30.7,-41.4,,,,,,,,,,,,,,,,,,,,,,,,,,,,,,,,,3.87,9.3,16.71,10.18,5.0,6.97,16.0,0.6,-0.32,3.52,7.23,3.44,5.0,3.87,16.0,0.6,0.98,5.98,16.16,7.88,5.0,8.42,16.0,0.6,1002.21,1015.1,1019.97,1011.28,4.0,12.51,16.0,0.5,,,,,,,,,,,,,,,,,,,,,,,,,,,,,,,,,,,,,,,,,,,,,,,,,,,,,,,,,,,,,,,,,,,,,,,,,,,,,,,,,,,,,,,,,,,,,,,,,,,,,,,,,,,,,,,,,,,,,,,,,,,,,,,,
1900,10,22810,30.8,-45.7,,,,,,,,,,,,,,,,,,,,,,,,,,,,,,,,,6.7,6.7,6.7,6.7,1.0,0.0,28.0,1.0,-4.74,-4.74,-4.74,-4.74,1.0,0.0,28.0,1.0,-4.74,-4.74,-4.74,-4.74,1.0,0.0,28.0,1.0,1029.6,1029.6,1029.6,1029.6,1.0,0.0,28.0,1.0,,,,,,,,,,,,,,,,,,,,,,,,,,,,,,,,,,,,,,,,,,,,,,,,,,,,,,,,,,,,,,,,,,,,,,,,,,,,,,,,,,,,,,,,,,,,,,,,,,,,,,,,,,,,,,,,,,,,,,,,,,,,,,,,
1900,10,22810,32.3,30.8,,,,,,,,,,,,,,,,,,,,,,,,,,,,,,,,,2.6,2.6,6.11,4.28,4.0,3.35,16.0,0.3,0.88,1.84,4.32,2.56,4.0,2.81,16.0,0.3,-4.68,-2.22,-1.84,-3.21,4.0,2.27,16.0,0.3,1013.29,1014.1,1016.22,1014.73,4.0,2.03,16.0,0.3,,,,,,,,,,,,,,,,,,,,,,,,,,,,,,,,,,,,,,,,,,,,,,,,,,,,,,,,,,,,,,,,,,,,,,,,,,,,,,,,,,,,,,,,,,,,,,,,,,,,,,,,,,,,,,,,,,,,,,,,,,,,,,,,
1900,10,22810,32.4,28.5,,,,,,,,,,,,,,,,,,,,,,,,,,,,,,,,,4.12,6.7,9.3,6.66,31.0,3.39,14.0,0.6,0.0,0.0,3.75,1.54,31.0,2.16,14.0,0.6,-9.3,-6.21,-2.56,-6.15,31.0,3.33,14.0,0.6,1011.78,1013.3,1016.61,1013.86,32.0,2.15,14.0,0.6,,,,,,,,,,,,,,,,,,,,,,,,,,,,,,,,,,,,,,,,,,,,,,,,,,,,,,,,,,,,,,,,,,,,,,,,,,,,,,,,,,,,,,,,,,,,,,,,,,,,,,,,,,,,,,,,,,,,,,,,,,,,,,,,
1900,10,22810,32.6,-41.5,,,,,,,,,,,,,,,,,,,,,,,,,,,,,,,,,2.6,4.6,6.7,5.05,11.0,3.78,16.0,0.8,-0.37,1.57,3.13,1.91,11.0,3.41,16.0,0.8,-4.44,-2.44,3.75,-0.4,11.0,5.16,16.0,0.8,1020.76,1023.05,1023.8,1022.08,10.0,2.54,16.0,0.7,,,,,,,,,,,,,,,,,,,,,,,,,,,,,,,,,,,,,,,,,,,,,,,,,,,,,,,,,,,,,,,,,,,,,,,,,,,,,,,,,,,,,,,,,,,,,,,,,,,,,,,,,,,,,,,,,,,,,,,,,,,,,,,,
1900,10,22810,32.8,26.8,,,,,,,,,,,,,,,,,,,,,,,,,,,,,,,,,2.82,5.65,9.3,6.69,8.0,4.59,14.0,0.4,0.82,2.12,3.48,2.43,8.0,1.82,14.0,0.4,-8.62,-5.24,-2.78,-6.2,8.0,4.27,14.0,0.4,1011.63,1012.3,1014.51,1012.62,9.0,1.54,14.0,0.3,,,,,,,,,,,,,,,,,,,,,,,,,,,,,,,,,,,,,,,,,,,,,,,,,,,,,,,,,,,,,,,,,,,,,,,,,,,,,,,,,,,,,,,,,,,,,,,,,,,,,,,,,,,,,,,,,,,,,,,,,,,,,,,,
1900,10,22810,34.3,26.4,,,,,,,,,,,,,,,,,,,,,,,,,,,,,,,,,2.6,5.65,9.68,6.69,38.0,3.88,12.0,0.6,0.0,1.72,3.63,1.69,38.0,2.31,12.0,0.6,-9.57,-4.67,-2.5,-6.03,38.0,3.93,12.0,0.6,1010.6,1012.15,1014.8,1012.44,38.0,1.8,12.0,0.6,,,,,,,,,,,,,,,,,,,,,,,,,,,,,,,,,,,,,,,,,,,,,,,,,,,,,,,,,,,,,,,,,,,,,,,,,,,,,,,,,,,,,,,,,,,,,,,,,,,,,,,,,,,,,,,,,,,,,,,,,,,,,,,,
1900,10,22810,34.5,-41.6,,,,,,,,,,,,,,,,,,,,,,,,,,,,,,,,,3.55,4.6,4.6,4.1,4.0,1.0,18.0,0.5,1.16,2.98,3.94,2.57,4.0,1.88,18.0,0.5,-2.83,0.34,2.3,-0.24,4.0,3.31,18.0,0.5,1019.3,1020.7,1021.26,1020.3,4.0,1.41,18.0,0.5,,,,,,,,,,,,,,,,,,,,,,,,,,,,,,,,,,,,,,,,,,,,,,,,,,,,,,,,,,,,,,,,,,,,,,,,,,,,,,,,,,,,,,,,,,,,,,,,,,,,,,,,,,,,,,,,,,,,,,,,,,,,,,,,
1900,10,22810,34.8,24.6,,,,,,,,,,,,,,,,,,,,,,,,,,,,,,,,,1.0,3.6,8.56,4.3,28.0,3.3,14.0,0.5,0.0,1.72,3.04,1.39,28.0,1.54,14.0,0.5,-7.94,-2.93,-0.2,-3.72,28.0,3.36,14.0,0.5,1010.9,1012.2,1014.24,1012.38,30.0,1.48,14.0,0.4,,,,,,,,,,,,,,,,,,,,,,,,,,,,,,,,,,,,,,,,,,,,,,,,,,,,,,,,,,,,,,,,,,,,,,,,,,,,,,,,,,,,,,,,,,,,,,,,,,,,,,,,,,,,,,,,,,,,,,,,,,,,,,,,
1900,10,22810,36.3,-43.2,,,,,,,,,,,,,,,,,,,,,,,,,,,,,,,,,12.3,12.3,12.3,12.3,1.0,0.0,6.0,1.0,0.0,0.0,0.0,0.0,1.0,0.0,6.0,1.0,-12.3,-12.3,-12.3,-12.3,1.0,0.0,6.0,1.0,1018.4,1018.4,1018.4,1018.4,1.0,0.0,6.0,1.0,,,,,,,,,,,,,,,,,,,,,,,,,,,,,,,,,,,,,,,,,,,,,,,,,,,,,,,,,,,,,,,,,,,,,,,,,,,,,,,,,,,,,,,,,,,,,,,,,,,,,,,,,,,,,,,,,,,,,,,,,,,,,,,,
1900,10,22810,36.3,-39.7,,,,,,,,,,,,,,,,,,,,,,,,,,,,,,,,,15.4,15.4,15.4,15.4,1.0,0.0,16.0,1.0,10.89,10.89,10.89,10.89,1.0,0.0,16.0,1.0,-10.89,-10.89,-10.89,-10.89,1.0,0.0,16.0,1.0,1014.9,1014.9,1014.9,1014.9,1.0,0.0,16.0,1.0,,,,,,,,,,,,,,,,,,,,,,,,,,,,,,,,,,,,,,,,,,,,,,,,,,,,,,,,,,,,,,,,,,,,,,,,,,,,,,,,,,,,,,,,,,,,,,,,,,,,,,,,,,,,,,,,,,,,,,,,,,,,,,,,
1900,10,22810,36.3,24.3,,,,,,,,,,,,,,,,,,,,,,,,,,,,,,,,,1.0,2.6,7.51,4.34,16.0,3.93,14.0,0.4,0.0,0.97,2.81,1.38,16.0,1.75,14.0,0.4,-6.96,-2.51,-1.0,-3.98,16.0,3.67,14.0,0.4,1010.01,1011.45,1013.16,1011.46,16.0,1.43,14.0,0.4,,,,,,,,,,,,,,,,,,,,,,,,,,,,,,,,,,,,,,,,,,,,,,,,,,,,,,,,,,,,,,,,,,,,,,,,,,,,,,,,,,,,,,,,,,,,,,,,,,,,,,,,,,,,,,,,,,,,,,,,,,,,,,,,
1900,10,22810,36.4,-41.7,,,,,,,,,,,,,,,,,,,,,,,,,,,,,,,,,4.19,5.65,15.4,8.22,6.0,5.71,18.0,0.8,0.0,1.59,4.62,2.21,6.0,2.39,18.0,0.8,-14.51,-3.52,2.55,-4.81,6.0,8.62,18.0,0.8,1006.69,1020.8,1021.75,1016.81,7.0,7.15,18.0,0.9,,,,,,,,,,,,,,,,,,,,,,,,,,,,,,,,,,,,,,,,,,,,,,,,,,,,,,,,,,,,,,,,,,,,,,,,,,,,,,,,,,,,,,,,,,,,,,,,,,,,,,,,,,,,,,,,,,,,,,,,,,,,,,,,
1900,10,22810,36.5,22.5,,,,,,,,,,,,,,,,,,,,,,,,,,,,,,,,,0.51,2.6,5.64,3.33,42.0,3.44,14.0,0.6,0.0,0.97,2.17,1.18,42.0,1.39,14.0,0.6,-5.23,-2.41,0.0,-2.88,42.0,3.36,14.0,0.6,1010.5,1012.0,1014.1,1012.18,42.0,1.74,14.0,0.6,,,,,,,,,,,,,,,,,,,,,,,,,,,,,,,,,,,,,,,,,,,,,,,,,,,,,,,,,,,,,,,,,,,,,,,,,,,,,,,,,,,,,,,,,,,,,,,,,,,,,,,,,,,,,,,,,,,,,,,,,,,,,,,,
1900,10,22810,36.8,20.8,,,,,,,,,,,,,,,,,,,,,,,,,,,,,,,,,0.06,2.6,4.6,3.26,14.0,3.38,14.0,0.5,0.0,0.19,1.83,0.36,14.0,2.18,14.0,0.5,-4.58,-1.38,0.0,-2.48,14.0,3.37,14.0,0.5,1011.32,1012.05,1012.89,1011.99,14.0,0.97,14.0,0.5,,,,,,,,,,,,,,,,,,,,,,,,,,,,,,,,,,,,,,,,,,,,,,,,,,,,,,,,,,,,,,,,,,,,,,,,,,,,,,,,,,,,,,,,,,,,,,,,,,,,,,,,,,,,,,,,,,,,,,,,,,,,,,,,
1900,10,22810,38.3,20.4,,,,,,,,,,,,,,,,,,,,,,,,,,,,,,,,,0.76,2.6,6.7,3.47,31.0,3.41,16.0,0.4,-1.14,0.0,2.69,0.34,31.0,2.24,16.0,0.4,-5.09,-1.0,0.0,-2.63,31.0,3.43,16.0,0.4,1009.38,1011.2,1012.62,1011.06,31.0,1.64,16.0,0.4,,,,,,,,,,,,,,,,,,,,,,,,,,,,,,,,,,,,,,,,,,,,,,,,,,,,,,,,,,,,,,,,,,,,,,,,,,,,,,,,,,,,,,,,,,,,,,,,,,,,,,,,,,,,,,,,,,,,,,,,,,,,,,,,
1900,10,22810,38.5,-43.5,,,,,,,,,,,,,,,,,,,,,,,,,,,,,,,,,8.08,11.05,14.02,11.05,2.0,6.15,16.0,1.0,5.92,6.23,6.55,6.23,2.0,0.66,16.0,1.0,-12.01,-7.14,-2.27,-7.14,2.0,10.1,16.0,1.0,1002.3,1002.3,1002.3,1002.3,1.0,0.0,16.0,1.0,,,,,,,,,,,,,,,,,,,,,,,,,,,,,,,,,,,,,,,,,,,,,,,,,,,,,,,,,,,,,,,,,,,,,,,,,,,,,,,,,,,,,,,,,,,,,,,,,,,,,,,,,,,,,,,,,,,,,,,,,,,,,,,,
1900,10,22810,38.5,-41.8,,,,,,,,,,,,,,,,,,,,,,,,,,,,,,,,,3.55,5.65,8.06,5.8,4.0,2.87,18.0,0.3,-2.76,-1.59,1.99,-0.44,4.0,3.49,18.0,0.3,-7.58,-4.37,-1.16,-4.37,4.0,3.9,18.0,0.3,1005.6,1009.45,1014.4,1009.98,4.0,5.31,18.0,0.3,,,,,,,,,,,,,,,,,,,,,,,,,,,,,,,,,,,,,,,,,,,,,,,,,,,,,,,,,,,,,,,,,,,,,,,,,,,,,,,,,,,,,,,,,,,,,,,,,,,,,,,,,,,,,,,,,,,,,,,,,,,,,,,,
1900,10,22810,38.7,18.6,,,,,,,,,,,,,,,,,,,,,,,,,,,,,,,,,0.0,1.0,2.6,1.51,35.0,1.74,16.0,0.5,-0.71,0.0,0.58,0.09,35.0,0.9,16.0,0.5,-0.93,0.0,2.41,0.5,35.0,2.07,16.0,0.5,1009.51,1011.25,1013.4,1011.34,38.0,1.81,16.0,0.5,,,,,,,,,,,,,,,,,,,,,,,,,,,,,,,,,,,,,,,,,,,,,,,,,,,,,,,,,,,,,,,,,,,,,,,,,,,,,,,,,,,,,,,,,,,,,,,,,,,,,,,,,,,,,,,,,,,,,,,,,,,,,,,,
1900,10,22810,38.8,-39.2,,,,,,,,,,,,,,,,,,,,,,,,,,,,,,,,,4.6,4.6,4.6,4.6,1.0,0.0,16.0,1.0,4.27,4.27,4.27,4.27,1.0,0.0,16.0,1.0,1.72,1.72,1.72,1.72,1.0,0.0,16.0,1.0,1029.0,1029.0,1029.0,1029.0,1.0,0.0,16.0,1.0,,,,,,,,,,,,,,,,,,,,,,,,,,,,,,,,,,,,,,,,,,,,,,,,,,,,,,,,,,,,,,,,,,,,,,,,,,,,,,,,,,,,,,,,,,,,,,,,,,,,,,,,,,,,,,,,,,,,,,,,,,,,,,,,
1900,10,22810,40.3,-41.8,,,,,,,,,,,,,,,,,,,,,,,,,,,,,,,,,4.6,4.6,4.6,4.6,3.0,0.0,18.0,1.0,1.62,1.72,3.69,2.63,3.0,1.71,18.0,1.0,-4.3,-4.27,-1.35,-2.86,3.0,2.48,18.0,1.0,1004.81,1013.0,1021.19,1013.0,2.0,16.97,18.0,1.0,,,,,,,,,,,,,,,,,,,,,,,,,,,,,,,,,,,,,,,,,,,,,,,,,,,,,,,,,,,,,,,,,,,,,,,,,,,,,,,,,,,,,,,,,,,,,,,,,,,,,,,,,,,,,,,,,,,,,,,,,,,,,,,,
1900,10,22810,40.3,18.3,,,,,,,,,,,,,,,,,,,,,,,,,,,,,,,,,1.51,2.6,2.6,2.07,3.0,0.92,14.0,1.0,0.81,1.02,1.97,1.38,3.0,0.91,14.0,1.0,0.79,0.97,1.94,1.36,3.0,0.91,14.0,1.0,1011.37,1012.8,1013.89,1012.63,3.0,1.86,14.0,1.0,,,,,,,,,,,,,,,,,,,,,,,,,,,,,,,,,,,,,,,,,,,,,,,,,,,,,,,,,,,,,,,,,,,,,,,,,,,,,,,,,,,,,,,,,,,,,,,,,,,,,,,,,,,,,,,,,,,,,,,,,,,,,,,,
1900,10,22810,40.4,16.5,,,,,,,,,,,,,,,,,,,,,,,,,,,,,,,,,1.0,1.0,4.6,2.51,46.0,2.29,16.0,0.5,-3.25,-0.37,0.0,-1.01,46.0,1.8,16.0,0.5,0.0,0.93,4.26,1.52,46.0,2.26,16.0,0.5,1009.09,1010.9,1012.64,1011.02,49.0,1.83,16.0,0.5,,,,,,,,,,,,,,,,,,,,,,,,,,,,,,,,,,,,,,,,,,,,,,,,,,,,,,,,,,,,,,,,,,,,,,,,,,,,,,,,,,,,,,,,,,,,,,,,,,,,,,,,,,,,,,,,,,,,,,,,,,,,,,,,
1900,10,22810,40.7,-43.1,,,,,,,,,,,,,,,,,,,,,,,,,,,,,,,,,4.6,4.6,7.81,6.17,3.0,2.71,20.0,0.7,2.45,4.32,7.72,5.07,3.0,3.92,20.0,0.7,-3.45,-1.57,-0.5,-1.97,3.0,2.19,20.0,0.7,997.68,998.7,1000.13,998.9,3.0,1.81,20.0,0.7,,,,,,,,,,,,,,,,,,,,,,,,,,,,,,,,,,,,,,,,,,,,,,,,,,,,,,,,,,,,,,,,,,,,,,,,,,,,,,,,,,,,,,,,,,,,,,,,,,,,,,,,,,,,,,,,,,,,,,,,,,,,,,,,
1900,10,22810,40.8,-39.2,,,,,,,,,,,,,,,,,,,,,,,,,,,,,,,,,4.6,4.6,4.6,4.6,1.0,0.0,18.0,1.0,0.0,0.0,0.0,0.0,1.0,0.0,18.0,1.0,-4.6,-4.6,-4.6,-4.6,1.0,0.0,18.0,1.0,1030.0,1030.0,1030.0,1030.0,1.0,0.0,18.0,1.0,,,,,,,,,,,,,,,,,,,,,,,,,,,,,,,,,,,,,,,,,,,,,,,,,,,,,,,,,,,,,,,,,,,,,,,,,,,,,,,,,,,,,,,,,,,,,,,,,,,,,,,,,,,,,,,,,,,,,,,,,,,,,,,,
1900,10,22810,40.8,14.8,,,,,,,,,,,,,,,,,,,,,,,,,,,,,,,,,2.04,4.6,9.3,5.64,24.0,3.31,16.0,0.5,-3.88,-1.72,0.0,-2.0,24.0,2.06,16.0,0.5,0.46,4.27,8.86,4.43,24.0,3.9,16.0,0.5,1009.5,1011.8,1013.02,1011.36,25.0,1.87,16.0,0.5,,,,,,,,,,,,,,,,,,,,,,,,,,,,,,,,,,,,,,,,,,,,,,,,,,,,,,,,,,,,,,,,,,,,,,,,,,,,,,,,,,,,,,,,,,,,,,,,,,,,,,,,,,,,,,,,,,,,,,,,,,,,,,,,
1900,10,22810,42.3,-41.7,,,,,,,,,,,,,,,,,,,,,,,,,,,,,,,,,9.3,9.3,9.3,9.3,1.0,0.0,20.0,1.0,6.58,6.58,6.58,6.58,1.0,0.0,20.0,1.0,-6.58,-6.58,-6.58,-6.58,1.0,0.0,20.0,1.0,1005.6,1005.6,1005.6,1005.6,1.0,0.0,20.0,1.0,,,,,,,,,,,,,,,,,,,,,,,,,,,,,,,,,,,,,,,,,,,,,,,,,,,,,,,,,,,,,,,,,,,,,,,,,,,,,,,,,,,,,,,,,,,,,,,,,,,,,,,,,,,,,,,,,,,,,,,,,,,,,,,,
1900,10,22810,42.3,14.3,,,,,,,,,,,,,,,,,,,,,,,,,,,,,,,,,1.96,6.7,9.3,5.67,30.0,3.27,14.0,0.6,-3.48,-0.7,0.0,-1.55,30.0,1.99,14.0,0.6,0.0,6.21,8.62,4.44,30.0,4.14,14.0,0.6,1009.44,1010.4,1012.8,1010.54,32.0,1.89,14.0,0.6,,,,,,,,,,,,,,,,,,,,,,,,,,,,,,,,,,,,,,,,,,,,,,,,,,,,,,,,,,,,,,,,,,,,,,,,,,,,,,,,,,,,,,,,,,,,,,,,,,,,,,,,,,,,,,,,,,,,,,,,,,,,,,,,
1900,10,22810,42.4,-43.4,,,,,,,,,,,,,,,,,,,,,,,,,,,,,,,,,9.3,9.3,11.53,10.52,5.0,2.73,16.0,0.6,3.18,3.48,9.88,6.01,5.0,3.78,16.0,0.6,-9.45,0.0,8.74,-0.41,5.0,9.29,16.0,0.6,994.1,1001.6,1015.65,1004.73,4.0,13.32,16.0,0.5,,,,,,,,,,,,,,,,,,,,,,,,,,,,,,,,,,,,,,,,,,,,,,,,,,,,,,,,,,,,,,,,,,,,,,,,,,,,,,,,,,,,,,,,,,,,,,,,,,,,,,,,,,,,,,,,,,,,,,,,,,,,,,,,
1900,10,22810,42.7,12.5,,,,,,,,,,,,,,,,,,,,,,,,,,,,,,,,,2.6,6.7,9.3,6.77,46.0,3.55,16.0,0.5,-4.61,-2.45,0.0,-2.43,46.0,2.35,16.0,0.5,0.71,6.21,9.3,5.5,46.0,4.11,16.0,0.5,1009.76,1011.8,1014.2,1011.79,49.0,2.02,16.0,0.4,,,,,,,,,,,,,,,,,,,,,,,,,,,,,,,,,,,,,,,,,,,,,,,,,,,,,,,,,,,,,,,,,,,,,,,,,,,,,,,,,,,,,,,,,,,,,,,,,,,,,,,,,,,,,,,,,,,,,,,,,,,,,,,,
1900,10,22810,42.8,10.8,,,,,,,,,,,,,,,,,,,,,,,,,,,,,,,,,1.0,1.0,1.0,1.0,1.0,0.0,28.0,1.0,0.0,0.0,0.0,0.0,1.0,0.0,28.0,1.0,1.0,1.0,1.0,1.0,1.0,0.0,28.0,1.0,1015.1,1015.1,1015.1,1015.1,1.0,0.0,28.0,1.0,,,,,,,,,,,,,,,,,,,,,,,,,,,,,,,,,,,,,,,,,,,,,,,,,,,,,,,,,,,,,,,,,,,,,,,,,,,,,,,,,,,,,,,,,,,,,,,,,,,,,,,,,,,,,,,,,,,,,,,,,,,,,,,,
1900,10,22810,44.3,-41.7,,,,,,,,,,,,,,,,,,,,,,,,,,,,,,,,,9.3,9.3,9.3,9.3,1.0,0.0,18.0,1.0,0.0,0.0,0.0,0.0,1.0,0.0,18.0,1.0,-9.3,-9.3,-9.3,-9.3,1.0,0.0,18.0,1.0,1027.0,1027.0,1027.0,1027.0,1.0,0.0,18.0,1.0,,,,,,,,,,,,,,,,,,,,,,,,,,,,,,,,,,,,,,,,,,,,,,,,,,,,,,,,,,,,,,,,,,,,,,,,,,,,,,,,,,,,,,,,,,,,,,,,,,,,,,,,,,,,,,,,,,,,,,,,,,,,,,,,
1900,10,22810,44.4,10.8,,,,,,,,,,,,,,,,,,,,,,,,,,,,,,,,,1.0,1.0,1.0,1.0,3.0,0.0,28.0,0.7,-1.0,-1.0,-0.8,-0.9,3.0,0.17,28.0,0.7,0.0,0.0,0.48,0.24,3.0,0.41,28.0,0.7,1012.33,1013.7,1013.9,1013.13,3.0,1.25,28.0,0.7,,,,,,,,,,,,,,,,,,,,,,,,,,,,,,,,,,,,,,,,,,,,,,,,,,,,,,,,,,,,,,,,,,,,,,,,,,,,,,,,,,,,,,,,,,,,,,,,,,,,,,,,,,,,,,,,,,,,,,,,,,,,,,,,
1900,10,22810,44.5,12.2,,,,,,,,,,,,,,,,,,,,,,,,,,,,,,,,,1.0,2.6,4.6,2.67,40.0,2.08,14.0,0.5,-4.27,-1.84,0.0,-2.09,40.0,2.12,14.0,0.5,-0.65,0.0,1.83,0.49,40.0,1.56,14.0,0.5,1010.4,1012.15,1013.2,1011.96,40.0,1.68,14.0,0.5,,,,,,,,,,,,,,,,,,,,,,,,,,,,,,,,,,,,,,,,,,,,,,,,,,,,,,,,,,,,,,,,,,,,,,,,,,,,,,,,,,,,,,,,,,,,,,,,,,,,,,,,,,,,,,,,,,,,,,,,,,,,,,,,
1900,10,22810,44.6,-43.3,,,,,,,,,,,,,,,,,,,,,,,,,,,,,,,,,11.46,15.4,16.71,13.96,5.0,5.46,18.0,1.0,5.21,14.47,15.62,11.31,5.0,5.93,18.0,1.0,-6.36,5.27,5.94,0.32,5.0,8.84,18.0,1.0,998.19,998.6,1000.44,999.3,3.0,1.76,22.0,1.0,,,,,,,,,,,,,,,,,,,,,,,,,,,,,,,,,,,,,,,,,,,,,,,,,,,,,,,,,,,,,,,,,,,,,,,,,,,,,,,,,,,,,,,,,,,,,,,,,,,,,,,,,,,,,,,,,,,,,,,,,,,,,,,,
1900,10,22810,44.8,-39.2,,,,,,,,,,,,,,,,,,,,,,,,,,,,,,,,,9.3,9.3,9.3,9.3,1.0,0.0,18.0,1.0,6.58,6.58,6.58,6.58,1.0,0.0,18.0,1.0,-6.58,-6.58,-6.58,-6.58,1.0,0.0,18.0,1.0,1025.0,1025.0,1025.0,1025.0,1.0,0.0,18.0,1.0,,,,,,,,,,,,,,,,,,,,,,,,,,,,,,,,,,,,,,,,,,,,,,,,,,,,,,,,,,,,,,,,,,,,,,,,,,,,,,,,,,,,,,,,,,,,,,,,,,,,,,,,,,,,,,,,,,,,,,,,,,,,,,,,
1900,10,22810,46.3,10.8,,,,,,,,,,,,,,,,,,,,,,,,,,,,,,,,,1.0,1.0,1.0,1.0,2.0,0.0,28.0,0.0,-1.0,-1.0,-1.0,-1.0,2.0,0.0,28.0,0.0,0.0,0.0,0.0,0.0,2.0,0.0,28.0,0.0,1012.91,1013.35,1013.79,1013.35,2.0,0.92,28.0,0.0,,,,,,,,,,,,,,,,,,,,,,,,,,,,,,,,,,,,,,,,,,,,,,,,,,,,,,,,,,,,,,,,,,,,,,,,,,,,,,,,,,,,,,,,,,,,,,,,,,,,,,,,,,,,,,,,,,,,,,,,,,,,,,,,
1900,10,22810,46.4,-43.3,,,,,,,,,,,,,,,,,,,,,,,,,,,,,,,,,10.73,12.3,15.81,13.23,4.0,4.1,20.0,0.8,0.61,8.0,13.84,7.26,4.0,9.36,20.0,0.8,-2.84,6.54,7.27,2.41,4.0,9.18,20.0,0.8,1003.13,1006.0,1020.33,1011.6,3.0,13.5,20.0,0.7,,,,,,,,,,,,,,,,,,,,,,,,,,,,,,,,,,,,,,,,,,,,,,,,,,,,,,,,,,,,,,,,,,,,,,,,,,,,,,,,,,,,,,,,,,,,,,,,,,,,,,,,,,,,,,,,,,,,,,,,,,,,,,,,
1900,10,22810,46.5,12.3,,,,,,,,,,,,,,,,,,,,,,,,,,,,,,,,,0.0,1.0,4.6,2.35,46.0,2.44,14.0,0.5,-4.55,-1.0,0.0,-1.93,46.0,2.53,14.0,0.5,-1.72,0.0,0.0,-0.47,46.0,1.07,14.0,0.5,1010.43,1011.9,1013.77,1012.05,46.0,1.85,14.0,0.5,,,,,,,,,,,,,,,,,,,,,,,,,,,,,,,,,,,,,,,,,,,,,,,,,,,,,,,,,,,,,,,,,,,,,,,,,,,,,,,,,,,,,,,,,,,,,,,,,,,,,,,,,,,,,,,,,,,,,,,,,,,,,,,,
1900,10,22810,46.8,-41.7,,,,,,,,,,,,,,,,,,,,,,,,,,,,,,,,,15.4,15.4,15.4,15.4,1.0,0.0,20.0,1.0,14.28,14.28,14.28,14.28,1.0,0.0,20.0,1.0,5.77,5.77,5.77,5.77,1.0,0.0,20.0,1.0,1003.4,1003.4,1003.4,1003.4,1.0,0.0,20.0,1.0,,,,,,,,,,,,,,,,,,,,,,,,,,,,,,,,,,,,,,,,,,,,,,,,,,,,,,,,,,,,,,,,,,,,,,,,,,,,,,,,,,,,,,,,,,,,,,,,,,,,,,,,,,,,,,,,,,,,,,,,,,,,,,,,
1900,10,22810,48.3,-45.2,,,,,,,,,,,,,,,,,,,,,,,,,,,,,,,,,10.27,12.35,14.43,12.35,2.0,4.31,4.0,1.0,9.5,11.4,13.29,11.4,2.0,3.93,4.0,1.0,-4.51,-1.27,1.98,-1.27,2.0,6.72,4.0,1.0,1005.2,1005.2,1005.2,1005.2,1.0,0.0,8.0,1.0,,,,,,,,,,,,,,,,,,,,,,,,,,,,,,,,,,,,,,,,,,,,,,,,,,,,,,,,,,,,,,,,,,,,,,,,,,,,,,,,,,,,,,,,,,,,,,,,,,,,,,,,,,,,,,,,,,,,,,,,,,,,,,,,
1900,10,22810,48.3,-41.7,,,,,,,,,,,,,,,,,,,,,,,,,,,,,,,,,4.6,4.6,4.6,4.6,1.0,0.0,18.0,1.0,3.25,3.25,3.25,3.25,1.0,0.0,18.0,1.0,3.25,3.25,3.25,3.25,1.0,0.0,18.0,1.0,1021.1,1021.1,1021.1,1021.1,1.0,0.0,18.0,1.0,,,,,,,,,,,,,,,,,,,,,,,,,,,,,,,,,,,,,,,,,,,,,,,,,,,,,,,,,,,,,,,,,,,,,,,,,,,,,,,,,,,,,,,,,,,,,,,,,,,,,,,,,,,,,,,,,,,,,,,,,,,,,,,,
1900,10,22810,48.3,10.8,,,,,,,,,,,,,,,,,,,,,,,,,,,,,,,,,2.6,2.6,2.6,2.6,2.0,0.0,30.0,1.0,-0.85,-0.51,-0.16,-0.51,2.0,0.72,30.0,1.0,-2.57,-2.5,-2.43,-2.5,2.0,0.15,30.0,1.0,1011.54,1012.5,1013.46,1012.5,2.0,1.98,30.0,1.0,,,,,,,,,,,,,,,,,,,,,,,,,,,,,,,,,,,,,,,,,,,,,,,,,,,,,,,,,,,,,,,,,,,,,,,,,,,,,,,,,,,,,,,,,,,,,,,,,,,,,,,,,,,,,,,,,,,,,,,,,,,,,,,,
1900,10,22810,48.5,-43.1,,,,,,,,,,,,,,,,,,,,,,,,,,,,,,,,,6.7,6.7,9.63,8.1,4.0,2.8,22.0,0.5,6.49,6.7,9.12,7.75,4.0,2.39,22.0,0.5,-2.52,0.0,1.2,-0.63,4.0,2.99,22.0,0.5,1004.1,1006.35,1007.03,1005.6,4.0,2.41,22.0,0.5,,,,,,,,,,,,,,,,,,,,,,,,,,,,,,,,,,,,,,,,,,,,,,,,,,,,,,,,,,,,,,,,,,,,,,,,,,,,,,,,,,,,,,,,,,,,,,,,,,,,,,,,,,,,,,,,,,,,,,,,,,,,,,,,
1900,10,22810,48.5,12.3,,,,,,,,,,,,,,,,,,,,,,,,,,,,,,,,,0.0,1.0,4.6,2.61,41.0,2.89,14.0,0.5,-4.48,-1.0,0.0,-2.23,41.0,2.74,14.0,0.5,-2.99,-0.37,0.0,-0.97,41.0,1.33,14.0,0.5,1010.75,1012.8,1013.85,1012.46,42.0,1.64,14.0,0.5,,,,,,,,,,,,,,,,,,,,,,,,,,,,,,,,,,,,,,,,,,,,,,,,,,,,,,,,,,,,,,,,,,,,,,,,,,,,,,,,,,,,,,,,,,,,,,,,,,,,,,,,,,,,,,,,,,,,,,,,,,,,,,,,
1900,10,22810,48.8,-37.2,,,,,,,,,,,,,,,,,,,,,,,,,,,,,,,,,9.3,9.3,9.3,9.3,1.0,0.0,20.0,1.0,6.58,6.58,6.58,6.58,1.0,0.0,20.0,1.0,-6.58,-6.58,-6.58,-6.58,1.0,0.0,20.0,1.0,1022.6,1022.6,1022.6,1022.6,1.0,0.0,20.0,1.0,,,,,,,,,,,,,,,,,,,,,,,,,,,,,,,,,,,,,,,,,,,,,,,,,,,,,,,,,,,,,,,,,,,,,,,,,,,,,,,,,,,,,,,,,,,,,,,,,,,,,,,,,,,,,,,,,,,,,,,,,,,,,,,,
1900,10,22810,50.4,12.3,,,,,,,,,,,,,,,,,,,,,,,,,,,,,,,,,1.0,2.6,6.64,3.02,39.0,2.89,18.0,0.5,-4.73,-1.0,0.0,-2.42,39.0,3.04,18.0,0.5,-1.01,0.0,0.39,-0.42,39.0,1.51,18.0,0.5,1011.4,1013.0,1014.7,1013.18,39.0,1.8,18.0,0.5,,,,,,,,,,,,,,,,,,,,,,,,,,,,,,,,,,,,,,,,,,,,,,,,,,,,,,,,,,,,,,,,,,,,,,,,,,,,,,,,,,,,,,,,,,,,,,,,,,,,,,,,,,,,,,,,,,,,,,,,,,,,,,,,
1900,10,22810,50.6,-43.3,,,,,,,,,,,,,,,,,,,,,,,,,,,,,,,,,4.55,6.7,6.7,5.68,4.0,2.05,18.0,0.8,4.15,6.7,6.7,5.48,4.0,2.43,18.0,0.8,-0.96,0.0,0.0,-0.46,4.0,0.92,18.0,0.8,1001.7,1007.1,1009.93,1005.56,5.0,7.4,16.0,0.8,,,,,,,,,,,,,,,,,,,,,,,,,,,,,,,,,,,,,,,,,,,,,,,,,,,,,,,,,,,,,,,,,,,,,,,,,,,,,,,,,,,,,,,,,,,,,,,,,,,,,,,,,,,,,,,,,,,,,,,,,,,,,,,,
1900,10,22810,50.8,-41.7,,,,,,,,,,,,,,,,,,,,,,,,,,,,,,,,,4.6,4.6,4.6,4.6,1.0,0.0,22.0,1.0,4.27,4.27,4.27,4.27,1.0,0.0,22.0,1.0,1.72,1.72,1.72,1.72,1.0,0.0,22.0,1.0,1010.7,1010.7,1010.7,1010.7,1.0,0.0,22.0,1.0,,,,,,,,,,,,,,,,,,,,,,,,,,,,,,,,,,,,,,,,,,,,,,,,,,,,,,,,,,,,,,,,,,,,,,,,,,,,,,,,,,,,,,,,,,,,,,,,,,,,,,,,,,,,,,,,,,,,,,,,,,,,,,,,
1900,10,22810,50.8,10.8,,,,,,,,,,,,,,,,,,,,,,,,,,,,,,,,,0.43,2.6,4.6,2.99,10.0,2.74,8.0,0.7,-2.89,-0.97,1.05,-1.05,10.0,2.94,8.0,0.7,-2.16,-0.67,0.58,-0.3,10.0,2.74,8.0,0.7,1011.39,1012.8,1014.25,1012.83,12.0,1.65,8.0,0.7,,,,,,,,,,,,,,,,,,,,,,,,,,,,,,,,,,,,,,,,,,,,,,,,,,,,,,,,,,,,,,,,,,,,,,,,,,,,,,,,,,,,,,,,,,,,,,,,,,,,,,,,,,,,,,,,,,,,,,,,,,,,,,,,
1900,10,22810,52.3,-43.2,,,,,,,,,,,,,,,,,,,,,,,,,,,,,,,,,4.6,4.6,9.3,6.48,5.0,2.57,20.0,0.6,3.49,4.6,9.3,5.87,5.0,3.36,20.0,0.6,0.0,0.0,1.58,0.86,5.0,1.93,20.0,0.6,1007.1,1008.6,1014.51,1010.7,4.0,5.44,20.0,0.5,,,,,,,,,,,,,,,,,,,,,,,,,,,,,,,,,,,,,,,,,,,,,,,,,,,,,,,,,,,,,,,,,,,,,,,,,,,,,,,,,,,,,,,,,,,,,,,,,,,,,,,,,,,,,,,,,,,,,,,,,,,,,,,,
1900,10,22810,52.3,-35.7,,,,,,,,,,,,,,,,,,,,,,,,,,,,,,,,,2.06,4.6,9.3,5.07,6.0,3.69,2.0,0.7,-3.2,-2.38,0.18,-1.72,6.0,1.81,2.0,0.7,-8.74,-3.79,0.5,-3.77,6.0,4.53,2.0,0.7,1021.4,1022.35,1023.24,1022.35,6.0,0.98,2.0,0.7,2.0,3.0,4.4,3.2,5.0,1.3,2.0,0.6,78.1,91.9,99.1,88.8,4.0,13.3,2.0,0.8,-29.6,-11.1,0.5,-13.2,6.0,14.1,2.0,0.7,-81.3,-17.4,1.3,-31.8,6.0,39.5,2.0,0.7,,,,,,,,,,,,,,,,,,,,,,,,,,,,,,,,,-56.0,-38.8,2.5,-29.9,6.0,30.1,2.0,0.7,-141.0,-66.9,6.8,-65.2,6.0,73.3,2.0,0.7,-36.7,-25.8,-7.8,-22.5,4.0,17.8,2.0,0.8,-100.9,-70.9,-21.6,-61.7,4.0,48.9,2.0,0.8,,,,,,,,,,,,,,,,,,,,,,,,,,,,,,,,
1900,10,22810,52.5,12.3,,,,,,,,,,,,,,,,,,,,,,,,,,,,,,,,,3.87,4.6,6.7,5.04,5.0,1.72,22.0,0.8,-5.28,-4.6,-2.71,-3.96,5.0,2.34,22.0,0.8,-3.38,-2.51,-1.09,-2.31,5.0,1.71,22.0,0.8,1010.76,1012.7,1013.66,1012.4,5.0,1.71,22.0,0.8,,,,,,,,,,,,,,,,,,,,,,,,,,,,,,,,,,,,,,,,,,,,,,,,,,,,,,,,,,,,,,,,,,,,,,,,,,,,,,,,,,,,,,,,,,,,,,,,,,,,,,,,,,,,,,,,,,,,,,,,,,,,,,,,
1900,10,22810,52.6,10.7,,,,,,,,,,,,,,,,,,,,,,,,,,,,,,,,,0.0,2.6,4.6,2.77,41.0,2.27,14.0,0.4,-3.03,-0.37,1.84,-0.59,41.0,2.69,14.0,0.4,-2.6,-0.39,0.71,-0.8,41.0,2.19,14.0,0.4,1010.9,1012.1,1014.7,1012.72,41.0,1.95,14.0,0.4,,,,,,,,,,,,,,,,,,,,,,,,,,,,,,,,,,,,,,,,,,,,,,,,,,,,,,,,,,,,,,,,,,,,,,,,,,,,,,,,,,,,,,,,,,,,,,,,,,,,,,,,,,,,,,,,,,,,,,,,,,,,,,,,
1900,10,22810,52.8,-41.7,,,,,,,,,,,,,,,,,,,,,,,,,,,,,,,,,12.3,12.3,12.3,12.3,1.0,0.0,20.0,1.0,4.61,4.61,4.61,4.61,1.0,0.0,20.0,1.0,-11.4,-11.4,-11.4,-11.4,1.0,0.0,20.0,1.0,1009.7,1009.7,1009.7,1009.7,1.0,0.0,20.0,1.0,,,,,,,,,,,,,,,,,,,,,,,,,,,,,,,,,,,,,,,,,,,,,,,,,,,,,,,,,,,,,,,,,,,,,,,,,,,,,,,,,,,,,,,,,,,,,,,,,,,,,,,,,,,,,,,,,,,,,,,,,,,,,,,,
1900,10,22810,54.3,-35.7,,,,,,,,,,,,,,,,,,,,,,,,,,,,,,,,,12.3,12.3,12.3,12.3,1.0,0.0,20.0,1.0,8.7,8.7,8.7,8.7,1.0,0.0,20.0,1.0,-8.7,-8.7,-8.7,-8.7,1.0,0.0,20.0,1.0,1015.0,1015.0,1015.0,1015.0,1.0,0.0,20.0,1.0,,,,,,,,,,,,,,,,,,,,,,,,,,,,,,,,,,,,,,,,,,,,,,,,,,,,,,,,,,,,,,,,,,,,,,,,,,,,,,,,,,,,,,,,,,,,,,,,,,,,,,,,,,,,,,,,,,,,,,,,,,,,,,,,
1900,10,22810,54.5,-43.3,,,,,,,,,,,,,,,,,,,,,,,,,,,,,,,,,1.4,5.65,9.01,6.61,8.0,5.75,20.0,0.8,0.0,0.0,0.87,2.31,8.0,6.79,20.0,0.8,-0.3,2.77,6.7,2.96,8.0,4.57,20.0,0.8,1011.08,1012.3,1016.74,1013.33,7.0,3.22,20.0,0.7,,,,,,,,,,,,,,,,,,,,,,,,,,,,,,,,,,,,,,,,,,,,,,,,,,,,,,,,,,,,,,,,,,,,,,,,,,,,,,,,,,,,,,,,,,,,,,,,,,,,,,,,,,,,,,,,,,,,,,,,,,,,,,,,
1900,10,22810,54.5,-37.1,,,,,,,,,,,,,,,,,,,,,,,,,,,,,,,,,,,,,,,,,,,,,,,,,,,,,,,,,,,,,,,,,6.0,6.0,6.0,6.0,3.0,0.0,2.0,0.3,82.9,82.9,82.9,82.9,1.0,0.0,2.0,1.0,81.1,81.1,81.1,81.1,2.0,0.0,2.0,0.5,-222.9,-222.9,-222.9,-222.9,2.0,0.0,2.0,0.5,,,,,,,,,,,,,,,,,,,,,,,,,,,,,,,,,,,,,,,,,,,,,,,,,,,,,,,,,,,,,,,,,,,,,,,,,,,,,,,,,,,,,,,,,,,,,,,,
1900,10,22810,54.5,10.7,,,,,,,,,,,,,,,,,,,,,,,,,,,,,,,,,1.0,2.6,4.6,3.0,34.0,2.46,14.0,0.6,-3.25,-0.99,0.0,-1.0,34.0,2.96,14.0,0.6,-3.25,-0.71,0.71,-1.09,34.0,2.08,14.0,0.6,1010.86,1012.7,1013.82,1012.46,35.0,1.58,14.0,0.6,,,,,,,,,,,,,,,,,,,,,,,,,,,,,,,,,,,,,,,,,,,,,,,,,,,,,,,,,,,,,,,,,,,,,,,,,,,,,,,,,,,,,,,,,,,,,,,,,,,,,,,,,,,,,,,,,,,,,,,,,,,,,,,,
1900,10,22810,54.6,12.3,,,,,,,,,,,,,,,,,,,,,,,,,,,,,,,,,2.6,2.6,2.6,2.6,3.0,0.0,24.0,0.3,-2.23,-1.84,-1.84,-2.03,3.0,0.33,24.0,0.3,-1.84,-1.84,-1.25,-1.55,3.0,0.5,24.0,0.3,1009.77,1012.3,1012.91,1011.37,3.0,2.44,24.0,0.3,,,,,,,,,,,,,,,,,,,,,,,,,,,,,,,,,,,,,,,,,,,,,,,,,,,,,,,,,,,,,,,,,,,,,,,,,,,,,,,,,,,,,,,,,,,,,,,,,,,,,,,,,,,,,,,,,,,,,,,,,,,,,,,,
1900,10,22810,54.7,-37.2,,,,,,,,,,,,,,,,,,,,,,,,,,,,,,,,,15.4,15.4,15.4,15.4,2.0,0.0,2.0,0.5,5.27,5.27,5.27,5.27,2.0,0.0,2.0,0.5,-14.47,-14.47,-14.47,-14.47,2.0,0.0,2.0,0.5,1020.76,1021.1,1021.17,1020.97,3.0,0.32,2.0,0.3,,,,,,,,,,,,,,,,,,,,,,,,,,,,,,,,,,,,,,,,,,,,,,,,,,,,,,,,,,,,,,,,,82.3,85.9,89.4,85.9,2.0,7.4,2.0,0.5,-245.8,-235.9,-226.0,-235.9,2.0,20.5,2.0,0.5,53.2,53.2,53.2,53.2,1.0,0.0,2.0,1.0,-146.1,-146.1,-146.1,-146.1,1.0,0.0,2.0,1.0,,,,,,,,,,,,,,,,,,,,,,,,,,,,,,,,
1900,10,22810,54.8,-41.7,,,,,,,,,,,,,,,,,,,,,,,,,,,,,,,,,9.3,9.3,9.3,9.3,1.0,0.0,22.0,1.0,3.63,3.63,3.63,3.63,1.0,0.0,22.0,1.0,8.56,8.56,8.56,8.56,1.0,0.0,22.0,1.0,1014.7,1014.7,1014.7,1014.7,1.0,0.0,22.0,1.0,,,,,,,,,,,,,,,,,,,,,,,,,,,,,,,,,,,,,,,,,,,,,,,,,,,,,,,,,,,,,,,,,,,,,,,,,,,,,,,,,,,,,,,,,,,,,,,,,,,,,,,,,,,,,,,,,,,,,,,,,,,,,,,,
1900,10,22810,54.8,8.8,,,,,,,,,,,,,,,,,,,,,,,,,,,,,,,,,7.11,8.0,8.89,8.0,2.0,1.84,8.0,0.5,5.03,5.66,6.28,5.66,2.0,1.3,8.0,0.5,-6.28,-5.66,-5.03,-5.66,2.0,1.3,8.0,0.5,1011.94,1013.1,1013.24,1012.6,3.0,1.04,8.0,0.7,,,,,,,,,,,,,,,,,,,,,,,,,,,,,,,,,,,,,,,,,,,,,,,,,,,,,,,,,,,,,,,,,,,,,,,,,,,,,,,,,,,,,,,,,,,,,,,,,,,,,,,,,,,,,,,,,,,,,,,,,,,,,,,,
1900,10,22810,56.5,-43.3,,,,,,,,,,,,,,,,,,,,,,,,,,,,,,,,,6.7,8.0,10.87,8.75,4.0,2.67,22.0,0.8,0.0,0.0,1.2,0.57,4.0,1.15,22.0,0.8,-9.63,-6.5,1.87,-4.0,4.0,9.28,22.0,0.8,1014.49,1015.1,1015.71,1015.1,2.0,1.27,24.0,0.5,,,,,,,,,,,,,,,,,,,,,,,,,,,,,,,,,,,,,,,,,,,,,,,,,,,,,,,,,,,,,,,,,,,,,,,,,,,,,,,,,,,,,,,,,,,,,,,,,,,,,,,,,,,,,,,,,,,,,,,,,,,,,,,,
1900,10,22810,56.5,-37.6,,,,,,,,,,,,,,,,,,,,,,,,,,,,,,,,,13.28,15.4,15.4,14.37,3.0,1.79,2.0,0.7,6.64,7.7,7.7,7.18,3.0,0.89,2.0,0.7,-13.34,-13.34,-11.5,-12.44,3.0,1.55,2.0,0.7,1020.94,1021.2,1021.51,1021.23,4.0,0.45,2.0,0.8,3.6,5.0,7.0,5.3,3.0,2.5,2.0,0.7,82.8,84.6,86.5,84.6,3.0,2.8,2.0,0.7,89.3,118.6,118.6,104.3,3.0,24.8,2.0,0.7,-205.4,-205.4,-154.6,-180.6,3.0,42.9,2.0,0.7,,,,,,,,,,,,,,,,,,,,,,,,,,,,,,,,,112.2,130.1,131.7,122.2,3.0,15.8,2.0,0.7,-228.1,-225.4,-194.4,-211.6,3.0,27.4,2.0,0.7,66.3,76.2,78.7,72.5,3.0,9.6,2.0,0.7,-136.2,-132.0,-114.8,-125.7,3.0,16.7,2.0,0.7,,,,,,,,,,,,,,,,,,,,,,,,,,,,,,,,
1900,10,22810,56.5,10.5,,,,,,,,,,,,,,,,,,,,,,,,,,,,,,,,,0.13,2.6,4.6,2.36,27.0,1.75,16.0,0.4,-3.25,-1.0,0.0,-1.49,27.0,1.71,16.0,0.4,-2.41,0.0,1.01,-0.6,27.0,1.79,16.0,0.4,1011.53,1012.55,1014.47,1012.75,28.0,1.68,16.0,0.4,,,,,,,,,,,,,,,,,,,,,,,,,,,,,,,,,,,,,,,,,,,,,,,,,,,,,,,,,,,,,,,,,,,,,,,,,,,,,,,,,,,,,,,,,,,,,,,,,,,,,,,,,,,,,,,,,,,,,,,,,,,,,,,,
1900,10,22810,56.5,12.3,,,,,,,,,,,,,,,,,,,,,,,,,,,,,,,,,4.6,4.6,4.6,4.6,2.0,0.0,24.0,0.5,-3.25,-3.25,-3.25,-3.25,2.0,0.0,24.0,0.5,-3.25,-3.25,-3.25,-3.25,2.0,0.0,24.0,0.5,1010.62,1011.1,1011.58,1011.1,2.0,0.99,24.0,0.5,,,,,,,,,,,,,,,,,,,,,,,,,,,,,,,,,,,,,,,,,,,,,,,,,,,,,,,,,,,,,,,,,,,,,,,,,,,,,,,,,,,,,,,,,,,,,,,,,,,,,,,,,,,,,,,,,,,,,,,,,,,,,,,,
1900,10,22810,56.6,8.6,,,,,,,,,,,,,,,,,,,,,,,,,,,,,,,,,1.0,1.0,3.33,2.04,5.0,1.59,6.0,0.4,0.08,0.71,2.71,1.3,5.0,1.93,6.0,0.4,-1.81,-0.71,-0.45,-1.01,5.0,0.79,6.0,0.4,1010.81,1011.4,1012.44,1011.66,5.0,1.35,6.0,0.4,,,,,,,,,,,,,,,,,,,,,,,,,,,,,,,,,,,,,,,,,,,,,,,,,,,,,,,,,,,,,,,,,,,,,,,,,,,,,,,,,,,,,,,,,,,,,,,,,,,,,,,,,,,,,,,,,,,,,,,,,,,,,,,,
1900,10,22810,56.8,-41.7,,,,,,,,,,,,,,,,,,,,,,,,,,,,,,,,,15.4,15.4,15.4,15.4,1.0,0.0,20.0,1.0,5.77,5.77,5.77,5.77,1.0,0.0,20.0,1.0,-14.28,-14.28,-14.28,-14.28,1.0,0.0,20.0,1.0,995.0,995.0,995.0,995.0,1.0,0.0,20.0,1.0,,,,,,,,,,,,,,,,,,,,,,,,,,,,,,,,,,,,,,,,,,,,,,,,,,,,,,,,,,,,,,,,,,,,,,,,,,,,,,,,,,,,,,,,,,,,,,,,,,,,,,,,,,,,,,,,,,,,,,,,,,,,,,,,
1900,10,22810,58.3,-43.4,,,,,,,,,,,,,,,,,,,,,,,,,,,,,,,,,12.79,13.85,14.91,13.85,2.0,2.19,24.0,1.0,0.0,0.0,0.0,0.0,2.0,0.0,24.0,1.0,-14.91,-13.85,-12.79,-13.85,2.0,2.19,24.0,1.0,1007.67,1008.9,1010.13,1008.9,2.0,2.55,24.0,1.0,,,,,,,,,,,,,,,,,,,,,,,,,,,,,,,,,,,,,,,,,,,,,,,,,,,,,,,,,,,,,,,,,,,,,,,,,,,,,,,,,,,,,,,,,,,,,,,,,,,,,,,,,,,,,,,,,,,,,,,,,,,,,,,,
1900,10,22810,58.3,-37.7,,,,,,,,,,,,,,,,,,,,,,,,,,,,,,,,,8.35,9.3,9.3,8.78,5.0,1.16,2.0,0.6,-5.98,-3.48,0.42,-2.86,5.0,3.32,2.0,0.6,6.93,7.12,8.87,7.75,5.0,1.15,2.0,0.6,1024.62,1027.4,1029.0,1026.84,7.0,2.22,2.0,0.6,6.0,6.5,7.5,6.8,4.0,1.0,2.0,0.5,89.1,89.1,89.1,89.1,1.0,0.0,2.0,0.0,-55.6,-32.4,2.8,-27.2,5.0,30.0,2.0,0.6,58.2,66.3,82.5,68.7,5.0,16.3,2.0,0.6,,,,,,,,,,,,,,,,,,,,,,,,,,,,,,,,,-89.2,-55.7,6.7,-43.4,5.0,50.3,2.0,0.6,104.3,109.0,142.6,121.2,5.0,21.7,2.0,0.6,0.0,0.0,0.0,0.0,1.0,0.0,2.0,0.0,93.7,93.7,93.7,93.7,1.0,0.0,2.0,0.0,,,,,,,,,,,,,,,,,,,,,,,,,,,,,,,,
1900,10,22810,58.4,12.3,,,,,,,,,,,,,,,,,,,,,,,,,,,,,,,,,7.53,9.3,9.3,8.43,3.0,1.5,24.0,0.7,-6.58,-6.58,-5.32,-5.96,3.0,1.06,24.0,0.7,-6.58,-6.58,-5.32,-5.96,3.0,1.06,24.0,0.7,1011.5,1013.0,1013.14,1012.33,3.0,1.33,24.0,0.7,,,,,,,,,,,,,,,,,,,,,,,,,,,,,,,,,,,,,,,,,,,,,,,,,,,,,,,,,,,,,,,,,,,,,,,,,,,,,,,,,,,,,,,,,,,,,,,,,,,,,,,,,,,,,,,,,,,,,,,,,,,,,,,,
1900,10,22810,58.5,8.3,,,,,,,,,,,,,,,,,,,,,,,,,,,,,,,,,0.0,2.6,4.6,2.36,5.0,2.3,6.0,0.6,0.0,0.0,1.72,0.69,5.0,0.94,6.0,0.6,-4.27,-2.6,0.0,-2.23,5.0,2.14,6.0,0.6,1011.5,1012.6,1012.74,1012.22,5.0,0.66,6.0,0.6,,,,,,,,,,,,,,,,,,,,,,,,,,,,,,,,,,,,,,,,,,,,,,,,,,,,,,,,,,,,,,,,,,,,,,,,,,,,,,,,,,,,,,,,,,,,,,,,,,,,,,,,,,,,,,,,,,,,,,,,,,,,,,,,
1900,10,22810,58.5,10.3,,,,,,,,,,,,,,,,,,,,,,,,,,,,,,,,,0.28,2.6,4.6,2.75,28.0,2.3,14.0,0.5,-2.62,-0.71,0.0,-1.08,28.0,2.16,14.0,0.5,-3.95,-0.71,0.71,-1.15,28.0,2.42,14.0,0.5,1010.4,1012.2,1013.87,1012.2,28.0,1.69,14.0,0.5,,,,,,,,,,,,,,,,,,,,,,,,,,,,,,,,,,,,,,,,,,,,,,,,,,,,,,,,,,,,,,,,,,,,,,,,,,,,,,,,,,,,,,,,,,,,,,,,,,,,,,,,,,,,,,,,,,,,,,,,,,,,,,,,
1900,10,22810,58.6,-39.3,,,,,,,,,,,,,,,,,,,,,,,,,,,,,,,,,12.38,19.0,19.0,15.77,3.0,5.6,4.0,0.7,-3.71,7.12,10.6,3.53,3.0,10.93,4.0,0.7,-16.64,-14.55,-6.79,-11.78,3.0,7.61,4.0,0.7,1018.66,1022.7,1026.78,1022.8,5.0,4.21,4.0,0.6,,,,,,,,,,,,,,,,,,,,,,,,,,,,,,,,,,,,,,,,,,,,,,,,,,,,,,,,,,,,,,,,,,,,,,,,,,,,,,,,,,,,,,,,,,,,,,,,,,,,,,,,,,,,,,,,,,,,,,,,,,,,,,,,
1900,10,22810,58.8,-41.2,,,,,,,,,,,,,,,,,,,,,,,,,,,,,,,,,13.36,15.65,17.94,15.65,2.0,4.74,26.0,1.0,1.13,3.56,5.99,3.56,2.0,5.03,26.0,1.0,-16.77,-14.96,-13.14,-14.96,2.0,3.76,26.0,1.0,1015.3,1015.3,1015.3,1015.3,1.0,0.0,24.0,1.0,,,,,,,,,,,,,,,,,,,,,,,,,,,,,,,,,,,,,,,,,,,,,,,,,,,,,,,,,,,,,,,,,,,,,,,,,,,,,,,,,,,,,,,,,,,,,,,,,,,,,,,,,,,,,,,,,,,,,,,,,,,,,,,,
1900,10,22810,58.8,-35.2,,,,,,,,,,,,,,,,,,,,,,,,,,,,,,,,,15.4,15.4,15.4,15.4,1.0,0.0,22.0,1.0,10.89,10.89,10.89,10.89,1.0,0.0,22.0,1.0,-10.89,-10.89,-10.89,-10.89,1.0,0.0,22.0,1.0,1012.8,1012.8,1012.8,1012.8,1.0,0.0,22.0,1.0,,,,,,,,,,,,,,,,,,,,,,,,,,,,,,,,,,,,,,,,,,,,,,,,,,,,,,,,,,,,,,,,,,,,,,,,,,,,,,,,,,,,,,,,,,,,,,,,,,,,,,,,,,,,,,,,,,,,,,,,,,,,,,,,
1900,10,22810,58.8,6.8,,,,,,,,,,,,,,,,,,,,,,,,,,,,,,,,,0.0,0.0,0.0,0.0,1.0,0.0,6.0,0.0,0.0,0.0,0.0,0.0,1.0,0.0,6.0,0.0,0.0,0.0,0.0,0.0,1.0,0.0,6.0,0.0,1010.7,1010.7,1010.7,1010.7,1.0,0.0,6.0,0.0,,,,,,,,,,,,,,,,,,,,,,,,,,,,,,,,,,,,,,,,,,,,,,,,,,,,,,,,,,,,,,,,,,,,,,,,,,,,,,,,,,,,,,,,,,,,,,,,,,,,,,,,,,,,,,,,,,,,,,,,,,,,,,,,
1900,10,22810,60.3,-45.2,,,,,,,,,,,,,,,,,,,,,,,,,,,,,,,,,22.6,22.6,22.6,22.6,1.0,0.0,12.0,1.0,20.95,20.95,20.95,20.95,1.0,0.0,12.0,1.0,8.47,8.47,8.47,8.47,1.0,0.0,12.0,1.0,1005.6,1005.6,1005.6,1005.6,1.0,0.0,12.0,1.0,,,,,,,,,,,,,,,,,,,,,,,,,,,,,,,,,,,,,,,,,,,,,,,,,,,,,,,,,,,,,,,,,,,,,,,,,,,,,,,,,,,,,,,,,,,,,,,,,,,,,,,,,,,,,,,,,,,,,,,,,,,,,,,,
1900,10,22810,60.3,-41.7,,,,,,,,,,,,,,,,,,,,,,,,,,,,,,,,,15.97,17.2,18.43,17.2,2.0,2.55,24.0,1.0,11.29,12.16,13.03,12.16,2.0,1.8,24.0,1.0,-7.03,1.27,9.57,1.27,2.0,17.2,24.0,1.0,1004.06,1009.15,1014.24,1009.15,2.0,10.54,24.0,1.0,,,,,,,,,,,,,,,,,,,,,,,,,,,,,,,,,,,,,,,,,,,,,,,,,,,,,,,,,,,,,,,,,,,,,,,,,,,,,,,,,,,,,,,,,,,,,,,,,,,,,,,,,,,,,,,,,,,,,,,,,,,,,,,,
1900,10,22810,60.3,12.3,,,,,,,,,,,,,,,,,,,,,,,,,,,,,,,,,4.93,5.65,6.37,5.65,2.0,1.48,24.0,0.0,-4.5,-4.0,-3.49,-4.0,2.0,1.05,24.0,0.0,-4.5,-4.0,-3.49,-4.0,2.0,1.05,24.0,0.0,1012.66,1012.8,1012.94,1012.8,2.0,0.28,24.0,0.0,,,,,,,,,,,,,,,,,,,,,,,,,,,,,,,,,,,,,,,,,,,,,,,,,,,,,,,,,,,,,,,,,,,,,,,,,,,,,,,,,,,,,,,,,,,,,,,,,,,,,,,,,,,,,,,,,,,,,,,,,,,,,,,,
1900,10,22810,60.5,-43.5,,,,,,,,,,,,,,,,,,,,,,,,,,,,,,,,,14.43,19.0,23.91,19.17,3.0,6.95,24.0,0.3,5.21,6.5,8.18,6.69,3.0,2.18,24.0,0.3,-22.47,-17.85,-13.45,-17.96,3.0,6.61,24.0,0.3,996.85,999.55,1002.25,999.55,2.0,5.59,24.0,0.0,,,,,,,,,,,,,,,,,,,,,,,,,,,,,,,,,,,,,,,,,,,,,,,,,,,,,,,,,,,,,,,,,,,,,,,,,,,,,,,,,,,,,,,,,,,,,,,,,,,,,,,,,,,,,,,,,,,,,,,,,,,,,,,,
1900,10,22810,60.5,-39.6,,,,,,,,,,,,,,,,,,,,,,,,,,,,,,,,,13.28,15.4,17.86,15.57,3.0,3.35,4.0,0.3,8.1,11.56,13.55,10.84,3.0,4.03,4.0,0.3,-13.86,-5.27,-4.54,-9.11,3.0,7.59,4.0,0.3,1015.94,1018.4,1018.67,1017.33,3.0,2.2,4.0,0.3,4.6,6.0,6.0,5.3,3.0,1.2,4.0,0.3,86.6,87.5,88.4,87.5,2.0,1.8,4.0,0.5,129.4,142.2,197.2,162.8,3.0,52.8,4.0,0.3,-257.3,-81.1,-61.1,-157.4,3.0,158.2,4.0,0.3,,,,,,,,,,,,,,,,,,,,,,,,,,,,,,,,,124.3,165.3,203.6,164.0,3.0,58.1,4.0,0.3,-223.0,-80.6,-66.6,-143.3,3.0,126.8,4.0,0.3,75.5,101.1,126.7,101.1,2.0,53.0,4.0,0.5,-155.1,-112.6,-70.2,-112.6,2.0,88.0,4.0,0.5,,,,,,,,,,,,,,,,,,,,,,,,,,,,,,,,
1900,10,22810,60.5,6.8,,,,,,,,,,,,,,,,,,,,,,,,,,,,,,,,,1.0,2.6,2.6,1.96,5.0,0.88,6.0,0.6,0.45,0.71,1.84,1.02,5.0,0.8,6.0,0.6,-2.12,-1.84,-0.71,-1.54,5.0,0.82,6.0,0.6,1010.57,1011.6,1012.37,1011.4,5.0,1.27,6.0,0.6,,,,,,,,,,,,,,,,,,,,,,,,,,,,,,,,,,,,,,,,,,,,,,,,,,,,,,,,,,,,,,,,,,,,,,,,,,,,,,,,,,,,,,,,,,,,,,,,,,,,,,,,,,,,,,,,,,,,,,,,,,,,,,,,
1900,10,22810,60.5,8.8,,,,,,,,,,,,,,,,,,,,,,,,,,,,,,,,,0.0,1.0,2.49,1.39,11.0,2.21,10.0,0.2,-2.44,0.0,0.0,-1.15,11.0,2.19,10.0,0.2,-0.71,0.0,0.0,-0.36,11.0,0.79,10.0,0.2,1010.39,1011.5,1012.41,1011.44,11.0,0.97,10.0,0.2,,,,,,,,,,,,,,,,,,,,,,,,,,,,,,,,,,,,,,,,,,,,,,,,,,,,,,,,,,,,,,,,,,,,,,,,,,,,,,,,,,,,,,,,,,,,,,,,,,,,,,,,,,,,,,,,,,,,,,,,,,,,,,,,
1900,10,22810,60.5,10.3,,,,,,,,,,,,,,,,,,,,,,,,,,,,,,,,,0.7,2.6,5.23,3.03,18.0,2.31,16.0,0.6,-2.62,-0.39,0.0,-0.72,18.0,1.68,16.0,0.6,-5.07,-1.84,0.0,-2.37,18.0,2.4,16.0,0.6,1010.75,1012.45,1013.75,1012.26,18.0,1.6,16.0,0.6,,,,,,,,,,,,,,,,,,,,,,,,,,,,,,,,,,,,,,,,,,,,,,,,,,,,,,,,,,,,,,,,,,,,,,,,,,,,,,,,,,,,,,,,,,,,,,,,,,,,,,,,,,,,,,,,,,,,,,,,,,,,,,,,
1900,10,22810,60.8,-33.2,,,,,,,,,,,,,,,,,,,,,,,,,,,,,,,,,6.7,6.7,6.7,6.7,1.0,0.0,22.0,1.0,4.74,4.74,4.74,4.74,1.0,0.0,22.0,1.0,4.74,4.74,4.74,4.74,1.0,0.0,22.0,1.0,1012.7,1012.7,1012.7,1012.7,1.0,0.0,22.0,1.0,,,,,,,,,,,,,,,,,,,,,,,,,,,,,,,,,,,,,,,,,,,,,,,,,,,,,,,,,,,,,,,,,,,,,,,,,,,,,,,,,,,,,,,,,,,,,,,,,,,,,,,,,,,,,,,,,,,,,,,,,,,,,,,,
1900,10,22810,62.3,-23.2,,,,,,,,,,,,,,,,,,,,,,,,,,,,,,,,,6.7,6.7,6.7,6.7,1.0,0.0,26.0,1.0,-6.7,-6.7,-6.7,-6.7,1.0,0.0,26.0,1.0,0.0,0.0,0.0,0.0,1.0,0.0,26.0,1.0,1021.7,1021.7,1021.7,1021.7,1.0,0.0,26.0,1.0,,,,,,,,,,,,,,,,,,,,,,,,,,,,,,,,,,,,,,,,,,,,,,,,,,,,,,,,,,,,,,,,,,,,,,,,,,,,,,,,,,,,,,,,,,,,,,,,,,,,,,,,,,,,,,,,,,,,,,,,,,,,,,,,
1900,10,22810,62.3,-21.2,,,,,,,,,,,,,,,,,,,,,,,,,,,,,,,,,6.7,6.7,6.7,6.7,1.0,0.0,28.0,1.0,-6.7,-6.7,-6.7,-6.7,1.0,0.0,28.0,1.0,0.0,0.0,0.0,0.0,1.0,0.0,28.0,1.0,1020.0,1020.0,1020.0,1020.0,1.0,0.0,28.0,1.0,,,,,,,,,,,,,,,,,,,,,,,,,,,,,,,,,,,,,,,,,,,,,,,,,,,,,,,,,,,,,,,,,,,,,,,,,,,,,,,,,,,,,,,,,,,,,,,,,,,,,,,,,,,,,,,,,,,,,,,,,,,,,,,,
1900,10,22810,62.3,-17.7,,,,,,,,,,,,,,,,,,,,,,,,,,,,,,,,,6.7,6.7,6.7,6.7,1.0,0.0,28.0,1.0,-6.17,-6.17,-6.17,-6.17,1.0,0.0,28.0,1.0,2.62,2.62,2.62,2.62,1.0,0.0,28.0,1.0,1016.0,1016.0,1016.0,1016.0,1.0,0.0,28.0,1.0,,,,,,,,,,,,,,,,,,,,,,,,,,,,,,,,,,,,,,,,,,,,,,,,,,,,,,,,,,,,,,,,,,,,,,,,,,,,,,,,,,,,,,,,,,,,,,,,,,,,,,,,,,,,,,,,,,,,,,,,,,,,,,,,
1900,10,22810,62.4,6.3,,,,,,,,,,,,,,,,,,,,,,,,,,,,,,,,,1.0,2.6,4.6,2.73,6.0,1.61,6.0,0.3,0.88,1.78,2.57,1.81,6.0,0.94,6.0,0.3,-3.46,-1.43,-0.64,-1.91,6.0,1.54,6.0,0.3,1010.61,1011.1,1011.88,1011.1,6.0,0.94,6.0,0.3,,,,,,,,,,,,,,,,,,,,,,,,,,,,,,,,,,,,,,,,,,,,,,,,,,,,,,,,,,,,,,,,,,,,,,,,,,,,,,,,,,,,,,,,,,,,,,,,,,,,,,,,,,,,,,,,,,,,,,,,,,,,,,,,
1900,10,22810,62.4,10.4,,,,,,,,,,,,,,,,,,,,,,,,,,,,,,,,,2.45,2.6,4.6,3.44,13.0,1.65,20.0,0.6,-3.25,-1.02,0.0,-1.43,13.0,1.62,20.0,0.6,-3.38,-2.6,0.0,-2.28,13.0,2.25,20.0,0.6,1011.3,1012.5,1013.74,1012.53,13.0,1.51,20.0,0.6,,,,,,,,,,,,,,,,,,,,,,,,,,,,,,,,,,,,,,,,,,,,,,,,,,,,,,,,,,,,,,,,,,,,,,,,,,,,,,,,,,,,,,,,,,,,,,,,,,,,,,,,,,,,,,,,,,,,,,,,,,,,,,,,
1900,10,22810,62.5,-45.1,,,,,,,,,,,,,,,,,,,,,,,,,,,,,,,,,2.02,6.7,12.84,7.72,5.0,7.11,20.0,0.8,1.87,6.7,11.98,7.28,5.0,6.58,20.0,0.8,-1.16,0.34,3.22,1.05,5.0,3.75,20.0,0.8,998.36,1000.2,1000.2,999.3,3.0,1.56,24.0,0.7,,,,,,,,,,,,,,,,,,,,,,,,,,,,,,,,,,,,,,,,,,,,,,,,,,,,,,,,,,,,,,,,,,,,,,,,,,,,,,,,,,,,,,,,,,,,,,,,,,,,,,,,,,,,,,,,,,,,,,,,,,,,,,,,
1900,10,22810,62.5,-41.5,,,,,,,,,,,,,,,,,,,,,,,,,,,,,,,,,3.25,4.65,6.05,4.65,2.0,2.9,26.0,1.0,3.08,4.55,6.02,4.55,2.0,3.05,26.0,1.0,-0.85,-0.51,-0.16,-0.51,2.0,0.72,26.0,1.0,1005.2,1005.2,1005.2,1005.2,1.0,0.0,22.0,1.0,,,,,,,,,,,,,,,,,,,,,,,,,,,,,,,,,,,,,,,,,,,,,,,,,,,,,,,,,,,,,,,,,,,,,,,,,,,,,,,,,,,,,,,,,,,,,,,,,,,,,,,,,,,,,,,,,,,,,,,,,,,,,,,,
1900,10,22810,62.5,-39.9,,,,,,,,,,,,,,,,,,,,,,,,,,,,,,,,,,,,,,,,,,,,,,,,,,,,,,,,,,,,,,,,,2.3,3.0,5.0,3.7,3.0,2.1,6.0,0.7,76.6,82.3,87.9,82.3,2.0,11.8,6.0,0.5,212.3,226.7,256.1,233.8,4.0,30.7,6.0,0.8,20.7,103.7,178.0,99.6,4.0,112.3,6.0,0.8,,,,,,,,,,,,,,,,,,,,,,,,,,,,,,,,,,,,,,,,,,,,,,,,,,,,,,,,,,,,,,,,,,,,,,,,,,,,,,,,,,,,,,,,,,,,,,,,
1900,10,22810,62.6,-39.8,,,,,,,,,,,,,,,,,,,,,,,,,,,,,,,,,15.4,15.4,17.29,16.3,4.0,1.8,6.0,0.8,13.79,14.42,14.88,14.33,4.0,0.76,6.0,0.8,1.35,6.73,10.06,5.75,4.0,6.23,6.0,0.8,1019.89,1025.25,1028.35,1024.18,4.0,5.14,6.0,0.8,,,,,,,,,,,,,,,,,,,,,,,,,,,,,,,,,,,,,,,,,,,,,,,,,,,,,,,,,,,,,,,,,205.4,216.9,221.9,213.7,3.0,12.4,6.0,0.7,2.6,90.6,107.6,55.9,3.0,82.5,6.0,0.7,108.3,120.5,132.6,120.5,2.0,25.2,6.0,0.5,-11.1,17.4,46.0,17.4,2.0,59.1,6.0,0.5,,,,,,,,,,,,,,,,,,,,,,,,,,,,,,,,
1900,10,22810,62.6,8.8,,,,,,,,,,,,,,,,,,,,,,,,,,,,,,,,,0.02,2.6,2.6,2.27,20.0,1.96,14.0,0.6,-2.6,0.0,0.0,-0.84,20.0,1.88,14.0,0.6,-2.6,-0.67,0.0,-1.3,20.0,1.78,14.0,0.6,1010.51,1012.1,1012.9,1012.1,20.0,1.55,14.0,0.6,,,,,,,,,,,,,,,,,,,,,,,,,,,,,,,,,,,,,,,,,,,,,,,,,,,,,,,,,,,,,,,,,,,,,,,,,,,,,,,,,,,,,,,,,,,,,,,,,,,,,,,,,,,,,,,,,,,,,,,,,,,,,,,,
1900,10,22810,62.8,-43.6,,,,,,,,,,,,,,,,,,,,,,,,,,,,,,,,,1.57,2.8,4.03,2.8,2.0,2.55,24.0,1.0,1.31,2.1,2.89,2.1,2.0,1.64,24.0,1.0,-2.68,-1.46,-0.23,-1.46,2.0,2.54,24.0,1.0,1003.83,1004.55,1005.27,1004.55,2.0,1.48,24.0,1.0,,,,,,,,,,,,,,,,,,,,,,,,,,,,,,,,,,,,,,,,,,,,,,,,,,,,,,,,,,,,,,,,,,,,,,,,,,,,,,,,,,,,,,,,,,,,,,,,,,,,,,,,,,,,,,,,,,,,,,,,,,,,,,,,
1900,10,22810,62.8,-31.2,,,,,,,,,,,,,,,,,,,,,,,,,,,,,,,,,9.3,9.3,9.3,9.3,1.0,0.0,24.0,1.0,-6.58,-6.58,-6.58,-6.58,1.0,0.0,24.0,1.0,6.58,6.58,6.58,6.58,1.0,0.0,24.0,1.0,1021.2,1021.2,1021.2,1021.2,1.0,0.0,24.0,1.0,,,,,,,,,,,,,,,,,,,,,,,,,,,,,,,,,,,,,,,,,,,,,,,,,,,,,,,,,,,,,,,,,,,,,,,,,,,,,,,,,,,,,,,,,,,,,,,,,,,,,,,,,,,,,,,,,,,,,,,,,,,,,,,,
1900,10,22810,62.8,-29.2,,,,,,,,,,,,,,,,,,,,,,,,,,,,,,,,,6.7,6.7,6.7,6.7,1.0,0.0,24.0,1.0,-4.74,-4.74,-4.74,-4.74,1.0,0.0,24.0,1.0,4.74,4.74,4.74,4.74,1.0,0.0,24.0,1.0,1022.6,1022.6,1022.6,1022.6,1.0,0.0,24.0,1.0,,,,,,,,,,,,,,,,,,,,,,,,,,,,,,,,,,,,,,,,,,,,,,,,,,,,,,,,,,,,,,,,,,,,,,,,,,,,,,,,,,,,,,,,,,,,,,,,,,,,,,,,,,,,,,,,,,,,,,,,,,,,,,,,
1900,10,22810,62.8,-25.7,,,,,,,,,,,,,,,,,,,,,,,,,,,,,,,,,9.3,9.3,9.3,9.3,1.0,0.0,26.0,1.0,-6.58,-6.58,-6.58,-6.58,1.0,0.0,26.0,1.0,6.58,6.58,6.58,6.58,1.0,0.0,26.0,1.0,1023.5,1023.5,1023.5,1023.5,1.0,0.0,26.0,1.0,,,,,,,,,,,,,,,,,,,,,,,,,,,,,,,,,,,,,,,,,,,,,,,,,,,,,,,,,,,,,,,,,,,,,,,,,,,,,,,,,,,,,,,,,,,,,,,,,,,,,,,,,,,,,,,,,,,,,,,,,,,,,,,,
1900,10,22810,64.3,6.3,,,,,,,,,,,,,,,,,,,,,,,,,,,,,,,,,4.6,4.6,4.6,4.6,1.0,0.0,4.0,0.0,3.25,3.25,3.25,3.25,1.0,0.0,4.0,0.0,-3.25,-3.25,-3.25,-3.25,1.0,0.0,4.0,0.0,1010.7,1010.7,1010.7,1010.7,1.0,0.0,4.0,0.0,,,,,,,,,,,,,,,,,,,,,,,,,,,,,,,,,,,,,,,,,,,,,,,,,,,,,,,,,,,,,,,,,,,,,,,,,,,,,,,,,,,,,,,,,,,,,,,,,,,,,,,,,,,,,,,,,,,,,,,,,,,,,,,,
1900,10,22810,64.4,-43.8,,,,,,,,,,,,,,,,,,,,,,,,,,,,,,,,,1.76,4.65,9.63,5.65,4.0,5.04,24.0,0.3,0.39,1.37,5.65,2.95,4.0,3.94,24.0,0.3,-7.55,-4.43,-1.71,-4.62,4.0,3.52,24.0,0.3,1001.16,1003.0,1003.27,1002.23,3.0,1.69,24.0,0.0,,,,,,,,,,,,,,,,,,,,,,,,,,,,,,,,,,,,,,,,,,,,,,,,,,,,,,,,,,,,,,,,,,,,,,,,,,,,,,,,,,,,,,,,,,,,,,,,,,,,,,,,,,,,,,,,,,,,,,,,,,,,,,,,
1900,10,22810,64.4,-39.9,,,,,,,,,,,,,,,,,,,,,,,,,,,,,,,,,1.76,3.6,5.7,3.73,4.0,2.47,6.0,0.3,1.24,1.93,2.37,1.81,4.0,0.69,6.0,0.3,-0.3,2.33,5.36,2.52,4.0,3.36,6.0,0.3,1028.45,1030.25,1031.05,1029.78,4.0,1.68,6.0,0.3,3.0,5.0,7.0,5.0,2.0,4.2,6.0,0.5,82.6,86.2,89.7,86.2,2.0,7.3,6.0,0.5,3.5,6.8,11.5,7.5,4.0,5.9,6.0,0.3,-1.0,10.1,31.6,15.0,4.0,20.6,6.0,0.3,,,,,,,,,,,,,,,,,,,,,,,,,,,,,,,,,15.9,25.2,30.6,23.4,4.0,9.2,6.0,0.3,-3.7,30.8,72.9,34.4,4.0,45.6,6.0,0.3,14.1,15.6,17.2,15.6,2.0,3.2,6.0,0.5,38.7,42.9,47.2,42.9,2.0,8.8,6.0,0.5,,,,,,,,,,,,,,,,,,,,,,,,,,,,,,,,
1900,10,22810,64.5,8.7,,,,,,,,,,,,,,,,,,,,,,,,,,,,,,,,,1.0,1.0,4.03,2.33,28.0,2.36,16.0,0.4,-0.93,0.0,0.27,-0.01,28.0,2.31,16.0,0.4,-2.6,-1.0,-0.37,-1.58,28.0,1.81,16.0,0.4,1009.87,1011.7,1013.1,1011.53,28.0,1.55,16.0,0.4,,,,,,,,,,,,,,,,,,,,,,,,,,,,,,,,,,,,,,,,,,,,,,,,,,,,,,,,,,,,,,,,,,,,,,,,,,,,,,,,,,,,,,,,,,,,,,,,,,,,,,,,,,,,,,,,,,,,,,,,,,,,,,,,
1900,10,22810,64.5,10.4,,,,,,,,,,,,,,,,,,,,,,,,,,,,,,,,,2.02,6.7,9.3,5.78,5.0,3.83,22.0,0.2,-4.04,-3.63,1.26,-1.85,5.0,3.0,22.0,0.2,-8.56,-4.74,-1.31,-4.82,5.0,3.76,22.0,0.2,1011.6,1012.4,1012.84,1012.14,5.0,1.11,22.0,0.2,,,,,,,,,,,,,,,,,,,,,,,,,,,,,,,,,,,,,,,,,,,,,,,,,,,,,,,,,,,,,,,,,,,,,,,,,,,,,,,,,,,,,,,,,,,,,,,,,,,,,,,,,,,,,,,,,,,,,,,,,,,,,,,,
1900,10,22810,64.6,4.8,,,,,,,,,,,,,,,,,,,,,,,,,,,,,,,,,4.6,6.7,7.65,6.38,5.0,1.94,4.0,0.8,2.69,4.74,5.41,4.21,5.0,1.82,4.0,0.8,-5.41,-4.74,-3.9,-4.71,5.0,1.2,4.0,0.8,1008.79,1010.4,1011.01,1010.0,5.0,1.18,4.0,0.8,,,,,,,,,,,,,,,,,,,,,,,,,,,,,,,,,,,,,,,,,,,,,,,,,,,,,,,,,,,,,,,,,,,,,,,,,,,,,,,,,,,,,,,,,,,,,,,,,,,,,,,,,,,,,,,,,,,,,,,,,,,,,,,,
1900,10,22810,64.7,-41.3,,,,,,,,,,,,,,,,,,,,,,,,,,,,,,,,,4.19,4.6,6.7,4.97,6.0,1.55,14.0,1.0,2.27,2.62,2.96,2.55,6.0,0.46,14.0,1.0,-3.68,-1.27,6.17,0.33,6.0,4.89,14.0,1.0,1005.67,1026.85,1032.12,1021.45,6.0,13.24,14.0,1.0,,,,,,,,,,,,,,,,,,,,,,,,,,,,,,,,,,,,,,,,,,,,,,,,,,,,,,,,,,,,,,,,,25.5,27.4,40.1,31.1,6.0,8.9,14.0,1.0,-56.9,-17.7,53.4,-7.1,6.0,56.9,14.0,1.0,24.5,24.8,25.1,24.8,2.0,0.6,6.0,1.0,-29.9,-29.6,-29.2,-29.6,2.0,0.7,6.0,1.0,,,,,,,,,,,,,,,,,,,,,,,,,,,,,,,,
1900,10,22810,64.8,-45.2,,,,,,,,,,,,,,,,,,,,,,,,,,,,,,,,,12.3,12.3,12.3,12.3,1.0,0.0,14.0,1.0,0.0,0.0,0.0,0.0,1.0,0.0,14.0,1.0,12.3,12.3,12.3,12.3,1.0,0.0,14.0,1.0,1010.9,1010.9,1010.9,1010.9,1.0,0.0,14.0,1.0,,,,,,,,,,,,,,,,,,,,,,,,,,,,,,,,,,,,,,,,,,,,,,,,,,,,,,,,,,,,,,,,,,,,,,,,,,,,,,,,,,,,,,,,,,,,,,,,,,,,,,,,,,,,,,,,,,,,,,,,,,,,,,,,
1900,10,22810,64.8,-41.5,12.26,12.4,12.54,12.4,2.0,0.28,26.0,1.0,9.95,12.05,15.44,12.33,6.0,3.01,14.0,1.0,8.29,8.39,8.49,8.39,2.0,0.2,6.0,1.0,82.4,85.5,88.6,85.5,2.0,6.5,6.0,1.0,,,,,,,,,,,,,,,,,,,,,,,,,,,,,,,,,,,,,,,,,,,,,,,,,,,,,,,,,,,,,,,,,,,,,,,,,,,,,,,,,,,,,,,,,,,,,,,,,,,,,,,,,,,,,,,,,,,,,,,,,,,,,,,,,,,,,,,,,,,,,,,,,,,,,,,,,,,,,,,,
1900,10,22810,64.8,-41.3,,,,,,,,,,,,,,,,,,,,,,,,,,,,,,,,,,,,,,,,,,,,,,,,,,,,,,,,,,,,,,,,,4.5,5.5,6.0,5.3,4.0,1.0,16.0,1.0,82.4,85.5,88.6,85.5,2.0,6.5,6.0,1.0,7.6,13.6,17.5,12.7,6.0,4.7,14.0,1.0,-16.9,-6.8,41.3,5.5,6.0,28.8,14.0,1.0,,,,,,,,,,,,,,,,,,,,,,,,,,,,,,,,,,,,,,,,,,,,,,,,,,,,,,,,,,,,,,,,,,,,,,,,,,,,,,,,,,,,,,,,,,,,,,,,
1900,10,22810,66.4,-45.1,,,,,,,,,,,,,,,,,,,,,,,,,,,,,,,,,10.25,12.3,19.0,13.86,5.0,5.22,26.0,0.8,5.03,11.56,19.0,11.68,5.0,7.47,26.0,0.8,-7.09,0.0,0.0,-3.26,5.0,5.27,26.0,0.8,989.43,991.75,994.81,992.1,4.0,3.22,26.0,0.8,,,,,,,,,,,,,,,,,,,,,,,,,,,,,,,,,,,,,,,,,,,,,,,,,,,,,,,,,,,,,,,,,,,,,,,,,,,,,,,,,,,,,,,,,,,,,,,,,,,,,,,,,,,,,,,,,,,,,,,,,,,,,,,,
1900,10,22810,66.4,-41.2,,,,,,,,,,,,,,,,,,,,,,,,,,,,,,,,,,,,,,,,,,,,,,,,,,,,,,,,,,,,,,,,,5.0,6.5,7.5,6.3,4.0,1.7,6.0,0.3,81.5,81.5,81.5,81.5,1.0,0.0,6.0,1.0,30.7,55.6,95.4,64.4,5.0,41.7,10.0,0.4,-69.7,-43.2,-10.2,-37.6,5.0,42.2,10.0,0.4,,,,,,,,,,,,,,,,,,,,,,,,,,,,,,,,,,,,,,,,,,,,,,,,,,,,,,,,,,,,,,,,,,,,,,,,,,,,,,,,,,,,,,,,,,,,,,,,
1900,10,22810,66.4,4.4,,,,,,,,,,,,,,,,,,,,,,,,,,,,,,,,,4.6,6.7,9.3,6.87,6.0,2.11,4.0,0.3,3.25,4.74,6.58,4.86,6.0,1.49,4.0,0.3,-6.58,-4.74,-3.25,-4.86,6.0,1.49,4.0,0.3,1009.3,1010.05,1011.0,1010.12,6.0,0.81,4.0,0.3,,,,,,,,,,,,,,,,,,,,,,,,,,,,,,,,,,,,,,,,,,,,,,,,,,,,,,,,,,,,,,,,,,,,,,,,,,,,,,,,,,,,,,,,,,,,,,,,,,,,,,,,,,,,,,,,,,,,,,,,,,,,,,,,
1900,10,22810,66.5,-41.2,,,,,,,,,,,,,,,,,,,,,,,,,,,,,,,,,6.7,9.3,10.4,8.86,5.0,2.32,10.0,0.4,4.58,5.98,9.0,6.75,5.0,2.62,10.0,0.4,-6.51,-5.13,-1.22,-3.66,5.0,4.79,10.0,0.4,1019.43,1028.6,1029.68,1024.2,5.0,10.95,10.0,0.4,,,,,,,,,,,,,,,,,,,,,,,,,,,,,,,,,,,,,,,,,,,,,,,,,,,,,,,,,,,,,,,,,,,,,,,,,,,,,,,,,,,,,,,,,,,,,,,,,,,,,,,,,,,,,,,,,,,,,,,,,,,,,,,,
1900,10,22810,66.5,8.5,,,,,,,,,,,,,,,,,,,,,,,,,,,,,,,,,1.0,2.6,2.6,2.27,29.0,1.99,16.0,0.6,-1.47,-0.39,1.79,0.13,29.0,2.25,16.0,0.6,-2.39,-1.0,-0.37,-1.46,29.0,1.42,16.0,0.6,1010.14,1011.2,1012.76,1011.55,29.0,1.3,16.0,0.6,,,,,,,,,,,,,,,,,,,,,,,,,,,,,,,,,,,,,,,,,,,,,,,,,,,,,,,,,,,,,,,,,,,,,,,,,,,,,,,,,,,,,,,,,,,,,,,,,,,,,,,,,,,,,,,,,,,,,,,,,,,,,,,,
1900,10,22810,66.6,-41.2,,,,,,,,,,,,,,,,,,,,,,,,,,,,,,,,,,,,,,,,,,,,,,,,,,,,,,,,,,,,,,,,,,,,,,,,,,,,,,,,,,,,,,,,,,,,,,,,,,,,,,,,,,,,,,,,,,,,,,,,,,,,,,,,,62.1,63.3,108.1,84.6,3.0,38.4,12.0,0.7,-75.1,-74.4,18.4,-29.4,3.0,78.8,12.0,0.7,35.8,35.8,35.8,35.8,1.0,0.0,6.0,1.0,-42.7,-42.7,-42.7,-42.7,1.0,0.0,6.0,1.0,,,,,,,,,,,,,,,,,,,,,,,,,,,,,,,,
1900,10,22810,66.6,10.3,,,,,,,,,,,,,,,,,,,,,,,,,,,,,,,,,5.27,6.7,8.47,6.87,3.0,2.35,22.0,0.7,-3.31,-2.62,-2.06,-2.68,3.0,0.92,22.0,0.7,-7.8,-6.17,-4.85,-6.32,3.0,2.17,22.0,0.7,1010.83,1010.9,1012.47,1011.63,3.0,1.36,22.0,0.7,,,,,,,,,,,,,,,,,,,,,,,,,,,,,,,,,,,,,,,,,,,,,,,,,,,,,,,,,,,,,,,,,,,,,,,,,,,,,,,,,,,,,,,,,,,,,,,,,,,,,,,,,,,,,,,,,,,,,,,,,,,,,,,,
1900,10,22810,66.8,-43.6,,,,,,,,,,,,,,,,,,,,,,,,,,,,,,,,,12.38,19.0,24.32,18.37,3.0,8.77,18.0,1.0,9.53,10.04,15.12,12.28,3.0,4.53,18.0,1.0,-19.32,-7.42,-2.36,-10.76,3.0,12.76,18.0,1.0,1000.8,1000.8,1000.8,1000.8,1.0,0.0,26.0,1.0,,,,,,,,,,,,,,,,,,,,,,,,,,,,,,,,,,,,,,,,,,,,,,,,,,,,,,,,,,,,,,,,,,,,,,,,,,,,,,,,,,,,,,,,,,,,,,,,,,,,,,,,,,,,,,,,,,,,,,,,,,,,,,,,
1900,10,22810,68.3,10.3,,,,,,,,,,,,,,,,,,,,,,,,,,,,,,,,,2.6,2.6,2.6,2.6,1.0,0.0,22.0,0.0,-1.02,-1.02,-1.02,-1.02,1.0,0.0,22.0,0.0,-2.39,-2.39,-2.39,-2.39,1.0,0.0,22.0,0.0,1012.6,1012.6,1012.6,1012.6,1.0,0.0,22.0,0.0,,,,,,,,,,,,,,,,,,,,,,,,,,,,,,,,,,,,,,,,,,,,,,,,,,,,,,,,,,,,,,,,,,,,,,,,,,,,,,,,,,,,,,,,,,,,,,,,,,,,,,,,,,,,,,,,,,,,,,,,,,,,,,,,
1900,10,22810,68.4,-41.2,,,,,,,,,,,,,,,,,,,,,,,,,,,,,,,,,,,,,,,,,,,,,,,,,,,,,,,,,,,,,,,,,6.2,6.5,6.8,6.5,2.0,0.7,8.0,1.0,94.5,94.5,94.5,94.5,1.0,0.0,8.0,1.0,50.5,107.0,131.0,89.7,5.0,54.5,14.0,1.0,-87.1,-75.6,-21.5,-58.4,5.0,41.7,14.0,1.0,,,,,,,,,,,,,,,,,,,,,,,,,,,,,,,,,,,,,,,,,,,,,,,,,,,,,,,,,,,,,,,,,,,,,,,,,,,,,,,,,,,,,,,,,,,,,,,,
1900,10,22810,68.5,-41.5,11.07,11.85,12.63,11.85,2.0,1.63,26.0,1.0,10.82,12.3,13.26,12.1,5.0,1.34,14.0,1.0,8.65,8.65,8.65,8.65,1.0,0.0,8.0,1.0,94.5,94.5,94.5,94.5,1.0,0.0,8.0,1.0,,,,,,,,,,,,,,,,,,,,,,,,,,,,,,,,,,,,,,,,,,,,,,,,,,,,,,,,,,,,,,,,,,,,,,,,,,,,,,,,,,,,,,,,,,,,,,,,,,,,,,,,,,,,,,,,,,,,,,,,,,,,,,,,,,,,,,,,,,,,,,,,,,,,,,,,,,,,,,,,
1900,10,22810,68.5,-41.4,,,,,,,,,,,,,,,,,,,,,,,,,,,,,,,,,5.9,12.3,12.3,9.24,5.0,5.33,14.0,1.0,5.43,8.7,10.65,7.71,5.0,4.43,14.0,1.0,-7.08,-6.15,-2.31,-4.93,5.0,3.28,14.0,1.0,1024.0,1024.6,1026.05,1025.02,5.0,1.27,14.0,1.0,,,,,,,,,,,,,,,,,,,,,,,,,,,,,,,,,,,,,,,,,,,,,,,,,,,,,,,,,,,,,,,,,59.8,119.2,133.7,96.6,5.0,56.5,14.0,1.0,-94.3,-75.6,-25.4,-62.9,5.0,45.0,14.0,1.0,92.2,92.2,92.2,92.2,1.0,0.0,8.0,1.0,-53.2,-53.2,-53.2,-53.2,1.0,0.0,8.0,1.0,,,,,,,,,,,,,,,,,,,,,,,,,,,,,,,,
1900,10,22810,68.5,8.4,,,,,,,,,,,,,,,,,,,,,,,,,,,,,,,,,0.0,2.6,2.6,1.97,29.0,1.67,16.0,0.6,-0.57,0.71,2.6,0.95,29.0,1.69,16.0,0.6,-2.4,-0.71,0.0,-1.21,29.0,1.22,16.0,0.6,1009.5,1011.05,1013.1,1011.27,30.0,1.78,16.0,0.5,,,,,,,,,,,,,,,,,,,,,,,,,,,,,,,,,,,,,,,,,,,,,,,,,,,,,,,,,,,,,,,,,,,,,,,,,,,,,,,,,,,,,,,,,,,,,,,,,,,,,,,,,,,,,,,,,,,,,,,,,,,,,,,,
1900,10,22810,68.6,-45.2,,,,,,,,,,,,,,,,,,,,,,,,,,,,,,,,,1.76,5.95,10.87,6.3,4.0,5.38,22.0,0.5,1.44,5.95,10.87,6.15,4.0,5.58,22.0,0.5,0.0,0.0,0.48,0.23,4.0,0.46,22.0,0.5,995.74,996.9,1013.83,1004.43,4.0,16.01,22.0,0.5,,,,,,,,,,,,,,,,,,,,,,,,,,,,,,,,,,,,,,,,,,,,,,,,,,,,,,,,,,,,,,,,,,,,,,,,,,,,,,,,,,,,,,,,,,,,,,,,,,,,,,,,,,,,,,,,,,,,,,,,,,,,,,,,
1900,10,22810,68.8,2.8,,,,,,,,,,,,,,,,,,,,,,,,,,,,,,,,,6.7,6.7,6.7,6.7,2.0,0.0,4.0,1.0,4.96,5.45,5.94,5.45,2.0,1.01,4.0,1.0,-4.4,-3.68,-2.95,-3.68,2.0,1.5,4.0,1.0,1008.94,1009.9,1010.38,1009.67,3.0,1.07,4.0,1.0,,,,,,,,,,,,,,,,,,,,,,,,,,,,,,,,,,,,,,,,,,,,,,,,,,,,,,,,,,,,,,,,,,,,,,,,,,,,,,,,,,,,,,,,,,,,,,,,,,,,,,,,,,,,,,,,,,,,,,,,,,,,,,,,
1900,10,22810,68.8,6.8,,,,,,,,,,,,,,,,,,,,,,,,,,,,,,,,,2.6,2.6,2.6,2.6,1.0,0.0,6.0,0.0,0.97,0.97,0.97,0.97,1.0,0.0,6.0,0.0,-2.41,-2.41,-2.41,-2.41,1.0,0.0,6.0,0.0,1012.1,1012.1,1012.1,1012.1,1.0,0.0,6.0,0.0,,,,,,,,,,,,,,,,,,,,,,,,,,,,,,,,,,,,,,,,,,,,,,,,,,,,,,,,,,,,,,,,,,,,,,,,,,,,,,,,,,,,,,,,,,,,,,,,,,,,,,,,,,,,,,,,,,,,,,,,,,,,,,,,
1900,10,22810,70.3,-41.4,,,,,,,,,,,,,,,,,,,,,,,,,,,,,,,,,15.4,15.4,15.4,15.4,2.0,0.0,8.0,0.5,14.47,14.47,14.47,14.47,2.0,0.0,8.0,0.5,-5.27,-5.27,-5.27,-5.27,2.0,0.0,8.0,0.5,1024.13,1024.4,1024.67,1024.4,2.0,0.57,8.0,0.5,,,,,,,,,,,,,,,,,,,,,,,,,,,,,,,,,,,,,,,,,,,,,,,,,,,,,,,,,,,,,,,,,,,,,,,,,,,,,,,,,,,,,,,,,,,,,,,,,,,,,,,,,,,,,,,,,,,,,,,,,,,,,,,,
1900,10,22810,70.5,2.3,,,,,,,,,,,,,,,,,,,,,,,,,,,,,,,,,7.59,9.5,11.41,9.5,2.0,3.96,4.0,0.5,6.99,8.74,10.5,8.74,2.0,3.65,4.0,0.5,-4.46,-3.71,-2.97,-3.71,2.0,1.55,4.0,0.5,1008.26,1010.5,1010.64,1009.66,5.0,1.29,2.0,0.2,,,,,,,,,,,,,,,,,,,,,,,,,,,,,,,,,,,,,,,,,,,,,,,,,,,,,,,,,,,,,,,,,,,,,,,,,,,,,,,,,,,,,,,,,,,,,,,,,,,,,,,,,,,,,,,,,,,,,,,,,,,,,,,,
1900,10,22810,70.5,6.8,,,,,,,,,,,,,,,,,,,,,,,,,,,,,,,,,0.29,3.6,4.6,3.21,8.0,2.37,14.0,0.3,0.0,0.97,3.25,1.65,8.0,1.84,14.0,0.3,-4.45,-2.83,-0.27,-2.58,8.0,1.81,14.0,0.3,1010.13,1010.45,1012.13,1010.58,8.0,1.51,14.0,0.3,,,,,,,,,,,,,,,,,,,,,,,,,,,,,,,,,,,,,,,,,,,,,,,,,,,,,,,,,,,,,,,,,,,,,,,,,,,,,,,,,,,,,,,,,,,,,,,,,,,,,,,,,,,,,,,,,,,,,,,,,,,,,,,,
1900,10,22810,70.5,8.3,,,,,,,,,,,,,,,,,,,,,,,,,,,,,,,,,0.0,1.8,4.6,2.55,24.0,2.52,16.0,0.5,0.0,1.0,4.36,1.92,24.0,2.44,16.0,0.5,-2.11,0.0,0.71,-0.63,24.0,1.7,16.0,0.5,1008.92,1011.5,1013.17,1011.25,24.0,2.06,16.0,0.5,,,,,,,,,,,,,,,,,,,,,,,,,,,,,,,,,,,,,,,,,,,,,,,,,,,,,,,,,,,,,,,,,,,,,,,,,,,,,,,,,,,,,,,,,,,,,,,,,,,,,,,,,,,,,,,,,,,,,,,,,,,,,,,,
1900,10,22810,70.8,-43.2,,,,,,,,,,,,,,,,,,,,,,,,,,,,,,,,,4.6,4.6,4.6,4.6,1.0,0.0,26.0,1.0,1.72,1.72,1.72,1.72,1.0,0.0,26.0,1.0,-4.27,-4.27,-4.27,-4.27,1.0,0.0,26.0,1.0,999.0,999.0,999.0,999.0,1.0,0.0,26.0,1.0,,,,,,,,,,,,,,,,,,,,,,,,,,,,,,,,,,,,,,,,,,,,,,,,,,,,,,,,,,,,,,,,,,,,,,,,,,,,,,,,,,,,,,,,,,,,,,,,,,,,,,,,,,,,,,,,,,,,,,,,,,,,,,,,
1900,10,22810,70.8,-39.7,,,,,,,,,,,,,,,,,,,,,,,,,,,,,,,,,4.6,4.6,4.6,4.6,1.0,0.0,24.0,1.0,-1.72,-1.72,-1.72,-1.72,1.0,0.0,24.0,1.0,4.27,4.27,4.27,4.27,1.0,0.0,24.0,1.0,1024.0,1024.0,1024.0,1024.0,1.0,0.0,24.0,1.0,,,,,,,,,,,,,,,,,,,,,,,,,,,,,,,,,,,,,,,,,,,,,,,,,,,,,,,,,,,,,,,,,,,,,,,,,,,,,,,,,,,,,,,,,,,,,,,,,,,,,,,,,,,,,,,,,,,,,,,,,,,,,,,,
1900,10,22810,72.4,-41.7,,,,,,,,,,,,,,,,,,,,,,,,,,,,,,,,,13.78,17.2,19.0,16.43,4.0,3.23,12.0,0.5,4.37,16.16,17.85,11.34,4.0,10.88,12.0,0.5,-9.03,-6.5,-5.85,-7.4,4.0,2.68,12.0,0.5,1017.26,1020.6,1022.73,1020.03,4.0,3.49,12.0,0.5,,,,,,,,,,,,,,,,,,,,,,,,,,,,,,,,,,,,,,,,,,,,,,,,,,,,,,,,,,,,,,,,,,,,,,,,,,,,,,,,,,,,,,,,,,,,,,,,,,,,,,,,,,,,,,,,,,,,,,,,,,,,,,,,
1900,10,22810,72.4,8.3,,,,,,,,,,,,,,,,,,,,,,,,,,,,,,,,,0.7,2.6,4.6,2.37,18.0,1.85,18.0,0.7,0.0,1.43,4.23,1.95,18.0,1.91,18.0,0.7,-1.8,0.0,1.0,-0.08,18.0,1.32,18.0,0.7,1009.24,1012.1,1013.27,1011.47,18.0,2.06,18.0,0.7,,,,,,,,,,,,,,,,,,,,,,,,,,,,,,,,,,,,,,,,,,,,,,,,,,,,,,,,,,,,,,,,,,,,,,,,,,,,,,,,,,,,,,,,,,,,,,,,,,,,,,,,,,,,,,,,,,,,,,,,,,,,,,,,
1900,10,22810,72.5,-45.1,,,,,,,,,,,,,,,,,,,,,,,,,,,,,,,,,8.03,15.4,15.4,11.8,3.0,6.24,22.0,0.3,7.11,15.4,15.4,11.35,3.0,7.01,22.0,0.3,0.0,0.0,2.22,1.08,3.0,1.88,22.0,0.3,991.32,992.0,992.68,992.0,2.0,1.41,26.0,0.0,,,,,,,,,,,,,,,,,,,,,,,,,,,,,,,,,,,,,,,,,,,,,,,,,,,,,,,,,,,,,,,,,,,,,,,,,,,,,,,,,,,,,,,,,,,,,,,,,,,,,,,,,,,,,,,,,,,,,,,,,,,,,,,,
1900,10,22810,72.5,0.8,,,,,,,,,,,,,,,,,,,,,,,,,,,,,,,,,7.59,9.5,11.41,9.5,2.0,3.96,4.0,0.5,6.99,8.74,10.5,8.74,2.0,3.65,4.0,0.5,-4.46,-3.71,-2.97,-3.71,2.0,1.55,4.0,0.5,1008.1,1008.75,1009.4,1008.75,2.0,1.34,4.0,0.5,,,,,,,,,,,,,,,,,,,,,,,,,,,,,,,,,,,,,,,,,,,,,,,,,,,,,,,,,,,,,,,,,,,,,,,,,,,,,,,,,,,,,,,,,,,,,,,,,,,,,,,,,,,,,,,,,,,,,,,,,,,,,,,,
1900,10,22810,72.6,6.8,,,,,,,,,,,,,,,,,,,,,,,,,,,,,,,,,1.61,2.6,4.6,3.31,16.0,2.03,14.0,0.5,0.81,2.12,4.47,2.81,16.0,2.06,14.0,0.5,-2.19,-1.41,0.44,-0.89,16.0,1.52,14.0,0.5,1009.31,1010.85,1012.5,1010.72,16.0,1.87,14.0,0.5,,,,,,,,,,,,,,,,,,,,,,,,,,,,,,,,,,,,,,,,,,,,,,,,,,,,,,,,,,,,,,,,,,,,,,,,,,,,,,,,,,,,,,,,,,,,,,,,,,,,,,,,,,,,,,,,,,,,,,,,,,,,,,,,
1900,10,22810,72.8,-39.7,,,,,,,,,,,,,,,,,,,,,,,,,,,,,,,,,4.6,4.6,4.6,4.6,1.0,0.0,24.0,1.0,-3.25,-3.25,-3.25,-3.25,1.0,0.0,24.0,1.0,-3.25,-3.25,-3.25,-3.25,1.0,0.0,24.0,1.0,1026.9,1026.9,1026.9,1026.9,1.0,0.0,24.0,1.0,,,,,,,,,,,,,,,,,,,,,,,,,,,,,,,,,,,,,,,,,,,,,,,,,,,,,,,,,,,,,,,,,,,,,,,,,,,,,,,,,,,,,,,,,,,,,,,,,,,,,,,,,,,,,,,,,,,,,,,,,,,,,,,,
1900,10,22810,74.3,8.3,,,,,,,,,,,,,,,,,,,,,,,,,,,,,,,,,0.73,2.3,3.87,2.3,2.0,3.25,20.0,1.0,0.0,0.0,0.0,0.0,2.0,0.0,20.0,1.0,0.73,2.3,3.87,2.3,2.0,3.25,20.0,1.0,1011.5,1011.7,1011.9,1011.7,2.0,0.42,20.0,1.0,,,,,,,,,,,,,,,,,,,,,,,,,,,,,,,,,,,,,,,,,,,,,,,,,,,,,,,,,,,,,,,,,,,,,,,,,,,,,,,,,,,,,,,,,,,,,,,,,,,,,,,,,,,,,,,,,,,,,,,,,,,,,,,,
1900,10,22810,74.5,-45.0,,,,,,,,,,,,,,,,,,,,,,,,,,,,,,,,,15.4,15.4,15.4,15.4,2.0,0.0,28.0,1.0,14.62,14.94,15.25,14.94,2.0,0.66,28.0,1.0,-4.43,-2.63,-0.84,-2.63,2.0,3.72,28.0,1.0,996.57,997.8,999.03,997.8,2.0,2.55,28.0,1.0,,,,,,,,,,,,,,,,,,,,,,,,,,,,,,,,,,,,,,,,,,,,,,,,,,,,,,,,,,,,,,,,,,,,,,,,,,,,,,,,,,,,,,,,,,,,,,,,,,,,,,,,,,,,,,,,,,,,,,,,,,,,,,,,
1900,10,22810,74.5,0.8,,,,,,,,,,,,,,,,,,,,,,,,,,,,,,,,,6.7,9.3,9.92,8.93,6.0,2.08,2.0,0.5,6.6,8.93,9.72,8.57,6.0,1.88,2.0,0.5,-3.88,0.0,0.52,-0.99,6.0,2.71,2.0,0.5,1009.0,1010.7,1011.01,1010.34,7.0,0.98,2.0,0.6,,,,,,,,,,,,,,,,,,,,,,,,,,,,,,,,,,,,,,,,,,,,,,,,,,,,,,,,,,,,,,,,,,,,,,,,,,,,,,,,,,,,,,,,,,,,,,,,,,,,,,,,,,,,,,,,,,,,,,,,,,,,,,,,
1900,10,22810,74.5,6.6,,,,,,,,,,,,,,,,,,,,,,,,,,,,,,,,,0.76,2.6,4.6,3.05,31.0,2.36,16.0,0.3,0.0,1.84,4.6,2.44,31.0,2.33,16.0,0.3,-2.62,0.0,1.15,-0.56,31.0,1.82,16.0,0.3,1008.78,1011.3,1012.32,1010.79,31.0,1.73,16.0,0.3,,,,,,,,,,,,,,,,,,,,,,,,,,,,,,,,,,,,,,,,,,,,,,,,,,,,,,,,,,,,,,,,,,,,,,,,,,,,,,,,,,,,,,,,,,,,,,,,,,,,,,,,,,,,,,,,,,,,,,,,,,,,,,,,
1900,10,22810,74.6,-41.4,,,,,,,,,,,,,,,,,,,,,,,,,,,,,,,,,11.24,15.4,20.31,15.77,3.0,6.66,22.0,1.0,9.34,10.89,14.36,11.83,3.0,3.77,22.0,1.0,-14.36,-10.89,-1.08,-7.8,3.0,10.09,22.0,1.0,1009.61,1013.3,1021.15,1015.33,3.0,8.63,22.0,1.0,,,,,,,,,,,,,,,,,,,,,,,,,,,,,,,,,,,,,,,,,,,,,,,,,,,,,,,,,,,,,,,,,,,,,,,,,,,,,,,,,,,,,,,,,,,,,,,,,,,,,,,,,,,,,,,,,,,,,,,,,,,,,,,,
1900,10,22810,74.7,-43.3,,,,,,,,,,,,,,,,,,,,,,,,,,,,,,,,,17.69,22.6,22.6,20.2,3.0,4.16,14.0,1.0,15.89,19.57,19.57,17.77,3.0,3.12,14.0,1.0,-11.3,-11.3,-7.69,-9.54,3.0,3.05,14.0,1.0,1010.03,1011.4,1012.77,1011.4,2.0,2.83,8.0,1.0,4.0,4.0,4.0,4.0,3.0,0.0,14.0,1.0,84.9,86.9,89.0,86.9,2.0,4.3,8.0,1.0,289.4,442.3,442.3,367.7,3.0,129.3,14.0,1.0,-255.4,-255.4,-144.3,-201.1,3.0,93.9,14.0,1.0,,,,,,,,,,,,,,,,,,,,,,,,,,,,,,,,,152.9,240.7,251.4,203.0,3.0,79.2,14.0,1.0,-145.2,-139.0,-76.6,-111.5,3.0,55.6,14.0,1.0,153.4,154.7,156.0,154.7,2.0,2.6,8.0,1.0,-90.0,-89.3,-88.6,-89.3,2.0,1.5,8.0,1.0,,,,,,,,,,,,,,,,,,,,,,,,,,,,,,,,
1900,10,22810,74.8,-43.7,9.0,9.0,9.0,9.0,1.0,0.0,28.0,1.0,9.3,12.3,12.85,11.1,3.0,2.8,14.0,1.0,7.84,7.9,7.97,7.9,2.0,0.13,8.0,1.0,84.9,86.9,89.0,86.9,2.0,4.3,8.0,1.0,,,,,,,,,,,,,,,,,,,,,,,,,,,,,,,,,,,,,,,,,,,,,,,,,,,,,,,,,,,,,,,,,,,,,,,,,,,,,,,,,,,,,,,,,,,,,,,,,,,,,,,,,,,,,,,,,,,,,,,,,,,,,,,,,,,,,,,,,,,,,,,,,,,,,,,,,,,,,,,,
1900,10,22810,76.2,-45.0,,,,,,,,,,,,,,,,,,,,,,,,,,,,,,,,,12.3,12.3,12.3,12.3,1.0,0.0,28.0,1.0,12.3,12.3,12.3,12.3,1.0,0.0,28.0,1.0,0.0,0.0,0.0,0.0,1.0,0.0,28.0,1.0,998.8,998.8,998.8,998.8,1.0,0.0,28.0,1.0,,,,,,,,,,,,,,,,,,,,,,,,,,,,,,,,,,,,,,,,,,,,,,,,,,,,,,,,,,,,,,,,,,,,,,,,,,,,,,,,,,,,,,,,,,,,,,,,,,,,,,,,,,,,,,,,,,,,,,,,,,,,,,,,
1900,10,22810,76.4,0.4,,,,,,,,,,,,,,,,,,,,,,,,,,,,,,,,,4.6,4.6,6.03,5.3,3.0,1.21,2.0,0.3,4.6,4.6,6.03,5.3,3.0,1.21,2.0,0.3,0.0,0.0,0.0,0.0,3.0,0.0,2.0,0.3,1010.45,1011.0,1011.75,1011.1,3.0,0.95,2.0,0.3,,,,,,,,,,,,,,,,,,,,,,,,,,,,,,,,,,,,,,,,,,,,,,,,,,,,,,,,,,,,,,,,,,,,,,,,,,,,,,,,,,,,,,,,,,,,,,,,,,,,,,,,,,,,,,,,,,,,,,,,,,,,,,,,
1900,10,22810,76.5,6.4,,,,,,,,,,,,,,,,,,,,,,,,,,,,,,,,,1.0,2.6,6.7,3.67,29.0,2.89,16.0,0.6,-0.21,2.39,5.5,2.57,29.0,3.18,16.0,0.6,-2.39,0.0,1.79,-0.36,29.0,2.28,16.0,0.6,1009.5,1010.7,1012.47,1010.64,29.0,1.99,16.0,0.6,,,,,,,,,,,,,,,,,,,,,,,,,,,,,,,,,,,,,,,,,,,,,,,,,,,,,,,,,,,,,,,,,,,,,,,,,,,,,,,,,,,,,,,,,,,,,,,,,,,,,,,,,,,,,,,,,,,,,,,,,,,,,,,,
1900,10,22810,76.6,-43.4,,,,,,,,,,,,,,,,,,,,,,,,,,,,,,,,,14.27,19.0,20.31,17.66,5.0,3.93,16.0,0.2,14.27,17.85,19.82,17.16,5.0,3.44,16.0,0.2,-6.95,0.0,0.0,-2.85,5.0,3.92,16.0,0.2,1004.01,1008.25,1008.56,1006.38,4.0,4.13,12.0,0.0,,,,,,,,,,,,,,,,,,,,,,,,,,,,,,,,,,,,,,,,,,,,,,,,,,,,,,,,,,,,,,,,,,,,,,,,,,,,,,,,,,,,,,,,,,,,,,,,,,,,,,,,,,,,,,,,,,,,,,,,,,,,,,,,
1900,10,22810,76.6,-43.3,,,,,,,,,,,,,,,,,,,,,,,,,,,,,,,,,,,,,,,,,,,,,,,,,,,,,,,,,,,,,,,,,,,,,,,,,,,,,,,,,,,,,,,,,,,,,,,,,,,,,,,,,,,,,,,,,,,,,,,,,,,,,,,,,107.3,178.1,250.2,178.7,4.0,93.8,12.0,0.0,-91.1,-37.4,0.0,-45.2,4.0,53.7,12.0,0.0,146.8,148.8,150.7,148.8,2.0,4.1,8.0,0.0,-54.9,-54.1,-53.4,-54.1,2.0,1.5,8.0,0.0,,,,,,,,,,,,,,,,,,,,,,,,,,,,,,,,
1900,10,22810,76.6,4.8,,,,,,,,,,,,,,,,,,,,,,,,,,,,,,,,,2.6,2.6,2.6,2.6,4.0,0.0,14.0,0.8,1.41,1.84,1.84,1.63,4.0,0.41,14.0,0.8,-0.09,1.84,2.13,1.06,4.0,1.95,14.0,0.8,1008.1,1009.45,1010.85,1009.48,4.0,1.59,14.0,0.8,,,,,,,,,,,,,,,,,,,,,,,,,,,,,,,,,,,,,,,,,,,,,,,,,,,,,,,,,,,,,,,,,,,,,,,,,,,,,,,,,,,,,,,,,,,,,,,,,,,,,,,,,,,,,,,,,,,,,,,,,,,,,,,,
1900,10,22810,76.7,-43.8,7.8,8.0,8.2,8.0,2.0,0.42,28.0,0.5,7.55,10.65,12.65,10.13,4.0,3.47,12.0,0.0,7.3,7.66,8.01,7.66,2.0,0.73,8.0,0.0,76.8,84.8,92.8,84.8,2.0,16.5,8.0,0.0,,,,,,,,,,,,,,,,,,,,,,,,,,,,,,,,,,,,,,,,,,,,,,,,,,,,,,,,,,,,,,,,,,,,,,,,,,,,,,,,,,,,,,,,,,,,,,,,,,,,,,,,,,,,,,,,,,,,,,,,,,,,,,,,,,,,,,,,,,,,,,,,,,,,,,,,,,,,,,,,
1900,10,22810,76.7,-43.5,,,,,,,,,,,,,,,,,,,,,,,,,,,,,,,,,,,,,,,,,,,,,,,,,,,,,,,,,,,,,,,,,3.0,6.0,8.0,5.5,4.0,3.0,18.0,0.3,76.8,84.8,92.8,84.8,2.0,16.5,8.0,0.0,205.8,339.2,404.4,313.7,5.0,125.3,16.0,0.2,-142.2,0.0,0.0,-59.6,5.0,83.6,16.0,0.2,,,,,,,,,,,,,,,,,,,,,,,,,,,,,,,,,,,,,,,,,,,,,,,,,,,,,,,,,,,,,,,,,,,,,,,,,,,,,,,,,,,,,,,,,,,,,,,,
1900,10,22810,76.8,-41.2,,,,,,,,,,,,,,,,,,,,,,,,,,,,,,,,,2.6,2.6,2.6,2.6,1.0,0.0,2.0,1.0,2.39,2.39,2.39,2.39,1.0,0.0,2.0,1.0,-1.02,-1.02,-1.02,-1.02,1.0,0.0,2.0,1.0,995.8,995.8,995.8,995.8,1.0,0.0,2.0,1.0,,,,,,,,,,,,,,,,,,,,,,,,,,,,,,,,,,,,,,,,,,,,,,,,,,,,,,,,,,,,,,,,,,,,,,,,,,,,,,,,,,,,,,,,,,,,,,,,,,,,,,,,,,,,,,,,,,,,,,,,,,,,,,,,
1900,10,22810,76.8,-39.2,,,,,,,,,,,,,,,,,,,,,,,,,,,,,,,,,6.7,6.7,6.7,6.7,1.0,0.0,26.0,1.0,-2.62,-2.62,-2.62,-2.62,1.0,0.0,26.0,1.0,-6.17,-6.17,-6.17,-6.17,1.0,0.0,26.0,1.0,1023.5,1023.5,1023.5,1023.5,1.0,0.0,26.0,1.0,,,,,,,,,,,,,,,,,,,,,,,,,,,,,,,,,,,,,,,,,,,,,,,,,,,,,,,,,,,,,,,,,,,,,,,,,,,,,,,,,,,,,,,,,,,,,,,,,,,,,,,,,,,,,,,,,,,,,,,,,,,,,,,,
1900,10,22810,78.3,-45.5,,,,,,,,,,,,,,,,,,,,,,,,,,,,,,,,,19.0,19.0,19.0,19.0,2.0,0.0,12.0,1.0,17.49,17.49,17.49,17.49,2.0,0.0,12.0,1.0,-7.42,-7.42,-7.42,-7.42,2.0,0.0,12.0,1.0,1026.6,1026.6,1026.6,1026.6,1.0,0.0,16.0,1.0,,,,,,,,,,,,,,,,,,,,,,,,,,,,,,,,,,,,,,,,,,,,,,,,,,,,,,,,,,,,,,,,,,,,,,,,,,,,,,,,,,,,,,,,,,,,,,,,,,,,,,,,,,,,,,,,,,,,,,,,,,,,,,,,
1900,10,22810,78.3,-41.7,,,,,,,,,,,,,,,,,,,,,,,,,,,,,,,,,15.4,15.4,15.4,15.4,1.0,0.0,26.0,1.0,0.0,0.0,0.0,0.0,1.0,0.0,26.0,1.0,-15.4,-15.4,-15.4,-15.4,1.0,0.0,26.0,1.0,1018.9,1018.9,1018.9,1018.9,1.0,0.0,26.0,1.0,,,,,,,,,,,,,,,,,,,,,,,,,,,,,,,,,,,,,,,,,,,,,,,,,,,,,,,,,,,,,,,,,,,,,,,,,,,,,,,,,,,,,,,,,,,,,,,,,,,,,,,,,,,,,,,,,,,,,,,,,,,,,,,,
1900,10,22810,78.4,-43.9,8.9,8.9,9.04,8.97,3.0,0.12,28.0,0.3,5.18,6.9,10.94,7.63,6.0,2.78,22.0,0.7,7.97,7.97,7.97,7.97,1.0,0.0,10.0,1.0,98.8,98.8,98.8,98.8,1.0,0.0,10.0,1.0,,,,,,,,,,,,,,,,,,,,,,,,,,,,,,,,,,,,,,,,,,,,,,,,,,,,,,,,,,,,,,,,,,,,,,,,,,,,,,,,,,,,,,,,,,,,,,,,,,,,,,,,,,,,,,,,,,,,,,,,,,,,,,,,,,,,,,,,,,,,,,,,,,,,,,,,,,,,,,,,
1900,10,22810,78.4,0.3,,,,,,,,,,,,,,,,,,,,,,,,,,,,,,,,,3.23,4.6,6.03,4.63,3.0,2.05,2.0,1.0,3.23,4.6,6.03,4.63,3.0,2.05,2.0,1.0,0.0,0.0,0.0,0.0,3.0,0.0,2.0,1.0,1009.13,1010.9,1011.1,1010.13,3.0,1.59,2.0,1.0,,,,,,,,,,,,,,,,,,,,,,,,,,,,,,,,,,,,,,,,,,,,,,,,,,,,,,,,,,,,,,,,,,,,,,,,,,,,,,,,,,,,,,,,,,,,,,,,,,,,,,,,,,,,,,,,,,,,,,,,,,,,,,,,
1900,10,22810,78.5,-43.6,,,,,,,,,,,,,,,,,,,,,,,,,,,,,,,,,,,,,,,,,,,,,,,,,,,,,,,,,,,,,,,,,4.9,6.0,6.1,5.6,7.0,1.5,20.0,0.7,98.8,98.8,98.8,98.8,1.0,0.0,10.0,1.0,42.5,114.3,233.6,128.5,8.0,96.2,18.0,0.8,-41.2,0.0,13.7,-12.4,8.0,27.9,18.0,0.8,,,,,,,,,,,,,,,,,,,,,,,,,,,,,,,,,,,,,,,,,,,,,,,,,,,,,,,,,,,,,,,,,,,,,,,,,,,,,,,,,,,,,,,,,,,,,,,,
1900,10,22810,78.5,6.3,,,,,,,,,,,,,,,,,,,,,,,,,,,,,,,,,1.02,4.6,6.7,4.14,20.0,2.33,18.0,0.5,0.0,2.5,4.59,2.31,20.0,3.05,18.0,0.5,-3.25,0.0,0.98,-1.14,20.0,2.67,18.0,0.5,1007.61,1010.2,1011.79,1009.83,20.0,2.04,18.0,0.5,,,,,,,,,,,,,,,,,,,,,,,,,,,,,,,,,,,,,,,,,,,,,,,,,,,,,,,,,,,,,,,,,,,,,,,,,,,,,,,,,,,,,,,,,,,,,,,,,,,,,,,,,,,,,,,,,,,,,,,,,,,,,,,,
1900,10,22810,78.6,-43.7,,,,,,,,,,,,,,,,,,,,,,,,,,,,,,,,,,,,,,,,,,,,,,,,,,,,,,,,,,,,,,,,,,,,,,,,,,,,,,,,,,,,,,,,,,,,,,,,,,,,,,,,,,,,,,,,,,,,,,,,,,,,,,,,,27.3,48.3,135.3,72.7,6.0,61.9,22.0,0.7,-9.5,0.0,19.1,-0.3,6.0,24.9,22.0,0.7,92.1,92.1,92.1,92.1,1.0,0.0,10.0,1.0,-33.5,-33.5,-33.5,-33.5,1.0,0.0,10.0,1.0,,,,,,,,,,,,,,,,,,,,,,,,,,,,,,,,
1900,10,22810,78.6,-43.5,,,,,,,,,,,,,,,,,,,,,,,,,,,,,,,,,6.7,10.8,15.4,10.73,8.0,4.47,18.0,0.8,6.34,10.43,15.17,10.17,8.0,5.03,18.0,0.8,-2.67,0.0,2.04,-0.38,8.0,2.78,18.0,0.8,1001.86,1011.6,1012.43,1008.03,7.0,5.47,16.0,0.7,,,,,,,,,,,,,,,,,,,,,,,,,,,,,,,,,,,,,,,,,,,,,,,,,,,,,,,,,,,,,,,,,,,,,,,,,,,,,,,,,,,,,,,,,,,,,,,,,,,,,,,,,,,,,,,,,,,,,,,,,,,,,,,,
1900,10,22810,78.6,4.8,,,,,,,,,,,,,,,,,,,,,,,,,,,,,,,,,2.45,4.6,6.7,4.44,13.0,2.6,14.0,0.4,0.97,3.25,6.7,3.69,13.0,2.74,14.0,0.4,-2.72,0.0,1.91,0.08,13.0,2.42,14.0,0.4,1008.92,1010.8,1011.39,1010.38,13.0,1.41,14.0,0.4,,,,,,,,,,,,,,,,,,,,,,,,,,,,,,,,,,,,,,,,,,,,,,,,,,,,,,,,,,,,,,,,,,,,,,,,,,,,,,,,,,,,,,,,,,,,,,,,,,,,,,,,,,,,,,,,,,,,,,,,,,,,,,,,
1900,10,22810,78.8,-39.7,,,,,,,,,,,,,,,,,,,,,,,,,,,,,,,,,10.27,12.35,14.43,12.35,2.0,4.31,30.0,1.0,6.22,7.2,8.17,7.2,2.0,2.02,30.0,1.0,-11.46,-5.4,0.66,-5.4,2.0,12.56,30.0,1.0,1013.36,1015.85,1018.34,1015.85,2.0,5.16,30.0,1.0,,,,,,,,,,,,,,,,,,,,,,,,,,,,,,,,,,,,,,,,,,,,,,,,,,,,,,,,,,,,,,,,,,,,,,,,,,,,,,,,,,,,,,,,,,,,,,,,,,,,,,,,,,,,,,,,,,,,,,,,,,,,,,,,
1900,10,22810,80.3,-43.7,,,,,,,,,,,,,,,,,,,,,,,,,,,,,,,,,,,,,,,,,,,,,,,,,,,,,,,,,,,,,,,,,,,,,,,,,,,,,,,,,,,,,,,,,,,,,,,,,,,,,,,,,,,,,,,,,,,,,,,,,,,,,,,,,10.2,12.0,35.8,22.5,4.0,22.4,24.0,0.5,2.3,28.1,33.2,18.2,4.0,26.1,24.0,0.5,41.5,41.5,41.5,41.5,1.0,0.0,10.0,0.0,-15.1,-15.1,-15.1,-15.1,1.0,0.0,10.0,0.0,,,,,,,,,,,,,,,,,,,,,,,,,,,,,,,,
1900,10,22810,80.4,-43.7,7.14,7.75,8.78,7.95,4.0,1.08,28.0,0.8,5.22,6.1,7.66,6.43,4.0,1.8,24.0,0.5,6.59,6.59,6.59,6.59,1.0,0.0,10.0,0.0,93.7,93.7,93.7,93.7,1.0,0.0,10.0,0.0,,,,,,,,,,,,,,,,,,,,,,,,,,,,,,,,,,,,,,,,,,,,,,,,,,,,,,,,,,,,,,,,,,,,,,,,,,,,,,,,,,,,,,,,,,,,,,,,,,,,,,,,,,,,,,,,,,,,,,,,,,,,,,,,,,,,,,,,,,,,,,,,,,,,,,,,,,,,,,,,
1900,10,22810,80.4,-43.6,,,,,,,,,,,,,,,,,,,,,,,,,,,,,,,,,,,,,,,,,,,,,,,,,,,,,,,,,,,,,,,,,3.6,7.0,8.0,6.0,5.0,2.3,20.0,0.4,93.7,93.7,93.7,93.7,1.0,0.0,10.0,0.0,13.3,15.4,41.6,22.0,7.0,14.0,20.0,0.4,-15.4,16.8,42.2,11.3,7.0,25.7,20.0,0.4,,,,,,,,,,,,,,,,,,,,,,,,,,,,,,,,,,,,,,,,,,,,,,,,,,,,,,,,,,,,,,,,,,,,,,,,,,,,,,,,,,,,,,,,,,,,,,,,
1900,10,22810,80.4,-43.5,,,,,,,,,,,,,,,,,,,,,,,,,,,,,,,,,4.6,6.7,6.7,5.8,7.0,1.12,20.0,0.4,2.26,2.96,6.22,3.66,7.0,1.92,20.0,0.4,-2.36,2.51,6.3,1.62,7.0,4.26,20.0,0.4,1004.53,1008.05,1011.85,1008.23,6.0,3.65,18.0,0.3,,,,,,,,,,,,,,,,,,,,,,,,,,,,,,,,,,,,,,,,,,,,,,,,,,,,,,,,,,,,,,,,,,,,,,,,,,,,,,,,,,,,,,,,,,,,,,,,,,,,,,,,,,,,,,,,,,,,,,,,,,,,,,,,
1900,10,22810,80.5,-39.5,,,,,,,,,,,,,,,,,,,,,,,,,,,,,,,,,7.59,9.5,11.41,9.5,2.0,3.96,2.0,1.0,-2.11,-1.25,-0.4,-1.25,2.0,1.77,2.0,1.0,7.18,9.26,11.33,9.26,2.0,4.3,2.0,1.0,1017.01,1018.55,1020.09,1018.55,2.0,3.18,2.0,1.0,,,,,,,,,,,,,,,,,,,,,,,,,,,,,,,,,,,,,,,,,,,,,,,,,,,,,,,,,,,,,,,,,,,,,,,,,,,,,,,,,,,,,,,,,,,,,,,,,,,,,,,,,,,,,,,,,,,,,,,,,,,,,,,,
1900,10,22810,80.5,0.3,,,,,,,,,,,,,,,,,,,,,,,,,,,,,,,,,1.25,1.8,2.35,1.8,2.0,1.13,2.0,0.0,1.25,1.8,2.35,1.8,2.0,1.13,2.0,0.0,0.0,0.0,0.0,0.0,2.0,0.0,2.0,0.0,1009.6,1010.25,1010.9,1010.25,2.0,1.34,2.0,0.0,,,,,,,,,,,,,,,,,,,,,,,,,,,,,,,,,,,,,,,,,,,,,,,,,,,,,,,,,,,,,,,,,,,,,,,,,,,,,,,,,,,,,,,,,,,,,,,,,,,,,,,,,,,,,,,,,,,,,,,,,,,,,,,,
1900,10,22810,80.5,4.6,,,,,,,,,,,,,,,,,,,,,,,,,,,,,,,,,2.6,4.6,9.3,5.57,36.0,3.97,16.0,0.6,2.15,3.25,8.59,5.0,36.0,3.91,16.0,0.6,-1.02,0.0,3.25,0.86,36.0,2.44,16.0,0.6,1007.71,1009.9,1011.4,1009.77,36.0,1.86,16.0,0.6,,,,,,,,,,,,,,,,,,,,,,,,,,,,,,,,,,,,,,,,,,,,,,,,,,,,,,,,,,,,,,,,,,,,,,,,,,,,,,,,,,,,,,,,,,,,,,,,,,,,,,,,,,,,,,,,,,,,,,,,,,,,,,,,
1900,10,22810,80.8,-37.7,,,,,,,,,,,,,,,,,,,,,,,,,,,,,,,,,15.4,15.4,15.4,15.4,1.0,0.0,26.0,1.0,5.77,5.77,5.77,5.77,1.0,0.0,26.0,1.0,-14.28,-14.28,-14.28,-14.28,1.0,0.0,26.0,1.0,1021.6,1021.6,1021.6,1021.6,1.0,0.0,26.0,1.0,,,,,,,,,,,,,,,,,,,,,,,,,,,,,,,,,,,,,,,,,,,,,,,,,,,,,,,,,,,,,,,,,,,,,,,,,,,,,,,,,,,,,,,,,,,,,,,,,,,,,,,,,,,,,,,,,,,,,,,,,,,,,,,,
1900,10,22810,82.5,-43.9,8.9,8.9,8.97,8.93,3.0,0.06,28.0,0.3,4.08,8.2,11.54,8.0,6.0,4.0,20.0,0.7,7.94,7.97,8.01,7.97,2.0,0.07,10.0,1.0,94.4,94.8,95.2,94.8,2.0,0.8,10.0,1.0,,,,,,,,,,,,,,,,,,,,,,,,,,,,,,,,,,,,,,,,,,,,,,,,,,,,,,,,,,,,,,,,,,,,,,,,,,,,,,,,,,,,,,,,,,,,,,,,,,,,,,,,,,,,,,,,,,,,,,,,,,,,,,,,,,,,,,,,,,,,,,,,,,,,,,,,,,,,,,,,
1900,10,22810,82.5,-43.6,,,,,,,,,,,,,,,,,,,,,,,,,,,,,,,,,,,,,,,,,,,,,,,,,,,,,,,,,,,,,,,,,4.0,6.5,8.0,6.2,6.0,2.0,20.0,0.7,94.4,94.8,95.2,94.8,2.0,0.8,10.0,1.0,136.1,152.4,233.2,167.4,7.0,82.4,18.0,0.7,-276.5,-181.7,51.7,-120.6,7.0,161.5,18.0,0.7,,,,,,,,,,,,,,,,,,,,,,,,,,,,,,,,,,,,,,,,,,,,,,,,,,,,,,,,,,,,,,,,,,,,,,,,,,,,,,,,,,,,,,,,,,,,,,,,
1900,10,22810,82.5,-43.5,,,,,,,,,,,,,,,,,,,,,,,,,,,,,,,,,12.03,15.4,19.0,14.81,7.0,4.68,18.0,0.7,9.54,11.56,12.27,10.45,7.0,3.75,18.0,0.7,-14.55,-11.8,4.31,-5.66,7.0,9.95,18.0,0.7,1005.79,1005.9,1011.77,1008.71,7.0,3.89,18.0,0.7,,,,,,,,,,,,,,,,,,,,,,,,,,,,,,,,,,,,,,,,,,,,,,,,,,,,,,,,,,,,,,,,,,,,,,,,,,,,,,,,,,,,,,,,,,,,,,,,,,,,,,,,,,,,,,,,,,,,,,,,,,,,,,,,
1900,10,22810,82.5,0.3,,,,,,,,,,,,,,,,,,,,,,,,,,,,,,,,,1.0,1.0,1.0,1.0,2.0,0.0,2.0,0.5,0.75,0.85,0.95,0.85,2.0,0.21,2.0,0.5,0.11,0.35,0.59,0.35,2.0,0.5,2.0,0.5,1009.94,1010.25,1010.56,1010.25,2.0,0.64,2.0,0.5,,,,,,,,,,,,,,,,,,,,,,,,,,,,,,,,,,,,,,,,,,,,,,,,,,,,,,,,,,,,,,,,,,,,,,,,,,,,,,,,,,,,,,,,,,,,,,,,,,,,,,,,,,,,,,,,,,,,,,,,,,,,,,,,
1900,10,22810,82.5,4.4,,,,,,,,,,,,,,,,,,,,,,,,,,,,,,,,,2.6,4.6,10.49,6.18,30.0,4.17,18.0,0.5,1.84,4.25,8.7,4.98,30.0,3.59,18.0,0.5,-1.8,1.72,6.33,2.06,30.0,3.74,18.0,0.5,1008.1,1010.05,1011.18,1009.7,30.0,1.5,18.0,0.5,,,,,,,,,,,,,,,,,,,,,,,,,,,,,,,,,,,,,,,,,,,,,,,,,,,,,,,,,,,,,,,,,,,,,,,,,,,,,,,,,,,,,,,,,,,,,,,,,,,,,,,,,,,,,,,,,,,,,,,,,,,,,,,,
1900,10,22810,82.6,-43.6,,,,,,,,,,,,,,,,,,,,,,,,,,,,,,,,,,,,,,,,,,,,,,,,,,,,,,,,,,,,,,,,,,,,,,,,,,,,,,,,,,,,,,,,,,,,,,,,,,,,,,,,,,,,,,,,,,,,,,,,,,,,,,,,,39.5,98.5,144.0,92.6,6.0,62.4,20.0,0.7,-165.9,-72.7,21.9,-71.8,6.0,101.9,20.0,0.7,97.0,97.4,97.8,97.4,2.0,0.9,10.0,1.0,-116.6,-116.1,-115.6,-116.1,2.0,1.1,10.0,1.0,,,,,,,,,,,,,,,,,,,,,,,,,,,,,,,,
1900,10,22810,82.6,2.8,,,,,,,,,,,,,,,,,,,,,,,,,,,,,,,,,2.6,2.6,7.68,5.03,4.0,4.85,14.0,0.3,1.84,1.84,6.81,4.21,4.0,4.74,14.0,0.3,-3.39,-1.84,-1.84,-2.58,4.0,1.48,14.0,0.3,1008.61,1009.8,1010.36,1009.5,4.0,1.16,14.0,0.3,,,,,,,,,,,,,,,,,,,,,,,,,,,,,,,,,,,,,,,,,,,,,,,,,,,,,,,,,,,,,,,,,,,,,,,,,,,,,,,,,,,,,,,,,,,,,,,,,,,,,,,,,,,,,,,,,,,,,,,,,,,,,,,,
1900,10,22810,82.8,-41.7,,,,,,,,,,,,,,,,,,,,,,,,,,,,,,,,,15.4,15.4,15.4,15.4,1.0,0.0,26.0,1.0,0.0,0.0,0.0,0.0,1.0,0.0,26.0,1.0,-15.4,-15.4,-15.4,-15.4,1.0,0.0,26.0,1.0,1010.3,1010.3,1010.3,1010.3,1.0,0.0,26.0,1.0,,,,,,,,,,,,,,,,,,,,,,,,,,,,,,,,,,,,,,,,,,,,,,,,,,,,,,,,,,,,,,,,,,,,,,,,,,,,,,,,,,,,,,,,,,,,,,,,,,,,,,,,,,,,,,,,,,,,,,,,,,,,,,,,
1900,10,22810,82.8,-39.2,,,,,,,,,,,,,,,,,,,,,,,,,,,,,,,,,6.7,6.7,6.7,6.7,1.0,0.0,30.0,1.0,6.7,6.7,6.7,6.7,1.0,0.0,30.0,1.0,0.0,0.0,0.0,0.0,1.0,0.0,30.0,1.0,1026.0,1026.0,1026.0,1026.0,1.0,0.0,30.0,1.0,,,,,,,,,,,,,,,,,,,,,,,,,,,,,,,,,,,,,,,,,,,,,,,,,,,,,,,,,,,,,,,,,,,,,,,,,,,,,,,,,,,,,,,,,,,,,,,,,,,,,,,,,,,,,,,,,,,,,,,,,,,,,,,,
1900,10,22810,84.3,-39.2,,,,,,,,,,,,,,,,,,,,,,,,,,,,,,,,,6.7,6.7,6.7,6.7,1.0,0.0,4.0,1.0,2.62,2.62,2.62,2.62,1.0,0.0,4.0,1.0,6.17,6.17,6.17,6.17,1.0,0.0,4.0,1.0,1021.6,1021.6,1021.6,1021.6,1.0,0.0,4.0,1.0,,,,,,,,,,,,,,,,,,,,,,,,,,,,,,,,,,,,,,,,,,,,,,,,,,,,,,,,,,,,,,,,,,,,,,,,,,,,,,,,,,,,,,,,,,,,,,,,,,,,,,,,,,,,,,,,,,,,,,,,,,,,,,,,
1900,10,22810,84.4,-43.8,8.29,8.7,8.85,8.58,4.0,0.4,24.0,1.0,7.68,7.8,10.9,8.71,7.0,2.16,18.0,0.6,7.93,7.97,8.0,7.97,2.0,0.08,10.0,0.0,96.9,97.7,98.4,97.7,2.0,1.6,10.0,0.0,,,,,,,,,,,,,,,,,,,,,,,,,,,,,,,,,,,,,,,,,,,,,,,,,,,,,,,,,,,,,,,,,,,,,,,,,,,,,,,,,,,,,,,,,,,,,,,,,,,,,,,,,,,,,,,,,,,,,,,,,,,,,,,,,,,,,,,,,,,,,,,,,,,,,,,,,,,,,,,,
1900,10,22810,84.4,4.3,,,,,,,,,,,,,,,,,,,,,,,,,,,,,,,,,1.0,6.7,6.7,4.91,15.0,3.49,18.0,0.3,0.77,4.74,6.5,3.91,15.0,3.32,18.0,0.3,-0.79,0.71,4.74,1.64,15.0,2.77,18.0,0.3,1007.37,1009.3,1011.33,1009.45,15.0,2.14,18.0,0.3,,,,,,,,,,,,,,,,,,,,,,,,,,,,,,,,,,,,,,,,,,,,,,,,,,,,,,,,,,,,,,,,,,,,,,,,,,,,,,,,,,,,,,,,,,,,,,,,,,,,,,,,,,,,,,,,,,,,,,,,,,,,,,,,
1900,10,22810,84.5,-43.5,,,,,,,,,,,,,,,,,,,,,,,,,,,,,,,,,9.3,12.3,22.6,14.91,7.0,6.27,18.0,0.6,8.65,9.3,12.32,10.15,7.0,2.36,18.0,0.6,-17.5,0.0,0.42,-6.34,7.0,11.23,18.0,0.6,1005.06,1007.0,1016.97,1010.02,5.0,6.75,18.0,0.4,6.0,6.0,7.0,6.6,7.0,0.8,18.0,0.6,96.9,97.7,98.4,97.7,2.0,1.6,10.0,0.0,86.5,107.0,236.6,157.4,7.0,93.7,18.0,0.6,-395.5,0.0,5.1,-148.7,7.0,229.7,18.0,0.6,,,,,,,,,,,,,,,,,,,,,,,,,,,,,,,,,71.2,72.5,135.5,91.0,7.0,40.1,18.0,0.6,-190.3,0.0,2.2,-75.2,7.0,110.6,18.0,0.6,99.8,106.6,113.3,106.6,2.0,14.1,10.0,0.0,-135.1,-127.0,-118.9,-127.0,2.0,16.8,10.0,0.0,,,,,,,,,,,,,,,,,,,,,,,,,,,,,,,,
1900,10,22810,84.6,-1.2,,,,,,,,,,,,,,,,,,,,,,,,,,,,,,,,,1.0,1.0,8.71,4.77,3.0,6.52,6.0,1.0,0.71,0.71,8.62,4.57,3.0,6.69,6.0,1.0,0.22,0.71,0.71,0.47,3.0,0.41,6.0,1.0,1011.33,1011.4,1011.47,1011.4,3.0,0.1,6.0,1.0,,,,,,,,,,,,,,,,,,,,,,,,,,,,,,,,,,,,,,,,,,,,,,,,,,,,,,,,,,,,,,,,,,,,,,,,,,,,,,,,,,,,,,,,,,,,,,,,,,,,,,,,,,,,,,,,,,,,,,,,,,,,,,,,
1900,10,22810,84.6,2.7,,,,,,,,,,,,,,,,,,,,,,,,,,,,,,,,,2.6,4.6,6.7,5.37,18.0,3.04,16.0,0.6,1.84,4.43,6.21,4.64,18.0,3.04,16.0,0.6,-2.07,0.0,2.73,0.13,18.0,2.78,16.0,0.6,1008.33,1010.4,1011.83,1010.17,18.0,1.74,16.0,0.6,,,,,,,,,,,,,,,,,,,,,,,,,,,,,,,,,,,,,,,,,,,,,,,,,,,,,,,,,,,,,,,,,,,,,,,,,,,,,,,,,,,,,,,,,,,,,,,,,,,,,,,,,,,,,,,,,,,,,,,,,,,,,,,,
1900,10,22810,84.8,-45.7,,,,,,,,,,,,,,,,,,,,,,,,,,,,,,,,,22.6,22.6,22.6,22.6,1.0,0.0,18.0,1.0,22.6,22.6,22.6,22.6,1.0,0.0,18.0,1.0,0.0,0.0,0.0,0.0,1.0,0.0,18.0,1.0,1003.1,1003.1,1003.1,1003.1,1.0,0.0,18.0,1.0,,,,,,,,,,,,,,,,,,,,,,,,,,,,,,,,,,,,,,,,,,,,,,,,,,,,,,,,,,,,,,,,,,,,,,,,,,,,,,,,,,,,,,,,,,,,,,,,,,,,,,,,,,,,,,,,,,,,,,,,,,,,,,,,
1900,10,22810,86.2,-43.6,8.56,8.7,8.84,8.7,2.0,0.28,30.0,0.5,8.73,10.85,11.77,10.28,4.0,2.12,16.0,0.8,7.49,7.54,7.58,7.54,2.0,0.1,12.0,1.0,90.0,93.1,96.2,93.1,2.0,6.4,12.0,1.0,,,,,,,,,,,,,,,,,,,,,,,,,,,,,,,,,,,,,,,,,,,,,,,,,,,,,,,,,,,,,,,,,,,,,,,,,,,,,,,,,,,,,,,,,,,,,,,,,,,,,,,,,,,,,,,,,,,,,,,,,,,,,,,,,,,,,,,,,,,,,,,,,,,,,,,,,,,,,,,,
1900,10,22810,86.3,-43.3,,,,,,,,,,,,,,,,,,,,,,,,,,,,,,,,,,,,,,,,,,,,,,,,,,,,,,,,,,,,,,,,,3.4,5.5,6.0,4.8,4.0,1.9,20.0,0.8,90.0,93.1,96.2,93.1,2.0,6.4,12.0,1.0,0.0,86.5,131.7,73.6,5.0,74.7,18.0,0.8,-510.8,-480.0,39.1,-278.9,5.0,306.0,18.0,0.8,,,,,,,,,,,,,,,,,,,,,,,,,,,,,,,,,,,,,,,,,,,,,,,,,,,,,,,,,,,,,,,,,,,,,,,,,,,,,,,,,,,,,,,,,,,,,,,,
1900,10,22810,86.3,-39.2,,,,,,,,,,,,,,,,,,,,,,,,,,,,,,,,,0.0,0.0,0.0,0.0,1.0,0.0,6.0,1.0,0.0,0.0,0.0,0.0,1.0,0.0,6.0,1.0,0.0,0.0,0.0,0.0,1.0,0.0,6.0,1.0,1026.3,1026.3,1026.3,1026.3,1.0,0.0,6.0,1.0,,,,,,,,,,,,,,,,,,,,,,,,,,,,,,,,,,,,,,,,,,,,,,,,,,,,,,,,,,,,,,,,,,,,,,,,,,,,,,,,,,,,,,,,,,,,,,,,,,,,,,,,,,,,,,,,,,,,,,,,,,,,,,,,
1900,10,22810,86.3,-37.5,,,,,,,,,,,,,,,,,,,,,,,,,,,,,,,,,6.31,10.0,13.69,10.0,2.0,7.64,28.0,1.0,0.73,2.3,3.87,2.3,2.0,3.25,28.0,1.0,-12.96,-7.7,-2.44,-7.7,2.0,10.89,28.0,1.0,1019.1,1024.25,1029.4,1024.25,2.0,10.68,28.0,1.0,,,,,,,,,,,,,,,,,,,,,,,,,,,,,,,,,,,,,,,,,,,,,,,,,,,,,,,,,,,,,,,,,,,,,,,,,,,,,,,,,,,,,,,,,,,,,,,,,,,,,,,,,,,,,,,,,,,,,,,,,,,,,,,,
1900,10,22810,86.3,4.5,,,,,,,,,,,,,,,,,,,,,,,,,,,,,,,,,2.6,2.6,2.6,2.6,2.0,0.0,20.0,0.5,0.41,1.3,2.19,1.3,2.0,1.84,20.0,0.5,0.41,1.3,2.19,1.3,2.0,1.84,20.0,0.5,1007.6,1009.1,1010.6,1009.1,2.0,3.11,20.0,0.5,,,,,,,,,,,,,,,,,,,,,,,,,,,,,,,,,,,,,,,,,,,,,,,,,,,,,,,,,,,,,,,,,,,,,,,,,,,,,,,,,,,,,,,,,,,,,,,,,,,,,,,,,,,,,,,,,,,,,,,,,,,,,,,,
1900,10,22810,86.4,-43.3,,,,,,,,,,,,,,,,,,,,,,,,,,,,,,,,,11.2,22.6,22.6,17.88,5.0,6.55,18.0,0.8,0.0,7.73,8.92,5.15,5.0,4.73,18.0,0.8,-22.6,-21.24,3.18,-11.55,5.0,14.84,18.0,0.8,1004.3,1005.15,1012.19,1008.1,4.0,6.58,16.0,0.8,,,,,,,,,,,,,,,,,,,,,,,,,,,,,,,,,,,,,,,,,,,,,,,,,,,,,,,,,,,,,,,,,,,,,,,,,,,,,,,,,,,,,,,,,,,,,,,,,,,,,,,,,,,,,,,,,,,,,,,,,,,,,,,,
1900,10,22810,86.5,-43.3,,,,,,,,,,,,,,,,,,,,,,,,,,,,,,,,,,,,,,,,,,,,,,,,,,,,,,,,,,,,,,,,,,,,,,,,,,,,,,,,,,,,,,,,,,,,,,,,,,,,,,,,,,,,,,,,,,,,,,,,,,,,,,,,,0.0,33.9,74.0,36.9,4.0,42.8,16.0,0.8,-265.9,-238.2,-104.1,-187.5,4.0,127.1,16.0,0.8,9.3,29.4,49.5,29.4,2.0,41.6,12.0,1.0,-167.6,-165.1,-162.7,-165.1,2.0,5.1,12.0,1.0,,,,,,,,,,,,,,,,,,,,,,,,,,,,,,,,
1900,10,22810,86.5,2.6,,,,,,,,,,,,,,,,,,,,,,,,,,,,,,,,,2.6,4.6,6.7,5.02,33.0,3.22,16.0,0.5,1.84,4.23,6.21,4.29,33.0,3.25,16.0,0.5,-2.55,0.0,3.19,0.19,33.0,2.59,16.0,0.5,1007.95,1009.9,1011.48,1009.75,33.0,1.84,16.0,0.5,,,,,,,,,,,,,,,,,,,,,,,,,,,,,,,,,,,,,,,,,,,,,,,,,,,,,,,,,,,,,,,,,,,,,,,,,,,,,,,,,,,,,,,,,,,,,,,,,,,,,,,,,,,,,,,,,,,,,,,,,,,,,,,,
1900,10,22810,86.5,6.3,,,,,,,,,,,,,,,,,,,,,,,,,,,,,,,,,0.16,0.5,0.84,0.5,2.0,0.71,26.0,1.0,0.06,0.19,0.32,0.19,2.0,0.26,26.0,1.0,-0.78,-0.46,-0.15,-0.46,2.0,0.66,26.0,1.0,1010.8,1011.65,1012.5,1011.65,2.0,1.77,26.0,1.0,,,,,,,,,,,,,,,,,,,,,,,,,,,,,,,,,,,,,,,,,,,,,,,,,,,,,,,,,,,,,,,,,,,,,,,,,,,,,,,,,,,,,,,,,,,,,,,,,,,,,,,,,,,,,,,,,,,,,,,,,,,,,,,,
1900,10,22810,86.8,-45.0,,,,,,,,,,,,,,,,,,,,,,,,,,,,,,,,,9.78,10.8,11.82,10.8,2.0,2.12,30.0,0.0,9.3,10.52,11.73,10.52,2.0,2.52,30.0,0.0,-2.68,-1.59,-0.5,-1.59,2.0,2.25,30.0,0.0,1015.56,1015.9,1016.24,1015.9,2.0,0.71,30.0,0.0,,,,,,,,,,,,,,,,,,,,,,,,,,,,,,,,,,,,,,,,,,,,,,,,,,,,,,,,,,,,,,,,,,,,,,,,,,,,,,,,,,,,,,,,,,,,,,,,,,,,,,,,,,,,,,,,,,,,,,,,,,,,,,,,
1900,10,22810,88.3,-37.2,,,,,,,,,,,,,,,,,,,,,,,,,,,,,,,,,6.7,6.7,6.7,6.7,1.0,0.0,30.0,1.0,4.74,4.74,4.74,4.74,1.0,0.0,30.0,1.0,-4.74,-4.74,-4.74,-4.74,1.0,0.0,30.0,1.0,1027.4,1027.4,1027.4,1027.4,1.0,0.0,30.0,1.0,,,,,,,,,,,,,,,,,,,,,,,,,,,,,,,,,,,,,,,,,,,,,,,,,,,,,,,,,,,,,,,,,,,,,,,,,,,,,,,,,,,,,,,,,,,,,,,,,,,,,,,,,,,,,,,,,,,,,,,,,,,,,,,,
1900,10,22810,88.3,-3.7,,,,,,,,,,,,,,,,,,,,,,,,,,,,,,,,,4.6,4.6,4.6,4.6,1.0,0.0,12.0,1.0,4.6,4.6,4.6,4.6,1.0,0.0,12.0,1.0,0.0,0.0,0.0,0.0,1.0,0.0,12.0,1.0,1009.7,1009.7,1009.7,1009.7,1.0,0.0,12.0,1.0,,,,,,,,,,,,,,,,,,,,,,,,,,,,,,,,,,,,,,,,,,,,,,,,,,,,,,,,,,,,,,,,,,,,,,,,,,,,,,,,,,,,,,,,,,,,,,,,,,,,,,,,,,,,,,,,,,,,,,,,,,,,,,,,
1900,10,22810,88.4,4.8,,,,,,,,,,,,,,,,,,,,,,,,,,,,,,,,,0.0,0.0,0.0,0.0,3.0,0.0,26.0,0.0,0.0,0.0,0.0,0.0,3.0,0.0,26.0,0.0,0.0,0.0,0.0,0.0,3.0,0.0,26.0,0.0,1011.13,1011.4,1011.81,1011.47,3.0,0.5,26.0,0.0,,,,,,,,,,,,,,,,,,,,,,,,,,,,,,,,,,,,,,,,,,,,,,,,,,,,,,,,,,,,,,,,,,,,,,,,,,,,,,,,,,,,,,,,,,,,,,,,,,,,,,,,,,,,,,,,,,,,,,,,,,,,,,,,
1900,10,22810,88.5,-43.3,,,,,,,,,,,,,,,,,,,,,,,,,,,,,,,,,11.75,22.6,22.6,17.3,3.0,9.18,10.0,0.7,7.03,7.73,7.73,7.39,3.0,0.59,10.0,0.7,-21.24,-21.24,-6.74,-14.16,3.0,12.26,10.0,0.7,999.36,1000.55,1001.74,1000.55,2.0,2.47,12.0,0.5,4.6,6.0,6.0,5.3,3.0,1.2,10.0,0.7,91.2,93.9,96.5,93.9,2.0,5.4,12.0,0.5,86.1,174.7,174.7,131.4,3.0,74.9,10.0,0.7,-480.0,-480.0,-152.3,-320.0,3.0,277.1,10.0,0.7,,,,,,,,,,,,,,,,,,,,,,,,,,,,,,,,,69.1,86.6,91.3,80.4,3.0,17.1,10.0,0.7,-250.9,-237.9,-75.5,-164.9,3.0,143.2,10.0,0.7,61.7,62.2,62.7,62.2,2.0,1.0,12.0,0.5,-172.2,-170.8,-169.4,-170.8,2.0,2.8,12.0,0.5,,,,,,,,,,,,,,,,,,,,,,,,,,,,,,,,
1900,10,22810,88.5,2.3,,,,,,,,,,,,,,,,,,,,,,,,,,,,,,,,,2.6,4.6,8.97,4.9,27.0,3.48,16.0,0.4,0.0,2.39,6.64,3.53,27.0,3.73,16.0,0.4,-1.84,0.0,4.02,0.55,27.0,3.16,16.0,0.4,1007.49,1009.45,1010.57,1009.43,28.0,1.96,16.0,0.4,,,,,,,,,,,,,,,,,,,,,,,,,,,,,,,,,,,,,,,,,,,,,,,,,,,,,,,,,,,,,,,,,,,,,,,,,,,,,,,,,,,,,,,,,,,,,,,,,,,,,,,,,,,,,,,,,,,,,,,,,,,,,,,,
1900,10,22810,88.6,0.8,,,,,,,,,,,,,,,,,,,,,,,,,,,,,,,,,4.6,5.65,9.3,6.63,8.0,2.33,16.0,0.6,4.3,4.6,6.69,5.44,8.0,1.66,16.0,0.6,-3.23,0.0,1.53,0.01,8.0,4.35,16.0,0.6,1007.23,1009.5,1011.08,1009.38,8.0,1.95,16.0,0.6,,,,,,,,,,,,,,,,,,,,,,,,,,,,,,,,,,,,,,,,,,,,,,,,,,,,,,,,,,,,,,,,,,,,,,,,,,,,,,,,,,,,,,,,,,,,,,,,,,,,,,,,,,,,,,,,,,,,,,,,,,,,,,,,
1900,10,22810,88.7,-45.1,,,,,,,,,,,,,,,,,,,,,,,,,,,,,,,,,12.3,12.3,12.3,12.3,3.0,0.0,30.0,1.0,12.3,12.3,12.3,12.3,3.0,0.0,30.0,1.0,0.0,0.0,0.0,0.0,3.0,0.0,30.0,1.0,1014.7,1015.35,1016.0,1015.35,2.0,1.34,30.0,1.0,,,,,,,,,,,,,,,,,,,,,,,,,,,,,,,,,,,,,,,,,,,,,,,,,,,,,,,,,,,,,,,,,,,,,,,,,,,,,,,,,,,,,,,,,,,,,,,,,,,,,,,,,,,,,,,,,,,,,,,,,,,,,,,,
1900,10,22810,88.8,-43.7,7.5,7.5,7.5,7.5,1.0,0.0,10.0,1.0,9.77,11.2,11.81,10.8,3.0,1.54,10.0,0.7,7.98,8.04,8.11,8.04,2.0,0.13,12.0,0.5,91.2,93.9,96.5,93.9,2.0,5.4,12.0,0.5,,,,,,,,,,,,,,,,,,,,,,,,,,,,,,,,,,,,,,,,,,,,,,,,,,,,,,,,,,,,,,,,,,,,,,,,,,,,,,,,,,,,,,,,,,,,,,,,,,,,,,,,,,,,,,,,,,,,,,,,,,,,,,,,,,,,,,,,,,,,,,,,,,,,,,,,,,,,,,,,
1900,10,22810,88.8,-41.7,,,,,,,,,,,,,,,,,,,,,,,,,,,,,,,,,15.4,15.4,15.4,15.4,1.0,0.0,28.0,1.0,5.77,5.77,5.77,5.77,1.0,0.0,28.0,1.0,-14.28,-14.28,-14.28,-14.28,1.0,0.0,28.0,1.0,1005.1,1005.1,1005.1,1005.1,1.0,0.0,28.0,1.0,,,,,,,,,,,,,,,,,,,,,,,,,,,,,,,,,,,,,,,,,,,,,,,,,,,,,,,,,,,,,,,,,,,,,,,,,,,,,,,,,,,,,,,,,,,,,,,,,,,,,,,,,,,,,,,,,,,,,,,,,,,,,,,,
1900,10,22810,90.3,-43.1,,,,,,,,,,,,,,,,,,,,,,,,,,,,,,,,,,,,,,,,,,,,,,,,,,,,,,,,,,,,,,,,,,,,,,,,,,,,,,,,,,,,,,,,,,,,,,,,,,,,,,,,,,,,,,,,,,,,,,,,,,,,,,,,,68.7,78.1,81.2,75.0,3.0,9.6,12.0,0.3,-223.2,-214.5,-188.7,-206.2,3.0,26.3,12.0,0.3,46.3,51.3,56.2,51.3,2.0,10.2,12.0,0.5,-154.3,-140.8,-127.3,-140.8,2.0,28.0,12.0,0.5,,,,,,,,,,,,,,,,,,,,,,,,,,,,,,,,
1900,10,22810,90.3,-39.2,,,,,,,,,,,,,,,,,,,,,,,,,,,,,,,,,15.4,15.4,15.4,15.4,1.0,0.0,6.0,1.0,14.28,14.28,14.28,14.28,1.0,0.0,6.0,1.0,5.77,5.77,5.77,5.77,1.0,0.0,6.0,1.0,1020.4,1020.4,1020.4,1020.4,1.0,0.0,6.0,1.0,,,,,,,,,,,,,,,,,,,,,,,,,,,,,,,,,,,,,,,,,,,,,,,,,,,,,,,,,,,,,,,,,,,,,,,,,,,,,,,,,,,,,,,,,,,,,,,,,,,,,,,,,,,,,,,,,,,,,,,,,,,,,,,,
1900,10,22810,90.4,-43.2,,,,,,,,,,,,,,,,,,,,,,,,,,,,,,,,,17.11,20.8,22.6,19.9,4.0,3.45,16.0,0.5,7.08,7.73,11.75,9.34,4.0,4.08,16.0,0.5,-21.24,-19.55,-8.5,-15.08,4.0,10.18,16.0,0.5,991.79,992.2,994.79,993.27,3.0,2.39,12.0,0.3,3.9,7.0,8.0,6.0,4.0,2.8,16.0,0.5,89.4,92.3,95.1,92.3,2.0,5.9,12.0,0.5,147.9,174.7,207.4,177.5,4.0,46.5,16.0,0.5,-480.0,-409.6,-161.5,-324.8,4.0,226.5,16.0,0.5,,,,,,,,,,,,,,,,,,,,,,,,,,,,,,,,,,,,,,,,,,,,,,,,,,,,,,,,,,,,,,,,,,,,,,,,,,,,,,,,,,,,,,,,,,,,,,,,
1900,10,22810,90.4,2.3,,,,,,,,,,,,,,,,,,,,,,,,,,,,,,,,,4.6,5.65,9.3,6.75,8.0,3.27,14.0,0.5,0.2,4.19,9.01,4.81,8.0,4.59,14.0,0.5,-4.09,0.0,4.05,-0.01,8.0,3.91,14.0,0.5,1007.39,1009.65,1011.46,1009.7,10.0,2.31,14.0,0.5,,,,,,,,,,,,,,,,,,,,,,,,,,,,,,,,,,,,,,,,,,,,,,,,,,,,,,,,,,,,,,,,,,,,,,,,,,,,,,,,,,,,,,,,,,,,,,,,,,,,,,,,,,,,,,,,,,,,,,,,,,,,,,,,
1900,10,22810,90.4,4.8,,,,,,,,,,,,,,,,,,,,,,,,,,,,,,,,,0.0,0.0,0.68,0.33,3.0,0.58,26.0,1.0,0.0,0.0,0.26,0.12,3.0,0.22,26.0,1.0,-0.63,0.0,0.0,-0.31,3.0,0.54,26.0,1.0,1011.71,1012.8,1012.94,1012.33,3.0,0.99,26.0,1.0,,,,,,,,,,,,,,,,,,,,,,,,,,,,,,,,,,,,,,,,,,,,,,,,,,,,,,,,,,,,,,,,,,,,,,,,,,,,,,,,,,,,,,,,,,,,,,,,,,,,,,,,,,,,,,,,,,,,,,,,,,,,,,,,
1900,10,22810,90.5,0.7,,,,,,,,,,,,,,,,,,,,,,,,,,,,,,,,,4.6,6.7,9.3,6.6,22.0,2.29,16.0,0.6,1.72,4.74,6.66,4.49,22.0,3.13,16.0,0.6,-4.06,0.35,5.96,1.22,22.0,4.29,16.0,0.6,1008.62,1009.8,1010.68,1009.77,21.0,1.34,16.0,0.6,,,,,,,,,,,,,,,,,,,,,,,,,,,,,,,,,,,,,,,,,,,,,,,,,,,,,,,,,,,,,,,,,,,,,,,,,,,,,,,,,,,,,,,,,,,,,,,,,,,,,,,,,,,,,,,,,,,,,,,,,,,,,,,,
1900,10,22810,90.6,-45.1,,,,,,,,,,,,,,,,,,,,,,,,,,,,,,,,,12.79,13.85,14.91,13.85,2.0,2.19,30.0,0.5,12.79,13.85,14.91,13.85,2.0,2.19,30.0,0.5,0.0,0.0,0.0,0.0,2.0,0.0,30.0,0.5,1006.41,1013.1,1013.17,1009.87,3.0,5.69,26.0,0.7,,,,,,,,,,,,,,,,,,,,,,,,,,,,,,,,,,,,,,,,,,,,,,,,,,,,,,,,,,,,,,,,,,,,,,,,,,,,,,,,,,,,,,,,,,,,,,,,,,,,,,,,,,,,,,,,,,,,,,,,,,,,,,,,
1900,10,22810,90.8,-43.2,7.8,7.8,7.8,7.8,1.0,0.0,30.0,1.0,9.96,10.1,10.51,10.23,3.0,0.42,12.0,0.3,6.9,7.17,7.44,7.17,2.0,0.55,12.0,0.5,89.4,92.3,95.1,92.3,2.0,5.9,12.0,0.5,,,,,,,,,,,,,,,,,,,,,,,,,,,,,,,,,,,,,,,,,,,,,,,,,,,,,,,,,,,,,,,,,,,,,,,,,,,,,,,,,,,,,,,,,,,,,,,,,,,,,,,,,,,,,,,,,,,,,,,,,,,,,,,,,,,,,,,,,,,,,,,,,,,,,,,,,,,,,,,,
1900,10,22810,90.8,-41.7,,,,,,,,,,,,,,,,,,,,,,,,,,,,,,,,,6.7,6.7,6.7,6.7,1.0,0.0,28.0,1.0,-4.74,-4.74,-4.74,-4.74,1.0,0.0,28.0,1.0,4.74,4.74,4.74,4.74,1.0,0.0,28.0,1.0,1006.1,1006.1,1006.1,1006.1,1.0,0.0,28.0,1.0,,,,,,,,,,,,,,,,,,,,,,,,,,,,,,,,,,,,,,,,,,,,,,,,,,,,,,,,,,,,,,,,,,,,,,,,,,,,,,,,,,,,,,,,,,,,,,,,,,,,,,,,,,,,,,,,,,,,,,,,,,,,,,,,
1900,10,22810,90.8,-35.7,,,,,,,,,,,,,,,,,,,,,,,,,,,,,,,,,12.3,12.3,12.3,12.3,1.0,0.0,28.0,1.0,0.0,0.0,0.0,0.0,1.0,0.0,28.0,1.0,-12.3,-12.3,-12.3,-12.3,1.0,0.0,28.0,1.0,1018.3,1018.3,1018.3,1018.3,1.0,0.0,28.0,1.0,,,,,,,,,,,,,,,,,,,,,,,,,,,,,,,,,,,,,,,,,,,,,,,,,,,,,,,,,,,,,,,,,,,,,,,,,,,,,,,,,,,,,,,,,,,,,,,,,,,,,,,,,,,,,,,,,,,,,,,,,,,,,,,,
1900,10,22810,90.8,-7.7,,,,,,,,,,,,,,,,,,,,,,,,,,,,,,,,,9.3,9.3,9.3,9.3,1.0,0.0,12.0,1.0,-9.3,-9.3,-9.3,-9.3,1.0,0.0,12.0,1.0,0.0,0.0,0.0,0.0,1.0,0.0,12.0,1.0,1012.6,1012.6,1012.6,1012.6,1.0,0.0,12.0,1.0,,,,,,,,,,,,,,,,,,,,,,,,,,,,,,,,,,,,,,,,,,,,,,,,,,,,,,,,,,,,,,,,,,,,,,,,,,,,,,,,,,,,,,,,,,,,,,,,,,,,,,,,,,,,,,,,,,,,,,,,,,,,,,,,
1900,10,22810,92.3,2.3,,,,,,,,,,,,,,,,,,,,,,,,,,,,,,,,,5.82,8.45,11.08,8.45,2.0,5.44,12.0,0.5,3.46,7.05,10.63,7.05,2.0,7.43,12.0,0.5,0.67,2.12,3.56,2.12,2.0,2.99,12.0,0.5,1007.38,1008.2,1009.02,1008.2,2.0,1.7,12.0,0.5,,,,,,,,,,,,,,,,,,,,,,,,,,,,,,,,,,,,,,,,,,,,,,,,,,,,,,,,,,,,,,,,,,,,,,,,,,,,,,,,,,,,,,,,,,,,,,,,,,,,,,,,,,,,,,,,,,,,,,,,,,,,,,,,
1900,10,22810,92.4,-43.4,,,,,,,,,,,,,,,,,,,,,,,,,,,,,,,,,22.6,22.6,22.6,22.6,4.0,0.0,12.0,0.8,7.73,8.1,15.16,11.29,4.0,6.64,12.0,0.8,-21.24,-21.1,-14.03,-17.79,4.0,6.71,12.0,0.8,989.09,989.45,989.87,989.48,4.0,0.57,12.0,0.8,,,,,,,,,,,,,,,,,,,,,,,,,,,,,,,,,,,,,,,,,,,,,,,,,,,,,,,,,,,,,,,,,,,,,,,,,,,,,,,,,,,,,,,,,,,,,,,,,,,,,,,,,,,,,,,,,,,,,,,,,,,,,,,,
1900,10,22810,92.4,4.8,,,,,,,,,,,,,,,,,,,,,,,,,,,,,,,,,2.14,4.6,6.03,4.1,3.0,2.88,26.0,0.0,-3.8,-1.8,-0.09,-1.94,3.0,2.73,26.0,0.0,-4.58,-4.23,-1.83,-3.23,3.0,2.2,26.0,0.0,1010.11,1011.0,1011.48,1010.8,3.0,1.01,26.0,0.0,,,,,,,,,,,,,,,,,,,,,,,,,,,,,,,,,,,,,,,,,,,,,,,,,,,,,,,,,,,,,,,,,,,,,,,,,,,,,,,,,,,,,,,,,,,,,,,,,,,,,,,,,,,,,,,,,,,,,,,,,,,,,,,,
1900,10,22810,92.5,0.5,,,,,,,,,,,,,,,,,,,,,,,,,,,,,,,,,4.6,4.6,9.3,6.36,27.0,2.57,16.0,0.4,2.42,3.25,8.56,4.69,27.0,3.56,16.0,0.4,-3.63,0.0,3.45,-0.71,27.0,3.54,16.0,0.4,1008.97,1010.5,1011.86,1010.38,29.0,1.47,16.0,0.4,,,,,,,,,,,,,,,,,,,,,,,,,,,,,,,,,,,,,,,,,,,,,,,,,,,,,,,,,,,,,,,,,,,,,,,,,,,,,,,,,,,,,,,,,,,,,,,,,,,,,,,,,,,,,,,,,,,,,,,,,,,,,,,,
1900,10,22810,92.7,-45.2,,,,,,,,,,,,,,,,,,,,,,,,,,,,,,,,,10.25,12.3,14.42,12.33,3.0,3.05,24.0,0.3,8.39,12.3,14.42,11.43,3.0,4.48,24.0,0.3,-4.49,0.0,0.0,-2.19,3.0,3.8,24.0,0.3,1010.77,1012.85,1014.93,1012.85,2.0,4.31,30.0,0.0,,,,,,,,,,,,,,,,,,,,,,,,,,,,,,,,,,,,,,,,,,,,,,,,,,,,,,,,,,,,,,,,,,,,,,,,,,,,,,,,,,,,,,,,,,,,,,,,,,,,,,,,,,,,,,,,,,,,,,,,,,,,,,,,
1900,10,22810,92.8,-41.7,,,,,,,,,,,,,,,,,,,,,,,,,,,,,,,,,9.3,9.3,9.3,9.3,1.0,0.0,30.0,1.0,9.3,9.3,9.3,9.3,1.0,0.0,30.0,1.0,0.0,0.0,0.0,0.0,1.0,0.0,30.0,1.0,1010.1,1010.1,1010.1,1010.1,1.0,0.0,30.0,1.0,,,,,,,,,,,,,,,,,,,,,,,,,,,,,,,,,,,,,,,,,,,,,,,,,,,,,,,,,,,,,,,,,,,,,,,,,,,,,,,,,,,,,,,,,,,,,,,,,,,,,,,,,,,,,,,,,,,,,,,,,,,,,,,,
1900,10,22810,92.8,-39.7,,,,,,,,,,,,,,,,,,,,,,,,,,,,,,,,,6.7,6.7,6.7,6.7,1.0,0.0,8.0,1.0,6.7,6.7,6.7,6.7,1.0,0.0,8.0,1.0,0.0,0.0,0.0,0.0,1.0,0.0,8.0,1.0,1025.1,1025.1,1025.1,1025.1,1.0,0.0,8.0,1.0,,,,,,,,,,,,,,,,,,,,,,,,,,,,,,,,,,,,,,,,,,,,,,,,,,,,,,,,,,,,,,,,,,,,,,,,,,,,,,,,,,,,,,,,,,,,,,,,,,,,,,,,,,,,,,,,,,,,,,,,,,,,,,,,
1900,10,22810,94.3,-43.5,,,,,,,,,,,,,,,,,,,,,,,,,,,,,,,,,20.14,22.6,25.06,22.6,2.0,5.09,22.0,0.5,17.18,17.92,18.66,17.92,2.0,1.53,22.0,0.5,-16.89,-10.04,-3.19,-10.04,2.0,14.19,22.0,0.5,990.71,991.8,992.89,991.8,2.0,2.26,12.0,0.0,,,,,,,,,,,,,,,,,,,,,,,,,,,,,,,,,,,,,,,,,,,,,,,,,,,,,,,,,,,,,,,,,,,,,,,,,,,,,,,,,,,,,,,,,,,,,,,,,,,,,,,,,,,,,,,,,,,,,,,,,,,,,,,,
1900,10,22810,94.5,0.3,,,,,,,,,,,,,,,,,,,,,,,,,,,,,,,,,1.02,5.65,6.7,4.94,20.0,2.88,16.0,0.6,0.04,3.74,6.21,3.74,20.0,2.72,16.0,0.6,-1.8,0.0,3.48,0.57,20.0,3.4,16.0,0.6,1008.5,1009.7,1012.2,1010.15,22.0,1.95,16.0,0.5,,,,,,,,,,,,,,,,,,,,,,,,,,,,,,,,,,,,,,,,,,,,,,,,,,,,,,,,,,,,,,,,,,,,,,,,,,,,,,,,,,,,,,,,,,,,,,,,,,,,,,,,,,,,,,,,,,,,,,,,,,,,,,,,
1900,10,22810,94.5,4.8,,,,,,,,,,,,,,,,,,,,,,,,,,,,,,,,,1.76,2.6,3.65,2.7,4.0,1.47,28.0,0.8,-2.84,-1.7,-1.01,-1.92,4.0,1.11,28.0,0.8,-2.84,-1.2,0.53,-1.16,4.0,2.0,28.0,0.8,1009.66,1010.7,1011.01,1010.35,4.0,1.06,28.0,0.8,,,,,,,,,,,,,,,,,,,,,,,,,,,,,,,,,,,,,,,,,,,,,,,,,,,,,,,,,,,,,,,,,,,,,,,,,,,,,,,,,,,,,,,,,,,,,,,,,,,,,,,,,,,,,,,,,,,,,,,,,,,,,,,,
1900,10,22810,94.6,-45.2,,,,,,,,,,,,,,,,,,,,,,,,,,,,,,,,,13.28,15.4,15.4,14.37,3.0,1.79,30.0,1.0,13.28,15.4,15.4,14.37,3.0,1.79,30.0,1.0,0.0,0.0,0.0,0.0,3.0,0.0,30.0,1.0,1006.07,1006.45,1006.83,1006.45,2.0,0.78,30.0,1.0,,,,,,,,,,,,,,,,,,,,,,,,,,,,,,,,,,,,,,,,,,,,,,,,,,,,,,,,,,,,,,,,,,,,,,,,,,,,,,,,,,,,,,,,,,,,,,,,,,,,,,,,,,,,,,,,,,,,,,,,,,,,,,,,
1900,10,22810,94.6,-1.3,,,,,,,,,,,,,,,,,,,,,,,,,,,,,,,,,2.82,4.6,11.68,6.29,8.0,3.93,16.0,0.4,-1.84,2.99,10.76,3.37,8.0,6.0,16.0,0.4,-3.98,1.78,2.44,0.22,8.0,3.4,16.0,0.4,1009.33,1010.35,1011.0,1010.05,6.0,1.37,14.0,0.7,,,,,,,,,,,,,,,,,,,,,,,,,,,,,,,,,,,,,,,,,,,,,,,,,,,,,,,,,,,,,,,,,,,,,,,,,,,,,,,,,,,,,,,,,,,,,,,,,,,,,,,,,,,,,,,,,,,,,,,,,,,,,,,,
1900,10,22810,94.8,-11.7,,,,,,,,,,,,,,,,,,,,,,,,,,,,,,,,,4.6,4.6,4.6,4.6,1.0,0.0,10.0,1.0,-4.23,-4.23,-4.23,-4.23,1.0,0.0,10.0,1.0,1.8,1.8,1.8,1.8,1.0,0.0,10.0,1.0,1013.7,1013.7,1013.7,1013.7,1.0,0.0,10.0,1.0,,,,,,,,,,,,,,,,,,,,,,,,,,,,,,,,,,,,,,,,,,,,,,,,,,,,,,,,,,,,,,,,,,,,,,,,,,,,,,,,,,,,,,,,,,,,,,,,,,,,,,,,,,,,,,,,,,,,,,,,,,,,,,,,
1900,10,22810,96.3,-35.2,,,,,,,,,,,,,,,,,,,,,,,,,,,,,,,,,12.3,12.3,12.3,12.3,1.0,0.0,30.0,1.0,4.61,4.61,4.61,4.61,1.0,0.0,30.0,1.0,-11.4,-11.4,-11.4,-11.4,1.0,0.0,30.0,1.0,1022.9,1022.9,1022.9,1022.9,1.0,0.0,30.0,1.0,,,,,,,,,,,,,,,,,,,,,,,,,,,,,,,,,,,,,,,,,,,,,,,,,,,,,,,,,,,,,,,,,,,,,,,,,,,,,,,,,,,,,,,,,,,,,,,,,,,,,,,,,,,,,,,,,,,,,,,,,,,,,,,,
1900,10,22810,96.3,0.3,,,,,,,,,,,,,,,,,,,,,,,,,,,,,,,,,0.63,4.6,5.37,3.38,5.0,2.79,12.0,0.4,0.0,3.25,4.33,2.54,5.0,2.62,12.0,0.4,-1.19,1.0,2.78,0.7,5.0,2.55,12.0,0.4,1008.15,1008.6,1010.87,1009.42,5.0,1.76,12.0,0.4,,,,,,,,,,,,,,,,,,,,,,,,,,,,,,,,,,,,,,,,,,,,,,,,,,,,,,,,,,,,,,,,,,,,,,,,,,,,,,,,,,,,,,,,,,,,,,,,,,,,,,,,,,,,,,,,,,,,,,,,,,,,,,,,
1900,10,22810,96.5,-45.3,,,,,,,,,,,,,,,,,,,,,,,,,,,,,,,,,15.4,15.4,20.31,17.8,3.0,4.16,28.0,0.7,15.4,15.4,20.31,17.8,3.0,4.16,28.0,0.7,0.0,0.0,0.0,0.0,3.0,0.0,28.0,0.7,997.22,1003.5,1004.52,1000.93,3.0,5.79,28.0,0.7,,,,,,,,,,,,,,,,,,,,,,,,,,,,,,,,,,,,,,,,,,,,,,,,,,,,,,,,,,,,,,,,,,,,,,,,,,,,,,,,,,,,,,,,,,,,,,,,,,,,,,,,,,,,,,,,,,,,,,,,,,,,,,,,
1900,10,22810,96.5,-1.3,,,,,,,,,,,,,,,,,,,,,,,,,,,,,,,,,2.6,4.6,6.7,4.49,30.0,2.17,18.0,0.6,0.0,2.46,3.25,2.41,30.0,2.65,18.0,0.6,-3.25,2.41,3.78,1.03,30.0,3.38,18.0,0.6,1009.32,1010.5,1012.4,1010.74,25.0,1.67,18.0,0.6,,,,,,,,,,,,,,,,,,,,,,,,,,,,,,,,,,,,,,,,,,,,,,,,,,,,,,,,,,,,,,,,,,,,,,,,,,,,,,,,,,,,,,,,,,,,,,,,,,,,,,,,,,,,,,,,,,,,,,,,,,,,,,,,
1900,10,22810,96.5,4.8,,,,,,,,,,,,,,,,,,,,,,,,,,,,,,,,,0.0,0.5,1.0,0.5,4.0,0.58,28.0,0.5,-0.37,0.0,0.37,0.0,4.0,0.58,28.0,0.5,0.0,0.35,0.71,0.35,4.0,0.41,28.0,0.5,1009.54,1010.4,1011.21,1010.38,4.0,0.99,28.0,0.5,,,,,,,,,,,,,,,,,,,,,,,,,,,,,,,,,,,,,,,,,,,,,,,,,,,,,,,,,,,,,,,,,,,,,,,,,,,,,,,,,,,,,,,,,,,,,,,,,,,,,,,,,,,,,,,,,,,,,,,,,,,,,,,,
1900,10,22810,96.8,-39.7,,,,,,,,,,,,,,,,,,,,,,,,,,,,,,,,,9.3,9.3,9.3,9.3,1.0,0.0,8.0,1.0,8.62,8.62,8.62,8.62,1.0,0.0,8.0,1.0,3.48,3.48,3.48,3.48,1.0,0.0,8.0,1.0,1021.3,1021.3,1021.3,1021.3,1.0,0.0,8.0,1.0,,,,,,,,,,,,,,,,,,,,,,,,,,,,,,,,,,,,,,,,,,,,,,,,,,,,,,,,,,,,,,,,,,,,,,,,,,,,,,,,,,,,,,,,,,,,,,,,,,,,,,,,,,,,,,,,,,,,,,,,,,,,,,,,
1900,10,22810,98.3,-15.2,,,,,,,,,,,,,,,,,,,,,,,,,,,,,,,,,6.7,6.7,6.7,6.7,1.0,0.0,10.0,1.0,-4.74,-4.74,-4.74,-4.74,1.0,0.0,10.0,1.0,4.74,4.74,4.74,4.74,1.0,0.0,10.0,1.0,1016.2,1016.2,1016.2,1016.2,1.0,0.0,10.0,1.0,,,,,,,,,,,,,,,,,,,,,,,,,,,,,,,,,,,,,,,,,,,,,,,,,,,,,,,,,,,,,,,,,,,,,,,,,,,,,,,,,,,,,,,,,,,,,,,,,,,,,,,,,,,,,,,,,,,,,,,,,,,,,,,,
1900,10,22810,98.5,-43.8,,,,,,,,,,,,,,,,,,,,,,,,,,,,,,,,,15.4,15.4,17.86,16.6,3.0,2.08,14.0,0.3,11.57,15.17,17.59,14.59,3.0,4.43,14.0,0.3,-9.1,-3.3,-2.87,-5.92,3.0,5.1,14.0,0.3,996.78,1004.15,1005.92,1001.48,4.0,6.95,14.0,0.5,,,,,,,,,,,,,,,,,,,,,,,,,,,,,,,,,,,,,,,,,,,,,,,,,,,,,,,,,,,,,,,,,,,,,,,,,,,,,,,,,,,,,,,,,,,,,,,,,,,,,,,,,,,,,,,,,,,,,,,,,,,,,,,,
1900,10,22810,98.5,-1.2,,,,,,,,,,,,,,,,,,,,,,,,,,,,,,,,,0.0,4.6,6.78,4.0,26.0,3.04,16.0,0.4,-1.86,0.0,4.8,1.04,26.0,3.83,16.0,0.4,0.0,1.72,4.6,1.58,26.0,2.74,16.0,0.4,1008.9,1010.0,1011.72,1010.21,24.0,1.76,16.0,0.3,,,,,,,,,,,,,,,,,,,,,,,,,,,,,,,,,,,,,,,,,,,,,,,,,,,,,,,,,,,,,,,,,,,,,,,,,,,,,,,,,,,,,,,,,,,,,,,,,,,,,,,,,,,,,,,,,,,,,,,,,,,,,,,,
1900,10,22810,98.5,4.3,,,,,,,,,,,,,,,,,,,,,,,,,,,,,,,,,0.41,1.3,2.19,1.3,2.0,1.84,28.0,0.5,-0.82,-0.49,-0.15,-0.49,2.0,0.69,28.0,0.5,0.38,1.21,2.03,1.21,2.0,1.7,28.0,0.5,1008.43,1009.35,1010.27,1009.35,2.0,1.91,28.0,0.5,,,,,,,,,,,,,,,,,,,,,,,,,,,,,,,,,,,,,,,,,,,,,,,,,,,,,,,,,,,,,,,,,,,,,,,,,,,,,,,,,,,,,,,,,,,,,,,,,,,,,,,,,,,,,,,,,,,,,,,,,,,,,,,,
1900,10,22810,98.6,-45.3,,,,,,,,,,,,,,,,,,,,,,,,,,,,,,,,,13.28,15.4,15.4,14.37,3.0,1.79,24.0,0.3,12.9,14.18,15.01,13.96,3.0,1.56,24.0,0.3,-4.11,0.0,0.0,-2.01,3.0,3.47,24.0,0.3,1002.49,1002.9,1003.31,1002.9,2.0,0.85,30.0,0.0,,,,,,,,,,,,,,,,,,,,,,,,,,,,,,,,,,,,,,,,,,,,,,,,,,,,,,,,,,,,,,,,,,,,,,,,,,,,,,,,,,,,,,,,,,,,,,,,,,,,,,,,,,,,,,,,,,,,,,,,,,,,,,,,
1900,10,22810,98.8,-41.2,,,,,,,,,,,,,,,,,,,,,,,,,,,,,,,,,6.7,6.7,6.7,6.7,1.0,0.0,30.0,1.0,6.7,6.7,6.7,6.7,1.0,0.0,30.0,1.0,0.0,0.0,0.0,0.0,1.0,0.0,30.0,1.0,1007.7,1007.7,1007.7,1007.7,1.0,0.0,30.0,1.0,,,,,,,,,,,,,,,,,,,,,,,,,,,,,,,,,,,,,,,,,,,,,,,,,,,,,,,,,,,,,,,,,,,,,,,,,,,,,,,,,,,,,,,,,,,,,,,,,,,,,,,,,,,,,,,,,,,,,,,,,,,,,,,,
1900,10,22810,98.8,-33.2,,,,,,,,,,,,,,,,,,,,,,,,,,,,,,,,,12.3,12.3,12.3,12.3,1.0,0.0,30.0,1.0,-4.61,-4.61,-4.61,-4.61,1.0,0.0,30.0,1.0,11.4,11.4,11.4,11.4,1.0,0.0,30.0,1.0,1028.2,1028.2,1028.2,1028.2,1.0,0.0,30.0,1.0,,,,,,,,,,,,,,,,,,,,,,,,,,,,,,,,,,,,,,,,,,,,,,,,,,,,,,,,,,,,,,,,,,,,,,,,,,,,,,,,,,,,,,,,,,,,,,,,,,,,,,,,,,,,,,,,,,,,,,,,,,,,,,,,
1900,10,22810,98.8,2.8,,,,,,,,,,,,,,,,,,,,,,,,,,,,,,,,,2.6,2.6,2.6,2.6,1.0,0.0,28.0,0.0,-1.84,-1.84,-1.84,-1.84,1.0,0.0,28.0,0.0,1.84,1.84,1.84,1.84,1.0,0.0,28.0,0.0,1010.7,1010.7,1010.7,1010.7,1.0,0.0,28.0,0.0,,,,,,,,,,,,,,,,,,,,,,,,,,,,,,,,,,,,,,,,,,,,,,,,,,,,,,,,,,,,,,,,,,,,,,,,,,,,,,,,,,,,,,,,,,,,,,,,,,,,,,,,,,,,,,,,,,,,,,,,,,,,,,,,
1900,10,22810,100.3,-1.7,,,,,,,,,,,,,,,,,,,,,,,,,,,,,,,,,1.0,2.6,4.6,3.04,14.0,2.07,18.0,0.4,-2.59,-0.5,0.69,-0.46,14.0,2.43,18.0,0.4,-0.94,0.81,2.47,0.25,14.0,2.84,18.0,0.4,1007.65,1009.9,1013.02,1010.02,13.0,2.73,18.0,0.4,,,,,,,,,,,,,,,,,,,,,,,,,,,,,,,,,,,,,,,,,,,,,,,,,,,,,,,,,,,,,,,,,,,,,,,,,,,,,,,,,,,,,,,,,,,,,,,,,,,,,,,,,,,,,,,,,,,,,,,,,,,,,,,,
1900,10,22810,100.3,4.8,,,,,,,,,,,,,,,,,,,,,,,,,,,,,,,,,2.6,2.6,2.6,2.6,1.0,0.0,10.0,1.0,-2.6,-2.6,-2.6,-2.6,1.0,0.0,10.0,1.0,0.0,0.0,0.0,0.0,1.0,0.0,10.0,1.0,1010.3,1010.3,1010.3,1010.3,1.0,0.0,10.0,1.0,,,,,,,,,,,,,,,,,,,,,,,,,,,,,,,,,,,,,,,,,,,,,,,,,,,,,,,,,,,,,,,,,,,,,,,,,,,,,,,,,,,,,,,,,,,,,,,,,,,,,,,,,,,,,,,,,,,,,,,,,,,,,,,,
1900,10,22810,100.5,-43.6,,,,,,,,,,,,,,,,,,,,,,,,,,,,,,,,,11.41,15.95,20.49,15.95,2.0,9.4,8.0,0.5,10.73,15.41,20.08,15.41,2.0,9.68,8.0,0.5,-3.88,-3.78,-3.68,-3.78,2.0,0.21,8.0,0.5,998.3,998.3,998.3,998.3,1.0,0.0,14.0,0.0,,,,,,,,,,,,,,,,,,,,,,,,,,,,,,,,,,,,,,,,,,,,,,,,,,,,,,,,,,,,,,,,,,,,,,,,,,,,,,,,,,,,,,,,,,,,,,,,,,,,,,,,,,,,,,,,,,,,,,,,,,,,,,,,
1900,10,22810,100.5,2.5,,,,,,,,,,,,,,,,,,,,,,,,,,,,,,,,,1.0,2.6,4.6,3.12,11.0,2.0,16.0,0.9,-2.75,-0.71,0.0,-1.2,11.0,1.38,16.0,0.9,0.71,1.84,4.4,2.42,11.0,2.19,16.0,0.9,1008.99,1010.4,1011.63,1010.34,9.0,1.33,18.0,0.9,,,,,,,,,,,,,,,,,,,,,,,,,,,,,,,,,,,,,,,,,,,,,,,,,,,,,,,,,,,,,,,,,,,,,,,,,,,,,,,,,,,,,,,,,,,,,,,,,,,,,,,,,,,,,,,,,,,,,,,,,,,,,,,,
1900,10,22810,100.6,-45.0,,,,,,,,,,,,,,,,,,,,,,,,,,,,,,,,,15.4,15.4,15.4,15.4,1.0,0.0,14.0,1.0,5.27,5.27,5.27,5.27,1.0,0.0,14.0,1.0,-14.47,-14.47,-14.47,-14.47,1.0,0.0,14.0,1.0,997.2,997.2,997.2,997.2,1.0,0.0,14.0,1.0,,,,,,,,,,,,,,,,,,,,,,,,,,,,,,,,,,,,,,,,,,,,,,,,,,,,,,,,,,,,,,,,,,,,,,,,,,,,,,,,,,,,,,,,,,,,,,,,,,,,,,,,,,,,,,,,,,,,,,,,,,,,,,,,
1900,10,22810,100.6,-3.5,,,,,,,,,,,,,,,,,,,,,,,,,,,,,,,,,1.0,2.6,6.7,3.65,33.0,2.45,16.0,0.5,-2.54,0.0,1.84,-0.47,33.0,2.83,16.0,0.5,0.0,2.41,4.73,2.64,33.0,2.08,16.0,0.5,1007.88,1010.3,1012.87,1010.29,29.0,2.35,16.0,0.4,,,,,,,,,,,,,,,,,,,,,,,,,,,,,,,,,,,,,,,,,,,,,,,,,,,,,,,,,,,,,,,,,,,,,,,,,,,,,,,,,,,,,,,,,,,,,,,,,,,,,,,,,,,,,,,,,,,,,,,,,,,,,,,,
1900,10,22810,102.3,-43.7,,,,,,,,,,,,,,,,,,,,,,,,,,,,,,,,,19.0,19.0,19.0,19.0,1.0,0.0,14.0,1.0,19.0,19.0,19.0,19.0,1.0,0.0,14.0,1.0,0.0,0.0,0.0,0.0,1.0,0.0,14.0,1.0,996.8,996.8,996.8,996.8,1.0,0.0,14.0,1.0,,,,,,,,,,,,,,,,,,,,,,,,,,,,,,,,,,,,,,,,,,,,,,,,,,,,,,,,,,,,,,,,,,,,,,,,,,,,,,,,,,,,,,,,,,,,,,,,,,,,,,,,,,,,,,,,,,,,,,,,,,,,,,,,
1900,10,22810,102.3,-39.7,,,,,,,,,,,,,,,,,,,,,,,,,,,,,,,,,15.4,15.4,15.4,15.4,1.0,0.0,10.0,1.0,14.18,14.18,14.18,14.18,1.0,0.0,10.0,1.0,-6.02,-6.02,-6.02,-6.02,1.0,0.0,10.0,1.0,1010.3,1010.3,1010.3,1010.3,1.0,0.0,10.0,1.0,,,,,,,,,,,,,,,,,,,,,,,,,,,,,,,,,,,,,,,,,,,,,,,,,,,,,,,,,,,,,,,,,,,,,,,,,,,,,,,,,,,,,,,,,,,,,,,,,,,,,,,,,,,,,,,,,,,,,,,,,,,,,,,,
1900,10,22810,102.3,-31.2,,,,,,,,,,,,,,,,,,,,,,,,,,,,,,,,,6.7,6.7,6.7,6.7,1.0,0.0,30.0,1.0,-4.74,-4.74,-4.74,-4.74,1.0,0.0,30.0,1.0,4.74,4.74,4.74,4.74,1.0,0.0,30.0,1.0,1026.4,1026.4,1026.4,1026.4,1.0,0.0,30.0,1.0,,,,,,,,,,,,,,,,,,,,,,,,,,,,,,,,,,,,,,,,,,,,,,,,,,,,,,,,,,,,,,,,,,,,,,,,,,,,,,,,,,,,,,,,,,,,,,,,,,,,,,,,,,,,,,,,,,,,,,,,,,,,,,,,
1900,10,22810,102.3,-19.2,,,,,,,,,,,,,,,,,,,,,,,,,,,,,,,,,6.7,6.7,6.7,6.7,1.0,0.0,8.0,1.0,-4.74,-4.74,-4.74,-4.74,1.0,0.0,8.0,1.0,4.74,4.74,4.74,4.74,1.0,0.0,8.0,1.0,1019.8,1019.8,1019.8,1019.8,1.0,0.0,8.0,1.0,,,,,,,,,,,,,,,,,,,,,,,,,,,,,,,,,,,,,,,,,,,,,,,,,,,,,,,,,,,,,,,,,,,,,,,,,,,,,,,,,,,,,,,,,,,,,,,,,,,,,,,,,,,,,,,,,,,,,,,,,,,,,,,,
1900,10,22810,102.3,2.3,,,,,,,,,,,,,,,,,,,,,,,,,,,,,,,,,2.6,2.6,3.97,3.27,3.0,1.15,16.0,0.7,-2.8,-1.84,-1.25,-2.02,3.0,1.15,16.0,0.7,2.02,2.41,2.99,2.5,3.0,0.71,16.0,0.7,1009.56,1010.75,1011.94,1010.75,2.0,2.47,16.0,0.5,,,,,,,,,,,,,,,,,,,,,,,,,,,,,,,,,,,,,,,,,,,,,,,,,,,,,,,,,,,,,,,,,,,,,,,,,,,,,,,,,,,,,,,,,,,,,,,,,,,,,,,,,,,,,,,,,,,,,,,,,,,,,,,,
1900,10,22810,102.5,-5.5,,,,,,,,,,,,,,,,,,,,,,,,,,,,,,,,,2.6,4.6,6.7,4.86,42.0,2.26,18.0,0.5,-4.74,-2.55,1.4,-1.88,42.0,3.17,18.0,0.5,-1.39,2.94,4.74,2.08,42.0,3.34,18.0,0.5,1008.6,1010.4,1012.66,1010.43,35.0,2.02,18.0,0.5,,,,,,,,,,,,,,,,,,,,,,,,,,,,,,,,,,,,,,,,,,,,,,,,,,,,,,,,,,,,,,,,,,,,,,,,,,,,,,,,,,,,,,,,,,,,,,,,,,,,,,,,,,,,,,,,,,,,,,,,,,,,,,,,
1900,10,22810,102.5,0.8,,,,,,,,,,,,,,,,,,,,,,,,,,,,,,,,,1.0,1.0,1.0,1.0,2.0,0.0,30.0,0.0,-0.93,-0.92,-0.92,-0.92,2.0,0.0,30.0,0.0,-0.25,0.01,0.27,0.01,2.0,0.54,30.0,0.0,1010.6,1010.6,1010.6,1010.6,2.0,0.0,30.0,0.0,,,,,,,,,,,,,,,,,,,,,,,,,,,,,,,,,,,,,,,,,,,,,,,,,,,,,,,,,,,,,,,,,,,,,,,,,,,,,,,,,,,,,,,,,,,,,,,,,,,,,,,,,,,,,,,,,,,,,,,,,,,,,,,,
1900,10,22810,102.6,-45.1,,,,,,,,,,,,,,,,,,,,,,,,,,,,,,,,,10.73,12.3,15.81,13.23,4.0,4.1,16.0,0.8,10.02,11.93,15.66,12.8,4.0,4.25,16.0,0.8,-2.2,1.65,3.4,0.64,4.0,3.61,16.0,0.8,996.35,997.85,1000.92,998.6,4.0,3.43,16.0,0.8,,,,,,,,,,,,,,,,,,,,,,,,,,,,,,,,,,,,,,,,,,,,,,,,,,,,,,,,,,,,,,,,,,,,,,,,,,,,,,,,,,,,,,,,,,,,,,,,,,,,,,,,,,,,,,,,,,,,,,,,,,,,,,,,
1900,10,22810,102.8,-41.2,,,,,,,,,,,,,,,,,,,,,,,,,,,,,,,,,9.3,9.3,9.3,9.3,1.0,0.0,30.0,1.0,9.3,9.3,9.3,9.3,1.0,0.0,30.0,1.0,0.0,0.0,0.0,0.0,1.0,0.0,30.0,1.0,1012.7,1012.7,1012.7,1012.7,1.0,0.0,30.0,1.0,,,,,,,,,,,,,,,,,,,,,,,,,,,,,,,,,,,,,,,,,,,,,,,,,,,,,,,,,,,,,,,,,,,,,,,,,,,,,,,,,,,,,,,,,,,,,,,,,,,,,,,,,,,,,,,,,,,,,,,,,,,,,,,,
1900,10,22810,104.3,-7.2,,,,,,,,,,,,,,,,,,,,,,,,,,,,,,,,,4.93,5.65,6.37,5.65,2.0,1.48,22.0,1.0,-4.5,-4.0,-3.49,-4.0,2.0,1.05,22.0,1.0,3.49,4.0,4.5,4.0,2.0,1.05,22.0,1.0,1011.6,1011.6,1011.6,1011.6,1.0,0.0,22.0,1.0,,,,,,,,,,,,,,,,,,,,,,,,,,,,,,,,,,,,,,,,,,,,,,,,,,,,,,,,,,,,,,,,,,,,,,,,,,,,,,,,,,,,,,,,,,,,,,,,,,,,,,,,,,,,,,,,,,,,,,,,,,,,,,,,
1900,10,22810,104.3,-5.7,,,,,,,,,,,,,,,,,,,,,,,,,,,,,,,,,2.52,4.6,6.82,4.77,7.0,2.68,16.0,0.4,-3.26,-1.72,-1.0,-2.1,7.0,1.01,16.0,0.4,2.3,4.27,6.33,4.15,7.0,2.75,16.0,0.4,1008.8,1011.0,1011.72,1010.52,6.0,1.52,16.0,0.3,,,,,,,,,,,,,,,,,,,,,,,,,,,,,,,,,,,,,,,,,,,,,,,,,,,,,,,,,,,,,,,,,,,,,,,,,,,,,,,,,,,,,,,,,,,,,,,,,,,,,,,,,,,,,,,,,,,,,,,,,,,,,,,,
1900,10,22810,104.3,0.8,,,,,,,,,,,,,,,,,,,,,,,,,,,,,,,,,1.24,2.6,3.65,2.45,4.0,1.89,12.0,1.0,-3.46,-1.3,1.26,-1.11,4.0,2.92,12.0,1.0,0.0,0.49,1.41,0.69,4.0,0.87,12.0,1.0,1009.14,1010.3,1010.37,1009.77,3.0,1.01,14.0,1.0,,,,,,,,,,,,,,,,,,,,,,,,,,,,,,,,,,,,,,,,,,,,,,,,,,,,,,,,,,,,,,,,,,,,,,,,,,,,,,,,,,,,,,,,,,,,,,,,,,,,,,,,,,,,,,,,,,,,,,,,,,,,,,,,
1900,10,22810,104.6,-45.2,,,,,,,,,,,,,,,,,,,,,,,,,,,,,,,,,12.3,12.3,16.87,14.53,3.0,3.87,14.0,0.3,5.38,7.91,15.48,10.37,3.0,7.7,14.0,0.3,-10.88,-9.42,-2.99,-6.99,3.0,6.15,14.0,0.3,994.82,995.95,997.08,995.95,2.0,2.33,14.0,0.0,,,,,,,,,,,,,,,,,,,,,,,,,,,,,,,,,,,,,,,,,,,,,,,,,,,,,,,,,,,,,,,,,,,,,,,,,,,,,,,,,,,,,,,,,,,,,,,,,,,,,,,,,,,,,,,,,,,,,,,,,,,,,,,,
1900,10,22810,104.6,2.6,,,,,,,,,,,,,,,,,,,,,,,,,,,,,,,,,1.51,2.6,2.6,2.07,3.0,0.92,22.0,1.0,-1.03,0.71,0.92,-0.04,3.0,1.57,22.0,1.0,1.07,1.84,2.22,1.65,3.0,0.86,22.0,1.0,1010.41,1011.3,1012.19,1011.3,2.0,1.84,26.0,1.0,,,,,,,,,,,,,,,,,,,,,,,,,,,,,,,,,,,,,,,,,,,,,,,,,,,,,,,,,,,,,,,,,,,,,,,,,,,,,,,,,,,,,,,,,,,,,,,,,,,,,,,,,,,,,,,,,,,,,,,,,,,,,,,,
1900,10,22810,104.8,-43.7,,,,,,,,,,,,,,,,,,,,,,,,,,,,,,,,,15.4,15.4,15.4,15.4,1.0,0.0,16.0,1.0,14.28,14.28,14.28,14.28,1.0,0.0,16.0,1.0,5.77,5.77,5.77,5.77,1.0,0.0,16.0,1.0,998.7,998.7,998.7,998.7,1.0,0.0,16.0,1.0,,,,,,,,,,,,,,,,,,,,,,,,,,,,,,,,,,,,,,,,,,,,,,,,,,,,,,,,,,,,,,,,,,,,,,,,,,,,,,,,,,,,,,,,,,,,,,,,,,,,,,,,,,,,,,,,,,,,,,,,,,,,,,,,
1900,10,22810,104.8,-23.2,,,,,,,,,,,,,,,,,,,,,,,,,,,,,,,,,4.6,4.6,4.6,4.6,1.0,0.0,8.0,1.0,-3.25,-3.25,-3.25,-3.25,1.0,0.0,8.0,1.0,3.25,3.25,3.25,3.25,1.0,0.0,8.0,1.0,1021.6,1021.6,1021.6,1021.6,1.0,0.0,8.0,1.0,,,,,,,,,,,,,,,,,,,,,,,,,,,,,,,,,,,,,,,,,,,,,,,,,,,,,,,,,,,,,,,,,,,,,,,,,,,,,,,,,,,,,,,,,,,,,,,,,,,,,,,,,,,,,,,,,,,,,,,,,,,,,,,,
1900,10,22810,104.8,4.4,,,,,,,,,,,,,,,,,,,,,,,,,,,,,,,,,2.6,2.6,3.97,3.27,3.0,1.15,8.0,1.0,-1.64,1.84,2.22,0.33,3.0,3.11,8.0,1.0,-2.54,-1.02,0.93,-0.81,3.0,2.55,8.0,1.0,1008.8,1009.0,1009.2,1009.0,2.0,0.42,6.0,1.0,,,,,,,,,,,,,,,,,,,,,,,,,,,,,,,,,,,,,,,,,,,,,,,,,,,,,,,,,,,,,,,,,,,,,,,,,,,,,,,,,,,,,,,,,,,,,,,,,,,,,,,,,,,,,,,,,,,,,,,,,,,,,,,,
1900,10,22810,106.3,-39.2,,,,,,,,,,,,,,,,,,,,,,,,,,,,,,,,,9.3,9.3,9.3,9.3,1.0,0.0,10.0,1.0,8.62,8.62,8.62,8.62,1.0,0.0,10.0,1.0,3.48,3.48,3.48,3.48,1.0,0.0,10.0,1.0,1007.8,1007.8,1007.8,1007.8,1.0,0.0,10.0,1.0,,,,,,,,,,,,,,,,,,,,,,,,,,,,,,,,,,,,,,,,,,,,,,,,,,,,,,,,,,,,,,,,,,,,,,,,,,,,,,,,,,,,,,,,,,,,,,,,,,,,,,,,,,,,,,,,,,,,,,,,,,,,,,,,
1900,10,22810,106.4,-43.7,,,,,,,,,,,,,,,,,,,,,,,,,,,,,,,,,10.25,12.3,14.42,12.33,3.0,3.05,10.0,1.0,3.67,11.56,11.72,7.79,3.0,6.74,10.0,1.0,-7.68,-4.21,5.42,-1.2,3.0,9.95,10.0,1.0,998.4,998.4,998.4,998.4,1.0,0.0,16.0,1.0,,,,,,,,,,,,,,,,,,,,,,,,,,,,,,,,,,,,,,,,,,,,,,,,,,,,,,,,,,,,,,,,,,,,,,,,,,,,,,,,,,,,,,,,,,,,,,,,,,,,,,,,,,,,,,,,,,,,,,,,,,,,,,,,
1900,10,22810,106.4,0.4,,,,,,,,,,,,,,,,,,,,,,,,,,,,,,,,,1.0,4.6,4.6,3.4,9.0,1.8,14.0,0.3,-0.37,2.3,3.52,1.5,9.0,2.61,14.0,0.3,-2.96,0.0,0.98,-0.75,9.0,2.51,14.0,0.3,1008.21,1009.0,1010.11,1009.1,10.0,1.33,16.0,0.3,,,,,,,,,,,,,,,,,,,,,,,,,,,,,,,,,,,,,,,,,,,,,,,,,,,,,,,,,,,,,,,,,,,,,,,,,,,,,,,,,,,,,,,,,,,,,,,,,,,,,,,,,,,,,,,,,,,,,,,,,,,,,,,,
1900,10,22810,106.4,2.3,,,,,,,,,,,,,,,,,,,,,,,,,,,,,,,,,1.0,2.6,2.6,2.25,8.0,1.24,14.0,0.9,-0.91,0.32,1.84,0.27,8.0,1.86,14.0,0.9,-0.71,0.96,2.35,0.93,8.0,1.67,14.0,0.9,1008.96,1009.1,1011.0,1009.76,11.0,1.27,16.0,0.6,,,,,,,,,,,,,,,,,,,,,,,,,,,,,,,,,,,,,,,,,,,,,,,,,,,,,,,,,,,,,,,,,,,,,,,,,,,,,,,,,,,,,,,,,,,,,,,,,,,,,,,,,,,,,,,,,,,,,,,,,,,,,,,,
1900,10,22810,106.4,4.6,,,,,,,,,,,,,,,,,,,,,,,,,,,,,,,,,1.0,2.6,4.38,2.5,8.0,1.49,8.0,0.8,0.0,0.55,1.02,0.74,8.0,1.8,8.0,0.8,-2.42,0.35,2.23,-0.18,8.0,2.34,8.0,0.8,1008.35,1009.2,1009.51,1008.91,7.0,0.83,8.0,0.7,,,,,,,,,,,,,,,,,,,,,,,,,,,,,,,,,,,,,,,,,,,,,,,,,,,,,,,,,,,,,,,,,,,,,,,,,,,,,,,,,,,,,,,,,,,,,,,,,,,,,,,,,,,,,,,,,,,,,,,,,,,,,,,,
1900,10,22810,106.6,-5.2,,,,,,,,,,,,,,,,,,,,,,,,,,,,,,,,,1.51,2.6,7.17,4.3,3.0,4.4,22.0,1.0,-6.61,-2.41,-0.77,-3.66,3.0,4.41,22.0,1.0,-0.35,1.0,2.8,1.22,3.0,2.31,22.0,1.0,1010.14,1011.1,1011.24,1010.7,3.0,0.87,22.0,1.0,,,,,,,,,,,,,,,,,,,,,,,,,,,,,,,,,,,,,,,,,,,,,,,,,,,,,,,,,,,,,,,,,,,,,,,,,,,,,,,,,,,,,,,,,,,,,,,,,,,,,,,,,,,,,,,,,,,,,,,,,,,,,,,,
1900,10,22810,106.6,6.4,,,,,,,,,,,,,,,,,,,,,,,,,,,,,,,,,0.63,4.6,5.37,3.38,5.0,2.79,14.0,1.0,-3.34,-0.93,1.19,-0.98,5.0,2.94,14.0,1.0,-2.49,0.0,1.19,-0.66,5.0,3.41,14.0,1.0,1010.03,1010.8,1011.73,1010.88,4.0,1.13,14.0,1.0,,,,,,,,,,,,,,,,,,,,,,,,,,,,,,,,,,,,,,,,,,,,,,,,,,,,,,,,,,,,,,,,,,,,,,,,,,,,,,,,,,,,,,,,,,,,,,,,,,,,,,,,,,,,,,,,,,,,,,,,,,,,,,,,
1900,10,22810,106.8,-45.2,,,,,,,,,,,,,,,,,,,,,,,,,,,,,,,,,26.8,26.8,26.8,26.8,1.0,0.0,22.0,1.0,24.85,24.85,24.85,24.85,1.0,0.0,22.0,1.0,10.04,10.04,10.04,10.04,1.0,0.0,22.0,1.0,996.4,996.4,996.4,996.4,1.0,0.0,22.0,1.0,,,,,,,,,,,,,,,,,,,,,,,,,,,,,,,,,,,,,,,,,,,,,,,,,,,,,,,,,,,,,,,,,,,,,,,,,,,,,,,,,,,,,,,,,,,,,,,,,,,,,,,,,,,,,,,,,,,,,,,,,,,,,,,,
1900,10,22810,106.8,-3.4,,,,,,,,,,,,,,,,,,,,,,,,,,,,,,,,,1.18,4.6,4.6,3.45,8.0,1.66,20.0,0.8,-3.96,-0.46,0.89,-0.86,8.0,2.55,20.0,0.8,0.55,2.2,4.15,2.34,8.0,1.67,20.0,0.8,1009.91,1010.1,1010.9,1010.38,8.0,1.22,20.0,0.8,,,,,,,,,,,,,,,,,,,,,,,,,,,,,,,,,,,,,,,,,,,,,,,,,,,,,,,,,,,,,,,,,,,,,,,,,,,,,,,,,,,,,,,,,,,,,,,,,,,,,,,,,,,,,,,,,,,,,,,,,,,,,,,,
1900,10,22810,106.8,-1.5,,,,,,,,,,,,,,,,,,,,,,,,,,,,,,,,,2.92,4.6,4.6,3.68,5.0,2.06,10.0,0.8,-3.61,-3.25,1.55,-1.3,5.0,3.48,10.0,0.8,-0.66,1.8,3.25,1.3,5.0,2.19,10.0,0.8,1009.68,1010.6,1011.08,1010.36,5.0,1.06,10.0,0.8,,,,,,,,,,,,,,,,,,,,,,,,,,,,,,,,,,,,,,,,,,,,,,,,,,,,,,,,,,,,,,,,,,,,,,,,,,,,,,,,,,,,,,,,,,,,,,,,,,,,,,,,,,,,,,,,,,,,,,,,,,,,,,,,
1900,10,22810,106.8,8.8,,,,,,,,,,,,,,,,,,,,,,,,,,,,,,,,,2.6,2.6,2.6,2.6,1.0,0.0,4.0,1.0,2.39,2.39,2.39,2.39,1.0,0.0,4.0,1.0,-1.02,-1.02,-1.02,-1.02,1.0,0.0,4.0,1.0,1009.3,1009.3,1009.3,1009.3,1.0,0.0,4.0,1.0,,,,,,,,,,,,,,,,,,,,,,,,,,,,,,,,,,,,,,,,,,,,,,,,,,,,,,,,,,,,,,,,,,,,,,,,,,,,,,,,,,,,,,,,,,,,,,,,,,,,,,,,,,,,,,,,,,,,,,,,,,,,,,,,
1900,10,22810,108.1,0.1,,,,,,,,,,,,,,,,,,,,,,,,,,,,,,,,,4.93,5.65,6.37,5.65,2.0,1.48,24.0,1.0,4.87,5.45,6.03,5.45,2.0,1.2,24.0,1.0,-1.93,-1.15,-0.36,-1.15,2.0,1.62,24.0,1.0,1009.3,1009.95,1010.6,1009.95,2.0,1.34,24.0,1.0,,,,,,,,,,,,,,,,,,,,,,,,,,,,,,,,,,,,,,,,,,,,,,,,,,,,,,,,,,,,,,,,,,,,,,,,,,,,,,,,,,,,,,,,,,,,,,,,,,,,,,,,,,,,,,,,,,,,,,,,,,,,,,,,
1900,10,22810,108.1,2.3,,,,,,,,,,,,,,,,,,,,,,,,,,,,,,,,,1.0,4.6,4.6,3.25,15.0,2.02,20.0,0.5,-3.19,-1.0,3.1,-0.47,15.0,3.25,20.0,0.5,-3.11,0.0,1.42,-0.59,15.0,2.06,20.0,0.5,1006.38,1008.0,1009.45,1007.99,16.0,1.44,20.0,0.5,,,,,,,,,,,,,,,,,,,,,,,,,,,,,,,,,,,,,,,,,,,,,,,,,,,,,,,,,,,,,,,,,,,,,,,,,,,,,,,,,,,,,,,,,,,,,,,,,,,,,,,,,,,,,,,,,,,,,,,,,,,,,,,,
1900,10,22810,108.4,4.2,,,,,,,,,,,,,,,,,,,,,,,,,,,,,,,,,2.45,4.6,6.7,4.0,13.0,2.29,16.0,0.4,0.0,3.98,5.84,3.09,13.0,2.7,16.0,0.4,-0.19,1.3,2.59,1.11,13.0,1.89,16.0,0.4,1006.0,1007.4,1008.1,1007.34,13.0,1.37,16.0,0.4,,,,,,,,,,,,,,,,,,,,,,,,,,,,,,,,,,,,,,,,,,,,,,,,,,,,,,,,,,,,,,,,,,,,,,,,,,,,,,,,,,,,,,,,,,,,,,,,,,,,,,,,,,,,,,,,,,,,,,,,,,,,,,,,
1900,10,22810,108.5,-43.6,,,,,,,,,,,,,,,,,,,,,,,,,,,,,,,,,6.66,15.4,17.86,12.33,3.0,8.62,12.0,0.7,2.82,14.47,14.53,8.81,3.0,9.88,12.0,0.7,1.67,5.27,10.01,5.83,3.0,6.13,12.0,0.7,1003.92,1005.9,1007.88,1005.9,2.0,4.1,16.0,0.5,,,,,,,,,,,,,,,,,,,,,,,,,,,,,,,,,,,,,,,,,,,,,,,,,,,,,,,,,,,,,,,,,,,,,,,,,,,,,,,,,,,,,,,,,,,,,,,,,,,,,,,,,,,,,,,,,,,,,,,,,,,,,,,,
1900,10,22810,108.5,6.4,,,,,,,,,,,,,,,,,,,,,,,,,,,,,,,,,2.6,2.6,5.13,3.65,12.0,1.78,12.0,0.5,-0.18,1.57,4.49,1.77,12.0,2.4,12.0,0.5,-4.07,-2.43,0.97,-1.77,12.0,2.26,12.0,0.5,1005.0,1006.0,1008.88,1006.98,12.0,1.98,12.0,0.5,,,,,,,,,,,,,,,,,,,,,,,,,,,,,,,,,,,,,,,,,,,,,,,,,,,,,,,,,,,,,,,,,,,,,,,,,,,,,,,,,,,,,,,,,,,,,,,,,,,,,,,,,,,,,,,,,,,,,,,,,,,,,,,,
1900,10,22810,108.5,10.5,,,,,,,,,,,,,,,,,,,,,,,,,,,,,,,,,3.55,5.65,6.7,5.15,4.0,1.97,18.0,1.0,-1.7,0.0,0.0,-0.81,4.0,1.63,18.0,1.0,-5.06,-2.93,2.27,-1.46,4.0,5.73,18.0,1.0,1007.47,1010.7,1013.09,1010.3,4.0,3.52,18.0,1.0,,,,,,,,,,,,,,,,,,,,,,,,,,,,,,,,,,,,,,,,,,,,,,,,,,,,,,,,,,,,,,,,,,,,,,,,,,,,,,,,,,,,,,,,,,,,,,,,,,,,,,,,,,,,,,,,,,,,,,,,,,,,,,,,
1900,10,22810,108.6,8.4,,,,,,,,,,,,,,,,,,,,,,,,,,,,,,,,,2.6,6.7,9.3,6.83,12.0,3.21,10.0,0.8,0.0,1.84,7.19,2.97,12.0,4.36,10.0,0.8,-8.75,0.0,2.76,-2.02,12.0,5.31,10.0,0.8,1005.92,1007.8,1008.48,1007.38,11.0,1.38,8.0,0.7,,,,,,,,,,,,,,,,,,,,,,,,,,,,,,,,,,,,,,,,,,,,,,,,,,,,,,,,,,,,,,,,,,,,,,,,,,,,,,,,,,,,,,,,,,,,,,,,,,,,,,,,,,,,,,,,,,,,,,,,,,,,,,,,
1900,10,22810,108.8,-37.7,,,,,,,,,,,,,,,,,,,,,,,,,,,,,,,,,4.6,4.6,4.6,4.6,1.0,0.0,12.0,1.0,4.6,4.6,4.6,4.6,1.0,0.0,12.0,1.0,0.0,0.0,0.0,0.0,1.0,0.0,12.0,1.0,1021.5,1021.5,1021.5,1021.5,1.0,0.0,12.0,1.0,,,,,,,,,,,,,,,,,,,,,,,,,,,,,,,,,,,,,,,,,,,,,,,,,,,,,,,,,,,,,,,,,,,,,,,,,,,,,,,,,,,,,,,,,,,,,,,,,,,,,,,,,,,,,,,,,,,,,,,,,,,,,,,,
1900,10,22810,108.8,-25.7,,,,,,,,,,,,,,,,,,,,,,,,,,,,,,,,,4.6,4.6,4.6,4.6,1.0,0.0,6.0,1.0,3.25,3.25,3.25,3.25,1.0,0.0,6.0,1.0,3.25,3.25,3.25,3.25,1.0,0.0,6.0,1.0,1017.2,1017.2,1017.2,1017.2,1.0,0.0,6.0,1.0,,,,,,,,,,,,,,,,,,,,,,,,,,,,,,,,,,,,,,,,,,,,,,,,,,,,,,,,,,,,,,,,,,,,,,,,,,,,,,,,,,,,,,,,,,,,,,,,,,,,,,,,,,,,,,,,,,,,,,,,,,,,,,,,
1900,10,22810,110.0,4.0,,,,,,,,,,,,,,,,,,,,,,,,,,,,,,,,,4.6,4.6,4.6,4.6,1.0,0.0,18.0,0.0,4.6,4.6,4.6,4.6,1.0,0.0,18.0,0.0,0.0,0.0,0.0,0.0,1.0,0.0,18.0,0.0,1007.0,1007.0,1007.0,1007.0,1.0,0.0,18.0,0.0,,,,,,,,,,,,,,,,,,,,,,,,,,,,,,,,,,,,,,,,,,,,,,,,,,,,,,,,,,,,,,,,,,,,,,,,,,,,,,,,,,,,,,,,,,,,,,,,,,,,,,,,,,,,,,,,,,,,,,,,,,,,,,,,
1900,10,22810,110.1,2.6,,,,,,,,,,,,,,,,,,,,,,,,,,,,,,,,,4.6,4.6,4.6,4.6,2.0,0.0,18.0,1.0,4.32,4.43,4.55,4.43,2.0,0.24,18.0,1.0,0.27,0.86,1.45,0.86,2.0,1.22,18.0,1.0,1006.11,1006.35,1006.59,1006.35,2.0,0.49,18.0,1.0,,,,,,,,,,,,,,,,,,,,,,,,,,,,,,,,,,,,,,,,,,,,,,,,,,,,,,,,,,,,,,,,,,,,,,,,,,,,,,,,,,,,,,,,,,,,,,,,,,,,,,,,,,,,,,,,,,,,,,,,,,,,,,,,
1900,10,22810,110.1,8.4,,,,,,,,,,,,,,,,,,,,,,,,,,,,,,,,,3.55,5.65,8.06,5.8,4.0,2.87,14.0,0.5,-3.07,-2.37,-1.09,-2.09,4.0,1.52,14.0,0.5,-7.48,-5.45,-1.72,-4.64,4.0,4.03,14.0,0.5,1006.0,1006.95,1007.95,1006.98,4.0,1.13,14.0,0.5,,,,,,,,,,,,,,,,,,,,,,,,,,,,,,,,,,,,,,,,,,,,,,,,,,,,,,,,,,,,,,,,,,,,,,,,,,,,,,,,,,,,,,,,,,,,,,,,,,,,,,,,,,,,,,,,,,,,,,,,,,,,,,,,
1900,10,22810,110.4,-43.6,,,,,,,,,,,,,,,,,,,,,,,,,,,,,,,,,12.3,12.3,12.3,12.3,4.0,0.0,12.0,0.5,5.5,11.56,11.95,8.85,4.0,5.91,12.0,0.5,-6.44,2.1,4.21,-0.97,4.0,7.81,12.0,0.5,1011.58,1012.4,1016.63,1014.07,3.0,3.97,16.0,0.3,,,,,,,,,,,,,,,,,,,,,,,,,,,,,,,,,,,,,,,,,,,,,,,,,,,,,,,,,,,,,,,,,,,,,,,,,,,,,,,,,,,,,,,,,,,,,,,,,,,,,,,,,,,,,,,,,,,,,,,,,,,,,,,,
1900,10,22810,110.4,14.5,,,,,,,,,,,,,,,,,,,,,,,,,,,,,,,,,4.6,5.65,6.7,5.65,4.0,1.21,14.0,1.0,-3.96,-2.94,-1.25,-2.62,4.0,1.93,14.0,1.0,-6.45,-3.08,1.7,-2.4,4.0,4.84,14.0,1.0,1006.61,1009.85,1011.65,1009.68,6.0,3.44,14.0,1.0,,,,,,,,,,,,,,,,,,,,,,,,,,,,,,,,,,,,,,,,,,,,,,,,,,,,,,,,,,,,,,,,,,,,,,,,,,,,,,,,,,,,,,,,,,,,,,,,,,,,,,,,,,,,,,,,,,,,,,,,,,,,,,,,
1900,10,22810,110.5,10.5,,,,,,,,,,,,,,,,,,,,,,,,,,,,,,,,,6.27,6.7,9.92,7.72,6.0,2.7,6.0,0.8,-0.75,4.49,7.28,3.83,6.0,5.18,6.0,0.8,-7.08,0.36,4.63,-0.87,6.0,5.78,6.0,0.8,1006.73,1007.3,1009.62,1007.77,7.0,1.6,6.0,0.7,,,,,,,,,,,,,,,,,,,,,,,,,,,,,,,,,,,,,,,,,,,,,,,,,,,,,,,,,,,,,,,,,,,,,,,,,,,,,,,,,,,,,,,,,,,,,,,,,,,,,,,,,,,,,,,,,,,,,,,,,,,,,,,,
1900,10,22810,110.5,20.3,,,,,,,,,,,,,,,,,,,,,,,,,,,,,,,,,3.25,4.65,6.05,4.65,2.0,2.9,20.0,1.0,-5.61,-4.3,-3.0,-4.3,2.0,2.7,20.0,1.0,-1.95,-0.75,0.46,-0.75,2.0,2.49,20.0,1.0,1012.24,1014.05,1015.86,1014.05,2.0,3.75,20.0,1.0,,,,,,,,,,,,,,,,,,,,,,,,,,,,,,,,,,,,,,,,,,,,,,,,,,,,,,,,,,,,,,,,,,,,,,,,,,,,,,,,,,,,,,,,,,,,,,,,,,,,,,,,,,,,,,,,,,,,,,,,,,,,,,,,
1900,10,22810,110.7,12.3,,,,,,,,,,,,,,,,,,,,,,,,,,,,,,,,,2.6,4.6,6.19,5.22,6.0,3.61,10.0,0.8,-3.25,-1.2,2.77,-0.38,6.0,3.15,10.0,0.8,-5.12,-1.41,1.48,-2.35,6.0,5.38,10.0,0.8,1007.4,1009.65,1011.69,1009.38,6.0,2.81,10.0,0.8,,,,,,,,,,,,,,,,,,,,,,,,,,,,,,,,,,,,,,,,,,,,,,,,,,,,,,,,,,,,,,,,,,,,,,,,,,,,,,,,,,,,,,,,,,,,,,,,,,,,,,,,,,,,,,,,,,,,,,,,,,,,,,,,
1900,10,22810,110.8,-37.2,,,,,,,,,,,,,,,,,,,,,,,,,,,,,,,,,2.6,2.6,2.6,2.6,1.0,0.0,12.0,1.0,1.84,1.84,1.84,1.84,1.0,0.0,12.0,1.0,-1.84,-1.84,-1.84,-1.84,1.0,0.0,12.0,1.0,1025.7,1025.7,1025.7,1025.7,1.0,0.0,12.0,1.0,,,,,,,,,,,,,,,,,,,,,,,,,,,,,,,,,,,,,,,,,,,,,,,,,,,,,,,,,,,,,,,,,,,,,,,,,,,,,,,,,,,,,,,,,,,,,,,,,,,,,,,,,,,,,,,,,,,,,,,,,,,,,,,,
1900,10,22810,110.8,16.3,,,,,,,,,,,,,,,,,,,,,,,,,,,,,,,,,7.11,8.0,8.89,8.0,2.0,1.84,18.0,1.0,-6.52,-6.39,-6.27,-6.39,2.0,0.26,18.0,1.0,-5.93,-4.54,-3.16,-4.54,2.0,2.88,18.0,1.0,1007.63,1009.0,1013.71,1010.63,3.0,4.67,18.0,1.0,,,,,,,,,,,,,,,,,,,,,,,,,,,,,,,,,,,,,,,,,,,,,,,,,,,,,,,,,,,,,,,,,,,,,,,,,,,,,,,,,,,,,,,,,,,,,,,,,,,,,,,,,,,,,,,,,,,,,,,,,,,,,,,,
1900,10,22810,110.8,18.3,,,,,,,,,,,,,,,,,,,,,,,,,,,,,,,,,6.66,15.4,15.4,11.13,3.0,7.39,16.0,1.0,-13.2,-10.89,-4.71,-9.0,3.0,6.43,16.0,1.0,-9.26,-5.77,-3.09,-6.17,3.0,4.54,16.0,1.0,1010.11,1011.0,1013.25,1011.67,3.0,2.37,16.0,1.0,,,,,,,,,,,,,,,,,,,,,,,,,,,,,,,,,,,,,,,,,,,,,,,,,,,,,,,,,,,,,,,,,,,,,,,,,,,,,,,,,,,,,,,,,,,,,,,,,,,,,,,,,,,,,,,,,,,,,,,,,,,,,,,,
1900,10,22810,112.3,10.3,,,,,,,,,,,,,,,,,,,,,,,,,,,,,,,,,6.7,6.7,6.7,6.7,1.0,0.0,6.0,1.0,4.74,4.74,4.74,4.74,1.0,0.0,6.0,1.0,4.74,4.74,4.74,4.74,1.0,0.0,6.0,1.0,1009.7,1009.7,1009.7,1009.7,1.0,0.0,6.0,1.0,,,,,,,,,,,,,,,,,,,,,,,,,,,,,,,,,,,,,,,,,,,,,,,,,,,,,,,,,,,,,,,,,,,,,,,,,,,,,,,,,,,,,,,,,,,,,,,,,,,,,,,,,,,,,,,,,,,,,,,,,,,,,,,,
1900,10,22810,112.3,12.6,,,,,,,,,,,,,,,,,,,,,,,,,,,,,,,,,1.0,1.8,4.75,2.83,4.0,2.69,4.0,0.5,-0.88,0.96,1.73,0.45,4.0,2.09,4.0,0.5,-0.72,-0.2,3.25,1.2,4.0,3.37,4.0,0.5,1007.03,1007.1,1007.3,1007.17,3.0,0.21,2.0,0.3,,,,,,,,,,,,,,,,,,,,,,,,,,,,,,,,,,,,,,,,,,,,,,,,,,,,,,,,,,,,,,,,,,,,,,,,,,,,,,,,,,,,,,,,,,,,,,,,,,,,,,,,,,,,,,,,,,,,,,,,,,,,,,,,
1900,10,22810,112.4,14.3,,,,,,,,,,,,,,,,,,,,,,,,,,,,,,,,,0.79,4.65,10.56,5.83,6.0,5.87,10.0,1.0,-6.25,-4.21,0.08,-3.46,6.0,3.21,10.0,1.0,-3.66,0.51,3.44,-0.82,6.0,7.06,10.0,1.0,1007.59,1009.45,1010.27,1008.95,4.0,1.88,6.0,1.0,,,,,,,,,,,,,,,,,,,,,,,,,,,,,,,,,,,,,,,,,,,,,,,,,,,,,,,,,,,,,,,,,,,,,,,,,,,,,,,,,,,,,,,,,,,,,,,,,,,,,,,,,,,,,,,,,,,,,,,,,,,,,,,,
1900,10,22810,112.6,16.6,,,,,,,,,,,,,,,,,,,,,,,,,,,,,,,,,3.87,4.6,6.32,5.14,5.0,2.48,10.0,1.0,-6.08,-4.23,-3.06,-4.6,5.0,2.97,10.0,1.0,-0.87,1.8,1.8,0.6,5.0,1.85,10.0,1.0,1008.42,1010.45,1012.16,1010.3,4.0,2.19,10.0,1.0,,,,,,,,,,,,,,,,,,,,,,,,,,,,,,,,,,,,,,,,,,,,,,,,,,,,,,,,,,,,,,,,,,,,,,,,,,,,,,,,,,,,,,,,,,,,,,,,,,,,,,,,,,,,,,,,,,,,,,,,,,,,,,,,
1900,10,22810,112.6,18.4,,,,,,,,,,,,,,,,,,,,,,,,,,,,,,,,,5.27,6.7,10.52,7.87,3.0,3.98,14.0,1.0,-9.76,-6.21,-1.97,-5.87,3.0,5.71,14.0,1.0,-4.61,-4.6,-3.17,-3.91,3.0,1.21,14.0,1.0,1007.11,1009.7,1012.29,1009.7,2.0,5.37,12.0,1.0,,,,,,,,,,,,,,,,,,,,,,,,,,,,,,,,,,,,,,,,,,,,,,,,,,,,,,,,,,,,,,,,,,,,,,,,,,,,,,,,,,,,,,,,,,,,,,,,,,,,,,,,,,,,,,,,,,,,,,,,,,,,,,,,
1900,10,22810,112.7,-43.6,,,,,,,,,,,,,,,,,,,,,,,,,,,,,,,,,9.3,12.3,13.43,11.72,5.0,2.55,16.0,0.8,8.84,12.11,12.97,11.21,5.0,2.54,16.0,0.8,1.36,2.14,4.88,2.84,5.0,2.13,16.0,0.8,1016.53,1017.5,1018.48,1017.46,5.0,1.21,16.0,0.8,,,,,,,,,,,,,,,,,,,,,,,,,,,,,,,,,,,,,,,,,,,,,,,,,,,,,,,,,,,,,,,,,,,,,,,,,,,,,,,,,,,,,,,,,,,,,,,,,,,,,,,,,,,,,,,,,,,,,,,,,,,,,,,,
1900,10,22810,112.8,-45.2,,,,,,,,,,,,,,,,,,,,,,,,,,,,,,,,,22.6,22.6,22.6,22.6,1.0,0.0,24.0,1.0,15.98,15.98,15.98,15.98,1.0,0.0,24.0,1.0,15.98,15.98,15.98,15.98,1.0,0.0,24.0,1.0,1014.9,1014.9,1014.9,1014.9,1.0,0.0,24.0,1.0,,,,,,,,,,,,,,,,,,,,,,,,,,,,,,,,,,,,,,,,,,,,,,,,,,,,,,,,,,,,,,,,,,,,,,,,,,,,,,,,,,,,,,,,,,,,,,,,,,,,,,,,,,,,,,,,,,,,,,,,,,,,,,,,
1900,10,22810,112.8,-37.2,,,,,,,,,,,,,,,,,,,,,,,,,,,,,,,,,2.6,2.6,2.6,2.6,1.0,0.0,14.0,1.0,2.41,2.41,2.41,2.41,1.0,0.0,14.0,1.0,0.97,0.97,0.97,0.97,1.0,0.0,14.0,1.0,1020.2,1020.2,1020.2,1020.2,1.0,0.0,14.0,1.0,,,,,,,,,,,,,,,,,,,,,,,,,,,,,,,,,,,,,,,,,,,,,,,,,,,,,,,,,,,,,,,,,,,,,,,,,,,,,,,,,,,,,,,,,,,,,,,,,,,,,,,,,,,,,,,,,,,,,,,,,,,,,,,,
1900,10,22810,112.8,-29.7,,,,,,,,,,,,,,,,,,,,,,,,,,,,,,,,,4.6,4.6,4.6,4.6,1.0,0.0,6.0,1.0,4.6,4.6,4.6,4.6,1.0,0.0,6.0,1.0,0.0,0.0,0.0,0.0,1.0,0.0,6.0,1.0,1012.3,1012.3,1012.3,1012.3,1.0,0.0,6.0,1.0,,,,,,,,,,,,,,,,,,,,,,,,,,,,,,,,,,,,,,,,,,,,,,,,,,,,,,,,,,,,,,,,,,,,,,,,,,,,,,,,,,,,,,,,,,,,,,,,,,,,,,,,,,,,,,,,,,,,,,,,,,,,,,,,
1900,10,22810,112.8,20.7,,,,,,,,,,,,,,,,,,,,,,,,,,,,,,,,,2.6,6.7,10.56,7.22,6.0,4.78,20.0,1.0,-10.33,-4.29,0.0,-5.36,6.0,5.69,20.0,1.0,-5.96,-1.79,0.54,-2.24,6.0,3.54,20.0,1.0,1014.45,1015.8,1017.98,1016.12,5.0,2.45,20.0,1.0,,,,,,,,,,,,,,,,,,,,,,,,,,,,,,,,,,,,,,,,,,,,,,,,,,,,,,,,,,,,,,,,,,,,,,,,,,,,,,,,,,,,,,,,,,,,,,,,,,,,,,,,,,,,,,,,,,,,,,,,,,,,,,,,
1900,10,22810,114.3,-37.2,,,,,,,,,,,,,,,,,,,,,,,,,,,,,,,,,2.6,2.6,2.6,2.6,1.0,0.0,16.0,1.0,1.84,1.84,1.84,1.84,1.0,0.0,16.0,1.0,-1.84,-1.84,-1.84,-1.84,1.0,0.0,16.0,1.0,1015.1,1015.1,1015.1,1015.1,1.0,0.0,16.0,1.0,,,,,,,,,,,,,,,,,,,,,,,,,,,,,,,,,,,,,,,,,,,,,,,,,,,,,,,,,,,,,,,,,,,,,,,,,,,,,,,,,,,,,,,,,,,,,,,,,,,,,,,,,,,,,,,,,,,,,,,,,,,,,,,,
1900,10,22810,114.3,16.8,,,,,,,,,,,,,,,,,,,,,,,,,,,,,,,,,9.3,9.3,9.3,9.3,1.0,0.0,20.0,1.0,-9.3,-9.3,-9.3,-9.3,1.0,0.0,20.0,1.0,0.0,0.0,0.0,0.0,1.0,0.0,20.0,1.0,1012.8,1012.8,1012.8,1012.8,1.0,0.0,20.0,1.0,,,,,,,,,,,,,,,,,,,,,,,,,,,,,,,,,,,,,,,,,,,,,,,,,,,,,,,,,,,,,,,,,,,,,,,,,,,,,,,,,,,,,,,,,,,,,,,,,,,,,,,,,,,,,,,,,,,,,,,,,,,,,,,,
1900,10,22810,114.3,20.3,,,,,,,,,,,,,,,,,,,,,,,,,,,,,,,,,15.1,15.4,15.4,14.69,13.0,1.83,4.0,0.6,-13.34,-10.89,-9.78,-11.29,13.0,2.36,4.0,0.6,-11.8,-7.7,-7.59,-9.05,13.0,2.23,4.0,0.6,1005.0,1007.0,1007.78,1006.9,12.0,2.18,4.0,0.6,,,,,,,,,,,,,,,,,,,,,,,,,,,,,,,,,,,,,,,,,,,,,,,,,,,,,,,,,,,,,,,,,,,,,,,,,,,,,,,,,,,,,,,,,,,,,,,,,,,,,,,,,,,,,,,,,,,,,,,,,,,,,,,,
1900,10,22810,114.4,-43.5,,,,,,,,,,,,,,,,,,,,,,,,,,,,,,,,,9.3,9.3,13.68,11.42,6.0,3.9,14.0,0.7,8.93,9.3,12.53,10.26,6.0,2.11,14.0,0.7,-2.77,0.0,2.24,-1.2,6.0,6.26,14.0,0.7,1014.52,1017.0,1018.42,1016.6,5.0,2.65,16.0,0.6,,,,,,,,,,,,,,,,,,,,,,,,,,,,,,,,,,,,,,,,,,,,,,,,,,,,,,,,,,,,,,,,,,,,,,,,,,,,,,,,,,,,,,,,,,,,,,,,,,,,,,,,,,,,,,,,,,,,,,,,,,,,,,,,
1900,10,22810,114.5,14.3,,,,,,,,,,,,,,,,,,,,,,,,,,,,,,,,,12.3,12.3,12.3,12.3,2.0,0.0,6.0,1.0,0.76,2.4,4.04,2.4,2.0,3.4,6.0,1.0,-8.55,-0.49,7.57,-0.49,2.0,16.7,6.0,1.0,1005.73,1005.8,1005.87,1005.8,2.0,0.14,6.0,1.0,,,,,,,,,,,,,,,,,,,,,,,,,,,,,,,,,,,,,,,,,,,,,,,,,,,,,,,,,,,,,,,,,,,,,,,,,,,,,,,,,,,,,,,,,,,,,,,,,,,,,,,,,,,,,,,,,,,,,,,,,,,,,,,,
1900,10,22810,114.6,18.5,,,,,,,,,,,,,,,,,,,,,,,,,,,,,,,,,10.73,13.85,17.29,14.0,4.0,4.16,8.0,1.0,-12.89,-11.59,-9.67,-11.3,4.0,2.1,8.0,1.0,-12.22,-5.44,1.9,-5.17,4.0,8.27,8.0,1.0,1006.69,1007.3,1008.26,1007.47,3.0,1.16,4.0,1.0,,,,,,,,,,,,,,,,,,,,,,,,,,,,,,,,,,,,,,,,,,,,,,,,,,,,,,,,,,,,,,,,,,,,,,,,,,,,,,,,,,,,,,,,,,,,,,,,,,,,,,,,,,,,,,,,,,,,,,,,,,,,,,,,
1900,10,22810,114.8,-35.4,,,,,,,,,,,,,,,,,,,,,,,,,,,,,,,,,3.23,4.6,6.03,4.63,3.0,2.05,16.0,1.0,-1.4,2.6,2.61,0.66,3.0,3.38,16.0,1.0,1.03,3.25,5.24,3.14,3.0,3.09,16.0,1.0,1022.35,1022.45,1022.55,1022.45,2.0,0.21,8.0,1.0,,,,,,,,,,,,,,,,,,,,,,,,,,,,,,,,,,,,,,,,,,,,,,,,,,,,,,,,,,,,,,,,,,,,,,,,,,,,,,,,,,,,,,,,,,,,,,,,,,,,,,,,,,,,,,,,,,,,,,,,,,,,,,,,
1900,10,22810,114.8,22.3,,,,,,,,,,,,,,,,,,,,,,,,,,,,,,,,,2.79,6.65,10.51,6.65,2.0,7.99,12.0,1.0,-10.51,-6.65,-2.79,-6.65,2.0,7.99,12.0,1.0,0.0,0.0,0.0,0.0,2.0,0.0,12.0,1.0,1011.27,1012.05,1012.84,1012.05,2.0,1.63,12.0,1.0,,,,,,,,,,,,,,,,,,,,,,,,,,,,,,,,,,,,,,,,,,,,,,,,,,,,,,,,,,,,,,,,,,,,,,,,,,,,,,,,,,,,,,,,,,,,,,,,,,,,,,,,,,,,,,,,,,,,,,,,,,,,,,,,
1900,10,22810,116.3,20.8,,,,,,,,,,,,,,,,,,,,,,,,,,,,,,,,,6.7,6.7,6.7,6.7,1.0,0.0,20.0,1.0,-4.74,-4.74,-4.74,-4.74,1.0,0.0,20.0,1.0,-4.74,-4.74,-4.74,-4.74,1.0,0.0,20.0,1.0,1012.2,1012.2,1012.2,1012.2,1.0,0.0,20.0,1.0,,,,,,,,,,,,,,,,,,,,,,,,,,,,,,,,,,,,,,,,,,,,,,,,,,,,,,,,,,,,,,,,,,,,,,,,,,,,,,,,,,,,,,,,,,,,,,,,,,,,,,,,,,,,,,,,,,,,,,,,,,,,,,,,
1900,10,22810,116.5,-43.5,,,,,,,,,,,,,,,,,,,,,,,,,,,,,,,,,12.3,12.3,12.3,12.3,4.0,0.0,18.0,0.3,12.11,12.11,12.11,12.11,4.0,0.0,18.0,0.3,-2.14,-2.14,-2.14,-2.14,4.0,0.0,18.0,0.3,1006.61,1008.05,1010.01,1008.3,4.0,2.25,18.0,0.3,,,,,,,,,,,,,,,,,,,,,,,,,,,,,,,,,,,,,,,,,,,,,,,,,,,,,,,,,,,,,,,,,,,,,,,,,,,,,,,,,,,,,,,,,,,,,,,,,,,,,,,,,,,,,,,,,,,,,,,,,,,,,,,,
1900,10,22810,116.5,22.6,,,,,,,,,,,,,,,,,,,,,,,,,,,,,,,,,4.6,6.7,9.3,6.64,9.0,2.39,20.0,1.0,-6.58,-4.74,-2.79,-4.52,9.0,1.95,20.0,1.0,-6.58,-4.74,-2.62,-4.56,9.0,2.29,20.0,1.0,1014.98,1016.3,1018.07,1016.31,7.0,2.24,20.0,1.0,,,,,,,,,,,,,,,,,,,,,,,,,,,,,,,,,,,,,,,,,,,,,,,,,,,,,,,,,,,,,,,,,,,,,,,,,,,,,,,,,,,,,,,,,,,,,,,,,,,,,,,,,,,,,,,,,,,,,,,,,,,,,,,,
1900,10,22810,116.6,-35.7,,,,,,,,,,,,,,,,,,,,,,,,,,,,,,,,,0.83,2.6,5.4,3.1,3.0,3.38,18.0,1.0,-3.23,0.0,1.25,-0.97,3.0,3.39,18.0,1.0,0.58,1.84,3.82,2.19,3.0,2.39,18.0,1.0,1011.23,1018.4,1018.6,1015.0,3.0,6.15,18.0,1.0,,,,,,,,,,,,,,,,,,,,,,,,,,,,,,,,,,,,,,,,,,,,,,,,,,,,,,,,,,,,,,,,,,,,,,,,,,,,,,,,,,,,,,,,,,,,,,,,,,,,,,,,,,,,,,,,,,,,,,,,,,,,,,,,
1900,10,22810,118.3,-45.7,,,,,,,,,,,,,,,,,,,,,,,,,,,,,,,,,19.0,19.0,19.0,19.0,1.0,0.0,24.0,1.0,19.0,19.0,19.0,19.0,1.0,0.0,24.0,1.0,0.0,0.0,0.0,0.0,1.0,0.0,24.0,1.0,1003.4,1003.4,1003.4,1003.4,1.0,0.0,24.0,1.0,,,,,,,,,,,,,,,,,,,,,,,,,,,,,,,,,,,,,,,,,,,,,,,,,,,,,,,,,,,,,,,,,,,,,,,,,,,,,,,,,,,,,,,,,,,,,,,,,,,,,,,,,,,,,,,,,,,,,,,,,,,,,,,,
1900,10,22810,118.3,22.8,,,,,,,,,,,,,,,,,,,,,,,,,,,,,,,,,4.73,9.3,13.46,9.1,3.0,6.4,16.0,1.0,-9.52,-6.58,-2.09,-5.82,3.0,5.48,16.0,1.0,-9.52,-6.58,-3.86,-6.69,3.0,4.15,16.0,1.0,1013.08,1013.9,1014.38,1013.73,3.0,0.96,16.0,1.0,,,,,,,,,,,,,,,,,,,,,,,,,,,,,,,,,,,,,,,,,,,,,,,,,,,,,,,,,,,,,,,,,,,,,,,,,,,,,,,,,,,,,,,,,,,,,,,,,,,,,,,,,,,,,,,,,,,,,,,,,,,,,,,,
1900,10,22810,118.4,-43.7,,,,,,,,,,,,,,,,,,,,,,,,,,,,,,,,,12.3,12.3,13.92,13.08,4.0,1.55,18.0,0.8,11.43,11.56,13.08,12.23,4.0,1.5,18.0,0.8,-5.05,-4.51,-4.21,-4.62,4.0,0.51,18.0,0.8,1002.71,1003.7,1003.9,1003.33,4.0,0.96,18.0,0.8,,,,,,,,,,,,,,,,,,,,,,,,,,,,,,,,,,,,,,,,,,,,,,,,,,,,,,,,,,,,,,,,,,,,,,,,,,,,,,,,,,,,,,,,,,,,,,,,,,,,,,,,,,,,,,,,,,,,,,,,,,,,,,,,
1900,10,22810,118.5,18.3,,,,,,,,,,,,,,,,,,,,,,,,,,,,,,,,,3.25,4.65,6.05,4.65,2.0,2.9,4.0,1.0,-4.28,-3.29,-2.3,-3.29,2.0,2.05,4.0,1.0,-3.69,-1.45,0.79,-1.45,2.0,4.65,4.0,1.0,1009.2,1009.2,1009.2,1009.2,1.0,0.0,4.0,1.0,,,,,,,,,,,,,,,,,,,,,,,,,,,,,,,,,,,,,,,,,,,,,,,,,,,,,,,,,,,,,,,,,,,,,,,,,,,,,,,,,,,,,,,,,,,,,,,,,,,,,,,,,,,,,,,,,,,,,,,,,,,,,,,,
1900,10,22810,118.6,24.5,,,,,,,,,,,,,,,,,,,,,,,,,,,,,,,,,6.7,10.8,15.06,10.79,8.0,4.89,16.0,1.0,-7.13,-4.22,-2.62,-4.6,8.0,3.33,16.0,1.0,-11.32,-9.73,-6.17,-9.56,8.0,4.13,16.0,1.0,1011.02,1015.7,1016.66,1014.06,5.0,3.47,18.0,1.0,,,,,,,,,,,,,,,,,,,,,,,,,,,,,,,,,,,,,,,,,,,,,,,,,,,,,,,,,,,,,,,,,,,,,,,,,,,,,,,,,,,,,,,,,,,,,,,,,,,,,,,,,,,,,,,,,,,,,,,,,,,,,,,,
1900,10,22810,118.6,38.4,,,,,,,,,,,,,,,,,,,,,,,,,,,,,,,,,4.0,6.0,8.95,6.02,9.0,3.54,18.0,0.9,-6.04,0.0,4.45,-0.88,9.0,5.0,18.0,0.9,-6.46,-3.76,2.79,-2.14,9.0,4.73,18.0,0.9,1018.19,1018.6,1019.42,1018.8,3.0,0.92,24.0,1.0,0.5,3.0,7.0,3.9,9.0,3.1,18.0,0.9,46.8,62.0,63.5,55.5,4.0,14.6,14.0,0.8,-52.1,0.0,27.5,-12.9,9.0,46.7,18.0,0.9,-57.9,-15.0,12.3,-23.3,9.0,42.2,18.0,0.9,,,,,,,,,,,,,,,,,,,,,,,,,,,,,,,,,,,,,,,,,,,,,,,,,,,,,,,,,,,,,,,,,,,,,,,,,,,,,,,,,,,,,,,,,,,,,,,,
1900,10,22810,120.3,38.4,,,,,,,,,,,,,,,,,,,,,,,,,,,,,,,,,3.2,5.3,8.0,5.78,10.0,2.59,14.0,0.9,-1.64,3.0,5.14,2.21,10.0,3.41,14.0,0.9,-5.11,-0.86,4.6,-0.04,10.0,5.18,14.0,0.9,1017.18,1020.8,1022.37,1019.8,3.0,3.9,24.0,1.0,0.3,2.0,5.0,2.8,9.0,2.4,12.0,0.9,30.4,61.1,67.2,54.7,7.0,18.0,8.0,0.9,-5.2,16.7,41.1,19.4,10.0,23.9,14.0,0.9,-37.4,-4.8,24.8,0.3,10.0,41.8,14.0,0.9,,,,,,,,,,,,,,,,,,,,,,,,,,,,,,,,,,,,,,,,,,,,,,,,,,,,,,,,,,,,,,,,,,,,,,,,,,,,,,,,,,,,,,,,,,,,,,,,
1900,10,22810,120.5,26.5,,,,,,,,,,,,,,,,,,,,,,,,,,,,,,,,,4.6,6.7,12.45,8.94,7.0,4.32,18.0,1.0,-4.74,-3.25,0.0,-2.76,7.0,2.18,18.0,1.0,-12.45,-4.74,-4.19,-8.0,7.0,4.87,18.0,1.0,1015.62,1018.3,1019.0,1017.47,7.0,1.93,18.0,1.0,,,,,,,,,,,,,,,,,,,,,,,,,,,,,,,,,,,,,,,,,,,,,,,,,,,,,,,,,,,,,,,,,,,,,,,,,,,,,,,,,,,,,,,,,,,,,,,,,,,,,,,,,,,,,,,,,,,,,,,,,,,,,,,,
1900,10,22810,120.5,34.5,,,,,,,,,,,,,,,,,,,,,,,,,,,,,,,,,4.14,7.45,10.76,7.45,2.0,6.86,14.0,1.0,1.38,4.35,7.32,4.35,2.0,6.15,14.0,1.0,-6.9,-3.05,0.81,-3.05,2.0,7.99,14.0,1.0,1012.52,1018.15,1023.78,1018.15,2.0,11.67,14.0,1.0,,,,,,,,,,,,,,,,,,,,,,,,,,,,,,,,,,,,,,,,,,,,,,,,,,,,,,,,,,,,,,,,,,,,,,,,,,,,,,,,,,,,,,,,,,,,,,,,,,,,,,,,,,,,,,,,,,,,,,,,,,,,,,,,
1900,10,22810,120.6,-43.7,,,,,,,,,,,,,,,,,,,,,,,,,,,,,,,,,15.4,15.4,15.4,15.4,2.0,0.0,18.0,0.0,14.47,14.47,14.47,14.47,2.0,0.0,18.0,0.0,-5.27,-5.27,-5.27,-5.27,2.0,0.0,18.0,0.0,998.21,999.1,999.99,999.1,2.0,1.84,18.0,0.0,,,,,,,,,,,,,,,,,,,,,,,,,,,,,,,,,,,,,,,,,,,,,,,,,,,,,,,,,,,,,,,,,,,,,,,,,,,,,,,,,,,,,,,,,,,,,,,,,,,,,,,,,,,,,,,,,,,,,,,,,,,,,,,,
1900,10,22810,120.8,-35.7,,,,,,,,,,,,,,,,,,,,,,,,,,,,,,,,,4.93,5.65,6.37,5.65,2.0,1.48,16.0,1.0,2.93,3.61,4.29,3.61,2.0,1.4,16.0,1.0,0.98,3.08,5.19,3.08,2.0,4.36,16.0,1.0,1022.1,1022.1,1022.1,1022.1,1.0,0.0,2.0,1.0,,,,,,,,,,,,,,,,,,,,,,,,,,,,,,,,,,,,,,,,,,,,,,,,,,,,,,,,,,,,,,,,,,,,,,,,,,,,,,,,,,,,,,,,,,,,,,,,,,,,,,,,,,,,,,,,,,,,,,,,,,,,,,,,
1900,10,22810,120.8,28.3,,,,,,,,,,,,,,,,,,,,,,,,,,,,,,,,,4.6,4.6,4.6,4.6,1.0,0.0,14.0,1.0,-1.8,-1.8,-1.8,-1.8,1.0,0.0,14.0,1.0,-4.23,-4.23,-4.23,-4.23,1.0,0.0,14.0,1.0,1018.6,1018.6,1018.6,1018.6,1.0,0.0,14.0,1.0,,,,,,,,,,,,,,,,,,,,,,,,,,,,,,,,,,,,,,,,,,,,,,,,,,,,,,,,,,,,,,,,,,,,,,,,,,,,,,,,,,,,,,,,,,,,,,,,,,,,,,,,,,,,,,,,,,,,,,,,,,,,,,,,
1900,10,22810,120.8,30.8,,,,,,,,,,,,,,,,,,,,,,,,,,,,,,,,,2.6,3.6,4.6,3.4,8.0,1.39,22.0,0.6,-4.23,-3.42,0.0,-2.26,8.0,2.52,22.0,0.6,-1.75,0.0,1.8,-0.01,8.0,1.73,22.0,0.6,1019.3,1019.3,1019.3,1019.3,1.0,0.0,10.0,1.0,,,,,,,,,,,,,,,,,,,,,,,,,,,,,,,,,,,,,,,,,,,,,,,,,,,,,,,,,,,,,,,,,,,,,,,,,,,,,,,,,,,,,,,,,,,,,,,,,,,,,,,,,,,,,,,,,,,,,,,,,,,,,,,,
1900,10,22810,120.8,36.6,,,,,,,,,,,,,,,,,,,,,,,,,,,,,,,,,0.32,1.0,4.89,2.57,3.0,3.61,26.0,1.0,-4.89,-1.0,-0.32,-2.57,3.0,3.61,26.0,1.0,0.0,0.0,0.0,0.0,3.0,0.0,26.0,1.0,1019.3,1019.3,1019.3,1019.3,1.0,0.0,30.0,1.0,,,,,,,,,,,,,,,,,,,,,,,,,,,,,,,,,,,,,,,,,,,,,,,,,,,,,,,,,,,,,,,,,,,,,,,,,,,,,,,,,,,,,,,,,,,,,,,,,,,,,,,,,,,,,,,,,,,,,,,,,,,,,,,,
1900,10,22810,122.3,28.5,,,,,,,,,,,,,,,,,,,,,,,,,,,,,,,,,2.52,6.7,9.59,6.61,7.0,4.76,20.0,1.0,-4.8,-0.71,2.06,-0.69,7.0,4.2,20.0,1.0,-7.06,-4.74,-0.59,-5.04,7.0,5.09,20.0,1.0,1018.89,1020.6,1020.87,1019.9,3.0,1.57,26.0,1.0,,,,,,,,,,,,,,,,,,,,,,,,,,,,,,,,,,,,,,,,,,,,,,,,,,,,,,,,,,,,,,,,,,,,,,,,,,,,,,,,,,,,,,,,,,,,,,,,,,,,,,,,,,,,,,,,,,,,,,,,,,,,,,,,
1900,10,22810,122.3,32.7,,,,,,,,,,,,,,,,,,,,,,,,,,,,,,,,,2.27,4.6,12.94,6.75,6.0,5.75,20.0,1.0,-2.94,-0.86,1.8,0.02,6.0,4.55,20.0,1.0,-10.08,-0.86,1.67,-3.43,6.0,7.27,20.0,1.0,1016.37,1022.7,1024.29,1020.34,5.0,5.87,20.0,1.0,,,,,,,,,,,,,,,,,,,,,,,,,,,,,,,,,,,,,,,,,,,,,,,,,,,,,,,,,,,,,,,,,,,,,,,,,,,,,,,,,,,,,,,,,,,,,,,,,,,,,,,,,,,,,,,,,,,,,,,,,,,,,,,,
1900,10,22810,122.4,30.7,,,,,,,,,,,,,,,,,,,,,,,,,,,,,,,,,2.6,3.6,5.13,3.95,12.0,1.59,22.0,0.3,-4.6,-1.71,-1.01,-2.49,12.0,1.84,22.0,0.3,-2.99,-1.68,1.8,-1.33,12.0,2.73,22.0,0.3,1021.23,1021.3,1022.8,1022.0,3.0,1.3,18.0,1.0,,,,,,,,,,,,,,,,,,,,,,,,,,,,,,,,,,,,,,,,,,,,,,,,,,,,,,,,,,,,,,,,,,,,,,,,,,,,,,,,,,,,,,,,,,,,,,,,,,,,,,,,,,,,,,,,,,,,,,,,,,,,,,,,
1900,10,22810,122.4,34.5,,,,,,,,,,,,,,,,,,,,,,,,,,,,,,,,,4.55,6.7,6.7,5.68,4.0,2.05,20.0,1.0,-5.77,-3.67,1.24,-2.32,4.0,5.0,20.0,1.0,-2.48,0.0,2.48,0.0,4.0,3.87,20.0,1.0,1020.81,1022.55,1024.29,1022.55,2.0,3.61,22.0,1.0,,,,,,,,,,,,,,,,,,,,,,,,,,,,,,,,,,,,,,,,,,,,,,,,,,,,,,,,,,,,,,,,,,,,,,,,,,,,,,,,,,,,,,,,,,,,,,,,,,,,,,,,,,,,,,,,,,,,,,,,,,,,,,,,
1900,10,22810,122.4,36.6,,,,,,,,,,,,,,,,,,,,,,,,,,,,,,,,,2.6,4.6,8.19,5.2,10.0,2.8,18.0,1.0,-1.35,0.9,3.57,0.87,10.0,2.76,18.0,1.0,-1.18,3.04,5.86,2.16,10.0,4.92,18.0,1.0,1015.81,1020.05,1024.74,1020.43,10.0,4.37,18.0,1.0,,,,,,,,,,,,,,,,,,,,,,,,,,,,,,,,,,,,,,,,,,,,,,,,,,,,,,,,,,,,,,,,,,,,,,,,,,,,,,,,,,,,,,,,,,,,,,,,,,,,,,,,,,,,,,,,,,,,,,,,,,,,,,,,
1900,10,22810,122.5,-43.7,,,,,,,,,,,,,,,,,,,,,,,,,,,,,,,,,16.54,19.0,19.0,17.8,3.0,2.08,20.0,1.0,15.43,17.49,17.74,16.61,3.0,1.86,20.0,1.0,-7.13,-6.5,-5.66,-6.4,3.0,1.08,20.0,1.0,996.0,996.0,996.0,996.0,1.0,0.0,20.0,1.0,5.0,5.0,5.0,5.0,3.0,0.0,20.0,1.0,93.5,95.2,96.8,95.2,2.0,3.3,20.0,1.0,257.6,332.3,337.0,298.1,3.0,65.3,20.0,1.0,-135.5,-123.5,-94.6,-115.2,3.0,30.8,20.0,1.0,,,,,,,,,,,,,,,,,,,,,,,,,,,,,,,,,145.3,171.4,173.8,159.8,3.0,23.2,20.0,1.0,-69.9,-63.7,-53.3,-61.6,3.0,12.3,20.0,1.0,103.2,103.2,103.2,103.2,1.0,0.0,20.0,1.0,-37.6,-37.6,-37.6,-37.6,1.0,0.0,20.0,1.0,,,,,,,,,,,,,,,,,,,,,,,,,,,,,,,,
1900,10,22810,122.5,26.8,,,,,,,,,,,,,,,,,,,,,,,,,,,,,,,,,3.25,4.65,6.05,4.65,2.0,2.9,28.0,1.0,-5.64,-3.35,-1.06,-3.35,2.0,4.74,28.0,1.0,0.41,1.3,2.19,1.3,2.0,1.84,28.0,1.0,1016.7,1016.7,1016.7,1016.7,1.0,0.0,30.0,1.0,,,,,,,,,,,,,,,,,,,,,,,,,,,,,,,,,,,,,,,,,,,,,,,,,,,,,,,,,,,,,,,,,,,,,,,,,,,,,,,,,,,,,,,,,,,,,,,,,,,,,,,,,,,,,,,,,,,,,,,,,,,,,,,,
1900,10,22810,124.2,-43.8,,,,,,,,,,,,,,,,,,,,,,,,,,,,,,,,,,,,,,,,,,,,,,,,,,,,,,,,,,,,,,,,,,,,,,,,,,,,,,,,,,,,,,,,,,,,,,,,,,,,,,,,,,,,,,,,,,,,,,,,,,,,,,,,,74.4,88.8,103.1,88.8,2.0,29.7,20.0,0.5,-105.1,-78.7,-52.2,-78.7,2.0,54.7,20.0,0.5,84.3,84.3,84.3,84.3,1.0,0.0,20.0,1.0,-30.7,-30.7,-30.7,-30.7,1.0,0.0,20.0,1.0,,,,,,,,,,,,,,,,,,,,,,,,,,,,,,,,
1900,10,22810,124.3,34.5,,,,,,,,,,,,,,,,,,,,,,,,,,,,,,,,,0.73,2.3,3.87,2.3,2.0,3.25,24.0,1.0,-2.74,-1.63,-0.52,-1.63,2.0,2.3,24.0,1.0,-2.74,-1.63,-0.52,-1.63,2.0,2.3,24.0,1.0,1020.17,1022.9,1023.51,1021.87,3.0,2.61,24.0,1.0,,,,,,,,,,,,,,,,,,,,,,,,,,,,,,,,,,,,,,,,,,,,,,,,,,,,,,,,,,,,,,,,,,,,,,,,,,,,,,,,,,,,,,,,,,,,,,,,,,,,,,,,,,,,,,,,,,,,,,,,,,,,,,,,
1900,10,22810,124.4,-43.8,,,,,,,,,,,,,,,,,,,,,,,,,,,,,,,,,13.28,15.4,15.4,14.37,3.0,1.79,20.0,0.3,7.7,7.7,10.33,8.99,3.0,2.23,20.0,0.3,-13.34,-13.34,-7.1,-10.29,3.0,5.27,20.0,0.3,994.05,994.6,996.1,995.07,3.0,1.55,20.0,0.3,3.3,4.0,4.0,3.7,3.0,0.6,20.0,0.3,97.5,97.5,97.5,97.5,1.0,0.0,20.0,1.0,118.6,118.6,134.7,126.4,3.0,13.6,20.0,0.3,-205.4,-205.4,-100.5,-154.2,3.0,88.7,20.0,0.3,,,,,,,,,,,,,,,,,,,,,,,,,,,,,,,,,,,,,,,,,,,,,,,,,,,,,,,,,,,,,,,,,,,,,,,,,,,,,,,,,,,,,,,,,,,,,,,,
1900,10,22810,124.5,30.6,,,,,,,,,,,,,,,,,,,,,,,,,,,,,,,,,2.6,4.6,9.8,5.49,12.0,3.59,20.0,0.8,-4.4,-1.41,0.25,-1.76,12.0,4.8,20.0,0.8,-6.3,-2.4,0.0,-3.15,12.0,2.93,20.0,0.8,1014.7,1020.4,1020.91,1017.93,4.0,5.5,16.0,1.0,,,,,,,,,,,,,,,,,,,,,,,,,,,,,,,,,,,,,,,,,,,,,,,,,,,,,,,,,,,,,,,,,,,,,,,,,,,,,,,,,,,,,,,,,,,,,,,,,,,,,,,,,,,,,,,,,,,,,,,,,,,,,,,,
1900,10,22810,124.8,32.4,,,,,,,,,,,,,,,,,,,,,,,,,,,,,,,,,3.55,7.2,9.8,6.7,4.0,3.67,10.0,0.8,-1.85,-0.92,0.9,-0.5,4.0,1.72,10.0,0.8,-9.71,-6.94,-2.99,-6.38,4.0,3.97,10.0,0.8,1022.5,1022.7,1022.9,1022.7,2.0,0.42,16.0,1.0,,,,,,,,,,,,,,,,,,,,,,,,,,,,,,,,,,,,,,,,,,,,,,,,,,,,,,,,,,,,,,,,,,,,,,,,,,,,,,,,,,,,,,,,,,,,,,,,,,,,,,,,,,,,,,,,,,,,,,,,,,,,,,,,
1900,10,22810,126.3,-43.9,,,,,,,,,,,,,,,,,,,,,,,,,,,,,,,,,15.4,15.4,15.4,15.4,2.0,0.0,20.0,0.5,2.3,7.24,12.17,7.24,2.0,10.23,20.0,0.5,-13.79,-10.33,-6.88,-10.33,2.0,7.17,20.0,0.5,998.05,998.15,998.25,998.15,2.0,0.21,20.0,0.5,,,,,,,,,,,,,,,,,,,,,,,,,,,,,,,,,,,,,,,,,,,,,,,,,,,,,,,,,,,,,,,,,,,,,,,,,,,,,,,,,,,,,,,,,,,,,,,,,,,,,,,,,,,,,,,,,,,,,,,,,,,,,,,,
1900,10,22810,126.4,30.7,,,,,,,,,,,,,,,,,,,,,,,,,,,,,,,,,4.5,6.7,10.07,7.64,7.0,4.36,20.0,0.7,-3.83,-1.84,0.08,-1.58,7.0,2.19,20.0,0.7,-9.33,-6.7,-1.6,-6.14,7.0,5.96,20.0,0.7,1016.76,1018.65,1020.49,1018.63,4.0,2.29,20.0,0.8,,,,,,,,,,,,,,,,,,,,,,,,,,,,,,,,,,,,,,,,,,,,,,,,,,,,,,,,,,,,,,,,,,,,,,,,,,,,,,,,,,,,,,,,,,,,,,,,,,,,,,,,,,,,,,,,,,,,,,,,,,,,,,,,
1900,10,22810,126.5,-41.5,,,,,,,,,,,,,,,,,,,,,,,,,,,,,,,,,10.27,12.35,14.43,12.35,2.0,4.31,14.0,1.0,10.27,12.35,14.43,12.35,2.0,4.31,14.0,1.0,0.0,0.0,0.0,0.0,2.0,0.0,14.0,1.0,1003.5,1003.5,1003.5,1003.5,1.0,0.0,20.0,1.0,,,,,,,,,,,,,,,,,,,,,,,,,,,,,,,,,,,,,,,,,,,,,,,,,,,,,,,,,,,,,,,,,,,,,,,,,,,,,,,,,,,,,,,,,,,,,,,,,,,,,,,,,,,,,,,,,,,,,,,,,,,,,,,,
1900,10,22810,126.5,-35.7,,,,,,,,,,,,,,,,,,,,,,,,,,,,,,,,,2.92,3.6,4.28,3.6,2.0,1.41,16.0,1.0,2.22,3.04,3.85,3.04,2.0,1.69,16.0,1.0,-1.22,0.02,1.26,0.02,2.0,2.57,16.0,1.0,1013.1,1013.1,1013.1,1013.1,1.0,0.0,2.0,1.0,,,,,,,,,,,,,,,,,,,,,,,,,,,,,,,,,,,,,,,,,,,,,,,,,,,,,,,,,,,,,,,,,,,,,,,,,,,,,,,,,,,,,,,,,,,,,,,,,,,,,,,,,,,,,,,,,,,,,,,,,,,,,,,,
1900,10,22810,126.5,32.3,,,,,,,,,,,,,,,,,,,,,,,,,,,,,,,,,2.6,6.7,14.16,6.9,15.0,5.26,22.0,0.6,-4.74,-1.84,0.0,-1.91,15.0,2.78,22.0,0.6,-14.12,-2.39,0.0,-4.05,15.0,7.03,22.0,0.6,1016.0,1017.45,1022.38,1018.65,6.0,3.06,22.0,0.8,,,,,,,,,,,,,,,,,,,,,,,,,,,,,,,,,,,,,,,,,,,,,,,,,,,,,,,,,,,,,,,,,,,,,,,,,,,,,,,,,,,,,,,,,,,,,,,,,,,,,,,,,,,,,,,,,,,,,,,,,,,,,,,,
1900,10,22810,126.9,-45.0,,,,,,,,,,,,,,,,,,,,,,,,,,,,,,,,,15.4,15.4,15.4,15.4,1.0,0.0,20.0,1.0,15.4,15.4,15.4,15.4,1.0,0.0,20.0,1.0,0.0,0.0,0.0,0.0,1.0,0.0,20.0,1.0,1003.4,1003.4,1003.4,1003.4,1.0,0.0,20.0,1.0,2.0,2.0,2.0,2.0,1.0,0.0,20.0,1.0,83.1,83.1,83.1,83.1,1.0,0.0,20.0,1.0,237.2,237.2,237.2,237.2,1.0,0.0,20.0,1.0,0.0,0.0,0.0,0.0,1.0,0.0,20.0,1.0,,,,,,,,,,,,,,,,,,,,,,,,,,,,,,,,,177.1,177.1,177.1,177.1,1.0,0.0,20.0,1.0,0.0,0.0,0.0,0.0,1.0,0.0,20.0,1.0,108.3,108.3,108.3,108.3,1.0,0.0,20.0,1.0,0.0,0.0,0.0,0.0,1.0,0.0,20.0,1.0,,,,,,,,,,,,,,,,,,,,,,,,,,,,,,,,
1900,10,22810,128.2,30.0,,,,,,,,,,,,,,,,,,,,,,,,,,,,,,,,,9.3,9.3,13.46,11.33,3.0,3.52,22.0,0.7,0.0,0.0,0.0,0.0,3.0,0.0,22.0,0.7,-13.46,-9.3,-9.3,-11.33,3.0,3.52,22.0,0.7,1015.0,1015.0,1015.68,1015.33,3.0,0.58,22.0,0.7,,,,,,,,,,,,,,,,,,,,,,,,,,,,,,,,,,,,,,,,,,,,,,,,,,,,,,,,,,,,,,,,,,,,,,,,,,,,,,,,,,,,,,,,,,,,,,,,,,,,,,,,,,,,,,,,,,,,,,,,,,,,,,,,
1900,10,22810,128.5,32.5,,,,,,,,,,,,,,,,,,,,,,,,,,,,,,,,,1.53,2.6,6.7,4.25,22.0,3.12,18.0,0.5,-3.04,-1.15,0.0,-1.63,22.0,1.62,18.0,0.5,-6.66,-2.12,0.0,-2.51,22.0,4.08,18.0,0.5,1015.53,1016.6,1019.2,1017.32,5.0,2.41,8.0,1.0,,,,,,,,,,,,,,,,,,,,,,,,,,,,,,,,,,,,,,,,,,,,,,,,,,,,,,,,,,,,,,,,,,,,,,,,,,,,,,,,,,,,,,,,,,,,,,,,,,,,,,,,,,,,,,,,,,,,,,,,,,,,,,,,
1900,10,22810,128.6,-45.1,,,,,,,,,,,,,,,,,,,,,,,,,,,,,,,,,12.3,12.3,14.42,13.33,3.0,1.79,20.0,0.3,7.26,11.56,12.06,9.71,3.0,3.86,20.0,0.3,-11.21,-4.21,-1.34,-6.23,3.0,7.44,20.0,0.3,1005.24,1006.2,1006.2,1005.73,3.0,0.81,20.0,0.3,2.3,3.0,5.0,3.7,3.0,2.1,20.0,0.3,96.3,96.3,96.3,96.3,1.0,0.0,20.0,1.0,100.5,142.2,148.4,124.9,3.0,38.2,20.0,0.3,-168.5,-51.7,-16.4,-91.5,3.0,116.6,20.0,0.3,,,,,,,,,,,,,,,,,,,,,,,,,,,,,,,,,58.0,81.9,105.7,81.9,2.0,49.5,20.0,0.5,-108.4,-64.4,-20.4,-64.4,2.0,91.1,20.0,0.5,87.5,87.5,87.5,87.5,1.0,0.0,20.0,1.0,0.0,0.0,0.0,0.0,1.0,0.0,20.0,1.0,,,,,,,,,,,,,,,,,,,,,,,,,,,,,,,,
1900,10,22810,128.8,28.8,,,,,,,,,,,,,,,,,,,,,,,,,,,,,,,,,4.93,5.65,6.37,5.65,2.0,1.48,30.0,1.0,-3.7,-1.47,0.76,-1.47,2.0,4.62,30.0,1.0,-3.31,-0.25,2.81,-0.25,2.0,6.34,30.0,1.0,1021.1,1021.1,1021.1,1021.1,1.0,0.0,28.0,1.0,,,,,,,,,,,,,,,,,,,,,,,,,,,,,,,,,,,,,,,,,,,,,,,,,,,,,,,,,,,,,,,,,,,,,,,,,,,,,,,,,,,,,,,,,,,,,,,,,,,,,,,,,,,,,,,,,,,,,,,,,,,,,,,,
1900,10,22810,130.4,30.4,,,,,,,,,,,,,,,,,,,,,,,,,,,,,,,,,7.11,8.0,8.89,8.0,2.0,1.84,14.0,1.0,-3.06,-1.82,-0.58,-1.82,2.0,2.57,14.0,1.0,-8.27,-7.63,-7.0,-7.63,2.0,1.32,14.0,1.0,1013.67,1015.1,1016.53,1015.1,2.0,2.97,14.0,1.0,,,,,,,,,,,,,,,,,,,,,,,,,,,,,,,,,,,,,,,,,,,,,,,,,,,,,,,,,,,,,,,,,,,,,,,,,,,,,,,,,,,,,,,,,,,,,,,,,,,,,,,,,,,,,,,,,,,,,,,,,,,,,,,,
1900,10,22810,130.4,34.6,,,,,,,,,,,,,,,,,,,,,,,,,,,,,,,,,10.25,12.3,12.3,11.3,3.0,1.73,16.0,0.3,-7.46,-4.81,0.85,-3.34,3.0,6.22,16.0,0.3,-10.49,-8.7,-8.65,-9.55,3.0,1.54,16.0,0.3,1015.0,1015.0,1015.0,1015.0,1.0,0.0,4.0,1.0,,,,,,,,,,,,,,,,,,,,,,,,,,,,,,,,,,,,,,,,,,,,,,,,,,,,,,,,,,,,,,,,,,,,,,,,,,,,,,,,,,,,,,,,,,,,,,,,,,,,,,,,,,,,,,,,,,,,,,,,,,,,,,,,
1900,10,22810,130.4,36.3,,,,,,,,,,,,,,,,,,,,,,,,,,,,,,,,,3.23,4.6,9.86,6.5,3.0,5.12,18.0,0.7,-1.77,0.0,3.15,0.67,3.0,3.65,18.0,0.7,-7.78,0.0,3.14,-2.27,3.0,8.24,18.0,0.7,1019.8,1019.8,1019.8,1019.8,1.0,0.0,4.0,1.0,,,,,,,,,,,,,,,,,,,,,,,,,,,,,,,,,,,,,,,,,,,,,,,,,,,,,,,,,,,,,,,,,,,,,,,,,,,,,,,,,,,,,,,,,,,,,,,,,,,,,,,,,,,,,,,,,,,,,,,,,,,,,,,,
1900,10,22810,130.5,28.8,,,,,,,,,,,,,,,,,,,,,,,,,,,,,,,,,5.35,6.95,8.55,6.95,2.0,3.32,14.0,1.0,-7.77,-5.94,-4.1,-5.94,2.0,3.8,14.0,1.0,-3.45,-3.37,-3.29,-3.37,2.0,0.16,14.0,1.0,1013.65,1013.75,1013.85,1013.75,2.0,0.21,14.0,1.0,,,,,,,,,,,,,,,,,,,,,,,,,,,,,,,,,,,,,,,,,,,,,,,,,,,,,,,,,,,,,,,,,,,,,,,,,,,,,,,,,,,,,,,,,,,,,,,,,,,,,,,,,,,,,,,,,,,,,,,,,,,,,,,,
1900,10,22810,130.8,38.5,,,,,,,,,,,,,,,,,,,,,,,,,,,,,,,,,7.59,9.5,11.41,9.5,2.0,3.96,12.0,1.0,-8.07,-6.72,-5.37,-6.72,2.0,2.8,12.0,1.0,-6.57,-1.98,2.61,-1.98,2.0,9.5,12.0,1.0,1016.3,1016.3,1016.3,1016.3,1.0,0.0,6.0,1.0,,,,,,,,,,,,,,,,,,,,,,,,,,,,,,,,,,,,,,,,,,,,,,,,,,,,,,,,,,,,,,,,,,,,,,,,,,,,,,,,,,,,,,,,,,,,,,,,,,,,,,,,,,,,,,,,,,,,,,,,,,,,,,,,
1900,10,22810,132.3,32.6,,,,,,,,,,,,,,,,,,,,,,,,,,,,,,,,,2.6,2.6,6.11,4.28,4.0,3.35,22.0,0.8,-4.68,-2.51,-1.15,-2.9,4.0,2.72,22.0,0.8,-4.68,-1.79,-0.46,-2.54,4.0,2.9,22.0,0.8,1007.84,1016.3,1020.46,1014.2,3.0,9.43,14.0,1.0,,,,,,,,,,,,,,,,,,,,,,,,,,,,,,,,,,,,,,,,,,,,,,,,,,,,,,,,,,,,,,,,,,,,,,,,,,,,,,,,,,,,,,,,,,,,,,,,,,,,,,,,,,,,,,,,,,,,,,,,,,,,,,,,
1900,10,22810,132.4,-45.3,,,,,,,,,,,,,,,,,,,,,,,,,,,,,,,,,,,,,,,,,,,,,,,,,,,,,,,,,,,,,,,,,5.0,5.0,6.4,5.7,3.0,1.2,22.0,1.0,96.8,97.6,98.4,97.6,2.0,1.7,22.0,1.0,139.3,139.3,139.3,139.3,1.0,0.0,18.0,1.0,-59.1,-59.1,-59.1,-59.1,1.0,0.0,18.0,1.0,,,,,,,,,,,,,,,,,,,,,,,,,,,,,,,,,,,,,,,,,,,,,,,,,,,,,,,,,,,,,,,,,,,,,,,,,,,,,,,,,,,,,,,,,,,,,,,,
1900,10,22810,132.5,30.5,,,,,,,,,,,,,,,,,,,,,,,,,,,,,,,,,5.35,6.95,8.55,6.95,2.0,3.32,16.0,1.0,-2.74,-1.63,-0.52,-1.63,2.0,2.3,16.0,1.0,4.21,6.28,8.34,6.28,2.0,4.28,16.0,1.0,1015.11,1019.0,1019.48,1017.33,3.0,3.51,20.0,1.0,,,,,,,,,,,,,,,,,,,,,,,,,,,,,,,,,,,,,,,,,,,,,,,,,,,,,,,,,,,,,,,,,,,,,,,,,,,,,,,,,,,,,,,,,,,,,,,,,,,,,,,,,,,,,,,,,,,,,,,,,,,,,,,,
1900,10,22810,132.5,42.3,,,,,,,,,,,,,,,,,,,,,,,,,,,,,,,,,,,,,,,,,,,,,,,,,,,,,,,,,,,,,,,,,1.6,5.5,8.0,4.8,6.0,3.6,22.0,0.7,86.5,86.7,86.9,86.7,2.0,0.5,24.0,0.5,15.2,29.2,46.8,34.8,6.0,28.3,22.0,0.7,-39.4,-18.8,0.0,-19.7,6.0,21.6,22.0,0.7,,,,,,,,,,,,,,,,,,,,,,,,,,,,,,,,,,,,,,,,,,,,,,,,,,,,,,,,,,,,,,,,,,,,,,,,,,,,,,,,,,,,,,,,,,,,,,,,
1900,10,22810,132.8,-45.7,8.0,8.0,8.0,8.0,1.0,0.0,18.0,1.0,9.43,9.8,10.46,9.94,5.0,0.63,20.0,0.8,7.3,7.4,7.49,7.4,2.0,0.19,22.0,1.0,96.8,97.6,98.4,97.6,2.0,1.7,22.0,1.0,12.3,12.3,12.3,12.3,1.0,0.0,18.0,1.0,11.32,11.32,11.32,11.32,1.0,0.0,18.0,1.0,-4.81,-4.81,-4.81,-4.81,1.0,0.0,18.0,1.0,999.74,1002.2,1002.27,1001.03,3.0,2.11,22.0,1.0,,,,,,,,,,,,,,,,,,,,,,,,,,,,,,,,,,,,,,,,,,,,,,,,,,,,,,,,,,,,,,,,,,,,,,,,,,,,,,,,,,,,,,,,,,,,,,,,,,,,,,,,,,,,,,,,,,,,,,,,,,,,,,,,
1900,10,22810,134.3,-45.5,,,,,,,,,,,,,,,,,,,,,,,,,,,,,,,,,,,,,,,,,,,,,,,,,,,,,,,,,,,,,,,,,,,,,,,,,,,,,,,,,,,,,,,,,,,,,,,,,,,,,,,,,,,,,,,,,,,,,,,,,,,,,,,,,81.4,91.0,100.7,91.0,2.0,20.0,22.0,0.0,-36.6,-33.1,-29.6,-33.1,2.0,7.3,22.0,0.0,82.9,82.9,82.9,82.9,1.0,0.0,22.0,0.0,-30.2,-30.2,-30.2,-30.2,1.0,0.0,22.0,0.0,,,,,,,,,,,,,,,,,,,,,,,,,,,,,,,,
1900,10,22810,134.5,-45.5,,,,,,,,,,,,,,,,,,,,,,,,,,,,,,,,,4.55,8.0,10.87,7.73,4.0,4.11,22.0,0.5,4.36,7.52,10.22,7.3,4.0,3.8,22.0,0.5,-3.72,-2.74,-1.09,-2.42,4.0,1.79,22.0,0.5,998.02,999.85,1001.89,999.95,4.0,2.36,22.0,0.5,6.0,6.5,7.5,6.8,4.0,1.0,22.0,0.5,98.8,98.8,98.8,98.8,1.0,0.0,22.0,0.0,23.6,61.7,113.2,68.1,4.0,58.0,22.0,0.5,-41.2,-22.5,-7.3,-24.2,4.0,22.0,22.0,0.5,,,,,,,,,,,,,,,,,,,,,,,,,,,,,,,,,,,,,,,,,,,,,,,,,,,,,,,,,,,,,,,,,,,,,,,,,,,,,,,,,,,,,,,,,,,,,,,,
1900,10,22810,134.5,28.5,,,,,,,,,,,,,,,,,,,,,,,,,,,,,,,,,1.25,1.8,2.35,1.8,2.0,1.13,26.0,1.0,-1.71,-1.42,-1.13,-1.42,2.0,0.59,26.0,1.0,-1.55,-0.92,-0.29,-0.92,2.0,1.3,26.0,1.0,1016.15,1016.9,1017.65,1016.9,2.0,1.56,26.0,1.0,,,,,,,,,,,,,,,,,,,,,,,,,,,,,,,,,,,,,,,,,,,,,,,,,,,,,,,,,,,,,,,,,,,,,,,,,,,,,,,,,,,,,,,,,,,,,,,,,,,,,,,,,,,,,,,,,,,,,,,,,,,,,,,,
1900,10,22810,134.5,30.0,,,,,,,,,,,,,,,,,,,,,,,,,,,,,,,,,1.0,1.0,1.33,1.27,6.0,0.65,28.0,0.5,-1.29,-0.96,-0.82,-1.11,6.0,0.68,28.0,0.5,-0.93,-0.37,0.0,-0.44,6.0,0.43,28.0,0.5,1019.79,1020.0,1020.52,1020.07,6.0,0.65,28.0,0.5,,,,,,,,,,,,,,,,,,,,,,,,,,,,,,,,,,,,,,,,,,,,,,,,,,,,,,,,,,,,,,,,,,,,,,,,,,,,,,,,,,,,,,,,,,,,,,,,,,,,,,,,,,,,,,,,,,,,,,,,,,,,,,,,
1900,10,22810,134.6,42.7,,,,,,,,,,,,,,,,,,,,,,,,,,,,,,,,,,,,,,,,,,,,,,,,,,,,,,,,,,,,,,,,,0.0,0.0,1.0,0.3,6.0,0.5,22.0,1.0,65.5,65.9,76.7,71.0,3.0,9.3,24.0,1.0,4.9,16.1,78.8,33.9,6.0,38.7,22.0,1.0,-7.8,4.5,29.3,7.0,6.0,22.9,22.0,1.0,,,,,,,,,,,,,,,,,,,,,,,,,,,,,,,,,,,,,,,,,,,,,,,,,,,,,,,,,,,,,,,,,,,,,,,,,,,,,,,,,,,,,,,,,,,,,,,,
1900,10,22810,134.8,26.8,,,,,,,,,,,,,,,,,,,,,,,,,,,,,,,,,6.7,6.7,6.7,6.7,1.0,0.0,26.0,1.0,-6.7,-6.7,-6.7,-6.7,1.0,0.0,26.0,1.0,0.0,0.0,0.0,0.0,1.0,0.0,26.0,1.0,1017.2,1017.2,1017.2,1017.2,1.0,0.0,26.0,1.0,,,,,,,,,,,,,,,,,,,,,,,,,,,,,,,,,,,,,,,,,,,,,,,,,,,,,,,,,,,,,,,,,,,,,,,,,,,,,,,,,,,,,,,,,,,,,,,,,,,,,,,,,,,,,,,,,,,,,,,,,,,,,,,,
1900,10,22810,134.8,32.6,,,,,,,,,,,,,,,,,,,,,,,,,,,,,,,,,2.6,6.7,7.65,5.58,5.0,2.92,18.0,0.8,-1.27,0.0,2.9,0.62,5.0,3.0,18.0,0.8,-4.1,-1.84,6.16,0.44,5.0,6.14,18.0,0.8,1012.46,1012.6,1013.21,1012.83,3.0,0.59,12.0,1.0,,,,,,,,,,,,,,,,,,,,,,,,,,,,,,,,,,,,,,,,,,,,,,,,,,,,,,,,,,,,,,,,,,,,,,,,,,,,,,,,,,,,,,,,,,,,,,,,,,,,,,,,,,,,,,,,,,,,,,,,,,,,,,,,
1900,10,22810,134.8,40.3,,,,,,,,,,,,,,,,,,,,,,,,,,,,,,,,,4.6,4.6,4.6,4.6,1.0,0.0,6.0,1.0,4.23,4.23,4.23,4.23,1.0,0.0,6.0,1.0,-1.8,-1.8,-1.8,-1.8,1.0,0.0,6.0,1.0,1014.7,1014.7,1014.7,1014.7,1.0,0.0,6.0,1.0,,,,,,,,,,,,,,,,,,,,,,,,,,,,,,,,,,,,,,,,,,,,,,,,,,,,,,,,,,,,,,,,,,,,,,,,,,,,,,,,,,,,,,,,,,,,,,,,,,,,,,,,,,,,,,,,,,,,,,,,,,,,,,,,
1900,10,22810,136.1,30.3,,,,,,,,,,,,,,,,,,,,,,,,,,,,,,,,,1.0,4.6,4.6,3.73,10.0,1.99,30.0,0.5,-4.28,-3.25,-0.93,-2.95,10.0,1.53,30.0,0.5,-0.37,2.53,3.25,1.96,10.0,1.79,30.0,0.5,1019.0,1019.2,1020.0,1019.44,10.0,0.5,30.0,0.5,,,,,,,,,,,,,,,,,,,,,,,,,,,,,,,,,,,,,,,,,,,,,,,,,,,,,,,,,,,,,,,,,,,,,,,,,,,,,,,,,,,,,,,,,,,,,,,,,,,,,,,,,,,,,,,,,,,,,,,,,,,,,,,,
1900,10,22810,136.3,18.8,,,,,,,,,,,,,,,,,,,,,,,,,,,,,,,,,6.7,6.7,6.7,6.7,1.0,0.0,8.0,1.0,-4.74,-4.74,-4.74,-4.74,1.0,0.0,8.0,1.0,-4.74,-4.74,-4.74,-4.74,1.0,0.0,8.0,1.0,1013.9,1013.9,1013.9,1013.9,1.0,0.0,8.0,1.0,,,,,,,,,,,,,,,,,,,,,,,,,,,,,,,,,,,,,,,,,,,,,,,,,,,,,,,,,,,,,,,,,,,,,,,,,,,,,,,,,,,,,,,,,,,,,,,,,,,,,,,,,,,,,,,,,,,,,,,,,,,,,,,,
1900,10,22810,136.3,28.8,,,,,,,,,,,,,,,,,,,,,,,,,,,,,,,,,9.3,9.3,9.3,9.3,1.0,0.0,28.0,1.0,-3.63,-3.63,-3.63,-3.63,1.0,0.0,28.0,1.0,-8.56,-8.56,-8.56,-8.56,1.0,0.0,28.0,1.0,1018.6,1018.6,1018.6,1018.6,1.0,0.0,28.0,1.0,,,,,,,,,,,,,,,,,,,,,,,,,,,,,,,,,,,,,,,,,,,,,,,,,,,,,,,,,,,,,,,,,,,,,,,,,,,,,,,,,,,,,,,,,,,,,,,,,,,,,,,,,,,,,,,,,,,,,,,,,,,,,,,,
1900,10,22810,136.4,-45.4,,,,,,,,,,,,,,,,,,,,,,,,,,,,,,,,,4.6,6.7,12.94,8.38,6.0,4.45,22.0,0.5,3.9,4.67,8.32,5.63,6.0,2.76,22.0,0.5,-9.91,-5.52,-1.25,-5.64,6.0,4.51,22.0,0.5,994.76,999.1,1000.15,997.52,5.0,4.07,22.0,0.4,,,,,,,,,,,,,,,,,,,,,,,,,,,,,,,,,,,,,,,,,,,,,,,,,,,,,,,,,,,,,,,,,,,,,,,,,,,,,,,,,,,,,,,,,,,,,,,,,,,,,,,,,,,,,,,,,,,,,,,,,,,,,,,,
1900,10,22810,136.5,32.5,,,,,,,,,,,,,,,,,,,,,,,,,,,,,,,,,4.19,6.7,7.24,6.1,6.0,2.27,24.0,0.5,-2.4,0.0,0.98,-0.3,6.0,3.08,24.0,0.5,-5.14,-3.42,5.68,-0.71,6.0,6.29,24.0,0.5,1015.33,1015.4,1017.17,1016.23,3.0,1.53,24.0,0.7,,,,,,,,,,,,,,,,,,,,,,,,,,,,,,,,,,,,,,,,,,,,,,,,,,,,,,,,,,,,,,,,,,,,,,,,,,,,,,,,,,,,,,,,,,,,,,,,,,,,,,,,,,,,,,,,,,,,,,,,,,,,,,,,
1900,10,22810,136.8,6.8,,,,,,,,,,,,,,,,,,,,,,,,,,,,,,,,,4.6,4.6,4.6,4.6,1.0,0.0,2.0,1.0,0.0,0.0,0.0,0.0,1.0,0.0,2.0,1.0,-4.6,-4.6,-4.6,-4.6,1.0,0.0,2.0,1.0,1008.0,1008.0,1008.0,1008.0,1.0,0.0,2.0,1.0,,,,,,,,,,,,,,,,,,,,,,,,,,,,,,,,,,,,,,,,,,,,,,,,,,,,,,,,,,,,,,,,,,,,,,,,,,,,,,,,,,,,,,,,,,,,,,,,,,,,,,,,,,,,,,,,,,,,,,,,,,,,,,,,
1900,10,22810,136.8,8.3,,,,,,,,,,,,,,,,,,,,,,,,,,,,,,,,,1.0,1.0,1.0,1.0,1.0,0.0,2.0,1.0,0.71,0.71,0.71,0.71,1.0,0.0,2.0,1.0,-0.71,-0.71,-0.71,-0.71,1.0,0.0,2.0,1.0,1007.9,1007.9,1007.9,1007.9,1.0,0.0,2.0,1.0,,,,,,,,,,,,,,,,,,,,,,,,,,,,,,,,,,,,,,,,,,,,,,,,,,,,,,,,,,,,,,,,,,,,,,,,,,,,,,,,,,,,,,,,,,,,,,,,,,,,,,,,,,,,,,,,,,,,,,,,,,,,,,,,
1900,10,22810,136.8,16.3,,,,,,,,,,,,,,,,,,,,,,,,,,,,,,,,,4.6,4.6,4.6,4.6,1.0,0.0,8.0,1.0,-3.25,-3.25,-3.25,-3.25,1.0,0.0,8.0,1.0,-3.25,-3.25,-3.25,-3.25,1.0,0.0,8.0,1.0,1012.3,1012.3,1012.3,1012.3,1.0,0.0,8.0,1.0,,,,,,,,,,,,,,,,,,,,,,,,,,,,,,,,,,,,,,,,,,,,,,,,,,,,,,,,,,,,,,,,,,,,,,,,,,,,,,,,,,,,,,,,,,,,,,,,,,,,,,,,,,,,,,,,,,,,,,,,,,,,,,,,
1900,10,22810,138.3,8.8,,,,,,,,,,,,,,,,,,,,,,,,,,,,,,,,,6.7,6.7,6.7,6.7,1.0,0.0,4.0,1.0,-6.17,-6.17,-6.17,-6.17,1.0,0.0,4.0,1.0,2.62,2.62,2.62,2.62,1.0,0.0,4.0,1.0,1007.5,1007.5,1007.5,1007.5,1.0,0.0,4.0,1.0,,,,,,,,,,,,,,,,,,,,,,,,,,,,,,,,,,,,,,,,,,,,,,,,,,,,,,,,,,,,,,,,,,,,,,,,,,,,,,,,,,,,,,,,,,,,,,,,,,,,,,,,,,,,,,,,,,,,,,,,,,,,,,,,
1900,10,22810,138.3,10.8,,,,,,,,,,,,,,,,,,,,,,,,,,,,,,,,,6.7,6.7,6.7,6.7,1.0,0.0,4.0,1.0,4.74,4.74,4.74,4.74,1.0,0.0,4.0,1.0,4.74,4.74,4.74,4.74,1.0,0.0,4.0,1.0,1009.1,1009.1,1009.1,1009.1,1.0,0.0,4.0,1.0,,,,,,,,,,,,,,,,,,,,,,,,,,,,,,,,,,,,,,,,,,,,,,,,,,,,,,,,,,,,,,,,,,,,,,,,,,,,,,,,,,,,,,,,,,,,,,,,,,,,,,,,,,,,,,,,,,,,,,,,,,,,,,,,
1900,10,22810,138.3,12.3,,,,,,,,,,,,,,,,,,,,,,,,,,,,,,,,,2.6,2.6,2.6,2.6,1.0,0.0,6.0,1.0,-2.41,-2.41,-2.41,-2.41,1.0,0.0,6.0,1.0,-0.97,-0.97,-0.97,-0.97,1.0,0.0,6.0,1.0,1009.5,1009.5,1009.5,1009.5,1.0,0.0,6.0,1.0,,,,,,,,,,,,,,,,,,,,,,,,,,,,,,,,,,,,,,,,,,,,,,,,,,,,,,,,,,,,,,,,,,,,,,,,,,,,,,,,,,,,,,,,,,,,,,,,,,,,,,,,,,,,,,,,,,,,,,,,,,,,,,,,
1900,10,22810,138.3,14.3,,,,,,,,,,,,,,,,,,,,,,,,,,,,,,,,,2.6,2.6,2.6,2.6,1.0,0.0,6.0,1.0,-2.41,-2.41,-2.41,-2.41,1.0,0.0,6.0,1.0,-0.97,-0.97,-0.97,-0.97,1.0,0.0,6.0,1.0,1011.8,1011.8,1011.8,1011.8,1.0,0.0,6.0,1.0,,,,,,,,,,,,,,,,,,,,,,,,,,,,,,,,,,,,,,,,,,,,,,,,,,,,,,,,,,,,,,,,,,,,,,,,,,,,,,,,,,,,,,,,,,,,,,,,,,,,,,,,,,,,,,,,,,,,,,,,,,,,,,,,
1900,10,22810,138.4,32.6,,,,,,,,,,,,,,,,,,,,,,,,,,,,,,,,,8.27,12.3,13.92,11.15,4.0,4.6,22.0,0.8,1.25,6.65,9.85,5.6,4.0,5.58,22.0,0.8,-7.99,2.23,9.85,0.99,4.0,10.62,22.0,0.8,1013.6,1014.9,1015.58,1014.6,3.0,1.47,24.0,1.0,,,,,,,,,,,,,,,,,,,,,,,,,,,,,,,,,,,,,,,,,,,,,,,,,,,,,,,,,,,,,,,,,,,,,,,,,,,,,,,,,,,,,,,,,,,,,,,,,,,,,,,,,,,,,,,,,,,,,,,,,,,,,,,,
1900,10,22810,138.6,-45.2,,,,,,,,,,,,,,,,,,,,,,,,,,,,,,,,,16.54,19.0,19.0,17.8,3.0,2.08,22.0,1.0,11.02,13.44,15.5,13.26,3.0,3.28,22.0,1.0,-12.92,-11.8,-10.23,-11.58,3.0,1.98,22.0,1.0,986.46,986.8,988.17,987.3,3.0,1.32,22.0,1.0,,,,,,,,,,,,,,,,,,,,,,,,,,,,,,,,,,,,,,,,,,,,,,,,,,,,,,,,,,,,,,,,,,,,,,,,,,,,,,,,,,,,,,,,,,,,,,,,,,,,,,,,,,,,,,,,,,,,,,,,,,,,,,,,
1900,10,22810,138.6,34.3,,,,,,,,,,,,,,,,,,,,,,,,,,,,,,,,,2.6,5.65,7.34,5.5,6.0,2.79,18.0,0.8,-2.22,-0.51,1.75,-0.16,6.0,2.9,18.0,0.8,-7.18,-4.49,-2.41,-4.92,6.0,2.58,18.0,0.8,1010.45,1012.05,1013.65,1012.05,2.0,3.32,4.0,1.0,,,,,,,,,,,,,,,,,,,,,,,,,,,,,,,,,,,,,,,,,,,,,,,,,,,,,,,,,,,,,,,,,,,,,,,,,,,,,,,,,,,,,,,,,,,,,,,,,,,,,,,,,,,,,,,,,,,,,,,,,,,,,,,,
1900,10,22810,140.3,40.8,,,,,,,,,,,,,,,,,,,,,,,,,,,,,,,,,12.3,12.3,12.3,12.3,1.0,0.0,8.0,1.0,8.7,8.7,8.7,8.7,1.0,0.0,8.0,1.0,-8.7,-8.7,-8.7,-8.7,1.0,0.0,8.0,1.0,1016.0,1016.0,1016.0,1016.0,1.0,0.0,8.0,1.0,,,,,,,,,,,,,,,,,,,,,,,,,,,,,,,,,,,,,,,,,,,,,,,,,,,,,,,,,,,,,,,,,,,,,,,,,,,,,,,,,,,,,,,,,,,,,,,,,,,,,,,,,,,,,,,,,,,,,,,,,,,,,,,,
1900,10,22810,140.4,-45.5,,,,,,,,,,,,,,,,,,,,,,,,,,,,,,,,,4.83,6.7,19.0,10.54,8.0,7.14,20.0,0.4,0.0,2.9,17.85,7.26,8.0,8.93,20.0,0.4,-6.58,-4.55,5.88,-1.88,8.0,5.82,20.0,0.4,984.37,985.6,985.6,985.0,3.0,1.04,24.0,0.3,,,,,,,,,,,,,,,,,,,,,,,,,,,,,,,,,,,,,,,,,,,,,,,,,,,,,,,,,,,,,,,,,,,,,,,,,,,,,,,,,,,,,,,,,,,,,,,,,,,,,,,,,,,,,,,,,,,,,,,,,,,,,,,,
1900,10,22810,140.4,32.6,,,,,,,,,,,,,,,,,,,,,,,,,,,,,,,,,15.4,15.4,15.4,15.4,3.0,0.0,28.0,0.3,-3.98,10.89,10.89,3.63,3.0,12.57,28.0,0.3,-3.98,10.89,10.89,3.63,3.0,12.57,28.0,0.3,1011.16,1011.5,1011.84,1011.5,2.0,0.71,30.0,0.0,,,,,,,,,,,,,,,,,,,,,,,,,,,,,,,,,,,,,,,,,,,,,,,,,,,,,,,,,,,,,,,,,,,,,,,,,,,,,,,,,,,,,,,,,,,,,,,,,,,,,,,,,,,,,,,,,,,,,,,,,,,,,,,,
1900,10,22810,140.6,34.4,,,,,,,,,,,,,,,,,,,,,,,,,,,,,,,,,2.6,9.3,15.4,9.06,5.0,6.4,22.0,0.4,-4.56,1.84,10.65,2.3,5.0,10.68,22.0,0.4,-2.86,1.84,5.86,1.52,5.0,4.48,22.0,0.4,1011.48,1015.55,1019.57,1015.53,4.0,4.68,20.0,0.8,,,,,,,,,,,,,,,,,,,,,,,,,,,,,,,,,,,,,,,,,,,,,,,,,,,,,,,,,,,,,,,,,,,,,,,,,,,,,,,,,,,,,,,,,,,,,,,,,,,,,,,,,,,,,,,,,,,,,,,,,,,,,,,,
1900,10,22810,144.3,36.3,,,,,,,,,,,,,,,,,,,,,,,,,,,,,,,,,6.7,6.7,6.7,6.7,1.0,0.0,26.0,1.0,4.74,4.74,4.74,4.74,1.0,0.0,26.0,1.0,-4.74,-4.74,-4.74,-4.74,1.0,0.0,26.0,1.0,1011.4,1011.4,1011.4,1011.4,1.0,0.0,10.0,1.0,,,,,,,,,,,,,,,,,,,,,,,,,,,,,,,,,,,,,,,,,,,,,,,,,,,,,,,,,,,,,,,,,,,,,,,,,,,,,,,,,,,,,,,,,,,,,,,,,,,,,,,,,,,,,,,,,,,,,,,,,,,,,,,,
1900,10,22810,144.9,-43.9,,,,,,,,,,,,,,,,,,,,,,,,,,,,,,,,,19.0,19.0,19.0,19.0,1.0,0.0,24.0,0.0,17.85,17.85,17.85,17.85,1.0,0.0,24.0,0.0,6.5,6.5,6.5,6.5,1.0,0.0,24.0,0.0,999.6,999.6,999.6,999.6,1.0,0.0,24.0,0.0,,,,,,,,,,,,,,,,,,,,,,,,,,,,,,,,,,,,,,,,,,,,,,,,,,,,,,,,,,,,,,,,,,,,,,,,,,,,,,,,,,,,,,,,,,,,,,,,,,,,,,,,,,,,,,,,,,,,,,,,,,,,,,,,
1900,10,22810,146.3,40.8,,,,,,,,,,,,,,,,,,,,,,,,,,,,,,,,,7.11,8.0,8.89,8.0,2.0,1.84,14.0,0.5,3.68,4.11,4.54,4.11,2.0,0.89,14.0,0.5,-6.5,-1.94,2.62,-1.94,2.0,9.45,14.0,0.5,1024.8,1024.8,1024.8,1024.8,1.0,0.0,8.0,1.0,,,,,,,,,,,,,,,,,,,,,,,,,,,,,,,,,,,,,,,,,,,,,,,,,,,,,,,,,,,,,,,,,,,,,,,,,,,,,,,,,,,,,,,,,,,,,,,,,,,,,,,,,,,,,,,,,,,,,,,,,,,,,,,,
1900,10,22810,146.4,-45.5,,,,,,,,,,,,,,,,,,,,,,,,,,,,,,,,,8.76,12.3,13.68,11.98,6.0,4.11,22.0,0.7,-3.35,-2.35,5.79,1.26,6.0,9.14,22.0,0.7,-1.36,9.14,12.07,5.98,6.0,7.81,22.0,0.7,1000.0,1000.0,1000.0,1000.0,1.0,0.0,24.0,1.0,,,,,,,,,,,,,,,,,,,,,,,,,,,,,,,,,,,,,,,,,,,,,,,,,,,,,,,,,,,,,,,,,,,,,,,,,,,,,,,,,,,,,,,,,,,,,,,,,,,,,,,,,,,,,,,,,,,,,,,,,,,,,,,,
1900,10,22810,148.5,-43.4,,,,,,,,,,,,,,,,,,,,,,,,,,,,,,,,,9.18,9.3,15.4,11.54,7.0,3.72,26.0,0.6,4.63,8.05,11.06,8.46,7.0,3.54,26.0,0.6,-11.01,-5.13,1.79,-5.03,7.0,6.62,26.0,0.6,999.89,1001.5,1001.92,1001.14,7.0,1.03,26.0,0.6,,,,,,,,,,,,,,,,,,,,,,,,,,,,,,,,,,,,,,,,,,,,,,,,,,,,,,,,,,,,,,,,,,,,,,,,,,,,,,,,,,,,,,,,,,,,,,,,,,,,,,,,,,,,,,,,,,,,,,,,,,,,,,,,
1900,10,22810,148.6,42.3,,,,,,,,,,,,,,,,,,,,,,,,,,,,,,,,,3.23,4.6,6.03,4.63,3.0,2.05,16.0,1.0,0.37,3.25,4.27,2.34,3.0,2.96,16.0,1.0,2.68,3.25,4.27,3.47,3.0,1.18,16.0,1.0,1030.7,1030.7,1030.7,1030.7,1.0,0.0,10.0,1.0,,,,,,,,,,,,,,,,,,,,,,,,,,,,,,,,,,,,,,,,,,,,,,,,,,,,,,,,,,,,,,,,,,,,,,,,,,,,,,,,,,,,,,,,,,,,,,,,,,,,,,,,,,,,,,,,,,,,,,,,,,,,,,,,
1900,10,22810,150.3,38.3,,,,,,,,,,,,,,,,,,,,,,,,,,,,,,,,,15.4,15.4,15.4,15.4,1.0,0.0,12.0,1.0,6.02,6.02,6.02,6.02,1.0,0.0,12.0,1.0,14.18,14.18,14.18,14.18,1.0,0.0,12.0,1.0,1017.3,1017.3,1017.3,1017.3,1.0,0.0,12.0,1.0,,,,,,,,,,,,,,,,,,,,,,,,,,,,,,,,,,,,,,,,,,,,,,,,,,,,,,,,,,,,,,,,,,,,,,,,,,,,,,,,,,,,,,,,,,,,,,,,,,,,,,,,,,,,,,,,,,,,,,,,,,,,,,,,
1900,10,22810,150.6,-41.9,,,,,,,,,,,,,,,,,,,,,,,,,,,,,,,,,,,,,,,,,,,,,,,,,,,,,,,,,,,,,,,,,,,,,,,,,,,,,,,,,,,,,,,,,,,,,,,,,,,,,,,,,,,,,,,,,,,,,,,,,,,,,,,,,72.3,157.5,168.4,121.2,3.0,77.1,26.0,0.3,-159.9,-100.1,20.8,-70.3,3.0,134.9,26.0,0.3,113.0,113.0,113.0,113.0,1.0,0.0,26.0,0.0,-134.6,-134.6,-134.6,-134.6,1.0,0.0,26.0,0.0,,,,,,,,,,,,,,,,,,,,,,,,,,,,,,,,
1900,10,22810,150.7,-41.6,,,,,,,,,,,,,,,,,,,,,,,,,,,,,,,,,9.3,9.3,15.57,11.56,7.0,3.99,26.0,0.6,3.11,3.63,12.27,6.62,7.0,4.84,26.0,0.6,-8.03,8.56,8.76,1.62,7.0,9.71,26.0,0.6,996.68,999.45,1003.99,1000.17,6.0,3.7,26.0,0.7,,,,,,,,,,,,,,,,,,,,,,,,,,,,,,,,,,,,,,,,,,,,,,,,,,,,,,,,,,,,,,,,,,,,,,,,,,,,,,,,,,,,,,,,,,,,,,,,,,,,,,,,,,,,,,,,,,,,,,,,,,,,,,,,
1900,10,22810,150.8,-41.5,,,,,,,,,,,,,,,,,,,,,,,,,,,,,,,,,,,,,,,,,,,,,,,,,,,,,,,,,,,,,,,,,2.0,4.0,7.0,4.5,4.0,3.0,26.0,0.5,96.1,97.3,98.4,97.3,2.0,2.3,26.0,0.0,28.9,33.8,206.7,90.1,7.0,90.9,26.0,0.6,-126.1,79.6,81.5,-11.8,7.0,139.4,26.0,0.6,,,,,,,,,,,,,,,,,,,,,,,,,,,,,,,,,,,,,,,,,,,,,,,,,,,,,,,,,,,,,,,,,,,,,,,,,,,,,,,,,,,,,,,,,,,,,,,,
1900,10,22810,152.0,-41.0,,,,,,,,,,,,,,,,,,,,,,,,,,,,,,,,,6.7,6.7,6.7,6.7,1.0,0.0,28.0,0.0,3.35,3.35,3.35,3.35,1.0,0.0,28.0,0.0,-5.8,-5.8,-5.8,-5.8,1.0,0.0,28.0,0.0,1004.2,1004.2,1004.2,1004.2,1.0,0.0,28.0,0.0,,,,,,,,,,,,,,,,,,,,,,,,,,,,,,,,,,,,,,,,,,,,,,,,,,,,,,,,,,,,,,,,,,,,,,,,,,,,,,,,,,,,,,,,,,,,,,,,,,,,,,,,,,,,,,,,,,,,,,,,,,,,,,,,
1900,10,22810,152.3,-39.5,,,,,,,,,,,,,,,,,,,,,,,,,,,,,,,,,12.3,15.4,19.0,15.6,5.0,3.35,28.0,0.8,7.77,13.34,16.83,12.43,5.0,4.9,28.0,0.8,-9.92,-8.7,-7.6,-8.79,5.0,1.33,28.0,0.8,1002.84,1003.25,1003.45,1003.15,4.0,0.4,28.0,0.8,,,,,,,,,,,,,,,,,,,,,,,,,,,,,,,,,,,,,,,,,,,,,,,,,,,,,,,,,,,,,,,,,,,,,,,,,,,,,,,,,,,,,,,,,,,,,,,,,,,,,,,,,,,,,,,,,,,,,,,,,,,,,,,,
1900,10,22810,152.3,-35.4,,,,,,,,,,,,,,,,,,,,,,,,,,,,,,,,,9.78,9.8,12.3,10.8,7.0,1.41,26.0,0.6,-6.93,9.16,12.12,4.55,7.0,8.94,26.0,0.6,-7.07,-2.14,-1.54,-4.22,7.0,3.63,26.0,0.6,1003.89,1005.0,1005.14,1004.48,5.0,1.23,28.0,0.8,,,,,,,,,,,,,,,,,,,,,,,,,,,,,,,,,,,,,,,,,,,,,,,,,,,,,,,,,,,,,,,,,,,,,,,,,,,,,,,,,,,,,,,,,,,,,,,,,,,,,,,,,,,,,,,,,,,,,,,,,,,,,,,,
1900,10,22810,152.3,-33.6,,,,,,,,,,,,,,,,,,,,,,,,,,,,,,,,,2.6,5.65,9.92,6.35,6.0,3.88,30.0,0.5,1.59,5.56,9.58,5.39,6.0,4.37,30.0,0.5,-2.19,-0.4,1.53,-0.73,6.0,2.97,30.0,0.5,1007.17,1009.4,1014.22,1010.36,5.0,3.81,30.0,0.4,1.8,4.5,7.2,4.5,6.0,2.9,30.0,0.5,83.4,89.7,96.0,89.7,2.0,13.2,30.0,0.5,4.1,32.5,95.7,47.6,6.0,51.9,30.0,0.5,-21.8,-1.8,4.0,-12.9,6.0,31.1,30.0,0.5,,,,,,,,,,,,,,,,,,,,,,,,,,,,,,,,,30.1,99.3,153.5,92.1,4.0,85.2,30.0,0.5,-66.5,-17.5,15.8,-25.0,4.0,62.5,30.0,0.5,59.4,62.3,65.2,62.3,2.0,6.0,30.0,0.5,-11.5,-11.0,-10.5,-11.0,2.0,1.1,30.0,0.5,,,,,,,,,,,,,,,,,,,,,,,,,,,,,,,,
1900,10,22810,152.5,-37.3,,,,,,,,,,,,,,,,,,,,,,,,,,,,,,,,,7.9,15.4,15.4,12.12,5.0,4.85,26.0,0.6,2.92,15.17,15.25,10.07,5.0,7.27,26.0,0.6,-3.58,0.0,2.67,-0.89,5.0,5.16,26.0,0.6,1001.78,1002.6,1003.28,1002.53,3.0,1.1,28.0,0.3,,,,,,,,,,,,,,,,,,,,,,,,,,,,,,,,,,,,,,,,,,,,,,,,,,,,,,,,,,,,,,,,,,,,,,,,,,,,,,,,,,,,,,,,,,,,,,,,,,,,,,,,,,,,,,,,,,,,,,,,,,,,,,,,
1900,10,22810,152.5,-33.5,17.3,17.3,17.3,17.3,1.0,0.0,30.0,1.0,17.6,17.8,18.1,17.85,4.0,0.3,30.0,0.5,10.51,11.44,12.38,11.44,2.0,1.93,30.0,0.5,83.4,89.7,96.0,89.7,2.0,13.2,30.0,0.5,,,,,,,,,,,,,,,,,,,,,,,,,,,,,,,,,,,,,,,,,,,,,,,,,,,,,,,,,,,,,,,,,,,,,,,,,,,,,,,,,,,,,,,,,,,,,,,,,,,,,,,,,,,,,,,,,,,,,,,,,,,,,,,,,,,,,,,,,,,,,,,,,,,,,,,,,,,,,,,,
1900,10,22810,154.3,38.3,,,,,,,,,,,,,,,,,,,,,,,,,,,,,,,,,6.31,10.0,13.69,10.0,2.0,7.64,22.0,1.0,-5.79,-5.31,-4.82,-5.31,2.0,1.0,22.0,1.0,-11.93,-7.09,-2.25,-7.09,2.0,10.02,22.0,1.0,1022.6,1022.6,1022.6,1022.6,1.0,0.0,12.0,1.0,,,,,,,,,,,,,,,,,,,,,,,,,,,,,,,,,,,,,,,,,,,,,,,,,,,,,,,,,,,,,,,,,,,,,,,,,,,,,,,,,,,,,,,,,,,,,,,,,,,,,,,,,,,,,,,,,,,,,,,,,,,,,,,,
1900,10,22810,154.3,42.8,,,,,,,,,,,,,,,,,,,,,,,,,,,,,,,,,15.4,15.4,15.4,15.4,1.0,0.0,10.0,1.0,0.0,0.0,0.0,0.0,1.0,0.0,10.0,1.0,15.4,15.4,15.4,15.4,1.0,0.0,10.0,1.0,1028.0,1028.0,1028.0,1028.0,1.0,0.0,10.0,1.0,,,,,,,,,,,,,,,,,,,,,,,,,,,,,,,,,,,,,,,,,,,,,,,,,,,,,,,,,,,,,,,,,,,,,,,,,,,,,,,,,,,,,,,,,,,,,,,,,,,,,,,,,,,,,,,,,,,,,,,,,,,,,,,,
1900,10,22810,156.8,38.3,,,,,,,,,,,,,,,,,,,,,,,,,,,,,,,,,6.7,6.7,6.7,6.7,1.0,0.0,14.0,1.0,-4.74,-4.74,-4.74,-4.74,1.0,0.0,14.0,1.0,4.74,4.74,4.74,4.74,1.0,0.0,14.0,1.0,1021.9,1021.9,1021.9,1021.9,1.0,0.0,14.0,1.0,,,,,,,,,,,,,,,,,,,,,,,,,,,,,,,,,,,,,,,,,,,,,,,,,,,,,,,,,,,,,,,,,,,,,,,,,,,,,,,,,,,,,,,,,,,,,,,,,,,,,,,,,,,,,,,,,,,,,,,,,,,,,,,,
1900,10,22810,158.0,-47.5,,,,,,,,,,,,,,,,,,,,,,,,,,,,,,,,,15.4,15.4,15.4,15.4,1.0,0.0,30.0,1.0,14.28,14.28,14.28,14.28,1.0,0.0,30.0,1.0,5.77,5.77,5.77,5.77,1.0,0.0,30.0,1.0,1006.0,1006.0,1006.0,1006.0,1.0,0.0,30.0,1.0,,,,,,,,,,,,,,,,,,,,,,,,,,,,,,,,,,,,,,,,,,,,,,,,,,,,,,,,,,,,,,,,,,,,,,,,,,,,,,,,,,,,,,,,,,,,,,,,,,,,,,,,,,,,,,,,,,,,,,,,,,,,,,,,
1900,10,22810,160.3,38.8,,,,,,,,,,,,,,,,,,,,,,,,,,,,,,,,,2.6,2.6,2.6,2.6,1.0,0.0,14.0,1.0,-1.84,-1.84,-1.84,-1.84,1.0,0.0,14.0,1.0,1.84,1.84,1.84,1.84,1.0,0.0,14.0,1.0,1019.7,1019.7,1019.7,1019.7,1.0,0.0,14.0,1.0,,,,,,,,,,,,,,,,,,,,,,,,,,,,,,,,,,,,,,,,,,,,,,,,,,,,,,,,,,,,,,,,,,,,,,,,,,,,,,,,,,,,,,,,,,,,,,,,,,,,,,,,,,,,,,,,,,,,,,,,,,,,,,,,
1900,10,22810,160.8,44.3,,,,,,,,,,,,,,,,,,,,,,,,,,,,,,,,,15.4,15.4,15.4,15.4,1.0,0.0,12.0,1.0,0.0,0.0,0.0,0.0,1.0,0.0,12.0,1.0,15.4,15.4,15.4,15.4,1.0,0.0,12.0,1.0,1025.6,1025.6,1025.6,1025.6,1.0,0.0,12.0,1.0,,,,,,,,,,,,,,,,,,,,,,,,,,,,,,,,,,,,,,,,,,,,,,,,,,,,,,,,,,,,,,,,,,,,,,,,,,,,,,,,,,,,,,,,,,,,,,,,,,,,,,,,,,,,,,,,,,,,,,,,,,,,,,,,
1900,10,22810,162.8,40.3,,,,,,,,,,,,,,,,,,,,,,,,,,,,,,,,,6.7,6.7,6.7,6.7,1.0,0.0,16.0,1.0,-4.74,-4.74,-4.74,-4.74,1.0,0.0,16.0,1.0,4.74,4.74,4.74,4.74,1.0,0.0,16.0,1.0,1019.0,1019.0,1019.0,1019.0,1.0,0.0,16.0,1.0,,,,,,,,,,,,,,,,,,,,,,,,,,,,,,,,,,,,,,,,,,,,,,,,,,,,,,,,,,,,,,,,,,,,,,,,,,,,,,,,,,,,,,,,,,,,,,,,,,,,,,,,,,,,,,,,,,,,,,,,,,,,,,,,
1900,10,22810,164.8,40.8,,,,,,,,,,,,,,,,,,,,,,,,,,,,,,,,,6.7,6.7,6.7,6.7,1.0,0.0,16.0,1.0,-2.51,-2.51,-2.51,-2.51,1.0,0.0,16.0,1.0,6.21,6.21,6.21,6.21,1.0,0.0,16.0,1.0,1015.8,1015.8,1015.8,1015.8,1.0,0.0,16.0,1.0,,,,,,,,,,,,,,,,,,,,,,,,,,,,,,,,,,,,,,,,,,,,,,,,,,,,,,,,,,,,,,,,,,,,,,,,,,,,,,,,,,,,,,,,,,,,,,,,,,,,,,,,,,,,,,,,,,,,,,,,,,,,,,,,
1900,10,22810,168.3,44.8,,,,,,,,,,,,,,,,,,,,,,,,,,,,,,,,,12.3,12.3,12.3,12.3,1.0,0.0,12.0,1.0,0.0,0.0,0.0,0.0,1.0,0.0,12.0,1.0,12.3,12.3,12.3,12.3,1.0,0.0,12.0,1.0,1027.1,1027.1,1027.1,1027.1,1.0,0.0,12.0,1.0,,,,,,,,,,,,,,,,,,,,,,,,,,,,,,,,,,,,,,,,,,,,,,,,,,,,,,,,,,,,,,,,,,,,,,,,,,,,,,,,,,,,,,,,,,,,,,,,,,,,,,,,,,,,,,,,,,,,,,,,,,,,,,,,
1900,10,22810,168.6,-49.7,,,,,,,,,,,,,,,,,,,,,,,,,,,,,,,,,12.47,15.4,15.4,14.0,4.0,2.8,4.0,1.0,8.81,12.53,14.23,11.57,4.0,3.47,4.0,1.0,-9.0,-6.47,0.16,-4.52,4.0,7.18,4.0,1.0,993.9,993.9,993.9,993.9,1.0,0.0,2.0,1.0,,,,,,,,,,,,,,,,,,,,,,,,,,,,,,,,,,,,,,,,,,,,,,,,,,,,,,,,,,,,,,,,,,,,,,,,,,,,,,,,,,,,,,,,,,,,,,,,,,,,,,,,,,,,,,,,,,,,,,,,,,,,,,,,
1900,10,22810,168.9,6.1,29.86,30.0,30.14,30.0,2.0,0.28,14.0,1.0,30.3,30.3,30.3,30.3,1.0,0.0,14.0,1.0,23.0,23.0,23.0,23.0,1.0,0.0,14.0,1.0,65.4,73.2,80.9,73.2,2.0,16.1,14.0,1.0,4.93,5.65,6.37,5.65,2.0,1.48,14.0,1.0,-6.32,-5.51,-4.7,-5.51,2.0,1.68,14.0,1.0,0.25,0.79,1.32,0.79,2.0,1.11,14.0,1.0,1005.9,1005.9,1005.9,1005.9,2.0,0.0,14.0,1.0,2.5,3.5,4.5,3.5,2.0,2.1,14.0,1.0,65.4,73.2,80.9,73.2,2.0,16.1,14.0,1.0,-40.9,-32.4,-23.9,-32.4,2.0,17.7,14.0,1.0,1.1,3.6,6.1,3.6,2.0,5.1,14.0,1.0,,,,,,,,,,,,,,,,,,,,,,,,,,,,,,,,,,,,,,,,,,,,,,,,,,,,,,,,,,,,,,,,,,,,,,,,,,,,,,,,,,,,,,,,,,,,,,,,
1900,10,22810,169.0,6.1,,,,,,,,,,,,,,,,,,,,,,,,,,,,,,,,,,,,,,,,,,,,,,,,,,,,,,,,,,,,,,,,,,,,,,,,,,,,,,,,,,,,,,,,,,,,,,,,,-0.5,-0.5,-0.5,-0.5,1.0,0.0,14.0,1.0,-3.3,-3.3,-3.3,-3.3,1.0,0.0,14.0,1.0,3.5,3.5,3.5,3.5,1.0,0.0,14.0,1.0,23.4,23.4,23.4,23.4,1.0,0.0,14.0,1.0,-203.0,-203.0,-203.0,-203.0,1.0,0.0,14.0,1.0,0.0,0.0,0.0,0.0,1.0,0.0,14.0,1.0,-154.1,-154.1,-154.1,-154.1,1.0,0.0,14.0,1.0,0.0,0.0,0.0,0.0,1.0,0.0,14.0,1.0,-23.4,-23.4,-23.4,-23.4,1.0,0.0,14.0,1.0,0.0,0.0,0.0,0.0,1.0,0.0,14.0,1.0,129.5,199.0,268.5,199.0,2.0,144.0,14.0,1.0,130.0,200.0,270.0,200.0,2.0,145.0,14.0,1.0
1900,10,22810,170.1,6.1,,,,,,,,,,,,,,,,,,,,,,,,,,,,,,,,,,,,,,,,,,,,,,,,,,,,,,,,,,,,,,,,,2.3,4.0,4.0,3.4,9.0,1.0,14.0,0.3,75.5,81.8,86.0,82.1,9.0,5.6,14.0,0.3,-19.9,-15.4,-0.9,-11.1,9.0,8.9,14.0,0.3,-3.3,-0.3,32.8,8.6,9.0,19.4,14.0,0.3,,,,,,,,,,,,,,,,,,,,,,,,,,,,,,,,,,,,,,,,,,,,,,,,,,,,,,,,,,,,,,,,,,,,,,,,,,,,,,,,,,,,,,,,,,,,,,,,
1900,10,22810,170.3,42.3,,,,,,,,,,,,,,,,,,,,,,,,,,,,,,,,,15.4,15.4,15.4,15.4,1.0,0.0,18.0,1.0,6.02,6.02,6.02,6.02,1.0,0.0,18.0,1.0,14.18,14.18,14.18,14.18,1.0,0.0,18.0,1.0,1015.1,1015.1,1015.1,1015.1,1.0,0.0,18.0,1.0,,,,,,,,,,,,,,,,,,,,,,,,,,,,,,,,,,,,,,,,,,,,,,,,,,,,,,,,,,,,,,,,,,,,,,,,,,,,,,,,,,,,,,,,,,,,,,,,,,,,,,,,,,,,,,,,,,,,,,,,,,,,,,,,
1900,10,22810,170.6,4.8,28.94,29.1,29.56,29.19,16.0,0.31,16.0,0.6,27.1,28.0,30.37,28.39,15.0,1.51,16.0,0.6,20.59,21.0,21.86,21.26,14.0,0.76,16.0,0.6,81.9,89.5,96.1,89.0,15.0,6.7,16.0,0.6,0.0,1.0,4.6,2.02,15.0,2.73,16.0,0.6,-2.59,0.0,0.0,-0.95,15.0,2.76,16.0,0.6,-2.81,0.0,0.27,-0.76,15.0,1.62,16.0,0.6,1007.1,1007.8,1008.4,1007.84,15.0,0.67,16.0,0.6,5.0,8.0,8.0,6.9,16.0,1.5,16.0,0.6,81.9,89.5,96.1,89.0,15.0,6.7,16.0,0.6,-6.7,0.0,0.0,-6.0,15.0,22.0,16.0,0.6,-12.9,0.0,0.3,-4.8,15.0,9.5,16.0,0.6,-0.79,1.0,1.96,0.81,15.0,1.22,16.0,0.6,0.0,0.0,7.3,1.8,14.0,4.3,16.0,0.6,3.8,4.25,4.77,4.24,14.0,0.61,16.0,0.6,0.0,4.5,17.5,9.8,13.0,13.4,16.0,0.5,-77.2,0.0,0.0,-27.8,14.0,82.1,16.0,0.6,-79.9,0.0,9.1,-23.0,14.0,46.5,16.0,0.6,-58.5,0.0,1.7,-22.4,13.0,62.3,16.0,0.5,-64.9,0.0,7.7,-19.2,13.0,37.2,16.0,0.5,-11.4,0.0,0.3,-5.1,13.0,13.9,16.0,0.5,-9.4,0.0,1.4,-3.4,13.0,7.0,16.0,0.5,0.0,1.0,97.5,75.5,15.0,205.5,16.0,0.6,0.0,0.0,95.0,75.0,15.0,205.0,16.0,0.6
1900,10,22810,172.4,0.6,,,,,,,,,,,,,,,,,,,,,,,,,,,,,,,,,,,,,,,,,,,,,,,,,,,,,,,,,,,,,,,,,2.0,2.0,2.0,2.0,12.0,0.0,22.0,0.7,76.5,82.7,85.6,81.4,10.0,5.0,22.0,0.5,-19.6,-6.3,-0.9,-7.3,13.0,7.6,22.0,0.6,-7.2,-0.3,0.9,-2.0,13.0,3.5,22.0,0.6,,,,,,,,,,,,,,,,,,,,,,,,,,,,,,,,,,,,,,,,,,,,,,,,,,,,,,,,,,,,,,,,,,,,,,,,,,,,,,,,,,,,,,,,,,,,,,,,
1900,10,22810,172.4,4.5,,,,,,,,,,,,,,,,,,,,,,,,,,,,,,,,,,,,,,,,,,,,,,,,,,,,,,,,,,,,,,,,,,,,,,,,,,,,,,,,,,,,,,,,,,,,,,,,,0.15,1.45,2.0,1.26,14.0,0.99,18.0,0.4,0.0,1.4,2.8,2.2,14.0,4.9,18.0,0.4,3.78,4.5,5.21,4.54,14.0,0.76,18.0,0.4,0.0,6.9,29.3,13.1,14.0,15.4,18.0,0.4,-196.8,-45.3,0.0,-84.2,14.0,99.8,18.0,0.4,-8.7,0.0,24.6,5.7,14.0,17.0,18.0,0.4,-142.6,-34.2,0.0,-62.4,14.0,73.4,18.0,0.4,-6.6,0.0,18.3,4.1,14.0,12.7,18.0,0.4,-29.2,-6.0,0.0,-12.7,14.0,15.5,18.0,0.4,-1.4,0.0,4.0,0.7,14.0,2.4,18.0,0.4,0.0,9.5,301.0,148.0,16.0,275.0,18.0,0.4,0.0,10.0,300.0,150.0,16.0,275.0,18.0,0.4
1900,10,22810,172.4,4.6,29.0,29.0,29.1,29.04,16.0,0.08,18.0,0.4,27.0,27.6,28.95,27.79,14.0,0.99,18.0,0.4,20.06,20.73,21.6,20.75,14.0,0.74,18.0,0.4,82.1,88.8,93.7,87.8,16.0,7.0,18.0,0.4,0.0,1.8,6.7,3.03,16.0,3.28,18.0,0.4,-6.66,-1.6,0.0,-2.84,16.0,3.37,18.0,0.4,-0.41,0.0,1.06,0.21,16.0,0.72,18.0,0.4,1007.29,1008.65,1010.26,1008.68,16.0,1.35,18.0,0.4,3.0,5.5,8.0,5.1,16.0,2.5,18.0,0.4,82.1,88.8,93.7,87.8,16.0,7.0,18.0,0.4,-44.6,-3.4,0.0,-18.9,16.0,30.2,18.0,0.4,-0.5,0.0,3.0,1.1,16.0,2.7,18.0,0.4,,,,,,,,,,,,,,,,,,,,,,,,,,,,,,,,,,,,,,,,,,,,,,,,,,,,,,,,,,,,,,,,,,,,,,,,,,,,,,,,,,,,,,,,,,,,,,,,
1900,10,22810,172.5,-49.6,,,,,,,,,,,,,,,,,,,,,,,,,,,,,,,,,7.9,12.3,15.4,11.5,5.0,4.52,4.0,1.0,5.95,10.89,12.86,9.77,5.0,4.31,4.0,1.0,-8.38,-1.8,1.68,-3.0,5.0,6.04,4.0,1.0,996.3,996.3,996.3,996.3,1.0,0.0,2.0,1.0,,,,,,,,,,,,,,,,,,,,,,,,,,,,,,,,,,,,,,,,,,,,,,,,,,,,,,,,,,,,,,,,,,,,,,,,,,,,,,,,,,,,,,,,,,,,,,,,,,,,,,,,,,,,,,,,,,,,,,,,,,,,,,,,
1900,10,22810,172.5,0.7,29.0,29.2,29.31,29.18,13.0,0.14,22.0,0.6,28.0,28.7,30.84,29.12,10.0,1.67,22.0,0.5,20.1,20.34,20.8,20.46,9.0,0.73,22.0,0.4,76.5,82.7,85.6,81.4,10.0,5.0,22.0,0.5,1.0,2.6,4.6,2.45,13.0,1.43,22.0,0.6,-4.27,-2.41,-0.88,-2.22,13.0,1.44,22.0,0.6,-1.57,-0.34,0.94,-0.4,13.0,0.97,22.0,0.6,1007.86,1008.65,1009.0,1008.44,10.0,0.8,22.0,0.5,,,,,,,,,,,,,,,,,,,,,,,,,,,,,,,,,-1.69,0.35,1.2,0.0,10.0,1.62,22.0,0.5,-7.6,0.3,1.5,-1.9,10.0,5.9,22.0,0.5,4.65,5.11,5.16,4.93,9.0,0.65,22.0,0.4,5.1,5.9,15.4,10.0,9.0,6.2,22.0,0.4,-132.3,-49.8,-17.3,-64.8,10.0,52.4,22.0,0.5,-48.5,-7.4,14.6,-14.1,10.0,29.6,22.0,0.5,-80.0,-20.1,-10.3,-40.1,9.0,34.0,22.0,0.4,-28.8,-3.5,13.2,-6.6,9.0,19.2,22.0,0.4,-14.7,-5.1,-2.7,-8.8,9.0,6.6,22.0,0.4,-5.2,-0.9,3.5,-1.0,9.0,4.4,22.0,0.4,1.0,17.5,97.5,29.5,13.0,39.5,22.0,0.6,0.0,20.0,95.0,30.0,13.0,40.0,22.0,0.6
1900,10,22810,172.9,2.5,29.24,29.6,29.9,29.58,4.0,0.4,20.0,0.8,29.08,29.75,31.57,30.3,4.0,1.88,20.0,0.8,20.83,21.36,22.52,21.66,4.0,1.28,20.0,0.8,76.8,81.3,82.9,79.9,4.0,4.1,20.0,0.8,3.55,4.6,4.6,4.1,4.0,1.0,20.0,0.8,-4.53,-4.53,-3.44,-4.01,4.0,1.04,20.0,0.8,-0.8,0.0,0.85,0.02,4.0,0.95,20.0,0.8,1008.12,1009.1,1009.5,1008.83,4.0,0.9,20.0,0.8,,,,,,,,,,,,,,,,,,,,,,,,,,,,,,,,,-1.67,-0.15,0.16,-0.72,4.0,1.54,20.0,0.8,-4.5,-0.7,0.7,-1.8,4.0,4.2,20.0,0.8,3.76,4.61,5.06,4.42,4.0,0.86,20.0,0.8,13.9,21.2,23.3,18.7,4.0,7.0,20.0,0.8,-134.8,-131.8,-104.1,-120.0,4.0,26.4,20.0,0.8,-23.3,0.5,26.8,1.7,4.0,28.9,20.0,0.8,-96.8,-94.4,-74.1,-85.9,4.0,19.1,20.0,0.8,-16.8,0.3,19.0,1.1,4.0,20.7,20.0,0.8,-22.9,-20.9,-13.5,-18.3,4.0,7.1,20.0,0.8,-3.7,-0.3,3.6,-0.1,4.0,4.2,20.0,0.8,55.5,97.5,97.5,77.5,4.0,40.0,20.0,0.8,55.0,95.0,95.0,75.0,4.0,40.0,20.0,0.8
1900,10,22810,172.9,2.6,,,,,,,,,,,,,,,,,,,,,,,,,,,,,,,,,,,,,,,,,,,,,,,,,,,,,,,,,,,,,,,,,3.3,4.0,4.0,3.7,3.0,0.6,20.0,1.0,76.8,81.3,82.9,79.9,4.0,4.1,20.0,0.8,-20.8,-20.8,-13.2,-17.2,4.0,7.2,20.0,0.8,-3.7,-0.7,3.0,-0.3,4.0,3.9,20.0,0.8,,,,,,,,,,,,,,,,,,,,,,,,,,,,,,,,,,,,,,,,,,,,,,,,,,,,,,,,,,,,,,,,,,,,,,,,,,,,,,,,,,,,,,,,,,,,,,,,
1900,10,22810,174.1,2.5,29.46,29.5,29.68,29.58,5.0,0.24,20.0,0.4,28.71,29.1,30.91,29.76,5.0,1.66,20.0,0.4,20.24,21.18,22.41,21.38,5.0,1.4,20.0,0.4,76.5,80.1,87.8,81.8,5.0,8.2,20.0,0.4,3.87,4.6,4.6,4.2,5.0,0.89,20.0,0.4,-4.56,-4.53,-3.68,-4.11,5.0,0.87,20.0,0.4,0.29,0.8,1.08,0.72,5.0,0.58,20.0,0.4,1009.1,1010.2,1010.64,1009.88,5.0,0.95,20.0,0.4,2.0,2.0,3.0,2.4,5.0,0.5,20.0,0.4,76.5,80.1,87.8,81.8,5.0,8.2,20.0,0.4,-21.0,-20.8,-15.1,-17.9,5.0,6.3,20.0,0.4,0.7,3.7,5.0,3.2,5.0,2.8,20.0,0.4,-1.29,0.4,0.79,-0.18,5.0,1.46,20.0,0.4,-6.0,1.3,3.4,-1.0,5.0,6.6,20.0,0.4,3.76,5.0,5.7,4.68,5.0,1.4,20.0,0.4,13.6,21.1,24.0,19.2,5.0,6.1,20.0,0.4,-138.7,-129.7,-108.2,-122.6,5.0,28.1,20.0,0.4,8.3,22.5,33.7,21.8,5.0,17.4,20.0,0.4,-102.1,-92.1,-76.9,-88.4,5.0,21.8,20.0,0.4,5.8,16.2,23.2,15.2,5.0,12.3,20.0,0.4,-23.7,-19.8,-13.4,-18.7,5.0,5.9,20.0,0.4,1.7,4.0,5.5,3.7,5.0,2.6,20.0,0.4,68.0,97.5,97.5,81.5,5.0,35.5,20.0,0.4,70.0,95.0,95.0,80.0,5.0,35.0,20.0,0.4
1900,10,22810,174.3,44.8,,,,,,,,,,,,,,,,,,,,,,,,,,,,,,,,,4.6,4.6,4.6,4.6,1.0,0.0,14.0,1.0,0.0,0.0,0.0,0.0,1.0,0.0,14.0,1.0,-4.6,-4.6,-4.6,-4.6,1.0,0.0,14.0,1.0,1027.1,1027.1,1027.1,1027.1,1.0,0.0,14.0,1.0,,,,,,,,,,,,,,,,,,,,,,,,,,,,,,,,,,,,,,,,,,,,,,,,,,,,,,,,,,,,,,,,,,,,,,,,,,,,,,,,,,,,,,,,,,,,,,,,,,,,,,,,,,,,,,,,,,,,,,,,,,,,,,,,
1900,10,22810,176.3,42.3,,,,,,,,,,,,,,,,,,,,,,,,,,,,,,,,,15.4,15.4,15.4,15.4,1.0,0.0,18.0,1.0,10.89,10.89,10.89,10.89,1.0,0.0,18.0,1.0,10.89,10.89,10.89,10.89,1.0,0.0,18.0,1.0,1010.7,1010.7,1010.7,1010.7,1.0,0.0,18.0,1.0,,,,,,,,,,,,,,,,,,,,,,,,,,,,,,,,,,,,,,,,,,,,,,,,,,,,,,,,,,,,,,,,,,,,,,,,,,,,,,,,,,,,,,,,,,,,,,,,,,,,,,,,,,,,,,,,,,,,,,,,,,,,,,,,
1900,10,22810,176.3,44.8,,,,,,,,,,,,,,,,,,,,,,,,,,,,,,,,,2.6,2.6,2.6,2.6,1.0,0.0,14.0,1.0,-1.84,-1.84,-1.84,-1.84,1.0,0.0,14.0,1.0,1.84,1.84,1.84,1.84,1.0,0.0,14.0,1.0,1032.3,1032.3,1032.3,1032.3,1.0,0.0,14.0,1.0,,,,,,,,,,,,,,,,,,,,,,,,,,,,,,,,,,,,,,,,,,,,,,,,,,,,,,,,,,,,,,,,,,,,,,,,,,,,,,,,,,,,,,,,,,,,,,,,,,,,,,,,,,,,,,,,,,,,,,,,,,,,,,,,
1900,10,22810,176.6,-49.4,,,,,,,,,,,,,,,,,,,,,,,,,,,,,,,,,7.53,9.3,13.46,10.47,3.0,4.47,4.0,1.0,7.19,9.3,12.7,9.93,3.0,4.07,4.0,1.0,0.8,2.51,4.73,2.76,3.0,2.89,4.0,1.0,999.5,999.5,999.5,999.5,1.0,0.0,4.0,1.0,,,,,,,,,,,,,,,,,,,,,,,,,,,,,,,,,,,,,,,,,,,,,,,,,,,,,,,,,,,,,,,,,,,,,,,,,,,,,,,,,,,,,,,,,,,,,,,,,,,,,,,,,,,,,,,,,,,,,,,,,,,,,,,,
